group	fill	colour
1	#D9B0AB	#FDFDFD
2	#EED9D7	#FEFEFE
3	#D9B0AB	#FDFDFD
4	#EED9D7	#FEFEFE
5	#FAF9FC	#FFFFFF
6	#F1E0DD	#FEFEFE
7	#D3A59F	#FCFCFC
8	#DFBBB7	#FCFCFC
9	#EFDCDA	#FEFEFE
10	#F9F1F0	#FFFFFF
11	#D9AFAA	#FDFDFD
12	#BE8079	#FAFAFA
13	#DBB3AD	#FCFCFC
14	#FBF6F6	#FFFFFF
15	#EBD2CF	#FDFDFD
16	#FAF4F3	#FFFFFF
17	#F2F1F8	#FFFFFF
18	#F9F8FC	#FFFFFF
19	#F2E3E1	#FEFEFE
20	#F2F0F8	#FFFFFF
21	#EAE7F4	#FEFEFE
22	#EED9D7	#FDFDFD
23	#F8EEED	#FEFEFE
24	#F1EFF8	#FEFEFE
25	#E9CECA	#FEFEFE
26	#F9F1F0	#FFFFFF
27	#FCF8F7	#FFFFFF
28	#EDD6D3	#FEFEFE
29	#FBF6F5	#FFFFFF
30	#F6EAE8	#FEFEFE
31	#F6EBE9	#FEFEFE
32	#E6E3F2	#FEFEFE
33	#F6F5FA	#FFFFFF
34	#DED9ED	#FDFDFD
35	#E8CCC8	#FDFDFD
36	#FAF9FC	#FFFFFF
37	#E5C6C2	#FCFCFC
38	#F2F0F8	#FEFEFE
39	#F6EAE8	#FEFEFE
40	#DFBBB7	#FCFCFC
41	#F1DFDD	#FEFEFE
42	#E9E6F3	#FEFEFE
43	#FCF9F8	#FFFFFF
44	#EDD6D3	#FEFEFE
45	#F5F3FA	#FFFFFF
46	#CF9D97	#FCFCFC
47	#CC9791	#FCFCFC
48	#E4C4C0	#FDFDFD
49	#E9CECB	#FEFEFE
50	#FBFAFD	#FFFFFF
52	#C48A83	#FBFBFB
53	#CF9D97	#FCFCFC
54	#E6C8C5	#FDFDFD
55	#E8CDCA	#FEFEFE
56	#F8EEED	#FFFFFF
57	#D9B0AB	#FDFDFD
58	#D4A5A0	#FCFCFC
59	#E9CECB	#FEFEFE
60	#CC9790	#FCFCFC
61	#E6C9C5	#FDFDFD
62	#EDD6D3	#FEFEFE
63	#EED9D6	#FEFEFE
64	#ECD5D2	#FEFEFE
65	#F5E7E5	#FEFEFE
66	#F7EDEC	#FEFEFE
67	#EFEDF6	#FEFEFE
68	#F7EDEB	#FFFFFF
69	#CC9791	#FCFCFC
70	#D9B0AB	#FDFDFD
71	#F9F1F0	#FFFFFF
72	#EFEDF6	#FEFEFE
73	#FCF8F8	#FFFFFF
74	#F7EDEC	#FEFEFE
75	#E9CECA	#FDFDFD
76	#FFFEFE	#FFFFFF
77	#EEDAD7	#FDFDFD
78	#E2DDEF	#FDFDFD
79	#E5E2F1	#FEFEFE
80	#FFFEFE	#FFFFFF
81	#FBF6F5	#FFFFFF
82	#F0EEF7	#FEFEFE
83	#F1E1DE	#FEFEFE
84	#DEDAED	#FDFDFD
85	#FAF3F2	#FFFFFF
86	#E6C8C4	#FDFDFD
87	#EBD3D0	#FDFDFD
88	#E4C4C0	#FDFDFD
89	#EBD3D0	#FDFDFD
90	#F3E4E2	#FEFEFE
91	#EDD6D3	#FEFEFE
92	#F0DEDB	#FEFEFE
93	#FBF6F5	#FFFFFF
94	#FDFDFE	#FFFFFF
95	#F5F3FA	#FFFFFF
97	#E9CECA	#FEFEFE
98	#F7ECEB	#FFFFFF
99	#FBF6F5	#FFFFFF
100	#D4A59F	#FCFCFC
101	#D9B0AB	#FDFDFD
102	#D9B0AB	#FDFDFD
103	#EBD2CF	#FDFDFD
104	#CF9D97	#FCFCFC
105	#E0BCB7	#FCFCFC
106	#E9CECA	#FEFEFE
107	#D4CFE8	#FEFEFE
108	#EBD4D0	#FEFEFE
109	#E0BEB9	#FDFDFD
110	#E2C1BC	#FDFDFD
111	#EBD4D0	#FEFEFE
112	#D4CFE8	#FEFEFE
113	#E3C3BF	#FDFDFD
114	#E9CECA	#FEFEFE
115	#FEFDFD	#FFFFFF
116	#E5E1F1	#FEFEFE
117	#FBF6F6	#FFFFFF
118	#F9F1F0	#FFFFFF
119	#F9F2F1	#FFFFFF
120	#F4E6E4	#FEFEFE
121	#F1DFDC	#FEFEFE
122	#F9F1F0	#FFFFFF
123	#F2E2E0	#FEFEFE
124	#FBFAFD	#FFFFFF
125	#F2F0F8	#FEFEFE
126	#EBD2CF	#FDFDFD
127	#F6F5FA	#FFFFFF
128	#F9F2F1	#FFFFFF
129	#F6EAE9	#FEFEFE
130	#E9CECB	#FEFEFE
131	#F4E6E4	#FEFEFE
132	#EEEBF6	#FEFEFE
133	#EFEDF7	#FFFFFF
134	#F3F1F8	#FFFFFF
135	#F8EEED	#FEFEFE
136	#FFFFFF	#FFFFFF
137	#FBFBFD	#FFFFFF
138	#ECD6D3	#FEFEFE
139	#DBB3AE	#FCFCFC
140	#F5E9E7	#FEFEFE
141	#DFBCB7	#FCFCFC
142	#FBF6F6	#FFFFFF
143	#EED9D6	#FEFEFE
144	#EED9D6	#FEFEFE
145	#FDFCFE	#FFFFFF
146	#F8F7FB	#FFFFFF
147	#ECD5D2	#FEFEFE
148	#FBF6F5	#FFFFFF
149	#F8EEED	#FFFFFF
150	#E3C2BE	#FDFDFD
151	#E1BEB9	#FDFDFD
153	#D9B0AB	#FDFDFD
154	#D4A59F	#FCFCFC
155	#FBF6F5	#FFFFFF
156	#E0BDB9	#FDFDFD
157	#FFFFFF	#FFFFFF
158	#F9F8FC	#FFFFFF
159	#FBFAFD	#FFFFFF
160	#E0BCB7	#FCFCFC
161	#E4E1F1	#FEFEFE
162	#F1E0DE	#FEFEFE
163	#E4E0F0	#FEFEFE
164	#FBFBFD	#FFFFFF
165	#ECD5D2	#FEFEFE
166	#FBF6F5	#FFFFFF
167	#E6E3F2	#FEFEFE
168	#FBF6F6	#FFFFFF
169	#E2DEEF	#FDFDFD
170	#DCB6B1	#FCFCFC
171	#F7ECEB	#FFFFFF
172	#EBD2CF	#FDFDFD
173	#FAF4F3	#FFFFFF
174	#FDFAFA	#FFFFFF
175	#F1DFDD	#FEFEFE
176	#D9B0AB	#FDFDFD
177	#F9F2F1	#FFFFFF
178	#F8EFED	#FEFEFE
179	#DDB7B3	#FCFCFC
180	#CF9E97	#FCFCFC
181	#FEFDFD	#FFFFFF
182	#F8EEED	#FFFFFF
183	#FAF4F3	#FFFFFF
184	#EAD2CE	#FDFDFD
185	#F6EAE8	#FEFEFE
186	#FDFBFB	#FFFFFF
187	#F0DDDA	#FEFEFE
188	#F6F5FA	#FFFFFF
189	#F6EBE9	#FEFEFE
190	#FAF9FC	#FFFFFF
191	#EBE9F4	#FEFEFE
192	#EEECF6	#FFFFFF
193	#C3BBDE	#FDFDFD
194	#EEEBF6	#FFFFFF
195	#FDFAFA	#FFFFFF
196	#DDD8EC	#FDFDFD
198	#FAF9FC	#FFFFFF
199	#E9CECB	#FEFEFE
200	#F2E1DF	#FEFEFE
201	#C9928B	#FBFBFB
202	#F1E0DD	#FEFEFE
203	#D9B0AA	#FDFDFD
204	#FCF8F7	#FFFFFF
205	#FBF6F5	#FFFFFF
206	#F2F0F8	#FFFFFF
207	#F4E5E3	#FEFEFE
208	#E3DFF0	#FEFEFE
209	#E8CDC9	#FEFEFE
210	#DDD8ED	#FEFEFE
211	#E6C9C5	#FDFDFD
212	#D4CEE7	#FDFDFD
213	#F7EDEC	#FEFEFE
214	#F5F4FA	#FFFFFF
215	#FAF9FC	#FFFFFF
216	#F7F6FB	#FFFFFF
217	#FBFAFD	#FFFFFF
218	#F5F3FA	#FFFFFF
219	#FEFEFD	#FFFFFF
220	#FDFDFE	#FFFFFF
221	#CDC7E4	#FCFCFC
222	#F7EEEC	#FFFFFF
223	#EEECF6	#FEFEFE
224	#F6EAE9	#FEFEFE
225	#E6C8C4	#FDFDFD
226	#F4E6E4	#FEFEFE
227	#C9928B	#FBFBFB
228	#E2C0BC	#FDFDFD
229	#F1E0DE	#FEFEFE
230	#C9928B	#FBFBFB
231	#E6C9C5	#FDFDFD
232	#E9CECA	#FEFEFE
233	#FCF7F7	#FFFFFF
234	#F4E6E4	#FEFEFE
235	#FFFFFE	#FFFFFF
236	#F0EEF7	#FEFEFE
237	#F5F4FA	#FFFFFF
238	#D9AFAA	#FDFDFD
239	#EAE7F4	#FEFEFE
240	#FFFFFF	#FFFFFF
241	#DCD8EC	#FEFEFE
242	#F6F5FA	#FFFFFF
243	#F6F4FA	#FFFFFF
244	#EAE8F4	#FEFEFE
245	#DDD9ED	#FDFDFD
246	#FAF9FC	#FFFFFF
247	#E9E6F3	#FEFEFE
248	#F1E0DE	#FEFEFE
249	#C48A83	#FBFBFB
250	#E6C8C5	#FDFDFD
251	#CB9690	#FCFCFC
252	#F8F7FB	#FFFFFF
254	#F1E0DE	#FEFEFE
255	#F1DFDC	#FEFEFE
256	#E6C8C4	#FDFDFD
257	#EAD0CC	#FDFDFD
258	#ECD6D3	#FEFEFE
259	#EDD7D4	#FEFEFE
260	#F7EDEB	#FFFFFF
261	#ECD5D2	#FEFEFE
262	#E4C4C0	#FDFDFD
263	#F6F4FA	#FFFFFF
264	#FBFAFD	#FFFFFF
265	#F3E4E2	#FEFEFE
266	#E2C0BC	#FDFDFD
267	#F9F2F1	#FFFFFF
268	#CDC6E4	#FCFCFC
269	#F2F0F8	#FEFEFE
270	#EEECF6	#FEFEFE
271	#F3E5E3	#FEFEFE
272	#F9F0EF	#FFFFFF
273	#EED9D6	#FEFEFE
274	#E5E1F1	#FEFEFE
275	#F7ECEA	#FFFFFF
276	#FBF6F6	#FFFFFF
277	#F1E0DE	#FEFEFE
278	#F5E7E5	#FEFEFE
279	#FBF7F6	#FFFFFF
280	#EFDCD9	#FEFEFE
281	#FEFCFC	#FFFFFF
282	#E9CECA	#FEFEFE
283	#EBE8F4	#FEFEFE
284	#FAF5F4	#FFFFFF
285	#FBF6F5	#FFFFFF
286	#D8D3EA	#FDFDFD
287	#D9D4EA	#FCFCFC
288	#EBD4D0	#FEFEFE
289	#EBE9F4	#FEFEFE
290	#EBE8F4	#FEFEFE
291	#FDFDFE	#FFFFFF
292	#BAB2DA	#F9F9F9
293	#ECE9F5	#FEFEFE
294	#D4CEE8	#FDFDFD
295	#FEFDFC	#FFFFFF
296	#F2E1DE	#FEFEFE
297	#DDD9ED	#FDFDFD
299	#F1DFDD	#FEFEFE
300	#E6C8C4	#FDFDFD
301	#C8918A	#FBFBFB
302	#E8CDCA	#FDFDFD
303	#FFFFFF	#FFFFFF
304	#D3A59F	#FCFCFC
305	#E6C8C4	#FDFDFD
306	#F8EEED	#FFFFFF
307	#CC9791	#FCFCFC
308	#F1E0DE	#FEFEFE
309	#E4E0F0	#FEFEFE
310	#EFECF6	#FEFEFE
311	#FEFCFC	#FFFFFF
312	#F6F5FA	#FFFFFF
313	#DCD8EC	#FEFEFE
314	#F9F9FC	#FFFFFF
315	#FBFBFD	#FFFFFF
316	#EDEBF5	#FEFEFE
317	#F1E0DD	#FEFEFE
318	#FDFBFB	#FFFFFF
319	#EFECF6	#FEFEFE
320	#E5E2F1	#FEFEFE
321	#EEDAD7	#FEFEFE
322	#F1E0DE	#FEFEFE
323	#E5E1F1	#FEFEFE
324	#FFFEFE	#FFFFFF
325	#FEFDFD	#FFFFFF
326	#F9F8FC	#FFFFFF
327	#FFFEFE	#FFFFFF
328	#E3C3BF	#FDFDFD
329	#FBF5F5	#FFFFFF
330	#F4E6E4	#FEFEFE
331	#FCFBFD	#FFFFFF
332	#F2E2E0	#FEFEFE
333	#CF9D97	#FCFCFC
334	#EEDAD7	#FEFEFE
335	#FEFEFF	#FFFFFF
336	#FEFCFC	#FFFFFF
337	#F6EAE8	#FEFEFE
338	#F7EDEB	#FEFEFE
339	#E1BEBA	#FDFDFD
340	#F4E5E3	#FEFEFE
341	#FDFBFB	#FFFFFF
342	#E3E0F0	#FEFEFE
343	#EFECF6	#FEFEFE
344	#D4CEE8	#FDFDFD
345	#DCD7EC	#FEFEFE
346	#EAE7F4	#FEFEFE
347	#F7ECEB	#FFFFFF
348	#ECE9F4	#FEFEFE
349	#FAF9FC	#FFFFFF
350	#D4A5A0	#FCFCFC
351	#D9B0AA	#FDFDFD
352	#DDB7B2	#FCFCFC
353	#EED9D6	#FEFEFE
355	#CC9791	#FCFCFC
356	#E6C8C4	#FDFDFD
357	#F6EAE9	#FEFEFE
358	#F5F4FA	#FFFFFF
359	#FAFAFD	#FFFFFF
360	#F1E0DD	#FEFEFE
361	#F4E6E4	#FEFEFE
362	#FBFBFD	#FFFFFF
363	#D3A59F	#FCFCFC
364	#D9B0AA	#FDFDFD
365	#FBF6F5	#FFFFFF
366	#DCD7EC	#FEFEFE
367	#E6C8C4	#FDFDFD
368	#DEDAED	#FEFEFE
369	#ECE9F5	#FEFEFE
370	#F6F4FA	#FFFFFF
371	#E1DDEF	#FDFDFD
372	#DCD7EC	#FEFEFE
373	#F9F8FC	#FFFFFF
374	#FBF6F6	#FFFFFF
375	#F7EDEC	#FFFFFF
376	#E2C0BC	#FDFDFD
377	#E4E0F0	#FEFEFE
378	#FFFEFE	#FFFFFF
379	#F1EFF8	#FEFEFE
380	#F6EAE8	#FEFEFE
381	#F9F1F0	#FFFFFF
382	#ECD5D2	#FEFEFE
383	#F7ECEB	#FFFFFF
384	#F6EAE9	#FEFEFE
385	#EFECF6	#FEFEFE
386	#F9F1F0	#FFFFFF
387	#F5F3F9	#FFFFFF
388	#EAE7F4	#FEFEFE
389	#E1BEB9	#FEFEFE
390	#F8F7FB	#FFFFFF
391	#EFEDF6	#FEFEFE
392	#F6EAE9	#FEFEFE
393	#E1DDEF	#FDFDFD
394	#FAF9FC	#FFFFFF
395	#FEFDFD	#FFFFFF
396	#ECD5D2	#FEFEFE
397	#F8EEEC	#FFFFFF
398	#E4E1F1	#FEFEFE
400	#F2E1DF	#FEFEFE
401	#F9F8FC	#FFFFFF
402	#F9F1F0	#FFFFFF
403	#F7ECEB	#FFFFFF
404	#EED9D6	#FEFEFE
405	#FBFAFD	#FFFFFF
406	#D09E98	#FCFCFC
407	#CF9D97	#FCFCFC
408	#FDFBFA	#FFFFFF
409	#FDFAF9	#FFFFFF
410	#FDFAFA	#FFFFFF
411	#D4CEE8	#FDFDFD
412	#D9AFAA	#FDFDFD
413	#F2E3E1	#FEFEFE
414	#DED9ED	#FDFDFD
415	#EEECF6	#FEFEFE
416	#FBF6F5	#FFFFFF
417	#E6C9C6	#FDFDFD
418	#C68E87	#FBFBFB
419	#F6EBE9	#FEFEFE
420	#FDFCFE	#FFFFFF
421	#E5E1F1	#FEFEFE
422	#F9F2F1	#FFFFFF
423	#F9F1EF	#FFFFFF
424	#EEECF6	#FFFFFF
425	#E9CECA	#FEFEFE
426	#F7EDEC	#FFFFFF
427	#F4E5E3	#FEFEFE
428	#FFFEFE	#FFFFFF
429	#FAFAFC	#FFFFFF
430	#CF9E97	#FCFCFC
431	#F3E5E3	#FEFEFE
432	#F6F4FA	#FFFFFF
433	#F7EDEB	#FFFFFF
434	#FFFFFF	#FFFFFF
435	#EFEDF6	#FEFEFE
436	#EDD6D3	#FEFEFE
437	#F9F1F0	#FEFEFE
438	#FCF7F7	#FFFFFF
439	#D3CDE7	#FCFCFC
440	#F2E1DF	#FEFEFE
441	#EFEDF7	#FEFEFE
442	#F8F8FB	#FFFFFF
443	#F2F1F8	#FEFEFE
444	#FFFEFE	#FFFFFF
445	#D0CAE5	#FCFCFC
446	#E5E1F1	#FEFEFE
447	#DFBBB6	#FCFCFC
448	#F7EDEB	#FFFFFF
449	#EAE7F3	#FEFEFE
450	#D4A5A0	#FCFCFC
451	#FAFAFC	#FFFFFF
452	#FBF6F5	#FFFFFF
453	#FFFFFF	#FFFFFF
454	#FBF6F5	#FFFFFF
456	#D4A5A0	#FCFCFC
457	#E8CDCA	#FEFEFE
458	#ECD4D1	#FDFDFD
459	#F6F5FA	#FFFFFF
460	#FBF6F6	#FFFFFF
461	#EFEDF6	#FEFEFE
462	#E6C8C4	#FDFDFD
463	#FAF9FC	#FFFFFF
464	#E6C9C5	#FDFDFD
465	#EDD7D4	#FEFEFE
466	#EDEAF5	#FEFEFE
467	#FBFAFD	#FFFFFF
468	#F1E0DE	#FEFEFE
469	#DEDAED	#FEFEFE
470	#F9F8FC	#FFFFFF
471	#F1EFF7	#FEFEFE
472	#FDFDFE	#FFFFFF
473	#D09E98	#FCFCFC
474	#FBFAFD	#FFFFFF
475	#E4E1F1	#FEFEFE
476	#E9CECA	#FEFEFE
477	#EEECF6	#FEFEFE
478	#F1DFDD	#FEFEFE
479	#E8E5F3	#FEFEFE
480	#FAF9FC	#FFFFFF
481	#FEFDFD	#FFFFFF
482	#F8EEED	#FFFFFF
483	#E4C4C0	#FDFDFD
484	#F1DFDD	#FEFEFE
485	#FBFBFD	#FFFFFF
486	#F8F7FB	#FFFFFF
487	#FEFDFD	#FFFFFF
488	#F6F5FA	#FFFFFF
489	#F5E7E6	#FEFEFE
490	#ECD4D1	#FDFDFD
491	#F8F7FB	#FFFFFF
492	#E7E4F2	#FEFEFE
493	#E1DDEF	#FDFDFD
494	#F4E6E4	#FEFEFE
495	#D2CCE7	#FBFBFB
496	#F9F2F1	#FFFFFF
497	#DCD8EC	#FDFDFD
498	#F6F5FA	#FFFFFF
499	#FBF6F5	#FFFFFF
501	#ECD6D3	#FEFEFE
502	#EED9D6	#FEFEFE
503	#F6EAE9	#FEFEFE
504	#C9928B	#FBFBFB
505	#F8EEED	#FFFFFF
506	#E2C1BC	#FDFDFD
507	#FAF9FC	#FFFFFF
508	#EFECF6	#FFFFFF
509	#EDEBF5	#FEFEFE
510	#F5E9E7	#FEFEFE
511	#FEFDFC	#FFFFFF
512	#EEECF6	#FFFFFF
513	#F6F5FA	#FFFFFF
514	#F3E4E2	#FEFEFE
515	#E8E4F2	#FEFEFE
516	#FCFCFD	#FFFFFF
517	#FFFFFF	#FFFFFF
518	#F6EBE9	#FEFEFE
519	#E1BEBA	#FEFEFE
520	#F2E1DF	#FEFEFE
521	#F6F5FA	#FFFFFF
522	#F6EAE8	#FEFEFE
523	#FCF8F7	#FFFFFF
524	#E4E1F1	#FEFEFE
525	#ECD5D2	#FEFEFE
526	#FEFDFD	#FFFFFF
527	#F2F0F8	#FFFFFF
528	#FAF9FC	#FFFFFF
529	#EEEBF6	#FFFFFF
530	#C48A83	#FBFBFB
531	#FBF6F6	#FFFFFF
532	#CF9D97	#FCFCFC
533	#FBF6F5	#FFFFFF
534	#FAF9FC	#FFFFFF
535	#EFECF6	#FEFEFE
536	#ECD6D3	#FEFEFE
537	#EED9D6	#FEFEFE
538	#FEFCFC	#FFFFFF
539	#FAF4F3	#FFFFFF
540	#FFFFFF	#FFFFFF
541	#F4E6E4	#FEFEFE
542	#EEECF6	#FEFEFE
543	#F3F1F8	#FFFFFF
544	#FCF7F6	#FFFFFF
545	#E2DEEF	#FDFDFD
546	#D0C9E5	#FBFBFB
547	#EFECF6	#FFFFFF
548	#E6E3F2	#FEFEFE
549	#C4BDDF	#FCFCFC
550	#FBFBFD	#FFFFFF
551	#ECD5D2	#FEFEFE
552	#EAD2CF	#FDFDFD
553	#FEFCFB	#FFFFFF
554	#F1DFDD	#FEFEFE
555	#EFECF6	#FEFEFE
557	#F4E5E3	#FEFEFE
558	#CB9690	#FCFCFC
559	#F0EEF7	#FFFFFF
560	#FCF7F7	#FFFFFF
561	#F1E0DE	#FEFEFE
562	#F1E0DD	#FEFEFE
563	#FCF7F6	#FFFFFF
564	#F1E0DD	#FEFEFE
565	#BC7C75	#FAFAFA
566	#FBFBFD	#FFFFFF
567	#F1E0DE	#FEFEFE
568	#F4E5E3	#FEFEFE
569	#E4C4C0	#FDFDFD
570	#F7ECEB	#FEFEFE
571	#FDFBFA	#FFFFFF
572	#D7D2E9	#FDFDFD
573	#FBF6F6	#FFFFFF
574	#F6F4FA	#FFFFFF
575	#DDD8EC	#FEFEFE
576	#D4A6A0	#FCFCFC
577	#C38780	#FAFAFA
578	#EFEDF6	#FEFEFE
579	#F4E5E3	#FEFEFE
580	#DFBCB7	#FCFCFC
581	#E8CDCA	#FEFEFE
582	#F2E3E0	#FEFEFE
583	#FBFAFD	#FFFFFF
584	#FBF6F6	#FFFFFF
585	#D4CEE7	#FDFDFD
586	#F7ECEB	#FFFFFF
587	#EDD6D3	#FEFEFE
588	#F5E8E6	#FEFEFE
589	#E7CBC7	#FDFDFD
590	#E8E4F2	#FEFEFE
591	#D3A59F	#FCFCFC
592	#FDFBFB	#FFFFFF
593	#E6C9C6	#FDFDFD
594	#D7D2E9	#FDFDFD
595	#F6F5FA	#FFFFFF
596	#F6EAE8	#FEFEFE
597	#F9F8FC	#FFFFFF
598	#EFECF6	#FEFEFE
599	#CDC7E4	#FCFCFC
600	#E8E5F3	#FEFEFE
602	#FBF6F6	#FFFFFF
603	#FCF8F7	#FFFFFF
604	#CC9791	#FCFCFC
605	#F5E9E8	#FEFEFE
606	#FAF9FC	#FFFFFF
607	#FBFAFD	#FFFFFF
608	#E8E5F3	#FEFEFE
609	#EBD4D0	#FEFEFE
610	#FBF6F5	#FFFFFF
611	#F1E0DD	#FEFEFE
612	#CF9D97	#FCFCFC
613	#E0BEB9	#FDFDFD
614	#F6EBEA	#FEFEFE
615	#FAF9FC	#FFFFFF
616	#F7F5FA	#FFFFFF
617	#F4E6E4	#FEFEFE
618	#F9F1F0	#FFFFFF
619	#F3E4E2	#FEFEFE
620	#CF9E97	#FCFCFC
621	#FAF9FC	#FFFFFF
622	#F7EDEC	#FFFFFF
623	#E6C8C4	#FDFDFD
624	#DED9ED	#FDFDFD
625	#F9F8FC	#FFFFFF
626	#D9B0AB	#FDFDFD
627	#F6F4FA	#FFFFFF
628	#EFECF6	#FEFEFE
629	#FFFFFF	#FFFFFF
630	#EAD2CE	#FDFDFD
631	#F8EEED	#FFFFFF
632	#FAFAFC	#FFFFFF
633	#EDEAF5	#FEFEFE
634	#ECD6D3	#FEFEFE
635	#F1E0DE	#FEFEFE
636	#FBFAFD	#FFFFFF
637	#DDD8EC	#FEFEFE
638	#E5E1F1	#FEFEFE
639	#D4CEE7	#FDFDFD
640	#F9F9FC	#FFFFFF
641	#FDFBFB	#FFFFFF
642	#C68D87	#FBFBFB
643	#E3DFF0	#FEFEFE
644	#F8EFED	#FEFEFE
645	#F1E0DE	#FEFEFE
646	#FFFFFF	#FFFFFF
647	#ECD6D3	#FEFEFE
648	#FBFBFD	#FFFFFF
649	#E3E0F0	#FEFEFE
650	#DDD9ED	#FEFEFE
651	#CEC7E4	#FDFDFD
652	#D9B0AB	#FBFBFB
653	#FCF7F7	#FFFFFF
654	#F6F5FA	#FFFFFF
655	#EEECF6	#FFFFFF
656	#F2F0F8	#FFFFFF
658	#D4A5A0	#FCFCFC
659	#F8EEED	#FFFFFF
660	#FBF6F5	#FFFFFF
661	#F1DFDD	#FEFEFE
662	#E4C4C0	#FDFDFD
663	#E7E3F2	#FEFEFE
664	#EDEAF5	#FEFEFE
665	#E4E0F0	#FEFEFE
666	#E4E0F0	#FEFEFE
667	#F7ECEA	#FFFFFF
668	#F7ECEB	#FFFFFF
669	#F7EDEB	#FFFFFF
670	#E1BEB9	#FDFDFD
671	#FDFAFA	#FFFFFF
672	#FAFAFC	#FFFFFF
673	#F7EDEC	#FFFFFF
674	#F7ECEB	#FEFEFE
675	#EEECF6	#FFFFFF
676	#E9CECA	#FEFEFE
677	#F9F1F0	#FFFFFF
678	#F9F1F0	#FFFFFF
679	#F9F2F0	#FFFFFF
680	#F5F3F9	#FFFFFF
681	#E4E0F0	#FEFEFE
682	#E4E1F0	#FEFEFE
683	#F2F0F8	#FFFFFF
684	#E2C0BC	#FDFDFD
685	#E4E0F0	#FEFEFE
686	#FDFBFB	#FFFFFF
687	#FDFCFE	#FFFFFF
688	#F9F1F0	#FFFFFF
689	#FBF6F5	#FFFFFF
690	#F6F4FA	#FFFFFF
691	#FBFBFD	#FFFFFF
692	#E9CECA	#FEFEFE
693	#E1DDEF	#FDFDFD
694	#FDFBFB	#FFFFFF
695	#EFECF6	#FEFEFE
696	#FBF6F5	#FFFFFF
697	#F6F5FA	#FFFFFF
698	#FFFFFF	#FFFFFF
699	#CDC7E4	#FCFCFC
700	#F2F0F8	#FFFFFF
701	#D4CEE8	#FDFDFD
703	#F6EAE9	#FEFEFE
704	#DFBBB6	#FCFCFC
705	#ECD4D1	#FDFDFD
706	#EAE7F4	#FEFEFE
707	#E9CECB	#FEFEFE
708	#E1BEBA	#FEFEFE
709	#F8EEED	#FFFFFF
710	#EED9D7	#FEFEFE
711	#F2E1DF	#FEFEFE
712	#E6C8C4	#FDFDFD
713	#F1E0DE	#FEFEFE
714	#F5E7E6	#FEFEFE
715	#FBF6F5	#FFFFFF
716	#FBFBFD	#FFFFFF
717	#EFEDF6	#FEFEFE
718	#EFDBD9	#FEFEFE
719	#F9F8FC	#FFFFFF
720	#E1BEBA	#FDFDFD
721	#ECD5D2	#FEFEFE
722	#F8EEED	#FEFEFE
723	#F6F5FA	#FFFFFF
724	#F8F8FB	#FFFFFF
725	#F6F4FA	#FFFFFF
726	#FBF7F6	#FFFFFF
727	#E9CECB	#FEFEFE
728	#ECD4D1	#FDFDFD
729	#F1DFDD	#FEFEFE
730	#CC9791	#FCFCFC
731	#E8E5F3	#FEFEFE
732	#E4C4C0	#FDFDFD
733	#B7AED8	#FDFDFD
734	#F6F5FA	#FFFFFF
735	#DBD7EC	#FEFEFE
736	#E5E2F1	#FEFEFE
737	#F2F0F8	#FFFFFF
738	#FEFDFD	#FFFFFF
739	#F8EEED	#FEFEFE
740	#F7EEEC	#FFFFFF
741	#DEDAED	#FDFDFD
742	#F6F4FA	#FFFFFF
743	#CF9E97	#FCFCFC
744	#EEECF6	#FEFEFE
745	#F2E2E0	#FEFEFE
746	#F6EAE9	#FEFEFE
747	#FAF9FC	#FFFFFF
748	#E7E4F2	#FEFEFE
749	#FAF9FC	#FFFFFF
750	#CFC9E5	#FBFBFB
751	#D7D2E9	#FDFDFD
752	#E6E2F1	#FEFEFE
753	#F2E2E0	#FEFEFE
754	#FFFEFE	#FFFFFF
755	#C68E87	#FBFBFB
756	#FBFAFD	#FFFFFF
757	#ECD6D3	#FEFEFE
759	#FBF5F4	#FFFFFF
760	#F7EDEC	#FEFEFE
761	#FBF6F5	#FFFFFF
762	#F0DCDA	#FEFEFE
763	#F6EAE8	#FEFEFE
764	#FBF6F6	#FFFFFF
765	#F7EDEC	#FFFFFF
766	#F4E5E3	#FEFEFE
767	#FBF6F6	#FFFFFF
768	#F7F6FB	#FFFFFF
769	#FBFAFD	#FFFFFF
770	#F0EEF7	#FEFEFE
771	#F9F8FC	#FFFFFF
772	#FBFBFD	#FFFFFF
773	#F9F1F0	#FFFFFF
774	#FFFFFF	#FFFFFF
775	#EEECF6	#FEFEFE
776	#FBFAFD	#FFFFFF
777	#DED9ED	#FEFEFE
778	#DDD8ED	#FEFEFE
779	#F9F2F1	#FFFFFF
780	#F9F1F0	#FFFFFF
781	#FBF6F5	#FFFFFF
782	#F8EEED	#FFFFFF
783	#FDFAF9	#FFFFFF
784	#FBFBFD	#FFFFFF
785	#D9D4EB	#FCFCFC
786	#EFEDF6	#FFFFFF
787	#EEECF6	#FFFFFF
788	#EED9D7	#FDFDFD
789	#F0DEDC	#FEFEFE
790	#F9F1F0	#FFFFFF
791	#EAE8F4	#FEFEFE
792	#F4E5E3	#FEFEFE
793	#F4E5E3	#FEFEFE
794	#CC9791	#FCFCFC
795	#EAE8F4	#FEFEFE
796	#FAFAFC	#FFFFFF
797	#F8F7FB	#FFFFFF
798	#FCFCFD	#FFFFFF
799	#FFFFFF	#FFFFFF
800	#DDD9ED	#FEFEFE
801	#ECEAF5	#FEFEFE
802	#D0CAE6	#FCFCFC
804	#FBF6F6	#FFFFFF
805	#F6F4FA	#FFFFFF
806	#F6E9E8	#FEFEFE
807	#EFDCDA	#FEFEFE
808	#F6F5FA	#FFFFFF
809	#EEECF6	#FFFFFF
810	#F7EDEC	#FFFFFF
811	#F8EEED	#FFFFFF
812	#F7EDEB	#FFFFFF
813	#F5F4FA	#FFFFFF
814	#F7EEEC	#FEFEFE
815	#F9F8FC	#FFFFFF
816	#DCD8EC	#FEFEFE
817	#DDD9ED	#FDFDFD
818	#F6F4FA	#FFFFFF
819	#F7F5FA	#FFFFFF
820	#F9F8FC	#FFFFFF
821	#F6EAE8	#FEFEFE
822	#F1E0DE	#FEFEFE
823	#FBF5F5	#FFFFFF
824	#D4CFE8	#FEFEFE
825	#FAF4F3	#FFFFFF
826	#FCF7F6	#FFFFFF
827	#FBF6F6	#FFFFFF
828	#F3E4E2	#FEFEFE
829	#E2C0BC	#FDFDFD
830	#F0DDDB	#FEFEFE
831	#F1E0DD	#FEFEFE
832	#DCD7EC	#FEFEFE
833	#FBF6F5	#FFFFFF
834	#FBF6F5	#FFFFFF
835	#D9B0AB	#FDFDFD
836	#F1E0DE	#FEFEFE
837	#D5CFE8	#FDFDFD
838	#FEFDFD	#FFFFFF
839	#E3C3BF	#FDFDFD
840	#FBFBFD	#FFFFFF
841	#EAE7F4	#FEFEFE
842	#F9F2F1	#FFFFFF
843	#DEDAED	#FEFEFE
844	#FBF5F4	#FFFFFF
845	#FAF9FC	#FFFFFF
846	#E4E0F0	#FEFEFE
847	#F9F1F0	#FFFFFF
848	#D8D3EA	#FDFDFD
849	#FCF8F7	#FFFFFF
850	#F8EEED	#FFFFFF
851	#FAF9FC	#FFFFFF
852	#BEB6DC	#FAFAFA
853	#FEFEFF	#FFFFFF
854	#ECD4D1	#FDFDFD
855	#EFDCDA	#FEFEFE
856	#EED9D6	#FEFEFE
857	#FEFCFC	#FFFFFF
858	#FBF6F6	#FFFFFF
860	#FEFDFD	#FFFFFF
861	#ECD5D2	#FEFEFE
862	#FBF6F5	#FFFFFF
863	#CC9791	#FCFCFC
864	#E4C4C0	#FDFDFD
865	#FEFDFC	#FFFFFF
866	#C3BBDE	#FDFDFD
867	#E9CECB	#FEFEFE
868	#BCB4DB	#FBFBFB
869	#F9F9FC	#FFFFFF
870	#EFEDF6	#FFFFFF
871	#E8E5F3	#FEFEFE
872	#CC9791	#FCFCFC
873	#FAFAFC	#FFFFFF
874	#F2F0F8	#FFFFFF
875	#F8EEED	#FFFFFF
876	#F8F6FB	#FFFFFF
877	#FFFEFE	#FFFFFF
878	#E9CECA	#FDFDFD
879	#FBF6F6	#FFFFFF
880	#D9AFAA	#FDFDFD
881	#F6F5FA	#FFFFFF
882	#F9F0EF	#FFFFFF
883	#F1E0DE	#FEFEFE
884	#F4E6E4	#FEFEFE
885	#FAF9FC	#FFFFFF
886	#FBF5F5	#FFFFFF
887	#AEA5D3	#FCFCFC
888	#F7ECEB	#FFFFFF
889	#E6C8C4	#FDFDFD
890	#FCF9F8	#FFFFFF
891	#F2F1F8	#FFFFFF
892	#E8CDCA	#FEFEFE
893	#FBF6F5	#FFFFFF
894	#F1E0DE	#FEFEFE
895	#FBF6F5	#FFFFFF
896	#FBFBFD	#FFFFFF
897	#F6F4FA	#FFFFFF
898	#F2E2E0	#FEFEFE
899	#D9D4EA	#FCFCFC
900	#E5E1F1	#FDFDFD
901	#E3DFF0	#FEFEFE
902	#E6C8C5	#FDFDFD
903	#F2F0F8	#FFFFFF
905	#F7EDEC	#FEFEFE
906	#F0DDDA	#FEFEFE
907	#FBFAFD	#FFFFFF
908	#ECD4D1	#FDFDFD
909	#F6EAE8	#FEFEFE
910	#D3A59F	#FCFCFC
911	#DCD8EC	#FEFEFE
912	#FCF7F7	#FFFFFF
913	#ECD5D2	#FEFEFE
914	#FDFBFB	#FFFFFF
915	#D4CEE8	#FEFEFE
916	#F9F8FC	#FFFFFF
917	#F6EAE8	#FEFEFE
918	#FBF6F5	#FFFFFF
919	#FAF5F4	#FFFFFF
920	#E4E0F0	#FEFEFE
921	#F8F7FB	#FFFFFF
922	#E1BEB9	#FDFDFD
923	#F8F7FB	#FFFFFF
924	#CF9E97	#FCFCFC
925	#F1E0DE	#FEFEFE
926	#EFDCDA	#FEFEFE
927	#E1BEBA	#FDFDFD
928	#EEECF6	#FEFEFE
929	#DBB3AE	#FCFCFC
930	#E6E2F1	#FEFEFE
931	#FCF8F8	#FFFFFF
932	#F7EDEC	#FFFFFF
933	#F6F5FA	#FFFFFF
934	#E6C8C5	#FDFDFD
935	#F1DFDD	#FEFEFE
936	#F7ECEB	#FFFFFF
937	#F1E0DE	#FEFEFE
938	#F6F5FA	#FFFFFF
939	#EDEBF5	#FEFEFE
940	#FFFFFF	#FFFFFF
941	#FCF8F7	#FFFFFF
942	#F9F9FC	#FFFFFF
943	#F9F1F0	#FFFFFF
944	#FBFBFD	#FFFFFF
945	#F9F9FC	#FFFFFF
946	#FCF9F8	#FFFFFF
947	#EDD6D3	#FEFEFE
948	#EEECF6	#FEFEFE
949	#DCD7EC	#FEFEFE
950	#F9F1F0	#FFFFFF
951	#DED9ED	#FDFDFD
952	#F6F4FA	#FFFFFF
953	#E6E2F1	#FEFEFE
954	#DCD7EC	#FCFCFC
955	#FBF6F6	#FFFFFF
956	#E1DDEF	#FDFDFD
957	#FCFBFD	#FFFFFF
958	#EFECF6	#FFFFFF
959	#ECD5D2	#FEFEFE
961	#D9B0AB	#FDFDFD
962	#FEFDFD	#FFFFFF
963	#EBD4D0	#FEFEFE
964	#E6C8C4	#FDFDFD
965	#F2E1DE	#FEFEFE
966	#E8E5F3	#FEFEFE
967	#FDFAFA	#FFFFFF
968	#C9928B	#FBFBFB
969	#F9F2F1	#FFFFFF
970	#F2F0F8	#FFFFFF
971	#F2F0F8	#FEFEFE
972	#E6E2F1	#FEFEFE
973	#DEB9B4	#FCFCFC
974	#EAE7F3	#FEFEFE
975	#CF9D97	#FCFCFC
976	#F5F4FA	#FFFFFF
977	#EFDCD9	#FEFEFE
978	#F4E6E4	#FEFEFE
979	#E2C0BC	#FDFDFD
980	#F8EEED	#FFFFFF
981	#EFECF6	#FEFEFE
982	#E6C8C4	#FDFDFD
983	#F4E6E4	#FEFEFE
984	#F0DDDA	#FEFEFE
985	#D1CAE6	#FCFCFC
986	#EBE8F4	#FEFEFE
987	#EDEAF5	#FEFEFE
988	#FDFBFB	#FFFFFF
989	#A096CB	#FBFBFB
990	#EAE7F4	#FEFEFE
991	#FAFAFC	#FFFFFF
992	#F6F4FA	#FFFFFF
993	#FEFDFD	#FFFFFF
994	#ECD5D2	#FEFEFE
995	#C1847D	#FAFAFA
996	#FBFAFD	#FFFFFF
997	#F7ECEB	#FFFFFF
998	#EAD1CE	#FDFDFD
999	#F1EFF8	#FEFEFE
1000	#FBF7F6	#FFFFFF
1001	#F6EAE8	#FEFEFE
1002	#B7AFD8	#FAFAFA
1003	#F7EDEB	#FEFEFE
1004	#FCF7F7	#FFFFFF
1006	#F7EDEC	#FEFEFE
1007	#E6C9C5	#FDFDFD
1008	#E9CECB	#FEFEFE
1009	#FBFAFD	#FFFFFF
1010	#EDEBF5	#FEFEFE
1011	#D9B0AA	#FDFDFD
1012	#FBF5F5	#FFFFFF
1013	#F6EAE9	#FEFEFE
1014	#EAD1CE	#FDFDFD
1015	#E4C4C0	#FDFDFD
1016	#EFDCD9	#FEFEFE
1017	#FBF6F5	#FFFFFF
1018	#F6F4FA	#FFFFFF
1019	#F4E5E4	#FEFEFE
1020	#F2F0F8	#FFFFFF
1021	#F3F2F9	#FEFEFE
1022	#F6F4FA	#FFFFFF
1023	#F6F4FA	#FFFFFF
1024	#DEB9B4	#FCFCFC
1025	#E6C8C5	#FDFDFD
1026	#ECD5D2	#FEFEFE
1027	#F7ECEB	#FFFFFF
1028	#FBFBFD	#FFFFFF
1029	#FCF8F7	#FFFFFF
1030	#DCD7EC	#FEFEFE
1031	#F7ECEB	#FFFFFF
1032	#F0DDDB	#FEFEFE
1033	#F6F4FA	#FFFFFF
1034	#E8E5F3	#FEFEFE
1035	#E8CECA	#FEFEFE
1036	#E4E0F0	#FEFEFE
1037	#E4C4C0	#FDFDFD
1038	#E2C0BC	#FDFDFD
1039	#F9F8FC	#FFFFFF
1040	#E6C9C5	#FDFDFD
1041	#DEDAED	#FDFDFD
1042	#FCFBFD	#FFFFFF
1043	#F7EDEC	#FEFEFE
1044	#ECD5D2	#FEFEFE
1045	#F2F0F8	#FFFFFF
1046	#F1E0DE	#FEFEFE
1047	#FFFFFF	#FFFFFF
1048	#EBE9F4	#FEFEFE
1049	#DDD9ED	#FDFDFD
1050	#E6E2F1	#FEFEFE
1051	#F3E5E3	#FEFEFE
1052	#ECD4D1	#FDFDFD
1053	#F6E9E8	#FEFEFE
1054	#DDD9ED	#FDFDFD
1055	#DED9ED	#FDFDFD
1056	#EFECF6	#FEFEFE
1057	#F7F5FA	#FFFFFF
1058	#F4E5E3	#FEFEFE
1059	#FFFEFE	#FFFFFF
1060	#E2C0BB	#FDFDFD
1062	#DFBBB7	#FCFCFC
1063	#F9F9FC	#FFFFFF
1064	#FAF4F3	#FFFFFF
1065	#EAE7F3	#FEFEFE
1066	#E1BEBA	#FEFEFE
1067	#EFECF6	#FEFEFE
1068	#D4CEE8	#FDFDFD
1069	#EFECF6	#FEFEFE
1070	#EDEAF5	#FEFEFE
1071	#FDFBFB	#FFFFFF
1072	#FCF7F6	#FFFFFF
1073	#E6C8C4	#FDFDFD
1074	#FBF6F5	#FFFFFF
1075	#E6C8C4	#FDFDFD
1076	#E5E1F1	#FEFEFE
1077	#F4E5E4	#FEFEFE
1078	#F4E6E4	#FEFEFE
1079	#E3C3BF	#FDFDFD
1080	#FFFFFF	#FFFFFF
1081	#F1E0DD	#FEFEFE
1082	#EAE7F4	#FEFEFE
1083	#D3CEE7	#FDFDFD
1084	#FCFCFD	#FFFFFF
1085	#FEFCFB	#FFFFFF
1086	#E4E0F0	#FEFEFE
1087	#D8D3EA	#FDFDFD
1088	#DCD7EC	#FEFEFE
1089	#FFFFFF	#FFFFFF
1090	#F9F8FC	#FFFFFF
1091	#FCF9F9	#FFFFFF
1092	#F6EBEA	#FFFFFF
1093	#AFA5D3	#FCFCFC
1094	#FBF6F6	#FFFFFF
1095	#FBF6F5	#FFFFFF
1096	#F7ECEB	#FEFEFE
1097	#FBFAFD	#FFFFFF
1098	#FBF7F6	#FFFFFF
1099	#FAF9FC	#FFFFFF
1100	#E3DFF0	#FEFEFE
1101	#FBFAFD	#FFFFFF
1102	#FAF4F3	#FFFFFF
1103	#F3F1F8	#FEFEFE
1104	#F7F6FB	#FFFFFF
1105	#F6EAE9	#FEFEFE
1107	#FAF4F4	#FFFFFF
1108	#EDEAF5	#FEFEFE
1109	#FFFFFF	#FFFFFF
1110	#FEFEFE	#FFFFFF
1111	#EFEDF6	#FEFEFE
1112	#E8E5F3	#FEFEFE
1113	#E1BEBA	#FDFDFD
1114	#FEFDFC	#FFFFFF
1115	#EAE7F4	#FEFEFE
1116	#FCFCFE	#FFFFFF
1117	#F1E0DE	#FEFEFE
1118	#F6EAE8	#FEFEFE
1119	#E5E1F1	#FEFEFE
1120	#F6EBEA	#FFFFFF
1121	#D7D2E9	#FDFDFD
1122	#FCF8F7	#FFFFFF
1123	#EDEBF5	#FEFEFE
1124	#FEFDFD	#FFFFFF
1125	#CF9D97	#FCFCFC
1126	#E4C4C0	#FDFDFD
1127	#F7EDEC	#FEFEFE
1128	#F0DDDA	#FEFEFE
1129	#E1BEB9	#FDFDFD
1130	#F1E0DE	#FEFEFE
1131	#E6C8C5	#FDFDFD
1132	#FBFBFD	#FFFFFF
1133	#E9CECA	#FEFEFE
1134	#BEB6DB	#FCFCFC
1135	#C4BDDF	#FCFCFC
1136	#FEFDFC	#FFFFFF
1137	#F4E6E4	#FEFEFE
1138	#EED9D6	#FEFEFE
1139	#E8E5F3	#FEFEFE
1140	#FBFAFD	#FFFFFF
1141	#F1E0DE	#FEFEFE
1142	#EAE7F4	#FEFEFE
1143	#E9E5F3	#FEFEFE
1144	#F6F5FA	#FFFFFF
1145	#F2E2E0	#FEFEFE
1146	#EAE7F4	#FEFEFE
1147	#F3E4E2	#FEFEFE
1148	#EEECF6	#FFFFFF
1149	#FBFAFD	#FFFFFF
1150	#ECD6D3	#FEFEFE
1151	#E9E5F3	#FEFEFE
1152	#F5E8E6	#FEFEFE
1153	#F2F0F8	#FEFEFE
1154	#D9D4EA	#FCFCFC
1155	#DDD8ED	#FDFDFD
1156	#F5F3F9	#FFFFFF
1157	#DFBCB7	#FCFCFC
1158	#EFDCDA	#FEFEFE
1159	#FEFCFC	#FFFFFF
1160	#EDEBF5	#FEFEFE
1161	#FAF4F3	#FFFFFF
1163	#C9928B	#FBFBFB
1164	#E9CECA	#FEFEFE
1165	#DBB2AD	#FCFCFC
1166	#C58B84	#FBFBFB
1167	#F6F4FA	#FFFFFF
1168	#D9AFAA	#FDFDFD
1169	#FEFCFC	#FFFFFF
1170	#DCB6B1	#FCFCFC
1171	#F8EEED	#FFFFFF
1172	#C9918B	#FBFBFB
1173	#F6F5FA	#FFFFFF
1174	#AEA5D3	#FCFCFC
1175	#ECD4D1	#FDFDFD
1176	#EDD7D4	#FEFEFE
1177	#F7EDEC	#FEFEFE
1178	#FDFAFA	#FFFFFF
1179	#EBD4D0	#FEFEFE
1180	#F1DFDD	#FEFEFE
1181	#F9F1F0	#FFFFFF
1182	#DEDAED	#FEFEFE
1183	#F9F1F0	#FFFFFF
1184	#EFECF6	#FEFEFE
1185	#C9C2E1	#FBFBFB
1186	#C8918B	#FBFBFB
1187	#F0DCDA	#FEFEFE
1188	#F9F1F0	#FFFFFF
1189	#EFDCD9	#FEFEFE
1190	#FAF5F4	#FFFFFF
1191	#DFDAEE	#FDFDFD
1192	#FAFAFD	#FFFFFF
1193	#EAE7F4	#FEFEFE
1194	#FEFDFD	#FFFFFF
1195	#CF9D97	#FCFCFC
1196	#FBFBFD	#FFFFFF
1197	#FAF9FC	#FFFFFF
1198	#FFFEFE	#FFFFFF
1199	#FBFAFD	#FFFFFF
1200	#E3C3BF	#FDFDFD
1201	#E4C4C0	#FDFDFD
1202	#FBFAFD	#FFFFFF
1203	#F2E3E1	#FEFEFE
1204	#EBE9F4	#FEFEFE
1205	#FAF3F2	#FFFFFF
1206	#FCF7F6	#FFFFFF
1208	#E4C4C0	#FDFDFD
1209	#E8CDCA	#FEFEFE
1210	#E1BEBA	#FEFEFE
1211	#FBFAFD	#FFFFFF
1212	#EED9D7	#FEFEFE
1213	#F6EBEA	#FFFFFF
1214	#F7ECEB	#FFFFFF
1215	#C68D87	#FBFBFB
1216	#C9928B	#FBFBFB
1217	#CF9D97	#FCFCFC
1218	#ECD5D2	#FEFEFE
1219	#FAF9FC	#FFFFFF
1220	#E9CECB	#FEFEFE
1221	#ECD6D3	#FEFEFE
1222	#EED9D6	#FEFEFE
1223	#F4E6E4	#FEFEFE
1224	#EBE8F4	#FEFEFE
1225	#DCB6B1	#FCFCFC
1226	#C68D87	#FBFBFB
1227	#F8EEED	#FFFFFF
1228	#E5E1F1	#FEFEFE
1229	#F4E5E4	#FEFEFE
1230	#E6E2F1	#FEFEFE
1231	#CBC5E3	#FDFDFD
1232	#F7ECEB	#FFFFFF
1233	#EDD6D3	#FEFEFE
1234	#FBFBFD	#FFFFFF
1235	#FAF4F3	#FFFFFF
1236	#F8F7FB	#FFFFFF
1237	#EBD4D0	#FEFEFE
1238	#D7D1E9	#FDFDFD
1239	#F2F0F8	#FEFEFE
1240	#EED9D6	#FDFDFD
1241	#F2F0F8	#FEFEFE
1242	#EDEAF5	#FEFEFE
1243	#F8EEED	#FEFEFE
1244	#ECD5D2	#FEFEFE
1245	#F6F5FA	#FFFFFF
1246	#FFFFFF	#FFFFFF
1247	#F6EBEA	#FEFEFE
1248	#C9928B	#FBFBFB
1249	#ECE9F5	#FEFEFE
1250	#DBB3AE	#FCFCFC
1251	#FAF3F2	#FFFFFF
1252	#F1E0DD	#FEFEFE
1253	#FDFBFB	#FFFFFF
1254	#EAE7F4	#FEFEFE
1255	#E7E4F2	#FEFEFE
1256	#F9F1EF	#FFFFFF
1257	#F8EEED	#FEFEFE
1258	#E1BEBA	#FDFDFD
1259	#FEFDFD	#FFFFFF
1260	#C1847D	#FAFAFA
1261	#D9B0AB	#FDFDFD
1262	#EFDCD9	#FEFEFE
1264	#F0DDDB	#FEFEFE
1265	#DCB5B0	#FCFCFC
1266	#E9CECA	#FEFEFE
1267	#F6F4FA	#FFFFFF
1268	#ECD5D2	#FEFEFE
1269	#C28780	#FAFAFA
1270	#EBD2CF	#FDFDFD
1271	#EEDAD7	#FEFEFE
1272	#EEECF6	#FEFEFE
1273	#F9F2F1	#FFFFFF
1274	#F1E0DE	#FEFEFE
1275	#E1BEB9	#FDFDFD
1276	#DEB9B4	#FCFCFC
1277	#FFFFFF	#FFFFFF
1278	#CC9791	#FCFCFC
1279	#FEFCFC	#FFFFFF
1280	#F7ECEB	#FFFFFF
1281	#F6F5FA	#FFFFFF
1282	#F1E0DE	#FEFEFE
1283	#FBF6F5	#FFFFFF
1284	#F7F5FA	#FFFFFF
1285	#F2F0F8	#FFFFFF
1286	#FFFFFF	#FFFFFF
1287	#F5E7E5	#FEFEFE
1288	#FCFBFD	#FFFFFF
1289	#E5E2F1	#FEFEFE
1290	#FBF6F5	#FFFFFF
1291	#CDC7E4	#FCFCFC
1292	#FBF5F4	#FFFFFF
1293	#E1BEB9	#FEFEFE
1294	#FBF6F5	#FFFFFF
1295	#EBE8F4	#FEFEFE
1296	#EEECF6	#FEFEFE
1297	#FCFCFE	#FFFFFF
1298	#EED9D6	#FEFEFE
1299	#F7F5FB	#FFFFFF
1300	#FFFFFF	#FFFFFF
1301	#F7ECEB	#FFFFFF
1302	#EFEDF7	#FEFEFE
1303	#FCF8F7	#FFFFFF
1304	#F9F1F0	#FEFEFE
1305	#F2E2DF	#FEFEFE
1306	#FAF9FC	#FFFFFF
1307	#F8EEED	#FEFEFE
1309	#EED9D6	#FEFEFE
1310	#F5F3F9	#FFFFFF
1311	#ECD5D2	#FEFEFE
1312	#FBFAFD	#FFFFFF
1313	#EFEDF6	#FEFEFE
1314	#EDD6D3	#FEFEFE
1315	#F9F2F1	#FFFFFF
1316	#F6EAE8	#FEFEFE
1317	#B7AFD8	#FDFDFD
1318	#D3CDE7	#FDFDFD
1319	#E5E2F1	#FEFEFE
1320	#E9CECB	#FEFEFE
1321	#FAF4F3	#FFFFFF
1322	#FDFCFE	#FFFFFF
1323	#F1E0DE	#FEFEFE
1324	#FFFFFF	#FFFFFF
1325	#ECD4D1	#FDFDFD
1326	#E0BEB9	#FDFDFD
1327	#FCFBFD	#FFFFFF
1328	#F6EAE8	#FEFEFE
1329	#F0DCDA	#FEFEFE
1330	#F0DEDC	#FEFEFE
1331	#CBC5E3	#FDFDFD
1332	#F3E5E3	#FEFEFE
1333	#FBF6F6	#FFFFFF
1334	#C9928B	#FBFBFB
1335	#F9F1F0	#FFFFFF
1336	#FAF9FC	#FFFFFF
1337	#F7EDEC	#FEFEFE
1338	#F8EEED	#FFFFFF
1339	#F7EDEB	#FFFFFF
1340	#F6F5FA	#FFFFFF
1341	#F7EDEC	#FEFEFE
1342	#F2F0F8	#FFFFFF
1343	#FDFBFA	#FFFFFF
1344	#EFECF6	#FEFEFE
1345	#DCD8EC	#FEFEFE
1346	#F2F0F8	#FFFFFF
1347	#F6EAE8	#FEFEFE
1348	#E4E1F1	#FEFEFE
1349	#E3DFF0	#FEFEFE
1350	#DED9ED	#FDFDFD
1351	#F7ECEB	#FFFFFF
1352	#F6F5FA	#FFFFFF
1353	#FFFEFE	#FFFFFF
1354	#FDFBFB	#FFFFFF
1355	#FFFEFF	#FFFFFF
1356	#E5E1F1	#FEFEFE
1357	#CCC6E3	#FDFDFD
1358	#F7ECEA	#FFFFFF
1359	#FDFBFA	#FFFFFF
1360	#FBF6F5	#FFFFFF
1361	#FBFBFD	#FFFFFF
1362	#F2E2E0	#FEFEFE
1363	#E6E3F2	#FEFEFE
1365	#FEFDFD	#FFFFFF
1366	#F6EAE9	#FEFEFE
1367	#F4E5E3	#FEFEFE
1368	#EED9D6	#FEFEFE
1369	#F3F1F8	#FFFFFF
1370	#FBFAFD	#FFFFFF
1371	#F4E6E4	#FEFEFE
1372	#EBE8F4	#FEFEFE
1373	#F7EDEC	#FEFEFE
1374	#EEECF6	#FFFFFF
1375	#F9F1F0	#FFFFFF
1376	#F6F5FA	#FFFFFF
1377	#EDD7D4	#FEFEFE
1378	#E1BEB9	#FDFDFD
1379	#F6EAE9	#FEFEFE
1380	#FEFDFD	#FFFFFF
1381	#F0DDDA	#FEFEFE
1382	#CC9790	#FCFCFC
1383	#FAF9FC	#FFFFFF
1384	#FBF5F5	#FFFFFF
1385	#F2F0F8	#FFFFFF
1386	#FAF4F3	#FFFFFF
1387	#E6E3F1	#FEFEFE
1388	#F9F0EF	#FFFFFF
1389	#E9CECA	#FEFEFE
1390	#F7ECEB	#FEFEFE
1391	#E5E2F1	#FEFEFE
1392	#FFFEFE	#FFFFFF
1393	#F9F1F0	#FFFFFF
1394	#EFECF6	#FFFFFF
1395	#ECD5D2	#FEFEFE
1396	#F7ECEB	#FFFFFF
1397	#F9F1F0	#FFFFFF
1398	#E6E2F1	#FEFEFE
1399	#B7AFD8	#FDFDFD
1400	#FFFFFF	#FFFFFF
1401	#EDEBF5	#FEFEFE
1402	#F1E0DE	#FEFEFE
1403	#FFFEFE	#FFFFFF
1404	#F7ECEB	#FFFFFF
1405	#EFEDF7	#FEFEFE
1406	#F2F0F8	#FFFFFF
1407	#ECD4D1	#FDFDFD
1408	#DFBBB7	#FCFCFC
1410	#E3DFF0	#FEFEFE
1411	#FBF7F6	#FFFFFF
1412	#EDEBF5	#FEFEFE
1413	#DCD8EC	#FEFEFE
1414	#E6E2F1	#FEFEFE
1415	#FBF6F5	#FFFFFF
1416	#FDFCFE	#FFFFFF
1417	#F9F1F0	#FFFFFF
1418	#FFFEFE	#FFFFFF
1419	#BE7F78	#FAFAFA
1420	#F9F1F0	#FFFFFF
1421	#F4E5E3	#FEFEFE
1422	#E1BEB9	#FDFDFD
1423	#DEDAED	#FEFEFE
1424	#F9F1F0	#FFFFFF
1425	#D3A49F	#FCFCFC
1426	#C9928C	#FBFBFB
1427	#FBF7F6	#FFFFFF
1428	#F1E0DE	#FEFEFE
1429	#FFFEFE	#FFFFFF
1430	#D9B0AA	#FBFBFB
1431	#FBFBFD	#FFFFFF
1432	#EDD7D4	#FDFDFD
1433	#D2CCE6	#FCFCFC
1434	#EEEBF6	#FEFEFE
1435	#F0DDDB	#FEFEFE
1436	#F8EEED	#FFFFFF
1437	#DDD8EC	#FEFEFE
1438	#F9F8FC	#FFFFFF
1439	#C9918B	#FBFBFB
1440	#F4E6E4	#FEFEFE
1441	#F7F5FA	#FFFFFF
1442	#E4E0F0	#FEFEFE
1443	#FEFDFD	#FFFFFF
1444	#F5F4FA	#FFFFFF
1445	#E0BDB9	#FEFEFE
1446	#FBFAFD	#FFFFFF
1447	#CEC7E4	#FDFDFD
1448	#F7EDEC	#FFFFFF
1449	#EAE7F4	#FEFEFE
1450	#FBFAFD	#FFFFFF
1451	#FBFBFD	#FFFFFF
1452	#E1DDEF	#FDFDFD
1453	#EEECF6	#FFFFFF
1454	#F2F0F8	#FEFEFE
1455	#FDFBFA	#FFFFFF
1456	#F9F1F0	#FFFFFF
1457	#FAF3F2	#FFFFFF
1458	#F7ECEB	#FFFFFF
1459	#FAF9FC	#FFFFFF
1460	#E8E5F3	#FEFEFE
1461	#F7EEEC	#FEFEFE
1462	#E5E1F1	#FDFDFD
1463	#F9F2F1	#FFFFFF
1464	#F9F8FC	#FFFFFF
1466	#F1E0DE	#FEFEFE
1467	#EDEAF5	#FEFEFE
1468	#F7ECEB	#FFFFFF
1469	#F9F8FC	#FFFFFF
1470	#DCD7EC	#FEFEFE
1471	#F7ECEB	#FEFEFE
1472	#DDD9ED	#FDFDFD
1473	#FEFDFD	#FFFFFF
1474	#F9F8FC	#FFFFFF
1475	#EFECF6	#FFFFFF
1476	#E8E5F3	#FEFEFE
1477	#F6F5FA	#FFFFFF
1478	#EEDAD7	#FEFEFE
1479	#E2C0BC	#FDFDFD
1480	#F5E7E6	#FEFEFE
1481	#E6C8C4	#FCFCFC
1482	#FBF6F5	#FFFFFF
1483	#E6E2F1	#FEFEFE
1484	#FBF6F6	#FFFFFF
1485	#F6F5FA	#FFFFFF
1486	#F5E7E6	#FEFEFE
1487	#FFFEFE	#FFFFFF
1488	#FCF7F7	#FFFFFF
1489	#F3E5E3	#FEFEFE
1490	#E8E5F3	#FEFEFE
1491	#DED9ED	#FEFEFE
1492	#D3CDE7	#FCFCFC
1493	#DCD7EC	#FEFEFE
1494	#D4A59F	#FCFCFC
1495	#EDEAF5	#FEFEFE
1496	#F9F1F0	#FFFFFF
1497	#CF9C96	#FCFCFC
1498	#EEECF6	#FEFEFE
1499	#CDC7E4	#FCFCFC
1500	#ECD4D1	#FEFEFE
1501	#FBFAFD	#FFFFFF
1502	#F2E1DF	#FEFEFE
1503	#FDFBFA	#FFFFFF
1504	#F7EDEC	#FEFEFE
1505	#F5E8E6	#FEFEFE
1506	#F7EDEC	#FEFEFE
1507	#F0DEDC	#FEFEFE
1508	#FFFFFF	#FFFFFF
1509	#F9F2F1	#FFFFFF
1511	#F7EDEC	#FEFEFE
1512	#D4CFE8	#FDFDFD
1513	#E9E6F3	#FEFEFE
1514	#D4CEE8	#FDFDFD
1515	#EDEAF5	#FEFEFE
1516	#FFFEFE	#FFFFFF
1517	#FCF9F8	#FFFFFF
1518	#EEEBF6	#FEFEFE
1519	#FFFFFE	#FFFFFF
1520	#FAF9FC	#FFFFFF
1521	#F6F4FA	#FFFFFF
1522	#FBFAFD	#FFFFFF
1523	#F7ECEB	#FFFFFF
1524	#EAE7F4	#FEFEFE
1525	#EEEBF6	#FEFEFE
1526	#EAE7F4	#FEFEFE
1527	#F9F1F0	#FFFFFF
1528	#F1DFDD	#FEFEFE
1529	#E5E2F1	#FEFEFE
1530	#F3F1F8	#FFFFFF
1531	#DFBBB7	#FCFCFC
1532	#FEFEFE	#FFFFFF
1533	#E2C1BC	#FDFDFD
1534	#F9F1F0	#FFFFFF
1535	#EFECF6	#FEFEFE
1536	#F7EDEB	#FFFFFF
1537	#F7ECEB	#FFFFFF
1538	#F9F8FC	#FFFFFF
1539	#CCC5E3	#FDFDFD
1540	#FAF4F3	#FFFFFF
1541	#F7EDEB	#FFFFFF
1542	#E8CDCA	#FEFEFE
1543	#F2F0F8	#FFFFFF
1544	#EAE7F4	#FEFEFE
1545	#FAFAFC	#FFFFFF
1546	#EAE7F4	#FEFEFE
1547	#FEFDFD	#FFFFFF
1548	#FFFFFF	#FFFFFF
1549	#F2F0F8	#FEFEFE
1550	#FAF4F3	#FFFFFF
1551	#F7ECEB	#FFFFFF
1552	#F2F0F8	#FFFFFF
1553	#C7C0E1	#FCFCFC
1554	#F6F4FA	#FFFFFF
1555	#EFEDF6	#FFFFFF
1556	#F3E5E3	#FEFEFE
1557	#C48A83	#FBFBFB
1558	#EFECF6	#FEFEFE
1559	#FEFCFC	#FFFFFF
1560	#E8E5F3	#FEFEFE
1561	#E9CECB	#FEFEFE
1562	#FCF9F8	#FFFFFF
1563	#F2E1DF	#FEFEFE
1564	#EEEBF6	#FEFEFE
1565	#CBC5E3	#FDFDFD
1567	#F9F2F1	#FFFFFF
1568	#F6E9E8	#FEFEFE
1569	#F1E0DE	#FEFEFE
1570	#F7ECEB	#FEFEFE
1571	#F7EDEB	#FEFEFE
1572	#E5E2F1	#FEFEFE
1573	#DEB9B4	#FCFCFC
1574	#DED9ED	#FDFDFD
1575	#FBF7F6	#FFFFFF
1576	#F4E5E3	#FEFEFE
1577	#FCF8F8	#FFFFFF
1578	#CB9690	#FCFCFC
1579	#EFEDF6	#FEFEFE
1580	#FDFCFE	#FFFFFF
1581	#FBFBFD	#FFFFFF
1582	#EFEDF6	#FEFEFE
1583	#F9F2F0	#FFFFFF
1584	#C1847D	#FAFAFA
1585	#F1DFDD	#FEFEFE
1586	#FEFEFD	#FFFFFF
1587	#FBF7F6	#FFFFFF
1588	#FEFDFD	#FFFFFF
1589	#ECE9F5	#FEFEFE
1590	#EED8D6	#FEFEFE
1591	#D8D3EA	#FDFDFD
1592	#F2F0F8	#FFFFFF
1593	#E2C1BC	#FDFDFD
1594	#FAF9FC	#FFFFFF
1595	#D9D4EA	#FDFDFD
1596	#CCC5E3	#FDFDFD
1597	#FBF6F5	#FFFFFF
1598	#CCC5E3	#FDFDFD
1599	#EEECF6	#FFFFFF
1600	#E1BEBA	#FEFEFE
1601	#F8EEED	#FFFFFF
1602	#EFECF6	#FEFEFE
1603	#F4E7E5	#FEFEFE
1604	#FBF7F6	#FFFFFF
1605	#DFBCB7	#FCFCFC
1606	#EAE7F3	#FEFEFE
1607	#FBF6F5	#FFFFFF
1608	#F4E6E4	#FEFEFE
1609	#C7C0E1	#FCFCFC
1610	#F5F3F9	#FFFFFF
1612	#CCC5E3	#FDFDFD
1613	#E6E2F1	#FEFEFE
1614	#F4E5E3	#FEFEFE
1615	#F1E0DE	#FEFEFE
1616	#E4C4C0	#FDFDFD
1617	#F6F5FA	#FFFFFF
1618	#DEDAED	#FEFEFE
1619	#FDFAF9	#FFFFFF
1620	#DFBBB7	#FCFCFC
1621	#F9F8FC	#FFFFFF
1622	#FCF8F8	#FFFFFF
1623	#F5F4FA	#FFFFFF
1624	#FEFDFD	#FFFFFF
1625	#EFEDF6	#FEFEFE
1626	#E4C4C0	#FDFDFD
1627	#F7EDEC	#FEFEFE
1628	#E4C4C0	#FDFDFD
1629	#FBF6F5	#FFFFFF
1630	#F6EAE8	#FEFEFE
1631	#ECD5D3	#FEFEFE
1632	#F4E6E5	#FEFEFE
1633	#F1E0DD	#FEFEFE
1634	#E1BEB9	#FDFDFD
1635	#EFECF6	#FFFFFF
1636	#F9F1F0	#FFFFFF
1637	#FAF9FC	#FFFFFF
1638	#DDD9ED	#FDFDFD
1639	#C8918A	#FBFBFB
1640	#FDFAFA	#FFFFFF
1641	#FBF7F6	#FFFFFF
1642	#D7D2E9	#FDFDFD
1643	#F5F4FA	#FFFFFF
1644	#DFDAED	#FEFEFE
1645	#FBF6F5	#FFFFFF
1646	#FBF5F4	#FFFFFF
1647	#E6E2F1	#FEFEFE
1648	#EFEDF6	#FEFEFE
1649	#D9D4EA	#FCFCFC
1650	#F7ECEB	#FFFFFF
1651	#D1CBE6	#FCFCFC
1652	#EFECF6	#FEFEFE
1653	#EDEAF5	#FEFEFE
1654	#ECD4D1	#FDFDFD
1655	#F9F9FC	#FFFFFF
1656	#ECEAF5	#FEFEFE
1657	#EEECF6	#FEFEFE
1658	#F1E0DD	#FEFEFE
1659	#F1EFF7	#FEFEFE
1660	#F4E6E4	#FEFEFE
1661	#F7EDEC	#FEFEFE
1662	#D9AFAA	#FDFDFD
1663	#FCFCFD	#FFFFFF
1664	#F6F5FA	#FFFFFF
1665	#E2DDEF	#FDFDFD
1666	#F7EDEB	#FFFFFF
1668	#E0BCB7	#FCFCFC
1669	#F1E0DE	#FEFEFE
1670	#FBFAFD	#FFFFFF
1671	#F6F5FA	#FFFFFF
1672	#ECD5D2	#FEFEFE
1673	#FDFAFA	#FFFFFF
1674	#FFFEFE	#FFFFFF
1675	#F2F0F8	#FFFFFF
1676	#C38780	#FAFAFA
1677	#F7EDEB	#FFFFFF
1678	#FEFDFD	#FFFFFF
1679	#FBF6F5	#FFFFFF
1680	#C0837C	#FAFAFA
1681	#F0DDDB	#FEFEFE
1682	#F3E5E3	#FEFEFE
1683	#E2C0BC	#FDFDFD
1684	#F9F2F1	#FFFFFF
1685	#C9928B	#FBFBFB
1686	#E4C4C0	#FDFDFD
1687	#F7EDEC	#FEFEFE
1688	#E4E1F1	#FEFEFE
1689	#ECD6D3	#FEFEFE
1690	#FCFBFD	#FFFFFF
1691	#CCC5E3	#FDFDFD
1692	#D7D2E9	#FDFDFD
1693	#D8D3EA	#FDFDFD
1694	#EDEAF5	#FEFEFE
1695	#F2F0F8	#FFFFFF
1696	#F2F1F8	#FFFFFF
1697	#CAC3E2	#FCFCFC
1698	#D3CDE7	#FDFDFD
1699	#E3DFF0	#FEFEFE
1700	#EEECF6	#FEFEFE
1701	#F9F8FC	#FFFFFF
1702	#D7D2E9	#FDFDFD
1703	#FBF7F6	#FFFFFF
1704	#F1E0DD	#FEFEFE
1705	#EDEAF5	#FEFEFE
1706	#F9F2F1	#FFFFFF
1707	#EBD2CF	#FDFDFD
1708	#EDEAF5	#FEFEFE
1709	#F5E7E5	#FEFEFE
1710	#E0BEB9	#FDFDFD
1711	#FEFEFD	#FFFFFF
1713	#F7ECEA	#FEFEFE
1714	#F9F2F1	#FFFFFF
1715	#F4E5E3	#FEFEFE
1716	#ECE9F5	#FEFEFE
1717	#F6F5FA	#FFFFFF
1718	#F3F1F8	#FFFFFF
1719	#CBC4E3	#FDFDFD
1720	#FAF9FC	#FFFFFF
1721	#EEECF6	#FEFEFE
1722	#F1DFDD	#FEFEFE
1723	#F7EDEC	#FEFEFE
1724	#E5E1F1	#FDFDFD
1725	#DDB7B2	#FCFCFC
1726	#EED9D6	#FEFEFE
1727	#F0DDDA	#FEFEFE
1728	#DFBCB7	#FCFCFC
1729	#F1DFDD	#FEFEFE
1730	#F7ECEB	#FFFFFF
1731	#EBD4D1	#FDFDFD
1732	#DDD8EC	#FEFEFE
1733	#E6C8C5	#FDFDFD
1734	#D4A59F	#FCFCFC
1735	#FDFBFB	#FFFFFF
1736	#FAF9FC	#FFFFFF
1737	#E2C1BD	#FDFDFD
1738	#F7F6FB	#FFFFFF
1739	#EDEAF5	#FEFEFE
1740	#FCF8F7	#FFFFFF
1741	#FDFBFB	#FFFFFF
1742	#E6C8C4	#FDFDFD
1743	#DDD8EC	#FDFDFD
1744	#CCC5E3	#FDFDFD
1745	#D6D1E9	#FDFDFD
1746	#F9F1F0	#FFFFFF
1747	#C4BDDF	#FCFCFC
1748	#F6EAE9	#FEFEFE
1749	#E5E1F1	#FEFEFE
1750	#E6E3F2	#FEFEFE
1751	#DBD6EB	#FEFEFE
1752	#FAF9FC	#FFFFFF
1753	#BF817A	#FAFAFA
1754	#F7EDEC	#FFFFFF
1755	#F0DCDA	#FEFEFE
1756	#E6C8C4	#FDFDFD
1757	#FBF6F6	#FFFFFF
1758	#DEB9B4	#FCFCFC
1759	#F4E5E3	#FEFEFE
1760	#E4E0F0	#FEFEFE
1761	#FDFDFE	#FFFFFF
1762	#F0EDF7	#FEFEFE
1763	#FBF6F5	#FFFFFF
1764	#F6EAE9	#FEFEFE
1765	#F0DDDA	#FEFEFE
1766	#EFDCD9	#FEFEFE
1767	#BC7C75	#FAFAFA
1769	#FFFFFF	#FFFFFF
1770	#F7EDEB	#FEFEFE
1771	#FCF7F7	#FFFFFF
1772	#EAE7F3	#FEFEFE
1773	#FFFEFE	#FFFFFF
1774	#FCFCFD	#FFFFFF
1775	#ECD6D3	#FEFEFE
1776	#F2F1F8	#FFFFFF
1777	#FFFEFE	#FFFFFF
1778	#F0DDDA	#FEFEFE
1779	#FAFAFD	#FFFFFF
1780	#CB9690	#FCFCFC
1781	#FAF9FC	#FFFFFF
1782	#F1DFDD	#FEFEFE
1783	#F1E0DE	#FEFEFE
1784	#E9CECA	#FEFEFE
1785	#EBD2CF	#FDFDFD
1786	#FDFAFA	#FFFFFF
1787	#F0DDDA	#FEFEFE
1788	#FBFBFD	#FFFFFF
1789	#EBD2CF	#FDFDFD
1790	#ECE9F5	#FEFEFE
1791	#E5E1F1	#FEFEFE
1792	#FBFAFD	#FFFFFF
1793	#EEECF6	#FFFFFF
1794	#F6F5FA	#FFFFFF
1795	#ECD6D3	#FEFEFE
1796	#F6F5FA	#FFFFFF
1797	#E6E2F1	#FEFEFE
1798	#EAE7F4	#FEFEFE
1799	#F7ECEB	#FFFFFF
1800	#EEECF6	#FEFEFE
1801	#D8D3EA	#FDFDFD
1802	#ECEAF5	#FEFEFE
1803	#F2F0F8	#FFFFFF
1804	#DED9ED	#FEFEFE
1805	#EAE7F3	#FEFEFE
1806	#FBF6F6	#FFFFFF
1807	#E6C8C5	#FDFDFD
1808	#FAF9FC	#FFFFFF
1809	#F1E0DE	#FEFEFE
1810	#FEFDFD	#FFFFFF
1811	#F9F1F0	#FFFFFF
1812	#D4CEE7	#FCFCFC
1814	#FBF6F5	#FFFFFF
1815	#FBFBFD	#FFFFFF
1816	#FBFBFD	#FFFFFF
1817	#EDD7D4	#FEFEFE
1818	#CBC5E3	#FDFDFD
1819	#EFEDF6	#FEFEFE
1820	#F6F5FA	#FFFFFF
1821	#F7EDEB	#FEFEFE
1822	#ECD5D2	#FEFEFE
1823	#FDFBFB	#FFFFFF
1824	#F4E6E4	#FEFEFE
1825	#F4E7E5	#FEFEFE
1826	#E4E0F0	#FEFEFE
1827	#FFFFFF	#FFFFFF
1828	#FDFBFA	#FFFFFF
1829	#FBFAFD	#FFFFFF
1830	#EFDCD9	#FEFEFE
1831	#F9F1F0	#FFFFFF
1832	#EAE7F3	#FEFEFE
1833	#FBFAFD	#FFFFFF
1834	#EED8D5	#FEFEFE
1835	#F7F5FA	#FFFFFF
1836	#F4E5E3	#FEFEFE
1837	#F9F2F1	#FFFFFF
1838	#FCF7F6	#FFFFFF
1839	#FEFEFD	#FFFFFF
1840	#EAE7F4	#FEFEFE
1841	#DFDAED	#FEFEFE
1842	#F3E5E3	#FEFEFE
1843	#DED9ED	#FEFEFE
1844	#F4E6E4	#FEFEFE
1845	#F9F9FC	#FFFFFF
1846	#DBD6EC	#FEFEFE
1847	#F6F5FA	#FFFFFF
1848	#E8E5F3	#FEFEFE
1849	#FBF6F5	#FFFFFF
1850	#FBFAFD	#FFFFFF
1851	#F1EFF8	#FFFFFF
1852	#C7C0E0	#FCFCFC
1853	#EBE8F4	#FEFEFE
1854	#FFFFFF	#FFFFFF
1855	#F5F4FA	#FFFFFF
1856	#F9F2F1	#FFFFFF
1857	#E4E1F1	#FEFEFE
1858	#F0DCDA	#FEFEFE
1859	#EDEBF5	#FEFEFE
1860	#FDFBFB	#FFFFFF
1861	#E8E5F2	#FEFEFE
1862	#F9F8FC	#FFFFFF
1863	#F4F3F9	#FFFFFF
1864	#FFFFFF	#FFFFFF
1865	#FEFCFC	#FFFFFF
1866	#FAF9FC	#FFFFFF
1867	#E4C4C0	#FDFDFD
1868	#FDFDFE	#FFFFFF
1870	#E3DFF0	#FEFEFE
1871	#CC9790	#FCFCFC
1872	#F0DEDB	#FEFEFE
1873	#EEECF6	#FFFFFF
1874	#F6F5FA	#FFFFFF
1875	#E6E2F1	#FEFEFE
1876	#F9F1F0	#FFFFFF
1877	#F4E5E3	#FEFEFE
1878	#F6EAE8	#FEFEFE
1879	#EDD7D4	#FEFEFE
1880	#F1E0DE	#FEFEFE
1881	#CF9D97	#FCFCFC
1882	#F9F8FC	#FFFFFF
1883	#EED8D6	#FEFEFE
1884	#FFFEFE	#FFFFFF
1885	#F7ECEB	#FFFFFF
1886	#C3BBDE	#FDFDFD
1887	#D8D3EA	#FDFDFD
1888	#DDD9ED	#FDFDFD
1889	#EAE7F4	#FEFEFE
1890	#DEDAED	#FEFEFE
1891	#FEFDFD	#FFFFFF
1892	#F4E6E4	#FEFEFE
1893	#E8E5F3	#FEFEFE
1894	#D3CEE7	#FDFDFD
1895	#E5E1F1	#FEFEFE
1896	#E4C4C0	#FDFDFD
1897	#F6F4FA	#FFFFFF
1898	#E2DEEF	#FDFDFD
1899	#F6F5FA	#FFFFFF
1900	#E6C8C5	#FDFDFD
1901	#CCC5E3	#FDFDFD
1902	#F3E5E3	#FEFEFE
1903	#FBF6F5	#FFFFFF
1904	#E9CECA	#FEFEFE
1905	#FBF7F6	#FFFFFF
1906	#EFEDF6	#FFFFFF
1907	#E4C4C0	#FDFDFD
1908	#F9F1F0	#FFFFFF
1909	#DED9ED	#FDFDFD
1910	#FBF6F5	#FFFFFF
1911	#DED9ED	#FDFDFD
1912	#FEFEFF	#FFFFFF
1913	#EFECF6	#FEFEFE
1915	#FEFCFC	#FFFFFF
1916	#CF9D97	#FCFCFC
1917	#FFFEFE	#FFFFFF
1918	#D8D3EA	#FDFDFD
1919	#F3E4E2	#FEFEFE
1920	#E5E2F1	#FEFEFE
1921	#F4E5E3	#FEFEFE
1922	#F6F5FA	#FFFFFF
1923	#F2E1DF	#FEFEFE
1924	#FAF5F4	#FFFFFF
1925	#EED9D6	#FEFEFE
1926	#FCFBFD	#FFFFFF
1927	#F4E5E4	#FEFEFE
1928	#FBF6F5	#FFFFFF
1929	#F3E4E2	#FEFEFE
1930	#E6C8C4	#FDFDFD
1931	#F8EEED	#FFFFFF
1932	#F1E1DE	#FEFEFE
1933	#F4F2F9	#FEFEFE
1934	#E4C4C0	#FDFDFD
1935	#E6E2F1	#FEFEFE
1936	#DCD7EC	#FEFEFE
1937	#FBF6F6	#FFFFFF
1938	#EAE7F4	#FEFEFE
1939	#FDFCFE	#FFFFFF
1940	#F9F1F0	#FFFFFF
1941	#E4E0F0	#FEFEFE
1942	#FBFAFD	#FFFFFF
1943	#CDC6E4	#FCFCFC
1944	#F6EAE9	#FEFEFE
1945	#E6C8C5	#FDFDFD
1946	#F6E9E8	#FEFEFE
1947	#ECD6D3	#FEFEFE
1948	#F7ECEB	#FFFFFF
1949	#EAE7F4	#FEFEFE
1950	#DFDAED	#FEFEFE
1951	#E3DFF0	#FEFEFE
1952	#F9F8FC	#FFFFFF
1953	#DCD8EC	#FEFEFE
1954	#F9F1F0	#FFFFFF
1955	#E2DEEF	#FDFDFD
1956	#E7E3F2	#FEFEFE
1957	#E8CDCA	#FEFEFE
1958	#EEECF6	#FEFEFE
1959	#D1CBE6	#FBFBFB
1960	#FEFDFC	#FFFFFF
1961	#F2F1F8	#FEFEFE
1962	#EAE7F4	#FEFEFE
1963	#DDD8EC	#FEFEFE
1964	#E3C3BF	#FDFDFD
1965	#ECD6D3	#FEFEFE
1966	#D9B0AB	#FDFDFD
1967	#F9F9FC	#FFFFFF
1968	#F1E0DE	#FEFEFE
1969	#D3CEE7	#FCFCFC
1971	#DDD8EC	#FDFDFD
1972	#CEC7E4	#FDFDFD
1973	#FDFBFA	#FFFFFF
1974	#F7EDEC	#FEFEFE
1975	#D9B0AB	#FDFDFD
1976	#F7ECEB	#FFFFFF
1977	#E4C4C0	#FDFDFD
1978	#F9F8FC	#FFFFFF
1979	#EEDAD7	#FEFEFE
1980	#C9928C	#FBFBFB
1981	#CC9791	#FCFCFC
1982	#E5E1F1	#FDFDFD
1983	#FEFDFE	#FFFFFF
1984	#F5E9E8	#FEFEFE
1985	#E4C4C0	#FDFDFD
1986	#DDD8EC	#FEFEFE
1987	#F7ECEB	#FFFFFF
1988	#C5BDDF	#FCFCFC
1989	#CC9790	#FCFCFC
1990	#ECE9F5	#FEFEFE
1991	#F1DFDD	#FEFEFE
1992	#FBFBFD	#FFFFFF
1993	#FCFBFD	#FFFFFF
1994	#F9F8FC	#FFFFFF
1995	#E5E1F1	#FEFEFE
1996	#E9CECB	#FEFEFE
1997	#ECD6D3	#FEFEFE
1998	#FAF5F4	#FFFFFF
1999	#F7EDEB	#FFFFFF
2000	#FFFEFE	#FFFFFF
2001	#FAF4F3	#FFFFFF
2002	#D4CEE8	#FDFDFD
2003	#F7EDEB	#FFFFFF
2004	#FBFAFD	#FFFFFF
2005	#FBFAFD	#FFFFFF
2006	#CFC9E5	#FCFCFC
2007	#EAE7F4	#FEFEFE
2008	#FCF7F7	#FFFFFF
2009	#D4CEE8	#FDFDFD
2010	#F9F9FC	#FFFFFF
2011	#F3E3E1	#FEFEFE
2012	#F5F4FA	#FFFFFF
2013	#FEFDFD	#FFFFFF
2014	#EDEBF5	#FEFEFE
2016	#F9F8FC	#FFFFFF
2017	#FFFFFF	#FFFFFF
2018	#FEFEFE	#FFFFFF
2019	#FBFAFD	#FFFFFF
2020	#FDFAFA	#FFFFFF
2021	#F9F1EF	#FFFFFF
2022	#ECD5D2	#FEFEFE
2023	#F9F1F0	#FFFFFF
2024	#F0DDDA	#FEFEFE
2025	#FAF4F3	#FFFFFF
2026	#E6C8C4	#FDFDFD
2027	#EDEAF5	#FEFEFE
2028	#F9F8FC	#FFFFFF
2029	#EBE8F4	#FEFEFE
2030	#DFBCB7	#FCFCFC
2031	#EDEAF5	#FEFEFE
2032	#FCFCFD	#FFFFFF
2033	#FFFEFE	#FFFFFF
2034	#D4CEE7	#FCFCFC
2035	#F7EDEC	#FEFEFE
2036	#FFFEFE	#FFFFFF
2037	#EDEBF5	#FEFEFE
2038	#F7EDEC	#FEFEFE
2039	#E6C8C5	#FDFDFD
2040	#F7EDEB	#FFFFFF
2041	#F8EEED	#FEFEFE
2042	#E8CDC9	#FDFDFD
2043	#DCD7EC	#FEFEFE
2044	#FEFDFD	#FFFFFF
2045	#EDEBF5	#FEFEFE
2046	#FCFBFD	#FFFFFF
2047	#F6F5FA	#FFFFFF
2048	#FBF6F6	#FFFFFF
2049	#FBF6F5	#FFFFFF
2050	#F8EEED	#FFFFFF
2051	#EEEBF6	#FEFEFE
2052	#F0DCDA	#FEFEFE
2053	#DCD7EC	#FEFEFE
2054	#FEFDFD	#FFFFFF
2055	#F9F1F0	#FFFFFF
2056	#FBF5F4	#FFFFFF
2057	#948AC5	#F9F9F9
2058	#F7ECEB	#FFFFFF
2059	#EDEAF5	#FEFEFE
2060	#DDD8EC	#FDFDFD
2061	#B7AED8	#FBFBFB
2062	#EDD6D3	#FEFEFE
2063	#FBF6F5	#FFFFFF
2064	#EFDCDA	#FEFEFE
2065	#F9F2F1	#FFFFFF
2066	#F4E5E3	#FEFEFE
2067	#F6F5FA	#FFFFFF
2068	#EEECF6	#FFFFFF
2069	#F7ECEA	#FEFEFE
2070	#F6ECEA	#FEFEFE
2072	#EEEBF6	#FFFFFF
2073	#F5F4FA	#FFFFFF
2074	#E2C1BC	#FDFDFD
2075	#F1DFDD	#FEFEFE
2076	#F9F1F0	#FFFFFF
2077	#C68E87	#FBFBFB
2078	#F4E5E3	#FEFEFE
2079	#EDD6D3	#FEFEFE
2080	#CC9791	#FCFCFC
2081	#EDD6D3	#FEFEFE
2082	#F8EEED	#FEFEFE
2083	#FBFAFD	#FFFFFF
2084	#F6F4FA	#FFFFFF
2085	#F6EAE9	#FEFEFE
2086	#FAF9FC	#FFFFFF
2087	#D6D0E9	#FCFCFC
2088	#F2F0F8	#FFFFFF
2089	#FEFCFC	#FFFFFF
2090	#EDD7D4	#FEFEFE
2091	#FFFEFE	#FFFFFF
2092	#F5E8E6	#FEFEFE
2093	#FCF7F7	#FFFFFF
2094	#E8CDCA	#FEFEFE
2095	#DDD8ED	#FDFDFD
2096	#DDD9ED	#FDFDFD
2097	#F0DDDA	#FEFEFE
2098	#E5E1F1	#FEFEFE
2099	#E9CECB	#FDFDFD
2100	#FDFBFB	#FFFFFF
2101	#D6D1E9	#FDFDFD
2102	#EFEDF6	#FEFEFE
2103	#EEECF6	#FEFEFE
2104	#FBF6F5	#FFFFFF
2105	#F4E6E4	#FEFEFE
2106	#FEFDFD	#FFFFFF
2107	#E8E5F3	#FEFEFE
2108	#D5CFE8	#FEFEFE
2109	#C1BADD	#FBFBFB
2110	#E6E3F1	#FEFEFE
2111	#F0DDDA	#FEFEFE
2112	#F7F6FB	#FFFFFF
2113	#F1E0DE	#FEFEFE
2114	#F6F5FA	#FFFFFF
2115	#CC9790	#FCFCFC
2117	#DEDAED	#FEFEFE
2118	#F7F6FB	#FFFFFF
2119	#FFFFFE	#FFFFFF
2120	#F7EDEC	#FEFEFE
2121	#F4E7E5	#FEFEFE
2122	#D4A59F	#FCFCFC
2123	#F6EAE8	#FEFEFE
2124	#EFECF6	#FEFEFE
2125	#ECD5D2	#FEFEFE
2126	#F9F1F0	#FFFFFF
2127	#F3E5E3	#FEFEFE
2128	#EFDCD9	#FEFEFE
2129	#F1EFF8	#FEFEFE
2130	#F4E5E3	#FEFEFE
2131	#FDFBFB	#FFFFFF
2132	#EED8D5	#FEFEFE
2133	#F7EDEC	#FEFEFE
2134	#DEBAB5	#FCFCFC
2135	#EAE7F3	#FEFEFE
2136	#F6F5FA	#FFFFFF
2137	#F7EDEB	#FFFFFF
2138	#F2F1F8	#FFFFFF
2139	#EEECF6	#FEFEFE
2140	#EED9D6	#FEFEFE
2141	#E1BEB9	#FDFDFD
2142	#F6F5FA	#FFFFFF
2143	#D8D2EA	#FDFDFD
2144	#F9F2F1	#FFFFFF
2145	#EFECF6	#FEFEFE
2146	#FFFFFF	#FFFFFF
2147	#EED9D7	#FEFEFE
2148	#F4E5E3	#FEFEFE
2149	#A096CB	#FBFBFB
2150	#F6F5FA	#FFFFFF
2151	#F6F5FA	#FFFFFF
2152	#F9F1F0	#FFFFFF
2153	#FEFDFD	#FFFFFF
2154	#FEFDFC	#FFFFFF
2155	#FBF6F6	#FFFFFF
2156	#E9E5F3	#FEFEFE
2157	#BEB7DC	#FCFCFC
2158	#ECD6D3	#FEFEFE
2159	#F1E0DE	#FEFEFE
2160	#F8F7FB	#FFFFFF
2161	#ECEAF5	#FEFEFE
2162	#F9F2F1	#FFFFFF
2163	#C7C0E1	#FCFCFC
2164	#D3CEE7	#FDFDFD
2165	#FBF6F5	#FFFFFF
2166	#E1BEBA	#FEFEFE
2167	#E8E4F2	#FEFEFE
2168	#F6F5FA	#FFFFFF
2169	#F7ECEB	#FFFFFF
2170	#F9F0EF	#FFFFFF
2171	#FAF9FC	#FFFFFF
2173	#F9F2F1	#FFFFFF
2174	#E7E4F2	#FEFEFE
2175	#FBF7F6	#FFFFFF
2176	#F5E8E6	#FEFEFE
2177	#E9CECA	#FEFEFE
2178	#FFFFFF	#FFFFFF
2179	#CC9790	#FCFCFC
2180	#E8E5F3	#FEFEFE
2181	#F1DFDD	#FEFEFE
2182	#EFECF6	#FEFEFE
2183	#E4C5C0	#FDFDFD
2184	#DEDAED	#FEFEFE
2185	#F2E1DF	#FEFEFE
2186	#EFEDF6	#FEFEFE
2187	#E6C8C4	#FDFDFD
2188	#EDD6D3	#FEFEFE
2189	#D8D3EA	#FDFDFD
2190	#FDFAFA	#FFFFFF
2191	#FAF9FC	#FFFFFF
2192	#E4C4C0	#FDFDFD
2193	#E8E5F3	#FEFEFE
2194	#FCF7F7	#FFFFFF
2195	#E4C4C0	#FDFDFD
2196	#F7EDEC	#FEFEFE
2197	#F5E7E6	#FEFEFE
2198	#DDD9ED	#FDFDFD
2199	#E5E1F1	#FEFEFE
2200	#FBF6F5	#FFFFFF
2201	#E0BCB7	#FCFCFC
2202	#FCFCFE	#FFFFFF
2203	#F7F6FB	#FFFFFF
2204	#F9F9FC	#FFFFFF
2205	#FEFDFD	#FFFFFF
2206	#FEFCFC	#FFFFFF
2207	#F6F4FA	#FFFFFF
2208	#FAFAFC	#FFFFFF
2209	#F9F8FC	#FFFFFF
2210	#DAD5EB	#FCFCFC
2211	#F2F0F8	#FEFEFE
2212	#EFDCDA	#FEFEFE
2213	#CEC7E4	#FCFCFC
2214	#F2F0F8	#FFFFFF
2215	#F7ECEB	#FFFFFF
2216	#F3E5E3	#FEFEFE
2218	#E6C8C4	#FDFDFD
2219	#FDFBFA	#FFFFFF
2220	#FDFBFA	#FFFFFF
2221	#FDFBFB	#FFFFFF
2222	#F7ECEB	#FEFEFE
2223	#FFFEFE	#FFFFFF
2224	#F1E0DE	#FEFEFE
2225	#EFDCDA	#FEFEFE
2226	#EEEBF6	#FEFEFE
2227	#F4E5E3	#FEFEFE
2228	#FAF9FC	#FFFFFF
2229	#E8CDCA	#FEFEFE
2230	#F2F0F8	#FFFFFF
2231	#F6EAE8	#FEFEFE
2232	#F3E4E2	#FEFEFE
2233	#F4E7E5	#FEFEFE
2234	#FFFEFE	#FFFFFF
2235	#F3E4E2	#FEFEFE
2236	#F7EEEC	#FFFFFF
2237	#FFFEFE	#FFFFFF
2238	#FCF8F7	#FFFFFF
2239	#F2E1DE	#FEFEFE
2240	#F7EEEC	#FFFFFF
2241	#FBF7F6	#FFFFFF
2242	#EFEDF6	#FEFEFE
2243	#F1E0DD	#FEFEFE
2244	#EFEDF6	#FEFEFE
2245	#F9F1F0	#FFFFFF
2246	#E5E1F1	#FEFEFE
2247	#FBF5F4	#FFFFFF
2248	#F7ECEA	#FFFFFF
2249	#D3CDE7	#FCFCFC
2250	#E3DFF0	#FEFEFE
2251	#D9B0AB	#FDFDFD
2252	#F9F1F0	#FFFFFF
2253	#E6C8C4	#FDFDFD
2254	#F7EDEB	#FFFFFF
2255	#FCF9F9	#FFFFFF
2256	#CCC5E3	#FDFDFD
2257	#DCD7EC	#FEFEFE
2258	#F3F1F8	#FFFFFF
2259	#DEDAED	#FDFDFD
2260	#EDEAF5	#FEFEFE
2261	#FDFAFA	#FFFFFF
2262	#E2DEEF	#FDFDFD
2263	#B8B0D8	#FBFBFB
2264	#F2F1F8	#FFFFFF
2265	#D3CDE7	#FDFDFD
2266	#E6E3F2	#FEFEFE
2267	#B7AFD8	#FBFBFB
2268	#F9F8FC	#FFFFFF
2269	#DDD8EC	#FDFDFD
2270	#EDD6D3	#FEFEFE
2271	#F9F1F0	#FFFFFF
2272	#EAD1CE	#FDFDFD
2274	#D3A59F	#FCFCFC
2275	#D9B0AB	#FDFDFD
2276	#E4C4C0	#FDFDFD
2277	#D4A5A0	#FCFCFC
2278	#CC9790	#FCFCFC
2279	#FBF6F6	#FFFFFF
2280	#E9CECA	#FEFEFE
2281	#CF9D97	#FCFCFC
2282	#D4A59F	#FCFCFC
2283	#F8EFED	#FFFFFF
2284	#FEFDFC	#FFFFFF
2285	#F6EAE9	#FEFEFE
2286	#EED9D7	#FEFEFE
2287	#FEFDFD	#FFFFFF
2288	#FEFDFD	#FFFFFF
2289	#D3CDE7	#FCFCFC
2290	#F6EAE8	#FEFEFE
2291	#E9CECA	#FEFEFE
2292	#FBF5F4	#FFFFFF
2293	#F2F1F8	#FFFFFF
2294	#FBF6F6	#FFFFFF
2295	#CB9690	#FCFCFC
2296	#F4E6E4	#FEFEFE
2297	#E1BEBA	#FEFEFE
2298	#F5F3F9	#FFFFFF
2299	#D3CDE7	#FCFCFC
2300	#FDFDFE	#FFFFFF
2301	#BCB4DB	#FBFBFB
2302	#D7D2E9	#FDFDFD
2303	#EBE8F4	#FEFEFE
2304	#F7ECEB	#FFFFFF
2305	#DCD8EC	#FEFEFE
2306	#F9F2F1	#FFFFFF
2307	#F1DFDC	#FEFEFE
2308	#E2C1BD	#FDFDFD
2309	#FCFBFD	#FFFFFF
2310	#FAF9FC	#FFFFFF
2311	#E7CBC8	#FDFDFD
2312	#F8EFED	#FEFEFE
2313	#E8CECA	#FDFDFD
2314	#FEFDFC	#FFFFFF
2315	#F1EFF7	#FEFEFE
2316	#D8AEA8	#FBFBFB
2317	#F8EFEE	#FEFEFE
2319	#CF9D97	#FCFCFC
2320	#FBF7F6	#FFFFFF
2321	#CC9791	#FCFCFC
2322	#F8EFED	#FFFFFF
2323	#E2C1BC	#FDFDFD
2324	#ECD5D3	#FEFEFE
2325	#D9B0AA	#FDFDFD
2326	#E9CECB	#FEFEFE
2327	#E5C7C3	#FDFDFD
2328	#E5C7C4	#FDFDFD
2329	#E1BEB9	#FEFEFE
2330	#D4A59F	#FCFCFC
2331	#E6C8C4	#FDFDFD
2332	#E9CECB	#FEFEFE
2333	#CC9791	#FCFCFC
2334	#FAF4F4	#FFFFFF
2335	#F2F0F8	#FFFFFF
2336	#F6F4FA	#FFFFFF
2337	#E8CDC9	#FDFDFD
2338	#F5E8E6	#FEFEFE
2339	#FBFBFD	#FFFFFF
2340	#F1DFDD	#FEFEFE
2341	#F8EEED	#FFFFFF
2342	#F9F1F0	#FFFFFF
2343	#E5E1F1	#FEFEFE
2344	#FCFBFD	#FFFFFF
2345	#DED9ED	#FDFDFD
2346	#FCF7F7	#FFFFFF
2347	#EFECF6	#FEFEFE
2348	#F7ECEA	#FFFFFF
2349	#FAFAFD	#FFFFFF
2350	#FCF8F8	#FFFFFF
2351	#FCF8F7	#FFFFFF
2352	#EBE9F4	#FEFEFE
2353	#EDEAF5	#FEFEFE
2354	#EED9D7	#FDFDFD
2355	#FBF6F5	#FFFFFF
2356	#EFECF6	#FFFFFF
2357	#FCFCFE	#FFFFFF
2358	#F4E5E3	#FEFEFE
2359	#E9CECA	#FEFEFE
2360	#F9F1F0	#FFFFFF
2361	#EBD2CF	#FDFDFD
2362	#EBD3D0	#FDFDFD
2363	#E0BCB7	#FCFCFC
2364	#F3E4E2	#FEFEFE
2365	#E9CECB	#FCFCFC
2366	#EEECF6	#FEFEFE
2367	#F3F1F9	#FEFEFE
2368	#FFFEFE	#FFFFFF
2369	#ECD5D3	#FEFEFE
2371	#F5E8E6	#FEFEFE
2372	#D09E98	#FCFCFC
2373	#F1E0DE	#FEFEFE
2375	#EED9D6	#FEFEFE
2376	#EEECF6	#FFFFFF
2377	#EEECF6	#FFFFFF
2378	#FEFCFB	#FFFFFF
2379	#F6F5FA	#FFFFFF
2380	#CF9D96	#FCFCFC
2381	#FFFFFF	#FFFFFF
2382	#F4E7E5	#FEFEFE
2383	#D3A59F	#FCFCFC
2384	#FCFCFE	#FFFFFF
2385	#E6C8C4	#FDFDFD
2386	#F9F1F0	#FFFFFF
2387	#FAFAFC	#FFFFFF
2388	#EDD7D4	#FEFEFE
2389	#F6F5FA	#FFFFFF
2390	#E6C8C4	#FDFDFD
2391	#F1E0DE	#FEFEFE
2392	#EAE7F4	#FEFEFE
2393	#F7EEEC	#FFFFFF
2394	#F1E0DD	#FEFEFE
2395	#B7AFD8	#FDFDFD
2396	#F2E2E0	#FEFEFE
2397	#F1EFF8	#FFFFFF
2398	#F3F1F8	#FEFEFE
2399	#F4E7E5	#FEFEFE
2400	#EDEBF5	#FEFEFE
2401	#F9F8FC	#FFFFFF
2402	#EDEAF5	#FEFEFE
2403	#F4E6E4	#FEFEFE
2404	#F4E5E3	#FEFEFE
2405	#F7ECEB	#FFFFFF
2406	#FCF8F7	#FFFFFF
2407	#F2E1DF	#FEFEFE
2408	#E6E2F1	#FEFEFE
2409	#E1DDEF	#FDFDFD
2410	#E6E3F1	#FEFEFE
2411	#F1E0DE	#FEFEFE
2412	#FBFBFD	#FFFFFF
2413	#F5F3F9	#FFFFFF
2414	#CDC7E4	#FDFDFD
2415	#EEECF6	#FFFFFF
2416	#DCD7EC	#FEFEFE
2417	#D4A59F	#FCFCFC
2418	#E9CECB	#FEFEFE
2420	#E5E2F1	#FEFEFE
2421	#B7AED8	#FBFBFB
2422	#FBFBFD	#FFFFFF
2423	#D9D4EB	#FDFDFD
2424	#F1E0DD	#FEFEFE
2425	#EEECF6	#FEFEFE
2426	#D7D1E9	#FDFDFD
2427	#C4BDDF	#FCFCFC
2428	#F7EDEC	#FEFEFE
2429	#EEDAD7	#FEFEFE
2430	#D4A5A0	#FCFCFC
2431	#DDD8EC	#FEFEFE
2432	#E6C8C5	#FDFDFD
2433	#F2F1F8	#FFFFFF
2434	#EDD6D4	#FEFEFE
2435	#F0DCDA	#FEFEFE
2436	#F7ECEB	#FEFEFE
2437	#FCF8F8	#FFFFFF
2438	#EDEBF5	#FEFEFE
2439	#F6F4FA	#FFFFFF
2440	#F2F0F8	#FEFEFE
2441	#E9CFCC	#FDFDFD
2442	#FAF4F3	#FFFFFF
2443	#E9E6F3	#FEFEFE
2444	#F9F2F1	#FFFFFF
2445	#F7ECEB	#FFFFFF
2446	#F3E4E2	#FEFEFE
2447	#D4CEE8	#FDFDFD
2448	#EDEBF5	#FEFEFE
2449	#EFEDF6	#FEFEFE
2450	#F9F1F0	#FFFFFF
2451	#FBFAFD	#FFFFFF
2452	#F9F1F0	#FFFFFF
2453	#EBE9F4	#FEFEFE
2454	#EFEDF6	#FEFEFE
2455	#E2C0BC	#FDFDFD
2456	#FDFBFA	#FFFFFF
2457	#D6D0E9	#FDFDFD
2458	#E4E0F0	#FEFEFE
2459	#F4E6E5	#FEFEFE
2460	#D8D3EA	#FDFDFD
2461	#E6E3F1	#FEFEFE
2462	#EEECF6	#FEFEFE
2463	#F1EFF8	#FEFEFE
2464	#EAE7F4	#FEFEFE
2465	#E3E0F0	#FEFEFE
2466	#AEA5D3	#FCFCFC
2467	#E5E2F1	#FEFEFE
2468	#F6F5FA	#FFFFFF
2469	#CC9791	#FCFCFC
2470	#F6EAE8	#FEFEFE
2471	#F2E1DE	#FEFEFE
2472	#ECEAF5	#FEFEFE
2473	#F2E2E0	#FEFEFE
2474	#EDD6D3	#FEFEFE
2476	#FAF9FC	#FFFFFF
2477	#FDFBFB	#FFFFFF
2478	#ECE9F5	#FEFEFE
2479	#EEECF6	#FFFFFF
2480	#F6F5FA	#FFFFFF
2481	#ECD5D2	#FEFEFE
2482	#E8CECA	#FEFEFE
2483	#FFFFFF	#FFFFFF
2484	#F8EEED	#FFFFFF
2485	#EDD6D4	#FEFEFE
2486	#F1EFF8	#FFFFFF
2487	#F6F5FA	#FFFFFF
2488	#E5E1F1	#FEFEFE
2489	#EED9D6	#FEFEFE
2490	#FDFBFB	#FFFFFF
2491	#E5C6C2	#FCFCFC
2492	#F5F4FA	#FFFFFF
2493	#FBF7F6	#FFFFFF
2494	#EFDCDA	#FEFEFE
2495	#CDC6E4	#FCFCFC
2496	#CCC6E3	#FDFDFD
2497	#FBF6F6	#FFFFFF
2498	#EFDCD9	#FEFEFE
2499	#F5F3F9	#FFFFFF
2500	#ECD4D1	#FDFDFD
2501	#F6EAE9	#FEFEFE
2502	#FAF9FC	#FFFFFF
2503	#DDD9ED	#FDFDFD
2504	#EFEDF6	#FEFEFE
2505	#F7ECEB	#FFFFFF
2506	#ECD6D3	#FEFEFE
2507	#E5E2F1	#FEFEFE
2508	#EED9D7	#FEFEFE
2509	#FBFBFD	#FFFFFF
2510	#FCFCFE	#FFFFFF
2511	#F9F0EF	#FFFFFF
2512	#E9E6F3	#FEFEFE
2513	#FBF6F6	#FFFFFF
2514	#F7ECEA	#FFFFFF
2515	#DEDAED	#FEFEFE
2516	#E1BEBA	#FEFEFE
2517	#C3BBDE	#FDFDFD
2518	#DCD7EC	#FEFEFE
2519	#EBD3D0	#FEFEFE
2521	#F1E0DD	#FEFEFE
2522	#FBF7F6	#FFFFFF
2523	#F3E5E3	#FEFEFE
2524	#CDC7E4	#FCFCFC
2525	#F9F1F0	#FFFFFF
2526	#FEFDFD	#FFFFFF
2527	#FDFBFB	#FFFFFF
2528	#DDD8EC	#FDFDFD
2529	#FAF9FC	#FFFFFF
2530	#E0BEB9	#FDFDFD
2531	#FBFBFD	#FFFFFF
2532	#F3F1F8	#FFFFFF
2533	#FBF6F6	#FFFFFF
2534	#FAF9FC	#FFFFFF
2535	#F1DFDD	#FEFEFE
2536	#EDEBF5	#FEFEFE
2537	#FBF6F5	#FFFFFF
2538	#F7ECEB	#FFFFFF
2539	#EBD2CF	#FDFDFD
2540	#D4A59F	#FCFCFC
2541	#F9F2F1	#FFFFFF
2542	#FFFEFE	#FFFFFF
2543	#FAF9FC	#FFFFFF
2544	#ECD5D2	#FEFEFE
2545	#F8F7FB	#FFFFFF
2546	#F2F0F8	#FEFEFE
2547	#E8E5F3	#FEFEFE
2548	#EFEDF6	#FEFEFE
2549	#E5E1F1	#FEFEFE
2550	#F9F1F0	#FFFFFF
2551	#F5E7E5	#FEFEFE
2552	#FDFDFE	#FFFFFF
2553	#E5E1F1	#FEFEFE
2554	#DDD8EC	#FDFDFD
2555	#F2F0F8	#FFFFFF
2556	#FBF6F5	#FFFFFF
2557	#F8EEED	#FFFFFF
2558	#DCD7EC	#FEFEFE
2559	#F2F0F8	#FFFFFF
2560	#E5E1F1	#FEFEFE
2561	#E5E2F1	#FEFEFE
2562	#E1DDEF	#FDFDFD
2563	#FDF9F9	#FFFFFF
2564	#FAF4F3	#FFFFFF
2565	#F7EDEC	#FEFEFE
2566	#FAF9FC	#FFFFFF
2567	#FBF6F6	#FFFFFF
2568	#E6E2F1	#FEFEFE
2569	#C4BDDF	#FCFCFC
2570	#F7ECEB	#FFFFFF
2571	#F1E0DD	#FEFEFE
2572	#FDFBFA	#FFFFFF
2573	#E1BEBA	#FDFDFD
2574	#F4E6E4	#FEFEFE
2575	#EDD7D4	#FDFDFD
2577	#F4E5E4	#FEFEFE
2578	#F9F2F1	#FFFFFF
2579	#E0BEB9	#FDFDFD
2580	#F4E5E3	#FEFEFE
2581	#F4E6E4	#FEFEFE
2582	#FBFAFD	#FFFFFF
2583	#FAF2F1	#FFFFFF
2584	#F9F1F0	#FFFFFF
2585	#ECD5D1	#FDFDFD
2586	#F7EEEC	#FFFFFF
2587	#FFFEFE	#FFFFFF
2588	#DDD8EC	#FDFDFD
2589	#F2F1F8	#FFFFFF
2590	#FBF6F6	#FFFFFF
2591	#EDEBF5	#FEFEFE
2592	#F0EDF7	#FEFEFE
2593	#DEDAED	#FEFEFE
2594	#E5E1F1	#FEFEFE
2595	#FDFAFA	#FFFFFF
2596	#F6F5FA	#FFFFFF
2597	#FFFEFE	#FFFFFF
2598	#DDD8EC	#FEFEFE
2599	#FAF9FC	#FFFFFF
2600	#F5E8E6	#FEFEFE
2601	#DCD7EC	#FEFEFE
2602	#F2F0F8	#FEFEFE
2603	#F2E2DF	#FEFEFE
2604	#F2F0F8	#FFFFFF
2605	#F7EDEC	#FEFEFE
2606	#F9F2F1	#FFFFFF
2607	#F9F9FC	#FFFFFF
2608	#E8CDCA	#FEFEFE
2609	#FAF9FC	#FFFFFF
2610	#D9D4EA	#FCFCFC
2611	#F6F5FA	#FFFFFF
2612	#DDD9ED	#FDFDFD
2613	#DDD9ED	#FDFDFD
2614	#C6BFE0	#FCFCFC
2615	#F1E0DE	#FEFEFE
2616	#E1BEBA	#FEFEFE
2617	#DDD8EC	#FEFEFE
2618	#FBF6F6	#FFFFFF
2619	#F4E5E4	#FEFEFE
2620	#F6F4FA	#FFFFFF
2622	#DED9ED	#FDFDFD
2623	#D3CDE7	#FCFCFC
2624	#F2F0F8	#FEFEFE
2625	#FCFBFD	#FFFFFF
2626	#F3E4E3	#FEFEFE
2627	#FFFFFF	#FFFFFF
2628	#E1DDEF	#FDFDFD
2629	#FCF7F7	#FFFFFF
2630	#FAF9FC	#FFFFFF
2631	#EFDCD9	#FEFEFE
2632	#E5E1F1	#FEFEFE
2633	#F1E0DE	#FEFEFE
2634	#F9F2F1	#FFFFFF
2635	#F8EEED	#FFFFFF
2636	#F5E9E8	#FEFEFE
2637	#F6EAE9	#FEFEFE
2638	#F3E4E2	#FEFEFE
2639	#F1E0DE	#FEFEFE
2640	#E4E0F0	#FEFEFE
2641	#E2C0BC	#FDFDFD
2642	#E3DFF0	#FEFEFE
2643	#F7ECEB	#FEFEFE
2644	#CCC6E3	#FDFDFD
2645	#F8EEED	#FEFEFE
2646	#CC9891	#FCFCFC
2647	#F7F6FB	#FFFFFF
2648	#B7AED8	#FBFBFB
2649	#F1DFDD	#FEFEFE
2650	#F2E1DF	#FEFEFE
2651	#E4C4C0	#FDFDFD
2652	#D8D3EA	#FCFCFC
2653	#FAF9FC	#FFFFFF
2654	#E2DEEF	#FDFDFD
2655	#FBFAFD	#FFFFFF
2656	#ECEAF5	#FEFEFE
2657	#E4E1F1	#FEFEFE
2658	#E6E3F2	#FEFEFE
2659	#E4E0F0	#FEFEFE
2660	#F2E1DF	#FEFEFE
2661	#F5F4FA	#FFFFFF
2662	#F9F1F0	#FFFFFF
2663	#E7E4F2	#FEFEFE
2664	#CB9690	#FCFCFC
2665	#EFEDF6	#FEFEFE
2666	#E4E0F0	#FEFEFE
2667	#C3BBDE	#FDFDFD
2668	#E0BDB9	#FDFDFD
2669	#DDD9ED	#FEFEFE
2670	#F7EDEB	#FFFFFF
2671	#FDFAF9	#FFFFFF
2672	#FBF6F6	#FFFFFF
2673	#F9F1F0	#FFFFFF
2674	#E6C8C5	#FDFDFD
2675	#F1E0DD	#FEFEFE
2676	#F5E7E5	#FEFEFE
2678	#F3E4E2	#FEFEFE
2679	#F9F1F0	#FFFFFF
2680	#F6F5FA	#FFFFFF
2681	#FBF6F5	#FFFFFF
2682	#FCFBFD	#FFFFFF
2683	#FCF7F7	#FFFFFF
2684	#CF9D97	#FCFCFC
2685	#E2C0BC	#FDFDFD
2686	#E6E2F1	#FEFEFE
2687	#FCF8F8	#FFFFFF
2688	#F2F0F8	#FFFFFF
2689	#EEECF6	#FFFFFF
2690	#FAF3F3	#FFFFFF
2691	#E6E3F2	#FEFEFE
2692	#F8F7FB	#FFFFFF
2693	#EFECF6	#FEFEFE
2694	#E0DCEE	#FDFDFD
2695	#FCFBFD	#FFFFFF
2696	#F9F2F1	#FFFFFF
2697	#F9F8FC	#FFFFFF
2698	#FBF6F5	#FFFFFF
2699	#EFECF6	#FEFEFE
2700	#ECEAF5	#FEFEFE
2701	#E4E1F1	#FDFDFD
2702	#F9F1F0	#FFFFFF
2703	#EFECF6	#FEFEFE
2704	#FEFDFD	#FFFFFF
2705	#DED9ED	#FDFDFD
2706	#F9F1F0	#FFFFFF
2707	#CF9E97	#FCFCFC
2708	#EEDAD7	#FEFEFE
2709	#E6C8C4	#FDFDFD
2710	#E6C8C4	#FDFDFD
2711	#F7EDEC	#FEFEFE
2712	#E9E6F3	#FEFEFE
2713	#E2DEEF	#FDFDFD
2714	#FCF7F6	#FFFFFF
2715	#F0DCDA	#FEFEFE
2716	#F8EFED	#FFFFFF
2717	#F7EDEC	#FEFEFE
2718	#F9F8FC	#FFFFFF
2719	#D4CEE8	#FEFEFE
2720	#F1E0DD	#FEFEFE
2721	#E9E5F3	#FEFEFE
2723	#EEECF6	#FEFEFE
2724	#FBF6F6	#FFFFFF
2725	#F4E6E4	#FEFEFE
2726	#F2F0F8	#FFFFFF
2727	#FFFEFE	#FFFFFF
2728	#FDFBFB	#FFFFFF
2729	#F8F7FB	#FFFFFF
2730	#FFFFFF	#FFFFFF
2731	#FCFBFD	#FFFFFF
2732	#F9F1F0	#FFFFFF
2733	#F1F0F8	#FFFFFF
2734	#E2C1BC	#FDFDFD
2735	#F7EDEC	#FFFFFF
2736	#E5E1F1	#FEFEFE
2737	#F9F8FC	#FFFFFF
2738	#DCB5B0	#FCFCFC
2739	#F7EDEC	#FFFFFF
2740	#FBF6F6	#FFFFFF
2741	#D4CEE7	#FDFDFD
2742	#EFEDF6	#FEFEFE
2743	#F6F5FA	#FFFFFF
2744	#EAE6F3	#FEFEFE
2745	#FBF6F6	#FFFFFF
2746	#F0EEF7	#FEFEFE
2747	#F7ECEB	#FFFFFF
2748	#F7EDEB	#FFFFFF
2749	#EED9D6	#FEFEFE
2750	#E8E5F3	#FEFEFE
2751	#F7EDEB	#FFFFFF
2752	#FCF7F7	#FFFFFF
2753	#DDD9ED	#FDFDFD
2754	#F6EBEA	#FEFEFE
2755	#FDFBFB	#FFFFFF
2756	#FEFCFB	#FFFFFF
2757	#FBFAFD	#FFFFFF
2758	#FDFAFA	#FFFFFF
2759	#F6F5FA	#FFFFFF
2760	#FEFDFD	#FFFFFF
2761	#CF9D97	#FCFCFC
2762	#E5E2F1	#FDFDFD
2763	#F2F0F8	#FEFEFE
2764	#FEFDFD	#FFFFFF
2765	#F2F0F8	#FEFEFE
2766	#F6F5FA	#FFFFFF
2767	#EDEBF5	#FEFEFE
2768	#FFFFFF	#FFFFFF
2769	#CC9891	#FCFCFC
2770	#E6E2F1	#FEFEFE
2771	#F7ECEB	#FFFFFF
2772	#EDEAF5	#FEFEFE
2773	#F8EFED	#FFFFFF
2774	#F7ECEB	#FFFFFF
2775	#F4E7E5	#FEFEFE
2776	#EDEAF5	#FEFEFE
2777	#EED9D6	#FEFEFE
2779	#FAF9FC	#FFFFFF
2780	#F6F5FA	#FFFFFF
2781	#E1BEB9	#FDFDFD
2782	#E2C1BC	#FDFDFD
2783	#E4E1F1	#FEFEFE
2784	#F9F8FC	#FFFFFF
2785	#F7F5FA	#FFFFFF
2786	#F9F1F0	#FFFFFF
2787	#FAF4F3	#FFFFFF
2788	#F9F9FC	#FFFFFF
2789	#CBC5E3	#FCFCFC
2790	#ECD5D3	#FEFEFE
2791	#F5E7E6	#FEFEFE
2792	#C5BEE0	#FAFAFA
2793	#EFECF6	#FEFEFE
2794	#EEEBF6	#FFFFFF
2795	#E6E3F2	#FEFEFE
2796	#FDFDFE	#FFFFFF
2797	#F5F4FA	#FFFFFF
2798	#DFDAED	#FDFDFD
2799	#EFECF6	#FEFEFE
2800	#F9F1F0	#FFFFFF
2801	#EDEBF5	#FEFEFE
2802	#E0BDB9	#FDFDFD
2803	#F7EDEC	#FFFFFF
2804	#E6E3F2	#FEFEFE
2805	#E5E1F1	#FEFEFE
2806	#F9F1F0	#FFFFFF
2807	#FDFBFA	#FFFFFF
2808	#ECD5D2	#FEFEFE
2809	#FDFBFA	#FFFFFF
2810	#CAC3E2	#FBFBFB
2811	#CBC4E3	#FDFDFD
2812	#E6E2F1	#FEFEFE
2813	#FFFEFE	#FFFFFF
2814	#E8E5F3	#FEFEFE
2815	#E3DFF0	#FEFEFE
2816	#EFECF6	#FEFEFE
2817	#EBE8F4	#FEFEFE
2818	#CCC6E3	#FCFCFC
2819	#DCD8EC	#FEFEFE
2820	#F8EEED	#FFFFFF
2821	#CF9D97	#FCFCFC
2822	#D8D3EA	#FDFDFD
2824	#E3C3BF	#FDFDFD
2825	#FEFDFD	#FFFFFF
2826	#C68E87	#FBFBFB
2827	#FBFAFD	#FFFFFF
2828	#F6F5FA	#FFFFFF
2829	#FBF6F6	#FFFFFF
2830	#FDFDFE	#FFFFFF
2831	#D9B0AB	#FBFBFB
2832	#F9F1F0	#FFFFFF
2833	#E5E1F1	#FEFEFE
2834	#F9F0EF	#FFFFFF
2835	#FCF8F7	#FFFFFF
2836	#FAF9FC	#FFFFFF
2837	#F6F4FA	#FFFFFF
2838	#F1E0DE	#FEFEFE
2839	#FCF7F6	#FFFFFF
2840	#FAF5F4	#FFFFFF
2841	#FAF4F3	#FFFFFF
2842	#FBF6F6	#FFFFFF
2843	#F3F1F8	#FEFEFE
2844	#DCD7EC	#FEFEFE
2845	#E6C8C4	#FDFDFD
2846	#F8EFED	#FEFEFE
2847	#FBF6F6	#FFFFFF
2848	#F4E7E5	#FEFEFE
2849	#EEECF6	#FEFEFE
2850	#DCD7EC	#FEFEFE
2851	#F2F0F8	#FEFEFE
2852	#F9F8FC	#FFFFFF
2853	#E5E2F1	#FEFEFE
2854	#E4C4C0	#FDFDFD
2855	#DEDAED	#FEFEFE
2856	#BDB5DB	#FCFCFC
2857	#D3CEE7	#FDFDFD
2858	#D4CEE8	#FDFDFD
2859	#FAFAFD	#FFFFFF
2860	#DDD9ED	#FDFDFD
2861	#EEECF6	#FEFEFE
2862	#FFFEFE	#FFFFFF
2863	#F5E7E6	#FEFEFE
2864	#F2E3E0	#FEFEFE
2865	#F6F5FA	#FFFFFF
2866	#FBFBFD	#FFFFFF
2867	#E4C4C0	#FDFDFD
2868	#DDD9ED	#FEFEFE
2869	#F1DFDD	#FEFEFE
2870	#F8EFED	#FFFFFF
2871	#B7AFD8	#FDFDFD
2872	#A79ECF	#FBFBFB
2873	#F6F5FA	#FFFFFF
2874	#CBC4E3	#FDFDFD
2875	#F7EDEC	#FFFFFF
2876	#EFDCD9	#FEFEFE
2877	#F7F6FB	#FFFFFF
2878	#ECEAF5	#FEFEFE
2880	#F6F4FA	#FFFFFF
2881	#F3E4E2	#FEFEFE
2882	#F9F1F0	#FFFFFF
2883	#F8F7FB	#FFFFFF
2884	#FBF6F5	#FFFFFF
2885	#ECD4D1	#FDFDFD
2886	#FDFAFA	#FFFFFF
2887	#FCF7F7	#FFFFFF
2888	#EEECF6	#FEFEFE
2889	#F1F0F8	#FFFFFF
2890	#FCF7F6	#FFFFFF
2891	#BF817A	#FAFAFA
2892	#E8CDC9	#FDFDFD
2893	#FAF9FC	#FFFFFF
2894	#FEFDFD	#FFFFFF
2895	#F4E5E3	#FEFEFE
2896	#DDD8EC	#FDFDFD
2897	#FFFFFF	#FFFFFF
2898	#F9F9FC	#FFFFFF
2899	#FDFBFA	#FFFFFF
2900	#F7ECEB	#FFFFFF
2901	#958BC6	#F9F9F9
2902	#E5E2F1	#FEFEFE
2903	#E6C8C4	#FDFDFD
2904	#F8EEED	#FFFFFF
2905	#F8F7FB	#FFFFFF
2906	#FBFAFD	#FFFFFF
2907	#CF9D97	#FCFCFC
2908	#FDFAFA	#FFFFFF
2909	#DED9ED	#FDFDFD
2910	#E2DEEF	#FDFDFD
2911	#DDD9ED	#FDFDFD
2912	#E8E4F2	#FEFEFE
2913	#F6EAE8	#FEFEFE
2914	#E6C8C4	#FDFDFD
2915	#FAF9FC	#FFFFFF
2916	#DDD8EC	#FEFEFE
2917	#F9F8FC	#FFFFFF
2918	#EDEAF5	#FEFEFE
2919	#A79DCF	#FBFBFB
2920	#F9F8FC	#FFFFFF
2921	#E4E1F0	#FEFEFE
2922	#EBE8F4	#FEFEFE
2923	#FBFAFD	#FFFFFF
2925	#FDFBFB	#FFFFFF
2926	#ECD4D1	#FDFDFD
2927	#D5CFE8	#FDFDFD
2928	#D9D4EA	#FDFDFD
2929	#FDFCFE	#FFFFFF
2930	#C4BDDF	#FCFCFC
2931	#F4E5E3	#FEFEFE
2932	#FFFEFE	#FFFFFF
2933	#F7EDEC	#FEFEFE
2934	#E8E4F2	#FEFEFE
2935	#EFEDF7	#FEFEFE
2936	#EDD7D4	#FEFEFE
2937	#F9F8FC	#FFFFFF
2938	#F5F4FA	#FFFFFF
2939	#F6EAE9	#FEFEFE
2940	#F2F0F8	#FFFFFF
2941	#E6E3F1	#FEFEFE
2942	#F5F4FA	#FFFFFF
2943	#C78E87	#FBFBFB
2944	#FAF4F3	#FFFFFF
2945	#FFFEFE	#FFFFFF
2946	#EDEAF5	#FEFEFE
2947	#FDFBFB	#FFFFFF
2948	#F7EDEC	#FEFEFE
2949	#FEFDFD	#FFFFFF
2950	#D9B0AB	#FDFDFD
2951	#D2CCE7	#FCFCFC
2952	#EAE7F4	#FEFEFE
2953	#F2F0F8	#FEFEFE
2954	#F6F4FA	#FFFFFF
2955	#ECD5D2	#FEFEFE
2956	#F2F0F8	#FFFFFF
2957	#FCF8F7	#FFFFFF
2958	#FEFEFE	#FFFFFF
2959	#ECE9F5	#FEFEFE
2960	#E2DEEF	#FDFDFD
2961	#F0EEF7	#FEFEFE
2962	#F6EAE8	#FEFEFE
2963	#F6F5FA	#FFFFFF
2964	#FDFBFA	#FFFFFF
2965	#EBD4D1	#FDFDFD
2966	#CF9D97	#FCFCFC
2967	#F4E5E3	#FEFEFE
2968	#E9CECA	#FEFEFE
2969	#AEA5D3	#FCFCFC
2970	#E5E1F1	#FEFEFE
2971	#F8EEED	#FFFFFF
2972	#EEECF6	#FFFFFF
2973	#FAF9FC	#FFFFFF
2974	#E9E5F3	#FEFEFE
2975	#F1E0DE	#FEFEFE
2976	#E6E2F1	#FEFEFE
2977	#F4E7E5	#FEFEFE
2978	#FAF9FC	#FFFFFF
2979	#FBF5F5	#FFFFFF
2981	#F2E2E0	#FEFEFE
2982	#EEECF6	#FEFEFE
2983	#F8EEED	#FEFEFE
2984	#E6C8C4	#FDFDFD
2985	#EAE7F4	#FEFEFE
2986	#EDD7D4	#FEFEFE
2987	#F5F3FA	#FFFFFF
2988	#F0DEDB	#FEFEFE
2989	#FBF6F5	#FFFFFF
2990	#DFBBB6	#FCFCFC
2991	#FAF9FC	#FFFFFF
2992	#FBF6F5	#FFFFFF
2993	#FDFAFA	#FFFFFF
2994	#F3E4E2	#FEFEFE
2995	#D4CEE8	#FDFDFD
2996	#F6F5FA	#FFFFFF
2997	#EEDAD7	#FEFEFE
2998	#D8D3EA	#FDFDFD
2999	#F7EDEB	#FEFEFE
3000	#F2F0F8	#FEFEFE
3001	#F7EDEC	#FEFEFE
3002	#D5CFE8	#FCFCFC
3003	#E2C0BC	#FDFDFD
3004	#FBF6F6	#FFFFFF
3005	#FAF4F4	#FFFFFF
3006	#E1BEBA	#FDFDFD
3007	#F1E0DE	#FEFEFE
3008	#E8E5F3	#FEFEFE
3009	#F3F1F8	#FEFEFE
3010	#FBFBFD	#FFFFFF
3011	#ECE9F5	#FEFEFE
3012	#FBFAFD	#FFFFFF
3013	#E8E5F3	#FEFEFE
3014	#FBF6F6	#FFFFFF
3015	#F6F5FA	#FFFFFF
3016	#EEECF6	#FEFEFE
3017	#FBF6F5	#FFFFFF
3018	#FFFFFF	#FFFFFF
3019	#DDD8EC	#FEFEFE
3020	#FBF5F5	#FFFFFF
3021	#F6EAE9	#FEFEFE
3022	#F5F3F9	#FFFFFF
3023	#F7ECEB	#FFFFFF
3024	#FEFCFC	#FFFFFF
3026	#FDFBFA	#FFFFFF
3027	#FFFFFF	#FFFFFF
3028	#ECD5D2	#FEFEFE
3029	#E1BEB9	#FDFDFD
3030	#FAF9FC	#FFFFFF
3031	#E2DEEF	#FDFDFD
3032	#E5E1F1	#FEFEFE
3033	#CC9791	#FCFCFC
3034	#D4CFE8	#FDFDFD
3035	#FAF4F3	#FFFFFF
3036	#F0DCDA	#FEFEFE
3037	#E2DEEF	#FDFDFD
3038	#FBFAFD	#FFFFFF
3039	#FDFBFB	#FFFFFF
3040	#FCF9F8	#FFFFFF
3041	#F8F7FB	#FFFFFF
3042	#F5E8E6	#FEFEFE
3043	#CBC4E3	#FCFCFC
3044	#F7ECEB	#FFFFFF
3045	#BEB6DC	#FCFCFC
3046	#FBFBFD	#FFFFFF
3047	#FAF9FC	#FFFFFF
3048	#DED9ED	#FEFEFE
3049	#D8D2EA	#FDFDFD
3050	#EDEAF5	#FEFEFE
3051	#FAF2F1	#FFFFFF
3052	#F3E5E3	#FEFEFE
3053	#E0BDB9	#FDFDFD
3054	#ECD5D2	#FEFEFE
3055	#FEFDFD	#FFFFFF
3056	#F4E6E4	#FEFEFE
3057	#E1BEBA	#FEFEFE
3058	#E9CECA	#FEFEFE
3059	#EFDCDA	#FEFEFE
3060	#FBFAFD	#FFFFFF
3061	#D8D3EA	#FDFDFD
3062	#F8F7FB	#FFFFFF
3063	#E5E2F1	#FEFEFE
3064	#EDD6D3	#FEFEFE
3065	#DCD7EC	#FEFEFE
3066	#E4E0F0	#FEFEFE
3067	#F6EAE9	#FEFEFE
3068	#E4C4C0	#FDFDFD
3069	#B8AFD8	#FDFDFD
3070	#E9CECA	#FEFEFE
3071	#E5E2F1	#FEFEFE
3072	#FDFBFB	#FFFFFF
3073	#F7EEEC	#FFFFFF
3074	#CB9690	#FCFCFC
3075	#D4A5A0	#FCFCFC
3076	#F1E0DE	#FEFEFE
3077	#E5E1F1	#FEFEFE
3078	#CF9E97	#FCFCFC
3079	#EED9D6	#FEFEFE
3080	#F0EDF7	#FEFEFE
3082	#F9F0EF	#FFFFFF
3083	#F5E7E6	#FEFEFE
3084	#F2F0F8	#FFFFFF
3085	#FAFAFD	#FFFFFF
3086	#FBF6F5	#FFFFFF
3087	#F6EAE9	#FEFEFE
3088	#F9F0EF	#FFFFFF
3089	#F9F9FC	#FFFFFF
3090	#D9D4EA	#FDFDFD
3091	#F8F6FB	#FFFFFF
3092	#F7F6FB	#FFFFFF
3093	#F1DFDD	#FEFEFE
3094	#FAF9FC	#FFFFFF
3095	#FBF6F5	#FFFFFF
3096	#F5E9E7	#FEFEFE
3097	#FCFCFE	#FFFFFF
3098	#F9F8FC	#FFFFFF
3099	#EFEDF6	#FEFEFE
3100	#EAE7F4	#FEFEFE
3101	#FBFAFD	#FFFFFF
3102	#EFECF6	#FEFEFE
3103	#FCFCFE	#FFFFFF
3104	#F4E7E5	#FEFEFE
3105	#EEECF6	#FFFFFF
3106	#F4E6E4	#FEFEFE
3107	#D8D3EA	#FDFDFD
3108	#FBF6F6	#FFFFFF
3109	#EFEDF6	#FEFEFE
3110	#FEFCFC	#FFFFFF
3111	#E3DFF0	#FEFEFE
3112	#D8D3EA	#FDFDFD
3113	#F3E4E3	#FEFEFE
3114	#E6C8C4	#FDFDFD
3116	#F4E5E4	#FEFEFE
3117	#F7EDEC	#FFFFFF
3118	#F6F5FA	#FFFFFF
3119	#D4CEE8	#FDFDFD
3120	#EEECF6	#FFFFFF
3121	#FCF7F7	#FFFFFF
3122	#F9F2F1	#FFFFFF
3123	#F6F5FA	#FFFFFF
3124	#FBFAFD	#FFFFFF
3125	#F9F8FC	#FFFFFF
3127	#F8EEED	#FFFFFF
3128	#FBFAFD	#FFFFFF
3129	#F4E5E4	#FEFEFE
3130	#F7ECEA	#FFFFFF
3131	#E8CDCA	#FDFDFD
3132	#F1E0DD	#FEFEFE
3133	#F1E0DE	#FEFEFE
3134	#CF9D97	#FCFCFC
3135	#DDD9ED	#FDFDFD
3136	#C7C0E1	#FBFBFB
3137	#CDC7E4	#FCFCFC
3138	#F1E0DE	#FEFEFE
3139	#F6F5FA	#FFFFFF
3140	#FDFDFE	#FFFFFF
3141	#EEECF6	#FEFEFE
3142	#DDD8EC	#FDFDFD
3143	#FDFBFA	#FFFFFF
3144	#E8CDCA	#FDFDFD
3145	#EDD6D3	#FEFEFE
3146	#DCD7EC	#FEFEFE
3147	#EBD4D1	#FDFDFD
3148	#F6F5FA	#FFFFFF
3149	#DDD8EC	#FEFEFE
3150	#FEFCFC	#FFFFFF
3151	#FDFBFA	#FFFFFF
3152	#F9F1F0	#FFFFFF
3153	#E4E1F0	#FEFEFE
3154	#F7EDEC	#FEFEFE
3155	#E0BCB7	#FCFCFC
3156	#FDFBFB	#FFFFFF
3157	#F6EAE8	#FEFEFE
3158	#FBF6F6	#FFFFFF
3159	#F2E1DF	#FEFEFE
3160	#DCD8EC	#FEFEFE
3161	#DDD9ED	#FDFDFD
3162	#C9C2E2	#FAFAFA
3163	#F4E5E3	#FEFEFE
3164	#F1E0DE	#FEFEFE
3165	#D4CEE8	#FDFDFD
3166	#F2F0F8	#FEFEFE
3167	#E1BEBA	#FEFEFE
3168	#DED9ED	#FEFEFE
3169	#D9B0AB	#FDFDFD
3170	#F7EDEC	#FFFFFF
3171	#DCD7EC	#FEFEFE
3172	#FEFDFD	#FFFFFF
3173	#EFECF6	#FFFFFF
3174	#ECD5D2	#FEFEFE
3175	#FDFBFA	#FFFFFF
3176	#ECD6D3	#FEFEFE
3177	#FBF6F5	#FFFFFF
3178	#F5F4FA	#FFFFFF
3179	#E6C8C4	#FDFDFD
3180	#F7EEEC	#FFFFFF
3181	#D4CFE8	#FDFDFD
3183	#EBE8F4	#FEFEFE
3184	#F7ECEB	#FFFFFF
3185	#F7EDEC	#FEFEFE
3186	#F9F9FC	#FFFFFF
3187	#F6F4FA	#FFFFFF
3188	#EAE7F4	#FEFEFE
3189	#DEB9B4	#FCFCFC
3190	#FEFEFF	#FFFFFF
3191	#D8D3EA	#FDFDFD
3192	#E8E4F2	#FEFEFE
3193	#FFFFFF	#FFFFFF
3194	#FDFBFB	#FFFFFF
3195	#F1E0DD	#FEFEFE
3196	#FBF6F6	#FFFFFF
3197	#F2F0F8	#FFFFFF
3198	#ECE9F5	#FEFEFE
3199	#EFEDF6	#FEFEFE
3200	#E4E1F1	#FEFEFE
3201	#C68E87	#FBFBFB
3202	#CF9D97	#FCFCFC
3203	#F1E0DD	#FEFEFE
3204	#BF827B	#FAFAFA
3205	#DEDAED	#FEFEFE
3206	#FBF6F5	#FFFFFF
3207	#EFEDF6	#FEFEFE
3208	#C3BBDE	#FDFDFD
3209	#F9F1F0	#FFFFFF
3210	#FBFAFD	#FFFFFF
3211	#EBE8F4	#FEFEFE
3212	#EAE7F4	#FEFEFE
3213	#FCFBFD	#FFFFFF
3214	#F1E0DD	#FEFEFE
3215	#EEECF6	#FEFEFE
3216	#EDD7D4	#FEFEFE
3217	#F7ECEA	#FFFFFF
3218	#EEECF6	#FFFFFF
3219	#E8E5F3	#FEFEFE
3220	#F4E6E4	#FEFEFE
3221	#F2F0F8	#FFFFFF
3222	#F9F1F0	#FFFFFF
3223	#ECEAF5	#FEFEFE
3224	#CDC6E4	#FCFCFC
3225	#FEFDFD	#FFFFFF
3226	#E1BEBA	#FDFDFD
3228	#F9F2F1	#FFFFFF
3229	#F6EAE8	#FEFEFE
3230	#DCD7EC	#FEFEFE
3231	#DDD9ED	#FDFDFD
3232	#FBFAFD	#FFFFFF
3233	#F9F8FC	#FFFFFF
3234	#F6F5FA	#FFFFFF
3235	#E6E2F1	#FEFEFE
3236	#F1E0DE	#FEFEFE
3237	#FFFFFF	#FFFFFF
3238	#D7D2EA	#FDFDFD
3239	#FFFFFF	#FFFFFF
3240	#F9F8FC	#FFFFFF
3241	#FCFBFD	#FFFFFF
3242	#CDC6E4	#FBFBFB
3243	#E5E2F1	#FEFEFE
3244	#FEFCFB	#FFFFFF
3245	#C78E88	#FBFBFB
3246	#F4E7E5	#FEFEFE
3247	#F7ECEB	#FEFEFE
3248	#FBF6F5	#FFFFFF
3249	#FBF6F5	#FFFFFF
3250	#FAF3F2	#FFFFFF
3251	#E3E0F0	#FEFEFE
3252	#F8EEED	#FEFEFE
3253	#FAF4F3	#FFFFFF
3254	#DCB5B1	#FCFCFC
3255	#EDD6D3	#FEFEFE
3256	#EFDCDA	#FEFEFE
3257	#EDEAF5	#FEFEFE
3258	#F2F0F8	#FFFFFF
3259	#E5E1F1	#FEFEFE
3260	#F8EFEE	#FEFEFE
3261	#ECE9F5	#FEFEFE
3262	#FAF4F3	#FFFFFF
3263	#FDFCFE	#FFFFFF
3264	#FEFDFD	#FFFFFF
3265	#F1E0DD	#FEFEFE
3266	#E2C1BD	#FDFDFD
3267	#EEECF6	#FFFFFF
3268	#DEDAED	#FDFDFD
3269	#E4E1F0	#FEFEFE
3270	#FBF6F5	#FFFFFF
3271	#F7F5FA	#FFFFFF
3272	#F7EDEC	#FEFEFE
3273	#DCD7EC	#FEFEFE
3274	#D4CFE8	#FEFEFE
3275	#FBF6F6	#FFFFFF
3276	#E5C7C4	#FDFDFD
3277	#EEEBF6	#FFFFFF
3278	#EEEBF6	#FFFFFF
3279	#FBFBFD	#FFFFFF
3280	#FCFCFD	#FFFFFF
3281	#EED9D7	#FEFEFE
3282	#C9928B	#FBFBFB
3284	#F8EEED	#FFFFFF
3285	#F1E0DE	#FEFEFE
3286	#ECD4D1	#FDFDFD
3287	#F6F4FA	#FFFFFF
3288	#CDC6E4	#FCFCFC
3289	#FBF7F6	#FFFFFF
3290	#FDFBFA	#FFFFFF
3291	#FDFBFB	#FFFFFF
3292	#F2F1F8	#FFFFFF
3293	#F2F0F8	#FFFFFF
3294	#F4F2F9	#FEFEFE
3295	#EFECF6	#FEFEFE
3296	#E5C7C3	#FCFCFC
3297	#F5F4FA	#FFFFFF
3298	#F7F6FB	#FFFFFF
3299	#FAF9FC	#FFFFFF
3300	#EBE9F4	#FEFEFE
3301	#E2DEEF	#FDFDFD
3302	#F6F4FA	#FFFFFF
3303	#FBF6F5	#FFFFFF
3304	#F9F2F1	#FFFFFF
3305	#EEEBF6	#FEFEFE
3306	#FEFEFD	#FFFFFF
3307	#F7EDEC	#FEFEFE
3308	#CB9790	#FCFCFC
3309	#E7E4F2	#FEFEFE
3310	#DDD8EC	#FEFEFE
3311	#F3E5E3	#FEFEFE
3312	#ECE9F5	#FEFEFE
3313	#F6F5FA	#FFFFFF
3314	#F7EDEB	#FFFFFF
3315	#E9CECB	#FEFEFE
3316	#D9AFAA	#FDFDFD
3317	#F6EAE9	#FEFEFE
3318	#CC9791	#FCFCFC
3319	#FAF9FC	#FFFFFF
3320	#DCD7EC	#FEFEFE
3321	#F4E5E3	#FEFEFE
3322	#F6EAE8	#FEFEFE
3323	#F6F5FA	#FFFFFF
3324	#DDD9ED	#FEFEFE
3325	#F7EDEB	#FFFFFF
3326	#E6C9C5	#FDFDFD
3327	#FAFAFC	#FFFFFF
3329	#F2F0F8	#FFFFFF
3330	#EEECF6	#FFFFFF
3331	#FEFEFE	#FFFFFF
3332	#F2F0F8	#FFFFFF
3333	#E8CECA	#FEFEFE
3334	#DDD8ED	#FEFEFE
3335	#FDFAFA	#FFFFFF
3336	#EED9D7	#FEFEFE
3337	#DED9ED	#FEFEFE
3338	#FFFEFE	#FFFFFF
3339	#EAD2CE	#FDFDFD
3340	#E2DEEF	#FDFDFD
3341	#FCF7F7	#FFFFFF
3342	#EBE8F4	#FEFEFE
3343	#E2C0BC	#FDFDFD
3344	#FDFBFA	#FFFFFF
3345	#FBFAFD	#FFFFFF
3346	#C48A83	#FBFBFB
3347	#EAE8F4	#FEFEFE
3348	#DED9ED	#FDFDFD
3349	#E6E2F1	#FEFEFE
3350	#DFBBB7	#FCFCFC
3351	#FCFCFE	#FFFFFF
3352	#FEFCFB	#FFFFFF
3353	#D5CFE8	#FDFDFD
3354	#EEECF6	#FEFEFE
3355	#FBF5F5	#FFFFFF
3356	#EBE8F4	#FEFEFE
3357	#E1BEBA	#FDFDFD
3358	#E5E1F1	#FEFEFE
3359	#FCF7F7	#FFFFFF
3360	#D4CEE8	#FCFCFC
3361	#EBE9F4	#FEFEFE
3362	#E8E5F3	#FEFEFE
3363	#E6C8C4	#FDFDFD
3364	#CCC5E3	#FDFDFD
3365	#F8EEEC	#FFFFFF
3366	#F2E1DF	#FEFEFE
3367	#D8D3EA	#FDFDFD
3368	#F8EFED	#FFFFFF
3369	#E8CDCA	#FEFEFE
3370	#E6E3F1	#FEFEFE
3371	#FFFFFF	#FFFFFF
3372	#ECD6D3	#FEFEFE
3373	#FBF6F6	#FFFFFF
3374	#FAFAFC	#FFFFFF
3375	#F4E6E4	#FEFEFE
3376	#D9B0AB	#FDFDFD
3377	#F1E0DD	#FEFEFE
3378	#E0BEB9	#FEFEFE
3379	#DDD9ED	#FDFDFD
3380	#D9B0AB	#FDFDFD
3381	#F2E2E0	#FEFEFE
3382	#FDFBFA	#FFFFFF
3383	#F8EEED	#FEFEFE
3385	#ECD4D1	#FDFDFD
3386	#CF9E97	#FCFCFC
3387	#E1BEBA	#FEFEFE
3388	#ECD5D2	#FEFEFE
3389	#E6C8C4	#FDFDFD
3390	#ECD5D2	#FEFEFE
3391	#F7ECEA	#FFFFFF
3392	#FAFAFD	#FFFFFF
3393	#FEFDFD	#FFFFFF
3394	#C68D87	#FBFBFB
3395	#F6F4FA	#FFFFFF
3396	#ECD5D2	#FEFEFE
3397	#E1BEBA	#FEFEFE
3398	#F4E5E3	#FEFEFE
3399	#D9B0AB	#FDFDFD
3400	#E1BEB9	#FEFEFE
3401	#C68D87	#FBFBFB
3402	#E6C8C4	#FDFDFD
3403	#F9F2F1	#FFFFFF
3404	#F4E5E3	#FEFEFE
3405	#DDD9ED	#FEFEFE
3406	#FFFFFE	#FFFFFF
3407	#FBF6F5	#FFFFFF
3408	#CC9790	#FCFCFC
3409	#E6C8C4	#FCFCFC
3410	#EFEDF7	#FEFEFE
3411	#E1BEBA	#FDFDFD
3412	#FEFEFD	#FFFFFF
3413	#F9F8FC	#FFFFFF
3414	#F2E1DF	#FEFEFE
3415	#E6C8C5	#FDFDFD
3416	#E4C4BF	#FDFDFD
3417	#EFDCDA	#FEFEFE
3418	#E8E5F3	#FEFEFE
3419	#E8CECA	#FEFEFE
3420	#FBFBFD	#FFFFFF
3421	#EEECF6	#FFFFFF
3422	#F2F0F8	#FFFFFF
3423	#FBFBFD	#FFFFFF
3424	#EBE8F4	#FEFEFE
3425	#F6E9E8	#FEFEFE
3426	#EEDAD7	#FDFDFD
3427	#FEFEFE	#FFFFFF
3428	#F4E5E3	#FEFEFE
3430	#E4C4C0	#FDFDFD
3431	#E4C4C0	#FDFDFD
3432	#CF9C96	#FCFCFC
3433	#E6C8C4	#FDFDFD
3434	#F4E5E4	#FEFEFE
3435	#E0BCB7	#FCFCFC
3436	#ECD5D2	#FEFEFE
3437	#D9B0AA	#FDFDFD
3438	#EED9D6	#FEFEFE
3439	#FBFAFD	#FFFFFF
3440	#E1BEB9	#FDFDFD
3441	#B7AFD8	#FDFDFD
3442	#ECD6D3	#FEFEFE
3443	#F7ECEB	#FFFFFF
3444	#F8EEEC	#FFFFFF
3445	#F7EDEC	#FEFEFE
3446	#AEA5D3	#FCFCFC
3447	#F5E8E6	#FEFEFE
3448	#E9CECB	#FEFEFE
3449	#F9F8FC	#FFFFFF
3450	#F7ECEB	#FFFFFF
3451	#F1E0DD	#FEFEFE
3452	#F9F1F0	#FFFFFF
3453	#F9F8FC	#FFFFFF
3454	#F4E5E3	#FEFEFE
3455	#FDFAF9	#FFFFFF
3456	#FFFFFF	#FFFFFF
3457	#F4E5E3	#FEFEFE
3458	#F3E4E2	#FEFEFE
3459	#C68D87	#FBFBFB
3460	#F6F5FA	#FFFFFF
3461	#F5E7E6	#FEFEFE
3462	#FDFDFE	#FFFFFF
3463	#E5E1F1	#FEFEFE
3464	#FCF7F7	#FFFFFF
3465	#F1E0DE	#FEFEFE
3466	#F7ECEB	#FFFFFF
3467	#F9F2F1	#FFFFFF
3468	#ECD5D2	#FEFEFE
3469	#F9F8FC	#FFFFFF
3470	#F8EEED	#FFFFFF
3471	#F9F9FC	#FFFFFF
3472	#ECEAF5	#FEFEFE
3473	#E9CFCC	#FDFDFD
3474	#E7E4F2	#FDFDFD
3475	#F7F6FB	#FFFFFF
3476	#F8EFEE	#FEFEFE
3477	#F7EDEC	#FEFEFE
3478	#F9F1F0	#FFFFFF
3479	#EAE7F4	#FEFEFE
3480	#D9B0AB	#FDFDFD
3481	#D9B0AB	#FDFDFD
3482	#C9928B	#FBFBFB
3483	#E9CECA	#FEFEFE
3484	#E4C4C0	#FDFDFD
3486	#FBFAFD	#FFFFFF
3487	#FEFDFC	#FFFFFF
3488	#EAD1CE	#FDFDFD
3489	#FCFBFD	#FFFFFF
3490	#D4CEE8	#FEFEFE
3491	#ECEAF5	#FEFEFE
3492	#E1DDEF	#FDFDFD
3493	#E7E4F2	#FDFDFD
3494	#FBF7F6	#FFFFFF
3495	#F6F5FA	#FFFFFF
3496	#EAE7F4	#FEFEFE
3497	#E0BDB9	#FDFDFD
3498	#FCF7F6	#FFFFFF
3499	#EBD2CF	#FDFDFD
3500	#F9F1F0	#FEFEFE
3501	#EDD7D4	#FEFEFE
3502	#D4A5A0	#FCFCFC
3503	#DDD9ED	#FDFDFD
3504	#E5E1F1	#FDFDFD
3505	#FCF8F8	#FFFFFF
3506	#FEFCFC	#FFFFFF
3507	#FCF7F7	#FFFFFF
3508	#FDFBFB	#FFFFFF
3509	#EFDCDA	#FEFEFE
3510	#F1EFF7	#FEFEFE
3511	#DAD5EB	#FCFCFC
3512	#FBF6F5	#FFFFFF
3513	#F6F5FA	#FFFFFF
3514	#EAE7F4	#FEFEFE
3515	#FFFFFF	#FFFFFF
3516	#F3E4E2	#FEFEFE
3517	#F7EDEC	#FEFEFE
3518	#EAD2CE	#FDFDFD
3519	#EFEDF7	#FEFEFE
3520	#EED9D6	#FEFEFE
3521	#F6F5FA	#FFFFFF
3522	#F7F5FA	#FFFFFF
3523	#F7ECEB	#FFFFFF
3524	#FAFAFD	#FFFFFF
3525	#EAE7F4	#FEFEFE
3526	#ECD5D2	#FEFEFE
3527	#E8E5F3	#FEFEFE
3528	#EBD4D0	#FEFEFE
3529	#E8CECA	#FEFEFE
3531	#F9F8FC	#FFFFFF
3532	#E4C4C0	#FDFDFD
3533	#FBFBFD	#FFFFFF
3534	#ECD6D3	#FEFEFE
3535	#FBFBFD	#FFFFFF
3536	#FBF6F6	#FFFFFF
3537	#F6E9E8	#FEFEFE
3538	#ECD4D1	#FEFEFE
3539	#FCFCFD	#FFFFFF
3540	#F7EEEC	#FFFFFF
3541	#FFFFFF	#FFFFFF
3542	#EBE8F4	#FEFEFE
3543	#EFEDF6	#FEFEFE
3544	#F5F4FA	#FFFFFF
3545	#FDFDFE	#FFFFFF
3546	#FFFEFE	#FFFFFF
3547	#FBFAFD	#FFFFFF
3548	#E6E3F2	#FEFEFE
3549	#D9B0AB	#FDFDFD
3550	#F9F2F1	#FFFFFF
3551	#F2F0F8	#FEFEFE
3552	#FBFAFD	#FFFFFF
3553	#F0DDDB	#FEFEFE
3554	#FDFBFB	#FFFFFF
3555	#F1DFDD	#FEFEFE
3556	#E4E0F0	#FEFEFE
3557	#FBF6F6	#FFFFFF
3558	#F9F8FC	#FFFFFF
3559	#F0DDDA	#FEFEFE
3560	#F9F1F0	#FFFFFF
3561	#F6EBEA	#FEFEFE
3562	#F3F1F8	#FEFEFE
3563	#DDD8ED	#FDFDFD
3564	#FAF9FC	#FFFFFF
3565	#FBFBFD	#FFFFFF
3566	#FBF6F6	#FFFFFF
3567	#F1E0DD	#FEFEFE
3568	#EDEAF5	#FEFEFE
3569	#FAF9FC	#FFFFFF
3570	#FCF7F7	#FFFFFF
3571	#E5E1F1	#FEFEFE
3572	#FBF6F6	#FFFFFF
3573	#FBF6F5	#FFFFFF
3574	#FDFCFE	#FFFFFF
3575	#F1DFDD	#FEFEFE
3576	#FBF6F6	#FFFFFF
3577	#ECD5D2	#FEFEFE
3578	#D4A59F	#FCFCFC
3579	#F8EEED	#FFFFFF
3581	#FEFCFC	#FFFFFF
3582	#E6E3F1	#FEFEFE
3583	#BDB5DB	#FCFCFC
3584	#FBF7F6	#FFFFFF
3585	#F9F1F0	#FFFFFF
3587	#EFECF6	#FEFEFE
3588	#F5E9E8	#FEFEFE
3589	#F2E1DF	#FEFEFE
3590	#DEDAED	#FEFEFE
3591	#F2F0F8	#FFFFFF
3592	#E5E2F1	#FEFEFE
3593	#F9F1F0	#FFFFFF
3594	#D2CCE6	#FCFCFC
3595	#F5F4FA	#FFFFFF
3596	#FBF7F6	#FFFFFF
3597	#F6F5FA	#FFFFFF
3598	#ECE9F5	#FEFEFE
3599	#FDFAFA	#FFFFFF
3600	#FAF9FC	#FFFFFF
3601	#EDD6D3	#FEFEFE
3602	#FBF7F6	#FFFFFF
3603	#F6F5FA	#FFFFFF
3604	#FCF7F7	#FFFFFF
3605	#CFC9E5	#FBFBFB
3606	#EFECF6	#FFFFFF
3607	#D0CAE6	#FCFCFC
3608	#F7ECEB	#FFFFFF
3609	#D4CEE8	#FDFDFD
3610	#E5E1F1	#FEFEFE
3611	#FFFFFF	#FFFFFF
3612	#F5E9E7	#FEFEFE
3613	#FFFEFE	#FFFFFF
3614	#FAF9FC	#FFFFFF
3615	#E8CDCA	#FEFEFE
3616	#D9B0AB	#FDFDFD
3617	#F4E5E3	#FEFEFE
3618	#ECD5D2	#FEFEFE
3619	#D3CDE7	#FDFDFD
3620	#EEECF6	#FEFEFE
3621	#BEB6DB	#FCFCFC
3622	#FCFCFE	#FFFFFF
3623	#DEDAED	#FDFDFD
3624	#E6C8C5	#FDFDFD
3625	#EFEDF7	#FFFFFF
3626	#CC9790	#FCFCFC
3627	#EED9D6	#FEFEFE
3629	#FAF9FC	#FFFFFF
3630	#E8CDCA	#FEFEFE
3632	#C48A83	#FBFBFB
3633	#EEECF6	#FFFFFF
3634	#E4E0F0	#FEFEFE
3635	#FBF6F5	#FFFFFF
3636	#F6F5FA	#FFFFFF
3637	#F7ECEA	#FFFFFF
3638	#F7ECEB	#FFFFFF
3639	#E1BEB9	#FDFDFD
3640	#E3DFF0	#FEFEFE
3641	#FCF9F8	#FFFFFF
3642	#ECEAF5	#FEFEFE
3643	#FEFCFB	#FFFFFF
3644	#FDFAF9	#FFFFFF
3645	#EEECF6	#FEFEFE
3646	#E5E1F1	#FDFDFD
3647	#E8E4F2	#FEFEFE
3648	#F1E0DE	#FEFEFE
3649	#E7E4F2	#FEFEFE
3650	#D0CAE6	#FCFCFC
3651	#F9F8FC	#FFFFFF
3652	#F4E7E5	#FEFEFE
3653	#DEDAED	#FDFDFD
3654	#EBD2CF	#FDFDFD
3655	#FCFBFD	#FFFFFF
3656	#F6F4FA	#FFFFFF
3657	#FCFBFD	#FFFFFF
3658	#ECD4D1	#FEFEFE
3659	#F9F1F0	#FFFFFF
3660	#F7ECEA	#FEFEFE
3661	#FAF9FC	#FFFFFF
3662	#F7EDEB	#FFFFFF
3663	#DCD7EC	#FDFDFD
3664	#F3F1F8	#FFFFFF
3665	#DDD8ED	#FEFEFE
3666	#FAF9FC	#FFFFFF
3667	#F7EDEC	#FFFFFF
3668	#F5F4FA	#FFFFFF
3669	#FAF9FC	#FFFFFF
3670	#F7EDEC	#FFFFFF
3671	#EEECF6	#FFFFFF
3672	#F2F0F8	#FFFFFF
3673	#F7EEEC	#FFFFFF
3674	#F0DCDA	#FEFEFE
3675	#FAF9FC	#FFFFFF
3676	#E6C9C5	#FDFDFD
3677	#FAFAFD	#FFFFFF
3678	#EBD4D0	#FEFEFE
3680	#D4A5A0	#FCFCFC
3681	#E1BEB9	#FEFEFE
3682	#F7F5FA	#FFFFFF
3683	#F1E0DD	#FEFEFE
3684	#C5BEDF	#FCFCFC
3685	#F9F1EF	#FFFFFF
3686	#EFECF6	#FEFEFE
3688	#F8EEED	#FFFFFF
3689	#E9CECA	#FEFEFE
3690	#FAF4F3	#FFFFFF
3691	#B8AFD8	#FAFAFA
3692	#D8D2EA	#FDFDFD
3693	#EDEBF5	#FEFEFE
3694	#C2BBDE	#FBFBFB
3695	#EFECF6	#FEFEFE
3696	#FDFDFE	#FFFFFF
3697	#FFFEFE	#FFFFFF
3698	#F6EBE9	#FEFEFE
3699	#EFECF6	#FEFEFE
3700	#DCD8EC	#FEFEFE
3701	#F6F4FA	#FFFFFF
3702	#FCF7F6	#FFFFFF
3703	#FDFDFE	#FFFFFF
3704	#E0BDB9	#FDFDFD
3705	#FDFAF9	#FFFFFF
3706	#FCF8F7	#FFFFFF
3707	#F9F1F0	#FFFFFF
3708	#E6E2F1	#FEFEFE
3709	#F6F4FA	#FFFFFF
3710	#D7D2E9	#FDFDFD
3711	#F6EAE8	#FEFEFE
3712	#FDFDFE	#FFFFFF
3713	#F1EFF8	#FEFEFE
3714	#EDEAF5	#FEFEFE
3715	#F4E5E3	#FEFEFE
3716	#F8EEED	#FFFFFF
3717	#F1E0DE	#FEFEFE
3718	#FCF7F7	#FFFFFF
3719	#D4A6A0	#FCFCFC
3720	#DCD7EC	#FEFEFE
3721	#B7AFD8	#FDFDFD
3722	#FBF6F5	#FFFFFF
3723	#F7ECEA	#FFFFFF
3724	#F9F8FC	#FFFFFF
3725	#EFEDF6	#FEFEFE
3726	#F9F8FC	#FFFFFF
3727	#C9928C	#FBFBFB
3728	#F8EEED	#FFFFFF
3729	#D9AFAA	#FDFDFD
3730	#E1BEB9	#FEFEFE
3731	#E1BEBA	#FEFEFE
3733	#F6F5FA	#FFFFFF
3734	#FBF6F5	#FFFFFF
3735	#E9E6F3	#FEFEFE
3736	#EFEDF6	#FEFEFE
3737	#FBF7F6	#FFFFFF
3738	#FAF9FC	#FFFFFF
3739	#E9CECA	#FEFEFE
3740	#ECD5D2	#FEFEFE
3741	#F7ECEA	#FEFEFE
3742	#FDFBFB	#FFFFFF
3743	#FFFEFE	#FFFFFF
3744	#F9F8FC	#FFFFFF
3745	#DED9ED	#FDFDFD
3746	#D7D2EA	#FDFDFD
3747	#EAE7F3	#FEFEFE
3748	#E9E6F3	#FEFEFE
3749	#FBFBFD	#FFFFFF
3750	#F8EEED	#FEFEFE
3751	#FBF6F5	#FFFFFF
3752	#E0BEB9	#FDFDFD
3753	#FFFEFE	#FFFFFF
3754	#FCF7F7	#FFFFFF
3755	#FBFBFD	#FFFFFF
3756	#FDFCFE	#FFFFFF
3757	#DCD7EC	#FEFEFE
3758	#F6EBE9	#FEFEFE
3759	#EFEDF6	#FEFEFE
3760	#EBE9F4	#FEFEFE
3761	#EBD2CF	#FDFDFD
3762	#DDD9ED	#FEFEFE
3763	#D4CEE8	#FDFDFD
3764	#EFEDF6	#FEFEFE
3765	#D1CAE6	#FCFCFC
3766	#F7ECEA	#FFFFFF
3767	#FBF6F5	#FFFFFF
3768	#FFFFFF	#FFFFFF
3769	#E9E5F3	#FEFEFE
3770	#EDEBF5	#FEFEFE
3771	#F6F5FA	#FFFFFF
3772	#DED9ED	#FDFDFD
3773	#EAD2CF	#FDFDFD
3774	#FFFEFE	#FFFFFF
3775	#FEFEFE	#FFFFFF
3776	#D3A59F	#FCFCFC
3777	#D9B0AB	#FDFDFD
3778	#DEB9B4	#FCFCFC
3780	#FAF9FC	#FFFFFF
3781	#EBD3D0	#FEFEFE
3782	#EBD3D0	#FEFEFE
3783	#FEFDFD	#FFFFFF
3784	#FFFFFF	#FFFFFF
3785	#E1BEB9	#FDFDFD
3786	#EEEBF6	#FEFEFE
3787	#E4E1F1	#FEFEFE
3789	#FCFBFD	#FFFFFF
3790	#FBFAFD	#FFFFFF
3791	#E6C9C5	#FDFDFD
3792	#FDFDFE	#FFFFFF
3793	#F6E9E8	#FEFEFE
3794	#D1CBE6	#FCFCFC
3795	#DEDAED	#FCFCFC
3796	#E2DEEF	#FDFDFD
3797	#DDD8EC	#FDFDFD
3798	#D9D4EA	#FCFCFC
3799	#FBF6F5	#FFFFFF
3800	#EAE7F4	#FEFEFE
3801	#FBF5F5	#FFFFFF
3802	#F1EFF8	#FFFFFF
3803	#F5E8E6	#FEFEFE
3804	#EDD6D3	#FEFEFE
3805	#E5E2F1	#FEFEFE
3806	#E2C1BC	#FDFDFD
3807	#E4E1F1	#FEFEFE
3808	#FAFAFC	#FFFFFF
3809	#FAF4F4	#FFFFFF
3810	#EAE7F4	#FEFEFE
3811	#FFFEFE	#FFFFFF
3812	#E4E0F0	#FEFEFE
3813	#EFECF6	#FEFEFE
3814	#F5F4FA	#FFFFFF
3815	#FBF5F5	#FFFFFF
3816	#E1BEBA	#FEFEFE
3817	#F5E7E5	#FEFEFE
3818	#FEFEFE	#FFFFFF
3819	#FAF9FC	#FFFFFF
3820	#FCF8F7	#FFFFFF
3821	#E1BEB9	#FDFDFD
3822	#D4CFE8	#FEFEFE
3823	#FAF9FC	#FFFFFF
3824	#EDEBF5	#FEFEFE
3825	#F4E6E4	#FEFEFE
3826	#E9E6F3	#FEFEFE
3827	#E1BEBA	#FEFEFE
3828	#CF9D97	#FCFCFC
3830	#D5CFE8	#FEFEFE
3831	#EBD4D0	#FEFEFE
3832	#EBD4D0	#FEFEFE
3834	#EBD3D0	#FEFEFE
3835	#CCC5E3	#FDFDFD
3836	#FEFEFE	#FFFFFF
3837	#FEFEFE	#FFFFFF
3838	#F4E5E3	#FEFEFE
3839	#E8CDCA	#FEFEFE
3840	#FFFEFE	#FFFFFF
3841	#EFDBD9	#FEFEFE
3842	#E8E5F2	#FEFEFE
3843	#FBFBFD	#FFFFFF
3844	#F8F7FB	#FFFFFF
3845	#F7F5FA	#FFFFFF
3846	#F0DCDA	#FEFEFE
3847	#F9F1F0	#FFFFFF
3848	#F7EEEC	#FFFFFF
3849	#CEC8E4	#FCFCFC
3850	#EEECF6	#FEFEFE
3851	#EEECF6	#FEFEFE
3852	#F1E1DE	#FEFEFE
3853	#E5E2F1	#FEFEFE
3854	#E5E1F1	#FDFDFD
3855	#FDFBFA	#FFFFFF
3856	#EFDCD9	#FEFEFE
3857	#F2F0F8	#FFFFFF
3858	#F4E5E3	#FEFEFE
3859	#F6F5FA	#FFFFFF
3860	#EDEBF5	#FEFEFE
3861	#F5F3FA	#FFFFFF
3862	#D9D4EA	#FCFCFC
3863	#EFEDF6	#FEFEFE
3864	#F2F1F8	#FFFFFF
3865	#FDFBFB	#FFFFFF
3866	#FBF7F6	#FFFFFF
3867	#FEFDFE	#FFFFFF
3868	#F5E8E6	#FEFEFE
3869	#F1E0DE	#FEFEFE
3870	#FEFDFD	#FFFFFF
3871	#F1EFF7	#FEFEFE
3872	#FBF5F4	#FFFFFF
3873	#E4C4C0	#FDFDFD
3874	#FBF6F6	#FFFFFF
3875	#E8E5F3	#FEFEFE
3876	#F1E0DE	#FEFEFE
3877	#F1DFDD	#FEFEFE
3878	#CC9791	#FCFCFC
3879	#E1BEBA	#FEFEFE
3880	#E1BEB9	#FEFEFE
3883	#EBD3D0	#FEFEFE
3884	#EFECF6	#FEFEFE
3885	#DDD9ED	#FEFEFE
3886	#EED9D7	#FEFEFE
3887	#F4E5E4	#FEFEFE
3888	#FFFFFF	#FFFFFF
3890	#FDFBFB	#FFFFFF
3891	#E8E5F3	#FEFEFE
3892	#C1B9DD	#FAFAFA
3893	#C6BFE0	#FCFCFC
3894	#F7F6FB	#FFFFFF
3895	#F5F3F9	#FFFFFF
3896	#D7D1E9	#FDFDFD
3897	#FEFDFD	#FFFFFF
3898	#FEFDFD	#FFFFFF
3899	#FCF7F7	#FFFFFF
3900	#FAF4F3	#FFFFFF
3901	#FCFCFD	#FFFFFF
3902	#ECD5D2	#FEFEFE
3903	#D5CFE8	#FCFCFC
3904	#E1DDEF	#FDFDFD
3905	#D6D1E9	#FDFDFD
3906	#FAF9FC	#FFFFFF
3907	#F4E6E4	#FEFEFE
3908	#EDD6D3	#FEFEFE
3909	#EED9D7	#FEFEFE
3910	#E9CFCC	#FDFDFD
3911	#EBE8F4	#FEFEFE
3912	#FBF7F6	#FFFFFF
3913	#E6E3F2	#FEFEFE
3914	#F7ECEB	#FEFEFE
3915	#FEFDFD	#FFFFFF
3916	#CCC5E3	#FDFDFD
3917	#FDFCFE	#FFFFFF
3918	#FCFCFD	#FFFFFF
3919	#F6EAE9	#FEFEFE
3920	#FFFEFE	#FFFFFF
3921	#C9928C	#FBFBFB
3922	#EFECF6	#FEFEFE
3923	#FBFBFD	#FFFFFF
3924	#F3E5E3	#FEFEFE
3925	#F4E6E4	#FEFEFE
3926	#F9F8FC	#FFFFFF
3927	#EBD4D0	#FEFEFE
3928	#E1BEBA	#FEFEFE
3929	#EBD4D0	#FEFEFE
3930	#FAF9FC	#FFFFFF
3932	#EBD4D0	#FEFEFE
3933	#E1BEBA	#FEFEFE
3935	#F2F0F8	#FFFFFF
3936	#ECEAF5	#FEFEFE
3937	#FAF9FC	#FFFFFF
3938	#FBF6F5	#FFFFFF
3939	#F6F5FA	#FFFFFF
3940	#F6EAE9	#FEFEFE
3941	#E1BEB9	#FEFEFE
3942	#E6C8C4	#FDFDFD
3943	#FEFEFE	#FFFFFF
3944	#ECEAF5	#FEFEFE
3945	#F6F5FA	#FFFFFF
3946	#FBF6F5	#FFFFFF
3947	#FBFAFD	#FFFFFF
3948	#F9F1F0	#FFFFFF
3949	#F2F0F8	#FFFFFF
3950	#D7D2E9	#FDFDFD
3951	#F0EDF7	#FEFEFE
3952	#E8E5F3	#FEFEFE
3953	#E5E1F1	#FEFEFE
3954	#F5F3FA	#FFFFFF
3955	#F6F5FA	#FFFFFF
3956	#F3E5E3	#FEFEFE
3957	#E2C0BC	#FDFDFD
3958	#F6F5FA	#FFFFFF
3959	#F2F1F8	#FEFEFE
3960	#FDFAFA	#FFFFFF
3961	#F6F5FA	#FFFFFF
3962	#DDD9ED	#FCFCFC
3963	#D5D0E8	#FCFCFC
3964	#F4E6E4	#FEFEFE
3965	#F7ECEB	#FFFFFF
3966	#CF9D97	#FCFCFC
3967	#FEFDFD	#FFFFFF
3968	#FEFCFC	#FFFFFF
3969	#F1E0DE	#FEFEFE
3970	#FFFEFE	#FFFFFF
3971	#FBFBFD	#FFFFFF
3972	#FEFDFD	#FFFFFF
3973	#DDD8EC	#FEFEFE
3974	#F9F8FC	#FFFFFF
3975	#E5E1F1	#FEFEFE
3976	#D9B0AA	#FDFDFD
3977	#FBF6F5	#FFFFFF
3978	#EBD4D0	#FEFEFE
3979	#F8EEED	#FFFFFF
3980	#C3BBDE	#FDFDFD
3981	#EBD4D0	#FEFEFE
3983	#E0BEB9	#FEFEFE
3984	#EBD4D0	#FEFEFE
3985	#F6F4FA	#FFFFFF
3986	#EFEDF6	#FEFEFE
3987	#C4BDDF	#FCFCFC
3988	#E2C0BC	#FDFDFD
3989	#F9F8FC	#FFFFFF
3991	#F0DDDB	#FEFEFE
3992	#F9F9FC	#FFFFFF
3993	#FAF9FC	#FFFFFF
3994	#E4E1F1	#FEFEFE
3995	#F2F0F8	#FFFFFF
3996	#F7F5FA	#FFFFFF
3997	#E5E1F1	#FDFDFD
3998	#E9E6F3	#FEFEFE
3999	#BDB5DB	#FAFAFA
4000	#D9D4EA	#FDFDFD
4001	#EDEAF5	#FEFEFE
4002	#D8D2EA	#FDFDFD
4003	#F3F1F8	#FFFFFF
4004	#DED9ED	#FDFDFD
4005	#F1DFDD	#FEFEFE
4006	#F6F4FA	#FFFFFF
4007	#E6E3F2	#FEFEFE
4008	#ECEAF5	#FEFEFE
4009	#EDEBF5	#FEFEFE
4010	#F7F6FB	#FFFFFF
4011	#EFEDF6	#FEFEFE
4012	#F9F1F0	#FFFFFF
4013	#FEFEFE	#FFFFFF
4014	#F5E7E5	#FEFEFE
4015	#FCF8F7	#FFFFFF
4016	#F0DCDA	#FEFEFE
4017	#F6F5FA	#FFFFFF
4018	#FBF6F6	#FFFFFF
4019	#FEFDFD	#FFFFFF
4020	#F8F7FB	#FFFFFF
4021	#FBFBFD	#FFFFFF
4022	#F3F1F9	#FEFEFE
4023	#DCD7EC	#FEFEFE
4024	#F1DFDC	#FEFEFE
4025	#F8EEED	#FFFFFF
4026	#FBFAFD	#FFFFFF
4027	#F1DFDD	#FEFEFE
4028	#E6C9C5	#FDFDFD
4029	#E1BEBA	#FEFEFE
4030	#FAF9FC	#FFFFFF
4031	#D9AFAA	#FDFDFD
4032	#EBD4D0	#FEFEFE
4033	#E8E5F3	#FEFEFE
4034	#C3BBDE	#FDFDFD
4036	#C5BEDF	#FCFCFC
4037	#FBF5F5	#FFFFFF
4038	#E5E1F1	#FEFEFE
4039	#E6E3F1	#FEFEFE
4040	#D4CFE8	#FDFDFD
4042	#BF827B	#FAFAFA
4043	#CF9D97	#FCFCFC
4044	#E8CDCA	#FEFEFE
4045	#E6C8C4	#FDFDFD
4046	#CC9790	#FCFCFC
4047	#ECD5D2	#FEFEFE
4048	#F1E0DE	#FEFEFE
4049	#E5E2F1	#FEFEFE
4050	#CBC5E3	#FDFDFD
4051	#F9F8FC	#FFFFFF
4052	#D4CFE8	#FEFEFE
4053	#F6F4FA	#FFFFFF
4054	#F8EFED	#FFFFFF
4055	#DDD9ED	#FDFDFD
4056	#DDD8EC	#FEFEFE
4057	#F1E0DE	#FEFEFE
4058	#EFECF6	#FEFEFE
4059	#F9F9FC	#FFFFFF
4060	#F9F1F0	#FFFFFF
4061	#FAF9FC	#FFFFFF
4062	#FFFFFE	#FFFFFF
4063	#C48982	#FBFBFB
4064	#E4C4C0	#FDFDFD
4065	#E0BCB7	#FCFCFC
4066	#ECD5D2	#FEFEFE
4067	#DEBAB5	#FCFCFC
4068	#E3DFF0	#FEFEFE
4069	#F6EAE9	#FEFEFE
4070	#E5E2F1	#FEFEFE
4071	#FAF3F2	#FFFFFF
4072	#FAF4F3	#FFFFFF
4073	#E8CDCA	#FDFDFD
4074	#EEECF6	#FEFEFE
4075	#EFECF6	#FEFEFE
4076	#D9B0AB	#FDFDFD
4077	#DFDBEE	#FEFEFE
4078	#DDB7B3	#FCFCFC
4079	#F2E2E0	#FEFEFE
4080	#ECD4D1	#FDFDFD
4081	#F4E5E3	#FEFEFE
4082	#E6E2F1	#FEFEFE
4083	#EAE6F3	#FEFEFE
4084	#F9F8FC	#FFFFFF
4085	#DED9ED	#FCFCFC
4087	#EBD4D0	#FEFEFE
4088	#D9AFAA	#FDFDFD
4089	#E2C1BD	#FDFDFD
4090	#E9CECB	#FEFEFE
4091	#D3A59F	#FCFCFC
4092	#DDB7B2	#FCFCFC
4093	#D9B0AA	#FDFDFD
4094	#F9F2F1	#FFFFFF
4095	#D9AFAA	#FDFDFD
4096	#E9CECB	#FEFEFE
4097	#C68D86	#FBFBFB
4098	#D4A59F	#FCFCFC
4099	#F1DFDD	#FEFEFE
4100	#F9F8FC	#FFFFFF
4101	#FAF9FC	#FFFFFF
4102	#F1EFF8	#FFFFFF
4103	#FCFBFD	#FFFFFF
4104	#FBF7F6	#FFFFFF
4105	#E9E5F3	#FEFEFE
4106	#E9CECB	#FEFEFE
4107	#FBF6F6	#FFFFFF
4108	#F1E0DE	#FEFEFE
4109	#FFFFFF	#FFFFFF
4110	#CF9D97	#FCFCFC
4111	#FCF7F7	#FFFFFF
4112	#CF9D97	#FCFCFC
4113	#DEB9B4	#FCFCFC
4114	#FEFDFD	#FFFFFF
4115	#E4E1F1	#FEFEFE
4116	#EBD4D0	#FEFEFE
4117	#FDFCFE	#FFFFFF
4118	#FBFAFD	#FFFFFF
4119	#E5E1F1	#FEFEFE
4120	#EBE8F4	#FEFEFE
4121	#EDD6D4	#FEFEFE
4122	#F6F4FA	#FFFFFF
4123	#FBFAFD	#FFFFFF
4124	#F9F1F0	#FFFFFF
4125	#F8F7FB	#FFFFFF
4126	#CBC5E3	#FCFCFC
4127	#EBD4D0	#FEFEFE
4128	#FCF7F6	#FFFFFF
4129	#FBFBFD	#FFFFFF
4130	#FCFBFD	#FFFFFF
4131	#E6C8C4	#FDFDFD
4132	#C28780	#FAFAFA
4133	#DBB4AE	#FCFCFC
4134	#E9CFCC	#FCFCFC
4135	#F1EFF7	#FEFEFE
4136	#F5F3F9	#FFFFFF
4137	#E6C8C4	#FDFDFD
4138	#F4E6E4	#FEFEFE
4139	#F7ECEB	#FFFFFF
4140	#FAF9FC	#FFFFFF
4141	#FBF6F6	#FFFFFF
4143	#E8E5F3	#FEFEFE
4144	#C68E87	#FBFBFB
4145	#EBD4D0	#FEFEFE
4146	#E8CDCA	#FEFEFE
4147	#E8CDCA	#FEFEFE
4148	#D4A5A0	#FCFCFC
4149	#E6C8C4	#FDFDFD
4150	#F8EEED	#FFFFFF
4151	#E6C8C4	#FDFDFD
4152	#F2F0F8	#FEFEFE
4153	#F6F5FA	#FFFFFF
4154	#FBFAFD	#FFFFFF
4155	#ECD5D1	#FEFEFE
4156	#E4E0F0	#FEFEFE
4157	#FAF9FC	#FFFFFF
4158	#CBC5E3	#FDFDFD
4159	#FEFCFC	#FFFFFF
4160	#FBFAFD	#FFFFFF
4161	#FEFDFD	#FFFFFF
4162	#F9F2F1	#FFFFFF
4163	#FBF6F6	#FFFFFF
4164	#F4E6E5	#FEFEFE
4165	#E6C8C4	#FDFDFD
4166	#E9CECA	#FEFEFE
4167	#E8E4F2	#FEFEFE
4168	#F2F0F8	#FFFFFF
4169	#FAF4F3	#FFFFFF
4170	#F4E5E3	#FEFEFE
4171	#FDFCFE	#FFFFFF
4172	#F3F1F8	#FFFFFF
4173	#F4E6E4	#FEFEFE
4174	#EDEBF5	#FEFEFE
4175	#F5F4FA	#FFFFFF
4176	#FAF9FC	#FFFFFF
4177	#FEFDFD	#FFFFFF
4178	#F4E7E5	#FEFEFE
4179	#EEECF6	#FEFEFE
4180	#FBF6F6	#FFFFFF
4181	#F2E1DF	#FEFEFE
4182	#F0DDDB	#FEFEFE
4183	#EDD8D5	#FDFDFD
4184	#E5C7C3	#FDFDFD
4185	#E5C7C3	#FBFBFB
4186	#F7EDEC	#FEFEFE
4188	#E1BEB9	#FEFEFE
4189	#FBF7F6	#FFFFFF
4190	#CF9D97	#FCFCFC
4191	#ECD5D2	#FEFEFE
4192	#F7EDEB	#FFFFFF
4193	#B7AFD8	#FDFDFD
4194	#E2C1BC	#FDFDFD
4195	#F1E0DE	#FEFEFE
4196	#E6C9C5	#FDFDFD
4197	#D4A5A0	#FCFCFC
4198	#F6F4FA	#FFFFFF
4199	#E2C1BD	#FDFDFD
4200	#F7ECEB	#FFFFFF
4201	#E6C9C6	#FDFDFD
4202	#F6F4FA	#FFFFFF
4203	#F1E0DD	#FEFEFE
4204	#DBD7EC	#FEFEFE
4205	#FBFAFD	#FFFFFF
4206	#E1BEBA	#FEFEFE
4207	#E9CECA	#FDFDFD
4208	#C78E87	#FBFBFB
4209	#FDFBFB	#FFFFFF
4210	#958BC5	#F9F9F9
4211	#E9CECB	#FEFEFE
4212	#E8CDCA	#FEFEFE
4213	#F7ECEA	#FFFFFF
4214	#BF817A	#FAFAFA
4215	#FBF7F6	#FFFFFF
4216	#FDFBFA	#FFFFFF
4217	#D4A59F	#FCFCFC
4218	#FBFBFD	#FFFFFF
4219	#F6F4FA	#FFFFFF
4220	#E1BEB9	#FDFDFD
4221	#FBF6F6	#FFFFFF
4222	#FEFDFD	#FFFFFF
4223	#FEFEFF	#FFFFFF
4224	#DBB3AD	#FCFCFC
4225	#FEFDFE	#FFFFFF
4226	#EBD2CF	#FDFDFD
4227	#F3F1F8	#FFFFFF
4228	#EED9D6	#FEFEFE
4229	#F1EFF8	#FFFFFF
4230	#F9F8FC	#FFFFFF
4231	#F2F0F8	#FEFEFE
4232	#F4E7E5	#FEFEFE
4233	#FFFEFE	#FFFFFF
4234	#ECE9F5	#FEFEFE
4235	#F2F0F8	#FEFEFE
4236	#FCF9F8	#FFFFFF
4237	#FAF4F3	#FFFFFF
4238	#C68D87	#FBFBFB
4239	#D9AFAA	#FDFDFD
4240	#E5C7C4	#FDFDFD
4241	#E9CECB	#FEFEFE
4242	#F1E0DD	#FEFEFE
4244	#E9CECA	#FEFEFE
4245	#D9B0AB	#FDFDFD
4246	#FEFDFD	#FFFFFF
4247	#D9B0AA	#FDFDFD
4248	#D3A59F	#FCFCFC
4249	#CC9791	#FCFCFC
4250	#BE7F78	#FAFAFA
4251	#FFFFFF	#FFFFFF
4252	#E9CECB	#FEFEFE
4253	#F6F5FA	#FFFFFF
4254	#F9F8FC	#FFFFFF
4255	#F1E0DE	#FEFEFE
4256	#EFDBD9	#FEFEFE
4257	#F4E6E4	#FEFEFE
4258	#D5CFE8	#FEFEFE
4259	#E9D0CC	#FDFDFD
4260	#F9F2F1	#FFFFFF
4261	#FAF9FC	#FFFFFF
4262	#C9928B	#FBFBFB
4263	#FFFFFF	#FFFFFF
4264	#F1F0F8	#FEFEFE
4265	#FEFCFC	#FFFFFF
4266	#FEFEFE	#FFFFFF
4267	#D4A59F	#FCFCFC
4268	#E9CECB	#FEFEFE
4269	#F5E7E6	#FEFEFE
4270	#F6F5FA	#FFFFFF
4271	#E3C3BF	#FDFDFD
4272	#FDFAFA	#FFFFFF
4273	#EDEAF5	#FEFEFE
4274	#F5E7E5	#FEFEFE
4275	#E3DFF0	#FEFEFE
4276	#FAF4F3	#FFFFFF
4277	#FAF4F3	#FFFFFF
4278	#E4C4C0	#FDFDFD
4279	#FBF5F4	#FFFFFF
4280	#DDD8ED	#FDFDFD
4281	#FAF9FC	#FFFFFF
4282	#EBD4D1	#FDFDFD
4283	#DDD9ED	#FDFDFD
4284	#F9F0EF	#FFFFFF
4285	#CC9791	#FCFCFC
4286	#E2C1BD	#FDFDFD
4287	#F7EEEC	#FEFEFE
4289	#ECD4D1	#FEFEFE
4290	#F8EEED	#FFFFFF
4291	#D9B0AB	#FDFDFD
4292	#E6C8C4	#FDFDFD
4293	#F7ECEB	#FFFFFF
4294	#D4CFE8	#FEFEFE
4295	#E3C3BF	#FDFDFD
4296	#FBF6F6	#FFFFFF
4297	#F7ECEB	#FFFFFF
4298	#D9AFAA	#FDFDFD
4299	#E0BDB9	#FDFDFD
4300	#D9AEA9	#FBFBFB
4301	#F2F0F8	#FEFEFE
4302	#F8F7FB	#FFFFFF
4303	#F1E0DE	#FEFEFE
4304	#C3BBDE	#FDFDFD
4305	#FAF4F3	#FFFFFF
4306	#FBF6F5	#FFFFFF
4307	#D4A5A0	#FCFCFC
4308	#FFFFFF	#FFFFFF
4309	#F9F1F0	#FFFFFF
4310	#F6F5FA	#FFFFFF
4311	#FDFBFB	#FFFFFF
4312	#FFFFFF	#FFFFFF
4313	#FBF6F5	#FFFFFF
4314	#FBF7F6	#FFFFFF
4315	#D7D2E9	#FDFDFD
4316	#D3A59F	#FCFCFC
4317	#ECEAF5	#FEFEFE
4318	#D4A5A0	#FCFCFC
4319	#EFEDF6	#FEFEFE
4320	#EED9D7	#FEFEFE
4321	#FBFBFD	#FFFFFF
4322	#F7ECEB	#FEFEFE
4323	#EAE7F4	#FEFEFE
4324	#FCFCFD	#FFFFFF
4325	#DEB9B5	#FCFCFC
4326	#FBF7F6	#FFFFFF
4327	#DED9ED	#FDFDFD
4328	#ECEAF5	#FEFEFE
4329	#CF9D97	#FCFCFC
4330	#F6F5FA	#FFFFFF
4331	#EFDCDA	#FEFEFE
4332	#FEFDFD	#FFFFFF
4333	#FEFDFD	#FFFFFF
4334	#DEDAED	#FEFEFE
4335	#F6F5FA	#FFFFFF
4336	#E1DDEF	#FDFDFD
4337	#FBFBFD	#FFFFFF
4338	#F2F1F8	#FFFFFF
4339	#E9CECA	#FEFEFE
4340	#F1E0DE	#FEFEFE
4341	#D4A59F	#FCFCFC
4342	#D9B0AB	#FDFDFD
4343	#FAFAFC	#FFFFFF
4345	#EDD6D3	#FEFEFE
4346	#EBD4D0	#FEFEFE
4347	#E2C1BD	#FDFDFD
4348	#F8EFED	#FFFFFF
4349	#C3BBDE	#FDFDFD
4350	#ECD5D2	#FEFEFE
4351	#EED8D6	#FEFEFE
4352	#F4E5E3	#FEFEFE
4353	#F6F4FA	#FFFFFF
4354	#FAF9FC	#FFFFFF
4355	#FEFEFE	#FFFFFF
4356	#FBF6F5	#FFFFFF
4357	#CC9791	#FCFCFC
4358	#F7ECEB	#FFFFFF
4359	#E9E6F3	#FEFEFE
4360	#F6F5FA	#FFFFFF
4361	#F9F1F0	#FFFFFF
4362	#FBF6F6	#FFFFFF
4363	#F4E5E3	#FEFEFE
4364	#FFFFFF	#FFFFFF
4365	#FCFBFD	#FFFFFF
4366	#C1B9DD	#FBFBFB
4367	#E5C7C3	#FDFDFD
4368	#F8EEED	#FFFFFF
4369	#FFFFFF	#FFFFFF
4370	#E9CECB	#FEFEFE
4371	#F1E0DE	#FEFEFE
4372	#EFEDF6	#FEFEFE
4373	#EFDCD9	#FEFEFE
4374	#EED9D7	#FDFDFD
4375	#F8F6FB	#FFFFFF
4376	#FDFBFB	#FFFFFF
4377	#E2DEEF	#FDFDFD
4378	#F6F4FA	#FFFFFF
4379	#CC9791	#FCFCFC
4380	#FAF4F3	#FFFFFF
4381	#FBF6F6	#FFFFFF
4382	#FBF7F6	#FFFFFF
4383	#FEFEFF	#FFFFFF
4384	#EFEDF6	#FEFEFE
4385	#EAE7F4	#FEFEFE
4386	#FBFAFD	#FFFFFF
4387	#ECD5D2	#FDFDFD
4388	#ECD5D2	#FEFEFE
4390	#FAF9FC	#FFFFFF
4391	#C9928B	#FBFBFB
4392	#FBF6F6	#FFFFFF
4393	#C0837C	#FAFAFA
4394	#DDB8B3	#FCFCFC
4395	#ECD5D2	#FEFEFE
4396	#ECD6D3	#FEFEFE
4398	#D3A59F	#FCFCFC
4399	#EEEBF6	#FEFEFE
4400	#F9F8FC	#FFFFFF
4401	#CC9790	#FCFCFC
4402	#FBF6F5	#FFFFFF
4403	#FCF7F7	#FFFFFF
4404	#E5E2F1	#FDFDFD
4405	#FCF9F8	#FFFFFF
4406	#E6C8C5	#FDFDFD
4407	#E4E0F0	#FEFEFE
4408	#C9928C	#FBFBFB
4409	#FAF9FC	#FFFFFF
4410	#C3BBDE	#FDFDFD
4411	#DEBAB5	#FCFCFC
4412	#D9AFAA	#FDFDFD
4413	#F0EEF7	#FEFEFE
4414	#FFFEFE	#FFFFFF
4415	#F5E8E6	#FEFEFE
4416	#DED9ED	#FDFDFD
4417	#F7EEEC	#FFFFFF
4418	#D4CEE8	#FDFDFD
4419	#FCF8F7	#FFFFFF
4420	#FAF9FC	#FFFFFF
4421	#F6F4FA	#FFFFFF
4422	#F1DFDD	#FEFEFE
4423	#DBB3AE	#FCFCFC
4424	#FBF6F5	#FFFFFF
4425	#FCF7F6	#FFFFFF
4426	#EFEDF6	#FEFEFE
4427	#FCF7F6	#FFFFFF
4428	#CDC6E4	#FCFCFC
4429	#EAE7F4	#FEFEFE
4430	#F3E4E2	#FEFEFE
4431	#DDD8EC	#FEFEFE
4432	#F2F0F8	#FEFEFE
4433	#F1E0DD	#FEFEFE
4434	#E1BEBA	#FDFDFD
4435	#F7EDEC	#FEFEFE
4436	#E6E3F2	#FEFEFE
4437	#E7CBC8	#FDFDFD
4438	#F1E0DE	#FEFEFE
4439	#FCFCFE	#FFFFFF
4440	#E6C8C4	#FDFDFD
4441	#CF9D97	#FCFCFC
4442	#C38780	#FAFAFA
4443	#EDD6D3	#FEFEFE
4444	#E9CECB	#FEFEFE
4446	#FBF6F5	#FFFFFF
4447	#E9CECB	#FEFEFE
4448	#E5E1F1	#FEFEFE
4449	#E8CDCA	#FEFEFE
4450	#C0837D	#FAFAFA
4451	#F3E4E2	#FEFEFE
4452	#FDFAFA	#FFFFFF
4453	#FEFDFD	#FFFFFF
4454	#DDB7B2	#FCFCFC
4455	#FBF6F5	#FFFFFF
4456	#DDD8EC	#FEFEFE
4457	#FAF9FC	#FFFFFF
4458	#E1BEBA	#FEFEFE
4459	#DDD8EC	#FEFEFE
4460	#C68E87	#FBFBFB
4461	#F7F6FB	#FFFFFF
4462	#F4E6E4	#FEFEFE
4463	#FBFBFD	#FFFFFF
4464	#F3F1F8	#FFFFFF
4465	#FDFBFA	#FFFFFF
4466	#D5A7A2	#FAFAFA
4467	#FCF7F7	#FFFFFF
4468	#FBF5F4	#FFFFFF
4469	#F9F8FC	#FFFFFF
4470	#F9F1F0	#FFFFFF
4471	#F4E5E3	#FEFEFE
4472	#ECD5D2	#FEFEFE
4473	#F4E5E4	#FEFEFE
4474	#F5E8E6	#FEFEFE
4475	#E4C4C0	#FDFDFD
4476	#F5E8E6	#FEFEFE
4477	#E4E1F1	#FDFDFD
4478	#F1E0DE	#FEFEFE
4479	#F8F7FB	#FFFFFF
4480	#F1E0DD	#FEFEFE
4481	#FDFCFE	#FFFFFF
4482	#EBE8F4	#FEFEFE
4483	#EFEDF6	#FEFEFE
4484	#FAF9FC	#FFFFFF
4485	#E7E3F2	#FEFEFE
4486	#FFFEFE	#FFFFFF
4487	#FDFBFA	#FFFFFF
4488	#E8CDCA	#FEFEFE
4489	#F5F3FA	#FFFFFF
4491	#E1BEB9	#FEFEFE
4492	#E2C0BC	#FDFDFD
4493	#EEDAD7	#FEFEFE
4494	#FBF6F6	#FFFFFF
4495	#E2C0BC	#FDFDFD
4496	#E1BEBA	#FEFEFE
4497	#F7EDEC	#FFFFFF
4498	#E9CECA	#FEFEFE
4499	#DDB6B1	#FCFCFC
4500	#FDFDFE	#FFFFFF
4501	#F9F1F0	#FFFFFF
4502	#E9CECA	#FEFEFE
4503	#D4CFE8	#FEFEFE
4504	#E8CDCA	#FEFEFE
4505	#F9F1F0	#FFFFFF
4506	#FEFCFC	#FFFFFF
4507	#F4E7E5	#FEFEFE
4508	#BBB3DA	#FAFAFA
4510	#FBFBFD	#FFFFFF
4511	#F7EDEB	#FFFFFF
4512	#E4E1F1	#FEFEFE
4513	#EED9D6	#FEFEFE
4514	#FBF6F5	#FFFFFF
4515	#DDD9ED	#FDFDFD
4516	#E4E0F0	#FEFEFE
4517	#EED9D6	#FEFEFE
4518	#EED9D6	#FEFEFE
4519	#DDD8ED	#FDFDFD
4520	#CF9D97	#FCFCFC
4521	#F6EAE9	#FEFEFE
4522	#E2C1BD	#FDFDFD
4523	#EED9D6	#FEFEFE
4524	#E8CDCA	#FDFDFD
4525	#EFDCDA	#FEFEFE
4526	#FCF8F7	#FFFFFF
4527	#F7ECEA	#FEFEFE
4528	#FDFBFA	#FFFFFF
4529	#EED9D7	#FEFEFE
4530	#FAF4F4	#FFFFFF
4531	#F2E1DF	#FEFEFE
4532	#F2F1F8	#FFFFFF
4533	#FDFDFE	#FFFFFF
4534	#E6E3F2	#FEFEFE
4535	#C0B8DD	#FBFBFB
4536	#F2F0F8	#FFFFFF
4537	#DDD8EC	#FDFDFD
4538	#FAFAFC	#FFFFFF
4539	#CEC8E5	#FCFCFC
4540	#FDFBFA	#FFFFFF
4541	#E9E5F3	#FEFEFE
4542	#CF9D97	#FCFCFC
4543	#CF9D97	#FCFCFC
4544	#D4A59F	#FCFCFC
4545	#E1BEBA	#FDFDFD
4547	#E1BEB9	#FEFEFE
4548	#F7ECEB	#FFFFFF
4549	#FAFAFD	#FFFFFF
4550	#F8EEED	#FFFFFF
4551	#E3C3BF	#FDFDFD
4552	#E0BEB9	#FDFDFD
4553	#F1E0DE	#FEFEFE
4554	#D9AFAA	#FDFDFD
4555	#F9F1F0	#FFFFFF
4556	#E5C7C3	#FDFDFD
4557	#D9B0AB	#FDFDFD
4558	#C1847D	#FAFAFA
4559	#E8CDCA	#FEFEFE
4560	#CF9D97	#FCFCFC
4561	#EDD7D4	#FEFEFE
4562	#FBF6F5	#FFFFFF
4563	#DDB7B2	#FCFCFC
4564	#FCFCFD	#FFFFFF
4565	#F2F0F8	#FEFEFE
4566	#FDFAFA	#FFFFFF
4567	#AFA5D3	#FCFCFC
4568	#F7EDEC	#FEFEFE
4569	#FBF7F6	#FFFFFF
4570	#C68E87	#FBFBFB
4571	#FFFEFE	#FFFFFF
4572	#F9F1F0	#FFFFFF
4573	#FBF7F6	#FFFFFF
4574	#F7ECEB	#FFFFFF
4575	#CCC5E3	#FBFBFB
4576	#EEEBF6	#FEFEFE
4577	#FDFCFE	#FFFFFF
4578	#F9F8FB	#FFFFFF
4579	#CB9690	#FCFCFC
4580	#F8EEED	#FEFEFE
4581	#FAF9FC	#FFFFFF
4582	#F1DFDD	#FEFEFE
4583	#EFDCD9	#FEFEFE
4584	#FCF7F7	#FFFFFF
4585	#FDFBFA	#FFFFFF
4586	#C38781	#FBFBFB
4587	#E6CAC6	#FDFDFD
4588	#F7EEEC	#FFFFFF
4589	#FDFDFE	#FFFFFF
4590	#F7ECEA	#FEFEFE
4592	#CF9D97	#FCFCFC
4593	#F8EEED	#FFFFFF
4594	#CC9791	#FCFCFC
4595	#F8F7FB	#FFFFFF
4596	#E2C0BC	#FDFDFD
4597	#E2C0BC	#FDFDFD
4598	#FAF4F4	#FFFFFF
4599	#F6F5FA	#FFFFFF
4600	#F7ECEB	#FFFFFF
4601	#E1BEBA	#FEFEFE
4602	#E2C0BC	#FDFDFD
4603	#FAF9FC	#FFFFFF
4604	#C9928C	#FBFBFB
4605	#F1E0DD	#FEFEFE
4606	#E6C8C5	#FDFDFD
4607	#E6C8C5	#FDFDFD
4608	#E1BEBA	#FEFEFE
4609	#F1E0DD	#FEFEFE
4610	#ECD6D3	#FEFEFE
4611	#DEB9B5	#FCFCFC
4612	#C9928C	#FBFBFB
4613	#F7F6FB	#FFFFFF
4614	#EEECF6	#FEFEFE
4615	#FEFDFD	#FFFFFF
4616	#D8D3EA	#FDFDFD
4617	#ECD4D1	#FDFDFD
4618	#FCF8F7	#FFFFFF
4619	#ECE9F5	#FEFEFE
4620	#F0DDDA	#FEFEFE
4621	#ECD5D2	#FEFEFE
4622	#E3DFF0	#FEFEFE
4623	#FFFEFE	#FFFFFF
4624	#EFDCD9	#FEFEFE
4625	#F4E7E5	#FEFEFE
4626	#FBF6F5	#FFFFFF
4627	#D8D3EA	#FDFDFD
4628	#FDFDFE	#FFFFFF
4629	#FBF6F6	#FFFFFF
4630	#F1E0DE	#FEFEFE
4631	#EFDBD8	#FDFDFD
4632	#CF9D97	#FCFCFC
4633	#EED9D6	#FEFEFE
4634	#E7CBC8	#FDFDFD
4635	#EFECF6	#FEFEFE
4636	#E4C4C0	#FDFDFD
4637	#EAD1CE	#FDFDFD
4638	#C9928B	#FBFBFB
4639	#E2C1BD	#FCFCFC
4640	#F1E0DE	#FEFEFE
4641	#EAD2CF	#FDFDFD
4642	#DAB2AC	#FCFCFC
4643	#C28780	#FAFAFA
4644	#CC9791	#FCFCFC
4645	#FBF7F6	#FFFFFF
4646	#F4E5E3	#FEFEFE
4648	#F8EEED	#FFFFFF
4649	#ECD4D1	#FEFEFE
4650	#C28780	#FAFAFA
4651	#FAF9FC	#FFFFFF
4652	#CB9690	#FCFCFC
4653	#C68E87	#FBFBFB
4654	#F3E4E2	#FEFEFE
4655	#F1E0DE	#FEFEFE
4656	#FAFAFD	#FFFFFF
4657	#E0BDB9	#FEFEFE
4658	#F9F1F0	#FFFFFF
4659	#D4A6A0	#FCFCFC
4660	#F1E0DD	#FEFEFE
4661	#F1E0DE	#FEFEFE
4662	#F7ECEB	#FFFFFF
4663	#EAD1CE	#FDFDFD
4664	#FBFAFD	#FFFFFF
4665	#DDB7B3	#FCFCFC
4666	#F9F2F1	#FFFFFF
4667	#FAF9FC	#FFFFFF
4668	#F9F1F0	#FFFFFF
4669	#EDEAF5	#FEFEFE
4670	#F7ECEB	#FFFFFF
4671	#EBD3D0	#FDFDFD
4672	#F1EFF7	#FEFEFE
4673	#F6F5FA	#FFFFFF
4674	#F7EDEC	#FEFEFE
4675	#FCFBFD	#FFFFFF
4676	#FCF8F8	#FFFFFF
4677	#F7EDEC	#FEFEFE
4678	#F4E5E3	#FEFEFE
4679	#EBE8F4	#FEFEFE
4680	#F3E5E3	#FEFEFE
4681	#F9F1F0	#FEFEFE
4682	#F4E5E3	#FEFEFE
4683	#F0EEF7	#FEFEFE
4684	#FFFFFF	#FFFFFF
4685	#F3E4E2	#FEFEFE
4686	#F9F9FC	#FFFFFF
4687	#F2E1DF	#FEFEFE
4688	#C1847D	#FAFAFA
4689	#C28780	#FAFAFA
4690	#F2E2E0	#FEFEFE
4691	#F6EBEA	#FEFEFE
4693	#E4C4C0	#FDFDFD
4694	#F4E5E3	#FEFEFE
4695	#E1BEBA	#FEFEFE
4696	#FDFBFB	#FFFFFF
4697	#F9F1F0	#FFFFFF
4698	#D9B0AB	#FDFDFD
4699	#FAF9FC	#FFFFFF
4700	#D9B0AB	#FDFDFD
4701	#EDD7D4	#FEFEFE
4702	#C68E87	#FBFBFB
4703	#C1847D	#FAFAFA
4704	#FAF9FC	#FFFFFF
4705	#ECD4D1	#FDFDFD
4706	#FBF6F6	#FFFFFF
4707	#D9AFAA	#FDFDFD
4708	#F5E8E6	#FEFEFE
4709	#E9CECA	#FDFDFD
4710	#F8EEED	#FFFFFF
4711	#E3DFF0	#FEFEFE
4712	#E9CECB	#FEFEFE
4713	#C68D86	#FBFBFB
4714	#F1DFDD	#FEFEFE
4715	#F4E7E5	#FEFEFE
4716	#FDFBFA	#FFFFFF
4717	#F4E5E3	#FEFEFE
4718	#FFFFFF	#FFFFFF
4719	#EDD6D3	#FEFEFE
4720	#E6E3F2	#FEFEFE
4721	#FDFBFB	#FFFFFF
4722	#E4C4C0	#FDFDFD
4723	#F7EDEC	#FEFEFE
4724	#F1EFF8	#FEFEFE
4725	#F7EDEC	#FFFFFF
4726	#EBE8F4	#FEFEFE
4727	#FAF4F3	#FFFFFF
4728	#E7E4F2	#FEFEFE
4729	#ECD4D1	#FDFDFD
4730	#F8F7FB	#FFFFFF
4731	#E1BEB9	#FDFDFD
4732	#F4E5E3	#FEFEFE
4733	#E8CDCA	#FEFEFE
4734	#FAF3F2	#FFFFFF
4735	#DEB9B4	#FCFCFC
4736	#F7EDEC	#FEFEFE
4737	#D9AEA9	#FBFBFB
4738	#E6C9C5	#FDFDFD
4739	#DFBBB7	#FCFCFC
4740	#E7CAC6	#FDFDFD
4741	#F4E5E3	#FEFEFE
4742	#E7E4F2	#FDFDFD
4743	#E2C0BC	#FDFDFD
4744	#DFBBB7	#FCFCFC
4745	#D9AFAA	#FDFDFD
4746	#F7ECEB	#FFFFFF
4747	#F6F5FA	#FFFFFF
4749	#CC9790	#FCFCFC
4750	#C9928B	#FBFBFB
4751	#E3C3BF	#FDFDFD
4752	#D9AFAA	#FDFDFD
4753	#F1E0DE	#FEFEFE
4754	#F1E0DD	#FEFEFE
4755	#CB9690	#FCFCFC
4756	#E8CDCA	#FEFEFE
4757	#EDD6D3	#FEFEFE
4758	#F1E0DD	#FEFEFE
4759	#C2867F	#FAFAFA
4760	#E9CECB	#FEFEFE
4761	#FBFBFD	#FFFFFF
4762	#E7CAC6	#FDFDFD
4763	#E6C8C4	#FDFDFD
4764	#C9928B	#FBFBFB
4765	#FBFAFD	#FFFFFF
4766	#FEFDFD	#FFFFFF
4767	#F7EDEB	#FEFEFE
4768	#F9F9FC	#FFFFFF
4769	#E6E2F1	#FEFEFE
4770	#F9F1F0	#FFFFFF
4771	#F7ECEB	#FFFFFF
4772	#FBF6F6	#FFFFFF
4773	#EFDCD9	#FEFEFE
4774	#F8EEED	#FEFEFE
4775	#F6F4FA	#FFFFFF
4776	#CF9E97	#FCFCFC
4777	#FFFEFE	#FFFFFF
4778	#F0DEDB	#FEFEFE
4779	#F5E7E6	#FEFEFE
4780	#F6EBE9	#FEFEFE
4781	#F3E5E3	#FEFEFE
4782	#F4E5E3	#FEFEFE
4783	#CF9D97	#FCFCFC
4784	#F3E4E2	#FEFEFE
4785	#C2867F	#FAFAFA
4786	#F9F1F0	#FFFFFF
4787	#EAD0CD	#FCFCFC
4788	#DFBBB7	#FCFCFC
4789	#F6F4FA	#FFFFFF
4790	#E7CBC8	#FCFCFC
4791	#F6EAE9	#FEFEFE
4792	#FAF9FC	#FFFFFF
4794	#CC9790	#FCFCFC
4795	#E6C8C4	#FDFDFD
4796	#D3A59F	#FCFCFC
4797	#CF9D97	#FCFCFC
4798	#F1E0DD	#FEFEFE
4799	#F8EEED	#FFFFFF
4800	#ECD5D2	#FEFEFE
4801	#FBF7F6	#FFFFFF
4802	#E6C9C5	#FDFDFD
4803	#EFECF6	#FEFEFE
4804	#F8EEED	#FFFFFF
4805	#FBF6F6	#FFFFFF
4806	#D9B0AB	#FDFDFD
4807	#E5C7C3	#FCFCFC
4808	#EBD4D0	#FDFDFD
4809	#E1BEBA	#FEFEFE
4810	#D4A59F	#FCFCFC
4811	#BF817A	#FAFAFA
4812	#E2C1BC	#FDFDFD
4813	#ECD5D2	#FEFEFE
4814	#DEB9B4	#FCFCFC
4815	#F1E0DE	#FEFEFE
4816	#FDFCFE	#FFFFFF
4817	#E2C0BC	#FDFDFD
4818	#F0EEF7	#FEFEFE
4819	#F6F4FA	#FFFFFF
4820	#F6F5FA	#FFFFFF
4821	#ECD5D2	#FEFEFE
4822	#F0DCDA	#FEFEFE
4823	#E9E6F3	#FEFEFE
4824	#EBD4D0	#FEFEFE
4825	#F5F3F9	#FFFFFF
4826	#F8EFEE	#FEFEFE
4827	#E9E6F3	#FEFEFE
4828	#F8EEED	#FFFFFF
4829	#F8EFED	#FFFFFF
4830	#FDFAFA	#FFFFFF
4831	#F6F5FA	#FFFFFF
4832	#FDFAFA	#FFFFFF
4833	#F0DEDC	#FEFEFE
4834	#DFBAB5	#FCFCFC
4835	#F9F1EF	#FFFFFF
4836	#F9F1EF	#FEFEFE
4837	#FAFAFD	#FFFFFF
4838	#FDFBFB	#FFFFFF
4839	#FAFAFD	#FFFFFF
4840	#FFFFFF	#FFFFFF
4841	#F9F0EF	#FEFEFE
4842	#FCF7F7	#FFFFFF
4843	#FEFEFE	#FFFFFF
4844	#EEECF6	#FFFFFF
4845	#F0DDDA	#FEFEFE
4846	#FBF6F6	#FFFFFF
4847	#C9928B	#FBFBFB
4848	#CF9C96	#FCFCFC
4850	#F9F9FC	#FFFFFF
4851	#F7EEEC	#FFFFFF
4852	#ECD5D2	#FEFEFE
4853	#ECD5D2	#FEFEFE
4854	#E2C1BC	#FDFDFD
4855	#C68E87	#FBFBFB
4856	#F8EEED	#FFFFFF
4857	#CC9791	#FCFCFC
4858	#E3C3BF	#FDFDFD
4859	#DFBCB7	#FCFCFC
4860	#D4CFE8	#FEFEFE
4861	#E2C0BC	#FDFDFD
4862	#FFFEFE	#FFFFFF
4863	#CF9D97	#FCFCFC
4864	#D9AFAA	#FDFDFD
4865	#FBF6F5	#FFFFFF
4866	#F1E0DE	#FEFEFE
4867	#FCFCFD	#FFFFFF
4868	#FBFBFD	#FFFFFF
4869	#F2E2E0	#FEFEFE
4870	#FDFBFA	#FFFFFF
4871	#F3E5E3	#FEFEFE
4872	#E9E6F3	#FEFEFE
4873	#EFDCDA	#FEFEFE
4874	#F1E0DD	#FEFEFE
4875	#F1E0DE	#FEFEFE
4876	#F5F4FA	#FFFFFF
4877	#F3E5E3	#FEFEFE
4878	#F6F5FA	#FFFFFF
4879	#F6F4FA	#FFFFFF
4880	#F7EDEC	#FEFEFE
4881	#FEFDFD	#FFFFFF
4882	#FBFBFD	#FFFFFF
4883	#F4E7E5	#FEFEFE
4884	#F1E0DD	#FEFEFE
4885	#FDFBFB	#FFFFFF
4886	#FEFDFE	#FFFFFF
4887	#E9D0CC	#FDFDFD
4888	#F7EDEC	#FEFEFE
4889	#B7746D	#F9F9F9
4890	#EBD4D1	#FDFDFD
4891	#ECD5D2	#FDFDFD
4892	#FEFEFF	#FFFFFF
4893	#FEFDFE	#FFFFFF
4895	#CF9D97	#FCFCFC
4896	#FFFEFE	#FFFFFF
4897	#ECD4D1	#FDFDFD
4898	#F0DDDB	#FEFEFE
4899	#C68D86	#FBFBFB
4900	#F4E6E4	#FEFEFE
4901	#E8CECA	#FEFEFE
4902	#E1BEB9	#FEFEFE
4903	#E8E5F3	#FEFEFE
4904	#CF9D97	#FCFCFC
4905	#D9B0AB	#FDFDFD
4906	#CF9D97	#FCFCFC
4907	#D4A5A0	#FCFCFC
4908	#ECD5D2	#FEFEFE
4909	#E6C8C4	#FDFDFD
4910	#E6C8C4	#FDFDFD
4911	#ECD5D3	#FEFEFE
4912	#D4A5A0	#FCFCFC
4913	#F4E6E4	#FEFEFE
4914	#C68D87	#FBFBFB
4915	#F1E0DD	#FEFEFE
4916	#EBD3D0	#FEFEFE
4917	#F3E4E2	#FEFEFE
4918	#FEFEFE	#FFFFFF
4919	#F3E4E2	#FEFEFE
4920	#FBFAFD	#FFFFFF
4921	#F6F5FA	#FFFFFF
4922	#EFECF6	#FFFFFF
4923	#E6E3F2	#FEFEFE
4924	#EED9D7	#FEFEFE
4925	#EEECF6	#FEFEFE
4926	#FBF6F5	#FFFFFF
4927	#DFBBB7	#FCFCFC
4928	#E5E2F1	#FEFEFE
4929	#F9F1F0	#FFFFFF
4930	#FBF5F5	#FFFFFF
4931	#F6F5FA	#FFFFFF
4932	#FAF4F3	#FFFFFF
4933	#DCB5B0	#FCFCFC
4934	#D4CEE8	#FCFCFC
4935	#ECD5D2	#FEFEFE
4936	#FAF4F3	#FFFFFF
4937	#E5C7C4	#FCFCFC
4938	#EFDCDA	#FEFEFE
4939	#F0DCDA	#FEFEFE
4940	#F7EEEC	#FEFEFE
4941	#FEFEFE	#FFFFFF
4942	#D7ABA6	#FBFBFB
4943	#E0BDB9	#FDFDFD
4944	#F8F7FB	#FFFFFF
4945	#F7EDEC	#FFFFFF
4946	#FBF6F5	#FFFFFF
4947	#F1E0DE	#FEFEFE
4948	#F1F0F8	#FFFFFF
4949	#C1847D	#FAFAFA
4951	#CB9690	#FCFCFC
4952	#FEFCFC	#FFFFFF
4953	#EDD6D3	#FEFEFE
4954	#E0BDB9	#FDFDFD
4955	#F4E6E4	#FEFEFE
4956	#C48A84	#FBFBFB
4957	#F8EEED	#FFFFFF
4958	#E0BDB9	#FDFDFD
4959	#FBF6F5	#FFFFFF
4960	#E9CECB	#FEFEFE
4961	#E3C3BF	#FDFDFD
4962	#F4E5E3	#FEFEFE
4963	#FCFBFD	#FFFFFF
4964	#E1BEB9	#FDFDFD
4965	#E9CECA	#FEFEFE
4966	#D9B0AB	#FDFDFD
4967	#F3E4E3	#FEFEFE
4968	#FCF7F6	#FFFFFF
4969	#FEFEFE	#FFFFFF
4970	#FCFCFE	#FFFFFF
4971	#DEB9B5	#FCFCFC
4972	#EED9D6	#FEFEFE
4973	#FBFAFD	#FFFFFF
4974	#F6F4FA	#FFFFFF
4975	#EEECF6	#FFFFFF
4976	#F3F1F8	#FFFFFF
4977	#FBF6F5	#FFFFFF
4978	#F9F1F0	#FFFFFF
4979	#FBFAFD	#FFFFFF
4980	#FCFCFD	#FFFFFF
4981	#FBFAFD	#FFFFFF
4982	#F2E1DE	#FEFEFE
4983	#F4E6E4	#FEFEFE
4984	#FDFBFB	#FFFFFF
4985	#EDD7D4	#FEFEFE
4986	#F8EEED	#FEFEFE
4987	#F9F2F1	#FFFFFF
4988	#FAF9FC	#FFFFFF
4989	#F8EEED	#FEFEFE
4990	#DDB7B2	#FCFCFC
4991	#DCB5B0	#FCFCFC
4992	#D8ADA8	#FBFBFB
4993	#FCF8F7	#FFFFFF
4994	#E8CDCA	#FDFDFD
4996	#E2C1BC	#FDFDFD
4997	#E4C4C0	#FDFDFD
4998	#ECD6D3	#FEFEFE
4999	#E1BEBA	#FEFEFE
5000	#F1E0DE	#FEFEFE
5001	#D9B0AB	#FDFDFD
5002	#F8EEED	#FFFFFF
5003	#ECD5D2	#FEFEFE
5004	#F8EEED	#FFFFFF
5005	#F8EEED	#FFFFFF
5006	#F7EDEB	#FFFFFF
5007	#E1BEBA	#FEFEFE
5008	#CC9791	#FCFCFC
5009	#FBF6F5	#FFFFFF
5010	#D4CFE8	#FEFEFE
5011	#E1BEB9	#FEFEFE
5012	#D4A5A0	#FCFCFC
5013	#C9928B	#FBFBFB
5014	#D9B0AA	#FDFDFD
5015	#F1E0DE	#FEFEFE
5016	#F3E5E3	#FEFEFE
5017	#BD7E77	#FAFAFA
5018	#F1E0DE	#FEFEFE
5019	#F3E4E2	#FEFEFE
5020	#F7EEEC	#FEFEFE
5021	#E5E2F1	#FDFDFD
5022	#F7EDEC	#FEFEFE
5023	#FDFDFE	#FFFFFF
5024	#EFEDF6	#FEFEFE
5025	#FBFAFD	#FFFFFF
5026	#E8E5F3	#FEFEFE
5027	#CF9D97	#FCFCFC
5028	#FAF5F4	#FFFFFF
5029	#F3E3E1	#FEFEFE
5030	#F1E0DE	#FEFEFE
5031	#DCD7EC	#FEFEFE
5032	#FAF9FC	#FFFFFF
5033	#F5E7E6	#FEFEFE
5034	#D8D2EA	#FDFDFD
5035	#E4C4C0	#FDFDFD
5036	#F4E5E3	#FEFEFE
5037	#ECD4D1	#FDFDFD
5038	#EDD6D3	#FEFEFE
5039	#DCD7EC	#FEFEFE
5040	#E5C6C2	#FBFBFB
5041	#F6EBE9	#FEFEFE
5042	#FBFAFD	#FFFFFF
5043	#F5E7E6	#FEFEFE
5044	#E2C1BC	#FDFDFD
5045	#F2F0F8	#FEFEFE
5046	#FFFFFF	#FFFFFF
5047	#F1E0DE	#FEFEFE
5048	#E6C8C4	#FDFDFD
5049	#EAD1CE	#FDFDFD
5050	#EFDAD8	#FDFDFD
5052	#D3A59F	#FCFCFC
5053	#F1DFDD	#FEFEFE
5054	#E2C0BC	#FDFDFD
5055	#C48A83	#FBFBFB
5056	#C48A83	#FBFBFB
5057	#F7ECEA	#FFFFFF
5058	#F8EEED	#FFFFFF
5059	#E8CDCA	#FEFEFE
5060	#C68D86	#FBFBFB
5061	#D4A59F	#FCFCFC
5062	#C9928B	#FBFBFB
5063	#D4A5A0	#FCFCFC
5064	#C48A83	#FBFBFB
5065	#E1BEBA	#FEFEFE
5066	#FFFEFE	#FFFFFF
5067	#E8CECA	#FEFEFE
5068	#D4A5A0	#FCFCFC
5069	#F6F5FA	#FFFFFF
5070	#C0837C	#FAFAFA
5071	#FFFEFE	#FFFFFF
5072	#F3E4E2	#FEFEFE
5073	#EEECF6	#FEFEFE
5074	#FEFDFD	#FFFFFF
5075	#D3A59F	#FCFCFC
5076	#E6C9C5	#FDFDFD
5077	#D4CFE8	#FDFDFD
5078	#F0DDDA	#FEFEFE
5079	#F2F1F8	#FFFFFF
5080	#FAF4F3	#FFFFFF
5081	#FBF6F5	#FFFFFF
5082	#F2F0F8	#FFFFFF
5083	#FEFDFD	#FFFFFF
5084	#FBFBFD	#FFFFFF
5085	#F8EFEE	#FEFEFE
5086	#D3A59F	#FCFCFC
5087	#E2C0BC	#FDFDFD
5088	#FBFBFD	#FFFFFF
5089	#FAF3F2	#FFFFFF
5090	#F0DCDA	#FDFDFD
5091	#D9AEA9	#F9F9F9
5092	#FAF4F3	#FEFEFE
5093	#FDFBFA	#FFFFFF
5094	#FDFBFB	#FFFFFF
5095	#FEFEFE	#FFFFFF
5097	#FFFFFF	#FFFFFF
5098	#FAF9FC	#FFFFFF
5099	#E1BEB9	#FEFEFE
5100	#E9CECB	#FEFEFE
5101	#E5C7C3	#FDFDFD
