x	y
1.4057837164765	0.50019805265816
0.257854234066382	0.0804831961137261
0.660034562016067	0.220830659029676
1.07639332665525	0.431341212182303
2.45176958518949	0.841449769742287
1.00151195059751	0.45315280197081
3.27921340058014	1.46335938453018
-0.549588025379477	0.144138904810768
-0.279150056929458	0.0836472229614302
-1.46556636079729	0.39889055417079
-1.46556636079729	0.39889055417079
0.915318019020568	0.263922623604752
1.39024877373414	0.49406930635718
3.27924118008841	1.46229877184658
1.09417108141425	0.439146045343994
0.190569534030361	0.0501121779284389
1.7772138808229	0.74200364184831
0.225227205823021	0.070887506150228
2.91493124431159	1.15099278421732
0.921824610399643	0.265755741469354
1.39557961180183	0.496365775816694
1.0164080608921	0.460842950393706
-1.14646240435908	0.51599820673868
2.45716616852698	0.843674766141773
-3.0902255242414	1.24170732419705
0.665700951514605	0.255692613710115
2.43961622041387	0.836769184993985
0.224981771270229	0.0711089656428138
-1.07473554303208	0.345975258860545
0.731588435088278	0.321681817536344
0.190738716303272	0.0418413373211237
0.157297085833485	0.0560290330668433
1.43720917145551	0.673445411371028
-0.0648418021546259	0.0207523864740824
-0.047099662515018	0.0156935004775847
0.174426650554092	0.0613073683188855
-0.290172480232866	0.0866608763690696
-1.46556636079729	0.39889055417079
-1.04621110690196	0.336165192535253
2.11786289876299	1.01599114275617
-0.55888165037327	0.146019049191659
-1.84938412092576	0.83356226036139
0.204756590717357	0.0440408052662146
-0.576382344846406	0.15043977920911
1.4067001707368	0.655889524971417
-0.569438551601303	0.148859249648682
2.44834859745442	0.840528199577986
3.28942439006547	1.46887958363091
2.91776082824986	1.15193094411066
0.908924422609946	0.262601169518593
1.44630627729079	0.678473918534536
-2.20452069372124	0.676749531450116
0.196315155888877	0.0427978646049216
-0.55888165037327	0.146019049191659
-2.73065563760156	0.973452965521186
0.915318019020568	0.263922623604752
1.06730544773054	0.427159838008875
-0.0740003628224057	0.0227669405042662
1.4210472928817	0.663393200086933
-2.20452069372124	0.676749531450116
1.4297353185423	0.668537036752761
1.43227090562504	0.670272548642454
0.666646574449056	0.256056818944857
0.190695010497311	0.0418340508511931
0.921774163847151	0.265747233383473
2.10919347211913	1.01040883592747
0.208088282973525	0.044554233682967
-0.286940431421599	0.0857759418120604
1.87797645371064	1.25439430391665
1.63265684342445	0.9752764202657
0.146693137560631	0.051632041808403
3.28942439006547	1.46887958363091
-0.272084352415797	0.0956968501969828
1.7372773348252	0.929088358736419
0.204756590717357	0.0440408052662146
0.740674315178099	0.326111883765999
0.352624770775697	0.146370456558558
1.44608258749829	0.677956897105114
3.13143500596481	2.2705635721413
1.06454430481469	0.425990450381811
-0.569438551601303	0.148859249648682
-2.70163341573963	0.956867155200627
0.372260159349958	0.137169889847866
1.39557961180183	0.496365775816694
0.204756590717357	0.0440408052662146
0.208130289751052	0.0445612068776082
0.65922578725847	0.220614372532258
-2.72255744124352	0.967650203505477
1.39256483421105	0.495195831360944
-0.284672165916858	0.0851588772871711
4.07526397439356	2.40737118514436
3.26608991492401	1.45573646702542
1.7603487585302	0.733554579370929
1.06137676746378	0.424207182069452
2.90832288894759	1.14706883442003
0.664229390792417	0.221891790168857
0.163508956262119	0.044048271796309
0.77044523359563	0.341022459804678
1.75062958306834	0.72911962775107
1.0547766504486	0.540969424111581
1.08730358468494	0.436088441603603
2.90832288894759	1.14706883442003
2.92153744995923	1.15407818465564
-0.274700213464807	0.096770362673022
2.6847964056853	1.62260650498392
1.33731238646955	0.701634083652426
0.187516582106475	0.0494383766804619
-0.315729110423162	0.0936255870733279
-1.05132890273208	0.337837283120436
-0.63156264919244	0.218784438429344
0.199660581380647	0.0433122758858595
1.07442357325098	0.430486477047253
-1.45193446890926	0.757396105362394
-0.302194401361676	0.0898991994770611
-0.279150056929458	0.0836472229614302
2.31171249182034	2.23209051529229
-0.57158192855009	0.149583404745863
-0.0650565693058432	0.0208223884656029
2.92728363751449	1.15629108008848
0.204756590717357	0.0440408052662146
0.683042523889567	0.228414048266896
-0.299166355687244	0.0888790786403389
-0.553958654260902	0.145182611160989
-2.21257221902061	0.680354097619789
-0.55888165037327	0.146019049191659
0.924519625006435	0.266522920108041
0.921824610399643	0.265755741469354
1.07914588426441	0.432705181035229
2.4110519290943	1.30604253124369
0.222488748073877	0.0702750393397437
1.71838037692335	0.512092496146657
1.38545837834875	0.492219504116298
1.76271459085892	0.735118738719892
1.40274440558796	0.499243938315738
3.27619497272584	1.46229178166629
0.683042523889567	0.228414048266896
0.195923847427482	0.042652530602415
-0.286940431421599	0.0857759418120604
0.652517309123752	0.250536289007657
0.205561737379768	0.0441838774146192
1.40944408377313	0.65678098563451
-0.296420467222294	0.0882878370113901
2.02027116068648	1.21759389683829
0.24043151093131	0.0753310477210604
-0.283116977458228	0.10013289292877
-0.442648366536361	0.170243568565182
-0.841410173371026	0.325550889061364
0.921824610399643	0.265755741469354
3.15994577217853	2.30470369146113
0.543862896749736	0.232953450744109
0.620876187142299	0.237533960562436
1.0907534809609	0.43757620666106
0.349037895588866	0.144547721813254
0.225265061354041	0.0710251442631123
4.07526397439356	2.40737118514436
1.76182548377079	0.735239545395665
0.51302139099833	0.218538206861119
-0.872305576876012	0.338443107340808
1.05559309209925	0.421419368249449
2.28231233133006	1.8401525426405
0.683042523889567	0.228414048266896
-0.303349464245053	0.0902573552966827
0.180334652339367	0.0478106473797875
1.07470415062395	0.553781377853538
0.669501572235949	0.223838569535414
0.915318019020568	0.263922623604752
0.92457006190404	0.266440401880801
0.697799930251642	0.233225630493462
-1.07047338323605	0.344577477880863
1.35735770838485	0.715486887224047
-0.483267847701004	0.186547340541985
1.86347727958871	1.24007674204555
-0.571538969396222	0.149182553096798
-0.138516651290545	0.0518122326935401
0.23466335151464	0.0737583149910333
2.07860293876995	0.99125697461695
1.76974011968602	0.739295090782607
1.76519883265068	0.736621797940704
1.77594950607652	0.742014795788623
1.77736983538441	0.742093229737016
2.07416946245933	0.988395765267243
-0.00573280421735033	0.00250818397964482
0.682598544233423	0.228483971119609
2.91493124431159	1.15099278421732
1.36972296309591	0.486388383733701
-0.549638443779565	0.144154566527545
3.56972479265114	1.76059839007616
1.047572061423	0.417850877858123
1.07259606063584	0.429651920578067
0.716321417175309	0.314383166909451
3.57731649091494	1.7652097714823
3.25904938664935	1.45089842575752
-1.39447579712601	0.518519557547366
2.03902850087522	1.23372154742785
1.42126218292177	0.663517965383386
0.202198391670494	0.0436656035177294
2.92611708378369	1.94891774063172
2.32458969157745	2.24235924554349
0.162750896740835	0.0573395261325699
-0.554009631260321	0.145198449870715
1.09949830127412	0.629310417496486
1.07878401387793	0.432142860294847
0.662210510653847	0.22166725158361
0.340824258121599	0.125610910395207
0.356053594719455	0.130901708917079
0.250596382422263	0.0783154809169861
1.02539606965218	0.466075701008468
1.72300700303315	0.918518900786097
0.671217910650184	0.224603448239011
0.20471393630254	0.0440337263228802
1.07082409868839	0.428569888191259
3.26610537788351	1.45572874939348
1.86124627239609	1.23801654271761
3.5914488742797	1.77556029179753
0.382042381301575	0.140672237538369
0.67742746445304	0.226603864627127
2.90827841061733	1.14708003600027
1.38545837834875	0.492219504116298
0.490937049167767	0.208340824714995
0.205561737379768	0.0441838774146192
0.167714996663192	0.0449834543600603
0.915267467236802	0.263914073443303
0.906151326926563	0.261259737108879
0.167697313889314	0.0449797086311484
0.683090437699776	0.228431766982679
-0.0823976796900308	0.0256988782537463
1.72664583622157	0.514027439791968
0.175143411457113	0.0466493667011835
-0.0746663077399254	0.0233864316218744
1.7496963490873	0.937978031892547
0.167714996663192	0.0449834543600603
0.985340173302813	0.444363835363631
1.08486236230807	0.435238441596107
2.91771648568221	1.15252312484676
-3.08601159633868	1.23887459802837
-1.07472019752247	0.345966816698589
1.39557961180183	0.496365775816694
2.38912638645327	1.2886185706495
1.39256483421105	0.495195831360944
1.00361197916689	0.454244270770272
1.09429844663075	0.439203594030748
-1.42481399402057	0.530982496988981
3.25904938664935	1.45089842575752
3.83218329198527	2.0711829714689
2.4483134540998	0.840541819013097
0.69790279773561	0.233397477907166
1.71838037692335	0.512092496146657
1.40272851054165	0.499012480580187
0.180315924045662	0.0478066702574292
0.185336229200483	0.0489521954549182
1.40276034595944	0.499015152970679
0.205561737379768	0.0441838774146192
1.72665749194725	0.514015992250562
2.91488688463889	1.15100414083562
0.653383025399718	0.250726073024161
-0.84120454834255	0.3254567123765
1.75495432576142	0.730816424365007
1.72664583622157	0.514027439791968
2.4483134540998	0.840541819013097
-0.0694636972472008	0.0219231071606957
1.44925141597059	0.680088441968207
3.27922726773361	1.4633502643727
2.92438485477444	1.156147471729
1.07666701712925	0.431341675580183
1.72665749194725	0.514015992250562
-1.46556636079729	0.39889055417079
0.363913326655179	0.133777245545631
2.06776005468148	1.25680325483092
2.44834859745442	0.840528199577986
-0.281260235296569	0.0842171949240455
1.72665749194725	0.514015992250562
0.24043151093131	0.0753310477210604
1.7772657725191	0.742520128546194
1.37543780329452	0.488077804570456
0.175143411457113	0.0466493667011835
3.27919957863163	1.46232569188403
-1.4056376880237	0.523231466165592
2.4483134540998	0.840541819013097
1.40044521977271	0.498114316228894
0.924469195483338	0.266423091240108
0.921774163847151	0.265747233383473
1.76272652434353	0.947276618022484
0.924519625006435	0.266522920108041
1.72665749194725	0.514015992250562
0.904135206672466	0.261509120910768
2.91493124431159	1.15099278421732
0.212008815236231	0.0673437969872239
2.91776082824986	1.15193094411066
1.39440834551693	0.49578059753911
0.906822097465917	0.262270642143547
0.156198277830079	0.0554836054598365
2.92438485477444	1.156147471729
1.72664583622157	0.514027439791968
1.72402871819241	0.513373825324747
-0.286904273712644	0.0857077411434018
0.167714996663192	0.0449834543600603
1.72665749194725	0.514015992250562
0.92457006190404	0.266440401880801
0.917347332724012	0.264571103399029
1.39557961180183	0.496365775816694
0.910858892443621	0.262745945817241
1.07927570453139	0.432571298716309
3.84322845778343	2.07908349776713
0.680819310444715	0.227748009463594
2.45716616852698	0.843674766141773
0.915267467236802	0.263914073443303
1.72664583622157	0.514027439791968
0.921774163847151	0.265747233383473
-0.554009631260321	0.145198449870715
1.33141981818451	0.779750624532563
0.177899947569855	0.047263469364084
3.83206458294435	2.07108615071611
2.45709514677168	0.843701380989689
0.202198391670494	0.0436656035177294
2.11401480346062	1.0131118083397
-1.05778778260541	0.340151551701162
0.646664355085335	0.247560855118348
1.77731775736724	0.742549867568003
-0.286974240436354	0.0857853046400139
-1.46556636079729	0.39889055417079
0.894916799465727	0.258924013894673
0.683003441708441	0.228349472683081
0.237104877726037	0.0745081095807233
1.71838037692335	0.512092496146657
2.10919347211913	1.01040883592747
2.08579215314207	0.99512741964913
2.45716616852698	0.843674766141773
0.902425948558069	0.260776504921945
-0.0911136484595437	0.0280768680198503
0.254284235189305	0.0794453940672214
0.640161690077788	0.245038673426509
3.58480031521524	1.76996218225702
2.10568048526768	1.0085784085268
0.185354182313861	0.0489411300621527
-0.292430780238393	0.0871682843803566
3.27919957863163	1.46232569188403
0.697954371514853	0.2332827748051
0.703233250746039	0.307696059560868
1.07654286608265	0.431093031201469
1.72402871819241	0.513373825324747
2.45442904372326	0.842929862158112
-2.21257221902061	0.680354097619789
3.56972479265114	1.76059839007616
1.40276034595944	0.499015152970679
1.75495432576142	0.730816424365007
0.163492226678909	0.044044738586646
0.208088282973525	0.044554233682967
0.236760388577432	0.0742695453338153
-0.0729558000956072	0.0231195974870213
-1.06383257360404	0.341981866655656
-0.556695510417587	0.145720699864662
1.77046288364682	0.739085774074085
1.02513240896185	0.465544934732974
1.02513240896185	0.465544934732974
0.208088282973525	0.044554233682967
0.157581581108027	0.0426992641424185
3.25904938664935	1.45089842575752
1.38725996190371	0.493134041662893
0.167714996663192	0.0449834543600603
2.92434064150852	1.15557468669485
3.8331373619037	2.07194875327632
2.09248172962108	1.00079154734335
1.39557961180183	0.496365775816694
1.38016920470379	0.490169965758878
-1.8365763720551	0.825361689252669
2.91767215080868	1.15195328733466
-0.576382344846406	0.15043977920911
2.91771648568221	1.15252312484676
1.72664583622157	0.514027439791968
2.45442904372326	0.842929862158112
0.185336229200483	0.0489521954549182
0.683042523889567	0.228414048266896
2.45442904372326	0.842929862158112
0.193364634888779	0.0422782569669119
1.38725996190371	0.493134041662893
0.190551949951808	0.0501236937756434
1.33872030811846	0.784808389695492
1.71838037692335	0.512092496146657
-2.21257221902061	0.680354097619789
-0.857938081647493	0.33148708711927
0.915318019020568	0.263922623604752
-3.34089494495661	1.45941892864411
-0.0548120384712905	0.0179162878811802
0.644915445835617	0.247010812903871
0.187534552195979	0.0494421831048262
1.37543780329452	0.488077804570456
0.902425948558069	0.260776504921945
1.0987316747086	0.441148704582627
0.904084541315186	0.261500500062554
0.67742746445304	0.226603864627127
0.156584690833271	0.0425025301223814
-1.41089196212682	0.525591327452038
0.915318019020568	0.263922623604752
0.182273477751123	0.0405997709363184
2.07432344697303	0.98782080086047
1.44531895119158	0.677929170411295
-3.06639739603196	1.22806237039513
-0.302082620846234	0.0898034132300967
1.39556294187099	0.496135793832498
1.64876018529104	0.988946741372884
1.08486236230807	0.435238441596107
1.72664583622157	0.514027439791968
0.162424073790497	0.0437924487812196
0.921774163847151	0.265747233383473
1.38277622260188	0.491429562364001
2.91488688463889	1.15100414083562
1.72665749194725	0.514015992250562
-0.569438551601303	0.148859249648682
2.09408927735694	1.00081261564385
-0.855003276110415	0.331338009543969
0.676142808895879	0.259893176607517
0.165016980071288	0.0443593586963327
3.26909842045239	1.45753652807612
0.919086224093982	0.264875597201778
0.154045257705526	0.0546735956874748
0.740213975046896	0.325815203706746
1.38545837834875	0.492219504116298
0.187534552195979	0.0494421831048262
-1.04415041615715	0.335312917030539
-0.614845878227937	0.212567579721655
1.72664583622157	0.514027439791968
1.76266616893112	0.735090202637704
1.4246549617334	0.665836622173961
0.163492226678909	0.044044738586646
0.849960235976394	0.426623302021295
2.37659817852811	1.27883941086168
1.42126218292177	0.663517965383386
1.42063678151242	0.66318578976581
0.239226857357396	0.0750081264787135
0.209863031234285	0.0668518212769253
1.4424893859302	0.676274603130805
1.05932465176635	0.423494952192554
4.08721474117526	2.41953645011617
1.37558935632313	0.489060937437241
0.844532999078563	0.423019116204431
-0.440610632298562	0.168873207604064
0.180315924045662	0.0478066702574292
2.4483134540998	0.840541819013097
2.4483134540998	0.840541819013097
-1.16811413797927	0.528907448998153
3.27016636624633	1.45724800636443
1.71838037692335	0.512092496146657
1.09886001598825	0.44140397862876
-0.549588025379477	0.144138904810768
-2.20131061198549	0.675574843790802
0.184506730859797	0.0487417923755395
3.27619497272584	1.46229178166629
0.694431548999718	0.232314723385403
3.83643897137894	2.07573852721349
2.39752662063719	1.2949831546304
0.671217910650184	0.224603448239011
0.230992937256442	0.072671397672911
0.246104130605166	0.0769660138150043
1.39026582301669	0.494298341784791
0.667973299835533	0.223589390189493
1.35847362999156	0.481984659331125
-1.04623082826136	0.336174901762473
3.83206458294435	2.07108615071611
1.75495432576142	0.730816424365007
1.43970123287372	0.674822959547585
0.732338098624531	0.322568589710723
1.38574543378959	0.492858150197212
-1.02111519094033	0.431096199665407
2.45713066693921	0.844016359639868
0.180096977611431	0.0477470127508601
1.0472281843103	0.477374042368657
0.681160774189803	0.261939137236114
2.91493124431159	1.15099278421732
-0.28685715168568	0.085721358799069
3.57296496055713	1.76215685722717
-2.21731210191502	0.682578012209152
0.90687275259153	0.262189590696395
0.901404731776287	0.260636052892095
0.234181565975846	0.0734295728679185
1.37978528414721	0.490494430759015
0.205505037225659	0.065322762277465
0.671217910650184	0.224603448239011
-0.622825969367465	0.215180062721439
0.6818964233743	0.22794326934864
-0.290264244922464	0.086664393151335
1.78864644912761	0.748021760369256
0.240083418577963	0.0754427996067918
-2.70163341573963	0.956867155200627
0.15353234419158	0.0542517463126328
-0.323074010778262	0.0954139790909065
3.83301882980968	2.07184038545602
1.38547624122001	0.492221548058075
-1.84142427080935	0.827719614988648
0.912597447073333	0.263157043298413
1.00151195059751	0.45315280197081
2.36419615625513	1.26864663417104
0.665482699211683	0.22268814323036
1.07302139668997	0.429679533268468
4.5322227248598	3.16507495393209
-2.20452069372124	0.676749531450116
-0.275639826283991	0.082654363540114
0.67517527376904	0.22567167159486
0.170690165592143	0.0456649453098175
1.04206068185932	0.415814822001926
2.09841704355149	1.00355500904501
0.172141930104414	0.0459762515619496
-0.333933141313993	0.0984103819871092
0.204756590717357	0.0440408052662146
0.239403305751306	0.0751465921929683
2.08232066777183	0.993341385977143
1.09062725718876	0.437713933028082
-0.31004362571058	0.0920129329993573
3.26608991492401	1.45573646702542
0.182327940194625	0.0482741151528399
1.42872991704092	0.668290933990463
-0.567585807840995	0.148008276225078
1.40579926306625	0.499884434950519
1.39741486104157	0.497164782563706
0.688755278517132	0.230474449974642
0.172618618008275	0.0460830870042928
0.657785132233081	0.252417937405361
0.921824610399643	0.265755741469354
-0.556695510417587	0.145720699864662
1.0966510984311	0.440514701924932
1.04917689136976	0.537515683926937
1.72664583622157	0.514027439791968
1.38547624122001	0.492221548058075
-2.71389264192226	0.964179620991658
0.346630520892089	0.127240861809027
-0.284672165916858	0.0851588772871711
0.190738716303272	0.0418413373211237
0.165098845749039	0.0443852773723253
1.71838037692335	0.512092496146657
0.669547790070559	0.223855623975965
2.02979381135282	1.22536310503481
-0.846105267908336	0.327184575607302
1.77311897055778	0.740799526761961
-0.0870790185925107	0.0268847709478279
1.04571339176976	0.535441223006157
2.90827841061733	1.14708003600027
2.45446436525245	0.842916202981294
1.77383519060389	0.740746034447833
0.167714996663192	0.0449834543600603
0.910807770799633	0.262737230399533
0.199660581380647	0.0433122758858595
-1.05646570561747	0.339422980870141
1.41869593610225	0.662411856762016
1.42803843371222	0.667735615272241
2.40688770319377	1.3030467087258
0.692273164594823	0.231440421288289
-0.287321646129879	0.0857545243985211
-0.576382344846406	0.15043977920911
2.43961622041387	0.836769184993985
-1.46754137571983	0.399241075338394
0.753249720085579	0.332267752881209
0.231117956713234	0.0727088244452258
2.03019622830474	1.22583922457498
1.39557961180183	0.496365775816694
1.39028291728355	0.494072914686244
1.02080700210813	0.463504064275932
1.76271459085892	0.735118738719892
2.11386485793166	1.01363216414761
3.26909842045239	1.45753652807612
2.10945501417892	1.00968388924851
0.216719705000493	0.0685905264325179
0.182327940194625	0.0482741151528399
0.917347332724012	0.264571103399029
0.849912491106667	0.426276233312832
2.09396320894315	1.0011830226404
3.24909639235388	1.44424220972449
-0.283958946580875	0.100346319742523
1.08425654168967	0.559781155852565
-1.45181767542645	0.542504136310831
0.205561737379768	0.0441838774146192
0.180334652339367	0.0478106473797875
0.910858892443621	0.262745945817241
-0.55888165037327	0.146019049191659
2.4483134540998	0.840541819013097
2.08232066777183	0.993341385977143
1.43777745532278	0.673223104825915
0.490530000505051	0.232649830526946
0.671867470784511	0.258104946812064
3.2833312885705	1.46611990793056
-2.20131061198549	0.675574843790802
-3.3588196552632	1.47115485552605
1.08708910830076	0.435939593229012
0.247039100213811	0.0772177346964532
-0.55888165037327	0.146019049191659
-0.549638443779565	0.144154566527545
1.75768906013848	0.943743143594544
0.230992937256442	0.072671397672911
-0.848324945920475	0.327857346108798
-2.20131061198549	0.675574843790802
1.7670969374071	0.736975258042291
-0.045801651774563	0.0153759545680933
2.41557774195009	1.30952991995572
3.56977075964114	1.75979068321058
0.368157815644971	0.135282792049881
0.386668880100761	0.142189207308483
0.225904534302232	0.0712547296507584
4.0588318326328	2.39002452109041
0.177916426070479	0.0472813074926094
-0.0900312571249825	0.0279764260645235
0.999706349348309	0.452323314772893
0.671217910650184	0.224603448239011
1.09820634188016	0.628239244258497
1.39557961180183	0.496365775816694
-0.294085600751134	0.0875804248732261
0.204756590717357	0.0440408052662146
2.92719523940039	1.15711191350553
0.144706532663459	0.0510405433102493
0.893327858309595	0.258137021796653
1.36407623904653	0.719673878922253
1.04530859863227	0.534580248679145
0.208130289751052	0.0445612068776082
4.05971258368773	2.39004897732211
0.167697313889314	0.0449797086311484
-0.316296863137473	0.0936455793109416
0.912597447073333	0.263157043298413
1.77393728942937	0.74080523066272
-0.0704807869872233	0.0221615303824729
-1.05139365222271	0.337625068809831
1.0989884724864	0.441265983723627
2.44834859745442	0.840528199577986
0.337822519607979	0.12419854945042
1.72664583622157	0.514027439791968
2.09745532714859	1.00299110807235
2.38139112802631	1.28265319016193
0.924469195483338	0.266423091240108
1.07088000800609	0.428531581319754
2.0904766040442	0.998607707037486
0.681969892043486	0.33429169933203
0.989695987929918	0.446775671381906
0.919086224093982	0.264875597201778
1.43353329977211	0.670713487789622
-0.552335012199188	0.144678456612124
1.08268584750491	0.434131481875892
1.39556294187099	0.496135793832498
1.73953356091327	0.723250406310303
1.39556294187099	0.496135793832498
2.91246544505744	2.55349701122386
-0.632183976563046	0.219033211637202
1.38248601554662	0.491066536373935
1.72402871819241	0.513373825324747
2.37142373474938	1.27428493347539
-0.281260235296569	0.0842171949240455
1.01152046638413	0.458230154830963
0.906151326926563	0.261259737108879
0.199660581380647	0.0433122758858595
2.92153744995923	1.15407818465564
2.11756041143871	1.01580063446381
0.122143726428555	0.0440319804073645
0.375797660727631	0.156036359909613
1.39256483421105	0.495195831360944
2.38511814817332	1.28596893426868
3.26608991492401	1.45573646702542
0.145128410545359	0.0512471330517067
0.199725603786724	0.0637905630056299
-2.20131061198549	0.675574843790802
1.40272851054165	0.499012480580187
1.05138864543967	0.538567682883175
3.8331373619037	2.07194875327632
0.915318019020568	0.263922623604752
0.921824610399643	0.265755741469354
3.82208423256688	2.06165992465882
2.11371505412769	1.01353693642233
1.72665749194725	0.514015992250562
1.71991603458268	0.91599400269557
1.721769340585	0.917624354869823
1.05639730571349	0.422117858086805
2.44567166971443	0.839453219846175
1.38547624122001	0.492221548058075
0.908924422609946	0.262601169518593
-0.00802721232816763	0.00328049904693808
2.90827841061733	1.14708003600027
0.921774163847151	0.265747233383473
1.38545837834875	0.492219504116298
1.07676544856139	0.431675414265058
-0.28742178920352	0.0857832079305612
-0.55888165037327	0.146019049191659
-0.0833748395153626	0.0259186668222249
-0.275734201939887	0.0826813184500592
1.3801874459795	0.490172173913112
0.229042848297212	0.0723493922830735
2.89896851317136	1.14156400888801
3.55154185738699	1.74591014244481
-0.0644937872061349	0.0205341488285567
3.55574281240124	1.74904562098681
1.40276034595944	0.499015152970679
3.2833312885705	1.46611990793056
2.28095919519759	1.53131087690392
1.03874535676648	0.47307606038338
-0.57158192855009	0.149583404745863
3.26610537788351	1.45572874939348
1.38547624122001	0.492221548058075
0.901720616063008	0.260095467165507
-0.0985357428782265	0.0301134293712474
1.09062725718876	0.437713933028082
2.08017458981791	0.99150793962923
-0.549638443779565	0.144154566527545
1.75477153749148	0.941610978387229
1.76340658508459	0.947667472975196
-0.562262366874053	0.147296690051847
2.43961622041387	0.836769184993985
-0.0550273899479016	0.0179785409851447
0.15063697812048	0.0411697681850444
-0.0549195316441823	0.0179806469608592
0.199660581380647	0.0433122758858595
2.90551789185603	1.14556900793857
-1.46556636079729	0.39889055417079
3.24909639235388	1.44424220972449
2.90832288894759	1.14706883442003
-0.549638443779565	0.144154566527545
-0.296774214875288	0.105004489158004
-0.0676046001513337	0.0216481204050412
1.62460210307028	0.969155556699627
1.39557961180183	0.496365775816694
1.38545837834875	0.492219504116298
2.09383725457669	1.00065411366166
2.40665218131254	1.30287266862572
0.902425948558069	0.260776504921945
3.26310413052701	1.45333946698961
0.208130289751052	0.0445612068776082
1.38248601554662	0.491066536373935
1.71838037692335	0.512092496146657
1.38545837834875	0.492219504116298
4.07022870997829	2.4008129136502
2.10568048526768	1.0085784085268
-0.563224434073156	0.1470595732283
1.38547624122001	0.492221548058075
1.55917186220918	1.02117688469612
3.56649069111218	1.75758098854351
1.76271459085892	0.735118738719892
-2.09476866951339	1.05136302994553
1.77383519060389	0.740746034447833
1.77383519060389	0.740746034447833
0.915318019020568	0.263922623604752
0.679191328030284	0.22724498722169
3.54112106425206	3.01355221811644
-0.597272310660141	0.206467605355444
1.4191213138506	0.662322961758951
0.691018322596608	0.231067203856998
3.26908338806269	1.45678296110119
0.659969723833758	0.22073480452832
-1.06622034319365	0.342974832284015
0.659376903013568	0.220720853091478
-0.566762350553045	0.148337034266256
-1.67647833120894	0.697650135674115
1.72664583622157	0.514027439791968
0.682598544233423	0.228483971119609
0.915318019020568	0.263922623604752
0.199660581380647	0.0433122758858595
1.43397196584569	0.670964319817609
-0.565000228990759	0.147836672845567
-0.562313153317888	0.147312602906664
2.39222742561893	1.29083669252005
0.170184199651161	0.0455102597114768
2.91788745847324	1.93932148405935
1.72664583622157	0.514027439791968
0.377596771139821	0.138947657898866
1.06906845559104	0.427842108193032
0.158183786820718	0.0428514673082041
-1.41630178009946	0.52765978946609
1.6539580794907	0.993385458445932
-0.549638443779565	0.144154566527545
1.72665749194725	0.514015992250562
-2.21731210191502	0.682578012209152
4.09055654961381	2.42422065615317
3.81786006711318	2.05881896391186
2.44567166971443	0.839453219846175
2.07416946245933	0.988395765267243
-1.05139365222271	0.337625068809831
0.912597447073333	0.263157043298413
2.10581004156324	1.00804315738564
2.89896851317136	1.14156400888801
1.08853277222926	0.43672577714773
1.39024877373414	0.49406930635718
0.915318019020568	0.263922623604752
-1.06383257360404	0.341981866655656
0.669501572235949	0.223838569535414
3.26610537788351	1.45572874939348
0.906151326926563	0.261259737108879
1.38692346903873	0.49313742565214
2.6847964056853	1.62260650498392
2.44567166971443	0.839453219846175
3.27922726773361	1.4633502643727
-0.565000228990759	0.147836672845567
0.24043151093131	0.0753310477210604
0.165016980071288	0.0443593586963327
1.36551843575092	0.484955838575038
-0.0845518938915973	0.0262138201597811
0.899765603237419	0.260024823460973
-0.290172480232866	0.0866608763690696
-1.41775409261883	0.528669717214252
2.074443921041	0.987898360587514
0.671783008731121	0.224523528358971
2.07873132634183	0.99133955114872
0.199660581380647	0.0433122758858595
1.44226719141262	0.675862488734487
3.28638063920881	1.46778961483254
1.31608927427905	0.687463259318832
0.910807770799633	0.262737230399533
-0.652790841570171	0.225894312785604
1.74386805742768	0.724791639516812
1.72664583622157	0.514027439791968
2.91767215080868	1.15195328733466
0.72643572696524	0.319160643252934
2.38309507183005	1.28384232436157
1.06730544773054	0.427159838008875
1.44107562091579	0.675674611029786
0.924519625006435	0.266522920108041
0.911711426533657	0.263290287954357
1.770513002613	0.73911521710779
1.08511942861004	0.435275581115742
0.686438385931598	0.229465616264401
2.40602413369699	1.30124900936568
3.14405673580325	2.2851001390759
1.09062725718876	0.437713933028082
3.25608093098774	1.44911407166836
-1.04415041615715	0.335312917030539
3.26610537788351	1.45572874939348
4.28129806246568	2.73862359469149
2.37659817852811	1.27883941086168
2.10568048526768	1.0085784085268
0.911711426533657	0.263290287954357
0.683042523889567	0.228414048266896
-0.55888165037327	0.146019049191659
2.45442904372326	0.842929862158112
1.41470626791798	0.660045838285555
1.76266616893112	0.735090202637704
1.71838037692335	0.512092496146657
0.697799930251642	0.233225630493462
1.43353329977211	0.670713487789622
3.57291820734226	1.76095245319853
1.76805416025174	0.737769143612369
1.4289658546157	0.668429229083403
-0.28685715168568	0.085721358799069
1.09886001598825	0.44140397862876
1.43755656456294	0.673099191026866
-0.284718425050904	0.0851722059912993
2.45446436525245	0.842916202981294
-0.0683288340558768	0.0216509268387189
0.177324465825582	0.0471342222202081
-0.321400398536847	0.0947115419450849
0.671783008731121	0.224523528358971
1.72402871819241	0.513373825324747
-2.71389264192226	0.964179620991658
1.06137676746378	0.424207182069452
0.911609804248397	0.263272701029936
1.40144635945363	0.652289760587776
3.8399774426495	2.07869138541729
0.915267467236802	0.263914073443303
2.90551789185603	1.14556900793857
3.5806215145737	1.76713572499057
2.45446436525245	0.842916202981294
1.44833843817028	0.680048464298258
2.44567166971443	0.839453219846175
3.56977075964114	1.75979068321058
1.40276034595944	0.499015152970679
3.56221723512204	1.7544607898084
-0.279103788614289	0.0836339313174652
2.5393279328965	1.88757359069226
3.27316965466308	1.45987901225535
2.90832288894759	1.14706883442003
0.919086224093982	0.264875597201778
1.74581938677338	0.726145387504203
0.912597447073333	0.263157043298413
3.83301882980968	2.07184038545602
2.45176958518949	0.841449769742287
2.12171588888745	1.01810020959153
0.20471393630254	0.0440337263228802
0.92457006190404	0.266440401880801
3.58047582984061	1.76700315186199
-1.06898305525912	0.343786697766102
1.76271459085892	0.735118738719892
2.91771648568221	1.15252312484676
1.39557961180183	0.496365775816694
1.38016920470379	0.490169965758878
-0.298631582750022	0.0888136485539855
-1.05132890273208	0.337837283120436
1.71838037692335	0.512092496146657
1.77736983538441	0.742093229737016
2.08448560220228	0.994743736476529
2.93079413470318	1.9535834900802
2.09383725457669	1.00065411366166
2.90832288894759	1.14706883442003
0.921774163847151	0.265747233383473
2.40688770319377	1.3030467087258
3.26610537788351	1.45572874939348
2.91210871999862	1.14894462063688
2.02215033918206	1.21983500076394
-2.20452069372124	0.676749531450116
0.675202385974488	0.225674647305293
1.76025011587465	0.733497356580686
3.83655874756984	2.07494832850428
0.660034562016067	0.220830659029676
1.75840552747168	0.733204294369585
1.39256483421105	0.495195831360944
1.73193125967333	0.925252442347234
0.199660581380647	0.0433122758858595
3.86696942666687	2.10070499938874
0.723495683571047	0.317360482231465
0.906151326926563	0.261259737108879
0.373375547216169	0.137337476247713
0.919086224093982	0.264875597201778
0.35967752558166	0.132385240160167
2.37973949139537	1.28176553622523
0.195880525766074	0.0426453207559659
-0.302117739358691	0.0898012155252206
2.01299748593178	1.21096703938065
1.76602253904652	0.736460561645212
0.677379565658875	0.226586193321658
-1.40452062816098	0.522794322961945
3.55150019255635	1.74586834583851
1.37980134392203	0.490495849580318
1.77829806424928	0.742842282455695
2.43961622041387	0.836769184993985
-0.301428510472253	0.0897422711630161
0.152028369317939	0.0547293218921293
2.91488688463889	1.15100414083562
1.39256483421105	0.495195831360944
-0.29578813560486	0.0882116684839374
2.90832288894759	1.14706883442003
2.08448560220228	0.994743736476529
-0.297745227366455	0.088703707435214
-1.05358933464413	0.33872103827442
-0.84120454834255	0.3254567123765
2.43961622041387	0.836769184993985
-0.565000228990759	0.147836672845567
-0.576382344846406	0.15043977920911
1.75694714586213	0.732159734378909
3.56644568989027	1.757536747449
-0.275734201939887	0.0826813184500592
2.91493124431159	1.15099278421732
-1.46556636079729	0.39889055417079
1.39559632674966	0.496139071198923
-1.47559564657686	0.401361379112135
1.7372773348252	0.929088358736419
1.72402871819241	0.513373825324747
3.57305874423035	1.76108157503203
1.71838037692335	0.512092496146657
-0.0971708430218215	0.0293477537925444
1.42483250624676	0.665349095885143
1.39556294187099	0.496135793832498
1.00182033971264	0.453315721776276
-1.46754137571983	0.399241075338394
2.91488688463889	1.15100414083562
0.187534552195979	0.0494421831048262
1.71898378277602	0.91602561485643
2.44567166971443	0.839453219846175
0.662809315841008	0.254477784106707
0.167697313889314	0.0449797086311484
1.35311700935219	0.712833728348346
0.92457006190404	0.266440401880801
1.38280751378984	0.491432164348294
1.38725996190371	0.493134041662893
1.72665749194725	0.514015992250562
0.659969723833758	0.22073480452832
0.645214678485994	0.2470919343214
2.89896851317136	1.14156400888801
1.71838037692335	0.512092496146657
-0.0720582332736341	0.0225628046484725
-0.631683750756539	0.218830202820297
2.43961622041387	0.836769184993985
2.08687440913371	0.99641134159439
1.39557961180183	0.496365775816694
1.02570282778038	0.466042658798379
2.39033935704084	1.29046394299871
0.921824610399643	0.265755741469354
0.205561737379768	0.0441838774146192
-0.554009631260321	0.145198449870715
1.75694714586213	0.732159734378909
2.90827841061733	1.14708003600027
0.208088282973525	0.044554233682967
-0.565000228990759	0.147836672845567
0.924469195483338	0.266423091240108
-0.597151945641083	0.206494586624071
2.89896851317136	1.14156400888801
1.35026739219006	0.710068119006617
2.92438485477444	1.156147471729
0.921824610399643	0.265755741469354
-0.562262366874053	0.147296690051847
2.39661915970232	1.29451890833613
-1.46556636079729	0.39889055417079
2.08850076841537	0.998296561308941
0.157581581108027	0.0426992641424185
2.91767215080868	1.15195328733466
0.208088282973525	0.044554233682967
2.92158168883162	1.15406672838897
1.72402871819241	0.513373825324747
-0.553958654260902	0.145182611160989
2.43961622041387	0.836769184993985
1.40579926306625	0.499884434950519
-1.39218884984795	0.517361767954646
2.08822252927159	0.997024771965125
1.37543780329452	0.488077804570456
1.72402871819241	0.513373825324747
-0.567097066778424	0.148548092076695
1.00361197916689	0.454244270770272
2.08232066777183	0.993341385977143
0.199660581380647	0.0433122758858595
1.72664583622157	0.514027439791968
0.23466335151464	0.0737583149910333
0.921774163847151	0.265747233383473
2.44567166971443	0.839453219846175
3.58378592172811	1.76948449451818
0.187534552195979	0.0494421831048262
2.4483134540998	0.840541819013097
2.91488688463889	1.15100414083562
1.0987316747086	0.441148704582627
1.03888804369449	0.473203807158143
1.72402871819241	0.513373825324747
1.71838037692335	0.512092496146657
1.72665749194725	0.514015992250562
2.45446436525245	0.842916202981294
-0.632162665545722	0.219170645510441
-0.0864333464683303	0.0268884438785971
0.177324465825582	0.0471342222202081
3.55895493620897	1.75203607094021
2.44567166971443	0.839453219846175
2.92434064150852	1.15557468669485
0.199660581380647	0.0433122758858595
-2.20774410875569	0.677401665515386
-0.549638443779565	0.144154566527545
1.39256483421105	0.495195831360944
2.91493124431159	1.15099278421732
0.919086224093982	0.264875597201778
0.921824610399643	0.265755741469354
-0.562313153317888	0.147312602906664
1.72402871819241	0.513373825324747
1.74291123433662	0.724974229337115
0.168385908974851	0.0451400447950387
0.360291418455361	0.132320384568482
0.199660581380647	0.0433122758858595
-0.459659948280273	0.177598826153216
1.72665749194725	0.514015992250562
0.175124314973247	0.046645304856595
1.71838037692335	0.512092496146657
0.615870583098556	0.235471095771521
1.38248601554662	0.491066536373935
0.199660581380647	0.0433122758858595
0.230534790079877	0.0723507853261846
3.25608093098774	1.44911407166836
1.71838037692335	0.512092496146657
1.77046288364682	0.739085774074085
0.208088282973525	0.044554233682967
2.91776082824986	1.15193094411066
2.06270436280116	0.980675981383078
2.44567166971443	0.839453219846175
0.906151326926563	0.261259737108879
2.90827841061733	1.14708003600027
-0.290172480232866	0.0866608763690696
1.40044521977271	0.498114316228894
-0.565000228990759	0.147836672845567
1.38427899058231	0.491766401647725
3.57301180618074	1.76219924411501
0.658526731390681	0.220060854684016
-0.275258910259328	0.0973006905426171
1.78508128093501	0.746164945988396
0.680819310444715	0.227748009463594
1.76602253904652	0.736460561645212
0.381287637239209	0.15858938460925
2.37099176846351	1.27396190391761
-0.279103788614289	0.0836339313174652
0.662809315841008	0.254477784106707
2.44834859745442	0.840528199577986
-1.47559564657686	0.401361379112135
1.39557961180183	0.496365775816694
-2.20131061198549	0.675574843790802
1.39258193627448	0.495197582069264
1.37260374681986	0.487696492713787
2.67127470476257	1.61024448519601
1.0164080608921	0.460842950393706
1.40276034595944	0.499015152970679
2.4483134540998	0.840541819013097
0.654331364650838	0.218937091794533
2.10919347211913	1.01040883592747
1.72664583622157	0.514027439791968
-0.304389922778657	0.0904940480963697
-1.46556636079729	0.39889055417079
4.08764622645841	2.41933377724634
0.683090437699776	0.228431766982679
0.902476879033505	0.260785195270642
1.07351865442712	0.552589101611807
2.89896851317136	1.14156400888801
2.90827841061733	1.14708003600027
-1.07774192928094	0.346920986823139
2.09035178211931	0.998526967079187
0.906151326926563	0.261259737108879
2.89156594801189	2.52085461623409
-0.298731668735922	0.0888424662603934
3.5483030024599	1.74351337995961
3.27620927747588	1.46151929297208
3.54089877124993	1.73733876254696
1.31065064861319	0.683612597115556
2.45446436525245	0.842916202981294
2.03100178186039	1.22566609166783
2.91210871999862	1.14894462063688
0.187468605835015	0.04141071045087
-0.0215871682089322	0.00728107294846179
1.33889236573369	0.866340263468398
0.670929504445957	0.257844613389223
0.921824610399643	0.265755741469354
0.208130289751052	0.0445612068776082
0.180334652339367	0.0478106473797875
1.39971224002831	0.49785141353806
-0.279103788614289	0.0836339313174652
2.43961622041387	0.836769184993985
1.39256483421105	0.495195831360944
2.45446436525245	0.842916202981294
-1.05139365222271	0.337625068809831
1.40576821535676	0.500196841629125
-2.20131061198549	0.675574843790802
-0.552335012199188	0.144678456612124
-1.46556636079729	0.39889055417079
3.26610537788351	1.45572874939348
1.77657348399071	0.742102099666446
2.45709514677168	0.843701380989689
2.92723943457006	1.15710072897931
0.208130289751052	0.0445612068776082
0.166936128032523	0.0447866169980702
0.921824610399643	0.265755741469354
-1.46556636079729	0.39889055417079
0.894916799465727	0.258924013894673
-1.40664072061403	0.523833363794703
1.05346850049951	0.420726355416989
0.718162317484281	0.314837650984302
-0.28788852605415	0.101479862340944
3.82888864503241	2.06827257768011
-2.20131061198549	0.675574843790802
0.921774163847151	0.265747233383473
-0.602621602866665	0.208403509975971
0.915267467236802	0.263914073443303
0.912597447073333	0.263157043298413
1.38248601554662	0.491066536373935
-2.21731210191502	0.682578012209152
1.71838037692335	0.512092496146657
-0.55839960089021	0.146151799893841
2.45713066693921	0.844016359639868
1.40576821535676	0.500196841629125
-1.04923748026572	0.337110470489464
3.83643897137894	2.07573852721349
1.41239207165046	0.658053128606857
-0.708137604774076	0.310780815082026
0.231780346771202	0.0729724855631644
1.43695465968428	0.673406312919892
0.917296314805694	0.264562429003048
3.2691134975973	1.45676655530423
0.231780346771202	0.0729724855631644
0.177324465825582	0.0471342222202081
-2.20452069372124	0.676749531450116
2.44567166971443	0.839453219846175
1.40579926306625	0.499884434950519
0.205561737379768	0.0441838774146192
2.92723943457006	1.15710072897931
0.187468605835015	0.04141071045087
-0.286940431421599	0.0857759418120604
-0.286940431421599	0.0857759418120604
1.41573678374435	0.660567110587147
2.45446436525245	0.842916202981294
0.234490247688083	0.0735931599845487
0.240185741993061	0.0752570600879906
2.10932418503155	1.01032288943995
1.71991603458268	0.91599400269557
0.350341647611371	0.145263764974847
3.27316965466308	1.45987901225535
1.06255933677393	0.545781911840149
0.744455626755319	0.32818307912273
1.72664583622157	0.514027439791968
2.05913219713652	0.978398266858088
2.64987412911085	1.58993265442369
-0.562313153317888	0.147312602906664
2.44834859745442	0.840528199577986
-1.06383257360404	0.341981866655656
2.91210871999862	1.14894462063688
1.7715316677657	0.73956676617944
0.675202385974488	0.225674647305293
2.40637443157296	1.30213919167351
0.679653114219625	0.227181883175313
-2.20452069372124	0.676749531450116
-1.04415041615715	0.335312917030539
0.184506730859797	0.0487417923755395
2.65306606098149	1.59212508652601
0.498139346264226	0.211978179816735
0.646664355085335	0.247560855118348
0.371134779134074	0.154279195321238
2.63205080469959	1.57363101641293
-2.71389264192226	0.964179620991658
-0.549638443779565	0.144154566527545
-0.563224434073156	0.1470595732283
-0.301662237694822	0.105788878184218
0.669501572235949	0.223838569535414
1.71838037692335	0.512092496146657
2.3982235304656	1.29550420000521
3.55899825992108	1.75207908437113
0.208130289751052	0.0445612068776082
2.91493124431159	1.15099278421732
1.38547624122001	0.492221548058075
0.163508956262119	0.044048271796309
3.5914488742797	1.77556029179753
2.44567166971443	0.839453219846175
1.76271459085892	0.735118738719892
-1.41904649690674	0.528965333244125
0.915318019020568	0.263922623604752
1.39256483421105	0.495195831360944
1.38248601554662	0.491066536373935
2.92719523940039	1.15711191350553
1.38957458135007	0.493821378507415
3.25904938664935	1.45089842575752
3.27618071303355	1.46153655074
1.40276034595944	0.499015152970679
1.05932465176635	0.423494952192554
3.27619497272584	1.46229178166629
0.686487174778602	0.22957980027577
3.58388492388433	1.76957141259759
1.07526712720017	0.430388498097968
1.08586950189591	0.435157645094363
2.36049935998302	1.26574983535061
2.45176958518949	0.841449769742287
3.25608093098774	1.44911407166836
0.187468605835015	0.04141071045087
1.36551843575092	0.484955838575038
0.154944906792025	0.0548079074571507
-0.298243338342598	0.0888649209209968
1.0671368633528	0.426658214795582
2.44834859745442	0.840528199577986
0.662609424003525	0.221654967360401
1.44107562091579	0.675674611029786
0.948558908487202	0.536081679859873
-0.552335012199188	0.144678456612124
0.169600196242023	0.0454065550737327
1.40274440558796	0.499243938315738
1.72402871819241	0.513373825324747
2.43961622041387	0.836769184993985
2.89896851317136	1.14156400888801
1.72664583622157	0.514027439791968
0.901720616063008	0.260095467165507
1.40194488472296	0.65198011685179
3.56217304695275	1.75356860451488
2.41164434930726	1.30628256343185
2.44834859745442	0.840528199577986
2.4483134540998	0.840541819013097
0.894916799465727	0.258924013894673
2.65786743192087	1.59775909719382
1.39258193627448	0.495197582069264
3.27726801831673	1.46068966543948
2.92434064150852	1.15557468669485
2.64577181146544	1.58633465147322
3.25904938664935	1.45089842575752
1.76602253904652	0.736460561645212
-0.549588025379477	0.144138904810768
-1.04415041615715	0.335312917030539
0.187468605835015	0.04141071045087
0.246104130605166	0.0769660138150043
0.906151326926563	0.261259737108879
0.205561737379768	0.0441838774146192
-1.04113486477337	0.334376496819243
-0.315729110423162	0.0936255870733279
1.39139260785154	0.494323319098175
3.57397276002055	1.76270999054685
0.243649672984509	0.0764742836878142
1.74159934154219	0.931849350896985
0.240308569886204	0.075322617624464
0.888471756255203	0.257036137561661
0.727532621173622	0.319513630773201
0.205561737379768	0.0441838774146192
1.770513002613	0.73911521710779
0.990069920220676	0.446719450914689
0.666999818185163	0.256299096050301
-3.57676099019115	1.6687691929114
-0.562313153317888	0.147312602906664
1.07100452063893	0.428397120785762
0.139330094607738	0.049195283505124
0.50770529309636	0.216189083818816
1.38545837834875	0.492219504116298
0.682545150761639	0.22836869112364
-0.307819054596212	0.0914527699091275
0.164712869579257	0.0443121871062313
1.71838037692335	0.512092496146657
1.75157325264744	0.72908452782451
2.07657892848425	0.989648756453333
0.915318019020568	0.263922623604752
3.27922726773361	1.4633502643727
3.27316965466308	1.45987901225535
-1.43620239902533	0.536002347473913
0.199660581380647	0.0433122758858595
-0.303349464245053	0.0902573552966827
0.355402742400097	0.130599447493081
2.91748540237099	1.93977611896617
2.90399164905922	1.92442944007849
-0.305490886730764	0.0906773808043792
-0.556695510417587	0.145720699864662
2.91488688463889	1.15100414083562
1.75477153749148	0.941610978387229
0.92457006190404	0.266440401880801
-0.611911578089381	0.211812947587514
0.165016980071288	0.0443593586963327
2.45446436525245	0.842916202981294
1.03899094804544	0.530631603340119
0.921774163847151	0.265747233383473
1.15623663595931	0.735490723456287
2.40296476772926	1.29938736189749
0.821284861783502	0.408692482738299
1.74386805742768	0.724791639516812
2.90832288894759	1.14706883442003
2.64926612720655	1.58940295862537
-0.282559343150603	0.0845547776661205
1.38727744289309	0.493135957861707
2.10204478260656	1.00634877322488
0.655420021623032	0.251197358183777
0.222337753373248	0.0699047989989705
2.4483134540998	0.840541819013097
-0.297745227366455	0.088703707435214
0.647863698819725	0.24851823223928
0.906151326926563	0.261259737108879
0.855544955794747	0.42973782863682
0.686463815429558	0.22952045177486
1.39258193627448	0.495197582069264
1.75931610176333	0.733095429495076
-0.0625801216561574	0.0202003096297817
1.77046288364682	0.739085774074085
-1.05646570561747	0.339422980870141
-0.290831686477476	0.0867545552222069
0.544592102279113	0.261086231907515
1.77046288364682	0.739085774074085
2.44834859745442	0.840528199577986
0.906151326926563	0.261259737108879
3.27922726773361	1.4633502643727
1.00317300531508	0.454093452480479
0.680819310444715	0.227748009463594
0.910858892443621	0.262745945817241
0.915318019020568	0.263922623604752
1.72402871819241	0.513373825324747
2.43961622041387	0.836769184993985
3.27618071303355	1.46153655074
0.187516582106475	0.0494383766804619
1.39557961180183	0.496365775816694
0.912597447073333	0.263157043298413
0.170184199651161	0.0455102597114768
1.41098592597843	0.657899538442011
1.34094965282385	0.703523981294659
2.08232066777183	0.993341385977143
3.26310413052701	1.45333946698961
2.3849000886837	1.28528461722794
1.32156375473444	0.772058133475568
1.75355367060485	0.730143785985324
1.39559632674966	0.496139071198923
2.88715589563119	1.9075776814564
0.205304778479139	0.0651182170575631
1.60928553041193	0.956680522939971
3.2691134975973	1.45676655530423
2.43961622041387	0.836769184993985
2.00053887867376	1.20081033166658
2.08232066777183	0.993341385977143
1.43799849963348	0.672961429557471
0.20471393630254	0.0440337263228802
3.27316965466308	1.45987901225535
0.915318019020568	0.263922623604752
-0.55888165037327	0.146019049191659
2.44834859745442	0.840528199577986
-0.859558352166536	0.332621916803317
0.92457006190404	0.266440401880801
3.27921340058014	1.46335938453018
1.09442592655111	0.43899428693783
-1.46556636079729	0.39889055417079
-1.48036509444371	0.402677323712302
2.44567166971443	0.839453219846175
0.502190714005116	0.213474908670216
3.56321850271678	1.75430275733671
1.38545837834875	0.492219504116298
2.36049935998302	1.26574983535061
1.0644157449816	0.425932001262277
0.906151326926563	0.261259737108879
3.34933153474771	2.6404997448962
3.28638063920881	1.46778961483254
0.202198391670494	0.0436656035177294
0.664229390792417	0.221891790168857
1.98659081656481	1.18839242183433
2.10345399541828	1.00651473562839
0.910858892443621	0.262745945817241
2.89796872393616	2.53047315350966
0.921774163847151	0.265747233383473
3.55574281240124	1.74904562098681
3.13455799324066	2.27433328209848
3.24909639235388	1.44424220972449
2.08232066777183	0.993341385977143
0.387317617611261	0.142473883533799
1.4210472928817	0.663393200086933
3.27318434966019	1.45987088217078
-1.65150891434616	0.684638876104635
0.170184199651161	0.0455102597114768
0.915267467236802	0.263914073443303
1.05469896836664	0.421580208573535
2.91488688463889	1.15100414083562
1.39971224002831	0.49785141353806
0.387012536084964	0.142358924557579
0.196315155888877	0.0427978646049216
3.58489902025754	1.77005362422264
4.06316971901694	2.39465083519056
0.180315924045662	0.0478066702574292
1.42443644535245	0.665709520641548
-1.66475403793915	0.691346158978942
-0.304437433212955	0.106812446425447
2.27697156692725	1.52717351554125
2.38877261137974	1.28838962636387
-0.55888165037327	0.146019049191659
-0.279103788614289	0.0836339313174652
2.44834859745442	0.840528199577986
3.85250691700052	2.088882487883
3.27619497272584	1.46229178166629
1.71838037692335	0.512092496146657
2.65861689116527	1.59804071001054
1.00361197916689	0.454244270770272
-0.0876185998897167	0.0271800242250402
1.07063938963435	0.428249111328309
0.395224616639831	0.145553021765137
1.62412589275516	0.968460490662484
1.04281116183384	0.533821625087142
3.58822123662635	1.77222414369107
-0.0547063580791597	0.0179254859316405
0.671783008731121	0.224523528358971
1.39256483421105	0.495195831360944
2.8782103327971	1.89714946710449
1.71838037692335	0.512092496146657
2.45446436525245	0.842916202981294
1.74727066667551	0.727243316298516
1.09516539679689	0.439677384713697
2.90827841061733	1.14708003600027
0.921774163847151	0.265747233383473
0.675900991895535	0.226211236089073
-1.05139365222271	0.337625068809831
-0.579521798869855	0.239155795086942
1.0671368633528	0.426658214795582
-0.563224434073156	0.1470595732283
1.30755726563703	0.682171034878951
2.00088125193435	1.20105706221696
-2.20774410875569	0.677401665515386
0.190569534030361	0.0501121779284389
3.82125069959729	2.06090653988338
1.3701735298738	0.486046373261376
3.26608991492401	1.45573646702542
2.09604780042678	1.0020181910351
1.04110841286718	0.415323962063931
1.08498883689243	0.435101894623599
3.8144768626855	2.05520542791873
2.01779007837148	1.21518074863204
2.10171143783	1.55150272611869
2.74009419904922	2.22250091369941
3.13920286534383	2.28014173208281
4.32617063592759	2.79109844879803
2.39292740394024	1.29135920186966
1.43720917145551	0.673445411371028
1.39258193627448	0.495197582069264
1.75355367060485	0.730143785985324
0.195923847427482	0.042652530602415
2.25424471004901	1.50481065280298
0.205561737379768	0.0441838774146192
1.33211358372405	0.780367063710974
0.208088282973525	0.044554233682967
2.91210871999862	1.14894462063688
2.38854090411063	1.28873292323228
0.924519625006435	0.266522920108041
1.64426539224921	1.56936237671091
2.27571785209139	1.5257992302144
1.61213584417258	0.959036166257872
3.10951847884199	2.2431788729661
1.71838037692335	0.512092496146657
2.64926612720655	1.58940295862537
-0.625868963941049	0.216824207812961
0.182273477751123	0.0405997709363184
0.242835302470486	0.0761638264532781
0.196315155888877	0.0427978646049216
1.72664583622157	0.514027439791968
2.09396320894315	1.0011830226404
2.45176958518949	0.841449769742287
3.12752911274945	2.26596129061411
2.91493124431159	1.15099278421732
3.27318434966019	1.45987088217078
0.915318019020568	0.263922623604752
1.08132524292082	0.433468517234334
1.39256483421105	0.495195831360944
1.38545837834875	0.492219504116298
3.28331781088139	1.4653642289376
2.43961622041387	0.836769184993985
1.72402871819241	0.513373825324747
0.902425948558069	0.260776504921945
1.0987316747086	0.441148704582627
0.680868176988487	0.227670739902701
-3.06639739603196	1.22806237039513
2.08797001002257	0.996866288172598
3.27620927747588	1.46151929297208
2.91771648568221	1.15252312484676
3.55899825992108	1.75207908437113
-2.22399291176976	0.684709935367475
0.640567623844556	0.245334539641285
0.180334652339367	0.0478106473797875
2.27173673524001	1.52205967181706
1.40862404516162	0.655840638535552
0.652144276386616	0.218007688159233
1.31057211083831	0.763094325588903
1.06487826927243	0.425794621856675
0.893327858309595	0.258137021796653
0.196315155888877	0.0427978646049216
0.193364634888779	0.0422782569669119
-1.46556636079729	0.39889055417079
3.2893991643572	1.46739858884334
2.91767215080868	1.15195328733466
1.0825544293637	0.433671310884445
0.679653114219625	0.227181883175313
0.915267467236802	0.263914073443303
4.6858540942564	3.49490766269957
1.07890679271251	0.432199101979189
0.921824610399643	0.265755741469354
4.07065190990288	2.40248670652808
3.56217304695275	1.75356860451488
-1.40002903752444	0.520906482245951
1.39670390964941	0.496388528960776
2.45446436525245	0.842916202981294
3.27619497272584	1.46229178166629
1.71838037692335	0.512092496146657
2.89896851317136	1.14156400888801
1.38545837834875	0.492219504116298
2.66647880881727	1.60519820290168
0.679309199114562	0.227448849471982
-2.70163341573963	0.956867155200627
-0.301428510472253	0.0897422711630161
3.27318434966019	1.45987088217078
0.187534552195979	0.0494421831048262
2.08017458981791	0.99150793962923
0.680770536184485	0.227634687282147
-0.634575115053858	0.219585533249757
1.4025397317141	0.652700086349882
2.44834859745442	0.840528199577986
-1.06383257360404	0.341981866655656
-0.625868963941049	0.216824207812961
-0.626555691776872	0.217167560602821
0.208130289751052	0.0445612068776082
1.72402871819241	0.513373825324747
0.180315924045662	0.0478066702574292
3.58388492388433	1.76957141259759
2.90827841061733	1.14708003600027
2.4483134540998	0.840541819013097
2.0904766040442	0.998607707037486
-0.626908487726377	0.217003652695475
1.63474334615403	0.977244119841075
1.71838037692335	0.512092496146657
0.230534790079877	0.0723507853261846
3.26909842045239	1.45753652807612
0.202198391670494	0.0436656035177294
0.205561737379768	0.0441838774146192
-0.620378865214911	0.214759703753463
3.26608991492401	1.45573646702542
0.170706119580964	0.0456683037681393
2.45176958518949	0.841449769742287
2.91210871999862	1.14894462063688
0.915267467236802	0.263914073443303
0.902425948558069	0.260776504921945
2.4483134540998	0.840541819013097
0.190695010497311	0.0418340508511931
0.205561737379768	0.0441838774146192
-0.290831686477476	0.0867545552222069
3.5483030024599	1.74351337995961
1.38545837834875	0.492219504116298
0.667084594657874	0.256236793609392
-0.288034590067649	0.10188282818647
-1.07774192928094	0.346920986823139
-1.0615597697243	0.341093221319588
0.224865135253605	0.0707281274482377
0.919980403266708	0.265234439804273
-0.55888165037327	0.146019049191659
3.58052429827243	1.76820988967439
3.8399774426495	2.07869138541729
1.06806418440503	0.427589994390055
-0.0777804835431104	0.0245186142501051
-0.279103788614289	0.0836339313174652
2.41975552459252	1.3128769110442
2.91493124431159	1.15099278421732
4.0475466982656	2.37737693998537
0.687562881314414	0.229773894975529
3.56221723512204	1.7544607898084
1.38427899058231	0.491766401647725
2.44567166971443	0.839453219846175
-0.0618611352930374	0.0196723013615378
-0.297745227366455	0.088703707435214
0.208088282973525	0.044554233682967
0.902425948558069	0.260776504921945
3.83984476003256	2.07857397651817
1.71838037692335	0.512092496146657
1.11379422509974	0.639659778215168
2.90827841061733	1.14708003600027
0.908148649268101	0.26198445808125
1.77300580185987	0.740251172371262
1.38248601554662	0.491066536373935
0.208130289751052	0.0445612068776082
1.00650640876182	0.456304746004385
2.10945501417892	1.00968388924851
2.38357981960753	1.28430014115585
1.42293181509747	0.664498429182714
2.4483134540998	0.840541819013097
2.38227160460605	1.28469201246508
3.27316965466308	1.45987901225535
4.08344009598907	2.41579003840599
2.68030635341358	1.6173441157051
2.53588197391803	1.88562313819765
2.91356714499926	1.93492099680725
1.77383519060389	0.740746034447833
0.64334443782891	0.347669141457816
3.57296496055713	1.76215685722717
1.76271459085892	0.735118738719892
0.671739511165946	0.224608657118817
-0.554009631260321	0.145198449870715
1.72402871819241	0.513373825324747
3.27924118008841	1.46229877184658
2.92158168883162	1.15406672838897
3.56226151463511	1.75365296814151
2.36233611964768	1.26811155660569
2.44567166971443	0.839453219846175
-1.07415611767138	0.3454108187484
0.912597447073333	0.263157043298413
1.31142848405371	0.68456156552859
1.08708910830076	0.435939593229012
3.27618071303355	1.46153655074
1.01220074039773	0.458567661224701
1.71858268640381	1.51708767022399
2.270096274	1.52117681119154
-1.47559564657686	0.401361379112135
1.61986082051484	0.965072831540999
0.193364634888779	0.0422782569669119
-1.46556636079729	0.39889055417079
0.908924422609946	0.262601169518593
0.199660581380647	0.0433122758858595
3.27618071303355	1.46153655074
4.09434144370349	2.42707912881285
3.56226151463511	1.75365296814151
-1.0411155019997	0.334366938978704
1.75495432576142	0.730816424365007
3.26310413052701	1.45333946698961
-0.287371764119892	0.0857960566198628
1.02648225244039	0.466555328222043
-1.04621110690196	0.336165192535253
2.90832288894759	1.14706883442003
1.38016920470379	0.490169965758878
2.07299107522641	0.987025883018416
2.92158168883162	1.15406672838897
3.55895493620897	1.75203607094021
1.72664583622157	0.514027439791968
1.05904170564614	0.42278740114866
2.645469632369	1.58606208005677
0.687562881314414	0.229773894975529
1.06137676746378	0.424207182069452
0.912597447073333	0.263157043298413
2.44834859745442	0.840528199577986
1.39256483421105	0.495195831360944
1.06033020180296	0.423748114372842
2.44834859745442	0.840528199577986
0.180334652339367	0.0478106473797875
1.76612122420627	0.736517957467052
1.76612122420627	0.736517957467052
0.915267467236802	0.263914073443303
1.72781187455144	0.922590777929319
4.06337808399324	2.39487276857805
0.906151326926563	0.261259737108879
4.30908673852824	2.77238880383917
1.05934507884198	0.544458286892589
2.44834859745442	0.840528199577986
1.30663849463568	0.680779829698898
0.235722578668896	0.0740187411984836
2.09959005363713	1.54922781457484
4.69754012112447	3.51289300042501
3.17716917984322	2.32530005936378
2.11089688571237	1.56338779816215
2.67159886991754	1.610521711017
-0.549588025379477	0.144138904810768
1.55699709302819	1.01958916856203
2.6539443488454	1.59370616055031
1.39139260785154	0.494323319098175
2.65039031820044	1.58981838652728
0.722207385336717	0.316957422153453
1.39670390964941	0.496388528960776
0.664536241269112	0.222347922046462
0.915267467236802	0.263914073443303
3.26610537788351	1.45572874939348
2.36896074937919	1.27246280975247
0.140209788285509	0.0500296001178642
0.373295374955908	0.137140553547066
0.915267467236802	0.263914073443303
3.84806432828049	2.08586995435566
-0.0743728475736128	0.0231750732736504
1.60197159636661	0.950316488113718
1.38248601554662	0.491066536373935
2.09396320894315	1.0011830226404
1.40276034595944	0.499015152970679
1.0671368633528	0.426658214795582
2.09408927735694	1.00081261564385
2.90832288894759	1.14706883442003
1.30838250063994	0.682341389329475
0.915267467236802	0.263914073443303
3.57726881742395	1.76601645158811
0.997235392841483	0.451014255233506
1.07087125557068	0.551025340547034
0.216335129945687	0.0683970317291691
0.675464642647876	0.259947041364519
1.39256483421105	0.495195831360944
0.673447521846232	0.225320932226812
2.08687180288968	0.995840966043941
0.924519625006435	0.266522920108041
0.671807538087802	0.328256659741488
2.39384947900438	1.29288498375225
2.90827841061733	1.14708003600027
1.0989884724864	0.441265983723627
2.66266984032037	1.60222423354059
2.40249716044853	1.29903033864889
4.08656074687464	2.41889082687933
0.685346954982678	0.229231600279827
2.02659083975225	1.22252121476352
1.39971224002831	0.49785141353806
1.39256483421105	0.495195831360944
4.05542332316618	2.38641842968591
2.03709660703224	1.23254128739998
2.3774533541414	1.27904313748579
0.683090437699776	0.228431766982679
1.73655392933207	0.928192447989861
-0.0771914991834049	0.0242204291315956
1.06487826927243	0.425794621856675
2.07134717568706	0.986375305284224
2.71432893351323	2.18687032376617
1.4057837164765	0.50019805265816
2.09854407465172	1.00363736255297
1.74919545705716	0.727871284649911
3.85618272436548	2.09243209542039
0.912597447073333	0.263157043298413
3.82125069959729	2.06090653988338
2.92153744995923	1.15407818465564
0.84082549504631	0.421057302479659
1.38545837834875	0.492219504116298
2.92723943457006	1.15710072897931
2.69473241269643	2.16055485288819
-0.477585180331091	0.183730692997763
2.08797001002257	0.996866288172598
2.39361896220789	1.29218799147153
0.208130289751052	0.0445612068776082
2.0705747055511	0.986092746616335
-0.302676039516398	0.0898858524194861
2.38439525338939	1.28492217504932
1.41396829322163	0.659534133149141
-0.316501990153054	0.11128639599973
3.82888864503241	2.06827257768011
1.33264558421429	0.780699710315946
3.57301180618074	1.76219924411501
2.90807789775917	1.92964450069989
1.03434187054262	0.470742177310727
1.33770641093432	0.701636702425387
3.56649069111218	1.75758098854351
1.75899450240854	0.944672611536847
1.72848759661743	0.717510966841337
1.04353106867636	0.475899640761846
1.74579979567988	0.935242340465103
-0.279189890596118	0.0987523818978303
1.01085338595399	0.45819828540952
2.90551789185603	1.14556900793857
0.732569240943444	0.322497948273177
0.234490247688083	0.0735931599845487
2.39408016580545	1.29253918958529
2.64072970121289	1.58177369826735
2.12335254406311	1.57702314711774
2.66222098535544	1.60101103911961
1.44940846172926	0.680308338695853
1.34385240019695	0.706355515562255
2.3805971434963	1.28132246030454
2.29069263067208	1.54141947682768
0.673477430148691	0.225398304337074
1.73953356091327	0.723250406310303
3.26908338806269	1.45678296110119
2.40972855285763	1.30455498989097
1.38727744289309	0.493135957861707
1.57319398214482	1.03436828733485
2.07587580782782	0.989773732141409
1.74665682411056	0.934850849880118
1.71838037692335	0.512092496146657
2.09035178211931	0.998526967079187
0.208088282973525	0.044554233682967
2.11371505412769	1.01353693642233
1.32886523224841	0.695465266631714
-0.0163301296631501	0.00562456497814463
1.36972296309591	0.486388383733701
0.652787876380354	0.250350819072737
0.636671974525404	0.243994364632164
-0.279150056929458	0.0836472229614302
2.07512699593941	0.988585472490902
3.2691134975973	1.45676655530423
0.679653114219625	0.227181883175313
1.7670969374071	0.736975258042291
-1.02531434432156	0.433369668401312
-0.321940142149101	0.095224525635294
1.41048220125825	0.657624990455243
0.160505292207515	0.0433777347361025
3.27620927747588	1.46151929297208
1.01670980069972	0.460817809886994
0.00020937975607085	0.000536307438349313
-0.286809937275786	0.0856806498645866
3.81786006711318	2.05881896391186
3.56972479265114	1.76059839007616
0.180334652339367	0.0478106473797875
0.184506730859797	0.0487417923755395
2.45442904372326	0.842929862158112
1.08696413389759	0.435882187828599
1.02691125927187	0.522936924187027
0.686066680341757	0.229562410582316
0.177324465825582	0.0471342222202081
2.92438485477444	1.156147471729
1.7772657725191	0.742520128546194
0.694431548999718	0.232314723385403
0.172141930104414	0.0459762515619496
0.694482139777268	0.232235941341523
0.208130289751052	0.0445612068776082
2.62551766959218	1.56812594835685
1.7670969374071	0.736975258042291
-1.16040774305634	0.524365008456867
2.07087125864236	0.985611875361845
2.45713066693921	0.844016359639868
-2.70937242333718	0.961490597147355
3.27922726773361	1.4633502643727
3.27921340058014	1.46335938453018
0.222818394976474	0.0701508489024141
0.675952824208493	0.259888965582565
3.82877106041862	2.06906516969353
0.908148649268101	0.26198445808125
-1.06553057978789	0.45174446059823
2.10794914759699	1.00980437821101
-1.66534691861143	0.692044342245821
0.683090437699776	0.228431766982679
0.659233300414323	0.252864175791814
0.341262357379225	0.126316596959519
0.373245898942602	0.137646055252651
-0.55888165037327	0.146019049191659
3.26608991492401	1.45573646702542
1.71838037692335	0.512092496146657
0.902476879033505	0.260785195270642
-1.65981160581395	0.689135823128313
2.90551789185603	1.14556900793857
0.908148649268101	0.26198445808125
1.43353329977211	0.670713487789622
2.91771648568221	1.15252312484676
1.07526712720017	0.430388498097968
0.910858892443621	0.262745945817241
0.658376177824388	0.252792136950076
-1.70005706302281	0.70827983813409
-0.55888165037327	0.146019049191659
0.190534411024281	0.0501047275306018
0.240308569886204	0.075322617624464
3.85632077961019	2.09133995787858
-1.01246235842296	0.426385406764901
1.0547363747376	0.540755910937968
1.07679128135453	0.431205681460047
2.66725579319603	1.60648019639353
3.27316965466308	1.45987901225535
1.72402871819241	0.513373825324747
4.28907916504149	2.74776302837831
1.05928751386563	0.42334152537139
1.06581586534115	0.426910295656675
1.84647635867182	1.22397194040411
1.6460638150415	0.986911562711873
0.180315924045662	0.0478066702574292
1.09050114756657	0.437461242160714
1.39557961180183	0.496365775816694
2.90827841061733	1.14708003600027
0.199660581380647	0.0433122758858595
-0.55888165037327	0.146019049191659
2.12023960653696	1.5727533001519
2.92100246989265	1.94322870110448
1.3899474343491	0.49452024011659
1.75694714586213	0.732159734378909
3.81774587035387	2.05871471298175
1.75931610176333	0.733095429495076
1.40706995920496	0.655229554332007
2.90551789185603	1.14556900793857
0.924519625006435	0.266522920108041
2.45713066693921	0.844016359639868
1.73771179209809	0.928625792942191
-2.20131061198549	0.675574843790802
0.658034884399061	0.252497421846177
0.902476879033505	0.260785195270642
1.77388619361697	0.741131703530167
3.27620927747588	1.46151929297208
0.182309601441683	0.048270223246002
3.58047582984061	1.76700315186199
0.177916426070479	0.0472813074926094
0.525456637785512	0.224521968494689
1.71838037692335	0.512092496146657
0.682598544233423	0.228483971119609
1.32362365625639	0.692140323276697
3.55574281240124	1.74904562098681
3.57296496055713	1.76215685722717
1.75495432576142	0.730816424365007
0.921824610399643	0.265755741469354
0.677379565658875	0.226586193321658
2.03582355984438	1.23055856785211
2.45446436525245	0.842916202981294
2.09383725457669	1.00065411366166
-0.290831686477476	0.0867545552222069
0.193364634888779	0.0422782569669119
-0.294136664369745	0.0875951334882074
-3.35330923388312	1.4673820785091
1.06209371372987	0.424707218328948
2.91771648568221	1.15252312484676
1.04766721560697	0.41804999597243
-0.612695794036923	0.21217019076725
2.43961622041387	0.836769184993985
1.76266616893112	0.735090202637704
0.912597447073333	0.263157043298413
-0.614746613769411	0.212903620622188
2.09492301347315	1.00077708922946
1.43295820650111	0.671091606897259
-0.556695510417587	0.145720699864662
1.07666701712925	0.431341675580183
1.71838037692335	0.512092496146657
2.08591591043052	0.995653239553386
0.694431548999718	0.232314723385403
0.69790279773561	0.233397477907166
3.26909842045239	1.45753652807612
3.55899825992108	1.75207908437113
-0.298307074511434	0.104833612540969
1.60137147294673	0.950019472487209
0.37276480197561	0.137109630258437
0.660034562016067	0.220830659029676
0.167697313889314	0.0449797086311484
1.01085338595399	0.45819828540952
-0.290172480232866	0.0866608763690696
1.40276034595944	0.499015152970679
-0.287371764119892	0.0857960566198628
-2.20131061198549	0.675574843790802
-0.552335012199188	0.144678456612124
1.40575275971062	0.49988083524423
-0.265683575503457	0.0938154708582612
0.196315155888877	0.0427978646049216
3.26310413052701	1.45333946698961
-0.282559343150603	0.0845547776661205
2.08687180288968	0.995840966043941
2.08687180288968	0.995840966043941
1.2974130929252	0.674352480557407
-1.06898305525912	0.343786697766102
-1.68527619516319	0.701043047943783
1.38957458135007	0.493821378507415
0.897578623663865	0.259675397379677
-1.46754137571983	0.399241075338394
1.76786213405768	0.95035812615005
3.27620927747588	1.46151929297208
3.83194598772171	2.06976594742431
2.40688770319377	1.3030467087258
-0.0826119482841547	0.0257619905083094
2.39775875299794	1.29587052514165
2.52080716434258	1.86728352926821
1.07526712720017	0.430388498097968
2.91493124431159	1.15099278421732
1.7506657784623	0.729256008965406
-0.84120454834255	0.3254567123765
3.56977075964114	1.75979068321058
0.133304607231047	0.047006735709442
-1.07843191397865	0.346877642223321
0.205561737379768	0.0441838774146192
1.0948570298946	0.439535485536982
1.72392645491752	0.919536884643884
1.38248601554662	0.491066536373935
3.27619497272584	1.46229178166629
0.915318019020568	0.263922623604752
0.182309601441683	0.048270223246002
0.736444701222504	0.324097072859693
2.09383725457669	1.00065411366166
2.50211476008177	1.84568354761511
2.43961622041387	0.836769184993985
0.367601849213528	0.135375430760629
0.356053594719455	0.130901708917079
3.10619707602883	2.96516620720357
2.45713066693921	0.844016359639868
3.27316965466308	1.45987901225535
1.38248601554662	0.491066536373935
1.82121464979989	1.34251907908972
3.25906560847611	1.45089113400716
2.91708358751763	1.93938046800361
2.36896074937919	1.27246280975247
1.33691859591551	0.701121465109112
1.41396829322163	0.659534133149141
4.30157940868416	2.76276774572237
4.07505074466954	2.40807780385221
1.07055149768409	0.428696840110524
1.78524244450656	0.746257243906127
0.164712869579257	0.0443121871062313
1.75157325264744	0.72908452782451
3.26610537788351	1.45572874939348
0.204756590717357	0.0440408052662146
2.07885463546249	0.990791062375455
3.27620927747588	1.46151929297208
2.90832288894759	1.14706883442003
2.07587580782782	0.989773732141409
0.894916799465727	0.258924013894673
2.92153744995923	1.15407818465564
1.08836527269108	0.562386698019903
0.663051220033839	0.254349168039037
0.686536055887006	0.229501764539986
2.43961622041387	0.836769184993985
1.06793724352819	0.427582609465984
1.60477879060621	0.95310243009245
3.56977075964114	1.75979068321058
1.38545837834875	0.492219504116298
2.9091189228052	1.92983469267635
1.38016920470379	0.490169965758878
3.26908338806269	1.45678296110119
0.921774163847151	0.265747233383473
1.37720610089078	0.4890227456012
0.613691832298018	0.234639642986611
0.165098845749039	0.0443852773723253
1.74150778412969	0.932166773502114
-0.567147696017947	0.148564042333489
1.7670969374071	0.736975258042291
1.08230651158364	0.433558668659745
3.84440354953942	2.08249008423248
0.177932949857513	0.0472704475269999
1.07526712720017	0.430388498097968
2.75716968128449	2.24393416515441
2.09035178211931	0.998526967079187
3.56644568989027	1.757536747449
1.72402871819241	0.513373825324747
2.37973949139537	1.28176553622523
3.27921340058014	1.46335938453018
1.40274440558796	0.499243938315738
-0.0777804835431104	0.0245186142501051
-0.632162665545722	0.219170645510441
1.74581938677338	0.726145387504203
0.888471756255203	0.257036137561661
0.667973299835533	0.223589390189493
-0.549638443779565	0.144154566527545
0.672085675093466	0.258301788788476
1.38547624122001	0.492221548058075
3.81026925232628	2.05144697611463
1.43353329977211	0.670713487789622
2.90832288894759	1.14706883442003
1.38957458135007	0.493821378507415
3.56217304695275	1.75356860451488
2.4483134540998	0.840541819013097
1.38545837834875	0.492219504116298
0.208088282973525	0.044554233682967
-0.286940431421599	0.0857759418120604
-0.563224434073156	0.1470595732283
1.71838037692335	0.512092496146657
2.44567166971443	0.839453219846175
3.25906560847611	1.45089113400716
2.08234354012844	0.993536617280729
2.90847567911204	1.93003494993036
2.91210871999862	1.14894462063688
-0.0387999125903844	0.0121496498389081
1.31369460368851	0.765596087373258
-1.46556636079729	0.39889055417079
1.33874786544163	0.702781873213832
-1.00799468342137	0.424143795743865
3.26608991492401	1.45573646702542
0.372695661385923	0.13691692992105
-0.309827664909374	0.109139285092575
-0.0618034255187135	0.0196465121710431
2.07087125864236	0.985611875361845
-1.0764473812127	0.346245967591191
1.71838037692335	0.512092496146657
2.44834859745442	0.840528199577986
0.2274543977565	0.071600628538582
1.78518862941079	0.74671530966739
1.7670969374071	0.736975258042291
1.38547624122001	0.492221548058075
-0.646680383101437	0.224029131844648
-0.0900312571249825	0.0279764260645235
2.37288342094965	1.27591493703309
0.184506730859797	0.0487417923755395
3.82548269471368	2.06552727960143
0.675156152037975	0.22565754625012
3.84088248108533	2.07820442604645
0.170359748909934	0.0598745444880195
1.38545837834875	0.492219504116298
0.180315924045662	0.0478066702574292
0.906151326926563	0.261259737108879
3.83643897137894	2.07573852721349
2.48837845764588	1.82993213712599
1.39557961180183	0.496365775816694
1.37978528414721	0.490494430759015
1.38248601554662	0.491066536373935
1.56643316444616	1.13615832217153
-0.0716152794036871	0.0224335224868607
1.09429844663075	0.439203594030748
0.911609804248397	0.263272701029936
1.71083985204222	0.909846582814207
1.61527645203401	0.961472314958103
-0.55888165037327	0.146019049191659
-0.0975488173902991	0.029867785540655
2.89223534469889	1.91247745485874
2.13245001441445	1.58692546550822
1.07920056477177	0.432281023343017
3.57397276002055	1.76270999054685
0.169969476930173	0.0597612377671152
0.683090437699776	0.228431766982679
0.196315155888877	0.0427978646049216
3.56644568989027	1.757536747449
-0.549588025379477	0.144138904810768
1.71838037692335	0.512092496146657
0.673532746782718	0.225512742482325
0.897578623663865	0.259675397379677
0.205561737379768	0.0441838774146192
3.27921340058014	1.46335938453018
0.661630040313216	0.254101147614014
4.34187976516102	2.8104441375001
0.208088282973525	0.044554233682967
3.82548269471368	2.06552727960143
3.8331373619037	2.07194875327632
1.08954186278312	0.437082645444824
1.0671368633528	0.426658214795582
2.10416009783521	1.00688158482113
0.355134265595573	0.13038126820832
-1.07843191397865	0.346877642223321
0.165016980071288	0.0443593586963327
0.910858892443621	0.262745945817241
0.919086224093982	0.264875597201778
3.27921340058014	1.46335938453018
3.57301180618074	1.76219924411501
2.91210871999862	1.14894462063688
-0.0727903319588328	0.0231123345411712
2.47659267705572	1.81560626282382
0.67742746445304	0.226603864627127
2.4483134540998	0.840541819013097
1.38725996190371	0.493134041662893
0.170706119580964	0.0456683037681393
-0.112628811824666	0.0342276815937446
1.45458987504788	0.683333426990716
0.190551949951808	0.0501236937756434
2.45709514677168	0.843701380989689
3.25904938664935	1.45089842575752
0.172601761612573	0.0460655425028584
0.229061209487742	0.0721195903939181
2.37681350037405	1.2784815421939
0.228511156169644	0.071804032729532
1.33731238646955	0.701634083652426
1.89105609433967	1.26584715253987
1.72795105814345	0.922026593438166
1.38427899058231	0.491766401647725
2.67095074898671	1.60917061762833
1.35192799444786	0.711493773586175
1.74581938677338	0.726145387504203
3.55895493620897	1.75203607094021
3.27922726773361	1.4633502643727
1.75836510142843	0.943751418092496
3.55895493620897	1.75203607094021
0.912597447073333	0.263157043298413
-0.301428510472253	0.0897422711630161
2.90551789185603	1.14556900793857
1.40173140245767	0.651857122861384
2.65800191770819	1.59750333603749
2.017102413488	1.2153828277453
1.72402871819241	0.513373825324747
1.59752014677834	1.05717375256787
-0.608232956995237	0.210383078372978
0.652144276386616	0.218007688159233
1.72825353631555	0.921880637654481
-0.637434786879359	0.220704121534959
1.30606910571216	0.680956562542875
1.40272851054165	0.499012480580187
1.44743431005226	0.678641360394946
2.91767215080868	1.15195328733466
3.26909842045239	1.45753652807612
1.40121127168321	0.652153558592291
2.32395178465054	1.57509859629137
0.856702022157686	0.430288941668439
2.65450004020957	1.59426527563713
0.659447121797904	0.252952229370645
0.205561737379768	0.0441838774146192
3.56972479265114	1.76059839007616
2.92719523940039	1.15711191350553
0.667834514187836	0.223379760188729
2.37288342094965	1.27591493703309
0.915267467236802	0.263914073443303
0.162210580825149	0.0572864775015338
2.92719523940039	1.15711191350553
3.57731649091494	1.7652097714823
2.90887369890334	1.92957608862087
2.08461067139766	0.994824464533218
1.35556340186099	0.713734655758772
0.167697313889314	0.0449797086311484
-0.552335012199188	0.144678456612124
0.125309120147596	0.0450716590116817
-0.0152628038430812	0.0056127354674382
0.223201732071382	0.070503569744536
1.71967581868321	0.916102049638489
0.364222701964369	0.133845229655904
0.165382299354935	0.0444677042987504
2.4483134540998	0.840541819013097
2.41546291281547	1.30780831970576
2.75274573217394	2.23809455202268
1.07526712720017	0.430388498097968
0.170184199651161	0.0455102597114768
0.219223176229808	0.0691776377972106
1.00722902885652	0.456105381181255
3.59139767495235	1.77520444357358
0.187468605835015	0.04141071045087
0.645529671126114	0.24739239794115
0.921824610399643	0.265755741469354
3.55899825992108	1.75207908437113
0.919086224093982	0.264875597201778
2.45442904372326	0.842929862158112
1.39559632674966	0.496139071198923
3.8399774426495	2.07869138541729
2.43961622041387	0.836769184993985
0.20471393630254	0.0440337263228802
-0.563224434073156	0.1470595732283
2.0764560468415	0.989569623450032
3.2691134975973	1.45676655530423
-0.077990739644235	0.0245803985947901
3.28638063920881	1.46778961483254
1.08369638834058	0.434487375602602
0.170184199651161	0.0455102597114768
0.368770488651158	0.135480655211015
0.924469195483338	0.266423091240108
0.919980403266708	0.265234439804273
0.675202385974488	0.225674647305293
1.08708910830076	0.435939593229012
1.74386805742768	0.724791639516812
0.154913961587761	0.0421042625136645
-0.0870383204079297	0.0271841966523264
1.06161122124574	0.424591695402525
1.39258193627448	0.495197582069264
-1.02531434432156	0.433369668401312
0.663822089954424	0.221854620777042
2.92219115592721	1.94454859270722
2.27619618914166	1.52690836002384
-0.297087542177462	0.105043790392712
2.92434064150852	1.15557468669485
2.91874144340492	1.15180916074423
1.06950553657557	0.427929560998139
0.999077022298379	0.451581663058621
3.84011026469727	2.0775925472761
0.850084950192155	0.426348483426157
1.4057837164765	0.50019805265816
1.77388619361697	0.741131703530167
0.910807770799633	0.262737230399533
3.56972479265114	1.76059839007616
2.43961622041387	0.836769184993985
1.39024877373414	0.49406930635718
-3.34089494495661	1.45941892864411
1.03121688599693	0.525815649330362
1.09417108141425	0.439146045343994
2.90551789185603	1.14556900793857
1.05511298341105	0.540789351389775
2.44567166971443	0.839453219846175
-0.298760378057541	0.088942138383077
0.845655045481925	0.424098089847149
1.03094519024179	0.525488776835643
0.683090437699776	0.228431766982679
0.893327858309595	0.258137021796653
3.26310413052701	1.45333946698961
1.4386770711553	0.673724133932633
0.924519625006435	0.266522920108041
1.77388619361697	0.741131703530167
1.37720610089078	0.4890227456012
1.78853710567805	0.747959852888994
-0.0585404852161418	0.0190348985127559
1.44154536296086	0.675554700929207
2.43961622041387	0.836769184993985
0.910858892443621	0.262745945817241
1.38957458135007	0.493821378507415
-1.06803950864542	0.343420402348576
1.0344996906056	0.470809134496247
0.157581581108027	0.0426992641424185
2.28192061321816	1.53224335527232
1.75845851337505	0.733234957019094
-0.563224434073156	0.1470595732283
-1.05434667090414	0.338781426865916
1.10993226433088	0.636606161001884
2.11386485793166	1.01363216414761
0.184506730859797	0.0487417923755395
-2.00305825678804	0.961115015187491
0.921824610399643	0.265755741469354
2.38912638645327	1.2886185706495
3.56644568989027	1.757536747449
2.09770985578578	1.00253396630826
-1.46556636079729	0.39889055417079
-0.288034590067649	0.10188282818647
3.55895493620897	1.75203607094021
0.195880525766074	0.0426453207559659
-1.08497947513288	0.349263330246813
3.85250691700052	2.088882487883
3.80690118981087	2.04849128299481
0.659969723833758	0.22073480452832
2.91771648568221	1.15252312484676
2.09758253416694	1.00306881864091
1.08511942861004	0.435275581115742
1.0547363747376	0.540755910937968
2.47778843337348	2.18777339336021
1.32913469294953	0.777589162689325
1.33731238646955	0.701634083652426
0.238768470088181	0.0747872586040683
1.71838037692335	0.512092496146657
0.643398293783688	0.246599326542975
2.44834859745442	0.840528199577986
-0.116218373225371	0.0436904561278077
-0.838236464413807	0.323729019492838
-0.14079712920664	0.0525738467168594
0.519419018305145	0.221237554281798
1.43375255646066	0.671122061469069
0.367141302430547	0.17067988285064
0.390645933736217	0.181441712509184
1.0907534809609	0.43757620666106
1.72664583622157	0.514027439791968
1.3801874459795	0.490172173913112
1.07188299140483	0.428783202861441
2.91488688463889	1.15100414083562
0.917296314805694	0.264562429003048
-0.609041337299214	0.210821100090729
1.75157325264744	0.72908452782451
2.24940769621889	1.49947537497851
1.71838037692335	0.512092496146657
-0.634575115053858	0.219585533249757
-0.984910010407182	0.504756660670727
0.373345066946305	0.137290216336791
1.72791497269507	0.921927997650636
1.38547624122001	0.492221548058075
1.37543780329452	0.488077804570456
0.696852134846194	0.304748405464482
1.06487826927243	0.425794621856675
-0.589453029671174	0.244284503215756
-0.649478072725531	0.224816678290038
2.90551789185603	1.14556900793857
1.0907534809609	0.43757620666106
1.44676087411095	0.678342614008555
0.162424073790497	0.0437924487812196
1.72665749194725	0.514015992250562
0.199660581380647	0.0433122758858595
1.77046288364682	0.739085774074085
1.07107915582312	0.428685124614679
3.24909639235388	1.44424220972449
1.37978528414721	0.490494430759015
1.40276034595944	0.499015152970679
-1.00382785660583	0.421815979204669
-0.631738658250306	0.218625930426014
-0.868909064815679	0.337011107292303
3.56977075964114	1.75979068321058
-1.06622034319365	0.342974832284015
2.39246058058387	1.29172180294248
1.12747187120737	0.649570314182212
-0.307819054596212	0.0914527699091275
2.90827841061733	1.14708003600027
1.75157325264744	0.72908452782451
0.208130289751052	0.0445612068776082
0.659969723833758	0.22073480452832
1.76805416025174	0.737769143612369
1.05921465921826	0.423056996379381
1.03026201180571	0.468519146014325
-3.56671897729855	1.66399068222974
-0.609041337299214	0.210821100090729
0.92003140509787	0.265333979478402
0.180315924045662	0.0478066702574292
-0.304389922778657	0.0904940480963697
0.944313955155229	0.533180595285365
-0.288034590067649	0.10188282818647
-1.06297934678592	0.341962484637486
1.05916337556679	0.42328515417955
0.164712869579257	0.0443121871062313
0.159558869033925	0.0564649141328042
1.39026582301669	0.494298341784791
0.679587565764196	0.261501719785076
0.199660581380647	0.0433122758858595
0.35817271842212	0.131827464679808
2.37266970431778	1.2757494101701
0.245858862808042	0.076891989762666
1.33823945123275	0.78475502111885
0.134106105341231	0.047893553758549
1.07319275548697	0.429814917008006
2.00933799376266	1.20827228453215
-0.290172480232866	0.0866608763690696
0.64358968006578	0.246853535347006
0.636766376419572	0.243768225638453
1.39972857201292	0.49785287169011
1.75495432576142	0.730816424365007
0.36484913174171	0.133955895259166
1.04568437287397	0.534851837485181
2.3899441417321	1.28925538494421
1.10637542715512	0.444238213380006
1.75495432576142	0.730816424365007
3.83301882980968	2.07184038545602
4.67766345644505	3.48211115751427
-0.608232956995237	0.210383078372978
2.10345399541828	1.00651473562839
3.25904938664935	1.45089842575752
-0.0644937872061349	0.0205341488285567
2.91210871999862	1.14894462063688
2.64769346636093	1.58862318337394
0.180315924045662	0.0478066702574292
1.39556294187099	0.496135793832498
1.12069897392206	0.645244294168976
2.92325052826541	2.56888907828931
-1.07875863114061	0.347296397734338
0.368770488651158	0.135480655211015
1.56279637252857	1.02518056166709
2.91874144340492	1.15180916074423
1.59612829432341	1.05602571586238
0.652787876380354	0.250350819072737
-0.623891435697114	0.216208645967243
1.39256483421105	0.495195831360944
1.07561158241459	0.430941147002154
0.360291418455361	0.132320384568482
-1.46556636079729	0.39889055417079
0.734464913088006	0.322664185850283
0.514640331299044	0.219456648914355
1.3726881258282	0.487534212258015
-1.01394640476726	0.426097718211335
1.04660524926496	0.536074298847817
-0.480910495731661	0.185640616948382
2.4483134540998	0.840541819013097
0.476740685451328	0.224795706936247
0.893327858309595	0.258137021796653
0.208471814105312	0.0661517507475824
-1.42753708392227	0.532482864483676
1.77388619361697	0.741131703530167
2.1055510446396	1.00849917927828
-1.04415041615715	0.335312917030539
0.915267467236802	0.263914073443303
-1.04923748026572	0.337110470489464
-1.0411155019997	0.334366938978704
0.906151326926563	0.261259737108879
-0.101434602037282	0.0306091972043911
-0.610002955246181	0.254130896365517
-3.5612114799558	1.6596800647108
1.72665749194725	0.514015992250562
2.3774533541414	1.27904313748579
-0.107366735554716	0.0327177527337795
-0.138987397734279	0.0521438883821757
0.199660581380647	0.0433122758858595
0.645214678485994	0.2470919343214
-1.46556636079729	0.39889055417079
1.04214830039319	0.53283207633649
0.644083144845473	0.24698505086204
2.52349017788891	1.87120532221711
3.27619497272584	1.46229178166629
1.40274440558796	0.499243938315738
0.65696752988875	0.252400152340719
0.908924422609946	0.262601169518593
1.4424893859302	0.676274603130805
0.364519764084431	0.134369643554303
2.01813291308724	1.21645031410854
3.56972479265114	1.76059839007616
2.07087125864236	0.985611875361845
1.75845851337505	0.733234957019094
1.03389754305733	0.470648929799403
0.69096870942265	0.231048868043151
1.45377237234065	0.68223176695535
4.0475466982656	2.37737693998537
1.07561158241459	0.430941147002154
4.53385858368944	3.16683172210752
-0.0605372460544757	0.0193440503587173
2.45709514677168	0.843701380989689
0.231780346771202	0.0729724855631644
-0.617696986324821	0.213774263965068
0.196315155888877	0.0427978646049216
4.07526397439356	2.40737118514436
2.27546828017656	1.52565002979735
-1.39771197883631	0.519898839391122
1.02121474788396	0.463461783400736
0.199576422573671	0.0635371826812609
2.45713066693921	0.844016359639868
3.26310413052701	1.45333946698961
1.34795390495639	0.792027681973555
4.09099630090849	2.42283683067534
-1.07322429158236	0.345239545868438
1.34512201449275	0.789891340334126
1.07063938963435	0.428249111328309
3.24909639235388	1.44424220972449
2.1055510446396	1.00849917927828
1.40720412856239	0.655475271611477
0.654209398021155	0.250907487224688
-1.0615597697243	0.341093221319588
-0.0766106949079694	0.0242313820543097
0.727196489527286	0.319931707840925
3.24909639235388	1.44424220972449
1.03874535676648	0.47307606038338
0.205561737379768	0.0441838774146192
2.10217307290226	1.00597885790096
3.56226151463511	1.75365296814151
1.38957458135007	0.493821378507415
1.01220074039773	0.458567661224701
0.658034884399061	0.252497421846177
0.167714996663192	0.0449834543600603
-2.21257221902061	0.680354097619789
0.230534790079877	0.0723507853261846
-0.294235024159454	0.0876651879596146
0.663051220033839	0.254349168039037
-0.626555691776872	0.217167560602821
-3.07363135527025	1.23229142505553
0.64883612891678	0.216979292213366
-2.20452069372124	0.676749531450116
1.7772138808229	0.74200364184831
-0.0118100935436672	0.00414218860024752
-0.562313153317888	0.147312602906664
-1.46556636079729	0.39889055417079
1.06966066280723	0.428247485690479
-0.608251184942825	0.210245903009633
3.55150019255635	1.74586834583851
-0.136406987733463	0.0503484579524832
0.665650849432803	0.222729599784731
0.164712869579257	0.0443121871062313
0.912597447073333	0.263157043298413
0.373739979468259	0.137647025823423
1.0812000187203	0.433411109406381
-0.55888165037327	0.146019049191659
-1.05357102754035	0.33871174915923
3.25904938664935	1.45089842575752
-0.575959266308268	0.150202913360021
1.37543780329452	0.488077804570456
0.671268687509874	0.224622004345607
1.63037697241401	0.97397458307495
-0.065271185374784	0.0208773290505069
-0.549588025379477	0.144138904810768
2.08603978072526	0.995282816306971
4.30157940868416	2.76276774572237
0.682652031285286	0.228407801711695
0.653127654992872	0.250722339741329
-0.552335012199188	0.144678456612124
2.2630121211204	1.51361637012854
2.64987412911085	1.58993265442369
2.04279902462697	1.23601723107441
0.680819310444715	0.227748009463594
3.13455799324066	2.27433328209848
2.89962434362592	1.92043120166143
2.09396320894315	1.0011830226404
1.38248601554662	0.491066536373935
2.10728700226162	1.55944968222152
1.74579979567988	0.935242340465103
1.3435358166534	0.789114583814355
1.38547624122001	0.492221548058075
1.77383519060389	0.740746034447833
0.915267467236802	0.263914073443303
1.42126218292177	0.663517965383386
2.08244330412006	0.993420529815253
0.187534552195979	0.0494421831048262
2.08687180288968	0.995840966043941
-0.567097066778424	0.148548092076695
1.72402871819241	0.513373825324747
2.44834859745442	0.840528199577986
-1.46556636079729	0.39889055417079
0.915267467236802	0.263914073443303
1.43695465968428	0.673406312919892
-1.05139365222271	0.337625068809831
1.40272851054165	0.499012480580187
-0.308978324329468	0.0917900248118583
1.4424893859302	0.676274603130805
0.668036332371809	0.256525412734318
1.03902128942387	0.530417479617362
1.42063678151242	0.66318578976581
0.640567623844556	0.245334539641285
0.636766376419572	0.243768225638453
1.06137676746378	0.424207182069452
1.54558103799312	1.11470048889277
0.159084195499199	0.0430267803944521
0.190569534030361	0.0501121779284389
1.39256483421105	0.495195831360944
-0.640963376285242	0.222025605309641
3.26610537788351	1.45572874939348
2.91767215080868	1.15195328733466
0.364616357811869	0.134268120360816
1.4146480105073	0.660128414723583
-1.38897834144731	0.51599594644118
0.173719069466805	0.0463443450457431
0.208130289751052	0.0445612068776082
0.664229390792417	0.221891790168857
0.187534552195979	0.0494421831048262
1.74510423425748	0.935047886853401
1.38957458135007	0.493821378507415
1.3726881258282	0.487534212258015
0.377780164216663	0.139377014423978
2.44567166971443	0.839453219846175
0.683090437699776	0.228431766982679
0.688755278517132	0.230474449974642
-3.34089494495661	1.45941892864411
1.40274440558796	0.499243938315738
1.7428616669083	0.724945400053299
0.185354182313861	0.0489411300621527
1.37720610089078	0.4890227456012
0.686438385931598	0.229465616264401
1.38545837834875	0.492219504116298
0.390753452855618	0.144047550533768
-0.0870383204079297	0.0271841966523264
0.228391632407592	0.0717682523462766
2.36046100661218	1.26702750642379
1.75891353161275	0.94383399112718
2.09732823469476	1.00229790730105
1.07063938963435	0.428249111328309
2.8782103327971	1.89714946710449
1.59234956016618	1.05242695185486
0.205561737379768	0.0441838774146192
1.34411109705532	0.706611086060268
4.2893750096774	2.7481113028326
-0.45680988964505	0.176040549048065
1.76967284004497	0.739096866618545
2.31751629144581	1.56800334474431
2.70950238498376	2.1804589458336
1.77640084756836	0.741438788924617
1.39559632674966	0.496139071198923
0.159141467416021	0.0561212904858202
2.90832288894759	1.14706883442003
0.169579438227537	0.0596051446436019
0.342443470707626	0.141550180071487
2.64577181146544	1.58633465147322
1.10842762765485	0.636317513190481
2.0255366749804	1.65090631444971
3.55154185738699	1.74591014244481
1.01250056927012	0.45872684418295
0.372794606808884	0.173333355992419
4.06316971901694	2.39465083519056
1.7817391805359	0.745005111153672
-1.05259347840758	0.44707905735105
0.335848128664788	0.139318434398265
0.813168973713715	0.404078209528267
1.03420909941852	0.470811074733624
0.643617086698507	0.348064244212133
0.187468605835015	0.04141071045087
3.55899825992108	1.75207908437113
2.64040848726413	1.58206520208149
-1.64235923294463	0.679615321390789
1.0481705915712	0.477869931752966
1.05904170564614	0.42278740114866
2.1100304685489	1.01069041400028
-0.305505227904092	0.0907462943740742
-0.629553074151847	0.218136751742271
1.32981701306666	0.696955879135765
2.4483134540998	0.840541819013097
1.43465010385051	0.671005930477315
0.250720037765366	0.0783528491205372
-0.298477086310428	0.105090424488411
3.84453748990437	2.08172146404308
0.843561966874304	0.422341227649457
-0.303349464245053	0.0902573552966827
2.08797001002257	0.996866288172598
2.90832288894759	1.14706883442003
-0.301428510472253	0.0897422711630161
2.39803649487209	1.29535814043416
0.686438385931598	0.229465616264401
3.25906560847611	1.45089113400716
-1.85289644295825	0.834303353391986
-0.0781279346895054	0.02402156747973
0.205561737379768	0.0441838774146192
0.208088282973525	0.044554233682967
1.00572986951301	0.455423662549695
1.07082409868839	0.428569888191259
0.509889759049366	0.217169084687879
0.364205318907328	0.134201461865048
0.170184199651161	0.0455102597114768
1.71838037692335	0.512092496146657
-1.03456506982966	0.436973538499889
0.743890773189549	0.327690788767935
0.64599695669233	0.247863486101004
-0.0544930337807368	0.0178574009268893
1.77731775736724	0.742549867568003
-0.863100722300361	0.334255044549566
0.225904534302232	0.0712547296507584
0.731708336919957	0.322298975193247
1.37543780329452	0.488077804570456
0.649684107551963	0.249355786613375
-2.20131061198549	0.675574843790802
-0.279103788614289	0.0836339313174652
1.7772138808229	0.74200364184831
1.0825544293637	0.433671310884445
-0.879018396339319	0.426696002038971
2.45176958518949	0.841449769742287
1.02828285800169	0.467753562007384
0.912597447073333	0.263157043298413
1.77393728942937	0.74080523066272
4.47654752199447	3.08871979226192
0.24231079990204	0.0758656666474767
3.55895493620897	1.75203607094021
0.667084594657874	0.256236793609392
2.01373992673876	1.21215883776263
-0.45680988964505	0.176040549048065
-0.614629303246652	0.212859635062105
2.06858110116839	0.9841396878914
-0.00715565409680987	0.00252835485473176
1.42603098319155	0.667342151955038
1.07526712720017	0.430388498097968
0.674607750377633	0.225649879535187
3.69417648530349	3.36262124732855
2.67107096333363	1.60990725743811
2.88199159780635	1.90117529518978
1.75629094578324	1.41264824953622
0.685235876759934	0.26358810580182
2.88526248503245	2.51282906723871
1.88552589985405	1.26140453613436
1.44226719141262	0.675862488734487
-1.04621110690196	0.336165192535253
2.0835622567164	1.53209071209467
1.49665122244732	1.42926536926144
1.55836207799436	1.02040331992552
1.71838037692335	0.512092496146657
2.08461067139766	0.994824464533218
1.30289360011243	0.678285895155954
0.153367966223417	0.0417663876642991
1.02141330900391	0.463980117603121
0.213497841805808	0.0675418133659029
0.180315924045662	0.0478066702574292
3.57301180618074	1.76219924411501
-0.281260235296569	0.0842171949240455
0.172658635652968	0.0610055371502202
1.41194988168762	0.658134811374873
1.71838037692335	0.512092496146657
-0.275687060281398	0.0826939690244633
0.378176000049373	0.139039095603097
-0.304437349063416	0.0905078276399289
3.26909842045239	1.45753652807612
1.40044521977271	0.498114316228894
1.10680391838957	0.634954866302517
1.45138610580265	0.681342530348949
2.44567166971443	0.839453219846175
3.27318434966019	1.45987088217078
2.90827841061733	1.14708003600027
2.08232066777183	0.993341385977143
0.757820511873174	0.334731290276481
2.04870303092946	1.24222679600234
1.06454430481469	0.425990450381811
0.897578623663865	0.259675397379677
-1.02571234010114	0.4330041140445
0.713301684997436	0.312260247832586
1.39467414876156	0.647713819138836
0.187534552195979	0.0494421831048262
1.00351564264771	0.453715083199603
0.669547790070559	0.223855623975965
2.44567166971443	0.839453219846175
0.351436752432964	0.129411441682359
-0.454723961964688	0.174917848027851
0.356680852895392	0.147986918741647
1.10267786154203	0.442849067963569
1.37720610089078	0.4890227456012
0.382115201499417	0.140583120260874
-0.321400398536847	0.0947115419450849
3.25608093098774	1.44911407166836
0.906771449698821	0.262172062133173
-2.01869570133786	0.97110917597067
-0.298631582750022	0.0888136485539855
0.199660581380647	0.0433122758858595
0.349609037211853	0.128865765292357
0.208130289751052	0.0445612068776082
0.643471551646119	0.246445018834542
2.65800191770819	1.59750333603749
0.683090437699776	0.228431766982679
-0.320754812678082	0.0947987429434335
2.90832288894759	1.14706883442003
-3.59095515074261	1.67909350456478
2.03628315769068	1.23133344766857
0.346329329835192	0.127333768054415
0.656599747468318	0.251849816271509
-0.632162665545722	0.219170645510441
1.06452894645103	0.547333884163804
2.49203934221974	2.20682841581103
1.78500799551376	1.30369712176312
4.09499244329284	2.42868292155367
3.55899825992108	1.75207908437113
0.167697313889314	0.0449797086311484
2.38533636033725	1.28561237005996
0.882076463072092	0.445760677440328
-0.623361705167085	0.21577544899451
-0.286974240436354	0.0857853046400139
1.41477222510256	0.659851303532661
-0.297745227366455	0.088703707435214
2.69828372754582	2.16729063024837
1.77306233895653	0.740767709932593
4.86781667441406	3.89337222551465
0.906151326926563	0.261259737108879
2.91863195511847	1.94111039301862
3.35520680779377	2.64881593777104
-1.64787661361403	0.682675038481065
2.10542171964225	1.00780245647064
2.92059889219239	1.9418202267254
2.51338336227498	1.85759393653082
3.25608093098774	1.44911407166836
-0.611931030403436	0.211675965281855
1.0556646700484	0.421702481443309
1.73953356091327	0.723250406310303
-0.286940431421599	0.0857759418120604
1.09296502780366	0.438667144027759
0.67584655782551	0.226191449456126
0.246104130605166	0.0769660138150043
0.167714996663192	0.0449834543600603
0.230534790079877	0.0723507853261846
0.199660581380647	0.0433122758858595
0.919086224093982	0.264875597201778
1.63515107780927	0.977522000076493
-0.643483848626349	0.22312618650056
-0.626908487726377	0.217003652695475
-0.0285849775644862	0.00917940010319437
0.165016980071288	0.0443593586963327
1.41726659844458	0.660960101131576
-0.0811079296052914	0.0251658534183253
2.45176958518949	0.841449769742287
3.27618071303355	1.46153655074
0.919086224093982	0.264875597201778
2.45446436525245	0.842916202981294
3.26608991492401	1.45573646702542
-0.69949872544172	0.307013332479099
2.4483134540998	0.840541819013097
1.42824066057714	0.667886456600448
0.165016980071288	0.0443593586963327
0.175124314973247	0.046645304856595
1.72664583622157	0.514027439791968
-2.69742047364421	0.954793958704405
-1.41216828346745	0.526107785802114
2.07968268147193	0.992146792649485
2.43961622041387	0.836769184993985
0.184506730859797	0.0487417923755395
-0.310596453859648	0.0920837426475925
-3.07779091507257	1.23444005509606
-0.298760378057541	0.088942138383077
-0.632162665545722	0.219170645510441
2.44834859745442	0.840528199577986
-1.46754137571983	0.399241075338394
1.76602253904652	0.736460561645212
0.67742746445304	0.226603864627127
0.648052689194856	0.21693590180748
1.06613420869166	0.426441035186767
1.37270495641498	0.487535927805456
-1.47559564657686	0.401361379112135
0.709735772262246	0.311198379590423
0.205561737379768	0.0441838774146192
-0.637310378037355	0.22065702100062
-0.563224434073156	0.1470595732283
0.177324465825582	0.0471342222202081
0.219223176229808	0.0691776377972106
-1.40446229415259	0.522560505026291
1.12538263048212	0.710566011848316
-0.288122920487252	0.0860808356526595
0.646664355085335	0.247560855118348
-0.0125608940896742	0.00399129443129576
0.69790279773561	0.233397477907166
2.01052260511518	1.20982863413414
-2.20452069372124	0.676749531450116
-1.39984472077785	0.520661123325473
2.67127470476257	1.61024448519601
2.39752662063719	1.2949831546304
0.175143411457113	0.0466493667011835
0.6632665028763	0.254542872386415
2.18939962831187	1.95099427103407
0.921824610399643	0.265755741469354
3.84075001687491	2.07807527856366
3.57726881742395	1.76601645158811
2.89896851317136	1.14156400888801
4.28854483870532	2.74710334540821
2.06106431526586	1.50579055887663
-1.46556636079729	0.39889055417079
3.57296496055713	1.76215685722717
0.906151326926563	0.261259737108879
-0.0723741489888245	0.022824549102931
0.65067547091954	0.249219645281051
3.27316965466308	1.45987901225535
-0.55888165037327	0.146019049191659
0.24231079990204	0.0758656666474767
1.39256483421105	0.495195831360944
1.35379540189876	0.712784614847273
1.39028291728355	0.494072914686244
3.27921340058014	1.46335938453018
2.09770985578578	1.00253396630826
0.355734258306152	0.131087632084659
0.730035147472876	0.320552889499337
1.39556294187099	0.496135793832498
0.731588435088278	0.321681817536344
0.914619300557244	0.26369561215826
1.32880299568482	0.6959972377725
0.912597447073333	0.263157043298413
-0.0544930337807368	0.0178574009268893
-0.286940431421599	0.0857759418120604
-0.565000228990759	0.147836672845567
1.71838037692335	0.512092496146657
1.33328227184265	0.698709076612898
2.45446436525245	0.842916202981294
-3.77589440590496	1.85136196280832
3.10134831655354	2.23352000613708
-0.626832025283292	0.216969846323796
0.377874459028099	0.138925961016406
2.102382606065	1.55230204453323
-1.08332562889694	0.348851391547217
0.634125557872798	0.243000968048128
-0.620969894100123	0.215116746351169
2.44834859745442	0.840528199577986
2.94311111318664	1.96644564314783
-0.563224434073156	0.1470595732283
-0.0544930337807368	0.0178574009268893
1.72628132335442	0.921568135523354
1.4272304463187	0.667567041436394
1.72665749194725	0.514015992250562
1.42365722946696	0.66531902564422
0.234062289777695	0.0733937759263111
-0.295880197345322	0.0881535716345013
1.72664583622157	0.514027439791968
-0.635106084331618	0.219935482019633
-0.620258260671896	0.214714395462422
-1.50810417683687	0.811826137064526
-0.281307368218551	0.0842040521781391
1.06379239405887	0.425415712016981
-1.67090245342283	0.69488094514333
-1.39447579712601	0.518519557547366
0.99281988822008	0.448320138458728
2.45176958518949	0.841449769742287
2.64926612720655	1.58940295862537
1.38277622260188	0.491429562364001
2.71918591986989	2.19414045939263
3.25904938664935	1.45089842575752
1.70014840657035	0.902185763488527
0.513360481919763	0.218917392588685
1.5992500499085	0.94853207986705
0.363356293152711	0.133715732497176
0.92457006190404	0.266440401880801
3.27016636624633	1.45724800636443
2.044268097378	1.23835823255934
0.683090437699776	0.228431766982679
1.71838037692335	0.512092496146657
-0.0547063580791597	0.0179254859316405
0.387368798709235	0.16129735988959
1.57107719847389	1.14081962115757
2.07432344697303	0.98782080086047
1.7772657725191	0.742520128546194
1.58965946301038	0.940823444821598
0.234490247688083	0.0735931599845487
3.38254399249908	2.6865916430184
0.843026316213786	0.421888125612558
2.07416946245933	0.988395765267243
1.02905380034361	0.467430681838841
2.45713066693921	0.844016359639868
0.368157815644971	0.135282792049881
3.84349635584644	2.08107201403732
3.11804093325299	2.25360593102766
3.36674030322355	2.66532201601988
2.51467285676838	1.86081611947966
-0.307475616759147	0.108114998905959
3.27016636624633	1.45724800636443
2.92653788351444	2.57471612201393
0.641408430113829	0.24552038682474
1.76473696360464	0.736143882635398
-0.55888165037327	0.146019049191659
3.26610537788351	1.45572874939348
1.62767153247407	1.08422534648992
0.0769255016438178	0.0300417061506736
0.250976417069817	0.113671984792998
-0.286974240436354	0.0857853046400139
0.540161723397185	0.23129125605029
-0.0615812701788841	0.0195821091510018
2.91488688463889	1.15100414083562
0.187978103908765	0.0602872311825399
1.72665749194725	0.514015992250562
0.762089785814957	0.337163769597651
-0.302624020341436	0.0898708198679739
1.0556646700484	0.421702481443309
2.44567166971443	0.839453219846175
-0.0681050360082595	0.0213780927828027
0.671268687509874	0.224622004345607
0.921824610399643	0.265755741469354
1.0907534809609	0.43757620666106
-0.286940431421599	0.0857759418120604
2.3791829536265	1.28135485152416
1.43295820650111	0.671091606897259
2.44567166971443	0.839453219846175
1.40862404516162	0.655840638535552
2.02178851761359	1.21906907296871
2.37142373474938	1.27428493347539
-1.17021244399208	0.530193336652261
2.45176958518949	0.841449769742287
1.43287647664505	0.67097153259791
1.77383519060389	0.740746034447833
-1.0566503364934	0.448486924628767
2.92434064150852	1.15557468669485
1.36972296309591	0.486388383733701
-0.569836236427639	0.149089357519807
0.168385908974851	0.0451400447950387
-3.35727860837058	1.46969064308611
0.908975247039869	0.262609818284675
0.208130289751052	0.0445612068776082
1.75840552747168	0.733204294369585
-0.287636084323512	0.101483038109435
0.910858892443621	0.262745945817241
0.180334652339367	0.0478106473797875
0.208130289751052	0.0445612068776082
0.208130289751052	0.0445612068776082
-2.21257221902061	0.680354097619789
1.08486236230807	0.435238441596107
-0.307819054596212	0.0914527699091275
0.242913189871462	0.0761305498113166
-1.0764473812127	0.346245967591191
0.180315924045662	0.0478066702574292
1.4505252367256	0.680715491271584
1.76468686526107	0.736114525646435
2.08244330412006	0.993420529815253
1.42126218292177	0.663517965383386
2.44834859745442	0.840528199577986
0.187468605835015	0.04141071045087
-0.84120454834255	0.3254567123765
0.185354182313861	0.0489411300621527
-0.569438551601303	0.148859249648682
0.687562881314414	0.229773894975529
0.69790279773561	0.233397477907166
1.3304016998969	0.6970174733876
2.00861472445565	1.2073046484866
0.921774163847151	0.265747233383473
3.27921340058014	1.46335938453018
3.56977075964114	1.75979068321058
2.44834859745442	0.840528199577986
2.33826978996538	1.91313096266036
2.38597736698807	1.28552409338761
1.10241852597439	0.44300069869777
1.106113539964	0.444507529672316
0.671194171499172	0.258172235326361
4.50451136587105	3.12659009106025
2.0027545374342	1.62088163258532
2.91210871999862	1.14894462063688
2.37266970431778	1.2757494101701
0.841170803897622	0.421425722884512
1.01152046638413	0.458230154830963
5.22146838065465	4.79460418904504
1.76271459085892	0.735118738719892
2.89949368240451	1.91982264385104
3.56972479265114	1.76059839007616
-1.42427284589386	0.531167841641139
1.39256483421105	0.495195831360944
0.917347332724012	0.264571103399029
2.09408927735694	1.00081261564385
3.84363051497512	2.08086183870666
1.7369501320558	0.929214805936707
3.27619497272584	1.46229178166629
3.81786006711318	2.05881896391186
1.39256483421105	0.495195831360944
2.06292142221342	0.980111830032735
-2.70937242333718	0.961490597147355
0.89762939669076	0.259684060269182
1.37560445721137	0.489062016487637
-0.314686830706753	0.093048392734551
3.28030290623515	1.46346513229433
2.91488688463889	1.15100414083562
0.170690165592143	0.0456649453098175
1.72402871819241	0.513373825324747
-0.290172480232866	0.0866608763690696
2.43961622041387	0.836769184993985
-1.98741311714981	0.952248785344521
-1.05646570561747	0.339422980870141
-1.05244142565393	0.444836298951126
1.74386805742768	0.724791639516812
0.736045851903807	0.324022209932468
1.56707722329477	1.028679035922
2.38511814817332	1.28596893426868
-0.575959266308268	0.150202913360021
-1.06695223882153	0.343090364543094
2.44834859745442	0.840528199577986
3.28638063920881	1.46778961483254
-0.313405712580309	0.092876911106518
0.915267467236802	0.263914073443303
1.72402871819241	0.513373825324747
1.05928751386563	0.42334152537139
3.25608093098774	1.44911407166836
4.07483768406903	2.40693849987174
0.924519625006435	0.266522920108041
0.340505910743488	0.125424297897004
-0.302797718409755	0.106412114737354
2.43961622041387	0.836769184993985
4.50451136587105	3.12659009106025
0.912597447073333	0.263157043298413
0.683090437699776	0.228431766982679
0.914619300557244	0.26369561215826
-0.614108019426771	0.21243367828447
0.204756590717357	0.0440408052662146
1.72402871819241	0.513373825324747
-3.35727860837058	1.46969064308611
1.06906845559104	0.427842108193032
1.75490758178519	0.730788790484642
-0.325304489601061	0.0961291754962823
-3.60021689403065	1.68499511630741
1.72402871819241	0.513373825324747
-0.640899162094276	0.222116615711427
1.4424893859302	0.676274603130805
1.72665749194725	0.514015992250562
2.43961622041387	0.836769184993985
2.90832288894759	1.14706883442003
-0.287371764119892	0.0857960566198628
0.667834514187836	0.223379760188729
-1.0615597697243	0.341093221319588
-0.313467823234839	0.0929728017706251
1.38279184561893	0.491656853905118
2.45713066693921	0.844016359639868
2.08584512889874	0.995815636009813
0.646664355085335	0.247560855118348
1.39548294153362	0.648985698201712
2.0134002232823	1.21089545088827
1.76815621869302	0.737828164391898
3.27726801831673	1.46068966543948
0.175124314973247	0.046645304856595
1.06723517615164	0.426874380333206
1.37260374681986	0.487696492713787
0.177916426070479	0.0472813074926094
2.91776082824986	1.15193094411066
1.07302139668997	0.429679533268468
1.42868079716688	0.66813775534074
0.675730779647632	0.259904954323442
2.02338311896578	1.2208096446599
1.75157325264744	0.72908452782451
1.41239207165046	0.658053128606857
1.39439163408924	0.495778972801822
1.0344996906056	0.470809134496247
0.172601761612573	0.0460655425028584
0.893327858309595	0.258137021796653
0.195880525766074	0.0426453207559659
1.34875299502842	0.793050260597089
2.0086795371419	1.20787175997038
0.175143411457113	0.0466493667011835
2.90887369890334	1.92957608862087
0.369140234510617	0.135938753626846
-0.305602956931962	0.107590680143907
0.679653114219625	0.227181883175313
2.6539443488454	1.59370616055031
0.659447121797904	0.252952229370645
2.73075771814889	2.20939034891677
0.676142808895879	0.259893176607517
1.34621093589689	0.790364634513032
-0.290172480232866	0.0866608763690696
-0.625986771297109	0.216868622583734
0.190738716303272	0.0418413373211237
-0.303349464245053	0.0902573552966827
2.45442904372326	0.842929862158112
-2.20452069372124	0.676749531450116
0.180315924045662	0.0478066702574292
-1.04338273763517	0.44232085521532
1.05904170564614	0.42278740114866
-0.29578813560486	0.0882116684839374
0.910858892443621	0.262745945817241
-1.8365763720551	0.825361689252669
0.231117956713234	0.0727088244452258
2.67964984386079	1.61714036172608
0.528072363183735	0.225453646106203
-1.66552976019958	0.69183410434208
0.906151326926563	0.261259737108879
2.89896851317136	1.14156400888801
0.65067547091954	0.249219645281051
-0.0762692933609751	0.0235644097679999
0.208088282973525	0.044554233682967
-0.793548862915902	0.367765208435959
0.199660581380647	0.0433122758858595
0.659447121797904	0.252952229370645
0.650175479369777	0.249153921781642
-0.298807819072265	0.0889558819091486
0.196167268695116	0.0626849632446323
0.658526731390681	0.220060854684016
0.174889099808041	0.0466011835497983
2.90827841061733	1.14708003600027
1.0556646700484	0.421702481443309
-1.41645084217475	0.527905262240427
1.39559632674966	0.496139071198923
-0.854166061587684	0.330651756186449
-0.55888165037327	0.146019049191659
-0.580055728755999	0.151764692120333
-1.04415041615715	0.335312917030539
-0.584371982640259	0.152318216814195
-1.06079889831805	0.341092805238213
0.177324465825582	0.0471342222202081
1.40044521977271	0.498114316228894
-0.0677606415142853	0.0216578696632092
0.739576578440132	0.325714914388858
1.02513240896185	0.465544934732974
-3.37825892151045	1.48122300696954
0.634633781105641	0.242978425037987
-1.65352787363434	0.685632629902248
-1.06383257360404	0.341981866655656
0.67742746445304	0.226603864627127
-0.373624237928088	0.158386040745782
2.9079892381479	1.93015549735747
0.680770536184485	0.227634687282147
2.45709514677168	0.843701380989689
-0.631738658250306	0.218625930426014
2.10809969517537	1.00989988793632
3.27316965466308	1.45987901225535
1.71912851706839	0.916077139296786
-0.0130193843255399	0.0046344787853381
0.174906014150012	0.0466047565088505
1.08473600195501	0.434986922849175
0.146859905811076	0.052024875530136
1.42348441501494	0.665256146064327
-0.556695510417587	0.145720699864662
1.41245969340628	0.659135053266085
1.63265684342445	0.9752764202657
-1.41587635029561	0.527553080906067
3.55895493620897	1.75203607094021
1.02141330900391	0.463980117603121
1.44271173475533	0.676117492547363
2.91488688463889	1.15100414083562
0.915318019020568	0.263922623604752
2.91776695930491	1.93992894354379
3.57301180618074	1.76219924411501
4.28474091730461	2.7434553885059
0.686536055887006	0.229501764539986
4.08344009598907	2.41579003840599
1.71838037692335	0.512092496146657
2.43961622041387	0.836769184993985
1.38248601554662	0.491066536373935
2.45709514677168	0.843701380989689
1.0556788946429	0.421844650850454
1.73762675982476	0.928888527112856
3.27924118008841	1.46229877184658
0.216983110162461	0.068439854987015
2.43961622041387	0.836769184993985
2.09408927735694	1.00081261564385
4.09900776860607	2.43268020306776
0.208088282973525	0.044554233682967
0.199660581380647	0.0433122758858595
0.919086224093982	0.264875597201778
3.25904938664935	1.45089842575752
0.672304031961959	0.258284674362663
0.715913795164224	0.314068318511175
0.190695010497311	0.0418340508511931
3.56977075964114	1.75979068321058
-2.21584944415156	0.681305547753399
1.39556294187099	0.496135793832498
0.729255514668489	0.320641066156328
0.683042523889567	0.228414048266896
0.222818394976474	0.0701508489024141
0.655420021623032	0.251197358183777
2.65386631021235	1.59442541080738
-1.03011294192263	0.43560795664327
0.167697313889314	0.0449797086311484
1.39556294187099	0.496135793832498
0.202198391670494	0.0436656035177294
3.26608991492401	1.45573646702542
1.98356784308218	1.60129837586452
3.83643897137894	2.07573852721349
0.177324465825582	0.0471342222202081
0.199660581380647	0.0433122758858595
1.77594950607652	0.742014795788623
0.375073496863769	0.155960277364983
0.204756590717357	0.0440408052662146
1.00775847588497	0.456660511521287
2.45442904372326	0.842929862158112
0.223331594036366	0.0705156374525385
1.72665749194725	0.514015992250562
-0.556695510417587	0.145720699864662
2.64926612720655	1.58940295862537
0.202198391670494	0.0436656035177294
0.67742746445304	0.226603864627127
-1.0343965435224	0.437467731578665
-1.06803950864542	0.343420402348576
-1.05434667090414	0.338781426865916
3.2691134975973	1.45676655530423
1.07907383975337	0.432416030483269
0.997235392841483	0.451014255233506
1.39256483421105	0.495195831360944
1.75931610176333	0.733095429495076
1.39670390964941	0.496388528960776
1.3801874459795	0.490172173913112
0.655420021623032	0.251197358183777
3.26908338806269	1.45678296110119
0.177324465825582	0.0471342222202081
1.8688415180544	1.24553367500333
1.43755656456294	0.673099191026866
1.37859750276635	0.490222912680126
-0.458931296880022	0.176678832474148
1.38693874860014	0.493138548264775
1.75840552747168	0.733204294369585
0.187516582106475	0.0494383766804619
-1.41645084217475	0.527905262240427
0.214239325900193	0.0678275200351769
0.64934400979849	0.249051843557795
1.76271459085892	0.735118738719892
1.76266616893112	0.735090202637704
0.688755278517132	0.230474449974642
1.42412608774303	0.665588155066225
4.50848130651725	3.13354739013349
1.08281682152574	0.434190333183245
2.92611708378369	1.94891774063172
3.53703090657304	3.00941729471155
-0.053673748376797	0.017391127123824
-0.620258260671896	0.214714395462422
2.10204478260656	1.00634877322488
-1.40109811291681	0.52130914324694
2.73362924914064	2.21304207354188
2.91748540237099	1.93977611896617
-0.30772486431716	0.0913485397175911
1.77393728942937	0.74080523066272
1.73267428564054	0.925482975996102
1.73267428564054	0.925482975996102
0.165016980071288	0.0443593586963327
3.8144768626855	2.05520542791873
5.34910757162197	5.2192139506608
1.77731775736724	0.742549867568003
2.91488688463889	1.15100414083562
3.25904938664935	1.45089842575752
0.915267467236802	0.263914073443303
0.167697313889314	0.0449797086311484
2.45709514677168	0.843701380989689
2.75507332674908	2.24209996958698
3.27618071303355	1.46153655074
0.219173137444582	0.0690782379631127
1.07082409868839	0.428569888191259
2.45713066693921	0.844016359639868
3.58388492388433	1.76957141259759
1.01250056927012	0.45872684418295
0.143385675034149	0.0395606144261334
2.11180074990062	1.01206853388113
2.90551789185603	1.14556900793857
1.08243041392435	0.433808481076357
0.902425948558069	0.260776504921945
2.31418684897907	1.88074161187449
1.75694714586213	0.732159734378909
-0.283396943738349	0.0999124017158553
1.0989884724864	0.441265983723627
-0.569438551601303	0.148859249648682
1.71838037692335	0.512092496146657
-0.55888165037327	0.146019049191659
0.337465163300236	0.12422287355891
2.89896851317136	1.14156400888801
0.22456902693459	0.0708173326236356
0.910858892443621	0.262745945817241
3.588170845786	1.77334019029816
-0.0822599349667102	0.0254803371190677
-0.281307368218551	0.0842040521781391
0.730419149811219	0.320899563873775
1.38957458135007	0.493821378507415
-1.67635293537595	0.696918437034944
-0.552335012199188	0.144678456612124
-0.612031321957417	0.211857749173378
-1.66552976019958	0.69183410434208
-0.623416345250975	0.215572753799174
0.899765603237419	0.260024823460973
-0.606420464845393	0.209873495724074
-0.549638443779565	0.144154566527545
-0.629553074151847	0.218136751742271
-0.297745227366455	0.088703707435214
0.222869713972943	0.0702508404965994
-3.07139247283292	1.23058533678423
0.187534552195979	0.0494421831048262
1.07095157017984	0.428818473386194
1.76340658508459	0.947667472975196
3.84806432828049	2.08586995435566
2.89896851317136	1.14156400888801
2.24272905904098	1.49324994285029
0.915318019020568	0.263922623604752
0.242835302470486	0.0761638264532781
-3.34633385192973	1.46318397472514
1.57356753023169	1.03531797483747
0.51302139099833	0.218538206861119
0.675202385974488	0.225674647305293
2.07416946245933	0.988395765267243
1.03540328844863	0.470685650646991
2.10568048526768	1.0085784085268
1.33328227184265	0.698709076612898
1.39256483421105	0.495195831360944
1.71838037692335	0.512092496146657
-0.29668644835758	0.10484129623064
-1.40535664263192	0.523201833324806
2.00452001221485	1.20432233749197
1.02789292754253	0.467295313043253
-0.609972148093613	0.211094583965016
0.652144276386616	0.218007688159233
2.09396320894315	1.0011830226404
0.857797394555135	0.431047704096596
1.00721635791298	0.456013728408486
1.38427899058231	0.491766401647725
0.671268687509874	0.224622004345607
0.199660581380647	0.0433122758858595
2.44567166971443	0.839453219846175
2.91210871999862	1.14894462063688
2.28543160824018	1.5363193702296
0.517959767443985	0.221056201407754
1.07063938963435	0.428249111328309
2.03142685663465	1.22756705644701
3.1456390680073	2.28774435282953
0.673395041911489	0.225301809305651
2.26656117655758	1.51706356485232
1.74190687102327	0.932068117543985
-0.29750649854416	0.104802591699144
3.26908338806269	1.45678296110119
1.31466093858685	0.765817041552172
-1.06803950864542	0.343420402348576
1.72402871819241	0.513373825324747
0.672085675093466	0.258301788788476
1.05921465921826	0.423056996379381
1.39028291728355	0.494072914686244
0.190551949951808	0.0501236937756434
0.515324333505356	0.21963328804214
-2.20452069372124	0.676749531450116
0.199660581380647	0.0433122758858595
2.06258037419729	0.980596620923091
-0.0216820784068926	0.00696916453574633
0.675952824208493	0.259888965582565
-0.0774050461354077	0.0242831048289601
4.31684015889144	2.78187001547874
1.39256483421105	0.495195831360944
1.37980134392203	0.490495849580318
1.4246549617334	0.665836622173961
1.36977043018704	0.722655495501834
-1.04923748026572	0.337110470489464
1.7772138808229	0.74200364184831
0.337075951909588	0.139208751470191
2.89896851317136	1.14156400888801
1.59680870139809	1.05616489813009
2.2899106532392	1.54071944052499
2.68859036144181	2.15319605879046
0.523083382105997	0.223403727808002
1.08708910830076	0.435939593229012
-0.294235024159454	0.0876651879596146
0.906151326926563	0.261259737108879
0.169600196242023	0.0454065550737327
1.72665749194725	0.514015992250562
1.71525365016149	0.91304067115333
0.165016980071288	0.0443593586963327
1.76602253904652	0.736460561645212
2.65337170045971	1.59317605348208
1.40579926306625	0.499884434950519
-0.589272165817044	0.1536452053956
-3.3699089431771	1.47759887690837
0.910807770799633	0.262737230399533
-3.06639739603196	1.22806237039513
0.671783008731121	0.224523528358971
1.38277622260188	0.491429562364001
0.160138946131041	0.0562961130768979
0.180334652339367	0.0478106473797875
-2.70586409134541	0.958513971894066
0.24243225341768	0.0759022527916872
-2.22399291176976	0.684709935367475
-0.556695510417587	0.145720699864662
-0.549638443779565	0.144154566527545
0.899765603237419	0.260024823460973
0.69790279773561	0.233397477907166
1.76473696360464	0.736143882635398
-1.66860108072326	0.69283574863981
-0.854074521847165	0.331163630269664
0.847100754205898	0.42500266951303
1.77247639873705	0.954254074255469
1.38727744289309	0.493135957861707
1.08941441675677	0.437024069479072
1.44107562091579	0.675674611029786
-0.279103788614289	0.0836339313174652
-0.63156264919244	0.218784438429344
2.06711269700787	0.983555845151092
-0.305602956931962	0.107590680143907
-0.163750739916315	0.0599921866574925
1.73223804177662	0.925819256140663
2.02529769509582	1.65038721044434
1.77829806424928	0.742842282455695
0.692118762373886	0.231383424145359
0.944613825088263	0.533252432173542
0.906151326926563	0.261259737108879
-0.307819054596212	0.0914527699091275
2.02216804150283	1.21920920744921
3.56977075964114	1.75979068321058
0.692118762373886	0.231383424145359
0.683042523889567	0.228414048266896
-0.321940142149101	0.095224525635294
-0.279150056929458	0.0836472229614302
0.899765603237419	0.260024823460973
1.40575275971062	0.49988083524423
2.91488688463889	1.15100414083562
1.77731775736724	0.742549867568003
1.73267428564054	0.925482975996102
3.83218329198527	2.0711829714689
-1.39984472077785	0.520661123325473
2.91493124431159	1.15099278421732
1.3899474343491	0.49452024011659
2.90827841061733	1.14708003600027
1.40121127168321	0.652153558592291
3.26608991492401	1.45573646702542
0.74789869756909	0.329565731082866
1.74291123433662	0.724974229337115
0.177324465825582	0.0471342222202081
3.27620927747588	1.46151929297208
0.150652668262833	0.0411730734954083
3.24909639235388	1.44424220972449
0.199660581380647	0.0433122758858595
-3.08287457001156	1.23738928091231
2.65398355498806	1.5929084835267
1.43397196584569	0.670964319817609
0.165382299354935	0.0444677042987504
-0.566762350553045	0.148337034266256
0.199660581380647	0.0433122758858595
1.78864644912761	0.748021760369256
2.90827841061733	1.14708003600027
2.44834859745442	0.840528199577986
1.71838037692335	0.512092496146657
-0.55888165037327	0.146019049191659
-3.07868138305069	1.23522198167588
-0.55888165037327	0.146019049191659
0.210799283986974	0.0669850495261703
1.770513002613	0.73911521710779
0.924469195483338	0.266423091240108
0.170184199651161	0.0455102597114768
2.39685428422958	1.29449972248235
1.43353329977211	0.670713487789622
1.96931358091217	1.17267392282656
2.92438485477444	1.156147471729
2.03461009438617	1.22956287975101
0.208130289751052	0.0445612068776082
2.0904766040442	0.998607707037486
-0.313428503402552	0.0929196825586369
2.074443921041	0.987898360587514
0.205266010395418	0.0649850703867767
1.06743178358923	0.427217384158955
0.664229390792417	0.221891790168857
0.912597447073333	0.263157043298413
0.228511156169644	0.071804032729532
-1.46556636079729	0.39889055417079
1.08853277222926	0.43672577714773
2.4483134540998	0.840541819013097
3.57397276002055	1.76270999054685
0.177324465825582	0.0471342222202081
0.658034884399061	0.252497421846177
-0.286656236610047	0.100322630405207
0.205561737379768	0.0441838774146192
1.75157325264744	0.72908452782451
-0.0723741489888245	0.022824549102931
0.915267467236802	0.263914073443303
1.02087118003561	0.463619885963511
1.72402871819241	0.513373825324747
1.06137676746378	0.424207182069452
0.64873685755591	0.248980723612777
3.27318434966019	1.45987088217078
0.643354238391304	0.246655588924847
1.047572061423	0.417850877858123
-1.05947814393474	0.340342479682109
1.38545837834875	0.492219504116298
-1.07472019752247	0.345966816698589
-1.46754137571983	0.399241075338394
-0.0547063580791597	0.0179254859316405
1.71838037692335	0.512092496146657
0.924469195483338	0.266423091240108
-0.646680383101437	0.224029131844648
1.40046114658943	0.497802399142274
0.205561737379768	0.0441838774146192
1.75495432576142	0.730816424365007
0.688805855840813	0.230396439124451
-2.21257221902061	0.680354097619789
0.368157815644971	0.135282792049881
0.671691629672308	0.22459104803171
0.188178366722201	0.0414674909431667
-0.631614497819507	0.218579068216143
1.39557961180183	0.496365775816694
2.43961622041387	0.836769184993985
1.63995641832126	0.982069883347321
1.41794018034427	0.662166911564669
1.75018823578813	0.938682908262115
0.912597447073333	0.263157043298413
0.912597447073333	0.263157043298413
0.234537195986687	0.0736925327146945
0.662210510653847	0.22166725158361
3.57397276002055	1.76270999054685
1.07878401387793	0.432142860294847
3.26610537788351	1.45572874939348
2.45713066693921	0.844016359639868
1.72665749194725	0.514015992250562
0.224865135253605	0.0707281274482377
0.199660581380647	0.0433122758858595
2.91767215080868	1.15195328733466
-0.487640683932851	0.188633798861241
1.74919545705716	0.727871284649911
2.4483134540998	0.840541819013097
0.177324465825582	0.0471342222202081
1.75931610176333	0.733095429495076
0.199660581380647	0.0433122758858595
-1.0411155019997	0.334366938978704
-1.46754137571983	0.399241075338394
0.254159444076701	0.0793773394515663
0.636096206722556	0.244036679595994
0.675156152037975	0.22565754625012
-0.305881318748614	0.108256434278209
0.912597447073333	0.263157043298413
1.07999676732128	0.433003346436038
0.906151326926563	0.261259737108879
0.639414723381155	0.245249170853703
1.00351564264771	0.453715083199603
2.35899840755634	1.26461551908783
3.55899825992108	1.75207908437113
1.39971021403778	0.651275403813394
0.924519625006435	0.266522920108041
3.26610537788351	1.45572874939348
3.28635452349004	1.46676370017261
2.1055510446396	1.00849917927828
1.42504885552191	0.665753850818339
3.59134656987257	1.77380089114689
2.91488688463889	1.15100414083562
2.90827841061733	1.14708003600027
2.90827841061733	1.14708003600027
1.39557961180183	0.496365775816694
-1.04621110690196	0.336165192535253
0.216335129945687	0.0683970317291691
-2.20131061198549	0.675574843790802
2.45446436525245	0.842916202981294
0.906151326926563	0.261259737108879
0.199660581380647	0.0433122758858595
2.08244330412006	0.993420529815253
0.163492226678909	0.044044738586646
0.917296314805694	0.264562429003048
2.23796468911734	1.4881879448071
-0.55888165037327	0.146019049191659
1.0675409328254	0.548955880414657
-0.571538969396222	0.149182553096798
1.77046288364682	0.739085774074085
2.37504895229416	1.27807043437507
1.39256483421105	0.495195831360944
1.02543746055649	0.465890371859252
1.74664637992738	0.935764676985439
3.82972352514558	2.06791351062552
2.88326130692102	1.90204943817471
1.34930135802533	0.793216545732716
1.09886001598825	0.44140397862876
3.12121538488991	2.25811477240342
1.38016920470379	0.490169965758878
2.92438485477444	1.156147471729
-0.0673957756720004	0.0215871816536072
2.44567166971443	0.839453219846175
1.72665749194725	0.514015992250562
1.01235629517791	0.458884990071578
0.392421877242001	0.163481741530753
2.03841611606358	1.23314598324756
3.83301882980968	2.07184038545602
2.90551789185603	1.14556900793857
2.90551789185603	1.14556900793857
1.72664583622157	0.514027439791968
0.691018322596608	0.231067203856998
1.74291123433662	0.724974229337115
3.83643897137894	2.07573852721349
1.10034533196871	0.442019186255814
0.924519625006435	0.266522920108041
-0.427805680052213	0.164200231801626
0.236760388577432	0.0742695453338153
-0.597151945641083	0.206494586624071
0.674711167476204	0.225687715083999
-1.16062651527846	0.523938929012899
0.653994852670135	0.250819314642062
-0.600830818395992	0.207843763746685
0.906151326926563	0.261259737108879
-1.05139365222271	0.337625068809831
2.26771382534672	1.51813453015638
-1.04326431362444	0.44219569381945
0.919086224093982	0.264875597201778
-0.290172480232866	0.0866608763690696
0.187534552195979	0.0494421831048262
-2.70163341573963	0.956867155200627
-0.483877124366561	0.1873910699715
0.199660581380647	0.0433122758858595
-2.70163341573963	0.956867155200627
-0.620969894100123	0.215116746351169
2.65337170045971	1.59317605348208
1.0825544293637	0.433671310884445
1.39855384088426	0.650369589946179
3.26608991492401	1.45573646702542
3.14871586780172	2.29081257361389
1.89167317884401	1.26713761397537
1.0253855166624	0.466277819071026
-0.0958755177175155	0.0297738980698939
1.40274440558796	0.499243938315738
0.356053594719455	0.130901708917079
1.05909356086214	0.423001957478229
1.76602253904652	0.736460561645212
1.08053960045495	0.433007221502053
0.193795866580785	0.0618895594554501
2.37138462558887	1.27529838147019
3.83301882980968	2.07184038545602
1.41120556675479	0.658026534328907
-1.05646570561747	0.339422980870141
0.794669508341963	0.440199004656103
1.75931610176333	0.733095429495076
0.668036332371809	0.256525412734318
3.27318434966019	1.45987088217078
4.52987553982674	3.16082338848461
1.38545837834875	0.492219504116298
3.83218329198527	2.0711829714689
3.26608991492401	1.45573646702542
2.43961622041387	0.836769184993985
1.37249753990206	0.896238750575313
1.07878401387793	0.432142860294847
0.228808283719498	0.0720439291537409
1.46341391232713	0.687956662330279
0.222337753373248	0.0699047989989705
-0.303882869036504	0.0903675867143855
2.30303447949253	1.55354981569672
0.199660581380647	0.0433122758858595
1.38547624122001	0.492221548058075
0.901404731776287	0.260636052892095
0.180334652339367	0.0478106473797875
1.630719968753	0.974407103908757
0.164712869579257	0.0443121871062313
1.78518862941079	0.74671530966739
0.216669552420131	0.0682893939160796
0.225227205823021	0.070887506150228
1.05904170564614	0.42278740114866
1.02151806043174	0.463623462894146
2.30191316976226	1.86583174095056
3.57726881742395	1.76601645158811
0.199660581380647	0.0433122758858595
-0.278894434640236	0.0986465868379684
0.915318019020568	0.263922623604752
1.75355367060485	0.730143785985324
-3.09964559119458	1.24646568828466
-0.129895046065977	0.0489755887252193
0.360282287687163	0.132533514597678
1.05152432242814	0.539030980891525
3.58388492388433	1.76957141259759
1.33346252605206	0.781274672726899
4.067763698789	2.39819928668886
2.36727214439135	1.27155049490705
1.74105239452581	0.931428432461311
0.655420021623032	0.251197358183777
0.734464913088006	0.322664185850283
0.906151326926563	0.261259737108879
2.90832288894759	1.14706883442003
3.24909639235388	1.44424220972449
2.45442904372326	0.842929862158112
2.92221465853409	1.94341439879825
-2.69742047364421	0.954793958704405
2.36927837576054	1.27403122578934
1.08866050398271	0.436518079189461
0.921774163847151	0.265747233383473
0.359700398495367	0.132015671206623
2.91767215080868	1.15195328733466
1.75390952694415	0.940674023144032
-2.70937242333718	0.961490597147355
2.07299107522641	0.987025883018416
4.91048808392795	3.96462559492164
-1.40535664263192	0.523201833324806
0.633379308528631	0.242570426204681
3.1306701618643	2.26909045486712
-0.549588025379477	0.144138904810768
-0.317386699652079	0.0939448727160803
1.04466227334782	0.534596443078692
0.234789621162011	0.0737682442998558
3.14880555123399	2.29079086091489
1.01694162215078	0.461351454790982
0.24243225341768	0.0759022527916872
0.91624619336229	0.512512285383902
-0.0774050461354077	0.0242831048289601
0.663852036124193	0.22230698601674
1.74386805742768	0.724791639516812
0.852333846518745	0.427787047244223
-1.42987043721697	0.533700849096348
2.88326130692102	1.90204943817471
2.43961622041387	0.836769184993985
1.74964305886196	0.937829698585881
1.07666701712925	0.431341675580183
0.655115207563023	0.251730984616691
1.40274440558796	0.499243938315738
0.745996360434861	0.32916031026147
0.153367966223417	0.0417663876642991
0.172601761612573	0.0460655425028584
1.32981701306666	0.696955879135765
1.07878401387793	0.432142860294847
1.38547624122001	0.492221548058075
2.88626206564485	1.90571347540955
1.43316916041866	0.670766773185744
0.657628174511373	0.32016586298365
0.519062797919226	0.246979597455084
3.25608093098774	1.44911407166836
1.4338151120779	0.670662278385182
-0.549638443779565	0.144154566527545
0.162283157879301	0.0571084083479828
0.159826616761533	0.0431779029725108
2.11210472876445	1.01225960890849
1.0556646700484	0.421702481443309
1.75844147562001	0.733383866818474
0.921774163847151	0.265747233383473
0.655848584334486	0.219400201124816
0.0124543392445666	0.0033921913901522
-0.721463946396397	0.318231147472009
0.816802436791536	0.40677079692427
0.239952771844976	0.0753749134293631
1.43755656456294	0.673099191026866
-0.455251909430965	0.175712668337717
2.43961622041387	0.836769184993985
-0.471802248707012	0.18200176967417
2.3899441417321	1.28925538494421
2.06292142221342	0.980111830032735
1.09306525690593	0.624574383726924
1.0671368633528	0.426658214795582
0.0814858247350103	0.0319250507892598
2.37504895229416	1.27807043437507
0.906151326926563	0.261259737108879
0.382418675269462	0.140642669263542
0.77401582661689	0.42583869821276
1.89050336613839	1.26594090099647
1.99907996848239	1.1990026807694
1.21750739601889	0.867690387452323
4.08322370877243	2.41649245698285
2.40138160301059	1.29893017307825
-0.549638443779565	0.144154566527545
1.00219718474013	0.453604667296017
3.26310413052701	1.45333946698961
0.208130289751052	0.0445612068776082
1.06730516979727	0.54873000967905
0.915267467236802	0.263914073443303
1.39439163408924	0.495778972801822
3.27016636624633	1.45724800636443
-0.158213672986624	0.0584274873357623
1.40576821535676	0.500196841629125
1.06806418440503	0.427589994390055
0.665650849432803	0.222729599784731
1.7772657725191	0.742520128546194
0.67742746445304	0.226603864627127
0.860419729521091	0.532432190231204
0.180315924045662	0.0478066702574292
-0.0812203881857205	0.025403763941185
0.915318019020568	0.263922623604752
0.205561737379768	0.0441838774146192
1.71838037692335	0.512092496146657
1.01250056927012	0.45872684418295
0.675156152037975	0.22565754625012
4.06337808399324	2.39487276857805
0.184506730859797	0.0487417923755395
0.646664355085335	0.247560855118348
-1.65352787363434	0.685632629902248
1.00650640876182	0.456304746004385
1.06565972063298	0.426648852450253
1.74610926866454	0.935099837046173
2.09981111199539	1.00477269263545
1.88336183373233	1.25931864178619
1.78859173026655	0.7481219126883
0.167714996663192	0.0449834543600603
1.33086617598311	0.778851434395658
1.06182439239853	0.545081078716506
0.688805855840813	0.230396439124451
3.24909639235388	1.44424220972449
-0.0833748395153626	0.0259186668222249
-2.20774410875569	0.677401665515386
4.70880096327842	3.52832182778172
0.924469195483338	0.266423091240108
0.199558219150517	0.0634573546331824
0.170184199651161	0.0455102597114768
0.199660581380647	0.0433122758858595
-0.549638443779565	0.144154566527545
-0.0716152794036871	0.0224335224868607
-0.137922082839227	0.0509618250092206
1.05180897631275	0.480087818070465
0.208130289751052	0.0445612068776082
0.662809315841008	0.254477784106707
1.06405570093736	0.425644336400089
0.671783008731121	0.224523528358971
1.76810514306125	0.7381530283959
1.38248601554662	0.491066536373935
3.24909639235388	1.44424220972449
0.720784568512811	0.316291568916037
0.901720616063008	0.260095467165507
1.06730544773054	0.427159838008875
0.164712869579257	0.0443121871062313
0.671268687509874	0.224622004345607
1.77491609616464	0.740653452023574
3.55899825992108	1.75207908437113
1.39972857201292	0.49785287169011
0.177324465825582	0.0471342222202081
1.74610926866454	0.935099837046173
0.675202385974488	0.225674647305293
0.911711426533657	0.263290287954357
1.35872893005536	0.970437724619393
0.190551949951808	0.0501236937756434
0.537915699031101	0.229847025342663
1.07526712720017	0.430388498097968
-1.40446229415259	0.522560505026291
1.71838037692335	0.512092496146657
3.82536634175606	2.06542098396924
1.73308754102551	0.92568472978527
-0.561074719780954	0.146672057200803
1.76029939115389	0.733878423235619
-0.297745227366455	0.088703707435214
-0.286974240436354	0.0857853046400139
1.37859750276635	0.490222912680126
0.678689321172396	0.261006872866438
0.208088282973525	0.044554233682967
0.135265070281725	0.0477930782721796
3.26610537788351	1.45572874939348
0.37828950718352	0.139166797394251
0.701339434538974	0.306618621949149
1.76029939115389	0.733878423235619
1.047572061423	0.417850877858123
0.924469195483338	0.266423091240108
1.07063938963435	0.428249111328309
0.368157815644971	0.135282792049881
2.95235693275212	1.97582225717638
2.07983324758503	0.992688936076852
2.41057743172478	1.30569595309331
-0.0763482064192986	0.0236363504947068
0.919086224093982	0.264875597201778
2.09267658374396	0.999843473409221
1.7407446933573	0.931220953851419
1.02087118003561	0.463619885963511
2.08448560220228	0.994743736476529
-1.27783243020212	0.610037070542976
2.45442904372326	0.842929862158112
1.64154257752791	0.982351721585219
1.76266616893112	0.735090202637704
2.09790623131034	1.54810311203498
0.910807770799633	0.262737230399533
0.671783008731121	0.224523528358971
0.662209832213597	0.254471510064149
1.38993259641355	0.494291486970406
2.25903960803465	1.50927066581597
0.673995039992328	0.225358656301781
0.199660581380647	0.0433122758858595
0.705198693005681	0.308680755463873
2.10779874184832	1.00909293884808
2.63299271956803	1.57410371010563
1.43272063768476	0.670672736077732
1.00824472100599	0.636103188585874
3.25904938664935	1.45089842575752
0.15784048874336	0.0427821270254753
1.08230651158364	0.433558668659745
3.55154185738699	1.74591014244481
0.640169611764287	0.214061121915406
2.45709514677168	0.843701380989689
4.5446357391299	3.18184581409636
-0.718919499663001	0.317321139787798
0.147197500086414	0.0523580207088011
1.01654309130823	0.461429842895189
1.32921980051576	0.696280615715444
0.210591305513083	0.0667581612588619
0.159826616761533	0.0431779029725108
-0.174400619841039	0.0648713466836035
0.754931858662793	0.333489613759077
0.915318019020568	0.263922623604752
2.08672526726354	0.996312528007242
1.75931610176333	0.733095429495076
0.177899947569855	0.047263469364084
0.152333192436397	0.0415232974103919
0.92457006190404	0.266440401880801
-0.676664020469569	0.233833132077765
0.205561737379768	0.0441838774146192
0.915267467236802	0.263914073443303
3.26310413052701	1.45333946698961
1.07561158241459	0.430941147002154
2.45442904372326	0.842929862158112
2.11401480346062	1.0131118083397
1.38957458135007	0.493821378507415
3.82877106041862	2.06906516969353
1.08418604990452	0.618944798119013
2.91767215080868	1.15195328733466
0.691018322596608	0.231067203856998
-0.303349464245053	0.0902573552966827
0.920082414250368	0.265252082233154
-0.791880885107404	0.366646970052992
2.41522357929268	1.30855167840633
1.38547624122001	0.492221548058075
2.07657892848425	0.989648756453333
-1.46556636079729	0.39889055417079
1.76271459085892	0.735118738719892
1.71838037692335	0.512092496146657
0.912597447073333	0.263157043298413
1.08014956779242	0.433073544216926
3.56217304695275	1.75356860451488
2.91767215080868	1.15195328733466
1.73952081122831	0.723475857850905
0.159084195499199	0.0430267803944521
0.906151326926563	0.261259737108879
0.208088282973525	0.044554233682967
3.25608093098774	1.44911407166836
2.91488688463889	1.15100414083562
-0.296469595037408	0.0883020342088884
0.811256129235476	0.403264451302693
1.77491609616464	0.740653452023574
0.368770488651158	0.135480655211015
1.75694714586213	0.732159734378909
1.38248601554662	0.491066536373935
1.43777745532278	0.673223104825915
1.41726659844458	0.660960101131576
2.65800191770819	1.59750333603749
1.75490758178519	0.730788790484642
0.246104130605166	0.0769660138150043
3.85159560405925	2.08890747138194
3.56644568989027	1.757536747449
0.180078696699148	0.0477286351878657
4.2893750096774	2.7481113028326
0.654248044589571	0.218833780823797
2.10919347211913	1.01040883592747
1.08382719212931	0.43454728006523
1.76786213405768	0.95035812615005
-0.0548120384712905	0.0179162878811802
0.24243225341768	0.0759022527916872
2.43961622041387	0.836769184993985
1.03902887925869	0.473472915544112
-0.549588025379477	0.144138904810768
-2.00941388435876	0.967233698928545
-0.302068390497158	0.0897869251519847
1.42995310156073	0.668663911451575
-0.55888165037327	0.146019049191659
1.06499912222052	0.425849705080265
2.90551789185603	1.14556900793857
4.28445432856831	2.74219301972971
2.36256423841677	1.26828911238705
0.204756590717357	0.0440408052662146
3.25608093098774	1.44911407166836
1.02139642665658	0.463808368233292
1.43545707371972	0.67267576336276
-0.314027207243201	0.093045575987002
1.4465301221902	0.678599887640241
-0.0596601484398735	0.0193025642615148
1.37543780329452	0.488077804570456
-0.0262348810245394	0.0102636885666522
4.06337808399324	2.39487276857805
0.666133301211789	0.222708402316138
2.90827841061733	1.14708003600027
3.81774587035387	2.05871471298175
1.00829869221336	0.456324920608846
2.48208761750508	1.82240197836408
1.01250056927012	0.45872684418295
2.44834859745442	0.840528199577986
1.39439163408924	0.495778972801822
1.36551843575092	0.484955838575038
-0.302194401361676	0.0898991994770611
2.2543050790551	1.50387731120822
0.236638685464468	0.074232976377494
1.38545837834875	0.492219504116298
0.666133301211789	0.222708402316138
2.09482958587091	1.00134793705434
2.00344651425533	1.20275923897249
1.78513490822613	0.746684677392543
0.915318019020568	0.263922623604752
1.75689874560971	0.732131283191921
0.659447121797904	0.252952229370645
-0.0793589969161121	0.0245748456194539
-0.862380664303742	0.334329552213172
2.52760361618324	1.87576474472804
2.66325839106117	1.60207942277286
0.652787876380354	0.250350819072737
2.64957003277519	1.59024486203275
1.33260681239722	0.779884195685011
0.169928836052903	0.0454559663527724
0.179308845424369	0.0475774904674854
2.92719523940039	1.15711191350553
-0.310646750077994	0.0920983537713622
3.25904938664935	1.45089842575752
-1.46556636079729	0.39889055417079
-1.19428299165627	0.540472563568517
0.234537195986687	0.0736925327146945
3.27620927747588	1.46151929297208
2.40665218131254	1.30287266862572
0.145975314749586	0.0515795731294497
0.180315924045662	0.0478066702574292
1.75490758178519	0.730788790484642
0.208130289751052	0.0445612068776082
0.683090437699776	0.228431766982679
1.72665749194725	0.514015992250562
4.09434144370349	2.42707912881285
2.09492301347315	1.00077708922946
0.626193479688459	0.239515464697416
-0.569836236427639	0.149089357519807
0.6818964233743	0.22794326934864
0.915267467236802	0.263914073443303
-1.04415041615715	0.335312917030539
1.43295820650111	0.671091606897259
1.77046288364682	0.739085774074085
0.663385927314191	0.221879924565254
0.694381051215851	0.232198533859577
2.03039797940365	1.22683285691255
0.683090437699776	0.228431766982679
3.58484962097601	1.77085853613386
1.37558935632313	0.489060937437241
3.27318434966019	1.45987088217078
-0.569836236427639	0.149089357519807
0.906771449698821	0.262172062133173
2.37288342094965	1.27591493703309
3.84075001687491	2.07807527856366
-0.298209899803795	0.0888556079266036
0.663336852365455	0.221861994107979
1.38545837834875	0.492219504116298
-2.20131061198549	0.675574843790802
0.915318019020568	0.263922623604752
-0.55888165037327	0.146019049191659
1.7772657725191	0.742520128546194
0.177932949857513	0.0472704475269999
1.3801874459795	0.490172173913112
1.3726881258282	0.487534212258015
2.37142373474938	1.27428493347539
2.91488688463889	1.15100414083562
2.91874144340492	1.15180916074423
3.56321850271678	1.75430275733671
0.69096870942265	0.231048868043151
1.38727744289309	0.493135957861707
1.33952764273065	0.785896905411499
3.25904938664935	1.45089842575752
0.240308569886204	0.075322617624464
2.27173673524001	1.52205967181706
0.199660581380647	0.0433122758858595
0.722507796210202	0.317169353265471
-2.20131061198549	0.675574843790802
1.07314442330609	0.429735777855557
0.208088282973525	0.044554233682967
-1.05434667090414	0.338781426865916
0.190551949951808	0.0501236937756434
1.39557961180183	0.496365775816694
-0.281260235296569	0.0842171949240455
-1.47559564657686	0.401361379112135
-0.0845518938915973	0.0262138201597811
1.03282520837743	0.527047254190142
-0.563224434073156	0.1470595732283
0.915318019020568	0.263922623604752
-0.606300971628515	0.209828914650814
2.66680131606859	1.60525838407197
3.83655874756984	2.07494832850428
-0.0833748395153626	0.0259186668222249
-2.20131061198549	0.675574843790802
0.641408430113829	0.24552038682474
2.0904766040442	0.998607707037486
0.912597447073333	0.263157043298413
1.08132524292082	0.433468517234334
-0.55888165037327	0.146019049191659
1.77388619361697	0.741131703530167
-0.297745227366455	0.088703707435214
1.37720610089078	0.4890227456012
1.4146480105073	0.660128414723583
0.187516582106475	0.0494383766804619
0.663822089954424	0.221854620777042
1.01205097344981	0.458722805237822
0.338777403425074	0.14026125761845
-0.623912429413464	0.216071538242249
-0.456554344655416	0.175515304901759
2.3893556732446	1.28808002121654
0.184506730859797	0.0487417923755395
1.62460210307028	0.969155556699627
4.06690741540602	2.39936257722879
0.231499475794802	0.0729612951849995
0.360572892415926	0.132838024809932
0.225134833414913	0.071155335996011
3.27619497272584	1.46229178166629
0.829936079744364	0.414010411909206
0.921774163847151	0.265747233383473
0.208088282973525	0.044554233682967
-1.03040409240834	0.435764705633039
0.908148649268101	0.26198445808125
2.1055510446396	1.00849917927828
4.05542332316618	2.38641842968591
2.91493124431159	1.15099278421732
0.137219250366927	0.0488504225102215
3.56649069111218	1.75758098854351
1.08243041392435	0.433808481076357
0.688755278517132	0.230474449974642
0.355134265595573	0.13038126820832
0.180334652339367	0.0478106473797875
1.42504885552191	0.665753850818339
1.36573757466998	0.89096995842124
1.08382719212931	0.43454728006523
1.37978528414721	0.490494430759015
2.10319218138865	1.00635652036977
0.917296314805694	0.264562429003048
-0.279171028399928	0.0983004199244034
3.58047582984061	1.76700315186199
1.74733170633061	0.727786029291759
1.63108063338493	0.973833652142975
-1.47559564657686	0.401361379112135
1.06137676746378	0.424207182069452
0.509454479729492	0.21666082100025
-3.34089494495661	1.45941892864411
2.92158168883162	1.15406672838897
2.43961622041387	0.836769184993985
2.91493124431159	1.15099278421732
2.10932418503155	1.01032288943995
0.172141930104414	0.0459762515619496
0.239952771844976	0.0753749134293631
2.10339407521884	1.0073224301883
-1.38897834144731	0.51599594644118
2.10217307290226	1.00597885790096
1.37720610089078	0.4890227456012
1.14687963934871	0.72994801767449
1.72764876856465	0.921463832972789
3.5772212367167	1.76512071300624
-1.46556636079729	0.39889055417079
0.685346954982678	0.229231600279827
-0.0479663167565817	0.0150865468321136
0.204756590717357	0.0440408052662146
0.187468605835015	0.04141071045087
4.07880938097788	2.4118936188948
-3.3588196552632	1.47115485552605
1.7772138808229	0.74200364184831
-0.288326560188636	0.101988040823662
2.39221541370997	1.29155653981938
2.92438485477444	1.156147471729
1.38957458135007	0.493821378507415
-0.612031321957417	0.211857749173378
1.40728271226433	0.655352438677983
3.56221723512204	1.7544607898084
0.205561737379768	0.0441838774146192
1.38547624122001	0.492221548058075
2.44567166971443	0.839453219846175
-0.604383492566088	0.209061952089717
-0.838236464413807	0.323729019492838
0.661986823780947	0.254274901135502
0.208130289751052	0.0445612068776082
2.4483134540998	0.840541819013097
3.11414732704744	2.24903821039993
-1.40882886676364	0.524598158708679
2.06774892770211	0.98451750498754
0.675156152037975	0.22565754625012
1.34174142760435	0.704384383579654
0.182309601441683	0.048270223246002
2.45442904372326	0.842929862158112
0.999329031783903	0.451464713840346
0.170184199651161	0.0455102597114768
1.33731238646955	0.701634083652426
1.71838037692335	0.512092496146657
4.07880938097788	2.4118936188948
1.047572061423	0.417850877858123
4.30517901152248	2.76817930247224
1.08230651158364	0.433558668659745
0.208088282973525	0.044554233682967
0.899765603237419	0.260024823460973
1.77393728942937	0.74080523066272
3.5483030024599	1.74351337995961
-1.06383257360404	0.341981866655656
0.659969723833758	0.22073480452832
0.195880525766074	0.0426453207559659
-0.62323839204259	0.215729078552078
0.640783292158946	0.245422565674362
0.919086224093982	0.264875597201778
2.10323940054299	1.00722472249494
-0.552335012199188	0.144678456612124
-0.860849196122284	0.33342660740449
0.924519625006435	0.266522920108041
0.7905245372906	0.39091772309781
-0.0608239623980859	0.0192210140903125
-2.70163341573963	0.956867155200627
2.4483134540998	0.840541819013097
2.36233611964768	1.26811155660569
1.71838037692335	0.512092496146657
-0.0906429971742657	0.0282837023220957
0.640783292158946	0.245422565674362
3.25906560847611	1.45089113400716
0.694381051215851	0.232198533859577
1.6216621523393	0.966627259619769
1.10043195471693	0.629842366809311
0.649562586933	0.249141431140864
1.362684147619	0.483416189481809
-1.0411155019997	0.334366938978704
-1.0513489862808	0.337847138889591
1.0644157449816	0.425932001262277
-0.298760378057541	0.088942138383077
0.130955465014567	0.0466832592341662
1.02866100138994	0.524107103679566
2.0904766040442	0.998607707037486
1.73613339990668	0.92828556246999
1.33731238646955	0.701634083652426
0.747109957965131	0.329011658899521
0.648498396216278	0.314882185737293
-2.70163341573963	0.956867155200627
1.12476273245986	0.648143171746168
0.199660581380647	0.0433122758858595
-0.556695510417587	0.145720699864662
1.06405570093736	0.425644336400089
1.4025397317141	0.652700086349882
2.90827841061733	1.14708003600027
0.227403893141339	0.0715006664849142
4.07505074466954	2.40807780385221
1.39556294187099	0.496135793832498
2.0109227114992	1.20949441310277
1.33814167602275	0.702338928734179
0.899765603237419	0.260024823460973
1.07890679271251	0.432199101979189
-3.07139247283292	1.23058533678423
-0.304437349063416	0.0905078276399289
-0.549588025379477	0.144138904810768
1.38248601554662	0.491066536373935
1.06950553657557	0.427929560998139
2.08809621258249	0.997393156666143
2.90832288894759	1.14706883442003
0.228290813818142	0.0924600269745276
0.239276057855925	0.0751083750490382
1.92002090928297	1.7050193197259
2.63113389871747	1.57245033223715
1.02056512378373	0.463275095530499
-1.46754137571983	0.399241075338394
2.45709514677168	0.843701380989689
-3.06142327849064	1.22511692748265
1.77046288364682	0.739085774074085
-1.66279657880004	0.690412504342113
1.36207159422373	0.886985997312594
1.04205909542335	0.533047128231846
0.67742746445304	0.226603864627127
1.7542227213611	0.940753082795077
-0.569836236427639	0.149089357519807
0.73939704032265	0.325284095133902
-0.298760378057541	0.088942138383077
2.36440702734713	1.26880947609551
-0.637823143056138	0.221106526997808
1.37147159643671	0.895175356329916
0.921824610399643	0.265755741469354
-0.0716152794036871	0.0224335224868607
0.204622420716564	0.0828917381035397
2.90551789185603	1.14556900793857
2.86922104184664	1.8869500868881
-1.65661020610064	0.686507744814202
1.07889566294146	0.432553227374736
0.170184199651161	0.0455102597114768
2.07349692925288	2.01199440994432
1.02144425585482	0.463741382555048
2.37578880147198	1.27828300899486
-0.310091035053636	0.092026740867276
0.199660581380647	0.0433122758858595
2.41474921751837	1.30872535480618
-1.65981160581395	0.689135823128313
0.921824610399643	0.265755741469354
1.37543780329452	0.488077804570456
0.239403305751306	0.0751465921929683
0.726362350242862	0.318853070950753
-0.549638443779565	0.144154566527545
1.07890679271251	0.432199101979189
2.68076184145061	1.61881064609522
1.362684147619	0.483416189481809
0.686536055887006	0.229501764539986
2.09158726527271	0.999198107174589
1.75507446207082	0.731732850539875
0.731298257991044	0.321221446988176
-0.620969894100123	0.215116746351169
-1.0411155019997	0.334366938978704
0.640161690077788	0.245038673426509
0.675156152037975	0.22565754625012
3.35681297379153	2.65102169907863
0.643800724943092	0.246729223168845
3.25608093098774	1.44911407166836
2.11771158390686	1.01606142150896
1.76602253904652	0.736460561645212
-0.286940431421599	0.0857759418120604
1.17362810934161	0.752446665645279
2.44567166971443	0.839453219846175
2.64518210370475	1.58559242648883
-0.552335012199188	0.144678456612124
2.01013691842622	1.20902522809294
1.02564414234091	0.466300464971672
3.25906560847611	1.45089113400716
0.234062289777695	0.0733937759263111
-1.05139365222271	0.337625068809831
0.856159436536626	0.429777573701849
0.205561737379768	0.0441838774146192
2.45442904372326	0.842929862158112
2.91493124431159	1.15099278421732
1.60953585069386	1.06864945380607
2.02215033918206	1.21983500076394
0.130563221970275	0.0465507132676718
0.671783008731121	0.224523528358971
1.64369812617305	0.984887073712734
0.832026651783244	0.416265131322824
1.76271459085892	0.735118738719892
0.155055385891057	0.054893798795653
2.91776082824986	1.15193094411066
2.03943500592115	1.23420264662954
0.919086224093982	0.264875597201778
0.67742746445304	0.226603864627127
0.239403305751306	0.0751465921929683
1.02049442999233	0.463342384881321
1.06499912222052	0.425849705080265
0.912597447073333	0.263157043298413
-1.05646570561747	0.339422980870141
0.67584655782551	0.226191449456126
0.180315924045662	0.0478066702574292
0.163252475451677	0.0575403489899862
0.20471393630254	0.0440337263228802
3.55899825992108	1.75207908437113
-0.575959266308268	0.150202913360021
0.205561737379768	0.0441838774146192
0.174906014150012	0.0466047565088505
1.41521460809271	0.660102370631803
2.47940485041537	1.81936380096463
1.37270495641498	0.487535927805456
-1.41587635029561	0.527553080906067
0.997235392841483	0.451014255233506
1.76612122420627	0.736517957467052
0.67742746445304	0.226603864627127
0.234181565975846	0.0734295728679185
0.3863634635889	0.142149469690193
1.05020696639482	0.537918720018455
0.24243225341768	0.0759022527916872
1.04162843544964	0.533017132254883
0.756919055493727	0.334243075990448
0.147657349911335	0.0405080091416947
2.02619018333808	1.22276566193072
0.841806547566244	0.421444225727176
2.08603978072526	0.995282816306971
1.69729181539013	0.900135844060255
1.72804127172617	0.922538533161948
1.37260374681986	0.487696492713787
1.09886001598825	0.44140397862876
0.202395601323285	0.0643376426855766
0.228234879096324	0.071924407436597
-1.41587635029561	0.527553080906067
1.15738734812214	0.737925251492701
0.672085675093466	0.258301788788476
3.27318434966019	1.45987088217078
3.28639376533514	1.46673551267443
2.68043390903484	1.61852934527975
1.71838037692335	0.512092496146657
1.0246795829841	0.649991170584679
1.73695167963712	0.928434807254009
0.912597447073333	0.263157043298413
3.83971221680005	2.07723275779155
0.362773440674743	0.133630887017055
3.47405775177846	4.06758496286376
2.39361896220789	1.29218799147153
1.35847081063259	0.716418429108469
4.50497453310253	3.12861366994551
4.2962490707218	2.75606240820981
2.27619618914166	1.52690836002384
1.379729974967	0.490252252773617
2.01659423539631	1.21410526676663
-1.46556636079729	0.39889055417079
-1.05139365222271	0.337625068809831
0.355134265595573	0.13038126820832
2.36419615625513	1.26864663417104
-0.294085600751134	0.0875804248732261
1.72781187455144	0.922590777929319
1.08107260988565	0.433383531271033
1.77383519060389	0.740746034447833
-0.290673886968151	0.0866343139460244
0.924469195483338	0.266423091240108
1.01271323848205	0.458880200847508
0.666865508184623	0.256252881773582
0.654209398021155	0.250907487224688
0.0828691857262797	0.0329921001848166
1.06428645291315	0.547185734903779
-0.0743728475736128	0.0231750732736504
2.07087125864236	0.985611875361845
1.73685969686651	0.928759931275441
3.84075001687491	2.07807527856366
2.04555267274047	1.23984990308562
1.72664583622157	0.514027439791968
1.12774909551797	0.650329051283175
1.41062627582976	0.657311939496913
0.24231079990204	0.0758656666474767
0.199660581380647	0.0433122758858595
-0.549588025379477	0.144138904810768
0.836544389642033	0.418462668556462
0.921774163847151	0.265747233383473
1.07924407780904	0.432807085496047
-1.39984472077785	0.520661123325473
1.40272851054165	0.499012480580187
-0.623912429413464	0.216071538242249
1.75355367060485	0.730143785985324
0.67742746445304	0.226603864627127
2.31578178246963	1.8830713419143
0.660034562016067	0.220830659029676
2.3893556732446	1.28808002121654
2.35899840755634	1.26461551908783
2.39384947900438	1.29288498375225
0.187468605835015	0.04141071045087
4.7180088305214	3.54402498932362
1.03963276090949	0.53145989323995
1.38957458135007	0.493821378507415
1.39139260785154	0.494323319098175
-0.600711576151896	0.207799416691199
-0.313467823234839	0.0929728017706251
2.44567166971443	0.839453219846175
1.39024877373414	0.49406930635718
3.26608991492401	1.45573646702542
2.08603978072526	0.995282816306971
2.44567166971443	0.839453219846175
3.83655874756984	2.07494832850428
2.92153744995923	1.15407818465564
1.41540346007614	0.660575377486411
3.82536634175606	2.06542098396924
1.3701735298738	0.486046373261376
0.906151326926563	0.261259737108879
1.06379239405887	0.425415712016981
0.675156152037975	0.22565754625012
0.664229390792417	0.221891790168857
1.10241852597439	0.44300069869777
3.55895493620897	1.75203607094021
1.4057837164765	0.50019805265816
3.5483030024599	1.74351337995961
2.44567166971443	0.839453219846175
2.09035178211931	0.998526967079187
3.28638063920881	1.46778961483254
0.496130818405438	0.21022134282895
0.683090437699776	0.228431766982679
1.43720917145551	0.673445411371028
0.679587565764196	0.261501719785076
1.36370256325614	0.804336175195361
0.748790240677409	0.329998930731182
0.680110341670524	0.333142826268404
0.172141930104414	0.0459762515619496
0.675202385974488	0.225674647305293
0.184506730859797	0.0487417923755395
2.09396320894315	1.0011830226404
1.37978528414721	0.490494430759015
0.208130289751052	0.0445612068776082
1.06379239405887	0.425415712016981
1.05334411676972	0.420670006057373
1.0644157449816	0.425932001262277
-0.637823143056138	0.221106526997808
0.199660581380647	0.0433122758858595
0.351215210500736	0.128908929818625
1.73662313802231	0.928632586188861
1.39724536743972	0.6496184128835
0.660531683475187	0.253764543045421
-0.480184977185541	0.186102527867713
0.199660581380647	0.0433122758858595
-0.575959266308268	0.150202913360021
1.38545837834875	0.492219504116298
-1.46556636079729	0.39889055417079
-1.65916483890599	0.688439443826351
-2.20131061198549	0.675574843790802
2.44567166971443	0.839453219846175
4.30127787651969	2.76337475638543
1.62649599281602	0.97105155029245
2.08017458981791	0.99150793962923
-0.610002955246181	0.254130896365517
1.38279184561893	0.491656853905118
2.91488688463889	1.15100414083562
2.31701731381873	1.56765025040652
1.59335387734143	0.943371881080453
2.89520289922051	1.9158853859368
0.841323555214868	0.421593967983193
0.921774163847151	0.265747233383473
1.71791322101669	0.91492282541797
0.656048033858116	0.251913887159618
2.92438485477444	1.156147471729
1.75689874560971	0.732131283191921
2.10067678164484	1.55121512113207
1.43339060368256	0.670896002743875
1.37543780329452	0.488077804570456
-1.05434667090414	0.338781426865916
0.915267467236802	0.263914073443303
2.64926612720655	1.58940295862537
0.914619300557244	0.26369561215826
1.42504885552191	0.665753850818339
3.27620927747588	1.46151929297208
1.43227090562504	0.670272548642454
1.89695366834041	1.27286408678539
1.06487826927243	0.425794621856675
0.894916799465727	0.258924013894673
0.664229390792417	0.221891790168857
1.07526712720017	0.430388498097968
2.91210871999862	1.14894462063688
0.640783292158946	0.245422565674362
2.09841704355149	1.00355500904501
1.70224481061995	0.902921700702769
1.72186186092056	0.918113816581659
2.45709514677168	0.843701380989689
1.99510644132647	1.19527967857243
1.05904170564614	0.42278740114866
0.177324465825582	0.0471342222202081
-0.296774214875288	0.105004489158004
0.171886235959321	0.0459106029405569
0.906151326926563	0.261259737108879
-1.87208518855081	0.844748950497877
1.36488887304661	0.720196380773099
1.01250056927012	0.45872684418295
-0.307774197479135	0.0913628677098564
2.90832288894759	1.14706883442003
2.03059888508642	1.22600778014251
1.04350973198665	0.533402160116707
1.75931610176333	0.733095429495076
4.07505074466954	2.40807780385221
2.43961622041387	0.836769184993985
1.7660718355889	0.736843404138436
0.165166602519767	0.0585364018483414
0.652905402886692	0.250631086944502
-0.868270920920104	0.336570111769726
0.368807339042546	0.135619045652621
-1.0411155019997	0.334366938978704
0.204836913864172	0.0651879627101967
-2.21257221902061	0.680354097619789
0.147657349911335	0.0405080091416947
3.28028898843479	1.46347366776651
0.677093528928553	0.260225430030844
3.26310413052701	1.45333946698961
0.692221603806191	0.231554051840086
2.39221541370997	1.29155653981938
1.79252383757784	1.31100394619427
1.09062725718876	0.437713933028082
0.231117956713234	0.0727088244452258
2.48322511875284	1.82437206220815
2.30016512874141	1.55013992753068
-0.553958654260902	0.145182611160989
0.362423457228267	0.150268994543405
1.72764876856465	0.921463832972789
3.25904938664935	1.45089842575752
1.41194988168762	0.658134811374873
2.40138160301059	1.29893017307825
0.160505292207515	0.0433777347361025
2.91210871999862	1.14894462063688
2.38439525338939	1.28492217504932
0.912597447073333	0.263157043298413
2.08687180288968	0.995840966043941
3.26310413052701	1.45333946698961
3.56967891771929	1.75970398327778
1.06499912222052	0.425849705080265
2.37609859202537	1.27828284000135
1.43777745532278	0.673223104825915
3.27921340058014	1.46335938453018
4.70926538281743	3.53055633491114
1.75061451146006	0.72922626546094
3.56217304695275	1.75356860451488
0.665993328239866	0.256194502471087
0.180334652339367	0.0478106473797875
1.72665749194725	0.514015992250562
0.35579124412422	0.130543907012529
-1.47559564657686	0.401361379112135
0.685346954982678	0.229231600279827
0.208088282973525	0.044554233682967
1.4004293383934	0.498112938298198
-0.287911233633997	0.101776170153979
1.76182548377079	0.735239545395665
2.39408016580545	1.29253918958529
0.382110808031709	0.140843957954643
1.39024877373414	0.49406930635718
0.915318019020568	0.263922623604752
1.39670390964941	0.496388528960776
1.00339422954057	0.454218175977493
0.167714996663192	0.0449834543600603
0.669547790070559	0.223855623975965
0.172141930104414	0.0459762515619496
-0.0676046001513337	0.0216481204050412
1.61816216523969	0.964310150115304
0.915267467236802	0.263914073443303
-2.70163341573963	0.956867155200627
0.350528507270771	0.12877351620677
2.36457503718606	1.27028002304646
1.31589367401001	0.687056532268788
1.75086701011078	0.93835830120525
1.06950553657557	0.427929560998139
1.0475009368336	0.41757002796003
0.163492226678909	0.044044738586646
-0.358479395631051	0.15232415518662
1.34301841744802	0.788704518056328
2.7258377962536	2.20400579451815
-0.549588025379477	0.144138904810768
0.199660581380647	0.0433122758858595
0.915318019020568	0.263922623604752
1.44271173475533	0.676117492547363
-0.058752196530869	0.019096296674455
2.89614844546491	1.91729451196891
0.243649672984509	0.0764742836878142
2.45176958518949	0.841449769742287
3.31527995477357	2.59472946572628
1.75471185856518	0.941380148652773
2.91736172603311	1.93930505191467
1.34702178900597	0.7079855141151
1.02014897749381	0.463662641228885
0.333538034550003	0.122760886431499
0.705777651141543	0.308825385173517
0.205561737379768	0.0441838774146192
0.684790101237121	0.263553390109299
-0.00668430474697839	0.00280200030643137
1.75931610176333	0.733095429495076
0.908148649268101	0.26198445808125
1.07878401387793	0.432142860294847
2.02255214658027	1.2201595205659
1.77736983538441	0.742093229737016
2.39775875299794	1.29587052514165
0.682652031285286	0.228407801711695
0.683090437699776	0.228431766982679
0.669501572235949	0.223838569535414
1.76182548377079	0.735239545395665
0.359666454479987	0.132175332495187
2.28018151034168	1.53029811657772
2.91771648568221	1.15252312484676
1.07095157017984	0.428818473386194
1.8103507186072	1.33008525661478
2.90827841061733	1.14708003600027
2.39351383605368	1.29184613503063
1.38248601554662	0.491066536373935
-0.298243338342598	0.0888649209209968
2.10291655741458	1.5527586505344
1.36009614541388	0.97496191307792
0.172141930104414	0.0459762515619496
1.32190524090523	0.691382119166728
1.39971224002831	0.49785141353806
3.56321850271678	1.75430275733671
-0.284672165916858	0.0851588772871711
1.83534611952938	1.2129512123295
0.164712869579257	0.0443121871062313
-0.479221369083488	0.18363105068468
1.07666701712925	0.431341675580183
0.208088282973525	0.044554233682967
2.66246549315008	1.60201964627201
2.67159886991754	1.610521711017
-1.05646570561747	0.339422980870141
-0.575959266308268	0.150202913360021
0.668253060497654	0.256615006388286
1.75355367060485	0.730143785985324
-0.0547063580791597	0.0179254859316405
0.387317617611261	0.142473883533799
0.364222701964369	0.133845229655904
1.06379239405887	0.425415712016981
1.40661676165183	0.654757869345488
1.39739858612762	0.496934278756061
0.911660611720513	0.263371621340662
0.187468605835015	0.04141071045087
1.0556788946429	0.421844650850454
2.40688770319377	1.3030467087258
0.893327858309595	0.258137021796653
-1.65371288524152	0.685423857260386
-0.307819054596212	0.0914527699091275
1.3636702857165	0.718994845044144
2.02635481511239	1.22341304186732
-0.310596453859648	0.0920837426475925
0.989695987929918	0.446775671381906
-0.55888165037327	0.146019049191659
0.921824610399643	0.265755741469354
0.204756590717357	0.0440408052662146
1.31672944772161	0.767914646186574
-0.565000228990759	0.147836672845567
1.39559632674966	0.496139071198923
-0.275639826283991	0.082654363540114
2.43961622041387	0.836769184993985
1.29363944013646	0.671850219096901
0.667973299835533	0.223589390189493
1.72665749194725	0.514015992250562
1.77383519060389	0.740746034447833
2.401671961519	1.29830101712471
2.00931386124577	1.20833096622021
2.89896851317136	1.14156400888801
1.76271459085892	0.735118738719892
-1.0513489862808	0.337847138889591
4.07880938097788	2.4118936188948
2.0764560468415	0.989569623450032
1.72402871819241	0.513373825324747
1.0907534809609	0.43757620666106
0.205561737379768	0.0441838774146192
0.185318321206265	0.0489335087463581
1.41239207165046	0.658053128606857
-0.275734201939887	0.0826813184500592
1.37270495641498	0.487535927805456
2.91423300626927	1.93538790165967
0.172618618008275	0.0460830870042928
0.242913189871462	0.0761305498113166
1.99907996848239	1.1990026807694
-0.279150056929458	0.0836472229614302
1.05639730571349	0.422117858086805
1.40706995920496	0.655229554332007
1.42126218292177	0.663517965383386
0.205561737379768	0.0441838774146192
0.686536055887006	0.229501764539986
1.33253158854382	0.859972832993722
0.347345615494511	0.143610817381266
-0.292431538166357	0.103331667725826
1.76266616893112	0.735090202637704
0.659969723833758	0.22073480452832
2.4483134540998	0.840541819013097
2.10720216872865	1.55883188952296
0.901720616063008	0.260095467165507
1.70583128514342	0.906190687626821
0.763735728386189	0.420745262280843
-0.859221162320494	0.333482288303427
-0.310596453859648	0.0920837426475925
1.73655392933207	0.928192447989861
0.990440792710184	0.447118894433463
0.205561737379768	0.0441838774146192
2.10794914759699	1.00980437821101
-0.326025973096073	0.0962221440672339
1.85265705192081	1.22986652307112
4.28445432856831	2.74219301972971
1.88546280743097	1.26127574224826
0.63000712838316	0.241079125385744
2.09171472149403	0.999275811644764
2.24667360459714	1.49742204895979
0.69096870942265	0.231048868043151
2.074443921041	0.987898360587514
3.55154185738699	1.74591014244481
0.722300022132538	0.31687429850319
-0.55888165037327	0.146019049191659
2.09854407465172	1.00363736255297
0.205304778479139	0.0651182170575631
1.0707599967962	0.428304191192394
-1.46556636079729	0.39889055417079
0.180315924045662	0.0478066702574292
1.37558935632313	0.489060937437241
3.2833312885705	1.46611990793056
2.37120767596528	1.27464048021461
0.658376177824388	0.252792136950076
0.154913961587761	0.0421042625136645
2.39384947900438	1.29288498375225
2.38511814817332	1.28596893426868
2.67139862511301	1.60997263552063
-1.09788618631353	0.353731864778396
2.07998395440139	0.992340851335833
2.645469632369	1.58606208005677
-0.556695510417587	0.145720699864662
1.41098592597843	0.657899538442011
2.91488688463889	1.15100414083562
2.09732823469476	1.00229790730105
1.73613339990668	0.92828556246999
1.0556646700484	0.421702481443309
-0.473199998025463	0.18200523305513
1.38547624122001	0.492221548058075
1.39258193627448	0.495197582069264
0.187534552195979	0.0494421831048262
1.37980134392203	0.490495849580318
1.3726881258282	0.487534212258015
2.00949274864941	1.63014955786989
-0.0639267380980342	0.0205486036956714
1.39026582301669	0.494298341784791
-0.625436571108087	0.216273356026615
1.72402871819241	0.513373825324747
0.694431548999718	0.232314723385403
-0.0673957756720004	0.0215871816536072
0.22810763358012	0.0718863917647711
0.165016980071288	0.0443593586963327
-0.0802225162510298	0.0253170697328077
2.5239498513181	1.87095177683106
-0.600711576151896	0.207799416691199
0.195880525766074	0.0426453207559659
0.99039163773991	0.446496465854018
2.68027455314303	1.61838768626517
0.196315155888877	0.0427978646049216
1.72402871819241	0.513373825324747
0.702141610987775	0.307126336743198
1.06950553657557	0.427929560998139
0.228511156169644	0.071804032729532
1.40988794539106	0.657032408160688
1.75396464978124	0.730590510503128
0.364222701964369	0.133845229655904
1.7817391805359	0.745005111153672
-0.0854253533101329	0.0267988582723328
1.75931610176333	0.733095429495076
3.15324627381489	2.29724960616696
0.915318019020568	0.263922623604752
1.08498883689243	0.435101894623599
1.43024290119433	0.669650446378061
-0.565000228990759	0.147836672845567
2.39799105624758	1.29604173002723
-0.55888165037327	0.146019049191659
1.41092401664618	0.658587600664497
1.40706995920496	0.655229554332007
2.9102843477599	1.93119733527581
2.08461067139766	0.994824464533218
1.71838037692335	0.512092496146657
0.239226857357396	0.0750081264787135
2.09492301347315	1.00077708922946
2.08221389286219	0.993901362497794
-0.30709378819044	0.0912559149429667
0.199660581380647	0.0433122758858595
1.33562222565592	0.782596171788196
1.38545837834875	0.492219504116298
1.72879825628199	0.922337542393182
0.230992937256442	0.072671397672911
1.04110841286718	0.415323962063931
3.82877106041862	2.06906516969353
1.05884682043448	0.543963426492972
-0.290172480232866	0.0866608763690696
1.7772138808229	0.74200364184831
-0.553958654260902	0.145182611160989
3.8144768626855	2.05520542791873
-0.60508546506188	0.251072316623112
0.910807770799633	0.262737230399533
-0.0947144780067616	0.0289786970004852
2.09054701256003	0.998822052600212
-0.0298669617316628	0.010080718645798
1.07182374819179	0.42918838825004
1.39297854197316	0.495469142243549
-2.70586409134541	0.958513971894066
-0.549638443779565	0.144154566527545
2.08448560220228	0.994743736476529
1.39258193627448	0.495197582069264
0.180315924045662	0.0478066702574292
-0.296420467222294	0.0882878370113901
2.68076184145061	1.61881064609522
1.39972857201292	0.49785287169011
0.171886235959321	0.0459106029405569
2.36419615625513	1.26864663417104
1.61964645025008	0.965785850327254
-0.562262366874053	0.147296690051847
1.39557961180183	0.496365775816694
1.37861220875149	0.489998518007766
2.10581004156324	1.00804315738564
0.160505292207515	0.0433777347361025
1.71838037692335	0.512092496146657
3.84088248108533	2.07820442604645
2.25718867334165	1.50728806411479
-0.565000228990759	0.147836672845567
-1.04492031366898	0.442178439428215
1.38545837834875	0.492219504116298
1.42483250624676	0.665349095885143
0.648956235283386	0.248762271034151
2.92438485477444	1.156147471729
-0.549638443779565	0.144154566527545
-1.26241912060732	0.601224614370506
1.52896631465658	1.21240565154096
2.08244330412006	0.993420529815253
0.739820123757366	0.325743243227705
2.44567166971443	0.839453219846175
0.368770488651158	0.135480655211015
2.23473769988419	1.48427956557935
-0.157648101741156	0.0588509177466002
1.43249253354555	0.670396702484728
2.66214505879504	1.60174645901959
1.44271173475533	0.676117492547363
2.28095919519759	1.53131087690392
0.739006749535859	0.32509024292127
1.60940752123611	0.956996535448586
4.27300146894094	2.72861082972577
-0.0156584889087115	0.00546317153452027
0.159826616761533	0.0431779029725108
1.72769149618548	0.922360488986547
0.718148730856749	0.315406790277184
0.199660581380647	0.0433122758858595
-1.02539712991897	0.430978689198192
2.0764560468415	0.989569623450032
1.36731836422265	0.807802678380863
3.27016636624633	1.45724800636443
1.01687817239424	0.461371304375139
3.26310413052701	1.45333946698961
0.355725174233016	0.130650837012098
0.527600131286754	0.225315580470125
0.664229390792417	0.221891790168857
1.78161679118836	1.29889151272258
2.38227160460605	1.28469201246508
1.40272851054165	0.499012480580187
-2.20131061198549	0.675574843790802
1.0671368633528	0.426658214795582
0.231117956713234	0.0727088244452258
0.921824610399643	0.265755741469354
-2.72255744124352	0.967650203505477
2.43961622041387	0.836769184993985
0.899765603237419	0.260024823460973
2.90516868964563	1.9268381030137
0.915318019020568	0.263922623604752
0.653994852670135	0.250819314642062
1.32921980051576	0.696280615715444
0.517563128363355	0.246750132123888
-0.139262541864926	0.0524414196520638
1.17314822443521	0.751745982259594
4.07129894895192	2.40309687787822
1.75954429311565	0.944247762593916
-0.303838316095645	0.0903546149865541
0.385720116358455	0.142005917296776
-0.896432534274016	0.348622967491381
1.90020912730981	1.2747442458697
0.196315155888877	0.0427978646049216
1.76266616893112	0.735090202637704
0.645529671126114	0.24739239794115
1.38248601554662	0.491066536373935
-0.558348061499499	0.146135797280242
-1.42143227654439	0.530097293201823
-0.0765078842307527	0.0236345155983114
-0.640763376223757	0.22201723758805
1.71838037692335	0.512092496146657
0.222337753373248	0.0699047989989705
1.72664583622157	0.514027439791968
0.184506730859797	0.0487417923755395
-2.71011261153659	0.959781838355434
3.56321850271678	1.75430275733671
1.72664583622157	0.514027439791968
1.75490758178519	0.730788790484642
2.44834859745442	0.840528199577986
0.921824610399643	0.265755741469354
3.27922726773361	1.4633502643727
-0.300902292623417	0.106134880132159
2.91488688463889	1.15100414083562
2.38700821935997	1.28761610652612
2.4483134540998	0.840541819013097
-1.46556636079729	0.39889055417079
0.668036332371809	0.256525412734318
-2.71821582035218	0.966213469185023
2.91488688463889	1.15100414083562
3.82888864503241	2.06827257768011
1.72665749194725	0.514015992250562
0.188178366722201	0.0414674909431667
0.92003140509787	0.265333979478402
-1.46556636079729	0.39889055417079
3.83301882980968	2.07184038545602
-1.46754137571983	0.399241075338394
2.65754560241268	1.59748502914612
2.70277530973984	1.6381788611313
0.202198391670494	0.0436656035177294
-1.40006092344507	0.520919163563197
-0.058752196530869	0.019096296674455
2.07602502174548	0.989872195749746
2.40137333929722	1.298727131986
-0.314027207243201	0.093045575987002
-0.313467823234839	0.0929728017706251
0.195923847427482	0.042652530602415
2.44567166971443	0.839453219846175
2.08687180288968	0.995840966043941
-0.274505314580824	0.0970213830497628
0.675202385974488	0.225674647305293
1.03585109550545	0.471745445075046
1.40274440558796	0.499243938315738
-1.05139365222271	0.337625068809831
3.26909842045239	1.45753652807612
1.01629608435219	0.461153845069386
0.902425948558069	0.260776504921945
0.912597447073333	0.263157043298413
-0.485005789828978	0.186641789049392
-0.287371764119892	0.0857960566198628
2.4483134540998	0.840541819013097
-0.307774197479135	0.0913628677098564
2.08232066777183	0.993341385977143
1.39258193627448	0.495197582069264
1.05904170564614	0.42278740114866
1.37260374681986	0.487696492713787
2.6894982180942	1.62625879855305
2.90827841061733	1.14708003600027
-2.22878668129533	0.687215235149269
2.89896851317136	1.14156400888801
-1.41628778471444	0.527688882055627
-1.06803950864542	0.343420402348576
2.20165112392924	1.9703009326275
0.540823227800629	0.231783984862158
-0.475222047056548	0.183149374675734
0.899765603237419	0.260024823460973
-0.286974240436354	0.0857853046400139
0.736045851903807	0.324022209932468
2.08591591043052	0.995653239553386
0.106967732646946	0.0416473835483957
1.75157325264744	0.72908452782451
3.28638063920881	1.46778961483254
1.04923615129236	0.419015599559639
-0.288122920487252	0.0860808356526595
2.44567166971443	0.839453219846175
3.26610537788351	1.45572874939348
-0.0621966490969329	0.0198725937426522
1.62958588308399	0.972697983348059
1.74386805742768	0.724791639516812
-1.40560598461579	0.523218840236611
0.639949301102751	0.244951965301791
2.26254020914093	1.51268690369374
1.06730544773054	0.427159838008875
-0.325304489601061	0.0961291754962823
4.48939384801363	3.10515892416292
1.6043023233902	0.95272053997879
-1.05648949541261	0.339409874979967
3.84453748990437	2.08172146404308
4.30457245787792	2.76622530287488
0.937211253535388	0.527547786650023
0.248609906656177	0.0778029618895605
0.653530408558927	0.251250142594794
0.2122871910438	0.0675131438552088
1.37088255737528	0.895020154169616
2.28687538702766	1.84473980077246
-1.65981160581395	0.689135823128313
2.51603696514133	1.86156644119211
-0.0766106949079694	0.0242313820543097
0.667084594657874	0.256236793609392
2.45442904372326	0.842929862158112
-0.302117739358691	0.0898012155252206
-0.562313153317888	0.147312602906664
0.199660581380647	0.0433122758858595
1.38692346903873	0.49313742565214
1.6136445137511	0.960299879621369
2.37973949139537	1.28176553622523
1.32343547638143	0.773333522324967
2.08652858597093	1.53458713836828
-0.0921867643262141	0.0284939478020203
0.906151326926563	0.261259737108879
3.5483030024599	1.74351337995961
0.671783008731121	0.224523528358971
0.208088282973525	0.044554233682967
0.345805185545285	0.143653230525461
0.143393213078971	0.0505472526708313
1.03724158785987	0.660798048196655
1.34427467151305	0.789307378795228
1.08008129294285	0.432338449414612
0.196315155888877	0.0427978646049216
-1.66534691861143	0.692044342245821
4.08699657121668	2.42057811596567
0.675156152037975	0.22565754625012
2.91493124431159	1.15099278421732
1.43720917145551	0.673445411371028
1.71525365016149	0.91304067115333
3.56217304695275	1.75356860451488
1.08343277449304	0.43405914409849
1.0032192624046	0.453558397586712
0.345306862212564	0.127480578934647
0.649562586933	0.249141431140864
1.03026201180571	0.468519146014325
-0.279103788614289	0.0836339313174652
-0.077990739644235	0.0245803985947901
1.09062725718876	0.437713933028082
0.89762939669076	0.259684060269182
2.91767215080868	1.15195328733466
2.37115334976434	1.27511785828155
0.237362289692375	0.074585388630677
2.90551789185603	1.14556900793857
4.27328296708526	2.72893487859613
1.64450693747071	0.985373579732014
0.205561737379768	0.0441838774146192
0.658526731390681	0.220060854684016
0.638130092822145	0.244535474337426
0.243092209697241	0.0762411573006539
0.146382515946992	0.0402248473197615
0.686487174778602	0.22957980027577
1.37980134392203	0.490495849580318
2.1002729915794	1.55082561115303
1.99510644132647	1.19527967857243
0.921824610399643	0.265755741469354
0.666133301211789	0.222708402316138
-2.20452069372124	0.676749531450116
0.546117237910985	0.234084821133931
-1.05358933464413	0.33872103827442
2.08822252927159	0.997024771965125
0.20471393630254	0.0440337263228802
2.26855328056969	1.51734755224503
-0.313953141903307	0.0929803136803504
-0.891209735154683	0.346400693223953
0.257854234066382	0.0804831961137261
0.663481936678235	0.254525794395999
2.07885463546249	0.990791062375455
3.58047582984061	1.76700315186199
2.89896851317136	1.14156400888801
-0.0714190009700818	0.0227613999535243
-0.560023089872052	0.230349358953368
0.385098163787584	0.199440397560351
3.57401945763771	1.76275547531171
0.00553605800916629	0.00111713999304536
3.81786006711318	2.05881896391186
3.28636755859253	1.46779915363749
3.28941175437922	1.46860953231239
1.76612122420627	0.736517957467052
2.47555442197609	2.18107863674264
1.62507858974695	0.969213127882783
1.62292788123977	0.967731627285533
2.51748569082161	1.86352554644636
1.38545837834875	0.492219504116298
1.74005603338849	0.931477402678029
2.10300852210992	1.00548837323705
-0.0797303035582075	0.02481047848975
2.27422723390625	1.82719535169346
1.1089801572102	0.636145608664995
1.99031076535069	1.19196180524654
0.73080896046043	0.320970288382767
-0.279189890596118	0.0987523818978303
2.01464531310692	1.64034612187824
1.17895423964596	0.757141835383991
0.376586566719669	0.156684157838482
0.626773526491114	0.239838602139795
0.99947225914556	0.451926208338848
1.17690159491109	0.75617742638564
-0.649009038712552	0.224458070825472
0.999400624611899	0.451846759897333
3.28635452349004	1.46676370017261
0.211028607210491	0.0667465111931749
0.915267467236802	0.263914073443303
1.0966510984311	0.440514701924932
0.199594536549786	0.0637519974217838
2.45442904372326	0.842929862158112
1.05559309209925	0.421419368249449
1.34320454007035	0.706000112812334
-1.0615597697243	0.341093221319588
-0.305751602938909	0.107568966141551
2.00731487219447	1.6257360839623
3.55895493620897	1.75203607094021
2.3023822960859	1.86490219216287
1.32418149327115	0.692886572967539
1.02151806043174	0.463623462894146
2.65363573679875	1.59401282558185
0.938972097357902	0.530006814162015
3.14612276689028	2.28762866585937
1.38545837834875	0.492219504116298
1.76768171139532	0.951049490232415
1.41120556675479	0.658026534328907
2.66246549315008	1.60201964627201
2.09396320894315	1.0011830226404
0.106967732646946	0.0416473835483957
1.19016782652422	0.767099345475756
0.364521727098688	0.133956677749059
2.72962627952877	2.20766198484037
1.43743225930488	0.673289780871548
0.671783008731121	0.224523528358971
2.08379833001382	0.994842104592303
2.09383725457669	1.00065411366166
1.88552589985405	1.26140453613436
0.217143594407573	0.0686120109302786
0.152333192436397	0.0415232974103919
1.74579979567988	0.935242340465103
-1.41775409261883	0.528669717214252
1.00369240608405	0.454048830224718
-0.609158398920802	0.210864854245956
1.71838037692335	0.512092496146657
-1.40114272103779	0.521328531307491
0.961971558586895	0.546032869329656
1.32027341778627	0.6899694046775
-0.649680333344348	0.225057686847205
0.538086673307825	0.230498257049307
0.883952382489612	0.551537064705024
0.529300625759465	0.226396688379394
0.659969723833758	0.22073480452832
1.32190524090523	0.691382119166728
1.51965981415102	1.4605025377464
2.09758253416694	1.00306881864091
0.224865135253605	0.0707281274482377
1.07914588426441	0.432705181035229
1.10072613867048	0.630438472697924
2.91708358751763	1.93938046800361
1.0812000187203	0.433411109406381
1.06379239405887	0.425415712016981
3.28334481162405	1.46534615851461
1.7150932080374	0.912886995021668
1.0556788946429	0.421844650850454
0.671783008731121	0.224523528358971
2.38511814817332	1.28596893426868
3.26908338806269	1.45678296110119
0.188178366722201	0.0414674909431667
2.45176958518949	0.841449769742287
1.10254813586729	0.443059401028932
2.91874144340492	1.15180916074423
1.41446616217234	0.660186117053229
1.42474329166244	0.665590613112937
1.76266616893112	0.735090202637704
-1.68321649782674	0.699933088831725
2.45442904372326	0.842929862158112
2.41557774195009	1.30952991995572
0.163492226678909	0.044044738586646
1.39972857201292	0.49785287169011
2.08244330412006	0.993420529815253
-1.04923748026572	0.337110470489464
2.64506163199095	1.58498809351401
2.41081459356216	1.30606057795593
0.906151326926563	0.261259737108879
-0.640057390795994	0.221114279388086
4.0588318326328	2.39002452109041
1.06137676746378	0.424207182069452
1.78513490822613	0.746684677392543
2.38889726884007	1.2884501790296
0.204756590717357	0.0440408052662146
0.663336852365455	0.221861994107979
0.708213896736431	0.310315293921342
0.231499475794802	0.0729612951849995
1.43397196584569	0.670964319817609
0.924469195483338	0.266423091240108
1.3929497087212	0.495155845399409
0.64934400979849	0.249051843557795
1.74386805742768	0.724791639516812
0.908148649268101	0.26198445808125
0.994794637446828	0.449537076039455
2.92573587458218	1.94762973445859
0.362827746115365	0.150797424064045
3.25904938664935	1.45089842575752
1.7817391805359	0.745005111153672
-0.724642262913929	0.319069711332062
2.39638420726403	1.29415780986383
2.65722398023271	1.59641801303787
0.204836913864172	0.0651879627101967
3.28635452349004	1.46676370017261
0.671194171499172	0.258172235326361
2.10581004156324	1.00804315738564
-0.549588025379477	0.144138904810768
-0.552335012199188	0.144678456612124
2.29665688051796	1.54828605912625
-0.453876949574234	0.175121493408115
-0.861064280804179	0.333525944707848
-0.0864333464683303	0.0268884438785971
1.72804127172617	0.922538533161948
1.40274440558796	0.499243938315738
2.645469632369	1.58606208005677
-0.29578813560486	0.0882116684839374
2.03665000249314	1.23218131532831
2.29918517013798	1.55014924590828
1.76519883265068	0.736621797940704
-0.00226467310262027	0.00104541197474926
-0.576382344846406	0.15043977920911
-0.303349464245053	0.0902573552966827
-0.289027602679797	0.101691181910286
-1.84167898638146	0.828457384833151
0.646431125922283	0.216116751996155
1.07927570453139	0.432571298716309
1.13224514704799	0.65413673715402
1.07082409868839	0.428569888191259
0.547684159656803	0.23502025923515
-1.66508953259572	0.690925487762167
2.92434064150852	1.15557468669485
4.30517901152248	2.76817930247224
0.644302453417526	0.247074746027704
3.55154185738699	1.74591014244481
0.651474881606974	0.249917277581648
3.27924118008841	1.46229877184658
0.136762332963168	0.049574085263563
1.1726586092565	0.752549637736384
1.64369812617305	0.984887073712734
1.33326376632799	0.698962078477194
2.89730673357692	2.52951506406902
1.42126218292177	0.663517965383386
1.07314442330609	0.429735777855557
1.02151806043174	0.463623462894146
-0.0774050461354077	0.0242831048289601
2.03992735401643	1.95033443456524
2.37600613128154	1.27845150377986
1.73685969686651	0.928759931275441
0.998385128410906	0.451195198226414
1.32080300609077	0.690693018021055
1.80963476042262	1.32926801033419
0.847120970835498	0.42462506949627
-2.70937242333718	0.961490597147355
0.735795842706642	0.323651017409947
2.37138462558887	1.27529838147019
1.02022343845483	0.644647058154601
0.514772656289401	0.219722014616292
3.82125069959729	2.06090653988338
0.839413661595418	0.42066264814266
-1.29760710182462	0.816617076297371
-1.41216828346745	0.526107785802114
0.211028607210491	0.0667465111931749
-0.475868624440607	0.183759909960228
-0.0766106949079694	0.0242313820543097
1.40576821535676	0.500196841629125
1.4297353185423	0.668537036752761
3.38389208274648	2.68790424268722
0.692221603806191	0.231554051840086
0.153639468712355	0.0541355926807288
1.14236285888372	0.660956022840725
1.9913586094144	1.19260117316129
-1.04621110690196	0.336165192535253
-1.05139365222271	0.337625068809831
0.679653114219625	0.227181883175313
1.07878401387793	0.432142860294847
0.165016980071288	0.0443593586963327
-1.39984472077785	0.520661123325473
3.55154185738699	1.74591014244481
1.05870485065886	0.423359282622563
4.098561918652	2.43225732606346
1.64044347223452	0.982328034613034
2.4483134540998	0.840541819013097
3.82536634175606	2.06542098396924
0.178943008181812	0.0794320229502663
4.71847817118285	3.54427988891673
1.73267176933946	0.925379791400822
1.74291123433662	0.724974229337115
0.205561737379768	0.0441838774146192
1.77731775736724	0.742549867568003
0.683042523889567	0.228414048266896
0.162442133524232	0.0437962799435881
0.646664355085335	0.247560855118348
1.38248601554662	0.491066536373935
1.05714431426862	0.422594571304592
2.66278613463672	1.60150981090342
-1.06079889831805	0.341092805238213
1.3726881258282	0.487534212258015
1.76846605007545	0.951576127275842
1.08901852614657	0.437241169781656
0.208088282973525	0.044554233682967
-0.292562777536825	0.0873256919566233
3.1456390680073	2.28774435282953
1.07215962770517	0.552180051903283
1.4386770711553	0.673724133932633
1.38725996190371	0.493134041662893
1.7628593062874	0.734770246460201
1.43695465968428	0.673406312919892
1.39557961180183	0.496365775816694
1.38727744289309	0.493135957861707
1.0825544293637	0.433671310884445
0.208088282973525	0.044554233682967
2.45713066693921	0.844016359639868
1.09095270270528	0.437980243887679
-0.311156779659389	0.0923095751831279
2.39361896220789	1.29218799147153
1.41952821396956	0.66252437608521
0.715318834507118	0.313671390742424
1.54616693464281	1.11735021458721
2.27434447387548	1.5252175456547
-0.28621928012883	0.115121361150745
0.776917574711905	0.522604389104291
1.03905609531992	0.472983943454885
-0.305602956931962	0.107590680143907
1.56119784991392	1.02360370704801
-1.04623082826136	0.336174901762473
0.912597447073333	0.263157043298413
2.44834859745442	0.840528199577986
1.39972857201292	0.49785287169011
1.39972857201292	0.49785287169011
0.906151326926563	0.261259737108879
0.64883612891678	0.216979292213366
1.40038798087575	0.651569728738181
0.22893468950324	0.0721090333031653
1.02966758851358	0.468004005598972
0.673995039992328	0.225358656301781
-0.0182915169686462	0.00629119207554979
1.7237048320603	0.919003821449801
-0.314658149771429	0.111152990380976
1.01730081995895	0.461153737411094
0.917347332724012	0.264571103399029
-0.059649827498849	0.0191380339497711
-0.300194633475668	0.105302929878243
-0.00509376885549809	0.00218645070400426
-0.302131732833623	0.0898176403803694
0.165016980071288	0.0443593586963327
-0.303349464245053	0.0902573552966827
1.39297854197316	0.495469142243549
1.30731615344284	0.681249995554666
1.07927570453139	0.432571298716309
1.34664549799569	0.791432269588418
-0.463339850865477	0.179131149967176
1.59784892258123	1.05682028426659
1.85908587844601	1.2355904331803
2.91488734308821	2.55564317040646
0.355634973898546	0.147384861094992
0.162210580825149	0.0572864775015338
2.91776082824986	1.15193094411066
2.03543483082166	1.23114614890016
0.208130289751052	0.0445612068776082
0.682545150761639	0.22836869112364
-0.0065528251651137	0.00270134136600089
0.741401483421576	0.326589777614789
1.38725996190371	0.493134041662893
0.924519625006435	0.266522920108041
2.73147450097924	2.21138581761626
1.02936059863507	0.467844640610119
0.21888146607411	0.109131537000843
0.658976732752413	0.252769091866806
4.52461429956177	3.15502369369252
2.44567166971443	0.839453219846175
-0.797670047657889	0.369464588763443
1.4210472928817	0.663393200086933
2.39304171856081	1.29262021088984
0.241366534324748	0.0755825326900533
1.34213766805514	0.704292974970014
1.75512937756533	0.731764400388567
-2.20131061198549	0.675574843790802
2.91493124431159	1.15099278421732
0.652144276386616	0.218007688159233
2.10581004156324	1.00804315738564
2.91493124431159	1.15099278421732
3.56972479265114	1.76059839007616
1.74579979567988	0.935242340465103
1.77731775736724	0.742549867568003
3.2691134975973	1.45676655530423
1.78853710567805	0.747959852888994
1.39258193627448	0.495197582069264
-0.0125251066403501	0.00475165859279018
0.199660581380647	0.0433122758858595
0.199660581380647	0.0433122758858595
3.26908338806269	1.45678296110119
0.669547790070559	0.223855623975965
0.245981440170419	0.0769582113452547
2.09248172962108	1.00079154734335
1.74727066667551	0.727243316298516
0.906151326926563	0.261259737108879
1.31683469971889	0.688330649416375
2.90551789185603	1.14556900793857
1.71838037692335	0.512092496146657
0.687562881314414	0.229773894975529
1.42239558059349	0.664278956336174
1.74733170633061	0.727786029291759
2.08244330412006	0.993420529815253
0.915318019020568	0.263922623604752
2.44834859745442	0.840528199577986
1.72665749194725	0.514015992250562
-1.06620308418893	0.342965817880657
0.743449121220738	0.327431277060194
1.39258193627448	0.495197582069264
1.33962969648994	0.703819477213544
-0.640416129503358	0.221721062715262
-0.15943523762034	0.0592162372161791
1.19307437348923	0.76820330277882
-0.285242855080929	0.100384320518002
1.40001400553442	0.650534796584488
0.225390330130693	0.0710625469773121
-0.620238466663605	0.214851762811727
0.364222701964369	0.133845229655904
3.82865358910845	2.06806934423554
2.07885463546249	0.990791062375455
2.08234354012844	0.993536617280729
1.71973680535075	0.91618094472458
3.56217304695275	1.75356860451488
-0.301225637180588	0.106401515540463
1.75031900774016	0.93791434592445
-0.60837524598806	0.210364610365835
1.59741633270115	0.946363205028065
2.39752662063719	1.2949831546304
1.33032716351054	0.778692547363014
1.07890679271251	0.432199101979189
1.01227255778811	0.458936693457328
0.180683447672195	0.0637550471470006
1.09417108141425	0.439146045343994
1.03420909941852	0.470811074733624
2.65419439235457	1.59398879310137
1.770513002613	0.73911521710779
1.07914588426441	0.432705181035229
3.26608991492401	1.45573646702542
0.180334652339367	0.0478106473797875
1.31425511709052	0.686349405459245
2.90832288894759	1.14706883442003
1.75931610176333	0.733095429495076
1.39557961180183	0.496365775816694
0.667973299835533	0.223589390189493
-0.00651874386389773	0.00248426811457024
0.285141301528373	0.130674739643973
1.71838037692335	0.512092496146657
1.75507446207082	0.731732850539875
1.7237048320603	0.919003821449801
0.63843382722091	0.24454273749528
-0.292596402803385	0.0873350320881933
0.362908282749721	0.133909936860818
0.897578623663865	0.259675397379677
-0.294136664369745	0.0875951334882074
0.351728203592887	0.145608004031504
0.360282287687163	0.132533514597678
2.07885463546249	0.990791062375455
-0.620378865214911	0.214759703753463
1.4158871541906	0.6605145453688
-2.71366037927859	0.963507235303924
0.656666486137064	0.219704410170253
1.3801874459795	0.490172173913112
1.06950553657557	0.427929560998139
0.239952771844976	0.0753749134293631
1.65350504562293	0.992707913408826
1.33979732322964	0.703361816735395
0.664229390792417	0.221891790168857
0.899765603237419	0.260024823460973
3.56967891771929	1.75970398327778
1.39258193627448	0.495197582069264
0.196315155888877	0.0427978646049216
0.208088282973525	0.044554233682967
0.174889099808041	0.0466011835497983
2.09604780042678	1.0020181910351
0.67059755684815	0.224471695076876
-0.31011280695359	0.0920681438912792
0.668312029895394	0.22336922808744
0.516239226808121	0.219848519871454
1.40272851054165	0.499012480580187
3.27921340058014	1.46335938453018
3.55574281240124	1.74904562098681
1.75157325264744	0.72908452782451
-0.317372556291209	0.0938477340805863
3.56226151463511	1.75365296814151
4.06669747864551	2.3982264284716
3.26610537788351	1.45572874939348
-0.297540924890735	0.0885071927285707
-0.0585404852161418	0.0190348985127559
-0.333933141313993	0.0984103819871092
2.09035178211931	0.998526967079187
3.27620927747588	1.46151929297208
3.84806432828049	2.08586995435566
0.739006749535859	0.32509024292127
0.908924422609946	0.262601169518593
1.76182548377079	0.735239545395665
1.72402871819241	0.513373825324747
1.39557961180183	0.496365775816694
-0.0602052176403579	0.0194230968098203
-0.549588025379477	0.144138904810768
-0.326505342882002	0.0963821713250879
0.34787997792522	0.128292121516549
0.111820889466402	0.0404717964754306
-0.600830818395992	0.207843763746685
0.906151326926563	0.261259737108879
1.33156307862057	0.697987145447565
0.914619300557244	0.26369561215826
2.10191660741599	1.00581722578712
1.73952081122831	0.723475857850905
1.72665749194725	0.514015992250562
-3.5732102037387	1.66758708085365
1.73771179209809	0.928625792942191
3.13609256919748	2.27568948242772
0.915318019020568	0.263922623604752
0.196315155888877	0.0427978646049216
2.65861689116527	1.59804071001054
0.646431125922283	0.216116751996155
3.56977075964114	1.75979068321058
2.12156319781973	1.01800495390196
1.00811669043658	0.456413429398862
0.222818394976474	0.0701508489024141
-0.571538969396222	0.149182553096798
-0.846540044332945	0.327846383102583
0.174087570334974	0.0463804593576593
-1.64235923294463	0.679615321390789
0.652501121035226	0.218426547356647
-1.42880168316736	0.532904040714117
2.92434064150852	1.15557468669485
0.921824610399643	0.265755741469354
2.08809621258249	0.997393156666143
3.27726801831673	1.46068966543948
-0.310440637621948	0.109853841010634
0.526587219539026	0.251125458736037
2.3145667716315	1.56586200906019
-1.39984472077785	0.520661123325473
1.76846605007545	0.951576127275842
2.91210871999862	1.14894462063688
0.697799930251642	0.233225630493462
3.28638063920881	1.46778961483254
1.61480458855356	0.960783535845395
0.680819310444715	0.227748009463594
-0.0282379428958067	0.00917123106827623
2.90832288894759	1.14706883442003
-2.20131061198549	0.675574843790802
1.07878401387793	0.432142860294847
-1.0411155019997	0.334366938978704
1.28611166971554	0.666996531257805
-1.40535664263192	0.523201833324806
0.663481936678235	0.254525794395999
0.103901401378145	0.0404112270447837
0.170184199651161	0.0455102597114768
0.653283759213423	0.251149570605398
3.26909842045239	1.45753652807612
1.74727066667551	0.727243316298516
1.77393728942937	0.74080523066272
0.184506730859797	0.0487417923755395
-0.292241074534301	0.103408636542802
0.230992937256442	0.072671397672911
1.08498883689243	0.435101894623599
1.34493162125159	0.706638862793811
1.106113539964	0.444507529672316
2.91771648568221	1.15252312484676
1.7772657725191	0.742520128546194
0.663026771589623	0.254567497724721
1.39557961180183	0.496365775816694
0.187516582106475	0.0494383766804619
0.240185741993061	0.0752570600879906
0.906822097465917	0.262270642143547
1.39256483421105	0.495195831360944
1.72664583622157	0.514027439791968
-1.05132890273208	0.337837283120436
1.39028291728355	0.494072914686244
0.671691629672308	0.22459104803171
3.26610537788351	1.45572874939348
2.11371505412769	1.01353693642233
0.208130289751052	0.0445612068776082
1.43945695118784	0.674789263053437
3.56649069111218	1.75758098854351
1.75507446207082	0.731732850539875
-1.46556636079729	0.39889055417079
0.672085675093466	0.258301788788476
-1.05213136567428	0.446196048677496
-0.0720582332736341	0.0225628046484725
1.63121359265266	0.974360409324694
2.90832288894759	1.14706883442003
1.36850197388475	0.486102920649087
0.172141930104414	0.0459762515619496
1.03140669879934	0.525775504240481
0.906151326926563	0.261259737108879
1.74664637992738	0.935764676985439
1.31217760750343	0.684571949217706
0.70374203728598	0.307805280221009
1.76266616893112	0.735090202637704
2.37504895229416	1.27807043437507
0.981720511243108	0.443038376880543
2.91776082824986	1.15193094411066
1.77651584363199	0.742199895497951
0.373295374955908	0.137140553547066
1.0671368633528	0.426658214795582
-0.286974240436354	0.0857853046400139
1.00299937240527	0.453826202837793
0.69790279773561	0.233397477907166
1.7772657725191	0.742520128546194
1.02513240896185	0.465544934732974
1.00361197916689	0.454244270770272
1.39741486104157	0.497164782563706
0.902425948558069	0.260776504921945
1.41573678374435	0.660567110587147
1.77393728942937	0.74080523066272
3.56649069111218	1.75758098854351
1.39026582301669	0.494298341784791
1.39640058606098	0.649240079600611
2.88460582029188	2.51253436749787
-2.71389264192226	0.964179620991658
-0.612695794036923	0.21217019076725
1.75062958306834	0.72911962775107
0.187534552195979	0.0494421831048262
1.07666701712925	0.431341675580183
2.02538958568778	1.22153892188538
0.776210238793919	0.427515546384406
-0.567097066778424	0.148548092076695
-0.571538969396222	0.149182553096798
0.159448874858613	0.0431285659618798
2.08850076841537	0.998296561308941
1.76805416025174	0.737769143612369
1.37543780329452	0.488077804570456
2.04870303092946	1.24222679600234
0.254284235189305	0.0794453940672214
-1.46754137571983	0.399241075338394
-1.46754137571983	0.399241075338394
1.72665749194725	0.514015992250562
2.43961622041387	0.836769184993985
1.75355367060485	0.730143785985324
-0.294235024159454	0.0876651879596146
0.998710932775683	0.451774340881975
0.901404731776287	0.260636052892095
0.683090437699776	0.228431766982679
0.679191328030284	0.22724498722169
2.45442904372326	0.842929862158112
2.1055510446396	1.00849917927828
-1.04821780318707	0.44417814318685
1.38693874860014	0.493138548264775
0.20471393630254	0.0440337263228802
0.172601761612573	0.0460655425028584
0.20471393630254	0.0440337263228802
1.76177160357666	0.734855893090464
-0.566710995629722	0.148320946109448
1.40274440558796	0.499243938315738
1.09050114756657	0.437461242160714
-0.307819054596212	0.0914527699091275
0.188178366722201	0.0414674909431667
1.38957458135007	0.493821378507415
-0.284718425050904	0.0851722059912993
2.37578880147198	1.27828300899486
1.4424893859302	0.676274603130805
4.04395837182084	2.37359776609158
4.28101317828962	2.73829501198334
-0.631614497819507	0.218579068216143
0.663481936678235	0.254525794395999
2.43961622041387	0.836769184993985
0.211394720675653	0.0669388139840229
1.9913586094144	1.19260117316129
2.48399916911032	1.82426043264954
0.648956235283386	0.248762271034151
1.39440834551693	0.49578059753911
1.75157325264744	0.72908452782451
1.07526712720017	0.430388498097968
0.908148649268101	0.26198445808125
-0.275687060281398	0.0826939690244633
3.26908338806269	1.45678296110119
2.43961622041387	0.836769184993985
0.217982578491824	0.0691481338738298
2.91493124431159	1.15099278421732
3.27620927747588	1.46151929297208
1.78524244450656	0.746257243906127
0.915318019020568	0.263922623604752
1.38279184561893	0.491656853905118
1.07878401387793	0.432142860294847
2.35899840755634	1.26461551908783
0.741557590213838	0.326539539713979
-1.42192559564052	0.530230412250847
1.07314442330609	0.429735777855557
2.92438485477444	1.156147471729
1.08132524292082	0.433468517234334
2.44834859745442	0.840528199577986
-2.20131061198549	0.675574843790802
0.666133301211789	0.222708402316138
0.199660581380647	0.0433122758858595
-0.553958654260902	0.145182611160989
2.08448560220228	0.994743736476529
0.662157833194385	0.22164815477733
-0.308978324329468	0.0917900248118583
2.09035178211931	0.998526967079187
2.45446436525245	0.842916202981294
0.155953120471443	0.0553323389556047
0.70174540031376	0.306933154537561
-0.286940431421599	0.0857759418120604
0.199660581380647	0.0433122758858595
1.71838037692335	0.512092496146657
-1.05139365222271	0.337625068809831
-0.279150056929458	0.0836472229614302
2.09841704355149	1.00355500904501
3.26310413052701	1.45333946698961
-0.549588025379477	0.144138904810768
0.208130289751052	0.0445612068776082
1.72664583622157	0.514027439791968
2.38830936707104	1.28803746559691
-1.06394273062867	0.342144349797171
1.62197003903147	0.967433180684971
2.45709514677168	0.843701380989689
1.76271459085892	0.735118738719892
2.91788745847324	1.93932148405935
2.45442904372326	0.842929862158112
1.06950553657557	0.427929560998139
0.897578623663865	0.259675397379677
2.40160988871254	1.29890166764127
3.27318434966019	1.45987088217078
1.03420909941852	0.470811074733624
3.84806432828049	2.08586995435566
0.697799930251642	0.233225630493462
2.44834859745442	0.840528199577986
2.28591459143622	1.53677590644263
0.702870540175759	0.307907887946431
0.158183786820718	0.0428514673082041
2.51493298621799	1.86037983664128
0.355432192795002	0.130786946633614
1.37543780329452	0.488077804570456
1.39972857201292	0.49785287169011
3.26608991492401	1.45573646702542
1.40274440558796	0.499243938315738
0.166936128032523	0.0447866169980702
2.38971523300358	1.28907548475192
1.01085338595399	0.45819828540952
1.72665749194725	0.514015992250562
-0.0952555264200731	0.0294729484362512
0.683090437699776	0.228431766982679
1.38248601554662	0.491066536373935
1.40706995920496	0.655229554332007
0.190695010497311	0.0418340508511931
4.28129806246568	2.73862359469149
2.64984709837237	1.59026989976568
1.99907996848239	1.1990026807694
2.89987370903828	1.9203680881293
4.50970712649646	3.13330805378385
2.65203540344183	1.59307041794931
4.31353717056887	2.77802826179291
1.62469521756394	0.969214552102205
1.88777881034113	1.26394909030769
1.74549051560052	0.934670415377358
0.350877292292153	0.129117201101097
4.07151042248906	2.40332242395071
1.74386805742768	0.724791639516812
1.71838037692335	0.512092496146657
2.07087125864236	0.985611875361845
4.71368209685618	3.53702708986347
1.42661369943849	0.666851691404303
3.84426974922135	2.08147251945329
2.91493124431159	1.15099278421732
0.906151326926563	0.261259737108879
1.44630627729079	0.678473918534536
0.899765603237419	0.260024823460973
2.2678153865464	1.51843163206857
0.671691629672308	0.22459104803171
1.770513002613	0.73911521710779
1.33510253765994	0.700292219106995
4.3288542180897	2.79558961280443
0.921824610399643	0.265755741469354
1.16116031966153	0.740988517348118
2.26957151631317	1.52102674691289
1.43204943136795	0.669761381344097
1.80530223138793	1.32551258819128
0.674659412509143	0.225763157149067
1.07526712720017	0.430388498097968
3.57726881742395	1.76601645158811
1.77046288364682	0.739085774074085
0.736190815267467	0.323965896236265
2.90832288894759	1.14706883442003
-2.00323808303151	0.960630171185075
0.351150381134944	0.128963892153136
-0.00387971867357729	0.00186768243806834
1.75931610176333	0.733095429495076
-0.620238466663605	0.214851762811727
1.06487826927243	0.425794621856675
3.28944979841544	1.46735986178547
-1.06620308418893	0.342965817880657
1.1639689810704	0.742564423909852
1.77594950607652	0.742014795788623
0.174906014150012	0.0466047565088505
1.42315254521834	0.66490424869045
0.888471756255203	0.257036137561661
2.92153744995923	1.15407818465564
1.44630627729079	0.678473918534536
-0.305905895483537	0.107700918125756
1.74727852378999	0.727755407864336
0.247039100213811	0.0772177346964532
1.72664583622157	0.514027439791968
0.683042523889567	0.228414048266896
1.71838037692335	0.512092496146657
0.399805239927038	0.147232632238764
3.27919957863163	1.46232569188403
1.75490758178519	0.730788790484642
0.185354182313861	0.0489411300621527
0.159826616761533	0.0431779029725108
2.09758253416694	1.00306881864091
-0.0559115865600045	0.0181795008319981
2.92728363751449	1.15629108008848
-0.068545301146485	0.021714067267158
1.06137676746378	0.424207182069452
0.202198391670494	0.0436656035177294
0.205561737379768	0.0441838774146192
2.90551789185603	1.14556900793857
2.36440702734713	1.26880947609551
0.720322092015996	0.315570833418881
0.921824610399643	0.265755741469354
1.75061451146006	0.72922626546094
0.224865135253605	0.0707281274482377
2.07087125864236	0.985611875361845
2.44567166971443	0.839453219846175
-0.0913411518183855	0.0279029791674469
0.667834514187836	0.223379760188729
2.66302375387074	1.6029269529052
0.73939704032265	0.325284095133902
0.221727556432281	0.069957976083727
-0.84790329727699	0.328250159814912
1.71912851706839	0.916077139296786
3.56649069111218	1.75758098854351
1.08708910830076	0.435939593229012
1.72408117097841	0.919239630774709
2.65683139622621	1.59693728610471
0.912597447073333	0.263157043298413
0.170184199651161	0.0455102597114768
0.187468605835015	0.04141071045087
0.697898853075695	0.30503745369378
0.208130289751052	0.0445612068776082
0.901720616063008	0.260095467165507
-0.600830818395992	0.207843763746685
1.37543780329452	0.488077804570456
2.09604780042678	1.0020181910351
3.26608991492401	1.45573646702542
1.72402871819241	0.513373825324747
1.38547624122001	0.492221548058075
-1.05139365222271	0.337625068809831
0.154913961587761	0.0421042625136645
0.217020531322814	0.0685754052822356
-3.77777798897229	1.85381647077243
0.641851560582502	0.246344640129104
1.7407446933573	0.931220953851419
0.659233300414323	0.252864175791814
2.38971523300358	1.28907548475192
2.40688770319377	1.3030467087258
0.665993328239866	0.256194502471087
0.911711426533657	0.263290287954357
0.920082414250368	0.265252082233154
3.24909639235388	1.44424220972449
1.41934056668664	0.662450172156458
-0.0896693293472011	0.0275005316068578
-0.449819631047108	0.173456484876751
-0.597151945641083	0.206494586624071
0.177324465825582	0.0471342222202081
0.199660581380647	0.0433122758858595
0.208130289751052	0.0445612068776082
1.72402871819241	0.513373825324747
0.915267467236802	0.263914073443303
1.72664583622157	0.514027439791968
3.56977075964114	1.75979068321058
0.196315155888877	0.0427978646049216
0.921774163847151	0.265747233383473
1.0556646700484	0.421702481443309
3.84011026469727	2.0775925472761
0.921774163847151	0.265747233383473
2.25590484944427	1.50647848682819
0.902425948558069	0.260776504921945
2.3846251800067	1.28510254599572
1.39256483421105	0.495195831360944
0.894916799465727	0.258924013894673
0.2274543977565	0.071600628538582
1.01231384415496	0.459067653838858
0.208130289751052	0.0445612068776082
0.682598544233423	0.228483971119609
-0.566710995629722	0.148320946109448
1.72665749194725	0.514015992250562
1.39559632674966	0.496139071198923
0.915318019020568	0.263922623604752
0.683042523889567	0.228414048266896
0.195880525766074	0.0426453207559659
1.72795105814345	0.922026593438166
2.39799105624758	1.29604173002723
1.44631000041798	0.678825078709689
1.40274440558796	0.499243938315738
1.05857604279704	0.423300858712971
3.83643897137894	2.07573852721349
2.44567166971443	0.839453219846175
-0.608353938654559	0.210500745768736
1.59100134127135	0.942062645099818
1.74727066667551	0.727243316298516
2.36049935998302	1.26574983535061
0.658251044134812	0.252481367310542
0.228391632407592	0.0717682523462766
-1.13340167390343	0.641185858452134
0.645529671126114	0.24739239794115
0.631487761399254	0.241706330163116
-0.556695510417587	0.145720699864662
1.37543780329452	0.488077804570456
1.72665749194725	0.514015992250562
0.664229390792417	0.221891790168857
1.31309693328163	0.765279568756976
2.68189831356064	2.14409877815075
1.75495432576142	0.730816424365007
-0.153690214226384	0.0574020383142965
-0.576382344846406	0.15043977920911
0.746051031871174	0.328818554752535
5.1658688141497	4.67330248127549
1.72402871819241	0.513373825324747
0.918050081830946	0.514940114628996
1.02574270267603	0.465866013957478
1.0164080608921	0.460842950393706
3.2691134975973	1.45676655530423
0.683042523889567	0.228414048266896
0.225265061354041	0.0710251442631123
2.36256423841677	1.26828911238705
1.71036310489817	0.909792849424561
2.4483134540998	0.840541819013097
1.13082409783675	0.652569448883013
2.33769453123602	1.91008639619193
1.38993607736237	0.6450796398723
0.234181565975846	0.0734295728679185
0.180334652339367	0.0478106473797875
1.08696413389759	0.435882187828599
3.14261721525331	2.28346356799423
1.00330664057398	0.454082778970817
1.33289045250595	0.698448078029142
1.76805416025174	0.737769143612369
3.15652624131078	2.30124563540381
0.187468605835015	0.04141071045087
0.902425948558069	0.260776504921945
1.41573678374435	0.660567110587147
0.645426344181411	0.247178561350129
-0.614746613769411	0.212903620622188
2.4483134540998	0.840541819013097
1.00781726281403	0.45674505344403
1.9782616553799	1.18119528136528
-0.270236951883253	0.0952271971929278
0.833454061181716	0.41616154342472
-1.05646570561747	0.339422980870141
2.89896851317136	1.14156400888801
1.76271459085892	0.735118738719892
2.44567166971443	0.839453219846175
0.187516582106475	0.0494383766804619
3.86355633886088	2.09817407542671
0.174889099808041	0.0466011835497983
1.38016920470379	0.490169965758878
1.71838037692335	0.512092496146657
3.56217304695275	1.75356860451488
0.915267467236802	0.263914073443303
0.917347332724012	0.264571103399029
0.158183786820718	0.0428514673082041
1.71838037692335	0.512092496146657
1.37978528414721	0.490494430759015
2.90827841061733	1.14708003600027
3.83631930953674	2.07474114477956
1.42400239016335	0.666233229331838
1.57109370375116	0.925027636731081
2.91771648568221	1.15252312484676
2.91767215080868	1.15195328733466
0.921824610399643	0.265755741469354
0.187468605835015	0.04141071045087
0.906151326926563	0.261259737108879
3.58807034578991	1.77208809268454
0.673995039992328	0.225358656301781
3.27318434966019	1.45987088217078
0.552398692722461	0.237197835632856
4.07065190990288	2.40248670652808
3.27619497272584	1.46229178166629
-0.635106084331618	0.219935482019633
0.64883612891678	0.216979292213366
0.182327940194625	0.0482741151528399
1.45847725545566	0.685484539289401
2.91210871999862	1.14894462063688
0.507246097239411	0.215566605937881
3.56967891771929	1.75970398327778
1.39256483421105	0.495195831360944
1.08015430061288	0.432627483366324
0.894916799465727	0.258924013894673
0.205561737379768	0.0441838774146192
1.73204242107368	0.925283073863075
2.39408016580545	1.29253918958529
2.67192324457325	1.61001492815338
3.55574281240124	1.74904562098681
0.836692936535702	0.418584568323372
-2.20131061198549	0.675574843790802
1.76182548377079	0.735239545395665
2.06774892770211	0.98451750498754
0.187468605835015	0.04141071045087
0.205561737379768	0.0441838774146192
1.71083985204222	0.909846582814207
2.10191660741599	1.00581722578712
1.72665749194725	0.514015992250562
0.912597447073333	0.263157043298413
0.234537195986687	0.0736925327146945
1.32214153769868	0.691825220143925
-1.02961596119249	0.435123265626987
1.40576821535676	0.500196841629125
4.48507296974594	3.10056122741616
1.37980134392203	0.490495849580318
1.89242277074594	1.26789301247356
4.51511644668837	3.13905182459651
0.225349407079631	0.0709239997000896
0.686438385931598	0.229465616264401
0.246104130605166	0.0769660138150043
0.170184199651161	0.0455102597114768
0.912597447073333	0.263157043298413
1.36448243476807	0.720029942397322
2.39246058058387	1.29172180294248
2.07432344697303	0.98782080086047
1.04302374379312	0.475535154583417
-0.0406542762270284	0.0137604261929115
2.88702915299469	1.9060662370211
0.985748090359626	0.444217018017581
1.36972296309591	0.486388383733701
0.180334652339367	0.0478106473797875
1.00760456844882	0.456293012947051
-0.602862949787603	0.208492623129905
1.39972857201292	0.49785287169011
-1.06622034319365	0.342974832284015
0.634125557872798	0.243000968048128
2.45446436525245	0.842916202981294
1.05277257946741	0.539755960331342
2.10191660741599	1.00581722578712
1.77388619361697	0.741131703530167
1.35266752148977	0.796135964299447
-0.462678461563766	0.178493076537481
-0.102652743410627	0.0314920867621947
0.663336852365455	0.221861994107979
2.40273087818515	1.29973100828309
1.55642949942252	1.0186765175545
0.908148649268101	0.26198445808125
1.38545837834875	0.492219504116298
0.915267467236802	0.263914073443303
1.03707740792067	0.52969842467457
1.65445207913583	0.993573569276135
-0.608353938654559	0.210500745768736
0.924519625006435	0.266522920108041
-2.20131061198549	0.675574843790802
1.38248601554662	0.491066536373935
3.83206458294435	2.07108615071611
-0.0653976201859009	0.0208739201872354
2.38830936707104	1.28803746559691
0.915267467236802	0.263914073443303
0.682268167680687	0.334593453429677
3.26610537788351	1.45572874939348
-1.0318324042643	0.435728012417609
2.43961622041387	0.836769184993985
1.39972857201292	0.49785287169011
1.45469176675845	0.683477074638951
1.39258193627448	0.495197582069264
1.08230651158364	0.433558668659745
3.25904938664935	1.45089842575752
0.906822097465917	0.262270642143547
-0.290782545055251	0.0867403958571982
-0.563224434073156	0.1470595732283
-0.449057831843647	0.201553025390248
-0.309427834477738	0.0916923572494599
0.753334026509795	0.332567957309003
3.80690118981087	2.04849128299481
2.07087125864236	0.985611875361845
1.39256483421105	0.495195831360944
2.01454932390711	1.21282880671829
0.238768470088181	0.0747872586040683
2.01211270441531	1.63499440840786
1.71020965701655	1.50753750840615
2.00493493366693	1.2049003798349
5.0339522533221	4.30010747727249
2.37659817852811	1.27883941086168
1.35146759805335	0.710848134066606
0.936557429435196	0.527307716411464
-0.562313153317888	0.147312602906664
-1.65341411628819	0.685569985095441
1.71838037692335	0.512092496146657
0.67742746445304	0.226603864627127
2.92442907579133	1.15555204884472
-1.41562344783034	0.527470635339908
2.27298603634369	1.52252119873992
0.906151326926563	0.261259737108879
0.92457006190404	0.266440401880801
0.499977484888395	0.212231205033782
-0.0774050461354077	0.0242831048289601
1.97772211409751	1.59052119171035
1.75931610176333	0.733095429495076
-0.63156264919244	0.218784438429344
2.09745532714859	1.00299110807235
-0.589272165817044	0.1536452053956
0.912597447073333	0.263157043298413
0.719762310586611	0.316363902546573
3.15397369023421	2.2981032582855
3.8331373619037	2.07194875327632
3.58822123662635	1.77222414369107
1.08473600195501	0.434986922849175
2.64577181146544	1.58633465147322
3.55895493620897	1.75203607094021
0.3863634635889	0.142149469690193
0.856254062167203	0.430342227687166
2.27883412078103	1.53031777347438
2.06415851272598	0.98190052498199
4.00949872360618	4.21275304741325
2.47717377130085	1.8170693467852
-0.275734201939887	0.0826813184500592
0.173719069466805	0.0463443450457431
1.41540346007614	0.660575377486411
2.401671961519	1.29830101712471
2.09408927735694	1.00081261564385
1.39557961180183	0.496365775816694
0.657566945912919	0.252328142176309
1.4259418794304	0.666012200475077
1.32537976587404	0.693769104571471
-1.06898305525912	0.343786697766102
0.663336852365455	0.221861994107979
2.08244330412006	0.993420529815253
-0.562313153317888	0.147312602906664
2.92434064150852	1.15557468669485
1.77834989961593	0.742872639612994
-0.61497091506853	0.212614349896891
0.664229390792417	0.221891790168857
1.01212575818316	0.458546856487012
2.04822592590731	0.971273060200511
1.42000645133518	0.663928396763921
3.26310413052701	1.45333946698961
-0.0766106949079694	0.0242313820543097
0.190551949951808	0.0501236937756434
3.27922726773361	1.4633502643727
1.40272851054165	0.499012480580187
1.38277622260188	0.491429562364001
1.39559632674966	0.496139071198923
0.254284235189305	0.0794453940672214
3.84336233679819	2.08062906074275
0.686487174778602	0.22957980027577
1.09086001919846	0.437677281817434
-2.70937242333718	0.961490597147355
2.39351383605368	1.29184613503063
0.694431548999718	0.232314723385403
2.90832288894759	1.14706883442003
0.676796357452218	0.226440404402874
3.2691134975973	1.45676655530423
1.7660718355889	0.736843404138436
0.359978742026466	0.13242066321937
-0.310596453859648	0.0920837426475925
-0.0544930337807368	0.0178574009268893
1.41952821396956	0.66252437608521
3.26610537788351	1.45572874939348
2.43961622041387	0.836769184993985
1.0644157449816	0.425932001262277
1.76810514306125	0.7381530283959
2.08797001002257	0.996866288172598
1.00351564264771	0.453715083199603
2.08591591043052	0.995653239553386
2.91488688463889	1.15100414083562
-1.04415041615715	0.335312917030539
2.91493124431159	1.15099278421732
3.26310413052701	1.45333946698961
3.83984476003256	2.07857397651817
-0.302570192954354	0.0898112251737031
0.212326495228825	0.0858265655302762
0.205561737379768	0.0441838774146192
0.131562933265941	0.0467291715199599
0.16752978026154	0.0592945206546579
1.38547624122001	0.492221548058075
1.50186201048323	1.29999302715437
1.36053989849813	0.8849148471543
0.165016980071288	0.0443593586963327
2.3774533541414	1.27904313748579
3.73265149287528	3.43036466998502
1.41726659844458	0.660960101131576
0.360572892415926	0.132838024809932
4.4932586209873	3.11165672653515
2.37266970431778	1.2757494101701
1.01656736467695	0.461391213940484
1.40211785825667	0.652901715391981
-0.614629303246652	0.212859635062105
2.90832288894759	1.14706883442003
1.76177160357666	0.734855893090464
1.39256483421105	0.495195831360944
2.10191660741599	1.00581722578712
0.829936079744364	0.414010411909206
1.12110904375431	0.645446835195454
2.88237730645246	1.90157736319753
1.04601110815117	0.535406296167854
-0.30772486431716	0.0913485397175911
1.106113539964	0.444507529672316
3.83984476003256	2.07857397651817
-1.68633167160798	0.701277956237725
1.35152430281602	0.711329437291273
1.71838037692335	0.512092496146657
2.92158168883162	1.15406672838897
3.83984476003256	2.07857397651817
2.41057743172478	1.30569595309331
2.08364626360532	0.99474657096339
0.912597447073333	0.263157043298413
1.41239207165046	0.658053128606857
1.41794018034427	0.662166911564669
1.7411972917879	0.932307664162552
1.87309679440862	1.24902886145799
2.13822437087213	2.91305390627686
2.68243560030893	2.14480059115372
1.76271459085892	0.735118738719892
2.45713066693921	0.844016359639868
1.75507446207082	0.731732850539875
1.76025011587465	0.733497356580686
2.91316732756641	1.93514290735488
1.07890679271251	0.432199101979189
0.644083144845473	0.24698505086204
0.187534552195979	0.0494421831048262
2.38117453679347	1.28248496189046
2.07070088186458	0.986173709040268
-0.274961726592382	0.0972323030481373
0.219223176229808	0.0691776377972106
1.38957458135007	0.493821378507415
1.40720412856239	0.655475271611477
2.74102727142999	2.22328552876488
0.65696752988875	0.252400152340719
1.33591335884027	0.782945116235003
1.3435653149328	0.869424874421566
3.58153645636038	1.76739120162114
3.0805298708254	2.92537271453328
0.347484432809355	0.144245957770605
0.65696752988875	0.252400152340719
1.63184041941282	0.975128178688073
2.65861689116527	1.59804071001054
1.77383519060389	0.740746034447833
3.27921340058014	1.46335938453018
0.190534411024281	0.0501047275306018
3.27620927747588	1.46151929297208
1.39972857201292	0.49785287169011
2.39752662063719	1.2949831546304
1.02936059863507	0.467844640610119
0.257980281365904	0.0805214594463896
2.45713066693921	0.844016359639868
0.254159444076701	0.0793773394515663
2.45442904372326	0.842929862158112
1.38279184561893	0.491656853905118
-0.549638443779565	0.144154566527545
0.175143411457113	0.0466493667011835
0.361564417166189	0.133489525796554
2.55729271649434	1.90745158242898
1.72664583622157	0.514027439791968
1.06518023668603	0.547678560836689
1.75495432576142	0.730816424365007
2.44834859745442	0.840528199577986
2.92723943457006	1.15710072897931
2.09745532714859	1.00299110807235
0.187534552195979	0.0494421831048262
0.234490247688083	0.0735931599845487
-0.287371764119892	0.0857960566198628
1.9063022569043	1.28042842506058
0.199660581380647	0.0433122758858595
-1.41630178009946	0.52765978946609
0.35579124412422	0.130543907012529
2.45446436525245	0.842916202981294
2.67095074898671	1.60917061762833
-0.554009631260321	0.145198449870715
1.33573277841954	0.700933509931229
0.924519625006435	0.266522920108041
0.362408004757156	0.133423675465234
-0.553958654260902	0.145182611160989
1.76307802261425	0.947575990611899
-1.1957270666914	0.54256908088637
1.09530722528222	0.439560613937982
2.90551789185603	1.14556900793857
1.33854547575905	0.702549724710297
2.08984175991661	1.5395925203979
1.36529555404785	0.720047951710834
0.333185348363641	0.137508634937275
3.17420927939728	2.32207257669661
1.76266616893112	0.735090202637704
1.6286283787887	0.972388141015052
0.640326934015517	0.31097033012836
1.58719094267179	1.04789851376442
1.33615115732193	0.700668732647556
1.30395041289885	0.757844363623488
1.99735852062995	2.10730453275762
1.57938269597663	1.04010986846271
1.29586967328902	0.752003469274715
1.9913586094144	1.19260117316129
0.639583382992998	0.245190490849666
2.48674729542167	1.82699153238979
1.43397196584569	0.670964319817609
4.53182649230741	3.16287400240924
1.38257645496957	1.00215182210061
0.673753295032167	0.259338308300517
0.187468605835015	0.04141071045087
1.72402871819241	0.513373825324747
1.32670895139868	0.695256613966323
-0.449819631047108	0.173456484876751
-1.40325859652233	0.522285930698835
0.688755278517132	0.230474449974642
2.47849865381502	2.1894962066862
2.03665000249314	1.23218131532831
0.0949518186368416	0.0372401118306116
2.04555267274047	1.23984990308562
2.45442904372326	0.842929862158112
1.59270872921866	0.942473253598397
2.38854090411063	1.28873292323228
1.00330120146515	0.45398588592362
1.77829806424928	0.742842282455695
1.07672335163935	0.555066724837463
1.40274440558796	0.499243938315738
2.08603978072526	0.995282816306971
2.45678742813255	2.56622524099841
2.27058195530596	1.52099438679929
1.57138595274102	1.03307452318856
1.36042349524834	0.717304730419693
3.57305874423035	1.76108157503203
4.3177676946982	2.78135403782889
1.8959394487293	1.27198235758308
1.60259247328169	1.06197327203215
0.919086224093982	0.264875597201778
2.32012698023314	1.88850653520337
2.00423893952565	1.20311596545071
2.52530055480568	1.87222592451218
3.8331373619037	2.07194875327632
2.64473835224475	1.58549050988061
2.88740667501538	3.20280510691076
1.05916337556679	0.42328515417955
1.75931610176333	0.733095429495076
1.77383519060389	0.740746034447833
0.669501572235949	0.223838569535414
1.19933673500671	0.774035087526611
2.27405479450931	1.52541024734102
1.73297831887645	0.925698526944301
1.09404383086592	0.438821049656979
1.36092006431605	0.717914163698357
2.27970105021319	1.52907900043856
1.04032702497021	0.531608860219246
1.72664583622157	0.514027439791968
0.195923847427482	0.042652530602415
-2.20131061198549	0.675574843790802
0.173719069466805	0.0463443450457431
0.921774163847151	0.265747233383473
2.92158168883162	1.15406672838897
0.915267467236802	0.263914073443303
0.924519625006435	0.266522920108041
0.155206155727819	0.0421881243320872
-1.46556636079729	0.39889055417079
0.240308569886204	0.075322617624464
-1.06821129260626	0.343603474036397
1.72665749194725	0.514015992250562
2.91771648568221	1.15252312484676
0.187468605835015	0.04141071045087
0.924469195483338	0.266423091240108
-1.46556636079729	0.39889055417079
0.65922578725847	0.220614372532258
0.921824610399643	0.265755741469354
2.45446436525245	0.842916202981294
0.205561737379768	0.0441838774146192
2.45176958518949	0.841449769742287
1.38957458135007	0.493821378507415
3.82548269471368	2.06552727960143
2.45176958518949	0.841449769742287
-2.7214943742061	0.967734061568593
-2.71389264192226	0.964179620991658
2.4483134540998	0.840541819013097
0.921824610399643	0.265755741469354
2.11386485793166	1.01363216414761
3.83643897137894	2.07573852721349
2.90551789185603	1.14556900793857
2.90551789185603	1.14556900793857
0.341166519229635	0.140798461451292
3.8437648142312	2.07955834494114
0.671783008731121	0.224523528358971
1.39258193627448	0.495197582069264
0.196315155888877	0.0427978646049216
3.27618071303355	1.46153655074
2.45442904372326	0.842929862158112
1.37560445721137	0.489062016487637
1.43743225930488	0.673289780871548
-0.297745227366455	0.088703707435214
-2.20131061198549	0.675574843790802
0.906151326926563	0.261259737108879
3.28030290623515	1.46346513229433
1.39026582301669	0.494298341784791
-0.626555691776872	0.217167560602821
0.915318019020568	0.263922623604752
0.625903223304671	0.239298028897498
-2.71366037927859	0.963507235303924
2.92723943457006	1.15710072897931
1.38248601554662	0.491066536373935
2.0904766040442	0.998607707037486
-0.068545301146485	0.021714067267158
0.190695010497311	0.0418340508511931
2.44567166971443	0.839453219846175
1.06809080721815	0.427463426178194
2.44834859745442	0.840528199577986
2.08232066777183	0.993341385977143
2.44567166971443	0.839453219846175
2.09267658374396	0.999843473409221
3.26909842045239	1.45753652807612
0.187534552195979	0.0494421831048262
1.38545837834875	0.492219504116298
1.76271459085892	0.735118738719892
3.55574281240124	1.74904562098681
1.38547624122001	0.492221548058075
0.662209832213597	0.254471510064149
2.91771648568221	1.15252312484676
3.28636755859253	1.46779915363749
0.921774163847151	0.265747233383473
2.93045353706313	1.953589689792
1.0509903591309	0.420065297501861
0.694431548999718	0.232314723385403
3.56221723512204	1.7544607898084
0.912597447073333	0.263157043298413
0.669547790070559	0.223855623975965
-1.47559564657686	0.401361379112135
2.45716616852698	0.843674766141773
-0.549638443779565	0.144154566527545
-0.55888165037327	0.146019049191659
1.78179200304995	0.744678169302807
2.09841704355149	1.00355500904501
2.91488688463889	1.15100414083562
3.55574281240124	1.74904562098681
0.906246129417221	0.261736091583026
1.72665749194725	0.514015992250562
-0.567097066778424	0.148548092076695
0.185318321206265	0.0489335087463581
0.199660581380647	0.0433122758858595
1.77736983538441	0.742093229737016
0.159198978975768	0.0565827535599007
1.40274440558796	0.499243938315738
-0.563224434073156	0.1470595732283
0.362408004757156	0.133423675465234
1.75456390342485	0.940742077193317
0.208130289751052	0.0445612068776082
2.92438485477444	1.156147471729
1.38547624122001	0.492221548058075
0.245858862808042	0.076891989762666
3.82536634175606	2.06542098396924
0.921824610399643	0.265755741469354
-1.46556636079729	0.39889055417079
3.27619497272584	1.46229178166629
0.915318019020568	0.263922623604752
0.208130289751052	0.0445612068776082
1.77046288364682	0.739085774074085
-0.0596601484398735	0.0193025642615148
1.39971224002831	0.49785141353806
0.902425948558069	0.260776504921945
2.45176958518949	0.841449769742287
-2.20131061198549	0.675574843790802
0.205561737379768	0.0441838774146192
1.75840552747168	0.733204294369585
1.38957458135007	0.493821378507415
2.45442904372326	0.842929862158112
-0.294235024159454	0.0876651879596146
2.44567166971443	0.839453219846175
1.38957458135007	0.493821378507415
0.199660581380647	0.0433122758858595
0.921824610399643	0.265755741469354
2.09035178211931	0.998526967079187
3.55895493620897	1.75203607094021
0.205561737379768	0.0441838774146192
1.76271459085892	0.735118738719892
2.89896851317136	1.14156400888801
3.26908338806269	1.45678296110119
1.75495432576142	0.730816424365007
0.671268687509874	0.224622004345607
4.06316971901694	2.39465083519056
-0.55888165037327	0.146019049191659
0.675202385974488	0.225674647305293
0.611727938323891	0.295547002221097
-0.031156373539243	0.0106092546644098
2.0134002232823	1.21089545088827
1.06950553657557	0.427929560998139
2.05397166118379	1.24550619563313
-0.55888165037327	0.146019049191659
0.683090437699776	0.228431766982679
2.03582355984438	1.23055856785211
0.924469195483338	0.266423091240108
1.41934056668664	0.662450172156458
1.35115868004865	0.711377494308039
1.71838037692335	0.512092496146657
-1.06383257360404	0.341981866655656
-1.4100660045313	0.525324314819007
0.67960094868514	0.227208415863021
-0.287371764119892	0.0857960566198628
0.642171482948837	0.246281700858554
0.686412456740532	0.229370306457936
0.838778402718331	0.419957691651277
0.910807770799633	0.262737230399533
2.45713066693921	0.844016359639868
0.666999818185163	0.256299096050301
2.06258037419729	0.980596620923091
0.912597447073333	0.263157043298413
2.43961622041387	0.836769184993985
-0.571538969396222	0.149182553096798
1.7772657725191	0.742520128546194
2.91771648568221	1.15252312484676
2.09396320894315	1.0011830226404
3.27619497272584	1.46229178166629
3.55895493620897	1.75203607094021
2.44567166971443	0.839453219846175
-0.290782545055251	0.0867403958571982
1.009215596755	0.457448844251158
3.27726801831673	1.46068966543948
0.199660581380647	0.0433122758858595
0.906151326926563	0.261259737108879
0.231908850958742	0.0729833294711832
2.93933653836502	2.59600147890285
2.48231485029536	1.82221253465496
4.29296044891817	2.7534882841918
0.669501572235949	0.223838569535414
2.07087125864236	0.985611875361845
2.66725579319603	1.60648019639353
-0.575959266308268	0.150202913360021
2.08797001002257	0.996866288172598
-1.06622034319365	0.342974832284015
3.5806215145737	1.76713572499057
0.683090437699776	0.228431766982679
0.985791520208128	0.444685270662775
1.75401680153155	0.730971333941339
2.01979114927465	1.21774360919665
-1.27242384606299	0.607869741785417
1.43719404044721	0.673541696782033
-2.21257221902061	0.680354097619789
0.195880525766074	0.0426453207559659
2.07299107522641	0.987025883018416
1.72664583622157	0.514027439791968
1.09429844663075	0.439203594030748
0.716619766436969	0.313864000888189
3.27620927747588	1.46151929297208
0.204756590717357	0.0440408052662146
0.915267467236802	0.263914073443303
1.05212509863096	0.480183203295823
2.91771648568221	1.15252312484676
2.45716616852698	0.843674766141773
2.09604780042678	1.0020181910351
1.42389157344334	0.665734056026918
3.80690118981087	2.04849128299481
0.187468605835015	0.04141071045087
3.57291820734226	1.76095245319853
3.2691134975973	1.45676655530423
0.175143411457113	0.0466493667011835
0.647211424541658	0.248256445179861
-1.65672920118237	0.686573204681855
1.04329856676589	0.475713415614002
0.180096977611431	0.0477470127508601
-0.298712537921687	0.105045472068263
0.180315924045662	0.0478066702574292
1.44531895119158	0.677929170411295
-1.43967211235305	0.53765668132987
-1.05139365222271	0.337625068809831
-0.584371982640259	0.152318216814195
-1.05139365222271	0.337625068809831
2.92153744995923	1.15407818465564
2.10542171964225	1.00780245647064
0.919086224093982	0.264875597201778
-1.46556636079729	0.39889055417079
1.72402871819241	0.513373825324747
1.40272851054165	0.499012480580187
0.00600286219062396	0.0012658654050285
1.35258038981767	0.712361968683533
2.90551789185603	1.14556900793857
0.199660581380647	0.0433122758858595
0.908975247039869	0.262609818284675
3.34911096891394	2.64136003192821
3.1224090887274	2.2588793093749
3.50641117369792	2.95980255643781
3.07595880972974	2.91220005575463
1.32619670906216	0.694754642416306
4.01610563420276	4.22791385976161
-0.565000228990759	0.147836672845567
3.1811202546605	2.33022079484178
2.10135639128956	1.00573990063173
-0.55888165037327	0.146019049191659
4.07483768406903	2.40693849987174
1.32941687348464	0.69644196347911
2.90832288894759	1.14706883442003
1.75495432576142	0.730816424365007
-0.612695794036923	0.21217019076725
-1.41216828346745	0.526107785802114
0.722207385336717	0.316957422153453
1.75792817192385	0.943560674569884
2.90832288894759	1.14706883442003
1.44676087411095	0.678342614008555
-2.69742047364421	0.954793958704405
1.72402871819241	0.513373825324747
1.39670390964941	0.496388528960776
1.77388619361697	0.741131703530167
0.713301684997436	0.312260247832586
0.667920601709208	0.223570234424993
1.71838037692335	0.512092496146657
0.395533418634937	0.145669058792656
0.636136925528321	0.243381819840761
1.75390952694415	0.940674023144032
2.43961622041387	0.836769184993985
1.01220074039773	0.458567661224701
-1.10222251991698	0.355142991429752
1.75689874560971	0.732131283191921
1.33043133518703	0.696801459264844
2.37266970431778	1.2757494101701
2.10217307290226	1.00597885790096
4.06669747864551	2.3982264284716
1.44608258749829	0.677956897105114
1.7660718355889	0.736843404138436
1.76271459085892	0.735118738719892
0.643437977604984	0.246998432844334
1.33897362451279	0.702864407837221
2.10204478260656	1.00634877322488
1.43845636491507	0.673595132885157
1.0049118793348	0.635259201754491
0.369401485583896	0.135737448073043
1.40044521977271	0.498114316228894
2.91493124431159	1.15099278421732
3.85499333045229	2.09034334977743
-1.46556636079729	0.39889055417079
4.07880938097788	2.4118936188948
0.671783008731121	0.224523528358971
2.91488688463889	1.15100414083562
1.64450693747071	0.985373579732014
1.36585547169283	0.890095841686817
-2.20131061198549	0.675574843790802
0.731588435088278	0.321681817536344
-0.552335012199188	0.144678456612124
-1.3889460990053	0.515983166935664
2.09770985578578	1.00253396630826
0.245858862808042	0.076891989762666
1.08243041392435	0.433808481076357
0.175124314973247	0.046645304856595
0.686438385931598	0.229465616264401
3.27921340058014	1.46335938453018
0.675922968054061	0.259803048637675
1.39972857201292	0.49785287169011
3.82536634175606	2.06542098396924
2.6408607664379	1.5817224646963
1.07890679271251	0.432199101979189
0.915318019020568	0.263922623604752
1.73193125967333	0.925252442347234
2.91210871999862	1.14894462063688
1.39557961180183	0.496365775816694
-2.21257221902061	0.680354097619789
-0.0906429971742657	0.0282837023220957
1.39258193627448	0.495197582069264
0.906151326926563	0.261259737108879
0.921824610399643	0.265755741469354
-0.553958654260902	0.145182611160989
0.910858892443621	0.262745945817241
-1.99660074880618	0.956545813808322
0.686487174778602	0.22957980027577
-0.549638443779565	0.144154566527545
0.902425948558069	0.260776504921945
1.39559632674966	0.496139071198923
2.4483134540998	0.840541819013097
0.180315924045662	0.0478066702574292
1.39972857201292	0.49785287169011
-0.576382344846406	0.15043977920911
2.4483134540998	0.840541819013097
0.22810763358012	0.0718863917647711
2.39361896220789	1.29218799147153
-0.0811079296052914	0.0251658534183253
1.40274440558796	0.499243938315738
1.0541428571723	0.540645546629053
-0.298243338342598	0.0888649209209968
2.08603978072526	0.995282816306971
1.0987316747086	0.441148704582627
0.644486490630594	0.247103988292512
0.645426344181411	0.247178561350129
1.41974529476715	0.662928111593825
2.39744160503725	1.29558260752451
1.9749598879678	1.58387229504173
3.57305874423035	1.76108157503203
1.73286978016093	0.92589763774962
1.76271459085892	0.735118738719892
4.67376186816746	3.47535816335075
3.16560286067521	2.31217064488654
0.230534790079877	0.0723507853261846
1.38545837834875	0.492219504116298
3.27318434966019	1.45987088217078
-1.04113486477337	0.334376496819243
3.83206458294435	2.07108615071611
1.71737415382466	0.914472827856594
0.912597447073333	0.263157043298413
0.910858892443621	0.262745945817241
0.24243225341768	0.0759022527916872
-0.294235024159454	0.0876651879596146
0.35579124412422	0.130543907012529
-0.290172480232866	0.0866608763690696
1.39028291728355	0.494072914686244
0.24243225341768	0.0759022527916872
0.728228865964573	0.320150101017363
0.739820123757366	0.325743243227705
3.27618071303355	1.46153655074
0.250720037765366	0.0783528491205372
1.07213375546607	0.42907042523704
0.906151326926563	0.261259737108879
-0.292562777536825	0.0873256919566233
1.7670969374071	0.736975258042291
1.75490758178519	0.730788790484642
1.75840552747168	0.733204294369585
2.38971523300358	1.28907548475192
2.08461067139766	0.994824464533218
1.75157325264744	0.72908452782451
1.74581938677338	0.726145387504203
0.906246129417221	0.261736091583026
2.92158168883162	1.15406672838897
3.81786006711318	2.05881896391186
2.90046751523261	1.9216290657148
1.7628593062874	0.734770246460201
2.44567166971443	0.839453219846175
0.659620566887762	0.253365532205038
3.28028898843479	1.46347366776651
2.4110519290943	1.30604253124369
3.13408247768806	2.27380150214186
1.89909454625914	1.27446641252226
2.38971523300358	1.28907548475192
1.38248601554662	0.491066536373935
0.350023324063406	0.144937863454987
1.76266616893112	0.735090202637704
2.09854407465172	1.00363736255297
2.44567166971443	0.839453219846175
0.246104130605166	0.0769660138150043
1.39972857201292	0.49785287169011
2.91210871999862	1.14894462063688
3.50668521283789	2.96182220227908
1.5685421287265	1.14034656301284
1.07290152150251	0.4295685844018
0.343239972058229	0.142386329339956
1.3701735298738	0.486046373261376
0.990179654607073	0.44697142782703
2.07938691094212	1.52748792070658
0.924519625006435	0.266522920108041
3.83206458294435	2.07108615071611
2.45716616852698	0.843674766141773
0.23165195737863	0.0729064339081441
-2.00939734957356	0.965663202832008
1.77594950607652	0.742014795788623
0.238768470088181	0.0747872586040683
0.22456902693459	0.0708173326236356
0.899765603237419	0.260024823460973
2.91776082824986	1.15193094411066
2.37266970431778	1.2757494101701
1.72664583622157	0.514027439791968
1.78859173026655	0.7481219126883
0.921824610399643	0.265755741469354
3.82877106041862	2.06906516969353
1.38547624122001	0.492221548058075
3.25608093098774	1.44911407166836
1.41239207165046	0.658053128606857
1.43191284702931	0.670049678819966
0.660085544099662	0.220849182949209
3.8331373619037	2.07194875327632
1.73953356091327	0.723250406310303
0.680718305864236	0.261756337191785
0.180315924045662	0.0478066702574292
0.381986451828086	0.14083288446862
-3.08601159633868	1.23887459802837
2.45446436525245	0.842916202981294
-1.02081630592617	0.431006060615779
0.915267467236802	0.263914073443303
-1.46754137571983	0.399241075338394
3.27318434966019	1.45987088217078
-0.575164272865808	0.150444100533915
1.76602253904652	0.736460561645212
0.205561737379768	0.0441838774146192
0.206959646540785	0.0836923753861159
-0.274942060808074	0.0970222573423749
0.652528063415185	0.250183271758757
-1.66487133096218	0.691410977349317
2.03943500592115	1.23420264662954
0.236760388577432	0.0742695453338153
1.07314442330609	0.429735777855557
1.30667635605136	0.760324873079936
1.362684147619	0.483416189481809
3.8951078610285	3.84941003582585
1.37720610089078	0.4890227456012
1.39968470603644	0.651657008287125
2.86498100741753	1.88274565734998
1.06651232876637	0.54827089624524
0.864655919581017	0.435437778686872
2.16129748756874	1.91078028086483
2.44834859745442	0.840528199577986
1.40576821535676	0.500196841629125
2.02218694456691	1.21897986684232
1.77731775736724	0.742549867568003
-1.39447579712601	0.518519557547366
-0.563224434073156	0.1470595732283
2.89896851317136	1.14156400888801
1.75844147562001	0.733383866818474
0.68864544870825	0.265029775810709
2.91771648568221	1.15252312484676
2.89896851317136	1.14156400888801
1.41974529476715	0.662928111593825
0.906151326926563	0.261259737108879
-1.40109811291681	0.52130914324694
-0.620969894100123	0.215116746351169
0.73244989600304	0.322340774612908
0.910858892443621	0.262745945817241
0.653994852670135	0.250819314642062
1.76266616893112	0.735090202637704
0.327778200028369	0.135563213102853
3.27919957863163	1.46232569188403
3.81774587035387	2.05871471298175
0.630465998224359	0.241891049820392
3.27620927747588	1.46151929297208
3.27922726773361	1.4633502643727
1.39440834551693	0.49578059753911
1.37543780329452	0.488077804570456
0.364222701964369	0.133845229655904
-0.290172480232866	0.0866608763690696
3.54737350511052	3.02484054648828
0.663336852365455	0.221861994107979
1.770513002613	0.73911521710779
0.216983110162461	0.068439854987015
2.08579215314207	0.99512741964913
2.08948835695855	1.53877721795919
1.3726881258282	0.487534212258015
1.45562825023331	0.683888061943807
2.65353950302571	1.59414761735714
2.71591565486319	2.18890665827177
3.14144898573469	2.28190278025147
4.51360378591878	3.13901438283342
1.76266616893112	0.735090202637704
0.906151326926563	0.261259737108879
-1.46556636079729	0.39889055417079
3.55899825992108	1.75207908437113
2.1291909957324	1.58228432542831
0.175143411457113	0.0466493667011835
1.3103823307816	0.682979290836629
-2.21257221902061	0.680354097619789
2.45442904372326	0.842929862158112
-0.552335012199188	0.144678456612124
1.06819400245511	0.427458185464342
-1.46556636079729	0.39889055417079
2.10542171964225	1.00780245647064
0.208088282973525	0.044554233682967
0.924519625006435	0.266522920108041
1.76271459085892	0.735118738719892
0.694381051215851	0.232198533859577
0.208088282973525	0.044554233682967
0.170706119580964	0.0456683037681393
0.653994852670135	0.250819314642062
0.92003140509787	0.265333979478402
1.76266616893112	0.735090202637704
0.669501572235949	0.223838569535414
0.175124314973247	0.046645304856595
0.199660581380647	0.0433122758858595
1.37980134392203	0.490495849580318
1.37859750276635	0.490222912680126
0.211271410677175	0.0669022505838267
-0.467100786233093	0.180393807070633
-0.553958654260902	0.145182611160989
0.659233300414323	0.252864175791814
0.677789152388127	0.260934361691187
2.92723943457006	1.15710072897931
-1.0411155019997	0.334366938978704
-1.06383257360404	0.341981866655656
0.20471393630254	0.0440337263228802
0.899765603237419	0.260024823460973
-2.20131061198549	0.675574843790802
0.663481936678235	0.254525794395999
-2.21257221902061	0.680354097619789
0.202198391670494	0.0436656035177294
1.7660718355889	0.736843404138436
0.220407429530267	0.0697487780405643
2.07404215319312	0.987872062711398
2.11771158390686	1.01606142150896
1.72750054800189	0.922023080271136
1.05094985155799	0.4794786251364
2.67529674582605	1.61365461733652
3.56221723512204	1.7544607898084
0.664229390792417	0.221891790168857
1.07666701712925	0.431341675580183
2.92121237847164	1.94425763842904
-0.100736696934238	0.030640079150881
-0.301428510472253	0.0897422711630161
2.38139112802631	1.28265319016193
1.40272851054165	0.499012480580187
-0.554009631260321	0.145198449870715
0.185336229200483	0.0489521954549182
0.184506730859797	0.0487417923755395
-0.549638443779565	0.144154566527545
1.38693874860014	0.493138548264775
0.217020531322814	0.0685754052822356
1.07553775848315	0.430652268960809
1.72812339443463	0.922452477054452
3.56649069111218	1.75758098854351
-2.70163341573963	0.956867155200627
1.38248601554662	0.491066536373935
-1.48036509444371	0.402677323712302
0.635799812069367	0.24386301415334
3.56967891771929	1.75970398327778
0.242963698483695	0.0762314393760321
0.187516582106475	0.0494383766804619
-1.41216828346745	0.526107785802114
0.182309601441683	0.048270223246002
0.915318019020568	0.263922623604752
0.912597447073333	0.263157043298413
3.58484962097601	1.77085853613386
0.899765603237419	0.260024823460973
1.71919650335957	0.915729423810049
1.44131040633982	0.675807736270201
-0.045801651774563	0.0153759545680933
1.38248601554662	0.491066536373935
2.91210871999862	1.14894462063688
-0.461717164935546	0.177482991179908
2.10906287540443	1.01016466234297
1.6369182764417	0.979475197483333
2.02379203049833	1.2207310615798
0.653994852670135	0.250819314642062
0.908148649268101	0.26198445808125
4.67721597835449	3.480490200998
3.24909639235388	1.44424220972449
2.64577181146544	1.58633465147322
1.74727066667551	0.727243316298516
1.43213667700385	0.669896026626665
2.27619618914166	1.52690836002384
1.72402871819241	0.513373825324747
-0.563224434073156	0.1470595732283
1.37980134392203	0.490495849580318
3.27922726773361	1.4633502643727
1.72664583622157	0.514027439791968
1.05544374263961	0.541380366240398
2.90551789185603	1.14556900793857
0.223200048766247	0.0900702206639877
0.177324465825582	0.0471342222202081
1.72665749194725	0.514015992250562
-1.46556636079729	0.39889055417079
0.912597447073333	0.263157043298413
0.908924422609946	0.262601169518593
-0.554009631260321	0.145198449870715
2.90827841061733	1.14708003600027
1.78508128093501	0.746164945988396
1.05627095978734	0.422060593772365
1.40276034595944	0.499015152970679
-0.298243338342598	0.0888649209209968
-1.0411155019997	0.334366938978704
3.25904938664935	1.45089842575752
1.4465301221902	0.678599887640241
0.190551949951808	0.0501236937756434
-0.585366660738531	0.24192570118697
0.919980403266708	0.265234439804273
2.49509340965685	1.83684466166788
1.37680220633397	0.489129296924302
1.38547624122001	0.492221548058075
0.170184199651161	0.0455102597114768
1.07561158241459	0.430941147002154
-0.549588025379477	0.144138904810768
1.00650640876182	0.456304746004385
2.26117612926944	1.5118689428122
3.56649069111218	1.75758098854351
1.7506657784623	0.729256008965406
-0.278699533191866	0.0984564488324212
1.72402871819241	0.513373825324747
1.42872991704092	0.668290933990463
1.72665749194725	0.514015992250562
1.40274440558796	0.499243938315738
-1.83148688790241	0.822088327830887
0.180315924045662	0.0478066702574292
0.672649538126574	0.258896198341691
1.75157325264744	0.72908452782451
0.177916426070479	0.0472813074926094
1.72402871819241	0.513373825324747
1.01220074039773	0.458567661224701
1.01629608435219	0.461153845069386
2.90832288894759	1.14706883442003
0.228511156169644	0.071804032729532
3.8331373619037	2.07194875327632
3.82865358910845	2.06806934423554
1.39258193627448	0.495197582069264
1.39557961180183	0.496365775816694
1.36551843575092	0.484955838575038
3.4405831607118	3.98034602674292
2.88755846421569	1.90725442017051
-0.565000228990759	0.147836672845567
1.770513002613	0.73911521710779
1.38725996190371	0.493134041662893
1.38832536156184	1.00148221573024
2.08640839551987	1.53560505276358
2.63707354224464	1.5782513913834
1.38427899058231	0.491766401647725
1.41521460809271	0.660102370631803
-1.14325733267231	0.514249853742943
2.44567166971443	0.839453219846175
1.7772138808229	0.74200364184831
1.72402871819241	0.513373825324747
0.146367784607274	0.0402217543062658
-1.42427284589386	0.531167841641139
3.26310413052701	1.45333946698961
0.208130289751052	0.0445612068776082
-0.571538969396222	0.149182553096798
-0.606300971628515	0.209828914650814
2.44567166971443	0.839453219846175
2.08017458981791	0.99150793962923
1.43227090562504	0.670272548642454
-1.06383257360404	0.341981866655656
1.76602253904652	0.736460561645212
0.182273477751123	0.0405997709363184
1.35431180098694	0.712433723374137
1.77600230948662	0.741689466064606
4.27328296708526	2.72893487859613
1.39440834551693	0.49578059753911
2.01813291308724	1.21645031410854
1.74393376136045	0.725773790162244
-0.263839855420139	0.105647261938389
-0.10517784491292	0.0321757206351885
4.30992788929803	2.77243125661574
1.76810514306125	0.7381530283959
1.74417032872562	0.934132532553297
1.74386805742768	0.724791639516812
0.172141930104414	0.0459762515619496
3.34428375356526	2.63404870645596
0.373345066946305	0.137290216336791
1.3801874459795	0.490172173913112
0.658251044134812	0.252481367310542
-0.444380436585771	0.171059440906324
-0.0933001468333637	0.0286129749931881
1.72408117097841	0.919239630774709
1.40728271226433	0.655352438677983
1.39258193627448	0.495197582069264
1.86337663224197	1.23969614837607
0.915267467236802	0.263914073443303
1.72664583622157	0.514027439791968
-1.46556636079729	0.39889055417079
0.912597447073333	0.263157043298413
0.24231079990204	0.0758656666474767
-0.482007891921368	0.185864732985119
2.39361896220789	1.29218799147153
3.10406533820904	2.23612411836117
2.01739387004226	1.21484334399475
0.707011315194457	0.308806893147937
1.72665749194725	0.514015992250562
0.671217910650184	0.224603448239011
2.91210871999862	1.14894462063688
1.07063938963435	0.428249111328309
0.686487174778602	0.22957980027577
0.755494881747153	0.333923195154894
2.06762053467342	0.984435277499075
0.647211424541658	0.248256445179861
-1.66552976019958	0.69183410434208
-0.854074521847165	0.331163630269664
-0.622845228343696	0.257505558441057
2.45709514677168	0.843701380989689
0.683042523889567	0.228414048266896
-0.549638443779565	0.144154566527545
3.27619497272584	1.46229178166629
0.208130289751052	0.0445612068776082
1.362684147619	0.483416189481809
-0.575959266308268	0.150202913360021
0.527898487918356	0.225882154004653
2.44567166971443	0.839453219846175
0.156598227234253	0.0424925084569014
-0.0637143087257023	0.0204867749451636
-0.611911578089381	0.211812947587514
0.158200896190094	0.04285508688471
1.99176680802583	1.19317374060442
1.0305683192915	0.468476297075065
-1.28999828004035	0.616563795532447
1.39256483421105	0.495195831360944
1.7660718355889	0.736843404138436
0.233097360284084	0.0731580454687324
2.23655929756486	1.4862924777207
0.644302453417526	0.247074746027704
0.222337753373248	0.0699047989989705
1.74627330707283	0.935427275155326
0.174889099808041	0.0466011835497983
0.158142351685328	0.0558668073452654
3.2691134975973	1.45676655530423
-0.549588025379477	0.144138904810768
0.199660581380647	0.0433122758858595
1.43316916041866	0.670766773185744
2.90551789185603	1.14556900793857
3.83643897137894	2.07573852721349
1.00369240608405	0.454048830224718
3.28030290623515	1.46346513229433
1.77383519060389	0.740746034447833
0.924519625006435	0.266522920108041
0.910858892443621	0.262745945817241
1.65240485844036	0.991722758871461
2.45176958518949	0.841449769742287
-0.55888165037327	0.146019049191659
0.893327858309595	0.258137021796653
2.45716616852698	0.843674766141773
0.373647600524218	0.137403492706633
1.99510644132647	1.19527967857243
1.42526535590875	0.665595764934218
4.51275703107151	3.13877304717285
0.177324465825582	0.0471342222202081
2.38889726884007	1.2884501790296
2.17442409403109	1.92747519101611
2.52042866204552	1.86577719181897
4.48470370813249	3.10008153823665
3.27318434966019	1.45987088217078
1.03026148760108	0.468312104745677
2.91488688463889	1.15100414083562
0.908148649268101	0.26198445808125
1.78524244450656	0.746257243906127
2.4483134540998	0.840541819013097
3.56644568989027	1.757536747449
0.157581581108027	0.0426992641424185
3.56321850271678	1.75430275733671
-0.0676046001513337	0.0216481204050412
2.43961622041387	0.836769184993985
-0.284718425050904	0.0851722059912993
-2.20131061198549	0.675574843790802
1.07548302483537	0.430882424118786
-3.09113915148148	1.2417518149532
-1.48036509444371	0.402677323712302
-1.46754137571983	0.399241075338394
2.89896851317136	1.14156400888801
-2.69742047364421	0.954793958704405
-2.69742047364421	0.954793958704405
-0.298760378057541	0.088942138383077
1.72402871819241	0.513373825324747
0.377033153489424	0.138730770864161
2.22721814944257	1.47628187634345
2.90557492590089	1.92662542416781
0.680819310444715	0.227748009463594
2.89655062610065	1.91707716703027
1.72402871819241	0.513373825324747
1.02936059863507	0.467844640610119
1.0671368633528	0.426658214795582
2.91874144340492	1.15180916074423
0.730564896203406	0.32120879540881
-0.0637143087257023	0.0204867749451636
2.41241369370819	1.30768165408196
2.45442904372326	0.842929862158112
1.32011598074587	0.689935993178846
1.64251263884187	0.983737277123718
1.72408117097841	0.919239630774709
2.64577181146544	1.58633465147322
1.07541618394105	0.554036100635399
0.652905402886692	0.250631086944502
3.83631930953674	2.07474114477956
2.91771648568221	1.15252312484676
0.517971655875523	0.220782033915892
0.915318019020568	0.263922623604752
3.25904938664935	1.45089842575752
1.37543780329452	0.488077804570456
-1.05139365222271	0.337625068809831
1.75456567419232	0.941710829395643
0.216602913277331	0.0686555517077478
2.08687180288968	0.995840966043941
3.56972479265114	1.76059839007616
0.196315155888877	0.0427978646049216
1.38547624122001	0.492221548058075
-0.612053842347292	0.211721874465961
2.92158168883162	1.15406672838897
-0.846540044332945	0.327846383102583
0.816464396076373	0.406599757188547
4.09055654961381	2.42422065615317
2.44834859745442	0.840528199577986
-0.091661095064346	0.0283755452071973
0.650175479369777	0.249153921781642
0.216335129945687	0.0683970317291691
1.38545837834875	0.492219504116298
0.686487174778602	0.22957980027577
0.199660581380647	0.0433122758858595
-2.20131061198549	0.675574843790802
0.199660581380647	0.0433122758858595
1.76519883265068	0.736621797940704
-1.08004583929889	0.347757330030746
2.44567166971443	0.839453219846175
1.0707599967962	0.428304191192394
-0.620969894100123	0.215116746351169
0.663385927314191	0.221879924565254
0.982189434011904	0.44289857493218
0.680868176988487	0.227670739902701
4.07065190990288	2.40248670652808
0.754741141711323	0.333144973003955
1.77388619361697	0.741131703530167
2.25856978660943	1.50880624947774
-1.00774512454974	0.424079978873383
1.76271459085892	0.735118738719892
1.76266616893112	0.735090202637704
-0.556695510417587	0.145720699864662
-0.549588025379477	0.144138904810768
1.7660718355889	0.736843404138436
0.908148649268101	0.26198445808125
0.190738716303272	0.0418413373211237
0.915318019020568	0.263922623604752
2.89896851317136	1.14156400888801
-1.88384699525128	0.849649393978013
-0.575959266308268	0.150202913360021
0.680868176988487	0.227670739902701
1.06372035118989	0.425130521830636
1.75931610176333	0.733095429495076
0.668036332371809	0.256525412734318
2.91493124431159	1.15099278421732
2.91771648568221	1.15252312484676
3.27922726773361	1.4633502643727
0.912597447073333	0.263157043298413
0.652144276386616	0.218007688159233
0.205561737379768	0.0441838774146192
0.210591305513083	0.0667581612588619
0.216335129945687	0.0683970317291691
1.41601456595351	0.661280908818018
-0.612695794036923	0.21217019076725
3.27316965466308	1.45987901225535
1.41595240351364	0.660692101003323
-1.0615597697243	0.341093221319588
0.859363330910553	0.432120652263339
2.35206899450052	1.25868029415996
0.15784048874336	0.0427821270254753
2.49895563540888	2.22045336677201
1.7237048320603	0.919003821449801
4.48507296974594	3.10056122741616
1.71838037692335	0.512092496146657
1.7660718355889	0.736843404138436
-1.46556636079729	0.39889055417079
0.208130289751052	0.0445612068776082
2.44567166971443	0.839453219846175
2.40355577371075	1.29842360656512
3.5483030024599	1.74351337995961
2.38139112802631	1.28265319016193
2.45442904372326	0.842929862158112
0.163919615797703	0.0579099109942574
0.671268687509874	0.224622004345607
-3.06142327849064	1.22511692748265
0.188178366722201	0.0414674909431667
0.673995039992328	0.225358656301781
1.40044521977271	0.498114316228894
1.39557961180183	0.496365775816694
0.230534790079877	0.0723507853261846
0.208130289751052	0.0445612068776082
3.25608093098774	1.44911407166836
1.54466022336374	1.0074186748994
2.44834859745442	0.840528199577986
0.919086224093982	0.264875597201778
0.669547790070559	0.223855623975965
0.65922578725847	0.220614372532258
-1.65981160581395	0.689135823128313
3.16483513276988	2.31007655388698
-0.294136664369745	0.0875951334882074
1.02570282778038	0.466042658798379
3.82877106041862	2.06906516969353
0.901720616063008	0.260095467165507
4.3004409065345	2.76151516574176
0.652196999530061	0.250202366763998
1.41726659844458	0.660960101131576
0.663868289411756	0.221871614316916
0.71454173920878	0.312906669260423
3.55895493620897	1.75203607094021
1.71838037692335	0.512092496146657
1.04466227334782	0.534596443078692
1.73236795177942	0.925024741161819
-0.552335012199188	0.144678456612124
1.04064544400915	0.531793025143934
1.39559632674966	0.496139071198923
1.39256483421105	0.495195831360944
1.08268584750491	0.434131481875892
1.75157325264744	0.72908452782451
2.51411153899263	1.8602068520918
1.74043718397936	0.930523579466288
0.239403305751306	0.0751465921929683
2.43961622041387	0.836769184993985
3.27318434966019	1.45987088217078
1.39557961180183	0.496365775816694
0.628037024045622	0.240084216269546
0.730455560807368	0.321355665401958
-0.17679334574634	0.0657351022455773
-1.06383257360404	0.341981866655656
0.694431548999718	0.232314723385403
1.39559632674966	0.496139071198923
1.72665749194725	0.514015992250562
1.38957458135007	0.493821378507415
-1.41007780667998	0.525118191252701
0.893327858309595	0.258137021796653
0.151920144443936	0.0414386344909886
1.39044656721883	0.6459974123219
-2.69742047364421	0.954793958704405
0.250596382422263	0.0783154809169861
-1.40535664263192	0.523201833324806
0.227403893141339	0.0715006664849142
0.915267467236802	0.263914073443303
0.185336229200483	0.0489521954549182
0.175865275214678	0.0618741190883496
1.43375255646066	0.671122061469069
-0.316683884859336	0.1111183405207
-1.39984472077785	0.520661123325473
2.64930310211972	1.58857594805962
2.89896851317136	1.14156400888801
-0.286940431421599	0.0857759418120604
-0.308978324329468	0.0917900248118583
-0.552335012199188	0.144678456612124
1.77934020229914	0.743688664609217
0.660034562016067	0.220830659029676
0.196315155888877	0.0427978646049216
1.40575275971062	0.49988083524423
0.165621283769015	0.0585924403430172
0.180315924045662	0.0478066702574292
-0.567147696017947	0.148564042333489
1.05945582057502	0.423365737527187
1.29914767784293	0.675533549181647
2.91493124431159	1.15099278421732
1.07578968869392	0.554171536820797
3.24909639235388	1.44424220972449
0.199660581380647	0.0433122758858595
2.90832288894759	1.14706883442003
0.915318019020568	0.263922623604752
2.41031828409004	1.30538913152313
1.09417108141425	0.439146045343994
3.8144768626855	2.05520542791873
2.92723943457006	1.15710072897931
-0.553958654260902	0.145182611160989
0.910858892443621	0.262745945817241
2.44834859745442	0.840528199577986
-1.03179008157528	0.435140674316568
0.205561737379768	0.0441838774146192
0.150652668262833	0.0411730734954083
2.36896074937919	1.27246280975247
1.38957458135007	0.493821378507415
-0.29578813560486	0.0882116684839374
1.7428616669083	0.724945400053299
1.33844208662128	0.785064154958698
0.651596118287553	0.250221458599922
1.06743178358923	0.427217384158955
0.989646584486026	0.446345761344751
0.686438385931598	0.229465616264401
0.177932949857513	0.0472704475269999
0.170184199651161	0.0455102597114768
-0.569438551601303	0.148859249648682
1.71838037692335	0.512092496146657
1.72402871819241	0.513373825324747
3.27726801831673	1.46068966543948
2.07873132634183	0.99133955114872
0.668312029895394	0.22336922808744
1.98659081656481	1.18839242183433
4.72102988153352	3.54800337197553
3.56644568989027	1.757536747449
4.84793118175334	3.85850130311899
3.54089877124993	1.73733876254696
2.3849000886837	1.28528461722794
2.3893556732446	1.28808002121654
3.1306701618643	2.26909045486712
3.56967891771929	1.75970398327778
2.45446436525245	0.842916202981294
1.44084100661094	0.67515213066271
1.36848609513374	0.486101541554375
2.10191660741599	1.00581722578712
2.45716616852698	0.843674766141773
1.72408117097841	0.919239630774709
4.06711751953434	2.39865212442176
-1.3889460990053	0.515983166935664
-0.367248240693685	0.156011649903189
3.25904938664935	1.45089842575752
-0.270545197593587	0.0953364891747712
1.11832712176764	0.64372006960291
3.56977075964114	1.75979068321058
0.712578719543291	0.311840114127112
3.58153645636038	1.76739120162114
0.14257563381007	0.0507504282603404
3.25906560847611	1.45089113400716
1.7506657784623	0.729256008965406
3.83206458294435	2.07108615071611
-2.69742047364421	0.954793958704405
0.985340173302813	0.444363835363631
0.669501572235949	0.223838569535414
1.3801874459795	0.490172173913112
2.44567166971443	0.839453219846175
0.154913961587761	0.0421042625136645
2.90551789185603	1.14556900793857
2.43961622041387	0.836769184993985
1.44271173475533	0.676117492547363
1.41573678374435	0.660567110587147
3.55899825992108	1.75207908437113
2.26823182832412	1.51849696338535
4.06690741540602	2.39936257722879
3.36243450942233	2.65914658996986
1.32765627294998	0.776117808404912
2.02397161625542	1.22059183357581
3.58153645636038	1.76739120162114
1.33289045250595	0.698448078029142
2.64957003277519	1.59024486203275
0.906151326926563	0.261259737108879
1.09429844663075	0.439203594030748
0.893327858309595	0.258137021796653
1.71838037692335	0.512092496146657
1.71838037692335	0.512092496146657
-0.556695510417587	0.145720699864662
2.89884463769558	1.92027385058473
2.0904766040442	0.998607707037486
4.52506033503314	3.1555768208422
0.376115574373752	0.138518907704807
0.672085675093466	0.258301788788476
0.163508956262119	0.044048271796309
1.77046288364682	0.739085774074085
0.663051220033839	0.254349168039037
2.08448560220228	0.994743736476529
2.45446436525245	0.842916202981294
0.225265061354041	0.0710251442631123
1.0248044906556	0.465577328424099
1.02995222222361	0.468541302764414
2.09770985578578	1.00253396630826
3.58388492388433	1.76957141259759
-0.352618292770722	0.149478037702958
2.02215033918206	1.21983500076394
0.175124314973247	0.046645304856595
2.43961622041387	0.836769184993985
1.38692346903873	0.49313742565214
2.3065432920657	1.55769263040495
4.29654856952941	2.75768653387511
4.1023593752764	2.43614767033432
2.074443921041	0.987898360587514
1.40575275971062	0.49988083524423
0.921824610399643	0.265755741469354
0.911711426533657	0.263290287954357
-0.292525090541359	0.0871954283390263
0.219223176229808	0.0691776377972106
1.40276034595944	0.499015152970679
0.686487174778602	0.22957980027577
1.38545837834875	0.492219504116298
2.91493124431159	1.15099278421732
-0.286974240436354	0.0857853046400139
3.56221723512204	1.7544607898084
1.72665749194725	0.514015992250562
0.662663963819654	0.221767140045404
1.39258193627448	0.495197582069264
-1.18690466170941	0.538290714975353
-2.20452069372124	0.676749531450116
0.210129620259309	0.0667934015441829
0.664536241269112	0.222347922046462
0.671217910650184	0.224603448239011
2.92442907579133	1.15555204884472
0.15063697812048	0.0411697681850444
0.132170717073189	0.0473010771174643
3.28638063920881	1.46778961483254
-0.0771914991834049	0.0242204291315956
0.20471393630254	0.0440337263228802
2.32586286882534	1.57627053216027
1.38248601554662	0.491066536373935
-0.0803650440355422	0.0248201794312683
0.177324465825582	0.0471342222202081
2.07657892848425	0.989648756453333
0.650917332266178	0.217796686412184
0.373647600524218	0.137403492706633
2.90832288894759	1.14706883442003
0.910858892443621	0.262745945817241
1.00369240608405	0.454048830224718
1.42995310156073	0.668663911451575
1.32616843252049	0.77559017464802
2.03461009438617	1.22956287975101
3.27619497272584	1.46229178166629
1.40276034595944	0.499015152970679
1.76266616893112	0.735090202637704
0.694381051215851	0.232198533859577
-2.20131061198549	0.675574843790802
1.38838525765132	0.644396862594206
0.921824610399643	0.265755741469354
0.187534552195979	0.0494421831048262
1.07878401387793	0.432142860294847
0.647432717543823	0.248347019674956
0.505917193665441	0.215419896889692
3.82536634175606	2.06542098396924
2.39384947900438	1.29288498375225
1.7506657784623	0.729256008965406
0.915318019020568	0.263922623604752
2.09732823469476	1.00229790730105
-0.612695794036923	0.21217019076725
-0.0836468089935792	0.0258442410613445
3.17520000782578	2.32318262933207
3.82125069959729	2.06090653988338
1.45005460463123	0.67988751473442
1.39556294187099	0.496135793832498
1.74291123433662	0.724974229337115
2.45713066693921	0.844016359639868
4.50886258114952	3.1340040313582
2.1031772848897	1.55378346924391
1.4297353185423	0.668537036752761
2.07070088186458	0.986173709040268
2.10204478260656	1.00634877322488
3.26909842045239	1.45753652807612
0.199660581380647	0.0433122758858595
3.28635452349004	1.46676370017261
2.09396320894315	1.0011830226404
1.72402871819241	0.513373825324747
2.90832288894759	1.14706883442003
1.13199622502595	0.653315809614707
1.40576821535676	0.500196841629125
4.50459546901719	3.12716645237934
0.906151326926563	0.261259737108879
0.230534790079877	0.0723507853261846
0.217020531322814	0.0685754052822356
0.990416455531083	0.446996640389481
0.208088282973525	0.044554233682967
0.377292492832808	0.138780403174602
1.42286972690739	0.664928965699975
2.38971523300358	1.28907548475192
-1.64235923294463	0.679615321390789
0.349390722814814	0.128488950962827
1.71838037692335	0.512092496146657
3.35199497051999	2.6451404776723
0.726362350242862	0.318853070950753
4.7219725596092	3.5498386943827
1.34702178900597	0.7079855141151
1.75412385149621	0.941549251251793
-0.00226467310262027	0.00104541197474926
2.43961622041387	0.836769184993985
0.998710932775683	0.451774340881975
1.89050336613839	1.26594090099647
-0.0854253533101329	0.0267988582723328
4.87974757730708	3.91366196923566
0.371727583634246	0.137066756409826
2.6583093079781	1.59834980863449
-0.309968497781363	0.109250981882296
2.26033496331646	1.51161454872352
1.37543780329452	0.488077804570456
0.749994199599593	0.331155235330837
0.901720616063008	0.260095467165507
0.906151326926563	0.261259737108879
2.42418321581539	1.31576681497609
-0.165225028482084	0.061163646052431
1.71858068758457	0.915306389852631
3.84779390133747	2.08440731065796
1.76612122420627	0.736517957467052
3.32730785521151	2.61121844244501
2.39767651973771	1.29524145201207
0.921774163847151	0.265747233383473
1.00752343551908	0.456355157309592
1.38547624122001	0.492221548058075
0.193364634888779	0.0422782569669119
1.75490758178519	0.730788790484642
0.908924422609946	0.262601169518593
1.86028421666166	1.23755169698526
3.56644568989027	1.757536747449
1.72665749194725	0.514015992250562
0.686566813005461	0.229427108546791
-0.292562777536825	0.0873256919566233
1.75845851337505	0.733234957019094
2.08244330412006	0.993420529815253
-0.460507193017994	0.177079609069907
0.208130289751052	0.0445612068776082
0.901720616063008	0.260095467165507
2.90832288894759	1.14706883442003
0.160505292207515	0.0433777347361025
1.72834631728713	0.922754546204933
2.08232066777183	0.993341385977143
1.38545837834875	0.492219504116298
1.39024877373414	0.49406930635718
-0.281307368218551	0.0842040521781391
0.165016980071288	0.0443593586963327
1.6170982984609	0.963428603973302
-2.70586409134541	0.958513971894066
1.78179200304995	0.744678169302807
0.921824610399643	0.265755741469354
1.03452919003238	0.470898617458823
2.92438485477444	1.156147471729
0.920082414250368	0.265252082233154
0.904084541315186	0.261500500062554
2.38511814817332	1.28596893426868
0.538352979327682	0.230152577260532
-0.567097066778424	0.148548092076695
0.204756590717357	0.0440408052662146
0.680770536184485	0.227634687282147
1.07626125737755	0.431473543148338
-1.04621110690196	0.336165192535253
1.05916337556679	0.42328515417955
0.199660581380647	0.0433122758858595
2.45713066693921	0.844016359639868
1.76468686526107	0.736114525646435
2.43961622041387	0.836769184993985
3.27016636624633	1.45724800636443
0.184506730859797	0.0487417923755395
2.91771648568221	1.15252312484676
1.74386805742768	0.724791639516812
0.150652668262833	0.0411730734954083
3.82972352514558	2.06791351062552
2.45446436525245	0.842916202981294
2.44834859745442	0.840528199577986
1.72665749194725	0.514015992250562
0.663822089954424	0.221854620777042
1.77147970267616	0.739537116514312
1.76602253904652	0.736460561645212
1.58034416836032	0.932806416950533
3.55150019255635	1.74586834583851
0.724420903349204	0.317885408943755
2.37600613128154	1.27845150377986
2.38404026055574	1.28393371001409
0.199660581380647	0.0433122758858595
0.936751691272166	0.527247130199599
-0.307819054596212	0.0914527699091275
1.38427899058231	0.491766401647725
2.91493124431159	1.15099278421732
1.11497675837629	0.640923761909551
0.199660581380647	0.0433122758858595
2.45713066693921	0.844016359639868
2.91493124431159	1.15099278421732
2.44567166971443	0.839453219846175
1.75490758178519	0.730788790484642
0.675202385974488	0.225674647305293
0.989347210817816	0.446188433461823
2.87811142514154	1.89658345848853
0.647219427017014	0.248332367375698
2.04480884758549	1.23763100814577
1.78513490822613	0.746684677392543
0.920082414250368	0.265252082233154
2.68837301442443	1.62588137577265
1.4246549617334	0.665836622173961
1.37980134392203	0.490495849580318
1.76612122420627	0.736517957467052
-0.623289950493269	0.215525282776057
2.45713066693921	0.844016359639868
0.202198391670494	0.0436656035177294
-0.62323839204259	0.215729078552078
1.38427899058231	0.491766401647725
2.31250124601382	1.56335420573421
0.675156152037975	0.22565754625012
2.00088125193435	1.20105706221696
0.187516582106475	0.0494383766804619
0.639949301102751	0.244951965301791
1.04268599778172	0.475050205879722
0.985791520208128	0.444685270662775
-2.20131061198549	0.675574843790802
2.06292142221342	0.980111830032735
1.41726659844458	0.660960101131576
1.05365394772533	0.540528860248153
4.4932586209873	3.11165672653515
2.91210871999862	1.14894462063688
2.44834859745442	0.840528199577986
2.90827841061733	1.14708003600027
1.02144425585482	0.463741382555048
0.912597447073333	0.263157043298413
3.28638063920881	1.46778961483254
0.199660581380647	0.0433122758858595
0.187534552195979	0.0494421831048262
-0.29578813560486	0.0882116684839374
1.39971224002831	0.49785141353806
3.56972479265114	1.76059839007616
3.2691134975973	1.45676655530423
2.03984025840462	1.233998920652
-2.13599799229576	1.0776039569898
2.91210871999862	1.14894462063688
1.97850542317712	1.18145732966288
3.8144768626855	2.05520542791873
1.72665749194725	0.514015992250562
0.688755278517132	0.230474449974642
-0.552335012199188	0.144678456612124
-1.04297910743068	0.440483493215375
3.11374036196673	2.24859098634739
1.7131910647464	0.911831960114793
2.90832288894759	1.14706883442003
0.170184199651161	0.0455102597114768
-0.566710995629722	0.148320946109448
2.39246058058387	1.29172180294248
3.588170845786	1.77334019029816
0.915318019020568	0.263922623604752
1.36177072868353	0.718287690157064
-0.321940142149101	0.095224525635294
2.91748540237099	1.93977611896617
0.187468605835015	0.04141071045087
-2.20131061198549	0.675574843790802
0.924519625006435	0.266522920108041
1.75689874560971	0.732131283191921
2.90827841061733	1.14708003600027
3.27619497272584	1.46229178166629
2.39408016580545	1.29253918958529
1.75495432576142	0.730816424365007
2.29268042483046	1.54399715492886
0.645214678485994	0.2470919343214
0.915267467236802	0.263914073443303
0.74995266695292	0.331026778975878
-1.41225084227217	0.526212234537498
1.72664583622157	0.514027439791968
0.671739511165946	0.224608657118817
1.33897908591923	0.785150831003602
1.75477153749148	0.941610978387229
2.2899106532392	1.54071944052499
1.33915208801434	0.703301005444922
1.01656736467695	0.461391213940484
2.62840507070619	1.56976357729164
1.72664583622157	0.514027439791968
0.915267467236802	0.263914073443303
-0.297745227366455	0.088703707435214
2.44567166971443	0.839453219846175
0.174906014150012	0.0466047565088505
2.91771648568221	1.15252312484676
0.656026996648111	0.219649025275672
0.190534411024281	0.0501047275306018
1.34299913675202	0.705834239172076
1.89438222928821	1.26933433609476
-1.39447579712601	0.518519557547366
1.10887119388116	0.636235868949787
1.08730358468494	0.436088441603603
0.912597447073333	0.263157043298413
0.672105543428828	0.328416639530586
2.36896074937919	1.27246280975247
-0.563224434073156	0.1470595732283
1.72378059957424	0.919027269631388
2.65913409490761	1.59753747933238
0.915267467236802	0.263914073443303
2.92438485477444	1.156147471729
1.77731775736724	0.742549867568003
-2.20452069372124	0.676749531450116
1.0542638608458	0.540650545420123
1.73267176933946	0.925379791400822
1.37978528414721	0.490494430759015
1.76266616893112	0.735090202637704
-0.629553074151847	0.218136751742271
-0.458490700048437	0.176046782343751
0.0100596113795736	0.00258792809912965
0.24243225341768	0.0759022527916872
2.91767215080868	1.15195328733466
1.37543780329452	0.488077804570456
-1.02993788278707	0.435668218821139
-1.46556636079729	0.39889055417079
1.38957458135007	0.493821378507415
0.92003140509787	0.265333979478402
1.0989884724864	0.441265983723627
2.07299107522641	0.987025883018416
0.187534552195979	0.0494421831048262
1.7506657784623	0.729256008965406
1.07914588426441	0.432705181035229
2.4483134540998	0.840541819013097
1.39972857201292	0.49785287169011
0.204756590717357	0.0440408052662146
-1.04621110690196	0.336165192535253
-1.04415041615715	0.335312917030539
1.71838037692335	0.512092496146657
0.350894508241081	0.128966369030245
-0.292241074534301	0.103408636542802
-1.43106336394186	0.533724012204026
0.71354990024848	0.312838545302819
0.921824610399643	0.265755741469354
0.668036332371809	0.256525412734318
2.91488688463889	1.15100414083562
1.07526712720017	0.430388498097968
0.888471756255203	0.257036137561661
-0.626555691776872	0.217167560602821
0.893327858309595	0.258137021796653
1.0644157449816	0.425932001262277
-0.606420464845393	0.209873495724074
1.7428616669083	0.724945400053299
0.660034562016067	0.220830659029676
0.73080896046043	0.320970288382767
1.76602253904652	0.736460561645212
2.08244330412006	0.993420529815253
0.682598544233423	0.228483971119609
-0.29284998590975	0.103575931589066
2.05355824543995	1.24591361295509
1.06566085618655	0.547972573770901
-0.877673330894497	0.426722416901515
1.39258193627448	0.495197582069264
1.09062725718876	0.437713933028082
2.08809621258249	0.997393156666143
-1.06396177543038	0.342153940592553
1.0268186852972	0.466916878980236
-0.298807819072265	0.0889558819091486
0.924519625006435	0.266522920108041
2.91771648568221	1.15252312484676
0.65067547091954	0.249219645281051
1.07561158241459	0.430941147002154
4.29768280126282	2.75781238154611
3.26310413052701	1.45333946698961
1.3385027882598	0.70214454681376
1.79388540724732	1.31085936126362
2.38533636033725	1.28561237005996
3.26608991492401	1.45573646702542
1.43191284702931	0.670049678819966
0.187534552195979	0.0494421831048262
1.59169083757657	1.05095286683988
1.38545837834875	0.492219504116298
-0.301330238314901	0.106644669024467
1.06743178358923	0.427217384158955
0.851622620311986	0.427244335749938
1.76805416025174	0.737769143612369
4.07967234349161	2.41156125562556
0.205561737379768	0.0441838774146192
-0.265665846258998	0.106132961102818
0.172601761612573	0.0460655425028584
3.57301180618074	1.76219924411501
1.41194988168762	0.658134811374873
2.89921697881545	1.920004502641
1.4366016636747	0.672827542713147
2.09841704355149	1.00355500904501
0.921774163847151	0.265747233383473
1.77046288364682	0.739085774074085
-0.326025973096073	0.0962221440672339
1.34566631411327	0.790295185891815
1.32841726049249	0.945327530871204
2.39408016580545	1.29253918958529
0.915267467236802	0.263914073443303
0.697954371514853	0.2332827748051
1.38248601554662	0.491066536373935
1.3899474343491	0.49452024011659
2.28114326973709	1.5311961456284
0.680939462933718	0.261956153566472
-0.299219362373463	0.0889225334662289
2.91771648568221	1.15252312484676
1.72664583622157	0.514027439791968
-1.41587635029561	0.527553080906067
1.31538716499835	0.687251731081174
1.89022662042209	1.26541225657017
2.3982235304656	1.29550420000521
3.32405365343203	2.60532666787908
1.34488626339307	0.78981997859989
1.76274967080013	0.947221522540476
1.0671368633528	0.426658214795582
2.26404238986109	1.51359319440914
1.42868079716688	0.66813775534074
-0.314658149771429	0.111152990380976
1.3726881258282	0.487534212258015
0.67584655782551	0.226191449456126
3.15728964117887	2.30159315246286
1.08132524292082	0.433468517234334
0.915318019020568	0.263922623604752
1.38427899058231	0.491766401647725
1.77046288364682	0.739085774074085
0.180334652339367	0.0478106473797875
4.31292319631881	2.77606556166838
0.680770536184485	0.227634687282147
0.35967752558166	0.132385240160167
1.76810514306125	0.7381530283959
0.165016980071288	0.0443593586963327
2.3849000886837	1.28528461722794
0.175124314973247	0.046645304856595
2.91668201374918	1.93811695039721
-0.305975765947475	0.0907616862676259
-0.139791269654721	0.0526552491486163
2.37578880147198	1.27828300899486
0.208346293480117	0.066114609078232
1.05334411676972	0.420670006057373
1.43777745532278	0.673223104825915
3.27618071303355	1.46153655074
1.08243041392435	0.433808481076357
1.09062725718876	0.437713933028082
0.35817271842212	0.131827464679808
-1.84938412092576	0.83356226036139
0.679138829517389	0.227225806250618
-1.42987043721697	0.533700849096348
3.28941175437922	1.46860953231239
1.09417108141425	0.439146045343994
3.27921340058014	1.46335938453018
1.73171709800504	0.925062593360711
2.08244330412006	0.993420529815253
2.25112437410467	1.50186754517827
-0.561074719780954	0.146672057200803
1.45871876413003	0.685620162052432
-2.20452069372124	0.676749531450116
0.165016980071288	0.0443593586963327
-0.55888165037327	0.146019049191659
-0.623891435697114	0.216208645967243
-0.275734201939887	0.0826813184500592
-0.455851427589177	0.175687025495234
-0.134875356601715	0.0508331381762915
1.08071582859641	0.55689853866019
0.149535293824654	0.0529417650376651
0.174889099808041	0.0466011835497983
-1.40325859652233	0.522285930698835
-0.0625801216561574	0.0202003096297817
0.208130289751052	0.0445612068776082
3.26608991492401	1.45573646702542
2.40160988871254	1.29890166764127
0.675202385974488	0.225674647305293
1.39256483421105	0.495195831360944
0.180334652339367	0.0478106473797875
0.164712869579257	0.0443121871062313
-0.623196971118712	0.215705624898656
0.141678632013578	0.0504033310721726
-0.340770456339377	0.100260464453902
1.42995310156073	0.668663911451575
0.224865135253605	0.0707281274482377
3.85540772966821	2.09069754261606
-0.450224202181104	0.173610643419861
2.3899441417321	1.28925538494421
1.38545837834875	0.492219504116298
0.165016980071288	0.0443593586963327
-0.027098015356919	0.00925882820884714
0.912597447073333	0.263157043298413
0.675202385974488	0.225674647305293
0.659969723833758	0.22073480452832
0.694431548999718	0.232314723385403
1.08243041392435	0.433808481076357
1.01593942389526	0.461040510146869
1.33731238646955	0.701634083652426
3.5772212367167	1.76512071300624
3.11687300163946	2.25235417934009
0.843480688796894	0.521784153145759
-0.833578726224782	0.322001483922708
2.39351383605368	1.29184613503063
2.26080874789412	1.51159674456053
1.38248601554662	0.491066536373935
2.38511814817332	1.28596893426868
-2.20131061198549	0.675574843790802
0.174906014150012	0.0466047565088505
1.39256483421105	0.495195831360944
-0.554009631260321	0.145198449870715
0.722599948494786	0.317150836936203
0.70174540031376	0.306933154537561
2.12141064980844	1.01763922360598
1.76132592326778	0.734011809487289
0.358453671787734	0.149011671830954
2.09396320894315	1.0011830226404
-1.84142427080935	0.827719614988648
3.27318434966019	1.45987088217078
0.159826616761533	0.0431779029725108
1.07878401387793	0.432142860294847
1.76266616893112	0.735090202637704
1.72665749194725	0.514015992250562
0.180334652339367	0.0478106473797875
1.39559632674966	0.496139071198923
2.65419439235457	1.59398879310137
-0.616952170842523	0.213311355665984
1.39297854197316	0.495469142243549
1.4297353185423	0.668537036752761
1.00990466464123	0.457811197319887
1.74961031836619	0.937856774173022
-1.39218884984795	0.517361767954646
2.37609859202537	1.27828284000135
-0.292596402803385	0.0873350320881933
3.57296496055713	1.76215685722717
1.72665749194725	0.514015992250562
2.91708358751763	1.93938046800361
0.912597447073333	0.263157043298413
2.07070088186458	0.986173709040268
2.44567166971443	0.839453219846175
2.02666110941711	1.65499439067423
-1.99878126674542	0.957411130506635
2.10204478260656	1.00634877322488
4.67766345644505	3.48211115751427
3.56221723512204	1.7544607898084
0.364720743492951	0.151189253908586
0.187534552195979	0.0494421831048262
2.64984709837237	1.59026989976568
1.13836842435748	0.658406655505495
1.38693874860014	0.493138548264775
-0.0650565693058432	0.0208223884656029
1.72665749194725	0.514015992250562
1.38248601554662	0.491066536373935
2.44567166971443	0.839453219846175
1.38957458135007	0.493821378507415
-1.39450786271473	0.518532290441501
2.41034044350148	1.30468333060966
0.650464525564853	0.249133136234905
0.915318019020568	0.263922623604752
1.73685969686651	0.928759931275441
1.37680220633397	0.489129296924302
3.25906560847611	1.45089113400716
4.07505074466954	2.40807780385221
1.73685969686651	0.928759931275441
1.77736983538441	0.742093229737016
2.91210871999862	1.14894462063688
3.26909842045239	1.45753652807612
1.34344957838451	0.706096460834328
1.77934020229914	0.743688664609217
4.88416598803739	3.9191124502381
2.28639785620742	1.53658837096024
2.93189837523548	1.95517164032952
1.08264023060705	0.434363271610391
1.73953356091327	0.723250406310303
-0.275639826283991	0.082654363540114
0.725974732232211	0.318661704317875
1.39258193627448	0.495197582069264
3.27921340058014	1.46335938453018
4.05182092813482	2.38195009401284
1.71766374017943	0.91512160535017
2.44834859745442	0.840528199577986
0.38023409348473	0.15813132401842
-0.0727903319588328	0.0231123345411712
0.985426495932102	0.444091191039072
1.73255667163657	0.925675640109676
2.4483134540998	0.840541819013097
0.222488748073877	0.0702750393397437
1.4057837164765	0.50019805265816
-0.082311991994907	0.0251946159150596
0.240928585800385	0.0756443444430688
-1.05947814393474	0.340342479682109
-0.297745227366455	0.088703707435214
1.77731775736724	0.742549867568003
1.36505816560931	0.720659830255765
1.75845851337505	0.733234957019094
0.164712869579257	0.0443121871062313
2.08234354012844	0.993536617280729
1.40915463948594	0.656959126790639
1.39258193627448	0.495197582069264
-0.0954999047980059	0.0291381833654488
2.0904766040442	0.998607707037486
1.40576821535676	0.500196841629125
1.13446637052278	0.655323624372818
-1.46556636079729	0.39889055417079
1.37861220875149	0.489998518007766
-0.102652743410627	0.0314920867621947
2.65722398023271	1.59641801303787
0.741905926768887	0.327109124290063
1.72665749194725	0.514015992250562
-0.549588025379477	0.144138904810768
1.08941441675677	0.437024069479072
0.910807770799633	0.262737230399533
-0.0419490829494732	0.0142658185879587
1.72664583622157	0.514027439791968
0.680939462933718	0.261956153566472
1.74139161541622	0.932344972749732
3.56972479265114	1.76059839007616
2.4483134540998	0.840541819013097
0.360282287687163	0.132533514597678
-1.41089196212682	0.525591327452038
-0.302194401361676	0.0898991994770611
0.170690165592143	0.0456649453098175
1.40575275971062	0.49988083524423
0.516602367074049	0.220151793239278
1.39258193627448	0.495197582069264
2.02822571998538	1.22441493411389
0.187534552195979	0.0494421831048262
2.45716616852698	0.843674766141773
1.71106494600142	0.909572869678206
-1.06079889831805	0.341092805238213
0.196315155888877	0.0427978646049216
1.39258193627448	0.495197582069264
0.675202385974488	0.225674647305293
-1.05357102754035	0.33871174915923
0.682836710183236	0.228417275029107
0.671739511165946	0.224608657118817
1.72402871819241	0.513373825324747
0.677379565658875	0.226586193321658
1.78179200304995	0.744678169302807
1.72664583622157	0.514027439791968
-0.838236464413807	0.323729019492838
-1.4282371893032	0.532481923520855
0.157581581108027	0.0426992641424185
-0.617573923622581	0.213728116537491
-0.308978324329468	0.0917900248118583
0.208130289751052	0.0445612068776082
-1.41587635029561	0.527553080906067
0.727975335969174	0.319995544039775
0.190738716303272	0.0418413373211237
-0.032011431261601	0.0108159993665162
-0.0579575303703221	0.0185318379628425
-0.0460177587854143	0.0154324897120487
1.75396464978124	0.730590510503128
1.42365722946696	0.66531902564422
-1.65352787363434	0.685632629902248
3.84440354953942	2.08249008423248
-0.563224434073156	0.1470595732283
0.213875735011713	0.0677940691858879
1.76602253904652	0.736460561645212
1.40809085630763	0.656135613268571
1.71838037692335	0.512092496146657
0.915267467236802	0.263914073443303
1.38545837834875	0.492219504116298
-0.298760378057541	0.088942138383077
1.41194988168762	0.658134811374873
-2.20131061198549	0.675574843790802
2.39384947900438	1.29288498375225
0.377329986688436	0.139278768601978
-0.856841474893289	0.332280942743884
2.09467744084646	1.0018615252071
-1.46754137571983	0.399241075338394
1.05577293441286	0.422045606578738
2.0705747055511	0.986092746616335
0.170184199651161	0.0455102597114768
3.28334481162405	1.46534615851461
-0.297745227366455	0.088703707435214
2.62366274715256	1.56540868485671
0.199660581380647	0.0433122758858595
-0.297745227366455	0.088703707435214
0.668036332371809	0.256525412734318
0.694482139777268	0.232235941341523
0.915318019020568	0.263922623604752
0.912597447073333	0.263157043298413
-0.552335012199188	0.144678456612124
-1.0411155019997	0.334366938978704
1.39972857201292	0.49785287169011
2.07429688579002	0.988030981435039
0.735752504446755	0.323591621793353
0.515831581713427	0.245613856114826
0.683042523889567	0.228414048266896
-0.617696986324821	0.213774263965068
2.09035178211931	0.998526967079187
0.182273477751123	0.0405997709363184
-1.06821129260626	0.343603474036397
3.26610537788351	1.45572874939348
0.228391632407592	0.0717682523462766
0.659233300414323	0.252864175791814
2.45442904372326	0.842929862158112
0.658034884399061	0.252497421846177
0.685346954982678	0.229231600279827
3.56977075964114	1.75979068321058
3.2833312885705	1.46611990793056
3.55895493620897	1.75203607094021
0.230992937256442	0.072671397672911
-0.552335012199188	0.144678456612124
0.24231079990204	0.0758656666474767
0.15063697812048	0.0411697681850444
1.3801874459795	0.490172173913112
-0.0753837559242021	0.0233598717464231
1.32257619044623	0.692139321509977
3.28635452349004	1.46676370017261
-0.0906429971742657	0.0282837023220957
1.0569273334707	0.542126696915953
1.05645665467407	0.541648191096641
0.199660581380647	0.0433122758858595
4.0588318326328	2.39002452109041
0.358479315103813	0.131941298691216
2.09408927735694	1.00081261564385
0.785662778763952	0.434414813147146
0.513458125415002	0.219127967172646
1.75495432576142	0.730816424365007
2.45442904372326	0.842929862158112
2.38511814817332	1.28596893426868
0.658376177824388	0.252792136950076
0.683090437699776	0.228431766982679
2.4110519290943	1.30604253124369
1.38545837834875	0.492219504116298
3.27618071303355	1.46153655074
0.906151326926563	0.261259737108879
1.32366405430752	0.85229689035254
-0.576382344846406	0.15043977920911
0.254284235189305	0.0794453940672214
1.41420762228717	0.659143980033855
0.239403305751306	0.0751465921929683
2.67109271505584	1.60955007951494
1.05932465176635	0.423494952192554
2.90827841061733	1.14708003600027
2.66302375387074	1.6029269529052
1.39557961180183	0.496365775816694
2.88702915299469	1.9060662370211
0.924519625006435	0.266522920108041
1.76198531536044	0.734732478702408
0.994704090404642	0.449186512877228
3.82548269471368	2.06552727960143
0.187468605835015	0.04141071045087
2.10906287540443	1.01016466234297
1.3726881258282	0.487534212258015
0.369096871562905	0.135856506688091
0.899765603237419	0.260024823460973
2.09408927735694	1.00081261564385
0.67742746445304	0.226603864627127
2.91493124431159	1.15099278421732
2.45709514677168	0.843701380989689
0.643825292152464	0.246848027311065
0.657566945912919	0.252328142176309
1.78395798545352	1.3015488229606
2.43961622041387	0.836769184993985
1.33021738998939	0.696964035599603
2.65386631021235	1.59442541080738
1.76029939115389	0.733878423235619
3.57726881742395	1.76601645158811
1.61527645203401	0.961472314958103
2.5061834185583	1.85028228672704
3.24909639235388	1.44424220972449
2.44567166971443	0.839453219846175
3.80690118981087	2.04849128299481
3.58057285984422	1.76825339260171
0.235222760716859	0.0740374528443291
2.93476875679014	1.95699363962467
0.718624773832492	0.31504083816479
0.228511156169644	0.071804032729532
0.199660581380647	0.0433122758858595
0.634668312809639	0.242729741516282
3.26909842045239	1.45753652807612
-2.20131061198549	0.675574843790802
0.917347332724012	0.264571103399029
3.26310413052701	1.45333946698961
2.4483134540998	0.840541819013097
-0.846333711055868	0.327751612710057
1.71838037692335	0.512092496146657
0.354874564260505	0.146856039012381
0.716025812967933	0.314033813894362
1.73171709800504	0.925062593360711
4.06316971901694	2.39465083519056
0.652196999530061	0.250202366763998
0.924519625006435	0.266522920108041
0.694381051215851	0.232198533859577
2.90551789185603	1.14556900793857
0.523501001890761	0.24936195565515
0.627392402464072	0.23969321023407
1.76132592326778	0.734011809487289
0.682836710183236	0.228417275029107
1.38693874860014	0.493138548264775
0.652571139074811	0.250158823646493
1.71838037692335	0.512092496146657
1.38545837834875	0.492219504116298
0.669501572235949	0.223838569535414
1.76612122420627	0.736517957467052
-1.47559564657686	0.401361379112135
1.71838037692335	0.512092496146657
1.39024877373414	0.49406930635718
2.38439525338939	1.28492217504932
1.78513490822613	0.746684677392543
-3.06639739603196	1.22806237039513
1.39557961180183	0.496365775816694
0.199660581380647	0.0433122758858595
-3.5612114799558	1.6596800647108
0.196315155888877	0.0427978646049216
0.180315924045662	0.0478066702574292
0.902425948558069	0.260776504921945
2.44567166971443	0.839453219846175
-3.56671897729855	1.66399068222974
0.902425948558069	0.260776504921945
0.163492226678909	0.044044738586646
-0.275687060281398	0.0826939690244633
1.08243041392435	0.433808481076357
0.694482139777268	0.232235941341523
0.669547790070559	0.223855623975965
1.04175540575078	0.415250420512325
2.43961622041387	0.836769184993985
3.79935699009225	2.04112943481132
1.42696909557048	0.66688267012766
0.906151326926563	0.261259737108879
1.32395774801127	0.692440655890996
2.07885463546249	0.990791062375455
2.89896851317136	1.14156400888801
1.77829806424928	0.742842282455695
2.29117786847027	1.54141354250342
1.3203134271142	0.690218205049431
-1.06620308418893	0.342965817880657
3.26908338806269	1.45678296110119
3.26909842045239	1.45753652807612
0.244922809793096	0.0766765676928704
-3.07139247283292	1.23058533678423
-0.569836236427639	0.149089357519807
-1.05778778260541	0.340151551701162
0.180315924045662	0.0478066702574292
0.910807770799633	0.262737230399533
-2.71011261153659	0.959781838355434
0.682598544233423	0.228483971119609
2.09396320894315	1.0011830226404
0.173703554764952	0.0463270163085087
0.187534552195979	0.0494421831048262
0.901720616063008	0.260095467165507
2.36440702734713	1.26880947609551
1.72402871819241	0.513373825324747
0.163508956262119	0.044048271796309
2.43961622041387	0.836769184993985
1.75490758178519	0.730788790484642
-0.292241074534301	0.103408636542802
1.07878401387793	0.432142860294847
-0.045801651774563	0.0153759545680933
2.91776082824986	1.15193094411066
1.37560445721137	0.489062016487637
2.10217307290226	1.00597885790096
3.26610537788351	1.45572874939348
1.74087288135545	0.932157167857861
3.58480031521524	1.76996218225702
1.40274440558796	0.499243938315738
0.69096870942265	0.231048868043151
3.57301180618074	1.76219924411501
-0.614019159842528	0.212412899348605
2.0624568556121	1.25370747359148
1.40272851054165	0.499012480580187
3.27318434966019	1.45987088217078
-1.46556636079729	0.39889055417079
-2.21584944415156	0.681305547753399
-2.71011261153659	0.959781838355434
2.4483134540998	0.840541819013097
0.92003140509787	0.265333979478402
0.208088282973525	0.044554233682967
1.72664583622157	0.514027439791968
-1.40535664263192	0.523201833324806
2.91210871999862	1.14894462063688
-0.562262366874053	0.147296690051847
-1.0764473812127	0.346245967591191
1.38727744289309	0.493135957861707
0.919086224093982	0.264875597201778
-0.304389922778657	0.0904940480963697
0.688805855840813	0.230396439124451
-2.7214943742061	0.967734061568593
-3.07868138305069	1.23522198167588
2.90551789185603	1.14556900793857
2.08244330412006	0.993420529815253
1.76177160357666	0.734855893090464
1.40121127168321	0.652153558592291
1.39258193627448	0.495197582069264
0.373805727170179	0.137856575555203
-0.549638443779565	0.144154566527545
-0.0855226045763186	0.0262831333767624
1.10241852597439	0.44300069869777
1.72664583622157	0.514027439791968
-1.39447579712601	0.518519557547366
1.73286978016093	0.92589763774962
-1.04623082826136	0.336174901762473
-2.21257221902061	0.680354097619789
1.40001400553442	0.650534796584488
0.664229390792417	0.221891790168857
-1.66279657880004	0.690412504342113
0.185318321206265	0.0489335087463581
1.07063938963435	0.428249111328309
-0.302676039516398	0.0898858524194861
2.44567166971443	0.839453219846175
-1.83148688790241	0.822088327830887
2.45446436525245	0.842916202981294
3.55899825992108	1.75207908437113
-0.441753275107597	0.170077918346124
1.38725996190371	0.493134041662893
1.39026582301669	0.494298341784791
-0.0691158713864332	0.0220053125226578
1.00115528481504	0.453124229919134
0.199660581380647	0.0433122758858595
-0.556695510417587	0.145720699864662
0.672304031961959	0.258284674362663
1.41934056668664	0.662450172156458
0.69096870942265	0.231048868043151
2.45446436525245	0.842916202981294
1.77046288364682	0.739085774074085
1.0671368633528	0.426658214795582
-0.0900312571249825	0.0279764260645235
0.210930369753659	0.067023853389726
2.91771648568221	1.15252312484676
-0.0640587966295483	0.0205326002736941
1.40274440558796	0.499243938315738
-0.0833903076581326	0.0260584073304863
0.919086224093982	0.264875597201778
0.683699784578404	0.335250875846876
0.666272809074861	0.256060204320629
1.37543780329452	0.488077804570456
0.726255443957864	0.318878470598764
2.07108799360064	0.986213934959698
1.75495432576142	0.730816424365007
1.44555554095769	0.677958384640391
0.174889099808041	0.0466011835497983
2.45442904372326	0.842929862158112
2.44834859745442	0.840528199577986
2.92442907579133	1.15555204884472
1.37560445721137	0.489062016487637
3.26310413052701	1.45333946698961
2.37681350037405	1.2784815421939
2.65337170045971	1.59317605348208
1.75528444266981	0.941549499148515
0.694482139777268	0.232235941341523
1.77393728942937	0.74080523066272
1.75061451146006	0.72922626546094
1.09530722528222	0.439560613937982
0.636096206722556	0.244036679595994
0.157581581108027	0.0426992641424185
0.199660581380647	0.0433122758858595
0.663051220033839	0.254349168039037
1.07927570453139	0.432571298716309
-0.0775757647494867	0.0242967610506194
3.26610537788351	1.45572874939348
1.38545837834875	0.492219504116298
0.180334652339367	0.0478106473797875
0.673995039992328	0.225358656301781
0.208130289751052	0.0445612068776082
0.344531871439932	0.126749556674003
-0.55888165037327	0.146019049191659
2.38139112802631	1.28265319016193
1.38248601554662	0.491066536373935
0.752456804450674	0.331875591344388
0.677379565658875	0.226586193321658
0.682780279227726	0.228527448281727
-0.562313153317888	0.147312602906664
2.08591591043052	0.995653239553386
2.65367753175929	1.59343306640746
1.40274440558796	0.499243938315738
3.26608991492401	1.45573646702542
2.91776082824986	1.15193094411066
1.09163408543576	0.437630647209745
1.41794018034427	0.662166911564669
1.73812273916778	0.721866423643434
0.908924422609946	0.262601169518593
0.697851317320155	0.233378401193421
-0.310646750077994	0.0920983537713622
0.863201326839271	0.434452974304101
2.90551789185603	1.14556900793857
-0.623289950493269	0.215525282776057
2.40665218131254	1.30287266862572
0.650917332266178	0.217796686412184
0.180334652339367	0.0478106473797875
2.08232066777183	0.993341385977143
-2.69742047364421	0.954793958704405
1.75490758178519	0.730788790484642
2.01411831846072	1.21255145014863
-0.638171271020665	0.221064410228316
3.27318434966019	1.45987088217078
-0.304986219452742	0.0904654050256052
-0.549638443779565	0.144154566527545
-0.0823797607672338	0.025275452657158
1.89416600040827	1.2696924837897
1.33209329659958	0.78052964444999
2.4901119128313	1.83075377229226
0.205561737379768	0.0441838774146192
1.74579979567988	0.935242340465103
1.71706309180576	0.914610092783776
0.692007478519059	0.301887130554405
2.06500925399368	0.981858296271072
2.65913409490761	1.59753747933238
1.36551843575092	0.484955838575038
2.11195266806198	1.0123288753171
2.09171472149403	0.999275811644764
1.38279184561893	0.491656853905118
2.09968142014921	1.0046934702074
0.915267467236802	0.263914073443303
0.180752363216701	0.0635612795945886
0.908148649268101	0.26198445808125
0.180334652339367	0.0478106473797875
-0.620969894100123	0.215116746351169
1.39972857201292	0.49785287169011
3.55150019255635	1.74586834583851
0.182273477751123	0.0405997709363184
1.38547624122001	0.492221548058075
2.08221389286219	0.993901362497794
0.911609804248397	0.263272701029936
0.180334652339367	0.0478106473797875
1.71838037692335	0.512092496146657
0.671783008731121	0.224523528358971
0.506179019597983	0.215555514187714
0.675156152037975	0.22565754625012
0.921824610399643	0.265755741469354
2.92438485477444	1.156147471729
1.75845851337505	0.733234957019094
3.84453748990437	2.08172146404308
3.84453748990437	2.08172146404308
1.33732622497331	0.701805530691411
1.02543746055649	0.465890371859252
2.67127470476257	1.61024448519601
1.77829806424928	0.742842282455695
1.76468686526107	0.736114525646435
3.25904938664935	1.45089842575752
1.43295820650111	0.671091606897259
2.45176958518949	0.841449769742287
1.77046288364682	0.739085774074085
1.71888849989466	0.915869330192722
-3.60328480717304	1.68604143416801
0.675202385974488	0.225674647305293
0.195923847427482	0.042652530602415
0.187534552195979	0.0494421831048262
-1.84539087598814	0.830271450565125
1.0211430329504	0.463421517189673
3.26310413052701	1.45333946698961
1.75157325264744	0.72908452782451
1.7660718355889	0.736843404138436
-1.65371288524152	0.685423857260386
1.58560549739278	0.93731328466365
0.172141930104414	0.0459762515619496
3.54042336770404	3.01297546443249
1.33691859591551	0.701121465109112
0.739006749535859	0.32509024292127
3.56972479265114	1.76059839007616
1.03585109550545	0.471745445075046
0.985340173302813	0.444363835363631
2.10542171964225	1.00780245647064
0.906151326926563	0.261259737108879
1.33149544187949	0.698096542966403
0.915318019020568	0.263922623604752
1.34903498090539	0.710194299228387
0.686536055887006	0.229501764539986
-0.281260235296569	0.0842171949240455
2.49763257228809	1.83942262990263
-0.617573923622581	0.213728116537491
-0.611290101809887	0.211254688921602
1.06371543501876	0.546710962396596
1.06730544773054	0.427159838008875
0.663385927314191	0.221879924565254
-1.02561028844483	0.433368144071861
-0.838236464413807	0.323729019492838
1.06137676746378	0.424207182069452
0.906151326926563	0.261259737108879
-0.563224434073156	0.1470595732283
0.64934400979849	0.249051843557795
3.26610537788351	1.45572874939348
0.170184199651161	0.0455102597114768
3.56221723512204	1.7544607898084
1.40450362679036	0.654227058731046
1.11683609652195	0.642414059023622
0.675202385974488	0.225674647305293
2.10581004156324	1.00804315738564
2.91210871999862	1.14894462063688
1.42699146428275	0.667427113070062
1.42365722946696	0.66531902564422
0.6632665028763	0.254542872386415
2.36538908789518	1.27044474533211
1.44084100661094	0.67515213066271
0.130955465014567	0.0466832592341662
2.3674865959885	1.27171628717946
2.5083978812769	1.85304420016037
2.92158168883162	1.15406672838897
2.01739387004226	1.21484334399475
2.2722129569215	1.52299603837312
1.07314442330609	0.429735777855557
1.99946822363422	1.19933111233309
1.87085795337258	1.2478368044715
2.63299271956803	1.57410371010563
0.998719190988348	0.45194876111974
0.153250594922027	0.0540219207923658
1.31538716499835	0.687251731081174
-0.567147696017947	0.148564042333489
2.4483134540998	0.840541819013097
0.202198391670494	0.0436656035177294
1.44555554095769	0.677958384640391
0.657566945912919	0.252328142176309
1.39559632674966	0.496139071198923
0.851973137217349	0.427556780587382
0.915267467236802	0.263914073443303
4.86781667441406	3.89337222551465
3.55154185738699	1.74591014244481
0.359700398495367	0.132015671206623
3.82208423256688	2.06165992465882
2.90124595309925	1.92188988153994
2.39384947900438	1.29288498375225
1.08382719212931	0.43454728006523
4.48039118921065	3.09398281891314
3.8331373619037	2.07194875327632
-0.302624020341436	0.0898708198679739
2.38854090411063	1.28873292323228
0.912597447073333	0.263157043298413
1.71838037692335	0.512092496146657
0.899765603237419	0.260024823460973
2.09854407465172	1.00363736255297
2.11401480346062	1.0131118083397
-0.297745227366455	0.088703707435214
0.342057708080356	0.125777415392511
1.71080856620813	0.90946625902199
1.02087118003561	0.463619885963511
1.38545837834875	0.492219504116298
-0.0737408442929005	0.0231810074186103
1.38727744289309	0.493135957861707
1.3801874459795	0.490172173913112
1.77388619361697	0.741131703530167
0.915267467236802	0.263914073443303
3.28943707141214	1.46858989858706
1.77383519060389	0.740746034447833
0.644834762529595	0.31366255513394
2.40641683213846	1.30198117251031
0.659969723833758	0.22073480452832
0.651350337844318	0.217890188130535
2.01779007837148	1.21518074863204
0.180334652339367	0.0478106473797875
0.196315155888877	0.0427978646049216
0.16602351638132	0.0587021945086172
-1.42427284589386	0.531167841641139
0.910807770799633	0.262737230399533
-0.292431538166357	0.103331667725826
1.33426138831083	0.699710486556853
0.664229390792417	0.221891790168857
0.901720616063008	0.260095467165507
2.89896851317136	1.14156400888801
1.00829869221336	0.456324920608846
0.675156152037975	0.22565754625012
0.809446703340829	0.402159558494779
0.208130289751052	0.0445612068776082
1.39559632674966	0.496139071198923
0.914619300557244	0.26369561215826
3.25906560847611	1.45089113400716
-1.6459922743766	0.681574467491831
-1.04923748026572	0.337110470489464
1.3257951875372	0.694240931214613
1.78513490822613	0.746684677392543
0.175143411457113	0.0466493667011835
0.901720616063008	0.260095467165507
2.89896851317136	1.14156400888801
0.180315924045662	0.0478066702574292
2.91488688463889	1.15100414083562
-0.55888165037327	0.146019049191659
2.08850076841537	0.998296561308941
2.08448560220228	0.994743736476529
3.26310413052701	1.45333946698961
2.08232066777183	0.993341385977143
1.4149933401361	0.660255519580867
3.58052429827243	1.76820988967439
-1.46754137571983	0.399241075338394
0.23935101565622	0.0750454443364306
1.33514583904184	0.70051307417255
1.99013069958725	1.60347409226359
0.659233300414323	0.252864175791814
-0.0766106949079694	0.0242313820543097
0.910858892443621	0.262745945817241
-0.615582006689354	0.21308138531288
0.202198391670494	0.0436656035177294
2.08005047323412	0.991876342394343
1.77046288364682	0.739085774074085
-0.436239736479107	0.167697688143406
1.36972296309591	0.486388383733701
1.39971224002831	0.49785141353806
-0.0607590430659973	0.0194153249897909
-0.0748858623306601	0.0234591654875846
0.824549970966506	0.411127351899937
0.187534552195979	0.0494421831048262
0.683042523889567	0.228414048266896
2.43961622041387	0.836769184993985
1.87332238078673	1.24881163078229
2.65861689116527	1.59804071001054
0.716296482079475	0.313551666416979
3.81015718911041	2.0513447425075
-0.874573445324434	0.339066819702507
2.09927620056741	1.55012158011724
2.10204478260656	1.00634877322488
0.648499808192757	0.248883126610728
2.37551489355718	1.27842281579829
2.91668201374918	1.93811695039721
-1.8365763720551	0.825361689252669
1.42699146428275	0.667427113070062
0.915318019020568	0.263922623604752
-2.70586409134541	0.958513971894066
2.4483134540998	0.840541819013097
-0.554009631260321	0.145198449870715
-0.453005171013646	0.17457278882595
0.177324465825582	0.0471342222202081
1.04221286773448	0.415884734646567
2.92719523940039	1.15711191350553
-0.552335012199188	0.144678456612124
2.3899441417321	1.28925538494421
2.08244330412006	0.993420529815253
-0.623912429413464	0.216071538242249
2.44567166971443	0.839453219846175
1.38277622260188	0.491429562364001
0.180334652339367	0.0478106473797875
1.76805416025174	0.737769143612369
-1.48036509444371	0.402677323712302
-0.571538969396222	0.149182553096798
3.28028898843479	1.46347366776651
2.09036904397249	1.53902642791758
2.01534894397593	1.21341013282652
3.53034160156644	2.99932510706011
2.90557492590089	1.92662542416781
2.03705797101787	1.23210079224441
3.84806432828049	2.08586995435566
0.230944205617289	0.0725716910717296
1.7428616669083	0.724945400053299
2.09745532714859	1.00299110807235
2.27285114654353	1.52319634191614
0.75015024265563	0.330997756884889
0.686515267512222	0.229539414250865
-0.0770412324672868	0.0239721189108521
0.172141930104414	0.0459762515619496
0.671217910650184	0.224603448239011
-0.563224434073156	0.1470595732283
0.199660581380647	0.0433122758858595
-1.46556636079729	0.39889055417079
2.45709514677168	0.843701380989689
-0.0864333464683303	0.0268884438785971
2.10794914759699	1.00980437821101
-0.55888165037327	0.146019049191659
2.44567166971443	0.839453219846175
2.27931658061325	1.53030901000624
1.39256483421105	0.495195831360944
1.61912827037135	0.964866511411884
1.06686523286851	0.548853431187524
1.36981019113186	0.723518280892524
0.228234879096324	0.071924407436597
0.725974732232211	0.318661704317875
1.73297831887645	0.925698526944301
1.31438675203725	0.6856746009779
2.91493124431159	1.15099278421732
2.09408927735694	1.00081261564385
2.01268472908159	1.21168277236144
-0.139675488401518	0.0521999037150458
1.99946822363422	1.19933111233309
1.63102871600787	0.974324608452627
2.25336952970998	1.50297889254062
2.08687180288968	0.995840966043941
-0.278894434640236	0.0986465868379684
-0.279103788614289	0.0836339313174652
-0.0741057905457266	0.0234053648987362
3.27921340058014	1.46335938453018
1.38547624122001	0.492221548058075
1.05904170564614	0.42278740114866
2.92163519709689	1.94444193656395
1.42126218292177	0.663517965383386
0.174906014150012	0.0466047565088505
3.56967891771929	1.75970398327778
2.91493124431159	1.15099278421732
1.71106494600142	0.909572869678206
4.52025531680839	3.14926015469512
2.07134717568706	0.986375305284224
1.07314442330609	0.429735777855557
1.13990230662736	0.658830255998924
1.41991169953947	0.663163951030446
1.74541648816114	0.93525896999893
0.180315924045662	0.0478066702574292
-0.0642756900903657	0.0204633609165601
3.82548269471368	2.06552727960143
4.07505074466954	2.40807780385221
2.08599448943751	0.995909696378164
1.33165225276421	0.779543656289151
-0.314027207243201	0.093045575987002
1.38957458135007	0.493821378507415
1.42995310156073	0.668663911451575
3.27922726773361	1.4633502643727
2.91767215080868	1.15195328733466
1.38725996190371	0.493134041662893
0.915267467236802	0.263914073443303
1.44107562091579	0.675674611029786
0.20471393630254	0.0440337263228802
0.24231079990204	0.0758656666474767
1.07999676732128	0.433003346436038
0.230534790079877	0.0723507853261846
-0.279103788614289	0.0836339313174652
1.97218188843425	1.58468522114041
1.72879825628199	0.922337542393182
2.91854743794234	1.94061982227151
1.01182301797473	0.458570752508632
0.657818875798338	0.252304496156445
2.50646240136253	1.85092924458675
2.13279544259758	1.58659086987539
2.69559363485626	2.16400768416187
-0.617573923622581	0.213728116537491
2.92434064150852	1.15557468669485
2.5250631818234	1.87215236407167
3.26608991492401	1.45573646702542
2.07873132634183	0.99133955114872
-1.04113486477337	0.334376496819243
2.43961622041387	0.836769184993985
0.912597447073333	0.263157043298413
3.27016636624633	1.45724800636443
1.72664583622157	0.514027439791968
1.43272063768476	0.670672736077732
2.92715105200563	1.15632474992962
2.92434064150852	1.15557468669485
4.49675439863273	3.11750958754004
1.07332271092499	0.430065002010082
2.45176958518949	0.841449769742287
1.02087118003561	0.463619885963511
0.906151326926563	0.261259737108879
2.89896851317136	1.14156400888801
-0.0555817195260467	0.0179668382191444
-1.84381288922891	0.828459907242359
1.71838037692335	0.512092496146657
0.671658309611162	0.258084614436659
0.894916799465727	0.258924013894673
-0.565000228990759	0.147836672845567
1.42126218292177	0.663517965383386
-1.04415041615715	0.335312917030539
1.40862404516162	0.655840638535552
1.76525370557138	0.736652710479781
0.908148649268101	0.26198445808125
0.901720616063008	0.260095467165507
3.27316965466308	1.45987901225535
-0.842756748948847	0.326060739423956
1.08243041392435	0.433808481076357
2.07070088186458	0.986173709040268
-1.46556636079729	0.39889055417079
2.45446436525245	0.842916202981294
0.915267467236802	0.263914073443303
2.08809621258249	0.997393156666143
-2.7214943742061	0.967734061568593
0.761388558536947	0.336400237616829
1.39439163408924	0.495778972801822
2.07087125864236	0.985611875361845
0.646664355085335	0.247560855118348
1.07055149768409	0.428696840110524
2.45446436525245	0.842916202981294
0.655420021623032	0.251197358183777
0.725974732232211	0.318661704317875
3.82113528346696	2.06170072700775
1.05904170564614	0.42278740114866
2.45442904372326	0.842929862158112
0.92457006190404	0.266440401880801
0.364222701964369	0.133845229655904
1.06525778333672	0.426056635852838
0.231066157978782	0.0726082284444526
0.910858892443621	0.262745945817241
2.43961622041387	0.836769184993985
-0.287542054044071	0.10109224809484
-1.06176376799665	0.341464816793195
-1.47559564657686	0.401361379112135
1.77731775736724	0.742549867568003
0.231066157978782	0.0726082284444526
0.236393458658478	0.074320857319008
1.38545837834875	0.492219504116298
2.90551789185603	1.14556900793857
0.899765603237419	0.260024823460973
1.35157272198785	0.711644368745973
-0.571538969396222	0.149182553096798
0.683042523889567	0.228414048266896
1.75694714586213	0.732159734378909
1.04800492909084	0.536071631048889
0.924519625006435	0.266522920108041
0.658778488770701	0.220431019091828
1.99028976141583	1.19190319164017
-1.05139365222271	0.337625068809831
0.897578623663865	0.259675397379677
0.193364634888779	0.0422782569669119
3.28030290623515	1.46346513229433
3.27619497272584	1.46229178166629
2.91493124431159	1.15099278421732
0.899765603237419	0.260024823460973
0.686066680341757	0.229562410582316
3.58052429827243	1.76820988967439
0.154897316342678	0.0421007466929087
0.182327940194625	0.0482741151528399
0.915267467236802	0.263914073443303
0.674659412509143	0.225763157149067
2.90827841061733	1.14708003600027
0.692170136404828	0.231535024233533
2.44834859745442	0.840528199577986
1.38016920470379	0.490169965758878
-0.310646750077994	0.0920983537713622
1.42995310156073	0.668663911451575
3.26909842045239	1.45753652807612
0.165016980071288	0.0443593586963327
1.71838037692335	0.512092496146657
1.75931610176333	0.733095429495076
0.659969723833758	0.22073480452832
-0.575959266308268	0.150202913360021
3.56977075964114	1.75979068321058
3.25906560847611	1.45089113400716
1.72402871819241	0.513373825324747
3.83984476003256	2.07857397651817
3.26610537788351	1.45572874939348
-0.288253062502618	0.101206196997154
2.27736142417707	1.83341571119468
2.92442907579133	1.15555204884472
2.10319218138865	1.00635652036977
0.215996978117462	0.0683603338261841
1.39026582301669	0.494298341784791
1.07927570453139	0.432571298716309
0.669547790070559	0.223855623975965
3.56221723512204	1.7544607898084
0.662104288548748	0.221469606906969
0.92003140509787	0.265333979478402
1.0556646700484	0.421702481443309
2.45713066693921	0.844016359639868
2.45446436525245	0.842916202981294
0.924519625006435	0.266522920108041
1.7772657725191	0.742520128546194
1.09652135055992	0.440187945762833
1.76187158849599	0.735149910808438
-1.05139365222271	0.337625068809831
1.71838037692335	0.512092496146657
-0.0774050461354077	0.0242831048289601
3.25906560847611	1.45089113400716
0.382115201499417	0.140583120260874
2.4483134540998	0.840541819013097
0.195923847427482	0.042652530602415
3.58822123662635	1.77222414369107
1.08230651158364	0.433558668659745
-0.665480829421904	0.229994330022677
1.76271459085892	0.735118738719892
-0.463339850865477	0.179131149967176
2.38000220756903	1.28197810493962
0.660085544099662	0.220849182949209
0.652905402886692	0.250631086944502
-0.596831922330038	0.24753221693314
-0.625308662284144	0.216150574467422
2.53298962891246	1.88135117042063
1.32703111203512	0.694779799912493
2.47480974994224	1.8144155907874
0.930873228057552	0.52432228704739
2.45176958518949	0.841449769742287
3.57073037834267	1.75931594813756
0.355134265595573	0.13038126820832
3.57401945763771	1.76275547531171
1.39971224002831	0.49785141353806
0.179308845424369	0.0475774904674854
0.228234879096324	0.071924407436597
-2.69742047364421	0.954793958704405
2.91767215080868	1.15195328733466
0.190569534030361	0.0501121779284389
3.2691134975973	1.45676655530423
2.91210871999862	1.14894462063688
0.205561737379768	0.0441838774146192
4.28101317828962	2.73829501198334
1.0825544293637	0.433671310884445
1.70763506322357	0.907574601196055
0.635511580439922	0.2433599029714
2.89896851317136	1.14156400888801
0.177324465825582	0.0471342222202081
1.7817391805359	0.745005111153672
0.184506730859797	0.0487417923755395
-1.0411155019997	0.334366938978704
1.42995310156073	0.668663911451575
-0.299321226354085	0.0890767611176076
1.76271459085892	0.735118738719892
-1.40789505573932	0.524052581176505
0.921774163847151	0.265747233383473
1.88962293506652	1.26487595272097
1.74581938677338	0.726145387504203
3.83218329198527	2.0711829714689
2.38533636033725	1.28561237005996
1.76967284004497	0.739096866618545
0.177916426070479	0.0472813074926094
4.66604691742499	3.46323221901957
0.231117956713234	0.0727088244452258
1.01625301483423	0.461202482029496
1.75061451146006	0.72922626546094
3.82125069959729	2.06090653988338
0.899765603237419	0.260024823460973
-0.286940431421599	0.0857759418120604
0.615778670675867	0.235932043721395
1.39971224002831	0.49785141353806
0.893327858309595	0.258137021796653
2.90417128094554	1.9256014399277
2.65861689116527	1.59804071001054
2.91771648568221	1.15252312484676
2.6385849177167	1.58013976633696
2.46989927609623	1.80848467728054
1.76025011587465	0.733497356580686
1.39532499033077	0.916139903801704
3.26608991492401	1.45573646702542
1.70169235477468	0.902864713615991
-1.46556636079729	0.39889055417079
0.24231079990204	0.0758656666474767
1.71838037692335	0.512092496146657
2.91488688463889	1.15100414083562
0.667920601709208	0.223570234424993
3.83643897137894	2.07573852721349
1.39256483421105	0.495195831360944
1.07063938963435	0.428249111328309
1.3726881258282	0.487534212258015
-0.563224434073156	0.1470595732283
0.361578715712915	0.150089447450188
0.180334652339367	0.0478106473797875
1.08230651158364	0.433558668659745
1.42286972690739	0.664928965699975
-0.549588025379477	0.144138904810768
0.904084541315186	0.261500500062554
1.76266616893112	0.735090202637704
1.76242152951975	0.946420419170808
2.90832288894759	1.14706883442003
2.02697321476135	1.22361101129665
2.06258037419729	0.980596620923091
4.31323007801222	2.77769787557766
-1.48036509444371	0.402677323712302
4.09164605038912	2.42393299836472
1.41726659844458	0.660960101131576
-0.0553606535497743	0.017896538301323
3.59478532881027	1.77690755271774
0.6818964233743	0.22794326934864
1.38547624122001	0.492221548058075
0.208088282973525	0.044554233682967
3.83631930953674	2.07474114477956
1.43397196584569	0.670964319817609
2.38139112802631	1.28265319016193
-0.617696986324821	0.213774263965068
0.167697313889314	0.0449797086311484
0.683090437699776	0.228431766982679
2.06902239384259	1.51592071470552
0.195880525766074	0.0426453207559659
0.187516582106475	0.0494383766804619
2.45176958518949	0.841449769742287
0.92457006190404	0.266440401880801
-0.292596402803385	0.0873350320881933
0.195880525766074	0.0426453207559659
0.55086153602788	0.236275779878611
0.755905424145634	0.33412442706779
-0.643537137564452	0.222919093867084
2.44567166971443	0.839453219846175
-1.04415041615715	0.335312917030539
0.902476879033505	0.260785195270642
0.912597447073333	0.263157043298413
-1.26868901412083	0.603736522647893
1.76177160357666	0.734855893090464
1.30811800716651	0.761010948656051
3.27318434966019	1.45987088217078
0.901720616063008	0.260095467165507
-0.567585807840995	0.148008276225078
2.44834859745442	0.840528199577986
0.643354238391304	0.246655588924847
1.72402871819241	0.513373825324747
1.75355367060485	0.730143785985324
-2.21731210191502	0.682578012209152
1.853639054217	1.23087293829127
0.646940458488711	0.248135666616391
2.92153744995923	1.15407818465564
0.921824610399643	0.265755741469354
-0.293710157801047	0.0875871176611121
0.915318019020568	0.263922623604752
3.56977075964114	1.75979068321058
-0.0696825216700305	0.0219948754416967
1.39557961180183	0.496365775816694
0.177324465825582	0.0471342222202081
1.39256483421105	0.495195831360944
3.56644568989027	1.757536747449
1.78524244450656	0.746257243906127
1.4465301221902	0.678599887640241
1.72665749194725	0.514015992250562
1.39440834551693	0.49578059753911
0.919086224093982	0.264875597201778
1.77388619361697	0.741131703530167
2.87811142514154	1.89658345848853
3.56226151463511	1.75365296814151
2.91493124431159	1.15099278421732
0.66559718635004	0.222803114793691
1.38727744289309	0.493135957861707
0.230534790079877	0.0723507853261846
0.208088282973525	0.044554233682967
-0.284718425050904	0.0851722059912993
0.921774163847151	0.265747233383473
1.3801874459795	0.490172173913112
2.45442904372326	0.842929862158112
2.92438485477444	1.156147471729
1.76810514306125	0.7381530283959
-0.55888165037327	0.146019049191659
0.169617488053181	0.0454102142983104
2.91488688463889	1.15100414083562
2.66278613463672	1.60150981090342
2.0904766040442	0.998607707037486
3.26608991492401	1.45573646702542
0.917347332724012	0.264571103399029
1.42824066057714	0.667886456600448
1.42846065243411	0.668294015164211
1.7553771042672	0.941782603205293
3.11179405804446	2.2453011673551
0.650464525564853	0.249133136234905
-0.549638443779565	0.144154566527545
1.3726881258282	0.487534212258015
1.72664583622157	0.514027439791968
0.667196531947629	0.223242301549756
1.40274440558796	0.499243938315738
0.665700951514605	0.255692613710115
2.38390973418432	1.28508530849282
1.75061451146006	0.72922626546094
0.915318019020568	0.263922623604752
0.199660581380647	0.0433122758858595
0.205561737379768	0.0441838774146192
1.4057837164765	0.50019805265816
0.210979022814743	0.0666477112979568
0.666133301211789	0.222708402316138
0.177932949857513	0.0472704475269999
1.39258193627448	0.495197582069264
0.180315924045662	0.0478066702574292
2.45442904372326	0.842929862158112
3.26909842045239	1.45753652807612
2.90847567911204	1.93003494993036
0.185354182313861	0.0489411300621527
1.07666701712925	0.431341675580183
0.52703975296029	0.225114987550002
-0.584906884483907	0.153009818576947
1.45019270359839	0.680966344934678
1.07095157017984	0.428818473386194
1.42126218292177	0.663517965383386
0.902425948558069	0.260776504921945
0.159448874858613	0.0431285659618798
0.921774163847151	0.265747233383473
0.915318019020568	0.263922623604752
2.44567166971443	0.839453219846175
1.43353329977211	0.670713487789622
2.62810972927898	1.56949873845131
2.90827841061733	1.14708003600027
-0.499721600703577	0.192575616464319
3.26310413052701	1.45333946698961
1.42365722946696	0.66531902564422
-2.70163341573963	0.956867155200627
1.72402871819241	0.513373825324747
2.65861689116527	1.59804071001054
2.074443921041	0.987898360587514
2.07983324758503	0.992688936076852
1.74386805742768	0.724791639516812
1.362684147619	0.483416189481809
-0.549588025379477	0.144138904810768
2.243201291722	1.49371424154502
3.58489902025754	1.77005362422264
-1.01613883884755	0.428330235528229
1.0671368633528	0.426658214795582
2.90551789185603	1.14556900793857
1.43449857459821	0.671801501900457
2.90551789185603	1.14556900793857
1.40276034595944	0.499015152970679
0.644302453417526	0.247074746027704
0.230534790079877	0.0723507853261846
2.4483134540998	0.840541819013097
2.44834859745442	0.840528199577986
1.30469894127804	0.679707745633512
3.83739496796167	2.07394938156339
3.28331781088139	1.4653642289376
0.15063697812048	0.0411697681850444
1.74386805742768	0.724791639516812
0.143385675034149	0.0395606144261334
3.25906560847611	1.45089113400716
0.944313955155229	0.533180595285365
0.906151326926563	0.261259737108879
1.38547624122001	0.492221548058075
2.44567166971443	0.839453219846175
1.41817593059358	0.662304485900628
3.25608093098774	1.44911407166836
4.07151042248906	2.40332242395071
1.72665749194725	0.514015992250562
1.39026582301669	0.494298341784791
3.57305874423035	1.76108157503203
2.64957003277519	1.59024486203275
1.99725540781287	1.19778700519424
3.27921340058014	1.46335938453018
-1.07843191397865	0.346877642223321
3.57726881742395	1.76601645158811
1.770513002613	0.73911521710779
1.37543780329452	0.488077804570456
2.09396320894315	1.0011830226404
0.999329031783903	0.451464713840346
2.32321011587251	1.57297013603202
1.39258193627448	0.495197582069264
0.671364998916505	0.224729607601245
-0.626555691776872	0.217167560602821
0.350559546868133	0.128713373185174
0.643825292152464	0.246848027311065
2.90832288894759	1.14706883442003
0.37307007921489	0.137276295741783
2.38533636033725	1.28561237005996
-1.05646570561747	0.339422980870141
-0.632183976563046	0.219033211637202
1.39024877373414	0.49406930635718
0.659279431527637	0.22063374661738
1.09886001598825	0.44140397862876
1.07890679271251	0.432199101979189
3.56972479265114	1.76059839007616
1.71838037692335	0.512092496146657
0.230944205617289	0.0725716910717296
1.71838037692335	0.512092496146657
1.76810514306125	0.7381530283959
0.633379308528631	0.242570426204681
1.39743118124806	0.496937284613024
0.222337753373248	0.0699047989989705
3.26909842045239	1.45753652807612
-0.567585807840995	0.148008276225078
1.87939655341972	1.25482178948675
-0.55888165037327	0.146019049191659
-0.294235024159454	0.0876651879596146
1.39256483421105	0.495195831360944
0.509995661432695	0.216751749138047
1.71838037692335	0.512092496146657
1.38547624122001	0.492221548058075
2.07087125864236	0.985611875361845
-1.05646570561747	0.339422980870141
3.2691134975973	1.45676655530423
2.31851512880491	1.56767047424427
1.33365892210428	0.699474568388532
1.7628593062874	0.734770246460201
-3.57224560228792	1.66788835769117
1.73953356091327	0.723250406310303
0.652196999530061	0.250202366763998
0.839670535244625	0.419882757064014
0.671783008731121	0.224523528358971
3.26310413052701	1.45333946698961
1.38273372331617	0.491704116705521
2.65800191770819	1.59750333603749
0.680868176988487	0.227670739902701
1.89305334958203	1.26918375900388
1.44131040633982	0.675807736270201
0.921824610399643	0.265755741469354
1.60214902041733	0.951289806702988
4.07859455593271	2.41168665958952
2.02779422892532	1.22418908655787
2.6447217056188	2.54306325949017
1.44630627729079	0.678473918534536
0.752853144037373	0.332195535197963
2.66214505879504	1.60174645901959
1.75689874560971	0.732131283191921
2.91210871999862	1.14894462063688
2.91493124431159	1.15099278421732
-0.631243479416008	0.218074153245485
1.72402871819241	0.513373825324747
0.175143411457113	0.0466493667011835
1.07526712720017	0.430388498097968
1.38545837834875	0.492219504116298
0.240308569886204	0.075322617624464
1.29380819820487	0.672622468667122
-0.72228109835583	0.317912184240439
0.224865135253605	0.0707281274482377
0.208130289751052	0.0445612068776082
-0.286940431421599	0.0857759418120604
3.2833312885705	1.46611990793056
1.38248601554662	0.491066536373935
0.190738716303272	0.0418413373211237
2.72363430399406	2.20006458762205
2.64926612720655	1.58940295862537
3.2691134975973	1.45676655530423
3.56967891771929	1.75970398327778
1.39559632674966	0.496139071198923
1.41754588764046	0.662101782844129
3.8144768626855	2.05520542791873
-0.567585807840995	0.148008276225078
0.910807770799633	0.262737230399533
1.77046288364682	0.739085774074085
1.63241014788048	0.975317496871567
2.44834859745442	0.840528199577986
2.3893556732446	1.28808002121654
0.196315155888877	0.0427978646049216
0.655848584334486	0.219400201124816
3.81015718911041	2.0513447425075
0.915318019020568	0.263922623604752
2.28337548888559	1.53455519930752
0.902476879033505	0.260785195270642
0.73536086656078	0.323397366953402
-0.566710995629722	0.148320946109448
0.180334652339367	0.0478106473797875
0.674659412509143	0.225763157149067
-2.20131061198549	0.675574843790802
-1.40535664263192	0.523201833324806
-0.29169319609409	0.102209115484643
0.184506730859797	0.0487417923755395
3.55899825992108	1.75207908437113
0.902425948558069	0.260776504921945
0.862099937712319	0.433612307033423
3.82101997961139	2.06070719316983
4.09229614497006	2.42159205974514
1.0299834565273	0.468263166101334
1.43122049225055	0.670226429948148
0.669547790070559	0.223855623975965
1.39557961180183	0.496365775816694
0.686438385931598	0.229465616264401
2.92719523940039	1.15711191350553
0.637610689412832	0.2445859590565
-1.42486431917514	0.531004556215615
0.147073152371866	0.0517616782653478
1.40016854252462	0.651443459769618
0.208130289751052	0.0445612068776082
3.5914488742797	1.77556029179753
1.40579926306625	0.499884434950519
0.234062289777695	0.0733937759263111
1.72665749194725	0.514015992250562
0.910858892443621	0.262745945817241
0.210591305513083	0.0667581612588619
-0.55839960089021	0.146151799893841
-0.284672165916858	0.0851588772871711
1.38248601554662	0.491066536373935
1.03420909941852	0.470811074733624
1.06723517615164	0.426874380333206
-0.637247324730097	0.220748560831763
1.38993259641355	0.494291486970406
2.08809621258249	0.997393156666143
1.65095637592219	0.990720427045321
2.50406454754022	1.84861679413354
3.15915231302099	2.30406919871291
2.39384947900438	1.29288498375225
1.39972857201292	0.49785287169011
1.43339060368256	0.670896002743875
2.28494890640289	1.53520288477691
0.658526731390681	0.220060854684016
0.354343869638024	0.14657853593837
0.199660581380647	0.0433122758858595
1.34543753658889	0.790485025381039
3.25608093098774	1.44911407166836
2.03140545722228	1.22688024199182
-0.292130144782646	0.102785353451879
0.375988168194346	0.138854255194851
1.32346162339572	0.772544500659704
0.661630040313216	0.254101147614014
1.0248044906556	0.465577328424099
-0.833789421550518	0.321978355999801
-0.875523135568411	0.33872656330747
1.35131272277772	0.877387310447513
1.72361379118641	0.918936642373565
1.09062725718876	0.437713933028082
3.57301180618074	1.76219924411501
0.664229390792417	0.221891790168857
0.224865135253605	0.0707281274482377
-1.84565357995499	0.831014844516951
0.919086224093982	0.264875597201778
0.668312029895394	0.22336922808744
0.906151326926563	0.261259737108879
-0.286940431421599	0.0857759418120604
-1.46556636079729	0.39889055417079
2.09085745243598	1.54003607587677
1.30140093580703	0.677355938990551
1.71838037692335	0.512092496146657
2.90551789185603	1.14556900793857
3.25906560847611	1.45089113400716
0.679653114219625	0.227181883175313
2.43961622041387	0.836769184993985
3.52945307083207	2.99640349216478
0.224865135253605	0.0707281274482377
0.906151326926563	0.261259737108879
2.44567166971443	0.839453219846175
1.77393728942937	0.74080523066272
1.34219322753862	0.705284435742238
2.45709514677168	0.843701380989689
4.06337808399324	2.39487276857805
2.02218694456691	1.21897986684232
2.44834859745442	0.840528199577986
0.915267467236802	0.263914073443303
2.43961622041387	0.836769184993985
0.912597447073333	0.263157043298413
1.72664583622157	0.514027439791968
2.10568048526768	1.0085784085268
0.752853144037373	0.332195535197963
1.39559632674966	0.496139071198923
0.172635519657569	0.0460726932756945
1.43397196584569	0.670964319817609
-0.0845518938915973	0.0262138201597811
1.76473696360464	0.736143882635398
1.43375255646066	0.671122061469069
2.91493124431159	1.15099278421732
1.44154536296086	0.675554700929207
2.05118524604544	0.972922822716228
1.35768960989444	0.799890313881989
0.205561737379768	0.0441838774146192
3.4868066173606	4.10012134377365
2.28738656214802	1.53798294003731
3.84088248108533	2.07820442604645
2.91788745847324	1.93932148405935
2.37659817852811	1.27883941086168
2.38438208798496	1.2854435298921
3.25608093098774	1.44911407166836
1.38545837834875	0.492219504116298
0.204756590717357	0.0440408052662146
-0.859221162320494	0.333482288303427
3.81774587035387	2.05871471298175
1.39439163408924	0.495778972801822
-0.282559343150603	0.0845547776661205
0.199660581380647	0.0433122758858595
0.250596382422263	0.0783154809169861
1.76602253904652	0.736460561645212
2.72219174342277	2.19728317931262
2.45176958518949	0.841449769742287
1.0671368633528	0.426658214795582
2.45446436525245	0.842916202981294
1.4191213138506	0.662322961758951
0.208088282973525	0.044554233682967
1.39258193627448	0.495197582069264
0.683090437699776	0.228431766982679
0.165016980071288	0.0443593586963327
3.55895493620897	1.75203607094021
4.0590326806963	2.38929986795667
1.76187945735624	0.734917482673091
0.177079158727074	0.0470688489596175
3.80690118981087	2.04849128299481
0.254159444076701	0.0793773394515663
0.664229390792417	0.221891790168857
1.75931610176333	0.733095429495076
2.45442904372326	0.842929862158112
1.76266616893112	0.735090202637704
0.666272809074861	0.256060204320629
-0.301921006228647	0.106721639527319
1.39258193627448	0.495197582069264
0.230992937256442	0.072671397672911
-0.577841570622189	0.150967953694983
1.45539123940978	0.683753102688986
-0.0106178879220097	0.0038258512407722
2.90551789185603	1.14556900793857
0.180315924045662	0.0478066702574292
0.163492226678909	0.044044738586646
0.70174540031376	0.306933154537561
-0.153690214226384	0.0574020383142965
3.58057285984422	1.76825339260171
2.68429181115468	2.14842327629875
-0.0723741489888245	0.022824549102931
2.03181031317212	1.22821358762262
3.26310413052701	1.45333946698961
1.39557961180183	0.496365775816694
2.92259502658148	1.94433150265849
-0.0737408442929005	0.0231810074186103
1.42126218292177	0.663517965383386
1.04958167108183	0.537739203924692
-0.608251184942825	0.210245903009633
-0.297745227366455	0.088703707435214
0.187468605835015	0.04141071045087
2.92153744995923	1.15407818465564
0.921824610399643	0.265755741469354
1.06743178358923	0.427217384158955
2.90551789185603	1.14556900793857
-2.20131061198549	0.675574843790802
-0.274497999769915	0.0967896644403235
2.43961622041387	0.836769184993985
2.3774533541414	1.27904313748579
0.381474109396911	0.140606712631613
2.44834859745442	0.840528199577986
2.90832288894759	1.14706883442003
-0.567097066778424	0.148548092076695
2.45446436525245	0.842916202981294
2.43961622041387	0.836769184993985
1.32805377536094	0.776777467822956
2.44834859745442	0.840528199577986
2.29967500601608	1.55043447512118
1.7144668088164	0.912326796206626
3.55574281240124	1.74904562098681
3.27921340058014	1.46335938453018
2.4483134540998	0.840541819013097
3.25608093098774	1.44911407166836
0.675156152037975	0.22565754625012
2.37266970431778	1.2757494101701
-0.869031237680884	0.337557187911496
0.69096870942265	0.231048868043151
0.912597447073333	0.263157043298413
2.07087125864236	0.985611875361845
1.72665749194725	0.514015992250562
-0.29284998590975	0.103575931589066
1.75061451146006	0.72922626546094
2.08232066777183	0.993341385977143
1.77388619361697	0.741131703530167
1.38957458135007	0.493821378507415
0.165016980071288	0.0443593586963327
-2.69742047364421	0.954793958704405
1.77589679622546	0.741628644575613
0.231066157978782	0.0726082284444526
-3.07868138305069	1.23522198167588
1.78179200304995	0.744678169302807
3.26909842045239	1.45753652807612
-0.290172480232866	0.0866608763690696
1.33922206888467	0.703207163398874
1.06487826927243	0.425794621856675
3.58484962097601	1.77085853613386
1.45458987504788	0.683333426990716
0.897578623663865	0.259675397379677
1.39439163408924	0.495778972801822
3.27618071303355	1.46153655074
-0.609158398920802	0.210864854245956
1.72665749194725	0.514015992250562
1.40274440558796	0.499243938315738
1.40144635945363	0.652289760587776
0.177932949857513	0.0472704475269999
3.58052429827243	1.76820988967439
1.40272851054165	0.499012480580187
4.07837990089331	2.41021264874367
3.83971221680005	2.07723275779155
-0.0220275603543463	0.00768587359024487
-0.580838694031191	0.151471159910401
1.60994806911908	0.957554934598843
2.93045353706313	1.953589689792
1.73613339990668	0.92828556246999
3.27619497272584	1.46229178166629
-0.329435314232446	0.0971536343416756
2.3795206915214	1.28108298362992
2.49714616467162	1.84036625348043
3.56972479265114	1.76059839007616
2.26957151631317	1.52102674691289
3.55574281240124	1.74904562098681
2.91493124431159	1.15099278421732
1.72402871819241	0.513373825324747
0.615304635618861	0.235059346691819
3.27619497272584	1.46229178166629
1.02543746055649	0.465890371859252
1.06950553657557	0.427929560998139
1.72402871819241	0.513373825324747
0.686536055887006	0.229501764539986
1.76271459085892	0.735118738719892
2.44567166971443	0.839453219846175
3.27924118008841	1.46229877184658
1.09163408543576	0.437630647209745
1.64752988334291	0.98720738993986
3.11733979066699	2.25290701295921
3.55895493620897	1.75203607094021
0.732850111762061	0.322416714385468
1.05653105430277	0.541987008909833
-0.562313153317888	0.147312602906664
1.0907534809609	0.43757620666106
3.26610537788351	1.45572874939348
0.528940400878739	0.226099292371065
2.90551789185603	1.14556900793857
1.09404383086592	0.438821049656979
0.165016980071288	0.0443593586963327
3.26608991492401	1.45573646702542
3.27316965466308	1.45987901225535
1.7715837260479	0.739112357140686
1.37978528414721	0.490494430759015
1.06730544773054	0.427159838008875
3.27919957863163	1.46232569188403
3.25608093098774	1.44911407166836
2.07087125864236	0.985611875361845
2.94713175880696	1.97021056898913
2.68883409696583	1.62604750669365
3.56226151463511	1.75365296814151
1.38248601554662	0.491066536373935
1.07302139668997	0.429679533268468
2.39408016580545	1.29253918958529
-0.866313595610137	0.335642656787603
2.08591591043052	0.995653239553386
-0.552335012199188	0.144678456612124
3.2833312885705	1.46611990793056
1.74919545705716	0.727871284649911
0.631487761399254	0.241706330163116
2.45442904372326	0.842929862158112
1.42126218292177	0.663517965383386
2.07070088186458	0.986173709040268
0.238768470088181	0.0747872586040683
3.82208423256688	2.06165992465882
0.901720616063008	0.260095467165507
0.680819310444715	0.227748009463594
2.401671961519	1.29830101712471
1.39026582301669	0.494298341784791
1.09442218500592	0.439047986466722
4.32107480458646	2.78679265340444
0.185336229200483	0.0489521954549182
1.4505252367256	0.680715491271584
0.199660581380647	0.0433122758858595
0.199660581380647	0.0433122758858595
0.159448874858613	0.0431285659618798
1.71943009631582	0.916289958041146
1.33373546113989	0.699255563970702
2.09383725457669	1.00065411366166
-0.284718425050904	0.0851722059912993
1.71024700158186	0.909378676560291
0.675202385974488	0.225674647305293
3.35178257530668	2.64455347482094
-0.0544930337807368	0.0178574009268893
1.07526712720017	0.430388498097968
0.679653114219625	0.227181883175313
0.20471393630254	0.0440337263228802
0.386858470176482	0.142404945776187
3.26909842045239	1.45753652807612
0.915318019020568	0.263922623604752
3.56221723512204	1.7544607898084
0.687562881314414	0.229773894975529
3.56644568989027	1.757536747449
1.37543780329452	0.488077804570456
0.199660581380647	0.0433122758858595
1.75490758178519	0.730788790484642
1.73151277716448	0.924538207159711
1.71838037692335	0.512092496146657
2.01728709975157	1.21548803749158
1.76271459085892	0.735118738719892
1.08498883689243	0.435101894623599
1.38248601554662	0.491066536373935
2.0425394526262	1.23679279810392
0.368759509985843	0.135506704803224
3.26610537788351	1.45572874939348
-0.275687060281398	0.0826939690244633
0.899765603237419	0.260024823460973
1.08343277449304	0.43405914409849
1.01629608435219	0.461153845069386
0.677379565658875	0.226586193321658
1.01670980069972	0.460817809886994
0.193364634888779	0.0422782569669119
2.08679023754839	1.53450293379775
-1.39771197883631	0.519898839391122
2.37659817852811	1.27883941086168
2.29218399411817	1.54335682077006
3.56226151463511	1.75365296814151
1.39855384088426	0.650369589946179
1.73716565513263	0.928615550121115
1.38248601554662	0.491066536373935
-0.838916204805645	0.324184956201371
1.3726881258282	0.487534212258015
-0.845220217453196	0.327295567015593
1.6286283787887	0.972388141015052
1.78513490822613	0.746684677392543
1.33167110697647	0.698236480132946
2.04345397404032	1.23715092972849
-0.0460177587854143	0.0154324897120487
0.222080723189373	0.0898152754807702
1.0344996906056	0.470809134496247
1.37720610089078	0.4890227456012
-1.03155412938853	0.435658139303897
0.659447121797904	0.252952229370645
1.39741486104157	0.497164782563706
1.77600230948662	0.741689466064606
2.91708358751763	1.93938046800361
2.68043390903484	1.61852934527975
2.3849000886837	1.28528461722794
2.10568048526768	1.0085784085268
1.73654976742095	0.928900478727994
2.08232066777183	0.993341385977143
1.38248601554662	0.491066536373935
1.3701735298738	0.486046373261376
2.43961622041387	0.836769184993985
-0.608522245809538	0.251928916454745
-0.637310378037355	0.22065702100062
0.361564417166189	0.133489525796554
-2.69742047364421	0.954793958704405
-0.609158398920802	0.210864854245956
0.692397766634065	0.302543272623437
-0.087482798209396	0.0269660926841307
-1.04113486477337	0.334376496819243
2.92438485477444	1.156147471729
1.37543780329452	0.488077804570456
0.921824610399643	0.265755741469354
-0.569836236427639	0.149089357519807
2.39775875299794	1.29587052514165
-0.569438551601303	0.148859249648682
-0.328677508707256	0.0969871893772433
3.56644568989027	1.757536747449
3.82888864503241	2.06827257768011
1.7496963490873	0.937978031892547
1.71838037692335	0.512092496146657
2.0904766040442	0.998607707037486
1.06372035118989	0.425130521830636
1.77731775736724	0.742549867568003
2.44567166971443	0.839453219846175
-0.623175665093644	0.215610317327464
0.921774163847151	0.265747233383473
1.77600230948662	0.741689466064606
1.40576821535676	0.500196841629125
0.187516582106475	0.0494383766804619
1.72664583622157	0.514027439791968
0.193191402094475	0.0619209648447784
2.38888287898187	1.2887073658007
3.55574281240124	1.74904562098681
2.66705667968737	1.6065475963942
0.901720616063008	0.260095467165507
0.92457006190404	0.266440401880801
1.71838037692335	0.512092496146657
3.25906560847611	1.45089113400716
1.05921465921826	0.423056996379381
-0.614019159842528	0.212412899348605
2.92719523940039	1.15711191350553
1.07345278166868	0.429932457227292
1.3726881258282	0.487534212258015
-0.310646750077994	0.0920983537713622
3.27919957863163	1.46232569188403
3.81015718911041	2.0513447425075
2.45709514677168	0.843701380989689
2.89130854291821	1.91125909346463
3.1640726733142	2.30884967010032
0.182273477751123	0.0405997709363184
0.680819310444715	0.227748009463594
-0.55888165037327	0.146019049191659
0.921824610399643	0.265755741469354
-0.611416281587322	0.211228256047367
-0.553958654260902	0.145182611160989
0.250720037765366	0.0783528491205372
1.39556294187099	0.496135793832498
2.45713066693921	0.844016359639868
2.90827841061733	1.14708003600027
3.84779390133747	2.08440731065796
1.40001400553442	0.650534796584488
3.32358539828378	2.60558821463162
3.82536634175606	2.06542098396924
0.236638685464468	0.074232976377494
2.4483134540998	0.840541819013097
0.175124314973247	0.046645304856595
0.902425948558069	0.260776504921945
2.38877261137974	1.28838962636387
2.91488688463889	1.15100414083562
0.842615788565731	0.422152833097672
1.76266616893112	0.735090202637704
1.38545837834875	0.492219504116298
-0.275734201939887	0.0826813184500592
2.91771648568221	1.15252312484676
3.27618071303355	1.46153655074
2.67562279280059	1.61414206297018
3.83230211488069	2.0700638383804
2.4483134540998	0.840541819013097
4.09077633882552	2.42409139214954
0.910858892443621	0.262745945817241
2.0148779500402	1.21264979412863
1.39556294187099	0.496135793832498
2.45713066693921	0.844016359639868
1.72402871819241	0.513373825324747
2.91493124431159	1.15099278421732
1.72781187455144	0.922590777929319
3.24909639235388	1.44424220972449
2.00891806833391	1.20842157947018
0.830777474611554	0.41474580166421
0.170184199651161	0.0455102597114768
2.90551789185603	1.14556900793857
3.26610537788351	1.45572874939348
0.671217910650184	0.224603448239011
3.55574281240124	1.74904562098681
-0.549638443779565	0.144154566527545
0.355734258306152	0.131087632084659
2.52372007356018	1.87126996277118
3.82548269471368	2.06552727960143
1.38957458135007	0.493821378507415
0.686487174778602	0.22957980027577
0.162095679336906	0.0437141765154445
4.28101317828962	2.73829501198334
4.2893750096774	2.7481113028326
4.07086376229486	2.40143779802406
2.02215033918206	1.21983500076394
3.57073037834267	1.75931594813756
2.91776082824986	1.15193094411066
2.92719523940039	1.15711191350553
2.05396391022183	1.24633335724256
1.38427899058231	0.491766401647725
0.899765603237419	0.260024823460973
-0.552335012199188	0.144678456612124
3.27016636624633	1.45724800636443
-1.05646570561747	0.339422980870141
2.44834859745442	0.840528199577986
-1.03897689696525	0.440354514199836
3.83971221680005	2.07723275779155
-2.21731210191502	0.682578012209152
2.92153744995923	1.15407818465564
4.09521364681968	2.42889676370577
-0.313428503402552	0.0929196825586369
1.39258193627448	0.495197582069264
2.06774892770211	0.98451750498754
2.45442904372326	0.842929862158112
0.915318019020568	0.263922623604752
2.91316732756641	1.93514290735488
0.199660581380647	0.0433122758858595
0.180315924045662	0.0478066702574292
1.72664583622157	0.514027439791968
3.26310413052701	1.45333946698961
0.671783008731121	0.224523528358971
0.193364634888779	0.0422782569669119
3.85513132143326	2.09099412947911
2.44567166971443	0.839453219846175
0.893327858309595	0.258137021796653
1.30118551555721	0.676563367623812
2.71803219287076	2.19240547262042
1.35551500823006	0.798382740470398
0.691018322596608	0.231067203856998
1.61574858856751	0.961526506082119
3.28639376533514	1.46673551267443
2.28543160824018	1.5363193702296
0.719015091448268	0.315232850507385
0.921774163847151	0.265747233383473
4.07044022582288	2.40228311416987
1.59042197321037	0.941302235962291
1.01271323848205	0.458880200847508
0.170184199651161	0.0455102597114768
2.90832288894759	1.14706883442003
2.91493124431159	1.15099278421732
2.44567166971443	0.839453219846175
2.92153744995923	1.15407818465564
0.908148649268101	0.26198445808125
2.07873132634183	0.99133955114872
2.44834859745442	0.840528199577986
0.187468605835015	0.04141071045087
1.32803116961242	0.695119427528908
1.76266616893112	0.735090202637704
0.739820123757366	0.325743243227705
-0.549588025379477	0.144138904810768
0.908148649268101	0.26198445808125
3.25608093098774	1.44911407166836
2.90832288894759	1.14706883442003
2.90551789185603	1.14556900793857
1.75931610176333	0.733095429495076
2.09069751079453	0.999366405985553
0.749252515989337	0.330515198562903
0.664550367382395	0.255449431007258
3.81026925232628	2.05144697611463
0.172141930104414	0.0459762515619496
0.912597447073333	0.263157043298413
1.72764876856465	0.921463832972789
0.663481936678235	0.254525794395999
3.33605688348601	2.62344786684649
2.05913219713652	0.978398266858088
0.671783008731121	0.224523528358971
0.190551949951808	0.0501236937756434
-0.567147696017947	0.148564042333489
-0.0625801216561574	0.0202003096297817
0.231066157978782	0.0726082284444526
0.740213975046896	0.325815203706746
1.72795105814345	0.922026593438166
0.67742746445304	0.226603864627127
0.35385580823772	0.130409316665621
1.02511248769326	0.465737002446732
1.76468686526107	0.736114525646435
1.33596695755755	0.701124111350932
2.45446436525245	0.842916202981294
-1.06176376799665	0.341464816793195
2.92715105200563	1.15632474992962
4.9107935483579	3.96566062851278
5.03140432973524	4.29377682134632
-0.301428510472253	0.0897422711630161
0.731714575413789	0.32161589922988
0.503569567318286	0.214053862782271
-0.549588025379477	0.144138904810768
3.26908338806269	1.45678296110119
2.90417128094554	1.9256014399277
1.07727308269687	0.55537121754959
0.230534790079877	0.0723507853261846
-0.854398797289474	0.330322695156799
-0.286940431421599	0.0857759418120604
0.659969723833758	0.22073480452832
3.26608991492401	1.45573646702542
1.32941687348464	0.69644196347911
-0.29578813560486	0.0882116684839374
0.225390330130693	0.0710625469773121
1.0556646700484	0.421702481443309
1.34053264643446	0.78680043010188
3.26310413052701	1.45333946698961
0.187516582106475	0.0494383766804619
0.170184199651161	0.0455102597114768
1.37543780329452	0.488077804570456
2.92438485477444	1.156147471729
1.77393728942937	0.74080523066272
1.0614846379532	0.424534172069002
2.91776695930491	1.93992894354379
-0.567097066778424	0.148548092076695
0.234613325763028	0.0736580096428401
1.0151209060264	0.46061191211881
2.44567166971443	0.839453219846175
0.657054384739979	0.219920530556204
2.09396320894315	1.0011830226404
2.91493124431159	1.15099278421732
0.182327940194625	0.0482741151528399
2.07432344697303	0.98782080086047
1.43353329977211	0.670713487789622
2.4483134540998	0.840541819013097
0.921824610399643	0.265755741469354
3.55899825992108	1.75207908437113
3.55574281240124	1.74904562098681
0.208088282973525	0.044554233682967
0.672304031961959	0.258284674362663
2.44834859745442	0.840528199577986
1.40272851054165	0.499012480580187
0.377874459028099	0.138925961016406
1.7715316677657	0.73956676617944
0.532920980144679	0.227675804002848
1.39256483421105	0.495195831360944
1.75849729210017	0.733767671621258
4.09478479713465	2.42532999067667
-1.0411155019997	0.334366938978704
0.694431548999718	0.232314723385403
2.44567166971443	0.839453219846175
0.204756590717357	0.0440408052662146
2.4483134540998	0.840541819013097
3.56967891771929	1.75970398327778
2.39881352463624	1.29599504142266
-1.40114272103779	0.521328531307491
0.679811111125936	0.261593522253373
-1.8743280005125	0.84588341369692
2.10568048526768	1.0085784085268
1.03826238910927	0.47273375071178
0.669482095015514	0.257564462379002
-0.275734201939887	0.0826813184500592
1.77736983538441	0.742093229737016
0.902425948558069	0.260776504921945
0.158183786820718	0.0428514673082041
0.686536055887006	0.229501764539986
0.234465742407782	0.0737945379155126
2.26909368985906	1.52008943387278
3.24909639235388	1.44424220972449
2.90832288894759	1.14706883442003
0.237193930063127	0.074434076083313
4.09499244329284	2.42868292155367
1.32394686372343	0.773913356975547
2.90832288894759	1.14706883442003
4.50886258114952	3.1340040313582
-1.46556636079729	0.39889055417079
3.57731649091494	1.7652097714823
2.07657892848425	0.989648756453333
1.71838037692335	0.512092496146657
1.7670969374071	0.736975258042291
3.27619497272584	1.46229178166629
0.679138829517389	0.227225806250618
4.09521364681968	2.42889676370577
2.3899441417321	1.28925538494421
-0.295926431632439	0.0881669585861435
1.0907534809609	0.43757620666106
0.516587828094496	0.220193536987319
1.38727744289309	0.493135957861707
4.28474091730461	2.7434553885059
0.656379192904991	0.251863633497782
2.06774892770211	0.98451750498754
-0.859221162320494	0.333482288303427
2.40712339786196	1.30251085753805
3.26608991492401	1.45573646702542
1.39971224002831	0.49785141353806
0.208088282973525	0.044554233682967
4.11085680736906	2.44453798826642
2.65039031820044	1.58981838652728
1.9899025139513	1.60598193248794
3.82877106041862	2.06906516969353
3.57296496055713	1.76215685722717
2.43961622041387	0.836769184993985
0.680770536184485	0.227634687282147
3.8331373619037	2.07194875327632
-0.290172480232866	0.0866608763690696
-0.298807819072265	0.0889558819091486
2.09158726527271	0.999198107174589
3.82888864503241	2.06827257768011
2.37266970431778	1.2757494101701
2.91316732756641	1.93514290735488
3.57726881742395	1.76601645158811
0.182273477751123	0.0405997709363184
2.45446436525245	0.842916202981294
2.90551789185603	1.14556900793857
2.1055510446396	1.00849917927828
4.47654752199447	3.08871979226192
-1.04621110690196	0.336165192535253
0.190551949951808	0.0501236937756434
0.219173137444582	0.0690782379631127
0.199660581380647	0.0433122758858595
1.3801874459795	0.490172173913112
0.170690165592143	0.0456649453098175
1.7345632259729	0.9272600479856
-0.320818776292419	0.112946229629294
2.90551789185603	1.14556900793857
3.26610537788351	1.45572874939348
1.71838037692335	0.512092496146657
2.92434064150852	1.15557468669485
2.44834859745442	0.840528199577986
0.912597447073333	0.263157043298413
-0.286974240436354	0.0857853046400139
1.72402871819241	0.513373825324747
2.91210871999862	1.14894462063688
1.067358450171	0.426930579041004
0.658976732752413	0.252769091866806
0.910858892443621	0.262745945817241
1.08508642763986	0.435052619607657
1.39972857201292	0.49785287169011
3.56649069111218	1.75758098854351
0.172141930104414	0.0459762515619496
1.09886001598825	0.44140397862876
0.177324465825582	0.0471342222202081
0.901720616063008	0.260095467165507
1.72795105814345	0.922026593438166
3.83230211488069	2.0700638383804
1.34662371880378	0.707980748271237
0.170184199651161	0.0455102597114768
2.3774533541414	1.27904313748579
-1.46556636079729	0.39889055417079
0.673995039992328	0.225358656301781
1.78513490822613	0.746684677392543
1.42868079716688	0.66813775534074
1.38727744289309	0.493135957861707
1.72402871819241	0.513373825324747
-1.05646570561747	0.339422980870141
3.58047582984061	1.76700315186199
2.90832288894759	1.14706883442003
0.917296314805694	0.264562429003048
0.915318019020568	0.263922623604752
1.71838037692335	0.512092496146657
3.25904938664935	1.45089842575752
2.92719523940039	1.15711191350553
4.07065190990288	2.40248670652808
-0.565000228990759	0.147836672845567
1.73267428564054	0.925482975996102
3.82208423256688	2.06165992465882
2.08005047323412	0.991876342394343
3.83218329198527	2.0711829714689
1.0263356174166	0.465956503953701
0.180315924045662	0.0478066702574292
1.35847362999156	0.481984659331125
3.57401945763771	1.76275547531171
1.72402871819241	0.513373825324747
0.185318321206265	0.0489335087463581
2.92153744995923	1.15407818465564
0.908975247039869	0.262609818284675
1.75355367060485	0.730143785985324
2.44567166971443	0.839453219846175
3.56644568989027	1.757536747449
1.37543780329452	0.488077804570456
1.37720610089078	0.4890227456012
0.906151326926563	0.261259737108879
1.72665749194725	0.514015992250562
1.42483250624676	0.665349095885143
0.676362803152975	0.259836754897659
2.0764560468415	0.989569623450032
-0.620258260671896	0.214714395462422
2.30447256959314	1.55519668308455
-0.292440517291787	0.103168841399341
1.7550845602152	0.941470534382231
1.03480847072742	0.47078573360987
0.663336852365455	0.221861994107979
2.45176958518949	0.841449769742287
4.52858915525108	3.15900491502433
3.27922726773361	1.4633502643727
3.27619497272584	1.46229178166629
3.26310413052701	1.45333946698961
1.38545837834875	0.492219504116298
1.05285059760493	0.539922774949875
2.74413397203736	2.22658820929777
1.44271173475533	0.676117492547363
0.387012536084964	0.142358924557579
2.92153744995923	1.15407818465564
0.691018322596608	0.231067203856998
1.72665749194725	0.514015992250562
3.84426974922135	2.08147251945329
0.69096870942265	0.231048868043151
2.91767215080868	1.15195328733466
2.09492301347315	1.00077708922946
1.10254813586729	0.443059401028932
1.76602253904652	0.736460561645212
-0.304389922778657	0.0904940480963697
1.11683068354713	0.641948146294255
1.77731775736724	0.742549867568003
1.72664583622157	0.514027439791968
2.44567166971443	0.839453219846175
-0.553958654260902	0.145182611160989
1.09417108141425	0.439146045343994
2.8918353930341	1.91205938588687
1.39972857201292	0.49785287169011
3.26608991492401	1.45573646702542
3.26909842045239	1.45753652807612
0.165098845749039	0.0443852773723253
2.89896851317136	1.14156400888801
1.08696413389759	0.435882187828599
3.57726881742395	1.76601645158811
0.994661802630395	0.449510456639736
3.26310413052701	1.45333946698961
0.208088282973525	0.044554233682967
-3.06639739603196	1.22806237039513
1.76271459085892	0.735118738719892
2.45176958518949	0.841449769742287
0.187468605835015	0.04141071045087
2.91493124431159	1.15099278421732
1.39971224002831	0.49785141353806
1.71521524571957	0.912542641075331
0.906246129417221	0.261736091583026
-1.05646570561747	0.339422980870141
-0.303838316095645	0.0903546149865541
3.56977075964114	1.75979068321058
3.82548269471368	2.06552727960143
0.205304778479139	0.0651182170575631
2.45713066693921	0.844016359639868
0.190695010497311	0.0418340508511931
2.45713066693921	0.844016359639868
2.91771648568221	1.15252312484676
1.08941441675677	0.437024069479072
0.692118762373886	0.231383424145359
0.665543616520298	0.222690675034638
1.75867970381511	0.944458890866346
3.26610537788351	1.45572874939348
0.170184199651161	0.0455102597114768
1.38545837834875	0.492219504116298
-0.554009631260321	0.145198449870715
0.686536055887006	0.229501764539986
1.7670969374071	0.736975258042291
-0.279150056929458	0.0836472229614302
0.673995039992328	0.225358656301781
1.72665749194725	0.514015992250562
1.05083553216111	0.419993948638271
3.82548269471368	2.06552727960143
1.38957458135007	0.493821378507415
0.912597447073333	0.263157043298413
0.208130289751052	0.0445612068776082
0.899765603237419	0.260024823460973
2.09158726527271	0.999198107174589
0.180315924045662	0.0478066702574292
1.74386805742768	0.724791639516812
0.195923847427482	0.042652530602415
1.71838037692335	0.512092496146657
2.38438208798496	1.2854435298921
1.39670390964941	0.496388528960776
0.921774163847151	0.265747233383473
0.915318019020568	0.263922623604752
0.187534552195979	0.0494421831048262
0.179308845424369	0.0475774904674854
1.38547624122001	0.492221548058075
1.72665749194725	0.514015992250562
1.3701735298738	0.486046373261376
0.208130289751052	0.0445612068776082
1.770513002613	0.73911521710779
2.38117453679347	1.28248496189046
3.55895493620897	1.75203607094021
1.8544244424616	1.23099574863324
1.77731775736724	0.742549867568003
3.26310413052701	1.45333946698961
2.0904766040442	0.998607707037486
1.78168645155724	0.74461717018754
2.45442904372326	0.842929862158112
-0.275734201939887	0.0826813184500592
1.38547624122001	0.492221548058075
1.75495432576142	0.730816424365007
1.77383519060389	0.740746034447833
2.92728363751449	1.15629108008848
1.7817391805359	0.745005111153672
3.85485548149748	2.08864793375564
2.43961622041387	0.836769184993985
2.68548186392828	1.62306983499562
1.72378059957424	0.919027269631388
0.167714996663192	0.0449834543600603
4.71717058868652	3.54112171242949
1.3726881258282	0.487534212258015
2.44834859745442	0.840528199577986
2.44834859745442	0.840528199577986
-0.584371982640259	0.152318216814195
3.57397276002055	1.76270999054685
1.72664583622157	0.514027439791968
0.199660581380647	0.0433122758858595
1.4297353185423	0.668537036752761
1.06743178358923	0.427217384158955
2.08234354012844	0.993536617280729
3.55574281240124	1.74904562098681
2.0904766040442	0.998607707037486
1.43375255646066	0.671122061469069
0.199660581380647	0.0433122758858595
-1.8545039424069	0.836686070456027
4.50810027207986	3.13174898602939
3.82548269471368	2.06552727960143
2.91210871999862	1.14894462063688
3.27618071303355	1.46153655074
1.37861220875149	0.489998518007766
0.912597447073333	0.263157043298413
0.204756590717357	0.0440408052662146
-2.20131061198549	0.675574843790802
-0.310102583893503	0.108852695424039
2.43961622041387	0.836769184993985
3.25608093098774	1.44911407166836
1.71838037692335	0.512092496146657
2.45442904372326	0.842929862158112
3.83301882980968	2.07184038545602
2.45446436525245	0.842916202981294
0.180334652339367	0.0478106473797875
3.57726881742395	1.76601645158811
1.43397196584569	0.670964319817609
3.27316965466308	1.45987901225535
2.28037711605127	1.5314213798169
2.52192714227042	1.86849058429783
4.50062969626824	3.12259671093837
1.73729399325518	0.929130366394026
3.13455799324066	2.27433328209848
0.906151326926563	0.261259737108879
1.08498883689243	0.435101894623599
0.636136925528321	0.243381819840761
0.924519625006435	0.266522920108041
0.910858892443621	0.262745945817241
2.08244330412006	0.993420529815253
0.915318019020568	0.263922623604752
1.39557961180183	0.496365775816694
1.37859750276635	0.490222912680126
0.196315155888877	0.0427978646049216
1.73236220163783	0.925160304381686
0.680718305864236	0.261756337191785
1.36551843575092	0.484955838575038
3.57401945763771	1.76275547531171
0.915267467236802	0.263914073443303
2.44567166971443	0.839453219846175
-1.05778778260541	0.340151551701162
0.686438385931598	0.229465616264401
1.75157325264744	0.72908452782451
0.906151326926563	0.261259737108879
1.72378059957424	0.919027269631388
1.56092209910224	1.02332459244946
0.160505292207515	0.0433777347361025
2.94797316162862	1.97165464637889
1.35556340186099	0.713734655758772
1.38016920470379	0.490169965758878
1.71838037692335	0.512092496146657
-0.549638443779565	0.144154566527545
3.27919957863163	1.46232569188403
2.04870303092946	1.24222679600234
2.07885463546249	0.990791062375455
2.44567166971443	0.839453219846175
-1.05139365222271	0.337625068809831
2.45713066693921	0.844016359639868
1.38957458135007	0.493821378507415
1.77388619361697	0.741131703530167
-0.294235024159454	0.0876651879596146
1.38547624122001	0.492221548058075
2.91493124431159	1.15099278421732
1.7660718355889	0.736843404138436
2.45176958518949	0.841449769742287
3.56644568989027	1.757536747449
1.76266616893112	0.735090202637704
-0.620378865214911	0.214759703753463
2.92438485477444	1.156147471729
-1.66534691861143	0.692044342245821
1.70583128514342	0.906190687626821
3.56226151463511	1.75365296814151
2.71372179042854	2.18608883719548
3.57296496055713	1.76215685722717
0.17373462957955	0.046333562098803
3.27016636624633	1.45724800636443
1.39258193627448	0.495197582069264
2.28066225011154	1.53092138914375
2.37206129015342	1.27484344431999
0.665479644886806	0.255602269142099
-0.286940431421599	0.0857759418120604
0.15784048874336	0.0427821270254753
0.901404731776287	0.260636052892095
0.686536055887006	0.229501764539986
2.09383725457669	1.00065411366166
1.72665749194725	0.514015992250562
0.224865135253605	0.0707281274482377
-1.47559564657686	0.401361379112135
-0.549638443779565	0.144154566527545
1.4424893859302	0.676274603130805
-0.571538969396222	0.149182553096798
2.0904766040442	0.998607707037486
2.4483134540998	0.840541819013097
-1.64247249177327	0.679677402818999
0.906151326926563	0.261259737108879
1.81617202492842	1.33448619371949
1.87703117749893	1.25295229016339
1.74043718397936	0.930523579466288
2.49668097226319	2.21395523858638
2.08822252927159	0.997024771965125
2.92434064150852	1.15557468669485
2.38511814817332	1.28596893426868
0.665993328239866	0.256194502471087
0.163492226678909	0.044044738586646
1.07553775848315	0.430652268960809
-2.20131061198549	0.675574843790802
0.177916426070479	0.0472813074926094
2.91488688463889	1.15100414083562
1.72402871819241	0.513373825324747
3.2833312885705	1.46611990793056
1.07095157017984	0.428818473386194
1.0644157449816	0.425932001262277
-0.608353938654559	0.210500745768736
-0.620356025765848	0.214895966402198
2.42442583937647	1.31502463500837
1.356367471984	0.714264577742312
-0.279103788614289	0.0836339313174652
0.915318019020568	0.263922623604752
1.38545837834875	0.492219504116298
1.62460210307028	0.969155556699627
2.91767215080868	1.15195328733466
4.09055654961381	2.42422065615317
2.92153744995923	1.15407818465564
1.7369501320558	0.929214805936707
3.56321850271678	1.75430275733671
1.72664583622157	0.514027439791968
0.924519625006435	0.266522920108041
0.919980403266708	0.265234439804273
-0.0889912238882248	0.0271469609846484
2.91771648568221	1.15252312484676
-0.29072584096631	0.0866217316766138
0.89762939669076	0.259684060269182
0.355134265595573	0.13038126820832
-0.296741617093915	0.10442347221723
1.75849729210017	0.733767671621258
3.83643897137894	2.07573852721349
2.91767215080868	1.15195328733466
1.60667705057464	0.954882926618439
1.7772657725191	0.742520128546194
0.748120861594095	0.330147707483494
1.4297353185423	0.668537036752761
4.07129894895192	2.40309687787822
0.910858892443621	0.262745945817241
1.44226719141262	0.675862488734487
2.50265972559914	1.84627218516161
0.634256732160623	0.243128017858496
3.5806215145737	1.76713572499057
1.40232298632683	0.652575218092519
2.01442539694246	1.63985547164964
1.06950553657557	0.427929560998139
2.08461067139766	0.994824464533218
0.257728301419873	0.080403138006727
0.373375547216169	0.137337476247713
2.01898929325197	1.21662869379582
3.27316965466308	1.45987901225535
1.08486236230807	0.435238441596107
1.77046288364682	0.739085774074085
-0.286974240436354	0.0857853046400139
4.49675439863273	3.11750958754004
1.77383519060389	0.740746034447833
-1.03156501399126	0.435309551881205
0.999400624611899	0.451846759897333
1.33154133465648	0.779868927656001
1.39971224002831	0.49785141353806
3.8144768626855	2.05520542791873
1.35151431997567	0.710914899435781
1.72848759661743	0.717510966841337
4.07859455593271	2.41168665958952
1.71838037692335	0.512092496146657
4.29738331625159	2.75745918903981
-0.294136664369745	0.0875951334882074
2.63225687500685	1.57357508722315
0.915318019020568	0.263922623604752
2.90551789185603	1.14556900793857
3.14699259690919	2.28930732266608
1.08230651158364	0.433558668659745
-3.07139247283292	1.23058533678423
-0.298209899803795	0.0888556079266036
-1.46556636079729	0.39889055417079
1.047572061423	0.417850877858123
0.169928836052903	0.0454559663527724
1.72664583622157	0.514027439791968
2.08232066777183	0.993341385977143
2.89481131215081	1.91486173443607
0.901720616063008	0.260095467165507
-1.08070883128895	0.347858272145
0.921774163847151	0.265747233383473
2.55416245929443	1.9056401537865
3.5483030024599	1.74351337995961
-0.305872650230217	0.0906116647378241
0.686487174778602	0.22957980027577
2.07657892848425	0.989648756453333
-0.574310726366761	0.150122974494355
0.227812132714176	0.0718457120138745
1.07787247278791	0.431844150649458
0.228234879096324	0.071924407436597
3.81774587035387	2.05871471298175
1.98593305539468	1.18791047479397
2.45446436525245	0.842916202981294
2.08005047323412	0.991876342394343
1.77383519060389	0.740746034447833
2.43961622041387	0.836769184993985
0.917296314805694	0.264562429003048
0.901720616063008	0.260095467165507
-0.582734439901077	0.152289942783762
1.77046288364682	0.739085774074085
4.05971258368773	2.39004897732211
0.685297355722027	0.229213312626388
1.36557483151784	0.890060634778557
1.39440834551693	0.49578059753911
3.8399774426495	2.07869138541729
0.672304031961959	0.258284674362663
0.224865135253605	0.0707281274482377
3.588170845786	1.77334019029816
0.187534552195979	0.0494421831048262
3.55895493620897	1.75203607094021
4.31300107485199	2.77568802105924
0.671783008731121	0.224523528358971
1.38547624122001	0.492221548058075
2.94394836178716	1.96763832462565
0.908924422609946	0.262601169518593
2.09745532714859	1.00299110807235
1.77934020229914	0.743688664609217
1.40041350245505	0.497798298560964
0.180315924045662	0.0478066702574292
-0.563224434073156	0.1470595732283
2.02552635673713	1.22216654858572
2.09396320894315	1.0011830226404
1.38545837834875	0.492219504116298
-0.281260235296569	0.0842171949240455
1.76266616893112	0.735090202637704
-0.469587975232195	0.180407911727202
1.08270350132348	0.558664252460595
1.40364636721557	0.653794490222639
3.8399774426495	2.07869138541729
0.675202385974488	0.225674647305293
0.164712869579257	0.0443121871062313
0.912597447073333	0.263157043298413
0.683053910239571	0.22846371401752
1.40272851054165	0.499012480580187
2.08232066777183	0.993341385977143
0.219660227535745	0.0694611101870653
2.91493124431159	1.15099278421732
2.39246058058387	1.29172180294248
3.82101997961139	2.06070719316983
-0.569438551601303	0.148859249648682
0.349964576334252	0.12900593022217
2.07860293876995	0.99125697461695
-0.315008208577002	0.111447763795451
1.43777745532278	0.673223104825915
2.08687440913371	0.99641134159439
2.07885463546249	0.990791062375455
2.08591591043052	0.995653239553386
1.72879825628199	0.922337542393182
3.27619497272584	1.46229178166629
-0.31010831105104	0.109535429431386
1.43191284702931	0.670049678819966
1.09417108141425	0.439146045343994
0.664229390792417	0.221891790168857
1.35847362999156	0.481984659331125
1.73147305172385	0.925378935877293
0.355429818438752	0.130490879405021
1.77731775736724	0.742549867568003
0.741905926768887	0.327109124290063
0.395842414294237	0.145708794017537
-0.0714190009700818	0.0227613999535243
0.694431548999718	0.232314723385403
1.33146503583079	0.779488338057925
1.06806418440503	0.427589994390055
0.208130289751052	0.0445612068776082
0.686487174778602	0.22957980027577
0.654209398021155	0.250907487224688
1.89751210221572	1.27351011721255
-0.310440637621948	0.109853841010634
0.69790279773561	0.233397477907166
2.38533636033725	1.28561237005996
2.91493124431159	1.15099278421732
0.673995039992328	0.225358656301781
3.57397276002055	1.76270999054685
0.675202385974488	0.225674647305293
1.76029939115389	0.733878423235619
1.39557961180183	0.496365775816694
1.01730081995895	0.461153737411094
-3.06639739603196	1.22806237039513
-0.55888165037327	0.146019049191659
2.36726164571539	1.27152812354284
1.06487826927243	0.425794621856675
4.88393987886809	3.92002068140094
0.893327858309595	0.258137021796653
2.06774892770211	0.98451750498754
1.3267944320607	0.775963389750672
1.73223804177662	0.925819256140663
1.09163408543576	0.437630647209745
2.91767215080868	1.15195328733466
2.0362508794702	1.23180164421297
1.0556788946429	0.421844650850454
2.07087125864236	0.985611875361845
3.56649069111218	1.75758098854351
1.7670969374071	0.736975258042291
1.00369240608405	0.454048830224718
0.753334026509795	0.332567957309003
0.22456902693459	0.0708173326236356
2.09968142014921	1.0046934702074
2.38139112802631	1.28265319016193
1.38248601554662	0.491066536373935
2.92158168883162	1.15406672838897
0.90687275259153	0.262189590696395
0.902476879033505	0.260785195270642
2.49829183270392	1.84137581621492
-3.07363135527025	1.23229142505553
2.38117453679347	1.28248496189046
0.360291418455361	0.132320384568482
0.204756590717357	0.0440408052662146
-0.099061775478172	0.0303845635476908
2.91771648568221	1.15252312484676
1.39557961180183	0.496365775816694
2.92723943457006	1.15710072897931
0.906822097465917	0.262270642143547
1.02989933700399	0.468565122919164
2.37578880147198	1.27828300899486
1.39972857201292	0.49785287169011
3.15603989383256	2.30045588577286
1.74919545705716	0.727871284649911
3.25906560847611	1.45089113400716
1.01229907790119	0.458995847389883
2.91210871999862	1.14894462063688
0.674659412509143	0.225763157149067
2.91767215080868	1.15195328733466
0.908148649268101	0.26198445808125
2.01494743976212	1.21257090039314
0.196315155888877	0.0427978646049216
-0.045801651774563	0.0153759545680933
3.57726881742395	1.76601645158811
1.72664583622157	0.514027439791968
-2.21731210191502	0.682578012209152
3.34482764011104	2.6354776779333
1.7660718355889	0.736843404138436
1.73204242107368	0.925283073863075
2.92153744995923	1.15407818465564
-0.623289950493269	0.215525282776057
1.07878401387793	0.432142860294847
2.40578559400761	1.30190213253038
2.04467669451144	1.23869068164978
2.4483134540998	0.840541819013097
0.667920601709208	0.223570234424993
2.08461067139766	0.994824464533218
4.07129894895192	2.40309687787822
2.3783648831843	1.28107477670584
1.38164287108841	0.904032859413382
2.40160988871254	1.29890166764127
1.08014956779242	0.433073544216926
-0.576382344846406	0.15043977920911
2.91776082824986	1.15193094411066
1.75495432576142	0.730816424365007
3.27316965466308	1.45987901225535
2.07432344697303	0.98782080086047
1.86781158188648	1.24423529654848
1.71838037692335	0.512092496146657
-0.55888165037327	0.146019049191659
2.92442907579133	1.15555204884472
0.199660581380647	0.0433122758858595
0.666865508184623	0.256252881773582
0.196315155888877	0.0427978646049216
4.08699657121668	2.42057811596567
0.236393458658478	0.074320857319008
2.49447021786692	1.83641231381364
2.44834859745442	0.840528199577986
2.90551789185603	1.14556900793857
2.92438485477444	1.156147471729
2.40273087818515	1.29973100828309
2.90551789185603	1.14556900793857
1.76271459085892	0.735118738719892
1.65502656370452	0.99416561114062
-0.286940431421599	0.0857759418120604
2.36440702734713	1.26880947609551
2.08591591043052	0.995653239553386
2.92153744995923	1.15407818465564
1.03874535676648	0.47307606038338
1.38957458135007	0.493821378507415
1.7670969374071	0.736975258042291
1.08498883689243	0.435101894623599
0.24243225341768	0.0759022527916872
0.686536055887006	0.229501764539986
3.25904938664935	1.45089842575752
1.09050114756657	0.437461242160714
1.40046114658943	0.497802399142274
1.02139642665658	0.463808368233292
1.7411972917879	0.932307664162552
4.07044022582288	2.40228311416987
1.72402871819241	0.513373825324747
1.05928751386563	0.42334152537139
-1.04113486477337	0.334376496819243
3.82548269471368	2.06552727960143
2.90832288894759	1.14706883442003
3.82972352514558	2.06791351062552
0.65067547091954	0.249219645281051
2.4483134540998	0.840541819013097
0.722599948494786	0.317150836936203
2.36440702734713	1.26880947609551
2.08017458981791	0.99150793962923
3.27921340058014	1.46335938453018
-0.0832058919921958	0.0260541980313706
0.899765603237419	0.260024823460973
0.172141930104414	0.0459762515619496
-1.48036509444371	0.402677323712302
1.38957458135007	0.493821378507415
2.66214505879504	1.60174645901959
1.59832750016302	0.947724386098021
2.40190588875708	1.29866235203473
3.27618071303355	1.46153655074
3.57073037834267	1.75931594813756
-0.290831686477476	0.0867545552222069
2.41605546437713	1.30917318901336
0.906151326926563	0.261259737108879
-2.20774410875569	0.677401665515386
1.72402871819241	0.513373825324747
1.76612122420627	0.736517957467052
-0.284672165916858	0.0851588772871711
2.90456708202431	1.92537489990463
1.38547624122001	0.492221548058075
0.921774163847151	0.265747233383473
0.352034356636309	0.129818473018684
3.54089877124993	1.73733876254696
-2.20774410875569	0.677401665515386
2.91776082824986	1.15193094411066
3.81786006711318	2.05881896391186
1.37980134392203	0.490495849580318
1.38248601554662	0.491066536373935
1.08132524292082	0.433468517234334
0.921774163847151	0.265747233383473
1.3726881258282	0.487534212258015
1.06793724352819	0.427582609465984
0.671783008731121	0.224523528358971
2.45709514677168	0.843701380989689
2.08672526726354	0.996312528007242
1.00829869221336	0.456324920608846
1.33297499246547	0.699281810528109
0.7565946927615	0.334441535807351
0.924519625006435	0.266522920108041
0.668036332371809	0.256525412734318
1.02087118003561	0.463619885963511
1.02543746055649	0.465890371859252
0.175124314973247	0.046645304856595
2.47256415561091	1.81155357308326
3.55899825992108	1.75207908437113
0.515384728479529	0.219534444854829
1.99907996848239	1.1990026807694
4.09164605038912	2.42393299836472
-3.76211783005471	1.84149691717429
0.20471393630254	0.0440337263228802
2.10542171964225	1.00780245647064
1.59545922005681	0.945455141219971
2.09627874030005	1.54668354001358
1.08243041392435	0.433808481076357
-0.600830818395992	0.207843763746685
-0.29578813560486	0.0882116684839374
1.38248601554662	0.491066536373935
0.225134833414913	0.071155335996011
-2.20452069372124	0.676749531450116
3.28943707141214	1.46858989858706
1.75694714586213	0.732159734378909
0.915318019020568	0.263922623604752
1.05904170564614	0.42278740114866
1.04648637638713	0.535703705650706
2.89091891004765	1.91085179172674
-1.46754137571983	0.399241075338394
0.184506730859797	0.0487417923755395
3.28942439006547	1.46887958363091
1.76271459085892	0.735118738719892
3.82536634175606	2.06542098396924
1.62460210307028	0.969155556699627
0.155206155727819	0.0421881243320872
0.683042523889567	0.228414048266896
1.39640058606098	0.649240079600611
-1.46556636079729	0.39889055417079
-0.562262366874053	0.147296690051847
0.752853144037373	0.332195535197963
1.08827765304526	0.436344829199137
2.07087125864236	0.985611875361845
1.39028291728355	0.494072914686244
3.2691134975973	1.45676655530423
0.656282533804752	0.2520108019914
3.83301882980968	2.07184038545602
0.625501833470138	0.239371688107454
0.172141930104414	0.0459762515619496
2.91493124431159	1.15099278421732
2.44834859745442	0.840528199577986
1.4057837164765	0.50019805265816
0.675202385974488	0.225674647305293
1.78179200304995	0.744678169302807
2.91493124431159	1.15099278421732
1.4297353185423	0.668537036752761
1.76468686526107	0.736114525646435
2.91493124431159	1.15099278421732
3.55574281240124	1.74904562098681
0.647432717543823	0.248347019674956
3.26310413052701	1.45333946698961
2.35167509262041	1.25966189621583
-0.567097066778424	0.148548092076695
0.63843382722091	0.24454273749528
2.38533636033725	1.28561237005996
-0.614746613769411	0.212903620622188
0.924519625006435	0.266522920108041
1.36850197388475	0.486102920649087
3.28331781088139	1.4653642289376
0.915267467236802	0.263914073443303
0.238768470088181	0.0747872586040683
3.5772212367167	1.76512071300624
1.78848257534431	0.747356870702949
2.45442904372326	0.842929862158112
1.37260374681986	0.487696492713787
-1.42143227654439	0.530097293201823
1.76420018002156	0.948094134682457
2.91493124431159	1.15099278421732
2.06711269700787	0.983555845151092
-1.02981999907847	0.435652469812952
-0.307819054596212	0.0914527699091275
3.26310413052701	1.45333946698961
0.665533456401679	0.222706642295264
-0.580055728755999	0.151764692120333
0.901720616063008	0.260095467165507
-0.27945640562424	0.0987955956539353
-1.04923748026572	0.337110470489464
2.39799105624758	1.29604173002723
2.3849000886837	1.28528461722794
-1.43549133993715	0.535998719182748
1.3801874459795	0.490172173913112
2.92611708378369	1.94891774063172
2.90551789185603	1.14556900793857
-1.46556636079729	0.39889055417079
0.685297355722027	0.229213312626388
2.87390503003406	1.89286461266938
2.08234354012844	0.993536617280729
1.42239558059349	0.664278956336174
0.525721032128527	0.224313036247273
0.337569550637439	0.123817504410661
1.7550845602152	0.941470534382231
1.39258193627448	0.495197582069264
3.84011026469727	2.0775925472761
2.91771648568221	1.15252312484676
1.72664583622157	0.514027439791968
3.58052429827243	1.76820988967439
0.208130289751052	0.0445612068776082
2.07299107522641	0.987025883018416
3.5483030024599	1.74351337995961
-2.22062236179644	0.683540591502944
3.27620927747588	1.46151929297208
1.76266616893112	0.735090202637704
3.25608093098774	1.44911407166836
2.91493124431159	1.15099278421732
-0.313428503402552	0.0929196825586369
0.669501572235949	0.223838569535414
-1.46556636079729	0.39889055417079
2.09383725457669	1.00065411366166
2.08244330412006	0.993420529815253
-0.297745227366455	0.088703707435214
0.906151326926563	0.261259737108879
1.07314442330609	0.429735777855557
1.61527645203401	0.961472314958103
0.164712869579257	0.0443121871062313
1.37543780329452	0.488077804570456
1.76805416025174	0.737769143612369
2.45446436525245	0.842916202981294
2.44834859745442	0.840528199577986
0.694381051215851	0.232198533859577
2.50703368584066	1.85057033334508
-0.321940142149101	0.095224525635294
3.27919957863163	1.46232569188403
0.919980403266708	0.265234439804273
2.92153744995923	1.15407818465564
2.09069751079453	0.999366405985553
2.89896851317136	1.14156400888801
2.43961622041387	0.836769184993985
2.89896851317136	1.14156400888801
1.39258193627448	0.495197582069264
0.204756590717357	0.0440408052662146
-0.553958654260902	0.145182611160989
2.44567166971443	0.839453219846175
0.671783008731121	0.224523528358971
2.39408016580545	1.29253918958529
-0.55888165037327	0.146019049191659
0.177324465825582	0.0471342222202081
1.72402871819241	0.513373825324747
-2.20131061198549	0.675574843790802
3.58052429827243	1.76820988967439
3.26908338806269	1.45678296110119
1.43733582728598	0.672586559224633
3.56977075964114	1.75979068321058
2.92723943457006	1.15710072897931
1.07878401387793	0.432142860294847
0.630246298710471	0.241471105485138
4.07151042248906	2.40332242395071
0.187516582106475	0.0494383766804619
0.199660581380647	0.0433122758858595
3.06886029999925	2.89964120140938
1.76266616893112	0.735090202637704
0.910858892443621	0.262745945817241
1.03026201180571	0.468519146014325
1.770513002613	0.73911521710779
3.55150019255635	1.74586834583851
0.167241394854245	0.0588918902602286
1.74150778412969	0.932166773502114
3.82101997961139	2.06070719316983
1.4505252367256	0.680715491271584
2.65861689116527	1.59804071001054
1.74256693588817	0.932915653995155
1.63313759070666	0.975762847258419
0.190551949951808	0.0501236937756434
2.074443921041	0.987898360587514
1.76810514306125	0.7381530283959
2.66325839106117	1.60207942277286
2.01739387004226	1.21484334399475
1.41595240351364	0.660692101003323
-1.65916483890599	0.688439443826351
0.915267467236802	0.263914073443303
1.37680220633397	0.489129296924302
-0.0693029427305165	0.0217045195378398
1.04211447637249	0.533132596502383
1.33854547575905	0.702549724710297
0.24231079990204	0.0758656666474767
0.74995266695292	0.331026778975878
2.7180823179539	2.19314159428929
1.75000758136842	0.938188625655552
0.676873862949507	0.260134295597806
-0.855003276110415	0.331338009543969
0.154913961587761	0.0421042625136645
1.39818018915914	0.918313975796602
3.1446444953275	2.2861094090955
3.80690118981087	2.04849128299481
2.18790413784744	1.94771939177758
1.74596122515924	0.935204796160406
2.37578880147198	1.27828300899486
0.238768470088181	0.0747872586040683
2.37578880147198	1.27828300899486
2.48322511875284	1.82437206220815
0.683090437699776	0.228431766982679
2.90832288894759	1.14706883442003
2.4671613149122	1.80417230998688
0.230944205617289	0.0725716910717296
0.180315924045662	0.0478066702574292
0.674659412509143	0.225763157149067
1.71501455507773	0.913087872981793
-0.0878335929788924	0.0272435592356332
2.92434064150852	1.15557468669485
1.0247971518555	0.465550847786883
4.31714912526961	2.78254274465177
0.663972536511572	0.222350204676626
1.32770275544642	0.695372558525737
0.143011877106652	0.0504174159170234
1.33744388713706	0.784160477095349
0.146367784607274	0.0402217543062658
1.75086701011078	0.93835830120525
0.739820123757366	0.325743243227705
-0.597272310660141	0.206467605355444
0.906151326926563	0.261259737108879
0.908975247039869	0.262609818284675
0.208356817890876	0.0662165220690649
0.645529671126114	0.24739239794115
2.08579215314207	0.99512741964913
1.40272851054165	0.499012480580187
-2.21257221902061	0.680354097619789
0.234490247688083	0.0735931599845487
-2.70163341573963	0.956867155200627
1.37978528414721	0.490494430759015
1.39670390964941	0.496388528960776
0.687562881314414	0.229773894975529
2.67192324457325	1.61001492815338
1.37720610089078	0.4890227456012
-0.0735236518780144	0.0231174286644994
0.196315155888877	0.0427978646049216
0.199660581380647	0.0433122758858595
2.45442904372326	0.842929862158112
2.44567166971443	0.839453219846175
1.75157325264744	0.72908452782451
0.912597447073333	0.263157043298413
2.08232066777183	0.993341385977143
2.65722398023271	1.59641801303787
1.38957458135007	0.493821378507415
1.77147970267616	0.739537116514312
2.02233522610706	1.21950098662978
1.73619180385344	0.721781636069406
1.08268584750491	0.434131481875892
1.99948095951834	1.19993020836276
2.4483134540998	0.840541819013097
-1.04621110690196	0.336165192535253
1.42803843371222	0.667735615272241
0.671739511165946	0.224608657118817
2.0406985636474	1.23499179071514
0.733521395559838	0.32263981072914
1.99946822363422	1.19933111233309
0.660059256301484	0.253570027151614
-1.40114272103779	0.521328531307491
0.230534790079877	0.0723507853261846
1.58898926428277	1.04848775670483
2.44834859745442	0.840528199577986
0.167714996663192	0.0449834543600603
1.41821261574058	0.661759600434327
3.2893991643572	1.46739858884334
3.26908338806269	1.45678296110119
0.168401849788193	0.0451297304754346
1.38692346903873	0.49313742565214
0.23466335151464	0.0737583149910333
2.44567166971443	0.839453219846175
2.92442907579133	1.15555204884472
1.76271459085892	0.735118738719892
3.81786006711318	2.05881896391186
4.067763698789	2.39819928668886
0.921774163847151	0.265747233383473
2.35856718227095	1.2647806442888
0.671783008731121	0.224523528358971
-0.55888165037327	0.146019049191659
1.40364636721557	0.653794490222639
2.45442904372326	0.842929862158112
2.4483134540998	0.840541819013097
0.359966471803361	0.132286889139063
1.88165426965747	1.25763560316618
3.84322845778343	2.07908349776713
-0.563224434073156	0.1470595732283
2.44567166971443	0.839453219846175
2.09758253416694	1.00306881864091
1.43353329977211	0.670713487789622
2.08100668581477	0.99206488288769
3.34933153474771	2.6404997448962
2.45716616852698	0.843674766141773
2.37266970431778	1.2757494101701
-0.0870383204079297	0.0271841966523264
0.741905926768887	0.327109124290063
0.671268687509874	0.224622004345607
0.222869713972943	0.0702508404965994
2.43961622041387	0.836769184993985
3.58052429827243	1.76820988967439
1.38879203257567	0.494035021279572
1.11683068354713	0.641948146294255
3.85972643602865	2.09572284347832
3.84440354953942	2.08249008423248
1.75931610176333	0.733095429495076
3.5914488742797	1.77556029179753
-0.0179504215296639	0.00574739763657833
1.3519663970299	0.711601776205047
0.733832164594616	0.32343983117321
0.904084541315186	0.261500500062554
4.06690741540602	2.39936257722879
1.75694714586213	0.732159734378909
3.26908338806269	1.45678296110119
1.4424893859302	0.676274603130805
1.74497714879162	0.935072392847221
1.32517878023569	0.693290769937281
3.58822123662635	1.77222414369107
0.187516582106475	0.0494383766804619
1.72402871819241	0.513373825324747
0.766768174645666	0.339198833071431
-3.06142327849064	1.22511692748265
-0.314631989909279	0.0933050466550904
3.26310413052701	1.45333946698961
3.81774587035387	2.05871471298175
1.77491609616464	0.740653452023574
1.76271459085892	0.735118738719892
0.170184199651161	0.0455102597114768
2.66725579319603	1.60648019639353
0.915267467236802	0.263914073443303
0.205561737379768	0.0441838774146192
2.92442907579133	1.15555204884472
0.92003140509787	0.265333979478402
0.20471393630254	0.0440337263228802
3.27620927747588	1.46151929297208
3.56226151463511	1.75365296814151
1.74105239452581	0.931428432461311
1.00351115236621	0.453781491040273
-0.0725807930709564	0.023050966952129
1.63929274323406	0.980544029023823
1.75694714586213	0.732159734378909
0.650175479369777	0.249153921781642
1.78168645155724	0.74461717018754
2.09035178211931	0.998526967079187
-1.42427284589386	0.531167841641139
1.76602253904652	0.736460561645212
-0.290172480232866	0.0866608763690696
-0.0186910741490363	0.00603663392544992
2.36726164571539	1.27152812354284
1.38248601554662	0.491066536373935
0.729648871120109	0.320361919491182
1.39557961180183	0.496365775816694
4.07945772969304	2.41133205708101
0.921774163847151	0.265747233383473
0.902476879033505	0.260785195270642
1.7772657725191	0.742520128546194
1.33770780578989	0.701979381802701
2.645469632369	1.58606208005677
0.237104877726037	0.0745081095807233
0.917347332724012	0.264571103399029
1.39972857201292	0.49785287169011
2.64072970121289	1.58177369826735
3.56644568989027	1.757536747449
3.27620927747588	1.46151929297208
1.38280751378984	0.491432164348294
1.71525365016149	0.91304067115333
1.770513002613	0.73911521710779
-0.55888165037327	0.146019049191659
1.38427899058231	0.491766401647725
-0.563224434073156	0.1470595732283
0.685012911469976	0.263645064055668
1.0509903591309	0.420065297501861
1.02543746055649	0.465890371859252
4.07483768406903	2.40693849987174
1.36972296309591	0.486388383733701
0.184506730859797	0.0487417923755395
1.38545837834875	0.492219504116298
-1.06695223882153	0.343090364543094
2.00167431076036	1.20116316112107
1.38427899058231	0.491766401647725
2.32675668586567	2.24614053212189
0.190534411024281	0.0501047275306018
0.672085675093466	0.258301788788476
2.43961622041387	0.836769184993985
1.38248601554662	0.491066536373935
2.10191660741599	1.00581722578712
1.06352212226323	0.425772015034948
0.645214678485994	0.2470919343214
0.195923847427482	0.042652530602415
2.3882967901111	1.28893788024603
0.906151326926563	0.261259737108879
1.38547624122001	0.492221548058075
2.44834859745442	0.840528199577986
0.515688386773081	0.219913965444492
0.683042523889567	0.228414048266896
0.541069323876555	0.231668994105182
2.89452440328628	1.91583523444744
2.39280238925833	1.29191966341184
3.11216219757024	2.24691689938766
-2.71366037927859	0.963507235303924
0.196315155888877	0.0427978646049216
-1.02081630592617	0.431006060615779
2.45446436525245	0.842916202981294
3.56221723512204	1.7544607898084
-1.07145814894821	0.344726600937372
-0.288034590067649	0.10188282818647
1.75009908265132	0.938508828866718
2.44834859745442	0.840528199577986
0.219223176229808	0.0691776377972106
1.71838037692335	0.512092496146657
1.72664583622157	0.514027439791968
3.27921340058014	1.46335938453018
1.39256483421105	0.495195831360944
2.38971523300358	1.28907548475192
2.91771648568221	1.15252312484676
4.28101317828962	2.73829501198334
0.92457006190404	0.266440401880801
1.39258193627448	0.495197582069264
1.39670390964941	0.496388528960776
0.208088282973525	0.044554233682967
0.667317320073738	0.223423991758693
2.42321448730325	1.31413437064598
3.82548269471368	2.06552727960143
3.56644568989027	1.757536747449
1.10267786154203	0.442849067963569
1.72402871819241	0.513373825324747
3.55574281240124	1.74904562098681
1.72665749194725	0.514015992250562
0.928165495076431	0.521674263422521
3.80690118981087	2.04849128299481
3.28030290623515	1.46346513229433
0.861521197477639	0.433059500443205
1.38427899058231	0.491766401647725
2.44834859745442	0.840528199577986
3.56972479265114	1.76059839007616
0.158142351685328	0.0558668073452654
2.37120767596528	1.27464048021461
0.654248044589571	0.218833780823797
1.4424893859302	0.676274603130805
0.208088282973525	0.044554233682967
0.646761280891317	0.248373267488685
0.910807770799633	0.262737230399533
1.04328279672193	0.47527397015434
3.83984476003256	2.07857397651817
0.912597447073333	0.263157043298413
0.920082414250368	0.265252082233154
0.906151326926563	0.261259737108879
2.28621143176484	1.53625031223696
-0.549638443779565	0.144154566527545
2.4483134540998	0.840541819013097
3.58378592172811	1.76948449451818
0.671364998916505	0.224729607601245
4.0475466982656	2.37737693998537
0.180315924045662	0.0478066702574292
0.199660581380647	0.0433122758858595
-1.07843191397865	0.346877642223321
1.86966085280689	1.24591149174993
1.76612122420627	0.736517957467052
3.82113528346696	2.06170072700775
2.6583093079781	1.59834980863449
4.0588318326328	2.39002452109041
2.36440702734713	1.26880947609551
2.03501434168975	1.23047217633642
4.09900776860607	2.43268020306776
1.75355367060485	0.730143785985324
1.75931610176333	0.733095429495076
0.679653114219625	0.227181883175313
4.06337808399324	2.39487276857805
1.72664583622157	0.514027439791968
1.71024700158186	0.909378676560291
0.674607750377633	0.225649879535187
1.76271459085892	0.735118738719892
1.72378059957424	0.919027269631388
2.91874144340492	1.15180916074423
3.81774587035387	2.05871471298175
3.25906560847611	1.45089113400716
0.187468605835015	0.04141071045087
2.64868919412328	1.58883983142237
-0.553958654260902	0.145182611160989
-0.297745227366455	0.088703707435214
1.71838037692335	0.512092496146657
3.25906560847611	1.45089113400716
0.899765603237419	0.260024823460973
0.641408430113829	0.24552038682474
0.222869713972943	0.0702508404965994
0.924519625006435	0.266522920108041
2.37266970431778	1.2757494101701
2.08005047323412	0.991876342394343
2.91210871999862	1.14894462063688
1.38957458135007	0.493821378507415
2.45713066693921	0.844016359639868
1.39026582301669	0.494298341784791
2.92153744995923	1.15407818465564
1.72664583622157	0.514027439791968
1.72664583622157	0.514027439791968
2.92434064150852	1.15557468669485
1.08696413389759	0.435882187828599
1.71838037692335	0.512092496146657
0.924469195483338	0.266423091240108
2.43961622041387	0.836769184993985
-1.46754137571983	0.399241075338394
0.67960094868514	0.227208415863021
4.04735024069441	2.37717274156695
1.74386805742768	0.724791639516812
3.25906560847611	1.45089113400716
0.173703554764952	0.0463270163085087
-0.655032303251258	0.226826016758638
2.44567166971443	0.839453219846175
1.72664583622157	0.514027439791968
-1.46556636079729	0.39889055417079
-0.613865666627824	0.212343711044639
0.208088282973525	0.044554233682967
0.912597447073333	0.263157043298413
2.07087125864236	0.985611875361845
0.195880525766074	0.0426453207559659
2.4483134540998	0.840541819013097
1.06743178358923	0.427217384158955
1.72402871819241	0.513373825324747
0.195880525766074	0.0426453207559659
2.09482958587091	1.00134793705434
4.1023593752764	2.43614767033432
1.72664583622157	0.514027439791968
4.08721474117526	2.41953645011617
1.31869540019004	0.688971361441805
0.748937872434384	0.330380264064506
0.686487174778602	0.22957980027577
0.177324465825582	0.0471342222202081
1.32322500441338	0.772981703777012
1.07095157017984	0.428818473386194
1.40862404516162	0.655840638535552
0.738084813073772	0.325222038011104
1.35066722265577	0.710680338716169
0.205561737379768	0.0441838774146192
0.172141930104414	0.0459762515619496
0.533390118664429	0.227812044749088
0.675156152037975	0.22565754625012
3.82125069959729	2.06090653988338
0.674607750377633	0.225649879535187
2.10542171964225	1.00780245647064
2.89856526305919	2.53386642136419
1.4297353185423	0.668537036752761
-0.33101878371292	0.0977064019641205
-1.66496918874926	0.690859081176529
1.39026582301669	0.494298341784791
0.656154415162395	0.320238462718071
2.68010618840275	1.61745059497385
1.87641819372265	1.25254472447588
0.734622724843	0.323349243127027
1.75490758178519	0.730788790484642
3.81786006711318	2.05881896391186
2.07657892848425	0.989648756453333
0.749994199599593	0.331155235330837
0.199660581380647	0.0433122758858595
2.03184097089982	1.22745981377044
1.37980134392203	0.490495849580318
1.7334979126523	0.925883490496519
0.170184199651161	0.0455102597114768
2.49363791478503	2.21167203638036
2.37659817852811	1.27883941086168
3.57726881742395	1.76601645158811
0.902425948558069	0.260776504921945
1.42603098319155	0.667342151955038
2.90551789185603	1.14556900793857
3.27316965466308	1.45987901225535
-0.288122920487252	0.0860808356526595
1.37980134392203	0.490495849580318
3.56226151463511	1.75365296814151
2.25856978660943	1.50880624947774
1.07890679271251	0.432199101979189
2.61571398369424	1.55761505336013
2.45713066693921	0.844016359639868
-0.554009631260321	0.145198449870715
0.680939462933718	0.261956153566472
0.660085544099662	0.220849182949209
0.199660581380647	0.0433122758858595
2.44567166971443	0.839453219846175
0.649562586933	0.249141431140864
0.159826616761533	0.0431779029725108
1.61126132961287	0.957957015474544
3.27316965466308	1.45987901225535
-0.55888165037327	0.146019049191659
-1.46556636079729	0.39889055417079
1.38427899058231	0.491766401647725
-0.303349464245053	0.0902573552966827
2.89107623731174	1.91086928682795
2.88237730645246	1.90157736319753
3.27318434966019	1.45987088217078
1.77383519060389	0.740746034447833
0.921824610399643	0.265755741469354
2.45446436525245	0.842916202981294
1.38277622260188	0.491429562364001
2.91493124431159	1.15099278421732
3.82877106041862	2.06906516969353
0.666133301211789	0.222708402316138
1.44655283328883	0.678576520907697
2.4483134540998	0.840541819013097
4.06337808399324	2.39487276857805
2.45442904372326	0.842929862158112
-0.282559343150603	0.0845547776661205
1.72665749194725	0.514015992250562
-0.600830818395992	0.207843763746685
2.92158168883162	1.15406672838897
0.664229390792417	0.221891790168857
0.35579124412422	0.130543907012529
0.350559546868133	0.128713373185174
1.05916337556679	0.42328515417955
3.58489902025754	1.77005362422264
0.902476879033505	0.260785195270642
1.39557961180183	0.496365775816694
1.74148394006884	0.932085872907236
2.91771648568221	1.15252312484676
3.28942439006547	1.46887958363091
1.39256483421105	0.495195831360944
1.40276034595944	0.499015152970679
2.12875244604706	1.58247031177246
0.847658015378691	0.42538677589499
0.912597447073333	0.263157043298413
0.906151326926563	0.261259737108879
3.82888864503241	2.06827257768011
2.9312057422667	1.95398052682972
1.39256483421105	0.495195831360944
0.177916426070479	0.0472813074926094
0.184506730859797	0.0487417923755395
0.230992937256442	0.072671397672911
0.208088282973525	0.044554233682967
-0.29578813560486	0.0882116684839374
1.884079148399	1.2604088071112
1.05945582057502	0.423365737527187
0.143385675034149	0.0395606144261334
0.338112105336489	0.124393700052164
1.32961298232992	0.696542257347805
1.29363944013646	0.671850219096901
1.71838037692335	0.512092496146657
3.80690118981087	2.04849128299481
3.87773155342702	3.81447083929227
0.172635519657569	0.0460726932756945
1.39741486104157	0.497164782563706
2.4483134540998	0.840541819013097
0.985426495932102	0.444091191039072
1.4146480105073	0.660128414723583
1.74919545705716	0.727871284649911
1.74073365219128	0.931409079276762
3.26908338806269	1.45678296110119
0.390962351122524	0.143875475804836
0.177324465825582	0.0471342222202081
4.53979328099388	3.17381852492238
2.37638300778663	1.27815906475142
2.06711269700787	0.983555845151092
1.71838037692335	0.512092496146657
2.05706097190356	0.976371422440858
1.4210472928817	0.663393200086933
1.75689874560971	0.732131283191921
1.59498708320578	0.94507814623307
1.39139260785154	0.494323319098175
0.254284235189305	0.0794453940672214
2.44567166971443	0.839453219846175
1.75495432576142	0.730816424365007
-0.290172480232866	0.0866608763690696
0.647989403945168	0.216770693040132
1.3801874459795	0.490172173913112
0.840060129174704	0.420458353355484
4.08344009598907	2.41579003840599
0.911711426533657	0.263290287954357
2.06258037419729	0.980596620923091
2.45442904372326	0.842929862158112
-0.302194401361676	0.0898991994770611
-2.20131061198549	0.675574843790802
0.180334652339367	0.0478106473797875
-1.46754137571983	0.399241075338394
0.675202385974488	0.225674647305293
-0.29578813560486	0.0882116684839374
3.26610537788351	1.45572874939348
1.32105867217651	0.690479684441281
-1.07415611767138	0.3454108187484
-2.20774410875569	0.677401665515386
-1.46556636079729	0.39889055417079
0.683042523889567	0.228414048266896
2.92719523940039	1.15711191350553
2.38439525338939	1.28492217504932
2.074443921041	0.987898360587514
1.74386805742768	0.724791639516812
2.45446436525245	0.842916202981294
2.91210871999862	1.14894462063688
0.657925023753601	0.25272262204917
3.27318434966019	1.45987088217078
2.91488688463889	1.15100414083562
-2.20131061198549	0.675574843790802
1.72664583622157	0.514027439791968
-0.637790951594687	0.221153348301471
3.5483030024599	1.74351337995961
1.72402871819241	0.513373825324747
0.683042523889567	0.228414048266896
0.208088282973525	0.044554233682967
2.38597736698807	1.28552409338761
1.7817391805359	0.745005111153672
1.05964924033272	0.543910430978864
1.73619180385344	0.721781636069406
2.36419615625513	1.26864663417104
-0.297540924890735	0.0885071927285707
-1.05139365222271	0.337625068809831
2.87859742942159	1.89755251760271
2.28192061321816	1.53224335527232
2.23655929756486	1.4862924777207
0.239276057855925	0.0751083750490382
1.06137676746378	0.424207182069452
0.240185741993061	0.0752570600879906
2.91210871999862	1.14894462063688
3.37328653898831	2.67430315234379
-1.46556636079729	0.39889055417079
-0.298998914322238	0.104512799848333
3.81786006711318	2.05881896391186
1.07639332665525	0.431341212182303
0.172618618008275	0.0460830870042928
-0.308978324329468	0.0917900248118583
-1.04381272724977	0.439656743297579
1.06500222939883	0.425941442077716
-1.40002903752444	0.520906482245951
-0.0719886171751435	0.0223064577570088
1.75157325264744	0.72908452782451
1.58527593690179	1.04618783644391
-0.620356025765848	0.214895966402198
3.8144768626855	2.05520542791873
1.3726881258282	0.487534212258015
3.25906560847611	1.45089113400716
-2.21584944415156	0.681305547753399
1.37543780329452	0.488077804570456
0.174087570334974	0.0463804593576593
1.05506396538483	0.421563973155349
-0.276488572422087	0.110362764046734
1.77736983538441	0.742093229737016
2.09452543766835	1.0017656434789
2.38642318096901	1.28784735761572
3.26608991492401	1.45573646702542
1.06730544773054	0.427159838008875
1.4149933401361	0.660255519580867
0.64934400979849	0.249051843557795
0.667834514187836	0.223379760188729
3.84075001687491	2.07807527856366
1.42126218292177	0.663517965383386
1.32401148865456	0.69239764135541
1.02989933700399	0.468565122919164
1.09530722528222	0.439560613937982
1.74919545705716	0.727871284649911
-0.0401754688142619	0.0133312097120072
3.58373656090747	1.76808271206865
0.686438385931598	0.229465616264401
1.02570687303407	0.466054923858602
0.177324465825582	0.0471342222202081
1.72879825628199	0.922337542393182
-0.554009631260321	0.145198449870715
2.90551789185603	1.14556900793857
0.144798249533792	0.0398379132097244
0.248735064579116	0.0778111654092448
-0.286974240436354	0.0857853046400139
3.52373341289213	2.98728363088904
2.38439525338939	1.28492217504932
-0.275687060281398	0.0826939690244633
2.92438485477444	1.156147471729
2.92728363751449	1.15629108008848
1.77325616208828	0.740631475303459
2.91771648568221	1.15252312484676
-1.46754137571983	0.399241075338394
2.24987326235034	1.49993412064252
1.07561158241459	0.430941147002154
2.44834859745442	0.840528199577986
4.10704306793267	2.44071712309733
1.38957458135007	0.493821378507415
1.76182548377079	0.735239545395665
0.914619300557244	0.26369561215826
2.90551789185603	1.14556900793857
2.39775875299794	1.29587052514165
-0.554009631260321	0.145198449870715
1.07442357325098	0.430486477047253
4.08699657121668	2.42057811596567
0.378017130604596	0.139329961307471
1.38727744289309	0.493135957861707
2.44834859745442	0.840528199577986
2.67932190695917	1.61651944938343
2.08244330412006	0.993420529815253
3.57726881742395	1.76601645158811
0.157581581108027	0.0426992641424185
0.675202385974488	0.225674647305293
0.172141930104414	0.0459762515619496
0.649562586933	0.249141431140864
1.06137676746378	0.424207182069452
0.64934400979849	0.249051843557795
1.02539606965218	0.466075701008468
0.826323546225266	0.412072564202611
0.355429818438752	0.130490879405021
2.00822251126311	1.20697174680413
2.91767215080868	1.15195328733466
2.09184229239853	0.998743722047531
3.55574281240124	1.74904562098681
2.38139112802631	1.28265319016193
3.55150019255635	1.74586834583851
-1.04623082826136	0.336174901762473
0.359966471803361	0.132286889139063
-0.101690228340085	0.0308520131069141
0.893327858309595	0.258137021796653
1.38957458135007	0.493821378507415
1.44432765635914	0.677817255633125
-0.565000228990759	0.147836672845567
0.675156152037975	0.22565754625012
1.38957458135007	0.493821378507415
2.38139112802631	1.28265319016193
1.71838037692335	0.512092496146657
3.56221723512204	1.7544607898084
3.27316965466308	1.45987901225535
1.7670969374071	0.736975258042291
3.56321850271678	1.75430275733671
0.915267467236802	0.263914073443303
1.4424893859302	0.676274603130805
2.07087125864236	0.985611875361845
1.44676087411095	0.678342614008555
0.660322921769697	0.322221212612243
2.37681350037405	1.2784815421939
0.674711167476204	0.225687715083999
2.45442904372326	0.842929862158112
1.06613420869166	0.426441035186767
1.39855384088426	0.650369589946179
0.219223176229808	0.0691776377972106
1.72665749194725	0.514015992250562
0.643398293783688	0.246599326542975
2.38533636033725	1.28561237005996
2.09854407465172	1.00363736255297
0.205561737379768	0.0441838774146192
1.76834557215666	0.95120742777607
0.152333192436397	0.0415232974103919
2.08687440913371	0.99641134159439
3.83984476003256	2.07857397651817
2.45446436525245	0.842916202981294
2.90827841061733	1.14708003600027
2.43961622041387	0.836769184993985
0.912597447073333	0.263157043298413
2.21907426001435	1.46861306909813
-1.0411155019997	0.334366938978704
1.75840552747168	0.733204294369585
2.39509029667649	1.29466155690915
3.58480031521524	1.76996218225702
0.208088282973525	0.044554233682967
1.72664583622157	0.514027439791968
-0.62589967432719	0.216775524965041
1.77388619361697	0.741131703530167
2.45176958518949	0.841449769742287
0.912597447073333	0.263157043298413
-0.316347140047578	0.0936602249250521
0.668253060497654	0.256615006388286
-0.298937896959845	0.105324960144715
1.77046288364682	0.739085774074085
1.76266616893112	0.735090202637704
-1.04326431362444	0.44219569381945
-1.43549133993715	0.535998719182748
0.71940044411211	0.315720021407306
2.43961622041387	0.836769184993985
2.91767215080868	1.15195328733466
1.71832982958224	0.915582080909579
1.74291123433662	0.724974229337115
0.216669552420131	0.0682893939160796
0.175143411457113	0.0466493667011835
2.89130854291821	1.91125909346463
0.2274543977565	0.071600628538582
2.90827841061733	1.14708003600027
1.37720610089078	0.4890227456012
2.91493124431159	1.15099278421732
1.73685969686651	0.928759931275441
3.55895493620897	1.75203607094021
3.85132247738915	2.0869139731717
-1.85050556908139	0.833560452758557
1.39026582301669	0.494298341784791
3.25608093098774	1.44911407166836
2.91771648568221	1.15252312484676
2.69871995835231	1.63449674140129
3.25608093098774	1.44911407166836
2.66725579319603	1.60648019639353
0.660085544099662	0.220849182949209
1.76468686526107	0.736114525646435
0.647001375648979	0.248472038271467
1.74510423425748	0.935047886853401
0.177324465825582	0.0471342222202081
3.25904938664935	1.45089842575752
3.5806215145737	1.76713572499057
1.09163408543576	0.437630647209745
1.88196878267201	1.25869809607124
-0.863864480624225	0.335227274758579
1.01694162215078	0.461351454790982
-1.05139365222271	0.337625068809831
-0.286940431421599	0.0857759418120604
0.227403893141339	0.0715006664849142
0.62460893243199	0.239137101163216
1.08268584750491	0.434131481875892
-0.297745227366455	0.088703707435214
2.6851131389361	1.62224943357595
4.52103627983842	3.15019047721666
0.999077022298379	0.451581663058621
2.00573154557067	1.20473861977837
2.70717389508389	1.64128756434647
3.25906560847611	1.45089113400716
3.26610537788351	1.45572874939348
0.368458568656481	0.135446813337846
1.58697255286145	1.04749443501723
2.02779422892532	1.22418908655787
1.99654614685032	1.19695737351966
0.906151326926563	0.261259737108879
1.38248601554662	0.491066536373935
3.57301180618074	1.76219924411501
2.73220177699886	2.21124837749946
0.717167281648342	0.314611236589343
3.82877106041862	2.06906516969353
3.27619497272584	1.46229178166629
3.26610537788351	1.45572874939348
4.05971258368773	2.39004897732211
-0.588537229437126	0.242968913105461
0.650175479369777	0.249153921781642
0.529787457066564	0.226700470176479
2.03265090793616	1.22860665548007
2.73638098029526	2.21670804206089
-0.0362861074619994	0.0117900496461309
1.39256483421105	0.495195831360944
1.76025011587465	0.733497356580686
-3.07363135527025	1.23229142505553
-0.0771280328988337	0.0237469420204048
0.656048033858116	0.251913887159618
3.25608093098774	1.44911407166836
0.921824610399643	0.265755741469354
-0.549638443779565	0.144154566527545
0.912597447073333	0.263157043298413
-0.0676046001513337	0.0216481204050412
0.199660581380647	0.0433122758858595
-0.310646750077994	0.0920983537713622
2.074443921041	0.987898360587514
-0.571538969396222	0.149182553096798
0.170184199651161	0.0455102597114768
2.07087125864236	0.985611875361845
2.4483134540998	0.840541819013097
2.91210871999862	1.14894462063688
2.91771648568221	1.15252312484676
-1.07047338323605	0.344577477880863
2.384145825008	1.28578213431409
1.40272851054165	0.499012480580187
2.35899840755634	1.26461551908783
2.45442904372326	0.842929862158112
4.30571476244143	2.76697153064355
2.02254699609633	1.21907199484077
0.671691629672308	0.22459104803171
1.71838037692335	0.512092496146657
0.642859692185367	0.246457903540545
0.369110869322808	0.135732432030217
2.10191660741599	1.00581722578712
2.90832288894759	1.14706883442003
0.906822097465917	0.262270642143547
1.76198531536044	0.734732478702408
4.0823582807583	2.41484747530459
2.89896851317136	1.14156400888801
2.91771648568221	1.15252312484676
0.24043151093131	0.0753310477210604
3.27318434966019	1.45987088217078
1.06634441622681	0.548169953739493
2.90832288894759	1.14706883442003
0.663385927314191	0.221879924565254
1.37720610089078	0.4890227456012
-0.0664265930909975	0.0208035802678646
2.09854407465172	1.00363736255297
1.78168645155724	0.74461717018754
1.75157325264744	0.72908452782451
1.73953356091327	0.723250406310303
2.02822571998538	1.22441493411389
3.84453748990437	2.08172146404308
1.03621899148363	0.529651447021235
1.78513490822613	0.746684677392543
1.69281837464643	0.896591126210079
1.37720610089078	0.4890227456012
0.997235392841483	0.451014255233506
3.80690118981087	2.04849128299481
1.0247971518555	0.465550847786883
1.72664583622157	0.514027439791968
0.184506730859797	0.0487417923755395
1.07548302483537	0.430882424118786
3.56644568989027	1.757536747449
2.4483134540998	0.840541819013097
1.0707599967962	0.428304191192394
-0.30310829299247	0.106524851085914
1.31258015706578	0.68488364403579
1.76967284004497	0.739096866618545
2.37206129015342	1.27484344431999
1.05627095978734	0.422060593772365
1.75359652770267	0.940333068034772
1.74393376136045	0.725773790162244
0.912597447073333	0.263157043298413
4.08257487951431	2.41471487906593
4.09055654961381	2.42422065615317
2.0904766040442	0.998607707037486
1.05928751386563	0.42334152537139
2.3791829536265	1.28135485152416
0.34851055130351	0.128674666621709
2.1082503846307	1.00938253623782
0.24243225341768	0.0759022527916872
1.61126132961287	0.957957015474544
0.230534790079877	0.0723507853261846
3.25608093098774	1.44911407166836
3.26608991492401	1.45573646702542
0.208088282973525	0.044554233682967
0.664536241269112	0.222347922046462
1.0556646700484	0.421702481443309
2.08579215314207	0.99512741964913
2.45446436525245	0.842916202981294
2.45446436525245	0.842916202981294
1.42389157344334	0.665734056026918
2.37138462558887	1.27529838147019
1.06743178358923	0.427217384158955
-0.618283020082934	0.214212836140942
0.24243225341768	0.0759022527916872
0.6632665028763	0.254542872386415
1.08708910830076	0.435939593229012
2.92140629007262	1.94385209579958
2.08579215314207	0.99512741964913
2.44834859745442	0.840528199577986
0.654331364650838	0.218937091794533
3.34055021033552	2.62873442378972
0.674659412509143	0.225763157149067
2.91493124431159	1.15099278421732
1.72402871819241	0.513373825324747
-0.549588025379477	0.144138904810768
1.72664583622157	0.514027439791968
-0.562313153317888	0.147312602906664
0.912597447073333	0.263157043298413
2.43961622041387	0.836769184993985
-0.312790984705679	0.0925414447979523
1.76187945735624	0.734917482673091
0.647989403945168	0.216770693040132
2.44834859745442	0.840528199577986
2.91493124431159	1.15099278421732
2.45442904372326	0.842929862158112
-1.46556636079729	0.39889055417079
1.76271459085892	0.735118738719892
1.57269239046239	0.926087825392704
2.64926612720655	1.58940295862537
3.25904938664935	1.45089842575752
1.40232298632683	0.652575218092519
0.906151326926563	0.261259737108879
2.44834859745442	0.840528199577986
-1.46754137571983	0.399241075338394
-2.69742047364421	0.954793958704405
1.39256483421105	0.495195831360944
2.35899840755634	1.26461551908783
2.08797001002257	0.996866288172598
2.45446436525245	0.842916202981294
2.10568048526768	1.0085784085268
1.72664583622157	0.514027439791968
1.39557961180183	0.496365775816694
3.55574281240124	1.74904562098681
2.39720686237231	1.29488346021071
2.08599448943751	0.995909696378164
-2.20452069372124	0.676749531450116
-0.623912429413464	0.216071538242249
0.652798133124881	0.2180678347656
1.7817391805359	0.745005111153672
1.44721064997275	0.678510225263998
1.75026900583081	0.93782386165929
1.77393728942937	0.74080523066272
1.72402871819241	0.513373825324747
0.636136925528321	0.243381819840761
3.28636755859253	1.46779915363749
3.80690118981087	2.04849128299481
-2.69742047364421	0.954793958704405
0.195923847427482	0.042652530602415
0.208130289751052	0.0445612068776082
0.246481161999589	0.0771634661945538
-1.46754137571983	0.399241075338394
4.54503868555016	3.18254170525623
1.33731238646955	0.701634083652426
0.634633781105641	0.242978425037987
-0.303882869036504	0.0903675867143855
-2.20452069372124	0.676749531450116
0.22810763358012	0.0718863917647711
0.180315924045662	0.0478066702574292
2.18865689830804	1.95045982200171
1.33305583737421	0.780641176311112
1.89287298871107	1.26857399659408
2.90551789185603	1.14556900793857
1.75490047147113	0.942068057401716
2.28114326973709	1.5311961456284
1.33691859591551	0.701121465109112
-0.556695510417587	0.145720699864662
0.230534790079877	0.0723507853261846
0.208130289751052	0.0445612068776082
-0.279754569743906	0.098863998164307
1.39258193627448	0.495197582069264
2.3849000886837	1.28528461722794
2.91776082824986	1.15193094411066
2.72802785287014	2.20550423263101
2.67154226168832	1.60985261033452
2.67440767767565	1.61342751965136
2.92442907579133	1.15555204884472
0.187468605835015	0.04141071045087
3.26610537788351	1.45572874939348
1.57074152909998	1.03281378491986
0.915267467236802	0.263914073443303
0.167684775974656	0.0449752230888594
-0.298760378057541	0.088942138383077
1.00753277380551	0.456082863754669
1.38248601554662	0.491066536373935
2.91488688463889	1.15100414083562
2.91493124431159	1.15099278421732
1.36850197388475	0.486102920649087
2.91771648568221	1.15252312484676
-1.46556636079729	0.39889055417079
2.44834859745442	0.840528199577986
1.38248601554662	0.491066536373935
1.38427899058231	0.491766401647725
3.27316965466308	1.45987901225535
0.169969476930173	0.0597612377671152
-0.316832662597132	0.0938390984730215
-0.635215271917585	0.220149282073408
2.45442904372326	0.842929862158112
2.08461067139766	0.994824464533218
0.211028607210491	0.0667465111931749
0.915318019020568	0.263922623604752
2.92438485477444	1.156147471729
3.26310413052701	1.45333946698961
-0.554009631260321	0.145198449870715
2.4483134540998	0.840541819013097
1.00146663284678	0.453106729039273
3.27016636624633	1.45724800636443
1.78518862941079	0.74671530966739
1.07878401387793	0.432142860294847
0.386058238499419	0.142035283153649
2.35009826660448	1.25808423193005
-0.0585404852161418	0.0190348985127559
3.82877106041862	2.06906516969353
1.76025011587465	0.733497356580686
-0.625664411732087	0.216078800906651
0.911609804248397	0.263272701029936
1.76182548377079	0.735239545395665
2.09408927735694	1.00081261564385
0.901720616063008	0.260095467165507
2.08448560220228	0.994743736476529
1.36848609513374	0.486101541554375
1.08481137531361	0.435132733157704
2.90439059654974	1.92568553821082
3.12584192594927	2.26323910059553
3.84792904445834	2.08575030655064
4.54144233985933	3.17772443720955
2.90551789185603	1.14556900793857
1.38957458135007	0.493821378507415
2.4483134540998	0.840541819013097
2.27687349321776	1.52714923650584
4.27757505840964	2.73321801555491
0.679653114219625	0.227181883175313
3.2691134975973	1.45676655530423
3.27921340058014	1.46335938453018
2.66647880881727	1.60519820290168
0.639583382992998	0.245190490849666
0.170184199651161	0.0455102597114768
0.175124314973247	0.046645304856595
1.40276034595944	0.499015152970679
2.09383725457669	1.00065411366166
1.7369501320558	0.929214805936707
0.912597447073333	0.263157043298413
0.71420485770628	0.313253331768497
1.07878401387793	0.432142860294847
2.5294665682961	1.87680515570149
0.652144276386616	0.218007688159233
1.32751650085742	0.695523258439201
2.39246058058387	1.29172180294248
2.1879099646341	1.94878999413861
1.7506657784623	0.729256008965406
0.172141930104414	0.0459762515619496
1.39743118124806	0.496937284613024
0.159084195499199	0.0430267803944521
2.10932418503155	1.01032288943995
1.72665749194725	0.514015992250562
0.676903201699519	0.226479397545131
2.25634269910001	1.50725073440256
1.39971224002831	0.49785141353806
2.4483134540998	0.840541819013097
1.75073782394698	0.729181124125876
1.75931610176333	0.733095429495076
2.07587580782782	0.989773732141409
1.75157325264744	0.72908452782451
-1.46754137571983	0.399241075338394
0.914619300557244	0.26369561215826
0.915267467236802	0.263914073443303
2.43961622041387	0.836769184993985
1.75490758178519	0.730788790484642
1.38692346903873	0.49313742565214
2.02635481511239	1.22341304186732
-0.284672165916858	0.0851588772871711
-1.39218884984795	0.517361767954646
-0.620969894100123	0.215116746351169
2.45176958518949	0.841449769742287
-0.0625801216561574	0.0202003096297817
3.5914488742797	1.77556029179753
1.38957458135007	0.493821378507415
1.07548302483537	0.430882424118786
1.45138610580265	0.681342530348949
1.4246549617334	0.665836622173961
1.72665749194725	0.514015992250562
-0.563224434073156	0.1470595732283
0.199660581380647	0.0433122758858595
3.55154185738699	1.74591014244481
2.44567166971443	0.839453219846175
0.915318019020568	0.263922623604752
-2.71821582035218	0.966213469185023
0.921774163847151	0.265747233383473
3.27316965466308	1.45987901225535
0.740510493504093	0.326158604042561
0.20471393630254	0.0440337263228802
0.665375973457052	0.255675314947678
-1.28168231177463	0.613137651292619
0.663026771589623	0.254567497724721
-0.854074521847165	0.331163630269664
0.758222705924624	0.33488217653909
1.39557961180183	0.496365775816694
0.917347332724012	0.264571103399029
2.40972855285763	1.30455498989097
2.3802366730032	1.28216162453593
0.366489615146215	0.151905435606714
0.671739511165946	0.224608657118817
1.75689874560971	0.732131283191921
2.36049935998302	1.26574983535061
1.38545837834875	0.492219504116298
0.673995039992328	0.225358656301781
2.07432344697303	0.98782080086047
3.26909842045239	1.45753652807612
2.01373992673876	1.21215883776263
1.01446109706274	0.460108606011873
1.05328310334829	0.420345282403066
3.27318434966019	1.45987088217078
1.89050336613839	1.26594090099647
-0.55888165037327	0.146019049191659
0.646664355085335	0.247560855118348
1.0556646700484	0.421702481443309
0.673477430148691	0.225398304337074
2.07087125864236	0.985611875361845
3.72353466155817	3.41584253931193
2.65363573679875	1.59401282558185
-0.00843169515823037	0.00335126152573991
2.88325240585125	1.90295420492182
0.187534552195979	0.0494421831048262
2.44834859745442	0.840528199577986
-1.05434667090414	0.338781426865916
1.77306233895653	0.740767709932593
0.160846159441978	0.0434528854144759
1.5490616202498	1.12023353629913
1.40272851054165	0.499012480580187
0.222869713972943	0.0702508404965994
1.7428616669083	0.724945400053299
1.62268656329652	0.967921794088982
1.39256483421105	0.495195831360944
1.4149933401361	0.660255519580867
0.722629402042596	0.317190407228875
3.27318434966019	1.45987088217078
-0.292557042042696	0.103470034720753
1.7660718355889	0.736843404138436
2.65450004020957	1.59426527563713
0.368157815644971	0.135282792049881
0.924469195483338	0.266423091240108
2.44834859745442	0.840528199577986
-0.283958946580875	0.100346319742523
1.58388407978434	1.0438690020148
-0.620969894100123	0.215116746351169
1.02570282778038	0.466042658798379
1.76525370557138	0.736652710479781
1.78513490822613	0.746684677392543
0.672304031961959	0.258284674362663
1.78508128093501	0.746164945988396
2.45446436525245	0.842916202981294
4.07129894895192	2.40309687787822
3.25608093098774	1.44911407166836
0.665533456401679	0.222706642295264
0.659447121797904	0.252952229370645
2.64518509397611	1.58596694747732
0.177324465825582	0.0471342222202081
2.09851156893234	1.00394363546753
1.71919650335957	0.915729423810049
1.39256483421105	0.495195831360944
0.666648623037871	0.256022754102859
1.36166370517331	0.803154438357055
2.91210871999862	1.14894462063688
-0.298760378057541	0.088942138383077
0.99281988822008	0.448320138458728
1.02080700210813	0.463504064275932
2.91316732756641	1.93514290735488
-1.06803950864542	0.343420402348576
2.44567166971443	0.839453219846175
1.07890679271251	0.432199101979189
0.202198391670494	0.0436656035177294
3.26610537788351	1.45572874939348
0.69790279773561	0.233397477907166
0.65067547091954	0.249219645281051
0.897578623663865	0.259675397379677
3.58052429827243	1.76820988967439
-1.47559564657686	0.401361379112135
0.208130289751052	0.0445612068776082
3.26608991492401	1.45573646702542
2.09396320894315	1.0011830226404
0.897578623663865	0.259675397379677
2.10794914759699	1.00980437821101
0.92003140509787	0.265333979478402
1.09442218500592	0.439047986466722
1.06499912222052	0.425849705080265
1.01656736467695	0.461391213940484
1.76972856256345	0.738774350521325
2.34166038627309	1.25103412761132
2.09069751079453	0.999366405985553
-2.20131061198549	0.675574843790802
1.75689874560971	0.732131283191921
-0.290172480232866	0.0866608763690696
1.08473600195501	0.434986922849175
3.27619497272584	1.46229178166629
2.45716616852698	0.843674766141773
-0.301626102956397	0.106614420935173
2.90847567911204	1.93003494993036
2.66725579319603	1.60648019639353
0.915267467236802	0.263914073443303
0.664229390792417	0.221891790168857
3.82208423256688	2.06165992465882
0.650175479369777	0.249153921781642
2.06258037419729	0.980596620923091
0.918333370109286	0.514947018373886
1.71943009631582	0.916289958041146
0.167714996663192	0.0449834543600603
2.63640481652781	1.57794174426881
3.25608093098774	1.44911407166836
2.90551789185603	1.14556900793857
1.05928751386563	0.42334152537139
2.91771648568221	1.15252312484676
2.90832288894759	1.14706883442003
3.25906560847611	1.45089113400716
-0.456158496315037	0.17527693031785
2.89896851317136	1.14156400888801
1.72665749194725	0.514015992250562
-0.625308662284144	0.216150574467422
2.69320877573694	1.62935363357238
1.38547624122001	0.492221548058075
3.27619497272584	1.46229178166629
2.44567166971443	0.839453219846175
2.09408927735694	1.00081261564385
-0.104898529891002	0.0316703257747096
0.660458732926317	0.220729206141761
3.85145897004368	2.08846222772018
1.06950553657557	0.427929560998139
3.8331373619037	2.07194875327632
1.7428616669083	0.724945400053299
2.91198714182349	1.93300041518421
1.32805377536094	0.776777467822956
2.06774892770211	0.98451750498754
2.08461067139766	0.994824464533218
1.44271173475533	0.676117492547363
1.4297353185423	0.668537036752761
0.373345066946305	0.137290216336791
1.40274440558796	0.499243938315738
2.91210871999862	1.14894462063688
1.34064592443482	0.703983171101445
2.08379833001382	0.994842104592303
2.09035178211931	0.998526967079187
1.75157325264744	0.72908452782451
1.07082409868839	0.428569888191259
1.42995310156073	0.668663911451575
1.39556294187099	0.496135793832498
-2.70163341573963	0.956867155200627
1.38545837834875	0.492219504116298
1.75157325264744	0.72908452782451
2.44834859745442	0.840528199577986
3.5806215145737	1.76713572499057
3.81015718911041	2.0513447425075
-0.324739062677297	0.0960191293595516
3.82208423256688	2.06165992465882
2.44567166971443	0.839453219846175
1.05904170564614	0.42278740114866
1.7660718355889	0.736843404138436
2.40554722832537	1.30191894804045
1.77829806424928	0.742842282455695
2.90827841061733	1.14708003600027
3.25608093098774	1.44911407166836
3.27924118008841	1.46229877184658
3.55895493620897	1.75203607094021
0.906151326926563	0.261259737108879
2.45713066693921	0.844016359639868
0.750357895806982	0.331057972720858
2.4483134540998	0.840541819013097
1.39258193627448	0.495197582069264
2.44567166971443	0.839453219846175
0.199660581380647	0.0433122758858595
1.77383519060389	0.740746034447833
3.55895493620897	1.75203607094021
2.45716616852698	0.843674766141773
1.37543780329452	0.488077804570456
1.38016920470379	0.490169965758878
1.76271459085892	0.735118738719892
0.487337601830921	0.206850711792581
3.27318434966019	1.45987088217078
0.202198391670494	0.0436656035177294
0.222869713972943	0.0702508404965994
0.222746898166708	0.0702142115346211
2.40771491906167	1.30246459288328
1.74581938677338	0.726145387504203
2.0904766040442	0.998607707037486
0.686012293245932	0.229542475879796
1.39297854197316	0.495469142243549
1.43397196584569	0.670964319817609
-1.08070883128895	0.347858272145
2.43961622041387	0.836769184993985
0.199660581380647	0.0433122758858595
4.52064567457205	3.15008102836686
1.39258193627448	0.495197582069264
1.75390952694415	0.940674023144032
0.165016980071288	0.0443593586963327
2.44567166971443	0.839453219846175
2.91771648568221	1.15252312484676
2.39775875299794	1.29587052514165
1.43720917145551	0.673445411371028
0.165016980071288	0.0443593586963327
3.56221723512204	1.7544607898084
2.91493124431159	1.15099278421732
1.76810514306125	0.7381530283959
1.37980134392203	0.490495849580318
4.30457245787792	2.76622530287488
1.71838037692335	0.512092496146657
2.11386485793166	1.01363216414761
2.36419615625513	1.26864663417104
1.39741486104157	0.497164782563706
-3.57224560228792	1.66788835769117
2.4483134540998	0.840541819013097
-1.08006156619805	0.347765928845545
0.165016980071288	0.0443593586963327
-0.851683792101146	0.330076596024557
1.09530722528222	0.439560613937982
0.196315155888877	0.0427978646049216
3.13844776020456	2.27840227995202
-1.43967211235305	0.53765668132987
1.72781187455144	0.922590777929319
3.25906560847611	1.45089113400716
1.4246549617334	0.665836622173961
1.4246549617334	0.665836622173961
1.72339876962817	0.918787555685445
-0.549638443779565	0.144154566527545
-0.832296637150354	0.321471800988862
0.661630040313216	0.254101147614014
2.068259117821	1.514394038392
0.906151326926563	0.261259737108879
0.664536241269112	0.222347922046462
1.08696413389759	0.435882187828599
-0.0644937872061349	0.0205341488285567
-0.290172480232866	0.0866608763690696
-0.315729110423162	0.0936255870733279
0.683042523889567	0.228414048266896
0.204756590717357	0.0440408052662146
1.7506657784623	0.729256008965406
-0.303349464245053	0.0902573552966827
1.62905302318518	0.97276569438074
1.40016854252462	0.651443459769618
3.26610537788351	1.45572874939348
3.57073037834267	1.75931594813756
2.90827841061733	1.14708003600027
0.651402258053703	0.217908929076761
2.43660280412992	2.12800748519097
2.91199763838361	1.93433450282336
1.59750425172338	0.946459486817042
2.05706097190356	0.976371422440858
1.38248601554662	0.491066536373935
2.45716616852698	0.843674766141773
0.172141930104414	0.0459762515619496
-0.290831686477476	0.0867545552222069
-1.41779487431253	0.528409680263138
3.27016636624633	1.45724800636443
0.163492226678909	0.044044738586646
4.067763698789	2.39819928668886
2.45446436525245	0.842916202981294
-2.20131061198549	0.675574843790802
-0.567585807840995	0.148008276225078
1.76266616893112	0.735090202637704
1.77046288364682	0.739085774074085
1.38427899058231	0.491766401647725
1.72402871819241	0.513373825324747
1.72665749194725	0.514015992250562
0.199660581380647	0.0433122758858595
1.72665749194725	0.514015992250562
0.652798133124881	0.2180678347656
2.43961622041387	0.836769184993985
0.924519625006435	0.266522920108041
1.75694714586213	0.732159734378909
0.196315155888877	0.0427978646049216
0.20471393630254	0.0440337263228802
1.72664583622157	0.514027439791968
2.91488688463889	1.15100414083562
-1.43398449379783	0.53510212829053
1.33490321034096	0.700090839405592
2.44567166971443	0.839453219846175
1.38727744289309	0.493135957861707
0.254284235189305	0.0794453940672214
3.27620927747588	1.46151929297208
0.3622067098887	0.133449066452447
1.6291069918408	0.972758453871223
1.39258193627448	0.495197582069264
0.686487174778602	0.22957980027577
1.3899474343491	0.49452024011659
2.43961622041387	0.836769184993985
2.40771491906167	1.30246459288328
1.770513002613	0.73911521710779
1.0344996906056	0.470809134496247
0.666646574449056	0.256056818944857
0.250596382422263	0.0783154809169861
3.82536634175606	2.06542098396924
0.195880525766074	0.0426453207559659
2.09035178211931	0.998526967079187
1.7660718355889	0.736843404138436
2.51467285676838	1.86081611947966
3.56644568989027	1.757536747449
1.4057837164765	0.50019805265816
0.665749707518384	0.255950123726565
1.37978528414721	0.490494430759015
-1.46556636079729	0.39889055417079
1.78284666747706	0.745021800249138
0.205561737379768	0.0441838774146192
3.25904938664935	1.45089842575752
1.03847348305114	0.472882606367941
1.71838037692335	0.512092496146657
-1.39447579712601	0.518519557547366
2.4483134540998	0.840541819013097
2.91767215080868	1.15195328733466
2.44834859745442	0.840528199577986
2.45446436525245	0.842916202981294
3.27922726773361	1.4633502643727
2.43961622041387	0.836769184993985
0.659969723833758	0.22073480452832
4.05971258368773	2.39004897732211
0.16990936756201	0.0454518217672499
2.3899441417321	1.28925538494421
0.502741805839331	0.213464186656016
1.75061451146006	0.72922626546094
2.64577181146544	1.58633465147322
0.921774163847151	0.265747233383473
1.38545837834875	0.492219504116298
1.76177160357666	0.734855893090464
2.09035178211931	0.998526967079187
0.143385675034149	0.0395606144261334
1.75845851337505	0.733234957019094
0.901720616063008	0.260095467165507
3.83984476003256	2.07857397651817
-0.296381040319289	0.104564691094488
0.199660581380647	0.0433122758858595
3.55895493620897	1.75203607094021
1.38248601554662	0.491066536373935
-1.65429639488039	0.686060509580965
2.09924501513944	1.00414316608255
1.38957458135007	0.493821378507415
-0.299219362373463	0.0889225334662289
3.82877106041862	2.06906516969353
1.0719555108239	0.429070382434839
-0.292596402803385	0.0873350320881933
1.76271459085892	0.735118738719892
1.37858284206097	0.489996603091807
1.39256483421105	0.495195831360944
1.4297353185423	0.668537036752761
0.641408430113829	0.24552038682474
2.45446436525245	0.842916202981294
-2.20774410875569	0.677401665515386
3.26610537788351	1.45572874939348
0.653994852670135	0.250819314642062
1.42995310156073	0.668663911451575
0.694381051215851	0.232198533859577
0.170184199651161	0.0455102597114768
3.25608093098774	1.44911407166836
2.09035178211931	0.998526967079187
3.27620927747588	1.46151929297208
3.25608093098774	1.44911407166836
1.78859173026655	0.7481219126883
0.642171482948837	0.246281700858554
3.8437648142312	2.07955834494114
1.3801874459795	0.490172173913112
-0.554009631260321	0.145198449870715
2.91493124431159	1.15099278421732
2.92438485477444	1.156147471729
-0.565000228990759	0.147836672845567
-1.05646570561747	0.339422980870141
1.75490758178519	0.730788790484642
3.28635452349004	1.46676370017261
0.664229390792417	0.221891790168857
0.639639840759671	0.244784667308066
2.10708548807206	1.00948375388976
0.908148649268101	0.26198445808125
-0.0812624403432434	0.0251458471140674
0.511031006748081	0.217938927801083
2.90827841061733	1.14708003600027
0.195880525766074	0.0426453207559659
-0.600830818395992	0.207843763746685
1.40706995920496	0.655229554332007
3.85958715875243	2.09527567753062
1.76266616893112	0.735090202637704
1.40844883893718	1.02509901223806
3.56649069111218	1.75758098854351
-0.058752196530869	0.019096296674455
2.53683599639142	1.88557910495754
3.2833312885705	1.46611990793056
3.58057285984422	1.76825339260171
-0.600711576151896	0.207799416691199
0.648956235283386	0.248762271034151
0.67960094868514	0.227208415863021
1.18720736628268	0.762579963115419
4.321922872454	2.7875748987533
2.66222098535544	1.60101103911961
1.44721064997275	0.678510225263998
-0.293710157801047	0.0875871176611121
1.7715316677657	0.73956676617944
2.91493124431159	1.15099278421732
1.06950553657557	0.427929560998139
1.02117742706984	0.463596772921091
3.26908338806269	1.45678296110119
1.41726659844458	0.660960101131576
1.60197159636661	0.950316488113718
1.63902421152016	0.981563104337956
0.193795866580785	0.0618895594554501
2.09770985578578	1.00253396630826
0.208130289751052	0.0445612068776082
0.196315155888877	0.0427978646049216
2.67640437249196	1.6146463428284
1.74610926866454	0.935099837046173
1.77046288364682	0.739085774074085
2.27667480421725	1.52735923107525
0.381549791724856	0.14040116397254
3.25906560847611	1.45089113400716
0.902425948558069	0.260776504921945
1.09322233121781	0.438784429633516
3.57731649091494	1.7652097714823
2.38139112802631	1.28265319016193
1.34892603882861	0.709589847698883
1.06394558465975	0.54740438197579
1.06090260408681	0.424189918748117
1.75406904593644	0.730650276641333
1.047572061423	0.417850877858123
0.912597447073333	0.263157043298413
3.56649069111218	1.75758098854351
-0.298807819072265	0.0889558819091486
1.39258193627448	0.495197582069264
1.75490758178519	0.730788790484642
1.3726881258282	0.487534212258015
1.02966758851358	0.468004005598972
1.42846065243411	0.668294015164211
2.92723943457006	1.15710072897931
4.09142647342471	2.42463087972306
-0.628958280631109	0.217726261034178
0.160524925031793	0.0564488511715518
1.33951456493704	0.867626130102446
1.0907534809609	0.43757620666106
3.27016636624633	1.45724800636443
2.39280238925833	1.29191966341184
4.50924409614051	3.13314533483275
1.71036310489817	0.909792849424561
1.29914767784293	0.675533549181647
1.07314442330609	0.429735777855557
-0.549638443779565	0.144154566527545
-0.620258260671896	0.214714395462422
2.39384947900438	1.29288498375225
2.10919347211913	1.01040883592747
2.44567166971443	0.839453219846175
1.75495432576142	0.730816424365007
3.55899825992108	1.75207908437113
2.91776082824986	1.15193094411066
2.44834859745442	0.840528199577986
1.76266616893112	0.735090202637704
2.90832288894759	1.14706883442003
0.168385908974851	0.0451400447950387
1.41991169953947	0.663163951030446
0.190551949951808	0.0501236937756434
1.02320236767928	0.520755928341488
3.85958715875243	2.09527567753062
0.686487174778602	0.22957980027577
1.73771179209809	0.928625792942191
1.77046288364682	0.739085774074085
2.08232066777183	0.993341385977143
-0.626555691776872	0.217167560602821
1.7411972917879	0.932307664162552
0.685297355722027	0.229213312626388
-0.0851022336747779	0.0256173212590448
1.03874535676648	0.47307606038338
2.07416946245933	0.988395765267243
3.2691134975973	1.45676655530423
-0.281213010013575	0.0841770235702323
0.678597096087295	0.332237741213037
1.72665749194725	0.514015992250562
1.00738201609165	0.456642831255714
0.372475495279946	0.137137503180381
2.10919347211913	1.01040883592747
2.08591591043052	0.995653239553386
2.45446436525245	0.842916202981294
0.190569534030361	0.0501121779284389
0.205415593380568	0.0654170938789961
-3.07868138305069	1.23522198167588
1.09886001598825	0.44140397862876
2.63235056580809	1.57390022361471
1.06487826927243	0.425794621856675
2.39361896220789	1.29218799147153
3.59139767495235	1.77520444357358
1.41521460809271	0.660102370631803
2.08232066777183	0.993341385977143
1.07332271092499	0.430065002010082
-3.34089494495661	1.45941892864411
2.08244330412006	0.993420529815253
1.74665682411056	0.934850849880118
3.28635452349004	1.46676370017261
1.73236795177942	0.925024741161819
2.27883412078103	1.53031777347438
3.5914488742797	1.77556029179753
0.985426495932102	0.444091191039072
3.33605688348601	2.62344786684649
2.0705747055511	0.986092746616335
1.03452919003238	0.470898617458823
3.27620927747588	1.46151929297208
2.3982235304656	1.29550420000521
1.37978528414721	0.490494430759015
0.985647536556729	0.444524986127624
2.01191711857897	1.63563132162826
3.5806215145737	1.76713572499057
2.36896074937919	1.27246280975247
2.91771648568221	1.15252312484676
3.55899825992108	1.75207908437113
2.91771648568221	1.15252312484676
0.177324465825582	0.0471342222202081
2.01373992673876	1.21215883776263
1.03874535676648	0.47307606038338
2.45442904372326	0.842929862158112
2.90551789185603	1.14556900793857
2.32183687469915	1.57239622673165
3.82536634175606	2.06542098396924
2.66269317512245	1.60264507444639
1.06581586534115	0.426910295656675
2.30648958328819	1.55786240458015
1.78513490822613	0.746684677392543
0.373345066946305	0.137290216336791
2.29069263067208	1.54141947682768
2.45709514677168	0.843701380989689
0.912597447073333	0.263157043298413
2.92652296916289	1.94931863706505
0.219639934484213	0.0693806301956073
1.87201125975623	1.24802170154236
1.41441426569347	0.659992136555661
0.250596382422263	0.0783154809169861
1.40720412856239	0.655475271611477
0.912597447073333	0.263157043298413
2.38117453679347	1.28248496189046
0.683090437699776	0.228431766982679
-0.0729558000956072	0.0231195974870213
0.208088282973525	0.044554233682967
3.81774587035387	2.05871471298175
0.908924422609946	0.262601169518593
1.76177160357666	0.734855893090464
1.01694162215078	0.461351454790982
2.45713066693921	0.844016359639868
1.62165188056941	0.966602483323869
1.99510644132647	1.19527967857243
1.39557961180183	0.496365775816694
0.89762939669076	0.259684060269182
1.75490758178519	0.730788790484642
0.146382515946992	0.0402248473197615
0.910807770799633	0.262737230399533
1.72665749194725	0.514015992250562
3.25906560847611	1.45089113400716
3.82113528346696	2.06170072700775
3.56644568989027	1.757536747449
2.38854090411063	1.28873292323228
1.38957458135007	0.493821378507415
1.41239207165046	0.658053128606857
4.28445432856831	2.74219301972971
1.38692346903873	0.49313742565214
2.91488688463889	1.15100414083562
3.26310413052701	1.45333946698961
1.07095157017984	0.428818473386194
-0.55888165037327	0.146019049191659
0.170184199651161	0.0455102597114768
2.01260307419716	1.21105943964513
-1.46556636079729	0.39889055417079
1.77046288364682	0.739085774074085
0.906151326926563	0.261259737108879
3.80690118981087	2.04849128299481
1.75157325264744	0.72908452782451
2.91857815503787	1.93949640200603
3.5815848695224	1.76743794322059
1.33134495799511	0.779303527801948
2.36256423841677	1.26828911238705
2.91779808998929	1.93942197148814
0.125855842017418	0.0445611579277666
0.335953006516495	0.139211223669402
2.7345735107293	2.21501570117055
0.214114052770545	0.0677903339911132
-0.649230689026155	0.225009014571457
0.667920601709208	0.223570234424993
3.84426974922135	2.08147251945329
0.170184199651161	0.0455102597114768
3.27316965466308	1.45987901225535
-1.39771197883631	0.519898839391122
0.908148649268101	0.26198445808125
1.60294516031693	0.951504655878311
3.25906560847611	1.45089113400716
1.41239207165046	0.658053128606857
1.74386805742768	0.724791639516812
-1.06040371432113	0.448385962886255
1.72879825628199	0.922337542393182
1.39972857201292	0.49785287169011
3.14639258343363	2.28624109235504
3.58057285984422	1.76825339260171
1.38248601554662	0.491066536373935
0.679653114219625	0.227181883175313
1.7603487585302	0.733554579370929
0.720071975186351	0.316790683990789
1.00203188061788	0.453747630955454
1.34428822584233	0.706325999429836
1.32761231923547	0.695232896524768
2.03306962041625	1.22778284813912
3.7269164438579	3.42173801733253
2.43961622041387	0.836769184993985
0.199660581380647	0.0433122758858595
-2.20452069372124	0.676749531450116
1.04838750391238	0.536347869622547
3.81774587035387	2.05871471298175
1.30098912893604	0.677081642984394
0.523043181721353	0.223104694126229
1.57159683568424	1.03248039714631
0.222337753373248	0.0699047989989705
-0.0914459909196157	0.0276853582671807
1.34339060496929	0.705960162751192
1.74961031836619	0.937856774173022
1.40329574215516	0.65301697715282
2.00861472445565	1.2073046484866
2.9076803546839	1.92838728797824
2.70848105638785	2.1810276805882
1.76271459085892	0.735118738719892
2.0904766040442	0.998607707037486
3.26610537788351	1.45572874939348
-0.307819054596212	0.0914527699091275
0.190534411024281	0.0501047275306018
1.33336206108602	0.780926322132514
2.9228972141164	1.94540390141427
1.04568437287397	0.534851837485181
0.167714996663192	0.0449834543600603
0.662209832213597	0.254471510064149
1.37720610089078	0.4890227456012
1.06371543501876	0.546710962396596
3.25608093098774	1.44911407166836
4.07859455593271	2.41168665958952
0.988410623719444	0.446456914205201
4.32469396585014	2.79002836470211
1.13133123128354	0.65342217396371
-0.308978324329468	0.0917900248118583
2.3795206915214	1.28108298362992
0.155206155727819	0.0421881243320872
4.50413186324721	3.12649958286464
3.1604342731431	2.30564953944731
1.38693874860014	0.493138548264775
1.76271459085892	0.735118738719892
1.36551843575092	0.484955838575038
1.38545837834875	0.492219504116298
3.83643897137894	2.07573852721349
3.57073037834267	1.75931594813756
1.01694162215078	0.461351454790982
0.308167943986968	0.113967759435767
0.240308569886204	0.075322617624464
1.3701735298738	0.486046373261376
2.91210871999862	1.14894462063688
2.89896851317136	1.14156400888801
1.75840552747168	0.733204294369585
3.83301882980968	2.07184038545602
0.908148649268101	0.26198445808125
1.76025011587465	0.733497356580686
2.91493124431159	1.15099278421732
0.915267467236802	0.263914073443303
2.09035178211931	0.998526967079187
0.185318321206265	0.0489335087463581
1.78518862941079	0.74671530966739
0.177079158727074	0.0470688489596175
4.68194094092384	3.48783247655607
2.38854090411063	1.28873292323228
3.27921340058014	1.46335938453018
2.03541883012118	1.23080017221878
2.66254509973136	1.60037167402383
0.668036332371809	0.256525412734318
0.177932949857513	0.0472704475269999
0.6632665028763	0.254542872386415
2.44834859745442	0.840528199577986
2.02382810785606	1.22125980065171
-0.597272310660141	0.206467605355444
3.58057285984422	1.76825339260171
-1.08167801109087	0.348004948428051
0.653994852670135	0.250819314642062
1.58461349035804	0.936501413558982
3.13019675043941	2.26922059760887
0.157825584493725	0.0427789984492881
2.62825824339591	1.56974898087486
0.159084195499199	0.0430267803944521
0.159448874858613	0.0431285659618798
2.38139112802631	1.28265319016193
1.442166090012	0.675817638722458
1.36051248645635	0.717557683962285
1.770513002613	0.73911521710779
0.686566813005461	0.229427108546791
3.5772212367167	1.76512071300624
1.07548302483537	0.430882424118786
-0.310036022596534	0.10830356948124
3.27618071303355	1.46153655074
0.671783008731121	0.224523528358971
3.27921340058014	1.46335938453018
0.666865508184623	0.256252881773582
1.39440834551693	0.49578059753911
2.08100668581477	0.99206488288769
2.91198714182349	1.93300041518421
0.180334652339367	0.0478106473797875
1.32720368379143	0.694961399742677
2.93561801774639	1.95718664500784
2.90832288894759	1.14706883442003
1.61354291740162	0.960409018471206
0.666648623037871	0.256022754102859
3.84806432828049	2.08586995435566
3.58484962097601	1.77085853613386
2.91493124431159	1.15099278421732
-0.0900312571249825	0.0279764260645235
4.09434144370349	2.42707912881285
0.353971081963446	0.130566881728094
3.58047582984061	1.76700315186199
1.73636956611838	0.928399632013848
2.49105909718369	1.83246757451871
0.208130289751052	0.0445612068776082
3.26610537788351	1.45572874939348
3.11687300163946	2.25235417934009
0.208088282973525	0.044554233682967
0.662809315841008	0.254477784106707
2.08591591043052	0.995653239553386
-0.297745227366455	0.088703707435214
2.93199292370084	1.95478335581266
0.199660581380647	0.0433122758858595
3.12800414790014	2.26583387127067
-0.107366735554716	0.0327177527337795
3.56321850271678	1.75430275733671
1.09404383086592	0.438821049656979
1.39557961180183	0.496365775816694
3.09515377774819	2.22511460783356
3.5772212367167	1.76512071300624
2.03501434168975	1.23047217633642
2.92438485477444	1.156147471729
1.02922853298415	0.468145172206816
1.75899450240854	0.944672611536847
-1.84162887923518	0.827851062421362
1.7428616669083	0.724945400053299
3.55895493620897	1.75203607094021
1.60317135841742	0.951255394540257
2.08603978072526	0.995282816306971
1.41991169953947	0.663163951030446
0.236760388577432	0.0742695453338153
1.72660807297644	0.921442392318206
0.737334170384704	0.324515022257906
2.91488688463889	1.15100414083562
0.199660581380647	0.0433122758858595
3.56977075964114	1.75979068321058
1.38693874860014	0.493138548264775
1.31672944772161	0.767914646186574
1.07063938963435	0.428249111328309
0.663336852365455	0.221861994107979
0.924519625006435	0.266522920108041
2.72709788492791	2.20386018026093
1.10267786154203	0.442849067963569
1.63564280297701	0.978416945107729
2.66214505879504	1.60174645901959
3.72353466155817	3.41584253931193
0.908975247039869	0.262609818284675
0.220275321252907	0.0697358103638058
2.91493124431159	1.15099278421732
0.906151326926563	0.261259737108879
2.45713066693921	0.844016359639868
0.202198391670494	0.0436656035177294
-0.292596402803385	0.0873350320881933
1.39258193627448	0.495197582069264
0.650776487684859	0.25002507488124
0.512269960050016	0.218248669421901
0.658526731390681	0.220060854684016
1.38280751378984	0.491432164348294
-0.553958654260902	0.145182611160989
1.02513240896185	0.465544934732974
1.37089425680018	0.810206961073297
1.06137676746378	0.424207182069452
2.63299271956803	1.57410371010563
1.40720412856239	0.655475271611477
1.97818981204703	1.18126956627007
1.72402871819241	0.513373825324747
2.92153744995923	1.15407818465564
0.666133301211789	0.222708402316138
2.00971095013423	1.20825491098145
1.37543780329452	0.488077804570456
1.77651584363199	0.742199895497951
0.222361252643339	0.0702370496426482
2.44567166971443	0.839453219846175
0.683090437699776	0.228431766982679
0.645888891579332	0.247796131982764
1.78864644912761	0.748021760369256
-2.20131061198549	0.675574843790802
-0.857703256646688	0.331257750144188
1.01610650944837	0.460501699382377
0.639583382992998	0.245190490849666
1.07302139668997	0.429679533268468
1.76266616893112	0.735090202637704
2.92434064150852	1.15557468669485
-0.292596402803385	0.0873350320881933
-1.0764473812127	0.346245967591191
3.82888864503241	2.06827257768011
1.75504580266771	0.731106566261908
1.4297353185423	0.668537036752761
0.910807770799633	0.262737230399533
2.1073977509554	1.00967917942659
2.89896851317136	1.14156400888801
2.37504895229416	1.27807043437507
-0.549638443779565	0.144154566527545
1.63164208613404	0.975130884360894
0.246104130605166	0.0769660138150043
0.364212972784413	0.134018224306413
2.44567166971443	0.839453219846175
4.30878129084206	2.77241283548224
2.88702915299469	1.9060662370211
2.01299748593178	1.21096703938065
1.42846065243411	0.668294015164211
2.39384947900438	1.29288498375225
-1.04738499085045	0.443050830033493
1.73223804177662	0.925819256140663
0.906151326926563	0.261259737108879
0.666497626484083	0.256007779637837
3.55154185738699	1.74591014244481
3.81786006711318	2.05881896391186
2.0904766040442	0.998607707037486
1.63280525092809	0.976241243943065
0.754931858662793	0.333489613759077
1.42637434488079	0.667098251186623
2.94488335479805	1.96810791558948
1.0707599967962	0.428304191192394
3.8399774426495	2.07869138541729
0.245981440170419	0.0769582113452547
2.07657892848425	0.989648756453333
1.39258193627448	0.495197582069264
1.43353329977211	0.670713487789622
1.87309679440862	1.24902886145799
0.373655966111736	0.137571829760671
2.08232066777183	0.993341385977143
0.175143411457113	0.0466493667011835
1.06379239405887	0.425415712016981
3.26610537788351	1.45572874939348
3.2691134975973	1.45676655530423
0.682723942635458	0.2285068984675
-0.576382344846406	0.15043977920911
1.41595240351364	0.660692101003323
0.665533456401679	0.222706642295264
0.664320913804448	0.255523509738084
2.07885463546249	0.990791062375455
0.230534790079877	0.0723507853261846
2.63707354224464	1.5782513913834
4.3267075157122	2.7906680620644
1.34361101903768	0.706261356176028
1.07095157017984	0.428818473386194
3.58047582984061	1.76700315186199
0.167684775974656	0.0449752230888594
2.64926612720655	1.58940295862537
2.44567166971443	0.839453219846175
1.37978528414721	0.490494430759015
2.09758253416694	1.00306881864091
2.90827841061733	1.14708003600027
-2.71389264192226	0.964179620991658
1.40576821535676	0.500196841629125
0.655420021623032	0.251197358183777
0.205561737379768	0.0441838774146192
1.7772657725191	0.742520128546194
1.72665749194725	0.514015992250562
-0.0566761839533848	0.01822610572281
1.09886001598825	0.44140397862876
2.91493124431159	1.15099278421732
1.0164080608921	0.460842950393706
1.33962969648994	0.703819477213544
2.41522357929268	1.30855167840633
4.07129894895192	2.40309687787822
1.06723517615164	0.426874380333206
2.72728062090361	2.20561317129747
1.34174142760435	0.704384383579654
0.715273332259675	0.314028273849835
-2.70163341573963	0.956867155200627
1.06379239405887	0.425415712016981
0.897578623663865	0.259675397379677
2.01813291308724	1.21645031410854
0.00723476552703256	0.00197053529422351
0.697851317320155	0.233378401193421
1.75396464978124	0.730590510503128
2.11771158390686	1.01606142150896
1.77147970267616	0.739537116514312
2.90417128094554	1.9256014399277
1.89854930254094	1.27418593538607
0.910807770799633	0.262737230399533
3.55899825992108	1.75207908437113
0.995549344544989	0.449945289495575
0.945505090249041	0.533789315411552
0.686487174778602	0.22957980027577
2.09668401677699	1.54662900164363
-0.282559343150603	0.0845547776661205
0.158200896190094	0.04285508688471
1.36972296309591	0.486388383733701
2.28014378774789	1.53056019332351
2.11356539200158	1.01282305364808
4.52064567457205	3.15008102836686
0.367035764865616	0.135282483516815
1.32292882144506	0.772390476099549
1.74610926866454	0.935099837046173
2.66325839106117	1.60207942277286
3.83218329198527	2.0711829714689
2.074443921041	0.987898360587514
4.11108491198593	2.44420288508965
0.156571200114386	0.0424868589805652
1.77388619361697	0.741131703530167
3.26909842045239	1.45753652807612
3.58484962097601	1.77085853613386
1.08343277449304	0.43405914409849
2.44834859745442	0.840528199577986
2.10204478260656	1.00634877322488
-0.303349464245053	0.0902573552966827
2.00058985603726	1.20080753869919
0.245981440170419	0.0769582113452547
2.66725579319603	1.60648019639353
1.40144635945363	0.652289760587776
0.906151326926563	0.261259737108879
-3.3699089431771	1.47759887690837
2.91210871999862	1.14894462063688
0.664229390792417	0.221891790168857
1.42526535590875	0.665595764934218
0.662663963819654	0.221767140045404
2.16782033223401	1.92069819941811
3.58057285984422	1.76825339260171
1.39557961180183	0.496365775816694
0.54647356400329	0.234093760863079
-0.577841570622189	0.150967953694983
-0.571538969396222	0.149182553096798
1.37543780329452	0.488077804570456
2.38203247017683	1.28399372917566
-0.580852670694254	0.24035392967255
0.363913326655179	0.133777245545631
2.03501434168975	1.23047217633642
2.45446436525245	0.842916202981294
-0.29578813560486	0.0882116684839374
3.55154185738699	1.74591014244481
1.39256483421105	0.495195831360944
1.3726881258282	0.487534212258015
0.908148649268101	0.26198445808125
-0.55888165037327	0.146019049191659
2.91771648568221	1.15252312484676
1.39557961180183	0.496365775816694
2.45709514677168	0.843701380989689
3.85590704009225	2.09096631463827
2.89066210775936	1.90988288077948
0.924469195483338	0.266423091240108
1.76810514306125	0.7381530283959
2.38889726884007	1.2884501790296
0.205561737379768	0.0441838774146192
3.28638063920881	1.46778961483254
2.38511814817332	1.28596893426868
-0.0771914991834049	0.0242204291315956
0.162424073790497	0.0437924487812196
0.906151326926563	0.261259737108879
2.90832288894759	1.14706883442003
0.347198589196728	0.127784706985003
0.899765603237419	0.260024823460973
-0.301005465435483	0.10627818094681
2.07860293876995	0.99125697461695
0.128876862228835	0.0462392463968512
1.38545837834875	0.492219504116298
2.90832288894759	1.14706883442003
1.63541269832714	0.978418365211123
2.26561467514661	1.51680162970455
0.652144276386616	0.218007688159233
1.4259418794304	0.666012200475077
2.08244330412006	0.993420529815253
3.55574281240124	1.74904562098681
-0.29720080807367	0.104732809738656
2.87859742942159	1.89755251760271
1.87379601505833	1.25032442309538
2.09968142014921	1.0046934702074
2.07873132634183	0.99133955114872
4.05971258368773	2.39004897732211
2.91771648568221	1.15252312484676
0.196315155888877	0.0427978646049216
1.39256483421105	0.495195831360944
3.81015718911041	2.0513447425075
0.73939704032265	0.325284095133902
0.219223176229808	0.0691776377972106
2.91488688463889	1.15100414083562
3.56221723512204	1.7544607898084
2.43961622041387	0.836769184993985
3.56226151463511	1.75365296814151
2.91493124431159	1.15099278421732
2.72424352089279	2.20003080080167
1.38547624122001	0.492221548058075
-0.55888165037327	0.146019049191659
0.985835469678379	0.44470977125681
1.87778402110231	1.25344295422328
0.180115303610368	0.0477364238009766
2.65367753175929	1.59343306640746
4.09499244329284	2.42868292155367
2.0820843607204	0.993374558270669
0.373511128532355	0.137657501399526
0.906151326926563	0.261259737108879
1.72402871819241	0.513373825324747
0.170834034306398	0.0601043273460235
2.37288342094965	1.27591493703309
1.42483250624676	0.665349095885143
0.208388636586735	0.0663567321427358
1.71838037692335	0.512092496146657
2.90827841061733	1.14708003600027
1.42846065243411	0.668294015164211
2.89130854291821	1.91125909346463
3.11804093325299	2.25360593102766
2.08809621258249	0.997393156666143
3.10406533820904	2.23612411836117
3.58057285984422	1.76825339260171
3.82536634175606	2.06542098396924
-0.0301693351719144	0.00980065680493323
0.362660780781244	0.133847784933102
1.41239207165046	0.658053128606857
1.38427899058231	0.491766401647725
3.58052429827243	1.76820988967439
0.915267467236802	0.263914073443303
1.77383519060389	0.740746034447833
2.68063492631345	1.61660734511869
2.09745532714859	1.00299110807235
0.999164770214713	0.451995013298636
0.908975247039869	0.262609818284675
1.74088699261349	0.931736396172246
1.77383519060389	0.740746034447833
2.10217307290226	1.00597885790096
0.657566945912919	0.252328142176309
0.915267467236802	0.263914073443303
2.89574650522021	1.91626325971877
2.66725579319603	1.60648019639353
1.07281738376054	0.552243385538712
1.72664583622157	0.514027439791968
2.11386485793166	1.01363216414761
0.829889939404028	0.414110403641244
3.82101997961139	2.06070719316983
3.26310413052701	1.45333946698961
2.88199159780635	1.90117529518978
1.37543780329452	0.488077804570456
0.915318019020568	0.263922623604752
0.669547790070559	0.223855623975965
2.008522509906	1.20767695566037
1.351987010846	0.711565236662151
3.26310413052701	1.45333946698961
1.42995310156073	0.668663911451575
0.679653114219625	0.227181883175313
1.77046288364682	0.739085774074085
0.234789621162011	0.0737682442998558
-0.297745227366455	0.088703707435214
1.72402871819241	0.513373825324747
2.91771648568221	1.15252312484676
-0.552335012199188	0.144678456612124
0.90687275259153	0.262189590696395
-1.46556636079729	0.39889055417079
0.652524502899864	0.218567307641836
3.26909842045239	1.45753652807612
1.40272851054165	0.499012480580187
0.37307007921489	0.137276295741783
0.391044473603135	0.144034709405957
2.06846038376237	0.984062137946601
-0.286974240436354	0.0857853046400139
0.671364998916505	0.224729607601245
2.91488688463889	1.15100414083562
3.56649069111218	1.75758098854351
3.8331373619037	2.07194875327632
1.76266616893112	0.735090202637704
0.151949946350011	0.0541871379850104
2.45446436525245	0.842916202981294
0.715155283059476	0.313606501318578
1.39670390964941	0.496388528960776
3.56967891771929	1.75970398327778
1.7772657725191	0.742520128546194
2.45709514677168	0.843701380989689
2.45716616852698	0.843674766141773
1.76029939115389	0.733878423235619
0.675156152037975	0.22565754625012
2.08232066777183	0.993341385977143
2.90551789185603	1.14556900793857
2.38139112802631	1.28265319016193
4.07129894895192	2.40309687787822
2.02233522610706	1.21950098662978
3.84011026469727	2.0775925472761
3.27016636624633	1.45724800636443
0.687562881314414	0.229773894975529
0.908975247039869	0.262609818284675
2.07885463546249	0.990791062375455
2.07885463546249	0.990791062375455
2.39328122185594	1.29228378074274
0.915318019020568	0.263922623604752
0.351194549161674	0.129077366703466
0.658526731390681	0.220060854684016
2.91493124431159	1.15099278421732
2.41951509459195	1.31250921430557
-1.46556636079729	0.39889055417079
-0.615626887615384	0.255398085169056
-1.06803950864542	0.343420402348576
3.26608991492401	1.45573646702542
0.654248044589571	0.218833780823797
3.33179063056247	2.61686967603436
2.09841704355149	1.00355500904501
1.35353107299386	0.713192864972775
-0.549588025379477	0.144138904810768
1.42868079716688	0.66813775534074
1.01250056927012	0.45872684418295
-0.049864069716388	0.0165389338173746
-0.637823143056138	0.221106526997808
1.08243041392435	0.433808481076357
2.66725579319603	1.60648019639353
1.76185114326511	1.41940967328291
2.36440702734713	1.26880947609551
2.88702915299469	1.9060662370211
0.223331594036366	0.0705156374525385
2.39775875299794	1.29587052514165
3.28636755859253	1.46779915363749
-0.304437349063416	0.0905078276399289
3.5806215145737	1.76713572499057
1.76640732996904	0.737303902887421
1.38957458135007	0.493821378507415
0.658976732752413	0.252769091866806
1.4297353185423	0.668537036752761
2.91771648568221	1.15252312484676
2.91493124431159	1.15099278421732
3.12074651758853	2.25690079302817
0.673995039992328	0.225358656301781
1.77388619361697	0.741131703530167
-3.07139247283292	1.23058533678423
1.02151806043174	0.463623462894146
2.44567166971443	0.839453219846175
-0.637545946998599	0.220462759618053
1.71838037692335	0.512092496146657
0.686438385931598	0.229465616264401
1.77046288364682	0.739085774074085
2.67107096333363	1.60990725743811
3.57296496055713	1.76215685722717
1.76132592326778	0.734011809487289
3.83301882980968	2.07184038545602
0.906151326926563	0.261259737108879
0.167697313889314	0.0449797086311484
0.908975247039869	0.262609818284675
0.236760388577432	0.0742695453338153
2.2926322513064	1.54416969576382
1.75477153749148	0.941610978387229
2.90551789185603	1.14556900793857
-0.618283020082934	0.214212836140942
1.60949615284979	0.956872673072574
3.56226151463511	1.75365296814151
3.25904938664935	1.45089842575752
2.90832288894759	1.14706883442003
2.90551789185603	1.14556900793857
0.753733965399878	0.332763796891236
0.240185741993061	0.0752570600879906
0.157581581108027	0.0426992641424185
0.908148649268101	0.26198445808125
-0.837624054844146	0.323845895753751
3.56221723512204	1.7544607898084
1.72402871819241	0.513373825324747
1.770513002613	0.73911521710779
1.01730081995895	0.461153737411094
-1.05874549579791	0.340517355461754
0.655968482576953	0.219719594006165
0.182273477751123	0.0405997709363184
-1.05646570561747	0.339422980870141
0.893327858309595	0.258137021796653
2.90832288894759	1.14706883442003
0.641408430113829	0.24552038682474
1.07526712720017	0.430388498097968
1.39557961180183	0.496365775816694
0.919086224093982	0.264875597201778
1.01212575818316	0.458546856487012
0.919086224093982	0.264875597201778
0.199660581380647	0.0433122758858595
1.0344996906056	0.470809134496247
1.39256483421105	0.495195831360944
1.39670390964941	0.496388528960776
4.09477141339932	2.4272035844843
1.39559632674966	0.496139071198923
-1.46556636079729	0.39889055417079
2.91488688463889	1.15100414083562
1.08486236230807	0.435238441596107
1.00790539524525	0.456452481955561
0.758716496755949	0.335232698843642
0.894916799465727	0.258924013894673
1.09429844663075	0.439203594030748
1.08737612323315	0.436379573833634
4.26957344298458	2.72381216342974
2.40665218131254	1.30287266862572
-0.625986771297109	0.216868622583734
0.382115201499417	0.140583120260874
3.85173237948387	2.0886994165507
2.91493124431159	1.15099278421732
0.177324465825582	0.0471342222202081
3.56221723512204	1.7544607898084
2.07087125864236	0.985611875361845
2.91771648568221	1.15252312484676
0.721815725068893	0.317225508890535
1.59750425172338	0.946459486817042
3.27618071303355	1.46153655074
0.660848995370529	0.253914453399288
2.10217307290226	1.00597885790096
1.770513002613	0.73911521710779
2.36480791818203	1.26994074697484
1.41446616217234	0.660186117053229
0.170184199651161	0.0455102597114768
1.45076081053421	0.680743860904347
0.671783008731121	0.224523528358971
1.77147970267616	0.739537116514312
1.62024255488644	0.964752879272084
1.74581938677338	0.726145387504203
0.724829665143539	0.318209690473883
1.39557961180183	0.496365775816694
0.205561737379768	0.0441838774146192
1.76266616893112	0.735090202637704
2.90551789185603	1.14556900793857
2.89896851317136	1.14156400888801
2.36049935998302	1.26574983535061
1.40173140245767	0.651857122861384
1.1037624114186	0.632725965338261
3.81786006711318	2.05881896391186
2.09758253416694	1.00306881864091
-0.298807819072265	0.0889558819091486
1.75845851337505	0.733234957019094
0.167697313889314	0.0449797086311484
0.230992937256442	0.072671397672911
-0.305602956931962	0.107590680143907
-0.567585807840995	0.148008276225078
2.24794016071718	1.49812390993357
0.64934400979849	0.249051843557795
2.91493124431159	1.15099278421732
1.38545837834875	0.492219504116298
1.07302139668997	0.429679533268468
0.893327858309595	0.258137021796653
-0.0812203881857205	0.025403763941185
0.915267467236802	0.263914073443303
1.06819400245511	0.427458185464342
2.92434064150852	1.15557468669485
-1.40006092344507	0.520919163563197
1.72402871819241	0.513373825324747
3.26610537788351	1.45572874939348
4.06711751953434	2.39865212442176
-3.08601159633868	1.23887459802837
-0.577841570622189	0.150967953694983
-0.0677606415142853	0.0216578696632092
0.917347332724012	0.264571103399029
2.37638300778663	1.27815906475142
2.45446436525245	0.842916202981294
0.671658309611162	0.258084614436659
0.239403305751306	0.0751465921929683
2.45176958518949	0.841449769742287
2.91771648568221	1.15252312484676
1.41573678374435	0.660567110587147
2.91771648568221	1.15252312484676
-0.0727903319588328	0.0231123345411712
0.190551949951808	0.0501236937756434
1.71838037692335	0.512092496146657
0.69096870942265	0.231048868043151
2.91493124431159	1.15099278421732
-0.561074719780954	0.146672057200803
3.27619497272584	1.46229178166629
3.27618071303355	1.46153655074
0.908924422609946	0.262601169518593
2.92719523940039	1.15711191350553
2.45176958518949	0.841449769742287
2.90827841061733	1.14708003600027
1.39258193627448	0.495197582069264
0.672085675093466	0.258301788788476
2.91767215080868	1.15195328733466
1.7670969374071	0.736975258042291
1.01598901910371	0.460809978465814
2.4021399878559	1.2986419358101
-0.303450498456536	0.106915972599795
2.92438485477444	1.156147471729
1.07878401387793	0.432142860294847
-1.04621110690196	0.336165192535253
0.177324465825582	0.0471342222202081
1.78518862941079	0.74671530966739
2.91210871999862	1.14894462063688
4.07129894895192	2.40309687787822
1.76271459085892	0.735118738719892
1.38727744289309	0.493135957861707
1.42337342839467	0.664749967630262
2.44834859745442	0.840528199577986
2.45176958518949	0.841449769742287
1.39258193627448	0.495197582069264
1.34622588532432	0.707462955954079
0.912597447073333	0.263157043298413
0.924519625006435	0.266522920108041
3.25904938664935	1.45089842575752
2.39328122185594	1.29228378074274
0.187516582106475	0.0494383766804619
3.2833312885705	1.46611990793056
2.24027135536371	1.48981805518037
1.85050116544815	1.22792177249945
2.51026062811351	1.85560037968446
2.0904766040442	0.998607707037486
3.28638063920881	1.46778961483254
0.199660581380647	0.0433122758858595
0.985426495932102	0.444091191039072
1.05277217089369	0.420479462515231
0.663336852365455	0.221861994107979
2.07299107522641	0.987025883018416
0.911711426533657	0.263290287954357
3.84897347194675	2.08447152320476
1.73662313802231	0.928632586188861
3.5483030024599	1.74351337995961
3.27318434966019	1.45987088217078
1.07878401387793	0.432142860294847
2.08244330412006	0.993420529815253
2.90551789185603	1.14556900793857
0.673034112376084	0.258391373123076
-0.0676046001513337	0.0216481204050412
0.912597447073333	0.263157043298413
3.2691134975973	1.45676655530423
2.91771648568221	1.15252312484676
3.56321850271678	1.75430275733671
1.74610926866454	0.935099837046173
1.72665749194725	0.514015992250562
2.45442904372326	0.842929862158112
0.661403199119598	0.253783221640713
2.09408927735694	1.00081261564385
2.45176958518949	0.841449769742287
0.177324465825582	0.0471342222202081
3.54089877124993	1.73733876254696
3.24909639235388	1.44424220972449
1.71838037692335	0.512092496146657
3.25608093098774	1.44911407166836
1.7660718355889	0.736843404138436
0.901404731776287	0.260636052892095
3.26610537788351	1.45572874939348
1.71838037692335	0.512092496146657
1.07526712720017	0.430388498097968
-1.46556636079729	0.39889055417079
1.38545837834875	0.492219504116298
1.07107915582312	0.428685124614679
3.27924118008841	1.46229877184658
2.09854407465172	1.00363736255297
3.25904938664935	1.45089842575752
0.655848584334486	0.219400201124816
1.34883800373617	0.792841082412676
2.92442907579133	1.15555204884472
2.10217307290226	1.00597885790096
1.42153837751153	0.66447543444434
1.71838037692335	0.512092496146657
0.193364634888779	0.0422782569669119
1.7772657725191	0.742520128546194
2.45446436525245	0.842916202981294
1.72402871819241	0.513373825324747
1.06137676746378	0.424207182069452
2.90551789185603	1.14556900793857
-0.0714190009700818	0.0227613999535243
1.75858744130072	0.944715597615473
3.27619497272584	1.46229178166629
1.02532995477669	0.46595079620983
-1.42427284589386	0.531167841641139
2.91771648568221	1.15252312484676
1.72402871819241	0.513373825324747
0.164712869579257	0.0443121871062313
2.89896851317136	1.14156400888801
0.169928836052903	0.0454559663527724
2.43961622041387	0.836769184993985
3.26310413052701	1.45333946698961
2.44567166971443	0.839453219846175
1.37543780329452	0.488077804570456
4.3004409065345	2.76151516574176
0.901720616063008	0.260095467165507
-1.84427755108839	0.830258585025728
2.90551789185603	1.14556900793857
1.75043888519196	0.938907557502303
3.25906560847611	1.45089113400716
1.71838037692335	0.512092496146657
-0.305905895483537	0.107700918125756
-0.298243338342598	0.0888649209209968
3.56977075964114	1.75979068321058
1.75931610176333	0.733095429495076
1.75792817192385	0.943560674569884
2.44567166971443	0.839453219846175
2.45442904372326	0.842929862158112
1.74579979567988	0.935242340465103
-2.21257221902061	0.680354097619789
0.187534552195979	0.0494421831048262
1.09886001598825	0.44140397862876
1.72408117097841	0.919239630774709
3.26608991492401	1.45573646702542
0.921824610399643	0.265755741469354
1.39557961180183	0.496365775816694
1.74484745516499	0.933855325620091
0.204756590717357	0.0440408052662146
1.02113540592789	0.463576679720947
1.74581938677338	0.726145387504203
3.26608991492401	1.45573646702542
2.39752662063719	1.2949831546304
0.204756590717357	0.0440408052662146
0.205561737379768	0.0441838774146192
2.37659817852811	1.27883941086168
2.92614219629159	1.94764674209129
0.921824610399643	0.265755741469354
4.31353717056887	2.77802826179291
3.55154185738699	1.74591014244481
1.73953356091327	0.723250406310303
0.187516582106475	0.0494383766804619
2.37659817852811	1.27883941086168
2.90832288894759	1.14706883442003
1.0381244612835	0.472495484901326
2.45713066693921	0.844016359639868
0.6706675063245	0.224548809826605
-0.293014582007168	0.0873418514259804
2.91776082824986	1.15193094411066
3.57726881742395	1.76601645158811
0.661986823780947	0.254274901135502
0.512604318137668	0.218432518143173
1.4259418794304	0.666012200475077
1.76187945735624	0.734917482673091
2.90827841061733	1.14708003600027
2.23875635978618	1.48893433956741
2.00305631183736	1.20202066163066
0.902476879033505	0.260785195270642
3.26608991492401	1.45573646702542
2.36621985742397	1.27067613488176
3.27316965466308	1.45987901225535
2.09408927735694	1.00081261564385
2.43961622041387	0.836769184993985
0.680939462933718	0.261956153566472
3.55150019255635	1.74586834583851
0.675156152037975	0.22565754625012
0.199660581380647	0.0433122758858595
0.906151326926563	0.261259737108879
0.901720616063008	0.260095467165507
0.231066157978782	0.0726082284444526
1.38248601554662	0.491066536373935
-0.290831686477476	0.0867545552222069
2.65450004020957	1.59426527563713
2.64926612720655	1.58940295862537
3.25608093098774	1.44911407166836
-1.04113486477337	0.334376496819243
1.38545837834875	0.492219504116298
1.76612122420627	0.736517957467052
-2.20131061198549	0.675574843790802
-1.47559564657686	0.401361379112135
1.42412608774303	0.665588155066225
1.72664583622157	0.514027439791968
3.57296496055713	1.76215685722717
1.40862404516162	0.655840638535552
2.08244330412006	0.993420529815253
-2.20774410875569	0.677401665515386
2.90551789185603	1.14556900793857
1.07063938963435	0.428249111328309
3.27316965466308	1.45987901225535
1.32961298232992	0.696542257347805
2.89896851317136	1.14156400888801
0.205561737379768	0.0441838774146192
0.182309601441683	0.048270223246002
2.91493124431159	1.15099278421732
1.75412385149621	0.941549251251793
1.0719555108239	0.429070382434839
0.372787116681782	0.137325488124445
0.625280679173773	0.239282119218235
-1.4056376880237	0.523231466165592
0.680819310444715	0.227748009463594
2.63707354224464	1.5782513913834
2.4483134540998	0.840541819013097
2.0904766040442	0.998607707037486
2.91874144340492	1.15180916074423
3.27316965466308	1.45987901225535
2.43961622041387	0.836769184993985
0.683090437699776	0.228431766982679
0.682598544233423	0.228483971119609
3.28942439006547	1.46887958363091
2.90551789185603	1.14556900793857
0.683090437699776	0.228431766982679
1.71838037692335	0.512092496146657
2.64926612720655	1.58940295862537
0.205561737379768	0.0441838774146192
1.3701735298738	0.486046373261376
2.09263660210777	1.00028029193611
-3.09113915148148	1.2417518149532
3.27316965466308	1.45987901225535
1.6291069918408	0.972758453871223
1.01250056927012	0.45872684418295
-0.699715952867905	0.30548969766389
2.45442904372326	0.842929862158112
2.08448560220228	0.994743736476529
2.91488688463889	1.15100414083562
0.20471393630254	0.0440337263228802
3.25608093098774	1.44911407166836
0.224865135253605	0.0707281274482377
2.92158168883162	1.15406672838897
1.33936534003646	0.866011028263677
2.39775875299794	1.29587052514165
3.27924118008841	1.46229877184658
0.674988523996769	0.259603887528201
0.694381051215851	0.232198533859577
1.35684517269553	0.715180570117955
1.39972857201292	0.49785287169011
2.45442904372326	0.842929862158112
1.74727066667551	0.727243316298516
2.90551789185603	1.14556900793857
1.00330120146515	0.45398588592362
3.27318434966019	1.45987088217078
-0.562262366874053	0.147296690051847
0.0674939495758333	0.0267654839016295
0.172141930104414	0.0459762515619496
-0.552335012199188	0.144678456612124
0.172635519657569	0.0460726932756945
2.10429077012871	1.00741336446237
2.70348992961567	2.17254949686961
1.71838037692335	0.512092496146657
0.912597447073333	0.263157043298413
-0.613381444971312	0.253991931301025
0.164712869579257	0.0443121871062313
0.208130289751052	0.0445612068776082
0.190534411024281	0.0501047275306018
1.37543780329452	0.488077804570456
0.165016980071288	0.0443593586963327
1.04693509022561	0.417862988113701
2.43961622041387	0.836769184993985
0.666133301211789	0.222708402316138
2.06292142221342	0.980111830032735
2.91210871999862	1.14894462063688
3.1521358993326	2.29587082301393
2.38334985315938	1.283419790629
1.76602253904652	0.736460561645212
2.90832288894759	1.14706883442003
1.72665749194725	0.514015992250562
0.682545150761639	0.22836869112364
1.71838037692335	0.512092496146657
2.0904766040442	0.998607707037486
1.72664583622157	0.514027439791968
3.8144768626855	2.05520542791873
3.26610537788351	1.45572874939348
3.27921340058014	1.46335938453018
-1.46556636079729	0.39889055417079
2.91767215080868	1.15195328733466
2.92158168883162	1.15406672838897
0.655220756773383	0.319383126813112
0.151920144443936	0.0414386344909886
2.44567166971443	0.839453219846175
0.688805855840813	0.230396439124451
0.69790279773561	0.233397477907166
2.44567166971443	0.839453219846175
0.342029012611532	0.125855202785182
-2.72585893822223	0.969524600219644
1.06950553657557	0.427929560998139
-0.474550337373848	0.183136625544077
1.39439163408924	0.495778972801822
2.90551789185603	1.14556900793857
3.26909842045239	1.45753652807612
1.05114001741614	0.539080719698814
1.39256483421105	0.495195831360944
0.683042523889567	0.228414048266896
-0.313953141903307	0.0929803136803504
1.72664583622157	0.514027439791968
0.248609906656177	0.0778029618895605
4.08344009598907	2.41579003840599
1.42126218292177	0.663517965383386
2.65039031820044	1.58981838652728
0.22810763358012	0.0718863917647711
0.205561737379768	0.0441838774146192
1.06950553657557	0.427929560998139
1.76612122420627	0.736517957467052
0.912597447073333	0.263157043298413
-1.04623082826136	0.336174901762473
3.57301180618074	1.76219924411501
1.047572061423	0.417850877858123
0.199660581380647	0.0433122758858595
0.680819310444715	0.227748009463594
1.42787553371064	0.667827882891111
-0.571538969396222	0.149182553096798
0.914619300557244	0.26369561215826
1.77046288364682	0.739085774074085
1.78273736048802	0.744960075506138
-1.46556636079729	0.39889055417079
1.76271459085892	0.735118738719892
2.45713066693921	0.844016359639868
-1.07347732586817	0.345521195851013
0.762089785814957	0.337163769597651
3.56226151463511	1.75365296814151
3.25906560847611	1.45089113400716
0.668036332371809	0.256525412734318
1.75157325264744	0.72908452782451
3.2691134975973	1.45676655530423
3.56977075964114	1.75979068321058
4.87639665579328	3.90655298936414
1.39557961180183	0.496365775816694
-0.549588025379477	0.144138904810768
1.44631000041798	0.678825078709689
2.89896851317136	1.14156400888801
2.08591591043052	0.995653239553386
0.921774163847151	0.265747233383473
3.82877106041862	2.06906516969353
2.645469632369	1.58606208005677
0.170184199651161	0.0455102597114768
1.43631637106295	0.672200199104765
2.66152158857203	1.60184788292481
-0.470564585482996	0.180507561966448
3.26610537788351	1.45572874939348
-0.637823143056138	0.221106526997808
2.4483134540998	0.840541819013097
3.55895493620897	1.75203607094021
2.44567166971443	0.839453219846175
1.3726881258282	0.487534212258015
3.56644568989027	1.757536747449
1.07082409868839	0.428569888191259
1.6291069918408	0.972758453871223
0.199660581380647	0.0433122758858595
2.29218399411817	1.54335682077006
1.72665749194725	0.514015992250562
1.06137676746378	0.424207182069452
1.07319275548697	0.429814917008006
0.230534790079877	0.0723507853261846
-1.46556636079729	0.39889055417079
0.906246129417221	0.261736091583026
0.165016980071288	0.0443593586963327
2.91210871999862	1.14894462063688
0.177324465825582	0.0471342222202081
0.650175479369777	0.249153921781642
1.7660718355889	0.736843404138436
1.09062725718876	0.437713933028082
2.45442904372326	0.842929862158112
1.3726881258282	0.487534212258015
1.39557961180183	0.496365775816694
1.08696413389759	0.435882187828599
3.27924118008841	1.46229877184658
1.77736983538441	0.742093229737016
1.42846065243411	0.668294015164211
2.91210871999862	1.14894462063688
0.668036332371809	0.256525412734318
0.190534411024281	0.0501047275306018
2.61958478310023	1.56169746453713
1.38545837834875	0.492219504116298
2.92153744995923	1.15407818465564
1.07890679271251	0.432199101979189
3.27316965466308	1.45987901225535
-1.05646570561747	0.339422980870141
2.4483134540998	0.840541819013097
4.07151042248906	2.40332242395071
3.55895493620897	1.75203607094021
-0.0537056126527099	0.0176385431761968
-1.3889460990053	0.515983166935664
0.193364634888779	0.0422782569669119
1.02995222222361	0.468541302764414
2.01260307419716	1.21105943964513
-1.04621110690196	0.336165192535253
0.653383025399718	0.250726073024161
0.893327858309595	0.258137021796653
0.906151326926563	0.261259737108879
1.75689874560971	0.732131283191921
-1.05139365222271	0.337625068809831
2.0904766040442	0.998607707037486
3.28638063920881	1.46778961483254
1.76266616893112	0.735090202637704
2.09841704355149	1.00355500904501
0.919086224093982	0.264875597201778
3.25904938664935	1.45089842575752
2.074443921041	0.987898360587514
2.45446436525245	0.842916202981294
1.31337311210829	0.686030589879613
4.2650175025186	2.71822767846742
1.77388619361697	0.741131703530167
1.07526712720017	0.430388498097968
-0.287371764119892	0.0857960566198628
0.637942622218928	0.243862985229908
1.31142848405371	0.68456156552859
1.75471185856518	0.941380148652773
3.28334481162405	1.46534615851461
1.73209269258465	0.925405429891255
3.55895493620897	1.75203607094021
0.1352277547972	0.0479322370171046
1.71838037692335	0.512092496146657
1.76972856256345	0.738774350521325
2.4483134540998	0.840541819013097
1.30721883367191	0.681258122150243
-0.289786951371268	0.102065881829443
2.90551789185603	1.14556900793857
1.71838037692335	0.512092496146657
0.513947267754661	0.219428201130655
-0.617573923622581	0.213728116537491
-0.301310725316405	0.106333590803025
1.7772657725191	0.742520128546194
2.44834859745442	0.840528199577986
0.370990735274735	0.136730405108321
0.628037024045622	0.240084216269546
1.77388619361697	0.741131703530167
0.204756590717357	0.0440408052662146
0.202198391670494	0.0436656035177294
0.208088282973525	0.044554233682967
0.156584690833271	0.0425025301223814
1.3801874459795	0.490172173913112
2.90832288894759	1.14706883442003
0.228391632407592	0.0717682523462766
1.07878401387793	0.432142860294847
4.07065190990288	2.40248670652808
2.92153744995923	1.15407818465564
3.55899825992108	1.75207908437113
2.39881352463624	1.29599504142266
4.08257487951431	2.41471487906593
-0.298209899803795	0.0888556079266036
-0.563224434073156	0.1470595732283
2.29528281921239	1.54630657597544
2.01771661818815	1.21583493851841
-0.660781283223881	0.228906896363808
1.77589679622546	0.741628644575613
2.90551789185603	1.14556900793857
1.41120556675479	0.658026534328907
2.64952216636338	1.59055813517685
2.91493124431159	1.15099278421732
0.137814581959937	0.0489406227582492
-2.22399291176976	0.684709935367475
2.43961622041387	0.836769184993985
1.36848609513374	0.486101541554375
1.6267298910646	0.970931851880379
1.41991169953947	0.663163951030446
3.57731649091494	1.7652097714823
1.72665749194725	0.514015992250562
0.180096977611431	0.0477470127508601
2.43961622041387	0.836769184993985
1.0966510984311	0.440514701924932
1.36972296309591	0.486388383733701
1.38547624122001	0.492221548058075
2.89896851317136	1.14156400888801
0.652798133124881	0.2180678347656
0.218823686354721	0.0691716044437688
0.899765603237419	0.260024823460973
3.79935699009225	2.04112943481132
1.38957458135007	0.493821378507415
1.73953356091327	0.723250406310303
2.3674865959885	1.27171628717946
2.4110519290943	1.30604253124369
0.234465742407782	0.0737945379155126
1.07878401387793	0.432142860294847
2.37504895229416	1.27807043437507
3.57397276002055	1.76270999054685
0.671691629672308	0.22459104803171
1.76525370557138	0.736652710479781
1.0248044906556	0.465577328424099
1.75840552747168	0.733204294369585
1.770513002613	0.73911521710779
1.41991169953947	0.663163951030446
2.43961622041387	0.836769184993985
0.902476879033505	0.260785195270642
0.382115201499417	0.140583120260874
0.849368650619433	0.426095823298689
1.75061451146006	0.72922626546094
0.187516582106475	0.0494383766804619
3.26908338806269	1.45678296110119
0.731588435088278	0.321681817536344
0.154897316342678	0.0421007466929087
-0.847876030619512	0.327418599691875
2.0807122586474	0.992225761010993
1.38016920470379	0.490169965758878
-0.298807819072265	0.0889558819091486
2.03265090793616	1.22860665548007
3.27924118008841	1.46229877184658
2.43961622041387	0.836769184993985
2.3893556732446	1.28808002121654
2.91210871999862	1.14894462063688
2.52890713567726	1.87652233959643
0.245858862808042	0.076891989762666
1.0707599967962	0.428304191192394
0.184506730859797	0.0487417923755395
3.55895493620897	1.75203607094021
2.91748540237099	1.93977611896617
1.00299832225936	0.454030092382179
2.53499141097366	1.88390045651633
0.160524925031793	0.0564488511715518
0.167714996663192	0.0449834543600603
1.41573678374435	0.660567110587147
1.31467157911654	0.686502043400132
1.07727308269687	0.55537121754959
1.07197868079952	0.42925925112801
-0.549588025379477	0.144138904810768
0.144864271797487	0.0520143152685742
0.174426650554092	0.0613073683188855
-0.0878335929788924	0.0272435592356332
1.58928581748093	1.04864304149272
4.3267075157122	2.7906680620644
0.212795327209464	0.0855475966527527
1.34324462771599	0.8698168958449
-0.64650246417194	0.223934016693092
3.57726881742395	1.76601645158811
-0.625986771297109	0.216868622583734
1.37270495641498	0.487535927805456
2.10581004156324	1.00804315738564
0.232259687542401	0.0731526603782102
3.27016636624633	1.45724800636443
1.72665749194725	0.514015992250562
-1.46754137571983	0.399241075338394
1.39024877373414	0.49406930635718
1.40862404516162	0.655840638535552
3.5772212367167	1.76512071300624
1.39557961180183	0.496365775816694
0.691018322596608	0.231067203856998
0.915267467236802	0.263914073443303
1.43799849963348	0.672961429557471
2.91767215080868	1.15195328733466
1.39741486104157	0.497164782563706
-0.0673957756720004	0.0215871816536072
2.91488688463889	1.15100414083562
0.921774163847151	0.265747233383473
3.56972479265114	1.76059839007616
3.5839345652559	1.76825910068082
4.28474091730461	2.7434553885059
0.893327858309595	0.258137021796653
4.05971258368773	2.39004897732211
2.9002673020995	1.9207806635082
1.39972857201292	0.49785287169011
1.08132524292082	0.433468517234334
0.676142808895879	0.259893176607517
-0.288192412157866	0.1016284925451
1.38427899058231	0.491766401647725
2.09841704355149	1.00355500904501
1.42504885552191	0.665753850818339
1.04385988204053	0.534229688945938
0.671867470784511	0.258104946812064
0.219173137444582	0.0690782379631127
1.39739858612762	0.496934278756061
1.38016920470379	0.490169965758878
0.924469195483338	0.266423091240108
3.56977075964114	1.75979068321058
0.133774565508967	0.0475479731243769
-0.317318420724087	0.0938320083453341
2.65833678581475	1.59801700924241
0.162442133524232	0.0437962799435881
2.91342631438861	1.9354426622984
-0.576382344846406	0.15043977920911
1.75445870988178	0.941034745378583
0.177324465825582	0.0471342222202081
0.193364634888779	0.0422782569669119
-0.314027207243201	0.093045575987002
1.38016920470379	0.490169965758878
-0.55839960089021	0.146151799893841
-0.282559343150603	0.0845547776661205
1.3353017963996	0.700356721448191
1.72664583622157	0.514027439791968
4.09878475631206	2.43280580613946
2.66302375387074	1.6029269529052
1.42126218292177	0.663517965383386
1.72664583622157	0.514027439791968
1.40862404516162	0.655840638535552
4.0067035433638	4.20624531557791
4.06316971901694	2.39465083519056
3.80690118981087	2.04849128299481
2.01299748593178	1.21096703938065
1.43695465968428	0.673406312919892
0.691018322596608	0.231067203856998
1.76810514306125	0.7381530283959
5.04481239107884	4.32049731400293
1.32537976587404	0.693769104571471
2.07885463546249	0.990791062375455
1.75931610176333	0.733095429495076
0.646664355085335	0.247560855118348
0.231117956713234	0.0727088244452258
0.660085544099662	0.220849182949209
0.211414584161565	0.0670191627338814
0.494465216827851	0.209713405837194
-0.305975765947475	0.0907616862676259
1.59013478637783	0.94120222009697
2.01813291308724	1.21645031410854
0.184506730859797	0.0487417923755395
0.122361396597923	0.0442226705331569
1.06131225650294	0.544862379291573
2.88626206564485	1.90571347540955
5.02965390165739	4.29090724868943
3.27620927747588	1.46151929297208
2.43961622041387	0.836769184993985
1.42868079716688	0.66813775534074
2.50265972559914	1.84627218516161
2.50506984469733	1.84978787716078
3.16902613599783	2.31583704428774
1.32401148865456	0.69239764135541
0.23473651706968	0.0736670820179714
1.06950553657557	0.427929560998139
3.53126106505769	2.99901171971187
3.81786006711318	2.05881896391186
1.72408117097841	0.919239630774709
0.199660581380647	0.0433122758858595
2.07404215319312	0.987872062711398
2.41999613015242	1.31286147376517
2.08603978072526	0.995282816306971
1.39670390964941	0.496388528960776
4.27300146894094	2.72861082972577
1.77388619361697	0.741131703530167
3.26610537788351	1.45572874939348
2.401671961519	1.29830101712471
0.157581581108027	0.0426992641424185
1.72402871819241	0.513373825324747
1.78853710567805	0.747959852888994
1.39790783213428	0.650700373346465
-0.0676046001513337	0.0216481204050412
0.236638685464468	0.074232976377494
4.09077633882552	2.42409139214954
1.37980134392203	0.490495849580318
3.57073037834267	1.75931594813756
1.72664583622157	0.514027439791968
2.89896851317136	1.14156400888801
0.171886235959321	0.0459106029405569
3.25608093098774	1.44911407166836
2.43961622041387	0.836769184993985
1.72402871819241	0.513373825324747
3.27726801831673	1.46068966543948
-1.46754137571983	0.399241075338394
3.85173237948387	2.0886994165507
-0.872305576876012	0.338443107340808
1.71838037692335	0.512092496146657
3.26610537788351	1.45572874939348
-0.562262366874053	0.147296690051847
1.08343277449304	0.43405914409849
2.08809621258249	0.997393156666143
1.75157325264744	0.72908452782451
2.44567166971443	0.839453219846175
0.894916799465727	0.258924013894673
-0.55888165037327	0.146019049191659
3.27619497272584	1.46229178166629
0.234181565975846	0.0734295728679185
1.40276034595944	0.499015152970679
1.06487826927243	0.425794621856675
2.08244330412006	0.993420529815253
2.91210871999862	1.14894462063688
-1.06922186661258	0.343915854428266
-2.20131061198549	0.675574843790802
0.165016980071288	0.0443593586963327
2.4483134540998	0.840541819013097
-0.290172480232866	0.0866608763690696
3.28030290623515	1.46346513229433
1.59042197321037	0.941302235962291
2.62159648285111	1.56410964152106
1.38957458135007	0.493821378507415
1.02564414234091	0.466300464971672
0.00959067712106584	0.00243777716730397
2.40688770319377	1.3030467087258
0.158183786820718	0.0428514673082041
0.350894508241081	0.128966369030245
0.199660581380647	0.0433122758858595
1.75931610176333	0.733095429495076
1.74139161541622	0.932344972749732
3.27921340058014	1.46335938453018
0.356053594719455	0.130901708917079
1.40272851054165	0.499012480580187
1.0556646700484	0.421702481443309
2.41498442054321	1.30869054133799
1.37270495641498	0.487535927805456
-0.297745227366455	0.088703707435214
3.5782787475409	1.76387729206153
1.62062074002933	0.96611043698839
0.167697313889314	0.0449797086311484
-0.297745227366455	0.088703707435214
1.40038798087575	0.651569728738181
2.34664160908982	1.2544912707822
2.90551789185603	1.14556900793857
-0.594182972893005	0.154912126415353
2.90551789185603	1.14556900793857
1.75931610176333	0.733095429495076
1.73685969686651	0.928759931275441
2.91771648568221	1.15252312484676
0.752853144037373	0.332195535197963
0.190569534030361	0.0501121779284389
2.44567166971443	0.839453219846175
0.199660581380647	0.0433122758858595
1.43227090562504	0.670272548642454
1.71838037692335	0.512092496146657
4.11085680736906	2.44453798826642
0.177079158727074	0.0470688489596175
1.38248601554662	0.491066536373935
2.91767215080868	1.15195328733466
2.45446436525245	0.842916202981294
0.205561737379768	0.0441838774146192
2.44567166971443	0.839453219846175
0.160505292207515	0.0433777347361025
0.208088282973525	0.044554233682967
3.82125069959729	2.06090653988338
0.906151326926563	0.261259737108879
1.72664583622157	0.514027439791968
2.92158168883162	1.15406672838897
2.39384947900438	1.29288498375225
0.915267467236802	0.263914073443303
1.72664583622157	0.514027439791968
0.914619300557244	0.26369561215826
-1.66260265822995	0.690365671999482
0.675226496890941	0.259848871757676
2.03584273361693	1.23162791104976
2.44567166971443	0.839453219846175
2.45446436525245	0.842916202981294
0.912597447073333	0.263157043298413
4.06690741540602	2.39936257722879
2.65039031820044	1.58981838652728
0.16207981277472	0.0437108354064728
1.72664583622157	0.514027439791968
3.28635452349004	1.46676370017261
3.5772212367167	1.76512071300624
3.28638063920881	1.46778961483254
0.910807770799633	0.262737230399533
2.09617622581542	1.00254769667221
1.77046288364682	0.739085774074085
1.42063678151242	0.66318578976581
3.26310413052701	1.45333946698961
-1.07322429158236	0.345239545868438
-1.04113486477337	0.334376496819243
2.44834859745442	0.840528199577986
0.915267467236802	0.263914073443303
-1.46754137571983	0.399241075338394
-0.606300971628515	0.209828914650814
1.32537976587404	0.693769104571471
0.167697313889314	0.0449797086311484
1.71838037692335	0.512092496146657
0.89762939669076	0.259684060269182
1.38547624122001	0.492221548058075
1.76968162522581	0.738778655148206
2.4483134540998	0.840541819013097
3.55899825992108	1.75207908437113
4.52110529279185	3.1487377352803
2.90827841061733	1.14708003600027
0.227403893141339	0.0715006664849142
2.91488688463889	1.15100414083562
0.924519625006435	0.266522920108041
-0.286940431421599	0.0857759418120604
1.69729181539013	0.900135844060255
1.39256483421105	0.495195831360944
-0.284718425050904	0.0851722059912993
0.193364634888779	0.0422782569669119
1.40518122158203	0.654221761205766
2.08687180288968	0.995840966043941
2.90551789185603	1.14556900793857
0.195923847427482	0.042652530602415
0.682598544233423	0.228483971119609
2.44834859745442	0.840528199577986
2.4483134540998	0.840541819013097
3.55895493620897	1.75203607094021
1.76602253904652	0.736460561645212
3.26909842045239	1.45753652807612
2.02675119415874	1.22296924171261
0.158329097219568	0.056466594560156
0.224865135253605	0.0707281274482377
0.205505037225659	0.065322762277465
3.26909842045239	1.45753652807612
2.43961622041387	0.836769184993985
1.39971224002831	0.49785141353806
1.08696413389759	0.435882187828599
3.56217304695275	1.75356860451488
3.84440354953942	2.08249008423248
0.208088282973525	0.044554233682967
2.89896851317136	1.14156400888801
1.37978528414721	0.490494430759015
2.92611708378369	1.94891774063172
1.0707599967962	0.428304191192394
0.190695010497311	0.0418340508511931
2.64957003277519	1.59024486203275
1.71083985204222	0.909846582814207
0.175124314973247	0.046645304856595
1.58720136442424	0.938443247986566
2.90827841061733	1.14708003600027
3.59483762457276	1.77644488405191
1.38545837834875	0.492219504116298
2.44567166971443	0.839453219846175
2.90551789185603	1.14556900793857
-0.286940431421599	0.0857759418120604
0.250720037765366	0.0783528491205372
-0.275687060281398	0.0826939690244633
3.27318434966019	1.45987088217078
1.7372773348252	0.929088358736419
-1.46754137571983	0.399241075338394
1.38547624122001	0.492221548058075
2.91210871999862	1.14894462063688
0.229723042460764	0.092834098363264
2.89520289922051	1.9158853859368
1.05928751386563	0.42334152537139
-1.47559564657686	0.401361379112135
0.208088282973525	0.044554233682967
2.37422619673456	1.27719716249825
1.39439163408924	0.495778972801822
0.677379565658875	0.226586193321658
2.90551789185603	1.14556900793857
-1.06079889831805	0.341092805238213
1.3726881258282	0.487534212258015
0.920082414250368	0.265252082233154
2.90551789185603	1.14556900793857
2.44567166971443	0.839453219846175
3.25608093098774	1.44911407166836
1.71838037692335	0.512092496146657
2.07873132634183	0.99133955114872
3.56972479265114	1.76059839007616
2.04154943313989	1.2362595557001
1.77046288364682	0.739085774074085
-0.0766106949079694	0.0242313820543097
0.177324465825582	0.0471342222202081
3.26610537788351	1.45572874939348
0.846566481088693	0.424651678358819
0.153367966223417	0.0417663876642991
2.90551789185603	1.14556900793857
3.34482764011104	2.6354776779333
0.199660581380647	0.0433122758858595
-1.65981160581395	0.689135823128313
0.915267467236802	0.263914073443303
0.915267467236802	0.263914073443303
3.2833312885705	1.46611990793056
3.26310413052701	1.45333946698961
0.228808283719498	0.0720439291537409
1.38727744289309	0.493135957861707
3.28942439006547	1.46887958363091
-2.70163341573963	0.956867155200627
-1.08497947513288	0.349263330246813
2.11611755943999	1.01419675368614
1.38727744289309	0.493135957861707
1.62507858974695	0.969213127882783
2.45442904372326	0.842929862158112
1.05739828514777	0.542230795026568
2.3893556732446	1.28808002121654
1.38993259641355	0.494291486970406
2.60625051112684	1.54921840262896
0.919975381572589	0.517016877049542
1.39670390964941	0.496388528960776
1.38545837834875	0.492219504116298
-0.288122920487252	0.0860808356526595
2.01901861312442	1.64205495152381
0.177324465825582	0.0471342222202081
2.4021399878559	1.2986419358101
-0.292596402803385	0.0873350320881933
0.195923847427482	0.042652530602415
0.663336852365455	0.221861994107979
1.07082409868839	0.428569888191259
0.652144276386616	0.218007688159233
2.01773333674865	1.21569996820944
3.5806215145737	1.76713572499057
0.180315924045662	0.0478066702574292
0.84499074954482	0.423691719731081
1.99104101179169	1.19221445190764
1.32978846764332	0.778041698729439
2.67640437249196	1.6146463428284
2.90832288894759	1.14706883442003
1.41048220125825	0.657624990455243
2.39509029667649	1.29466155690915
0.73939704032265	0.325284095133902
2.90551789185603	1.14556900793857
1.10405267147775	0.63272556246453
0.175143411457113	0.0466493667011835
2.08603978072526	0.995282816306971
2.10568048526768	1.0085784085268
-3.06639739603196	1.22806237039513
3.56649069111218	1.75758098854351
2.43961622041387	0.836769184993985
-0.553958654260902	0.145182611160989
1.01264401735513	0.459131038496104
0.897578623663865	0.259675397379677
1.74598461887017	0.935302062053001
3.55899825992108	1.75207908437113
3.24909639235388	1.44424220972449
3.56649069111218	1.75758098854351
3.27618071303355	1.46153655074
0.208485407232986	0.0662545511532695
3.57401945763771	1.76275547531171
1.76612122420627	0.736517957467052
0.182273477751123	0.0405997709363184
2.09396320894315	1.0011830226404
3.8399774426495	2.07869138541729
2.09841704355149	1.00355500904501
1.74596122515924	0.935204796160406
1.38248601554662	0.491066536373935
2.09924501513944	1.00414316608255
2.45446436525245	0.842916202981294
2.91767215080868	1.15195328733466
0.669547790070559	0.223855623975965
1.08343277449304	0.43405914409849
0.670279253250208	0.257888719575487
0.230534790079877	0.0723507853261846
0.199660581380647	0.0433122758858595
1.07041917732086	0.428827833808888
0.177324465825582	0.0471342222202081
1.38725996190371	0.493134041662893
-0.302194401361676	0.0898991994770611
2.63696147071738	1.57766043668218
1.0812000187203	0.433411109406381
-2.21257221902061	0.680354097619789
-1.46556636079729	0.39889055417079
1.39024877373414	0.49406930635718
2.06292142221342	0.980111830032735
3.27620927747588	1.46151929297208
0.692118762373886	0.231383424145359
1.33955655079071	0.70331134229426
0.544256283269239	0.261012636118936
0.921774163847151	0.265747233383473
4.09077633882552	2.42409139214954
3.25608093098774	1.44911407166836
1.01182301797473	0.458570752508632
3.15004726158282	2.293251762602
1.38545837834875	0.492219504116298
1.74581938677338	0.726145387504203
-2.20131061198549	0.675574843790802
-0.30772486431716	0.0913485397175911
2.37609859202537	1.27828284000135
-0.64885696403866	0.224399429992012
-0.584371982640259	0.152318216814195
0.784450590471259	0.433474982164072
0.196315155888877	0.0427978646049216
0.673995039992328	0.225358656301781
-0.584371982640259	0.152318216814195
1.75689874560971	0.732131283191921
1.78179200304995	0.744678169302807
-3.59457107507717	1.68111145167334
1.38427899058231	0.491766401647725
1.38957458135007	0.493821378507415
0.177324465825582	0.0471342222202081
1.38277622260188	0.491429562364001
2.91210871999862	1.14894462063688
0.671783008731121	0.224523528358971
1.33510253765994	0.700292219106995
2.89896851317136	1.14156400888801
0.180334652339367	0.0478106473797875
0.652798133124881	0.2180678347656
3.27618071303355	1.46153655074
2.28239184304261	1.5326923617595
0.919086224093982	0.264875597201778
3.55895493620897	1.75203607094021
-0.353682251982643	0.149920157491018
1.33658070511792	0.700495869882679
2.91607641427822	2.55819094951756
1.75086701011078	0.93835830120525
0.919086224093982	0.264875597201778
1.38545837834875	0.492219504116298
-0.287371764119892	0.0857960566198628
2.08591591043052	0.995653239553386
2.91488688463889	1.15100414083562
2.91771648568221	1.15252312484676
2.90551789185603	1.14556900793857
2.08244330412006	0.993420529815253
2.90827841061733	1.14708003600027
1.7772138808229	0.74200364184831
2.09383725457669	1.00065411366166
0.985072250979383	0.444212032838304
2.43961622041387	0.836769184993985
1.00361197916689	0.454244270770272
0.199660581380647	0.0433122758858595
0.193364634888779	0.0422782569669119
1.74386805742768	0.724791639516812
3.55895493620897	1.75203607094021
3.5483030024599	1.74351337995961
2.52870593222043	1.87648899467953
0.675156152037975	0.22565754625012
1.72665749194725	0.514015992250562
1.73812273916778	0.721866423643434
0.816599408447975	0.40647214802663
0.172141930104414	0.0459762515619496
2.44567166971443	0.839453219846175
0.66559718635004	0.222803114793691
0.628728164529477	0.240829251782082
0.901720616063008	0.260095467165507
2.89896851317136	1.14156400888801
-1.0540867499991	0.446914877494296
3.28028898843479	1.46347366776651
-0.286809937275786	0.0856806498645866
2.45176958518949	0.841449769742287
2.50289840406182	1.8460519045938
3.85499333045229	2.09034334977743
-0.563224434073156	0.1470595732283
1.06487826927243	0.425794621856675
3.66543766093488	3.31368654840807
1.07890679271251	0.432199101979189
2.91488688463889	1.15100414083562
3.55574281240124	1.74904562098681
-0.292562777536825	0.0873256919566233
1.07907383975337	0.432416030483269
1.7535603922029	0.941192406516506
-0.552335012199188	0.144678456612124
0.184506730859797	0.0487417923755395
-0.860669179057129	0.334047825923664
-0.304389922778657	0.0904940480963697
1.77388619361697	0.741131703530167
0.162442133524232	0.0437962799435881
1.72665749194725	0.514015992250562
2.44834859745442	0.840528199577986
0.174087570334974	0.0463804593576593
-0.288208650041867	0.101883316171773
1.09095270270528	0.437980243887679
1.0509903591309	0.420065297501861
2.90832288894759	1.14706883442003
2.51493298621799	1.86037983664128
0.921774163847151	0.265747233383473
2.38805889329052	1.28876327179467
3.28334481162405	1.46534615851461
0.228772225273403	0.0719060433887246
-0.327627028011727	0.0967912180753638
0.175143411457113	0.0466493667011835
2.9076803546839	1.92838728797824
2.3899441417321	1.28925538494421
0.228391632407592	0.0717682523462766
2.45176958518949	0.841449769742287
-0.562262366874053	0.147296690051847
2.01495765456004	1.21354138057342
1.09292263633761	0.438867001066089
0.643471551646119	0.246445018834542
1.36001932404692	0.717043281055731
0.915318019020568	0.263922623604752
0.910858892443621	0.262745945817241
0.233097360284084	0.0731580454687324
0.338891830788999	0.140097837841328
-0.565000228990759	0.147836672845567
1.99978939687363	1.20007630138025
0.222869713972943	0.0702508404965994
2.90551789185603	1.14556900793857
0.661630040313216	0.254101147614014
1.56866002745714	0.92285098886031
3.56972479265114	1.76059839007616
2.01779007837148	1.21518074863204
1.38993607736237	0.6450796398723
1.35296134926083	0.796420576941022
0.222337753373248	0.0699047989989705
2.92438485477444	1.156147471729
3.82125069959729	2.06090653988338
4.50924409614051	3.13314533483275
1.41595240351364	0.660692101003323
0.657566945912919	0.252328142176309
0.362520667012914	0.133616690252108
0.199660581380647	0.0433122758858595
1.75845851337505	0.733234957019094
2.90827841061733	1.14708003600027
1.39439163408924	0.495778972801822
3.59483762457276	1.77644488405191
1.34258313490563	0.704968794883226
2.91210871999862	1.14894462063688
0.69096870942265	0.231048868043151
3.85159560405925	2.08890747138194
1.77383519060389	0.740746034447833
0.673447521846232	0.225320932226812
2.91776082824986	1.15193094411066
2.91488688463889	1.15100414083562
1.09296502780366	0.438667144027759
0.234537195986687	0.0736925327146945
0.3863634635889	0.142149469690193
-1.46556636079729	0.39889055417079
0.667920601709208	0.223570234424993
-2.70163341573963	0.956867155200627
2.45446436525245	0.842916202981294
3.57731649091494	1.7652097714823
-0.303349464245053	0.0902573552966827
0.509537587648328	0.216541416092719
0.686536055887006	0.229501764539986
-0.281307368218551	0.0842040521781391
2.30301097860517	1.55365612647566
0.170184199651161	0.0455102597114768
0.217143594407573	0.0686120109302786
0.170184199651161	0.0455102597114768
3.84453748990437	2.08172146404308
2.45709514677168	0.843701380989689
1.45586543386513	0.683633329110585
3.55895493620897	1.75203607094021
-0.304389922778657	0.0904940480963697
-0.626832025283292	0.216969846323796
1.71838037692335	0.512092496146657
1.4096659380303	0.65718386305763
2.37578880147198	1.27828300899486
0.906151326926563	0.261259737108879
0.208130289751052	0.0445612068776082
1.38727744289309	0.493135957861707
1.7241549132172	0.919390132730177
0.355402742400097	0.130599447493081
0.208088282973525	0.044554233682967
4.54904219142926	3.18734412002011
-1.05659799733909	0.339660053110494
2.10542171964225	1.00780245647064
-1.46556636079729	0.39889055417079
2.4483134540998	0.840541819013097
0.252305197135391	0.0788767548277925
1.38547624122001	0.492221548058075
-0.567585807840995	0.148008276225078
1.02440408505943	0.465485053711991
1.39557961180183	0.496365775816694
1.41464340457366	0.659391351742929
2.91488688463889	1.15100414083562
1.37543780329452	0.488077804570456
2.07512699593941	0.988585472490902
-0.077990739644235	0.0245803985947901
0.675156152037975	0.22565754625012
1.77046288364682	0.739085774074085
0.901720616063008	0.260095467165507
1.78168645155724	0.74461717018754
0.683042523889567	0.228414048266896
2.1055510446396	1.00849917927828
0.67060197615506	0.327584048458113
2.04563958429168	1.23929787327364
0.683042523889567	0.228414048266896
2.10204478260656	1.00634877322488
0.187534552195979	0.0494421831048262
2.45442904372326	0.842929862158112
1.62149224269281	0.966737527466612
0.196315155888877	0.0427978646049216
2.92438485477444	1.156147471729
0.921774163847151	0.265747233383473
2.90832288894759	1.14706883442003
2.07299107522641	0.987025883018416
3.84426974922135	2.08147251945329
4.08656074687464	2.41889082687933
1.08696413389759	0.435882187828599
2.07873132634183	0.99133955114872
0.738494214863102	0.325302325045608
3.27318434966019	1.45987088217078
1.76192840483937	0.73518168401209
2.91210871999862	1.14894462063688
0.722988140570143	0.317571347308617
1.38248601554662	0.491066536373935
1.98405319876551	1.18607320922881
2.44567166971443	0.839453219846175
1.3726881258282	0.487534212258015
3.83984476003256	2.07857397651817
1.4057837164765	0.50019805265816
2.45716616852698	0.843674766141773
-1.85699513459518	0.837240187358681
-0.321940142149101	0.095224525635294
0.908148649268101	0.26198445808125
1.38547624122001	0.492221548058075
0.915318019020568	0.263922623604752
0.164712869579257	0.0443121871062313
1.06634441622681	0.548169953739493
2.39328122185594	1.29228378074274
2.90832288894759	1.14706883442003
-0.00903602424410228	0.00293666292232775
1.75867970381511	0.944458890866346
4.28907916504149	2.74776302837831
2.10204478260656	1.00634877322488
3.26608991492401	1.45573646702542
2.45446436525245	0.842916202981294
0.233097360284084	0.0731580454687324
-1.65981160581395	0.689135823128313
1.42483250624676	0.665349095885143
-0.602862949787603	0.208492623129905
2.6932555360145	1.6292978994123
3.24909639235388	1.44424220972449
2.90832288894759	1.14706883442003
1.71838037692335	0.512092496146657
1.00597130525497	0.455583036781981
-0.549588025379477	0.144138904810768
2.26080874789412	1.51159674456053
-0.600830818395992	0.207843763746685
1.40892208736428	0.656823887515043
1.76810514306125	0.7381530283959
2.37266970431778	1.2757494101701
0.650175479369777	0.249153921781642
1.07914588426441	0.432705181035229
2.36049935998302	1.26574983535061
3.82536634175606	2.06542098396924
1.36481226865152	0.889828131139305
-0.563224434073156	0.1470595732283
1.04749678515866	0.477574768685288
0.901720616063008	0.260095467165507
-0.552335012199188	0.144678456612124
-0.292596402803385	0.0873350320881933
1.05328310334829	0.420345282403066
2.45716616852698	0.843674766141773
4.69708210867902	3.51089559926157
2.40160988871254	1.29890166764127
4.27300146894094	2.72861082972577
-0.62329847768347	0.215656483368362
-0.553958654260902	0.145182611160989
0.924519625006435	0.266522920108041
-0.302570192954354	0.0898112251737031
0.908975247039869	0.262609818284675
1.72402871819241	0.513373825324747
1.78168645155724	0.74461717018754
2.08905633830513	0.996990725276805
1.37720610089078	0.4890227456012
4.0588318326328	2.39002452109041
2.91771648568221	1.15252312484676
2.4483134540998	0.840541819013097
1.30682869791014	0.68100111784981
2.43961622041387	0.836769184993985
3.24909639235388	1.44424220972449
2.38854090411063	1.28873292323228
-0.549638443779565	0.144154566527545
2.43961622041387	0.836769184993985
1.39258193627448	0.495197582069264
0.924469195483338	0.266423091240108
2.43961622041387	0.836769184993985
-2.23359164175631	0.6893702018014
2.39292740394024	1.29135920186966
1.40272851054165	0.499012480580187
0.177324465825582	0.0471342222202081
1.76519883265068	0.736621797940704
2.67529674582605	1.61365461733652
0.753249720085579	0.332267752881209
-0.587637884388811	0.153552474874643
3.81786006711318	2.05881896391186
1.76602253904652	0.736460561645212
1.72834631728713	0.922754546204933
0.193364634888779	0.0422782569669119
3.25904938664935	1.45089842575752
1.0059746340242	0.455733082966494
2.07777452231693	1.52585337115801
2.91493124431159	1.15099278421732
2.66234635949452	1.60136179353535
-1.41089196212682	0.525591327452038
2.06774892770211	0.98451750498754
1.69281837464643	0.896591126210079
1.38248601554662	0.491066536373935
1.37859750276635	0.490222912680126
1.74727066667551	0.727243316298516
0.160505292207515	0.0433777347361025
1.08486236230807	0.435238441596107
1.03615487147742	0.529008097040897
2.3774533541414	1.27904313748579
4.27300146894094	2.72861082972577
0.652144276386616	0.218007688159233
-0.068545301146485	0.021714067267158
0.673995039992328	0.225358656301781
1.40575275971062	0.49988083524423
1.3899474343491	0.49452024011659
0.736045851903807	0.324022209932468
1.71838037692335	0.512092496146657
2.39408016580545	1.29253918958529
0.201924364803604	0.0644792604646955
2.90832288894759	1.14706883442003
0.915318019020568	0.263922623604752
2.9004683458892	1.92173445830893
4.28560451693225	2.74244892652971
1.59042197321037	0.941302235962291
3.18205552199059	2.33106277308396
0.893327858309595	0.258137021796653
3.84336233679819	2.08062906074275
0.734076447157006	0.322594536869492
1.03419110320576	0.470459691068501
2.91493124431159	1.15099278421732
0.666048146933676	0.255968521416685
3.70239659324634	3.37732190838637
-1.06695223882153	0.343090364543094
0.915267467236802	0.263914073443303
0.671217910650184	0.224603448239011
-0.298631582750022	0.0888136485539855
1.06743178358923	0.427217384158955
1.57001953469883	1.14058917207795
-0.609041337299214	0.210821100090729
1.76602253904652	0.736460561645212
3.26608991492401	1.45573646702542
0.157581581108027	0.0426992641424185
-1.47559564657686	0.401361379112135
2.08017458981791	0.99150793962923
1.77383519060389	0.740746034447833
1.76266616893112	0.735090202637704
1.88165426965747	1.25763560316618
3.83301882980968	2.07184038545602
-0.456328229475474	0.1757525522948
2.37504895229416	1.27807043437507
2.49423164463297	1.83519303195272
1.01593942389526	0.461040510146869
-1.05646570561747	0.339422980870141
3.27316965466308	1.45987901225535
1.61079156551441	0.957579619660451
2.67237797391477	1.61013293464672
2.86536907048042	1.8831478514275
1.84183544074397	1.21851517574164
0.862410081572183	0.433996426429633
1.37543780329452	0.488077804570456
2.09396320894315	1.0011830226404
0.646664355085335	0.247560855118348
0.187534552195979	0.0494421831048262
2.074443921041	0.987898360587514
2.90827841061733	1.14708003600027
0.888471756255203	0.257036137561661
1.62649599281602	0.97105155029245
1.75931610176333	0.733095429495076
2.39384947900438	1.29288498375225
3.13151161982564	2.27013153038634
0.201924364803604	0.0644792604646955
3.86313396376482	2.09781324145928
0.177324465825582	0.0471342222202081
0.912597447073333	0.263157043298413
1.43698623809556	0.673034306643169
2.45442904372326	0.842929862158112
1.38248601554662	0.491066536373935
0.679309199114562	0.227448849471982
2.09854407465172	1.00363736255297
2.43961622041387	0.836769184993985
1.7635366691053	0.948125429055852
1.32815426912323	0.777213173710562
0.687562881314414	0.229773894975529
3.85173237948387	2.0886994165507
0.177916426070479	0.0472813074926094
4.71414950050075	3.53704091554291
2.45446436525245	0.842916202981294
1.06372035118989	0.425130521830636
0.167714996663192	0.0449834543600603
1.38545837834875	0.492219504116298
2.44567166971443	0.839453219846175
3.57305874423035	1.76108157503203
2.45446436525245	0.842916202981294
0.126805622169041	0.0457766585259126
0.205561737379768	0.0441838774146192
1.72664583622157	0.514027439791968
1.39258193627448	0.495197582069264
3.55895493620897	1.75203607094021
2.64926612720655	1.58940295862537
1.38471709106864	0.642729297284328
-0.286940431421599	0.0857759418120604
0.919086224093982	0.264875597201778
1.72402871819241	0.513373825324747
1.39258193627448	0.495197582069264
-0.31011280695359	0.0920681438912792
1.38957458135007	0.493821378507415
-1.01662764208499	0.428743965326082
1.76500085839564	0.948509202324086
0.196642313918826	0.0627751983134777
0.205561737379768	0.0441838774146192
1.03484357669098	0.47087894222203
1.75931610176333	0.733095429495076
1.37543780329452	0.488077804570456
4.30962266255455	2.77303256987086
3.57397276002055	1.76270999054685
1.38248601554662	0.491066536373935
0.665479644886806	0.255602269142099
-0.0741499498092304	0.0231015678072107
1.38248601554662	0.491066536373935
0.671311408840698	0.224616201942278
3.13483555778081	2.27400895247087
2.89896851317136	1.14156400888801
1.40274440558796	0.499243938315738
-0.55888165037327	0.146019049191659
1.38427899058231	0.491766401647725
1.72664583622157	0.514027439791968
3.2833312885705	1.46611990793056
1.75931610176333	0.733095429495076
1.01182301797473	0.458570752508632
3.26610537788351	1.45572874939348
0.169617488053181	0.0454102142983104
-0.0269785726336588	0.00916083061529311
0.222337753373248	0.0699047989989705
1.07039378304335	0.550732809265925
2.06162289070894	1.25278394879584
1.08486236230807	0.435238441596107
1.33854547575905	0.702549724710297
0.669547790070559	0.223855623975965
3.27618071303355	1.46153655074
0.234181565975846	0.0734295728679185
0.351436752432964	0.129411441682359
0.208130289751052	0.0445612068776082
0.893327858309595	0.258137021796653
1.39557961180183	0.496365775816694
1.76266616893112	0.735090202637704
2.90551789185603	1.14556900793857
1.78518862941079	0.74671530966739
1.71838037692335	0.512092496146657
3.26608991492401	1.45573646702542
1.07666701712925	0.431341675580183
2.04467669451144	1.23869068164978
0.894916799465727	0.258924013894673
2.07885463546249	0.990791062375455
2.37659817852811	1.27883941086168
2.71569062647849	2.18872196886459
2.09383725457669	1.00065411366166
3.83631930953674	2.07474114477956
3.27016636624633	1.45724800636443
2.90551789185603	1.14556900793857
0.683090437699776	0.228431766982679
0.921824610399643	0.265755741469354
0.671783008731121	0.224523528358971
4.32107480458646	2.78679265340444
0.165016980071288	0.0443593586963327
-0.567097066778424	0.148548092076695
0.683090437699776	0.228431766982679
2.90832288894759	1.14706883442003
2.07432344697303	0.98782080086047
2.91210871999862	1.14894462063688
1.75931610176333	0.733095429495076
1.38248601554662	0.491066536373935
-1.46556636079729	0.39889055417079
1.05797264199993	0.422795226730335
2.90832288894759	1.14706883442003
-0.55888165037327	0.146019049191659
0.360291418455361	0.132320384568482
2.91488688463889	1.15100414083562
2.68512645042133	1.62267413443494
0.92475506254294	0.51967177397311
0.646664355085335	0.247560855118348
3.25906560847611	1.45089113400716
2.45716616852698	0.843674766141773
1.38248601554662	0.491066536373935
2.91488688463889	1.15100414083562
3.82888864503241	2.06827257768011
1.04338303649042	0.53393153660766
1.63477220172447	0.976375333003682
3.56972479265114	1.76059839007616
3.81026925232628	2.05144697611463
4.06316971901694	2.39465083519056
1.31242230998231	0.685242172172004
2.45709514677168	0.843701380989689
3.26310413052701	1.45333946698961
3.25904938664935	1.45089842575752
2.44567166971443	0.839453219846175
1.0308066568242	0.468737753225888
2.90827841061733	1.14708003600027
0.906151326926563	0.261259737108879
-0.302038032953891	0.0897136938371857
0.153367966223417	0.0417663876642991
1.03026148760108	0.468312104745677
0.906151326926563	0.261259737108879
2.11029142487039	1.01085520013843
0.165098845749039	0.0443852773723253
1.63184041941282	0.975128178688073
1.02601066641946	0.466207143602038
0.901404731776287	0.260636052892095
2.3774533541414	1.27904313748579
1.73662313802231	0.928632586188861
1.75867970381511	0.944458890866346
1.72664583622157	0.514027439791968
0.23165195737863	0.0729064339081441
3.56644568989027	1.757536747449
1.34662371880378	0.707980748271237
4.31353717056887	2.77802826179291
1.78834670905836	1.30606501229056
4.07837990089331	2.41021264874367
3.25906560847611	1.45089113400716
1.37139984090011	0.724689842447986
2.9084201738213	2.54765581585332
1.72402871819241	0.513373825324747
1.7660718355889	0.736843404138436
2.39328071961987	1.29166277224094
1.40272851054165	0.499012480580187
1.38248601554662	0.491066536373935
3.26909842045239	1.45753652807612
3.57301180618074	1.76219924411501
1.76266616893112	0.735090202637704
2.6583093079781	1.59834980863449
0.222818394976474	0.0701508489024141
3.56226151463511	1.75365296814151
2.09035178211931	0.998526967079187
0.992595704586808	0.44864342352268
2.0904766040442	0.998607707037486
-0.321940142149101	0.095224525635294
4.098561918652	2.43225732606346
3.83301882980968	2.07184038545602
2.92153744995923	1.15407818465564
-0.298760378057541	0.088942138383077
0.175124314973247	0.046645304856595
1.38957458135007	0.493821378507415
0.659447121797904	0.252952229370645
0.199660581380647	0.0433122758858595
0.664536241269112	0.222347922046462
1.71838037692335	0.512092496146657
0.912597447073333	0.263157043298413
0.744682689097803	0.327911008180575
1.37543780329452	0.488077804570456
1.75061451146006	0.72922626546094
0.671867470784511	0.258104946812064
1.02176679014826	0.463685926588202
2.72983946912687	2.20923346863692
-2.71011261153659	0.959781838355434
1.09163408543576	0.437630647209745
1.75931610176333	0.733095429495076
1.76266616893112	0.735090202637704
0.673995039992328	0.225358656301781
1.11399421231997	0.640380964552315
1.4259418794304	0.666012200475077
1.06379239405887	0.425415712016981
4.30487563045761	2.76785370128329
0.205561737379768	0.0441838774146192
0.912597447073333	0.263157043298413
1.74105239452581	0.931428432461311
3.55895493620897	1.75203607094021
1.0446517870669	0.534499078314358
2.39775875299794	1.29587052514165
1.39026582301669	0.494298341784791
0.652144276386616	0.218007688159233
-0.869395233115735	0.336742784216045
2.92153744995923	1.15407818465564
3.56972479265114	1.76059839007616
2.48231485029536	1.82221253465496
0.694381051215851	0.232198533859577
-0.323074010778262	0.0954139790909065
0.395533418634937	0.145669058792656
1.03814546279984	0.530500287228086
2.28604805675634	1.5361892634302
1.06454430481469	0.425990450381811
2.8961521033801	1.91638335969978
0.902476879033505	0.260785195270642
0.651709844621715	0.250193436201578
3.25608093098774	1.44911407166836
0.665258491965858	0.255367481950873
1.08486236230807	0.435238441596107
0.652655956630487	0.250288646852804
-0.0872973155210957	0.0269491871818644
0.177097869981938	0.0470728244887579
0.650776487684859	0.25002507488124
2.3849000886837	1.28528461722794
1.42846065243411	0.668294015164211
1.77388619361697	0.741131703530167
0.359056935142741	0.131926992989767
0.910858892443621	0.262745945817241
0.915267467236802	0.263914073443303
0.489991698583947	0.208044575549123
2.37266970431778	1.2757494101701
0.782198781400951	0.431142850868936
1.9961930462385	1.19695567864367
2.92059889219239	1.9418202267254
1.80579418085932	1.32530719564851
1.62244811214338	0.96749234691598
-0.623891435697114	0.216208645967243
3.26610537788351	1.45572874939348
1.76602253904652	0.736460561645212
0.679811111125936	0.261593522253373
2.89896851317136	1.14156400888801
1.3801874459795	0.490172173913112
2.43961622041387	0.836769184993985
-0.60837524598806	0.210364610365835
2.12023960653696	1.5727533001519
-0.554009631260321	0.145198449870715
1.09322233121781	0.438784429633516
4.08721474117526	2.41953645011617
0.20471393630254	0.0440337263228802
4.72055897770544	3.54559431169427
4.0588318326328	2.39002452109041
1.08343277449304	0.43405914409849
1.77829806424928	0.742842282455695
1.04513047644423	0.534798305890364
1.76271459085892	0.735118738719892
0.195880525766074	0.0426453207559659
3.57073037834267	1.75931594813756
1.0825544293637	0.433671310884445
1.38725996190371	0.493134041662893
0.208130289751052	0.0445612068776082
2.02335209193761	1.22037557426958
3.26610537788351	1.45572874939348
1.41055818568837	0.657442236753343
0.914619300557244	0.26369561215826
-0.612695794036923	0.21217019076725
1.34258313490563	0.704968794883226
0.921537205702044	0.518664924385238
1.73675102856062	0.928220188314035
2.36896074937919	1.27246280975247
0.725612539355069	0.318238994897049
2.10088412493196	1.00543899628937
1.75689874560971	0.732131283191921
1.0671368633528	0.426658214795582
2.36049935998302	1.26574983535061
0.668312029895394	0.22336922808744
-1.46556636079729	0.39889055417079
2.62366274715256	1.56540868485671
1.76242152951975	0.946420419170808
2.90832288894759	1.14706883442003
0.218823686354721	0.0691716044437688
2.09396320894315	1.0011830226404
4.0475466982656	2.37737693998537
0.202395601323285	0.0643376426855766
2.45709514677168	0.843701380989689
0.912597447073333	0.263157043298413
2.54566880829285	1.8949939782768
1.70613389930462	0.90640300090699
2.44834859745442	0.840528199577986
1.42483250624676	0.665349095885143
2.02979381135282	1.22536310503481
1.34007131030383	0.786059438220184
2.90950229377963	1.93147688886953
0.74645663218317	0.329857654138381
0.222337753373248	0.0699047989989705
-1.39218884984795	0.517361767954646
0.390528637295414	0.143832984043526
1.3701735298738	0.486046373261376
1.6308526990326	0.973834408996086
0.682598544233423	0.228483971119609
4.74710161899374	3.58540380798431
1.77388619361697	0.741131703530167
-0.629553074151847	0.218136751742271
0.848901916577758	0.425430851464355
1.85424008195746	1.23193169151992
1.10921112793517	0.636286718324076
0.216669552420131	0.0682893939160796
2.06292142221342	0.980111830032735
-0.300675917806264	0.105819503852825
1.12489605195387	0.648452394174298
3.13360724001187	2.27233576480249
1.38248601554662	0.491066536373935
-0.565000228990759	0.147836672845567
1.59242941878132	0.942655999959359
2.90551789185603	1.14556900793857
2.91719489887023	1.9398846061972
3.71543947961118	3.4000806904242
3.12322783049227	2.26092578353139
1.41952821396956	0.66252437608521
2.39408016580545	1.29253918958529
3.35575918915219	2.65051643641227
1.71838037692335	0.512092496146657
4.29768280126282	2.75781238154611
2.92434064150852	1.15557468669485
-0.0371775593394583	0.0121493544360592
2.63677479850228	1.57798269649161
2.44834859745442	0.840528199577986
1.71838037692335	0.512092496146657
1.37980134392203	0.490495849580318
4.10258403023496	2.43635665098071
2.49522503784149	1.83776557595729
0.915267467236802	0.263914073443303
1.43698623809556	0.673034306643169
1.76266616893112	0.735090202637704
1.75694714586213	0.732159734378909
0.924519625006435	0.266522920108041
3.55899825992108	1.75207908437113
1.73316217748656	0.926132487631328
2.90494710920253	1.92475406954443
2.91493124431159	1.15099278421732
0.660085544099662	0.220849182949209
2.66214505879504	1.60174645901959
0.915318019020568	0.263922623604752
2.89061432932439	1.9110236842087
-1.39771197883631	0.519898839391122
0.187534552195979	0.0494421831048262
1.41040992324376	0.657186839785902
1.770513002613	0.73911521710779
1.7660718355889	0.736843404138436
2.41164434930726	1.30628256343185
2.91767215080868	1.15195328733466
0.187534552195979	0.0494421831048262
2.03140442979021	1.22788463464241
0.912597447073333	0.263157043298413
2.39246058058387	1.29172180294248
0.167714996663192	0.0449834543600603
0.906151326926563	0.261259737108879
0.16660660040007	0.0447200902841535
1.31622402822971	0.687481390253819
2.079926469737	0.991352559378612
-0.629521177195115	0.218184546878279
3.82888864503241	2.06827257768011
1.77046288364682	0.739085774074085
0.669721658391632	0.257557104300606
4.30457245787792	2.76622530287488
1.71838037692335	0.512092496146657
-2.21731210191502	0.682578012209152
0.187468605835015	0.04141071045087
1.87045819931995	1.24669255165235
1.75157325264744	0.72908452782451
0.369068525741944	0.135591963549716
0.669547790070559	0.223855623975965
-0.55888165037327	0.146019049191659
2.38496729232623	1.28493015648126
1.05559730292651	0.541642997948609
-0.302194401361676	0.0898991994770611
2.93152100001653	2.5808917224313
0.216669552420131	0.0682893939160796
3.55899825992108	1.75207908437113
0.205561737379768	0.0441838774146192
1.72665749194725	0.514015992250562
-0.109926233097663	0.0333896006396778
-0.0714190009700818	0.0227613999535243
2.26303160289361	1.51423878897225
0.234062289777695	0.0733937759263111
5.06059729168667	4.34780544090658
1.08268584750491	0.434131481875892
3.55899825992108	1.75207908437113
-1.39984472077785	0.520661123325473
-1.1636878000892	0.526187196280443
-0.841410173371026	0.325550889061364
1.41595240351364	0.660692101003323
3.25906560847611	1.45089113400716
-2.20452069372124	0.676749531450116
1.37543780329452	0.488077804570456
-2.20452069372124	0.676749531450116
2.66124989415192	1.59926657471635
2.92723943457006	1.15710072897931
3.55895493620897	1.75203607094021
1.07087125557068	0.551025340547034
0.921774163847151	0.265747233383473
2.37340745496539	1.27767573093996
0.187534552195979	0.0494421831048262
4.52025531680839	3.14926015469512
1.74733170633061	0.727786029291759
2.90832288894759	1.14706883442003
3.28941175437922	1.46860953231239
0.641448772466745	0.311689049462228
1.01054145376815	0.458032826864902
-0.567097066778424	0.148548092076695
1.7660718355889	0.736843404138436
1.74106252884557	0.932121141719904
2.39799105624758	1.29604173002723
2.68010618840275	1.61745059497385
3.26908338806269	1.45678296110119
0.672304031961959	0.258284674362663
1.07890679271251	0.432199101979189
1.59382408211656	0.94374705583687
0.911660611720513	0.263371621340662
3.83218329198527	2.0711829714689
1.4505252367256	0.680715491271584
0.664229390792417	0.221891790168857
3.56226151463511	1.75365296814151
1.74517822260114	0.934649996747706
0.204756590717357	0.0440408052662146
0.988622703969721	0.446074199646642
1.37978528414721	0.490494430759015
-0.575959266308268	0.150202913360021
-1.46556636079729	0.39889055417079
1.08486236230807	0.435238441596107
3.25904938664935	1.45089842575752
-2.69742047364421	0.954793958704405
0.924469195483338	0.266423091240108
0.177324465825582	0.0471342222202081
2.45713066693921	0.844016359639868
0.921774163847151	0.265747233383473
1.32921980051576	0.696280615715444
-0.0555817195260467	0.0179668382191444
1.01220074039773	0.458567661224701
1.7817391805359	0.745005111153672
0.177324465825582	0.0471342222202081
0.694431548999718	0.232314723385403
1.0989884724864	0.441265983723627
1.37543780329452	0.488077804570456
-0.288122920487252	0.0860808356526595
0.921824610399643	0.265755741469354
0.172141930104414	0.0459762515619496
0.653127654992872	0.250722339741329
1.35259702746403	0.87746807334832
1.75442285041653	0.941123465351415
1.38248601554662	0.491066536373935
1.01694162215078	0.461351454790982
-0.618283020082934	0.214212836140942
2.09617622581542	1.00254769667221
2.07885463546249	0.990791062375455
0.999329031783903	0.451464713840346
1.76979870906813	0.739327776814623
0.20471393630254	0.0440337263228802
1.770513002613	0.73911521710779
1.62010393733135	0.965151432448305
3.26908338806269	1.45678296110119
2.4483134540998	0.840541819013097
2.93127008994043	1.95316120733068
0.342406306780684	0.125866242966145
2.106645972142	1.00842100880927
3.24909639235388	1.44424220972449
4.28129806246568	2.73862359469149
1.06950553657557	0.427929560998139
3.55574281240124	1.74904562098681
0.671783008731121	0.224523528358971
-0.635268295008166	0.219943635816782
-1.05434667090414	0.338781426865916
0.527128172876612	0.225018876822251
2.45442904372326	0.842929862158112
1.4210472928817	0.663393200086933
1.02056512378373	0.463275095530499
2.09396320894315	1.0011830226404
2.90832288894759	1.14706883442003
1.40274440558796	0.499243938315738
-0.292596402803385	0.0873350320881933
0.214114052770545	0.0677903339911132
2.3783648831843	1.28107477670584
0.33537539873789	0.138548950438286
2.66772227961725	1.60598728612345
3.55895493620897	1.75203607094021
2.91210871999862	1.14894462063688
3.28638063920881	1.46778961483254
1.38248601554662	0.491066536373935
3.26909842045239	1.45753652807612
0.182273477751123	0.0405997709363184
3.2691134975973	1.45676655530423
3.84088248108533	2.07820442604645
2.3774533541414	1.27904313748579
3.28334481162405	1.46534615851461
2.45442904372326	0.842929862158112
0.199660581380647	0.0433122758858595
3.5483030024599	1.74351337995961
3.81015718911041	2.0513447425075
4.5171213445938	3.14510012779795
3.84806432828049	2.08586995435566
-0.575959266308268	0.150202913360021
-0.623416345250975	0.215572753799174
1.34218729035499	0.704704090798532
0.746145138340039	0.328925471814598
0.921824610399643	0.265755741469354
3.28028898843479	1.46347366776651
1.37560445721137	0.489062016487637
0.180334652339367	0.0478106473797875
-2.21257221902061	0.680354097619789
0.216669552420131	0.0682893939160796
-0.101100312640642	0.0307848911991537
0.652144276386616	0.218007688159233
0.921824610399643	0.265755741469354
1.44617732047646	0.678553302423544
3.57296496055713	1.76215685722717
0.741000771144127	0.32639052259146
1.43353329977211	0.670713487789622
1.0907534809609	0.43757620666106
1.60236849117702	0.951241392795901
3.25608093098774	1.44911407166836
0.342057708080356	0.125777415392511
1.76602253904652	0.736460561645212
3.84883840733919	2.08433989062418
0.223201732071382	0.070503569744536
1.03874535676648	0.47307606038338
0.216669552420131	0.0682893939160796
-1.05947814393474	0.340342479682109
-1.40325859652233	0.522285930698835
0.641408430113829	0.24552038682474
1.71838037692335	0.512092496146657
0.906246129417221	0.261736091583026
2.44567166971443	0.839453219846175
0.653383025399718	0.250726073024161
3.25904938664935	1.45089842575752
0.187468605835015	0.04141071045087
1.09429844663075	0.439203594030748
3.57731649091494	1.7652097714823
3.81015718911041	2.0513447425075
-0.314357396024965	0.110744724985416
-0.846333711055868	0.327751612710057
0.524433519154565	0.22398024300851
1.38957458135007	0.493821378507415
0.382115201499417	0.140583120260874
1.8907785513573	1.26630548713493
-0.0219918574134892	0.00785188033556824
-1.40325859652233	0.522285930698835
3.56972479265114	1.76059839007616
0.24231079990204	0.0758656666474767
1.74727066667551	0.727243316298516
1.39972857201292	0.49785287169011
1.76266616893112	0.735090202637704
2.4483134540998	0.840541819013097
0.915318019020568	0.263922623604752
-2.20131061198549	0.675574843790802
-1.3889460990053	0.515983166935664
0.199660581380647	0.0433122758858595
1.72402871819241	0.513373825324747
-0.298760378057541	0.088942138383077
0.667920601709208	0.223570234424993
0.371727583634246	0.137066756409826
0.20471393630254	0.0440337263228802
1.87555735560727	1.25187483551064
1.75495432576142	0.730816424365007
0.652755993289933	0.250737597562533
0.199558219150517	0.0634573546331824
1.76266616893112	0.735090202637704
0.662809315841008	0.254477784106707
2.45176958518949	0.841449769742287
1.73685969686651	0.928759931275441
2.51465765665943	1.86103580824367
1.35255349066554	0.712398347651588
1.36042349524834	0.717304730419693
0.908148649268101	0.26198445808125
1.33466400238418	0.699625384983236
-1.05139365222271	0.337625068809831
2.44567166971443	0.839453219846175
3.84806432828049	2.08586995435566
0.170184199651161	0.0455102597114768
1.08243041392435	0.433808481076357
0.675202385974488	0.225674647305293
1.40272851054165	0.499012480580187
1.43799849963348	0.672961429557471
2.90827841061733	1.14708003600027
3.81015718911041	2.0513447425075
1.81549324365862	1.33504667545616
0.334437453456796	0.123236587961759
2.4981068422023	2.21596430321958
1.38248601554662	0.491066536373935
2.43961622041387	0.836769184993985
0.252178896211674	0.0788385113424885
1.44107562091579	0.675674611029786
3.82548269471368	2.06552727960143
0.208112336569926	0.0661890223495037
2.90551789185603	1.14556900793857
2.10945501417892	1.00968388924851
0.339841885729301	0.140257170893255
-0.552335012199188	0.144678456612124
2.45442904372326	0.842929862158112
0.370592214626798	0.154132703851101
-0.321482185708758	0.0948890053982425
2.45709514677168	0.843701380989689
2.92153744995923	1.15407818465564
1.36944891199367	0.982244127213878
2.10191660741599	1.00581722578712
0.208088282973525	0.044554233682967
1.7603487585302	0.733554579370929
1.38248601554662	0.491066536373935
1.76525370557138	0.736652710479781
1.39258193627448	0.495197582069264
-3.35727860837058	1.46969064308611
1.4210472928817	0.663393200086933
-0.287911233633997	0.101776170153979
1.33680935430271	0.783205393258946
1.40276034595944	0.499015152970679
0.675202385974488	0.225674647305293
0.170184199651161	0.0455102597114768
1.76602253904652	0.736460561645212
1.09309362185995	0.438921243647383
2.10217307290226	1.00597885790096
-0.84450174624812	0.326249496674619
0.998687964103188	0.451355029767465
1.07075560863208	0.428284558919786
-0.313002170394554	0.109569445856771
-1.05139365222271	0.337625068809831
-1.46556636079729	0.39889055417079
0.172141930104414	0.0459762515619496
-0.00702182101427805	0.00285189467438923
1.62697647383327	0.970992857472249
1.0671368633528	0.426658214795582
0.373346927214343	0.137509405270366
0.208130289751052	0.0445612068776082
3.84336233679819	2.08062906074275
0.914619300557244	0.26369561215826
0.211028607210491	0.0667465111931749
2.44567166971443	0.839453219846175
3.82877106041862	2.06906516969353
1.75018823578813	0.938682908262115
-0.584371982640259	0.152318216814195
-1.03233123784742	0.434501787296804
0.218823686354721	0.0691716044437688
1.8134608501849	1.33438980150988
0.235446487732071	0.0949966868747522
2.36927837576054	1.27403122578934
-1.41562669324815	0.527684733113059
-0.0864333464683303	0.0268884438785971
0.910858892443621	0.262745945817241
0.861521197477639	0.433059500443205
-0.549588025379477	0.144138904810768
3.58484962097601	1.77085853613386
1.38727744289309	0.493135957861707
2.09408927735694	1.00081261564385
3.28635452349004	1.46676370017261
1.76266616893112	0.735090202637704
0.645214678485994	0.2470919343214
1.42483250624676	0.665349095885143
0.673034112376084	0.258391373123076
0.908924422609946	0.262601169518593
3.28638063920881	1.46778961483254
0.915267467236802	0.263914073443303
2.37659817852811	1.27883941086168
1.00752343551908	0.456355157309592
2.91767215080868	1.15195328733466
3.82888864503241	2.06827257768011
0.654280404310769	0.218918625752158
3.80690118981087	2.04849128299481
4.06669747864551	2.3982264284716
2.3905821369871	1.29045047851251
0.645426344181411	0.247178561350129
0.915318019020568	0.263922623604752
0.671783008731121	0.224523528358971
-0.584371982640259	0.152318216814195
2.90832288894759	1.14706883442003
0.164712869579257	0.0443121871062313
2.44567166971443	0.839453219846175
3.26909842045239	1.45753652807612
2.92434064150852	1.15557468669485
1.72628132335442	0.921568135523354
-0.278894434640236	0.0986465868379684
-1.0411155019997	0.334366938978704
1.60150612302181	0.949943939021576
-1.0615597697243	0.341093221319588
1.39258193627448	0.495197582069264
2.29526525111429	1.85508809915472
0.506729556639301	0.21541899660972
1.71838037692335	0.512092496146657
2.08357560902628	1.53213346289463
0.211288215871455	0.0669817276407092
-0.275734201939887	0.0826813184500592
1.38957458135007	0.493821378507415
2.39269390666486	1.2918935001636
-0.309427834477738	0.0916923572494599
1.37720610089078	0.4890227456012
1.76271459085892	0.735118738719892
0.675202385974488	0.225674647305293
1.37543780329452	0.488077804570456
3.57401945763771	1.76275547531171
1.38248601554662	0.491066536373935
1.72402871819241	0.513373825324747
2.65786743192087	1.59775909719382
-0.281260235296569	0.0842171949240455
0.149080703482571	0.052724054542667
1.40565480090895	0.6544913639592
0.651251948685186	0.249929644713011
1.3801874459795	0.490172173913112
1.77829806424928	0.742842282455695
0.188178366722201	0.0414674909431667
4.30487563045761	2.76785370128329
-0.0802225162510298	0.0253170697328077
2.01372072660299	1.21221312249665
1.08696413389759	0.435882187828599
1.43777745532278	0.673223104825915
0.248484862948329	0.0777355770399457
0.170184199651161	0.0455102597114768
0.915267467236802	0.263914073443303
-1.41225084227217	0.526212234537498
0.208130289751052	0.0445612068776082
0.199660581380647	0.0433122758858595
-0.549588025379477	0.144138904810768
2.45442904372326	0.842929862158112
-1.06383257360404	0.341981866655656
1.43781425162198	0.673413933292901
2.09084815016827	0.999016803548491
1.73619180385344	0.721781636069406
1.74444384328509	0.934020101728584
1.72392645491752	0.919536884643884
1.39557961180183	0.496365775816694
1.65178843086345	0.991443815587166
0.677379565658875	0.226586193321658
-0.084768860671723	0.0262777685176625
2.36419615625513	1.26864663417104
0.694431548999718	0.232314723385403
0.175124314973247	0.046645304856595
1.64348383307884	0.983862076196224
-0.304437349063416	0.0905078276399289
0.716296482079475	0.313551666416979
1.74190687102327	0.932068117543985
1.73685969686651	0.928759931275441
0.648956235283386	0.248762271034151
0.67742746445304	0.226603864627127
2.91771648568221	1.15252312484676
0.636766376419572	0.243768225638453
-0.552335012199188	0.144678456612124
1.38545837834875	0.492219504116298
-0.461168930712106	0.176813258211324
2.26855328056969	1.51734755224503
1.09404383086592	0.438821049656979
1.43584459208227	0.672317049856132
2.92438485477444	1.156147471729
3.58489902025754	1.77005362422264
1.73689703514082	0.928417968152844
1.09217443654416	0.624023980507592
2.2536516780505	1.50384077383072
0.673512078536643	0.259238999021576
2.92158168883162	1.15406672838897
2.07432344697303	0.98782080086047
1.75855320237693	0.733447204441515
2.4021399878559	1.2986419358101
1.77388619361697	0.741131703530167
0.208130289751052	0.0445612068776082
-0.593155888465376	0.246122386458576
0.157581581108027	0.0426992641424185
1.75931610176333	0.733095429495076
1.75157325264744	0.72908452782451
-1.15858475435913	0.522960376734215
1.58995228377054	0.940665591649599
2.43961622041387	0.836769184993985
-1.41775409261883	0.528669717214252
-0.0642756900903657	0.0204633609165601
1.32921980051576	0.696280615715444
2.10204478260656	1.00634877322488
1.07766968798574	0.431592807126866
2.09955184401788	1.00399953072378
0.208130289751052	0.0445612068776082
0.141407721346631	0.0508698132155503
-0.00404301323875514	0.00138268691251939
0.661766060998158	0.322921268525318
-0.618283020082934	0.214212836140942
1.07679128135453	0.431205681460047
1.06096745454881	0.544534830465106
-1.05139365222271	0.337625068809831
2.67932190695917	1.61651944938343
3.56321850271678	1.75430275733671
1.32941687348464	0.69644196347911
1.3681613404904	0.892878342945968
1.87362414913131	1.25039213029773
-0.549588025379477	0.144138904810768
2.4483134540998	0.840541819013097
4.51283743644588	3.13805371066307
-0.0664262007109938	0.0209721489186256
3.82548269471368	2.06552727960143
0.187468605835015	0.04141071045087
-1.84188030534642	0.828586869594206
1.39557961180183	0.496365775816694
1.34452669220367	0.789372630207851
0.648740963021142	0.248674017077133
2.08244330412006	0.993420529815253
2.10204478260656	1.00634877322488
0.659447121797904	0.252952229370645
1.74610926866454	0.935099837046173
0.845430805595899	0.42356295924584
1.39258193627448	0.495197582069264
0.894916799465727	0.258924013894673
3.83631930953674	2.07474114477956
2.64550795119319	1.58626039106991
0.906151326926563	0.261259737108879
2.93004562898717	1.95296079106363
-0.567585807840995	0.148008276225078
-1.05139365222271	0.337625068809831
1.00790539524525	0.456452481955561
0.190534411024281	0.0501047275306018
2.91874144340492	1.15180916074423
0.159084195499199	0.0430267803944521
1.77934020229914	0.743688664609217
-0.275687060281398	0.0826939690244633
0.675156152037975	0.22565754625012
-1.46754137571983	0.399241075338394
1.37543780329452	0.488077804570456
3.57726881742395	1.76601645158811
3.55899825992108	1.75207908437113
2.43961622041387	0.836769184993985
-1.05139365222271	0.337625068809831
1.4057837164765	0.50019805265816
2.45446436525245	0.842916202981294
0.912597447073333	0.263157043298413
3.55895493620897	1.75203607094021
2.89896851317136	1.14156400888801
1.72408117097841	0.919239630774709
3.25906560847611	1.45089113400716
-0.0878335929788924	0.0272435592356332
2.43961622041387	0.836769184993985
1.99680081431858	1.19671661898184
0.683090437699776	0.228431766982679
0.208356817890876	0.0662165220690649
2.37638300778663	1.27815906475142
1.38547624122001	0.492221548058075
-0.0758603148813156	0.023499754596803
-2.70163341573963	0.956867155200627
2.0134002232823	1.21089545088827
0.671268687509874	0.224622004345607
1.31424659810517	0.766180617119557
1.60568309993338	1.06421158416276
3.58383537604773	1.76983909623077
0.997607858510417	0.450920086029605
1.38574543378959	0.492858150197212
0.164712869579257	0.0443121871062313
-1.02590046752297	0.433524034132182
0.149283973378514	0.0531608432665186
3.2833312885705	1.46611990793056
0.912597447073333	0.263157043298413
1.0707599967962	0.428304191192394
1.76271459085892	0.735118738719892
3.84088248108533	2.07820442604645
0.635511580439922	0.2433599029714
3.56221723512204	1.7544607898084
0.22893468950324	0.0721090333031653
1.09404383086592	0.438821049656979
2.4483134540998	0.840541819013097
0.652144276386616	0.218007688159233
0.180334652339367	0.0478106473797875
-1.47559564657686	0.401361379112135
1.87309679440862	1.24902886145799
1.58294104883911	1.04389832417782
3.84011026469727	2.0775925472761
1.44508253351983	0.677691868059216
-2.69742047364421	0.954793958704405
1.10043195471693	0.629842366809311
1.74610926866454	0.935099837046173
0.170184199651161	0.0455102597114768
2.39881352463624	1.29599504142266
2.92153744995923	1.15407818465564
0.694431548999718	0.232314723385403
0.64883612891678	0.216979292213366
1.71838037692335	0.512092496146657
1.76612122420627	0.736517957467052
1.71838037692335	0.512092496146657
1.0707599967962	0.428304191192394
0.165016980071288	0.0443593586963327
0.911711426533657	0.263290287954357
2.08809621258249	0.997393156666143
1.76187945735624	0.734917482673091
4.07505074466954	2.40807780385221
2.08672526726354	0.996312528007242
-0.649230689026155	0.225009014571457
2.91874144340492	1.15180916074423
1.42483250624676	0.665349095885143
-0.459424989900967	0.176060709223457
1.76602253904652	0.736460561645212
0.217828099541191	0.0690754197013972
-0.298807819072265	0.0889558819091486
1.07314442330609	0.429735777855557
0.893327858309595	0.258137021796653
2.40641683213846	1.30198117251031
2.8961521033801	1.91638335969978
-1.40668531911987	0.523852792467749
2.90832288894759	1.14706883442003
1.40232298632683	0.652575218092519
-0.279103788614289	0.0836339313174652
2.45442904372326	0.842929862158112
2.38139112802631	1.28265319016193
0.237193930063127	0.074434076083313
0.676142808895879	0.259893176607517
3.14843935252053	2.28984532342171
1.06499912222052	0.425849705080265
0.915267467236802	0.263914073443303
2.08244330412006	0.993420529815253
1.89465748064338	1.27016078052521
1.40272851054165	0.499012480580187
1.7585049868166	0.944591840529712
-1.46556636079729	0.39889055417079
0.638299761689899	0.345544526712057
1.74383600982139	0.93377741301951
0.680868176988487	0.227670739902701
2.07657892848425	0.989648756453333
3.5483030024599	1.74351337995961
0.337567472176877	0.124736915514073
-0.314357396024965	0.110744724985416
0.664229390792417	0.221891790168857
1.09404383086592	0.438821049656979
1.05020696639482	0.537918720018455
0.399183888492015	0.146999133072593
-2.69742047364421	0.954793958704405
-0.29578813560486	0.0882116684839374
0.893327858309595	0.258137021796653
1.40862404516162	0.655840638535552
2.67095074898671	1.60917061762833
-1.04415041615715	0.335312917030539
2.65866526091802	1.59888141703952
0.674607750377633	0.225649879535187
0.664229390792417	0.221891790168857
1.71912851706839	0.916077139296786
1.06379239405887	0.425415712016981
0.985748090359626	0.444217018017581
2.0904766040442	0.998607707037486
2.90439059654974	1.92568553821082
1.73655392933207	0.928192447989861
-0.609158398920802	0.210864854245956
0.510795092486311	0.243477574951913
2.45713066693921	0.844016359639868
1.7369501320558	0.929214805936707
0.65067547091954	0.249219645281051
3.56221723512204	1.7544607898084
0.205561737379768	0.0441838774146192
-0.884346624891635	0.342493107681447
0.658526731390681	0.220060854684016
2.90201658280636	2.5397573004214
0.671217910650184	0.224603448239011
2.65398355498806	1.5929084835267
0.199660581380647	0.0433122758858595
-1.27622764442278	0.609721076045457
-0.617573923622581	0.213728116537491
1.4424893859302	0.676274603130805
2.27587605775066	1.52528299140019
1.38545837834875	0.492219504116298
1.37720610089078	0.4890227456012
0.157581581108027	0.0426992641424185
1.42995310156073	0.668663911451575
1.72665749194725	0.514015992250562
3.84088248108533	2.07820442604645
0.375487571934854	0.138357642602829
0.674607750377633	0.225649879535187
3.27619497272584	1.46229178166629
3.27619497272584	1.46229178166629
2.91493124431159	1.15099278421732
-1.46556636079729	0.39889055417079
-1.05659799733909	0.339660053110494
2.40296476772926	1.29938736189749
0.662209832213597	0.254471510064149
0.671217910650184	0.224603448239011
0.347623997993285	0.128566984776714
2.38511814817332	1.28596893426868
2.08005047323412	0.991876342394343
2.38117453679347	1.28248496189046
0.167697313889314	0.0449797086311484
3.56644568989027	1.757536747449
1.7772657725191	0.742520128546194
0.854211346009377	0.428810714012299
0.686059254681706	0.336749224990435
0.143635861823518	0.0510117327440381
0.205561737379768	0.0441838774146192
2.91488688463889	1.15100414083562
1.74386805742768	0.724791639516812
2.89987370903828	1.9203680881293
2.65321290581544	1.59307941907139
1.07272685870449	0.429711556197851
-1.05139365222271	0.337625068809831
2.91767215080868	1.15195328733466
1.45008047050535	0.680920797716085
0.912597447073333	0.263157043298413
1.39972857201292	0.49785287169011
1.07984410829745	0.432669977191568
1.83317038841068	1.21108220551737
0.355134265595573	0.13038126820832
1.71838037692335	0.512092496146657
0.36729168831616	0.135259739864737
-0.0640587966295483	0.0205326002736941
0.912597447073333	0.263157043298413
3.57296496055713	1.76215685722717
-0.310376088495806	0.109483674508966
0.146859905811076	0.052024875530136
0.897578623663865	0.259675397379677
2.11386485793166	1.01363216414761
1.62083748708525	0.966312968481411
-0.612695794036923	0.21217019076725
3.2691134975973	1.45676655530423
2.37894845105925	1.28047380337038
2.64167658045706	1.58200939208568
2.0904766040442	0.998607707037486
3.58480031521524	1.76996218225702
2.37659817852811	1.27883941086168
1.4057837164765	0.50019805265816
1.0785787890998	0.556411459514331
2.43961622041387	0.836769184993985
-1.0566503364934	0.448486924628767
1.38545837834875	0.492219504116298
-1.05646570561747	0.339422980870141
0.532452114300675	0.227379132526906
1.770513002613	0.73911521710779
-0.298760378057541	0.088942138383077
3.28638063920881	1.46778961483254
1.37543780329452	0.488077804570456
1.07041917732086	0.428827833808888
0.355682402082732	0.130955431663695
-0.314027207243201	0.093045575987002
3.26909842045239	1.45753652807612
0.165016980071288	0.0443593586963327
0.196315155888877	0.0427978646049216
-1.07903193114264	0.34717495290454
0.208130289751052	0.0445612068776082
-0.286974240436354	0.0857853046400139
2.74435681201999	2.22733349982153
1.05328310334829	0.420345282403066
1.39258193627448	0.495197582069264
1.75490758178519	0.730788790484642
2.03503811274897	1.22934378239644
3.27316965466308	1.45987901225535
-0.0019737630070824	0.00121035323566852
2.09396320894315	1.0011830226404
1.73594502552227	0.928224940282016
-0.0725807930709564	0.023050966952129
-2.69742047364421	0.954793958704405
1.37543780329452	0.488077804570456
2.90456708202431	1.92537489990463
1.72665749194725	0.514015992250562
1.7817391805359	0.745005111153672
4.28824877484327	2.7467871408357
1.38248601554662	0.491066536373935
0.915318019020568	0.263922623604752
0.196315155888877	0.0427978646049216
1.43227090562504	0.670272548642454
1.08230651158364	0.433558668659745
1.76612122420627	0.736517957467052
1.08473600195501	0.434986922849175
3.57296496055713	1.76215685722717
-0.625986771297109	0.216868622583734
3.83984476003256	2.07857397651817
-0.296648866057524	0.104622259140259
0.187516582106475	0.0494383766804619
0.363966079594038	0.13418135897518
2.38854090411063	1.28873292323228
0.924519625006435	0.266522920108041
2.6407650328561	1.58171573895172
0.668253060497654	0.256615006388286
2.0904766040442	0.998607707037486
2.66299352967078	1.60193366511686
2.91488688463889	1.15100414083562
0.663481936678235	0.254525794395999
1.38274803685612	0.491704896267885
-0.0113376424536379	0.00398878527652878
2.92158168883162	1.15406672838897
0.683090437699776	0.228431766982679
3.56217304695275	1.75356860451488
1.36551843575092	0.484955838575038
4.28824877484327	2.7467871408357
-0.292562777536825	0.0873256919566233
3.25906560847611	1.45089113400716
0.912597447073333	0.263157043298413
0.863840806785769	0.536978794216325
-0.0104384352490366	0.00326043408992889
1.37260374681986	0.487696492713787
0.983602852261126	0.443462247415806
2.01853272669223	1.21636289267992
1.1823964495211	0.759607366351963
3.56649069111218	1.75758098854351
2.0362422769297	1.23141984667359
1.36972296309591	0.486388383733701
1.4289658546157	0.668429229083403
1.05904170564614	0.42278740114866
0.177324465825582	0.0471342222202081
0.205304778479139	0.0651182170575631
0.187516582106475	0.0494383766804619
1.80981680641098	1.32877516608547
0.184506730859797	0.0487417923755395
0.746964451707232	0.329565170682631
1.05279306957525	0.539959324311492
0.71674244571556	0.314175370341531
1.38248601554662	0.491066536373935
1.74190687102327	0.932068117543985
0.555029462191849	0.238463433059195
4.50924409614051	3.13314533483275
1.4465301221902	0.678599887640241
2.25856978660943	1.50880624947774
1.00752343551908	0.456355157309592
2.38139112802631	1.28265319016193
1.40728271226433	0.655352438677983
1.0754122848636	0.430594908571562
2.00644264715794	1.62825274280493
0.679653114219625	0.227181883175313
-1.05646570561747	0.339422980870141
2.45709514677168	0.843701380989689
0.359700398495367	0.132015671206623
1.99946822363422	1.19933111233309
1.34361101903768	0.706261356176028
1.99946822363422	1.19933111233309
1.07526712720017	0.430388498097968
0.170359748909934	0.0598745444880195
1.39258193627448	0.495197582069264
2.37778172386471	1.27991181418062
2.27619618914166	1.52690836002384
2.41498442054321	1.30869054133799
0.159960203721398	0.0566025090729755
1.09050114756657	0.437461242160714
1.37543780329452	0.488077804570456
0.6632665028763	0.254542872386415
0.175143411457113	0.0466493667011835
2.38139112802631	1.28265319016193
0.190551949951808	0.0501236937756434
2.08461067139766	0.994824464533218
3.26610537788351	1.45572874939348
-0.620969894100123	0.215116746351169
3.26310413052701	1.45333946698961
3.57397276002055	1.76270999054685
1.71838037692335	0.512092496146657
3.26608991492401	1.45573646702542
2.44834859745442	0.840528199577986
2.09396320894315	1.0011830226404
2.08599448943751	0.995909696378164
3.82888864503241	2.06827257768011
-3.06639739603196	1.22806237039513
2.44834859745442	0.840528199577986
0.915267467236802	0.263914073443303
2.91771648568221	1.15252312484676
2.91493124431159	1.15099278421732
1.72665749194725	0.514015992250562
2.5077742852912	1.8526500742633
0.224865135253605	0.0707281274482377
0.199660581380647	0.0433122758858595
-1.46556636079729	0.39889055417079
0.662432995041472	0.254457734350914
0.640161690077788	0.245038673426509
1.39743118124806	0.496937284613024
1.39559632674966	0.496139071198923
-1.67970944628328	0.698014324070698
2.08017458981791	0.99150793962923
0.170184199651161	0.0455102597114768
0.667084594657874	0.256236793609392
1.40044521977271	0.498114316228894
4.33342953958101	2.80088276244434
2.09254930337759	0.999761132883569
-2.20131061198549	0.675574843790802
-1.41442295489656	0.52678718501225
-0.137687208809421	0.0569502908787296
0.893327858309595	0.258137021796653
-0.0766106949079694	0.0242313820543097
0.219858915413248	0.0694321986796394
1.38993259641355	0.494291486970406
0.177324465825582	0.0471342222202081
1.05639730571349	0.422117858086805
0.234490247688083	0.0735931599845487
2.07087125864236	0.985611875361845
3.35230256830129	2.64540107159159
1.38248601554662	0.491066536373935
1.39724536743972	0.6496184128835
0.354813349138728	0.147221078565105
1.76187945735624	0.734917482673091
0.67584655782551	0.226191449456126
-0.310440637621948	0.109853841010634
-0.563224434073156	0.1470595732283
1.01460768153826	0.460354119535386
1.37260374681986	0.487696492713787
0.193364634888779	0.0422782569669119
2.02215033918206	1.21983500076394
2.08687180288968	0.995840966043941
0.172141930104414	0.0459762515619496
1.6286283787887	0.972388141015052
-0.058752196530869	0.019096296674455
1.72665749194725	0.514015992250562
1.41595240351364	0.660692101003323
-0.286974240436354	0.0857853046400139
0.177324465825582	0.0471342222202081
0.901720616063008	0.260095467165507
0.205561737379768	0.0441838774146192
2.89896851317136	1.14156400888801
0.663868289411756	0.221871614316916
-0.0875782020231414	0.0264845094562288
0.522247835898769	0.222887310907594
2.43961622041387	0.836769184993985
-0.288122920487252	0.0860808356526595
3.82113528346696	2.06170072700775
2.08232066777183	0.993341385977143
0.672944553691249	0.367286020372168
1.63332790602891	0.976680214642124
2.11356539200158	1.01282305364808
2.91493124431159	1.15099278421732
1.38248601554662	0.491066536373935
2.25051936323938	1.50113693912844
-0.0854253533101329	0.0267988582723328
3.26608991492401	1.45573646702542
0.994704090404642	0.449186512877228
1.37270495641498	0.487535927805456
0.915267467236802	0.263914073443303
1.32803697146015	0.776767210936295
0.187516582106475	0.0494383766804619
0.686536055887006	0.229501764539986
1.76468686526107	0.736114525646435
0.680312838123447	0.227629633481105
1.05160629515024	0.539019994316065
-0.0696825216700305	0.0219948754416967
-0.275734201939887	0.0826813184500592
0.899765603237419	0.260024823460973
-1.04347459266136	0.440911415185331
0.15353234419158	0.0542517463126328
-0.0400851372500877	0.0122137600097015
0.662209832213597	0.254471510064149
0.199660581380647	0.0433122758858595
0.636136925528321	0.243381819840761
-1.05139365222271	0.337625068809831
1.42868079716688	0.66813775534074
3.26909842045239	1.45753652807612
-0.111895376535991	0.0335545830408659
1.08268584750491	0.434131481875892
2.45442904372326	0.842929862158112
0.233097360284084	0.0731580454687324
2.0904766040442	0.998607707037486
1.76623505407525	0.736945666463764
1.07948429508115	0.556954066104918
3.15004726158282	2.293251762602
1.00348389677134	0.454257906265638
3.56967891771929	1.75970398327778
1.63010919717642	0.973392440478769
1.3899474343491	0.49452024011659
2.27535951748627	1.52606938290564
1.41974529476715	0.662928111593825
2.02269827780453	1.22003011550955
3.57401945763771	1.76275547531171
3.54089877124993	1.73733876254696
-0.305505227904092	0.0907462943740742
2.90827841061733	1.14708003600027
0.919086224093982	0.264875597201778
0.937082275482269	0.528489735378165
0.373375547216169	0.137337476247713
2.0705747055511	0.986092746616335
-0.299868044148468	0.0892136598091568
-0.587648898979534	0.243529531474542
-0.87005150582828	0.3376097166185
2.92611708378369	1.94891774063172
0.234181565975846	0.0734295728679185
-0.310425602581195	0.109298315755909
0.718162317484281	0.314837650984302
-1.02981999907847	0.435652469812952
1.0610925159915	0.545095731111325
2.44567166971443	0.839453219846175
3.26310413052701	1.45333946698961
3.27316965466308	1.45987901225535
2.38511814817332	1.28596893426868
1.56546031845609	1.02777618104073
1.08243041392435	0.433808481076357
1.62460210307028	0.969155556699627
-0.565000228990759	0.147836672845567
1.7241549132172	0.919390132730177
1.7629656340286	0.735506719174566
0.732706619180431	0.322407297689279
1.76271459085892	0.735118738719892
1.32969852400425	0.696873020033743
0.731714575413789	0.32161589922988
2.09035178211931	0.998526967079187
2.11210472876445	1.01225960890849
-0.838704793087215	0.324208453999778
1.34654089993343	0.791167933119334
0.199576422573671	0.0635371826812609
1.07914588426441	0.432705181035229
3.27921340058014	1.46335938453018
2.90847567911204	1.93003494993036
0.24231079990204	0.0758656666474767
2.26775771432169	1.51802684085583
1.6160841917653	0.961486359006967
3.83971221680005	2.07723275779155
-0.337347320366378	0.0993475976670281
-0.567097066778424	0.148548092076695
1.43698623809556	0.673034306643169
1.45076081053421	0.680743860904347
-0.888580344686864	0.344479501998205
2.43961622041387	0.836769184993985
1.39972857201292	0.49785287169011
2.44567166971443	0.839453219846175
-0.549638443779565	0.144154566527545
3.27921340058014	1.46335938453018
2.45446436525245	0.842916202981294
-1.46754137571983	0.399241075338394
0.193364634888779	0.0422782569669119
2.37206129015342	1.27484344431999
0.636671974525404	0.243994364632164
2.41034036163311	1.30574194741181
0.675226496890941	0.259848871757676
2.44834859745442	0.840528199577986
1.40274440558796	0.499243938315738
2.36046100661218	1.26702750642379
0.644302453417526	0.247074746027704
1.01205097344981	0.458722805237822
-0.865328582962853	0.335897198478452
2.10191660741599	1.00581722578712
3.26908338806269	1.45678296110119
-1.06383257360404	0.341981866655656
1.07878401387793	0.432142860294847
0.811322115977353	0.403001602851476
1.07907383975337	0.432416030483269
-1.05659799733909	0.339660053110494
1.39670390964941	0.496388528960776
0.656743784508889	0.252204357470012
0.915318019020568	0.263922623604752
0.901720616063008	0.260095467165507
0.636096206722556	0.244036679595994
-0.567585807840995	0.148008276225078
0.906151326926563	0.261259737108879
-0.00622039607509653	0.00265217891325038
2.45176958518949	0.841449769742287
1.89894600034437	1.27470775507628
2.1055510446396	1.00849917927828
1.74579979567988	0.935242340465103
0.19274501489834	0.0620109078302862
0.222818394976474	0.0701508489024141
0.342643408994752	0.126151100703761
4.06337808399324	2.39487276857805
3.57301180618074	1.76219924411501
0.352057218441557	0.146503421986993
0.734959654728736	0.322918534376002
0.664229390792417	0.221891790168857
1.41573678374435	0.660567110587147
1.35987081525016	0.800857079578366
1.05245013115455	0.539156125710699
1.06730544773054	0.427159838008875
0.199576422573671	0.0635371826812609
2.02178851761359	1.21906907296871
2.0904766040442	0.998607707037486
1.03419110320576	0.470459691068501
1.41726659844458	0.660960101131576
0.369110869322808	0.135732432030217
1.00572986951301	0.455423662549695
2.38139112802631	1.28265319016193
0.208088282973525	0.044554233682967
-1.84653246538365	0.830998508081067
1.08717473823069	0.435835979466943
1.73812273916778	0.721866423643434
1.38957458135007	0.493821378507415
-3.07363135527025	1.23229142505553
-3.75065177243744	1.83477734379736
-0.279150056929458	0.0836472229614302
0.169600196242023	0.0454065550737327
0.745473087119097	0.328782898195351
1.07302139668997	0.429679533268468
0.20774976193013	0.0658721649496439
0.174906014150012	0.0466047565088505
0.193364634888779	0.0422782569669119
-0.0216820784068926	0.00696916453574633
0.654209398021155	0.250907487224688
1.38727744289309	0.493135957861707
1.90521601583062	1.27983669156464
1.43375255646066	0.671122061469069
3.57397276002055	1.76270999054685
1.43353329977211	0.670713487789622
2.62734444225703	1.56954983367029
2.92438485477444	1.156147471729
3.55150019255635	1.74586834583851
-1.05646570561747	0.339422980870141
2.67184830540743	1.61040694046469
-0.55888165037327	0.146019049191659
1.01730081995895	0.461153737411094
0.694431548999718	0.232314723385403
-0.310646750077994	0.0920983537713622
1.00361197916689	0.454244270770272
1.75694714586213	0.732159734378909
0.98144183232128	0.442281801703467
-1.40535664263192	0.523201833324806
3.58052429827243	1.76820988967439
-0.612695794036923	0.21217019076725
2.91238691129072	1.93361818204921
1.0671368633528	0.426658214795582
1.01875368577317	0.462436387366231
0.915318019020568	0.263922623604752
-0.0864333464683303	0.0268884438785971
0.906151326926563	0.261259737108879
1.72664583622157	0.514027439791968
1.75931610176333	0.733095429495076
3.56226151463511	1.75365296814151
-1.02590046752297	0.433524034132182
1.08230651158364	0.433558668659745
0.910807770799633	0.262737230399533
1.72664583622157	0.514027439791968
1.76271459085892	0.735118738719892
-1.05778778260541	0.340151551701162
1.39556294187099	0.496135793832498
0.224865135253605	0.0707281274482377
0.853308067549873	0.42846136209997
2.93371501535138	2.58685726084613
0.172141930104414	0.0459762515619496
-0.553958654260902	0.145182611160989
-0.652214505567276	0.226033557913046
1.74510423425748	0.935047886853401
1.8907785513573	1.26630548713493
2.10429077012871	1.00741336446237
1.59380084547456	1.05300696308597
0.23466335151464	0.0737583149910333
-0.290172480232866	0.0866608763690696
-0.032539783949773	0.0103177585414772
1.01271323848205	0.458880200847508
3.27318434966019	1.45987088217078
2.95723653130942	1.98123740043842
1.75355367060485	0.730143785985324
0.149929148823993	0.053057272523492
1.04261802403451	0.532936466523051
1.44858586153701	0.680291786819876
1.32517878023569	0.693290769937281
1.07314442330609	0.429735777855557
1.8191874439193	1.33968669169466
1.00369240608405	0.454048830224718
1.32011598074587	0.689935993178846
1.02523593598262	0.64928218841477
3.26310413052701	1.45333946698961
2.38139112802631	1.28265319016193
1.72628132335442	0.921568135523354
1.42412608774303	0.665588155066225
-0.293014582007168	0.0873418514259804
-0.55888165037327	0.146019049191659
-0.287632130623891	0.101712089491249
1.59849018465902	0.948499799388457
2.64056031200289	1.58088552072771
-1.41853336896586	0.528712630574096
2.09084815016827	0.999016803548491
2.00344651425533	1.20275923897249
1.38727744289309	0.493135957861707
2.91488688463889	1.15100414083562
1.33211462170592	0.698293778725646
2.36896074937919	1.27246280975247
0.526563905209938	0.224975213188817
-0.0706999694701187	0.0222255049169621
1.04342285990208	0.475332852827654
-0.308978324329468	0.0917900248118583
1.39370527428005	0.648030627977459
2.667728436109	2.58600879044054
2.04263715853217	1.23549368005455
1.75986230833246	1.41714137261219
2.39509029667649	1.29466155690915
0.190551949951808	0.0501236937756434
0.236638685464468	0.074232976377494
0.915318019020568	0.263922623604752
2.56001088498655	1.91195653870849
1.70197405337097	0.903435590427102
1.77627645842851	0.956640530197893
0.146367784607274	0.0402217543062658
4.27328296708526	2.72893487859613
1.72664583622157	0.514027439791968
2.89896851317136	1.14156400888801
1.75355367060485	0.730143785985324
1.37560445721137	0.489062016487637
1.17086534763202	0.749888149384884
1.73812273916778	0.721866423643434
4.52422167022736	3.15456305850565
1.39256483421105	0.495195831360944
2.44567166971443	0.839453219846175
0.20471393630254	0.0440337263228802
0.671739511165946	0.224608657118817
2.90832288894759	1.14706883442003
2.45713066693921	0.844016359639868
2.10568048526768	1.0085784085268
0.208130289751052	0.0445612068776082
0.163508956262119	0.044048271796309
-0.319071654216552	0.0944868483308013
0.679653114219625	0.227181883175313
3.25904938664935	1.45089842575752
2.08244330412006	0.993420529815253
0.213458642344445	0.0674065916569276
4.07505074466954	2.40807780385221
3.27618071303355	1.46153655074
1.42412608774303	0.665588155066225
3.26610537788351	1.45572874939348
1.72664583622157	0.514027439791968
2.6539443488454	1.59370616055031
1.34299913675202	0.705834239172076
0.718232647554378	0.314743414137616
1.0164080608921	0.460842950393706
0.369401485583896	0.135737448073043
-1.66552976019958	0.69183410434208
0.187534552195979	0.0494421831048262
-0.55888165037327	0.146019049191659
0.205561737379768	0.0441838774146192
1.00788865366838	0.457074517994467
2.45716616852698	0.843674766141773
1.77829806424928	0.742842282455695
2.91493124431159	1.15099278421732
2.91493124431159	1.15099278421732
2.3774533541414	1.27904313748579
1.13850167926004	0.658304614738813
2.04467669451144	1.23869068164978
2.079926469737	0.991352559378612
2.36233611964768	1.26811155660569
3.58489902025754	1.77005362422264
2.07602502174548	0.989872195749746
-1.40789505573932	0.524052581176505
1.74733170633061	0.727786029291759
-0.475616208394546	0.1833180891478
0.672085675093466	0.258301788788476
-0.62911400726838	0.217642117633131
-0.606300971628515	0.209828914650814
1.71838037692335	0.512092496146657
0.679653114219625	0.227181883175313
3.52800296273797	2.9937656464669
0.681160774189803	0.261939137236114
0.158183786820718	0.0428514673082041
1.3257951875372	0.694240931214613
0.656048033858116	0.251913887159618
1.75355367060485	0.730143785985324
-1.46556636079729	0.39889055417079
3.25904938664935	1.45089842575752
0.683042523889567	0.228414048266896
1.39670390964941	0.496388528960776
-0.0548120384712905	0.0179162878811802
0.921774163847151	0.265747233383473
-1.47559564657686	0.401361379112135
1.77594950607652	0.742014795788623
2.44567166971443	0.839453219846175
1.08696413389759	0.435882187828599
0.382202668623931	0.140792638757069
-0.269718981916379	0.0953601496179348
0.716619766436969	0.313864000888189
-1.05777042850809	0.34014254796271
-3.3588196552632	1.47115485552605
0.660848995370529	0.253914453399288
1.37720610089078	0.4890227456012
-0.0515057021744695	0.0167843433991379
1.39256483421105	0.495195831360944
2.00925585798543	1.2077626908255
1.03419110320576	0.470459691068501
-0.615602672331853	0.2129447371743
1.76468686526107	0.736114525646435
1.02151806043174	0.463623462894146
1.07302139668997	0.429679533268468
2.64167658045706	1.58200939208568
1.74631539382128	0.935888943249532
0.205561737379768	0.0441838774146192
2.36069211326752	1.26720719659909
1.13612990914831	0.656997851111898
1.32960841203233	0.696499845872265
-2.70163341573963	0.956867155200627
0.67742746445304	0.226603864627127
0.683090437699776	0.228431766982679
0.199660581380647	0.0433122758858595
4.68540241253228	3.49327927181619
0.14808453252593	0.0405844790881874
3.5806215145737	1.76713572499057
1.38547624122001	0.492221548058075
2.44834859745442	0.840528199577986
2.08603978072526	0.995282816306971
1.38545837834875	0.492219504116298
0.697954371514853	0.2332827748051
1.73182251703755	0.924746467001994
0.655115207563023	0.251730984616691
1.08015430061288	0.432627483366324
0.915267467236802	0.263914073443303
0.901720616063008	0.260095467165507
0.177324465825582	0.0471342222202081
0.677379565658875	0.226586193321658
-3.08375289604109	1.23769189540263
-0.565000228990759	0.147836672845567
2.44834859745442	0.840528199577986
2.243201291722	1.49371424154502
1.77046288364682	0.739085774074085
0.340473675719496	0.14094403830971
2.44834859745442	0.840528199577986
2.39408016580545	1.29253918958529
2.08802096312076	1.53724778630813
0.378176000049373	0.139039095603097
1.41441426569347	0.659992136555661
0.697851317320155	0.233378401193421
-0.270551888985136	0.0956016690846386
2.09307760781536	1.54275952339224
2.39767651973771	1.29524145201207
2.36049935998302	1.26574983535061
2.08603978072526	0.995282816306971
1.38248601554662	0.491066536373935
1.38957458135007	0.493821378507415
-1.68815736432697	0.703380112663273
3.81774587035387	2.05871471298175
0.69790279773561	0.233397477907166
2.90853950834836	2.55011882544063
-0.576382344846406	0.15043977920911
0.752853144037373	0.332195535197963
3.26310413052701	1.45333946698961
1.75694714586213	0.732159734378909
-0.00702182101427805	0.00285189467438923
2.45713066693921	0.844016359639868
2.29665688051796	1.54828605912625
3.83218329198527	2.0711829714689
1.35191422842833	0.711183334344786
-0.269718981916379	0.0953601496179348
2.01738724175215	1.21417757517439
1.76612122420627	0.736517957467052
0.355429818438752	0.130490879405021
1.56519850136978	1.13605187051365
-0.325304489601061	0.0961291754962823
2.38139112802631	1.28265319016193
3.56649069111218	1.75758098854351
1.06793448118631	0.427341153795319
1.76187945735624	0.734917482673091
2.41057743172478	1.30569595309331
3.80690118981087	2.04849128299481
-0.0112065952351936	0.0042807454503548
-0.045801651774563	0.0153759545680933
0.926522316830476	0.521162936591751
1.08487764190008	0.55991276049675
-0.317318420724087	0.0938320083453341
2.0764560468415	0.989569623450032
1.0989884724864	0.441265983723627
0.915318019020568	0.263922623604752
2.17287640225696	1.93615655238229
3.57397276002055	1.76270999054685
1.32819902699641	0.777071031344614
0.667834514187836	0.223379760188729
0.205561737379768	0.0441838774146192
2.10919347211913	1.01040883592747
0.673995039992328	0.225358656301781
0.906151326926563	0.261259737108879
2.90832288894759	1.14706883442003
1.7506657784623	0.729256008965406
2.0904766040442	0.998607707037486
0.650917332266178	0.217796686412184
0.92457006190404	0.266440401880801
0.906151326926563	0.261259737108879
2.06500925399368	0.981858296271072
3.27619497272584	1.46229178166629
2.92723943457006	1.15710072897931
2.3774533541414	1.27904313748579
1.4057837164765	0.50019805265816
2.92719523940039	1.15711191350553
0.915267467236802	0.263914073443303
1.76271459085892	0.735118738719892
1.72402871819241	0.513373825324747
2.09981111199539	1.00477269263545
0.930873228057552	0.52432228704739
0.683042523889567	0.228414048266896
-0.0921867643262141	0.0284939478020203
-3.57676099019115	1.6687691929114
-2.20131061198549	0.675574843790802
0.346892831149347	0.127777949873967
0.716296482079475	0.313551666416979
0.205561737379768	0.0441838774146192
0.351215210500736	0.128908929818625
1.02056512378373	0.463275095530499
0.994794637446828	0.449537076039455
0.172141930104414	0.0459762515619496
-0.455251909430965	0.175712668337717
1.07840166714647	0.613956977119926
1.07088000800609	0.428531581319754
1.4210472928817	0.663393200086933
2.89130854291821	1.91125909346463
1.02407438098744	0.4654946329264
-1.40006092344507	0.520919163563197
-0.463061689306983	0.178656013755363
2.03119027002893	1.22736806038015
1.74727066667551	0.727243316298516
1.39556294187099	0.496135793832498
0.999329031783903	0.451464713840346
1.60857476031709	0.956196564501391
2.92438485477444	1.156147471729
-2.20131061198549	0.675574843790802
0.337090397950004	0.139557301981019
-0.31004362571058	0.0920129329993573
0.999329031783903	0.451464713840346
-1.40109811291681	0.52130914324694
0.994350917746423	0.449346758439092
0.163143844098422	0.0574541395732083
0.912597447073333	0.263157043298413
0.669501572235949	0.223838569535414
-0.580838694031191	0.151471159910401
0.749252515989337	0.330515198562903
0.24231079990204	0.0758656666474767
0.683042523889567	0.228414048266896
1.43569969620302	0.672429115989334
-1.3690978397186	0.683318866126135
-0.286974240436354	0.0857853046400139
-1.6710962626802	0.694929411934031
1.90574445172143	1.28117588784936
-1.41645084217475	0.527905262240427
0.734076447157006	0.322594536869492
0.657659253623636	0.219974557705683
1.76602253904652	0.736460561645212
1.39439163408924	0.495778972801822
-0.620238466663605	0.214851762811727
1.03480847072742	0.47078573360987
0.166936128032523	0.0447866169980702
1.34793274048301	0.708892277170507
0.919980403266708	0.265234439804273
2.39245512601548	1.29154083940352
1.74517822260114	0.934649996747706
-0.0714190009700818	0.0227613999535243
2.91767215080868	1.15195328733466
2.66294924068081	1.60179899374564
1.4057837164765	0.50019805265816
1.38547624122001	0.492221548058075
2.66278613463672	1.60150981090342
0.385926040491407	0.142055669962391
2.09396320894315	1.0011830226404
4.08677857314321	2.42036773779401
1.74995747299123	0.93747502714101
0.636766376419572	0.243768225638453
-0.282559343150603	0.0845547776661205
0.66420986045487	0.254815054088412
-0.321940142149101	0.095224525635294
-1.05139365222271	0.337625068809831
1.07017185895593	0.551086978430232
-1.07903193114264	0.34717495290454
0.663481936678235	0.254525794395999
1.85805370189689	1.2349902830968
0.750089795401311	0.331081791358006
1.39139260785154	0.494323319098175
1.32886523224841	0.695465266631714
0.679653114219625	0.227181883175313
0.912597447073333	0.263157043298413
0.236522949388928	0.0743596697606834
-0.292241074534301	0.103408636542802
0.34698154479517	0.127499389617562
0.167714996663192	0.0449834543600603
0.377596771139821	0.138947657898866
1.37543780329452	0.488077804570456
0.24231079990204	0.0758656666474767
1.60197159636661	0.950316488113718
-0.0216284373737652	0.00746776134094789
-1.99630832085707	0.956334074090739
-1.05139365222271	0.337625068809831
1.37543780329452	0.488077804570456
1.72664583622157	0.514027439791968
1.0707599967962	0.428304191192394
-0.292562777536825	0.0873256919566233
2.89559472045907	1.91565443922583
2.63707354224464	1.5782513913834
2.05913219713652	0.978398266858088
1.01593942389526	0.461040510146869
0.521228172291961	0.222111425781342
0.657019818840587	0.252413768310912
-0.55888165037327	0.146019049191659
0.240308569886204	0.075322617624464
0.686536055887006	0.229501764539986
1.08230651158364	0.433558668659745
-3.5982007830996	1.68176139422875
-1.46556636079729	0.39889055417079
-0.0923065151063074	0.0283767418645853
0.902476879033505	0.260785195270642
1.75504580266771	0.731106566261908
-0.845220217453196	0.327295567015593
0.642750243792651	0.246595752447275
0.335952698918659	0.1237967127177
1.76266616893112	0.735090202637704
1.44721064997275	0.678510225263998
2.91210871999862	1.14894462063688
0.665175774324132	0.324894416545372
2.02699441838321	1.22298521224246
1.71521524571957	0.912542641075331
-1.04621110690196	0.336165192535253
3.25904938664935	1.45089842575752
-1.0411155019997	0.334366938978704
1.74727066667551	0.727243316298516
1.0989884724864	0.441265983723627
3.73106623718419	3.42879704031058
2.64550795119319	1.58626039106991
2.08244330412006	0.993420529815253
1.067358450171	0.426930579041004
3.27620927747588	1.46151929297208
1.45008047050535	0.680920797716085
2.64106823378683	1.58198882632828
1.72664583622157	0.514027439791968
-0.290782545055251	0.0867403958571982
2.11786289876299	1.01599114275617
3.26608991492401	1.45573646702542
2.09408927735694	1.00081261564385
-0.553958654260902	0.145182611160989
-1.65429639488039	0.686060509580965
1.05921465921826	0.423056996379381
0.686121161394983	0.229450971069187
0.738494214863102	0.325302325045608
2.18787682386886	1.95246301326203
0.202198391670494	0.0436656035177294
0.677379565658875	0.226586193321658
1.43375255646066	0.671122061469069
1.4210472928817	0.663393200086933
2.66214505879504	1.60174645901959
0.487736716575831	0.206519069506753
1.39258193627448	0.495197582069264
-0.0880915999127919	0.0269460988006004
2.07885463546249	0.990791062375455
3.24909639235388	1.44424220972449
1.7715837260479	0.739112357140686
1.07626945345654	0.554280587965469
2.31185835220854	2.22875771766417
3.25608093098774	1.44911407166836
1.76029939115389	0.733878423235619
3.26610537788351	1.45572874939348
-0.290782545055251	0.0867403958571982
2.28860971872085	1.53951266353022
1.74159934154219	0.931849350896985
2.29918517013798	1.55014924590828
2.08614399048598	0.995396466243521
4.0821418529761	2.41430563887664
1.76519883265068	0.736621797940704
1.02550552713791	0.466473144681897
0.199660581380647	0.0433122758858595
1.0707599967962	0.428304191192394
1.39971224002831	0.49785141353806
1.02151806043174	0.463623462894146
0.146683161946949	0.0521018676120477
1.39559632674966	0.496139071198923
2.10568048526768	1.0085784085268
0.902476879033505	0.260785195270642
0.17373462957955	0.046333562098803
2.09732823469476	1.00229790730105
1.06390364001554	0.425573826463956
1.40576821535676	0.500196841629125
-0.286974240436354	0.0857853046400139
3.26610537788351	1.45572874939348
1.01598901910371	0.460809978465814
-3.06639739603196	1.22806237039513
1.00829869221336	0.456324920608846
1.02087118003561	0.463619885963511
1.0610925159915	0.545095731111325
3.55895493620897	1.75203607094021
-0.620969894100123	0.215116746351169
2.41450757705353	1.30873956130037
1.4025397317141	0.652700086349882
-2.71366037927859	0.963507235303924
-0.55888165037327	0.146019049191659
1.09050114756657	0.437461242160714
-1.40535664263192	0.523201833324806
0.222746898166708	0.0702142115346211
1.38727744289309	0.493135957861707
1.33770641093432	0.701636702425387
1.42337342839467	0.664749967630262
-0.0602052176403579	0.0194230968098203
0.22168791420485	0.0698207464994844
1.38016920470379	0.490169965758878
0.912597447073333	0.263157043298413
-0.55888165037327	0.146019049191659
1.38545837834875	0.492219504116298
1.05904170564614	0.42278740114866
1.72402871819241	0.513373825324747
0.67742746445304	0.226603864627127
-0.0676046001513337	0.0216481204050412
2.45446436525245	0.842916202981294
0.901720616063008	0.260095467165507
1.72665749194725	0.514015992250562
0.691018322596608	0.231067203856998
1.37560445721137	0.489062016487637
0.919086224093982	0.264875597201778
1.39258193627448	0.495197582069264
0.921824610399643	0.265755741469354
1.34260334532029	0.705203558450207
2.43961622041387	0.836769184993985
1.73254501487038	0.92567649093368
1.75840552747168	0.733204294369585
2.4483134540998	0.840541819013097
0.170184199651161	0.0455102597114768
0.177324465825582	0.0471342222202081
1.38545837834875	0.492219504116298
0.187468605835015	0.04141071045087
1.38545837834875	0.492219504116298
3.56221723512204	1.7544607898084
0.199660581380647	0.0433122758858595
2.38854090411063	1.28873292323228
0.204756590717357	0.0440408052662146
0.205561737379768	0.0441838774146192
1.09062725718876	0.437713933028082
1.38016920470379	0.490169965758878
0.685235876759934	0.26358810580182
0.870710342091244	0.541678395362167
-1.68038786610281	0.698447774732664
1.99907996848239	1.1990026807694
0.659233300414323	0.252864175791814
1.76815621869302	0.737828164391898
0.199660581380647	0.0433122758858595
2.45442904372326	0.842929862158112
0.64883612891678	0.216979292213366
1.75689874560971	0.732131283191921
1.71838037692335	0.512092496146657
1.39258193627448	0.495197582069264
1.07302139668997	0.429679533268468
2.92158168883162	1.15406672838897
0.908148649268101	0.26198445808125
0.659969723833758	0.22073480452832
0.630849760282844	0.241161582274202
1.72402871819241	0.513373825324747
-0.614143358575802	0.212385342725654
-1.39984472077785	0.520661123325473
-0.0927204316942163	0.0284514013444941
-0.614629303246652	0.212859635062105
0.899765603237419	0.260024823460973
1.60150612302181	0.949943939021576
1.39256483421105	0.495195831360944
0.675156152037975	0.22565754625012
1.39556294187099	0.496135793832498
1.39556294187099	0.496135793832498
1.72664583622157	0.514027439791968
-3.57676099019115	1.6687691929114
1.73254501487038	0.92567649093368
0.353943279713118	0.130312941002089
1.03415789964091	0.527294144607753
2.4483134540998	0.840541819013097
0.679653114219625	0.227181883175313
2.91488688463889	1.15100414083562
1.71838037692335	0.512092496146657
3.56217304695275	1.75356860451488
2.45446436525245	0.842916202981294
1.07526712720017	0.430388498097968
2.45446436525245	0.842916202981294
2.07432344697303	0.98782080086047
-1.67648131174724	0.696307231339292
-1.46556636079729	0.39889055417079
0.627392402464072	0.23969321023407
0.99431067083287	0.449085117068961
0.490716220259212	0.259270078177177
-0.286940431421599	0.0857759418120604
2.37288342094965	1.27591493703309
2.91210871999862	1.14894462063688
-1.47559564657686	0.401361379112135
-1.05139365222271	0.337625068809831
2.04972858219908	1.24241974265409
1.02574270267603	0.465866013957478
1.40706995920496	0.655229554332007
2.09232699989499	1.00069417572759
1.75355367060485	0.730143785985324
2.09157983449802	0.998450859342353
3.84011026469727	2.0775925472761
0.205561737379768	0.0441838774146192
1.72361687910877	0.919318135343391
1.34218729035499	0.704704090798532
-0.306073253377622	0.0907991441592629
2.43961622041387	0.836769184993985
3.26610537788351	1.45572874939348
1.32517878023569	0.693290769937281
1.4297353185423	0.668537036752761
0.675126424079915	0.225747997410806
1.07095157017984	0.428818473386194
3.58052429827243	1.76820988967439
3.55899825992108	1.75207908437113
-0.597151945641083	0.206494586624071
1.16294332507163	0.74328828475502
2.12100308348953	1.574126518564
0.170359748909934	0.0598745444880195
-0.628835218779597	0.217679856084787
0.205561737379768	0.0441838774146192
1.38277622260188	0.491429562364001
1.39971224002831	0.49785141353806
0.242913189871462	0.0761305498113166
0.650464525564853	0.249133136234905
-1.66534691861143	0.692044342245821
2.45713066693921	0.844016359639868
2.0904766040442	0.998607707037486
2.43961622041387	0.836769184993985
3.27316965466308	1.45987901225535
-0.301428510472253	0.0897422711630161
1.71919650335957	0.915729423810049
0.372995424138313	0.137081470969483
1.09404383086592	0.438821049656979
2.91493124431159	1.15099278421732
1.59097244514861	0.941591760328526
-1.46556636079729	0.39889055417079
-0.290172480232866	0.0866608763690696
2.38511814817332	1.28596893426868
1.39026582301669	0.494298341784791
4.09412002770204	2.42687354604969
-0.848315264411259	0.327617695111039
0.190738716303272	0.0418413373211237
0.730047047880068	0.321153620944528
0.671268687509874	0.224622004345607
0.180334652339367	0.0478106473797875
0.92457006190404	0.266440401880801
1.75157325264744	0.72908452782451
0.171886235959321	0.0459106029405569
0.120816945512627	0.0435279658400579
0.74789869756909	0.329565731082866
3.55899825992108	1.75207908437113
0.193364634888779	0.0422782569669119
-0.875710009595235	0.340258395215925
1.42443644535245	0.665709520641548
0.912597447073333	0.263157043298413
2.44834859745442	0.840528199577986
0.915267467236802	0.263914073443303
2.91210871999862	1.14894462063688
0.199660581380647	0.0433122758858595
1.07890679271251	0.432199101979189
2.45442904372326	0.842929862158112
0.912597447073333	0.263157043298413
1.00348389677134	0.454257906265638
3.26909842045239	1.45753652807612
0.354300554893814	0.1306894623417
0.674607750377633	0.225649879535187
2.06258037419729	0.980596620923091
1.37720610089078	0.4890227456012
1.33955655079071	0.70331134229426
2.90827841061733	1.14708003600027
1.71838037692335	0.512092496146657
-0.466604843138277	0.179531747290317
-0.290172480232866	0.0866608763690696
1.38957458135007	0.493821378507415
-1.46556636079729	0.39889055417079
3.27726801831673	1.46068966543948
-0.571538969396222	0.149182553096798
1.32362365625639	0.692140323276697
-0.57511310367108	0.150427941210277
1.72402871819241	0.513373825324747
-0.0789510443674393	0.024651239188405
0.671783008731121	0.224523528358971
2.90832288894759	1.14706883442003
1.73297831887645	0.925698526944301
-2.20131061198549	0.675574843790802
1.39026582301669	0.494298341784791
-0.632162665545722	0.219170645510441
0.893327858309595	0.258137021796653
1.4144254376976	0.659545978522332
1.75490047147113	0.942068057401716
-1.46556636079729	0.39889055417079
-3.34633385192973	1.46318397472514
3.58052429827243	1.76820988967439
1.40046114658943	0.497802399142274
1.38577321627896	0.492859446752081
2.40160988871254	1.29890166764127
1.44608258749829	0.677956897105114
1.72664583622157	0.514027439791968
0.661957072558286	0.254522942133386
0.208356817890876	0.0662165220690649
1.07890679271251	0.432199101979189
0.924519625006435	0.266522920108041
2.45709514677168	0.843701380989689
1.73267428564054	0.925482975996102
2.91488688463889	1.15100414083562
2.09854407465172	1.00363736255297
1.89195524566029	1.26752796545869
0.664229390792417	0.221891790168857
3.56415601793366	3.05056534698895
3.55895493620897	1.75203607094021
1.7407446933573	0.931220953851419
0.664229390792417	0.221891790168857
3.55574281240124	1.74904562098681
0.187534552195979	0.0494421831048262
1.58289797624955	0.934747866620659
0.637847534706426	0.244683004055966
0.195880525766074	0.0426453207559659
2.65821754397914	1.5976728769329
-0.0900312571249825	0.0279764260645235
-0.0906429971742657	0.0282837023220957
1.37543780329452	0.488077804570456
0.208088282973525	0.044554233682967
1.73099674011851	1.38031726547749
1.87641819372265	1.25254472447588
1.01182301797473	0.458570752508632
-2.21731210191502	0.682578012209152
0.366722823193617	0.135114260548062
2.06858110116839	0.9841396878914
0.906151326926563	0.261259737108879
0.664229390792417	0.221891790168857
0.177324465825582	0.0471342222202081
-0.0898822136527026	0.0273533330220645
1.40576821535676	0.500196841629125
-1.06383257360404	0.341981866655656
1.44193514702233	0.675681841716617
1.75490758178519	0.730788790484642
-1.6940792113496	0.70593320619324
0.697851317320155	0.233378401193421
1.05159946243089	0.479929166079321
2.07885463546249	0.990791062375455
1.7670969374071	0.736975258042291
1.1257021051269	0.648595357674502
1.40276034595944	0.499015152970679
0.147657349911335	0.0405080091416947
-0.286974240436354	0.0857853046400139
0.170184199651161	0.0455102597114768
3.81786006711318	2.05881896391186
-1.40452062816098	0.522794322961945
2.0764560468415	0.989569623450032
2.09254930337759	0.999761132883569
-0.71502671453091	0.315323000918912
1.39258193627448	0.495197582069264
2.44567166971443	0.839453219846175
0.199660581380647	0.0433122758858595
3.27618071303355	1.46153655074
3.86000541890633	2.09421948000517
3.56972479265114	1.76059839007616
1.44107562091579	0.675674611029786
-0.114837558465962	0.0434477411244839
1.60738751795449	0.954555169615938
1.11413383126224	0.639873470528453
2.41557774195009	1.30952991995572
1.39467414876156	0.647713819138836
0.930231028385852	0.52298625723061
1.9860025962667	1.18735499030762
-2.15945657943998	1.08998686906532
3.15701287515652	2.30153945847973
-1.67944922352797	0.698436715891815
2.72741692056737	2.20414939956992
-1.04415041615715	0.335312917030539
2.92573587458218	1.94762973445859
1.31630155444318	0.687628870433532
2.91488688463889	1.15100414083562
2.92438485477444	1.156147471729
0.24243225341768	0.0759022527916872
1.76612122420627	0.736517957467052
4.09055654961381	2.42422065615317
2.45446436525245	0.842916202981294
2.44834859745442	0.840528199577986
-0.301428510472253	0.0897422711630161
-0.612031321957417	0.211857749173378
-1.04312612227674	0.442009536355193
-2.69742047364421	0.954793958704405
-0.0673957756720004	0.0215871816536072
-1.40114272103779	0.521328531307491
-1.05139365222271	0.337625068809831
-2.70937242333718	0.961490597147355
0.906151326926563	0.261259737108879
1.39559632674966	0.496139071198923
2.90827841061733	1.14708003600027
0.24243225341768	0.0759022527916872
1.08274346114932	0.4338999680219
-1.46754137571983	0.399241075338394
0.142658516089461	0.0502343919188255
-1.02069861936725	0.430330374909863
0.234062289777695	0.0733937759263111
-1.06622034319365	0.342974832284015
1.71838037692335	0.512092496146657
0.207768369622884	0.0659521247121451
2.38139112802631	1.28265319016193
0.915318019020568	0.263922623604752
0.893327858309595	0.258137021796653
1.72664583622157	0.514027439791968
2.43961622041387	0.836769184993985
1.35106729122333	0.710938151998784
0.152333192436397	0.0415232974103919
0.844889530093867	0.423240913077665
0.364212972784413	0.134018224306413
2.4483134540998	0.840541819013097
0.675202385974488	0.225674647305293
-0.584371982640259	0.152318216814195
2.4483134540998	0.840541819013097
2.4483134540998	0.840541819013097
-0.459161781489759	0.176747088232019
2.44567166971443	0.839453219846175
3.55895493620897	1.75203607094021
0.24231079990204	0.0758656666474767
0.902425948558069	0.260776504921945
1.39256483421105	0.495195831360944
2.90827841061733	1.14708003600027
4.05182092813482	2.38195009401284
1.41470626791798	0.660045838285555
3.82125069959729	2.06090653988338
1.57218206253121	1.03343239100801
-1.05357102754035	0.33871174915923
2.92434064150852	1.15557468669485
-0.55888165037327	0.146019049191659
0.246104130605166	0.0769660138150043
1.74938531078686	0.937275397782249
1.39556294187099	0.496135793832498
-0.491284516975234	0.190133359324895
2.09035178211931	0.998526967079187
1.06819400245511	0.427458185464342
0.92457006190404	0.266440401880801
0.919086224093982	0.264875597201778
-2.70937242333718	0.961490597147355
1.71838037692335	0.512092496146657
0.906822097465917	0.262270642143547
0.195880525766074	0.0426453207559659
2.3791829536265	1.28135485152416
0.680770536184485	0.227634687282147
0.234181565975846	0.0734295728679185
1.39258193627448	0.495197582069264
1.77388619361697	0.741131703530167
1.38280751378984	0.491432164348294
0.888471756255203	0.257036137561661
1.37543780329452	0.488077804570456
2.38439525338939	1.28492217504932
2.91771648568221	1.15252312484676
0.639639840759671	0.244784667308066
-1.46754137571983	0.399241075338394
-0.062912202685474	0.0199239497421145
1.09050114756657	0.437461242160714
1.38692346903873	0.49313742565214
0.708860129733397	0.31004341788383
-1.39218884984795	0.517361767954646
0.638652191105409	0.244631738803578
2.074443921041	0.987898360587514
1.44226719141262	0.675862488734487
2.08232066777183	0.993341385977143
0.643354238391304	0.246655588924847
0.675156152037975	0.22565754625012
0.216669552420131	0.0682893939160796
2.90832288894759	1.14706883442003
-0.563224434073156	0.1470595732283
0.921774163847151	0.265747233383473
2.07136783526112	1.51847798110091
1.07028697295613	0.428577489954745
1.36972296309591	0.486388383733701
1.05862062119943	0.543554436888738
0.00959067712106584	0.00243777716730397
1.07082409868839	0.428569888191259
0.221727556432281	0.069957976083727
0.919086224093982	0.264875597201778
1.75490758178519	0.730788790484642
2.48117333288484	1.82053805154833
1.31721777535907	0.768545448548639
0.650175479369777	0.249153921781642
1.74190687102327	0.932068117543985
0.205561737379768	0.0441838774146192
-0.275687060281398	0.0826939690244633
1.3701735298738	0.486046373261376
0.658526731390681	0.220060854684016
2.38597736698807	1.28552409338761
-0.292562777536825	0.0873256919566233
0.36448152634707	0.13470716400845
1.11067986665283	0.637823002165387
3.58057285984422	1.76825339260171
2.4483134540998	0.840541819013097
0.666133301211789	0.222708402316138
3.56321850271678	1.75430275733671
1.08853277222926	0.43672577714773
1.09309362185995	0.438921243647383
0.649562586933	0.249141431140864
1.04111845350777	0.532267614964072
1.32803116961242	0.695119427528908
2.90827841061733	1.14708003600027
2.10906287540443	1.01016466234297
-0.828466408485258	0.319730733551278
-0.077990739644235	0.0245803985947901
1.77829806424928	0.742842282455695
0.647998853592886	0.216916563452606
2.90551789185603	1.14556900793857
1.76266616893112	0.735090202637704
-0.55888165037327	0.146019049191659
-1.06383257360404	0.341981866655656
0.175124314973247	0.046645304856595
2.29566815880938	1.54586882793806
0.679587565764196	0.261501719785076
3.26610537788351	1.45572874939348
1.39258193627448	0.495197582069264
0.195923847427482	0.042652530602415
-1.06667599918375	0.34265257322159
3.26909842045239	1.45753652807612
-0.279150056929458	0.0836472229614302
1.07088000800609	0.428531581319754
0.906151326926563	0.261259737108879
1.72664583622157	0.514027439791968
2.45446436525245	0.842916202981294
0.193698317930178	0.0619807704304151
0.906246129417221	0.261736091583026
-1.06383257360404	0.341981866655656
-1.4100660045313	0.525324314819007
1.06950553657557	0.427929560998139
0.636136925528321	0.243381819840761
-0.865702206989488	0.334589899422183
1.77731775736724	0.742549867568003
-1.02539712991897	0.430978689198192
0.906151326926563	0.261259737108879
-1.40109811291681	0.52130914324694
1.72664583622157	0.514027439791968
0.675077666696279	0.225635744904245
-0.55888165037327	0.146019049191659
2.91493124431159	1.15099278421732
1.76530867226011	0.736201650434332
2.45716616852698	0.843674766141773
0.208130289751052	0.0445612068776082
-2.72606985222524	0.970931640705507
1.71838037692335	0.512092496146657
-0.279103788614289	0.0836339313174652
-0.556695510417587	0.145720699864662
-0.317372556291209	0.0938477340805863
-0.0548120384712905	0.0179162878811802
-2.20131061198549	0.675574843790802
1.39972857201292	0.49785287169011
3.82536634175606	2.06542098396924
1.34293080668703	0.788460622011916
-0.873071491366928	0.338243788934894
1.39258193627448	0.495197582069264
2.45446436525245	0.842916202981294
0.177324465825582	0.0471342222202081
-1.47559564657686	0.401361379112135
1.72665749194725	0.514015992250562
0.174889099808041	0.0466011835497983
-0.297745227366455	0.088703707435214
0.174819148328391	0.0614130484230744
2.37638300778663	1.27815906475142
3.26610537788351	1.45572874939348
3.2691134975973	1.45676655530423
2.64987412911085	1.58993265442369
-2.70163341573963	0.956867155200627
0.257728301419873	0.080403138006727
1.76271459085892	0.735118738719892
0.919086224093982	0.264875597201778
-2.20131061198549	0.675574843790802
1.77388619361697	0.741131703530167
-1.46556636079729	0.39889055417079
-0.567585807840995	0.148008276225078
0.199660581380647	0.0433122758858595
2.44834859745442	0.840528199577986
2.44834859745442	0.840528199577986
1.0569273334707	0.542126696915953
-0.600830818395992	0.207843763746685
-0.860849196122284	0.33342660740449
3.27726801831673	1.46068966543948
0.199660581380647	0.0433122758858595
3.28942439006547	1.46887958363091
1.71838037692335	0.512092496146657
-0.552335012199188	0.144678456612124
-2.20452069372124	0.676749531450116
-1.05874549579791	0.340517355461754
-3.37903317637413	1.48182493432689
1.0644157449816	0.425932001262277
-0.632183976563046	0.219033211637202
1.77388619361697	0.741131703530167
0.912597447073333	0.263157043298413
2.44567166971443	0.839453219846175
1.37543780329452	0.488077804570456
2.90551789185603	1.14556900793857
2.44567166971443	0.839453219846175
-0.635106084331618	0.219935482019633
-0.580838694031191	0.151471159910401
1.08866050398271	0.436518079189461
0.196315155888877	0.0427978646049216
-0.0853798062749339	0.0260099740717984
-0.863864480624225	0.335227274758579
0.636136925528321	0.243381819840761
0.208130289751052	0.0445612068776082
3.25906560847611	1.45089113400716
0.36484913174171	0.133955895259166
3.25608093098774	1.44911407166836
-0.611911578089381	0.211812947587514
-3.07139247283292	1.23058533678423
-0.309363906751101	0.10858574422292
3.56972479265114	1.76059839007616
-1.46556636079729	0.39889055417079
1.10254813586729	0.443059401028932
0.24231079990204	0.0758656666474767
-3.36278014170325	1.47300894031415
1.76271459085892	0.735118738719892
-0.55888165037327	0.146019049191659
3.57073037834267	1.75931594813756
0.208088282973525	0.044554233682967
-0.612695794036923	0.21217019076725
1.72402871819241	0.513373825324747
0.172141930104414	0.0459762515619496
-0.301315474282632	0.106586601949509
0.906151326926563	0.261259737108879
0.912597447073333	0.263157043298413
0.199660581380647	0.0433122758858595
-1.05646570561747	0.339422980870141
2.07432344697303	0.98782080086047
2.37973949139537	1.28176553622523
0.67742746445304	0.226603864627127
0.196315155888877	0.0427978646049216
0.234181565975846	0.0734295728679185
1.39139260785154	0.494323319098175
0.182273477751123	0.0405997709363184
-2.70163341573963	0.956867155200627
0.694482139777268	0.232235941341523
0.901404731776287	0.260636052892095
-0.279189890596118	0.0987523818978303
0.658526731390681	0.220060854684016
-3.58994030119047	1.67949603348423
-0.55888165037327	0.146019049191659
2.91771648568221	1.15252312484676
1.08827765304526	0.436344829199137
-1.04621110690196	0.336165192535253
0.665533456401679	0.222706642295264
3.57726881742395	1.76601645158811
2.00893523855045	1.20794877309259
-0.303838316095645	0.0903546149865541
-0.297745227366455	0.088703707435214
1.74105239452581	0.931428432461311
0.671783008731121	0.224523528358971
-0.298807819072265	0.0889558819091486
0.530547720216488	0.227119833057331
0.67960094868514	0.227208415863021
2.45442904372326	0.842929862158112
2.91488688463889	1.15100414083562
1.72665749194725	0.514015992250562
2.90832288894759	1.14706883442003
0.662663963819654	0.221767140045404
0.208130289751052	0.0445612068776082
1.77731775736724	0.742549867568003
0.208130289751052	0.0445612068776082
-0.29284998590975	0.103575931589066
2.92153744995923	1.15407818465564
0.370797721280597	0.136911104114543
-0.304389922778657	0.0904940480963697
0.663987772032509	0.324319400184969
-1.46754137571983	0.399241075338394
3.26909842045239	1.45753652807612
1.39258193627448	0.495197582069264
2.45176958518949	0.841449769742287
-2.70163341573963	0.956867155200627
0.236760388577432	0.0742695453338153
0.652144276386616	0.218007688159233
0.180334652339367	0.0478106473797875
1.39971224002831	0.49785141353806
0.921824610399643	0.265755741469354
-1.39984472077785	0.520661123325473
-3.34633385192973	1.46318397472514
0.199660581380647	0.0433122758858595
0.912597447073333	0.263157043298413
2.4483134540998	0.840541819013097
3.27316965466308	1.45987901225535
0.220949786219262	0.0700022893205154
0.170184199651161	0.0455102597114768
2.44834859745442	0.840528199577986
1.72402871819241	0.513373825324747
0.20471393630254	0.0440337263228802
1.72402871819241	0.513373825324747
3.27620927747588	1.46151929297208
-1.04113486477337	0.334376496819243
-0.574310726366761	0.150122974494355
2.45442904372326	0.842929862158112
1.0812000187203	0.433411109406381
3.56967891771929	1.75970398327778
-1.04923748026572	0.337110470489464
1.72402871819241	0.513373825324747
0.236760388577432	0.0742695453338153
1.76271459085892	0.735118738719892
1.08243041392435	0.433808481076357
1.71838037692335	0.512092496146657
1.73953356091327	0.723250406310303
2.91488688463889	1.15100414083562
0.694381051215851	0.232198533859577
1.3801874459795	0.490172173913112
-1.44395493331749	0.539008448766597
2.00423893952565	1.20311596545071
2.43961622041387	0.836769184993985
-2.70163341573963	0.956867155200627
0.355429818438752	0.130490879405021
-1.04415041615715	0.335312917030539
0.230534790079877	0.0723507853261846
-1.07147578361492	0.344735770427307
0.179308845424369	0.0475774904674854
0.917296314805694	0.264562429003048
-2.20452069372124	0.676749531450116
2.43961622041387	0.836769184993985
0.901720616063008	0.260095467165507
3.25608093098774	1.44911407166836
1.08853277222926	0.43672577714773
0.202198391670494	0.0436656035177294
3.55154185738699	1.74591014244481
1.41717823153424	0.661536907676779
2.43961622041387	0.836769184993985
1.71838037692335	0.512092496146657
0.199660581380647	0.0433122758858595
0.663385927314191	0.221879924565254
0.170184199651161	0.0455102597114768
0.208130289751052	0.0445612068776082
0.170184199651161	0.0455102597114768
1.08107260988565	0.433383531271033
1.44032097489974	0.675413827322394
-0.294235024159454	0.0876651879596146
-1.46556636079729	0.39889055417079
0.675156152037975	0.22565754625012
1.36772806725042	0.721338837941003
2.89223534469889	1.91247745485874
0.24231079990204	0.0758656666474767
0.906151326926563	0.261259737108879
0.893327858309595	0.258137021796653
1.38545837834875	0.492219504116298
0.199660581380647	0.0433122758858595
-1.06383257360404	0.341981866655656
1.75490758178519	0.730788790484642
2.10345399541828	1.00651473562839
-0.297745227366455	0.088703707435214
3.25906560847611	1.45089113400716
2.90832288894759	1.14706883442003
2.45442904372326	0.842929862158112
0.180315924045662	0.0478066702574292
1.0032192624046	0.453558397586712
1.72665749194725	0.514015992250562
2.45709514677168	0.843701380989689
0.915267467236802	0.263914073443303
0.182273477751123	0.0405997709363184
0.636136925528321	0.243381819840761
0.664229390792417	0.221891790168857
4.06316971901694	2.39465083519056
3.83218329198527	2.0711829714689
1.72665749194725	0.514015992250562
2.40273087818515	1.29973100828309
2.07885463546249	0.990791062375455
2.44567166971443	0.839453219846175
2.44567166971443	0.839453219846175
2.06415851272598	0.98190052498199
0.697851317320155	0.233378401193421
1.07526712720017	0.430388498097968
0.667920601709208	0.223570234424993
0.679653114219625	0.227181883175313
-0.305525252609486	0.0907297966022815
-1.06667599918375	0.34265257322159
2.09158726527271	0.999198107174589
0.222818394976474	0.0701508489024141
1.05328310334829	0.420345282403066
1.71838037692335	0.512092496146657
0.187468605835015	0.04141071045087
0.159084195499199	0.0430267803944521
4.07505074466954	2.40807780385221
1.41968167995534	0.663029812506338
1.770513002613	0.73911521710779
0.180315924045662	0.0478066702574292
2.53411238787111	1.88256581136134
1.72350286783246	0.919164035730774
1.39556294187099	0.496135793832498
1.38545837834875	0.492219504116298
1.4465301221902	0.678599887640241
3.24909639235388	1.44424220972449
1.72402871819241	0.513373825324747
1.71838037692335	0.512092496146657
1.37270495641498	0.487535927805456
1.07666701712925	0.431341675580183
0.65922578725847	0.220614372532258
1.38692346903873	0.49313742565214
1.4297353185423	0.668537036752761
1.4297353185423	0.668537036752761
1.0059746340242	0.455733082966494
2.45713066693921	0.844016359639868
3.57726881742395	1.76601645158811
3.57296496055713	1.76215685722717
0.92003140509787	0.265333979478402
2.4483134540998	0.840541819013097
1.39557961180183	0.496365775816694
2.45713066693921	0.844016359639868
2.45713066693921	0.844016359639868
1.39258193627448	0.495197582069264
2.91493124431159	1.15099278421732
0.669501572235949	0.223838569535414
2.89896851317136	1.14156400888801
-2.21257221902061	0.680354097619789
-1.0411155019997	0.334366938978704
0.208088282973525	0.044554233682967
3.55154185738699	1.74591014244481
1.40274440558796	0.499243938315738
0.174889099808041	0.0466011835497983
0.686438385931598	0.229465616264401
0.912597447073333	0.263157043298413
2.45709514677168	0.843701380989689
0.160505292207515	0.0433777347361025
0.190569534030361	0.0501121779284389
1.71838037692335	0.512092496146657
2.90827841061733	1.14708003600027
2.44567166971443	0.839453219846175
2.90551789185603	1.14556900793857
-1.39450786271473	0.518532290441501
0.205561737379768	0.0441838774146192
-0.549588025379477	0.144138904810768
0.234613325763028	0.0736580096428401
1.39024877373414	0.49406930635718
-0.299219362373463	0.0889225334662289
2.89896851317136	1.14156400888801
0.921774163847151	0.265747233383473
2.89896851317136	1.14156400888801
-1.66854803540334	0.692989427486237
2.43961622041387	0.836769184993985
-1.39447579712601	0.518519557547366
3.24909639235388	1.44424220972449
-0.556695510417587	0.145720699864662
2.43961622041387	0.836769184993985
1.72665749194725	0.514015992250562
1.72664583622157	0.514027439791968
1.44226719141262	0.675862488734487
2.4483134540998	0.840541819013097
1.40576821535676	0.500196841629125
0.184506730859797	0.0487417923755395
1.38547624122001	0.492221548058075
1.39256483421105	0.495195831360944
2.09035178211931	0.998526967079187
0.915267467236802	0.263914073443303
-1.42190774093749	0.530187919681717
1.75495432576142	0.730816424365007
1.77393728942937	0.74080523066272
0.165016980071288	0.0443593586963327
1.0614846379532	0.424534172069002
-1.05659799733909	0.339660053110494
0.666133301211789	0.222708402316138
1.72665749194725	0.514015992250562
0.677379565658875	0.226586193321658
0.199660581380647	0.0433122758858595
1.38427899058231	0.491766401647725
0.908148649268101	0.26198445808125
2.45713066693921	0.844016359639868
-1.88978835894952	0.855072988300738
0.671217910650184	0.224603448239011
1.72402871819241	0.513373825324747
-0.0933001468333637	0.0286129749931881
1.71838037692335	0.512092496146657
0.185318321206265	0.0489335087463581
0.663336852365455	0.221861994107979
1.39256483421105	0.495195831360944
0.683090437699776	0.228431766982679
2.89130854291821	1.91125909346463
1.72402871819241	0.513373825324747
0.228391632407592	0.0717682523462766
1.38279184561893	0.491656853905118
0.205561737379768	0.0441838774146192
0.658715170067902	0.253353547082672
2.43961622041387	0.836769184993985
0.182327940194625	0.0482741151528399
1.39739858612762	0.496934278756061
0.187468605835015	0.04141071045087
-1.47559564657686	0.401361379112135
-1.47559564657686	0.401361379112135
0.193364634888779	0.0422782569669119
0.672445760355298	0.224927113276123
3.56221723512204	1.7544607898084
2.90551789185603	1.14556900793857
0.204756590717357	0.0440408052662146
0.170184199651161	0.0455102597114768
1.36972296309591	0.486388383733701
0.712916706063484	0.312071442045893
0.190569534030361	0.0501121779284389
0.915267467236802	0.263914073443303
0.195880525766074	0.0426453207559659
-1.05646570561747	0.339422980870141
2.36538908789518	1.27044474533211
-2.20452069372124	0.676749531450116
2.92442907579133	1.15555204884472
2.39280238925833	1.29191966341184
0.204756590717357	0.0440408052662146
3.5483030024599	1.74351337995961
0.912597447073333	0.263157043298413
-0.312790984705679	0.0925414447979523
0.172141930104414	0.0459762515619496
1.38727744289309	0.493135957861707
3.86341540369276	2.09858580913536
1.72402871819241	0.513373825324747
0.673995039992328	0.225358656301781
-1.46556636079729	0.39889055417079
2.9037757167793	1.92457176210822
2.28018151034168	1.53029811657772
0.187534552195979	0.0494421831048262
2.90832288894759	1.14706883442003
0.230944205617289	0.0725716910717296
1.0481705915712	0.477869931752966
1.36529555404785	0.720047951710834
0.190551949951808	0.0501236937756434
-1.07446807221246	0.345675481171459
2.90827841061733	1.14708003600027
0.399183888492015	0.146999133072593
4.69882598156758	3.51290673664004
1.75845851337505	0.733234957019094
2.90827841061733	1.14708003600027
2.91767215080868	1.15195328733466
1.39256483421105	0.495195831360944
0.682598544233423	0.228483971119609
2.43961622041387	0.836769184993985
2.34771933693645	1.9230118041046
3.57301180618074	1.76219924411501
0.911609804248397	0.263272701029936
0.904084541315186	0.261500500062554
1.0253855166624	0.466277819071026
1.44009926483497	0.674573889319632
1.44617732047646	0.678553302423544
-0.562262366874053	0.147296690051847
2.4483134540998	0.840541819013097
2.09383725457669	1.00065411366166
0.822268188918408	0.409913854920699
-2.20131061198549	0.675574843790802
2.52066590780241	1.86723447715096
0.66420986045487	0.254815054088412
-0.632183976563046	0.219033211637202
0.382301886871739	0.140950668782936
-0.569438551601303	0.148859249648682
1.00829869221336	0.456324920608846
0.924469195483338	0.266423091240108
2.10204478260656	1.00634877322488
2.4483134540998	0.840541819013097
-2.20452069372124	0.676749531450116
1.09050114756657	0.437461242160714
-2.69742047364421	0.954793958704405
0.254159444076701	0.0793773394515663
-2.70163341573963	0.956867155200627
1.72665749194725	0.514015992250562
-0.298807819072265	0.0889558819091486
0.640783292158946	0.245422565674362
-1.41775409261883	0.528669717214252
2.09383725457669	1.00065411366166
1.37543780329452	0.488077804570456
-1.08070883128895	0.347858272145
0.660458732926317	0.220729206141761
1.73286978016093	0.92589763774962
1.39258193627448	0.495197582069264
0.180315924045662	0.0478066702574292
1.71838037692335	0.512092496146657
0.686487174778602	0.22957980027577
2.38971523300358	1.28907548475192
0.20774976193013	0.0658721649496439
1.42846065243411	0.668294015164211
3.82113528346696	2.06170072700775
3.27316965466308	1.45987901225535
2.90551789185603	1.14556900793857
3.57305874423035	1.76108157503203
1.78859173026655	0.7481219126883
2.90551789185603	1.14556900793857
0.915318019020568	0.263922623604752
1.40720412856239	0.655475271611477
0.912597447073333	0.263157043298413
-0.0547063580791597	0.0179254859316405
0.906151326926563	0.261259737108879
1.76271459085892	0.735118738719892
1.7603487585302	0.733554579370929
4.08677857314321	2.42036773779401
-1.41089196212682	0.525591327452038
1.00339422954057	0.454218175977493
2.90827841061733	1.14708003600027
1.76029939115389	0.733878423235619
0.663336852365455	0.221861994107979
2.27697156692725	1.52717351554125
-2.20131061198549	0.675574843790802
1.02121474788396	0.463461783400736
-1.06803950864542	0.343420402348576
1.07561158241459	0.430941147002154
2.44834859745442	0.840528199577986
1.07063938963435	0.428249111328309
0.157581581108027	0.0426992641424185
1.41268372425762	0.659137941145387
1.3701735298738	0.486046373261376
1.74473904343402	0.934004425048657
2.91493124431159	1.15099278421732
1.38248601554662	0.491066536373935
0.195880525766074	0.0426453207559659
0.182273477751123	0.0405997709363184
2.44834859745442	0.840528199577986
-0.617573923622581	0.213728116537491
3.85159560405925	2.08890747138194
2.64577181146544	1.58633465147322
1.01544989176112	0.460787695830679
-0.575959266308268	0.150202913360021
0.912597447073333	0.263157043298413
1.37543780329452	0.488077804570456
2.92434064150852	1.15557468669485
-0.326505342882002	0.0963821713250879
0.915267467236802	0.263914073443303
1.76473696360464	0.736143882635398
0.906151326926563	0.261259737108879
2.90832288894759	1.14706883442003
2.4483134540998	0.840541819013097
-1.05646570561747	0.339422980870141
2.45442904372326	0.842929862158112
2.45709514677168	0.843701380989689
0.205561737379768	0.0441838774146192
-1.46556636079729	0.39889055417079
1.41952821396956	0.66252437608521
0.219173137444582	0.0690782379631127
1.2941905119001	0.672946446525841
3.56967891771929	1.75970398327778
1.08696413389759	0.435882187828599
3.8144768626855	2.05520542791873
-0.274205352763308	0.0969143967984342
-0.088589020071444	0.0274050264084311
3.56226151463511	1.75365296814151
2.91488688463889	1.15100414083562
1.75689874560971	0.732131283191921
1.63151161627038	0.974192079032214
1.35102478641836	0.794931899483764
2.02979381135282	1.22536310503481
2.44567166971443	0.839453219846175
1.39028291728355	0.494072914686244
1.89133080998564	1.26644373166231
1.08840515526203	0.436668223542729
1.4424893859302	0.676274603130805
0.356053594719455	0.130901708917079
0.753625251104411	0.332744354523336
2.3849000886837	1.28528461722794
1.77829806424928	0.742842282455695
0.743449121220738	0.327431277060194
1.32720368379143	0.694961399742677
1.76266616893112	0.735090202637704
1.71838037692335	0.512092496146657
2.09408927735694	1.00081261564385
0.205561737379768	0.0441838774146192
1.44107562091579	0.675674611029786
0.672085675093466	0.258301788788476
0.686487174778602	0.22957980027577
0.368841580894562	0.135648513873619
1.75445169789794	0.941773442198366
0.679253863335306	0.227333437146606
2.37659817852811	1.27883941086168
2.92434064150852	1.15557468669485
1.067358450171	0.426930579041004
2.92723943457006	1.15710072897931
1.44271173475533	0.676117492547363
3.1611999268429	2.30664435086162
0.736045851903807	0.324022209932468
0.912597447073333	0.263157043298413
0.167714996663192	0.0449834543600603
0.35219028127913	0.145968372938331
-3.5612114799558	1.6596800647108
-0.297745227366455	0.088703707435214
1.69667982921182	0.899338330137028
-1.03421683674171	0.436216787311646
0.208130289751052	0.0445612068776082
-0.631683750756539	0.218830202820297
1.77046288364682	0.739085774074085
0.170184199651161	0.0455102597114768
1.38725996190371	0.493134041662893
-0.443534525346027	0.170712945040534
-0.833578726224782	0.322001483922708
2.36927837576054	1.27403122578934
0.921824610399643	0.265755741469354
-0.562262366874053	0.147296690051847
0.180334652339367	0.0478106473797875
3.16902613599783	2.31583704428774
0.180334652339367	0.0478106473797875
1.06487826927243	0.425794621856675
2.01220889659808	1.21031487880534
3.84075001687491	2.07807527856366
-0.851192534906689	0.329584023645767
2.71569062647849	2.18872196886459
1.44193514702233	0.675681841716617
0.906151326926563	0.261259737108879
0.675202385974488	0.225674647305293
2.49221803945301	1.83469053626015
0.915267467236802	0.263914073443303
0.677379565658875	0.226586193321658
2.90827841061733	1.14708003600027
2.92442907579133	1.15555204884472
0.919086224093982	0.264875597201778
1.7817391805359	0.745005111153672
-0.292562777536825	0.0873256919566233
1.38545837834875	0.492219504116298
3.28030290623515	1.46346513229433
0.924519625006435	0.266522920108041
-1.0615597697243	0.341093221319588
1.7506657784623	0.729256008965406
0.640567623844556	0.245334539641285
1.39556294187099	0.496135793832498
1.42365722946696	0.66531902564422
-0.836329112381941	0.323167155011139
-1.46754137571983	0.399241075338394
1.87862030037564	1.25564255785761
1.43353329977211	0.670713487789622
1.7660718355889	0.736843404138436
-0.0864333464683303	0.0268884438785971
0.915267467236802	0.263914073443303
-0.556695510417587	0.145720699864662
2.09158726527271	0.999198107174589
0.378176000049373	0.139039095603097
-0.561074719780954	0.146672057200803
2.01773333674865	1.21569996820944
-0.549638443779565	0.144154566527545
2.92719523940039	1.15711191350553
0.683090437699776	0.228431766982679
1.77388619361697	0.741131703530167
1.38248601554662	0.491066536373935
3.33924562289225	2.62672506075167
-0.843368385765138	0.326010878187063
-0.279103788614289	0.0836339313174652
0.225134833414913	0.071155335996011
1.77594950607652	0.742014795788623
0.912597447073333	0.263157043298413
1.0671368633528	0.426658214795582
-0.284718425050904	0.0851722059912993
3.58057285984422	1.76825339260171
1.39258193627448	0.495197582069264
4.07505074466954	2.40807780385221
3.82101997961139	2.06070719316983
0.675156152037975	0.22565754625012
0.719214313908291	0.315642991761
0.12822282944335	0.0458261966411842
3.10134831655354	2.23352000613708
4.06316971901694	2.39465083519056
1.78279196683387	0.74512142045991
1.36972296309591	0.486388383733701
2.64577181146544	1.58633465147322
-0.286974240436354	0.0857853046400139
0.177324465825582	0.0471342222202081
3.26610537788351	1.45572874939348
1.7772657725191	0.742520128546194
-1.0629970706356	0.34197164285647
1.0349071260198	0.528217114905726
-0.340717217365814	0.119597733014925
4.07129894895192	2.40309687787822
0.177324465825582	0.0471342222202081
2.6809688028183	2.14394968558226
0.224865135253605	0.0707281274482377
0.99039163773991	0.446496465854018
2.39408016580545	1.29253918958529
4.08656074687464	2.41889082687933
2.91278692057114	1.93377635953658
0.143393213078971	0.0505472526708313
0.22007311675396	0.0885414432414181
1.34469088678094	0.706595626462351
-0.851476747896441	0.329981255366232
3.26608991492401	1.45573646702542
3.56321850271678	1.75430275733671
1.56931900827662	1.25966652408001
5.36539864784555	5.26100151272232
1.38545837834875	0.492219504116298
-0.552335012199188	0.144678456612124
-0.321940142149101	0.095224525635294
0.546747726184166	0.234324361409075
1.38273372331617	0.491704116705521
2.33692889668906	1.90935081384832
2.44567166971443	0.839453219846175
-1.05139365222271	0.337625068809831
2.71229594287479	2.18444411629146
0.236760388577432	0.0742695453338153
1.04460327540394	0.416896124808944
2.90827841061733	1.14708003600027
2.26961087507333	1.52072040649141
0.161245719566036	0.0572433051570606
3.28636755859253	1.46779915363749
2.37120767596528	1.27464048021461
3.27318434966019	1.45987088217078
2.40665218131254	1.30287266862572
0.613342621879606	0.234864826553492
1.39670390964941	0.496388528960776
-0.617696986324821	0.213774263965068
1.39971224002831	0.49785141353806
2.65861689116527	1.59804071001054
1.75068365698165	0.729500594274904
3.27620927747588	1.46151929297208
1.11744810477714	0.643223306147421
-1.39450786271473	0.518532290441501
0.147233244132481	0.052200277189729
0.675739012847896	0.225959937575179
0.663336852365455	0.221861994107979
3.8144768626855	2.05520542791873
2.4483134540998	0.840541819013097
-0.855505564622905	0.331836356660479
-2.35429397994914	1.31020787622882
1.72665749194725	0.514015992250562
-1.05139365222271	0.337625068809831
0.669547790070559	0.223855623975965
1.60193660681753	1.06078795598988
3.55154185738699	1.74591014244481
0.664229390792417	0.221891790168857
1.36848609513374	0.486101541554375
1.75401680153155	0.730971333941339
1.33879630663783	0.703076459190056
2.90832288894759	1.14706883442003
3.26908338806269	1.45678296110119
0.516164728486494	0.220228051331145
-0.55888165037327	0.146019049191659
2.91771648568221	1.15252312484676
1.72361379118641	0.918936642373565
1.75495432576142	0.730816424365007
0.364205318907328	0.134201461865048
-0.0805993624531628	0.0248892817246638
0.167714996663192	0.0449834543600603
0.643809251035865	0.312692798466622
1.08840515526203	0.436668223542729
-0.294085600751134	0.0875804248732261
2.45176958518949	0.841449769742287
0.915318019020568	0.263922623604752
3.55895493620897	1.75203607094021
0.365276063603554	0.151953648632093
0.921774163847151	0.265747233383473
2.44567166971443	0.839453219846175
-2.7214943742061	0.967734061568593
0.174889099808041	0.0466011835497983
0.924519625006435	0.266522920108041
0.653004764996894	0.250335864789189
-0.467100786233093	0.180393807070633
1.07302139668997	0.429679533268468
1.01212575818316	0.458546856487012
0.634256732160623	0.243128017858496
0.241366534324748	0.0755825326900533
-1.0629970706356	0.34197164285647
2.40530903656928	1.30155455342079
-2.69742047364421	0.954793958704405
1.89360950982405	1.26969258034612
3.55574281240124	1.74904562098681
3.5483030024599	1.74351337995961
1.38547624122001	0.492221548058075
-1.39771197883631	0.519898839391122
3.27318434966019	1.45987088217078
1.0671368633528	0.426658214795582
1.07526712720017	0.430388498097968
4.27300146894094	2.72861082972577
3.57401945763771	1.76275547531171
-0.275639826283991	0.082654363540114
0.22087456846594	0.089431151242974
2.6539443488454	1.59370616055031
-1.66552976019958	0.69183410434208
0.694381051215851	0.232198533859577
-1.41216828346745	0.526107785802114
1.38279184561893	0.491656853905118
2.09035178211931	0.998526967079187
-0.57511310367108	0.150427941210277
3.56972479265114	1.76059839007616
1.37978528414721	0.490494430759015
1.44167881948283	0.675374859769585
-1.66818000347714	0.693126653252464
1.09886001598825	0.44140397862876
2.44567166971443	0.839453219846175
-3.37825892151045	1.48122300696954
0.551015210922694	0.236180305636757
2.92153744995923	1.15407818465564
0.937211253535388	0.527547786650023
1.01446109706274	0.460108606011873
2.09035178211931	0.998526967079187
0.712578719543291	0.311840114127112
2.69804815113898	1.63427751698027
1.06743178358923	0.427217384158955
0.697851317320155	0.233378401193421
1.58713720654968	0.938946465759813
0.333617189510589	0.137845065428568
2.09841704355149	1.00355500904501
-1.08167801109087	0.348004948428051
4.30992788929803	2.77243125661574
1.75401680153155	0.730971333941339
0.380674851569963	0.158154252393474
1.35486870712055	0.797514033910461
1.75495432576142	0.730816424365007
0.915267467236802	0.263914073443303
0.694431548999718	0.232314723385403
0.153367966223417	0.0417663876642991
0.190534411024281	0.0501047275306018
0.377596771139821	0.138947657898866
1.78864644912761	0.748021760369256
0.535603463166267	0.229168036170329
-0.625564364768745	0.216245877858052
2.3695126619257	1.27421390702868
0.732148639444281	0.322708188125526
-0.0777804835431104	0.0245186142501051
4.27300146894094	2.72861082972577
1.39697674084808	0.649509085528699
1.03121688599693	0.525815649330362
0.187516582106475	0.0494383766804619
1.74610926866454	0.935099837046173
1.88853120961129	1.26417959700275
1.362684147619	0.483416189481809
1.73952081122831	0.723475857850905
1.08853277222926	0.43672577714773
2.90832288894759	1.14706883442003
0.199660581380647	0.0433122758858595
0.771660196327362	0.341418373696776
1.33915208801434	0.703301005444922
3.58812054884659	1.77329556198561
2.30270019419254	1.55320396813176
0.694431548999718	0.232314723385403
2.4483134540998	0.840541819013097
2.45442904372326	0.842929862158112
0.177899947569855	0.047263469364084
1.39557961180183	0.496365775816694
0.915267467236802	0.263914073443303
3.28638063920881	1.46778961483254
0.908975247039869	0.262609818284675
0.671217910650184	0.224603448239011
0.368458568656481	0.135446813337846
0.170184199651161	0.0455102597114768
-1.08070883128895	0.347858272145
-0.0558026313244357	0.0180241704524287
0.254284235189305	0.0794453940672214
1.78513490822613	0.746684677392543
1.39556294187099	0.496135793832498
1.71838037692335	0.512092496146657
0.164712869579257	0.0443121871062313
1.77834989961593	0.742872639612994
-2.20131061198549	0.675574843790802
0.35967752558166	0.132385240160167
2.91493124431159	1.15099278421732
1.05857604279704	0.423300858712971
0.675156152037975	0.22565754625012
1.42126218292177	0.663517965383386
0.998604408687991	0.451282286293411
1.06581586534115	0.426910295656675
2.4483134540998	0.840541819013097
-0.279103788614289	0.0836339313174652
-0.33101878371292	0.0977064019641205
3.83218329198527	2.0711829714689
2.02139032757403	1.21831881232636
0.208088282973525	0.044554233682967
0.679653114219625	0.227181883175313
-0.304437433212955	0.106812446425447
1.40274440558796	0.499243938315738
1.76473696360464	0.736143882635398
-2.70937242333718	0.961490597147355
-0.552335012199188	0.144678456612124
0.199660581380647	0.0433122758858595
0.652144276386616	0.218007688159233
0.92457006190404	0.266440401880801
2.91488688463889	1.15100414083562
1.07259606063584	0.429651920578067
-0.298760378057541	0.088942138383077
0.651029169658989	0.249735607941233
2.66703066570646	1.60627649838599
1.09062725718876	0.437713933028082
3.26610537788351	1.45572874939348
-0.317372556291209	0.0938477340805863
1.73037939998603	0.92419790087065
0.915267467236802	0.263914073443303
-1.06803950864542	0.343420402348576
1.63740665011813	0.979968671875302
3.56967891771929	1.75970398327778
1.06778393494223	0.549284172367453
0.230534790079877	0.0723507853261846
1.76514405348017	0.736108506952039
1.03419110320576	0.470459691068501
-1.05231466778725	0.446756735404442
1.38545837834875	0.492219504116298
2.66839253020762	2.58068025637257
-3.06142327849064	1.22511692748265
0.901720616063008	0.260095467165507
1.76266616893112	0.735090202637704
1.42995310156073	0.668663911451575
1.75931610176333	0.733095429495076
-1.1830990141454	0.534754508809552
1.75157325264744	0.72908452782451
1.40706995920496	0.655229554332007
1.06806418440503	0.427589994390055
2.07087125864236	0.985611875361845
2.89896851317136	1.14156400888801
1.75490758178519	0.730788790484642
1.04530859863227	0.534580248679145
0.164712869579257	0.0443121871062313
-0.0509582452010265	0.0168098864094896
1.36972296309591	0.486388383733701
0.364853735015095	0.134066798754491
0.733688212039868	0.322283546467055
-0.290172480232866	0.0866608763690696
2.40184661114463	1.29836903922147
1.03021569779515	0.468478260348262
0.208130289751052	0.0445612068776082
2.09035178211931	0.998526967079187
1.42995310156073	0.668663911451575
0.666133301211789	0.222708402316138
1.59750425172338	0.946459486817042
-1.8694068128429	0.844601786506174
1.75061451146006	0.72922626546094
2.34513930004297	2.28034025171288
1.4338151120779	0.670662278385182
1.36485137586836	0.805231307120736
3.27924118008841	1.46229877184658
0.509223023025441	0.217243065448658
1.76029939115389	0.733878423235619
0.146371675131465	0.0524087769956647
0.199660581380647	0.0433122758858595
-0.84120454834255	0.3254567123765
1.07561158241459	0.430941147002154
0.660034562016067	0.220830659029676
0.668253060497654	0.256615006388286
2.43961622041387	0.836769184993985
2.93397678030067	1.95669653870335
2.11386485793166	1.01363216414761
2.90551789185603	1.14556900793857
1.43375255646066	0.671122061469069
0.386461395182451	0.14224063095646
1.72665749194725	0.514015992250562
2.91493124431159	1.15099278421732
1.40274440558796	0.499243938315738
3.59478532881027	1.77690755271774
1.08486236230807	0.435238441596107
0.634881428027948	0.242816498185459
-0.565000228990759	0.147836672845567
2.64106823378683	1.58198882632828
-0.286974240436354	0.0857853046400139
0.680819310444715	0.227748009463594
0.383076106760603	0.178650430007878
0.843107791045473	0.422500024431028
2.66246549315008	1.60201964627201
3.28639376533514	1.46673551267443
3.83655874756984	2.07494832850428
-0.628987362011819	0.217594405609642
3.84336233679819	2.08062906074275
2.0904766040442	0.998607707037486
0.199660581380647	0.0433122758858595
0.204756590717357	0.0440408052662146
0.694482139777268	0.232235941341523
-0.28333795792229	0.0996616274126282
-0.597151945641083	0.206494586624071
1.41048220125825	0.657624990455243
3.56972479265114	1.76059839007616
1.36448243476807	0.720029942397322
2.08244330412006	0.993420529815253
1.38993259641355	0.494291486970406
1.71838037692335	0.512092496146657
0.921774163847151	0.265747233383473
3.84779390133747	2.08440731065796
2.92434064150852	1.15557468669485
-2.20452069372124	0.676749531450116
0.680819310444715	0.227748009463594
1.04328279672193	0.47527397015434
3.56649069111218	1.75758098854351
0.174906014150012	0.0466047565088505
-0.554009631260321	0.145198449870715
-0.569836236427639	0.149089357519807
0.684567445992283	0.263312532699436
2.91210871999862	1.14894462063688
-1.66583050920921	0.691573723820619
1.00351564264771	0.453715083199603
2.39384947900438	1.29288498375225
0.245981440170419	0.0769582113452547
1.70638357069922	0.906614121685155
-0.279103788614289	0.0836339313174652
3.58047582984061	1.76700315186199
1.39258193627448	0.495197582069264
1.72408117097841	0.919239630774709
0.659969723833758	0.22073480452832
3.56972479265114	1.76059839007616
0.230992937256442	0.072671397672911
3.16385351871581	2.30832228602347
1.76307802261425	0.947575990611899
1.06991658838074	0.550178753926452
2.91210871999862	1.14894462063688
-1.4282371893032	0.532481923520855
0.174906014150012	0.0466047565088505
0.174889099808041	0.0466011835497983
2.91771648568221	1.15252312484676
-0.567097066778424	0.148548092076695
1.7660718355889	0.736843404138436
1.37720610089078	0.4890227456012
-0.584371982640259	0.152318216814195
1.09307963848425	0.438867803295717
0.675156152037975	0.22565754625012
0.23466335151464	0.0737583149910333
1.0812000187203	0.433411109406381
1.37543780329452	0.488077804570456
3.57397276002055	1.76270999054685
1.08954186278312	0.437082645444824
1.38248601554662	0.491066536373935
1.75855320237693	0.733447204441515
-2.21731210191502	0.682578012209152
0.919086224093982	0.264875597201778
0.202198391670494	0.0436656035177294
-0.567585807840995	0.148008276225078
1.42599482632776	0.66719889746495
-0.297087542177462	0.105043790392712
0.839646034718225	0.420708027662695
-0.296774214875288	0.105004489158004
-0.290172480232866	0.0866608763690696
1.74510423425748	0.935047886853401
2.38357981960753	1.28430014115585
1.38153966735718	0.997658919231132
0.228234879096324	0.071924407436597
2.36046100661218	1.26702750642379
0.349390722814814	0.128488950962827
0.19973808663222	0.0800859857246588
-0.157442085000715	0.0592882613328556
0.69096870942265	0.231048868043151
-0.0823976796900308	0.0256988782537463
-0.0688800631561792	0.0213272911042235
2.26557059125379	1.5165095163031
-0.286974240436354	0.0857853046400139
0.199660581380647	0.0433122758858595
0.20471393630254	0.0440337263228802
-1.3889460990053	0.515983166935664
1.61312037514206	1.07149717845537
2.89909989788305	1.9194373638307
1.74579979567988	0.935242340465103
-1.05659799733909	0.339660053110494
2.79961705189034	2.92293830767014
0.35967752558166	0.132385240160167
2.2899106532392	1.54071944052499
0.513527455168244	0.218630544302303
-0.00937810779600168	0.0036443569735056
2.40273087818515	1.29973100828309
1.02109790493303	0.463997776412789
1.44271173475533	0.676117492547363
1.33823412560235	0.702858448665577
-2.20131061198549	0.675574843790802
1.78363771358952	1.3011559659296
2.3899441417321	1.28925538494421
2.08687180288968	0.995840966043941
0.653283759213423	0.251149570605398
1.09112036940602	0.437529351220529
0.673953937137913	0.329569060997235
-1.46556636079729	0.39889055417079
0.676142808895879	0.259893176607517
-0.561074719780954	0.146672057200803
1.39557961180183	0.496365775816694
2.11740938131293	1.01498147052148
2.91771648568221	1.15252312484676
0.669501572235949	0.223838569535414
2.45713066693921	0.844016359639868
1.38693874860014	0.493138548264775
2.41450662703725	1.30803254164468
2.09035178211931	0.998526967079187
1.75445870988178	0.941034745378583
3.8399774426495	2.07869138541729
1.71838037692335	0.512092496146657
-1.41216828346745	0.526107785802114
-1.46754137571983	0.399241075338394
0.910858892443621	0.262745945817241
1.72665749194725	0.514015992250562
1.3899474343491	0.49452024011659
0.204756590717357	0.0440408052662146
0.177324465825582	0.0471342222202081
3.59155155575095	1.7739818513591
0.182309601441683	0.048270223246002
-1.46556636079729	0.39889055417079
0.697799930251642	0.233225630493462
0.711362857150799	0.311724650650245
0.170706119580964	0.0456683037681393
1.76187945735624	0.734917482673091
1.71838037692335	0.512092496146657
2.90551789185603	1.14556900793857
0.180315924045662	0.0478066702574292
1.36850197388475	0.486102920649087
-2.70163341573963	0.956867155200627
0.208130289751052	0.0445612068776082
-1.46556636079729	0.39889055417079
3.13657163778865	2.27691844450143
-0.582734439901077	0.152289942783762
1.41120556675479	0.658026534328907
0.685346954982678	0.229231600279827
1.72665749194725	0.514015992250562
0.915267467236802	0.263914073443303
1.78284666747706	0.745021800249138
1.09050114756657	0.437461242160714
1.01622685758382	0.461081948926441
2.43961622041387	0.836769184993985
1.38427899058231	0.491766401647725
3.58057285984422	1.76825339260171
1.03899094804544	0.530631603340119
1.09050114756657	0.437461242160714
1.4424893859302	0.676274603130805
0.906246129417221	0.261736091583026
-0.0923065151063074	0.0283767418645853
0.167714996663192	0.0449834543600603
2.91771648568221	1.15252312484676
2.37266970431778	1.2757494101701
0.69096870942265	0.231048868043151
4.06690741540602	2.39936257722879
0.673995039992328	0.225358656301781
1.72664583622157	0.514027439791968
0.182273477751123	0.0405997709363184
0.208088282973525	0.044554233682967
3.25608093098774	1.44911407166836
1.71838037692335	0.512092496146657
1.40862404516162	0.655840638535552
1.71838037692335	0.512092496146657
2.90827841061733	1.14708003600027
0.908975247039869	0.262609818284675
0.240214181198928	0.0754534415125845
-0.088589020071444	0.0274050264084311
0.199660581380647	0.0433122758858595
-1.46556636079729	0.39889055417079
0.654248044589571	0.218833780823797
0.169928836052903	0.0454559663527724
1.72402871819241	0.513373825324747
0.187516582106475	0.0494383766804619
-2.20452069372124	0.676749531450116
1.72665749194725	0.514015992250562
0.899765603237419	0.260024823460973
2.89896851317136	1.14156400888801
0.717167281648342	0.314611236589343
0.165016980071288	0.0443593586963327
2.09437357628888	1.00105720391525
0.921824610399643	0.265755741469354
-1.40325859652233	0.522285930698835
-0.297745227366455	0.088703707435214
1.71838037692335	0.512092496146657
-1.39984472077785	0.520661123325473
1.0671368633528	0.426658214795582
2.4483134540998	0.840541819013097
-2.22399291176976	0.684709935367475
0.143385675034149	0.0395606144261334
0.196315155888877	0.0427978646049216
0.208130289751052	0.0445612068776082
-0.580838694031191	0.151471159910401
0.185336229200483	0.0489521954549182
-0.294136664369745	0.0875951334882074
-0.562262366874053	0.147296690051847
0.180334652339367	0.0478106473797875
2.0764560468415	0.989569623450032
0.675156152037975	0.22565754625012
-1.46556636079729	0.39889055417079
-0.0878335929788924	0.0272435592356332
-1.42336384309457	0.531065517704682
2.45176958518949	0.841449769742287
-1.46556636079729	0.39889055417079
0.917347332724012	0.264571103399029
1.067358450171	0.426930579041004
1.00829869221336	0.456324920608846
1.72664583622157	0.514027439791968
2.0904766040442	0.998607707037486
0.23473651706968	0.0736670820179714
2.08244330412006	0.993420529815253
0.915267467236802	0.263914073443303
1.0825544293637	0.433671310884445
0.23466335151464	0.0737583149910333
1.72402871819241	0.513373825324747
1.72664583622157	0.514027439791968
2.90827841061733	1.14708003600027
2.45446436525245	0.842916202981294
0.234789621162011	0.0737682442998558
0.180334652339367	0.0478106473797875
0.205561737379768	0.0441838774146192
-0.552335012199188	0.144678456612124
1.71838037692335	0.512092496146657
1.39556294187099	0.496135793832498
1.77388619361697	0.741131703530167
1.07063938963435	0.428249111328309
-1.64799012184993	0.682737411078069
0.199660581380647	0.0433122758858595
2.45442904372326	0.842929862158112
3.55574281240124	1.74904562098681
1.71838037692335	0.512092496146657
0.208130289751052	0.0445612068776082
2.41999613015242	1.31286147376517
2.90832288894759	1.14706883442003
2.92728363751449	1.15629108008848
1.72665749194725	0.514015992250562
1.77383519060389	0.740746034447833
-2.69742047364421	0.954793958704405
2.43961622041387	0.836769184993985
-0.620969894100123	0.215116746351169
0.68025846872271	0.227609758195207
-0.0598741927582792	0.0193716136842504
2.40665218131254	1.30287266862572
1.770513002613	0.73911521710779
0.919086224093982	0.264875597201778
0.669547790070559	0.223855623975965
3.84011026469727	2.0775925472761
2.92434064150852	1.15557468669485
-0.0921867643262141	0.0284939478020203
0.231117956713234	0.0727088244452258
3.26608991492401	1.45573646702542
-0.0639267380980342	0.0205486036956714
1.06137676746378	0.424207182069452
2.03905835323984	1.23293172515388
3.57726881742395	1.76601645158811
3.26310413052701	1.45333946698961
0.822805446926257	0.410229917085724
1.72665749194725	0.514015992250562
1.01862551656996	0.518140420447797
0.257728301419873	0.080403138006727
1.42995310156073	0.668663911451575
2.06711269700787	0.983555845151092
0.640783292158946	0.245422565674362
3.56972479265114	1.76059839007616
2.65039031820044	1.58981838652728
-0.0782088640477496	0.0242988640045496
0.232839908755474	0.0732330483915264
0.35757278038685	0.131630975661197
1.36972296309591	0.486388383733701
1.08696413389759	0.435882187828599
1.7660718355889	0.736843404138436
0.686487174778602	0.22957980027577
0.190569534030361	0.0501121779284389
1.74291123433662	0.724974229337115
0.230944205617289	0.0725716910717296
0.661410374199493	0.253906018129349
0.686487174778602	0.22957980027577
3.27316965466308	1.45987901225535
1.40272851054165	0.499012480580187
3.82208423256688	2.06165992465882
3.57397276002055	1.76270999054685
-0.84120454834255	0.3254567123765
2.45446436525245	0.842916202981294
-1.65981160581395	0.689135823128313
1.7237048320603	0.919003821449801
1.7660718355889	0.736843404138436
-1.05646570561747	0.339422980870141
0.671783008731121	0.224523528358971
0.920082414250368	0.265252082233154
1.39467414876156	0.647713819138836
-3.37825892151045	1.48122300696954
-0.846540044332945	0.327846383102583
4.30571476244143	2.76697153064355
1.7411972917879	0.932307664162552
1.42443644535245	0.665709520641548
2.07432344697303	0.98782080086047
1.7428616669083	0.724945400053299
0.336282353557869	0.123851003690148
0.689094237249325	0.265214202470325
2.91210871999862	1.14894462063688
0.180315924045662	0.0478066702574292
0.915267467236802	0.263914073443303
-0.298243338342598	0.0888649209209968
2.3899441417321	1.28925538494421
0.906151326926563	0.261259737108879
0.378137957676319	0.175490012224992
1.44630627729079	0.678473918534536
0.902476879033505	0.260785195270642
1.39741486104157	0.497164782563706
2.38724896321107	1.28780485681276
0.245858862808042	0.076891989762666
1.32669881296706	0.694853066592605
0.211028607210491	0.0667465111931749
0.208130289751052	0.0445612068776082
2.3849000886837	1.28528461722794
1.77383519060389	0.740746034447833
2.40065317079554	1.29756649135561
0.219660227535745	0.0694611101870653
0.230534790079877	0.0723507853261846
2.92153744995923	1.15407818465564
0.351436752432964	0.129411441682359
0.349017838636254	0.128715017728843
-2.21731210191502	0.682578012209152
-0.848514103375446	0.32822501838713
-0.623361705167085	0.21577544899451
1.13871687730971	0.65846401552259
-1.85077586851557	0.834046338619485
4.07044022582288	2.40228311416987
1.02087118003561	0.463619885963511
2.91771648568221	1.15252312484676
2.0134002232823	1.21089545088827
0.328746838012802	0.120786253038829
0.66184985934299	0.254086163643526
3.26310413052701	1.45333946698961
2.074443921041	0.987898360587514
1.64532594898018	0.986437792278223
1.08866050398271	0.436518079189461
1.37249753990206	0.896238750575313
4.29768280126282	2.75781238154611
2.91488688463889	1.15100414083562
1.88884714904602	1.26382987423822
-0.274734512155318	0.0970663983667438
0.649562586933	0.249141431140864
0.143385675034149	0.0395606144261334
2.28812286416583	1.53951667075875
0.643532979774386	0.246885963200115
2.06764638549851	1.51332530541533
0.666133301211789	0.222708402316138
-1.83544862707495	0.824626332183979
-0.552335012199188	0.144678456612124
3.56967891771929	1.75970398327778
0.737933442810318	0.325018207009112
1.72812339443463	0.922452477054452
0.674607750377633	0.225649879535187
4.51275703107151	3.13877304717285
0.921774163847151	0.265747233383473
1.34401773977705	0.706177679519906
2.89091891004765	1.91085179172674
0.683090437699776	0.228431766982679
1.7772657725191	0.742520128546194
2.09745532714859	1.00299110807235
2.92728363751449	1.15629108008848
2.45716616852698	0.843674766141773
3.55895493620897	1.75203607094021
-0.29284998590975	0.103575931589066
1.07302139668997	0.429679533268468
0.355101728715997	0.130487799846809
-0.279150056929458	0.0836472229614302
2.91493124431159	1.15099278421732
-0.279150056929458	0.0836472229614302
2.43961622041387	0.836769184993985
-0.549588025379477	0.144138904810768
0.660059256301484	0.253570027151614
0.64934400979849	0.249051843557795
-0.31011280695359	0.0920681438912792
0.912597447073333	0.263157043298413
2.92153744995923	1.15407818465564
2.45713066693921	0.844016359639868
3.56972479265114	1.76059839007616
2.91493124431159	1.15099278421732
-1.06620308418893	0.342965817880657
1.7670969374071	0.736975258042291
-1.6911169624624	0.703940472733328
2.45176958518949	0.841449769742287
-0.0802225162510298	0.0253170697328077
2.4483134540998	0.840541819013097
-0.623912429413464	0.216071538242249
0.23311189443511	0.0735419078368421
1.74919545705716	0.727871284649911
2.91493124431159	1.15099278421732
0.52076187648143	0.221975898072746
2.90832288894759	1.14706883442003
2.45716616852698	0.843674766141773
0.686438385931598	0.229465616264401
0.680819310444715	0.227748009463594
0.911660611720513	0.263371621340662
1.39559632674966	0.496139071198923
2.44834859745442	0.840528199577986
3.82113528346696	2.06170072700775
0.211414584161565	0.0670191627338814
0.234613325763028	0.0736580096428401
0.140529461141135	0.0389084520865552
3.27922726773361	1.4633502643727
1.38692346903873	0.49313742565214
1.4259418794304	0.666012200475077
1.77388619361697	0.741131703530167
2.10809969517537	1.00989988793632
1.10241852597439	0.44300069869777
0.663336852365455	0.221861994107979
2.91210871999862	1.14894462063688
1.72664583622157	0.514027439791968
1.75401680153155	0.730971333941339
0.208130289751052	0.0445612068776082
-2.20452069372124	0.676749531450116
2.45176958518949	0.841449769742287
0.179308845424369	0.0475774904674854
1.9860025962667	1.18735499030762
3.56977075964114	1.75979068321058
3.56226151463511	1.75365296814151
-0.275687060281398	0.0826939690244633
-1.04923748026572	0.337110470489464
0.205561737379768	0.0441838774146192
1.06899168042112	0.55040292082287
-0.317386699652079	0.0939448727160803
-1.66552976019958	0.69183410434208
0.649562586933	0.249141431140864
1.00829869221336	0.456324920608846
2.45442904372326	0.842929862158112
0.994350917746423	0.449346758439092
1.38547624122001	0.492221548058075
-0.310646750077994	0.0920983537713622
0.199660581380647	0.0433122758858595
0.912597447073333	0.263157043298413
-0.608251184942825	0.210245903009633
1.7772138808229	0.74200364184831
-1.04623082826136	0.336174901762473
1.59945127655415	0.94856279707056
1.37980134392203	0.490495849580318
2.32710155259075	1.89652878867689
0.69292584752668	0.340257178398307
0.670306443519562	0.257902474234131
1.40626563252756	0.654860456375318
0.665218579875596	0.255660674520288
0.650464525564853	0.249133136234905
0.6632665028763	0.254542872386415
-1.41287505107273	0.52616520583017
-0.847419235389099	0.327867218869934
1.63184041941282	0.975128178688073
-1.46754137571983	0.399241075338394
-1.9867778264519	0.952024332609057
-1.05139365222271	0.337625068809831
3.27316965466308	1.45987901225535
1.77589679622546	0.741628644575613
1.71838037692335	0.512092496146657
2.49423164463297	1.83519303195272
3.5914488742797	1.77556029179753
2.35856718227095	1.2647806442888
1.73619180385344	0.721781636069406
0.187468605835015	0.04141071045087
3.26608991492401	1.45573646702542
3.83643897137894	2.07573852721349
1.72402871819241	0.513373825324747
-0.655208724679263	0.226924338144339
1.55325983451846	1.24726342074993
2.90398321159712	1.92520342242129
1.43397196584569	0.670964319817609
-2.70163341573963	0.956867155200627
0.53527418877511	0.228697512478913
-3.07868138305069	1.23522198167588
0.686487174778602	0.22957980027577
1.41573678374435	0.660567110587147
-1.48036509444371	0.402677323712302
1.40329574215516	0.65301697715282
3.83631930953674	2.07474114477956
0.644636990063255	0.215797670724721
0.833308460403525	0.416600280837989
3.5806215145737	1.76713572499057
-0.305505227904092	0.0907462943740742
2.91488688463889	1.15100414083562
1.41024390058852	0.657486445514992
1.72665749194725	0.514015992250562
1.76182548377079	0.735239545395665
-0.614746613769411	0.212903620622188
2.09467744084646	1.0018615252071
2.38139112802631	1.28265319016193
2.92438485477444	1.156147471729
2.45716616852698	0.843674766141773
3.26610537788351	1.45572874939348
2.45446436525245	0.842916202981294
2.11786289876299	1.01599114275617
-0.286974240436354	0.0857853046400139
3.26909842045239	1.45753652807612
1.76266616893112	0.735090202637704
-0.602742332853985	0.208520192393271
-0.549588025379477	0.144138904810768
0.697851317320155	0.233378401193421
0.99738358239004	0.451042693906613
1.75355367060485	0.730143785985324
1.44676087411095	0.678342614008555
2.65638442666526	1.59652871466102
-2.7214943742061	0.967734061568593
2.91488688463889	1.15100414083562
3.25906560847611	1.45089113400716
2.89896851317136	1.14156400888801
-0.328677508707256	0.0969871893772433
3.28636755859253	1.46779915363749
-0.286974240436354	0.0857853046400139
0.685346954982678	0.229231600279827
0.216669552420131	0.0682893939160796
1.75931610176333	0.733095429495076
-0.567585807840995	0.148008276225078
3.25906560847611	1.45089113400716
1.86120596934169	1.2381077624617
3.26908338806269	1.45678296110119
0.358559247671304	0.13208125046058
1.44131040633982	0.675807736270201
0.517602848037846	0.220472444302287
2.92723943457006	1.15710072897931
0.208130289751052	0.0445612068776082
0.664229390792417	0.221891790168857
0.222698623999279	0.070115099125508
2.87811142514154	1.89658345848853
0.199660581380647	0.0433122758858595
1.76266616893112	0.735090202637704
-1.05139365222271	0.337625068809831
3.27016636624633	1.45724800636443
0.373647600524218	0.137403492706633
2.92438485477444	1.156147471729
1.71838037692335	0.512092496146657
1.38016920470379	0.490169965758878
2.44567166971443	0.839453219846175
0.20471393630254	0.0440337263228802
-0.282694686336405	0.0996539933169577
1.60667705057464	0.954882926618439
2.90551789185603	1.14556900793857
1.37073537396787	0.894695451714181
0.680868176988487	0.227670739902701
1.33010537116189	0.857688768904654
0.668253060497654	0.256615006388286
-0.553958654260902	0.145182611160989
1.07878401387793	0.432142860294847
1.30220753502535	0.756867295568299
0.915318019020568	0.263922623604752
1.38547624122001	0.492221548058075
1.78859173026655	0.7481219126883
0.230992937256442	0.072671397672911
1.129963052768	0.652022383624094
-0.315729110423162	0.0936255870733279
3.84453748990437	2.08172146404308
2.2872532425133	1.53840654956246
0.656373310131576	0.357176248854168
0.205561737379768	0.0441838774146192
1.75157325264744	0.72908452782451
2.28235000519831	1.83950582767655
1.88939889377152	1.2649409696695
0.185354182313861	0.0489411300621527
-1.29505210972134	0.620957208704669
0.915267467236802	0.263914073443303
-0.286974240436354	0.0857853046400139
0.702891612581298	0.307580133562819
-0.281213010013575	0.0841770235702323
0.506859908140601	0.216124271726775
3.80690118981087	2.04849128299481
0.180315924045662	0.0478066702574292
1.35643962214384	0.714918434931183
0.720938609627233	0.440269790446335
1.41968167995534	0.663029812506338
2.44567166971443	0.839453219846175
0.671783008731121	0.224523528358971
2.89896851317136	1.14156400888801
-1.66552976019958	0.69183410434208
3.25906560847611	1.45089113400716
0.346630520892089	0.127240861809027
-0.853414427484761	0.330259298120892
2.45446436525245	0.842916202981294
-2.21257221902061	0.680354097619789
2.37578880147198	1.27828300899486
-0.282559343150603	0.0845547776661205
-1.05646570561747	0.339422980870141
0.639984807977105	0.310938633653917
1.56617190623883	1.02820105913971
1.39557961180183	0.496365775816694
0.668919188286892	0.223843463548526
3.85145897004368	2.08846222772018
0.530733588435564	0.227037511010629
4.50497453310253	3.12861366994551
1.37543780329452	0.488077804570456
-0.322708777646455	0.113419373265588
-1.08167801109087	0.348004948428051
1.74919545705716	0.727871284649911
-1.04100574229393	0.440037847618724
0.199660581380647	0.0433122758858595
0.190551949951808	0.0501236937756434
-0.0774050461354077	0.0242831048289601
1.06137676746378	0.424207182069452
2.66302375387074	1.6029269529052
2.38139112802631	1.28265319016193
3.58052429827243	1.76820988967439
-0.0711305905864649	0.0221165227788902
-0.0455853924149233	0.0153083513741459
1.08696413389759	0.435882187828599
-0.275734201939887	0.0826813184500592
2.92723943457006	1.15710072897931
1.37861220875149	0.489998518007766
3.56644568989027	1.757536747449
1.72665749194725	0.514015992250562
1.08473600195501	0.434986922849175
2.10332303026212	1.00659994535902
2.45176958518949	0.841449769742287
0.902476879033505	0.260785195270642
2.45442904372326	0.842929862158112
0.660458732926317	0.220729206141761
0.657659253623636	0.219974557705683
3.56972479265114	1.76059839007616
0.154897316342678	0.0421007466929087
-0.284718425050904	0.0851722059912993
2.41498442054321	1.30869054133799
0.919086224093982	0.264875597201778
0.216335129945687	0.0683970317291691
0.921774163847151	0.265747233383473
3.83301882980968	2.07184038545602
1.09417108141425	0.439146045343994
1.07654286608265	0.431093031201469
-1.06176376799665	0.341464816793195
2.44834859745442	0.840528199577986
1.39258193627448	0.495197582069264
2.91767215080868	1.15195328733466
2.06846038376237	0.984062137946601
-1.0615597697243	0.341093221319588
2.0904766040442	0.998607707037486
0.152333192436397	0.0415232974103919
-0.0818171116620053	0.0257049775320383
2.44834859745442	0.840528199577986
1.38016920470379	0.490169965758878
0.233097360284084	0.0731580454687324
4.04395837182084	2.37359776609158
-0.616174780289469	0.25490651109737
1.0644157449816	0.425932001262277
-0.321462158749244	0.0947595573971601
0.901720616063008	0.260095467165507
0.660458732926317	0.220729206141761
-3.75483041596329	1.83978695406157
-2.01618868244872	0.970173904253204
0.160505292207515	0.0433777347361025
-2.21731210191502	0.682578012209152
1.06743178358923	0.427217384158955
1.06487826927243	0.425794621856675
0.205561737379768	0.0441838774146192
2.45446436525245	0.842916202981294
0.663336852365455	0.221861994107979
-0.552335012199188	0.144678456612124
1.36551843575092	0.484955838575038
0.124959041162174	0.0454306970853897
2.44834859745442	0.840528199577986
2.6847964056853	1.62260650498392
1.60407324066478	0.952214458412223
3.13226449651525	2.27186041428123
0.153367966223417	0.0417663876642991
1.78970980181946	1.30680498742424
1.90302186820562	1.27845764584365
2.71033018278953	2.18192585182269
1.42443644535245	0.665709520641548
1.06525778333672	0.426056635852838
0.187516582106475	0.0494383766804619
0.680819310444715	0.227748009463594
0.985647536556729	0.444524986127624
2.38511814817332	1.28596893426868
0.680770536184485	0.227634687282147
0.172141930104414	0.0459762515619496
-0.0864333464683303	0.0268884438785971
0.658526731390681	0.220060854684016
1.04350973198665	0.533402160116707
0.149141672991226	0.0527885235744242
-0.628283011198968	0.217157259575617
1.40706995920496	0.655229554332007
1.7407446933573	0.931220953851419
0.917296314805694	0.264562429003048
0.664229390792417	0.221891790168857
3.26608991492401	1.45573646702542
1.12712127558299	0.649537363600644
1.78179200304995	0.744678169302807
1.0614846379532	0.424534172069002
3.26310413052701	1.45333946698961
2.92158168883162	1.15406672838897
0.182309601441683	0.048270223246002
-2.20452069372124	0.676749531450116
1.37978528414721	0.490494430759015
2.44834859745442	0.840528199577986
0.924519625006435	0.266522920108041
0.153139834599128	0.0541368888109583
2.45709514677168	0.843701380989689
2.45176958518949	0.841449769742287
0.685297355722027	0.229213312626388
1.76602253904652	0.736460561645212
2.3899441417321	1.28925538494421
1.77393728942937	0.74080523066272
2.38380995538078	1.28446902168574
0.509995661432695	0.216751749138047
-0.612695794036923	0.21217019076725
4.29266278111023	2.75220651534197
2.01292536753399	1.21147957220222
1.74579979567988	0.935242340465103
2.64577181146544	1.58633465147322
0.666865508184623	0.256252881773582
-1.04923748026572	0.337110470489464
0.686012293245932	0.229542475879796
1.05627095978734	0.422060593772365
0.174889099808041	0.0466011835497983
-0.282559343150603	0.0845547776661205
1.72665749194725	0.514015992250562
1.76206345225737	0.945977579111113
0.175143411457113	0.0466493667011835
1.39972857201292	0.49785287169011
0.671783008731121	0.224523528358971
2.44567166971443	0.839453219846175
0.195880525766074	0.0426453207559659
2.44834859745442	0.840528199577986
3.58480031521524	1.76996218225702
2.43961622041387	0.836769184993985
2.91493124431159	1.15099278421732
0.676796357452218	0.226440404402874
2.09383725457669	1.00065411366166
0.659279431527637	0.22063374661738
1.71838037692335	0.512092496146657
-0.576382344846406	0.15043977920911
1.39256483421105	0.495195831360944
1.73957228029433	0.723505555824194
0.662209832213597	0.254471510064149
1.06730544773054	0.427159838008875
0.216733749462474	0.068694393653586
0.187534552195979	0.0494421831048262
1.39559632674966	0.496139071198923
0.912597447073333	0.263157043298413
0.915267467236802	0.263914073443303
1.39256483421105	0.495195831360944
1.347901413758	0.708774080795893
1.00811669043658	0.456413429398862
3.25608093098774	1.44911407166836
2.65861689116527	1.59804071001054
-0.553958654260902	0.145182611160989
0.652787876380354	0.250350819072737
1.39557961180183	0.496365775816694
2.91771648568221	1.15252312484676
2.43961622041387	0.836769184993985
1.74291123433662	0.724974229337115
0.675156152037975	0.22565754625012
-0.632183976563046	0.219033211637202
1.59648071497396	0.946586508489295
-1.68559777400462	0.701981955901883
-0.55888165037327	0.146019049191659
0.364521727098688	0.133956677749059
-0.292155283525679	0.103278182542711
1.74579979567988	0.935242340465103
3.54089877124993	1.73733876254696
-2.7214943742061	0.967734061568593
2.92438485477444	1.156147471729
0.196315155888877	0.0427978646049216
1.75157325264744	0.72908452782451
2.91776082824986	1.15193094411066
-0.623416345250975	0.215572753799174
0.915318019020568	0.263922623604752
0.729255514668489	0.320641066156328
0.680312838123447	0.227629633481105
1.7603487585302	0.733554579370929
1.39028291728355	0.494072914686244
1.00073426134986	0.453254032490128
0.182309601441683	0.048270223246002
0.157581581108027	0.0426992641424185
1.33765000916407	0.865439308366387
1.71525365016149	0.91304067115333
0.206534314400467	0.0837700974529332
0.527600131286754	0.225315580470125
0.65696752988875	0.252400152340719
0.190569534030361	0.0501121779284389
0.190551949951808	0.0501236937756434
-0.0725807930709564	0.023050966952129
-2.12783156853583	1.07196903222604
1.03331103383641	0.470096711595205
0.246104130605166	0.0769660138150043
2.384145825008	1.28578213431409
0.646664355085335	0.247560855118348
-1.05139365222271	0.337625068809831
0.899765603237419	0.260024823460973
3.26909842045239	1.45753652807612
1.18021264459425	0.829512341809576
-0.549638443779565	0.144154566527545
0.908148649268101	0.26198445808125
1.0308066568242	0.468737753225888
1.75423736468208	0.940955775562701
0.193364634888779	0.0422782569669119
1.71838037692335	0.512092496146657
0.910807770799633	0.262737230399533
3.13117288519291	2.27006273348213
1.38427899058231	0.491766401647725
1.37720610089078	0.4890227456012
2.08687180288968	0.995840966043941
0.513584611494864	0.218615393948534
0.152333192436397	0.0415232974103919
2.37578880147198	1.27828300899486
1.71838037692335	0.512092496146657
1.39559632674966	0.496139071198923
1.4210472928817	0.663393200086933
1.08498883689243	0.435101894623599
2.4483134540998	0.840541819013097
4.49675439863273	3.11750958754004
1.35285983434621	0.71248337982761
-0.274205352763308	0.0969143967984342
2.4483134540998	0.840541819013097
-1.43620239902533	0.536002347473913
2.92719523940039	1.15711191350553
3.5483030024599	1.74351337995961
1.38248601554662	0.491066536373935
0.179308845424369	0.0475774904674854
0.199660581380647	0.0433122758858595
0.908975247039869	0.262609818284675
0.910858892443621	0.262745945817241
4.49288545704991	3.11117103522142
3.26310413052701	1.45333946698961
1.77383519060389	0.740746034447833
1.39258193627448	0.495197582069264
0.912597447073333	0.263157043298413
1.39440834551693	0.49578059753911
1.75355367060485	0.730143785985324
-0.290264244922464	0.086664393151335
2.91767215080868	1.15195328733466
-0.549638443779565	0.144154566527545
3.28028898843479	1.46347366776651
-0.279150056929458	0.0836472229614302
1.73267428564054	0.925482975996102
2.03669617496929	1.23119446214428
0.346766943298795	0.127117195501621
1.69754449475229	0.899958556150414
0.915267467236802	0.263914073443303
1.33770641093432	0.701636702425387
1.61173301484809	0.958998966078074
1.75490758178519	0.730788790484642
3.2833312885705	1.46611990793056
0.694431548999718	0.232314723385403
-1.04923748026572	0.337110470489464
0.179308845424369	0.0475774904674854
0.724829665143539	0.318209690473883
1.38329076586274	0.904809723250956
3.11300144927777	2.2469687200902
1.04707198782752	0.5354970039082
0.647989403945168	0.216770693040132
1.41120556675479	0.658026534328907
1.39258193627448	0.495197582069264
1.75000758136842	0.938188625655552
0.915318019020568	0.263922623604752
-0.620258260671896	0.214714395462422
-0.552335012199188	0.144678456612124
3.82125069959729	2.06090653988338
0.646664355085335	0.247560855118348
2.89574650522021	1.91626325971877
1.41667009393117	0.661428480635157
1.71943009631582	0.916289958041146
2.38390973418432	1.28508530849282
-3.35330923388312	1.4673820785091
1.43375255646066	0.671122061469069
0.157581581108027	0.0426992641424185
3.25906560847611	1.45089113400716
1.7147084772597	0.912872346013249
4.88782968637565	3.92707447088379
2.00167431076036	1.20116316112107
0.529419846686679	0.226321966005005
1.30744126905451	0.761203218495243
1.34385240019695	0.706355515562255
-0.549588025379477	0.144138904810768
1.96903762210071	1.17335388376465
0.864857311782518	0.435394270808604
2.69943622836722	2.16768946454592
-0.301330238314901	0.106644669024467
-0.620378865214911	0.214759703753463
1.43272063768476	0.670672736077732
1.41098592597843	0.657899538442011
1.59039846141605	1.05017321825479
1.05778171630322	0.542268275598641
1.10598277085689	0.444376130724814
1.04369367105462	0.534000511783361
2.3849000886837	1.28528461722794
-1.05357102754035	0.33871174915923
1.29363944013646	0.671850219096901
0.329944771977162	0.13580050655199
2.65011976356995	2.55290896543184
1.73716565513263	0.928615550121115
-0.607754494994721	0.252354814437992
1.38693874860014	0.493138548264775
1.78168645155724	0.74461717018754
-1.06803950864542	0.343420402348576
0.653383025399718	0.250726073024161
3.85604481120902	2.09231018228321
2.09069751079453	0.999366405985553
3.56977075964114	1.75979068321058
2.65834112591236	2.56711770413623
2.10429077012871	1.00741336446237
0.205561737379768	0.0441838774146192
1.39026582301669	0.494298341784791
-2.20774410875569	0.677401665515386
1.7817391805359	0.745005111153672
0.921774163847151	0.265747233383473
4.06690741540602	2.39936257722879
3.26908338806269	1.45678296110119
1.74727066667551	0.727243316298516
-3.74445231675699	1.8318045614682
-0.298209899803795	0.0888556079266036
0.807784530572696	0.401317454753467
0.177324465825582	0.0471342222202081
0.65432714649123	0.250998537139187
2.88237730645246	1.90157736319753
-0.649773329308251	0.224901835698887
2.10171143783	1.55150272611869
1.39490827033705	0.915102490523475
2.11735218443648	1.57079458267625
1.4210472928817	0.663393200086933
0.694381051215851	0.232198533859577
1.37307515848584	0.896566004312389
2.89896851317136	1.14156400888801
-0.0347706685930518	0.0112554175529255
-0.562262366874053	0.147296690051847
-2.0003038660311	0.960555180797388
2.08809621258249	0.997393156666143
0.915318019020568	0.263922623604752
2.90832288894759	1.14706883442003
1.72402871819241	0.513373825324747
1.39557961180183	0.496365775816694
3.84440354953942	2.08249008423248
1.32187666734702	0.691076901496214
3.27316965466308	1.45987901225535
0.160911134374116	0.0565612252206391
3.57731649091494	1.7652097714823
1.72665749194725	0.514015992250562
0.219531629116406	0.069422869173576
1.39139260785154	0.494323319098175
1.71943009631582	0.916289958041146
0.351194549161674	0.129077366703466
0.666999818185163	0.256299096050301
1.38248601554662	0.491066536373935
0.888471756255203	0.257036137561661
-1.05357102754035	0.33871174915923
-1.66024470236927	0.688478777830762
2.88199159780635	1.90117529518978
1.75694714586213	0.732159734378909
1.61175448975184	0.958934008783613
-0.0725807930709564	0.023050966952129
0.653994852670135	0.250819314642062
-0.611290101809887	0.211254688921602
1.07526712720017	0.430388498097968
1.74550920114326	0.935003275405439
1.01054145376815	0.458032826864902
2.38866832032858	1.28756755577686
3.28030290623515	1.46346513229433
1.38547624122001	0.492221548058075
-0.628958280631109	0.217726261034178
1.86716618300159	1.24383177086397
2.64518210370475	1.58559242648883
0.342029012611532	0.125855202785182
2.44834859745442	0.840528199577986
-1.67143688416177	0.694495184978113
0.247039100213811	0.0772177346964532
1.04268599778172	0.475050205879722
-0.119821602996979	0.0360818937127987
2.36046100661218	1.26702750642379
0.160505292207515	0.0433777347361025
2.05706097190356	0.976371422440858
0.143011877106652	0.0504174159170234
0.762288685677379	0.336904703167194
-0.304437349063416	0.0905078276399289
-0.0673957756720004	0.0215871816536072
1.02121474788396	0.463461783400736
0.749142933640545	0.330461704226326
0.999077022298379	0.451581663058621
4.48507296974594	3.10056122741616
1.59862070084479	1.05826354918849
1.02141330900391	0.463980117603121
1.95327189105554	2.04358919460612
3.1216845252552	2.25797906235833
1.33000493866214	0.697011804364667
1.59750425172338	0.946459486817042
-1.84565357995499	0.831014844516951
-1.06394273062867	0.342144349797171
-0.839803568886189	0.392053725746002
1.05627095978734	0.422060593772365
1.88995096604243	1.2655789431099
-0.025273731956831	0.00785073646678684
0.0949422640507451	0.0374408844483068
3.55514316556318	3.03664983658458
2.074443921041	0.987898360587514
-0.468192300904318	0.180528722667616
2.29792912145272	1.5486082829645
1.73171709800504	0.925062593360711
0.72192292515666	0.316534472738478
3.28028898843479	1.46347366776651
2.10656063517879	1.55832357325395
2.10204478260656	1.00634877322488
-0.303349464245053	0.0902573552966827
0.199660581380647	0.0433122758858595
3.28334481162405	1.46534615851461
1.3929641025393	0.495468277921747
0.199660581380647	0.0433122758858595
0.24231079990204	0.0758656666474767
1.75406904593644	0.730650276641333
0.250720037765366	0.0783528491205372
3.27318434966019	1.45987088217078
0.649562586933	0.249141431140864
0.37790123995244	0.139008019061535
1.35106729122333	0.710938151998784
3.25608093098774	1.44911407166836
0.193364634888779	0.0422782569669119
1.36848609513374	0.486101541554375
0.686012293245932	0.229542475879796
1.98964798431845	1.6041574957145
0.160138946131041	0.0562961130768979
0.358479315103813	0.131941298691216
1.75689874560971	0.732131283191921
1.12857022304939	0.651413208652188
0.644083144845473	0.24698505086204
1.76519883265068	0.736621797940704
0.985376118954185	0.444371432663479
0.358478918809181	0.132311272027027
4.07129894895192	2.40309687787822
1.06161122124574	0.424591695402525
0.172141930104414	0.0459762515619496
0.666646574449056	0.256056818944857
3.55574281240124	1.74904562098681
2.91488688463889	1.15100414083562
0.534801104762149	0.228589504880812
2.43961622041387	0.836769184993985
3.25906560847611	1.45089113400716
2.35379604033205	1.26097268867748
1.71838037692335	0.512092496146657
1.35427816905074	0.87922882562994
1.38957458135007	0.493821378507415
1.58169295866771	0.933998834998797
0.979623385488851	0.441544274690288
-0.57158192855009	0.149583404745863
-1.42535004782738	0.531730006152845
0.381811917978894	0.140415346992371
1.03237765841811	0.469752171623288
0.193364634888779	0.0422782569669119
0.647998853592886	0.216916563452606
-1.66487133096218	0.691410977349317
1.7772138808229	0.74200364184831
-0.319584045128266	0.113038317426936
-0.07658415415196	0.0236971262379095
-0.606420464845393	0.209873495724074
-1.65981160581395	0.689135823128313
2.43961622041387	0.836769184993985
-0.0727903319588328	0.0231123345411712
-1.39450786271473	0.518532290441501
1.36888265132558	0.891984360460917
-1.07347732586817	0.345521195851013
1.35776691723892	0.715655257058339
0.921824610399643	0.265755741469354
0.6632665028763	0.254542872386415
1.06730544773054	0.427159838008875
0.365469522609993	0.134857618301876
3.81774587035387	2.05871471298175
-0.865586553886487	0.334978885127012
0.180334652339367	0.0478106473797875
1.04175540575078	0.415250420512325
0.216669552420131	0.0682893939160796
2.4483134540998	0.840541819013097
0.143385675034149	0.0395606144261334
3.26909842045239	1.45753652807612
1.07282229233307	0.552303934839987
1.43375255646066	0.671122061469069
2.6806060077661	1.61845689006607
2.08687180288968	0.995840966043941
1.07319275548697	0.429814917008006
1.06150694615979	0.545300649818617
1.73812273916778	0.721866423643434
2.90832288894759	1.14706883442003
1.05998292544849	0.544472863191117
2.30542691571513	2.21812710573746
0.683090437699776	0.228431766982679
1.55111699541404	1.01426958195933
1.02908379393622	0.524656497746174
1.3862506723317	0.999195237834081
-1.85077586851557	0.834046338619485
-0.155375196355128	0.0579313041991195
2.29841080317452	1.86076755956157
-0.599307253807951	0.248189954068824
0.674937625354654	0.330121252820004
-0.299750503399793	0.0891375543649419
0.168702694631886	0.0594461133077563
2.49714616467162	1.84036625348043
-0.274191524798203	0.096643179961818
-2.20591718521851	1.15519854603187
3.56972479265114	1.76059839007616
0.910858892443621	0.262745945817241
2.13341436505612	1.58724888475224
3.57301180618074	1.76219924411501
-0.290172480232866	0.0866608763690696
1.39256483421105	0.495195831360944
0.906151326926563	0.261259737108879
1.41194988168762	0.658134811374873
0.24231079990204	0.0758656666474767
1.40892208736428	0.656823887515043
2.35856718227095	1.2647806442888
2.26372356309637	1.51439313735481
1.42811167163782	0.667961005033417
0.236638685464468	0.074232976377494
0.182309601441683	0.048270223246002
-0.474397773189908	0.183409875173398
0.917296314805694	0.264562429003048
2.41557774195009	1.30952991995572
0.141282011117499	0.0502684372854712
2.01815488297806	1.2162845746974
0.942220488650162	0.530888390644851
0.122711269753623	0.0440703767511688
2.00822251126311	1.20697174680413
0.231117956713234	0.0727088244452258
-0.294136664369745	0.0875951334882074
0.661715110983055	0.254318429549469
0.666048146933676	0.255968521416685
0.352034356636309	0.129818473018684
1.71838037692335	0.512092496146657
1.43375255646066	0.671122061469069
0.6672007365178	0.223381989105188
1.72402871819241	0.513373825324747
0.199660581380647	0.0433122758858595
0.182309601441683	0.048270223246002
2.90827841061733	1.14708003600027
0.679811111125936	0.261593522253373
0.15075698097578	0.0535380676156228
2.89130854291821	1.91125909346463
3.27316965466308	1.45987901225535
2.91488688463889	1.15100414083562
0.906151326926563	0.261259737108879
1.74919545705716	0.727871284649911
-0.637674555285378	0.220511374602183
-1.40109811291681	0.52130914324694
-0.571538969396222	0.149182553096798
1.77393728942937	0.74080523066272
-1.65150891434616	0.684638876104635
2.91874144340492	1.15180916074423
1.39028291728355	0.494072914686244
-3.06142327849064	1.22511692748265
0.69096870942265	0.231048868043151
0.730035147472876	0.320552889499337
2.74373640002371	2.22635594552634
3.56395196501039	3.04958321543156
2.67964984386079	1.61714036172608
3.57726881742395	1.76601645158811
-0.62911400726838	0.217642117633131
0.157581581108027	0.0426992641424185
-1.17021244399208	0.530193336652261
3.82865358910845	2.06806934423554
1.4210472928817	0.663393200086933
3.12116733960528	2.25801895548743
1.36877993354125	0.892255084517275
1.03019836303148	0.525458909532798
1.72665749194725	0.514015992250562
2.09745532714859	1.00299110807235
1.39557961180183	0.496365775816694
1.42846065243411	0.668294015164211
0.170184199651161	0.0455102597114768
3.26610537788351	1.45572874939348
-0.865926978823213	0.335031559669319
-0.306073253377622	0.0907991441592629
2.89909989788305	1.9194373638307
-0.597272310660141	0.206467605355444
0.683042523889567	0.228414048266896
-0.09326589797225	0.0280811255724891
0.985835469678379	0.44470977125681
1.74172091202536	0.93208781477396
-0.286974240436354	0.0857853046400139
2.08802096312076	1.53724778630813
2.93105200613017	1.95310014099885
1.3801874459795	0.490172173913112
2.66335454513332	1.60243008794483
4.47691291616298	3.08919353004172
3.25904938664935	1.45089842575752
1.57878626337879	1.15059393209081
-0.29284998590975	0.103575931589066
1.30738743367114	0.681689003195074
-0.256599292928467	0.102346659372996
1.0785787890998	0.556411459514331
0.210979022814743	0.0666477112979568
1.0542638608458	0.540650545420123
1.76266616893112	0.735090202637704
1.0463090980596	0.535456440102949
0.741000771144127	0.32639052259146
0.89762939669076	0.259684060269182
1.39258193627448	0.495197582069264
2.05514293453798	1.24778651412396
1.74393376136045	0.725773790162244
0.521117893584007	0.222403542060434
2.37288342094965	1.27591493703309
1.82820391760453	1.20518711555912
-1.0411155019997	0.334366938978704
2.90551789185603	1.14556900793857
3.56972479265114	1.76059839007616
1.0831480533717	0.434578058522623
2.92438485477444	1.156147471729
4.09434144370349	2.42707912881285
0.199576422573671	0.0635371826812609
0.636766376419572	0.243768225638453
2.68429181115468	2.14842327629875
0.349390722814814	0.128488950962827
0.247039100213811	0.0772177346964532
1.76271459085892	0.735118738719892
0.245981440170419	0.0769582113452547
1.3398163528636	0.786176502429102
5.33402569529561	5.18334299885218
3.56321850271678	1.75430275733671
1.17323957316864	0.751935075076616
2.91493124431159	1.15099278421732
0.692221603806191	0.231554051840086
3.5772212367167	1.76512071300624
1.38877856598633	0.494034507519342
-0.294136664369745	0.0875951334882074
-1.46556636079729	0.39889055417079
-0.556695510417587	0.145720699864662
2.38511814817332	1.28596893426868
1.76266616893112	0.735090202637704
0.335952698918659	0.1237967127177
0.160505292207515	0.0433777347361025
1.39439163408924	0.495778972801822
2.91488688463889	1.15100414083562
1.7149181021222	0.912333460931479
1.75845851337505	0.733234957019094
1.61816216523969	0.964310150115304
0.177324465825582	0.0471342222202081
3.27924118008841	1.46229877184658
-0.556695510417587	0.145720699864662
-0.0615812701788841	0.0195821091510018
0.741905926768887	0.327109124290063
2.64167658045706	1.58200939208568
-0.549588025379477	0.144138904810768
-2.70163341573963	0.956867155200627
2.90832288894759	1.14706883442003
2.08221389286219	0.993901362497794
-1.67071084084273	0.694017145062946
-2.71366037927859	0.963507235303924
1.75844147562001	0.733383866818474
2.89896851317136	1.14156400888801
1.00979770841898	0.512313218552674
1.7660718355889	0.736843404138436
2.91210871999862	1.14894462063688
2.38511814817332	1.28596893426868
2.09854407465172	1.00363736255297
0.680770536184485	0.227634687282147
0.236638685464468	0.074232976377494
2.00523232080246	1.20469506515502
1.54457219645108	1.11345151518747
2.66182483145246	1.60067776103807
0.506786494009372	0.215355812862219
3.27318434966019	1.45987088217078
5.04714842048395	4.32182310322872
0.658376177824388	0.252792136950076
0.683090437699776	0.228431766982679
2.09396320894315	1.0011830226404
1.35850145831133	0.88406357827194
2.44834859745442	0.840528199577986
1.74106252884557	0.932121141719904
4.29714818569543	2.75704579246906
1.01943032457994	0.518705319812195
0.654209398021155	0.250907487224688
1.56131477666402	1.1318092633545
1.35106729122333	0.710938151998784
0.924519625006435	0.266522920108041
2.27075315483357	1.82270392545385
1.40274440558796	0.499243938315738
1.43799849963348	0.672961429557471
2.97312350667939	4.33760736073043
1.37720610089078	0.4890227456012
3.55154185738699	1.74591014244481
2.45176958518949	0.841449769742287
1.09322233121781	0.438784429633516
2.90827841061733	1.14708003600027
2.38139112802631	1.28265319016193
1.71838037692335	0.512092496146657
0.686536055887006	0.229501764539986
0.354265315366688	0.147033833941544
2.05974980851232	0.979022808157446
1.35383060909438	0.797006399997642
1.72361687910877	0.919318135343391
1.1022890318268	0.442672336786376
0.671783008731121	0.224523528358971
0.667834514187836	0.223379760188729
2.26348430625687	1.51359663947826
2.70156685144724	2.1719633228279
0.176191140217325	0.0621911830465424
1.79089261153343	1.30964239114722
1.02964262562433	0.468192498556971
0.924519625006435	0.266522920108041
3.85972643602865	2.09572284347832
1.38277622260188	0.491429562364001
0.664229390792417	0.221891790168857
-1.40535664263192	0.523201833324806
1.76805416025174	0.737769143612369
1.37558935632313	0.489060937437241
2.44567166971443	0.839453219846175
0.215015144192656	0.0869528920624658
0.906151326926563	0.261259737108879
1.77731775736724	0.742549867568003
0.208130289751052	0.0445612068776082
2.10191660741599	1.00581722578712
0.911660611720513	0.263371621340662
1.72218653409657	0.918344392087736
0.208130289751052	0.0445612068776082
-0.609158398920802	0.210864854245956
1.42824066057714	0.667886456600448
1.40587184399065	0.654955684292461
4.07086376229486	2.40143779802406
2.45716616852698	0.843674766141773
2.38866832032858	1.28756755577686
1.11888016868686	0.644136968754511
2.43961622041387	0.836769184993985
2.09617622581542	1.00254769667221
2.9037757167793	1.92457176210822
1.0707599967962	0.428304191192394
1.86679408543816	1.24241010611997
2.37659817852811	1.27883941086168
2.25856978660943	1.50880624947774
0.185336229200483	0.0489521954549182
0.185354182313861	0.0489411300621527
3.27619497272584	1.46229178166629
1.38545837834875	0.492219504116298
0.635511580439922	0.2433599029714
-0.066665417731465	0.0208629724894608
2.92438485477444	1.156147471729
1.71943009631582	0.916289958041146
2.40665218131254	1.30287266862572
1.33010550299214	0.697143829541214
1.72378059957424	0.919027269631388
1.74919545705716	0.727871284649911
2.44834859745442	0.840528199577986
-1.46754137571983	0.399241075338394
3.25608093098774	1.44911407166836
2.67095074898671	1.60917061762833
3.25904938664935	1.45089842575752
1.37859750276635	0.490222912680126
0.915318019020568	0.263922623604752
1.38957458135007	0.493821378507415
1.7147084772597	0.912872346013249
1.44084100661094	0.67515213066271
2.90551789185603	1.14556900793857
-1.47559564657686	0.401361379112135
-3.09628873485173	1.24398931852427
-1.46556636079729	0.39889055417079
1.71838037692335	0.512092496146657
0.915318019020568	0.263922623604752
0.664229390792417	0.221891790168857
2.92158168883162	1.15406672838897
0.910858892443621	0.262745945817241
-2.21584944415156	0.681305547753399
-1.40450880552535	0.522580738022495
-1.04621110690196	0.336165192535253
2.45713066693921	0.844016359639868
4.08257487951431	2.41471487906593
2.0705747055511	0.986092746616335
-1.65359609038243	0.685359609972309
0.208088282973525	0.044554233682967
2.45716616852698	0.843674766141773
2.45176958518949	0.841449769742287
3.82972352514558	2.06791351062552
0.663336852365455	0.221861994107979
1.72402871819241	0.513373825324747
3.56972479265114	1.76059839007616
0.640783292158946	0.245422565674362
1.74105239452581	0.931428432461311
2.41474543648528	1.30851803825572
0.906151326926563	0.261259737108879
0.683090437699776	0.228431766982679
2.92715105200563	1.15632474992962
1.77388619361697	0.741131703530167
-2.69742047364421	0.954793958704405
1.40274440558796	0.499243938315738
0.205561737379768	0.0441838774146192
1.71838037692335	0.512092496146657
-1.47559564657686	0.401361379112135
2.91776082824986	1.15193094411066
2.90551789185603	1.14556900793857
2.91771648568221	1.15252312484676
0.208130289751052	0.0445612068776082
1.72402871819241	0.513373825324747
0.182273477751123	0.0405997709363184
2.45713066693921	0.844016359639868
1.72665749194725	0.514015992250562
1.38957458135007	0.493821378507415
1.08243041392435	0.433808481076357
1.40276034595944	0.499015152970679
3.58480031521524	1.76996218225702
3.84453748990437	2.08172146404308
0.208088282973525	0.044554233682967
1.72665749194725	0.514015992250562
2.90832288894759	1.14706883442003
0.20471393630254	0.0440337263228802
-0.0683288340558768	0.0216509268387189
1.72665749194725	0.514015992250562
2.44567166971443	0.839453219846175
0.683042523889567	0.228414048266896
-2.21257221902061	0.680354097619789
0.163492226678909	0.044044738586646
2.45446436525245	0.842916202981294
-0.302194401361676	0.0898991994770611
-1.05139365222271	0.337625068809831
1.76029939115389	0.733878423235619
-1.47559564657686	0.401361379112135
-0.314005354204939	0.0929954849012447
1.72665749194725	0.514015992250562
0.69790279773561	0.233397477907166
1.76266616893112	0.735090202637704
2.92438485477444	1.156147471729
0.208130289751052	0.0445612068776082
0.663822089954424	0.221854620777042
1.36899380834103	0.722629850648417
1.42443644535245	0.665709520641548
1.75475440844037	0.94078319761881
2.90847567911204	1.93003494993036
0.722207385336717	0.316957422153453
2.91493124431159	1.15099278421732
2.27619618914166	1.52690836002384
3.82877106041862	2.06906516969353
-2.20131061198549	0.675574843790802
1.02013596906638	0.463426319531672
0.664229390792417	0.221891790168857
2.3791829536265	1.28135485152416
1.76271459085892	0.735118738719892
2.07885463546249	0.990791062375455
2.64987412911085	1.58993265442369
0.677379565658875	0.226586193321658
2.39767651973771	1.29524145201207
0.915267467236802	0.263914073443303
0.187468605835015	0.04141071045087
0.195923847427482	0.042652530602415
2.92153744995923	1.15407818465564
1.73286978016093	0.92589763774962
2.07873132634183	0.99133955114872
-1.39447579712601	0.518519557547366
2.90827841061733	1.14708003600027
1.76132592326778	0.734011809487289
2.90832288894759	1.14706883442003
0.170184199651161	0.0455102597114768
3.5806215145737	1.76713572499057
1.75689874560971	0.732131283191921
2.45446436525245	0.842916202981294
2.90551789185603	1.14556900793857
0.172141930104414	0.0459762515619496
0.697851317320155	0.233378401193421
1.4424893859302	0.676274603130805
0.208130289751052	0.0445612068776082
-0.306073253377622	0.0907991441592629
0.159084195499199	0.0430267803944521
0.165083419710785	0.0443685940133751
1.72665749194725	0.514015992250562
0.92457006190404	0.266440401880801
2.90832288894759	1.14706883442003
0.915318019020568	0.263922623604752
1.42126218292177	0.663517965383386
1.34174142760435	0.704384383579654
3.26608991492401	1.45573646702542
2.90949354868433	1.93119198880442
3.13151161982564	2.27013153038634
2.32046557567297	1.57111310474781
3.82888864503241	2.06827257768011
0.661084894643897	0.254011140963693
2.38139112802631	1.28265319016193
1.01908147860143	0.46260681212763
0.215996978117462	0.0683603338261841
1.7506657784623	0.729256008965406
2.91234761124895	3.25812578052357
1.07679128135453	0.431205681460047
1.76805416025174	0.737769143612369
0.644083144845473	0.24698505086204
-0.57511310367108	0.150427941210277
1.72665749194725	0.514015992250562
3.2833312885705	1.46611990793056
-1.46556636079729	0.39889055417079
0.208130289751052	0.0445612068776082
0.659279431527637	0.22063374661738
3.8437648142312	2.07955834494114
3.57397276002055	1.76270999054685
3.26608991492401	1.45573646702542
1.38957458135007	0.493821378507415
2.90551789185603	1.14556900793857
0.143385675034149	0.0395606144261334
0.153562552224761	0.041829469910638
2.44567166971443	0.839453219846175
2.92442907579133	1.15555204884472
-2.21257221902061	0.680354097619789
0.240308569886204	0.075322617624464
0.675156152037975	0.22565754625012
2.67192324457325	1.61001492815338
2.91854743794234	1.94061982227151
0.662432995041472	0.254457734350914
1.39256483421105	0.495195831360944
2.36049935998302	1.26574983535061
2.45442904372326	0.842929862158112
3.07165751219436	2.90895788509302
3.80690118981087	2.04849128299481
1.60197159636661	0.950316488113718
3.27618071303355	1.46153655074
0.166936128032523	0.0447866169980702
1.42389157344334	0.665734056026918
1.7660718355889	0.736843404138436
0.173719069466805	0.0463443450457431
0.908148649268101	0.26198445808125
1.43227090562504	0.670272548642454
2.25946933342721	1.81015519825638
0.177097869981938	0.0470728244887579
1.05821955032214	0.543394112833757
-0.640963376285242	0.222025605309641
0.647525399463336	0.248119889122432
0.663385927314191	0.221879924565254
1.74727852378999	0.727755407864336
3.27316965466308	1.45987901225535
1.75068365698165	0.729500594274904
3.27318434966019	1.45987088217078
2.90832288894759	1.14706883442003
2.91493124431159	1.15099278421732
3.57397276002055	1.76270999054685
1.17722439485132	0.754659953502309
1.08343277449304	0.43405914409849
1.71838037692335	0.512092496146657
0.675202385974488	0.225674647305293
1.74579979567988	0.935242340465103
2.4483134540998	0.840541819013097
1.39026582301669	0.494298341784791
1.74914873579314	0.72784373443922
1.03895125881521	0.530894841535166
3.25608093098774	1.44911407166836
3.56977075964114	1.75979068321058
1.0671368633528	0.426658214795582
2.40578559400761	1.30190213253038
2.28288352235581	1.53392106403248
3.85958715875243	2.09527567753062
2.68512645042133	1.62267413443494
3.57296496055713	1.76215685722717
1.08932753244508	0.621993321928797
-2.7337900963851	0.973643298356265
-1.48036509444371	0.402677323712302
1.63613481538523	0.978912587961868
2.43961622041387	0.836769184993985
1.69529079248272	0.898751670064054
4.08257487951431	2.41471487906593
1.40276034595944	0.499015152970679
2.45446436525245	0.842916202981294
4.04395837182084	2.37359776609158
0.672085675093466	0.258301788788476
-0.549638443779565	0.144154566527545
4.54908369680674	3.18659123560585
1.73267428564054	0.925482975996102
3.58057285984422	1.76825339260171
2.89614844546491	1.91729451196891
0.184506730859797	0.0487417923755395
2.90551789185603	1.14556900793857
2.07968268147193	0.992146792649485
3.28636755859253	1.46779915363749
1.74727852378999	0.727755407864336
0.205415593380568	0.0654170938789961
-0.640763376223757	0.22201723758805
0.146382515946992	0.0402248473197615
1.39557961180183	0.496365775816694
0.208088282973525	0.044554233682967
2.90551789185603	1.14556900793857
1.39972857201292	0.49785287169011
1.72402871819241	0.513373825324747
4.29654856952941	2.75768653387511
3.27619497272584	1.46229178166629
1.01670980069972	0.460817809886994
1.75157325264744	0.72908452782451
2.88702915299469	1.9060662370211
1.72664583622157	0.514027439791968
1.73957228029433	0.723505555824194
2.45709514677168	0.843701380989689
0.683053910239571	0.22846371401752
2.44567166971443	0.839453219846175
2.09854407465172	1.00363736255297
1.77383519060389	0.740746034447833
0.92457006190404	0.266440401880801
1.72665749194725	0.514015992250562
3.25906560847611	1.45089113400716
3.27316965466308	1.45987901225535
1.39556294187099	0.496135793832498
4.05522406060628	2.38621097974783
1.71838037692335	0.512092496146657
3.55895493620897	1.75203607094021
4.05971258368773	2.39004897732211
0.642750243792651	0.246595752447275
2.4483134540998	0.840541819013097
3.56226151463511	1.75365296814151
0.205561737379768	0.0441838774146192
0.185354182313861	0.0489411300621527
1.74386805742768	0.724791639516812
0.196315155888877	0.0427978646049216
1.38248601554662	0.491066536373935
0.167697313889314	0.0449797086311484
1.10241852597439	0.44300069869777
2.64056031200289	1.58088552072771
2.08569590882308	0.995111296735672
1.38727744289309	0.493135957861707
1.39557961180183	0.496365775816694
1.41595240351364	0.660692101003323
4.31684015889144	2.78187001547874
1.75077177276004	0.939134749829772
1.76612122420627	0.736517957467052
2.91493124431159	1.15099278421732
3.8331373619037	2.07194875327632
2.92625672312078	1.94869642652691
2.08005047323412	0.991876342394343
2.66269317512245	1.60264507444639
3.27619497272584	1.46229178166629
0.915318019020568	0.263922623604752
2.26753494695975	1.51863224801766
0.679653114219625	0.227181883175313
1.39256483421105	0.495195831360944
1.72402871819241	0.513373825324747
0.208130289751052	0.0445612068776082
0.205561737379768	0.0441838774146192
1.75490758178519	0.730788790484642
3.28638063920881	1.46778961483254
3.2833312885705	1.46611990793056
3.56972479265114	1.76059839007616
2.43961622041387	0.836769184993985
2.41498442054321	1.30869054133799
2.106645972142	1.00842100880927
1.39258193627448	0.495197582069264
0.906151326926563	0.261259737108879
4.31384447411312	2.77707780952881
0.195923847427482	0.042652530602415
1.10047647223299	0.442006357072538
1.71838037692335	0.512092496146657
0.196315155888877	0.0427978646049216
0.906151326926563	0.261259737108879
-1.46754137571983	0.399241075338394
-1.84167898638146	0.828457384833151
0.663385927314191	0.221879924565254
0.656599747468318	0.251849816271509
1.72665749194725	0.514015992250562
0.658526731390681	0.220060854684016
-1.46556636079729	0.39889055417079
3.57305874423035	1.76108157503203
2.38533636033725	1.28561237005996
2.9002673020995	1.9207806635082
1.42337342839467	0.664749967630262
-1.46754137571983	0.399241075338394
-1.29115145427585	0.615446415633478
3.10406533820904	2.23612411836117
2.08461067139766	0.994824464533218
3.2833312885705	1.46611990793056
0.199660581380647	0.0433122758858595
1.04766721560697	0.41804999597243
0.919980403266708	0.265234439804273
1.71838037692335	0.512092496146657
0.67517527376904	0.22567167159486
1.39024877373414	0.49406930635718
0.921824610399643	0.265755741469354
0.208130289751052	0.0445612068776082
0.208130289751052	0.0445612068776082
2.44834859745442	0.840528199577986
-0.29578813560486	0.0882116684839374
0.915267467236802	0.263914073443303
1.33915208801434	0.703301005444922
-0.292729940768794	0.103439471969934
3.56217304695275	1.75356860451488
1.77295523964093	0.954384196904109
1.38547624122001	0.492221548058075
2.08687440913371	0.99641134159439
3.56977075964114	1.75979068321058
3.27619497272584	1.46229178166629
0.910858892443621	0.262745945817241
1.83965424746841	1.36180369782031
1.72665749194725	0.514015992250562
2.90832288894759	1.14706883442003
2.43961622041387	0.836769184993985
-0.549588025379477	0.144138904810768
2.91771648568221	1.15252312484676
2.45716616852698	0.843674766141773
-0.298243338342598	0.0888649209209968
3.56221723512204	1.7544607898084
-0.333933141313993	0.0984103819871092
2.38000220756903	1.28197810493962
1.38993607736237	0.6450796398723
4.70973008739887	3.53153760334922
0.682598544233423	0.228483971119609
0.231117956713234	0.0727088244452258
1.32231177758171	0.691896815493703
2.02218694456691	1.21897986684232
-0.302624020341436	0.0898708198679739
2.4483134540998	0.840541819013097
1.37978528414721	0.490494430759015
2.44567166971443	0.839453219846175
2.08809621258249	0.997393156666143
1.44119624075019	0.675657203855335
2.45176958518949	0.841449769742287
2.91210871999862	1.14894462063688
4.06669747864551	2.3982264284716
3.56967891771929	1.75970398327778
-0.562262366874053	0.147296690051847
1.72402871819241	0.513373825324747
2.07299107522641	0.987025883018416
0.989998846505491	0.446934905252722
1.31381544431599	0.685737004081236
1.39258193627448	0.495197582069264
0.167714996663192	0.0449834543600603
2.89156594801189	2.52085461623409
1.35622409990163	0.881402667277438
0.342029560379356	0.125982023187051
0.150652668262833	0.0411730734954083
3.83631930953674	2.07474114477956
1.0251038546818	0.465865901554169
3.27316965466308	1.45987901225535
1.06743178358923	0.427217384158955
1.00829869221336	0.456324920608846
3.28334481162405	1.46534615851461
4.47691291616298	3.08919353004172
-0.597031467647433	0.206378952802774
0.187468605835015	0.04141071045087
2.44567166971443	0.839453219846175
2.90476269661785	1.92580089647153
2.09758253416694	1.00306881864091
1.38957458135007	0.493821378507415
-0.463061689306983	0.178656013755363
1.78179088019858	1.4454265756329
2.28543160824018	1.5363193702296
0.223201732071382	0.070503569744536
1.43003494082045	0.669452619305394
1.73953356091327	0.723250406310303
1.72402871819241	0.513373825324747
3.82208423256688	2.06165992465882
1.71838037692335	0.512092496146657
0.170184199651161	0.0455102597114768
0.919086224093982	0.264875597201778
0.180334652339367	0.0478106473797875
1.07134900617581	0.551062145578181
1.40274440558796	0.499243938315738
1.43945695118784	0.674789263053437
0.164712869579257	0.0443121871062313
3.37603776137845	3.71945069842484
4.50062969626824	3.12259671093837
0.662210510653847	0.22166725158361
0.373346927214343	0.137509405270366
3.14357661431288	2.28547530698047
4.0475466982656	2.37737693998537
2.91668201374918	1.93811695039721
2.29368244162934	1.85433171013964
2.3695126619257	1.27421390702868
0.722507796210202	0.317169353265471
1.42330450365301	0.665112693184445
2.65363573679875	1.59401282558185
4.05971258368773	2.39004897732211
0.67742746445304	0.226603864627127
2.6385849177167	1.58013976633696
1.07914588426441	0.432705181035229
4.32585747580875	2.79226181309473
2.91776082824986	1.15193094411066
1.39256483421105	0.495195831360944
0.195923847427482	0.042652530602415
0.182273477751123	0.0405997709363184
0.199660581380647	0.0433122758858595
1.362684147619	0.483416189481809
-1.01723381090736	0.428587538507289
2.45446436525245	0.842916202981294
1.75157325264744	0.72908452782451
3.26610537788351	1.45572874939348
0.908148649268101	0.26198445808125
2.43961622041387	0.836769184993985
2.41034044350148	1.30468333060966
0.917347332724012	0.264571103399029
2.92571144233923	1.94764814743628
2.89896851317136	1.14156400888801
3.82972352514558	2.06791351062552
2.44567166971443	0.839453219846175
4.87450312144808	3.9044443495744
3.81786006711318	2.05881896391186
3.28334481162405	1.46534615851461
1.76602253904652	0.736460561645212
0.655879270319225	0.219639756476756
3.26310413052701	1.45333946698961
1.06793724352819	0.427582609465984
0.204756590717357	0.0440408052662146
2.3882967901111	1.28893788024603
2.45446436525245	0.842916202981294
2.92153744995923	1.15407818465564
2.50451355323102	1.84845598421701
4.73113039137287	3.56210482753172
1.76266616893112	0.735090202637704
1.7506657784623	0.729256008965406
2.07983324758503	0.992688936076852
3.25608093098774	1.44911407166836
2.07657892848425	0.989648756453333
3.31486471638857	2.59340316612811
3.48365811942899	4.09225012498311
2.65203540344183	1.59307041794931
3.588170845786	1.77334019029816
0.20471393630254	0.0440337263228802
1.4245050047718	0.666136605087987
2.6847964056853	1.62260650498392
1.77046288364682	0.739085774074085
0.858367524522428	0.43156462360108
2.26823182832412	1.51849696338535
0.205561737379768	0.0441838774146192
1.34398046082596	0.78930170474822
4.70101406524717	3.5177366008227
3.27620927747588	1.46151929297208
3.56972479265114	1.76059839007616
2.67192324457325	1.61001492815338
1.77731775736724	0.742549867568003
0.195923847427482	0.042652530602415
0.921774163847151	0.265747233383473
2.07885463546249	0.990791062375455
2.08591591043052	0.995653239553386
1.74727066667551	0.727243316298516
0.177916426070479	0.0472813074926094
0.637847534706426	0.244683004055966
1.38248601554662	0.491066536373935
0.991596400648022	0.448109719458451
2.08822252927159	0.997024771965125
0.254284235189305	0.0794453940672214
2.10204478260656	1.00634877322488
0.217416173097789	0.0688332753506841
2.05913219713652	0.978398266858088
2.44567166971443	0.839453219846175
1.32394686372343	0.773913356975547
1.37558935632313	0.489060937437241
3.59150016787306	1.77529358399248
2.90887369890334	1.92957608862087
2.15844942502057	1.61419088237961
3.26310413052701	1.45333946698961
3.55574281240124	1.74904562098681
2.44834859745442	0.840528199577986
1.38727744289309	0.493135957861707
-0.0802225162510298	0.0253170697328077
-1.05646570561747	0.339422980870141
2.04931167416695	1.24288907980638
0.208088282973525	0.044554233682967
3.56226151463511	1.75365296814151
-0.575164272865808	0.150444100533915
1.06806418440503	0.427589994390055
-0.279150056929458	0.0836472229614302
1.72665749194725	0.514015992250562
3.57301180618074	1.76219924411501
0.208088282973525	0.044554233682967
1.76266616893112	0.735090202637704
1.06634441622681	0.548169953739493
2.65363573679875	1.59401282558185
3.10570034394332	2.23806032811686
2.63707354224464	1.5782513913834
0.20471393630254	0.0440337263228802
4.7180088305214	3.54402498932362
2.08415832715077	1.53315390325324
1.770513002613	0.73911521710779
1.00299832225936	0.454030092382179
-1.06922186661258	0.343915854428266
0.626642322423355	0.240122959270327
2.11603132839225	1.56817165529362
0.911660611720513	0.263371621340662
2.44834859745442	0.840528199577986
1.05797264199993	0.422795226730335
2.90827841061733	1.14708003600027
-1.46556636079729	0.39889055417079
-0.304389922778657	0.0904940480963697
0.154913961587761	0.0421042625136645
2.35878680508412	1.26445241297547
1.75836510142843	0.943751418092496
1.38277622260188	0.491429562364001
2.64981591309696	1.58992556573672
4.31745830382905	2.78252366343807
2.00247262163021	1.20191199153018
0.64873685755591	0.248980723612777
-0.55888165037327	0.146019049191659
0.208130289751052	0.0445612068776082
3.56977075964114	1.75979068321058
1.76810514306125	0.7381530283959
4.28101317828962	2.73829501198334
1.75495432576142	0.730816424365007
2.92434064150852	1.15557468669485
2.6762755189216	1.61356497614918
1.067358450171	0.426930579041004
-3.79222058894701	1.85722332142551
1.38545837834875	0.492219504116298
1.39256483421105	0.495195831360944
1.41996252685325	0.662771507902852
3.27316965466308	1.45987901225535
4.71019507724406	3.53178503032456
1.3701735298738	0.486046373261376
-2.20452069372124	0.676749531450116
2.08234354012844	0.993536617280729
0.205561737379768	0.0441838774146192
0.187516582106475	0.0494383766804619
2.43961622041387	0.836769184993985
-1.66487133096218	0.691410977349317
1.77388619361697	0.741131703530167
0.208088282973525	0.044554233682967
0.199660581380647	0.0433122758858595
-1.47559564657686	0.401361379112135
3.25904938664935	1.45089842575752
3.53087164152304	2.99847218461163
2.52760361618324	1.87576474472804
4.07151042248906	2.40332242395071
1.07878401387793	0.432142860294847
0.24231079990204	0.0758656666474767
3.57397276002055	1.76270999054685
2.91493124431159	1.15099278421732
3.26608991492401	1.45573646702542
1.72665749194725	0.514015992250562
1.09050114756657	0.437461242160714
1.38574543378959	0.492858150197212
0.910807770799633	0.262737230399533
2.37551489355718	1.27842281579829
0.124606315131517	0.0446326169352922
0.190695010497311	0.0418340508511931
1.75406904593644	0.730650276641333
2.90832288894759	1.14706883442003
2.91776082824986	1.15193094411066
2.39901683304955	1.29747959590638
4.8982114970953	3.94292959366583
1.72664583622157	0.514027439791968
1.77731775736724	0.742549867568003
0.902425948558069	0.260776504921945
1.75694714586213	0.732159734378909
2.31529111057164	2.22770501281691
2.65861689116527	1.59804071001054
2.89186243829949	1.91166401820422
0.199660581380647	0.0433122758858595
0.208088282973525	0.044554233682967
3.58057285984422	1.76825339260171
1.08696413389759	0.435882187828599
3.2691134975973	1.45676655530423
4.08322370877243	2.41649245698285
2.31909836276356	2.23740689571633
4.09011748947431	2.42198707906051
1.76805416025174	0.737769143612369
0.904135206672466	0.261509120910768
-0.552335012199188	0.144678456612124
1.75845851337505	0.733234957019094
1.77491609616464	0.740653452023574
3.25608093098774	1.44911407166836
0.657659253623636	0.219974557705683
0.924519625006435	0.266522920108041
2.92153744995923	1.15407818465564
0.180315924045662	0.0478066702574292
0.367311541474262	0.152372984488324
2.91493124431159	1.15099278421732
0.656666486137064	0.219704410170253
3.55895493620897	1.75203607094021
3.27620927747588	1.46151929297208
0.669547790070559	0.223855623975965
3.25608093098774	1.44911407166836
1.75157325264744	0.72908452782451
1.770513002613	0.73911521710779
1.42504885552191	0.665753850818339
3.24909639235388	1.44424220972449
1.41477222510256	0.659851303532661
0.167697313889314	0.0449797086311484
2.02738273472467	1.22307582130641
1.76187945735624	0.734917482673091
4.06690741540602	2.39936257722879
1.08840515526203	0.436668223542729
3.8399774426495	2.07869138541729
2.3982235304656	1.29550420000521
2.90827841061733	1.14708003600027
0.202198391670494	0.0436656035177294
4.28502769602853	2.7428228268748
4.05182092813482	2.38195009401284
-0.29578813560486	0.0882116684839374
1.77388619361697	0.741131703530167
2.2400519904865	1.4906146006379
2.4483134540998	0.840541819013097
1.71838037692335	0.512092496146657
1.37387968504453	0.726329958015383
2.90827841061733	1.14708003600027
1.38545837834875	0.492219504116298
2.44567166971443	0.839453219846175
2.92573587458218	1.94762973445859
1.76271459085892	0.735118738719892
0.00476764683199898	0.00125739262936799
-1.04340419496541	0.441895845908374
-0.554009631260321	0.145198449870715
1.3726881258282	0.487534212258015
2.49549939755262	1.8378972868289
1.13166482680449	0.716925299087157
3.27618071303355	1.46153655074
-0.549638443779565	0.144154566527545
3.82208423256688	2.06165992465882
1.71838037692335	0.512092496146657
0.917296314805694	0.264562429003048
-0.621213204796868	0.215048806321663
4.50109287095606	3.1220725578066
3.27924118008841	1.46229877184658
-0.563224434073156	0.1470595732283
3.27919957863163	1.46232569188403
2.89896851317136	1.14156400888801
1.73249134622092	0.925194087042376
0.912597447073333	0.263157043298413
0.667834514187836	0.223379760188729
1.07314442330609	0.429735777855557
0.385753204725309	0.141846326971391
1.36056240831163	0.80218643307938
0.675202385974488	0.225674647305293
0.373346927214343	0.137509405270366
-0.305537092046169	0.107879751905814
-1.6590858674493	0.688456873864247
1.71501455507773	0.913087872981793
1.38277622260188	0.491429562364001
3.84792904445834	2.08575030655064
3.1224090887274	2.2588793093749
0.664229390792417	0.221891790168857
1.39256483421105	0.495195831360944
0.912597447073333	0.263157043298413
4.48939384801363	3.10515892416292
0.679653114219625	0.227181883175313
3.15148288794307	2.29474649463254
1.89222915036298	1.26786457725616
1.75157325264744	0.72908452782451
1.05328310334829	0.420345282403066
2.6899545463011	1.62674676559608
1.77928659370702	0.74317134864283
0.683090437699776	0.228431766982679
0.919086224093982	0.264875597201778
2.38511814817332	1.28596893426868
-1.16107002977523	0.522083554823124
2.71886397966918	2.1930822038101
1.44226719141262	0.675862488734487
-1.40325859652233	0.522285930698835
1.39258193627448	0.495197582069264
0.166569664409733	0.0588975506810891
-1.50344875355787	0.808664281415385
2.03100297736607	1.22696607825486
1.07095157017984	0.428818473386194
2.67594905045853	1.61420586851953
1.73297831887645	0.925698526944301
3.81026925232628	2.05144697611463
4.30517901152248	2.76817930247224
1.0344996906056	0.470809134496247
1.34878896990976	0.709241572118272
3.55574281240124	1.74904562098681
2.44567166971443	0.839453219846175
2.67640437249196	1.6146463428284
3.58052429827243	1.76820988967439
2.90456708202431	1.92537489990463
4.8639531555944	3.88548081932895
2.63640481652781	1.57794174426881
1.72402871819241	0.513373825324747
2.43961622041387	0.836769184993985
3.25904938664935	1.45089842575752
1.31589367401001	0.687056532268788
1.770513002613	0.73911521710779
0.667834514187836	0.223379760188729
0.912597447073333	0.263157043298413
3.28944979841544	1.46735986178547
0.906151326926563	0.261259737108879
1.35847362999156	0.481984659331125
1.09429844663075	0.439203594030748
2.45713066693921	0.844016359639868
0.657818875798338	0.252304496156445
1.76271459085892	0.735118738719892
2.45709514677168	0.843701380989689
2.90827841061733	1.14708003600027
0.906151326926563	0.261259737108879
1.76612122420627	0.736517957467052
0.745473087119097	0.328782898195351
1.57700549028274	1.03787899045557
1.05328310334829	0.420345282403066
2.36069211326752	1.26720719659909
4.29325832172051	2.75287584970349
1.60294516031693	0.951504655878311
2.36049935998302	1.26574983535061
4.29296044891817	2.7534882841918
2.93476900239194	1.95690194709784
3.55899825992108	1.75207908437113
0.908148649268101	0.26198445808125
0.199660581380647	0.0433122758858595
2.91488688463889	1.15100414083562
2.27268787786626	1.52327166000043
3.38914332485563	2.69351677403983
-0.297745227366455	0.088703707435214
1.39256483421105	0.495195831360944
1.76815621869302	0.737828164391898
2.92442907579133	1.15555204884472
1.33490321034096	0.700090839405592
-1.04113486477337	0.334376496819243
0.167697313889314	0.0449797086311484
1.91551314808118	1.69628597789133
1.35157702706266	0.795343038592911
-0.55888165037327	0.146019049191659
2.91210871999862	1.14894462063688
0.998604408687991	0.451282286293411
2.4483134540998	0.840541819013097
-1.06898305525912	0.343786697766102
1.71521524571957	0.912542641075331
2.44834859745442	0.840528199577986
2.45176958518949	0.841449769742287
1.76266616893112	0.735090202637704
2.39720686237231	1.29488346021071
3.57726881742395	1.76601645158811
-0.27945640562424	0.0987955956539353
0.180315924045662	0.0478066702574292
-1.46556636079729	0.39889055417079
2.43961622041387	0.836769184993985
-0.290172480232866	0.0866608763690696
0.915318019020568	0.263922623604752
0.193364634888779	0.0422782569669119
1.71838037692335	0.512092496146657
1.38957458135007	0.493821378507415
3.56967891771929	1.75970398327778
-2.71389264192226	0.964179620991658
2.44567166971443	0.839453219846175
4.07129894895192	2.40309687787822
2.45442904372326	0.842929862158112
0.910807770799633	0.262737230399533
1.64310531512362	0.984948609187361
1.74579979567988	0.935242340465103
4.30157940868416	2.76276774572237
3.85159560405925	2.08890747138194
-0.311698850100735	0.0922333202000274
1.38280751378984	0.491432164348294
1.39559632674966	0.496139071198923
0.20471393630254	0.0440337263228802
0.899765603237419	0.260024823460973
1.362684147619	0.483416189481809
0.671783008731121	0.224523528358971
2.90827841061733	1.14708003600027
0.908148649268101	0.26198445808125
0.238768470088181	0.0747872586040683
-0.584371982640259	0.152318216814195
-2.70586409134541	0.958513971894066
0.644915445835617	0.247010812903871
2.91210871999862	1.14894462063688
0.679653114219625	0.227181883175313
1.03808157921857	0.530245342129544
4.30157940868416	2.76276774572237
0.170184199651161	0.0455102597114768
0.180334652339367	0.0478106473797875
2.01699062075215	1.21442443239636
0.912597447073333	0.263157043298413
1.72665749194725	0.514015992250562
1.72408117097841	0.919239630774709
1.59631035434897	0.946121412243357
2.4483134540998	0.840541819013097
2.39752662063719	1.2949831546304
0.680868176988487	0.227670739902701
2.09171472149403	0.999275811644764
2.66757808460878	1.60618689722856
2.91493124431159	1.15099278421732
1.38280751378984	0.491432164348294
3.82536634175606	2.06542098396924
2.37288342094965	1.27591493703309
0.669501572235949	0.223838569535414
1.37980134392203	0.490495849580318
-1.47559564657686	0.401361379112135
2.44567166971443	0.839453219846175
0.919086224093982	0.264875597201778
-2.21257221902061	0.680354097619789
1.75845851337505	0.733234957019094
0.164712869579257	0.0443121871062313
4.09499244329284	2.42868292155367
1.75490758178519	0.730788790484642
1.75689874560971	0.732131283191921
1.41863823832524	0.662698801340283
2.26291541026078	1.51312263767005
0.908924422609946	0.262601169518593
0.208137910784969	0.0659689528576809
2.67159886991754	1.610521711017
0.915267467236802	0.263914073443303
2.08687180288968	0.995840966043941
2.4483134540998	0.840541819013097
1.38016920470379	0.490169965758878
3.2833312885705	1.46611990793056
-2.20452069372124	0.676749531450116
1.06730544773054	0.427159838008875
1.72665749194725	0.514015992250562
0.15784048874336	0.0427821270254753
1.75495432576142	0.730816424365007
1.72664583622157	0.514027439791968
2.45176958518949	0.841449769742287
3.28030290623515	1.46346513229433
1.43397196584569	0.670964319817609
2.92719523940039	1.15711191350553
2.10945501417892	1.00968388924851
2.91776082824986	1.15193094411066
0.234062289777695	0.0733937759263111
2.26746103534811	1.51759449969602
2.7373996006417	2.21805333277512
0.205561737379768	0.0441838774146192
2.65866526091802	1.59888141703952
1.33328160289831	0.699051679652986
1.00330120146515	0.45398588592362
2.91210871999862	1.14894462063688
0.222337753373248	0.0699047989989705
2.44834859745442	0.840528199577986
2.08221389286219	0.993901362497794
1.76612122420627	0.736517957467052
0.915318019020568	0.263922623604752
1.38547624122001	0.492221548058075
2.91302333069787	1.93418023093877
1.75512937756533	0.731764400388567
2.38912638645327	1.2886185706495
2.39245512601548	1.29154083940352
3.26909842045239	1.45753652807612
3.26909842045239	1.45753652807612
2.91776082824986	1.15193094411066
0.222746898166708	0.0702142115346211
1.37558935632313	0.489060937437241
-2.21731210191502	0.682578012209152
0.906151326926563	0.261259737108879
2.91210871999862	1.14894462063688
2.91210871999862	1.14894462063688
1.38727744289309	0.493135957861707
0.187516582106475	0.0494383766804619
2.91210871999862	1.14894462063688
0.924519625006435	0.266522920108041
0.915267467236802	0.263914073443303
2.11756041143871	1.01580063446381
1.40576821535676	0.500196841629125
3.56217304695275	1.75356860451488
-0.553958654260902	0.145182611160989
0.686536055887006	0.229501764539986
2.91488688463889	1.15100414083562
2.4483134540998	0.840541819013097
2.45709514677168	0.843701380989689
1.40276034595944	0.499015152970679
0.134261115703161	0.0480751762643159
-2.21584944415156	0.681305547753399
-0.563224434073156	0.1470595732283
1.38279184561893	0.491656853905118
1.37978528414721	0.490494430759015
2.90551789185603	1.14556900793857
3.26610537788351	1.45572874939348
2.44834859745442	0.840528199577986
3.27619497272584	1.46229178166629
0.195880525766074	0.0426453207559659
3.28941175437922	1.46860953231239
2.00949851359995	1.20854838775405
-0.302194401361676	0.0898991994770611
2.44567166971443	0.839453219846175
0.24278789391738	0.0760638800277799
-0.562313153317888	0.147312602906664
1.4004293383934	0.498112938298198
2.38700821935997	1.28761610652612
1.36551843575092	0.484955838575038
0.150561925485665	0.0411470633964153
1.06806418440503	0.427589994390055
0.199660581380647	0.0433122758858595
2.44834859745442	0.840528199577986
0.154897316342678	0.0421007466929087
2.45446436525245	0.842916202981294
2.44834859745442	0.840528199577986
0.199660581380647	0.0433122758858595
0.669547790070559	0.223855623975965
1.72664583622157	0.514027439791968
3.27619497272584	1.46229178166629
0.888471756255203	0.257036137561661
0.92003140509787	0.265333979478402
0.687562881314414	0.229773894975529
0.915318019020568	0.263922623604752
3.25904938664935	1.45089842575752
1.72664583622157	0.514027439791968
1.02543746055649	0.465890371859252
2.90827841061733	1.14708003600027
-0.554009631260321	0.145198449870715
2.91493124431159	1.15099278421732
1.71838037692335	0.512092496146657
-1.46754137571983	0.399241075338394
3.28030290623515	1.46346513229433
1.76634965647312	0.73762481614469
2.45176958518949	0.841449769742287
-0.28685715168568	0.085721358799069
3.27618071303355	1.46153655074
2.92158168883162	1.15406672838897
0.906246129417221	0.261736091583026
2.91488688463889	1.15100414083562
2.44567166971443	0.839453219846175
1.72402871819241	0.513373825324747
0.196315155888877	0.0427978646049216
2.91767215080868	1.15195328733466
1.77393728942937	0.74080523066272
2.90551789185603	1.14556900793857
1.39258193627448	0.495197582069264
2.91210871999862	1.14894462063688
1.71106494600142	0.909572869678206
1.76271459085892	0.735118738719892
2.92438485477444	1.156147471729
3.28636755859253	1.46779915363749
1.43777745532278	0.673223104825915
1.7817391805359	0.745005111153672
2.92438485477444	1.156147471729
2.09492301347315	1.00077708922946
-0.0695271792017146	0.0217698369747818
-1.04923748026572	0.337110470489464
0.671783008731121	0.224523528358971
2.08244330412006	0.993420529815253
-0.313428503402552	0.0929196825586369
-0.549588025379477	0.144138904810768
0.231117956713234	0.0727088244452258
3.26310413052701	1.45333946698961
1.77939390480907	0.743719206385401
0.237319592287529	0.0744435856949087
1.7428616669083	0.724945400053299
-0.269718981916379	0.0953601496179348
-0.0721883813158707	0.0225619159692654
2.89481131215081	1.91486173443607
2.91771648568221	1.15252312484676
0.921774163847151	0.265747233383473
2.91493124431159	1.15099278421732
2.91210871999862	1.14894462063688
1.7715316677657	0.73956676617944
3.26310413052701	1.45333946698961
0.691018322596608	0.231067203856998
-3.09538737853824	1.2446052919197
2.08603978072526	0.995282816306971
1.09886001598825	0.44140397862876
1.43339060368256	0.670896002743875
0.666133301211789	0.222708402316138
-0.297381463753867	0.105150351820458
3.55154185738699	1.74591014244481
3.25904938664935	1.45089842575752
-0.609158398920802	0.210864854245956
1.71838037692335	0.512092496146657
2.90827841061733	1.14708003600027
2.91488688463889	1.15100414083562
2.09408927735694	1.00081261564385
2.64040848726413	1.58206520208149
-0.0748858623306601	0.0234591654875846
0.364222701964369	0.133845229655904
1.39256483421105	0.495195831360944
0.637942622218928	0.243862985229908
0.199660581380647	0.0433122758858595
2.64577181146544	1.58633465147322
1.75157325264744	0.72908452782451
-0.552335012199188	0.144678456612124
2.12141064980844	1.01763922360598
2.91488688463889	1.15100414083562
3.82865358910845	2.06806934423554
2.91771648568221	1.15252312484676
2.45446436525245	0.842916202981294
3.26610537788351	1.45572874939348
2.37995844412401	1.28141129147365
1.77147970267616	0.739537116514312
2.44834859745442	0.840528199577986
1.74579979567988	0.935242340465103
0.63835417492655	0.245284563483666
2.08865412451462	0.997949090162962
1.72664583622157	0.514027439791968
2.36896074937919	1.27246280975247
2.91874144340492	1.15180916074423
1.07927570453139	0.432571298716309
1.77383519060389	0.740746034447833
3.86696942666687	2.10070499938874
0.175124314973247	0.046645304856595
1.61448177813382	0.960928681307983
0.34021835502478	0.125445039367004
0.175124314973247	0.046645304856595
1.75061451146006	0.72922626546094
1.08523976643286	0.435387632050485
2.45713066693921	0.844016359639868
2.89520289922051	1.9158853859368
1.61864541653074	0.964374320297594
3.81786006711318	2.05881896391186
-0.84120454834255	0.3254567123765
0.175124314973247	0.046645304856595
1.37720610089078	0.4890227456012
4.07151042248906	2.40332242395071
0.736663274984191	0.324098788159613
-0.455628910088562	0.17587228407655
0.170184199651161	0.0455102597114768
2.4483134540998	0.840541819013097
0.172141930104414	0.0459762515619496
2.43961622041387	0.836769184993985
1.78179200304995	0.744678169302807
0.368415462172138	0.135991944651236
0.683042523889567	0.228414048266896
0.739820123757366	0.325743243227705
0.912597447073333	0.263157043298413
-2.20131061198549	0.675574843790802
2.881631989123	1.9015054916935
-1.07843191397865	0.346877642223321
-1.42753708392227	0.532482864483676
0.182273477751123	0.0405997709363184
1.72664583622157	0.514027439791968
1.38427899058231	0.491766401647725
1.39024877373414	0.49406930635718
2.92153744995923	1.15407818465564
1.72664583622157	0.514027439791968
3.84011026469727	2.0775925472761
1.39557961180183	0.496365775816694
1.39739858612762	0.496934278756061
0.915267467236802	0.263914073443303
2.09482958587091	1.00134793705434
