x	y
-0.292186750799525	0.102729732141824
-0.562262366874053	0.147296690051847
-0.704248030156046	0.374751808413059
0.727152539489178	0.319188587665663
-0.866471081674747	0.336233357060911
-0.447668333668842	0.17214435359198
0.360670778754932	0.149523025875059
1.07914588426441	0.432705181035229
-0.0438483635113156	0.0143474190002716
1.38423516011095	1.00105077552591
1.10166347176758	0.631479838317952
-0.69450139794176	0.304303286852657
-0.579501548874548	0.239633002589866
2.0800852052692	2.02317294184337
0.728841391158854	0.443618304293351
0.241741240376305	0.0977814906233148
-0.711584153265403	0.452336539797348
0.746809326478675	0.329391173208271
0.411769295698115	0.192759039137802
1.10786213172765	0.635990894016486
1.22005048133951	1.04518487277773
0.35003104020764	0.215794881323129
0.38662554980292	0.257815952107624
-0.670464095715711	0.342682616331848
1.62896198371754	1.69496517810338
0.41224163369419	0.214364840891297
0.273918587269069	0.124341067396834
1.1296404945813	0.71570278818785
-0.376094510197215	0.159843301955275
-0.27135422905341	0.108404247441826
1.40057519192032	1.11748395598213
-0.455119772922207	0.204526179293065
1.10228675861331	0.631708805574949
1.16893647643399	0.747072537440316
0.868873122282015	0.438024686909286
0.179835886951216	0.0892498365001942
1.56330728837468	1.25700916452974
-0.697603598061157	0.306535330090223
1.03668668432657	0.721999558457356
0.214380843770707	0.0866051359557258
1.78491877245238	1.4489826882651
0.717115026628244	0.436516389819065
0.377139904630719	0.175549577375631
-0.132741885451517	0.0500023327433738
1.33562915576243	0.951710254312529
1.6945711944049	1.64700385245596
1.23409826881935	1.23409917988349
-0.461478220498854	0.208099841055183
-0.220830541959842	0.0979282005317777
0.635150700058535	0.34327061524012
-1.15904503114699	0.522053409791492
1.36751862270512	1.0794798617721
0.377991578569037	0.157130890366255
1.79205673683126	1.30839830018185
2.9334053951039	3.2974704245929
0.303962975601959	0.154559682117601
0.398131341200822	0.20709832894104
0.35275677517143	0.146486375604668
1.91971969635111	2.1910317320793
2.01856171046064	1.21661253905013
-1.02069861936725	0.430330374909863
1.13339737040264	0.654619091229645
1.13456724897543	0.655092432676306
1.73542119363623	1.54723540908658
1.76185114326511	1.41940967328291
1.34472557290663	1.15854390889175
0.811256129235476	0.403264451302693
0.151325142163755	0.0674644898667963
-0.360145339459621	0.15251444528656
0.563691891949465	0.332384958873538
-0.256565003706537	0.101801027839831
0.193934238477081	0.0965183156383993
1.00845988863516	0.637792095036483
0.644079601515955	0.390490154077979
1.11711947391329	0.641957090205674
0.843529900054406	0.422958938960507
0.618333295314901	0.37221072707877
0.921801483004128	0.904515747866224
2.41877921085784	2.95161604572704
0.364956194355726	0.151832641294233
0.289624343555132	0.148062172027976
1.0419523278282	0.727191813856564
1.27286711170068	1.4285057671503
1.57152171549091	1.14334819359727
0.723670694563641	0.439708606775043
0.519224592933662	0.275679110318124
0.873097705856752	0.544222459226156
0.350248405201819	0.145407718386089
0.364261258644283	0.133929713861196
0.529419846686679	0.226321966005005
1.20177045880184	0.855181341372581
0.499855505228055	0.293627979192115
0.617133584695113	0.371222909535208
1.35222510602188	1.16620209818714
1.04579724502973	1.11880245380534
0.638512103480033	0.491244941296162
0.616507192475046	0.369441989694889
0.796089491817559	0.541563332765775
1.56668391952372	1.02844223484963
-0.601678873710181	0.348892479729456
0.537159189536397	0.22983213558255
1.09869354725918	0.929114476595839
0.658680823514632	0.358978912948884
0.521216896799986	0.248672450808259
0.79459885021743	0.439870030949247
0.0865534725107359	0.0345023445380883
1.13395191969782	0.655261099865714
1.33653240944117	1.2516878168539
0.364521727098688	0.133956677749059
1.32859407562934	0.777428837027292
0.771215031227582	0.424978829769641
1.61880181287995	1.07732294945845
0.778724790985141	0.430395865134527
0.492864742907794	0.259150400511457
0.958730229735653	0.732093539130913
1.34849331888158	0.792990809425128
1.92316200326812	2.19439261722112
0.813446247377854	0.556290912467425
1.34849571891499	1.15624660612574
2.11577146932857	1.56692162003405
0.91152114493155	0.629292583392179
0.132360650694107	0.0470503353483956
1.59037472875286	1.0504397935635
1.77068015430064	1.4328659754153
1.35617634115135	1.28088914801172
0.16230972982013	0.0935750817113058
1.12110904375431	0.645446835195454
0.76935801195643	0.424557703577934
0.0235228685612524	0.0137231776809664
1.19745237193646	0.932732882636721
0.377206861963585	0.174848141015931
1.9246477862186	1.70979707215092
1.55947896129257	1.12816316925927
1.59016287183963	1.16139710486245
1.06126723337938	0.746384107753732
0.219983940678667	0.0694694099356224
-0.254580397442086	0.113637402274427
1.56603683969768	1.25764323158484
1.83126234545521	1.35300684479705
0.922780562553962	0.518359100190937
0.46453004756124	0.357078609690431
1.57700549028274	1.03787899045557
0.0137830043492244	0.00713559525665953
1.7635366691053	0.948125429055852
0.431335131338045	0.226392306508282
-0.154160125390362	0.0885969854021924
0.665452288935203	0.32505667350496
0.35088602386974	0.145753664282921
-0.207722602038008	0.0919756092498112
-0.280151413044426	0.111982972363643
0.250930190074052	0.114154911375886
-0.603454175906785	0.249213051136292
1.19496273721592	0.928046093246832
1.98504679007571	1.602510296923
1.06522450188948	0.547670719876794
-0.236548462595067	0.0944431588132297
1.40967607344056	1.02413320053356
0.0320597291250683	0.0144933167033897
1.20344263199669	1.02709386247705
2.30843818596657	2.62172614444269
0.469057710018002	0.272460293225132
0.755106085363895	0.413879717141222
1.06782320880642	0.965028511541849
1.67740428410864	1.61447607657011
1.36585547169283	0.890095841686817
0.570579417186432	0.401684437860598
0.858758559003693	0.582413169758404
0.372297161430962	0.211622207632639
1.07970393265049	1.11034605577552
2.17947394438017	1.93826532752357
1.44119624075019	0.675657203855335
0.656298674664402	0.319861632044552
0.700201845819327	0.507600303099587
1.31084312473412	0.763773354561523
-0.00603397956270178	0.00248146779160851
1.37782600038365	1.20613867297165
0.297349645071427	0.136137492335012
0.976716487204785	0.979492022962454
-0.208001830813014	0.122475225379496
0.393918917425218	0.183722460921831
0.206376436596175	0.0831141314850742
0.341623996984267	0.141353860457455
0.179083696361167	0.0725451032943732
1.85982474377199	1.80244306064876
0.222290647040157	0.139623487460882
1.94038929141424	1.7263717278785
2.17240322034184	1.92915923041503
-0.780676450938168	0.359593255060664
-0.0158076797810445	0.00714174554374144
0.836095422334404	0.626964498137645
1.10723934756262	0.864261912326482
-0.618807875405291	0.310940333925352
1.22067936151933	0.956602028723847
0.0500049971085826	0.0280071987023264
1.32263976758697	0.772863815175104
2.80236847179252	2.9215023456257
0.37609255456967	0.174482560853727
-0.134631624544233	0.0556933517320552
2.38357981960753	1.28430014115585
2.33282337441686	1.9041024913338
-0.0150898727354765	0.00571077210486715
1.35049953920779	0.963123353315373
0.976817262700583	0.439872277367624
-0.955885817337989	0.486802637799049
0.874002255127046	0.764275415315827
0.00409555644899863	0.00111779738002056
0.52279927923419	0.249154922921354
-0.294137442029202	0.118061280527624
0.488355158893501	0.286419340924322
-0.324907938801233	0.154275488452922
-2.29898151357678	1.24514903623737
0.271840690545954	0.137160885595718
-0.313405712580309	0.092876911106518
2.93438671907114	1.95747058099594
1.02079320088445	0.648284833018317
0.114998863345789	0.0448176104432806
1.51482811717447	1.76252097553606
0.675730779647632	0.259904954323442
0.527600131286754	0.225315580470125
1.77169609319588	1.84065713659752
1.42695007519505	1.5550192846792
1.37542663062892	1.19875353651052
1.50884954635416	1.43678914808053
-0.663437777490921	0.403080685729228
1.02998677522067	0.655284005393815
1.57373692306622	1.14461948963471
1.34842660154827	0.874783362350323
0.881576463073561	0.549608060033035
1.3179534720235	1.41871872291099
0.288983541299169	0.146704802800705
0.2274543977565	0.071600628538582
1.09128955142883	0.77457264137792
1.6369182764417	0.979475197483333
2.17873245704468	1.93587403649422
0.780739318642123	0.530474058999308
0.674010226424987	0.330437905031804
-0.044877185305141	0.0196744271174952
0.547633151179382	0.355539677888501
-2.00958131317323	0.963627366931708
0.371770887636778	0.172936668699675
0.805512303044335	0.447672509013859
0.528668399713975	0.281775328383903
2.06803517801732	1.99887912206815
2.90185175360557	3.23324739896177
0.679249911869191	0.487750914704006
0.802518560354087	0.446035827780101
1.87528900250851	1.25199678847856
-1.29389538607064	0.814828598263685
0.810354104152568	0.451034259409669
1.60400298868947	1.06346783874894
1.02374488718757	0.46513661366
1.22026735112191	1.13215002476865
0.714444345069675	0.560452371119355
-1.62333455886382	0.919292517838434
0.810371935215786	0.553331777766176
1.18053860670541	0.758786995408301
0.408523067827628	0.191075185435745
-0.0571226276580765	0.0183460703353658
0.793204202842494	0.439841494752923
1.60671570256976	1.66427267771851
-0.0756767178930098	0.0236296753320394
0.708920075488626	0.42876278795695
-0.00592545368274601	0.00268450387872185
1.37319883573352	1.19576966800804
-0.158800998015249	0.0592589471677635
1.66353340702557	1.97354309930746
1.35409953681386	0.971273856817169
0.217462224019645	0.0878662377312571
0.533950903467901	0.285253835179612
0.63962909140889	0.492710062062589
0.100331282001167	0.0483721699045825
-0.0338680673080553	0.0114736700084898
0.195540931105992	0.0973471538157232
0.1853082347744	0.0823931208835178
1.18890507956508	0.765903299680691
-0.457198511558671	0.17620512533007
0.66889608984668	0.446009694457696
-0.0656465870110223	0.0285440175318195
0.707431570432219	0.429105537698162
-0.143653038070193	0.0538179009794275
1.05476893631364	0.739440591823922
0.502187019623071	0.370555921500973
-0.452076332037643	0.202638278487191
-0.194964651384563	0.105811360903507
-0.0533793026844084	0.0231221190791717
1.10997850876178	0.637334702739035
0.850496239676266	0.427012606972083
1.46920926298907	1.50566749459917
1.20599693175036	0.85971553625574
1.01122985449644	0.640542658523241
1.35037986992005	1.26676917946012
1.17152996172927	0.751116785395622
0.749481485929609	0.411376317141647
0.667834514187836	0.223379760188729
0.687241554711193	0.337304828706195
-0.35434343165155	0.150282027851417
-0.788655924702151	0.363886832458445
-0.149146111321143	0.0558660897385131
0.198015214966859	0.0796446176836722
0.276153587801611	0.139569702477805
0.227009834034696	0.0920931098560211
1.00021244328961	0.631889301129771
1.22006440874922	0.962064043067672
1.66784336537397	1.60465969513959
1.21225207242825	0.865072959551437
0.453215589614115	0.286636594377194
0.313092250064794	0.176511515994402
0.457900626530737	0.291090209668595
-1.04364888847299	0.559515290493565
0.719477240891028	0.438556690299722
0.0437090990034062	0.0194304746367004
0.472025556225492	0.274433597481598
0.60387641206947	0.362813854255377
0.845392456162257	0.730177216423415
1.07094561448957	0.825431965592225
-0.00462082934779942	0.00203419297284387
0.777370264717655	0.428700325620152
1.94315590759593	2.52289738645575
0.725190061966142	0.440949518129777
0.293990274874895	0.134645524130663
-0.30785791996566	0.145370379600708
-0.810879031944243	0.462150221915217
-0.145911530529655	0.0546297328641024
0.183501603913292	0.106946281281445
1.65645771941018	0.995011311766587
-0.948655463071202	0.710460033194537
1.35180360008874	1.06391248671979
-0.373598153597127	0.231100235330316
-0.125602555811489	0.0518923078660293
0.515696101502005	0.220464545303459
0.507353061094252	0.241734751247073
0.273939167758028	0.13895979432903
0.501694869448766	0.213713648092196
-0.641204163585463	0.221832495659223
0.434785230740534	0.273515132128907
0.482023581621075	0.227268175728518
0.259497899727343	0.143914320123781
1.37232281540676	0.895352646648642
2.12855969056772	2.79680621013386
0.0792522925262036	0.0316171516140203
1.43192489586381	1.56128828492854
-0.87664468903946	0.525924271767259
0.518124117583623	0.274908614875022
0.48449382045524	0.255105456481692
1.36147134783113	0.973881063385012
0.824712393789364	0.616037100896928
-0.151507103932106	0.0565530950695492
0.274304367242514	0.125184880492964
-0.314686830706753	0.093048392734551
1.05120148507589	0.80968572323127
-0.359439838211552	0.152427236975887
-1.14256130797114	0.648932823068769
0.106610107998733	0.0514377514109658
-0.645848390438607	0.49216412371031
-0.731803893937175	0.469718299619704
0.160825711435043	0.0714087450634699
-0.241562340150491	0.107566219580243
0.0986335092199667	0.0384180591440942
1.05213910051591	0.806473961889029
1.05576252950652	0.739229902032388
0.450966848210034	0.286640772555626
-0.553471733072185	0.313558693671249
0.167323896861016	0.0904671785285377
0.3163577372462	0.161894593112046
0.267238754251988	0.121800912809531
1.54952500509022	1.2395912618011
0.104996071650366	0.0414094721445478
0.186484542705423	0.0925603643708124
0.584953422886869	0.346654884427722
0.797804564778518	0.442258877039247
0.066126022672168	0.0285496559229755
-1.81621174208713	1.16763361032563
0.634764229783479	0.383439861099471
0.115495741362613	0.0416914044734632
-0.569407947733368	0.234757972266025
0.919007620298907	0.514935396341571
0.899413919030121	0.502522047620929
-0.465258601865039	0.178863937521957
0.0544468255578667	0.0241091296618824
1.46929428968223	1.38734299685368
0.830448825451923	0.414806403762879
-0.0805422203366149	0.0248118924661764
-0.037901279448203	0.0126426566023105
0.254583238516292	0.115786022824814
-0.239606024164332	0.0957129162821028
-0.783155983795952	0.361636731329287
1.38086966999518	0.904026583638499
0.000778100888447682	0.000273783223575674
1.00506973717117	0.633916599687092
0.813028080640279	0.404268375499411
0.672912738432349	0.367385610766273
0.228391632407592	0.0717682523462766
0.674099523997631	0.329951343556045
0.939224620824869	0.530445570618513
0.997471556297796	0.627152766273207
0.397167225456963	0.227914728691568
-1.40325859652233	0.522285930698835
-1.6747941359299	0.985120032111817
-0.0566761839533848	0.01822610572281
-0.414368795960062	0.21004382805892
0.749035222551608	0.410437616051272
1.18425985419767	0.760615587116725
0.332942327340961	0.137998493785076
1.33591570088268	0.783365295081886
1.03337570044063	0.722235077958383
-0.508293491015699	0.274746797719298
0.272134498499507	0.123729050792293
1.18641145958181	0.763630529833681
-1.59234228631966	0.894356993117039
-0.0598741927582792	0.0193716136842504
1.35369344451402	1.06492990483994
-1.28604035721421	0.61381479508149
-0.479265587781732	0.216225551220819
-0.0187813789820975	0.00708179525823579
-0.455707775625058	0.205098311164838
0.492580732681568	0.233007508190106
0.221670039489671	0.0895019807987136
2.64889977003743	2.54613971066054
0.386096124792764	0.221134546559868
-0.302624020341436	0.0898708198679739
0.153890623240679	0.0684647150114541
0.394887440439837	0.226639037636394
0.947459563701178	0.536015192110597
0.65442270326346	0.356288856952976
-2.2239389481464	1.16933782962171
-0.366760381163166	0.155456795345291
0.124286834958017	0.0484406125714911
-0.00556643429949575	0.00233721444143706
-0.89601033140994	0.437504293285122
0.61792360609662	0.371235331202525
0.718959526202968	0.315457651608531
-0.0181673785752376	0.0053138925158378
0.101051806877563	0.0398486532732074
0.0943001729609553	0.0376732057227207
-1.61351745830621	0.912183299114579
-0.0459561396664767	0.0200921896422305
0.983519848380279	0.443624411924221
-0.620632208991493	0.214675129043728
-1.89545628680764	1.28068758534239
0.140419989899101	0.0626378852231424
0.843092166872962	0.422504511529707
1.35195849871618	0.795801575296703
1.83546958846805	1.35763815205734
0.845681195791995	0.52200945432532
-0.0802225162510298	0.0253170697328077
0.358377885035235	0.148698811008356
1.32926671591549	0.696565229258396
-0.045801651774563	0.0153759545680933
1.07622893267965	0.554695501738876
-1.38930460891857	0.695319506266957
0.175143411457113	0.0466493667011835
0.175143411457113	0.0466493667011835
-1.06176376799665	0.341464816793195
1.6121627303428	0.958703218226145
-0.114347596739295	0.0432014912735308
0.0751973082781204	0.0299066155408103
1.09219314041441	0.624684853556755
-0.711424655029557	0.313462575436075
-0.0574441194174058	0.0185661946487514
-0.696151322271775	0.306079377354999
1.62171605500186	0.966733726372254
0.191178736754504	0.103947331652458
-0.999611162384129	0.658591060961158
-0.571183468194386	0.325348577015244
-0.579501548874548	0.239633002589866
1.36960259979992	1.08193087121615
-1.25451559028556	0.77716731132124
-0.0363455601341505	0.0132154718518691
-1.1644426906179	0.526844494217535
0.376848076460299	0.156921946910679
-0.785214421356936	0.363018547435394
0.400520963759978	0.18687857221481
-0.797516236681799	0.367609803518674
-0.0915768472250344	0.038240399765474
-1.5129554465057	0.816197866020359
-0.591581411986607	0.244751838390272
-0.246467084507667	0.0982856509013179
0.377216947024537	0.175381297524123
1.03584045785242	0.529141692540732
-0.4532975289939	0.204000928650806
0.564139912384516	0.367617815073414
1.37210083923992	1.30344678305806
-1.1857017181522	0.882658336052996
-1.36522794035409	0.907282395308608
0.400879137926788	0.20824477855823
0.490973588404203	0.288633236302915
0.271346128462666	0.123545894338582
1.15168803077448	0.66804471036066
1.36107944496154	0.976083203138627
1.01806070064488	0.707871287206196
0.971098498444968	0.552304343836321
-1.54131883409783	0.836548456858641
0.655804417420749	0.436026677570648
1.05613082064864	0.741486201531049
-0.0432035041112468	0.0199937733239347
-0.88418620640783	0.52956074624716
-0.424412429449773	0.246585815569254
0.169219334720546	0.109401728795163
0.849774529291786	0.640404928328861
-0.813757841756204	0.464074856607149
0.725679997069408	0.440422140820936
0.300169147527613	0.153221881307536
-0.0306872309869682	0.0102780022525052
1.54484966384831	1.23218672227936
2.37659817852811	1.27883941086168
-0.15364009428102	0.0575663774857485
-0.36265848859109	0.154156582740072
0.228391632407592	0.0717682523462766
1.89481962320896	1.27021416175214
-0.25135753428993	0.112103575488081
1.76829077455959	1.42775376951566
-0.844056797122919	0.326366354770089
-0.733952838939905	0.394674384842138
-0.308980162601077	0.146059044294949
1.10257748101578	1.00685802614236
-0.219441739615469	0.097243582914313
-0.105511135609836	0.0533081708139626
0.362476271211539	0.206937102128389
0.637157808616796	0.458818788679259
0.222628592920749	0.0901475734264385
0.263302344736612	0.120073116667021
0.449424272105744	0.343288297595032
0.21731756315373	0.0875759700314845
1.34445741171779	0.706506467490751
-1.44547903437886	0.752046375064293
0.392039721917435	0.202849890064471
1.71031134674252	1.51278183564809
0.368807339042546	0.135619045652621
0.553630106592413	0.357668784127578
0.18060525323163	0.104757173110046
0.749810558325827	0.633475939358656
0.458585143882546	0.351697717209133
0.187207845898008	0.0835050710079336
-0.528081561642759	0.335704868573483
-0.241626175839332	0.122477226829074
0.0901698393076237	0.038862843896885
0.0270215129050709	0.0134924134738575
0.586368257303163	0.385216824938928
0.124665521195997	0.0659641135678917
0.708195726289611	0.428915614613434
0.616187563991597	0.371875871827313
-0.562539424251671	0.436175353452544
-0.713601840057586	0.570933273222316
-0.183198778454059	0.141544981017719
0.349729432587241	0.267660401656714
-1.2261519448141	1.26034758806058
0.0536529627694965	0.0354758578246345
0.411612676591273	0.293709670132665
0.18644748403467	0.115478805905218
0.0845039316098545	0.0524732839556691
0.356004942686829	0.203084436615449
0.153736720248454	0.0884201061081633
-0.012873550971527	0.00583719067049754
1.16196134867205	0.980165665954233
1.92996540627768	1.71163634761302
-0.340243528778579	0.206781165706873
0.61591580793386	0.368353263656353
0.476460041066159	0.278896375898679
0.0223259331282494	0.0117280325090442
-0.374090934296387	0.211879756351826
-0.785600715285928	0.721132329262761
0.645479487144131	0.655486095055793
-0.533031331764558	0.371008675656905
-0.338307203235343	0.161223501509334
0.511964465315959	0.271614203783354
2.01806981183051	1.64153986789395
0.71779463430819	0.524449876590048
0.547329456550086	0.355184577893687
0.69771490052321	0.814963676706408
-0.311914860171026	0.228159040396309
-0.0546083843630307	0.0350140251418612
0.0469559621074924	0.0372393446969442
0.712985855787188	0.714793595908325
0.924078112375478	0.638494900566228
-0.115607629620441	0.0479057150474565
0.481848511696319	0.330665826090175
1.21024371888303	1.1218748540299
1.75714288236204	2.23170015364182
-0.0468811924864474	0.0156307486061326
0.613128789236448	0.467095824700203
1.1975929858444	1.10181406549115
0.582904716212979	0.38237161668295
1.70308015410279	1.50250350929057
1.18866702245126	0.841577469653307
1.39498140662001	1.01022762293887
0.183263333590964	0.0913447755898103
1.78311703874513	1.86300271573807
0.869920171865196	0.887611374818981
0.367675105169277	0.326642914632509
1.48122125513578	1.40266366111425
-0.722541715819044	0.580317598066288
-0.203402917807356	0.130081848715099
0.15362374310287	0.110879995122329
-0.249300856788615	0.12657899521283
0.0840357580774188	0.0521611951062017
-0.31975408383877	0.221515883260266
0.199245745767587	0.0992826531379648
0.200838927654619	0.100131619350971
-0.387415240071212	0.194044899749956
0.17502402504497	0.0944782439502801
0.965349197014123	0.799101482025914
-0.821461229380543	0.383142398986047
-0.109314415572761	0.0453281031504117
0.187561428717943	0.0933428323887593
0.0391433369743345	0.0172918391261599
0.965654827105493	0.54837771177279
0.296908048308419	0.19154113093968
0.17543264323316	0.108338641817066
0.174121554478965	0.10099472909177
0.487993549186603	0.284719978011701
-4.25525762215192	2.28906246294121
-0.220280336625794	0.142212539882627
1.49133479690228	1.82943253630886
0.710697023732075	0.515682080375302
1.40344831600566	1.12486085580563
0.185200040863001	0.100701836695003
1.6448368812631	0.98605668847636
-0.023871252499193	0.00924278284064177
-0.481213108609904	0.217558975703798
-1.06956340176031	0.729747666583143
0.451137018485817	0.286165611899899
-0.168128225751889	0.0799078110516068
-1.42861746505028	0.991796843403061
0.33384159592958	0.274156206714699
0.288957240386572	0.18602306754744
-0.0661419422819488	0.0414873908940569
1.1484280304973	1.18982251782598
0.484751634444844	0.255848002187205
-0.522689480001379	0.284405575467343
-0.26917238826194	0.154999849976734
0.100351211906007	0.039369557138291
2.01011662318094	1.20907714924869
0.841446110714745	0.680081165469373
1.23178750915073	1.05978410285727
1.04460731250743	0.730865487028871
-0.155592004000044	0.0890946633674278
0.836850173236342	0.626380922365394
1.14037250926212	1.23929525119814
0.945570417971454	0.717932725620324
0.541216012603322	0.405028679113676
0.39475065867758	0.20446352624339
0.0729645369951872	0.0296679742328851
-0.0229003288263933	0.0102850798215025
-0.54949037810868	0.353224700785199
-0.615160112322052	0.497694745186166
-0.469517992669616	0.285187774893985
0.423831746291572	0.221489337084089
-0.312962261767703	0.148188859403558
1.52118609116717	2.06225400261142
0.799820569381983	0.827043745255012
1.06169634215322	1.02082637656254
1.05592378230237	1.01241050519179
0.5924135550935	0.676082434555547
0.0598485920799448	0.0361181141168598
1.20691088081492	1.1977498878888
1.38437921977254	1.10353652194336
0.736863387895759	0.651860113204705
1.36436421093159	0.888172264621847
-0.0769821805402137	0.0388477134813162
-0.320499821522357	0.151871308493256
1.17465824274814	1.14997577962708
0.62603810774906	0.44842212848627
0.918395461630498	0.515327727710043
1.98542074397703	2.10007962849978
-1.27895782547053	0.611454450528143
1.71020965701655	1.50753750840615
1.18787629554768	0.840090100809591
1.04148996976204	0.728735084070335
0.163791706022563	0.0726944719358777
0.959741424997662	0.735838535238062
0.599842464385376	0.426477304646627
1.05119298986447	0.73638390235986
0.336524766345408	0.276873555709889
-0.550680338304823	0.311309369797039
-0.96902449181988	0.733409894537638
-1.07797744180368	0.75126329074523
1.25131477117462	1.17458460809334
0.676842680766545	0.619903963294257
0.359365593345717	0.264624455790355
-0.0279516324256887	0.0198451414657139
-0.569250373709334	0.442233061095721
1.14890323041032	1.25597084510894
-0.570116039360855	0.325433431572866
-0.556775058342466	0.399055285901055
-1.15378613175086	0.845899684718924
1.34948904675364	0.965387160815006
1.16053287494044	0.741766071501648
-0.235817326735572	0.104598700926759
-0.460804135776867	0.177667539233237
0.369514779767939	0.19080364272018
0.0796705877868129	0.0385111450253363
0.22774359567341	0.124739746578763
0.694339639093488	0.465334850329981
-0.205803999464021	0.136825210975658
-0.66432336591891	0.404334345281381
1.22461003826212	1.04918010126493
0.276838210634849	0.166596038861467
-0.758795511336574	0.568808760367777
-1.44056151240767	0.748912317090173
1.57949972018294	1.15141932423281
-0.793683479132095	0.532411401807987
0.200550957721168	0.0810636232743522
0.381462931956091	0.15905693213923
-0.661762000326393	0.40085843631418
-0.764575578424834	0.566112764250276
0.226989432917703	0.133864189069304
0.228384033805956	0.17733132679375
-0.0485237469495788	0.0212379718591327
0.793473816088362	0.583972195071522
-2.17501195222639	2.43553478096268
0.00931545217044415	0.00420061844440771
-0.557778541379882	0.266848979846091
1.0661740648466	0.819526982176441
1.31231158323764	1.22328266027376
1.09585686649395	1.00335468822189
0.397456037786892	0.18489834258735
0.738338916478779	0.325338494948934
1.91877803589133	2.47135265134029
0.26074070923818	0.175662084917103
-0.702058037021801	0.308818735727889
0.547367740591378	0.262756636771631
-0.853605401648575	0.59967664591999
0.50746720386244	0.299305619910527
1.05539491502418	1.01106186209566
1.47584315752452	1.51074652333463
-0.00853685873475158	0.00391052941540332
0.397750173368046	0.228494111452392
-1.54945483143312	0.842797305775511
0.787206029176481	0.435070769172069
1.33967453563317	1.25568904151242
-0.472204706698884	0.213513832331953
1.09248044545588	0.92105668091229
0.613241045682633	0.367783221237232
-0.189775281882296	0.0946332768926814
0.248212682710589	0.137189445591502
1.20469646739932	0.8563962650483
-0.941465939674405	0.795993598603054
-0.808211724415935	0.460073189813859
1.38672320549146	1.10319270412255
0.570080725302703	0.479149321989992
-0.479961466722201	0.21706409153032
-0.00891534326679295	0.00406454403494666
0.258902914160556	0.117532127660773
0.544003038756619	0.35350023325441
-0.309088413468692	0.145935040092654
-0.0117136789949808	0.00410693612390288
0.655447626660184	0.356502677203299
-0.301169000818105	0.16136139449534
1.5165262016146	1.45557877043093
0.780592702182388	0.431076885887533
-1.52058968540958	0.821218940494117
-0.0362674651491534	0.0159240239532625
0.781816763488138	0.529968098342003
1.58445678576531	1.04543094358231
1.95635176578127	1.75160892036032
0.846841927147797	0.523432771120752
0.948733308907314	0.536202975919368
0.907877921919409	0.626947155535618
0.801441393408647	0.545000538810436
-1.12587917069391	0.63578554273149
0.680937528423934	0.454407151562634
0.198152196656554	0.0985678388753722
0.383285433727608	0.178280803801242
-0.805092365134445	0.545277170145143
0.247525739506311	0.147597666507819
-0.0224884025200008	0.0110695760616776
-0.415772391558791	0.239983244466591
0.648739446504268	0.352029002467098
-0.734045740543034	0.648649813670952
0.38318075552628	0.198188202973765
0.750292670113944	0.632830353438371
0.264994398156841	0.119999413500409
0.103773378561853	0.0706052054847165
0.258984478830407	0.143640430625207
-0.322578746822586	0.153099826510525
0.379958907335784	0.216980671963363
0.16343597005165	0.0728797081878499
-0.36692584714833	0.15551130770828
0.468490339909698	0.271842483081858
-0.62145847895207	0.25858465662837
0.167114251277818	0.0745397317628953
1.07366668189565	0.829530742005088
0.335871914995286	0.220819138292169
-1.12258787011559	0.633320633843669
-0.721419188302318	0.386311399454829
0.551945335040178	0.414278410241604
1.24366794796472	0.983408296256289
-0.323791907683587	0.238064674158998
0.0740462947822098	0.0389693261540095
-0.0101437133875731	0.00367328319306326
0.27535591604792	0.125852889224615
-0.454172292493158	0.203795828970529
0.644707477306813	0.349169612178898
-0.466903399141452	0.210326061673723
-0.184993203813217	0.100046223644266
-0.0884481877598132	0.0446219128969727
0.0455030964560965	0.0203344568259575
-2.21979289525908	1.16736283691429
1.36162612370561	1.1823481581287
0.814591687341097	0.606364951120458
0.501340374770273	0.237714815875771
0.373655966111736	0.137571829760671
-0.660781283223881	0.228906896363808
-0.0485756911590807	0.0212768216879034
1.01593472421801	0.704585517127339
1.92299961651664	1.70613211346807
-0.462771706928758	0.208799268061514
0.504869151388789	0.267720385685281
0.145749138775078	0.0519899293798089
-1.24567968586298	0.767913844831828
0.226050536945142	0.0914985389173815
-0.260667393430136	0.104503248975962
0.57566657483866	0.405732662744002
-0.284762438695957	0.11418522789961
1.09825675887375	0.930417622878619
0.216711932583941	0.0874698721927625
-1.35449412371432	0.674489827393276
1.68156647500355	1.62580468229785
-0.210116949885835	0.0929671365399617
1.04669006620108	0.53578508684727
-0.379622746553008	0.161469970238563
0.497569244282928	0.263191122834489
-1.52683888662188	0.82741989822113
1.02700972485612	0.715736866986864
-1.38662223921938	0.694194959073013
2.18969751181818	2.6685730328986
-0.227088707592182	0.100812696204641
0.704160695686762	0.42651190337679
1.09016696616622	0.920243496258179
-0.458341625726017	0.275949890313094
-1.32581075230011	0.863092384164273
0.518627257025216	0.274739231412287
0.372015411915796	0.212229352258492
0.299891519125464	0.181493694050692
-0.278699533191866	0.0984564488324212
0.588757086277348	0.349360247277939
0.55697411411191	0.418866030093548
0.78078254869033	0.430358211182584
0.850538444766313	0.426605670165378
0.117860715518318	0.046269795403527
0.528616881829455	0.226187916486464
0.147599608065735	0.0524952707657383
1.20888519310709	0.942291264990315
0.474304114003122	0.276978608163941
1.56058229140349	1.02332474805423
-0.458304945899012	0.176398965690423
-0.367135795918728	0.156006202227162
2.18893687157346	1.95058564303268
0.234724766004248	0.0946429244176099
0.0975410721038486	0.0546779998559923
-0.0182375644171808	0.00842803038598762
-0.000985715848272765	0.00070175191279365
0.612939636156882	0.366816717635788
0.216669552420131	0.0682893939160796
0.400390577583549	0.186907815186518
0.0957158939184103	0.0462782265986807
1.1860202296713	1.16785938429511
1.22248333692665	0.87413703136851
0.174737786139037	0.0944462443826104
0.70738120991444	0.427645987978535
0.846281597887494	0.731096790332198
-0.969801085680353	0.620513971795944
1.32596185124857	0.775293248682808
0.1223734478737	0.06451356428618
0.948988690869376	0.536760451671636
0.55974062855364	0.329196212252657
0.228485976237496	0.0924187750596433
-0.247680107010601	0.151862659032035
-0.0689027211470095	0.0219430652758333
0.579594245354193	0.409877295606742
-0.225705820016177	0.100109733765818
0.107042429175728	0.0518627694058124
0.216353771388739	0.0873177442771073
-0.456990224795655	0.205601817472741
-4.26889799501369	2.29392696074577
2.02828225416652	1.22500668692346
-2.76301488736864	1.90034221419521
0.487943218893163	0.312982314991375
0.609465867195099	0.435020161286984
-0.121507755939397	0.0618043124756327
0.171164260619978	0.0992883609030236
-1.12814216848819	0.637832966698118
-0.90977142329651	0.754519538156232
0.404139858478268	0.210030001449534
1.17362810934161	0.752446665645279
-0.257221706863712	0.102474588279207
-0.0537597823156224	0.0249500608296483
1.04753024824986	0.536279364649929
-0.39197737471365	0.197138650145713
-0.209704330938342	0.105221585542218
0.298799936860504	0.151941456113362
-1.21301941276096	0.723569729233228
0.173152829575582	0.0858660372735665
0.160824414017509	0.0714928570168693
0.0919857598318966	0.0444752725102286
1.00539905045719	0.633670188706094
1.46760382652003	1.5043271033557
0.642336807434238	0.347957809146619
0.798712785914813	0.443437967889002
0.573391183909133	0.375200295663445
0.716315630180891	0.52410194357692
-0.252755567968936	0.100929790480504
0.842711132453243	0.519896758074511
0.950116445796486	0.537754660669206
-0.0949534056046444	0.0550853034159739
1.34763906883354	0.709227815860987
1.48695121173748	1.41019589028479
-0.20417418974032	0.111112725820557
0.288712330356731	0.161009820325802
0.662603790682279	0.43999624192792
0.257981033628887	0.15420511839871
0.527769093222501	0.28095230735775
0.0157525759669036	0.00786853315629252
0.0836010035287537	0.0407839671328199
0.523491725470607	0.388588942030467
0.265426352434948	0.134342669465115
0.357157978727256	0.131900849703883
1.30755714194407	0.761111485612149
1.07547569576288	0.828031814285902
1.37771406946573	1.0945183239392
-1.51877664263556	0.819253485214859
1.0445024405482	0.994988986130595
0.368302323722126	0.259456022839174
0.802941940421904	0.595059709123505
-0.223606435239388	0.0991023723232829
0.169894090405653	0.0839839445580199
0.0306004524937417	0.0139327359683041
0.863052755747605	0.535270934776518
1.53270191039234	1.21652341904958
-0.0278580163416168	0.0125413605909177
0.855135064303531	0.529959385523855
1.8357250405483	1.35757047630134
0.200221267900092	0.0994283614392136
-0.553554716407991	0.264425161858858
1.09580128196063	0.626986180653465
0.801469393216928	0.44555079360346
0.651550713054617	0.428839969822627
0.0654150027655487	0.0282379251579401
0.21431716616878	0.0861833643780762
1.08000166324263	0.908983958649932
0.940581233218378	0.53051766851491
0.682268167680687	0.334593453429677
1.10644757128597	0.939388271533709
1.11412849895839	0.946423440597919
2.62233628319913	2.50625193189146
0.723423659747243	0.442281471665932
0.0772520830842123	0.0332291773904597
-0.0650565693058432	0.0208223884656029
1.17325598698949	0.750834263360112
-0.281046520051622	0.131797080183077
0.143589493989425	0.0639832581188008
0.270897890376742	0.123431179447959
0.973539855952439	0.607666516301191
0.178301894500994	0.096623744341905
-0.159332928290601	0.0753877872616591
0.103569124996663	0.0500798333276958
0.740007720931327	0.453285842843795
0.590625667220484	0.419169578740185
1.10258452208398	0.862499248776535
0.207057171250899	0.121260024447493
-1.03925834369546	0.698031691214049
-0.699916111332747	0.307720109128572
-0.143909940248163	0.0678535205509984
-2.77376296863339	1.91931017217806
0.190779249536159	0.094683607024399
-1.60262977725674	0.903049606808296
0.736095174914866	0.324077697015905
0.484057339137677	0.281776290890785
0.587630077024875	0.349283130059773
-0.218526444680753	0.0966871583307328
0.617475484494183	0.371298134087644
0.00172382736454766	0.000931310423187261
-2.21693587664732	1.16111288766203
0.329846572886581	0.21580720435821
0.52314688254786	0.336590111377041
-0.20149562610575	0.0890695921256618
0.985859666204658	0.616736666576385
-0.30668365037017	0.16438596029972
1.05741074824029	0.543025722356963
-0.804006202378803	0.373598985544664
0.382692942715179	0.198564474827099
-0.205562408413547	0.0908184162492735
0.152693381148547	0.0680397421792524
0.340725483356121	0.141470086496925
0.295511593121272	0.165151677314557
-0.216215563491303	0.108656529189155
0.0912788913563171	0.0393485872787524
-0.152426819308646	0.0721545303874694
0.723284889883393	0.531594129385742
0.665026444532584	0.325087681818294
0.752854880652861	0.413533682079308
-0.501878251141091	0.271044839424938
1.59088144579021	1.76987677971485
1.52426270635766	1.32902040144358
0.398307545034523	0.185881078603352
1.49253938029603	1.41827548998665
-0.155713621242982	0.0892207276387667
1.34760373035296	0.873274510725034
0.899840905196656	0.618132052711257
1.15391928985495	0.735853594565478
1.21783925101318	1.12950502103249
-0.384636309816593	0.219186017274071
0.0744207995197281	0.0360737662209296
0.422089454483523	0.265332883824787
-0.0334001599340789	0.0147547645480268
0.791084414755195	0.438940433905902
-0.0512983170116758	0.0224890592148208
-0.983587216679537	0.504518969979902
0.466065581111281	0.34039384689235
0.708186828755126	0.51728402192407
-0.433933920525826	0.304490402310102
-0.659638591265698	0.505533244887807
0.155639839299965	0.0690462042153965
-0.468611482823005	0.211320704419409
-0.304512388306452	0.143828127967577
-0.557028240978408	0.266096839353465
-0.297374526865283	0.11935603322833
-0.406783114216329	0.205582646809324
0.760141326029094	0.679593781801957
-0.316844342390204	0.205317835665189
-0.645188859542016	0.388871620246982
1.20382614654378	0.941580379594859
-0.315291979889538	0.169830575531193
0.58997098275253	0.41880803448085
1.01852223441244	0.644746465683052
0.0538780742606984	0.0236614157787786
0.594710437577476	0.354243100726095
-0.197625583889355	0.0987082114428753
0.210162131722981	0.131375482738063
1.34805209263362	1.1592675227748
1.37750554958572	1.19618514564191
1.34440502940719	0.870018424128209
1.73125736202219	1.93991847662115
0.0620391144010385	0.0268675476225731
-1.04350800792822	0.442624033397205
1.03959718616674	0.724662692165827
1.03121688599693	0.525815649330362
1.22443755656437	0.961117786127748
0.687649544926534	0.414256496385647
1.50683239637025	1.75113139853991
0.937270681830673	0.709390980355377
-0.606339210725948	0.251581291136881
0.678686302865785	0.453366453223533
0.346630520892089	0.127240861809027
0.0851453187068143	0.0411282793654988
0.917813173666909	0.635183301596582
0.276093408166155	0.12597505645233
-0.0297914149665673	0.013647676137209
0.0933335971698383	0.0363741277688043
0.413804549932278	0.27901569025085
0.415361748607731	0.297252061764031
0.396797207864995	0.265671460546533
1.69087312044671	2.02495858594218
-0.160331035000838	0.0920500215692452
-0.947128826397503	0.895966391700417
0.360992054548488	0.186472809627449
0.174621190672554	0.0776305149922887
-0.544374752016703	0.259231359751754
0.733129282663651	0.447948751480942
-0.784360278999704	0.361832025698523
-0.349932056686599	0.14823035962482
1.46392421661469	1.49737914860912
-0.311734825684945	0.124743955149485
-1.86020352776861	1.21604718437373
0.293410104950832	0.134057187857057
-1.08308246854219	0.588104192358504
-1.35200800748572	0.888948930441027
0.616894855750385	0.331028579173106
-0.290161086337368	0.136294560207475
-0.548196724876876	0.261479959507694
-0.940388192235106	0.702308795143264
-0.00389279055059751	0.00177348383033244
0.755927877378537	0.637717665042002
0.131633963150989	0.0695985373683619
-0.833283913418691	0.572947892345775
-0.969707183212253	0.495346219732909
-0.685804262438903	0.422787855223201
-0.260936405880717	0.116731250017291
-0.798102195450148	0.67550349241369
-0.490073041634484	0.333131920153478
0.0627830677228918	0.0350879314257457
0.640431806127688	0.576313608732112
-0.415651343052969	0.26804364450682
0.773950811742231	0.732070898869739
0.316922969967291	0.193255501408479
0.644211681984232	0.427140970320962
-1.36689074065328	0.905573167132767
0.690368491274965	0.461734789733683
-1.29824884076985	0.622803868737483
0.310789125784225	0.224441340189452
0.820048833967875	0.612112855920361
0.494213493901693	0.289897145959794
0.0014201971639033	0.000568648620065898
0.161243441965736	0.0798198245968199
0.550705738081951	0.357303880060881
1.19257622961859	0.844746664758215
0.0603353695848601	0.0296163285647833
-0.719243355082513	0.458967252328614
0.817871975892774	0.778152959581336
-0.284625151164631	0.165135868792908
-0.307669079361502	0.164987115854546
0.185289964572099	0.091977481155987
1.51886623327578	2.05445859326673
1.37729652400142	0.900319206535453
1.91136712856186	2.45234081841276
0.286559732650836	0.145368081837871
1.28799676632595	1.37185104866174
0.652540671841391	0.354463364574792
0.838085695737865	0.763049658837988
1.57808514134052	1.15089157737713
1.72518180946942	1.52890788116975
-0.363851599723631	0.205412084483863
0.213172660654664	0.106147605125294
1.06241719334748	1.02205721083711
1.11641924068779	1.20612910028925
0.835551459716499	0.674274743406025
-0.0536633124499928	0.0291837738188929
0.831726383865273	0.757713725907137
1.12050961163406	0.644818596736293
-1.73701258017225	1.06322203722348
1.77517918589279	1.84875573678453
0.335643090210951	0.12368311212871
0.663626678137507	0.361072859958993
0.709848725453747	0.43182304900015
-0.454237387348227	0.174660581089785
1.64920661618635	1.57827406552992
-0.126500196778968	0.0523917654544354
0.672304030171674	0.447286703167628
0.716810180600237	0.559248515934975
0.777519359409163	0.524555817944875
1.75206040538642	1.81452147745936
1.33605490473505	0.701218875473654
0.7865616433503	0.534309901212658
0.481707733798321	0.308607949114482
0.672976764996713	0.448346530035831
0.097320142230697	0.0381106431147846
-0.310425602581195	0.109298315755909
0.544260725734806	0.351098491923711
-0.12704633630954	0.0478852300118912
0.631275944164573	0.413936133032663
0.75530351284077	0.638186310261155
0.72735969781976	0.672943502525011
0.190687331456727	0.103498925013733
0.530361483360924	0.5273334506829
-0.655253335106543	0.500849291648651
0.553317661162886	0.38676627640164
-0.871622037171244	0.520893954871656
-0.162105553804104	0.105561820460879
-0.530918968670555	0.436251272625589
0.313019718334991	0.160217643628125
-0.623832110575381	0.506501581521556
-0.624398017549885	0.423110676917989
0.575169988864776	0.484045857304395
0.474704190888454	0.326370420257413
-0.283063834616327	0.132722629416946
-1.18100597854458	0.534819931916534
0.897310236513895	0.617600240472525
0.326899758087649	0.21402685159823
0.31041039214743	0.174248245417315
2.12576721751764	1.57980356584228
-0.311932247575516	0.147444247906009
-0.0298446066295238	0.0132396318935123
0.513131205498808	0.459287198473909
-0.540834141406746	0.338846987091471
-0.193641455519401	0.0855206309038231
-0.296622523392614	0.199472112589469
0.474904510486648	0.474572068665688
-1.1111469254996	0.624493172308594
1.41089514369065	1.52211406435086
-0.210225092454472	0.0929684387048118
1.58641447049606	1.04658618644541
0.716772721348237	0.436522372908978
-0.144846811666261	0.0538737969794982
-0.872217405980453	0.620920770258438
0.540633718073944	0.258849863243974
0.968436442206182	0.916827584834205
0.0589287467529383	0.0255354745729835
0.81571461100643	0.608110906908329
0.224906936638204	0.0909508697444095
0.202492854238774	0.110206559804465
0.376516956423445	0.174503876528614
0.958148952687478	0.733396615610291
0.543463717201081	0.290815832763008
0.385125381934201	0.178916849539922
-1.26301336752594	0.783223259339008
-0.111543540554226	0.0524344268846884
0.398321415620439	0.185988662723218
-0.28099930486347	0.0987647652472816
-0.252741264839972	0.144431554960147
-0.0169660317163484	0.00644862088909781
0.653911168040844	0.433413680083881
0.339746313591167	0.235900945276762
0.40312663161722	0.231876168855678
0.207954736935579	0.103576013798173
1.58313412001886	1.95243466147342
-0.18744758414717	0.10138634794266
1.08997418035888	0.91824018008797
0.526368853394461	0.25120820107907
0.356136946349813	0.147703087587103
0.537881826645363	0.229932834462946
0.369235688706327	0.190389632576413
1.19313012817279	0.770394861544491
0.470712084208342	0.274890432948751
0.0971148518991124	0.0470872683235817
0.785705743961528	0.435413434834134
0.411442316681959	0.192268384291822
0.688955529577601	0.338262301360761
0.551133178227157	0.4143854906966
0.748027575802903	0.666199882887111
-0.244963006112695	0.13941356245926
1.07118587712693	0.901605918447378
0.535043147586942	0.255859858685983
0.771627099633828	0.42466127209608
-0.637768784117868	0.322725064250541
1.09221955042077	0.776786668284775
2.07671063115096	2.01825669004098
1.88280841817773	1.25932106332142
0.385639842324524	0.17932993183308
0.579829185249195	0.343950554914652
-0.450560794411213	0.202473779951943
-0.456560010399387	0.22911601750984
0.483300497531467	0.332779056745642
1.23366250231118	1.05877323009554
1.36785007585435	0.983345343060661
1.79622506342469	1.88506381626884
-0.515343692293078	0.243444696168904
0.126492143051391	0.045153337546196
1.13302555054343	0.718418768623578
0.373507330094144	0.212525306510992
0.76211124933285	0.418243219150723
2.15131939202031	1.89763342597845
0.845118086637986	0.522701388731761
0.0803378434675821	0.031688969462615
0.292132741413272	0.148443648503446
0.904880485084415	0.622677613679633
1.02421148552464	1.08356645701456
-0.552186127931168	0.355271170282268
1.05367547916619	0.944829219355638
0.230526784485357	0.0930477433881391
1.16304003882999	1.2101041462728
2.71448177777093	2.18801978478622
-0.595713772521412	0.34377020115534
0.195784082366796	0.0973276681512326
0.507568241770743	0.268927664307458
-0.0884437546740125	0.05103320457844
-0.243983750728715	0.139000282576715
-0.225538501223808	0.100164801450045
-0.245354702612159	0.150529026256925
0.956357594526144	0.901185177838785
-0.5620119464966	0.269183986460348
-0.00271083613478316	0.0013225936942997
0.148152294756608	0.0527480551580918
0.796315507892957	0.442239024763763
-0.808508933606554	0.375601189774
0.191335380535197	0.0950878338535202
0.390136754747837	0.201277908443276
1.57198226690136	1.26550805999351
-2.45372450810155	1.41644876538309
0.26013931812402	0.14367517363395
0.618558535744722	0.370441186836618
-1.51944311545307	0.820284616146991
0.653524733449074	0.431559488775013
0.899800866053261	0.674975950647445
1.06687108959621	0.821652836360491
-0.141383766955163	0.0529426961384096
-0.138179254013739	0.0570299861869729
-0.860669179057129	0.334047825923664
0.197518742657959	0.122941525859507
-0.715659340937502	0.454848526724763
0.736130081074876	0.450552780918968
-0.921818857828349	0.574534808300703
0.656158791436816	0.251669567298744
-0.758034211399424	0.411781727219803
-1.06360352653585	0.574236412215711
-0.139021337659032	0.0518689146445104
-0.461989592462303	0.208014975615612
-0.780760128414776	0.360116036813691
-1.06728903519791	0.858889566809346
0.166843804565032	0.0738932084865502
0.662132431415188	0.36071657085461
0.394591285737307	0.204771322064694
1.75482358250596	1.41092193140858
-0.357789088339937	0.151662872308255
0.154779726675072	0.0949899384500146
0.848943788016096	0.426204361635894
1.09336131564795	0.920206262869915
0.506624557933772	0.268342889919546
1.74105239452581	0.931428432461311
1.60768761477366	1.66935718603235
1.04808895873338	0.737478412091619
0.184277539051584	0.100059919030087
-0.204794549011311	0.0905997891579211
0.148458552273373	0.053026924883027
0.20967262175908	0.104627288118999
1.51889682487627	1.33191026169943
0.939306427565626	0.713240455417599
-0.213845887209428	0.094724288809018
0.729474178580682	0.575186806959878
0.482073219160499	0.281443017752337
-0.386757684957916	0.194317645314895
0.834149261744912	0.672661268153224
-0.209542236263013	0.105042503251929
0.141254781209212	0.0811670154147781
1.36246016620218	1.07719063914789
0.471120428993188	0.300684605132079
1.54336701571308	1.23086601675017
1.17218319766418	1.22368932477335
0.0800560387279006	0.03155155650113
-0.461426695593418	0.20779443905754
1.0381509394447	0.72430355523034
0.0931705671382086	0.0367865024608394
-0.105061119909152	0.0434513946933897
0.759172413182087	0.416757596215727
1.7950272328821	1.31301811327067
-0.699392663292137	0.371627007297716
0.184769347334177	0.0999128281767438
0.755480045319316	0.414155718875945
0.983004139477079	0.613463804336252
0.278100257919164	0.127278992080662
0.53354578708907	0.255151321719755
0.76923002379618	0.424145996784665
-0.0357699038802814	0.0157649773927141
1.65052341524703	1.93954005347873
0.66798752514159	0.326472715096707
0.527128172876612	0.225018876822251
1.16480753931376	1.13689503278728
0.663336852365455	0.221861994107979
0.286733456314353	0.130594440938221
-0.357481162736994	0.15175281468761
0.654859634383328	0.434911477842442
-0.27417820468773	0.157898348962609
0.173804686034743	0.0772895264608657
1.23322403120175	0.886733176458832
-0.33837735403159	0.222285440141829
0.524019639346672	0.22406790040752
1.5020989184204	1.85481601300591
1.37172745086217	1.29975134996482
0.486502581349103	0.255791736318944
0.225590245699114	0.141563899038956
-1.35759396031918	0.676641130414401
0.392365229888521	0.224872256156761
0.58368412561012	0.348823560954814
0.483443146068972	0.282937886197276
-0.231888680026283	0.102819545060362
1.15699058534871	0.739580003004694
1.61235603921582	0.958797433336682
0.638806753432152	0.244786131427431
0.0847581620877893	0.0332437975339495
0.508105593865592	0.352780128013489
0.514728270088916	0.244875944688929
-0.638234103627536	0.384271187521453
0.822268188918408	0.409913854920699
0.392325201082286	0.182637952905478
1.21554596431713	0.867039558342715
0.248870350372944	0.113066039584273
-0.00644804460376068	0.00305323174730853
0.815031954010237	0.606281186384399
-0.82050346748185	0.382624258477162
-0.483332296577912	0.259257175634328
0.851404404314251	0.525005350473369
-0.974004368916595	0.498081473009595
1.06366130465037	0.817886420835059
0.503934216439675	0.297056025678739
0.518336447765764	0.246686744682767
1.51698091982418	1.32207162213362
-0.617465763410071	0.368561563511286
0.917109791788343	0.691382034687711
-0.384232850480083	0.164049706893135
0.308206272382663	0.156940250987076
0.095447695657244	0.0374547851731276
-0.688569939579987	0.301884619985997
-0.172140842960831	0.0923444695474234
-0.78454651063663	0.361720105722972
0.278684419196845	0.15489612343892
1.08696413389759	0.435882187828599
0.855924768997068	0.529914875133626
0.961547881792825	0.852275368449844
0.749879955057285	0.41155813075075
1.70544819327231	1.5034633541382
1.52534110790615	1.33920913335176
0.941387073892209	0.655207762298589
1.46406837840634	1.50169718894474
1.78119590379537	1.85644564927815
1.22063726429671	1.04938934629763
-0.0279552897588561	0.0107937018393704
0.320159779051784	0.208866054294272
1.04065433614973	0.727904372803637
0.679382911853808	0.371754654843196
1.05187915529416	0.7386091216421
0.505122745415081	0.239770214523278
-0.156992689834032	0.0838630604504595
0.0789875840919707	0.0314064284986889
0.91075755408162	0.509367874016135
-0.234124950914827	0.142631043099799
0.582456439251019	0.44270417136385
1.01535156342077	0.642101287016801
0.404339201060051	0.232574451211917
1.96197568827145	1.57049074173829
-0.791000053691215	0.364768548489206
0.625068570110822	0.337283580089474
1.35928623515111	1.17853140772981
-2.29799837054094	1.24516887322605
1.01849358443229	0.645157244915367
1.61527645203401	0.961472314958103
0.782530311899363	0.43167683907729
0.541175802870669	0.231646886351182
-0.204674887866089	0.0905639694936203
0.995037526733627	0.626998713485912
-0.954874063980867	0.486243087645139
2.06516278079942	2.65785678340126
-1.46062927602524	0.762568834542674
-0.361765508511908	0.153346677417211
1.83935501929985	2.4770306840892
1.2146255727869	0.952469408098322
0.418726571123757	0.21983763994484
0.8313528819682	0.511652180097377
0.788828145496935	0.437490970212523
2.72007787952115	2.19426564797716
0.230005057890401	0.0930659940817666
-0.310919879712182	0.146884734325758
1.06967802534558	0.550784372513375
1.36500859547649	0.889385700886271
0.12167252831623	0.0477132082608986
1.19724123982563	0.850862561963683
1.54488766481906	1.11398977738915
-0.385598090758385	0.218850671680756
0.178947882870376	0.0969451717570379
0.696529762111845	0.504855157929099
-0.776386571223149	0.357818139367913
2.21537354465345	2.71484875967258
0.548092802176421	0.355015067005747
0.715881116142633	0.558683362844332
0.404456631069598	0.188874461485552
0.292564619111295	0.163490551880314
1.47742245760933	1.51997609005454
0.782884680572053	0.433073690271521
2.70079623345501	3.28185143151017
0.398307545034523	0.185881078603352
-1.07147957959457	0.579702254605357
-0.896216493017353	0.542259384180269
0.651727778358197	0.431552568575097
0.182758395730996	0.0814942985685895
0.864138720788024	0.536075319395673
0.635338194252328	0.344307318153194
0.631172835279927	0.340918776412183
0.0787781846346219	0.0413927621517685
0.478321469294647	0.27881566477636
0.462990106009638	0.26902626273963
-0.786264645663067	0.525797282500124
1.92057285693517	2.4686358846808
2.47161396479936	2.17900263627222
-0.133776121882289	0.0630166864579685
1.19817131253296	0.848269307944011
0.0546611162827268	0.0268053208318492
0.429217634512885	0.247175857611223
-0.596373871610685	0.3448629696248
0.668796435684208	0.636592683704735
1.07619732973668	0.834817957754259
-0.0801828290949826	0.0504031413488692
0.378530921346938	0.215835287716603
-1.80917698805039	1.15669768558507
1.31104387244338	0.683737013991288
-0.254241077813771	0.113479668798886
2.58393355466446	2.92799553668993
-0.0362861074619994	0.0117900496461309
0.968578389025524	0.800050591893257
0.848572865481676	0.52532569595835
1.59826563867004	1.05831916027396
-0.106565306232663	0.0581039807240788
0.654978242464458	0.507000358670186
-0.958600674919738	0.487536889401782
1.19094209595111	1.01271612478678
1.49926756413911	1.301678661786
0.80392240702244	0.548716032582987
-0.518803751746876	0.282553120232072
0.957948087956091	0.595469282136319
0.862163017058735	0.700010430279375
1.35673549835778	1.17062221986172
1.38832795548499	1.7415868461207
1.13597013414537	1.04988450190914
0.308250349009741	0.173364381348871
1.22996278579806	1.05652093232456
0.771914881130051	0.425870447508857
0.382694325261317	0.178158246196542
1.33667362024541	1.67771676851413
0.95460709197802	0.729818329545214
1.09862487979537	0.930440091457107
-0.0953689551706072	0.048123064024484
0.00896839568385206	0.00449061106549965
1.07470415062395	0.553781377853538
0.758214918583544	0.334670797873104
0.684447968683775	0.335526053804543
-1.03305940949937	0.552071215364426
0.843107791045473	0.422500024431028
0.333493877759754	0.13774760808934
0.0790472454791267	0.0310967958851719
1.61677106447947	1.67566467082943
-0.575506472453935	0.276749200631459
0.739291638520836	0.452058057881532
0.815741573133197	0.559281142515651
2.10002048282877	2.05360691123891
2.15266701367272	1.89573392600695
0.826481154402178	0.412754365372691
1.07846055884615	1.10633584746128
-0.268799310865774	0.107053986018959
1.13027344644651	0.717139807383804
0.207266619053776	0.0834587374610192
2.6413955508902	2.53950487124857
-0.390104659614123	0.222812912964848
0.653994852670135	0.250819314642062
1.67868469369267	1.48507687706152
0.167810638614057	0.103339736294794
1.67057355776017	1.60709933156574
1.91172391224568	1.68909644934058
0.295638100874903	0.150647538848915
0.954853717659075	0.730155114923439
1.56171608272374	1.72276219022948
-0.0345419989438201	0.015283233943679
0.808075106361934	0.64544153010743
1.4851662797232	1.98240252866338
0.154461209906128	0.0941596113925236
1.49733769663257	1.84780306808024
-0.815040878996191	0.55448792832527
0.717397207038133	0.561102651445889
-0.0379758195958677	0.0165988440130501
0.284470395862682	0.158943478015497
0.18255171662307	0.0991578044911416
-2.29639297707046	1.241633325452
1.02146423262658	0.464106692590264
-0.423587420608796	0.274311570688536
2.06158988566209	1.99264799427288
1.11221012052486	1.32241318121637
1.19599102319156	0.933148611678043
-0.349701750837276	0.196016138462893
0.421496676256763	0.264212412036154
0.424819755089268	0.320942568906857
0.640075858844273	0.549345497849814
-0.109109830410674	0.0715219586594408
0.428072849206352	0.248347519763387
0.0911030916356693	0.0361744209291664
-0.594655790078714	0.390150392192633
0.790841653510369	0.536558074957724
1.47924039757992	1.51937392026029
0.834857952065647	0.62479213358517
1.15146229628092	1.04310665200947
0.887128321493141	0.659481665620805
-0.825434832319008	0.473099218623443
0.885685306593225	0.60572652725981
0.509128017125462	0.24229578982205
-0.00433776856877813	0.00187230201165813
0.65310962542397	0.430776720817355
0.92959555431064	0.760615691749283
0.825401942344964	0.615555436700686
-0.998999677577694	0.514770866535348
2.24304654610068	2.88695341504556
-0.13152197977758	0.0619012355656846
1.98806893345072	1.19005233078367
0.601111038826674	0.359294791068159
0.763333607762595	0.516131432739809
1.05832307117081	0.543069273294241
1.65991098735674	1.5917927401624
1.36774423832855	1.08290702317958
0.0697655581190635	0.0275859086157907
0.421126472307667	0.197277758524477
-0.339070503249221	0.161501877753994
-1.18097358172583	0.872964842571695
1.56052970366654	1.24953832730829
1.18020674503413	0.83177572918719
1.50782613045088	1.31130850770544
1.04447612393536	1.00044833476425
0.509707025221167	0.455601548685811
0.741596245851	0.453847940230457
2.09224266221876	2.71775741415298
0.0650384910394506	0.0282908471863148
0.821390643972762	0.503994154657408
0.841464823902408	0.72645747283918
0.546287192395713	0.352836514800148
0.457363009778355	0.290715256267153
0.243143282717797	0.154071721596055
0.922092628217084	0.698119079493413
0.0826256792649634	0.039839534293664
0.927860815370528	0.642218314375743
-1.45417323840305	0.757170139796885
1.35255349066554	0.712398347651588
-0.14463712870338	0.0600248500412727
1.38059406419143	0.99523449714932
0.157275434948682	0.0553526416410446
1.57527196339157	1.14671691432023
0.289436939521147	0.132589057422574
1.11594059087897	0.95183029056214
-0.492796613167793	0.223556887480297
1.0736534187131	1.03677282267964
1.37070252709402	1.18980413534302
0.598932795889311	0.35909859566734
0.57225501787404	0.339076725971747
-0.360434879215905	0.152728347172046
1.38727464368553	1.10370272518308
1.07183968051887	0.82541284839578
-0.113768661575373	0.0577282133909764
1.05917473886536	0.543611660755241
0.811874847856473	0.601134501153392
1.08475437223576	0.982216750454439
-0.276789097823298	0.110649431215368
-0.153902134144334	0.0727059994297093
-0.448260264381068	0.23690229955802
-0.970085725940338	0.49550502625173
-0.0936721196190925	0.0507559820975945
1.16337184637144	1.28134392007157
0.165511635185454	0.0958632005457694
0.496752253621853	0.290900724054422
0.967795425916171	0.913220420375128
0.628410139631717	0.511230176776616
0.753772612802543	0.637546851964802
2.20051779655495	2.68917728988331
1.20165307692451	1.38489373707668
0.806883050571751	0.685786444949141
0.904882133120531	0.623921439999935
-1.95532930779635	1.37742484932267
0.649792005631794	0.431820952654213
0.477781369929574	0.280069804520875
2.28409628583995	2.97572709875649
0.418167344940028	0.218459270118017
1.37683595848589	1.19821805082025
1.05775482769794	0.743379353774204
1.07784550478585	1.04733027129072
0.732111501452931	0.446172140002521
2.07868937741224	2.69536691060841
0.46155141763251	0.293951093814515
0.335824751645289	0.256256038329944
0.85734729312429	0.531708786566256
-0.729125792600077	0.687085251969923
0.338742205758809	0.140835645483657
0.922010109417402	0.754034954347322
-0.45567254569098	0.372417968804509
0.204120095522756	0.101305896042288
-0.576152893403519	0.277018098550035
0.343990727427604	0.142475268189951
0.675019902676094	0.451446712922368
0.0041907014859583	0.00135488879969398
0.342206123177596	0.142149824370175
1.05656480914799	0.740157143214975
1.99575427214843	1.19660154872896
3.71463676378748	3.39991019114515
0.0813918788533721	0.0322266265729428
-0.232279492967366	0.103147377406488
0.0870105698887518	0.037447974993186
0.270760379988872	0.150356534602624
0.71923793559666	0.438403208874999
-0.614629303246652	0.212859635062105
0.24231079990204	0.0758656666474767
2.26392470808169	2.90577645938332
1.35264401001137	0.878482821444644
1.3535893823462	0.966561052236308
-0.416564914769752	0.211321875207015
0.856849940477262	0.530287617892687
1.22378956649971	1.1378632017577
0.406898422118588	0.190059212248435
-0.12061095908897	0.0452544634557194
-0.202520460208949	0.0894480200731372
-0.640390056504112	0.324281339505442
0.492153453768764	0.25990244300893
1.35889767076196	0.800591354133363
-0.104250054184695	0.0432180286659556
-0.47709541716982	0.215548560831069
1.00665791601211	0.634678996388015
-1.59924527491285	0.900661369482355
0.930838281479141	0.524354972654295
-0.353730352212916	0.150049738746722
0.678479879071628	0.49047529317311
1.08699003363489	0.92154773112994
-0.35087129728751	0.148576626433391
-0.0112331928927455	0.00454834137501909
0.78733473256179	0.436235062971672
0.47102726763067	0.273832943554013
-1.85678679240785	0.836458255436165
0.799309062659735	0.443254883954142
-0.483267847701004	0.186547340541985
1.17907961489709	0.757338679484242
-1.36682126405003	0.683911188866222
0.778324560761301	0.428360320699157
0.936162302819746	0.709005498304691
0.406714263895171	0.189806954128929
0.549274019251305	0.264000703702138
1.20371378094368	0.853693302335882
0.530965921993147	0.253546367587806
0.0939040440719308	0.0453171681731198
0.361179506119246	0.149966782565723
0.14257563381007	0.0507504282603404
-1.36682126405003	0.683911188866222
0.642059438590916	0.347582196258378
1.91262036809194	1.68681647077343
0.816599408447975	0.40647214802663
1.53349321512782	1.47514200402962
-0.282931053676812	0.0997331359822771
-2.28944492004826	1.24028273609349
0.266147937178637	0.121050915697303
-2.56331536167038	1.5716566962134
0.826239355886589	0.411994431429348
0.536890121125393	0.257511815650012
0.99572768509243	0.625075982804549
0.147104832295965	0.0656771604617387
0.553776301188925	0.359734048421522
-0.0419774982087071	0.0182791024916485
0.668636873572131	0.327083331249384
0.631930896539047	0.341070440586157
0.398330941595272	0.186103733741078
1.3688035633483	0.984913520515344
-0.613697087941609	0.307927785205206
0.410004630625851	0.191445056587714
0.255356286397018	0.171346021016631
0.217215569064721	0.0876544818778449
-0.640412873638664	0.32413326222677
-0.454430278592048	0.204595113630415
0.795782805344815	0.676988776161519
0.709678643671939	0.428764214850555
0.851057726098368	0.525957460849092
0.841585327479047	0.630129718189848
1.18674957267873	0.918303036912081
0.0624137281272299	0.0305352899004451
0.779891617907895	0.430490360812184
0.162750896740835	0.0573395261325699
-1.52155314221763	0.823155161654195
0.327768314489197	0.135279818768528
0.103716230078041	0.0546262617224156
0.840688487742857	0.628678265957214
-0.70119568376108	0.307864266177135
-0.876292906251771	0.524842243723646
0.19744727182628	0.0796098434353922
-0.322014943943534	0.152654882050758
0.518027396894332	0.221425500153246
0.0563005929614937	0.0244520371916417
0.180954653529283	0.0806999257347765
0.791700749706551	0.537425936784672
1.35592047312437	0.880406582918188
0.76082114726944	0.418311709594039
0.261949987552988	0.119603557203858
0.66467088690217	0.324397312685477
0.389721769815862	0.181702081287763
0.368288920298997	0.170696221128902
-0.806880797457265	0.373942003505537
-0.7134219322532	0.381074231499149
0.64088386307114	0.421399121690595
-0.0324782936526191	0.0109689162147955
-0.616347062643049	0.36687169284409
1.779239823042	1.44416591176722
-1.36920520747439	0.683624481507897
1.15117713475627	0.806203933640492
1.22289885668712	1.04686098671093
-1.5257240271353	0.826633775442886
2.30547221672615	1.87062718216431
-0.129159924572056	0.0535786342930217
1.32404271721441	0.77396780574545
0.544633853012987	0.291151281340219
1.22660955521913	1.05511216135867
0.665574862919871	0.324807455320944
-0.447271324490843	0.262026684720526
-0.249597361524644	0.127014940909042
1.06906408614106	1.0324265615201
0.728970325334573	0.574036245016275
0.917704996562171	0.690095466999819
-0.0132108800081065	0.00638187371533971
-0.96118184300628	0.49034884270897
-0.97419397413539	0.498469251687938
1.17214366202522	0.750097024261954
0.705608195984279	0.428177108264191
1.13021017706499	0.65198941106023
0.781783007158708	0.432740360720388
1.19799312463029	1.01755204282033
0.186113059490899	0.0924442964817478
1.39256483421105	0.495195831360944
-0.0699011933835249	0.0220507128863846
1.36428162970259	0.805244659486083
2.0611610806766	1.99493752507616
-0.495045376060839	0.224698951742407
0.534811557108374	0.285459036510738
1.35556556427779	0.881155749374529
-0.88853322817192	0.433562693425511
-0.125557881133647	0.0517805323302794
-1.36122927756778	0.678320650677406
1.12971779123331	0.651648456763993
1.1042524099373	0.632935912666684
0.715552090022571	0.433322305211769
-1.69436495494645	0.705927815180235
1.16792808186307	0.749143399845754
1.05598887359965	0.945744628343384
-0.0775757647494867	0.0242967610506194
0.344658090877668	0.211617615001057
0.481877650648938	0.280873136231279
-0.014511368523469	0.00575445781947142
1.33875072669991	1.05020291053315
0.264862623012352	0.158571499775066
0.189548252819476	0.102948567378922
-1.01640055056071	0.428507163982266
0.783385937078127	0.432936860004355
-0.0120703170157337	0.00433963847597544
1.14174621344078	1.31029938959712
0.874930634502682	0.547499942263819
1.56117904931468	1.71746047197055
-0.547875015983209	0.261049771618905
0.511093902373747	0.354855376856034
0.160361777379671	0.0567126563553023
0.837680771920645	0.673461469882677
-0.486003513392757	0.260864455642364
1.20871161105137	1.03240831921424
-0.266933207535324	0.107169332663375
0.679024124429472	0.454485140242994
1.01715225358147	0.461671121876263
1.05050035181327	0.803260977630616
0.203092569983395	0.100930282875723
0.512323038391873	0.354863444873666
0.864367218369122	0.703510627116719
0.16702360956467	0.0739833086767276
1.58170696704717	1.62370181160197
1.04416514093179	0.730589213478734
0.383285433727608	0.178280803801242
0.256630594453249	0.163384865055259
-1.14726386360857	0.516631875826251
0.198929319411722	0.0988011704554237
0.671693359126979	0.666545927436099
1.06999207953922	1.03077047936151
1.34352049405095	1.26513212683705
0.82873910348552	0.668362405019017
0.398078025237865	0.266032865770533
0.763604184643572	0.513877951687485
-0.388719734665469	0.165165436860018
-1.41566993597402	0.527490945156496
0.567192876081163	0.33421711792308
-0.450045566991924	0.20226327751388
-1.8545039424069	0.836686070456027
-0.470390981832578	0.212254714520403
-1.15389501836187	0.519755185732986
-1.42987043721697	0.533700849096348
1.55758528795618	1.12958446724898
0.255747724266655	0.116001938326489
-1.15993291339468	0.522797406689524
-1.05757479638965	0.569776738104361
0.274894559366916	0.139316177351095
1.1089801572102	0.636145608664995
1.66497441045178	1.59450352617071
0.479693360337193	0.279680036716696
0.681969892043486	0.33429169933203
-0.146459283918259	0.069221934658096
-0.224291820052939	0.0995492705139233
1.19970989453252	0.853133138867953
-0.587283574343761	0.242597903673655
1.35794969380509	1.07578883939691
-0.610417514895	0.253592498768967
-0.713299676066288	0.314800496905655
1.02023964103461	0.463113714849967
0.126224392757074	0.0453627934895978
-0.320818776292419	0.112946229629294
1.34174142760435	0.704384383579654
-0.330504046764292	0.157206370334654
1.00865539167692	0.700401732614805
0.22939464769108	0.126625120063861
-0.123315139127931	0.0461989210064425
-0.78284822135842	0.361294547445336
-1.13358783516872	0.642499250141066
1.07723827702138	0.555250609622176
-1.88696638855454	0.85252132351843
0.0692596182030519	0.0275526380990414
-0.337228778691218	0.160687716188219
-0.49333319967305	0.223612580224064
-0.849211255924692	0.328523979084842
1.69962971903553	1.34880770738784
-0.462152357226467	0.177688966253125
-0.0445285090756848	0.0196013752564817
-1.05580804755713	0.568356687119598
-1.16646484725641	0.525785060057415
1.96723893420252	2.07157908121704
0.194007646078492	0.0787308350428466
0.360670778754932	0.149523025875059
-0.0974123233121685	0.0299921712905463
-0.165190497592398	0.061961042451331
0.571865817037115	0.338269569245576
0.278981639220002	0.15557776219171
1.13727843148768	0.65757140538719
1.07575979535038	0.830954559161429
1.77506432790962	1.43938374870951
-0.285942325486853	0.100238752677588
0.525721032128527	0.224313036247273
0.75831528669416	0.416090727527825
0.265151899552015	0.121053801556855
-0.552795407405852	0.263996003977422
1.822564847523	1.34338957813567
0.999291078029789	0.629553484210179
0.0446796736014595	0.0199362781766367
-0.0697370675018915	0.0304173090764592
-0.157968782885233	0.0747507534608237
0.813621663481069	0.556348057202169
-0.468192300904318	0.180528722667616
0.993780309631969	0.623830114363549
-0.301166988101911	0.106179381558126
-0.352895756973578	0.149370540341029
-0.0399870437770111	0.017618720735843
-0.632162665545722	0.219170645510441
2.17984398411575	1.94103667506103
0.541672184474133	0.350983449084105
-0.620012772670005	0.25815860929344
0.36813717362847	0.209375760139959
-0.317646894191007	0.150461372953347
-0.47399626551484	0.214504414447629
0.090379388578605	0.0356817370959415
0.504010279117758	0.214160230033925
-0.283083400634422	0.11338426144895
0.373295374955908	0.137140553547066
0.287291240273615	0.145952527358626
2.93525806099836	2.59000816628745
1.08230651158364	0.433558668659745
0.984945111125793	0.617503720971015
0.912856441356893	0.627611283403132
0.407995213637401	0.212677423409204
-0.2894564766903	0.115730893230657
0.868433656088841	0.539888465859956
-1.08685500917471	0.895824982997742
-1.41007780667998	0.525118191252701
0.915450204575744	0.513443690835508
0.172632178294359	0.0769134618076616
1.80421499962719	1.89318349991789
0.0793383516005485	0.031691298454745
0.952081725627715	0.72294117744737
-4.58020125630848	2.63587741023779
-0.560473962342003	0.26835087082738
1.02476578949164	0.710120871647034
0.671807538087802	0.328256659741488
1.18954306612916	0.83943131077987
0.269840535375569	0.122612280698452
0.53521013473325	0.255933489134709
1.05052171686014	0.738068867660053
1.74544357095122	2.42621128366431
1.07895914159627	0.905377382627712
-0.581388263946489	0.239998413720123
0.250325772340646	0.138692918723719
0.944421438833651	0.719288219045484
1.58697255286145	1.04749443501723
-0.542240047216451	0.258245937942531
0.544416624187151	0.291107049322486
-1.28319748431569	0.805499303330287
1.01099575448085	0.638213367433728
0.0704526037338116	0.0305824592270815
-1.53045562799014	0.829136690030536
0.264685621319551	0.146784571120799
0.178610342840879	0.0792753689244967
0.171965710320612	0.0762433601448097
0.495000104002112	0.342954780214686
0.94080767566682	0.531464501085937
1.91129030136151	1.68827757943114
1.06126870234085	0.744675702816868
0.466467801820852	0.271741717465552
1.03545643611664	0.722422159359825
0.280138728313144	0.127373669823938
0.371794890522706	0.154420989396293
0.753931021397811	0.462774978686399
0.655481382681619	0.356491512187628
-0.873427588429609	0.423081199393118
0.213746887598863	0.0677558641857732
-0.036574001221095	0.012337115824968
0.573077540024005	0.375226970816814
0.718027380087099	0.315079548918108
1.33811937224824	0.785193528650172
1.76909461345791	1.8475161533538
-0.305864865671019	0.108165479638058
0.533000503218534	0.228147107470141
-0.16120200544664	0.0606588163090289
0.901211444304013	0.620067089030039
1.5149556597645	1.32183674436654
0.621545560820914	0.407876375436332
0.991533225231456	0.624203511078311
1.51376598020812	1.19504359827495
1.35565993470267	0.881170252878878
-0.625868963941049	0.216824207812961
1.64656091510598	0.986790168297073
-0.0183753325791325	0.00616633459517235
0.6569248486086	0.436751766425916
0.717940189754462	0.436434280310938
2.33296299922377	2.6607705778151
1.09551287949941	0.92277796664862
0.426332565163629	0.306509638231942
-1.28922527475109	0.807774398304151
0.815893640218002	0.406285017200798
-0.104503103129839	0.0435224407797901
0.260964377396202	0.118663095716338
0.671734611564128	0.4468494617879
0.609473777898335	0.364281141374866
-6.95238508731398e-05	0.000203395363117703
1.53487956328969	1.22448519873374
0.0493876185519111	0.021594420412448
-1.43370754465326	0.742975311623499
0.894802972543517	0.671254276050837
1.36370256325614	0.804336175195361
0.65897008492201	0.321292734354817
-1.07168053305478	0.579821008377552
0.950860824585024	0.724947341305231
-0.219054296407422	0.110291983163375
0.949760233679657	0.726046021986946
0.209846434073525	0.0843356291790369
-0.0637143087257023	0.0204867749451636
1.1760260309127	0.828740753840903
0.650646809093485	0.464602241022774
0.657628174511373	0.32016586298365
1.8755387862792	2.09634514462552
0.694263704668809	0.502955193251244
0.52044561714923	0.248052027521754
1.31612981435339	0.76766150564658
0.832647544961093	0.416308808456806
2.92492396365331	1.94647091572807
-0.69906697160164	0.30636319037488
0.839499417082586	0.723830399653429
1.56959363381098	1.26049316981434
0.291727488680263	0.133218625920314
0.189920646380863	0.0940387774545756
0.145128410545359	0.0512471330517067
2.32972347898429	2.25222139977791
0.739820123757366	0.325743243227705
0.0989134132483304	0.0386524906752032
-0.115498222507797	0.0583528495853751
1.02717348683922	0.712444432156017
-1.19092357858539	0.704431022144257
-0.251465525417205	0.112183592130414
-0.0109705345767455	0.00498161088178551
0.249881974084119	0.113551739167823
3.14056899579417	2.28182977729301
1.13932472372178	0.658824791352755
1.04196731269164	0.53282504566766
1.97812433113618	1.595153043484
-0.483557021387724	0.186332477915169
0.116747256198116	0.0459527523563614
-0.0122016590372979	0.00428993425464366
0.158551799129288	0.0702557952084861
0.50770529309636	0.216189083818816
0.783532366303687	0.434260321933845
1.60553270821414	1.06424894099609
-0.0132373119990933	0.00464627889218414
0.292739981666166	0.133529546421219
0.244797603941125	0.145688142757145
-0.037222580663122	0.0165195878788865
0.800028829687725	0.593566588255752
-2.31957839626078	1.26210097529066
0.355932172439597	0.147553721634705
1.32741853967373	0.77660995148096
2.04555267274047	1.23984990308562
-0.0571401780997436	0.0209074689282456
-0.228755378887814	0.101530384327201
1.87641819372265	1.25254472447588
-0.395031715034319	0.168909453709262
0.520842551818931	0.222095438371742
2.9399410510343	1.96325125327634
0.0701432323359496	0.0303913836525734
0.922847246677104	0.518184825280664
0.351496959585546	0.129267936972337
0.476320037739002	0.30447852824487
0.843658307831811	0.422961780003954
-0.0225329352625435	0.0102395997443555
-1.32574508638774	0.634990698878103
1.34624012367292	1.16595112646399
0.997307614038589	0.627726018829928
1.37488887201509	1.08947442421079
1.25476382201538	1.40090857590841
1.34812588632757	1.16138745350354
-1.1863890811564	0.537289496221542
2.08504173056054	1.53411651933858
-0.424704345045248	0.215703316522638
0.858804274645588	0.534028953250805
-1.27212217937476	0.793149577641878
0.841379512053927	0.518762961939337
1.17176505058012	0.904199104588569
1.91220553184071	2.17028302559429
2.50666746360145	2.22968407045548
0.50237637468934	0.348420834224791
1.50511527697589	1.43145277033604
1.34984488384744	0.794279402227913
2.29439634368549	1.54459077585329
0.400714823984075	0.230418510832262
1.11978751461335	0.957544845237654
0.881255436603607	0.6010641697601
1.30670682886437	0.83675112965197
1.0713738169293	0.551057272740588
1.01994302267918	0.708491665219328
0.994413665950207	0.449370360699642
0.852631647567391	0.528775147262163
-1.39358629418622	0.700454324968945
-0.884933179346471	0.431250701911898
-0.0849473406990806	0.0354183484059763
0.702152544414742	0.424954283096048
1.3621010432935	1.07509477422739
1.3651277056959	0.889051365775641
1.22180734798683	1.04263763235084
2.32781097166809	2.2501343367738
-0.00920700676568764	0.00368403688643982
0.612386135616751	0.327576981570061
2.31652546866809	2.23076577195799
0.387112500637689	0.199473500785587
1.11777020517543	0.642658281930715
1.92900604885891	1.7170133130115
0.868249254307216	0.756258636789894
1.69775845481461	1.65191934469424
-0.713390488399415	0.380789325985656
0.502741805839331	0.213464186656016
1.48629212255895	1.40702736606993
0.0439869674168224	0.0195054701959661
0.0903368783037732	0.0474451003432432
0.257797442715907	0.117090064745639
-0.425561507760694	0.216281317132656
0.636342803612017	0.383779352152829
0.0609639404570145	0.0265238239043838
0.912010566754093	0.629640363714148
0.0707721175135921	0.0343829413589058
0.866383584682217	0.43660935444083
0.40223291610861	0.231318012552923
0.627638023926488	0.412468843101007
1.08761386838661	0.99089763793307
1.19512368032641	0.771598846054855
1.70472153810258	1.49669586865034
1.06275745475174	0.817033710731996
0.586989474456677	0.473168554196233
0.914344390904394	0.629089838573172
1.76754853445374	1.42736653440419
0.651110406188968	0.353692286798179
0.238330977870535	0.108181904530825
0.790242782470436	0.53716901819357
0.907265989186645	0.625188019365581
0.272933023127187	0.13880523684211
0.516872419668073	0.38291186975081
0.0862608803008204	0.0418476202403267
0.266514977008236	0.134963692623764
0.0569107303799713	0.0246733078940198
-0.103512762255824	0.0523579195007533
0.738048659571013	0.495433680552982
1.35380140703232	1.26995465345253
1.5497952577609	1.23838081460875
0.886726740658132	0.555524487367617
1.32364988357419	1.32588334494488
-0.978033646385378	0.500863622692817
-0.480393833810608	0.2171048934448
0.106084193894103	0.0413201148511502
0.434830805582408	0.273565543928408
1.05949805928647	0.884800981428657
0.522653519053537	0.308686645970772
0.130011927508289	0.0464714562074316
0.636576495287166	0.385134590330115
1.85995472069438	1.80872222077196
0.861643617112853	0.53422693691547
1.10226826605713	1.00938303111094
1.31738061695785	1.32272929827995
0.573630535277243	0.402130368926204
0.483747858749369	0.332490465083906
0.739712982447325	0.325776343421778
0.509262840073929	0.241771417034181
0.444567256502026	0.279975853485513
1.46408638660032	1.49051073753269
1.33365695271336	1.1464480920218
-0.292175844767063	0.155968502466183
0.535577898260381	0.421950125384041
0.156349408665161	0.0695372325432874
0.977040001037901	0.868112167298242
1.37379770848055	1.08921019165064
0.731690395365003	0.612452308976594
0.528404661067087	0.225477992956938
2.45901910368889	3.04284559339934
0.685686222852939	0.45941055209763
0.453230269465661	0.287492920548014
0.999560820441355	0.628520857619151
0.00365670786517348	0.00165905698548718
-0.809839857882424	0.376473321357396
0.315554448899525	0.191410487561647
0.92418249415365	0.51990746777495
-0.312362565272601	0.147666546437289
1.15907532858505	0.738290089643967
-1.03026691388679	0.8155054986902
0.543953561171512	0.351033772481444
0.693936022584234	0.54096373407093
2.0678582064734	2.00648529341382
1.21568727485345	1.12752698092474
0.676991804754823	0.450755707938825
1.18144218802467	0.760446189526954
1.52672121019299	1.3416662863109
2.08476842459641	2.3677321159531
0.921384952569469	0.517455771174868
0.586217290055095	0.34811502135761
0.995791628926321	0.950882303815729
0.770133440817816	0.520616149006508
2.50099159444742	1.84521367670677
1.22170813360512	0.957907424396806
1.11906976999714	0.644323931039306
0.961252718600338	0.959022361696755
0.539073400060369	0.347083553275083
-0.0873954565328935	0.051939031900076
1.21855674394809	0.869084202328086
0.450831473888202	0.327079930153083
0.669957024818029	0.327289330134036
1.29466888559954	1.28911148285366
-0.633780024643991	0.320170161873668
0.156312563607954	0.0696901205282162
0.631086131898513	0.415845540984581
1.97851249681171	2.38541939651229
1.04416514093179	0.730589213478734
0.960780112549757	0.597225969623031
2.08281157726123	1.53147981611662
0.492223857878145	0.28908434341711
-0.585366660738531	0.24192570118697
2.82415561458264	3.70967935116782
0.554659142187803	0.417261952444054
0.385296695905618	0.220192274216453
4.25526177292398	5.09675880252103
0.715784233417643	0.52332161657692
0.621142110767119	0.373727720113965
0.518270621614784	0.275704470458346
0.956121242591623	0.727503332382881
0.91408824444557	0.630550337793456
0.859501765373803	0.533336698498085
1.21938362720905	0.956662538787064
0.402918742718853	0.188185414998015
-0.0254555668921825	0.0094067003141503
0.393481833502044	0.226406806275533
1.0705373729499	1.03359082007975
2.88057191503009	2.50441736155633
1.15835210081248	0.738152084045294
1.04590863831704	0.940190893020786
0.0109476275049379	0.00549254743076359
-0.966388999100333	0.493133428556195
-0.226737643372724	0.100664101301836
-0.122122395051051	0.0504442723296549
0.450226763862106	0.286186944619579
0.646611104183421	0.428399604805656
1.20282610490873	1.03050398317526
2.34542024481281	2.69708433049597
0.868477753572409	0.709553384534184
1.34188487715663	1.25508947701082
1.16887235249917	0.749014341002102
0.668073042961426	0.477882142178416
0.75361093053666	0.505660480173276
-0.267715584092554	0.106788693389281
0.0787163288370675	0.0415235220625651
1.07128060709206	0.89662747438438
-0.0528711393076149	0.0197736296629531
1.10575782907622	0.864459062878072
1.76112362497686	1.42331692847482
0.940076553918465	0.53061050341622
2.48041197512024	3.65554100548069
1.68908323737182	1.47720670700686
1.03786475708436	0.722674946833716
1.66028804059887	2.17656975770949
-0.728871878707661	0.391603775996106
1.74133875051318	2.18302317019058
1.21638494128815	1.21044916275412
2.1330462451953	1.87412783865645
1.97353280790903	2.94319926744644
0.36963490482863	0.191571709448322
0.188424433415012	0.0934744114407781
0.00245732368418713	0.0011020064958977
-0.0910062315226672	0.045926315528482
0.974137435694849	0.808310185736676
0.729100360838105	0.444746427763414
0.533510063532021	0.228346108925742
-0.791611829047763	0.365284739585204
0.0220081900301883	0.00989499963329727
1.67670392335472	1.62081955310224
1.55923010616423	1.72360209070856
-0.145399330745218	0.0540973955042429
0.365183635199535	0.16909940268529
1.55035597072905	1.36869057527078
0.275322571006486	0.138966577558213
1.43178275056815	1.82116300604729
0.535415508717536	0.256719836315253
1.11227697610999	0.638836821512174
1.99008315900502	2.09591076312806
1.07930029176035	0.977950227207265
-0.323825586592908	0.175153514111706
1.03301502722924	0.720316334684368
2.32341829823241	1.89114162655215
0.392041249889469	0.182801715114126
0.215279899001654	0.0865400132574975
0.498763070167245	0.293232708212647
0.129275096080825	0.0577818853653067
-0.250454566495249	0.127336551746738
0.746966334889949	0.458115901091472
-0.800623035451226	0.453655089864287
-0.142840996440934	0.0594602273225709
0.0865517044117882	0.0419259383565492
1.06312447050485	0.818503975706003
0.852961449890822	0.529273618900441
1.76392749106062	1.42271911319497
0.514061393708047	0.272673972711031
0.748626997501404	0.460124695546607
0.634775045075231	0.342296212645402
0.506025153755168	0.351068403947778
1.12935890381582	0.651387519364947
1.08470418094115	0.981701047957993
0.78201544248032	0.527383129778729
0.621825515436441	0.476713095059754
0.752314589534455	0.63602155217669
0.657208059867218	0.35764468627752
1.1841508459354	1.16309479170841
-0.451006184835989	0.270066016341158
-1.83810115133095	1.19207675304998
0.936493866849847	0.71074546701193
0.829485919484144	0.711549393255956
0.614371472778366	0.439839913114962
-0.00747932702144535	0.00307848007778131
0.569220332017154	0.399324813663707
1.29904777159406	1.38416271002847
0.512308933282755	0.27078522946535
0.701088932392251	0.421127900018885
0.891757072142012	0.558137396882885
1.0277502918696	0.652744283634446
1.67197112662477	1.45955861163154
0.911835148234321	0.629337900679414
0.0719539268514174	0.0311508449094475
1.94795701009063	1.74189074564837
0.767544015295309	0.424847660924031
0.94370719777806	0.716775753629674
1.36112208996404	1.63436439379715
0.917219434509531	0.63199383763521
-1.19639805734974	0.7093840848143
0.518336447765764	0.246686744682767
0.606375146655664	0.361850179442948
0.332117187617506	0.217514183372349
0.931101473978601	0.704290227143878
1.94236865451474	1.73052930917732
-0.00574781008238564	0.00265573303706622
1.90268779037535	2.16484090510224
1.18216910882321	0.761051812106693
0.8411697867557	0.679408664522722
2.51851495303576	1.86565695383079
1.32266171583689	1.33376502708887
1.37116622181808	0.810220917728642
-0.211869674231043	0.0938180630316211
0.1369840394852	0.0610861186979245
0.889967934468668	0.610969439115195
1.08272375853401	0.981516972956727
1.87840280665718	1.82919564475371
2.21752075669334	2.34529366235862
2.47272012221554	2.17778335306858
0.999697798963968	0.628882619898459
-0.0412948539449715	0.0180799976522567
1.40087374326293	1.61294666273214
0.518925376975125	0.247170177894132
2.09254021832034	2.3930128496749
0.165607600313017	0.0820524643405257
0.397152607313801	0.185281635093507
0.366485917293915	0.135065551121658
-0.338810049137801	0.161454497056631
0.329862837879843	0.201749996248584
1.59090563665346	1.0509176150265
2.1823330232559	1.94471609049707
0.665561109675294	0.549478408840179
0.695374567386759	0.467168696486408
0.624454471575299	0.337572952410254
-0.395913673625196	0.199480077303917
0.626197236657821	0.480948733866278
1.95975817291777	2.04537423082068
0.771792406054374	0.425447923681312
2.57854201273849	2.90487619655686
1.36867554951188	0.983758640125967
0.852367726872691	0.691366523209614
0.643256242512318	0.524725101870258
0.109685534609945	0.0532001885869657
0.802072051689379	0.548574882518982
-0.313217953924253	0.148162849290675
0.362827746115365	0.150797424064045
1.61038847807329	0.95817662909918
1.55390173905401	1.24494434462014
0.515391544175277	0.273184797608883
0.772321263227312	0.424999904573991
0.641068175761824	0.34768803480656
1.54315391883448	1.36187677092697
1.5881210722984	1.04812590387634
0.176510454441758	0.0875383396477423
0.242839711484756	0.11053856843039
0.847161836622518	0.424541684206714
0.0714745048812348	0.0346374826989062
-0.461741336267229	0.245515740061531
1.3639291882216	1.29066740979183
0.142665294009779	0.0865208803097643
-0.985849520272764	0.506078410022632
0.941744410643325	0.773561280209357
1.05689500561655	0.542532198144409
0.766317972793678	0.51591334213864
0.756559260342103	0.552485300639851
0.471459470640811	0.274398199669374
-0.142120102605282	0.0726863190120439
-1.07054369306451	0.578832355167085
0.519375997475521	0.333372494009754
1.93405089282228	2.20869147313175
0.0816062637817183	0.0395206702588112
1.09846337717355	1.0040894672309
1.03303453669781	0.785145577905794
-0.133485493276856	0.0758125984586233
0.165370878886578	0.0822572577237501
-0.0201893052050208	0.0118663707661123
0.560757426574356	0.364875908885741
1.08087420744047	0.834273694755295
-0.311945429694805	0.109378601963599
0.0784883675459467	0.0379331511277558
0.546647333959113	0.35183718171561
0.730648201732706	0.321363962598599
-2.02318548101893	0.974353930873632
1.55592817433321	1.24381256023061
0.371230879525839	0.136742314483679
1.54082921011361	1.00529520145681
-0.0136175933223792	0.00656505096882735
0.99197474750183	0.625023219595355
0.358899733563516	0.167057624246434
1.18055113675646	0.910871485940554
1.18858823187214	0.764318829941468
1.04603850566341	1.11331434596218
0.692651766856181	0.340357605402109
-0.646222192717373	0.32779086503218
-0.261968324842625	0.104866835157995
0.926288677575204	0.520646836526261
1.17089878496003	0.75008947741831
0.501718140741905	0.238638830543285
0.650605017808947	0.353717023080387
1.36822827835488	1.18889973483079
0.724319977996038	0.5301628428874
0.668484132161069	0.520208007950702
-1.13638524721387	0.644114735164496
0.271870307348513	0.124054944386049
0.627503890559687	0.585682827278963
0.949655880849067	0.943681428310568
1.00451876726137	0.63387820782603
0.639125502386661	0.599409197957191
0.686896166476332	0.337372358011322
0.802594991381656	0.595494457430109
1.32334270088178	1.23660988209802
-0.359535827826528	0.151690883215224
-1.37837985644829	0.689549363051239
1.57152509910156	1.26535215599044
-0.103179802626667	0.0521762993762136
-0.471875483145055	0.212331518854247
1.22444932539949	1.22013213630268
1.20428780439729	0.857727730849559
-0.53448096336673	0.340156402222782
1.59438834397356	1.64288536885041
-0.507697235538489	0.354387360659486
-0.350083134282557	0.148442830854075
1.37474639749437	1.08795155858229
0.256949827589501	0.117169054659074
1.06323170747445	0.887974699251527
0.499806362662222	0.345717776832415
0.876415290970395	0.545349257913353
-0.983587216679537	0.504518969979902
-2.44559766997422	1.41057894624272
0.54345291822152	0.351350398154824
-0.938837131186318	0.589576801293178
1.52898632671933	1.33591241165483
1.42815114705702	1.54958936207228
0.437749346625727	0.276488775351174
0.479511028225471	0.371640600071808
0.10025338986957	0.0681732994577633
1.56236692434645	1.72593936017338
1.16192914353023	1.44975152867562
-0.0106656221812554	0.00570425626301091
0.245798510367824	0.146298316534539
1.35990536428958	1.28170236854346
0.320663767025677	0.220940204691985
0.367045902045539	0.209764824543104
0.262621884938722	0.118828636090151
0.283215745274562	0.157181093156758
0.0213261491236749	0.0096300719559882
0.65950715695396	0.321794804067475
0.37847235900188	0.235620880434071
1.16173299742251	0.742410156031415
0.259734486431083	0.118155556733545
2.08969777522215	2.7090339195647
-0.088826177519935	0.0371152752663307
-0.967412269157761	0.925624996026121
1.05906511323739	1.17745594079211
0.604477677179273	0.431268138083963
-0.00850554245116374	0.00386800449408365
0.643832101686424	0.496032206525134
0.0978698802113935	0.051474276810505
1.98162039476213	2.07877586195153
-0.00335011342143466	0.0019239882358637
1.66214672676457	1.59902296888796
0.467112233494097	0.408077732656298
1.20645620961262	0.85778683893001
0.717318436478477	0.524027496746983
0.0843679768103598	0.0495154201101899
0.0359565833076328	0.0203599540086788
0.367134939251395	0.226653783288438
-0.219336367920351	0.185717000791417
0.148075864659478	0.116359442190664
1.05732276152278	0.947963175852243
1.50054154346192	1.30108385012085
0.835309790536303	0.623546882839041
0.177501499096167	0.0882188777952241
0.845671163420176	0.521931958747812
0.855751343979999	0.528524921787352
1.20941142393475	0.943101961831702
1.22299118890641	1.13423826376268
1.23162372803275	1.14505708693317
1.13794245618262	1.30502893715072
0.650494349576893	0.533675026000854
1.56807832553824	1.39718845459484
1.41363924699806	1.78710438370974
1.06776944092919	0.823007842146251
0.0692682903223415	0.0335181788982429
1.35861519669535	0.973176247130908
-0.285552373031622	0.165907675090514
0.892891605200359	0.611780977438169
1.61368816848706	1.53448794737365
0.556885707932218	0.442426443585625
1.05793413996183	0.741110932145817
0.58391001854609	0.538011216954256
1.76667147649335	2.47569159752631
0.355684240809102	0.341009814293765
0.301194627722546	0.234789161975944
0.56208680621632	0.470563963199389
1.10046152726115	1.18114646791259
0.213678553414905	0.133867812134599
0.398705515277725	0.267154162055698
-0.411096038151078	0.322802914933078
0.418128142359576	0.392460150470381
0.284877456923509	0.158940850854412
1.20519267918393	1.11250938794978
0.184893467481673	0.120288744821234
0.182400320947106	0.106022527843099
-0.268304823238109	0.154042411471913
1.37384002300183	1.66017596955678
1.35224084694632	1.17095449474731
0.536365298466665	0.375833404989755
1.21898130495953	0.955868539979392
1.20577258167802	1.11782200013517
1.51167093431251	1.32356762749468
0.419820958142359	0.219031349027869
0.66158149525152	0.439993424961084
1.01783944612817	0.705704803517132
0.146557713054484	0.0842676834830807
0.563695375681367	0.472212776287253
1.5835709159541	1.6238426112647
0.394062321453966	0.308258121335855
0.988936667281861	1.08342962448986
1.3757217727589	0.988490716887384
-0.718542070320891	0.518616119072539
0.0866198117742054	0.0508391052130907
1.0720138030346	1.3082973281475
-0.466375080011266	0.38292765529157
-0.0359696382614326	0.0197055734141893
0.480285775448383	0.45306677582146
1.16945204326808	1.29132604951092
0.293678804804157	0.200208462674335
1.43503735274411	1.83102173776764
1.27224601723299	1.63350573405419
1.10036042979424	1.24078937164445
1.74055753530811	2.61534410568434
-0.124343767429736	0.0681420009859006
0.504700988033513	0.239613399166909
0.835243145960691	0.716779959175427
0.953381063947666	0.843384293350702
1.72236309371397	1.52565631072917
1.090220928849	0.920330916772756
-0.257703510756028	0.103307036508303
-0.140264203349815	0.0718275400045779
0.200928578081181	0.0815527008597861
0.553703679846043	0.35980357395011
1.18709218521216	0.83955896074484
1.25411678733785	1.08721164517581
0.730192673880504	0.645589154982212
0.0805795350397857	0.0539045883785591
0.760807196196491	0.680647579317819
1.23820053730201	1.49240177512451
0.0927074649621315	0.0366281631241735
-0.291459689069652	0.11661751310211
0.665389664372395	0.44410321280872
0.290728886728285	0.147018988626988
-0.870692413677858	0.422497745579741
1.78243621747602	2.99450260882869
1.39684953975746	1.84586767511015
-0.261389937117559	0.171775579938763
0.652564469309801	0.749831059890874
1.89006721014256	2.66902213483407
0.18205038177488	0.0902390013291917
-0.271937543512604	0.139258972485172
1.49710438905996	1.41865104487223
1.59374154633911	1.05429074288461
0.15454918176675	0.0546722174980478
-0.30811905483906	0.165398222358395
1.16105540544871	0.74338348068555
1.54484966384831	1.23218672227936
1.32034902163405	0.69061077935056
1.4154883549366	1.53214685422948
1.73224006732292	1.93772826608257
1.20431612147665	0.939006098580076
1.57499363617288	2.05882204675761
0.866547087153511	0.538379293971511
1.74020496814354	1.39486751785004
1.08281989845647	0.979185546063692
0.00157928758987646	2.817385456258e-05
0.804568456930434	0.548155496275406
0.920489136136349	0.634792706009836
0.985467259607443	1.02748212368573
-0.0369359278053514	0.0137710841131204
1.22291912323191	1.21680179099019
0.96863677902771	1.05103693669549
0.922881180010512	1.27564810750156
-0.137900898868591	0.094716344109297
-0.051172940093854	0.0223079889763721
0.704046537307016	0.426646474233653
-0.347670031978569	0.228979899366166
1.32468685071504	1.57353482032788
0.397443453918697	0.266450436841597
1.82030242372536	2.441127388054
-0.0319821621783961	0.0142863270673856
0.139020418604702	0.0686677707708755
0.963516769599313	0.855789775244111
0.369394748882626	0.209813907967837
-0.283804379040467	0.133173634731246
-0.554033829569181	0.264602291485818
0.280354755639417	0.141732858946399
-1.28602500011508	1.01411317178866
-0.63156264919244	0.218784438429344
-0.19406216159619	0.085596951868649
0.98793129588814	0.762169464696807
0.778426318396389	0.526355664249088
0.379677674415473	0.25261541483336
0.263826556401718	0.133442072848406
0.677513609980573	0.490486850888434
0.0553704099443291	0.0230915403318176
0.165594922617439	0.0586104817694323
1.21044478061005	0.944383402089447
-0.414085994512004	0.287620593690149
-0.731755367573956	0.392950237711604
1.40149772557286	1.2290681894918
0.636483165613703	0.458074890632877
0.0726845002749214	0.0405448670825848
0.292805447464129	0.199806619033533
-0.115253485139164	0.0541519094089519
0.620238183450236	0.373606656999385
-0.0277917079367651	0.0124612702361731
0.623917693081121	0.336873456066842
-0.553769488983276	0.264703356954278
-1.19446593783225	0.541986464886439
1.04591599089319	0.732793700138997
1.38522293273308	1.58169030090603
1.34940126200714	0.966034640259557
0.509746903237475	0.242267394090608
1.37421752123254	1.09273133956684
0.957063405193545	0.730291900249153
0.582068407545313	0.409515319117203
1.66481181590097	1.59871832466956
2.27854472358865	1.52926807242177
0.963769256681341	0.739054876761056
1.05720206840319	1.01529525493953
0.870659739279585	0.758002588461699
0.668195250350962	0.444602792896046
1.93596263132234	1.72581196227547
0.395635618998488	0.264748633669381
0.115198649854177	0.0448831234010822
-0.731885426988668	0.39297933713924
0.873502663530023	0.543872762327215
0.258600551110975	0.130419577440824
1.35070273202847	0.794855780303061
0.0714106484692581	0.0345387331860522
0.151878524059798	0.0538456459173661
-0.591830494108384	0.244809594043866
-1.1340647329971	0.64131908636471
1.33562222565592	0.782596171788196
0.761972811333151	0.514257679826924
0.771437577507785	0.424011300080172
0.741121224386612	0.624268407809944
1.69643668185259	1.48446474124033
1.3907323842959	1.00430372883943
1.67715293548465	1.61228871078016
1.55330591113811	1.24601035722251
2.00589838135931	1.62502598082786
0.7973090569863	0.585800849269561
0.919654186711748	0.515384292482009
1.00344024406227	0.633486273519804
0.931637725256838	0.763482243105814
1.33991810403593	1.0509920754981
0.488840097631429	0.336194828758932
1.20787615246802	0.944826908038542
3.44793805246958	4.00063563825778
0.755070786332983	0.414692961603651
1.22099832965683	1.04506002151088
0.657081237488243	0.43555771667733
0.663051220033839	0.254349168039037
-0.636194533191088	0.321536407302232
0.780324347086232	0.431638255729893
1.18764986201474	1.2452162812153
1.80732843796985	1.90213554909965
0.890138669333761	0.945964354420375
1.1517158921107	1.19222501176154
0.59935825987188	0.425843079098719
0.789679398038618	0.436768489190586
2.2717235982699	1.52185346425347
-0.118610863420602	0.0491817968297892
-2.36014120241384	1.31581402012821
-0.325304489601061	0.0961291754962823
-0.277567337992035	0.110946007287431
-0.0306313048829459	0.013620261968967
-0.668427359127629	0.407305586577034
-0.190503827164579	0.111024620091967
0.736796756246639	0.45080835354626
0.065723979529881	0.0283641726054596
0.861241448782345	0.746510628721789
0.777779587056068	0.429020752925493
-0.415552031800982	0.2101666003859
-0.854074521847165	0.331163630269664
0.521931312340503	0.248635644530722
0.352107994789924	0.180735170278117
-0.787454126683924	0.36404605547587
0.703718074914259	0.347010151217437
0.586218853262658	0.349425691946365
0.633880260455204	0.342301221622961
-0.802243052936946	0.454767056234946
0.529419846686679	0.226321966005005
0.979669846667189	0.441122317266416
-0.127672639952148	0.052682189503973
0.449553401089979	0.259743216333381
-0.14122142222725	0.0666117145432508
0.233744340787088	0.105792678170182
0.197530158650073	0.107462316890159
-0.0701680484382096	0.0353970735782816
2.44343122692152	2.13250373804182
0.967612822266637	0.602265072719764
1.61029937875207	1.6602188220385
1.97169079927075	2.0780428111935
0.190916739010907	0.103726932407056
1.58884877987037	1.6271557761507
1.92318740313942	1.70840481679441
0.838574353048393	0.516637265130303
2.63055086468575	5.058584078589
1.17624319917419	0.991184456263055
1.07824814254969	1.04255294094804
1.41282703282862	1.52933996036223
0.653817421410018	0.317913656651421
-0.138935521169223	0.0575287754221909
-2.70186984958723	1.79080379293451
0.420392965313806	0.263477125525887
0.673695056372091	0.329851654778981
0.657208059867218	0.35764468627752
1.35834827296008	0.970398580381059
1.24039696127575	1.37599297724313
0.93319201035192	0.870976170901814
0.37976462845988	0.176615110504225
1.85020579800015	1.78973452447885
1.79081765223707	1.86847112361272
1.82791940209166	2.44922908030011
0.303296913409655	0.154510323256125
1.29335305380182	1.37430567975966
0.457137233789871	0.265612577440417
-1.27274991722133	0.604833640027944
0.669507935119452	0.609604725633316
0.346068534274426	0.241308558313432
0.854634848546163	0.739968710521875
-0.650517869637586	0.330358042092283
0.882678060861653	0.603917873015702
1.14270740770864	0.661183290531913
-0.0241716970471175	0.00936111558633666
1.39216519544234	1.0049464257714
1.59947817515969	0.948719841897382
0.133167920497663	0.059426952249627
0.770960408001045	0.518632541777945
1.200348507169	0.932381047722926
2.75834682461325	4.23267775108774
1.64433102356804	1.93921962601942
0.355400087010848	0.201694919552614
1.52117239328499	1.33205876509145
-0.38462775769459	0.163778324879683
0.22810763358012	0.0718863917647711
-1.51765837448234	0.819333805851564
0.536428713167408	0.286023158134158
1.08385364955884	0.837469042437452
1.9613359409763	2.05416857391759
-1.4643944978509	0.763603177249378
1.00302583360306	0.632266508293155
0.281844196162117	0.15725325241869
1.05026377974176	0.538297828072674
0.286292379847131	0.145204332854296
-0.869031237680884	0.337557187911496
0.866109672906251	0.536971553194315
0.193616177696541	0.0778832021770621
0.742333856741265	0.588516322935458
0.52279927923419	0.249154922921354
-1.41793111253245	0.980152779353706
2.10151322130419	1.55247480727995
1.78145135042346	1.4493014314878
0.145280542535594	0.0521374372614456
1.0893950261202	1.40605277205432
0.701053641578113	0.423488119624683
1.05598077063447	0.880336763326172
1.02896159578079	0.913687009814693
0.394461035284242	0.263586693325572
-0.310227834600503	0.146661036334954
0.986910470484835	0.938429718634693
0.00157928758987646	2.817385456258e-05
-0.29016007709833	0.136319094068618
-0.880035049279012	0.341550757738182
0.406014490446555	0.189454292990352
0.493136843488455	0.339457081580175
1.57780433657636	1.03954849297716
0.392390010189476	0.202999341162995
-0.0452438965558032	0.0199157580261573
0.201718743205172	0.0813767488429712
0.646758182458029	0.351122583498448
1.3434366711223	0.869917244564493
1.1601281621162	0.739524638061159
1.01675675267422	1.02127746580265
0.558617895354386	0.328556068687798
0.779293915555484	0.429451580240464
0.190399716241332	0.0948118430062712
0.836783661188914	0.51704240458576
0.00946356880070525	0.00422603737001518
1.20456771721034	1.02832465754895
1.86128064783958	1.80006178143774
1.26882751241323	1.33910001170557
1.1537274414774	1.43243167922324
1.0828303453207	0.836454521275403
0.426940521729286	0.306759833527812
-2.36930795889156	1.32531936860613
-0.159326256012488	0.0599765126631269
1.07880352632421	0.55631933481608
0.630195983055363	0.305533037771225
1.0672403493767	0.893285218202415
1.77948951302511	1.85636705342467
1.07693338706072	1.10398490238548
1.77444820794652	2.25660388482842
1.17943142028339	0.830832774520814
-0.693879377051233	0.303961668361044
-0.0137892778717358	0.00561742329379668
0.379233789080978	0.236580805563474
1.1439129190864	0.727528304678843
1.09518003108963	0.439502039908451
0.505736081891486	0.372228171238613
1.17479239615333	1.29932980550797
-0.301310725316405	0.106333590803025
-2.22189185823927	1.1641356481407
0.777151118433915	0.428617512262366
-0.204120339650169	0.0903205998560094
0.380038391098936	0.176561095162542
-0.0441601227230582	0.0144911380909402
1.1250806169059	0.648731765558952
0.453137231853164	0.287469397699119
0.653131408717071	0.318358826435838
2.19586487082921	2.67779866887426
0.585818477833342	0.348491548119531
1.62493563523929	2.4080417550613
0.594306074357449	0.354003174846301
0.419088261381015	0.218598289929148
-0.0170554676379815	0.00658199013885005
1.09606039283036	0.925664814769814
1.07993838859805	0.835069084983308
1.09217443654416	0.624023980507592
0.509143614327705	0.242641653424534
0.930889143034681	0.523646130209597
2.90995811141953	3.26311607622025
1.49932811105669	1.84838815959112
0.962721198338223	0.797442565357309
0.484837716218116	0.283255328260094
0.77376078414156	0.521065799366748
0.585716022724699	0.413389828160359
0.180315924045662	0.0478066702574292
1.35268302205953	1.16513143506817
0.372200270749245	0.13685528249792
-0.245473886231889	0.0975052095711048
0.369059559143352	0.153107309455957
0.715162022515052	0.434446538780163
-0.00378914118027974	0.00174610741870431
1.35622059057948	1.07270311830349
-0.289103201627214	0.101498195598139
-0.482371796377138	0.186049220894578
1.33416836040492	0.700155054420942
0.379409586751648	0.175914637661298
-0.0204804593734168	0.00732311768632115
0.755690802519312	0.414628765980829
1.81773200355479	1.33698678805939
1.20440134173599	1.02656867129321
-0.000260209088676365	0.000686026528883639
0.514250932784604	0.244416758076534
0.588090896358894	0.348968305507637
2.50842208358631	2.2319646216687
0.935170880469619	0.526990837843569
1.88671005597714	1.65729327066304
1.57314289470889	1.14276484050466
1.55660392114103	1.24436412140356
-1.87512797274956	1.25640505631151
0.74752275754076	0.500313820149333
1.05277340685942	0.7379721027316
1.82511012207248	1.2029501112064
-0.730356980524322	0.323272461130825
0.337090397950004	0.139557301981019
2.01309292717103	1.21160408246922
0.836594474328205	0.418365370457419
0.959741424997662	0.735838535238062
1.77502850271656	1.85642417123041
1.84341729634735	1.36617342927355
0.350877292292153	0.129117201101097
1.3257951875372	0.694240931214613
1.16507760287614	0.746429701505859
0.686860047359671	0.336954596071899
-1.87109692658017	0.845408400969071
1.36029888822395	0.885349674370897
-2.20362730521495	1.15342482839752
-1.17827354596675	0.53094027077542
-0.70173814597974	0.308020159478613
1.15594251594886	0.811616336160233
0.375573728445439	0.174695307472717
-0.704574997476226	0.30965738001187
0.717687239655066	0.315136956837412
0.527033304215223	0.338964039334232
2.02807484349791	2.78807393884419
1.90055495117843	2.14135571090403
1.57811508376949	1.62238424389055
1.06613420869166	0.426441035186767
0.650841008717068	0.353716583164531
0.504605869806055	0.239731125972118
0.962369392761793	0.545810492071809
1.58014688661093	1.04108622863121
1.29459166288217	0.673209258064185
0.946539865704446	0.535268782817072
0.114712288892953	0.0448685831497584
1.06978946984372	0.428306184760575
0.655115207563023	0.251730984616691
2.08652858597093	1.53458713836828
0.658814771982911	0.357984471169836
1.05760369954968	0.742719974986149
0.715399158167363	0.434317956846496
0.177592086746823	0.0959163284564465
-0.490678130512954	0.189401071783925
1.10055011528652	0.569849364727295
0.506770271365889	0.240779806315763
1.07039378304335	0.550732809265925
0.677379565658875	0.226586193321658
-0.00244516137489541	0.00136153705846557
0.805573594455565	0.448120092460848
1.14392711097334	0.662335481862818
-0.165358610230902	0.0608383105166392
1.35861054591497	0.971842294062903
1.13655327098345	0.657262770091603
1.19759830748919	0.772591377126994
-0.293239434691431	0.117694902258465
-0.312114413209775	0.109632937305757
1.14495660223792	0.726030521986559
0.351703175105249	0.129695509883173
-0.452324447890739	0.173767879195173
-3.58335665918076	1.67518681458622
1.07317652123941	0.894588255951059
0.522605417344163	0.250179016628443
0.350559546868133	0.128713373185174
-0.170578620228371	0.0631779753348187
-0.401930477154893	0.171425060187054
0.992664848072957	0.621682335851468
1.05448643292648	0.738101316151497
1.58214309410048	1.15320315849872
-0.464409612056522	0.179116858305129
0.772048604119138	0.425398934437642
0.306651271476316	0.156051922320966
1.31710275785918	0.769033994236001
-0.331776003012341	0.116633279036994
-0.021114030828628	0.00712756025216501
-0.846333711055868	0.327751612710057
-0.622703327484599	0.259395827347482
-0.308256805353361	0.0913332019312259
0.681630613182514	0.333781561667529
1.05928751386563	0.42334152537139
0.83297445727049	0.416488163411539
0.650902229053239	0.316688431247369
0.662432995041472	0.254457734350914
1.06740844311144	0.549164351199371
-1.43370754465326	0.742975311623499
0.779591342114362	0.430891079761302
0.844822943664341	0.523287753443845
1.36475546576278	0.979583070678859
1.7147084772597	0.912872346013249
-0.715300445633144	0.314861015034144
0.49507885486149	0.234849923047142
0.182273477751123	0.0405997709363184
-1.41562344783034	0.527470635339908
0.345548582543834	0.142842902441665
-0.470169021094809	0.181012699060674
0.133304607231047	0.047006735709442
-0.310440637621948	0.109853841010634
-0.574176079047639	0.275983170775561
0.205561737379768	0.0441838774146192
0.156654408065095	0.0695723578257816
-0.464018320909125	0.17895041045303
1.72729917900946	0.921503399913765
1.37558935632313	0.489060937437241
0.213458642344445	0.0674065916569276
0.782152063385428	0.432059213746756
0.677418963626271	0.370968199424584
-0.0725807930709564	0.023050966952129
-0.163368548066654	0.0612938681092546
-0.693332885164457	0.302440233302808
0.920530209521777	0.516545369810282
0.236301072596458	0.129911256953025
0.963131299869642	0.546413997335041
1.33687367886434	0.701401502161566
1.90353782787107	1.27853564346254
-2.11995055101704	1.07034614408676
0.801984312663554	0.546835290937968
3.18781552344554	3.21922252533766
2.01774955613376	1.92633646127931
0.774228434580049	0.42737971354647
1.0556646700484	0.421702481443309
1.82703253517085	1.34773219173508
1.89689042536459	1.67025720974956
0.357225081237172	0.148172534800056
0.838808797987804	0.675599783290932
0.879655752233219	0.60255019534826
0.426592880732649	0.223576011123389
1.14613499740642	0.730906441005181
0.667354278957524	0.479175975841394
0.519061995238743	0.335035618721704
0.991895161296876	0.621919448204522
1.69574078977857	1.48720734847238
-0.00291630627491786	0.00120470613487634
0.649826421106544	0.352850164936312
1.2074302515436	0.944381501316002
1.84872636041161	1.78897142912882
2.29463552623222	2.19682694515654
-0.565575276906975	0.322243504654958
0.917629179268748	0.63438359457371
0.479061718336374	0.306016405066629
0.737340143120402	0.620025239098368
1.49997351662512	1.42755018767175
-0.880060408158301	0.428065648667096
1.36215222764464	0.978982890686377
0.726157158909847	0.443798552269917
0.653818066863617	0.318671233028834
-0.0265853490803698	0.0101707188629989
0.508518855252496	0.26974437252984
0.170682879193336	0.0921991430657424
1.37358886814403	1.09159851141742
0.885863478101026	0.608915882658064
-0.0342159137211924	0.0150466292835615
-0.357974748847552	0.151983579513462
0.838328298220469	0.804807115991258
1.16265025908276	1.05776190413841
1.03675491532391	0.659300825472662
0.774937508804706	0.522747448182001
1.379721305105	1.20198413436959
2.30516835323025	3.02566913139727
1.54321003746942	1.99209522737656
0.721272242371126	0.566753387994913
0.720233814703659	0.438948347783172
0.72366144188261	0.441832598173215
-0.307376409086906	0.108353880245339
1.0604073013707	0.816866873396834
0.897000202419251	0.500690180678113
0.723216325912921	0.440551685301038
-0.617316298119102	0.256897875572811
-0.583989574587939	0.281527928963138
-2.29514940057275	1.24396157537124
0.643081368528901	0.246446308625125
-0.683714129157677	0.299412198458766
-0.0186448161276454	0.00601117098689306
-0.143782136983981	0.0540028692515744
-0.31011280695359	0.0920681438912792
0.845628401509278	0.424481035152507
2.20444821332444	2.3288803179187
0.752471265083241	0.41241299642452
1.61213584417258	0.959036166257872
1.9879519151455	2.40433177419474
0.34279400121198	0.1423706433761
0.0700237455520591	0.0367747315189665
0.161102219500186	0.0797994849951426
-0.62329847768347	0.215656483368362
-3.38207037448703	1.48383180030295
0.674336628399224	0.330357243185048
0.730679604138406	0.445290300120945
-0.0721547703702164	0.0314555157146916
0.855124194578346	0.528877122127731
-1.04070251930364	0.439874063188891
0.776597579250061	0.526764179237409
1.80193217945478	1.32037814207152
1.39356000855087	1.00735368473128
1.37515490579641	1.20013705079045
0.828485415481234	0.793276830730584
1.06145249518831	0.887917652579894
1.19074015569424	0.844714983891075
-0.333302618511898	0.158461324031109
0.105296681257568	0.0415245956343653
-0.666958475017406	0.340817674791079
0.511795416555453	0.218108743925629
-0.0650565693058432	0.0208223884656029
1.05917473886536	0.543611660755241
-0.142018346534717	0.0533797399203615
0.527271463707185	0.225597564534459
0.537100690910254	0.230327038426866
1.0745122925982	0.831887621010787
1.55959948284013	1.12833324114804
0.357828670805295	0.148426735909489
0.881920722429763	0.550053675050243
0.952824808939293	0.539127454100681
2.67074351255962	1.60941959096811
0.281727977975455	0.143227893501513
0.712857453785004	0.312171544808914
-0.724570499217465	0.320662786087942
-0.656177160414779	0.334170385858336
0.290124369689159	0.132279441736508
2.12422542303494	1.57792186537495
1.52504658984857	1.21082166858115
0.951645947002314	0.726621314681055
-0.689371833563212	0.301979287701645
1.23271254102829	1.14891565626879
-0.0849477628055189	0.0262872643504885
0.659447121797904	0.252952229370645
-1.41645084217475	0.527905262240427
-3.07363135527025	1.23229142505553
0.740104188462617	0.326226021712291
0.156804249803331	0.055511767574037
0.106284272796414	0.0415978837547558
0.207845287385468	0.0840712447743869
0.20471393630254	0.0440337263228802
0.652526735943027	0.354955771658808
1.1601281621162	0.739524638061159
1.19317043157988	1.17848478828744
0.688003499861914	0.337575424845137
1.57844619014867	1.14922375769348
0.942788439605994	0.533281634844505
0.153547611364195	0.0684291748267782
0.485022034653011	0.283528733755366
1.36706819387233	0.981129474359595
-0.027150274531246	0.00990417154480468
1.52833128970161	1.21446815225665
0.269738374140627	0.123162189455727
0.742853025394166	0.327592982592527
1.20999323793091	0.783274233269614
1.7932302566696	1.31066561552017
1.10904924447868	0.636042741589291
0.36598649854006	0.209102121415734
-0.46555648232463	0.178934705024969
-0.729991963441998	0.467833377806893
0.38637957326348	0.200474245219212
0.111108032399957	0.0437326486507681
0.53448361769365	0.255795548017901
1.42719146375037	0.667006955079851
1.57119772572248	1.26687976388048
0.691245441771789	0.301897720260754
-0.588035249700499	0.241465661994814
0.847299822204579	0.425352948854757
