group	fill	colour
1	#E5E2F1	#FDFDFD
2	#F3F2F9	#FEFEFE
3	#D9D4EB	#FCFCFC
4	#F4F2F9	#FEFEFE
5	#FAF4F3	#FEFEFE
6	#EAE7F3	#FDFDFD
7	#F4F2F9	#FEFEFE
8	#F1EFF7	#FEFEFE
9	#ECE9F5	#FEFEFE
10	#DCD7EC	#FCFCFC
11	#CCC5E3	#F9F9F9
12	#C8C0E1	#FCFCFC
13	#DED9ED	#FDFDFD
14	#D8D3EA	#FCFCFC
15	#F9F1F0	#FFFFFF
16	#E4E0F0	#FEFEFE
17	#FBFAFD	#FFFFFF
18	#F1E0DD	#FEFEFE
19	#CEC8E5	#FCFCFC
20	#C8918B	#FBFBFB
21	#F9F9FC	#FFFFFF
22	#CDC7E4	#FCFCFC
23	#C8C1E1	#FCFCFC
24	#D1CBE6	#FCFCFC
25	#DAD5EB	#FAFAFA
26	#E8E5F3	#FEFEFE
27	#F6EAE8	#FEFEFE
28	#DED9ED	#FEFEFE
29	#BEB6DB	#FCFCFC
30	#D0CAE6	#FCFCFC
31	#E6E3F2	#FEFEFE
32	#D4CEE7	#FDFDFD
33	#D3CDE7	#FCFCFC
34	#F2F0F8	#FFFFFF
35	#F2F0F8	#FFFFFF
36	#EDEAF5	#FEFEFE
37	#F6F5FA	#FFFFFF
38	#AFA6D3	#FCFCFC
39	#FBF6F5	#FFFFFF
40	#EDEAF5	#FEFEFE
41	#D8D3EA	#FDFDFD
42	#F4E5E3	#FEFEFE
43	#F8EFEE	#FEFEFE
44	#ECD4D1	#FDFDFD
45	#FFFEFE	#FFFFFF
46	#DAD5EB	#FCFCFC
47	#EDEAF5	#FEFEFE
48	#D6D1E9	#FBFBFB
49	#FFFEFE	#FFFFFF
50	#F0EEF7	#FEFEFE
52	#D5D0E8	#FCFCFC
53	#D8D3EA	#FDFDFD
54	#CCC6E3	#F9F9F9
55	#DFDAEE	#FCFCFC
56	#DAD4EB	#FAFAFA
57	#D1CBE6	#FAFAFA
58	#C3BCDE	#F8F8F8
59	#F6F4FA	#FFFFFF
60	#E6E2F1	#FDFDFD
61	#D5D0E8	#FBFBFB
62	#E5E1F1	#FDFDFD
63	#DEDAED	#FDFDFD
64	#E8E4F2	#FDFDFD
65	#E4E0F0	#FEFEFE
66	#FEFCFC	#FFFFFF
67	#FAF9FC	#FFFFFF
68	#FDFBFA	#FFFFFF
69	#F6EAE8	#FEFEFE
70	#FBFAFD	#FFFFFF
71	#FEFEFE	#FFFFFF
72	#FFFFFF	#FFFFFF
73	#D4CEE8	#FDFDFD
74	#FBF6F5	#FFFFFF
75	#CEC8E4	#F9F9F9
76	#CEC7E4	#FDFDFD
77	#A79ECF	#FBFBFB
78	#D1CBE6	#FCFCFC
79	#E5E2F1	#FEFEFE
80	#D8D3EA	#FDFDFD
81	#BEB6DB	#FCFCFC
82	#DED9ED	#FDFDFD
83	#E5E2F1	#FEFEFE
84	#CEC7E4	#FDFDFD
85	#BDB4DB	#FBFBFB
86	#F9F9FC	#FFFFFF
87	#DDD9ED	#FDFDFD
88	#EEECF6	#FFFFFF
89	#F6F4FA	#FFFFFF
90	#DCD8EC	#FEFEFE
91	#F9F2F1	#FFFFFF
92	#FAF4F4	#FFFFFF
93	#EBE9F4	#FEFEFE
94	#F5E7E6	#FEFEFE
95	#EEECF6	#FEFEFE
97	#F6F5FA	#FFFFFF
98	#DDD9ED	#FBFBFB
99	#D0CAE6	#F9F9F9
100	#ECEAF5	#FEFEFE
101	#CFC8E5	#FBFBFB
102	#F0EEF7	#FEFEFE
103	#F0EEF7	#FEFEFE
104	#FAF9FC	#FFFFFF
105	#E6E2F1	#FCFCFC
106	#EBE8F4	#FDFDFD
107	#E9E5F3	#FCFCFC
108	#E7E4F2	#FDFDFD
109	#EFEDF6	#FEFEFE
110	#DDD9ED	#FCFCFC
111	#CEC8E4	#FAFAFA
112	#E1DDEF	#FCFCFC
113	#F0EEF7	#FEFEFE
114	#E5E2F1	#FEFEFE
115	#F5F3F9	#FEFEFE
116	#FCFBFD	#FFFFFF
117	#F1E0DD	#FEFEFE
118	#B1A8D5	#FAFAFA
119	#C0B9DD	#FBFBFB
120	#E4E1F1	#FEFEFE
121	#D4CEE8	#FDFDFD
122	#FBF6F5	#FFFFFF
123	#DCD7EC	#FEFEFE
124	#DED9ED	#FEFEFE
125	#F3F1F8	#FFFFFF
126	#B2A9D5	#F7F7F7
127	#A89ECF	#FBFBFB
128	#FBF6F5	#FFFFFF
129	#F7F6FB	#FFFFFF
130	#DBD7EC	#FEFEFE
131	#D7D1E9	#FDFDFD
132	#E6E2F1	#FEFEFE
133	#B3AAD5	#FAFAFA
134	#FAF4F4	#FFFFFF
135	#FBF5F5	#FFFFFF
136	#F2F0F8	#FEFEFE
137	#EBE8F4	#FEFEFE
138	#DDD8EC	#FDFDFD
139	#EAE7F4	#FEFEFE
140	#F7ECEB	#FFFFFF
141	#EEEBF6	#FEFEFE
142	#F2F0F8	#FFFFFF
143	#FDFDFE	#FFFFFF
144	#E7E4F2	#FEFEFE
145	#FBF6F6	#FFFFFF
146	#ACA3D2	#F7F7F7
147	#CCC6E4	#FAFAFA
148	#D5D0E8	#FAFAFA
149	#EBE8F4	#FEFEFE
150	#C6BFE0	#F8F8F8
151	#E3DFF0	#FDFDFD
153	#DAD5EB	#FBFBFB
154	#DCD7EC	#FCFCFC
155	#B8B0D8	#FAFAFA
156	#DFDAED	#FEFEFE
157	#E9E6F3	#FEFEFE
158	#B7AFD8	#FBFBFB
159	#D4CEE8	#FCFCFC
160	#CDC7E4	#FCFCFC
161	#F8EFED	#FFFFFF
162	#C2BBDE	#FBFBFB
163	#F1DFDD	#FEFEFE
164	#CDC7E4	#FCFCFC
165	#C4BCDF	#F8F8F8
166	#D4CEE8	#FEFEFE
167	#DDD9ED	#FEFEFE
168	#E5E1F1	#FEFEFE
169	#CCC5E3	#FDFDFD
170	#DED9ED	#FEFEFE
171	#FEFCFC	#FFFFFF
172	#DEDAED	#FEFEFE
173	#FEFDFD	#FFFFFF
174	#C4BDDF	#FCFCFC
175	#B7AFD8	#FDFDFD
176	#CDC7E4	#F9F9F9
177	#B7AFD8	#FDFDFD
178	#FBF6F5	#FFFFFF
179	#FEFEFE	#FFFFFF
180	#E3DFF0	#FEFEFE
181	#FBFBFD	#FFFFFF
182	#FDFAFA	#FFFFFF
183	#DCD8EC	#FEFEFE
184	#F6F4FA	#FFFFFF
185	#EBD4D0	#FEFEFE
186	#FCF8F8	#FFFFFF
187	#E8E5F2	#FDFDFD
188	#E5E1F1	#FEFEFE
189	#E8E5F3	#FEFEFE
190	#DFDAEE	#FEFEFE
191	#E1DDEF	#FDFDFD
192	#E6C9C6	#FDFDFD
193	#FBF6F5	#FFFFFF
194	#DDD8EC	#FEFEFE
195	#F1E0DE	#FEFEFE
196	#F7EDEC	#FEFEFE
198	#E8E5F2	#FEFEFE
199	#DDD8ED	#FDFDFD
200	#FBF6F5	#FFFFFF
201	#D3CEE7	#FDFDFD
202	#DDD8EC	#FDFDFD
203	#D0CAE5	#FCFCFC
204	#E5E1F1	#FDFDFD
205	#D4CEE8	#FBFBFB
206	#ECD5D2	#FEFEFE
207	#C6BFE0	#FCFCFC
208	#D4CEE7	#FDFDFD
209	#CCC6E4	#FCFCFC
210	#B4ABD6	#F9F9F9
211	#FEFDFD	#FFFFFF
212	#D1CBE6	#FCFCFC
213	#DCD7EC	#FEFEFE
214	#FEFDFD	#FFFFFF
215	#EFEDF6	#FEFEFE
216	#DCD7EC	#FAFAFA
217	#EAE7F4	#FEFEFE
218	#C4BDDF	#FCFCFC
219	#F1DFDD	#FEFEFE
220	#D7D1E9	#FDFDFD
221	#D3CEE7	#FDFDFD
222	#CAC3E2	#FBFBFB
223	#CDC6E4	#FCFCFC
224	#E5E2F1	#FEFEFE
225	#D6D1E9	#FDFDFD
226	#FBF6F5	#FFFFFF
227	#D4CFE8	#FAFAFA
228	#FCFCFE	#FFFFFF
229	#E6E3F2	#FEFEFE
230	#F6EAE9	#FEFEFE
231	#FDFCFE	#FFFFFF
232	#E5E1F1	#FEFEFE
233	#D4CFE8	#FDFDFD
234	#E6E2F1	#FEFEFE
235	#D4CEE8	#FDFDFD
236	#F2F0F8	#FEFEFE
237	#D1CBE6	#FCFCFC
238	#F7F6FB	#FFFFFF
239	#EEEBF6	#FEFEFE
240	#E8E5F3	#FEFEFE
241	#FCFBFD	#FFFFFF
242	#E9E6F3	#FEFEFE
243	#E6E3F2	#FEFEFE
244	#E6C8C5	#FDFDFD
245	#F5F4FA	#FFFFFF
246	#F9F9FC	#FFFFFF
247	#E6E3F1	#FEFEFE
248	#E2DEEF	#FDFDFD
249	#E8E5F3	#FEFEFE
250	#F4E7E5	#FEFEFE
251	#F2E1DF	#FEFEFE
252	#D8D3EA	#FDFDFD
254	#D4CEE8	#FAFAFA
255	#F6E9E8	#FEFEFE
256	#EDEBF5	#FEFEFE
257	#CAC4E2	#FCFCFC
258	#F4E5E4	#FEFEFE
259	#F9F8FC	#FFFFFF
260	#DCD7EC	#FEFEFE
261	#B8AFD8	#FDFDFD
262	#968BC6	#F9F9F9
263	#D1CBE6	#FCFCFC
264	#FBF6F5	#FFFFFF
265	#E4E1F0	#FEFEFE
266	#E7E4F2	#FDFDFD
267	#FEFDFD	#FFFFFF
268	#CBC4E3	#FCFCFC
269	#F7ECEB	#FFFFFF
270	#F2F1F8	#FFFFFF
271	#F5F4FA	#FFFFFF
272	#D3CEE7	#FDFDFD
273	#EDEAF5	#FEFEFE
274	#D7D1E9	#FDFDFD
275	#DEDAED	#FEFEFE
276	#FAF9FC	#FFFFFF
277	#B2A9D5	#F5F5F5
278	#F6EAE9	#FEFEFE
279	#D4CFE8	#FCFCFC
280	#FDFAFA	#FFFFFF
281	#FCFCFE	#FFFFFF
282	#F7ECEB	#FEFEFE
283	#F6F5FA	#FFFFFF
284	#DDD8ED	#FDFDFD
285	#F9F1F0	#FFFFFF
286	#E3DFF0	#FDFDFD
287	#DAD5EB	#FCFCFC
288	#E3DFF0	#FEFEFE
289	#FEFCFC	#FFFFFF
290	#F6F4FA	#FFFFFF
291	#E6E3F1	#FEFEFE
292	#F9F1F0	#FFFFFF
293	#EFEDF6	#FEFEFE
294	#E8E5F3	#FEFEFE
295	#EEECF6	#FFFFFF
296	#FBF7F6	#FFFFFF
297	#FCFBFD	#FFFFFF
299	#F8F7FB	#FFFFFF
300	#E1DCEE	#FDFDFD
301	#EBE8F4	#FEFEFE
302	#EFECF6	#FEFEFE
303	#E6E3F1	#FEFEFE
304	#F3F1F9	#FEFEFE
305	#DDD8EC	#FCFCFC
306	#D1CBE6	#FAFAFA
307	#DEDAED	#FEFEFE
308	#F9F1F0	#FFFFFF
309	#DCD7EC	#FEFEFE
310	#EEECF6	#FFFFFF
311	#E9E6F3	#FEFEFE
312	#EEECF6	#FEFEFE
313	#D0CAE5	#FCFCFC
314	#C4BDDF	#FCFCFC
315	#CDC7E4	#FCFCFC
316	#D4CFE8	#FDFDFD
317	#DDD8EC	#FDFDFD
318	#CDC6E4	#FCFCFC
319	#F8EEED	#FFFFFF
320	#FBFBFD	#FFFFFF
321	#F9F9FC	#FFFFFF
322	#C9928C	#FBFBFB
323	#EEECF6	#FEFEFE
324	#EFECF6	#FEFEFE
325	#FFFFFF	#FFFFFF
326	#D8D3EA	#FDFDFD
327	#E2DEEF	#FDFDFD
328	#E5E1F1	#FDFDFD
329	#FBF6F5	#FFFFFF
330	#FBF6F6	#FFFFFF
331	#DEDAED	#FDFDFD
332	#FDFBFA	#FFFFFF
333	#E7E3F2	#FEFEFE
334	#E1DDEF	#FDFDFD
335	#F2F0F8	#FEFEFE
336	#C9C2E2	#FAFAFA
337	#E6E2F1	#FEFEFE
338	#FDFAF9	#FFFFFF
339	#F3F1F8	#FFFFFF
340	#FEFCFC	#FFFFFF
341	#F6EAE9	#FEFEFE
342	#F7ECEB	#FFFFFF
343	#F6EAE8	#FEFEFE
344	#DDD8ED	#FEFEFE
345	#F1DFDD	#FEFEFE
346	#F6F5FA	#FFFFFF
347	#FEFDFD	#FFFFFF
348	#F1E0DE	#FEFEFE
349	#D1CBE6	#FCFCFC
350	#DED9ED	#FDFDFD
351	#F2F0F8	#FFFFFF
352	#DCD7EC	#FEFEFE
353	#EFEDF7	#FEFEFE
355	#CFC8E5	#F8F8F8
356	#E8E4F2	#FDFDFD
357	#FBFAFD	#FFFFFF
358	#EEECF6	#FFFFFF
359	#ECD6D3	#FEFEFE
360	#FBFBFD	#FFFFFF
361	#C3BBDE	#FDFDFD
362	#F7F5FA	#FFFFFF
363	#FDFAFA	#FFFFFF
364	#EEECF6	#FFFFFF
365	#C5BDDF	#FCFCFC
366	#C7C0E0	#FCFCFC
367	#E6E2F1	#FEFEFE
368	#E3DFF0	#FEFEFE
369	#F8EEED	#FFFFFF
370	#E4E0F0	#FEFEFE
371	#D3CEE7	#FDFDFD
372	#DDD8ED	#FEFEFE
373	#B7AFD8	#FDFDFD
374	#DDD8ED	#FEFEFE
375	#FCFBFD	#FFFFFF
376	#D8D3EA	#FDFDFD
377	#D4CEE7	#FDFDFD
378	#E7E4F2	#FEFEFE
379	#ECE9F5	#FEFEFE
380	#F2F0F8	#FEFEFE
381	#FFFEFE	#FFFFFF
382	#EDEAF5	#FEFEFE
383	#DDD8ED	#FDFDFD
384	#FFFEFE	#FFFFFF
385	#F4E5E3	#FEFEFE
386	#DFDAED	#FDFDFD
387	#D7D2E9	#FCFCFC
388	#CEC8E5	#FCFCFC
389	#C4BDDF	#FCFCFC
390	#C4BDDF	#FCFCFC
391	#FBF7F6	#FFFFFF
392	#E2C0BC	#FDFDFD
393	#F3E5E3	#FEFEFE
394	#F7EDEB	#FFFFFF
395	#ECD6D3	#FEFEFE
396	#DED9ED	#FEFEFE
397	#F8EEED	#FFFFFF
398	#AFA6D3	#FCFCFC
400	#E2C0BC	#FDFDFD
401	#CEC8E4	#FDFDFD
402	#BDB5DB	#FBFBFB
403	#D4CEE7	#FCFCFC
404	#F8EEED	#FFFFFF
405	#E5E1F1	#FDFDFD
406	#F7F6FB	#FFFFFF
407	#CAC3E2	#FBFBFB
408	#FBF7F6	#FFFFFF
409	#CDC6E4	#FCFCFC
410	#FBFBFD	#FFFFFF
411	#F9F8FC	#FFFFFF
412	#FAF9FC	#FFFFFF
413	#EFEDF6	#FEFEFE
414	#FAF9FC	#FFFFFF
415	#EAE7F3	#FEFEFE
416	#E4E1F1	#FEFEFE
417	#FBFBFD	#FFFFFF
418	#FAF9FC	#FFFFFF
419	#CDC7E4	#FCFCFC
420	#EAE7F4	#FEFEFE
421	#FEFCFC	#FFFFFF
422	#DFDBEE	#FEFEFE
423	#C5BDDF	#FCFCFC
424	#F2F0F8	#FFFFFF
425	#FBF6F6	#FFFFFF
426	#E6E2F1	#FEFEFE
427	#DEDAED	#FDFDFD
428	#FCF8F7	#FFFFFF
429	#C2BADE	#FBFBFB
430	#FDFDFE	#FFFFFF
431	#F6EAE9	#FEFEFE
432	#E6C9C5	#FDFDFD
433	#FBFBFD	#FFFFFF
434	#FAF4F3	#FFFFFF
435	#B7AFD8	#FAFAFA
436	#C7C0E1	#FCFCFC
437	#DED9ED	#FDFDFD
438	#BEB6DC	#FAFAFA
439	#AFA6D3	#FCFCFC
440	#EFEDF7	#FEFEFE
441	#CAC3E2	#FBFBFB
442	#DED9ED	#FEFEFE
443	#CAC3E2	#FAFAFA
444	#CF9D97	#FCFCFC
445	#FEFDFD	#FFFFFF
446	#F9F8FC	#FFFFFF
447	#F9F9FC	#FFFFFF
448	#C7C0E1	#FCFCFC
449	#F6F5FA	#FFFFFF
450	#A79DCF	#FBFBFB
451	#D1CBE6	#FCFCFC
452	#CBC5E3	#FCFCFC
453	#DDD8EC	#FEFEFE
454	#FCF7F7	#FFFFFF
456	#FEFEFE	#FFFFFF
457	#E4E1F1	#FDFDFD
458	#F7F5FA	#FFFFFF
459	#CDC6E4	#FCFCFC
460	#AEA5D3	#FCFCFC
461	#EFEDF6	#FEFEFE
462	#F6F5FA	#FFFFFF
463	#C3BBDE	#FDFDFD
464	#E5E1F1	#FEFEFE
465	#F9F8FC	#FFFFFF
466	#EAE7F4	#FEFEFE
467	#C3BBDE	#FDFDFD
468	#E1DCEE	#FDFDFD
469	#FBFAFD	#FFFFFF
470	#DCD7EC	#FEFEFE
471	#CBC5E3	#FDFDFD
472	#F1E0DE	#FEFEFE
473	#DDD8EC	#FDFDFD
474	#D7D1E9	#FDFDFD
475	#DEDAED	#FEFEFE
476	#FEFCFC	#FFFFFF
477	#DEDAED	#FDFDFD
478	#EAE7F4	#FEFEFE
479	#C5BDDF	#FCFCFC
480	#EFEDF6	#FEFEFE
481	#FBF7F6	#FFFFFF
482	#F4E6E4	#FEFEFE
483	#E4E0F0	#FEFEFE
484	#EAE7F4	#FEFEFE
485	#F2F0F8	#FFFFFF
486	#FCFBFD	#FFFFFF
487	#D3CDE7	#FBFBFB
488	#E1DDEF	#FDFDFD
489	#F9F1F0	#FFFFFF
490	#EDEAF5	#FEFEFE
491	#F7ECEB	#FEFEFE
492	#EFEDF7	#FEFEFE
493	#D3CEE7	#FDFDFD
494	#F8EEED	#FFFFFF
495	#EAE7F4	#FEFEFE
496	#D4CEE7	#FDFDFD
497	#D6D1E9	#FDFDFD
498	#D5CFE8	#FEFEFE
499	#AEA5D3	#FCFCFC
501	#F4E5E4	#FEFEFE
502	#F4E6E4	#FEFEFE
503	#B2A9D5	#FAFAFA
504	#DEDAED	#FDFDFD
505	#DEDAED	#FEFEFE
506	#F5F3F9	#FEFEFE
507	#F8F7FB	#FFFFFF
508	#F1EFF7	#FEFEFE
509	#E5E1F1	#FEFEFE
510	#F2F0F8	#FFFFFF
512	#D0CAE6	#FCFCFC
513	#E4E1F1	#FEFEFE
514	#FEFCFC	#FFFFFF
515	#CCC5E3	#FDFDFD
516	#D1CBE6	#FCFCFC
517	#FBFAFD	#FFFFFF
518	#AEA5D3	#FCFCFC
519	#D6D0E9	#FAFAFA
520	#D4CFE8	#FCFCFC
521	#DBD7EC	#FEFEFE
522	#AEA5D3	#FCFCFC
523	#FEFDFD	#FFFFFF
524	#F2F0F8	#FFFFFF
525	#EFECF6	#FEFEFE
526	#EEECF6	#FFFFFF
527	#F7EEEC	#FFFFFF
528	#FDFBFB	#FFFFFF
529	#FBFAFD	#FFFFFF
530	#DDD8EC	#FEFEFE
531	#E6E2F1	#FEFEFE
532	#DED9ED	#FEFEFE
533	#FFFFFF	#FFFFFF
534	#F5F4FA	#FFFFFF
535	#EFEDF7	#FEFEFE
536	#F4E5E4	#FEFEFE
537	#E3DFF0	#FDFDFD
538	#E2DEEF	#FDFDFD
539	#FBF6F5	#FFFFFF
540	#DEDAED	#FDFDFD
541	#E3DFF0	#FEFEFE
542	#DBD7EC	#FEFEFE
543	#FBF6F6	#FFFFFF
544	#FAFAFC	#FFFFFF
545	#FBF6F5	#FFFFFF
546	#E4E0F0	#FEFEFE
547	#F9F2F1	#FFFFFF
548	#C3BBDE	#FDFDFD
549	#FAF9FC	#FFFFFF
550	#C3BBDE	#FDFDFD
551	#D9D4EA	#FCFCFC
552	#EEECF6	#FEFEFE
553	#E5E1F1	#FEFEFE
554	#EEEBF6	#FEFEFE
555	#C4BCDF	#FCFCFC
557	#EED9D6	#FEFEFE
558	#F1E0DD	#FEFEFE
559	#A79ECF	#FBFBFB
560	#DDD9ED	#FEFEFE
561	#F1DFDD	#FEFEFE
562	#D1CAE6	#FCFCFC
563	#E1BEBA	#FEFEFE
564	#EDEAF5	#FEFEFE
565	#FAF9FC	#FFFFFF
566	#C7C0E0	#FCFCFC
567	#FEFCFC	#FFFFFF
568	#C5BEDF	#FCFCFC
569	#EEECF6	#FEFEFE
570	#F9F8FC	#FFFFFF
571	#D4CEE8	#FDFDFD
572	#D7D1E9	#FDFDFD
573	#EED9D6	#FEFEFE
574	#F6EAE9	#FEFEFE
575	#D4CEE7	#FDFDFD
576	#FEFEFD	#FFFFFF
577	#EEECF6	#FEFEFE
578	#E5E2F1	#FEFEFE
579	#F0DEDC	#FEFEFE
580	#CCC6E3	#FBFBFB
581	#FDFBFB	#FFFFFF
582	#B8B0D8	#FAFAFA
583	#FDFBFB	#FFFFFF
584	#D8D3EA	#FDFDFD
585	#D8D3EA	#FDFDFD
586	#F9F1F0	#FFFFFF
587	#FAF9FC	#FFFFFF
588	#F3F1F8	#FFFFFF
589	#EBD4D1	#FDFDFD
590	#FFFEFE	#FFFFFF
591	#FDFDFE	#FFFFFF
592	#E8E5F3	#FEFEFE
593	#DED9ED	#FDFDFD
594	#E9CECB	#FEFEFE
595	#FBF7F6	#FFFFFF
596	#D6D1E9	#FDFDFD
597	#F6EAE8	#FEFEFE
598	#F1DFDD	#FEFEFE
599	#DDD9ED	#FEFEFE
600	#D4CEE7	#FDFDFD
602	#E3DFF0	#FEFEFE
603	#E6E2F1	#FEFEFE
604	#F4E6E4	#FEFEFE
605	#F1E0DE	#FEFEFE
606	#F3F1F8	#FFFFFF
607	#F6F4FA	#FFFFFF
608	#E6E2F1	#FEFEFE
609	#F6F5FA	#FFFFFF
610	#EEECF6	#FEFEFE
611	#E8E5F3	#FEFEFE
612	#FEFDFD	#FFFFFF
613	#E9CECB	#FEFEFE
614	#CEC7E4	#FDFDFD
615	#F5E8E6	#FEFEFE
616	#F8EEED	#FFFFFF
617	#C4BDDF	#FCFCFC
618	#CCC5E3	#FDFDFD
619	#A096CB	#FBFBFB
620	#E8E5F3	#FEFEFE
621	#CDC7E4	#FCFCFC
622	#CBC5E3	#FDFDFD
623	#DDD8ED	#FDFDFD
624	#F4E6E4	#FEFEFE
625	#F6F5FA	#FFFFFF
626	#DDD9ED	#FEFEFE
627	#EFEDF6	#FEFEFE
628	#FAFAFD	#FFFFFF
629	#FFFFFE	#FFFFFF
630	#E1DDEF	#FDFDFD
631	#DCD7EC	#FEFEFE
632	#FBF6F5	#FFFFFF
633	#D9D3EA	#FCFCFC
634	#FBF5F4	#FFFFFF
635	#F4E5E3	#FEFEFE
636	#E6C9C5	#FDFDFD
637	#E5E1F1	#FDFDFD
638	#F2F1F8	#FEFEFE
639	#E5E2F1	#FEFEFE
640	#E2DEEF	#FDFDFD
641	#F3F1F8	#FFFFFF
642	#FAFAFC	#FFFFFF
643	#D8D2EA	#FDFDFD
644	#F8EEED	#FFFFFF
645	#E4E1F1	#FEFEFE
646	#EED9D7	#FEFEFE
647	#CDC7E4	#FCFCFC
648	#EFECF6	#FEFEFE
649	#C7C0E1	#FCFCFC
650	#B7AFD8	#FDFDFD
651	#FEFCFC	#FFFFFF
652	#9B90C8	#FAFAFA
653	#EEEBF6	#FEFEFE
654	#E5E2F1	#FEFEFE
655	#E6E3F2	#FEFEFE
656	#FBFBFD	#FFFFFF
658	#D3CDE7	#FCFCFC
659	#F7EDEB	#FEFEFE
660	#B7AFD8	#FDFDFD
661	#968BC6	#F9F9F9
662	#E8E5F3	#FEFEFE
663	#CCC5E3	#FDFDFD
664	#B7AFD8	#FDFDFD
665	#DFDAED	#FEFEFE
666	#CEC8E4	#FDFDFD
667	#FBFAFD	#FFFFFF
668	#DDD8EC	#FEFEFE
669	#FBFAFD	#FFFFFF
670	#FDFBFB	#FFFFFF
671	#B7AFD8	#FDFDFD
672	#FBFAFD	#FFFFFF
673	#FFFEFE	#FFFFFF
674	#F2F0F8	#FEFEFE
675	#FAFAFD	#FFFFFF
676	#F4E6E4	#FEFEFE
677	#CF9D97	#FCFCFC
678	#D3CDE7	#FCFCFC
679	#F0EEF7	#FEFEFE
680	#D8D3EA	#FDFDFD
681	#FFFFFE	#FFFFFF
682	#E1DDEF	#FDFDFD
683	#E8E5F2	#FEFEFE
684	#FCF8F7	#FFFFFF
685	#F6F4FA	#FFFFFF
686	#EFDCD9	#FEFEFE
687	#F9F1EF	#FFFFFF
688	#E1DDEF	#FDFDFD
689	#E8CDCA	#FEFEFE
690	#D9D3EA	#FDFDFD
691	#FDFDFE	#FFFFFF
692	#F0EEF7	#FEFEFE
693	#EAD1CD	#FDFDFD
694	#EEECF6	#FEFEFE
695	#FBFAFD	#FFFFFF
696	#F4E5E3	#FEFEFE
697	#D3CEE7	#FCFCFC
698	#DDD9ED	#FDFDFD
699	#F9F2F1	#FFFFFF
700	#D3CDE7	#FDFDFD
701	#E9E6F3	#FEFEFE
703	#B1A8D5	#FAFAFA
704	#EDEAF5	#FEFEFE
705	#FAFAFD	#FFFFFF
706	#D4CEE7	#FDFDFD
707	#ECEAF5	#FEFEFE
708	#D9D4EA	#FCFCFC
709	#FBFBFD	#FFFFFF
710	#FBF7F6	#FFFFFF
711	#CCC5E3	#FDFDFD
712	#CCC6E3	#FCFCFC
713	#DDD9ED	#FEFEFE
714	#DDD8EC	#FEFEFE
715	#FEFCFC	#FFFFFF
716	#C5BDDF	#FCFCFC
717	#EEECF6	#FFFFFF
718	#E8E5F3	#FEFEFE
719	#E4E0F0	#FEFEFE
720	#CCC5E3	#FDFDFD
721	#FDFDFE	#FFFFFF
722	#E5E2F1	#FEFEFE
723	#FAFAFC	#FFFFFF
724	#FAF9FC	#FFFFFF
725	#EEECF6	#FFFFFF
726	#D8D2EA	#FDFDFD
727	#E9CECA	#FEFEFE
728	#EDEBF5	#FEFEFE
729	#F1E0DE	#FEFEFE
730	#F0EEF7	#FEFEFE
731	#E3DFF0	#FEFEFE
732	#DBD6EC	#FCFCFC
733	#E9E6F3	#FEFEFE
734	#BCB4DB	#FAFAFA
735	#CDC7E4	#FCFCFC
736	#ECD5D2	#FDFDFD
737	#DCD7EC	#FEFEFE
738	#E5E1F1	#FDFDFD
739	#EEECF6	#FEFEFE
740	#F0DDDA	#FEFEFE
741	#B8B0D8	#FBFBFB
742	#E5E2F1	#FEFEFE
743	#CFC8E5	#FBFBFB
744	#FCFBFD	#FFFFFF
745	#EFEDF7	#FFFFFF
746	#E4E1F1	#FEFEFE
747	#F2F1F8	#FFFFFF
748	#D4A5A0	#FCFCFC
749	#F9F9FC	#FFFFFF
750	#F2F0F8	#FFFFFF
751	#E6E3F2	#FEFEFE
752	#E2C0BC	#FDFDFD
753	#FAF9FC	#FFFFFF
754	#EFECF6	#FEFEFE
755	#EFECF6	#FFFFFF
756	#E7E3F2	#FEFEFE
757	#FBFAFD	#FFFFFF
759	#EFECF6	#FEFEFE
760	#B8AFD8	#FAFAFA
761	#DCD7EC	#FEFEFE
762	#E8E5F3	#FEFEFE
763	#B5ADD7	#F8F8F8
764	#B7AFD8	#FDFDFD
765	#F3F1F8	#FFFFFF
766	#E8E5F3	#FEFEFE
767	#EAE7F4	#FEFEFE
768	#EBD3D0	#FEFEFE
769	#D4CEE8	#FDFDFD
770	#BEB6DC	#FCFCFC
771	#DCD7EC	#FEFEFE
772	#A096CB	#FBFBFB
773	#EDEAF5	#FEFEFE
774	#E4E1F1	#FEFEFE
775	#EBE8F4	#FEFEFE
776	#E8E5F3	#FEFEFE
777	#A197CC	#FBFBFB
778	#EDEAF5	#FEFEFE
779	#EBE9F4	#FEFEFE
780	#F7F5FA	#FFFFFF
781	#FDFCFE	#FFFFFF
782	#F2F0F8	#FFFFFF
783	#EAE7F4	#FEFEFE
784	#F3F1F8	#FEFEFE
785	#FBF7F6	#FFFFFF
786	#DED9ED	#FDFDFD
787	#FCFBFD	#FFFFFF
788	#FBFAFD	#FFFFFF
789	#EFECF6	#FEFEFE
790	#FFFEFE	#FFFFFF
791	#FDFBFB	#FFFFFF
792	#DBD6EC	#FEFEFE
793	#FBFBFD	#FFFFFF
794	#F7EDEB	#FEFEFE
795	#EFEDF6	#FEFEFE
796	#FAF9FC	#FFFFFF
797	#EFECF6	#FEFEFE
798	#BDB5DB	#FCFCFC
799	#DDD8EC	#FEFEFE
800	#D4CFE8	#FEFEFE
801	#FBFAFD	#FFFFFF
802	#9A90C8	#FAFAFA
804	#B8AFD8	#FBFBFB
805	#F9F9FC	#FFFFFF
806	#E5E2F1	#FEFEFE
807	#F9F9FC	#FFFFFF
808	#EED9D6	#FEFEFE
809	#C6BFE0	#FCFCFC
810	#E4E1F0	#FEFEFE
811	#CDC7E4	#FCFCFC
812	#E4E1F1	#FEFEFE
813	#D3CDE7	#FDFDFD
814	#F7ECEB	#FFFFFF
815	#EEECF6	#FFFFFF
816	#EEECF6	#FFFFFF
817	#D8D2EA	#FDFDFD
818	#D4CEE8	#FDFDFD
819	#EFECF6	#FEFEFE
820	#C3BBDE	#FDFDFD
821	#CDC7E4	#FCFCFC
822	#FAF9FC	#FFFFFF
823	#E4E1F1	#FEFEFE
824	#CCC5E3	#FDFDFD
825	#BDB5DB	#FCFCFC
826	#FCFBFD	#FFFFFF
827	#FFFFFF	#FFFFFF
828	#F7EEEC	#FEFEFE
829	#F4E7E5	#FEFEFE
830	#EDEBF5	#FEFEFE
831	#FCF7F7	#FFFFFF
832	#FAF3F3	#FFFFFF
833	#E2DEEF	#FDFDFD
834	#E4E1F1	#FDFDFD
835	#F2F1F8	#FFFFFF
836	#D9D4EA	#FCFCFC
837	#D0CAE5	#FCFCFC
838	#F3E5E3	#FEFEFE
839	#EFEDF6	#FEFEFE
840	#F3F1F9	#FEFEFE
841	#EAD0CD	#FDFDFD
842	#F6F5FA	#FFFFFF
843	#EFDCD9	#FEFEFE
844	#DDD8ED	#FEFEFE
845	#FDFAFA	#FFFFFF
846	#F2F0F8	#FFFFFF
847	#E4E1F1	#FEFEFE
848	#A79DCF	#FBFBFB
849	#FBF6F5	#FFFFFF
850	#FEFDFD	#FFFFFF
851	#EFECF6	#FEFEFE
852	#E9E5F3	#FEFEFE
853	#EFDCD9	#FEFEFE
854	#D5CFE8	#FDFDFD
855	#FAF9FC	#FFFFFF
856	#D4CEE8	#FEFEFE
857	#EFECF6	#FFFFFF
858	#FBFAFD	#FFFFFF
860	#C6BEE0	#FAFAFA
861	#D7D1E9	#FDFDFD
862	#E8E5F3	#FEFEFE
863	#E6E3F2	#FEFEFE
864	#DDD8EC	#FEFEFE
865	#F0DDDA	#FEFEFE
866	#D3CDE7	#FDFDFD
867	#EEEBF6	#FEFEFE
868	#D3CDE7	#FDFDFD
869	#E6E3F2	#FEFEFE
870	#E9CECA	#FEFEFE
871	#DDD8EC	#FEFEFE
872	#E6E2F1	#FEFEFE
873	#A79DCF	#FBFBFB
874	#E6E2F1	#FEFEFE
875	#DED9ED	#FEFEFE
876	#EFECF6	#FFFFFF
877	#D3CDE7	#FDFDFD
878	#E6E3F1	#FEFEFE
879	#F8F7FB	#FFFFFF
880	#FFFFFF	#FFFFFF
881	#D7D2E9	#FDFDFD
882	#F9F9FC	#FFFFFF
883	#F4E5E3	#FEFEFE
884	#D6D1E9	#FBFBFB
885	#FAF4F3	#FFFFFF
886	#ECE9F4	#FEFEFE
887	#E7E3F2	#FEFEFE
888	#F6F5FA	#FFFFFF
889	#F5F4FA	#FFFFFF
890	#FFFEFE	#FFFFFF
891	#C0827B	#FAFAFA
892	#E4C4BF	#FDFDFD
893	#D3A59F	#FCFCFC
894	#D09E98	#FCFCFC
895	#FBFBFD	#FFFFFF
896	#DBD7EC	#FEFEFE
897	#E8E5F3	#FEFEFE
898	#E6E3F2	#FEFEFE
899	#FBFBFD	#FFFFFF
900	#EAE8F4	#FEFEFE
901	#D8D2EA	#FDFDFD
902	#D09E98	#FCFCFC
903	#F1DFDD	#FEFEFE
905	#C4BCDF	#FCFCFC
906	#F7F6FB	#FFFFFF
907	#D4CEE7	#FDFDFD
908	#E6E3F2	#FEFEFE
909	#EBD4D0	#FEFEFE
910	#CBC5E3	#FCFCFC
911	#BEB6DC	#FCFCFC
912	#D7D2E9	#FDFDFD
913	#DCD7EC	#FEFEFE
914	#DDD8EC	#FEFEFE
915	#E4E1F1	#FEFEFE
916	#FFFEFE	#FFFFFF
917	#EFECF6	#FFFFFF
918	#D4CFE8	#FDFDFD
919	#D4CEE7	#FDFDFD
920	#F1E0DE	#FEFEFE
921	#CF9D97	#FCFCFC
922	#D4CEE7	#FDFDFD
923	#E6E2F1	#FEFEFE
924	#F9F8FC	#FFFFFF
925	#C7BFE0	#FBFBFB
926	#F9F8FC	#FFFFFF
927	#EDEAF5	#FEFEFE
928	#FBFAFD	#FFFFFF
929	#E6E3F2	#FEFEFE
930	#C68D87	#FBFBFB
931	#F2F0F8	#FEFEFE
932	#F0EEF7	#FEFEFE
933	#F9F2F1	#FFFFFF
934	#FBFAFD	#FFFFFF
935	#FBF6F5	#FFFFFF
936	#D4CFE8	#FCFCFC
937	#EDEAF5	#FEFEFE
938	#E5E2F1	#FEFEFE
939	#E3E0F0	#FEFEFE
940	#FDFCFE	#FFFFFF
941	#FAF9FC	#FFFFFF
942	#E4C4C0	#FDFDFD
943	#E2C0BC	#FDFDFD
944	#FEFDFD	#FFFFFF
945	#F2F0F8	#FFFFFF
946	#D4CEE8	#FDFDFD
947	#E6E2F1	#FEFEFE
948	#E8E5F3	#FEFEFE
949	#E8CDCA	#FEFEFE
950	#DCD7EC	#FEFEFE
951	#FAF9FC	#FFFFFF
952	#FFFEFE	#FFFFFF
953	#DFDAED	#FEFEFE
954	#D4CEE7	#FDFDFD
955	#DBD7EC	#FEFEFE
956	#FBFBFD	#FFFFFF
957	#F9F8FB	#FFFFFF
958	#D5CFE8	#FEFEFE
959	#E8E5F3	#FEFEFE
961	#E8E4F2	#FEFEFE
962	#8C81C0	#F8F8F8
963	#F7EDEB	#FFFFFF
964	#DDD8EC	#FEFEFE
965	#DEDAED	#FEFEFE
966	#E8E5F3	#FEFEFE
967	#D4CEE8	#FEFEFE
968	#D7D1E9	#FDFDFD
969	#CDC6E4	#FCFCFC
970	#B7AFD8	#FBFBFB
971	#F2F0F8	#FFFFFF
972	#FBF6F6	#FFFFFF
973	#F9F2F1	#FFFFFF
974	#CBC5E3	#FDFDFD
975	#EBE9F4	#FEFEFE
976	#DDD8EC	#FEFEFE
977	#FBF6F5	#FFFFFF
978	#E2C0BC	#FDFDFD
979	#FBF5F4	#FFFFFF
980	#EEECF6	#FEFEFE
981	#E8E4F2	#FEFEFE
982	#FCF9F8	#FFFFFF
983	#FCFBFD	#FFFFFF
984	#FBFAFD	#FFFFFF
985	#EAE7F4	#FEFEFE
986	#E3DFF0	#FEFEFE
987	#E7E4F2	#FEFEFE
988	#EAE7F4	#FEFEFE
989	#EFEDF6	#FEFEFE
990	#FDFCFE	#FFFFFF
991	#F3F1F9	#FEFEFE
992	#E8CDCA	#FDFDFD
993	#EED9D6	#FEFEFE
994	#E6C8C4	#FDFDFD
995	#FBFBFD	#FFFFFF
996	#FBF6F6	#FFFFFF
997	#D7D1E9	#FDFDFD
998	#FFFEFE	#FFFFFF
999	#EFEDF6	#FEFEFE
1000	#F7ECEB	#FFFFFF
1001	#C7C0E1	#FCFCFC
1002	#FAF4F3	#FFFFFF
1003	#F8EEED	#FFFFFF
1004	#FEFCFC	#FFFFFF
1006	#E9CECA	#FEFEFE
1007	#F4E5E4	#FEFEFE
1008	#FAF9FC	#FFFFFF
1010	#F7EDEB	#FFFFFF
1011	#FBFAFD	#FFFFFF
1012	#B8B0D8	#FBFBFB
1013	#D5CFE8	#FDFDFD
1014	#D5CFE8	#FEFEFE
1015	#DDD8EC	#FEFEFE
1016	#DDD8EC	#FDFDFD
1017	#E4E1F1	#FEFEFE
1018	#DEDAED	#FEFEFE
1019	#F4E6E4	#FEFEFE
1020	#F6F4FA	#FFFFFF
1021	#E5E1F1	#FEFEFE
1022	#E5E1F1	#FEFEFE
1023	#EDEBF5	#FEFEFE
1024	#B8AFD8	#FDFDFD
1025	#EDD7D4	#FEFEFE
1026	#E2DEEF	#FDFDFD
1027	#FAF9FC	#FFFFFF
1028	#FDFBFA	#FFFFFF
1029	#EBE9F4	#FEFEFE
1030	#E4E0F0	#FDFDFD
1031	#EAE7F3	#FEFEFE
1032	#D9D3EA	#FCFCFC
1033	#DDD8EC	#FDFDFD
1034	#EEEBF6	#FEFEFE
1035	#DBD7EC	#FEFEFE
1036	#F5F3F9	#FFFFFF
1037	#F0EEF7	#FEFEFE
1038	#EEEBF6	#FEFEFE
1039	#D7D2E9	#FDFDFD
1040	#F2F0F8	#FEFEFE
1041	#ECD5D2	#FDFDFD
1042	#FDFDFE	#FFFFFF
1043	#F7ECEB	#FFFFFF
1044	#F1E0DE	#FEFEFE
1045	#ECD5D2	#FEFEFE
1046	#DDD8EC	#FEFEFE
1047	#FEFCFC	#FFFFFF
1048	#ECD4D1	#FDFDFD
1049	#E5E1F1	#FEFEFE
1050	#F7ECEB	#FEFEFE
1051	#F9F1F0	#FFFFFF
1052	#EAE7F4	#FEFEFE
1053	#F4E6E4	#FEFEFE
1054	#F1E0DD	#FEFEFE
1055	#F1E0DE	#FEFEFE
1056	#FBF6F6	#FFFFFF
1057	#FBF6F6	#FFFFFF
1058	#EFEDF6	#FEFEFE
1059	#C3BBDE	#FDFDFD
1060	#D0CAE6	#FCFCFC
1062	#DED9ED	#FDFDFD
1063	#F7ECEB	#FFFFFF
1064	#E9E5F3	#FEFEFE
1065	#E3DFF0	#FEFEFE
1066	#F2E1DF	#FEFEFE
1067	#E5E1F1	#FEFEFE
1068	#C4BDDF	#FCFCFC
1069	#DDD8EC	#FEFEFE
1070	#D3CDE7	#FDFDFD
1071	#F1E0DE	#FEFEFE
1072	#D3CEE7	#FDFDFD
1073	#D4CFE8	#FDFDFD
1074	#D3CDE7	#FDFDFD
1075	#D0CAE6	#FCFCFC
1076	#F8EEED	#FFFFFF
1077	#FBF6F5	#FFFFFF
1078	#FDFAFA	#FFFFFF
1079	#FAF4F4	#FFFFFF
1080	#DEDAED	#FEFEFE
1081	#DEDAED	#FEFEFE
1082	#F6F5FA	#FFFFFF
1083	#E8E5F3	#FEFEFE
1084	#FBFAFD	#FFFFFF
1085	#DBD7EC	#FEFEFE
1086	#FEFCFC	#FFFFFF
1087	#E4C4BF	#FDFDFD
1088	#FFFFFF	#FFFFFF
1089	#EFEDF6	#FEFEFE
1090	#FBF6F5	#FFFFFF
1091	#F9F1F0	#FFFFFF
1092	#F7ECEA	#FEFEFE
1093	#E9E5F3	#FEFEFE
1094	#FBF6F5	#FFFFFF
1095	#A79ECF	#FBFBFB
1096	#F6EAE8	#FEFEFE
1097	#DDD8EC	#FEFEFE
1098	#FAF9FC	#FFFFFF
1099	#FBFAFD	#FFFFFF
1100	#A197CC	#FBFBFB
1101	#E2DEEF	#FDFDFD
1102	#F7F5FA	#FFFFFF
1103	#FAF9FC	#FFFFFF
1104	#D5CFE8	#FDFDFD
1105	#F8EEED	#FFFFFF
1107	#EEECF6	#FFFFFF
1108	#F6F4FA	#FFFFFF
1109	#EFECF6	#FFFFFF
1110	#F6F4FA	#FFFFFF
1111	#FAFAFC	#FFFFFF
1112	#E7E4F2	#FEFEFE
1113	#EBE8F4	#FEFEFE
1114	#A79ECF	#FBFBFB
1115	#A79ECF	#FBFBFB
1116	#F8EEED	#FFFFFF
1117	#EFDCD9	#FEFEFE
1118	#EEECF6	#FFFFFF
1119	#C7BFE0	#FCFCFC
1120	#DBD7EC	#FEFEFE
1121	#FBF6F6	#FFFFFF
1122	#DED9ED	#FEFEFE
1123	#CEC7E4	#FDFDFD
1124	#E8E4F2	#FEFEFE
1125	#C5BEDF	#FAFAFA
1126	#A197CC	#FBFBFB
1127	#F2F0F8	#FFFFFF
1128	#F3F1F8	#FEFEFE
1129	#BAB2D9	#F9F9F9
1130	#D4CFE8	#FCFCFC
1131	#F0EEF7	#FEFEFE
1132	#DEDAED	#FDFDFD
1133	#FAF9FC	#FFFFFF
1134	#FAF3F3	#FFFFFF
1135	#F9F9FC	#FFFFFF
1136	#F6F5FA	#FFFFFF
1137	#E9E5F3	#FEFEFE
1138	#E6E3F2	#FEFEFE
1139	#F9F8FC	#FFFFFF
1140	#F8EFEE	#FEFEFE
1141	#F0DDDB	#FDFDFD
1142	#FDFBFA	#FFFFFF
1143	#F9F9FC	#FFFFFF
1144	#FCFBFD	#FFFFFF
1145	#FBF7F6	#FFFFFF
1146	#EEECF6	#FFFFFF
1147	#E1BEBA	#FEFEFE
1148	#F8EEED	#FFFFFF
1149	#F6F4FA	#FFFFFF
1150	#C4BDDF	#FCFCFC
1151	#EDEAF5	#FEFEFE
1152	#DED9ED	#FEFEFE
1153	#FBFBFD	#FFFFFF
1154	#E9E5F3	#FEFEFE
1155	#E4E0F0	#FEFEFE
1156	#FAF9FC	#FFFFFF
1157	#EFECF6	#FEFEFE
1158	#D4CFE8	#FEFEFE
1159	#A79ECF	#FBFBFB
1160	#EBE8F4	#FEFEFE
1161	#B6AED8	#FBFBFB
1163	#F0EEF7	#FEFEFE
1164	#FDFDFE	#FFFFFF
1165	#FDFDFE	#FFFFFF
1166	#BCB4DB	#F2F2F2
1167	#E7E4F2	#FDFDFD
1168	#EFEDF7	#FEFEFE
1169	#E1DDEF	#FDFDFD
1170	#EFECF6	#FEFEFE
1171	#DAD5EB	#FBFBFB
1172	#E4E1F1	#FDFDFD
1173	#ECE9F4	#FEFEFE
1174	#E7E3F2	#FEFEFE
1175	#D6D1E9	#FBFBFB
1176	#C5BDDF	#FCFCFC
1177	#D8D3EA	#FDFDFD
1178	#DCD7EC	#FEFEFE
1179	#FBF6F6	#FFFFFF
1180	#FBFAFD	#FFFFFF
1181	#EEEBF6	#FEFEFE
1182	#E4E0F0	#FEFEFE
1183	#D1CBE6	#FCFCFC
1184	#F3F1F8	#FFFFFF
1185	#CEC7E4	#FCFCFC
1186	#D7D2EA	#FAFAFA
1187	#D7D2E9	#FDFDFD
1188	#F8F7FB	#FFFFFF
1189	#B2A9D5	#FAFAFA
1190	#FDFAFA	#FFFFFF
1191	#EDEBF5	#FEFEFE
1192	#F2F0F8	#FFFFFF
1193	#EFEDF7	#FFFFFF
1194	#E8E5F2	#FEFEFE
1195	#F5F4FA	#FFFFFF
1196	#EEECF6	#FEFEFE
1197	#E7E3F2	#FEFEFE
1198	#FBF7F6	#FFFFFF
1199	#EEECF6	#FEFEFE
1200	#C3BCDE	#FAFAFA
1201	#E6E2F1	#FEFEFE
1202	#D7D2E9	#FDFDFD
1203	#EDEBF5	#FEFEFE
1204	#EAE7F4	#FEFEFE
1205	#EBE8F4	#FEFEFE
1206	#DEDAED	#FDFDFD
1208	#E0DCEE	#FBFBFB
1209	#D6D0E9	#FCFCFC
1210	#E1DDEF	#FDFDFD
1211	#F8F7FB	#FFFFFF
1212	#EAE7F4	#FDFDFD
1213	#F6F4FA	#FFFFFF
1214	#D7D2E9	#FBFBFB
1215	#D2CCE7	#FAFAFA
1216	#E5E2F1	#FDFDFD
1217	#DAD5EB	#FBFBFB
1218	#CFC8E5	#F9F9F9
1219	#DED9ED	#FDFDFD
1220	#E8E5F3	#FEFEFE
1221	#FDFBFA	#FFFFFF
1222	#E4E1F1	#FEFEFE
1223	#E7E4F2	#FDFDFD
1224	#CEC7E4	#FDFDFD
1225	#D9D4EB	#FDFDFD
1226	#D3CDE7	#F9F9F9
1227	#EDD7D4	#FEFEFE
1228	#FBFAFD	#FFFFFF
1229	#CBC5E3	#FDFDFD
1230	#F1E0DE	#FEFEFE
1231	#FBF6F5	#FFFFFF
1232	#F2F0F8	#FEFEFE
1233	#F2F0F8	#FEFEFE
1234	#E2DEEF	#FDFDFD
1235	#D3CEE7	#FCFCFC
1236	#BEB6DB	#FCFCFC
1237	#E6E3F2	#FEFEFE
1238	#F4E6E4	#FEFEFE
1239	#E6E3F2	#FEFEFE
1240	#D8D2EA	#FDFDFD
1241	#CBC4E3	#FCFCFC
1242	#C2BBDE	#FBFBFB
1243	#EAE7F3	#FEFEFE
1244	#EDEBF5	#FEFEFE
1245	#D3CDE7	#FCFCFC
1246	#DBD6EC	#FEFEFE
1247	#DEDAED	#FCFCFC
1248	#A49ACD	#F8F8F8
1249	#D7D1E9	#FDFDFD
1250	#FAF4F4	#FFFFFF
1251	#D9D4EA	#FCFCFC
1252	#FCFBFD	#FFFFFF
1253	#E4E1F1	#FEFEFE
1254	#FEFDFD	#FFFFFF
1255	#DEDAED	#FDFDFD
1256	#F9F8FC	#FFFFFF
1257	#FDFCFE	#FFFFFF
1258	#DDD8EC	#FDFDFD
1259	#DAD5EB	#FCFCFC
1260	#C4BCDF	#F7F7F7
1261	#DCD7EC	#FBFBFB
1262	#EDEBF5	#FEFEFE
1264	#D0CAE6	#FCFCFC
1265	#DCD7EC	#FEFEFE
1266	#F9F8FC	#FFFFFF
1267	#F1E0DE	#FEFEFE
1268	#F9F9FC	#FFFFFF
1269	#DDD9ED	#FEFEFE
1270	#D4CFE8	#FDFDFD
1271	#DDD8EC	#FEFEFE
1272	#EDEAF5	#FEFEFE
1273	#FAF9FC	#FFFFFF
1274	#EBE8F4	#FEFEFE
1275	#EEECF6	#FEFEFE
1276	#FBFAFD	#FFFFFF
1277	#E6E2F1	#FEFEFE
1278	#FBFAFD	#FFFFFF
1279	#F4E5E4	#FEFEFE
1280	#EAE7F4	#FEFEFE
1281	#D8D3EA	#FDFDFD
1282	#FAFAFD	#FFFFFF
1283	#F9F8FC	#FFFFFF
1284	#FAF9FC	#FFFFFF
1285	#EDEBF5	#FEFEFE
1286	#D3CDE7	#FCFCFC
1287	#E6E3F2	#FEFEFE
1288	#B7AED8	#FBFBFB
1289	#F6F5FA	#FFFFFF
1290	#E4E0F0	#FEFEFE
1291	#F0DDDB	#FEFEFE
1292	#FEFCFB	#FFFFFF
1293	#F8F7FB	#FFFFFF
1294	#DFBBB6	#FCFCFC
1295	#EFECF6	#FEFEFE
1296	#E4E1F1	#FEFEFE
1297	#D3CDE7	#FDFDFD
1298	#FBFAFD	#FFFFFF
1299	#FAF9FC	#FFFFFF
1300	#CCC5E3	#FDFDFD
1301	#DDD8EC	#FEFEFE
1302	#F4E5E3	#FEFEFE
1303	#E3DFF0	#FEFEFE
1304	#FEFDFD	#FFFFFF
1305	#E9E6F3	#FEFEFE
1306	#FFFFFF	#FFFFFF
1307	#C5BDDF	#FCFCFC
1309	#EFECF6	#FEFEFE
1310	#FEFDFC	#FFFFFF
1311	#DDD8ED	#FEFEFE
1312	#E6E3F2	#FEFEFE
1313	#EEECF6	#FFFFFF
1314	#B1A8D5	#FAFAFA
1315	#E9E6F3	#FEFEFE
1316	#EEEBF6	#FFFFFF
1317	#D8D2EA	#FDFDFD
1318	#F4E5E3	#FEFEFE
1319	#EEEBF6	#FFFFFF
1320	#F8EEED	#FFFFFF
1321	#CEC7E4	#FDFDFD
1322	#D4CEE7	#FDFDFD
1323	#F6F4FA	#FFFFFF
1324	#CDC7E4	#FCFCFC
1325	#F6F5FA	#FFFFFF
1326	#EFECF6	#FEFEFE
1327	#E6E2F1	#FEFEFE
1328	#F8EEED	#FFFFFF
1329	#EFECF6	#FEFEFE
1330	#F9F1F0	#FFFFFF
1331	#CBC5E3	#FCFCFC
1332	#F6F5FA	#FFFFFF
1333	#EDEAF5	#FEFEFE
1334	#EDD6D3	#FEFEFE
1335	#DCD8EC	#FDFDFD
1336	#E6E3F2	#FEFEFE
1337	#F9F8FC	#FFFFFF
1338	#FBF7F6	#FFFFFF
1339	#F0EDF7	#FEFEFE
1340	#E7E4F2	#FDFDFD
1341	#F8F7FB	#FFFFFF
1342	#FBFBFD	#FFFFFF
1343	#F2F0F8	#FFFFFF
1344	#F2E1DF	#FEFEFE
1345	#F7F6FB	#FFFFFF
1346	#FBFAFD	#FFFFFF
1347	#E9E5F3	#FEFEFE
1348	#E6E3F2	#FEFEFE
1349	#EBE9F4	#FEFEFE
1350	#FAF9FC	#FFFFFF
1351	#E6C8C4	#FDFDFD
1352	#F7EEEC	#FFFFFF
1353	#EDEAF5	#FEFEFE
1354	#EDEAF5	#FEFEFE
1355	#B7AFD8	#FDFDFD
1356	#F7ECEB	#FFFFFF
1357	#E9E5F3	#FEFEFE
1358	#DDD8EC	#FEFEFE
1359	#A79DCF	#FBFBFB
1360	#B7AFD8	#FDFDFD
1361	#AEA5D3	#FCFCFC
1362	#DED9ED	#FDFDFD
1363	#F1DFDD	#FEFEFE
1365	#FBFAFD	#FFFFFF
1366	#D8D2EA	#FDFDFD
1367	#DFDAED	#FEFEFE
1368	#EBD4D0	#FEFEFE
1369	#FFFFFF	#FFFFFF
1370	#F7EDEC	#FFFFFF
1371	#EBD4D0	#FEFEFE
1372	#EFECF6	#FEFEFE
1373	#E5E1F1	#FEFEFE
1374	#F6F5FA	#FFFFFF
1375	#E9E6F3	#FEFEFE
1376	#F9F8FC	#FFFFFF
1377	#EFEDF6	#FEFEFE
1378	#DCD7EC	#FEFEFE
1379	#E4E1F1	#FEFEFE
1380	#E6E3F2	#FEFEFE
1381	#FBF6F5	#FFFFFF
1382	#DED9ED	#FDFDFD
1383	#DEDAED	#FEFEFE
1384	#EDEBF5	#FEFEFE
1385	#FFFEFE	#FFFFFF
1386	#E7E3F2	#FEFEFE
1387	#BDB5DB	#FAFAFA
1388	#FBFAFD	#FFFFFF
1389	#EAE6F3	#FEFEFE
1390	#ECD6D3	#FEFEFE
1391	#F5F4FA	#FFFFFF
1392	#F5E9E7	#FEFEFE
1393	#F8EEED	#FEFEFE
1394	#E9E5F3	#FEFEFE
1395	#ECD5D2	#FEFEFE
1396	#CEC7E4	#FDFDFD
1397	#CEC7E4	#FDFDFD
1398	#FBFBFD	#FFFFFF
1399	#E2DFF0	#FEFEFE
1400	#E5E1F1	#FEFEFE
1401	#EFECF6	#FEFEFE
1402	#F7EDEB	#FEFEFE
1403	#F4E6E4	#FEFEFE
1404	#F6F4FA	#FFFFFF
1405	#E4E1F1	#FEFEFE
1406	#B7AFD8	#FDFDFD
1407	#B1A8D4	#FAFAFA
1408	#FBFAFD	#FFFFFF
1410	#FCFBFD	#FFFFFF
1411	#F2F0F8	#FFFFFF
1412	#E4C4C0	#FDFDFD
1413	#FBFBFD	#FFFFFF
1414	#F6F4FA	#FFFFFF
1415	#B7AFD8	#FBFBFB
1416	#F1E0DD	#FEFEFE
1417	#E6E2F1	#FEFEFE
1418	#FEFCFC	#FFFFFF
1419	#C4BDDF	#FCFCFC
1420	#E6E3F1	#FEFEFE
1421	#E8E5F3	#FEFEFE
1422	#DDD8EC	#FEFEFE
1423	#D4CEE8	#FEFEFE
1424	#FBFAFD	#FFFFFF
1425	#BEB6DC	#FAFAFA
1426	#F9F1F0	#FFFFFF
1427	#EEECF6	#FFFFFF
1428	#D4CFE8	#FDFDFD
1429	#FEFDFD	#FFFFFF
1430	#E4E0F0	#FEFEFE
1431	#F3E4E2	#FEFEFE
1432	#F1E0DD	#FEFEFE
1433	#F8EFED	#FEFEFE
1434	#D8D3EA	#FDFDFD
1435	#B7AFD8	#FAFAFA
1436	#C1B9DD	#FBFBFB
1437	#F9F8FC	#FFFFFF
1438	#F9F0EF	#FEFEFE
1439	#F1DFDD	#FEFEFE
1440	#FCF8F7	#FFFFFF
1441	#EBE8F4	#FEFEFE
1442	#FFFFFF	#FFFFFF
1443	#F3E4E2	#FEFEFE
1444	#E9CECB	#FEFEFE
1445	#EEECF6	#FFFFFF
1446	#FCFBFD	#FFFFFF
1447	#D8D2EA	#FDFDFD
1448	#DDD8EC	#FEFEFE
1449	#CCC5E3	#FDFDFD
1450	#E8E5F3	#FEFEFE
1451	#958BC6	#F9F9F9
1452	#FDFAFA	#FFFFFF
1453	#FBF6F5	#FFFFFF
1454	#EFEDF6	#FEFEFE
1455	#F9F2F1	#FFFFFF
1456	#E6E2F1	#FEFEFE
1457	#F2F0F8	#FFFFFF
1458	#FEFDFD	#FFFFFF
1459	#FBF6F6	#FFFFFF
1460	#E4E1F1	#FEFEFE
1461	#DDD8ED	#FEFEFE
1462	#FEFCFC	#FFFFFF
1463	#F9F8FC	#FFFFFF
1464	#E5E2F1	#FEFEFE
1466	#E5E2F1	#FEFEFE
1467	#E4E1F1	#FEFEFE
1468	#EEECF6	#FFFFFF
1469	#E4E1F1	#FEFEFE
1470	#8C81C0	#F8F8F8
1471	#F1DFDD	#FEFEFE
1472	#D3CEE7	#FDFDFD
1473	#CBC5E3	#FDFDFD
1474	#BDB5DB	#FCFCFC
1475	#D5CFE8	#FDFDFD
1476	#E9CECB	#FEFEFE
1477	#FBF6F6	#FFFFFF
1478	#D4CEE8	#FDFDFD
1479	#EFEDF6	#FEFEFE
1480	#EAE7F4	#FEFEFE
1481	#F1E0DE	#FEFEFE
1482	#FEFDFD	#FFFFFF
1483	#FDFBFA	#FFFFFF
1484	#D9D4EA	#FDFDFD
1485	#D3CDE7	#FCFCFC
1486	#D7D2E9	#FDFDFD
1487	#E8E5F3	#FEFEFE
1488	#E4E0F0	#FEFEFE
1489	#FBF6F5	#FFFFFF
1490	#E3E0F0	#FEFEFE
1491	#ECE9F5	#FEFEFE
1492	#EDD7D4	#FEFEFE
1493	#FDFBFA	#FFFFFF
1494	#E6C8C4	#FDFDFD
1495	#F3F1F8	#FFFFFF
1496	#F2F1F8	#FFFFFF
1497	#F6EAE8	#FEFEFE
1498	#F7EDEC	#FFFFFF
1499	#BEB6DB	#FCFCFC
1500	#F1DFDD	#FEFEFE
1501	#ECD4D1	#FEFEFE
1502	#DDD8EC	#FEFEFE
1503	#D4A59F	#FCFCFC
1504	#E8CDCA	#FEFEFE
1505	#F7ECEB	#FFFFFF
1506	#FBFAFD	#FFFFFF
1507	#F7ECEB	#FFFFFF
1508	#E9E6F3	#FEFEFE
1509	#FBF6F5	#FFFFFF
1511	#D3CEE7	#FDFDFD
1512	#E2C0BC	#FDFDFD
1513	#E6E2F1	#FEFEFE
1514	#BDB5DB	#FCFCFC
1515	#E5E1F1	#FEFEFE
1516	#F6EAE8	#FEFEFE
1517	#F6F5FA	#FFFFFF
1518	#E4E1F1	#FEFEFE
1519	#E5E1F1	#FEFEFE
1520	#FFFFFF	#FFFFFF
1521	#A79ECF	#FBFBFB
1522	#F6F5FA	#FFFFFF
1523	#FAF9FC	#FFFFFF
1524	#DFDAED	#FDFDFD
1525	#F0DDDA	#FEFEFE
1526	#F8EEED	#FFFFFF
1527	#D7D2EA	#FDFDFD
1528	#DEDAED	#FDFDFD
1529	#C7C0E0	#FCFCFC
1530	#DCD7EC	#FEFEFE
1531	#F9F8FC	#FFFFFF
1532	#FBFAFD	#FFFFFF
1533	#E9CECB	#FEFEFE
1534	#ECE9F4	#FEFEFE
1535	#D9D4EB	#FCFCFC
1536	#F6F5FA	#FFFFFF
1537	#C8C2E1	#FAFAFA
1538	#F5E8E6	#FEFEFE
1539	#FBFBFD	#FFFFFF
1540	#E5E2F1	#FEFEFE
1541	#DFDAED	#FCFCFC
1542	#F2E2E0	#FEFEFE
1543	#E5E1F1	#FEFEFE
1544	#DDD8EC	#FEFEFE
1545	#F1DFDD	#FEFEFE
1546	#F8EEED	#FFFFFF
1547	#C4BDDF	#FCFCFC
1548	#FBFAFD	#FFFFFF
1549	#FBFBFD	#FFFFFF
1550	#DCD8EC	#FEFEFE
1551	#F8EEED	#FFFFFF
1552	#DDD8EC	#FEFEFE
1553	#FAF9FC	#FFFFFF
1554	#FBF6F6	#FFFFFF
1555	#EBD2CF	#FDFDFD
1556	#FBF6F5	#FFFFFF
1557	#E6C9C5	#FDFDFD
1558	#FBFAFD	#FFFFFF
1559	#E4C4C0	#FDFDFD
1560	#DEDAED	#FEFEFE
1561	#C4BCDF	#FCFCFC
1562	#B7AED8	#FDFDFD
1563	#D4CEE8	#FDFDFD
1564	#E6E2F1	#FEFEFE
1565	#FAFAFC	#FFFFFF
1567	#B8AFD8	#FBFBFB
1568	#F9F8FC	#FFFFFF
1569	#EEECF6	#FFFFFF
1570	#C6BFE0	#FBFBFB
1571	#FAFAFC	#FFFFFF
1572	#FBFAFD	#FFFFFF
1573	#FAFAFC	#FFFFFF
1574	#D3CEE7	#FDFDFD
1575	#EEECF6	#FFFFFF
1576	#B7AED8	#FAFAFA
1577	#D4CFE8	#FDFDFD
1578	#D7D2E9	#FDFDFD
1579	#EAE7F4	#FEFEFE
1580	#E4C4C0	#FDFDFD
1581	#EED9D6	#FEFEFE
1582	#FFFFFF	#FFFFFF
1583	#FAF4F3	#FFFFFF
1584	#E6E2F1	#FEFEFE
1585	#EDD6D3	#FEFEFE
1586	#E2DEEF	#FDFDFD
1587	#FBFAFD	#FFFFFF
1588	#D9D4EA	#FCFCFC
1589	#E6E2F1	#FEFEFE
1590	#FBFAFD	#FFFFFF
1591	#E2DEEF	#FDFDFD
1592	#FCF8F7	#FFFFFF
1593	#F4E5E3	#FEFEFE
1594	#F1DFDD	#FEFEFE
1595	#F7EDEB	#FFFFFF
1596	#EFDCDA	#FEFEFE
1597	#FDFBFA	#FFFFFF
1598	#FBF6F5	#FFFFFF
1599	#FBFAFD	#FFFFFF
1600	#F9F1F0	#FFFFFF
1601	#DCD7EC	#FEFEFE
1602	#F9F8FC	#FFFFFF
1603	#E8CDC9	#FEFEFE
1604	#F2E1DF	#FEFEFE
1605	#F8EFED	#FEFEFE
1606	#F3E5E3	#FEFEFE
1607	#F4E6E4	#FEFEFE
1608	#AFA6D3	#FCFCFC
1609	#EEECF6	#FEFEFE
1610	#EEECF6	#FFFFFF
1612	#F9F8FC	#FFFFFF
1613	#F4E6E4	#FEFEFE
1614	#FBF6F6	#FFFFFF
1615	#EFEDF6	#FEFEFE
1616	#DDD8EC	#FEFEFE
1617	#D3CEE7	#FDFDFD
1618	#F8EEED	#FFFFFF
1619	#FAF9FC	#FFFFFF
1620	#D4CEE7	#FDFDFD
1621	#A096CB	#FBFBFB
1622	#F2F0F8	#FEFEFE
1623	#B8AFD8	#FDFDFD
1624	#F9F8FC	#FFFFFF
1625	#CDC7E4	#FCFCFC
1626	#F6F5FA	#FFFFFF
1627	#CCC6E4	#FCFCFC
1628	#FBF6F5	#FFFFFF
1629	#F8F7FB	#FFFFFF
1630	#F9F8FC	#FFFFFF
1631	#E5E1F1	#FEFEFE
1632	#E8E5F3	#FEFEFE
1633	#FFFEFE	#FFFFFF
1634	#F2F0F8	#FFFFFF
1635	#E7E4F2	#FEFEFE
1636	#CF9D97	#FCFCFC
1637	#EDEAF5	#FEFEFE
1638	#C4BDDF	#FCFCFC
1639	#F6F5FA	#FFFFFF
1640	#E0DCEE	#FDFDFD
1641	#F5F4FA	#FFFFFF
1642	#F9F1F0	#FFFFFF
1643	#F8F7FB	#FFFFFF
1644	#FAF9FC	#FFFFFF
1645	#DBD6EC	#FEFEFE
1646	#FBFAFD	#FFFFFF
1647	#FBF7F6	#FFFFFF
1648	#9A90C8	#FAFAFA
1649	#EBD4D0	#FEFEFE
1650	#EEECF6	#FFFFFF
1651	#DBD7EC	#FEFEFE
1652	#FBF7F6	#FFFFFF
1653	#F3F1F8	#FFFFFF
1654	#E5E1F1	#FEFEFE
1655	#F5E7E5	#FEFEFE
1656	#E0BDB9	#FBFBFB
1657	#E1BEBA	#FEFEFE
1658	#D3CEE7	#FDFDFD
1659	#DED9ED	#FDFDFD
1660	#EAE7F4	#FEFEFE
1661	#E4E0F0	#FEFEFE
1662	#EFECF6	#FFFFFF
1663	#DBD7EC	#FEFEFE
1664	#E4E1F1	#FEFEFE
1665	#BDB5DB	#FCFCFC
1666	#EFDCD9	#FEFEFE
1668	#ECD5D2	#FEFEFE
1669	#F7EDEB	#FEFEFE
1670	#E6E3F1	#FEFEFE
1671	#E4E1F1	#FEFEFE
1672	#B7AFD8	#FBFBFB
1673	#D2CCE7	#FCFCFC
1674	#D4CEE7	#FDFDFD
1675	#E7E4F2	#FEFEFE
1676	#E6E2F1	#FEFEFE
1677	#D4CEE8	#FEFEFE
1678	#CF9D97	#FCFCFC
1679	#FCF8F7	#FFFFFF
1680	#ECD5D1	#FEFEFE
1681	#D7D2E9	#FDFDFD
1682	#F9F8FC	#FFFFFF
1683	#FBF6F5	#FFFFFF
1684	#F2F1F8	#FFFFFF
1685	#E6E2F1	#FEFEFE
1686	#DEDAED	#FDFDFD
1687	#D4CEE8	#FEFEFE
1688	#F7F5FA	#FFFFFF
1689	#DDD8ED	#FDFDFD
1690	#D0CAE6	#FBFBFB
1691	#F7EDEB	#FFFFFF
1692	#F2F0F8	#FFFFFF
1693	#F6F5FA	#FFFFFF
1694	#EEECF6	#FFFFFF
1695	#F9F8FC	#FFFFFF
1696	#ECEAF5	#FEFEFE
1697	#FBF6F6	#FFFFFF
1698	#FBF6F5	#FFFFFF
1699	#E5E1F1	#FEFEFE
1700	#E8E5F3	#FEFEFE
1701	#F2F0F8	#FFFFFF
1702	#FEFDFD	#FFFFFF
1703	#EDEAF5	#FEFEFE
1704	#EFEDF6	#FEFEFE
1705	#ECD5D2	#FEFEFE
1706	#EBD2CF	#FDFDFD
1707	#F9F1F0	#FFFFFF
1708	#CF9D97	#FCFCFC
1709	#F1DFDD	#FEFEFE
1710	#FBF7F6	#FFFFFF
1711	#D4CEE8	#FDFDFD
1713	#EDEBF5	#FEFEFE
1714	#F7ECEB	#FFFFFF
1715	#F2F0F8	#FEFEFE
1716	#FBFBFD	#FFFFFF
1717	#8C81C0	#F8F8F8
1718	#F9F9FC	#FFFFFF
1719	#DEDAED	#FEFEFE
1720	#EEECF6	#FFFFFF
1721	#D4CEE7	#FDFDFD
1722	#FBF6F5	#FFFFFF
1723	#D1CBE6	#FCFCFC
1724	#D5D0E8	#FDFDFD
1725	#F1E0DE	#FEFEFE
1726	#D4CEE7	#FDFDFD
1727	#F7EDEB	#FFFFFF
1728	#F7ECEB	#FFFFFF
1729	#DCD7EC	#FEFEFE
1730	#F9F8FC	#FFFFFF
1731	#BDB5DB	#FCFCFC
1732	#D2CCE7	#FCFCFC
1733	#FAFAFD	#FFFFFF
1734	#C6BFE0	#FAFAFA
1735	#DED9ED	#FEFEFE
1736	#E6E2F1	#FEFEFE
1737	#DEDAED	#FEFEFE
1738	#DBD7EC	#FEFEFE
1739	#F6F5FA	#FFFFFF
1740	#D5D0E8	#FCFCFC
1741	#DDD9ED	#FDFDFD
1742	#EAE7F4	#FEFEFE
1743	#EDD6D3	#FEFEFE
1744	#EFECF6	#FEFEFE
1745	#E8E5F3	#FEFEFE
1746	#FBF6F6	#FFFFFF
1747	#DDD8EC	#FEFEFE
1748	#D4A59F	#FCFCFC
1749	#E9CECB	#FEFEFE
1750	#F8EEED	#FFFFFF
1751	#F9F8FC	#FFFFFF
1752	#CBC4E3	#FCFCFC
1753	#A79DCF	#FBFBFB
1754	#FFFFFF	#FFFFFF
1755	#ECEAF5	#FEFEFE
1756	#FDFDFE	#FFFFFF
1757	#DDB7B2	#FCFCFC
1758	#F6F5FA	#FFFFFF
1759	#E4E1F1	#FEFEFE
1760	#D4CEE8	#FDFDFD
1761	#A197CC	#FBFBFB
1762	#ADA3D2	#FAFAFA
1763	#DED9ED	#FEFEFE
1764	#FEFDFC	#FFFFFF
1765	#EFEDF6	#FEFEFE
1766	#FAF4F3	#FFFFFF
1767	#FBFAFD	#FFFFFF
1769	#E5E2F1	#FEFEFE
1770	#FAFAFC	#FFFFFF
1771	#F8EEED	#FFFFFF
1772	#DCD7EC	#FEFEFE
1773	#F8EEED	#FFFFFF
1774	#FFFFFF	#FFFFFF
1775	#E5E1F1	#FEFEFE
1776	#F9F2F1	#FFFFFF
1777	#ECD5D2	#FEFEFE
1778	#FBF7F6	#FFFFFF
1779	#DBD6EC	#FEFEFE
1780	#EAD1CE	#FDFDFD
1781	#F2F0F8	#FFFFFF
1782	#E5E1F1	#FEFEFE
1783	#EEEBF6	#FEFEFE
1784	#F1E0DE	#FEFEFE
1785	#E4E1F1	#FEFEFE
1786	#E4E0F0	#FEFEFE
1787	#DCD7EC	#FEFEFE
1788	#FBF6F5	#FFFFFF
1789	#FAF3F2	#FFFFFF
1790	#E5E1F1	#FDFDFD
1791	#EFEDF6	#FEFEFE
1792	#E4E1F1	#FEFEFE
1793	#F5F3FA	#FFFFFF
1794	#DCD7EC	#FEFEFE
1795	#E5E2F1	#FEFEFE
1796	#D1CBE6	#FCFCFC
1797	#CBC5E3	#FDFDFD
1798	#E8E5F3	#FEFEFE
1799	#F1E0DD	#FEFEFE
1800	#E9E5F3	#FEFEFE
1801	#FBF6F5	#FFFFFF
1802	#CCC6E4	#FCFCFC
1803	#D4CEE8	#FDFDFD
1804	#E6E3F2	#FEFEFE
1805	#DCB5B0	#FCFCFC
1806	#F1EFF8	#FFFFFF
1807	#ECD6D3	#FEFEFE
1808	#EFECF6	#FEFEFE
1810	#DDD8EC	#FEFEFE
1811	#DDD8ED	#FEFEFE
1812	#FBFBFD	#FFFFFF
1814	#DCD7EC	#FEFEFE
1815	#DDD9ED	#FDFDFD
1816	#C3BBDE	#FDFDFD
1817	#E6C8C4	#FDFDFD
1818	#F6F5FA	#FFFFFF
1819	#F6F5FA	#FFFFFF
1820	#E8CDCA	#FEFEFE
1821	#E3E0F0	#FEFEFE
1822	#F9F9FC	#FFFFFF
1823	#D9AFAA	#FDFDFD
1824	#FBF6F6	#FFFFFF
1825	#FBFAFD	#FFFFFF
1826	#EEECF6	#FFFFFF
1827	#D5CFE8	#FEFEFE
1828	#EFDCDA	#FEFEFE
1829	#EFEDF6	#FEFEFE
1830	#D8D3EA	#FDFDFD
1831	#F2F0F8	#FEFEFE
1832	#E6E2F1	#FEFEFE
1833	#DDD9ED	#FEFEFE
1834	#EDD6D4	#FEFEFE
1835	#DDD9ED	#FEFEFE
1836	#FCF7F6	#FFFFFF
1837	#D9D4EA	#FCFCFC
1838	#B8B0D8	#FBFBFB
1839	#EDEAF5	#FEFEFE
1840	#F5F4FA	#FFFFFF
1841	#E1DDEF	#FDFDFD
1842	#EBD2CF	#FDFDFD
1843	#FEFDFC	#FFFFFF
1845	#EDEBF5	#FEFEFE
1846	#C1B9DD	#FBFBFB
1847	#FDFBFB	#FFFFFF
1848	#FBFBFD	#FFFFFF
1849	#EDEAF5	#FEFEFE
1850	#FBF7F6	#FFFFFF
1851	#E4E1F1	#FEFEFE
1852	#FBF6F5	#FFFFFF
1853	#C78E88	#FBFBFB
1854	#EFEDF6	#FEFEFE
1855	#F3E5E3	#FEFEFE
1856	#FFFFFF	#FFFFFF
1857	#F1E0DE	#FEFEFE
1858	#F7ECEA	#FFFFFF
1859	#F9F9FC	#FFFFFF
1860	#BEB6DC	#FCFCFC
1861	#DCD7EC	#FEFEFE
1862	#A197CC	#FBFBFB
1863	#F8EEED	#FFFFFF
1864	#ECE9F5	#FEFEFE
1865	#FEFCFC	#FFFFFF
1866	#E5E1F1	#FEFEFE
1867	#948AC5	#F9F9F9
1868	#EFECF6	#FEFEFE
1870	#DDD8EC	#FEFEFE
1871	#FEFDFD	#FFFFFF
1872	#F9F8FC	#FFFFFF
1873	#EEECF6	#FFFFFF
1874	#FBF6F5	#FFFFFF
1875	#FBF6F6	#FFFFFF
1876	#F7F5FA	#FFFFFF
1877	#E5E1F1	#FEFEFE
1878	#CF9D97	#FCFCFC
1879	#EEEBF6	#FEFEFE
1880	#FBF6F5	#FFFFFF
1881	#E6E2F1	#FEFEFE
1882	#DCD7EC	#FEFEFE
1883	#E4E0F0	#FEFEFE
1884	#CDC6E4	#FCFCFC
1885	#F7EDEC	#FFFFFF
1886	#EEECF6	#FEFEFE
1887	#F2F1F8	#FFFFFF
1888	#D9D4EA	#FCFCFC
1889	#9085C3	#F9F9F9
1890	#F2F0F8	#FFFFFF
1891	#E4E1F1	#FEFEFE
1892	#F5F4FA	#FFFFFF
1893	#FCFBFD	#FFFFFF
1894	#EFEDF6	#FEFEFE
1895	#CBC5E3	#FDFDFD
1896	#FBFAFD	#FFFFFF
1897	#FEFCFC	#FFFFFF
1898	#EFECF6	#FEFEFE
1899	#FAF9FC	#FFFFFF
1900	#FBF6F5	#FFFFFF
1901	#E5E1F1	#FEFEFE
1902	#D4A5A0	#FCFCFC
1903	#EEECF6	#FEFEFE
1904	#FCF7F6	#FFFFFF
1905	#DBB3AE	#FCFCFC
1906	#FEFDFD	#FFFFFF
1907	#CF9D97	#FCFCFC
1908	#CDC7E4	#FDFDFD
1909	#EEECF6	#FFFFFF
1910	#E6E3F2	#FEFEFE
1911	#EFECF6	#FEFEFE
1912	#E5E1F1	#FEFEFE
1913	#EFECF6	#FFFFFF
1915	#D3CEE7	#FBFBFB
1916	#FCFBFD	#FFFFFF
1917	#F1E0DE	#FEFEFE
1918	#E6C9C5	#FDFDFD
1919	#F2F0F8	#FEFEFE
1920	#FCFBFD	#FFFFFF
1921	#EEECF6	#FEFEFE
1922	#E5E1F1	#FEFEFE
1923	#FBFAFD	#FFFFFF
1924	#B7AFD8	#FAFAFA
1925	#E4E0F0	#FEFEFE
1926	#ECD5D2	#FEFEFE
1927	#E8CDCA	#FEFEFE
1928	#F7EDEC	#FEFEFE
1929	#F7EEEC	#FFFFFF
1930	#E6E3F1	#FEFEFE
1931	#F2E1DE	#FEFEFE
1932	#DEDAED	#FDFDFD
1933	#DCD8EC	#FEFEFE
1934	#F9F1EF	#FFFFFF
1935	#FBF6F6	#FFFFFF
1936	#BCB4DB	#F8F8F8
1937	#E2DEEF	#FDFDFD
1938	#E2C1BC	#FDFDFD
1939	#DCD7EC	#FEFEFE
1940	#F6F4FA	#FFFFFF
1941	#ECD4D1	#FDFDFD
1942	#FCFCFE	#FFFFFF
1943	#F1DFDD	#FEFEFE
1944	#C5BDDF	#FCFCFC
1945	#FFFEFE	#FFFFFF
1946	#F9F8FC	#FFFFFF
1947	#B7AFD8	#FDFDFD
1948	#E5E1F1	#FEFEFE
1949	#F1DFDD	#FEFEFE
1950	#EEECF6	#FEFEFE
1951	#FCF8F7	#FFFFFF
1952	#DCD7EC	#FEFEFE
1953	#F7EDEC	#FEFEFE
1954	#F6F5FA	#FFFFFF
1955	#E6E2F1	#FEFEFE
1956	#F9F1F0	#FFFFFF
1957	#FBF6F5	#FFFFFF
1959	#A79DCF	#FBFBFB
1960	#F7EEEC	#FFFFFF
1961	#FBFBFD	#FFFFFF
1962	#D4CEE8	#FDFDFD
1963	#F2F0F8	#FFFFFF
1964	#FEFDFD	#FFFFFF
1965	#D9D4EA	#FDFDFD
1966	#D0CAE6	#FCFCFC
1967	#F6F4FA	#FFFFFF
1968	#EFEDF6	#FFFFFF
1969	#E4E0F0	#FEFEFE
1971	#DCD7EC	#FEFEFE
1972	#BEB6DC	#FCFCFC
1973	#F7F5FA	#FFFFFF
1974	#FFFFFF	#FFFFFF
1975	#EFECF6	#FFFFFF
1976	#DCD7EC	#FEFEFE
1977	#F6F5FA	#FFFFFF
1978	#F9F2F1	#FFFFFF
1979	#EBE8F4	#FEFEFE
1980	#E5E2F1	#FEFEFE
1981	#DEDAED	#FDFDFD
1982	#BAB2D9	#F9F9F9
1983	#E6E2F1	#FEFEFE
1984	#FFFEFE	#FFFFFF
1985	#EDEAF5	#FEFEFE
1986	#FFFFFF	#FFFFFF
1987	#ECE9F5	#FEFEFE
1988	#DDD9ED	#FDFDFD
1989	#F7EDEB	#FFFFFF
1990	#DDD8EC	#FDFDFD
1991	#FBFAFD	#FFFFFF
1992	#E5E2F1	#FEFEFE
1993	#D9AFAA	#FDFDFD
1994	#F1E0DD	#FEFEFE
1995	#A79DCF	#FBFBFB
1996	#F6F5FA	#FFFFFF
1997	#DEDAED	#FEFEFE
1998	#E4E1F1	#FEFEFE
1999	#FBFAFD	#FFFFFF
2000	#DDD8EC	#FEFEFE
2001	#F7ECEB	#FFFFFF
2002	#F4E6E4	#FEFEFE
2003	#D9AFAA	#FDFDFD
2004	#CC9791	#FCFCFC
2005	#E8E5F2	#FEFEFE
2006	#F2F0F8	#FEFEFE
2007	#FAF9FC	#FFFFFF
2008	#F6F4FA	#FFFFFF
2009	#E8CDCA	#FEFEFE
2010	#F7ECEB	#FFFFFF
2011	#D4CFE8	#FEFEFE
2012	#E4E1F1	#FEFEFE
2013	#CDC7E4	#FCFCFC
2014	#A79ECF	#FBFBFB
2016	#F6F5FA	#FFFFFF
2017	#F9F8FC	#FFFFFF
2018	#E4E0F0	#FEFEFE
2019	#C4BDDF	#FCFCFC
2020	#ACA3D2	#F9F9F9
2021	#F8EEED	#FFFFFF
2022	#F9F8FC	#FFFFFF
2023	#EFEDF6	#FEFEFE
2024	#DED9ED	#FDFDFD
2025	#ECD5D2	#FEFEFE
2026	#F2F0F8	#FFFFFF
2027	#F9F1F0	#FFFFFF
2028	#F7F5FA	#FFFFFF
2029	#F7EDEC	#FEFEFE
2030	#FCF9F8	#FFFFFF
2031	#F4E5E3	#FEFEFE
2032	#F2F0F8	#FFFFFF
2033	#F7F5FA	#FFFFFF
2034	#DDD8EC	#FDFDFD
2035	#FBFBFD	#FFFFFF
2036	#F0DDDB	#FEFEFE
2037	#EEECF6	#FEFEFE
2038	#F2F0F8	#FEFEFE
2039	#EBE8F4	#FEFEFE
2040	#FDFDFE	#FFFFFF
2041	#F5F3F9	#FFFFFF
2042	#FBF6F5	#FFFFFF
2043	#EFDCD9	#FEFEFE
2044	#E9E5F3	#FEFEFE
2045	#FBFBFD	#FFFFFF
2046	#F9F0EF	#FFFFFF
2047	#D4CEE8	#FDFDFD
2048	#F9F9FC	#FFFFFF
2049	#B7AED8	#FDFDFD
2050	#9A90C8	#FAFAFA
2051	#CC9791	#FCFCFC
2052	#FAF9FC	#FFFFFF
2053	#E8CDCA	#FEFEFE
2054	#CC9791	#FCFCFC
2055	#F9F2F1	#FFFFFF
2056	#F9F8FC	#FFFFFF
2057	#D4CEE8	#FDFDFD
2058	#FAF9FC	#FFFFFF
2059	#D4CFE8	#FDFDFD
2060	#C3BBDE	#FDFDFD
2061	#DCD7EC	#FEFEFE
2062	#B7AFD8	#FDFDFD
2063	#EBD3D0	#FEFEFE
2064	#E5E1F1	#FEFEFE
2065	#F1E0DE	#FEFEFE
2066	#D3CEE7	#FDFDFD
2067	#E5E1F1	#FEFEFE
2068	#CBC5E3	#FCFCFC
2069	#EEECF6	#FFFFFF
2070	#EFEDF6	#FEFEFE
2072	#CBC5E3	#FDFDFD
2073	#DDD8EC	#FEFEFE
2074	#EDEAF5	#FEFEFE
2075	#FDFBFB	#FFFFFF
2076	#FAF9FC	#FFFFFF
2077	#E9CECA	#FEFEFE
2078	#D3CEE7	#FDFDFD
2079	#F7F6FB	#FFFFFF
2080	#DCD8EC	#FDFDFD
2081	#E4E0F0	#FEFEFE
2082	#9B90C8	#FAFAFA
2083	#E8E4F2	#FEFEFE
2084	#F7ECEB	#FFFFFF
2085	#D3CDE7	#FDFDFD
2086	#FCF8F7	#FFFFFF
2087	#EAE7F4	#FEFEFE
2088	#E5E1F1	#FEFEFE
2089	#CBC4E3	#FCFCFC
2090	#FAF4F3	#FFFFFF
2091	#F5E7E5	#FEFEFE
2092	#F9F1F0	#FFFFFF
2093	#E6E2F1	#FEFEFE
2094	#DEDAED	#FEFEFE
2095	#DCD8EC	#FEFEFE
2096	#DDD8EC	#FEFEFE
2097	#C4BDDF	#FCFCFC
2098	#C3BBDE	#FDFDFD
2099	#F7ECEB	#FFFFFF
2100	#A79ECF	#FBFBFB
2101	#C4BDDF	#FCFCFC
2102	#F7EDEC	#FEFEFE
2103	#F8F7FB	#FFFFFF
2104	#C0847D	#FAFAFA
2105	#FBF6F5	#FFFFFF
2106	#E6E3F2	#FEFEFE
2107	#F8EFED	#FFFFFF
2108	#FAF9FC	#FFFFFF
2109	#DDD8EC	#FEFEFE
2110	#DCD7EC	#FEFEFE
2111	#CCC5E3	#FDFDFD
2112	#E7E3F2	#FEFEFE
2113	#FBFAFD	#FFFFFF
2114	#C3BBDE	#FDFDFD
2115	#E8E5F3	#FEFEFE
2117	#F2F0F8	#FFFFFF
2118	#D4CEE8	#FDFDFD
2119	#EFEDF6	#FEFEFE
2120	#FBF6F6	#FFFFFF
2121	#F9F8FC	#FFFFFF
2122	#EAE7F4	#FEFEFE
2123	#D4CEE7	#FDFDFD
2124	#EFEDF6	#FEFEFE
2125	#E6E2F1	#FEFEFE
2126	#C4BCDF	#FCFCFC
2127	#FAF9FC	#FFFFFF
2128	#EEECF6	#FEFEFE
2129	#FEFDFD	#FFFFFF
2130	#E5E2F1	#FEFEFE
2131	#FDFAFA	#FFFFFF
2132	#F2F0F8	#FEFEFE
2133	#E5E2F1	#FEFEFE
2134	#F9F8FC	#FFFFFF
2135	#DEDAED	#FEFEFE
2136	#F2F0F8	#FEFEFE
2137	#F2F0F8	#FFFFFF
2138	#DEBAB5	#FCFCFC
2139	#E6C8C4	#FDFDFD
2140	#FBFAFD	#FFFFFF
2141	#F1E0DE	#FEFEFE
2142	#F1DFDD	#FEFEFE
2143	#D4CEE8	#FDFDFD
2144	#B7AFD8	#FDFDFD
2145	#B8AFD8	#FDFDFD
2146	#E5E1F1	#FEFEFE
2147	#CCC5E3	#FDFDFD
2148	#C7C0E0	#FCFCFC
2149	#E7E4F2	#FEFEFE
2150	#E8E5F3	#FEFEFE
2151	#DDD8EC	#FEFEFE
2152	#F1DFDC	#FEFEFE
2153	#E9E6F3	#FEFEFE
2154	#CC9791	#FCFCFC
2155	#EBD2CF	#FDFDFD
2156	#CF9D97	#FCFCFC
2157	#FAF9FC	#FFFFFF
2158	#F9F9FC	#FFFFFF
2159	#FBF6F5	#FFFFFF
2160	#FAF9FC	#FFFFFF
2161	#B7AFD8	#FDFDFD
2162	#F8EEED	#FFFFFF
2163	#F8EEED	#FFFFFF
2164	#CDC7E4	#FCFCFC
2166	#D4A59F	#FCFCFC
2167	#E4E1F1	#FEFEFE
2168	#E5E2F1	#FEFEFE
2169	#AEA5D3	#FCFCFC
2170	#EEECF6	#FEFEFE
2171	#D5D0E8	#FCFCFC
2173	#F7EDEC	#FEFEFE
2174	#E4E1F1	#FEFEFE
2175	#F1E0DE	#FEFEFE
2176	#FDFAFA	#FFFFFF
2177	#EEECF6	#FEFEFE
2178	#DCD7EC	#FEFEFE
2179	#ECE9F5	#FEFEFE
2180	#D7D2EA	#FDFDFD
2181	#EEECF6	#FEFEFE
2182	#DEDAED	#FDFDFD
2183	#F2F1F8	#FFFFFF
2184	#C2BADE	#FBFBFB
2185	#EED9D6	#FEFEFE
2186	#ECD5D2	#FEFEFE
2187	#EFEDF6	#FEFEFE
2188	#FBF6F5	#FFFFFF
2189	#EAE7F4	#FEFEFE
2190	#D0CAE6	#FCFCFC
2191	#FAF4F3	#FFFFFF
2192	#FDFCFE	#FFFFFF
2193	#F6F4FA	#FFFFFF
2194	#F7ECEB	#FFFFFF
2195	#EEECF6	#FFFFFF
2196	#EFECF6	#FEFEFE
2197	#DED9ED	#FDFDFD
2198	#D5CFE8	#FDFDFD
2199	#E5E1F1	#FEFEFE
2200	#EEEBF6	#FFFFFF
2201	#F6F5FA	#FFFFFF
2202	#ECD6D3	#FEFEFE
2203	#F6F5FA	#FFFFFF
2204	#E6C8C4	#FDFDFD
2205	#EED9D6	#FDFDFD
2206	#F8EEED	#FFFFFF
2207	#EFEDF7	#FFFFFF
2208	#F6F5FA	#FFFFFF
2209	#C3BBDE	#FDFDFD
2210	#EFECF6	#FFFFFF
2211	#FBF6F5	#FFFFFF
2212	#FAF9FC	#FFFFFF
2213	#D1CBE6	#FCFCFC
2214	#C3BBDE	#FDFDFD
2215	#E9E5F3	#FEFEFE
2216	#F4E6E4	#FEFEFE
2218	#EEECF6	#FEFEFE
2219	#FEFDFC	#FFFFFF
2220	#EFECF6	#FEFEFE
2221	#EEECF6	#FEFEFE
2222	#E2DEEF	#FDFDFD
2223	#F7ECEB	#FFFFFF
2224	#AEA5D3	#FCFCFC
2225	#D9D4EB	#FDFDFD
2226	#D4CEE8	#FDFDFD
2227	#E8E4F2	#FEFEFE
2228	#F1DFDD	#FEFEFE
2229	#F2F0F8	#FEFEFE
2230	#CCC5E3	#FDFDFD
2231	#F9F1F0	#FFFFFF
2232	#E2C0BC	#FDFDFD
2233	#FCF8F7	#FFFFFF
2234	#FEFCFC	#FFFFFF
2235	#F9F8FC	#FFFFFF
2236	#CEC7E4	#FDFDFD
2237	#CCC5E3	#FDFDFD
2238	#FDFDFE	#FFFFFF
2239	#F7EDEC	#FEFEFE
2240	#EED9D6	#FDFDFD
2241	#D3CEE7	#FDFDFD
2242	#FAF4F3	#FFFFFF
2243	#FBF6F5	#FFFFFF
2244	#F8EEED	#FFFFFF
2245	#FBFAFD	#FFFFFF
2246	#CCC5E3	#FDFDFD
2247	#F2F0F8	#FFFFFF
2248	#EEECF6	#FEFEFE
2249	#EBD4D0	#FEFEFE
2250	#F1DFDD	#FEFEFE
2251	#FEFCFC	#FFFFFF
2252	#F9F9FC	#FFFFFF
2253	#D4CEE8	#FDFDFD
2254	#F7ECEB	#FFFFFF
2255	#F8EEED	#FFFFFF
2256	#F4E6E4	#FEFEFE
2257	#DDD8EC	#FEFEFE
2258	#D8D3EA	#FDFDFD
2259	#FBFAFD	#FFFFFF
2260	#F2F1F8	#FFFFFF
2261	#E4E1F1	#FEFEFE
2262	#F9F8FC	#FFFFFF
2263	#FAFAFC	#FFFFFF
2264	#FBF7F6	#FFFFFF
2265	#EFECF6	#FFFFFF
2266	#F8EEED	#FFFFFF
2267	#DED9ED	#FEFEFE
2268	#EAE7F4	#FEFEFE
2269	#DCD7EC	#FEFEFE
2270	#CBC5E3	#FDFDFD
2271	#FCF7F6	#FFFFFF
2272	#F9F1F0	#FFFFFF
2274	#D8D2EA	#FBFBFB
2275	#D9D4EA	#FCFCFC
2276	#E6E2F1	#FDFDFD
2277	#D1CAE6	#FBFBFB
2278	#DFDAEE	#FCFCFC
2279	#FEFDFD	#FFFFFF
2280	#F6F4FA	#FFFFFF
2281	#FBFBFD	#FFFFFF
2282	#DED9ED	#FCFCFC
2283	#F3E5E3	#FEFEFE
2284	#DEDAED	#FEFEFE
2285	#F9F2F1	#FFFFFF
2286	#D6D1E9	#FBFBFB
2287	#D7D2E9	#FDFDFD
2288	#9B90C8	#FAFAFA
2289	#C1BADD	#FBFBFB
2290	#F6EBEA	#FFFFFF
2291	#FFFEFE	#FFFFFF
2292	#E5E1F1	#FEFEFE
2293	#FBFBFD	#FFFFFF
2294	#D5D0E8	#FCFCFC
2295	#F0EEF7	#FEFEFE
2296	#CCC5E3	#FDFDFD
2297	#ECEAF5	#FEFEFE
2298	#F2F0F8	#FEFEFE
2299	#DDD9ED	#FDFDFD
2300	#CBC5E3	#FDFDFD
2301	#D6D0E9	#FCFCFC
2302	#DAD5EB	#FCFCFC
2303	#D0CAE6	#FCFCFC
2304	#E6E3F2	#FEFEFE
2305	#E6E3F1	#FEFEFE
2306	#F2F0F8	#FFFFFF
2307	#FDFDFE	#FFFFFF
2308	#DAD5EB	#FBFBFB
2309	#FDFBFA	#FFFFFF
2310	#FCFBFD	#FFFFFF
2311	#D4CEE7	#FCFCFC
2312	#FDFAFA	#FFFFFF
2313	#EFECF6	#FFFFFF
2314	#EFEDF6	#FEFEFE
2315	#F1E0DE	#FEFEFE
2316	#E2DEEF	#FDFDFD
2317	#D8D2EA	#FDFDFD
2319	#E4E0F0	#FDFDFD
2320	#CAC3E2	#FAFAFA
2321	#EFECF6	#FEFEFE
2322	#CAC3E2	#F9F9F9
2323	#D6D0E9	#FCFCFC
2324	#E6E2F1	#FDFDFD
2325	#D3CDE7	#FCFCFC
2326	#D7D1E9	#FCFCFC
2327	#E8E5F3	#FDFDFD
2328	#EDEAF5	#FEFEFE
2329	#F6E9E8	#FEFEFE
2330	#E6E3F2	#FEFEFE
2331	#FCF9F8	#FFFFFF
2332	#E1DCEE	#FDFDFD
2333	#FAF4F4	#FFFFFF
2334	#D7D2EA	#FDFDFD
2335	#DED9ED	#FDFDFD
2336	#E2DEEF	#FDFDFD
2337	#ECE9F5	#FEFEFE
2338	#EFEDF6	#FEFEFE
2339	#CDC7E4	#FDFDFD
2340	#F7EEEC	#FFFFFF
2341	#F1DFDD	#FEFEFE
2342	#CDC6E4	#FCFCFC
2343	#DEDAED	#FEFEFE
2344	#B4ABD6	#F9F9F9
2345	#D5CFE8	#FDFDFD
2346	#D7D2E9	#FDFDFD
2347	#FAF9FC	#FFFFFF
2348	#D4CEE8	#FAFAFA
2349	#DDD8EC	#FDFDFD
2350	#EDEAF5	#FEFEFE
2351	#DDD9ED	#FEFEFE
2352	#D3CDE7	#FDFDFD
2353	#D2CCE6	#FCFCFC
2354	#F9F2F1	#FFFFFF
2355	#C4BDDF	#FCFCFC
2356	#EAE7F4	#FEFEFE
2357	#FFFEFE	#FFFFFF
2358	#FEFDFE	#FFFFFF
2359	#D9D4EA	#FBFBFB
2360	#EDEAF5	#FEFEFE
2361	#D4CEE8	#FCFCFC
2362	#E1BEB9	#FDFDFD
2363	#FBFAFD	#FFFFFF
2364	#ECD5D2	#FEFEFE
2365	#E6E2F1	#FEFEFE
2366	#FCFCFE	#FFFFFF
2367	#D1CBE6	#FCFCFC
2368	#D2CCE6	#FCFCFC
2369	#EFECF6	#FEFEFE
2370	#DED9ED	#FDFDFD
2371	#D8D3EA	#FBFBFB
2372	#EBE8F4	#FDFDFD
2373	#EBE8F4	#FEFEFE
2375	#E9CECA	#FEFEFE
2376	#D2CCE7	#FBFBFB
2377	#DCD7EC	#FEFEFE
2378	#F2F0F8	#FFFFFF
2379	#F1E0DE	#FEFEFE
2380	#C9938C	#FBFBFB
2381	#E8E4F2	#FEFEFE
2382	#F6F4FA	#FFFFFF
2383	#F1E0DD	#FEFEFE
2384	#E8E5F3	#FEFEFE
2385	#EFECF6	#FEFEFE
2386	#F3F2F9	#FEFEFE
2387	#EEEBF6	#FFFFFF
2388	#FCF7F7	#FFFFFF
2389	#ECE9F5	#FEFEFE
2390	#F6EAE9	#FEFEFE
2391	#F7F6FB	#FFFFFF
2392	#F5E8E6	#FEFEFE
2393	#F0DDDA	#FEFEFE
2394	#FEFDFC	#FFFFFF
2395	#FBF5F5	#FFFFFF
2396	#E9E5F3	#FEFEFE
2397	#F9F9FC	#FFFFFF
2398	#E5E2F1	#FEFEFE
2399	#D3CDE7	#FDFDFD
2400	#E8E5F3	#FEFEFE
2401	#F9F8FC	#FFFFFF
2402	#D7D1E9	#FDFDFD
2403	#DEDAED	#FDFDFD
2404	#FFFEFE	#FFFFFF
2405	#D4CEE8	#FCFCFC
2406	#EEECF6	#FFFFFF
2407	#E9CECA	#FEFEFE
2408	#FEFDFD	#FFFFFF
2409	#D9D4EB	#FCFCFC
2410	#F6F5FA	#FFFFFF
2411	#A89ED0	#FBFBFB
2412	#D3CEE7	#FDFDFD
2413	#EBD4D0	#FEFEFE
2414	#EFECF6	#FFFFFF
2415	#FBFAFD	#FFFFFF
2416	#EED9D6	#FEFEFE
2417	#F1E0DD	#FEFEFE
2418	#F9F8FC	#FFFFFF
2420	#F0EEF7	#FEFEFE
2421	#FBFBFD	#FFFFFF
2422	#CCC5E3	#FCFCFC
2423	#CEC7E4	#FDFDFD
2424	#DDD9ED	#FEFEFE
2425	#DDD9ED	#FDFDFD
2426	#F9F1F0	#FFFFFF
2427	#F2F1F8	#FFFFFF
2428	#F7EDEB	#FFFFFF
2429	#C4BDDF	#FCFCFC
2430	#F1DFDD	#FEFEFE
2431	#FBFAFD	#FFFFFF
2432	#D4CEE8	#FDFDFD
2433	#F1E0DD	#FEFEFE
2434	#FCF7F7	#FFFFFF
2435	#CCC5E3	#FDFDFD
2436	#ECE9F5	#FEFEFE
2437	#FBFBFD	#FFFFFF
2438	#DCD7EC	#FEFEFE
2439	#E5E2F1	#FEFEFE
2440	#EEEBF6	#FEFEFE
2441	#F5F3F9	#FFFFFF
2442	#F2F0F8	#FFFFFF
2443	#DFBCB7	#FCFCFC
2444	#E6C8C4	#FDFDFD
2445	#F7ECEB	#FFFFFF
2446	#F8EEED	#FFFFFF
2447	#FAF9FC	#FFFFFF
2448	#F7EDEB	#FFFFFF
2449	#C4BDDF	#FCFCFC
2450	#FBF7F6	#FFFFFF
2451	#EEECF6	#FFFFFF
2452	#EFEDF6	#FEFEFE
2453	#F2F0F8	#FFFFFF
2454	#F8EEED	#FFFFFF
2455	#EDEBF5	#FEFEFE
2456	#E6E2F1	#FEFEFE
2457	#F9F1F0	#FFFFFF
2458	#B7AFD8	#FDFDFD
2459	#FBFAFD	#FFFFFF
2460	#FEFDFD	#FFFFFF
2461	#FAF9FC	#FFFFFF
2462	#FBF7F6	#FFFFFF
2463	#EEECF6	#FFFFFF
2464	#D5CFE8	#FEFEFE
2465	#CBC5E3	#FDFDFD
2466	#F1E0DE	#FEFEFE
2467	#EFEDF6	#FEFEFE
2468	#DEDAED	#FDFDFD
2469	#F8EEED	#FFFFFF
2470	#E3DFF0	#FEFEFE
2471	#FDFAFA	#FFFFFF
2472	#C7C0E1	#FCFCFC
2473	#D8D3EA	#FDFDFD
2474	#EEECF6	#FFFFFF
2476	#FCFBFD	#FFFFFF
2477	#ECEAF5	#FEFEFE
2478	#F9F9FC	#FFFFFF
2479	#F7F5FB	#FFFFFF
2480	#E6E2F1	#FEFEFE
2481	#9A90C8	#FAFAFA
2482	#EBD3D0	#FEFEFE
2483	#F9F1F0	#FFFFFF
2484	#DED9ED	#FEFEFE
2485	#D8D3EA	#FDFDFD
2486	#D1CAE6	#FCFCFC
2487	#FAF3F3	#FFFFFF
2488	#DDD8ED	#FEFEFE
2489	#FBFAFD	#FFFFFF
2490	#EFECF6	#FEFEFE
2491	#F6F4FA	#FFFFFF
2492	#F2F0F8	#FFFFFF
2493	#E3C3BF	#FDFDFD
2494	#F1DFDD	#FEFEFE
2495	#EFECF6	#FFFFFF
2496	#DDD8ED	#FEFEFE
2497	#E8E5F3	#FEFEFE
2498	#E4E1F1	#FEFEFE
2499	#CDC7E4	#FCFCFC
2500	#E4C4C0	#FDFDFD
2501	#BEB6DB	#FCFCFC
2502	#EFEDF6	#FEFEFE
2503	#C4BDDF	#FCFCFC
2504	#F7EDEB	#FFFFFF
2505	#E6C8C4	#FDFDFD
2506	#C3BBDE	#FDFDFD
2507	#FEFDFD	#FFFFFF
2508	#D4CEE8	#FEFEFE
2509	#F1E0DD	#FEFEFE
2510	#EEEBF6	#FEFEFE
2511	#EFECF6	#FEFEFE
2512	#F9F1F0	#FFFFFF
2513	#E8E5F2	#FEFEFE
2514	#FBF5F5	#FFFFFF
2515	#FCFBFD	#FFFFFF
2516	#FBF6F6	#FFFFFF
2517	#F8EEED	#FFFFFF
2518	#F6F5FA	#FFFFFF
2519	#C8C0E1	#FCFCFC
2521	#DDD9ED	#FEFEFE
2522	#F6F5FA	#FFFFFF
2523	#D4CEE8	#FDFDFD
2524	#FEFCFC	#FFFFFF
2525	#EDEBF5	#FEFEFE
2526	#DCD7EC	#FEFEFE
2527	#E5E1F1	#FEFEFE
2528	#ECEAF5	#FEFEFE
2529	#ECD5D2	#FEFEFE
2530	#D5CFE8	#FDFDFD
2531	#F9F8FC	#FFFFFF
2532	#FFFFFF	#FFFFFF
2533	#C6BFE0	#FBFBFB
2534	#E6E3F2	#FEFEFE
2535	#F6F5FA	#FFFFFF
2536	#FEFEFE	#FFFFFF
2537	#F7EDEB	#FFFFFF
2538	#FEFDFE	#FFFFFF
2539	#EDEBF5	#FEFEFE
2540	#ECEAF5	#FEFEFE
2541	#FEFDFD	#FFFFFF
2542	#E1BEB9	#FDFDFD
2543	#EBD4D1	#FDFDFD
2544	#D3A59F	#FCFCFC
2545	#F8EEED	#FFFFFF
2546	#F9F1F0	#FFFFFF
2547	#E5E2F1	#FEFEFE
2548	#B8AFD8	#FDFDFD
2549	#DCD7EC	#FEFEFE
2550	#AEA5D3	#FCFCFC
2551	#DFDAED	#FDFDFD
2552	#E6E3F2	#FEFEFE
2553	#E6E2F1	#FEFEFE
2554	#E6C8C4	#FDFDFD
2555	#DDD9ED	#FDFDFD
2556	#E5E2F1	#FEFEFE
2557	#E9E5F3	#FEFEFE
2558	#E9E5F3	#FEFEFE
2559	#FAFAFC	#FFFFFF
2560	#E6E3F2	#FEFEFE
2561	#DEDAED	#FDFDFD
2562	#EFEDF6	#FEFEFE
2563	#FEFDFD	#FFFFFF
2564	#E9E6F3	#FEFEFE
2565	#FAF9FC	#FFFFFF
2566	#E8E5F3	#FEFEFE
2567	#EDD7D4	#FEFEFE
2568	#F7EEEC	#FFFFFF
2569	#E8CECA	#FEFEFE
2570	#E8E5F3	#FEFEFE
2571	#CCC5E3	#FDFDFD
2572	#E5E2F1	#FEFEFE
2573	#F7EDEC	#FEFEFE
2574	#EDEAF5	#FEFEFE
2575	#FEFDFD	#FFFFFF
2577	#FBF6F5	#FFFFFF
2578	#F2F0F8	#FFFFFF
2579	#D4CEE8	#FEFEFE
2580	#FAFAFD	#FFFFFF
2581	#EEECF6	#FEFEFE
2582	#F7EDEB	#FFFFFF
2583	#FAF9FC	#FFFFFF
2584	#B7AED8	#FBFBFB
2585	#E3DFF0	#FEFEFE
2586	#F9F1F0	#FFFFFF
2587	#F7ECEB	#FFFFFF
2588	#FCFCFE	#FFFFFF
2589	#C3BBDE	#FDFDFD
2590	#FCF9F8	#FFFFFF
2591	#EAE7F4	#FEFEFE
2592	#F1E0DE	#FEFEFE
2593	#EEECF6	#FEFEFE
2594	#EBD4D0	#FEFEFE
2595	#F1DFDD	#FEFEFE
2596	#E3E0F0	#FEFEFE
2597	#AEA5D3	#FCFCFC
2598	#EEECF6	#FFFFFF
2599	#EFECF6	#FFFFFF
2600	#E5E1F1	#FEFEFE
2601	#DDD8ED	#FEFEFE
2602	#EBD4D0	#FEFEFE
2603	#EEECF6	#FFFFFF
2604	#D5CFE8	#FDFDFD
2605	#B7AFD8	#FDFDFD
2606	#FBF7F6	#FFFFFF
2607	#D9B0AB	#FDFDFD
2608	#D5CFE8	#FDFDFD
2609	#D4CEE7	#FDFDFD
2610	#DDD8EC	#FEFEFE
2611	#F8EEED	#FFFFFF
2612	#DCD8EC	#FEFEFE
2613	#FBF6F5	#FFFFFF
2614	#FAF9FC	#FFFFFF
2615	#F7EDEC	#FEFEFE
2616	#ECD5D2	#FEFEFE
2617	#FDFBFA	#FFFFFF
2618	#A79DCF	#FBFBFB
2619	#E5E1F1	#FEFEFE
2620	#AFA6D3	#FCFCFC
2622	#DCD8EC	#FEFEFE
2623	#DED9ED	#FDFDFD
2624	#F6EAE8	#FEFEFE
2625	#DED9ED	#FDFDFD
2626	#DDD8EC	#FEFEFE
2627	#E6E2F1	#FEFEFE
2628	#FBF6F5	#FFFFFF
2629	#D8D3EA	#FDFDFD
2630	#DCD7EC	#FEFEFE
2631	#D3CEE7	#FDFDFD
2632	#D1CBE6	#FCFCFC
2633	#CBC5E3	#FDFDFD
2634	#FBF6F5	#FFFFFF
2635	#E5E2F1	#FEFEFE
2636	#EFEDF6	#FEFEFE
2637	#C4BCDF	#FCFCFC
2638	#F9F1F0	#FFFFFF
2639	#DDD9ED	#FDFDFD
2640	#E9E6F3	#FEFEFE
2641	#FAF3F2	#FFFFFF
2642	#C68D86	#FBFBFB
2643	#F1DFDD	#FEFEFE
2644	#DCD7EC	#FEFEFE
2645	#CBC4E3	#FDFDFD
2646	#FAF9FC	#FFFFFF
2647	#EFEDF6	#FEFEFE
2648	#FAFAFC	#FFFFFF
2649	#FBF6F6	#FFFFFF
2650	#D4CEE7	#FDFDFD
2651	#F7F5FA	#FFFFFF
2652	#EFECF6	#FEFEFE
2653	#D4CEE8	#FEFEFE
2654	#DDD8EC	#FEFEFE
2655	#ECD5D2	#FEFEFE
2656	#EDEAF5	#FEFEFE
2657	#F9F9FC	#FFFFFF
2658	#E4E1F1	#FEFEFE
2659	#EEECF6	#FEFEFE
2660	#FBFAFD	#FFFFFF
2661	#FBFAFD	#FFFFFF
2662	#D5CFE8	#FDFDFD
2663	#F8EEED	#FFFFFF
2664	#E1BEBA	#FEFEFE
2665	#F7ECEB	#FFFFFF
2666	#F9F1F0	#FFFFFF
2667	#DEDAED	#FDFDFD
2668	#F4E5E4	#FEFEFE
2669	#E5E1F1	#FEFEFE
2670	#DCD7EC	#FEFEFE
2671	#D4CEE7	#FDFDFD
2672	#D8D2EA	#FDFDFD
2673	#E5E2F1	#FEFEFE
2674	#C6BFE0	#FBFBFB
2675	#DFBBB6	#FCFCFC
2676	#ECE9F5	#FEFEFE
2678	#F8EEED	#FFFFFF
2679	#E6E3F2	#FEFEFE
2680	#D4CEE8	#FDFDFD
2681	#F7EDEC	#FFFFFF
2682	#FBFAFD	#FFFFFF
2683	#F6F5FA	#FFFFFF
2684	#FCFCFD	#FFFFFF
2685	#D1CBE6	#FCFCFC
2686	#C1BADE	#FBFBFB
2687	#EFEDF7	#FFFFFF
2688	#FCFBFD	#FFFFFF
2689	#E6C9C5	#FDFDFD
2690	#C7C0E1	#FCFCFC
2691	#FCF7F7	#FFFFFF
2692	#F1E0DE	#FEFEFE
2693	#F6F4FA	#FFFFFF
2694	#F1DFDD	#FEFEFE
2695	#D9B0AB	#FDFDFD
2696	#F4E5E4	#FEFEFE
2697	#FBFAFD	#FFFFFF
2698	#F4E6E4	#FEFEFE
2699	#FEFDFC	#FFFFFF
2700	#EFEDF7	#FFFFFF
2701	#E5E1F1	#FEFEFE
2702	#D7D2E9	#FDFDFD
2703	#EEECF6	#FEFEFE
2704	#FFFEFE	#FFFFFF
2705	#E2C1BD	#FDFDFD
2706	#DEDAED	#FEFEFE
2707	#EBD4D0	#FEFEFE
2708	#F4E5E3	#FEFEFE
2709	#E9E5F3	#FEFEFE
2710	#D1CBE6	#FCFCFC
2711	#D4CEE8	#FEFEFE
2712	#DEDAED	#FDFDFD
2713	#F6F5FA	#FFFFFF
2714	#FBFAFD	#FFFFFF
2715	#C3BBDE	#FDFDFD
2716	#EEECF6	#FEFEFE
2717	#F8EEEC	#FFFFFF
2718	#FBFAFD	#FFFFFF
2719	#E4E1F1	#FEFEFE
2720	#C3BBDE	#FDFDFD
2721	#E5E1F1	#FEFEFE
2723	#E7E3F2	#FEFEFE
2724	#FFFEFE	#FFFFFF
2725	#E3DFF0	#FDFDFD
2726	#FFFEFF	#FFFFFF
2727	#F1DFDD	#FEFEFE
2728	#F8EFED	#FFFFFF
2729	#CBC5E3	#FDFDFD
2730	#FEFDFD	#FFFFFF
2731	#E4E1F1	#FEFEFE
2732	#F9F8FC	#FFFFFF
2733	#9A90C8	#FAFAFA
2734	#D3CEE7	#FDFDFD
2735	#948AC5	#F9F9F9
2736	#DFDAED	#FEFEFE
2737	#FEFEFE	#FFFFFF
2738	#FBF6F6	#FFFFFF
2739	#FDFBFB	#FFFFFF
2740	#EFECF6	#FEFEFE
2741	#CEC7E4	#FCFCFC
2742	#FBFBFD	#FFFFFF
2743	#FAF4F3	#FFFFFF
2744	#F7EDEB	#FFFFFF
2745	#ECEAF5	#FEFEFE
2746	#FFFFFF	#FFFFFF
2747	#E5E2F1	#FEFEFE
2748	#E1BEB9	#FDFDFD
2749	#ECD5D2	#FEFEFE
2750	#B7AFD8	#FDFDFD
2751	#FBF6F5	#FFFFFF
2752	#DED9ED	#FEFEFE
2753	#C5BDDF	#FCFCFC
2754	#EFECF6	#FEFEFE
2755	#ECD5D2	#FEFEFE
2756	#EEECF6	#FFFFFF
2757	#FEFCFC	#FFFFFF
2758	#C3BBDE	#FDFDFD
2759	#E9E5F3	#FEFEFE
2760	#B8AFD8	#FBFBFB
2761	#EDEBF5	#FEFEFE
2762	#FAFAFC	#FFFFFF
2763	#E1DDEF	#FDFDFD
2764	#D4CEE8	#FEFEFE
2765	#DBD6EB	#FEFEFE
2766	#F0DCDA	#FEFEFE
2767	#FBFBFD	#FFFFFF
2768	#F2F0F8	#FFFFFF
2769	#E9E6F3	#FEFEFE
2770	#D5CFE8	#FEFEFE
2771	#CBC4E3	#FDFDFD
2772	#EAE7F4	#FEFEFE
2773	#C9C3E2	#FBFBFB
2774	#FBFBFD	#FFFFFF
2775	#EAE7F3	#FEFEFE
2776	#D0CAE6	#FCFCFC
2777	#AFA5D3	#FCFCFC
2779	#B7AED8	#FBFBFB
2780	#FBFBFD	#FFFFFF
2781	#F4E6E4	#FEFEFE
2782	#FBF6F6	#FFFFFF
2783	#FBFBFD	#FFFFFF
2784	#EFDCD9	#FEFEFE
2785	#F6F5FA	#FFFFFF
2786	#D4CEE8	#FCFCFC
2787	#E3E0F0	#FEFEFE
2788	#C6BEE0	#FBFBFB
2789	#FCF7F6	#FFFFFF
2790	#CAC3E2	#FBFBFB
2791	#EFECF6	#FFFFFF
2792	#ECEAF5	#FEFEFE
2793	#F4E7E5	#FEFEFE
2794	#F1E0DD	#FEFEFE
2795	#D3CDE7	#FDFDFD
2796	#D9B0AB	#FDFDFD
2797	#F1E0DE	#FEFEFE
2798	#C5BDDF	#FCFCFC
2799	#FBFAFD	#FFFFFF
2800	#DDD8EC	#FEFEFE
2801	#E9E5F3	#FEFEFE
2802	#FFFFFF	#FFFFFF
2803	#CDC7E4	#FCFCFC
2804	#CCC5E3	#FDFDFD
2805	#F2E1DE	#FEFEFE
2806	#E9CECA	#FEFEFE
2807	#FBF6F6	#FFFFFF
2808	#C3BBDE	#FDFDFD
2809	#D4CFE8	#FEFEFE
2810	#C3BBDE	#FDFDFD
2811	#EBD4D0	#FEFEFE
2812	#C3BBDE	#FDFDFD
2813	#DED9ED	#FDFDFD
2815	#F6F4FA	#FFFFFF
2816	#FAF9FC	#FFFFFF
2817	#E4E0F0	#FEFEFE
2818	#F2F0F8	#FEFEFE
2819	#D4CEE7	#FDFDFD
2820	#D9B0AA	#FDFDFD
2821	#EBD4D0	#FEFEFE
2822	#C3BBDE	#FDFDFD
2824	#CFC9E5	#FBFBFB
2825	#E6E3F1	#FEFEFE
2826	#ECD5D3	#FEFEFE
2827	#FBF6F5	#FFFFFF
2828	#D7D2E9	#FDFDFD
2829	#D4CEE7	#FDFDFD
2830	#CBC4E3	#FDFDFD
2831	#FCFBFD	#FFFFFF
2832	#D6D1E9	#FDFDFD
2833	#D6D1E9	#FDFDFD
2834	#D3A59F	#FCFCFC
2835	#D3CEE7	#FDFDFD
2836	#CEC8E4	#FDFDFD
2837	#FBF6F6	#FFFFFF
2838	#E4E1F1	#FEFEFE
2839	#C4BCDF	#FCFCFC
2840	#C7C0E0	#FCFCFC
2841	#ECD5D2	#FEFEFE
2842	#D9D3EA	#FDFDFD
2843	#DFDAED	#FDFDFD
2844	#CB9790	#FCFCFC
2845	#F6EAE8	#FEFEFE
2846	#ECD5D2	#FEFEFE
2847	#F1DFDD	#FEFEFE
2848	#F8EEED	#FFFFFF
2849	#DDD8EC	#FEFEFE
2850	#E5E1F1	#FEFEFE
2851	#DCD7EC	#FEFEFE
2852	#B7AFD8	#FDFDFD
2853	#FBF6F6	#FFFFFF
2854	#EFEDF6	#FEFEFE
2855	#DDD9ED	#FEFEFE
2856	#F8EEED	#FFFFFF
2857	#B7AFD8	#FDFDFD
2858	#F7EDEB	#FFFFFF
2859	#D8D3EA	#FDFDFD
2860	#FAFAFC	#FFFFFF
2861	#E9CECB	#FEFEFE
2862	#D4CEE8	#FDFDFD
2863	#ECD5D2	#FEFEFE
2864	#FCF8F7	#FFFFFF
2865	#DDD8EC	#FEFEFE
2866	#F1DFDD	#FEFEFE
2867	#FBFAFD	#FFFFFF
2868	#E4E1F1	#FEFEFE
2869	#C3BBDE	#FDFDFD
2870	#BEB6DC	#FCFCFC
2871	#FAF9FC	#FFFFFF
2872	#F9F8FC	#FFFFFF
2873	#C3BBDE	#FDFDFD
2874	#FFFFFF	#FFFFFF
2875	#EAE7F4	#FEFEFE
2876	#FBF7F6	#FFFFFF
2877	#C4BDDF	#FCFCFC
2878	#F2F0F8	#FFFFFF
2880	#E6E2F1	#FEFEFE
2881	#DDD8EC	#FEFEFE
2882	#D7D1E9	#FDFDFD
2883	#E3E0F0	#FEFEFE
2884	#CEC8E4	#FCFCFC
2885	#FBFAFD	#FFFFFF
2886	#DED9ED	#FDFDFD
2887	#E1DDEF	#FDFDFD
2888	#FAF9FC	#FFFFFF
2889	#EED9D6	#FEFEFE
2890	#F3F1F8	#FFFFFF
2891	#F2F0F8	#FFFFFF
2892	#EDEAF5	#FEFEFE
2893	#F2F0F8	#FFFFFF
2894	#D4CEE8	#FEFEFE
2895	#E1BEBA	#FDFDFD
2896	#FEFDFD	#FFFFFF
2897	#BDB5DB	#FCFCFC
2898	#FEFDFD	#FFFFFF
2899	#DDD8ED	#FEFEFE
2900	#D5CFE8	#FDFDFD
2901	#F7F6FB	#FFFFFF
2902	#EFEDF6	#FEFEFE
2903	#CDC6E4	#FCFCFC
2904	#E5E1F1	#FEFEFE
2905	#E8E5F3	#FEFEFE
2906	#ECD5D2	#FEFEFE
2907	#D4A5A0	#FCFCFC
2908	#E8E5F3	#FEFEFE
2909	#E9E5F3	#FEFEFE
2910	#EEECF6	#FEFEFE
2911	#E9E6F3	#FEFEFE
2912	#E8E5F3	#FEFEFE
2913	#E4E0F0	#FEFEFE
2914	#F5F4FA	#FFFFFF
2915	#F2F0F8	#FFFFFF
2916	#FBFAFD	#FFFFFF
2917	#B7AFD8	#FDFDFD
2918	#F8EEED	#FFFFFF
2919	#DCD8EC	#FEFEFE
2920	#E6E2F1	#FEFEFE
2921	#EBD4D0	#FEFEFE
2922	#DDD8EC	#FEFEFE
2923	#FBFAFD	#FFFFFF
2925	#FBF6F6	#FFFFFF
2926	#F9F8FC	#FFFFFF
2927	#E6E3F2	#FEFEFE
2928	#EDEAF5	#FEFEFE
2929	#CBC5E3	#FDFDFD
2930	#DBD6EC	#FEFEFE
2931	#C5BDDF	#FCFCFC
2932	#D4CEE8	#FDFDFD
2933	#E0BCB7	#FCFCFC
2934	#F9F2F1	#FFFFFF
2935	#CBC4E3	#FCFCFC
2936	#FEFDFD	#FFFFFF
2937	#D7D2EA	#FDFDFD
2938	#F2F0F8	#FFFFFF
2939	#EEECF6	#FFFFFF
2940	#DEDAED	#FEFEFE
2941	#ECE9F5	#FEFEFE
2942	#EEECF6	#FEFEFE
2943	#FFFFFF	#FFFFFF
2944	#EEECF6	#FEFEFE
2945	#FBF6F5	#FFFFFF
2946	#F4E5E3	#FEFEFE
2947	#FAF9FC	#FFFFFF
2948	#9B90C8	#FAFAFA
2949	#F9F8FC	#FFFFFF
2950	#DEDAED	#FEFEFE
2951	#E9E5F3	#FEFEFE
2952	#FBFBFD	#FFFFFF
2953	#EBD2CF	#FDFDFD
2954	#D5CFE8	#FDFDFD
2955	#D4CEE8	#FDFDFD
2956	#E5E2F1	#FEFEFE
2957	#F8EEED	#FFFFFF
2958	#E8E5F3	#FEFEFE
2959	#AFA5D3	#FCFCFC
2960	#B7AFD8	#FDFDFD
2961	#EFECF6	#FFFFFF
2962	#B7AFD8	#FDFDFD
2963	#E8E5F3	#FEFEFE
2964	#E4E0F0	#FEFEFE
2965	#DEDAED	#FDFDFD
2966	#D4CEE7	#FDFDFD
2967	#DCD8EC	#FEFEFE
2968	#FBFBFD	#FFFFFF
2969	#DDD8EC	#FEFEFE
2970	#E9E5F3	#FEFEFE
2971	#D5CFE8	#FEFEFE
2972	#EBD4D0	#FEFEFE
2973	#E1BEBA	#FEFEFE
2974	#E9E6F3	#FEFEFE
2975	#B2A9D5	#FAFAFA
2976	#D0CAE6	#FCFCFC
2977	#DCD7EC	#FEFEFE
2978	#A79ECF	#FBFBFB
2979	#D4CEE7	#FCFCFC
2981	#F9F8FC	#FFFFFF
2982	#DDD8ED	#FDFDFD
2983	#F6F4FA	#FFFFFF
2984	#EAE7F4	#FEFEFE
2985	#E5E1F1	#FEFEFE
2986	#C4BDDF	#FCFCFC
2987	#B4ABD6	#F9F9F9
2988	#FDFBFB	#FFFFFF
2989	#DDD8EC	#FEFEFE
2990	#FAF9FC	#FFFFFF
2991	#F4E6E4	#FEFEFE
2992	#E4E1F1	#FEFEFE
2993	#F6F4FA	#FFFFFF
2994	#DCD7EC	#FEFEFE
2995	#DDD8EC	#FEFEFE
2996	#DED9ED	#FEFEFE
2997	#FAFAFD	#FFFFFF
2998	#E9CECA	#FEFEFE
2999	#FFFEFE	#FFFFFF
3000	#F9F8FC	#FFFFFF
3001	#FAFAFC	#FFFFFF
3002	#FBFAFD	#FFFFFF
3003	#E6C8C4	#FDFDFD
3004	#D4CFE8	#FDFDFD
3005	#E9E6F3	#FEFEFE
3006	#E5E1F1	#FEFEFE
3007	#EBD4D0	#FEFEFE
3008	#BEB6DC	#FCFCFC
3009	#E8E5F3	#FEFEFE
3010	#B7AFD8	#FDFDFD
3011	#F8EFED	#FFFFFF
3012	#FAF9FC	#FFFFFF
3013	#D3CEE7	#FDFDFD
3014	#E5E1F1	#FEFEFE
3015	#AFA6D3	#FCFCFC
3016	#EFEDF6	#FFFFFF
3017	#F6F5FA	#FFFFFF
3018	#E4E0F0	#FEFEFE
3019	#A79DCF	#FBFBFB
3020	#E9E6F3	#FEFEFE
3021	#D5CFE8	#FEFEFE
3022	#FEFCFC	#FFFFFF
3023	#EBD4D0	#FEFEFE
3024	#B7AFD8	#FDFDFD
3026	#FEFEFD	#FFFFFF
3027	#F6F5FA	#FFFFFF
3028	#CDC7E4	#FCFCFC
3029	#E5E1F1	#FEFEFE
3030	#D5CFE8	#FDFDFD
3031	#D4CEE7	#FDFDFD
3032	#A89ECF	#FBFBFB
3033	#F7ECEB	#FFFFFF
3034	#F7ECEB	#FEFEFE
3035	#EFEDF6	#FEFEFE
3036	#D8D3EA	#FDFDFD
3037	#F9F9FC	#FFFFFF
3038	#DED9ED	#FDFDFD
3039	#D1CBE6	#FCFCFC
3040	#DDD9ED	#FDFDFD
3041	#F6F4FA	#FFFFFF
3042	#FCF8F7	#FFFFFF
3043	#EAE7F4	#FEFEFE
3044	#FFFEFE	#FFFFFF
3045	#F7ECEB	#FFFFFF
3046	#AFA5D3	#FCFCFC
3047	#F9F8FC	#FFFFFF
3048	#EEECF6	#FFFFFF
3049	#FAFAFC	#FFFFFF
3050	#D5D0E8	#FDFDFD
3051	#F4E6E4	#FEFEFE
3052	#FAF9FC	#FFFFFF
3053	#E1BEBA	#FEFEFE
3054	#E7CBC8	#FDFDFD
3055	#F0DCDA	#FEFEFE
3056	#F2E1DF	#FEFEFE
3057	#F4E5E4	#FEFEFE
3058	#E4E1F1	#FEFEFE
3059	#FBF6F6	#FFFFFF
3060	#F8EEED	#FFFFFF
3061	#B7AFD8	#FDFDFD
3062	#AFA6D3	#FCFCFC
3063	#EEECF6	#FFFFFF
3064	#A79DCF	#FBFBFB
3065	#EFECF6	#FFFFFF
3066	#AEA5D3	#FCFCFC
3067	#EAE7F4	#FEFEFE
3068	#E4C4BF	#FDFDFD
3069	#F1E0DD	#FEFEFE
3070	#A79ECF	#FBFBFB
3071	#AFA6D3	#FCFCFC
3072	#AFA5D3	#FCFCFC
3073	#E1BEBA	#FEFEFE
3074	#A79ECF	#FBFBFB
3075	#D4CEE7	#FDFDFD
3076	#EFECF6	#FFFFFF
3077	#FDFBFA	#FFFFFF
3078	#DCD7EC	#FEFEFE
3079	#D4CFE8	#FEFEFE
3080	#EAE7F4	#FEFEFE
3082	#FBFAFD	#FFFFFF
3083	#D3CEE7	#FDFDFD
3084	#EFECF6	#FEFEFE
3085	#E6E3F2	#FEFEFE
3086	#C0B8DD	#FBFBFB
3087	#F9F1F0	#FFFFFF
3088	#FFFEFE	#FFFFFF
3089	#EFECF6	#FEFEFE
3090	#EFECF6	#FFFFFF
3091	#D9D4EA	#FDFDFD
3092	#FDFBFB	#FFFFFF
3093	#DDD8EC	#FEFEFE
3094	#F9F2F1	#FFFFFF
3095	#FBF6F5	#FFFFFF
3096	#E6C8C4	#FDFDFD
3097	#FAF9FC	#FFFFFF
3098	#DCD7EC	#FEFEFE
3099	#E1BEBA	#FEFEFE
3100	#F6EAE8	#FEFEFE
3101	#C4BCDF	#FCFCFC
3102	#F6F5FA	#FFFFFF
3103	#FAF9FC	#FFFFFF
3104	#E5C7C3	#FCFCFC
3105	#FEFDFC	#FFFFFF
3106	#ECD4D1	#FDFDFD
3107	#F7ECEB	#FFFFFF
3108	#EEECF6	#FFFFFF
3109	#FAF9FC	#FFFFFF
3110	#FAFAFC	#FFFFFF
3111	#D3CDE7	#FDFDFD
3112	#E8E5F3	#FEFEFE
3113	#D5CFE8	#FDFDFD
3114	#DDD8EC	#FEFEFE
3116	#B7AFD8	#FDFDFD
3117	#FFFFFF	#FFFFFF
3118	#F9F8FC	#FFFFFF
3119	#FAF9FC	#FFFFFF
3120	#FBFAFD	#FFFFFF
3121	#D3CDE7	#FDFDFD
3122	#D5CFE8	#FEFEFE
3123	#FBFAFD	#FFFFFF
3124	#AEA5D3	#FCFCFC
3125	#AFA6D3	#FCFCFC
3127	#D7D2EA	#FDFDFD
3128	#E3DFF0	#FDFDFD
3129	#F6F5FA	#FFFFFF
3130	#F2F1F8	#FFFFFF
3131	#F6F4FA	#FFFFFF
3132	#FBF7F6	#FFFFFF
3133	#B7AFD8	#FDFDFD
3134	#E7E4F2	#FEFEFE
3135	#FBF6F6	#FFFFFF
3136	#ADA3D2	#FAFAFA
3137	#C9C2E2	#FAFAFA
3138	#CFC8E5	#FBFBFB
3139	#DCD7EC	#FEFEFE
3140	#C3BBDE	#FDFDFD
3141	#EDEBF5	#FEFEFE
3142	#F9F9FC	#FFFFFF
3143	#F1DFDD	#FEFEFE
3144	#FAFAFC	#FFFFFF
3145	#FCF7F7	#FFFFFF
3146	#F7ECEB	#FFFFFF
3147	#DDD9ED	#FDFDFD
3148	#F9F9FC	#FFFFFF
3149	#D8D2EA	#FDFDFD
3150	#FBFBFD	#FFFFFF
3151	#F1E0DE	#FEFEFE
3152	#F7EDEB	#FFFFFF
3153	#F7ECEB	#FFFFFF
3154	#D9B0AA	#FDFDFD
3155	#F8F7FB	#FFFFFF
3156	#FBFBFD	#FFFFFF
3157	#CF9D97	#FCFCFC
3158	#FAF9FC	#FFFFFF
3159	#EFEDF6	#FEFEFE
3160	#DDD8EC	#FEFEFE
3161	#B7AFD8	#FDFDFD
3162	#EFEDF6	#FFFFFF
3163	#EBD3D0	#FEFEFE
3164	#E8E5F3	#FEFEFE
3165	#F8EFED	#FFFFFF
3167	#EEECF6	#FFFFFF
3168	#CEC7E4	#FDFDFD
3169	#DCD7EC	#FEFEFE
3170	#E8E5F3	#FEFEFE
3171	#F8EEED	#FFFFFF
3172	#E6E3F2	#FEFEFE
3173	#CB9690	#FCFCFC
3174	#E4E1F0	#FEFEFE
3175	#C3BBDE	#FDFDFD
3176	#D9B0AB	#FDFDFD
3177	#C7C0E0	#FCFCFC
3178	#D9D4EA	#FCFCFC
3179	#D5CFE8	#FDFDFD
3180	#CEC7E4	#FCFCFC
3181	#BDB5DB	#FBFBFB
3183	#CBC4E3	#FDFDFD
3184	#FFFFFF	#FFFFFF
3185	#F4E6E4	#FEFEFE
3186	#D5CFE8	#FCFCFC
3187	#FFFEFE	#FFFFFF
3188	#9B91C8	#FAFAFA
3189	#F1E0DE	#FEFEFE
3190	#DED9ED	#FDFDFD
3191	#D3A59F	#FCFCFC
3192	#DEDAED	#FDFDFD
3193	#F7ECEB	#FFFFFF
3194	#FBF6F5	#FFFFFF
3195	#DDD8ED	#FDFDFD
3196	#FAF9FC	#FFFFFF
3197	#E8E5F3	#FEFEFE
3198	#EFEDF6	#FFFFFF
3199	#F7EDEC	#FEFEFE
3200	#D4A6A0	#FCFCFC
3201	#F2F0F8	#FEFEFE
3202	#AFA5D3	#FCFCFC
3203	#FFFFFF	#FFFFFF
3204	#F1DFDD	#FEFEFE
3205	#FFFFFF	#FFFFFF
3206	#E5E1F1	#FEFEFE
3207	#FBF7F6	#FFFFFF
3208	#AFA6D3	#FCFCFC
3209	#FBF6F5	#FFFFFF
3210	#FAFAFC	#FFFFFF
3211	#F8EFED	#FFFFFF
3212	#F1DFDC	#FEFEFE
3213	#FBFAFD	#FFFFFF
3214	#FAFAFD	#FFFFFF
3215	#EFEDF6	#FEFEFE
3216	#EEECF6	#FEFEFE
3217	#E6E2F1	#FEFEFE
3218	#E1BEBA	#FEFEFE
3219	#FBF7F6	#FFFFFF
3220	#F8EEED	#FFFFFF
3221	#FBFAFD	#FFFFFF
3222	#FBF7F6	#FFFFFF
3223	#FBF6F6	#FFFFFF
3224	#E9E6F3	#FEFEFE
3225	#F1DFDD	#FEFEFE
3226	#FEFDFD	#FFFFFF
3228	#CDC7E4	#FDFDFD
3229	#E5E1F1	#FEFEFE
3230	#EEECF6	#FFFFFF
3231	#ECE9F5	#FEFEFE
3232	#D7D2EA	#FDFDFD
3233	#F4E6E4	#FEFEFE
3234	#B8AFD8	#FDFDFD
3235	#C3BBDE	#FDFDFD
3236	#DED9ED	#FEFEFE
3237	#D3CEE7	#FCFCFC
3238	#BEB6DC	#FCFCFC
3239	#E8E5F3	#FEFEFE
3240	#DDD9ED	#FDFDFD
3241	#A79DCF	#FBFBFB
3242	#F2F0F8	#FFFFFF
3243	#DCD7EC	#FEFEFE
3244	#BEB6DB	#FCFCFC
3245	#FFFFFF	#FFFFFF
3246	#DED9ED	#FEFEFE
3247	#CBC4E3	#FCFCFC
3248	#EFEDF6	#FEFEFE
3249	#EFEDF6	#FEFEFE
3250	#DDD8EC	#FEFEFE
3251	#DFDAED	#FDFDFD
3252	#FBF6F5	#FFFFFF
3253	#EED9D6	#FEFEFE
3254	#EDEAF5	#FEFEFE
3255	#A79DCF	#FBFBFB
3256	#ECD5D2	#FEFEFE
3257	#E1DDEF	#FDFDFD
3258	#C3BBDE	#FDFDFD
3259	#C3BBDE	#FDFDFD
3260	#CDC6E4	#FCFCFC
3261	#EBD4D0	#FEFEFE
3262	#AEA5D3	#FCFCFC
3263	#FAF9FC	#FFFFFF
3264	#EFECF6	#FFFFFF
3265	#F7ECEB	#FFFFFF
3266	#DDD8EC	#FEFEFE
3267	#FDFBFB	#FFFFFF
3268	#F9F1F0	#FFFFFF
3269	#FBFAFD	#FFFFFF
3270	#EFEDF6	#FEFEFE
3271	#C7C0E1	#FCFCFC
3272	#ECD6D3	#FEFEFE
3273	#FBF5F5	#FFFFFF
3274	#968BC6	#F9F9F9
3275	#A89ED0	#FBFBFB
3276	#FBFAFD	#FFFFFF
3277	#E1BEBA	#FEFEFE
3278	#FBF7F6	#FFFFFF
3279	#CF9D97	#FCFCFC
3280	#F7F6FB	#FFFFFF
3281	#EFECF6	#FEFEFE
3282	#E2C1BC	#FDFDFD
3284	#FAFAFC	#FFFFFF
3285	#E5E1F1	#FEFEFE
3286	#DEDAED	#FEFEFE
3287	#EDEAF5	#FEFEFE
3288	#CEC7E4	#FCFCFC
3289	#EDEAF5	#FEFEFE
3290	#E4E0F0	#FEFEFE
3291	#EFDCD9	#FEFEFE
3292	#E8E5F3	#FEFEFE
3293	#F1DFDD	#FEFEFE
3294	#E7E4F2	#FEFEFE
3295	#E4E0F0	#FEFEFE
3296	#FBF6F6	#FFFFFF
3297	#ECE9F5	#FEFEFE
3298	#E5E1F1	#FEFEFE
3299	#DCD8EC	#FEFEFE
3300	#DDD9ED	#FDFDFD
3301	#F9F8FC	#FFFFFF
3302	#F6EBEA	#FFFFFF
3303	#DCD8EC	#FEFEFE
3304	#FAFAFC	#FFFFFF
3305	#FEFDFD	#FFFFFF
3306	#ECD5D2	#FEFEFE
3307	#FDFBFA	#FFFFFF
3308	#FBF6F5	#FFFFFF
3309	#FBF6F5	#FFFFFF
3310	#E8E5F3	#FEFEFE
3311	#F8EEED	#FFFFFF
3312	#F8EEED	#FFFFFF
3313	#FBFBFD	#FFFFFF
3314	#E8E5F3	#FEFEFE
3315	#B8AFD8	#FDFDFD
3316	#E8E5F3	#FEFEFE
3317	#D4CEE7	#FDFDFD
3318	#E4E0F0	#FEFEFE
3319	#CCC5E3	#FDFDFD
3320	#F8EEED	#FFFFFF
3321	#E5E1F1	#FEFEFE
3322	#D4CFE8	#FEFEFE
3323	#D4CEE7	#FDFDFD
3324	#DCD7EC	#FEFEFE
3325	#E8E5F3	#FEFEFE
3326	#A79ECF	#FBFBFB
3327	#D5CFE8	#FEFEFE
3329	#FAF9FC	#FFFFFF
3330	#E1BEBA	#FEFEFE
3331	#F6F5FA	#FFFFFF
3332	#E7E3F2	#FEFEFE
3333	#FBFBFD	#FFFFFF
3335	#D4A5A0	#FCFCFC
3336	#D5CFE8	#FEFEFE
3337	#D7D2E9	#FDFDFD
3338	#D3CDE7	#FCFCFC
3339	#E6E2F1	#FEFEFE
3340	#DCD8EC	#FDFDFD
3341	#C2BBDE	#FBFBFB
3342	#FEFCFC	#FFFFFF
3343	#FBFAFD	#FFFFFF
3344	#C4BDDF	#FCFCFC
3345	#FFFFFF	#FFFFFF
3346	#C3BBDE	#FDFDFD
3347	#F7F5FA	#FFFFFF
3348	#D3CDE7	#FDFDFD
3349	#F6F5FA	#FFFFFF
3350	#A096CC	#FBFBFB
3351	#EEECF6	#FFFFFF
3352	#FAFAFC	#FFFFFF
3353	#F9F8FC	#FFFFFF
3354	#D5CFE8	#FDFDFD
3355	#F2E1DF	#FEFEFE
3356	#EEECF6	#FFFFFF
3357	#E1BEB9	#FEFEFE
3358	#EAD1CE	#FDFDFD
3359	#F8EEED	#FFFFFF
3360	#EBE8F4	#FEFEFE
3361	#D4CFE8	#FEFEFE
3362	#DDD8EC	#FEFEFE
3363	#C3BBDE	#FDFDFD
3364	#E8E5F3	#FEFEFE
3365	#FBF6F5	#FFFFFF
3366	#EEECF6	#FFFFFF
3367	#FBF6F5	#FFFFFF
3368	#F1DFDC	#FEFEFE
3369	#FFFFFE	#FFFFFF
3370	#F1E0DD	#FEFEFE
3371	#AFA5D3	#FCFCFC
3372	#B7AFD8	#FBFBFB
3373	#DDD9ED	#FEFEFE
3374	#C4BDDF	#FCFCFC
3375	#FBFBFD	#FFFFFF
3376	#CBC4E3	#FDFDFD
3377	#D5CFE8	#FEFEFE
3378	#FBF6F6	#FFFFFF
3379	#FAF9FC	#FFFFFF
3380	#DCD8EC	#FEFEFE
3381	#EFECF6	#FFFFFF
3382	#B8AFD8	#FDFDFD
3383	#BCB3DA	#FAFAFA
3385	#CCC5E3	#F9F9F9
3386	#C3BBDE	#F8F8F8
3387	#FCFCFD	#FFFFFF
3388	#DDD9ED	#FCFCFC
3389	#C8C1E1	#FAFAFA
3390	#E6E3F2	#FEFEFE
3391	#F8F7FB	#FFFFFF
3392	#DAD5EB	#FBFBFB
3393	#D9D4EA	#FCFCFC
3394	#F8EFED	#FFFFFF
3395	#C3BBDE	#FDFDFD
3396	#DCD8EC	#FEFEFE
3397	#E4E1F1	#FEFEFE
3398	#D3CDE7	#FCFCFC
3399	#C2BBDE	#FBFBFB
3400	#D4CEE8	#FDFDFD
3401	#F9F9FC	#FFFFFF
3402	#EFECF6	#FEFEFE
3403	#FAF9FC	#FFFFFF
3404	#DBD6EC	#FEFEFE
3405	#D0CAE6	#FCFCFC
3406	#DEDAED	#FDFDFD
3407	#F3F1F9	#FEFEFE
3408	#C8C1E1	#F7F7F7
3409	#E5E1F1	#FDFDFD
3410	#E4E0F0	#FEFEFE
3411	#BCB4DA	#FAFAFA
3412	#F7EEEC	#FFFFFF
3413	#B7AFD8	#FAFAFA
3414	#C9C3E2	#FBFBFB
3415	#DDD9ED	#FEFEFE
3416	#E4E0F0	#FEFEFE
3417	#E4C4C0	#FDFDFD
3418	#C9C3E2	#FBFBFB
3419	#C3BCDF	#F9F9F9
3420	#F4E7E5	#FEFEFE
3421	#EBD4D1	#FDFDFD
3422	#F9F8FC	#FFFFFF
3423	#EDEAF5	#FEFEFE
3424	#A096CB	#FBFBFB
3425	#E5E1F1	#FEFEFE
3426	#FDFBFA	#FFFFFF
3427	#FCF7F7	#FFFFFF
3428	#EEECF6	#FEFEFE
3430	#E1DDEF	#FCFCFC
3431	#DCD8EC	#FDFDFD
3432	#CFC9E5	#F9F9F9
3433	#CDC7E4	#FAFAFA
3434	#DED9ED	#FBFBFB
3435	#E1DDEF	#FCFCFC
3436	#D7D1E9	#FCFCFC
3437	#C9C2E2	#FAFAFA
3438	#F5F4FA	#FFFFFF
3439	#D7D2E9	#FCFCFC
3440	#EED9D6	#FEFEFE
3441	#F2F0F8	#FEFEFE
3442	#D1CBE6	#FBFBFB
3443	#F6F5FA	#FFFFFF
3444	#F6F5FA	#FFFFFF
3445	#C4BDDF	#FCFCFC
3446	#EEEBF6	#FFFFFF
3447	#E6E2F1	#FEFEFE
3448	#EAE7F4	#FEFEFE
3449	#D1CBE6	#FCFCFC
3450	#F6F4FA	#FFFFFF
3451	#E5E1F1	#FEFEFE
3452	#DCD7EC	#FEFEFE
3453	#DBD6EC	#FEFEFE
3454	#DCD7EC	#FEFEFE
3455	#FAFAFD	#FFFFFF
3456	#C7C0E1	#FCFCFC
3457	#DDD9ED	#FDFDFD
3458	#D4CEE7	#FDFDFD
3459	#D8D2EA	#FBFBFB
3460	#F2F0F8	#FFFFFF
3461	#E5E2F1	#FEFEFE
3462	#DEDAED	#FEFEFE
3463	#DDD9ED	#FDFDFD
3464	#F7EDEB	#FFFFFF
3465	#D1CBE6	#FCFCFC
3466	#CEC8E4	#FDFDFD
3467	#E1DDEF	#FDFDFD
3468	#E8E5F3	#FEFEFE
3469	#F7EDEB	#FEFEFE
3470	#D5D0E8	#FCFCFC
3471	#F2F0F8	#FFFFFF
3472	#DCD7EC	#FEFEFE
3473	#E7E3F2	#FEFEFE
3474	#ECE9F4	#FEFEFE
3475	#D1CAE6	#FCFCFC
3476	#EEECF6	#FFFFFF
3477	#FBF6F6	#FFFFFF
3478	#DDD9ED	#FDFDFD
3479	#EAE7F4	#FEFEFE
3480	#E1DDEF	#FCFCFC
3481	#C5BEE0	#FAFAFA
3482	#DCD8EC	#FBFBFB
3483	#F9F8FC	#FFFFFF
3484	#F0EEF7	#FEFEFE
3487	#A197CC	#FBFBFB
3488	#D1CBE6	#FCFCFC
3489	#E8E5F3	#FEFEFE
3490	#C4BDDF	#FCFCFC
3491	#F6F5FA	#FFFFFF
3492	#E4E0F0	#FEFEFE
3493	#EFECF6	#FEFEFE
3494	#EEECF6	#FFFFFF
3495	#C4BDDF	#FCFCFC
3496	#CEC7E4	#FDFDFD
3497	#EDEAF5	#FEFEFE
3498	#F2F0F8	#FFFFFF
3499	#FBF7F6	#FFFFFF
3500	#F1DFDD	#FEFEFE
3501	#EDEBF6	#FEFEFE
3502	#B7AFD8	#FAFAFA
3503	#C7C0E1	#FCFCFC
3504	#DEDAED	#FDFDFD
3505	#F6EAE8	#FEFEFE
3506	#CF9D97	#FCFCFC
3507	#F9F8FC	#FFFFFF
3508	#E1BEBA	#FEFEFE
3509	#F6F5FA	#FFFFFF
3510	#FAFAFC	#FFFFFF
3511	#FBFBFD	#FFFFFF
3512	#FAF9FC	#FFFFFF
3513	#E9E5F3	#FEFEFE
3514	#FBF6F6	#FFFFFF
3515	#D4CFE8	#FEFEFE
3516	#F7ECEB	#FFFFFF
3517	#FBF6F6	#FFFFFF
3518	#DDD8EC	#FEFEFE
3519	#FBFAFD	#FFFFFF
3520	#E2DEEF	#FDFDFD
3521	#AFA6D3	#FCFCFC
3522	#BEB6DC	#FCFCFC
3523	#DDD8ED	#FEFEFE
3524	#DDD8EC	#FEFEFE
3525	#DDD8EC	#FEFEFE
3526	#C3BBDE	#FDFDFD
3527	#FBFAFD	#FFFFFF
3528	#DDD8EC	#FEFEFE
3529	#C3BBDE	#FDFDFD
3531	#E8E5F2	#FEFEFE
3532	#EFECF6	#FEFEFE
3533	#F7EDEC	#FFFFFF
3534	#E6E2F1	#FEFEFE
3535	#CDC7E4	#FCFCFC
3536	#E5E2F1	#FEFEFE
3537	#D5CFE8	#FEFEFE
3538	#F7ECEB	#FFFFFF
3539	#EFEDF6	#FEFEFE
3540	#DED9ED	#FEFEFE
3541	#9085C3	#F9F9F9
3542	#FBFAFD	#FFFFFF
3543	#EDEBF5	#FEFEFE
3544	#EEECF6	#FEFEFE
3545	#E6E3F2	#FEFEFE
3546	#EEECF6	#FFFFFF
3547	#F7ECEB	#FFFFFF
3548	#E4E0F0	#FEFEFE
3549	#F2F0F8	#FEFEFE
3550	#DDD9ED	#FEFEFE
3551	#D4CEE8	#FDFDFD
3552	#FBFAFD	#FFFFFF
3553	#FDFAF9	#FFFFFF
3554	#FAFAFD	#FFFFFF
3555	#EFECF6	#FEFEFE
3556	#DBD7EC	#FEFEFE
3557	#ECD5D2	#FEFEFE
3558	#F9F1F0	#FFFFFF
3559	#F8EEED	#FFFFFF
3560	#EEECF6	#FEFEFE
3561	#F1DFDD	#FEFEFE
3562	#C3BBDE	#FDFDFD
3563	#FBFAFD	#FFFFFF
3564	#E1BEB9	#FEFEFE
3565	#EEECF6	#FFFFFF
3566	#E8E5F3	#FEFEFE
3567	#D1CBE6	#FCFCFC
3568	#E8E5F3	#FEFEFE
3569	#F3F1F9	#FFFFFF
3570	#DDD8EC	#FEFEFE
3571	#E8E5F3	#FEFEFE
3572	#F5F4FA	#FFFFFF
3573	#C3BBDE	#FDFDFD
3574	#B7AFD8	#FDFDFD
3575	#DCD7EC	#FEFEFE
3576	#AEA5D3	#FCFCFC
3577	#CCC5E3	#FDFDFD
3578	#A298CC	#FBFBFB
3579	#C3BBDE	#FDFDFD
3580	#D5CFE8	#FEFEFE
3581	#F9F9FC	#FFFFFF
3582	#EFEDF7	#FEFEFE
3583	#D3CEE7	#FDFDFD
3584	#FDFBFA	#FFFFFF
3585	#FAF9FC	#FFFFFF
3587	#9B90C8	#FAFAFA
3588	#B7AFD8	#FDFDFD
3589	#E1DCEF	#FDFDFD
3590	#CDC6E4	#FCFCFC
3591	#C3BBDE	#FDFDFD
3592	#F6F5FA	#FFFFFF
3593	#F9F8FC	#FFFFFF
3594	#DDD8EC	#FEFEFE
3595	#EDEAF5	#FEFEFE
3596	#BEB6DC	#FAFAFA
3597	#DCD7EC	#FEFEFE
3598	#EEECF6	#FEFEFE
3599	#FBFAFD	#FFFFFF
3600	#CBC4E3	#FDFDFD
3601	#E6E2F1	#FEFEFE
3602	#D7D1E9	#FDFDFD
3603	#D6D1E9	#FDFDFD
3604	#D7D2E9	#FDFDFD
3605	#C4BDDF	#FCFCFC
3606	#D3CEE7	#FDFDFD
3607	#B7AFD8	#FDFDFD
3608	#EEECF6	#FFFFFF
3609	#FBFAFD	#FFFFFF
3610	#EEECF6	#FFFFFF
3611	#D3CDE7	#FDFDFD
3612	#F7EEEC	#FFFFFF
3613	#EFECF6	#FFFFFF
3614	#FAF9FC	#FFFFFF
3615	#C3BBDE	#FDFDFD
3616	#FEFCFC	#FFFFFF
3617	#ECD5D2	#FEFEFE
3618	#FBF7F6	#FFFFFF
3619	#EFECF6	#FEFEFE
3620	#DDD8EC	#FEFEFE
3621	#F8EEEC	#FFFFFF
3622	#B7AFD8	#FBFBFB
3623	#EEECF6	#FFFFFF
3624	#E8E5F3	#FEFEFE
3625	#C3BBDE	#FDFDFD
3626	#C3BBDE	#FDFDFD
3627	#D5CFE8	#FEFEFE
3628	#D4CFE8	#FEFEFE
3629	#C3BBDE	#FDFDFD
3630	#E8E5F3	#FEFEFE
3632	#FEFDFD	#FFFFFF
3633	#EBE9F4	#FEFEFE
3634	#F8EEED	#FFFFFF
3635	#D4CEE7	#FDFDFD
3636	#BEB7DC	#FCFCFC
3637	#D5CFE8	#FEFEFE
3638	#E9E5F3	#FEFEFE
3639	#FBFAFD	#FFFFFF
3640	#D0CAE6	#FCFCFC
3641	#E3DFF0	#FEFEFE
3642	#DDD8EC	#FEFEFE
3643	#F2F0F8	#FFFFFF
3644	#D4CFE8	#FEFEFE
3645	#EEECF6	#FFFFFF
3646	#E7E3F2	#FEFEFE
3647	#DDD9ED	#FDFDFD
3648	#FDFBFB	#FFFFFF
3649	#FAF9FC	#FFFFFF
3650	#F1E0DE	#FEFEFE
3651	#F3F1F8	#FFFFFF
3652	#DEDAED	#FEFEFE
3653	#DEDAED	#FEFEFE
3654	#B6AED8	#FBFBFB
3655	#E4E0F0	#FEFEFE
3656	#E1BEB9	#FEFEFE
3657	#EBD3D0	#FEFEFE
3658	#F1E0DE	#FEFEFE
3659	#E9E5F3	#FEFEFE
3660	#EFDCDA	#FEFEFE
3661	#FBFAFD	#FFFFFF
3662	#FAF9FC	#FFFFFF
3663	#DDD9ED	#FEFEFE
3664	#FBFAFD	#FFFFFF
3665	#EED9D6	#FEFEFE
3666	#C3BBDE	#FDFDFD
3667	#F1DFDD	#FEFEFE
3668	#F7EDEB	#FFFFFF
3669	#D4CEE8	#FDFDFD
3670	#F8EEED	#FFFFFF
3671	#B7AFD8	#FDFDFD
3672	#FAFAFC	#FFFFFF
3673	#C3BBDE	#FDFDFD
3674	#FAF9FC	#FFFFFF
3675	#FBFAFD	#FFFFFF
3676	#E5E1F1	#FEFEFE
3677	#C3BBDE	#FDFDFD
3678	#AFA5D3	#FCFCFC
3679	#D3A49F	#FCFCFC
3680	#C6BFE0	#FCFCFC
3681	#D4CEE7	#FDFDFD
3682	#F6F5FA	#FFFFFF
3683	#DED9ED	#FDFDFD
3684	#C4BDDF	#FCFCFC
3685	#F7EDEB	#FFFFFF
3686	#EDEAF5	#FEFEFE
3688	#C3BBDE	#FDFDFD
3689	#FAF9FC	#FFFFFF
3690	#FBF6F5	#FFFFFF
3691	#F5F4FA	#FFFFFF
3692	#FBF7F6	#FFFFFF
3693	#F3F1F8	#FEFEFE
3694	#FBFAFD	#FFFFFF
3695	#FBF6F5	#FFFFFF
3696	#FCFBFD	#FFFFFF
3697	#D1CBE6	#FCFCFC
3698	#EEECF6	#FEFEFE
3699	#E6E3F2	#FEFEFE
3700	#F7EDEC	#FFFFFF
3701	#D5CFE8	#FDFDFD
3702	#E5E1F1	#FEFEFE
3703	#F9F1F0	#FFFFFF
3704	#D3CEE7	#FDFDFD
3705	#D3CDE7	#FDFDFD
3706	#FEFDFD	#FFFFFF
3707	#EDEAF5	#FEFEFE
3708	#FBF6F5	#FFFFFF
3709	#E6E3F2	#FEFEFE
3711	#FAF9FC	#FFFFFF
3712	#FAF9FC	#FFFFFF
3713	#D4CEE8	#FDFDFD
3715	#D4CEE7	#FDFDFD
3717	#F1DFDD	#FEFEFE
3718	#E6E2F1	#FEFEFE
3719	#B7AFD8	#FDFDFD
3720	#BEB6DB	#FCFCFC
3721	#D4CEE8	#FEFEFE
3722	#FBFBFD	#FFFFFF
3723	#FBFAFD	#FFFFFF
3724	#DDD8EC	#FEFEFE
3725	#E9E6F3	#FEFEFE
3726	#C3BBDE	#FDFDFD
3727	#E8E5F3	#FEFEFE
3728	#DCD8EC	#FEFEFE
3729	#EFECF6	#FEFEFE
3730	#AFA6D3	#FCFCFC
3731	#B7AFD8	#FDFDFD
3733	#FBF6F6	#FFFFFF
3734	#EFEDF6	#FEFEFE
3735	#F2F0F8	#FEFEFE
3736	#F4E6E4	#FEFEFE
3737	#ADA4D2	#FAFAFA
3738	#E8CECA	#FEFEFE
3739	#FBFAFD	#FFFFFF
3740	#EBD4D0	#FEFEFE
3741	#B7AFD8	#FDFDFD
3742	#DDD8EC	#FEFEFE
3743	#FDFAFA	#FFFFFF
3744	#B7AED8	#FBFBFB
3745	#D4CFE8	#FDFDFD
3746	#F6F5FA	#FFFFFF
3747	#EFECF6	#FEFEFE
3748	#B3AAD5	#F9F9F9
3749	#E4E1F1	#FEFEFE
3750	#CBC5E3	#FDFDFD
3751	#EFDCDA	#FEFEFE
3752	#FBF6F5	#FFFFFF
3753	#EFEDF6	#FEFEFE
3754	#E1BEBA	#FEFEFE
3755	#FBFAFD	#FFFFFF
3756	#F7F5FA	#FFFFFF
3757	#C3BBDE	#FDFDFD
3758	#C3BBDE	#FDFDFD
3759	#CCC5E3	#FDFDFD
3760	#F1DFDD	#FEFEFE
3761	#E8E5F3	#FEFEFE
3762	#C3BBDE	#FDFDFD
3763	#DDD9ED	#FEFEFE
3764	#B8AFD8	#FDFDFD
3765	#FBF6F5	#FFFFFF
3766	#E9E6F3	#FEFEFE
3767	#F1DFDD	#FEFEFE
3768	#EBD4D0	#FEFEFE
3769	#E4E1F1	#FEFEFE
3770	#C3BBDE	#FDFDFD
3771	#EFECF6	#FFFFFF
3772	#EBD4D0	#FEFEFE
3773	#F2F0F8	#FEFEFE
3774	#D5CFE8	#FEFEFE
3775	#E9E5F3	#FEFEFE
3776	#DDD8EC	#FEFEFE
3777	#C3BBDE	#FDFDFD
3778	#F8EEED	#FFFFFF
3779	#A096CB	#FBFBFB
3780	#F8EEED	#FFFFFF
3781	#FBFAFD	#FFFFFF
3782	#FAF9FC	#FFFFFF
3783	#FAF9FC	#FFFFFF
3784	#F2F0F8	#FEFEFE
3785	#F9F8FC	#FFFFFF
3786	#FDFBFA	#FFFFFF
3787	#EBD4D0	#FEFEFE
3789	#E9CECA	#FEFEFE
3790	#E1BEB9	#FEFEFE
3791	#EEECF6	#FFFFFF
3792	#A79ECF	#FBFBFB
3793	#C7C0E1	#FCFCFC
3794	#F6F4FA	#FFFFFF
3795	#EEECF6	#FEFEFE
3796	#FBFBFD	#FFFFFF
3797	#E4E1F1	#FEFEFE
3798	#F3F1F8	#FFFFFF
3799	#E9CECA	#FEFEFE
3800	#F6F5FA	#FFFFFF
3801	#E4E1F1	#FEFEFE
3802	#E5E1F1	#FEFEFE
3803	#D4CEE7	#FDFDFD
3804	#DEDAED	#FEFEFE
3805	#FBF6F6	#FFFFFF
3806	#DDD8EC	#FEFEFE
3807	#EFEDF6	#FEFEFE
3808	#EEECF6	#FEFEFE
3809	#CBC5E3	#FDFDFD
3810	#DCD7EC	#FEFEFE
3811	#DDD8ED	#FEFEFE
3812	#F8EEEC	#FFFFFF
3813	#F8EEED	#FFFFFF
3814	#F8EEED	#FFFFFF
3815	#E5C7C3	#FDFDFD
3816	#E9E6F3	#FEFEFE
3817	#DDD8ED	#FEFEFE
3818	#FAF9FC	#FFFFFF
3819	#D4A5A0	#FCFCFC
3821	#E4E0F0	#FEFEFE
3822	#E6E2F1	#FEFEFE
3823	#E4E0F0	#FEFEFE
3824	#B7AFD8	#FDFDFD
3825	#C3BBDE	#FDFDFD
3826	#E4E0F0	#FEFEFE
3827	#CBC4E3	#FDFDFD
3828	#FAF9FC	#FFFFFF
3829	#C3BBDE	#FDFDFD
3830	#B2A9D5	#FAFAFA
3831	#9B91C9	#FAFAFA
3832	#EEECF6	#FFFFFF
3834	#FBFAFD	#FFFFFF
3835	#EEECF6	#FFFFFF
3836	#DCD8EC	#FDFDFD
3837	#F3F1F8	#FFFFFF
3838	#F4E6E4	#FEFEFE
3839	#FBFAFD	#FFFFFF
3840	#F1DFDD	#FEFEFE
3841	#F9F8FC	#FFFFFF
3842	#F1E0DE	#FEFEFE
3843	#E9CECA	#FEFEFE
3844	#E6E2F1	#FEFEFE
3845	#C4BDDF	#FCFCFC
3846	#E3DFF0	#FEFEFE
3847	#EDEAF5	#FEFEFE
3848	#EFECF6	#FEFEFE
3849	#FBFAFD	#FFFFFF
3850	#EAE7F4	#FEFEFE
3851	#F9F1F0	#FFFFFF
3852	#DDD8ED	#FEFEFE
3853	#E6E3F2	#FEFEFE
3854	#D7D1E9	#FDFDFD
3855	#C5BDDF	#FCFCFC
3856	#DDD9ED	#FDFDFD
3857	#E9CECB	#FEFEFE
3858	#D4CEE7	#FDFDFD
3859	#FBFAFD	#FFFFFF
3860	#F8EFED	#FFFFFF
3861	#CBC5E3	#FDFDFD
3862	#FBFBFD	#FFFFFF
3863	#D9B0AB	#FDFDFD
3864	#AFA6D3	#FCFCFC
3865	#FAF9FC	#FFFFFF
3866	#DDD8ED	#FEFEFE
3867	#E8E5F3	#FEFEFE
3868	#FBF6F5	#FFFFFF
3869	#EFECF6	#FFFFFF
3870	#FAF9FC	#FFFFFF
3871	#FBF6F6	#FFFFFF
3872	#D5CFE8	#FEFEFE
3873	#D4CEE8	#FEFEFE
3874	#B7AFD8	#FDFDFD
3875	#DCD8EC	#FEFEFE
3876	#C3BBDE	#FDFDFD
3877	#F7F5FB	#FFFFFF
3878	#FBF7F6	#FFFFFF
3879	#FBF6F5	#FFFFFF
3880	#D4CFE8	#FEFEFE
3881	#D3CEE7	#FDFDFD
3882	#C3BBDE	#FDFDFD
3883	#E8E5F3	#FEFEFE
3884	#E4E1F1	#FEFEFE
3885	#F9F8FC	#FFFFFF
3886	#F6F5FA	#FFFFFF
3887	#F9F1F0	#FFFFFF
3888	#E4E0F0	#FEFEFE
3890	#E6E3F2	#FEFEFE
3891	#FAF9FC	#FFFFFF
3892	#ECD5D2	#FEFEFE
3893	#F6F5FA	#FFFFFF
3894	#E4E0F0	#FEFEFE
3895	#958BC5	#F9F9F9
3896	#E4E0F0	#FEFEFE
3897	#E2DEF0	#FDFDFD
3898	#FBFAFD	#FFFFFF
3899	#E8E5F3	#FEFEFE
3900	#ECD5D2	#FEFEFE
3901	#FAF4F3	#FFFFFF
3902	#EFECF6	#FFFFFF
3903	#CBC5E3	#FDFDFD
3904	#CDC7E4	#FCFCFC
3905	#E9E5F3	#FEFEFE
3906	#E7E4F2	#FEFEFE
3907	#ECD5D2	#FEFEFE
3908	#DCD8EC	#FEFEFE
3909	#D1CBE6	#FCFCFC
3910	#D4CFE8	#FEFEFE
3911	#EEECF6	#FFFFFF
3912	#F6F5FA	#FFFFFF
3914	#F9F8FC	#FFFFFF
3915	#E6E3F2	#FEFEFE
3916	#FBF6F6	#FFFFFF
3917	#F7ECEA	#FFFFFF
3918	#E6E3F2	#FEFEFE
3919	#EEECF6	#FFFFFF
3920	#E1BEBA	#FEFEFE
3921	#C3BBDE	#FDFDFD
3922	#EEECF6	#FEFEFE
3923	#B7AFD8	#FDFDFD
3924	#F1E0DE	#FEFEFE
3925	#DCD7EC	#FEFEFE
3926	#EFEDF6	#FFFFFF
3927	#F8EEED	#FFFFFF
3928	#F8EEED	#FFFFFF
3930	#EDEAF5	#FEFEFE
3931	#DDD8EC	#FEFEFE
3932	#E8E5F3	#FEFEFE
3933	#EFEDF6	#FFFFFF
3935	#D4CEE7	#FDFDFD
3936	#EDEBF5	#FEFEFE
3937	#FBF6F5	#FFFFFF
3938	#F5E8E6	#FEFEFE
3939	#F2F0F8	#FEFEFE
3940	#DCD8EC	#FEFEFE
3941	#D4CEE7	#FDFDFD
3942	#E8E5F3	#FEFEFE
3943	#E2C1BD	#FDFDFD
3944	#E9E5F3	#FEFEFE
3945	#E4E1F1	#FEFEFE
3946	#F6EAE9	#FEFEFE
3947	#D4CEE7	#FDFDFD
3948	#D4CEE7	#FCFCFC
3949	#F7ECEA	#FFFFFF
3950	#AFA6D3	#FCFCFC
3951	#A79ECF	#FBFBFB
3952	#FCF8F7	#FFFFFF
3953	#FEFDFD	#FFFFFF
3954	#EEEBF6	#FFFFFF
3955	#958BC5	#F9F9F9
3956	#C4BDDF	#FCFCFC
3957	#AFA6D3	#FCFCFC
3958	#E4E0F0	#FEFEFE
3959	#FBFAFD	#FFFFFF
3960	#D4CEE8	#FDFDFD
3961	#D1CBE6	#FCFCFC
3962	#DDD8ED	#FEFEFE
3963	#A197CC	#FBFBFB
3964	#EFECF6	#FFFFFF
3965	#A197CC	#FBFBFB
3966	#F4E6E4	#FEFEFE
3967	#FBF7F6	#FFFFFF
3968	#ECE9F5	#FEFEFE
3969	#FAFAFC	#FFFFFF
3970	#D4CEE8	#FEFEFE
3971	#EBD3D0	#FEFEFE
3972	#E8E5F3	#FEFEFE
3973	#B8AFD8	#FBFBFB
3974	#C3BBDE	#FDFDFD
3975	#F9F8FC	#FFFFFF
3976	#EBD4D0	#FEFEFE
3977	#E8E5F3	#FEFEFE
3978	#CCC5E3	#FDFDFD
3979	#ECD5D2	#FEFEFE
3980	#CCC6E3	#FDFDFD
3981	#EEECF6	#FFFFFF
3982	#AFA5D3	#FCFCFC
3983	#D4CEE7	#FDFDFD
3984	#CBC5E3	#FDFDFD
3985	#AFA6D3	#FCFCFC
3986	#EEEBF6	#FEFEFE
3987	#FBF6F5	#FFFFFF
3988	#F4E6E5	#FEFEFE
3989	#EBD4D1	#FDFDFD
4042	#ECE9F5	#FEFEFE
4043	#E3DFF0	#FDFDFD
4044	#FAF3F2	#FFFFFF
4045	#FEFDFD	#FFFFFF
4046	#FDFBFA	#FFFFFF
4047	#EAE7F4	#FEFEFE
4048	#DAD5EB	#FCFCFC
4049	#ECE9F5	#FEFEFE
4050	#ADA3D2	#FAFAFA
4051	#F3E4E2	#FEFEFE
4052	#FAF9FC	#FFFFFF
4053	#D2CCE6	#FCFCFC
4054	#D2CCE6	#FAFAFA
4055	#F9F1F0	#FFFFFF
4056	#F7F6FB	#FFFFFF
4057	#E5E1F1	#FEFEFE
4058	#F8F7FB	#FFFFFF
4059	#D3CDE7	#FDFDFD
4060	#F6F5FA	#FFFFFF
4061	#F7ECEB	#FFFFFF
4062	#EFEDF6	#FEFEFE
4063	#D4CEE8	#FEFEFE
4064	#DED9ED	#FEFEFE
4065	#D6D0E9	#FBFBFB
4066	#D8D3EA	#FDFDFD
4067	#D8D3EA	#FDFDFD
4068	#C7BFE0	#FCFCFC
4069	#FEFCFC	#FFFFFF
4070	#EFECF6	#FEFEFE
4071	#EFEDF6	#FEFEFE
4072	#C1B9DD	#FBFBFB
4073	#C4BDDF	#FCFCFC
4074	#F8EEED	#FEFEFE
4075	#C9C2E1	#FBFBFB
4076	#DBD6EB	#FBFBFB
4077	#E6E3F2	#FEFEFE
4078	#E5E1F1	#FEFEFE
4079	#F2F0F8	#FEFEFE
4080	#D8D3EA	#FDFDFD
4081	#E2DDEF	#FDFDFD
4082	#C8C1E1	#FAFAFA
4083	#DCD7EC	#FEFEFE
4084	#FAFAFD	#FFFFFF
4085	#F0EEF7	#FEFEFE
4087	#B7AFD8	#F7F7F7
4088	#D2CCE7	#FBFBFB
4089	#DCD7EC	#FCFCFC
4090	#BEB6DC	#FAFAFA
4091	#F6F4FA	#FFFFFF
4092	#F6F5FA	#FEFEFE
4093	#E3DFF0	#FEFEFE
4094	#DAD5EB	#FBFBFB
4095	#E6E2F1	#FEFEFE
4096	#C9C2E2	#FBFBFB
4097	#D0CAE6	#FCFCFC
4098	#CCC5E3	#FCFCFC
4099	#CDC7E4	#FCFCFC
4100	#B7AFD8	#FDFDFD
4101	#D2CCE6	#FBFBFB
4102	#FAF9FC	#FFFFFF
4103	#E4E0F0	#FEFEFE
4104	#C4BDDF	#FCFCFC
4105	#C9C2E2	#FAFAFA
4106	#CCC6E3	#FDFDFD
4107	#EFEDF6	#FEFEFE
4108	#F7F6FB	#FFFFFF
4109	#F9F1F0	#FFFFFF
4110	#EEECF6	#FFFFFF
4111	#E9E5F3	#FEFEFE
4112	#FEFCFC	#FFFFFF
4113	#DDD8EC	#FEFEFE
4114	#D7D1E9	#FDFDFD
4115	#C1BADD	#FBFBFB
4116	#E4E1F1	#FEFEFE
4117	#DCD7EC	#FEFEFE
4118	#CEC7E4	#FAFAFA
4119	#F7EDEC	#FFFFFF
4120	#FFFFFF	#FFFFFF
4121	#FBFBFD	#FFFFFF
4122	#EEECF6	#FFFFFF
4123	#F7ECEB	#FFFFFF
4124	#F6F5FA	#FFFFFF
4125	#D2CCE6	#FBFBFB
4126	#CDC7E4	#FDFDFD
4127	#D0C9E5	#FAFAFA
4128	#EBE8F4	#FEFEFE
4129	#EFECF6	#FEFEFE
4130	#CEC8E4	#FDFDFD
4131	#E3DFF0	#FEFEFE
4132	#ECE9F5	#FEFEFE
4133	#E2DDEF	#FDFDFD
4134	#FBF5F5	#FFFFFF
4135	#D1CBE6	#FCFCFC
4136	#F9F1F0	#FEFEFE
4137	#EFECF6	#FEFEFE
4138	#E7E3F2	#FDFDFD
4139	#ECE9F5	#FEFEFE
4140	#E8E5F3	#FEFEFE
4141	#CFC9E5	#FAFAFA
4143	#FDFDFE	#FFFFFF
4144	#CFC8E5	#FAFAFA
4145	#D9D4EB	#FCFCFC
4146	#F0EEF7	#FEFEFE
4147	#F7F5FA	#FFFFFF
4148	#C4BCDF	#F9F9F9
4149	#F5F3FA	#FFFFFF
4150	#EFECF6	#FFFFFF
4151	#D7D2E9	#FDFDFD
4152	#E4E1F1	#FEFEFE
4153	#F2F0F8	#FFFFFF
4154	#EDEAF5	#FEFEFE
4155	#E2DEEF	#FDFDFD
4156	#EFEDF6	#FEFEFE
4157	#FEFDFD	#FFFFFF
4158	#EFEDF6	#FEFEFE
4159	#F2F0F8	#FFFFFF
4160	#F4E5E3	#FEFEFE
4161	#CDC7E4	#FCFCFC
4162	#F1DFDD	#FEFEFE
4163	#E1BEBA	#FEFEFE
4164	#F2F0F8	#FFFFFF
4165	#EFEDF6	#FEFEFE
4166	#D4CEE8	#FCFCFC
4167	#C1BADD	#FBFBFB
4168	#F7ECEB	#FFFFFF
4169	#C6BFE0	#FAFAFA
4170	#FBFAFD	#FFFFFF
4171	#CEC7E4	#FCFCFC
4172	#E6E2F1	#FEFEFE
4173	#FEFEFF	#FFFFFF
4174	#EED9D6	#FEFEFE
4175	#FCF9F8	#FFFFFF
4176	#F1E0DE	#FEFEFE
4177	#E5E1F1	#FDFDFD
4178	#F6F5FA	#FFFFFF
4179	#FCF8F7	#FFFFFF
4180	#F0DCDA	#FEFEFE
4181	#F7F5FA	#FFFFFF
4182	#F0EEF7	#FEFEFE
4183	#FDFBFA	#FFFFFF
4184	#E2C1BD	#FDFDFD
4185	#F7EDEC	#FEFEFE
4186	#FBF5F4	#FFFFFF
4188	#DEDAED	#FCFCFC
4189	#EEECF6	#FEFEFE
4190	#C3BBDE	#F8F8F8
4191	#FDFDFE	#FFFFFF
4192	#D9D3EA	#FCFCFC
4193	#DFDBEE	#FCFCFC
4194	#F9F8FC	#FFFFFF
4195	#EAE8F4	#FEFEFE
4196	#EFECF6	#FEFEFE
4197	#EBE8F4	#FEFEFE
4198	#E2DEEF	#FDFDFD
4199	#C6BFE0	#FBFBFB
4200	#EEECF6	#FFFFFF
4201	#F9F1F0	#FFFFFF
4202	#DDD8ED	#FEFEFE
4203	#DCD8EC	#FEFEFE
4204	#ECEAF5	#FEFEFE
4205	#F2F0F8	#FFFFFF
4206	#F0EDF7	#FEFEFE
4207	#AFA6D3	#FCFCFC
4208	#EEEBF6	#FFFFFF
4209	#F9F9FC	#FFFFFF
4210	#DDD8EC	#FEFEFE
4211	#E6E2F1	#FEFEFE
4212	#D3CDE7	#FCFCFC
4213	#F4E6E4	#FEFEFE
4214	#D5CFE8	#FDFDFD
4215	#EAE7F4	#FEFEFE
4216	#ECEAF5	#FEFEFE
4217	#D0CAE5	#FCFCFC
4218	#E5E2F1	#FDFDFD
4219	#FDFCFE	#FFFFFF
4220	#F4F3F9	#FEFEFE
4221	#D5CFE8	#FDFDFD
4222	#E3DFF0	#FDFDFD
4223	#CBC5E3	#FDFDFD
4224	#E2DEEF	#FDFDFD
4225	#FBFBFD	#FFFFFF
4226	#EED9D7	#FEFEFE
4227	#E5E1F1	#FEFEFE
4228	#FCF7F7	#FFFFFF
4229	#F6F4FA	#FFFFFF
4230	#E6E2F1	#FEFEFE
4231	#E2DEEF	#FDFDFD
4232	#E5E2F1	#FDFDFD
4233	#F9F9FC	#FFFFFF
4234	#F5E9E8	#FEFEFE
4235	#E9E6F3	#FEFEFE
4236	#FBFAFD	#FFFFFF
4237	#F6EAE8	#FEFEFE
4238	#BCB4DB	#F8F8F8
4239	#CDC7E4	#F8F8F8
4240	#D3CDE7	#FCFCFC
4241	#E6E3F2	#FEFEFE
4242	#DAD6EB	#FCFCFC
4244	#DDD8EC	#FAFAFA
4245	#EFECF6	#FEFEFE
4246	#EDEAF5	#FEFEFE
4247	#D8D2EA	#FDFDFD
4248	#F8F7FB	#FFFFFF
4249	#E7E4F2	#FEFEFE
4250	#E5E1F1	#FEFEFE
4251	#FCFBFD	#FFFFFF
4252	#C2BBDE	#FAFAFA
4253	#FAF9FC	#FFFFFF
4254	#E3E0F0	#FEFEFE
4255	#D4CFE8	#FDFDFD
4256	#DDD8ED	#FDFDFD
4257	#EFECF6	#FEFEFE
4258	#E9CECB	#FEFEFE
4259	#E1BEBA	#FEFEFE
4260	#AEA5D3	#FCFCFC
4261	#FAF9FC	#FFFFFF
4262	#F8EEED	#FFFFFF
4263	#FBF6F6	#FFFFFF
4264	#DED9ED	#FEFEFE
4265	#D4CEE8	#FEFEFE
4266	#DED9ED	#FEFEFE
4267	#CEC7E4	#FCFCFC
4268	#D7D2E9	#FDFDFD
4269	#E8E5F3	#FEFEFE
4270	#E6E2F1	#FEFEFE
4271	#E6E3F2	#FEFEFE
4272	#FEFDFD	#FFFFFF
4273	#B8AFD8	#FBFBFB
4274	#F5F4FA	#FFFFFF
4275	#DDD9ED	#FDFDFD
4276	#FCF7F7	#FFFFFF
4277	#D4CFE8	#FDFDFD
4278	#E2DFF0	#FDFDFD
4279	#DEDAED	#FEFEFE
4280	#D7D1E9	#FDFDFD
4281	#EDEAF5	#FEFEFE
4282	#FBF6F6	#FFFFFF
4283	#FFFEFE	#FFFFFF
4284	#ECE9F5	#FEFEFE
4285	#FEFEFE	#FFFFFF
4286	#EEECF6	#FFFFFF
4287	#EDD6D3	#FEFEFE
4289	#BDB5DB	#FCFCFC
4290	#C6BFE0	#F8F8F8
4291	#D3CEE7	#FCFCFC
4292	#F6F5FA	#FFFFFF
4293	#F9F8FC	#FFFFFF
4294	#DAD5EB	#F9F9F9
4295	#E0DCEE	#FAFAFA
4296	#E8E5F3	#FDFDFD
4297	#FDFAF9	#FFFFFF
4298	#C9C3E2	#FBFBFB
4299	#D9D4EA	#FCFCFC
4300	#D3CEE7	#FDFDFD
4301	#F9F8FC	#FFFFFF
4302	#E8E5F3	#FEFEFE
4303	#F3F1F8	#FFFFFF
4304	#F6F5FA	#FFFFFF
4305	#F7EDEB	#FFFFFF
4306	#FBFAFD	#FFFFFF
4307	#C0B8DD	#F9F9F9
4308	#EEECF6	#FFFFFF
4309	#F7ECEA	#FFFFFF
4310	#A197CC	#FBFBFB
4311	#FFFEFE	#FFFFFF
4312	#EDEBF5	#FEFEFE
4313	#EEECF6	#FFFFFF
4314	#EDEBF5	#FEFEFE
4315	#F4E6E4	#FEFEFE
4316	#FBFAFD	#FFFFFF
4317	#DDD8EC	#FDFDFD
4318	#C1BADD	#F8F8F8
4319	#E5E2F1	#FEFEFE
4320	#DEDAED	#FCFCFC
4321	#DED9ED	#FDFDFD
4322	#E6E2F1	#FEFEFE
4323	#DEDAED	#FEFEFE
4324	#E3DFF0	#FDFDFD
4325	#EAE8F4	#FEFEFE
4326	#F7F6FB	#FFFFFF
4327	#E8E4F2	#FEFEFE
4328	#F9F2F1	#FFFFFF
4329	#EEECF6	#FEFEFE
4330	#DCD7EC	#FEFEFE
4331	#F6F5FA	#FFFFFF
4332	#F3F1F9	#FEFEFE
4333	#FAF4F3	#FFFFFF
4334	#F6F5FA	#FFFFFF
4335	#ECE9F5	#FEFEFE
4336	#F0DDDB	#FEFEFE
4337	#E6E2F1	#FEFEFE
4338	#E1BEBA	#FEFEFE
4339	#CEC8E4	#FBFBFB
4340	#DDD9ED	#FCFCFC
4341	#E7E3F2	#FEFEFE
4342	#F1EFF8	#FEFEFE
4343	#FBF5F5	#FFFFFF
4345	#DAD5EB	#F8F8F8
4346	#DEDAED	#F8F8F8
4347	#FDFDFE	#FFFFFF
4348	#F0EEF7	#FEFEFE
4349	#C9C2E2	#FBFBFB
4350	#E6E2F1	#FEFEFE
4351	#B7AFD8	#FDFDFD
4352	#DDD8ED	#FDFDFD
4353	#A197CC	#FBFBFB
4354	#D4CEE8	#FEFEFE
4355	#BDB5DB	#FCFCFC
4356	#E4E1F1	#FEFEFE
4357	#EAE7F3	#FDFDFD
4358	#EAE7F4	#FEFEFE
4359	#D4CEE8	#FEFEFE
4360	#D6D0E9	#FCFCFC
4361	#EAE7F4	#FEFEFE
4362	#F9F9FC	#FFFFFF
4363	#EFECF6	#FFFFFF
4364	#DEDAED	#FEFEFE
4365	#E6E2F1	#FEFEFE
4366	#AFA5D3	#FCFCFC
4367	#F7ECEA	#FFFFFF
4368	#C6BEE0	#FBFBFB
4369	#F9F9FC	#FFFFFF
4370	#DFDBEE	#FEFEFE
4371	#DDD9ED	#FDFDFD
4372	#EDEAF5	#FEFEFE
4373	#F3F1F8	#FFFFFF
4374	#F6F5FA	#FFFFFF
4375	#ECE9F5	#FEFEFE
4376	#DCD7EC	#FEFEFE
4377	#FCF7F6	#FFFFFF
4378	#F6F5FA	#FFFFFF
4379	#DFDBEE	#FCFCFC
4380	#DDD8EC	#FDFDFD
4381	#FDFCFE	#FFFFFF
4382	#FFFFFF	#FFFFFF
4383	#EEECF6	#FEFEFE
4384	#FAF4F3	#FFFFFF
4385	#E2DEEF	#FDFDFD
4386	#F7ECEA	#FEFEFE
4387	#F2F0F8	#FEFEFE
4388	#EFEDF6	#FEFEFE
4390	#E1DDEF	#FDFDFD
4391	#EDEAF5	#FEFEFE
4392	#E2DEEF	#FDFDFD
4393	#F4F3F9	#FEFEFE
4394	#E5E1F1	#FDFDFD
4395	#CAC3E2	#F7F7F7
4396	#E4E0F0	#FAFAFA
4397	#E8E5F2	#FCFCFC
4398	#EAE8F4	#FEFEFE
4399	#D1CBE6	#FBFBFB
4400	#ECD5D2	#FEFEFE
4401	#EEECF6	#FEFEFE
4402	#BCB4DB	#FBFBFB
4403	#C1B9DD	#FAFAFA
4404	#F6F4FA	#FFFFFF
4405	#EDEAF5	#FEFEFE
4406	#DDD8EC	#FDFDFD
4407	#FBF6F6	#FFFFFF
4408	#D9D4EA	#FCFCFC
4409	#B7AFD8	#FDFDFD
4410	#FDFBFA	#FFFFFF
4411	#FBFAFD	#FFFFFF
4412	#D4CEE7	#FDFDFD
4413	#F9F9FC	#FFFFFF
4414	#EEEBF6	#FEFEFE
4415	#B9B0D9	#FAFAFA
4416	#EFEDF6	#FEFEFE
4417	#EFECF6	#FFFFFF
4418	#EEECF6	#FFFFFF
4419	#F0EEF7	#FEFEFE
4420	#CBC5E3	#FDFDFD
4421	#F9F8FC	#FFFFFF
4422	#D5CFE8	#FCFCFC
4423	#CBC4E3	#FBFBFB
4424	#D0C9E5	#FBFBFB
4425	#F4E6E4	#FEFEFE
4426	#F9F8FC	#FFFFFF
4427	#C4BCDF	#FCFCFC
4428	#DFDAED	#FEFEFE
4429	#FEFDFD	#FFFFFF
4430	#DBD7EC	#FCFCFC
4431	#E6E3F2	#FEFEFE
4432	#E8E5F3	#FDFDFD
4433	#F9F2F0	#FFFFFF
4434	#BE8079	#FAFAFA
4435	#FEFEFE	#FFFFFF
4436	#F2F0F8	#FEFEFE
4437	#FEFEFE	#FFFFFF
4438	#F9F8FC	#FFFFFF
4439	#E5E1F1	#FEFEFE
4440	#D6D1E9	#FCFCFC
4441	#F2F0F8	#FFFFFF
4442	#C4BCDF	#FAFAFA
4443	#DFDAED	#FDFDFD
4444	#E6E2F1	#FEFEFE
4446	#DDD8ED	#FAFAFA
4447	#D2CCE7	#F7F7F7
4448	#EFECF6	#FEFEFE
4449	#C7C0E1	#FCFCFC
4450	#A79ECF	#FBFBFB
4451	#B8AFD8	#FBFBFB
4452	#FBF6F5	#FFFFFF
4453	#CCC5E3	#FDFDFD
4454	#C9C2E2	#FBFBFB
4455	#FCFBFD	#FFFFFF
4456	#E5E1F1	#FEFEFE
4457	#F4E6E4	#FEFEFE
4458	#E4E0F0	#FCFCFC
4459	#FEFDFD	#FFFFFF
4460	#BEB6DB	#FCFCFC
4461	#FCFBFD	#FFFFFF
4462	#FBF6F6	#FFFFFF
4463	#EBD4D0	#FEFEFE
4464	#F7F6FB	#FFFFFF
4465	#DED9ED	#FDFDFD
4466	#E6C8C5	#FDFDFD
4467	#FFFEFE	#FFFFFF
4468	#F7F5FA	#FFFFFF
4469	#CEC7E4	#FAFAFA
4470	#E6E3F1	#FEFEFE
4471	#F8EEED	#FFFFFF
4472	#E8E4F2	#FEFEFE
4473	#E7E4F2	#FDFDFD
4474	#EAE7F4	#FEFEFE
4475	#E3DFF0	#FDFDFD
4476	#EFDCDA	#FEFEFE
4477	#F6EAE8	#FEFEFE
4478	#FCF7F7	#FFFFFF
4479	#EAE7F4	#FEFEFE
4480	#CAC3E2	#FBFBFB
4481	#FDFCFE	#FFFFFF
4482	#D5CFE8	#FBFBFB
4483	#E5E1F1	#FDFDFD
4484	#DEDAED	#FDFDFD
4485	#FDFCFE	#FFFFFF
4486	#F5F4FA	#FFFFFF
4487	#FDFAFA	#FFFFFF
4488	#FBF6F6	#FFFFFF
4489	#FBFAFD	#FFFFFF
4491	#E1DDEF	#FDFDFD
4492	#DDD8ED	#FDFDFD
4493	#FFFEFE	#FFFFFF
4494	#CBC4E3	#FCFCFC
4495	#C0B8DC	#F9F9F9
4496	#D4CEE8	#FBFBFB
4497	#968CC6	#EEEEEE
4498	#CBC4E3	#F8F8F8
4499	#DEDAED	#FDFDFD
4500	#B7AFD8	#FDFDFD
4501	#DCD7EC	#FEFEFE
4502	#ECEAF5	#FEFEFE
4503	#E6E3F1	#FEFEFE
4504	#FFFEFE	#FFFFFF
4505	#FBF6F5	#FFFFFF
4506	#F6F4FA	#FFFFFF
4507	#AFA5D3	#FCFCFC
4508	#B7AFD8	#FDFDFD
4509	#EDEBF5	#FEFEFE
4510	#E4E0F0	#FEFEFE
4511	#F8EEED	#FFFFFF
4512	#DDD8EC	#FEFEFE
4513	#FEFDFC	#FFFFFF
4514	#CEC8E4	#FCFCFC
4515	#CDC7E4	#FDFDFD
4516	#F5F4FA	#FFFFFF
4517	#E5E1F1	#FEFEFE
4518	#E8E5F3	#FEFEFE
4519	#F2F0F8	#FEFEFE
4520	#E4E0F0	#FDFDFD
4521	#FFFFFF	#FFFFFF
4522	#FBFAFD	#FFFFFF
4523	#BEB6DC	#FCFCFC
4524	#F2F1F8	#FEFEFE
4525	#F9F8FC	#FFFFFF
4526	#FBF6F5	#FFFFFF
4527	#DCD7EC	#FEFEFE
4528	#D3CEE7	#FDFDFD
4529	#E5E1F1	#FEFEFE
4530	#D0CAE5	#FCFCFC
4531	#D2CDE7	#FBFBFB
4532	#E1DDEF	#FDFDFD
4533	#FAF9FC	#FFFFFF
4534	#EAE8F4	#FEFEFE
4535	#E0BCB7	#FCFCFC
4536	#E9CFCC	#FDFDFD
4537	#FBFAFD	#FFFFFF
4538	#FEFDFD	#FFFFFF
4539	#FBF5F4	#FFFFFF
4540	#B7AFD8	#FDFDFD
4541	#9389C4	#F4F4F4
4542	#8C81C0	#F8F8F8
4543	#FBF6F5	#FFFFFF
4544	#E4E0F0	#FEFEFE
4545	#D4CFE8	#FDFDFD
4547	#E3DFF0	#FDFDFD
4548	#FBFAFD	#FFFFFF
4549	#E0DCEE	#FBFBFB
4550	#E5E1F1	#FCFCFC
4551	#EAE7F3	#FDFDFD
4552	#E1DDEF	#FBFBFB
4553	#E2DEF0	#FCFCFC
4554	#E5E2F1	#FDFDFD
4555	#C2BBDE	#F8F8F8
4556	#DFDBEE	#FCFCFC
4557	#DDD9ED	#FDFDFD
4558	#EFECF6	#FEFEFE
4559	#EBE8F4	#FEFEFE
4560	#F1E0DE	#FEFEFE
4561	#E6E2F1	#FEFEFE
4562	#EFEDF7	#FFFFFF
4563	#FBFBFD	#FFFFFF
4564	#D7D2E9	#FDFDFD
4565	#D7D2EA	#FDFDFD
4566	#F6F5FA	#FFFFFF
4567	#D0CAE6	#FCFCFC
4568	#EDEAF5	#FEFEFE
4569	#E5E1F1	#FEFEFE
4570	#E9E6F3	#FDFDFD
4571	#E5E2F1	#FEFEFE
4572	#CDC7E4	#FBFBFB
4573	#FBFAFD	#FFFFFF
4574	#E7E3F2	#FEFEFE
4575	#FBF6F5	#FFFFFF
4576	#DED9ED	#FEFEFE
4577	#BEB6DB	#FCFCFC
4578	#EAE7F3	#FEFEFE
4579	#BCB3DA	#FAFAFA
4580	#B7AFD8	#FDFDFD
4581	#E5E1F1	#FCFCFC
4582	#EFEDF6	#FEFEFE
4583	#9085C3	#F9F9F9
4584	#FEFDFD	#FFFFFF
4585	#DFDAEE	#FCFCFC
4586	#DEDAED	#FDFDFD
4587	#F9F8FC	#FFFFFF
4588	#DCD7EC	#FEFEFE
4589	#F6F4FA	#FFFFFF
4590	#FEFDFC	#FFFFFF
4592	#DCD7EC	#FBFBFB
4593	#E0DBEE	#FCFCFC
4594	#EEECF6	#FEFEFE
4595	#F2F0F8	#FEFEFE
4596	#E2DEEF	#FAFAFA
4597	#DAD5EB	#FCFCFC
4598	#EEEBF6	#FEFEFE
4599	#DED9ED	#FDFDFD
4600	#EAE7F4	#FDFDFD
4601	#D7D1E9	#F9F9F9
4602	#E7E3F2	#FCFCFC
4603	#EFECF6	#FDFDFD
4604	#E3DFF0	#FCFCFC
4605	#E2DEEF	#FDFDFD
4606	#C1B9DD	#F7F7F7
4607	#CEC8E5	#FCFCFC
4608	#D9D4EA	#FCFCFC
4609	#FAF3F2	#FFFFFF
4610	#F4F3F9	#FEFEFE
4611	#D1CBE6	#FCFCFC
4612	#DEDAED	#FDFDFD
4613	#FBFAFD	#FFFFFF
4614	#F5F4FA	#FFFFFF
4615	#CAC3E2	#FAFAFA
4616	#E2DFF0	#FDFDFD
4617	#F6F5FA	#FFFFFF
4618	#FBF6F6	#FFFFFF
4619	#EFECF6	#FFFFFF
4620	#DFDAED	#FEFEFE
4621	#CAC3E2	#F8F8F8
4622	#DED9ED	#FDFDFD
4623	#C6BFE0	#FBFBFB
4624	#9F95CB	#F7F7F7
4625	#FCF7F6	#FFFFFF
4626	#E6E2F1	#FEFEFE
4627	#EEECF6	#FFFFFF
4628	#F7ECEB	#FFFFFF
4629	#D8D3EA	#FDFDFD
4630	#E3DFF0	#FEFEFE
4631	#F1EFF7	#FFFFFF
4632	#CEC7E4	#FAFAFA
4633	#B7AFD8	#FDFDFD
4634	#F9F8FC	#FFFFFF
4635	#F5E7E6	#FEFEFE
4636	#F2F0F8	#FEFEFE
4637	#EDEAF5	#FEFEFE
4638	#CBC5E3	#FDFDFD
4639	#D3CDE7	#FCFCFC
4640	#E5E1F1	#FEFEFE
4641	#FBF6F5	#FFFFFF
4642	#DDD9ED	#FBFBFB
4643	#F2F1F8	#FEFEFE
4644	#EDEBF5	#FDFDFD
4645	#E4E0F0	#FBFBFB
4646	#D7D2E9	#F8F8F8
4648	#CFC8E5	#FBFBFB
4649	#FEFDFE	#FFFFFF
4650	#CEC7E4	#F7F7F7
4651	#DDD9ED	#FCFCFC
4652	#FBF7F6	#FFFFFF
4653	#ECE9F4	#FDFDFD
4654	#F0EEF7	#FEFEFE
4655	#E4E1F1	#FDFDFD
4656	#E5E1F1	#FDFDFD
4657	#E6E2F1	#FEFEFE
4658	#D5D0E8	#FCFCFC
4659	#E1BEB9	#FDFDFD
4660	#DCD7EC	#FBFBFB
4661	#EFECF6	#FEFEFE
4662	#E3DFF0	#FEFEFE
4663	#DED9ED	#FEFEFE
4664	#F7EEEC	#FEFEFE
4665	#C2BADE	#FBFBFB
4666	#C1BADD	#FBFBFB
4667	#F5F4FA	#FFFFFF
4668	#E9E6F3	#FEFEFE
4669	#C7C0E1	#FCFCFC
4670	#FEFDFC	#FFFFFF
4671	#E2DFF0	#FCFCFC
4672	#D4CFE8	#FDFDFD
4673	#AFA5D3	#FCFCFC
4674	#FDFBFA	#FFFFFF
4675	#C3BBDE	#FDFDFD
4676	#FEFCFC	#FFFFFF
4677	#F3F1F9	#FFFFFF
4678	#FBF7F6	#FFFFFF
4679	#EEECF6	#FEFEFE
4680	#FAF9FC	#FFFFFF
4681	#9B91C8	#FAFAFA
4682	#E1DCEE	#FBFBFB
4683	#E4E0F0	#FEFEFE
4684	#8278BB	#F6F6F6
4685	#C6BFE0	#FCFCFC
4686	#FCF9F8	#FFFFFF
4687	#F2E2E0	#FEFEFE
4688	#C3BBDE	#FAFAFA
4689	#EDEBF5	#FEFEFE
4690	#EFEDF7	#FEFEFE
4691	#EFEDF6	#FEFEFE
4693	#DEDAED	#FBFBFB
4694	#D9D4EB	#FBFBFB
4695	#D9D4EB	#FBFBFB
4696	#EBE9F4	#FDFDFD
4697	#D6D0E9	#F8F8F8
4698	#DBD6EC	#FCFCFC
4699	#CFC9E5	#FBFBFB
4700	#D7D1E9	#FBFBFB
4701	#DBD7EC	#F9F9F9
4702	#EBE8F4	#FDFDFD
4703	#E6E3F2	#FDFDFD
4704	#EFEDF7	#FEFEFE
4705	#EDEAF5	#FDFDFD
4706	#BDB5DB	#F8F8F8
4707	#CFC9E5	#FAFAFA
4708	#F8F7FB	#FFFFFF
4709	#EAE7F3	#FEFEFE
4710	#DCD8EC	#FCFCFC
4711	#CFC8E5	#F8F8F8
4712	#E7E3F2	#FEFEFE
4713	#FBFAFD	#FFFFFF
4714	#EFEDF6	#FEFEFE
4715	#DEDAED	#FDFDFD
4716	#DEB9B5	#FCFCFC
4717	#F8EEED	#FEFEFE
4718	#A79DCF	#FBFBFB
4719	#E5E1F1	#FEFEFE
4720	#C7C0E1	#FCFCFC
4721	#FCFBFD	#FFFFFF
4722	#F0EEF7	#FEFEFE
4723	#F0EDF7	#FFFFFF
4724	#E5E1F1	#FEFEFE
4725	#FAF9FC	#FFFFFF
4726	#EEECF6	#FFFFFF
4727	#E3C3BF	#FDFDFD
4728	#E4E1F1	#FEFEFE
4729	#B7AFD8	#FBFBFB
4730	#FFFFFF	#FFFFFF
4731	#EBE8F4	#FEFEFE
4732	#A197CC	#FBFBFB
4733	#CFC9E5	#FBFBFB
4734	#BEB6DB	#FCFCFC
4735	#F6F4FA	#FFFFFF
4736	#DCD7EC	#FEFEFE
4737	#E6E2F1	#FEFEFE
4738	#F4E5E4	#FEFEFE
4739	#E4E1F1	#FEFEFE
4740	#FEFDFD	#FFFFFF
4741	#FBF6F6	#FFFFFF
4742	#CAC3E2	#FBFBFB
4743	#E8E4F2	#FDFDFD
4744	#CEC8E4	#FBFBFB
4745	#C8C0E1	#F7F7F7
4746	#E9E6F3	#FCFCFC
4747	#EFEDF6	#FDFDFD
4749	#FCFBFD	#FFFFFF
4750	#F6F4FA	#FEFEFE
4751	#D0CAE6	#F7F7F7
4752	#E4E0F0	#FCFCFC
4753	#E5E2F1	#FDFDFD
4754	#EDEBF5	#FDFDFD
4755	#E6E2F1	#FCFCFC
4756	#E0DCEE	#FCFCFC
4757	#D5CFE8	#FCFCFC
4758	#E5E1F1	#FDFDFD
4759	#FFFFFF	#FFFFFF
4760	#F7F5FA	#FFFFFF
4761	#EDEBF5	#FEFEFE
4762	#CEC8E4	#FCFCFC
4763	#EFECF6	#FEFEFE
4764	#C6BEE0	#FAFAFA
4765	#DCD8EC	#FEFEFE
4766	#EBE8F4	#FEFEFE
4767	#F6F5FA	#FFFFFF
4768	#FAFAFD	#FFFFFF
4769	#FBFBFD	#FFFFFF
4770	#E4E1F0	#FEFEFE
4771	#D9D3EA	#FDFDFD
4772	#F1EFF7	#FEFEFE
4773	#CEC7E4	#FCFCFC
4774	#A79ECF	#F9F9F9
4775	#F7F5FA	#FFFFFF
4776	#CBC5E3	#FCFCFC
4777	#F5F4FA	#FFFFFF
4778	#EEECF6	#FFFFFF
4779	#EDEAF5	#FEFEFE
4780	#DDD9ED	#FDFDFD
4781	#C2BADE	#FBFBFB
4782	#DDD8EC	#FEFEFE
4783	#E8E5F2	#FEFEFE
4784	#CDC7E4	#FDFDFD
4785	#EFEDF6	#FEFEFE
4786	#C6BFE0	#FCFCFC
4787	#FAFAFC	#FFFFFF
4788	#FFFFFF	#FFFFFF
4789	#E8E4F2	#FEFEFE
4790	#D9D4EA	#FDFDFD
4791	#EED9D7	#FEFEFE
4792	#FBF7F6	#FFFFFF
4794	#DED9ED	#FCFCFC
4795	#FAF9FC	#FFFFFF
4796	#E9E6F3	#FDFDFD
4797	#E5E2F1	#FCFCFC
4798	#DFDBEE	#FAFAFA
4799	#DFDAED	#FDFDFD
4800	#E6E2F1	#FEFEFE
4801	#EEEBF6	#FEFEFE
4802	#E9E6F3	#FCFCFC
4803	#E7E3F2	#FDFDFD
4804	#E0DCEE	#FBFBFB
4805	#D5CFE8	#F9F9F9
4806	#DED9ED	#FBFBFB
4807	#E7E4F2	#FDFDFD
4808	#D7D2E9	#FAFAFA
4809	#F9F8FC	#FFFFFF
4810	#EBE9F4	#FEFEFE
4811	#E6E3F1	#FEFEFE
4812	#F6F4FA	#FEFEFE
4813	#E5E1F1	#FEFEFE
4814	#EEECF6	#FEFEFE
4815	#978CC6	#F5F5F5
4816	#EFEDF6	#FEFEFE
4817	#D4CFE8	#FDFDFD
4818	#F9F1F0	#FFFFFF
4819	#F3E4E3	#FEFEFE
4820	#E3DFF0	#FEFEFE
4821	#ECE9F4	#FEFEFE
4822	#D9D3EA	#FDFDFD
4823	#DDD9ED	#FDFDFD
4824	#F2F0F8	#FEFEFE
4825	#F6F5FA	#FFFFFF
4826	#CDC7E4	#FCFCFC
4827	#F2F0F8	#FEFEFE
4828	#ACA3D2	#FAFAFA
4829	#CDC7E4	#FCFCFC
4830	#F6F5FA	#FFFFFF
4831	#D8D3EA	#FDFDFD
4832	#D5CFE8	#FDFDFD
4833	#C1BADD	#FBFBFB
4834	#E8E5F3	#FDFDFD
4835	#D3CDE7	#FDFDFD
4836	#C7C0E1	#FCFCFC
4837	#D3CDE7	#FCFCFC
4838	#AFA6D3	#FCFCFC
4839	#FBF6F5	#FFFFFF
4840	#D7D1E9	#FDFDFD
4841	#E5E2F1	#FEFEFE
4842	#D4CEE8	#FEFEFE
4843	#F4E5E3	#FEFEFE
4844	#E3DFF0	#FCFCFC
4845	#E5E1F1	#FDFDFD
4846	#D8D2EA	#F9F9F9
4847	#DBD6EC	#FAFAFA
4848	#E8E4F2	#FCFCFC
4850	#E2DDEF	#FDFDFD
4851	#FDFDFE	#FFFFFF
4852	#DED9ED	#FBFBFB
4853	#F3F1F8	#FEFEFE
4854	#F2F1F8	#FEFEFE
4855	#DCD8EC	#FAFAFA
4856	#DBD6EC	#FAFAFA
4857	#EDEAF5	#FDFDFD
4858	#DAD5EB	#FAFAFA
4859	#C1BADD	#F3F3F3
4860	#E4E1F1	#FDFDFD
4861	#EBE8F4	#FEFEFE
4862	#E4E1F1	#FDFDFD
4863	#F1EFF7	#FEFEFE
4864	#F0EEF7	#FEFEFE
4865	#DDD9ED	#FDFDFD
4866	#E7E3F2	#FEFEFE
4867	#F9F8FC	#FFFFFF
4868	#FAF9FC	#FFFFFF
4869	#C2BADE	#FBFBFB
4870	#E4C4C0	#FDFDFD
4871	#CDC7E4	#FCFCFC
4872	#F2F0F8	#FFFFFF
4873	#E8E5F3	#FDFDFD
4874	#E5E1F1	#FEFEFE
4875	#FBF6F5	#FFFFFF
4876	#BFB7DC	#FCFCFC
4877	#FBF6F6	#FFFFFF
4878	#C5BDDF	#FCFCFC
4879	#EFEDF6	#FEFEFE
4880	#FFFEFE	#FFFFFF
4881	#EEECF6	#FEFEFE
4882	#A197CC	#FBFBFB
4883	#F8EFED	#FFFFFF
4884	#ECE9F5	#FEFEFE
4885	#DDD9ED	#FEFEFE
4886	#EDEAF5	#FEFEFE
4887	#FEFCFC	#FFFFFF
4888	#C7C0E0	#FCFCFC
4889	#E1BEBA	#FEFEFE
4890	#F6F5FA	#FFFFFF
4891	#D8D3EA	#FCFCFC
4892	#E5E1F1	#FEFEFE
4893	#F6F5FA	#FFFFFF
4895	#E9E5F3	#FDFDFD
4896	#FCF8F7	#FFFFFF
4897	#DEDAED	#FBFBFB
4898	#EAE7F3	#FDFDFD
4899	#D9D4EB	#FAFAFA
4900	#D8D2EA	#FBFBFB
4901	#CDC6E4	#F8F8F8
4902	#E3DFF0	#FEFEFE
4903	#E1DDEF	#FBFBFB
4904	#F9F8FC	#FFFFFF
4905	#F0EEF7	#FEFEFE
4906	#EBE9F4	#FDFDFD
4907	#BCB4DB	#F7F7F7
4908	#D9D3EA	#FBFBFB
4909	#C9C2E2	#F3F3F3
4910	#E5E2F1	#FCFCFC
4911	#D8D3EA	#FDFDFD
4912	#E1DDEF	#FDFDFD
4913	#E5E1F1	#FEFEFE
4914	#F2F0F8	#FFFFFF
4915	#EAE7F3	#FEFEFE
4916	#9C92C9	#F6F6F6
4917	#EBE8F4	#FEFEFE
4918	#FDFAFA	#FFFFFF
4919	#E1DDEF	#FDFDFD
4920	#EAE8F4	#FEFEFE
4921	#ADA3D2	#FAFAFA
4922	#D2CCE7	#FCFCFC
4923	#F7ECEB	#FFFFFF
4924	#E5E2F1	#FDFDFD
4925	#B2A9D5	#FAFAFA
4926	#E5E2F1	#FDFDFD
4927	#FAFAFC	#FFFFFF
4928	#F6F5FA	#FFFFFF
4929	#E4E0F0	#FEFEFE
4930	#9086C3	#F9F9F9
4931	#F2F0F8	#FEFEFE
4932	#C3BBDE	#FDFDFD
4933	#E4E1F1	#FEFEFE
4934	#D4CEE8	#FDFDFD
4935	#CEC8E4	#FAFAFA
4936	#BCB4DB	#FBFBFB
4937	#E5E1F1	#FEFEFE
4938	#F9F8FC	#FFFFFF
4939	#F4E6E4	#FEFEFE
4940	#CBC5E3	#FDFDFD
4941	#DED9ED	#FDFDFD
4942	#E8E4F2	#FEFEFE
4943	#CCC6E3	#FBFBFB
4944	#EDD6D3	#FEFEFE
4945	#FDFBFA	#FFFFFF
4946	#EEEBF6	#FEFEFE
4947	#EDEAF5	#FDFDFD
4948	#DFDBEE	#FBFBFB
4949	#F3F2F9	#FEFEFE
4951	#CAC4E2	#F8F8F8
4952	#D1CBE6	#FBFBFB
4953	#C5BEDF	#F6F6F6
4954	#F8F7FB	#FEFEFE
4955	#DDD9ED	#F9F9F9
4956	#E9E6F3	#FDFDFD
4957	#E4E0F0	#FCFCFC
4958	#EBE8F4	#FDFDFD
4959	#DCD7EC	#FBFBFB
4960	#DDD9ED	#FAFAFA
4961	#DCD8EC	#FCFCFC
4962	#E5E1F1	#FDFDFD
4963	#EFEDF7	#FEFEFE
4964	#968CC6	#F5F5F5
4965	#DDD8EC	#FDFDFD
4966	#CFC9E5	#FBFBFB
4967	#B7AFD8	#FBFBFB
4968	#D3CDE7	#FCFCFC
4969	#EDEAF5	#FEFEFE
4970	#FAF9FC	#FFFFFF
4971	#EEECF6	#FFFFFF
4972	#D8D3EA	#FDFDFD
4973	#B7AFD8	#FAFAFA
4974	#F6F5FA	#FFFFFF
4975	#F1E0DD	#FEFEFE
4976	#D8D3EA	#FDFDFD
4977	#FBF6F6	#FFFFFF
4978	#F9F8FC	#FFFFFF
4979	#CDC6E4	#FCFCFC
4980	#EBE8F4	#FEFEFE
4981	#CBC5E3	#FCFCFC
4982	#FAFAFC	#FFFFFF
4983	#EBE8F4	#FEFEFE
4984	#D1CBE6	#FCFCFC
4985	#DEDAED	#FCFCFC
4986	#B8AFD8	#FBFBFB
4987	#F0DDDA	#FEFEFE
4988	#A89ECF	#F9F9F9
4989	#DFDBEE	#FEFEFE
4990	#FBF6F5	#FFFFFF
4991	#DEDAED	#FEFEFE
4992	#FDFBFB	#FFFFFF
4993	#FEFEFE	#FFFFFF
4994	#E6E3F2	#FEFEFE
4996	#D3CDE7	#FAFAFA
4997	#CCC6E3	#F9F9F9
4998	#DFDBEE	#FCFCFC
4999	#ECE9F5	#FDFDFD
5000	#F4F2F9	#FEFEFE
5001	#DCD7EC	#FBFBFB
5002	#CAC3E2	#FBFBFB
5003	#E9E6F3	#FEFEFE
5004	#D1CAE6	#F8F8F8
5005	#C4BDDF	#F6F6F6
5006	#DBD6EC	#FBFBFB
5007	#F0EEF7	#FEFEFE
5008	#DAD5EB	#F7F7F7
5009	#CAC3E2	#F7F7F7
5010	#F0EDF7	#FEFEFE
5011	#C6BEE0	#F8F8F8
5012	#ACA2D2	#F7F7F7
5013	#E2DEEF	#FDFDFD
5014	#B8B0D8	#F7F7F7
5015	#B4ABD6	#F9F9F9
5016	#D2CCE6	#FBFBFB
5017	#C1B9DD	#F7F7F7
5018	#EFECF6	#FEFEFE
5019	#C6BFE0	#FBFBFB
5020	#E4E0F0	#FEFEFE
5021	#CDC7E4	#FCFCFC
5022	#B8B0D9	#FBFBFB
5023	#FBFAFD	#FFFFFF
5024	#FFFEFE	#FFFFFF
5025	#E7E4F2	#FDFDFD
5026	#B7AFD8	#FDFDFD
5027	#ACA3D2	#F9F9F9
5028	#DDD8ED	#FEFEFE
5029	#CDC7E4	#FCFCFC
5030	#B7AFD8	#FBFBFB
5031	#F8F7FB	#FFFFFF
5032	#C3BBDE	#FDFDFD
5033	#ADA4D3	#FAFAFA
5034	#F6F5FA	#FFFFFF
5035	#F2F0F8	#FFFFFF
5036	#DBD6EB	#FBFBFB
5037	#F6EAE8	#FEFEFE
5038	#FBFBFD	#FFFFFF
5039	#B2A9D5	#FAFAFA
5040	#D1CBE6	#FCFCFC
5041	#ECD5D2	#FEFEFE
5042	#D3CDE7	#FCFCFC
5043	#D6D1E9	#FDFDFD
5044	#FFFFFF	#FFFFFF
5045	#FAF9FC	#FFFFFF
5046	#BDB5DB	#F4F4F4
5047	#FFFFFF	#FFFFFF
5048	#F7F6FB	#FEFEFE
5049	#EBE9F4	#FDFDFD
5050	#D0CAE5	#F8F8F8
