group	fill	colour
2	#F9F0EF	#F2F2F2
3	#FDFAFA	#FDFDFD
4	#F8EFED	#F9F9F9
5	#F8F0EF	#F9F9F9
6	#FBF5F4	#FCFCFC
7	#F9F2F1	#FAFAFA
8	#F7EDEC	#F7F7F7
9	#FDFBFB	#FFFFFF
10	#FEFDFD	#FFFFFF
11	#FCF8F7	#FEFEFE
12	#F2F0F8	#FDFDFD
13	#F8F7FB	#FEFEFE
14	#F7ECEB	#F2F2F2
15	#FBF6F5	#FEFEFE
16	#FEFCFC	#FFFFFF
17	#FBF6F5	#FDFDFD
18	#F9F1F0	#FDFDFD
19	#FDFAFA	#FEFEFE
20	#F8F7FB	#FEFEFE
21	#FEFCFC	#FFFFFF
22	#F8F7FB	#FEFEFE
23	#FAF9FC	#FEFEFE
24	#FDFDFE	#FFFFFF
25	#F6EAE9	#F0F0F0
26	#FEFDFD	#FFFFFF
27	#FCF9F9	#FEFEFE
28	#F0EEF7	#FDFDFD
29	#EDEBF5	#FCFCFC
30	#F0EEF7	#FCFCFC
31	#F6F5FA	#FEFEFE
32	#F1EFF7	#FDFDFD
33	#F3F1F8	#FDFDFD
34	#F7F6FB	#FEFEFE
35	#F4F2F9	#FDFDFD
36	#F4E6E4	#EFEFEF
37	#F2F0F8	#FDFDFD
38	#FEFEFE	#FFFFFF
39	#FBFBFD	#FEFEFE
40	#F8F7FB	#FEFEFE
41	#F5F3F9	#FEFEFE
42	#F2F0F8	#FDFDFD
43	#F2F0F8	#FDFDFD
44	#F5F3F9	#FDFDFD
45	#FCF9F8	#FEFEFE
46	#F4E5E3	#EDEDED
47	#ECD6D3	#CDCDCD
48	#EBD2CF	#D5D5D5
49	#F8EFEE	#F8F8F8
50	#F9F1F0	#FAFAFA
52	#F1DFDC	#B7B7B7
53	#F8F0EE	#F4F4F4
54	#F6EAE9	#F7F7F7
55	#F6EBEA	#F7F7F7
56	#F7ECEA	#F6F6F6
57	#F4E6E5	#F2F2F2
58	#FBF5F4	#FCFCFC
59	#FCF8F8	#FEFEFE
60	#F8EEED	#FBFBFB
61	#FEFCFC	#FFFFFF
62	#FAF3F2	#FDFDFD
63	#FCFCFE	#FFFFFF
64	#F8EFEE	#F5F5F5
65	#FBF6F5	#FEFEFE
66	#F8EFED	#FCFCFC
67	#FBF6F5	#FEFEFE
68	#FDFBFB	#FEFEFE
69	#FCF9F8	#FEFEFE
70	#FEFDFD	#FFFFFF
71	#FBF5F4	#FEFEFE
72	#FEFDFD	#FFFFFF
73	#FDFAF9	#FEFEFE
74	#FDFBFB	#FFFFFF
75	#F7EDEC	#F4F4F4
76	#F6F5FA	#FEFEFE
77	#F8F7FB	#FEFEFE
78	#FDFDFE	#FFFFFF
79	#FEFEFE	#FFFFFF
80	#FEFDFC	#FFFFFF
81	#FFFEFE	#FFFFFF
82	#FBF5F5	#FEFEFE
83	#F3F2F9	#FDFDFD
84	#F5F3FA	#FDFDFD
85	#FCFBFD	#FFFFFF
86	#F2E1DF	#EAEAEA
87	#F8F7FB	#FEFEFE
88	#EEECF6	#FCFCFC
89	#F0EEF7	#FCFCFC
90	#ECE9F5	#FCFCFC
91	#FEFDFD	#FFFFFF
92	#F3F1F9	#FDFDFD
93	#FFFEFE	#FFFFFF
94	#F8F7FB	#FEFEFE
95	#FFFEFE	#FFFFFF
96	#F9F1F0	#FDFDFD
97	#F3E4E2	#EBEBEB
98	#EFDBD8	#DBDBDB
99	#EED9D6	#D3D3D3
100	#F3E4E2	#F0F0F0
101	#F9F2F0	#FAFAFA
103	#F6EBEA	#E5E5E5
104	#F8EFED	#F4F4F4
105	#F5E7E5	#F5F5F5
106	#F7EDEC	#F8F8F8
107	#F4E6E4	#F1F1F1
108	#F8EFEE	#F8F8F8
109	#FCF8F8	#FDFDFD
110	#FCF8F7	#FDFDFD
111	#FCF9F9	#FEFEFE
112	#F9F9FC	#FEFEFE
113	#FCF7F7	#FEFEFE
114	#FDF9F9	#FEFEFE
115	#F9F1F0	#F7F7F7
116	#F8EFEE	#FCFCFC
117	#FAF3F2	#FDFDFD
118	#F7ECEB	#FCFCFC
119	#FEFDFE	#FFFFFF
120	#F9F0EF	#FDFDFD
121	#FCFCFD	#FFFFFF
122	#FEFDFD	#FFFFFF
123	#FEFCFC	#FFFFFF
124	#FFFFFF	#FFFFFF
125	#FEFEFE	#FFFFFF
126	#F5E7E5	#F1F1F1
127	#FBF5F4	#FEFEFE
128	#ECE9F5	#FCFCFC
129	#F9F8FC	#FEFEFE
130	#F5F4FA	#FEFEFE
131	#F1F0F8	#FCFCFC
132	#F3F1F8	#FCFCFC
133	#EDEAF5	#FCFCFC
134	#FBFAFD	#FEFEFE
135	#F8F7FB	#FEFEFE
136	#FBFBFD	#FFFFFF
137	#F1E1DE	#E6E6E6
138	#FDFAFA	#FFFFFF
139	#EFECF6	#FCFCFC
140	#E9E6F3	#FBFBFB
141	#FBFBFD	#FFFFFF
142	#FEFEFF	#FFFFFF
143	#ECEAF5	#FCFCFC
144	#FAF4F3	#FEFEFE
145	#ECEAF5	#FCFCFC
146	#FEFDFE	#FFFFFF
147	#F2E1DF	#E3E3E3
148	#F1DFDD	#E3E3E3
149	#F2E1DF	#E6E6E6
150	#EFDCDA	#E6E6E6
151	#F7EEEC	#F8F8F8
153	#F1E0DE	#BABABA
154	#F9F1EF	#F5F5F5
155	#FEFDFD	#FFFFFF
156	#F9F8FC	#FDFDFD
157	#FEFCFC	#FFFFFF
158	#FEFEFE	#FFFFFF
159	#F9F0EF	#FAFAFA
160	#FCF9F8	#FEFEFE
161	#FBF6F6	#FDFDFD
162	#FAF3F2	#FCFCFC
163	#F9F8FC	#FDFDFD
164	#FBFBFD	#FEFEFE
165	#FAF4F3	#FAFAFA
166	#FDFCFE	#FEFEFE
167	#FAF9FC	#FEFEFE
168	#F6F5FA	#FCFCFC
169	#F9F8FC	#FEFEFE
170	#FFFFFF	#FFFFFF
171	#FAF9FC	#FEFEFE
172	#F5F3F9	#FDFDFD
173	#F8F7FB	#FEFEFE
174	#EFEDF6	#FCFCFC
175	#FCFCFE	#FFFFFF
176	#F8EFEE	#F7F7F7
177	#F6F5FA	#FEFEFE
178	#FDFDFE	#FFFFFF
179	#FDFDFE	#FFFFFF
180	#FDFBFB	#FFFFFF
181	#EFEDF6	#FDFDFD
182	#EFECF6	#FCFCFC
183	#F8F7FB	#FEFEFE
184	#EBE9F4	#FCFCFC
185	#FDFDFE	#FFFFFF
186	#FFFFFF	#FFFFFF
187	#F9F1F0	#F9F9F9
188	#FFFEFE	#FFFFFF
189	#F5F3FA	#FEFEFE
190	#F0EEF7	#FDFDFD
191	#F6F4FA	#FEFEFE
192	#FBF5F4	#FEFEFE
193	#FAF4F3	#FEFEFE
194	#FCF7F6	#FEFEFE
195	#FBFAFD	#FFFFFF
196	#FFFFFF	#FFFFFF
197	#FBFAFD	#FFFFFF
198	#F9F1F0	#FAFAFA
199	#FEFEFE	#FFFFFF
200	#F7F6FB	#FCFCFC
201	#FDFAF9	#FEFEFE
202	#FEFEFF	#FFFFFF
204	#F6ECEA	#E7E7E7
205	#F7ECEB	#F1F1F1
206	#FFFEFF	#FFFFFF
207	#F9F8FC	#FDFDFD
208	#FEFDFE	#FFFFFF
209	#FFFEFE	#FFFFFF
210	#FEFCFC	#FFFFFF
211	#FFFFFF	#FFFFFF
212	#FFFFFF	#FFFFFF
213	#FFFFFF	#FFFFFF
214	#FBFBFD	#FEFEFE
215	#FDFDFE	#FFFFFF
216	#F8EEED	#F5F5F5
217	#FCFCFE	#FFFFFF
218	#FAF9FC	#FEFEFE
219	#FBFBFD	#FEFEFE
220	#EDEBF5	#F6F6F6
221	#FAFAFD	#FEFEFE
222	#F3F2F9	#FCFCFC
223	#EDEBF5	#FBFBFB
224	#F6F5FA	#FEFEFE
225	#FCF9F8	#FEFEFE
226	#F8F7FB	#FEFEFE
227	#FCF7F7	#FDFDFD
228	#FCF8F8	#FEFEFE
229	#F4F2F9	#FEFEFE
230	#FEFEFE	#FFFFFF
231	#F6F5FA	#FEFEFE
232	#F1EFF7	#FDFDFD
233	#E4E1F1	#FAFAFA
234	#F3F1F9	#FDFDFD
235	#FDFAF9	#FFFFFF
236	#F6F4FA	#FEFEFE
237	#FCFCFE	#FFFFFF
238	#FCF9F8	#FDFDFD
239	#E0DCEE	#F8F8F8
240	#FCFBFD	#FFFFFF
241	#FCFCFE	#FFFFFF
242	#FEFDFE	#FFFFFF
243	#E4E1F1	#FBFBFB
244	#FEFDFD	#FFFFFF
245	#FBFBFD	#FFFFFF
246	#FEFEFE	#FFFFFF
247	#F7F6FB	#FEFEFE
248	#FBFAFD	#FEFEFE
249	#FCF8F7	#FDFDFD
250	#FCFBFD	#FEFEFE
251	#FFFFFF	#FFFFFF
252	#FEFEFD	#FFFFFF
254	#F0DCDA	#B1B1B1
255	#F8EEED	#F1F1F1
256	#FEFCFC	#FFFFFF
257	#FDFAF9	#FEFEFE
258	#FFFEFE	#FFFFFF
259	#FEFDFD	#FFFFFF
260	#FFFEFE	#FFFFFF
261	#FDF9F9	#FEFEFE
262	#FEFDFE	#FFFFFF
263	#FDFAF9	#FEFEFE
264	#FDFAFA	#FEFEFE
265	#FCF8F8	#FEFEFE
266	#F8F0EE	#F6F6F6
267	#FDFDFE	#FFFFFF
268	#FFFFFF	#FFFFFF
269	#F6F5FA	#FDFDFD
270	#F7F5FA	#FCFCFC
271	#ECE9F5	#F5F5F5
272	#F4F3F9	#FBFBFB
273	#F1EFF8	#FCFCFC
274	#F7F6FB	#FEFEFE
275	#F0EDF7	#FCFCFC
276	#FCFCFD	#FFFFFF
277	#FAF4F4	#FBFBFB
278	#E9E6F3	#FAFAFA
279	#FAF9FC	#FEFEFE
280	#F0EEF7	#FCFCFC
281	#FEFDFC	#FFFFFF
282	#FFFFFF	#FFFFFF
283	#F4F3F9	#FDFDFD
284	#FEFEFE	#FFFFFF
285	#F1EFF8	#FCFCFC
286	#EDEAF5	#FCFCFC
287	#FCFCFD	#FFFFFF
288	#FDF9F9	#FDFDFD
289	#F3F1F9	#FDFDFD
290	#F0EEF7	#FDFDFD
291	#FCFCFD	#FFFFFF
292	#FDFBFB	#FFFFFF
293	#F9F8FC	#FFFFFF
294	#FCFBFD	#FFFFFF
295	#FBF6F5	#FEFEFE
296	#F6F4FA	#FEFEFE
297	#F9F0EF	#FDFDFD
298	#FAF2F2	#FEFEFE
299	#FDFAF9	#FEFEFE
300	#F9F2F1	#FBFBFB
301	#FFFFFF	#FFFFFF
302	#FEFCFC	#FFFFFF
303	#FDFBFB	#FEFEFE
305	#F6EAE8	#E5E5E5
306	#F8EFEE	#F4F4F4
307	#F8F0EF	#FAFAFA
308	#FDFAF9	#FEFEFE
309	#FEFDFC	#FFFFFF
310	#FAF9FC	#FEFEFE
311	#FAFAFC	#FEFEFE
312	#F8F7FB	#FDFDFD
313	#F6F4FA	#FCFCFC
314	#FFFEFE	#FFFFFF
315	#FAF4F3	#FCFCFC
316	#F4F2F9	#FCFCFC
317	#F9F1F0	#F8F8F8
318	#F9F8FC	#FEFEFE
319	#FDFDFE	#FFFFFF
320	#F4F2F9	#FCFCFC
321	#F6F4FA	#FCFCFC
322	#F0EEF7	#F8F8F8
323	#EDEBF5	#F7F7F7
324	#ECE9F5	#FAFAFA
325	#F7F6FB	#FEFEFE
326	#F2F0F8	#FDFDFD
327	#FBFBFD	#FFFFFF
328	#FCF7F7	#FCFCFC
329	#F8F7FB	#FEFEFE
330	#FAF4F3	#FEFEFE
331	#FFFEFE	#FFFFFF
332	#FAFAFD	#FEFEFE
333	#F5F3F9	#FEFEFE
334	#F9F8FC	#FEFEFE
335	#F5F3F9	#FEFEFE
336	#EFECF6	#FCFCFC
337	#F6F5FA	#FEFEFE
338	#FCFCFE	#FFFFFF
339	#FAF4F3	#FCFCFC
340	#FCF7F7	#FEFEFE
341	#FAF9FC	#FEFEFE
342	#F6F4FA	#FEFEFE
343	#EAE7F4	#FDFDFD
344	#F1EEF7	#FDFDFD
345	#FEFEFE	#FFFFFF
346	#F0EEF7	#FDFDFD
347	#F8EFEE	#FEFEFE
348	#FBFBFD	#FFFFFF
349	#FDFBFB	#FEFEFE
350	#FFFFFF	#FFFFFF
351	#FEFEFF	#FFFFFF
352	#FEFDFD	#FFFFFF
353	#FCF8F8	#FEFEFE
355	#F0DEDC	#B8B8B8
356	#F8EFEE	#F4F4F4
357	#FCFCFD	#FEFEFE
358	#FFFFFF	#FFFFFF
359	#FAFAFD	#FEFEFE
360	#F6F5FA	#FCFCFC
361	#FCFBFD	#FEFEFE
362	#FDFDFE	#FFFFFF
363	#FBFAFD	#FEFEFE
364	#FDFCFE	#FFFFFF
365	#FCF7F7	#FDFDFD
366	#FEFDFE	#FFFFFF
367	#FAF4F3	#FAFAFA
368	#F9F8FB	#FDFDFD
369	#FBFBFD	#FEFEFE
370	#F5F3F9	#FCFCFC
371	#F6F5FA	#FCFCFC
372	#F3F1F9	#FAFAFA
373	#EFEDF6	#F7F7F7
374	#ECE9F4	#F6F6F6
375	#FEFEFE	#FFFFFF
376	#F8F7FB	#FEFEFE
377	#EEECF6	#FCFCFC
378	#FBF7F6	#FCFCFC
379	#DEDAED	#F9F9F9
380	#F2F1F8	#FDFDFD
381	#FEFCFC	#FFFFFF
382	#FDFBFB	#FFFFFF
383	#FCFBFD	#FFFFFF
384	#F9F9FC	#FEFEFE
385	#F5F4FA	#FDFDFD
386	#F5F4FA	#FEFEFE
387	#FAF9FC	#FEFEFE
388	#FBFBFD	#FFFFFF
389	#F7EDEB	#F7F7F7
390	#F2F0F8	#FDFDFD
391	#F1EFF7	#FDFDFD
392	#F9F1F0	#FEFEFE
393	#F6F5FA	#FEFEFE
394	#F9F8FC	#FEFEFE
395	#FDFBFB	#FFFFFF
396	#F1EFF7	#FDFDFD
397	#EEECF6	#FDFDFD
398	#FFFFFF	#FFFFFF
399	#F9F1F0	#FEFEFE
400	#FEFDFD	#FFFFFF
401	#FDFBFB	#FEFEFE
402	#FEFEFD	#FFFFFF
403	#FDFDFE	#FFFFFF
404	#FCF9F8	#FEFEFE
406	#F7EDEC	#EDEDED
407	#F9F0EF	#F7F7F7
408	#FCF9F9	#FEFEFE
409	#FCFCFE	#FEFEFE
410	#F4F2F9	#FBFBFB
411	#FAFAFD	#FEFEFE
412	#F5F4FA	#FCFCFC
413	#FDFCFE	#FFFFFF
414	#FAF9FC	#FEFEFE
415	#FFFFFF	#FFFFFF
416	#FCFCFD	#FEFEFE
417	#FEFDFD	#FFFFFF
418	#F8EFEE	#F6F6F6
419	#F6F5FA	#FDFDFD
420	#EFEDF6	#F9F9F9
421	#F4F3F9	#FCFCFC
422	#F2F1F8	#FAFAFA
423	#E9E6F3	#F3F3F3
424	#EAE7F3	#F3F3F3
425	#F2F0F8	#FAFAFA
426	#FFFFFF	#FFFFFF
427	#FCFBFD	#FFFFFF
428	#EAE7F3	#FBFBFB
429	#FCF7F7	#FDFDFD
430	#ECEAF5	#FCFCFC
431	#ECEAF5	#FDFDFD
432	#FDFBFB	#FFFFFF
433	#E5E1F1	#FBFBFB
434	#F1EFF7	#FCFCFC
435	#F8F7FB	#FEFEFE
436	#FFFFFF	#FFFFFF
437	#F9F8FC	#FEFEFE
438	#FFFFFF	#FFFFFF
439	#F9F8FC	#FEFEFE
440	#FBF6F5	#FCFCFC
441	#F1EFF8	#FDFDFD
442	#F7F6FB	#FEFEFE
443	#F4F3F9	#FEFEFE
444	#FBFAFD	#FFFFFF
445	#FEFEFE	#FFFFFF
446	#F9F1EF	#FEFEFE
447	#FEFDFE	#FFFFFF
448	#FCFBFD	#FFFFFF
449	#F8F7FB	#FEFEFE
450	#FDFBFB	#FEFEFE
451	#FDF9F9	#FEFEFE
452	#FCFBFD	#FEFEFE
453	#FEFCFC	#FFFFFF
454	#FEFCFC	#FEFEFE
456	#F1DFDC	#BABABA
457	#F9F2F1	#F7F7F7
458	#FCFBFD	#FEFEFE
459	#FAF9FC	#FEFEFE
460	#FEFEFD	#FFFFFF
461	#FCFCFE	#FFFFFF
462	#F8F8FB	#FDFDFD
463	#FEFEFE	#FFFFFF
464	#FEFEFE	#FFFFFF
465	#F9F8FC	#FDFDFD
466	#F8F7FB	#FDFDFD
467	#FAF9FC	#FEFEFE
468	#F9F1F0	#F7F7F7
469	#FEFEFF	#FFFFFF
470	#F5F4FA	#FCFCFC
471	#FBFAFD	#FEFEFE
472	#F6F5FA	#FDFDFD
473	#F8F7FB	#FDFDFD
474	#F4F3F9	#FBFBFB
475	#ECE9F4	#F4F4F4
476	#F5F4FA	#FCFCFC
477	#F8F7FB	#FEFEFE
478	#F3F2F9	#FDFDFD
479	#FDFBFA	#FEFEFE
480	#F9F8FC	#FEFEFE
481	#F4F3F9	#FEFEFE
482	#FDF9F9	#FEFEFE
483	#EDEBF5	#FCFCFC
484	#F4F2F9	#FDFDFD
485	#F5F4FA	#FDFDFD
486	#FEFEFE	#FFFFFF
487	#F6F5FA	#FEFEFE
488	#F4F2F9	#FDFDFD
489	#FCFCFD	#FFFFFF
490	#FAF3F2	#FAFAFA
491	#F4F2F9	#FEFEFE
492	#FEFEFD	#FFFFFF
493	#E4E0F0	#FBFBFB
494	#F5F4FA	#FEFEFE
495	#FDFDFE	#FFFFFF
496	#E0DCEE	#FAFAFA
497	#F5F3FA	#FEFEFE
498	#F9F2F1	#FEFEFE
499	#FCF9F8	#FFFFFF
500	#F3F1F8	#FDFDFD
501	#FCF8F8	#FDFDFD
502	#FEFCFC	#FEFEFE
503	#FCFCFE	#FEFEFE
504	#FCF8F8	#FEFEFE
505	#FCF7F6	#FDFDFD
507	#F7EDEC	#ECECEC
508	#FAF3F2	#F8F8F8
509	#FEFDFD	#FFFFFF
510	#FAF9FC	#FEFEFE
511	#FEFDFD	#FFFFFF
512	#F9F9FC	#FEFEFE
513	#F3F1F8	#FAFAFA
514	#F4F2F9	#FBFBFB
515	#F8F7FB	#FDFDFD
516	#F9F8FC	#FEFEFE
517	#FFFFFF	#FFFFFF
518	#F5F4FA	#FCFCFC
519	#F9F2F1	#FAFAFA
520	#F9F8FC	#FEFEFE
521	#FAF9FC	#FEFEFE
522	#F7F6FB	#FDFDFD
523	#F4F3F9	#FCFCFC
524	#EDEAF5	#F6F6F6
525	#E8E5F3	#F3F3F3
526	#E6E2F1	#ECECEC
527	#F5F3F9	#FCFCFC
528	#F8F7FB	#FEFEFE
529	#F7F6FB	#FEFEFE
530	#FAF3F3	#FAFAFA
531	#FAF9FC	#FEFEFE
532	#F8F7FB	#FEFEFE
533	#EFEDF6	#FCFCFC
534	#EBE9F4	#FBFBFB
535	#F6F4FA	#FEFEFE
536	#FAF9FC	#FEFEFE
537	#F9F8FC	#FEFEFE
538	#FAFAFD	#FEFEFE
539	#F7F6FB	#FEFEFE
540	#F2F1F8	#FDFDFD
541	#FDFBFB	#FEFEFE
542	#F2F0F8	#FDFDFD
543	#F5F3F9	#FEFEFE
544	#FEFDFD	#FFFFFF
545	#FFFEFE	#FFFFFF
546	#EBE9F4	#FDFDFD
547	#FCFCFE	#FFFFFF
548	#F1EFF7	#FDFDFD
549	#FEFBFB	#FFFFFF
550	#FBF6F5	#FEFEFE
551	#FDFBFB	#FEFEFE
552	#FCF8F8	#FDFDFD
553	#FAF9FC	#FEFEFE
554	#FCF9F8	#FEFEFE
555	#FFFFFF	#FFFFFF
557	#F3E4E2	#CFCFCF
558	#F9F2F1	#F7F7F7
559	#FBF7F6	#FDFDFD
560	#F5F4FA	#FCFCFC
561	#FFFFFF	#FFFFFF
562	#F8F7FB	#FDFDFD
563	#F3F2F9	#FBFBFB
564	#F9F8FC	#FDFDFD
565	#FFFFFF	#FFFFFF
566	#F6F5FA	#FDFDFD
567	#F7F6FB	#FCFCFC
568	#F8F7FB	#FDFDFD
569	#F8EFEE	#F7F7F7
570	#F5F3F9	#FCFCFC
571	#F7F5FA	#FDFDFD
572	#EEECF6	#F8F8F8
573	#F1EFF7	#FAFAFA
574	#F0EEF7	#FAFAFA
575	#F4F3F9	#FBFBFB
576	#E8E4F2	#F0F0F0
577	#EAE7F4	#F3F3F3
578	#EDEBF5	#F8F8F8
579	#F4F3F9	#FDFDFD
580	#FCF7F7	#FDFDFD
581	#F4F3F9	#FEFEFE
582	#F1EFF7	#FDFDFD
583	#EEECF6	#FCFCFC
584	#EFEDF6	#FCFCFC
585	#F0EEF7	#FCFCFC
586	#FDFDFE	#FFFFFF
587	#F9F8FC	#FEFEFE
588	#EFEDF6	#FCFCFC
589	#F7F6FB	#FEFEFE
590	#F2F1F8	#FDFDFD
591	#FCF9F8	#FDFDFD
592	#F8F7FB	#FEFEFE
593	#F3F1F9	#FEFEFE
594	#F8F7FB	#FEFEFE
595	#FFFEFE	#FFFFFF
596	#F4F2F9	#FEFEFE
597	#F7F6FB	#FEFEFE
598	#FFFFFF	#FFFFFF
599	#FAF9FC	#FFFFFF
600	#F2F1F8	#FDFDFD
601	#FCFCFD	#FFFFFF
602	#FCF8F8	#FDFDFD
603	#FBF6F6	#FCFCFC
604	#FCF7F6	#FDFDFD
605	#FDFDFE	#FFFFFF
606	#F8EFEE	#FAFAFA
608	#F8EEED	#EDEDED
609	#F9F1F0	#F8F8F8
610	#FBFAFD	#FEFEFE
611	#FEFEFE	#FFFFFF
612	#F4F2F9	#FBFBFB
613	#F5F4FA	#FCFCFC
614	#FCFBFD	#FEFEFE
615	#FAFAFC	#FEFEFE
616	#F5F4FA	#FDFDFD
617	#EEECF6	#F7F7F7
618	#F1EFF8	#FAFAFA
619	#F4F2F9	#FBFBFB
620	#FAF3F2	#F9F9F9
621	#F9F8FC	#FEFEFE
622	#FCFCFE	#FFFFFF
623	#F7F6FB	#FDFDFD
624	#FBFAFD	#FEFEFE
625	#F5F3F9	#FCFCFC
626	#F3F1F9	#FAFAFA
627	#EEECF6	#F7F7F7
628	#E8E5F3	#F2F2F2
629	#F0EDF7	#F9F9F9
630	#EFEDF7	#FCFCFC
631	#FBF7F6	#FDFDFD
632	#F5F4FA	#FDFDFD
633	#E8E5F3	#FBFBFB
634	#ECEAF5	#FCFCFC
635	#F7F6FB	#FEFEFE
636	#FEFEFD	#FFFFFF
637	#F2F0F8	#FDFDFD
638	#FCF9F8	#FEFEFE
639	#F5F3FA	#FDFDFD
640	#FCFBFD	#FFFFFF
641	#FBFAFD	#FFFFFF
642	#FAF4F3	#FBFBFB
643	#F1F0F8	#FEFEFE
644	#FAF9FC	#FFFFFF
645	#E6E3F2	#FAFAFA
646	#F6EAE8	#FDFDFD
647	#F8F7FB	#FEFEFE
648	#F8F0EE	#FEFEFE
649	#FFFFFF	#FFFFFF
650	#F7F6FB	#FEFEFE
651	#FDFAF9	#FFFFFF
652	#FBF6F5	#FCFCFC
653	#F9F0EF	#FAFAFA
654	#FDFBFB	#FEFEFE
655	#FEFCFC	#FEFEFE
656	#FCF7F7	#FEFEFE
658	#F0DEDB	#AEAEAE
659	#FAF4F3	#F9F9F9
660	#FCF8F8	#FEFEFE
661	#FFFEFE	#FFFFFF
662	#F9F9FC	#FEFEFE
663	#FDFDFE	#FFFFFF
664	#FEFCFC	#FEFEFE
665	#FEFCFC	#FFFFFF
666	#F6F5FA	#FDFDFD
667	#EEECF6	#F9F9F9
668	#F2F0F8	#FBFBFB
669	#F2F0F8	#FAFAFA
670	#FCF8F8	#FDFDFD
671	#EDEAF5	#F6F6F6
672	#F9F8FC	#FDFDFD
673	#F3F1F8	#FBFBFB
674	#F4F3F9	#FCFCFC
675	#EDEBF5	#F8F8F8
676	#F1EFF8	#FAFAFA
677	#FEFEFE	#FFFFFF
678	#E5E2F1	#F1F1F1
679	#E6E2F1	#EDEDED
680	#F2F1F8	#FCFCFC
681	#FDFBFB	#FEFEFE
682	#F5F4FA	#FDFDFD
683	#EBE8F4	#FAFAFA
684	#E9E6F3	#FBFBFB
685	#E7E4F2	#FBFBFB
686	#ECE9F5	#FBFBFB
687	#F2F0F8	#FCFCFC
688	#FBFAFD	#FFFFFF
689	#F6F4FA	#FDFDFD
690	#F1EFF7	#FDFDFD
691	#F0EEF7	#FCFCFC
692	#F8F0EF	#F9F9F9
693	#FBFAFD	#FFFFFF
694	#FEFDFC	#FFFFFF
695	#F3F1F8	#FDFDFD
696	#FCF7F6	#FEFEFE
697	#F5F3F9	#FEFEFE
698	#F6F5FA	#FEFEFE
699	#FAF5F4	#FEFEFE
700	#FDFDFE	#FFFFFF
701	#FDFCFE	#FFFFFF
702	#FCF9F8	#FFFFFF
703	#FBF6F5	#FCFCFC
704	#FEFEFE	#FFFFFF
705	#FCF8F7	#FDFDFD
706	#FEFEFE	#FFFFFF
707	#FCFBFD	#FEFEFE
709	#F8EEED	#EEEEEE
710	#FAF4F3	#FAFAFA
711	#FDFDFE	#FFFFFF
712	#F9F8FC	#FEFEFE
713	#F6F5FA	#FCFCFC
714	#FDFCFE	#FFFFFF
715	#FBFAFD	#FEFEFE
716	#FEFDFD	#FFFFFF
717	#FAF9FC	#FEFEFE
718	#F6F5FA	#FDFDFD
719	#EDEAF5	#F7F7F7
720	#E9E6F3	#F4F4F4
721	#FAF5F4	#FBFBFB
722	#EFEDF6	#F8F8F8
723	#F8F7FB	#FDFDFD
724	#F9F8FC	#FEFEFE
725	#ECE9F5	#F7F7F7
726	#E9E6F3	#F5F5F5
727	#F2F1F8	#FAFAFA
728	#F1EFF7	#FAFAFA
729	#E8E4F2	#F1F1F1
730	#E9E6F3	#F6F6F6
731	#F6F4FA	#FCFCFC
732	#FAF3F2	#FBFBFB
733	#F3F1F8	#FDFDFD
734	#EEEBF6	#FBFBFB
735	#FEFDFD	#FFFFFF
736	#EEEBF6	#FCFCFC
737	#F3F1F8	#FDFDFD
738	#F8F7FB	#FEFEFE
739	#F9F8FC	#FEFEFE
740	#F9F8FC	#FEFEFE
741	#EEECF6	#FCFCFC
742	#FEFDFC	#FFFFFF
743	#F9F1F0	#F9F9F9
744	#F7F6FB	#FEFEFE
745	#FDFDFE	#FFFFFF
746	#FDFAF9	#FFFFFF
747	#FEFEFE	#FFFFFF
748	#F5F3F9	#FEFEFE
749	#FCF7F7	#FEFEFE
750	#DEDAED	#FAFAFA
751	#FFFEFF	#FFFFFF
752	#F9F8FC	#FEFEFE
753	#FDFBFA	#FEFEFE
754	#FBF6F5	#FCFCFC
755	#FCF8F7	#FDFDFD
756	#FBFBFD	#FEFEFE
757	#FFFEFF	#FFFFFF
759	#F2E2E0	#D2D2D2
760	#F8EEED	#F1F1F1
761	#FDFCFE	#FFFFFF
762	#FCFCFE	#FFFFFF
763	#FEFDFE	#FFFFFF
764	#FAF9FC	#FEFEFE
765	#F8F7FB	#FDFDFD
766	#FBFBFD	#FEFEFE
767	#F5F4FA	#FCFCFC
768	#F3F1F9	#FCFCFC
769	#EDEAF5	#F8F8F8
770	#F0EEF7	#F9F9F9
771	#F9F1F0	#F8F8F8
772	#EBE8F4	#F4F4F4
773	#F4F2F9	#FBFBFB
774	#F8F7FB	#FDFDFD
775	#F3F1F9	#FCFCFC
776	#F2F0F8	#FAFAFA
777	#F6F5FA	#FDFDFD
778	#EAE7F4	#F6F6F6
779	#EAE7F3	#F4F4F4
780	#F1EFF7	#FBFBFB
781	#EDEAF5	#F6F6F6
782	#FAF3F2	#FAFAFA
783	#E6E3F2	#F2F2F2
784	#F1EFF7	#FCFCFC
785	#E3DFF0	#F7F7F7
786	#F5F3F9	#FDFDFD
787	#FCFCFD	#FFFFFF
788	#F1EFF7	#FDFDFD
789	#F1F0F8	#FDFDFD
790	#F6F4FA	#FEFEFE
791	#FBFAFD	#FEFEFE
792	#F0EEF7	#FDFDFD
793	#FDF9F9	#FEFEFE
794	#EBE8F4	#FCFCFC
795	#F2F0F8	#FDFDFD
796	#F5F3FA	#FEFEFE
797	#F8F7FB	#FEFEFE
798	#FCFCFE	#FFFFFF
799	#F9F2F1	#FEFEFE
800	#FBF7F6	#FEFEFE
801	#FEFCFC	#FFFFFF
802	#F6EAE9	#FDFDFD
803	#F5E7E5	#FCFCFC
804	#F8F0EF	#FAFAFA
805	#F6EAE9	#F4F4F4
806	#FCF9F9	#FEFEFE
807	#FBF6F6	#FDFDFD
808	#FDFAF9	#FEFEFE
810	#F8EEED	#EFEFEF
811	#F9F2F1	#F7F7F7
812	#F5F3F9	#FCFCFC
813	#F9F8FC	#FEFEFE
814	#FCFCFE	#FEFEFE
815	#FCFCFE	#FEFEFE
816	#F5F3F9	#FCFCFC
817	#F1EFF7	#FAFAFA
818	#F3F1F8	#FCFCFC
819	#EDEAF5	#F8F8F8
820	#EAE7F4	#F6F6F6
821	#F4F2F9	#FBFBFB
822	#FAF4F3	#FAFAFA
823	#F1EFF7	#F8F8F8
824	#EDEAF5	#F7F7F7
825	#F5F4FA	#FCFCFC
826	#FEFEFE	#FFFFFF
827	#EBE9F4	#F7F7F7
828	#EDEAF5	#F8F8F8
829	#ECE9F4	#F6F6F6
830	#EAE7F3	#F7F7F7
831	#EAE7F4	#F5F5F5
832	#ECE9F5	#F6F6F6
833	#F8EFED	#F7F7F7
834	#F4F2F9	#FCFCFC
835	#F4F2F9	#FDFDFD
836	#FDFCFE	#FFFFFF
837	#FBFBFD	#FFFFFF
838	#EFEDF6	#FDFDFD
839	#E4E0F0	#F8F8F8
840	#FBFAFD	#FFFFFF
841	#EFEDF6	#FDFDFD
842	#FDFDFE	#FFFFFF
843	#F4F3F9	#FEFEFE
844	#FEFCFC	#FEFEFE
845	#FBFAFD	#FFFFFF
846	#F3F2F9	#FEFEFE
847	#E4E0F0	#FAFAFA
848	#FDFBFA	#FFFFFF
849	#FFFEFE	#FFFFFF
850	#FBFAFD	#FFFFFF
851	#FBFAFD	#FFFFFF
852	#FBFBFD	#FFFFFF
853	#FEFCFC	#FFFFFF
854	#FDFBFB	#FEFEFE
855	#FBF5F5	#FCFCFC
856	#FBF7F6	#FDFDFD
857	#FEFEFE	#FFFFFF
858	#F9F8FC	#FEFEFE
860	#F1E0DE	#BCBCBC
861	#F9F2F1	#F8F8F8
862	#F9F8FC	#FEFEFE
863	#FAF4F3	#FCFCFC
864	#FAF9FC	#FEFEFE
865	#FBFAFD	#FEFEFE
866	#F0EEF7	#FAFAFA
867	#F9F8FC	#FEFEFE
868	#EDEAF5	#F9F9F9
869	#F4F2F9	#FCFCFC
870	#EBE8F4	#F6F6F6
871	#EAE7F4	#F6F6F6
872	#F9F1F0	#F7F7F7
873	#F5F4FA	#FCFCFC
874	#E9E6F3	#F3F3F3
875	#F3F1F9	#FBFBFB
876	#F8F7FB	#FDFDFD
877	#F8F7FB	#FEFEFE
878	#EEECF6	#F9F9F9
879	#F2F1F8	#FBFBFB
880	#E5E2F1	#F6F6F6
881	#ECE9F5	#F6F6F6
882	#E1DDEF	#EDEDED
883	#FBF6F5	#FBFBFB
884	#E1DDEF	#EAEAEA
885	#E7E4F2	#F5F5F5
886	#ECE9F5	#FAFAFA
887	#F0EEF7	#FCFCFC
888	#ECE9F5	#FBFBFB
889	#ECEAF5	#FCFCFC
890	#F5F3F9	#FDFDFD
891	#EFEDF7	#FCFCFC
892	#FBFBFD	#FFFFFF
893	#FBFAFD	#FEFEFE
894	#F8EEED	#F8F8F8
895	#E7E3F2	#FAFAFA
896	#ECE9F5	#FDFDFD
897	#FAFAFD	#FFFFFF
898	#F6F5FA	#FEFEFE
899	#FEFDFE	#FFFFFF
900	#FEFEFE	#FFFFFF
901	#FCF9F8	#FFFFFF
902	#FDFDFE	#FFFFFF
903	#F6EBE9	#FDFDFD
904	#FEFDFE	#FFFFFF
905	#FAF4F3	#FBFBFB
906	#FBF6F6	#FDFDFD
907	#FEFDFD	#FFFFFF
908	#FAF4F3	#FBFBFB
909	#FDFCFE	#FFFFFF
911	#F6EAE8	#E3E3E3
912	#F8EFED	#F6F6F6
913	#FAF9FC	#FEFEFE
914	#F8F7FB	#FDFDFD
915	#FDFDFE	#FFFFFF
916	#EEEBF6	#F9F9F9
917	#FCFCFD	#FEFEFE
918	#F3F1F8	#FBFBFB
919	#F5F4FA	#FCFCFC
920	#EEECF6	#F9F9F9
921	#E6E3F1	#F0F0F0
922	#F3F1F9	#FCFCFC
923	#F9F1F0	#F7F7F7
924	#EDEAF5	#F8F8F8
925	#EFEDF6	#F8F8F8
926	#F8F7FB	#FDFDFD
927	#FDFDFE	#FFFFFF
928	#F5F4FA	#FDFDFD
929	#E9E6F3	#F5F5F5
930	#EBE8F4	#F9F9F9
931	#EDEAF5	#F7F7F7
932	#F0EEF7	#F9F9F9
933	#E4E0F0	#EFEFEF
934	#F8EEED	#F7F7F7
935	#E7E4F2	#F1F1F1
936	#EAE8F4	#F5F5F5
937	#F5F3F9	#FDFDFD
938	#F8F7FB	#FEFEFE
939	#F9F9FC	#FEFEFE
940	#F6EBEA	#FCFCFC
941	#ECE9F5	#FBFBFB
942	#E3DFF0	#FBFBFB
943	#FDFAFA	#FFFFFF
944	#FDFAFA	#FFFFFF
945	#F8EFEE	#F7F7F7
946	#E6E3F2	#FAFAFA
947	#FBFBFD	#FFFFFF
948	#E9E6F3	#FCFCFC
949	#FDFAFA	#FFFFFF
950	#FCFCFE	#FFFFFF
951	#F0EEF7	#FDFDFD
952	#FEFCFC	#FFFFFF
953	#FAF4F3	#FEFEFE
954	#F8F7FB	#FEFEFE
955	#FEFCFC	#FEFEFE
956	#FCF9F9	#FEFEFE
957	#FCF8F8	#FDFDFD
958	#FFFFFF	#FFFFFF
959	#FDFDFE	#FFFFFF
961	#F2E2E0	#C9C9C9
962	#F7EDEC	#F1F1F1
963	#F7F6FB	#FCFCFC
964	#FFFEFE	#FFFFFF
965	#FCFBFD	#FEFEFE
966	#FDFDFE	#FFFFFF
967	#F8F7FB	#FDFDFD
968	#F9F8FC	#FEFEFE
969	#F0EEF7	#F9F9F9
970	#F2F1F8	#FBFBFB
971	#EDEAF5	#F7F7F7
972	#EBE8F4	#F6F6F6
973	#FCF7F6	#FCFCFC
974	#EDEAF5	#F8F8F8
975	#EBE8F4	#F5F5F5
976	#EBE8F4	#F4F4F4
977	#F1EFF7	#F9F9F9
978	#EEECF6	#F8F8F8
979	#F3F1F8	#FBFBFB
980	#F3F1F9	#FCFCFC
981	#E3DFF0	#F0F0F0
982	#EFEDF6	#F9F9F9
983	#E7E4F2	#F2F2F2
984	#F9F0EF	#F8F8F8
985	#E9E6F3	#F4F4F4
986	#DED9ED	#E6E6E6
987	#EBE8F4	#F6F6F6
988	#FAFAFD	#FEFEFE
989	#F0EEF7	#FBFBFB
990	#FEFCFB	#FFFFFF
991	#F0EEF7	#FDFDFD
992	#D3CEE7	#F6F6F6
993	#F7F6FB	#FEFEFE
994	#F3F1F8	#FEFEFE
995	#FAF3F2	#FAFAFA
996	#ECE9F5	#FBFBFB
997	#FFFFFF	#FFFFFF
998	#F4F2F9	#FEFEFE
999	#E8E5F2	#FAFAFA
1000	#FEFDFC	#FFFFFF
1001	#FDFDFE	#FFFFFF
1002	#FFFEFE	#FFFFFF
1003	#FCF7F7	#FEFEFE
1004	#F8EFEE	#FEFEFE
1005	#FDFBFA	#FFFFFF
1006	#FCF9F8	#FDFDFD
1007	#F6EBEA	#F6F6F6
1008	#FDFBFB	#FEFEFE
1009	#FCF9F8	#FEFEFE
1010	#F9F8FC	#FDFDFD
1012	#F7ECEA	#EAEAEA
1013	#F9F1EF	#F6F6F6
1014	#FCFBFD	#FEFEFE
1015	#FEFEFF	#FFFFFF
1016	#FAF9FC	#FEFEFE
1017	#FBFBFD	#FEFEFE
1018	#F7F5FA	#FDFDFD
1019	#F0EEF7	#F9F9F9
1020	#E9E6F3	#F4F4F4
1021	#EAE7F3	#F4F4F4
1022	#E8E5F3	#F4F4F4
1023	#EAE7F4	#F6F6F6
1024	#F8EEED	#F8F8F8
1025	#E6E2F1	#F3F3F3
1026	#F1EFF7	#F9F9F9
1027	#F5F3FA	#FBFBFB
1028	#F9F8FC	#FEFEFE
1029	#F6F4FA	#FCFCFC
1030	#F5F3FA	#FDFDFD
1031	#F0EEF7	#FAFAFA
1032	#EBE8F4	#F8F8F8
1033	#F2F0F8	#FBFBFB
1034	#E9E6F3	#F3F3F3
1035	#F9F1F0	#F8F8F8
1036	#E1DDEF	#EAEAEA
1037	#E1DCEE	#E9E9E9
1038	#EFEDF6	#F9F9F9
1039	#EDEAF5	#FAFAFA
1040	#F2F0F8	#FDFDFD
1041	#FFFEFE	#FFFFFF
1042	#EBE8F4	#FDFDFD
1043	#FFFEFE	#FFFFFF
1044	#F0EEF7	#FDFDFD
1045	#F2F0F8	#FDFDFD
1046	#FAF3F2	#FAFAFA
1047	#F6F4FA	#FDFDFD
1048	#FBFBFD	#FFFFFF
1049	#F9F8FB	#FEFEFE
1050	#EAE7F3	#FBFBFB
1051	#FBFBFD	#FFFFFF
1052	#FDFDFE	#FFFFFF
1053	#F9F1F0	#FDFDFD
1054	#F9F9FC	#FEFEFE
1055	#F8EFEE	#FEFEFE
1056	#FAF2F1	#FAFAFA
1057	#FDFBFA	#FEFEFE
1058	#FCF8F7	#FEFEFE
1059	#FFFFFF	#FFFFFF
1060	#FDFBFA	#FEFEFE
1062	#F2E1DF	#CBCBCB
1063	#F8EFEE	#F3F3F3
1064	#FEFDFE	#FFFFFF
1065	#FFFFFF	#FFFFFF
1066	#F8F8FB	#FEFEFE
1067	#F4F2F9	#FCFCFC
1068	#F3F2F9	#FCFCFC
1069	#EBE8F4	#F5F5F5
1070	#F3F2F9	#FBFBFB
1071	#F1EFF8	#F9F9F9
1072	#E7E3F2	#F3F3F3
1073	#EDEBF6	#F9F9F9
1074	#F8F0EF	#F7F7F7
1075	#EFEDF7	#F9F9F9
1076	#EFEDF6	#F9F9F9
1077	#EFEDF7	#F9F9F9
1078	#F0EEF7	#F9F9F9
1079	#F0EEF7	#F9F9F9
1080	#FCFBFD	#FEFEFE
1081	#EBE8F4	#F8F8F8
1082	#EEEBF6	#F9F9F9
1083	#EEEBF6	#F9F9F9
1084	#EBE8F4	#F6F6F6
1085	#FCF7F7	#FDFDFD
1086	#F1EFF8	#FAFAFA
1087	#E7E3F2	#F1F1F1
1088	#E6E2F1	#F0F0F0
1089	#EAE7F3	#F5F5F5
1090	#F9F8FC	#FEFEFE
1091	#F4F2F9	#FDFDFD
1092	#F6F5FA	#FEFEFE
1093	#F8F7FB	#FEFEFE
1094	#E8E5F3	#FBFBFB
1095	#E5E2F1	#FAFAFA
1096	#FAF4F3	#FAFAFA
1097	#FFFEFE	#FFFFFF
1098	#F5F3FA	#FEFEFE
1099	#EDEBF5	#FCFCFC
1100	#FBFAFD	#FFFFFF
1101	#EBE8F4	#FCFCFC
1102	#FAFAFD	#FFFFFF
1103	#F8F6FB	#FEFEFE
1104	#FFFFFF	#FFFFFF
1105	#F5F3F9	#FEFEFE
1106	#FAF9FC	#FFFFFF
1107	#FAF2F2	#FAFAFA
1108	#FAF3F2	#FBFBFB
1109	#FEFCFC	#FFFFFF
1110	#FEFCFB	#FEFEFE
1111	#FCF8F7	#FDFDFD
1113	#F8EEED	#EEEEEE
1114	#F8EFEE	#F6F6F6
1115	#FFFFFF	#FFFFFF
1116	#F8F6FB	#FDFDFD
1117	#F6F5FA	#FCFCFC
1118	#F3F1F8	#FCFCFC
1119	#F4F2F9	#FCFCFC
1120	#F5F3F9	#FCFCFC
1121	#ECE9F5	#F5F5F5
1122	#EBE8F4	#F5F5F5
1123	#EAE7F4	#F5F5F5
1124	#EAE7F4	#F6F6F6
1125	#FAF3F2	#F9F9F9
1126	#E9E6F3	#F2F2F2
1127	#E9E6F3	#F5F5F5
1128	#F6F5FA	#FDFDFD
1129	#EBE8F4	#F4F4F4
1130	#EBE8F4	#F8F8F8
1131	#F2F0F8	#FAFAFA
1132	#EBE8F4	#F8F8F8
1133	#EAE7F4	#F7F7F7
1134	#F4F2F9	#FCFCFC
1135	#E7E3F2	#F4F4F4
1136	#F9F2F1	#FAFAFA
1137	#ECE9F5	#F6F6F6
1138	#E0DCEE	#ECECEC
1139	#E4E0F0	#EDEDED
1140	#E9E6F3	#F5F5F5
1141	#EBE9F4	#FAFAFA
1142	#E6E2F1	#FBFBFB
1143	#F5F4FA	#FEFEFE
1144	#EBE8F4	#FCFCFC
1145	#F1EFF8	#FDFDFD
1146	#F0EEF7	#FDFDFD
1147	#FBF5F4	#FBFBFB
1148	#EDEAF5	#FCFCFC
1149	#F1EFF8	#FCFCFC
1150	#F8F8FB	#FEFEFE
1151	#FFFFFF	#FFFFFF
1152	#F8F7FB	#FEFEFE
1153	#F9F8FC	#FEFEFE
1154	#F5F3F9	#FEFEFE
1155	#FBFAFD	#FFFFFF
1156	#FDFBFB	#FFFFFF
1157	#FDFBFB	#FEFEFE
1158	#F9F1F0	#FAFAFA
1159	#FFFFFF	#FFFFFF
1160	#FDFBFA	#FEFEFE
1161	#FCF9F9	#FEFEFE
1163	#F3E3E1	#C3C3C3
1164	#F7EDEC	#EFEFEF
1165	#F9F1F0	#FBFBFB
1166	#F9F1F0	#FBFBFB
1167	#FBF5F4	#FCFCFC
1168	#F8EFEE	#F8F8F8
1169	#FBF5F4	#FDFDFD
1170	#FAF4F4	#FCFCFC
1171	#FFFEFE	#FFFFFF
1172	#FDF9F9	#FEFEFE
1173	#FCF8F7	#FEFEFE
1174	#FBF5F5	#FEFEFE
1175	#F9F2F1	#F8F8F8
1176	#FCFBFD	#FFFFFF
1177	#FDFCFE	#FFFFFF
1178	#EDEAF5	#FBFBFB
1179	#FEFEFE	#FFFFFF
1180	#FCFCFD	#FFFFFF
1181	#FAF4F4	#FEFEFE
1182	#FDFBFB	#FFFFFF
1183	#FEFCFB	#FFFFFF
1184	#FBF6F6	#FEFEFE
1185	#FCF8F7	#FEFEFE
1186	#F5E9E8	#F2F2F2
1187	#F8F7FB	#FEFEFE
1188	#FCFBFD	#FFFFFF
1189	#EEECF6	#FCFCFC
1190	#F9F8FC	#FEFEFE
1191	#FEFEFD	#FFFFFF
1192	#FCF7F6	#FEFEFE
1193	#F9F9FC	#FEFEFE
1194	#F7F6FB	#FEFEFE
1195	#FEFEFE	#FFFFFF
1196	#F7F6FB	#FEFEFE
1197	#F3E5E3	#EDEDED
1198	#FAF9FC	#FEFEFE
1199	#FFFFFF	#FFFFFF
1200	#EBE8F4	#FCFCFC
1201	#FEFDFD	#FFFFFF
1202	#F3F2F9	#FDFDFD
1203	#F2F0F8	#FDFDFD
1204	#F5F3F9	#FEFEFE
1205	#FCFCFE	#FFFFFF
1206	#F8F7FB	#FEFEFE
1207	#FCF8F8	#FEFEFE
1208	#F0DEDC	#E1E1E1
1209	#F1E0DE	#E3E3E3
1210	#F3E4E2	#EBEBEB
1211	#F2E1DF	#E5E5E5
1212	#F5E9E8	#F6F6F6
1214	#F7ECEB	#E9E9E9
1215	#F8EEED	#F3F3F3
1216	#F9F2F1	#FBFBFB
1217	#F7ECEA	#F8F8F8
1218	#F8F0EF	#F9F9F9
1219	#FDF9F9	#FEFEFE
1220	#FBF7F6	#FDFDFD
1221	#FEFDFD	#FFFFFF
1222	#FCF8F7	#FDFDFD
1223	#FCF8F8	#FEFEFE
1224	#F7EEEC	#FCFCFC
1225	#F9F0EF	#FDFDFD
1226	#F4E6E4	#F0F0F0
1227	#FFFEFE	#FFFFFF
1228	#FCFCFD	#FFFFFF
1229	#F9F1F0	#FDFDFD
1230	#F7EEEC	#FCFCFC
1231	#F7ECEB	#FBFBFB
1232	#FFFEFE	#FFFFFF
1233	#F9F8FC	#FEFEFE
1234	#FDFDFE	#FFFFFF
1235	#FAF9FC	#FEFEFE
1236	#FCFBFD	#FFFFFF
1237	#F8F0EF	#F8F8F8
1238	#F2F0F8	#FDFDFD
1239	#FEFEFF	#FFFFFF
1240	#EBE9F4	#FBFBFB
1241	#FAF9FC	#FEFEFE
1242	#FCF7F6	#FEFEFE
1243	#FDFDFE	#FFFFFF
1244	#FBFAFD	#FEFEFE
1245	#FDFCFE	#FFFFFF
1246	#F3F1F9	#FDFDFD
1247	#FFFFFF	#FFFFFF
1248	#F2E1DE	#E6E6E6
1249	#F0EEF7	#FCFCFC
1250	#F1EFF7	#FDFDFD
1251	#F6F5FA	#FEFEFE
1252	#F8F7FB	#FEFEFE
1253	#F5F4FA	#FEFEFE
1254	#FAF9FC	#FFFFFF
1255	#F2F0F8	#FDFDFD
1256	#EDEAF5	#FBFBFB
1257	#F9F1F0	#FDFDFD
1258	#F3E5E3	#EBEBEB
1259	#F4E6E4	#EDEDED
1260	#F4E5E3	#ECECEC
1261	#F5E8E6	#F1F1F1
1262	#F2E2E0	#F0F0F0
1264	#F3E3E1	#C8C8C8
1265	#F9F2F1	#F7F7F7
1266	#FFFEFF	#FFFFFF
1267	#EFEDF6	#F9F9F9
1268	#F2F0F8	#FAFAFA
1269	#E7E3F2	#F4F4F4
1270	#E8E5F3	#F5F5F5
1271	#EDEAF5	#F9F9F9
1272	#EAE7F4	#F4F4F4
1273	#F0EDF7	#F9F9F9
1274	#EBE8F4	#F5F5F5
1275	#F2F0F8	#FBFBFB
1276	#F9F1F0	#F8F8F8
1277	#E3DFF0	#F0F0F0
1278	#ECEAF5	#F7F7F7
1279	#EAE7F3	#F6F6F6
1280	#EBE8F4	#F5F5F5
1281	#EEEBF6	#FAFAFA
1282	#F0EEF7	#F9F9F9
1283	#EEECF6	#F8F8F8
1284	#EFEDF6	#FAFAFA
1285	#F6F4FA	#FDFDFD
1286	#EEECF6	#FAFAFA
1287	#F9F1F0	#F8F8F8
1288	#EBE8F4	#F5F5F5
1289	#F0EDF7	#F9F9F9
1290	#E6E2F1	#F1F1F1
1291	#E6E3F2	#F2F2F2
1292	#EEECF6	#F9F9F9
1293	#EDEAF5	#FCFCFC
1294	#F8F6FB	#FEFEFE
1295	#DDD8EC	#F6F6F6
1296	#FDFCFE	#FFFFFF
1297	#F7F5FA	#FEFEFE
1298	#F7EEEC	#F7F7F7
1299	#FAF9FC	#FEFEFE
1300	#FBF6F5	#FEFEFE
1301	#FFFEFE	#FFFFFF
1302	#F4F3F9	#FEFEFE
1303	#F1EFF7	#FDFDFD
1304	#F1EFF8	#FDFDFD
1305	#FEFCFB	#FFFFFF
1306	#FDFCFE	#FFFFFF
1307	#FCF7F7	#FEFEFE
1308	#FCFCFE	#FFFFFF
1309	#FCF7F7	#FDFDFD
1310	#FCF9F8	#FDFDFD
1311	#FEFCFB	#FEFEFE
1312	#FDFAFA	#FEFEFE
1313	#FDFBFA	#FEFEFE
1315	#F7EDEC	#ECECEC
1316	#F9F1F0	#F7F7F7
1317	#FAF9FC	#FEFEFE
1318	#F5F3F9	#FBFBFB
1319	#F2F0F8	#FBFBFB
1320	#F2F0F8	#FBFBFB
1321	#EAE7F4	#F7F7F7
1322	#EDEAF5	#F8F8F8
1323	#ECE9F5	#F6F6F6
1324	#E7E4F2	#F2F2F2
1325	#EDEBF6	#F7F7F7
1326	#E8E5F3	#F3F3F3
1327	#F9F2F1	#F9F9F9
1328	#F0EEF7	#FAFAFA
1329	#ECE9F5	#F8F8F8
1330	#EBE8F4	#F6F6F6
1331	#F1EFF7	#FBFBFB
1332	#EEEBF6	#F7F7F7
1333	#F0EEF7	#F9F9F9
1334	#F1EFF7	#FAFAFA
1335	#EAE7F3	#F8F8F8
1336	#E8E5F3	#F5F5F5
1337	#E2DFF0	#F2F2F2
1338	#F8F0EE	#F7F7F7
1339	#E9E5F3	#F4F4F4
1340	#F0EDF7	#F9F9F9
1341	#E7E3F2	#F4F4F4
1342	#EAE7F4	#F5F5F5
1343	#E7E3F2	#F8F8F8
1344	#F1EFF7	#FCFCFC
1345	#F8F7FB	#FEFEFE
1346	#F1EFF8	#FDFDFD
1347	#F7F6FB	#FEFEFE
1348	#F0EDF7	#FCFCFC
1349	#FBF6F6	#FDFDFD
1350	#EDEAF5	#FBFBFB
1351	#F5F4FA	#FEFEFE
1352	#F1EFF8	#FDFDFD
1353	#F8F7FB	#FEFEFE
1354	#F7F5FA	#FEFEFE
1355	#FCF9F9	#FFFFFF
1356	#FBFAFD	#FFFFFF
1357	#F9F8FC	#FEFEFE
1358	#FBFBFD	#FFFFFF
1359	#FDFAFA	#FEFEFE
1360	#FAF3F2	#FBFBFB
1361	#FFFEFE	#FFFFFF
1362	#FDFCFE	#FEFEFE
1363	#FFFEFE	#FFFFFF
1365	#F3E3E1	#D2D2D2
1366	#F9F0EF	#F5F5F5
1367	#F7F6FB	#FDFDFD
1368	#FEFEFE	#FFFFFF
1369	#F2F1F8	#FBFBFB
1370	#ECEAF5	#F6F6F6
1371	#E8E4F2	#F4F4F4
1372	#EDEAF5	#F8F8F8
1373	#F1EFF7	#FBFBFB
1374	#E9E6F3	#F4F4F4
1375	#E6E3F2	#F1F1F1
1376	#EFEDF6	#F8F8F8
1377	#F9F2F1	#F8F8F8
1378	#ECE9F4	#F7F7F7
1379	#E8E4F2	#F6F6F6
1380	#EDEAF5	#F7F7F7
1381	#F3F1F9	#FCFCFC
1382	#EAE7F4	#F6F6F6
1383	#E3DFF0	#F0F0F0
1384	#DED9ED	#E9E9E9
1385	#F7F6FB	#FDFDFD
1386	#F3F1F9	#FCFCFC
1387	#E9E6F3	#F6F6F6
1388	#F8EEED	#F6F6F6
1389	#FFFFFF	#FFFFFF
1390	#EAE7F4	#F6F6F6
1391	#E0DCEE	#EDEDED
1392	#EAE7F4	#F5F5F5
1393	#E4E0F0	#F6F6F6
1394	#F1EFF7	#FBFBFB
1395	#F9F8FC	#FEFEFE
1396	#F1EFF8	#FDFDFD
1397	#E6E3F2	#FAFAFA
1398	#E7E3F2	#FAFAFA
1399	#FAF3F2	#FAFAFA
1400	#F6F5FA	#FDFDFD
1401	#F8F6FB	#FEFEFE
1402	#F9F8FC	#FEFEFE
1403	#F4F2F9	#FDFDFD
1404	#FFFFFF	#FFFFFF
1405	#EDEAF5	#FCFCFC
1406	#FEFEFF	#FFFFFF
1407	#FFFEFE	#FFFFFF
1408	#FAF9FC	#FFFFFF
1409	#EAE7F3	#FDFDFD
1410	#FBF5F4	#FCFCFC
1411	#FCF9F8	#FDFDFD
1412	#FEFDFD	#FFFFFF
1413	#FFFEFE	#FFFFFF
1414	#FDFAFA	#FEFEFE
1416	#F7ECEB	#ECECEC
1417	#FAF3F2	#F8F8F8
1418	#F1EFF7	#F9F9F9
1419	#F4F3F9	#FBFBFB
1420	#F6F4FA	#FCFCFC
1421	#ECE9F5	#F6F6F6
1422	#EFECF6	#F8F8F8
1423	#E7E4F2	#F4F4F4
1424	#E7E4F2	#F5F5F5
1425	#E9E6F3	#F3F3F3
1426	#EBE9F4	#F5F5F5
1427	#E9E6F3	#F4F4F4
1428	#F9F0EF	#F7F7F7
1429	#ECE9F5	#F7F7F7
1430	#E0DBEE	#EEEEEE
1431	#EBE8F4	#F9F9F9
1432	#EBE9F4	#F7F7F7
1433	#F1EEF7	#FAFAFA
1434	#E4E0F0	#EFEFEF
1435	#E9E6F3	#F5F5F5
1436	#ECE9F5	#F7F7F7
1437	#F0EEF7	#FBFBFB
1438	#EBE8F4	#F7F7F7
1439	#FAF4F3	#FBFBFB
1440	#F0EEF7	#FAFAFA
1441	#E7E4F2	#F6F6F6
1442	#E6E3F2	#F2F2F2
1443	#E9E6F3	#F9F9F9
1444	#EBE8F4	#F6F6F6
1445	#EBE8F4	#F7F7F7
1446	#EEEBF6	#FCFCFC
1447	#FFFFFF	#FFFFFF
1448	#E6E2F1	#FAFAFA
1449	#F3F1F8	#FDFDFD
1450	#F9F1F0	#F9F9F9
1451	#FBF6F5	#FEFEFE
1452	#F7F6FB	#FEFEFE
1453	#E2DEEF	#FBFBFB
1454	#F4F2F9	#FDFDFD
1455	#FEFCFC	#FFFFFF
1456	#F6F4FA	#FEFEFE
1457	#F3F1F9	#FEFEFE
1458	#F7F6FB	#FEFEFE
1459	#FEFCFB	#FFFFFF
1460	#FAF2F2	#FBFBFB
1461	#FDFAFA	#FEFEFE
1462	#FDFAF9	#FEFEFE
1463	#FEFCFC	#FFFFFF
1464	#FDFDFE	#FFFFFF
1466	#F2E2E0	#C5C5C5
1467	#FAF4F3	#F9F9F9
1468	#F7F6FB	#FDFDFD
1469	#F4F2F9	#FCFCFC
1470	#F5F3FA	#FCFCFC
1471	#F2F0F8	#FAFAFA
1472	#EEECF6	#F7F7F7
1473	#EFECF6	#F8F8F8
1474	#EEEBF6	#F9F9F9
1475	#F0EDF7	#FBFBFB
1476	#ECEAF5	#F5F5F5
1477	#EAE7F4	#F5F5F5
1478	#FAF3F2	#F8F8F8
1479	#E2DEEF	#EEEEEE
1480	#F0EEF7	#FAFAFA
1481	#E4E0F0	#F7F7F7
1482	#E5E1F1	#F1F1F1
1483	#E5E1F1	#F4F4F4
1484	#E3DFF0	#F1F1F1
1485	#E6E2F1	#F1F1F1
1486	#F7F6FB	#FDFDFD
1487	#F6F5FA	#FCFCFC
1488	#EEEBF6	#FAFAFA
1489	#FAF3F2	#FAFAFA
1490	#EAE7F4	#F6F6F6
1491	#F0EEF7	#FBFBFB
1492	#E6E2F1	#F3F3F3
1493	#E4E0F0	#F7F7F7
1494	#E6E3F2	#F5F5F5
1495	#DDD8EC	#EAEAEA
1496	#ECEAF5	#FAFAFA
1497	#FEFEFF	#FFFFFF
1498	#ECEAF5	#FCFCFC
1499	#F3F1F8	#FDFDFD
1500	#FDF9F9	#FEFEFE
1501	#F2F0F8	#FDFDFD
1502	#F5F4FA	#FEFEFE
1503	#E7E4F2	#FAFAFA
1504	#F5F3FA	#FEFEFE
1505	#F8F7FB	#FEFEFE
1506	#F0EEF7	#FDFDFD
1507	#FEFEFF	#FFFFFF
1508	#F1EFF8	#FDFDFD
1509	#DCD7EC	#FAFAFA
1510	#FDFBFB	#FFFFFF
1511	#F9F2F1	#FAFAFA
1512	#FBF6F5	#FCFCFC
1513	#FCF9F8	#FDFDFD
1514	#FEFCFC	#FEFEFE
1515	#FCFBFD	#FEFEFE
1517	#F9F2F1	#F4F4F4
1518	#FAF4F3	#FAFAFA
1519	#F4F3F9	#FCFCFC
1520	#F1EFF7	#FAFAFA
1521	#F7F6FB	#FDFDFD
1522	#F4F2F9	#FBFBFB
1523	#ECEAF5	#F5F5F5
1524	#F0EEF7	#FAFAFA
1525	#E8E5F2	#F4F4F4
1526	#F3F1F8	#FBFBFB
1527	#ECEAF5	#F6F6F6
1528	#E7E4F2	#F3F3F3
1529	#FAF4F3	#FAFAFA
1530	#ECE9F5	#F5F5F5
1531	#DDD8EC	#F0F0F0
1532	#E6E2F1	#F3F3F3
1533	#EBE8F4	#F7F7F7
1534	#E2DEEF	#EFEFEF
1535	#E3DFF0	#F1F1F1
1536	#E6E2F1	#F0F0F0
1537	#E9E6F3	#F5F5F5
1538	#EFEDF6	#F9F9F9
1539	#F5F3F9	#FCFCFC
1540	#FBF6F6	#FCFCFC
1541	#ECEAF5	#F8F8F8
1542	#E2DEEF	#F2F2F2
1543	#E0DCEE	#F6F6F6
1544	#EBE9F4	#F8F8F8
1545	#E9E6F3	#F5F5F5
1546	#E3DFF0	#F2F2F2
1547	#F0EEF7	#FBFBFB
1548	#DCD8EC	#F5F5F5
1549	#FCFBFD	#FFFFFF
1550	#FAF9FC	#FEFEFE
1551	#F8F0EE	#F8F8F8
1552	#E7E4F2	#FAFAFA
1553	#E6E3F2	#FAFAFA
1554	#F5F4FA	#FDFDFD
1555	#F3F1F8	#FDFDFD
1556	#FAF4F3	#FEFEFE
1557	#F3F1F8	#FDFDFD
1558	#F6F5FA	#FEFEFE
1559	#E3DFF0	#FBFBFB
1560	#FCF8F8	#FEFEFE
1561	#FBF5F5	#FBFBFB
1562	#FEFEFF	#FFFFFF
1563	#FBF5F4	#FCFCFC
1564	#FEFBFB	#FEFEFE
1565	#F7F6FB	#FCFCFC
1567	#F3E3E1	#C6C6C6
1568	#FCF7F7	#FBFBFB
1569	#FAF9FC	#FEFEFE
1570	#F4F2F9	#FBFBFB
1571	#F4F2F9	#FCFCFC
1572	#F1EEF7	#F8F8F8
1573	#F1EFF8	#F9F9F9
1574	#ECE9F5	#F6F6F6
1575	#F1EFF8	#FAFAFA
1576	#F2F0F8	#FBFBFB
1577	#E9E5F3	#F6F6F6
1578	#EAE7F4	#F5F5F5
1579	#FBF5F4	#FBFBFB
1580	#EBE8F4	#F4F4F4
1581	#ECEAF5	#F9F9F9
1582	#E9E6F3	#F5F5F5
1583	#D8D3EA	#EBEBEB
1584	#E5E1F1	#F3F3F3
1585	#DED9ED	#EEEEEE
1586	#E5E1F1	#F2F2F2
1587	#EEEBF6	#F8F8F8
1588	#EFEDF6	#F9F9F9
1589	#F3F2F9	#FBFBFB
1590	#FAF3F2	#FAFAFA
1591	#F5F4FA	#FDFDFD
1592	#E5E1F1	#F3F3F3
1593	#E3DFF0	#F8F8F8
1594	#F6F5FA	#FDFDFD
1595	#E3DFF0	#F1F1F1
1596	#DDD9ED	#F0F0F0
1597	#E2DEEF	#F0F0F0
1598	#ECE9F5	#F9F9F9
1599	#FEFEFF	#FFFFFF
1600	#EBE8F4	#FBFBFB
1601	#FCF8F8	#FDFDFD
1602	#F8F7FB	#FEFEFE
1603	#EFEDF6	#FDFDFD
1604	#F3F1F8	#FDFDFD
1605	#E5E1F1	#F9F9F9
1606	#EEECF6	#FDFDFD
1607	#F1EFF7	#FDFDFD
1608	#F0EEF7	#FDFDFD
1609	#E7E4F2	#FDFDFD
1610	#EDEBF5	#FCFCFC
1611	#FBFAFD	#FFFFFF
1612	#F9F2F1	#FAFAFA
1613	#FBF6F5	#FCFCFC
1614	#FFFFFF	#FFFFFF
1615	#FDFDFE	#FFFFFF
1616	#FEFDFE	#FFFFFF
1618	#F9F1F0	#F0F0F0
1619	#FBF7F6	#FCFCFC
1620	#F6F4FA	#FCFCFC
1621	#EFEDF6	#F8F8F8
1622	#F4F2F9	#FBFBFB
1623	#F3F1F8	#FAFAFA
1624	#F4F3F9	#FBFBFB
1625	#EEEBF6	#F7F7F7
1626	#E2DFF0	#EDEDED
1627	#ECE9F5	#F8F8F8
1628	#EAE7F4	#F7F7F7
1629	#E8E5F2	#F2F2F2
1630	#FCF7F6	#FDFDFD
1631	#E6E2F1	#F6F6F6
1632	#F1EEF7	#FAFAFA
1633	#ECE9F5	#F8F8F8
1634	#E4E0F0	#F3F3F3
1635	#ECE9F5	#F8F8F8
1636	#EAE8F4	#F7F7F7
1637	#EAE7F3	#F6F6F6
1638	#F3F1F9	#FBFBFB
1639	#EAE7F4	#F5F5F5
1640	#E7E3F2	#F4F4F4
1641	#FAF3F2	#FAFAFA
1642	#FBFAFD	#FEFEFE
1643	#EFECF6	#FCFCFC
1644	#F4F2F9	#FDFDFD
1645	#E6E3F2	#F5F5F5
1646	#D5D0E8	#E9E9E9
1647	#E2DEEF	#F1F1F1
1648	#D8D3EA	#E6E6E6
1649	#E8E4F2	#F4F4F4
1650	#EFEDF7	#FCFCFC
1651	#FBFAFD	#FFFFFF
1652	#FAF2F1	#FAFAFA
1653	#DBD6EB	#F6F6F6
1654	#DBD6EB	#F4F4F4
1655	#CFC9E5	#F0F0F0
1656	#E8E4F2	#FBFBFB
1657	#FDFAFA	#FFFFFF
1658	#FDFCFE	#FFFFFF
1659	#F8F8FB	#FFFFFF
1660	#EEEBF6	#FCFCFC
1661	#FBFBFD	#FFFFFF
1662	#FDFBFB	#FEFEFE
1663	#FEFDFD	#FFFFFF
1664	#F9F8FC	#FEFEFE
1665	#FEFDFD	#FFFFFF
1666	#FEFEFE	#FFFFFF
1668	#F2E2E0	#C1C1C1
1669	#FBF6F5	#FAFAFA
1670	#F4F2F9	#FBFBFB
1671	#EEECF6	#F8F8F8
1672	#F0EEF7	#F8F8F8
1673	#F1EFF8	#FAFAFA
1674	#F3F1F8	#FAFAFA
1675	#F8F7FB	#FDFDFD
1676	#EBE8F4	#F4F4F4
1677	#EFEDF6	#F9F9F9
1678	#E9E6F3	#F6F6F6
1679	#EEEBF6	#FAFAFA
1680	#FCF8F7	#FDFDFD
1681	#E0DBEE	#F2F2F2
1682	#ECEAF5	#F7F7F7
1683	#EBE8F4	#F6F6F6
1684	#EDEBF5	#F8F8F8
1685	#EEECF6	#FAFAFA
1686	#E6E2F1	#F3F3F3
1687	#E1DDEF	#F0F0F0
1688	#E8E5F3	#F5F5F5
1689	#E6E3F2	#F2F2F2
1690	#F0EEF7	#FBFBFB
1691	#FEFDFC	#FFFFFF
1692	#E7E3F2	#F4F4F4
1693	#E6E3F2	#FAFAFA
1694	#F3F2F9	#FCFCFC
1695	#EDEAF5	#FAFAFA
1696	#E0DCEE	#F4F4F4
1697	#EBE8F4	#F7F7F7
1698	#D9D4EB	#E7E7E7
1699	#DCD7EC	#E5E5E5
1700	#E5E2F1	#F2F2F2
1701	#ECE9F5	#FBFBFB
1702	#FBF6F6	#FCFCFC
1703	#EEEBF6	#FCFCFC
1704	#F3F1F9	#FDFDFD
1705	#DBD7EC	#F6F6F6
1706	#E6E2F1	#F9F9F9
1707	#EDEBF5	#FCFCFC
1708	#E6E2F1	#FBFBFB
1709	#F3F1F8	#FEFEFE
1710	#FBF7F6	#FEFEFE
1711	#FCFBFD	#FFFFFF
1712	#E3DFF0	#FBFBFB
1713	#FCF8F8	#FDFDFD
1714	#FCF8F7	#FDFDFD
1715	#FEFEFF	#FFFFFF
1716	#FBFBFD	#FEFEFE
1717	#FCFCFD	#FEFEFE
1719	#F8F0EF	#F0F0F0
1720	#FAF3F2	#F8F8F8
1721	#F5F3F9	#FBFBFB
1722	#F7F6FB	#FDFDFD
1723	#F1EFF7	#F9F9F9
1724	#EEEBF6	#F8F8F8
1725	#F4F2F9	#FBFBFB
1726	#F8F7FB	#FDFDFD
1727	#EFECF6	#F8F8F8
1728	#E5E2F1	#F2F2F2
1729	#EFEDF6	#FAFAFA
1730	#E5E2F1	#F8F8F8
1731	#FCF7F7	#FCFCFC
1732	#E6E2F1	#F0F0F0
1733	#E5E2F1	#F3F3F3
1734	#E6E3F1	#F3F3F3
1735	#E5E1F1	#F4F4F4
1736	#E9E6F3	#F7F7F7
1737	#E8E5F3	#F6F6F6
1738	#EAE7F4	#F8F8F8
1739	#EFEDF7	#FAFAFA
1740	#E9E6F3	#F6F6F6
1741	#E9E6F3	#F6F6F6
1742	#FCF8F7	#FDFDFD
1743	#EFECF6	#FCFCFC
1744	#F2F0F8	#FCFCFC
1745	#ECE9F5	#F9F9F9
1746	#EDEAF5	#FAFAFA
1747	#EBE8F4	#F8F8F8
1748	#E6E2F1	#F4F4F4
1749	#E2DEEF	#EAEAEA
1750	#E2DEEF	#EDEDED
1751	#E5E1F1	#F4F4F4
1752	#F0EEF7	#FDFDFD
1753	#FDFAFA	#FEFEFE
1754	#EBE8F4	#FAFAFA
1755	#F4F3F9	#FDFDFD
1756	#F6F4FA	#FEFEFE
1757	#E9E6F3	#FAFAFA
1758	#D2CCE7	#F3F3F3
1759	#E3DFF0	#FCFCFC
1760	#E9E6F3	#FAFAFA
1761	#FAF2F1	#FEFEFE
1762	#FCFBFD	#FFFFFF
1763	#FCF9F8	#FDFDFD
1764	#FFFEFF	#FFFFFF
1765	#FEFDFD	#FFFFFF
1766	#F3F1F9	#FCFCFC
1767	#F6F4FA	#FCFCFC
1769	#F2E3E1	#C4C4C4
1770	#F9F2F1	#F6F6F6
1771	#F0EEF7	#F8F8F8
1772	#FAFAFC	#FEFEFE
1773	#F2F0F8	#FAFAFA
1774	#EFEDF6	#F8F8F8
1775	#F4F2F9	#FBFBFB
1776	#EFECF6	#F7F7F7
1777	#F7F6FB	#FDFDFD
1778	#EAE7F4	#F4F4F4
1779	#EFEDF6	#F8F8F8
1780	#EFEDF6	#FBFBFB
1781	#F9F0EF	#F6F6F6
1782	#E3DFF0	#F4F4F4
1783	#E1DDEF	#EEEEEE
1784	#F2F1F8	#FBFBFB
1785	#EFECF6	#F9F9F9
1786	#F2F0F8	#FCFCFC
1787	#DDD9ED	#F0F0F0
1788	#E1DDEF	#F0F0F0
1789	#EEEBF6	#F9F9F9
1790	#EFEDF6	#FAFAFA
1791	#EEECF6	#F9F9F9
1792	#FCF8F7	#FCFCFC
1793	#E5E1F1	#F8F8F8
1794	#F4F2F9	#FCFCFC
1795	#F3F1F9	#FDFDFD
1796	#ECE9F5	#FAFAFA
1797	#E8E5F2	#F8F8F8
1798	#ECE9F5	#F9F9F9
1799	#E8E5F3	#F3F3F3
1800	#E5E2F1	#F1F1F1
1801	#DEDAED	#EBEBEB
1802	#E1DDEF	#F3F3F3
1803	#F9F2F1	#F9F9F9
1804	#F3F1F9	#FDFDFD
1805	#E8E5F3	#FAFAFA
1806	#F0EEF7	#FDFDFD
1807	#E4E0F0	#F9F9F9
1808	#F6F4FA	#FEFEFE
1809	#E8E5F3	#FCFCFC
1810	#E9E6F3	#FBFBFB
1811	#F0EEF7	#FCFCFC
1812	#F2F0F8	#FDFDFD
1813	#E0DCEE	#FBFBFB
1814	#FBF5F5	#FBFBFB
1815	#FCFBFD	#FEFEFE
1816	#FDFDFE	#FFFFFF
1817	#FBFAFD	#FEFEFE
1818	#FDFDFE	#FFFFFF
1820	#F8EFED	#EDEDED
1821	#FAF2F1	#F7F7F7
1822	#F9F9FC	#FDFDFD
1823	#F2F0F8	#F9F9F9
1824	#F2F1F8	#FAFAFA
1825	#F3F1F8	#FAFAFA
1826	#F5F4FA	#FCFCFC
1827	#FDFCFE	#FEFEFE
1828	#F1EEF7	#F9F9F9
1829	#F0EEF7	#F9F9F9
1830	#EEEBF6	#FBFBFB
1831	#EEECF6	#F9F9F9
1832	#FBF5F4	#FAFAFA
1833	#EAE8F4	#F8F8F8
1834	#E7E4F2	#F5F5F5
1835	#E8E5F3	#F5F5F5
1836	#E9E6F3	#F5F5F5
1837	#E6E3F2	#F4F4F4
1838	#F2F0F8	#FCFCFC
1839	#EAE7F4	#F6F6F6
1840	#E6E2F1	#F6F6F6
1841	#E3DFF0	#F1F1F1
1842	#ECE9F4	#FAFAFA
1843	#FDFAFA	#FEFEFE
1844	#F2F0F8	#FBFBFB
1845	#F2F0F8	#FBFBFB
1846	#F7F5FA	#FEFEFE
1847	#ECEAF5	#FAFAFA
1848	#E6E2F1	#F7F7F7
1849	#EAE7F4	#F6F6F6
1850	#E8E4F2	#F4F4F4
1851	#D8D3EA	#E6E6E6
1852	#D8D3EA	#E2E2E2
1853	#E5E1F1	#F2F2F2
1854	#FAF2F1	#FAFAFA
1855	#EAE8F4	#FBFBFB
1856	#E0DCEE	#F8F8F8
1857	#E4E0F0	#F9F9F9
1858	#F1EFF7	#FDFDFD
1859	#E5E1F1	#FBFBFB
1860	#FDFDFE	#FFFFFF
1861	#F1EFF7	#FDFDFD
1862	#FEFEFE	#FFFFFF
1863	#D6D0E9	#F8F8F8
1864	#F8F7FB	#FDFDFD
1865	#FEFCFB	#FEFEFE
1866	#FAFAFD	#FEFEFE
1867	#F8F7FB	#FDFDFD
1868	#F5F4FA	#FCFCFC
1870	#F1DFDD	#B8B8B8
1871	#F8EFEE	#F2F2F2
1872	#F5F4FA	#FCFCFC
1873	#F5F4FA	#FBFBFB
1874	#F3F1F8	#FAFAFA
1875	#F3F1F8	#FAFAFA
1876	#F7F6FB	#FCFCFC
1877	#F7F6FB	#FDFDFD
1878	#F2F0F8	#FAFAFA
1879	#F1EFF7	#F9F9F9
1880	#ECE9F5	#F9F9F9
1881	#EAE7F4	#F6F6F6
1882	#F6EAE8	#ECECEC
1883	#F3F1F8	#FCFCFC
1884	#EDEAF5	#FAFAFA
1885	#EEECF6	#F9F9F9
1886	#E0DCEE	#F0F0F0
1887	#E9E6F3	#F5F5F5
1888	#EAE7F4	#F7F7F7
1889	#E5E2F1	#F4F4F4
1890	#EDEAF5	#F9F9F9
1891	#E8E5F3	#F7F7F7
1892	#EEEBF6	#FCFCFC
1893	#F9F0EF	#F6F6F6
1894	#ECEAF5	#F8F8F8
1895	#EFEDF6	#FAFAFA
1896	#F0EEF7	#FCFCFC
1897	#E9E6F3	#FAFAFA
1898	#E2DEEF	#F4F4F4
1899	#ECE9F5	#F8F8F8
1900	#E4E0F0	#F3F3F3
1901	#EAE7F4	#F6F6F6
1902	#DEDAED	#EDEDED
1903	#E0DCEE	#EBEBEB
1904	#FBF6F5	#FCFCFC
1905	#E6E2F1	#F5F5F5
1906	#E5E1F1	#F9F9F9
1907	#E6E3F2	#FAFAFA
1908	#F3F1F8	#FEFEFE
1909	#D9D4EA	#F9F9F9
1910	#E7E4F2	#F8F8F8
1911	#FDFDFE	#FFFFFF
1912	#F5F3FA	#FEFEFE
1913	#F9F8FC	#FFFFFF
1914	#EEEBF6	#FDFDFD
1915	#FBF6F5	#FDFDFD
1916	#FFFFFF	#FFFFFF
1917	#F8F7FB	#FDFDFD
1918	#FCFBFD	#FEFEFE
1919	#F6F4FA	#FCFCFC
1921	#F8EFED	#EEEEEE
1922	#F9F0EF	#F4F4F4
1923	#FBFAFD	#FEFEFE
1924	#F7F6FB	#FCFCFC
1925	#F4F3F9	#FBFBFB
1926	#F5F4FA	#FBFBFB
1927	#F1EFF8	#FAFAFA
1928	#F6F5FA	#FDFDFD
1929	#EEEBF6	#F6F6F6
1930	#F4F3F9	#FDFDFD
1931	#EEECF6	#F8F8F8
1932	#E9E5F3	#F6F6F6
1933	#FAF4F3	#F9F9F9
1934	#EBE9F4	#F8F8F8
1935	#EAE7F4	#FAFAFA
1936	#EEECF6	#F9F9F9
1937	#E2DEEF	#F0F0F0
1938	#E2DEEF	#EEEEEE
1939	#E6E2F1	#F4F4F4
1940	#E9E6F3	#F9F9F9
1941	#EBE9F4	#F8F8F8
1942	#E9E6F3	#FBFBFB
1943	#F0EEF7	#FBFBFB
1944	#F9F1EF	#F7F7F7
1945	#EBE8F4	#F7F7F7
1946	#E6E3F2	#F7F7F7
1947	#F5F4FA	#FDFDFD
1948	#EEECF6	#FBFBFB
1949	#ECE9F5	#F8F8F8
1950	#E4E1F1	#F5F5F5
1951	#E1DDEF	#F1F1F1
1952	#D8D3EA	#E7E7E7
1953	#DDD9ED	#EAEAEA
1954	#E3DFF0	#F1F1F1
1955	#FEFCFC	#FEFEFE
1956	#DED9ED	#F1F1F1
1957	#E8E5F3	#FAFAFA
1958	#EFEDF6	#FCFCFC
1959	#EEECF6	#FDFDFD
1960	#E4E0F0	#F7F7F7
1961	#F5F4FA	#FDFDFD
1962	#FCFBFD	#FFFFFF
1963	#E8E4F2	#FDFDFD
1964	#FAFAFC	#FEFEFE
1965	#FFFFFF	#FFFFFF
1966	#FFFEFE	#FFFFFF
1967	#F8F7FB	#FDFDFD
1968	#FAF9FC	#FEFEFE
1969	#FFFFFF	#FFFFFF
1971	#F3E3E1	#C6C6C6
1972	#FBF5F4	#F9F9F9
1973	#FCFBFD	#FEFEFE
1974	#F8F7FB	#FDFDFD
1975	#F4F3F9	#FBFBFB
1976	#F8F6FB	#FDFDFD
1977	#FEFEFE	#FFFFFF
1978	#F9F8FC	#FEFEFE
1979	#F5F4FA	#FCFCFC
1980	#EBE9F4	#F8F8F8
1981	#EFECF6	#F8F8F8
1982	#F5F3FA	#FCFCFC
1983	#F8EFED	#F3F3F3
1984	#F4F2F9	#FCFCFC
1985	#EBE8F4	#F9F9F9
1986	#EAE7F4	#F9F9F9
1987	#EEECF6	#F9F9F9
1988	#DED9ED	#ECECEC
1989	#EEECF6	#F9F9F9
1990	#F6F4FA	#FDFDFD
1991	#E7E3F2	#F6F6F6
1992	#ECE9F5	#FAFAFA
1993	#F1EFF7	#FCFCFC
1994	#F9F1F0	#F7F7F7
1995	#EEECF6	#FAFAFA
1996	#EEECF6	#FBFBFB
1997	#F4F3F9	#FDFDFD
1998	#F3F1F8	#FCFCFC
1999	#F3F2F9	#FCFCFC
2000	#EBE8F4	#F9F9F9
2001	#E4E0F0	#F6F6F6
2002	#E5E1F1	#F4F4F4
2003	#E6E3F1	#F2F2F2
2004	#E0DCEE	#EFEFEF
2005	#FBF5F4	#FBFBFB
2006	#D7D2E9	#E6E6E6
2007	#E4E0F0	#F3F3F3
2008	#EAE7F3	#FBFBFB
2009	#EDEBF5	#FDFDFD
2010	#E7E3F2	#FAFAFA
2011	#FBFBFD	#FFFFFF
2012	#F6F4FA	#FEFEFE
2013	#E4E0F0	#FBFBFB
2014	#EBE9F4	#FCFCFC
2015	#FFFEFE	#FFFFFF
2016	#FEFDFD	#FFFFFF
2017	#FDFBFB	#FEFEFE
2018	#FAF9FC	#FDFDFD
2019	#F9F8FC	#FDFDFD
2020	#FDFDFE	#FFFFFF
2022	#F7ECEB	#E6E6E6
2023	#F6EAE9	#ECECEC
2024	#F7F5FA	#FCFCFC
2025	#FAF9FC	#FEFEFE
2026	#F9F8FC	#FDFDFD
2027	#FAF9FC	#FEFEFE
2028	#F5F4FA	#FCFCFC
2029	#F3F1F8	#FBFBFB
2030	#F2F0F8	#FCFCFC
2031	#F4F2F9	#FBFBFB
2032	#F2F0F8	#FBFBFB
2033	#F3F1F9	#FBFBFB
2034	#F6EAE8	#EDEDED
2035	#EEECF6	#FAFAFA
2036	#EBE8F4	#F8F8F8
2037	#E1DDEF	#F4F4F4
2038	#ECE9F5	#F7F7F7
2039	#ECEAF5	#F8F8F8
2040	#E1DDEF	#F2F2F2
2041	#EEECF6	#FAFAFA
2042	#E3DFF0	#F9F9F9
2043	#E7E3F2	#F7F7F7
2044	#EFEDF6	#FBFBFB
2045	#FAF4F3	#FBFBFB
2046	#EDEBF5	#FBFBFB
2047	#E8E4F2	#F6F6F6
2048	#EDEBF5	#F9F9F9
2049	#F4F2F9	#FCFCFC
2050	#EFEDF6	#FBFBFB
2051	#E8E5F2	#F8F8F8
2052	#E1DDEF	#F5F5F5
2053	#E6E2F1	#F3F3F3
2054	#DCD7EC	#ECECEC
2055	#DDD8EC	#ECECEC
2056	#FAF4F4	#FBFBFB
2057	#DDD9ED	#ECECEC
2058	#DBD6EB	#EFEFEF
2059	#D6D0E9	#F7F7F7
2060	#E8E5F3	#FAFAFA
2061	#E5E1F1	#F9F9F9
2062	#F9F8FC	#FEFEFE
2063	#E3E0F0	#FAFAFA
2064	#ECEAF5	#FCFCFC
2065	#EEECF6	#FDFDFD
2066	#FCF9F8	#FEFEFE
2067	#FDFCFE	#FFFFFF
2068	#FEFEFF	#FFFFFF
2069	#F7F5FA	#FCFCFC
2070	#FBFAFD	#FEFEFE
2072	#F2E2E0	#BABABA
2073	#F8EFEE	#F1F1F1
2074	#FCFBFD	#FEFEFE
2075	#F9F9FC	#FDFDFD
2076	#F8F7FB	#FDFDFD
2077	#FEFDFE	#FFFFFF
2078	#F3F1F8	#FAFAFA
2079	#F3F1F8	#FBFBFB
2080	#F9F8FC	#FEFEFE
2081	#EFEDF6	#F9F9F9
2082	#F4F2F9	#FBFBFB
2083	#F2F0F8	#FAFAFA
2084	#F4E5E3	#E5E5E5
2085	#F2F0F8	#FBFBFB
2086	#E7E4F2	#F4F4F4
2087	#EFEDF7	#FBFBFB
2088	#E6E2F1	#F6F6F6
2089	#ECE9F5	#F7F7F7
2090	#F0EEF7	#FBFBFB
2091	#EDEBF5	#F9F9F9
2092	#EBE8F4	#FBFBFB
2093	#F1F0F8	#FCFCFC
2094	#EDEAF5	#F9F9F9
2095	#F8F0EF	#F7F7F7
2096	#DDD8ED	#F4F4F4
2097	#EAE7F4	#F9F9F9
2098	#ECEAF5	#F9F9F9
2099	#E6E3F2	#F4F4F4
2100	#ECE9F5	#F8F8F8
2101	#EEECF6	#FBFBFB
2102	#E5E1F1	#F7F7F7
2103	#E0DBEE	#F2F2F2
2104	#E6E3F2	#F5F5F5
2105	#E5E1F1	#F3F3F3
2106	#FAF2F1	#F9F9F9
2107	#DED9ED	#EBEBEB
2108	#CCC6E4	#DBDBDB
2109	#EDEAF5	#FCFCFC
2110	#ECE9F5	#FBFBFB
2111	#E2DEEF	#F9F9F9
2112	#F6F4FA	#FEFEFE
2113	#EAE8F4	#FCFCFC
2114	#DDD9ED	#F6F6F6
2115	#DFDAEE	#F7F7F7
2116	#FEFDFD	#FFFFFF
2117	#FBF6F6	#FCFCFC
2118	#FDFDFE	#FFFFFF
2119	#FAF9FC	#FEFEFE
2120	#FAF9FC	#FDFDFD
2121	#F7F5FA	#FCFCFC
2123	#F9F1F0	#F0F0F0
2124	#F8EFEE	#F3F3F3
2125	#FFFFFF	#FFFFFF
2126	#FEFEFE	#FFFFFF
2127	#F9F9FC	#FEFEFE
2128	#F2F0F8	#FAFAFA
2129	#F0EDF7	#F8F8F8
2130	#EEECF6	#F9F9F9
2131	#F3F1F8	#FBFBFB
2132	#ECE9F5	#F8F8F8
2133	#F7F6FB	#FDFDFD
2134	#F6F5FA	#FDFDFD
2135	#F8EFEE	#F6F6F6
2136	#EDEAF5	#F7F7F7
2137	#EDEAF5	#F8F8F8
2138	#E2DEEF	#F4F4F4
2139	#EFEDF6	#FBFBFB
2140	#EFEDF6	#FBFBFB
2141	#F2F1F8	#FCFCFC
2142	#F8F7FB	#FEFEFE
2143	#E8E5F3	#F8F8F8
2144	#F4F3F9	#FDFDFD
2145	#E6E3F2	#F8F8F8
2146	#FAF3F2	#F9F9F9
2147	#E5E1F1	#F7F7F7
2148	#EDEAF5	#FAFAFA
2149	#EDEBF5	#F8F8F8
2150	#E8E5F3	#F6F6F6
2151	#F1EFF7	#FBFBFB
2152	#E5E1F1	#F7F7F7
2153	#E7E3F2	#F7F7F7
2154	#EDEAF5	#FAFAFA
2155	#E1DDEF	#F2F2F2
2156	#E8E5F3	#F6F6F6
2157	#FCF8F8	#FDFDFD
2158	#D8D2EA	#E8E8E8
2159	#E6E3F2	#F7F7F7
2160	#DFDAEE	#EFEFEF
2161	#EBE8F4	#FCFCFC
2162	#FBF6F5	#FEFEFE
2163	#E2DEEF	#FAFAFA
2164	#E4E1F1	#FAFAFA
2165	#D9D4EA	#F3F3F3
2166	#E8E5F2	#FBFBFB
2167	#FEFCFC	#FEFEFE
2168	#FAFAFC	#FEFEFE
2169	#FEFDFE	#FFFFFF
2170	#F9F8FC	#FDFDFD
2171	#F6F4FA	#FCFCFC
2173	#F3E3E1	#C2C2C2
2174	#FAF3F2	#F6F6F6
2175	#FAF9FC	#FEFEFE
2176	#FFFEFE	#FFFFFF
2177	#FCFBFD	#FEFEFE
2178	#F4F3F9	#FCFCFC
2179	#F6F4FA	#FCFCFC
2180	#F6F4FA	#FDFDFD
2181	#F5F4FA	#FCFCFC
2182	#EFEDF6	#F9F9F9
2183	#EBE8F4	#F7F7F7
2184	#F0EEF7	#FAFAFA
2185	#F9F1F0	#F7F7F7
2186	#F4F2F9	#FCFCFC
2187	#E4E1F1	#F1F1F1
2188	#EDEBF5	#F9F9F9
2189	#F0EEF7	#FBFBFB
2190	#D9D3EA	#F1F1F1
2191	#E9E6F3	#F7F7F7
2192	#F8F7FB	#FEFEFE
2193	#DFDBEE	#F1F1F1
2194	#EDEAF5	#F9F9F9
2195	#F7F6FB	#FEFEFE
2196	#F9F2F1	#F9F9F9
2197	#F5F4FA	#FDFDFD
2198	#E3DFF0	#F6F6F6
2199	#EDEAF5	#F9F9F9
2200	#E5E2F1	#F3F3F3
2201	#E9E5F3	#F7F7F7
2202	#E9E6F3	#F7F7F7
2203	#F3F1F8	#FDFDFD
2204	#E4E0F0	#F5F5F5
2205	#EAE8F4	#F9F9F9
2206	#DEDAED	#F0F0F0
2207	#F9F1F0	#F8F8F8
2208	#D9D4EB	#ECECEC
2209	#D4CEE8	#F0F0F0
2210	#D4CFE8	#DDDDDD
2211	#EEECF6	#FBFBFB
2212	#D5CFE8	#F3F3F3
2213	#E9E6F3	#FCFCFC
2214	#E8E5F3	#FBFBFB
2215	#DDD8ED	#F7F7F7
2216	#EDEAF5	#FCFCFC
2217	#EFEDF6	#FDFDFD
2218	#F9F2F1	#F9F9F9
2219	#FEFEFE	#FFFFFF
2220	#FFFEFE	#FFFFFF
2221	#FAF9FC	#FEFEFE
2222	#FCFCFE	#FEFEFE
2224	#F9F1F0	#F1F1F1
2225	#FAF4F3	#F9F9F9
2226	#F5F4FA	#FBFBFB
2227	#FDFDFE	#FFFFFF
2228	#FAF9FC	#FEFEFE
2229	#F2F0F8	#FBFBFB
2230	#F0EEF7	#FAFAFA
2231	#FBFAFD	#FEFEFE
2232	#F6F5FA	#FDFDFD
2233	#F0EEF7	#F9F9F9
2234	#F2F0F8	#FBFBFB
2235	#F6F5FA	#FCFCFC
2236	#FAF4F3	#FAFAFA
2237	#F2F0F8	#FBFBFB
2238	#EDEBF5	#F8F8F8
2239	#F4F2F9	#FCFCFC
2240	#EEECF6	#FBFBFB
2241	#E6E2F1	#F8F8F8
2242	#D4CFE8	#F1F1F1
2243	#F6F5FA	#FDFDFD
2244	#EBE8F4	#F8F8F8
2245	#F0EEF7	#FCFCFC
2246	#EAE7F4	#FAFAFA
2247	#F7ECEB	#F4F4F4
2248	#EEEBF6	#FBFBFB
2249	#F9F8FC	#FEFEFE
2250	#E8E5F2	#F7F7F7
2251	#EEECF6	#F9F9F9
2252	#EBE9F4	#F9F9F9
2253	#F1EFF8	#FBFBFB
2254	#EAE7F3	#FAFAFA
2255	#EBE8F4	#FAFAFA
2256	#DCD8EC	#F3F3F3
2257	#F0EEF7	#FBFBFB
2258	#F8EEED	#F5F5F5
2259	#D8D3EA	#F2F2F2
2260	#E2DEEF	#EFEFEF
2261	#D2CCE7	#E4E4E4
2262	#DAD5EB	#EEEEEE
2263	#CAC3E2	#F5F5F5
2264	#DAD5EB	#F4F4F4
2265	#EBE8F4	#FBFBFB
2266	#F2F0F8	#FDFDFD
2267	#DCD8EC	#F8F8F8
2268	#FBF5F5	#FCFCFC
2269	#FDFAF9	#FEFEFE
2270	#FEFCFB	#FEFEFE
2271	#F9F9FC	#FEFEFE
2272	#FDFCFE	#FEFEFE
2274	#F2E2DF	#C1C1C1
2275	#F9F1F0	#F5F5F5
2276	#EBD3D0	#DFDFDF
2277	#F7EDEC	#F7F7F7
2278	#FBF5F4	#FCFCFC
2279	#F9F2F1	#FCFCFC
2280	#FBF6F5	#FCFCFC
2281	#FDFBFB	#FEFEFE
2282	#FEFCFC	#FFFFFF
2283	#FEFDFD	#FFFFFF
2284	#F7EDEC	#FBFBFB
2285	#FDF9F9	#FEFEFE
2286	#F6EAE8	#F1F1F1
2287	#F7EDEC	#FBFBFB
2288	#FCF8F8	#FEFEFE
2289	#FBF6F5	#FEFEFE
2290	#FDFBFB	#FFFFFF
2291	#FEFEFF	#FFFFFF
2292	#FEFEFE	#FFFFFF
2293	#FDFAFA	#FEFEFE
2294	#FEFCFC	#FFFFFF
2295	#FAFAFC	#FFFFFF
2296	#FCF9F8	#FEFEFE
2297	#F9F1F0	#F9F9F9
2298	#FAF9FC	#FEFEFE
2299	#F4F2F9	#FDFDFD
2300	#EFEDF6	#FCFCFC
2301	#FEFEFF	#FFFFFF
2302	#E7E4F2	#FAFAFA
2303	#FEFEFE	#FFFFFF
2304	#FAF9FC	#FEFEFE
2305	#FAF9FC	#FEFEFE
2306	#EBE8F4	#FBFBFB
2307	#F1EFF7	#FCFCFC
2308	#F5E9E8	#F1F1F1
2309	#F0EDF7	#FCFCFC
2310	#F5F3FA	#FEFEFE
2311	#FCFCFE	#FFFFFF
2312	#F9F0EF	#FDFDFD
2313	#F0EEF7	#FCFCFC
2314	#F4F2F9	#FDFDFD
2315	#E4E0F0	#FAFAFA
2316	#E7E3F2	#FAFAFA
2317	#FEFCFB	#FFFFFF
2318	#FDFDFE	#FFFFFF
2319	#F5E9E8	#F2F2F2
2320	#F6EAE8	#F2F2F2
2321	#F3E5E3	#EBEBEB
2322	#F5E9E7	#F3F3F3
2323	#F1E0DD	#E5E5E5
2325	#F8F0EF	#F0F0F0
2326	#F7EDEC	#F3F3F3
2327	#F6EBE9	#F7F7F7
2328	#FAF3F2	#FBFBFB
2329	#FDFAF9	#FEFEFE
2330	#FBF5F4	#FCFCFC
2331	#FAF3F2	#FBFBFB
2332	#FAFAFD	#FEFEFE
2333	#FEFDFC	#FFFFFF
2334	#FFFFFF	#FFFFFF
2335	#FCF9F8	#FEFEFE
2336	#FCF8F8	#FEFEFE
2337	#FAF3F2	#F9F9F9
2338	#F9F1F0	#FDFDFD
2339	#FEFEFF	#FFFFFF
2340	#FCF7F6	#FEFEFE
2341	#FDFDFE	#FFFFFF
2342	#FAF4F3	#FEFEFE
2343	#FDFAF9	#FEFEFE
2344	#FCF9F9	#FEFEFE
2345	#F7F6FB	#FEFEFE
2346	#FBF5F4	#FEFEFE
2347	#FFFFFF	#FFFFFF
2348	#F6EAE8	#F2F2F2
2349	#FDFCFE	#FFFFFF
2350	#F6F5FA	#FEFEFE
2351	#FCFBFD	#FFFFFF
2352	#FBFBFD	#FFFFFF
2353	#F3F2F9	#FDFDFD
2354	#FFFEFE	#FFFFFF
2355	#FDFAF9	#FEFEFE
2356	#FDFCFE	#FFFFFF
2357	#E8E5F3	#FBFBFB
2358	#FAF9FC	#FEFEFE
2359	#F8EFEE	#F7F7F7
2360	#FAFAFD	#FFFFFF
2361	#FAFAFD	#FFFFFF
2362	#FDFDFE	#FFFFFF
2363	#FCF9F8	#FEFEFE
2364	#F9F9FC	#FEFEFE
2365	#FBFAFD	#FFFFFF
2366	#FBFBFD	#FFFFFF
2367	#F8F7FB	#FEFEFE
2368	#FBF5F5	#FEFEFE
2369	#F9F2F1	#FAFAFA
2370	#F8EEED	#F6F6F6
2371	#FAF4F3	#FBFBFB
2372	#F5E9E8	#F3F3F3
2373	#EEDAD7	#DEDEDE
2375	#F2E1DF	#BABABA
2376	#F9F1F0	#F6F6F6
2377	#FFFEFE	#FFFFFF
2378	#F9F8FC	#FDFDFD
2379	#FCFBFD	#FEFEFE
2380	#FAFAFC	#FEFEFE
2381	#EBE9F4	#F9F9F9
2382	#F3F1F9	#FAFAFA
2383	#E8E5F2	#F4F4F4
2384	#F1EFF8	#FAFAFA
2385	#F6F5FA	#FDFDFD
2386	#E1DDEF	#F0F0F0
2387	#FBF6F5	#FBFBFB
2388	#EDEBF5	#F7F7F7
2389	#E8E5F3	#F4F4F4
2390	#F1EFF7	#FAFAFA
2391	#F8F7FB	#FEFEFE
2392	#EBE9F4	#FAFAFA
2393	#F7F6FB	#FEFEFE
2394	#E8E5F3	#F8F8F8
2395	#EEECF6	#FBFBFB
2396	#F4F3F9	#FDFDFD
2397	#E0DCEE	#F5F5F5
2398	#F8F0EF	#F7F7F7
2399	#DDD9ED	#F3F3F3
2400	#EFECF6	#FAFAFA
2401	#ECE9F5	#F9F9F9
2402	#E5E1F1	#F5F5F5
2403	#EAE8F4	#F8F8F8
2404	#EDEBF5	#FAFAFA
2405	#EBE9F4	#F8F8F8
2406	#EEEBF6	#FBFBFB
2407	#EDEAF5	#FAFAFA
2408	#DEDAED	#F5F5F5
2409	#F9F0EF	#F8F8F8
2410	#E1DDEF	#F8F8F8
2411	#DCD7EC	#E9E9E9
2412	#E0DBEE	#F2F2F2
2413	#DED9ED	#ECECEC
2414	#D8D3EA	#F2F2F2
2415	#E7E4F2	#FBFBFB
2416	#E5E1F1	#FAFAFA
2417	#F8F7FB	#FEFEFE
2418	#D8D3EA	#F7F7F7
2419	#DED9ED	#F8F8F8
2420	#F9F0EF	#F8F8F8
2421	#FBF5F4	#FBFBFB
2422	#FDF9F9	#FDFDFD
2423	#FDFDFE	#FFFFFF
2424	#FEFDFD	#FFFFFF
2426	#F9F2F1	#F4F4F4
2427	#FBF6F5	#FAFAFA
2428	#FBFBFD	#FEFEFE
2429	#FDFCFE	#FEFEFE
2430	#F7F6FB	#FCFCFC
2431	#F8F7FB	#FEFEFE
2432	#EDEBF5	#F8F8F8
2433	#F3F1F8	#FAFAFA
2434	#EBE8F4	#F5F5F5
2435	#F0EEF7	#FAFAFA
2436	#F7F6FB	#FDFDFD
2437	#ECE9F5	#F8F8F8
2438	#FAF4F3	#FAFAFA
2439	#E4E0F0	#F0F0F0
2440	#F6F4FA	#FDFDFD
2441	#F1EFF8	#FBFBFB
2442	#E5E1F1	#F3F3F3
2443	#DBD6EB	#F5F5F5
2444	#F5F4FA	#FDFDFD
2445	#F4F3F9	#FCFCFC
2446	#ECE9F5	#FAFAFA
2447	#E6E2F1	#F6F6F6
2448	#EFECF6	#FBFBFB
2449	#FAF4F3	#FAFAFA
2450	#E5E1F1	#F6F6F6
2451	#E5E2F1	#F5F5F5
2452	#EBE8F4	#FAFAFA
2453	#EDEAF5	#FAFAFA
2454	#F0EEF7	#FBFBFB
2455	#DDD9ED	#F1F1F1
2456	#F1F0F8	#FCFCFC
2457	#EDEBF5	#FBFBFB
2458	#E0DCEE	#F3F3F3
2459	#D4CFE8	#F4F4F4
2460	#FAF2F1	#FAFAFA
2461	#DDD8ED	#EEEEEE
2462	#D3CDE7	#E8E8E8
2463	#DBD6EB	#EBEBEB
2464	#CAC4E2	#E8E8E8
2465	#E4E1F1	#F5F5F5
2466	#EEECF6	#FCFCFC
2467	#F7F6FB	#FEFEFE
2468	#DCD7EC	#F8F8F8
2469	#DDD8EC	#F8F8F8
2470	#FAF4F3	#FBFBFB
2471	#FCF7F6	#FCFCFC
2472	#FDFCFE	#FEFEFE
2473	#FEFDFD	#FFFFFF
2474	#FEFEFF	#FFFFFF
2476	#F2E1DF	#C6C6C6
2477	#FAF4F4	#F8F8F8
2478	#FFFFFF	#FFFFFF
2479	#FFFEFE	#FFFFFF
2480	#F7F6FB	#FDFDFD
2481	#F0EEF7	#FAFAFA
2482	#F4F2F9	#FBFBFB
2483	#F6F5FA	#FDFDFD
2484	#F3F1F8	#FBFBFB
2485	#F0EDF7	#F9F9F9
2486	#EFEDF6	#F9F9F9
2487	#F2F1F8	#FBFBFB
2488	#F9F2F1	#F8F8F8
2489	#EEEBF6	#F9F9F9
2490	#F3F1F9	#FBFBFB
2491	#F5F4FA	#FDFDFD
2492	#F3F1F8	#FBFBFB
2493	#E4E1F1	#F9F9F9
2494	#E9E6F3	#F9F9F9
2495	#F2F1F8	#FDFDFD
2496	#F6F4FA	#FDFDFD
2497	#E6E3F1	#F7F7F7
2498	#F8F7FB	#FEFEFE
2499	#FAF3F3	#F9F9F9
2500	#F2F0F8	#FBFBFB
2501	#F2F0F8	#FCFCFC
2502	#F2F1F8	#FCFCFC
2503	#EEECF6	#FBFBFB
2504	#E6E2F1	#F5F5F5
2505	#E9E6F3	#F8F8F8
2506	#E9E6F3	#F8F8F8
2507	#ECEAF5	#FAFAFA
2508	#EBE9F4	#FBFBFB
2509	#D3CEE7	#F1F1F1
2510	#F9F1F0	#F9F9F9
2511	#EFEDF7	#FBFBFB
2512	#E4E1F1	#F5F5F5
2513	#DDD9ED	#EDEDED
2514	#DDD8EC	#F3F3F3
2515	#D1CBE6	#E0E0E0
2516	#D6D0E9	#E8E8E8
2517	#E7E4F2	#FAFAFA
2518	#EBE9F4	#FCFCFC
2519	#D6D0E9	#F7F7F7
2520	#E0DCEE	#FAFAFA
2521	#F9F2F1	#F9F9F9
2522	#F9F0EF	#F8F8F8
2523	#F9F2F1	#FAFAFA
2524	#FDFDFE	#FFFFFF
2525	#FFFFFF	#FFFFFF
2527	#F7EEEC	#ECECEC
2528	#F9F1F0	#F6F6F6
2529	#F8F7FB	#FDFDFD
2530	#F6F4FA	#FBFBFB
2531	#F9F8FC	#FEFEFE
2532	#F8F7FB	#FDFDFD
2533	#F5F4FA	#FCFCFC
2534	#F6F5FA	#FDFDFD
2535	#ECE9F5	#F6F6F6
2536	#EFEDF6	#F9F9F9
2537	#EFECF6	#FAFAFA
2538	#EFECF6	#F9F9F9
2539	#FBF5F5	#FBFBFB
2540	#F4F2F9	#FCFCFC
2541	#EAE7F4	#F7F7F7
2542	#E8E5F3	#F4F4F4
2543	#F3F1F9	#FDFDFD
2544	#EFEDF7	#FBFBFB
2545	#F0EEF7	#FCFCFC
2546	#EAE7F4	#FBFBFB
2547	#EBE8F4	#FAFAFA
2548	#E9E6F3	#F9F9F9
2549	#FAF9FC	#FEFEFE
2550	#FBF6F5	#FCFCFC
2551	#ECEAF5	#FAFAFA
2552	#F0EEF7	#FCFCFC
2553	#E6E3F2	#F8F8F8
2554	#E9E6F3	#F9F9F9
2555	#EEEBF6	#FAFAFA
2556	#EAE7F4	#F8F8F8
2557	#EFEDF6	#FBFBFB
2558	#E9E6F3	#F8F8F8
2559	#DDD9ED	#F7F7F7
2560	#E3DFF0	#F4F4F4
2561	#F9F1F0	#F8F8F8
2562	#F4F3F9	#FDFDFD
2563	#EEEBF6	#FAFAFA
2564	#D8D3EA	#F1F1F1
2565	#DCD7EC	#EEEEEE
2566	#DCD7EC	#E9E9E9
2567	#DBD6EC	#EEEEEE
2568	#F4F2F9	#FDFDFD
2569	#E2DEEF	#FAFAFA
2570	#E8E4F2	#FBFBFB
2571	#F5E8E7	#F0F0F0
2572	#FAF3F2	#FAFAFA
2573	#FBF7F6	#FCFCFC
2574	#FBF6F6	#FCFCFC
2575	#FBF6F5	#FCFCFC
2577	#F1DFDC	#B0B0B0
2578	#F7ECEB	#F0F0F0
2579	#FEFDFE	#FFFFFF
2580	#FCFBFD	#FEFEFE
2581	#FBFAFD	#FEFEFE
2582	#F8F7FB	#FDFDFD
2583	#FAF9FC	#FEFEFE
2584	#FBFBFD	#FEFEFE
2585	#F5F3F9	#FDFDFD
2586	#F8F7FB	#FDFDFD
2587	#F2F1F8	#FBFBFB
2588	#F1F0F8	#FBFBFB
2589	#FAF3F2	#F8F8F8
2590	#F9F8FC	#FEFEFE
2591	#F4F3F9	#FDFDFD
2592	#F6F5FA	#FDFDFD
2593	#E6E2F1	#F9F9F9
2594	#F2F0F8	#FCFCFC
2595	#F2F1F8	#FCFCFC
2596	#F8F7FB	#FEFEFE
2597	#EBE8F4	#FBFBFB
2598	#F4F2F9	#FDFDFD
2599	#F8F7FB	#FEFEFE
2600	#F9F2F1	#F8F8F8
2601	#E7E3F2	#F6F6F6
2602	#E7E4F2	#F7F7F7
2603	#F0EEF7	#FCFCFC
2604	#EBE8F4	#F9F9F9
2605	#F1EFF8	#FCFCFC
2606	#E3DFF0	#F6F6F6
2607	#F1EFF7	#FBFBFB
2608	#EAE7F4	#F9F9F9
2609	#DEDAED	#F8F8F8
2610	#E8E5F2	#F9F9F9
2611	#F7ECEB	#F2F2F2
2612	#E2DEEF	#F6F6F6
2613	#E0DBEE	#F4F4F4
2614	#E0DCEE	#F7F7F7
2615	#DDD8ED	#EFEFEF
2616	#D6D1E9	#E6E6E6
2617	#D9D4EA	#E7E7E7
2618	#EBE8F4	#F9F9F9
2619	#EEECF6	#FCFCFC
2620	#E5E1F1	#FBFBFB
2621	#F1EFF8	#FDFDFD
2622	#FBF6F5	#FBFBFB
2623	#F6EBE9	#F3F3F3
2624	#F8EEED	#F6F6F6
2625	#FBF5F4	#FBFBFB
2626	#FCF8F7	#FDFDFD
2628	#F8F0EF	#F0F0F0
2629	#F7EEEC	#F3F3F3
2630	#F9F8FC	#FDFDFD
2631	#F7F6FB	#FDFDFD
2632	#F9F8FC	#FDFDFD
2633	#F3F1F8	#FAFAFA
2634	#F4F2F9	#FBFBFB
2635	#FBFBFD	#FEFEFE
2636	#F3F1F8	#FCFCFC
2637	#E8E5F3	#F3F3F3
2638	#F0EEF7	#FAFAFA
2639	#F2F0F8	#FBFBFB
2640	#F8EEED	#F4F4F4
2641	#FCFCFD	#FFFFFF
2642	#EEECF6	#FBFBFB
2643	#EDEAF5	#FBFBFB
2644	#E4E0F0	#F4F4F4
2645	#E4E0F0	#F5F5F5
2646	#E1DDEF	#F6F6F6
2647	#F1EFF8	#FCFCFC
2648	#EDEBF5	#FBFBFB
2649	#F7F6FB	#FDFDFD
2650	#F4F3F9	#FDFDFD
2651	#FAF2F1	#F8F8F8
2652	#F0EEF7	#FBFBFB
2653	#E7E4F2	#F9F9F9
2654	#F8F7FB	#FEFEFE
2655	#ECEAF5	#FAFAFA
2656	#EFEDF6	#FCFCFC
2657	#E1DDEF	#F4F4F4
2658	#E1DDEF	#F5F5F5
2659	#DCD8EC	#F5F5F5
2660	#E9E5F3	#F7F7F7
2661	#E0DCEE	#F7F7F7
2662	#FAF4F3	#FAFAFA
2663	#E8E4F2	#F8F8F8
2664	#D5CFE8	#F4F4F4
2665	#EEECF6	#FBFBFB
2666	#E0DCEE	#EFEFEF
2667	#DCD7EC	#ECECEC
2668	#D5D0E8	#E8E8E8
2669	#E7E4F2	#F7F7F7
2670	#D9D4EB	#F6F6F6
2671	#E2DEEF	#F8F8F8
2672	#FBF6F6	#FCFCFC
2673	#FAF4F3	#FBFBFB
2674	#F8EEED	#F6F6F6
2675	#F9F0EF	#F8F8F8
2676	#FEFDFD	#FFFFFF
2678	#F1DFDD	#BEBEBE
2679	#FAF2F2	#F7F7F7
2680	#F8F7FB	#FDFDFD
2681	#FBFBFD	#FEFEFE
2682	#FBFBFD	#FEFEFE
2683	#F6F5FA	#FCFCFC
2684	#F3F1F9	#FBFBFB
2685	#F2F0F8	#FBFBFB
2686	#FAF9FC	#FEFEFE
2687	#EEEBF6	#FAFAFA
2688	#F6F5FA	#FCFCFC
2689	#F3F1F8	#FBFBFB
2690	#FAF3F2	#F9F9F9
2691	#FAFAFD	#FEFEFE
2692	#F9F8FC	#FEFEFE
2693	#F2F0F8	#FDFDFD
2694	#E5E1F1	#F5F5F5
2695	#EFEDF6	#FBFBFB
2696	#F0EEF7	#FCFCFC
2697	#ECE9F5	#FAFAFA
2698	#F3F1F8	#FDFDFD
2699	#F2F0F8	#FDFDFD
2700	#E8E5F2	#F8F8F8
2701	#FAF2F1	#F8F8F8
2702	#EFEDF6	#FBFBFB
2703	#EEECF6	#FBFBFB
2704	#F5F4FA	#FDFDFD
2705	#EDEAF5	#FBFBFB
2706	#F4F2F9	#FDFDFD
2707	#EBE8F4	#FBFBFB
2708	#E6E3F2	#F8F8F8
2709	#E2DEEF	#F8F8F8
2710	#E6E3F2	#F5F5F5
2711	#EBE8F4	#FAFAFA
2712	#FBF6F5	#FBFBFB
2713	#DED9ED	#F6F6F6
2714	#E9E6F3	#FBFBFB
2715	#E5E1F1	#F8F8F8
2716	#E3E0F0	#F3F3F3
2717	#DBD6EB	#EDEDED
2718	#D4CFE8	#E9E9E9
2719	#CDC7E4	#E0E0E0
2720	#DDD8ED	#F3F3F3
2721	#DFDAED	#F8F8F8
2722	#ECEAF5	#FCFCFC
2723	#FBF5F4	#FBFBFB
2724	#FAF4F3	#FBFBFB
2725	#F2E2E0	#E6E6E6
2726	#F7ECEB	#F4F4F4
2727	#F9F2F1	#FAFAFA
2729	#F7EDEC	#EBEBEB
2730	#F7EEEC	#F2F2F2
2731	#FCFCFE	#FFFFFF
2732	#F4F2F9	#FBFBFB
2733	#FEFEFD	#FFFFFF
2734	#FCFCFD	#FEFEFE
2735	#F2F0F8	#FBFBFB
2736	#F4F2F9	#FCFCFC
2737	#FAF3F2	#FCFCFC
2738	#FCFBFD	#FEFEFE
2739	#FBFBFD	#FEFEFE
2740	#EEECF6	#FAFAFA
2741	#F8EEED	#F5F5F5
2742	#F2F0F8	#FBFBFB
2743	#EDEBF5	#FBFBFB
2744	#E9E6F3	#F9F9F9
2745	#E7E4F2	#F6F6F6
2746	#F1F0F8	#FCFCFC
2747	#F6F5FA	#FDFDFD
2748	#EBE8F4	#FAFAFA
2749	#ECE9F5	#F9F9F9
2750	#EBE8F4	#FBFBFB
2751	#F5F4FA	#FDFDFD
2752	#F9F0EF	#F6F6F6
2753	#EBE8F4	#FAFAFA
2754	#EDEAF5	#FAFAFA
2755	#F1EFF8	#FCFCFC
2756	#FAF9FC	#FEFEFE
2757	#F6F4FA	#FDFDFD
2758	#E4E0F0	#F8F8F8
2759	#E0DCEE	#F8F8F8
2760	#E1DDEF	#F0F0F0
2761	#ECE9F5	#FAFAFA
2762	#EEEBF6	#FBFBFB
2763	#FBF5F4	#FBFBFB
2764	#DEDAED	#FAFAFA
2765	#DEDAED	#F3F3F3
2766	#DDD9ED	#F2F2F2
2767	#E1DDEF	#F3F3F3
2768	#DAD6EB	#F0F0F0
2769	#DAD5EB	#EEEEEE
2770	#D9D4EA	#EAEAEA
2771	#DDD9ED	#EEEEEE
2772	#DFDBEE	#F6F6F6
2773	#FAF5F4	#FBFBFB
2774	#F7EDEC	#F5F5F5
2775	#F4E7E5	#EFEFEF
2776	#FAF3F2	#FBFBFB
2777	#FCF8F7	#FDFDFD
2779	#F1E0DE	#B9B9B9
2780	#F5E9E8	#EAEAEA
2781	#FBF6F5	#FDFDFD
2782	#FAF9FC	#FEFEFE
2783	#F1EFF7	#F9F9F9
2784	#EFEDF6	#F8F8F8
2785	#EFECF6	#F8F8F8
2786	#EFEDF7	#F9F9F9
2787	#F3F2F9	#FBFBFB
2788	#F4F3F9	#FCFCFC
2789	#F1EFF7	#FBFBFB
2790	#F3F2F9	#FCFCFC
2791	#FAF4F3	#F9F9F9
2792	#EFEDF6	#FAFAFA
2793	#FAF9FC	#FEFEFE
2794	#F1EFF7	#FCFCFC
2795	#F4F2F9	#FDFDFD
2796	#F6F5FA	#FEFEFE
2797	#EEEBF6	#FAFAFA
2798	#EEECF6	#FAFAFA
2799	#E8E5F3	#F8F8F8
2800	#EBE9F4	#FAFAFA
2801	#E8E5F2	#FAFAFA
2802	#F9F2F1	#F8F8F8
2803	#F7F6FB	#FEFEFE
2804	#F6F5FA	#FDFDFD
2805	#EFEDF6	#FBFBFB
2806	#F0EEF7	#FCFCFC
2807	#E5E1F1	#F8F8F8
2808	#E2DEEF	#F6F6F6
2809	#E3DFF0	#F9F9F9
2810	#E4E0F0	#F5F5F5
2811	#E3E0F0	#F6F6F6
2812	#EEEBF6	#FAFAFA
2813	#FAF4F3	#FAFAFA
2814	#F1EFF7	#FDFDFD
2815	#DCD8EC	#F3F3F3
2816	#E4E0F0	#F5F5F5
2817	#E4E1F1	#F7F7F7
2818	#DFDBEE	#F2F2F2
2819	#E1DDEF	#F3F3F3
2820	#CBC4E3	#E4E4E4
2821	#C6BFE0	#C7C7C7
2822	#DDD9ED	#EBEBEB
2823	#E4E0F0	#F8F8F8
2824	#FCF7F7	#FCFCFC
2825	#F8EFEE	#F6F6F6
2826	#F5E9E8	#F1F1F1
2827	#F8EFEE	#F8F8F8
2828	#FDFBFB	#FEFEFE
2830	#F8EFED	#EDEDED
2831	#FAF3F3	#F9F9F9
2832	#FBF5F4	#FCFCFC
2833	#FAF9FC	#FEFEFE
2834	#F6F5FA	#FCFCFC
2835	#F4F3F9	#FCFCFC
2836	#F8F7FB	#FDFDFD
2837	#EDEAF5	#F8F8F8
2838	#F4F2F9	#FCFCFC
2839	#FBFBFD	#FEFEFE
2840	#FAF9FC	#FEFEFE
2841	#EEECF6	#F9F9F9
2842	#F9F2F1	#F8F8F8
2843	#EAE7F4	#FAFAFA
2844	#DDD8ED	#F3F3F3
2845	#EBE8F4	#F9F9F9
2846	#FFFFFF	#FFFFFF
2847	#F6F4FA	#FDFDFD
2848	#FBFAFD	#FEFEFE
2849	#F7F6FB	#FDFDFD
2850	#F6F5FA	#FDFDFD
2851	#E2DEEF	#F6F6F6
2852	#EAE7F3	#FBFBFB
2853	#F9F0EF	#F8F8F8
2854	#EEEBF6	#FAFAFA
2855	#F4F3F9	#FDFDFD
2856	#EFEDF6	#FBFBFB
2857	#ECEAF5	#FAFAFA
2858	#F9F8FC	#FEFEFE
2859	#E8E5F3	#FCFCFC
2860	#ECEAF5	#FAFAFA
2861	#E3DFF0	#F7F7F7
2862	#F5F4FA	#FDFDFD
2863	#D1CAE6	#EFEFEF
2864	#F7EDEB	#F4F4F4
2865	#E9E5F3	#F8F8F8
2866	#E5E1F1	#F8F8F8
2867	#E5E2F1	#F6F6F6
2868	#E0DCEE	#F6F6F6
2869	#DCD8EC	#F2F2F2
2870	#D8D3EA	#EFEFEF
2871	#CFC9E5	#DADADA
2872	#BBB2DA	#A1A1A1
2873	#E4E0F0	#F2F2F2
2874	#FAF4F4	#FAFAFA
2875	#F7ECEA	#F3F3F3
2876	#FAF4F3	#FBFBFB
2877	#FBF6F5	#FCFCFC
2878	#FBF5F4	#FDFDFD
2880	#F2E1DF	#C0C0C0
2881	#F8EFEE	#F1F1F1
2882	#FEFEFE	#FFFFFF
2883	#FAF9FC	#FEFEFE
2884	#FCFBFD	#FEFEFE
2885	#FCFCFD	#FEFEFE
2886	#F8F7FB	#FDFDFD
2887	#F6F5FA	#FCFCFC
2888	#F6F4FA	#FCFCFC
2889	#F8F7FB	#FDFDFD
2890	#F4F3F9	#FCFCFC
2891	#F3F1F9	#FCFCFC
2892	#FBF5F4	#FAFAFA
2893	#F6F5FA	#FEFEFE
2894	#F6F5FA	#FDFDFD
2895	#F0EEF7	#FBFBFB
2896	#FFFEFE	#FFFFFF
2897	#FDFDFE	#FFFFFF
2898	#FBFBFD	#FEFEFE
2899	#F1EFF8	#FBFBFB
2900	#F0EEF7	#FCFCFC
2901	#F6F4FA	#FDFDFD
2902	#EDEBF5	#FBFBFB
2903	#FAF4F4	#FAFAFA
2904	#EFECF6	#FCFCFC
2905	#F3F1F8	#FDFDFD
2906	#E2DEF0	#F7F7F7
2907	#EFECF6	#FBFBFB
2908	#EEECF6	#FBFBFB
2909	#F8F7FB	#FEFEFE
2910	#F2F0F8	#FCFCFC
2911	#EBE8F4	#FBFBFB
2912	#E3DFF0	#F6F6F6
2913	#DEDAED	#F7F7F7
2914	#F9F1F0	#F8F8F8
2915	#E2DEEF	#F5F5F5
2916	#EAE7F4	#F8F8F8
2917	#E5E1F1	#F7F7F7
2918	#E7E4F2	#F8F8F8
2919	#EDEBF5	#FBFBFB
2920	#E5E2F1	#F8F8F8
2921	#E5E1F1	#F2F2F2
2922	#C7C0E0	#C0C0C0
2923	#C6BFE0	#C7C7C7
2924	#DFDAED	#F4F4F4
2925	#F7ECEA	#F2F2F2
2926	#F8F0EE	#F7F7F7
2927	#F9F2F1	#F9F9F9
2928	#FDF9F9	#FEFEFE
2929	#F7ECEA	#F8F8F8
2931	#F8EFED	#ECECEC
2932	#FBF5F5	#FAFAFA
2933	#FBF6F5	#FCFCFC
2934	#FDFBFB	#FEFEFE
2935	#FCFCFD	#FEFEFE
2936	#F9F9FC	#FEFEFE
2937	#F6F5FA	#FDFDFD
2938	#F9F8FC	#FDFDFD
2939	#F9F9FC	#FEFEFE
2940	#F8F7FB	#FEFEFE
2941	#F0EEF7	#FAFAFA
2942	#F9F8FC	#FEFEFE
2943	#FAF3F2	#FAFAFA
2944	#EDEBF5	#FAFAFA
2945	#F8F7FB	#FEFEFE
2946	#EFEDF6	#FBFBFB
2947	#F1EFF8	#FCFCFC
2948	#FCFBFD	#FFFFFF
2949	#FDFDFE	#FFFFFF
2950	#F0EEF7	#FBFBFB
2951	#EFEDF6	#FBFBFB
2952	#F0EDF7	#FCFCFC
2953	#ECE9F4	#FAFAFA
2954	#F9F2F1	#F8F8F8
2955	#F5F4FA	#FEFEFE
2956	#F0EDF7	#FCFCFC
2957	#F6F5FA	#FDFDFD
2958	#E9E6F3	#FAFAFA
2959	#E7E3F2	#FBFBFB
2960	#E6E3F2	#F8F8F8
2961	#EEECF6	#FBFBFB
2962	#F4F2F9	#FDFDFD
2963	#D2CDE7	#F3F3F3
2964	#DBD6EC	#EFEFEF
2965	#F6EAE9	#F1F1F1
2966	#EEEBF6	#F9F9F9
2967	#E0DCEE	#F2F2F2
2968	#F2F0F8	#FDFDFD
2969	#DED9ED	#F5F5F5
2970	#DCD7EC	#F4F4F4
2971	#D4CEE7	#EAEAEA
2972	#C7C0E0	#C8C8C8
2973	#D8D3EA	#E3E3E3
2974	#C3BCDF	#D5D5D5
2975	#F6EBEA	#F2F2F2
2976	#F9F2F1	#F9F9F9
2977	#FCF9F9	#FDFDFD
2978	#F8EFED	#FAFAFA
2979	#F9F2F1	#FAFAFA
2981	#F1E0DE	#B2B2B2
2982	#F9F1F0	#F4F4F4
2983	#FCF7F7	#FDFDFD
2984	#FCFBFD	#FEFEFE
2985	#FEFDFD	#FFFFFF
2986	#FCFBFD	#FEFEFE
2987	#F8F7FB	#FDFDFD
2988	#EDEAF5	#F7F7F7
2989	#F9F8FC	#FDFDFD
2990	#F6F4FA	#FDFDFD
2991	#F2F0F8	#FBFBFB
2992	#E9E6F3	#FAFAFA
2993	#FAF3F2	#F8F8F8
2994	#F2F0F8	#FCFCFC
2995	#F1EFF7	#FBFBFB
2996	#FEFEFE	#FFFFFF
2997	#F5F4FA	#FDFDFD
2998	#EBE8F4	#FAFAFA
2999	#F4F2F9	#FCFCFC
3000	#EAE7F4	#F9F9F9
3001	#FAF9FC	#FEFEFE
3002	#EFECF6	#FBFBFB
3003	#F3F1F8	#FDFDFD
3004	#F8EFEE	#F5F5F5
3005	#E7E4F2	#FAFAFA
3006	#E7E4F2	#FAFAFA
3007	#EAE7F4	#F9F9F9
3008	#F6F5FA	#FEFEFE
3009	#ECE9F5	#FCFCFC
3010	#F0EDF7	#FBFBFB
3011	#E1DDEF	#F8F8F8
3012	#E8E5F3	#F9F9F9
3013	#DCD7EC	#F8F8F8
3014	#DDD9ED	#F3F3F3
3015	#F7EDEC	#F3F3F3
3016	#DCD7EC	#EEEEEE
3017	#E1DDEF	#F3F3F3
3018	#EDEAF5	#FAFAFA
3019	#E4E0F0	#F9F9F9
3020	#E4E0F0	#F9F9F9
3021	#EEECF6	#FBFBFB
3022	#DCD8EC	#EDEDED
3023	#D6D1E9	#E0E0E0
3024	#D5CFE8	#EAEAEA
3025	#CEC8E4	#DBDBDB
3026	#F2E2E0	#E7E7E7
3027	#F7EDEC	#F5F5F5
3028	#FCF9F9	#FDFDFD
3029	#FBF7F6	#FDFDFD
3030	#F9F9FC	#FDFDFD
3032	#F7EDEC	#E8E8E8
3033	#FAF2F1	#F7F7F7
3034	#FAF3F2	#FBFBFB
3035	#FEFDFD	#FFFFFF
3036	#F7F6FB	#FDFDFD
3037	#FEFEFD	#FFFFFF
3038	#FFFEFE	#FFFFFF
3039	#FDFAFA	#FEFEFE
3040	#F8F7FB	#FDFDFD
3041	#FBFBFD	#FEFEFE
3042	#E4E0F0	#F8F8F8
3043	#F0EEF7	#FBFBFB
3044	#F7EEEC	#F2F2F2
3045	#ECEAF5	#FBFBFB
3046	#F3F2F9	#FCFCFC
3047	#F7F6FB	#FDFDFD
3048	#FBFBFD	#FEFEFE
3049	#F2F0F8	#FCFCFC
3050	#FAF9FC	#FEFEFE
3051	#F9F9FC	#FEFEFE
3052	#F5F4FA	#FDFDFD
3053	#F1F0F8	#FCFCFC
3054	#F9F8FC	#FEFEFE
3055	#F6EBE9	#F1F1F1
3056	#FBFAFD	#FFFFFF
3057	#F5F3F9	#FEFEFE
3058	#E4E0F0	#F8F8F8
3059	#DBD6EC	#F8F8F8
3060	#F7F6FB	#FEFEFE
3061	#E5E1F1	#F9F9F9
3062	#F9F8FC	#FEFEFE
3063	#E1DDEF	#F9F9F9
3064	#EAE7F4	#FAFAFA
3065	#FCFCFD	#FFFFFF
3066	#F6EBE9	#F1F1F1
3067	#E1DDEF	#F4F4F4
3068	#E2DEEF	#F6F6F6
3069	#EBE8F4	#FAFAFA
3070	#F2F0F8	#FDFDFD
3071	#D8D3EA	#EFEFEF
3072	#E5E1F1	#F6F6F6
3073	#E4E0F0	#F3F3F3
3074	#D5CFE8	#ECECEC
3075	#D6D1E9	#E8E8E8
3076	#FAF3F3	#FBFBFB
3077	#FBF6F5	#FCFCFC
3078	#FCF7F7	#FDFDFD
3079	#FBF6F5	#FCFCFC
3080	#FBF7F6	#FDFDFD
3082	#F2E1DF	#B7B7B7
3083	#F8F0EF	#F2F2F2
3084	#FDFBFA	#FEFEFE
3085	#FAF4F3	#FCFCFC
3086	#FEFEFF	#FFFFFF
3087	#FDFAFA	#FEFEFE
3088	#F5F3F9	#FBFBFB
3089	#FCF7F7	#FDFDFD
3090	#FCFCFE	#FFFFFF
3091	#FAF9FC	#FEFEFE
3092	#E4E1F1	#F8F8F8
3093	#F1EFF7	#FCFCFC
3094	#F8F0EF	#F5F5F5
3095	#F7F6FB	#FDFDFD
3096	#F0EEF7	#FCFCFC
3097	#F4F3F9	#FDFDFD
3098	#F9F8FC	#FEFEFE
3099	#FAF9FC	#FEFEFE
3100	#F4F3F9	#FDFDFD
3101	#F0EEF7	#FCFCFC
3102	#F6F5FA	#FDFDFD
3103	#F2F0F8	#FCFCFC
3104	#F1EFF8	#FCFCFC
3105	#F4E7E5	#E8E8E8
3106	#FAF9FC	#FEFEFE
3107	#F1EFF8	#FDFDFD
3108	#E9E6F3	#FBFBFB
3109	#E6E3F2	#FBFBFB
3110	#F2F0F8	#FCFCFC
3111	#F6F5FA	#FEFEFE
3112	#F7F5FA	#FEFEFE
3113	#D6D0E9	#F8F8F8
3114	#E1DCEE	#F5F5F5
3115	#F1EFF8	#FCFCFC
3116	#F7EDEC	#F5F5F5
3117	#E3DFF0	#F5F5F5
3118	#D9D4EB	#F0F0F0
3119	#E8E5F3	#F8F8F8
3120	#E5E1F1	#F7F7F7
3121	#DED9ED	#F5F5F5
3122	#DDD8EC	#EFEFEF
3123	#EBE8F4	#F9F9F9
3124	#D9D4EA	#F1F1F1
3125	#E1DDEF	#F1F1F1
3126	#D0CAE5	#DBDBDB
3127	#F7EDEC	#F5F5F5
3128	#FAF5F4	#FBFBFB
3129	#FBF7F6	#FDFDFD
3130	#FCF8F8	#FDFDFD
3131	#FEFCFC	#FEFEFE
3133	#F8EEED	#EAEAEA
3134	#F7ECEB	#EDEDED
3135	#FEFEFE	#FFFFFF
3136	#FCF8F8	#FDFDFD
3137	#FDFBFA	#FEFEFE
3138	#FDFBFB	#FEFEFE
3139	#FFFFFF	#FFFFFF
3140	#F8F7FB	#FDFDFD
3141	#F3F1F8	#FCFCFC
3142	#F3F1F8	#FDFDFD
3143	#F7F6FB	#FEFEFE
3144	#F1EFF8	#FCFCFC
3145	#F6EAE8	#EDEDED
3146	#F5F3FA	#FDFDFD
3147	#F1EFF7	#FCFCFC
3148	#F6F5FA	#FDFDFD
3149	#FEFEFE	#FFFFFF
3150	#F3F1F8	#FCFCFC
3151	#F3F2F9	#FDFDFD
3152	#F3F2F9	#FDFDFD
3153	#FAF9FC	#FEFEFE
3154	#F8F7FB	#FEFEFE
3155	#F2F0F8	#FDFDFD
3156	#F3E3E1	#E1E1E1
3157	#F2F0F8	#FCFCFC
3158	#F6F4FA	#FEFEFE
3159	#F1EFF7	#FEFEFE
3160	#F3F2F9	#FDFDFD
3161	#EEECF6	#FBFBFB
3162	#F1EFF7	#FCFCFC
3163	#E8E5F3	#FBFBFB
3164	#E6E2F1	#F9F9F9
3165	#E7E4F2	#F8F8F8
3166	#E7E4F2	#F9F9F9
3167	#FBF6F5	#FCFCFC
3168	#D7D1E9	#EEEEEE
3169	#DDD8ED	#F2F2F2
3170	#D9D4EA	#F0F0F0
3171	#E0DCEE	#F2F2F2
3172	#E0DBEE	#F4F4F4
3173	#E2DEEF	#F3F3F3
3174	#D9D3EA	#F4F4F4
3175	#DAD5EB	#EEEEEE
3176	#D6D0E9	#E0E0E0
3177	#FBF6F6	#FCFCFC
3178	#F8EEED	#F9F9F9
3179	#FBF5F4	#FCFCFC
3180	#FBFAFD	#FEFEFE
3181	#FAF3F2	#FAFAFA
3183	#F3E3E1	#C4C4C4
3184	#F8EEED	#EEEEEE
3185	#FEFCFB	#FEFEFE
3186	#FBFAFD	#FEFEFE
3187	#FCF7F7	#FDFDFD
3188	#FCF8F8	#FDFDFD
3189	#FAF4F3	#FCFCFC
3190	#FFFEFE	#FFFFFF
3191	#FBFAFD	#FEFEFE
3192	#FBFAFD	#FFFFFF
3193	#ECEAF5	#F8F8F8
3194	#F3F1F8	#FCFCFC
3195	#F7EDEC	#EFEFEF
3196	#F4F2F9	#FDFDFD
3197	#F3F1F9	#FCFCFC
3198	#EBE8F4	#FAFAFA
3199	#F2F0F8	#FBFBFB
3200	#FBFBFD	#FEFEFE
3201	#FEFDFD	#FFFFFF
3202	#F0EEF7	#FCFCFC
3203	#F6F4FA	#FDFDFD
3204	#FBFBFD	#FEFEFE
3205	#F6F4FA	#FEFEFE
3206	#F5E9E8	#EDEDED
3207	#F8F7FB	#FEFEFE
3208	#E6E3F2	#FAFAFA
3209	#D4CFE8	#F7F7F7
3210	#EBE9F4	#FBFBFB
3211	#E7E3F2	#F9F9F9
3212	#F1EFF7	#FCFCFC
3213	#E0DCEE	#F9F9F9
3214	#F6F5FA	#FEFEFE
3215	#E6E2F1	#F8F8F8
3216	#F0EEF7	#FCFCFC
3217	#F3E4E2	#E7E7E7
3218	#DDD8EC	#F5F5F5
3219	#E4E0F0	#F8F8F8
3220	#DFDAED	#F3F3F3
3221	#E1DDEF	#F4F4F4
3222	#D9D4EA	#EAEAEA
3223	#ECE9F5	#FAFAFA
3224	#EAE7F4	#FAFAFA
3225	#E9E6F3	#F9F9F9
3226	#DCD7EC	#EEEEEE
3227	#D3CDE7	#E1E1E1
3228	#FDFBFB	#FEFEFE
3229	#FBF5F4	#FCFCFC
3230	#FAF4F3	#FBFBFB
3231	#FDFBFA	#FEFEFE
3232	#FDFDFE	#FFFFFF
3234	#F8EEED	#EAEAEA
3235	#F8EEED	#F1F1F1
3236	#FDFDFE	#FFFFFF
3237	#FFFEFE	#FFFFFF
3238	#FEFCFC	#FEFEFE
3239	#FCF8F8	#FDFDFD
3240	#F8EEED	#FAFAFA
3241	#FEFEFE	#FFFFFF
3242	#EFEDF7	#FCFCFC
3243	#F8F7FB	#FEFEFE
3244	#F3F2F9	#FCFCFC
3245	#F7F6FB	#FEFEFE
3246	#F7ECEB	#F0F0F0
3247	#F0EEF7	#FBFBFB
3248	#F6F4FA	#FDFDFD
3249	#FAF9FC	#FEFEFE
3250	#FAF9FC	#FEFEFE
3251	#EBE8F4	#F9F9F9
3252	#FEFCFC	#FFFFFF
3253	#FCFBFD	#FFFFFF
3254	#F3F2F9	#FDFDFD
3255	#FEFCFB	#FFFFFF
3256	#F8F7FB	#FEFEFE
3257	#F8EFEE	#F6F6F6
3258	#EFECF6	#FCFCFC
3259	#E6E3F2	#FBFBFB
3260	#EAE7F4	#FBFBFB
3261	#E2DEEF	#F9F9F9
3262	#E6E3F1	#F9F9F9
3263	#EEECF6	#FDFDFD
3264	#EBE9F4	#FAFAFA
3265	#EDEAF5	#FBFBFB
3266	#E9E6F3	#FAFAFA
3267	#D9D4EB	#F4F4F4
3268	#F7EDEC	#F4F4F4
3269	#DAD5EB	#F5F5F5
3270	#E6E2F1	#F9F9F9
3271	#E4E0F0	#F4F4F4
3272	#D7D2E9	#E7E7E7
3273	#EBE8F4	#F9F9F9
3274	#E5E1F1	#F9F9F9
3275	#E6E3F2	#F8F8F8
3276	#E0DCEE	#F4F4F4
3277	#E1DDEF	#F3F3F3
3278	#FCF9F8	#FEFEFE
3279	#FAF2F1	#FAFAFA
3280	#FEFDFD	#FFFFFF
3281	#FDFAF9	#FEFEFE
3282	#FBFAFD	#FEFEFE
3284	#F3E3E1	#BFBFBF
3285	#F8EEED	#EFEFEF
3286	#FEFCFC	#FFFFFF
3287	#FEFDFE	#FFFFFF
3288	#F8F0EF	#FAFAFA
3289	#FCF7F7	#FDFDFD
3290	#FAF4F3	#FCFCFC
3291	#FCF9F8	#FEFEFE
3292	#F6F5FA	#FDFDFD
3293	#FEFDFD	#FFFFFF
3294	#FAFAFD	#FEFEFE
3295	#F3F1F8	#FCFCFC
3296	#F7ECEB	#F0F0F0
3297	#EBE9F4	#F9F9F9
3298	#FBF7F6	#FEFEFE
3299	#FEFCFC	#FFFFFF
3300	#F3F2F9	#FDFDFD
3301	#F5F4FA	#FDFDFD
3302	#F8F7FB	#FEFEFE
3303	#FAF9FC	#FEFEFE
3304	#F0EEF7	#FCFCFC
3305	#FEFEFF	#FFFFFF
3306	#F0EEF7	#FCFCFC
3307	#FAF3F2	#F9F9F9
3308	#ECE9F5	#FBFBFB
3309	#E6E3F2	#FBFBFB
3310	#F4F3F9	#FDFDFD
3311	#E5E1F1	#FAFAFA
3312	#EFEDF6	#FCFCFC
3313	#EEECF6	#FDFDFD
3314	#E7E4F2	#F9F9F9
3315	#EFEDF6	#FBFBFB
3316	#E1DDEF	#F4F4F4
3317	#EBE9F4	#FBFBFB
3318	#FAF3F2	#F9F9F9
3319	#E3E0F0	#F7F7F7
3320	#E1DDEF	#F9F9F9
3321	#EAE7F3	#F9F9F9
3322	#CEC8E5	#DADADA
3323	#D9D4EA	#ECECEC
3324	#DDD9ED	#F5F5F5
3325	#DFDAED	#F7F7F7
3326	#E6E2F1	#F8F8F8
3327	#E1DDEF	#F6F6F6
3328	#CDC7E4	#E6E6E6
3329	#F8EFED	#F8F8F8
3330	#FBF6F5	#FCFCFC
3331	#FEFDFD	#FFFFFF
3332	#FBF6F6	#FDFDFD
3333	#FEFCFC	#FEFEFE
3335	#F6EBEA	#E2E2E2
3336	#F9F2F1	#F6F6F6
3337	#FFFEFE	#FFFFFF
3338	#FEFDFC	#FFFFFF
3339	#FDFAF9	#FEFEFE
3340	#F7EDEC	#F9F9F9
3341	#FDFDFE	#FFFFFF
3342	#FDFDFE	#FFFFFF
3343	#FCFCFE	#FFFFFF
3344	#F3F2F9	#FCFCFC
3345	#F0EEF7	#FCFCFC
3346	#FDFAFA	#FEFEFE
3347	#FAF3F2	#F9F9F9
3348	#FDFDFE	#FFFFFF
3349	#F6F4FA	#FDFDFD
3350	#F9F8FC	#FEFEFE
3351	#ECE9F5	#FBFBFB
3352	#F8F7FB	#FEFEFE
3353	#F6F5FA	#FDFDFD
3354	#F6F5FA	#FDFDFD
3355	#F7F6FB	#FEFEFE
3356	#FDFBFA	#FFFFFF
3357	#EDEBF5	#FBFBFB
3358	#FEFCFB	#FEFEFE
3359	#E8E5F3	#FBFBFB
3360	#F6F5FA	#FDFDFD
3361	#E4E1F1	#F9F9F9
3362	#FEFEFF	#FFFFFF
3363	#EAE7F4	#FDFDFD
3364	#DEDAED	#F5F5F5
3365	#F6F5FA	#FDFDFD
3366	#F0EEF7	#FCFCFC
3367	#E3DFF0	#F8F8F8
3368	#E0DCEE	#F8F8F8
3369	#FAF3F3	#FBFBFB
3370	#E7E4F2	#F9F9F9
3371	#DAD5EB	#F2F2F2
3372	#D2CCE6	#E8E8E8
3373	#D0CAE5	#E4E4E4
3374	#E6E2F1	#F8F8F8
3375	#DBD6EB	#F2F2F2
3376	#DFDBEE	#F6F6F6
3377	#E3DFF0	#F7F7F7
3378	#C6BFE0	#E9E9E9
3379	#F9F2F1	#F9F9F9
3380	#FBF6F6	#FCFCFC
3381	#FBF5F4	#FCFCFC
3382	#FFFEFE	#FFFFFF
3383	#FEFCFB	#FEFEFE
3385	#F2E1DF	#BDBDBD
3386	#F9F1F0	#F6F6F6
3387	#F0DEDC	#E4E4E4
3388	#F7EEEC	#F9F9F9
3389	#FBF5F4	#FDFDFD
3390	#FBF6F5	#FDFDFD
3391	#FDFAFA	#FEFEFE
3392	#FCF8F7	#FDFDFD
3393	#FEFDFD	#FFFFFF
3394	#F8F7FB	#FDFDFD
3395	#FEFCFB	#FEFEFE
3396	#FCF8F8	#FEFEFE
3397	#F9F1F0	#F7F7F7
3398	#FAF4F3	#FDFDFD
3399	#FEFDFD	#FFFFFF
3400	#FAF3F2	#FDFDFD
3401	#FEFCFC	#FFFFFF
3402	#F6F5FA	#FEFEFE
3403	#FEFDFE	#FFFFFF
3404	#FAF9FC	#FEFEFE
3405	#FFFEFE	#FFFFFF
3406	#FFFFFF	#FFFFFF
3407	#ECE9F5	#FCFCFC
3408	#F6EAE8	#F0F0F0
3409	#FCFBFD	#FFFFFF
3410	#F9F8FC	#FEFEFE
3411	#F3F1F8	#FCFCFC
3412	#F8F7FB	#FEFEFE
3413	#F6F5FA	#FEFEFE
3414	#FCFCFE	#FFFFFF
3415	#FFFFFF	#FFFFFF
3416	#F7F5FA	#FEFEFE
3417	#F6F4FA	#FEFEFE
3418	#FAF9FC	#FEFEFE
3419	#F7EEEC	#F6F6F6
3420	#F4F3F9	#FEFEFE
3421	#FCFCFD	#FFFFFF
3422	#FDF9F9	#FFFFFF
3423	#FEFEFE	#FFFFFF
3424	#E8E5F2	#FBFBFB
3425	#FDFBFB	#FFFFFF
3426	#F8EEED	#FDFDFD
3427	#FCF8F7	#FEFEFE
3428	#F3F2F9	#FDFDFD
3429	#ECEAF5	#FCFCFC
3430	#FBF7F6	#FCFCFC
3431	#F8F0EF	#F9F9F9
3432	#F9F2F1	#FAFAFA
3433	#F8EFEE	#F8F8F8
3434	#F8EFEE	#F8F8F8
3436	#F6EBEA	#E9E9E9
3437	#F9F0EF	#F6F6F6
3438	#F5E8E6	#F1F1F1
3439	#F6EBE9	#F9F9F9
3440	#FCF7F6	#FDFDFD
3441	#FBF6F5	#FDFDFD
3442	#FEFEFF	#FFFFFF
3443	#FEFCFC	#FEFEFE
3444	#FBF5F5	#FDFDFD
3445	#FEFDFD	#FFFFFF
3446	#FBF6F5	#FCFCFC
3447	#F8EEED	#FBFBFB
3448	#F8EEED	#F4F4F4
3449	#F9F1F0	#FCFCFC
3450	#FFFFFF	#FFFFFF
3451	#F9F8FC	#FEFEFE
3452	#FDFBFB	#FFFFFF
3453	#F5E8E6	#FAFAFA
3454	#FEFCFC	#FFFFFF
3455	#F5F3F9	#FDFDFD
3456	#F9F1F0	#FDFDFD
3457	#FDFDFE	#FFFFFF
3458	#FCFCFE	#FFFFFF
3459	#F6EAE9	#F1F1F1
3460	#FBFAFD	#FEFEFE
3461	#FAFAFC	#FEFEFE
3462	#F3F1F9	#FDFDFD
3463	#EFECF6	#FCFCFC
3464	#F2F0F8	#FDFDFD
3465	#F4F3F9	#FDFDFD
3466	#F1EFF7	#FDFDFD
3467	#FDFBFB	#FFFFFF
3468	#F7F6FB	#FEFEFE
3469	#EBE8F4	#FCFCFC
3470	#FAF4F3	#FBFBFB
3471	#FDFAF9	#FEFEFE
3472	#FBFAFD	#FFFFFF
3473	#F2F0F8	#FDFDFD
3474	#FBFAFD	#FFFFFF
3475	#F2F0F8	#FDFDFD
3476	#F7F6FB	#FEFEFE
3477	#FEFCFC	#FFFFFF
3478	#F6F5FA	#FEFEFE
3479	#FAF9FC	#FFFFFF
3480	#FEFCFC	#FEFEFE
3481	#F8EEED	#F9F9F9
3482	#FAF3F2	#FBFBFB
3483	#F5E8E7	#F2F2F2
3484	#F4E6E4	#EFEFEF
3486	#F3E4E2	#C0C0C0
3487	#F8F0EF	#F2F2F2
3488	#FFFEFE	#FFFFFF
3489	#FEFCFC	#FEFEFE
3490	#FCF9F9	#FEFEFE
3491	#FDFBFB	#FEFEFE
3492	#FEFDFD	#FFFFFF
3493	#FDFDFE	#FFFFFF
3494	#FEFDFC	#FFFFFF
3495	#FEFEFF	#FFFFFF
3496	#FEFDFD	#FFFFFF
3497	#EDEAF5	#FAFAFA
3498	#FBF7F6	#FBFBFB
3499	#F6F5FA	#FDFDFD
3500	#FDFDFE	#FFFFFF
3501	#F3F1F9	#FDFDFD
3502	#FBFAFD	#FEFEFE
3503	#F5F4FA	#FDFDFD
3504	#FDFBFB	#FEFEFE
3505	#FDFDFE	#FFFFFF
3506	#F3F1F9	#FDFDFD
3507	#F0EEF7	#FCFCFC
3508	#E4E0F0	#F9F9F9
3509	#FBF6F6	#FBFBFB
3510	#ECEAF5	#FCFCFC
3511	#F2F0F8	#FCFCFC
3512	#E6E2F1	#FAFAFA
3513	#FCFCFD	#FFFFFF
3514	#D3CDE7	#F7F7F7
3515	#E5E2F1	#FBFBFB
3516	#F3F1F9	#FDFDFD
3517	#F1EFF7	#FCFCFC
3518	#E0DCEE	#F6F6F6
3519	#EAE7F4	#FAFAFA
3520	#FEFDFD	#FFFFFF
3521	#E2DEEF	#F9F9F9
3522	#F5F4FA	#FDFDFD
3523	#E6E3F2	#F8F8F8
3524	#D9D3EA	#EFEFEF
3525	#D9D3EA	#F2F2F2
3526	#E0DCEE	#F6F6F6
3527	#E0DCEE	#F2F2F2
3528	#E4E0F0	#F8F8F8
3529	#E2DEEF	#F5F5F5
3530	#E6E2F1	#F8F8F8
3531	#FCF9F8	#FDFDFD
3532	#FBF6F6	#FCFCFC
3533	#FDFAF9	#FEFEFE
3534	#FAF3F2	#FBFBFB
3535	#FCF8F7	#FDFDFD
3537	#F8EFED	#EBEBEB
3538	#FAF4F3	#F8F8F8
3539	#FAF4F3	#FCFCFC
3540	#FDFBFB	#FEFEFE
3541	#F9F1F0	#FBFBFB
3542	#FDFBFB	#FEFEFE
3543	#FEFDFE	#FFFFFF
3544	#F5F4FA	#FCFCFC
3545	#FBFBFD	#FEFEFE
3546	#FEFDFD	#FFFFFF
3547	#FCFCFE	#FFFFFF
3548	#F9F8FC	#FEFEFE
3549	#FCF7F7	#FCFCFC
3550	#FDFAFA	#FEFEFE
3551	#FBFAFD	#FEFEFE
3552	#F9F8FC	#FEFEFE
3553	#F0EEF7	#FBFBFB
3554	#F3F1F8	#FDFDFD
3555	#F4F3F9	#FDFDFD
3556	#F8F7FB	#FEFEFE
3557	#F3F1F8	#FDFDFD
3558	#FAF9FC	#FEFEFE
3559	#E3DFF0	#FAFAFA
3560	#FCF7F7	#FDFDFD
3561	#F2F0F8	#FCFCFC
3562	#F6F5FA	#FEFEFE
3563	#F6F5FA	#FEFEFE
3564	#FDFDFE	#FFFFFF
3565	#E2DDEF	#F8F8F8
3566	#F8F7FB	#FEFEFE
3567	#E9E6F3	#FAFAFA
3568	#DAD5EB	#F2F2F2
3569	#E7E4F2	#F9F9F9
3570	#EAE7F3	#FBFBFB
3571	#FCF8F7	#FDFDFD
3572	#E0DBEE	#F7F7F7
3573	#E0DCEE	#F4F4F4
3574	#E7E4F2	#F8F8F8
3575	#E1DCEF	#F8F8F8
3576	#E3DFF0	#F5F5F5
3577	#D7D2E9	#EBEBEB
3578	#D9D4EA	#EFEFEF
3579	#ECE9F4	#FBFBFB
3580	#DCD7EC	#F3F3F3
3581	#FAF3F2	#FAFAFA
3582	#F8F0EE	#F7F7F7
3583	#FFFEFE	#FFFFFF
3584	#FBF6F6	#FCFCFC
3585	#FBF5F5	#FCFCFC
3587	#F2E2E0	#BFBFBF
3588	#FBF5F5	#F9F9F9
3589	#FBF5F4	#FCFCFC
3590	#FAF3F3	#FBFBFB
3591	#FAF3F2	#FCFCFC
3592	#FEFDFD	#FFFFFF
3593	#FFFEFE	#FFFFFF
3594	#FEFDFE	#FFFFFF
3595	#FCFCFE	#FFFFFF
3596	#FFFEFE	#FFFFFF
3597	#F7F6FB	#FDFDFD
3598	#F4F2F9	#FCFCFC
3599	#FCF7F7	#FCFCFC
3600	#FAF9FC	#FEFEFE
3601	#FFFEFE	#FFFFFF
3602	#EDEBF5	#FAFAFA
3603	#FCFBFD	#FFFFFF
3604	#FBFBFD	#FEFEFE
3605	#FAF2F1	#FDFDFD
3606	#F5F3F9	#FDFDFD
3607	#FFFFFF	#FFFFFF
3608	#F4F2F9	#FDFDFD
3609	#F6F5FA	#FEFEFE
3610	#FDFDFE	#FFFFFF
3611	#EBE9F4	#FAFAFA
3612	#F2F0F8	#FDFDFD
3613	#EDEBF5	#FBFBFB
3614	#D2CCE7	#F5F5F5
3615	#E7E4F2	#FAFAFA
3616	#F7F6FB	#FEFEFE
3617	#EAE7F4	#FBFBFB
3618	#F3F1F8	#FDFDFD
3619	#F9F9FC	#FEFEFE
3620	#E9E6F3	#FAFAFA
3621	#FFFEFE	#FFFFFF
3622	#EBE8F4	#FBFBFB
3623	#E4E1F0	#F7F7F7
3624	#F3F1F8	#FCFCFC
3625	#DBD6EC	#F7F7F7
3626	#EDEAF5	#FBFBFB
3627	#E2DEEF	#F3F3F3
3628	#DED9ED	#F1F1F1
3629	#DAD5EB	#F0F0F0
3630	#DFDAEE	#F7F7F7
3631	#E2DEEF	#F6F6F6
3632	#FCF7F7	#FCFCFC
3633	#FAF4F4	#FBFBFB
3634	#FCF8F7	#FDFDFD
3635	#FDFAFA	#FEFEFE
3636	#FAF2F1	#FAFAFA
3638	#F8EFEE	#EDEDED
3639	#FCF8F7	#FCFCFC
3640	#F6EBEA	#F6F6F6
3641	#FAF3F2	#FBFBFB
3642	#FFFFFF	#FFFFFF
3643	#FEFDFD	#FFFFFF
3644	#FAF9FC	#FEFEFE
3645	#FFFEFE	#FFFFFF
3646	#FBF5F4	#FDFDFD
3647	#F5F4FA	#FDFDFD
3648	#FDFCFE	#FFFFFF
3649	#FBFBFD	#FEFEFE
3650	#FDFBFA	#FEFEFE
3651	#EFEDF6	#FBFBFB
3652	#FFFEFE	#FFFFFF
3653	#F8F6FB	#FEFEFE
3654	#F6F5FA	#FDFDFD
3655	#FEFEFF	#FFFFFF
3656	#EEEBF6	#FCFCFC
3657	#FFFEFE	#FFFFFF
3658	#F1EFF7	#FCFCFC
3659	#E5E2F1	#FAFAFA
3660	#F5F4FA	#FDFDFD
3661	#FEFCFC	#FEFEFE
3662	#EAE8F4	#FBFBFB
3663	#FDFAF9	#FEFEFE
3664	#EDEAF5	#FCFCFC
3665	#F0EEF7	#FCFCFC
3666	#EAE7F3	#FAFAFA
3667	#E7E4F2	#FAFAFA
3668	#E3DFF0	#F9F9F9
3669	#E8E5F3	#FAFAFA
3670	#E4E1F1	#F9F9F9
3671	#E5E1F1	#F7F7F7
3672	#FCF8F7	#FDFDFD
3673	#E5E2F1	#F8F8F8
3674	#ECE9F5	#FBFBFB
3675	#F6F5FA	#FEFEFE
3676	#E1DDEF	#F8F8F8
3677	#E4E1F1	#F6F6F6
3678	#DEDAED	#F3F3F3
3679	#E2DEEF	#F6F6F6
3680	#E3DFF0	#F5F5F5
3681	#E7E4F2	#FAFAFA
3682	#FBF7F6	#FCFCFC
3683	#FEFEFE	#FFFFFF
3684	#FAF3F2	#FAFAFA
3685	#FCF8F7	#FDFDFD
3686	#F9F1EF	#F9F9F9
3688	#F3E4E2	#C8C8C8
3689	#FAF5F4	#F8F8F8
3690	#FAF2F1	#FAFAFA
3691	#F5E9E7	#F6F6F6
3692	#FBF5F4	#FCFCFC
3693	#FFFFFF	#FFFFFF
3694	#FBFBFD	#FEFEFE
3695	#FFFFFF	#FFFFFF
3696	#FFFEFE	#FFFFFF
3697	#FEFCFB	#FEFEFE
3698	#FDFDFE	#FFFFFF
3699	#F6F4FA	#FCFCFC
3700	#FDFBFB	#FEFEFE
3701	#FDFDFE	#FFFFFF
3702	#FAFAFD	#FEFEFE
3703	#F1EFF8	#FCFCFC
3704	#F4F3F9	#FDFDFD
3705	#FCFBFD	#FFFFFF
3706	#FEFCFC	#FFFFFF
3707	#ECEAF5	#FBFBFB
3708	#F9F8FC	#FEFEFE
3709	#E8E5F3	#FCFCFC
3710	#EDEAF5	#FAFAFA
3711	#FEFCFC	#FEFEFE
3712	#EDEBF6	#FCFCFC
3713	#EEECF6	#FCFCFC
3714	#E7E4F2	#FCFCFC
3715	#EFEDF6	#FCFCFC
3716	#F4F3F9	#FDFDFD
3717	#EBE8F4	#FAFAFA
3718	#E8E5F3	#FBFBFB
3719	#DAD5EB	#F7F7F7
3720	#EAE7F4	#FBFBFB
3721	#F0EDF7	#FBFBFB
3722	#FDFBFB	#FEFEFE
3723	#EFEDF6	#FBFBFB
3724	#F5F3F9	#FDFDFD
3725	#F7F6FB	#FEFEFE
3726	#F4F3F9	#FDFDFD
3727	#DBD6EB	#F4F4F4
3728	#DFDBEE	#F3F3F3
3729	#DCD7EC	#F1F1F1
3730	#DAD5EB	#EEEEEE
3731	#E4E0F0	#F6F6F6
3732	#DEDAED	#F7F7F7
3733	#FCF9F8	#FDFDFD
3734	#FDFBFB	#FEFEFE
3735	#FBF6F5	#FCFCFC
3736	#FAF2F1	#FAFAFA
3737	#FCF8F7	#FDFDFD
3739	#F9F1F0	#F0F0F0
3740	#FBF5F5	#FBFBFB
3741	#FAF3F3	#FBFBFB
3742	#F9F1F0	#FBFBFB
3743	#F7ECEB	#FBFBFB
3744	#F9F8FC	#FDFDFD
3745	#FFFFFF	#FFFFFF
3746	#FCF9F8	#FEFEFE
3747	#FFFFFF	#FFFFFF
3748	#FDFBFA	#FEFEFE
3749	#FEFEFD	#FFFFFF
3750	#FDFBFB	#FEFEFE
3751	#FFFFFF	#FFFFFF
3752	#F7F6FB	#FDFDFD
3753	#F3F2F9	#FDFDFD
3754	#F4F3F9	#FCFCFC
3755	#F3F2F9	#FCFCFC
3756	#F0EEF7	#FCFCFC
3757	#F7F6FB	#FEFEFE
3758	#ECE9F5	#FCFCFC
3759	#ECE9F5	#FCFCFC
3760	#F3F1F8	#FCFCFC
3761	#E1DDEF	#F8F8F8
3762	#FAF4F3	#FAFAFA
3763	#F9F8FC	#FEFEFE
3764	#F4F3F9	#FEFEFE
3765	#F0EEF7	#FCFCFC
3766	#F0EDF7	#FCFCFC
3767	#E8E5F3	#FAFAFA
3768	#E9E6F3	#FAFAFA
3769	#E9E6F3	#FBFBFB
3770	#D9D4EB	#F7F7F7
3771	#E0DCEE	#F6F6F6
3772	#F4F3F9	#FDFDFD
3773	#FEFDFD	#FFFFFF
3774	#F1EFF8	#FCFCFC
3775	#E4E0F0	#F9F9F9
3776	#E3E0F0	#FAFAFA
3777	#E6E3F2	#F8F8F8
3778	#E0DCEE	#F7F7F7
3779	#E0DCEE	#F7F7F7
3780	#E3DFF0	#F4F4F4
3781	#E1DDEF	#F5F5F5
3782	#E7E3F2	#F9F9F9
3783	#FDFBFB	#FEFEFE
3784	#FCF8F7	#FDFDFD
3785	#FBF6F5	#FCFCFC
3786	#FAF4F3	#FBFBFB
3787	#F9F1F0	#FAFAFA
3789	#F5E8E6	#D3D3D3
3790	#FAF3F2	#F8F8F8
3791	#F6EBEA	#F7F7F7
3792	#FAF3F2	#FBFBFB
3793	#FEFEFF	#FFFFFF
3794	#FAF9FC	#FEFEFE
3795	#FDFBFA	#FEFEFE
3796	#FEFEFE	#FFFFFF
3797	#FEFCFC	#FFFFFF
3798	#FEFEFE	#FFFFFF
3799	#FEFCFC	#FFFFFF
3800	#FAFAFD	#FEFEFE
3801	#FAF4F3	#F9F9F9
3802	#F3F1F8	#FBFBFB
3803	#F6F5FA	#FDFDFD
3804	#FEFCFC	#FFFFFF
3805	#F7F6FB	#FDFDFD
3806	#EFECF6	#FCFCFC
3807	#FCFBFD	#FFFFFF
3808	#F2F0F8	#FCFCFC
3809	#F6F5FA	#FEFEFE
3810	#FFFFFF	#FFFFFF
3811	#EFECF6	#FCFCFC
3812	#FCF8F8	#FDFDFD
3813	#F9F8FC	#FEFEFE
3814	#F1EFF7	#FDFDFD
3815	#F9F8FC	#FEFEFE
3816	#FEFDFD	#FFFFFF
3817	#EDEAF5	#FBFBFB
3818	#E9E6F3	#FAFAFA
3819	#E8E4F2	#FAFAFA
3820	#E6E2F1	#FAFAFA
3821	#E3DFF0	#FAFAFA
3822	#F0EEF7	#FCFCFC
3823	#FFFEFE	#FFFFFF
3824	#F0EDF7	#FCFCFC
3825	#F2F0F8	#FDFDFD
3826	#E5E1F1	#F9F9F9
3827	#E7E4F2	#FAFAFA
3828	#DEDAED	#F7F7F7
3829	#CDC7E4	#F1F1F1
3830	#DFDBEE	#F5F5F5
3831	#DAD5EB	#F1F1F1
3832	#E6E2F1	#F8F8F8
3833	#DEDAED	#F5F5F5
3834	#FCF9F9	#FDFDFD
3835	#FEFDFD	#FFFFFF
3836	#FAF5F4	#FBFBFB
3837	#FAF3F2	#FBFBFB
3838	#F7ECEA	#F4F4F4
3840	#F8EEED	#EDEDED
3841	#F9F2F1	#F7F7F7
3842	#F9F2F1	#FBFBFB
3843	#F9F2F1	#FCFCFC
3844	#F7F6FB	#FDFDFD
3845	#FBF6F5	#FDFDFD
3846	#FDF9F9	#FEFEFE
3847	#FFFEFE	#FFFFFF
3848	#FEFCFC	#FFFFFF
3849	#FBF5F5	#FDFDFD
3850	#FAF2F1	#FCFCFC
3851	#FDFDFE	#FFFFFF
3852	#FCF7F7	#FCFCFC
3853	#FCFBFD	#FEFEFE
3854	#F6F5FA	#FDFDFD
3855	#EDEBF6	#FBFBFB
3856	#FBF6F6	#FEFEFE
3857	#ECEAF5	#FBFBFB
3858	#F7F6FB	#FEFEFE
3859	#F8F7FB	#FEFEFE
3860	#F1EFF7	#FCFCFC
3861	#EFECF6	#FBFBFB
3862	#EEECF6	#FCFCFC
3863	#FCF9F8	#FDFDFD
3864	#EDEBF5	#FCFCFC
3865	#F0EEF7	#FCFCFC
3866	#E9E6F3	#F9F9F9
3867	#EDEBF5	#FAFAFA
3868	#F1EFF7	#FDFDFD
3869	#F2F0F8	#FCFCFC
3870	#EAE7F4	#FBFBFB
3871	#E4E0F0	#F9F9F9
3872	#E4E1F1	#F9F9F9
3873	#F4F3F9	#FDFDFD
3874	#FFFFFF	#FFFFFF
3875	#EEECF6	#FCFCFC
3876	#F9F8FC	#FEFEFE
3877	#F8F7FB	#FEFEFE
3878	#ECEAF5	#FCFCFC
3879	#E4E0F0	#F9F9F9
3880	#D8D3EA	#F3F3F3
3881	#ECE9F5	#FBFBFB
3882	#DDD8ED	#F4F4F4
3883	#EFEDF6	#FCFCFC
3884	#FFFEFE	#FFFFFF
3885	#FDF9F9	#FDFDFD
3886	#F9F1F0	#F9F9F9
3887	#F9F1F0	#F9F9F9
3888	#F4E7E5	#F2F2F2
3890	#F1DFDC	#C4C4C4
3891	#FAF4F3	#F7F7F7
3892	#FAF3F2	#FBFBFB
3893	#F7ECEA	#FAFAFA
3894	#FCF7F7	#FDFDFD
3895	#FAF4F3	#FCFCFC
3896	#FBF6F5	#FDFDFD
3897	#FDFAF9	#FEFEFE
3898	#FCF9F8	#FEFEFE
3899	#FCF8F8	#FDFDFD
3900	#FCF9F9	#FEFEFE
3901	#FEFEFF	#FFFFFF
3902	#FAF4F3	#F9F9F9
3903	#FEFCFB	#FFFFFF
3904	#F3F2F9	#FBFBFB
3905	#F1EFF8	#FBFBFB
3906	#F5F4FA	#FDFDFD
3907	#F6F5FA	#FDFDFD
3908	#F2F0F8	#FDFDFD
3909	#F8F7FB	#FEFEFE
3910	#EEEBF6	#FAFAFA
3911	#E3DFF0	#F8F8F8
3912	#F9F8FC	#FEFEFE
3913	#FBF6F5	#FBFBFB
3914	#E5E1F1	#FAFAFA
3915	#F2F1F8	#FDFDFD
3916	#F2F1F8	#FDFDFD
3917	#EEEBF6	#FBFBFB
3918	#EDEAF5	#FBFBFB
3919	#E0DCEE	#F6F6F6
3920	#E8E5F3	#FAFAFA
3921	#E4E0F0	#F7F7F7
3922	#EAE7F4	#FAFAFA
3923	#F4F2F9	#FDFDFD
3924	#FEFCFC	#FEFEFE
3925	#EDEBF5	#FCFCFC
3926	#EFECF6	#FCFCFC
3927	#E9E6F3	#F9F9F9
3928	#F0EEF7	#FCFCFC
3929	#EBE8F4	#FCFCFC
3930	#EAE7F4	#FAFAFA
3931	#DAD5EB	#F5F5F5
3932	#F2F0F8	#FDFDFD
3933	#E6E2F1	#F9F9F9
3934	#DAD5EB	#F4F4F4
3935	#FEFEFF	#FFFFFF
3936	#FBF5F4	#FBFBFB
3937	#FDFBFB	#FEFEFE
3938	#FAF4F3	#FAFAFA
3939	#F3E5E3	#F0F0F0
3941	#F7ECEA	#E7E7E7
3942	#FBF5F4	#F9F9F9
3943	#F9F1F0	#FCFCFC
3944	#F8EFED	#FAFAFA
3945	#FCF8F7	#FDFDFD
3946	#F9F2F1	#FCFCFC
3947	#FAF4F3	#FCFCFC
3948	#FEFDFD	#FFFFFF
3949	#FEFEFE	#FFFFFF
3950	#FCF8F8	#FEFEFE
3951	#FBFBFD	#FEFEFE
3952	#F4F3F9	#FCFCFC
3953	#FAF3F3	#F9F9F9
3954	#F6F5FA	#FDFDFD
3955	#FAF9FC	#FEFEFE
3956	#F3F1F8	#FCFCFC
3957	#F8F7FB	#FEFEFE
3958	#FBFAFD	#FEFEFE
3959	#E7E4F2	#FBFBFB
3960	#E6E3F2	#F8F8F8
3961	#F2F0F8	#FCFCFC
3962	#F4F3F9	#FEFEFE
3963	#F3F2F9	#FEFEFE
3964	#FBF7F6	#FCFCFC
3965	#F2F1F8	#FDFDFD
3966	#EDEAF5	#FBFBFB
3967	#F6F5FA	#FEFEFE
3968	#EDEBF5	#FCFCFC
3969	#F0EEF7	#FCFCFC
3970	#E8E5F3	#FAFAFA
3971	#E8E5F3	#F9F9F9
3972	#EFEDF6	#FCFCFC
3973	#F4F3F9	#FEFEFE
3974	#DCD7EC	#F9F9F9
3975	#FCF8F7	#FCFCFC
3976	#FAF9FC	#FEFEFE
3977	#F7F5FA	#FEFEFE
3978	#EEECF6	#FCFCFC
3979	#E6E3F2	#FAFAFA
3980	#F2F0F8	#FDFDFD
3981	#E6E2F1	#F9F9F9
3982	#DFDBEE	#F8F8F8
3983	#DED9ED	#F6F6F6
3984	#E7E3F2	#F8F8F8
3985	#FCF9F8	#FDFDFD
3986	#FDFBFB	#FEFEFE
3987	#F9F1F0	#F8F8F8
3988	#FAF4F3	#FBFBFB
3989	#FAF3F2	#FBFBFB
3991	#F3E3E1	#C1C1C1
3992	#F9F2F1	#F7F7F7
3993	#F9F2F1	#FCFCFC
3994	#FBF6F6	#FDFDFD
3995	#FBF6F5	#FDFDFD
3996	#FDF9F9	#FEFEFE
3997	#FAF4F3	#FDFDFD
3998	#FEFDFE	#FFFFFF
3999	#FAF2F1	#FBFBFB
4000	#FDFBFA	#FEFEFE
4001	#FCF8F7	#FEFEFE
4002	#F5F4FA	#FDFDFD
4003	#FBF5F4	#FAFAFA
4004	#FAF9FC	#FEFEFE
4005	#FBFAFD	#FEFEFE
4006	#FBFBFD	#FEFEFE
4007	#E9E6F3	#F7F7F7
4008	#FDFCFE	#FFFFFF
4009	#E7E4F2	#FBFBFB
4010	#EFEDF6	#FBFBFB
4011	#EFEDF6	#FCFCFC
4012	#EFECF6	#FBFBFB
4013	#EDEAF5	#FDFDFD
4014	#F9F1F0	#F7F7F7
4015	#FCFBFD	#FFFFFF
4016	#FCFBFD	#FFFFFF
4017	#F4F2F9	#FDFDFD
4018	#FAF9FC	#FEFEFE
4019	#EAE7F4	#FBFBFB
4020	#F2F0F8	#FDFDFD
4021	#F3F1F9	#FDFDFD
4022	#EFECF6	#FBFBFB
4023	#FBFAFD	#FFFFFF
4024	#E6E2F1	#FCFCFC
4025	#FDFAFA	#FEFEFE
4026	#E9E6F3	#FCFCFC
4027	#F7F6FB	#FEFEFE
4028	#F7F6FB	#FEFEFE
4029	#EEEBF6	#FCFCFC
4030	#EFEDF6	#FCFCFC
4031	#F1F0F8	#FDFDFD
4032	#F2F0F8	#FDFDFD
4033	#F4F3F9	#FEFEFE
4034	#DEDAED	#F6F6F6
4035	#E4E0F0	#F7F7F7
4036	#FDFAF9	#FDFDFD
4037	#FBF6F5	#FCFCFC
4038	#FCF7F6	#FCFCFC
4039	#FEFDFD	#FFFFFF
4040	#FBF6F6	#FCFCFC
4042	#EFDCD9	#B9B9B9
4043	#F7ECEA	#EDEDED
4044	#F5E9E7	#F3F3F3
4045	#F8F0EE	#FAFAFA
4046	#F5E9E8	#F6F6F6
4047	#FCF9F8	#FEFEFE
4048	#FEFDFD	#FFFFFF
4049	#FEFDFD	#FFFFFF
4050	#FFFFFF	#FFFFFF
4051	#FEFEFE	#FFFFFF
4052	#FDFAFA	#FEFEFE
4053	#FDF9F9	#FEFEFE
4054	#F8EFED	#F4F4F4
4055	#F9F0EF	#FCFCFC
4056	#FFFFFF	#FFFFFF
4057	#FBF7F6	#FEFEFE
4058	#F9F8FC	#FEFEFE
4059	#FEFEFE	#FFFFFF
4060	#FCF8F7	#FEFEFE
4061	#FFFEFE	#FFFFFF
4062	#FDFBFB	#FFFFFF
4063	#F9F2F1	#FEFEFE
4064	#FCF8F7	#FEFEFE
4065	#F9F1F0	#F8F8F8
4066	#FDFDFE	#FFFFFF
4067	#F0EEF7	#FCFCFC
4068	#FDFDFE	#FFFFFF
4069	#FAFAFC	#FEFEFE
4070	#F8F7FB	#FEFEFE
4071	#F1EFF8	#FCFCFC
4072	#E6E3F2	#FAFAFA
4073	#FEFDFD	#FFFFFF
4074	#F9F8FC	#FEFEFE
4075	#FCFCFE	#FFFFFF
4076	#F9F2F1	#F9F9F9
4077	#F2F0F8	#FDFDFD
4078	#FCFCFD	#FFFFFF
4079	#FDFBFB	#FFFFFF
4080	#FEFCFC	#FFFFFF
4081	#FCFCFE	#FFFFFF
4082	#FBF7F6	#FEFEFE
4083	#FCF9F8	#FEFEFE
4084	#F9F2F1	#FDFDFD
4085	#F3F1F8	#FDFDFD
4086	#F9F8FC	#FEFEFE
4087	#F9F2F1	#FAFAFA
4088	#FBF5F4	#FCFCFC
4089	#F8EFEE	#F9F9F9
4090	#F8EFED	#F8F8F8
4091	#F9F2F1	#FAFAFA
4093	#F5E9E8	#E7E7E7
4094	#F8EFEE	#F4F4F4
4095	#F8F0EF	#FAFAFA
4096	#F5E7E6	#F1F1F1
4097	#F7EDEC	#FAFAFA
4098	#FFFEFE	#FFFFFF
4099	#FDFAF9	#FEFEFE
4100	#FFFEFE	#FFFFFF
4101	#FDFBFB	#FEFEFE
4102	#FDFDFE	#FFFFFF
4103	#F7F6FB	#FCFCFC
4104	#FDFDFE	#FFFFFF
4105	#FBF5F4	#FAFAFA
4106	#FFFFFF	#FFFFFF
4107	#FDFDFE	#FFFFFF
4108	#FCFCFE	#FFFFFF
4109	#FCF9F9	#FEFEFE
4110	#FDFAFA	#FEFEFE
4111	#FBF5F5	#FEFEFE
4112	#FBF6F5	#FEFEFE
4113	#FCF7F7	#FEFEFE
4114	#FEFEFF	#FFFFFF
4115	#F8F7FB	#FEFEFE
4116	#FBF6F5	#FCFCFC
4117	#F9F8FC	#FEFEFE
4118	#FDFCFE	#FFFFFF
4119	#F3F2F9	#FDFDFD
4120	#FEFDFD	#FFFFFF
4121	#FBFAFD	#FEFEFE
4122	#F8F6FB	#FEFEFE
4123	#F8F6FB	#FEFEFE
4124	#FAF4F3	#FDFDFD
4125	#F2F0F8	#FDFDFD
4126	#FEFEFF	#FFFFFF
4127	#FAF4F3	#FAFAFA
4128	#EDEBF5	#FCFCFC
4129	#EFEDF6	#FCFCFC
4130	#F2F1F8	#FDFDFD
4131	#F7F6FB	#FEFEFE
4132	#EFEDF7	#FDFDFD
4133	#FDFCFE	#FFFFFF
4134	#F2F0F8	#FDFDFD
4135	#F8F7FB	#FEFEFE
4136	#F0EDF7	#FDFDFD
4137	#FAF5F4	#FCFCFC
4138	#FBF6F5	#FCFCFC
4139	#FCF9F8	#FEFEFE
4140	#F8EFEE	#F8F8F8
4141	#FAF4F3	#FBFBFB
4143	#F0DDDA	#B9B9B9
4144	#F6EAE9	#EDEDED
4145	#FEFEFD	#FFFFFF
4146	#F9F1EF	#F9F9F9
4147	#F5E9E8	#F4F4F4
4148	#F7EDEC	#FAFAFA
4149	#FEFCFB	#FEFEFE
4150	#FDF9F9	#FEFEFE
4151	#FFFEFE	#FFFFFF
4152	#FCF8F7	#FDFDFD
4153	#FCFBFD	#FEFEFE
4154	#F7F6FB	#FCFCFC
4155	#FAF3F2	#F9F9F9
4156	#FFFFFF	#FFFFFF
4157	#FCF8F7	#FEFEFE
4158	#FEFDFD	#FFFFFF
4159	#FFFFFF	#FFFFFF
4160	#FEFCFB	#FFFFFF
4161	#F7F6FB	#FEFEFE
4162	#FAF5F4	#FEFEFE
4163	#FBF5F5	#FEFEFE
4164	#F9F2F0	#FDFDFD
4165	#FCF8F7	#FEFEFE
4166	#FCF9F8	#FDFDFD
4167	#FBFBFD	#FFFFFF
4168	#FBF5F4	#FEFEFE
4169	#F9F8FC	#FEFEFE
4170	#F8F6FB	#FEFEFE
4171	#F6F5FA	#FEFEFE
4172	#FBFAFD	#FFFFFF
4173	#FAF4F3	#FEFEFE
4174	#FBFAFD	#FFFFFF
4175	#FAF9FC	#FEFEFE
4176	#F6F4FA	#FEFEFE
4177	#FCF8F8	#FDFDFD
4178	#F4F3F9	#FDFDFD
4179	#E8E5F3	#FBFBFB
4180	#FDFCFE	#FFFFFF
4181	#FBFAFD	#FFFFFF
4182	#FEFDFD	#FFFFFF
4183	#FDFAFA	#FFFFFF
4184	#F9F8FC	#FEFEFE
4185	#FFFFFF	#FFFFFF
4186	#F6F5FA	#FEFEFE
4187	#F9F8FC	#FFFFFF
4188	#FCF8F8	#FDFDFD
4189	#FBF5F4	#FCFCFC
4190	#FCF8F7	#FDFDFD
4191	#FCF8F8	#FDFDFD
4192	#FCF8F8	#FDFDFD
4194	#F6EBE9	#E8E8E8
4195	#F9F2F1	#F8F8F8
4196	#FBF6F6	#FDFDFD
4197	#F6EBE9	#F6F6F6
4198	#F9F2F1	#FBFBFB
4199	#FCF7F7	#FDFDFD
4200	#FBF5F4	#FDFDFD
4201	#FEFEFD	#FFFFFF
4202	#FCF8F8	#FEFEFE
4203	#FDFAFA	#FEFEFE
4204	#F7F6FB	#FCFCFC
4205	#F9F8FC	#FDFDFD
4206	#F9F2F1	#F8F8F8
4207	#FAF9FC	#FEFEFE
4208	#FCF8F8	#FEFEFE
4209	#FBF5F5	#FDFDFD
4210	#FCFCFE	#FFFFFF
4211	#FDFDFE	#FFFFFF
4212	#FFFFFF	#FFFFFF
4213	#FCF8F7	#FEFEFE
4214	#FDF9F9	#FEFEFE
4215	#FAF9FC	#FEFEFE
4216	#FBFAFD	#FEFEFE
4217	#FCF8F7	#FDFDFD
4218	#F5F4FA	#FDFDFD
4219	#FEFEFF	#FFFFFF
4220	#FBFBFD	#FFFFFF
4221	#F4F3F9	#FDFDFD
4222	#F8F7FB	#FEFEFE
4223	#F6F5FA	#FEFEFE
4224	#FFFEFE	#FFFFFF
4225	#F0EEF7	#FDFDFD
4226	#FBFAFD	#FEFEFE
4227	#F3F2F9	#FDFDFD
4228	#FCF7F6	#FCFCFC
4229	#FFFEFE	#FFFFFF
4230	#F5F3F9	#FEFEFE
4231	#FCFBFD	#FFFFFF
4232	#FBFAFD	#FFFFFF
4233	#FAF3F2	#FEFEFE
4234	#F8F7FB	#FEFEFE
4235	#F1EFF7	#FDFDFD
4236	#F9F1F0	#FEFEFE
4237	#F1EFF7	#FEFEFE
4238	#F9F1F0	#F9F9F9
4239	#FAF4F4	#FCFCFC
4240	#FAF3F3	#FBFBFB
4241	#FFFEFE	#FFFFFF
4242	#FDFBFB	#FEFEFE
4244	#F1E0DE	#BFBFBF
4245	#FAF4F3	#F9F9F9
4246	#FBF6F6	#FDFDFD
4247	#FDFBFB	#FEFEFE
4248	#FBF7F6	#FDFDFD
4249	#F8EFEE	#F9F9F9
4250	#FAF3F3	#FCFCFC
4251	#FEFDFE	#FFFFFF
4252	#FBF7F6	#FDFDFD
4253	#FDFCFE	#FFFFFF
4254	#FCFCFE	#FEFEFE
4255	#F9F8FC	#FDFDFD
4256	#F9F0EF	#F8F8F8
4257	#F7F5FA	#FCFCFC
4258	#FCFBFD	#FEFEFE
4259	#FBF5F4	#FDFDFD
4260	#FDFBFA	#FEFEFE
4261	#FAFAFD	#FEFEFE
4262	#FFFEFE	#FFFFFF
4263	#FDFAF9	#FEFEFE
4264	#EBE9F4	#FBFBFB
4265	#FCF7F7	#FEFEFE
4266	#FCFCFD	#FFFFFF
4267	#FBF5F5	#FBFBFB
4268	#FFFFFF	#FFFFFF
4269	#F7F6FB	#FEFEFE
4270	#F5F3F9	#FEFEFE
4271	#F7F6FB	#FEFEFE
4272	#EEECF6	#FCFCFC
4273	#F8F7FB	#FEFEFE
4274	#FFFEFE	#FFFFFF
4275	#E7E4F2	#FBFBFB
4276	#FFFEFE	#FFFFFF
4277	#ECEAF5	#FBFBFB
4278	#FCF9F8	#FDFDFD
4279	#FCF8F7	#FEFEFE
4280	#F8F7FB	#FEFEFE
4281	#EEECF6	#FCFCFC
4282	#FFFFFF	#FFFFFF
4283	#F6F4FA	#FEFEFE
4284	#FFFFFF	#FFFFFF
4285	#EBE9F4	#FCFCFC
4286	#F6F4FA	#FEFEFE
4287	#ECE9F5	#FDFDFD
4288	#E8E5F2	#FCFCFC
4289	#FDF9F9	#FDFDFD
4290	#FBF6F5	#FCFCFC
4291	#F7EDEC	#F7F7F7
4292	#FFFEFE	#FFFFFF
4293	#FCF9F9	#FEFEFE
4295	#F9F1F0	#F3F3F3
4296	#FCF8F7	#FCFCFC
4297	#FDF9F9	#FEFEFE
4298	#FEFDFE	#FFFFFF
4299	#F9F2F1	#FBFBFB
4300	#FAF3F2	#FBFBFB
4301	#F8EEED	#FAFAFA
4302	#FAF3F2	#FCFCFC
4303	#FEFDFD	#FFFFFF
4304	#FBFAFD	#FEFEFE
4305	#FAF9FC	#FEFEFE
4306	#F4F2F9	#FBFBFB
4307	#FAF3F2	#FAFAFA
4308	#F8F7FB	#FDFDFD
4309	#F8F7FB	#FDFDFD
4310	#FBF5F4	#FDFDFD
4311	#FBFAFD	#FEFEFE
4312	#FAFAFD	#FEFEFE
4313	#FAF9FC	#FEFEFE
4314	#FFFFFF	#FFFFFF
4315	#FAF3F2	#FEFEFE
4316	#FCF7F7	#FEFEFE
4317	#FEFCFC	#FFFFFF
4318	#FAF3F2	#FAFAFA
4319	#FCF8F8	#FEFEFE
4320	#FAF9FC	#FEFEFE
4321	#FDFCFE	#FFFFFF
4322	#F8F7FB	#FEFEFE
4323	#F1EFF7	#FDFDFD
4324	#F4F2F9	#FDFDFD
4325	#EBE8F4	#FCFCFC
4326	#FCFCFE	#FFFFFF
4327	#FBFAFD	#FFFFFF
4328	#FCFCFE	#FFFFFF
4329	#FCF7F7	#FCFCFC
4330	#FCFBFD	#FFFFFF
4331	#F6F4FA	#FEFEFE
4332	#FCFCFD	#FFFFFF
4333	#FDFBFB	#FFFFFF
4334	#FEFCFC	#FFFFFF
4335	#F7F6FB	#FEFEFE
4336	#FCF9F8	#FEFEFE
4337	#F6F5FA	#FEFEFE
4338	#E4E0F0	#FBFBFB
4339	#F9F1F0	#F9F9F9
4340	#F8EFED	#F8F8F8
4341	#F8F0EE	#F9F9F9
4342	#FFFFFF	#FFFFFF
4343	#FBF6F5	#FDFDFD
4345	#F0DEDC	#B3B3B3
4346	#FCF7F7	#FBFBFB
4347	#FDFBFB	#FEFEFE
4348	#FCF8F8	#FEFEFE
4349	#FDFAF9	#FEFEFE
4350	#FEFCFC	#FFFFFF
4351	#F8EFEE	#F9F9F9
4352	#F7EDEC	#F9F9F9
4353	#FBF5F4	#FCFCFC
4354	#F6F4FA	#FCFCFC
4355	#FCFCFD	#FEFEFE
4356	#FCFBFD	#FEFEFE
4357	#FBF6F5	#FBFBFB
4358	#F6F5FA	#FCFCFC
4359	#F8F7FB	#FDFDFD
4360	#F9F9FC	#FEFEFE
4361	#FDFAFA	#FEFEFE
4362	#FEFEFE	#FFFFFF
4363	#FBF6F5	#FEFEFE
4364	#F7F6FB	#FEFEFE
4365	#FCF7F6	#FEFEFE
4366	#F3F1F8	#FDFDFD
4367	#FAFAFC	#FEFEFE
4368	#FBF6F5	#FCFCFC
4369	#FEFCFC	#FFFFFF
4370	#F5F3F9	#FDFDFD
4371	#FEFCFB	#FFFFFF
4372	#F5F3FA	#FEFEFE
4373	#EFEDF6	#FCFCFC
4374	#FDFAFA	#FFFFFF
4375	#D9D4EA	#F7F7F7
4376	#F1EFF7	#FDFDFD
4377	#E4E0F0	#F9F9F9
4378	#FAFAFC	#FEFEFE
4379	#FBF5F4	#FBFBFB
4380	#FCFCFD	#FFFFFF
4381	#F3F1F8	#FDFDFD
4382	#FDFAFA	#FEFEFE
4383	#F5F3F9	#FEFEFE
4384	#F7F6FB	#FEFEFE
4385	#F5E9E7	#FCFCFC
4386	#FEFEFE	#FFFFFF
4387	#E4E0F0	#FCFCFC
4388	#F9F8FC	#FEFEFE
4389	#F5F4FA	#FEFEFE
4390	#FCF9F8	#FDFDFD
4391	#F8EFED	#F7F7F7
4392	#FCF9F8	#FDFDFD
4393	#FDFAF9	#FEFEFE
4394	#FEFEFE	#FFFFFF
4396	#F6E9E8	#E2E2E2
4397	#F9F2F1	#F7F7F7
4398	#FDFDFE	#FFFFFF
4399	#FCF8F7	#FDFDFD
4400	#FEFEFE	#FFFFFF
4401	#FEFCFC	#FEFEFE
4402	#F7EEEC	#F8F8F8
4403	#FAF3F2	#FCFCFC
4404	#FDFDFE	#FFFFFF
4405	#F4F3F9	#FCFCFC
4406	#F9F8FC	#FDFDFD
4407	#FAFAFD	#FEFEFE
4408	#FAF4F3	#FBFBFB
4409	#F6F4FA	#FCFCFC
4410	#F6F4FA	#FBFBFB
4411	#F1EFF7	#FAFAFA
4412	#FBFAFD	#FEFEFE
4413	#F9F2F1	#FDFDFD
4414	#FFFFFF	#FFFFFF
4415	#F7EEEC	#FDFDFD
4416	#F8F7FB	#FEFEFE
4417	#FBFBFD	#FFFFFF
4418	#FFFFFF	#FFFFFF
4419	#FBF5F4	#FCFCFC
4420	#FCFBFD	#FFFFFF
4421	#F6F5FA	#FEFEFE
4422	#FAF2F1	#FDFDFD
4423	#F6F5FA	#FEFEFE
4424	#FEFDFE	#FFFFFF
4425	#ECEAF5	#FCFCFC
4426	#F9F8FC	#FEFEFE
4427	#FBFAFD	#FEFEFE
4428	#F0EDF7	#FDFDFD
4429	#FCFBFD	#FFFFFF
4430	#FBF7F6	#FCFCFC
4431	#F7F5FA	#FEFEFE
4432	#F9F9FC	#FEFEFE
4433	#F4F3F9	#FDFDFD
4434	#EBE9F4	#FCFCFC
4435	#FBF7F6	#FEFEFE
4436	#FDFAFA	#FFFFFF
4437	#EAE7F4	#FDFDFD
4438	#F0EEF7	#FDFDFD
4439	#FCFCFD	#FFFFFF
4440	#FAF4F3	#FBFBFB
4441	#FEFCFC	#FEFEFE
4442	#FBF6F6	#FDFDFD
4443	#F9F8FC	#FDFDFD
4444	#FBFBFD	#FEFEFE
4446	#F0DDDB	#B0B0B0
4447	#F9F1F0	#F5F5F5
4448	#F7F6FB	#FDFDFD
4449	#FDFBFA	#FEFEFE
4450	#FCF9F8	#FEFEFE
4451	#FFFFFF	#FFFFFF
4452	#FCF7F6	#FDFDFD
4453	#FBF5F4	#FCFCFC
4454	#FBF5F4	#FDFDFD
4455	#FEFEFF	#FFFFFF
4456	#FEFEFF	#FFFFFF
4457	#FBFAFD	#FEFEFE
4458	#FAF4F3	#FAFAFA
4459	#FFFFFF	#FFFFFF
4460	#FEFEFF	#FFFFFF
4461	#F8F7FB	#FDFDFD
4462	#FBFAFD	#FEFEFE
4463	#FCF8F8	#FEFEFE
4464	#F7F6FB	#FEFEFE
4465	#FDFBFA	#FFFFFF
4466	#FCFBFD	#FFFFFF
4467	#F5F4FA	#FDFDFD
4468	#EEECF6	#FCFCFC
4469	#FDFBFB	#FEFEFE
4470	#FAFAFD	#FFFFFF
4471	#FEFDFC	#FFFFFF
4472	#FBF6F5	#FEFEFE
4473	#FFFEFE	#FFFFFF
4474	#FFFFFF	#FFFFFF
4475	#F9F8FC	#FEFEFE
4476	#FBFAFD	#FFFFFF
4477	#FBF6F5	#FEFEFE
4478	#F2F0F8	#FDFDFD
4479	#F4F2F9	#FDFDFD
4480	#FAF3F2	#FBFBFB
4481	#FDFBFB	#FFFFFF
4482	#F8F6FB	#FEFEFE
4483	#FEFEFF	#FFFFFF
4484	#F8F6FB	#FEFEFE
4485	#FAF9FC	#FFFFFF
4486	#F9F8FC	#FEFEFE
4487	#EBE9F4	#FDFDFD
4488	#EBE8F4	#FDFDFD
4489	#F9F9FC	#FFFFFF
4490	#E7E4F2	#FCFCFC
4491	#F7ECEB	#F4F4F4
4492	#FFFEFE	#FFFFFF
4493	#FCF8F7	#FDFDFD
4494	#FBF7F6	#FDFDFD
4495	#FEFCFB	#FEFEFE
4497	#F6EBE9	#E4E4E4
4498	#F9F1F0	#F6F6F6
4499	#F6F5FA	#FCFCFC
4500	#FDFBFB	#FEFEFE
4501	#FBFBFD	#FEFEFE
4502	#FDFBFB	#FEFEFE
4503	#FCF7F7	#FDFDFD
4504	#FDFAF9	#FEFEFE
4505	#FDFAF9	#FEFEFE
4506	#FFFEFE	#FFFFFF
4507	#FAF9FC	#FEFEFE
4508	#FDFAFA	#FEFEFE
4509	#F8EFED	#F6F6F6
4510	#FFFEFE	#FFFFFF
4511	#FDFDFE	#FFFFFF
4512	#EEECF6	#F6F6F6
4513	#FBFBFD	#FEFEFE
4514	#FFFFFF	#FFFFFF
4515	#FAF4F4	#FEFEFE
4516	#FDFBFA	#FFFFFF
4517	#F0EEF7	#FCFCFC
4518	#ECEAF5	#FAFAFA
4519	#F6F4FA	#FEFEFE
4520	#F9F2F1	#FAFAFA
4521	#FCFBFD	#FFFFFF
4522	#FCFCFE	#FFFFFF
4523	#F2F0F8	#FDFDFD
4524	#F7F5FA	#FEFEFE
4525	#F6F5FA	#FEFEFE
4526	#F9F8FC	#FEFEFE
4527	#F7F6FB	#FEFEFE
4528	#F5F3F9	#FDFDFD
4529	#FFFEFE	#FFFFFF
4530	#F8F7FB	#FEFEFE
4531	#FCF8F8	#FDFDFD
4532	#FCFCFD	#FFFFFF
4533	#FDFCFE	#FFFFFF
4534	#F2F0F8	#FDFDFD
4535	#FBFBFD	#FFFFFF
4536	#F1EFF7	#FDFDFD
4537	#FAF9FC	#FFFFFF
4538	#F5E8E7	#FCFCFC
4539	#FDFDFE	#FFFFFF
4540	#F0EEF7	#FDFDFD
4541	#FAF4F4	#FBFBFB
4542	#FAF9FC	#FEFEFE
4543	#FFFFFF	#FFFFFF
4544	#FEFCFC	#FFFFFF
4545	#FEFDFD	#FFFFFF
4547	#F1DFDC	#BFBFBF
4548	#F9F2F1	#F6F6F6
4549	#F8EFED	#F8F8F8
4550	#F7ECEA	#F7F7F7
4551	#FAF3F3	#FBFBFB
4552	#F4E6E4	#F1F1F1
4553	#F6EBE9	#F6F6F6
4554	#FAF3F2	#FDFDFD
4555	#FAF2F2	#FDFDFD
4556	#FDFBFB	#FFFFFF
4557	#FCF8F8	#FEFEFE
4558	#FDFDFE	#FFFFFF
4559	#F6EBE9	#EFEFEF
4560	#FCFBFD	#FFFFFF
4561	#FBFBFD	#FFFFFF
4562	#FDFAFA	#FEFEFE
4563	#F9F1F0	#FDFDFD
4564	#F8F7FB	#FEFEFE
4565	#FCFCFD	#FFFFFF
4566	#F8F0EF	#FDFDFD
4567	#FBF5F4	#FEFEFE
4568	#F9F2F0	#FDFDFD
4569	#FBF6F5	#FEFEFE
4570	#F7ECEB	#F2F2F2
4571	#FCFCFE	#FFFFFF
4572	#F9F8FC	#FEFEFE
4573	#F8F6FB	#FEFEFE
4574	#F2F0F8	#FDFDFD
4575	#F0EEF7	#FCFCFC
4576	#F4F2F9	#FDFDFD
4577	#FFFFFF	#FFFFFF
4578	#FDFCFE	#FFFFFF
4579	#FDFCFE	#FFFFFF
4580	#FEFEFE	#FFFFFF
4581	#F8F0EE	#F6F6F6
4582	#FFFFFF	#FFFFFF
4583	#F5F4FA	#FEFEFE
4584	#FFFFFF	#FFFFFF
4585	#F5F4FA	#FEFEFE
4586	#EEECF6	#FDFDFD
4587	#FCF8F7	#FEFEFE
4588	#F5F3F9	#FEFEFE
4589	#F8EFEE	#FDFDFD
4590	#FFFEFE	#FFFFFF
4591	#FFFFFF	#FFFFFF
4592	#F1E0DE	#E8E8E8
4593	#F1DFDD	#E4E4E4
4594	#EAD2CE	#D0D0D0
4595	#F1E0DE	#E8E8E8
4596	#F8F0EF	#F9F9F9
4598	#F6EBEA	#E6E6E6
4599	#F7EEEC	#F3F3F3
4600	#F7ECEA	#F5F5F5
4601	#F6EAE9	#F6F6F6
4602	#F4E7E5	#F0F0F0
4603	#F5E9E7	#F4F4F4
4604	#F7EEEC	#FBFBFB
4605	#F8EFEE	#FCFCFC
4606	#FCF7F7	#FEFEFE
4607	#F5F4FA	#FEFEFE
4608	#FFFEFE	#FFFFFF
4609	#F3F1F8	#FDFDFD
4610	#F7ECEB	#F1F1F1
4611	#F8EEED	#FDFDFD
4612	#FAF3F2	#FDFDFD
4613	#FBF6F5	#FEFEFE
4614	#FEFDFE	#FFFFFF
4615	#FFFEFE	#FFFFFF
4616	#FFFFFF	#FFFFFF
4617	#FEFCFB	#FFFFFF
4618	#FDFAFA	#FEFEFE
4619	#FAF3F2	#FDFDFD
4620	#FCFBFD	#FFFFFF
4621	#F7EEEC	#F4F4F4
4622	#FAF9FC	#FEFEFE
4623	#FFFEFE	#FFFFFF
4624	#FCFCFD	#FFFFFF
4625	#F2F0F8	#FDFDFD
4626	#F6F4FA	#FEFEFE
4627	#F5F3F9	#FEFEFE
4628	#FDFDFE	#FFFFFF
4629	#FBFAFD	#FEFEFE
4630	#FAF9FC	#FEFEFE
4631	#FDFDFE	#FFFFFF
4632	#F5E9E7	#EFEFEF
4633	#FDFBFA	#FFFFFF
4634	#EFECF6	#FCFCFC
4635	#FAFAFC	#FEFEFE
4636	#F9F8FC	#FEFEFE
4637	#E0DCEE	#FAFAFA
4638	#F9F8FC	#FEFEFE
4639	#F3F1F8	#FDFDFD
4640	#FDFDFE	#FFFFFF
4641	#F1EFF7	#FDFDFD
4642	#EEDAD7	#DEDEDE
4643	#F1DFDC	#EBEBEB
4644	#F1E0DE	#E9E9E9
4645	#F5E9E7	#F3F3F3
4646	#F6E9E8	#F4F4F4
4648	#F2E2E0	#C4C4C4
4649	#F4E6E4	#E4E4E4
4650	#F8EFEE	#F8F8F8
4651	#F6EAE9	#F4F4F4
4652	#F4E6E4	#F1F1F1
4653	#F4E6E4	#F2F2F2
4654	#F3E5E3	#F7F7F7
4655	#FCF8F8	#FEFEFE
4656	#FDFBFB	#FFFFFF
4657	#FEFEFE	#FFFFFF
4658	#FCFCFD	#FFFFFF
4659	#FEFCFC	#FFFFFF
4660	#F5E9E8	#EDEDED
4661	#FDFBFA	#FFFFFF
4662	#FEFEFE	#FFFFFF
4663	#FFFFFF	#FFFFFF
4664	#F8F7FB	#FEFEFE
4665	#FEFDFD	#FFFFFF
4666	#F8F7FB	#FEFEFE
4667	#F2F0F8	#FDFDFD
4668	#FEFDFE	#FFFFFF
4669	#FBF5F5	#FEFEFE
4670	#FCFBFD	#FFFFFF
4671	#F4E6E4	#E8E8E8
4672	#FCF9F8	#FEFEFE
4673	#FAF9FC	#FEFEFE
4674	#FDFDFE	#FFFFFF
4675	#FEFCFC	#FFFFFF
4676	#F8F7FB	#FEFEFE
4677	#F9F8FC	#FEFEFE
4678	#FEFDFD	#FFFFFF
4679	#FFFFFF	#FFFFFF
4680	#FDFDFE	#FFFFFF
4681	#F7F6FB	#FEFEFE
4682	#F7ECEA	#F2F2F2
4683	#FEFEFF	#FFFFFF
4684	#EDEBF5	#FBFBFB
4685	#F8F7FB	#FEFEFE
4686	#FBFBFD	#FFFFFF
4687	#F8F7FB	#FEFEFE
4688	#FDFAF9	#FFFFFF
4689	#FCF8F7	#FEFEFE
4690	#F8F7FB	#FEFEFE
4691	#FFFEFF	#FFFFFF
4692	#EAE7F4	#FCFCFC
4693	#F0DDDA	#DADADA
4694	#EDD8D5	#E4E4E4
4695	#F5E7E6	#F2F2F2
4696	#F3E5E3	#EFEFEF
4697	#F4E7E5	#F1F1F1
4699	#F6EAE8	#E2E2E2
4700	#F4E6E4	#E5E5E5
4701	#F7EDEB	#F6F6F6
4702	#F6EBEA	#F4F4F4
4703	#F8EEED	#F9F9F9
4704	#F3E4E3	#F6F6F6
4705	#F7ECEB	#FAFAFA
4706	#FBF5F5	#FEFEFE
4707	#FEFCFC	#FFFFFF
4708	#FEFEFF	#FFFFFF
4709	#FBF5F5	#FEFEFE
4710	#FBF6F5	#FEFEFE
4711	#F4E6E4	#E8E8E8
4712	#FAF3F2	#FDFDFD
4713	#FBF6F5	#FEFEFE
4714	#EFEDF6	#FCFCFC
4715	#FDFBFA	#FFFFFF
4716	#FBFAFD	#FEFEFE
4717	#FBF7F6	#FEFEFE
4718	#FEFEFE	#FFFFFF
4719	#FCFBFD	#FFFFFF
4720	#FDFBFA	#FFFFFF
4721	#FDFBFB	#FFFFFF
4722	#F5E9E7	#EDEDED
4723	#F7F6FB	#FEFEFE
4724	#FDFDFE	#FFFFFF
4725	#EBE8F4	#FBFBFB
4726	#FFFEFE	#FFFFFF
4727	#F0EEF7	#FDFDFD
4728	#FDFBFB	#FFFFFF
4729	#F6F5FA	#FEFEFE
4730	#F4F2F9	#FDFDFD
4731	#FEFEFE	#FFFFFF
4732	#FEFDFD	#FFFFFF
4733	#F2E2E0	#E4E4E4
4734	#F5F4FA	#FEFEFE
4735	#FCF9F9	#FEFEFE
4736	#FEFDFE	#FFFFFF
4737	#FAF9FC	#FEFEFE
4738	#F5F4FA	#FEFEFE
4739	#E5E1F1	#FAFAFA
4740	#F5F3FA	#FEFEFE
4741	#F7F5FA	#FEFEFE
4742	#F8F7FB	#FEFEFE
4743	#F0DEDB	#E5E5E5
4744	#F4E7E5	#F3F3F3
4745	#F3E4E2	#F1F1F1
4746	#F2E1DF	#EAEAEA
4747	#F2E1DF	#E8E8E8
4749	#F1DFDD	#BEBEBE
4750	#F8EFEE	#F2F2F2
4751	#F4E5E4	#EEEEEE
4752	#F6EAE8	#F2F2F2
4753	#F6EAE9	#F4F4F4
4754	#F3E4E2	#F7F7F7
4755	#FCF8F7	#FEFEFE
4756	#F3E4E2	#F9F9F9
4757	#FBF6F5	#FEFEFE
4758	#FBF5F4	#FDFDFD
4759	#F4F2F9	#FDFDFD
4760	#F9F8FC	#FEFEFE
4761	#F6EAE9	#EFEFEF
4762	#FBF6F5	#FEFEFE
4763	#FDFCFE	#FFFFFF
4764	#F8F7FB	#FEFEFE
4765	#FAF9FC	#FEFEFE
4766	#FCF8F7	#FEFEFE
4767	#FFFEFE	#FFFFFF
4768	#F7F6FB	#FEFEFE
4769	#FCFBFD	#FFFFFF
4770	#FDFDFE	#FFFFFF
4771	#FEFDFD	#FFFFFF
4772	#F4E6E4	#EAEAEA
4773	#FDF9F9	#FEFEFE
4774	#FAF9FC	#FEFEFE
4775	#FCF9F8	#FEFEFE
4776	#F7F6FB	#FEFEFE
4777	#F9F8FC	#FEFEFE
4778	#F7F6FB	#FEFEFE
4779	#F2F0F8	#FDFDFD
4780	#FBF6F6	#FEFEFE
4781	#F4F2F9	#FDFDFD
4782	#F9F8FC	#FEFEFE
4783	#F1DFDC	#DBDBDB
4784	#FAFAFC	#FEFEFE
4785	#F9F8FC	#FEFEFE
4786	#FEFEFE	#FFFFFF
4787	#FAF9FC	#FEFEFE
4788	#F2F0F8	#FDFDFD
4789	#FCFBFD	#FFFFFF
4790	#F5F3FA	#FEFEFE
4791	#F6F5FA	#FEFEFE
4792	#FBFAFD	#FFFFFF
4793	#FBFBFD	#FFFFFF
4794	#F1DEDC	#E6E6E6
4795	#F4E7E5	#F0F0F0
4796	#F6E9E8	#F6F6F6
4797	#F6EAE8	#F5F5F5
4798	#EEDAD7	#DDDDDD
4800	#F4E6E4	#D8D8D8
4801	#F8F0EE	#F4F4F4
4802	#F1E0DE	#E4E4E4
4803	#F5E8E6	#F3F3F3
4804	#F7EDEC	#FAFAFA
4805	#FBF6F5	#FEFEFE
4806	#F7ECEB	#FCFCFC
4807	#FCF8F7	#FEFEFE
4808	#F8F0EF	#FCFCFC
4809	#FCF8F8	#FEFEFE
4810	#FDFDFE	#FFFFFF
4811	#FAF3F2	#FDFDFD
4812	#F8EEED	#F5F5F5
4813	#FAF9FC	#FEFEFE
4814	#FEFCFC	#FFFFFF
4815	#F2F1F8	#FDFDFD
4816	#FDFBFB	#FFFFFF
4817	#FAF9FC	#FEFEFE
4818	#FFFFFF	#FFFFFF
4819	#FBFBFD	#FFFFFF
4820	#FEFEFE	#FFFFFF
4821	#FAF9FC	#FEFEFE
4822	#F9F8FC	#FEFEFE
4823	#F3E4E2	#E5E5E5
4824	#FDFCFE	#FFFFFF
4825	#FCF7F6	#FEFEFE
4826	#FBFBFD	#FFFFFF
4827	#F9F8FC	#FEFEFE
4828	#F0EEF7	#FDFDFD
4829	#F5F4FA	#FEFEFE
4830	#F5F4FA	#FEFEFE
4831	#F3F1F8	#FDFDFD
4832	#F9F9FC	#FEFEFE
4833	#FDFBFB	#FFFFFF
4834	#F5E9E7	#F1F1F1
4835	#F2F0F8	#FDFDFD
4836	#FFFFFF	#FFFFFF
4837	#EFEDF7	#FCFCFC
4838	#FDFDFE	#FFFFFF
4839	#FEFEFE	#FFFFFF
4840	#FBFAFD	#FFFFFF
4841	#FFFFFF	#FFFFFF
4842	#ECE9F5	#FCFCFC
4843	#FCFCFE	#FFFFFF
4844	#F6EAE8	#F3F3F3
4845	#F7ECEB	#F6F6F6
4846	#F5E9E8	#F6F6F6
4847	#F2E1DF	#ECECEC
4848	#F0DDDA	#E3E3E3
4850	#F1E0DE	#B9B9B9
4851	#F8EEED	#F1F1F1
4852	#EDD7D4	#D4D4D4
4853	#F2E2DF	#EBEBEB
4854	#F2E2E0	#F3F3F3
4855	#F7EEEC	#FBFBFB
4856	#F8EEED	#FCFCFC
4857	#F7ECEA	#FCFCFC
4858	#FFFFFF	#FFFFFF
4859	#FCF9F8	#FEFEFE
4860	#F9F2F0	#FDFDFD
4861	#FDFDFE	#FFFFFF
4862	#F9F0EF	#F6F6F6
4863	#F9F1F0	#FDFDFD
4864	#FCF9F9	#FEFEFE
4865	#FBF6F5	#FEFEFE
4866	#FCF8F7	#FEFEFE
4867	#F3F2F9	#FDFDFD
4868	#FFFFFF	#FFFFFF
4869	#FEFDFD	#FFFFFF
4870	#FEFCFC	#FFFFFF
4871	#F8F6FB	#FEFEFE
4872	#F8F7FB	#FEFEFE
4873	#F7ECEA	#F2F2F2
4874	#F5F3FA	#FDFDFD
4875	#FEFEFF	#FFFFFF
4876	#F8EEED	#FDFDFD
4877	#FBF5F4	#FEFEFE
4878	#F6F4FA	#FEFEFE
4879	#F7F6FB	#FEFEFE
4880	#F6F5FA	#FEFEFE
4881	#F9F8FC	#FEFEFE
4882	#F6F5FA	#FEFEFE
4883	#FCFBFD	#FFFFFF
4884	#F3E4E2	#EDEDED
4885	#FDFDFE	#FFFFFF
4886	#F4F2F9	#FDFDFD
4887	#FAF4F3	#FEFEFE
4888	#FFFEFE	#FFFFFF
4889	#F5F3F9	#FDFDFD
4890	#FEFEFE	#FFFFFF
4891	#F8F7FB	#FEFEFE
4892	#F0EEF7	#FDFDFD
4893	#FDFBFB	#FFFFFF
4894	#FBF5F4	#FEFEFE
4895	#F7EDEC	#F5F5F5
4896	#F5E8E7	#F2F2F2
4897	#F5E9E8	#F2F2F2
4898	#F4E6E4	#F2F2F2
4899	#F3E5E3	#F1F1F1
4901	#F6EBE9	#E4E4E4
4902	#F8EFEE	#F4F4F4
4903	#F0DEDC	#E6E6E6
4904	#EEDAD7	#EDEDED
4905	#F7EEEC	#FBFBFB
4906	#F2E1DF	#F7F7F7
4907	#F4E7E5	#FBFBFB
4908	#FDFBFA	#FFFFFF
4909	#F9F8FC	#FEFEFE
4910	#FBF5F4	#FEFEFE
4911	#FAF3F2	#FDFDFD
4912	#FDF9F9	#FEFEFE
4913	#F6EAE9	#EFEFEF
4914	#FDFAFA	#FEFEFE
4915	#FFFFFF	#FFFFFF
4916	#FAFAFC	#FEFEFE
4917	#FAF3F2	#FDFDFD
4918	#FDFCFE	#FFFFFF
4919	#F7F6FB	#FEFEFE
4920	#FEFEFE	#FFFFFF
4921	#FEFCFC	#FFFFFF
4922	#E6E3F2	#F9F9F9
4923	#F7F6FB	#FEFEFE
4924	#F1E0DE	#E7E7E7
4925	#FDFAFA	#FFFFFF
4926	#FCFBFD	#FFFFFF
4927	#FDF9F9	#FEFEFE
4928	#F8F7FB	#FEFEFE
4929	#E0DCEE	#F9F9F9
4930	#FAF4F3	#FEFEFE
4931	#F9F8FC	#FEFEFE
4932	#FDFDFE	#FFFFFF
4933	#E8E5F3	#FAFAFA
4934	#F8F6FB	#FEFEFE
4935	#F7ECEB	#F5F5F5
4936	#FEFEFE	#FFFFFF
4937	#FAF9FC	#FEFEFE
4938	#FBFAFD	#FFFFFF
4939	#FEFEFF	#FFFFFF
4940	#FFFFFF	#FFFFFF
4941	#EFEDF6	#FDFDFD
4942	#F7F6FB	#FEFEFE
4943	#E9E6F3	#FCFCFC
4944	#FBF5F4	#FEFEFE
4945	#F7EDEB	#F5F5F5
4946	#F6EBE9	#F4F4F4
4947	#F4E7E5	#EFEFEF
4948	#F1DFDD	#EDEDED
4949	#F3E4E2	#EDEDED
4951	#F2E1DF	#BDBDBD
4952	#FAF4F3	#F8F8F8
4953	#F0DEDB	#EAEAEA
4954	#F2E1DF	#F1F1F1
4955	#FBF6F5	#FDFDFD
4956	#FDFAF9	#FEFEFE
4957	#F9F8FC	#FEFEFE
4958	#FAF3F2	#FDFDFD
4959	#F9F2F1	#FDFDFD
4960	#FDFDFE	#FFFFFF
4961	#F9F1F0	#FCFCFC
4962	#FBF6F5	#FEFEFE
4963	#F7EDEC	#F2F2F2
4964	#F9F1EF	#FDFDFD
4965	#FBF5F4	#FEFEFE
4966	#FBF5F4	#FEFEFE
4967	#F6F5FA	#FEFEFE
4968	#FCF7F6	#FEFEFE
4969	#F7F6FB	#FEFEFE
4970	#FBFAFD	#FEFEFE
4971	#FDFDFE	#FFFFFF
4972	#F9F0EF	#FDFDFD
4973	#FDFBFB	#FFFFFF
4974	#F4E5E3	#ECECEC
4975	#FCF8F8	#FEFEFE
4976	#FEFDFD	#FFFFFF
4977	#FEFDFE	#FFFFFF
4978	#FAF3F3	#FDFDFD
4979	#FCF8F7	#FEFEFE
4980	#FBFBFD	#FFFFFF
4981	#FDFBFA	#FFFFFF
4982	#F9F8FC	#FEFEFE
4983	#EFEDF6	#FCFCFC
4984	#FBFAFD	#FFFFFF
4985	#F8EEED	#F6F6F6
4986	#FFFFFF	#FFFFFF
4987	#FDFDFE	#FFFFFF
4988	#FEFEFE	#FFFFFF
4989	#FFFFFF	#FFFFFF
4990	#F8F7FB	#FEFEFE
4991	#FEFEFE	#FFFFFF
4992	#FEFEFF	#FFFFFF
4993	#FEFDFD	#FFFFFF
4994	#E7E3F2	#FCFCFC
4995	#EAE7F4	#FBFBFB
4996	#F6EAE8	#F4F4F4
4997	#F8EFEE	#F7F7F7
4998	#F5E7E6	#F0F0F0
4999	#F2E1DF	#E8E8E8
5000	#F5E7E6	#F3F3F3
5002	#F7EEEC	#EBEBEB
5003	#F4E7E5	#E6E6E6
5004	#F5E7E6	#F8F8F8
5005	#F6EAE8	#F9F9F9
5006	#F4E6E4	#F8F8F8
5007	#F9F2F1	#FDFDFD
5008	#F9F2F1	#FDFDFD
5009	#FAF3F2	#FEFEFE
5010	#F9F2F0	#FDFDFD
5011	#F9F2F1	#FDFDFD
5012	#F8F0EF	#FCFCFC
5013	#FFFEFE	#FFFFFF
5014	#F5E8E6	#F0F0F0
5015	#FEFCFC	#FFFFFF
5016	#FEFBFB	#FFFFFF
5017	#FEFEFF	#FFFFFF
5018	#FCF9F8	#FEFEFE
5019	#F6F5FA	#FDFDFD
5020	#F6F5FA	#FEFEFE
5021	#FAFAFC	#FEFEFE
5022	#FBF5F4	#FEFEFE
5023	#F1EFF8	#FDFDFD
5024	#F3F1F9	#FDFDFD
5025	#F8EFEE	#F6F6F6
5026	#FAF9FC	#FEFEFE
5027	#FAFAFC	#FEFEFE
5028	#FDFAF9	#FEFEFE
5029	#FDFDFE	#FFFFFF
5030	#FDFDFE	#FFFFFF
5031	#FAF4F3	#FEFEFE
5032	#FCF8F8	#FEFEFE
5033	#F9F8FC	#FEFEFE
5034	#ECE9F5	#FCFCFC
5035	#ECEAF5	#FCFCFC
5036	#F5E8E6	#F2F2F2
5037	#F1EFF8	#FDFDFD
5038	#F8F7FB	#FEFEFE
5039	#FBF7F6	#FEFEFE
5040	#FDFDFE	#FFFFFF
5041	#FCFBFD	#FFFFFF
5042	#F9F9FC	#FEFEFE
5043	#FDFDFE	#FFFFFF
5044	#FEFEFF	#FFFFFF
5045	#E1DDEF	#FAFAFA
5046	#F6EAE9	#F3F3F3
5047	#F4E7E5	#EDEDED
5048	#F1E0DE	#E5E5E5
5049	#F1E0DE	#E4E4E4
5050	#F3E4E2	#F1F1F1
5052	#F2E3E1	#C2C2C2
5053	#F7ECEB	#EDEDED
5054	#F2E2DF	#F5F5F5
5055	#FBF5F5	#FDFDFD
5056	#F5E9E8	#FAFAFA
5057	#FEFEFF	#FFFFFF
5058	#FBFBFD	#FEFEFE
5059	#F3E3E1	#F8F8F8
5060	#F7ECEB	#FCFCFC
5061	#FEFCFC	#FFFFFF
5062	#FBF5F5	#FEFEFE
5063	#FEFCFC	#FFFFFF
5064	#F7EDEC	#F4F4F4
5065	#FFFEFE	#FFFFFF
5066	#F5F4FA	#FEFEFE
5067	#FAF9FC	#FEFEFE
5068	#F7F6FB	#FEFEFE
5069	#FAFAFD	#FEFEFE
5070	#FAF9FC	#FEFEFE
5071	#FFFFFF	#FFFFFF
5072	#FFFEFE	#FFFFFF
5073	#F9F8FC	#FEFEFE
5074	#FFFFFF	#FFFFFF
5075	#F9F1F0	#F8F8F8
5076	#FBFAFD	#FFFFFF
5077	#ECEAF5	#FCFCFC
5078	#FAF9FC	#FEFEFE
5079	#FCF9F8	#FEFEFE
5080	#FCF9F9	#FEFEFE
5081	#F6F5FA	#FEFEFE
5082	#F7F6FB	#FEFEFE
5083	#EBE8F4	#FAFAFA
5084	#F6F4FA	#FEFEFE
5085	#F6F5FA	#FEFEFE
5086	#F7EDEC	#F5F5F5
5087	#F0EEF7	#FDFDFD
5088	#F5F4FA	#FEFEFE
5089	#FCF8F7	#FEFEFE
5090	#FEFDFC	#FFFFFF
5091	#F7EEEC	#FDFDFD
5092	#F3F2F9	#FDFDFD
5093	#FEFEFF	#FFFFFF
5094	#F6F5FA	#FEFEFE
5095	#FEFCFC	#FFFFFF
5096	#FEFDFC	#FFFFFF
5097	#F9F0EF	#F8F8F8
5098	#F4E5E3	#EDEDED
5099	#F5E8E6	#F0F0F0
5100	#F1E0DE	#E3E3E3
5101	#F5E8E6	#F1F1F1
