group	fill	colour
1	#DDD8ED	#FEFEFE
2	#DDD8EC	#FEFEFE
3	#CBC5E3	#FDFDFD
4	#EDEAF5	#FEFEFE
5	#FBFAFD	#FFFFFF
6	#D0CAE5	#FCFCFC
7	#CCC5E3	#FDFDFD
8	#E8E5F3	#FEFEFE
9	#C3BBDE	#FDFDFD
10	#C3BBDE	#FDFDFD
11	#D4CEE8	#FEFEFE
12	#F1DFDC	#FEFEFE
13	#CCC5E3	#FDFDFD
14	#EDEAF5	#FEFEFE
15	#E1BEBA	#FEFEFE
16	#E6E3F2	#FEFEFE
17	#E9E6F3	#FEFEFE
18	#A79ECF	#FBFBFB
19	#FAF9FC	#FFFFFF
20	#E5E1F1	#FEFEFE
21	#C4BDDF	#FCFCFC
22	#E4E0F0	#FEFEFE
23	#FBFBFD	#FFFFFF
24	#EFECF6	#FEFEFE
25	#CCC5E3	#FDFDFD
26	#FBF6F5	#FFFFFF
27	#B7AFD8	#FAFAFA
28	#DFDAED	#FEFEFE
29	#F7F6FB	#FFFFFF
30	#EEEBF6	#FFFFFF
31	#E5E1F1	#FEFEFE
32	#E6E3F2	#FEFEFE
33	#D9D4EB	#FCFCFC
34	#F2F0F8	#FFFFFF
35	#E8CECA	#FEFEFE
36	#EFECF6	#FEFEFE
37	#CAC3E2	#FCFCFC
38	#FAF9FC	#FFFFFF
39	#F8EEED	#FFFFFF
40	#E6E3F2	#FEFEFE
41	#C1B9DD	#FBFBFB
42	#B7AED8	#FBFBFB
43	#E5E2F1	#FEFEFE
44	#AFA6D3	#FCFCFC
45	#FBF6F6	#FFFFFF
46	#E4E0F0	#FEFEFE
47	#DDD8EC	#FEFEFE
48	#C7C0E1	#FCFCFC
49	#D5CFE8	#FEFEFE
50	#F8EFED	#FFFFFF
51	#E8E5F3	#FEFEFE
52	#E1BEBA	#FEFEFE
53	#F9F8FC	#FFFFFF
54	#E5E1F1	#FEFEFE
55	#BDB5DB	#FCFCFC
56	#D4CEE8	#FDFDFD
57	#EDEAF5	#FEFEFE
58	#AFA6D3	#FCFCFC
59	#FAF9FC	#FFFFFF
60	#EBD4D0	#FEFEFE
61	#E4E1F1	#FEFEFE
62	#BDB5DB	#FCFCFC
63	#FBFBFD	#FFFFFF
64	#EFEDF6	#FEFEFE
65	#E6E3F2	#FEFEFE
66	#F1E0DD	#FEFEFE
67	#B8AFD8	#FDFDFD
68	#E1BEBA	#FEFEFE
69	#F7ECEB	#FFFFFF
70	#F7F5FA	#FFFFFF
71	#DDD8ED	#FDFDFD
72	#DED9ED	#FDFDFD
73	#D8D2EA	#FDFDFD
74	#E5E1F1	#FEFEFE
75	#D4CEE8	#FDFDFD
76	#CC9791	#FCFCFC
77	#E4E0F0	#FEFEFE
78	#CEC8E5	#FDFDFD
79	#E1DDEF	#FDFDFD
80	#DCD8EC	#FEFEFE
81	#DED9ED	#FDFDFD
82	#E5E2F1	#FEFEFE
83	#EAE7F4	#FEFEFE
84	#BEB6DB	#FCFCFC
85	#A89ECF	#FBFBFB
86	#F6F4FA	#FFFFFF
87	#F2F0F8	#FFFFFF
88	#D4CFE8	#FDFDFD
89	#A197CC	#FBFBFB
90	#E8E5F3	#FEFEFE
91	#9B90C8	#FAFAFA
92	#E7E3F2	#FEFEFE
93	#BEB6DC	#FCFCFC
94	#E3DFF0	#FEFEFE
95	#D4CFE8	#FDFDFD
96	#FBFBFD	#FFFFFF
97	#EFECF6	#FEFEFE
98	#D3CEE7	#FDFDFD
99	#D4CEE8	#FDFDFD
100	#AFA5D3	#FCFCFC
101	#D5CFE8	#FEFEFE
102	#A197CC	#FBFBFB
103	#BEB6DB	#FCFCFC
104	#F6F5FA	#FFFFFF
105	#E1BEB9	#FEFEFE
106	#EFEDF6	#FFFFFF
107	#A79DCF	#FBFBFB
108	#F1E0DE	#FEFEFE
109	#FBFAFD	#FFFFFF
110	#FAF9FC	#FFFFFF
111	#E9E6F3	#FEFEFE
112	#EEECF6	#FFFFFF
113	#F8EEEC	#FFFFFF
114	#FBF6F5	#FFFFFF
115	#DED9ED	#FDFDFD
116	#FAFAFD	#FFFFFF
117	#F8EEED	#FFFFFF
118	#E1BEB9	#FEFEFE
119	#F6EAE8	#FEFEFE
120	#AFA5D3	#FCFCFC
121	#C7C0E1	#FCFCFC
122	#F6F5FA	#FFFFFF
123	#B0A7D4	#F8F8F8
124	#F2F0F8	#FFFFFF
125	#E5E2F1	#FEFEFE
126	#E1BEBA	#FEFEFE
127	#E5E1F1	#FDFDFD
128	#CCC6E3	#FDFDFD
129	#D7D1E9	#FCFCFC
130	#FFFFFF	#FFFFFF
131	#FDFAFA	#FFFFFF
132	#F7ECEA	#FFFFFF
133	#DCD8EC	#FEFEFE
134	#A89ECF	#FBFBFB
135	#FBF6F6	#FFFFFF
136	#F2F0F8	#FFFFFF
137	#FAFAFC	#FFFFFF
138	#C4BDDF	#FCFCFC
139	#D4CFE8	#FDFDFD
140	#F1DFDD	#FEFEFE
141	#D8D3EA	#FDFDFD
142	#A79ECF	#F6F6F6
143	#F9F8FC	#FFFFFF
144	#E4E1F0	#FEFEFE
145	#DCD8EC	#FEFEFE
146	#F3F1F8	#FFFFFF
147	#D4CEE8	#FDFDFD
148	#FAFAFD	#FFFFFF
149	#FAF9FC	#FFFFFF
150	#FBF6F5	#FFFFFF
151	#BDB5DB	#FAFAFA
152	#E5E1F1	#FEFEFE
153	#DDD8EC	#FEFEFE
154	#E9E6F3	#FEFEFE
155	#E1BEB9	#FEFEFE
156	#F7EDEC	#FEFEFE
157	#EBD4D0	#FEFEFE
158	#FBFAFD	#FFFFFF
159	#C3BBDE	#FDFDFD
160	#F6F5FA	#FFFFFF
161	#EFEDF6	#FFFFFF
162	#F3F1F8	#FFFFFF
163	#E3DFF0	#FDFDFD
164	#F9F9FC	#FFFFFF
165	#FBFAFD	#FFFFFF
166	#F7EDEB	#FEFEFE
167	#FEFCFC	#FFFFFF
168	#FBF6F6	#FFFFFF
169	#D1CAE6	#FCFCFC
170	#E5E1F1	#FDFDFD
171	#FAF9FC	#FFFFFF
172	#F9F1F0	#FFFFFF
173	#E3DFF0	#FDFDFD
174	#DDD8ED	#FEFEFE
175	#FBF7F6	#FFFFFF
176	#DDD8EC	#FEFEFE
177	#EEECF6	#FFFFFF
178	#CDC7E4	#FCFCFC
179	#A197CC	#FBFBFB
180	#EFECF6	#FEFEFE
181	#CEC8E4	#FDFDFD
182	#DED9ED	#FDFDFD
183	#C6BFE0	#FCFCFC
184	#AEA5D3	#FCFCFC
185	#D9AFAA	#FDFDFD
186	#E5E1F1	#FEFEFE
187	#D5CFE8	#FEFEFE
188	#CF9D97	#FCFCFC
189	#C6BFE0	#FCFCFC
190	#C3BBDE	#FDFDFD
191	#CBC5E3	#FDFDFD
192	#CCC6E3	#FDFDFD
193	#BBB3DA	#FAFAFA
194	#C4BDDF	#F9F9F9
195	#EDEAF5	#FEFEFE
196	#E7E4F2	#FEFEFE
197	#D3CEE7	#FDFDFD
198	#EEECF6	#FFFFFF
199	#FBF5F4	#FFFFFF
200	#FAFAFD	#FFFFFF
201	#CCC6E3	#FDFDFD
202	#F7ECEB	#FFFFFF
203	#ECD5D2	#FEFEFE
204	#F6F5FA	#FFFFFF
205	#C5BDDF	#FCFCFC
206	#E9E5F3	#FEFEFE
207	#B7AFD8	#FDFDFD
208	#D5CFE8	#FEFEFE
209	#A89ECF	#FBFBFB
210	#EEECF6	#FEFEFE
211	#C5BDDF	#FCFCFC
212	#F6F4FA	#FFFFFF
213	#EEECF6	#FFFFFF
214	#E5E1F1	#FEFEFE
215	#EFEDF7	#FEFEFE
216	#F6F5FA	#FFFFFF
217	#FDFBFB	#FFFFFF
218	#F2F1F8	#FFFFFF
219	#E2DEEF	#FDFDFD
220	#EFECF6	#FEFEFE
221	#BBB3DA	#F9F9F9
222	#EFDCD9	#FEFEFE
223	#DDD8ED	#FEFEFE
224	#F6F5FA	#FFFFFF
225	#FBFAFD	#FFFFFF
226	#D4CEE8	#FDFDFD
227	#FBFAFD	#FFFFFF
228	#FEFDFD	#FFFFFF
229	#AEA5D3	#FCFCFC
230	#DEDAED	#FEFEFE
231	#EEECF6	#FEFEFE
232	#C7C0E1	#FBFBFB
233	#D8D2EA	#FDFDFD
234	#D4CFE8	#FDFDFD
235	#CCC5E3	#FBFBFB
236	#E5E2F1	#FEFEFE
237	#D5CFE8	#FDFDFD
238	#CEC8E4	#FDFDFD
239	#EEECF6	#FEFEFE
240	#D0CAE6	#FCFCFC
241	#FEFDFD	#FFFFFF
242	#F2F0F8	#FFFFFF
243	#FAF9FC	#FFFFFF
244	#F2E1DF	#FEFEFE
245	#C4BDDF	#FCFCFC
246	#C2BBDE	#FBFBFB
247	#9085C3	#F9F9F9
248	#F4E6E4	#FEFEFE
249	#CCC5E3	#FDFDFD
250	#F9F8FC	#FFFFFF
251	#FAF9FC	#FFFFFF
252	#EFECF6	#FFFFFF
253	#DDD8EC	#FEFEFE
254	#DED9ED	#FDFDFD
255	#D4A59F	#FCFCFC
256	#B8AFD8	#FBFBFB
257	#C3BBDE	#FDFDFD
258	#D8D2EA	#FDFDFD
259	#C3BBDE	#FDFDFD
260	#EFEDF6	#FEFEFE
261	#FBFAFD	#FFFFFF
262	#E6E2F1	#FEFEFE
263	#FCFBFD	#FFFFFF
264	#ECD6D3	#FEFEFE
265	#F0DCDA	#FEFEFE
266	#A79ECF	#FBFBFB
267	#F1EFF7	#FEFEFE
268	#DED9ED	#FEFEFE
269	#FDFDFE	#FFFFFF
270	#CBC5E3	#FDFDFD
271	#EBE8F4	#FEFEFE
272	#FBF5F5	#FFFFFF
273	#D8D3EA	#FDFDFD
274	#DFDAED	#FEFEFE
275	#E6E2F1	#FEFEFE
276	#DDD8EC	#FEFEFE
277	#9B91C9	#FAFAFA
278	#EBD4D0	#FEFEFE
279	#FBFAFD	#FFFFFF
280	#C4BDDF	#FCFCFC
281	#EEECF6	#FFFFFF
282	#D1CBE6	#FCFCFC
283	#C4BCDF	#FCFCFC
284	#EDEBF5	#FEFEFE
285	#EEECF6	#FEFEFE
286	#CEC7E4	#FDFDFD
287	#D3CEE7	#FDFDFD
288	#DED9ED	#FEFEFE
289	#D7D2E9	#FDFDFD
290	#FBFBFD	#FFFFFF
291	#FBF6F6	#FFFFFF
292	#EFECF6	#FEFEFE
293	#FBFBFD	#FFFFFF
294	#E8E5F3	#FEFEFE
295	#ECD6D3	#FEFEFE
296	#EEECF6	#FFFFFF
297	#DED9ED	#FDFDFD
298	#B3AAD6	#F9F9F9
299	#F9F8FC	#FFFFFF
300	#F8EEED	#FFFFFF
301	#F7EEEC	#FFFFFF
302	#C3BBDE	#FDFDFD
303	#F9F1F0	#FFFFFF
304	#D6D1E9	#FDFDFD
305	#DCD7EC	#FEFEFE
306	#E8E5F3	#FEFEFE
307	#AEA5D3	#FCFCFC
308	#AFA6D3	#FCFCFC
309	#B7AFD8	#FDFDFD
310	#FBF5F5	#FFFFFF
311	#F7EDEB	#FFFFFF
312	#E5E2F1	#FEFEFE
313	#FBFAFD	#FFFFFF
314	#EFEDF6	#FEFEFE
315	#E8E5F2	#FEFEFE
316	#F6F5FA	#FFFFFF
317	#E8E5F3	#FEFEFE
318	#A79DCF	#FBFBFB
319	#F3F1F8	#FFFFFF
320	#B7AFD8	#FBFBFB
321	#D0CAE5	#FCFCFC
322	#F5F4FA	#FFFFFF
323	#E5E2F1	#FEFEFE
324	#EEECF6	#FEFEFE
325	#EEECF6	#FFFFFF
326	#D4CEE8	#FDFDFD
327	#E6E3F2	#FEFEFE
328	#FAFAFC	#FFFFFF
329	#DDD8EC	#FEFEFE
330	#D7D2E9	#FDFDFD
331	#B7AFD8	#FDFDFD
332	#D7D2E9	#FDFDFD
333	#BEB6DB	#FCFCFC
334	#A096CB	#FBFBFB
335	#DCD7EC	#FEFEFE
336	#F9F2F1	#FFFFFF
337	#A79ECF	#FBFBFB
338	#FEFDFD	#FFFFFF
339	#DDD8EC	#FEFEFE
340	#FEFDFC	#FFFFFF
341	#C4BDDF	#FCFCFC
342	#F7ECEB	#FFFFFF
343	#D4CEE8	#FEFEFE
344	#FBF5F4	#FFFFFF
345	#FAF9FC	#FFFFFF
346	#E8E5F3	#FEFEFE
347	#BEB6DB	#FCFCFC
348	#D8D3EA	#FDFDFD
349	#FBF6F5	#FFFFFF
350	#FAFAFC	#FFFFFF
351	#DDD9ED	#FEFEFE
352	#EBD4D0	#FEFEFE
353	#F8EEED	#FFFFFF
354	#F0DDDA	#FEFEFE
355	#F9F9FC	#FFFFFF
356	#A79ECF	#FBFBFB
357	#FBFAFD	#FFFFFF
358	#CEC7E4	#FDFDFD
359	#F8EEED	#FFFFFF
360	#EFECF6	#FFFFFF
361	#E6E3F2	#FEFEFE
362	#ACA3D2	#FAFAFA
363	#F4E5E4	#FEFEFE
364	#DBD7EC	#FEFEFE
365	#DEDAED	#FDFDFD
366	#E3DFF0	#FEFEFE
367	#B7AFD8	#FDFDFD
368	#C4BDDF	#FCFCFC
369	#D9D4EA	#FCFCFC
370	#E6E3F2	#FEFEFE
371	#F2F0F8	#FEFEFE
372	#FBFBFD	#FFFFFF
373	#9B90C8	#FAFAFA
374	#E4E0F0	#FEFEFE
375	#D7D1E9	#FDFDFD
376	#DED9ED	#FEFEFE
377	#F9F1F0	#FFFFFF
378	#D5CFE8	#FEFEFE
379	#E8E5F3	#FEFEFE
380	#B1A8D5	#FAFAFA
381	#DCD7EC	#FEFEFE
382	#D3CEE7	#FDFDFD
383	#EFEDF6	#FEFEFE
384	#EEECF6	#FEFEFE
385	#ECEAF5	#FEFEFE
386	#DDD8EC	#FEFEFE
387	#F8EEED	#FFFFFF
388	#EFEDF6	#FEFEFE
389	#A096CB	#FBFBFB
390	#F2E1DF	#FEFEFE
391	#F7F5FA	#FFFFFF
392	#BCB4DB	#FBFBFB
393	#F9F9FC	#FFFFFF
394	#DEDAED	#FEFEFE
395	#C5BDDF	#FCFCFC
396	#EEECF6	#FFFFFF
397	#E9E6F3	#FEFEFE
398	#F1E0DD	#FEFEFE
399	#E1DDEF	#FDFDFD
400	#F1E0DD	#FEFEFE
401	#FAF9FC	#FFFFFF
402	#DCD7EC	#FEFEFE
403	#F7EDEB	#FFFFFF
404	#FBFAFD	#FFFFFF
405	#FBF6F6	#FFFFFF
406	#F1E0DD	#FEFEFE
407	#C4BDDF	#FCFCFC
408	#D4CFE8	#FEFEFE
409	#E9E5F3	#FEFEFE
410	#F7ECEB	#FFFFFF
411	#F6F4FA	#FFFFFF
412	#F7ECEB	#FFFFFF
413	#D0CAE6	#FCFCFC
414	#CCC5E3	#FDFDFD
415	#FFFFFF	#FFFFFF
416	#E6E3F2	#FEFEFE
417	#E8E5F3	#FEFEFE
418	#FBFAFD	#FFFFFF
419	#EFECF6	#FEFEFE
420	#CDC7E4	#FCFCFC
421	#E5E1F1	#FEFEFE
422	#D9D4EA	#FDFDFD
423	#CEC7E4	#FDFDFD
424	#DCD7EC	#FEFEFE
425	#CEC7E4	#FDFDFD
426	#CCC6E3	#FDFDFD
427	#EFDCD9	#FEFEFE
428	#DDD8EC	#FEFEFE
429	#ECD4D1	#FEFEFE
430	#CBC5E3	#FDFDFD
431	#AFA6D3	#FCFCFC
432	#F6F5FA	#FFFFFF
433	#F9F1F0	#FFFFFF
434	#EFEDF7	#FEFEFE
435	#D5CFE8	#FDFDFD
436	#F2F0F8	#FEFEFE
437	#F9F8FC	#FFFFFF
438	#EAE7F4	#FEFEFE
439	#F6F5FA	#FFFFFF
440	#D4CFE8	#FEFEFE
441	#DED9ED	#FEFEFE
442	#FEFDFD	#FFFFFF
443	#F6F4FA	#FFFFFF
444	#E4E0F0	#FEFEFE
445	#FBF6F5	#FFFFFF
446	#F6F4FA	#FFFFFF
447	#ECEAF5	#FEFEFE
448	#D4CFE8	#FEFEFE
449	#E8E5F3	#FEFEFE
451	#B7AFD8	#FDFDFD
452	#EBD3D0	#FEFEFE
453	#E5E1F1	#FEFEFE
454	#D3CDE7	#FDFDFD
455	#DED9ED	#FEFEFE
456	#E4E1F1	#FEFEFE
457	#E5E1F1	#FEFEFE
458	#F7ECEA	#FFFFFF
459	#E9E6F3	#FEFEFE
460	#DDD8EC	#FEFEFE
461	#DCD7EC	#FEFEFE
462	#C7C0E0	#FCFCFC
463	#DEDAED	#FEFEFE
464	#F4E6E4	#FEFEFE
465	#9B91C9	#FAFAFA
466	#EDEAF5	#FEFEFE
467	#F6F5FA	#FFFFFF
468	#A79ECF	#FBFBFB
469	#B3AAD5	#FAFAFA
470	#F6F5FA	#FFFFFF
471	#E8E5F3	#FEFEFE
472	#E2C1BC	#FDFDFD
473	#DCD7EC	#FEFEFE
474	#DFDAED	#FEFEFE
475	#FBF6F6	#FFFFFF
476	#F9F2F1	#FFFFFF
477	#E5E1F1	#FEFEFE
478	#958BC5	#F9F9F9
479	#FAF9FC	#FFFFFF
480	#9086C3	#F9F9F9
481	#C4BDDF	#FCFCFC
482	#E4E0F0	#FEFEFE
483	#EFEDF6	#FEFEFE
484	#EFEDF6	#FEFEFE
485	#DDD8EC	#FEFEFE
486	#E9CECA	#FEFEFE
487	#FBFAFD	#FFFFFF
488	#BDB5DB	#FAFAFA
489	#D9AFAA	#FDFDFD
490	#F8EFED	#FFFFFF
491	#EFEDF6	#FEFEFE
492	#968BC6	#F9F9F9
493	#F6F5FA	#FFFFFF
494	#C4BDDF	#FCFCFC
495	#C7BFE0	#FCFCFC
496	#F9F8FC	#FFFFFF
497	#C3BBDE	#FDFDFD
498	#EFECF6	#FEFEFE
499	#FAFAFD	#FFFFFF
500	#FBF6F5	#FFFFFF
501	#DDD8EC	#FEFEFE
502	#FEFDFD	#FFFFFF
503	#FBF6F5	#FFFFFF
504	#FBF6F5	#FFFFFF
505	#AFA5D3	#FCFCFC
506	#FAF9FC	#FFFFFF
507	#A197CC	#FBFBFB
508	#EAE7F4	#FEFEFE
509	#D5CFE8	#FEFEFE
510	#E1BEBA	#FEFEFE
511	#EFEDF6	#FEFEFE
512	#DFDAEE	#FDFDFD
513	#F6F5FA	#FFFFFF
514	#FAFAFC	#FFFFFF
515	#FFFFFF	#FFFFFF
516	#EFECF6	#FEFEFE
517	#EAE7F4	#FEFEFE
518	#F9F8FC	#FFFFFF
519	#F2F0F8	#FFFFFF
520	#BEB6DC	#FCFCFC
521	#E6E3F2	#FEFEFE
522	#EFECF6	#FEFEFE
523	#D1CBE6	#FCFCFC
524	#FBF6F5	#FFFFFF
525	#A096CB	#FBFBFB
526	#E6E3F2	#FEFEFE
527	#F2F0F8	#FFFFFF
528	#EDEBF5	#FEFEFE
529	#EEECF6	#FFFFFF
530	#EBD3D0	#FEFEFE
531	#A096CC	#FBFBFB
532	#BEB6DC	#FCFCFC
533	#F9F1F0	#FFFFFF
534	#F1E0DE	#FEFEFE
535	#EFEDF7	#FFFFFF
536	#EFEDF6	#FEFEFE
537	#ECD4D1	#FDFDFD
538	#F7F6FB	#FFFFFF
539	#C4BDDF	#FCFCFC
540	#D4CEE7	#FDFDFD
541	#FBF6F6	#FFFFFF
542	#CBC5E3	#FDFDFD
543	#CAC3E2	#FBFBFB
544	#E4E1F1	#FEFEFE
545	#EDEAF5	#FEFEFE
546	#E1BEBA	#FEFEFE
547	#E4E1F1	#FEFEFE
548	#F7EDEB	#FFFFFF
549	#EEECF6	#FFFFFF
550	#D7D1E9	#FDFDFD
551	#CBC5E3	#FDFDFD
552	#D9AFAA	#FDFDFD
553	#F8EEED	#FFFFFF
555	#FBFAFD	#FFFFFF
556	#D4CEE8	#FDFDFD
557	#FAF9FC	#FFFFFF
558	#A79DCF	#FBFBFB
559	#C3BBDE	#FDFDFD
560	#AEA5D3	#FCFCFC
561	#FBF6F6	#FFFFFF
562	#F7EDEC	#FFFFFF
563	#E8E5F3	#FEFEFE
564	#FFFFFF	#FFFFFF
565	#F2F0F8	#FFFFFF
566	#C2BADE	#FBFBFB
567	#EDEAF5	#FEFEFE
568	#BCB4DA	#FAFAFA
569	#E8E5F3	#FEFEFE
570	#ECD4D1	#FDFDFD
571	#FDFAFA	#FFFFFF
572	#D4CEE7	#FCFCFC
573	#BEB6DB	#FCFCFC
574	#E5E2F1	#FEFEFE
575	#F6F4FA	#FFFFFF
576	#F1DFDD	#FEFEFE
577	#C7C0E0	#FCFCFC
578	#F1DFDD	#FEFEFE
579	#DEDAED	#FEFEFE
580	#FBFAFD	#FFFFFF
581	#E4E0F0	#FEFEFE
582	#D4CEE8	#FDFDFD
583	#C1BADD	#FBFBFB
584	#C1B9DD	#FBFBFB
585	#E4E1F1	#FEFEFE
586	#E9E5F3	#FEFEFE
587	#F6F5FA	#FFFFFF
588	#E8E4F2	#FEFEFE
589	#DDD8EC	#FDFDFD
590	#E8E5F3	#FEFEFE
591	#D9B0AB	#FDFDFD
592	#F6F5FA	#FFFFFF
593	#D8D3EA	#FDFDFD
594	#BEB6DC	#FCFCFC
595	#FBFBFD	#FFFFFF
596	#E5E1F1	#FEFEFE
597	#E4E0F0	#FEFEFE
598	#F4E5E4	#FEFEFE
599	#EEECF6	#FEFEFE
600	#E9E5F3	#FEFEFE
601	#F1E0DE	#FEFEFE
602	#D4CFE8	#FEFEFE
603	#FBFAFD	#FFFFFF
604	#F2F1F8	#FFFFFF
605	#ECD5D2	#FEFEFE
606	#B7AFD8	#FDFDFD
607	#FBF6F5	#FFFFFF
608	#C5BDDF	#FCFCFC
609	#F8EEED	#FFFFFF
610	#E8E5F3	#FEFEFE
611	#E5E1F1	#FEFEFE
612	#F6F5FA	#FFFFFF
613	#E6E3F2	#FEFEFE
614	#CCC5E3	#FDFDFD
615	#D1CBE6	#FCFCFC
616	#E8CDCA	#FEFEFE
617	#D2CCE7	#FCFCFC
618	#FDFDFE	#FFFFFF
619	#F9F9FC	#FFFFFF
620	#A79ECF	#FBFBFB
621	#D7D2E9	#FDFDFD
622	#968BC6	#F9F9F9
623	#F6F4FA	#FFFFFF
624	#D7D2EA	#FDFDFD
625	#F6F5FA	#FFFFFF
626	#E5E1F1	#FEFEFE
627	#D7D2E9	#FDFDFD
628	#C7C0E1	#FCFCFC
629	#D4CEE7	#FDFDFD
630	#A197CC	#FBFBFB
631	#FAF9FC	#FFFFFF
632	#D1CBE6	#FCFCFC
633	#D5CFE8	#FDFDFD
634	#EEECF6	#FFFFFF
635	#CCC6E3	#FDFDFD
636	#DDD8EC	#FDFDFD
637	#FFFFFF	#FFFFFF
638	#FFFEFE	#FFFFFF
639	#FAFAFD	#FFFFFF
640	#E5E1F1	#FEFEFE
641	#DCD7EC	#FEFEFE
642	#DBD6EC	#FEFEFE
643	#BEB6DC	#FCFCFC
644	#F9F8FC	#FFFFFF
645	#BDB5DB	#FCFCFC
646	#DBD6EC	#FEFEFE
647	#D4CFE8	#FDFDFD
648	#FEFDFD	#FFFFFF
649	#E5E1F1	#FEFEFE
650	#C4BDDF	#FCFCFC
651	#9A90C8	#FAFAFA
652	#FBFAFD	#FFFFFF
653	#C3BBDE	#FDFDFD
654	#F7ECEB	#FFFFFF
655	#AFA5D3	#FCFCFC
656	#FBF7F6	#FFFFFF
657	#EBE8F4	#FEFEFE
658	#EEECF6	#FEFEFE
659	#FAFAFD	#FFFFFF
660	#EBD3D0	#FEFEFE
661	#F4E6E4	#FEFEFE
662	#B3AAD6	#F9F9F9
663	#E9CECB	#FEFEFE
664	#E6E3F2	#FEFEFE
665	#FBF6F6	#FFFFFF
666	#F6F4FA	#FFFFFF
667	#D4CEE8	#FCFCFC
668	#CEC7E4	#FDFDFD
669	#DDD8EC	#FEFEFE
670	#EBD4D0	#FEFEFE
671	#C5BDDF	#FCFCFC
672	#EFECF6	#FEFEFE
673	#FFFFFF	#FFFFFF
674	#D7D2E9	#FDFDFD
675	#CCC5E3	#FDFDFD
676	#CCC5E3	#FCFCFC
677	#F9F8FC	#FFFFFF
678	#DDD9ED	#FEFEFE
679	#CCC6E3	#FDFDFD
680	#B7AFD8	#FDFDFD
681	#FAFAFD	#FFFFFF
682	#DDD8EC	#FEFEFE
683	#FAF9FC	#FFFFFF
684	#ECEAF5	#FEFEFE
685	#EFECF6	#FFFFFF
686	#B7AFD8	#FDFDFD
687	#F7ECEB	#FFFFFF
688	#FBF6F5	#FFFFFF
689	#F6F5FA	#FFFFFF
690	#D7D2E9	#FDFDFD
691	#DEDAED	#FDFDFD
692	#FBFBFD	#FFFFFF
693	#D2CCE6	#FCFCFC
694	#D7D1E9	#FDFDFD
695	#EFEDF6	#FEFEFE
696	#DCD7EC	#FEFEFE
697	#EEEBF6	#FEFEFE
698	#C5BDDF	#FCFCFC
699	#BEB6DB	#FCFCFC
700	#A197CC	#FBFBFB
701	#B7AFD8	#FDFDFD
702	#D4CFE8	#FEFEFE
703	#D5CFE8	#FEFEFE
704	#AEA5D3	#FCFCFC
705	#FBF6F5	#FFFFFF
706	#EFEDF6	#FEFEFE
707	#D4CEE8	#FDFDFD
708	#F9F8FC	#FFFFFF
709	#D9B0AB	#FDFDFD
710	#E8E5F3	#FEFEFE
711	#EFEDF6	#FEFEFE
712	#F2F1F8	#FFFFFF
713	#FFFEFE	#FFFFFF
714	#EEECF6	#FFFFFF
715	#DCD8EC	#FEFEFE
716	#EEECF6	#FFFFFF
717	#FBFAFD	#FFFFFF
718	#E6C8C5	#FDFDFD
719	#DEDAED	#FEFEFE
720	#D7D1E9	#FDFDFD
721	#E9CECA	#FEFEFE
722	#EAE7F4	#FEFEFE
723	#D4CFE8	#FDFDFD
724	#F9F2F1	#FFFFFF
725	#F9F8FC	#FFFFFF
726	#BDB5DB	#FCFCFC
727	#D8D3EA	#FDFDFD
728	#AEA5D3	#FCFCFC
729	#D4CEE7	#FDFDFD
730	#D4CEE7	#FDFDFD
731	#E4E1F1	#FEFEFE
732	#D9B0AA	#FDFDFD
733	#867CBD	#F7F7F7
734	#D5CFE8	#FDFDFD
735	#E6E3F2	#FEFEFE
736	#F7EEEC	#FFFFFF
737	#EEECF6	#FFFFFF
738	#E9CECB	#FEFEFE
739	#D4CEE7	#FDFDFD
740	#ADA3D2	#FAFAFA
741	#F3F1F8	#FFFFFF
742	#B8B0D8	#FBFBFB
743	#F1E0DE	#FEFEFE
744	#D4CEE8	#FDFDFD
745	#F2F0F8	#FFFFFF
746	#E5E1F1	#FEFEFE
747	#FBFAFD	#FFFFFF
748	#CCC5E3	#FDFDFD
749	#9A90C8	#FAFAFA
750	#DED9ED	#FEFEFE
751	#EFECF6	#FEFEFE
752	#FEFDFD	#FFFFFF
753	#D5CFE8	#FEFEFE
754	#F9F8FC	#FFFFFF
755	#DDD8EC	#FEFEFE
756	#FAFAFC	#FFFFFF
757	#DDD8EC	#FEFEFE
758	#AEA5D3	#FCFCFC
759	#E8E5F3	#FEFEFE
760	#EEECF6	#FFFFFF
761	#FDFAFA	#FFFFFF
762	#FDFBFA	#FFFFFF
763	#F7EDEB	#FFFFFF
764	#AFA5D3	#FCFCFC
765	#D7D2E9	#FDFDFD
766	#D4CEE8	#FDFDFD
767	#EAE7F4	#FEFEFE
768	#EDEAF5	#FEFEFE
769	#CDC6E4	#FCFCFC
770	#E6E3F2	#FEFEFE
771	#FAF9FC	#FFFFFF
772	#F9F8FC	#FFFFFF
773	#FEFCFC	#FFFFFF
774	#FBFAFD	#FFFFFF
775	#E6E2F1	#FEFEFE
776	#D3CEE7	#FDFDFD
777	#B7AED8	#FAFAFA
778	#FBF6F6	#FFFFFF
779	#DEDAED	#FEFEFE
780	#F9F8FC	#FFFFFF
781	#A89ED0	#FBFBFB
782	#FAF9FC	#FFFFFF
783	#EDEBF5	#FEFEFE
784	#E9E6F3	#FEFEFE
785	#CCC5E3	#FDFDFD
786	#C1B9DD	#FBFBFB
787	#F2F1F8	#FFFFFF
788	#EEECF6	#FEFEFE
789	#F2F0F8	#FFFFFF
790	#C3BBDE	#FDFDFD
791	#FFFEFE	#FFFFFF
792	#C4BDDF	#FCFCFC
793	#E8E5F3	#FEFEFE
794	#FFFEFE	#FFFFFF
795	#D4CFE8	#FDFDFD
796	#C7C0E1	#FCFCFC
797	#C3BCDF	#FCFCFC
798	#9085C3	#F9F9F9
799	#F6F4FA	#FFFFFF
800	#FBFAFD	#FFFFFF
801	#D4CEE8	#FDFDFD
802	#C3BBDE	#FDFDFD
803	#FBFAFD	#FFFFFF
804	#AEA5D3	#FCFCFC
805	#FAF9FC	#FFFFFF
806	#EBD4D0	#FEFEFE
807	#A89ECF	#FBFBFB
808	#DDD8ED	#FEFEFE
809	#DEDAED	#FEFEFE
810	#FFFEFE	#FFFFFF
811	#F8EEED	#FFFFFF
812	#C9918B	#FBFBFB
813	#CCC5E3	#FDFDFD
814	#C8C1E1	#FCFCFC
815	#F7ECEA	#FFFFFF
816	#EAE7F4	#FEFEFE
817	#CBC5E3	#FCFCFC
818	#E4E0F0	#FEFEFE
819	#EEECF6	#FEFEFE
820	#FBFAFD	#FFFFFF
821	#F2F1F8	#FEFEFE
822	#E9E6F3	#FEFEFE
823	#C6BFE0	#FAFAFA
824	#AEA5D3	#FCFCFC
825	#FBF6F6	#FFFFFF
826	#EFECF6	#FFFFFF
827	#EDEAF5	#FEFEFE
828	#FEFDFD	#FFFFFF
829	#E4E0F0	#FEFEFE
830	#CBC4E3	#FDFDFD
831	#B8AFD8	#FBFBFB
832	#DFDAEE	#FEFEFE
833	#F8EEED	#FFFFFF
834	#A79ECF	#FBFBFB
835	#D4CEE8	#FDFDFD
836	#FBFBFD	#FFFFFF
837	#F8F7FB	#FFFFFF
838	#FEFDFD	#FFFFFF
839	#C7C0E0	#FCFCFC
840	#D7D2E9	#FDFDFD
841	#F6F5FA	#FFFFFF
842	#EDEAF5	#FEFEFE
843	#F2F0F8	#FFFFFF
844	#F6F5FA	#FFFFFF
845	#FEFDFD	#FFFFFF
846	#F9F9FC	#FFFFFF
847	#E6E2F1	#FEFEFE
848	#E4E1F1	#FEFEFE
849	#CEC7E4	#FDFDFD
850	#E6E3F2	#FEFEFE
851	#C4BDDF	#FCFCFC
852	#D3CDE7	#FDFDFD
853	#D7D2E9	#FDFDFD
854	#F9F8FC	#FFFFFF
855	#DDD9ED	#FEFEFE
856	#FBFAFD	#FFFFFF
857	#DDD8ED	#FEFEFE
858	#F9F8FC	#FFFFFF
859	#F9F8FC	#FFFFFF
860	#E8E5F3	#FEFEFE
861	#EEECF6	#FFFFFF
862	#FDFBFA	#FFFFFF
863	#DDD9ED	#FEFEFE
864	#E9CECB	#FEFEFE
865	#F7F6FB	#FFFFFF
866	#D7D2E9	#FDFDFD
867	#FBF6F5	#FFFFFF
868	#B7AFD8	#FDFDFD
869	#C2BBDE	#FBFBFB
870	#F9F9FC	#FFFFFF
871	#FFFEFE	#FFFFFF
872	#B8AFD8	#FDFDFD
873	#C6BFE0	#FAFAFA
874	#BCB4DB	#FBFBFB
875	#D4CEE7	#FDFDFD
876	#FFFFFF	#FFFFFF
877	#F6F5FA	#FFFFFF
878	#B7AFD8	#FDFDFD
879	#EEECF6	#FFFFFF
880	#F4E5E3	#FEFEFE
881	#B1A8D5	#FAFAFA
882	#F1E0DD	#FEFEFE
884	#EFECF6	#FFFFFF
885	#F5F4FA	#FFFFFF
886	#E5E1F1	#FEFEFE
887	#EDEAF5	#FEFEFE
888	#FFFFFF	#FFFFFF
889	#E4E1F1	#FEFEFE
890	#CBC5E3	#FDFDFD
891	#FBFAFD	#FFFFFF
892	#E4E0F0	#FEFEFE
893	#E5E1F1	#FEFEFE
894	#AFA6D3	#FCFCFC
895	#D0CAE5	#FCFCFC
896	#AEA5D3	#FCFCFC
897	#F9F9FC	#FFFFFF
898	#C5BEDF	#FCFCFC
899	#BEB6DC	#FCFCFC
900	#ADA4D2	#FAFAFA
901	#BEB6DB	#FCFCFC
902	#D4CEE7	#FDFDFD
903	#E9E6F3	#FEFEFE
904	#E4E1F1	#FEFEFE
905	#FBF6F6	#FFFFFF
906	#DDD8EC	#FEFEFE
907	#F9F9FC	#FFFFFF
908	#DDD9ED	#FEFEFE
909	#FAF9FC	#FFFFFF
910	#FAF9FC	#FFFFFF
911	#E4E1F1	#FEFEFE
912	#FAF9FC	#FFFFFF
913	#EDEAF5	#FEFEFE
914	#E3DFF0	#FEFEFE
915	#E6E2F1	#FEFEFE
916	#EEECF6	#FFFFFF
917	#EFEDF6	#FEFEFE
918	#DEDAED	#FDFDFD
919	#B7AFD8	#FBFBFB
920	#D5CFE8	#FEFEFE
921	#D3CDE7	#FCFCFC
922	#EBE8F4	#FEFEFE
923	#D4A5A0	#FCFCFC
924	#E6E2F1	#FEFEFE
925	#E9E6F3	#FEFEFE
926	#E7E3F2	#FEFEFE
927	#ADA3D2	#FAFAFA
928	#F7F5FA	#FFFFFF
929	#D4CEE8	#FDFDFD
930	#D7D2E9	#FDFDFD
931	#F1E0DD	#FEFEFE
932	#D3CDE7	#FCFCFC
933	#DCD7EC	#FEFEFE
934	#FBF6F5	#FFFFFF
935	#C1B9DD	#FBFBFB
936	#F8EEED	#FFFFFF
937	#F4E5E3	#FEFEFE
938	#E1DDEF	#FDFDFD
939	#F3F1F8	#FFFFFF
940	#D4CEE8	#FDFDFD
941	#D3CDE7	#FDFDFD
942	#DCD7EC	#FEFEFE
943	#F4E6E4	#FEFEFE
944	#EDEAF5	#FEFEFE
945	#E1BEB9	#FEFEFE
946	#E9E6F3	#FEFEFE
947	#EDEAF5	#FEFEFE
948	#E5E1F1	#FDFDFD
949	#B8AFD8	#FBFBFB
950	#C7C0E1	#FCFCFC
951	#F9F8FC	#FFFFFF
952	#EFEDF6	#FEFEFE
953	#C7C0E0	#FCFCFC
954	#B7AED8	#FAFAFA
955	#EBD4D0	#FEFEFE
956	#FBF6F6	#FFFFFF
957	#F8EEED	#FFFFFF
958	#F7ECEB	#FFFFFF
959	#EEECF6	#FFFFFF
960	#DFDAED	#FEFEFE
961	#F9F8FC	#FFFFFF
962	#F9F8FC	#FFFFFF
963	#E6C9C5	#FDFDFD
964	#DBD7EC	#FEFEFE
965	#CEC7E4	#FDFDFD
966	#FAFAFC	#FFFFFF
967	#EFECF6	#FEFEFE
968	#D2CCE7	#FCFCFC
969	#E3E0F0	#FEFEFE
970	#C4BDDF	#FCFCFC
971	#FBFAFD	#FFFFFF
972	#EFEDF6	#FEFEFE
973	#DDD8ED	#FEFEFE
974	#E4E1F1	#FEFEFE
975	#F7F5FA	#FFFFFF
976	#FBFAFD	#FFFFFF
977	#DBD7EC	#FEFEFE
978	#CCC5E3	#FDFDFD
979	#D7D2E9	#FDFDFD
980	#B8B0D8	#FBFBFB
981	#C4BDDF	#FCFCFC
982	#D4CEE8	#FDFDFD
983	#DFDAED	#FEFEFE
984	#DDD8EC	#FEFEFE
985	#C5BDDF	#FCFCFC
986	#E6E2F1	#FEFEFE
987	#A096CB	#F7F7F7
988	#F0EDF7	#FEFEFE
989	#EFECF6	#FEFEFE
990	#A197CC	#FBFBFB
991	#F8EFED	#FFFFFF
992	#EEECF6	#FFFFFF
993	#9B91C8	#FAFAFA
994	#F1DFDD	#FEFEFE
995	#FAF9FC	#FFFFFF
996	#C7C0E0	#FCFCFC
997	#DEDAED	#FDFDFD
998	#CDC7E4	#FDFDFD
999	#F6F5FA	#FFFFFF
1000	#DED9ED	#FDFDFD
1001	#E9E6F3	#FEFEFE
1002	#F6F5FA	#FFFFFF
1003	#9B90C8	#FAFAFA
1004	#EEECF6	#FFFFFF
1005	#E6E2F1	#FEFEFE
1006	#FAFAFC	#FFFFFF
1008	#EDEAF5	#FEFEFE
1009	#AFA6D3	#FCFCFC
1010	#EFEDF7	#FEFEFE
1011	#FBF6F5	#FFFFFF
1012	#D5CFE8	#FEFEFE
1013	#D5CFE8	#FEFEFE
1014	#FEFEFE	#FFFFFF
1015	#FEFDFD	#FFFFFF
1016	#FEFDFC	#FFFFFF
1017	#E9CECB	#FEFEFE
1018	#FCFBFD	#FFFFFF
1019	#B7AFD8	#FDFDFD
1020	#FBF6F6	#FFFFFF
1021	#DBD7EC	#FEFEFE
1022	#E5E2F1	#FEFEFE
1023	#CBC4E3	#FCFCFC
1024	#DCD7EC	#FEFEFE
1025	#FBF5F4	#FFFFFF
1026	#EFDCD9	#FEFEFE
1027	#ECD5D2	#FEFEFE
1028	#CCC5E3	#FDFDFD
1029	#AEA5D3	#FCFCFC
1030	#FBF6F5	#FFFFFF
1031	#D9D4EA	#FDFDFD
1032	#E5E1F1	#FEFEFE
1033	#EEEBF6	#FFFFFF
1034	#EDEAF5	#FEFEFE
1035	#E5E2F1	#FEFEFE
1036	#FAF9FC	#FFFFFF
1037	#D7D2EA	#FDFDFD
1038	#F6F5FA	#FFFFFF
1039	#FBF6F6	#FFFFFF
1040	#DED9ED	#FDFDFD
1041	#EEEBF6	#FEFEFE
1042	#AEA5D3	#FCFCFC
1043	#EFECF6	#FFFFFF
1044	#F8EEED	#FFFFFF
1045	#AFA6D3	#FCFCFC
1046	#E4E1F1	#FEFEFE
1047	#CCC5E3	#FDFDFD
1048	#D4CEE8	#FEFEFE
1049	#E5E1F1	#FEFEFE
1050	#DBD6EC	#FEFEFE
1051	#F6F5FA	#FFFFFF
1052	#9A90C8	#FAFAFA
1053	#CEC7E4	#FDFDFD
1054	#FAF9FC	#FFFFFF
1055	#E4E1F1	#FEFEFE
1056	#FBF6F5	#FFFFFF
1057	#D9AFAA	#FDFDFD
1058	#E2DEEF	#FDFDFD
1059	#EAE7F3	#FEFEFE
1060	#BDB5DB	#FCFCFC
1061	#FBFBFD	#FFFFFF
1062	#D3CEE7	#FDFDFD
1063	#D9B0AB	#FDFDFD
1064	#FCFBFD	#FFFFFF
1065	#D2CCE6	#FBFBFB
1066	#E3DFF0	#FEFEFE
1067	#EDEAF5	#FEFEFE
1068	#A197CC	#FBFBFB
1069	#C6BFE0	#FBFBFB
1070	#D4CFE8	#FEFEFE
1071	#C1BADD	#FBFBFB
1072	#E5E2F1	#FEFEFE
1073	#E3DFF0	#FEFEFE
1074	#C6BFE0	#FBFBFB
1075	#E5E2F1	#FEFEFE
1076	#AFA5D3	#FCFCFC
1077	#B8AFD8	#FBFBFB
1078	#F7ECEB	#FFFFFF
1079	#E5E1F1	#FEFEFE
1080	#F9F8FC	#FFFFFF
1081	#FBF5F5	#FFFFFF
1082	#EDEBF6	#FEFEFE
1083	#B2A9D5	#FAFAFA
1084	#EBD4D0	#FEFEFE
1085	#E5E2F1	#FEFEFE
1086	#DED9ED	#FEFEFE
1087	#EEECF6	#FFFFFF
1088	#EBE8F4	#FEFEFE
1089	#FBF6F5	#FFFFFF
1090	#CDC7E4	#FCFCFC
1091	#E3DFF0	#FEFEFE
1092	#B7AFD8	#FAFAFA
1093	#C6BFE0	#FAFAFA
1094	#FBFAFD	#FFFFFF
1095	#F9F8FC	#FFFFFF
1096	#D5CFE8	#FEFEFE
1097	#EDEAF5	#FEFEFE
1098	#EFEDF6	#FEFEFE
1099	#DDD9ED	#FEFEFE
1100	#D3CDE7	#FCFCFC
1101	#E4E0F0	#FEFEFE
1102	#C7C0E1	#FCFCFC
1103	#B2A9D5	#FAFAFA
1104	#EDEAF5	#FEFEFE
1105	#FBFBFD	#FFFFFF
1106	#DCD7EC	#FEFEFE
1107	#F1DFDD	#FEFEFE
1108	#DDD8ED	#FEFEFE
1109	#F6F5FA	#FFFFFF
1110	#E6E2F1	#FEFEFE
1111	#DDD8ED	#FEFEFE
1112	#ECD5D2	#FEFEFE
1113	#F4E6E4	#FEFEFE
1114	#D4CEE8	#FEFEFE
1115	#F2F1F8	#FFFFFF
1116	#F9F1F0	#FFFFFF
1117	#FAF9FC	#FFFFFF
1118	#F8F7FB	#FFFFFF
1119	#CDC7E4	#FCFCFC
1120	#D4CEE8	#FDFDFD
1121	#C6BFE0	#FCFCFC
1122	#E9E5F3	#FEFEFE
1123	#EFECF6	#FEFEFE
1124	#E4E1F1	#FEFEFE
1125	#DDD9ED	#FEFEFE
1126	#E0BEB9	#FEFEFE
1127	#E9E6F3	#FEFEFE
1128	#F9F9FC	#FFFFFF
1129	#D4CEE8	#FDFDFD
1130	#A79DCF	#FBFBFB
1131	#E5E1F1	#FEFEFE
1132	#E6E3F2	#FEFEFE
1133	#AEA5D3	#FCFCFC
1134	#DDD8ED	#FEFEFE
1135	#FBFAFD	#FFFFFF
1136	#F8EFED	#FFFFFF
1137	#F7EDEB	#FEFEFE
1138	#FCF7F7	#FFFFFF
1139	#E6E2F1	#FEFEFE
1140	#D3CEE7	#FDFDFD
1141	#FAF9FC	#FFFFFF
1142	#ACA3D2	#FAFAFA
1143	#C5BDDF	#FCFCFC
1144	#FAF4F4	#FFFFFF
1145	#F8EEED	#FFFFFF
1146	#CBC5E3	#FDFDFD
1147	#CF9C96	#FCFCFC
1148	#E5E2F1	#FEFEFE
1149	#CCC5E3	#FDFDFD
1150	#DDD8ED	#FEFEFE
1151	#CEC8E4	#FCFCFC
1152	#E5E1F1	#FEFEFE
1153	#E5E1F1	#FDFDFD
1154	#B8AFD8	#FBFBFB
1155	#A79ECF	#FBFBFB
1156	#A89ECF	#FBFBFB
1157	#EFECF6	#FFFFFF
1158	#D4CEE8	#FDFDFD
1159	#DED9ED	#FEFEFE
1160	#F7EDEB	#FFFFFF
1161	#E9CECA	#FEFEFE
1162	#B7AED8	#FDFDFD
1163	#DFDAED	#FEFEFE
1164	#E3DFF0	#FEFEFE
1165	#DCD7EC	#FEFEFE
1166	#FAFAFD	#FFFFFF
1167	#FAF9FC	#FFFFFF
1168	#FBFAFD	#FFFFFF
1169	#FAF9FC	#FFFFFF
1170	#E0BEB9	#FEFEFE
1171	#E8E5F3	#FEFEFE
1172	#F8EFED	#FFFFFF
1173	#FBF7F6	#FFFFFF
1174	#FBFAFD	#FFFFFF
1175	#F4E5E3	#FEFEFE
1176	#FAF9FC	#FFFFFF
1177	#E8E5F3	#FEFEFE
1178	#A79DCF	#FBFBFB
1179	#FBF6F6	#FFFFFF
1180	#F6F5FA	#FFFFFF
1181	#F8EEED	#FFFFFF
1182	#F2F1F8	#FFFFFF
1183	#FEFDFC	#FFFFFF
1184	#A197CC	#FBFBFB
1185	#E5E2F1	#FEFEFE
1186	#F6F5FA	#FFFFFF
1187	#D6D1E9	#FDFDFD
1188	#D4CFE8	#FDFDFD
1189	#CDC7E4	#FDFDFD
1190	#CBC4E3	#FCFCFC
1191	#F6F5FA	#FFFFFF
1192	#DFDAEE	#FEFEFE
1193	#D4CFE8	#FEFEFE
1194	#E6E3F2	#FEFEFE
1195	#DED9ED	#FDFDFD
1196	#D1CBE6	#FCFCFC
1197	#C5BDDF	#FCFCFC
1198	#C6BFE0	#FBFBFB
1199	#D1CBE6	#FCFCFC
1200	#EFEDF6	#FEFEFE
1201	#F1E0DD	#FEFEFE
1202	#E8E5F3	#FEFEFE
1203	#E5E1F1	#FEFEFE
1204	#BEB6DB	#FCFCFC
1205	#E9CECB	#FEFEFE
1206	#E2DEEF	#FDFDFD
1207	#F2F0F8	#FFFFFF
1208	#E6E2F1	#FEFEFE
1209	#9B90C8	#FAFAFA
1210	#B8AFD8	#FDFDFD
1211	#FAF9FC	#FFFFFF
1212	#C4BDDF	#FCFCFC
1213	#B7AFD8	#FDFDFD
1214	#B7AFD8	#FDFDFD
1215	#CCC5E3	#FDFDFD
1216	#F7EEEC	#FFFFFF
1217	#C3BBDE	#FDFDFD
1218	#D9AFAA	#FDFDFD
1219	#BBB3DA	#FAFAFA
1220	#F9F9FC	#FFFFFF
1221	#AFA6D3	#FCFCFC
1222	#B7AFD8	#FDFDFD
1223	#F9F8FC	#FFFFFF
1224	#DDD8ED	#FEFEFE
1225	#EFEDF6	#FEFEFE
1226	#EED9D6	#FEFEFE
1227	#FAF9FC	#FFFFFF
1228	#D5CFE8	#FEFEFE
1229	#F8EEED	#FFFFFF
1230	#E8E5F3	#FEFEFE
1231	#DBD6EC	#FEFEFE
1232	#F9F2F1	#FFFFFF
1233	#EFEDF6	#FEFEFE
1234	#F2F0F8	#FEFEFE
1235	#CDC7E4	#FDFDFD
1236	#EDD7D4	#FEFEFE
1237	#F9F8FC	#FFFFFF
1238	#CEC8E5	#FCFCFC
1239	#EDEAF5	#FEFEFE
1240	#F9F1F0	#FFFFFF
1241	#CEC7E4	#FDFDFD
1242	#F1EFF7	#FEFEFE
1243	#EFECF6	#FEFEFE
1244	#DCD7EC	#FEFEFE
1245	#E6E3F2	#FEFEFE
1246	#F2F0F8	#FFFFFF
1247	#DDD8ED	#FEFEFE
1248	#F1DFDD	#FEFEFE
1249	#A89ED0	#F9F9F9
1250	#DEDAED	#FEFEFE
1251	#DCD7EC	#FEFEFE
1252	#E4E0F0	#FEFEFE
1253	#E4E0F0	#FEFEFE
1254	#AEA5D3	#FCFCFC
1255	#DBD7EC	#FEFEFE
1256	#CAC4E2	#FBFBFB
1257	#F2F0F8	#FEFEFE
1258	#E6E3F1	#FEFEFE
1259	#C4BCDF	#FCFCFC
1260	#A79DCF	#F9F9F9
1261	#E4E0F0	#FEFEFE
1262	#DDD8EC	#FEFEFE
1263	#CCC5E3	#FDFDFD
1264	#D9B0AB	#FDFDFD
1265	#B7AFD8	#FDFDFD
1266	#EED9D6	#FEFEFE
1267	#F2F0F8	#FEFEFE
1268	#FDFAFA	#FFFFFF
1269	#FDFCFE	#FFFFFF
1270	#E4E0F0	#FEFEFE
1271	#FBF6F6	#FFFFFF
1272	#D4CEE8	#FDFDFD
1273	#FBFAFD	#FFFFFF
1274	#C5BDDF	#FCFCFC
1275	#DFDBEE	#FEFEFE
1276	#D9AFAA	#FDFDFD
1277	#E9E5F3	#FEFEFE
1278	#FCF7F7	#FFFFFF
1279	#AFA5D3	#FCFCFC
1280	#CDC7E4	#FCFCFC
1281	#DBD7EC	#FEFEFE
1282	#DFDAED	#FEFEFE
1283	#AFA6D3	#FCFCFC
1284	#EAE8F4	#FEFEFE
1285	#E9E6F3	#FEFEFE
1286	#FAF9FC	#FFFFFF
1287	#CEC7E4	#FDFDFD
1288	#F4E6E4	#FEFEFE
1289	#E3DFF0	#FDFDFD
1290	#E5E2F1	#FEFEFE
1291	#F2E1DE	#FEFEFE
1292	#DCD7EC	#FEFEFE
1293	#C2BADE	#FBFBFB
1294	#F9F8FC	#FFFFFF
1295	#CBC4E3	#FCFCFC
1296	#FAFAFC	#FFFFFF
1297	#E8E5F3	#FEFEFE
1298	#E5E1F1	#FEFEFE
1299	#C3BBDE	#FDFDFD
1300	#F7ECEB	#FFFFFF
1301	#DDD8EC	#FEFEFE
1302	#E9E6F3	#FEFEFE
1303	#DDD8EC	#FEFEFE
1304	#BDB5DB	#FCFCFC
1305	#A197CC	#FBFBFB
1306	#C1B9DD	#FBFBFB
1307	#FBF6F6	#FFFFFF
1308	#BEB6DB	#FCFCFC
1309	#F6F4FA	#FFFFFF
1310	#E4E0F0	#FEFEFE
1311	#FBF5F5	#FFFFFF
1312	#BCB4DB	#FAFAFA
1313	#F9F9FC	#FFFFFF
1314	#EEECF6	#FFFFFF
1315	#B7AFD8	#FDFDFD
1316	#EFDCD9	#FEFEFE
1317	#D4A5A0	#FCFCFC
1318	#FFFFFF	#FFFFFF
1319	#D4CEE8	#FDFDFD
1320	#E6E3F2	#FEFEFE
1321	#EAE7F4	#FEFEFE
1322	#AFA6D3	#FCFCFC
1323	#E9E6F3	#FEFEFE
1324	#DFDAEE	#FDFDFD
1325	#D4CFE8	#FDFDFD
1326	#E5E2F1	#FEFEFE
1327	#E8E5F3	#FEFEFE
1328	#F4E5E3	#FEFEFE
1329	#EDEBF5	#FEFEFE
1330	#D4CEE8	#FDFDFD
1331	#EFECF6	#FFFFFF
1332	#A096CB	#F7F7F7
1333	#FBFAFD	#FFFFFF
1334	#FBFAFD	#FFFFFF
1335	#F2F1F8	#FFFFFF
1336	#EFECF6	#FEFEFE
1337	#EFECF6	#FEFEFE
1338	#E4E0F0	#FEFEFE
1339	#F5E7E6	#FEFEFE
1340	#F9F8FC	#FFFFFF
1341	#E5E2F1	#FEFEFE
1342	#E4E1F1	#FEFEFE
1343	#E5E2F1	#FEFEFE
1344	#DCD7EC	#FEFEFE
1345	#D4CEE8	#FDFDFD
1346	#FEFDFD	#FFFFFF
1347	#E8E5F3	#FEFEFE
1348	#FBFAFD	#FFFFFF
1349	#ECEAF5	#FEFEFE
1350	#B7AFD8	#FDFDFD
1351	#F9F8FC	#FFFFFF
1352	#FBF6F5	#FFFFFF
1353	#C4BDDF	#FCFCFC
1354	#FAF9FC	#FFFFFF
1355	#F6F5FA	#FFFFFF
1356	#C6BFE0	#FAFAFA
1357	#C3BBDE	#FDFDFD
1358	#D4CEE8	#FDFDFD
1360	#D1CBE6	#FBFBFB
1361	#F1E0DE	#FEFEFE
1362	#F3E4E2	#FEFEFE
1363	#F9F8FC	#FFFFFF
1364	#F9F9FC	#FFFFFF
1365	#FBF7F6	#FFFFFF
1366	#EEECF6	#FFFFFF
1367	#F2F0F8	#FEFEFE
1368	#D4A6A0	#FCFCFC
1369	#DDD8EC	#FEFEFE
1370	#EFDCDA	#FEFEFE
1371	#E8CDCA	#FEFEFE
1372	#F7EDEC	#FEFEFE
1373	#D8D2EA	#FDFDFD
1374	#B7AFD8	#FDFDFD
1375	#A79ECF	#FBFBFB
1376	#AEA5D3	#FCFCFC
1377	#DDD8ED	#FEFEFE
1378	#FEFCFC	#FFFFFF
1379	#EEECF6	#FFFFFF
1380	#DED9ED	#FEFEFE
1381	#AEA5D3	#FCFCFC
1382	#E4E1F0	#FEFEFE
1383	#D1CAE6	#FCFCFC
1384	#DDD8ED	#FEFEFE
1385	#C1B9DD	#FBFBFB
1386	#EEECF6	#FFFFFF
1387	#EAE7F4	#FEFEFE
1388	#EBD4D0	#FEFEFE
1389	#FAF3F2	#FFFFFF
1390	#C9C2E2	#FBFBFB
1391	#FAF9FC	#FFFFFF
1392	#DED9ED	#FEFEFE
1393	#FCFBFD	#FFFFFF
1394	#B7AFD8	#FDFDFD
1395	#8B81C0	#F8F8F8
1396	#EFECF6	#FFFFFF
1397	#D4CEE8	#FDFDFD
1398	#AEA5D3	#FCFCFC
1399	#DEDAED	#FEFEFE
1400	#D4CEE8	#FEFEFE
1401	#EFEDF6	#FFFFFF
1402	#F6F4FA	#FFFFFF
1403	#CDC7E4	#FCFCFC
1404	#FEFDFD	#FFFFFF
1405	#FAF9FC	#FFFFFF
1406	#E5E2F1	#FEFEFE
1407	#FBF7F6	#FFFFFF
1408	#E5E2F1	#FEFEFE
1409	#DCD7EC	#FEFEFE
1410	#FCFBFD	#FFFFFF
1411	#FBFAFD	#FFFFFF
1412	#E4C4C0	#FDFDFD
1413	#DDD8EC	#FEFEFE
1414	#F6F5FA	#FFFFFF
1415	#F7ECEB	#FFFFFF
1416	#DDD8EC	#FEFEFE
1417	#EEEBF6	#FEFEFE
1418	#C1B9DD	#FBFBFB
1419	#E8E5F3	#FEFEFE
1420	#F2F0F8	#FFFFFF
1421	#F7EEEC	#FFFFFF
1422	#E9CECA	#FEFEFE
1423	#F2F0F8	#FFFFFF
1424	#D4CEE7	#FDFDFD
1425	#E5E2F1	#FEFEFE
1426	#E6E3F2	#FEFEFE
1427	#EFECF6	#FEFEFE
1428	#AEA5D3	#FCFCFC
1429	#DCD7EC	#FEFEFE
1430	#EEECF6	#FFFFFF
1431	#F8EFED	#FFFFFF
1432	#CCC5E3	#FDFDFD
1433	#B8AFD8	#FAFAFA
1434	#EEECF6	#FEFEFE
1435	#CCC5E3	#FBFBFB
1436	#A096CB	#FBFBFB
1437	#D8D3EA	#FDFDFD
1438	#D2CCE6	#FBFBFB
1439	#DBD7EC	#FEFEFE
1440	#DED9ED	#FEFEFE
1441	#D3CDE7	#FDFDFD
1442	#FAFAFD	#FFFFFF
1443	#ECE9F5	#FEFEFE
1444	#CCC6E3	#FDFDFD
1445	#D8D3EA	#FDFDFD
1446	#ACA3D2	#FAFAFA
1447	#D3CEE7	#FDFDFD
1448	#F2F1F8	#FFFFFF
1449	#F1EFF8	#FFFFFF
1450	#C4BDDF	#FCFCFC
1451	#DDD8ED	#FEFEFE
1452	#E8E5F3	#FEFEFE
1453	#E5E1F1	#FEFEFE
1454	#FBFAFD	#FFFFFF
1455	#DEDAED	#FEFEFE
1456	#DED9ED	#FDFDFD
1457	#D4CEE8	#FEFEFE
1458	#CDC7E4	#FCFCFC
1459	#B8B0D8	#FBFBFB
1460	#FFFEFE	#FFFFFF
1461	#D1CBE6	#FCFCFC
1462	#A79DCF	#FBFBFB
1463	#E6C8C5	#FDFDFD
1464	#F6F5FA	#FFFFFF
1465	#E5E1F1	#FEFEFE
1466	#E8E5F3	#FEFEFE
1467	#C3BBDE	#FDFDFD
1468	#FBFAFD	#FFFFFF
1469	#DEDAED	#FDFDFD
1470	#F1E0DE	#FEFEFE
1471	#ECD5D2	#FEFEFE
1472	#DBD6EC	#FEFEFE
1473	#AFA6D3	#FCFCFC
1474	#EBE8F4	#FEFEFE
1475	#DEDAED	#FDFDFD
1476	#C3BBDE	#FDFDFD
1477	#D7D1E9	#FDFDFD
1478	#E4E0F0	#FEFEFE
1479	#CBC5E3	#FDFDFD
1480	#F2F0F8	#FFFFFF
1481	#B7AFD8	#FBFBFB
1482	#E6E2F1	#FEFEFE
1483	#D2CCE7	#FCFCFC
1484	#C6BFE0	#FBFBFB
1485	#CBC5E3	#FDFDFD
1486	#F3F1F9	#FFFFFF
1487	#E4E0F0	#FEFEFE
1488	#C6BFE0	#FAFAFA
1489	#DDD8ED	#FEFEFE
1490	#EFECF6	#FEFEFE
1491	#EDEBF5	#FEFEFE
1492	#FFFFFF	#FFFFFF
1493	#DEDAED	#FEFEFE
1494	#FBFBFD	#FFFFFF
1495	#C2BADE	#FBFBFB
1496	#EFEDF6	#FEFEFE
1497	#D3CEE7	#FDFDFD
1498	#DCD7EC	#FEFEFE
1499	#EBE8F4	#FEFEFE
1500	#F9F9FC	#FFFFFF
1501	#9A90C8	#FAFAFA
1502	#B2A9D5	#FAFAFA
1503	#F8EFED	#FFFFFF
1504	#EEECF6	#FFFFFF
1505	#ECD5D2	#FEFEFE
1506	#DDD9ED	#FEFEFE
1507	#E4E1F1	#FEFEFE
1508	#CCC5E3	#FDFDFD
1509	#E9E6F3	#FEFEFE
1510	#F9F8FC	#FFFFFF
1511	#9A90C8	#FAFAFA
1512	#DDD9ED	#FDFDFD
1513	#E5E2F1	#FEFEFE
1514	#E5E1F1	#FEFEFE
1515	#FDFDFE	#FFFFFF
1516	#EFEDF6	#FEFEFE
1517	#F9F9FC	#FFFFFF
1518	#C3BBDE	#FDFDFD
1519	#F6F4FA	#FFFFFF
1520	#FEFDFD	#FFFFFF
1521	#A89ECF	#FBFBFB
1522	#B7AFD8	#FDFDFD
1523	#DCD8EC	#FEFEFE
1524	#E5C7C3	#FDFDFD
1525	#F7EDEC	#FFFFFF
1526	#D3CDE7	#FDFDFD
1527	#DDD9ED	#FEFEFE
1528	#E9E5F3	#FEFEFE
1529	#F7F5FA	#FFFFFF
1530	#FAFAFD	#FFFFFF
1531	#E4E0F0	#FEFEFE
1532	#FBFAFD	#FFFFFF
1533	#D7D2E9	#FDFDFD
1534	#EFEDF7	#FEFEFE
1535	#DED9ED	#FDFDFD
1536	#C7C0E1	#FCFCFC
1537	#F9F9FC	#FFFFFF
1538	#D5CFE8	#FDFDFD
1539	#EAE7F3	#FEFEFE
1541	#EFECF6	#FEFEFE
1542	#EAE7F3	#FEFEFE
1543	#FBF7F6	#FFFFFF
1544	#D4CEE7	#FDFDFD
1545	#EFEDF6	#FEFEFE
1546	#CCC5E3	#FDFDFD
1547	#9B90C8	#FAFAFA
1548	#E3DFF0	#FEFEFE
1549	#CCC5E3	#FDFDFD
1550	#D8D3EA	#FDFDFD
1551	#EDEAF5	#FEFEFE
1552	#F8EEED	#FFFFFF
1553	#ECD5D2	#FEFEFE
1554	#EFECF6	#FFFFFF
1555	#AFA6D3	#FCFCFC
1556	#CBC5E3	#FDFDFD
1557	#A79ECF	#F9F9F9
1558	#DCD7EC	#FEFEFE
1559	#FBFAFD	#FFFFFF
1560	#F2F0F8	#FFFFFF
1561	#E6E3F2	#FEFEFE
1562	#DDD9ED	#FEFEFE
1563	#D7D2E9	#FDFDFD
1564	#F5F4FA	#FFFFFF
1565	#C7C0E0	#FCFCFC
1566	#C3BBDE	#FDFDFD
1567	#FBF6F5	#FFFFFF
1568	#C4BDDF	#FCFCFC
1569	#EED9D6	#FEFEFE
1570	#EAE7F3	#FEFEFE
1571	#FEFDFD	#FFFFFF
1572	#E6E3F2	#FEFEFE
1573	#CCC5E3	#FDFDFD
1574	#EEEBF6	#FFFFFF
1575	#C4BCDF	#FCFCFC
1576	#FBFAFD	#FFFFFF
1577	#FAFAFD	#FFFFFF
1578	#ECD5D2	#FEFEFE
1579	#FBFAFD	#FFFFFF
1580	#A89ED0	#FBFBFB
1581	#D6D1E9	#FDFDFD
1582	#C2BADE	#FAFAFA
1583	#9A90C8	#FAFAFA
1584	#B7AFD8	#FDFDFD
1585	#F9F8FC	#FFFFFF
1586	#EBE8F4	#FEFEFE
1587	#F9F8FC	#FFFFFF
1588	#D4CEE7	#FDFDFD
1589	#E9CECB	#FEFEFE
1590	#CEC8E4	#FDFDFD
1591	#D8D3EA	#FDFDFD
1592	#E8E4F2	#FEFEFE
1593	#EEECF6	#FFFFFF
1594	#E5E1F1	#FEFEFE
1595	#EFEDF6	#FEFEFE
1596	#EFECF6	#FEFEFE
1597	#D7D1E9	#FDFDFD
1598	#FCFBFD	#FFFFFF
1599	#F6F4FA	#FFFFFF
1600	#8F85C2	#F9F9F9
1601	#E6C9C5	#FDFDFD
1602	#E3DFF0	#FEFEFE
1603	#FAF9FC	#FFFFFF
1604	#FAF9FC	#FFFFFF
1605	#F3F1F8	#FFFFFF
1606	#D4CEE8	#FDFDFD
1607	#D5CFE8	#FEFEFE
1608	#FAF9FC	#FFFFFF
1609	#EAE7F4	#FEFEFE
1610	#CBC4E3	#FCFCFC
1611	#B2A9D5	#FAFAFA
1612	#E9E6F3	#FEFEFE
1613	#F9F9FC	#FFFFFF
1614	#DCD7EC	#FEFEFE
1615	#DFDAEE	#FDFDFD
1616	#DCD7EC	#FEFEFE
1617	#DEDAED	#FEFEFE
1618	#A197CC	#FBFBFB
1619	#F8EEED	#FFFFFF
1620	#D4CFE8	#FEFEFE
1621	#F7EDEC	#FEFEFE
1622	#E5E1F1	#FEFEFE
1623	#D3CDE7	#FDFDFD
1624	#F9F8FC	#FFFFFF
1625	#EDEBF5	#FEFEFE
1626	#D4CEE8	#FDFDFD
1627	#FBF7F6	#FFFFFF
1628	#E1BEBA	#FEFEFE
1629	#FCF7F6	#FFFFFF
1630	#FAF9FC	#FFFFFF
1631	#AEA5D3	#FCFCFC
1632	#CBC4E3	#FCFCFC
1633	#D1CBE6	#FCFCFC
1634	#BDB5DB	#FCFCFC
1635	#E8E5F3	#FEFEFE
1636	#D7D2EA	#FDFDFD
1637	#D7D1E9	#FDFDFD
1638	#F6F4FA	#FFFFFF
1639	#DEDAED	#FEFEFE
1640	#BDB5DB	#FCFCFC
1641	#FAF9FC	#FFFFFF
1642	#D4CEE8	#FDFDFD
1643	#E8E4F2	#FEFEFE
1644	#F8EEED	#FFFFFF
1645	#DFDAEE	#FEFEFE
1646	#E4E1F1	#FEFEFE
1647	#DDD8EC	#FEFEFE
1648	#ECE9F5	#FEFEFE
1649	#F9F8FC	#FFFFFF
1650	#FBFAFD	#FFFFFF
1651	#D4CEE8	#FDFDFD
1652	#CCC6E3	#FDFDFD
1653	#EEECF6	#FEFEFE
1654	#AEA5D3	#FCFCFC
1655	#CCC5E3	#FDFDFD
1656	#F7ECEB	#FFFFFF
1657	#C3BBDE	#FDFDFD
1658	#CDC7E4	#FCFCFC
1659	#D3CEE7	#FDFDFD
1660	#FBF6F6	#FFFFFF
1661	#E5E2F1	#FEFEFE
1662	#E4C4C0	#FDFDFD
1663	#FFFEFE	#FFFFFF
1664	#EDEAF5	#FEFEFE
1665	#CCC5E3	#FDFDFD
1666	#DEDAED	#FEFEFE
1667	#B3AAD5	#FAFAFA
1668	#B8AFD8	#FDFDFD
1669	#D3CDE7	#FDFDFD
1670	#F6F5FA	#FFFFFF
1671	#DFDAED	#FEFEFE
1672	#F4E5E3	#FEFEFE
1673	#E8E5F3	#FEFEFE
1674	#EFEDF6	#FFFFFF
1675	#C5BDDF	#FCFCFC
1676	#D4CFE8	#FEFEFE
1677	#F9F1F0	#FFFFFF
1678	#F1DFDD	#FEFEFE
1679	#CCC5E3	#FDFDFD
1680	#FBF6F6	#FFFFFF
1681	#E5E1F1	#FEFEFE
1682	#C8C1E1	#FCFCFC
1683	#D5CFE8	#FDFDFD
1684	#F6F5FA	#FFFFFF
1685	#A79ECF	#FBFBFB
1686	#E4E1F1	#FEFEFE
1687	#EEECF6	#FFFFFF
1688	#E5E1F1	#FDFDFD
1689	#D9AFAA	#FDFDFD
1690	#DCD8EC	#FEFEFE
1691	#F2F0F8	#FFFFFF
1692	#EFECF6	#FEFEFE
1693	#DED9ED	#FDFDFD
1694	#B2A9D5	#FAFAFA
1695	#C3BBDE	#FDFDFD
1696	#CDC7E4	#FCFCFC
1697	#F1E0DE	#FEFEFE
1698	#A79ECF	#FBFBFB
1699	#B7AED8	#FBFBFB
1700	#FEFDFC	#FFFFFF
1701	#DCD7EC	#FEFEFE
1702	#E7E3F2	#FEFEFE
1703	#EEECF6	#FFFFFF
1705	#DCD7EC	#FEFEFE
1706	#FEFDFD	#FFFFFF
1707	#EEECF6	#FFFFFF
1708	#E9E6F3	#FEFEFE
1709	#FFFFFF	#FFFFFF
1710	#EEECF6	#FFFFFF
1711	#E6E2F1	#FEFEFE
1712	#D1CBE6	#FCFCFC
1713	#E9E5F3	#FEFEFE
1714	#E4E0F0	#FEFEFE
1715	#9085C2	#F9F9F9
1716	#F7EDEC	#FEFEFE
1717	#F9F9FC	#FFFFFF
1718	#AEA5D3	#FCFCFC
1719	#FBFAFD	#FFFFFF
1720	#C8C1E1	#FCFCFC
1721	#C2BBDE	#FBFBFB
1722	#C3BBDE	#FDFDFD
1723	#CBC5E3	#FDFDFD
1724	#F6EAE8	#FEFEFE
1725	#CCC5E3	#FDFDFD
1726	#E9E5F3	#FEFEFE
1727	#D5CFE8	#FEFEFE
1728	#E8E5F3	#FEFEFE
1729	#F4E5E4	#FEFEFE
1730	#BDB5DB	#FCFCFC
1731	#FBF7F6	#FFFFFF
1732	#F9F8FC	#FFFFFF
1733	#F6F5FA	#FFFFFF
1734	#DDD8ED	#FEFEFE
1735	#FBFBFD	#FFFFFF
1736	#E2DEEF	#FDFDFD
1737	#F8EFED	#FFFFFF
1738	#BDB5DB	#FCFCFC
1739	#DDD9ED	#FEFEFE
1740	#E6E3F2	#FEFEFE
1741	#E5E1F1	#FEFEFE
1742	#F2E3E1	#FEFEFE
1743	#CEC8E4	#FCFCFC
1744	#E5E2F1	#FEFEFE
1745	#FAFAFC	#FFFFFF
1746	#CEC8E4	#FDFDFD
1747	#EFEDF7	#FEFEFE
1748	#FAFAFC	#FFFFFF
1749	#DDD8EC	#FEFEFE
1750	#E9E5F3	#FEFEFE
1751	#E4E0F0	#FEFEFE
1752	#AFA6D3	#FCFCFC
1753	#E7E4F2	#FEFEFE
1754	#AEA5D3	#FCFCFC
1755	#FBFBFD	#FFFFFF
1756	#B7AFD8	#FDFDFD
1757	#B7AFD8	#FDFDFD
1758	#FBF6F6	#FFFFFF
1759	#F9F9FC	#FFFFFF
1760	#EFEDF6	#FEFEFE
1761	#CEC7E4	#FDFDFD
1762	#D4CEE8	#FDFDFD
1763	#F6F5FA	#FFFFFF
1764	#DED9ED	#FEFEFE
1765	#BEB6DB	#FCFCFC
1766	#D7D2E9	#FDFDFD
1767	#D4CFE8	#FDFDFD
1769	#E4E0F0	#FEFEFE
1770	#FEFDFC	#FFFFFF
1771	#DDD8EC	#FEFEFE
1772	#EDEAF5	#FEFEFE
1773	#E9E5F3	#FEFEFE
1774	#A79DCF	#FBFBFB
1775	#DDD9ED	#FDFDFD
1776	#DDD8EC	#FEFEFE
1777	#E5E1F1	#FEFEFE
1778	#F6F5FA	#FFFFFF
1779	#D5CFE8	#FDFDFD
1780	#FAF9FC	#FFFFFF
1781	#DED9ED	#FDFDFD
1782	#D3CEE7	#FDFDFD
1783	#BEB6DB	#FCFCFC
1784	#E8E5F3	#FEFEFE
1785	#AEA5D3	#FCFCFC
1786	#F8EEED	#FFFFFF
1787	#F6F5FA	#FFFFFF
1788	#ECE9F5	#FEFEFE
1789	#B2A9D5	#FAFAFA
1790	#D0CAE6	#FCFCFC
1791	#EBE8F4	#FEFEFE
1792	#CF9E97	#FCFCFC
1793	#E5E1F1	#FEFEFE
1794	#EAE7F4	#FEFEFE
1795	#F9F1F0	#FFFFFF
1796	#F6F5FA	#FFFFFF
1797	#E1BEB9	#FEFEFE
1798	#D8D3EA	#FDFDFD
1799	#AFA6D3	#FCFCFC
1800	#FBF7F6	#FFFFFF
1801	#AFA6D4	#F8F8F8
1802	#EDEAF5	#FEFEFE
1803	#D4CEE8	#FDFDFD
1804	#D4CEE7	#FDFDFD
1805	#E6E2F1	#FEFEFE
1806	#F7F6FB	#FFFFFF
1807	#EFECF6	#FEFEFE
1808	#A79ECF	#FBFBFB
1809	#FAFAFD	#FFFFFF
1810	#FBF6F5	#FFFFFF
1811	#EEECF6	#FFFFFF
1812	#EEECF6	#FFFFFF
1813	#B2A9D5	#FAFAFA
1814	#9085C2	#F9F9F9
1815	#C3BBDE	#FDFDFD
1816	#F6F5FA	#FFFFFF
1817	#FEFDFC	#FFFFFF
1818	#EDEBF5	#FEFEFE
1819	#E6E2F1	#FEFEFE
1820	#D4CEE7	#FDFDFD
1821	#FEFCFC	#FFFFFF
1822	#FFFFFF	#FFFFFF
1823	#EAE7F4	#FEFEFE
1824	#F6F5FA	#FFFFFF
1825	#F6ECEA	#FFFFFF
1826	#F9F0EF	#FFFFFF
1827	#F7ECEB	#FFFFFF
1828	#FBFAFD	#FFFFFF
1829	#B7AFD8	#FDFDFD
1830	#FBF5F5	#FFFFFF
1831	#F6F5FA	#FFFFFF
1832	#E5E1F1	#FEFEFE
1833	#DDD8EC	#FEFEFE
1834	#EDEAF5	#FEFEFE
1835	#FAF9FC	#FFFFFF
1836	#FAF9FC	#FFFFFF
1837	#E5E1F1	#FEFEFE
1838	#ECD5D2	#FEFEFE
1839	#E7E3F2	#FEFEFE
1840	#D3CEE7	#FDFDFD
1841	#EFEDF6	#FEFEFE
1842	#CCC5E3	#FDFDFD
1843	#D4A59F	#FCFCFC
1844	#D9D4EA	#FDFDFD
1845	#A89ECF	#FBFBFB
1846	#DDD9ED	#FEFEFE
1847	#CCC5E3	#FDFDFD
1848	#E9CECB	#FEFEFE
1849	#D8D2EA	#FDFDFD
1850	#948AC5	#F9F9F9
1851	#DDD8ED	#FEFEFE
1852	#DDD9ED	#FEFEFE
1853	#FBFAFD	#FFFFFF
1854	#FBF6F5	#FFFFFF
1855	#DDD8EC	#FEFEFE
1856	#D4CFE8	#FDFDFD
1857	#D4CFE8	#FDFDFD
1858	#FBFAFD	#FFFFFF
1859	#B7AFD8	#FDFDFD
1860	#D5CFE8	#FEFEFE
1861	#EBD4D0	#FEFEFE
1862	#FAF9FC	#FFFFFF
1863	#EFECF6	#FFFFFF
1864	#F6F5FA	#FFFFFF
1865	#DDD8EC	#FEFEFE
1866	#DED9ED	#FDFDFD
1867	#F6F4FA	#FFFFFF
1868	#C7C0E1	#FCFCFC
1869	#F9F8FC	#FFFFFF
1870	#F2F0F8	#FEFEFE
1871	#FBF5F5	#FFFFFF
1872	#EEECF6	#FEFEFE
1873	#DCD7EC	#FEFEFE
1874	#E9E6F3	#FEFEFE
1875	#D7D2EA	#FDFDFD
1876	#F5F4FA	#FFFFFF
1877	#F9F8FC	#FFFFFF
1878	#EFECF6	#FEFEFE
1879	#958AC5	#F9F9F9
1880	#FAF9FC	#FFFFFF
1881	#F6F4FA	#FFFFFF
1882	#D7D2E9	#FDFDFD
1883	#B7AFD8	#FBFBFB
1884	#F6F5FA	#FFFFFF
1885	#9A90C8	#FAFAFA
1886	#DCD7EC	#FEFEFE
1887	#ECD6D3	#FEFEFE
1888	#EFECF6	#FEFEFE
1889	#FEFDFC	#FFFFFF
1890	#F9F8FC	#FFFFFF
1891	#D8D2EA	#FDFDFD
1892	#CBC4E3	#FCFCFC
1893	#DFDAED	#FEFEFE
1894	#D4CEE7	#FDFDFD
1895	#E4E0F0	#FEFEFE
1896	#B7AFD8	#FDFDFD
1897	#B7AFD8	#FDFDFD
1898	#B2A9D5	#FAFAFA
1899	#E5E1F1	#FEFEFE
1900	#DDD8EC	#FEFEFE
1901	#F1E0DE	#FEFEFE
1902	#FAF9FC	#FFFFFF
1903	#E5E2F1	#FEFEFE
1904	#A197CC	#FBFBFB
1905	#D5CFE8	#FDFDFD
1906	#F9F8FC	#FFFFFF
1907	#958BC5	#F9F9F9
1908	#C3BBDE	#FDFDFD
1909	#FBF6F5	#FFFFFF
1910	#FAFAFC	#FFFFFF
1911	#DDD8ED	#FEFEFE
1912	#D3CDE7	#FDFDFD
1913	#FEFDFD	#FFFFFF
1914	#DDD8ED	#FEFEFE
1915	#CDC7E4	#FCFCFC
1916	#D7D1E9	#FDFDFD
1917	#CDC6E4	#FCFCFC
1918	#EBE8F4	#FEFEFE
1919	#E4E1F1	#FEFEFE
1920	#E8E5F3	#FEFEFE
1921	#F7ECEB	#FFFFFF
1922	#C6BFE0	#FBFBFB
1923	#FBFAFD	#FFFFFF
1924	#FCFCFE	#FFFFFF
1925	#D3CEE7	#FDFDFD
1926	#EEECF6	#FFFFFF
1927	#C5BDDF	#FCFCFC
1928	#FBFBFD	#FFFFFF
1929	#CCC5E3	#FDFDFD
1930	#E3DFF0	#FEFEFE
1931	#F6F5FA	#FFFFFF
1932	#E4E1F0	#FEFEFE
1933	#F8EFED	#FFFFFF
1934	#D3CDE7	#FDFDFD
1935	#F8EEED	#FFFFFF
1936	#DEDAED	#FEFEFE
1937	#D5CFE8	#FEFEFE
1938	#F2F0F8	#FFFFFF
1939	#E9E6F3	#FEFEFE
1940	#F9F8FC	#FFFFFF
1941	#D3CEE7	#FDFDFD
1942	#F7ECEB	#FFFFFF
1943	#C8C1E1	#FCFCFC
1944	#CCC5E3	#FDFDFD
1945	#A197CC	#FBFBFB
1946	#B7AED8	#FAFAFA
1947	#9B91C8	#FAFAFA
1948	#DDD8EC	#FEFEFE
1949	#D1CBE6	#FCFCFC
1950	#F6F5FA	#FFFFFF
1951	#C4BDDF	#FCFCFC
1952	#E4E1F1	#FEFEFE
1953	#FAF9FC	#FFFFFF
1954	#B7AFD8	#FDFDFD
1955	#E4E1F1	#FEFEFE
1956	#DEDAED	#FEFEFE
1957	#F8EEED	#FFFFFF
1958	#CCC5E3	#FDFDFD
1959	#DCD8EC	#FEFEFE
1960	#FAF9FC	#FFFFFF
1961	#F1E0DE	#FEFEFE
1962	#F7EDEB	#FFFFFF
1963	#B8AFD8	#FDFDFD
1964	#FBFAFD	#FFFFFF
1965	#A79ECF	#FBFBFB
1966	#D8D2EA	#FDFDFD
1967	#F9F9FC	#FFFFFF
1968	#E9E6F3	#FEFEFE
1969	#D5CFE8	#FDFDFD
1970	#AFA6D3	#FCFCFC
1971	#D4CEE7	#FDFDFD
1972	#FFFFFE	#FFFFFF
1973	#A79DCF	#FBFBFB
1974	#D3CDE7	#FCFCFC
1975	#B8AFD8	#FDFDFD
1976	#F9F0EF	#FFFFFF
1977	#DEDAED	#FEFEFE
1978	#D3CDE7	#FDFDFD
1979	#DDD9ED	#FDFDFD
1980	#D3CDE7	#FDFDFD
1981	#FBFAFD	#FFFFFF
1982	#E5E1F1	#FEFEFE
1983	#EFEDF6	#FEFEFE
1984	#D4CEE7	#FDFDFD
1985	#E9E6F3	#FEFEFE
1986	#DDD8EC	#FEFEFE
1987	#FBFBFD	#FFFFFF
1988	#CF9D97	#FCFCFC
1989	#F7EDEB	#FFFFFF
1990	#DCD8EC	#FEFEFE
1991	#EFEDF6	#FEFEFE
1992	#DED9ED	#FEFEFE
1993	#CEC8E4	#FDFDFD
1994	#D8D3EA	#FDFDFD
1995	#EFEDF6	#FEFEFE
1996	#DDD8ED	#FEFEFE
1997	#FEFDFC	#FFFFFF
1998	#CDC6E4	#FCFCFC
1999	#D4CFE8	#FDFDFD
2000	#F7ECEB	#FFFFFF
2001	#EEECF6	#FFFFFF
2002	#E5E1F1	#FEFEFE
2003	#CBC4E2	#FCFCFC
2004	#AFA6D3	#FCFCFC
2005	#B7AFD8	#FDFDFD
2006	#FBFAFD	#FFFFFF
2007	#F6F5FA	#FFFFFF
2008	#8379BC	#F6F6F6
2009	#BEB6DB	#FCFCFC
2010	#8C81C0	#F8F8F8
2011	#AFA5D3	#FCFCFC
2012	#DDD9ED	#FDFDFD
2013	#D4CFE8	#FDFDFD
2014	#D3CEE7	#FDFDFD
2015	#A79DCF	#FBFBFB
2016	#E6E2F1	#FEFEFE
2017	#F2E1DE	#FEFEFE
2018	#DED9ED	#FEFEFE
2019	#F9F8FC	#FFFFFF
2020	#C7C0E1	#FCFCFC
2021	#EBE8F4	#FEFEFE
2022	#F9F8FC	#FFFFFF
2023	#F6F4FA	#FFFFFF
2024	#E4E0F0	#FEFEFE
2025	#E5E1F1	#FEFEFE
2026	#F6F4FA	#FFFFFF
2027	#E8E4F2	#FEFEFE
2028	#A79ECF	#FBFBFB
2029	#E4E1F1	#FEFEFE
2030	#D7D2EA	#FDFDFD
2031	#EAE7F3	#FEFEFE
2032	#F7ECEB	#FFFFFF
2033	#FAF9FC	#FFFFFF
2034	#E7E3F2	#FEFEFE
2035	#FAF9FC	#FFFFFF
2036	#EFEDF6	#FEFEFE
2037	#FBF6F5	#FFFFFF
2038	#FCFBFD	#FFFFFF
2039	#EEECF6	#FFFFFF
2040	#DBD7EC	#FEFEFE
2041	#C6BFE0	#FBFBFB
2042	#D4A5A0	#FCFCFC
2043	#F1E0DD	#FEFEFE
2044	#AEA5D3	#FCFCFC
2045	#A096CB	#FBFBFB
2046	#E4E1F1	#FEFEFE
2047	#E4E1F1	#FEFEFE
2048	#B7AFD8	#FBFBFB
2049	#DDD8EC	#FDFDFD
2050	#E5E1F1	#FEFEFE
2051	#D4CEE7	#FDFDFD
2052	#F8EEED	#FFFFFF
2053	#D4CEE8	#FDFDFD
2054	#C7C0E1	#FCFCFC
2055	#D4CEE7	#FDFDFD
2056	#DED9ED	#FDFDFD
2057	#F8EFED	#FFFFFF
2058	#BCB4DB	#FAFAFA
2059	#B2A9D5	#FAFAFA
2060	#DDD8EC	#FEFEFE
2061	#D5CFE8	#FEFEFE
2062	#DDD8EC	#FEFEFE
2063	#B7AFD8	#FDFDFD
2064	#E5E1F1	#FEFEFE
2065	#AFA6D3	#FCFCFC
2066	#DDD8EC	#FEFEFE
2067	#E5E1F1	#FEFEFE
2068	#F7EDEC	#FEFEFE
2069	#E9E5F3	#FEFEFE
2070	#AEA5D3	#FCFCFC
2071	#FFFEFE	#FFFFFF
2072	#ECEAF5	#FEFEFE
2073	#D4CFE8	#FDFDFD
2074	#C3BBDE	#FBFBFB
2075	#D8D3EA	#FDFDFD
2076	#FEFDFC	#FFFFFF
2077	#FBF6F5	#FFFFFF
2078	#C1B9DD	#FBFBFB
2079	#EFEDF7	#FFFFFF
2080	#D0CAE6	#FCFCFC
2081	#EFECF6	#FFFFFF
2082	#FBFBFD	#FFFFFF
2083	#F2F0F8	#FFFFFF
2084	#D2CCE6	#FCFCFC
2085	#EED9D6	#FEFEFE
2086	#F7ECEB	#FFFFFF
2087	#FDFCFE	#FFFFFF
2088	#EEDAD7	#FEFEFE
2089	#D1CBE6	#FCFCFC
2090	#FBF5F5	#FFFFFF
2091	#E6E2F1	#FEFEFE
2092	#DDD9ED	#FEFEFE
2093	#E4E1F1	#FEFEFE
2094	#A79ECF	#FBFBFB
2095	#DED9ED	#FDFDFD
2096	#AFA5D3	#FCFCFC
2097	#F7F5FA	#FFFFFF
2098	#DCD7EC	#FEFEFE
2099	#DDD9ED	#FEFEFE
2100	#DDD8EC	#FEFEFE
2101	#C4BCDF	#FCFCFC
2102	#DCD7EC	#FEFEFE
2103	#CBC4E3	#FDFDFD
2104	#E5E1F1	#FEFEFE
2105	#E5E1F1	#FEFEFE
2106	#FFFEFE	#FFFFFF
2107	#A79ECF	#FBFBFB
2108	#B2A9D5	#FAFAFA
2109	#FAF9FC	#FFFFFF
2110	#E5E2F1	#FEFEFE
2111	#D1CBE6	#FCFCFC
2112	#DDD8EC	#FEFEFE
2113	#EEECF6	#FFFFFF
2114	#DCD7EC	#FEFEFE
2115	#CCC5E3	#FDFDFD
2116	#E8E5F3	#FEFEFE
2117	#E6E2F1	#FEFEFE
2118	#C6BFE0	#FBFBFB
2119	#D3CDE7	#FCFCFC
2120	#F2F0F8	#FFFFFF
2121	#EFDCDA	#FEFEFE
2122	#EFEDF7	#FFFFFF
2123	#E8E5F3	#FEFEFE
2124	#ECD5D2	#FEFEFE
2125	#E6E2F1	#FEFEFE
2126	#E8E5F3	#FEFEFE
2127	#EFEDF6	#FEFEFE
2128	#DBD7EC	#FEFEFE
2129	#DDD9ED	#FEFEFE
2130	#FAF9FC	#FFFFFF
2131	#EEECF6	#FFFFFF
2132	#958AC5	#F9F9F9
2133	#F1E0DD	#FEFEFE
2134	#CDC6E4	#FCFCFC
2135	#E3DFF0	#FEFEFE
2136	#EEECF6	#FFFFFF
2137	#EBD4D0	#FEFEFE
2138	#E6E2F1	#FEFEFE
2139	#D8D3EA	#FDFDFD
2140	#958AC5	#F9F9F9
2141	#BEB6DC	#FCFCFC
2142	#F4E6E4	#FEFEFE
2143	#C4BDDF	#FCFCFC
2144	#CCC5E3	#FDFDFD
2145	#FDFAFA	#FFFFFF
2146	#EEECF6	#FFFFFF
2147	#DCD7EC	#FEFEFE
2148	#D4CEE8	#FDFDFD
2149	#CCC5E3	#FDFDFD
2150	#C4BDDF	#FCFCFC
2151	#9086C3	#F9F9F9
2152	#D4CEE8	#FDFDFD
2153	#E5E1F1	#FEFEFE
2154	#BEB6DB	#FCFCFC
2155	#EFECF6	#FEFEFE
2156	#F8EEED	#FFFFFF
2157	#DDD9ED	#FEFEFE
2158	#BEB6DB	#FCFCFC
2159	#EEECF6	#FFFFFF
2160	#FBFAFD	#FFFFFF
2161	#D6D1E9	#FDFDFD
2162	#EEECF6	#FFFFFF
2163	#DDD8ED	#FEFEFE
2164	#D4CEE8	#FDFDFD
2165	#A79ECF	#FBFBFB
2166	#FAF9FC	#FFFFFF
2167	#F6F5FA	#FFFFFF
2168	#ACA2D2	#F9F9F9
2169	#D2CCE6	#FCFCFC
2170	#F9F1F0	#FFFFFF
2171	#E3DFF0	#FEFEFE
2172	#F9F8FC	#FFFFFF
2173	#E7E4F2	#FEFEFE
2174	#DDD8EC	#FEFEFE
2175	#FAF9FC	#FFFFFF
2176	#AFA6D3	#FCFCFC
2177	#E6E3F2	#FEFEFE
2178	#EDEAF5	#FEFEFE
2179	#FBFBFD	#FFFFFF
2180	#D4CFE8	#FDFDFD
2181	#CCC5E3	#FDFDFD
2182	#ECE9F4	#FEFEFE
2183	#E3DFF0	#FEFEFE
2184	#FEFCFC	#FFFFFF
2185	#EFEDF6	#FEFEFE
2186	#CEC7E4	#FDFDFD
2187	#E1BEBA	#FEFEFE
2188	#EEECF6	#FEFEFE
2189	#F8EEED	#FFFFFF
2190	#E9E6F3	#FEFEFE
2191	#EFECF6	#FEFEFE
2192	#CBC5E3	#FDFDFD
2193	#DEDAED	#FEFEFE
2194	#D8D2EA	#FDFDFD
2195	#E4E0F0	#FEFEFE
2196	#F9F8FC	#FFFFFF
2197	#DDD8ED	#FEFEFE
2198	#DCD8EC	#FEFEFE
2199	#FEFDFD	#FFFFFF
2200	#DDD8EC	#FEFEFE
2201	#A197CC	#FBFBFB
2202	#CBC5E3	#FDFDFD
2203	#BDB5DB	#FCFCFC
2204	#D4CEE8	#FEFEFE
2205	#EEECF6	#FFFFFF
2206	#D4CFE8	#FDFDFD
2207	#E2DEEF	#FDFDFD
2208	#CDC7E4	#FDFDFD
2209	#E5E1F1	#FEFEFE
2210	#AFA5D3	#FCFCFC
2211	#E1DDEF	#FDFDFD
2212	#E6E2F1	#FEFEFE
2213	#DDD8EC	#FEFEFE
2214	#DDD8EC	#FEFEFE
2215	#E7E3F2	#FEFEFE
2216	#DCD7EC	#FEFEFE
2217	#A79ECF	#FBFBFB
2218	#E1DDEF	#FDFDFD
2219	#EFECF6	#FEFEFE
2220	#E6E2F1	#FEFEFE
2221	#C4BCDF	#FCFCFC
2222	#EEECF6	#FEFEFE
2223	#EDEBF5	#FEFEFE
2224	#BEB6DC	#FAFAFA
2225	#EDEAF5	#FEFEFE
2226	#F6F5FA	#FFFFFF
2227	#FDFCFE	#FFFFFF
2228	#F9F8FC	#FFFFFF
2229	#EFEDF6	#FEFEFE
2230	#ECEAF5	#FEFEFE
2231	#FBF7F6	#FFFFFF
2232	#FBF6F5	#FFFFFF
2233	#ECE9F5	#FEFEFE
2234	#EFECF6	#FFFFFF
2235	#D4CFE8	#FEFEFE
2236	#CF9D97	#FCFCFC
2237	#F9F9FC	#FFFFFF
2238	#E8E5F2	#FEFEFE
2239	#EEECF6	#FFFFFF
2240	#DCD7EC	#FEFEFE
2241	#D4CEE7	#FDFDFD
2242	#B8AFD8	#FBFBFB
2243	#EEECF6	#FFFFFF
2244	#F1E0DE	#FEFEFE
2245	#FEFDFD	#FFFFFF
2246	#F7F5FA	#FFFFFF
2247	#D3CEE7	#FCFCFC
2248	#C4BDDF	#FCFCFC
2249	#B7AED8	#FBFBFB
2250	#DED9ED	#FEFEFE
2251	#EFEDF6	#FEFEFE
2252	#CCC5E3	#FDFDFD
2253	#B8AFD8	#FAFAFA
2254	#ECE9F5	#FEFEFE
2255	#DEDAED	#FEFEFE
2256	#E4E1F1	#FEFEFE
2257	#D5CFE8	#FDFDFD
2258	#D3CDE7	#FCFCFC
2259	#EEECF6	#FFFFFF
2260	#F9F9FC	#FFFFFF
2261	#CCC5E3	#FDFDFD
2262	#BDB5DB	#FCFCFC
2263	#ADA3D2	#FAFAFA
2264	#A89ECF	#F9F9F9
2265	#EFECF6	#FFFFFF
2266	#D4CEE7	#FDFDFD
2267	#FBFAFD	#FFFFFF
2268	#DCD7EC	#FEFEFE
2269	#B7AED8	#FBFBFB
2270	#D4CEE8	#FCFCFC
2271	#F6F5FA	#FFFFFF
2272	#C7C0E1	#FCFCFC
2273	#FEFDFC	#FFFFFF
2274	#C4BDDF	#FCFCFC
2275	#E6E3F2	#FEFEFE
2276	#E5E1F1	#FEFEFE
2277	#CCC5E3	#FDFDFD
2278	#E8E5F3	#FEFEFE
2279	#D4CFE8	#FDFDFD
2280	#D4CEE7	#FDFDFD
2281	#DCD7EC	#FEFEFE
2282	#DCD7EC	#FEFEFE
2283	#F1E0DE	#FEFEFE
2284	#DCD7EC	#FEFEFE
2285	#F9F9FC	#FFFFFF
2286	#EFEDF6	#FEFEFE
2287	#FBF6F5	#FFFFFF
2288	#FAF9FC	#FFFFFF
2289	#FAF9FC	#FFFFFF
2290	#FAFAFD	#FFFFFF
2291	#FBFAFD	#FFFFFF
2292	#EFEDF7	#FEFEFE
2293	#F7ECEB	#FFFFFF
2294	#FAF9FC	#FFFFFF
2295	#D3CDE7	#FCFCFC
2296	#CDC7E4	#FDFDFD
2297	#F3F1F8	#FFFFFF
2298	#F7EDEC	#FEFEFE
2299	#CEC7E4	#FCFCFC
2300	#D4CFE8	#FDFDFD
2301	#DEDAED	#FDFDFD
2302	#D0CAE6	#FCFCFC
2303	#FBF6F5	#FFFFFF
2304	#958AC5	#F9F9F9
2305	#C4BDDF	#FCFCFC
2306	#CBC5E3	#FDFDFD
2307	#EEECF6	#FEFEFE
2308	#F7EDEC	#FEFEFE
2309	#A89ECF	#F9F9F9
2310	#D3CEE7	#FDFDFD
2311	#FBF7F6	#FFFFFF
2312	#D7D2E9	#FDFDFD
2313	#E9E5F3	#FEFEFE
2314	#E4E0F0	#FEFEFE
2315	#C1B9DD	#FBFBFB
2316	#F4E6E4	#FEFEFE
2317	#FCFCFE	#FFFFFF
2318	#F2F0F8	#FFFFFF
2319	#CCC5E3	#FDFDFD
2320	#B7AFD8	#FDFDFD
2321	#FAF9FC	#FFFFFF
2322	#FBFAFD	#FFFFFF
2323	#E8E5F3	#FEFEFE
2324	#D8D3EA	#FDFDFD
2325	#FAF9FC	#FFFFFF
2326	#E8E5F3	#FEFEFE
2327	#EFECF6	#FFFFFF
2328	#C3BBDE	#FDFDFD
2329	#B7AFD8	#FBFBFB
2330	#E9E5F3	#FEFEFE
2331	#FAF9FC	#FFFFFF
2332	#E8E5F3	#FEFEFE
2333	#FEFDFD	#FFFFFF
2334	#FAF9FC	#FFFFFF
2335	#D5CFE8	#FEFEFE
2336	#EBD4D0	#FEFEFE
2337	#ADA4D2	#FAFAFA
2338	#D3CEE7	#FDFDFD
2339	#D4CFE8	#FDFDFD
2340	#F1E0DE	#FEFEFE
2341	#F6F5FA	#FFFFFF
2342	#F9F1F0	#FFFFFF
2343	#FDFBFB	#FFFFFF
2344	#FEFDFD	#FFFFFF
2345	#E4E0F0	#FEFEFE
2346	#E7E4F2	#FEFEFE
2347	#BBB3DA	#F9F9F9
2348	#F9F1F0	#FFFFFF
2349	#EFECF6	#FEFEFE
2350	#F9F8FC	#FFFFFF
2351	#EFEDF6	#FEFEFE
2352	#D1CBE6	#FCFCFC
2353	#BAB2DA	#F9F9F9
2354	#FBFAFD	#FFFFFF
2355	#D4CEE8	#FDFDFD
2356	#CCC6E3	#FDFDFD
2357	#EEECF6	#FEFEFE
2358	#DED9ED	#FEFEFE
2359	#F6F5FA	#FFFFFF
2360	#D1CBE6	#FCFCFC
2361	#E4E1F1	#FEFEFE
2362	#F4E6E4	#FEFEFE
2363	#D2CCE6	#FCFCFC
2364	#D3CEE7	#FDFDFD
2365	#DDD8EC	#FEFEFE
2366	#F3E4E2	#FEFEFE
2367	#DED9ED	#FDFDFD
2368	#F2F0F8	#FFFFFF
2369	#DDD8EC	#FEFEFE
2370	#FBF6F5	#FFFFFF
2371	#D4CFE8	#FDFDFD
2372	#FEFDFD	#FFFFFF
2373	#BDB5DB	#FCFCFC
2374	#EAE7F4	#FEFEFE
2375	#F6F4FA	#FFFFFF
2376	#C4BDDF	#FCFCFC
2377	#B8AFD8	#FBFBFB
2378	#E8E5F2	#FEFEFE
2379	#E4E0F0	#FEFEFE
2380	#B2A9D5	#FAFAFA
2381	#EFECF6	#FEFEFE
2382	#E5E1F1	#FEFEFE
2383	#D8D2EA	#FDFDFD
2384	#B7AFD8	#FDFDFD
2385	#C1B9DD	#FBFBFB
2386	#F9F8FC	#FFFFFF
2387	#DDD8EC	#FEFEFE
2388	#EEECF6	#FFFFFF
2389	#FBFAFD	#FFFFFF
2390	#EEECF6	#FFFFFF
2391	#EBD3D0	#FEFEFE
2392	#C2BADE	#FBFBFB
2393	#FBFAFD	#FFFFFF
2394	#EFECF6	#FEFEFE
2395	#E6E3F2	#FEFEFE
2396	#958BC5	#F9F9F9
2397	#F2E1DF	#FEFEFE
2398	#FFFEFE	#FFFFFF
2399	#C1BADE	#FBFBFB
2400	#D4CFE8	#FDFDFD
2401	#FBFAFD	#FFFFFF
2402	#FAF9FC	#FFFFFF
2403	#B7AFD8	#FDFDFD
2404	#EFECF6	#FFFFFF
2405	#BCB4DB	#FAFAFA
2406	#B8AFD8	#FBFBFB
2407	#E1BEB9	#FEFEFE
2408	#EFECF6	#FFFFFF
2409	#E5E1F1	#FEFEFE
2410	#EFECF6	#FFFFFF
2411	#DCD7EC	#FEFEFE
2412	#FBFAFD	#FFFFFF
2413	#FBF6F6	#FFFFFF
2414	#FAFAFC	#FFFFFF
2415	#B7AFD8	#FDFDFD
2416	#DCD7EC	#FEFEFE
2417	#F1E0DE	#FEFEFE
2418	#B2A9D5	#F9F9F9
2419	#FBFAFD	#FFFFFF
2420	#F7ECEA	#FEFEFE
2421	#CDC7E4	#FDFDFD
2422	#EDEAF5	#FEFEFE
2423	#E5E2F1	#FEFEFE
2424	#A79DCF	#FBFBFB
2425	#DDD9ED	#FDFDFD
2426	#B7AFD8	#FBFBFB
2427	#D0CAE5	#FBFBFB
2428	#DCD8EC	#FEFEFE
2429	#FEFCFC	#FFFFFF
2430	#E3DFF0	#FEFEFE
2431	#E7E4F2	#FEFEFE
2432	#E6E2F1	#FEFEFE
2433	#EAE7F4	#FEFEFE
2434	#AEA5D3	#FCFCFC
2435	#F9F8FC	#FFFFFF
2436	#FBFAFD	#FFFFFF
2437	#F6F4FA	#FFFFFF
2438	#E3E0F0	#FEFEFE
2439	#FDFAFA	#FFFFFF
2440	#DDD8EC	#FEFEFE
2441	#FBFBFD	#FFFFFF
2442	#F6F5FA	#FFFFFF
2443	#FEFDFD	#FFFFFF
2444	#E8E5F3	#FEFEFE
2445	#D5CFE8	#FDFDFD
2446	#FAF9FC	#FFFFFF
2447	#FBF6F5	#FFFFFF
2448	#E6E3F1	#FEFEFE
2449	#EFECF6	#FFFFFF
2450	#F6F4FA	#FFFFFF
2451	#E4E1F1	#FEFEFE
2452	#DDD8EC	#FEFEFE
2453	#A89ED0	#F9F9F9
2454	#E9E6F3	#FEFEFE
2455	#D1CBE6	#FCFCFC
2456	#BEB6DB	#FCFCFC
2457	#DDD8ED	#FEFEFE
2458	#BDB4DB	#FCFCFC
2459	#BCB4DB	#FAFAFA
2460	#CBC4E3	#FCFCFC
2461	#FAFAFD	#FFFFFF
2462	#DED9ED	#FDFDFD
2463	#E8E5F3	#FEFEFE
2464	#EFECF6	#FEFEFE
2465	#EFEDF6	#FEFEFE
2466	#D4CEE8	#FDFDFD
2467	#C2BADE	#FBFBFB
2468	#F9F1F0	#FFFFFF
2469	#EEECF6	#FEFEFE
2470	#F2F0F8	#FFFFFF
2471	#DBD7EC	#FEFEFE
2472	#E8E4F2	#FEFEFE
2473	#EEECF6	#FFFFFF
2474	#E8E5F3	#FEFEFE
2475	#F6F4FA	#FFFFFF
2476	#DDD9ED	#FEFEFE
2477	#F4E6E4	#FEFEFE
2478	#EDEAF5	#FEFEFE
2479	#E4E0F0	#FEFEFE
2480	#FBFAFD	#FFFFFF
2481	#FBF6F6	#FFFFFF
2482	#D8D3EA	#FDFDFD
2483	#E3E0F0	#FEFEFE
2484	#E6E2F1	#FEFEFE
2485	#F6F4FA	#FFFFFF
2486	#EFEDF6	#FEFEFE
2487	#DFDAEE	#FEFEFE
2488	#F9F9FC	#FFFFFF
2489	#FBF6F5	#FFFFFF
2490	#F9F1F0	#FFFFFF
2491	#A197CC	#FBFBFB
2492	#DDD8ED	#FEFEFE
2493	#EBD4D0	#FEFEFE
2494	#FBFAFD	#FFFFFF
2495	#D4CEE8	#FDFDFD
2496	#DEDAED	#FDFDFD
2497	#DDD8EC	#FEFEFE
2498	#AFA5D3	#FCFCFC
2499	#D3CDE7	#FBFBFB
2500	#DDD8EC	#FEFEFE
2501	#EDEBF5	#FEFEFE
2502	#FAF9FC	#FFFFFF
2503	#DDD9ED	#FEFEFE
2504	#DBD7EC	#FEFEFE
2505	#D4CEE8	#FEFEFE
2506	#F3E5E3	#FEFEFE
2507	#CCC5E3	#FDFDFD
2508	#B7AFD8	#FDFDFD
2509	#EFECF6	#FFFFFF
2510	#CDC6E4	#FCFCFC
2511	#E9E5F3	#FEFEFE
2512	#FEFEFE	#FFFFFF
2513	#EFEDF6	#FEFEFE
2514	#FBFAFD	#FFFFFF
2515	#A79DCF	#FBFBFB
2516	#FBFAFD	#FFFFFF
2517	#FBFAFD	#FFFFFF
2518	#E6E3F2	#FEFEFE
2519	#F6F5FA	#FFFFFF
2520	#FBF6F6	#FFFFFF
2521	#E8E4F2	#FEFEFE
2522	#D8D3EA	#FDFDFD
2523	#FFFEFE	#FFFFFF
2524	#F9F8FC	#FFFFFF
2525	#DDD9ED	#FDFDFD
2526	#D4A5A0	#FCFCFC
2527	#F2F0F8	#FEFEFE
2528	#D1CBE6	#FCFCFC
2529	#EEECF6	#FFFFFF
2530	#CEC7E4	#FDFDFD
2531	#EDEBF5	#FEFEFE
2532	#FBFBFD	#FFFFFF
2533	#EFEDF6	#FEFEFE
2534	#C7C0E1	#FCFCFC
2535	#DEDAED	#FDFDFD
2536	#FBF6F5	#FFFFFF
2537	#FEFDFC	#FFFFFF
2538	#F2F0F8	#FFFFFF
2539	#8B80C0	#F8F8F8
2540	#EFEDF6	#FEFEFE
2541	#E4E1F1	#FEFEFE
2542	#FBF6F5	#FFFFFF
2543	#FBFAFD	#FFFFFF
2544	#EBD4D0	#FEFEFE
2545	#F7F6FB	#FFFFFF
2546	#ECE9F5	#FEFEFE
2547	#E5E1F1	#FEFEFE
2548	#A89FD0	#F9F9F9
2549	#E6E3F2	#FEFEFE
2550	#C2BBDE	#FBFBFB
2551	#CDC6E4	#FCFCFC
2552	#DCD7EC	#FEFEFE
2553	#DBD6EC	#FEFEFE
2554	#A79DCF	#FBFBFB
2555	#9A90C8	#FAFAFA
2556	#BEB6DB	#FAFAFA
2557	#F5F4FA	#FFFFFF
2558	#E5E1F1	#FEFEFE
2559	#8B80C0	#F8F8F8
2560	#CBC4E3	#FCFCFC
2561	#DCD7EC	#FEFEFE
2562	#AEA5D3	#FCFCFC
2563	#EAE7F3	#FEFEFE
2564	#DED9ED	#FEFEFE
2565	#EBD4D0	#FEFEFE
2566	#E5E2F1	#FEFEFE
2567	#D8D3EA	#FDFDFD
2568	#B2A9D5	#F7F7F7
2569	#B7AFD8	#FDFDFD
2570	#ECEAF5	#FEFEFE
2571	#D1CBE6	#FCFCFC
2572	#CAC3E2	#FBFBFB
2574	#EFECF6	#FEFEFE
2575	#F2F0F8	#FFFFFF
2576	#CDC6E4	#FCFCFC
2577	#FBF6F5	#FFFFFF
2578	#FBFAFD	#FFFFFF
2579	#BEB6DC	#FCFCFC
2580	#958AC5	#F9F9F9
2581	#DED9ED	#FEFEFE
2582	#D9D4EB	#FCFCFC
2583	#FBF6F5	#FFFFFF
2584	#E8E5F3	#FEFEFE
2585	#CBC4E3	#FCFCFC
2586	#E5E1F1	#FEFEFE
2587	#FBFAFD	#FFFFFF
2588	#FBFAFD	#FFFFFF
2589	#E8E5F3	#FEFEFE
2590	#E3DFF0	#FEFEFE
2591	#D2CCE6	#FCFCFC
2592	#FEFDFD	#FFFFFF
2593	#EFEDF6	#FEFEFE
2594	#C3BBDE	#FDFDFD
2595	#AFA6D3	#FCFCFC
2596	#FCFBFD	#FFFFFF
2597	#FBF6F6	#FFFFFF
2598	#ACA2D2	#F9F9F9
2599	#E6E2F1	#FEFEFE
2600	#FBFAFD	#FFFFFF
2601	#DCD7EC	#FEFEFE
2602	#D3CEE7	#FDFDFD
2603	#C3BBDE	#FDFDFD
2604	#F9F8FC	#FFFFFF
2605	#C3BBDE	#FDFDFD
2606	#F6F5FA	#FFFFFF
2607	#B2AAD5	#FAFAFA
2608	#EAE8F4	#FEFEFE
2609	#CCC6E3	#FCFCFC
2610	#B8B0D8	#FBFBFB
2611	#A197CC	#FBFBFB
2612	#DFDAED	#FDFDFD
2613	#A197CC	#FBFBFB
2614	#E6E3F1	#FEFEFE
2615	#E4E1F1	#FEFEFE
2616	#CCC5E3	#FDFDFD
2617	#CDC7E4	#FCFCFC
2618	#D0CAE5	#FCFCFC
2619	#D4CEE7	#FDFDFD
2620	#DED9ED	#FEFEFE
2621	#D4CEE8	#FDFDFD
2622	#DDD9ED	#FEFEFE
2623	#DDD9ED	#FDFDFD
2624	#AEA5D3	#FCFCFC
2625	#D5CFE8	#FEFEFE
2626	#C1BADE	#FBFBFB
2627	#FBFAFD	#FFFFFF
2628	#CEC7E4	#FCFCFC
2629	#F6F5FA	#FFFFFF
2630	#F9F8FC	#FFFFFF
2631	#FBFAFD	#FFFFFF
2632	#DDD8EC	#FEFEFE
2633	#DED9ED	#FDFDFD
2634	#FBFAFD	#FFFFFF
2635	#EFECF6	#FEFEFE
2636	#D4CEE8	#FDFDFD
2637	#DDD9ED	#FEFEFE
2638	#E5E2F1	#FEFEFE
2639	#E4E1F1	#FEFEFE
2640	#E4E0F0	#FEFEFE
2641	#CBC4E3	#FDFDFD
2642	#FBF6F6	#FFFFFF
2643	#FEFDFD	#FFFFFF
2644	#EBD4D0	#FEFEFE
2645	#FBFAFD	#FFFFFF
2646	#FAF9FC	#FFFFFF
2647	#C4BDDF	#FCFCFC
2648	#BDB5DB	#FCFCFC
2649	#958AC5	#F9F9F9
2650	#E9E5F3	#FEFEFE
2651	#B3AAD6	#F9F9F9
2652	#B7AFD8	#FDFDFD
2653	#F9F8FC	#FFFFFF
2654	#FBFAFD	#FFFFFF
2655	#E5E1F1	#FEFEFE
2656	#E9E6F3	#FEFEFE
2657	#8B81C0	#F8F8F8
2658	#C4BDDF	#FCFCFC
2659	#FAF9FC	#FFFFFF
2660	#D4CEE8	#FDFDFD
2661	#DDD8EC	#FEFEFE
2662	#C7BFE0	#FBFBFB
2663	#D8D3EA	#FDFDFD
2664	#DED9ED	#FDFDFD
2665	#D7D2E9	#FDFDFD
2666	#A197CC	#FBFBFB
2667	#B7AFD8	#FDFDFD
2668	#C2BADE	#FBFBFB
2669	#DFDBEE	#FEFEFE
2670	#FBF6F5	#FFFFFF
2671	#D8D2EA	#FDFDFD
2672	#F6F4FA	#FFFFFF
2673	#ECE9F5	#FEFEFE
2674	#ECD4D1	#FDFDFD
2675	#D4CEE8	#FDFDFD
2676	#E5E1F1	#FEFEFE
2677	#BEB6DB	#FCFCFC
2678	#EBD3D0	#FEFEFE
2679	#ECE9F5	#FEFEFE
2680	#FEFDFC	#FFFFFF
2681	#FBFAFD	#FFFFFF
2682	#E8E5F3	#FEFEFE
2683	#F2F0F8	#FFFFFF
2684	#C7C0E0	#FCFCFC
2685	#DEDAED	#FEFEFE
2686	#FCF7F6	#FFFFFF
2687	#E9E5F3	#FEFEFE
2688	#F6EAE8	#FEFEFE
2689	#D4CFE8	#FDFDFD
2690	#B8AFD8	#FBFBFB
2691	#EFEDF6	#FEFEFE
2692	#E8CDCA	#FEFEFE
2693	#EDEBF5	#FEFEFE
2694	#FBFBFD	#FFFFFF
2695	#DCD7EC	#FEFEFE
2696	#FAF9FC	#FFFFFF
2697	#C4BDDF	#FCFCFC
2698	#F7ECEB	#FFFFFF
2699	#A096CB	#FBFBFB
2700	#BDB6DB	#FCFCFC
2701	#D3CDE7	#FCFCFC
2702	#FAFAFC	#FFFFFF
2703	#B7AFD8	#FDFDFD
2704	#DCD7EC	#FEFEFE
2705	#FBFAFD	#FFFFFF
2706	#FBF6F6	#FFFFFF
2707	#E9E5F3	#FEFEFE
2708	#C7C0E0	#FBFBFB
2709	#FBF6F6	#FFFFFF
2710	#AFA5D3	#FCFCFC
2711	#EFEDF6	#FEFEFE
2712	#DEDAED	#FDFDFD
2713	#F2F0F8	#FFFFFF
2714	#DCD7EC	#FEFEFE
2715	#FAF9FC	#FFFFFF
2716	#E5E2F1	#FEFEFE
2717	#CDC6E4	#FCFCFC
2718	#D4CEE8	#FDFDFD
2719	#E6E2F1	#FEFEFE
2720	#D4CEE7	#FDFDFD
2721	#B7AFD8	#FBFBFB
2722	#DDD9ED	#FEFEFE
2723	#DEDAED	#FDFDFD
2724	#F2F0F8	#FFFFFF
2725	#D3CDE7	#FDFDFD
2726	#EFECF6	#FEFEFE
2727	#F1E0DE	#FEFEFE
2728	#FBF6F5	#FFFFFF
2729	#FBF6F5	#FFFFFF
2730	#C1BADD	#FBFBFB
2731	#DDD8EC	#FEFEFE
2732	#EFEDF7	#FEFEFE
2733	#F1E0DE	#FEFEFE
2734	#D8D3EA	#FCFCFC
2735	#A89ED0	#F9F9F9
2736	#9B91C8	#FAFAFA
2737	#D4CFE8	#FDFDFD
2738	#F4F2F9	#FEFEFE
2739	#DDD8EC	#FEFEFE
2740	#DCD7EC	#FEFEFE
2741	#D4CEE8	#FDFDFD
2742	#D3CDE7	#FDFDFD
2743	#FBFAFD	#FFFFFF
2744	#EEECF6	#FFFFFF
2745	#DCD7EC	#FEFEFE
2746	#FBFAFD	#FFFFFF
2747	#C4BDDF	#FCFCFC
2748	#F6F5FA	#FFFFFF
2749	#F9F8FC	#FFFFFF
2750	#B7AED8	#FBFBFB
2751	#A197CC	#FBFBFB
2752	#B1A8D5	#FAFAFA
2753	#E9E5F3	#FEFEFE
2754	#E8E5F3	#FEFEFE
2755	#EFECF6	#FEFEFE
2756	#DCD7EC	#FEFEFE
2757	#8B81C0	#F8F8F8
2758	#A79DCF	#FBFBFB
2759	#D7D2EA	#FDFDFD
2760	#D4CEE7	#FDFDFD
2761	#FBF6F6	#FFFFFF
2762	#B7AFD8	#FDFDFD
2763	#D1CAE6	#FCFCFC
2764	#8277BB	#F6F6F6
2765	#C4BDDF	#FCFCFC
2766	#E3C3BF	#FDFDFD
2767	#E3DFF0	#FEFEFE
2768	#F9F9FC	#FFFFFF
2769	#EEEBF6	#FFFFFF
2770	#AFA6D3	#FCFCFC
2771	#A197CC	#FBFBFB
2772	#E4E0F0	#FEFEFE
2773	#F6EAE9	#FEFEFE
2774	#E6C8C4	#FDFDFD
2775	#DAD5EB	#FCFCFC
2776	#CDC7E4	#FCFCFC
2777	#F6F5FA	#FFFFFF
2778	#FDFBFB	#FFFFFF
2779	#EFEDF6	#FEFEFE
2780	#EEECF6	#FFFFFF
2781	#DDD8EC	#FEFEFE
2782	#F2F1F8	#FFFFFF
2783	#C4BCDF	#FCFCFC
2784	#F6F5FA	#FFFFFF
2785	#FAFAFC	#FFFFFF
2786	#ECEAF5	#FEFEFE
2787	#A399CD	#F8F8F8
2788	#E5E1F1	#FEFEFE
2789	#DED9ED	#FEFEFE
2790	#D4CFE8	#FDFDFD
2791	#D1CAE6	#FCFCFC
2792	#FBFBFD	#FFFFFF
2793	#E5E1F1	#FEFEFE
2794	#EEECF6	#FFFFFF
2795	#D4CFE8	#FCFCFC
2796	#C3BBDE	#FDFDFD
2797	#E8E5F3	#FEFEFE
2798	#EDEAF5	#FEFEFE
2799	#AFA6D3	#FCFCFC
2800	#E5E1F1	#FEFEFE
2801	#D4CEE8	#FDFDFD
2802	#ECEAF5	#FEFEFE
2803	#FEFDFC	#FFFFFF
2804	#E4E0F0	#FEFEFE
2805	#D4CEE8	#FDFDFD
2806	#EAE7F4	#FEFEFE
2807	#CBC4E3	#FDFDFD
2808	#DCD7EC	#FEFEFE
2809	#B7AFD8	#FDFDFD
2810	#9B91C9	#FAFAFA
2811	#D4CEE8	#FEFEFE
2812	#CCC5E3	#FDFDFD
2813	#DCD7EC	#FEFEFE
2814	#EDEBF5	#FEFEFE
2815	#FBF6F6	#FFFFFF
2816	#A79ECF	#FBFBFB
2817	#A79DCF	#FBFBFB
2818	#C3BBDE	#FDFDFD
2819	#E4E1F1	#FEFEFE
2820	#CBC5E3	#FDFDFD
2821	#F7F6FB	#FFFFFF
2822	#EFEDF6	#FEFEFE
2823	#D4CFE8	#FDFDFD
2824	#F2F0F8	#FEFEFE
2825	#F9F8FC	#FFFFFF
2826	#FBF6F5	#FFFFFF
2827	#D7D2E9	#FDFDFD
2828	#F2F0F8	#FFFFFF
2829	#D3CEE7	#FDFDFD
2830	#FFFFFF	#FFFFFF
2831	#F7EDEC	#FFFFFF
2832	#E2DEEF	#FDFDFD
2833	#F3F1F8	#FEFEFE
2834	#C5BDDF	#FCFCFC
2835	#F6F4FA	#FFFFFF
2836	#A79ECF	#F9F9F9
2837	#ECEAF5	#FEFEFE
2838	#DDD9ED	#FDFDFD
2839	#CCC5E3	#FDFDFD
2840	#E5E2F1	#FEFEFE
2841	#DBD7EC	#FEFEFE
2842	#C9928B	#FBFBFB
2843	#EFEDF6	#FEFEFE
2844	#F7EEEC	#FFFFFF
2845	#D7D2EA	#FDFDFD
2846	#E9E6F3	#FEFEFE
2847	#D4CFE8	#FEFEFE
2848	#EFECF6	#FFFFFF
2849	#DDD8EC	#FEFEFE
2850	#B7AFD8	#FDFDFD
2851	#E5E1F1	#FEFEFE
2852	#B8AFD8	#FDFDFD
2853	#BEB6DB	#FAFAFA
2854	#CBC5E3	#FDFDFD
2855	#D7D1E9	#FDFDFD
2856	#E8E5F3	#FEFEFE
2857	#FAFAFD	#FFFFFF
2858	#DDD8EC	#FEFEFE
2859	#EFEDF6	#FEFEFE
2860	#E9E5F3	#FEFEFE
2861	#AFA5D3	#FCFCFC
2862	#8F85C2	#F9F9F9
2863	#A79ECF	#FBFBFB
2864	#EFEDF6	#FEFEFE
2865	#FEFDFC	#FFFFFF
2866	#C4BDDF	#FCFCFC
2867	#EFEDF6	#FEFEFE
2868	#DDD9ED	#FEFEFE
2869	#F1E0DD	#FEFEFE
2870	#DDD8EC	#FEFEFE
2871	#C3BBDE	#FDFDFD
2872	#E2DEEF	#FDFDFD
2873	#FAF9FC	#FFFFFF
2874	#FAF9FC	#FFFFFF
2875	#F4E5E3	#FEFEFE
2876	#E4E1F1	#FEFEFE
2877	#D8D3EA	#FDFDFD
2878	#CEC8E5	#FCFCFC
2879	#CCC6E3	#FDFDFD
2880	#D5CFE8	#FEFEFE
2881	#F9F9FC	#FFFFFF
2882	#E6E3F2	#FEFEFE
2883	#E4E1F1	#FEFEFE
2884	#E5E1F1	#FEFEFE
2885	#DCD8EC	#FEFEFE
2886	#E5E1F1	#FEFEFE
2887	#FBF6F5	#FFFFFF
2888	#F9F9FC	#FFFFFF
2889	#E6C8C4	#FDFDFD
2890	#DED9ED	#FEFEFE
2891	#D7D1E9	#FDFDFD
2892	#F7EDEB	#FFFFFF
2893	#CBC5E3	#FDFDFD
2894	#D4CEE8	#FDFDFD
2895	#AFA6D3	#FCFCFC
2896	#A79DCF	#FBFBFB
2897	#D5CFE8	#FDFDFD
2898	#AEA5D3	#FCFCFC
2899	#FEFDFD	#FFFFFF
2900	#D4CFE8	#FEFEFE
2901	#AFA5D3	#FCFCFC
2902	#DBD7EC	#FEFEFE
2903	#DCD7EC	#FEFEFE
2904	#E9E6F3	#FEFEFE
2905	#E6E2F1	#FEFEFE
2906	#D1CBE6	#FCFCFC
2907	#FBF6F5	#FFFFFF
2908	#C5BDDF	#FCFCFC
2909	#E4E0F0	#FEFEFE
2910	#EBD4D0	#FEFEFE
2911	#E9CECB	#FEFEFE
2912	#E5E1F1	#FEFEFE
2913	#C5BDDF	#FCFCFC
2914	#FBF6F5	#FFFFFF
2915	#D4CEE8	#FDFDFD
2916	#AFA6D3	#FCFCFC
2917	#DCD7EC	#FEFEFE
2918	#E6E3F2	#FEFEFE
2919	#9B91C8	#FAFAFA
2920	#EFEDF6	#FEFEFE
2921	#F6F5FA	#FFFFFF
2922	#EDEBF5	#FEFEFE
2923	#DED9ED	#FEFEFE
2924	#E4E0F0	#FEFEFE
2925	#C5BDDF	#FCFCFC
2926	#F7ECEA	#FFFFFF
2927	#DCD7EC	#FEFEFE
2928	#FAF9FC	#FFFFFF
2929	#C1B9DD	#FBFBFB
2930	#EEECF6	#FEFEFE
2931	#CEC7E4	#FCFCFC
2932	#DDD8ED	#FEFEFE
2933	#D8D3EA	#FDFDFD
2934	#D5CFE8	#FDFDFD
2935	#EFEDF6	#FFFFFF
2936	#DED9ED	#FDFDFD
2937	#CCC5E3	#FDFDFD
2938	#DDD9ED	#FEFEFE
2939	#FBF6F5	#FFFFFF
2940	#A79ECF	#FBFBFB
2941	#D3CDE7	#FDFDFD
2942	#DEDAED	#FEFEFE
2943	#D4CFE8	#FDFDFD
2944	#DDD8EC	#FEFEFE
2945	#C3BBDE	#FBFBFB
2946	#E9CECA	#FEFEFE
2947	#A79DCF	#FBFBFB
2948	#EEECF6	#FFFFFF
2949	#EEECF6	#FFFFFF
2950	#CCC5E3	#FDFDFD
2951	#DDD8EC	#FEFEFE
2953	#FBF6F6	#FFFFFF
2954	#FBF6F5	#FFFFFF
2955	#EFECF6	#FEFEFE
2956	#B4ABD6	#F9F9F9
2957	#E6E3F1	#FEFEFE
2958	#E8E5F3	#FEFEFE
2959	#DCD7EC	#FEFEFE
2960	#B7AFD8	#FDFDFD
2961	#F7ECEB	#FFFFFF
2962	#A79DCF	#FBFBFB
2963	#B7AFD8	#FDFDFD
2964	#FAF9FC	#FFFFFF
2965	#F2F0F8	#FFFFFF
2966	#D5CFE8	#FDFDFD
2967	#FEFDFD	#FFFFFF
2968	#BBB3DA	#F9F9F9
2969	#F1E0DD	#FEFEFE
2970	#DDD8ED	#FEFEFE
2971	#FCF8F7	#FFFFFF
2972	#D8D3EA	#FDFDFD
2973	#CBC5E3	#FCFCFC
2974	#D7D2EA	#FDFDFD
2975	#F6F5FA	#FFFFFF
2976	#EFDCD9	#FEFEFE
2977	#F3F1F8	#FFFFFF
2978	#D2CDE7	#FCFCFC
2979	#E7E4F2	#FEFEFE
2980	#FBFAFD	#FFFFFF
2981	#ECD5D2	#FEFEFE
2982	#F2F0F8	#FFFFFF
2983	#D0CAE6	#FBFBFB
2984	#C4BDDF	#FCFCFC
2985	#E5E1F1	#FEFEFE
2986	#A096CB	#FBFBFB
2987	#A79ECF	#FBFBFB
2988	#CBC5E3	#FCFCFC
2989	#D8D2EA	#FDFDFD
2990	#DCD8EC	#FEFEFE
2991	#BEB6DB	#FCFCFC
2992	#E6E3F1	#FEFEFE
2993	#DDD8EC	#FEFEFE
2994	#DED9ED	#FDFDFD
2995	#C3BBDE	#FDFDFD
2996	#AFA6D3	#FCFCFC
2997	#E9CECA	#FEFEFE
2998	#C4BDDF	#FCFCFC
2999	#FAFAFD	#FFFFFF
3000	#FEFCFC	#FFFFFF
3001	#D3CDE7	#FDFDFD
3002	#D5CFE8	#FEFEFE
3004	#D3CEE7	#FDFDFD
3005	#DEDAED	#FEFEFE
3006	#AFA5D3	#FCFCFC
3007	#BEB6DB	#FCFCFC
3008	#C3BBDE	#FDFDFD
3009	#D4CEE8	#FDFDFD
3010	#EFEDF6	#FEFEFE
3011	#F1DFDD	#FEFEFE
3012	#CDC7E4	#FCFCFC
3013	#AFA5D3	#FCFCFC
3014	#D4CEE8	#FCFCFC
3015	#F9F1F0	#FFFFFF
3016	#EBD4D0	#FEFEFE
3017	#FAF9FC	#FFFFFF
3018	#A79DCF	#FBFBFB
3019	#EDEBF5	#FEFEFE
3020	#F2F0F8	#FEFEFE
3021	#F6F5FA	#FFFFFF
3022	#F9F9FC	#FFFFFF
3023	#CDC6E4	#FCFCFC
3024	#B2A9D5	#FAFAFA
3025	#FFFEFE	#FFFFFF
3026	#D4CEE8	#FDFDFD
3027	#EAE7F4	#FEFEFE
3028	#E5E1F1	#FEFEFE
3029	#958BC5	#F9F9F9
3030	#D4CFE8	#FDFDFD
3031	#F1E0DD	#FEFEFE
3032	#D4CFE8	#FDFDFD
3033	#DED9ED	#FDFDFD
3034	#CBC4E3	#FCFCFC
3035	#DCD8EC	#FEFEFE
3036	#C3BBDE	#FDFDFD
3037	#E9E5F3	#FEFEFE
3038	#E7E3F2	#FEFEFE
3039	#DFDAED	#FEFEFE
3040	#D4CEE8	#FEFEFE
3041	#A096CB	#FBFBFB
3042	#B8B0D8	#FBFBFB
3043	#C7C0E0	#FCFCFC
3044	#F8EEED	#FFFFFF
3045	#E5E2F1	#FEFEFE
3046	#BEB6DC	#FCFCFC
3047	#C3BBDE	#FDFDFD
3048	#D4CFE8	#FDFDFD
3049	#D4CEE7	#FDFDFD
3050	#C2BADE	#FAFAFA
3051	#FAF9FC	#FFFFFF
3052	#B7AFD8	#FDFDFD
3053	#F6F5FA	#FFFFFF
3054	#EBD4D0	#FEFEFE
3055	#EDEAF5	#FEFEFE
3056	#F2F0F8	#FFFFFF
3057	#E8E5F3	#FEFEFE
3058	#FBF6F6	#FFFFFF
3059	#CDC7E4	#FDFDFD
3060	#F8EFED	#FFFFFF
3061	#B7AED8	#FDFDFD
3062	#FBF7F6	#FFFFFF
3063	#CCC5E3	#FDFDFD
3064	#A89ECF	#FBFBFB
3065	#8B80C0	#F8F8F8
3066	#EEEBF6	#FEFEFE
3067	#A197CC	#FBFBFB
3068	#CBC5E3	#FDFDFD
3069	#9B90C8	#FAFAFA
3070	#DEDAED	#FEFEFE
3071	#EFECF6	#FFFFFF
3072	#AEA5D3	#FCFCFC
3073	#FBFAFD	#FFFFFF
3074	#D8D2EA	#FDFDFD
3075	#FAFAFC	#FFFFFF
3076	#C6BFE0	#FAFAFA
3077	#D4CFE8	#FCFCFC
3078	#EAE7F4	#FEFEFE
3079	#C8C0E1	#FCFCFC
3080	#CCC6E4	#FBFBFB
3081	#EEECF6	#FFFFFF
3082	#F9F9FC	#FFFFFF
3083	#F6F4FA	#FFFFFF
3084	#D4CEE8	#FDFDFD
3085	#BEB6DB	#FCFCFC
3086	#FBFAFD	#FFFFFF
3087	#FBFAFD	#FFFFFF
3088	#FAF9FC	#FFFFFF
3089	#EAE7F4	#FEFEFE
3090	#B2A9D5	#FAFAFA
3091	#E2DEEF	#FDFDFD
3092	#FAF9FC	#FFFFFF
3093	#EFECF6	#FFFFFF
3094	#FBFAFD	#FFFFFF
3095	#F8EEED	#FFFFFF
3096	#E7E3F2	#FEFEFE
3097	#E6E2F1	#FEFEFE
3098	#FBFAFD	#FFFFFF
3099	#DDD8EC	#FEFEFE
3100	#DCD8EC	#FDFDFD
3101	#F1DFDD	#FEFEFE
3102	#D6D1E9	#FDFDFD
3103	#F8EEED	#FFFFFF
3104	#E9E5F3	#FEFEFE
3105	#E7E3F2	#FEFEFE
3106	#D7D2E9	#FDFDFD
3107	#CEC8E4	#FDFDFD
3108	#A197CC	#FBFBFB
3109	#958BC5	#F9F9F9
3110	#BEB6DC	#FCFCFC
3111	#D4CFE8	#FEFEFE
3112	#DBD7EC	#FEFEFE
3113	#E4E1F1	#FEFEFE
3114	#A197CC	#FBFBFB
3115	#B8AFD8	#FDFDFD
3116	#E9E5F3	#FEFEFE
3117	#D2CCE6	#FCFCFC
3118	#D9D3EA	#FDFDFD
3119	#D4CEE7	#FDFDFD
3120	#FBF6F5	#FFFFFF
3121	#F9F1F0	#FFFFFF
3122	#FBFAFD	#FFFFFF
3123	#FBFBFD	#FFFFFF
3124	#DDD8EC	#FEFEFE
3125	#F7ECEB	#FEFEFE
3126	#FAFAFC	#FFFFFF
3127	#FAFAFC	#FFFFFF
3128	#C4BDDF	#FCFCFC
3129	#B7AED8	#FBFBFB
3130	#DFDAED	#FEFEFE
3131	#D4CEE8	#FCFCFC
3132	#FBFAFD	#FFFFFF
3133	#DCD7EC	#FEFEFE
3134	#B7AFD8	#FDFDFD
3135	#F7ECEA	#FFFFFF
3136	#DDD9ED	#FEFEFE
3137	#E8E5F3	#FEFEFE
3138	#D4CFE8	#FDFDFD
3139	#E3DFF0	#FEFEFE
3140	#FBFAFD	#FFFFFF
3141	#D3CEE7	#FDFDFD
3142	#DCD8EC	#FDFDFD
3143	#E5E2F1	#FEFEFE
3144	#FBF6F5	#FFFFFF
3145	#D7D2E9	#FDFDFD
3146	#DCD7EC	#FEFEFE
3147	#A79DCF	#FBFBFB
3148	#E1BEBA	#FEFEFE
3149	#CCC5E3	#FDFDFD
3150	#F8EEED	#FFFFFF
3151	#CDC7E4	#FCFCFC
3152	#C4BDDF	#FCFCFC
3153	#B7AFD8	#FDFDFD
3154	#F8EEEC	#FFFFFF
3155	#DBD7EC	#FEFEFE
3156	#E1BEB9	#FDFDFD
3157	#DDD9ED	#FEFEFE
3158	#EEECF6	#FFFFFF
3159	#AFA6D3	#FCFCFC
3160	#ADA4D2	#FAFAFA
3161	#F8EEED	#FFFFFF
3162	#DDD8ED	#FEFEFE
3163	#EFECF6	#FEFEFE
3164	#F9F8FC	#FFFFFF
3165	#F8EEED	#FFFFFF
3166	#E5E1F1	#FEFEFE
3167	#FEFDFD	#FFFFFF
3168	#C7C0E1	#FCFCFC
3169	#A096CB	#F7F7F7
3170	#9B91C8	#FAFAFA
3171	#DBD7EC	#FEFEFE
3172	#A79ECF	#F6F6F6
3173	#D5CFE8	#FDFDFD
3174	#EEECF6	#FFFFFF
3175	#E5E1F1	#FEFEFE
3176	#EDEAF5	#FEFEFE
3177	#EEECF6	#FFFFFF
3178	#F6EAE8	#FEFEFE
3179	#EFEDF6	#FEFEFE
3180	#DCD7EC	#FEFEFE
3181	#EEEBF6	#FEFEFE
3182	#FBF6F6	#FFFFFF
3183	#DCD7EC	#FEFEFE
3184	#DCD7EC	#FEFEFE
3185	#F5F4FA	#FFFFFF
3186	#D4CEE8	#FDFDFD
3187	#D7D1E9	#FDFDFD
3188	#D3CEE7	#FDFDFD
3189	#F9F8FC	#FFFFFF
3190	#D7D2EA	#FDFDFD
3191	#D4CFE8	#FDFDFD
3192	#D4CFE8	#FCFCFC
3193	#E4E1F1	#FEFEFE
3194	#DED9ED	#FDFDFD
3195	#DBD6EC	#FEFEFE
3196	#E5E2F1	#FEFEFE
3197	#D8D2EA	#FDFDFD
3198	#C7C0E1	#FCFCFC
3199	#C6BFE0	#FBFBFB
3200	#FCF7F7	#FFFFFF
3201	#FFFFFF	#FFFFFF
3202	#9B90C8	#FAFAFA
3203	#F9F2F1	#FFFFFF
3204	#FBF6F6	#FFFFFF
3205	#F7ECEB	#FFFFFF
3206	#F8EEED	#FFFFFF
3207	#EFECF6	#FFFFFF
3208	#DDD8EC	#FEFEFE
3209	#F8EFED	#FFFFFF
3210	#BDB5DB	#FCFCFC
3211	#CBC5E3	#FCFCFC
3212	#F6F5FA	#FFFFFF
3213	#B7AFD8	#FDFDFD
3214	#FBFBFD	#FFFFFF
3215	#FAF9FC	#FFFFFF
3216	#DDD8EC	#FEFEFE
3217	#DDD8EC	#FEFEFE
3218	#9B90C8	#FAFAFA
3219	#DDD9ED	#FDFDFD
3220	#E5E2F1	#FEFEFE
3221	#EEEBF6	#FEFEFE
3222	#EEECF6	#FEFEFE
3223	#D3CEE7	#FDFDFD
3224	#D4CFE8	#FDFDFD
3225	#F8EEED	#FFFFFF
3226	#C7C0E1	#FCFCFC
3227	#FCFCFE	#FFFFFF
3228	#C3BBDE	#FDFDFD
3229	#EFECF6	#FEFEFE
3230	#B7AFD8	#F8F8F8
3231	#CBC4E3	#FCFCFC
3232	#CCC6E3	#FCFCFC
3233	#CCC5E3	#FDFDFD
3234	#FBFAFD	#FFFFFF
3235	#B7AFD8	#FDFDFD
3236	#D8D3EA	#FDFDFD
3237	#DDD9ED	#FEFEFE
3238	#D8D2EA	#FDFDFD
3239	#C6BFE0	#FAFAFA
3240	#FBF6F5	#FFFFFF
3241	#FBF6F6	#FFFFFF
3242	#F7EDEB	#FFFFFF
3243	#D7D1E9	#FDFDFD
3244	#EFECF6	#FEFEFE
3245	#E7E4F2	#FEFEFE
3246	#F9F2F1	#FFFFFF
3247	#FBF5F5	#FFFFFF
3248	#F7F5FA	#FFFFFF
3249	#B7AFD8	#FDFDFD
3250	#D4CEE8	#FEFEFE
3251	#D4CFE8	#FEFEFE
3252	#F1DFDD	#FEFEFE
3253	#F2F0F8	#FFFFFF
3254	#DCD7EC	#FEFEFE
3255	#C3BBDE	#FDFDFD
3256	#B8AFD8	#FDFDFD
3257	#DCD7EC	#FEFEFE
3258	#E5E1F1	#FEFEFE
3259	#AFA6D3	#FCFCFC
3260	#E4E1F1	#FEFEFE
3261	#E9E5F3	#FEFEFE
3262	#CBC5E3	#FDFDFD
3263	#BDB5DB	#FCFCFC
3264	#DDD8EC	#FEFEFE
3265	#C7C0E1	#FCFCFC
3266	#D7D2E9	#FDFDFD
3267	#DDD8EC	#FEFEFE
3268	#F8EEED	#FFFFFF
3269	#E9E5F3	#FEFEFE
3270	#C1B9DD	#FBFBFB
3271	#BEB6DB	#FCFCFC
3272	#D4CEE8	#FDFDFD
3273	#E4E1F1	#FEFEFE
3274	#DCD7EC	#FEFEFE
3275	#FFFFFF	#FFFFFF
3276	#FAF4F3	#FFFFFF
3277	#F1EFF8	#FEFEFE
3278	#FBFBFD	#FFFFFF
3279	#FBF6F5	#FFFFFF
3280	#DEDAED	#FDFDFD
3281	#D5CFE8	#FDFDFD
3282	#CBC4E3	#FCFCFC
3283	#C3BBDE	#FDFDFD
3284	#F1E0DE	#FEFEFE
3285	#FBFAFD	#FFFFFF
3286	#DDD8EC	#FEFEFE
3287	#ECD5D1	#FEFEFE
3288	#E3E0F0	#FEFEFE
3289	#E4E1F1	#FEFEFE
3290	#DCD7EC	#FEFEFE
3291	#D3CEE7	#FDFDFD
3292	#FFFEFE	#FFFFFF
3293	#B7AFD8	#FDFDFD
3294	#FCFBFD	#FFFFFF
3295	#F6F4FA	#FFFFFF
3296	#D4CEE8	#FDFDFD
3297	#EFECF6	#FFFFFF
3298	#CCC5E3	#FDFDFD
3299	#B1A8D5	#FAFAFA
3300	#F2F0F8	#FFFFFF
3301	#E4E0F0	#FEFEFE
3302	#E4E0F0	#FEFEFE
3303	#AEA5D3	#FCFCFC
3304	#EFEDF6	#FEFEFE
3305	#D1CBE6	#FCFCFC
3306	#B7AFD8	#FDFDFD
3307	#E4E0F0	#FEFEFE
3308	#AFA5D3	#FCFCFC
3309	#B7AFD8	#FDFDFD
3310	#EFEDF6	#FEFEFE
3311	#D4CEE7	#FDFDFD
3312	#C3BBDE	#FDFDFD
3313	#FFFEFE	#FFFFFF
3314	#FBFBFD	#FFFFFF
3315	#E5E2F1	#FEFEFE
3316	#CCC5E3	#FDFDFD
3317	#E6E2F1	#FEFEFE
3318	#EDEAF5	#FEFEFE
3319	#D4CEE7	#FDFDFD
3320	#D6D1E9	#FDFDFD
3321	#B7AFD8	#FBFBFB
3322	#CEC8E4	#FDFDFD
3323	#F7F5FA	#FFFFFF
3324	#EEEBF6	#FEFEFE
3325	#F9F8FC	#FFFFFF
3326	#D7D2E9	#FDFDFD
3327	#CBC5E3	#FDFDFD
3328	#ECE9F5	#FEFEFE
3329	#D4CEE8	#FDFDFD
3330	#F1DFDD	#FEFEFE
3331	#DBD7EC	#FEFEFE
3332	#EDEAF5	#FEFEFE
3333	#DCD7EC	#FEFEFE
3334	#FBF6F5	#FFFFFF
3335	#EBD4D0	#FEFEFE
3336	#F1E0DD	#FEFEFE
3337	#FEFCFC	#FFFFFF
3338	#EFEDF6	#FEFEFE
3339	#B2A9D5	#FAFAFA
3340	#D1CBE6	#FCFCFC
3341	#FEFDFE	#FFFFFF
3342	#DEDAED	#FEFEFE
3343	#B8B0D8	#FBFBFB
3344	#D0CAE6	#FCFCFC
3345	#CCC5E3	#FDFDFD
3346	#DDD9ED	#FEFEFE
3347	#E4E0F0	#FEFEFE
3348	#FFFEFE	#FFFFFF
3349	#F6F5FA	#FFFFFF
3350	#DED9ED	#FEFEFE
3351	#958AC5	#F9F9F9
3352	#DCD7EC	#FEFEFE
3353	#FBF5F4	#FFFFFF
3354	#FBF6F5	#FFFFFF
3355	#E3DFF0	#FEFEFE
3356	#CCC5E3	#FDFDFD
3357	#C3BBDE	#FDFDFD
3358	#A197CC	#FBFBFB
3359	#EED9D6	#FEFEFE
3360	#AFA5D3	#FCFCFC
3361	#FAF9FC	#FFFFFF
3362	#FBF6F5	#FFFFFF
3363	#B7AFD8	#FDFDFD
3364	#D4CEE7	#FDFDFD
3365	#D4CEE8	#FDFDFD
3366	#CBC5E3	#FDFDFD
3367	#C9C2E2	#FBFBFB
3368	#EEECF6	#FFFFFF
3369	#EEECF6	#FFFFFF
3370	#FCFBFD	#FFFFFF
3371	#EEECF6	#FFFFFF
3372	#B8B0D8	#FBFBFB
3373	#EEECF6	#FFFFFF
3374	#F9F8FC	#FFFFFF
3375	#EFECF6	#FFFFFF
3376	#B7AFD8	#FDFDFD
3377	#FCFBFD	#FFFFFF
3378	#FBFAFD	#FFFFFF
3379	#A197CC	#FBFBFB
3380	#FFFEFE	#FFFFFF
3381	#DCD7EC	#FEFEFE
3382	#F6F4FA	#FFFFFF
3383	#AEA5D3	#FCFCFC
3384	#FBFAFD	#FFFFFF
3385	#FBFBFD	#FFFFFF
3386	#D5CFE8	#FEFEFE
3387	#D4CEE7	#FDFDFD
3388	#ECD4D1	#FEFEFE
3389	#EEECF6	#FEFEFE
3390	#EBD4D0	#FEFEFE
3391	#EEECF6	#FFFFFF
3392	#E4E1F1	#FEFEFE
3393	#C3BBDE	#FDFDFD
3394	#DDD8EC	#FEFEFE
3395	#B7AFD8	#FDFDFD
3396	#E4E1F1	#FEFEFE
3397	#D3CDE7	#FCFCFC
3398	#EFECF6	#FEFEFE
3400	#D4CEE7	#FDFDFD
3401	#F7EDEB	#FEFEFE
3402	#D8D3EA	#FDFDFD
3403	#F9F2F1	#FFFFFF
3404	#EFECF6	#FEFEFE
3405	#F5F4FA	#FFFFFF
3406	#CF9D97	#FCFCFC
3407	#D4CFE8	#FDFDFD
3408	#E9CECA	#FEFEFE
3409	#D8D3EA	#FDFDFD
3410	#DED9ED	#FCFCFC
3411	#E1BEBA	#FDFDFD
3412	#DFDAEE	#FDFDFD
3413	#D4CFE8	#FDFDFD
3414	#A79ECF	#FBFBFB
3415	#B2A9D5	#FAFAFA
3416	#C5BDDF	#FCFCFC
3417	#C3BBDE	#FDFDFD
3418	#D9B0AA	#FDFDFD
3419	#DDD8EC	#FEFEFE
3420	#F9F8FC	#FFFFFF
3421	#C7C0E0	#FCFCFC
3422	#DDD8EC	#FDFDFD
3423	#E6E3F2	#FEFEFE
3424	#F2F1F8	#FFFFFF
3425	#E9E6F3	#FEFEFE
3426	#F3F1F8	#FFFFFF
3427	#D3CDE7	#FCFCFC
3428	#DEDAED	#FDFDFD
3429	#DEDAED	#FEFEFE
3430	#F9F8FC	#FFFFFF
3431	#E8E5F3	#FEFEFE
3432	#C4BCDF	#FCFCFC
3433	#E9E5F3	#FEFEFE
3434	#E5E1F1	#FEFEFE
3435	#E2C0BC	#FDFDFD
3436	#FBF5F5	#FFFFFF
3437	#EAE7F4	#FEFEFE
3438	#DDD8ED	#FEFEFE
3439	#ADA4D2	#FAFAFA
3440	#CCC5E3	#FDFDFD
3442	#D5CFE8	#FEFEFE
3443	#EEECF6	#FFFFFF
3444	#BEB6DB	#FCFCFC
3446	#FAF9FC	#FFFFFF
3447	#B7AFD8	#FDFDFD
3448	#E6E2F1	#FEFEFE
3449	#A79DCF	#FBFBFB
3450	#F9F1F0	#FFFFFF
3451	#9B91C8	#FAFAFA
3452	#E5E2F1	#FEFEFE
3453	#C0827B	#FAFAFA
3454	#EEECF6	#FFFFFF
3455	#ECD5D2	#FEFEFE
3456	#D4CEE7	#FDFDFD
3457	#D4CEE8	#FBFBFB
3458	#D1CBE6	#FBFBFB
3459	#FAF9FC	#FFFFFF
3460	#F9F8FC	#FFFFFF
3461	#D1CBE6	#FCFCFC
3462	#E5E1F1	#FEFEFE
3463	#D1CBE6	#FBFBFB
3464	#CAC3E2	#FBFBFB
3465	#BCB4DA	#FAFAFA
3466	#FBF6F6	#FFFFFF
3467	#FBFBFD	#FFFFFF
3468	#F1E0DE	#FEFEFE
3469	#DED9ED	#FDFDFD
3470	#AEA5D3	#FCFCFC
3471	#E6E2F1	#FEFEFE
3472	#D4CFE8	#FDFDFD
3473	#E6E2F1	#FEFEFE
3474	#C6BFE0	#FBFBFB
3475	#EFECF6	#FEFEFE
3476	#DDD8ED	#FEFEFE
3477	#F1E0DE	#FEFEFE
3478	#E6E2F1	#FEFEFE
3479	#E5E2F1	#FEFEFE
3480	#EDEAF5	#FEFEFE
3481	#BEB6DC	#FCFCFC
3482	#DCD8EC	#FEFEFE
3483	#A096CB	#FBFBFB
3484	#DED9ED	#FEFEFE
3485	#FAF9FC	#FFFFFF
3486	#ECD6D3	#FEFEFE
3487	#E4E1F1	#FEFEFE
3488	#E8E5F3	#FEFEFE
3489	#CFC9E5	#FAFAFA
3490	#CCC5E3	#FDFDFD
3491	#EEECF6	#FFFFFF
3492	#F5F4FA	#FFFFFF
3493	#DEDAED	#FDFDFD
3494	#D4CEE7	#FDFDFD
3495	#EDEAF5	#FEFEFE
3496	#D4CEE7	#FDFDFD
3497	#DCD8EC	#FEFEFE
3498	#E1BEB9	#FEFEFE
3499	#EBE8F4	#FEFEFE
3500	#D4CEE8	#FDFDFD
3501	#FDFDFE	#FFFFFF
3502	#E8E5F3	#FEFEFE
3503	#A89ECF	#FBFBFB
3504	#EEECF6	#FFFFFF
3505	#D4CEE8	#FDFDFD
3506	#B7AFD8	#FDFDFD
3507	#FBF6F5	#FFFFFF
3508	#CBC5E3	#FDFDFD
3509	#D4CEE8	#FEFEFE
3510	#E5E1F1	#FEFEFE
3511	#D4CEE7	#FDFDFD
3512	#D4CEE8	#FDFDFD
3513	#E4E1F1	#FEFEFE
3514	#F9F8FC	#FFFFFF
3515	#F8EEED	#FFFFFF
3516	#E5E2F1	#FEFEFE
3517	#DDD8EC	#FEFEFE
3518	#A89ECF	#FBFBFB
3519	#D8D3EA	#FDFDFD
3520	#FBF6F5	#FFFFFF
3521	#F4E5E4	#FEFEFE
3522	#AEA5D3	#FCFCFC
3523	#FAF9FC	#FFFFFF
3524	#D1CBE6	#FCFCFC
3525	#CEC7E4	#FDFDFD
3526	#A79ECF	#FBFBFB
3527	#CCC5E3	#FDFDFD
3528	#F6F4FA	#FFFFFF
3529	#F2F0F8	#FEFEFE
3530	#D6D0E9	#FBFBFB
3531	#E9CECA	#FEFEFE
3532	#DED9ED	#FDFDFD
3533	#9B91C9	#FAFAFA
3534	#D5CFE8	#FEFEFE
3535	#C7C0E0	#FBFBFB
3536	#FAF9FC	#FFFFFF
3537	#EBD4D0	#FEFEFE
3538	#FAF9FC	#FFFFFF
3539	#E6E2F1	#FEFEFE
3540	#DCD7EC	#FEFEFE
3541	#EFECF6	#FEFEFE
3542	#FDFBFA	#FFFFFF
3543	#D2CCE7	#FCFCFC
3544	#E5E1F1	#FEFEFE
3545	#FEFDFD	#FFFFFF
3546	#CBC5E3	#FDFDFD
3547	#AEA5D3	#FCFCFC
3548	#FDFBFB	#FFFFFF
3549	#CDC7E4	#FCFCFC
3550	#D4CFE8	#FDFDFD
3551	#FAF9FC	#FFFFFF
3552	#D4CFE8	#FEFEFE
3553	#E9E5F3	#FEFEFE
3554	#ADA4D2	#FAFAFA
3555	#DDD8EC	#FEFEFE
3556	#F2F0F8	#FFFFFF
3557	#CBC5E3	#FDFDFD
3558	#FBFAFD	#FFFFFF
3559	#C3BBDE	#FDFDFD
3560	#FBF6F5	#FFFFFF
3561	#EBD4D0	#FEFEFE
3562	#EFECF6	#FFFFFF
3563	#DDD8EC	#FEFEFE
3564	#A79DCF	#FBFBFB
3565	#DCD7EC	#FEFEFE
3566	#A79ECF	#FBFBFB
3567	#C5BDDF	#FCFCFC
3568	#DEDAED	#FEFEFE
3569	#AFA5D3	#FCFCFC
3570	#D4CEE8	#FDFDFD
3571	#CCC5E3	#FDFDFD
3572	#EFECF6	#FFFFFF
3573	#EDEAF5	#FEFEFE
3574	#E8E5F3	#FEFEFE
3575	#D5CFE8	#FDFDFD
3576	#DCD7EC	#FEFEFE
3577	#F2F0F8	#FEFEFE
3578	#B7AFD8	#FDFDFD
3579	#C9C2E2	#FAFAFA
3580	#ECEAF5	#FEFEFE
3581	#FEFEFD	#FFFFFF
3582	#DCD8EC	#FEFEFE
3583	#CCC5E3	#FDFDFD
3584	#EFEDF6	#FEFEFE
3585	#FFFEFE	#FFFFFF
3586	#AFA6D3	#FCFCFC
3587	#DCD8EC	#FEFEFE
3588	#EBD3D0	#FEFEFE
3589	#F9F9FC	#FFFFFF
3590	#D8D3EA	#FDFDFD
3591	#CCC5E3	#FCFCFC
3592	#CCC5E3	#FDFDFD
3593	#E6C9C5	#FDFDFD
3594	#D4CEE8	#FDFDFD
3595	#BFB7DC	#F9F9F9
3596	#A79DCF	#FBFBFB
3597	#E4E1F1	#FEFEFE
3598	#EDEAF5	#FEFEFE
3599	#C3BBDE	#FDFDFD
3600	#C4BDDF	#FCFCFC
3601	#E6E3F1	#FEFEFE
3602	#F7F5FA	#FFFFFF
3603	#F6F4FA	#FFFFFF
3604	#FFFFFF	#FFFFFF
3605	#958BC5	#F9F9F9
3606	#D7D2E9	#FDFDFD
3607	#F7ECEB	#FFFFFF
3608	#FAF9FC	#FFFFFF
3609	#D4CFE8	#FDFDFD
3610	#F9F8FC	#FFFFFF
3611	#FAF9FC	#FFFFFF
3612	#FBFAFD	#FFFFFF
3613	#EEECF6	#FFFFFF
3614	#BEB6DB	#FCFCFC
3615	#F8EEED	#FFFFFF
3616	#EBD4D0	#FEFEFE
3617	#CBC4E3	#FDFDFD
3618	#AEA5D3	#FCFCFC
3619	#C3BBDE	#FDFDFD
3620	#D3CDE7	#FCFCFC
3621	#FBFAFD	#FFFFFF
3622	#F6F5FA	#FFFFFF
3623	#D7D1E9	#FDFDFD
3624	#E6C9C5	#FDFDFD
3625	#ACA3D2	#FAFAFA
3626	#CEC8E5	#FCFCFC
3627	#EDEAF5	#FEFEFE
3628	#D1CBE6	#FCFCFC
3629	#FDFBFA	#FFFFFF
3630	#F2F0F8	#FEFEFE
3631	#C6BFE0	#FAFAFA
3632	#EFECF6	#FFFFFF
3633	#FAF9FC	#FFFFFF
3634	#FBFBFD	#FFFFFF
3635	#FAFAFD	#FFFFFF
3636	#FBFAFD	#FFFFFF
3637	#EBD4D0	#FEFEFE
3638	#FBF6F6	#FFFFFF
3639	#EEECF6	#FFFFFF
3640	#F7ECEB	#FEFEFE
3641	#D7D1E9	#FDFDFD
3642	#CFC9E5	#FBFBFB
3643	#F3F1F8	#FEFEFE
3644	#FAF9FC	#FFFFFF
3645	#F3F1F8	#FFFFFF
3646	#DEDAED	#FDFDFD
3647	#F9F8FC	#FFFFFF
3648	#BEB6DC	#FCFCFC
3649	#EAE7F3	#FEFEFE
3650	#C68D86	#FBFBFB
3651	#FAFAFC	#FFFFFF
3652	#C4BDDF	#FCFCFC
3653	#F9F1F0	#FFFFFF
3654	#A197CC	#FBFBFB
3655	#FAF9FC	#FFFFFF
3656	#E3DFF0	#FEFEFE
3657	#FBF6F5	#FFFFFF
3658	#FBFAFD	#FFFFFF
3659	#B7AFD8	#FDFDFD
3660	#EEECF6	#FFFFFF
3661	#FFFFFF	#FFFFFF
3662	#FBFAFD	#FFFFFF
3663	#E9E5F3	#FEFEFE
3665	#DDD8ED	#FEFEFE
3666	#CCC5E3	#FDFDFD
3667	#D5CFE8	#FEFEFE
3668	#E9E6F3	#FEFEFE
3669	#F6F5FA	#FFFFFF
3670	#EFECF6	#FEFEFE
3671	#F8EEED	#FFFFFF
3672	#B7AFD8	#FDFDFD
3673	#D8D2EA	#FDFDFD
3674	#EFEDF6	#FEFEFE
3675	#EEECF6	#FEFEFE
3676	#D4CEE7	#FDFDFD
3677	#F1DFDD	#FEFEFE
3678	#FBFBFD	#FFFFFF
3679	#EDEAF5	#FEFEFE
3680	#EAE7F4	#FDFDFD
3681	#ECE9F5	#FEFEFE
3682	#DDD9ED	#FEFEFE
3683	#EEECF6	#FEFEFE
3684	#ECD5D2	#FEFEFE
3685	#DDD8ED	#FEFEFE
3686	#F7F5FB	#FFFFFF
3687	#F7ECEB	#FFFFFF
3688	#E8E5F3	#FEFEFE
3689	#D5CFE8	#FEFEFE
3690	#D8D3EA	#FDFDFD
3691	#C4BDDF	#FCFCFC
3692	#DCD7EC	#FEFEFE
3693	#FBFBFD	#FFFFFF
3694	#FFFEFE	#FFFFFF
3695	#BEB6DC	#FCFCFC
3696	#FBF6F5	#FFFFFF
3697	#E7E3F2	#FEFEFE
3698	#EDEAF5	#FEFEFE
3699	#F6F4FA	#FFFFFF
3700	#EBD3D0	#FEFEFE
3701	#EBE9F4	#FEFEFE
3702	#D3CEE7	#FDFDFD
3703	#D3CEE7	#FDFDFD
3704	#FBFAFD	#FFFFFF
3705	#D7D2E9	#FDFDFD
3706	#A89FD0	#F9F9F9
3707	#EBD4D0	#FEFEFE
3708	#A197CC	#FBFBFB
3709	#FBF6F6	#FFFFFF
3710	#EBD3D0	#FEFEFE
3711	#DDD8EC	#FEFEFE
3712	#F8EEED	#FFFFFF
3713	#CCC5E3	#FDFDFD
3714	#AFA6D3	#FCFCFC
3715	#FBFAFD	#FFFFFF
3716	#E9E5F3	#FEFEFE
3717	#EFEDF6	#FEFEFE
3718	#F9F8FC	#FFFFFF
3719	#B7AFD8	#FDFDFD
3720	#E5E1F1	#FEFEFE
3721	#EEECF6	#FFFFFF
3722	#D4CEE8	#FDFDFD
3723	#F2F0F8	#FFFFFF
3724	#A096CB	#FBFBFB
3725	#EEECF6	#FFFFFF
3726	#E5E2F1	#FEFEFE
3727	#A89ECF	#FBFBFB
3728	#E5E2F1	#FEFEFE
3729	#E4E0F0	#FEFEFE
3730	#F2F0F8	#FEFEFE
3731	#CAC3E2	#FBFBFB
3732	#EEECF6	#FEFEFE
3733	#D5CFE8	#FEFEFE
3734	#EEECF6	#FEFEFE
3735	#D0CAE6	#FCFCFC
3736	#EFECF6	#FFFFFF
3737	#F9F8FC	#FFFFFF
3738	#F9F8FC	#FFFFFF
3739	#F7EEEC	#FFFFFF
3740	#D5CFE8	#FEFEFE
3741	#DED9ED	#FDFDFD
3742	#FCFBFD	#FFFFFF
3743	#BBB3DA	#FAFAFA
3744	#F8EFEE	#FEFEFE
3745	#FEFDFC	#FFFFFF
3746	#BEB6DB	#FCFCFC
3747	#EDEAF5	#FEFEFE
3748	#E6E2F1	#FEFEFE
3749	#BEB6DB	#FCFCFC
3750	#D3CDE7	#FCFCFC
3751	#C3BBDE	#FDFDFD
3752	#D8D3EA	#FDFDFD
3753	#C3BCDF	#FCFCFC
3754	#F3F1F8	#FFFFFF
3755	#E8CDCA	#FEFEFE
3756	#D8D2EA	#FDFDFD
3757	#BDB5DB	#FCFCFC
3758	#A197CC	#FBFBFB
3759	#CEC8E4	#FDFDFD
3760	#EEECF6	#FFFFFF
3761	#FAFAFD	#FFFFFF
3762	#ECD6D3	#FEFEFE
3763	#F9F8FC	#FFFFFF
3764	#E6E2F1	#FEFEFE
3765	#FEFDFC	#FFFFFF
3766	#9B90C8	#FAFAFA
3767	#E6E2F1	#FEFEFE
3768	#C3BBDE	#FDFDFD
3769	#DDD8EC	#FEFEFE
3770	#CDC7E4	#FCFCFC
3771	#DCD8EC	#FEFEFE
3772	#FEFDFD	#FFFFFF
3773	#E6E3F2	#FEFEFE
3774	#F6F4FA	#FFFFFF
3775	#EFEDF6	#FEFEFE
3776	#EFECF6	#FEFEFE
3777	#EEECF6	#FEFEFE
3778	#F0DDDA	#FEFEFE
3779	#DDD8EC	#FDFDFD
3780	#E4E1F1	#FDFDFD
3781	#DFDBEE	#FCFCFC
3782	#DFDAED	#FCFCFC
3783	#FBF6F5	#FFFFFF
3784	#F4E5E3	#FEFEFE
3785	#FBF6F5	#FFFFFF
3786	#FBF6F5	#FFFFFF
3787	#D4A5A0	#FCFCFC
3788	#FBF6F5	#FFFFFF
3789	#FBF6F5	#FFFFFF
3790	#D4CEE7	#FDFDFD
3791	#D5CFE8	#FEFEFE
3792	#DDD8EC	#FEFEFE
3793	#D7D2E9	#FDFDFD
3794	#D9D4EB	#FCFCFC
3795	#C4BCDF	#FCFCFC
3796	#FBF6F5	#FFFFFF
3797	#EEECF6	#FEFEFE
3798	#B2A9D5	#FAFAFA
3799	#EDD7D4	#FEFEFE
3800	#BCB4DB	#FBFBFB
3802	#F9F9FC	#FFFFFF
3803	#CDC7E4	#FCFCFC
3804	#DCD7EC	#FEFEFE
3805	#AEA5D3	#FCFCFC
3806	#DBD7EC	#FEFEFE
3807	#FBF6F6	#FFFFFF
3808	#EEECF6	#FFFFFF
3809	#FEFDFD	#FFFFFF
3810	#D4CEE8	#FEFEFE
3811	#EFECF6	#FEFEFE
3812	#AFA6D3	#FCFCFC
3813	#F4E6E4	#FEFEFE
3814	#D5CFE8	#FDFDFD
3815	#CDC7E4	#FCFCFC
3816	#DEDAED	#FEFEFE
3817	#F8EEED	#FFFFFF
3818	#E9E5F3	#FEFEFE
3819	#DDD8EC	#FEFEFE
3820	#DDD8EC	#FEFEFE
3821	#F8EFED	#FFFFFF
3822	#C1BADE	#FAFAFA
3823	#FBFAFD	#FFFFFF
3824	#DED9ED	#FDFDFD
3825	#FAF9FC	#FFFFFF
3826	#EEECF6	#FFFFFF
3827	#D5CFE8	#FDFDFD
3828	#F6F5FA	#FFFFFF
3829	#DDD8EC	#FEFEFE
3830	#E8E5F2	#FDFDFD
3831	#E7E3F2	#FEFEFE
3832	#867CBD	#F7F7F7
3833	#D6D1E9	#FCFCFC
3834	#F2F0F8	#FFFFFF
3835	#D3CEE7	#FDFDFD
3836	#F5E8E6	#FEFEFE
3837	#E1DDEF	#FDFDFD
3838	#ECD6D3	#FEFEFE
3839	#C5BEDF	#FCFCFC
3840	#E8E5F3	#FEFEFE
3841	#D4CFE8	#FEFEFE
3842	#CF9D97	#FCFCFC
3843	#F7F5FA	#FFFFFF
3844	#EEECF6	#FFFFFF
3845	#F7EDEC	#FEFEFE
3846	#ECD5D2	#FEFEFE
3847	#DDD8EC	#FEFEFE
3848	#E6E3F2	#FEFEFE
3849	#CBC4E3	#FCFCFC
3850	#FAF9FC	#FFFFFF
3851	#D8D2EA	#FDFDFD
3852	#ECD5D2	#FEFEFE
3853	#FEFCFB	#FFFFFF
3854	#9B91C8	#FAFAFA
3855	#EEECF6	#FFFFFF
3856	#D7D2E9	#FDFDFD
3857	#B8AFD8	#FDFDFD
3858	#BDB5DB	#FCFCFC
3859	#CEC7E4	#FDFDFD
3860	#D3CDE7	#FCFCFC
3861	#A197CC	#FBFBFB
3863	#DDD9ED	#FEFEFE
3864	#FBF6F5	#FFFFFF
3865	#F9F8FC	#FFFFFF
3866	#EFEDF6	#FFFFFF
3867	#FBF6F5	#FFFFFF
3868	#EEECF6	#FFFFFF
3869	#A197CC	#FBFBFB
3870	#CF9D97	#FCFCFC
3871	#FAF9FC	#FFFFFF
3872	#E1BEBA	#FEFEFE
3873	#EEECF6	#FEFEFE
3874	#FBFBFD	#FFFFFF
3875	#E6C9C5	#FDFDFD
3876	#E6E3F2	#FEFEFE
3877	#D4CEE8	#FEFEFE
3878	#EFECF6	#FEFEFE
3879	#F6EBEA	#FEFEFE
3880	#D3CEE7	#FCFCFC
3881	#FCFCFE	#FFFFFF
3882	#DED9ED	#FDFDFD
3883	#D8D3EA	#FCFCFC
3884	#EFECF6	#FFFFFF
3885	#FAFAFD	#FFFFFF
3886	#F4E5E3	#FEFEFE
3887	#F9F8FC	#FFFFFF
3888	#AFA6D3	#FCFCFC
3889	#DDD9ED	#FEFEFE
3890	#D9B0AB	#FDFDFD
3891	#D9AFAA	#FDFDFD
3892	#EFEDF6	#FEFEFE
3893	#EDEAF5	#FEFEFE
3894	#C4BDDF	#FCFCFC
3895	#D3CDE7	#FCFCFC
3896	#CCC5E3	#FDFDFD
3897	#E5E1F1	#FEFEFE
3898	#C0B8DD	#FBFBFB
3899	#EFECF6	#FEFEFE
3900	#D8D3EA	#FDFDFD
3901	#CAC3E2	#FBFBFB
3902	#D7D2E9	#FDFDFD
3903	#EFECF6	#FEFEFE
3904	#E1BEB9	#FEFEFE
3905	#DCD8EC	#FEFEFE
3906	#EEECF6	#FEFEFE
3907	#E8E5F3	#FEFEFE
3908	#E8E5F3	#FEFEFE
3909	#E9CECA	#FEFEFE
3910	#E4E0F0	#FEFEFE
3911	#E5E1F1	#FEFEFE
3912	#FBFBFD	#FFFFFF
3913	#E9CECB	#FEFEFE
3914	#CDC7E4	#FCFCFC
3915	#A79DCF	#FBFBFB
3916	#F3F1F8	#FFFFFF
3917	#FAFAFC	#FFFFFF
3918	#E9E5F3	#FEFEFE
3919	#ECD5D2	#FEFEFE
3920	#F4E5E3	#FEFEFE
3921	#DED9ED	#FEFEFE
3922	#E5E1F1	#FEFEFE
3923	#E9E5F3	#FEFEFE
3924	#F8EEED	#FFFFFF
3925	#F6F4FA	#FFFFFF
3926	#FAF9FC	#FFFFFF
3927	#E1BEB9	#FEFEFE
3928	#FCFBFD	#FFFFFF
3929	#FDFBFA	#FFFFFF
3930	#ECEAF5	#FEFEFE
3931	#F5E7E6	#FEFEFE
3932	#F2F0F8	#FEFEFE
3933	#FFFEFE	#FFFFFF
3934	#B4ACD6	#F5F5F5
3935	#EEECF6	#FFFFFF
3936	#DDD8EC	#FEFEFE
3937	#FBFBFD	#FFFFFF
3938	#FAFAFD	#FFFFFF
3939	#DCD7EC	#FEFEFE
3941	#F2F0F8	#FFFFFF
3942	#FAFAFC	#FFFFFF
3943	#E9E5F3	#FEFEFE
3944	#A79DCF	#FBFBFB
3945	#F6F5FA	#FFFFFF
3946	#D8D3EA	#FDFDFD
3947	#E5E1F1	#FEFEFE
3948	#FAF9FC	#FFFFFF
3949	#E6E3F2	#FEFEFE
3950	#EDEBF5	#FEFEFE
3951	#8B80C0	#F8F8F8
3952	#CCC6E4	#FCFCFC
3953	#B7AED8	#FDFDFD
3954	#A197CC	#FBFBFB
3955	#FBF6F6	#FFFFFF
3956	#CCC5E3	#FDFDFD
3957	#DEDAED	#FDFDFD
3958	#D4CEE8	#FDFDFD
3959	#CBC5E3	#FDFDFD
3960	#C7C0E1	#FCFCFC
3961	#CDC7E4	#FCFCFC
3962	#FAFAFD	#FFFFFF
3963	#B0A7D4	#F8F8F8
3964	#DDD9ED	#FEFEFE
3965	#FAFAFD	#FFFFFF
3966	#EEECF6	#FFFFFF
3967	#F6F4FA	#FFFFFF
3968	#EBE8F4	#FEFEFE
3969	#F1E0DE	#FEFEFE
3970	#D7D2E9	#FDFDFD
3971	#DDD9ED	#FEFEFE
3972	#E4E1F1	#FEFEFE
3973	#C4BDDF	#FCFCFC
3974	#E5E1F1	#FEFEFE
3975	#E8E5F3	#FEFEFE
3976	#DED9ED	#FEFEFE
3977	#FEFCFC	#FFFFFF
3978	#F8EFED	#FFFFFF
3979	#DDD8EC	#FEFEFE
3980	#F1EEF7	#FEFEFE
3981	#F9F9FC	#FFFFFF
3982	#EDEBF5	#FEFEFE
3983	#EFECF6	#FEFEFE
3984	#E1DDEF	#FDFDFD
3985	#F8EEED	#FFFFFF
3986	#BDB6DB	#FCFCFC
3987	#ECD5D2	#FEFEFE
3988	#E6C8C4	#FDFDFD
3989	#9B90C8	#FAFAFA
3990	#C3BBDE	#FDFDFD
3991	#B8AFD8	#FDFDFD
3992	#ECD5D2	#FEFEFE
3993	#E6E2F1	#FEFEFE
3994	#F4E6E4	#FEFEFE
3995	#E7E3F2	#FEFEFE
3996	#FBF7F6	#FFFFFF
3997	#C1B9DD	#FBFBFB
3998	#C3BBDE	#FDFDFD
3999	#A79DCF	#F9F9F9
4000	#8F85C2	#F9F9F9
4001	#F4E5E3	#FEFEFE
4002	#C1BADD	#FBFBFB
4003	#F7F5FA	#FFFFFF
4004	#F6EBE9	#FEFEFE
4005	#F1DFDD	#FEFEFE
4006	#EBE8F4	#FEFEFE
4007	#EFECF6	#FFFFFF
4008	#CEC8E4	#FDFDFD
4009	#AEA5D3	#FCFCFC
4010	#A79ECF	#FBFBFB
4011	#E5E2F1	#FEFEFE
4012	#A79ECF	#FBFBFB
4013	#D4CEE8	#FDFDFD
4015	#E5E1F1	#FEFEFE
4016	#FBFAFD	#FFFFFF
4017	#F7ECEB	#FFFFFF
4018	#F1E0DD	#FEFEFE
4019	#DED9ED	#FDFDFD
4020	#AEA5D3	#FCFCFC
4021	#D4CEE7	#FDFDFD
4022	#EEECF6	#FEFEFE
4023	#DCD7EC	#FEFEFE
4024	#C9928B	#FBFBFB
4025	#B8AFD8	#FDFDFD
4026	#DCD7EC	#FEFEFE
4027	#C1B9DD	#FBFBFB
4028	#D4CEE8	#FEFEFE
4029	#F7F5FA	#FFFFFF
4030	#E7E3F2	#FDFDFD
4031	#D7D2E9	#FCFCFC
4032	#F2E2E0	#FEFEFE
4033	#CBC4E3	#FCFCFC
4034	#DFDBEE	#FCFCFC
4035	#EBE8F4	#FDFDFD
4036	#E1BEBA	#FEFEFE
4037	#FBF6F5	#FFFFFF
4038	#E9E5F3	#FEFEFE
4039	#C3BBDE	#FDFDFD
4040	#FBFAFD	#FFFFFF
4041	#E1BEBA	#FEFEFE
4042	#F8EEED	#FFFFFF
4043	#D0CAE6	#FCFCFC
4044	#DCD7EC	#FEFEFE
4045	#DDD8ED	#FEFEFE
4046	#EDEAF5	#FEFEFE
4047	#E4E1F1	#FEFEFE
4048	#F8EEED	#FFFFFF
4049	#D9B0AB	#FDFDFD
4050	#A79ECF	#FBFBFB
4051	#E8E5F3	#FEFEFE
4052	#D9B0AB	#FDFDFD
4054	#FAF9FC	#FFFFFF
4055	#FBFAFD	#FFFFFF
4056	#E2C0BC	#FDFDFD
4057	#F0DCDA	#FEFEFE
4058	#EEEBF6	#FEFEFE
4059	#E8CECA	#FEFEFE
4060	#F1DFDD	#FEFEFE
4061	#F2F1F8	#FFFFFF
4062	#CEC7E4	#FDFDFD
4063	#D5CFE8	#FDFDFD
4064	#C6BFE0	#FCFCFC
4065	#EFEDF6	#FEFEFE
4066	#D7D2E9	#FDFDFD
4067	#DBD6EB	#FCFCFC
4068	#F6F4FA	#FFFFFF
4069	#E2DEEF	#FDFDFD
4070	#EDEAF5	#FEFEFE
4071	#D8D2EA	#FDFDFD
4072	#DCD7EC	#FEFEFE
4073	#DCD7EC	#FEFEFE
4074	#CDC6E4	#FCFCFC
4075	#C6BEE0	#FBFBFB
4076	#E1BEBA	#FEFEFE
4077	#DED9ED	#FDFDFD
4078	#EFEDF6	#FEFEFE
4079	#F3F1F8	#FFFFFF
4080	#B8B0D8	#FBFBFB
4081	#D4CFE8	#FDFDFD
4082	#DDD8ED	#FEFEFE
4083	#EFECF6	#FFFFFF
4084	#ECD5D2	#FDFDFD
4085	#BEB6DC	#FCFCFC
4086	#C5BDDF	#FCFCFC
4087	#D5CFE8	#FEFEFE
4088	#C3BBDE	#FDFDFD
4089	#E1BEB9	#FEFEFE
4090	#D4CEE8	#FEFEFE
4091	#EEECF6	#FFFFFF
4092	#FBF6F5	#FFFFFF
4093	#B7AFD8	#FDFDFD
4095	#FEFDFD	#FFFFFF
4096	#A197CC	#FBFBFB
4097	#D4CEE7	#FDFDFD
4098	#CBC4E3	#FDFDFD
4099	#DDD8EC	#FEFEFE
4100	#E1BEB9	#FEFEFE
4101	#FBFBFD	#FFFFFF
4102	#D9B0AB	#FDFDFD
4103	#CDC6E4	#FCFCFC
4104	#E5E1F1	#FEFEFE
4105	#FBF6F6	#FFFFFF
4106	#E6E3F1	#FEFEFE
4107	#FFFEFE	#FFFFFF
4108	#F5E9E8	#FEFEFE
4109	#CEC8E4	#FCFCFC
4110	#EFEDF7	#FFFFFF
4111	#F2F0F8	#FEFEFE
4112	#F9F8FC	#FFFFFF
4113	#EEECF6	#FFFFFF
4114	#F9F2F1	#FFFFFF
4115	#F2F0F8	#FFFFFF
4116	#F9F9FC	#FFFFFF
4117	#E5E1F1	#FEFEFE
4118	#DCD7EC	#FEFEFE
4119	#FDFDFE	#FFFFFF
4120	#BEB6DC	#FCFCFC
4121	#DDD9ED	#FEFEFE
4122	#DEDAED	#FDFDFD
4123	#BDB5DB	#FCFCFC
4124	#D8D3EA	#FDFDFD
4125	#FBF7F6	#FFFFFF
4126	#D4CEE8	#FDFDFD
4127	#AEA5D3	#FCFCFC
4128	#EEECF6	#FFFFFF
4129	#C4BDDF	#FCFCFC
4130	#D2CCE7	#FCFCFC
4131	#EEECF6	#FFFFFF
4132	#F9F1F0	#FFFFFF
4133	#EAE7F4	#FEFEFE
4134	#F9F1F0	#FFFFFF
4135	#B7AFD8	#FDFDFD
4136	#E8E5F3	#FEFEFE
4137	#A197CC	#FBFBFB
4138	#B7AFD8	#FDFDFD
4139	#AFA6D3	#FCFCFC
4140	#F6F5FA	#FFFFFF
4141	#A197CC	#FBFBFB
4142	#9B91C9	#FAFAFA
4143	#E8CDCA	#FEFEFE
4144	#E4E0F0	#FEFEFE
4145	#CCC5E3	#FDFDFD
4146	#D4CEE7	#FDFDFD
4147	#B7AFD8	#FDFDFD
4148	#C5BEE0	#FCFCFC
4149	#DDD8EC	#FEFEFE
4150	#F8EEED	#FFFFFF
4151	#DDD8EC	#FEFEFE
4152	#CF9D97	#FCFCFC
4153	#F4E5E4	#FEFEFE
4154	#FBF5F5	#FFFFFF
4155	#DEDAED	#FEFEFE
4156	#DCD7EC	#FEFEFE
4157	#D4CEE8	#FDFDFD
4158	#F6EAE9	#FEFEFE
4159	#FBF5F5	#FFFFFF
4160	#FBF6F5	#FFFFFF
4161	#E2DEEF	#FDFDFD
4162	#D2CCE7	#FCFCFC
4163	#F9F9FC	#FFFFFF
4164	#E6E2F1	#FEFEFE
4165	#CDC7E4	#FCFCFC
4166	#FBFAFD	#FFFFFF
4167	#FEFEFF	#FFFFFF
4168	#B2A9D5	#FAFAFA
4169	#FDFAFA	#FFFFFF
4170	#EAE7F3	#FEFEFE
4171	#8B80C0	#F8F8F8
4172	#DEDAED	#FEFEFE
4173	#BCB4DB	#FAFAFA
4174	#E6E2F1	#FEFEFE
4175	#DCD7EC	#FEFEFE
4176	#C1BADE	#FBFBFB
4177	#DDD8ED	#FEFEFE
4178	#9B91C8	#FAFAFA
4179	#F7ECEA	#FFFFFF
4180	#EAE7F3	#FEFEFE
4181	#DDD9ED	#FDFDFD
4182	#F2F1F8	#FEFEFE
4183	#F2E1DF	#FEFEFE
4184	#EEECF6	#FFFFFF
4185	#C3BBDE	#FDFDFD
4186	#B7AFD8	#FDFDFD
4187	#F6F5FA	#FFFFFF
4188	#FBFAFD	#FFFFFF
4189	#DDD8EC	#FEFEFE
4190	#AEA5D3	#FCFCFC
4191	#F8EEED	#FFFFFF
4192	#F7ECEB	#FFFFFF
4193	#FBFAFD	#FFFFFF
4194	#D4CEE8	#FDFDFD
4195	#F7EDEB	#FFFFFF
4196	#D5CFE8	#FEFEFE
4197	#D3CEE7	#FDFDFD
4198	#CCC5E3	#FDFDFD
4199	#F8EEED	#FFFFFF
4200	#F1E0DE	#FEFEFE
4201	#FBFBFD	#FFFFFF
4202	#E8E5F3	#FEFEFE
4203	#AEA5D3	#FCFCFC
4204	#F1E0DD	#FEFEFE
4205	#FBF6F5	#FFFFFF
4206	#FBFAFD	#FFFFFF
4207	#FBFAFD	#FFFFFF
4208	#D1CBE6	#FCFCFC
4209	#EFEDF6	#FEFEFE
4210	#E5E1F1	#FEFEFE
4211	#E6E2F1	#FEFEFE
4212	#F6F4FA	#FFFFFF
4213	#EFEDF6	#FEFEFE
4214	#ECD5D2	#FEFEFE
4215	#DCD7EC	#FEFEFE
4216	#C7C0E1	#FCFCFC
4217	#AFA6D3	#FCFCFC
4218	#F3E5E3	#FEFEFE
4219	#DED9ED	#FEFEFE
4220	#D5CFE8	#FDFDFD
4221	#CAC3E2	#FAFAFA
4222	#E8E5F3	#FEFEFE
4223	#F2F0F8	#FEFEFE
4224	#BEB6DC	#FCFCFC
4225	#E6E2F1	#FEFEFE
4226	#D4CEE8	#FEFEFE
4227	#F2F0F8	#FFFFFF
4228	#C3BBDE	#FDFDFD
4229	#E7E3F2	#FEFEFE
4230	#E8E5F3	#FEFEFE
4231	#EEECF6	#FEFEFE
4232	#F1F0F8	#FEFEFE
4233	#EDEBF5	#FEFEFE
4234	#E4C4C0	#FDFDFD
4235	#D4CFE8	#FDFDFD
4236	#9B91C9	#FAFAFA
4237	#C5BDDF	#FCFCFC
4238	#A79ECF	#FBFBFB
4239	#E5E2F1	#FEFEFE
4240	#D4CEE7	#FDFDFD
4241	#B7AFD8	#FDFDFD
4242	#F9F8FC	#FFFFFF
4243	#AEA5D3	#FCFCFC
4244	#F8EEED	#FFFFFF
4245	#FAF9FC	#FFFFFF
4246	#E4E0F0	#FEFEFE
4247	#AFA6D3	#FCFCFC
4248	#B7AFD8	#FDFDFD
4249	#C3BBDE	#FDFDFD
4250	#B7AFD8	#FDFDFD
4251	#C3BBDE	#FDFDFD
4254	#D5CFE8	#FEFEFE
4255	#EFEDF6	#FFFFFF
4256	#FBFAFD	#FFFFFF
4257	#D1CBE6	#FCFCFC
4258	#FFFFFF	#FFFFFF
4259	#FCFBFD	#FFFFFF
4260	#C4BCDF	#F9F9F9
4261	#DAD5EB	#FCFCFC
4262	#CCC5E3	#FDFDFD
4263	#EEECF6	#FFFFFF
4264	#F9F9FC	#FFFFFF
4265	#DCD7EC	#FEFEFE
4266	#C5BEE0	#FBFBFB
4267	#B7AFD8	#FDFDFD
4268	#EFEDF6	#FEFEFE
4269	#FAF9FC	#FFFFFF
4270	#E5E2F1	#FEFEFE
4271	#EFEDF6	#FEFEFE
4272	#EDEBF5	#FEFEFE
4273	#FBFBFD	#FFFFFF
4274	#D7D2E9	#FDFDFD
4275	#A197CC	#FBFBFB
4276	#BCB4DB	#FBFBFB
4277	#C4BDDF	#FCFCFC
4278	#DDD9ED	#FEFEFE
4279	#E5E1F1	#FEFEFE
4280	#E4E1F1	#FEFEFE
4281	#DCD7EC	#FEFEFE
4282	#D9D4EB	#FDFDFD
4283	#E4E0F0	#FDFDFD
4284	#E4E1F1	#FEFEFE
4285	#CEC8E4	#FCFCFC
4286	#DED9ED	#FDFDFD
4287	#D4CEE8	#FEFEFE
4288	#9A90C8	#FAFAFA
4289	#FBF6F6	#FFFFFF
4290	#EEECF6	#FFFFFF
4291	#FBF6F6	#FFFFFF
4292	#FAF9FC	#FFFFFF
4293	#E9E5F3	#FEFEFE
4294	#FBFAFD	#FFFFFF
4295	#EFEDF6	#FEFEFE
4296	#EEECF6	#FFFFFF
4297	#EEECF6	#FEFEFE
4298	#DDD9ED	#FEFEFE
4299	#AEA5D3	#FCFCFC
4300	#AFA6D3	#FCFCFC
4301	#EFECF6	#FFFFFF
4302	#E6E3F2	#FEFEFE
4303	#D5CFE8	#FEFEFE
4304	#CCC5E3	#FDFDFD
4305	#F4E5E3	#FEFEFE
4306	#E6E2F1	#FEFEFE
4307	#C3BBDE	#FDFDFD
4308	#FEFDFC	#FFFFFF
4309	#E9E6F3	#FEFEFE
4310	#EFDCD9	#FEFEFE
4311	#FDFBFB	#FFFFFF
4312	#F9F8FC	#FFFFFF
4313	#D8D2EA	#FDFDFD
4314	#E3DFF0	#FEFEFE
4315	#D4A5A0	#FCFCFC
4316	#E4C4BF	#FDFDFD
4317	#E9E5F3	#FEFEFE
4318	#E9E5F3	#FEFEFE
4319	#FDFBFB	#FFFFFF
4320	#D8D3EA	#FDFDFD
4321	#E4E0F0	#FEFEFE
4322	#DED9ED	#FEFEFE
4323	#DCD7EC	#FEFEFE
4324	#FAF9FC	#FFFFFF
4325	#E6E2F1	#FEFEFE
4326	#DEDAED	#FEFEFE
4327	#FBFBFD	#FFFFFF
4328	#DDD8EC	#FEFEFE
4329	#C3BBDE	#FDFDFD
4330	#F2F0F8	#FEFEFE
4331	#D3A49F	#FCFCFC
4332	#F7ECEB	#FFFFFF
4333	#FDF9F9	#FFFFFF
4334	#E7E3F2	#FEFEFE
4335	#D7D1E9	#FDFDFD
4336	#EEECF6	#FFFFFF
4337	#F8EEED	#FFFFFF
4338	#F8EEEC	#FFFFFF
4339	#C2BADE	#FBFBFB
4340	#CBC4E3	#FCFCFC
4341	#D5CFE8	#FEFEFE
4342	#DCD7EC	#FEFEFE
4343	#CBC4E3	#FDFDFD
4344	#F9F8FC	#FFFFFF
4345	#AEA5D3	#FCFCFC
4346	#C3BBDE	#FDFDFD
4347	#E4E1F1	#FEFEFE
4348	#CCC6E3	#FDFDFD
4349	#E8E5F3	#FEFEFE
4350	#EFECF6	#FFFFFF
4351	#EEECF6	#FFFFFF
4352	#AEA5D3	#FCFCFC
4353	#EEECF6	#FFFFFF
4354	#E8E5F3	#FEFEFE
4355	#EAE7F3	#FEFEFE
4356	#EFECF6	#FEFEFE
4357	#E8E5F3	#FEFEFE
4358	#F9F1F0	#FFFFFF
4359	#E8E5F3	#FEFEFE
4360	#E5E1F1	#FDFDFD
4361	#EFECF6	#FEFEFE
4362	#C2BADE	#FBFBFB
4363	#FDFAFA	#FFFFFF
4364	#F6F5FA	#FFFFFF
4365	#F7EDEB	#FEFEFE
4366	#CBC5E3	#FDFDFD
4367	#F1E0DE	#FEFEFE
4368	#D3CDE7	#FDFDFD
4369	#EAE8F4	#FEFEFE
4370	#D7D1E9	#FDFDFD
4371	#D9D3EA	#FDFDFD
4372	#D1CBE6	#FCFCFC
4373	#E3DFF0	#FEFEFE
4374	#C5BEE0	#FAFAFA
4375	#FEFCFC	#FFFFFF
4376	#DEDAED	#FDFDFD
4377	#DDD8EC	#FEFEFE
4378	#FBF6F5	#FFFFFF
4379	#FAF9FC	#FFFFFF
4380	#EBE8F4	#FEFEFE
4381	#D3CDE7	#FDFDFD
4382	#FBF6F5	#FFFFFF
4383	#F8F7FB	#FFFFFF
4384	#D1CBE6	#FCFCFC
4385	#A99FD0	#F9F9F9
4386	#968BC6	#F9F9F9
4387	#BBB3DA	#FAFAFA
4388	#E6E3F2	#FEFEFE
4389	#B8AFD8	#FDFDFD
4390	#9085C3	#F9F9F9
4391	#AFA6D3	#FCFCFC
4392	#FAF9FC	#FFFFFF
4393	#FBF7F6	#FFFFFF
4394	#FAF9FC	#FFFFFF
4395	#B2A9D5	#FAFAFA
4396	#F1E0DE	#FEFEFE
4397	#B7AFD8	#FDFDFD
4398	#FAF9FC	#FFFFFF
4399	#D5CFE8	#FEFEFE
4400	#EBD4D0	#FEFEFE
4401	#C3BBDE	#FDFDFD
4402	#F7ECEB	#FFFFFF
4403	#F7ECEB	#FFFFFF
4404	#D9B0AB	#FDFDFD
4405	#D09E98	#FCFCFC
4406	#F9F1F0	#FFFFFF
4407	#F1E0DD	#FEFEFE
4408	#F7F5FA	#FFFFFF
4409	#CF9C96	#FCFCFC
4410	#F4E6E5	#FEFEFE
4411	#F6EAE8	#FEFEFE
4412	#DEDAED	#FDFDFD
4413	#D3CEE7	#FCFCFC
4414	#FAFAFC	#FFFFFF
4415	#DCD7EC	#FEFEFE
4416	#FEFDFD	#FFFFFF
4417	#EFDCD9	#FEFEFE
4418	#EFEDF6	#FEFEFE
4419	#FAF9FC	#FFFFFF
4420	#D5CFE8	#FDFDFD
4421	#EFEDF6	#FEFEFE
4422	#9086C3	#F9F9F9
4423	#E6E2F1	#FEFEFE
4424	#EDEBF5	#FEFEFE
4425	#CBC5E3	#FCFCFC
4426	#C6BFE0	#FBFBFB
4427	#D7D1E9	#FDFDFD
4428	#F7EDEB	#FEFEFE
4429	#F6F5FA	#FFFFFF
4430	#BEB6DC	#FCFCFC
4431	#E8E5F3	#FEFEFE
4432	#FAFAFC	#FFFFFF
4433	#FCF7F7	#FFFFFF
4434	#F9F1F0	#FFFFFF
4435	#EDEAF5	#FEFEFE
4436	#D8D3EA	#FDFDFD
4437	#D5CFE8	#FEFEFE
4438	#DBD7EC	#FEFEFE
4439	#9B91C9	#FAFAFA
4440	#FAF9FC	#FFFFFF
4441	#DDD8ED	#FEFEFE
4442	#E4E1F1	#FEFEFE
4443	#E4E0F0	#FEFEFE
4444	#B7AFD8	#FDFDFD
4445	#C4BDDF	#FCFCFC
4446	#FAF9FC	#FFFFFF
4447	#E4E1F1	#FEFEFE
4448	#D4CFE8	#FEFEFE
4449	#E1BEB9	#FEFEFE
4450	#E9E6F3	#FEFEFE
4451	#E9E5F3	#FEFEFE
4452	#F1E0DE	#FEFEFE
4453	#F8EEED	#FFFFFF
4454	#F9F8FC	#FFFFFF
4455	#E6E2F1	#FEFEFE
4456	#C3BBDE	#FDFDFD
4457	#FCF7F7	#FFFFFF
4458	#EBD4D0	#FEFEFE
4459	#EFEDF6	#FEFEFE
4460	#EEECF6	#FFFFFF
4461	#E6C8C4	#FDFDFD
4462	#E3DFF0	#FEFEFE
4463	#CCC5E3	#FCFCFC
4464	#EAE7F3	#FEFEFE
4465	#E6E2F1	#FEFEFE
4466	#CF9C96	#FCFCFC
4467	#EEECF6	#FEFEFE
4468	#D8D2EA	#FDFDFD
4469	#F7ECEB	#FFFFFF
4470	#F4E5E4	#FEFEFE
4471	#EEEBF6	#FEFEFE
4472	#D9D4EB	#FCFCFC
4473	#E3DFF0	#FEFEFE
4474	#DAD5EB	#FCFCFC
4475	#EDEAF5	#FEFEFE
4476	#DCD8EC	#FDFDFD
4477	#DEDAED	#FDFDFD
4478	#C1B9DD	#FAFAFA
4479	#C8C1E1	#FCFCFC
4480	#DDD8EC	#FEFEFE
4481	#F7EDEB	#FFFFFF
4482	#F1E0DE	#FEFEFE
4483	#ECEAF5	#FEFEFE
4484	#F9F8FC	#FFFFFF
4485	#D4CFE8	#FDFDFD
4486	#DDD9ED	#FDFDFD
4487	#DFDAED	#FDFDFD
4488	#E6E2F1	#FEFEFE
4489	#EFEDF6	#FEFEFE
4490	#FEFDFD	#FFFFFF
4491	#C4BDDF	#FCFCFC
4492	#E9E6F3	#FEFEFE
4493	#FAF9FC	#FFFFFF
4494	#F7EEEC	#FFFFFF
4495	#F9F8FC	#FFFFFF
4496	#DDD8EC	#FEFEFE
4497	#D4CEE7	#FDFDFD
4498	#F6F5FA	#FFFFFF
4499	#C1BADD	#FBFBFB
4500	#E8E5F3	#FEFEFE
4501	#D5CFE8	#FEFEFE
4502	#DDD8EC	#FEFEFE
4503	#DCD7EC	#FEFEFE
4504	#EFECF6	#FFFFFF
4505	#F9F9FC	#FFFFFF
4506	#D8D3EA	#FDFDFD
4507	#EDEAF5	#FEFEFE
4508	#DED9ED	#FDFDFD
4509	#E8E5F3	#FEFEFE
4510	#CCC5E3	#FDFDFD
4511	#CBC5E3	#FCFCFC
4512	#EFEDF7	#FFFFFF
4513	#B7AFD8	#FBFBFB
4514	#FAF9FC	#FFFFFF
4515	#ECD4D1	#FEFEFE
4516	#C2BBDE	#FBFBFB
4517	#E4E1F1	#FEFEFE
4518	#EFEDF7	#FFFFFF
4519	#AFA6D3	#FCFCFC
4520	#EEECF6	#FFFFFF
4521	#FBF6F6	#FFFFFF
4522	#D2CCE6	#FCFCFC
4523	#A89ECF	#F9F9F9
4524	#DCD7EC	#FEFEFE
4525	#ADA4D2	#FAFAFA
4526	#CEC7E4	#FCFCFC
4527	#DEDAED	#FEFEFE
4528	#CCC5E3	#FDFDFD
4529	#FEFDFD	#FFFFFF
4530	#CDC7E4	#FDFDFD
4531	#A89ECF	#FBFBFB
4532	#C5BEDF	#FCFCFC
4533	#FCFCFE	#FFFFFF
4534	#FAF9FC	#FFFFFF
4535	#A79ECF	#FBFBFB
4536	#D1CBE6	#FCFCFC
4537	#F2F0F8	#FEFEFE
4538	#B2A9D5	#FAFAFA
4539	#E8E5F2	#FEFEFE
4540	#EDEBF5	#FEFEFE
4541	#DCD7EC	#FEFEFE
4542	#E6E3F1	#FEFEFE
4543	#B7AFD8	#FDFDFD
4544	#C3BBDE	#FDFDFD
4545	#E8CDCA	#FEFEFE
4546	#F2F0F8	#FFFFFF
4547	#FEFDFD	#FFFFFF
4548	#E1BEBA	#FEFEFE
4549	#E8E5F3	#FEFEFE
4550	#DCD7EC	#FEFEFE
4551	#D9B0AA	#FDFDFD
4552	#EEECF6	#FFFFFF
4553	#FBF6F6	#FFFFFF
4554	#FBFAFD	#FFFFFF
4555	#FBFAFD	#FFFFFF
4556	#D3CEE7	#FDFDFD
4557	#CCC5E3	#FDFDFD
4558	#F9F8FC	#FFFFFF
4559	#C4BCDF	#FCFCFC
4560	#C3BBDE	#FDFDFD
4561	#E8E5F3	#FEFEFE
4562	#DDD8EC	#FEFEFE
4563	#DDD8ED	#FEFEFE
4564	#DDD8EC	#FEFEFE
4565	#C3BBDE	#FDFDFD
4566	#EDEBF5	#FEFEFE
4567	#EBD4D0	#FEFEFE
4568	#DDD8ED	#FEFEFE
4569	#BEB6DC	#FCFCFC
4570	#CCC5E3	#FDFDFD
4571	#EDEAF5	#FEFEFE
4572	#F6F4FA	#FFFFFF
4573	#FBFBFD	#FFFFFF
4574	#EDEAF5	#FEFEFE
4575	#FBF6F5	#FFFFFF
4576	#E5E1F1	#FEFEFE
4577	#D2CCE6	#FCFCFC
4578	#F6F5FA	#FFFFFF
4579	#D7D2E9	#FDFDFD
4580	#DDD8EC	#FEFEFE
4581	#AFA6D3	#FCFCFC
4582	#F1DFDD	#FEFEFE
4583	#FBFBFD	#FFFFFF
4584	#CEC8E4	#FDFDFD
4585	#CCC5E3	#FDFDFD
4586	#E9E6F3	#FEFEFE
4587	#A79DCF	#FBFBFB
4588	#C1BADD	#FAFAFA
4589	#CCC5E3	#FDFDFD
4590	#FBFAFD	#FFFFFF
4591	#D7D2EA	#FDFDFD
4592	#EBE8F4	#FEFEFE
4593	#C5BEDF	#FCFCFC
4594	#E6E2F1	#FEFEFE
4595	#EAE8F4	#FEFEFE
4596	#CBC5E3	#FDFDFD
4597	#D3CEE7	#FDFDFD
4598	#E9E6F3	#FEFEFE
4599	#D5CFE8	#FDFDFD
4601	#FBFAFD	#FFFFFF
4602	#E9E6F3	#FEFEFE
4603	#CDC7E4	#FCFCFC
4604	#CCC5E3	#FDFDFD
4605	#DCD7EC	#FEFEFE
4606	#D4CEE8	#FEFEFE
4607	#F1DFDD	#FEFEFE
4608	#D5CFE8	#FEFEFE
4609	#D9B0AB	#FDFDFD
4610	#CCC5E3	#FDFDFD
4611	#FBFAFD	#FFFFFF
4612	#CEC8E4	#FDFDFD
4613	#DBD7EC	#FEFEFE
4614	#EBE8F4	#FEFEFE
4615	#FAF9FC	#FFFFFF
4616	#EFEDF7	#FFFFFF
4617	#B7AED8	#FDFDFD
4618	#F1EFF8	#FFFFFF
4619	#EDEBF5	#FEFEFE
4620	#E8CECA	#FEFEFE
4621	#FBF7F6	#FFFFFF
4622	#FFFEFE	#FFFFFF
4623	#CC9791	#FCFCFC
4624	#F6F5FA	#FFFFFF
4625	#FBFBFD	#FFFFFF
4626	#D8D3EA	#FCFCFC
4627	#DEDAED	#FEFEFE
4628	#F8F7FB	#FFFFFF
4629	#D4CEE8	#FCFCFC
4630	#C7C0E0	#FCFCFC
4631	#FBF5F5	#FFFFFF
4632	#A89ECF	#FBFBFB
4633	#D4CEE7	#FDFDFD
4634	#F9F9FC	#FFFFFF
4635	#C4BDDF	#FCFCFC
4636	#D4CEE8	#FDFDFD
4637	#FEFDFD	#FFFFFF
4638	#D5CFE8	#FDFDFD
4639	#CCC5E3	#FDFDFD
4640	#D4CFE8	#FDFDFD
4641	#FEFDFC	#FFFFFF
4642	#EEECF6	#FFFFFF
4643	#F6F5FA	#FFFFFF
4644	#EEECF6	#FFFFFF
4645	#E4E1F1	#FEFEFE
4646	#F9F9FC	#FFFFFF
4647	#A197CC	#FBFBFB
4648	#E6E3F2	#FEFEFE
4649	#B7AFD8	#FDFDFD
4650	#D4CEE7	#FDFDFD
4651	#FBFAFD	#FFFFFF
4652	#E5E1F1	#FEFEFE
4653	#F1DFDD	#FEFEFE
4654	#E4E0F0	#FEFEFE
4655	#FFFFFF	#FFFFFF
4656	#E4C4C0	#FDFDFD
4657	#F9F8FC	#FFFFFF
4658	#F8EEED	#FFFFFF
4659	#E1BEBA	#FEFEFE
4660	#D3CEE7	#FDFDFD
4661	#E5E2F1	#FEFEFE
4662	#EEECF6	#FFFFFF
4663	#FBFAFD	#FFFFFF
4664	#DCD7EC	#FEFEFE
4665	#EDEAF5	#FEFEFE
4666	#DCD8EC	#FEFEFE
4667	#CCC5E3	#FDFDFD
4668	#B7AFD8	#FDFDFD
4669	#F7F6FB	#FFFFFF
4670	#DFDBEE	#FEFEFE
4671	#E5E1F1	#FEFEFE
4672	#E4E1F1	#FEFEFE
4673	#E5E2F1	#FEFEFE
4674	#B8AFD8	#FBFBFB
4675	#C4BDDF	#FCFCFC
4676	#EBE8F4	#FEFEFE
4677	#FDFBFA	#FFFFFF
4678	#D8D2EA	#FDFDFD
4679	#E5E1F1	#FDFDFD
4680	#F2F0F8	#FFFFFF
4681	#FEFDFD	#FFFFFF
4682	#F9F1F0	#FFFFFF
4683	#B7AFD8	#FDFDFD
4684	#FAF9FC	#FFFFFF
4685	#E6E3F2	#FEFEFE
4686	#E5E1F1	#FEFEFE
4687	#A197CC	#FBFBFB
4688	#D3CEE7	#FDFDFD
4689	#EEECF6	#FEFEFE
4690	#E9E5F3	#FEFEFE
4691	#FBFAFD	#FFFFFF
4692	#F2F0F8	#FFFFFF
4693	#E6E3F2	#FEFEFE
4694	#C8C0E1	#FCFCFC
4695	#E6E2F1	#FEFEFE
4696	#DCD7EC	#FEFEFE
4697	#FBF6F5	#FFFFFF
4698	#FBF6F5	#FFFFFF
4699	#CBC5E3	#FDFDFD
4700	#C3BBDE	#FDFDFD
4701	#E9E5F3	#FEFEFE
4702	#FBF5F4	#FFFFFF
4703	#C4BDDF	#FCFCFC
4704	#EFEDF6	#FFFFFF
4705	#FBFAFD	#FFFFFF
4706	#B7AFD8	#FDFDFD
4707	#F9F8FC	#FFFFFF
4708	#DCD8EC	#FEFEFE
4709	#FAF9FC	#FFFFFF
4710	#FAF9FC	#FFFFFF
4711	#EFECF6	#FFFFFF
4712	#FAF9FC	#FFFFFF
4713	#D4CEE7	#FDFDFD
4714	#CDC7E4	#FCFCFC
4715	#F9F9FC	#FFFFFF
4716	#D4A5A0	#FCFCFC
4717	#F8EEED	#FFFFFF
4718	#FAFAFC	#FFFFFF
4719	#DCD7EC	#FEFEFE
4720	#A79ECF	#FBFBFB
4721	#D7D2E9	#FDFDFD
4722	#E4E0F0	#FEFEFE
4723	#B7AFD8	#FDFDFD
4724	#D0C9E5	#FBFBFB
4725	#FBF5F5	#FFFFFF
4726	#DED9ED	#FEFEFE
4727	#E1DDEF	#FDFDFD
4728	#EAE7F3	#FEFEFE
4729	#FEFDFC	#FFFFFF
4730	#F9F1F0	#FFFFFF
4731	#FEFCFB	#FFFFFF
4732	#8B81C0	#F8F8F8
4733	#F7EDEB	#FFFFFF
4734	#CCC5E3	#FDFDFD
4735	#FAFAFD	#FFFFFF
4736	#EDEAF5	#FEFEFE
4737	#ECD5D2	#FEFEFE
4738	#F8EFED	#FFFFFF
4739	#E8E5F3	#FEFEFE
4740	#CBC4E3	#FDFDFD
4741	#EFECF6	#FFFFFF
4742	#D1CBE6	#FCFCFC
4743	#CDC7E4	#FCFCFC
4744	#FBF6F5	#FFFFFF
4745	#DDD8ED	#FDFDFD
4746	#CEC8E4	#FDFDFD
4747	#FEFCFC	#FFFFFF
4748	#AFA5D3	#FCFCFC
4749	#D4CEE8	#FDFDFD
4750	#E6C8C4	#FDFDFD
4751	#DED9ED	#FEFEFE
4752	#E9E5F3	#FEFEFE
4753	#FBFBFD	#FFFFFF
4754	#DDD8EC	#FEFEFE
4755	#D3CDE7	#FDFDFD
4756	#E8E5F3	#FEFEFE
4757	#F8EEED	#FFFFFF
4758	#E4E0F0	#FEFEFE
4759	#EEECF6	#FFFFFF
4760	#FAFAFC	#FFFFFF
4761	#F7EDEB	#FFFFFF
4762	#E8E5F3	#FEFEFE
4763	#D4CFE8	#FEFEFE
4764	#DDD8EC	#FEFEFE
4765	#EFECF6	#FEFEFE
4766	#EFEDF6	#FEFEFE
4767	#D4CEE8	#FDFDFD
4768	#FBFAFD	#FFFFFF
4769	#FAF9FC	#FFFFFF
4770	#FBF7F6	#FFFFFF
4771	#DED9ED	#FEFEFE
4772	#D5CFE8	#FEFEFE
4773	#FBFAFD	#FFFFFF
4774	#CCC5E3	#FDFDFD
4775	#EAE7F4	#FEFEFE
4776	#FAF9FC	#FFFFFF
4777	#BCB4DA	#FAFAFA
4778	#E4E0F0	#FEFEFE
4779	#E5E1F1	#FEFEFE
4780	#EAE7F4	#FEFEFE
4781	#A79DCF	#F9F9F9
4782	#E4E0F0	#FEFEFE
4783	#D5CFE8	#FEFEFE
4784	#CCC5E3	#FDFDFD
4785	#E6E3F1	#FEFEFE
4786	#D4CEE8	#FDFDFD
4787	#FAF9FC	#FFFFFF
4788	#DDD8EC	#FEFEFE
4789	#9086C3	#F9F9F9
4790	#B7AFD8	#FDFDFD
4791	#CEC8E5	#FCFCFC
4792	#DCD7EC	#FEFEFE
4793	#D8D3EA	#FDFDFD
4794	#E6E3F1	#FEFEFE
4795	#F7ECEB	#FFFFFF
4796	#FBFBFD	#FFFFFF
4797	#D1CBE6	#FCFCFC
4798	#FEFDFD	#FFFFFF
4799	#FAF9FC	#FFFFFF
4800	#D4CEE7	#FDFDFD
4801	#B7AFD8	#FDFDFD
4802	#BEB6DC	#FCFCFC
4803	#D4CEE7	#FDFDFD
4804	#AFA5D3	#FCFCFC
4805	#ECD5D2	#FEFEFE
4806	#E1BEB9	#FEFEFE
4807	#AFA5D3	#FCFCFC
4808	#EBD4D0	#FEFEFE
4809	#FBFBFD	#FFFFFF
4810	#E1BEBA	#FEFEFE
4811	#FAF9FC	#FFFFFF
4812	#E8E5F3	#FEFEFE
4813	#C4BDDF	#FCFCFC
4814	#C5BDDF	#FCFCFC
4815	#CDC7E4	#FCFCFC
4816	#CC9791	#FCFCFC
4817	#F0EDF7	#FFFFFF
4818	#F6F5FA	#FFFFFF
4819	#C4BDDF	#FCFCFC
4820	#D5CFE8	#FEFEFE
4821	#F3E5E3	#FEFEFE
4822	#E1BEB9	#FDFDFD
4823	#B7AFD8	#FDFDFD
4824	#D1CBE6	#FBFBFB
4825	#D3CEE7	#FCFCFC
4826	#F7EDEC	#FEFEFE
4827	#F1EFF7	#FEFEFE
4828	#E5E2F1	#FEFEFE
4829	#DDD8EC	#FDFDFD
4830	#C1BADE	#FBFBFB
4831	#FEFDFD	#FFFFFF
4832	#B7AFD8	#FDFDFD
4833	#FBFBFD	#FFFFFF
4834	#A197CC	#FBFBFB
4835	#D6D1E9	#FDFDFD
4836	#E4E1F1	#FEFEFE
4837	#DDD8EC	#FEFEFE
4838	#E6E2F1	#FEFEFE
4839	#A79ECF	#FBFBFB
4840	#E5E1F1	#FEFEFE
4841	#DFDAED	#FEFEFE
4842	#ACA3D2	#FAFAFA
4843	#C6BFE0	#FBFBFB
4844	#E4E0F0	#FEFEFE
4845	#FBFAFD	#FFFFFF
4846	#FBF5F5	#FFFFFF
4847	#F9F1F0	#FFFFFF
4848	#E8CDCA	#FEFEFE
4849	#FAF9FC	#FFFFFF
4850	#DDD8ED	#FEFEFE
4851	#9B91C9	#FAFAFA
4852	#D4CFE8	#FEFEFE
4853	#CCC5E3	#FDFDFD
4854	#EDEBF5	#FEFEFE
4855	#FBFAFD	#FFFFFF
4856	#C3BBDE	#FDFDFD
4857	#D5CFE8	#FEFEFE
4858	#C3BBDE	#FDFDFD
4859	#E1BEBA	#FEFEFE
4860	#F8EEED	#FFFFFF
4861	#CBC5E3	#FDFDFD
4862	#FBFBFD	#FFFFFF
4863	#D5D0E8	#FDFDFD
4864	#F9F8FC	#FFFFFF
4865	#FFFEFE	#FFFFFF
4866	#E4E1F1	#FEFEFE
4867	#EEECF6	#FFFFFF
4868	#E8CDCA	#FEFEFE
4869	#FAFAFD	#FFFFFF
4870	#AFA6D3	#FCFCFC
4871	#FAF9FC	#FFFFFF
4872	#FBFBFD	#FFFFFF
4873	#C7C0E0	#FCFCFC
4874	#FBF6F5	#FFFFFF
4875	#CEC7E4	#FDFDFD
4876	#F7EDEC	#FEFEFE
4877	#E2DEEF	#FDFDFD
4878	#F0EEF7	#FEFEFE
4879	#E8E5F2	#FEFEFE
4880	#C7C0E1	#FCFCFC
4881	#D4CFE8	#FDFDFD
4882	#B7AFD8	#FDFDFD
4883	#D4CEE8	#FDFDFD
4884	#C3BBDE	#FDFDFD
4885	#D9D4EA	#FDFDFD
4886	#C6BFE0	#FBFBFB
4887	#958AC5	#F9F9F9
4888	#EEECF6	#FFFFFF
4889	#EFECF6	#FEFEFE
4890	#FBFBFD	#FFFFFF
4891	#D1CBE6	#FCFCFC
4892	#F9F8FC	#FFFFFF
4893	#DDD8EC	#FEFEFE
4894	#A399CD	#F8F8F8
4895	#F9F8FC	#FFFFFF
4896	#E6C9C5	#FDFDFD
4897	#F1E0DE	#FEFEFE
4898	#C4BDDF	#FCFCFC
4899	#E8E5F3	#FEFEFE
4900	#EFEDF6	#FEFEFE
4901	#EEECF6	#FFFFFF
4902	#FAF9FC	#FFFFFF
4903	#FEFEFD	#FFFFFF
4904	#E8E5F3	#FEFEFE
4905	#CCC5E3	#FDFDFD
4906	#DDD8ED	#FEFEFE
4907	#E9E5F3	#FEFEFE
4908	#FAF9FC	#FFFFFF
4909	#DDD8ED	#FEFEFE
4910	#E5E2F1	#FEFEFE
4911	#AFA6D3	#FCFCFC
4912	#F6F4FA	#FFFFFF
4913	#EEECF6	#FFFFFF
4914	#EEECF6	#FFFFFF
4915	#EFEDF6	#FEFEFE
4916	#F6F4FA	#FFFFFF
4917	#FBF6F5	#FFFFFF
4918	#AFA6D3	#FCFCFC
4919	#FEFDFD	#FFFFFF
4920	#F7EEEC	#FFFFFF
4921	#D4CEE7	#FDFDFD
4922	#ECD5D1	#FEFEFE
4923	#FFFFFF	#FFFFFF
4924	#C3BBDE	#FDFDFD
4925	#F7EDEC	#FEFEFE
4926	#EDEAF5	#FEFEFE
4927	#DFDAED	#FEFEFE
4928	#D9D4EB	#FDFDFD
4929	#F2F0F8	#FFFFFF
4930	#E4E1F1	#FEFEFE
4931	#E3DFF0	#FEFEFE
4932	#FBF6F5	#FFFFFF
4933	#E4E1F1	#FEFEFE
4934	#D8D3EA	#FDFDFD
4935	#E9E5F3	#FEFEFE
4936	#F1E0DD	#FEFEFE
4937	#DEDAED	#FDFDFD
4938	#F4E5E3	#FEFEFE
4939	#FEFDFD	#FFFFFF
4940	#E9CECA	#FEFEFE
4941	#BEB6DB	#FCFCFC
4942	#B3ABD6	#F9F9F9
4943	#FAF9FC	#FFFFFF
4944	#D9D4EB	#FDFDFD
4945	#BDB5DB	#FCFCFC
4946	#F1E0DE	#FEFEFE
4947	#FBF6F6	#FFFFFF
4948	#E5E1F1	#FEFEFE
4949	#FBFAFD	#FFFFFF
4950	#D9D4EA	#FDFDFD
4951	#DCD8EC	#FEFEFE
4952	#FBFAFD	#FFFFFF
4953	#CBC5E3	#FDFDFD
4954	#FBF6F5	#FFFFFF
4955	#E5E1F1	#FEFEFE
4956	#E5E2F1	#FEFEFE
4957	#EFECF6	#FFFFFF
4958	#E8CDCA	#FEFEFE
4959	#E8E5F3	#FEFEFE
4960	#D4CFE8	#FEFEFE
4961	#E8E5F3	#FEFEFE
4962	#D4CEE7	#FDFDFD
4963	#E5E2F1	#FEFEFE
4964	#BEB6DC	#FCFCFC
4965	#DDD8ED	#FEFEFE
4966	#F9F8FC	#FFFFFF
4967	#E9CECB	#FEFEFE
4969	#F9F8FC	#FFFFFF
4970	#AEA5D3	#FCFCFC
4971	#EEECF6	#FFFFFF
4972	#EFEDF6	#FEFEFE
4973	#CDC6E4	#FDFDFD
4974	#C7C0E1	#FCFCFC
4975	#E5E2F1	#FEFEFE
4976	#EFECF6	#FEFEFE
4977	#EFDBD8	#FEFEFE
4978	#E3E0F0	#FEFEFE
4979	#FFFFFF	#FFFFFF
4980	#D4CFE8	#FDFDFD
4981	#A89ED0	#F9F9F9
4982	#FBF6F5	#FFFFFF
4983	#DCD8EC	#FEFEFE
4984	#EBE8F4	#FEFEFE
4985	#B1A8D5	#FAFAFA
4986	#DBD7EC	#FEFEFE
4987	#E6E3F2	#FEFEFE
4988	#D1CBE6	#FCFCFC
4989	#E9E5F3	#FEFEFE
4990	#F8EEED	#FFFFFF
4991	#CBC4E3	#FCFCFC
4992	#EAE8F4	#FEFEFE
4993	#CCC6E3	#FBFBFB
4994	#B8B0D8	#FBFBFB
4995	#D2CCE7	#FCFCFC
4996	#F7ECEB	#FFFFFF
4997	#E5E1F1	#FEFEFE
4998	#B8AFD8	#FDFDFD
4999	#DDD8ED	#FEFEFE
5000	#D4CEE8	#FDFDFD
5001	#DFDAED	#FDFDFD
5002	#FBF6F5	#FFFFFF
5003	#CCC5E3	#FDFDFD
5004	#FBF6F5	#FFFFFF
5005	#FEFDFC	#FFFFFF
5006	#D4CFE8	#FDFDFD
5007	#D4CEE8	#FEFEFE
5008	#C3BBDE	#FDFDFD
5009	#CEC8E4	#FDFDFD
5010	#FBFBFD	#FFFFFF
5011	#F3F1F8	#FFFFFF
5012	#EAE7F4	#FEFEFE
5013	#DDD8ED	#FEFEFE
5014	#D4CEE7	#FDFDFD
5015	#A197CC	#FBFBFB
5016	#EFDCD9	#FEFEFE
5017	#DDD8EC	#FEFEFE
5018	#C3BBDE	#FDFDFD
5019	#FAF9FC	#FFFFFF
5020	#EEECF6	#FFFFFF
5021	#DDD8ED	#FEFEFE
5022	#B7AFD8	#FDFDFD
5023	#F8EEED	#FFFFFF
5024	#D4CFE8	#FEFEFE
5025	#FBFAFD	#FFFFFF
5026	#D9D4EB	#FDFDFD
5027	#E8E5F3	#FEFEFE
5028	#F2E2E0	#FEFEFE
5029	#DDD9ED	#FDFDFD
5030	#F9F1F0	#FFFFFF
5031	#F6F4FA	#FFFFFF
5032	#D5CFE8	#FDFDFD
5033	#DCD7EC	#FEFEFE
5034	#E8E5F2	#FEFEFE
5035	#A197CC	#FBFBFB
5036	#ECD6D3	#FEFEFE
5037	#EFEDF6	#FEFEFE
5038	#D7D2E9	#FDFDFD
5039	#FBF6F5	#FFFFFF
5040	#FBF6F5	#FFFFFF
5041	#D4CEE7	#FDFDFD
5042	#CCC5E3	#FDFDFD
5043	#A79DCF	#FBFBFB
5044	#EAE7F3	#FEFEFE
5045	#C0B9DD	#FBFBFB
5046	#EFECF6	#FFFFFF
5047	#E8E5F2	#FEFEFE
5048	#A197CC	#FBFBFB
5049	#FAF9FC	#FFFFFF
5050	#FAFAFC	#FFFFFF
5051	#EAE7F4	#FEFEFE
5052	#F6F4FA	#FFFFFF
5053	#FBFBFD	#FFFFFF
5054	#F1E0DE	#FEFEFE
5055	#968BC6	#F9F9F9
5056	#E5E1F1	#FEFEFE
5057	#FEFCFC	#FFFFFF
5058	#EFEDF7	#FEFEFE
5059	#FAF9FC	#FFFFFF
5060	#E9E5F3	#FEFEFE
5061	#E4E1F1	#FEFEFE
5062	#E6E2F1	#FEFEFE
5063	#EDEAF5	#FEFEFE
5064	#EEEBF6	#FFFFFF
5065	#FEFDFD	#FFFFFF
5066	#CCC6E3	#FDFDFD
5067	#EEECF6	#FFFFFF
5068	#FBF6F5	#FFFFFF
5069	#CF9D97	#FCFCFC
5070	#EFECF6	#FFFFFF
5071	#FCFBFD	#FFFFFF
5072	#F8EEED	#FFFFFF
5073	#E4E1F1	#FEFEFE
5074	#C3BBDE	#FDFDFD
5075	#F9F8FC	#FFFFFF
5076	#D4CEE8	#FDFDFD
5077	#E4C4C0	#FDFDFD
5078	#EFEDF7	#FFFFFF
5079	#E5E2F1	#FEFEFE
5080	#CEC8E5	#FCFCFC
5081	#FCFBFD	#FFFFFF
5082	#A79ECF	#FBFBFB
5083	#E4E0F0	#FEFEFE
5084	#E5E2F1	#FEFEFE
5085	#EFECF6	#FEFEFE
5086	#EEECF6	#FFFFFF
5087	#CCC6E4	#FCFCFC
5088	#FCFCFD	#FFFFFF
5089	#AFA6D3	#FCFCFC
5090	#E9E5F3	#FEFEFE
5091	#FEFDFD	#FFFFFF
5092	#A79DCF	#FBFBFB
5093	#E5E1F1	#FEFEFE
5094	#CCC6E3	#FCFCFC
5095	#C3BBDE	#FDFDFD
5096	#BEB6DC	#FAFAFA
5097	#FBF7F6	#FFFFFF
5098	#EDEAF5	#FEFEFE
5099	#FBF6F6	#FFFFFF
5100	#EEECF6	#FFFFFF
5101	#B7AFD8	#FDFDFD
