group	fill	colour
1	#FAF2F2	#FFFFFF
2	#F7EDEB	#FFFFFF
3	#F0DEDC	#FDFDFD
4	#F4E5E3	#FEFEFE
5	#F0EEF7	#FEFEFE
6	#EAE8F4	#FEFEFE
7	#ECD5D3	#FEFEFE
8	#FBFAFD	#FFFFFF
9	#F6F5FA	#FFFFFF
10	#F8EEED	#FFFFFF
11	#D4CFE8	#FDFDFD
12	#F1E0DD	#FEFEFE
13	#FBFAFD	#FFFFFF
14	#F4E6E4	#FEFEFE
15	#EFECF6	#FEFEFE
16	#FBF6F5	#FFFFFF
18	#EBD4D0	#FEFEFE
19	#FBFBFD	#FFFFFF
20	#ECD5D2	#FEFEFE
21	#F5F4FA	#FFFFFF
22	#EBD3D0	#FEFEFE
23	#EED9D6	#FEFEFE
24	#ECD5D2	#FEFEFE
25	#F8EFEE	#FEFEFE
26	#F4E6E4	#FEFEFE
27	#FAFAFC	#FFFFFF
28	#D4CFE8	#FEFEFE
29	#E8E5F3	#FEFEFE
30	#E8CDC9	#FEFEFE
31	#FBF7F6	#FFFFFF
32	#FAF9FC	#FFFFFF
33	#E1BEB9	#FEFEFE
34	#E8E5F3	#FEFEFE
35	#EEECF6	#FFFFFF
36	#DEB9B5	#FCFCFC
37	#FBF6F6	#FFFFFF
38	#EFECF6	#FEFEFE
39	#F6EBEA	#FFFFFF
40	#F8EEED	#FFFFFF
41	#E8E5F3	#FEFEFE
42	#FAF9FC	#FFFFFF
43	#F9F1F0	#FFFFFF
44	#F1E0DE	#FEFEFE
45	#F8EEED	#FFFFFF
46	#F3E4E2	#FEFEFE
47	#FDFDFE	#FFFFFF
48	#EFDCDA	#FEFEFE
49	#FEFDFC	#FFFFFF
50	#FDFCFE	#FFFFFF
52	#F4E7E5	#FEFEFE
53	#F4E7E5	#FEFEFE
54	#F7F5FA	#FFFFFF
55	#D9B0AB	#FDFDFD
56	#FAF9FC	#FFFFFF
57	#EDD7D4	#FEFEFE
58	#FEFCFC	#FFFFFF
59	#EEECF6	#FFFFFF
60	#FAF9FC	#FFFFFF
61	#F0DDDA	#FEFEFE
62	#E4C4C0	#FDFDFD
63	#E8E5F3	#FEFEFE
64	#F3E4E2	#FEFEFE
65	#F1E0DE	#FEFEFE
66	#FDFBFA	#FFFFFF
67	#F8EEED	#FFFFFF
68	#E1BEBA	#FEFEFE
69	#B7AFD8	#FDFDFD
70	#EFDCDA	#FEFEFE
71	#F7EDEB	#FFFFFF
72	#E8E5F3	#FEFEFE
73	#DDD8EC	#FEFEFE
74	#FBF6F5	#FFFFFF
75	#EFEDF7	#FEFEFE
76	#CB9690	#FCFCFC
77	#F7EDEC	#FEFEFE
78	#E1BEB9	#FEFEFE
79	#F1E0DD	#FEFEFE
80	#E9E5F3	#FEFEFE
81	#EEECF6	#FFFFFF
82	#FBF6F5	#FFFFFF
83	#B8AFD8	#FDFDFD
84	#E8E5F3	#FEFEFE
85	#D4CFE8	#FEFEFE
86	#F7EEEC	#FEFEFE
87	#FBFAFD	#FFFFFF
88	#EBD4D0	#FEFEFE
89	#ECD5D2	#FEFEFE
90	#EBD4D0	#FEFEFE
91	#F0EDF7	#FFFFFF
92	#D4A5A0	#FCFCFC
93	#E9E6F3	#FEFEFE
94	#E9E6F3	#FEFEFE
95	#DDD8ED	#FEFEFE
97	#E4C4C0	#FDFDFD
98	#ECD5D2	#FDFDFD
99	#F6EAE8	#FEFEFE
100	#F4F2F9	#FEFEFE
101	#D9B0AB	#FDFDFD
102	#ECD4D1	#FDFDFD
103	#EFECF6	#FEFEFE
104	#FFFFFF	#FFFFFF
105	#EAE7F4	#FEFEFE
106	#F0EDF7	#FFFFFF
107	#F7ECEB	#FFFFFF
108	#F6EAE8	#FEFEFE
109	#ECD4D1	#FDFDFD
110	#FBF6F5	#FFFFFF
111	#C3BBDE	#FDFDFD
112	#E6E2F1	#FEFEFE
113	#EEEBF6	#FFFFFF
114	#E5E1F1	#FEFEFE
115	#F9F2F1	#FEFEFE
116	#F8EEED	#FFFFFF
117	#F1E0DE	#FEFEFE
118	#FAF9FC	#FFFFFF
119	#F1E0DD	#FEFEFE
120	#EBD4D0	#FEFEFE
121	#F7ECEB	#FFFFFF
122	#F7EDEB	#FFFFFF
123	#F7EDEB	#FFFFFF
124	#ECD5D2	#FEFEFE
125	#FFFFFF	#FFFFFF
126	#F3E5E3	#FEFEFE
127	#D4A6A0	#FCFCFC
129	#D5CFE8	#FEFEFE
130	#FBFAFD	#FFFFFF
131	#FAF9FC	#FFFFFF
132	#ECD5D2	#FEFEFE
133	#D9AFAA	#FDFDFD
134	#FAF9FC	#FFFFFF
135	#CF9C96	#FCFCFC
136	#F8EEED	#FFFFFF
137	#F4E7E5	#FEFEFE
138	#FBF6F5	#FFFFFF
139	#F1E0DE	#FEFEFE
140	#D9B0AA	#FDFDFD
141	#E8E5F3	#FEFEFE
142	#E1BEBA	#FEFEFE
143	#F7EDEB	#FFFFFF
144	#F8EEED	#FFFFFF
145	#E8CECA	#FEFEFE
146	#FAF9FC	#FFFFFF
147	#F2E2E0	#FEFEFE
148	#FCFBFD	#FFFFFF
149	#DBB4AF	#FCFCFC
150	#FEFDFD	#FFFFFF
151	#F9F1F0	#FFFFFF
153	#F7ECEB	#FFFFFF
154	#FFFFFF	#FFFFFF
155	#CC9791	#FCFCFC
156	#E4C4C0	#FDFDFD
157	#E8CDCA	#FEFEFE
158	#D4A5A0	#FCFCFC
159	#E1BEBA	#FEFEFE
160	#F4E5E3	#FEFEFE
161	#C68D87	#FBFBFB
162	#E1BEB9	#FDFDFD
163	#EDD6D3	#FEFEFE
164	#FEFDFD	#FFFFFF
165	#FBF5F5	#FFFFFF
166	#F0DDDA	#FEFEFE
167	#D4CFE8	#FDFDFD
168	#EDD6D3	#FEFEFE
169	#F7EEEC	#FFFFFF
170	#E9E5F3	#FEFEFE
171	#F6F4FA	#FFFFFF
172	#FAF9FC	#FFFFFF
173	#D4CEE8	#FDFDFD
174	#958AC5	#F9F9F9
175	#FBFAFD	#FFFFFF
176	#ECD5D2	#FEFEFE
177	#F1E0DD	#FEFEFE
178	#CF9D97	#FCFCFC
179	#FBFAFD	#FFFFFF
180	#F7ECEB	#FFFFFF
181	#EBD4D0	#FEFEFE
182	#FBF6F5	#FFFFFF
183	#FAF9FC	#FFFFFF
184	#E9CECB	#FEFEFE
185	#D9AFAA	#FDFDFD
186	#E8E5F3	#FEFEFE
187	#F4E6E4	#FEFEFE
188	#E4E0F0	#FEFEFE
189	#FAFAFC	#FFFFFF
190	#F1E0DD	#FEFEFE
191	#ECD4D1	#FEFEFE
192	#D4A5A0	#FCFCFC
193	#CC9790	#FCFCFC
194	#F7F5FA	#FFFFFF
195	#F9F0EF	#FFFFFF
196	#FEFDFD	#FFFFFF
198	#FAF9FC	#FFFFFF
199	#FEFDFD	#FFFFFF
200	#FEFDFD	#FFFFFF
201	#E5E2F1	#FEFEFE
202	#D8D2EA	#FDFDFD
203	#F1E0DD	#FEFEFE
204	#E3C3BF	#FDFDFD
205	#D9AFAA	#FDFDFD
206	#E7CBC7	#FDFDFD
207	#F6F5FA	#FFFFFF
208	#F8EEED	#FFFFFF
209	#E0BDB9	#FEFEFE
210	#D9B0AA	#FDFDFD
211	#EAD0CD	#FDFDFD
212	#F7EDEC	#FEFEFE
213	#FDFAFA	#FFFFFF
214	#FDFBFA	#FFFFFF
215	#F9F9FC	#FFFFFF
216	#FAF9FC	#FFFFFF
217	#FEFDFE	#FFFFFF
218	#E8CDCA	#FEFEFE
219	#B7AFD8	#FDFDFD
220	#ECD5D2	#FEFEFE
221	#F6F5FA	#FFFFFF
222	#E1BEBA	#FEFEFE
223	#E2C1BC	#FDFDFD
224	#DED9ED	#FEFEFE
225	#C3BBDE	#FDFDFD
227	#F1DFDD	#FEFEFE
228	#F9F9FC	#FFFFFF
229	#EFEDF6	#FEFEFE
230	#B7AED8	#FDFDFD
231	#D5CFE8	#FEFEFE
232	#F9F8FC	#FFFFFF
233	#D4CEE7	#FDFDFD
234	#AEA5D3	#FCFCFC
235	#FAFAFC	#FFFFFF
236	#F2E2E0	#FEFEFE
237	#FEFDFD	#FFFFFF
238	#F7EDEB	#FFFFFF
239	#F8EEED	#FFFFFF
240	#F7EDEB	#FFFFFF
241	#E0BEB9	#FEFEFE
242	#E6C8C4	#FDFDFD
243	#E9CECB	#FEFEFE
244	#E6C8C4	#FDFDFD
245	#EED9D6	#FEFEFE
246	#C38780	#FAFAFA
247	#F4E6E4	#FEFEFE
248	#FEFDFD	#FFFFFF
249	#EBD4D0	#FEFEFE
250	#F7F5FA	#FFFFFF
251	#FBF6F5	#FFFFFF
252	#E6E2F1	#FEFEFE
254	#E1BEB9	#FDFDFD
255	#E4C4C0	#FDFDFD
256	#CC9791	#FCFCFC
257	#E8E5F3	#FEFEFE
259	#ECD5D2	#FEFEFE
260	#EBD4D0	#FEFEFE
261	#EFDCD9	#FEFEFE
262	#E4C4C0	#FDFDFD
263	#DEB9B5	#FCFCFC
264	#F7F5FA	#FFFFFF
265	#E3DFF0	#FEFEFE
266	#E1BEBA	#FEFEFE
267	#F6F5FA	#FFFFFF
268	#DDD9ED	#FDFDFD
269	#F1E0DD	#FEFEFE
270	#E9CECB	#FEFEFE
271	#F4E6E4	#FEFEFE
272	#ECD5D2	#FEFEFE
273	#D3CEE7	#FDFDFD
274	#EEECF6	#FFFFFF
275	#E1BEBA	#FEFEFE
277	#EED9D7	#FEFEFE
278	#EBD3D0	#FEFEFE
279	#FEFDFD	#FFFFFF
280	#F9F1F0	#FFFFFF
281	#C3BBDE	#FDFDFD
282	#E1BEBA	#FEFEFE
283	#E1BEBA	#FEFEFE
284	#CC9791	#FCFCFC
285	#AEA5D3	#FCFCFC
286	#D3A59F	#FCFCFC
287	#D4CEE8	#FDFDFD
288	#F4E6E4	#FEFEFE
289	#D9B0AB	#FDFDFD
290	#FEFDFD	#FFFFFF
291	#FBF7F6	#FFFFFF
292	#FBF5F5	#FFFFFF
293	#FEFDFD	#FFFFFF
294	#CBC4E3	#FDFDFD
295	#E1BEBA	#FDFDFD
296	#E9CECB	#FEFEFE
297	#E4C4C0	#FDFDFD
299	#FAF9FC	#FFFFFF
300	#FBFAFD	#FFFFFF
301	#C68D87	#FBFBFB
302	#EED9D6	#FEFEFE
303	#FDFDFE	#FFFFFF
304	#FBFAFD	#FFFFFF
305	#E9D0CC	#FDFDFD
306	#D4A59F	#FCFCFC
307	#F9F1F0	#FFFFFF
308	#F4E6E4	#FEFEFE
309	#E1BEBA	#FEFEFE
310	#FBF5F5	#FFFFFF
311	#F8EFEE	#FEFEFE
312	#EED9D6	#FEFEFE
313	#F1E0DE	#FEFEFE
314	#FAF4F4	#FFFFFF
315	#EED9D6	#FEFEFE
316	#FFFFFF	#FFFFFF
317	#D4A5A0	#FCFCFC
318	#FEFBFB	#FFFFFF
319	#FBFBFD	#FFFFFF
320	#C3BBDE	#FDFDFD
321	#FEFDFD	#FFFFFF
322	#F8EEED	#FFFFFF
323	#EED9D6	#FEFEFE
324	#EBD4D0	#FEFEFE
327	#FBFBFD	#FFFFFF
328	#FAF9FC	#FFFFFF
329	#F4E5E3	#FEFEFE
330	#FBFAFD	#FFFFFF
331	#ECD5D2	#FEFEFE
332	#D5CFE8	#FEFEFE
333	#FAF9FC	#FFFFFF
334	#F6EAE9	#FEFEFE
335	#E2C1BD	#FDFDFD
336	#B7AED8	#FDFDFD
337	#FAF9FC	#FFFFFF
338	#C9928C	#FBFBFB
339	#F8EEED	#FFFFFF
340	#D9B0AB	#FDFDFD
341	#CC9791	#FCFCFC
342	#FAFAFC	#FFFFFF
343	#FEFCFC	#FFFFFF
344	#FBFAFD	#FFFFFF
345	#ECD5D2	#FEFEFE
346	#FAF9FC	#FFFFFF
347	#C2867F	#FAFAFA
348	#DEB9B5	#FCFCFC
349	#B7AFD8	#FDFDFD
350	#FFFFFF	#FFFFFF
351	#FBF6F5	#FFFFFF
352	#F2F1F8	#FFFFFF
353	#F1DFDC	#FEFEFE
355	#FDFDFE	#FFFFFF
356	#EBD3D0	#FEFEFE
357	#F6F5FA	#FFFFFF
358	#ECD5D2	#FEFEFE
359	#F8EEED	#FFFFFF
360	#FBFAFD	#FFFFFF
361	#ECEAF5	#FEFEFE
362	#EED9D6	#FEFEFE
363	#F6EAE8	#FEFEFE
364	#D1CBE6	#FBFBFB
365	#DFDAEE	#FEFEFE
366	#CF9D97	#FCFCFC
367	#E9CECB	#FEFEFE
368	#FFFFFF	#FFFFFF
369	#F7EEEC	#FFFFFF
370	#FBF6F5	#FFFFFF
371	#CBC5E3	#FDFDFD
372	#FBF6F6	#FFFFFF
373	#EAD2CF	#FDFDFD
374	#D3CEE7	#FDFDFD
375	#FAF9FC	#FFFFFF
376	#CF9E97	#FCFCFC
377	#F7EDEC	#FFFFFF
378	#CC9791	#FCFCFC
379	#D4CEE8	#FDFDFD
380	#D3CEE7	#FDFDFD
381	#D9B0AB	#FDFDFD
382	#E8E5F3	#FEFEFE
383	#FBFAFD	#FFFFFF
385	#E2C1BD	#FDFDFD
386	#E3C3BF	#FDFDFD
387	#E6E2F1	#FEFEFE
388	#F0DEDC	#FEFEFE
389	#F1E0DE	#FEFEFE
390	#F1DFDD	#FEFEFE
391	#E0BDB9	#FEFEFE
392	#FEFCFC	#FFFFFF
393	#DDD8EC	#FEFEFE
394	#FBFAFD	#FFFFFF
395	#EBD4D0	#FEFEFE
396	#FEFDFD	#FFFFFF
397	#CF9D97	#FCFCFC
398	#F1E0DE	#FEFEFE
400	#FBF6F5	#FFFFFF
401	#F9F1F0	#FFFFFF
402	#E8CDCA	#FEFEFE
403	#EDD6D3	#FEFEFE
404	#F8EFED	#FFFFFF
405	#F4E5E3	#FEFEFE
406	#D9B0AB	#FDFDFD
407	#D9B0AB	#FDFDFD
408	#CF9C96	#FCFCFC
409	#E1BEB9	#FEFEFE
410	#F1DFDD	#FEFEFE
411	#EBD4D0	#FDFDFD
412	#DEB9B4	#FCFCFC
413	#E1BEB9	#FEFEFE
414	#F6F5FA	#FFFFFF
415	#EED8D5	#FEFEFE
416	#F1F0F8	#FFFFFF
417	#EDEBF5	#FEFEFE
418	#FAF9FC	#FFFFFF
420	#DDD8EC	#FEFEFE
421	#DDD8EC	#FEFEFE
422	#FBF6F6	#FFFFFF
423	#C7C0E1	#FCFCFC
424	#EAE7F3	#FEFEFE
425	#DDD8EC	#FEFEFE
426	#DDD8ED	#FEFEFE
427	#F7EEEC	#FFFFFF
428	#D6D1E9	#FDFDFD
429	#E9CECA	#FEFEFE
430	#E9CECA	#FEFEFE
431	#E8E5F3	#FEFEFE
432	#FBF6F5	#FFFFFF
433	#F8EEED	#FFFFFF
434	#F8EEED	#FFFFFF
435	#C3BBDE	#FDFDFD
436	#E8CECA	#FEFEFE
437	#E6E2F1	#FEFEFE
438	#FAF9FC	#FFFFFF
439	#D4CFE8	#FEFEFE
440	#F1DFDD	#FEFEFE
441	#D9AFAA	#FDFDFD
442	#F8EEED	#FFFFFF
443	#F7EDEB	#FFFFFF
444	#F6EAE8	#FEFEFE
445	#F9F1F0	#FFFFFF
446	#E5C8C4	#FDFDFD
447	#CB9790	#FCFCFC
448	#FAF4F4	#FFFFFF
449	#EAE8F4	#FEFEFE
450	#F3E4E2	#FEFEFE
451	#ECD5D2	#FEFEFE
452	#ECD6D3	#FEFEFE
453	#FAF9FC	#FFFFFF
454	#FBF6F6	#FFFFFF
456	#FBF6F5	#FFFFFF
457	#F4E6E4	#FEFEFE
458	#F4E5E3	#FEFEFE
459	#E1BEBA	#FEFEFE
460	#E0BEB9	#FEFEFE
461	#EBD4D0	#FDFDFD
462	#E4C4C0	#FDFDFD
463	#F6EAE8	#FEFEFE
464	#D9B0AB	#FDFDFD
465	#E5E2F1	#FEFEFE
466	#FEFCFC	#FFFFFF
467	#F1E0DE	#FEFEFE
468	#CC9791	#FCFCFC
469	#F1E0DD	#FEFEFE
470	#FAF9FC	#FFFFFF
471	#F7EDEC	#FFFFFF
472	#E6E2F1	#FEFEFE
473	#F3E4E3	#FEFEFE
474	#D4CEE7	#FDFDFD
475	#E6C9C5	#FDFDFD
476	#D5CFE8	#FEFEFE
477	#E6E2F1	#FEFEFE
478	#D9AFAA	#FDFDFD
479	#E1BEBA	#FEFEFE
480	#F9F9FC	#FFFFFF
481	#EBD4D0	#FEFEFE
482	#F7F6FB	#FFFFFF
483	#F9F8FC	#FFFFFF
484	#F9F1F0	#FFFFFF
485	#F1DFDD	#FEFEFE
486	#A79DCF	#FBFBFB
487	#E2DEEF	#FDFDFD
488	#F7ECEB	#FFFFFF
489	#FBF6F6	#FFFFFF
490	#D9B0AA	#FDFDFD
491	#F8EEED	#FFFFFF
492	#F4E5E3	#FEFEFE
493	#F5E7E5	#FEFEFE
494	#F6F5FA	#FFFFFF
495	#F9F1F0	#FFFFFF
496	#F1DFDD	#FEFEFE
497	#CC9791	#FCFCFC
498	#E5E2F1	#FEFEFE
499	#E6C8C4	#FDFDFD
501	#E6E2F1	#FEFEFE
502	#FFFFFF	#FFFFFF
503	#E4C4C0	#FDFDFD
504	#F2F0F8	#FFFFFF
505	#CC9791	#FCFCFC
506	#F9F1F0	#FFFFFF
507	#CB9690	#FCFCFC
508	#C48A83	#FBFBFB
509	#E1BEBA	#FEFEFE
510	#FAF9FC	#FFFFFF
511	#E2C0BB	#FDFDFD
512	#FAF9FC	#FFFFFF
513	#DEB9B5	#FCFCFC
514	#DCD8EC	#FEFEFE
515	#FBF6F6	#FFFFFF
516	#F3E5E3	#FEFEFE
517	#F7EDEB	#FFFFFF
518	#FAFAFC	#FFFFFF
519	#D9AFAA	#FDFDFD
520	#F7EDEB	#FFFFFF
521	#FBF6F5	#FFFFFF
522	#F6F5FA	#FFFFFF
523	#CBC5E3	#FDFDFD
524	#BDB5DB	#FCFCFC
525	#E6C8C4	#FDFDFD
526	#FCFCFD	#FFFFFF
527	#F6EBE9	#FEFEFE
528	#E9CECA	#FEFEFE
529	#F4E5E3	#FEFEFE
530	#ECD5D2	#FEFEFE
531	#E1BEBA	#FEFEFE
532	#FAFAFC	#FFFFFF
533	#E9E6F3	#FEFEFE
534	#ECD6D3	#FEFEFE
535	#E8CECA	#FEFEFE
536	#EBD4D0	#FEFEFE
537	#E6C8C4	#FDFDFD
538	#F8EEED	#FFFFFF
539	#CF9C96	#FCFCFC
540	#D9B0AA	#FDFDFD
541	#F7ECEB	#FFFFFF
542	#E9E5F3	#FEFEFE
543	#F9F1F0	#FFFFFF
544	#CF9D97	#FCFCFC
545	#EFDCD9	#FEFEFE
546	#E8E5F3	#FEFEFE
547	#F8EEED	#FFFFFF
548	#D4A59F	#FCFCFC
549	#FFFFFF	#FFFFFF
550	#FBF6F5	#FFFFFF
551	#F7EDEB	#FFFFFF
552	#F4E6E4	#FEFEFE
553	#FBFBFD	#FFFFFF
554	#FDFAFA	#FFFFFF
555	#F7ECEA	#FFFFFF
557	#FFFFFF	#FFFFFF
558	#F1DFDC	#FEFEFE
559	#D9B0AA	#FDFDFD
560	#FAF9FC	#FFFFFF
561	#FBF5F5	#FFFFFF
562	#FFFEFE	#FFFFFF
563	#F2F0F8	#FEFEFE
564	#FBF6F6	#FFFFFF
565	#F7ECEB	#FFFFFF
566	#EEECF6	#FFFFFF
567	#FAFAFD	#FFFFFF
568	#D5CFE8	#FEFEFE
569	#D3A59F	#FCFCFC
570	#B7AFD8	#FDFDFD
571	#F6F5FA	#FFFFFF
572	#FFFFFF	#FFFFFF
573	#E6E3F2	#FEFEFE
574	#FCFBFD	#FFFFFF
575	#E6C8C4	#FDFDFD
576	#FBF6F5	#FFFFFF
577	#F1E0DE	#FEFEFE
578	#FBF6F5	#FFFFFF
579	#FCFBFD	#FFFFFF
581	#F8EEED	#FFFFFF
582	#E9E5F3	#FEFEFE
583	#AEA5D3	#FCFCFC
584	#ECD5D2	#FEFEFE
585	#FFFEFE	#FFFFFF
586	#ECD6D3	#FEFEFE
587	#F9F8FC	#FFFFFF
588	#EBD4D0	#FEFEFE
589	#DBD6EB	#FEFEFE
590	#F1DFDD	#FEFEFE
591	#ECD6D3	#FEFEFE
592	#B7AFD8	#FDFDFD
593	#E1BEBA	#FEFEFE
594	#FFFFFF	#FFFFFF
595	#F0DCDA	#FEFEFE
596	#CF9D97	#FCFCFC
597	#E1BEB9	#FEFEFE
598	#FEFDFD	#FFFFFF
599	#E1BEBA	#FEFEFE
600	#F9F8FC	#FFFFFF
602	#E1BEB9	#FEFEFE
603	#F4E6E4	#FEFEFE
604	#ECD5D2	#FEFEFE
605	#D9B0AA	#FDFDFD
606	#D4A59F	#FCFCFC
607	#F0DCDA	#FEFEFE
608	#FBF6F6	#FFFFFF
609	#EDD6D3	#FEFEFE
610	#AFA5D3	#FCFCFC
611	#F0DDDA	#FEFEFE
612	#F1E0DD	#FEFEFE
613	#E9E5F3	#FEFEFE
614	#FBFBFD	#FFFFFF
615	#C28780	#FAFAFA
616	#F1DFDD	#FEFEFE
617	#D7D2E9	#FDFDFD
618	#EFEDF7	#FFFFFF
619	#E9E6F3	#FEFEFE
620	#D9B0AA	#FDFDFD
621	#D9AFAA	#FDFDFD
622	#E1BEBA	#FEFEFE
623	#F4E6E4	#FEFEFE
624	#FEFDFC	#FFFFFF
625	#E9E5F3	#FEFEFE
626	#AFA6D3	#FCFCFC
627	#EFECF6	#FEFEFE
628	#DCD7EC	#FEFEFE
629	#F6EAE8	#FEFEFE
630	#FBF6F5	#FFFFFF
631	#F7EDEB	#FFFFFF
632	#F4E5E3	#FEFEFE
633	#F1E0DE	#FEFEFE
634	#FCFCFD	#FFFFFF
635	#F9F8FC	#FFFFFF
636	#EDEAF5	#FEFEFE
637	#F9F8FC	#FFFFFF
638	#E9E6F3	#FEFEFE
639	#DDD8ED	#FEFEFE
640	#F7ECEB	#FFFFFF
641	#D4A5A0	#FCFCFC
642	#E1BEBA	#FEFEFE
643	#D3A59F	#FCFCFC
644	#FAF9FC	#FFFFFF
645	#EAE7F4	#FEFEFE
646	#C3BBDE	#FDFDFD
647	#F1E0DE	#FEFEFE
648	#E6C8C4	#FDFDFD
649	#F1E0DE	#FEFEFE
650	#EEECF6	#FEFEFE
651	#EED8D6	#FEFEFE
652	#FBF6F5	#FFFFFF
653	#EEECF6	#FFFFFF
654	#ECD5D3	#FEFEFE
655	#FBFAFD	#FFFFFF
656	#EBD4D0	#FEFEFE
658	#D3A49F	#FCFCFC
659	#EBD4D0	#FEFEFE
660	#EFDCDA	#FEFEFE
661	#D3CEE7	#FDFDFD
662	#E2C1BC	#FDFDFD
663	#FBF6F5	#FFFFFF
664	#EDD7D4	#FEFEFE
665	#F7EDEC	#FEFEFE
666	#E5E1F1	#FEFEFE
667	#F6F5FA	#FFFFFF
668	#FAF9FC	#FFFFFF
670	#ECD5D2	#FEFEFE
671	#FBFAFD	#FFFFFF
672	#D3A59F	#FCFCFC
673	#FBFAFD	#FFFFFF
674	#EAE7F4	#FEFEFE
675	#F9F9FC	#FFFFFF
676	#E1BEBA	#FEFEFE
677	#F4E6E4	#FEFEFE
678	#DDD8EC	#FEFEFE
679	#FEFCFC	#FFFFFF
680	#F1E0DE	#FEFEFE
681	#E0BDB8	#FDFDFD
682	#FAFAFC	#FFFFFF
683	#E8E5F3	#FEFEFE
684	#F4E5E3	#FEFEFE
685	#ECD5D2	#FEFEFE
686	#EDEBF5	#FEFEFE
687	#F6F5FA	#FFFFFF
688	#FBF7F6	#FFFFFF
689	#FBF7F6	#FFFFFF
690	#CF9D97	#FCFCFC
691	#EEECF6	#FFFFFF
692	#E1BEB9	#FEFEFE
693	#CB9690	#FCFCFC
694	#F8EEED	#FFFFFF
695	#FBFAFD	#FFFFFF
696	#EEECF6	#FFFFFF
697	#EEECF6	#FFFFFF
698	#F1DFDD	#FEFEFE
699	#FEFDFC	#FFFFFF
700	#E1BEBA	#FDFDFD
701	#EBD4D1	#FDFDFD
703	#F7ECEB	#FFFFFF
704	#F8EEED	#FFFFFF
705	#F1E0DE	#FEFEFE
706	#C9928B	#FBFBFB
707	#D9B0AA	#FDFDFD
708	#FEFEFE	#FFFFFF
709	#ECD5D2	#FEFEFE
710	#F7ECEB	#FFFFFF
711	#E6C8C4	#FDFDFD
712	#E8CDCA	#FDFDFD
713	#ECD5D2	#FEFEFE
714	#DED9ED	#FEFEFE
715	#EFEDF6	#FEFEFE
716	#F4E6E4	#FEFEFE
717	#C1BADE	#FBFBFB
718	#E1BEBA	#FEFEFE
719	#D3A59F	#FCFCFC
720	#EBD3D0	#FEFEFE
721	#EFEDF6	#FEFEFE
722	#FAF9FC	#FFFFFF
723	#FFFFFF	#FFFFFF
724	#EFECF6	#FFFFFF
725	#FBFAFD	#FFFFFF
726	#EEECF6	#FFFFFF
727	#F8EEED	#FFFFFF
728	#FDFBFA	#FFFFFF
729	#F7ECEB	#FFFFFF
730	#F8EEED	#FFFFFF
731	#DBD7EC	#FEFEFE
732	#FBF6F5	#FFFFFF
733	#F8EEED	#FFFFFF
734	#F4E6E4	#FEFEFE
735	#FBF7F6	#FFFFFF
736	#EFECF6	#FEFEFE
737	#FAF9FC	#FFFFFF
738	#F1E0DE	#FEFEFE
739	#E8E5F3	#FEFEFE
740	#F7ECEB	#FFFFFF
741	#EBD3D0	#FEFEFE
742	#F9F8FC	#FFFFFF
743	#F6F5FA	#FFFFFF
744	#EEECF6	#FFFFFF
745	#F9F1F0	#FFFFFF
746	#E9E6F3	#FEFEFE
747	#EAD1CE	#FDFDFD
748	#F1E0DE	#FEFEFE
749	#FEFDFE	#FFFFFF
750	#F9F8FC	#FFFFFF
751	#F1E0DD	#FEFEFE
752	#F1E0DE	#FEFEFE
753	#E6E3F2	#FEFEFE
754	#F8EEED	#FFFFFF
755	#D3A59F	#FCFCFC
757	#F9F8FC	#FFFFFF
759	#E1BEBA	#FEFEFE
760	#E1BEB9	#FEFEFE
761	#F9F1F0	#FFFFFF
762	#F2F0F8	#FEFEFE
763	#C68E87	#FBFBFB
764	#F1E0DE	#FEFEFE
765	#E9E5F3	#FEFEFE
766	#F7F5FB	#FFFFFF
767	#E6C8C4	#FDFDFD
768	#F8EEED	#FFFFFF
769	#C9928B	#FBFBFB
770	#EEEBF6	#FFFFFF
771	#F7ECEB	#FFFFFF
772	#F1E0DD	#FEFEFE
773	#C8918A	#FBFBFB
774	#E9CECA	#FEFEFE
775	#DDD8EC	#FEFEFE
776	#FBFAFD	#FFFFFF
777	#FCFBFD	#FFFFFF
778	#E6C8C5	#FDFDFD
779	#F8F6FB	#FFFFFF
780	#FBF6F6	#FFFFFF
781	#E9CECB	#FEFEFE
782	#F4E6E4	#FEFEFE
783	#FAF9FC	#FFFFFF
784	#E6C8C4	#FDFDFD
785	#D9B0AB	#FDFDFD
786	#F9F8FC	#FFFFFF
787	#D3A59F	#FCFCFC
788	#F8EEED	#FFFFFF
789	#CCC5E3	#FDFDFD
790	#F7ECEB	#FFFFFF
791	#FAF9FC	#FFFFFF
792	#EEECF6	#FFFFFF
793	#F4E5E4	#FEFEFE
794	#CBC5E3	#FDFDFD
795	#EED9D6	#FEFEFE
796	#F1E0DE	#FEFEFE
797	#E9CECB	#FEFEFE
798	#ECD6D3	#FEFEFE
799	#F4E7E5	#FEFEFE
800	#F3E5E3	#FEFEFE
801	#B7AFD8	#FBFBFB
802	#E6C8C4	#FDFDFD
804	#E6C8C4	#FDFDFD
805	#FBF6F5	#FFFFFF
806	#E8E5F3	#FEFEFE
807	#FAF9FC	#FFFFFF
808	#D5CFE8	#FEFEFE
809	#F1E0DE	#FEFEFE
810	#EBD3D0	#FEFEFE
811	#F4E5E3	#FEFEFE
812	#FBF7F6	#FFFFFF
813	#E1BEBA	#FEFEFE
814	#EEECF6	#FFFFFF
815	#DDD9ED	#FDFDFD
816	#DDD8ED	#FEFEFE
817	#E6E2F1	#FEFEFE
818	#FBFAFD	#FFFFFF
819	#EFEDF7	#FEFEFE
820	#E8CECA	#FEFEFE
821	#F8EEED	#FFFFFF
822	#ECD6D3	#FEFEFE
823	#F4E6E4	#FEFEFE
824	#F4E5E3	#FEFEFE
826	#FAFAFC	#FFFFFF
827	#F5F4FA	#FFFFFF
828	#E1DDEF	#FDFDFD
829	#E3DFF0	#FEFEFE
830	#DDD8EC	#FEFEFE
831	#E1BEB9	#FEFEFE
832	#DCD8EC	#FEFEFE
833	#F7EDEC	#FEFEFE
834	#FEFDFD	#FFFFFF
835	#F8EEED	#FFFFFF
836	#F6F5FA	#FFFFFF
837	#E9CECB	#FEFEFE
838	#FBFAFD	#FFFFFF
839	#D4A5A0	#FCFCFC
840	#EDEAF5	#FEFEFE
841	#DDD8ED	#FEFEFE
842	#FBFAFD	#FFFFFF
843	#DBD6EC	#FEFEFE
844	#F6EBE9	#FEFEFE
845	#D4A6A0	#FCFCFC
846	#FBF6F6	#FFFFFF
847	#CC9791	#FCFCFC
848	#D9AFAA	#FDFDFD
849	#F2F0F8	#FEFEFE
850	#ECE9F5	#FEFEFE
851	#C1B9DD	#FBFBFB
852	#F6F4FA	#FFFFFF
853	#F9F8FC	#FFFFFF
854	#F1DFDD	#FEFEFE
855	#D9B0AA	#FDFDFD
857	#F3E5E3	#FEFEFE
858	#FBF6F6	#FFFFFF
860	#E1BEBA	#FEFEFE
861	#F6F4FA	#FFFFFF
862	#F3E5E3	#FEFEFE
863	#EFDCDA	#FEFEFE
864	#FBF6F6	#FFFFFF
865	#E4E1F0	#FEFEFE
866	#E7E3F2	#FEFEFE
867	#FBFAFD	#FFFFFF
868	#D9B0AB	#FDFDFD
869	#D9AFAA	#FDFDFD
870	#DDD8EC	#FEFEFE
871	#F8EEED	#FFFFFF
872	#FBF5F4	#FFFFFF
873	#ECD5D2	#FEFEFE
874	#F9F8FC	#FFFFFF
875	#D4A5A0	#FCFCFC
876	#F9F8FC	#FFFFFF
877	#F4E6E4	#FEFEFE
878	#F6EAE8	#FEFEFE
879	#F1E0DE	#FEFEFE
880	#F1DFDD	#FEFEFE
881	#E2C1BC	#FDFDFD
882	#CB968F	#FCFCFC
883	#E2C1BC	#FDFDFD
884	#D3A59F	#FCFCFC
885	#FBFAFD	#FFFFFF
886	#E6C8C4	#FDFDFD
887	#E6C9C5	#FDFDFD
888	#FBF6F6	#FFFFFF
889	#DDD8EC	#FEFEFE
890	#ECD5D3	#FEFEFE
891	#E9E6F3	#FEFEFE
892	#C1B9DD	#FBFBFB
893	#FAF9FC	#FFFFFF
894	#FBF7F6	#FFFFFF
895	#D9B0AB	#FDFDFD
896	#E9D0CC	#FDFDFD
897	#E6C8C4	#FDFDFD
898	#CB9690	#FCFCFC
899	#C9928C	#FBFBFB
900	#ECD4D1	#FDFDFD
901	#F7EDEB	#FEFEFE
902	#E3DFF0	#FEFEFE
903	#FBF7F6	#FFFFFF
905	#F7ECEB	#FFFFFF
906	#E1BEBA	#FEFEFE
907	#EBD4D0	#FEFEFE
908	#D4A6A0	#FCFCFC
909	#FCF7F7	#FFFFFF
910	#ECD5D2	#FEFEFE
911	#FFFEFE	#FFFFFF
912	#EBD3D0	#FEFEFE
913	#C9928B	#FBFBFB
914	#F6F5FA	#FFFFFF
915	#DED9ED	#FDFDFD
916	#EFDCDA	#FEFEFE
917	#F7ECEB	#FFFFFF
919	#D4CFE8	#FEFEFE
920	#D9B0AB	#FDFDFD
921	#F4E6E4	#FEFEFE
922	#F3E5E3	#FEFEFE
923	#CF9D97	#FCFCFC
925	#FAF9FC	#FFFFFF
926	#F1E0DD	#FEFEFE
927	#FAFAFD	#FFFFFF
928	#EEEBF6	#FEFEFE
929	#FDFBFA	#FFFFFF
930	#E1BEBA	#FEFEFE
931	#FAF9FC	#FFFFFF
933	#F7ECEA	#FFFFFF
934	#EFECF6	#FEFEFE
935	#E1BEBA	#FEFEFE
936	#F6F4FA	#FFFFFF
937	#EFDCDA	#FEFEFE
938	#F9F1F0	#FFFFFF
939	#DCD8EC	#FEFEFE
940	#F3E5E3	#FEFEFE
941	#F8EEED	#FFFFFF
942	#E3DFF0	#FEFEFE
943	#DDD8EC	#FEFEFE
944	#FAFAFD	#FFFFFF
945	#F9F9FC	#FFFFFF
946	#F8EEED	#FFFFFF
947	#F2F0F8	#FFFFFF
948	#E8CECA	#FEFEFE
949	#FBF6F6	#FFFFFF
950	#F1DFDD	#FEFEFE
951	#FAF4F3	#FFFFFF
952	#F7ECEA	#FFFFFF
953	#CB9690	#FCFCFC
954	#FBFBFD	#FFFFFF
955	#E8E5F3	#FEFEFE
956	#EBD4D0	#FEFEFE
957	#F7ECEB	#FFFFFF
958	#F4E5E3	#FEFEFE
959	#EED9D6	#FEFEFE
961	#FBFAFD	#FFFFFF
962	#ECD5D2	#FEFEFE
963	#E9E6F3	#FEFEFE
964	#E9CECB	#FEFEFE
965	#FBF6F6	#FFFFFF
966	#E8CECA	#FEFEFE
967	#D4A5A0	#FCFCFC
968	#FBFAFD	#FFFFFF
969	#EBD4D0	#FEFEFE
970	#F1DFDD	#FEFEFE
971	#EFEDF6	#FEFEFE
972	#FBF6F5	#FFFFFF
973	#ECD5D2	#FEFEFE
974	#D4A59F	#FCFCFC
975	#FBFAFD	#FFFFFF
976	#FAF9FC	#FFFFFF
977	#F7EEEC	#FFFFFF
978	#F8EEED	#FFFFFF
979	#FEFDFC	#FFFFFF
980	#FDFBFA	#FFFFFF
981	#FFFEFE	#FFFFFF
982	#DBD7EC	#FEFEFE
983	#F0DDDA	#FEFEFE
984	#FAF9FC	#FFFFFF
985	#E8CDCA	#FEFEFE
986	#F7EEEC	#FFFFFF
987	#FFFEFE	#FFFFFF
988	#F4E5E3	#FEFEFE
989	#F0DCDA	#FEFEFE
990	#DDD9ED	#FEFEFE
991	#DFBCB7	#FCFCFC
992	#E8CDCA	#FEFEFE
993	#E8CDCA	#FEFEFE
994	#FEFDFC	#FFFFFF
995	#F9F1F0	#FFFFFF
996	#FAFAFC	#FFFFFF
997	#FBF7F6	#FFFFFF
998	#E2C0BC	#FDFDFD
999	#FBFAFD	#FFFFFF
1000	#E6C8C4	#FDFDFD
1001	#C7C0E1	#FCFCFC
1002	#F4E5E3	#FEFEFE
1003	#F0DDDA	#FEFEFE
1004	#FDFCFE	#FFFFFF
1006	#D4A59F	#FCFCFC
1007	#C3BBDE	#FDFDFD
1008	#FEFCFC	#FFFFFF
1009	#CF9C96	#FCFCFC
1010	#EBD4D1	#FDFDFD
1011	#F5E7E6	#FEFEFE
1012	#FDFAF9	#FFFFFF
1013	#C9928B	#FBFBFB
1014	#FDFBFA	#FFFFFF
1015	#EFEDF6	#FEFEFE
1016	#E6E2F1	#FEFEFE
1017	#FBF7F6	#FFFFFF
1018	#E8E5F3	#FEFEFE
1019	#FAF9FC	#FFFFFF
1020	#FBFAFD	#FFFFFF
1021	#EBD4D0	#FEFEFE
1022	#DEDAED	#FDFDFD
1023	#FBF7F6	#FFFFFF
1024	#CF9D97	#FCFCFC
1025	#C3BBDE	#FDFDFD
1026	#D9B0AB	#FDFDFD
1027	#FBF6F6	#FFFFFF
1028	#F1E0DE	#FEFEFE
1029	#F9F2F1	#FFFFFF
1030	#D4A5A0	#FCFCFC
1031	#EFECF6	#FEFEFE
1032	#D3CDE7	#FDFDFD
1033	#EEECF6	#FEFEFE
1034	#E7E3F2	#FEFEFE
1035	#FBFAFD	#FFFFFF
1036	#F6EBE9	#FEFEFE
1037	#FAFAFC	#FFFFFF
1038	#EFEDF6	#FEFEFE
1039	#FAF9FC	#FFFFFF
1040	#D3CDE7	#FDFDFD
1041	#DBD6EC	#FEFEFE
1042	#FEFDFD	#FFFFFF
1043	#DDD8EC	#FEFEFE
1044	#F7ECEB	#FFFFFF
1045	#F4E6E4	#FEFEFE
1046	#C38781	#FBFBFB
1047	#D4CFE8	#FEFEFE
1048	#F8EEED	#FFFFFF
1049	#EEECF6	#FEFEFE
1050	#C68E87	#FBFBFB
1051	#EEECF6	#FEFEFE
1052	#FAF9FC	#FFFFFF
1053	#DEB9B4	#FCFCFC
1054	#FDFBFB	#FFFFFF
1055	#F7EDEB	#FFFFFF
1056	#FAF9FC	#FFFFFF
1057	#FBF6F6	#FFFFFF
1058	#D09E98	#FCFCFC
1059	#E8E5F3	#FEFEFE
1060	#E0BDB9	#FDFDFD
1062	#EFDCDA	#FEFEFE
1063	#CBC5E3	#FCFCFC
1064	#F9F2F1	#FFFFFF
1065	#E6CAC6	#FDFDFD
1066	#ECD5D2	#FEFEFE
1067	#F7EDEB	#FFFFFF
1070	#F4E5E4	#FEFEFE
1071	#C68D86	#FBFBFB
1072	#DFDBEE	#FEFEFE
1073	#DCD7EC	#FEFEFE
1074	#EFDCD9	#FEFEFE
1075	#FBF6F5	#FFFFFF
1076	#ECD5D2	#FEFEFE
1077	#D9B0AA	#FDFDFD
1078	#FDFBFA	#FFFFFF
1079	#E4C4C0	#FDFDFD
1081	#F2E1DE	#FEFEFE
1082	#E1BEBA	#FEFEFE
1083	#EFEDF6	#FEFEFE
1084	#EEECF6	#FEFEFE
1085	#E6C8C4	#FDFDFD
1086	#F7EDEB	#FFFFFF
1087	#E4C4C0	#FDFDFD
1089	#FEFDFD	#FFFFFF
1090	#D9B0AB	#FDFDFD
1091	#E8CDCA	#FEFEFE
1092	#F4E5E3	#FEFEFE
1093	#DCD7EC	#FEFEFE
1094	#EEECF6	#FFFFFF
1095	#F9F1F0	#FFFFFF
1096	#E8CDCA	#FEFEFE
1097	#E6E3F2	#FEFEFE
1098	#F7ECEB	#FFFFFF
1099	#E9CECB	#FEFEFE
1100	#FDFAFA	#FFFFFF
1101	#F7EDEB	#FEFEFE
1102	#ECD5D2	#FEFEFE
1103	#EDD6D3	#FEFEFE
1104	#F6F5FA	#FFFFFF
1105	#F1E0DD	#FEFEFE
1107	#D9B0AB	#FDFDFD
1108	#EEDAD7	#FEFEFE
1109	#EFEDF6	#FEFEFE
1110	#EED9D6	#FEFEFE
1111	#F1E0DD	#FEFEFE
1112	#EFDCD9	#FEFEFE
1113	#F7ECEB	#FFFFFF
1114	#F1E0DD	#FEFEFE
1115	#ECD5D2	#FEFEFE
1116	#F8EEED	#FFFFFF
1117	#FBFAFD	#FFFFFF
1118	#E1BEBA	#FEFEFE
1119	#D9AFAA	#FDFDFD
1120	#DCD8EC	#FEFEFE
1121	#E8E5F3	#FEFEFE
1122	#D4CFE8	#FDFDFD
1123	#EDD7D4	#FEFEFE
1124	#D5CFE8	#FEFEFE
1125	#F1E0DD	#FEFEFE
1126	#D9AFAA	#FDFDFD
1127	#F1DFDC	#FEFEFE
1128	#F9F8FC	#FFFFFF
1129	#FBF6F5	#FFFFFF
1130	#D4CFE8	#FEFEFE
1131	#DDD8EC	#FEFEFE
1132	#F9F2F1	#FFFFFF
1133	#C38781	#FBFBFB
1134	#FFFFFF	#FFFFFF
1135	#EDD7D4	#FEFEFE
1136	#F8EEED	#FFFFFF
1137	#F1E0DE	#FEFEFE
1138	#E3C3BF	#FDFDFD
1139	#FBF6F5	#FFFFFF
1140	#FAF9FC	#FFFFFF
1141	#EBD4D0	#FEFEFE
1142	#FEFCFC	#FFFFFF
1143	#D4CEE7	#FDFDFD
1144	#D3CDE7	#FDFDFD
1145	#F9F9FC	#FFFFFF
1146	#FBFAFD	#FFFFFF
1147	#EBD4D0	#FEFEFE
1148	#F8EEED	#FFFFFF
1150	#F6F4FA	#FFFFFF
1151	#F4E7E5	#FEFEFE
1152	#E6C8C5	#FDFDFD
1153	#F7EDEB	#FFFFFF
1154	#E8E5F3	#FEFEFE
1155	#E1BEBA	#FEFEFE
1156	#EEECF6	#FEFEFE
1157	#F4E5E3	#FEFEFE
1158	#F1E1DE	#FEFEFE
1159	#F9F1F0	#FFFFFF
1160	#F2E1DE	#FEFEFE
1161	#E8CDCA	#FEFEFE
1163	#F6EAE8	#FEFEFE
1164	#F9F1F0	#FFFFFF
1165	#F6EAE9	#FEFEFE
1166	#E1BEB9	#FEFEFE
1167	#F6EAE9	#FEFEFE
1168	#F9F9FC	#FFFFFF
1169	#E5E1F1	#FEFEFE
1170	#E9CECA	#FEFEFE
1171	#DFDBEE	#FDFDFD
1172	#E4C4C0	#FDFDFD
1173	#E5E2F1	#FEFEFE
1174	#FAF9FC	#FFFFFF
1175	#FCF8F8	#FFFFFF
1176	#F7ECEB	#FFFFFF
1177	#E9E5F3	#FEFEFE
1178	#EBD4D0	#FEFEFE
1179	#FBFAFD	#FFFFFF
1180	#D9B0AB	#FDFDFD
1181	#F8EEED	#FFFFFF
1182	#D3CDE7	#FDFDFD
1183	#D3A59F	#FCFCFC
1184	#FBFBFD	#FFFFFF
1185	#E9E5F3	#FEFEFE
1186	#FAF3F2	#FFFFFF
1187	#CF9D97	#FCFCFC
1188	#E8E5F3	#FEFEFE
1189	#FAFAFD	#FFFFFF
1190	#DDD9ED	#FEFEFE
1191	#FEFDFD	#FFFFFF
1192	#CBC5E3	#FDFDFD
1193	#F9F2F1	#FFFFFF
1194	#FAF9FC	#FFFFFF
1195	#D4CFE8	#FEFEFE
1197	#EBE8F4	#FEFEFE
1198	#D3A59F	#FCFCFC
1199	#FBF6F5	#FFFFFF
1200	#F7EDEB	#FFFFFF
1201	#D4A59F	#FCFCFC
1202	#E1BEBA	#FEFEFE
1203	#F4E5E4	#FEFEFE
1204	#F9F8FC	#FFFFFF
1205	#E9CECA	#FEFEFE
1206	#F0DCDA	#FEFEFE
1208	#FAF3F2	#FFFFFF
1209	#FBFAFD	#FFFFFF
1210	#EBD2CF	#FDFDFD
1211	#FAF9FC	#FFFFFF
1212	#F9F8FC	#FFFFFF
1213	#ECD5D2	#FDFDFD
1214	#ECD6D3	#FDFDFD
1215	#F0DDDB	#FDFDFD
1216	#BF817A	#FAFAFA
1217	#F9F9FC	#FFFFFF
1218	#E9E6F3	#FEFEFE
1219	#F7EEEC	#FFFFFF
1220	#E4E1F1	#FEFEFE
1221	#CC9791	#FCFCFC
1222	#FEFCFC	#FFFFFF
1223	#C0B8DD	#FBFBFB
1224	#F2F0F8	#FFFFFF
1225	#E6C8C4	#FDFDFD
1226	#FAF3F2	#FEFEFE
1227	#FBFAFD	#FFFFFF
1229	#ECD5D2	#FEFEFE
1230	#EBD4D0	#FEFEFE
1231	#C3BBDE	#FDFDFD
1232	#E9CECA	#FEFEFE
1233	#E8CECA	#FEFEFE
1234	#FAFAFC	#FFFFFF
1235	#F8EEED	#FFFFFF
1236	#E8CDCA	#FEFEFE
1237	#FCFBFD	#FFFFFF
1238	#E1BEBA	#FEFEFE
1239	#E1BEB9	#FEFEFE
1240	#D4CFE8	#FEFEFE
1241	#F8EEED	#FFFFFF
1242	#D9B0AA	#FDFDFD
1243	#C3BBDE	#FDFDFD
1244	#FBFAFD	#FFFFFF
1245	#E1BEBA	#FEFEFE
1246	#C3BBDE	#FDFDFD
1247	#F1DFDD	#FEFEFE
1248	#EFDCD9	#FEFEFE
1249	#FAF9FC	#FFFFFF
1250	#F4E5E3	#FEFEFE
1251	#C78E87	#FBFBFB
1252	#ECD5D2	#FEFEFE
1253	#E8E5F3	#FEFEFE
1254	#C68E87	#FBFBFB
1255	#F4E6E4	#FEFEFE
1256	#EFECF6	#FFFFFF
1257	#FBF6F5	#FFFFFF
1258	#F5E7E5	#FEFEFE
1259	#FDFBFB	#FFFFFF
1260	#F2E2E0	#FEFEFE
1261	#F1E1DE	#FEFEFE
1262	#FEFDFD	#FFFFFF
1264	#FBFBFD	#FFFFFF
1265	#F1E0DE	#FEFEFE
1266	#E8CDCA	#FEFEFE
1267	#ECD4D1	#FEFEFE
1268	#C1847D	#FAFAFA
1269	#CC9790	#FCFCFC
1270	#F1E0DD	#FEFEFE
1271	#E9E6F3	#FEFEFE
1272	#FBFAFD	#FFFFFF
1273	#F4E7E5	#FEFEFE
1274	#E8CDCA	#FEFEFE
1275	#F9F1F0	#FFFFFF
1276	#E4C4C0	#FDFDFD
1277	#EDD6D3	#FEFEFE
1278	#EFEDF6	#FEFEFE
1279	#ECD5D2	#FEFEFE
1280	#DEB9B4	#FCFCFC
1281	#B8AFD8	#FDFDFD
1282	#D4A59F	#FCFCFC
1283	#ECD5D2	#FEFEFE
1284	#F6EBE9	#FEFEFE
1285	#F7ECEA	#FFFFFF
1286	#E8E4F2	#FEFEFE
1287	#E1BEB9	#FEFEFE
1288	#E8CDCA	#FEFEFE
1289	#D3CEE7	#FDFDFD
1290	#C3BBDE	#FDFDFD
1291	#EAE7F4	#FEFEFE
1292	#FBF6F5	#FFFFFF
1293	#FDFBFB	#FFFFFF
1294	#D3A59F	#FCFCFC
1295	#F8EEED	#FFFFFF
1296	#FBF6F6	#FFFFFF
1297	#FAFAFD	#FFFFFF
1298	#FAF9FC	#FFFFFF
1299	#FFFFFF	#FFFFFF
1300	#E6E3F2	#FEFEFE
1301	#E9E6F3	#FEFEFE
1302	#C3BBDE	#FDFDFD
1303	#EEECF6	#FFFFFF
1304	#F2E1DE	#FEFEFE
1305	#CF9D97	#FCFCFC
1306	#FCFBFD	#FFFFFF
1307	#CF9D97	#FCFCFC
1309	#CF9E97	#FCFCFC
1310	#F9F1F0	#FFFFFF
1311	#FEFCFC	#FFFFFF
1312	#F4E6E4	#FEFEFE
1313	#E1BEB9	#FEFEFE
1314	#D3A59F	#FCFCFC
1315	#FDFBFA	#FFFFFF
1316	#D9B0AB	#FDFDFD
1317	#D9AFAA	#FDFDFD
1318	#E3E0F0	#FEFEFE
1319	#E8E5F3	#FEFEFE
1320	#D9B0AB	#FDFDFD
1321	#FBF6F6	#FFFFFF
1322	#E1BEBA	#FEFEFE
1323	#D3A59F	#FCFCFC
1324	#E5E2F1	#FEFEFE
1325	#E9CECA	#FEFEFE
1326	#D4CFE8	#FEFEFE
1327	#E9E6F3	#FEFEFE
1328	#FBF6F6	#FFFFFF
1329	#DDD8EC	#FEFEFE
1330	#F1E0DE	#FEFEFE
1331	#E8CDCA	#FEFEFE
1332	#FBF6F5	#FFFFFF
1333	#F8EEED	#FFFFFF
1334	#FFFEFE	#FFFFFF
1335	#F6F5FA	#FFFFFF
1336	#DAB2AD	#FCFCFC
1337	#FBFBFD	#FFFFFF
1338	#EBD4D0	#FEFEFE
1339	#EEECF6	#FFFFFF
1340	#EEECF6	#FEFEFE
1341	#F9F8FC	#FFFFFF
1342	#FAF9FC	#FFFFFF
1343	#F7ECEB	#FFFFFF
1344	#FEFDFD	#FFFFFF
1345	#FBF6F5	#FFFFFF
1346	#E8E5F3	#FEFEFE
1347	#FAFAFC	#FFFFFF
1348	#E1BEBA	#FEFEFE
1349	#EBD4D0	#FEFEFE
1350	#FEFDFC	#FFFFFF
1351	#FBF6F5	#FFFFFF
1352	#E6C8C4	#FDFDFD
1353	#F2F0F8	#FFFFFF
1354	#F6F5FA	#FFFFFF
1355	#F4E5E3	#FEFEFE
1356	#DCD8EC	#FEFEFE
1357	#FEFDFD	#FFFFFF
1358	#E9CECB	#FEFEFE
1359	#FBFAFD	#FFFFFF
1360	#F0DDDA	#FEFEFE
1361	#D4A59F	#FCFCFC
1362	#F9F9FC	#FFFFFF
1363	#E2C0BC	#FDFDFD
1365	#F9F9FC	#FFFFFF
1366	#D9B0AA	#FDFDFD
1367	#C28780	#FAFAFA
1368	#CF9D97	#FCFCFC
1369	#F8EEED	#FFFFFF
1370	#E8E5F3	#FEFEFE
1371	#EDEBF5	#FEFEFE
1372	#E8CECA	#FEFEFE
1373	#F4E6E4	#FEFEFE
1374	#F1E0DD	#FEFEFE
1375	#CF9D97	#FCFCFC
1376	#F7ECEA	#FFFFFF
1377	#F1E0DE	#FEFEFE
1378	#EDD6D3	#FEFEFE
1379	#E8E5F3	#FEFEFE
1380	#ECE9F5	#FEFEFE
1381	#F8EEED	#FFFFFF
1382	#CC9791	#FCFCFC
1383	#E8E5F3	#FEFEFE
1384	#F1E0DE	#FEFEFE
1385	#FAF4F3	#FFFFFF
1386	#CF9D97	#FCFCFC
1387	#F7EDEC	#FEFEFE
1388	#EBD4D0	#FEFEFE
1389	#EEECF6	#FEFEFE
1390	#F6F4FA	#FFFFFF
1391	#F4E5E4	#FEFEFE
1392	#DDD8EC	#FEFEFE
1393	#F4E5E4	#FEFEFE
1394	#FBF6F5	#FFFFFF
1395	#DCD8EC	#FEFEFE
1396	#F9F1F0	#FFFFFF
1397	#E8CDCA	#FEFEFE
1398	#FDFBFA	#FFFFFF
1399	#F7ECEA	#FFFFFF
1400	#FBF6F5	#FFFFFF
1401	#EBE8F4	#FEFEFE
1402	#F1E0DD	#FEFEFE
1403	#EEECF6	#FFFFFF
1404	#EBD4D0	#FEFEFE
1405	#EFECF6	#FEFEFE
1406	#E3C3BF	#FDFDFD
1407	#F4E7E5	#FEFEFE
1408	#F9F8FC	#FFFFFF
1410	#CC9790	#FCFCFC
1411	#F1E0DD	#FEFEFE
1412	#C1847D	#FAFAFA
1413	#CF9E97	#FCFCFC
1414	#DDB7B3	#FCFCFC
1415	#F8EEED	#FFFFFF
1416	#E5C7C3	#FDFDFD
1417	#C48A83	#FBFBFB
1418	#E1BEBA	#FEFEFE
1419	#EBD4D0	#FEFEFE
1420	#E1BEBA	#FEFEFE
1421	#FEFEFE	#FFFFFF
1422	#F1DFDD	#FEFEFE
1423	#D4CFE8	#FDFDFD
1424	#E5C7C3	#FDFDFD
1425	#FBFAFD	#FFFFFF
1426	#DDD8EC	#FEFEFE
1427	#FBFAFD	#FFFFFF
1428	#C3BBDE	#FDFDFD
1429	#F7ECEB	#FEFEFE
1430	#EED9D6	#FEFEFE
1431	#E8E5F3	#FEFEFE
1432	#FBF5F5	#FFFFFF
1433	#E1BEB9	#FEFEFE
1434	#F5F4FA	#FFFFFF
1435	#DEB9B4	#FCFCFC
1436	#EAD0CD	#FDFDFD
1437	#F6F4FA	#FFFFFF
1438	#FCF8F7	#FFFFFF
1439	#C8918B	#FBFBFB
1440	#F1E0DD	#FEFEFE
1441	#FBFAFD	#FFFFFF
1442	#E2C1BC	#FDFDFD
1443	#CB9690	#FCFCFC
1444	#EFDCD9	#FEFEFE
1445	#F7ECEB	#FFFFFF
1446	#F7ECEB	#FFFFFF
1447	#F1E0DE	#FEFEFE
1448	#F1E0DE	#FEFEFE
1449	#FEFDFD	#FFFFFF
1450	#E9CECA	#FEFEFE
1451	#EFDCD9	#FEFEFE
1452	#F2F0F8	#FEFEFE
1453	#C5BDDF	#FCFCFC
1454	#EBD3D0	#FEFEFE
1455	#CF9D97	#FCFCFC
1456	#F6F5FA	#FFFFFF
1457	#C9928C	#FBFBFB
1458	#F6F4FA	#FFFFFF
1459	#D9AFAA	#FDFDFD
1460	#DEBAB5	#FCFCFC
1461	#F1E0DD	#FEFEFE
1462	#F7F5FA	#FFFFFF
1463	#DDB8B3	#FCFCFC
1464	#FBFAFD	#FFFFFF
1466	#D9AFAA	#FDFDFD
1468	#EBD4D0	#FEFEFE
1469	#F8EEED	#FFFFFF
1471	#EDD6D4	#FEFEFE
1472	#E6C9C5	#FDFDFD
1473	#F4E5E3	#FEFEFE
1474	#FEFDFC	#FFFFFF
1475	#EDD7D4	#FEFEFE
1476	#D4CFE8	#FEFEFE
1477	#E8E5F3	#FEFEFE
1478	#D9AFAA	#FDFDFD
1479	#F4E6E4	#FEFEFE
1480	#E5E2F1	#FEFEFE
1481	#FAF9FC	#FFFFFF
1482	#D4A5A0	#FCFCFC
1483	#FAF9FC	#FFFFFF
1484	#F6F5FA	#FFFFFF
1485	#E4C4C0	#FDFDFD
1486	#DFDAED	#FEFEFE
1487	#FAF3F3	#FFFFFF
1488	#F3E4E2	#FEFEFE
1489	#D9B0AA	#FDFDFD
1490	#F4E7E5	#FEFEFE
1491	#E6C8C4	#FDFDFD
1492	#F7ECEB	#FFFFFF
1493	#EBD4D1	#FDFDFD
1494	#EEECF6	#FFFFFF
1495	#F9F9FC	#FFFFFF
1496	#FBFBFD	#FFFFFF
1497	#EFEDF6	#FFFFFF
1498	#FEFCFC	#FFFFFF
1499	#D4A5A0	#FCFCFC
1500	#F7EDEC	#FEFEFE
1501	#FBF5F4	#FFFFFF
1502	#CC9791	#FCFCFC
1503	#F3F1F8	#FFFFFF
1504	#EFDCD9	#FEFEFE
1505	#D9B0AB	#FDFDFD
1506	#FBF6F5	#FFFFFF
1507	#CBC4E3	#FDFDFD
1508	#F1E0DD	#FEFEFE
1509	#ECD5D2	#FEFEFE
1511	#ECD5D2	#FEFEFE
1512	#F1DFDD	#FEFEFE
1513	#F9F8FC	#FFFFFF
1514	#F9F8FC	#FFFFFF
1515	#F1E0DE	#FEFEFE
1516	#EED9D6	#FEFEFE
1517	#FAFAFC	#FFFFFF
1520	#F1E0DE	#FEFEFE
1521	#D3A59F	#FCFCFC
1522	#D5CFE8	#FEFEFE
1523	#AFA5D3	#FCFCFC
1524	#F1DFDD	#FEFEFE
1525	#E9CECB	#FEFEFE
1526	#D5CFE8	#FEFEFE
1527	#F1DFDD	#FEFEFE
1528	#C68D87	#FBFBFB
1529	#D9AFAA	#FDFDFD
1530	#F3E5E3	#FEFEFE
1531	#F4E6E4	#FEFEFE
1532	#E1BEBA	#FEFEFE
1533	#FEFDFC	#FFFFFF
1534	#F4E6E4	#FEFEFE
1535	#FAFAFC	#FFFFFF
1536	#FBFBFD	#FFFFFF
1537	#F8F7FB	#FFFFFF
1538	#ECD5D2	#FEFEFE
1539	#F7EDEC	#FFFFFF
1540	#CC9791	#FCFCFC
1541	#E8CDCA	#FEFEFE
1542	#EDD6D3	#FEFEFE
1543	#F4E6E5	#FEFEFE
1544	#EAE7F4	#FEFEFE
1545	#F1DFDD	#FEFEFE
1546	#F8EEED	#FFFFFF
1547	#E5E1F1	#FEFEFE
1548	#F0DCDA	#FEFEFE
1549	#DCB5B0	#FCFCFC
1550	#F9F8FC	#FFFFFF
1551	#F6F5FA	#FFFFFF
1552	#CB9690	#FCFCFC
1553	#F3E4E3	#FEFEFE
1554	#E8E4F2	#FEFEFE
1555	#F9F1F0	#FFFFFF
1556	#D9AFA9	#FDFDFD
1557	#F7ECEB	#FFFFFF
1558	#E1BEB9	#FDFDFD
1559	#E6C8C5	#FDFDFD
1560	#CF9D97	#FCFCFC
1561	#E9CECA	#FEFEFE
1562	#F1E0DE	#FEFEFE
1563	#EBD4D0	#FEFEFE
1564	#EEECF6	#FEFEFE
1565	#EFDCD9	#FEFEFE
1567	#FBFBFD	#FFFFFF
1568	#F1DFDD	#FEFEFE
1569	#F1E0DD	#FEFEFE
1570	#EBD3D0	#FEFEFE
1571	#E1BEB9	#FEFEFE
1572	#FAF9FC	#FFFFFF
1573	#FBF6F5	#FFFFFF
1574	#FBFAFD	#FFFFFF
1575	#F8EEED	#FFFFFF
1576	#D5CFE8	#FEFEFE
1577	#EFECF6	#FEFEFE
1578	#F7EEEC	#FFFFFF
1579	#E1BEBA	#FEFEFE
1580	#FBF6F5	#FFFFFF
1581	#E8E5F3	#FEFEFE
1582	#E1BEBA	#FEFEFE
1583	#E6E3F2	#FEFEFE
1584	#F4E5E3	#FEFEFE
1585	#CF9D96	#FCFCFC
1586	#F6EAE8	#FEFEFE
1587	#C48A83	#FBFBFB
1588	#F0DDDA	#FEFEFE
1589	#F1E0DE	#FEFEFE
1590	#FEFDFD	#FFFFFF
1591	#F4E6E4	#FEFEFE
1592	#FAFAFC	#FFFFFF
1593	#DDD8ED	#FDFDFD
1594	#FAF9FC	#FFFFFF
1595	#ECD5D2	#FEFEFE
1596	#CF9D97	#FCFCFC
1597	#ECD5D2	#FEFEFE
1598	#F6EAE9	#FEFEFE
1599	#EEECF6	#FEFEFE
1600	#EEDAD7	#FEFEFE
1601	#E1BEBA	#FEFEFE
1602	#F2E1DE	#FEFEFE
1603	#F7EEEC	#FFFFFF
1604	#F7EDEC	#FFFFFF
1605	#F5E7E6	#FEFEFE
1606	#E1BEBA	#FEFEFE
1607	#EBD4D0	#FEFEFE
1608	#F8EEED	#FFFFFF
1609	#EDD7D4	#FEFEFE
1610	#E6C9C5	#FDFDFD
1612	#F7EDEC	#FEFEFE
1613	#D3A59F	#FCFCFC
1614	#F6EAE8	#FEFEFE
1615	#EED9D6	#FEFEFE
1616	#F0DCDA	#FEFEFE
1617	#E9E5F3	#FEFEFE
1618	#D4CFE8	#FEFEFE
1619	#FAF9FC	#FFFFFF
1621	#E1BEBA	#FEFEFE
1622	#ECD5D2	#FEFEFE
1623	#E9E6F3	#FEFEFE
1624	#F8EEED	#FFFFFF
1625	#D9B0AA	#FDFDFD
1626	#EBD4D0	#FEFEFE
1627	#EBD3D0	#FEFEFE
1628	#D4A6A0	#FCFCFC
1629	#E9CECA	#FEFEFE
1630	#FBF6F6	#FFFFFF
1631	#E1BEBA	#FEFEFE
1632	#FBF5F5	#FFFFFF
1633	#DDD8EC	#FEFEFE
1634	#FAF9FC	#FFFFFF
1635	#F4E6E4	#FEFEFE
1636	#F0DEDB	#FEFEFE
1637	#FBFAFD	#FFFFFF
1638	#C68D86	#FBFBFB
1639	#E6E2F1	#FEFEFE
1640	#ECD6D3	#FEFEFE
1641	#E1BEBA	#FDFDFD
1642	#EED9D6	#FEFEFE
1643	#DFBBB6	#FCFCFC
1644	#F1E0DE	#FEFEFE
1645	#ECD5D2	#FEFEFE
1646	#F7EDEC	#FEFEFE
1647	#F1E0DE	#FEFEFE
1648	#EED9D6	#FEFEFE
1649	#E4E0F0	#FEFEFE
1650	#FBFAFD	#FFFFFF
1651	#D4CEE8	#FEFEFE
1652	#ECD5D2	#FEFEFE
1653	#E5E1F1	#FEFEFE
1654	#EDEAF5	#FEFEFE
1655	#F8EEED	#FFFFFF
1656	#E2C0BC	#FDFDFD
1657	#DEDAED	#FEFEFE
1658	#FBF6F5	#FFFFFF
1659	#EBD4D0	#FEFEFE
1660	#E5E1F1	#FEFEFE
1661	#EFEDF6	#FEFEFE
1662	#E1BEBA	#FEFEFE
1663	#FFFFFF	#FFFFFF
1664	#EFEDF6	#FEFEFE
1665	#E9CECA	#FEFEFE
1666	#FAF9FC	#FFFFFF
1668	#D4A5A0	#FCFCFC
1669	#CF9D96	#FCFCFC
1670	#D4A6A0	#FCFCFC
1671	#F6F4FA	#FFFFFF
1672	#F8EEED	#FFFFFF
1673	#F1DFDD	#FEFEFE
1674	#CC9790	#FCFCFC
1675	#D9B0AA	#FDFDFD
1676	#FAF9FC	#FFFFFF
1677	#C9928C	#FBFBFB
1678	#C68E87	#FBFBFB
1679	#D4A59F	#FCFCFC
1680	#F7EEEC	#FFFFFF
1681	#D9B0AB	#FDFDFD
1682	#EFDBD9	#FEFEFE
1683	#F7EEEC	#FFFFFF
1684	#D4CEE8	#FDFDFD
1685	#E2C0BC	#FDFDFD
1686	#FEFEFE	#FFFFFF
1687	#F7EDEC	#FFFFFF
1688	#FBFAFD	#FFFFFF
1689	#FAF9FC	#FFFFFF
1690	#F0DDDB	#FEFEFE
1691	#E2C0BC	#FDFDFD
1692	#FCF9F9	#FFFFFF
1693	#F6F4FA	#FFFFFF
1694	#FDFDFE	#FFFFFF
1695	#D5CFE8	#FCFCFC
1696	#C48A83	#FBFBFB
1697	#EDEAF5	#FEFEFE
1698	#C8918A	#FBFBFB
1699	#F1E0DE	#FEFEFE
1700	#F0DDDA	#FEFEFE
1701	#C9928B	#FBFBFB
1702	#FBF6F5	#FFFFFF
1703	#F7EDEC	#FEFEFE
1704	#F8EFED	#FFFFFF
1705	#FCF8F7	#FFFFFF
1706	#F0DDDA	#FEFEFE
1707	#E7E4F2	#FEFEFE
1708	#DEDAED	#FEFEFE
1709	#ECD5D2	#FEFEFE
1710	#F1E0DE	#FEFEFE
1711	#F6EAE8	#FEFEFE
1713	#EFECF6	#FEFEFE
1714	#CF9D97	#FCFCFC
1715	#F1E0DD	#FEFEFE
1716	#FAFAFC	#FFFFFF
1718	#EBD4D0	#FEFEFE
1719	#ECD5D2	#FEFEFE
1720	#E8E5F3	#FEFEFE
1721	#FAF9FC	#FFFFFF
1722	#F1DFDD	#FEFEFE
1723	#ECD5D2	#FEFEFE
1724	#E8CDCA	#FEFEFE
1725	#F8EEED	#FFFFFF
1727	#F1DFDD	#FEFEFE
1728	#E8CDC9	#FEFEFE
1729	#FBFAFD	#FFFFFF
1730	#F1E0DD	#FEFEFE
1731	#FEFDFD	#FFFFFF
1732	#EAE8F4	#FEFEFE
1733	#F8EEED	#FFFFFF
1734	#F6F5FA	#FFFFFF
1735	#DDB8B3	#FCFCFC
1736	#FCF8F8	#FFFFFF
1737	#F1E0DE	#FEFEFE
1738	#ECD5D2	#FEFEFE
1739	#F4E5E3	#FEFEFE
1740	#EAE7F4	#FEFEFE
1741	#C0847D	#FAFAFA
1742	#E1BEBA	#FEFEFE
1743	#E6C8C4	#FCFCFC
1744	#EAD0CD	#FDFDFD
1745	#D9D4EB	#FCFCFC
1746	#F7ECEB	#FFFFFF
1747	#EDEAF5	#FEFEFE
1748	#F1E0DE	#FEFEFE
1749	#F6ECEA	#FEFEFE
1750	#BDB5DB	#FCFCFC
1751	#F2F0F8	#FEFEFE
1752	#FBFAFD	#FFFFFF
1753	#FBF6F5	#FFFFFF
1754	#EFEDF7	#FEFEFE
1755	#F6F4FA	#FFFFFF
1756	#DFBBB6	#FCFCFC
1757	#FBF6F5	#FFFFFF
1758	#E9CECB	#FEFEFE
1759	#FDFDFE	#FFFFFF
1760	#F6EBE9	#FEFEFE
1761	#F4E6E4	#FEFEFE
1762	#FBFAFD	#FFFFFF
1763	#EFDCDA	#FEFEFE
1764	#E2C1BC	#FDFDFD
1765	#CCC5E3	#FDFDFD
1766	#F8EEED	#FFFFFF
1767	#EBD4D0	#FEFEFE
1769	#E1BEBA	#FEFEFE
1770	#FEFCFC	#FFFFFF
1771	#F8EEED	#FFFFFF
1772	#F1DFDD	#FEFEFE
1773	#F8EEED	#FFFFFF
1774	#E8CDCA	#FEFEFE
1776	#E9E6F3	#FEFEFE
1777	#DDD8ED	#FEFEFE
1778	#E9CECA	#FEFEFE
1779	#EFDCDA	#FEFEFE
1780	#F9F9FC	#FFFFFF
1781	#FAF9FC	#FFFFFF
1782	#CF9D97	#FCFCFC
1783	#D4CEE7	#FDFDFD
1784	#ECD4D1	#FEFEFE
1785	#EDD7D4	#FEFEFE
1786	#FDFBFB	#FFFFFF
1787	#F7ECEB	#FEFEFE
1788	#F2E1DE	#FEFEFE
1789	#EFDCDA	#FEFEFE
1790	#C48A84	#FBFBFB
1791	#FAF9FC	#FFFFFF
1792	#CF9D97	#FCFCFC
1793	#DDB7B2	#FCFCFC
1794	#FEFBFB	#FFFFFF
1795	#E2C0BC	#FDFDFD
1796	#FCF7F7	#FFFFFF
1797	#E2DEEF	#FDFDFD
1798	#F9F2F1	#FFFFFF
1799	#E2C0BC	#FDFDFD
1800	#FFFEFE	#FFFFFF
1801	#FDFBFB	#FFFFFF
1802	#F8EEED	#FFFFFF
1803	#F9F1F0	#FFFFFF
1804	#EEEBF6	#FEFEFE
1805	#E4E0F0	#FEFEFE
1806	#F9F8FC	#FFFFFF
1807	#F1E0DD	#FEFEFE
1808	#E6E3F2	#FEFEFE
1809	#F1E0DE	#FEFEFE
1810	#F1E0DD	#FEFEFE
1811	#EFECF6	#FFFFFF
1812	#E1BEBA	#FEFEFE
1814	#F4E6E4	#FEFEFE
1815	#F7EDEC	#FFFFFF
1816	#D4A5A0	#FCFCFC
1817	#EBD4D0	#FEFEFE
1818	#FAF9FC	#FFFFFF
1819	#F8EEED	#FFFFFF
1820	#F1E0DD	#FEFEFE
1821	#ECD5D2	#FEFEFE
1822	#C28680	#FAFAFA
1823	#F9F1F0	#FFFFFF
1824	#F1E0DD	#FEFEFE
1825	#E5E1F1	#FEFEFE
1826	#F8EEED	#FFFFFF
1827	#ECD5D2	#FEFEFE
1828	#ECD5D2	#FEFEFE
1829	#ECD5D2	#FEFEFE
1830	#E1BEBA	#FEFEFE
1831	#E6C8C4	#FDFDFD
1832	#E0BDB9	#FEFEFE
1833	#F8EEED	#FFFFFF
1834	#D5CFE8	#FEFEFE
1835	#E0BDB9	#FDFDFD
1836	#ECD4D1	#FDFDFD
1837	#E3C3BF	#FDFDFD
1838	#F8EEED	#FFFFFF
1839	#D4A59F	#FCFCFC
1840	#C9928B	#FBFBFB
1841	#C48A83	#FBFBFB
1842	#ECD4D1	#FDFDFD
1843	#CF9D97	#FCFCFC
1844	#FCF8F7	#FFFFFF
1845	#F4E7E5	#FEFEFE
1846	#F1E0DE	#FEFEFE
1847	#ECD4D1	#FDFDFD
1848	#FCF8F8	#FFFFFF
1849	#FFFEFE	#FFFFFF
1850	#FDFBFA	#FFFFFF
1851	#FFFFFF	#FFFFFF
1852	#F9F2F1	#FFFFFF
1853	#FFFEFE	#FFFFFF
1854	#C78E88	#FBFBFB
1855	#FFFEFE	#FFFFFF
1856	#E4C4C0	#FDFDFD
1857	#FDFAFA	#FFFFFF
1858	#FEFCFC	#FFFFFF
1859	#F2F0F8	#FEFEFE
1860	#FFFFFF	#FFFFFF
1861	#E4C4C0	#FDFDFD
1862	#EFECF6	#FFFFFF
1863	#F0DEDC	#FEFEFE
1864	#F6F4FA	#FFFFFF
1865	#D5CFE8	#FEFEFE
1866	#FAFAFC	#FFFFFF
1867	#E9E5F3	#FEFEFE
1868	#FBF6F5	#FFFFFF
1870	#F1DFDD	#FEFEFE
1871	#BF817A	#FAFAFA
1873	#CF9D97	#FCFCFC
1874	#FDFAF9	#FFFFFF
1875	#C78E87	#FBFBFB
1876	#EBD3D0	#FEFEFE
1877	#D9B0AB	#FDFDFD
1878	#F4E7E5	#FEFEFE
1879	#D4A5A0	#FCFCFC
1880	#E9CECA	#FEFEFE
1881	#ECD5D2	#FEFEFE
1882	#EFDCD9	#FEFEFE
1883	#FAF9FC	#FFFFFF
1884	#EFDCD9	#FEFEFE
1885	#F0EDF7	#FFFFFF
1886	#FAF4F3	#FFFFFF
1887	#FDFAFA	#FFFFFF
1888	#F4E6E4	#FEFEFE
1889	#F8EFED	#FFFFFF
1890	#E4C4C0	#FDFDFD
1891	#F6EAE9	#FEFEFE
1892	#EFDCD9	#FEFEFE
1893	#B7AFD8	#FDFDFD
1894	#F8F0EF	#FEFEFE
1895	#F8EFED	#FEFEFE
1896	#E6C8C4	#FDFDFD
1897	#FEFDFD	#FFFFFF
1898	#E9CFCC	#FDFDFD
1899	#E8E5F2	#FEFEFE
1900	#F7ECEB	#FFFFFF
1901	#EDD6D3	#FEFEFE
1902	#FBF6F5	#FFFFFF
1903	#E4C4BF	#FDFDFD
1904	#FBF7F6	#FFFFFF
1905	#F3E4E2	#FEFEFE
1906	#F7ECEB	#FFFFFF
1907	#F4E6E4	#FEFEFE
1908	#E2C1BC	#FDFDFD
1909	#D1CBE6	#FCFCFC
1910	#FBFAFD	#FFFFFF
1911	#E1BEBA	#FDFDFD
1912	#FEFCFC	#FFFFFF
1913	#B8AFD8	#FDFDFD
1915	#CC9791	#FCFCFC
1916	#F2F1F8	#FFFFFF
1917	#F8EEED	#FFFFFF
1918	#F1E0DD	#FEFEFE
1919	#C68D87	#FBFBFB
1920	#CF9C96	#FCFCFC
1921	#DDB7B2	#FCFCFC
1922	#ECD6D3	#FEFEFE
1923	#EEECF6	#FFFFFF
1924	#E1BEB9	#FEFEFE
1925	#FAFAFD	#FFFFFF
1926	#E1BEB9	#FEFEFE
1927	#F1E0DE	#FEFEFE
1928	#D4A5A0	#FCFCFC
1929	#F7ECEB	#FFFFFF
1930	#FAFAFC	#FFFFFF
1931	#F7ECEB	#FFFFFF
1932	#FBF6F5	#FFFFFF
1933	#ECD6D3	#FEFEFE
1934	#E9E5F3	#FEFEFE
1935	#EED9D6	#FEFEFE
1936	#E4C4C0	#FDFDFD
1937	#FBF6F5	#FFFFFF
1938	#CF9D97	#FCFCFC
1939	#E9CECA	#FEFEFE
1940	#FAFAFC	#FFFFFF
1941	#ECD5D2	#FEFEFE
1942	#B6726B	#F8F8F8
1943	#FBF7F6	#FFFFFF
1944	#CF9D97	#FCFCFC
1945	#F8EFEE	#FEFEFE
1946	#F1DFDD	#FEFEFE
1947	#FFFEFE	#FFFFFF
1948	#EBD2CF	#FDFDFD
1949	#FEFDFD	#FFFFFF
1950	#F9F8FC	#FFFFFF
1951	#E0BCB7	#FCFCFC
1952	#F1E0DE	#FEFEFE
1953	#ECD5D2	#FEFEFE
1954	#E4E0F0	#FEFEFE
1955	#E0BDB9	#FEFEFE
1956	#F4E6E4	#FEFEFE
1957	#F4E6E4	#FEFEFE
1958	#E4C4C0	#FDFDFD
1959	#EED8D5	#FEFEFE
1960	#ECEAF5	#FEFEFE
1961	#FDFBFA	#FFFFFF
1962	#F2F0F8	#FFFFFF
1963	#ECEAF5	#FEFEFE
1964	#D9B0AB	#FDFDFD
1965	#F8EFED	#FFFFFF
1966	#EBD3D0	#FEFEFE
1967	#E9E5F3	#FEFEFE
1968	#E2C0BC	#FDFDFD
1969	#E9CECB	#FEFEFE
1971	#E2C0BB	#FDFDFD
1972	#E6C8C5	#FDFDFD
1973	#C3BBDE	#FDFDFD
1974	#F4E5E3	#FEFEFE
1975	#D9B0AB	#FDFDFD
1976	#F1DFDD	#FEFEFE
1977	#FBFAFD	#FFFFFF
1978	#FDFAFA	#FFFFFF
1979	#E8CDCA	#FEFEFE
1981	#F8EEED	#FFFFFF
1982	#F9F8FC	#FFFFFF
1983	#EED9D6	#FEFEFE
1984	#FAF9FC	#FFFFFF
1985	#DBD6EB	#FEFEFE
1986	#EED9D6	#FEFEFE
1987	#CF9D97	#FCFCFC
1988	#FBFAFD	#FFFFFF
1989	#E8CDCA	#FEFEFE
1990	#F4E7E5	#FEFEFE
1991	#DEB9B4	#FCFCFC
1992	#EDD7D4	#FEFEFE
1993	#EAD0CD	#FDFDFD
1994	#F8EEED	#FFFFFF
1995	#F2F0F8	#FEFEFE
1996	#EED9D6	#FEFEFE
1997	#FAF9FC	#FFFFFF
1998	#FEFDFD	#FFFFFF
1999	#F0EDF7	#FEFEFE
2000	#F1E0DE	#FEFEFE
2001	#F6EAE9	#FEFEFE
2002	#E6E3F2	#FEFEFE
2003	#FBFBFD	#FFFFFF
2004	#E5E1F1	#FEFEFE
2005	#FBF7F6	#FFFFFF
2006	#DDD9ED	#FDFDFD
2007	#F1E0DD	#FEFEFE
2008	#FEFDFC	#FFFFFF
2009	#F5E7E5	#FEFEFE
2010	#F6F5FA	#FFFFFF
2011	#F1E0DD	#FEFEFE
2012	#F3E5E3	#FEFEFE
2013	#F1E0DD	#FEFEFE
2014	#ECD6D3	#FEFEFE
2016	#E6C8C4	#FDFDFD
2017	#FAF9FC	#FFFFFF
2018	#F8EEED	#FFFFFF
2019	#E1BEB9	#FEFEFE
2020	#F1DFDD	#FEFEFE
2021	#FBF6F5	#FFFFFF
2022	#CB968F	#FCFCFC
2023	#D9B0AB	#FDFDFD
2024	#F8EEED	#FFFFFF
2025	#D9B0AA	#FDFDFD
2026	#F8EEED	#FFFFFF
2027	#F2F0F8	#FFFFFF
2028	#F1E0DD	#FEFEFE
2029	#FCF8F7	#FFFFFF
2030	#EBD4D0	#FEFEFE
2031	#CF9D97	#FCFCFC
2032	#FAF9FC	#FFFFFF
2033	#EDEAF5	#FEFEFE
2034	#E6C8C4	#FDFDFD
2035	#E1BEBA	#FDFDFD
2036	#FEFCFC	#FFFFFF
2037	#F4E7E5	#FEFEFE
2038	#F8EEED	#FFFFFF
2039	#E4C4C0	#FDFDFD
2040	#E3C3BF	#FDFDFD
2041	#FFFEFE	#FFFFFF
2042	#DEDAED	#FDFDFD
2043	#F3E4E2	#FEFEFE
2044	#F2E2E0	#FEFEFE
2045	#EDEAF5	#FEFEFE
2046	#CF9D97	#FCFCFC
2047	#F1E0DE	#FEFEFE
2048	#F6F5FA	#FFFFFF
2049	#EFEDF7	#FFFFFF
2050	#FAF9FC	#FFFFFF
2051	#F2F0F8	#FEFEFE
2052	#F9F8FC	#FFFFFF
2053	#FAFAFC	#FFFFFF
2054	#FFFFFF	#FFFFFF
2055	#FAFAFC	#FFFFFF
2056	#FBF7F6	#FFFFFF
2057	#FBFAFD	#FFFFFF
2058	#E2DEEF	#FDFDFD
2059	#FBF6F5	#FFFFFF
2060	#F7EDEC	#FFFFFF
2061	#FBFAFD	#FFFFFF
2062	#EFDCD9	#FEFEFE
2063	#FCF7F7	#FFFFFF
2064	#F1E0DE	#FEFEFE
2065	#FDFBFB	#FFFFFF
2066	#FAF9FC	#FFFFFF
2068	#FBF6F5	#FFFFFF
2069	#E1BEB9	#FEFEFE
2070	#F6F5FA	#FFFFFF
2073	#FBF5F5	#FFFFFF
2074	#F0DDDA	#FEFEFE
2075	#D4CEE7	#FDFDFD
2076	#FBFAFD	#FFFFFF
2077	#EFDBD9	#FEFEFE
2078	#F6EAE8	#FEFEFE
2079	#DDD8EC	#FEFEFE
2080	#E1BEB9	#FEFEFE
2081	#E8CDCA	#FEFEFE
2082	#ECD5D2	#FEFEFE
2083	#E6C8C5	#FDFDFD
2084	#EBD4D0	#FEFEFE
2085	#FEFDFD	#FFFFFF
2086	#F4E5E3	#FEFEFE
2087	#ECD5D2	#FEFEFE
2088	#FFFFFF	#FFFFFF
2089	#E9CECA	#FEFEFE
2090	#F7EDEC	#FEFEFE
2091	#CB9690	#FCFCFC
2092	#F9F2F1	#FFFFFF
2093	#F6EAE9	#FEFEFE
2094	#E3C3BF	#FDFDFD
2095	#F4E6E4	#FEFEFE
2096	#FBF6F5	#FFFFFF
2097	#CB958F	#FCFCFC
2098	#F6EAE8	#FEFEFE
2099	#EAE7F4	#FEFEFE
2100	#E4E0F0	#FEFEFE
2101	#FBF6F6	#FFFFFF
2102	#FCF7F6	#FFFFFF
2103	#DED9ED	#FDFDFD
2104	#FFFEFE	#FFFFFF
2105	#F2F1F8	#FEFEFE
2106	#C8918B	#FBFBFB
2107	#FBFAFD	#FFFFFF
2108	#F3E3E1	#FEFEFE
2109	#F1E0DD	#FEFEFE
2110	#DBD6EC	#FEFEFE
2111	#FCFBFD	#FFFFFF
2112	#FBF6F6	#FFFFFF
2113	#E9E5F3	#FEFEFE
2114	#FAF9FC	#FFFFFF
2115	#F6EAE8	#FEFEFE
2117	#FAF9FC	#FFFFFF
2119	#E4E1F1	#FEFEFE
2120	#E1BEBA	#FEFEFE
2121	#FBFAFD	#FFFFFF
2122	#E9CECA	#FEFEFE
2123	#D4A5A0	#FCFCFC
2124	#FFFEFE	#FFFFFF
2125	#CF9D97	#FCFCFC
2126	#EBD4D0	#FEFEFE
2127	#FBF6F5	#FFFFFF
2128	#F1E0DE	#FEFEFE
2129	#FAF9FC	#FFFFFF
2130	#E6C8C5	#FDFDFD
2131	#D4A5A0	#FCFCFC
2132	#D9B0AA	#FDFDFD
2133	#FBF6F6	#FFFFFF
2134	#D4A59F	#FCFCFC
2135	#F9F8FC	#FFFFFF
2136	#F9F8FC	#FFFFFF
2137	#EBE8F4	#FEFEFE
2138	#D4CFE8	#FEFEFE
2139	#EAD1CE	#FDFDFD
2140	#D09E98	#FCFCFC
2141	#F1DFDD	#FEFEFE
2142	#F6F4FA	#FFFFFF
2143	#FAF4F4	#FFFFFF
2144	#ECD4D1	#FDFDFD
2145	#C9928B	#FBFBFB
2146	#FAF9FC	#FFFFFF
2147	#FDFCFE	#FFFFFF
2148	#E6C8C4	#FDFDFD
2149	#F8F7FB	#FFFFFF
2150	#F6F5FA	#FFFFFF
2151	#ECE9F5	#FEFEFE
2152	#EDD6D3	#FEFEFE
2153	#E5E1F1	#FEFEFE
2154	#FDFBFA	#FFFFFF
2155	#F2F0F8	#FFFFFF
2156	#FAFAFD	#FFFFFF
2157	#EBD4D0	#FEFEFE
2158	#EDEAF5	#FEFEFE
2159	#F5E7E6	#FEFEFE
2160	#EDEAF5	#FEFEFE
2161	#C2867F	#FAFAFA
2162	#EEEBF6	#FEFEFE
2163	#DDD8EC	#FEFEFE
2164	#EFECF6	#FFFFFF
2165	#FEFDFD	#FFFFFF
2166	#F7EDEB	#FEFEFE
2168	#E5C7C3	#FDFDFD
2169	#F8EEED	#FFFFFF
2170	#F7ECEB	#FFFFFF
2171	#F1DFDD	#FEFEFE
2173	#EBE8F4	#FEFEFE
2174	#FBF6F6	#FFFFFF
2177	#E8CDCA	#FEFEFE
2178	#D9B0AA	#FDFDFD
2179	#FBF6F5	#FFFFFF
2180	#D4A59F	#FCFCFC
2181	#F4E5E3	#FEFEFE
2182	#D3CDE7	#FDFDFD
2183	#F8EEED	#FFFFFF
2184	#F8EEED	#FFFFFF
2185	#E8CDCA	#FEFEFE
2186	#FAF3F2	#FFFFFF
2187	#F6EAE8	#FEFEFE
2188	#F8EEED	#FFFFFF
2189	#DEB9B5	#FCFCFC
2190	#E4C4C0	#FDFDFD
2191	#FEFDFD	#FFFFFF
2192	#FBFAFD	#FFFFFF
2193	#FCF8F7	#FFFFFF
2194	#F2E2E0	#FEFEFE
2195	#E6C8C4	#FDFDFD
2196	#D9AFAA	#FDFDFD
2197	#F6F5FA	#FFFFFF
2198	#FCFCFD	#FFFFFF
2199	#F0DDDA	#FEFEFE
2200	#E6E2F1	#FEFEFE
2201	#DDD8ED	#FDFDFD
2202	#FAF4F3	#FFFFFF
2203	#F7EEEC	#FFFFFF
2204	#FCF9F8	#FFFFFF
2205	#FBF6F5	#FFFFFF
2206	#F1E0DE	#FEFEFE
2207	#EBD4D0	#FEFEFE
2208	#F4E7E5	#FEFEFE
2209	#FBFAFD	#FFFFFF
2210	#F4E7E5	#FEFEFE
2211	#E8CECA	#FEFEFE
2212	#E2C0BC	#FDFDFD
2213	#FFFFFF	#FFFFFF
2214	#E4E1F1	#FEFEFE
2215	#C8918B	#FBFBFB
2216	#E5E1F1	#FEFEFE
2219	#D3A59F	#FCFCFC
2220	#E9E6F3	#FEFEFE
2221	#E9CECB	#FEFEFE
2222	#FBF6F6	#FFFFFF
2223	#C8918A	#FBFBFB
2224	#EED9D6	#FEFEFE
2225	#F2E1DF	#FEFEFE
2226	#CF9D97	#FCFCFC
2227	#ECD5D2	#FEFEFE
2228	#FEFDFC	#FFFFFF
2229	#ECD5D2	#FEFEFE
2230	#E1BEBA	#FEFEFE
2231	#EEECF6	#FFFFFF
2232	#F1E0DE	#FEFEFE
2233	#F7ECEB	#FFFFFF
2234	#FBFAFD	#FFFFFF
2235	#C48A83	#FBFBFB
2236	#CC9791	#FCFCFC
2237	#F4E5E3	#FEFEFE
2238	#ECD5D2	#FEFEFE
2239	#E6C8C4	#FDFDFD
2240	#C8918B	#FBFBFB
2241	#E4C4C0	#FDFDFD
2242	#F6F5FA	#FFFFFF
2243	#DFBCB7	#FCFCFC
2244	#FCFBFD	#FFFFFF
2245	#E6C8C4	#FDFDFD
2246	#F3E5E3	#FEFEFE
2247	#C3BBDE	#FDFDFD
2248	#ECD4D1	#FEFEFE
2249	#EEECF6	#FFFFFF
2250	#F4E5E3	#FEFEFE
2251	#F9F8FC	#FFFFFF
2252	#EFEDF6	#FEFEFE
2253	#E6E3F2	#FEFEFE
2254	#FDFDFE	#FFFFFF
2255	#FEFDFD	#FFFFFF
2256	#F2F0F8	#FFFFFF
2257	#FDFAFA	#FFFFFF
2258	#EBD4D0	#FEFEFE
2259	#F1E0DE	#FEFEFE
2260	#FEFDFC	#FFFFFF
2261	#F4E5E3	#FEFEFE
2262	#FFFFFF	#FFFFFF
2263	#F2F0F8	#FFFFFF
2264	#FAFAFC	#FFFFFF
2265	#E9E6F3	#FEFEFE
2266	#EFECF6	#FEFEFE
2267	#EBD3D0	#FEFEFE
2268	#E9CECA	#FEFEFE
2269	#E1BEB9	#FEFEFE
2270	#F8EEED	#FFFFFF
2271	#D9B0AB	#FDFDFD
2272	#E9E5F3	#FEFEFE
2274	#EBD3D0	#FDFDFD
2275	#EEDAD7	#FDFDFD
2276	#E6E2F1	#FEFEFE
2277	#FFFEFE	#FFFFFF
2278	#F5F4FA	#FFFFFF
2279	#E8E5F2	#FEFEFE
2280	#EEECF6	#FEFEFE
2281	#EAD2CE	#FDFDFD
2282	#F4E6E4	#FEFEFE
2283	#FAF9FC	#FFFFFF
2284	#F1E0DE	#FEFEFE
2285	#F7EDEC	#FEFEFE
2286	#F5F4FA	#FFFFFF
2287	#FBFAFD	#FFFFFF
2289	#A79ECF	#FBFBFB
2290	#F1E0DE	#FEFEFE
2291	#FBFAFD	#FFFFFF
2292	#EBD4D0	#FEFEFE
2293	#CC9791	#FCFCFC
2294	#F6EAE8	#FEFEFE
2295	#EEECF6	#FFFFFF
2296	#F1E0DE	#FEFEFE
2297	#F3F2F9	#FEFEFE
2298	#F1E0DE	#FEFEFE
2299	#E2C0BC	#FDFDFD
2301	#F4E5E3	#FEFEFE
2303	#ECD5D2	#FEFEFE
2304	#FAFAFC	#FFFFFF
2305	#E9E5F3	#FEFEFE
2306	#FAF9FC	#FFFFFF
2307	#AEA5D3	#FCFCFC
2308	#DEB9B5	#FCFCFC
2309	#E6C9C5	#FDFDFD
2310	#F8EEED	#FFFFFF
2311	#E0BEB9	#FEFEFE
2312	#FBFAFD	#FFFFFF
2313	#E8CECA	#FEFEFE
2314	#FEFDFD	#FFFFFF
2315	#FBF6F5	#FFFFFF
2316	#E4C4C0	#FDFDFD
2319	#E0BCB7	#FCFCFC
2320	#FAF3F2	#FFFFFF
2321	#F6ECEA	#FFFFFF
2322	#FBFAFD	#FFFFFF
2323	#E0BDB8	#FDFDFD
2324	#E6C8C4	#FCFCFC
2325	#F2E3E0	#FDFDFD
2326	#F4F3F9	#FFFFFF
2327	#FBF7F6	#FFFFFF
2328	#FDFBFB	#FFFFFF
2329	#FBF6F6	#FFFFFF
2330	#F4E6E4	#FEFEFE
2331	#FEFDFD	#FFFFFF
2332	#FEFCFC	#FFFFFF
2333	#E9E6F3	#FEFEFE
2334	#DED9ED	#FEFEFE
2335	#F4E5E3	#FEFEFE
2336	#FAFAFD	#FFFFFF
2337	#F7ECEB	#FEFEFE
2338	#EBD4D0	#FEFEFE
2339	#FBFAFD	#FFFFFF
2340	#FBFBFD	#FFFFFF
2341	#FEFCFC	#FFFFFF
2342	#FEFDFD	#FFFFFF
2343	#ECD5D2	#FEFEFE
2344	#CBC5E3	#FDFDFD
2345	#E2C0BC	#FDFDFD
2346	#FBF6F6	#FFFFFF
2347	#D5CFE8	#FEFEFE
2348	#EBD2CF	#FDFDFD
2349	#F1DFDD	#FEFEFE
2350	#FBF7F6	#FFFFFF
2351	#FBFAFD	#FFFFFF
2352	#F8EEED	#FFFFFF
2353	#FBFAFD	#FFFFFF
2354	#C3BBDE	#FDFDFD
2355	#E9E5F3	#FEFEFE
2356	#EBD4D0	#FEFEFE
2357	#FEFCFC	#FFFFFF
2358	#E9CECA	#FEFEFE
2359	#EBD3D0	#FDFDFD
2360	#D9B0AB	#FDFDFD
2361	#E1BEBA	#FEFEFE
2362	#FBF6F5	#FFFFFF
2363	#EBD4D0	#FEFEFE
2364	#F1E0DE	#FEFEFE
2365	#F7F6FB	#FFFFFF
2366	#FBFBFD	#FFFFFF
2367	#F8EEED	#FFFFFF
2368	#CF9D97	#FCFCFC
2369	#F3E5E3	#FEFEFE
2370	#F4E5E3	#FEFEFE
2371	#EBD4D1	#FDFDFD
2372	#EEECF6	#FEFEFE
2373	#DDB7B3	#FCFCFC
2375	#D9B0AA	#FDFDFD
2376	#D9B0AA	#FDFDFD
2377	#E9E6F3	#FEFEFE
2378	#F7ECEB	#FFFFFF
2379	#F8EEED	#FFFFFF
2380	#CB9790	#FCFCFC
2381	#E9CECA	#FEFEFE
2382	#CF9D97	#FCFCFC
2383	#E6C8C5	#FDFDFD
2384	#F1E0DD	#FEFEFE
2385	#E2C1BC	#FDFDFD
2386	#D9B0AA	#FDFDFD
2387	#F6EAE8	#FEFEFE
2388	#F7EDEC	#FEFEFE
2389	#EBD4D0	#FEFEFE
2390	#E4C4C0	#FDFDFD
2391	#ECD5D2	#FEFEFE
2392	#E2C0BC	#FDFDFD
2393	#D7ACA6	#FBFBFB
2394	#FDFBFB	#FFFFFF
2395	#C7C0E1	#FCFCFC
2396	#E5E1F1	#FEFEFE
2397	#FBF6F5	#FFFFFF
2398	#EBD4D0	#FEFEFE
2399	#DFBCB7	#FCFCFC
2400	#FBF6F5	#FFFFFF
2401	#FAF9FC	#FFFFFF
2402	#FBF7F6	#FFFFFF
2403	#FBF6F6	#FFFFFF
2404	#ECD5D2	#FEFEFE
2405	#F7EDEC	#FFFFFF
2406	#FCF8F7	#FFFFFF
2407	#F7EDEB	#FFFFFF
2408	#FAF3F3	#FFFFFF
2409	#F1E0DD	#FEFEFE
2410	#FAF4F3	#FFFFFF
2411	#FBF7F6	#FFFFFF
2412	#DEDAED	#FEFEFE
2413	#F6F5FA	#FFFFFF
2414	#EED9D7	#FEFEFE
2415	#D9AFAA	#FDFDFD
2416	#FEFDFD	#FFFFFF
2417	#EDD6D4	#FEFEFE
2418	#F0DDDA	#FEFEFE
2420	#FAFAFC	#FFFFFF
2421	#F1E0DD	#FEFEFE
2422	#F8EEED	#FFFFFF
2423	#F1DFDD	#FEFEFE
2424	#E1BEBA	#FDFDFD
2425	#F1E0DE	#FEFEFE
2426	#F1E0DD	#FEFEFE
2427	#F1DFDD	#FEFEFE
2428	#C9918B	#FBFBFB
2429	#ECD5D2	#FEFEFE
2430	#C28780	#FAFAFA
2431	#EBD4D0	#FEFEFE
2432	#F8EEED	#FFFFFF
2434	#EEECF6	#FFFFFF
2435	#FBF6F5	#FFFFFF
2436	#E6C8C4	#FDFDFD
2437	#EEECF6	#FEFEFE
2438	#F7EDEB	#FFFFFF
2439	#C48A84	#FBFBFB
2440	#EFDCD9	#FEFEFE
2441	#AFA6D3	#FCFCFC
2442	#EED8D6	#FEFEFE
2443	#DAB1AC	#FBFBFB
2444	#EBD3D0	#FDFDFD
2445	#F4E7E5	#FEFEFE
2446	#E1BEBA	#FEFEFE
2447	#F6EAE9	#FEFEFE
2448	#D4A6A0	#FCFCFC
2449	#F8EEED	#FFFFFF
2450	#F4E6E4	#FEFEFE
2451	#DCD7EC	#FEFEFE
2452	#E8E5F3	#FEFEFE
2453	#E1BEB9	#FEFEFE
2454	#F7ECEB	#FFFFFF
2455	#F2F0F8	#FEFEFE
2456	#FAFAFC	#FFFFFF
2457	#F6F5FA	#FFFFFF
2458	#F6EAE8	#FEFEFE
2459	#F6F4FA	#FFFFFF
2460	#D9B0AB	#FDFDFD
2461	#E6C8C4	#FDFDFD
2462	#FCF8F8	#FFFFFF
2463	#F6F4FA	#FFFFFF
2464	#ECD4D1	#FDFDFD
2465	#EDD6D3	#FEFEFE
2466	#F7ECEB	#FFFFFF
2467	#E6C8C4	#FDFDFD
2468	#EEECF6	#FFFFFF
2469	#F6EAE8	#FEFEFE
2470	#D5CFE8	#FEFEFE
2471	#EBD3D0	#FEFEFE
2472	#F1DEDC	#FEFEFE
2473	#FAF9FC	#FFFFFF
2474	#EBD4D0	#FEFEFE
2476	#FBF5F5	#FFFFFF
2477	#E4C4C0	#FDFDFD
2478	#FBF6F5	#FFFFFF
2479	#EEECF6	#FFFFFF
2480	#F7ECEB	#FFFFFF
2481	#CF9D97	#FCFCFC
2482	#ECD5D3	#FEFEFE
2483	#FBFAFD	#FFFFFF
2484	#ECD5D2	#FEFEFE
2485	#D4A59F	#FCFCFC
2486	#ECD5D1	#FDFDFD
2487	#EBD2CF	#FDFDFD
2488	#F7ECEA	#FFFFFF
2489	#FBFAFD	#FFFFFF
2490	#F7EDEB	#FFFFFF
2491	#F1DFDD	#FEFEFE
2492	#F1E0DE	#FEFEFE
2493	#F4E7E5	#FEFEFE
2494	#F7F6FB	#FFFFFF
2495	#DFBBB7	#FCFCFC
2496	#C9928B	#FBFBFB
2497	#F7EDEB	#FFFFFF
2498	#ECD5D2	#FEFEFE
2499	#EBD3D0	#FEFEFE
2500	#ECD5D2	#FEFEFE
2501	#F2F0F8	#FEFEFE
2502	#F0DCDA	#FEFEFE
2503	#FBFAFD	#FFFFFF
2504	#E4E1F1	#FEFEFE
2505	#ECD6D3	#FEFEFE
2506	#F7EDEB	#FFFFFF
2507	#E4E1F1	#FEFEFE
2508	#EDD6D3	#FEFEFE
2509	#FDFDFE	#FFFFFF
2510	#C3BBDE	#FDFDFD
2511	#F0DDDA	#FEFEFE
2512	#FFFFFF	#FFFFFF
2513	#E2C1BC	#FDFDFD
2514	#F9F0EF	#FFFFFF
2515	#F6F5FA	#FFFFFF
2516	#F4E6E4	#FEFEFE
2517	#FBF7F6	#FFFFFF
2518	#E2C1BC	#FDFDFD
2519	#FEFEFE	#FFFFFF
2521	#F8EEED	#FFFFFF
2522	#F1DFDD	#FEFEFE
2523	#F1E0DD	#FEFEFE
2524	#D4A59F	#FCFCFC
2525	#EBD4D0	#FEFEFE
2526	#F3E5E3	#FEFEFE
2527	#F0DCDA	#FEFEFE
2528	#CF9D97	#FCFCFC
2529	#D4A59F	#FCFCFC
2530	#FBFAFD	#FFFFFF
2531	#EBD3D0	#FEFEFE
2532	#F8EEED	#FFFFFF
2533	#E1BEBA	#FEFEFE
2534	#F1F0F8	#FFFFFF
2535	#EEECF6	#FEFEFE
2536	#F7ECEB	#FEFEFE
2537	#C68D86	#FBFBFB
2538	#C68E87	#FBFBFB
2539	#D3CDE7	#FDFDFD
2540	#F8EEED	#FFFFFF
2541	#C48A83	#FBFBFB
2542	#C9928C	#FBFBFB
2543	#EAD1CE	#FDFDFD
2544	#EDD6D3	#FEFEFE
2545	#C0837C	#FAFAFA
2546	#E6C8C5	#FDFDFD
2547	#FAF9FC	#FFFFFF
2548	#C68D87	#FBFBFB
2549	#EAE7F4	#FEFEFE
2550	#E9E5F3	#FEFEFE
2551	#FBFBFD	#FFFFFF
2552	#FDFBFB	#FFFFFF
2553	#FDFAFA	#FFFFFF
2554	#FEFCFC	#FFFFFF
2555	#F1E0DE	#FEFEFE
2556	#EEECF6	#FFFFFF
2557	#EEECF6	#FEFEFE
2558	#F8EEED	#FEFEFE
2559	#F3F1F8	#FFFFFF
2560	#FBFBFD	#FFFFFF
2561	#E1BEB9	#FEFEFE
2562	#C0827B	#FAFAFA
2563	#E9CECB	#FEFEFE
2564	#F0DCDA	#FEFEFE
2565	#EEECF6	#FEFEFE
2566	#EEEBF6	#FEFEFE
2567	#C68D86	#FBFBFB
2568	#F1E0DE	#FEFEFE
2569	#F7EDEB	#FFFFFF
2570	#F7EDEC	#FFFFFF
2571	#F8EEED	#FFFFFF
2572	#FBFAFD	#FFFFFF
2573	#EFECF6	#FFFFFF
2574	#F8EEED	#FFFFFF
2577	#F9F8FC	#FFFFFF
2578	#E1BEB9	#FEFEFE
2579	#EEECF6	#FFFFFF
2580	#D4A59F	#FCFCFC
2581	#F1E0DE	#FEFEFE
2582	#F1DFDD	#FEFEFE
2583	#EBD3D0	#FEFEFE
2584	#EED9D6	#FEFEFE
2585	#E9E5F3	#FEFEFE
2586	#E1BEB9	#FEFEFE
2587	#FEFDFD	#FFFFFF
2588	#FDFAFA	#FFFFFF
2589	#EBD3D0	#FEFEFE
2590	#F1E0DE	#FEFEFE
2591	#D9AFAA	#FDFDFD
2592	#ECD5D2	#FEFEFE
2593	#EDD6D3	#FEFEFE
2594	#E3C3BF	#FDFDFD
2595	#C28680	#FAFAFA
2596	#FBF5F5	#FFFFFF
2597	#F9F2F1	#FFFFFF
2598	#EDD6D4	#FEFEFE
2599	#F9F1F0	#FFFFFF
2600	#FDFAF9	#FFFFFF
2601	#F7ECEA	#FFFFFF
2602	#FDFDFE	#FFFFFF
2603	#EEECF6	#FFFFFF
2604	#F4E5E3	#FEFEFE
2605	#FBF6F5	#FFFFFF
2606	#FBF5F4	#FFFFFF
2607	#E7CBC7	#FDFDFD
2608	#FCF7F6	#FFFFFF
2609	#F1F0F8	#FFFFFF
2610	#F1E0DD	#FEFEFE
2611	#F1DFDD	#FEFEFE
2612	#E9CFCC	#FDFDFD
2613	#F6EBE9	#FEFEFE
2614	#EED9D7	#FEFEFE
2615	#FDFDFE	#FFFFFF
2616	#E5E1F1	#FEFEFE
2617	#E2C0BC	#FDFDFD
2618	#FFFFFF	#FFFFFF
2619	#F7EDEC	#FEFEFE
2620	#EDEBF5	#FEFEFE
2622	#F8EEED	#FFFFFF
2623	#DDD8ED	#FEFEFE
2624	#E1BEBA	#FEFEFE
2625	#C3BBDE	#FDFDFD
2626	#D3A59F	#FCFCFC
2627	#D9AFAA	#FDFDFD
2628	#C8918B	#FBFBFB
2629	#EBD4D0	#FEFEFE
2630	#FCF7F7	#FFFFFF
2631	#FBF6F6	#FFFFFF
2632	#F1E0DE	#FEFEFE
2633	#FBFAFD	#FFFFFF
2634	#F1E0DE	#FEFEFE
2635	#D3A59F	#FCFCFC
2636	#F0DDDB	#FEFEFE
2637	#F9F8FC	#FFFFFF
2638	#F1E0DE	#FEFEFE
2639	#E2C1BC	#FDFDFD
2640	#EFDCDA	#FEFEFE
2641	#ECD5D2	#FEFEFE
2642	#ECD4D1	#FEFEFE
2643	#ECD5D2	#FEFEFE
2644	#EED9D6	#FEFEFE
2645	#F9F2F1	#FFFFFF
2646	#E4C4C0	#FDFDFD
2647	#F0DDDB	#FEFEFE
2648	#CB9690	#FCFCFC
2649	#CB9690	#FCFCFC
2650	#E1DDEF	#FDFDFD
2651	#F1E0DD	#FEFEFE
2652	#F9F8FC	#FFFFFF
2653	#D9D3EA	#FDFDFD
2654	#E9CECA	#FEFEFE
2655	#EDD6D3	#FEFEFE
2656	#FBF6F5	#FFFFFF
2657	#FDFCFE	#FFFFFF
2658	#DDD8ED	#FEFEFE
2659	#E6C9C6	#FDFDFD
2660	#FBF6F6	#FFFFFF
2661	#F0DEDC	#FEFEFE
2662	#E9CECA	#FEFEFE
2663	#F6F5FA	#FFFFFF
2664	#F4E6E4	#FEFEFE
2665	#F7ECEB	#FFFFFF
2666	#F3E5E3	#FEFEFE
2667	#EBE9F4	#FEFEFE
2668	#F1E0DE	#FEFEFE
2669	#F4E5E3	#FEFEFE
2670	#FFFEFE	#FFFFFF
2671	#EFDCD9	#FEFEFE
2672	#D9AFAA	#FDFDFD
2673	#D4A5A0	#FCFCFC
2674	#FAF9FC	#FFFFFF
2675	#EFECF6	#FFFFFF
2676	#FBF7F6	#FFFFFF
2678	#FBF6F5	#FFFFFF
2679	#FAF9FC	#FFFFFF
2680	#C3BBDE	#FDFDFD
2681	#D5CFE8	#FEFEFE
2682	#F8EEED	#FFFFFF
2683	#FBFAFD	#FFFFFF
2684	#FEFDFC	#FFFFFF
2685	#F0DDDB	#FEFEFE
2686	#E4C4C0	#FDFDFD
2687	#E9CECB	#FEFEFE
2688	#C8918B	#FBFBFB
2689	#EAD2CE	#FDFDFD
2690	#E8CECA	#FEFEFE
2691	#ECD5D2	#FEFEFE
2692	#E8E5F3	#FEFEFE
2693	#F9F9FC	#FFFFFF
2694	#ECEAF5	#FEFEFE
2695	#EDD6D3	#FEFEFE
2696	#E0BDB9	#FDFDFD
2697	#EEDAD7	#FEFEFE
2698	#F9F8FC	#FFFFFF
2699	#F2E2E0	#FEFEFE
2700	#FFFEFE	#FFFFFF
2701	#D4A59F	#FCFCFC
2702	#E6E2F1	#FEFEFE
2703	#EBD4D1	#FDFDFD
2704	#DEB9B4	#FCFCFC
2705	#FDFBFA	#FFFFFF
2706	#EED9D6	#FEFEFE
2707	#F9F8FC	#FFFFFF
2708	#F4E6E4	#FEFEFE
2709	#FFFFFF	#FFFFFF
2710	#E9CECA	#FEFEFE
2711	#DDD8ED	#FDFDFD
2712	#FCF7F7	#FFFFFF
2713	#F5F4FA	#FFFFFF
2714	#F2E3E1	#FEFEFE
2715	#F4E6E4	#FEFEFE
2716	#FDFDFE	#FFFFFF
2717	#F3E5E3	#FEFEFE
2718	#FAF9FC	#FFFFFF
2719	#F5F4FA	#FFFFFF
2720	#F0DDDB	#FEFEFE
2721	#EFECF6	#FFFFFF
2723	#C3BBDE	#FDFDFD
2725	#EBD4D0	#FEFEFE
2726	#DBD7EC	#FEFEFE
2727	#F7EEEC	#FFFFFF
2728	#FAF9FC	#FFFFFF
2729	#EBD4D0	#FEFEFE
2730	#D9AFAA	#FDFDFD
2731	#E1BEB9	#FEFEFE
2732	#FEFCFC	#FFFFFF
2734	#DCD7EC	#FEFEFE
2735	#EFDCD9	#FEFEFE
2736	#F4E7E5	#FEFEFE
2737	#ECD4D1	#FDFDFD
2738	#CC9790	#FCFCFC
2739	#F7ECEB	#FFFFFF
2740	#F7ECEB	#FFFFFF
2741	#F8EEED	#FFFFFF
2742	#F0DDDA	#FEFEFE
2743	#FCF8F8	#FFFFFF
2744	#F4E5E3	#FEFEFE
2745	#F4E6E4	#FEFEFE
2746	#E4E1F1	#FEFEFE
2747	#FBF6F5	#FFFFFF
2748	#E8CDCA	#FEFEFE
2749	#F4E5E3	#FEFEFE
2750	#EAE7F4	#FEFEFE
2751	#E4E0F0	#FDFDFD
2752	#D4A5A0	#FCFCFC
2753	#EDEAF5	#FEFEFE
2754	#FCF7F6	#FFFFFF
2755	#EFEDF6	#FEFEFE
2756	#EFDBD9	#FEFEFE
2757	#E6C8C4	#FDFDFD
2758	#E9CECA	#FDFDFD
2759	#E9CECB	#FEFEFE
2760	#F4E7E5	#FEFEFE
2761	#F6EAE9	#FEFEFE
2762	#F7ECEB	#FEFEFE
2763	#F4E5E3	#FEFEFE
2764	#EDD6D3	#FEFEFE
2765	#F2F0F8	#FEFEFE
2766	#FCF9F8	#FFFFFF
2767	#DED9ED	#FEFEFE
2768	#F1E0DE	#FEFEFE
2769	#D4A59F	#FCFCFC
2770	#F4E5E3	#FEFEFE
2771	#F7EDEC	#FFFFFF
2772	#E9CFCC	#FDFDFD
2773	#F9F8FC	#FFFFFF
2774	#E1BEBA	#FEFEFE
2775	#EEECF6	#FFFFFF
2776	#E1BEBA	#FEFEFE
2777	#FBF6F5	#FFFFFF
2779	#C3BBDE	#FDFDFD
2780	#CB9690	#FCFCFC
2781	#D9AFAA	#FDFDFD
2782	#FAF9FC	#FFFFFF
2784	#ECD4D1	#FDFDFD
2785	#FEFCFB	#FFFFFF
2786	#F3E4E2	#FEFEFE
2787	#D9B0AA	#FDFDFD
2788	#FAF9FC	#FFFFFF
2789	#DDB7B3	#FCFCFC
2790	#D4A5A0	#FCFCFC
2791	#E3C3BF	#FDFDFD
2792	#E8CDCA	#FDFDFD
2793	#CC9791	#FCFCFC
2794	#DDB7B2	#FCFCFC
2795	#FEFDFC	#FFFFFF
2796	#F8EEED	#FFFFFF
2797	#EEECF6	#FEFEFE
2798	#C68E87	#FBFBFB
2799	#EAD2CE	#FDFDFD
2800	#EED9D6	#FDFDFD
2801	#FFFFFF	#FFFFFF
2802	#FBF6F5	#FFFFFF
2803	#C3BBDE	#FDFDFD
2804	#F9F1F0	#FFFFFF
2805	#F1E0DE	#FEFEFE
2806	#F7EDEC	#FFFFFF
2807	#F1E0DD	#FEFEFE
2808	#F6EAE8	#FEFEFE
2809	#F7EDEC	#FEFEFE
2810	#F3E3E1	#FEFEFE
2811	#F9F1F0	#FFFFFF
2812	#FFFFFF	#FFFFFF
2813	#FAF9FC	#FFFFFF
2814	#F6F4FA	#FFFFFF
2815	#FCFBFD	#FFFFFF
2816	#E0BEB9	#FDFDFD
2817	#FDFBFB	#FFFFFF
2818	#D9AFAA	#FDFDFD
2819	#FEFEFD	#FFFFFF
2820	#F9F9FC	#FFFFFF
2821	#E8CDCA	#FEFEFE
2822	#F5E8E6	#FEFEFE
2824	#EBD4D0	#FEFEFE
2825	#E0BEB9	#FEFEFE
2826	#F7ECEB	#FFFFFF
2827	#FBF6F6	#FFFFFF
2828	#D4A59F	#FCFCFC
2829	#C8918B	#FBFBFB
2830	#F1DFDD	#FEFEFE
2831	#F4E5E3	#FEFEFE
2832	#CF9D97	#FCFCFC
2833	#F7EDEB	#FFFFFF
2834	#FBF6F6	#FFFFFF
2835	#F7EEEC	#FFFFFF
2836	#F6EAE8	#FEFEFE
2837	#F9F1F0	#FFFFFF
2838	#E1BEB9	#FEFEFE
2839	#D9B0AB	#FDFDFD
2840	#EBD4D0	#FEFEFE
2841	#C9928B	#FBFBFB
2842	#ECD5D2	#FEFEFE
2843	#EBD3D0	#FDFDFD
2844	#EDD7D4	#FEFEFE
2845	#F8EEED	#FFFFFF
2846	#E4C4C0	#FDFDFD
2847	#FBF6F6	#FFFFFF
2848	#EEECF6	#FFFFFF
2849	#FAF9FC	#FFFFFF
2850	#F4E6E4	#FEFEFE
2851	#F1E0DD	#FEFEFE
2852	#F7EEEC	#FFFFFF
2853	#F9F1F0	#FFFFFF
2854	#FBFAFD	#FFFFFF
2855	#EED9D6	#FEFEFE
2856	#F6F4FA	#FFFFFF
2857	#DCB6B1	#FCFCFC
2858	#F9F8FC	#FFFFFF
2859	#EED9D6	#FEFEFE
2860	#E6C9C5	#FDFDFD
2861	#F9F8FC	#FFFFFF
2862	#F6EAE8	#FEFEFE
2863	#F5E9E7	#FEFEFE
2864	#ECD5D2	#FEFEFE
2865	#E0BDB9	#FDFDFD
2866	#F9F1F0	#FFFFFF
2867	#ECD4D1	#FDFDFD
2868	#F9F1F0	#FFFFFF
2869	#FBF6F5	#FFFFFF
2870	#FDFAF9	#FFFFFF
2871	#E6C8C4	#FDFDFD
2872	#FBF6F5	#FFFFFF
2873	#F4E5E3	#FEFEFE
2874	#FAFAFD	#FFFFFF
2875	#F1E0DD	#FEFEFE
2876	#FCF7F6	#FFFFFF
2877	#EBD4D0	#FEFEFE
2878	#E9E6F3	#FEFEFE
2880	#F8EEED	#FFFFFF
2881	#ECD5D2	#FEFEFE
2882	#DDD8EC	#FEFEFE
2883	#ECD5D2	#FEFEFE
2884	#F1E0DE	#FEFEFE
2885	#F1DFDD	#FEFEFE
2886	#F6F4FA	#FFFFFF
2887	#FCF7F7	#FFFFFF
2888	#ECD5D2	#FEFEFE
2889	#C9928B	#FBFBFB
2890	#CF9E97	#FCFCFC
2891	#F1E0DD	#FEFEFE
2892	#EFDCDA	#FEFEFE
2893	#F4E5E3	#FEFEFE
2894	#F8F7FB	#FFFFFF
2895	#C48A83	#FBFBFB
2896	#E1BEBA	#FEFEFE
2897	#C8918B	#FBFBFB
2898	#F0DDDA	#FEFEFE
2899	#F6EBE9	#FEFEFE
2900	#EBE8F4	#FEFEFE
2901	#FBF7F6	#FFFFFF
2902	#F7F6FB	#FFFFFF
2903	#E6C8C4	#FDFDFD
2904	#FBFAFD	#FFFFFF
2905	#C3BBDE	#FDFDFD
2906	#FCF7F6	#FFFFFF
2907	#F8F0EF	#FEFEFE
2908	#FCF8F8	#FFFFFF
2909	#F6EAE9	#FEFEFE
2910	#E8E5F3	#FEFEFE
2911	#F9F1F0	#FEFEFE
2912	#F4E7E5	#FEFEFE
2913	#F7ECEB	#FEFEFE
2914	#E1BEBA	#FEFEFE
2915	#F0DCDA	#FEFEFE
2916	#E1BEB9	#FDFDFD
2917	#C48A83	#FBFBFB
2918	#E9CECA	#FEFEFE
2919	#F7F5FA	#FFFFFF
2920	#E9E6F3	#FEFEFE
2921	#FFFEFE	#FFFFFF
2922	#F9F1F0	#FFFFFF
2923	#D4CEE8	#FDFDFD
2925	#E8E5F3	#FEFEFE
2926	#EFDCD9	#FEFEFE
2927	#D9B0AA	#FDFDFD
2929	#EBD4D0	#FEFEFE
2930	#D3A59F	#FCFCFC
2931	#E9CECA	#FEFEFE
2932	#FAF9FC	#FFFFFF
2933	#DFBBB7	#FCFCFC
2934	#F8EEED	#FFFFFF
2935	#EFDCDA	#FEFEFE
2936	#F9F1EF	#FFFFFF
2937	#E1BEB9	#FDFDFD
2938	#F7ECEB	#FFFFFF
2939	#E8CDCA	#FEFEFE
2940	#F4E5E3	#FEFEFE
2941	#C8918B	#FBFBFB
2942	#F2E3E0	#FEFEFE
2943	#EFDCD9	#FEFEFE
2944	#F7EDEC	#FEFEFE
2945	#F6EAE9	#FEFEFE
2946	#D9B0AA	#FDFDFD
2947	#F7EDEB	#FFFFFF
2948	#C9928B	#FBFBFB
2949	#C9928B	#FBFBFB
2950	#F4E5E3	#FEFEFE
2951	#F9F9FC	#FFFFFF
2952	#F7F5FA	#FFFFFF
2953	#C68D86	#FBFBFB
2954	#DCD8EC	#FEFEFE
2955	#C68E87	#FBFBFB
2956	#F4E5E4	#FEFEFE
2957	#D4CFE8	#FEFEFE
2958	#F5E8E6	#FEFEFE
2959	#F4E5E3	#FEFEFE
2960	#E3C3BF	#FDFDFD
2961	#F5E7E5	#FEFEFE
2962	#DFBBB7	#FCFCFC
2963	#F2E2E0	#FEFEFE
2964	#FBF6F5	#FFFFFF
2965	#FBFAFD	#FFFFFF
2966	#E9CECA	#FEFEFE
2967	#E6C9C5	#FDFDFD
2968	#F4E6E4	#FEFEFE
2969	#FEFCFC	#FFFFFF
2970	#E8E4F2	#FEFEFE
2971	#E4C4C0	#FDFDFD
2972	#F1EFF8	#FEFEFE
2973	#F7EDEC	#FFFFFF
2974	#F6F5FA	#FFFFFF
2975	#F5E8E6	#FEFEFE
2976	#E6E3F1	#FEFEFE
2977	#D9B0AA	#FDFDFD
2978	#FAF9FC	#FFFFFF
2979	#D3A59F	#FCFCFC
2981	#EBD4D0	#FEFEFE
2982	#E0BCB7	#FCFCFC
2983	#D4A5A0	#FCFCFC
2984	#DEB9B4	#FCFCFC
2985	#F6F4FA	#FFFFFF
2986	#F7EEEC	#FFFFFF
2987	#D9AFAA	#FDFDFD
2988	#FBF6F6	#FFFFFF
2989	#F8EEED	#FFFFFF
2990	#D4A5A0	#FCFCFC
2991	#FDFCFE	#FFFFFF
2992	#C0837C	#FAFAFA
2993	#CB9690	#FCFCFC
2994	#F7ECEB	#FFFFFF
2995	#EED9D7	#FEFEFE
2996	#E4C4C0	#FDFDFD
2997	#E1BEB9	#FDFDFD
2998	#ECD6D3	#FEFEFE
2999	#E1BEB9	#FEFEFE
3000	#FBF6F5	#FFFFFF
3001	#FFFEFE	#FFFFFF
3002	#FEFDFC	#FFFFFF
3003	#E6C8C4	#FDFDFD
3004	#D9B0AA	#FDFDFD
3005	#D09E98	#FCFCFC
3006	#F6F5FA	#FFFFFF
3007	#F7EDEB	#FFFFFF
3008	#F5E7E6	#FEFEFE
3009	#F8EEED	#FEFEFE
3010	#EFDBD8	#FEFEFE
3011	#E2C0BC	#FDFDFD
3012	#FFFEFE	#FFFFFF
3013	#BE7F78	#FAFAFA
3014	#E6C9C5	#FDFDFD
3015	#F1E0DD	#FEFEFE
3016	#FBF7F6	#FFFFFF
3017	#F3E4E2	#FEFEFE
3018	#FBFAFD	#FFFFFF
3019	#E4E0F0	#FEFEFE
3020	#DEB9B4	#FCFCFC
3021	#EAD2CE	#FDFDFD
3022	#F5E7E6	#FEFEFE
3023	#E8CECA	#FEFEFE
3024	#E2C0BC	#FDFDFD
3026	#F8EEED	#FFFFFF
3027	#FBFAFD	#FFFFFF
3028	#E5C8C4	#FDFDFD
3029	#FAF9FC	#FFFFFF
3030	#E8CDCA	#FEFEFE
3031	#ECD5D2	#FEFEFE
3032	#E0BDB9	#FDFDFD
3033	#E8CDC9	#FEFEFE
3034	#F9F2F1	#FFFFFF
3035	#D9AFAA	#FDFDFD
3036	#EED9D6	#FEFEFE
3037	#FAFAFC	#FFFFFF
3038	#F8EEED	#FFFFFF
3039	#E8CECA	#FEFEFE
3040	#E1BEB9	#FEFEFE
3041	#D9B0AB	#FDFDFD
3042	#F5E7E6	#FEFEFE
3043	#FBF6F5	#FFFFFF
3044	#EBD3D0	#FEFEFE
3045	#ECD4D1	#FDFDFD
3046	#E1BEBA	#FEFEFE
3047	#E7CBC8	#FDFDFD
3048	#D9AFAA	#FDFDFD
3049	#F6F5FA	#FFFFFF
3050	#DCD7EC	#FEFEFE
3051	#FBF6F5	#FFFFFF
3052	#FBFBFD	#FFFFFF
3053	#EDD7D4	#FEFEFE
3054	#ECD4D1	#FDFDFD
3055	#EBD4D0	#FEFEFE
3056	#EED9D6	#FEFEFE
3057	#E6C8C5	#FCFCFC
3058	#DDB7B2	#FCFCFC
3059	#F4E5E3	#FEFEFE
3060	#C68D86	#FBFBFB
3061	#F5E8E6	#FEFEFE
3062	#F2F0F8	#FEFEFE
3063	#F4E5E3	#FEFEFE
3064	#C78E88	#FBFBFB
3065	#E2C1BD	#FDFDFD
3066	#F1DFDC	#FEFEFE
3067	#FEFDFD	#FFFFFF
3068	#FBF6F5	#FFFFFF
3069	#E8CDCA	#FEFEFE
3070	#E8E4F2	#FEFEFE
3071	#D4A59F	#FCFCFC
3072	#F4E6E4	#FEFEFE
3073	#FFFEFE	#FFFFFF
3074	#F7EEEC	#FFFFFF
3075	#F6F4FA	#FFFFFF
3076	#E5E1F1	#FEFEFE
3077	#CC9791	#FCFCFC
3078	#ECD5D2	#FEFEFE
3079	#F1E0DE	#FEFEFE
3080	#F8EEED	#FFFFFF
3082	#CCC5E3	#FDFDFD
3083	#F7EDEB	#FEFEFE
3084	#F1E0DD	#FEFEFE
3085	#FBF6F6	#FFFFFF
3086	#ECD5D2	#FEFEFE
3087	#C68D87	#FBFBFB
3088	#E9CECA	#FEFEFE
3089	#C48A83	#FBFBFB
3090	#F1DFDD	#FEFEFE
3091	#FBF6F6	#FFFFFF
3092	#F2E2E0	#FEFEFE
3093	#EEDAD7	#FEFEFE
3094	#E4E0F0	#FEFEFE
3095	#E6C8C4	#FDFDFD
3096	#EDEAF5	#FEFEFE
3097	#D4A5A0	#FCFCFC
3098	#ECD5D2	#FEFEFE
3099	#CF9D97	#FCFCFC
3100	#FAF9FC	#FFFFFF
3101	#D3CDE7	#FDFDFD
3102	#EDEBF5	#FEFEFE
3103	#EFDCDA	#FEFEFE
3104	#E8E4F2	#FEFEFE
3105	#FAFAFC	#FFFFFF
3106	#F9F1F0	#FFFFFF
3107	#C9928B	#FBFBFB
3108	#F3E3E1	#FEFEFE
3109	#F6EBE9	#FEFEFE
3110	#FEFDFD	#FFFFFF
3111	#E9CECA	#FEFEFE
3112	#FDFBFB	#FFFFFF
3113	#EAD0CD	#FDFDFD
3114	#FEFDFD	#FFFFFF
3115	#FFFEFE	#FFFFFF
3116	#FBFAFD	#FFFFFF
3117	#C48982	#FBFBFB
3118	#DEB9B4	#FCFCFC
3119	#EBD2CF	#FDFDFD
3120	#FBFBFD	#FFFFFF
3121	#E9CECA	#FEFEFE
3122	#EDD6D4	#FEFEFE
3123	#F2F0F8	#FFFFFF
3124	#D3CEE7	#FDFDFD
3125	#D3CDE7	#FDFDFD
3127	#F4E5E3	#FEFEFE
3128	#F1E0DE	#FEFEFE
3129	#E1BEBA	#FEFEFE
3130	#F7ECEB	#FFFFFF
3131	#E8E5F3	#FEFEFE
3132	#E3C3BF	#FDFDFD
3133	#F7ECEB	#FFFFFF
3134	#CB9690	#FCFCFC
3135	#DEB9B4	#FCFCFC
3136	#CC9791	#FCFCFC
3137	#F8EEED	#FFFFFF
3138	#F4E5E4	#FEFEFE
3139	#EFDCD9	#FEFEFE
3140	#D9B0AA	#FDFDFD
3141	#FBFAFD	#FFFFFF
3142	#E9D0CC	#FDFDFD
3143	#E6C8C5	#FDFDFD
3144	#FBF7F6	#FFFFFF
3145	#FAFAFC	#FFFFFF
3146	#ECD5D2	#FDFDFD
3147	#EFECF6	#FEFEFE
3148	#F6F4FA	#FFFFFF
3149	#F4E5E3	#FEFEFE
3150	#F6EAE8	#FEFEFE
3151	#FFFFFF	#FFFFFF
3152	#EEECF6	#FFFFFF
3153	#E6C8C5	#FDFDFD
3154	#EFECF6	#FEFEFE
3155	#D9AFAA	#FDFDFD
3156	#CF9D97	#FCFCFC
3157	#F9F1F0	#FFFFFF
3158	#FEFDFD	#FFFFFF
3159	#ECD4D1	#FDFDFD
3160	#F6EAE8	#FEFEFE
3161	#E4E0F0	#FEFEFE
3162	#FDFBFA	#FFFFFF
3163	#CF9D96	#FCFCFC
3164	#F8EEED	#FFFFFF
3165	#C68E87	#FBFBFB
3166	#FBF5F5	#FFFFFF
3167	#F7ECEA	#FFFFFF
3168	#D4A59F	#FCFCFC
3169	#E6C8C4	#FDFDFD
3170	#EED9D7	#FEFEFE
3171	#E3C3BF	#FDFDFD
3172	#EFDCD9	#FEFEFE
3173	#F2F0F8	#FFFFFF
3174	#E7E4F2	#FEFEFE
3175	#E3C3BF	#FDFDFD
3176	#FEFCFC	#FFFFFF
3177	#F3E5E3	#FEFEFE
3178	#FAF9FC	#FFFFFF
3180	#FBFAFD	#FFFFFF
3181	#FBF7F6	#FFFFFF
3183	#FBFAFD	#FFFFFF
3184	#E9CECA	#FEFEFE
3185	#ECD5D3	#FEFEFE
3186	#F6EAE9	#FEFEFE
3187	#EFDCDA	#FEFEFE
3188	#FBF6F6	#FFFFFF
3189	#E4C4C0	#FDFDFD
3190	#B8AFD8	#FDFDFD
3191	#D4A5A0	#FCFCFC
3192	#EED9D7	#FEFEFE
3193	#FBF6F6	#FFFFFF
3194	#F9F1F0	#FFFFFF
3196	#D4A59F	#FCFCFC
3197	#F4E5E3	#FEFEFE
3198	#CB968F	#FCFCFC
3199	#EED9D6	#FEFEFE
3200	#FDFCFE	#FFFFFF
3201	#FFFEFE	#FFFFFF
3202	#FAF9FC	#FFFFFF
3203	#F7EDEB	#FEFEFE
3204	#E9CECA	#FEFEFE
3205	#F4E5E3	#FEFEFE
3206	#FAF9FC	#FFFFFF
3207	#EDD7D4	#FEFEFE
3208	#F1DFDD	#FEFEFE
3209	#E6C8C4	#FDFDFD
3210	#EFDCD9	#FEFEFE
3211	#EAE7F3	#FEFEFE
3212	#F7EEEC	#FFFFFF
3213	#F9F2F1	#FFFFFF
3214	#FEFDFC	#FFFFFF
3215	#C48A84	#FBFBFB
3216	#E2C0BC	#FDFDFD
3217	#E2C1BD	#FDFDFD
3218	#FBF6F5	#FFFFFF
3219	#E6C8C4	#FDFDFD
3220	#F7EDEC	#FFFFFF
3221	#EDD6D4	#FEFEFE
3222	#FBF6F5	#FFFFFF
3223	#E2C1BD	#FDFDFD
3224	#EFDBD9	#FEFEFE
3225	#F1E0DE	#FEFEFE
3226	#F9F2F1	#FFFFFF
3228	#ECD5D2	#FEFEFE
3229	#FAF9FC	#FFFFFF
3230	#FBFAFD	#FFFFFF
3231	#E2C0BC	#FDFDFD
3232	#E9CECA	#FEFEFE
3233	#E4C4C0	#FDFDFD
3234	#FAF9FC	#FFFFFF
3235	#E1BEBA	#FEFEFE
3236	#E8CECA	#FEFEFE
3237	#F3E4E2	#FEFEFE
3238	#F1DFDD	#FEFEFE
3239	#D4A59F	#FCFCFC
3240	#FBFAFD	#FFFFFF
3241	#F1E0DD	#FEFEFE
3242	#F9F0EF	#FFFFFF
3243	#E3C3BF	#FDFDFD
3244	#FCF7F7	#FFFFFF
3245	#FFFFFF	#FFFFFF
3246	#FDFAFA	#FFFFFF
3247	#F1DFDD	#FEFEFE
3248	#CF9D97	#FCFCFC
3249	#DDB7B3	#FCFCFC
3250	#FBFAFD	#FFFFFF
3251	#F2F0F8	#FEFEFE
3252	#C28680	#FAFAFA
3253	#F6EAE8	#FEFEFE
3254	#E1BEB9	#FEFEFE
3255	#B7AFD8	#FDFDFD
3256	#FBFAFD	#FFFFFF
3257	#D4A59F	#FCFCFC
3258	#DBB4AE	#FCFCFC
3259	#F6F5FA	#FFFFFF
3260	#DFBBB7	#FCFCFC
3261	#EED9D6	#FDFDFD
3262	#DCB4AF	#FCFCFC
3263	#F9F0EF	#FFFFFF
3264	#D4A59F	#FCFCFC
3265	#F9F8FC	#FFFFFF
3266	#EAD0CD	#FDFDFD
3267	#ECD5D2	#FEFEFE
3268	#F6EAE9	#FEFEFE
3269	#F7ECEA	#FFFFFF
3270	#F4E5E4	#FEFEFE
3271	#D4A6A0	#FCFCFC
3272	#F1E0DE	#FEFEFE
3273	#E6C9C5	#FDFDFD
3274	#F7EDEB	#FFFFFF
3275	#E9CECB	#FEFEFE
3276	#FBF6F6	#FFFFFF
3277	#E4C4C0	#FDFDFD
3278	#ECD5D2	#FEFEFE
3279	#D3CEE7	#FDFDFD
3280	#EDD7D5	#FDFDFD
3281	#EFDCDA	#FEFEFE
3282	#E4C4C0	#FDFDFD
3284	#FBFAFD	#FFFFFF
3285	#FAF9FC	#FFFFFF
3286	#EEDAD7	#FDFDFD
3287	#F7ECEB	#FFFFFF
3288	#D3CDE7	#FDFDFD
3289	#D3A59F	#FCFCFC
3290	#ECD5D2	#FEFEFE
3291	#F3E5E3	#FEFEFE
3292	#C9928B	#FBFBFB
3293	#F4E5E3	#FEFEFE
3294	#F1E0DE	#FEFEFE
3295	#D9AFAA	#FDFDFD
3296	#C58A84	#FBFBFB
3297	#F9F1F0	#FFFFFF
3298	#FFFEFE	#FFFFFF
3299	#C9928B	#FBFBFB
3300	#E2C0BC	#FDFDFD
3301	#FBF6F5	#FFFFFF
3302	#F9F8FC	#FFFFFF
3303	#E3C3BF	#FDFDFD
3304	#F6F5FA	#FFFFFF
3305	#F7ECEA	#FFFFFF
3306	#ECD4D1	#FEFEFE
3307	#F8EEED	#FFFFFF
3309	#EDD6D3	#FEFEFE
3310	#E1BEB9	#FDFDFD
3311	#F3F1F8	#FFFFFF
3312	#FAF3F2	#FFFFFF
3313	#EEDAD7	#FDFDFD
3314	#C9928C	#FBFBFB
3315	#FBFBFD	#FFFFFF
3316	#F5F3FA	#FFFFFF
3317	#E0BDB9	#FDFDFD
3318	#EBD3D0	#FDFDFD
3319	#C68E87	#FBFBFB
3320	#F7EEEC	#FFFFFF
3321	#C78E87	#FBFBFB
3322	#EFDCD9	#FEFEFE
3323	#EED9D7	#FEFEFE
3324	#B7AFD8	#FDFDFD
3325	#E6C8C4	#FDFDFD
3326	#F7ECEB	#FEFEFE
3327	#FCFBFD	#FFFFFF
3329	#EBD3D0	#FEFEFE
3330	#ECD5D2	#FEFEFE
3331	#C8918A	#FBFBFB
3332	#CF9D97	#FCFCFC
3333	#E9CECB	#FEFEFE
3334	#ECD5D2	#FEFEFE
3335	#F7ECEB	#FFFFFF
3336	#F7EDEB	#FFFFFF
3337	#E7CBC8	#FDFDFD
3338	#D9B0AB	#FDFDFD
3339	#E8CDCA	#FEFEFE
3340	#CC9790	#FCFCFC
3341	#CC9791	#FCFCFC
3342	#F1E0DE	#FEFEFE
3343	#F7ECEB	#FFFFFF
3344	#F7EEEC	#FFFFFF
3345	#E1BEBA	#FEFEFE
3346	#ECD5D2	#FEFEFE
3347	#F3E4E2	#FEFEFE
3348	#CF9D97	#FCFCFC
3349	#F2E1DF	#FEFEFE
3350	#F1E0DE	#FEFEFE
3351	#DED9ED	#FEFEFE
3352	#F2E1DE	#FEFEFE
3353	#F6EAE8	#FEFEFE
3354	#F4E7E5	#FEFEFE
3355	#F7ECEB	#FFFFFF
3356	#FBF6F5	#FFFFFF
3357	#F9F2F1	#FFFFFF
3358	#EEDAD7	#FEFEFE
3359	#F8EEED	#FEFEFE
3360	#F3E5E3	#FEFEFE
3361	#E9CECA	#FDFDFD
3362	#F0DDDA	#FEFEFE
3363	#F9F8FC	#FFFFFF
3364	#CF9E97	#FCFCFC
3365	#D4A6A0	#FCFCFC
3366	#F1E0DD	#FEFEFE
3367	#EEECF6	#FEFEFE
3368	#EED9D6	#FEFEFE
3369	#F4E5E3	#FEFEFE
3370	#F6F5FA	#FFFFFF
3371	#F2F0F8	#FFFFFF
3372	#F6E9E8	#FEFEFE
3373	#D9AFAA	#FDFDFD
3374	#F7EDEC	#FFFFFF
3375	#F9F8FC	#FFFFFF
3376	#FBF6F5	#FFFFFF
3377	#FAF9FC	#FFFFFF
3378	#EBE8F4	#FEFEFE
3379	#E1BEBA	#FEFEFE
3380	#F8EEED	#FEFEFE
3381	#F7ECEB	#FFFFFF
3382	#BE7F78	#FAFAFA
3383	#DEDAED	#FEFEFE
3385	#EED9D6	#FCFCFC
3386	#F1DFDC	#FDFDFD
3387	#F6F5FA	#FFFFFF
3388	#FBF6F5	#FFFFFF
3389	#FBFBFD	#FFFFFF
3390	#EED9D6	#FEFEFE
3391	#F6F4FA	#FFFFFF
3392	#EEECF6	#FFFFFF
3393	#F5F4FA	#FFFFFF
3394	#F6F4FA	#FFFFFF
3395	#FAF4F3	#FFFFFF
3396	#D4CEE8	#FEFEFE
3397	#EAD1CE	#FDFDFD
3398	#F1E0DD	#FEFEFE
3399	#FAF9FC	#FFFFFF
3400	#FBF6F6	#FFFFFF
3401	#EFDCD9	#FEFEFE
3402	#EFEDF6	#FFFFFF
3403	#EFEDF6	#FEFEFE
3404	#D9AFAA	#FDFDFD
3405	#EEEBF6	#FFFFFF
3406	#DDD8ED	#FEFEFE
3407	#F1DFDD	#FEFEFE
3408	#FBF6F5	#FFFFFF
3409	#E1BEBA	#FEFEFE
3410	#E8CDCA	#FEFEFE
3411	#FBF6F6	#FFFFFF
3412	#F1E0DD	#FEFEFE
3414	#C3BBDE	#FDFDFD
3415	#FAF9FC	#FFFFFF
3416	#E5E2F1	#FEFEFE
3417	#EFDCDA	#FEFEFE
3418	#F7EEEC	#FFFFFF
3419	#F7ECEB	#FEFEFE
3420	#FBFAFD	#FFFFFF
3421	#E1BEB9	#FEFEFE
3422	#F1DFDD	#FEFEFE
3423	#E6C8C5	#FDFDFD
3424	#E6C8C4	#FDFDFD
3425	#ECD5D2	#FEFEFE
3426	#EEECF6	#FFFFFF
3427	#EBD3D0	#FEFEFE
3428	#D4CEE8	#FEFEFE
3430	#FAF9FC	#FFFFFF
3431	#EDD6D3	#FEFEFE
3432	#F0DCDA	#FEFEFE
3433	#FDF9F9	#FFFFFF
3434	#FBF6F5	#FFFFFF
3435	#ECD5D2	#FCFCFC
3436	#F9F2F1	#FFFFFF
3437	#FBFAFD	#FFFFFF
3438	#F1E0DE	#FEFEFE
3439	#FAF9FC	#FFFFFF
3440	#FBF6F5	#FFFFFF
3441	#FBFAFD	#FFFFFF
3442	#F9F8FC	#FFFFFF
3443	#F5F4FA	#FFFFFF
3444	#A197CC	#FBFBFB
3445	#EBE8F4	#FEFEFE
3446	#D4CFE8	#FEFEFE
3447	#F8EEED	#FFFFFF
3448	#F6EAE9	#FEFEFE
3449	#E6C8C4	#FDFDFD
3450	#F9F8FC	#FFFFFF
3451	#FBF6F6	#FFFFFF
3452	#F1E0DE	#FEFEFE
3453	#E5E1F1	#FEFEFE
3454	#F9F8FC	#FFFFFF
3455	#D4A6A0	#FCFCFC
3456	#F1E0DD	#FEFEFE
3457	#E9E5F3	#FEFEFE
3458	#FAFAFC	#FFFFFF
3459	#F3E5E3	#FEFEFE
3460	#FAF9FC	#FFFFFF
3461	#FAF9FC	#FFFFFF
3462	#E2C1BC	#FDFDFD
3463	#F9F8FC	#FFFFFF
3464	#EFDCDA	#FEFEFE
3465	#F8EEED	#FFFFFF
3466	#DDD8ED	#FEFEFE
3467	#D3A49E	#FCFCFC
3468	#FBFAFD	#FFFFFF
3469	#F8EEED	#FFFFFF
3470	#EAD0CD	#FDFDFD
3471	#F9F8FC	#FFFFFF
3472	#F1DFDD	#FEFEFE
3473	#CC9790	#FCFCFC
3474	#F8EEED	#FFFFFF
3475	#ECD5D2	#FEFEFE
3476	#FAF9FC	#FFFFFF
3477	#E3C3BF	#FDFDFD
3478	#F1E0DD	#FEFEFE
3479	#ECD5D2	#FEFEFE
3480	#E6E2F1	#FEFEFE
3481	#EFDCD9	#FEFEFE
3482	#FBFBFD	#FFFFFF
3483	#F9F8FC	#FFFFFF
3484	#FCF7F7	#FFFFFF
3486	#D9B0AB	#FDFDFD
3487	#F1E0DE	#FEFEFE
3488	#E5C6C3	#FCFCFC
3489	#FBF6F6	#FFFFFF
3490	#FAF9FC	#FFFFFF
3491	#EFDCD9	#FEFEFE
3492	#D9AFAA	#FDFDFD
3493	#FFFEFE	#FFFFFF
3494	#E4C4C0	#FDFDFD
3495	#EDD7D4	#FEFEFE
3496	#ECD6D3	#FEFEFE
3497	#D9B0AB	#FDFDFD
3498	#FBF6F5	#FFFFFF
3499	#DEB9B4	#FCFCFC
3500	#D3A59F	#FCFCFC
3501	#E2C0BC	#FDFDFD
3502	#E5E2F1	#FEFEFE
3503	#D3CEE7	#FDFDFD
3504	#F2E2E0	#FEFEFE
3505	#CC9790	#FCFCFC
3506	#D9AFAA	#FDFDFD
3507	#FBFBFD	#FFFFFF
3508	#D9B0AB	#FDFDFD
3509	#EAD2CF	#FDFDFD
3510	#F9F2F1	#FFFFFF
3511	#F1DFDD	#FEFEFE
3512	#F9F1F0	#FFFFFF
3513	#DCB5B0	#FCFCFC
3514	#F0DDDA	#FDFDFD
3515	#FAF9FC	#FFFFFF
3516	#CC9791	#FCFCFC
3517	#FBFAFD	#FFFFFF
3518	#D4A59F	#FCFCFC
3519	#F9F8FC	#FFFFFF
3520	#F4E5E3	#FEFEFE
3521	#E9CECA	#FEFEFE
3522	#E8CECA	#FEFEFE
3523	#CC9791	#FCFCFC
3524	#A79DCF	#FBFBFB
3525	#F7ECEA	#FFFFFF
3526	#E6C8C4	#FDFDFD
3527	#DCD8EC	#FEFEFE
3528	#F7ECEB	#FFFFFF
3529	#E2DEEF	#FDFDFD
3531	#EFDCD9	#FEFEFE
3532	#FAF9FC	#FFFFFF
3533	#E1BEBA	#FDFDFD
3534	#F9F2F0	#FFFFFF
3535	#EED9D6	#FEFEFE
3536	#E9E6F3	#FEFEFE
3537	#CF9C96	#FCFCFC
3538	#F1E0DE	#FEFEFE
3539	#F6EAE9	#FEFEFE
3540	#C8918B	#FBFBFB
3541	#FBF6F5	#FFFFFF
3542	#CB9690	#FCFCFC
3543	#FBF5F4	#FFFFFF
3544	#E4C4C0	#FDFDFD
3545	#F1E0DD	#FEFEFE
3546	#F4E5E3	#FEFEFE
3547	#D4A59F	#FCFCFC
3548	#F9F8FC	#FFFFFF
3549	#EEECF6	#FEFEFE
3550	#E6C8C5	#FDFDFD
3551	#DFBBB7	#FCFCFC
3552	#EDD6D3	#FEFEFE
3553	#FBFBFD	#FFFFFF
3554	#FAF4F3	#FFFFFF
3555	#E6C8C4	#FDFDFD
3556	#C48A83	#FBFBFB
3557	#ECD4D1	#FEFEFE
3558	#C9928C	#FBFBFB
3559	#F7EDEB	#FFFFFF
3560	#E1BEB9	#FEFEFE
3561	#F6F5FA	#FFFFFF
3562	#D4A5A0	#FCFCFC
3563	#F2E3E0	#FEFEFE
3564	#FFFEFE	#FFFFFF
3565	#F1E0DE	#FEFEFE
3566	#E1BEBA	#FEFEFE
3567	#C68D87	#FBFBFB
3568	#FBF6F5	#FFFFFF
3569	#E8CDC9	#FEFEFE
3570	#ECD5D2	#FEFEFE
3571	#F7EDEC	#FFFFFF
3572	#F8EEED	#FFFFFF
3573	#C8918B	#FBFBFB
3574	#E9E5F3	#FEFEFE
3575	#F6EAE9	#FEFEFE
3576	#FBF6F6	#FFFFFF
3577	#C68D86	#FBFBFB
3578	#FBFAFD	#FFFFFF
3579	#DBD6EC	#FEFEFE
3580	#F9F1F0	#FFFFFF
3581	#D4A59F	#FCFCFC
3582	#F9F8FC	#FFFFFF
3583	#F1DFDD	#FEFEFE
3584	#DEB9B4	#FCFCFC
3585	#F1E0DE	#FEFEFE
3587	#CF9D97	#FCFCFC
3588	#F9F1EF	#FFFFFF
3589	#E2C0BC	#FDFDFD
3590	#F1E0DE	#FEFEFE
3591	#CB9690	#FCFCFC
3592	#EDD7D4	#FEFEFE
3593	#E8CCC8	#FDFDFD
3594	#F1E0DE	#FEFEFE
3595	#F4E5E3	#FEFEFE
3596	#CB9690	#FCFCFC
3597	#C9918B	#FBFBFB
3598	#E4C4C0	#FDFDFD
3599	#EEECF6	#FEFEFE
3600	#FBF5F5	#FFFFFF
3601	#EFEDF6	#FEFEFE
3602	#F7F5FA	#FFFFFF
3603	#E8CDCA	#FEFEFE
3604	#FBF6F6	#FFFFFF
3605	#FBF6F5	#FFFFFF
3606	#E4C4C0	#FDFDFD
3607	#F4E5E3	#FEFEFE
3608	#E8CDCA	#FEFEFE
3609	#F0DCDA	#FEFEFE
3610	#FAF9FC	#FFFFFF
3611	#E1BEBA	#FDFDFD
3612	#F4E5E4	#FEFEFE
3613	#FBFBFD	#FFFFFF
3614	#EED9D6	#FEFEFE
3615	#D3A59F	#FCFCFC
3616	#E6C8C4	#FDFDFD
3617	#EFDCDA	#FEFEFE
3618	#ECD4D1	#FDFDFD
3619	#FBFAFD	#FFFFFF
3620	#FBF6F5	#FFFFFF
3621	#F8EEED	#FFFFFF
3622	#C8918B	#FBFBFB
3623	#E1BEB9	#FDFDFD
3624	#F0DCDA	#FEFEFE
3625	#D9B0AA	#FDFDFD
3626	#ECD4D1	#FEFEFE
3627	#E1BEBA	#FEFEFE
3628	#F4E6E4	#FEFEFE
3629	#C78E88	#FBFBFB
3630	#FEFDFC	#FFFFFF
3632	#D9AFAA	#FDFDFD
3633	#ECD5D2	#FEFEFE
3634	#EAD1CE	#FDFDFD
3635	#E1BEB9	#FDFDFD
3636	#F5E9E7	#FEFEFE
3637	#B7AFD8	#FDFDFD
3638	#CF9D97	#FCFCFC
3639	#C28780	#FAFAFA
3640	#F7ECEB	#FFFFFF
3641	#F1E0DD	#FEFEFE
3642	#EAD0CC	#FDFDFD
3643	#F9F1F0	#FFFFFF
3644	#EED9D6	#FEFEFE
3645	#C48A83	#FBFBFB
3646	#CC9791	#FCFCFC
3647	#ECD5D2	#FEFEFE
3648	#E6C9C5	#FDFDFD
3649	#F8EEED	#FFFFFF
3650	#CF9D97	#FCFCFC
3651	#FBF6F5	#FFFFFF
3652	#FBFAFD	#FFFFFF
3653	#ECD5D2	#FEFEFE
3654	#F6F4FA	#FFFFFF
3655	#FAF9FC	#FFFFFF
3656	#DFBBB7	#FCFCFC
3657	#F8EEED	#FFFFFF
3658	#F7EDEC	#FFFFFF
3659	#C48983	#FBFBFB
3660	#F1E0DE	#FEFEFE
3661	#E1BEBA	#FEFEFE
3662	#F1E0DD	#FEFEFE
3663	#EDD7D4	#FEFEFE
3664	#DFBBB7	#FCFCFC
3665	#F4E5E3	#FEFEFE
3666	#F7EDEB	#FFFFFF
3667	#E9CFCB	#FDFDFD
3668	#FBF6F5	#FFFFFF
3669	#D9AFAA	#FDFDFD
3670	#F9F2F1	#FFFFFF
3671	#F1E0DE	#FEFEFE
3672	#FBF6F5	#FFFFFF
3673	#E8CECA	#FEFEFE
3674	#F7ECEA	#FFFFFF
3675	#F9F2F1	#FFFFFF
3676	#FAF9FC	#FFFFFF
3677	#EFECF6	#FFFFFF
3678	#E2C0BC	#FDFDFD
3679	#F1E0DD	#FEFEFE
3680	#FBFAFD	#FFFFFF
3681	#ECD4D1	#FDFDFD
3682	#F6F4FA	#FFFFFF
3683	#E1BEB9	#FDFDFD
3684	#C28780	#FAFAFA
3685	#EDD6D3	#FEFEFE
3686	#CB9790	#FCFCFC
3688	#EED9D6	#FEFEFE
3689	#F1DFDD	#FEFEFE
3690	#C58B84	#FBFBFB
3691	#FAF9FC	#FFFFFF
3692	#F9F8FC	#FFFFFF
3693	#EBD2CF	#FDFDFD
3694	#F1E0DE	#FEFEFE
3695	#EBD3D0	#FDFDFD
3696	#C9928B	#FBFBFB
3697	#C68E87	#FBFBFB
3698	#E2C1BD	#FDFDFD
3699	#FBFAFD	#FFFFFF
3700	#FBFAFD	#FFFFFF
3701	#E6E3F2	#FEFEFE
3702	#EFEDF6	#FEFEFE
3703	#F9F1F0	#FFFFFF
3704	#EEDAD7	#FEFEFE
3705	#E9CECA	#FEFEFE
3706	#F7ECEB	#FFFFFF
3707	#FBF6F5	#FFFFFF
3708	#F1E0DE	#FEFEFE
3709	#EFEDF6	#FEFEFE
3710	#F7EDEC	#FFFFFF
3711	#F1E0DE	#FEFEFE
3712	#C1847D	#FAFAFA
3713	#DBB4AF	#FCFCFC
3714	#EEDAD7	#FEFEFE
3715	#FBFAFD	#FFFFFF
3716	#BF817A	#FAFAFA
3717	#ECD4D1	#FDFDFD
3719	#E4C4C0	#FDFDFD
3720	#F1E0DE	#FEFEFE
3721	#F8EEED	#FFFFFF
3722	#FBF6F5	#FFFFFF
3723	#FBF7F6	#FFFFFF
3724	#CC9790	#FCFCFC
3725	#F7EDEB	#FFFFFF
3726	#D4A59F	#FCFCFC
3727	#E1BEBA	#FEFEFE
3728	#FBF7F6	#FFFFFF
3729	#FBFAFD	#FFFFFF
3730	#C28780	#FAFAFA
3731	#C3BBDE	#FDFDFD
3733	#D9AFAA	#FDFDFD
3734	#F4E5E3	#FEFEFE
3735	#E2C1BC	#FDFDFD
3736	#EEDAD7	#FEFEFE
3737	#C38780	#FAFAFA
3738	#E1BEBA	#FDFDFD
3739	#CF9D97	#FCFCFC
3740	#E1BEB9	#FEFEFE
3741	#FFFEFE	#FFFFFF
3742	#F1DFDD	#FEFEFE
3743	#D3A59F	#FAFAFA
3744	#E6C8C4	#FCFCFC
3745	#F6F5FA	#FFFFFF
3746	#E5E1F1	#FEFEFE
3747	#DDB8B3	#FCFCFC
3748	#E9E5F3	#FEFEFE
3749	#FBF5F5	#FFFFFF
3750	#F7ECEA	#FFFFFF
3751	#F7F6FB	#FFFFFF
3752	#E8CECA	#FEFEFE
3753	#CF9D97	#FCFCFC
3754	#FDFBFB	#FFFFFF
3755	#E3C3BF	#FDFDFD
3756	#E1BEB9	#FDFDFD
3757	#E9CECB	#FEFEFE
3758	#F7EDEB	#FEFEFE
3759	#F7EDEC	#FEFEFE
3760	#FCF8F7	#FFFFFF
3761	#E9E6F3	#FEFEFE
3762	#D3A59F	#FCFCFC
3763	#ECD5D2	#FEFEFE
3764	#F0DDDA	#FEFEFE
3765	#C68D87	#FBFBFB
3766	#ECD6D3	#FEFEFE
3767	#F2E1DF	#FEFEFE
3768	#F1E0DD	#FEFEFE
3769	#BA7871	#F9F9F9
3770	#FEFCFC	#FFFFFF
3771	#FBF6F5	#FFFFFF
3772	#FAF9FC	#FFFFFF
3773	#EFDCD9	#FEFEFE
3774	#E4C4C0	#FDFDFD
3775	#E8E5F3	#FEFEFE
3776	#C68D86	#FBFBFB
3777	#E8E5F3	#FEFEFE
3778	#FBF6F6	#FFFFFF
3779	#C68D87	#FBFBFB
3780	#C9928B	#FBFBFB
3781	#CC9791	#FCFCFC
3782	#EFECF6	#FFFFFF
3783	#CC9791	#FCFCFC
3784	#E4C5C1	#FCFCFC
3785	#FBF6F5	#FFFFFF
3786	#EFEDF6	#FEFEFE
3787	#EED8D6	#FEFEFE
3789	#C28780	#FAFAFA
3791	#C68E87	#FBFBFB
3792	#F8EEED	#FFFFFF
3793	#ECD5D1	#FDFDFD
3794	#EDD6D4	#FDFDFD
3795	#ECD4D1	#FDFDFD
3796	#D3A49F	#FCFCFC
3797	#CB9690	#FCFCFC
3798	#EFDCDA	#FEFEFE
3799	#CF9D96	#FCFCFC
3800	#E8CDC9	#FEFEFE
3801	#EBD4D0	#FEFEFE
3802	#FDFBFA	#FFFFFF
3803	#FBFAFD	#FFFFFF
3804	#FAF9FC	#FFFFFF
3805	#EFDCD9	#FEFEFE
3806	#D3A59F	#FCFCFC
3807	#F7EDEB	#FFFFFF
3808	#E3C3BF	#FDFDFD
3809	#F9F1F0	#FFFFFF
3810	#E6C8C4	#FDFDFD
3811	#FBFBFD	#FFFFFF
3812	#E8CDCA	#FEFEFE
3813	#E0BCB7	#FCFCFC
3814	#FBF7F6	#FFFFFF
3815	#E8CDCA	#FEFEFE
3816	#F8EFED	#FFFFFF
3817	#EED9D6	#FEFEFE
3818	#F4E6E4	#FEFEFE
3819	#EED9D6	#FEFEFE
3820	#F1DFDD	#FEFEFE
3821	#FEFDFD	#FFFFFF
3822	#FAF9FC	#FFFFFF
3823	#EFEDF6	#FFFFFF
3824	#ECD5D2	#FEFEFE
3825	#EDD7D4	#FEFEFE
3826	#EFDCDA	#FEFEFE
3827	#ECD6D3	#FEFEFE
3828	#F8EEEC	#FFFFFF
3829	#D4A59F	#FCFCFC
3830	#FAFAFD	#FFFFFF
3831	#F1E0DD	#FEFEFE
3832	#EEECF6	#FEFEFE
3834	#BF827B	#FAFAFA
3835	#E6C9C6	#FDFDFD
3836	#ECD5D2	#FDFDFD
3837	#BF817A	#FAFAFA
3838	#E1BEB9	#FDFDFD
3839	#E8CDCA	#FEFEFE
3840	#ECD5D2	#FEFEFE
3841	#EBD4D0	#FEFEFE
3842	#E0BEB9	#FDFDFD
3843	#F9F2F0	#FFFFFF
3844	#ECE9F4	#FEFEFE
3845	#F8EEED	#FEFEFE
3846	#FBF6F5	#FFFFFF
3847	#E5C7C3	#FDFDFD
3848	#C9928B	#FBFBFB
3849	#F5E8E6	#FEFEFE
3850	#EFECF6	#FEFEFE
3851	#F3F1F8	#FEFEFE
3852	#C78E87	#FBFBFB
3853	#ECD5D2	#FEFEFE
3854	#F9F8FC	#FFFFFF
3855	#C8918A	#FBFBFB
3856	#FDFCFE	#FFFFFF
3857	#CF9E97	#FCFCFC
3858	#EDD6D3	#FEFEFE
3859	#F7EDEC	#FEFEFE
3860	#FBFAFD	#FFFFFF
3861	#E4C4C0	#FDFDFD
3862	#F9F8FC	#FFFFFF
3863	#E6C8C4	#FDFDFD
3864	#EED9D7	#FEFEFE
3865	#F7EEEC	#FFFFFF
3866	#CC9791	#FCFCFC
3867	#F2E3E0	#FEFEFE
3868	#FBF6F5	#FFFFFF
3869	#EDEAF5	#FEFEFE
3870	#E2C1BD	#FDFDFD
3871	#F8EEED	#FFFFFF
3872	#D5CFE8	#FEFEFE
3873	#ECD4D1	#FEFEFE
3874	#DEB9B4	#FCFCFC
3875	#F2F0F8	#FFFFFF
3876	#F3E5E3	#FEFEFE
3877	#F7ECEB	#FFFFFF
3878	#F1E0DE	#FEFEFE
3879	#ECD5D3	#FEFEFE
3880	#E6C8C4	#FDFDFD
3881	#E6C9C5	#FDFDFD
3882	#D4A6A0	#FCFCFC
3883	#ECD5D2	#FEFEFE
3884	#C78E87	#FBFBFB
3885	#DCB5B0	#FCFCFC
3886	#F9F2F1	#FFFFFF
3887	#ECD5D2	#FEFEFE
3888	#E6C8C4	#FDFDFD
3890	#E1BEB9	#FEFEFE
3891	#F0DDDA	#FEFEFE
3892	#ECD6D3	#FEFEFE
3893	#ECD4D1	#FDFDFD
3894	#FCF9F8	#FFFFFF
3895	#FAF4F3	#FFFFFF
3896	#EBD4D1	#FDFDFD
3897	#C48A83	#FBFBFB
3898	#FAFAFD	#FFFFFF
3899	#EEECF6	#FEFEFE
3900	#F7ECEB	#FFFFFF
3901	#EFECF6	#FFFFFF
3902	#F4E5E3	#FEFEFE
3903	#FFFFFF	#FFFFFF
3904	#FBF6F6	#FFFFFF
3905	#F7EDEC	#FEFEFE
3906	#E8CDCA	#FEFEFE
3907	#CB9690	#FCFCFC
3908	#F2E2E0	#FEFEFE
3909	#E0BCB7	#FCFCFC
3910	#FBF6F6	#FFFFFF
3911	#EED9D7	#FEFEFE
3912	#F0EDF7	#FEFEFE
3913	#F8EEED	#FFFFFF
3914	#DFBCB7	#FCFCFC
3915	#E6C8C4	#FDFDFD
3916	#FCFCFE	#FFFFFF
3917	#E4C4C0	#FDFDFD
3918	#F1E0DD	#FEFEFE
3919	#F4E5E4	#FEFEFE
3920	#F7EDEB	#FFFFFF
3921	#E1BEBA	#FEFEFE
3922	#E1BEB9	#FEFEFE
3923	#FFFEFE	#FFFFFF
3924	#F1E0DD	#FEFEFE
3925	#F8EFED	#FFFFFF
3926	#F5E7E5	#FEFEFE
3927	#F4E5E3	#FEFEFE
3928	#E8CDCA	#FEFEFE
3929	#E9CECA	#FEFEFE
3930	#FAF9FC	#FFFFFF
3931	#ECD4D1	#FEFEFE
3932	#D3A59F	#FCFCFC
3933	#F1E0DD	#FEFEFE
3935	#E5C7C4	#FDFDFD
3936	#EED9D6	#FEFEFE
3937	#F1DFDD	#FEFEFE
3938	#EBD3D0	#FDFDFD
3939	#BE7F78	#FAFAFA
3941	#FBFAFD	#FFFFFF
3942	#EEECF6	#FFFFFF
3943	#F1E0DE	#FEFEFE
3944	#DCB5B0	#FCFCFC
3945	#BB7A73	#F9F9F9
3946	#CF9D97	#FCFCFC
3947	#C9928B	#FBFBFB
3948	#E9CECA	#FEFEFE
3949	#EBD4D1	#FDFDFD
3950	#EFDCD9	#FEFEFE
3951	#F6F5FA	#FFFFFF
3952	#CF9D97	#FCFCFC
3953	#F1DFDD	#FEFEFE
3954	#FAF4F3	#FFFFFF
3955	#EDD7D4	#FEFEFE
3956	#E5E2F1	#FEFEFE
3957	#E5C7C4	#FDFDFD
3958	#F9F8FC	#FFFFFF
3959	#CC9791	#FCFCFC
3960	#E9D0CC	#FDFDFD
3961	#E8CECA	#FDFDFD
3962	#FCF8F7	#FFFFFF
3963	#CB9790	#FCFCFC
3964	#E6C8C4	#FDFDFD
3965	#D4A59F	#FCFCFC
3966	#DDD8EC	#FEFEFE
3967	#F6F5FA	#FFFFFF
3968	#C68E87	#FBFBFB
3969	#FAF9FC	#FFFFFF
3970	#EEECF6	#FFFFFF
3971	#D4A59F	#FCFCFC
3972	#E6C8C4	#FDFDFD
3973	#F9F9FC	#FFFFFF
3974	#FAFAFC	#FFFFFF
3975	#C68D87	#FBFBFB
3976	#E3C3BF	#FDFDFD
3977	#D9B0AA	#FDFDFD
3978	#DFBCB7	#FCFCFC
3979	#EDD7D4	#FEFEFE
3980	#F7EDEB	#FFFFFF
3981	#E9CECB	#FEFEFE
3982	#CF9D97	#FCFCFC
3983	#F7ECEA	#FFFFFF
3984	#E6C8C4	#FDFDFD
3985	#F4E5E3	#FEFEFE
3986	#ECD5D2	#FEFEFE
3987	#E9CECB	#FDFDFD
3988	#BC7D76	#FAFAFA
3989	#DAB2AD	#FCFCFC
4042	#F2E2E0	#FEFEFE
4043	#F6E9E8	#FEFEFE
4044	#F7F5FA	#FFFFFF
4045	#F2F0F8	#FEFEFE
4046	#FBF6F5	#FFFFFF
4047	#EDD7D4	#FEFEFE
4048	#F7EDEC	#FFFFFF
4049	#E9CECA	#FEFEFE
4050	#E9E6F3	#FEFEFE
4051	#C2BBDE	#FBFBFB
4052	#EFEDF6	#FEFEFE
4053	#D9B0AB	#FDFDFD
4054	#FBFBFD	#FFFFFF
4055	#E8CDCA	#FEFEFE
4056	#FDFBFA	#FFFFFF
4057	#F7EDEB	#FEFEFE
4058	#FAF9FC	#FFFFFF
4059	#F1DFDD	#FEFEFE
4060	#F9F1F0	#FFFFFF
4061	#F6EAE9	#FEFEFE
4062	#D4CFE8	#FEFEFE
4063	#EBD4D0	#FEFEFE
4064	#EBD4D0	#FEFEFE
4065	#E6C8C4	#FDFDFD
4066	#ECD5D2	#FEFEFE
4067	#F1E0DD	#FEFEFE
4068	#DDD8EC	#FEFEFE
4069	#E1BEB9	#FEFEFE
4070	#EBD4D0	#FEFEFE
4071	#E1BEBA	#FEFEFE
4072	#F8EEED	#FFFFFF
4073	#FBF6F6	#FFFFFF
4074	#FBFAFD	#FFFFFF
4075	#FBFAFD	#FFFFFF
4076	#F4E7E5	#FEFEFE
4077	#E1BEB9	#FEFEFE
4078	#F1E0DE	#FEFEFE
4079	#F4E5E4	#FEFEFE
4080	#EBD4D0	#FEFEFE
4081	#E6C8C4	#FDFDFD
4082	#E1BEBA	#FEFEFE
4083	#EBD4D0	#FEFEFE
4084	#F1F0F8	#FFFFFF
4085	#E8E5F3	#FEFEFE
4087	#F1DFDD	#FEFEFE
4088	#E4C4C0	#FDFDFD
4089	#D0CAE6	#FCFCFC
4090	#F8EEED	#FFFFFF
4091	#FBFAFD	#FFFFFF
4092	#F9F2F1	#FEFEFE
4093	#D5A8A3	#FAFAFA
4094	#F4E5E4	#FEFEFE
4095	#D4A59F	#FCFCFC
4096	#F8EEED	#FFFFFF
4097	#FBF6F5	#FFFFFF
4098	#FBF6F5	#FFFFFF
4099	#FCF8F7	#FFFFFF
4100	#F4E5E3	#FEFEFE
4101	#F9F1F0	#FFFFFF
4102	#F1E0DE	#FEFEFE
4103	#F8EEED	#FFFFFF
4104	#CC9790	#FCFCFC
4105	#ECE9F5	#FEFEFE
4106	#E6C9C5	#FDFDFD
4107	#F7EDEC	#FEFEFE
4108	#F9F8FC	#FFFFFF
4109	#FCFBFD	#FFFFFF
4110	#FCF7F7	#FFFFFF
4111	#E7E3F2	#FEFEFE
4112	#C4BDDF	#FCFCFC
4113	#E1BEB9	#FEFEFE
4114	#EBD4D0	#FEFEFE
4115	#FBF6F5	#FFFFFF
4116	#FAF4F3	#FFFFFF
4117	#FBFBFD	#FFFFFF
4118	#F8EEED	#FFFFFF
4119	#F4E6E4	#FEFEFE
4120	#E1BEBA	#FEFEFE
4121	#E9CECB	#FEFEFE
4122	#F4E5E3	#FEFEFE
4123	#F1E0DE	#FEFEFE
4124	#FBFBFD	#FFFFFF
4125	#ECD6D3	#FEFEFE
4126	#F8EEED	#FFFFFF
4127	#E9CECA	#FDFDFD
4128	#DDD8EC	#FEFEFE
4129	#FEFDFC	#FFFFFF
4130	#AEA5D3	#FCFCFC
4131	#F4E5E3	#FEFEFE
4132	#D3A49F	#FCFCFC
4133	#ECD6D3	#FEFEFE
4134	#C48A83	#FBFBFB
4135	#FBFAFD	#FFFFFF
4136	#F6EBEA	#FFFFFF
4137	#F1E0DE	#FEFEFE
4138	#FBFBFD	#FFFFFF
4139	#EDEBF5	#FEFEFE
4140	#F9F9FC	#FFFFFF
4141	#F6F5FA	#FFFFFF
4143	#F1E0DE	#FEFEFE
4144	#F2E1DF	#FEFEFE
4145	#E6C8C4	#FDFDFD
4146	#CF9D97	#FCFCFC
4147	#F4E5E3	#FEFEFE
4148	#F9F9FC	#FFFFFF
4149	#FFFFFF	#FFFFFF
4150	#F5E8E6	#FEFEFE
4151	#F1DFDD	#FEFEFE
4152	#E9E6F3	#FEFEFE
4153	#FBFAFD	#FFFFFF
4154	#DFBBB6	#FCFCFC
4155	#F1DFDD	#FEFEFE
4156	#E5C7C3	#FDFDFD
4157	#F9F1F0	#FFFFFF
4158	#FBF6F5	#FFFFFF
4159	#F4E5E3	#FEFEFE
4160	#FFFEFE	#FFFFFF
4161	#F7EDEC	#FFFFFF
4162	#EFECF6	#FEFEFE
4163	#F1E0DD	#FEFEFE
4164	#EBD4D0	#FEFEFE
4165	#EBD4D0	#FEFEFE
4166	#F0DCDA	#FEFEFE
4167	#FAFAFD	#FFFFFF
4168	#FBF7F6	#FFFFFF
4169	#D9AFAA	#FDFDFD
4170	#F9F8FC	#FFFFFF
4171	#D4A59F	#FCFCFC
4172	#F1E0DE	#FEFEFE
4173	#EEECF6	#FFFFFF
4174	#E1BEBA	#FEFEFE
4175	#EBD4D0	#FEFEFE
4176	#E8E5F3	#FEFEFE
4177	#C68E87	#FBFBFB
4178	#E9CECA	#FEFEFE
4179	#F7ECEB	#FFFFFF
4180	#EEECF6	#FEFEFE
4181	#F9F0EF	#FFFFFF
4182	#D3CDE7	#FDFDFD
4183	#D9AFAA	#FDFDFD
4184	#ECD5D2	#FEFEFE
4185	#F4E6E4	#FEFEFE
4186	#FBF6F6	#FFFFFF
4188	#FBFBFD	#FFFFFF
4189	#F7EDEB	#FFFFFF
4190	#FBF6F5	#FFFFFF
4191	#F7ECEB	#FFFFFF
4192	#EFECF6	#FEFEFE
4193	#F9F1F0	#FEFEFE
4194	#F9F8FC	#FFFFFF
4195	#DFBBB7	#FCFCFC
4196	#FBFAFD	#FFFFFF
4197	#ECD5D2	#FEFEFE
4198	#FBFBFD	#FFFFFF
4199	#EFECF6	#FEFEFE
4200	#DEDAED	#FDFDFD
4201	#EFEDF6	#FEFEFE
4202	#FAF9FC	#FFFFFF
4203	#ECD5D2	#FEFEFE
4204	#F1E0DD	#FEFEFE
4205	#EAE7F3	#FEFEFE
4206	#DCB5B0	#FCFCFC
4207	#E6E2F1	#FEFEFE
4208	#CF9E97	#FCFCFC
4209	#E4C4C0	#FDFDFD
4210	#ECD5D2	#FEFEFE
4211	#FCF7F6	#FFFFFF
4212	#ECD5D2	#FEFEFE
4213	#F1E0DE	#FEFEFE
4214	#FAF9FC	#FFFFFF
4215	#F8EEED	#FFFFFF
4216	#FBFAFD	#FFFFFF
4217	#E8CDCA	#FEFEFE
4218	#CC9790	#FCFCFC
4219	#FBF6F5	#FFFFFF
4220	#E1BEB9	#FEFEFE
4221	#C3BBDE	#FDFDFD
4222	#C8908A	#FBFBFB
4223	#FAF9FC	#FFFFFF
4224	#ECD5D2	#FEFEFE
4225	#FAF9FC	#FFFFFF
4226	#FBF6F5	#FFFFFF
4227	#E9E5F3	#FEFEFE
4228	#F7ECEA	#FEFEFE
4229	#F9F8FC	#FFFFFF
4230	#FBF6F6	#FFFFFF
4231	#E3C3BF	#FDFDFD
4232	#E8E4F2	#FEFEFE
4233	#FAF9FC	#FFFFFF
4234	#F7ECEB	#FFFFFF
4235	#EBD4D0	#FEFEFE
4236	#C48A84	#FBFBFB
4237	#E4C4C0	#FDFDFD
4238	#F8F6FB	#FFFFFF
4239	#FFFFFF	#FFFFFF
4240	#D5CFE8	#FEFEFE
4241	#DCD7EC	#FEFEFE
4242	#C9928C	#FBFBFB
4244	#E5C6C2	#FCFCFC
4245	#CB9690	#FCFCFC
4246	#EFECF6	#FFFFFF
4247	#E6C8C4	#FDFDFD
4248	#F1E0DD	#FEFEFE
4249	#F4E5E3	#FEFEFE
4250	#FCF7F7	#FFFFFF
4251	#F1E0DD	#FEFEFE
4252	#FAFAFC	#FFFFFF
4253	#F8EEED	#FFFFFF
4254	#D3CDE7	#FDFDFD
4255	#FAFAFD	#FFFFFF
4256	#FBF6F5	#FFFFFF
4257	#F9F1F0	#FFFFFF
4258	#FFFFFF	#FFFFFF
4259	#D4A5A0	#FCFCFC
4260	#ECE9F5	#FEFEFE
4261	#E9CECA	#FEFEFE
4262	#ECD5D2	#FEFEFE
4263	#FAF9FC	#FFFFFF
4264	#F1E0DD	#FEFEFE
4265	#FBF6F5	#FFFFFF
4266	#D5CFE8	#FEFEFE
4267	#F4E5E3	#FEFEFE
4268	#FBFBFD	#FFFFFF
4269	#ECD5D2	#FEFEFE
4270	#E1BEB9	#FEFEFE
4271	#D9B0AB	#FDFDFD
4272	#D5CFE8	#FEFEFE
4273	#F1E0DD	#FEFEFE
4274	#F9F0EF	#FFFFFF
4275	#E1BEBA	#FEFEFE
4277	#E8E5F3	#FEFEFE
4278	#EDD7D4	#FEFEFE
4279	#E1BEB9	#FEFEFE
4280	#F7ECEB	#FFFFFF
4281	#E1BEB9	#FDFDFD
4282	#D9B0AB	#FDFDFD
4283	#F2F0F8	#FFFFFF
4284	#ECD5D2	#FEFEFE
4285	#CC9790	#FCFCFC
4286	#ECD6D3	#FEFEFE
4287	#F1E0DE	#FEFEFE
4289	#E9CECA	#FEFEFE
4290	#F6EAE8	#FEFEFE
4291	#E9CECB	#FEFEFE
4292	#FCFCFD	#FFFFFF
4293	#F8EEED	#FFFFFF
4294	#EBD4D1	#FDFDFD
4295	#EBD3D0	#FDFDFD
4296	#E0BDB9	#FDFDFD
4297	#FAF9FC	#FFFFFF
4298	#FBF6F5	#FFFFFF
4299	#F7ECEA	#FEFEFE
4300	#FBF5F5	#FFFFFF
4301	#FAF9FC	#FFFFFF
4302	#DBD7EC	#FEFEFE
4303	#F8EFED	#FFFFFF
4304	#E9CECA	#FEFEFE
4305	#E6E2F1	#FEFEFE
4306	#EAE7F4	#FEFEFE
4307	#F7EDEB	#FFFFFF
4308	#F1DFDD	#FEFEFE
4309	#E9CFCC	#FDFDFD
4310	#EFECF6	#FFFFFF
4311	#F1DFDD	#FEFEFE
4312	#D3CEE7	#FDFDFD
4313	#D5CFE8	#FEFEFE
4314	#F8EEED	#FFFFFF
4315	#EBD4D0	#FEFEFE
4316	#E1BEB9	#FEFEFE
4317	#EBD3D0	#FEFEFE
4318	#F5E8E6	#FEFEFE
4319	#E1BEBA	#FEFEFE
4320	#FBF5F5	#FFFFFF
4321	#E9E5F3	#FEFEFE
4322	#D9B0AB	#FDFDFD
4323	#E8CDCA	#FEFEFE
4324	#E4C4BF	#FDFDFD
4325	#D9B0AB	#FDFDFD
4326	#FAF9FC	#FFFFFF
4327	#E8E5F3	#FEFEFE
4328	#E6C8C4	#FDFDFD
4329	#F1E0DE	#FEFEFE
4330	#EED9D6	#FEFEFE
4331	#F4E5E4	#FEFEFE
4332	#EED9D6	#FEFEFE
4333	#D3A59F	#FCFCFC
4334	#FAF9FC	#FFFFFF
4335	#F1DFDD	#FEFEFE
4336	#FEFDFD	#FFFFFF
4337	#F7EDEC	#FFFFFF
4338	#FBF6F5	#FFFFFF
4339	#F7ECEB	#FFFFFF
4340	#FBFBFD	#FFFFFF
4341	#FBF6F6	#FFFFFF
4342	#EFDCD9	#FEFEFE
4343	#F7ECEB	#FFFFFF
4345	#F8EEED	#FEFEFE
4346	#C48A83	#FBFBFB
4347	#F7F5FB	#FFFFFF
4348	#EBD3D0	#FEFEFE
4349	#F9F2F1	#FFFFFF
4350	#F1DFDD	#FEFEFE
4351	#FCFBFD	#FFFFFF
4352	#DBD7EC	#FEFEFE
4353	#E0BDB9	#FEFEFE
4354	#F7ECEB	#FFFFFF
4355	#FAF9FC	#FFFFFF
4356	#F4E5E4	#FEFEFE
4357	#FCF7F7	#FFFFFF
4358	#FEFDFD	#FFFFFF
4359	#F2F0F8	#FFFFFF
4360	#F8EEED	#FEFEFE
4361	#F5E8E6	#FEFEFE
4362	#CC9791	#FCFCFC
4363	#EBD4D0	#FEFEFE
4364	#C3BBDE	#FDFDFD
4365	#B8AFD8	#FDFDFD
4366	#D4A6A0	#FCFCFC
4367	#D4CEE7	#FDFDFD
4368	#E2C1BD	#FDFDFD
4369	#FBFBFD	#FFFFFF
4370	#ECD5D2	#FEFEFE
4371	#E9E5F3	#FEFEFE
4372	#EEECF6	#FFFFFF
4373	#F7EDEB	#FFFFFF
4374	#ECD5D2	#FEFEFE
4375	#E1BEB9	#FEFEFE
4376	#FAFAFD	#FFFFFF
4377	#D5CFE8	#FEFEFE
4378	#E4C4C0	#FDFDFD
4379	#E8CECA	#FEFEFE
4380	#FAF9FC	#FFFFFF
4381	#ECD5D2	#FEFEFE
4382	#F7EDEB	#FEFEFE
4383	#E0BEB9	#FDFDFD
4384	#F1E0DE	#FEFEFE
4385	#D9B0AB	#FDFDFD
4386	#EBD4D0	#FEFEFE
4387	#F1E0DE	#FEFEFE
4388	#EFDCDA	#FEFEFE
4390	#E6E3F1	#FEFEFE
4391	#FCF8F7	#FFFFFF
4392	#ECD5D2	#FEFEFE
4393	#E2C0BC	#FDFDFD
4394	#D4A5A0	#FCFCFC
4395	#BC7C75	#FAFAFA
4396	#F9F1F0	#FFFFFF
4397	#E6C8C4	#FDFDFD
4398	#F8EEED	#FFFFFF
4399	#FEFCFC	#FFFFFF
4400	#E9CECA	#FEFEFE
4401	#E9CECA	#FEFEFE
4402	#E4C4C0	#FDFDFD
4404	#FFFFFF	#FFFFFF
4405	#F8EFEE	#FEFEFE
4406	#FDFBFA	#FFFFFF
4407	#FBF6F5	#FFFFFF
4408	#EBD4D1	#FDFDFD
4409	#EFDCDA	#FEFEFE
4410	#F7EEEC	#FFFFFF
4411	#FBFAFD	#FFFFFF
4412	#DDD8ED	#FEFEFE
4413	#F1E0DD	#FEFEFE
4414	#ECD5D2	#FEFEFE
4415	#F7EDEB	#FFFFFF
4416	#FAFAFD	#FFFFFF
4417	#E6E2F1	#FEFEFE
4418	#F2F0F8	#FFFFFF
4419	#FBF6F5	#FFFFFF
4420	#E1BEBA	#FEFEFE
4421	#D4CFE8	#FEFEFE
4422	#FEFCFC	#FFFFFF
4423	#F1E0DE	#FEFEFE
4424	#F7ECEB	#FFFFFF
4426	#CC9791	#FCFCFC
4427	#F7ECEA	#FFFFFF
4428	#FBFAFD	#FFFFFF
4429	#D4CFE8	#FEFEFE
4430	#FBF6F5	#FFFFFF
4431	#E6C8C4	#FDFDFD
4432	#D09E98	#FCFCFC
4433	#FBF7F6	#FFFFFF
4434	#C9928C	#FBFBFB
4435	#E9CECA	#FEFEFE
4436	#F1E0DE	#FEFEFE
4437	#F6EAE9	#FEFEFE
4438	#EFDCDA	#FEFEFE
4439	#EFDCDA	#FEFEFE
4440	#ECD6D3	#FEFEFE
4441	#EDEAF5	#FEFEFE
4442	#F6F4FA	#FFFFFF
4443	#F8EEED	#FFFFFF
4444	#FAF9FC	#FFFFFF
4446	#E8CECA	#FEFEFE
4447	#F8EEED	#FFFFFF
4448	#E6C8C4	#FDFDFD
4449	#F5E8E6	#FEFEFE
4450	#ECD6D3	#FEFEFE
4451	#F4E6E4	#FEFEFE
4452	#E1BEBA	#FEFEFE
4453	#E8E5F3	#FEFEFE
4454	#D4A59F	#FCFCFC
4455	#EDEAF5	#FEFEFE
4456	#FEFDFE	#FFFFFF
4457	#DBD6EC	#FEFEFE
4458	#DFBBB7	#FCFCFC
4459	#F7ECEA	#FFFFFF
4460	#E2DEEF	#FDFDFD
4461	#F8EEED	#FFFFFF
4462	#EDEAF5	#FEFEFE
4464	#F8EEED	#FFFFFF
4465	#F8EEED	#FFFFFF
4466	#DCD7EC	#FEFEFE
4467	#F6F4FA	#FFFFFF
4468	#EFECF6	#FEFEFE
4469	#F7ECEB	#FFFFFF
4470	#E8E5F3	#FEFEFE
4472	#FAF9FC	#FFFFFF
4473	#FBFAFD	#FFFFFF
4474	#F7EDEC	#FEFEFE
4475	#F8EEED	#FFFFFF
4477	#D5CFE8	#FEFEFE
4478	#FBFAFD	#FFFFFF
4479	#FBFAFD	#FFFFFF
4480	#F8EEED	#FFFFFF
4481	#D9B0AB	#FDFDFD
4482	#DBD7EC	#FEFEFE
4483	#F9F1F0	#FFFFFF
4484	#AEA5D3	#FCFCFC
4485	#D3CDE7	#FDFDFD
4486	#F5F4FA	#FFFFFF
4487	#EDEBF5	#FEFEFE
4488	#EEDAD7	#FEFEFE
4489	#EEECF6	#FEFEFE
4491	#EED9D6	#FEFEFE
4492	#FCF7F6	#FFFFFF
4493	#EFDCD9	#FEFEFE
4494	#DCD7EC	#FEFEFE
4495	#EEECF6	#FFFFFF
4496	#DDD8ED	#FEFEFE
4497	#C68E87	#FBFBFB
4498	#F1E0DE	#FEFEFE
4499	#C68D87	#FBFBFB
4500	#F0DCDA	#FEFEFE
4501	#C48982	#FBFBFB
4502	#E1BEBA	#FEFEFE
4503	#FBFBFD	#FFFFFF
4504	#FEFDFD	#FFFFFF
4505	#FCFBFD	#FFFFFF
4506	#FFFEFE	#FFFFFF
4507	#F9F9FC	#FFFFFF
4508	#F3E4E2	#FEFEFE
4509	#ECD5D2	#FEFEFE
4510	#FBFBFD	#FFFFFF
4511	#D7D2E9	#FDFDFD
4512	#F4E6E4	#FEFEFE
4513	#FBFAFD	#FFFFFF
4514	#EBD4D0	#FEFEFE
4515	#EFEDF6	#FEFEFE
4516	#F8EEED	#FFFFFF
4517	#DEDAED	#FDFDFD
4518	#F4E6E4	#FEFEFE
4519	#FAF9FC	#FFFFFF
4520	#ECD5D2	#FEFEFE
4521	#FAFAFC	#FFFFFF
4522	#FAF9FC	#FFFFFF
4523	#FBFAFD	#FFFFFF
4524	#F4E6E4	#FEFEFE
4525	#E1BEBA	#FEFEFE
4526	#ECD5D2	#FEFEFE
4527	#EBD3D0	#FEFEFE
4528	#F7ECEB	#FFFFFF
4529	#F1DFDD	#FEFEFE
4530	#DDD8EC	#FEFEFE
4531	#ECD6D3	#FEFEFE
4532	#E4C4C0	#FDFDFD
4533	#C3BBDE	#FDFDFD
4534	#FAF9FC	#FFFFFF
4535	#F7ECEB	#FFFFFF
4536	#CF9D97	#FCFCFC
4537	#ECD5D2	#FDFDFD
4538	#FBFAFD	#FFFFFF
4539	#F7EEEC	#FFFFFF
4540	#F9F9FC	#FFFFFF
4541	#F8EEED	#FFFFFF
4542	#B8AFD8	#FDFDFD
4543	#ECD5D2	#FEFEFE
4544	#F9F2F1	#FFFFFF
4545	#DFBBB6	#FCFCFC
4547	#D8ADA8	#FBFBFB
4548	#E8CDC9	#FCFCFC
4549	#EFECF6	#FFFFFF
4550	#FCF7F7	#FFFFFF
4551	#EAD2CE	#FDFDFD
4552	#FBFAFD	#FFFFFF
4553	#F6F5FA	#FFFFFF
4554	#C5BDDF	#FCFCFC
4555	#DDD9ED	#FEFEFE
4556	#CBC5E3	#FDFDFD
4557	#E6C8C4	#FDFDFD
4558	#B8AFD8	#FDFDFD
4559	#FEFCFC	#FFFFFF
4560	#F6F5FA	#FFFFFF
4561	#E5C7C3	#FDFDFD
4562	#FAF9FC	#FFFFFF
4564	#C3BBDE	#FDFDFD
4565	#E9E5F3	#FEFEFE
4566	#FBF7F6	#FFFFFF
4567	#D9B0AA	#FDFDFD
4568	#FBF6F5	#FFFFFF
4569	#D9B0AA	#FDFDFD
4570	#E7CBC8	#FDFDFD
4571	#FDFAF9	#FFFFFF
4572	#E6C9C5	#FDFDFD
4573	#E9E6F3	#FEFEFE
4574	#EBD3D0	#FEFEFE
4575	#FAF9FC	#FFFFFF
4576	#FBFBFD	#FFFFFF
4577	#E9E5F3	#FEFEFE
4578	#E9E5F3	#FEFEFE
4579	#E8E5F3	#FEFEFE
4580	#F1DFDD	#FEFEFE
4581	#EED9D7	#FDFDFD
4583	#F1E0DD	#FEFEFE
4584	#DDD8EC	#FEFEFE
4585	#F8EEED	#FFFFFF
4586	#B7AFD8	#FDFDFD
4587	#E1BEBA	#FEFEFE
4588	#F7EDEC	#FFFFFF
4589	#D9B0AA	#FDFDFD
4590	#FBF6F5	#FFFFFF
4592	#FAF2F1	#FEFEFE
4593	#FEFEFE	#FFFFFF
4594	#FCF8F7	#FFFFFF
4595	#F9F1F0	#FFFFFF
4596	#F2E3E0	#FEFEFE
4597	#F4E6E4	#FEFEFE
4598	#C9918B	#FBFBFB
4599	#F1E0DD	#FEFEFE
4600	#FAF4F4	#FFFFFF
4601	#EFEDF7	#FFFFFF
4602	#F8EEED	#FFFFFF
4603	#E4C4C0	#FDFDFD
4604	#EED9D7	#FEFEFE
4605	#F1DFDD	#FEFEFE
4606	#FBFAFD	#FFFFFF
4607	#F1DFDD	#FEFEFE
4608	#F7F6FB	#FFFFFF
4609	#FBFAFD	#FFFFFF
4610	#F0DDDB	#FDFDFD
4611	#E6C9C5	#FDFDFD
4612	#D9B0AA	#FDFDFD
4613	#E1BEBA	#FEFEFE
4614	#D3CEE7	#FDFDFD
4616	#FAF9FC	#FFFFFF
4617	#E6C8C4	#FDFDFD
4618	#F4E5E3	#FEFEFE
4619	#E1BEBA	#FEFEFE
4620	#F0DCDA	#FEFEFE
4621	#EED9D6	#FDFDFD
4622	#E6C8C5	#FDFDFD
4623	#CC9790	#FCFCFC
4624	#FAF9FC	#FFFFFF
4625	#C3BBDE	#FDFDFD
4626	#C3BBDE	#FDFDFD
4627	#ECEAF5	#FEFEFE
4628	#FBFAFD	#FFFFFF
4629	#E9CECB	#FEFEFE
4630	#F1E0DD	#FEFEFE
4631	#E1BEBA	#FEFEFE
4632	#FBFBFD	#FFFFFF
4633	#F8EEED	#FFFFFF
4634	#EFECF6	#FEFEFE
4635	#ECEAF5	#FEFEFE
4636	#E4C4C0	#FDFDFD
4637	#CC9790	#FCFCFC
4638	#FAF9FC	#FFFFFF
4639	#F1E0DD	#FEFEFE
4640	#F7ECEB	#FFFFFF
4641	#FBF7F6	#FFFFFF
4642	#F8EEED	#FEFEFE
4643	#F6EAE8	#FEFEFE
4644	#ECD4D1	#FDFDFD
4645	#E3DFF0	#FEFEFE
4646	#FDFBFB	#FFFFFF
4648	#F7ECEA	#FEFEFE
4649	#EDD7D4	#FEFEFE
4650	#EAE7F4	#FEFEFE
4651	#DCD7EC	#FEFEFE
4652	#F2F0F8	#FFFFFF
4653	#FBFAFD	#FFFFFF
4654	#F8EEED	#FFFFFF
4655	#F7ECEB	#FFFFFF
4656	#EEECF6	#FEFEFE
4657	#F7EEEC	#FFFFFF
4658	#F7EDEB	#FFFFFF
4659	#FBF6F6	#FFFFFF
4660	#F2E2E0	#FEFEFE
4661	#EBD4D0	#FEFEFE
4662	#FBFAFD	#FFFFFF
4663	#F8EFED	#FFFFFF
4664	#EFECF6	#FFFFFF
4665	#FAF9FC	#FFFFFF
4666	#EBD4D0	#FEFEFE
4667	#D5CFE8	#FEFEFE
4668	#FBF6F5	#FFFFFF
4669	#F8EEED	#FFFFFF
4670	#F3E4E3	#FEFEFE
4671	#F3F2F9	#FEFEFE
4672	#E8E5F3	#FEFEFE
4673	#F9F1F0	#FFFFFF
4674	#D4CFE8	#FEFEFE
4675	#F1DFDD	#FEFEFE
4676	#E0BEB9	#FEFEFE
4677	#F9F8FC	#FFFFFF
4678	#F7ECEB	#FFFFFF
4679	#F7EDEC	#FFFFFF
4680	#F2E1DF	#FEFEFE
4681	#F6F5FA	#FFFFFF
4682	#F5F4FA	#FEFEFE
4683	#D5CFE8	#FEFEFE
4684	#EBD4D0	#FEFEFE
4685	#F8EEED	#FFFFFF
4686	#F1DFDD	#FEFEFE
4687	#E8CDCA	#FEFEFE
4688	#D9B0AB	#FDFDFD
4689	#CF9C96	#FCFCFC
4690	#FAF9FC	#FFFFFF
4691	#C9928B	#FBFBFB
4693	#E6C9C5	#FBFBFB
4694	#DDD8ED	#FDFDFD
4695	#FEFCFB	#FFFFFF
4696	#F6EAE9	#FEFEFE
4697	#FAF9FC	#FFFFFF
4698	#FFFFFF	#FFFFFF
4699	#E8CCC8	#FBFBFB
4700	#F1EFF8	#FEFEFE
4701	#E6C8C4	#FDFDFD
4702	#EBE8F4	#FEFEFE
4703	#F7EEEC	#FFFFFF
4704	#F6EAE9	#FEFEFE
4705	#ECD5D2	#FEFEFE
4706	#EED9D6	#FEFEFE
4707	#EBD4D1	#FDFDFD
4708	#E9E5F3	#FEFEFE
4709	#E4E1F0	#FEFEFE
4710	#DDD8ED	#FEFEFE
4711	#DFBAB6	#FBFBFB
4712	#EBD3D0	#FEFEFE
4713	#CC9791	#FCFCFC
4714	#D3CEE7	#FDFDFD
4715	#EBD4D0	#FEFEFE
4716	#C68E87	#FBFBFB
4717	#D5CFE8	#FEFEFE
4718	#E1BEBA	#FEFEFE
4719	#FBF6F5	#FFFFFF
4720	#DDD8ED	#FEFEFE
4721	#F8EEED	#FFFFFF
4722	#FEFEFE	#FFFFFF
4723	#FAF9FC	#FFFFFF
4724	#EDEAF5	#FEFEFE
4725	#F1E0DE	#FEFEFE
4726	#F8EEED	#FFFFFF
4727	#E1BEBA	#FEFEFE
4728	#FBFAFD	#FFFFFF
4729	#E1BEB9	#FEFEFE
4730	#FAF9FC	#FFFFFF
4731	#F2F0F8	#FFFFFF
4732	#F7EDEB	#FFFFFF
4733	#FDFBFA	#FFFFFF
4734	#D3A59F	#FCFCFC
4735	#F8EEED	#FFFFFF
4736	#DDD8EC	#FEFEFE
4737	#CF9D97	#FCFCFC
4738	#F4E5E3	#FEFEFE
4739	#E1BEBA	#FEFEFE
4740	#DDD8ED	#FEFEFE
4741	#F5F4FA	#FFFFFF
4742	#F8EEED	#FFFFFF
4743	#FFFFFF	#FFFFFF
4744	#F1E0DE	#FEFEFE
4745	#E6E2F1	#FEFEFE
4746	#FFFEFE	#FFFFFF
4747	#F9F8FC	#FFFFFF
4749	#DBB3AD	#FCFCFC
4750	#EFDCD9	#FEFEFE
4751	#F8EEED	#FFFFFF
4752	#FEFCFC	#FFFFFF
4753	#FDFCFE	#FFFFFF
4754	#C9928B	#FBFBFB
4755	#F7ECEB	#FFFFFF
4756	#FAF9FC	#FFFFFF
4757	#FEFCFC	#FFFFFF
4758	#E8CECA	#FEFEFE
4759	#E9CECA	#FEFEFE
4760	#F5F4FA	#FFFFFF
4761	#FCF7F7	#FFFFFF
4762	#D4CFE8	#FEFEFE
4763	#D4A59F	#FCFCFC
4764	#E4E0F0	#FEFEFE
4765	#F7EDEC	#FEFEFE
4766	#EBD4D0	#FEFEFE
4767	#D5CFE8	#FEFEFE
4768	#F1DFDD	#FEFEFE
4769	#D4CFE8	#FEFEFE
4770	#F4E5E3	#FEFEFE
4771	#E1BEBA	#FDFDFD
4772	#FDFBFB	#FFFFFF
4773	#FEFCFC	#FFFFFF
4774	#AFA5D3	#FCFCFC
4775	#ECD5D2	#FEFEFE
4776	#F7ECEB	#FFFFFF
4777	#C3BBDE	#FDFDFD
4778	#FBFAFD	#FFFFFF
4779	#EBD4D0	#FEFEFE
4780	#F6F5FA	#FFFFFF
4781	#FEFDFD	#FFFFFF
4782	#F2F0F8	#FFFFFF
4783	#FEFDFE	#FFFFFF
4784	#E8E5F3	#FEFEFE
4785	#D9B0AB	#FDFDFD
4787	#F8EEED	#FFFFFF
4788	#DDD8ED	#FEFEFE
4789	#E6C8C4	#FDFDFD
4790	#F8EEED	#FFFFFF
4791	#C3BBDE	#FDFDFD
4792	#CF9D97	#FCFCFC
4794	#F6EAE8	#FEFEFE
4795	#FDFDFE	#FFFFFF
4796	#EFECF6	#FEFEFE
4797	#FDFBFB	#FFFFFF
4798	#F6F5FA	#FFFFFF
4799	#E1DCEE	#FDFDFD
4800	#FBF6F5	#FFFFFF
4801	#D3A49E	#FAFAFA
4802	#E4E1F1	#FEFEFE
4803	#FBFBFD	#FFFFFF
4804	#F3E5E3	#FEFEFE
4805	#FAF9FC	#FFFFFF
4806	#ECD5D2	#FEFEFE
4807	#F4E6E4	#FEFEFE
4808	#F9F8FC	#FFFFFF
4809	#DED9ED	#FDFDFD
4810	#AFA6D3	#FCFCFC
4811	#F7ECEB	#FFFFFF
4812	#FDFDFE	#FFFFFF
4813	#F8EEED	#FFFFFF
4814	#F9F9FC	#FFFFFF
4815	#FFFEFE	#FFFFFF
4816	#FAF9FC	#FFFFFF
4817	#EBD3D0	#FEFEFE
4819	#E1BEB9	#FEFEFE
4820	#F8EEED	#FFFFFF
4821	#F4E6E4	#FEFEFE
4822	#F4E6E4	#FEFEFE
4823	#F0EEF7	#FEFEFE
4824	#D4CEE8	#FEFEFE
4825	#FBFAFD	#FFFFFF
4826	#F6EAE8	#FEFEFE
4827	#C68E87	#FBFBFB
4828	#FBF5F5	#FFFFFF
4830	#F7EEEC	#FFFFFF
4831	#EFECF6	#FFFFFF
4832	#F9F0EF	#FFFFFF
4833	#FAFAFD	#FFFFFF
4834	#E8E5F3	#FEFEFE
4835	#F7ECEB	#FFFFFF
4836	#D4CFE8	#FEFEFE
4837	#E1BEBA	#FEFEFE
4838	#EEECF6	#FFFFFF
4839	#F8EEED	#FFFFFF
4840	#E3C3BF	#FDFDFD
4841	#E1BEB9	#FEFEFE
4842	#FAF9FC	#FFFFFF
4843	#F1DFDD	#FEFEFE
4844	#FBF6F6	#FFFFFF
4845	#F3E5E3	#FEFEFE
4846	#F0DCDA	#FEFEFE
4847	#F1E0DE	#FEFEFE
4848	#F7ECEB	#FFFFFF
4850	#EBE9F4	#FEFEFE
4851	#F7ECEA	#FEFEFE
4852	#F9F2F0	#FFFFFF
4853	#FDFBFA	#FFFFFF
4854	#EFDCD9	#FEFEFE
4855	#E9CECB	#FEFEFE
4856	#F6F5FA	#FFFFFF
4857	#ECD5D2	#FEFEFE
4858	#FBFBFD	#FFFFFF
4859	#FFFFFF	#FFFFFF
4860	#F3E5E3	#FEFEFE
4861	#FAF9FC	#FFFFFF
4862	#FBF5F5	#FEFEFE
4863	#ECD5D2	#FEFEFE
4864	#FAF9FC	#FFFFFF
4865	#CB9690	#FCFCFC
4866	#D4CEE7	#FDFDFD
4867	#F8EEED	#FFFFFF
4868	#E1BEBA	#FEFEFE
4869	#E1BEBA	#FEFEFE
4870	#E1BEBA	#FEFEFE
4871	#DDD8EC	#FEFEFE
4872	#F7EEEC	#FFFFFF
4873	#FCF8F7	#FFFFFF
4874	#F8EEED	#FFFFFF
4875	#E8E5F3	#FEFEFE
4876	#EEDAD7	#FEFEFE
4877	#FEFDFD	#FFFFFF
4878	#FEFDFC	#FFFFFF
4879	#F1E0DD	#FEFEFE
4881	#D9B0AA	#FDFDFD
4882	#FBF5F4	#FFFFFF
4883	#F8EEED	#FFFFFF
4884	#F7ECEB	#FEFEFE
4885	#FAFAFC	#FFFFFF
4886	#F2E1DE	#FEFEFE
4887	#FBFAFD	#FFFFFF
4888	#D9AFAA	#FDFDFD
4889	#FAFAFC	#FFFFFF
4890	#F8EEED	#FFFFFF
4891	#F4E5E3	#FEFEFE
4892	#E1BEB9	#FEFEFE
4893	#F4E6E4	#FEFEFE
4895	#F9F1F0	#FFFFFF
4896	#EDEAF5	#FEFEFE
4897	#FEFCFC	#FFFFFF
4898	#F5F4FA	#FFFFFF
4899	#E8CDCA	#FEFEFE
4900	#F3E4E2	#FEFEFE
4901	#F6F5FA	#FFFFFF
4902	#F7EDEB	#FEFEFE
4903	#F9F1F0	#FFFFFF
4904	#F0DDDB	#FEFEFE
4905	#FCF7F7	#FFFFFF
4906	#F2F0F8	#FFFFFF
4907	#D4A5A0	#FCFCFC
4908	#FBF6F5	#FFFFFF
4909	#EFECF6	#FFFFFF
4910	#EEEBF6	#FFFFFF
4911	#CC9791	#FCFCFC
4912	#FBF6F5	#FFFFFF
4913	#F8EFEE	#FEFEFE
4914	#EBD4D0	#FEFEFE
4915	#E4C4C0	#FDFDFD
4916	#CF9C96	#FCFCFC
4917	#F8EEED	#FFFFFF
4918	#DEDAED	#FEFEFE
4919	#D3CDE7	#FDFDFD
4920	#E1BEBA	#FEFEFE
4921	#FAF9FC	#FFFFFF
4922	#ECD5D2	#FEFEFE
4923	#FBF6F6	#FFFFFF
4924	#FEFDFE	#FFFFFF
4925	#FBFAFD	#FFFFFF
4926	#F9F1F0	#FFFFFF
4927	#E3C3BF	#FDFDFD
4928	#D5CFE8	#FDFDFD
4929	#FBF6F5	#FFFFFF
4930	#D09E98	#FCFCFC
4931	#EBD4D0	#FEFEFE
4933	#FAFAFD	#FFFFFF
4934	#E5C7C3	#FDFDFD
4935	#EED9D6	#FEFEFE
4936	#ECD5D2	#FEFEFE
4937	#FCF7F6	#FFFFFF
4938	#E4C4C0	#FDFDFD
4939	#F4E5E3	#FEFEFE
4940	#FFFEFE	#FFFFFF
4941	#FBFAFD	#FFFFFF
4942	#FAF9FC	#FFFFFF
4943	#F7ECEB	#FFFFFF
4944	#EEECF6	#FFFFFF
4945	#F6EAE9	#FEFEFE
4946	#EEEBF6	#FEFEFE
4947	#ECD4D1	#FDFDFD
4948	#FEFDFC	#FFFFFF
4949	#F9F1F0	#FFFFFF
4951	#FEFEFF	#FFFFFF
4952	#F6EAE8	#FEFEFE
4953	#E6C8C4	#FDFDFD
4954	#F7ECEB	#FFFFFF
4955	#E9E6F3	#FEFEFE
4956	#E6C8C4	#FDFDFD
4957	#E1BEB9	#FEFEFE
4958	#B7AFD8	#FDFDFD
4959	#E9CECA	#FEFEFE
4960	#A096CB	#FBFBFB
4961	#D9B0AA	#FDFDFD
4962	#ECEAF5	#FEFEFE
4963	#F4E5E3	#FDFDFD
4964	#E6C8C4	#FDFDFD
4965	#F8EEEC	#FFFFFF
4966	#F6F5FA	#FFFFFF
4967	#FBFAFD	#FFFFFF
4968	#ECD5D2	#FEFEFE
4969	#EEECF6	#FEFEFE
4970	#ECEAF5	#FEFEFE
4971	#EBD3D0	#FEFEFE
4972	#E0BEB9	#FEFEFE
4973	#E1BEBA	#FEFEFE
4974	#F9F8FC	#FFFFFF
4975	#FAF9FC	#FFFFFF
4976	#ECD5D2	#FEFEFE
4977	#E6C8C4	#FDFDFD
4978	#F4E5E3	#FEFEFE
4979	#FAF9FC	#FFFFFF
4980	#F1E0DE	#FEFEFE
4981	#F1E0DE	#FEFEFE
4982	#FAF9FC	#FFFFFF
4983	#F8EEED	#FFFFFF
4984	#F1DFDD	#FEFEFE
4985	#E6C8C4	#FDFDFD
4986	#E9E5F3	#FEFEFE
4987	#F4E6E4	#FEFEFE
4988	#F6F5FA	#FFFFFF
4989	#FBF6F5	#FFFFFF
4990	#F8EEED	#FFFFFF
4991	#E9CECB	#FEFEFE
4992	#F9F0EF	#FFFFFF
4993	#F9F8FC	#FFFFFF
4994	#E0BDB9	#FEFEFE
4996	#FFFEFE	#FFFFFF
4997	#F9F2F1	#FFFFFF
4998	#EFDCD9	#FEFEFE
4999	#EEECF6	#FFFFFF
5000	#F1E0DD	#FEFEFE
5001	#FEFCFC	#FFFFFF
5002	#E9E6F3	#FDFDFD
5003	#FCFBFD	#FFFFFF
5004	#F9F1F0	#FFFFFF
5005	#F8EEED	#FFFFFF
5006	#F0DDDA	#FEFEFE
5007	#D6D1E9	#FDFDFD
5008	#F9F1F0	#FFFFFF
5009	#F2E2E0	#FEFEFE
5010	#E4C4C0	#FDFDFD
5011	#C3BBDE	#FDFDFD
5012	#F7ECEB	#FFFFFF
5013	#ECE9F5	#FEFEFE
5014	#F8EEED	#FEFEFE
5015	#ECD4D1	#FEFEFE
5016	#CF9D97	#FCFCFC
5017	#DDD8ED	#FEFEFE
5018	#F9F8FC	#FFFFFF
5019	#C3BBDE	#FDFDFD
5020	#EFEDF6	#FEFEFE
5021	#C4BCDF	#FCFCFC
5022	#E5E1F1	#FEFEFE
5024	#AEA5D3	#FCFCFC
5025	#F0EEF7	#FEFEFE
5026	#EFDBD9	#FEFEFE
5027	#F2F0F8	#FEFEFE
5028	#D09E98	#FCFCFC
5029	#FAF9FC	#FFFFFF
5030	#C3BBDE	#FDFDFD
5031	#F1DFDD	#FEFEFE
5032	#FBF6F6	#FFFFFF
5033	#F6ECEA	#FFFFFF
5034	#E9E5F3	#FEFEFE
5035	#F4E5E3	#FEFEFE
5036	#FCFBFD	#FFFFFF
5037	#EBD4D0	#FEFEFE
5038	#CF9D96	#FCFCFC
5039	#F4E5E3	#FEFEFE
5040	#F7EDEC	#FFFFFF
5042	#FBFAFD	#FFFFFF
5043	#EED9D6	#FEFEFE
5044	#CF9D97	#FCFCFC
5045	#E8CDCA	#FEFEFE
5046	#F2F0F8	#FFFFFF
5047	#FAF9FC	#FFFFFF
5048	#EFEDF6	#FFFFFF
5049	#FAF9FC	#FFFFFF
5050	#E6E2F1	#FEFEFE
