group	fill	colour
1	#8F85C2	#F9F9F9
2	#CBC5E3	#FDFDFD
3	#D5CFE8	#FDFDFD
4	#E4E0F0	#FEFEFE
5	#BEB6DB	#FCFCFC
6	#D4CEE7	#FCFCFC
7	#B7AED8	#FAFAFA
8	#FBF6F5	#FFFFFF
9	#CCC5E3	#FDFDFD
10	#DDD8ED	#FEFEFE
11	#F8EEED	#FFFFFF
12	#EDEBF5	#FEFEFE
13	#9085C2	#F9F9F9
14	#DDD8ED	#FEFEFE
15	#9085C2	#F9F9F9
16	#BCB4DB	#FBFBFB
17	#AFA5D3	#FCFCFC
18	#9E94CA	#F7F7F7
19	#FAFAFC	#FFFFFF
20	#BDB5DB	#FBFBFB
21	#EFEDF7	#FFFFFF
22	#B7AFD8	#FDFDFD
23	#B7AFD8	#FDFDFD
24	#A79DCF	#FBFBFB
25	#D3CEE7	#FDFDFD
26	#E5E1F1	#FEFEFE
27	#DDD8EC	#FEFEFE
28	#DDD8EC	#FEFEFE
29	#C3BBDE	#FDFDFD
30	#DAD5EB	#FCFCFC
31	#D6D1E9	#FDFDFD
32	#F8EEED	#FFFFFF
33	#FBFAFD	#FFFFFF
34	#D5CFE8	#FEFEFE
35	#BDB5DB	#FCFCFC
36	#D2CCE6	#FBFBFB
37	#968BC6	#F9F9F9
38	#B8AFD8	#FDFDFD
39	#EEECF6	#FEFEFE
40	#C3BBDE	#FDFDFD
41	#B7AFD8	#FBFBFB
42	#B7AFD8	#FDFDFD
43	#B7AFD8	#FDFDFD
44	#D3CDE7	#FDFDFD
45	#C3BBDE	#FDFDFD
46	#EFEDF6	#FEFEFE
47	#FBFAFD	#FFFFFF
48	#E4E0F0	#FEFEFE
49	#A096CB	#FBFBFB
50	#D4CEE8	#FDFDFD
51	#CCC6E4	#FCFCFC
52	#C3BBDE	#FDFDFD
53	#B7AFD8	#FDFDFD
54	#E4E1F1	#FEFEFE
55	#BCB4DA	#FAFAFA
56	#958BC6	#F9F9F9
57	#B8B0D8	#FAFAFA
58	#CEC8E4	#FCFCFC
59	#C4BDDF	#FCFCFC
60	#EFECF6	#FFFFFF
61	#C4BDDF	#FCFCFC
62	#DCD7EC	#FEFEFE
63	#CCC5E3	#FCFCFC
64	#C3BBDE	#FDFDFD
65	#DCD7EC	#FEFEFE
66	#E4E1F1	#FEFEFE
67	#E1BEBA	#FEFEFE
68	#BEB6DC	#FCFCFC
69	#D4CEE8	#FDFDFD
71	#CCC5E3	#FDFDFD
72	#D1CBE6	#FCFCFC
73	#CBC4E3	#FDFDFD
74	#FAFAFD	#FFFFFF
75	#FBFAFD	#FFFFFF
76	#AEA5D3	#FCFCFC
77	#AFA5D3	#FCFCFC
78	#A096CB	#FBFBFB
79	#BDB5DB	#FCFCFC
80	#D4CEE8	#FDFDFD
81	#E8E5F3	#FEFEFE
82	#E8E5F3	#FEFEFE
83	#F9F9FC	#FFFFFF
84	#EDEAF5	#FEFEFE
85	#B8AFD8	#FDFDFD
86	#DAD5EB	#FCFCFC
87	#C3BBDE	#FDFDFD
88	#C7C0E0	#FCFCFC
89	#BDB5DB	#FCFCFC
90	#FAF9FC	#FFFFFF
91	#FAF9FC	#FFFFFF
92	#B7AFD8	#FDFDFD
93	#EBD4D0	#FEFEFE
94	#B7AFD8	#FDFDFD
95	#D4CEE7	#FDFDFD
96	#FAFAFC	#FFFFFF
97	#E3DFF0	#FEFEFE
98	#C3BBDE	#FDFDFD
99	#C4BCDF	#FCFCFC
100	#E4E1F1	#FEFEFE
101	#F9F8FC	#FFFFFF
102	#FAF9FC	#FFFFFF
103	#AEA5D3	#FCFCFC
104	#E9E6F3	#FEFEFE
105	#9A90C8	#FAFAFA
106	#E4E1F1	#FEFEFE
107	#CBC5E3	#FDFDFD
108	#C3BBDE	#FDFDFD
109	#B7AFD8	#FBFBFB
110	#FBFAFD	#FFFFFF
111	#ECEAF5	#FEFEFE
112	#AFA5D3	#FCFCFC
113	#A197CC	#FBFBFB
114	#C3BBDE	#FDFDFD
115	#B8AFD8	#FBFBFB
116	#EEECF6	#FEFEFE
117	#A197CC	#FBFBFB
118	#E5E1F1	#FEFEFE
119	#B8AFD8	#FDFDFD
120	#B7AFD8	#FDFDFD
121	#BDB5DB	#FCFCFC
122	#EFECF6	#FFFFFF
123	#E4E1F1	#FEFEFE
124	#AFA5D3	#FCFCFC
125	#EFEDF6	#FFFFFF
126	#D2CCE7	#FCFCFC
127	#B7AFD8	#FDFDFD
128	#E4E0F0	#FEFEFE
129	#8277BB	#F6F6F6
130	#E4E1F1	#FEFEFE
131	#E9E6F3	#FEFEFE
132	#F7ECEB	#FFFFFF
133	#DDD8EC	#FEFEFE
134	#E8E5F3	#FEFEFE
135	#DDD8EC	#FEFEFE
136	#E9E5F3	#FEFEFE
137	#B3AAD6	#F9F9F9
138	#8277BB	#F6F6F6
139	#EEECF6	#FFFFFF
140	#E4E0F0	#FEFEFE
141	#EDEAF5	#FEFEFE
142	#CBC4E3	#FDFDFD
143	#DBD7EC	#FEFEFE
144	#A79DCF	#FBFBFB
145	#B7AED8	#FBFBFB
146	#FAFAFC	#FFFFFF
147	#BDB5DB	#FCFCFC
148	#EBD4D0	#FEFEFE
149	#FAF9FC	#FFFFFF
150	#FBF6F5	#FFFFFF
151	#F8EEED	#FFFFFF
152	#FAF9FC	#FFFFFF
153	#BDB5DB	#FCFCFC
154	#FBFAFD	#FFFFFF
155	#C4BDDF	#FCFCFC
156	#DDD8ED	#FEFEFE
157	#DEDAED	#FDFDFD
158	#B7AFD8	#F5F5F5
159	#A197CC	#F4F4F4
160	#EFEDF6	#FFFFFF
161	#F4E6E4	#FEFEFE
162	#D4CFE8	#FDFDFD
163	#C3BBDE	#FDFDFD
164	#A79DCF	#FBFBFB
165	#D3CDE7	#FDFDFD
166	#DED9ED	#FEFEFE
167	#FBF7F6	#FFFFFF
168	#A197CC	#FBFBFB
169	#E4E1F1	#FEFEFE
170	#F9F8FC	#FFFFFF
171	#EFECF6	#FEFEFE
172	#A79DCF	#FBFBFB
173	#9A90C8	#FAFAFA
174	#EEECF6	#FEFEFE
175	#D4CFE8	#FDFDFD
176	#B7AFD8	#FDFDFD
177	#E3DFF0	#FEFEFE
178	#BEB6DB	#FCFCFC
179	#D4CEE7	#FDFDFD
180	#DCD7EC	#FEFEFE
181	#D4CEE8	#FDFDFD
182	#EFEDF6	#FFFFFF
183	#DDD8EC	#FEFEFE
184	#C5BEE0	#FCFCFC
185	#FBFAFD	#FFFFFF
186	#EFECF6	#FFFFFF
187	#B7AFD8	#FDFDFD
188	#D4CFE8	#FDFDFD
189	#CCC6E3	#FDFDFD
190	#F5F4FA	#FFFFFF
191	#AFA5D3	#FCFCFC
192	#DDD9ED	#FEFEFE
193	#9A90C8	#FAFAFA
194	#B1A8D5	#FAFAFA
195	#D3CEE7	#FDFDFD
196	#DDD8EC	#FEFEFE
197	#F9F8FC	#FFFFFF
198	#D4CEE7	#FDFDFD
199	#CAC3E2	#FAFAFA
200	#E5E2F1	#FEFEFE
201	#E9E6F3	#FEFEFE
202	#BEB6DC	#FCFCFC
203	#EEECF6	#FFFFFF
204	#F2F0F8	#FFFFFF
205	#EFEDF6	#FEFEFE
206	#C4BDDF	#FCFCFC
207	#AFA6D3	#FCFCFC
208	#988EC7	#F5F5F5
209	#B3ABD6	#F9F9F9
210	#8F84C2	#F8F8F8
211	#E5E2F1	#FEFEFE
212	#ECD6D3	#FEFEFE
213	#D5CFE8	#FEFEFE
214	#E4E1F0	#FEFEFE
215	#FAF9FC	#FFFFFF
216	#E4E0F0	#FEFEFE
217	#C3BBDE	#FDFDFD
218	#B7AED8	#FDFDFD
219	#DCD7EC	#FEFEFE
220	#F9F8FC	#FFFFFF
221	#B7AED8	#FDFDFD
222	#F9F8FC	#FFFFFF
223	#D4CEE7	#FDFDFD
224	#D9B0AA	#FDFDFD
225	#B6AED7	#FBFBFB
226	#CCC5E3	#FCFCFC
227	#FBFAFD	#FFFFFF
228	#AEA5D3	#FCFCFC
229	#F9F9FC	#FFFFFF
230	#FAF9FC	#FFFFFF
231	#E6E2F1	#FEFEFE
232	#EEECF6	#FFFFFF
233	#9A90C8	#FAFAFA
234	#AFA5D3	#FCFCFC
235	#AEA5D3	#FCFCFC
236	#DDD8ED	#FEFEFE
237	#FAF9FC	#FFFFFF
238	#BDB5DB	#FCFCFC
239	#FAF9FC	#FFFFFF
240	#EEECF6	#FEFEFE
241	#CBC5E3	#FDFDFD
242	#AEA5D3	#FCFCFC
243	#EDEAF5	#FEFEFE
244	#E6E3F2	#FEFEFE
245	#C4BDDF	#FCFCFC
246	#CBC5E3	#FDFDFD
247	#C3BBDE	#FDFDFD
248	#A89ECF	#FBFBFB
249	#DEDAED	#FDFDFD
250	#ECEAF5	#FEFEFE
251	#F6F5FA	#FFFFFF
252	#DCD7EC	#FEFEFE
253	#EFECF6	#FFFFFF
254	#C8C1E1	#FCFCFC
255	#C3BBDE	#FDFDFD
256	#CDC7E4	#FCFCFC
257	#958BC5	#F9F9F9
258	#A399CD	#F8F8F8
259	#B4ABD6	#F7F7F7
260	#FBFAFD	#FFFFFF
261	#CEC7E4	#FCFCFC
262	#FEFDFD	#FFFFFF
263	#F9F9FC	#FFFFFF
264	#CCC5E3	#FDFDFD
265	#A096CB	#FBFBFB
266	#FBF6F5	#FFFFFF
267	#E9E5F3	#FEFEFE
268	#FAF9FC	#FFFFFF
269	#A197CC	#FBFBFB
270	#DCD8EC	#FEFEFE
271	#E5E1F1	#FEFEFE
272	#9B90C8	#FAFAFA
273	#FBF7F6	#FFFFFF
274	#B7AFD8	#FDFDFD
275	#D3CDE7	#FDFDFD
276	#E8E5F3	#FEFEFE
277	#DCD7EC	#FEFEFE
278	#EFECF6	#FFFFFF
279	#D0CAE5	#FCFCFC
280	#EEECF6	#FFFFFF
281	#FBFBFD	#FFFFFF
282	#EEEBF6	#FFFFFF
283	#E9E5F3	#FEFEFE
284	#D5CFE8	#FEFEFE
285	#F8EEED	#FFFFFF
286	#C4BDDF	#FCFCFC
287	#FAF9FC	#FFFFFF
288	#D2CCE7	#FCFCFC
289	#C3BBDE	#FDFDFD
290	#FBFAFD	#FFFFFF
291	#B2A9D5	#FAFAFA
292	#D5CFE8	#FEFEFE
293	#C4BDDF	#FCFCFC
294	#B7AFD8	#FDFDFD
296	#C4BDDF	#FCFCFC
297	#DDD9ED	#FDFDFD
298	#AFA5D3	#FCFCFC
299	#E4E0F0	#FEFEFE
300	#EEECF6	#FFFFFF
301	#CDC7E4	#FCFCFC
302	#F7EDEB	#FFFFFF
303	#B2A9D5	#FAFAFA
304	#A197CC	#FBFBFB
305	#FAF9FC	#FFFFFF
306	#F8EEED	#FFFFFF
307	#9C92C9	#F6F6F6
308	#E6E3F2	#FEFEFE
309	#B3AAD6	#F9F9F9
310	#D4CEE7	#FDFDFD
311	#ACA3D2	#FAFAFA
312	#FAF9FC	#FFFFFF
313	#E1BEBA	#FEFEFE
314	#E8E5F3	#FEFEFE
315	#E6C8C4	#FDFDFD
316	#F7EDEB	#FFFFFF
317	#E5E1F1	#FEFEFE
318	#D3CEE7	#FDFDFD
319	#D5CFE8	#FEFEFE
320	#B7AFD8	#FDFDFD
321	#F9F9FC	#FFFFFF
322	#EEEBF6	#FFFFFF
323	#D4CEE7	#FDFDFD
324	#E6E2F1	#FEFEFE
325	#F7EDEC	#FFFFFF
326	#C4BCDF	#FCFCFC
327	#AEA5D3	#FCFCFC
328	#CBC5E3	#FDFDFD
329	#8B81C0	#F8F8F8
330	#9B90C8	#FAFAFA
331	#A197CC	#FBFBFB
332	#D3CEE7	#FDFDFD
333	#AEA5D3	#FCFCFC
334	#AFA6D3	#FCFCFC
335	#DCD7EC	#FEFEFE
336	#DDD8EC	#FEFEFE
337	#FAF9FC	#FFFFFF
338	#CBC5E3	#FDFDFD
339	#B7AFD8	#FDFDFD
340	#AFA5D3	#FCFCFC
341	#9A90C8	#FAFAFA
342	#FBFBFD	#FFFFFF
343	#FBF7F6	#FFFFFF
344	#E4E0F0	#FEFEFE
345	#B7AFD8	#FDFDFD
346	#B7AFD8	#FDFDFD
347	#867BBD	#F7F7F7
348	#E2DFF0	#FEFEFE
349	#C9C2E1	#FBFBFB
350	#D8D3EA	#FDFDFD
351	#DED9ED	#FEFEFE
352	#DDD9ED	#FDFDFD
353	#EDEBF5	#FEFEFE
354	#EBD4D0	#FEFEFE
355	#CCC5E3	#FDFDFD
356	#E8E5F3	#FEFEFE
357	#EEECF6	#FFFFFF
358	#E4E0F0	#FEFEFE
359	#C9C2E2	#FBFBFB
360	#DCD7EC	#FEFEFE
361	#AEA5D3	#FCFCFC
362	#C4BCDF	#FCFCFC
363	#E4E0F0	#FEFEFE
364	#D3CDE7	#FDFDFD
365	#DDD8EC	#FEFEFE
366	#FBF6F6	#FFFFFF
367	#EFEDF6	#FEFEFE
368	#C3BBDE	#FDFDFD
369	#A79DCF	#FBFBFB
370	#C3BBDE	#FDFDFD
371	#A096CB	#FBFBFB
372	#F9F8FC	#FFFFFF
373	#C4BCDF	#FCFCFC
374	#E5E1F1	#FEFEFE
375	#FAF9FC	#FFFFFF
376	#9B90C8	#FAFAFA
377	#FBFAFD	#FFFFFF
378	#EFECF6	#FFFFFF
379	#DEDAED	#FEFEFE
380	#E4E1F1	#FEFEFE
381	#BEB6DB	#FCFCFC
382	#FBF6F6	#FFFFFF
383	#E1BEB9	#FEFEFE
384	#E5E1F1	#FEFEFE
385	#B1A8D4	#FAFAFA
386	#CBC5E3	#FDFDFD
387	#EEECF6	#FFFFFF
388	#AEA5D3	#FCFCFC
389	#E6E2F1	#FEFEFE
390	#DDD8EC	#FEFEFE
391	#D5CFE8	#FEFEFE
392	#E9E5F3	#FEFEFE
393	#9A90C8	#FAFAFA
394	#AEA5D3	#FCFCFC
395	#B7AFD8	#FDFDFD
396	#CDC7E4	#FDFDFD
397	#E9E6F3	#FEFEFE
398	#E6E2F1	#FEFEFE
399	#A79DCF	#FBFBFB
400	#DED9ED	#FDFDFD
401	#E5E2F1	#FEFEFE
402	#9A90C8	#FAFAFA
403	#E9E6F3	#FEFEFE
404	#D7D2E9	#FDFDFD
405	#F1E0DE	#FEFEFE
406	#DDD8ED	#FEFEFE
407	#F6F5FA	#FFFFFF
408	#E4E1F1	#FEFEFE
409	#D1CBE6	#FCFCFC
410	#A79DCF	#FBFBFB
411	#BEB6DC	#FCFCFC
412	#D7D1E9	#FDFDFD
413	#EEECF6	#FFFFFF
414	#B7AFD8	#FDFDFD
415	#D3CDE7	#FCFCFC
416	#CBC5E3	#FDFDFD
417	#FAF9FC	#FFFFFF
418	#EAE7F4	#FEFEFE
419	#ECEAF5	#FEFEFE
420	#FBFAFD	#FFFFFF
421	#D4CEE8	#FDFDFD
422	#E4C4C0	#FDFDFD
423	#DCD8EC	#FEFEFE
424	#E4E1F1	#FEFEFE
425	#AFA6D3	#FCFCFC
426	#EEECF6	#FEFEFE
427	#DBD6EC	#FEFEFE
428	#8B80C0	#F8F8F8
429	#D5CFE8	#FCFCFC
430	#B7AFD8	#FDFDFD
431	#BDB6DB	#FCFCFC
432	#A096CB	#FBFBFB
433	#EEECF6	#FFFFFF
434	#D3CEE7	#FDFDFD
435	#EEEBF6	#FEFEFE
436	#A89ECF	#FBFBFB
437	#E8E5F3	#FEFEFE
438	#BDB5DB	#FCFCFC
439	#D5CFE8	#FEFEFE
440	#EFEDF6	#FEFEFE
441	#D4CEE7	#FDFDFD
442	#C7C0E0	#FCFCFC
443	#B7AFD8	#FDFDFD
444	#E5E2F1	#FEFEFE
445	#FAFAFC	#FFFFFF
446	#CCC5E3	#FDFDFD
447	#CBC5E3	#FDFDFD
448	#D4CEE7	#FDFDFD
449	#C4BCDF	#FCFCFC
450	#BDB5DB	#FCFCFC
451	#CCC6E3	#FDFDFD
452	#CBC5E3	#FCFCFC
453	#958BC5	#F9F9F9
454	#E6E3F2	#FEFEFE
455	#D2CCE7	#FCFCFC
456	#EFECF6	#FEFEFE
457	#EBD4D0	#FEFEFE
458	#D4CFE8	#FDFDFD
459	#B7AED8	#FBFBFB
460	#CCC6E3	#FDFDFD
461	#BBB3DA	#F9F9F9
462	#D1CBE6	#FCFCFC
463	#D4CEE8	#FDFDFD
464	#CDC7E4	#FDFDFD
465	#C4BCDF	#FCFCFC
466	#F8EFED	#FFFFFF
467	#CBC5E3	#FDFDFD
468	#7F74B9	#F5F5F5
469	#D7D1E9	#FDFDFD
470	#F6F5FA	#FFFFFF
471	#F8EEED	#FFFFFF
472	#E9E6F3	#FEFEFE
473	#AFA6D3	#FCFCFC
474	#FCFCFE	#FFFFFF
475	#D4CFE8	#FEFEFE
476	#EDEAF5	#FEFEFE
477	#DDD9ED	#FEFEFE
478	#AFA5D3	#FCFCFC
479	#DDD9ED	#FDFDFD
480	#E5E1F1	#FEFEFE
481	#CDC6E4	#FCFCFC
482	#EFEDF6	#FEFEFE
483	#B7AFD8	#FDFDFD
484	#B7AFD8	#FDFDFD
485	#E8E5F3	#FEFEFE
486	#C4BDDF	#FCFCFC
487	#EBD4D0	#FEFEFE
488	#DDD9ED	#FEFEFE
489	#E8E5F3	#FEFEFE
490	#B7AFD8	#FDFDFD
491	#D3CDE7	#FDFDFD
492	#A197CC	#FBFBFB
493	#D6D1E9	#FDFDFD
494	#DCD8EC	#FEFEFE
495	#DDD8ED	#FEFEFE
496	#F6F4FA	#FFFFFF
497	#A096CB	#FBFBFB
498	#EFECF6	#FFFFFF
499	#EFEDF6	#FFFFFF
500	#FAF9FC	#FFFFFF
501	#D2CCE6	#FCFCFC
502	#D3CDE7	#FDFDFD
503	#CBC5E3	#FCFCFC
504	#9B90C8	#FAFAFA
505	#C1B9DD	#FBFBFB
506	#D4CEE8	#FDFDFD
507	#F9F8FC	#FFFFFF
508	#C1BADD	#FBFBFB
509	#C2BADE	#FBFBFB
510	#FFFEFE	#FFFFFF
512	#A89ED0	#F9F9F9
513	#E4E1F1	#FEFEFE
514	#A89ECF	#F9F9F9
515	#C6BFE0	#FBFBFB
516	#F6F4FA	#FFFFFF
517	#D5CFE8	#FEFEFE
518	#FBFAFD	#FFFFFF
519	#AFA6D3	#FCFCFC
520	#E4E1F1	#FEFEFE
521	#FDFAF9	#FFFFFF
522	#F2F0F8	#FFFFFF
523	#E4E1F1	#FEFEFE
524	#FBFAFD	#FFFFFF
525	#A79ECF	#FBFBFB
526	#B8AFD8	#FDFDFD
527	#D9AFAA	#FDFDFD
528	#AEA5D3	#FCFCFC
529	#C4BDDF	#FCFCFC
530	#CBC5E3	#FDFDFD
531	#EEECF6	#FFFFFF
532	#E5E2F1	#FEFEFE
533	#FBFAFD	#FFFFFF
534	#CBC5E3	#FDFDFD
535	#D4CEE8	#FDFDFD
536	#DBD7EC	#FEFEFE
537	#CBC4E3	#FDFDFD
538	#EEECF6	#FEFEFE
540	#C3BBDE	#FDFDFD
541	#EFECF6	#FFFFFF
542	#B7AFD8	#FDFDFD
543	#C3BBDE	#FDFDFD
544	#DDD8EC	#FEFEFE
545	#E6C9C5	#FDFDFD
546	#AFA5D3	#FCFCFC
547	#C3BBDE	#FDFDFD
548	#DBD7EC	#FEFEFE
549	#A79DCF	#FBFBFB
550	#F9F8FC	#FFFFFF
551	#BCB4DB	#FCFCFC
552	#DDD8EC	#FEFEFE
553	#E4E1F1	#FEFEFE
554	#958BC5	#F9F9F9
555	#D5CFE8	#FDFDFD
556	#B2A9D5	#FAFAFA
557	#D8D3EA	#FDFDFD
558	#B1A8D4	#FAFAFA
559	#BCB3DA	#FAFAFA
560	#CCC5E3	#FDFDFD
561	#E4E1F1	#FEFEFE
562	#B7AFD8	#FBFBFB
563	#CDC7E4	#FDFDFD
564	#C9C2E2	#FBFBFB
565	#B7AED8	#FAFAFA
566	#BEB6DC	#FCFCFC
567	#9A90C8	#FAFAFA
568	#A096CB	#FBFBFB
569	#C1BADD	#FAFAFA
570	#E4E1F1	#FEFEFE
571	#CBC5E3	#FDFDFD
572	#E8E5F3	#FEFEFE
573	#FCFBFD	#FFFFFF
574	#D4CEE7	#FDFDFD
575	#E4E0F0	#FEFEFE
576	#FFFFFF	#FFFFFF
577	#D3CEE7	#FDFDFD
578	#DED9ED	#FEFEFE
579	#AEA5D3	#FCFCFC
580	#D4CEE8	#FEFEFE
581	#B3AAD5	#FAFAFA
582	#EEECF6	#FEFEFE
583	#F4E6E4	#FEFEFE
584	#F9F2F1	#FFFFFF
585	#E9E6F3	#FEFEFE
586	#EEEBF6	#FFFFFF
587	#BDB5DB	#FCFCFC
588	#F9F2F1	#FFFFFF
589	#CBC4E3	#FDFDFD
590	#9B90C8	#FAFAFA
591	#A79ECF	#FBFBFB
592	#FBFAFD	#FFFFFF
593	#A096CB	#FBFBFB
594	#B7AFD8	#FDFDFD
595	#F9F8FC	#FFFFFF
596	#B7AFD8	#FDFDFD
597	#EFEDF6	#FEFEFE
598	#D4CEE7	#FDFDFD
599	#CBC4E3	#FDFDFD
600	#BDB5DB	#FCFCFC
601	#B7AFD8	#FDFDFD
602	#C4BDDF	#FCFCFC
603	#FBF6F5	#FFFFFF
604	#CDC6E4	#FCFCFC
605	#9F95CB	#F7F7F7
606	#CCC5E3	#FDFDFD
607	#DED9ED	#FDFDFD
608	#E4E0F0	#FEFEFE
609	#D4CEE8	#FDFDFD
610	#C7C0E1	#FCFCFC
611	#9A90C8	#FAFAFA
612	#A59BCE	#F5F5F5
613	#9B90C8	#FAFAFA
614	#CDC6E4	#FCFCFC
615	#CBC5E3	#FDFDFD
616	#C4BCDF	#FCFCFC
617	#C3BBDE	#FDFDFD
618	#E4E1F0	#FEFEFE
619	#FAFAFD	#FFFFFF
620	#EFECF6	#FEFEFE
621	#AFA6D3	#FCFCFC
622	#D3A59F	#FCFCFC
623	#FBFAFD	#FFFFFF
624	#E8E5F3	#FEFEFE
625	#F1E0DE	#FEFEFE
626	#FBF6F5	#FFFFFF
627	#E6E3F1	#FEFEFE
628	#F6F5FA	#FFFFFF
629	#C3BBDE	#FDFDFD
630	#E4E0F0	#FEFEFE
631	#D4CFE8	#FEFEFE
632	#FBF6F6	#FFFFFF
633	#DCD8EC	#FEFEFE
634	#DCD7EC	#FEFEFE
635	#B7AFD8	#FDFDFD
636	#9A90C8	#FAFAFA
637	#B7AED8	#FDFDFD
638	#C4BDDF	#FCFCFC
639	#F8EEED	#FFFFFF
640	#F7EDEC	#FFFFFF
641	#DEDAED	#FEFEFE
642	#C7C0E1	#FCFCFC
643	#D4CFE8	#FDFDFD
644	#C4BDDF	#FCFCFC
645	#A89ECF	#FBFBFB
646	#DEDAED	#FEFEFE
647	#A096CB	#FBFBFB
648	#C1BADD	#FBFBFB
649	#C3BBDE	#FDFDFD
650	#958BC6	#F9F9F9
651	#FBFAFD	#FFFFFF
652	#D4CEE7	#FDFDFD
653	#B7AFD8	#FBFBFB
654	#DFDAEE	#FEFEFE
655	#9085C2	#F9F9F9
656	#DDD9ED	#FDFDFD
657	#A197CC	#FBFBFB
658	#AFA6D3	#FCFCFC
659	#F8EEED	#FFFFFF
660	#DCD7EC	#FEFEFE
661	#B8B0D8	#FAFAFA
662	#8B80C0	#F8F8F8
663	#C3BBDE	#FDFDFD
664	#BEB6DC	#FCFCFC
665	#958AC5	#F9F9F9
666	#DED9ED	#FEFEFE
667	#FAFAFD	#FFFFFF
668	#A197CC	#FBFBFB
669	#FBF6F5	#FFFFFF
670	#C3BBDE	#FAFAFA
671	#FBFAFD	#FFFFFF
672	#EBD4D0	#FEFEFE
674	#FAF9FC	#FFFFFF
675	#D3CDE7	#FDFDFD
676	#CEC8E4	#FDFDFD
677	#FAF9FC	#FFFFFF
678	#E4E0F0	#FEFEFE
679	#D4CEE8	#FDFDFD
680	#C4BDDF	#FCFCFC
681	#C7C0E1	#FCFCFC
682	#FBF6F5	#FFFFFF
683	#E4E1F1	#FEFEFE
684	#B8AFD8	#FDFDFD
685	#B2A9D5	#FAFAFA
686	#EBD4D0	#FEFEFE
687	#B7AFD8	#FDFDFD
688	#E9E6F3	#FEFEFE
689	#FAF9FC	#FFFFFF
690	#CBC4E3	#FCFCFC
691	#A197CC	#FBFBFB
692	#D4CFE8	#FDFDFD
693	#A096CB	#FBFBFB
694	#BDB5DB	#FCFCFC
695	#CCC6E3	#FDFDFD
696	#FAF9FC	#FFFFFF
697	#C3BBDE	#FDFDFD
698	#9F95CB	#F7F7F7
699	#C1B9DD	#FBFBFB
700	#DDD9ED	#FEFEFE
701	#C3BBDE	#FDFDFD
702	#AEA5D3	#FCFCFC
703	#C7C0E1	#FCFCFC
704	#D1CBE6	#FCFCFC
705	#A096CB	#F7F7F7
706	#B8AFD8	#FBFBFB
707	#867CBD	#F7F7F7
708	#FAFAFC	#FFFFFF
709	#C4BDDF	#FCFCFC
710	#A096CB	#FBFBFB
711	#BDB5DB	#FCFCFC
712	#877DBE	#F7F7F7
713	#AFA6D3	#FCFCFC
714	#E5E1F1	#FEFEFE
715	#A79DCF	#FBFBFB
716	#BDB5DB	#FCFCFC
717	#B1A8D5	#FAFAFA
718	#E8E5F3	#FEFEFE
719	#EEECF6	#FFFFFF
720	#B1A8D4	#FAFAFA
721	#DEDAED	#FEFEFE
722	#B8AFD8	#FDFDFD
723	#F1E0DD	#FEFEFE
724	#E9E6F3	#FEFEFE
725	#EEECF6	#FEFEFE
726	#FEFDFD	#FFFFFF
727	#FAFAFC	#FFFFFF
728	#ECD4D1	#FEFEFE
729	#A79ECF	#FBFBFB
730	#DCD8EC	#FEFEFE
731	#D4CEE8	#FDFDFD
732	#D4CFE8	#FDFDFD
733	#F9F8FC	#FFFFFF
734	#A89ECF	#FBFBFB
735	#D4CEE8	#FDFDFD
736	#9B91C9	#FAFAFA
737	#D1CBE6	#FCFCFC
738	#B7AFD8	#FBFBFB
739	#E7E3F2	#FEFEFE
740	#DCD8EC	#FEFEFE
741	#B7AFD8	#FDFDFD
742	#D4CEE8	#FDFDFD
743	#A197CC	#FBFBFB
744	#D3CEE7	#FDFDFD
745	#E9E5F3	#FEFEFE
746	#C3BBDE	#FDFDFD
747	#EBD4D0	#FEFEFE
748	#B7AFD8	#FBFBFB
749	#CCC5E3	#FDFDFD
750	#A096CB	#FBFBFB
751	#A79DCF	#FBFBFB
752	#A79DCF	#FBFBFB
753	#CDC7E4	#FCFCFC
754	#C1B9DD	#FBFBFB
755	#BEB6DC	#FAFAFA
756	#D4CEE7	#FDFDFD
757	#C4BDDF	#FCFCFC
758	#F9F8FC	#FFFFFF
759	#BFB7DC	#F9F9F9
760	#B7AFD8	#FDFDFD
761	#D4CEE7	#FDFDFD
762	#C7C0E1	#FCFCFC
763	#DCD7EC	#FEFEFE
764	#EFECF6	#FFFFFF
765	#B3AAD6	#F9F9F9
766	#D6D1E9	#FDFDFD
767	#C5BDDF	#FCFCFC
768	#F2F0F8	#FFFFFF
769	#E4E1F1	#FEFEFE
770	#D4CFE8	#FDFDFD
771	#AEA5D3	#FCFCFC
772	#DDD8EC	#FEFEFE
773	#CBC5E3	#FDFDFD
774	#BDB5DB	#FCFCFC
775	#EEECF6	#FEFEFE
776	#B8AFD8	#FDFDFD
777	#E4E0F0	#FEFEFE
778	#C4BDDF	#FCFCFC
779	#F9F8FC	#FFFFFF
780	#E6E3F2	#FEFEFE
781	#C3BBDE	#FDFDFD
782	#F9F8FC	#FFFFFF
783	#C4BDDF	#FCFCFC
784	#E8E5F3	#FEFEFE
785	#AEA5D3	#FCFCFC
786	#D4CFE8	#FEFEFE
787	#DCD7EC	#FEFEFE
788	#BAB2D9	#F9F9F9
789	#CCC5E3	#FDFDFD
790	#EEECF6	#FFFFFF
791	#DCD8EC	#FEFEFE
792	#C5BEE0	#FBFBFB
793	#EDEAF5	#FEFEFE
794	#F9F8FC	#FFFFFF
795	#9B91C8	#FAFAFA
796	#AEA5D3	#FCFCFC
797	#AEA5D3	#FCFCFC
798	#C3BBDE	#FDFDFD
799	#E9E5F3	#FEFEFE
800	#D9D3EA	#FDFDFD
801	#C1BADD	#FBFBFB
802	#FEFCFC	#FFFFFF
803	#FEFDFD	#FFFFFF
804	#E6E2F1	#FEFEFE
805	#C9C2E2	#FAFAFA
806	#C1BADD	#FBFBFB
807	#7B71B7	#F4F4F4
808	#D9AFAA	#FDFDFD
809	#BBB3DA	#FAFAFA
810	#F9F8FC	#FFFFFF
811	#DDD8ED	#FEFEFE
812	#D7D2E9	#FDFDFD
813	#B2A9D5	#FAFAFA
814	#A399CD	#F8F8F8
815	#B2A9D5	#F7F7F7
816	#A096CB	#FBFBFB
817	#ECD5D2	#FEFEFE
818	#CBC5E3	#FDFDFD
819	#F9F8FC	#FFFFFF
820	#CCC5E3	#FDFDFD
821	#AEA5D3	#FCFCFC
822	#AFA6D3	#FCFCFC
823	#A096CB	#FBFBFB
824	#DCD7EC	#FEFEFE
825	#EEECF6	#FFFFFF
826	#DDD8EC	#FEFEFE
827	#F6F5FA	#FFFFFF
828	#A79DCF	#FBFBFB
829	#DDD9ED	#FEFEFE
830	#AEA5D3	#FCFCFC
831	#E6E2F1	#FEFEFE
832	#E8CDCA	#FEFEFE
833	#AFA6D4	#F8F8F8
834	#C3BBDE	#FDFDFD
835	#C3BBDE	#FDFDFD
836	#F6F4FA	#FFFFFF
837	#FBFAFD	#FFFFFF
838	#FBFAFD	#FFFFFF
839	#F8EEED	#FFFFFF
840	#D4CEE7	#FDFDFD
841	#D4CEE7	#FDFDFD
842	#CCC5E3	#FDFDFD
843	#DDD8EC	#FEFEFE
844	#9B90C8	#FAFAFA
845	#B7AFD8	#FDFDFD
846	#F7EEEC	#FFFFFF
847	#C3BBDE	#FDFDFD
848	#E4E1F1	#FEFEFE
849	#AEA5D3	#FCFCFC
850	#BCB4DB	#FAFAFA
851	#F1DFDD	#FEFEFE
852	#AEA5D3	#FCFCFC
853	#DCD7EC	#FEFEFE
854	#D3CEE7	#FCFCFC
855	#CCC6E4	#FBFBFB
856	#F8EEED	#FFFFFF
857	#A79ECF	#FBFBFB
858	#C3BBDE	#FDFDFD
859	#B7AED8	#FBFBFB
860	#A197CC	#FBFBFB
861	#C2BADE	#FAFAFA
862	#B1A8D4	#FAFAFA
863	#9085C2	#F9F9F9
864	#ADA4D2	#F8F8F8
865	#B2A9D5	#FAFAFA
866	#8278BB	#F6F6F6
867	#E6E2F1	#FEFEFE
868	#FBF5F5	#FFFFFF
869	#E5E2F1	#FEFEFE
870	#FFFFFF	#FFFFFF
871	#A79DCF	#FBFBFB
872	#CBC5E3	#FDFDFD
873	#ECD6D3	#FEFEFE
874	#EFECF6	#FEFEFE
875	#F7EDEB	#FFFFFF
876	#F1DFDD	#FEFEFE
877	#9B90C8	#FAFAFA
878	#E6E3F1	#FEFEFE
879	#C4BDDF	#FCFCFC
880	#A096CB	#FBFBFB
881	#CEC8E4	#FDFDFD
882	#D3CEE7	#FDFDFD
883	#DEDAED	#FEFEFE
884	#C3BBDE	#FDFDFD
885	#A79DCF	#FBFBFB
886	#E6E2F1	#FEFEFE
887	#CBC4E3	#FDFDFD
888	#E2DEEF	#FDFDFD
889	#DEDAED	#FEFEFE
890	#D2CCE7	#FCFCFC
891	#A79DCF	#FBFBFB
892	#B7AED8	#FBFBFB
893	#D3CDE7	#FDFDFD
894	#D7D2E9	#FDFDFD
895	#E5E2F1	#FEFEFE
896	#B7AED8	#FBFBFB
897	#948AC5	#F9F9F9
898	#A197CC	#FBFBFB
899	#AFA5D3	#FCFCFC
900	#C4BCDF	#FCFCFC
901	#EFECF6	#FEFEFE
902	#8F85C2	#F8F8F8
903	#D4CEE8	#FDFDFD
904	#A79ECF	#FBFBFB
905	#9A90C8	#FAFAFA
906	#FBFAFD	#FFFFFF
907	#DCD7EC	#FEFEFE
908	#DCD7EC	#FEFEFE
909	#8B80C0	#F8F8F8
910	#CEC7E4	#FDFDFD
911	#E5E1F1	#FEFEFE
912	#FBF7F6	#FFFFFF
913	#F1E0DE	#FEFEFE
914	#CCC6E4	#FCFCFC
915	#B7AFD8	#FDFDFD
916	#CDC6E4	#FCFCFC
917	#8A80BF	#F8F8F8
918	#B7AFD8	#FAFAFA
919	#FBF6F6	#FFFFFF
920	#F6F5FA	#FFFFFF
921	#BDB5DB	#FCFCFC
922	#DED9ED	#FEFEFE
923	#DDD8EC	#FEFEFE
924	#CC9791	#FCFCFC
925	#FBF5F5	#FFFFFF
926	#D4CEE8	#FDFDFD
927	#CBC5E3	#FDFDFD
928	#F4E5E3	#FEFEFE
929	#DDD8EC	#FEFEFE
930	#D3CEE7	#FDFDFD
931	#E5E1F1	#FEFEFE
932	#F8EEED	#FFFFFF
933	#B7AFD8	#FBFBFB
934	#9A90C8	#FAFAFA
935	#E4E0F0	#FEFEFE
936	#D6D1E9	#FDFDFD
937	#FAFAFC	#FFFFFF
938	#AFA6D3	#FCFCFC
939	#9B91C8	#FAFAFA
940	#CBC5E3	#FDFDFD
941	#D7D2EA	#FDFDFD
942	#B2A9D5	#FAFAFA
943	#C3BBDE	#FDFDFD
944	#D4CEE7	#FDFDFD
945	#CBC4E3	#FCFCFC
946	#FBF6F6	#FFFFFF
947	#8A7FBF	#F8F8F8
948	#CBC4E3	#FDFDFD
949	#D3CDE7	#FDFDFD
950	#A79DCF	#FBFBFB
951	#DBD7EC	#FEFEFE
952	#FAFAFD	#FFFFFF
953	#DBD7EC	#FEFEFE
954	#8277BB	#F6F6F6
955	#BDB5DB	#FCFCFC
956	#C1BADE	#FBFBFB
957	#C4BCDF	#FCFCFC
958	#ABA2D2	#F9F9F9
959	#DDD9ED	#FEFEFE
960	#A197CC	#FBFBFB
961	#B7AFD8	#FDFDFD
962	#C7C0E0	#FCFCFC
963	#D3CEE7	#FDFDFD
964	#857BBD	#F7F7F7
965	#C9C2E2	#FBFBFB
966	#A79DCF	#F6F6F6
967	#B2A9D5	#FAFAFA
968	#FBF7F6	#FFFFFF
969	#C1B9DD	#FBFBFB
970	#B1A8D4	#FAFAFA
971	#D4CEE8	#FDFDFD
972	#AFA6D3	#FCFCFC
973	#DDD8EC	#FEFEFE
974	#A197CC	#FBFBFB
975	#EBD4D0	#FEFEFE
976	#C3BBDE	#FDFDFD
977	#FBFAFD	#FFFFFF
978	#E4E1F1	#FEFEFE
979	#A79ECF	#FBFBFB
980	#DCD7EC	#FEFEFE
981	#AEA5D3	#FCFCFC
982	#EFECF6	#FFFFFF
983	#D0CAE5	#FCFCFC
984	#FBFAFD	#FFFFFF
985	#D6D1E9	#FCFCFC
986	#D4CFE8	#FDFDFD
987	#B7AFD8	#FBFBFB
988	#9B90C8	#FAFAFA
989	#C4BCDF	#FCFCFC
990	#EFECF6	#FFFFFF
991	#C4BDDF	#FCFCFC
992	#958AC5	#F9F9F9
993	#ACA2D2	#F9F9F9
994	#DCD7EC	#FEFEFE
995	#9B91C8	#FAFAFA
996	#FBFBFD	#FFFFFF
997	#9C91C9	#F6F6F6
998	#CCC6E3	#FCFCFC
999	#C1BADE	#FBFBFB
1000	#D3CDE7	#FDFDFD
1001	#D7D2EA	#FDFDFD
1002	#D4CEE8	#FDFDFD
1003	#F6F5FA	#FFFFFF
1004	#EEECF6	#FFFFFF
1005	#A096CB	#FBFBFB
1006	#B7AFD8	#FAFAFA
1007	#E6E2F1	#FEFEFE
1008	#C3BBDE	#FDFDFD
1009	#B8AFD8	#FBFBFB
1010	#D8D2EA	#FDFDFD
1011	#C3BBDE	#FDFDFD
1012	#B7AED8	#FBFBFB
1013	#AFA6D3	#FCFCFC
1014	#FAF9FC	#FFFFFF
1015	#F6F5FA	#FFFFFF
1016	#C7C0E1	#FCFCFC
1017	#C1B9DD	#FAFAFA
1018	#D3CDE7	#FDFDFD
1019	#EFECF6	#FEFEFE
1020	#D7D1E9	#FDFDFD
1021	#DCD7EC	#FEFEFE
1022	#D4CEE8	#FDFDFD
1023	#D4CEE7	#FDFDFD
1024	#DDD9ED	#FEFEFE
1025	#DDD9ED	#FEFEFE
1026	#EEECF6	#FFFFFF
1027	#E8E5F3	#FEFEFE
1028	#BBB3DA	#FAFAFA
1029	#E8E5F3	#FEFEFE
1030	#AFA5D3	#FCFCFC
1031	#DDD8EC	#FDFDFD
1032	#DED9ED	#FEFEFE
1033	#C3BCDF	#FCFCFC
1034	#E8E4F2	#FEFEFE
1035	#DCD7EC	#FEFEFE
1036	#DDD8EC	#FEFEFE
1037	#CDC7E4	#FDFDFD
1038	#BDB5DB	#FCFCFC
1039	#DBD7EC	#FEFEFE
1040	#A89ECF	#FBFBFB
1041	#F4E5E4	#FEFEFE
1042	#CDC7E4	#FCFCFC
1043	#9085C2	#F9F9F9
1044	#C6BFE0	#FCFCFC
1045	#EFECF6	#FEFEFE
1046	#CBC4E3	#FDFDFD
1047	#DBD6EC	#FEFEFE
1048	#CEC7E4	#FCFCFC
1049	#AEA5D3	#FCFCFC
1050	#C3BBDE	#FDFDFD
1051	#C3BBDE	#FDFDFD
1052	#8278BB	#F6F6F6
1053	#FAFAFC	#FFFFFF
1054	#F9F8FC	#FFFFFF
1055	#DDD8EC	#FEFEFE
1056	#B7AFD8	#FBFBFB
1057	#C4BDDF	#FCFCFC
1058	#E4E0F0	#FEFEFE
1059	#E6E2F1	#FEFEFE
1060	#DCD7EC	#FEFEFE
1061	#CDC7E4	#FDFDFD
1062	#9B91C9	#FAFAFA
1063	#FAF9FC	#FFFFFF
1064	#ACA3D2	#FAFAFA
1065	#CCC5E3	#FDFDFD
1066	#D4CEE8	#FDFDFD
1067	#7B71B8	#F4F4F4
1068	#D4CEE7	#FDFDFD
1069	#C4BDDF	#FCFCFC
1070	#C1BADD	#FBFBFB
1071	#D2CDE7	#FCFCFC
1072	#9A90C8	#FAFAFA
1073	#D8D3EA	#FDFDFD
1074	#D4CFE8	#FEFEFE
1075	#FBF6F5	#FFFFFF
1076	#C1BADD	#FBFBFB
1077	#AFA5D3	#FCFCFC
1078	#A096CB	#FBFBFB
1079	#C3BBDE	#FDFDFD
1080	#EEECF6	#FFFFFF
1081	#BDB5DB	#FCFCFC
1082	#E6E2F1	#FEFEFE
1083	#A79DCF	#FBFBFB
1084	#F9F8FC	#FFFFFF
1085	#EAE7F4	#FEFEFE
1086	#C1B9DD	#FBFBFB
1087	#A79DCF	#FBFBFB
1088	#CDC7E4	#FCFCFC
1089	#C5BDDF	#FCFCFC
1090	#C6BFE0	#FCFCFC
1091	#EBD4D0	#FEFEFE
1092	#D4CFE8	#FDFDFD
1093	#8F84C2	#F8F8F8
1094	#D3CEE7	#FDFDFD
1095	#E5E1F1	#FEFEFE
1096	#FBFAFD	#FFFFFF
1097	#E6E3F2	#FEFEFE
1098	#A79DCF	#FBFBFB
1099	#C6BFE0	#FCFCFC
1100	#DCD8EC	#FEFEFE
1101	#EEECF6	#FFFFFF
1102	#E8E5F3	#FEFEFE
1103	#CCC5E3	#FDFDFD
1104	#F9F8FC	#FFFFFF
1105	#AEA5D3	#FCFCFC
1106	#F2F0F8	#FFFFFF
1107	#DEDAED	#FDFDFD
1108	#F6F5FA	#FFFFFF
1109	#DCD7EC	#FEFEFE
1110	#B3AAD6	#F9F9F9
1111	#AFA5D3	#FCFCFC
1112	#CDC7E4	#FCFCFC
1113	#E7E4F2	#FEFEFE
1114	#AEA5D3	#FCFCFC
1115	#C2BADE	#FAFAFA
1116	#8A7FBF	#F8F8F8
1117	#BDB5DB	#FCFCFC
1118	#DCD8EC	#FEFEFE
1119	#DED9ED	#FDFDFD
1120	#DFDAEE	#FEFEFE
1121	#D4CEE7	#FDFDFD
1122	#C4BCDF	#FCFCFC
1123	#D0CAE6	#FCFCFC
1124	#FBFAFD	#FFFFFF
1125	#F6F5FA	#FFFFFF
1126	#FBFAFD	#FFFFFF
1127	#DDD8ED	#FEFEFE
1128	#B3AAD5	#F9F9F9
1129	#DDD8EC	#FEFEFE
1130	#E5E1F1	#FEFEFE
1131	#EEECF6	#FFFFFF
1132	#DEDAED	#FDFDFD
1134	#D3CDE7	#FCFCFC
1135	#D7D2E9	#FDFDFD
1136	#D7D2EA	#FDFDFD
1137	#F6EBE9	#FEFEFE
1138	#A399CD	#F8F8F8
1139	#DDD8EC	#FEFEFE
1140	#E6E3F2	#FEFEFE
1141	#AEA5D3	#FCFCFC
1142	#E4E1F1	#FEFEFE
1143	#F1EFF8	#FEFEFE
1144	#DCD7EC	#FEFEFE
1145	#8277BB	#F6F6F6
1146	#F9F8FC	#FFFFFF
1147	#D8D3EA	#FDFDFD
1148	#A79ECF	#FBFBFB
1149	#FAFAFC	#FFFFFF
1150	#A197CC	#FBFBFB
1151	#E6E2F1	#FEFEFE
1152	#9085C2	#F9F9F9
1153	#B7AFD8	#FDFDFD
1154	#C3BBDE	#FDFDFD
1156	#D3CDE7	#FDFDFD
1157	#C3BBDE	#FDFDFD
1158	#C7C0E1	#FCFCFC
1159	#A197CC	#FBFBFB
1160	#958AC5	#F9F9F9
1161	#C4BDDF	#FCFCFC
1162	#DDD8EC	#FEFEFE
1163	#C4BDDF	#FCFCFC
1164	#D4CFE8	#FEFEFE
1165	#F6F4FA	#FFFFFF
1166	#C1BADD	#FAFAFA
1167	#E4E1F1	#FEFEFE
1168	#E4E1F1	#FEFEFE
1169	#DEDAED	#FDFDFD
1170	#DCD8EC	#FEFEFE
1171	#D4CEE8	#FDFDFD
1172	#B2A9D5	#FAFAFA
1173	#D3CDE7	#FDFDFD
1174	#C4BCDF	#FCFCFC
1175	#D4CEE7	#FDFDFD
1176	#E1DDEF	#FDFDFD
1177	#F6F5FA	#FFFFFF
1178	#B0A6D4	#F8F8F8
1179	#E9E6F3	#FEFEFE
1180	#D0CAE6	#FCFCFC
1181	#D4CEE7	#FCFCFC
1182	#FAF9FC	#FFFFFF
1183	#D8D2EA	#FDFDFD
1184	#ACA3D2	#FAFAFA
1185	#B7AFD8	#FDFDFD
1186	#B7AED8	#FBFBFB
1187	#F8EEED	#FFFFFF
1188	#D3CDE7	#FDFDFD
1189	#D7D2EA	#FDFDFD
1190	#E2DEEF	#FDFDFD
1191	#DDD8EC	#FEFEFE
1192	#B7AFD8	#FDFDFD
1193	#CDC6E4	#FCFCFC
1194	#A79DCF	#FBFBFB
1195	#F9F8FC	#FFFFFF
1196	#FBF6F6	#FFFFFF
1197	#EAE7F4	#FEFEFE
1198	#E8E5F3	#FEFEFE
1199	#C1B9DD	#FBFBFB
1200	#A79DCF	#FBFBFB
1201	#A197CC	#FBFBFB
1202	#C3BBDE	#FDFDFD
1203	#D4CEE7	#FDFDFD
1204	#A79DCF	#FBFBFB
1205	#9B91C8	#FAFAFA
1206	#EEECF6	#FFFFFF
1207	#AEA5D3	#FCFCFC
1208	#968BC6	#F9F9F9
1209	#F0EDF7	#FFFFFF
1210	#CBC4E3	#FDFDFD
1211	#D5CFE8	#FEFEFE
1212	#EEECF6	#FEFEFE
1213	#CBC5E3	#FDFDFD
1214	#B7AFD8	#FDFDFD
1215	#A197CC	#FBFBFB
1216	#CDC6E4	#FCFCFC
1217	#A89FD0	#F9F9F9
1218	#EFEDF6	#FEFEFE
1219	#C6BEE0	#FBFBFB
1220	#E8E5F3	#FEFEFE
1221	#948AC5	#F9F9F9
1222	#C3BBDE	#FDFDFD
1223	#EFECF6	#FEFEFE
1224	#EFEDF6	#FEFEFE
1225	#C1B9DD	#FBFBFB
1226	#D5CFE8	#FDFDFD
1227	#D4CEE7	#FDFDFD
1228	#C4BCDF	#FCFCFC
1229	#CBC5E3	#FDFDFD
1230	#E4E1F1	#FEFEFE
1231	#FBFBFD	#FFFFFF
1232	#9085C2	#F9F9F9
1233	#C0B9DD	#FBFBFB
1234	#E5E2F1	#FEFEFE
1235	#DCD7EC	#FEFEFE
1236	#EFECF6	#FEFEFE
1237	#B7AFD8	#F8F8F8
1238	#D5CFE8	#FEFEFE
1239	#D2CCE7	#FCFCFC
1240	#EDEAF5	#FEFEFE
1241	#A197CC	#FBFBFB
1242	#D4CFE8	#FDFDFD
1243	#D4CEE8	#FDFDFD
1244	#D4CFE8	#FDFDFD
1245	#CCC5E3	#FDFDFD
1246	#EEECF6	#FFFFFF
1247	#BEB6DB	#FCFCFC
1248	#EDEAF5	#FEFEFE
1249	#D3CEE7	#FDFDFD
1250	#CDC7E4	#FCFCFC
1251	#CBC4E3	#FCFCFC
1252	#CEC8E4	#FDFDFD
1253	#DCD8EC	#FEFEFE
1254	#DCD7EC	#FEFEFE
1255	#AFA6D3	#FCFCFC
1256	#EEEBF6	#FFFFFF
1257	#D4CFE8	#FEFEFE
1258	#D1CAE6	#FCFCFC
1259	#D4CEE7	#FDFDFD
1260	#D3CDE7	#FCFCFC
1261	#D4CEE7	#FDFDFD
1262	#D4CEE7	#FDFDFD
1263	#A79DCF	#FBFBFB
1264	#C3BBDE	#FDFDFD
1265	#FAF9FC	#FFFFFF
1266	#E4E1F0	#FEFEFE
1267	#9C92C9	#F6F6F6
1268	#7A70B7	#F4F4F4
1269	#E9E6F3	#FEFEFE
1270	#C1B9DD	#FBFBFB
1271	#9085C2	#F9F9F9
1272	#CCC5E3	#FDFDFD
1273	#FBF6F6	#FFFFFF
1274	#A096CB	#FBFBFB
1275	#E6E2F1	#FEFEFE
1276	#CBC5E3	#FDFDFD
1277	#DDD9ED	#FEFEFE
1278	#EEEBF6	#FFFFFF
1279	#C1B9DD	#FBFBFB
1280	#C6BFE0	#FCFCFC
1281	#C3BBDE	#FDFDFD
1282	#D4CFE8	#FDFDFD
1283	#CEC7E4	#FDFDFD
1284	#EEECF6	#FFFFFF
1285	#CBC5E3	#FDFDFD
1286	#DCD8EC	#FDFDFD
1287	#C4BCDF	#FCFCFC
1288	#EEEBF6	#FFFFFF
1289	#E4E0F0	#FEFEFE
1290	#B3ABD6	#F9F9F9
1291	#E4E0F0	#FEFEFE
1292	#FBFAFD	#FFFFFF
1293	#A79DCF	#FBFBFB
1294	#F9F8FC	#FFFFFF
1295	#EFECF6	#FEFEFE
1296	#D4CFE8	#FEFEFE
1297	#C4BCDF	#FCFCFC
1298	#CBC5E3	#FDFDFD
1299	#C4BDDF	#FCFCFC
1300	#D4CEE7	#FDFDFD
1301	#EEECF6	#FFFFFF
1302	#BEB6DB	#FCFCFC
1303	#AFA6D3	#FCFCFC
1304	#E4E1F1	#FEFEFE
1305	#EEECF6	#FFFFFF
1306	#EDEAF5	#FEFEFE
1307	#AFA5D3	#FCFCFC
1308	#A096CB	#FBFBFB
1309	#C4BDDF	#FCFCFC
1310	#CDC7E4	#FCFCFC
1311	#BEB6DB	#FAFAFA
1312	#9B91C8	#FAFAFA
1313	#D4CEE7	#FDFDFD
1314	#BDB5DB	#FCFCFC
1315	#E8E5F3	#FEFEFE
1316	#EFECF6	#FEFEFE
1317	#A399CD	#F8F8F8
1318	#E5E2F1	#FEFEFE
1319	#B3AAD6	#F9F9F9
1320	#D4CEE8	#FDFDFD
1321	#CDC7E4	#FCFCFC
1322	#C4BDDF	#FCFCFC
1323	#AFA6D3	#FCFCFC
1324	#BDB5DB	#FCFCFC
1325	#EAE7F4	#FEFEFE
1326	#F9F9FC	#FFFFFF
1327	#AFA5D3	#FCFCFC
1328	#DED9ED	#FEFEFE
1329	#AFA5D3	#FCFCFC
1330	#E5E1F1	#FEFEFE
1331	#EFECF6	#FFFFFF
1332	#CBC4E3	#FCFCFC
1333	#877CBE	#F7F7F7
1334	#FAFAFD	#FFFFFF
1335	#ADA4D2	#FAFAFA
1336	#D4CEE8	#FDFDFD
1337	#D7D2E9	#FDFDFD
1338	#CCC5E3	#FDFDFD
1339	#C9C2E2	#FBFBFB
1340	#E4E0F0	#FEFEFE
1341	#D0CAE6	#FCFCFC
1342	#F9F8FC	#FFFFFF
1343	#D4CFE8	#FDFDFD
1344	#FBF6F5	#FFFFFF
1345	#FBF6F5	#FFFFFF
1346	#DDD8EC	#FEFEFE
1347	#AFA5D3	#FCFCFC
1348	#BDB5DB	#FCFCFC
1349	#867BBD	#F7F7F7
1350	#D4CEE7	#FDFDFD
1351	#958AC5	#F9F9F9
1352	#EEECF6	#FFFFFF
1353	#D4CEE7	#FDFDFD
1354	#B7AFD8	#FDFDFD
1355	#AFA6D3	#FCFCFC
1356	#F6F5FA	#FFFFFF
1357	#FBF7F6	#FFFFFF
1358	#FBF5F5	#FFFFFF
1359	#A79ECF	#FBFBFB
1360	#C4BDDF	#FCFCFC
1361	#EAE7F3	#FEFEFE
1362	#FBF6F5	#FFFFFF
1363	#C6BFE0	#FBFBFB
1364	#FBF7F6	#FFFFFF
1365	#FAF9FC	#FFFFFF
1366	#EAE7F4	#FEFEFE
1367	#D4CFE8	#FDFDFD
1368	#E3E0F0	#FEFEFE
1369	#C6BFE0	#FBFBFB
1370	#A096CB	#FBFBFB
1371	#9A90C8	#FAFAFA
1372	#C1B9DD	#FBFBFB
1373	#B1A8D5	#FAFAFA
1374	#8B80C0	#F8F8F8
1375	#DDD9ED	#FEFEFE
1376	#C2BADE	#FAFAFA
1377	#BEB6DB	#FCFCFC
1378	#CDC7E4	#FCFCFC
1379	#9A90C8	#FAFAFA
1380	#D3CEE7	#FDFDFD
1381	#C4BDDF	#FCFCFC
1382	#A69CCE	#F2F2F2
1383	#7B70B7	#F4F4F4
1384	#DDD9ED	#FDFDFD
1385	#DDD9ED	#FEFEFE
1386	#C6BFE0	#FCFCFC
1387	#F9F8FC	#FFFFFF
1388	#DBD7EC	#FEFEFE
1389	#C9C2E2	#FBFBFB
1390	#D4CFE8	#FDFDFD
1391	#EEECF6	#FFFFFF
1392	#DDD8EC	#FEFEFE
1393	#E5E1F1	#FEFEFE
1394	#BCB4DB	#FAFAFA
1395	#F9F8FC	#FFFFFF
1396	#B7AED8	#FBFBFB
1397	#FDFBFA	#FFFFFF
1398	#EFEDF6	#FEFEFE
1399	#D3CDE7	#FDFDFD
1400	#FAF9FC	#FFFFFF
1401	#9A90C8	#FAFAFA
1402	#B1A8D4	#FAFAFA
1403	#E8E5F3	#FEFEFE
1404	#BDB5DB	#FCFCFC
1405	#AFA5D3	#FCFCFC
1407	#9A90C8	#FAFAFA
1408	#E4E0F0	#FEFEFE
1409	#DDD9ED	#FDFDFD
1410	#DCD7EC	#FEFEFE
1411	#D4CEE7	#FDFDFD
1412	#AFA6D3	#FCFCFC
1413	#B3AAD6	#F9F9F9
1414	#A79DCF	#F9F9F9
1415	#BEB6DB	#FCFCFC
1416	#E6E3F1	#FEFEFE
1417	#EDEBF5	#FEFEFE
1418	#9A90C8	#FAFAFA
1419	#8278BB	#F6F6F6
1420	#E6E3F2	#FEFEFE
1421	#EDEBF5	#FEFEFE
1422	#E5E1F1	#FEFEFE
1423	#CCC5E3	#FDFDFD
1424	#9F95CB	#F7F7F7
1425	#D7D2E9	#FDFDFD
1426	#C4BDDF	#FCFCFC
1427	#FAF9FC	#FFFFFF
1428	#E9E6F3	#FEFEFE
1429	#BEB7DC	#FCFCFC
1430	#D4CFE8	#FDFDFD
1431	#DCD7EC	#FEFEFE
1432	#AFA6D4	#F8F8F8
1433	#ADA4D2	#FAFAFA
1434	#E5E1F1	#FEFEFE
1435	#B7AFD8	#FAFAFA
1436	#ABA2D1	#F9F9F9
1437	#CDC7E4	#FCFCFC
1438	#C5BEE0	#FBFBFB
1439	#D4CEE8	#FEFEFE
1440	#D7D2E9	#FDFDFD
1441	#CBC5E3	#FDFDFD
1442	#FAF9FC	#FFFFFF
1443	#D7D1E9	#FDFDFD
1444	#E8E5F3	#FEFEFE
1445	#F6EBEA	#FFFFFF
1446	#B7AFD8	#FDFDFD
1447	#DBD7EC	#FEFEFE
1448	#DDD8ED	#FDFDFD
1449	#A79ECF	#FBFBFB
1450	#EEECF6	#FFFFFF
1451	#F2F0F8	#FFFFFF
1452	#DED9ED	#FDFDFD
1453	#A79DCF	#FBFBFB
1454	#BDB5DB	#FCFCFC
1455	#E4E0F0	#FEFEFE
1456	#E4E0F0	#FEFEFE
1457	#DCD8EC	#FEFEFE
1458	#7E73B9	#F5F5F5
1459	#B7AFD8	#FDFDFD
1460	#EEECF6	#FEFEFE
1461	#DBD6EB	#FEFEFE
1462	#E8E5F3	#FEFEFE
1463	#DDD8ED	#FEFEFE
1464	#ACA2D2	#F9F9F9
1465	#D0CAE6	#FCFCFC
1466	#D4CEE7	#FDFDFD
1467	#D4CEE7	#FDFDFD
1468	#C6BFE0	#FCFCFC
1469	#A79DCF	#F9F9F9
1470	#A79DCF	#FBFBFB
1471	#8F84C2	#F8F8F8
1472	#DCD7EC	#FEFEFE
1473	#AFA6D3	#FCFCFC
1474	#BDB5DB	#FCFCFC
1475	#D4CFE8	#FDFDFD
1476	#B7AFD8	#FAFAFA
1477	#AFA6D3	#FCFCFC
1478	#BCB3DA	#FAFAFA
1479	#A197CC	#FBFBFB
1480	#CCC5E3	#FDFDFD
1481	#C9C2E2	#FBFBFB
1482	#DCD7EC	#FEFEFE
1483	#BEB7DC	#FCFCFC
1484	#B7AED8	#FBFBFB
1485	#A79ECF	#F9F9F9
1486	#F6F5FA	#FFFFFF
1487	#FAF9FC	#FFFFFF
1488	#B7AED8	#FBFBFB
1489	#DDD8EC	#FEFEFE
1490	#B1A8D5	#FAFAFA
1491	#C0B9DD	#FBFBFB
1492	#FFFEFE	#FFFFFF
1493	#FBFAFD	#FFFFFF
1494	#FEFDFD	#FFFFFF
1495	#D3CEE7	#FDFDFD
1496	#D4CEE8	#FEFEFE
1497	#FAFAFD	#FFFFFF
1498	#C4BDDF	#FCFCFC
1499	#B7AFD8	#FDFDFD
1500	#CBC5E3	#FDFDFD
1501	#D4CEE7	#FDFDFD
1502	#A096CB	#FBFBFB
1503	#CCC5E3	#FDFDFD
1504	#DCD7EC	#FEFEFE
1505	#E1BEB9	#FEFEFE
1506	#D8D3EA	#FDFDFD
1507	#A79DCF	#FBFBFB
1508	#AFA6D3	#FCFCFC
1509	#A197CC	#FBFBFB
1510	#A197CC	#FBFBFB
1511	#CBC5E3	#FDFDFD
1512	#FAF9FC	#FFFFFF
1513	#A79DCF	#FBFBFB
1514	#D3CEE7	#FDFDFD
1515	#FAF9FC	#FFFFFF
1516	#E5E1F1	#FEFEFE
1517	#DDD8EC	#FEFEFE
1518	#BDB5DB	#FBFBFB
1519	#D1CBE6	#FCFCFC
1520	#DCD8EC	#FEFEFE
1521	#CDC7E4	#FCFCFC
1522	#9086C3	#F9F9F9
1523	#EFECF6	#FEFEFE
1524	#CDC7E4	#FCFCFC
1525	#D7D1E9	#FDFDFD
1526	#EBE8F4	#FEFEFE
1527	#D1CBE6	#FCFCFC
1528	#D6D1E9	#FDFDFD
1529	#EEEBF6	#FFFFFF
1530	#D4CEE7	#FDFDFD
1531	#C1B9DD	#FBFBFB
1532	#DEDAED	#FDFDFD
1533	#E5E2F1	#FEFEFE
1534	#DEDAED	#FDFDFD
1535	#8B80C0	#F0F0F0
1536	#8A7FBF	#F8F8F8
1537	#DCD7EC	#FEFEFE
1538	#DDD8EC	#FDFDFD
1539	#A79DCF	#F9F9F9
1540	#DDD8ED	#FEFEFE
1541	#E5E1F1	#FEFEFE
1542	#FBF6F6	#FFFFFF
1543	#FAF9FC	#FFFFFF
1544	#DCD7EC	#FEFEFE
1545	#DDD9ED	#FEFEFE
1546	#C3BBDE	#FDFDFD
1547	#CCC6E3	#FCFCFC
1548	#F1DFDD	#FEFEFE
1549	#F6F4FA	#FFFFFF
1550	#AFA6D3	#FCFCFC
1551	#DCD7EC	#FEFEFE
1552	#F9F8FC	#FFFFFF
1553	#E4E1F1	#FEFEFE
1554	#C7C0E1	#FCFCFC
1555	#A79DCF	#FBFBFB
1556	#DDD8EC	#FEFEFE
1557	#D7D2E9	#FDFDFD
1558	#D0CAE5	#FCFCFC
1559	#BDB5DB	#FCFCFC
1560	#C4BCDF	#FCFCFC
1561	#DED9ED	#FEFEFE
1562	#F7ECEB	#FFFFFF
1563	#C3BBDE	#FDFDFD
1564	#C3BBDE	#FDFDFD
1565	#ECEAF5	#FEFEFE
1566	#F7EEEC	#FFFFFF
1567	#C6BFE0	#FCFCFC
1568	#CCC5E3	#FDFDFD
1569	#B3AAD6	#F9F9F9
1570	#CEC7E4	#FDFDFD
1571	#E6E2F1	#FEFEFE
1572	#D2CCE6	#FCFCFC
1573	#DBD6EB	#FEFEFE
1574	#E2DFF0	#FDFDFD
1575	#AFA5D3	#FCFCFC
1576	#ADA3D2	#FAFAFA
1577	#D7D2E9	#FDFDFD
1578	#8A80C0	#F8F8F8
1579	#FAF9FC	#FFFFFF
1580	#E5E1F1	#FEFEFE
1581	#B1A8D5	#FAFAFA
1582	#D0CAE5	#FCFCFC
1583	#B7AED8	#FAFAFA
1584	#BCB4DB	#FBFBFB
1585	#B7AFD8	#F8F8F8
1586	#EFEDF6	#FEFEFE
1587	#9388C4	#ECECEC
1588	#C9C2E2	#FBFBFB
1589	#B7AFD8	#FAFAFA
1590	#E8E5F3	#FEFEFE
1591	#CCC5E3	#FDFDFD
1592	#ECEAF5	#FEFEFE
1593	#C7BFE0	#FCFCFC
1594	#BDB5DB	#FCFCFC
1595	#EEECF6	#FFFFFF
1596	#D1CAE6	#FCFCFC
1597	#D3CDE7	#FDFDFD
1598	#D4CEE8	#FDFDFD
1599	#D9B0AB	#FDFDFD
1600	#D6D1E9	#FDFDFD
1601	#D7D2E9	#FDFDFD
1602	#E8E5F3	#FEFEFE
1603	#DDD9ED	#FEFEFE
1604	#C6BFE0	#FCFCFC
1605	#E4E1F1	#FEFEFE
1606	#CDC7E4	#FDFDFD
1607	#B7AFD8	#FDFDFD
1608	#CAC3E2	#FCFCFC
1609	#D3CEE7	#FDFDFD
1610	#D4CEE7	#FDFDFD
1611	#C6BFE0	#FBFBFB
1612	#FBFBFD	#FFFFFF
1613	#C4BDDF	#FCFCFC
1614	#EEECF6	#FFFFFF
1615	#B0A7D4	#FAFAFA
1616	#A197CC	#FBFBFB
1617	#C3BBDE	#FDFDFD
1618	#E9E5F3	#FEFEFE
1619	#CCC5E3	#FDFDFD
1620	#BBB3DA	#FAFAFA
1621	#F9F9FC	#FFFFFF
1622	#DEDAED	#FEFEFE
1623	#E5E1F1	#FEFEFE
1624	#A79DCF	#F9F9F9
1625	#FBFAFD	#FFFFFF
1626	#B7AFD8	#FBFBFB
1627	#BDB5DB	#FCFCFC
1628	#D5CFE8	#FCFCFC
1629	#CCC5E3	#FDFDFD
1630	#FBF6F5	#FFFFFF
1631	#B7AFD8	#FDFDFD
1632	#BDB5DB	#FCFCFC
1633	#C4BDDF	#FCFCFC
1634	#958BC5	#F9F9F9
1635	#B0A7D4	#F4F4F4
1636	#B4ABD6	#F7F7F7
1637	#9B91C9	#F1F1F1
1638	#B4ABD6	#F1F1F1
1639	#BEB6DB	#FCFCFC
1640	#F6F4FA	#FFFFFF
1641	#A79ECF	#FBFBFB
1642	#F8EEED	#FFFFFF
1643	#EFEDF6	#FEFEFE
1644	#E5E1F1	#FEFEFE
1645	#F9F9FC	#FFFFFF
1646	#D3CDE7	#FDFDFD
1647	#EED9D7	#FEFEFE
1648	#F8EFED	#FFFFFF
1649	#A096CB	#FBFBFB
1650	#FBF7F6	#FFFFFF
1651	#DDD8EC	#FEFEFE
1652	#A79DCF	#FBFBFB
1653	#F6F5FA	#FFFFFF
1654	#DEDAED	#FEFEFE
1655	#D3CEE7	#FDFDFD
1656	#CDC7E4	#FDFDFD
1657	#D3CDE7	#FDFDFD
1658	#E8E5F3	#FEFEFE
1659	#8278BB	#F6F6F6
1661	#D5CFE8	#FEFEFE
1662	#B1A8D4	#FAFAFA
1663	#DCD7EC	#FEFEFE
1664	#AEA5D3	#FCFCFC
1665	#D4CFE8	#FEFEFE
1666	#C4BCDF	#FCFCFC
1667	#A79DCF	#FBFBFB
1668	#A096CB	#FBFBFB
1669	#D4CEE7	#FDFDFD
1670	#B7AED8	#FBFBFB
1671	#C4BCDF	#FCFCFC
1672	#9F95CB	#F7F7F7
1673	#B7AFD8	#FBFBFB
1674	#A79DCF	#FBFBFB
1675	#D4CEE7	#FDFDFD
1676	#8B80C0	#F8F8F8
1677	#B7AFD8	#FDFDFD
1678	#CCC5E3	#FDFDFD
1679	#9085C2	#F9F9F9
1680	#DBD7EC	#FEFEFE
1681	#A096CB	#FBFBFB
1682	#ADA3D2	#FAFAFA
1683	#F7EDEB	#FFFFFF
1684	#E6E2F1	#FEFEFE
1685	#D8D3EA	#FDFDFD
1686	#E5E1F1	#FEFEFE
1687	#C9C2E2	#FBFBFB
1688	#BFB7DC	#F9F9F9
1689	#A298CC	#F4F4F4
1690	#E1DDEF	#FDFDFD
1691	#DDD8EC	#FEFEFE
1692	#DDD8EC	#FEFEFE
1693	#EEEBF6	#FEFEFE
1694	#E5E2F1	#FEFEFE
1695	#F2F0F8	#FFFFFF
1696	#CAC4E2	#FCFCFC
1697	#FBFAFD	#FFFFFF
1698	#D3CEE7	#FDFDFD
1700	#F8EEED	#FFFFFF
1701	#FBFAFD	#FFFFFF
1702	#FAFAFD	#FFFFFF
1703	#E9E5F3	#FEFEFE
1704	#C3BBDE	#FDFDFD
1705	#C6BFE0	#FCFCFC
1706	#DCD8EC	#FEFEFE
1707	#CBC5E3	#FDFDFD
1708	#DEDAED	#FEFEFE
1709	#B7AED8	#FAFAFA
1710	#CCC6E3	#FCFCFC
1711	#A79ECF	#FBFBFB
1712	#DDD8EC	#FEFEFE
1713	#CBC5E3	#FDFDFD
1714	#F5F4FA	#FFFFFF
1715	#FBF6F5	#FFFFFF
1716	#B1A8D5	#FAFAFA
1717	#F8EEED	#FFFFFF
1718	#D4CEE7	#FDFDFD
1719	#F1DFDD	#FEFEFE
1720	#C1B9DD	#FBFBFB
1721	#C3BBDE	#FDFDFD
1722	#ADA4D2	#FAFAFA
1723	#BDB5DB	#FCFCFC
1724	#F6F5FA	#FFFFFF
1725	#C3BBDE	#FDFDFD
1726	#B7AFD8	#FBFBFB
1727	#B8AFD8	#FAFAFA
1728	#A79ECF	#FBFBFB
1729	#D5CFE8	#FEFEFE
1730	#A79DCF	#FBFBFB
1731	#F1E0DD	#FEFEFE
1732	#AEA5D3	#FCFCFC
1733	#EFEDF6	#FEFEFE
1734	#C3BBDE	#FDFDFD
1735	#867BBD	#F7F7F7
1736	#C6BFE0	#FBFBFB
1737	#B4ACD6	#F8F8F8
1738	#BAB1D9	#F7F7F7
1739	#C9C2E2	#F9F9F9
1740	#C4BCDF	#FCFCFC
1741	#FBF6F5	#FFFFFF
1742	#CBC5E3	#FDFDFD
1744	#ECD5D2	#FEFEFE
1745	#D6D1E9	#FDFDFD
1746	#E6E2F1	#FEFEFE
1747	#D4CFE8	#FDFDFD
1748	#EFECF6	#FEFEFE
1749	#F8EEED	#FFFFFF
1750	#DCD8EC	#FEFEFE
1751	#C3BCDF	#FCFCFC
1752	#FBFBFD	#FFFFFF
1753	#C1BADD	#FBFBFB
1754	#C4BDDF	#FCFCFC
1755	#CBC4E3	#FDFDFD
1756	#BDB5DB	#FCFCFC
1757	#AFA6D3	#FCFCFC
1758	#CDC6E4	#FCFCFC
1759	#EFECF6	#FEFEFE
1760	#D3CDE7	#FDFDFD
1761	#DDD9ED	#FDFDFD
1762	#F6F5FA	#FFFFFF
1763	#FBFAFD	#FFFFFF
1764	#DCD8EC	#FEFEFE
1765	#F8EEED	#FFFFFF
1766	#E5E2F1	#FEFEFE
1767	#F8EEED	#FFFFFF
1768	#DDD8EC	#FEFEFE
1769	#CBC5E3	#FDFDFD
1770	#D6D1E9	#FDFDFD
1771	#D4CEE7	#FDFDFD
1772	#EAE7F4	#FEFEFE
1773	#9A90C8	#FAFAFA
1774	#DDD9ED	#FEFEFE
1775	#968CC6	#F5F5F5
1776	#D4CEE7	#FDFDFD
1777	#B1A8D5	#FAFAFA
1778	#CBC5E3	#FDFDFD
1779	#D5CFE8	#FEFEFE
1780	#DED9ED	#FEFEFE
1781	#D4CEE7	#FDFDFD
1782	#958BC6	#F9F9F9
1783	#BDB5DB	#FCFCFC
1784	#D2CCE6	#FCFCFC
1785	#BDB5DB	#FCFCFC
1786	#8278BB	#F6F6F6
1787	#DED9ED	#FEFEFE
1788	#BDB5DB	#FAFAFA
1789	#CDC7E4	#FCFCFC
1790	#C4BCDF	#FCFCFC
1791	#E5E2F1	#FEFEFE
1792	#CCC5E3	#FDFDFD
1793	#D9B0AB	#FDFDFD
1794	#D3CDE7	#FDFDFD
1795	#EDEAF5	#FEFEFE
1796	#E2DEEF	#FDFDFD
1797	#FEFDFC	#FFFFFF
1798	#EEECF6	#FFFFFF
1799	#F1E0DE	#FEFEFE
1800	#ECD5D2	#FEFEFE
1801	#EBD3D0	#FEFEFE
1802	#FAF9FC	#FFFFFF
1803	#D4CEE8	#FDFDFD
1804	#DDD8EC	#FEFEFE
1805	#FEFDFD	#FFFFFF
1806	#BEB6DC	#FCFCFC
1807	#B7AED8	#FAFAFA
1808	#EEECF6	#FEFEFE
1809	#B7AFD8	#FDFDFD
1810	#B2A9D5	#FAFAFA
1811	#DED9ED	#FEFEFE
1812	#CBC4E3	#FDFDFD
1813	#D3CDE7	#FDFDFD
1814	#AEA5D3	#FCFCFC
1815	#EEECF6	#FFFFFF
1816	#DDD8ED	#FEFEFE
1817	#B7AFD8	#FBFBFB
1818	#FBFAFD	#FFFFFF
1819	#DDD8EC	#FEFEFE
1820	#C5BEE0	#FBFBFB
1821	#D7D2E9	#FDFDFD
1822	#FAF9FC	#FFFFFF
1823	#DCD7EC	#FEFEFE
1824	#DED9ED	#FDFDFD
1825	#9B91C8	#FAFAFA
1826	#E4E0F0	#FEFEFE
1827	#DCD8EC	#FEFEFE
1828	#D4CFE8	#FEFEFE
1829	#E6E3F2	#FEFEFE
1830	#CBC5E3	#FDFDFD
1831	#D4CEE8	#FDFDFD
1832	#AEA5D3	#FCFCFC
1833	#BDB5DB	#FCFCFC
1834	#B7AFD8	#FDFDFD
1835	#EFECF6	#FFFFFF
1836	#CBC5E3	#FDFDFD
1837	#B0A7D4	#F8F8F8
1838	#9085C3	#F9F9F9
1839	#D1CBE6	#FCFCFC
1840	#ECEAF5	#FEFEFE
1841	#ACA3D2	#FAFAFA
1842	#F2F0F8	#FFFFFF
1843	#C3BBDE	#FDFDFD
1844	#C7C0E0	#FCFCFC
1845	#D0CAE5	#FCFCFC
1846	#D3CDE7	#FCFCFC
1847	#D0CAE5	#FCFCFC
1848	#F6F5FA	#FFFFFF
1849	#FBFAFD	#FFFFFF
1850	#F8EEED	#FFFFFF
1851	#FCFBFD	#FFFFFF
1852	#F6F5FA	#FFFFFF
1853	#F8EFED	#FFFFFF
1854	#C3BBDE	#FDFDFD
1855	#E5E1F1	#FEFEFE
1856	#DEDAED	#FEFEFE
1857	#EFDCDA	#FEFEFE
1858	#DED9ED	#FEFEFE
1859	#BDB5DB	#FCFCFC
1860	#C4BCDF	#FCFCFC
1861	#E8E5F3	#FEFEFE
1862	#CDC6E4	#FCFCFC
1863	#CBC5E3	#FDFDFD
1864	#AFA5D3	#FCFCFC
1865	#DCD7EC	#FEFEFE
1866	#DDD8EC	#FEFEFE
1867	#B7AFD8	#FDFDFD
1868	#EDEBF5	#FEFEFE
1869	#DDD8EC	#FEFEFE
1870	#DCD7EC	#FEFEFE
1871	#D6D1E9	#FDFDFD
1872	#D3CEE7	#FDFDFD
1873	#FAFAFC	#FFFFFF
1874	#AFA6D3	#FCFCFC
1875	#CF9D97	#FCFCFC
1876	#ACA3D2	#FAFAFA
1877	#FAF9FC	#FFFFFF
1878	#B7AED8	#FBFBFB
1879	#E8E5F3	#FEFEFE
1880	#E6E2F1	#FEFEFE
1881	#A79DCF	#FBFBFB
1882	#D9B0AA	#FDFDFD
1883	#D4CFE8	#FDFDFD
1884	#C6BFE0	#FCFCFC
1885	#C4BDDF	#FCFCFC
1886	#D8D2EA	#FDFDFD
1887	#BDB5DB	#FCFCFC
1888	#948AC5	#F9F9F9
1889	#E6E3F2	#FEFEFE
1890	#B3AAD6	#F9F9F9
1891	#F6F5FA	#FFFFFF
1892	#DED9ED	#FEFEFE
1893	#FEFEFE	#FFFFFF
1894	#EFEDF6	#FEFEFE
1895	#D4CEE8	#FDFDFD
1896	#C5BEDF	#FCFCFC
1897	#FAF9FC	#FFFFFF
1898	#E4E0F0	#FEFEFE
1899	#E4E0F0	#FEFEFE
1902	#F9F8FC	#FFFFFF
1903	#E8E5F3	#FEFEFE
1904	#D3CDE7	#FDFDFD
1905	#DDD8EC	#FEFEFE
1906	#B7AFD8	#FDFDFD
1907	#E8E5F3	#FEFEFE
1908	#D4CFE8	#FEFEFE
1909	#CBC5E3	#FDFDFD
1910	#E9E6F3	#FEFEFE
1911	#A79DCF	#FBFBFB
1912	#9A90C8	#FAFAFA
1913	#E6E2F1	#FEFEFE
1914	#EDEBF5	#FEFEFE
1915	#9B91C9	#FAFAFA
1916	#CDC7E4	#FCFCFC
1917	#CBC4E2	#FCFCFC
1918	#D4CEE8	#FDFDFD
1919	#EDEAF5	#FEFEFE
1920	#E8E5F3	#FEFEFE
1921	#E6E2F1	#FEFEFE
1922	#AEA5D3	#FCFCFC
1923	#B7AFD8	#FDFDFD
1924	#B1A8D5	#FAFAFA
1925	#EFECF6	#FFFFFF
1926	#FEFCFC	#FFFFFF
1927	#FBFAFD	#FFFFFF
1928	#8F84C2	#F8F8F8
1929	#F8EEED	#FFFFFF
1930	#CBC4E3	#FDFDFD
1931	#BCB4DA	#FAFAFA
1932	#B7AFD8	#FDFDFD
1933	#E5E1F1	#FEFEFE
1934	#A096CB	#FBFBFB
1935	#CBC5E3	#FCFCFC
1936	#9B91C8	#FAFAFA
1937	#E5E1F1	#FEFEFE
1938	#D1CBE6	#FCFCFC
1939	#CFC9E5	#FCFCFC
1940	#B3ABD6	#F9F9F9
1941	#C7C0E1	#FCFCFC
1942	#CBC4E3	#FDFDFD
1943	#DED9ED	#FEFEFE
1944	#958AC5	#F9F9F9
1945	#D4CFE8	#FDFDFD
1946	#EFDCDA	#FEFEFE
1947	#FEFDFD	#FFFFFF
1948	#BDB5DB	#FAFAFA
1949	#EEECF6	#FEFEFE
1950	#E5E1F1	#FEFEFE
1951	#F8EFED	#FFFFFF
1952	#E1BEBA	#FEFEFE
1953	#DCD7EC	#FEFEFE
1954	#FAFAFD	#FFFFFF
1955	#FBF6F5	#FFFFFF
1956	#CCC5E3	#FDFDFD
1957	#9B91C8	#FAFAFA
1958	#D9B0AB	#FDFDFD
1959	#F8EEED	#FFFFFF
1960	#EAE7F3	#FEFEFE
1961	#BDB5DB	#FCFCFC
1962	#AFA6D3	#FCFCFC
1963	#FEFDFD	#FFFFFF
1964	#D4CEE7	#FDFDFD
1965	#DCD7EC	#FEFEFE
1966	#F7EDEB	#FFFFFF
1967	#E8E5F3	#FEFEFE
1968	#D4CEE7	#FDFDFD
1969	#C3BBDE	#FDFDFD
1970	#FBF7F6	#FFFFFF
1971	#FBF6F6	#FFFFFF
1972	#9A90C8	#FAFAFA
1973	#DCD7EC	#FEFEFE
1974	#F2E1DF	#FEFEFE
1975	#FBFAFD	#FFFFFF
1976	#B1A8D5	#FAFAFA
1977	#D4CEE8	#FDFDFD
1978	#D4CEE7	#FDFDFD
1979	#DDD8EC	#FEFEFE
1980	#DCD7EC	#FEFEFE
1981	#DEDAED	#FEFEFE
1982	#A197CC	#FBFBFB
1983	#D3CDE7	#FDFDFD
1984	#A79ECF	#FBFBFB
1985	#877CBD	#F7F7F7
1986	#F6F5FA	#FFFFFF
1987	#DEDAED	#FEFEFE
1988	#B7AFD8	#FDFDFD
1989	#C6BFE0	#FBFBFB
1990	#D4CFE8	#FDFDFD
1991	#9A90C8	#FAFAFA
1992	#D7D2E9	#FDFDFD
1993	#C6BFE0	#FAFAFA
1994	#DED9ED	#FEFEFE
1995	#756BB4	#F2F2F2
1996	#AFA6D4	#F8F8F8
1997	#E4E0F0	#FEFEFE
1998	#F8EEED	#FFFFFF
1999	#D4CFE8	#FDFDFD
2000	#DDD8EC	#FEFEFE
2001	#E9CECB	#FEFEFE
2002	#ECD6D3	#FEFEFE
2003	#FEFDFD	#FFFFFF
2004	#DDD8EC	#FEFEFE
2005	#EBD3D0	#FEFEFE
2006	#E4E0F0	#FEFEFE
2007	#FAFAFC	#FFFFFF
2008	#E9E5F3	#FEFEFE
2009	#C3BBDE	#FDFDFD
2010	#AFA5D3	#FCFCFC
2011	#E4E0F0	#FEFEFE
2012	#E8E5F3	#FEFEFE
2013	#A096CB	#FBFBFB
2014	#FAFAFC	#FFFFFF
2015	#A79DCF	#F9F9F9
2016	#DBD7EC	#FEFEFE
2017	#F9F8FC	#FFFFFF
2018	#DDD8EC	#FEFEFE
2019	#E6E3F1	#FEFEFE
2020	#FBF7F6	#FFFFFF
2021	#FFFFFF	#FFFFFF
2022	#F8EEED	#FFFFFF
2023	#E1BEBA	#FEFEFE
2024	#A79DCF	#FBFBFB
2025	#DDD8EC	#FEFEFE
2026	#D7D2E9	#FDFDFD
2027	#B7AFD8	#FDFDFD
2028	#958BC5	#F9F9F9
2029	#E4E0F0	#FEFEFE
2030	#E4E0F0	#FEFEFE
2031	#D0CAE6	#FCFCFC
2032	#A79DCF	#FBFBFB
2033	#EAE7F4	#FEFEFE
2034	#C4BCDF	#FCFCFC
2035	#EBE8F4	#FEFEFE
2036	#C1B9DD	#FBFBFB
2037	#BEB6DB	#FCFCFC
2038	#7F75BA	#F5F5F5
2039	#D7D2E9	#FDFDFD
2040	#EDEBF5	#FEFEFE
2041	#C5BEE0	#FBFBFB
2042	#CBC5E3	#FDFDFD
2043	#CDC7E4	#FDFDFD
2044	#C6BFE0	#FCFCFC
2045	#DCD8EC	#FEFEFE
2046	#B3AAD6	#F9F9F9
2047	#ECEAF5	#FEFEFE
2048	#FBFAFD	#FFFFFF
2049	#EBD4D0	#FEFEFE
2050	#FBF6F5	#FFFFFF
2051	#E8E5F3	#FEFEFE
2052	#E1BEBA	#FEFEFE
2053	#FBF6F6	#FFFFFF
2054	#EEECF6	#FFFFFF
2055	#EEECF6	#FFFFFF
2056	#F9F8FC	#FFFFFF
2057	#B8AFD8	#FDFDFD
2058	#A096CB	#FBFBFB
2059	#FAFAFD	#FFFFFF
2060	#A096CB	#FBFBFB
2061	#D5CFE8	#FEFEFE
2062	#AFA6D3	#FCFCFC
2063	#E5E1F1	#FEFEFE
2064	#D7D1E9	#FDFDFD
2065	#DCD8EC	#FEFEFE
2066	#D4CEE7	#FDFDFD
2067	#D4CEE7	#FDFDFD
2068	#CDC7E4	#FCFCFC
2069	#D3CEE7	#FDFDFD
2070	#B7AFD8	#FBFBFB
2071	#BDB5DB	#FCFCFC
2072	#A096CB	#FBFBFB
2073	#DDD8EC	#FEFEFE
2074	#D3CDE7	#FCFCFC
2075	#CDC7E4	#FCFCFC
2076	#AEA5D3	#FCFCFC
2077	#9A90C8	#FAFAFA
2078	#C4BDDF	#FCFCFC
2079	#D4CEE8	#FDFDFD
2080	#FBF6F5	#FFFFFF
2081	#B1A8D5	#FAFAFA
2082	#E8E5F3	#FEFEFE
2083	#E9E6F3	#FEFEFE
2084	#D4CEE7	#FDFDFD
2085	#E8E5F3	#FEFEFE
2086	#DCD8EC	#FEFEFE
2087	#AEA5D3	#FCFCFC
2088	#F7F6FB	#FFFFFF
2089	#9B91C8	#FAFAFA
2090	#D4CFE8	#FDFDFD
2091	#FBF7F6	#FFFFFF
2092	#A096CB	#FBFBFB
2093	#A49ACD	#F8F8F8
2094	#C7C0E1	#FCFCFC
2095	#D4CEE8	#FDFDFD
2096	#B3AAD6	#F9F9F9
2097	#DEDAED	#FEFEFE
2098	#CCC5E3	#FDFDFD
2099	#E8E5F3	#FEFEFE
2100	#ECD5D2	#FEFEFE
2101	#E8E5F3	#FEFEFE
2102	#E8E5F3	#FEFEFE
2103	#B7AFD8	#FDFDFD
2104	#D3CDE7	#FDFDFD
2105	#FEFDFD	#FFFFFF
2106	#C7C0E1	#FCFCFC
2107	#DDD8EC	#FEFEFE
2108	#AEA5D3	#FCFCFC
2109	#DDD8EC	#FEFEFE
2110	#AEA5D3	#FCFCFC
2111	#DDD8ED	#FEFEFE
2112	#CCC6E4	#FCFCFC
2113	#E5E2F1	#FEFEFE
2114	#F6F5FA	#FFFFFF
2115	#BEB6DC	#FCFCFC
2116	#FBFAFD	#FFFFFF
2117	#E8E5F3	#FEFEFE
2118	#C3BBDE	#FDFDFD
2119	#CBC5E3	#FDFDFD
2120	#CBC5E3	#FDFDFD
2121	#B7AFD8	#FBFBFB
2122	#D0CAE6	#FCFCFC
2123	#D4CEE8	#FDFDFD
2124	#AEA5D3	#FCFCFC
2125	#CBC5E3	#FDFDFD
2126	#E6E3F2	#FEFEFE
2127	#E4E0F0	#FEFEFE
2128	#DCD8EC	#FEFEFE
2129	#AFA5D3	#FCFCFC
2130	#B0A7D4	#F8F8F8
2131	#F9F8FC	#FFFFFF
2132	#D9B0AB	#FDFDFD
2133	#E6E2F1	#FEFEFE
2134	#C4BDDF	#FCFCFC
2135	#E5E1F1	#FEFEFE
2136	#EEECF6	#FFFFFF
2137	#C3BBDE	#FDFDFD
2138	#A197CC	#FBFBFB
2139	#CEC8E4	#FDFDFD
2140	#BEB6DC	#FCFCFC
2141	#D4CEE8	#FDFDFD
2142	#FAF9FC	#FFFFFF
2143	#C4BDDF	#FCFCFC
2144	#CDC7E4	#FCFCFC
2145	#AFA6D4	#F8F8F8
2146	#D4CEE7	#FDFDFD
2147	#DED9ED	#FDFDFD
2148	#ECE9F5	#FEFEFE
2149	#FAF9FC	#FFFFFF
2150	#E9E6F3	#FEFEFE
2151	#D9AFAA	#FDFDFD
2152	#E8E5F3	#FEFEFE
2153	#FEFEFE	#FFFFFF
2154	#EDEAF5	#FEFEFE
2155	#F9F9FC	#FFFFFF
2156	#D3CDE7	#FDFDFD
2157	#E5E1F1	#FEFEFE
2158	#EEECF6	#FEFEFE
2159	#D3CDE7	#FDFDFD
2160	#F9F8FC	#FFFFFF
2161	#E8E5F3	#FEFEFE
2162	#FAFAFC	#FFFFFF
2163	#EEECF6	#FEFEFE
2164	#CDC7E4	#FCFCFC
2165	#CDC6E4	#FCFCFC
2166	#A197CC	#FBFBFB
2167	#D4CFE8	#FEFEFE
2169	#AEA5D3	#FCFCFC
2170	#A79DCF	#FBFBFB
2171	#E4E1F1	#FEFEFE
2172	#FBF5F5	#FFFFFF
2173	#C7C0E1	#FCFCFC
2174	#DCD8EC	#FEFEFE
2175	#F9F8FC	#FFFFFF
2176	#D4CEE8	#FDFDFD
2178	#E5E1F1	#FEFEFE
2179	#A79DCF	#FBFBFB
2180	#E4E1F1	#FEFEFE
2181	#7E74B9	#F5F5F5
2182	#AFA5D3	#FCFCFC
2183	#E8E5F3	#FEFEFE
2184	#C4BCDF	#FCFCFC
2185	#FBF6F6	#FFFFFF
2186	#CCC5E3	#FDFDFD
2187	#CBC5E3	#FDFDFD
2188	#FAF9FC	#FFFFFF
2189	#E5E1F1	#FEFEFE
2190	#B1A8D5	#FAFAFA
2191	#DEDAED	#FDFDFD
2192	#A79ECF	#FBFBFB
2193	#C6BFE0	#FBFBFB
2194	#BDB5DB	#FAFAFA
2195	#EEECF6	#FFFFFF
2196	#FAF9FC	#FFFFFF
2197	#CCC5E3	#FDFDFD
2198	#B7AFD8	#FBFBFB
2199	#C1B9DD	#FBFBFB
2200	#FBFAFD	#FFFFFF
2201	#B7AFD8	#FDFDFD
2202	#E8E5F3	#FEFEFE
2203	#B7AFD8	#FDFDFD
2204	#DCD8EC	#FEFEFE
2205	#FBFAFD	#FFFFFF
2206	#D4CEE8	#FDFDFD
2207	#A096CB	#FBFBFB
2208	#FCFBFD	#FFFFFF
2209	#D3CDE7	#FDFDFD
2210	#C3BBDE	#FDFDFD
2211	#DDD8EC	#FEFEFE
2212	#CBC5E3	#FDFDFD
2213	#C4BCDF	#FCFCFC
2214	#E5E1F1	#FEFEFE
2215	#FBF6F6	#FFFFFF
2216	#D7D1E9	#FDFDFD
2217	#C7C0E0	#FCFCFC
2218	#DCD7EC	#FEFEFE
2219	#EBD3D0	#FEFEFE
2220	#E4E0F0	#FEFEFE
2221	#FEFDFD	#FFFFFF
2222	#D4CEE8	#FDFDFD
2223	#BDB5DB	#FCFCFC
2224	#E5E1F1	#FEFEFE
2225	#CBC4E3	#FDFDFD
2226	#BDB5DB	#FCFCFC
2227	#C3BBDE	#FDFDFD
2228	#AFA6D3	#FCFCFC
2229	#C4BDDF	#FCFCFC
2230	#CDC6E4	#FCFCFC
2231	#EEECF6	#FFFFFF
2232	#F6F4FA	#FFFFFF
2233	#B7AFD8	#FDFDFD
2234	#DDD8ED	#FEFEFE
2235	#FBFAFD	#FFFFFF
2236	#F6EBEA	#FFFFFF
2237	#EFECF6	#FFFFFF
2238	#E4E1F1	#FEFEFE
2239	#DCD7EC	#FEFEFE
2240	#8C81C0	#F8F8F8
2241	#D2CCE6	#FCFCFC
2242	#BDB5DB	#FCFCFC
2243	#E3DFF0	#FEFEFE
2244	#BDB5DB	#FCFCFC
2245	#D3CDE7	#FCFCFC
2246	#D7D2E9	#FDFDFD
2247	#DDD8EC	#FEFEFE
2248	#BEB6DB	#FCFCFC
2249	#F9F8FC	#FFFFFF
2250	#DDD8EC	#FEFEFE
2251	#C4BCDF	#FCFCFC
2252	#CBC4E3	#FDFDFD
2253	#D3CDE7	#FDFDFD
2254	#D4A6A0	#FCFCFC
2255	#FBF6F5	#FFFFFF
2256	#FBF6F5	#FFFFFF
2257	#CBC5E3	#FDFDFD
2258	#E6E2F1	#FEFEFE
2259	#FEFDFD	#FFFFFF
2260	#D4CFE8	#FDFDFD
2261	#E8E5F3	#FEFEFE
2262	#F4E6E4	#FEFEFE
2263	#E5E2F1	#FEFEFE
2264	#BCB4DB	#FAFAFA
2265	#CCC5E3	#FDFDFD
2266	#AFA6D3	#FCFCFC
2267	#C3BBDE	#FDFDFD
2268	#EFECF6	#FFFFFF
2269	#E5E1F1	#FEFEFE
2270	#FAF9FC	#FFFFFF
2271	#AEA5D3	#FCFCFC
2272	#EBD4D0	#FEFEFE
2273	#E4E1F1	#FEFEFE
2274	#E8E5F3	#FEFEFE
2275	#EEECF6	#FFFFFF
2276	#B1A8D4	#F8F8F8
2277	#B1A8D5	#FAFAFA
2278	#F5F4FA	#FFFFFF
2279	#CDC6E4	#FCFCFC
2280	#B7AFD8	#FDFDFD
2281	#F1E0DE	#FEFEFE
2282	#FAFAFC	#FFFFFF
2283	#EEECF6	#FFFFFF
2284	#D5CFE8	#FEFEFE
2285	#C7C0E0	#FCFCFC
2286	#9086C3	#F9F9F9
2287	#F7EDEB	#FFFFFF
2288	#FBFBFD	#FFFFFF
2289	#C4BCDF	#FCFCFC
2290	#A79DCF	#FBFBFB
2291	#D8D2EA	#FDFDFD
2292	#DDD8EC	#FEFEFE
2293	#7B70B7	#F4F4F4
2294	#AEA5D3	#FCFCFC
2295	#C1B9DD	#FBFBFB
2296	#A096CB	#FBFBFB
2297	#A096CB	#FBFBFB
2298	#F9F8FC	#FFFFFF
2299	#E6E2F1	#FEFEFE
2300	#AEA5D3	#FCFCFC
2301	#948AC5	#F9F9F9
2302	#A298CD	#F8F8F8
2303	#FBFBFD	#FFFFFF
2304	#FAF9FC	#FFFFFF
2305	#EEECF6	#FFFFFF
2306	#FAF9FC	#FFFFFF
2307	#948AC5	#F9F9F9
2308	#E6E3F2	#FEFEFE
2309	#CBC5E3	#FDFDFD
2310	#FBF6F6	#FFFFFF
2311	#E5E2F1	#FEFEFE
2312	#B7AFD8	#FDFDFD
2313	#EFECF6	#FFFFFF
2314	#D4CFE8	#FDFDFD
2315	#DDD8EC	#FEFEFE
2316	#B8AFD8	#FDFDFD
2317	#EEEBF6	#FFFFFF
2318	#D3CEE7	#FDFDFD
2319	#FAF9FC	#FFFFFF
2320	#FAF9FC	#FFFFFF
2321	#B8AFD8	#FBFBFB
2322	#E4E1F1	#FEFEFE
2323	#DBD6EB	#FEFEFE
2324	#E9E5F3	#FEFEFE
2325	#C3BBDE	#FDFDFD
2326	#DCD7EC	#FEFEFE
2327	#B7AFD8	#FDFDFD
2328	#FAFAFD	#FFFFFF
2329	#D3CDE7	#FDFDFD
2330	#CEC8E4	#FDFDFD
2331	#A096CB	#FBFBFB
2332	#DCD7EC	#FEFEFE
2333	#CDC7E4	#FCFCFC
2334	#A096CB	#FBFBFB
2335	#CDC6E4	#FCFCFC
2336	#DCD8EC	#FEFEFE
2337	#FBF6F5	#FFFFFF
2338	#D4CFE8	#FEFEFE
2339	#E4E1F1	#FEFEFE
2340	#C1B9DD	#FBFBFB
2341	#958AC5	#F9F9F9
2342	#D3CDE7	#FDFDFD
2343	#D0CAE6	#FCFCFC
2344	#C2BADE	#FAFAFA
2345	#F1E0DE	#FEFEFE
2346	#D3CEE7	#FDFDFD
2347	#DCD7EC	#FEFEFE
2348	#DCD8EC	#FEFEFE
2349	#DED9ED	#FEFEFE
2350	#C3BBDE	#FDFDFD
2351	#D4CEE8	#FEFEFE
2352	#CEC7E4	#FDFDFD
2353	#F6F4FA	#FFFFFF
2354	#DCD7EC	#FEFEFE
2355	#EEECF6	#FEFEFE
2356	#F8EEED	#FFFFFF
2357	#F7ECEB	#FFFFFF
2358	#E8E5F3	#FEFEFE
2359	#DDD9ED	#FDFDFD
2360	#CDC6E4	#FCFCFC
2361	#C3BBDE	#FDFDFD
2362	#A096CB	#FBFBFB
2363	#D5CFE8	#FEFEFE
2364	#AFA5D3	#FCFCFC
2365	#A79ECF	#FBFBFB
2366	#FAF9FC	#FFFFFF
2367	#BDB5DB	#FCFCFC
2368	#D4CFE8	#FEFEFE
2369	#FBF6F5	#FFFFFF
2370	#B8AFD8	#FBFBFB
2371	#D4CEE8	#FDFDFD
2372	#CDC6E4	#FCFCFC
2373	#8277BB	#F6F6F6
2374	#DCD7EC	#FEFEFE
2375	#DED9ED	#FDFDFD
2376	#FBFAFD	#FFFFFF
2377	#FBF6F5	#FFFFFF
2378	#D6D1E9	#FDFDFD
2379	#BEB6DC	#FCFCFC
2380	#EFECF6	#FEFEFE
2381	#D4CFE8	#FDFDFD
2382	#CDC7E4	#FCFCFC
2383	#C3BBDE	#FDFDFD
2384	#D7D1E9	#FDFDFD
2385	#CCC5E3	#FDFDFD
2386	#D3CEE7	#FCFCFC
2387	#BEB6DB	#FCFCFC
2388	#E6E3F1	#FEFEFE
2389	#D4CEE7	#FDFDFD
2390	#A096CC	#FBFBFB
2391	#EEECF6	#FFFFFF
2392	#ADA3D2	#FAFAFA
2393	#CFC9E5	#FBFBFB
2394	#CDC7E4	#FCFCFC
2395	#B2A9D5	#FAFAFA
2396	#D1CBE6	#FCFCFC
2397	#CDC6E4	#FCFCFC
2398	#B7AFD8	#FDFDFD
2399	#C2BADE	#FBFBFB
2400	#CEC7E4	#FDFDFD
2401	#DDD8EC	#FEFEFE
2402	#F7ECEB	#FFFFFF
2404	#FBFAFD	#FFFFFF
2405	#EDEAF5	#FEFEFE
2406	#C3BBDE	#FDFDFD
2407	#D6D1E9	#FDFDFD
2408	#FBF6F6	#FFFFFF
2409	#EDEAF5	#FEFEFE
2410	#C3BBDE	#FDFDFD
2411	#DDD8EC	#FEFEFE
2412	#A79DCF	#FBFBFB
2413	#FBFAFD	#FFFFFF
2414	#EEECF6	#FEFEFE
2415	#BEB6DC	#FCFCFC
2416	#AEA5D3	#FCFCFC
2417	#E6E3F2	#FEFEFE
2418	#CBC5E3	#FCFCFC
2419	#D4CFE8	#FDFDFD
2420	#B7AED8	#FBFBFB
2421	#F9F8FC	#FFFFFF
2422	#C3BBDE	#FDFDFD
2423	#EBD4D0	#FEFEFE
2424	#CDC7E4	#FCFCFC
2425	#D6D1E9	#FDFDFD
2426	#D2CCE7	#FCFCFC
2427	#E3DFF0	#FEFEFE
2428	#FAF9FC	#FFFFFF
2429	#DCD7EC	#FEFEFE
2430	#DCD7EC	#FEFEFE
2431	#DEDAED	#FDFDFD
2432	#D6D1E9	#FDFDFD
2433	#ACA3D2	#F9F9F9
2434	#F8EEED	#FFFFFF
2435	#C7C0E1	#FCFCFC
2436	#F7EDEB	#FFFFFF
2437	#DCD7EC	#FEFEFE
2438	#CBC4E3	#FDFDFD
2439	#DED9ED	#FEFEFE
2440	#9085C2	#F9F9F9
2441	#DCD7EC	#FEFEFE
2442	#B8AFD8	#FBFBFB
2443	#EEECF6	#FEFEFE
2444	#C9C2E2	#FBFBFB
2445	#C9C2E1	#FAFAFA
2446	#8B81C0	#F8F8F8
2447	#A79ECF	#FBFBFB
2448	#D8D3EA	#FDFDFD
2449	#F7EEEC	#FFFFFF
2450	#CCC5E3	#FDFDFD
2451	#E4E0F0	#FEFEFE
2452	#8F85C2	#F8F8F8
2453	#F8EEED	#FFFFFF
2454	#FBFAFD	#FFFFFF
2455	#D4CEE8	#FDFDFD
2456	#C4BDDF	#FCFCFC
2457	#C4BCDF	#FCFCFC
2458	#C3BCDF	#FCFCFC
2459	#DCD8EC	#FEFEFE
2460	#AFA5D3	#FCFCFC
2461	#E8E5F3	#FEFEFE
2462	#B7AED8	#FDFDFD
2463	#DEDAED	#FDFDFD
2464	#A79DCF	#FBFBFB
2465	#867BBD	#F7F7F7
2466	#ECEAF5	#FEFEFE
2467	#D0CAE6	#FCFCFC
2468	#BDB5DB	#FCFCFC
2469	#DED9ED	#FDFDFD
2470	#ECD5D2	#FEFEFE
2471	#FBF6F6	#FFFFFF
2472	#AFA5D3	#FCFCFC
2473	#EFECF6	#FFFFFF
2474	#FAFAFC	#FFFFFF
2475	#C3BBDE	#FDFDFD
2476	#EEECF6	#FEFEFE
2477	#DCD8EC	#FEFEFE
2479	#E4E0F0	#FEFEFE
2480	#FAF9FC	#FFFFFF
2481	#D2CCE7	#FCFCFC
2482	#FAF9FC	#FFFFFF
2483	#FAFAFD	#FFFFFF
2484	#CBC5E3	#FDFDFD
2485	#D4CEE7	#FDFDFD
2486	#EEECF6	#FFFFFF
2487	#E6C8C4	#FDFDFD
2488	#DCD7EC	#FEFEFE
2489	#EDEAF5	#FEFEFE
2490	#BAB1D9	#F9F9F9
2491	#958BC6	#F9F9F9
2492	#DDD8ED	#FDFDFD
2493	#A399CD	#F8F8F8
2494	#B7AED8	#FBFBFB
2495	#EEEBF6	#FFFFFF
2496	#C4BCDF	#FCFCFC
2497	#9085C2	#F9F9F9
2498	#D7D2E9	#FDFDFD
2499	#AEA5D3	#FCFCFC
2500	#FEFDFD	#FFFFFF
2501	#E6E2F1	#FEFEFE
2502	#D7D2E9	#FDFDFD
2503	#E4E1F1	#FEFEFE
2504	#FBF6F5	#FFFFFF
2505	#E8E5F3	#FEFEFE
2506	#EFECF6	#FEFEFE
2507	#AFA5D3	#FCFCFC
2508	#FDFBFA	#FFFFFF
2509	#F9F1F0	#FFFFFF
2510	#EFEDF6	#FEFEFE
2511	#FAF9FC	#FFFFFF
2512	#E5E1F1	#FEFEFE
2513	#FAF9FC	#FFFFFF
2514	#B8AFD8	#FDFDFD
2515	#BBB3DA	#FAFAFA
2516	#CCC5E3	#FDFDFD
2517	#A197CC	#FBFBFB
2518	#B2A9D5	#FAFAFA
2519	#958AC5	#F9F9F9
2520	#FAF9FC	#FFFFFF
2521	#D9AFAA	#FDFDFD
2522	#AFA6D3	#FCFCFC
2523	#D4CEE8	#FDFDFD
2524	#FAF9FC	#FFFFFF
2525	#F7EDEB	#FFFFFF
2526	#F8EFED	#FFFFFF
2527	#BEB6DB	#FCFCFC
2528	#EDEAF5	#FEFEFE
2529	#F5F4FA	#FFFFFF
2530	#AFA5D3	#FCFCFC
2531	#AEA5D3	#FCFCFC
2532	#FBF5F5	#FFFFFF
2533	#D4CFE8	#FEFEFE
2534	#BCB4DB	#FBFBFB
2535	#D3CEE7	#FDFDFD
2536	#EFECF6	#FEFEFE
2537	#DEDAED	#FDFDFD
2538	#EFECF6	#FFFFFF
2539	#B1A8D4	#FAFAFA
2540	#EEECF6	#FEFEFE
2541	#DEDAED	#FEFEFE
2542	#DEDAED	#FDFDFD
2543	#E4E1F1	#FEFEFE
2544	#A197CC	#FBFBFB
2545	#DCD8EC	#FEFEFE
2546	#D4CFE8	#FDFDFD
2547	#958AC5	#F9F9F9
2548	#9F95CB	#F7F7F7
2549	#DCD8EC	#FEFEFE
2550	#9A8FC8	#FAFAFA
2551	#E6E3F2	#FEFEFE
2552	#A79DCF	#FBFBFB
2553	#EEECF6	#FFFFFF
2554	#CCC6E3	#FCFCFC
2555	#DDD8EC	#FEFEFE
2556	#AEA5D3	#FCFCFC
2557	#F9F8FC	#FFFFFF
2558	#E4E0F0	#FEFEFE
2559	#F9F8FC	#FFFFFF
2560	#CCC5E3	#FCFCFC
2561	#AEA5D3	#FCFCFC
2562	#DDD8ED	#FEFEFE
2563	#B7AED8	#FDFDFD
2564	#DCD7EC	#FEFEFE
2565	#DDD8ED	#FDFDFD
2566	#FBF6F5	#FFFFFF
2567	#D7D2E9	#FDFDFD
2568	#B7AFD8	#FDFDFD
2569	#A79ECF	#FBFBFB
2570	#EFECF6	#FEFEFE
2571	#C3BBDE	#FDFDFD
2572	#DDD8EC	#FEFEFE
2573	#EBD4D0	#FEFEFE
2574	#D3CEE7	#FDFDFD
2575	#AEA5D3	#FCFCFC
2576	#D5CFE8	#FEFEFE
2577	#FBF6F6	#FFFFFF
2578	#B1A8D5	#FAFAFA
2579	#9085C2	#F9F9F9
2580	#D4A59F	#FCFCFC
2581	#DBD7EC	#FEFEFE
2582	#F2F0F8	#FFFFFF
2583	#DCD8EC	#FEFEFE
2584	#F8EEED	#FFFFFF
2585	#E4E0F0	#FEFEFE
2586	#EBE8F4	#FEFEFE
2587	#B7AFD8	#FBFBFB
2588	#E9E6F3	#FEFEFE
2589	#AEA5D3	#FCFCFC
2590	#CCC5E3	#FDFDFD
2591	#ACA3D2	#FAFAFA
2592	#E6E3F2	#FEFEFE
2593	#ACA3D2	#FAFAFA
2594	#DED9ED	#FDFDFD
2595	#D4CFE8	#FDFDFD
2596	#9B90C8	#FAFAFA
2597	#DED9ED	#FEFEFE
2598	#A399CD	#F8F8F8
2599	#E5E2F1	#FEFEFE
2600	#FAF9FC	#FFFFFF
2601	#A79ECF	#FBFBFB
2602	#C4BCDF	#FCFCFC
2603	#C6BFE0	#FCFCFC
2604	#DDD9ED	#FEFEFE
2605	#C3BBDE	#FDFDFD
2606	#EFEDF6	#FEFEFE
2607	#EBD4D0	#FEFEFE
2608	#C7C0E1	#FCFCFC
2609	#E9E5F3	#FEFEFE
2610	#A79ECF	#FBFBFB
2611	#FBF7F6	#FFFFFF
2612	#C4BDDF	#FCFCFC
2613	#F9F8FC	#FFFFFF
2615	#D3CDE7	#FDFDFD
2616	#B7AED8	#FBFBFB
2617	#ADA3D2	#FAFAFA
2618	#A096CB	#FBFBFB
2619	#8F85C2	#F8F8F8
2620	#C3BCDF	#FCFCFC
2621	#EEECF6	#FFFFFF
2622	#F8EEED	#FFFFFF
2623	#CDC7E4	#FDFDFD
2624	#FBF6F6	#FFFFFF
2625	#FEFCFC	#FFFFFF
2626	#C3BBDE	#FDFDFD
2627	#D3CDE7	#FDFDFD
2628	#FFFEFE	#FFFFFF
2629	#F7ECEB	#FFFFFF
2630	#EEEBF6	#FFFFFF
2631	#D4CEE8	#FDFDFD
2632	#E6E3F2	#FEFEFE
2633	#FAFAFC	#FFFFFF
2634	#F8EEED	#FFFFFF
2635	#FAF9FC	#FFFFFF
2636	#F4E6E4	#FEFEFE
2637	#DDD8EC	#FEFEFE
2638	#D4CEE8	#FDFDFD
2639	#BDB5DB	#FCFCFC
2640	#DDD9ED	#FEFEFE
2641	#B7AED8	#FBFBFB
2642	#C7C0E1	#FCFCFC
2643	#7B71B8	#F4F4F4
2644	#D0CAE6	#FCFCFC
2645	#EFEDF6	#FEFEFE
2646	#AFA6D3	#FCFCFC
2647	#D1CBE6	#FCFCFC
2648	#C7C0E0	#FCFCFC
2649	#BBB3DA	#FAFAFA
2650	#DDD8EC	#FEFEFE
2651	#FAFAFD	#FFFFFF
2652	#DDD8EC	#FEFEFE
2653	#A096CB	#FBFBFB
2654	#7B71B7	#F4F4F4
2655	#9085C2	#F9F9F9
2656	#D4CEE7	#FDFDFD
2657	#FAF9FC	#FFFFFF
2658	#F9F8FC	#FFFFFF
2659	#C4BDDF	#FCFCFC
2660	#AEA5D3	#FCFCFC
2661	#E4E1F1	#FEFEFE
2662	#EFEDF6	#FEFEFE
2663	#FEFDFD	#FFFFFF
2664	#F9F8FC	#FFFFFF
2665	#E6E2F1	#FEFEFE
2666	#E4E0F0	#FEFEFE
2667	#D2CCE7	#FCFCFC
2668	#9085C3	#F9F9F9
2669	#B3ABD6	#F9F9F9
2670	#AFA5D3	#FCFCFC
2671	#B7AFD8	#FBFBFB
2672	#FAF9FC	#FFFFFF
2673	#EEEBF6	#FFFFFF
2674	#A096CB	#FBFBFB
2675	#D4CEE7	#FDFDFD
2676	#F7ECEB	#FFFFFF
2677	#EEECF6	#FFFFFF
2678	#FAF9FC	#FFFFFF
2679	#C1B9DD	#FBFBFB
2680	#A197CC	#FBFBFB
2681	#F7ECEB	#FFFFFF
2682	#CDC6E4	#FCFCFC
2683	#AFA6D3	#FCFCFC
2684	#C3BBDE	#FDFDFD
2685	#DEDAED	#FEFEFE
2686	#D5CFE8	#FEFEFE
2687	#D6D1E9	#FDFDFD
2688	#A79ECF	#FBFBFB
2689	#B7AFD8	#FBFBFB
2690	#DBD7EC	#FEFEFE
2691	#FAF4F3	#FFFFFF
2692	#DCD8EC	#FEFEFE
2693	#E5E2F1	#FEFEFE
2694	#E5E1F1	#FEFEFE
2695	#D5CFE8	#FEFEFE
2696	#F6F5FA	#FFFFFF
2697	#DCD8EC	#FEFEFE
2698	#8B80C0	#F8F8F8
2699	#E7E3F2	#FEFEFE
2700	#9B91C9	#FAFAFA
2701	#D3CDE7	#FDFDFD
2702	#E6E2F1	#FEFEFE
2703	#F6F5FA	#FFFFFF
2704	#D3CDE7	#FDFDFD
2705	#D4CEE7	#FDFDFD
2706	#E4E0F0	#FEFEFE
2707	#BDB5DB	#FCFCFC
2708	#F9F8FC	#FFFFFF
2709	#C7C0E1	#FCFCFC
2710	#FEFEFE	#FFFFFF
2711	#F7ECEB	#FFFFFF
2712	#EEECF6	#FFFFFF
2713	#A197CC	#FBFBFB
2714	#FEFDFD	#FFFFFF
2715	#C3BCDF	#FCFCFC
2716	#E6E2F1	#FEFEFE
2717	#CCC5E3	#FDFDFD
2718	#DCD7EC	#FEFEFE
2719	#AFA5D3	#FCFCFC
2720	#C3BBDE	#FDFDFD
2721	#A79ECF	#FBFBFB
2722	#CBC5E3	#FDFDFD
2723	#BDB5DB	#FCFCFC
2724	#948AC5	#F9F9F9
2725	#CCC5E3	#FDFDFD
2726	#FBF7F6	#FFFFFF
2727	#EEECF6	#FFFFFF
2728	#A197CC	#FBFBFB
2729	#B7AFD8	#FDFDFD
2730	#DBD6EC	#FEFEFE
2731	#A79DCF	#FBFBFB
2732	#DED9ED	#FEFEFE
2733	#AEA5D3	#FCFCFC
2734	#FBFAFD	#FFFFFF
2735	#F6F5FA	#FFFFFF
2736	#DED9ED	#FEFEFE
2737	#9A90C8	#FAFAFA
2738	#F7ECEB	#FFFFFF
2739	#A79ECF	#FBFBFB
2740	#DDD9ED	#FDFDFD
2741	#F9F1F0	#FFFFFF
2742	#A79DCF	#F9F9F9
2743	#B2A9D5	#FAFAFA
2744	#E1DDEF	#FDFDFD
2745	#DCD7EC	#FEFEFE
2746	#AFA5D3	#FCFCFC
2747	#E8E5F3	#FEFEFE
2748	#CBC4E3	#FCFCFC
2749	#D7D1E9	#FDFDFD
2750	#D4CEE8	#FDFDFD
2751	#C5BEDF	#FCFCFC
2752	#CBC5E3	#FDFDFD
2753	#EFEDF6	#FEFEFE
2754	#A79DCF	#F9F9F9
2755	#DDD8ED	#FEFEFE
2756	#7B71B7	#F4F4F4
2757	#AEA5D3	#FCFCFC
2758	#CDC6E4	#FCFCFC
2759	#E6E2F1	#FEFEFE
2760	#DDD8ED	#FEFEFE
2761	#D3CEE7	#FDFDFD
2762	#D5CFE8	#FEFEFE
2763	#E5E2F1	#FEFEFE
2764	#EFEDF6	#FEFEFE
2765	#B6AED8	#FAFAFA
2766	#FBF7F6	#FFFFFF
2767	#EFECF6	#FEFEFE
2768	#E4E1F1	#FEFEFE
2769	#B7AFD8	#FBFBFB
2770	#BCB4DA	#FAFAFA
2771	#DDD8ED	#FEFEFE
2772	#FEFDFD	#FFFFFF
2773	#D3CEE7	#FDFDFD
2774	#D3CDE7	#FDFDFD
2775	#B7AFD8	#FDFDFD
2776	#F4E5E3	#FEFEFE
2777	#DDD8EC	#FEFEFE
2779	#FAFAFC	#FFFFFF
2780	#C3BBDE	#FDFDFD
2781	#AEA5D3	#FCFCFC
2782	#DDD9ED	#FEFEFE
2783	#CCC5E3	#FDFDFD
2784	#EFECF6	#FFFFFF
2785	#E6E2F1	#FEFEFE
2786	#DCD7EC	#FEFEFE
2787	#C9C3E2	#FBFBFB
2788	#E4E1F1	#FEFEFE
2789	#BDB5DB	#FCFCFC
2790	#FCF7F6	#FFFFFF
2791	#D4CEE7	#FDFDFD
2792	#EEECF6	#FFFFFF
2793	#DDD9ED	#FDFDFD
2794	#A79ECF	#FBFBFB
2795	#C4BDDF	#FCFCFC
2796	#EEECF6	#FEFEFE
2797	#B1A8D4	#FAFAFA
2798	#A399CD	#F8F8F8
2799	#CBC5E3	#FDFDFD
2800	#D4CEE7	#FDFDFD
2801	#E2DFF0	#FDFDFD
2802	#CBC5E3	#FDFDFD
2803	#A79DCF	#F9F9F9
2804	#C7C0E0	#FCFCFC
2805	#D4CEE7	#FDFDFD
2806	#F5F4FA	#FFFFFF
2807	#EEECF6	#FFFFFF
2808	#E6E3F2	#FEFEFE
2809	#C3BBDE	#FDFDFD
2810	#AFA6D3	#FCFCFC
2811	#A096CC	#FBFBFB
2812	#EEECF6	#FFFFFF
2813	#DDD9ED	#FEFEFE
2814	#A89ECF	#FBFBFB
2815	#DDD8EC	#FCFCFC
2816	#D4CEE8	#FDFDFD
2817	#D2CCE6	#FCFCFC
2818	#AEA5D3	#FCFCFC
2819	#A79DCF	#FBFBFB
2820	#CAC3E2	#FBFBFB
2821	#D4CFE8	#FDFDFD
2822	#E4E1F1	#FEFEFE
2823	#A197CC	#FBFBFB
2824	#E8E5F3	#FEFEFE
2825	#FBFBFD	#FFFFFF
2826	#EBD4D0	#FEFEFE
2827	#D4CEE7	#FDFDFD
2828	#FAFAFC	#FFFFFF
2829	#E1BEBA	#FEFEFE
2830	#D4CFE8	#FEFEFE
2831	#E8E5F3	#FEFEFE
2832	#E4E1F1	#FEFEFE
2833	#B7AFD8	#FDFDFD
2834	#E8E5F3	#FEFEFE
2835	#C4BCDF	#FCFCFC
2836	#B7AED8	#FDFDFD
2837	#FBFAFD	#FFFFFF
2838	#DDD8EC	#FEFEFE
2839	#D4CEE8	#FDFDFD
2840	#DDD8ED	#FEFEFE
2841	#A79ECF	#FBFBFB
2842	#FAF9FC	#FFFFFF
2843	#DDD8EC	#FEFEFE
2844	#ACA3D2	#FAFAFA
2845	#D3CDE7	#FDFDFD
2846	#DEDAED	#FDFDFD
2847	#CBC4E3	#FCFCFC
2848	#EFDCD9	#FEFEFE
2849	#D4CEE8	#FDFDFD
2850	#AFA6D3	#FCFCFC
2851	#9F95CB	#F7F7F7
2852	#CDC6E4	#FCFCFC
2853	#FBF6F5	#FFFFFF
2854	#EDEAF5	#FEFEFE
2855	#A096CB	#FBFBFB
2856	#BDB5DB	#FCFCFC
2857	#DDD8EC	#FEFEFE
2858	#FCFCFE	#FFFFFF
2859	#B7AFD8	#FDFDFD
2860	#CBC5E3	#FDFDFD
2861	#EFEDF6	#FFFFFF
2862	#D9B0AA	#FDFDFD
2863	#A79DCF	#FBFBFB
2864	#E5E1F1	#FEFEFE
2865	#C6BFE0	#FCFCFC
2866	#DED9ED	#FEFEFE
2867	#B7AFD8	#FDFDFD
2868	#958AC5	#F9F9F9
2869	#CFC9E5	#FBFBFB
2870	#EDEAF5	#FEFEFE
2871	#A197CC	#FBFBFB
2872	#C1B9DD	#FBFBFB
2873	#C4BCDF	#FCFCFC
2874	#F1E0DD	#FEFEFE
2875	#DED9ED	#FEFEFE
2876	#EDEAF5	#FEFEFE
2877	#A79ECF	#FBFBFB
2878	#D4CEE8	#FDFDFD
2879	#FAF9FC	#FFFFFF
2880	#D5CFE8	#FEFEFE
2881	#A79ECF	#FBFBFB
2882	#D4CEE7	#FDFDFD
2883	#E9E6F3	#FEFEFE
2884	#AEA5D3	#FCFCFC
2885	#EBD3D0	#FEFEFE
2886	#EEECF6	#FFFFFF
2887	#EBD4D0	#FEFEFE
2888	#B7AFD8	#FDFDFD
2889	#9B90C8	#FAFAFA
2890	#A79ECF	#FBFBFB
2891	#F9F8FC	#FFFFFF
2892	#E1BEB9	#FEFEFE
2893	#FBF6F5	#FFFFFF
2894	#F7EDEB	#FFFFFF
2895	#A79ECF	#FBFBFB
2896	#D4CFE8	#FDFDFD
2897	#EFECF6	#FFFFFF
2898	#DED9ED	#FDFDFD
2899	#B2A9D5	#FAFAFA
2900	#D2CCE7	#FCFCFC
2901	#C1B9DD	#FBFBFB
2902	#CDC7E4	#FCFCFC
2903	#D5CFE8	#FEFEFE
2904	#BDB5DB	#FCFCFC
2905	#C5BEDF	#FCFCFC
2906	#B7AED8	#FDFDFD
2907	#ECD5D2	#FEFEFE
2908	#8A80C0	#F8F8F8
2909	#C4BCDF	#FCFCFC
2910	#DBD7EC	#FEFEFE
2911	#DED9ED	#FEFEFE
2912	#D5CFE8	#FEFEFE
2913	#F5F4FA	#FFFFFF
2914	#BCB4DA	#FAFAFA
2915	#CDC6E4	#FCFCFC
2916	#AEA5D3	#FCFCFC
2917	#EBE8F4	#FEFEFE
2918	#E6E2F1	#FEFEFE
2919	#EFECF6	#FEFEFE
2920	#CCC5E3	#FDFDFD
2921	#AFA5D3	#FCFCFC
2922	#DCD8EC	#FDFDFD
2923	#FBFBFD	#FFFFFF
2924	#B7AFD8	#FDFDFD
2925	#FBF6F6	#FFFFFF
2926	#FAF9FC	#FFFFFF
2927	#EFECF6	#FFFFFF
2928	#DBD6EC	#FEFEFE
2929	#DDD8EC	#FEFEFE
2930	#D4CEE8	#FDFDFD
2931	#C3BBDE	#FDFDFD
2932	#EBD4D0	#FEFEFE
2933	#DDD8EC	#FEFEFE
2934	#D5CFE8	#FEFEFE
2935	#D1CBE6	#FCFCFC
2936	#A096CB	#FBFBFB
2937	#D4A59F	#FCFCFC
2938	#DEDAED	#FDFDFD
2939	#E9CECB	#FEFEFE
2940	#A79ECF	#FBFBFB
2941	#E6E2F1	#FEFEFE
2942	#D1CBE6	#FCFCFC
2943	#CBC4E3	#FDFDFD
2944	#CEC7E4	#FDFDFD
2945	#DDD8EC	#FEFEFE
2946	#D4CEE8	#FCFCFC
2947	#C4BCDF	#FCFCFC
2948	#C1B9DD	#FBFBFB
2949	#9F95CB	#F7F7F7
2950	#D0CAE6	#FCFCFC
2951	#D5CFE8	#FCFCFC
2952	#C3BBDE	#FDFDFD
2953	#D1CBE6	#FCFCFC
2954	#DBD6EB	#FEFEFE
2955	#9F95CB	#F7F7F7
2956	#867CBD	#F7F7F7
2957	#A79DCF	#FBFBFB
2958	#DEDAED	#FEFEFE
2959	#867BBD	#F7F7F7
2960	#CBC4E3	#FCFCFC
2961	#A79DCF	#FBFBFB
2962	#FAF9FC	#FFFFFF
2963	#CCC5E3	#FDFDFD
2964	#B6AED8	#FAFAFA
2965	#FEFDFD	#FFFFFF
2966	#FBF6F6	#FFFFFF
2967	#BDB5DB	#FAFAFA
2968	#9F95CB	#F7F7F7
2969	#C4BCDF	#FCFCFC
2970	#E5E1F1	#FEFEFE
2971	#CBC4E3	#FDFDFD
2972	#FBFAFD	#FFFFFF
2973	#F8EEED	#FFFFFF
2974	#A79DCF	#FBFBFB
2975	#A096CB	#FBFBFB
2976	#DCD8EC	#FEFEFE
2977	#AFA5D3	#FCFCFC
2978	#E1BEB9	#FEFEFE
2979	#A79ECF	#FBFBFB
2980	#E8CDC9	#FEFEFE
2981	#C5BDDF	#FCFCFC
2982	#C3BBDE	#FDFDFD
2983	#FBFAFD	#FFFFFF
2984	#FBFAFD	#FFFFFF
2985	#E8E5F3	#FEFEFE
2986	#A197CC	#FBFBFB
2987	#CBC5E3	#FDFDFD
2988	#F6F5FA	#FFFFFF
2989	#FBF6F6	#FFFFFF
2990	#A79ECF	#FBFBFB
2991	#AEA5D3	#FCFCFC
2992	#A096CB	#FBFBFB
2993	#D5CFE8	#FEFEFE
2994	#D6D1E9	#FDFDFD
2995	#D3CDE7	#FDFDFD
2996	#958AC5	#F9F9F9
2997	#DED9ED	#FDFDFD
2998	#D2CCE7	#FCFCFC
2999	#C7BFE0	#FBFBFB
3000	#ACA3D2	#FAFAFA
3001	#CDC6E4	#FCFCFC
3002	#D4CFE8	#FCFCFC
3003	#B7AFD8	#FDFDFD
3004	#E8E5F3	#FEFEFE
3005	#BEB6DB	#FCFCFC
3006	#8B80C0	#F8F8F8
3007	#BDB5DB	#FCFCFC
3008	#E4E1F1	#FEFEFE
3009	#C7BFE0	#FCFCFC
3010	#A69DCF	#F9F9F9
3011	#F9F8FC	#FFFFFF
3012	#B1A8D4	#FAFAFA
3013	#E4E1F1	#FEFEFE
3014	#C1B9DD	#FBFBFB
3015	#CBC5E3	#FDFDFD
3016	#CBC5E3	#FDFDFD
3017	#BDB5DB	#FCFCFC
3018	#C3BBDE	#FDFDFD
3019	#DDD8ED	#FDFDFD
3020	#958AC5	#F9F9F9
3021	#C1BADD	#FAFAFA
3022	#9B90C8	#FAFAFA
3023	#A79ECF	#FBFBFB
3024	#C6BFE0	#FBFBFB
3025	#FAF9FC	#FFFFFF
3026	#AEA5D3	#FCFCFC
3027	#FEFCFC	#FFFFFF
3028	#C3BBDE	#FDFDFD
3029	#FBF6F5	#FFFFFF
3030	#B7AED8	#FDFDFD
3031	#9B91C8	#FAFAFA
3032	#EEECF6	#FFFFFF
3033	#D3CDE7	#FDFDFD
3034	#DDD8EC	#FEFEFE
3035	#CDC7E4	#FCFCFC
3036	#B7AFD8	#FDFDFD
3037	#BDB5DB	#FCFCFC
3038	#FBF7F6	#FFFFFF
3039	#EFECF6	#FFFFFF
3040	#CCC5E3	#FDFDFD
3041	#F7ECEA	#FFFFFF
3042	#CBC5E3	#FDFDFD
3043	#E6E3F2	#FEFEFE
3044	#ECEAF5	#FEFEFE
3045	#D3CDE7	#FDFDFD
3046	#D4CFE8	#FDFDFD
3047	#EFEDF6	#FEFEFE
3048	#CBC5E3	#FCFCFC
3049	#ACA2D2	#F9F9F9
3050	#948AC5	#F9F9F9
3051	#CEC7E4	#FDFDFD
3052	#F9F8FC	#FFFFFF
3053	#CDC6E4	#FCFCFC
3054	#B2A9D5	#FAFAFA
3055	#FAF9FC	#FFFFFF
3056	#C6BFE0	#FCFCFC
3057	#B1A8D4	#FAFAFA
3058	#B2AAD5	#F9F9F9
3059	#A79ECF	#FBFBFB
3060	#A79DCF	#FBFBFB
3061	#C6BEE0	#FBFBFB
3062	#C3BBDE	#FDFDFD
3063	#BDB5DB	#FCFCFC
3064	#BEB6DC	#FAFAFA
3065	#DCD7EC	#FEFEFE
3066	#B7AED8	#FDFDFD
3067	#C7C0E1	#FBFBFB
3068	#DCD8EC	#FEFEFE
3069	#DDD8EC	#FEFEFE
3070	#F2F0F8	#FFFFFF
3071	#CCC5E3	#FDFDFD
3072	#E5E1F1	#FEFEFE
3073	#EEECF6	#FFFFFF
3074	#D3CDE7	#FDFDFD
3075	#E9E5F3	#FEFEFE
3076	#CDC7E4	#FCFCFC
3077	#E0BEB9	#FEFEFE
3078	#B7AFD8	#FDFDFD
3079	#E4E1F1	#FEFEFE
3080	#C3BBDE	#FDFDFD
3082	#C3BBDE	#FDFDFD
3083	#E4E0F0	#FEFEFE
3084	#D5CFE8	#FEFEFE
3085	#F8EFED	#FFFFFF
3086	#D4CEE8	#FDFDFD
3087	#AFA6D3	#FCFCFC
3088	#C4BCDF	#FCFCFC
3089	#FAF9FC	#FFFFFF
3090	#AFA5D3	#FCFCFC
3091	#CBC5E3	#FDFDFD
3092	#D4CEE8	#FDFDFD
3093	#C7C0E0	#FCFCFC
3094	#EBD4D0	#FEFEFE
3095	#D4CEE7	#FDFDFD
3096	#B7AFD8	#FDFDFD
3097	#E9E5F3	#FEFEFE
3098	#AEA5D3	#FCFCFC
3099	#D4CEE8	#FDFDFD
3100	#EEECF6	#FFFFFF
3101	#C4BCDF	#FCFCFC
3102	#C1BADD	#FBFBFB
3103	#E6E2F1	#FEFEFE
3104	#EEECF6	#FFFFFF
3105	#DCD7EC	#FEFEFE
3106	#8F84C2	#F8F8F8
3107	#D7D2E9	#FDFDFD
3108	#DED9ED	#FEFEFE
3109	#C1B9DD	#FBFBFB
3110	#B7AFD8	#FBFBFB
3111	#D4CEE7	#FDFDFD
3112	#B7AED8	#FDFDFD
3113	#CBC5E3	#FDFDFD
3114	#D7D2E9	#FDFDFD
3115	#E4E1F1	#FEFEFE
3116	#A79DCF	#FBFBFB
3117	#CBC5E3	#FDFDFD
3118	#958BC5	#F9F9F9
3119	#C3BBDE	#FDFDFD
3120	#CEC7E4	#FDFDFD
3121	#F9F9FC	#FFFFFF
3122	#BEB6DC	#FCFCFC
3123	#AEA5D3	#FCFCFC
3124	#DDD8EC	#FEFEFE
3126	#F4E6E4	#FEFEFE
3127	#F1E0DD	#FEFEFE
3128	#DCD7EC	#FEFEFE
3129	#F7EDEB	#FFFFFF
3130	#E9CECB	#FEFEFE
3131	#AFA6D3	#FCFCFC
3132	#DCD7EC	#FEFEFE
3133	#AEA5D3	#FCFCFC
3134	#DDD8ED	#FEFEFE
3135	#E8E5F3	#FEFEFE
3136	#DDD8ED	#FEFEFE
3137	#DED9ED	#FDFDFD
3138	#AFA6D3	#FCFCFC
3139	#C1B9DD	#FBFBFB
3140	#D4CEE8	#FDFDFD
3141	#FAF9FC	#FFFFFF
3142	#EFECF6	#FFFFFF
3143	#E4E1F0	#FEFEFE
3144	#D4CEE8	#FDFDFD
3145	#C3BBDE	#FDFDFD
3146	#CBC4E3	#FDFDFD
3147	#D3CEE7	#FDFDFD
3148	#DCD7EC	#FEFEFE
3149	#A89ECF	#FBFBFB
3150	#FEFDFD	#FFFFFF
3151	#B7AFD8	#FDFDFD
3152	#D3CEE7	#FDFDFD
3153	#9A90C8	#FAFAFA
3154	#D3CDE7	#FCFCFC
3155	#CDC7E4	#FCFCFC
3156	#D3CEE7	#FDFDFD
3157	#B7AFD8	#FDFDFD
3158	#B9B1D9	#F9F9F9
3159	#FBFAFD	#FFFFFF
3160	#E4E0F0	#FEFEFE
3161	#EFECF6	#FEFEFE
3162	#D4CEE7	#FDFDFD
3163	#B7AED8	#FBFBFB
3164	#CDC7E4	#FDFDFD
3165	#CBC4E3	#FCFCFC
3166	#8B81C0	#F8F8F8
3167	#C3BBDE	#FDFDFD
3168	#A197CC	#FBFBFB
3169	#A096CB	#FBFBFB
3170	#B7AFD8	#FBFBFB
3171	#E5E1F1	#FEFEFE
3172	#DBD7EC	#FEFEFE
3173	#DCD7EC	#FEFEFE
3174	#DFDAEE	#FDFDFD
3175	#C4BDDF	#FCFCFC
3176	#FBFAFD	#FFFFFF
3177	#AEA5D3	#FCFCFC
3178	#B3AAD5	#F9F9F9
3179	#A096CB	#FBFBFB
3180	#D5CFE8	#FEFEFE
3181	#C4BDDF	#FCFCFC
3182	#FBF7F6	#FFFFFF
3183	#E5E2F1	#FEFEFE
3184	#E4E1F0	#FEFEFE
3185	#C3BCDF	#FCFCFC
3186	#F7ECEB	#FFFFFF
3187	#FAF9FC	#FFFFFF
3188	#A096CB	#FBFBFB
3189	#DBD6EC	#FEFEFE
3190	#EBD4D0	#FEFEFE
3191	#CBC5E3	#FDFDFD
3192	#F7EDEB	#FFFFFF
3193	#CBC5E3	#FDFDFD
3194	#AEA5D3	#FCFCFC
3195	#CBC4E3	#FDFDFD
3196	#CDC7E4	#FCFCFC
3197	#F8EEED	#FFFFFF
3198	#A79ECF	#FBFBFB
3199	#D4CEE7	#FDFDFD
3200	#E1BEBA	#FEFEFE
3201	#A89ECF	#FBFBFB
3202	#AFA5D3	#FCFCFC
3203	#C4BDDF	#FCFCFC
3204	#B7AFD8	#FBFBFB
3205	#9085C3	#F9F9F9
3206	#D3CDE7	#FDFDFD
3207	#E5E2F1	#FEFEFE
3208	#C3BBDE	#FDFDFD
3209	#A096CB	#FBFBFB
3210	#EEECF6	#FEFEFE
3211	#DCD7EC	#FEFEFE
3212	#A197CC	#FBFBFB
3213	#C6BFE0	#FCFCFC
3214	#A79ECF	#F9F9F9
3215	#AFA6D3	#F8F8F8
3216	#A79ECF	#F9F9F9
3217	#E8E5F3	#FEFEFE
3218	#C1B9DD	#FBFBFB
3219	#EEECF6	#FEFEFE
3220	#FBFBFD	#FFFFFF
3221	#EEECF6	#FFFFFF
3222	#F9F8FC	#FFFFFF
3223	#D4CEE8	#FDFDFD
3224	#A89ECF	#F9F9F9
3225	#D4CEE7	#FDFDFD
3226	#D4CFE8	#FEFEFE
3227	#EBD4D0	#FEFEFE
3228	#C3BBDE	#FDFDFD
3229	#BEB6DC	#FCFCFC
3230	#FAFAFC	#FFFFFF
3231	#D5CFE8	#FEFEFE
3232	#D6D1E9	#FDFDFD
3233	#F8EFED	#FFFFFF
3234	#D3CDE7	#FDFDFD
3235	#A79DCF	#FBFBFB
3236	#B1A8D5	#FAFAFA
3237	#CBC5E3	#FDFDFD
3238	#BDB5DB	#FCFCFC
3239	#C7C0E0	#FCFCFC
3240	#EEECF6	#FFFFFF
3241	#DDD8EC	#FEFEFE
3242	#C3BBDE	#FDFDFD
3243	#FBF6F6	#FFFFFF
3244	#F8EEED	#FFFFFF
3245	#D4CEE8	#FDFDFD
3246	#CBC5E3	#FDFDFD
3247	#FBFBFD	#FFFFFF
3248	#B7AFD8	#FBFBFB
3249	#C6BFE0	#FCFCFC
3250	#D3CEE7	#FDFDFD
3251	#C4BDDF	#FCFCFC
3252	#E7E3F2	#FEFEFE
3253	#F4E6E4	#FEFEFE
3254	#C3BBDE	#FDFDFD
3255	#CBC4E3	#FDFDFD
3256	#D3CDE7	#FDFDFD
3257	#DDD8EC	#FEFEFE
3258	#B7AFD8	#FDFDFD
3259	#C4BCDF	#FCFCFC
3260	#F6F5FA	#FFFFFF
3261	#D7D2E9	#FDFDFD
3262	#CBC4E3	#FDFDFD
3263	#C4BDDF	#FCFCFC
3264	#CEC7E4	#FDFDFD
3265	#A79DCF	#FBFBFB
3266	#978CC6	#F5F5F5
3267	#D0CAE6	#FCFCFC
3268	#F8EEED	#FFFFFF
3269	#C4BCDF	#FCFCFC
3270	#A79DCF	#FBFBFB
3271	#F6F5FA	#FFFFFF
3272	#EEECF6	#FFFFFF
3273	#D5CFE8	#FEFEFE
3274	#C0B9DD	#FBFBFB
3275	#FBF6F6	#FFFFFF
3276	#CBC5E3	#FDFDFD
3277	#AFA5D3	#FCFCFC
3279	#C4BDDF	#FCFCFC
3280	#958AC5	#F9F9F9
3281	#F1DFDD	#FEFEFE
3282	#FBFAFD	#FFFFFF
3283	#E5E1F1	#FEFEFE
3284	#AEA5D3	#FCFCFC
3285	#D6D1E9	#FDFDFD
3286	#9A90C8	#FAFAFA
3287	#F5F4FA	#FFFFFF
3288	#B7AFD8	#FDFDFD
3289	#D4CFE8	#FEFEFE
3290	#CCC6E4	#FCFCFC
3291	#D3CEE7	#FDFDFD
3292	#FBF7F6	#FFFFFF
3293	#D4CFE8	#FEFEFE
3294	#E6E2F1	#FEFEFE
3295	#A197CC	#FBFBFB
3296	#A79DCF	#FBFBFB
3297	#D4CEE7	#FCFCFC
3298	#B6AED7	#FBFBFB
3299	#EBD3D0	#FEFEFE
3300	#BEB6DB	#FCFCFC
3301	#AEA5D3	#FCFCFC
3302	#DDD8EC	#FEFEFE
3303	#958AC5	#F9F9F9
3304	#AEA5D3	#FCFCFC
3305	#CDC7E4	#FDFDFD
3306	#D5CFE8	#FDFDFD
3307	#D8D2EA	#FDFDFD
3308	#C1B9DD	#FAFAFA
3309	#D4CEE8	#FDFDFD
3310	#A79DCF	#FBFBFB
3311	#E5E1F1	#FEFEFE
3312	#D3CEE7	#FDFDFD
3313	#EFECF6	#FEFEFE
3314	#ACA3D2	#FAFAFA
3315	#F7EDEC	#FFFFFF
3316	#E4E1F0	#FEFEFE
3317	#ABA2D1	#F9F9F9
3318	#C3BBDE	#FDFDFD
3319	#958AC5	#F9F9F9
3320	#D0CAE5	#FCFCFC
3321	#A79ECF	#FBFBFB
3322	#A79DCF	#FBFBFB
3323	#D4CEE7	#FDFDFD
3324	#EEECF6	#FFFFFF
3325	#E1BEBA	#FEFEFE
3326	#CB9790	#FCFCFC
3327	#B7AFD8	#FDFDFD
3328	#DBD6EC	#FEFEFE
3329	#FAF9FC	#FFFFFF
3330	#E1BEB9	#FEFEFE
3331	#A096CC	#FBFBFB
3332	#D4CFE8	#FDFDFD
3333	#AEA5D3	#FCFCFC
3334	#FAF9FC	#FFFFFF
3335	#D5CFE8	#FDFDFD
3336	#F1DFDD	#FEFEFE
3337	#8F84C2	#F8F8F8
3338	#FAF9FC	#FFFFFF
3339	#C3BBDE	#FDFDFD
3340	#EDEAF5	#FEFEFE
3341	#B8AFD8	#FDFDFD
3342	#F1E0DD	#FEFEFE
3343	#FBF6F6	#FFFFFF
3344	#DCD7EC	#FEFEFE
3345	#A89ECF	#FBFBFB
3346	#F6F4FA	#FFFFFF
3347	#E5E1F1	#FEFEFE
3348	#DDD8EC	#FEFEFE
3349	#E4E1F1	#FEFEFE
3350	#BDB5DB	#FCFCFC
3351	#D6D1E9	#FDFDFD
3352	#AFA6D3	#FCFCFC
3353	#C3BBDE	#FDFDFD
3354	#CDC7E4	#FCFCFC
3355	#C3BCDF	#FCFCFC
3356	#D3CDE7	#FDFDFD
3357	#C0B9DD	#FBFBFB
3358	#DDD8EC	#FEFEFE
3359	#AEA5D3	#FCFCFC
3360	#DDD8ED	#FEFEFE
3361	#AFA5D3	#FCFCFC
3362	#ACA3D2	#FAFAFA
3363	#BEB6DC	#FCFCFC
3364	#B1A8D5	#FAFAFA
3365	#A79ECF	#FBFBFB
3366	#BEB6DC	#FCFCFC
3367	#FBF6F6	#FFFFFF
3368	#AEA5D3	#F8F8F8
3370	#B1A8D5	#FAFAFA
3371	#8B80C0	#F8F8F8
3372	#EEECF6	#FFFFFF
3374	#ECE9F5	#FEFEFE
3375	#F1E0DD	#FEFEFE
3376	#DDD8EC	#FEFEFE
3377	#FBF7F6	#FFFFFF
3379	#AFA5D3	#FCFCFC
3381	#B7AFD8	#FDFDFD
3382	#CBC5E3	#FDFDFD
3383	#A79DCF	#FBFBFB
3384	#E9E5F3	#FEFEFE
3385	#FBFAFD	#FFFFFF
3386	#DDD8EC	#FEFEFE
3387	#FBF6F5	#FFFFFF
3388	#EEECF6	#FEFEFE
3389	#F5F4FA	#FFFFFF
3390	#C4BDDF	#FCFCFC
3391	#DED9ED	#FDFDFD
3392	#D4CEE8	#FDFDFD
3393	#CCC5E3	#FCFCFC
3394	#DDD8EC	#FEFEFE
3395	#FBFAFD	#FFFFFF
3396	#C1B9DD	#FBFBFB
3397	#C4BDDF	#FCFCFC
3398	#C5BEE0	#FBFBFB
3399	#A79DCF	#FBFBFB
3400	#D4CEE7	#FDFDFD
3401	#A197CC	#FBFBFB
3402	#FAF9FC	#FFFFFF
3403	#DBD6EC	#FEFEFE
3404	#F9F8FC	#FFFFFF
3405	#AEA5D3	#FCFCFC
3406	#B2A9D5	#FAFAFA
3407	#C7C0E0	#FCFCFC
3408	#D7D2E9	#FDFDFD
3409	#B7AFD8	#FDFDFD
3410	#E5E2F1	#FEFEFE
3411	#C3BBDE	#FDFDFD
3412	#EEECF6	#FFFFFF
3413	#B7AED8	#FBFBFB
3414	#ADA4D2	#FAFAFA
3415	#CBC5E3	#FDFDFD
3416	#DDD8ED	#FEFEFE
3417	#DDD8EC	#FEFEFE
3418	#C3BBDE	#FDFDFD
3419	#D4CEE7	#FDFDFD
3420	#DDD8EC	#FEFEFE
3421	#C3BBDE	#FDFDFD
3422	#FAF9FC	#FFFFFF
3423	#B7AFD8	#FDFDFD
3424	#CDC6E4	#FCFCFC
3425	#B1A8D4	#FAFAFA
3426	#CBC4E3	#FDFDFD
3427	#DDD8EC	#FEFEFE
3428	#B7AFD8	#FDFDFD
3429	#CBC5E3	#FDFDFD
3430	#CBC5E3	#FDFDFD
3431	#C5BEDF	#FCFCFC
3432	#AFA6D3	#F8F8F8
3433	#A298CC	#F4F4F4
3434	#C4BDDF	#FCFCFC
3435	#E4E0F0	#FEFEFE
3436	#D3CEE7	#FDFDFD
3437	#FBFAFD	#FFFFFF
3438	#F9F9FC	#FFFFFF
3439	#FAF9FC	#FFFFFF
3440	#F8EEED	#FFFFFF
3441	#FBFBFD	#FFFFFF
3442	#E8E5F3	#FEFEFE
3443	#EEEBF6	#FEFEFE
3444	#DCD7EC	#FEFEFE
3445	#AFA5D3	#FCFCFC
3446	#958AC5	#F9F9F9
3447	#A197CC	#FBFBFB
3448	#AEA5D3	#FCFCFC
3449	#C4BCDF	#FCFCFC
3450	#CBC5E3	#FDFDFD
3451	#CCC5E3	#FDFDFD
3452	#CCC5E3	#FDFDFD
3453	#CCC5E3	#FCFCFC
3454	#B7AFD8	#FDFDFD
3455	#A197CC	#FBFBFB
3456	#F9F9FC	#FFFFFF
3457	#B7AFD8	#FBFBFB
3458	#FBF6F6	#FFFFFF
3459	#FEFDFD	#FFFFFF
3460	#B7AED8	#FBFBFB
3461	#D4CEE8	#FDFDFD
3463	#E4E0F0	#FEFEFE
3464	#C6BFE0	#FCFCFC
3465	#8277BB	#F6F6F6
3466	#B7AED8	#FDFDFD
3467	#A79DCF	#FBFBFB
3468	#F7EDEB	#FFFFFF
3469	#DDD8EC	#FEFEFE
3470	#BDB5DB	#FCFCFC
3471	#C3BCDF	#FCFCFC
3472	#F1DFDD	#FEFEFE
3473	#AEA5D3	#FCFCFC
3474	#EFEDF6	#FEFEFE
3475	#C7C0E0	#FCFCFC
3476	#D7D1E9	#FDFDFD
3477	#DDD8ED	#FEFEFE
3478	#B3AAD5	#FAFAFA
3479	#A79DCF	#FBFBFB
3480	#F9F8FC	#FFFFFF
3481	#BBB3DA	#F9F9F9
3482	#D2CCE7	#FCFCFC
3483	#B7AED8	#FAFAFA
3484	#A89ED0	#F9F9F9
3485	#B7AFD8	#FDFDFD
3486	#CCC5E3	#FDFDFD
3487	#FAFAFC	#FFFFFF
3488	#AEA5D3	#FCFCFC
3489	#CCC5E3	#FDFDFD
3490	#D4CEE7	#FDFDFD
3491	#FEFDFD	#FFFFFF
3492	#EEECF6	#FFFFFF
3493	#F9F2F1	#FFFFFF
3494	#EFECF6	#FEFEFE
3495	#D7D1E9	#FDFDFD
3496	#FAFAFC	#FFFFFF
3497	#CBC4E3	#FDFDFD
3498	#AFA6D3	#FCFCFC
3499	#E6E2F1	#FEFEFE
3500	#D5CFE8	#FDFDFD
3501	#D1CBE6	#FCFCFC
3502	#E5E1F1	#FEFEFE
3503	#B8AFD8	#FDFDFD
3504	#E8E5F3	#FEFEFE
3505	#B7AED8	#FDFDFD
3506	#FBF6F6	#FFFFFF
3507	#CBC4E3	#FDFDFD
3508	#E4E0F0	#FEFEFE
3509	#D5CFE8	#FEFEFE
3510	#C3BBDE	#FDFDFD
3511	#CDC7E4	#FDFDFD
3512	#9A90C8	#FAFAFA
3513	#9B90C8	#FAFAFA
3514	#C1B9DD	#FBFBFB
3515	#FAF9FC	#FFFFFF
3516	#FBF6F6	#FFFFFF
3517	#C1BADE	#FBFBFB
3518	#F4E5E3	#FEFEFE
3519	#C1BADD	#FBFBFB
3520	#DED9ED	#FDFDFD
3521	#C1B9DD	#FAFAFA
3522	#D4CFE8	#FDFDFD
3523	#D4CEE8	#FEFEFE
3524	#BDB5DB	#FCFCFC
3525	#E5E2F1	#FEFEFE
3526	#B7AFD8	#FDFDFD
3528	#E8E5F3	#FEFEFE
3531	#D4CFE8	#FEFEFE
3532	#DDD8EC	#FEFEFE
3533	#E4E0F0	#FEFEFE
3534	#E8E5F3	#FEFEFE
3535	#CBC4E3	#FCFCFC
3536	#F2F0F8	#FFFFFF
3537	#FAF9FC	#FFFFFF
3538	#E9E5F3	#FEFEFE
3539	#AFA6D3	#F8F8F8
3540	#DCD8EC	#FEFEFE
3541	#A096CB	#FBFBFB
3542	#E8E5F3	#FEFEFE
3543	#FAFAFD	#FFFFFF
3544	#FBFAFD	#FFFFFF
3545	#E8E5F3	#FEFEFE
3546	#F8EEED	#FFFFFF
3547	#9B90C8	#FAFAFA
3548	#E4E1F0	#FEFEFE
3549	#B7AFD8	#FDFDFD
3550	#A79DCF	#FBFBFB
3551	#DDD8EC	#FEFEFE
3552	#D3CEE7	#FDFDFD
3553	#EEECF6	#FFFFFF
3554	#B7AED8	#FBFBFB
3555	#D0CAE5	#FCFCFC
3556	#C4BDDF	#FCFCFC
3557	#D5CFE8	#FDFDFD
3558	#A79ECF	#F9F9F9
3559	#9B90C8	#FAFAFA
3560	#DDD8ED	#FEFEFE
3561	#CBC4E3	#FCFCFC
3562	#BAB2DA	#F9F9F9
3563	#8F85C2	#F9F9F9
3564	#AFA5D3	#FCFCFC
3565	#9085C2	#F9F9F9
3566	#F5F4FA	#FFFFFF
3567	#BDB5DB	#FCFCFC
3568	#E4E0F0	#FEFEFE
3569	#FBF6F6	#FFFFFF
3570	#A197CC	#FBFBFB
3571	#F7EDEB	#FFFFFF
3572	#FAF9FC	#FFFFFF
3573	#D4CEE7	#FDFDFD
3574	#D4CEE8	#FDFDFD
3575	#FBFAFD	#FFFFFF
3576	#D9B0AB	#FDFDFD
3577	#D4CFE8	#FEFEFE
3579	#C3BBDE	#FDFDFD
3581	#D5CFE8	#FEFEFE
3582	#FAF9FC	#FFFFFF
3583	#FBFAFD	#FFFFFF
3584	#A096CB	#FBFBFB
3585	#DED9ED	#FEFEFE
3586	#B7AED8	#FDFDFD
3587	#DDD9ED	#FEFEFE
3588	#E4E1F1	#FEFEFE
3589	#ECEAF5	#FEFEFE
3590	#C4BCDF	#FCFCFC
3591	#DDD8ED	#FEFEFE
3592	#D4CEE7	#FDFDFD
3593	#F7ECEB	#FFFFFF
3594	#EEECF6	#FFFFFF
3595	#C4BCDF	#FCFCFC
3596	#B7AFD8	#FBFBFB
3597	#FAFAFC	#FFFFFF
3598	#EBD4D0	#FEFEFE
3599	#EEECF6	#FFFFFF
3600	#B7AFD8	#FDFDFD
3601	#DCD8EC	#FEFEFE
3602	#C6BFE0	#FCFCFC
3603	#EBD4D0	#FEFEFE
3604	#FEFEFD	#FFFFFF
3605	#FAFAFC	#FFFFFF
3606	#B7AED8	#FBFBFB
3607	#FBFAFD	#FFFFFF
3608	#FAFAFC	#FFFFFF
3609	#E7E4F2	#FEFEFE
3610	#AFA5D3	#FCFCFC
3611	#DCD7EC	#FEFEFE
3612	#EED9D6	#FEFEFE
3613	#A79DCF	#FBFBFB
3614	#D1CBE6	#FCFCFC
3615	#9A90C8	#FAFAFA
3616	#A197CC	#FBFBFB
3617	#D6D1E9	#FDFDFD
3618	#CDC6E4	#FCFCFC
3619	#AFA6D3	#FCFCFC
3620	#BDB5DB	#FCFCFC
3621	#D3CEE7	#FDFDFD
3622	#DCD8EC	#FEFEFE
3623	#AEA5D3	#FCFCFC
3624	#DCD8EC	#FEFEFE
3625	#9F95CB	#F7F7F7
3626	#A197CC	#FBFBFB
3627	#E1BEBA	#FEFEFE
3628	#CCC5E3	#FDFDFD
3632	#AFA6D3	#FCFCFC
3633	#B7AFD8	#FDFDFD
3634	#A79DCF	#FBFBFB
3635	#F8EEED	#FFFFFF
3636	#E9E5F3	#FEFEFE
3637	#E4E0F0	#FEFEFE
3638	#DDD8EC	#FEFEFE
3639	#D9B0AB	#FDFDFD
3640	#DEDAED	#FDFDFD
3641	#AFA5D3	#FCFCFC
3642	#D3CDE7	#FDFDFD
3643	#ACA3D2	#F9F9F9
3644	#DCD7EC	#FEFEFE
3645	#DCD7EC	#FEFEFE
3646	#E6E2F1	#FEFEFE
3647	#C4BDDF	#FCFCFC
3648	#AEA5D3	#FCFCFC
3649	#C3BBDE	#FDFDFD
3650	#E9E5F3	#FEFEFE
3651	#E4E0F0	#FEFEFE
3652	#FEFDFD	#FFFFFF
3653	#A79DCF	#FBFBFB
3654	#B1A8D5	#FAFAFA
3655	#E5E1F1	#FEFEFE
3656	#D4CEE8	#FEFEFE
3657	#E9E6F3	#FEFEFE
3658	#EEECF6	#FFFFFF
3659	#C4BCDF	#FCFCFC
3660	#CDC7E4	#FCFCFC
3661	#958BC5	#F9F9F9
3662	#D2CCE6	#FCFCFC
3663	#CBC5E3	#FDFDFD
3664	#D5CFE8	#FDFDFD
3665	#CDC6E4	#FCFCFC
3666	#D6D1E9	#FDFDFD
3667	#BDB5DB	#FCFCFC
3668	#D3CDE7	#FDFDFD
3669	#DED9ED	#FEFEFE
3670	#D4CEE8	#FDFDFD
3671	#C4BDDF	#FCFCFC
3672	#BEB6DB	#FCFCFC
3673	#DCD7EC	#FEFEFE
3674	#FBFAFD	#FFFFFF
3675	#DED9ED	#FDFDFD
3676	#D5CFE8	#FEFEFE
3677	#FBF7F6	#FFFFFF
3678	#D5CFE8	#FEFEFE
3679	#F8EEED	#FFFFFF
3682	#EBD4D0	#FEFEFE
3683	#E8E5F3	#FEFEFE
3684	#E9E5F3	#FEFEFE
3685	#B7AFD8	#FDFDFD
3686	#FEFDFD	#FFFFFF
3687	#FBF6F5	#FFFFFF
3688	#C4BDDF	#FCFCFC
3689	#E9E5F3	#FEFEFE
3690	#B7AFD8	#FDFDFD
3691	#EEECF6	#FEFEFE
3692	#C3BBDE	#FDFDFD
3693	#EEEBF6	#FFFFFF
3694	#C5BDDF	#FCFCFC
3695	#E6E2F1	#FEFEFE
3696	#E6E3F2	#FEFEFE
3697	#CDC6E4	#FCFCFC
3698	#DBD7EC	#FEFEFE
3699	#B8AFD8	#FDFDFD
3700	#DED9ED	#FEFEFE
3701	#A79ECF	#FBFBFB
3702	#CC9791	#FCFCFC
3703	#DED9ED	#FEFEFE
3704	#D3CEE7	#FDFDFD
3705	#FAFAFD	#FFFFFF
3706	#B7AFD8	#FDFDFD
3707	#A79ECF	#FBFBFB
3708	#B8AFD8	#FBFBFB
3709	#E9E5F3	#FEFEFE
3710	#A399CD	#F8F8F8
3711	#AFA5D3	#FCFCFC
3712	#B7AFD8	#FBFBFB
3713	#BEB6DB	#FCFCFC
3714	#C4BDDF	#FCFCFC
3715	#A79DCF	#FBFBFB
3716	#AFA5D3	#FCFCFC
3717	#D3CDE7	#FDFDFD
3718	#BEB6DC	#FCFCFC
3719	#E4E1F1	#FEFEFE
3720	#F9F8FC	#FFFFFF
3721	#C4BDDF	#FCFCFC
3722	#E8E5F3	#FEFEFE
3723	#C6BFE0	#FCFCFC
3724	#B7AFD8	#FDFDFD
3725	#CBC4E3	#FCFCFC
3726	#BDB5DB	#FCFCFC
3727	#DDD8EC	#FEFEFE
3728	#EBD4D0	#FEFEFE
3729	#E8E5F3	#FEFEFE
3733	#B7AFD8	#FDFDFD
3734	#AFA5D3	#FCFCFC
3735	#AEA5D3	#FCFCFC
3736	#F7EDEB	#FFFFFF
3737	#EBD4D0	#FEFEFE
3738	#C3BBDE	#FDFDFD
3739	#F6F5FA	#FFFFFF
3740	#DDD8EC	#FEFEFE
3741	#D7D1E9	#FDFDFD
3742	#C3BBDE	#FDFDFD
3743	#F4E6E4	#FEFEFE
3744	#BDB5DB	#FCFCFC
3745	#DED9ED	#FEFEFE
3746	#EFEDF6	#FEFEFE
3747	#FBFAFD	#FFFFFF
3748	#FBF6F5	#FFFFFF
3749	#D5CFE8	#FEFEFE
3750	#BDB5DB	#FCFCFC
3751	#DDD8EC	#FEFEFE
3752	#E9E5F3	#FEFEFE
3753	#EBD4D0	#FEFEFE
3754	#B2A9D5	#FAFAFA
3755	#A79ECF	#FBFBFB
3756	#CCC5E3	#FDFDFD
3757	#D4CEE7	#FDFDFD
3758	#ACA3D2	#FAFAFA
3759	#D5CFE8	#FEFEFE
3760	#9A90C8	#FAFAFA
3761	#DCD7EC	#FEFEFE
3762	#F5F4FA	#FFFFFF
3763	#CBC5E3	#FDFDFD
3764	#DBD7EC	#FEFEFE
3765	#EFEDF6	#FEFEFE
3766	#D8D2EA	#FDFDFD
3767	#F1E0DE	#FEFEFE
3768	#D5CFE8	#FEFEFE
3769	#C4BDDF	#FCFCFC
3770	#E5E1F1	#FEFEFE
3771	#867CBD	#F7F7F7
3772	#F4E6E4	#FEFEFE
3773	#FAF9FC	#FFFFFF
3774	#E8E5F3	#FEFEFE
3775	#8A80C0	#F8F8F8
3776	#FEFDFD	#FFFFFF
3777	#DDD8EC	#FEFEFE
3778	#E1BEBA	#FEFEFE
3779	#E5E1F1	#FEFEFE
3783	#CBC5E3	#FDFDFD
3784	#FBF7F6	#FFFFFF
3785	#D5CFE8	#FEFEFE
3786	#D5CFE8	#FEFEFE
3787	#D4CFE8	#FEFEFE
3788	#D3CDE7	#FDFDFD
3789	#E8E5F3	#FEFEFE
3790	#C3BBDE	#FDFDFD
3792	#B7AFD8	#FDFDFD
3793	#E8E5F3	#FEFEFE
3794	#9085C2	#F9F9F9
3795	#DDD8EC	#FEFEFE
3796	#E5E2F1	#FEFEFE
3797	#DDD8EC	#FEFEFE
3798	#F9F8FC	#FFFFFF
3799	#D6D1E9	#FDFDFD
3800	#F1DFDD	#FEFEFE
3801	#D4CEE8	#FEFEFE
3802	#E4C4C0	#FDFDFD
3803	#AEA5D3	#FCFCFC
3804	#D4CEE8	#FDFDFD
3805	#9A90C8	#FAFAFA
3806	#EEECF6	#FFFFFF
3807	#FDFAFA	#FFFFFF
3808	#A197CC	#FBFBFB
3809	#E7E3F2	#FEFEFE
3810	#EDEBF5	#FEFEFE
3811	#EBD4D0	#FEFEFE
3812	#AFA5D3	#FCFCFC
3813	#F6F5FA	#FFFFFF
3814	#C4BDDF	#FCFCFC
3815	#EDEAF5	#FEFEFE
3816	#DDD8ED	#FDFDFD
3817	#C3BBDE	#FDFDFD
3818	#EDEBF5	#FEFEFE
3819	#B7AFD8	#FDFDFD
3820	#CDC6E4	#FCFCFC
3821	#EFECF6	#FEFEFE
3822	#CBC4E3	#FDFDFD
3823	#EEECF6	#FEFEFE
3824	#CBC4E3	#FDFDFD
3825	#BDB5DB	#FCFCFC
3826	#F9F8FC	#FFFFFF
3827	#A197CC	#FBFBFB
3828	#F8EEED	#FFFFFF
3829	#A79ECF	#FBFBFB
3834	#D3CDE7	#FCFCFC
3835	#F9F8FC	#FFFFFF
3836	#E5E1F1	#FEFEFE
3837	#FBFAFD	#FFFFFF
3838	#D4CFE8	#FEFEFE
3839	#EDEBF5	#FEFEFE
3840	#B7AFD8	#FDFDFD
3841	#B7AFD8	#FDFDFD
3842	#C3BBDE	#FDFDFD
3843	#B7AFD8	#FDFDFD
3844	#D2CCE7	#FCFCFC
3845	#CCC5E3	#FDFDFD
3846	#BEB7DC	#FCFCFC
3847	#9B91C8	#FAFAFA
3848	#EEEBF6	#FEFEFE
3849	#EBD3D0	#FEFEFE
3850	#DED9ED	#FEFEFE
3851	#DBD6EB	#FEFEFE
3852	#AFA6D3	#FCFCFC
3853	#B7AFD8	#FDFDFD
3854	#AFA5D3	#FCFCFC
3855	#E4E1F1	#FEFEFE
3856	#CBC5E3	#FDFDFD
3857	#C3BBDE	#FDFDFD
3858	#E5E1F1	#FEFEFE
3859	#DED9ED	#FEFEFE
3860	#C4BCDF	#FCFCFC
3861	#F6F4FA	#FFFFFF
3862	#FAF9FC	#FFFFFF
3863	#B2A9D5	#FAFAFA
3864	#D7D1E9	#FDFDFD
3865	#DDD8ED	#FEFEFE
3866	#DDD8EC	#FEFEFE
3867	#C2BADE	#FBFBFB
3868	#958AC5	#F9F9F9
3869	#F9F8FC	#FFFFFF
3870	#B7AFD8	#FDFDFD
3871	#8A80C0	#F8F8F8
3872	#EEECF6	#FFFFFF
3873	#B3ABD6	#F9F9F9
3874	#9A90C8	#FAFAFA
3875	#A096CB	#FBFBFB
3876	#B7AFD8	#FDFDFD
3877	#FBF7F6	#FFFFFF
3878	#D4CEE8	#FDFDFD
3879	#FAFAFC	#FFFFFF
3884	#C1BADE	#FBFBFB
3885	#D6D1E9	#FDFDFD
3886	#FEFDFD	#FFFFFF
3888	#FBFAFD	#FFFFFF
3889	#FAFAFC	#FFFFFF
3890	#EEECF6	#FFFFFF
3891	#EFEDF6	#FEFEFE
3892	#E8E5F3	#FEFEFE
3893	#B7AFD8	#FDFDFD
3894	#A79ECF	#FBFBFB
3895	#D0CAE6	#FCFCFC
3896	#C5BDDF	#FCFCFC
3897	#C3BBDE	#FDFDFD
3898	#AEA5D3	#FCFCFC
3899	#C3BBDE	#FDFDFD
3900	#C3BBDE	#FDFDFD
3901	#D3CDE7	#FDFDFD
3902	#F9F8FC	#FFFFFF
3903	#F8EFED	#FFFFFF
3904	#DCD7EC	#FEFEFE
3905	#EEECF6	#FFFFFF
3906	#CCC6E4	#FCFCFC
3907	#CCC5E3	#FDFDFD
3908	#B7AED8	#F8F8F8
3909	#E4E0F0	#FEFEFE
3910	#B7AFD8	#FBFBFB
3911	#AEA5D3	#FCFCFC
3912	#DDD8EC	#FEFEFE
3913	#DCD8EC	#FEFEFE
3914	#C4BDDF	#FCFCFC
3915	#DED9ED	#FEFEFE
3916	#B1A8D4	#FAFAFA
3917	#B7AFD8	#FDFDFD
3918	#DBD7EC	#FEFEFE
3919	#B7AED8	#FBFBFB
3920	#EFEDF6	#FFFFFF
3921	#FAF9FC	#FFFFFF
3922	#DED9ED	#FEFEFE
3923	#FEFDFC	#FFFFFF
3924	#CBC5E3	#FDFDFD
3925	#C0B9DD	#FBFBFB
3926	#FAF9FC	#FFFFFF
3927	#ACA2D2	#F9F9F9
3928	#E9E5F3	#FEFEFE
3929	#CBC4E3	#FDFDFD
3935	#E4E0F0	#FEFEFE
3936	#CCC6E3	#FDFDFD
3937	#D8D3EA	#FDFDFD
3938	#EEECF6	#FEFEFE
3939	#A79ECF	#FBFBFB
3940	#A79DCF	#FBFBFB
3941	#9A90C8	#FAFAFA
3943	#D4CFE8	#FEFEFE
3944	#A79DCF	#FBFBFB
3945	#A79DCF	#FBFBFB
3946	#948AC5	#F9F9F9
3947	#A79DCF	#FBFBFB
3948	#D4CEE8	#FDFDFD
3949	#DCD8EC	#FEFEFE
3950	#C4BDDF	#FCFCFC
3951	#DBD7EC	#FEFEFE
3952	#A79DCF	#FBFBFB
3953	#F8EFED	#FFFFFF
3954	#9A90C8	#FAFAFA
3955	#C3BBDE	#FDFDFD
3956	#E8E5F3	#FEFEFE
3957	#B7AFD8	#FDFDFD
3958	#C4BDDF	#FCFCFC
3959	#C3BBDE	#FDFDFD
3960	#A79DCF	#FBFBFB
3961	#C7C0E1	#FCFCFC
3962	#EBD4D0	#FEFEFE
3963	#B8AFD8	#FDFDFD
3964	#D4CEE8	#FDFDFD
3965	#B8AFD8	#FBFBFB
3966	#D4CEE7	#FDFDFD
3967	#C6BFE0	#FCFCFC
3968	#DCD7EC	#FEFEFE
3969	#DBD6EB	#FEFEFE
3970	#ECEAF5	#FEFEFE
3971	#CBC4E3	#FDFDFD
3972	#DDD8ED	#FEFEFE
3973	#EEECF6	#FFFFFF
3974	#E6E2F1	#FEFEFE
3975	#C4BDDF	#FCFCFC
3976	#ACA3D2	#FAFAFA
3977	#B7AFD8	#FDFDFD
3978	#DCD8EC	#FEFEFE
3979	#D4CEE8	#FDFDFD
3985	#EEECF6	#FFFFFF
3986	#D3CDE7	#FCFCFC
3987	#F6EAE8	#FEFEFE
3988	#C1BADD	#FBFBFB
3989	#B7AFD8	#FDFDFD
4041	#AEA5D3	#FCFCFC
4042	#D6D1E9	#FDFDFD
4043	#FEFDFD	#FFFFFF
4044	#EDEAF5	#FEFEFE
4045	#FAF9FC	#FFFFFF
4046	#D4CFE8	#FDFDFD
4047	#D5CFE8	#FDFDFD
4048	#ACA3D2	#FAFAFA
4049	#D7D2E9	#FDFDFD
4050	#E6C8C4	#FDFDFD
4051	#BEB6DB	#FCFCFC
4052	#CBC5E3	#FDFDFD
4053	#B7AFD8	#FBFBFB
4054	#A197CC	#FBFBFB
4055	#FAFAFC	#FFFFFF
4056	#E6E3F2	#FEFEFE
4057	#F9F8FC	#FFFFFF
4058	#DED9ED	#FEFEFE
4059	#B0A7D4	#F8F8F8
4060	#CCC5E3	#FDFDFD
4061	#A79DCF	#FBFBFB
4062	#A197CC	#FBFBFB
4063	#E6E2F1	#FEFEFE
4064	#E4E0F0	#FEFEFE
4065	#EEECF6	#FFFFFF
4066	#BEB6DC	#FAFAFA
4067	#A89ECF	#F9F9F9
4068	#CCC6E4	#FCFCFC
4069	#D4CEE8	#FDFDFD
4070	#C4BDDF	#FCFCFC
4071	#B2AAD5	#FAFAFA
4072	#FAF9FC	#FFFFFF
4073	#EFEDF6	#FFFFFF
4074	#C3BBDE	#FDFDFD
4075	#E9E5F3	#FEFEFE
4076	#EFEDF6	#FEFEFE
4077	#AEA5D3	#FCFCFC
4078	#A79ECF	#FBFBFB
4079	#E9E6F3	#FEFEFE
4080	#C3BBDE	#FDFDFD
4081	#DED9ED	#FEFEFE
4082	#B7AFD8	#FDFDFD
4083	#A79DCF	#FBFBFB
4084	#E9E5F3	#FEFEFE
4085	#DED9ED	#FDFDFD
4086	#DCD7EC	#FEFEFE
4087	#A197CC	#FBFBFB
4088	#C6BFE0	#FAFAFA
4089	#D4CEE8	#FDFDFD
4090	#D8D2EA	#FDFDFD
4091	#D6D1E9	#FDFDFD
4092	#CCC5E3	#FDFDFD
4093	#DEDAED	#FEFEFE
4094	#D4CFE8	#FDFDFD
4095	#FDFBFA	#FFFFFF
4096	#CDC6E4	#FCFCFC
4097	#D3CDE7	#FDFDFD
4098	#C2BADE	#FAFAFA
4099	#A096CB	#FBFBFB
4100	#F1E0DE	#FEFEFE
4101	#EEECF6	#FEFEFE
4102	#CDC6E4	#FCFCFC
4103	#9B90C8	#FAFAFA
4104	#B1A8D5	#FAFAFA
4105	#DCD8EC	#FEFEFE
4106	#DBD7EC	#FEFEFE
4107	#F2F0F8	#FFFFFF
4108	#B7AFD8	#FDFDFD
4109	#D4CEE7	#FDFDFD
4110	#E8E5F3	#FEFEFE
4111	#D4CFE8	#FEFEFE
4112	#D4CEE8	#FDFDFD
4113	#A096CB	#FBFBFB
4114	#C4BCDF	#FCFCFC
4115	#E4E1F1	#FEFEFE
4116	#DDD8EC	#FEFEFE
4117	#BDB5DB	#FCFCFC
4118	#C3BBDE	#FDFDFD
4119	#9A90C8	#FAFAFA
4120	#A79ECF	#FBFBFB
4121	#D4CEE8	#FDFDFD
4122	#CEC8E4	#FDFDFD
4123	#F1E0DD	#FEFEFE
4124	#D5CFE8	#FEFEFE
4125	#E9E5F3	#FEFEFE
4126	#EBD4D0	#FEFEFE
4127	#9A90C8	#FAFAFA
4128	#D5CFE8	#FEFEFE
4129	#C3BBDE	#FDFDFD
4130	#EBD4D0	#FEFEFE
4131	#D3CEE7	#FDFDFD
4132	#D4CEE7	#FDFDFD
4133	#F1E0DD	#FEFEFE
4134	#9A90C8	#FAFAFA
4135	#FBFAFD	#FFFFFF
4136	#BDB5DB	#FCFCFC
4137	#D6D1E9	#FDFDFD
4138	#D5CFE8	#FDFDFD
4139	#C9C2E1	#FAFAFA
4140	#B7AFD8	#FBFBFB
4141	#ACA2D2	#F9F9F9
4142	#C3BBDE	#FDFDFD
4143	#DDD8EC	#FEFEFE
4144	#E4E1F1	#FEFEFE
4145	#EFEDF6	#FEFEFE
4146	#FBFAFD	#FFFFFF
4147	#B1A8D4	#FAFAFA
4148	#CBC4E3	#FDFDFD
4149	#7E73B9	#F5F5F5
4150	#CBC5E3	#FDFDFD
4151	#CBC5E3	#FDFDFD
4152	#D4CEE8	#FDFDFD
4153	#DDD9ED	#FDFDFD
4154	#DDD8EC	#FEFEFE
4155	#A096CB	#FBFBFB
4156	#E8CDCA	#FEFEFE
4157	#E4E1F1	#FEFEFE
4158	#EEECF6	#FEFEFE
4159	#DEDAED	#FEFEFE
4160	#A79ECF	#F9F9F9
4161	#D5CFE8	#FDFDFD
4162	#CDC7E4	#FCFCFC
4163	#DBD7EC	#FEFEFE
4164	#DED9ED	#FEFEFE
4165	#D7D2E9	#FDFDFD
4166	#FBF6F6	#FFFFFF
4167	#DDD8EC	#FEFEFE
4168	#CDC6E4	#FCFCFC
4169	#8177BB	#F6F6F6
4170	#C3BBDE	#FDFDFD
4171	#CCC5E3	#FDFDFD
4172	#CBC5E3	#FDFDFD
4173	#A79ECF	#FBFBFB
4174	#D3CDE7	#FDFDFD
4175	#D5CFE8	#FEFEFE
4176	#A79DCF	#FBFBFB
4177	#EEECF6	#FFFFFF
4178	#E8E5F3	#FEFEFE
4179	#E1BEBA	#FEFEFE
4180	#DDD9ED	#FEFEFE
4181	#FBFAFD	#FFFFFF
4183	#FBF6F5	#FFFFFF
4184	#EEECF6	#FEFEFE
4185	#EFEDF6	#FEFEFE
4186	#CCC6E3	#FCFCFC
4187	#D5CFE8	#FDFDFD
4188	#CCC5E3	#FDFDFD
4189	#C7C0E0	#FCFCFC
4190	#CDC7E4	#FCFCFC
4191	#C7C0E0	#FCFCFC
4192	#BCB4DA	#FAFAFA
4193	#D3CEE7	#FDFDFD
4194	#CEC7E4	#FDFDFD
4195	#C3BCDF	#FCFCFC
4196	#C7C0E1	#FCFCFC
4197	#DDD8ED	#FEFEFE
4198	#E4E1F1	#FEFEFE
4199	#EFECF6	#FEFEFE
4200	#E1BEBA	#FEFEFE
4201	#EBE8F4	#FEFEFE
4202	#F4E6E4	#FEFEFE
4203	#D6D1E9	#FDFDFD
4204	#EFEDF7	#FFFFFF
4205	#FAF9FC	#FFFFFF
4206	#C1B9DD	#FBFBFB
4207	#B7AFD8	#FDFDFD
4208	#FAFAFC	#FFFFFF
4209	#FBF6F5	#FFFFFF
4210	#C4BDDF	#FCFCFC
4211	#BDB5DB	#FCFCFC
4212	#E5E1F1	#FEFEFE
4213	#E4E0F0	#FEFEFE
4214	#E4E0F0	#FEFEFE
4215	#E6E2F1	#FEFEFE
4216	#CDC6E4	#FCFCFC
4217	#E2DDEF	#FDFDFD
4218	#C4BDDF	#FCFCFC
4219	#FAF9FC	#FFFFFF
4220	#D4CEE8	#FEFEFE
4221	#ACA2D2	#F9F9F9
4222	#E9E5F3	#FEFEFE
4223	#A79DCF	#FBFBFB
4224	#C3BBDE	#FDFDFD
4225	#DED9ED	#FEFEFE
4226	#D4CFE8	#FEFEFE
4227	#D4CFE8	#FEFEFE
4228	#B7AFD8	#FDFDFD
4229	#D4CEE7	#FDFDFD
4230	#FBFAFD	#FFFFFF
4231	#DCD8EC	#FEFEFE
4232	#F6F4FA	#FFFFFF
4233	#FBFAFD	#FFFFFF
4234	#B7AED8	#FBFBFB
4235	#DBD6EC	#FEFEFE
4236	#D4CEE8	#FEFEFE
4237	#C5BDDF	#FCFCFC
4238	#B7AED8	#FBFBFB
4239	#CDC7E4	#FDFDFD
4240	#A69DCF	#F6F6F6
4241	#EEECF6	#FFFFFF
4242	#CBC5E3	#FCFCFC
4243	#E1BEBA	#FEFEFE
4244	#C3BBDE	#FDFDFD
4245	#BCB4DA	#FAFAFA
4246	#DEDAED	#FDFDFD
4247	#C5BDDF	#FCFCFC
4248	#E8E5F3	#FEFEFE
4249	#E1BEB9	#FEFEFE
4250	#E6E3F1	#FEFEFE
4251	#DEDAED	#FDFDFD
4252	#D7D2E9	#FDFDFD
4253	#D8D2EA	#FDFDFD
4254	#EEECF6	#FFFFFF
4255	#D7D1E9	#FDFDFD
4256	#DEDAED	#FDFDFD
4257	#FBF7F6	#FFFFFF
4258	#AFA6D3	#FCFCFC
4259	#E6E2F1	#FEFEFE
4260	#E4E1F1	#FEFEFE
4261	#FAF9FC	#FFFFFF
4262	#D4CFE8	#FDFDFD
4263	#B1A8D5	#FAFAFA
4264	#BDB5DB	#FCFCFC
4265	#F9F8FC	#FFFFFF
4266	#F9F8FC	#FFFFFF
4267	#DBD6EC	#FEFEFE
4268	#D4CEE8	#FDFDFD
4269	#EEECF6	#FEFEFE
4270	#BEB6DC	#FCFCFC
4271	#B8AFD8	#FBFBFB
4272	#E6E2F1	#FEFEFE
4273	#D5CFE8	#FEFEFE
4274	#CBC4E3	#FDFDFD
4275	#B7AFD8	#FBFBFB
4276	#B7AFD8	#FDFDFD
4277	#B7AFD8	#FDFDFD
4278	#E5E2F1	#FEFEFE
4279	#DDD8EC	#FEFEFE
4280	#C1BADE	#FBFBFB
4281	#FBF6F5	#FFFFFF
4282	#F8EFED	#FFFFFF
4283	#EEECF6	#FFFFFF
4284	#FAF9FC	#FFFFFF
4285	#EFEDF6	#FEFEFE
4286	#F8EEED	#FFFFFF
4287	#857BBD	#F7F7F7
4288	#F9F8FC	#FFFFFF
4289	#DCD7EC	#FEFEFE
4290	#D4CFE8	#FDFDFD
4291	#C1B9DD	#FBFBFB
4292	#CEC8E5	#FCFCFC
4293	#FBFAFD	#FFFFFF
4294	#EFEDF6	#FEFEFE
4295	#FAF9FC	#FFFFFF
4296	#DBD7EC	#FEFEFE
4297	#DDD8EC	#FEFEFE
4298	#C5BDDF	#FCFCFC
4299	#EFECF6	#FFFFFF
4300	#D4CEE8	#FDFDFD
4301	#C6BFE0	#FCFCFC
4302	#F5F4FA	#FFFFFF
4303	#CBC4E3	#FCFCFC
4304	#F4E6E4	#FEFEFE
4305	#E9CECA	#FEFEFE
4306	#EAE7F4	#FEFEFE
4307	#DED9ED	#FDFDFD
4308	#FAF9FC	#FFFFFF
4309	#DDD8ED	#FEFEFE
4310	#DCD7EC	#FEFEFE
4311	#F7EDEC	#FFFFFF
4312	#B8B0D8	#FBFBFB
4313	#E4E1F1	#FEFEFE
4314	#EDEBF5	#FEFEFE
4315	#BDB5DB	#FCFCFC
4316	#FBF7F6	#FFFFFF
4317	#F1E0DE	#FEFEFE
4318	#FBF6F5	#FFFFFF
4319	#F9F8FC	#FFFFFF
4320	#A79DCF	#FBFBFB
4321	#B7AFD8	#FBFBFB
4322	#AEA5D3	#FCFCFC
4323	#EEECF6	#FFFFFF
4324	#D4CEE7	#FDFDFD
4325	#B7AFD8	#FDFDFD
4326	#DDD8ED	#FEFEFE
4327	#FAF9FC	#FFFFFF
4328	#B7AFD8	#FDFDFD
4329	#C4BDDF	#FCFCFC
4330	#D5CFE8	#FDFDFD
4332	#E6E3F2	#FEFEFE
4333	#E5E1F1	#FEFEFE
4334	#EEEBF6	#FFFFFF
4335	#CBC5E3	#FDFDFD
4336	#948AC5	#F9F9F9
4337	#DBD6EC	#FEFEFE
4338	#D4CEE8	#FDFDFD
4339	#E4E1F1	#FEFEFE
4340	#DED9ED	#FDFDFD
4341	#EDEAF5	#FEFEFE
4342	#CDC7E4	#FCFCFC
4343	#D3CDE7	#FCFCFC
4344	#EEECF6	#FFFFFF
4345	#DBD6EC	#FEFEFE
4346	#8F85C2	#F9F9F9
4347	#C4BDDF	#FCFCFC
4348	#E9E6F3	#FEFEFE
4349	#A096CB	#FBFBFB
4350	#D3CDE7	#FDFDFD
4351	#E0BEB9	#FEFEFE
4352	#ABA2D1	#F9F9F9
4353	#B2AAD5	#F9F9F9
4354	#9A90C8	#FAFAFA
4355	#DDD8ED	#FEFEFE
4356	#FBFAFD	#FFFFFF
4357	#A197CC	#FBFBFB
4358	#F9F8FC	#FFFFFF
4359	#DDD8ED	#FEFEFE
4360	#EEECF6	#FEFEFE
4361	#F7EDEB	#FFFFFF
4362	#F9F1F0	#FFFFFF
4363	#C6BFE0	#FCFCFC
4364	#EDEBF5	#FEFEFE
4365	#DED9ED	#FEFEFE
4366	#D4CFE8	#FEFEFE
4367	#A096CB	#FBFBFB
4368	#E3DFF0	#FEFEFE
4369	#D4CEE7	#FDFDFD
4370	#A79ECF	#FBFBFB
4371	#A096CB	#FBFBFB
4372	#D4CEE7	#FDFDFD
4373	#CCC5E3	#FDFDFD
4374	#EEECF6	#FFFFFF
4375	#E8E5F3	#FEFEFE
4376	#D5CFE8	#FEFEFE
4377	#E5E1F1	#FEFEFE
4378	#FEFDFD	#FFFFFF
4379	#FEFDFC	#FFFFFF
4380	#CDC7E4	#FCFCFC
4381	#DDD9ED	#FEFEFE
4382	#EFECF6	#FFFFFF
4383	#F6F4FA	#FFFFFF
4384	#EFEDF6	#FEFEFE
4385	#D3CEE7	#FDFDFD
4386	#F1E0DD	#FEFEFE
4387	#D4CEE8	#FDFDFD
4388	#BEB7DC	#FCFCFC
4389	#F1DFDC	#FEFEFE
4390	#D9B0AB	#FDFDFD
4391	#B8B0D8	#FBFBFB
4392	#F2F0F8	#FFFFFF
4393	#D0CAE6	#FCFCFC
4394	#A197CC	#FBFBFB
4395	#B7AFD8	#FBFBFB
4396	#CDC7E4	#FDFDFD
4397	#EEECF6	#FFFFFF
4398	#DCD7EC	#FEFEFE
4399	#D8D3EA	#FDFDFD
4400	#D0CAE6	#FCFCFC
4401	#FAF9FC	#FFFFFF
4402	#BDB5DB	#FCFCFC
4403	#BBB3DA	#FAFAFA
4404	#FBF6F6	#FFFFFF
4405	#A79DCF	#FBFBFB
4406	#D4CEE7	#FDFDFD
4407	#F8EEED	#FFFFFF
4408	#F8EEED	#FFFFFF
4409	#DCD7EC	#FEFEFE
4410	#E5E1F1	#FEFEFE
4411	#E9CECB	#FEFEFE
4412	#FBFBFD	#FFFFFF
4413	#B7AED8	#FDFDFD
4414	#EEECF6	#FFFFFF
4415	#FFFFFF	#FFFFFF
4416	#D9D4EA	#FCFCFC
4417	#C1B9DD	#FBFBFB
4418	#E4E1F1	#FEFEFE
4419	#EEECF6	#FFFFFF
4420	#DDD9ED	#FDFDFD
4421	#BEB6DC	#FCFCFC
4422	#958AC5	#F9F9F9
4423	#A096CB	#FBFBFB
4424	#F9F8FC	#FFFFFF
4425	#FAF9FC	#FFFFFF
4426	#F8EEED	#FFFFFF
4427	#FAF9FC	#FFFFFF
4428	#ECD5D2	#FEFEFE
4429	#B7AFD8	#FDFDFD
4430	#DEDAED	#FDFDFD
4431	#B7AFD8	#FDFDFD
4432	#E4E0F0	#FEFEFE
4433	#F7ECEB	#FFFFFF
4434	#FAFAFC	#FFFFFF
4435	#D3CDE7	#FDFDFD
4436	#AFA6D3	#FCFCFC
4437	#F8EEED	#FFFFFF
4438	#FBFAFD	#FFFFFF
4439	#C1B9DD	#FBFBFB
4440	#DDD8EC	#FDFDFD
4441	#FBFBFD	#FFFFFF
4442	#C4BCDF	#FCFCFC
4443	#F6F5FA	#FFFFFF
4444	#8B81C0	#F8F8F8
4445	#BEB6DC	#FCFCFC
4446	#C4BDDF	#FCFCFC
4447	#D7D2E9	#FDFDFD
4448	#CDC7E4	#FCFCFC
4449	#8B80C0	#F8F8F8
4450	#BBB3DA	#FAFAFA
4451	#BEB6DC	#FCFCFC
4452	#EFECF6	#FEFEFE
4453	#C7C0E1	#FCFCFC
4454	#A79DCF	#FBFBFB
4455	#E5E1F1	#FEFEFE
4456	#F1E0DE	#FEFEFE
4457	#D4CEE8	#FDFDFD
4458	#E8E5F3	#FEFEFE
4459	#F8EEED	#FFFFFF
4460	#9A90C8	#FAFAFA
4461	#FAFAFC	#FFFFFF
4462	#A79ECF	#FBFBFB
4463	#C3BBDE	#FDFDFD
4464	#DCD7EC	#FEFEFE
4465	#D4CEE7	#FDFDFD
4466	#CCC6E3	#FCFCFC
4467	#C5BDDF	#FCFCFC
4468	#A096CB	#FBFBFB
4469	#BBB3DA	#FAFAFA
4470	#D3CEE7	#FDFDFD
4471	#D5CFE8	#FDFDFD
4472	#BCB4DB	#FAFAFA
4473	#F6F4FA	#FFFFFF
4474	#C3BBDE	#FDFDFD
4475	#EEECF6	#FEFEFE
4476	#DED9ED	#FEFEFE
4477	#B7AFD8	#FDFDFD
4478	#AEA5D3	#FCFCFC
4479	#AFA5D3	#FCFCFC
4480	#BDB5DB	#FCFCFC
4481	#CCC5E3	#FDFDFD
4482	#DBD7EC	#FEFEFE
4483	#C3BBDE	#FDFDFD
4484	#D5CFE8	#FEFEFE
4485	#E5E2F1	#FEFEFE
4486	#EFECF6	#FFFFFF
4487	#BEB6DC	#FCFCFC
4488	#D3CDE7	#FDFDFD
4489	#DDD8EC	#FDFDFD
4490	#E9E5F3	#FEFEFE
4491	#F9F8FC	#FFFFFF
4492	#B7AFD8	#FBFBFB
4493	#CDC6E4	#FCFCFC
4494	#D3CEE7	#FDFDFD
4495	#E5E1F1	#FEFEFE
4496	#9A90C8	#FAFAFA
4497	#CDC6E4	#FCFCFC
4498	#D3CEE7	#FDFDFD
4499	#D2CDE7	#FCFCFC
4500	#E6E3F2	#FEFEFE
4501	#D1CAE6	#FCFCFC
4502	#8379BC	#EBEBEB
4503	#B2A9D5	#FAFAFA
4504	#BDB5DB	#FCFCFC
4505	#DCD7EC	#FEFEFE
4506	#DBD6EC	#FEFEFE
4507	#DCD7EC	#FEFEFE
4508	#D3CEE7	#FDFDFD
4509	#C5BEDF	#FCFCFC
4510	#E6E2F1	#FEFEFE
4511	#E5E1F1	#FEFEFE
4512	#F9F8FC	#FFFFFF
4513	#B7AFD8	#FAFAFA
4514	#E1BFBB	#FDFDFD
4515	#D3CEE7	#FDFDFD
4516	#DED9ED	#FEFEFE
4517	#C4BDDF	#FCFCFC
4518	#CDC7E4	#FCFCFC
4519	#FEFDFD	#FFFFFF
4520	#B3AAD5	#F9F9F9
4521	#C6BFE0	#FCFCFC
4522	#9A8FC8	#FAFAFA
4523	#DCD7EC	#FEFEFE
4524	#DDD9ED	#FEFEFE
4525	#9B91C8	#FAFAFA
4526	#F9F9FC	#FFFFFF
4527	#E9E6F3	#FEFEFE
4528	#D5CFE8	#FEFEFE
4529	#D4CEE7	#FDFDFD
4530	#FAF9FC	#FFFFFF
4531	#CDC7E4	#FCFCFC
4532	#F9F8FC	#FFFFFF
4533	#C3BBDE	#FDFDFD
4534	#FAF9FC	#FFFFFF
4535	#F9F8FC	#FFFFFF
4536	#C3BBDE	#FDFDFD
4537	#E4E1F1	#FEFEFE
4538	#E9E5F3	#FEFEFE
4540	#EEECF6	#FFFFFF
4541	#958BC6	#F9F9F9
4542	#BEB6DB	#FCFCFC
4543	#DED9ED	#FEFEFE
4544	#F7EEEC	#FFFFFF
4545	#F6F5FA	#FFFFFF
4546	#C4BDDF	#FCFCFC
4547	#C6BFE0	#FCFCFC
4548	#B7AFD8	#FDFDFD
4549	#DDD9ED	#FDFDFD
4550	#DBD6EC	#FEFEFE
4551	#D7D2E9	#FDFDFD
4552	#8378BB	#F6F6F6
4553	#C3BBDE	#FDFDFD
4554	#ECEAF5	#FEFEFE
4555	#CBC5E3	#FDFDFD
4556	#F9F9FC	#FFFFFF
4557	#EEECF6	#FFFFFF
4558	#D0CAE5	#FCFCFC
4559	#D8D2EA	#FDFDFD
4560	#AFA6D3	#FCFCFC
4561	#CBC5E3	#FCFCFC
4562	#EBD4D0	#FEFEFE
4563	#EEECF6	#FFFFFF
4564	#E5E1F1	#FEFEFE
4565	#DCD7EC	#FEFEFE
4566	#CCC5E3	#FDFDFD
4567	#CBC5E3	#FDFDFD
4568	#E3C3BF	#FDFDFD
4569	#A39ACD	#F8F8F8
4570	#EFECF6	#FEFEFE
4571	#E8E5F3	#FEFEFE
4572	#F9F8FC	#FFFFFF
4573	#CDC6E4	#FCFCFC
4574	#A79ECF	#FBFBFB
4575	#C5BDDF	#FCFCFC
4576	#A197CC	#FBFBFB
4577	#A197CC	#FBFBFB
4578	#F7EDEB	#FFFFFF
4579	#D3CEE7	#FDFDFD
4580	#C4BDDF	#FCFCFC
4581	#E4E0F0	#FEFEFE
4582	#AEA5D3	#FCFCFC
4583	#EEECF6	#FFFFFF
4584	#D4CFE8	#FDFDFD
4585	#E5E1F1	#FEFEFE
4586	#CCC5E3	#FDFDFD
4587	#A197CC	#FBFBFB
4588	#B7AFD8	#FDFDFD
4589	#AEA5D3	#FCFCFC
4590	#E4E0F0	#FEFEFE
4591	#CCC5E3	#FDFDFD
4592	#A79ECF	#FBFBFB
4593	#8F85C2	#F8F8F8
4594	#EEECF6	#FFFFFF
4595	#DCD8EC	#FEFEFE
4596	#E9E6F3	#FEFEFE
4597	#DCD7EC	#FEFEFE
4598	#FAF9FC	#FFFFFF
4599	#DCD8EC	#FEFEFE
4600	#FEFDFD	#FFFFFF
4601	#E6E3F2	#FEFEFE
4602	#B3ABD6	#F7F7F7
4603	#BCB4DA	#FAFAFA
4604	#C4BDDF	#FCFCFC
4605	#EDEAF5	#FEFEFE
4606	#FAF9FC	#FFFFFF
4607	#BDB5DB	#FCFCFC
4608	#EFECF6	#FEFEFE
4609	#D6D1E9	#FDFDFD
4610	#E6E2F1	#FEFEFE
4611	#DCD7EC	#FEFEFE
4612	#CEC7E4	#FDFDFD
4613	#F6F5FA	#FFFFFF
4614	#FBF7F6	#FFFFFF
4615	#EEECF6	#FEFEFE
4616	#D4CEE7	#FDFDFD
4617	#8277BB	#F6F6F6
4618	#D9B0AB	#FDFDFD
4619	#F8EEED	#FFFFFF
4620	#CBC5E3	#FDFDFD
4621	#EFEDF6	#FEFEFE
4622	#E6E2F1	#FEFEFE
4623	#A197CC	#FBFBFB
4624	#C3BBDE	#FDFDFD
4625	#E6C9C5	#FDFDFD
4626	#B7AFD8	#FDFDFD
4627	#DBD6EC	#FEFEFE
4628	#DCD7EC	#FEFEFE
4629	#AEA5D3	#FCFCFC
4630	#F7ECEB	#FFFFFF
4631	#D3CDE7	#FDFDFD
4632	#F8EEED	#FFFFFF
4633	#FAFAFC	#FFFFFF
4634	#FBFAFD	#FFFFFF
4635	#B7AED8	#FBFBFB
4636	#DCD8EC	#FEFEFE
4637	#9B90C8	#FAFAFA
4638	#AEA5D3	#FCFCFC
4639	#D4CEE8	#FDFDFD
4640	#C5BDDF	#FCFCFC
4641	#C1B9DD	#FBFBFB
4642	#F4E5E4	#FEFEFE
4643	#E8E5F3	#FEFEFE
4644	#F7EDEB	#FFFFFF
4645	#CBC5E3	#FDFDFD
4646	#EEECF6	#FFFFFF
4647	#E6E2F1	#FEFEFE
4648	#B7AED8	#FBFBFB
4649	#A197CC	#FBFBFB
4650	#E9E5F3	#FEFEFE
4651	#C7C0E0	#FCFCFC
4652	#A79ECF	#FBFBFB
4653	#CBC5E3	#FDFDFD
4654	#BAB2DA	#F9F9F9
4655	#D4CFE8	#FDFDFD
4656	#EEECF6	#FFFFFF
4657	#EEECF6	#FFFFFF
4658	#948AC5	#F9F9F9
4659	#EEECF6	#FEFEFE
4660	#DDD8EC	#FEFEFE
4661	#E9E6F3	#FEFEFE
4662	#CDC6E4	#FCFCFC
4663	#CDC7E4	#FCFCFC
4664	#DDD8ED	#FEFEFE
4665	#D1CBE6	#FCFCFC
4666	#FAF9FC	#FFFFFF
4667	#E5E1F1	#FEFEFE
4668	#E8E5F3	#FEFEFE
4669	#C0B9DD	#FBFBFB
4670	#D3CEE7	#FDFDFD
4671	#C4BDDF	#FCFCFC
4672	#FEFCFC	#FFFFFF
4673	#DCD7EC	#FEFEFE
4674	#B8AFD8	#FBFBFB
4675	#F7F6FB	#FFFFFF
4676	#9B90C8	#FAFAFA
4677	#DCD7EC	#FEFEFE
4678	#DED9ED	#FEFEFE
4679	#FAF9FC	#FFFFFF
4680	#A79DCF	#FBFBFB
4681	#A096CB	#FBFBFB
4682	#F8EFED	#FFFFFF
4683	#E6E3F1	#FEFEFE
4684	#BDB5DB	#FCFCFC
4685	#DDD8EC	#FEFEFE
4686	#F9F8FC	#FFFFFF
4687	#AFA6D3	#FCFCFC
4688	#D7D2E9	#FDFDFD
4689	#B7AFD8	#FDFDFD
4690	#F1E0DE	#FEFEFE
4691	#9B90C8	#FAFAFA
4692	#B7AFD8	#FDFDFD
4693	#DDD8EC	#FEFEFE
4694	#FFFFFF	#FFFFFF
4695	#B7AFD8	#FBFBFB
4696	#CDC6E4	#FCFCFC
4697	#A79DCF	#FBFBFB
4698	#FBF6F5	#FFFFFF
4699	#D6D1E9	#FDFDFD
4700	#F2F0F8	#FFFFFF
4701	#FEFDFD	#FFFFFF
4702	#E1BEB9	#FEFEFE
4703	#D2CCE7	#FCFCFC
4704	#DCD8EC	#FEFEFE
4705	#E6E2F1	#FEFEFE
4706	#F9F2F1	#FFFFFF
4707	#A096CB	#FBFBFB
4708	#FEFDFD	#FFFFFF
4709	#F7EDEB	#FFFFFF
4710	#FFFFFF	#FFFFFF
4711	#F4E6E4	#FEFEFE
4712	#DDD8EC	#FEFEFE
4713	#BEB6DB	#FCFCFC
4714	#AFA6D3	#FCFCFC
4715	#D5CFE8	#FDFDFD
4716	#D4CEE8	#FDFDFD
4717	#C4BDDF	#FCFCFC
4718	#C3BBDE	#FDFDFD
4719	#EFEDF6	#FEFEFE
4720	#AEA5D3	#FCFCFC
4721	#B7AFD8	#FDFDFD
4722	#F7EDEC	#FFFFFF
4723	#A79DCF	#FBFBFB
4724	#AEA5D3	#FCFCFC
4725	#D4CEE7	#FDFDFD
4726	#FBFAFD	#FFFFFF
4727	#F6F5FA	#FFFFFF
4728	#D4CEE7	#FDFDFD
4729	#CEC7E4	#FDFDFD
4730	#F9F8FC	#FFFFFF
4731	#D5CFE8	#FDFDFD
4732	#DCD7EC	#FEFEFE
4733	#B7AFD8	#FDFDFD
4734	#E8E5F3	#FEFEFE
4735	#E4E1F1	#FEFEFE
4736	#DCD8EC	#FEFEFE
4737	#CBC5E3	#FDFDFD
4739	#CDC6E4	#FCFCFC
4740	#A79ECF	#FBFBFB
4741	#FAF9FC	#FFFFFF
4742	#F9F8FC	#FFFFFF
4743	#C3BBDE	#FDFDFD
4744	#D9D3EA	#FDFDFD
4745	#A79DCF	#F9F9F9
4746	#FAF9FC	#FFFFFF
4747	#E5E2F1	#FEFEFE
4748	#F6EBEA	#FFFFFF
4749	#FEFCFC	#FFFFFF
4750	#EEECF6	#FEFEFE
4751	#B7AFD8	#FDFDFD
4752	#FBFAFD	#FFFFFF
4753	#A79DCF	#FBFBFB
4754	#BEB6DC	#FCFCFC
4755	#E6E3F2	#FEFEFE
4756	#FBFAFD	#FFFFFF
4757	#DDD8ED	#FEFEFE
4758	#DCD8EC	#FEFEFE
4759	#FCF7F6	#FFFFFF
4760	#E5E1F1	#FEFEFE
4761	#D4CEE8	#FDFDFD
4762	#E8E5F3	#FEFEFE
4763	#D4CEE7	#FDFDFD
4764	#FBF6F6	#FFFFFF
4765	#C3BBDE	#FDFDFD
4766	#DDD8EC	#FEFEFE
4767	#F7ECEB	#FFFFFF
4768	#FAFAFC	#FFFFFF
4769	#C3BBDE	#FDFDFD
4770	#CCC5E3	#FDFDFD
4771	#C6BFE0	#FBFBFB
4772	#CBC4E3	#FDFDFD
4773	#CBC5E3	#FDFDFD
4774	#C3BBDE	#FDFDFD
4775	#BDB5DB	#FCFCFC
4776	#F8EEED	#FFFFFF
4777	#9A90C8	#FAFAFA
4778	#DCD7EC	#FEFEFE
4779	#C3BBDE	#FDFDFD
4780	#A79ECF	#FBFBFB
4781	#A79DCF	#FBFBFB
4782	#D4CFE8	#FDFDFD
4783	#FAF9FC	#FFFFFF
4784	#CBC5E3	#FDFDFD
4785	#D3CDE7	#FDFDFD
4786	#F8EEED	#FFFFFF
4787	#D4CFE8	#FEFEFE
4788	#D3CDE7	#FDFDFD
4789	#C4BDDF	#FCFCFC
4790	#DDD8EC	#FEFEFE
4791	#E5E1F1	#FEFEFE
4792	#B8AFD8	#FDFDFD
4793	#E8E5F3	#FEFEFE
4794	#D4CEE7	#FDFDFD
4795	#E5E1F1	#FEFEFE
4796	#C6BFE0	#FCFCFC
4797	#E5E1F1	#FEFEFE
4798	#DCD7EC	#FEFEFE
4799	#D4CEE7	#FDFDFD
4800	#DDD8EC	#FEFEFE
4801	#F3E5E3	#FEFEFE
4802	#B7AFD8	#FDFDFD
4803	#EFEDF6	#FEFEFE
4804	#E5E2F1	#FEFEFE
4805	#A79ECF	#FBFBFB
4806	#CBC5E3	#FDFDFD
4807	#E4E1F1	#FEFEFE
4808	#C1B9DD	#FBFBFB
4809	#EEECF6	#FEFEFE
4810	#BEB6DC	#FCFCFC
4811	#C4BDDF	#FCFCFC
4812	#B7AFD8	#FAFAFA
4813	#DDD8EC	#FEFEFE
4814	#C3BBDE	#FDFDFD
4815	#DDD8EC	#FEFEFE
4816	#F8EFED	#FFFFFF
4817	#A79DCF	#FBFBFB
4818	#D4CFE8	#FEFEFE
4819	#CBC5E3	#FDFDFD
4820	#DEDAED	#FEFEFE
4821	#F6EAE8	#FEFEFE
4822	#C3BBDE	#FDFDFD
4823	#C3BBDE	#FDFDFD
4824	#E8E5F3	#FEFEFE
4825	#E5E1F1	#FEFEFE
4826	#B7AFD8	#FDFDFD
4827	#A79DCF	#FBFBFB
4828	#958AC5	#F9F9F9
4829	#DBD6EC	#FEFEFE
4830	#CFC9E5	#FCFCFC
4831	#CEC7E4	#FDFDFD
4832	#CBC4E3	#FDFDFD
4833	#FBFAFD	#FFFFFF
4834	#AFA6D3	#FCFCFC
4835	#FBFAFD	#FFFFFF
4836	#FAF9FC	#FFFFFF
4837	#C4BCDF	#FCFCFC
4838	#DDD8EC	#FEFEFE
4839	#CCC5E3	#FDFDFD
4841	#E9E5F3	#FEFEFE
4843	#9B91C8	#FAFAFA
4844	#B7AFD8	#FDFDFD
4845	#E6E3F2	#FEFEFE
4846	#C4BCDF	#FCFCFC
4847	#CBC4E3	#FDFDFD
4848	#C6BFE0	#FBFBFB
4849	#D4CFE8	#FEFEFE
4850	#D5CFE8	#FEFEFE
4851	#EAE7F4	#FEFEFE
4852	#9A90C8	#FAFAFA
4853	#CCC5E3	#FDFDFD
4854	#DEDAED	#FEFEFE
4855	#AFA6D3	#FCFCFC
4856	#F6F5FA	#FFFFFF
4857	#D4CEE8	#FDFDFD
4858	#D4CEE8	#FDFDFD
4859	#EDEAF5	#FEFEFE
4860	#F6F4FA	#FFFFFF
4861	#FBFAFD	#FFFFFF
4862	#FBFAFD	#FFFFFF
4863	#E5E1F1	#FEFEFE
4864	#C3BBDE	#FDFDFD
4865	#EEECF6	#FEFEFE
4866	#DDD8ED	#FEFEFE
4867	#E5E1F1	#FEFEFE
4868	#DCD8EC	#FEFEFE
4869	#CBC4E3	#FDFDFD
4870	#DDD8EC	#FEFEFE
4871	#A79ECF	#FBFBFB
4872	#C4BCDF	#FCFCFC
4873	#EDEAF5	#FEFEFE
4874	#FBFAFD	#FFFFFF
4875	#AEA5D3	#FCFCFC
4876	#9A90C8	#FAFAFA
4877	#DDD9ED	#FEFEFE
4878	#C4BCDF	#FCFCFC
4879	#FAF9FC	#FFFFFF
4880	#ECD5D2	#FEFEFE
4881	#8A7FBF	#F8F8F8
4882	#CDC6E4	#FCFCFC
4883	#A79DCF	#FBFBFB
4884	#F8EFED	#FFFFFF
4885	#8F85C2	#F9F9F9
4886	#F8EEED	#FFFFFF
4887	#C3BBDE	#FDFDFD
4888	#E2DEEF	#FDFDFD
4889	#FAF9FC	#FFFFFF
4890	#BDB5DB	#FCFCFC
4891	#B8AFD8	#FDFDFD
4892	#958AC5	#F9F9F9
4893	#D4CEE8	#FEFEFE
4894	#DDD8EC	#FEFEFE
4895	#C3BBDE	#FDFDFD
4896	#FAF9FC	#FFFFFF
4897	#F8EEED	#FFFFFF
4898	#D8D3EA	#FDFDFD
4899	#B9B1D9	#F9F9F9
4900	#C3BBDE	#FDFDFD
4901	#D4CEE7	#FDFDFD
4902	#EFECF6	#FFFFFF
4903	#AEA5D3	#FCFCFC
4904	#CBC5E3	#FDFDFD
4905	#F9F9FC	#FFFFFF
4906	#EFECF6	#FFFFFF
4907	#A89ECF	#FBFBFB
4908	#DED9ED	#FEFEFE
4909	#C6BFE0	#FBFBFB
4910	#EEECF6	#FFFFFF
4911	#C4BDDF	#FCFCFC
4912	#A79DCF	#FBFBFB
4913	#E8E5F3	#FEFEFE
4914	#FBFAFD	#FFFFFF
4915	#CF9D97	#FCFCFC
4916	#C3BBDE	#FDFDFD
4917	#E9E5F3	#FEFEFE
4918	#D4CEE8	#FEFEFE
4919	#DDD8EC	#FEFEFE
4920	#EEECF6	#FFFFFF
4921	#FEFDFD	#FFFFFF
4922	#A197CC	#FBFBFB
4923	#A197CC	#FBFBFB
4924	#D0CAE6	#FCFCFC
4925	#9A90C8	#FAFAFA
4926	#A79ECF	#FBFBFB
4927	#A79ECF	#FBFBFB
4928	#DDD8ED	#FEFEFE
4929	#E8E5F3	#FEFEFE
4930	#DCD7EC	#FEFEFE
4931	#B7AFD8	#FDFDFD
4932	#B0A7D4	#FAFAFA
4933	#DDD9ED	#FEFEFE
4934	#A399CD	#F8F8F8
4935	#DCD7EC	#FEFEFE
4936	#DDD8EC	#FEFEFE
4937	#E4E0F0	#FEFEFE
4938	#AFA6D3	#FCFCFC
4939	#CBC5E3	#FDFDFD
4940	#D4CEE8	#FEFEFE
4941	#CBC4E3	#FDFDFD
4942	#F8EEED	#FFFFFF
4943	#CBC5E3	#FDFDFD
4944	#FBFAFD	#FFFFFF
4945	#E1BEBA	#FEFEFE
4946	#D5CFE8	#FEFEFE
4948	#E5E1F1	#FEFEFE
4949	#CBC5E3	#FDFDFD
4950	#F1E0DE	#FEFEFE
4951	#AFA6D3	#FCFCFC
4952	#C3BBDE	#FDFDFD
4953	#B2A9D5	#FAFAFA
4954	#DDD9ED	#FEFEFE
4955	#C3BBDE	#FDFDFD
4956	#B8AFD8	#FBFBFB
4957	#DDD8EC	#FEFEFE
4958	#E6E2F1	#FEFEFE
4959	#DDD8ED	#FEFEFE
4960	#9B90C8	#FAFAFA
4961	#F9F8FC	#FFFFFF
4962	#EFECF6	#FFFFFF
4963	#CCC5E3	#FDFDFD
4964	#A79DCF	#FBFBFB
4965	#E5E1F1	#FEFEFE
4966	#EFECF6	#FFFFFF
4967	#C3BBDE	#FDFDFD
4968	#B7AFD8	#FDFDFD
4969	#E9E5F3	#FEFEFE
4970	#CDC6E4	#FCFCFC
4971	#C6BFE0	#FCFCFC
4972	#C3BBDE	#FDFDFD
4973	#DCD7EC	#FEFEFE
4974	#F6F5FA	#FFFFFF
4975	#9A90C8	#FAFAFA
4976	#9B90C8	#FAFAFA
4977	#B7AFD8	#FDFDFD
4978	#AFA5D3	#FCFCFC
4979	#B7AFD8	#FDFDFD
4980	#9B90C8	#FAFAFA
4981	#A096CB	#FBFBFB
4982	#AEA5D3	#FCFCFC
4983	#DDD8EC	#FEFEFE
4984	#D8D3EA	#FDFDFD
4985	#A79DCF	#FBFBFB
4986	#D5CFE8	#FEFEFE
4987	#9A90C8	#FAFAFA
4988	#EEEBF6	#FEFEFE
4989	#CCC5E3	#FDFDFD
4990	#ACA3D2	#FAFAFA
4991	#FAF9FC	#FFFFFF
4992	#FBF7F6	#FFFFFF
4993	#FBF6F5	#FFFFFF
4994	#FAF9FC	#FFFFFF
4995	#A79DCF	#FBFBFB
4996	#FBFBFD	#FFFFFF
4997	#F7EDEB	#FFFFFF
4998	#F9F9FC	#FFFFFF
4999	#DCD7EC	#FEFEFE
5000	#F9F9FC	#FFFFFF
5001	#E9E6F3	#FEFEFE
5002	#EBD4D0	#FEFEFE
5003	#D5CFE8	#FEFEFE
5004	#DCD7EC	#FEFEFE
5005	#EBD4D0	#FEFEFE
5006	#D3CEE7	#FDFDFD
5007	#D5CFE8	#FDFDFD
5008	#FCFBFD	#FFFFFF
5009	#DCD7EC	#FEFEFE
5011	#FAF9FC	#FFFFFF
5012	#A89ECF	#FBFBFB
5013	#8A80C0	#F8F8F8
5014	#CDC6E4	#FCFCFC
5015	#CDC7E4	#FDFDFD
5016	#B7AFD8	#FDFDFD
5017	#E9E5F3	#FEFEFE
5018	#DDD8ED	#FEFEFE
5019	#F2E1DE	#FEFEFE
5020	#CBC4E3	#FDFDFD
5021	#CBC4E3	#FCFCFC
5022	#C3BBDE	#FDFDFD
5023	#EEECF6	#FFFFFF
5024	#FAFAFC	#FFFFFF
5025	#E4E0F0	#FEFEFE
5026	#AEA5D3	#FCFCFC
5027	#A79DCF	#FBFBFB
5028	#AFA6D3	#FCFCFC
5029	#E5E1F1	#FEFEFE
5030	#E6E2F1	#FEFEFE
5031	#BEB6DC	#FCFCFC
5032	#CCC5E3	#FDFDFD
5033	#DDD8EC	#FEFEFE
5034	#DED9ED	#FDFDFD
5035	#C3BBDE	#FDFDFD
5036	#EEECF6	#FFFFFF
5037	#AEA5D3	#FCFCFC
5038	#F2F1F8	#FFFFFF
5039	#C3BBDE	#FDFDFD
5040	#DDD8ED	#FEFEFE
5041	#C4BCDF	#FCFCFC
5042	#D6D1E9	#FDFDFD
5043	#B2A9D5	#FAFAFA
5044	#C4BDDF	#FCFCFC
5045	#F8EEED	#FFFFFF
5046	#E9E5F3	#FEFEFE
5047	#B7AFD8	#FDFDFD
5048	#E1BEB9	#FEFEFE
5049	#A197CC	#FBFBFB
5050	#D3CDE7	#FDFDFD
