group	fill	colour
2	#ECD5D2	#FEFEFE
3	#EDD7D4	#FDFDFD
4	#F7EEEC	#FFFFFF
5	#F5F4FA	#FFFFFF
6	#FBF6F5	#FFFFFF
7	#ECD5D2	#FEFEFE
8	#F4E6E4	#FEFEFE
9	#EFECF6	#FEFEFE
10	#E5E1F1	#FEFEFE
11	#C9918B	#FBFBFB
12	#EFECF6	#FEFEFE
13	#FBF6F5	#FFFFFF
14	#F1E1DE	#FEFEFE
15	#F1E0DE	#FEFEFE
16	#EBE8F4	#FEFEFE
17	#EDEBF6	#FEFEFE
18	#FFFEFE	#FFFFFF
19	#EFDCDA	#FEFEFE
20	#F6F5FA	#FFFFFF
21	#DED9ED	#FDFDFD
22	#FEFCFC	#FFFFFF
23	#D5CFE8	#FEFEFE
24	#F9F1F0	#FFFFFF
25	#FAF3F2	#FFFFFF
26	#CEC7E4	#FDFDFD
27	#CBC5E3	#FDFDFD
28	#F2F0F8	#FFFFFF
29	#EAE7F4	#FEFEFE
30	#EBD4D0	#FEFEFE
31	#F1DFDD	#FEFEFE
32	#FAF9FC	#FFFFFF
33	#E3DFF0	#FEFEFE
34	#FFFEFE	#FFFFFF
35	#EFEDF6	#FEFEFE
36	#EBD2CF	#FDFDFD
37	#EBD4D0	#FEFEFE
38	#FFFEFE	#FFFFFF
39	#F5E7E6	#FEFEFE
40	#D7D2E9	#FDFDFD
41	#DEDAED	#FEFEFE
42	#F3F1F8	#FEFEFE
43	#E5E1F1	#FDFDFD
44	#E6E2F1	#FEFEFE
45	#F6F4FA	#FFFFFF
46	#F1E0DD	#FEFEFE
47	#FDFAFA	#FFFFFF
48	#FBF6F6	#FFFFFF
49	#CF9D97	#FCFCFC
50	#EED9D7	#FEFEFE
52	#E8CDCA	#FEFEFE
53	#E6C8C4	#FDFDFD
54	#F7ECEB	#FFFFFF
55	#F9F8FC	#FFFFFF
56	#D0CAE6	#FCFCFC
57	#E9E6F3	#FEFEFE
58	#EFDCD9	#FEFEFE
59	#EAE8F4	#FEFEFE
60	#E6E3F2	#FEFEFE
61	#F7ECEA	#FFFFFF
62	#FFFEFE	#FFFFFF
63	#E9E5F3	#FEFEFE
64	#F6EAE9	#FEFEFE
65	#EFEDF6	#FEFEFE
66	#C3BBDE	#FDFDFD
67	#FBF6F6	#FFFFFF
68	#D4A59F	#FCFCFC
69	#F9F8FC	#FFFFFF
70	#D3CEE7	#FDFDFD
71	#E6E3F2	#FEFEFE
72	#FDFCFE	#FFFFFF
73	#F0EEF7	#FEFEFE
74	#E4E0F0	#FEFEFE
75	#FBF6F5	#FFFFFF
76	#FEFCFC	#FFFFFF
77	#ECE9F5	#FEFEFE
78	#F2F0F8	#FFFFFF
79	#EBD4D0	#FEFEFE
80	#FBF6F5	#FFFFFF
81	#F9F9FC	#FFFFFF
82	#D4CEE7	#FDFDFD
83	#FBFBFD	#FFFFFF
84	#ECD5D2	#FEFEFE
85	#ECD5D2	#FEFEFE
86	#FBF6F6	#FFFFFF
87	#CF9E97	#FCFCFC
88	#D1CBE6	#FCFCFC
89	#E5E1F1	#FEFEFE
90	#F7EDEB	#FFFFFF
91	#FDFCFE	#FFFFFF
92	#DDD9ED	#FDFDFD
93	#F3F2F9	#FFFFFF
94	#F2F0F8	#FEFEFE
95	#FEFCFC	#FFFFFF
97	#F7ECEB	#FFFFFF
98	#E7E3F2	#FEFEFE
99	#FBFBFD	#FFFFFF
100	#EFECF6	#FEFEFE
101	#D5CFE8	#FEFEFE
102	#F1E0DE	#FEFEFE
103	#FBF6F5	#FFFFFF
104	#EED9D6	#FEFEFE
105	#FBF6F5	#FFFFFF
106	#F1E0DE	#FEFEFE
108	#F4E5E3	#FEFEFE
109	#EFDCDA	#FEFEFE
110	#F4E6E4	#FEFEFE
111	#F7EDEB	#FFFFFF
112	#FDFAF9	#FFFFFF
113	#F2F0F8	#FFFFFF
114	#E4E1F1	#FEFEFE
115	#FDFAFA	#FFFFFF
116	#F4E5E3	#FEFEFE
117	#F4E6E4	#FEFEFE
118	#AEA5D3	#FCFCFC
119	#C3BBDE	#FDFDFD
120	#ECD6D3	#FEFEFE
121	#F8F0EF	#FFFFFF
122	#FBF5F5	#FFFFFF
123	#FBF6F5	#FFFFFF
124	#FBF7F6	#FFFFFF
125	#F2E1DF	#FEFEFE
126	#E8CDC9	#FDFDFD
127	#D4CEE8	#FDFDFD
128	#F7EDEC	#FEFEFE
129	#D5CFE8	#FDFDFD
130	#DCD7EC	#FEFEFE
131	#FBF5F5	#FFFFFF
132	#E4E1F1	#FEFEFE
133	#E4E1F1	#FEFEFE
134	#F9F1F0	#FFFFFF
135	#F6F5FA	#FFFFFF
136	#FCFBFD	#FFFFFF
137	#E8CDC9	#FEFEFE
138	#FDFBFA	#FFFFFF
139	#CDC7E4	#FCFCFC
140	#E5E1F1	#FEFEFE
141	#D8D2EA	#FDFDFD
142	#DEDAED	#FDFDFD
143	#FBFBFD	#FFFFFF
144	#F6E9E8	#FEFEFE
145	#F7F5FA	#FFFFFF
146	#D9B0AB	#FDFDFD
147	#ECD5D2	#FEFEFE
148	#D3CEE7	#FDFDFD
149	#F7ECEA	#FFFFFF
150	#D4A59F	#FCFCFC
151	#E2C0BC	#FDFDFD
153	#F5F3F9	#FFFFFF
154	#F6F5FA	#FFFFFF
155	#D9AFAA	#FDFDFD
156	#D8D3EA	#FDFDFD
157	#E4E0F0	#FEFEFE
158	#E8E5F3	#FEFEFE
159	#F6F5FA	#FFFFFF
160	#FBF6F5	#FFFFFF
161	#E4C4C0	#FDFDFD
162	#FBF7F6	#FFFFFF
163	#ECD5D2	#FEFEFE
164	#E3C3BF	#FDFDFD
165	#EAE7F4	#FEFEFE
166	#E1BEBA	#FEFEFE
167	#F1E0DE	#FEFEFE
168	#E4E1F1	#FEFEFE
169	#F7EDEB	#FFFFFF
170	#FBFAFD	#FFFFFF
171	#F8EEEC	#FFFFFF
172	#EEECF6	#FFFFFF
173	#EEECF6	#FFFFFF
174	#FBF6F5	#FFFFFF
175	#EFEDF6	#FEFEFE
176	#F7EDEC	#FEFEFE
177	#FBFAFD	#FFFFFF
178	#F5F4FA	#FFFFFF
179	#FBF5F5	#FFFFFF
180	#F2F0F8	#FFFFFF
181	#DAD5EB	#FCFCFC
182	#F9F1F0	#FFFFFF
183	#FBF6F6	#FFFFFF
184	#E1BEBA	#FDFDFD
185	#F8EEED	#FFFFFF
186	#F3E5E3	#FEFEFE
187	#F5F4FA	#FFFFFF
188	#FFFEFE	#FFFFFF
189	#F6F5FA	#FFFFFF
190	#F8EFED	#FFFFFF
191	#EFECF6	#FEFEFE
192	#E1BEBA	#FEFEFE
193	#EEECF6	#FFFFFF
194	#F9F8FC	#FFFFFF
195	#CBC4E3	#FDFDFD
196	#F9F9FC	#FFFFFF
198	#E2C0BB	#FDFDFD
199	#DEDAED	#FEFEFE
200	#E5E1F1	#FEFEFE
201	#ECE9F5	#FEFEFE
202	#CC9790	#FCFCFC
203	#F6F4FA	#FFFFFF
204	#F4E6E4	#FEFEFE
205	#FCF7F7	#FFFFFF
206	#F9F8FC	#FFFFFF
207	#F1E0DE	#FEFEFE
208	#F9F8FC	#FFFFFF
209	#FBFBFD	#FFFFFF
210	#F5F4FA	#FFFFFF
211	#F8EEED	#FFFFFF
212	#FAF9FC	#FFFFFF
213	#F7EDEB	#FFFFFF
214	#E9E6F3	#FEFEFE
215	#C9928B	#FBFBFB
216	#DDB8B3	#FCFCFC
217	#E6C9C5	#FDFDFD
218	#EBD4D0	#FEFEFE
219	#F1DFDD	#FEFEFE
220	#FBFAFD	#FFFFFF
221	#FBFAFD	#FFFFFF
222	#EEECF6	#FFFFFF
223	#F1E0DE	#FEFEFE
224	#B7AFD8	#FDFDFD
225	#FBFBFD	#FFFFFF
226	#F6EAE9	#FEFEFE
227	#F9F2F1	#FFFFFF
228	#F8EFED	#FEFEFE
229	#C6BFE0	#FBFBFB
230	#DFDAED	#FDFDFD
231	#DFDBEE	#FDFDFD
232	#FDFBFB	#FFFFFF
233	#FBF7F6	#FFFFFF
234	#F5F4FA	#FFFFFF
235	#FCF9F8	#FFFFFF
236	#FBFBFD	#FFFFFF
237	#F9F8FC	#FFFFFF
238	#FBFAFD	#FFFFFF
239	#E5E1F1	#FEFEFE
240	#FBFAFD	#FFFFFF
241	#F9F1F0	#FFFFFF
242	#F9F8FC	#FFFFFF
243	#E5E2F1	#FEFEFE
244	#A89ECF	#F9F9F9
245	#EBD4D0	#FEFEFE
246	#FEFCFC	#FFFFFF
247	#E5E2F1	#FEFEFE
248	#FAF9FC	#FFFFFF
249	#D9B0AA	#FDFDFD
250	#F9F9FC	#FFFFFF
251	#F6EAE9	#FEFEFE
252	#F1DFDD	#FEFEFE
254	#AEA5D3	#FCFCFC
255	#DDD8EC	#FEFEFE
256	#ECE9F4	#FEFEFE
257	#F2F0F8	#FFFFFF
258	#EFEDF6	#FEFEFE
259	#DDD8EC	#FEFEFE
260	#FEFDFC	#FFFFFF
261	#FAFAFD	#FFFFFF
262	#E1BEBA	#FEFEFE
263	#FBF6F6	#FFFFFF
264	#F4E6E4	#FEFEFE
265	#D9B0AB	#FDFDFD
266	#E4C4C0	#FDFDFD
267	#ECD5D2	#FEFEFE
268	#FBF5F4	#FFFFFF
269	#F9F9FC	#FFFFFF
270	#F8EEED	#FFFFFF
271	#F8EEED	#FFFFFF
272	#FAF9FC	#FFFFFF
273	#FEFDFD	#FFFFFF
274	#F9F2F1	#FFFFFF
275	#D09E98	#FCFCFC
276	#F6F5FA	#FFFFFF
277	#DDD8EC	#FEFEFE
278	#F2E3E1	#FEFEFE
279	#F9F8FC	#FFFFFF
280	#F3E5E3	#FEFEFE
281	#F3E5E3	#FEFEFE
282	#F9F8FC	#FFFFFF
283	#FFFEFE	#FFFFFF
284	#FEFDFD	#FFFFFF
285	#EFECF6	#FEFEFE
286	#DCD7EC	#FEFEFE
287	#F6F4FA	#FFFFFF
288	#F6F5FA	#FFFFFF
289	#F9F8FC	#FFFFFF
290	#D4CEE8	#FDFDFD
291	#FAFAFC	#FFFFFF
292	#FBF6F6	#FFFFFF
293	#F6EAE9	#FEFEFE
294	#E5E1F1	#FEFEFE
295	#E6E3F2	#FEFEFE
296	#CDC7E4	#FCFCFC
297	#F9F8FC	#FFFFFF
299	#E4E0F0	#FEFEFE
300	#E0BDB9	#FDFDFD
301	#F7F5FA	#FFFFFF
302	#F4E7E5	#FEFEFE
303	#E5E2F1	#FEFEFE
304	#F4E6E4	#FEFEFE
305	#FBF6F5	#FFFFFF
306	#F8EEED	#FFFFFF
307	#F7F5FA	#FFFFFF
309	#E6E3F2	#FEFEFE
310	#F9F8FC	#FFFFFF
311	#F1E0DD	#FEFEFE
312	#E5E1F1	#FEFEFE
313	#FBFAFD	#FFFFFF
314	#FBF5F4	#FFFFFF
315	#F1DFDD	#FEFEFE
316	#FBF6F6	#FFFFFF
317	#E8CDC9	#FEFEFE
318	#D9B0AB	#FDFDFD
319	#FAF9FC	#FFFFFF
320	#EEEBF6	#FFFFFF
321	#DDD8ED	#FEFEFE
322	#D9B0AB	#FDFDFD
323	#EFEDF6	#FFFFFF
324	#EFECF6	#FEFEFE
325	#F1E0DE	#FEFEFE
326	#F2E2E0	#FEFEFE
327	#F1E0DE	#FEFEFE
328	#FBFAFD	#FFFFFF
329	#F8EEED	#FFFFFF
330	#FCF7F6	#FFFFFF
331	#DCD8EC	#FEFEFE
332	#F5F4FA	#FFFFFF
333	#FBFBFD	#FFFFFF
334	#F9F9FC	#FFFFFF
335	#EEECF6	#FFFFFF
336	#F4E5E4	#FEFEFE
337	#EFECF6	#FEFEFE
338	#ECD5D2	#FEFEFE
339	#F7F5FA	#FFFFFF
340	#F6F4FA	#FFFFFF
341	#F9F8FC	#FFFFFF
342	#FBF7F6	#FFFFFF
343	#FBF6F6	#FFFFFF
344	#E9CECB	#FEFEFE
345	#E1BEBA	#FEFEFE
346	#EBE9F4	#FEFEFE
347	#F4E6E4	#FEFEFE
348	#E6E2F1	#FEFEFE
349	#FBFAFD	#FFFFFF
350	#E6E2F1	#FEFEFE
351	#FCFCFD	#FFFFFF
352	#D4CFE8	#FDFDFD
353	#DED9ED	#FEFEFE
355	#CCC5E3	#FDFDFD
356	#FCFCFE	#FFFFFF
357	#F1E0DE	#FEFEFE
358	#EFEDF6	#FEFEFE
359	#CC9790	#FCFCFC
360	#F7ECEB	#FFFFFF
361	#FDFBFB	#FFFFFF
362	#F7EDEB	#FFFFFF
363	#FBFAFD	#FFFFFF
364	#EBD4D0	#FEFEFE
365	#FAF9FC	#FFFFFF
366	#ECD5D1	#FEFEFE
367	#EFDCDA	#FEFEFE
368	#F9F1F0	#FFFFFF
369	#FBFAFD	#FFFFFF
370	#D9AFAA	#FDFDFD
371	#FAF9FC	#FFFFFF
372	#FBF6F6	#FFFFFF
373	#ECD5D2	#FEFEFE
374	#E6E2F1	#FEFEFE
375	#FBF6F6	#FFFFFF
376	#F1E0DE	#FEFEFE
377	#F6ECEA	#FFFFFF
378	#FBFAFD	#FFFFFF
379	#EFEDF6	#FEFEFE
380	#FFFFFF	#FFFFFF
381	#F6EAE8	#FEFEFE
382	#DDD9ED	#FEFEFE
383	#E3DFF0	#FEFEFE
384	#D4CEE8	#FEFEFE
385	#E1BEBA	#FEFEFE
386	#F7F5FA	#FFFFFF
387	#EFECF6	#FEFEFE
388	#FCFBFD	#FFFFFF
389	#FCF8F7	#FFFFFF
390	#FAF9FC	#FFFFFF
391	#FEFDFD	#FFFFFF
392	#D9B0AA	#FDFDFD
393	#E5E1F1	#FEFEFE
394	#C5BEDF	#FCFCFC
395	#CF9D97	#FCFCFC
396	#EFEDF6	#FEFEFE
397	#F7F5FA	#FFFFFF
398	#ECD5D2	#FEFEFE
400	#F6F5FA	#FFFFFF
401	#EDEAF5	#FEFEFE
402	#CEC8E4	#FDFDFD
403	#E5E1F1	#FEFEFE
404	#E1BFBA	#FDFDFD
405	#CCC5E3	#FDFDFD
406	#ECD4D1	#FDFDFD
407	#F7ECEB	#FFFFFF
408	#D4CFE8	#FEFEFE
409	#DEBAB5	#FCFCFC
410	#DDD9ED	#FEFEFE
411	#F8EEED	#FFFFFF
412	#E1BEB9	#FEFEFE
413	#D4A6A0	#FCFCFC
414	#FEFDFC	#FFFFFF
415	#F7EDEC	#FFFFFF
416	#EEECF6	#FFFFFF
417	#F7EEEC	#FFFFFF
418	#F4E7E5	#FEFEFE
419	#E1BEBA	#FEFEFE
420	#F8EFED	#FFFFFF
421	#F7ECEB	#FFFFFF
422	#F8EEED	#FFFFFF
423	#F6F4FA	#FFFFFF
424	#DDD8ED	#FDFDFD
425	#F1E0DD	#FEFEFE
426	#EBD3D0	#FDFDFD
427	#DED9ED	#FEFEFE
428	#EED9D6	#FEFEFE
429	#E6E3F1	#FEFEFE
430	#FFFEFE	#FFFFFF
431	#E5E1F1	#FEFEFE
432	#E6C9C5	#FDFDFD
433	#F9F2F1	#FFFFFF
434	#C1BADD	#FBFBFB
435	#ECD5D2	#FEFEFE
436	#DBD7EC	#FEFEFE
437	#E6E2F1	#FEFEFE
438	#F7ECEB	#FFFFFF
439	#F8EEED	#FFFFFF
440	#FEFCFC	#FFFFFF
441	#FBF7F6	#FFFFFF
442	#C3BBDE	#FDFDFD
443	#F1E0DD	#FEFEFE
444	#FEFCFC	#FFFFFF
445	#EFECF6	#FEFEFE
446	#FBF6F6	#FFFFFF
447	#E1BEB9	#FEFEFE
448	#FBFAFD	#FFFFFF
449	#FAF9FC	#FFFFFF
450	#E5E2F1	#FEFEFE
451	#F9F0EF	#FFFFFF
452	#ECD5D2	#FEFEFE
453	#F9F1F0	#FFFFFF
454	#F6F4FA	#FFFFFF
456	#F6F5FA	#FFFFFF
457	#FBFBFD	#FFFFFF
458	#FAF9FC	#FFFFFF
459	#FAF9FC	#FFFFFF
460	#FBFAFD	#FFFFFF
461	#FAF9FC	#FFFFFF
462	#C3BBDE	#FDFDFD
463	#FBFAFD	#FFFFFF
464	#EDEAF5	#FEFEFE
465	#F1E0DD	#FEFEFE
466	#DDD8EC	#FEFEFE
467	#E4E0F0	#FEFEFE
468	#DDD8EC	#FEFEFE
469	#FEFDFD	#FFFFFF
470	#F9F8FC	#FFFFFF
471	#FBF7F6	#FFFFFF
472	#E6C8C4	#FDFDFD
473	#EFDCDA	#FEFEFE
474	#FEFDFD	#FFFFFF
475	#FAFAFC	#FFFFFF
476	#FBF6F6	#FFFFFF
477	#EED9D6	#FEFEFE
478	#FEFCFC	#FFFFFF
479	#EED9D6	#FEFEFE
480	#F2F1F8	#FFFFFF
481	#F6F5FA	#FFFFFF
482	#F4E6E4	#FEFEFE
483	#E8E5F2	#FEFEFE
484	#EDEAF5	#FEFEFE
485	#FEFDFD	#FFFFFF
486	#ECE9F5	#FEFEFE
487	#DDD8EC	#FEFEFE
488	#DCD8EC	#FEFEFE
489	#E6C8C4	#FDFDFD
490	#F7EDEC	#FFFFFF
491	#FEFDFD	#FFFFFF
492	#D4A5A0	#FCFCFC
493	#FEFCFB	#FFFFFF
494	#FBF6F6	#FFFFFF
495	#F9F8FC	#FFFFFF
496	#F2F0F8	#FFFFFF
497	#EFEDF7	#FEFEFE
498	#E4E0F0	#FEFEFE
499	#F7ECEB	#FFFFFF
501	#F6EBE9	#FEFEFE
502	#D4CEE8	#FDFDFD
503	#F8EEED	#FFFFFF
504	#FEFEFF	#FFFFFF
505	#F6F4FA	#FFFFFF
506	#F9F8FC	#FFFFFF
507	#FBF6F5	#FFFFFF
508	#F0DDDA	#FEFEFE
509	#FAF9FC	#FFFFFF
510	#E6E3F2	#FEFEFE
512	#EFECF6	#FEFEFE
513	#F9F8FC	#FFFFFF
514	#F1DFDD	#FEFEFE
515	#E8E5F3	#FEFEFE
516	#D5CFE8	#FEFEFE
517	#FBFAFD	#FFFFFF
518	#FEFDFD	#FFFFFF
519	#E8E5F3	#FEFEFE
520	#E0BDB9	#FEFEFE
521	#EBD4D0	#FEFEFE
522	#C5BDDF	#FCFCFC
523	#FBF6F5	#FFFFFF
524	#F9F2F1	#FFFFFF
525	#ECD5D2	#FEFEFE
526	#F4E5E3	#FEFEFE
527	#FBFBFD	#FFFFFF
528	#FDFAFA	#FFFFFF
529	#FBFBFD	#FFFFFF
530	#FBFAFD	#FFFFFF
531	#EFDCD9	#FEFEFE
532	#F2F0F8	#FEFEFE
533	#F3F1F8	#FFFFFF
534	#E6E3F2	#FEFEFE
535	#ECD5D2	#FEFEFE
536	#DDD8ED	#FEFEFE
537	#FEFDFD	#FFFFFF
538	#F7EDEB	#FFFFFF
539	#FBFBFD	#FFFFFF
540	#F1E0DE	#FEFEFE
541	#FCFBFD	#FFFFFF
542	#FBFBFD	#FFFFFF
543	#DEDAED	#FDFDFD
544	#FFFFFF	#FFFFFF
545	#D4CEE7	#FDFDFD
546	#F9F8FC	#FFFFFF
547	#A096CB	#FBFBFB
548	#F8EEED	#FFFFFF
549	#FBF6F5	#FFFFFF
550	#FAF9FC	#FFFFFF
551	#FCF8F7	#FFFFFF
552	#D4A59F	#FCFCFC
553	#F0EEF7	#FEFEFE
554	#DCD7EC	#FEFEFE
555	#FBF6F5	#FFFFFF
557	#FFFEFE	#FFFFFF
558	#EEECF6	#FFFFFF
559	#FEFDFC	#FFFFFF
560	#F1DFDD	#FEFEFE
561	#E6C8C4	#FDFDFD
562	#E4C4C0	#FDFDFD
563	#FAF9FC	#FFFFFF
564	#F6F5FA	#FFFFFF
565	#E2C1BD	#FDFDFD
566	#E1BEB9	#FEFEFE
567	#FBFAFD	#FFFFFF
568	#ECD5D2	#FEFEFE
569	#F6EBEA	#FFFFFF
570	#EBD4D0	#FEFEFE
571	#FCFBFD	#FFFFFF
572	#AFA6D3	#FCFCFC
573	#C3BBDE	#FDFDFD
574	#F6EBEA	#FFFFFF
575	#FAF9FC	#FFFFFF
576	#EEECF6	#FFFFFF
577	#F8EEED	#FFFFFF
578	#C1847E	#FAFAFA
579	#F4F3F9	#FEFEFE
580	#DDD8EC	#FEFEFE
581	#FBFAFD	#FFFFFF
582	#EAE7F3	#FEFEFE
583	#D5CFE8	#FDFDFD
584	#F4E5E4	#FEFEFE
585	#E6E2F1	#FEFEFE
586	#EFEDF6	#FEFEFE
587	#E6E3F2	#FEFEFE
588	#F8EEED	#FFFFFF
589	#FBFBFD	#FFFFFF
590	#EFEDF6	#FFFFFF
591	#FEFDFC	#FFFFFF
592	#E8CDCA	#FEFEFE
593	#D8D3EA	#FDFDFD
594	#FAFAFC	#FFFFFF
595	#F7F6FB	#FFFFFF
596	#A197CC	#FBFBFB
597	#FBFAFD	#FFFFFF
598	#B7AFD8	#FDFDFD
599	#E6E2F1	#FEFEFE
600	#D4CFE8	#FEFEFE
602	#FBFBFD	#FFFFFF
603	#D4CEE7	#FDFDFD
604	#EAE7F4	#FEFEFE
605	#E5E1F1	#FEFEFE
606	#FDFBFA	#FFFFFF
607	#FFFFFF	#FFFFFF
608	#CBC5E3	#FDFDFD
609	#FBF7F6	#FFFFFF
610	#EFEDF7	#FFFFFF
611	#E0BEB9	#FDFDFD
612	#ECD5D1	#FEFEFE
613	#F4E6E4	#FEFEFE
614	#EFEDF6	#FEFEFE
615	#F1E0DE	#FEFEFE
616	#E1BEB9	#FEFEFE
617	#F6F5FA	#FFFFFF
618	#FAFAFC	#FFFFFF
619	#E9E5F3	#FEFEFE
620	#B8AFD8	#FDFDFD
621	#DDD8EC	#FEFEFE
622	#CF9D97	#FCFCFC
623	#D4CEE7	#FDFDFD
624	#DBD7EC	#FEFEFE
625	#FAF9FC	#FFFFFF
626	#E8CDCA	#FEFEFE
627	#FAF9FC	#FFFFFF
628	#E5E2F1	#FEFEFE
629	#F3E4E2	#FEFEFE
630	#E8E5F2	#FEFEFE
631	#D0CAE6	#FCFCFC
632	#FCFCFE	#FFFFFF
633	#F9F8FC	#FFFFFF
634	#FDFCFE	#FFFFFF
635	#F1E0DE	#FEFEFE
636	#F8EEED	#FFFFFF
637	#F7ECEB	#FFFFFF
638	#F8EEED	#FFFFFF
639	#D4CEE7	#FDFDFD
640	#F4E6E4	#FEFEFE
641	#F7ECEB	#FFFFFF
642	#FAF9FC	#FFFFFF
643	#F8EEEC	#FFFFFF
644	#FBF6F5	#FFFFFF
645	#F7ECEB	#FFFFFF
646	#F6EAE8	#FEFEFE
647	#E1BEB9	#FDFDFD
648	#F8EEED	#FFFFFF
649	#EFEDF6	#FEFEFE
650	#E1BEBA	#FEFEFE
651	#CBC5E3	#FDFDFD
652	#FEFDFD	#FFFFFF
653	#EEECF6	#FEFEFE
654	#D8D3EA	#FCFCFC
655	#DED9ED	#FEFEFE
656	#FAFAFD	#FFFFFF
658	#FBF6F5	#FFFFFF
659	#FBFAFD	#FFFFFF
660	#EFECF6	#FFFFFF
661	#F8EEED	#FFFFFF
662	#F1DFDD	#FEFEFE
663	#FBF7F6	#FFFFFF
664	#FCFBFD	#FFFFFF
665	#CF9D97	#FCFCFC
666	#D4CFE8	#FEFEFE
667	#EEECF6	#FEFEFE
668	#F4E6E4	#FEFEFE
669	#D4CFE8	#FEFEFE
670	#E6C8C4	#FDFDFD
671	#DCD8EC	#FEFEFE
672	#EFECF6	#FEFEFE
673	#F7EDEB	#FFFFFF
674	#F1E0DE	#FEFEFE
675	#F9F2F1	#FFFFFF
676	#F7F5FA	#FFFFFF
677	#F0DCDA	#FEFEFE
678	#FBF7F6	#FFFFFF
679	#EDEAF5	#FEFEFE
680	#F6F5FA	#FFFFFF
681	#E8CDCA	#FEFEFE
682	#FEFDFE	#FFFFFF
683	#F6E9E8	#FEFEFE
684	#E6C9C5	#FDFDFD
685	#F2F0F8	#FFFFFF
686	#E5E1F1	#FEFEFE
687	#FAFAFD	#FFFFFF
688	#FAFAFD	#FFFFFF
689	#F2F0F8	#FFFFFF
690	#FBFAFD	#FFFFFF
691	#EDEAF5	#FEFEFE
692	#FBFAFD	#FFFFFF
693	#F3F1F8	#FFFFFF
694	#F1E0DE	#FEFEFE
695	#EAE7F3	#FEFEFE
696	#E6C8C4	#FDFDFD
697	#E2C0BC	#FDFDFD
698	#F1E0DE	#FEFEFE
699	#DED9ED	#FEFEFE
700	#F2F0F8	#FFFFFF
701	#FEFCFC	#FFFFFF
703	#F9F8FC	#FFFFFF
704	#FBFAFD	#FFFFFF
705	#EFEDF6	#FEFEFE
706	#E8E5F3	#FEFEFE
707	#EEECF6	#FFFFFF
708	#FBFBFD	#FFFFFF
709	#F8EEED	#FFFFFF
710	#F8F0EF	#FFFFFF
711	#F8EEED	#FFFFFF
712	#D4A59F	#FCFCFC
713	#E4C4C0	#FDFDFD
714	#E6E3F2	#FEFEFE
715	#CF9D97	#FCFCFC
716	#E9E6F3	#FEFEFE
717	#F1E0DD	#FEFEFE
718	#EAE7F4	#FEFEFE
719	#F8EEED	#FFFFFF
720	#C8918B	#FBFBFB
721	#F7EDEC	#FEFEFE
722	#FEFDFD	#FFFFFF
723	#ECD4D1	#FEFEFE
724	#F9F2F1	#FFFFFF
725	#DDD9ED	#FEFEFE
726	#E4C4C0	#FDFDFD
727	#F0EDF7	#FFFFFF
728	#EDD6D3	#FEFEFE
729	#F1E0DE	#FEFEFE
730	#EDD7D4	#FEFEFE
731	#DCD7EC	#FEFEFE
732	#F6F5FA	#FFFFFF
733	#E9E6F3	#FEFEFE
734	#E2DEEF	#FDFDFD
735	#FBF6F5	#FFFFFF
736	#B7AFD8	#FDFDFD
737	#EEECF6	#FFFFFF
738	#DFDAED	#FDFDFD
739	#FBF5F5	#FFFFFF
740	#FEFDFD	#FFFFFF
741	#FBFAFD	#FFFFFF
742	#F9F8FC	#FFFFFF
743	#E8CDC9	#FEFEFE
744	#D4CEE8	#FDFDFD
745	#EEEBF6	#FFFFFF
746	#EBE8F4	#FEFEFE
747	#E1BEBA	#FDFDFD
748	#FAFAFD	#FFFFFF
749	#E8E5F3	#FEFEFE
750	#EFEDF6	#FEFEFE
751	#B8AFD8	#FDFDFD
752	#F1DFDD	#FEFEFE
753	#FBFAFD	#FFFFFF
754	#958BC5	#F9F9F9
755	#EBD4D1	#FDFDFD
756	#CF9D97	#FCFCFC
757	#ECD6D3	#FEFEFE
759	#FCFCFD	#FFFFFF
760	#DCD7EC	#FEFEFE
761	#D4CEE7	#FDFDFD
762	#F1DFDD	#FEFEFE
763	#F3E5E3	#FEFEFE
764	#FEFDFD	#FFFFFF
765	#F8EEED	#FFFFFF
766	#CF9D97	#FCFCFC
767	#E5E1F1	#FEFEFE
768	#F6EBE9	#FEFEFE
769	#E6E3F2	#FEFEFE
770	#E8E5F3	#FEFEFE
771	#DEDAED	#FDFDFD
772	#D4A6A0	#FCFCFC
773	#D4A5A0	#FCFCFC
774	#E6E3F2	#FEFEFE
775	#FFFFFF	#FFFFFF
776	#F7ECEB	#FFFFFF
777	#EEECF6	#FFFFFF
778	#EED9D6	#FEFEFE
779	#FDFBFA	#FFFFFF
780	#EEECF6	#FEFEFE
781	#EEECF6	#FFFFFF
782	#EDEAF5	#FEFEFE
783	#FEFCFC	#FFFFFF
784	#F4E6E4	#FEFEFE
785	#FBFAFD	#FFFFFF
786	#EEECF6	#FFFFFF
787	#F1E0DD	#FEFEFE
788	#E5E1F1	#FEFEFE
789	#F9F8FC	#FFFFFF
790	#EDEAF5	#FEFEFE
791	#EED9D7	#FEFEFE
792	#F8EEED	#FEFEFE
793	#FBFAFD	#FFFFFF
794	#ECD6D3	#FEFEFE
795	#F1E0DE	#FEFEFE
796	#FEFDFD	#FFFFFF
797	#F3F1F8	#FFFFFF
798	#E5E2F1	#FEFEFE
799	#F1DFDD	#FEFEFE
800	#EEECF6	#FEFEFE
801	#EEECF6	#FFFFFF
802	#CDC7E4	#FDFDFD
804	#F2F0F8	#FFFFFF
805	#F2F0F8	#FFFFFF
806	#EFECF6	#FFFFFF
807	#F7EDEC	#FEFEFE
808	#FBF6F6	#FFFFFF
809	#DCD7EC	#FEFEFE
810	#ECD5D2	#FEFEFE
811	#F4E6E4	#FEFEFE
812	#F9F8FC	#FFFFFF
813	#EEECF6	#FFFFFF
814	#FDFCFE	#FFFFFF
815	#ECD6D3	#FEFEFE
816	#D9B0AA	#FDFDFD
817	#CF9D97	#FCFCFC
818	#EDEAF5	#FEFEFE
819	#EEECF6	#FFFFFF
820	#F1E0DE	#FEFEFE
821	#FAF9FC	#FFFFFF
822	#EED9D6	#FEFEFE
823	#E5E1F1	#FEFEFE
824	#E6E3F2	#FEFEFE
825	#ECD5D3	#FEFEFE
826	#FBF6F6	#FFFFFF
827	#EBD4D0	#FEFEFE
828	#FCF7F6	#FFFFFF
829	#FDFAFA	#FFFFFF
830	#FFFEFE	#FFFFFF
831	#F7EDEC	#FEFEFE
832	#E4C4C0	#FDFDFD
833	#EFECF6	#FFFFFF
834	#FEFCFC	#FFFFFF
835	#EBE8F4	#FEFEFE
836	#D9B0AB	#FDFDFD
837	#E8E5F3	#FEFEFE
838	#CBC5E3	#FDFDFD
839	#FEFCFC	#FFFFFF
840	#E8E5F3	#FEFEFE
841	#FFFEFE	#FFFFFF
842	#F9F1F0	#FFFFFF
843	#EEECF6	#FFFFFF
844	#F2F0F8	#FEFEFE
845	#F6F5FA	#FFFFFF
846	#ECD6D3	#FEFEFE
847	#FBF6F6	#FFFFFF
848	#E9E6F3	#FEFEFE
849	#E9E6F3	#FEFEFE
850	#E8E5F2	#FEFEFE
851	#E3C3BF	#FDFDFD
852	#F7ECEA	#FFFFFF
853	#F2E1DE	#FEFEFE
854	#FBFAFD	#FFFFFF
855	#EFECF6	#FEFEFE
856	#FBF6F6	#FFFFFF
857	#E5E1F1	#FEFEFE
858	#F1E0DD	#FEFEFE
860	#E4C4C0	#FDFDFD
861	#F7EDEC	#FEFEFE
862	#F2E1DF	#FEFEFE
863	#FEFDFD	#FFFFFF
864	#E9E5F3	#FEFEFE
865	#E6C8C4	#FDFDFD
866	#FEFDFC	#FFFFFF
867	#F2F0F8	#FEFEFE
868	#E8CDCA	#FEFEFE
869	#F9F8FC	#FFFFFF
870	#E6C8C4	#FDFDFD
871	#ECD5D2	#FEFEFE
872	#F2F0F8	#FFFFFF
873	#CB9690	#FCFCFC
874	#F2E1DF	#FEFEFE
875	#FCF8F7	#FFFFFF
876	#D4A59F	#FCFCFC
877	#EBD2CF	#FDFDFD
878	#F9F1F0	#FFFFFF
879	#F6F5FA	#FFFFFF
880	#FEFCFC	#FFFFFF
881	#E6E2F1	#FEFEFE
882	#C3BBDE	#FDFDFD
883	#F4E7E5	#FEFEFE
884	#D1CBE6	#FCFCFC
885	#E8E5F3	#FEFEFE
886	#EEEBF6	#FEFEFE
887	#DDD8ED	#FEFEFE
888	#E4E0F0	#FEFEFE
889	#CBC5E3	#FDFDFD
890	#9B90C8	#FAFAFA
891	#F0DDDA	#FEFEFE
892	#EFECF6	#FEFEFE
893	#DEDAED	#FEFEFE
894	#ECE9F5	#FEFEFE
895	#FEFDFC	#FFFFFF
896	#F6EAE9	#FEFEFE
897	#F7ECEB	#FFFFFF
898	#E9CECA	#FEFEFE
899	#B7AFD8	#FDFDFD
900	#F6EAE9	#FEFEFE
901	#DFBBB7	#FCFCFC
902	#F9F1EF	#FFFFFF
903	#E6C8C4	#FDFDFD
905	#C1B9DD	#FBFBFB
906	#DEDAED	#FDFDFD
907	#E6E2F1	#FEFEFE
908	#ECD5D2	#FEFEFE
909	#F8EEED	#FFFFFF
910	#F9F9FC	#FFFFFF
911	#CF9D97	#FCFCFC
912	#FBF6F6	#FFFFFF
913	#F7EDEB	#FFFFFF
914	#D9B0AB	#FDFDFD
915	#D9B0AA	#FDFDFD
916	#EDD6D3	#FEFEFE
917	#D9B0AA	#FDFDFD
918	#E9E6F3	#FEFEFE
919	#CCC5E3	#FDFDFD
920	#FEFDFD	#FFFFFF
921	#F1E0DD	#FEFEFE
922	#E6C8C4	#FDFDFD
923	#FBFAFD	#FFFFFF
924	#F2F0F8	#FFFFFF
925	#FBF6F5	#FFFFFF
926	#EEECF6	#FFFFFF
927	#E5E1F1	#FEFEFE
928	#FEFCFC	#FFFFFF
929	#F4E6E4	#FEFEFE
930	#ECD5D2	#FEFEFE
931	#F0DDDA	#FEFEFE
932	#DBD7EC	#FEFEFE
933	#E8E5F3	#FEFEFE
934	#F2F0F8	#FFFFFF
935	#FBF6F6	#FFFFFF
936	#D5CFE8	#FEFEFE
937	#DDD8EC	#FEFEFE
938	#D4CEE7	#FDFDFD
939	#F7F5FA	#FFFFFF
940	#FEFDFD	#FFFFFF
941	#F2F0F8	#FFFFFF
942	#CC9791	#FCFCFC
943	#F1DFDD	#FEFEFE
944	#EBD4D0	#FEFEFE
945	#F0DDDB	#FEFEFE
946	#E5E2F1	#FEFEFE
947	#DDD8ED	#FEFEFE
948	#E5E1F1	#FEFEFE
949	#D4CEE7	#FDFDFD
950	#F6F5FA	#FFFFFF
951	#DDD8EC	#FEFEFE
952	#FCFBFD	#FFFFFF
953	#F9F1F0	#FFFFFF
954	#EEECF6	#FEFEFE
955	#F1E0DE	#FEFEFE
956	#E1BEB9	#FDFDFD
957	#FDFBFB	#FFFFFF
958	#E6C8C4	#FDFDFD
959	#F4E7E5	#FEFEFE
961	#DCD7EC	#FEFEFE
962	#DED9ED	#FEFEFE
963	#E5E2F1	#FEFEFE
964	#F2E2E0	#FEFEFE
965	#E0BDB9	#FDFDFD
966	#F1E0DE	#FEFEFE
967	#FBFAFD	#FFFFFF
968	#F1E0DE	#FEFEFE
969	#FBFAFD	#FFFFFF
970	#D9AFAA	#FDFDFD
971	#FBFAFD	#FFFFFF
972	#F4E7E5	#FEFEFE
973	#EFECF6	#FEFEFE
974	#FEFEFE	#FFFFFF
975	#F9F1F0	#FFFFFF
976	#E2C1BD	#FDFDFD
977	#F4E5E3	#FEFEFE
978	#E2C0BC	#FDFDFD
979	#FBF6F6	#FFFFFF
980	#FCFBFD	#FFFFFF
981	#F2E1DE	#FEFEFE
982	#EEECF6	#FEFEFE
983	#DDD8EC	#FEFEFE
984	#FDFBFA	#FFFFFF
985	#EEEBF6	#FEFEFE
986	#F2F0F8	#FFFFFF
987	#CC9791	#FCFCFC
988	#EFEDF6	#FEFEFE
989	#F4E5E3	#FEFEFE
990	#FEFCFC	#FFFFFF
991	#EFEDF6	#FEFEFE
992	#D9B0AA	#FDFDFD
993	#D9B0AA	#FDFDFD
994	#F1E0DE	#FEFEFE
995	#F6EAE9	#FEFEFE
996	#D5CFE8	#FEFEFE
997	#EFECF6	#FEFEFE
998	#DDD8ED	#FEFEFE
999	#ECD5D2	#FEFEFE
1000	#E5E1F1	#FEFEFE
1001	#E9E5F3	#FEFEFE
1002	#DCD7EC	#FEFEFE
1003	#E8E4F2	#FEFEFE
1004	#F9F9FC	#FFFFFF
1006	#F8EEED	#FFFFFF
1007	#F5E8E6	#FEFEFE
1008	#FBF7F6	#FFFFFF
1009	#D9AFAA	#FDFDFD
1010	#CC9790	#FCFCFC
1011	#FEFDFD	#FFFFFF
1012	#DDD8ED	#FDFDFD
1013	#BEB6DB	#FCFCFC
1014	#FFFFFF	#FFFFFF
1015	#F4E5E3	#FEFEFE
1016	#E8CECA	#FEFEFE
1017	#F6F5FA	#FFFFFF
1018	#F8EEED	#FFFFFF
1019	#FEFDFD	#FFFFFF
1020	#C1847D	#FAFAFA
1021	#F1E0DE	#FEFEFE
1022	#F1E0DE	#FEFEFE
1023	#FBFAFD	#FFFFFF
1024	#E8E5F3	#FEFEFE
1025	#F7EDEC	#FEFEFE
1026	#FBFBFD	#FFFFFF
1027	#FEFDFD	#FFFFFF
1028	#F4E6E4	#FEFEFE
1029	#EAE8F4	#FEFEFE
1030	#CF9D97	#FCFCFC
1031	#F4E7E5	#FEFEFE
1032	#EAE7F4	#FEFEFE
1033	#D4CEE8	#FDFDFD
1034	#D4A59F	#FCFCFC
1035	#D3CDE7	#FCFCFC
1036	#FBFAFD	#FFFFFF
1037	#F1E0DD	#FEFEFE
1038	#C5BDDF	#FCFCFC
1039	#F8EEED	#FFFFFF
1040	#CDC6E4	#FCFCFC
1041	#D4CEE7	#FDFDFD
1042	#F6F5FA	#FFFFFF
1043	#FBF5F5	#FFFFFF
1044	#DCD7EC	#FEFEFE
1045	#BEB6DC	#FCFCFC
1046	#E6C8C4	#FDFDFD
1047	#FBF6F6	#FFFFFF
1048	#E6C8C4	#FDFDFD
1049	#FCF7F7	#FFFFFF
1050	#FBF6F5	#FFFFFF
1051	#E8E5F3	#FEFEFE
1052	#DCD7EC	#FEFEFE
1053	#F9F8FC	#FFFFFF
1054	#E9CECA	#FEFEFE
1055	#E9E6F3	#FEFEFE
1056	#EBD4D0	#FEFEFE
1057	#F0DDDA	#FEFEFE
1058	#FEFDFD	#FFFFFF
1059	#FFFFFF	#FFFFFF
1060	#EEECF6	#FFFFFF
1062	#ECD6D3	#FEFEFE
1063	#F1E0DD	#FEFEFE
1064	#FBFAFD	#FFFFFF
1065	#F1E0DE	#FEFEFE
1066	#CF9D97	#FCFCFC
1067	#F4E5E3	#FEFEFE
1068	#F2E1DF	#FEFEFE
1069	#FEFCFB	#FFFFFF
1070	#ECD5D2	#FEFEFE
1071	#FAF9FC	#FFFFFF
1072	#E9CECB	#FEFEFE
1073	#D4A6A0	#FCFCFC
1074	#FCF8F8	#FFFFFF
1075	#F7EDEC	#FFFFFF
1076	#F7EDEC	#FFFFFF
1077	#FBF6F6	#FFFFFF
1078	#EFDCDA	#FEFEFE
1079	#FEFDFD	#FFFFFF
1080	#E1BEB9	#FEFEFE
1081	#F2F0F8	#FEFEFE
1082	#EFECF6	#FEFEFE
1083	#EFEDF6	#FEFEFE
1084	#F4E5E4	#FEFEFE
1085	#FBF6F5	#FFFFFF
1086	#FBFAFD	#FFFFFF
1087	#CDC7E4	#FCFCFC
1088	#FBF6F6	#FFFFFF
1089	#EBD3D0	#FEFEFE
1090	#F6ECEA	#FFFFFF
1091	#CF9C96	#FCFCFC
1092	#F2E1DE	#FEFEFE
1093	#F1E0DD	#FEFEFE
1094	#EEECF6	#FFFFFF
1095	#A79ECF	#FBFBFB
1096	#FAF9FC	#FFFFFF
1097	#F9F8FC	#FFFFFF
1098	#FAF9FC	#FFFFFF
1099	#F7F6FB	#FFFFFF
1100	#E2DEEF	#FDFDFD
1101	#FCFBFD	#FFFFFF
1102	#FEFDFC	#FFFFFF
1103	#FEFDFD	#FFFFFF
1104	#D3CDE7	#FDFDFD
1105	#ECD5D2	#FEFEFE
1107	#FBFAFD	#FFFFFF
1108	#FBFAFD	#FFFFFF
1109	#EFEDF7	#FEFEFE
1110	#F2E1DE	#FEFEFE
1111	#F7EDEC	#FEFEFE
1112	#F1E0DE	#FEFEFE
1113	#E6C8C4	#FDFDFD
1114	#D9B0AB	#FDFDFD
1115	#D4A59F	#FCFCFC
1116	#EAD1CE	#FDFDFD
1117	#FFFEFE	#FFFFFF
1118	#FBFAFD	#FFFFFF
1119	#E4E1F1	#FEFEFE
1120	#FBF7F6	#FFFFFF
1121	#DEB9B4	#FCFCFC
1122	#FBF7F6	#FFFFFF
1123	#EFEDF6	#FFFFFF
1124	#ECD5D3	#FEFEFE
1125	#FAF3F2	#FFFFFF
1126	#E9D0CC	#FDFDFD
1127	#FCF7F6	#FFFFFF
1128	#F1DFDD	#FEFEFE
1129	#E3DFF0	#FEFEFE
1130	#E2C0BC	#FDFDFD
1131	#EFEDF6	#FEFEFE
1132	#FDFAFA	#FFFFFF
1133	#F1E0DD	#FEFEFE
1134	#F8EEED	#FFFFFF
1135	#F3E5E3	#FEFEFE
1136	#FFFEFE	#FFFFFF
1137	#FBFAFD	#FFFFFF
1138	#E6E2F1	#FEFEFE
1139	#E9CECA	#FEFEFE
1140	#F7ECEB	#FFFFFF
1141	#FEFCFC	#FFFFFF
1142	#FFFEFE	#FFFFFF
1143	#E8E5F3	#FEFEFE
1144	#FBFAFD	#FFFFFF
1145	#EFEDF6	#FEFEFE
1146	#D3CEE7	#FDFDFD
1147	#E7E3F2	#FEFEFE
1148	#E8E5F3	#FEFEFE
1149	#E6E3F1	#FEFEFE
1150	#B7AFD8	#FDFDFD
1151	#DED9ED	#FEFEFE
1152	#FBFBFD	#FFFFFF
1153	#E4E0F0	#FEFEFE
1154	#E6E2F1	#FEFEFE
1155	#EFDCDA	#FEFEFE
1156	#E6C8C5	#FDFDFD
1157	#F7ECEB	#FFFFFF
1158	#F2E1DE	#FEFEFE
1159	#EDEAF5	#FEFEFE
1160	#FDFAFA	#FFFFFF
1161	#F7EEEC	#FFFFFF
1163	#E6C8C5	#FDFDFD
1164	#FBF6F5	#FFFFFF
1165	#F8EEED	#FFFFFF
1166	#F1E0DE	#FEFEFE
1167	#D4A5A0	#FCFCFC
1168	#E1BEBA	#FEFEFE
1169	#E5E2F1	#FEFEFE
1170	#F6F5FA	#FFFFFF
1171	#FEFDFD	#FFFFFF
1172	#FBFAFD	#FFFFFF
1173	#EFECF6	#FFFFFF
1174	#DDD8EC	#FEFEFE
1175	#C9918B	#FBFBFB
1176	#FAFAFC	#FFFFFF
1177	#F7EDEB	#FFFFFF
1178	#F4E5E4	#FEFEFE
1179	#E5E2F1	#FEFEFE
1180	#E1BEBA	#FEFEFE
1181	#F2F1F8	#FFFFFF
1182	#F6F5FA	#FFFFFF
1183	#F2F1F8	#FFFFFF
1184	#F9F1F0	#FFFFFF
1185	#F4E5E3	#FEFEFE
1186	#F9F1F0	#FEFEFE
1187	#FBFAFD	#FFFFFF
1188	#F7ECEB	#FFFFFF
1189	#E6E3F2	#FEFEFE
1190	#EDEAF5	#FEFEFE
1191	#F0EEF7	#FEFEFE
1192	#EAE7F4	#FEFEFE
1193	#F1E0DE	#FEFEFE
1194	#E5E2F1	#FEFEFE
1195	#FBF5F5	#FFFFFF
1196	#DDD9ED	#FDFDFD
1197	#F9F8FC	#FFFFFF
1198	#D7D2E9	#FDFDFD
1199	#F6F5FA	#FFFFFF
1200	#FEFDFD	#FFFFFF
1201	#CCC5E3	#FDFDFD
1202	#F7ECEB	#FFFFFF
1203	#FBF6F5	#FFFFFF
1204	#D7D2EA	#FDFDFD
1205	#F9F1F0	#FFFFFF
1206	#F1E0DD	#FEFEFE
1208	#F4E5E3	#FEFEFE
1209	#F1DFDD	#FEFEFE
1210	#FBF6F5	#FFFFFF
1211	#FAF9FC	#FFFFFF
1212	#FBF6F5	#FFFFFF
1213	#CCC5E3	#FDFDFD
1214	#F2F0F8	#FFFFFF
1215	#F4E6E4	#FEFEFE
1216	#C3BBDE	#FDFDFD
1217	#EAE7F4	#FEFEFE
1218	#FFFEFE	#FFFFFF
1219	#D3A59F	#FCFCFC
1220	#EEECF6	#FEFEFE
1221	#EEECF6	#FEFEFE
1222	#F7EDEB	#FFFFFF
1223	#FCF7F7	#FFFFFF
1224	#E4C4C0	#FDFDFD
1225	#FBF6F6	#FFFFFF
1226	#F7ECEA	#FFFFFF
1227	#FAF9FC	#FFFFFF
1228	#D4A59F	#FCFCFC
1229	#CC9791	#FCFCFC
1230	#FAFAFD	#FFFFFF
1231	#E9CECA	#FEFEFE
1232	#F6F5FA	#FFFFFF
1233	#DEDAED	#FEFEFE
1234	#E9CECA	#FEFEFE
1235	#FBF6F5	#FFFFFF
1236	#FEFCFC	#FFFFFF
1237	#F9F1F0	#FFFFFF
1238	#F7EDEB	#FFFFFF
1239	#FCF9F8	#FFFFFF
1240	#FCFBFD	#FFFFFF
1241	#E9CECA	#FEFEFE
1242	#E8E5F2	#FEFEFE
1243	#ECD5D2	#FEFEFE
1244	#FCFCFD	#FFFFFF
1245	#F5F4FA	#FFFFFF
1246	#FBFBFD	#FFFFFF
1247	#DCD7EC	#FEFEFE
1248	#E3DFF0	#FEFEFE
1249	#EFEDF6	#FEFEFE
1250	#D4A5A0	#FCFCFC
1251	#FBF7F6	#FFFFFF
1252	#FEFCFC	#FFFFFF
1253	#E4E1F1	#FEFEFE
1254	#F9F1F0	#FFFFFF
1255	#FAF9FC	#FFFFFF
1256	#CBC5E3	#FDFDFD
1257	#F3E5E3	#FEFEFE
1258	#F5E9E8	#FEFEFE
1259	#F9F1F0	#FFFFFF
1260	#D9B0AA	#FDFDFD
1261	#FBFAFD	#FFFFFF
1262	#FAF9FC	#FFFFFF
1264	#F7EDEB	#FFFFFF
1265	#CCC5E3	#FDFDFD
1266	#F8EEED	#FFFFFF
1267	#ECD5D2	#FEFEFE
1268	#ECD5D2	#FEFEFE
1269	#F9F9FC	#FFFFFF
1270	#F1DFDD	#FEFEFE
1271	#EFECF6	#FEFEFE
1272	#ECD5D2	#FEFEFE
1273	#F2F0F8	#FFFFFF
1274	#EDD7D4	#FEFEFE
1275	#E1BEB9	#FEFEFE
1276	#D09E98	#FCFCFC
1277	#CC9790	#FCFCFC
1278	#E5C6C2	#FCFCFC
1279	#EBE8F4	#FEFEFE
1280	#FFFFFF	#FFFFFF
1281	#F9F8FC	#FFFFFF
1282	#F7EDEB	#FFFFFF
1283	#F1E0DE	#FEFEFE
1284	#E5E2F1	#FEFEFE
1285	#F7EDEC	#FFFFFF
1286	#F4E5E3	#FEFEFE
1287	#DFDAED	#FDFDFD
1288	#EFEDF6	#FFFFFF
1289	#FBF7F6	#FFFFFF
1290	#DDD9ED	#FEFEFE
1291	#FEFDFD	#FFFFFF
1292	#FBFBFD	#FFFFFF
1293	#FBF6F5	#FFFFFF
1294	#D4CEE7	#FDFDFD
1295	#DDD8EC	#FEFEFE
1296	#F4E6E4	#FEFEFE
1297	#D9B0AA	#FDFDFD
1298	#E6E3F2	#FEFEFE
1299	#FBFBFD	#FFFFFF
1300	#E8E5F3	#FEFEFE
1301	#F9F8FC	#FFFFFF
1302	#EEECF6	#FFFFFF
1303	#EFECF6	#FFFFFF
1304	#DBD7EC	#FEFEFE
1305	#CF9D97	#FCFCFC
1306	#E4E0F0	#FEFEFE
1307	#D3CDE7	#FDFDFD
1309	#EFDCDA	#FEFEFE
1310	#D9B0AB	#FDFDFD
1311	#FBF6F6	#FFFFFF
1312	#FBF6F5	#FFFFFF
1313	#F0DCDA	#FEFEFE
1314	#F5E7E5	#FEFEFE
1315	#F2F0F8	#FFFFFF
1316	#F3E5E3	#FEFEFE
1317	#E2C1BC	#FDFDFD
1319	#EFECF6	#FEFEFE
1320	#F9F1F0	#FFFFFF
1321	#F1E0DD	#FEFEFE
1322	#CC9790	#FCFCFC
1323	#F1E0DE	#FEFEFE
1324	#F9F8FC	#FFFFFF
1325	#F8EEED	#FFFFFF
1326	#EEECF6	#FFFFFF
1327	#FEFDFD	#FFFFFF
1328	#E4C4BF	#FDFDFD
1329	#E9CECA	#FEFEFE
1330	#FDFCFE	#FFFFFF
1331	#F1E0DD	#FEFEFE
1332	#F4E5E4	#FEFEFE
1333	#E6C9C5	#FDFDFD
1334	#FBF6F6	#FFFFFF
1335	#E8E5F3	#FEFEFE
1336	#F1DFDC	#FEFEFE
1337	#EEECF6	#FFFFFF
1338	#FBFAFD	#FFFFFF
1339	#FFFFFF	#FFFFFF
1340	#DEDAED	#FEFEFE
1341	#FBF6F5	#FFFFFF
1342	#EED9D7	#FEFEFE
1343	#EFECF6	#FFFFFF
1344	#FEFDFD	#FFFFFF
1345	#CBC5E3	#FDFDFD
1346	#A79ECF	#FBFBFB
1347	#EEECF6	#FFFFFF
1348	#F9F9FC	#FFFFFF
1349	#FBF6F5	#FFFFFF
1350	#F1DFDD	#FEFEFE
1351	#D4CEE7	#FDFDFD
1352	#FEFDFD	#FFFFFF
1353	#FBF6F6	#FFFFFF
1354	#EEECF6	#FFFFFF
1355	#FBF6F5	#FFFFFF
1356	#EFECF6	#FEFEFE
1357	#E8CDCA	#FEFEFE
1358	#FAF9FC	#FFFFFF
1359	#F7ECEA	#FFFFFF
1360	#F7ECEB	#FFFFFF
1361	#EFDCDA	#FEFEFE
1362	#EFDCD9	#FEFEFE
1363	#F9F8FC	#FFFFFF
1365	#F4E5E3	#FEFEFE
1366	#EBD4D1	#FDFDFD
1367	#E8CECA	#FEFEFE
1368	#CF9D96	#FCFCFC
1369	#FBF7F6	#FFFFFF
1370	#DFBBB6	#FCFCFC
1371	#E1BEBA	#FEFEFE
1372	#E9CECA	#FEFEFE
1373	#E2C1BC	#FDFDFD
1374	#FBF6F5	#FFFFFF
1375	#E6C8C4	#FDFDFD
1376	#FEFDFC	#FFFFFF
1377	#FAF9FC	#FFFFFF
1378	#FBF6F5	#FFFFFF
1379	#C3BBDE	#FDFDFD
1380	#F6EBE9	#FEFEFE
1381	#FBF5F5	#FFFFFF
1382	#EDEAF5	#FEFEFE
1383	#D1CBE6	#FCFCFC
1384	#EFECF6	#FFFFFF
1385	#FDFBFA	#FFFFFF
1386	#CCC5E3	#FDFDFD
1387	#C3BBDE	#FDFDFD
1388	#EBE8F4	#FEFEFE
1389	#F8EEED	#FFFFFF
1390	#F4E5E4	#FEFEFE
1391	#F7EDEB	#FFFFFF
1392	#D9AFAA	#FDFDFD
1393	#BEB6DB	#FCFCFC
1394	#A89ECF	#FBFBFB
1395	#FAF9FC	#FFFFFF
1396	#F6F5FA	#FFFFFF
1397	#E1BEB9	#FEFEFE
1398	#D4CFE8	#FEFEFE
1399	#EDD7D4	#FEFEFE
1400	#C3BBDE	#FDFDFD
1401	#B7AFD8	#FDFDFD
1402	#E4E1F1	#FEFEFE
1403	#ECD5D2	#FEFEFE
1404	#F1E0DD	#FEFEFE
1405	#ECEAF5	#FEFEFE
1406	#FBFAFD	#FFFFFF
1407	#F7ECEB	#FFFFFF
1408	#CBC4E3	#FDFDFD
1410	#FBFAFD	#FFFFFF
1411	#EEEBF6	#FEFEFE
1412	#EDEBF5	#FEFEFE
1413	#F9F1F0	#FFFFFF
1414	#D4A59F	#FCFCFC
1415	#F2E3E1	#FEFEFE
1416	#FEFDFD	#FFFFFF
1417	#FAFAFC	#FFFFFF
1418	#E9CECB	#FEFEFE
1419	#FEFDFD	#FFFFFF
1420	#FBF6F6	#FFFFFF
1421	#F6EBE9	#FEFEFE
1422	#FAFAFD	#FFFFFF
1423	#E8E5F3	#FEFEFE
1424	#F3E5E3	#FEFEFE
1425	#D6D1E9	#FDFDFD
1426	#EBD4D0	#FEFEFE
1427	#F7EDEB	#FFFFFF
1428	#FDFBFA	#FFFFFF
1429	#FBF6F5	#FFFFFF
1430	#CC9791	#FCFCFC
1431	#FDFBFA	#FFFFFF
1432	#E8E5F3	#FEFEFE
1433	#EFEDF6	#FEFEFE
1434	#F6F5FA	#FFFFFF
1435	#FBF6F5	#FFFFFF
1436	#E3DFF0	#FEFEFE
1437	#FBF6F5	#FFFFFF
1438	#FEFDFD	#FFFFFF
1439	#D4A59F	#FCFCFC
1440	#F1E0DE	#FEFEFE
1441	#F2F1F8	#FFFFFF
1442	#F1E0DD	#FEFEFE
1443	#EEECF6	#FFFFFF
1444	#D3CEE7	#FDFDFD
1445	#F9F8FC	#FFFFFF
1446	#ECD6D3	#FEFEFE
1447	#F7ECEA	#FFFFFF
1448	#FAF9FC	#FFFFFF
1449	#E9CECA	#FEFEFE
1450	#ECD5D2	#FEFEFE
1451	#FBFBFD	#FFFFFF
1452	#E9E5F3	#FEFEFE
1453	#AEA5D3	#FCFCFC
1454	#EFEDF6	#FEFEFE
1455	#F6F5FA	#FFFFFF
1456	#DDD8EC	#FEFEFE
1457	#FBFAFD	#FFFFFF
1458	#FBF6F6	#FFFFFF
1459	#FBF7F6	#FFFFFF
1460	#F9F1F0	#FFFFFF
1461	#D5CFE8	#FEFEFE
1462	#F9F2F1	#FFFFFF
1463	#FBF6F5	#FFFFFF
1464	#D9B0AB	#FDFDFD
1466	#EEEBF6	#FEFEFE
1467	#FDFBFA	#FFFFFF
1468	#FBF6F5	#FFFFFF
1469	#EFECF6	#FEFEFE
1470	#F2E1DF	#FEFEFE
1471	#E1BEBA	#FEFEFE
1472	#E8E5F3	#FEFEFE
1473	#FBF6F5	#FFFFFF
1474	#FCF7F7	#FFFFFF
1475	#F1E0DD	#FEFEFE
1476	#C68D87	#FBFBFB
1477	#FBF6F5	#FFFFFF
1478	#E8E5F3	#FEFEFE
1479	#FBFBFD	#FFFFFF
1480	#F0DDDA	#FEFEFE
1481	#F9F2F1	#FFFFFF
1482	#F0DDDA	#FEFEFE
1483	#EFEDF6	#FEFEFE
1484	#E4E1F1	#FEFEFE
1485	#F1DFDD	#FEFEFE
1486	#D4A5A0	#FCFCFC
1487	#FAF9FC	#FFFFFF
1488	#FBF6F6	#FFFFFF
1489	#E9E6F3	#FEFEFE
1490	#F8EEED	#FFFFFF
1491	#DDD8EC	#FEFEFE
1492	#FAF9FC	#FFFFFF
1493	#EFEDF6	#FEFEFE
1494	#F9F1F0	#FFFFFF
1495	#E4E1F1	#FEFEFE
1496	#F5E7E5	#FEFEFE
1497	#FCFBFD	#FFFFFF
1498	#F8EEED	#FFFFFF
1499	#F7ECEA	#FFFFFF
1500	#D4A59F	#FCFCFC
1501	#F8EEED	#FFFFFF
1502	#E3C3BF	#FDFDFD
1503	#C3BBDE	#FDFDFD
1504	#FBF7F6	#FFFFFF
1505	#FCFBFD	#FFFFFF
1506	#D3CEE7	#FDFDFD
1507	#F8EEED	#FFFFFF
1508	#F6F4FA	#FFFFFF
1509	#FBFAFD	#FFFFFF
1511	#F2E1DF	#FEFEFE
1512	#F6EAE8	#FEFEFE
1513	#E8E5F3	#FEFEFE
1514	#E4E1F1	#FEFEFE
1515	#E8E5F3	#FEFEFE
1516	#F3E5E3	#FEFEFE
1517	#ECD5D2	#FEFEFE
1518	#F5F4FA	#FFFFFF
1519	#F4E6E4	#FEFEFE
1520	#E2C0BC	#FDFDFD
1521	#F1E0DD	#FEFEFE
1522	#E9CECA	#FEFEFE
1523	#F9F2F1	#FFFFFF
1524	#ECD6D3	#FEFEFE
1525	#FBF6F5	#FFFFFF
1526	#F9F2F1	#FFFFFF
1527	#F0DDDA	#FEFEFE
1528	#E7E4F2	#FEFEFE
1529	#FAF9FC	#FFFFFF
1530	#F1DFDD	#FEFEFE
1531	#F9F9FC	#FFFFFF
1532	#ECD6D3	#FEFEFE
1533	#DDD9ED	#FDFDFD
1534	#F7EDEB	#FEFEFE
1535	#FAF4F4	#FFFFFF
1536	#A197CC	#FBFBFB
1537	#F8EEED	#FFFFFF
1538	#9B90C8	#FAFAFA
1539	#EEEBF6	#FFFFFF
1540	#F1DFDD	#FEFEFE
1541	#CCC5E3	#FDFDFD
1542	#ECD4D1	#FDFDFD
1543	#EFEDF6	#FEFEFE
1544	#CDC7E4	#FDFDFD
1545	#F9F8FC	#FFFFFF
1546	#F1E0DE	#FEFEFE
1547	#F7EDEB	#FEFEFE
1548	#B7AFD8	#FDFDFD
1549	#FBFAFD	#FFFFFF
1550	#E8E5F3	#FEFEFE
1551	#FAF9FC	#FFFFFF
1552	#EFECF6	#FFFFFF
1553	#FAF9FC	#FFFFFF
1555	#FBF6F6	#FFFFFF
1556	#EEEBF6	#FFFFFF
1557	#EEECF6	#FFFFFF
1558	#FBF7F6	#FFFFFF
1559	#E9E5F3	#FEFEFE
1560	#FAF9FC	#FFFFFF
1561	#F4E5E4	#FEFEFE
1562	#F1E0DE	#FEFEFE
1563	#F1E0DD	#FEFEFE
1564	#ECD5D2	#FEFEFE
1565	#F6F5FA	#FFFFFF
1567	#ECD5D2	#FEFEFE
1568	#C3BBDE	#FDFDFD
1569	#F4E5E3	#FEFEFE
1570	#F2F0F8	#FFFFFF
1571	#F0EDF7	#FFFFFF
1572	#EDEAF5	#FEFEFE
1573	#D9B0AB	#FDFDFD
1574	#FCFCFD	#FFFFFF
1575	#F3E4E2	#FEFEFE
1576	#EDEAF5	#FEFEFE
1577	#F9F2F1	#FFFFFF
1578	#EEEBF6	#FFFFFF
1579	#FBFAFD	#FFFFFF
1580	#F4E7E5	#FEFEFE
1581	#EFEDF6	#FFFFFF
1582	#EEECF6	#FFFFFF
1583	#FCFCFD	#FFFFFF
1584	#D3A59F	#FCFCFC
1585	#DCD7EC	#FEFEFE
1586	#F0EDF7	#FFFFFF
1587	#DDD8EC	#FEFEFE
1588	#EFECF6	#FEFEFE
1589	#FBF6F5	#FFFFFF
1590	#F3E5E3	#FEFEFE
1591	#EFEDF6	#FFFFFF
1592	#ECD5D2	#FEFEFE
1593	#BEB6DC	#FCFCFC
1594	#FBF6F5	#FFFFFF
1595	#C4BDDF	#FCFCFC
1596	#E6E2F1	#FEFEFE
1597	#F7ECEB	#FFFFFF
1598	#D9B0AB	#FDFDFD
1599	#C3BBDE	#FDFDFD
1600	#F8EEED	#FFFFFF
1601	#E8CECA	#FEFEFE
1603	#FBFAFD	#FFFFFF
1604	#FAF9FC	#FFFFFF
1605	#F4E5E4	#FEFEFE
1606	#FAF9FC	#FFFFFF
1607	#FBF6F5	#FFFFFF
1608	#C3BBDE	#FDFDFD
1609	#FBF7F6	#FFFFFF
1610	#FBF6F5	#FFFFFF
1612	#FBF6F5	#FFFFFF
1613	#DDD8EC	#FEFEFE
1614	#D9B0AA	#FDFDFD
1615	#E1BEBA	#FEFEFE
1616	#B7AED8	#FDFDFD
1617	#FEFDFD	#FFFFFF
1618	#F6EAE8	#FEFEFE
1619	#E2C1BC	#FDFDFD
1620	#FCFBFD	#FFFFFF
1621	#E4C4C0	#FDFDFD
1622	#E9CECA	#FEFEFE
1623	#EED9D7	#FEFEFE
1624	#FAFAFD	#FFFFFF
1625	#FEFDFD	#FFFFFF
1626	#DFBBB7	#FCFCFC
1627	#FAFAFD	#FFFFFF
1628	#EEECF6	#FEFEFE
1629	#FAFAFC	#FFFFFF
1630	#F1E0DD	#FEFEFE
1631	#E1BEBA	#FEFEFE
1632	#F9F1F0	#FFFFFF
1633	#E6C9C5	#FDFDFD
1634	#FEFEFE	#FFFFFF
1635	#EEEBF6	#FEFEFE
1636	#E6E3F2	#FEFEFE
1638	#F7ECEB	#FFFFFF
1639	#E1BEBA	#FEFEFE
1640	#D9B0AA	#FDFDFD
1641	#F6EAE8	#FEFEFE
1642	#F9F9FC	#FFFFFF
1643	#FBFBFD	#FFFFFF
1644	#FDFBFB	#FFFFFF
1645	#D4CEE8	#FEFEFE
1646	#FBFBFD	#FFFFFF
1647	#D9B0AB	#FDFDFD
1648	#F7EDEB	#FFFFFF
1649	#F8EEED	#FFFFFF
1650	#F9F8FC	#FFFFFF
1651	#EFEDF6	#FFFFFF
1652	#E4C4C0	#FDFDFD
1653	#EFECF6	#FEFEFE
1654	#D4CFE8	#FDFDFD
1655	#D9B0AA	#FDFDFD
1656	#EEECF6	#FFFFFF
1657	#E9CECB	#FEFEFE
1658	#F9F9FC	#FFFFFF
1659	#F7ECEB	#FFFFFF
1660	#F2F0F8	#FFFFFF
1661	#D4CFE8	#FDFDFD
1662	#E9CECB	#FEFEFE
1663	#E6C8C4	#FDFDFD
1664	#FBF6F6	#FFFFFF
1665	#F1E0DE	#FEFEFE
1666	#FAF9FC	#FFFFFF
1668	#F9F9FC	#FFFFFF
1669	#C9928B	#FBFBFB
1670	#F1DFDD	#FEFEFE
1671	#F4E5E3	#FEFEFE
1672	#F8EEED	#FFFFFF
1673	#FBFAFD	#FFFFFF
1674	#FFFEFE	#FFFFFF
1675	#FBF6F5	#FFFFFF
1676	#CBC5E3	#FDFDFD
1677	#FBF6F5	#FFFFFF
1678	#F7EDEB	#FFFFFF
1679	#FBF7F6	#FFFFFF
1680	#C3BBDE	#FDFDFD
1681	#DDD8ED	#FEFEFE
1682	#CF9D97	#FCFCFC
1683	#F7EDEB	#FEFEFE
1684	#F8EEED	#FFFFFF
1685	#F8EFED	#FFFFFF
1686	#F7ECEB	#FFFFFF
1687	#CEC7E4	#FDFDFD
1688	#E5E1F1	#FEFEFE
1689	#FFFFFF	#FFFFFF
1690	#F6F4FA	#FFFFFF
1691	#DFBBB7	#FCFCFC
1692	#CDC7E4	#FCFCFC
1693	#B7AFD8	#FDFDFD
1694	#F7ECEA	#FFFFFF
1695	#F7EDEC	#FFFFFF
1696	#F7ECEB	#FFFFFF
1697	#B7AFD8	#FDFDFD
1698	#FBFAFD	#FFFFFF
1699	#ECD5D2	#FEFEFE
1700	#AFA6D3	#FCFCFC
1701	#F2F0F8	#FFFFFF
1702	#E1BEBA	#FDFDFD
1703	#FEFDFC	#FFFFFF
1704	#EFECF6	#FEFEFE
1705	#FBF7F6	#FFFFFF
1706	#FAFAFC	#FFFFFF
1707	#F8EEEC	#FFFFFF
1708	#DDD8ED	#FEFEFE
1709	#FAF9FC	#FFFFFF
1710	#C5BDDF	#FCFCFC
1711	#D9AFAA	#FDFDFD
1713	#F0EDF7	#FFFFFF
1714	#F1DFDD	#FEFEFE
1715	#EBD3D0	#FEFEFE
1716	#F7EDEB	#FFFFFF
1717	#F3E4E2	#FEFEFE
1718	#FBF6F5	#FFFFFF
1719	#F8EEED	#FFFFFF
1720	#F5E7E6	#FEFEFE
1721	#F8EEED	#FFFFFF
1722	#FAF9FC	#FFFFFF
1723	#FBF7F6	#FFFFFF
1724	#F1E0DD	#FEFEFE
1725	#FAF9FC	#FFFFFF
1726	#FBFAFD	#FFFFFF
1727	#F0DDDA	#FEFEFE
1728	#FEFDFD	#FFFFFF
1729	#FBFBFD	#FFFFFF
1730	#FBFAFD	#FFFFFF
1731	#E3C4BF	#FDFDFD
1732	#FAF9FC	#FFFFFF
1733	#F6F4FA	#FFFFFF
1734	#FBF7F6	#FFFFFF
1735	#FBF7F6	#FFFFFF
1736	#FAF9FC	#FFFFFF
1737	#FEFDFD	#FFFFFF
1738	#F6F5FA	#FFFFFF
1739	#D3CEE7	#FDFDFD
1740	#EBD2CF	#FDFDFD
1741	#F8EEED	#FFFFFF
1742	#E6C8C5	#FDFDFD
1743	#E4E0F0	#FEFEFE
1744	#FEFCFC	#FFFFFF
1745	#E6C8C5	#FDFDFD
1746	#D4CEE7	#FDFDFD
1747	#C3BBDE	#FDFDFD
1748	#DDD8ED	#FEFEFE
1749	#D4A59F	#FCFCFC
1750	#D4CFE8	#FEFEFE
1751	#EDEAF5	#FEFEFE
1752	#EEECF6	#FFFFFF
1753	#FEFDFD	#FFFFFF
1754	#E1BEBA	#FEFEFE
1755	#EFECF6	#FEFEFE
1756	#F1E0DD	#FEFEFE
1757	#F9F8FC	#FFFFFF
1758	#C3BBDE	#FDFDFD
1759	#D4CFE8	#FEFEFE
1760	#FBF6F6	#FFFFFF
1761	#BEB6DB	#FCFCFC
1762	#EEECF6	#FFFFFF
1763	#FFFFFF	#FFFFFF
1764	#EEECF6	#FFFFFF
1765	#DDD8EC	#FEFEFE
1766	#E1BEBA	#FEFEFE
1767	#F4E6E4	#FEFEFE
1769	#F4E7E5	#FEFEFE
1770	#F8EFED	#FFFFFF
1771	#F1E0DD	#FEFEFE
1772	#F0DCDA	#FEFEFE
1773	#F1E0DD	#FEFEFE
1774	#EEECF6	#FFFFFF
1775	#F9F8FC	#FFFFFF
1776	#C48983	#FBFBFB
1777	#FDFBFA	#FFFFFF
1778	#F8F7FB	#FFFFFF
1779	#EFECF6	#FFFFFF
1780	#FBFAFD	#FFFFFF
1781	#FDFAFA	#FFFFFF
1782	#E6C8C4	#FDFDFD
1783	#F5E8E6	#FEFEFE
1784	#F4E5E3	#FEFEFE
1785	#FBF6F5	#FFFFFF
1786	#FEFDFD	#FFFFFF
1787	#A79DCF	#FBFBFB
1788	#FEFCFC	#FFFFFF
1789	#F2F0F8	#FFFFFF
1790	#F3F1F8	#FFFFFF
1791	#EFECF6	#FEFEFE
1792	#F7ECEB	#FFFFFF
1793	#F8EEED	#FFFFFF
1794	#DED9ED	#FDFDFD
1795	#FBF6F6	#FFFFFF
1796	#D5CFE8	#FDFDFD
1797	#F9F1F0	#FFFFFF
1798	#F5E8E6	#FEFEFE
1799	#F8EEED	#FFFFFF
1800	#B8B0D8	#FBFBFB
1801	#FAF9FC	#FFFFFF
1802	#FAF9FC	#FFFFFF
1803	#EEECF6	#FFFFFF
1804	#FFFFFF	#FFFFFF
1805	#DEDAED	#FEFEFE
1806	#DDD9ED	#FDFDFD
1807	#E8E5F3	#FEFEFE
1808	#C3BBDE	#FDFDFD
1809	#EBD4D0	#FEFEFE
1810	#D5CFE8	#FEFEFE
1811	#DDD8EC	#FEFEFE
1812	#EEECF6	#FFFFFF
1814	#CF9D97	#FCFCFC
1815	#ECD5D2	#FEFEFE
1816	#DDD8ED	#FEFEFE
1817	#D3A59F	#FCFCFC
1818	#F8EEED	#FFFFFF
1819	#FEFEFE	#FFFFFF
1820	#D4A5A0	#FCFCFC
1821	#EED9D6	#FEFEFE
1822	#F9F1F0	#FFFFFF
1823	#EDD7D4	#FEFEFE
1824	#F1E0DE	#FEFEFE
1825	#F4E5E3	#FEFEFE
1826	#FBFAFD	#FFFFFF
1827	#F4E6E4	#FEFEFE
1828	#CCC5E3	#FDFDFD
1829	#F1E0DE	#FEFEFE
1830	#EFECF6	#FFFFFF
1831	#E2C1BD	#FDFDFD
1832	#C28780	#FAFAFA
1833	#E6C8C4	#FDFDFD
1834	#F8EEED	#FFFFFF
1835	#C68E87	#FBFBFB
1836	#DCD7EC	#FEFEFE
1837	#F7ECEB	#FFFFFF
1838	#E8CDCA	#FEFEFE
1839	#E9CECB	#FEFEFE
1840	#FBF6F5	#FFFFFF
1841	#E8E4F2	#FEFEFE
1842	#FBF6F6	#FFFFFF
1843	#F3E5E3	#FEFEFE
1844	#FBF7F6	#FFFFFF
1845	#F9F2F1	#FFFFFF
1846	#E5C7C4	#FDFDFD
1847	#EDEBF5	#FEFEFE
1848	#AFA6D3	#FCFCFC
1849	#F6F4FA	#FFFFFF
1850	#F1E0DD	#FEFEFE
1851	#F9F8FC	#FFFFFF
1852	#D9AFAA	#FDFDFD
1853	#ECD6D3	#FEFEFE
1854	#E4C4C0	#FDFDFD
1855	#C3BBDE	#FDFDFD
1856	#E9CECB	#FEFEFE
1857	#F7EDEB	#FFFFFF
1860	#E5E1F1	#FEFEFE
1861	#DCD8EC	#FEFEFE
1862	#D5CFE8	#FEFEFE
1863	#E8CDCA	#FEFEFE
1864	#F8EEED	#FFFFFF
1865	#E4C4C0	#FDFDFD
1866	#FBFAFD	#FFFFFF
1867	#F1E0DE	#FEFEFE
1868	#F7ECEB	#FFFFFF
1870	#F0DDDA	#FEFEFE
1871	#EFEDF6	#FEFEFE
1872	#FAFAFC	#FFFFFF
1873	#F4E6E4	#FEFEFE
1874	#E2C1BC	#FDFDFD
1875	#E6C8C5	#FDFDFD
1876	#ECD6D3	#FEFEFE
1877	#FBF6F5	#FFFFFF
1878	#EFEDF6	#FEFEFE
1879	#FBFAFD	#FFFFFF
1880	#EAE7F4	#FEFEFE
1881	#DDD8EC	#FEFEFE
1882	#EBD4D1	#FDFDFD
1883	#F2F0F8	#FEFEFE
1884	#C1B9DD	#FBFBFB
1885	#D4CEE7	#FDFDFD
1886	#F8EEED	#FFFFFF
1887	#E9E6F3	#FEFEFE
1888	#ECD5D2	#FEFEFE
1889	#FBF6F5	#FFFFFF
1890	#C4BDDF	#FCFCFC
1891	#E3E0F0	#FEFEFE
1892	#C3BBDE	#FDFDFD
1893	#E3C3BF	#FDFDFD
1894	#F1E0DE	#FEFEFE
1895	#F1DFDD	#FEFEFE
1896	#CBC4E3	#FCFCFC
1897	#C3BBDE	#FDFDFD
1898	#E1BEB9	#FEFEFE
1899	#FDFAFA	#FFFFFF
1900	#EFECF6	#FFFFFF
1901	#D3CEE7	#FDFDFD
1902	#E9E6F3	#FEFEFE
1903	#FBF7F6	#FFFFFF
1904	#E6C9C5	#FDFDFD
1905	#EEECF6	#FFFFFF
1906	#AFA5D3	#FCFCFC
1907	#FBF6F5	#FFFFFF
1908	#FAF9FC	#FFFFFF
1909	#EBD3D0	#FEFEFE
1910	#FAF9FC	#FFFFFF
1912	#E8E5F3	#FEFEFE
1913	#E8E5F3	#FEFEFE
1915	#F7ECEA	#FFFFFF
1916	#FBF6F5	#FFFFFF
1917	#DCD8EC	#FEFEFE
1918	#F6F5FA	#FFFFFF
1919	#FAF9FC	#FFFFFF
1920	#EED9D6	#FEFEFE
1921	#FEFDFD	#FFFFFF
1922	#C68E87	#FBFBFB
1923	#FFFFFF	#FFFFFF
1924	#F6EAE9	#FEFEFE
1925	#F7EEEC	#FFFFFF
1926	#F7ECEB	#FFFFFF
1927	#FBF6F6	#FFFFFF
1928	#EEEBF6	#FEFEFE
1929	#EDEAF5	#FEFEFE
1930	#F6EAE9	#FEFEFE
1931	#E4C4C0	#FDFDFD
1932	#F1E0DE	#FEFEFE
1933	#E9CECA	#FEFEFE
1934	#EDEAF5	#FEFEFE
1935	#F6F5FA	#FFFFFF
1936	#F8EEED	#FFFFFF
1937	#F7ECEB	#FFFFFF
1938	#F6F5FA	#FFFFFF
1939	#CBC5E3	#FDFDFD
1940	#F6F5FA	#FFFFFF
1941	#F9F8FC	#FFFFFF
1942	#F1E0DE	#FEFEFE
1943	#E5E1F1	#FEFEFE
1944	#F2E1DF	#FEFEFE
1945	#EDEAF5	#FEFEFE
1946	#C3BBDE	#FDFDFD
1947	#E8CDCA	#FEFEFE
1948	#ECEAF5	#FEFEFE
1949	#DDD8EC	#FEFEFE
1950	#DDD8EC	#FEFEFE
1951	#BDB5DB	#FCFCFC
1952	#DDD8EC	#FEFEFE
1953	#AEA5D3	#FCFCFC
1954	#F6F5FA	#FFFFFF
1955	#CB9690	#FCFCFC
1956	#C3BBDE	#FDFDFD
1957	#EEECF6	#FFFFFF
1958	#EBD4D0	#FEFEFE
1959	#FAF9FC	#FFFFFF
1960	#FAF9FC	#FFFFFF
1961	#D4A6A0	#FCFCFC
1962	#FAF9FC	#FFFFFF
1963	#E1BEBA	#FEFEFE
1964	#E6C8C4	#FDFDFD
1965	#F9F8FC	#FFFFFF
1966	#EFECF6	#FFFFFF
1967	#F9F8FC	#FFFFFF
1968	#D9B0AB	#FDFDFD
1969	#D9B0AA	#FDFDFD
1971	#FEFDFE	#FFFFFF
1972	#F2F0F8	#FEFEFE
1973	#FEFDFD	#FFFFFF
1974	#F7EDEB	#FEFEFE
1975	#F9F2F1	#FFFFFF
1976	#FBF6F5	#FFFFFF
1977	#FCFBFD	#FFFFFF
1978	#D9B0AA	#FDFDFD
1979	#F7ECEB	#FFFFFF
1980	#F4E5E3	#FEFEFE
1981	#DBD7EC	#FEFEFE
1982	#FEFDFD	#FFFFFF
1983	#F9F1EF	#FFFFFF
1984	#D5CFE8	#FEFEFE
1985	#E2DEEF	#FDFDFD
1986	#F2F0F8	#FFFFFF
1987	#FBF7F6	#FFFFFF
1988	#FFFFFF	#FFFFFF
1989	#F3E5E3	#FEFEFE
1990	#FCF7F7	#FFFFFF
1991	#F7EDEB	#FFFFFF
1992	#EEECF6	#FEFEFE
1993	#E6E2F1	#FEFEFE
1994	#ECD5D3	#FEFEFE
1995	#F7EDEB	#FFFFFF
1996	#FBFAFD	#FFFFFF
1997	#F9F8FC	#FFFFFF
1998	#FAFAFC	#FFFFFF
1999	#DCD7EC	#FEFEFE
2000	#F7EDEB	#FFFFFF
2001	#E6E2F1	#FEFEFE
2002	#FAF9FC	#FFFFFF
2003	#AFA5D3	#FCFCFC
2004	#EEECF6	#FFFFFF
2005	#FEFDFD	#FFFFFF
2006	#D5CFE8	#FEFEFE
2007	#CBC5E3	#FDFDFD
2008	#CCC5E3	#FDFDFD
2009	#FBF6F6	#FFFFFF
2011	#D5CFE8	#FEFEFE
2012	#F1DFDD	#FEFEFE
2013	#F3E5E3	#FEFEFE
2014	#D5CFE8	#FEFEFE
2016	#F7ECEB	#FFFFFF
2017	#ECD5D2	#FEFEFE
2018	#FBF6F6	#FFFFFF
2019	#F7ECEB	#FFFFFF
2020	#C8918B	#FBFBFB
2021	#E8CECA	#FEFEFE
2022	#F9F0EF	#FEFEFE
2023	#F7EDEB	#FFFFFF
2024	#E9CECB	#FEFEFE
2025	#FBF6F5	#FFFFFF
2026	#F9F2F1	#FFFFFF
2027	#F7EDEC	#FEFEFE
2028	#FEFDFD	#FFFFFF
2029	#EEECF6	#FEFEFE
2030	#E6C9C5	#FDFDFD
2031	#F9F8FC	#FFFFFF
2032	#F4E7E5	#FEFEFE
2033	#E4C4C0	#FDFDFD
2034	#E4C4C0	#FDFDFD
2035	#FEFDFD	#FFFFFF
2036	#E4E0F0	#FEFEFE
2037	#FBF6F5	#FFFFFF
2038	#FBFBFD	#FFFFFF
2039	#DDD8ED	#FEFEFE
2040	#EDEBF5	#FEFEFE
2041	#EFECF6	#FEFEFE
2042	#F6EAE9	#FEFEFE
2043	#F8EEED	#FFFFFF
2044	#EFEDF6	#FEFEFE
2045	#D4A6A0	#FCFCFC
2046	#E4E0F0	#FEFEFE
2047	#F7EDEC	#FEFEFE
2048	#F1E0DE	#FEFEFE
2049	#EEECF6	#FFFFFF
2050	#EEECF6	#FFFFFF
2051	#C5BDDF	#FCFCFC
2052	#DDD8EC	#FEFEFE
2053	#E5E1F1	#FEFEFE
2054	#D9B0AB	#FDFDFD
2055	#C3BBDE	#FDFDFD
2056	#F7EDEC	#FFFFFF
2057	#DCD7EC	#FEFEFE
2058	#E1BEBA	#FEFEFE
2059	#CBC4E3	#FDFDFD
2060	#E8E5F3	#FEFEFE
2061	#FAF9FC	#FFFFFF
2062	#FBF6F6	#FFFFFF
2063	#E9CECB	#FEFEFE
2064	#DDD8EC	#FEFEFE
2065	#D5CFE8	#FEFEFE
2066	#ECD6D3	#FEFEFE
2067	#FBFBFD	#FFFFFF
2068	#F0DCDA	#FEFEFE
2069	#C48983	#FBFBFB
2070	#FBF5F5	#FFFFFF
2072	#F6F5FA	#FFFFFF
2073	#FBF6F6	#FFFFFF
2074	#F6F5FA	#FFFFFF
2075	#E8CECA	#FEFEFE
2076	#FDFBFB	#FFFFFF
2077	#F7EDEB	#FFFFFF
2078	#F5E7E5	#FEFEFE
2079	#DDD8ED	#FEFEFE
2080	#E5E1F1	#FEFEFE
2081	#CBC5E3	#FDFDFD
2082	#E9CFCC	#FDFDFD
2083	#ECD5D2	#FEFEFE
2084	#F7ECEB	#FFFFFF
2085	#F1DFDD	#FEFEFE
2086	#F2F1F8	#FFFFFF
2087	#F9F8FC	#FFFFFF
2088	#FAF9FC	#FFFFFF
2089	#E3C3BF	#FDFDFD
2090	#FBFBFD	#FFFFFF
2091	#FFFEFE	#FFFFFF
2092	#F2F0F8	#FFFFFF
2093	#CCC5E3	#FDFDFD
2094	#F9F2F1	#FFFFFF
2095	#D4A59F	#FCFCFC
2096	#FBFBFD	#FFFFFF
2097	#E6E3F1	#FEFEFE
2098	#F6F5FA	#FFFFFF
2099	#EFECF6	#FFFFFF
2100	#F0DCDA	#FEFEFE
2101	#FFFFFF	#FFFFFF
2102	#F9F8FC	#FFFFFF
2103	#EFEDF6	#FFFFFF
2104	#FEFCFC	#FFFFFF
2105	#DCD8EC	#FEFEFE
2106	#C48A83	#FBFBFB
2107	#FEFCFC	#FFFFFF
2108	#C3BBDE	#FDFDFD
2109	#B8AFD8	#FDFDFD
2110	#D4A5A0	#FCFCFC
2111	#CBC5E3	#FDFDFD
2112	#F9F8FC	#FFFFFF
2113	#F1E0DE	#FEFEFE
2114	#E4C4C0	#FDFDFD
2115	#DDD8EC	#FEFEFE
2117	#EFECF6	#FEFEFE
2118	#DEB9B4	#FCFCFC
2119	#F0DDDA	#FEFEFE
2120	#ECD5D2	#FEFEFE
2121	#F7EDEC	#FFFFFF
2122	#DFBCB7	#FCFCFC
2123	#F7EDEB	#FFFFFF
2124	#F1E0DE	#FEFEFE
2125	#F0DCDA	#FEFEFE
2126	#E3C3BF	#FDFDFD
2127	#EBD4D0	#FEFEFE
2128	#DFBBB7	#FCFCFC
2129	#FAF9FC	#FFFFFF
2130	#FBFAFD	#FFFFFF
2131	#F5E8E6	#FEFEFE
2132	#E1BEBA	#FEFEFE
2133	#FBFBFD	#FFFFFF
2134	#F7EDEB	#FFFFFF
2135	#D4A59F	#FCFCFC
2136	#FCFBFD	#FFFFFF
2137	#D4CFE8	#FEFEFE
2138	#FFFFFF	#FFFFFF
2139	#DDD8ED	#FEFEFE
2140	#E1BEB9	#FEFEFE
2141	#C3BBDE	#FDFDFD
2142	#E4C4C0	#FDFDFD
2143	#F5F4FA	#FFFFFF
2144	#F7EDEC	#FFFFFF
2145	#FAFAFC	#FFFFFF
2146	#E1BEBA	#FEFEFE
2147	#CCC5E3	#FDFDFD
2148	#D9D3EA	#FDFDFD
2149	#ECE9F5	#FEFEFE
2150	#C3BBDE	#FDFDFD
2151	#D8D3EA	#FDFDFD
2152	#CCC6E3	#FCFCFC
2153	#FEFDFD	#FFFFFF
2154	#A89ECF	#FBFBFB
2155	#E8E5F3	#FEFEFE
2156	#D4CEE8	#FDFDFD
2157	#F4E5E4	#FEFEFE
2158	#FAF9FC	#FFFFFF
2159	#ECD5D2	#FEFEFE
2160	#D5CFE8	#FEFEFE
2161	#F8EEED	#FFFFFF
2162	#E8E5F3	#FEFEFE
2163	#F8EFED	#FFFFFF
2164	#DDD9ED	#FEFEFE
2165	#F8EFED	#FFFFFF
2166	#EFEDF7	#FFFFFF
2167	#F4E5E4	#FEFEFE
2168	#CF9D97	#FCFCFC
2169	#F1E0DD	#FEFEFE
2170	#FBF6F5	#FFFFFF
2171	#DBD7EC	#FEFEFE
2173	#F1E0DE	#FEFEFE
2174	#ECD6D3	#FEFEFE
2175	#F4E6E4	#FEFEFE
2176	#E4C4C0	#FDFDFD
2177	#EEECF6	#FFFFFF
2178	#F0DDDA	#FEFEFE
2179	#CF9D97	#FCFCFC
2180	#FFFFFF	#FFFFFF
2181	#FCFCFD	#FFFFFF
2182	#EFEDF6	#FEFEFE
2183	#FDFCFE	#FFFFFF
2184	#FBF7F6	#FFFFFF
2185	#F4E6E4	#FEFEFE
2186	#EEECF6	#FFFFFF
2187	#CCC5E3	#FDFDFD
2188	#E4E1F1	#FEFEFE
2189	#EDD6D3	#FEFEFE
2190	#FDFBFB	#FFFFFF
2191	#FBF6F6	#FFFFFF
2192	#F9F8FC	#FFFFFF
2193	#E6E2F1	#FEFEFE
2194	#EEECF6	#FFFFFF
2195	#FAF4F3	#FFFFFF
2196	#F5F4FA	#FFFFFF
2197	#FBF6F6	#FFFFFF
2198	#DEDAED	#FEFEFE
2199	#FBFAFD	#FFFFFF
2200	#DDD8EC	#FEFEFE
2201	#D4CEE8	#FDFDFD
2202	#CCC5E3	#FDFDFD
2203	#CBC4E3	#FCFCFC
2204	#A89ECF	#FBFBFB
2205	#FBFBFD	#FFFFFF
2206	#DED9ED	#FEFEFE
2207	#FBFAFD	#FFFFFF
2208	#FBFAFD	#FFFFFF
2209	#FAFAFC	#FFFFFF
2210	#F8EEED	#FFFFFF
2211	#F8EEED	#FFFFFF
2212	#F9F8FC	#FFFFFF
2213	#FEFCFC	#FFFFFF
2214	#D4CEE7	#FDFDFD
2216	#D5CFE8	#FDFDFD
2218	#F6EAE8	#FEFEFE
2219	#F9F8FC	#FFFFFF
2220	#F7ECEA	#FEFEFE
2221	#F9F1F0	#FFFFFF
2222	#F9F2F1	#FFFFFF
2223	#EEECF6	#FFFFFF
2224	#FEFDFD	#FFFFFF
2225	#ECD5D2	#FEFEFE
2226	#ECD4D1	#FDFDFD
2227	#EFECF6	#FEFEFE
2228	#EDD7D4	#FEFEFE
2229	#FCF7F7	#FFFFFF
2230	#F8EEED	#FEFEFE
2231	#F3E4E2	#FEFEFE
2232	#EFEDF7	#FEFEFE
2233	#F1E0DE	#FEFEFE
2234	#F4E6E4	#FEFEFE
2235	#FBFAFD	#FFFFFF
2236	#E1BEBA	#FEFEFE
2237	#E9CECA	#FEFEFE
2238	#F9F8FC	#FFFFFF
2239	#D8D3EA	#FDFDFD
2240	#F6F5FA	#FFFFFF
2241	#F2F0F8	#FFFFFF
2242	#E9CECB	#FEFEFE
2243	#F7EDEB	#FFFFFF
2244	#F6F4FA	#FFFFFF
2245	#EFEDF6	#FEFEFE
2246	#D3CEE7	#FDFDFD
2247	#F7ECEB	#FFFFFF
2248	#F8EEED	#FFFFFF
2249	#E8E5F3	#FEFEFE
2250	#DDD8EC	#FEFEFE
2251	#F9F8FC	#FFFFFF
2252	#DCD7EC	#FEFEFE
2253	#D3A59F	#FCFCFC
2254	#FEFDFC	#FFFFFF
2255	#FAF9FC	#FFFFFF
2256	#D4CFE8	#FEFEFE
2257	#FBF6F5	#FFFFFF
2258	#E5E1F1	#FEFEFE
2259	#F9F0EF	#FFFFFF
2260	#D4CFE8	#FEFEFE
2262	#FBFAFD	#FFFFFF
2263	#DDD8ED	#FEFEFE
2264	#FBFBFD	#FFFFFF
2266	#FBF6F5	#FFFFFF
2267	#EEECF6	#FFFFFF
2268	#CC9791	#FCFCFC
2269	#FFFFFF	#FFFFFF
2270	#FEFDFC	#FFFFFF
2271	#F9F1F0	#FFFFFF
2272	#EAE7F4	#FEFEFE
2274	#F8EEED	#FFFFFF
2275	#ECD6D3	#FEFEFE
2276	#E4C4C0	#FDFDFD
2277	#F9F9FC	#FFFFFF
2278	#F4E6E4	#FEFEFE
2279	#F7ECEB	#FFFFFF
2280	#CF9D97	#FCFCFC
2281	#CBC5E3	#FDFDFD
2282	#E9E5F3	#FEFEFE
2283	#F7EDEB	#FFFFFF
2284	#CCC5E3	#FDFDFD
2285	#E3DFF0	#FEFEFE
2286	#E9CECB	#FEFEFE
2287	#FAFAFD	#FFFFFF
2288	#FBFAFD	#FFFFFF
2289	#FBFAFD	#FFFFFF
2290	#F8EEED	#FFFFFF
2291	#F9F1F0	#FFFFFF
2292	#EEECF6	#FFFFFF
2293	#FCF7F7	#FFFFFF
2294	#EFEDF7	#FEFEFE
2295	#FBF6F5	#FFFFFF
2296	#FBF6F5	#FFFFFF
2297	#E1BEB9	#FEFEFE
2298	#F3F1F8	#FEFEFE
2299	#F8EEED	#FFFFFF
2300	#EDD6D3	#FEFEFE
2301	#FBF6F5	#FFFFFF
2302	#CDC7E4	#FCFCFC
2303	#EAE7F4	#FEFEFE
2304	#F1DFDD	#FEFEFE
2305	#F9F1F0	#FFFFFF
2306	#EEECF6	#FEFEFE
2307	#F0DCDA	#FEFEFE
2308	#DFBAB6	#FBFBFB
2309	#F6F5FA	#FFFFFF
2310	#FBFAFD	#FFFFFF
2311	#F0EEF7	#FEFEFE
2312	#FFFFFF	#FFFFFF
2313	#E6E2F1	#FEFEFE
2314	#D4A6A0	#FCFCFC
2315	#E8E5F3	#FEFEFE
2316	#EEECF6	#FEFEFE
2317	#F8EEED	#FFFFFF
2319	#B7AFD8	#FDFDFD
2320	#CF9D97	#FCFCFC
2321	#E6E2F1	#FEFEFE
2322	#FBF6F6	#FFFFFF
2323	#F8EFED	#FFFFFF
2324	#D3A59F	#FCFCFC
2325	#F6F5FA	#FFFFFF
2326	#E5E1F1	#FEFEFE
2327	#F9F8FC	#FFFFFF
2328	#C3BBDE	#FDFDFD
2329	#F1DFDD	#FEFEFE
2330	#F7EDEB	#FFFFFF
2331	#F1E0DE	#FEFEFE
2332	#E2DEEF	#FDFDFD
2333	#F7EDEC	#FEFEFE
2334	#FBFAFD	#FFFFFF
2335	#E1BEB9	#FEFEFE
2336	#FAF9FC	#FFFFFF
2337	#FBFAFD	#FFFFFF
2338	#DCD7EC	#FEFEFE
2339	#F7EDEC	#FFFFFF
2340	#E6E2F1	#FEFEFE
2341	#EFEDF6	#FEFEFE
2342	#F9F8FC	#FFFFFF
2343	#F1E0DE	#FEFEFE
2344	#FBFBFD	#FFFFFF
2345	#D4CEE8	#FDFDFD
2346	#F7EDEC	#FFFFFF
2347	#FAF9FC	#FFFFFF
2348	#ECD5D2	#FEFEFE
2349	#FBFBFD	#FFFFFF
2350	#E6E3F2	#FEFEFE
2351	#F6F5FA	#FFFFFF
2352	#FDFAFA	#FFFFFF
2353	#F8EEED	#FFFFFF
2354	#CF9D97	#FCFCFC
2355	#F6EBE9	#FEFEFE
2356	#F5F4FA	#FFFFFF
2357	#F2E1DF	#FEFEFE
2358	#F7F5FA	#FFFFFF
2359	#F3E4E2	#FEFEFE
2360	#EFECF6	#FFFFFF
2361	#E8E5F3	#FEFEFE
2362	#F9F9FC	#FFFFFF
2363	#ECE9F5	#FEFEFE
2364	#D4CEE8	#FEFEFE
2365	#F2F0F8	#FFFFFF
2366	#AFA6D3	#FCFCFC
2367	#EEECF6	#FFFFFF
2368	#CDC7E4	#FCFCFC
2369	#FBF6F5	#FFFFFF
2370	#F2F0F8	#FFFFFF
2371	#FEFEFE	#FFFFFF
2372	#F8EEED	#FFFFFF
2373	#F7EEEC	#FFFFFF
2375	#B7AED8	#FDFDFD
2376	#E9CECA	#FEFEFE
2377	#EBD4D1	#FDFDFD
2378	#EAE7F4	#FEFEFE
2379	#F5F4FA	#FFFFFF
2380	#EDEBF5	#FEFEFE
2381	#F1E0DD	#FEFEFE
2382	#F4E5E3	#FEFEFE
2383	#FBFAFD	#FFFFFF
2384	#FBF5F5	#FFFFFF
2385	#F8EEED	#FFFFFF
2386	#E6C8C4	#FDFDFD
2387	#F1DFDD	#FEFEFE
2388	#EFEDF7	#FFFFFF
2389	#FEFCFC	#FFFFFF
2390	#F7EDEB	#FFFFFF
2391	#E6E2F1	#FEFEFE
2392	#FBFBFD	#FFFFFF
2393	#FEFDFD	#FFFFFF
2394	#F6F5FA	#FFFFFF
2395	#C6BFE0	#FCFCFC
2396	#EDEAF5	#FEFEFE
2397	#F4E5E3	#FEFEFE
2398	#FCFBFD	#FFFFFF
2399	#F1E0DD	#FEFEFE
2400	#F8EEED	#FFFFFF
2401	#CB968F	#FCFCFC
2402	#FBF6F5	#FFFFFF
2403	#EFEDF6	#FEFEFE
2404	#EFEDF6	#FEFEFE
2405	#FAFAFC	#FFFFFF
2406	#D9AFAA	#FDFDFD
2407	#FBFAFD	#FFFFFF
2408	#D4A5A0	#FCFCFC
2409	#ECD5D2	#FEFEFE
2410	#FAFAFC	#FFFFFF
2411	#B7AED8	#FDFDFD
2412	#FAF9FC	#FFFFFF
2414	#F8EEED	#FFFFFF
2415	#E2C1BD	#FDFDFD
2416	#CBC5E3	#FDFDFD
2417	#E1BEBA	#FEFEFE
2418	#CCC5E3	#FDFDFD
2420	#F8EEED	#FFFFFF
2421	#ECD5D2	#FEFEFE
2422	#FDFBFB	#FFFFFF
2423	#E8CDC9	#FEFEFE
2424	#FEFDFD	#FFFFFF
2425	#C8918B	#FBFBFB
2426	#FAF9FC	#FFFFFF
2427	#E9E5F3	#FEFEFE
2428	#FBF6F5	#FFFFFF
2429	#D4CEE7	#FDFDFD
2430	#F5E7E6	#FEFEFE
2431	#FFFEFE	#FFFFFF
2432	#F7ECEB	#FEFEFE
2433	#F9F8FC	#FFFFFF
2434	#C3BBDE	#FDFDFD
2435	#E6C8C4	#FDFDFD
2436	#EFECF6	#FFFFFF
2437	#FCF7F6	#FFFFFF
2438	#FBF6F5	#FFFFFF
2439	#DCD7EC	#FEFEFE
2440	#E6E2F1	#FEFEFE
2441	#F6F4FA	#FFFFFF
2442	#FBF5F5	#FFFFFF
2443	#F6F5FA	#FFFFFF
2444	#FBF6F5	#FFFFFF
2445	#F6EAE9	#FEFEFE
2446	#F7F5FA	#FFFFFF
2447	#EED9D7	#FEFEFE
2448	#FAF9FC	#FFFFFF
2449	#CC9791	#FCFCFC
2450	#DDD8ED	#FEFEFE
2451	#F1E0DE	#FEFEFE
2452	#E8CDCA	#FEFEFE
2453	#B7AFD8	#FDFDFD
2454	#FFFEFE	#FFFFFF
2455	#C4BDDF	#FCFCFC
2456	#F9F8FC	#FFFFFF
2457	#FBFAFD	#FFFFFF
2459	#F1E0DE	#FEFEFE
2460	#E9E5F3	#FEFEFE
2461	#F9F8FC	#FFFFFF
2462	#E9E6F3	#FEFEFE
2463	#E5E1F1	#FEFEFE
2464	#F8EEED	#FFFFFF
2465	#D4CFE8	#FDFDFD
2466	#A197CC	#FBFBFB
2467	#EDEAF5	#FEFEFE
2468	#A096CB	#FBFBFB
2469	#A096CB	#FBFBFB
2470	#D9AFAA	#FDFDFD
2471	#EEECF6	#FFFFFF
2472	#EFDCDA	#FEFEFE
2473	#C1847D	#FAFAFA
2474	#FBF6F6	#FFFFFF
2476	#F7ECEB	#FFFFFF
2477	#C3BBDE	#FDFDFD
2478	#CB9690	#FCFCFC
2479	#F7ECEB	#FFFFFF
2480	#F6F4FA	#FFFFFF
2481	#F7EDEC	#FEFEFE
2482	#FCF8F8	#FFFFFF
2483	#FFFEFE	#FFFFFF
2484	#EDEAF5	#FEFEFE
2485	#F4E5E3	#FEFEFE
2486	#F6F5FA	#FFFFFF
2487	#DCD8EC	#FEFEFE
2489	#F4E6E4	#FEFEFE
2490	#FDFBFA	#FFFFFF
2491	#E6E3F1	#FEFEFE
2492	#EFECF6	#FEFEFE
2493	#FBF6F6	#FFFFFF
2494	#F2E2E0	#FEFEFE
2495	#F6F5FA	#FFFFFF
2496	#E2C1BC	#FDFDFD
2497	#D3CEE7	#FDFDFD
2498	#DCD7EC	#FEFEFE
2499	#F9F1F0	#FFFFFF
2500	#FBFAFD	#FFFFFF
2501	#F7EDEC	#FEFEFE
2502	#D9B0AA	#FDFDFD
2503	#F4E5E3	#FEFEFE
2504	#D5CFE8	#FEFEFE
2505	#E1BEBA	#FEFEFE
2506	#F6F4FA	#FFFFFF
2507	#B7AFD8	#FDFDFD
2508	#CEC8E4	#FDFDFD
2509	#FBFBFD	#FFFFFF
2510	#FBF6F5	#FFFFFF
2511	#E9E5F3	#FEFEFE
2512	#EAE7F4	#FEFEFE
2513	#ECD6D3	#FEFEFE
2514	#DDD8ED	#FEFEFE
2515	#E9E5F3	#FEFEFE
2516	#D4A6A0	#FCFCFC
2517	#D9B0AA	#FDFDFD
2518	#DCD7EC	#FEFEFE
2519	#FBFAFD	#FFFFFF
2521	#EFECF6	#FEFEFE
2522	#FBF6F5	#FFFFFF
2523	#F7EDEC	#FEFEFE
2524	#EED9D7	#FEFEFE
2525	#E4C4C0	#FDFDFD
2526	#F4E6E4	#FEFEFE
2527	#F9F2F1	#FFFFFF
2528	#ECEAF5	#FEFEFE
2529	#FEFEFE	#FFFFFF
2530	#FBFAFD	#FFFFFF
2531	#F2F1F8	#FEFEFE
2532	#EED8D6	#FEFEFE
2533	#DED9ED	#FEFEFE
2534	#CF9D97	#FCFCFC
2535	#DFDAEE	#FEFEFE
2536	#D9B0AB	#FDFDFD
2537	#EDEAF5	#FEFEFE
2538	#F1E0DD	#FEFEFE
2539	#DCD8EC	#FEFEFE
2540	#E8CDC9	#FEFEFE
2541	#DCD7EC	#FEFEFE
2542	#EEECF6	#FEFEFE
2543	#EFEDF6	#FEFEFE
2544	#F7ECEB	#FFFFFF
2545	#F7ECEB	#FFFFFF
2546	#FDFAF9	#FFFFFF
2547	#FBF6F5	#FFFFFF
2548	#F1DFDD	#FEFEFE
2549	#EEECF6	#FFFFFF
2550	#CF9D97	#FCFCFC
2551	#CBC5E3	#FDFDFD
2552	#E4E1F1	#FEFEFE
2553	#E9CECA	#FEFEFE
2554	#E5E1F1	#FEFEFE
2555	#EDEAF5	#FEFEFE
2556	#FBFAFD	#FFFFFF
2557	#C4BCDF	#FCFCFC
2558	#F4E5E3	#FEFEFE
2559	#E4E1F1	#FEFEFE
2560	#EEECF6	#FFFFFF
2561	#EDEAF5	#FEFEFE
2562	#F8EEED	#FFFFFF
2563	#FEFDFD	#FFFFFF
2564	#FAF9FC	#FFFFFF
2565	#F1DFDD	#FEFEFE
2566	#E8E5F3	#FEFEFE
2567	#C4BDDF	#FCFCFC
2568	#E6E3F1	#FEFEFE
2569	#F8EFED	#FFFFFF
2571	#FCFCFD	#FFFFFF
2572	#F7EDEC	#FEFEFE
2573	#F9F8FC	#FFFFFF
2574	#EFEDF7	#FFFFFF
2575	#E9E6F3	#FEFEFE
2577	#FBFBFD	#FFFFFF
2578	#EAD2CE	#FDFDFD
2579	#FBF6F5	#FFFFFF
2580	#E8CDCA	#FEFEFE
2581	#FBF6F5	#FFFFFF
2582	#FEFDFD	#FFFFFF
2583	#EFEDF6	#FEFEFE
2584	#FBF6F5	#FFFFFF
2585	#F8EEED	#FFFFFF
2586	#FBFBFD	#FFFFFF
2587	#E8CECA	#FEFEFE
2588	#EAE7F4	#FEFEFE
2589	#D4CEE7	#FDFDFD
2590	#CBC5E3	#FCFCFC
2591	#D4CEE8	#FEFEFE
2592	#F2F1F8	#FFFFFF
2593	#F6EAE8	#FEFEFE
2594	#FFFEFE	#FFFFFF
2595	#E4E1F1	#FEFEFE
2596	#E6E3F2	#FEFEFE
2597	#DEDAED	#FEFEFE
2598	#E8E5F3	#FEFEFE
2599	#ECD5D2	#FEFEFE
2600	#EED9D6	#FEFEFE
2601	#CCC6E3	#FDFDFD
2602	#E5E1F1	#FEFEFE
2603	#E2C1BD	#FDFDFD
2604	#ECEAF5	#FEFEFE
2605	#F3F1F8	#FFFFFF
2606	#CCC5E3	#FDFDFD
2607	#C8C1E1	#FCFCFC
2608	#F1E0DD	#FEFEFE
2609	#F9F9FC	#FFFFFF
2610	#FCFBFD	#FFFFFF
2611	#F1DFDD	#FEFEFE
2612	#AFA6D3	#FCFCFC
2613	#C4BDDF	#FCFCFC
2614	#EFECF6	#FEFEFE
2615	#EEEBF6	#FEFEFE
2616	#E9E5F3	#FEFEFE
2617	#CDC6E4	#FCFCFC
2618	#E5E1F1	#FEFEFE
2619	#ECD5D2	#FEFEFE
2620	#FBFBFD	#FFFFFF
2622	#C68E87	#FBFBFB
2623	#D9B0AB	#FDFDFD
2624	#ECD5D2	#FEFEFE
2625	#E4C4C0	#FDFDFD
2626	#FBFAFD	#FFFFFF
2627	#E4C4C0	#FDFDFD
2628	#FDFBFA	#FFFFFF
2629	#EFDCDA	#FEFEFE
2630	#FBFAFD	#FFFFFF
2631	#E6E2F1	#FEFEFE
2632	#FBFBFD	#FFFFFF
2633	#CF9D97	#FCFCFC
2634	#A197CC	#FBFBFB
2635	#F4E6E4	#FEFEFE
2636	#E9CECB	#FEFEFE
2637	#F7F6FB	#FFFFFF
2638	#F2F1F8	#FEFEFE
2639	#FCF8F7	#FFFFFF
2640	#F4E5E3	#FEFEFE
2641	#D4CFE8	#FDFDFD
2642	#F9F8FC	#FFFFFF
2643	#FBFAFD	#FFFFFF
2644	#EFECF6	#FEFEFE
2645	#EEDAD7	#FEFEFE
2646	#EED9D7	#FEFEFE
2647	#FEFCFC	#FFFFFF
2648	#FFFFFF	#FFFFFF
2649	#D4CEE8	#FDFDFD
2650	#FFFEFE	#FFFFFF
2651	#F4E5E3	#FEFEFE
2652	#E5E1F1	#FEFEFE
2653	#B7AFD8	#FDFDFD
2654	#C3BBDE	#FDFDFD
2655	#FEFDFD	#FFFFFF
2656	#C7C0E1	#FCFCFC
2657	#A79ECF	#FBFBFB
2658	#B7AFD8	#FDFDFD
2659	#FAFAFC	#FFFFFF
2660	#E4E1F1	#FEFEFE
2661	#EFECF6	#FEFEFE
2662	#E5E2F1	#FEFEFE
2663	#CCC5E3	#FDFDFD
2664	#DDD8ED	#FEFEFE
2665	#E6E2F1	#FEFEFE
2666	#D5CFE8	#FEFEFE
2667	#F1E0DD	#FEFEFE
2668	#F9F8FC	#FFFFFF
2669	#C3BBDE	#FDFDFD
2670	#F8EEED	#FFFFFF
2671	#F8EEED	#FFFFFF
2672	#F9F8FC	#FFFFFF
2673	#F8EFED	#FFFFFF
2674	#ECD6D3	#FEFEFE
2675	#F8EEED	#FFFFFF
2676	#FAF9FC	#FFFFFF
2678	#F7EEEC	#FFFFFF
2679	#FBFAFD	#FFFFFF
2680	#F8EEED	#FFFFFF
2681	#F7F5FB	#FFFFFF
2682	#F7ECEB	#FFFFFF
2683	#E9E5F3	#FEFEFE
2684	#F3F1F8	#FFFFFF
2685	#F7ECEB	#FFFFFF
2686	#F1E0DE	#FEFEFE
2687	#D1CBE6	#FCFCFC
2688	#E4E0F0	#FEFEFE
2689	#E5E1F1	#FEFEFE
2690	#CF9D97	#FCFCFC
2691	#EFEDF6	#FEFEFE
2692	#FAFAFD	#FFFFFF
2693	#E0BDB9	#FDFDFD
2694	#E8E5F2	#FEFEFE
2695	#F8EEED	#FFFFFF
2696	#F7EDEC	#FEFEFE
2697	#E6E3F2	#FEFEFE
2698	#EFECF6	#FFFFFF
2699	#DEDAED	#FEFEFE
2700	#F7EDEC	#FFFFFF
2701	#F1DFDD	#FEFEFE
2702	#FBFAFD	#FFFFFF
2703	#DED9ED	#FEFEFE
2704	#EFECF6	#FFFFFF
2705	#ECD5D2	#FEFEFE
2706	#DCD7EC	#FEFEFE
2707	#F7ECEB	#FFFFFF
2708	#FBF7F6	#FFFFFF
2709	#D5CFE8	#FEFEFE
2710	#E1BEBA	#FEFEFE
2711	#DCD7EC	#FEFEFE
2712	#FDFDFE	#FFFFFF
2713	#DFDAED	#FDFDFD
2714	#FBF6F5	#FFFFFF
2715	#FBFAFD	#FFFFFF
2716	#FEFDFD	#FFFFFF
2717	#E1BEBA	#FEFEFE
2718	#C4BDDF	#FCFCFC
2719	#E0BEB9	#FDFDFD
2720	#EFECF6	#FFFFFF
2721	#CBC4E3	#FDFDFD
2723	#EFECF6	#FEFEFE
2724	#E2C1BC	#FDFDFD
2725	#F7EEEC	#FFFFFF
2726	#FBF6F5	#FFFFFF
2727	#E8E5F3	#FEFEFE
2728	#FBF5F5	#FFFFFF
2729	#F2F0F8	#FFFFFF
2730	#F1DFDD	#FEFEFE
2731	#EFECF6	#FEFEFE
2732	#D5CFE8	#FEFEFE
2733	#EFECF6	#FFFFFF
2734	#CB9690	#FCFCFC
2735	#F6F5FA	#FFFFFF
2736	#FCFBFD	#FFFFFF
2737	#BDB5DB	#FCFCFC
2738	#F1E0DD	#FEFEFE
2739	#F1E0DD	#FEFEFE
2740	#FCFBFD	#FFFFFF
2741	#EDD6D3	#FEFEFE
2742	#FEFDFD	#FFFFFF
2743	#E5E1F1	#FEFEFE
2744	#EDD6D4	#FEFEFE
2745	#E8E4F2	#FEFEFE
2746	#FBF6F5	#FFFFFF
2747	#F9F9FC	#FFFFFF
2748	#F8EEED	#FFFFFF
2749	#EDD6D3	#FEFEFE
2750	#EFDCD9	#FEFEFE
2751	#C5BEDF	#FCFCFC
2752	#C9928B	#FBFBFB
2753	#E5E1F1	#FEFEFE
2754	#F9F1F0	#FFFFFF
2755	#EEECF6	#FFFFFF
2756	#EEEBF6	#FFFFFF
2757	#F7ECEA	#FFFFFF
2758	#DDD8EC	#FEFEFE
2759	#FBF6F5	#FFFFFF
2760	#E1BEBA	#FEFEFE
2761	#F8EEED	#FFFFFF
2762	#FBF6F5	#FFFFFF
2763	#F8EEED	#FFFFFF
2764	#F6F5FA	#FFFFFF
2765	#FBF6F5	#FFFFFF
2766	#FAF9FC	#FFFFFF
2767	#FEFDFD	#FFFFFF
2768	#F7F6FB	#FFFFFF
2769	#FBF6F5	#FFFFFF
2770	#B7AFD8	#FDFDFD
2771	#FAFAFD	#FFFFFF
2772	#D9B0AB	#FDFDFD
2773	#DDD8EC	#FEFEFE
2774	#E4C4C0	#FDFDFD
2775	#FAFAFD	#FFFFFF
2776	#FAF9FC	#FFFFFF
2777	#E1BEB9	#FEFEFE
2779	#EED9D6	#FEFEFE
2780	#FBF7F6	#FFFFFF
2781	#FBFBFD	#FFFFFF
2782	#FDFBFA	#FFFFFF
2783	#F6F4FA	#FFFFFF
2784	#F7ECEB	#FFFFFF
2785	#A79DCF	#FBFBFB
2786	#EBD4D1	#FDFDFD
2787	#FEFDFD	#FFFFFF
2788	#F2F0F8	#FFFFFF
2789	#EAE7F4	#FEFEFE
2790	#EDD6D3	#FEFEFE
2791	#F7EDEC	#FFFFFF
2792	#F7EDEC	#FEFEFE
2793	#ECD5D2	#FEFEFE
2794	#E5E1F1	#FEFEFE
2795	#FAF9FC	#FFFFFF
2796	#F2F0F8	#FFFFFF
2797	#EFECF6	#FEFEFE
2798	#E1BEB9	#FEFEFE
2799	#FBF7F6	#FFFFFF
2800	#D4CEE8	#FEFEFE
2801	#E1BEBA	#FEFEFE
2802	#E5C8C4	#FDFDFD
2803	#E9E6F3	#FEFEFE
2804	#F1E0DD	#FEFEFE
2805	#CDC7E4	#FCFCFC
2806	#F1DFDD	#FEFEFE
2807	#F1E0DD	#FEFEFE
2808	#C3BBDE	#FDFDFD
2809	#F7ECEB	#FFFFFF
2810	#ECD5D2	#FEFEFE
2811	#F6F5FA	#FFFFFF
2812	#F8EEED	#FFFFFF
2813	#CEC8E4	#FDFDFD
2814	#E4E0F0	#FEFEFE
2815	#FBF6F5	#FFFFFF
2816	#F8EEED	#FFFFFF
2817	#CBC5E3	#FDFDFD
2818	#FBFAFD	#FFFFFF
2819	#FBF6F5	#FFFFFF
2820	#EFECF6	#FFFFFF
2821	#FBF6F6	#FFFFFF
2822	#F7EEEC	#FFFFFF
2824	#FAF9FC	#FFFFFF
2825	#F1F0F8	#FEFEFE
2826	#ECD5D2	#FEFEFE
2827	#FAF9FC	#FFFFFF
2828	#E4C4C0	#FDFDFD
2829	#E0BEB9	#FDFDFD
2830	#ECD5D2	#FEFEFE
2831	#CF9D97	#FCFCFC
2832	#E8CDCA	#FEFEFE
2833	#FBFAFD	#FFFFFF
2834	#F5E8E6	#FEFEFE
2835	#E6C8C4	#FDFDFD
2836	#FBF6F6	#FFFFFF
2837	#FEFCFC	#FFFFFF
2838	#FEFCFC	#FFFFFF
2839	#EAD0CD	#FDFDFD
2840	#EFECF6	#FEFEFE
2841	#FBFAFD	#FFFFFF
2842	#FAF9FC	#FFFFFF
2843	#E9CECA	#FEFEFE
2844	#F0DCDA	#FEFEFE
2845	#F9F8FC	#FFFFFF
2846	#FAF9FC	#FFFFFF
2847	#D6D0E8	#FDFDFD
2848	#DED9ED	#FEFEFE
2849	#FBF5F5	#FFFFFF
2850	#E6E3F2	#FEFEFE
2851	#DDD9ED	#FEFEFE
2852	#FBFBFD	#FFFFFF
2853	#F1DFDD	#FEFEFE
2854	#E9E6F3	#FEFEFE
2855	#E4E0F0	#FEFEFE
2856	#FBF6F6	#FFFFFF
2857	#ECEAF5	#FEFEFE
2858	#A79DCF	#FBFBFB
2859	#D4CFE8	#FEFEFE
2860	#D9B0AA	#FDFDFD
2861	#FAF9FC	#FFFFFF
2862	#E4E1F1	#FEFEFE
2863	#FAFAFC	#FFFFFF
2864	#FBFAFD	#FFFFFF
2865	#F7ECEB	#FFFFFF
2866	#FBF7F6	#FFFFFF
2867	#EDEAF5	#FEFEFE
2868	#F9F8FC	#FFFFFF
2869	#ECD5D2	#FEFEFE
2870	#FAFAFC	#FFFFFF
2871	#DDD8EC	#FEFEFE
2872	#F1DFDD	#FEFEFE
2873	#B7AFD8	#FDFDFD
2874	#F7ECEB	#FFFFFF
2875	#ECD5D2	#FEFEFE
2876	#EBD4D0	#FEFEFE
2877	#AEA5D3	#FCFCFC
2878	#E6E3F1	#FEFEFE
2880	#EFDCDA	#FEFEFE
2881	#E6E2F1	#FEFEFE
2882	#FBF7F6	#FFFFFF
2883	#FBF6F6	#FFFFFF
2884	#F2E2E0	#FEFEFE
2885	#F7F5FB	#FFFFFF
2886	#EFEDF6	#FEFEFE
2887	#CCC5E3	#FDFDFD
2888	#DED9ED	#FEFEFE
2889	#EED9D6	#FEFEFE
2890	#F7EDEC	#FFFFFF
2891	#FBF6F6	#FFFFFF
2892	#D09E98	#FCFCFC
2893	#F9F1F0	#FFFFFF
2894	#F1E0DE	#FEFEFE
2895	#E5E1F1	#FEFEFE
2896	#FCF7F6	#FFFFFF
2897	#F9F8FC	#FFFFFF
2898	#F8EEED	#FFFFFF
2899	#D4CEE7	#FDFDFD
2900	#F9F8FC	#FFFFFF
2901	#FBFAFD	#FFFFFF
2902	#F7F5FA	#FFFFFF
2903	#F4E6E4	#FEFEFE
2904	#DFDAED	#FDFDFD
2905	#F2F0F8	#FFFFFF
2906	#FBF6F6	#FFFFFF
2907	#F9F1F0	#FFFFFF
2908	#C3BBDE	#FDFDFD
2909	#EFEDF6	#FEFEFE
2910	#E9E5F3	#FEFEFE
2911	#F9F8FC	#FFFFFF
2912	#F7ECEB	#FFFFFF
2913	#ECD5D2	#FDFDFD
2914	#CF9D97	#FCFCFC
2915	#F9F8FC	#FFFFFF
2916	#E5E1F1	#FEFEFE
2917	#DBD7EC	#FEFEFE
2918	#EFECF6	#FFFFFF
2919	#CDC6E4	#FCFCFC
2920	#B7AFD8	#FDFDFD
2921	#FBF6F5	#FFFFFF
2922	#EFEDF6	#FEFEFE
2923	#FBFAFD	#FFFFFF
2925	#F4E5E3	#FEFEFE
2926	#CF9C96	#FCFCFC
2927	#DDD8ED	#FEFEFE
2928	#F0DDDA	#FEFEFE
2929	#F9F2F1	#FFFFFF
2930	#EEECF6	#FFFFFF
2931	#FBF6F5	#FFFFFF
2932	#E2C1BC	#FDFDFD
2933	#D7D2E9	#FDFDFD
2934	#F1E0DD	#FEFEFE
2935	#FAF3F3	#FFFFFF
2936	#FDFAFA	#FFFFFF
2937	#E2C0BC	#FDFDFD
2938	#FBFAFD	#FFFFFF
2939	#EFECF6	#FEFEFE
2940	#E5E2F1	#FEFEFE
2941	#CF9C96	#FCFCFC
2942	#EEECF6	#FEFEFE
2943	#FEFDFD	#FFFFFF
2944	#E6E2F1	#FEFEFE
2945	#EFECF6	#FEFEFE
2946	#EAE7F3	#FEFEFE
2947	#ECD5D2	#FEFEFE
2948	#CCC5E3	#FDFDFD
2949	#F1E0DE	#FEFEFE
2950	#DDD8EC	#FEFEFE
2951	#CDC7E4	#FDFDFD
2952	#CDC7E4	#FCFCFC
2953	#D4A5A0	#FCFCFC
2954	#F7ECEB	#FFFFFF
2955	#FAF9FC	#FFFFFF
2956	#EEECF6	#FFFFFF
2957	#FBFBFD	#FFFFFF
2958	#F4E5E3	#FEFEFE
2959	#F1E0DD	#FEFEFE
2961	#DDD8EC	#FEFEFE
2962	#F8EEEC	#FFFFFF
2963	#F9F9FC	#FFFFFF
2964	#D4CEE7	#FDFDFD
2965	#D7D1E9	#FDFDFD
2966	#F9F1F0	#FFFFFF
2967	#E8E5F3	#FEFEFE
2968	#C7C0E1	#FCFCFC
2969	#F9F1F0	#FFFFFF
2970	#E8E5F3	#FEFEFE
2971	#E5E1F1	#FEFEFE
2972	#D5CFE8	#FEFEFE
2973	#E8E5F3	#FEFEFE
2974	#FAF9FC	#FFFFFF
2975	#F6F5FA	#FFFFFF
2976	#E8CECA	#FEFEFE
2977	#E1BEBA	#FEFEFE
2978	#FDFAFA	#FFFFFF
2979	#F7ECEA	#FFFFFF
2981	#D4A59F	#FCFCFC
2982	#F0DDDA	#FEFEFE
2983	#F9F8FC	#FFFFFF
2984	#F9F1F0	#FFFFFF
2985	#FBF6F5	#FFFFFF
2986	#F9F8FC	#FFFFFF
2987	#FEFDFD	#FFFFFF
2988	#E8E5F3	#FEFEFE
2989	#CF9D97	#FCFCFC
2990	#D7D1E9	#FDFDFD
2991	#FBF6F5	#FFFFFF
2992	#EED9D7	#FEFEFE
2993	#F7ECEB	#FFFFFF
2994	#F4E7E5	#FEFEFE
2995	#FBFAFD	#FFFFFF
2996	#F9F1F0	#FFFFFF
2997	#EDEAF5	#FEFEFE
2998	#F7ECEB	#FFFFFF
2999	#EFECF6	#FEFEFE
3000	#F1DFDD	#FEFEFE
3001	#E8E5F3	#FEFEFE
3002	#F7EDEC	#FEFEFE
3003	#F7F6FB	#FFFFFF
3004	#E5E1F1	#FEFEFE
3005	#FEFCFC	#FFFFFF
3006	#DCD7EC	#FEFEFE
3007	#D5CFE8	#FEFEFE
3008	#FAFAFC	#FFFFFF
3009	#D3CDE7	#FDFDFD
3010	#D9B0AA	#FDFDFD
3011	#FAF9FC	#FFFFFF
3012	#CF9D97	#FCFCFC
3013	#FBF6F5	#FFFFFF
3014	#FDFBFA	#FFFFFF
3015	#E6C8C4	#FDFDFD
3016	#FAF9FC	#FFFFFF
3017	#D3A59F	#FCFCFC
3018	#EFEDF6	#FEFEFE
3019	#FBFBFD	#FFFFFF
3020	#EBD3D0	#FEFEFE
3021	#E3DFF0	#FEFEFE
3022	#E8CDCA	#FEFEFE
3023	#B7AFD8	#FDFDFD
3024	#F1E0DD	#FEFEFE
3026	#F7ECEB	#FFFFFF
3027	#CCC5E3	#FDFDFD
3028	#FEFDFD	#FFFFFF
3029	#FEFCFC	#FFFFFF
3030	#FBFAFD	#FFFFFF
3031	#E4C4C0	#FDFDFD
3032	#F8EFED	#FFFFFF
3033	#FBF7F6	#FFFFFF
3034	#F7F6FB	#FFFFFF
3035	#F9F8FC	#FFFFFF
3036	#CDC6E4	#FCFCFC
3037	#F4E5E4	#FEFEFE
3038	#CF9D97	#FCFCFC
3039	#CF9D97	#FCFCFC
3040	#FBFAFD	#FFFFFF
3041	#F7ECEB	#FFFFFF
3042	#E4E0F0	#FEFEFE
3043	#F7F6FB	#FFFFFF
3044	#F7EDEB	#FEFEFE
3045	#CF9E97	#FCFCFC
3046	#EEECF6	#FEFEFE
3047	#F7EDEC	#FEFEFE
3048	#E5E1F1	#FEFEFE
3049	#FBFBFD	#FFFFFF
3050	#EFECF6	#FFFFFF
3051	#C5BDDF	#FCFCFC
3052	#DDD8ED	#FEFEFE
3053	#EDEAF5	#FEFEFE
3054	#EAE7F3	#FEFEFE
3055	#FBFAFD	#FFFFFF
3056	#DCD8EC	#FEFEFE
3057	#F2F0F8	#FFFFFF
3058	#D4CFE8	#FEFEFE
3059	#E1BEB9	#FEFEFE
3060	#F4E6E4	#FEFEFE
3061	#F1E0DD	#FEFEFE
3062	#EFECF6	#FEFEFE
3063	#FBF6F6	#FFFFFF
3064	#FBF5F4	#FFFFFF
3065	#FBFAFD	#FFFFFF
3066	#F7ECEB	#FFFFFF
3067	#E8E5F3	#FEFEFE
3068	#C3BBDE	#FDFDFD
3069	#DDD8ED	#FEFEFE
3070	#B8AFD8	#FDFDFD
3071	#F8EEED	#FFFFFF
3072	#E5E2F1	#FEFEFE
3073	#DCD7EC	#FEFEFE
3074	#F7EEEC	#FFFFFF
3075	#EBD4D0	#FEFEFE
3076	#D5CFE8	#FDFDFD
3077	#D3A59F	#FCFCFC
3078	#D9B0AB	#FDFDFD
3079	#D4CEE8	#FDFDFD
3080	#FBFAFD	#FFFFFF
3082	#ECD4D1	#FDFDFD
3083	#FAFAFD	#FFFFFF
3084	#FAF9FC	#FFFFFF
3085	#FDFAFA	#FFFFFF
3086	#FEFDFD	#FFFFFF
3087	#E6C8C4	#FDFDFD
3088	#F4E6E4	#FEFEFE
3089	#FEFEFD	#FFFFFF
3090	#F8EEED	#FFFFFF
3091	#F0DCDA	#FEFEFE
3092	#E8E5F3	#FEFEFE
3093	#F7EDEC	#FEFEFE
3094	#E4C4C0	#FDFDFD
3095	#F7ECEB	#FFFFFF
3096	#F5E8E7	#FEFEFE
3097	#EED9D7	#FEFEFE
3098	#DDD8EC	#FEFEFE
3099	#E8CDCA	#FEFEFE
3100	#FAF9FC	#FFFFFF
3101	#CBC5E3	#FDFDFD
3102	#C7C0E1	#FCFCFC
3103	#D3A59F	#FCFCFC
3104	#CBC4E3	#FDFDFD
3105	#E9CECA	#FEFEFE
3106	#FBFAFD	#FFFFFF
3107	#F7ECEB	#FFFFFF
3108	#F2E1DF	#FEFEFE
3109	#F8EEED	#FFFFFF
3110	#F7ECEB	#FFFFFF
3111	#ECD5D1	#FEFEFE
3112	#EBD4D0	#FEFEFE
3113	#E1BEBA	#FEFEFE
3114	#EDEAF5	#FEFEFE
3115	#DDD9ED	#FEFEFE
3116	#ECD5D2	#FEFEFE
3117	#EFECF6	#FFFFFF
3118	#E9E6F3	#FEFEFE
3119	#D9B0AB	#FDFDFD
3120	#F4E5E4	#FEFEFE
3121	#EFEDF7	#FFFFFF
3122	#C4BDDF	#FCFCFC
3123	#E4E0F0	#FEFEFE
3124	#FEFDFD	#FFFFFF
3125	#FBF6F5	#FFFFFF
3127	#F8EEED	#FFFFFF
3128	#E6C8C4	#FDFDFD
3129	#DDD8ED	#FEFEFE
3130	#DDD9ED	#FDFDFD
3131	#F8EEED	#FFFFFF
3132	#F9F2F1	#FFFFFF
3133	#E3DFF0	#FEFEFE
3134	#CF9D97	#FCFCFC
3135	#FFFEFE	#FFFFFF
3136	#FDFBFB	#FFFFFF
3137	#F7ECEB	#FFFFFF
3138	#F7EDEB	#FFFFFF
3139	#ECD5D2	#FEFEFE
3140	#EAE7F4	#FEFEFE
3141	#FBFAFD	#FFFFFF
3142	#FBF5F4	#FFFFFF
3143	#E4E1F1	#FEFEFE
3144	#C3BBDE	#FDFDFD
3145	#F9F1F0	#FFFFFF
3146	#FBF6F5	#FFFFFF
3147	#E6E2F1	#FEFEFE
3148	#EDEAF5	#FEFEFE
3149	#E1BEBA	#FEFEFE
3150	#F4E5E3	#FEFEFE
3151	#D3CDE7	#FDFDFD
3152	#AFA6D3	#FCFCFC
3153	#F2F0F8	#FFFFFF
3154	#F9F8FC	#FFFFFF
3155	#FBFAFD	#FFFFFF
3156	#FEFDFD	#FFFFFF
3157	#FBF6F6	#FFFFFF
3158	#EFEDF6	#FEFEFE
3159	#FBFAFD	#FFFFFF
3160	#F9F1F0	#FFFFFF
3161	#E1BEBA	#FDFDFD
3162	#D9B0AB	#FDFDFD
3163	#ECD5D2	#FEFEFE
3164	#E4C4C0	#FDFDFD
3165	#FAF9FC	#FFFFFF
3166	#EDEBF5	#FEFEFE
3167	#ECD6D3	#FEFEFE
3168	#F8EEED	#FFFFFF
3169	#F1E0DE	#FEFEFE
3170	#F6F5FA	#FFFFFF
3171	#FBFAFD	#FFFFFF
3172	#DDD9ED	#FEFEFE
3173	#C3BBDE	#FDFDFD
3174	#D3CEE7	#FDFDFD
3175	#FBF6F5	#FFFFFF
3177	#FFFEFE	#FFFFFF
3178	#FEFCFC	#FFFFFF
3179	#E1BEBA	#FEFEFE
3180	#FAFAFD	#FFFFFF
3181	#FBF7F6	#FFFFFF
3183	#CC9791	#FCFCFC
3184	#FAF4F3	#FFFFFF
3185	#FBF6F5	#FFFFFF
3186	#DED9ED	#FEFEFE
3187	#ECD5D2	#FEFEFE
3188	#ECD4D1	#FEFEFE
3189	#FEFDFD	#FFFFFF
3190	#FEFCFC	#FFFFFF
3191	#E9D0CC	#FDFDFD
3192	#E5E1F1	#FEFEFE
3193	#EBD4D0	#FDFDFD
3194	#F2E1DF	#FEFEFE
3195	#DCD7EC	#FEFEFE
3196	#FBF6F6	#FFFFFF
3197	#FBF6F5	#FFFFFF
3198	#EFECF6	#FFFFFF
3199	#F1DFDD	#FEFEFE
3200	#E5E1F1	#FEFEFE
3201	#E4C4C0	#FDFDFD
3202	#DCD8EC	#FEFEFE
3203	#FEFCFC	#FFFFFF
3204	#E2C0BC	#FDFDFD
3205	#F9F1F0	#FFFFFF
3206	#FAF9FC	#FFFFFF
3207	#DDD8EC	#FEFEFE
3208	#D4CEE8	#FDFDFD
3209	#AFA5D3	#FCFCFC
3210	#FAF9FC	#FFFFFF
3211	#F1E0DD	#FEFEFE
3212	#E5E2F1	#FEFEFE
3213	#D4CFE8	#FEFEFE
3214	#E6C9C5	#FDFDFD
3215	#E8E5F3	#FEFEFE
3216	#D7D2E9	#FDFDFD
3217	#E3DFF0	#FEFEFE
3218	#E5E2F1	#FEFEFE
3219	#D4CEE8	#FEFEFE
3220	#CF9D96	#FCFCFC
3221	#F9F8FC	#FFFFFF
3222	#FBFAFD	#FFFFFF
3223	#EFECF6	#FFFFFF
3225	#F8EEED	#FFFFFF
3226	#B8AFD8	#FDFDFD
3228	#E6C8C5	#FDFDFD
3229	#E4E1F1	#FEFEFE
3230	#DDD8EC	#FEFEFE
3231	#ECD5D2	#FEFEFE
3232	#D3CDE7	#FDFDFD
3233	#E6C8C5	#FDFDFD
3234	#E4C4C0	#FDFDFD
3235	#FBF6F5	#FFFFFF
3236	#FFFFFF	#FFFFFF
3237	#E6C8C4	#FDFDFD
3238	#FBFAFD	#FFFFFF
3239	#F7ECEB	#FFFFFF
3240	#CC9791	#FCFCFC
3241	#CC9791	#FCFCFC
3242	#FBF6F5	#FFFFFF
3243	#E3C3BF	#FDFDFD
3244	#F2E1DE	#FEFEFE
3245	#E4C4C0	#FDFDFD
3246	#F8EEED	#FFFFFF
3247	#D8D3EA	#FDFDFD
3248	#C4BDDF	#FCFCFC
3249	#FBF6F5	#FFFFFF
3250	#C4BDDF	#FCFCFC
3251	#F6F5FA	#FFFFFF
3252	#EED9D6	#FEFEFE
3253	#D5CFE8	#FEFEFE
3254	#FBF6F5	#FFFFFF
3255	#FBF6F5	#FFFFFF
3256	#FBF6F6	#FFFFFF
3257	#FBFBFD	#FFFFFF
3258	#F7F6FB	#FFFFFF
3259	#E5E1F1	#FEFEFE
3260	#E1BEBA	#FEFEFE
3261	#FAF9FC	#FFFFFF
3262	#FDFAFA	#FFFFFF
3263	#EBE8F4	#FEFEFE
3264	#FDFAFA	#FFFFFF
3265	#D5CFE8	#FEFEFE
3266	#EDEAF5	#FEFEFE
3267	#EDEBF5	#FEFEFE
3268	#EFEDF6	#FEFEFE
3269	#F7ECEA	#FFFFFF
3270	#E8E5F3	#FEFEFE
3271	#E9E6F3	#FEFEFE
3272	#C3BBDE	#FDFDFD
3273	#E1BEBA	#FEFEFE
3274	#A79DCF	#FBFBFB
3275	#CCC5E3	#FDFDFD
3276	#FBFAFD	#FFFFFF
3277	#B7AFD8	#FDFDFD
3278	#EAE7F4	#FEFEFE
3279	#E8CDCA	#FEFEFE
3280	#ECD5D2	#FDFDFD
3281	#FCFCFE	#FFFFFF
3282	#FEFDFD	#FFFFFF
3284	#DEB9B4	#FCFCFC
3285	#F0DEDC	#FEFEFE
3286	#EBD4D0	#FEFEFE
3287	#FAF9FC	#FFFFFF
3288	#FFFEFE	#FFFFFF
3289	#D7D2E9	#FDFDFD
3290	#ECD5D2	#FEFEFE
3291	#D4A59F	#FCFCFC
3292	#DEB9B4	#FCFCFC
3293	#F7EDEC	#FEFEFE
3294	#F0EDF7	#FEFEFE
3295	#D7D2E9	#FDFDFD
3296	#ECD4D1	#FDFDFD
3297	#F6F4FA	#FFFFFF
3298	#D5CFE8	#FEFEFE
3299	#DEDAED	#FEFEFE
3300	#F4E6E4	#FEFEFE
3301	#EEEBF6	#FFFFFF
3302	#EFDCD9	#FEFEFE
3303	#FEFCFC	#FFFFFF
3304	#E9E6F3	#FEFEFE
3305	#FBFBFD	#FFFFFF
3306	#CCC5E3	#FCFCFC
3307	#FBF6F6	#FFFFFF
3308	#F8EEED	#FFFFFF
3309	#DCD7EC	#FEFEFE
3310	#E9E5F3	#FEFEFE
3311	#FBF6F5	#FFFFFF
3312	#FBF6F5	#FFFFFF
3313	#E1BEBA	#FEFEFE
3314	#FEFCFC	#FFFFFF
3315	#E9E6F3	#FEFEFE
3316	#DDD9ED	#FDFDFD
3317	#F7ECEB	#FFFFFF
3318	#DFDBEE	#FEFEFE
3319	#F7EDEB	#FEFEFE
3320	#E8E5F3	#FEFEFE
3321	#FBFAFD	#FFFFFF
3322	#F9F8FC	#FFFFFF
3323	#D9AFAA	#FDFDFD
3324	#E9CECB	#FEFEFE
3325	#CCC5E3	#FBFBFB
3326	#FAF9FC	#FFFFFF
3327	#D3CEE7	#FDFDFD
3329	#FFFFFF	#FFFFFF
3330	#EFDCDA	#FEFEFE
3331	#F1E0DE	#FEFEFE
3332	#E2C1BC	#FDFDFD
3333	#FBF6F5	#FFFFFF
3334	#F7F5FA	#FFFFFF
3335	#F8EEED	#FFFFFF
3336	#F9F9FC	#FFFFFF
3337	#E4E0F0	#FEFEFE
3338	#FCFBFD	#FFFFFF
3339	#F8EEED	#FFFFFF
3340	#FAF9FC	#FFFFFF
3341	#FEFDFD	#FFFFFF
3342	#D4CEE8	#FDFDFD
3343	#E8CECA	#FEFEFE
3344	#E9E5F3	#FEFEFE
3345	#FCFBFD	#FFFFFF
3346	#FEFCFC	#FFFFFF
3347	#F9F1F0	#FFFFFF
3348	#F4E5E3	#FEFEFE
3349	#EBD3D0	#FEFEFE
3350	#FBF6F5	#FFFFFF
3351	#DDD8EC	#FEFEFE
3352	#FCF7F6	#FFFFFF
3353	#F7EDEC	#FFFFFF
3354	#F9F8FC	#FFFFFF
3355	#DDD8EC	#FEFEFE
3356	#F5F4FA	#FFFFFF
3357	#E4E0F0	#FEFEFE
3358	#FBF6F6	#FFFFFF
3359	#D9B0AB	#FDFDFD
3360	#FAFAFD	#FFFFFF
3361	#F1E0DD	#FEFEFE
3362	#E6E2F1	#FEFEFE
3363	#D4CEE7	#FDFDFD
3364	#ECD5D2	#FEFEFE
3365	#FAF9FC	#FFFFFF
3366	#FBF6F6	#FFFFFF
3367	#F8EEED	#FFFFFF
3368	#DCD8EC	#FEFEFE
3369	#F7EDEB	#FFFFFF
3370	#F8EFED	#FFFFFF
3371	#EEECF6	#FFFFFF
3372	#FAF9FC	#FFFFFF
3373	#FBF6F5	#FFFFFF
3374	#FBFAFD	#FFFFFF
3375	#E9CECB	#FEFEFE
3376	#AEA5D3	#FCFCFC
3377	#F1DFDD	#FEFEFE
3378	#9B90C8	#FAFAFA
3379	#E5E2F1	#FEFEFE
3380	#DED9ED	#FEFEFE
3381	#FAF3F3	#FFFFFF
3382	#EEECF6	#FFFFFF
3383	#F1E0DD	#FEFEFE
3385	#DEBAB5	#FCFCFC
3386	#FBF6F5	#FFFFFF
3387	#ECD5D2	#FEFEFE
3388	#DCD7EC	#FEFEFE
3389	#E6E2F1	#FEFEFE
3390	#E1BEB9	#FEFEFE
3391	#FBFAFD	#FFFFFF
3392	#EEECF6	#FFFFFF
3393	#E2C1BC	#FDFDFD
3394	#F8EEED	#FFFFFF
3395	#F7EDEB	#FFFFFF
3396	#EFECF6	#FEFEFE
3397	#CF9D97	#FCFCFC
3398	#ECD5D2	#FEFEFE
3399	#FBFAFD	#FFFFFF
3400	#D09E98	#FCFCFC
3401	#F7ECEB	#FFFFFF
3402	#FAFAFC	#FFFFFF
3403	#FBFAFD	#FFFFFF
3404	#E1BEB9	#FEFEFE
3405	#FAFAFC	#FFFFFF
3406	#FAF9FC	#FFFFFF
3407	#EDEBF5	#FEFEFE
3408	#D4A6A0	#FCFCFC
3409	#EAE7F4	#FEFEFE
3410	#EFEDF6	#FEFEFE
3411	#FBFBFD	#FFFFFF
3412	#FFFEFE	#FFFFFF
3413	#D8D3EA	#FCFCFC
3414	#F7ECEB	#FFFFFF
3415	#FCF8F8	#FFFFFF
3416	#FBF7F6	#FFFFFF
3417	#C6BFE0	#FBFBFB
3418	#DFDBEE	#FEFEFE
3419	#F8EEED	#FFFFFF
3420	#D4A5A0	#FCFCFC
3421	#FBFAFD	#FFFFFF
3422	#E9E5F3	#FEFEFE
3423	#D4CEE7	#FCFCFC
3424	#F2F0F8	#FFFFFF
3425	#FEFDFC	#FFFFFF
3426	#F6F5FA	#FFFFFF
3427	#E5C7C3	#FDFDFD
3428	#D3CDE7	#FDFDFD
3430	#FBF6F6	#FFFFFF
3431	#EFDCDA	#FEFEFE
3432	#CF9D97	#FCFCFC
3433	#FBF6F5	#FFFFFF
3434	#F1E0DE	#FEFEFE
3435	#F1E0DD	#FEFEFE
3436	#E6C8C4	#FDFDFD
3437	#F8EFED	#FFFFFF
3438	#F9F8FC	#FFFFFF
3439	#D3CEE7	#FDFDFD
3440	#F5F4FA	#FFFFFF
3441	#FEFDFD	#FFFFFF
3442	#F4E6E4	#FEFEFE
3443	#FEFDFC	#FFFFFF
3444	#F9F8FC	#FFFFFF
3445	#F1E0DD	#FEFEFE
3446	#EEECF6	#FFFFFF
3447	#F7ECEB	#FFFFFF
3448	#E9CFCC	#FDFDFD
3449	#F9F1F0	#FFFFFF
3450	#E1BEBA	#FEFEFE
3451	#EFECF6	#FEFEFE
3452	#F8EEED	#FFFFFF
3453	#ECD6D3	#FEFEFE
3454	#FBF6F5	#FFFFFF
3455	#FEFDFD	#FFFFFF
3456	#F9F9FC	#FFFFFF
3457	#E5E1F1	#FEFEFE
3458	#EAE7F4	#FEFEFE
3459	#ECD5D2	#FEFEFE
3460	#FAF9FC	#FFFFFF
3461	#D7D2E9	#FDFDFD
3462	#EFEDF6	#FEFEFE
3463	#E1DDEF	#FDFDFD
3464	#F5E8E6	#FEFEFE
3465	#E6E2F1	#FEFEFE
3466	#F6F5FA	#FFFFFF
3467	#F7ECEA	#FEFEFE
3468	#E8E5F3	#FEFEFE
3469	#F7ECEA	#FEFEFE
3470	#F4E5E3	#FEFEFE
3471	#F3E5E3	#FEFEFE
3472	#FDFDFE	#FFFFFF
3473	#E1BEBA	#FEFEFE
3474	#D3CEE7	#FDFDFD
3475	#F9F1F0	#FFFFFF
3476	#EED9D6	#FEFEFE
3477	#F1E0DD	#FEFEFE
3478	#F1E1DE	#FEFEFE
3479	#EDEBF5	#FEFEFE
3480	#FBF6F6	#FFFFFF
3481	#EDEAF5	#FEFEFE
3482	#EFEDF7	#FEFEFE
3483	#F1E0DD	#FEFEFE
3484	#F1DFDD	#FEFEFE
3486	#FFFEFE	#FFFFFF
3487	#EFECF6	#FFFFFF
3488	#E4E1F1	#FEFEFE
3489	#EEECF6	#FEFEFE
3490	#FBF6F6	#FFFFFF
3491	#FAF9FC	#FFFFFF
3492	#FAF9FC	#FFFFFF
3493	#E9E6F3	#FEFEFE
3494	#F6F5FA	#FFFFFF
3495	#FDFAFA	#FFFFFF
3496	#F8EEED	#FFFFFF
3497	#F9F1F0	#FFFFFF
3498	#F1E0DE	#FEFEFE
3499	#DCD7EC	#FEFEFE
3500	#DDD8EC	#FEFEFE
3501	#F7EDEC	#FFFFFF
3502	#F8EFED	#FFFFFF
3503	#F9F8FC	#FFFFFF
3504	#F7EDEB	#FFFFFF
3505	#F4E6E4	#FEFEFE
3506	#E8CDCA	#FEFEFE
3507	#FBF6F5	#FFFFFF
3508	#E8E5F3	#FEFEFE
3509	#E4C5C0	#FDFDFD
3510	#FBF6F5	#FFFFFF
3511	#E8CDCA	#FEFEFE
3512	#FEFDFD	#FFFFFF
3513	#EFECF6	#FEFEFE
3514	#FAF9FC	#FFFFFF
3515	#FDFAFA	#FFFFFF
3516	#F6F4FA	#FFFFFF
3517	#EAE7F4	#FEFEFE
3518	#F7EDEC	#FEFEFE
3519	#ECD5D2	#FEFEFE
3520	#F7ECEB	#FFFFFF
3521	#D4CFE8	#FEFEFE
3522	#EBD4D0	#FEFEFE
3523	#D4A59F	#FCFCFC
3524	#D4CFE8	#FEFEFE
3525	#FBFBFD	#FFFFFF
3526	#D4A59F	#FCFCFC
3527	#C3BBDE	#FDFDFD
3528	#F8EEED	#FFFFFF
3529	#D9B0AB	#FDFDFD
3531	#E8E5F3	#FEFEFE
3532	#DED9ED	#FDFDFD
3533	#F7EEEC	#FFFFFF
3534	#E2C0BC	#FDFDFD
3535	#ECD6D3	#FEFEFE
3536	#EEECF6	#FFFFFF
3537	#F8EEED	#FFFFFF
3538	#F7ECEB	#FFFFFF
3539	#FBF6F5	#FFFFFF
3540	#E6C8C4	#FDFDFD
3541	#E5E1F1	#FEFEFE
3542	#D9AFAA	#FDFDFD
3543	#D9B0AB	#FDFDFD
3544	#F9F0EF	#FFFFFF
3545	#F7ECEB	#FFFFFF
3546	#FDFAFA	#FFFFFF
3547	#F8EFED	#FFFFFF
3548	#E5E1F1	#FEFEFE
3549	#DCD8EC	#FEFEFE
3550	#EEECF6	#FFFFFF
3551	#FBF6F5	#FFFFFF
3552	#F2F0F8	#FFFFFF
3553	#FAFAFC	#FFFFFF
3554	#EFEDF6	#FEFEFE
3555	#F6F5FA	#FFFFFF
3556	#ECD5D2	#FEFEFE
3557	#FBF6F5	#FFFFFF
3558	#ECD4D1	#FDFDFD
3559	#FBFAFD	#FFFFFF
3560	#F9F8FC	#FFFFFF
3561	#F1DFDD	#FEFEFE
3562	#D9AFAA	#FDFDFD
3563	#FBF5F4	#FFFFFF
3564	#F8EEED	#FFFFFF
3565	#EBD4D1	#FDFDFD
3566	#F8EEED	#FFFFFF
3567	#F0DDDA	#FEFEFE
3568	#E5E2F1	#FEFEFE
3569	#DCD7EC	#FEFEFE
3570	#ECD5D2	#FEFEFE
3571	#FFFFFF	#FFFFFF
3572	#DDD8EC	#FEFEFE
3573	#F1E0DD	#FEFEFE
3574	#D9D3EA	#FDFDFD
3575	#FBFAFD	#FFFFFF
3576	#E8CECA	#FEFEFE
3577	#FAFAFC	#FFFFFF
3578	#EBD4D0	#FEFEFE
3579	#F1E0DD	#FEFEFE
3580	#F8EEED	#FFFFFF
3581	#E9E5F3	#FEFEFE
3582	#F6F4FA	#FFFFFF
3583	#ECEAF5	#FEFEFE
3584	#F7EDEB	#FFFFFF
3585	#E9CECB	#FEFEFE
3587	#D9B0AB	#FDFDFD
3588	#F1DFDD	#FEFEFE
3589	#CC9791	#FCFCFC
3590	#E4E1F1	#FEFEFE
3591	#E5E2F1	#FEFEFE
3592	#BEB6DB	#FCFCFC
3593	#FEFCFC	#FFFFFF
3594	#F1E0DE	#FEFEFE
3595	#E5E1F1	#FEFEFE
3596	#FCFBFD	#FFFFFF
3597	#EEEBF6	#FEFEFE
3598	#E8CECA	#FEFEFE
3599	#F8EEED	#FEFEFE
3600	#F1E0DE	#FEFEFE
3601	#E5E1F1	#FEFEFE
3602	#F4E6E4	#FEFEFE
3603	#EEECF6	#FFFFFF
3604	#EBD4D0	#FEFEFE
3605	#ECD6D3	#FEFEFE
3606	#F6F5FA	#FFFFFF
3607	#F4E6E4	#FEFEFE
3608	#E8E5F3	#FEFEFE
3609	#E5E1F1	#FEFEFE
3610	#E2C0BC	#FDFDFD
3611	#FBFAFD	#FFFFFF
3612	#CDC7E4	#FCFCFC
3613	#F6F5FA	#FFFFFF
3614	#DCD8EC	#FEFEFE
3615	#FEFDFD	#FFFFFF
3616	#DDD8ED	#FEFEFE
3617	#FBFBFD	#FFFFFF
3618	#E8E5F3	#FEFEFE
3619	#FCF7F6	#FFFFFF
3620	#DDD8EC	#FEFEFE
3621	#F6EBE9	#FEFEFE
3622	#DFDAEE	#FEFEFE
3623	#E9CECB	#FEFEFE
3624	#F5E8E6	#FEFEFE
3625	#FEFCFC	#FFFFFF
3626	#EEECF6	#FFFFFF
3627	#ECD5D2	#FEFEFE
3628	#FBF6F5	#FFFFFF
3629	#EFECF6	#FFFFFF
3630	#F6F4FA	#FFFFFF
3632	#F3F1F8	#FFFFFF
3633	#CF9D97	#FCFCFC
3634	#F3E5E3	#FEFEFE
3635	#DEDAED	#FEFEFE
3636	#F4E6E4	#FEFEFE
3637	#EBD4D0	#FEFEFE
3638	#DED9ED	#FEFEFE
3639	#EEECF6	#FFFFFF
3640	#E9E6F3	#FEFEFE
3641	#FEFDFD	#FFFFFF
3642	#FBFBFD	#FFFFFF
3643	#F4F3F9	#FFFFFF
3644	#E8E5F3	#FEFEFE
3645	#FAF9FC	#FFFFFF
3646	#FCFBFD	#FFFFFF
3647	#ECD5D2	#FEFEFE
3648	#E6E2F1	#FEFEFE
3649	#E3C3BF	#FDFDFD
3650	#C9928B	#FBFBFB
3651	#F7EDEB	#FFFFFF
3652	#F1E0DE	#FEFEFE
3653	#E5E1F1	#FEFEFE
3654	#B7AFD8	#FDFDFD
3655	#F4E5E3	#FEFEFE
3656	#FBF6F5	#FFFFFF
3657	#FCFBFD	#FFFFFF
3658	#DDD8EC	#FEFEFE
3659	#F6F5FA	#FFFFFF
3660	#E1BEBA	#FEFEFE
3661	#F7EDEC	#FEFEFE
3662	#F2F0F8	#FFFFFF
3663	#F1E0DE	#FEFEFE
3664	#EEDAD7	#FEFEFE
3665	#FBF5F4	#FFFFFF
3666	#DCD8EC	#FEFEFE
3667	#E4E1F1	#FEFEFE
3668	#F1DFDD	#FEFEFE
3669	#F9F8FC	#FFFFFF
3670	#D4CFE8	#FDFDFD
3671	#FBFBFD	#FFFFFF
3672	#FFFFFF	#FFFFFF
3673	#F1DFDD	#FEFEFE
3674	#FAF9FC	#FFFFFF
3675	#FBF6F5	#FFFFFF
3676	#F6F5FA	#FFFFFF
3677	#FAF9FC	#FFFFFF
3678	#E4E0F0	#FEFEFE
3679	#D4A5A0	#FCFCFC
3680	#F7EDEC	#FFFFFF
3681	#F6F5FA	#FFFFFF
3682	#E9CECA	#FEFEFE
3683	#EFECF6	#FEFEFE
3684	#EFDCDA	#FEFEFE
3685	#F9F1F0	#FFFFFF
3686	#DFBCB7	#FCFCFC
3688	#E1BEBA	#FEFEFE
3689	#FEFDFC	#FFFFFF
3690	#E2C0BC	#FDFDFD
3691	#FBFAFD	#FFFFFF
3692	#DBD7EC	#FEFEFE
3693	#DBD7EC	#FEFEFE
3694	#D3CDE7	#FDFDFD
3695	#EFDCDA	#FEFEFE
3696	#E3C3BF	#FDFDFD
3697	#C48A83	#FBFBFB
3698	#DEDAED	#FEFEFE
3699	#E8E5F3	#FEFEFE
3700	#F9F8FC	#FFFFFF
3701	#F1E0DE	#FEFEFE
3702	#FBF5F5	#FFFFFF
3703	#F1E0DE	#FEFEFE
3704	#CBC4E3	#FDFDFD
3705	#DCD7EC	#FEFEFE
3706	#D4A5A0	#FCFCFC
3707	#F7EDEB	#FFFFFF
3708	#B7AFD8	#FDFDFD
3709	#F1DFDD	#FEFEFE
3710	#F9F8FC	#FFFFFF
3711	#F3F1F9	#FFFFFF
3712	#E6E2F1	#FEFEFE
3713	#FBF6F5	#FFFFFF
3714	#E6C8C4	#FDFDFD
3715	#FBFBFD	#FFFFFF
3716	#EFEDF6	#FEFEFE
3717	#EFECF6	#FFFFFF
3718	#E2DEEF	#FDFDFD
3719	#F5E7E5	#FEFEFE
3720	#EEEBF6	#FFFFFF
3721	#FDFAFA	#FFFFFF
3722	#F1E0DE	#FEFEFE
3723	#F8EEED	#FFFFFF
3724	#E8CDC9	#FEFEFE
3725	#EFEDF6	#FEFEFE
3726	#FFFEFE	#FFFFFF
3727	#E9E6F3	#FEFEFE
3728	#E5E1F1	#FEFEFE
3729	#EBD4D0	#FEFEFE
3730	#F1E0DD	#FEFEFE
3731	#F9F1F0	#FFFFFF
3733	#F0DDDA	#FEFEFE
3734	#EDEAF5	#FEFEFE
3735	#FBF6F5	#FFFFFF
3736	#E9CFCC	#FDFDFD
3737	#E8CECA	#FEFEFE
3738	#F6F4FA	#FFFFFF
3739	#FBF6F5	#FFFFFF
3740	#DDD8EC	#FEFEFE
3741	#EEECF6	#FFFFFF
3742	#D3CEE7	#FDFDFD
3743	#FBF5F5	#FFFFFF
3744	#E5E1F1	#FEFEFE
3745	#CCC5E3	#FDFDFD
3746	#F1EFF8	#FFFFFF
3747	#DDD8EC	#FEFEFE
3748	#FAF9FC	#FFFFFF
3749	#DCD7EC	#FEFEFE
3750	#EDEAF5	#FEFEFE
3751	#FEFDFD	#FFFFFF
3752	#ECD5D2	#FEFEFE
3753	#FEFDFC	#FFFFFF
3754	#F1DFDD	#FEFEFE
3755	#E4E1F1	#FEFEFE
3756	#E8CDCA	#FEFEFE
3757	#DED9ED	#FEFEFE
3758	#D9B0AB	#FDFDFD
3759	#E4E1F1	#FEFEFE
3760	#F1E0DE	#FEFEFE
3761	#D9AFAA	#FDFDFD
3762	#F7ECEB	#FFFFFF
3763	#FBF6F6	#FFFFFF
3764	#F1DFDD	#FEFEFE
3765	#FFFEFE	#FFFFFF
3766	#F7EEEC	#FFFFFF
3767	#EDD7D4	#FEFEFE
3768	#BDB5DB	#FCFCFC
3769	#FDFAFA	#FFFFFF
3770	#CCC5E3	#FDFDFD
3771	#E9E5F3	#FEFEFE
3772	#EBD4D0	#FEFEFE
3773	#E3C3BF	#FDFDFD
3774	#F4E5E3	#FEFEFE
3775	#E2C0BC	#FDFDFD
3776	#FBF6F5	#FFFFFF
3777	#E1BEBA	#FEFEFE
3778	#BEB6DB	#FAFAFA
3779	#E8E5F3	#FEFEFE
3780	#F1DFDD	#FEFEFE
3781	#CBC4E3	#FDFDFD
3782	#EBD4D0	#FEFEFE
3783	#FBF6F5	#FFFFFF
3784	#FFFFFF	#FFFFFF
3785	#EEEBF6	#FFFFFF
3786	#FEFDFD	#FFFFFF
3787	#FEFDFD	#FFFFFF
3789	#EFECF6	#FEFEFE
3790	#CBC5E3	#FDFDFD
3791	#E5E1F1	#FEFEFE
3792	#FAFAFD	#FFFFFF
3793	#EEECF6	#FEFEFE
3794	#CF9C96	#FCFCFC
3795	#FAF9FC	#FFFFFF
3796	#FFFFFF	#FFFFFF
3797	#F3F1F8	#FEFEFE
3798	#FBF6F5	#FFFFFF
3799	#E5E2F1	#FEFEFE
3800	#EFDCDA	#FEFEFE
3801	#E1BEBA	#FDFDFD
3802	#F6F5FA	#FFFFFF
3803	#CDC6E4	#FCFCFC
3804	#EED9D7	#FEFEFE
3805	#B7AFD8	#FDFDFD
3806	#FAF9FC	#FFFFFF
3807	#DDD8EC	#FEFEFE
3808	#F1DFDD	#FEFEFE
3809	#E5E1F1	#FEFEFE
3810	#FEFDFD	#FFFFFF
3811	#EFEDF6	#FEFEFE
3812	#EED9D6	#FEFEFE
3813	#EFEDF6	#FEFEFE
3814	#FBFAFD	#FFFFFF
3815	#EFEDF6	#FEFEFE
3816	#DEDAED	#FEFEFE
3817	#F1E0DD	#FEFEFE
3818	#F7ECEB	#FFFFFF
3819	#F1E0DE	#FEFEFE
3820	#F6F4FA	#FFFFFF
3821	#C1B9DD	#FBFBFB
3822	#E9CECA	#FEFEFE
3823	#EFECF6	#FEFEFE
3824	#F8EEED	#FFFFFF
3825	#F4E6E4	#FEFEFE
3826	#F0DDDA	#FEFEFE
3827	#D5CFE8	#FEFEFE
3828	#EDEAF5	#FEFEFE
3829	#F8EEED	#FFFFFF
3830	#F1E0DE	#FEFEFE
3831	#E5E1F1	#FDFDFD
3832	#AFA6D3	#FCFCFC
3834	#DFBBB7	#FCFCFC
3835	#F8EEED	#FFFFFF
3836	#DEDAED	#FEFEFE
3837	#F1E0DD	#FEFEFE
3838	#E4E0F0	#FEFEFE
3839	#DDD8EC	#FEFEFE
3840	#F5E8E6	#FEFEFE
3841	#B7AFD8	#FDFDFD
3842	#EDEBF5	#FEFEFE
3843	#E5E2F1	#FEFEFE
3844	#B8B0D8	#FBFBFB
3845	#DCD8EC	#FEFEFE
3846	#DFDAED	#FEFEFE
3847	#D4CEE7	#FDFDFD
3848	#EFECF6	#FFFFFF
3849	#FBFBFD	#FFFFFF
3850	#F1DFDD	#FEFEFE
3852	#FBF7F6	#FFFFFF
3853	#DDD8ED	#FEFEFE
3854	#FCFBFD	#FFFFFF
3855	#F6F5FA	#FFFFFF
3856	#F9F8FC	#FFFFFF
3857	#AFA6D3	#FCFCFC
3858	#FAF9FC	#FFFFFF
3859	#EBD4D0	#FEFEFE
3860	#DDD8EC	#FEFEFE
3861	#FEFDFD	#FFFFFF
3862	#F1E0DE	#FEFEFE
3863	#F8EEED	#FFFFFF
3864	#C68C86	#FBFBFB
3865	#FEFCFC	#FFFFFF
3866	#FBFAFD	#FFFFFF
3867	#EFEDF6	#FEFEFE
3868	#FAFAFD	#FFFFFF
3869	#FFFEFE	#FFFFFF
3870	#C5BEDF	#FCFCFC
3871	#FDFBFA	#FFFFFF
3872	#DCD7EC	#FEFEFE
3873	#FEFDFD	#FFFFFF
3874	#F4E7E5	#FEFEFE
3875	#F8EEED	#FFFFFF
3876	#E7E4F2	#FEFEFE
3877	#F1E0DD	#FEFEFE
3878	#F8EEED	#FFFFFF
3879	#E8E5F3	#FEFEFE
3880	#F9F8FC	#FFFFFF
3881	#FAF4F3	#FFFFFF
3882	#E5E1F1	#FEFEFE
3883	#CF9E97	#FCFCFC
3884	#F6F5FA	#FFFFFF
3885	#EAE7F4	#FEFEFE
3886	#E4E1F1	#FEFEFE
3887	#F7EDEC	#FEFEFE
3888	#FDFDFE	#FFFFFF
3890	#F8EEED	#FFFFFF
3891	#FEFCFC	#FFFFFF
3892	#E1DDEF	#FDFDFD
3893	#D2CCE6	#FCFCFC
3894	#FBF6F5	#FFFFFF
3895	#D8D3EA	#FDFDFD
3896	#FBFBFD	#FFFFFF
3897	#EFDCD9	#FEFEFE
3898	#EFEDF6	#FEFEFE
3899	#FAF9FC	#FFFFFF
3900	#F2F0F8	#FFFFFF
3901	#F1DFDD	#FEFEFE
3902	#E5E2F1	#FEFEFE
3903	#E2DEEF	#FDFDFD
3904	#D8D3EA	#FDFDFD
3905	#E5E1F1	#FEFEFE
3906	#F9F8FC	#FFFFFF
3907	#EDD6D3	#FEFEFE
3908	#EFECF6	#FFFFFF
3909	#D9B0AA	#FDFDFD
3910	#FBFAFD	#FFFFFF
3911	#EDEBF5	#FEFEFE
3912	#FBF6F5	#FFFFFF
3913	#EEECF6	#FFFFFF
3914	#E9E5F3	#FEFEFE
3915	#E4E1F1	#FEFEFE
3916	#E5E2F1	#FEFEFE
3917	#F4E5E3	#FEFEFE
3918	#FFFEFE	#FFFFFF
3919	#F6F5FA	#FFFFFF
3920	#EBE8F4	#FEFEFE
3921	#F6F5FA	#FFFFFF
3922	#F3F1F9	#FFFFFF
3923	#ECD5D1	#FEFEFE
3924	#E9CECA	#FEFEFE
3925	#E1BEBA	#FEFEFE
3926	#F9F9FC	#FFFFFF
3927	#FBFAFD	#FFFFFF
3928	#F7ECEB	#FFFFFF
3929	#E8E5F3	#FEFEFE
3930	#FBF7F6	#FFFFFF
3931	#E5E1F1	#FEFEFE
3932	#EFECF6	#FFFFFF
3933	#E8CDCA	#FEFEFE
3935	#EEECF6	#FFFFFF
3936	#FBFBFD	#FFFFFF
3937	#BDB6DB	#FCFCFC
3938	#F9F8FC	#FFFFFF
3939	#DEDAED	#FEFEFE
3940	#F8EEED	#FFFFFF
3941	#F1DFDD	#FEFEFE
3942	#FBF6F6	#FFFFFF
3943	#DFDAED	#FEFEFE
3944	#E2DEEF	#FDFDFD
3945	#EFECF6	#FEFEFE
3946	#DCD7EC	#FEFEFE
3947	#FEFCFC	#FFFFFF
3948	#FEFCFC	#FFFFFF
3949	#E4E1F0	#FEFEFE
3950	#DCD7EC	#FEFEFE
3951	#F1DFDD	#FEFEFE
3952	#F6F5FA	#FFFFFF
3953	#EEECF6	#FFFFFF
3954	#F6EAE9	#FEFEFE
3955	#C1847D	#FAFAFA
3956	#FDFBFA	#FFFFFF
3957	#F7ECEB	#FFFFFF
3958	#E9CECA	#FEFEFE
3959	#F8EEED	#FFFFFF
3960	#EBD4D0	#FEFEFE
3961	#C3BBDE	#FDFDFD
3962	#EEECF6	#FFFFFF
3963	#E1BEBA	#FEFEFE
3964	#F7EDEB	#FFFFFF
3965	#D7D2E9	#FDFDFD
3966	#FEFDFC	#FFFFFF
3967	#D5CFE8	#FDFDFD
3968	#D7D2E9	#FDFDFD
3969	#D4A59F	#FCFCFC
3970	#E4E0F0	#FEFEFE
3971	#F1E0DE	#FEFEFE
3972	#E4E1F1	#FEFEFE
3973	#FFFEFE	#FFFFFF
3974	#B7AFD8	#FDFDFD
3975	#EEECF6	#FFFFFF
3976	#F4E6E4	#FEFEFE
3977	#DCD8EC	#FEFEFE
3978	#F2F0F8	#FFFFFF
3979	#F2F0F8	#FFFFFF
3980	#FBF7F6	#FFFFFF
3981	#FDFBFA	#FFFFFF
3982	#FCF7F6	#FFFFFF
3983	#C1BADD	#FBFBFB
3984	#F6F5FA	#FFFFFF
3985	#FDFAFA	#FFFFFF
3986	#FBFAFD	#FFFFFF
3987	#EFEDF6	#FEFEFE
3988	#FBFAFD	#FFFFFF
3989	#F5E7E5	#FEFEFE
4042	#EED9D7	#FEFEFE
4043	#FBFAFD	#FFFFFF
4044	#FFFEFE	#FFFFFF
4045	#E4E1F1	#FEFEFE
4046	#F2E1DE	#FEFEFE
4047	#E6E2F1	#FEFEFE
4048	#F9F1F0	#FFFFFF
4049	#E4E1F1	#FEFEFE
4050	#E6C8C4	#FDFDFD
4051	#F0EDF7	#FFFFFF
4052	#F7ECEB	#FFFFFF
4053	#EBD3D0	#FEFEFE
4054	#FEFDFD	#FFFFFF
4055	#F1E0DD	#FEFEFE
4056	#E1BEBA	#FEFEFE
4057	#FCFBFD	#FFFFFF
4058	#FBF6F5	#FFFFFF
4059	#EEECF6	#FFFFFF
4060	#F6F4FA	#FFFFFF
4061	#B7AFD8	#FDFDFD
4062	#E5E1F1	#FEFEFE
4063	#F8EEED	#FFFFFF
4064	#DEDAED	#FEFEFE
4065	#ECE9F4	#FEFEFE
4066	#F7F6FB	#FFFFFF
4067	#F4E5E3	#FEFEFE
4068	#D2CDE7	#FCFCFC
4069	#F2F0F8	#FFFFFF
4070	#FBF6F6	#FFFFFF
4071	#E6E2F1	#FEFEFE
4072	#F7EDEC	#FEFEFE
4073	#FBF6F5	#FFFFFF
4074	#DEDAED	#FDFDFD
4075	#EDEAF5	#FEFEFE
4076	#F8EEED	#FFFFFF
4077	#F8F7FB	#FFFFFF
4078	#EDEAF5	#FEFEFE
4079	#F7EDEC	#FEFEFE
4080	#C7C0E1	#FCFCFC
4081	#FBF5F5	#FFFFFF
4082	#FEFDFD	#FFFFFF
4083	#FBF6F5	#FFFFFF
4084	#C68D87	#FBFBFB
4085	#FEFDFD	#FFFFFF
4087	#F7ECEB	#FFFFFF
4088	#FEFCFC	#FFFFFF
4089	#F6F4FA	#FFFFFF
4090	#F9F1F0	#FFFFFF
4091	#FEFDFD	#FFFFFF
4092	#F0DEDC	#FEFEFE
4093	#ECEAF5	#FEFEFE
4094	#C5BEDF	#FCFCFC
4095	#D9B0AA	#FDFDFD
4096	#FBFAFD	#FFFFFF
4097	#FBFBFD	#FFFFFF
4098	#FBF7F6	#FFFFFF
4099	#FAF9FC	#FFFFFF
4100	#F2F0F8	#FFFFFF
4101	#D4CEE8	#FEFEFE
4102	#E6C8C4	#FDFDFD
4103	#FDFAFA	#FFFFFF
4104	#F4E6E4	#FEFEFE
4105	#E5E1F1	#FEFEFE
4106	#F7ECEB	#FFFFFF
4107	#EDEBF5	#FEFEFE
4108	#FAF9FC	#FFFFFF
4109	#E8E5F3	#FEFEFE
4110	#E1BEBA	#FEFEFE
4111	#FBF5F5	#FFFFFF
4112	#D4CEE7	#FDFDFD
4113	#C6BFE0	#FCFCFC
4114	#D4CEE8	#FEFEFE
4115	#EDEAF5	#FEFEFE
4116	#DFBBB7	#FCFCFC
4117	#F0EEF7	#FEFEFE
4118	#BCB4DB	#FAFAFA
4119	#FAF9FC	#FFFFFF
4120	#DDD9ED	#FDFDFD
4121	#FFFFFF	#FFFFFF
4122	#FEFDFD	#FFFFFF
4123	#EDEAF5	#FEFEFE
4124	#F6EAE9	#FEFEFE
4125	#DFDAEE	#FEFEFE
4126	#EAE7F4	#FEFEFE
4127	#FEFDFC	#FFFFFF
4128	#FDFCFE	#FFFFFF
4129	#D4CEE7	#FDFDFD
4130	#EBD4D0	#FEFEFE
4131	#FAF9FC	#FFFFFF
4132	#E2DDEF	#FDFDFD
4133	#BDB5DB	#FCFCFC
4134	#FBF6F5	#FFFFFF
4135	#DCD7EC	#FEFEFE
4136	#EDEBF5	#FEFEFE
4137	#ECD4D1	#FDFDFD
4138	#E8CDCA	#FEFEFE
4139	#BF827B	#FAFAFA
4140	#FBF6F5	#FFFFFF
4141	#DED9ED	#FEFEFE
4143	#EDD7D4	#FDFDFD
4144	#EFEDF6	#FEFEFE
4145	#F6F5FA	#FFFFFF
4146	#E9CECB	#FEFEFE
4147	#E3E0F0	#FEFEFE
4148	#F9F1F0	#FFFFFF
4149	#EDEAF5	#FEFEFE
4150	#F5F4FA	#FFFFFF
4151	#F9F8FC	#FFFFFF
4152	#F7EDEB	#FFFFFF
4153	#ECD5D2	#FEFEFE
4154	#F9F8FC	#FFFFFF
4155	#FBF7F6	#FFFFFF
4156	#E5E1F1	#FEFEFE
4157	#E1BEB9	#FEFEFE
4158	#C8918B	#FBFBFB
4159	#F8EEED	#FFFFFF
4160	#FAFAFC	#FFFFFF
4161	#E0BEB9	#FEFEFE
4162	#FBF7F6	#FFFFFF
4163	#EEECF6	#FFFFFF
4164	#C3BBDE	#FDFDFD
4165	#EEECF6	#FFFFFF
4166	#F6E9E8	#FEFEFE
4167	#F7ECEA	#FFFFFF
4168	#FAF9FC	#FFFFFF
4169	#DDD9ED	#FDFDFD
4170	#F9F1F0	#FFFFFF
4171	#FEFEFE	#FFFFFF
4172	#D9D3EA	#FCFCFC
4173	#FEFDFD	#FFFFFF
4174	#FCFCFE	#FFFFFF
4175	#FBF6F5	#FFFFFF
4176	#EFECF6	#FEFEFE
4177	#F7F6FB	#FFFFFF
4178	#ECE9F5	#FEFEFE
4179	#F7EDEB	#FFFFFF
4180	#D7D1E9	#FDFDFD
4181	#CDC7E4	#FDFDFD
4182	#D4A5A0	#FCFCFC
4183	#DEDAED	#FEFEFE
4184	#EFECF6	#FEFEFE
4185	#EBE8F4	#FEFEFE
4186	#F8EEED	#FFFFFF
4188	#FEFDFD	#FFFFFF
4189	#EBD4D0	#FEFEFE
4190	#CF9D97	#FCFCFC
4191	#E3C3BF	#FDFDFD
4192	#EFECF6	#FEFEFE
4193	#F7EDEC	#FEFEFE
4194	#F0DCDA	#FEFEFE
4195	#FBF6F6	#FFFFFF
4196	#F6F5FA	#FFFFFF
4197	#E4E0F0	#FEFEFE
4198	#F6F5FA	#FFFFFF
4199	#DDD8EC	#FEFEFE
4200	#D7D2E9	#FDFDFD
4201	#EBE9F4	#FEFEFE
4202	#E2C1BC	#FDFDFD
4203	#F7ECEB	#FFFFFF
4204	#FDFAFA	#FFFFFF
4205	#D9AFAA	#FDFDFD
4206	#CC9790	#FCFCFC
4207	#E1BEBA	#FEFEFE
4208	#E1BEB9	#FEFEFE
4209	#ECD6D3	#FEFEFE
4210	#E1BEB9	#FDFDFD
4211	#B7AFD8	#FDFDFD
4212	#FBFBFD	#FFFFFF
4213	#F9F9FC	#FFFFFF
4214	#C4BDDF	#FCFCFC
4215	#FBFAFD	#FFFFFF
4216	#EFEDF6	#FEFEFE
4217	#F6F5FA	#FFFFFF
4218	#E4E1F0	#FEFEFE
4219	#FBFAFD	#FFFFFF
4220	#EFDCD9	#FEFEFE
4221	#DEDAED	#FDFDFD
4222	#D4CEE7	#FDFDFD
4223	#FCFCFE	#FFFFFF
4224	#FCF7F6	#FFFFFF
4225	#F1E0DE	#FEFEFE
4226	#EAE7F4	#FEFEFE
4227	#F6F5FA	#FFFFFF
4228	#EFDCDA	#FEFEFE
4229	#F7ECEA	#FFFFFF
4230	#E5E1F1	#FEFEFE
4231	#F9F9FC	#FFFFFF
4232	#ECE9F5	#FEFEFE
4233	#C3BBDE	#FDFDFD
4234	#C9928B	#FBFBFB
4235	#F4E5E3	#FEFEFE
4236	#ECE9F5	#FEFEFE
4237	#DDD9ED	#FDFDFD
4238	#F7ECEB	#FFFFFF
4239	#EEDAD7	#FEFEFE
4240	#FEFCFC	#FFFFFF
4241	#C9928B	#FBFBFB
4242	#FAF4F3	#FFFFFF
4244	#F1E0DE	#FEFEFE
4245	#F1E0DE	#FEFEFE
4246	#EEECF6	#FFFFFF
4247	#F9F8FC	#FFFFFF
4248	#E9CECB	#FEFEFE
4250	#FBF7F6	#FFFFFF
4251	#E5E2F1	#FEFEFE
4252	#B7AFD8	#FDFDFD
4253	#B8AFD8	#FDFDFD
4254	#DCD7EC	#FEFEFE
4255	#D4CEE7	#FDFDFD
4256	#FBF6F5	#FFFFFF
4257	#FBFAFD	#FFFFFF
4258	#F8EFED	#FFFFFF
4259	#E7E3F2	#FEFEFE
4260	#D4CEE7	#FDFDFD
4261	#E6C8C5	#FDFDFD
4262	#D4A59F	#FCFCFC
4263	#FBFAFD	#FFFFFF
4264	#F7EDEC	#FFFFFF
4265	#AFA5D3	#FCFCFC
4266	#F1DFDD	#FEFEFE
4267	#FBF6F5	#FFFFFF
4268	#DED9ED	#FDFDFD
4269	#FEFDFD	#FFFFFF
4270	#E3DFF0	#FEFEFE
4271	#EDEAF5	#FEFEFE
4272	#FFFFFF	#FFFFFF
4273	#DEDAED	#FEFEFE
4274	#F6F5FA	#FFFFFF
4275	#BEB6DC	#FCFCFC
4276	#DCB5B0	#FCFCFC
4277	#FAF9FC	#FFFFFF
4278	#DEDAED	#FEFEFE
4279	#F6F4FA	#FFFFFF
4280	#F7ECEB	#FFFFFF
4281	#DFDAEE	#FEFEFE
4282	#F7ECEA	#FFFFFF
4283	#DEDAED	#FDFDFD
4284	#FBF6F5	#FFFFFF
4285	#FAF4F3	#FFFFFF
4286	#ECD5D2	#FEFEFE
4287	#D9D4EB	#FCFCFC
4289	#E6C8C4	#FDFDFD
4290	#E1BEB9	#FDFDFD
4291	#EAE7F4	#FEFEFE
4292	#EDEAF5	#FEFEFE
4293	#FEFDFC	#FFFFFF
4294	#F5E7E5	#FEFEFE
4295	#DED9ED	#FDFDFD
4296	#EEECF6	#FEFEFE
4297	#FEFDFD	#FFFFFF
4298	#F9F8FC	#FFFFFF
4299	#D7D2EA	#FDFDFD
4300	#AEA5D3	#FCFCFC
4301	#FCF8F8	#FFFFFF
4302	#D4CFE8	#FEFEFE
4303	#DCD7EC	#FEFEFE
4304	#F4E5E3	#FEFEFE
4305	#F1E0DE	#FEFEFE
4306	#D4CEE8	#FEFEFE
4307	#F1DFDD	#FEFEFE
4308	#F8EEED	#FFFFFF
4309	#EFEDF7	#FFFFFF
4310	#EEECF6	#FEFEFE
4311	#D5CFE8	#FEFEFE
4312	#E9E6F3	#FEFEFE
4313	#E9CECA	#FEFEFE
4314	#B8AFD8	#FDFDFD
4315	#FBFAFD	#FFFFFF
4316	#DDD8EC	#FEFEFE
4317	#D5CFE8	#FDFDFD
4318	#F7F6FB	#FFFFFF
4319	#E6E3F2	#FEFEFE
4320	#E5E2F1	#FEFEFE
4321	#FBF6F5	#FFFFFF
4322	#DCD7EC	#FEFEFE
4323	#EAE7F4	#FEFEFE
4324	#FEFDFD	#FFFFFF
4325	#F9F0EF	#FFFFFF
4326	#E4E1F1	#FDFDFD
4327	#FBF6F5	#FFFFFF
4328	#F1E0DE	#FEFEFE
4329	#E8CDCA	#FEFEFE
4330	#FFFFFF	#FFFFFF
4331	#FBF6F5	#FFFFFF
4332	#FBFAFD	#FFFFFF
4333	#F8EEED	#FFFFFF
4334	#FBF7F6	#FFFFFF
4335	#E8E4F2	#FEFEFE
4336	#FAF9FC	#FFFFFF
4337	#CCC5E3	#FDFDFD
4338	#F4E6E4	#FEFEFE
4339	#C3BBDE	#FDFDFD
4340	#F7ECEB	#FFFFFF
4341	#FBFBFD	#FFFFFF
4342	#EED9D6	#FEFEFE
4343	#DCD7EC	#FEFEFE
4345	#F9F8FC	#FFFFFF
4346	#FBFAFD	#FFFFFF
4347	#F9F1F0	#FFFFFF
4348	#D7D2E9	#FDFDFD
4349	#EBD4D0	#FEFEFE
4350	#FEFCFC	#FFFFFF
4351	#F7EDEB	#FFFFFF
4352	#F8EEED	#FFFFFF
4353	#F1E0DD	#FEFEFE
4354	#FDFAFA	#FFFFFF
4355	#FAFAFD	#FFFFFF
4356	#F8EEED	#FFFFFF
4357	#EFEDF7	#FEFEFE
4358	#FAFAFC	#FFFFFF
4359	#F9F1F0	#FFFFFF
4360	#ECD4D1	#FEFEFE
4361	#F4E5E4	#FEFEFE
4362	#DCD7EC	#FEFEFE
4363	#F6EAE9	#FEFEFE
4364	#C5BEDF	#FCFCFC
4365	#DDD8EC	#FEFEFE
4366	#EBD4D0	#FEFEFE
4367	#D3A49F	#FCFCFC
4368	#E4E0F0	#FEFEFE
4369	#EEECF6	#FFFFFF
4370	#ECD5D3	#FEFEFE
4371	#DDD8ED	#FDFDFD
4372	#C4BDDF	#FCFCFC
4373	#F2F0F8	#FFFFFF
4374	#E7E4F2	#FEFEFE
4375	#FCFBFD	#FFFFFF
4376	#F3E5E3	#FEFEFE
4377	#E4E0F0	#FEFEFE
4378	#E5E1F1	#FEFEFE
4379	#F6F4FA	#FFFFFF
4380	#F2F1F8	#FFFFFF
4381	#E4E1F1	#FEFEFE
4382	#FBF6F5	#FFFFFF
4383	#DFDAED	#FEFEFE
4384	#E6C8C4	#FDFDFD
4385	#DED9ED	#FDFDFD
4386	#ECD5D2	#FEFEFE
4387	#D8D3EA	#FDFDFD
4388	#FEFDFD	#FFFFFF
4390	#EED9D6	#FEFEFE
4391	#F1DFDD	#FEFEFE
4392	#F1E0DE	#FEFEFE
4393	#F6F5FA	#FFFFFF
4394	#E9E6F3	#FEFEFE
4395	#FAF9FC	#FFFFFF
4396	#E8CDC9	#FEFEFE
4397	#FBF6F6	#FFFFFF
4398	#EAE7F4	#FEFEFE
4399	#EDEBF5	#FEFEFE
4400	#D7D2E9	#FDFDFD
4401	#FEFCFC	#FFFFFF
4402	#B7AFD8	#FDFDFD
4403	#DED9ED	#FDFDFD
4404	#F1DFDD	#FEFEFE
4405	#F1E0DE	#FEFEFE
4406	#F7EDEB	#FFFFFF
4407	#CF9D97	#FCFCFC
4408	#F6F4FA	#FFFFFF
4409	#F7ECEB	#FFFFFF
4410	#FBF6F5	#FFFFFF
4411	#E8CDCA	#FEFEFE
4412	#E1BEBA	#FEFEFE
4413	#ECD5D2	#FEFEFE
4414	#FEFDFD	#FFFFFF
4415	#F3E5E3	#FEFEFE
4416	#FBFAFD	#FFFFFF
4417	#F2F0F8	#FFFFFF
4418	#DEDAED	#FEFEFE
4419	#FBF6F5	#FFFFFF
4420	#F2F0F8	#FFFFFF
4421	#FEFCFB	#FFFFFF
4422	#ECD5D3	#FEFEFE
4423	#F2F1F8	#FFFFFF
4424	#DDD8EC	#FEFEFE
4425	#DCD7EC	#FEFEFE
4426	#F8EEED	#FFFFFF
4427	#F2F0F8	#FFFFFF
4428	#F9F1F0	#FFFFFF
4429	#E5E1F1	#FEFEFE
4430	#E5E1F1	#FEFEFE
4431	#EEECF6	#FFFFFF
4432	#F2F0F8	#FFFFFF
4433	#E9E5F3	#FEFEFE
4434	#E4E0F0	#FEFEFE
4435	#E6E3F2	#FEFEFE
4436	#F5F4FA	#FFFFFF
4437	#FDFBFB	#FFFFFF
4438	#DFDAED	#FDFDFD
4439	#DDD8EC	#FEFEFE
4440	#F0DCDA	#FEFEFE
4441	#EDEBF5	#FEFEFE
4442	#FBFAFD	#FFFFFF
4443	#F1DFDD	#FEFEFE
4444	#EFECF6	#FEFEFE
4446	#F1E0DE	#FEFEFE
4447	#F6F4FA	#FFFFFF
4448	#FCF7F7	#FFFFFF
4449	#E2C0BC	#FDFDFD
4450	#F4E5E3	#FEFEFE
4451	#DFDAED	#FEFEFE
4452	#FAF9FC	#FFFFFF
4453	#FAF9FC	#FFFFFF
4454	#E6C9C5	#FDFDFD
4455	#FAFAFC	#FFFFFF
4456	#F6EAE8	#FEFEFE
4457	#C3BBDE	#FDFDFD
4458	#FFFFFF	#FFFFFF
4459	#F8EEED	#FFFFFF
4460	#DBD6EC	#FEFEFE
4461	#F6F4FA	#FFFFFF
4462	#D4CEE7	#FDFDFD
4463	#FAF9FC	#FFFFFF
4464	#DDD8EC	#FEFEFE
4465	#EEEBF6	#FFFFFF
4466	#C3BBDE	#FDFDFD
4468	#EED9D7	#FEFEFE
4469	#F1E0DD	#FEFEFE
4470	#EED9D6	#FEFEFE
4471	#D1CAE6	#FCFCFC
4472	#F3E5E3	#FEFEFE
4473	#E6E2F1	#FEFEFE
4474	#DEDAED	#FEFEFE
4475	#FBF6F6	#FFFFFF
4476	#F3F1F8	#FFFFFF
4477	#F9F9FC	#FFFFFF
4478	#F6F5FA	#FFFFFF
4479	#FAF9FC	#FFFFFF
4480	#F6F5FA	#FFFFFF
4481	#EDEAF5	#FEFEFE
4482	#FBFBFD	#FFFFFF
4483	#F4E6E4	#FEFEFE
4484	#E4E1F1	#FEFEFE
4485	#B7AFD8	#FDFDFD
4486	#F9F1F0	#FFFFFF
4487	#FBF6F5	#FFFFFF
4488	#FBF7F6	#FFFFFF
4489	#E8E5F3	#FEFEFE
4491	#FAF9FC	#FFFFFF
4492	#F1E0DD	#FEFEFE
4493	#EFDBD9	#FEFEFE
4494	#FBF6F5	#FFFFFF
4495	#F9F2F1	#FFFFFF
4496	#ECD4D1	#FDFDFD
4497	#D4CFE8	#FDFDFD
4498	#F7ECEB	#FFFFFF
4499	#F6F5FA	#FFFFFF
4500	#D4CFE8	#FDFDFD
4501	#EEECF6	#FFFFFF
4502	#DFBAB5	#FCFCFC
4503	#E5E2F1	#FEFEFE
4504	#FBFBFD	#FFFFFF
4505	#F8EEED	#FFFFFF
4506	#EEECF6	#FEFEFE
4507	#F7ECEB	#FFFFFF
4508	#ECD6D3	#FEFEFE
4509	#FFFEFE	#FFFFFF
4510	#F1E0DD	#FEFEFE
4512	#D4CEE8	#FEFEFE
4513	#B7AFD8	#FDFDFD
4514	#FAFAFC	#FFFFFF
4515	#EFECF6	#FEFEFE
4516	#E6C8C4	#FDFDFD
4517	#FAF9FC	#FFFFFF
4518	#CF9D97	#FCFCFC
4519	#EAE8F4	#FEFEFE
4520	#EBD3D0	#FDFDFD
4521	#F1DFDD	#FEFEFE
4522	#EED9D6	#FEFEFE
4523	#E8E5F3	#FEFEFE
4524	#E1DDEF	#FDFDFD
4525	#EBE9F4	#FEFEFE
4526	#E5E2F1	#FEFEFE
4527	#FEFDFD	#FFFFFF
4528	#EFEDF6	#FEFEFE
4529	#FEFDFD	#FFFFFF
4530	#F7EDEC	#FEFEFE
4531	#F7ECEB	#FFFFFF
4532	#F1DEDC	#FEFEFE
4533	#FEFDFD	#FFFFFF
4534	#A89ECF	#FBFBFB
4535	#E9CECA	#FEFEFE
4536	#E5E1F1	#FEFEFE
4537	#EFECF6	#FFFFFF
4538	#EEECF6	#FFFFFF
4539	#D3A49F	#FCFCFC
4540	#DFDAEE	#FDFDFD
4541	#F1E0DD	#FEFEFE
4542	#FCF7F7	#FFFFFF
4543	#F6F5FA	#FFFFFF
4544	#EEECF6	#FFFFFF
4545	#DFBCB7	#FCFCFC
4548	#F0DEDB	#FEFEFE
4549	#CB968F	#FCFCFC
4550	#F4E6E4	#FEFEFE
4551	#E8E5F3	#FEFEFE
4552	#EFEDF7	#FFFFFF
4553	#FBF6F5	#FFFFFF
4554	#FFFEFE	#FFFFFF
4555	#CC9790	#FCFCFC
4556	#E9E5F3	#FEFEFE
4557	#EED9D6	#FEFEFE
4558	#FBF6F5	#FFFFFF
4559	#E7CBC8	#FDFDFD
4560	#EED9D7	#FEFEFE
4561	#FBF6F5	#FFFFFF
4562	#CCC5E3	#FDFDFD
4563	#FBF7F6	#FFFFFF
4564	#EEECF6	#FEFEFE
4565	#F4E5E3	#FEFEFE
4566	#FEFDFD	#FFFFFF
4567	#E2DEEF	#FDFDFD
4568	#AFA5D3	#FCFCFC
4569	#F9F8FC	#FFFFFF
4570	#FEFEFE	#FFFFFF
4571	#CCC5E3	#FCFCFC
4572	#E1BEB9	#FDFDFD
4573	#EDEBF5	#FEFEFE
4574	#F3E5E3	#FEFEFE
4575	#F6EBE9	#FFFFFF
4576	#F4E5E4	#FEFEFE
4577	#B7AFD8	#FDFDFD
4578	#E6E2F1	#FEFEFE
4579	#FBFBFD	#FFFFFF
4580	#EFDCDA	#FEFEFE
4581	#F9F9FC	#FFFFFF
4582	#FBF6F5	#FFFFFF
4583	#E9CECA	#FEFEFE
4584	#E6E3F2	#FEFEFE
4585	#DEDAED	#FDFDFD
4586	#DED9ED	#FDFDFD
4587	#F5E7E6	#FEFEFE
4588	#F6F5FA	#FFFFFF
4589	#FDFBFA	#FFFFFF
4590	#DFBBB7	#FCFCFC
4592	#F7EDEC	#FEFEFE
4593	#FBF6F5	#FFFFFF
4594	#FCF8F7	#FFFFFF
4595	#ECD5D2	#FEFEFE
4596	#FBFAFD	#FFFFFF
4598	#F1E0DD	#FEFEFE
4599	#E4C4C0	#FDFDFD
4600	#E5E1F1	#FEFEFE
4601	#DFBBB7	#FCFCFC
4602	#F1E0DD	#FEFEFE
4603	#EED9D6	#FEFEFE
4604	#D3CDE7	#FCFCFC
4605	#FDF9F9	#FFFFFF
4606	#D9B0AA	#FDFDFD
4607	#DDD8ED	#FEFEFE
4608	#EEEBF6	#FEFEFE
4609	#F9F1F0	#FFFFFF
4610	#FCFCFE	#FFFFFF
4611	#FEFDFD	#FFFFFF
4612	#F7F6FB	#FFFFFF
4613	#D9B0AA	#FDFDFD
4614	#E9E6F3	#FEFEFE
4615	#E4E0F0	#FEFEFE
4616	#E4E0F0	#FEFEFE
4617	#FBFAFD	#FFFFFF
4618	#FBFAFD	#FFFFFF
4619	#E5E1F1	#FEFEFE
4620	#F9F1F0	#FFFFFF
4621	#E8CDCA	#FDFDFD
4622	#CCC5E3	#FDFDFD
4623	#F7ECEB	#FFFFFF
4624	#DCD7EC	#FEFEFE
4625	#E4E0F0	#FEFEFE
4626	#E6E2F1	#FEFEFE
4627	#F7ECEB	#FFFFFF
4628	#EFECF6	#FEFEFE
4629	#FFFFFF	#FFFFFF
4630	#E5E1F1	#FEFEFE
4631	#C68E87	#FBFBFB
4632	#FBF6F5	#FFFFFF
4633	#FBF6F5	#FFFFFF
4634	#EEECF6	#FEFEFE
4635	#F4E6E4	#FEFEFE
4636	#EFECF6	#FEFEFE
4637	#FFFFFF	#FFFFFF
4638	#F1E0DE	#FEFEFE
4639	#CCC5E3	#FDFDFD
4640	#CCC5E3	#FDFDFD
4641	#F9F9FC	#FFFFFF
4642	#E2C0BC	#FDFDFD
4643	#FEFCFC	#FFFFFF
4644	#F9F1F0	#FFFFFF
4645	#F9F8FC	#FFFFFF
4646	#F7EEEC	#FFFFFF
4650	#E4E0F0	#FEFEFE
4651	#F7EDEC	#FFFFFF
4652	#AEA5D3	#FCFCFC
4653	#DDD8EC	#FEFEFE
4654	#E4E0F0	#FEFEFE
4655	#FAF9FC	#FFFFFF
4656	#F7ECEB	#FFFFFF
4657	#E6C8C4	#FDFDFD
4658	#E9E6F3	#FEFEFE
4659	#F1E1DE	#FEFEFE
4660	#E9D0CC	#FDFDFD
4661	#EEECF6	#FFFFFF
4662	#B8AFD8	#FDFDFD
4663	#FBF6F6	#FFFFFF
4664	#E8E5F3	#FEFEFE
4665	#ECD5D2	#FEFEFE
4666	#F7ECEA	#FFFFFF
4667	#F6F5FA	#FFFFFF
4668	#FBFBFD	#FFFFFF
4669	#F6EAE9	#FEFEFE
4670	#E5E1F1	#FEFEFE
4671	#EAE7F4	#FEFEFE
4672	#A197CC	#FBFBFB
4673	#EFECF6	#FEFEFE
4674	#B7AFD8	#FDFDFD
4675	#EEECF6	#FFFFFF
4676	#DDD8EC	#FEFEFE
4677	#F1DFDD	#FEFEFE
4678	#F6F5FA	#FFFFFF
4679	#FBFAFD	#FFFFFF
4680	#FBF5F4	#FFFFFF
4681	#F1E0DD	#FEFEFE
4682	#F6E9E8	#FEFEFE
4683	#F6EAE9	#FEFEFE
4684	#E8CDC9	#FEFEFE
4685	#FEFDFD	#FFFFFF
4686	#F7EDEC	#FFFFFF
4687	#FFFEFE	#FFFFFF
4688	#AFA6D3	#FCFCFC
4689	#FBFAFD	#FFFFFF
4690	#DED9ED	#FDFDFD
4691	#FBFBFD	#FFFFFF
4693	#F7EDEB	#FFFFFF
4694	#E8E4F2	#FEFEFE
4695	#E6E2F1	#FEFEFE
4696	#F0DCDA	#FEFEFE
4697	#FBF7F6	#FFFFFF
4699	#E1BEBA	#FEFEFE
4700	#EBD4D0	#FEFEFE
4701	#E1BEB9	#FEFEFE
4702	#F1DFDD	#FEFEFE
4703	#E5C7C3	#FDFDFD
4704	#FFFFFF	#FFFFFF
4705	#F0DDDA	#FEFEFE
4706	#F2F1F8	#FFFFFF
4707	#B8AFD8	#FDFDFD
4708	#F6EAE9	#FEFEFE
4709	#E9CECB	#FEFEFE
4710	#F9F1F0	#FFFFFF
4711	#F8EEED	#FFFFFF
4712	#E9E6F3	#FEFEFE
4713	#FBFAFD	#FFFFFF
4714	#FCFBFD	#FFFFFF
4715	#CC9790	#FCFCFC
4716	#D9B0AA	#FDFDFD
4717	#F1E0DD	#FEFEFE
4718	#CC9791	#FCFCFC
4719	#F4E6E4	#FEFEFE
4720	#FBF6F5	#FFFFFF
4721	#F9F8FC	#FFFFFF
4722	#EED9D6	#FEFEFE
4723	#FAF9FC	#FFFFFF
4724	#FAF9FC	#FFFFFF
4725	#F1E0DD	#FEFEFE
4726	#F7ECEB	#FFFFFF
4727	#C3BBDE	#FDFDFD
4728	#EAD2CE	#FDFDFD
4729	#FAF9FC	#FFFFFF
4730	#EDEBF5	#FEFEFE
4731	#F8EEEC	#FFFFFF
4732	#FEFDFD	#FFFFFF
4733	#F9F8FC	#FFFFFF
4734	#EAE7F4	#FEFEFE
4735	#EAE7F4	#FEFEFE
4736	#E8CDCA	#FEFEFE
4737	#F4E5E3	#FEFEFE
4738	#D0CAE6	#FCFCFC
4739	#F7F6FB	#FFFFFF
4740	#FCF9F8	#FFFFFF
4741	#ECD6D3	#FEFEFE
4742	#FAF9FC	#FFFFFF
4743	#F2F0F8	#FEFEFE
4744	#E4C4C0	#FDFDFD
4745	#F6F5FA	#FFFFFF
4746	#E6C9C5	#FDFDFD
4747	#FEFDFD	#FFFFFF
4749	#EBD4D0	#FEFEFE
4751	#F1DFDD	#FEFEFE
4752	#F7EDEC	#FFFFFF
4753	#FBF6F6	#FFFFFF
4754	#E4C4C0	#FDFDFD
4755	#F0DCDA	#FEFEFE
4756	#C9928C	#FBFBFB
4757	#F1DEDC	#FEFEFE
4758	#F9F1F0	#FFFFFF
4759	#E5E1F1	#FEFEFE
4760	#FAF9FC	#FFFFFF
4762	#F8EEED	#FFFFFF
4763	#FBFAFD	#FFFFFF
4764	#FEFDFD	#FFFFFF
4765	#F6F5FA	#FFFFFF
4766	#E4C4C0	#FDFDFD
4767	#E4E1F1	#FEFEFE
4768	#E4E1F1	#FEFEFE
4769	#F6F5FA	#FFFFFF
4770	#DDD9ED	#FEFEFE
4771	#FFFFFF	#FFFFFF
4772	#E0BEB9	#FDFDFD
4773	#FAF9FC	#FFFFFF
4774	#FCFBFD	#FFFFFF
4775	#F4E5E3	#FEFEFE
4776	#EEECF6	#FFFFFF
4777	#FAF9FC	#FFFFFF
4778	#FBF6F6	#FFFFFF
4779	#F8EEED	#FFFFFF
4780	#FBFAFD	#FFFFFF
4781	#FBF6F5	#FFFFFF
4782	#F2F0F8	#FFFFFF
4783	#F1E0DE	#FEFEFE
4784	#FBF6F6	#FFFFFF
4785	#FBF6F5	#FFFFFF
4786	#C2867F	#FAFAFA
4787	#E6C8C4	#FDFDFD
4788	#EFEDF6	#FEFEFE
4789	#F6F5FA	#FFFFFF
4790	#EFEDF6	#FEFEFE
4791	#E7E4F2	#FEFEFE
4792	#CDC7E4	#FCFCFC
4794	#F6EAE8	#FEFEFE
4795	#ECD4D1	#FDFDFD
4796	#F4E5E3	#FEFEFE
4797	#EEECF6	#FFFFFF
4798	#FBF6F6	#FFFFFF
4799	#EBD4D0	#FEFEFE
4800	#EBD4D0	#FEFEFE
4801	#E1BEB9	#FEFEFE
4802	#ECD5D2	#FEFEFE
4803	#F1E0DD	#FEFEFE
4804	#EAE7F4	#FEFEFE
4805	#FBFAFD	#FFFFFF
4806	#E9CECB	#FEFEFE
4807	#FBFAFD	#FFFFFF
4808	#E8E5F3	#FEFEFE
4809	#EFECF6	#FFFFFF
4810	#FBF6F5	#FFFFFF
4811	#ECD6D3	#FEFEFE
4812	#F1E0DE	#FEFEFE
4813	#F2F0F8	#FFFFFF
4814	#FBF6F5	#FFFFFF
4815	#FDF9F9	#FFFFFF
4816	#F8EEED	#FEFEFE
4817	#F6F5FA	#FFFFFF
4818	#B7AFD8	#FDFDFD
4819	#EAE8F4	#FEFEFE
4820	#EED9D6	#FEFEFE
4821	#EDEAF5	#FEFEFE
4822	#F4E6E4	#FEFEFE
4823	#F9F2F1	#FFFFFF
4824	#FEFCFC	#FFFFFF
4825	#ECD4D1	#FEFEFE
4826	#F6EAE9	#FEFEFE
4827	#FBFBFD	#FFFFFF
4828	#F4E6E4	#FEFEFE
4829	#FAF4F4	#FFFFFF
4830	#FAF9FC	#FFFFFF
4831	#AFA5D3	#FCFCFC
4832	#F1DFDD	#FEFEFE
4833	#F7EDEC	#FEFEFE
4834	#EFECF6	#FEFEFE
4835	#EDEBF5	#FEFEFE
4836	#F6EAE8	#FEFEFE
4837	#D4A5A0	#FCFCFC
4838	#EFEDF6	#FEFEFE
4839	#FFFEFE	#FFFFFF
4840	#F3E4E2	#FEFEFE
4841	#FFFFFF	#FFFFFF
4842	#D3CEE7	#FCFCFC
4843	#C7C0E0	#FCFCFC
4844	#F4E6E4	#FEFEFE
4845	#EFDCDA	#FEFEFE
4846	#F9F1F0	#FFFFFF
4847	#FAF9FC	#FFFFFF
4848	#FBF6F5	#FFFFFF
4850	#EBD4D0	#FEFEFE
4851	#E1BEBA	#FEFEFE
4852	#ECD6D3	#FEFEFE
4853	#F6F5FA	#FFFFFF
4854	#F9F1F0	#FFFFFF
4855	#DEBAB5	#FCFCFC
4856	#F1E0DE	#FEFEFE
4857	#F7EDEC	#FFFFFF
4858	#F9F9FC	#FFFFFF
4859	#F6F5FA	#FFFFFF
4860	#D5CFE8	#FEFEFE
4861	#F6F5FA	#FFFFFF
4863	#EDEAF5	#FEFEFE
4864	#C9928B	#FBFBFB
4865	#FBFBFD	#FFFFFF
4866	#F4E6E4	#FEFEFE
4867	#ECD5D2	#FEFEFE
4868	#F9F8FC	#FFFFFF
4869	#F9F8FC	#FFFFFF
4870	#F9F1F0	#FFFFFF
4871	#C4BDDF	#FCFCFC
4872	#F8EEED	#FFFFFF
4873	#EBD4D0	#FEFEFE
4874	#EFECF6	#FFFFFF
4875	#FBFBFD	#FFFFFF
4876	#F4E6E4	#FEFEFE
4877	#FCFBFD	#FFFFFF
4878	#E3C3BF	#FDFDFD
4879	#D4CEE8	#FEFEFE
4880	#F1DFDD	#FEFEFE
4881	#ECD4D1	#FEFEFE
4882	#CC9891	#FCFCFC
4883	#ECD6D3	#FEFEFE
4884	#F1DFDD	#FEFEFE
4885	#F9F2F1	#FFFFFF
4886	#E8CDCA	#FEFEFE
4887	#F7EDEC	#FEFEFE
4888	#ECD5D2	#FEFEFE
4889	#F7EEEC	#FFFFFF
4890	#F2F0F8	#FFFFFF
4891	#E5E1F1	#FDFDFD
4892	#ECEAF5	#FEFEFE
4893	#FDFBFB	#FFFFFF
4895	#FDFBFA	#FFFFFF
4896	#FDFBFA	#FFFFFF
4897	#FDFAFA	#FFFFFF
4898	#BF817A	#FAFAFA
4899	#F7ECEA	#FFFFFF
4900	#EBD4D0	#FEFEFE
4902	#C3BBDE	#FDFDFD
4903	#FAF4F3	#FFFFFF
4904	#FBF6F5	#FFFFFF
4905	#E9CECB	#FEFEFE
4906	#FBF7F6	#FFFFFF
4907	#F4E5E3	#FEFEFE
4908	#F1E0DE	#FEFEFE
4909	#F7EDEC	#FEFEFE
4910	#FAF9FC	#FFFFFF
4911	#DDD8EC	#FEFEFE
4912	#FBF6F5	#FFFFFF
4913	#EBD3D0	#FEFEFE
4914	#F8EEED	#FFFFFF
4915	#AFA6D3	#FCFCFC
4916	#D8D2EA	#FDFDFD
4917	#EFEDF6	#FEFEFE
4918	#FAFAFC	#FFFFFF
4919	#F4E6E4	#FEFEFE
4920	#F1E0DD	#FEFEFE
4921	#DCD7EC	#FEFEFE
4922	#F4E5E3	#FEFEFE
4923	#EBD4D0	#FEFEFE
4924	#D9B0AB	#FDFDFD
4925	#F7EDEB	#FFFFFF
4926	#F8EEED	#FFFFFF
4927	#CF9C96	#FCFCFC
4928	#F3E5E3	#FEFEFE
4929	#D4CEE7	#FDFDFD
4930	#FAF9FC	#FFFFFF
4931	#E6C8C5	#FDFDFD
4932	#DCD7EC	#FEFEFE
4933	#FFFEFE	#FFFFFF
4934	#F7F6FB	#FFFFFF
4935	#EFDCD9	#FEFEFE
4936	#F7ECEB	#FFFFFF
4937	#FDFBFB	#FFFFFF
4938	#C3BBDE	#FDFDFD
4939	#F2F0F8	#FFFFFF
4940	#EFDCD9	#FEFEFE
4941	#FBF6F5	#FFFFFF
4942	#F3F1F8	#FFFFFF
4943	#E8E5F3	#FDFDFD
4944	#F2F0F8	#FEFEFE
4945	#F9F1F0	#FFFFFF
4946	#F9F1F0	#FFFFFF
4947	#F9F1EF	#FFFFFF
4948	#E1BEBA	#FDFDFD
4949	#F8EEED	#FFFFFF
4951	#EBD4D0	#FEFEFE
4952	#E1BEBA	#FEFEFE
4953	#E9CECA	#FEFEFE
4954	#F9F8FC	#FFFFFF
4955	#F1E0DE	#FEFEFE
4956	#F7EDEB	#FEFEFE
4957	#DDD8EC	#FDFDFD
4958	#F7ECEB	#FFFFFF
4959	#DEDAED	#FEFEFE
4960	#ECD4D1	#FDFDFD
4961	#E1BEBA	#FEFEFE
4962	#F9F8FC	#FFFFFF
4963	#F1DFDD	#FEFEFE
4964	#F0DCDA	#FEFEFE
4965	#EFEDF6	#FEFEFE
4966	#C7C0E0	#FCFCFC
4967	#E3DFF0	#FEFEFE
4968	#FBF6F5	#FFFFFF
4969	#FEFEFF	#FFFFFF
4970	#FDFAFA	#FFFFFF
4971	#A79ECF	#FBFBFB
4972	#EFECF6	#FFFFFF
4973	#F7ECEB	#FFFFFF
4974	#D5CFE8	#FEFEFE
4975	#FFFEFE	#FFFFFF
4976	#E8E5F3	#FEFEFE
4977	#EED9D6	#FEFEFE
4978	#FBF6F6	#FFFFFF
4979	#F9F9FC	#FFFFFF
4980	#C3BBDE	#FDFDFD
4981	#F4E6E4	#FEFEFE
4982	#EDEBF5	#FEFEFE
4983	#ECD5D2	#FEFEFE
4985	#D9B0AB	#FDFDFD
4986	#E8E5F3	#FEFEFE
4987	#FBFAFD	#FFFFFF
4988	#FAF4F3	#FFFFFF
4989	#EED9D6	#FEFEFE
4990	#EFDCD9	#FEFEFE
4991	#FBF5F5	#FFFFFF
4992	#ECE9F5	#FEFEFE
4993	#EDEBF5	#FEFEFE
4994	#EFDCDA	#FEFEFE
4996	#FAFAFC	#FFFFFF
4997	#D3A49F	#FCFCFC
4998	#F6F5FA	#FFFFFF
4999	#FAF4F3	#FFFFFF
5000	#FCF8F8	#FFFFFF
5001	#E1BEB9	#FEFEFE
5002	#EBD4D0	#FEFEFE
5003	#EBD3D0	#FEFEFE
5004	#FBF6F5	#FFFFFF
5005	#EED9D6	#FEFEFE
5006	#F4E6E4	#FEFEFE
5007	#CBC5E3	#FDFDFD
5008	#EFECF6	#FFFFFF
5009	#FEFDFD	#FFFFFF
5010	#F3E5E3	#FEFEFE
5011	#D4CEE7	#FDFDFD
5012	#F4E6E4	#FEFEFE
5013	#EAE7F3	#FEFEFE
5014	#D3A59F	#FCFCFC
5015	#FBF7F6	#FFFFFF
5016	#D9AFAA	#FDFDFD
5017	#E1BEB9	#FEFEFE
5018	#EEECF6	#FFFFFF
5019	#FFFEFE	#FFFFFF
5020	#EED9D6	#FEFEFE
5021	#FBFAFD	#FFFFFF
5022	#F9F0EF	#FFFFFF
5023	#CDC7E4	#FCFCFC
5024	#EEEBF6	#FFFFFF
5025	#EBD3D0	#FEFEFE
5026	#CCC5E3	#FDFDFD
5027	#CF9D97	#FCFCFC
5028	#FEFDFC	#FFFFFF
5029	#FAF9FC	#FFFFFF
5030	#F1E0DD	#FEFEFE
5031	#FFFEFE	#FFFFFF
5032	#F1E0DE	#FEFEFE
5033	#F9F8FC	#FFFFFF
5034	#F7EDEB	#FFFFFF
5035	#ECD6D3	#FEFEFE
5036	#FAF9FC	#FFFFFF
5037	#F1E0DE	#FEFEFE
5038	#F1E0DE	#FEFEFE
5039	#F4E6E4	#FEFEFE
5040	#FDFAFA	#FFFFFF
5041	#F6F5FA	#FFFFFF
5042	#EFDCD9	#FEFEFE
5043	#FCFCFD	#FFFFFF
5044	#EFEDF6	#FEFEFE
5045	#FCFBFD	#FFFFFF
5046	#F6F5FA	#FFFFFF
5047	#F9F9FC	#FFFFFF
5048	#FCF7F7	#FFFFFF
5049	#E8E4F2	#FEFEFE
5050	#F9F2F1	#FFFFFF
