group	fill	colour
1	#FEFDFD	#FFFFFF
2	#E4E1F1	#FDFDFD
3	#E8E4F2	#FEFEFE
4	#EED9D6	#FBFBFB
5	#FCF9F9	#FFFFFF
6	#FDFBFA	#FFFFFF
7	#ECE9F5	#FDFDFD
8	#DFDAED	#FBFBFB
9	#F7F6FB	#FEFEFE
10	#E6E2F1	#FCFCFC
11	#F6EBE9	#FEFEFE
12	#FEFEFF	#FFFFFF
13	#FAF4F3	#FEFEFE
14	#F1E0DD	#FEFEFE
15	#F5F3F9	#FEFEFE
16	#FFFEFE	#FFFFFF
17	#FDFDFE	#FFFFFF
18	#F4E6E4	#FDFDFD
19	#F5E8E7	#FEFEFE
20	#F9F1F0	#FEFEFE
21	#F4E6E4	#FEFEFE
22	#F9F0EF	#FEFEFE
23	#E1BEB9	#FDFDFD
24	#CC9791	#FCFCFC
25	#FBF5F5	#FFFFFF
26	#F8EFEE	#FEFEFE
27	#F3E4E2	#FDFDFD
28	#F0DDDB	#FDFDFD
29	#F8F7FB	#FEFEFE
30	#FCFBFD	#FFFFFF
31	#F3E5E3	#FDFDFD
32	#F3F1F8	#FEFEFE
33	#F6F4FA	#FEFEFE
34	#FCF8F7	#FFFFFF
35	#F6EBEA	#FEFEFE
36	#EEECF6	#FEFEFE
37	#EBD2CF	#FCFCFC
38	#F3F1F8	#FEFEFE
39	#FCFCFE	#FFFFFF
40	#FEFEFE	#FFFFFF
41	#FBF6F6	#FFFFFF
42	#F2F0F8	#FEFEFE
43	#FFFEFE	#FFFFFF
44	#CEC7E4	#F8F8F8
45	#FDFDFE	#FFFFFF
46	#F8F7FB	#FFFFFF
47	#F8F0EF	#FEFEFE
48	#E9E6F3	#FDFDFD
49	#F4F2F9	#FEFEFE
50	#FDFAFA	#FFFFFF
52	#FDFAF9	#FFFFFF
53	#FDFDFE	#FFFFFF
54	#F0DCDA	#FBFBFB
55	#F6EAE8	#FCFCFC
56	#FFFFFF	#FFFFFF
57	#FDFAF9	#FFFFFF
58	#FAF4F4	#FEFEFE
59	#E9E5F3	#FCFCFC
60	#FFFEFE	#FFFFFF
61	#FFFFFF	#FFFFFF
62	#FCFBFD	#FFFFFF
63	#F2F1F8	#FEFEFE
64	#F6F5FA	#FFFFFF
65	#E7E3F2	#FDFDFD
66	#F8EFEE	#FEFEFE
67	#F9F8FC	#FFFFFF
68	#FCF7F7	#FFFFFF
69	#FDFBFB	#FFFFFF
70	#F7F6FB	#FFFFFF
71	#FDFCFE	#FFFFFF
72	#F2E3E1	#FEFEFE
73	#ECD6D3	#FDFDFD
74	#BC7D76	#FAFAFA
75	#F4F3F9	#FEFEFE
76	#E2C0BC	#FDFDFD
77	#F5E8E7	#FEFEFE
78	#F7ECEB	#FEFEFE
79	#FDFBFB	#FFFFFF
80	#F3E3E1	#FEFEFE
81	#FFFFFF	#FFFFFF
82	#F6EAE9	#FEFEFE
83	#FEFDFD	#FFFFFF
84	#FEFCFC	#FFFFFF
85	#FEFDFD	#FFFFFF
86	#F4F2F9	#FEFEFE
87	#FAF4F3	#FFFFFF
88	#F6E9E8	#FEFEFE
89	#FCF8F8	#FFFFFF
90	#E4C5C1	#FCFCFC
91	#F8F7FB	#FFFFFF
92	#EDEBF5	#FEFEFE
93	#F4E5E3	#FEFEFE
94	#E9E6F3	#FDFDFD
95	#E8E4F2	#FEFEFE
97	#F0EEF7	#FEFEFE
98	#FDFDFE	#FFFFFF
99	#F8EEED	#FEFEFE
100	#F1EFF7	#FEFEFE
101	#E6E3F1	#FDFDFD
102	#FDFDFE	#FFFFFF
103	#F2F0F8	#FEFEFE
104	#FAF4F3	#FFFFFF
105	#FCFCFE	#FFFFFF
106	#FBF6F5	#FEFEFE
107	#FCF7F6	#FFFFFF
108	#FDFAF9	#FFFFFF
109	#EDEAF5	#FEFEFE
110	#FDFBFB	#FFFFFF
111	#F9F1F0	#FEFEFE
112	#EBD2CF	#FBFBFB
113	#FAFAFC	#FFFFFF
114	#F8F7FB	#FFFFFF
115	#FEFCFC	#FFFFFF
116	#FCFCFE	#FFFFFF
117	#E9CECB	#F9F9F9
118	#FFFEFE	#FFFFFF
119	#F2F0F8	#FEFEFE
120	#F8F7FB	#FFFFFF
121	#EFDCDA	#FDFDFD
122	#FAF9FC	#FFFFFF
123	#F4E6E5	#FEFEFE
124	#F3E3E1	#FDFDFD
125	#EED9D6	#FDFDFD
126	#EDEAF5	#FEFEFE
127	#E4C4C0	#FCFCFC
128	#EED9D6	#FDFDFD
129	#ECD6D3	#FCFCFC
130	#FBFBFD	#FFFFFF
131	#F9F1F0	#FEFEFE
132	#FCFCFE	#FFFFFF
133	#F8F0EF	#FEFEFE
134	#F4E6E4	#FDFDFD
135	#F9F8FC	#FFFFFF
136	#FAF4F3	#FFFFFF
137	#F1EFF7	#FEFEFE
138	#F9F1F0	#FEFEFE
139	#FEFEFE	#FFFFFF
140	#EFDCD9	#FCFCFC
141	#EBE8F4	#FEFEFE
142	#E1DDEF	#FDFDFD
143	#F2E2E0	#FDFDFD
144	#F6F5FA	#FFFFFF
145	#E1DDEF	#FCFCFC
146	#FBFBFD	#FFFFFF
147	#F7F6FB	#FFFFFF
148	#DFDAEE	#FCFCFC
149	#F5F3F9	#FEFEFE
150	#F6F5FA	#FEFEFE
151	#FCF8F8	#FFFFFF
153	#F6F4FA	#FEFEFE
154	#EAE7F4	#FEFEFE
155	#FEFCFB	#FFFFFF
156	#FEFEFF	#FFFFFF
157	#FEFDFD	#FFFFFF
158	#FFFFFF	#FFFFFF
159	#FCFBFD	#FFFFFF
160	#E5C7C3	#FCFCFC
161	#FDF9F9	#FFFFFF
162	#F9F8FC	#FFFFFF
163	#F6F5FA	#FEFEFE
164	#F0DDDB	#FCFCFC
165	#F8EFEE	#FEFEFE
166	#F9F1F0	#FEFEFE
167	#DAD5EB	#FBFBFB
168	#EAE7F3	#FDFDFD
169	#E0DCEE	#FCFCFC
170	#F7F6FB	#FEFEFE
171	#F3F1F8	#FEFEFE
172	#FDFAFA	#FFFFFF
173	#FAF3F2	#FEFEFE
174	#F3F2F9	#FEFEFE
175	#EFEDF7	#FEFEFE
176	#FEFDFC	#FFFFFF
177	#EAE7F3	#FEFEFE
178	#FCFCFD	#FFFFFF
179	#E8E4F2	#FDFDFD
180	#F8F6FB	#FFFFFF
181	#E5E1F1	#FDFDFD
182	#FCF7F6	#FFFFFF
183	#EAD1CE	#FCFCFC
184	#ECD6D3	#FDFDFD
185	#DBB4AF	#FCFCFC
186	#EAD2CE	#FDFDFD
187	#F4E7E5	#FDFDFD
188	#F9F2F1	#FFFFFF
189	#E5C6C2	#FBFBFB
190	#ECD6D3	#FDFDFD
191	#FFFFFF	#FFFFFF
192	#E7E3F2	#FDFDFD
193	#FAF4F4	#FFFFFF
194	#FEFCFC	#FFFFFF
195	#FAF9FC	#FFFFFF
196	#F8F0EE	#FEFEFE
198	#E7E4F2	#FDFDFD
199	#FDFDFE	#FFFFFF
200	#FFFEFE	#FFFFFF
201	#FAF4F3	#FFFFFF
202	#F9F1F0	#FEFEFE
203	#F5F3F9	#FEFEFE
204	#F8EEED	#FEFEFE
205	#F2E3E1	#FEFEFE
206	#F4F3F9	#FEFEFE
207	#F0DDDB	#FBFBFB
208	#F8EFED	#FEFEFE
209	#F6F5FA	#FEFEFE
210	#FBF6F5	#FEFEFE
211	#F8F7FB	#FFFFFF
212	#DDD8ED	#FCFCFC
213	#F1EFF7	#FEFEFE
214	#FAF3F2	#FEFEFE
215	#F4F2F9	#FEFEFE
216	#F6EAE9	#FEFEFE
217	#FAF9FC	#FFFFFF
218	#FAF9FC	#FFFFFF
219	#DCD7EC	#FBFBFB
220	#EFEDF7	#FEFEFE
221	#E4E0F0	#FCFCFC
222	#E2DEEF	#FDFDFD
223	#EFEDF7	#FEFEFE
224	#F2F0F8	#FEFEFE
225	#C6BFE0	#F7F7F7
226	#D7D1E9	#FAFAFA
227	#F2F0F8	#FEFEFE
228	#F4F2F9	#FEFEFE
229	#FAF9FC	#FFFFFF
230	#F7EDEC	#FEFEFE
231	#EDEBF5	#FEFEFE
232	#FBF7F6	#FFFFFF
233	#FEFCFC	#FFFFFF
234	#AF6760	#F6F6F6
235	#FAF3F2	#FFFFFF
236	#DFBAB5	#FCFCFC
237	#E2C1BC	#FDFDFD
238	#F9F0EF	#FEFEFE
239	#E2C0BB	#FBFBFB
240	#E2C0BB	#FBFBFB
241	#DFBAB5	#FBFBFB
242	#E9CECB	#FCFCFC
243	#FDFAFA	#FFFFFF
244	#FBF6F5	#FFFFFF
245	#F3E4E2	#FDFDFD
246	#E7CAC6	#FCFCFC
247	#FCF8F7	#FFFFFF
248	#F7ECEB	#FEFEFE
249	#FFFEFE	#FFFFFF
250	#FBF5F4	#FFFFFF
251	#FDFDFE	#FFFFFF
252	#FDFBFB	#FFFFFF
254	#FEFDFC	#FFFFFF
255	#F9F8FC	#FFFFFF
256	#F8EFEE	#FEFEFE
257	#F0DDDB	#FCFCFC
258	#F3E5E3	#FDFDFD
259	#F6EAE9	#FEFEFE
260	#F6E9E8	#FEFEFE
261	#F7F6FB	#FFFFFF
262	#F8F0EF	#FEFEFE
263	#F4F2F9	#FEFEFE
264	#ECD5D2	#FCFCFC
265	#FBF6F6	#FFFFFF
266	#F2F0F8	#FEFEFE
267	#ECEAF5	#FDFDFD
268	#DFDBEE	#FCFCFC
269	#EEECF6	#FEFEFE
270	#F4F2F9	#FEFEFE
271	#F6F5FA	#FEFEFE
272	#FCFCFE	#FFFFFF
273	#E6E2F1	#FDFDFD
274	#E7E4F2	#FDFDFD
275	#E6E2F1	#FDFDFD
276	#D3CEE7	#F8F8F8
277	#FEFDFD	#FFFFFF
278	#FCF7F6	#FFFFFF
279	#DBD6EC	#FBFBFB
280	#FCFBFD	#FFFFFF
281	#FFFFFF	#FFFFFF
282	#F4F3F9	#FEFEFE
283	#FAF4F4	#FFFFFF
284	#FCF8F8	#FFFFFF
285	#F7EDEB	#FEFEFE
286	#E2C0BC	#FAFAFA
287	#F4E5E3	#FEFEFE
288	#F9F8FC	#FFFFFF
289	#E7CBC7	#FCFCFC
290	#F3E4E2	#FEFEFE
291	#EAD1CE	#FDFDFD
292	#F7ECEA	#FEFEFE
293	#F5E7E5	#FEFEFE
294	#FDFAFA	#FFFFFF
295	#EAD1CE	#FDFDFD
296	#FBF5F4	#FFFFFF
297	#FBFBFD	#FFFFFF
299	#FAF3F2	#FEFEFE
300	#E7CAC6	#FBFBFB
301	#FEFDFC	#FFFFFF
302	#F6F5FA	#FEFEFE
303	#F3F1F9	#FEFEFE
304	#ECD4D1	#FAFAFA
305	#EBE8F4	#FDFDFD
306	#FDFBFB	#FFFFFF
307	#ECE9F5	#FDFDFD
308	#FEFCFC	#FFFFFF
309	#F6EBE9	#FDFDFD
310	#F7EDEC	#FEFEFE
311	#FDFDFE	#FFFFFF
312	#F1EFF8	#FEFEFE
313	#F1EFF8	#FEFEFE
314	#F9F2F1	#FEFEFE
315	#FAF4F3	#FEFEFE
316	#FEFDFD	#FFFFFF
317	#F7EDEC	#FEFEFE
318	#E1DDEF	#FDFDFD
319	#DED9ED	#FBFBFB
320	#F9F8FC	#FFFFFF
321	#FBFAFD	#FFFFFF
322	#EFECF6	#FEFEFE
323	#EFECF6	#FEFEFE
324	#E7E4F2	#FDFDFD
325	#FDFAF9	#FFFFFF
326	#F3F2F9	#FEFEFE
327	#FEFDFD	#FFFFFF
328	#F9F1F0	#FEFEFE
329	#FBFBFD	#FFFFFF
330	#EEECF6	#FEFEFE
331	#E8E5F3	#FDFDFD
332	#F1EFF8	#FEFEFE
333	#FBFAFD	#FFFFFF
334	#F8EEED	#FEFEFE
335	#FBFAFD	#FFFFFF
336	#FCF9F8	#FFFFFF
337	#D9AEA9	#FBFBFB
338	#F9F8FC	#FFFFFF
339	#FAF9FC	#FFFFFF
340	#FCFCFD	#FFFFFF
341	#F6EAE8	#FEFEFE
342	#EED9D7	#FDFDFD
343	#F8EFEE	#FEFEFE
344	#F0DDDA	#FDFDFD
345	#F6E9E8	#FEFEFE
346	#FCF9F9	#FFFFFF
347	#FDFDFE	#FFFFFF
348	#EBD2CF	#FDFDFD
349	#FCF8F8	#FFFFFF
350	#FAF3F2	#FEFEFE
351	#D3CDE7	#FBFBFB
352	#FEFDFD	#FFFFFF
353	#F7F6FB	#FEFEFE
355	#F1E0DE	#FCFCFC
356	#FEFEFF	#FFFFFF
357	#F3F2F9	#FEFEFE
358	#F9F8FC	#FFFFFF
359	#FAFAFC	#FFFFFF
360	#F8EFEE	#FEFEFE
361	#E4E1F1	#FDFDFD
362	#FBFBFD	#FFFFFF
363	#D7D1E9	#FBFBFB
364	#F9F1EF	#FEFEFE
365	#F0EEF7	#FEFEFE
366	#FBF6F5	#FEFEFE
367	#FAF3F2	#FEFEFE
368	#E4E0F0	#FDFDFD
369	#D5D0E8	#FBFBFB
370	#FBF6F5	#FFFFFF
371	#F0DEDB	#FDFDFD
372	#F5E9E7	#FEFEFE
373	#FEFCFC	#FFFFFF
374	#E4E0F0	#FCFCFC
375	#F6F4FA	#FFFFFF
376	#E6E2F1	#FDFDFD
377	#EDEBF6	#FEFEFE
378	#F3E3E1	#FDFDFD
379	#F1EFF7	#FEFEFE
380	#E9E6F3	#FDFDFD
381	#F0EEF7	#FEFEFE
382	#F6F4FA	#FEFEFE
383	#E6E2F1	#FCFCFC
384	#E3E0F0	#FCFCFC
385	#F3E4E2	#FEFEFE
386	#FDFAF9	#FFFFFF
387	#E8CDCA	#FDFDFD
388	#D4A7A1	#FAFAFA
389	#F9F8FC	#FFFFFF
390	#C68D86	#FBFBFB
391	#E7CAC6	#FDFDFD
392	#ECD4D1	#FDFDFD
393	#D3A59F	#FAFAFA
394	#FDFAFA	#FFFFFF
395	#FBFBFD	#FFFFFF
396	#F0EDF7	#FEFEFE
397	#FAFAFC	#FFFFFF
398	#FAF4F3	#FEFEFE
400	#FBF7F6	#FEFEFE
401	#F3F2F9	#FEFEFE
402	#FBF6F5	#FFFFFF
403	#FCFBFD	#FFFFFF
404	#F6F4FA	#FEFEFE
405	#E8CDCA	#F9F9F9
406	#FDFAFA	#FFFFFF
407	#F7EDEC	#FEFEFE
408	#FCFBFD	#FFFFFF
409	#F4E5E4	#FEFEFE
410	#F1DFDD	#FDFDFD
411	#FEFDFD	#FFFFFF
412	#F8F7FB	#FFFFFF
413	#E9E6F3	#FEFEFE
414	#F8EEED	#FEFEFE
415	#F6F5FA	#FEFEFE
416	#FFFFFF	#FFFFFF
417	#F0EEF7	#FEFEFE
418	#F9F8FC	#FFFFFF
419	#F9F0EF	#FEFEFE
420	#E2DFF0	#FCFCFC
421	#E5E1F1	#FDFDFD
422	#E8E4F2	#FDFDFD
423	#E2DDEF	#FCFCFC
424	#FFFFFF	#FFFFFF
425	#F1EFF7	#FEFEFE
426	#F4F3F9	#FEFEFE
427	#FEFCFC	#FFFFFF
428	#D9D4EA	#FBFBFB
429	#FDF9F9	#FFFFFF
430	#D7D2E9	#FAFAFA
431	#F1EFF8	#FEFEFE
432	#DCD7EC	#FCFCFC
433	#EFECF6	#FEFEFE
434	#F4F2F9	#FEFEFE
435	#EFECF6	#FEFEFE
436	#FBF6F6	#FFFFFF
437	#F1DFDD	#FDFDFD
438	#FBF6F5	#FFFFFF
439	#E8CCC8	#FDFDFD
440	#FAF9FC	#FFFFFF
441	#F8F7FB	#FFFFFF
442	#D3A59F	#FCFCFC
443	#EBD2CF	#FDFDFD
444	#EDD8D5	#FDFDFD
445	#F5E7E6	#FEFEFE
446	#FEFCFC	#FFFFFF
447	#F9F1EF	#FEFEFE
448	#FBFAFD	#FFFFFF
449	#ECD4D1	#FCFCFC
450	#EDD8D5	#FDFDFD
451	#FFFEFE	#FFFFFF
452	#FCF7F6	#FFFFFF
453	#E1DDEF	#FCFCFC
454	#FFFFFF	#FFFFFF
456	#FFFFFF	#FFFFFF
457	#E8E5F3	#FDFDFD
458	#F7F6FB	#FEFEFE
459	#F6EBE9	#FEFEFE
460	#EAD1CE	#FDFDFD
461	#FAF2F1	#FEFEFE
462	#F7EDEB	#FEFEFE
463	#F5E9E7	#FEFEFE
464	#E9E6F3	#FDFDFD
465	#F6F5FA	#FEFEFE
466	#EDD6D3	#FDFDFD
467	#FFFEFE	#FFFFFF
468	#F2F0F8	#FEFEFE
469	#F8EEED	#FEFEFE
470	#F7F6FB	#FFFFFF
471	#E9E6F3	#FDFDFD
472	#FDF9F9	#FFFFFF
473	#ECE9F5	#FEFEFE
474	#F7F5FA	#FFFFFF
475	#EDEAF5	#FDFDFD
476	#FCFCFD	#FFFFFF
477	#DCD8EC	#FCFCFC
478	#F0EDF7	#FEFEFE
479	#FCF8F8	#FFFFFF
480	#EFEDF7	#FEFEFE
481	#FAF4F3	#FEFEFE
482	#E9E6F3	#FDFDFD
483	#FBFAFD	#FFFFFF
484	#C9C2E2	#F9F9F9
485	#FDFBFB	#FFFFFF
486	#FAF9FC	#FFFFFF
487	#EEECF6	#FEFEFE
488	#F5E9E8	#FDFDFD
489	#F1E0DE	#FDFDFD
490	#FDFAFA	#FFFFFF
491	#FCF9F9	#FFFFFF
492	#F7ECEB	#FFFFFF
493	#E8CDCA	#FEFEFE
494	#EEDAD7	#FDFDFD
495	#F0DDDB	#FDFDFD
496	#F2E2E0	#FEFEFE
497	#F4E5E3	#FDFDFD
498	#F3E4E2	#FDFDFD
499	#F2E1DF	#FDFDFD
501	#F5F4FA	#FEFEFE
502	#F7EDEB	#FEFEFE
503	#F1E0DE	#FDFDFD
504	#EFEDF6	#FEFEFE
505	#FAF9FC	#FFFFFF
506	#EFDBD8	#FCFCFC
507	#F6F5FA	#FEFEFE
508	#E4E0F0	#FDFDFD
509	#FAF3F2	#FEFEFE
510	#F6EAE8	#FEFEFE
511	#EFDAD8	#FCFCFC
512	#F3F1F9	#FEFEFE
513	#F2F0F8	#FEFEFE
514	#EAE7F4	#FEFEFE
515	#F3E5E3	#FDFDFD
516	#FEFDFD	#FFFFFF
517	#EDEBF5	#FEFEFE
518	#EFEDF6	#FEFEFE
519	#FFFFFF	#FFFFFF
520	#FCF7F7	#FFFFFF
521	#F3F2F9	#FEFEFE
522	#F4F3F9	#FEFEFE
523	#FEFCFB	#FFFFFF
524	#EAE7F4	#FDFDFD
525	#FEFDFD	#FFFFFF
526	#F9F9FC	#FFFFFF
527	#FBFAFD	#FFFFFF
528	#C9C2E1	#F9F9F9
529	#E8E5F3	#FDFDFD
530	#F4E7E5	#FDFDFD
531	#EAE7F3	#FDFDFD
532	#EDEAF5	#FDFDFD
533	#FDFDFE	#FFFFFF
534	#FDFAFA	#FFFFFF
535	#ECE9F5	#FEFEFE
536	#F6F5FA	#FEFEFE
537	#F0EEF7	#FEFEFE
538	#EAE7F4	#FEFEFE
539	#F1DEDC	#FDFDFD
540	#E5C6C2	#FCFCFC
541	#FEFEFE	#FFFFFF
542	#DBB2AD	#FCFCFC
543	#F6E9E8	#FEFEFE
544	#F7EDEB	#FEFEFE
545	#FCF9F8	#FFFFFF
546	#F5F3F9	#FEFEFE
547	#F7EDEC	#FEFEFE
548	#F8EEED	#FEFEFE
549	#F6EBE9	#FEFEFE
550	#FCF8F8	#FFFFFF
551	#F9F8FC	#FFFFFF
552	#F1EFF7	#FEFEFE
553	#E5E1F1	#FDFDFD
554	#E0DCEE	#FCFCFC
555	#EEECF6	#FEFEFE
557	#F6F5FA	#FEFEFE
558	#FBFBFD	#FFFFFF
559	#FCF7F7	#FFFFFF
560	#FAF3F3	#FEFEFE
561	#FAF9FC	#FFFFFF
562	#EBE8F4	#FEFEFE
563	#F7ECEA	#FEFEFE
564	#FCFBFD	#FFFFFF
565	#F3E5E3	#FEFEFE
566	#DFDBEE	#FBFBFB
567	#F1EFF7	#FEFEFE
568	#F4E6E5	#FEFEFE
569	#FEFEFF	#FFFFFF
570	#FBFBFD	#FFFFFF
571	#FEFDFE	#FFFFFF
572	#F6F5FA	#FEFEFE
573	#FAF4F3	#FEFEFE
574	#F8F6FB	#FEFEFE
575	#FAF9FC	#FFFFFF
576	#F9F1F0	#FEFEFE
577	#DED9ED	#FBFBFB
578	#F0EEF7	#FEFEFE
579	#EDEAF5	#FEFEFE
580	#F1EFF7	#FEFEFE
581	#F8F7FB	#FFFFFF
582	#EAE7F4	#FDFDFD
583	#EAE7F4	#FDFDFD
584	#ECE9F5	#FEFEFE
585	#FCFBFD	#FFFFFF
586	#FEFDFE	#FFFFFF
587	#EDEAF5	#FEFEFE
588	#F0EDF7	#FEFEFE
589	#FDFDFE	#FFFFFF
590	#FDFBFB	#FFFFFF
591	#FEFCFC	#FFFFFF
592	#F6EAE8	#FEFEFE
593	#F2E1DF	#FDFDFD
594	#F0DCDA	#FEFEFE
595	#F9F2F1	#FFFFFF
596	#FFFFFF	#FFFFFF
597	#F8F7FB	#FFFFFF
598	#FCFCFE	#FFFFFF
599	#F4E7E5	#FEFEFE
600	#F6F5FA	#FEFEFE
602	#EAE7F4	#FDFDFD
603	#E8E4F2	#FDFDFD
604	#F8EFEE	#FEFEFE
605	#FBF5F4	#FFFFFF
606	#FBF6F5	#FFFFFF
607	#F9F8FC	#FFFFFF
608	#DFDBEE	#FCFCFC
609	#ECEAF5	#FEFEFE
610	#FCF7F7	#FFFFFF
611	#F0EEF7	#FEFEFE
612	#E4E0F0	#FCFCFC
613	#FDF9F9	#FFFFFF
614	#FFFFFF	#FFFFFF
615	#EED9D7	#FBFBFB
616	#F3E3E1	#FDFDFD
617	#FDFDFE	#FFFFFF
618	#DEDAED	#FCFCFC
619	#EFECF6	#FEFEFE
620	#FEFCFC	#FFFFFF
621	#FEFEFF	#FFFFFF
622	#FCF8F8	#FFFFFF
623	#D9D3EA	#FBFBFB
624	#EFEDF6	#FEFEFE
625	#E5E1F1	#FCFCFC
626	#FEFCFB	#FFFFFF
627	#F6EAE9	#FEFEFE
628	#EDEAF5	#FDFDFD
629	#E0DCEE	#FCFCFC
630	#D7D2E9	#FCFCFC
631	#EAD1CE	#FBFBFB
632	#E9E5F3	#FEFEFE
633	#EEECF6	#FEFEFE
634	#F1EFF7	#FEFEFE
635	#E6E3F2	#FDFDFD
636	#F5F3F9	#FEFEFE
637	#F5F4FA	#FEFEFE
638	#FFFEFE	#FFFFFF
639	#F4F2F9	#FEFEFE
640	#FEFEFD	#FFFFFF
641	#E4C5C1	#FCFCFC
642	#FAF4F3	#FEFEFE
643	#F5E7E5	#FEFEFE
644	#EFDBD8	#FDFDFD
645	#FCF8F7	#FFFFFF
646	#FEFDFD	#FFFFFF
647	#F7ECEA	#FEFEFE
648	#FCFCFD	#FFFFFF
649	#F2E2DF	#FEFEFE
650	#FBF6F5	#FFFFFF
651	#F4E5E3	#FEFEFE
652	#FBFAFD	#FFFFFF
653	#F4E6E4	#FEFEFE
654	#F3F2F9	#FEFEFE
655	#E5E1F1	#FDFDFD
656	#F7EDEC	#FEFEFE
658	#F6EAE9	#FEFEFE
659	#F8F7FB	#FFFFFF
660	#FCF8F8	#FFFFFF
661	#EEECF6	#FEFEFE
662	#FEFEFE	#FFFFFF
663	#F1DFDC	#FDFDFD
664	#F2F0F8	#FEFEFE
665	#FCF8F8	#FFFFFF
666	#FDFBFB	#FFFFFF
667	#FFFEFE	#FFFFFF
668	#F3F2F9	#FEFEFE
669	#FDFDFE	#FFFFFF
670	#EDEAF5	#FDFDFD
671	#EAE7F3	#FEFEFE
672	#E6E3F1	#FDFDFD
673	#FCF9F9	#FFFFFF
674	#F7ECEA	#FEFEFE
675	#F3F1F8	#FEFEFE
676	#F8EEED	#FEFEFE
677	#F9F8FC	#FFFFFF
678	#EDEBF5	#FEFEFE
679	#E4E0F0	#FCFCFC
680	#E7E3F2	#FDFDFD
681	#FCFCFD	#FFFFFF
682	#DAD5EB	#FBFBFB
683	#EEECF6	#FEFEFE
684	#F5E8E6	#FDFDFD
685	#F7F6FB	#FEFEFE
686	#F0EEF7	#FEFEFE
687	#F3F1F9	#FEFEFE
688	#F9F8FC	#FFFFFF
689	#F9F8FC	#FFFFFF
690	#EFEDF6	#FEFEFE
691	#F0EEF7	#FEFEFE
692	#F7ECEB	#FEFEFE
693	#FBFBFD	#FFFFFF
694	#F8EFEE	#FEFEFE
695	#FFFEFE	#FFFFFF
696	#EED9D6	#FEFEFE
697	#E8CDC9	#FDFDFD
698	#E5E2F1	#FEFEFE
699	#D9B0AB	#FBFBFB
700	#FEFCFC	#FFFFFF
701	#EBD3CF	#FCFCFC
703	#FDFDFE	#FFFFFF
704	#FEFCFC	#FFFFFF
705	#EAE7F3	#FDFDFD
706	#B26D66	#F7F7F7
707	#FBF7F6	#FFFFFF
708	#FDFBFB	#FFFFFF
709	#FDF9F9	#FFFFFF
710	#EEEBF6	#FEFEFE
711	#FAF3F2	#FEFEFE
712	#F8EFED	#FEFEFE
713	#FCF7F7	#FFFFFF
714	#F4F2F9	#FEFEFE
715	#FFFEFE	#FFFFFF
716	#F4E6E4	#FDFDFD
717	#F1EFF8	#FEFEFE
718	#FDF9F9	#FFFFFF
719	#F9F8FC	#FFFFFF
720	#EDEAF5	#FEFEFE
721	#FEFEFF	#FFFFFF
722	#F8F7FB	#FFFFFF
723	#F6F4FA	#FEFEFE
724	#FCFBFD	#FFFFFF
725	#FBF6F5	#FFFFFF
726	#FFFFFF	#FFFFFF
727	#FDFBFB	#FFFFFF
728	#E5E1F1	#FDFDFD
729	#EEECF6	#FEFEFE
730	#DFDAED	#FBFBFB
731	#DDD9ED	#FBFBFB
732	#F3F1F8	#FEFEFE
733	#E3DFF0	#FDFDFD
734	#CFC8E5	#FBFBFB
735	#DCD7EC	#FBFBFB
736	#E2DEF0	#FCFCFC
737	#F8F7FB	#FFFFFF
738	#FEFDFE	#FFFFFF
739	#F3F1F9	#FEFEFE
740	#FEFDFE	#FFFFFF
741	#F6F5FA	#FEFEFE
742	#F0EEF7	#FEFEFE
743	#F4E5E3	#FDFDFD
744	#F2E1DF	#FDFDFD
745	#E9CFCB	#FCFCFC
746	#FDFBFA	#FFFFFF
747	#F9F1F0	#FFFFFF
748	#FAF4F3	#FFFFFF
749	#ECEAF5	#FEFEFE
750	#F5E7E6	#FEFEFE
751	#F0DDDB	#FDFDFD
752	#F6EAE8	#FEFEFE
753	#F4F3F9	#FEFEFE
754	#FEFEFE	#FFFFFF
755	#F4F2F9	#FEFEFE
756	#FFFFFF	#FFFFFF
757	#F2E1DE	#FEFEFE
759	#F6F5FA	#FEFEFE
760	#F3F1F8	#FEFEFE
761	#F2E2E0	#FDFDFD
762	#F4F3F9	#FEFEFE
763	#F3F1F8	#FEFEFE
764	#FFFFFF	#FFFFFF
765	#FDFAFA	#FFFFFF
766	#EDEAF5	#FDFDFD
767	#FCF9F8	#FFFFFF
768	#FEFEFF	#FFFFFF
769	#EBE8F4	#FDFDFD
770	#EFEDF6	#FEFEFE
771	#FEFCFB	#FFFFFF
772	#F2F0F8	#FEFEFE
773	#FAF9FC	#FFFFFF
774	#FEFEFE	#FFFFFF
775	#F4F2F9	#FEFEFE
776	#F6E9E8	#FEFEFE
777	#F9F1F0	#FEFEFE
778	#D0CAE5	#F9F9F9
779	#E1DCEF	#FCFCFC
780	#CAC3E2	#F7F7F7
781	#E7E3F2	#FDFDFD
782	#E9E6F3	#FDFDFD
783	#E5E1F1	#FDFDFD
784	#D5CFE8	#FCFCFC
785	#ECEAF5	#FEFEFE
786	#FEFEFE	#FFFFFF
787	#FFFEFE	#FFFFFF
788	#FCF9F8	#FFFFFF
789	#F1EFF8	#FEFEFE
790	#FBF7F6	#FFFFFF
791	#FDFDFE	#FFFFFF
792	#EAE7F3	#FDFDFD
793	#F9F2F1	#FEFEFE
794	#FAF3F3	#FEFEFE
795	#F6EAE9	#FDFDFD
796	#FEFEFE	#FFFFFF
797	#FFFFFF	#FFFFFF
798	#FFFEFE	#FFFFFF
799	#FCFCFD	#FFFFFF
800	#FCF8F8	#FFFFFF
801	#FCF7F6	#FFFFFF
802	#F6EAE8	#FEFEFE
804	#EAE7F3	#FEFEFE
805	#E6E3F2	#FCFCFC
806	#FAF2F2	#FEFEFE
807	#F9F1F0	#FEFEFE
808	#FCF8F7	#FFFFFF
809	#FAF9FC	#FFFFFF
810	#F0EEF7	#FEFEFE
811	#FDFAFA	#FFFFFF
812	#EFEDF6	#FEFEFE
813	#F9F8FC	#FFFFFF
814	#FDFAFA	#FFFFFF
815	#FBFBFD	#FFFFFF
816	#E1DDEF	#FCFCFC
817	#F9F8FC	#FFFFFF
818	#FEFEFE	#FFFFFF
819	#F6EAE9	#FEFEFE
820	#F5E8E6	#FEFEFE
821	#FFFEFE	#FFFFFF
822	#F2E2E0	#FDFDFD
823	#FDFDFE	#FFFFFF
824	#FFFFFF	#FFFFFF
825	#E2DFF0	#FDFDFD
826	#F6F5FA	#FEFEFE
827	#FBF5F4	#FEFEFE
828	#FBFBFD	#FFFFFF
829	#F9F8FC	#FFFFFF
830	#F0EEF7	#FEFEFE
831	#F0EDF7	#FEFEFE
832	#D6D1E9	#FAFAFA
833	#FEFDFD	#FFFFFF
834	#F8F7FB	#FFFFFF
835	#E8E5F3	#FDFDFD
836	#D4CEE8	#FAFAFA
837	#E5E1F1	#FDFDFD
838	#FCFBFD	#FFFFFF
839	#E8E5F2	#FDFDFD
840	#FDFBFB	#FFFFFF
841	#FEFCFB	#FFFFFF
842	#FAF4F3	#FEFEFE
843	#F3E3E1	#FDFDFD
844	#FEFDFD	#FFFFFF
845	#FEFDFD	#FFFFFF
846	#F4E5E4	#FDFDFD
847	#FEFCFC	#FFFFFF
848	#FFFEFE	#FFFFFF
849	#D9B0AA	#FDFDFD
850	#E0BEB9	#FDFDFD
851	#D9B0AA	#FBFBFB
852	#FBFBFD	#FFFFFF
853	#FDFAF9	#FFFFFF
854	#EAE7F4	#FDFDFD
855	#F6F5FA	#FFFFFF
856	#FDFDFE	#FFFFFF
857	#FAF9FC	#FFFFFF
858	#FAF2F2	#FEFEFE
860	#FBF5F5	#FEFEFE
861	#E6C9C5	#FBFBFB
862	#FCF9F8	#FFFFFF
863	#F7EDEC	#FEFEFE
864	#FEFDFC	#FFFFFF
865	#FEFCFC	#FFFFFF
866	#F2F0F8	#FEFEFE
867	#FEFDFD	#FFFFFF
868	#FCFBFD	#FFFFFF
869	#FEFDFE	#FFFFFF
870	#EAD1CE	#FDFDFD
871	#F8F7FB	#FFFFFF
872	#F3E3E1	#FCFCFC
873	#F1EFF7	#FEFEFE
874	#FCF7F7	#FFFFFF
875	#FEFEFE	#FFFFFF
876	#FAFAFC	#FFFFFF
877	#FDFAFA	#FFFFFF
878	#F1EFF7	#FEFEFE
879	#D7D1E9	#FBFBFB
880	#F9F1F0	#FEFEFE
881	#D5CFE8	#FAFAFA
882	#F4E5E3	#FEFEFE
883	#EEEBF6	#FEFEFE
884	#FCF8F8	#FFFFFF
885	#D2CCE7	#FAFAFA
886	#DED9ED	#FBFBFB
887	#EAE7F4	#FDFDFD
888	#FBFAFD	#FFFFFF
889	#EBE8F4	#FDFDFD
890	#FBF7F6	#FFFFFF
891	#F8F7FB	#FFFFFF
892	#F8EFEE	#FEFEFE
893	#F7ECEB	#FEFEFE
894	#FBF7F6	#FFFFFF
895	#FBF6F5	#FFFFFF
896	#FDFDFE	#FFFFFF
897	#FCF7F6	#FFFFFF
898	#FDFBFB	#FFFFFF
899	#FDFBFA	#FFFFFF
900	#F7EDEC	#FEFEFE
901	#FBFAFD	#FFFFFF
902	#FEFDFE	#FFFFFF
903	#FCF7F7	#FFFFFF
905	#FCF8F8	#FFFFFF
906	#FDFBFA	#FFFFFF
907	#FBFBFD	#FFFFFF
908	#F6EBE9	#FEFEFE
909	#E1DDEF	#FCFCFC
910	#FAF4F4	#FEFEFE
911	#ECD4D1	#FAFAFA
912	#EED9D6	#FCFCFC
913	#E7E4F2	#FDFDFD
914	#FCF8F8	#FFFFFF
915	#F3F1F8	#FEFEFE
916	#FEFDFC	#FFFFFF
917	#E6E2F1	#FCFCFC
918	#E7E3F2	#FCFCFC
919	#F4F3F9	#FEFEFE
920	#F6F5FA	#FEFEFE
921	#FBF6F5	#FFFFFF
922	#EFEDF7	#FEFEFE
923	#FCFBFD	#FFFFFF
924	#F3E3E1	#FDFDFD
925	#FAF4F4	#FEFEFE
926	#EEECF6	#FEFEFE
927	#FEFEFF	#FFFFFF
928	#FFFEFE	#FFFFFF
929	#FEFDFD	#FFFFFF
930	#E2DEEF	#FCFCFC
931	#CEC8E5	#FAFAFA
932	#FEFCFB	#FFFFFF
933	#F7ECEB	#FEFEFE
934	#FDFBFB	#FFFFFF
935	#F7F6FB	#FFFFFF
936	#E9E5F3	#FDFDFD
937	#F5F4FA	#FFFFFF
938	#EAE7F3	#FDFDFD
939	#F4F3F9	#FEFEFE
940	#FBF6F5	#FEFEFE
941	#F3F1F9	#FEFEFE
942	#F7EDEC	#FEFEFE
943	#F2E2E0	#FDFDFD
944	#F2E3E1	#FDFDFD
945	#FEFDFC	#FFFFFF
946	#FBF7F6	#FFFFFF
947	#FDFCFE	#FFFFFF
948	#FBF5F4	#FFFFFF
949	#F9F2F1	#FEFEFE
950	#F2E2E0	#FEFEFE
951	#BE8079	#FAFAFA
952	#F0EEF7	#FEFEFE
953	#FEFEFE	#FFFFFF
954	#EFEDF6	#FEFEFE
955	#EDEBF5	#FEFEFE
956	#FCF8F8	#FFFFFF
957	#F0DEDC	#FDFDFD
958	#FDFAFA	#FFFFFF
959	#FAF4F3	#FEFEFE
961	#FAF3F2	#FFFFFF
962	#FEFDFC	#FFFFFF
963	#F2F0F8	#FEFEFE
964	#F2F0F8	#FEFEFE
965	#EEDAD7	#FCFCFC
966	#FAF4F3	#FEFEFE
967	#FBF6F5	#FFFFFF
968	#F7F6FB	#FEFEFE
969	#F9F8FC	#FFFFFF
970	#F3F1F8	#FEFEFE
971	#F2F0F8	#FEFEFE
972	#F0EEF7	#FDFDFD
973	#F4E6E4	#FEFEFE
974	#FDFAFA	#FFFFFF
975	#F9F2F1	#FEFEFE
976	#F3F1F8	#FEFEFE
977	#F3E3E1	#FEFEFE
978	#EFEDF6	#FEFEFE
979	#F6F5FA	#FEFEFE
980	#F8F7FB	#FFFFFF
981	#E7E4F2	#FDFDFD
982	#F2F0F8	#FEFEFE
983	#D4CFE8	#FBFBFB
984	#F2F0F8	#FEFEFE
985	#EEEBF6	#FEFEFE
986	#FBFAFD	#FFFFFF
987	#FDFCFE	#FFFFFF
988	#F8EEED	#FEFEFE
989	#E3E0F0	#FCFCFC
990	#F7F6FB	#FEFEFE
991	#F8F7FB	#FFFFFF
992	#F6EAE8	#FEFEFE
993	#F6EAE9	#FEFEFE
994	#FFFEFE	#FFFFFF
995	#FBFBFD	#FFFFFF
996	#F6EBE9	#FDFDFD
997	#F6EBE9	#FEFEFE
998	#F9F1F0	#FEFEFE
999	#EFDCD9	#FCFCFC
1000	#F6F5FA	#FFFFFF
1001	#E3DFF0	#FEFEFE
1002	#DEB9B4	#FCFCFC
1003	#F0DEDB	#FEFEFE
1004	#E8CDCA	#FDFDFD
1006	#FDFCFE	#FFFFFF
1007	#F9F1F0	#FEFEFE
1008	#FEFCFC	#FFFFFF
1009	#FDFDFE	#FFFFFF
1010	#FCF9F9	#FFFFFF
1011	#EEDAD7	#FCFCFC
1012	#F6F4FA	#FEFEFE
1013	#FBFAFD	#FFFFFF
1014	#EAE7F4	#FDFDFD
1015	#FCFBFD	#FFFFFF
1016	#F7ECEB	#FEFEFE
1017	#EEEBF6	#FEFEFE
1018	#EAE7F4	#FEFEFE
1019	#EEEBF6	#FDFDFD
1020	#ECD5D2	#FBFBFB
1021	#FEFCFC	#FFFFFF
1022	#FFFFFF	#FFFFFF
1023	#F4F3F9	#FEFEFE
1024	#FBF6F6	#FFFFFF
1025	#F8F7FB	#FFFFFF
1026	#F1EFF8	#FEFEFE
1027	#ECE9F5	#FDFDFD
1028	#E7E4F2	#FDFDFD
1029	#FAF4F3	#FFFFFF
1030	#FBF5F4	#FFFFFF
1031	#E9E6F3	#FEFEFE
1032	#E8E5F3	#FEFEFE
1033	#EFEDF6	#FEFEFE
1034	#EFECF6	#FEFEFE
1035	#F3E4E2	#FDFDFD
1036	#F5E9E7	#FEFEFE
1037	#ECEAF5	#FEFEFE
1038	#E8E4F2	#FDFDFD
1039	#E6E3F2	#FDFDFD
1040	#E6E2F1	#FDFDFD
1041	#F4E7E5	#FEFEFE
1042	#FCF7F7	#FFFFFF
1043	#F6EAE8	#FDFDFD
1044	#ECD5D2	#FBFBFB
1045	#F7EEEC	#FEFEFE
1046	#F7ECEA	#FEFEFE
1047	#F5E8E7	#FDFDFD
1048	#FCF9F8	#FFFFFF
1049	#EFEDF6	#FEFEFE
1050	#FEFDFC	#FFFFFF
1051	#F9F1F0	#FEFEFE
1052	#F9F8FC	#FFFFFF
1053	#F9F8FC	#FFFFFF
1054	#E4E1F1	#FEFEFE
1055	#D4CFE8	#FDFDFD
1056	#F1DFDD	#FCFCFC
1057	#FEFDFD	#FFFFFF
1058	#FDFDFE	#FFFFFF
1059	#F5E8E6	#FEFEFE
1060	#F6EAE9	#FEFEFE
1062	#FEFDFD	#FFFFFF
1063	#F9F1EF	#FEFEFE
1064	#EFEDF6	#FEFEFE
1065	#FDFDFE	#FFFFFF
1066	#FDFBFA	#FFFFFF
1067	#F1EFF7	#FEFEFE
1068	#FDFCFE	#FFFFFF
1069	#F4E6E4	#FDFDFD
1070	#F8EFEE	#FEFEFE
1071	#FBF5F4	#FFFFFF
1072	#FEFCFC	#FFFFFF
1073	#F8F6FB	#FFFFFF
1074	#EFDAD8	#FCFCFC
1075	#FEFEFF	#FFFFFF
1076	#F9F1EF	#FEFEFE
1077	#FBF7F6	#FFFFFF
1078	#FAF2F1	#FEFEFE
1079	#F5F4FA	#FFFFFF
1080	#FAF9FC	#FFFFFF
1081	#F9F8FC	#FFFFFF
1082	#FEFEFF	#FFFFFF
1083	#E5E1F1	#FDFDFD
1084	#D2CCE7	#FBFBFB
1085	#FFFFFF	#FFFFFF
1086	#E7E3F2	#FDFDFD
1087	#F1EFF8	#FEFEFE
1088	#EFEDF6	#FEFEFE
1089	#DBD6EC	#FCFCFC
1090	#EFEDF6	#FEFEFE
1091	#FFFFFF	#FFFFFF
1092	#F9F8FC	#FFFFFF
1093	#F4F2F9	#FEFEFE
1094	#FAF3F2	#FEFEFE
1095	#E7CBC7	#F9F9F9
1096	#FBF5F5	#FFFFFF
1097	#FDF9F9	#FFFFFF
1098	#FFFEFE	#FFFFFF
1099	#F9F1F0	#FEFEFE
1100	#F9F2F1	#FEFEFE
1101	#F4E5E3	#FDFDFD
1102	#F3F1F8	#FEFEFE
1103	#F6EAE8	#FEFEFE
1104	#F9F1EF	#FFFFFF
1105	#F7EDEB	#FFFFFF
1107	#EFDCD9	#FCFCFC
1108	#FCFCFE	#FFFFFF
1109	#FDFBFA	#FFFFFF
1110	#EFEDF6	#FEFEFE
1111	#E9E6F3	#FDFDFD
1112	#FAF5F4	#FEFEFE
1113	#F5E8E6	#FDFDFD
1114	#F5E9E7	#FEFEFE
1115	#FDFBFB	#FFFFFF
1116	#FFFFFF	#FFFFFF
1117	#E7E3F2	#FCFCFC
1118	#EFECF6	#FEFEFE
1119	#F3F1F9	#FEFEFE
1120	#FFFFFF	#FFFFFF
1121	#F8EEED	#FEFEFE
1122	#FDFBFB	#FFFFFF
1123	#E9E6F3	#FDFDFD
1124	#FDFDFE	#FFFFFF
1125	#F6EAE9	#FDFDFD
1126	#FAF9FC	#FFFFFF
1127	#F0EEF7	#FEFEFE
1128	#DED9ED	#FDFDFD
1129	#F6F5FA	#FEFEFE
1130	#F9F9FC	#FFFFFF
1131	#FDFCFE	#FFFFFF
1132	#F4E5E3	#FDFDFD
1133	#F3E5E3	#FEFEFE
1134	#EFEDF6	#FEFEFE
1135	#FDFBFA	#FFFFFF
1136	#FEFCFB	#FFFFFF
1137	#FDFAF9	#FFFFFF
1138	#DCD7EC	#FBFBFB
1139	#FEFEFE	#FFFFFF
1140	#F3F1F9	#FEFEFE
1141	#F1E0DE	#FEFEFE
1142	#F7F6FB	#FEFEFE
1143	#F7F6FB	#FFFFFF
1144	#F1E0DD	#FCFCFC
1145	#EAE7F4	#FDFDFD
1146	#EAD1CE	#FDFDFD
1147	#FCF9F8	#FFFFFF
1148	#FCF7F7	#FFFFFF
1149	#F6E9E8	#FEFEFE
1150	#FCF8F7	#FFFFFF
1151	#EAD2CE	#FDFDFD
1152	#FAF4F3	#FFFFFF
1153	#FBF5F4	#FFFFFF
1154	#F9F2F1	#FFFFFF
1155	#FCF7F7	#FFFFFF
1156	#ECD5D2	#FEFEFE
1157	#FDFDFE	#FFFFFF
1158	#F2F1F8	#FEFEFE
1159	#F4E6E4	#FEFEFE
1160	#FAF9FC	#FFFFFF
1161	#F9F8FC	#FFFFFF
1163	#EDD7D4	#FDFDFD
1164	#F5F3FA	#FFFFFF
1165	#FAF3F2	#FEFEFE
1166	#FBF5F4	#FEFEFE
1167	#F5F4FA	#FEFEFE
1168	#F2F1F8	#FEFEFE
1169	#EDEBF5	#FDFDFD
1170	#FDFCFE	#FFFFFF
1171	#F0EEF7	#FEFEFE
1172	#F9F9FC	#FFFFFF
1173	#F9F8FC	#FEFEFE
1174	#FDFBFA	#FFFFFF
1175	#E5E1F1	#FDFDFD
1176	#F6EAE8	#FDFDFD
1177	#FBFAFD	#FFFFFF
1178	#F6EBEA	#FEFEFE
1179	#FDFAF9	#FFFFFF
1180	#FCFCFE	#FFFFFF
1181	#EFEDF6	#FEFEFE
1182	#FCF7F6	#FFFFFF
1183	#ECD4D1	#FBFBFB
1184	#EEDAD7	#FDFDFD
1185	#F3E4E3	#FEFEFE
1186	#FAF3F2	#FFFFFF
1187	#F3E3E1	#FEFEFE
1188	#F6EAE8	#FEFEFE
1189	#F2E2E0	#FEFEFE
1190	#EDD8D5	#FCFCFC
1191	#F0DDDB	#FDFDFD
1192	#EFDCD9	#FCFCFC
1193	#FEFCFC	#FFFFFF
1194	#E9CFCC	#FAFAFA
1195	#F2E3E1	#FEFEFE
1196	#E8CCC8	#FBFBFB
1197	#F2E3E0	#FEFEFE
1198	#EDD7D4	#FCFCFC
1199	#FDFAF9	#FFFFFF
1200	#F2F0F8	#FEFEFE
1201	#FAF3F2	#FEFEFE
1202	#F9F2F1	#FEFEFE
1203	#EFEDF6	#FEFEFE
1204	#D6AAA5	#FBFBFB
1205	#F1EFF8	#FEFEFE
1206	#DDD8ED	#FCFCFC
1208	#F4F2F9	#FEFEFE
1209	#FDFDFE	#FFFFFF
1210	#F6F5FA	#FFFFFF
1211	#F0EEF7	#FEFEFE
1212	#F9F8FC	#FFFFFF
1213	#FDFCFE	#FFFFFF
1214	#FCFBFD	#FFFFFF
1215	#F4E6E5	#FEFEFE
1216	#F9F2F1	#FEFEFE
1217	#EFDAD8	#FCFCFC
1218	#EBE8F4	#FDFDFD
1219	#FFFEFE	#FFFFFF
1220	#EAE7F4	#FDFDFD
1221	#FAF9FC	#FFFFFF
1222	#FBFBFD	#FFFFFF
1223	#FBFBFD	#FFFFFF
1224	#FCF9F9	#FFFFFF
1225	#FFFFFF	#FFFFFF
1226	#F1EEF7	#FEFEFE
1227	#FCF9F8	#FFFFFF
1228	#FCF9F8	#FFFFFF
1229	#FBF7F6	#FFFFFF
1230	#F5F4FA	#FEFEFE
1231	#F7F6FB	#FFFFFF
1232	#FCF7F7	#FFFFFF
1233	#F1EFF8	#FEFEFE
1234	#EFEDF7	#FEFEFE
1235	#FBFAFD	#FFFFFF
1236	#EDD7D4	#FCFCFC
1237	#FCF8F8	#FFFFFF
1238	#EBD3D0	#FDFDFD
1239	#DDB7B2	#FCFCFC
1240	#FAF4F3	#FFFFFF
1241	#F9F0EF	#FEFEFE
1242	#FDFDFE	#FFFFFF
1243	#FCFCFD	#FFFFFF
1244	#F9F2F1	#FEFEFE
1245	#FCF8F8	#FFFFFF
1246	#FCFCFE	#FFFFFF
1247	#F8F7FB	#FFFFFF
1248	#E8E5F3	#FDFDFD
1249	#FDFBFA	#FFFFFF
1250	#FAF4F4	#FEFEFE
1251	#EDEBF5	#FEFEFE
1252	#F6F5FA	#FFFFFF
1253	#F6F4FA	#FFFFFF
1254	#FBFAFD	#FFFFFF
1255	#F4E6E4	#FDFDFD
1256	#EDEAF5	#FEFEFE
1257	#E3DFF0	#FDFDFD
1258	#F1EFF7	#FEFEFE
1259	#F9F8FC	#FFFFFF
1260	#E1DDEF	#FDFDFD
1261	#F0DEDC	#FCFCFC
1262	#F4E7E5	#FDFDFD
1264	#FAF3F2	#FEFEFE
1265	#FCF8F8	#FFFFFF
1266	#F6EBE9	#FEFEFE
1267	#FCFCFE	#FFFFFF
1268	#EAE7F3	#FDFDFD
1269	#EFEDF6	#FEFEFE
1270	#F5F4FA	#FEFEFE
1271	#FDFAFA	#FFFFFF
1272	#F8F7FB	#FEFEFE
1273	#F7F6FB	#FEFEFE
1274	#F9F1F0	#FEFEFE
1275	#EFECF6	#FEFEFE
1276	#F1EFF8	#FEFEFE
1277	#ECEAF5	#FEFEFE
1278	#F5F4FA	#FFFFFF
1279	#D2CCE6	#FAFAFA
1280	#FBFAFD	#FFFFFF
1281	#F3F1F8	#FEFEFE
1282	#DAD5EB	#FCFCFC
1283	#F5E9E8	#FEFEFE
1284	#FEFDFD	#FFFFFF
1285	#FDFBFA	#FFFFFF
1286	#F8F7FB	#FFFFFF
1287	#E8CCC9	#FBFBFB
1288	#F5F3F9	#FFFFFF
1289	#FDFAFA	#FFFFFF
1290	#F7F6FB	#FFFFFF
1291	#FDFBFB	#FFFFFF
1292	#FCFBFD	#FFFFFF
1293	#FFFEFE	#FFFFFF
1294	#EEEBF6	#FEFEFE
1295	#F2E2DF	#FDFDFD
1296	#F6EBEA	#FEFEFE
1297	#FCF8F7	#FFFFFF
1298	#FFFFFF	#FFFFFF
1299	#F3F2F9	#FEFEFE
1300	#FBF5F5	#FEFEFE
1301	#F6EAE8	#FDFDFD
1302	#EEDAD7	#FCFCFC
1303	#EED9D6	#FDFDFD
1304	#FBF7F6	#FFFFFF
1305	#DFBCB7	#FCFCFC
1306	#E6C9C5	#FDFDFD
1307	#F4E6E4	#FEFEFE
1309	#FDFAFA	#FFFFFF
1310	#F5F4FA	#FEFEFE
1311	#FDFBFB	#FFFFFF
1312	#EEEBF6	#FEFEFE
1313	#FCF8F8	#FFFFFF
1314	#FEFCFC	#FFFFFF
1315	#ECD5D2	#FBFBFB
1316	#FDFBFA	#FFFFFF
1317	#FCFBFD	#FFFFFF
1318	#FBF6F5	#FFFFFF
1319	#E7E4F2	#FDFDFD
1320	#FAF9FC	#FFFFFF
1321	#F8EFEE	#FEFEFE
1322	#F7ECEB	#FEFEFE
1323	#F6F5FA	#FEFEFE
1324	#F2F0F8	#FEFEFE
1325	#FBF5F5	#FEFEFE
1326	#F4F2F9	#FEFEFE
1327	#ECE9F5	#FEFEFE
1328	#F1EFF8	#FEFEFE
1329	#EAE7F3	#FDFDFD
1330	#FBFAFD	#FFFFFF
1331	#EAE7F4	#FDFDFD
1332	#F4F3F9	#FEFEFE
1333	#F9F1F0	#FFFFFF
1334	#FAF9FC	#FFFFFF
1335	#FBFBFD	#FFFFFF
1336	#FCFCFE	#FFFFFF
1337	#D1CCE6	#FBFBFB
1338	#F9F8FC	#FFFFFF
1339	#D5CFE8	#FCFCFC
1340	#ECE9F5	#FDFDFD
1341	#FEFCFC	#FFFFFF
1342	#F6F5FA	#FFFFFF
1343	#EFEDF7	#FEFEFE
1344	#F2F1F8	#FEFEFE
1345	#F4E6E4	#FDFDFD
1346	#FDF9F9	#FFFFFF
1347	#FAF3F2	#FEFEFE
1348	#F1E0DE	#FDFDFD
1349	#F8EFEE	#FEFEFE
1350	#E6C8C4	#F9F9F9
1351	#F0DEDC	#FCFCFC
1352	#EDD7D4	#FAFAFA
1353	#ECE9F5	#FDFDFD
1354	#FCF9F8	#FFFFFF
1355	#F7F6FB	#FFFFFF
1356	#F2F0F8	#FEFEFE
1357	#FAFAFC	#FFFFFF
1358	#F7EDEC	#FEFEFE
1359	#DEDAED	#FBFBFB
1360	#F7F6FB	#FFFFFF
1361	#F8F6FB	#FFFFFF
1362	#F0DDDA	#FDFDFD
1363	#FCF8F7	#FFFFFF
1365	#E9CECA	#FAFAFA
1366	#F2E2E0	#FCFCFC
1367	#F9F8FC	#FFFFFF
1368	#EBE8F4	#FDFDFD
1369	#F3F1F8	#FEFEFE
1370	#ECE9F5	#FEFEFE
1371	#E7E4F2	#FDFDFD
1372	#FEFEFF	#FFFFFF
1373	#FFFFFF	#FFFFFF
1374	#F0EEF7	#FEFEFE
1375	#FDFBFB	#FFFFFF
1376	#FEFDFE	#FFFFFF
1377	#F1E0DE	#FCFCFC
1378	#FDFDFE	#FFFFFF
1379	#FDFBFA	#FFFFFF
1380	#DAD5EB	#FBFBFB
1381	#E0DCEE	#FDFDFD
1382	#F1EFF7	#FEFEFE
1383	#DDD8EC	#FDFDFD
1384	#DDD8ED	#FDFDFD
1385	#F0EDF7	#FEFEFE
1386	#FEFEFF	#FFFFFF
1387	#FCF8F8	#FFFFFF
1388	#F2E2E0	#FDFDFD
1389	#FAF9FC	#FFFFFF
1390	#D9D4EA	#FCFCFC
1391	#F6F5FA	#FEFEFE
1392	#F6F5FA	#FFFFFF
1393	#F4F2F9	#FEFEFE
1394	#E8E5F3	#FDFDFD
1395	#F7ECEA	#FDFDFD
1396	#EFEDF7	#FEFEFE
1397	#F1E1DE	#FCFCFC
1398	#F7F5FA	#FEFEFE
1399	#FDFCFE	#FFFFFF
1400	#FBF6F6	#FEFEFE
1401	#DBB4AE	#F6F6F6
1402	#F8EEED	#FEFEFE
1403	#EEEBF6	#FEFEFE
1404	#FAF4F3	#FEFEFE
1405	#D4CEE8	#FCFCFC
1406	#F7EDEC	#FEFEFE
1407	#E5C8C4	#FCFCFC
1408	#FBFBFD	#FFFFFF
1410	#FCFBFD	#FFFFFF
1411	#FAF3F2	#FEFEFE
1412	#FFFFFF	#FFFFFF
1413	#FEFEFE	#FFFFFF
1414	#F6EAE9	#FEFEFE
1415	#F8F0EF	#FEFEFE
1416	#ECD4D1	#FCFCFC
1417	#FBF5F5	#FFFFFF
1418	#EBE8F4	#FDFDFD
1419	#F9F8FC	#FFFFFF
1420	#F9F1F0	#FEFEFE
1421	#FCF8F8	#FFFFFF
1422	#FEFCFC	#FFFFFF
1423	#FFFEFE	#FFFFFF
1424	#F3E4E2	#FDFDFD
1425	#F3F2F9	#FEFEFE
1426	#F8F0EE	#FEFEFE
1427	#F3F1F8	#FEFEFE
1428	#E8E5F3	#FDFDFD
1429	#FCFBFD	#FFFFFF
1430	#F5F4FA	#FEFEFE
1431	#FDFBFB	#FFFFFF
1432	#FFFFFF	#FFFFFF
1433	#F9F8FC	#FFFFFF
1434	#FCF8F7	#FFFFFF
1435	#FCF9F8	#FFFFFF
1436	#F5E9E7	#FEFEFE
1437	#F4E7E5	#FEFEFE
1438	#F5E7E6	#FEFEFE
1439	#F3F1F8	#FEFEFE
1440	#DAD5EB	#FCFCFC
1441	#F6F4FA	#FFFFFF
1442	#F0EEF7	#FEFEFE
1443	#F1EFF8	#FEFEFE
1444	#EAD1CE	#FBFBFB
1445	#F4E7E5	#FDFDFD
1446	#F9F1F0	#FEFEFE
1447	#F0EDF7	#FEFEFE
1448	#F1E0DE	#FDFDFD
1449	#F8EEED	#FDFDFD
1450	#EBE9F4	#FDFDFD
1451	#E9CFCC	#F9F9F9
1452	#F9F8FC	#FFFFFF
1453	#F3E4E2	#FEFEFE
1454	#FCF7F6	#FEFEFE
1455	#FCF7F7	#FFFFFF
1456	#EDEBF5	#FDFDFD
1457	#F7ECEB	#FEFEFE
1458	#F2F0F8	#FEFEFE
1459	#FBF7F6	#FFFFFF
1460	#FCFBFD	#FFFFFF
1461	#E3DFF0	#FCFCFC
1462	#FEFDFD	#FFFFFF
1463	#FAF2F1	#FEFEFE
1464	#F6F4FA	#FEFEFE
1466	#ECD4D1	#FDFDFD
1467	#F1DFDD	#FDFDFD
1468	#E8E4F2	#FDFDFD
1469	#E8E5F3	#FDFDFD
1470	#FCFCFE	#FFFFFF
1471	#FAF9FC	#FFFFFF
1472	#E2DEF0	#FDFDFD
1473	#F5F3F9	#FEFEFE
1474	#F2F0F8	#FEFEFE
1475	#F6F5FA	#FEFEFE
1476	#F5E9E7	#FEFEFE
1477	#E9E6F3	#FDFDFD
1478	#F3E4E2	#FDFDFD
1479	#DFDAED	#FCFCFC
1480	#F4E5E3	#FDFDFD
1481	#FEFEFF	#FFFFFF
1482	#EEECF6	#FEFEFE
1483	#FAF3F3	#FFFFFF
1484	#F8EFEE	#FEFEFE
1485	#D9D4EA	#FBFBFB
1486	#E9E6F3	#FEFEFE
1487	#EAE7F4	#FEFEFE
1488	#FCFBFD	#FFFFFF
1489	#EEDAD7	#FDFDFD
1490	#FEFEFF	#FFFFFF
1491	#FEFEFE	#FFFFFF
1492	#FAF9FC	#FFFFFF
1493	#FDFAF9	#FFFFFF
1494	#F3F2F9	#FEFEFE
1495	#F6EAE8	#FDFDFD
1496	#F8EEED	#FEFEFE
1497	#FCFCFE	#FFFFFF
1498	#ECE9F5	#FEFEFE
1499	#F2E2E0	#FCFCFC
1500	#FEFCFB	#FFFFFF
1501	#FBF5F4	#FEFEFE
1502	#FDFBFA	#FFFFFF
1503	#F6EAE9	#FDFDFD
1504	#F8EFED	#FEFEFE
1505	#E6C9C5	#FBFBFB
1506	#F2E2E0	#FDFDFD
1507	#F4E6E5	#FEFEFE
1508	#FEFCFC	#FFFFFF
1509	#F4E5E3	#FEFEFE
1511	#F6F4FA	#FEFEFE
1512	#E7E3F2	#FDFDFD
1513	#FCF9F8	#FFFFFF
1514	#FDFAF9	#FFFFFF
1515	#FAF3F2	#FEFEFE
1516	#FAF2F2	#FEFEFE
1517	#F2E1DF	#FCFCFC
1518	#FFFEFE	#FFFFFF
1519	#FFFFFF	#FFFFFF
1520	#F1EFF8	#FEFEFE
1521	#F3F1F8	#FEFEFE
1522	#EDEAF5	#FEFEFE
1523	#FEFCFC	#FFFFFF
1524	#F8F0EF	#FEFEFE
1525	#FAF9FC	#FFFFFF
1526	#F9F0EF	#FEFEFE
1527	#F5E8E6	#FEFEFE
1528	#F6F4FA	#FFFFFF
1529	#FEFDFD	#FFFFFF
1530	#F7F6FB	#FFFFFF
1531	#E7E4F2	#FDFDFD
1532	#FBF7F6	#FFFFFF
1533	#F0EEF7	#FEFEFE
1534	#EBE8F4	#FEFEFE
1535	#FBFBFD	#FFFFFF
1536	#FDFCFE	#FFFFFF
1537	#FBF7F6	#FFFFFF
1538	#ECEAF5	#FEFEFE
1539	#FBF5F4	#FEFEFE
1540	#F8F0EF	#FEFEFE
1541	#F7F6FB	#FEFEFE
1542	#FCF7F6	#FFFFFF
1543	#F4E7E5	#FEFEFE
1544	#F6EAE9	#FDFDFD
1545	#FBF5F4	#FEFEFE
1546	#FAF2F2	#FEFEFE
1547	#FAF4F3	#FEFEFE
1548	#FAFAFC	#FFFFFF
1549	#F1E0DD	#FDFDFD
1550	#F1E1DE	#FCFCFC
1551	#F7F6FB	#FFFFFF
1552	#F9F0EF	#FEFEFE
1553	#F8F0EE	#FEFEFE
1554	#EEDAD7	#FCFCFC
1555	#F3E3E1	#FDFDFD
1556	#F6EAE8	#FDFDFD
1557	#EFEDF6	#FEFEFE
1558	#FDFAFA	#FFFFFF
1559	#FEFCFC	#FFFFFF
1560	#FCF7F7	#FFFFFF
1561	#F8EFEE	#FEFEFE
1562	#FDFBFB	#FFFFFF
1563	#F1EFF7	#FEFEFE
1564	#FFFFFF	#FFFFFF
1565	#DDD9ED	#FDFDFD
1567	#F7EDEB	#FEFEFE
1568	#E4C4C0	#FAFAFA
1569	#E7E4F2	#FDFDFD
1570	#F1EFF7	#FEFEFE
1571	#FCF8F8	#FFFFFF
1572	#FDFDFE	#FFFFFF
1573	#F4E6E4	#FDFDFD
1574	#E9E6F3	#FEFEFE
1575	#F2E1DF	#FDFDFD
1576	#FCF9F8	#FFFFFF
1577	#FFFEFE	#FFFFFF
1578	#F3F1F9	#FEFEFE
1579	#F0DDDB	#FDFDFD
1580	#FDFAF9	#FFFFFF
1581	#FCFBFD	#FFFFFF
1582	#FBFAFD	#FFFFFF
1583	#FDFDFE	#FFFFFF
1584	#FCF8F7	#FFFFFF
1585	#F7ECEB	#FEFEFE
1586	#F8F6FB	#FFFFFF
1587	#F5F3F9	#FEFEFE
1588	#F6F4FA	#FFFFFF
1589	#F7F6FB	#FFFFFF
1590	#F3E3E1	#FDFDFD
1591	#F6EBEA	#FEFEFE
1592	#EDD6D3	#FDFDFD
1593	#FEFEFE	#FFFFFF
1594	#F9F8FC	#FFFFFF
1595	#FEFEFF	#FFFFFF
1596	#FEFCFC	#FFFFFF
1597	#EDD7D4	#FAFAFA
1598	#FFFEFE	#FFFFFF
1599	#F3E4E2	#FDFDFD
1600	#F5E8E6	#FDFDFD
1601	#FAF3F2	#FEFEFE
1602	#F8EFEE	#FEFEFE
1603	#FCF8F7	#FEFEFE
1604	#F6EAE8	#FDFDFD
1605	#EAD0CD	#F9F9F9
1606	#F1E0DE	#FDFDFD
1607	#FDFBFA	#FFFFFF
1608	#E6C9C5	#FAFAFA
1609	#FDFDFE	#FFFFFF
1610	#F0EEF7	#FEFEFE
1612	#F5F3F9	#FFFFFF
1613	#FAF3F3	#FEFEFE
1614	#F5E7E6	#FEFEFE
1615	#E7E3F2	#FDFDFD
1616	#EBE8F4	#FEFEFE
1617	#F9F8FC	#FFFFFF
1618	#FEFEFD	#FFFFFF
1619	#F4E5E4	#FDFDFD
1620	#FDFAFA	#FFFFFF
1621	#FDFBFB	#FFFFFF
1622	#ECEAF5	#FDFDFD
1623	#F8F0EF	#FEFEFE
1624	#FFFEFE	#FFFFFF
1625	#EEECF6	#FEFEFE
1626	#F0DEDC	#FCFCFC
1627	#FDFDFE	#FFFFFF
1628	#FFFEFE	#FFFFFF
1629	#E6E3F2	#FDFDFD
1630	#F3E4E2	#FDFDFD
1631	#F9F8FC	#FFFFFF
1632	#E7E4F2	#FDFDFD
1633	#F1EFF7	#FEFEFE
1634	#FDFBFA	#FFFFFF
1635	#EAE7F4	#FDFDFD
1636	#F3E5E3	#FEFEFE
1637	#F4F2F9	#FEFEFE
1638	#F7EDEB	#FEFEFE
1639	#F8EFED	#FEFEFE
1640	#E6E3F2	#FCFCFC
1641	#F5F4FA	#FEFEFE
1642	#DCB5B0	#FAFAFA
1643	#FBFAFD	#FFFFFF
1644	#FFFFFF	#FFFFFF
1645	#F9F1F0	#FEFEFE
1646	#FBF5F5	#FEFEFE
1647	#F1E0DE	#FCFCFC
1648	#F6EBEA	#FEFEFE
1649	#FAF3F2	#FEFEFE
1650	#F4E6E4	#FDFDFD
1651	#FDF9F9	#FFFFFF
1652	#F7F5FA	#FFFFFF
1653	#E8CDC9	#F8F8F8
1654	#F7ECEA	#FDFDFD
1655	#F3E3E1	#FDFDFD
1656	#E3C3BF	#F1F1F1
1657	#F8F0EF	#FEFEFE
1658	#FEFCFC	#FFFFFF
1659	#F7ECEB	#FEFEFE
1660	#F6ECEA	#FEFEFE
1661	#F4E6E4	#FEFEFE
1662	#FDFDFE	#FFFFFF
1663	#F0DEDC	#FDFDFD
1664	#FEFDFE	#FFFFFF
1665	#FAF3F2	#FEFEFE
1666	#ECE9F4	#FDFDFD
1668	#F6EBEA	#FEFEFE
1669	#FAF3F2	#FFFFFF
1670	#F8F7FB	#FFFFFF
1671	#FFFFFF	#FFFFFF
1672	#F6F5FA	#FEFEFE
1673	#FCFCFD	#FFFFFF
1674	#FEFEFE	#FFFFFF
1675	#FAF9FC	#FFFFFF
1676	#F3F1F8	#FEFEFE
1677	#F6F5FA	#FEFEFE
1678	#F9F1F0	#FEFEFE
1679	#F2F0F8	#FEFEFE
1680	#FCF8F8	#FFFFFF
1681	#D2CCE6	#FAFAFA
1682	#F8F7FB	#FFFFFF
1683	#EDEAF5	#FEFEFE
1684	#EEEBF6	#FEFEFE
1685	#FFFFFF	#FFFFFF
1686	#FDFAFA	#FFFFFF
1687	#F6EAE8	#FEFEFE
1688	#F2F0F8	#FEFEFE
1689	#FBF6F5	#FEFEFE
1690	#EDEAF5	#FEFEFE
1691	#E9E5F3	#FDFDFD
1692	#FAF4F3	#FFFFFF
1693	#FCFBFD	#FFFFFF
1694	#F7EDEB	#FEFEFE
1695	#F7EDEC	#FEFEFE
1696	#EFDBD8	#FCFCFC
1697	#F4E7E5	#FDFDFD
1698	#E9CFCB	#FCFCFC
1699	#EBD3D0	#FAFAFA
1700	#F8EFEE	#FEFEFE
1701	#FAF9FC	#FFFFFF
1702	#F8F7FB	#FFFFFF
1703	#FEFEFE	#FFFFFF
1704	#FAF3F2	#FEFEFE
1705	#FDFBFB	#FFFFFF
1706	#ECD4D1	#F9F9F9
1707	#E8CDC9	#F6F6F6
1708	#F8F7FB	#FFFFFF
1709	#F3E3E1	#FCFCFC
1710	#F8EFED	#FEFEFE
1711	#FBF5F4	#FFFFFF
1713	#FBF5F4	#FEFEFE
1714	#F6ECEA	#FEFEFE
1715	#FEFCFC	#FFFFFF
1716	#E4E1F1	#FDFDFD
1717	#F7F6FB	#FFFFFF
1718	#F6E9E8	#FEFEFE
1719	#F2E1DF	#FDFDFD
1720	#EBD3CF	#FCFCFC
1721	#F3F2F9	#FEFEFE
1722	#F5F4FA	#FEFEFE
1723	#E2DEEF	#FCFCFC
1724	#F8F6FB	#FFFFFF
1725	#ECE9F4	#FDFDFD
1726	#F2E2E0	#FDFDFD
1727	#FEFEFD	#FFFFFF
1728	#F8EEED	#FEFEFE
1729	#FBF5F4	#FFFFFF
1730	#F6F4FA	#FEFEFE
1731	#FDFBFB	#FFFFFF
1732	#F5F3FA	#FEFEFE
1733	#F9F1F0	#FEFEFE
1734	#FDFBFA	#FFFFFF
1735	#ECEAF5	#FEFEFE
1736	#F8F0EF	#FEFEFE
1737	#F4E7E5	#FEFEFE
1738	#FCFCFD	#FFFFFF
1739	#F6E9E8	#FEFEFE
1740	#F6EBE9	#FEFEFE
1741	#F5F4FA	#FFFFFF
1742	#FCFBFD	#FFFFFF
1743	#E7CBC7	#FAFAFA
1744	#F6EAE9	#FEFEFE
1745	#F9F1F0	#FEFEFE
1746	#F7ECEA	#FEFEFE
1747	#FEFCFC	#FFFFFF
1748	#EAD1CE	#FBFBFB
1749	#F3E3E1	#FCFCFC
1750	#F0DDDA	#FBFBFB
1751	#E5C7C4	#F8F8F8
1752	#EDD7D4	#FCFCFC
1753	#ECD6D3	#FCFCFC
1754	#E9E6F3	#FDFDFD
1755	#E8CDCA	#F9F9F9
1756	#F3E3E1	#FBFBFB
1757	#E6C9C6	#F7F7F7
1758	#EDD8D5	#FAFAFA
1759	#FCF7F7	#FFFFFF
1760	#EDD7D4	#FCFCFC
1761	#EDEBF5	#FEFEFE
1762	#F5F4FA	#FFFFFF
1763	#F1DFDD	#FDFDFD
1764	#F6EBEA	#FEFEFE
1765	#ECEAF5	#FEFEFE
1766	#F1EEF7	#FEFEFE
1767	#EEEBF6	#FEFEFE
1769	#ECD4D1	#FCFCFC
1770	#F1DFDC	#FDFDFD
1771	#FAF3F2	#FEFEFE
1772	#FAF3F2	#FEFEFE
1773	#FEFEFF	#FFFFFF
1774	#F6F4FA	#FEFEFE
1775	#E5E2F1	#FDFDFD
1776	#F8F7FB	#FFFFFF
1777	#FBF6F6	#FFFFFF
1778	#FCF8F8	#FFFFFF
1779	#F8F6FB	#FEFEFE
1780	#E9E6F3	#FDFDFD
1781	#ECD6D3	#FCFCFC
1782	#FBF6F5	#FEFEFE
1783	#F8EFED	#FEFEFE
1784	#E9CECB	#FCFCFC
1785	#EFECF6	#FEFEFE
1786	#E0DCEE	#FBFBFB
1787	#F2F0F8	#FEFEFE
1788	#D4CEE8	#FBFBFB
1789	#EEECF6	#FEFEFE
1790	#FAF3F2	#FEFEFE
1791	#FCF8F7	#FFFFFF
1792	#F6EAE9	#FEFEFE
1793	#FCF8F8	#FFFFFF
1794	#F8EFEE	#FEFEFE
1795	#EED9D6	#FCFCFC
1796	#E0BDB8	#F8F8F8
1797	#FAF4F3	#FEFEFE
1798	#F5E7E5	#FDFDFD
1799	#ECD4D1	#FAFAFA
1800	#EFDCDA	#FBFBFB
1801	#F8EEED	#FEFEFE
1802	#FCF9F9	#FFFFFF
1803	#FFFEFF	#FFFFFF
1804	#F6EAE8	#FDFDFD
1805	#F9F1F0	#FEFEFE
1806	#EED9D6	#F8F8F8
1807	#EED8D6	#FAFAFA
1808	#F0DEDC	#FCFCFC
1809	#DFBBB6	#F5F5F5
1810	#F6F5FA	#FEFEFE
1811	#F9F2F1	#FEFEFE
1812	#FDFDFE	#FFFFFF
1814	#F9F2F1	#FEFEFE
1815	#F8EFED	#FEFEFE
1816	#FCFCFD	#FFFFFF
1817	#E6E2F1	#FDFDFD
1818	#F3E3E1	#FDFDFD
1819	#F6EBE9	#FEFEFE
1820	#F9F0EF	#FEFEFE
1821	#FDFAFA	#FFFFFF
1822	#FAF4F3	#FEFEFE
1823	#F0EEF7	#FEFEFE
1824	#F5E7E5	#FDFDFD
1825	#FBF7F6	#FFFFFF
1826	#F4F2F9	#FEFEFE
1827	#EDEBF5	#FEFEFE
1828	#FBF6F6	#FFFFFF
1829	#FDF9F9	#FFFFFF
1830	#FFFFFF	#FFFFFF
1831	#F0EEF7	#FEFEFE
1832	#F1E0DE	#FEFEFE
1833	#F5F4FA	#FFFFFF
1834	#F8F7FB	#FFFFFF
1835	#F9F8FC	#FFFFFF
1836	#ECD6D3	#FCFCFC
1837	#DEDAED	#FEFEFE
1838	#FFFFFF	#FFFFFF
1839	#FEFDFD	#FFFFFF
1840	#D9D4EA	#FCFCFC
1841	#FCF8F8	#FFFFFF
1842	#EEDAD7	#FCFCFC
1843	#E1C0BB	#FAFAFA
1844	#EBD3D0	#FDFDFD
1845	#F3E4E2	#FDFDFD
1846	#EED9D6	#FBFBFB
1847	#FCF7F7	#FFFFFF
1848	#FEFCFC	#FFFFFF
1849	#D6AAA4	#F3F3F3
1850	#EBD3D0	#FAFAFA
1851	#EDD7D4	#FBFBFB
1852	#FEFEFF	#FFFFFF
1853	#EAD1CE	#FAFAFA
1854	#EAE7F4	#FDFDFD
1855	#EBD3D0	#FBFBFB
1856	#ECD5D2	#F9F9F9
1857	#F6ECEA	#FDFDFD
1858	#EAD0CD	#F8F8F8
1859	#F0DEDC	#FCFCFC
1860	#F7ECEB	#FEFEFE
1861	#FEFCFB	#FFFFFF
1862	#FAF3F2	#FEFEFE
1863	#F9F0EF	#FEFEFE
1864	#EFDBD9	#FCFCFC
1865	#F2E2E0	#FDFDFD
1866	#FBFBFD	#FFFFFF
1867	#E4E0F0	#FDFDFD
1868	#E2DEEF	#FCFCFC
1870	#EEECF6	#FEFEFE
1871	#F0DEDC	#FDFDFD
1872	#F8EEED	#FEFEFE
1873	#FAF4F3	#FEFEFE
1874	#F9F2F1	#FEFEFE
1875	#FFFFFF	#FFFFFF
1876	#FEFDFD	#FFFFFF
1877	#E5E2F1	#FDFDFD
1878	#FEFCFB	#FFFFFF
1879	#F3E4E2	#FDFDFD
1880	#FDFDFE	#FFFFFF
1881	#FDFBFB	#FFFFFF
1882	#F1EFF7	#FEFEFE
1883	#FCF7F7	#FFFFFF
1884	#EBE9F4	#FEFEFE
1885	#FAF9FC	#FFFFFF
1886	#FFFFFF	#FFFFFF
1887	#F9F9FC	#FFFFFF
1888	#FCF8F7	#FFFFFF
1889	#EFECF6	#FEFEFE
1890	#FAF4F3	#FEFEFE
1891	#EAE7F4	#FDFDFD
1892	#F7EDEC	#FEFEFE
1893	#F6EAE9	#FEFEFE
1894	#E9CFCC	#FBFBFB
1895	#EBD2CF	#FCFCFC
1896	#ECD4D1	#FAFAFA
1897	#FCF8F8	#FFFFFF
1898	#FEFDFC	#FFFFFF
1899	#E7CAC6	#FAFAFA
1900	#E9D0CC	#F9F9F9
1901	#F0DDDB	#FBFBFB
1902	#FAF4F3	#FEFEFE
1903	#FBF7F6	#FEFEFE
1904	#EEDAD7	#FCFCFC
1905	#F7EDEC	#FEFEFE
1906	#EBD3D0	#F8F8F8
1907	#FFFFFF	#FFFFFF
1908	#E8CDCA	#F7F7F7
1909	#F8EEED	#FEFEFE
1910	#FBF7F6	#FFFFFF
1911	#F6EAE8	#FDFDFD
1912	#F2F0F8	#FEFEFE
1913	#E0BCB7	#F9F9F9
1915	#F8EEED	#FEFEFE
1916	#F9F2F1	#FEFEFE
1917	#FCF8F7	#FFFFFF
1918	#F9F8FC	#FFFFFF
1919	#FCFBFD	#FFFFFF
1920	#D9AFAA	#FBFBFB
1921	#F8F0EF	#FEFEFE
1922	#E9E6F3	#FDFDFD
1923	#E8E5F3	#FDFDFD
1924	#FBFAFD	#FFFFFF
1925	#EFEDF6	#FEFEFE
1926	#FCFCFE	#FFFFFF
1927	#ECEAF5	#FEFEFE
1928	#F2F0F8	#FEFEFE
1929	#F5F4FA	#FFFFFF
1930	#F6F4FA	#FFFFFF
1931	#FBFAFD	#FFFFFF
1932	#F9F8FC	#FFFFFF
1933	#F2E2E0	#FDFDFD
1934	#FEFDFD	#FFFFFF
1935	#FDFBFB	#FFFFFF
1936	#F4F2F9	#FEFEFE
1937	#FBFBFD	#FFFFFF
1938	#D8D3EA	#FAFAFA
1939	#E1DDEF	#FCFCFC
1940	#FEFEFE	#FFFFFF
1941	#FCFCFD	#FFFFFF
1942	#FEFEFF	#FFFFFF
1943	#F5E7E6	#FEFEFE
1944	#FEFEFE	#FFFFFF
1945	#F8F0EF	#FEFEFE
1946	#FCF9F8	#FFFFFF
1947	#FEFCFB	#FFFFFF
1948	#E2C0BB	#FAFAFA
1949	#FEFDFC	#FFFFFF
1950	#F0DDDA	#FBFBFB
1951	#F3E3E1	#FCFCFC
1952	#F8EEED	#FEFEFE
1953	#FBF6F6	#FEFEFE
1954	#EFDCD9	#FCFCFC
1955	#EEECF6	#FEFEFE
1956	#F2E2E0	#FBFBFB
1957	#FBF5F4	#FEFEFE
1958	#FAF3F2	#FEFEFE
1959	#F3E3E1	#FCFCFC
1960	#FDFAFA	#FFFFFF
1961	#FAF2F1	#FEFEFE
1962	#FDF9F9	#FFFFFF
1963	#FDFBFB	#FFFFFF
1964	#FAF4F3	#FEFEFE
1965	#FBFBFD	#FFFFFF
1966	#F6EAE8	#FEFEFE
1967	#F6EBEA	#FEFEFE
1968	#FDFCFE	#FFFFFF
1969	#F6F5FA	#FFFFFF
1971	#FAF4F3	#FFFFFF
1972	#ECD4D1	#FCFCFC
1973	#F6EBE9	#FEFEFE
1974	#FBF5F4	#FFFFFF
1975	#FBFBFD	#FFFFFF
1976	#F9F0EF	#FEFEFE
1977	#F1EFF7	#FEFEFE
1978	#E2DEEF	#FCFCFC
1979	#FFFEFF	#FFFFFF
1980	#FCFBFD	#FFFFFF
1981	#E7E4F2	#FDFDFD
1982	#F8F6FB	#FFFFFF
1983	#F5E9E7	#FEFEFE
1984	#FAF4F3	#FEFEFE
1985	#FAF3F2	#FEFEFE
1986	#FFFEFE	#FFFFFF
1987	#F5E8E6	#FEFEFE
1988	#FEFEFF	#FFFFFF
1989	#F1EFF7	#FEFEFE
1990	#ECEAF5	#FEFEFE
1991	#F7ECEB	#FEFEFE
1992	#FBF6F5	#FFFFFF
1993	#EFDCD9	#FDFDFD
1994	#F6F5FA	#FEFEFE
1995	#FBF5F4	#FEFEFE
1996	#F8EFEE	#FEFEFE
1997	#EFDBD8	#FCFCFC
1998	#FBF5F4	#FEFEFE
1999	#F3E5E3	#FDFDFD
2000	#ECD5D2	#FBFBFB
2001	#EFDBD8	#FBFBFB
2002	#F7EEEC	#FEFEFE
2003	#F0DEDC	#FBFBFB
2004	#EFDCD9	#FCFCFC
2005	#ECD5D2	#FCFCFC
2006	#FDF9F9	#FFFFFF
2007	#EDD6D3	#FAFAFA
2008	#F2E2E0	#FCFCFC
2009	#F3E4E2	#FDFDFD
2010	#F3E5E3	#FDFDFD
2011	#F0DEDC	#FCFCFC
2012	#FDFDFE	#FFFFFF
2013	#F7F6FB	#FFFFFF
2014	#EEECF6	#FEFEFE
2016	#F5E7E6	#FEFEFE
2017	#F8F7FB	#FFFFFF
2018	#F8EFEE	#FEFEFE
2019	#FEFEFE	#FFFFFF
2020	#E7E4F2	#FDFDFD
2021	#FDFBFA	#FFFFFF
2022	#DCB5B0	#FCFCFC
2023	#F6EBE9	#FEFEFE
2024	#F7F6FB	#FEFEFE
2025	#F6EBE9	#FEFEFE
2026	#EDEAF5	#FEFEFE
2027	#FDFAF9	#FFFFFF
2028	#F5F3F9	#FEFEFE
2029	#FCFBFD	#FFFFFF
2030	#FDFCFE	#FFFFFF
2031	#F7F5FA	#FEFEFE
2032	#F2F0F8	#FEFEFE
2033	#E5E2F1	#FEFEFE
2034	#F4E6E5	#FDFDFD
2035	#F5E8E7	#FEFEFE
2036	#FFFEFE	#FFFFFF
2037	#EFDBD9	#FDFDFD
2038	#E5E2F1	#FDFDFD
2039	#F2F1F8	#FEFEFE
2040	#F8F7FB	#FFFFFF
2041	#F6F5FA	#FEFEFE
2042	#F6EBEA	#FEFEFE
2043	#F7EDEC	#FEFEFE
2044	#FEFCFC	#FFFFFF
2045	#FBFBFD	#FFFFFF
2046	#EEDAD7	#FBFBFB
2047	#FCFBFD	#FFFFFF
2048	#E7CBC8	#FDFDFD
2049	#F5E7E6	#FDFDFD
2050	#F4E5E3	#FDFDFD
2051	#FCF7F7	#FFFFFF
2052	#F6EAE8	#FDFDFD
2053	#F9F2F1	#FEFEFE
2054	#EFDBD9	#FBFBFB
2055	#EDD7D4	#FAFAFA
2056	#E1DDEF	#FDFDFD
2057	#F1E0DD	#FCFCFC
2058	#EAD2CE	#F8F8F8
2059	#E3C3BE	#F8F8F8
2060	#E8CDCA	#F9F9F9
2061	#F4E7E5	#FCFCFC
2062	#F1E0DE	#FBFBFB
2063	#F6EAE8	#FEFEFE
2064	#FDFAFA	#FFFFFF
2065	#F5E9E8	#FEFEFE
2066	#ECD5D2	#FCFCFC
2067	#FAF4F3	#FEFEFE
2068	#FDFDFE	#FFFFFF
2069	#F8F0EF	#FEFEFE
2070	#F4F2F9	#FEFEFE
2072	#FAFAFD	#FFFFFF
2073	#EFDAD8	#FDFDFD
2074	#EEECF6	#FEFEFE
2075	#F4F2F9	#FEFEFE
2076	#F1DFDD	#FEFEFE
2077	#EFECF6	#FEFEFE
2078	#F0EEF7	#FEFEFE
2079	#FEFDFC	#FFFFFF
2080	#F9F1F0	#FEFEFE
2081	#F3F2F9	#FEFEFE
2082	#F1EFF8	#FEFEFE
2083	#EEDAD7	#FDFDFD
2084	#FEFEFF	#FFFFFF
2085	#FBF5F4	#FFFFFF
2086	#F6EBE9	#FEFEFE
2087	#F7F6FB	#FFFFFF
2088	#EDEAF5	#FEFEFE
2089	#FDFAFA	#FFFFFF
2090	#FDFDFE	#FFFFFF
2091	#F9F2F1	#FFFFFF
2092	#FAF4F4	#FEFEFE
2093	#FFFFFF	#FFFFFF
2094	#E7CBC7	#FAFAFA
2095	#F7ECEB	#FEFEFE
2096	#F3E5E3	#FDFDFD
2097	#FFFFFF	#FFFFFF
2098	#FDFDFE	#FFFFFF
2099	#F3E3E1	#FDFDFD
2100	#EED9D6	#FBFBFB
2101	#EBD2CF	#FAFAFA
2102	#F7ECEA	#FEFEFE
2103	#E4C5C1	#F9F9F9
2104	#DAB0AB	#F2F2F2
2105	#EFDCD9	#FAFAFA
2106	#FCF8F7	#FFFFFF
2107	#FBF5F5	#FEFEFE
2108	#FAF2F2	#FEFEFE
2109	#F2E2E0	#FCFCFC
2110	#EDD8D5	#FBFBFB
2111	#EDD7D4	#FAFAFA
2112	#F3E4E2	#FCFCFC
2113	#FBF7F6	#FFFFFF
2114	#FDFAF9	#FFFFFF
2115	#F0DEDB	#FCFCFC
2117	#F6EBEA	#FEFEFE
2118	#FBF6F5	#FFFFFF
2119	#E9CFCB	#FCFCFC
2120	#F5F4FA	#FEFEFE
2121	#FEFDFD	#FFFFFF
2122	#F7F6FB	#FFFFFF
2123	#F6EBEA	#FEFEFE
2124	#FAF3F2	#FFFFFF
2125	#F0EEF7	#FEFEFE
2126	#FBFAFD	#FFFFFF
2127	#EDEBF5	#FEFEFE
2128	#F4F2F9	#FEFEFE
2129	#F1EFF8	#FEFEFE
2130	#E8E4F2	#FDFDFD
2131	#ECE9F5	#FDFDFD
2132	#FEFDFD	#FFFFFF
2133	#F4F2F9	#FEFEFE
2134	#EAE7F3	#FEFEFE
2135	#F3E4E2	#FDFDFD
2136	#F5F3F9	#FEFEFE
2137	#FBFAFD	#FFFFFF
2138	#FFFFFF	#FFFFFF
2139	#F7F6FB	#FEFEFE
2140	#F9F9FC	#FFFFFF
2141	#F8F7FB	#FFFFFF
2142	#F9F2F1	#FEFEFE
2143	#FFFFFF	#FFFFFF
2144	#E6C8C4	#F9F9F9
2145	#F8EFEE	#FEFEFE
2146	#EEDAD7	#FDFDFD
2147	#F8EEED	#FEFEFE
2148	#DEB9B5	#FBFBFB
2149	#EEDAD7	#FDFDFD
2150	#EDD6D3	#FCFCFC
2151	#FEFEFF	#FFFFFF
2152	#F0DEDB	#FDFDFD
2153	#E5C6C2	#F9F9F9
2154	#E8CCC9	#FAFAFA
2155	#DCB5B0	#ECECEC
2156	#EBD3D0	#F9F9F9
2157	#EAE7F4	#FEFEFE
2158	#EDD7D4	#F9F9F9
2159	#EDD8D5	#FAFAFA
2160	#F5E7E6	#FDFDFD
2161	#EBD2CF	#F8F8F8
2162	#F1E0DD	#FCFCFC
2163	#EEEBF6	#FEFEFE
2164	#F0DDDB	#FBFBFB
2165	#EDD6D3	#FBFBFB
2166	#E3C3BF	#F8F8F8
2167	#DEDAED	#FCFCFC
2168	#F3F1F8	#FEFEFE
2169	#F5E9E8	#FDFDFD
2170	#F7F6FB	#FFFFFF
2171	#F4E5E3	#FDFDFD
2173	#FAF4F3	#FEFEFE
2174	#F6EAE9	#FEFEFE
2175	#FEFDFD	#FFFFFF
2176	#DEDAED	#FCFCFC
2177	#F5E7E6	#FEFEFE
2178	#FFFFFF	#FFFFFF
2179	#E8E5F2	#FDFDFD
2180	#F0EEF7	#FEFEFE
2181	#FEFDFD	#FFFFFF
2182	#E4E0F0	#FCFCFC
2183	#F9F1F0	#FEFEFE
2184	#F3F2F9	#FEFEFE
2185	#FAF3F2	#FFFFFF
2186	#EFEDF6	#FEFEFE
2187	#FBFAFD	#FFFFFF
2188	#FEFEFE	#FFFFFF
2189	#F0DDDA	#FDFDFD
2190	#FBFAFD	#FFFFFF
2191	#F2E2E0	#FDFDFD
2192	#FDFBFB	#FFFFFF
2193	#FEFEFE	#FFFFFF
2194	#ECD5D2	#FBFBFB
2195	#F3E4E1	#FDFDFD
2196	#FDFAF9	#FFFFFF
2197	#EFDBD8	#FCFCFC
2198	#F2F0F8	#FFFFFF
2199	#E2C0BC	#F7F7F7
2200	#F1DFDC	#FCFCFC
2201	#FCF8F8	#FFFFFF
2202	#F1E0DE	#FCFCFC
2203	#EDD6D3	#FAFAFA
2204	#F5E8E6	#FDFDFD
2205	#E1BFBA	#F2F2F2
2206	#EAD2CE	#F7F7F7
2207	#F2F0F8	#FEFEFE
2208	#EFDBD9	#FBFBFB
2209	#EED9D7	#FBFBFB
2210	#F9F2F1	#FEFEFE
2211	#F4E5E4	#FCFCFC
2212	#FEFDFC	#FFFFFF
2213	#F8EEED	#FEFEFE
2214	#FEFDFC	#FFFFFF
2215	#FBF5F4	#FEFEFE
2216	#FDFAFA	#FFFFFF
2218	#F9F1F0	#FEFEFE
2219	#F8EEED	#FEFEFE
2220	#F5F4FA	#FEFEFE
2221	#F5E9E7	#FEFEFE
2222	#F6EBE9	#FEFEFE
2223	#FCF8F8	#FFFFFF
2224	#F3E3E1	#FDFDFD
2225	#F7EDEC	#FEFEFE
2226	#FBF6F6	#FFFFFF
2227	#FCF9F8	#FFFFFF
2228	#DAD5EB	#FBFBFB
2229	#FCFBFD	#FFFFFF
2230	#F1EFF7	#FEFEFE
2231	#E7E3F2	#FDFDFD
2232	#EFEDF6	#FEFEFE
2233	#F1EFF7	#FEFEFE
2234	#FEFEFE	#FFFFFF
2235	#FEFCFC	#FFFFFF
2236	#EFDBD8	#FEFEFE
2237	#F7ECEB	#FEFEFE
2238	#F0EEF7	#FEFEFE
2239	#F8EEED	#FEFEFE
2240	#FDFBFA	#FFFFFF
2241	#F3E3E1	#FEFEFE
2242	#F6F4FA	#FFFFFF
2243	#FAF4F4	#FEFEFE
2244	#FDFBFB	#FFFFFF
2245	#FAF4F4	#FFFFFF
2246	#F5E7E5	#FDFDFD
2247	#FBF5F4	#FEFEFE
2248	#F6EAE8	#FEFEFE
2249	#F0DCDA	#FCFCFC
2250	#F6EAE9	#FDFDFD
2251	#EDD7D4	#FAFAFA
2252	#EFDBD9	#FCFCFC
2253	#EFDAD8	#FBFBFB
2254	#F5E8E6	#FDFDFD
2255	#EFDBD9	#FBFBFB
2256	#EFDCD9	#FCFCFC
2257	#E7CBC8	#F6F6F6
2258	#FAF3F2	#FEFEFE
2259	#DCB6B1	#F1F1F1
2260	#FFFEFE	#FFFFFF
2261	#F5E7E5	#FCFCFC
2262	#F7EDEC	#FEFEFE
2263	#F6EBEA	#FEFEFE
2264	#FDFCFE	#FFFFFF
2265	#F0DEDB	#FCFCFC
2266	#F2E2E0	#FCFCFC
2267	#FBF6F5	#FEFEFE
2268	#F9F1F0	#FEFEFE
2269	#EAD1CE	#FBFBFB
2270	#F7EDEC	#FEFEFE
2271	#F4E5E3	#FEFEFE
2272	#FCF8F7	#FFFFFF
2274	#EED9D6	#FEFEFE
2275	#F2E2E0	#FDFDFD
2276	#F5E9E7	#FEFEFE
2277	#FCF9F9	#FFFFFF
2278	#FBFBFD	#FFFFFF
2279	#EFDCD9	#FDFDFD
2280	#FAF4F3	#FEFEFE
2281	#FCF8F7	#FFFFFF
2282	#F6F5FA	#FEFEFE
2283	#F9F8FC	#FFFFFF
2284	#F7ECEA	#FEFEFE
2285	#ECEAF5	#FEFEFE
2286	#F7EDEC	#FEFEFE
2287	#FDFDFE	#FFFFFF
2288	#E7CAC7	#FAFAFA
2289	#F9F1F0	#FEFEFE
2290	#F1EFF8	#FEFEFE
2291	#F3F1F8	#FEFEFE
2292	#FBFAFD	#FFFFFF
2293	#FDFBFB	#FFFFFF
2294	#FCF7F6	#FFFFFF
2295	#EEECF6	#FEFEFE
2296	#FBF6F5	#FFFFFF
2297	#DFDAED	#FCFCFC
2298	#E8CDCA	#FCFCFC
2299	#F2E2E0	#FEFEFE
2300	#FAF9FC	#FFFFFF
2301	#EEDAD7	#FCFCFC
2302	#EED9D7	#FCFCFC
2303	#ECD6D3	#FCFCFC
2304	#F9F1F0	#FEFEFE
2305	#F3E3E1	#FDFDFD
2306	#DFBBB7	#FBFBFB
2307	#ECD6D3	#FCFCFC
2308	#FDFBFB	#FFFFFF
2309	#F9F1F0	#FEFEFE
2310	#F4F2F9	#FEFEFE
2311	#F5E9E8	#FDFDFD
2312	#FCFBFD	#FFFFFF
2313	#FCFCFD	#FFFFFF
2314	#F5E8E7	#FEFEFE
2315	#F9F2F1	#FEFEFE
2316	#FAF9FC	#FFFFFF
2317	#FAFAFD	#FFFFFF
2319	#F6EAE8	#FEFEFE
2320	#F5F4FA	#FEFEFE
2321	#F5F4FA	#FEFEFE
2322	#E5E1F1	#FDFDFD
2323	#FAF9FC	#FFFFFF
2324	#DFBCB7	#FCFCFC
2325	#F8F7FB	#FFFFFF
2326	#DAB1AC	#FBFBFB
2327	#F2E2E0	#FDFDFD
2328	#F9F8FC	#FFFFFF
2329	#F3F1F8	#FEFEFE
2330	#FAF3F2	#FEFEFE
2331	#FBFAFD	#FFFFFF
2332	#FEFEFD	#FFFFFF
2333	#FCFBFD	#FFFFFF
2334	#E5E1F1	#FCFCFC
2335	#FFFFFF	#FFFFFF
2336	#F3E4E2	#FDFDFD
2337	#FEFCFB	#FFFFFF
2338	#F1EFF8	#FEFEFE
2339	#FDFAFA	#FFFFFF
2340	#E9E6F3	#FDFDFD
2341	#F6F5FA	#FEFEFE
2342	#FFFFFF	#FFFFFF
2343	#FFFEFE	#FFFFFF
2344	#FEFCFC	#FFFFFF
2345	#F0EEF7	#FEFEFE
2346	#FFFFFF	#FFFFFF
2347	#EFDBD8	#FEFEFE
2348	#E5E1F1	#FDFDFD
2349	#F9F2F1	#FEFEFE
2350	#EED9D6	#FDFDFD
2351	#F8EFEE	#FEFEFE
2352	#F4F3F9	#FEFEFE
2353	#F7EEEC	#FEFEFE
2354	#F6EAE9	#FEFEFE
2355	#FEFDFD	#FFFFFF
2356	#EDD6D4	#FCFCFC
2357	#F9F1F0	#FEFEFE
2358	#FBFAFD	#FFFFFF
2359	#F9F1F0	#FEFEFE
2360	#EDEAF5	#FEFEFE
2361	#FDF9F9	#FFFFFF
2362	#FAFAFC	#FFFFFF
2363	#FAF4F3	#FFFFFF
2364	#FAF9FC	#FFFFFF
2365	#EFEDF7	#FEFEFE
2366	#F3F1F8	#FEFEFE
2367	#EDEAF5	#FEFEFE
2368	#FAF9FC	#FFFFFF
2369	#EED9D6	#FDFDFD
2370	#F0EEF7	#FEFEFE
2371	#F9F9FC	#FFFFFF
2372	#FDFAF9	#FFFFFF
2373	#F9F2F1	#FEFEFE
2375	#FBFAFD	#FFFFFF
2376	#EFDCD9	#FEFEFE
2377	#FDFAFA	#FFFFFF
2378	#FBF7F6	#FFFFFF
2379	#FFFFFF	#FFFFFF
2380	#FBF7F6	#FFFFFF
2381	#F3F1F9	#FEFEFE
2382	#F1EFF8	#FEFEFE
2383	#FBF6F5	#FFFFFF
2384	#F9F8FC	#FFFFFF
2385	#F9F0EF	#FEFEFE
2386	#FDF9F9	#FFFFFF
2387	#FCF9F8	#FFFFFF
2388	#FEFDFC	#FFFFFF
2389	#F8EFEE	#FEFEFE
2390	#E6E2F1	#FDFDFD
2391	#FEFEFF	#FFFFFF
2392	#F2E3E1	#FDFDFD
2393	#F5F4FA	#FEFEFE
2394	#F5E8E7	#FEFEFE
2395	#FAF4F3	#FEFEFE
2396	#F0DEDC	#FCFCFC
2397	#F1E0DE	#FDFDFD
2398	#FBFBFD	#FFFFFF
2399	#FBF6F5	#FFFFFF
2400	#F4E7E5	#FDFDFD
2401	#EED9D6	#FBFBFB
2402	#F4E7E5	#FEFEFE
2403	#F4E5E3	#FCFCFC
2404	#E4C4C0	#FAFAFA
2405	#F0DEDC	#FCFCFC
2406	#F5E8E7	#FDFDFD
2407	#EDD6D3	#FAFAFA
2408	#F3E4E2	#FCFCFC
2409	#FFFEFE	#FFFFFF
2410	#E8CDC9	#F7F7F7
2411	#F5E9E7	#FDFDFD
2412	#F8EEED	#FEFEFE
2413	#FBF5F4	#FEFEFE
2414	#FFFFFF	#FFFFFF
2415	#F5E7E6	#FDFDFD
2416	#F3E4E2	#FDFDFD
2417	#F8F7FB	#FFFFFF
2418	#EED9D6	#FBFBFB
2420	#FDFBFA	#FFFFFF
2421	#F5E7E6	#FEFEFE
2422	#FBFAFD	#FFFFFF
2423	#FEFEFE	#FFFFFF
2424	#FEFDFD	#FFFFFF
2425	#F2E1DE	#FDFDFD
2426	#F4E6E4	#FDFDFD
2427	#EFDCD9	#FCFCFC
2428	#F9F2F1	#FEFEFE
2429	#D9B0AA	#FBFBFB
2430	#ECE9F5	#FDFDFD
2431	#FFFEFE	#FFFFFF
2432	#F3F1F8	#FEFEFE
2433	#F2F0F8	#FEFEFE
2434	#E7E4F2	#FDFDFD
2435	#F0EDF7	#FEFEFE
2436	#F8EFEE	#FEFEFE
2437	#FAF9FC	#FFFFFF
2438	#FCF8F8	#FFFFFF
2439	#FEFCFC	#FFFFFF
2440	#E3DFF0	#FDFDFD
2441	#FBF6F5	#FFFFFF
2442	#DCB5B0	#FCFCFC
2443	#F9F1F0	#FEFEFE
2444	#F5F3FA	#FEFEFE
2445	#FAF9FC	#FFFFFF
2446	#F9F8FC	#FFFFFF
2447	#F9F2F1	#FEFEFE
2448	#F7F6FB	#FFFFFF
2449	#FEFDFE	#FFFFFF
2450	#E9CFCB	#FAFAFA
2451	#F2E2DF	#FDFDFD
2452	#E5C6C2	#FBFBFB
2453	#F4E5E3	#FDFDFD
2454	#F0DDDB	#FCFCFC
2455	#F8F0EF	#FEFEFE
2456	#F4E7E5	#FDFDFD
2457	#F5E9E7	#FDFDFD
2458	#F3E3E1	#FDFDFD
2459	#E6C8C4	#F7F7F7
2460	#F5E8E6	#FEFEFE
2461	#D9B0AB	#F5F5F5
2462	#FBF6F5	#FFFFFF
2463	#E3C3BF	#F7F7F7
2464	#F4E6E4	#FDFDFD
2465	#FEFDFD	#FFFFFF
2466	#F3E4E2	#FDFDFD
2467	#F9F1F0	#FEFEFE
2468	#F2E1DF	#FCFCFC
2469	#F4F2F9	#FEFEFE
2470	#E9D0CC	#FCFCFC
2471	#F7F6FB	#FEFEFE
2472	#FBF6F5	#FFFFFF
2473	#FDFBFB	#FFFFFF
2474	#F0EEF7	#FEFEFE
2476	#FAFAFC	#FFFFFF
2477	#FDFAF9	#FFFFFF
2478	#EFDBD8	#FCFCFC
2479	#F9F2F1	#FEFEFE
2480	#F3F1F9	#FEFEFE
2481	#FCF9F8	#FFFFFF
2482	#FDFCFE	#FFFFFF
2483	#F8F7FB	#FFFFFF
2484	#F7F6FB	#FFFFFF
2485	#E5E2F1	#FCFCFC
2486	#F9F2F1	#FEFEFE
2487	#F1EFF8	#FEFEFE
2488	#F8EFEE	#FEFEFE
2489	#DAD5EB	#FAFAFA
2490	#FDFCFE	#FFFFFF
2491	#F7F6FB	#FEFEFE
2492	#F6EAE8	#FEFEFE
2493	#FDFAFA	#FFFFFF
2494	#E1DDEF	#FCFCFC
2495	#FBF6F6	#FFFFFF
2496	#FDFBFB	#FFFFFF
2497	#FAF4F3	#FEFEFE
2498	#FDFAF9	#FFFFFF
2499	#EFDBD9	#FCFCFC
2500	#F9F2F1	#FEFEFE
2501	#EFDBD9	#FCFCFC
2502	#EAD1CE	#FBFBFB
2503	#F9F2F1	#FEFEFE
2504	#F5E8E6	#FDFDFD
2505	#EED9D6	#FDFDFD
2506	#EFDBD8	#FCFCFC
2507	#EED8D6	#FBFBFB
2508	#F8EFEE	#FEFEFE
2509	#F5E8E6	#FDFDFD
2510	#FDFDFE	#FFFFFF
2511	#E5C7C3	#FBFBFB
2512	#F0DDDB	#FBFBFB
2513	#FCF8F7	#FFFFFF
2514	#F2E3E1	#FCFCFC
2515	#F9F8FC	#FFFFFF
2516	#F7ECEB	#FDFDFD
2517	#F3E4E2	#FDFDFD
2518	#FDFAF9	#FFFFFF
2519	#EAD2CE	#FAFAFA
2521	#FBF7F6	#FFFFFF
2522	#FCF8F8	#FFFFFF
2523	#F2F0F8	#FEFEFE
2524	#FCF8F7	#FFFFFF
2525	#EFDBD8	#FDFDFD
2526	#F9F1F0	#FEFEFE
2527	#FCF8F8	#FFFFFF
2528	#FCF9F9	#FFFFFF
2529	#F2E3E0	#FEFEFE
2530	#F7EDEB	#FEFEFE
2531	#F9F1F0	#FEFEFE
2532	#F1EFF7	#FEFEFE
2533	#FCF8F8	#FFFFFF
2534	#DAD5EB	#FCFCFC
2535	#F7F6FB	#FFFFFF
2536	#FAF3F2	#FEFEFE
2537	#E1DDEF	#FDFDFD
2538	#EEEBF6	#FEFEFE
2539	#EED8D6	#FCFCFC
2540	#EAE7F4	#FDFDFD
2541	#F5F3F9	#FEFEFE
2542	#EED9D6	#FDFDFD
2543	#FBF6F5	#FFFFFF
2544	#FFFFFF	#FFFFFF
2545	#E4E0F0	#FDFDFD
2546	#F7ECEA	#FEFEFE
2547	#FBF6F6	#FFFFFF
2548	#F0DEDB	#FDFDFD
2549	#F7EDEB	#FEFEFE
2550	#FBFAFD	#FFFFFF
2551	#ECD4D1	#FBFBFB
2552	#F0DDDA	#FCFCFC
2553	#F7EEEC	#FEFEFE
2554	#DEB8B3	#F9F9F9
2555	#EEDAD7	#FCFCFC
2556	#FBF5F5	#FEFEFE
2557	#EAD0CD	#FBFBFB
2558	#EFDCD9	#FCFCFC
2559	#E9CFCB	#F9F9F9
2560	#E4C5C1	#F9F9F9
2561	#F8F0EE	#FEFEFE
2562	#F2E1DF	#FCFCFC
2563	#F2E2E0	#FCFCFC
2564	#F0DDDB	#FBFBFB
2565	#EED8D5	#FBFBFB
2566	#EFDBD8	#FDFDFD
2567	#F8F0EF	#FEFEFE
2568	#F0DEDC	#FCFCFC
2569	#F6EBE9	#FEFEFE
2570	#F9F8FC	#FFFFFF
2571	#FCF7F7	#FFFFFF
2572	#FCF8F8	#FFFFFF
2573	#FAF3F2	#FEFEFE
2574	#F8F0EF	#FEFEFE
2575	#F7EEEC	#FEFEFE
2577	#FDFCFE	#FFFFFF
2578	#FFFFFF	#FFFFFF
2579	#FAF3F2	#FEFEFE
2580	#E5C7C3	#FAFAFA
2581	#F9F2F1	#FEFEFE
2582	#F9F2F1	#FFFFFF
2583	#F7F6FB	#FFFFFF
2584	#F0EEF7	#FEFEFE
2585	#EEECF6	#FEFEFE
2586	#FCFCFE	#FFFFFF
2587	#FCF9F8	#FFFFFF
2588	#FBFBFD	#FFFFFF
2589	#F3E3E1	#FDFDFD
2590	#EEECF6	#FDFDFD
2591	#F5F4FA	#FEFEFE
2592	#FBF5F5	#FFFFFF
2593	#FCF8F8	#FFFFFF
2594	#F2E1DF	#FDFDFD
2595	#F8EFED	#FEFEFE
2596	#F6F5FA	#FEFEFE
2597	#F3E3E1	#FDFDFD
2598	#FCFCFE	#FFFFFF
2599	#F5E8E6	#FDFDFD
2600	#F2E2E0	#FDFDFD
2601	#FCF8F7	#FFFFFF
2602	#F9F2F1	#FEFEFE
2603	#F8F0EE	#FEFEFE
2604	#ECD5D2	#FCFCFC
2605	#FDFAFA	#FFFFFF
2606	#EAD1CE	#F8F8F8
2607	#F4E6E4	#FDFDFD
2608	#FCF8F7	#FFFFFF
2609	#EFDCD9	#FCFCFC
2610	#F0DEDC	#FCFCFC
2611	#ECE9F5	#FEFEFE
2612	#E2C0BC	#F7F7F7
2613	#FDFAFA	#FFFFFF
2614	#FBFBFD	#FFFFFF
2615	#F2E2E0	#FCFCFC
2616	#FBF6F6	#FFFFFF
2617	#F7ECEB	#FEFEFE
2618	#EFDCDA	#FBFBFB
2619	#F5E8E7	#FDFDFD
2620	#F6EBE9	#FEFEFE
2622	#FFFFFF	#FFFFFF
2623	#F8EFED	#FEFEFE
2624	#FBF6F6	#FFFFFF
2625	#F1E0DE	#FDFDFD
2626	#FEFEFE	#FFFFFF
2627	#F6EAE9	#FEFEFE
2628	#EDD7D4	#FCFCFC
2629	#FBF6F5	#FFFFFF
2630	#EDD7D4	#FDFDFD
2631	#F3F1F9	#FEFEFE
2632	#FCF7F7	#FFFFFF
2633	#F1DFDD	#FEFEFE
2634	#FBF5F4	#FFFFFF
2635	#EDD7D4	#FCFCFC
2636	#F7F5FA	#FFFFFF
2637	#F1DFDD	#FDFDFD
2638	#FEFCFB	#FFFFFF
2639	#F7F6FB	#FEFEFE
2640	#F9F8FC	#FFFFFF
2641	#F9F9FC	#FFFFFF
2642	#F5E9E7	#FEFEFE
2643	#FBFBFD	#FFFFFF
2644	#FDFAF9	#FFFFFF
2645	#F8EFEE	#FEFEFE
2646	#FFFFFF	#FFFFFF
2647	#F8EFEE	#FEFEFE
2648	#F0EEF7	#FEFEFE
2649	#E6E3F2	#FDFDFD
2650	#F7F6FB	#FEFEFE
2651	#F1EFF7	#FEFEFE
2652	#F8EFEE	#FEFEFE
2653	#EFDCDA	#FCFCFC
2654	#FAF4F3	#FEFEFE
2655	#ECD6D3	#FBFBFB
2656	#ECD4D1	#F9F9F9
2657	#F1DFDD	#FCFCFC
2658	#FCF9F9	#FFFFFF
2659	#ECD5D2	#FDFDFD
2660	#FCF8F7	#FFFFFF
2661	#EAD2CE	#FAFAFA
2662	#F2E1DF	#FDFDFD
2663	#F8EFEE	#FEFEFE
2664	#EBD4D1	#FBFBFB
2665	#ECD5D2	#FBFBFB
2666	#E4C5C1	#F6F6F6
2667	#EDD6D3	#FCFCFC
2668	#F4E6E4	#FDFDFD
2669	#FCF8F8	#FFFFFF
2670	#FEFDFD	#FFFFFF
2671	#F6E9E8	#FDFDFD
2672	#F6EAE8	#FEFEFE
2673	#FDFBFA	#FFFFFF
2674	#FCFCFE	#FFFFFF
2675	#E1DDEF	#FDFDFD
2676	#FEFDFD	#FFFFFF
2678	#F6EBE9	#FEFEFE
2679	#FEFDFD	#FFFFFF
2680	#F5E9E7	#FEFEFE
2681	#FEFEFF	#FFFFFF
2682	#F3E3E1	#FDFDFD
2683	#FBF6F5	#FFFFFF
2684	#FDFAFA	#FFFFFF
2685	#FDFCFE	#FFFFFF
2686	#F7F6FB	#FFFFFF
2687	#EFEDF6	#FEFEFE
2688	#EFEDF6	#FEFEFE
2689	#EBE9F4	#FDFDFD
2690	#EEDAD7	#FCFCFC
2691	#FBF5F4	#FFFFFF
2692	#F0DEDB	#FEFEFE
2693	#EDD7D4	#FDFDFD
2694	#F6EAE8	#FEFEFE
2695	#FDFAFA	#FFFFFF
2696	#F8F7FB	#FFFFFF
2697	#FEFDFD	#FFFFFF
2698	#F5F4FA	#FEFEFE
2699	#FEFDFC	#FFFFFF
2700	#FAF2F1	#FEFEFE
2701	#F8F6FB	#FEFEFE
2702	#F9F2F1	#FEFEFE
2703	#F9F2F1	#FEFEFE
2704	#FAF4F3	#FEFEFE
2705	#F6EAE9	#FEFEFE
2706	#E9CFCB	#F8F8F8
2707	#D9B0AB	#F5F5F5
2708	#EEDAD7	#FBFBFB
2709	#F4E7E5	#FDFDFD
2710	#EFDAD7	#FDFDFD
2711	#EFDBD9	#FBFBFB
2712	#E5E1F1	#FDFDFD
2713	#F2E1DF	#FCFCFC
2714	#F0DDDB	#FCFCFC
2715	#FDFBFB	#FFFFFF
2716	#F7EEEC	#FDFDFD
2717	#FFFEFE	#FFFFFF
2718	#F3E4E2	#FDFDFD
2719	#FCFCFD	#FFFFFF
2720	#FBF6F5	#FEFEFE
2721	#F7EEEC	#FEFEFE
2723	#E6C8C5	#FAFAFA
2724	#FCFCFE	#FFFFFF
2725	#CE9A94	#F8F8F8
2726	#EED8D5	#FDFDFD
2727	#EFDBD8	#FDFDFD
2728	#EAD1CE	#FBFBFB
2729	#F2E2E0	#FCFCFC
2730	#EEECF6	#FEFEFE
2731	#F1E0DE	#FEFEFE
2732	#FAF9FC	#FFFFFF
2733	#D5A8A3	#FAFAFA
2734	#F9F8FC	#FFFFFF
2735	#FEFDFD	#FFFFFF
2736	#FEFCFB	#FFFFFF
2737	#F9F9FC	#FFFFFF
2738	#E2DEEF	#FDFDFD
2739	#F3E3E1	#FEFEFE
2740	#E9E5F3	#FDFDFD
2741	#F4F2F9	#FEFEFE
2742	#FFFFFF	#FFFFFF
2743	#FAF4F3	#FEFEFE
2744	#F0DDDB	#FCFCFC
2745	#FCF9F9	#FFFFFF
2746	#F5E8E6	#FEFEFE
2747	#F3F1F8	#FEFEFE
2748	#F3F1F9	#FEFEFE
2749	#F2F0F8	#FEFEFE
2750	#FAF3F2	#FEFEFE
2751	#FAF9FC	#FFFFFF
2752	#F9F9FC	#FFFFFF
2753	#F5E8E6	#FDFDFD
2754	#F9F1F0	#FEFEFE
2755	#FCFCFD	#FFFFFF
2756	#E9CECA	#F7F7F7
2757	#EAD1CE	#F9F9F9
2758	#EED8D6	#FDFDFD
2759	#F6EAE9	#FEFEFE
2760	#F5E9E7	#FEFEFE
2761	#F7ECEB	#FEFEFE
2762	#F0DEDB	#FBFBFB
2763	#F8EFEE	#FEFEFE
2764	#FCF7F7	#FFFFFF
2765	#EEDAD7	#FCFCFC
2766	#F1DFDD	#FBFBFB
2767	#F3E3E1	#FDFDFD
2768	#E7CAC6	#F9F9F9
2769	#EDD7D5	#FCFCFC
2770	#ECD6D3	#FBFBFB
2771	#ECD6D3	#FAFAFA
2772	#F7F6FB	#FEFEFE
2773	#F1DFDC	#FDFDFD
2774	#F7EDEC	#FFFFFF
2775	#E9D0CC	#FCFCFC
2776	#FDFDFE	#FFFFFF
2777	#FCFCFE	#FFFFFF
2779	#EFDAD8	#FDFDFD
2780	#F4E7E5	#FDFDFD
2781	#FAF3F3	#FEFEFE
2782	#FCF9F8	#FFFFFF
2783	#F6F4FA	#FFFFFF
2784	#F3E3E1	#FEFEFE
2785	#F9F1EF	#FEFEFE
2786	#F3E4E2	#FDFDFD
2787	#F3F1F8	#FEFEFE
2788	#FDFAF9	#FFFFFF
2789	#F9F1F0	#FEFEFE
2790	#F9F8FC	#FFFFFF
2791	#FCF9F8	#FFFFFF
2792	#F4E7E5	#FEFEFE
2793	#DFDBEE	#FCFCFC
2794	#DEB8B4	#F9F9F9
2795	#F4E6E4	#FDFDFD
2796	#FBF6F5	#FFFFFF
2797	#F7F6FB	#FFFFFF
2798	#FFFFFF	#FFFFFF
2799	#F9F0EF	#FEFEFE
2800	#F6F5FA	#FEFEFE
2801	#F5E8E6	#FEFEFE
2802	#F6EAE8	#FEFEFE
2803	#FBFBFD	#FFFFFF
2804	#EEDAD7	#FBFBFB
2805	#F9F1F0	#FEFEFE
2806	#F1E0DE	#FCFCFC
2807	#EEDAD7	#FBFBFB
2808	#EED8D6	#FAFAFA
2809	#F4E6E4	#FDFDFD
2810	#F6F5FA	#FEFEFE
2811	#F7EEEC	#FEFEFE
2812	#F0DEDB	#FCFCFC
2813	#FCF8F8	#FFFFFF
2814	#FFFFFF	#FFFFFF
2815	#F4E6E4	#FDFDFD
2816	#FDFAFA	#FFFFFF
2817	#F4E5E3	#FDFDFD
2818	#EBD2CF	#FAFAFA
2819	#F7F6FB	#FEFEFE
2820	#E4C5C1	#F9F9F9
2821	#E1BFBB	#F8F8F8
2822	#EBD4D1	#FBFBFB
2824	#F9F1F0	#FEFEFE
2825	#ECD4D1	#FBFBFB
2826	#F0DEDB	#FEFEFE
2827	#F6EBE9	#FEFEFE
2828	#F9F1F0	#FEFEFE
2829	#FBF6F5	#FFFFFF
2830	#F4E7E5	#FEFEFE
2831	#EAD1CE	#FAFAFA
2832	#F8EFED	#FEFEFE
2833	#FCF8F7	#FFFFFF
2834	#FDFAF9	#FFFFFF
2835	#F2E1DE	#FEFEFE
2836	#F7ECEB	#FEFEFE
2837	#FEFEFE	#FFFFFF
2838	#F1E0DE	#FEFEFE
2839	#F4E7E5	#FEFEFE
2840	#FAF3F2	#FEFEFE
2841	#E9E6F3	#FEFEFE
2842	#FBFBFD	#FFFFFF
2843	#FCF9F8	#FFFFFF
2844	#F6EBEA	#FEFEFE
2845	#F7ECEB	#FEFEFE
2846	#FDFDFE	#FFFFFF
2847	#FDFDFE	#FFFFFF
2848	#F8F6FB	#FFFFFF
2849	#FFFFFF	#FFFFFF
2850	#F2F0F8	#FEFEFE
2851	#FCFCFD	#FFFFFF
2852	#F0DDDA	#FDFDFD
2853	#FDFBFB	#FFFFFF
2854	#FCF8F7	#FFFFFF
2855	#F6EBEA	#FEFEFE
2856	#F8F6FB	#FEFEFE
2857	#FAF4F4	#FFFFFF
2858	#F7EDEC	#FEFEFE
2859	#F0DEDB	#FCFCFC
2860	#F6EBEA	#FEFEFE
2861	#FAF4F3	#FEFEFE
2862	#FCF9F9	#FFFFFF
2863	#FBFAFD	#FFFFFF
2864	#FBF6F6	#FFFFFF
2865	#FDFAFA	#FFFFFF
2866	#F7EDEB	#FEFEFE
2867	#FDFAF9	#FFFFFF
2868	#FDFAF9	#FFFFFF
2869	#F2E2E0	#FDFDFD
2870	#EDD8D5	#FBFBFB
2871	#F5E8E6	#FDFDFD
2872	#FAF4F3	#FEFEFE
2873	#E5C6C2	#F6F6F6
2874	#F7EEEC	#FEFEFE
2875	#F3E4E2	#FDFDFD
2876	#F6F5FA	#FFFFFF
2877	#FFFFFF	#FFFFFF
2878	#EEDAD7	#FDFDFD
2880	#F2E3E0	#FDFDFD
2881	#E2DEEF	#FCFCFC
2882	#FDFAFA	#FFFFFF
2883	#F7EDEC	#FEFEFE
2884	#F9F1F0	#FFFFFF
2885	#F1E0DE	#FEFEFE
2886	#FBF6F5	#FFFFFF
2887	#FCF7F7	#FFFFFF
2888	#E3C2BE	#FCFCFC
2889	#F9F1F0	#FFFFFF
2890	#FDFCFE	#FFFFFF
2891	#F9F0EF	#FFFFFF
2892	#FBF5F5	#FEFEFE
2893	#ECD4D1	#FCFCFC
2894	#EFDAD8	#FDFDFD
2895	#F0DDDA	#FCFCFC
2896	#F4E5E3	#FDFDFD
2897	#FEFEFE	#FFFFFF
2898	#EDEBF5	#FEFEFE
2899	#FBFAFD	#FFFFFF
2900	#F7EEEC	#FEFEFE
2901	#ECD6D3	#FCFCFC
2902	#FEFCFC	#FFFFFF
2903	#E1BFBA	#F8F8F8
2904	#FBFBFD	#FFFFFF
2905	#FFFFFF	#FFFFFF
2906	#F2E2E0	#FCFCFC
2907	#FCF8F7	#FFFFFF
2908	#F6EAE9	#FDFDFD
2909	#E7CAC7	#F9F9F9
2910	#E9CECA	#FBFBFB
2911	#E9CFCC	#FBFBFB
2912	#F5E8E6	#FDFDFD
2913	#FCF7F6	#FEFEFE
2914	#EEDAD7	#FBFBFB
2915	#F8EEED	#FEFEFE
2916	#ECD5D2	#FBFBFB
2917	#DEB8B3	#F7F7F7
2918	#F8EFEE	#FEFEFE
2919	#F3E4E2	#FDFDFD
2920	#F1E0DD	#FCFCFC
2921	#EBD2CF	#F9F9F9
2922	#EBD3D0	#FAFAFA
2923	#E2C0BC	#F6F6F6
2925	#FEFCFB	#FFFFFF
2926	#E5C7C3	#FAFAFA
2927	#F0DDDB	#FDFDFD
2928	#FDFCFE	#FFFFFF
2929	#FFFFFF	#FFFFFF
2930	#EBD3CF	#FDFDFD
2931	#FAF4F4	#FEFEFE
2932	#F3E3E1	#FDFDFD
2933	#EDD8D5	#FDFDFD
2934	#E8E5F2	#FEFEFE
2935	#FAF3F2	#FFFFFF
2936	#ECD5D2	#FDFDFD
2937	#F2E3E1	#FEFEFE
2938	#FCF7F7	#FFFFFF
2939	#F8EEED	#FEFEFE
2940	#E9CECB	#FCFCFC
2941	#F6EAE8	#FEFEFE
2942	#F6F5FA	#FFFFFF
2943	#FCF7F6	#FFFFFF
2944	#ECE9F5	#FDFDFD
2945	#F5F4FA	#FEFEFE
2946	#FCF8F7	#FFFFFF
2947	#F8F7FB	#FFFFFF
2948	#F9F0EF	#FEFEFE
2949	#FBFAFD	#FFFFFF
2950	#F0DDDB	#FDFDFD
2951	#F7ECEB	#FEFEFE
2952	#FDFAF9	#FFFFFF
2953	#ECEAF5	#FDFDFD
2954	#F8F0EF	#FEFEFE
2955	#EFDBD8	#FEFEFE
2956	#F8F7FB	#FFFFFF
2957	#F4E7E5	#FDFDFD
2958	#FDF9F9	#FFFFFF
2959	#F9F2F1	#FEFEFE
2960	#F4E6E4	#FDFDFD
2961	#F4E5E3	#FDFDFD
2962	#FCF8F7	#FFFFFF
2963	#F5E8E6	#FDFDFD
2964	#F7F6FB	#FEFEFE
2965	#F4E6E4	#FDFDFD
2966	#FCF9F9	#FFFFFF
2967	#F5E9E8	#FDFDFD
2968	#FEFCFB	#FFFFFF
2969	#F9F2F1	#FEFEFE
2970	#F4E7E5	#FDFDFD
2971	#ECD6D3	#FAFAFA
2972	#F3E4E2	#FCFCFC
2973	#F3E4E2	#FDFDFD
2974	#F8EFEE	#FEFEFE
2975	#F1DFDD	#FDFDFD
2976	#F4E6E4	#FDFDFD
2977	#EFDCD9	#FDFDFD
2978	#F7ECEB	#FEFEFE
2979	#F1E0DE	#FDFDFD
2981	#F6E9E8	#FEFEFE
2982	#FDFBFA	#FFFFFF
2983	#FDF9F9	#FFFFFF
2984	#FDFBFA	#FFFFFF
2985	#FBFAFD	#FFFFFF
2986	#F2E1DF	#FDFDFD
2987	#FBF5F4	#FFFFFF
2988	#F1E0DE	#FEFEFE
2989	#EDD8D5	#FCFCFC
2990	#F3E4E2	#FDFDFD
2991	#DAB2AD	#FCFCFC
2992	#F4E6E4	#FEFEFE
2993	#F3E4E2	#FEFEFE
2994	#FEFDFD	#FFFFFF
2995	#FCF7F7	#FFFFFF
2996	#F2E1DF	#FCFCFC
2997	#F7F6FB	#FEFEFE
2998	#FAF3F2	#FEFEFE
2999	#F2E2DF	#FDFDFD
3000	#EED9D6	#FCFCFC
3001	#F7F6FB	#FEFEFE
3002	#FCFBFD	#FFFFFF
3003	#F8EEED	#FEFEFE
3004	#F4E7E5	#FEFEFE
3005	#F5F4FA	#FFFFFF
3006	#FAFAFD	#FFFFFF
3007	#F3F1F8	#FEFEFE
3008	#F2F0F8	#FEFEFE
3009	#FBF6F5	#FFFFFF
3010	#F5E8E6	#FEFEFE
3011	#F3E5E3	#FDFDFD
3012	#EED9D7	#FCFCFC
3013	#EDD6D3	#FDFDFD
3014	#F5E8E6	#FDFDFD
3015	#F9F1F0	#FEFEFE
3016	#F8EEED	#FEFEFE
3017	#FAF3F2	#FEFEFE
3018	#F0DDDB	#FDFDFD
3019	#E9CFCC	#FAFAFA
3020	#F1E0DD	#FDFDFD
3021	#F6EAE8	#FDFDFD
3022	#F1E0DE	#FDFDFD
3023	#F7ECEB	#FDFDFD
3024	#E1BFBA	#F8F8F8
3026	#F0DDDB	#FDFDFD
3027	#D4A59F	#FAFAFA
3028	#F6EAE8	#FEFEFE
3029	#F8F0EF	#FEFEFE
3030	#FAF3F2	#FFFFFF
3031	#F6F5FA	#FEFEFE
3032	#F6EBEA	#FEFEFE
3033	#FAF4F3	#FEFEFE
3034	#F2E3E1	#FEFEFE
3035	#F1E0DD	#FEFEFE
3036	#F3E4E3	#FDFDFD
3037	#FCF8F7	#FFFFFF
3038	#E5C7C3	#FCFCFC
3039	#F4E7E5	#FEFEFE
3040	#EED9D6	#FCFCFC
3041	#F1E0DD	#FDFDFD
3042	#F7EDEC	#FEFEFE
3043	#F2F1F8	#FEFEFE
3044	#EBD2CF	#FDFDFD
3045	#EFDBD8	#FDFDFD
3046	#FAF9FC	#FFFFFF
3047	#EBD3D0	#FCFCFC
3048	#F6E9E8	#FEFEFE
3049	#F8EFEE	#FEFEFE
3050	#E4C4C0	#FAFAFA
3051	#F8EEED	#FEFEFE
3052	#FEFBFB	#FFFFFF
3053	#FDF9F9	#FFFFFF
3054	#FFFFFF	#FFFFFF
3055	#FAF3F2	#FEFEFE
3056	#F0EDF7	#FEFEFE
3057	#E6C9C6	#FBFBFB
3058	#FDFBFB	#FFFFFF
3059	#FEFDFD	#FFFFFF
3060	#ECE9F4	#FDFDFD
3061	#FBF6F6	#FFFFFF
3062	#FDFAF9	#FFFFFF
3063	#F8EEED	#FEFEFE
3064	#F7EEEC	#FEFEFE
3065	#FBF5F4	#FEFEFE
3066	#E8CDCA	#FBFBFB
3067	#F9F2F1	#FEFEFE
3068	#EDD7D4	#FCFCFC
3069	#EAD1CD	#FBFBFB
3070	#EDD8D5	#FBFBFB
3071	#F8EEED	#FEFEFE
3072	#FDFAFA	#FFFFFF
3073	#EFDAD8	#FAFAFA
3074	#FDFAFA	#FFFFFF
3075	#F0DDDB	#FCFCFC
3076	#E5C6C2	#F9F9F9
3077	#E5C6C2	#FBFBFB
3078	#F0DDDB	#FCFCFC
3079	#FEFDFD	#FFFFFF
3080	#F8EFED	#FEFEFE
3082	#F4E5E3	#FDFDFD
3083	#FEFEFF	#FFFFFF
3084	#DCB6B1	#FCFCFC
3085	#EDD7D4	#FDFDFD
3086	#F9F2F0	#FEFEFE
3087	#FCF9F8	#FFFFFF
3088	#FCF9F8	#FFFFFF
3089	#ECD4D1	#FBFBFB
3090	#FEFEFD	#FFFFFF
3091	#F8F7FB	#FFFFFF
3092	#F8EFEE	#FEFEFE
3093	#EBD2CF	#FBFBFB
3094	#F7ECEB	#FEFEFE
3095	#E4C5C1	#F9F9F9
3096	#F2E3E0	#FDFDFD
3097	#F5E9E7	#FDFDFD
3098	#EFDBD9	#FDFDFD
3099	#E5C6C2	#F7F7F7
3100	#ECD4D1	#FAFAFA
3101	#FEFCFC	#FFFFFF
3102	#F8EFEE	#FEFEFE
3103	#F1DFDC	#FDFDFD
3104	#EDEBF5	#FEFEFE
3105	#F5E8E6	#FEFEFE
3106	#F8F7FB	#FFFFFF
3107	#F5E8E7	#FEFEFE
3108	#EAE7F4	#FDFDFD
3109	#FEFEFF	#FFFFFF
3110	#FFFEFE	#FFFFFF
3111	#FCF7F7	#FFFFFF
3112	#F5E8E6	#FEFEFE
3113	#F8F0EF	#FEFEFE
3114	#F3E4E2	#FDFDFD
3115	#E9CFCC	#FBFBFB
3116	#EED9D6	#FBFBFB
3117	#F5F4FA	#FEFEFE
3118	#FDF9F9	#FFFFFF
3119	#F3F1F9	#FEFEFE
3120	#FBF5F4	#FEFEFE
3121	#F9F2F1	#FEFEFE
3122	#F9F2F1	#FEFEFE
3123	#F1E0DE	#FDFDFD
3124	#ECD4D1	#FAFAFA
3125	#E8CCC8	#F9F9F9
3127	#EAD2CE	#FDFDFD
3128	#F9F1F0	#FEFEFE
3129	#E8CCC9	#FAFAFA
3130	#FCF9F8	#FFFFFF
3131	#EFDCD9	#FDFDFD
3132	#F6EBE9	#FDFDFD
3133	#E6C8C4	#F9F9F9
3134	#E9CFCB	#FCFCFC
3135	#F7ECEA	#FEFEFE
3136	#EDD6D4	#FCFCFC
3137	#FCF8F7	#FFFFFF
3138	#E5E1F1	#FDFDFD
3139	#FAF3F2	#FFFFFF
3140	#F1DFDD	#FDFDFD
3141	#EAD1CE	#FDFDFD
3142	#ECD6D3	#FCFCFC
3143	#DBB3AE	#F7F7F7
3144	#F4E5E3	#FDFDFD
3145	#E0BDB9	#FBFBFB
3146	#F2E1DF	#FCFCFC
3147	#FAF4F3	#FFFFFF
3148	#FCF8F8	#FFFFFF
3149	#F6EAE9	#FEFEFE
3150	#FAF5F4	#FEFEFE
3151	#FDFAFA	#FFFFFF
3152	#FDFDFE	#FFFFFF
3153	#F6F5FA	#FEFEFE
3154	#F8F7FB	#FFFFFF
3155	#EED9D7	#FDFDFD
3156	#EFDAD8	#FDFDFD
3157	#FAF9FC	#FFFFFF
3158	#FEFCFC	#FFFFFF
3159	#FEFDFD	#FFFFFF
3160	#FCF7F7	#FFFFFF
3161	#EAE7F4	#FDFDFD
3162	#F0DDDB	#FCFCFC
3163	#FFFEFE	#FFFFFF
3164	#F4E6E4	#FDFDFD
3165	#F4E7E5	#FDFDFD
3166	#F3E4E3	#FDFDFD
3167	#E4C4C0	#FBFBFB
3168	#FAF9FC	#FFFFFF
3169	#FAF3F3	#FEFEFE
3170	#FFFEFE	#FFFFFF
3171	#F5E9E7	#FDFDFD
3172	#F5E9E7	#FDFDFD
3173	#EAD1CE	#FAFAFA
3174	#F1E0DD	#FCFCFC
3175	#EBD3D0	#FAFAFA
3176	#EFDBD8	#FCFCFC
3177	#EBD3D0	#FBFBFB
3178	#F2E1DF	#FDFDFD
3179	#F4E5E3	#FEFEFE
3180	#F7ECEB	#FEFEFE
3181	#F9F1F0	#FEFEFE
3183	#D9AFA9	#F6F6F6
3184	#FBF5F4	#FEFEFE
3185	#E6C8C4	#FBFBFB
3186	#E7CAC6	#FDFDFD
3187	#F4E6E4	#FEFEFE
3188	#F5E9E7	#FEFEFE
3189	#FFFFFF	#FFFFFF
3190	#F0DEDC	#FDFDFD
3191	#FAF3F2	#FFFFFF
3192	#F4E7E5	#FDFDFD
3193	#F0DEDC	#FCFCFC
3194	#DAB1AC	#F7F7F7
3195	#FEFCFC	#FFFFFF
3196	#FFFEFE	#FFFFFF
3197	#FAF4F4	#FEFEFE
3198	#E5C6C2	#FAFAFA
3199	#EAD0CD	#FAFAFA
3200	#E9CFCC	#FAFAFA
3201	#F6E9E8	#FDFDFD
3202	#F2E1DF	#FCFCFC
3203	#F8EFEE	#FEFEFE
3204	#F9F1F0	#FEFEFE
3205	#FDFAFA	#FFFFFF
3206	#F5E9E7	#FEFEFE
3207	#F7ECEA	#FEFEFE
3208	#FCF7F7	#FFFFFF
3209	#FEFBFB	#FFFFFF
3210	#FFFEFE	#FFFFFF
3211	#FBF6F5	#FFFFFF
3212	#F1E0DE	#FDFDFD
3213	#F7F6FB	#FEFEFE
3214	#F2F0F8	#FEFEFE
3215	#FDFBFA	#FFFFFF
3216	#F3E5E3	#FDFDFD
3217	#E3C2BD	#FCFCFC
3218	#F0DEDB	#FCFCFC
3219	#F9F8FC	#FFFFFF
3220	#F2E1DF	#FCFCFC
3221	#FBF6F5	#FFFFFF
3222	#F7ECEB	#FEFEFE
3223	#F9F2F1	#FEFEFE
3224	#F7EDEB	#FEFEFE
3225	#E2C1BD	#FAFAFA
3226	#F2E3E1	#FDFDFD
3228	#F5E9E7	#FEFEFE
3229	#F5E8E6	#FDFDFD
3230	#EED9D6	#FDFDFD
3231	#FAF4F3	#FFFFFF
3232	#EFDBD8	#FDFDFD
3233	#F8F7FB	#FFFFFF
3234	#F3E4E2	#FCFCFC
3235	#F4E6E4	#FEFEFE
3236	#F4E6E4	#FEFEFE
3237	#DCB5B0	#FCFCFC
3238	#EED8D6	#FDFDFD
3239	#F3E5E3	#FEFEFE
3240	#FAF4F3	#FEFEFE
3241	#DDB7B3	#FCFCFC
3242	#FAF3F2	#FFFFFF
3243	#FDFAFA	#FFFFFF
3244	#ECD6D3	#FBFBFB
3245	#E5C6C2	#FAFAFA
3246	#E7CBC7	#FBFBFB
3247	#FDFAF9	#FFFFFF
3248	#F6EAE8	#FEFEFE
3249	#F6EAE8	#FEFEFE
3250	#F5E9E7	#FDFDFD
3251	#EFDCD9	#FBFBFB
3252	#E9CFCB	#FBFBFB
3253	#E7CBC7	#FAFAFA
3254	#F8F7FB	#FFFFFF
3255	#F4F2F9	#FEFEFE
3256	#F8F0EF	#FEFEFE
3257	#F8EFEE	#FEFEFE
3258	#E7CBC7	#FCFCFC
3259	#FCF7F6	#FFFFFF
3260	#F8EEED	#FEFEFE
3261	#FBF5F5	#FFFFFF
3262	#FCF9F8	#FFFFFF
3263	#E8E4F2	#FDFDFD
3264	#FFFEFE	#FFFFFF
3265	#FCF8F8	#FFFFFF
3266	#F2E3E0	#FDFDFD
3267	#FAF3F3	#FEFEFE
3268	#F8EFEE	#FEFEFE
3269	#F9F1F0	#FEFEFE
3270	#F1E0DE	#FCFCFC
3271	#F9F1F0	#FEFEFE
3272	#FFFEFE	#FFFFFF
3273	#F7EDEC	#FEFEFE
3274	#F6E9E8	#FEFEFE
3275	#F3E3E1	#FEFEFE
3276	#E9CECA	#F9F9F9
3277	#EED9D6	#FBFBFB
3278	#FDF9F9	#FFFFFF
3279	#E4C5C1	#FAFAFA
3280	#EED9D7	#FDFDFD
3281	#DFBAB6	#FBFBFB
3282	#F5E8E6	#FEFEFE
3284	#EEDAD7	#FCFCFC
3285	#FDFAF9	#FFFFFF
3286	#F8EEED	#FEFEFE
3287	#F5E9E8	#FEFEFE
3288	#F1E0DE	#FEFEFE
3289	#F1E0DD	#FEFEFE
3290	#FBF6F5	#FFFFFF
3291	#DAB2AC	#FCFCFC
3292	#F8EFEE	#FEFEFE
3293	#F7ECEB	#FEFEFE
3294	#EAD2CE	#FBFBFB
3295	#F9F1F0	#FEFEFE
3296	#F1E0DE	#FDFDFD
3297	#F4E5E3	#FDFDFD
3298	#E7CAC7	#FAFAFA
3299	#E7CAC7	#F9F9F9
3300	#EDD7D4	#FBFBFB
3301	#F4E6E4	#FDFDFD
3302	#F2E1DF	#FCFCFC
3303	#EDD8D5	#FAFAFA
3304	#EBD4D0	#FBFBFB
3305	#F3E4E2	#FDFDFD
3306	#E8CDC9	#FBFBFB
3307	#EDD7D4	#FCFCFC
3308	#F9F8FC	#FFFFFF
3309	#FEFDFE	#FFFFFF
3310	#FBFAFD	#FFFFFF
3311	#F8EFEE	#FEFEFE
3312	#FEFCFC	#FFFFFF
3313	#E6E2F1	#FDFDFD
3314	#F5F4FA	#FEFEFE
3315	#FEFEFE	#FFFFFF
3316	#F1DFDD	#FCFCFC
3317	#F0DDDB	#FDFDFD
3318	#FCF7F6	#FFFFFF
3319	#E9CFCC	#F9F9F9
3320	#F7ECEB	#FEFEFE
3321	#F3F1F8	#FEFEFE
3322	#F7EDEB	#FEFEFE
3323	#F8EFEE	#FEFEFE
3324	#FEFCFC	#FFFFFF
3325	#F3E4E2	#FDFDFD
3326	#F6EAE8	#FEFEFE
3327	#F5E7E5	#FEFEFE
3329	#FEFDFD	#FFFFFF
3330	#F3E4E2	#FDFDFD
3331	#F1E0DE	#FDFDFD
3332	#F3E4E2	#FDFDFD
3333	#F0DDDA	#FDFDFD
3334	#FAF2F1	#FEFEFE
3335	#F1DFDC	#FDFDFD
3336	#F7ECEB	#FEFEFE
3337	#F3E4E3	#FEFEFE
3338	#FDF9F9	#FFFFFF
3339	#F4E5E3	#FEFEFE
3340	#ECD4D1	#FDFDFD
3341	#EED9D6	#FEFEFE
3342	#F3E5E3	#FEFEFE
3343	#FEFDFD	#FFFFFF
3344	#EFDBD9	#FCFCFC
3345	#E8CDC9	#FBFBFB
3346	#FEFEFE	#FFFFFF
3347	#EED9D6	#FDFDFD
3348	#EBD3D0	#FBFBFB
3349	#EED9D7	#FCFCFC
3350	#EDD8D5	#FBFBFB
3351	#E8CDC9	#F9F9F9
3352	#FCF8F8	#FFFFFF
3353	#ECD6D3	#FBFBFB
3354	#F0DDDA	#FCFCFC
3355	#EEDAD7	#FCFCFC
3356	#FCF8F8	#FFFFFF
3357	#F3E4E2	#FDFDFD
3358	#F5E7E6	#FEFEFE
3359	#F0EEF7	#FEFEFE
3360	#F6F4FA	#FFFFFF
3361	#F4E6E5	#FEFEFE
3362	#EEECF6	#FEFEFE
3363	#F2E1DF	#FEFEFE
3364	#FDFAFA	#FFFFFF
3365	#F5E8E6	#FEFEFE
3366	#EDEAF5	#FEFEFE
3367	#F2E2E0	#FDFDFD
3368	#FDFDFE	#FFFFFF
3369	#EAD0CD	#FDFDFD
3370	#F2E2E0	#FDFDFD
3371	#F9F9FC	#FFFFFF
3372	#FAF3F2	#FEFEFE
3373	#F7ECEB	#FEFEFE
3374	#F7EEEC	#FEFEFE
3375	#FDFDFE	#FFFFFF
3376	#EDD7D4	#FCFCFC
3377	#F5E8E6	#FEFEFE
3378	#F8EEED	#FEFEFE
3379	#FAF3F2	#FEFEFE
3380	#F9F1F0	#FEFEFE
3381	#FDFBFB	#FFFFFF
3382	#F0DDDB	#FDFDFD
3383	#FAF3F3	#FFFFFF
3385	#FAF3F2	#FFFFFF
3386	#FDFBFB	#FFFFFF
3387	#FEFDFD	#FFFFFF
3388	#FDFDFE	#FFFFFF
3389	#EAE8F4	#FDFDFD
3390	#F4F2F9	#FEFEFE
3391	#F7EEEC	#FEFEFE
3392	#FFFEFF	#FFFFFF
3393	#F2E1DF	#FDFDFD
3394	#F2F0F8	#FEFEFE
3395	#F8EFED	#FEFEFE
3396	#FEFEFE	#FFFFFF
3397	#E8CDC9	#FCFCFC
3398	#FAF3F2	#FEFEFE
3399	#F8EFEE	#FEFEFE
3400	#FDFDFE	#FFFFFF
3401	#F7F5FA	#FFFFFF
3402	#FCFCFE	#FFFFFF
3403	#DAD5EB	#FBFBFB
3404	#FCF7F6	#FFFFFF
3405	#FDFAF9	#FFFFFF
3406	#EAE7F4	#FDFDFD
3407	#FEFCFC	#FFFFFF
3408	#FBF6F5	#FFFFFF
3409	#F9F2F1	#FEFEFE
3410	#EFDCD9	#FCFCFC
3411	#E0BEB9	#FDFDFD
3412	#F9F2F1	#FEFEFE
3413	#F6E9E8	#FEFEFE
3414	#F2E2E0	#FDFDFD
3415	#EED9D6	#FCFCFC
3416	#F4E6E4	#FEFEFE
3417	#F9F1F0	#FEFEFE
3418	#FAF3F3	#FEFEFE
3419	#F8EEED	#FEFEFE
3420	#FFFFFF	#FFFFFF
3421	#F0EDF7	#FEFEFE
3422	#FDFBFA	#FFFFFF
3423	#FCF8F7	#FFFFFF
3424	#F1EFF8	#FEFEFE
3425	#EDEBF5	#FEFEFE
3426	#F2F1F8	#FEFEFE
3427	#F4F2F9	#FEFEFE
3428	#F8F7FB	#FFFFFF
3430	#FAFAFC	#FFFFFF
3431	#FDFAF9	#FFFFFF
3432	#E9E6F3	#FDFDFD
3433	#FBF6F6	#FEFEFE
3434	#FAF4F3	#FEFEFE
3435	#FAF9FC	#FFFFFF
3436	#F5F4FA	#FEFEFE
3437	#F4F3F9	#FEFEFE
3438	#E5E2F1	#FCFCFC
3439	#F0DEDB	#FCFCFC
3440	#F8EFEE	#FEFEFE
3441	#FCF8F8	#FFFFFF
3442	#F1EFF7	#FEFEFE
3443	#E4E1F1	#FBFBFB
3444	#FAF3F2	#FEFEFE
3445	#F7ECEB	#FEFEFE
3446	#FEFCFC	#FFFFFF
3447	#FFFFFF	#FFFFFF
3448	#FDFAFA	#FFFFFF
3449	#EFEDF6	#FEFEFE
3450	#C7C0E1	#F7F7F7
3451	#D5D0E8	#F9F9F9
3452	#EDEAF5	#FEFEFE
3453	#FBF6F5	#FFFFFF
3454	#F0EEF7	#FEFEFE
3455	#EAE7F4	#FDFDFD
3456	#F8F7FB	#FFFFFF
3457	#E9E6F3	#FEFEFE
3458	#FCF9F8	#FFFFFF
3459	#EBD4D1	#FCFCFC
3460	#F6EAE8	#FEFEFE
3461	#EBD4D1	#FCFCFC
3462	#EAD0CD	#FDFDFD
3463	#F5E7E6	#FEFEFE
3464	#E9CECB	#FCFCFC
3465	#DFBAB6	#F8F8F8
3466	#F2E2DF	#FEFEFE
3467	#FDFBFB	#FFFFFF
3468	#F9F2F1	#FEFEFE
3469	#FBFBFD	#FFFFFF
3470	#FCF7F7	#FFFFFF
3471	#F6E9E8	#FEFEFE
3472	#F4F2F9	#FEFEFE
3473	#F4E6E4	#FDFDFD
3474	#EDEAF5	#FEFEFE
3475	#EDD7D4	#FCFCFC
3476	#FCFBFD	#FFFFFF
3477	#FCF7F6	#FFFFFF
3478	#F7F6FB	#FFFFFF
3479	#FEFEFF	#FFFFFF
3480	#F5E9E7	#FEFEFE
3481	#F4E7E5	#FDFDFD
3482	#FAF9FC	#FFFFFF
3483	#F9F0EF	#FEFEFE
3484	#F9F1F0	#FEFEFE
3486	#F2E1DF	#FEFEFE
3487	#F3E4E3	#FDFDFD
3488	#FBF6F5	#FFFFFF
3489	#DAB1AC	#F9F9F9
3490	#EFDCD9	#FEFEFE
3491	#DEB9B4	#FCFCFC
3492	#E2C1BD	#FCFCFC
3493	#FAF3F2	#FFFFFF
3494	#FBF6F5	#FFFFFF
3495	#F8F0EE	#FEFEFE
3496	#E8CDC9	#FCFCFC
3497	#F1DEDC	#FDFDFD
3498	#E3C3BF	#FAFAFA
3499	#EFDBD9	#FDFDFD
3500	#EFDCD9	#FDFDFD
3501	#F7EDEB	#FEFEFE
3502	#E8CCC8	#F9F9F9
3503	#F6E9E8	#FEFEFE
3504	#EAD1CE	#F9F9F9
3505	#E5C7C3	#F9F9F9
3506	#E1BEBA	#F3F3F3
3507	#FBFAFD	#FFFFFF
3508	#FAF4F4	#FEFEFE
3509	#F8F0EF	#FEFEFE
3510	#FEFDFE	#FFFFFF
3511	#F0DEDC	#FDFDFD
3512	#F2F0F8	#FEFEFE
3513	#FEFEFF	#FFFFFF
3514	#F0EEF7	#FEFEFE
3515	#EAE7F3	#FDFDFD
3516	#FDFDFE	#FFFFFF
3517	#FEFEFF	#FFFFFF
3518	#F7ECEB	#FEFEFE
3519	#F3F2F9	#FEFEFE
3520	#EEDAD7	#FDFDFD
3521	#FBF5F5	#FEFEFE
3522	#EED9D6	#FAFAFA
3523	#FCFBFD	#FFFFFF
3524	#F4E6E4	#FDFDFD
3525	#E6C8C4	#F9F9F9
3526	#F5E8E6	#FEFEFE
3527	#F1DFDD	#FDFDFD
3528	#F8EFEE	#FEFEFE
3529	#FBF5F5	#FFFFFF
3531	#F1E0DE	#FDFDFD
3532	#F0DDDA	#FDFDFD
3533	#F5E8E6	#FEFEFE
3534	#E8CDCA	#FBFBFB
3535	#D5A8A3	#F7F7F7
3536	#E7CAC6	#FCFCFC
3537	#F7ECEA	#FEFEFE
3538	#EED8D5	#FDFDFD
3539	#F2E2E0	#FDFDFD
3540	#F6EBEA	#FEFEFE
3541	#ECD4D1	#FBFBFB
3542	#F1E0DE	#FEFEFE
3543	#ECD5D2	#FDFDFD
3544	#FDFBFB	#FFFFFF
3545	#E3C2BE	#FAFAFA
3546	#FBF6F6	#FFFFFF
3547	#F1DFDC	#FCFCFC
3548	#F1E0DE	#FDFDFD
3549	#FCF8F8	#FFFFFF
3550	#F3E3E1	#FDFDFD
3551	#F9F1F0	#FEFEFE
3552	#EBD2CF	#FBFBFB
3553	#DDB6B1	#F4F4F4
3554	#EED8D5	#FCFCFC
3555	#F0DCDA	#FBFBFB
3556	#F6EAE8	#FDFDFD
3557	#E8CDCA	#F7F7F7
3558	#F2E1DF	#FCFCFC
3559	#FEFEFF	#FFFFFF
3560	#ECE9F5	#FEFEFE
3561	#F6EAE8	#FEFEFE
3562	#F7EDEB	#FEFEFE
3563	#FAFAFC	#FFFFFF
3564	#F7F6FB	#FFFFFF
3565	#D6D1E9	#FBFBFB
3566	#F5E8E6	#FEFEFE
3567	#FFFFFF	#FFFFFF
3568	#FCF8F8	#FFFFFF
3569	#F7ECEA	#FEFEFE
3570	#E9CECB	#FBFBFB
3571	#FBF5F4	#FFFFFF
3572	#FBF7F6	#FFFFFF
3573	#FAF4F4	#FEFEFE
3574	#FDF9F9	#FFFFFF
3575	#F8EEED	#FEFEFE
3576	#F8F7FB	#FFFFFF
3577	#EFDBD9	#FEFEFE
3578	#FAF4F3	#FEFEFE
3579	#F3E4E2	#FDFDFD
3580	#F0DEDC	#FDFDFD
3581	#F3E4E2	#FDFDFD
3582	#EBD3D0	#FDFDFD
3583	#F8F0EF	#FEFEFE
3584	#EFDAD8	#FCFCFC
3585	#F7ECEB	#FEFEFE
3587	#F2E1DF	#FDFDFD
3588	#FCF8F8	#FFFFFF
3589	#FBF5F5	#FFFFFF
3590	#E3C3BE	#FBFBFB
3591	#F8EFEE	#FEFEFE
3592	#E1DDEF	#FDFDFD
3593	#F2F0F8	#FEFEFE
3594	#D1A09A	#F9F9F9
3595	#E6C9C5	#FBFBFB
3596	#D8ADA8	#F8F8F8
3597	#EBD3D0	#FCFCFC
3598	#F2E2E0	#FDFDFD
3599	#E6C9C5	#FDFDFD
3600	#FEFEFE	#FFFFFF
3601	#EDD7D4	#FCFCFC
3602	#DBB2AD	#F9F9F9
3603	#E5C7C3	#FAFAFA
3604	#E6C9C5	#F8F8F8
3605	#E4C5C1	#F9F9F9
3606	#EFDCD9	#FBFBFB
3607	#E8CDCA	#F9F9F9
3608	#EAD1CE	#F9F9F9
3609	#FCF8F8	#FFFFFF
3610	#FBF6F5	#FEFEFE
3611	#E6E2F1	#FEFEFE
3612	#FDFAFA	#FFFFFF
3613	#F1EFF7	#FEFEFE
3614	#EDEAF5	#FEFEFE
3615	#DAD5EB	#FBFBFB
3616	#FCF9F8	#FFFFFF
3617	#FDFBFB	#FFFFFF
3618	#EDEBF5	#FEFEFE
3619	#F1EFF7	#FEFEFE
3620	#F8F7FB	#FFFFFF
3621	#FAF2F1	#FEFEFE
3622	#FFFEFF	#FFFFFF
3623	#E9D0CC	#FCFCFC
3624	#F4E7E5	#FDFDFD
3625	#E9CFCC	#FBFBFB
3626	#F1E0DE	#FDFDFD
3627	#EBD2CF	#FCFCFC
3628	#EDD7D4	#FEFEFE
3629	#F5E7E6	#FEFEFE
3630	#FBF5F4	#FFFFFF
3632	#F6EAE9	#FEFEFE
3633	#F2E1DF	#FDFDFD
3634	#F6EAE9	#FEFEFE
3635	#EDD7D4	#FCFCFC
3636	#F8EFED	#FEFEFE
3637	#E9CECA	#FCFCFC
3638	#F0DEDC	#FDFDFD
3639	#D4A6A0	#FAFAFA
3640	#FDFCFE	#FFFFFF
3641	#FFFEFE	#FFFFFF
3642	#C28780	#FAFAFA
3643	#DEB9B5	#F8F8F8
3644	#FAF3F2	#FFFFFF
3645	#F7EDEB	#FEFEFE
3646	#F7EDEB	#FEFEFE
3647	#F5E8E6	#FDFDFD
3648	#F5E8E6	#FEFEFE
3649	#F6EBEA	#FEFEFE
3650	#FAF3F2	#FFFFFF
3651	#EED9D6	#FCFCFC
3652	#E9D0CC	#FBFBFB
3653	#F5E8E6	#FDFDFD
3654	#E0BCB8	#FAFAFA
3655	#EDD7D4	#FCFCFC
3656	#EFDAD8	#FBFBFB
3657	#E9CECB	#F8F8F8
3658	#CB958F	#F1F1F1
3659	#EAD1CE	#F9F9F9
3660	#F7ECEA	#FEFEFE
3661	#E8CCC9	#F9F9F9
3662	#F8F7FB	#FFFFFF
3663	#F8F6FB	#FFFFFF
3664	#FCF7F7	#FFFFFF
3665	#FCFCFD	#FFFFFF
3666	#EFEDF6	#FEFEFE
3667	#F7ECEA	#FEFEFE
3668	#F7F5FA	#FFFFFF
3669	#FBFAFD	#FFFFFF
3670	#F7EDEB	#FEFEFE
3671	#F6EAE9	#FEFEFE
3672	#E6C8C4	#FBFBFB
3673	#FAFAFC	#FFFFFF
3674	#EFDBD9	#FCFCFC
3675	#FAF9FC	#FFFFFF
3676	#E3C2BE	#FAFAFA
3677	#F7ECEA	#FEFEFE
3678	#F8F7FB	#FFFFFF
3679	#E7CBC8	#FDFDFD
3680	#FDFDFE	#FFFFFF
3681	#FAF4F4	#FFFFFF
3682	#FBFBFD	#FFFFFF
3683	#F5E8E6	#FEFEFE
3684	#F7ECEB	#FEFEFE
3685	#F5E9E7	#FEFEFE
3686	#F5E8E6	#FDFDFD
3688	#E9D0CC	#FCFCFC
3689	#F0DEDC	#FDFDFD
3690	#F8F0EF	#FEFEFE
3691	#FAF3F2	#FEFEFE
3692	#F6EAE9	#FEFEFE
3693	#E1BEB9	#FBFBFB
3694	#F7ECEB	#FEFEFE
3695	#FAF2F1	#FEFEFE
3696	#FDFBFA	#FFFFFF
3697	#FCF8F8	#FFFFFF
3698	#FCF9F8	#FFFFFF
3699	#F5E9E7	#FDFDFD
3700	#FCFCFE	#FFFFFF
3701	#E0BCB8	#FAFAFA
3702	#E5C6C2	#F7F7F7
3703	#E6C8C4	#FAFAFA
3704	#E2C1BD	#F8F8F8
3705	#FAF3F2	#FEFEFE
3706	#E3C3BF	#F4F4F4
3707	#F1E0DD	#FCFCFC
3708	#E7CBC7	#FAFAFA
3709	#E4C5C0	#F8F8F8
3710	#F2E1DF	#FDFDFD
3711	#FBF5F4	#FEFEFE
3712	#F6E9E8	#FEFEFE
3713	#F6EBEA	#FEFEFE
3714	#FCF8F7	#FFFFFF
3715	#EAE7F4	#FEFEFE
3716	#FCF8F7	#FFFFFF
3717	#FCF8F8	#FFFFFF
3718	#F2F0F8	#FEFEFE
3719	#F2F0F8	#FEFEFE
3720	#F8F7FB	#FFFFFF
3721	#FEFEFD	#FFFFFF
3722	#F1DFDD	#FDFDFD
3723	#F6EBE9	#FEFEFE
3724	#D8ADA8	#F8F8F8
3725	#F6EBEA	#FEFEFE
3726	#EFDBD8	#FCFCFC
3727	#FDFCFE	#FFFFFF
3728	#FEFCFC	#FFFFFF
3729	#FFFFFF	#FFFFFF
3730	#F8EFEE	#FEFEFE
3731	#F9F1F0	#FEFEFE
3733	#F2E1DE	#FDFDFD
3734	#E3C2BE	#FCFCFC
3735	#FCFCFD	#FFFFFF
3736	#F2E1DF	#FEFEFE
3737	#FDFAF9	#FFFFFF
3738	#F0DEDC	#FDFDFD
3739	#DFBAB6	#F9F9F9
3740	#F4E5E3	#FEFEFE
3741	#F1DFDD	#FDFDFD
3742	#E8CCC8	#FDFDFD
3743	#F2F0F8	#FEFEFE
3744	#FCF8F7	#FFFFFF
3745	#F4E5E3	#FEFEFE
3746	#FAF9FC	#FFFFFF
3747	#F1E1DE	#FDFDFD
3748	#EFDCD9	#FEFEFE
3749	#E8CDCA	#FAFAFA
3750	#E6C9C5	#F9F9F9
3751	#D7ACA7	#FBFBFB
3752	#DBB2AD	#F7F7F7
3753	#F6EAE9	#FDFDFD
3754	#EED9D7	#FCFCFC
3755	#F3E3E1	#FEFEFE
3756	#EFDAD8	#FBFBFB
3757	#F3E4E2	#FCFCFC
3758	#F7EDEC	#FEFEFE
3759	#F0DDDA	#FCFCFC
3760	#F3E4E2	#FDFDFD
3761	#FEFDFD	#FFFFFF
3762	#F9F1F0	#FEFEFE
3763	#F7EEEC	#FEFEFE
3764	#F1EFF7	#FEFEFE
3765	#FCFCFD	#FFFFFF
3766	#FBFBFD	#FFFFFF
3767	#FBF7F6	#FFFFFF
3768	#F0EEF7	#FEFEFE
3769	#F7F6FB	#FFFFFF
3770	#FCF8F7	#FFFFFF
3771	#FCF9F8	#FFFFFF
3772	#FDFDFE	#FFFFFF
3773	#F5E9E7	#FEFEFE
3774	#EFDCD9	#FDFDFD
3775	#F8EFEE	#FEFEFE
3776	#FAF2F1	#FEFEFE
3777	#FEFCFC	#FFFFFF
3778	#FBF6F5	#FFFFFF
3779	#F6F4FA	#FFFFFF
3780	#E9CFCC	#FBFBFB
3781	#EDD7D4	#FDFDFD
3782	#FEFCFC	#FFFFFF
3783	#F6EBEA	#FEFEFE
3784	#F7ECEB	#FEFEFE
3785	#FEFDFD	#FFFFFF
3786	#FAF3F2	#FFFFFF
3787	#F5E9E7	#FEFEFE
3789	#DEB9B4	#FCFCFC
3790	#FAF3F2	#FFFFFF
3791	#FFFFFF	#FFFFFF
3792	#F3F1F8	#FFFFFF
3793	#F3E3E1	#FEFEFE
3794	#F2F0F8	#FEFEFE
3795	#F8EEED	#FEFEFE
3796	#EDEBF5	#FEFEFE
3797	#E9CFCC	#FDFDFD
3798	#F4E6E5	#FEFEFE
3799	#EDD8D5	#FCFCFC
3800	#EDD7D4	#FBFBFB
3801	#F3E3E1	#FDFDFD
3802	#E9CFCC	#FAFAFA
3803	#F5E8E7	#FDFDFD
3804	#F0DEDC	#FCFCFC
3805	#E0BCB8	#F8F8F8
3806	#E4C4C0	#F9F9F9
3807	#E4C4C0	#F8F8F8
3808	#F1DFDC	#FCFCFC
3809	#F7ECEB	#FEFEFE
3810	#F1E0DE	#FEFEFE
3811	#EEDAD7	#FCFCFC
3812	#F3E4E2	#FDFDFD
3813	#EBD3D0	#FAFAFA
3814	#F5F4FA	#FEFEFE
3815	#F4E6E4	#FDFDFD
3816	#F8F0EF	#FEFEFE
3817	#DFDAEE	#FCFCFC
3818	#F3F1F9	#FEFEFE
3819	#F4F2F9	#FEFEFE
3820	#FCF8F7	#FFFFFF
3821	#F8F0EF	#FEFEFE
3822	#F0DEDB	#FDFDFD
3823	#F4E5E3	#FEFEFE
3824	#FAF3F2	#FEFEFE
3825	#FAF9FC	#FFFFFF
3826	#FFFEFE	#FFFFFF
3827	#F7F6FB	#FFFFFF
3828	#F7EEEC	#FEFEFE
3829	#F0EEF7	#FEFEFE
3830	#F8EFEE	#FEFEFE
3831	#FDF9F9	#FFFFFF
3832	#EDD6D4	#FEFEFE
3834	#FAF9FC	#FFFFFF
3835	#F5E7E5	#FEFEFE
3836	#FDFBFB	#FFFFFF
3837	#FEFDFE	#FFFFFF
3838	#E8CDC9	#FBFBFB
3839	#E6C9C5	#FBFBFB
3840	#F8EFEE	#FEFEFE
3841	#F0DDDA	#FCFCFC
3842	#ECD6D3	#FDFDFD
3843	#EAD0CC	#FDFDFD
3844	#F8EEED	#FEFEFE
3845	#E9CFCC	#FDFDFD
3846	#FAF3F3	#FEFEFE
3847	#EDD6D4	#FBFBFB
3848	#C9918B	#FBFBFB
3849	#F9F8FC	#FFFFFF
3850	#F5E8E6	#FEFEFE
3851	#F8EFEE	#FEFEFE
3852	#B8766F	#F9F9F9
3853	#F2E1DF	#FDFDFD
3854	#F2E1DE	#FCFCFC
3855	#E8CCC9	#FCFCFC
3856	#E2C1BC	#F7F7F7
3857	#FCF8F7	#FFFFFF
3858	#F2E2E0	#FDFDFD
3859	#E2C1BC	#F6F6F6
3860	#E3C2BE	#F9F9F9
3861	#F4E6E4	#FCFCFC
3862	#F7ECEB	#FEFEFE
3863	#F2E2E0	#FEFEFE
3864	#F6EBE9	#FEFEFE
3865	#F1EFF7	#FEFEFE
3866	#FCF7F7	#FFFFFF
3867	#E8CCC9	#FBFBFB
3868	#F0EEF7	#FEFEFE
3869	#F6EBEA	#FEFEFE
3870	#FFFEFE	#FFFFFF
3871	#FDFCFE	#FFFFFF
3872	#F8EEED	#FEFEFE
3873	#FCF8F7	#FFFFFF
3874	#E8CDCA	#FDFDFD
3875	#F6F4FA	#FEFEFE
3876	#F7F5FA	#FFFFFF
3877	#FCFCFD	#FFFFFF
3878	#F5E8E7	#FEFEFE
3879	#FAF3F2	#FEFEFE
3880	#F1E0DE	#FDFDFD
3881	#F8EFEE	#FEFEFE
3882	#EDEAF5	#FEFEFE
3883	#FDFAF9	#FFFFFF
3884	#F1EFF8	#FEFEFE
3885	#EAE7F4	#FEFEFE
3886	#FFFFFF	#FFFFFF
3887	#F6F5FA	#FEFEFE
3888	#FDFCFE	#FFFFFF
3890	#F7EDEC	#FEFEFE
3891	#CF9C96	#F8F8F8
3892	#F9F1F0	#FEFEFE
3893	#FBF6F5	#FFFFFF
3894	#F5E9E7	#FEFEFE
3895	#F3F2F9	#FEFEFE
3896	#EDEAF5	#FEFEFE
3897	#FAF3F2	#FFFFFF
3898	#F2E1DF	#FDFDFD
3899	#F2E2E0	#FEFEFE
3900	#EBD4D0	#FCFCFC
3901	#EED9D6	#FDFDFD
3902	#F5E8E7	#FEFEFE
3903	#F1E0DD	#FCFCFC
3904	#F5E9E7	#FEFEFE
3905	#FCF9F8	#FFFFFF
3906	#ECD5D2	#FBFBFB
3907	#E5C6C3	#FAFAFA
3908	#F1E0DD	#FDFDFD
3909	#F9F0EF	#FEFEFE
3910	#F0DEDC	#FBFBFB
3911	#FAF4F3	#FEFEFE
3912	#F8EEED	#FEFEFE
3913	#AE655E	#F6F6F6
3914	#F4E5E3	#FDFDFD
3915	#FEFDFD	#FFFFFF
3916	#FFFFFF	#FFFFFF
3917	#F8F8FB	#FFFFFF
3918	#FCF9F8	#FFFFFF
3919	#FAF4F3	#FFFFFF
3920	#ECE9F4	#FEFEFE
3921	#F7EDEB	#FEFEFE
3922	#F6EAE8	#FEFEFE
3923	#F6F5FA	#FEFEFE
3924	#E3C2BE	#FBFBFB
3925	#F7ECEB	#FEFEFE
3926	#F3F1F9	#FEFEFE
3927	#F9F2F1	#FEFEFE
3928	#FCF8F7	#FFFFFF
3929	#F8EEED	#FEFEFE
3930	#F6EAE8	#FDFDFD
3931	#EFDCDA	#FDFDFD
3932	#FDFCFE	#FFFFFF
3933	#EED8D5	#FCFCFC
3935	#E8CECA	#FBFBFB
3936	#FAF4F3	#FFFFFF
3937	#EAE7F4	#FDFDFD
3938	#F8F0EF	#FEFEFE
3939	#F8EFEE	#FEFEFE
3940	#F8F7FB	#FFFFFF
3941	#EEDAD7	#FCFCFC
3942	#EFDBD8	#FDFDFD
3943	#E2DEEF	#FDFDFD
3944	#EFDCD9	#FDFDFD
3945	#F7F5FA	#FFFFFF
3946	#F5F4FA	#FFFFFF
3947	#F7ECEB	#FEFEFE
3948	#FCF7F7	#FFFFFF
3949	#FFFFFF	#FFFFFF
3950	#F6EAE9	#FEFEFE
3951	#F4E7E5	#FEFEFE
3952	#EED9D6	#FDFDFD
3953	#E1BEBA	#FBFBFB
3954	#FEFCFC	#FFFFFF
3955	#E2C0BB	#F9F9F9
3956	#F2E1DF	#FDFDFD
3957	#F4E6E4	#FEFEFE
3958	#E9CFCC	#FBFBFB
3959	#DBB4AF	#F8F8F8
3960	#F3E4E2	#FDFDFD
3961	#EFDBD9	#FCFCFC
3962	#E8CDC9	#FAFAFA
3963	#F1E0DD	#FEFEFE
3964	#F3E4E2	#FDFDFD
3965	#F8EEED	#FEFEFE
3966	#F4E5E3	#FDFDFD
3967	#EBD3D0	#FCFCFC
3968	#F7ECEB	#FEFEFE
3969	#FBFBFD	#FFFFFF
3970	#FEFDFD	#FFFFFF
3971	#FDF9F9	#FFFFFF
3972	#FCFCFD	#FFFFFF
3973	#FFFEFE	#FFFFFF
3974	#F6F5FA	#FFFFFF
3975	#F8EFEE	#FEFEFE
3976	#FCF8F8	#FFFFFF
3977	#F2F0F8	#FEFEFE
3978	#F3F1F8	#FEFEFE
3979	#F2F0F8	#FEFEFE
3980	#DFBBB7	#FBFBFB
3981	#FDFBFA	#FFFFFF
3982	#E6C9C6	#FCFCFC
3983	#F7EDEC	#FEFEFE
3984	#F4E6E5	#FEFEFE
3985	#FCFCFD	#FFFFFF
3986	#EDD7D4	#FCFCFC
3987	#F7EDEB	#FEFEFE
3988	#EBD4D0	#FCFCFC
3989	#FEFCFC	#FFFFFF
4042	#F9F8FC	#FFFFFF
4043	#FEFEFF	#FFFFFF
4044	#F0EEF7	#FEFEFE
4045	#F3E5E3	#FDFDFD
4046	#FCF9F8	#FFFFFF
4047	#F1EFF8	#FEFEFE
4048	#FDFBFB	#FFFFFF
4049	#FCF9F8	#FFFFFF
4050	#F5F3FA	#FEFEFE
4051	#FDF9F9	#FFFFFF
4052	#E5E1F1	#FCFCFC
4053	#FAF4F3	#FEFEFE
4054	#FCFCFE	#FFFFFF
4055	#F6F5FA	#FEFEFE
4056	#FFFEFE	#FFFFFF
4057	#EBE8F4	#FDFDFD
4058	#E7E4F2	#FCFCFC
4059	#EFEDF6	#FDFDFD
4060	#FCF8F8	#FFFFFF
4061	#FDFDFE	#FFFFFF
4062	#F6F5FA	#FEFEFE
4063	#F1EFF8	#FEFEFE
4064	#EFEDF6	#FEFEFE
4065	#F9F0EF	#FEFEFE
4066	#FBF7F6	#FFFFFF
4067	#F4E7E5	#FEFEFE
4068	#F7F6FB	#FEFEFE
4069	#ECEAF5	#FEFEFE
4070	#F0DDDB	#FDFDFD
4071	#B06962	#F7F7F7
4072	#FBF6F5	#FFFFFF
4073	#F0DDDA	#FDFDFD
4074	#E0BDB8	#F7F7F7
4075	#E8CECA	#FBFBFB
4076	#EAE7F4	#FEFEFE
4077	#FDFDFE	#FFFFFF
4078	#FFFFFF	#FFFFFF
4079	#F9F8FC	#FFFFFF
4080	#FAFAFD	#FFFFFF
4081	#EBE8F4	#FDFDFD
4082	#F6F5FA	#FFFFFF
4083	#FBF6F5	#FFFFFF
4084	#FBF6F6	#FFFFFF
4085	#FEFEFE	#FFFFFF
4087	#FDF9F9	#FFFFFF
4088	#EED8D6	#FBFBFB
4089	#FFFFFF	#FFFFFF
4090	#FDFBFB	#FFFFFF
4091	#F0EEF7	#FEFEFE
4092	#F8F8FB	#FFFFFF
4093	#EAE7F4	#FEFEFE
4094	#E4C4C0	#FCFCFC
4095	#F8F6FB	#FFFFFF
4096	#FAF9FC	#FFFFFF
4097	#ECEAF5	#FDFDFD
4098	#FDF9F9	#FFFFFF
4099	#EAE8F4	#FDFDFD
4100	#F6EAE9	#FEFEFE
4101	#F0DDDB	#FBFBFB
4102	#FDFDFE	#FFFFFF
4103	#F5E8E6	#FEFEFE
4104	#F5F4FA	#FFFFFF
4105	#F6EBEA	#FEFEFE
4106	#FBF6F5	#FFFFFF
4107	#F4F2F9	#FEFEFE
4108	#FCF8F7	#FFFFFF
4109	#FBFAFD	#FFFFFF
4110	#FEFCFB	#FFFFFF
4111	#F2F0F8	#FEFEFE
4112	#FDFBFB	#FFFFFF
4113	#F9F1F0	#FEFEFE
4114	#F9F8FC	#FFFFFF
4115	#F8F7FB	#FFFFFF
4116	#EAE7F4	#FEFEFE
4117	#F9F0EF	#FEFEFE
4118	#F1E1DE	#FDFDFD
4119	#EFDCD9	#FDFDFD
4120	#E6C9C6	#FDFDFD
4121	#BF827B	#FAFAFA
4122	#C9928C	#F6F6F6
4123	#EDD8D5	#FDFDFD
4124	#F9F1EF	#FEFEFE
4125	#F5E8E7	#FDFDFD
4126	#F6E9E8	#FEFEFE
4127	#FEFEFF	#FFFFFF
4128	#F8EEED	#FEFEFE
4129	#FCF8F7	#FFFFFF
4130	#F8EFED	#FEFEFE
4131	#EAE7F4	#FDFDFD
4132	#FDFDFE	#FFFFFF
4133	#F9F2F1	#FEFEFE
4134	#F5F3F9	#FFFFFF
4135	#FCF8F7	#FFFFFF
4136	#FCF8F7	#FFFFFF
4137	#F2E1DF	#FCFCFC
4138	#F8EEED	#FDFDFD
4139	#F0EEF7	#FEFEFE
4140	#FDFCFE	#FFFFFF
4141	#FDFDFE	#FFFFFF
4143	#FCFCFE	#FFFFFF
4144	#F2E2E0	#FDFDFD
4145	#FDFDFE	#FFFFFF
4146	#FBFAFD	#FFFFFF
4147	#FBF6F6	#FFFFFF
4148	#FCF7F7	#FFFFFF
4149	#FDFAFA	#FFFFFF
4150	#FEFEFE	#FFFFFF
4151	#F6E9E8	#FDFDFD
4152	#F8F7FB	#FEFEFE
4153	#F9F1F0	#FEFEFE
4154	#F4E5E4	#FEFEFE
4155	#EAE7F4	#FDFDFD
4156	#E0DBEE	#FBFBFB
4157	#E9E6F3	#FCFCFC
4158	#F9F8FC	#FFFFFF
4159	#F6EBE9	#FDFDFD
4160	#F8F0EF	#FEFEFE
4161	#E6E2F1	#FDFDFD
4162	#E5E2F1	#FDFDFD
4163	#FBF7F6	#FFFFFF
4164	#FDFAF9	#FFFFFF
4165	#FBF5F4	#FFFFFF
4166	#F6EBE9	#FEFEFE
4167	#F8F7FB	#FFFFFF
4168	#F5E9E7	#FDFDFD
4169	#E6C8C4	#FBFBFB
4170	#F1E0DE	#FEFEFE
4171	#EAD1CE	#FDFDFD
4172	#EAD0CD	#FDFDFD
4173	#E5C6C2	#FAFAFA
4174	#EAD1CE	#FDFDFD
4175	#FFFEFE	#FFFFFF
4176	#DFBAB6	#F8F8F8
4177	#FFFFFF	#FFFFFF
4178	#FDFAF9	#FFFFFF
4179	#E2C1BD	#FCFCFC
4180	#F7ECEA	#FEFEFE
4181	#FFFFFF	#FFFFFF
4182	#F5E8E6	#FEFEFE
4183	#EEEBF6	#FEFEFE
4184	#F7ECEB	#FEFEFE
4185	#FDF9F9	#FFFFFF
4186	#F1E0DE	#FDFDFD
4188	#F7EEEC	#FEFEFE
4189	#FBFBFD	#FFFFFF
4190	#FDFAFA	#FFFFFF
4191	#E3DFF0	#FCFCFC
4192	#E8E5F3	#FDFDFD
4193	#FFFFFE	#FFFFFF
4194	#EBE8F4	#FEFEFE
4195	#FCF8F7	#FFFFFF
4196	#F1E0DE	#FCFCFC
4197	#F6EAE8	#FEFEFE
4198	#FDFBFB	#FFFFFF
4199	#FFFEFE	#FFFFFF
4200	#EDD7D4	#FDFDFD
4201	#F6F5FA	#FEFEFE
4202	#FBF7F6	#FFFFFF
4203	#F7EDEC	#FEFEFE
4204	#F2F0F8	#FEFEFE
4205	#F3F2F9	#FEFEFE
4206	#FFFFFF	#FFFFFF
4207	#EBE8F4	#FDFDFD
4208	#F8F7FB	#FFFFFF
4209	#FCFCFE	#FFFFFF
4210	#F1EEF7	#FEFEFE
4211	#F6F5FA	#FEFEFE
4212	#F0EEF7	#FEFEFE
4213	#F0EDF7	#FEFEFE
4214	#F5F4FA	#FEFEFE
4215	#EFECF6	#FEFEFE
4216	#FBFAFD	#FFFFFF
4217	#FAFAFC	#FFFFFF
4218	#F9F0EF	#FEFEFE
4219	#F6F4FA	#FEFEFE
4220	#F6EAE8	#FEFEFE
4221	#DDB8B3	#F9F9F9
4222	#E6C9C6	#FDFDFD
4223	#F1E0DE	#FEFEFE
4224	#E9CFCC	#FCFCFC
4225	#E4C5C1	#FBFBFB
4226	#E6C9C5	#FCFCFC
4227	#EED9D6	#FDFDFD
4228	#F9F2F1	#FEFEFE
4229	#FAF3F2	#FEFEFE
4230	#F4F2F9	#FEFEFE
4231	#F7EDEB	#FEFEFE
4232	#FCF8F7	#FFFFFF
4233	#F5F3F9	#FEFEFE
4234	#F0EEF7	#FEFEFE
4235	#FBFAFD	#FFFFFF
4236	#FFFEFE	#FFFFFF
4237	#EDD6D4	#FCFCFC
4238	#E4E0F0	#FCFCFC
4239	#F4E6E5	#FDFDFD
4240	#F9F2F1	#FEFEFE
4241	#FEFCFC	#FFFFFF
4242	#EBE8F4	#FDFDFD
4244	#FFFFFF	#FFFFFF
4245	#EED8D6	#FDFDFD
4246	#FDFDFE	#FFFFFF
4247	#F6EBE9	#FEFEFE
4248	#FCF8F8	#FFFFFF
4249	#F7ECEB	#FEFEFE
4250	#FCF8F8	#FFFFFF
4251	#F2F0F8	#FEFEFE
4252	#FDFAFA	#FFFFFF
4253	#F7EDEB	#FDFDFD
4254	#F2E1DF	#FCFCFC
4255	#FAF4F3	#FEFEFE
4256	#FEFEFF	#FFFFFF
4257	#FEFCFC	#FFFFFF
4258	#EFECF6	#FEFEFE
4259	#EFECF6	#FDFDFD
4260	#F7F6FB	#FEFEFE
4261	#F3F1F8	#FEFEFE
4262	#F1EFF7	#FEFEFE
4263	#E1DDEF	#FCFCFC
4264	#F5E8E6	#FEFEFE
4265	#FDFBFB	#FFFFFF
4266	#F7EDEC	#FEFEFE
4267	#F4E5E3	#FDFDFD
4268	#F2F0F8	#FEFEFE
4269	#F6F5FA	#FEFEFE
4270	#FBFAFD	#FFFFFF
4271	#F9F0EF	#FEFEFE
4272	#EFDBD8	#FCFCFC
4273	#E0BDB9	#FDFDFD
4274	#E7CBC8	#FDFDFD
4275	#DFBAB6	#F9F9F9
4276	#FBF5F4	#FFFFFF
4277	#E7CAC7	#FCFCFC
4278	#F6EBE9	#FEFEFE
4279	#E4C5C1	#FBFBFB
4280	#FEFCFC	#FFFFFF
4281	#F3E4E2	#FDFDFD
4282	#FEFDFD	#FFFFFF
4283	#E5E1F1	#FDFDFD
4284	#F4E6E4	#FEFEFE
4285	#F5F4FA	#FEFEFE
4286	#FDFDFE	#FFFFFF
4287	#F3E3E1	#FEFEFE
4289	#FEFEFE	#FFFFFF
4290	#F2F0F8	#FEFEFE
4291	#E6E2F1	#FDFDFD
4292	#FAF3F2	#FEFEFE
4293	#E7E4F2	#FDFDFD
4294	#DED9ED	#FDFDFD
4295	#FEFEFE	#FFFFFF
4296	#FCF7F7	#FFFFFF
4297	#F9F0EF	#FEFEFE
4298	#F7ECEA	#FEFEFE
4299	#FBF6F6	#FFFFFF
4300	#F4F2F9	#FEFEFE
4301	#F3E4E1	#FCFCFC
4302	#FEFDFC	#FFFFFF
4303	#FCFBFD	#FFFFFF
4304	#E3E0F0	#FCFCFC
4305	#FFFFFF	#FFFFFF
4306	#F4F2F9	#FEFEFE
4307	#F9F2F1	#FEFEFE
4308	#FCF7F6	#FFFFFF
4309	#EEECF6	#FDFDFD
4310	#E1DCEF	#FBFBFB
4311	#ECE9F5	#FDFDFD
4312	#F2F0F8	#FEFEFE
4313	#E0DCEE	#FBFBFB
4314	#F3F1F8	#FEFEFE
4315	#DDD9ED	#FCFCFC
4316	#FCFCFE	#FFFFFF
4317	#F7F6FB	#FEFEFE
4318	#F9F1F0	#FEFEFE
4319	#FAF3F2	#FEFEFE
4320	#E1DDEF	#FDFDFD
4321	#FBF5F4	#FEFEFE
4322	#E1BEB9	#FDFDFD
4323	#E2C1BD	#FAFAFA
4324	#E9CFCC	#FDFDFD
4325	#EAD0CD	#FDFDFD
4326	#E1BEBA	#F9F9F9
4327	#F0DEDB	#FDFDFD
4328	#F3E3E1	#FEFEFE
4329	#F9F2F0	#FEFEFE
4330	#FAF4F3	#FEFEFE
4331	#FEFDFD	#FFFFFF
4332	#FAF4F3	#FFFFFF
4333	#F1E0DE	#FDFDFD
4334	#F0EEF7	#FEFEFE
4335	#EFDBD8	#FCFCFC
4336	#FCF8F8	#FFFFFF
4337	#F7EDEC	#FEFEFE
4338	#F0DCDA	#FDFDFD
4339	#F7ECEB	#FEFEFE
4340	#F6EBEA	#FEFEFE
4341	#F9F1F0	#FEFEFE
4342	#E3DFF0	#FCFCFC
4343	#ECE9F5	#FEFEFE
4345	#F8F7FB	#FFFFFF
4346	#EDEBF5	#FEFEFE
4347	#F8EEED	#FEFEFE
4348	#FDFBFA	#FFFFFF
4349	#F3E5E3	#FCFCFC
4350	#F6F5FA	#FFFFFF
4351	#FCF8F7	#FFFFFF
4352	#F6EAE8	#FDFDFD
4353	#FBFAFD	#FFFFFF
4354	#FEFEFF	#FFFFFF
4355	#DDD9ED	#FCFCFC
4356	#FAF3F2	#FEFEFE
4357	#F7ECEB	#FEFEFE
4358	#F6F5FA	#FEFEFE
4359	#FEFEFF	#FFFFFF
4360	#F2F0F8	#FEFEFE
4361	#F9F8FC	#FFFFFF
4362	#CCC5E3	#F9F9F9
4363	#DCD8EC	#FCFCFC
4364	#E6E3F1	#FCFCFC
4365	#E6E3F2	#FDFDFD
4366	#FBF6F6	#FFFFFF
4367	#F7F6FB	#FFFFFF
4368	#F0DEDB	#FCFCFC
4369	#FEFCFC	#FFFFFF
4370	#F6F4FA	#FEFEFE
4371	#FCF7F7	#FFFFFF
4372	#F4E6E5	#FEFEFE
4373	#F1E0DD	#FEFEFE
4374	#E5C6C2	#FCFCFC
4375	#EFDCD9	#FEFEFE
4376	#F1E0DE	#FEFEFE
4377	#F3E4E2	#FDFDFD
4378	#F8EEED	#FEFEFE
4379	#FAF5F4	#FEFEFE
4380	#F0EDF7	#FEFEFE
4381	#F5E9E7	#FEFEFE
4382	#FAF9FC	#FFFFFF
4383	#F6F5FA	#FFFFFF
4384	#E9D0CC	#FBFBFB
4385	#ECD5D2	#FCFCFC
4386	#FCF7F7	#FFFFFF
4387	#F7EEEC	#FEFEFE
4388	#F5E8E7	#FDFDFD
4390	#FCF8F7	#FFFFFF
4391	#F6EBE9	#FDFDFD
4392	#FDFAF9	#FFFFFF
4393	#FCFBFD	#FFFFFF
4394	#FCF7F6	#FEFEFE
4395	#F2F0F8	#FEFEFE
4396	#FEFEFD	#FFFFFF
4397	#F4F2F9	#FEFEFE
4398	#F2F0F8	#FEFEFE
4399	#F9F9FC	#FFFFFF
4400	#FBFAFD	#FFFFFF
4401	#FAF3F3	#FEFEFE
4402	#FAF4F3	#FEFEFE
4403	#FCFCFE	#FFFFFF
4404	#F0DEDB	#FDFDFD
4405	#D5CFE8	#F8F8F8
4406	#FBFAFD	#FFFFFF
4407	#FDF9F9	#FFFFFF
4408	#F6F4FA	#FEFEFE
4409	#FFFFFE	#FFFFFF
4410	#E1DDEF	#FBFBFB
4411	#E5E2F1	#FCFCFC
4412	#DCD7EC	#FBFBFB
4413	#E5E1F1	#FDFDFD
4414	#E7E4F2	#FDFDFD
4415	#F4E7E5	#FDFDFD
4416	#FDFAFA	#FFFFFF
4417	#FCF8F8	#FFFFFF
4418	#FDFBFA	#FFFFFF
4419	#FBF6F6	#FFFFFF
4420	#FFFEFE	#FFFFFF
4421	#FDFDFE	#FFFFFF
4422	#E2DEEF	#FDFDFD
4423	#FDF9F9	#FFFFFF
4424	#EDD8D5	#FCFCFC
4425	#E0BCB7	#FBFBFB
4426	#E6C8C4	#FDFDFD
4427	#DFBCB7	#FCFCFC
4428	#E2C0BC	#FBFBFB
4429	#FAF3F3	#FEFEFE
4430	#EEDAD7	#FCFCFC
4431	#F6EAE9	#FEFEFE
4432	#EDD6D3	#FBFBFB
4433	#F6E9E8	#FEFEFE
4434	#F8EEED	#FEFEFE
4435	#FDF9F9	#FFFFFF
4436	#F6EBEA	#FEFEFE
4437	#FDFAFA	#FFFFFF
4438	#FBF6F5	#FFFFFF
4439	#F2E1DF	#FDFDFD
4440	#F1EFF7	#FEFEFE
4441	#F9F8FC	#FFFFFF
4442	#FAF3F2	#FEFEFE
4443	#F7ECEB	#FEFEFE
4444	#FAF3F2	#FEFEFE
4446	#E6E3F1	#FEFEFE
4447	#F8EFED	#FEFEFE
4448	#FAF3F2	#FEFEFE
4449	#F8EFED	#FEFEFE
4450	#FDFAF9	#FFFFFF
4451	#FEFCFC	#FFFFFF
4452	#FCFCFE	#FFFFFF
4453	#FEFEFF	#FFFFFF
4454	#FCFCFD	#FFFFFF
4455	#F1EFF8	#FEFEFE
4456	#FFFFFF	#FFFFFF
4457	#FEFEFF	#FFFFFF
4458	#EBE8F4	#FDFDFD
4459	#FCF8F8	#FFFFFF
4460	#EDEAF5	#FDFDFD
4461	#E7E3F2	#FDFDFD
4462	#F5F3F9	#FEFEFE
4463	#BEB7DC	#F5F5F5
4464	#FDFDFE	#FFFFFF
4465	#FDFAFA	#FFFFFF
4466	#ECE9F5	#FDFDFD
4467	#F2F0F8	#FEFEFE
4468	#F9F0EF	#FEFEFE
4469	#EFECF6	#FEFEFE
4470	#FDFAFA	#FFFFFF
4471	#FDFBFA	#FFFFFF
4472	#EDEAF5	#FEFEFE
4473	#F8F6FB	#FFFFFF
4474	#F9F8FC	#FFFFFF
4475	#DCB5B0	#FAFAFA
4476	#E6C9C5	#FBFBFB
4477	#BD7F78	#FAFAFA
4478	#F2E2E0	#FEFEFE
4479	#D2A29C	#F9F9F9
4480	#EED9D6	#FCFCFC
4481	#FAF4F3	#FEFEFE
4482	#ECD4D1	#FDFDFD
4483	#F9F1F0	#FEFEFE
4484	#F6EBE9	#FEFEFE
4485	#EDD7D4	#FCFCFC
4486	#BB7A73	#FAFAFA
4487	#F8EFEE	#FEFEFE
4488	#FAF3F2	#FEFEFE
4489	#F4F3F9	#FEFEFE
4491	#F7EDEC	#FEFEFE
4492	#FDFAFA	#FFFFFF
4493	#FEFCFC	#FFFFFF
4494	#FDFBFB	#FFFFFF
4495	#FBF5F4	#FFFFFF
4496	#F8EFEE	#FEFEFE
4497	#EAD2CE	#FCFCFC
4498	#FAF5F4	#FFFFFF
4499	#FBF6F5	#FEFEFE
4500	#FCF7F6	#FFFFFF
4501	#FBFBFD	#FFFFFF
4502	#FAF4F4	#FEFEFE
4503	#FCF8F7	#FFFFFF
4504	#FFFEFE	#FFFFFF
4505	#FBF6F5	#FFFFFF
4506	#FDFAF9	#FFFFFF
4507	#F4F3F9	#FEFEFE
4508	#FEFCFC	#FFFFFF
4509	#F5F3F9	#FEFEFE
4510	#F7F6FB	#FEFEFE
4511	#E5E1F1	#FDFDFD
4512	#E9E6F3	#FDFDFD
4513	#E2DEEF	#FBFBFB
4514	#EAE7F4	#FDFDFD
4515	#E0DBEE	#FCFCFC
4516	#FDFAF9	#FFFFFF
4517	#F3F1F8	#FEFEFE
4518	#EEEBF6	#FDFDFD
4519	#E8E4F2	#FDFDFD
4520	#F7F6FB	#FFFFFF
4521	#E2DEEF	#FDFDFD
4522	#E7E4F2	#FDFDFD
4523	#F1EFF7	#FEFEFE
4524	#F2F0F8	#FEFEFE
4525	#F9F8FC	#FFFFFF
4526	#EBD3D0	#FBFBFB
4527	#D8AEA8	#FBFBFB
4528	#DDB7B3	#FCFCFC
4529	#E2C0BB	#FDFDFD
4530	#E9CECB	#FCFCFC
4531	#FEFCFC	#FFFFFF
4532	#F1E1DE	#FEFEFE
4533	#F7EEEC	#FEFEFE
4534	#E7CBC8	#FBFBFB
4535	#EDD7D4	#FCFCFC
4536	#F9F1F0	#FFFFFF
4537	#DEB9B4	#FAFAFA
4538	#FCF9F8	#FFFFFF
4539	#F4E5E3	#FDFDFD
4540	#F9F8FC	#FFFFFF
4541	#F5F4FA	#FEFEFE
4542	#F3E3E1	#FDFDFD
4543	#FDFAF9	#FFFFFF
4544	#F6F4FA	#FEFEFE
4545	#F2E1DF	#FDFDFD
4547	#E8E4F2	#FEFEFE
4548	#F9F1F0	#FFFFFF
4549	#F4F3F9	#FEFEFE
4550	#EED9D6	#FAFAFA
4551	#F8F7FB	#FEFEFE
4552	#FEFDFD	#FFFFFF
4553	#F6F5FA	#FEFEFE
4554	#F4F3F9	#FEFEFE
4555	#F0EEF7	#FEFEFE
4556	#FEFDFE	#FFFFFF
4557	#FEFCFC	#FFFFFF
4558	#ECD4D1	#FCFCFC
4559	#F5F4FA	#FFFFFF
4560	#F3E4E2	#FDFDFD
4561	#FCF7F6	#FFFFFF
4562	#FAF9FC	#FFFFFF
4563	#FEFEFD	#FFFFFF
4564	#F5E9E7	#FEFEFE
4565	#F7EDEB	#FEFEFE
4566	#F8EEEC	#FEFEFE
4567	#F5E9E7	#FDFDFD
4568	#ECD4D1	#FDFDFD
4569	#EAD1CE	#FDFDFD
4570	#E6E2F1	#FEFEFE
4571	#DBB3AE	#F9F9F9
4572	#B5716A	#F8F8F8
4573	#FCF7F7	#FFFFFF
4574	#FDFCFE	#FFFFFF
4575	#FCF9F8	#FFFFFF
4576	#F8F0EE	#FEFEFE
4577	#FCF8F7	#FFFFFF
4578	#FFFEFE	#FFFFFF
4579	#FBF6F5	#FEFEFE
4580	#F3F2F9	#FEFEFE
4581	#E8E5F2	#FDFDFD
4582	#F7EDEC	#FEFEFE
4583	#FFFFFF	#FFFFFF
4584	#F6EAE8	#FEFEFE
4585	#FCFCFD	#FFFFFF
4586	#FCFBFD	#FFFFFF
4587	#F0EEF7	#FEFEFE
4588	#E7E4F2	#FDFDFD
4589	#FCF9F8	#FFFFFF
4590	#F4F3F9	#FEFEFE
4592	#E1DDEF	#FDFDFD
4593	#DED9ED	#FDFDFD
4594	#EDEAF5	#FEFEFE
4595	#F6F4FA	#FEFEFE
4596	#FFFFFF	#FFFFFF
4597	#F9F8FC	#FFFFFF
4598	#F0EEF7	#FEFEFE
4599	#F9F1F0	#FEFEFE
4600	#F9F8FC	#FFFFFF
4601	#F3E3E1	#FDFDFD
4602	#FAF2F1	#FEFEFE
4603	#F7F6FB	#FEFEFE
4604	#FDFCFE	#FFFFFF
4605	#F6EBEA	#FEFEFE
4606	#FAF9FC	#FFFFFF
4607	#F1EFF7	#FEFEFE
4608	#F9F0EF	#FEFEFE
4609	#F8EFED	#FEFEFE
4610	#F6EAE9	#FEFEFE
4611	#FEFDFD	#FFFFFF
4612	#FEFCFC	#FFFFFF
4613	#FDFAFA	#FFFFFF
4614	#FFFFFF	#FFFFFF
4615	#EDD6D3	#FBFBFB
4616	#F4F2F9	#FEFEFE
4617	#F6EAE9	#FEFEFE
4618	#D8AEA9	#FBFBFB
4619	#EDD7D4	#FEFEFE
4620	#FBF5F4	#FFFFFF
4621	#FBF5F5	#FFFFFF
4622	#FDFAF9	#FFFFFF
4623	#F5E8E6	#FEFEFE
4624	#F7F6FB	#FEFEFE
4625	#F1DFDD	#FCFCFC
4626	#F6E9E8	#FEFEFE
4627	#F4E6E5	#FDFDFD
4628	#FEFDFE	#FFFFFF
4629	#FDFDFE	#FFFFFF
4630	#F3F2F9	#FEFEFE
4631	#F8EEED	#FEFEFE
4632	#EAE7F4	#FEFEFE
4633	#F2E1DF	#FDFDFD
4634	#E8E4F2	#FDFDFD
4635	#FFFEFE	#FFFFFF
4636	#F2F0F8	#FEFEFE
4637	#E5E1F1	#FDFDFD
4638	#FAF9FC	#FFFFFF
4639	#E5E1F1	#FDFDFD
4640	#D8D3EA	#FBFBFB
4641	#F5F3F9	#FFFFFF
4642	#F9F8FC	#FFFFFF
4643	#FBFBFD	#FFFFFF
4644	#CCC5E3	#F9F9F9
4645	#E2DEEF	#FCFCFC
4646	#E3C3BF	#FBFBFB
4648	#F6F5FA	#FFFFFF
4649	#FCFCFD	#FFFFFF
4650	#F1E0DE	#FEFEFE
4651	#FCF7F7	#FFFFFF
4652	#F6EAE9	#FDFDFD
4653	#F8EFEE	#FEFEFE
4654	#FAF4F3	#FEFEFE
4655	#FCFCFD	#FFFFFF
4656	#FDFDFE	#FFFFFF
4657	#FBF6F5	#FEFEFE
4658	#F4F2F9	#FEFEFE
4659	#FBF6F5	#FEFEFE
4660	#E2DEEF	#FDFDFD
4661	#FBFAFD	#FFFFFF
4662	#F9F2F1	#FEFEFE
4663	#EAE7F4	#FDFDFD
4664	#E7E4F2	#FDFDFD
4665	#FEFEFE	#FFFFFF
4666	#FDFBFB	#FFFFFF
4667	#D4A59F	#FAFAFA
4668	#FFFEFE	#FFFFFF
4669	#FCF8F8	#FFFFFF
4670	#FAFAFD	#FFFFFF
4671	#FBFAFD	#FFFFFF
4672	#ECD5D1	#FDFDFD
4673	#FDFAF9	#FFFFFF
4674	#FBF6F6	#FFFFFF
4675	#F9F2F1	#FEFEFE
4676	#FCF9F8	#FFFFFF
4677	#EED8D5	#FBFBFB
4678	#FCF8F8	#FFFFFF
4679	#EFEDF6	#FEFEFE
4680	#EFDBD9	#FCFCFC
4681	#F3E5E3	#FDFDFD
4682	#EDEBF5	#FEFEFE
4683	#FDFCFE	#FFFFFF
4684	#FEFDFE	#FFFFFF
4685	#DFDBEE	#FCFCFC
4686	#F5F4FA	#FFFFFF
4687	#E4E0F0	#FDFDFD
4688	#E4E1F1	#FDFDFD
4689	#F1EEF7	#FEFEFE
4690	#F4F3F9	#FEFEFE
4691	#EFEDF6	#FEFEFE
4693	#E8E5F3	#FDFDFD
4694	#D7D2EA	#FBFBFB
4695	#CAC3E2	#FBFBFB
4696	#F8F7FB	#FFFFFF
4697	#ECD5D2	#FDFDFD
4698	#EBE8F4	#FEFEFE
4699	#FAF9FC	#FFFFFF
4700	#FEFEFE	#FFFFFF
4701	#FBF7F6	#FFFFFF
4702	#EBD3CF	#FDFDFD
4703	#F7EEEC	#FEFEFE
4704	#F3E3E1	#FBFBFB
4705	#F6EBEA	#FEFEFE
4706	#FCFCFD	#FFFFFF
4707	#FDFAFA	#FFFFFF
4708	#FBFAFD	#FFFFFF
4709	#F5E7E5	#FDFDFD
4710	#FBF5F4	#FEFEFE
4711	#FFFFFF	#FFFFFF
4712	#FEFEFE	#FFFFFF
4713	#FBFAFD	#FFFFFF
4714	#F3F1F8	#FEFEFE
4715	#FEFCFC	#FFFFFF
4716	#FAF9FC	#FFFFFF
4717	#E4C4C0	#FCFCFC
4718	#FDFBFA	#FFFFFF
4719	#FCF9F9	#FFFFFF
4720	#F3E3E1	#FEFEFE
4721	#EAD1CE	#FDFDFD
4722	#FEFEFE	#FFFFFF
4723	#FDFBFB	#FFFFFF
4724	#FDFDFE	#FFFFFF
4725	#FEFEFE	#FFFFFF
4726	#FAF4F3	#FEFEFE
4727	#F8EFEE	#FEFEFE
4728	#F3F2F9	#FEFEFE
4729	#FEFCFC	#FFFFFF
4730	#FCF7F6	#FFFFFF
4731	#FCF8F8	#FFFFFF
4732	#FBF6F5	#FFFFFF
4733	#DBD6EB	#FCFCFC
4734	#F6EBEA	#FDFDFD
4735	#F8F7FB	#FFFFFF
4736	#F1EFF7	#FEFEFE
4737	#F9F1F0	#FEFEFE
4738	#FDFAFA	#FFFFFF
4739	#FDFAF9	#FFFFFF
4740	#FDFDFE	#FFFFFF
4741	#F6F5FA	#FEFEFE
4742	#F1E0DE	#FEFEFE
4743	#FDFCFE	#FFFFFF
4744	#EDEAF5	#FEFEFE
4745	#E4E0F0	#FDFDFD
4746	#FAF4F3	#FFFFFF
4747	#FCF9F8	#FFFFFF
4749	#FDFBFB	#FFFFFF
4750	#EDEAF5	#FEFEFE
4751	#DAB1AC	#FCFCFC
4752	#ECEAF5	#FEFEFE
4753	#FDFCFE	#FFFFFF
4754	#F9F2F1	#FEFEFE
4755	#F3E4E2	#FCFCFC
4756	#F7F6FB	#FEFEFE
4757	#FAF9FC	#FFFFFF
4758	#D5D0E8	#FAFAFA
4759	#FBFAFD	#FFFFFF
4760	#F7ECEB	#FEFEFE
4761	#E1DDEF	#FDFDFD
4762	#F9F8FC	#FFFFFF
4763	#EFEDF6	#FEFEFE
4764	#ECE9F5	#FEFEFE
4765	#FCFBFD	#FFFFFF
4766	#FCF8F8	#FFFFFF
4767	#F0DDDB	#FDFDFD
4768	#E5C7C3	#FDFDFD
4769	#F4E5E3	#FEFEFE
4770	#ECD4D1	#FCFCFC
4771	#F6EAE9	#FEFEFE
4772	#E3E0F0	#FDFDFD
4773	#FBF5F5	#FFFFFF
4774	#F9F8FC	#FFFFFF
4775	#F8F7FB	#FFFFFF
4776	#FEFEFE	#FFFFFF
4777	#F7ECEB	#FEFEFE
4778	#F4F3F9	#FEFEFE
4779	#F2E2E0	#FDFDFD
4780	#F9F0EF	#FEFEFE
4781	#F9F1F0	#FEFEFE
4782	#FBF5F5	#FFFFFF
4783	#EFECF6	#FEFEFE
4784	#FEFCFC	#FFFFFF
4785	#FCF9F8	#FFFFFF
4786	#F4F2F9	#FEFEFE
4787	#FFFFFE	#FFFFFF
4788	#F1EFF8	#FEFEFE
4789	#FFFFFF	#FFFFFF
4790	#EAE7F4	#FDFDFD
4791	#E7E3F2	#FDFDFD
4792	#E4E0F0	#FDFDFD
4794	#FAF4F3	#FFFFFF
4795	#D9D4EA	#FCFCFC
4796	#DAD5EB	#FCFCFC
4797	#F6EBEA	#FEFEFE
4798	#DBD6EC	#FBFBFB
4799	#FBF5F4	#FFFFFF
4800	#DED9ED	#FCFCFC
4801	#F7F6FB	#FFFFFF
4802	#F8EFEE	#FEFEFE
4803	#F7EEEC	#FEFEFE
4804	#FAF3F2	#FEFEFE
4805	#DEB8B4	#F6F6F6
4806	#F3E3E1	#FCFCFC
4807	#EBD3D0	#FBFBFB
4808	#F4E5E3	#FDFDFD
4809	#F9F8FC	#FFFFFF
4810	#FEFEFF	#FFFFFF
4811	#FBF7F6	#FEFEFE
4812	#F9F8FC	#FFFFFF
4813	#E4C4C0	#F9F9F9
4814	#FCF8F7	#FFFFFF
4815	#FFFFFF	#FFFFFF
4816	#FBF6F5	#FFFFFF
4817	#F6F5FA	#FFFFFF
4818	#FEFCFB	#FFFFFF
4819	#E6C8C4	#FDFDFD
4820	#EAD0CD	#FBFBFB
4821	#D7ACA6	#F8F8F8
4822	#E3C2BD	#FCFCFC
4823	#E5E1F1	#FCFCFC
4824	#F7F6FB	#FFFFFF
4825	#FBF6F5	#FFFFFF
4826	#DDD9ED	#FDFDFD
4827	#F6EBE9	#FEFEFE
4828	#F8F7FB	#FFFFFF
4829	#F8EFED	#FEFEFE
4830	#FDFBFA	#FFFFFF
4831	#F6EAE9	#FEFEFE
4832	#F6EBEA	#FEFEFE
4833	#EFDCD9	#FCFCFC
4834	#D9D3EA	#FCFCFC
4835	#F2F1F8	#FEFEFE
4836	#F8F7FB	#FFFFFF
4837	#D8D3EA	#FBFBFB
4838	#D9D3EA	#FBFBFB
4839	#E2DEEF	#FDFDFD
4840	#F9F9FC	#FFFFFF
4841	#E4E0F0	#FDFDFD
4842	#F1EFF8	#FEFEFE
4843	#FAF9FC	#FFFFFF
4844	#FFFFFF	#FFFFFF
4845	#DDD9ED	#FDFDFD
4846	#F9F8FB	#FFFFFF
4847	#E5E2F1	#FEFEFE
4848	#DFBBB7	#FBFBFB
4850	#EAE7F4	#FDFDFD
4851	#F6F4FA	#FFFFFF
4852	#F1EFF8	#FEFEFE
4853	#F2E2E0	#FEFEFE
4854	#EBE9F4	#FEFEFE
4855	#F3E3E1	#FDFDFD
4856	#EED9D6	#FAFAFA
4857	#F0DCDA	#FBFBFB
4858	#FBF6F5	#FEFEFE
4859	#EEEBF6	#FDFDFD
4860	#EEEBF6	#FEFEFE
4861	#FAF4F3	#FEFEFE
4862	#F2F0F8	#FEFEFE
4863	#F9F8FC	#FFFFFF
4864	#FDFDFE	#FFFFFF
4865	#EFDAD8	#FCFCFC
4866	#F9F1F0	#FEFEFE
4867	#F6EAE8	#FEFEFE
4868	#F2E2E0	#FEFEFE
4869	#F7ECEB	#FEFEFE
4870	#DDB7B2	#FCFCFC
4871	#FAF9FC	#FFFFFF
4872	#F2E2E0	#FEFEFE
4873	#D5CFE8	#FCFCFC
4874	#F1DFDC	#FCFCFC
4875	#FBF5F4	#FFFFFF
4876	#FDFAF9	#FFFFFF
4877	#EED9D6	#FDFDFD
4878	#F7ECEB	#FEFEFE
4879	#F6EAE8	#FEFEFE
4880	#FCF8F7	#FFFFFF
4881	#FCFCFD	#FFFFFF
4882	#FAF3F2	#FEFEFE
4883	#FCF8F7	#FFFFFF
4884	#E5E2F1	#FDFDFD
4885	#FEFEFE	#FFFFFF
4886	#DED9ED	#FBFBFB
4887	#EEEBF6	#FEFEFE
4888	#E3DFF0	#FCFCFC
4889	#FCF9F8	#FFFFFF
4890	#FEFCFC	#FFFFFF
4891	#FBFBFD	#FFFFFF
4892	#F9F9FC	#FFFFFF
4893	#E2DFF0	#FCFCFC
4895	#F5F4FA	#FEFEFE
4896	#EEDAD7	#FEFEFE
4897	#F7F5FA	#FFFFFF
4898	#F9F2F0	#FFFFFF
4899	#FAF4F3	#FFFFFF
4900	#F9F2F1	#FEFEFE
4901	#F3F2F9	#FEFEFE
4902	#E5E1F1	#FEFEFE
4903	#FDFAFA	#FFFFFF
4904	#FAF9FC	#FFFFFF
4905	#F0DDDB	#FDFDFD
4906	#FBF7F6	#FFFFFF
4907	#F5E8E6	#FDFDFD
4908	#F8EFEE	#FEFEFE
4909	#FEFEFF	#FFFFFF
4910	#E6E2F1	#FCFCFC
4911	#FEFCFC	#FFFFFF
4912	#EAE7F3	#FDFDFD
4913	#E7E4F2	#FDFDFD
4914	#FBF6F6	#FFFFFF
4915	#FFFFFF	#FFFFFF
4916	#F2E3E1	#FEFEFE
4917	#EDD7D4	#FDFDFD
4918	#E2C0BC	#FDFDFD
4919	#F4E5E3	#FEFEFE
4920	#ECD5D2	#FCFCFC
4921	#FAF3F2	#FFFFFF
4922	#F9F1EF	#FEFEFE
4923	#FAF4F3	#FEFEFE
4924	#F9F9FC	#FFFFFF
4925	#F8F0EE	#FEFEFE
4926	#F6EAE8	#FEFEFE
4927	#FAF4F3	#FEFEFE
4928	#FDFAFA	#FFFFFF
4929	#FCF7F6	#FFFFFF
4930	#F9F8FC	#FFFFFF
4931	#F7EDEC	#FEFEFE
4932	#FBFAFD	#FFFFFF
4933	#EEECF6	#FEFEFE
4934	#F2E2DF	#FDFDFD
4935	#FFFEFE	#FFFFFF
4936	#FAFAFD	#FFFFFF
4937	#FCFCFD	#FFFFFF
4938	#F4F2F9	#FEFEFE
4939	#FDFBFA	#FFFFFF
4940	#F9F8FC	#FFFFFF
4941	#D9D3EA	#FBFBFB
4942	#FAF9FC	#FFFFFF
4943	#EAE7F4	#FDFDFD
4944	#E6E3F1	#FCFCFC
4945	#E7E4F2	#FDFDFD
4946	#F1E0DE	#FEFEFE
4947	#ECE9F5	#FEFEFE
4948	#FDFCFE	#FFFFFF
4949	#FAF3F2	#FFFFFF
4951	#FAF9FC	#FFFFFF
4952	#F6EAE8	#FEFEFE
4953	#F7EDEC	#FEFEFE
4954	#F0DDDA	#FEFEFE
4955	#FBF6F6	#FFFFFF
4956	#FBFBFD	#FFFFFF
4957	#E9CECB	#FBFBFB
4958	#F7EDEB	#FDFDFD
4959	#EAD1CE	#F8F8F8
4960	#F9F0EF	#FEFEFE
4961	#E1DDEF	#FCFCFC
4962	#EDEBF5	#FEFEFE
4963	#F8F7FB	#FFFFFF
4964	#E0DCEE	#FDFDFD
4965	#F3F1F8	#FEFEFE
4966	#FEFDFD	#FFFFFF
4967	#EDEAF5	#FEFEFE
4968	#DEB9B5	#FCFCFC
4969	#ECD4D1	#FDFDFD
4970	#F3F1F8	#FEFEFE
4971	#F0DDDB	#FDFDFD
4972	#F4E5E3	#FEFEFE
4973	#F2E3E0	#FDFDFD
4974	#E5E2F1	#FCFCFC
4975	#F4E7E5	#FDFDFD
4976	#F9F0EF	#FEFEFE
4977	#F2F0F8	#FEFEFE
4978	#F5E8E7	#FEFEFE
4979	#EEECF6	#FEFEFE
4980	#EEEBF6	#FEFEFE
4981	#FBF6F6	#FFFFFF
4982	#F1EFF7	#FEFEFE
4983	#F5F4FA	#FEFEFE
4984	#F6EAE9	#FEFEFE
4985	#FBFAFD	#FFFFFF
4986	#E4E1F1	#FDFDFD
4987	#F2F0F8	#FEFEFE
4988	#FDFBFA	#FFFFFF
4989	#FAF9FC	#FFFFFF
4990	#F9F8FC	#FFFFFF
4991	#FDFBFB	#FFFFFF
4992	#D8D2EA	#FBFBFB
4993	#FAF3F3	#FEFEFE
4994	#FEFEFF	#FFFFFF
4996	#E8E4F2	#FEFEFE
4997	#E9E6F3	#FEFEFE
4998	#FBF6F5	#FFFFFF
4999	#F2F0F8	#FEFEFE
5000	#F0EEF7	#FEFEFE
5001	#EDEAF5	#FEFEFE
5002	#E7E3F2	#FDFDFD
5003	#FAF9FC	#FFFFFF
5004	#F2E2E0	#FEFEFE
5005	#FCF9F8	#FFFFFF
5006	#EFDBD8	#FDFDFD
5007	#EFDBD8	#FEFEFE
5008	#E2C0BC	#FAFAFA
5009	#E2C0BB	#F5F5F5
5010	#FFFFFF	#FFFFFF
5011	#FDFBFB	#FFFFFF
5012	#FAF3F2	#FEFEFE
5013	#EEDAD7	#FDFDFD
5014	#D5D0E8	#FBFBFB
5015	#F7EDEB	#FEFEFE
5016	#F9F0EF	#FEFEFE
5017	#F5E9E7	#FEFEFE
5018	#F9F1F0	#FFFFFF
5019	#F9F9FC	#FFFFFF
5020	#F6E9E8	#FEFEFE
5021	#F7ECEB	#FEFEFE
5022	#F8EFEE	#FEFEFE
5023	#E2C0BB	#FBFBFB
5024	#FDFCFE	#FFFFFF
5025	#EEECF6	#FEFEFE
5026	#FCFBFD	#FFFFFF
5027	#FFFEFE	#FFFFFF
5028	#F8F7FB	#FFFFFF
5029	#FCF9F9	#FFFFFF
5030	#F0EEF7	#FEFEFE
5031	#FCF9F9	#FFFFFF
5032	#EAE7F4	#FEFEFE
5033	#F1EFF8	#FEFEFE
5034	#EAE7F3	#FDFDFD
5035	#F3F1F8	#FEFEFE
5036	#F5F4FA	#FEFEFE
5037	#F1EEF7	#FEFEFE
5038	#EBE8F4	#FDFDFD
5039	#FAF9FC	#FFFFFF
5040	#F5F4FA	#FEFEFE
5041	#EBE8F4	#FDFDFD
5042	#F7F6FB	#FFFFFF
5043	#FBF5F4	#FFFFFF
5044	#F7F6FB	#FFFFFF
5045	#F9F8FC	#FFFFFF
5046	#FDFBFB	#FFFFFF
5047	#F9F8FC	#FFFFFF
5048	#F6EAE9	#FEFEFE
5049	#E9CFCC	#FDFDFD
5050	#FCF8F8	#FFFFFF
