x	y
-0.656298172826847	0.460014763585279
-1.1826594879833	0.696687990579733
0.0043964765278176	0.00121946853602781
-0.177823086194503	0.0957332378209332
-0.288008071360655	0.135315509985567
-0.135051294873952	0.071786946521459
0.962805956776862	0.737605570545227
0.939583937339403	0.713662481551704
1.34320454007035	0.706000112812334
-0.177236018692599	0.123009041016943
0.657081251989356	0.541512425545278
-0.839540565522165	0.664082191472514
-0.187412838340901	0.0826258456823461
0.637023145655086	0.345188799344737
0.152529994959728	0.0928534463866105
0.720722467557472	0.78139900481844
-2.49116418963467	1.47317624802251
-0.536425120221217	0.254845540649535
0.499727244093971	0.321892682998055
0.519063734492455	0.307623800497391
0.897261600263617	0.838748080582464
0.677028740126976	0.561992437238911
-0.639419685575671	0.386181857089025
-1.21407967210599	0.929642705309461
0.406496117406522	0.211813508124557
-0.877960421109543	0.526108584435187
-0.57324123233633	0.373719959400767
1.08659121283852	0.92018730480341
0.127856101869128	0.0723847637045568
-0.0941391260255	0.0511684263457428
-1.62036778831422	1.28450516029375
-0.237891978295241	0.145642426058348
0.0850859593539779	0.0367550027800685
-0.880498823258142	0.528451756710962
0.0354584944109152	0.0162931814090607
0.863135875633746	0.705276222423892
-1.17945676368708	0.531950651555009
0.59398632404847	0.504911294042221
0.0918702885458349	0.0398308822972095
-1.32002585087961	1.07771825192949
-0.697867633870528	0.370343792985508
0.836354281506071	0.628318903085495
0.190551775902312	0.103822745302312
0.286007867178495	0.130626159634401
-0.143226857823759	0.0763241062085202
-1.06166657988534	0.86246178399761
-1.27845415312612	0.607951209880573
0.533100414269961	0.285277977027423
-0.480045193341991	0.293013316750775
-0.109872581593851	0.0622635657132882
-0.689260662061567	0.364944197731153
0.388825478767325	0.243074799377859
0.340662266931508	0.224420436862408
0.958187376455171	0.732756827353084
-0.831756365869491	0.65624002997221
-0.226181878435936	0.137307955165793
-0.0146685017667228	0.00571938420016319
-1.65263661551569	0.965378127767235
-1.34048539659698	0.878039400354784
0.103793146324748	0.0546517018772718
-0.130385699188417	0.0537157139974103
-1.17314950849409	0.688979694946455
-0.467854200696374	0.315131935618286
-0.0274018331968562	0.0173948719154283
-0.222882889292362	0.144265086517357
0.58691767683547	0.56228399227432
0.283330431084125	0.129222172561371
0.241130569827116	0.097488582022772
-0.614303832484185	0.530939131669568
0.806672469376895	0.552655026675287
0.751652514055829	0.331955715146156
-0.220914165683338	0.124555341074789
-0.0783926398409027	0.0341729942685398
1.2262026941565	0.880032634771647
-1.44953385795968	0.753246495841743
0.641894155374602	0.464310942863771
1.12139491805337	0.956267963035126
-1.12715060779146	0.637214028156175
0.755267983627426	0.463712732838392
-0.720477840134379	0.529097435035144
0.30378406141634	0.13917145145961
1.69628473305231	1.64565103367304
0.804156618000036	0.550394462211719
0.330072916313701	0.228793836437849
-0.719937607186374	0.385594527955314
0.981884386820153	0.821517148325623
-4.20489770286039	2.22266405666556
-0.108209998101295	0.0508837261745777
0.537372295284624	0.287116089395717
0.859638773460435	0.532701332794638
-0.680272808297267	0.297265322478586
0.532841067399581	0.255358652458426
-0.0864702938060196	0.0436451494783031
0.102022586713657	0.039761653662073
0.383265095685263	0.199090046119641
0.0718680137741426	0.0349695411013887
-1.60042166939716	0.90104928706015
0.536206902747932	0.285796062199174
-1.5745203636499	1.20644345884594
0.0916749178078245	0.0397365770345375
0.768836378544943	0.615561511638833
-2.61760049090088	1.65857440340761
-0.238638626132118	0.135612449517536
-0.208849930005048	0.0922928006336625
0.411422845371528	0.259174250284777
-0.189159536614738	0.0833655390813078
-1.86371677914386	1.24279992699685
-1.29905949854713	0.819142988271637
0.0381765698460839	0.0174846106198502
-1.66329458647737	0.97457185862965
-0.350798498823415	0.148550975693509
0.244244882248994	0.0989500851231016
0.543498916114125	0.429194566355461
-1.40560598461579	0.523218840236611
-0.286069233413291	0.152469428052459
0.74368992013112	0.456719611095395
-1.01693741056434	0.428595493452223
-0.408479222920842	0.262611060470014
-0.0276359321866141	0.0123986165007266
-1.85963706516492	0.83973566665894
-0.246237580447762	0.0977996278929789
-1.10118171952332	0.617032233050441
1.0052808794726	0.90588257667683
0.966239972055824	0.799599367505914
0.15922894737726	0.0920351550503373
-1.19155952459524	0.890524837799318
0.591950463860002	0.449230620257027
-0.0824363887156478	0.0477530772795791
-0.280577835422739	0.149223643397572
0.480993408624979	0.308114050532151
-0.246835550008439	0.0987164683807545
-0.482084286964032	0.258320887593347
0.312062589056893	0.143392060151622
1.83903108492756	1.36143022660855
0.543714232283707	0.382392621802317
0.790242782470436	0.53716901819357
0.0771801132154748	0.0372765812081768
-2.9446647817933	2.2839320063932
0.63640879795869	0.385769614738041
-1.12836114514587	0.637639869429517
-1.16772117212957	0.528433678686815
0.379144761591709	0.196660928133284
-1.33886342307865	0.877640087915111
-0.477206537810109	0.184409362054697
-0.480328069447175	0.291949059784748
-1.74489355327004	1.07091789509199
-1.04510896466547	0.560724938458621
0.755566374946329	0.46548014102241
-0.686484509495881	0.300466540649882
-0.536748296384733	0.341899461740821
0.849518431420394	0.640721581501687
0.417621508702419	0.282126570838239
0.0847835839177046	0.0409892098285608
-0.106828649649118	0.0441694922788923
-0.222290489826174	0.134647470679005
0.826980085784772	0.412906128643976
0.411964823132368	0.192799370563211
0.129015371736759	0.058244226892489
0.830083079724224	0.621369596789134
-0.444024782568303	0.199114562007913
-0.0228161209316011	0.0101979637419537
-0.701544225554376	0.373054975691525
-0.889694003351458	0.433954776606335
-0.0752489976732496	0.0236682536083754
-0.429209618858637	0.325496061049968
-0.323763962609877	0.211191725586592
0.558871493822375	0.240151682739814
0.155921066588657	0.100255440797828
0.41617670697903	0.218293922022471
-1.67090245342283	0.69488094514333
-0.699382853231352	0.307435264772424
-0.068614349665189	0.03467590087195
-0.68201977535032	0.298098009585727
-0.0337544662569726	0.0125961592756221
1.65482270668531	1.73949961909203
1.89481962320896	1.27021416175214
-1.04088585049963	0.557684781610919
-0.489521611167335	0.263747177510421
-1.40002903752444	0.520906482245951
-0.977977373107789	0.500755740656832
-0.953396169869047	0.602381146662738
-0.45469434082042	0.174424761233878
0.0368257997367604	0.0166465578576971
1.07617583522888	0.612127873404033
0.120742106283572	0.0473888788907519
0.219496005515561	0.0886706196306763
-0.552872908908253	0.264214896156945
-0.463547914061742	0.246462821383128
-0.467890594960109	0.179747608857512
-0.624042642968669	0.372765923486209
0.415068650714938	0.216972721046803
-0.131764477177041	0.0495742631196335
-0.283544593502092	0.133032507600549
0.198838267966425	0.0989302045107583
-1.45367499146829	0.757312352224493
0.213746887598863	0.0677558641857732
-0.778903279701755	0.438000291237951
0.421773173917341	0.197999995289218
-0.0204023489799178	0.00755597424101792
0.168066133138908	0.0751781686207278
-0.7838101248053	0.525392725472866
-1.60089632380204	0.901677937439492
0.648129095357946	0.248658537184838
-0.610765599823768	0.412516338170903
-0.454112200575085	0.240694355718701
-0.0663385971102494	0.0288517441240065
-0.184021058572084	0.0811843570621236
0.170356792121459	0.0758625502615056
1.04281116183384	0.533821625087142
0.41634424890696	0.195554922178406
0.861138053032455	0.533793254311417
-1.06477758785143	0.574882258962798
-1.01980316198638	0.680126230112886
-0.117016538500779	0.0550270941344771
1.38319194989285	0.906159873403645
0.216260800348739	0.0873783041492076
-0.847419235389099	0.327867218869934
-0.494706910335011	0.267217561100773
1.14250494521071	0.661384338839132
-0.951172415126048	0.483270573638815
0.757807219651496	0.466303455785767
0.262863326492308	0.157586030582585
0.207757686242074	0.121995979846625
1.61645078367943	1.0748284243307
0.165948440019638	0.0822689297939898
-0.980122953200669	0.502399523474716
-1.04030285894024	0.439598627813082
0.342037156539286	0.125555916901845
0.639816086578438	0.346143190276196
-0.361740784430607	0.153929066991991
-0.542651720150351	0.258366966996332
-0.326901913324785	0.155310235703
0.955361285687581	0.541366534352454
0.194148200070303	0.0964820021010322
-0.695918400070466	0.3059436983782
-0.315156169984791	0.0932030498184232
-2.44257924504656	1.40588802284626
-2.01392393172956	0.970229263166967
0.17695040480761	0.0623190406543053
-0.207668817430001	0.0918143032257543
0.543681999874992	0.260583391347946
-0.799908297889929	0.370627132921886
-0.292729940768794	0.103439471969934
0.162565083806227	0.0721113367400461
0.126321316218096	0.0494434654043264
0.233508370430178	0.0733160014702373
0.790392064962976	0.438366354941215
-2.21183244102011	1.15967441993967
-0.53931407523526	0.304275425668565
1.52659360357751	1.20947268608372
0.0173709184144713	0.00780661078922994
-0.708790459264353	0.311990279870718
-0.858847155582329	0.332528848155426
-1.44953879557768	0.754264012765358
-0.582195822503394	0.240855961712735
1.05872708032162	0.677782832909938
-1.22800714853693	0.947261287391901
-0.955665569249603	0.486426308334628
-0.619272719593681	0.420164331428073
-3.77254526345874	1.84999228139369
-0.0727903319588328	0.0231123345411712
0.0885791437507289	0.0347124555202253
-1.16772117212957	0.528433678686815
0.770222346006955	0.42410298754855
-0.794970802538697	0.367717590358529
-1.29930191976087	0.623096802766085
1.09984481646224	0.933763484575382
0.648841274229826	0.429920991703149
-0.858771126912525	0.414889884048778
-2.22878668129533	0.687215235149269
1.0878313908718	0.56215245114741
-2.13098721304289	1.07417376668709
0.732706619180431	0.322407297689279
-0.696831292880806	0.306125730031743
-0.619560092492597	0.214289693081659
-0.642423774171831	0.32563309195691
1.05389790746045	0.541011513659669
-0.453147802012083	0.273211055668334
-0.292543668164451	0.102759030843869
-1.59011278909946	0.893051119294763
-0.685944164292451	0.30031086105424
0.77898434514993	0.80637862902143
-1.60704234260491	0.906549285801333
-0.287506708631409	0.152841288023164
-0.383399471020256	0.19181954218266
0.710935000937947	0.518943521751789
0.678015516074152	0.452248805989074
-0.963234444663135	0.491452200336605
-0.0105433351671653	0.00428156875460142
0.367252582463358	0.208747451552703
-0.801689329613689	0.453390224860341
-0.459936984833015	0.20728478081989
0.363774908351037	0.151226425210341
1.03584045785242	0.529141692540732
-1.51650342196946	0.818256406813063
-0.575596556688765	0.276336370036895
-2.11354693967538	1.06465252779107
-0.520124551991402	0.246110804043659
0.668312029895394	0.22336922808744
-2.31512304171078	1.25973909189853
-0.0260291197545746	0.00990994545208483
0.651462843769167	0.353759955361166
-1.27118247376397	0.793899546529841
-0.619519869438452	0.214267720899578
0.370400128493327	0.154504861812901
1.33547960148714	0.782797123243431
-3.38387758170305	1.48488291747877
0.543372381387075	0.260730269530447
-1.10977544671308	0.623166786631863
-0.125764956469486	0.0518236095300469
0.193766398663142	0.10538454517947
-0.253648966780148	0.101270814459632
0.526430413990461	0.224730221629876
0.42337076807028	0.19842429893435
0.709350763673534	0.349756719378696
-2.56776400238581	1.57623921813754
0.11599300200898	0.0563524756838751
0.0922690919679285	0.0362767154888563
-0.610794024453204	0.412475816008965
-0.342583096405215	0.144558787326103
-0.63268057847022	0.378774063377809
-0.594243360120503	0.24561585029648
0.608001765840789	0.364589697134818
1.12074605373645	0.879678049796121
-1.26512541466941	0.602265857534785
-1.72309031091582	1.04956280693982
-0.253356908357083	0.101143190658492
-0.44305213561017	0.170006084530945
0.348134686510871	0.144357353324002
2.51851495303576	1.86565695383079
0.519335940364763	0.24798895151508
-0.955124403566382	0.485742734121671
-1.45146424866244	0.754623721726304
-0.87292461612521	0.522992049474956
1.0512685946993	0.479756703010432
1.24755835533455	0.985454385284189
-1.1248790075316	0.636023973215424
1.58193036654799	1.15450030938613
-0.728523787465631	0.322088310209348
-0.790575904325109	0.364289168864416
-0.798565010067078	0.368152211600171
0.776449819530282	0.428157984982156
0.400925584222401	0.187111782617083
-1.64953977578206	1.96310254282303
-0.0742460641169061	0.0401378808487807
0.569584972817313	0.43097256981765
-0.372774281112335	0.253014324277689
0.569761373409052	0.521212483597814
-1.40981645923843	0.972197467043614
-0.323403237242237	0.17465013222813
-0.227035099994463	0.114509131263158
-0.899011610053142	0.543952559763718
0.235784368265453	0.0952834324454125
-0.486102129478599	0.260820531571963
0.59183059161932	0.56857791609812
0.557199072816233	0.44311823189631
-0.526698568114586	0.399702728762044
0.655425333575029	0.319011972410743
-0.197964246190277	0.0874567493294888
0.00609257051643444	0.00277122464975975
-0.294214883029009	0.157238669516453
0.612388103092192	0.367176371242365
1.0852110434516	1.05284244823431
0.00080787299407141	0.000519940721225488
1.40051521856646	1.12319138225961
0.108554637556917	0.0527380207102944
0.810084533272954	0.555431184773687
-0.332442569518896	0.158146080452947
-1.43281687824734	1.00017929407909
0.177293167565937	0.0960749908229673
-0.296183154235104	0.202759810258671
0.12960489054422	0.0686780845711654
0.274497129383557	0.125336543347729
0.548016646034993	0.29377892378265
0.9904368183823	0.888541225737822
-1.19196210464699	0.890821432670552
-0.459786668821816	0.243976449223295
-0.599452731170615	0.481310687068992
-0.455366739504842	0.241281602233754
0.0705648996754058	0.0412431934280311
-0.130199396815113	0.0488073008553513
-0.457387784873116	0.175391023522259
0.579094283687212	0.440587979183276
0.96267373996144	0.856623225764094
-2.01501183607189	1.4833717380503
-1.7243419601249	1.0509505362026
0.310645267673702	0.174643281339319
-0.0721999897383737	0.0389255365204293
-1.90957911819702	1.32074657125694
-1.67322061116181	0.983877393637058
1.68404070212802	1.62911324363028
0.0807118230354772	0.0392745270441964
-0.213319440757019	0.107075121241436
-0.00698172447139982	0.00274650190550665
-0.884500217814983	0.533232078445442
-0.62526830792681	0.314859793092364
-0.917712924457705	0.678290867889044
0.105330554120478	0.0415563161954762
-1.59849910294424	1.24182690654192
0.863490479971069	0.703589720574811
-0.0967215437870292	0.0454654997471145
1.81228954869236	1.91140543834141
1.8827721846052	1.25828497028367
-0.608415077701071	0.304959452632609
-0.784100809889905	0.361048325066426
0.619538545158269	0.37324583495943
-0.137019354735808	0.0700924899841081
0.262254328663183	0.119135994221375
-1.28109720443656	0.802878537614258
-0.540601794496122	0.257309460276718
-0.128649243453468	0.0480228696881015
-0.595383022842752	0.245177759779946
0.539445788569891	0.349829920172181
-0.0990478923746293	0.0465795636589067
-1.02338179369706	0.681646611105971
-0.895236292835447	0.436949494597272
0.758694517966975	0.415387139921895
-1.1063459622563	0.620120586722627
-1.66260265822995	0.690365671999482
-0.332664935372108	0.140368611404499
-1.36657034114873	0.903505975891286
-0.31465282220872	0.148890259472175
-1.15786486544336	0.521764495281342
-2.09455858666679	1.62106157813808
-1.03889664809401	0.439699706293121
0.0668122495799776	0.0291241324885491
-0.291802748950144	0.13710864458019
0.0796158997315336	0.0344619059158926
-0.0995165973276752	0.0467923576421907
-0.565643635712258	0.271101399754579
0.514915611126288	0.219242517099804
-1.95476825115609	1.37623120798103
0.797469157522874	0.685528818956479
1.10588055029906	0.862341807544221
0.304395470472923	0.1707290702409
-0.616315643010623	0.416830369808483
-1.29377453617459	1.04384310132272
0.524975792966728	0.224193777500705
-0.325120987991243	0.154335572954351
-0.171464314224577	0.0992328645065938
-0.318154929746332	0.243702181745882
-0.0159566197941602	0.00727154618136616
-0.0380696304578095	0.022219013786267
0.283394783318591	0.158342000741169
-1.73972684344559	1.06640284290444
1.19196511990899	1.25397967593124
-0.2495257969772	0.142266205674795
-0.700581351453582	0.44225861147028
-0.234182647825794	0.142803958317331
1.05261143312218	0.738975764287862
0.261299283646135	0.132260581587676
-0.348174988123429	0.213114442987406
-0.440295138542288	0.196924259276225
-2.22137300137377	1.16922931533032
0.360723227610365	0.205490083035978
-0.0130940001974353	0.00511103696997597
0.756384257942011	0.640213229304005
-0.959299837712567	0.723246341608519
0.410590286599428	0.192349580969113
-1.68402671911982	0.992893463058774
-1.25409185356671	0.775584626377528
-0.56529895661285	0.444182353093134
0.961320411903583	0.737458829518504
0.841632610820513	0.633576467857129
1.03316144891223	1.20613618011879
-0.982611681420138	0.63173034231479
0.845255336110319	0.423819491107121
-1.04296536083741	0.441463257463797
-0.870197894482474	0.701156507644573
0.165594922617439	0.0586104817694323
-0.691673074571598	0.302841327744946
-1.03657253858728	0.834395240647322
0.603207319819254	0.489788718567915
0.508336450917165	0.353360008684107
-0.144484562748494	0.0683108880717339
0.540628973914892	0.288892700653576
1.57735172087802	1.27577262350255
-1.0253454654723	0.546539751473997
0.289894487398923	0.132189635377721
0.886562609842786	0.727563814804577
-0.278516700689763	0.130451104454983
-0.780671901640952	0.359520744850434
0.0941600813995771	0.0366547503532379
1.42087526128646	1.54290564586773
-1.28549371178046	0.611818880720926
-0.106024414415125	0.0498268329191269
-0.0275083492783863	0.0123458687253841
-1.11470556181449	0.627350763749985
-2.52311770565192	1.50241291142007
0.184653141805544	0.107484367777375
0.0111139565971873	0.00498130967695766
-1.04002594963988	0.557176284102774
-0.602684854525791	0.250239871866686
0.676456473033757	0.56130403310838
-0.125602298610723	0.0590852692153564
-0.788316397662287	0.53090918222761
0.992465743502934	0.888427954458866
-0.717766955169724	0.517658353944416
-0.275259560423368	0.146071783359008
0.572564615671252	0.374579356996869
-0.949372466877815	0.600969794669153
0.206873369129639	0.121268872077468
0.308529836423062	0.158272439674454
-0.29578813560486	0.0882116684839374
1.25962729545714	1.00360245170126
-1.16772117212957	0.528433678686815
0.461266471773516	0.432956298453038
-0.04519757930893	0.024561064860144
-1.30198270379494	1.23336700599881
-0.642995679236493	0.489654474326269
-0.292622408700677	0.13769358417594
0.420837537509626	0.220177212743556
-0.175540057267804	0.101847640554982
0.399012395884989	0.207572542950076
0.31751611091275	0.219343632920671
0.169971101899973	0.0921870057044656
-0.272982370353476	0.192903514931192
0.656556875443488	0.357390249590541
-1.02054287924162	0.679806383595576
-0.165310811795475	0.113537076394529
-0.792784213974613	0.448930460918748
0.3887949597382	0.181236357696231
-0.699805420825546	0.372003695130195
-0.114174747214434	0.0474462791145155
0.184858098598673	0.0825481518644866
-2.08462215789148	1.60638341419346
-0.935780539959866	0.587930049534801
0.420990496820578	0.220153983860548
1.38742421767724	1.32351063916398
-0.588475683334509	0.243449000445839
0.363368678716336	0.151266853238986
0.6467989040971	0.351653381525616
0.74169439718105	0.547212059116364
1.07232390542566	0.552297187081654
0.877609231635668	0.767636673197619
-0.162363228146178	0.0998345243509214
0.138903962317972	0.0842022465450329
0.16473965764663	0.073451491920687
1.39984151614118	0.920107652302278
-1.21477620000678	0.724773743505706
0.423268106128309	0.265595498023767
0.0796106108776612	0.0419645149662685
0.413478075947176	0.194168389215018
1.19070290420813	1.25192085079176
1.05138462476169	0.671727066242045
-0.526338232952371	0.36522294333163
-2.37100927076462	1.32444408617114
-0.956321055688726	1.0534073271866
-0.457449049973042	0.352346139067686
-0.40227747525752	0.257970033975881
-0.510626352763907	0.316095675003926
-0.354336859560621	0.149998396470652
-0.457954567619722	0.276949924400515
-0.0931707721255885	0.0388900198010874
-1.11145586286594	0.787443287678954
0.651869195897455	0.535359922834209
-0.158664761849399	0.085013161648774
-0.680315083718358	0.426502404050137
-1.61043244653167	0.91002990187851
-0.460310315048582	0.177285028910308
1.0852968714755	1.05448350687723
-0.0969625048539123	0.0525056758099694
0.738894484202512	0.325541960196053
1.07896242631439	0.908467830246048
-0.600929118222425	0.248398612493799
0.406404719365904	0.272803331195586
-1.05896845723888	0.570422991903898
-1.75854004637357	1.08659685354581
0.258404540294756	0.11681032302753
-0.577841046588787	0.238634841550607
-0.0264889709464881	0.0118071795736666
-2.01154701611722	0.967696289237273
0.675871160149849	0.330596869336935
-0.362903062896769	0.20473506892651
-2.01398813116927	1.48205369984041
0.0891645687887662	0.0435258611072254
0.436255209820008	0.228926241421433
0.538522712192188	0.287378125863237
0.51034916233796	0.301144384725628
0.970502789767624	0.551941699510705
-1.66487133096218	0.691410977349317
0.223717286018742	0.111814225357613
-0.703438066740039	0.309145926129451
0.20148439134217	0.0899818998910913
1.19601710967214	0.773360503124288
0.842466752946285	0.727632736412284
-0.951947528950427	0.484074092228867
0.179151077396413	0.0891216051174183
0.608769948905607	0.544802386567053
0.109453950501091	0.0430043936301063
1.11991093852369	0.878635461279006
0.440515933886185	0.30023396841518
0.280554881052985	0.16891920659019
-1.28571566349588	0.615128122465942
0.154089697797963	0.0685120738731917
0.500515111224358	0.295386034611238
0.528382352212442	0.225981238227611
-0.495199438440175	0.266664188677559
0.212189073723571	0.139720863059108
-0.562113095998813	0.403924367031528
-0.897620471112163	0.741067554799694
0.269943629195402	0.123594603159545
-0.198296439805874	0.0992341309314571
-0.570007746762623	0.32568525807827
-0.462762812769424	0.208520671875064
-1.50395927136819	1.09925031709272
0.507158572216315	0.299218493106872
0.0914942655661084	0.0512231349928227
0.610570060815053	0.36640144094865
1.15486516495548	1.26809062783192
-1.08470805881973	0.757469094643323
-1.51399019440987	0.816042960979154
-0.631815601512123	0.319032737622075
1.00263138393468	0.841098610018607
-0.947620252332564	0.597594791437081
-0.466371508647275	0.314442925492382
-2.38520767921057	1.33225040469024
-0.388648092851567	0.221790708526027
0.946440185775597	0.782334456147299
0.228854627388987	0.0925338573936626
-3.74963504418128	1.83588161056269
-0.114525980124246	0.0473732554535548
0.0876184167310078	0.0421443963714033
-0.389223615933373	0.195269622620997
-0.786967669492187	0.444142979936349
0.494538317540516	0.363016482545811
-0.00221034465783938	0.00110628670155147
-1.73599328571222	1.06344510946831
-0.817954064379274	0.468890795162067
-1.52748920589422	0.827215865456702
0.368520337109393	0.135708009125795
1.89559706077914	1.8583374318168
-1.05259347840758	0.44707905735105
-0.449270350274706	0.172691762414734
0.471556729502168	0.301133803830279
-0.214071357887241	0.107441976876511
0.681307348816832	0.456437741476882
-0.0645675182807434	0.0325995979094584
-1.33438949833751	0.871801933399832
0.346362838739416	0.228438982401126
0.52216045761501	0.249038307455688
0.796706008519203	0.44269529795587
0.280608308968374	0.156632876104195
-0.331371336196896	0.201068447735577
-0.0112065952351936	0.0042807454503548
0.47389575667308	0.347336321894346
0.0562760100392321	0.0338850004367304
0.084326834316294	0.0522779672333706
-1.41009109992641	0.969972579140003
0.916127193238167	0.635332795330108
-0.124764216955675	0.0708403694989799
-1.13004971075768	0.638982860027394
-0.202221633095141	0.0893616198982385
-0.306102333400325	0.144424664381922
0.184363326436023	0.0821815591713215
0.653703393927395	0.356027915330945
0.170060391791861	0.0986815662348125
0.751759622424641	0.461765703431797
0.0754473371770546	0.0327595080225652
-0.798806145158711	0.5398220628899
-0.469942503021187	0.181486116455018
0.0212160798449616	0.00958110279483122
2.09920619916518	2.05607377525865
-0.701324669529071	0.307333666977197
-1.26099991454697	0.784403034252488
-0.626738615824688	0.316136462359219
0.139668285903531	0.0499890930189758
-0.113251080077043	0.0532733107556032
-2.37808928887073	1.33113238523297
-0.856342270176058	0.331890705566381
-1.29559184080874	0.619919349562391
-1.67343180061707	0.695344954740362
-0.866471081674747	0.336233357060911
-1.07346560542246	0.746225469070192
-0.110982194745459	0.0461265588927804
-1.42958159571786	0.994618182432615
-0.453821004692612	0.174696385033062
0.353712545427663	0.130268762014022
-1.36252059099415	0.901929295819647
-0.044739649204951	0.0194179956299596
-1.65371288524152	0.685423857260386
1.63284169029802	0.976303020774387
0.0923677894166527	0.0365125818851511
-1.03021837063729	0.549860107889229
-0.612209810338266	0.307141375988671
-0.610260853809663	0.253572578907912
-0.949750051912999	0.482218327165959
-0.189389898530545	0.102487165937062
-0.0164903286600412	0.00749292900327851
-1.46267403899243	0.762553888130933
0.854013246527672	0.785483257303998
-0.459523513658404	0.176952010864253
0.140808627577717	0.0507969907011448
0.592993053599498	0.390842924827513
0.209382592315478	0.114383451011871
-0.956071940943144	0.486671803662416
-2.38548606406145	1.33296938537717
0.0305394515486787	0.0138525190643574
0.0787322829984274	0.0312754377995644
-0.0088935652303298	0.00450810493410461
0.0315604213662003	0.0166544465506209
0.351900558849391	0.232580979235115
-0.136442941582378	0.0642747803190315
-0.394912164990915	0.198615187758881
-0.635330411670336	0.321010056238995
0.172824981397925	0.0608931619035183
0.653401428158624	0.355038847905988
-0.986047174084678	0.50650745127021
-0.988601126009221	0.50788738088707
-0.86876057281482	0.420685289757615
-2.36279429358693	1.31776420731063
-0.794272669876618	0.366455959731041
-2.65351101313527	1.70187682668484
-0.247545812617478	0.0987355122514091
-0.279513888926427	0.131027483758178
-0.945772315812143	0.708999107171284
-0.210723799325811	0.105735765380529
0.620721490263745	0.372706243595162
-0.433867118705816	0.194072538379134
0.0875433625655601	0.0378354584286408
-0.897821923421067	0.438790742676341
-0.452739189206655	0.174301398031064
-1.50585853056338	0.810494028577242
-0.256793039564216	0.101931239443871
0.354797615182208	0.130375225341424
-2.14481382391338	1.08544442453342
-0.0485785344572483	0.0210346239264204
-1.01485764536645	0.673939525648465
0.22418185679689	0.112450093626334
-0.385636036787546	0.220078616036527
-1.27244460972632	0.796332375161951
-0.862816838766531	0.333395331085718
-1.1457031139239	0.651618119473936
-1.28521636502028	0.61326323782965
0.11607595498966	0.0457109060679071
0.536501912679005	0.229196275022049
1.36365320207342	0.888708793992229
0.533000503218534	0.228147107470141
-1.28404029846482	0.613516571590029
0.26439666035664	0.120650907334367
1.11090375534582	0.638045096706253
0.0794673261105088	0.0344255600629858
-0.89057432226876	0.433985550163088
-1.47981188289943	1.07084192835471
-0.290729501205877	0.136659293111096
-0.112092704005755	0.052670647540044
-0.209868118345105	0.0928418913416568
-0.690238397664018	0.43465232078886
0.411498992505556	0.192868564038407
-1.412434902838	0.974354349247787
-0.78962597467316	0.363536335901084
-0.448610654278617	0.172796859261298
-0.256567826239951	0.147024182619636
-0.346079472704648	0.146255145470426
-0.322664816230529	0.237938370867765
-0.520396120005553	0.47180386438986
0.122504694403744	0.0807123483285033
-0.637437210808931	0.483885354089335
-1.18534385652691	0.880024670831635
-0.394066036351503	0.198400594492783
0.0125609548993508	0.00569110363924743
-0.0325783036624632	0.0144520274664505
-0.0759793043630665	0.0438805928284985
0.643872006643132	0.348730532082731
-0.377426795915085	0.213837371698495
-0.393058038309244	0.197801809849451
0.530116126630992	0.25348571071184
-1.1136496992605	0.626355458416112
0.665898069238794	0.441847553697829
-0.583128495861924	0.281086846686634
-0.239565114147402	0.146546527876008
-0.348316490354779	0.195176591626757
0.122872439249209	0.0648724498708262
-1.67229719553905	0.982786120498139
-0.363840474171098	0.15428629215555
-0.138795658449076	0.0576565862441559
0.148331407197025	0.052803879919833
-1.58884505627889	0.891312109756964
1.70169235477468	0.902864713615991
-1.59258507878691	0.895478101689151
-0.402479583941401	0.203062227170841
-3.36831359825678	1.47530274455047
-2.01534328374547	1.48293030039293
0.0584752327926418	0.0256236661433846
-0.305629263848328	0.164263895840547
0.43641257567975	0.275485060279007
-2.00491097817307	0.964152965562253
-1.74185267063073	1.06961225009425
-0.542025374948626	0.386033631002816
-0.615917935323307	0.255202528013751
-0.628349782837893	0.316787990612757
-0.00184371654572056	0.00114754930407572
-1.46342047761805	1.05214605269986
-0.355543765841115	0.150532957776437
-0.270225305077478	0.10778159128478
1.02146423262658	0.464106692590264
-0.211848130185235	0.106366074291685
0.666147998506643	0.443803674262872
-0.0252085221546593	0.00905688120185483
0.181353356568931	0.0805802718424005
0.384777301453393	0.219984177476157
-0.878740725931899	0.527250477883812
-0.61302544519571	0.452861025650809
-0.410062037584978	0.237284432761517
0.0865923961039872	0.0340556219386297
-1.17104134989398	0.687989269010554
-1.85050556908139	0.833560452758557
-0.044123473779781	0.0255524801336503
0.757187893139275	0.465310897854029
-0.0828750460537626	0.0417872006294163
-0.396986539508414	0.199696684044647
1.33055229871664	1.87621507790119
-1.04928300695374	0.5636134983136
-0.457581485514386	0.205560647904439
-1.35479059027032	0.675132994599561
-0.0924165670451908	0.0466798675689556
-1.73846711547437	1.06594303141241
-0.20069961657939	0.100449872223887
0.498000314143377	0.292737259934091
-0.779881513698468	0.359663198736672
-2.83185539598981	2.03859146479715
0.517475758754532	0.220912068344244
-0.607761265997652	0.353658301492487
-0.588474528533452	0.338931511512431
0.188411282653035	0.0935629226571029
-0.218136502191577	0.0966894355381887
-0.534123228326364	0.292912302499868
0.372475495279946	0.137137503180381
-2.75869810823882	1.89724018278198
-0.248355484639144	0.0992873466496684
0.407755045076888	0.212546564427665
-0.598401711031082	0.247267174808385
0.0961918228318316	0.0382308364411547
-0.807614304885988	0.375144251379615
0.112338347336882	0.0704396842497968
0.886070367863331	0.610135835796605
0.350856087419623	0.128823091457372
-0.0533537379864634	0.0233047518294407
-0.229079155171226	0.101591789966604
0.54380092315775	0.261149662557092
0.659935848066016	0.360731885139856
0.561374914379752	0.364928974280292
-0.854795069332905	0.330764320893375
-0.014935208513083	0.00703939360513213
0.525682991770925	0.280276166437263
-0.555488643873348	0.315059010868693
0.639280398751555	0.385818069505342
0.486431911639022	0.31296315380323
0.0552145536118152	0.0341334598040822
-0.205386477392345	0.0908860777320885
-0.788987116790152	0.364755017476371
-0.395489364359226	0.226854556410902
0.819759165128607	0.612282658027675
-0.0186850125359866	0.00630267857541611
0.16601357975258	0.0961091607862307
0.721135462537228	0.527569056235843
0.110384347837899	0.0536234751541461
0.954850858023093	0.899005159476919
0.0557534610501171	0.0360225894639057
-0.310407880862431	0.214339460726439
-1.11515191122975	0.626796515580054
-0.627057025179338	0.551016412509037
-2.11354693967538	1.06465252779107
-1.8860403456821	1.26851369867416
-0.719267171783089	0.520898436191164
-0.893859945278858	0.436248050324953
-1.37830510102512	0.918523453963546
0.164323888139693	0.0727243893881852
0.401678699205001	0.208942856407249
-0.962213670927581	0.490766827525212
-1.59995888179105	0.899554841676794
-1.37463143391202	0.688629446216956
-0.294986918056766	0.138806264097118
0.720006682387847	0.564850298308908
-1.3842273236728	0.692667616957146
0.399662112198054	0.208082236089204
-0.251312458912729	0.100569728155474
-2.10613805439385	1.06005282152803
-0.348710786110203	0.147282728679443
-0.0221662862430899	0.00712843141174246
0.544585728591667	0.291682233721953
-2.4989312840589	1.48023735902187
-0.434148807869934	0.194129343647819
0.253092383575999	0.151416113661167
-0.252384290208452	0.154909082794693
1.44925141597059	0.680088441968207
0.298866416213341	0.16775065313406
0.523077680914933	0.27878910092615
-0.190273426073322	0.0949875710524958
-1.2780153936232	0.800401091696871
1.07450899298262	0.760359843634587
-0.736140856680003	0.474344657466419
0.573152938373095	0.374339251961902
0.277277372676761	0.140489825207787
-0.18984196752745	0.132053764536318
-0.822275519755163	0.470227153500161
1.23366019222916	1.15054485320413
-0.437295955548333	0.26096506145139
0.64538885860968	0.351679881720546
0.518114326529454	0.246570034137309
0.83726204613509	0.419601423664397
-0.810095475640986	0.375540461192372
0.227080685660633	0.0918631534876695
-0.517271949299994	0.326983155579515
-0.318188644337057	0.19174775750615
-1.26277234462357	0.785466619746287
-1.28136101483982	0.80332062834255
-1.06254306856352	0.57349561921719
-0.205831365643801	0.0910185427290565
-0.69949872544172	0.307013332479099
0.290982620220302	0.133218353229575
0.366360797835743	0.151971539943441
-0.0121206466115341	0.00476277749261384
-4.18550872070758	2.21516775777954
-0.845589324913545	0.326682851121859
0.557717189267697	0.268254670879855
-2.30449388032877	1.25343368790243
-1.85185985073221	0.834226877526412
-0.284718425050904	0.0851722059912993
-0.600250428121208	0.248367988772002
1.81619915844303	1.33696139228765
-0.466243974294243	0.180207018108812
0.638726619012708	0.385841440109901
-1.029655160941	0.434790858458953
0.771821903295574	0.521220318057768
-0.100500607566169	0.0415915678606511
-0.0120292334417637	0.00451534584961863
-3.93341454772158	1.99676941502333
0.511288376250228	0.217608974717826
-0.434517514444275	0.19433253320838
-0.785696866996568	0.442316636242906
0.542667411849555	0.232689748698115
0.462005868168367	0.293786976718364
-0.26708490352726	0.106587095307205
1.35658350362297	0.799070754634481
-0.248048095721373	0.0991318189512621
-0.287627062961427	0.114579235416709
1.78087167307647	1.85972575738002
-0.405379109386383	0.204281265547843
-0.172687178766694	0.0644022316939655
-0.889378172605413	0.433786438322578
-3.58335665918076	1.67518681458622
-0.469246501225923	0.180597342023412
-0.784077602487073	0.524191740689031
-0.773975047667924	0.63935189118589
0.345993575050498	0.276019526305398
0.148284477996609	0.0902427933974098
0.576791447975968	0.550113545828557
-0.0148229897853436	0.00573299971739836
-1.81834853019059	1.17062464786725
0.769148186733197	0.615716359055889
-0.710806441264251	0.451947134786447
-4.05751101265233	2.10971938847845
-0.419066378758483	0.212670076903159
-0.46138768426365	0.177008984226761
-2.11423887980049	1.06554496584996
-1.51982909749481	0.820470696378805
-0.969336394476715	0.619233247412173
-0.662149597552536	0.402667397690869
-0.303450498456536	0.106915972599795
-0.952263235301696	0.484234714033705
-0.858026081003658	0.332428489600393
0.417023243487762	0.218372433532507
-0.31678303742607	0.150009507910874
-1.18525383468284	0.881726522249214
-0.971952023940054	0.497415481756189
0.222361252643339	0.0702370496426482
0.650126691570068	0.353557862425435
-1.7375899677075	1.06569439551754
0.923000781888602	0.518215124000559
-0.607586897540442	0.25242137432403
1.57866565187327	1.14923890189416
0.190330778861784	0.0944780271849892
0.940001537362628	0.530581749810653
-0.0852584310638053	0.0429918720383162
0.427728153774727	0.224614880219863
-1.61828993022605	1.28527779041208
1.54421932131688	1.35751117746627
1.37204547867549	0.811001846262464
0.225301851186737	0.0915312472499244
-1.04830106226371	0.563293126980165
-2.71366037927859	0.963507235303924
-0.451418363097007	0.202527613616335
0.395306360590646	0.184496545149744
-1.12691544694947	0.636563688042364
0.865663190101717	0.840180646758193
0.0273970093280086	0.0149623663604889
0.025824481704751	0.0121312198131095
-0.357151951193539	0.240360211452167
-1.26534948331567	0.78784864033807
-0.685163991446208	0.486541353838551
-0.969350865571879	0.495683823311224
-0.231833547980042	0.159604922395189
0.499160621253016	0.263043984981107
-0.3442079640914	0.187404628207895
0.342665637929236	0.211267352254106
-0.267007581241928	0.106232160036689
0.627887101313545	0.481082948143364
-0.288681204834532	0.153571635913803
-1.81033750811964	1.16093280927161
-0.650166707476678	0.330235374787721
-1.22820896758091	0.738800553349429
-0.00689457222732485	0.00280936664639397
-0.321768493836905	0.152571656549477
-0.542965023685724	0.258734368086011
0.562719398007684	0.367663369577444
-1.14303933110295	0.648868123436821
0.560606655436163	0.423575133110847
-0.117921341446722	0.0487907636761106
-2.57001440712107	1.57835397694657
-0.206551624287141	0.0913037041388217
-0.366820509334427	0.155824194564797
-0.0626381302366029	0.0200103965633891
-0.777971823785227	0.519940739594303
0.366198728085661	0.227110627437913
1.19650318927881	1.2578725482851
-1.96757098854982	1.94236952486168
0.881708664361333	0.724993036645071
-0.850590271426131	0.504011495787193
-0.572536106433494	0.236278117564828
-0.969119747059996	0.618250703680755
-0.945767305745375	0.706033439002037
0.262187476358858	0.119890955264135
-0.612668934938267	0.253276892934878
-0.781602305660071	0.523552082136666
-0.616515265870098	0.309726252376094
-0.307970946926645	0.108491869196405
-1.19816817441436	0.71125747013868
-0.961157747138612	0.611419022689963
-0.866298770756418	0.419656230308889
-0.537324596823018	0.255430358578795
-0.339754147727635	0.143663559607658
-0.718674185381729	0.384368328640724
0.155927635653844	0.0550166944644401
1.40046114658943	0.497802399142274
-0.0812203881857205	0.025403763941185
-1.43559599292192	0.744201661595009
0.141840648052649	0.0503207411648939
0.875501405863079	0.441818177343535
-0.621213204796868	0.215048806321663
0.531725112724098	0.227680616928411
-1.3590004530301	0.676842492150242
0.538647121081911	0.25774905974026
-0.877108328736394	0.426007454181434
-0.0848070811621126	0.0261239315100578
-0.456239939740741	0.175922738480265
1.72665749194725	0.514015992250562
-4.16622763814967	2.20835640153749
-1.35972193779422	0.676640202834795
-0.0356878861116045	0.0136932389230974
-3.79279009615311	1.86179626452876
0.00613010796972368	0.00197121583843154
-1.0411155019997	0.334366938978704
-0.296774214875288	0.105004489158004
-0.410409219194124	0.207853687416473
-2.70163341573963	0.956867155200627
-1.42192559564052	0.530230412250847
0.930838281479141	0.524354972654295
1.8856820172916	1.26130685199223
-0.849241432169078	0.502755811948771
1.00160610226254	0.631954187761323
-1.45399777061272	0.757409086661433
-0.618800070256758	0.311070453197379
2.01891365067082	1.21645310836581
-0.167003738670114	0.062621649370395
-0.970724468698989	0.495686098461768
-0.586573984764606	0.24264092164719
0.663040938991184	0.361004906034287
0.868827776936199	0.43806004213645
-1.03336931144161	0.552175350484477
-2.72585893822223	0.969524600219644
0.240515815083092	0.097558276260816
-4.60715844919997	2.66352892944611
-1.05416605729336	0.446468624910821
0.0681867203476172	0.0412862112743027
-0.0485553710908799	0.0262451368372153
-0.713875024877247	0.617633366395119
-0.758221712621961	0.493476403492855
-1.20748777759545	0.719897504732509
-0.639144420644775	0.436711961768284
-0.053947775369948	0.0291866724376214
0.012684781623927	0.00425458225841836
0.0135694950054026	0.0061516297953553
0.0571234510354366	0.0247989975140531
-0.08070053400086	0.0435490918379811
0.0599004195369185	0.0347964298820722
-0.840628678997693	0.495903086871234
-1.38246753949925	0.69178968760776
0.517258773900925	0.274959132529698
0.609240701126318	0.563939811375419
-0.474345477595661	0.253740570791194
0.155998612923509	0.0552630562206034
0.499377120253658	0.293578271139346
-0.378833748615459	0.189635771307473
-0.357086341432282	0.201087407418839
-0.972818547716764	0.620455466264025
-1.41198188777274	0.972664001405977
-1.74495773314282	1.50894396966621
-0.42095919997776	0.27212492952545
-0.324314874719344	0.175395902751691
-0.360390793064338	0.15225646434109
-0.126550415792464	0.0643952651916258
-1.27115173536693	0.998486939635261
0.38023409348473	0.15813132401842
0.564338150729694	0.45007980602386
0.100774855750549	0.039618381722729
0.110990516229513	0.0432598779893192
0.977425996210624	0.814221118298605
0.742468455585379	0.547369426254561
0.163610487677455	0.0727488188334884
0.462127926936794	0.402814978269033
-0.125443171286099	0.0590063797518573
-1.16416943019095	0.523613007421317
0.997363450175095	0.630201806728205
-0.703286195651236	0.308090718886593
-0.589851068612549	0.393304902247602
-0.337253828419414	0.205060568577351
-1.01678074823593	0.676413273753452
-1.16917689418793	0.526856498624149
-2.44272735416543	1.40449028766931
-0.645840724250365	0.327741807756336
1.63946964806005	0.9815770598359
-1.85239672412683	1.2304014868146
0.0539896286290565	0.0236548137459955
-0.783757051386244	0.361323740654814
0.345983006769602	0.127412488560529
1.10776489491025	1.25523348279371
0.172658635652968	0.0610055371502202
0.606932357139609	0.394813020275197
-0.1031879869123	0.0522889904398276
0.11426759729554	0.0450399690576536
-1.20321604851385	0.715898000635948
-0.431620287695683	0.19278504285038
-0.193000326273145	0.0963237276491811
-1.1617824256056	0.524675399317098
-0.371120357849574	0.157915227316585
-1.68791883941647	0.70336196132133
-1.17040035764668	0.527417754515759
-1.87629624669547	1.25842181089631
-0.695390488648314	0.305662322037422
-1.04923748026572	0.337110470489464
0.933412838333777	0.525870839679305
-1.26657749257726	0.602603171156865
-0.0845600577281702	0.0426528931816585
0.543512972027392	0.260889637385938
0.933428465296462	0.651130605031336
0.084302068441978	0.0410387751535259
0.508390612359491	0.299208081221144
0.268361049047964	0.122084800689411
0.245858862808042	0.076891989762666
0.245051493547658	0.146078152742314
0.115668292906852	0.0452266238823468
0.0968309433615903	0.0379038555337646
1.64687980962153	0.987740299497709
-0.302548693572456	0.142731692496125
0.142860317200472	0.0635981785350159
-0.35176742225647	0.148576786414436
0.0510682070766449	0.0337968529015729
-1.67068346942534	0.981402922062842
-1.35587933004364	1.33153760581192
-0.632456508778796	0.319527709119978
-2.21739858771478	1.16150534572506
0.849402022122985	0.425906803092804
-0.27319365567343	0.127812895584683
1.08304666650771	0.840053422897302
-0.889504766028407	0.432133722132817
0.273220156942303	0.151787172676232
-4.53186241801612	2.55836565730002
0.748516837813976	0.667164357956412
0.295757099916826	0.165548917077695
-0.136029785947877	0.064075084834834
0.616284667735216	0.369487670199849
-1.27332118604867	0.607173259644772
-0.56081432912662	0.318813726649174
-1.06969691088342	0.578300416675828
-2.11439110566492	2.26968281186374
0.435564564434254	0.228526907225657
-0.924086481506581	0.68495807470162
-0.442119325235312	0.198064022978388
-4.51619340341215	2.5447401976589
-0.865065031710346	0.516066378518569
0.396706813833932	0.18567012292211
-1.27987130511865	0.611696578176861
-4.15625095843698	2.2066945412085
-0.454090502202078	0.204109679172391
0.113514690061264	0.0547671032196003
0.0574902489966678	0.0249665816368215
-0.316730982050718	0.111506857207409
-0.287738910464412	0.135140524969323
-0.00509376885549809	0.00218645070400426
0.38496150308329	0.178496350708551
0.43333960647611	0.227883035248745
-2.13268978395286	1.0759078891237
-0.389378995620754	0.195725016612866
-0.726381987705451	0.465983127205785
-0.616994262526649	0.36845487216444
-0.412596881351286	0.26610627505793
-2.1817671106412	1.80514939789071
-1.02339894243593	0.681723360043527
-1.61231612611916	1.27833575820533
0.73472774940549	0.449192295622633
-0.0569082087544963	0.0357434926905116
-0.677071648528579	0.423260065271023
0.797975106741236	0.544258691995732
1.34712331306266	0.707868868245078
-1.40173748000841	0.7044119165328
-0.178038535122915	0.0961239675206671
-1.73601184707381	1.06307298589475
-0.706288323999325	0.448248005220326
0.507797312580427	0.35282379705419
-0.463244488760693	0.279579857830254
-1.91950680746154	1.33319569877055
-1.10603394071141	0.620746016715692
-0.84423785377758	0.593218030154224
2.53531681085379	1.88469603599722
0.129299086130259	0.0816623247074277
0.291753366317453	0.149172711882617
1.39435011929917	1.01207667158925
-0.685999506120638	0.362859749120765
-1.65606900991207	0.968068255219247
0.300071332287238	0.16820603624197
-0.646374092903996	0.444490632864411
-0.705755838548832	0.310066491575567
-0.943046137693198	0.47840113936987
-1.73345887290566	1.06100930234127
0.834506434830929	0.719825491576239
0.226478017997756	0.113676252025022
-0.877141650507221	0.425617081588397
-0.311847287187453	0.187406161294322
-0.838704793087215	0.324208453999778
-0.0111025502593446	0.00397798132124824
-1.04759968177151	0.562669825945759
0.678776835039921	0.490152568443909
1.14449044211962	1.31739062950562
0.698334673859921	0.469613619278078
0.343868647333754	0.211965927101319
0.528668399713975	0.281775328383903
1.07242184977775	1.31124485555353
0.739179243085366	0.546598035949153
-0.696237312828077	0.369254813837309
0.321282565311975	0.181031299758943
-0.0596790673536061	0.0302059572113015
-0.0615331577510085	0.0197507341226791
-0.353944563020655	0.150138284552235
-2.23882048391536	1.90364683654393
0.00931805963292145	0.00468194196316678
-0.686961443654815	0.431859769263959
1.64059537176193	1.71379100245011
-0.651792585100371	0.395053141323451
-0.716120066621248	0.456050027231485
0.156887895979874	0.0552396102830609
0.0972465801921611	0.0385248033052455
-0.205558573847041	0.102952025676284
0.559166513170856	0.421468971980233
-0.0280396154549271	0.0124676435771603
0.0845337426093814	0.0363975875013042
-1.11190457085153	0.625146156070151
-1.40740428261823	0.970682744540323
-1.32782628214253	0.864818970708062
-4.26627063832155	2.29528174889388
-2.52270816457806	1.50197580278475
-1.0391932855535	0.439860012267613
-0.398448209241648	0.200990521318409
-0.774623735366403	0.435147894628774
0.341623996984267	0.141353860457455
0.170440849838351	0.0763924166107169
0.692170136404828	0.231535024233533
-0.0105219816388697	0.00425959759849013
0.937798106635323	0.528901625603759
1.26406768395919	1.10111585278021
-0.331362929165393	0.201112430158639
-0.454661233342999	0.241337446799331
-0.874707283301981	0.524007609855409
-2.84511349312263	2.06120687994648
-0.0424023964687901	0.0185069608387612
0.60328260245675	0.360624188873105
-0.393229392755653	0.224960484470102
0.420284154414266	0.220262881327747
-0.234913718668217	0.133206966059218
0.181577238420862	0.0900113585465858
0.193347361360453	0.0861519399476766
-0.309436211830432	0.146251554581264
0.895666066036283	0.789220447388098
0.891041455828643	0.610213751490354
0.292909399924739	0.164037744658835
0.631260591429445	0.45564596724423
0.622825999285188	0.374991738621298
0.19540586417442	0.0871224243717862
-0.168328342735289	0.0903368004145487
1.57366570072037	1.61223768881691
-0.842327938309377	0.731472853546638
-2.0609657384161	1.57461449914296
-0.0377521494407122	0.013883730889469
-0.11304345508528	0.0467540387920346
0.382439262123527	0.284964499299593
-0.446594190771164	0.20042742109479
-0.614591478085341	0.308751310438525
0.969817680727184	0.604164480262013
0.10388514630838	0.0547686442982995
0.0382943213976547	0.0171602627425529
-0.50558018442348	0.273821201831928
0.647667094842104	0.352456881060486
-0.622072930782738	0.313159253263915
-0.257161301084448	0.101840577035558
-0.46970647388831	0.250425040856792
-1.38635493982899	0.6961056818158
-0.0115993239313572	0.00441995490233039
0.248947493024561	0.100794609511506
-1.86301520310999	1.24265181464663
0.513112868960738	0.218885661193353
0.397025753727922	0.228456477068933
0.901698294671926	0.567081147764201
0.729990307763142	0.536883976762659
1.09962410877476	1.0072017273821
-0.578152947869969	0.332050842091601
1.23178283913017	0.972770814097844
0.256716496646213	0.180948977333106
-0.0552894437870433	0.0280401229581314
0.8933470377289	0.83421048525399
0.0313090362584606	0.0156506761663587
0.787450654922937	0.537255197797985
-1.17606506914397	0.692590742232471
0.869742480650189	0.54092453916949
-1.09649338045554	0.612799106666897
0.648378665533207	0.353134005221211
0.517661426493352	0.30519869463519
0.0202208676969939	0.00982842216179002
0.952151899972007	0.726081983022023
0.64253879218337	0.496326019090598
-0.464960351236241	0.247896479695584
-0.0457660647879198	0.019862740599072
-0.266113455422076	0.153218791076078
0.115540103163916	0.0611215205579387
0.652539935103971	0.505908822934779
0.398245570381553	0.229361666238522
0.601358227840817	0.428272140918093
1.21483745774004	0.867423875712353
-1.12564586642673	0.635836554753292
0.692421148210953	0.463608110625801
0.192808640460419	0.105064365062937
0.123274268267954	0.0652828301692075
0.230157174945898	0.093072104658146
0.708501578475862	0.430544930083124
0.551603916076958	0.265213722424956
-0.846008043171837	0.490042815708777
-1.38025701433595	0.690346571157379
-0.0206637294975263	0.00777934142153987
-0.774862068343423	0.356427371622663
-1.66160203551469	0.973275829552291
1.07216842761369	0.757076887609226
1.11262551153183	0.639265356157809
-1.55694837658807	0.845194585634282
0.199935181891251	0.109028476709792
0.663531798906732	0.441846502958733
-0.102110086192733	0.0479919755965458
-0.451365808366442	0.173260534569594
-1.09365016003882	0.610277027055096
-0.793668863266713	0.44951695375383
0.149980412694233	0.0670317596411139
-0.554231597512806	0.264483548254146
0.281903770825783	0.128216500842482
0.539652084241088	0.258293526389743
0.609130478959772	0.46448099187681
0.79782757177753	0.687152991920371
-0.0954013143651104	0.0554089223245239
-0.0914123276018231	0.0462007472070181
0.935554915589563	0.651003338629337
0.868452523548183	0.709631491159825
1.29583216144569	1.47088865237926
0.238356849861078	0.0965667445180081
0.318137753327994	0.230563949030827
-0.48719381393922	0.261361176923262
0.372753501732808	0.213726617763141
-1.28087278583054	1.01322542984664
0.96854033135784	0.550864990662951
-0.704163914492004	0.307676697695526
-0.804122570872226	0.373523813781048
-0.885293017058768	0.43142020388308
0.0580683967838384	0.0250877184189136
-0.00912796519615918	0.00413588564499796
-0.396742209064398	0.199780524144097
-1.12804875321788	0.637443926579724
0.292978264060897	0.133895046744638
1.08615985018782	0.915213008527719
-0.863367872590075	0.611783695136804
-1.1169289781876	0.936193558376036
-2.12504621421627	1.69353493394649
-0.393789499287427	0.270830252818367
0.972027169915757	0.809253593863803
-0.353003744775537	0.14923063933042
0.157881984876276	0.0963852617353827
0.575989560389151	0.376707647360762
-0.335674993788971	0.159806565820778
-0.119154940618825	0.0560058093343974
-1.12978648037112	0.639709895775851
-1.35746619271541	0.897026404824526
-0.24437433037993	0.0976961367601921
-0.0458992121953474	0.0201098056985487
-1.44333603624829	0.749545996797653
-1.19746813683298	0.89649863805456
0.00678599459734142	0.00189628570269523
-0.288192412157866	0.1016284925451
-1.45234699367359	0.757214576198465
-0.317218896360584	0.150397458941835
0.063148612743414	0.0273511410413684
-1.56013704725212	1.18679776640472
0.389530319472626	0.243652624951844
-2.50428157440467	1.48534012389344
-1.21701328995529	0.727444147123283
0.784844094323498	0.709823150942087
1.79765296187404	1.88588769210665
-0.105798156782952	0.0435635288186497
-1.07233969410307	0.580331181816011
1.34969058698792	1.16830584138326
0.305515912590875	0.220252613681345
-0.382057481452611	0.237791681674347
0.5011038878386	0.295596368987143
-0.00602954028567713	0.00272254321619517
-0.567540108544034	0.322906383760829
-0.799927335265569	0.679141063931964
-1.44025687420045	1.50266899548705
0.308554819837618	0.157482154552224
-0.221085821102517	0.111275497370388
-0.1180659539173	0.0489407665368858
-1.50904640277942	0.813511838890371
0.734737237553828	0.448290541688507
0.731189880987327	0.537170401431673
-1.11249979046206	0.784584826464796
-0.28425809511715	0.100414735488119
0.558422653491659	0.364550785740972
0.131966508746609	0.0514900896961966
0.848381565175487	0.425512765869001
1.66115024944894	1.97192985828671
-0.0233874763910152	0.0136376103659826
0.102420749232325	0.049621190249544
-0.222182707574701	0.112013830464325
-0.395714173433153	0.199136972565145
0.573763164926495	0.405663012633415
-0.260930821072101	0.149753470163326
1.00623210046039	0.636594957218732
0.855658549313912	0.695804659617636
0.620281380036285	0.373169841860563
-0.274496527217707	0.128509020847287
0.703476784796131	0.425376627742574
0.191383189329418	0.0852115150847297
0.971735030984633	0.80671823941245
1.03705261248348	0.725995496086773
-1.72294899898834	1.05037356987604
1.07297317798931	0.757539614578545
0.887451123996166	0.608737195848204
0.523846198963262	0.223658914773749
-0.0503878562802515	0.0219859839037374
-1.36428088851918	0.681881853702556
0.288578893522717	0.13145050180073
-0.563268046390107	0.269699431537227
0.277341777340269	0.140395504436916
0.00511509768795853	0.00133589762913846
1.37070268229914	0.895234167090207
-1.26931829989482	0.791488768154717
0.408489952532657	0.213582492439205
-0.459047446396045	0.24393834641715
-0.455862452029242	0.205093520513821
0.364979647980551	0.15161865172359
0.0155892446277375	0.00776614884044835
-0.386911461262311	0.194100867713785
-0.316305219100903	0.149858872888614
0.901183033476105	0.8439740383022
-0.437501841507446	0.285782079731657
-0.797772185169315	0.537388159362445
0.864492745153925	0.798314882216256
0.535205356676082	0.399973651718675
0.745847936869233	0.590972073245269
1.74326215792179	2.63440299403575
-2.24601991682505	1.18014808498573
0.731499263165252	0.447146860570559
0.750060415236124	0.459655615304921
0.568266033327237	0.371723471055543
-1.40106157445324	1.21523815760688
0.691698992094677	0.502734319767287
0.227680427963965	0.124970313937792
1.3424601955247	0.705160044095384
0.354815892813793	0.147428597178507
-0.118677949624948	0.0557962027289274
0.66677960259229	0.325666047233443
0.505636855178058	0.296543872367278
0.757356210083557	0.56208381881562
0.814804052786464	0.559147364057188
0.495602568349024	0.319747539539869
-0.453567342451407	0.203683172546298
0.363951131199022	0.151328433745775
0.565295324691696	0.428008639419455
-0.928108624142945	0.688846308867379
0.106313588898565	0.0413966800554327
0.762436722381565	0.684507025411894
-0.455522632821402	0.241526970428124
0.663169965837902	0.516403342579795
1.75332843285438	1.41552687358147
0.18668917710639	0.0927069813268718
0.620867790089352	0.476404123110528
0.0129643673868292	0.00648173849670902
-0.200984745043349	0.0887939516043329
-0.796676364952441	0.36929791136857
-0.0385746822143357	0.0177341165657502
-0.134806082457933	0.0741377332038261
0.523620719172306	0.250813949577993
1.498022678152	1.55084214536082
-0.705755838548832	0.310066491575567
-1.60337541708978	0.902799245544956
0.674611209208555	0.329959596572062
-0.279226597617984	0.0985989013225853
-0.869887856369641	0.421368513123787
-1.600419020801	1.5759234612169
0.110591330678001	0.058433177705916
0.403646767291314	0.210337895308091
-0.542752702961129	0.347806329941618
-0.58803369959351	0.243378852954395
1.84844252176079	1.77773491119378
1.49177889622034	1.54431975543948
0.355101728715997	0.130487799846809
0.664411171944667	0.441559597594038
0.506293799918246	0.512136210840757
0.442540676182681	0.337493359103411
0.0762439677454674	0.0425617719348522
0.736044728343805	0.449512476446952
-0.227774456105629	0.138398545402478
0.975849877017629	0.814073160430577
0.287299189927164	0.222273599207407
0.431192948656989	0.272252968078368
0.862083784751764	0.533739593952756
1.38496439064777	1.31613056196556
0.429509371164843	0.325216223404848
0.30432274173179	0.170723700292698
-0.714144096854205	0.3821366422761
0.413415986278072	0.215968126039247
0.594550835040506	0.35494226006518
0.483149793313299	0.283199631742221
1.55368546265461	1.37067877079597
1.20065001271865	1.18949932726679
1.54226207530717	1.68986454388057
0.348213172107467	0.214444290764239
1.47051361765473	1.51001838060992
0.684278819879567	0.335967621708394
0.10338680554863	0.0646058159178947
0.148894169811679	0.0856536500510215
0.0240946406788452	0.0143772233130722
0.138622070002935	0.0796496936812507
0.56951645480379	0.521390017187132
1.09663095757856	0.779817095787068
-0.154148486480311	0.0728982874506276
1.47070074251104	1.50885039015927
-0.0429967757963784	0.0161853808422828
-0.187616753557816	0.10145995254744
0.0205187721611359	0.0102542068280907
0.0933741702960314	0.0523162144753062
0.563288509898321	0.395988643850129
0.100779200466406	0.0394047345840939
-0.0268980503764445	0.0132684503159345
0.271281777784091	0.162996190792656
-0.630365937303708	0.31835462342271
-0.697189461645782	0.306170830478926
-0.792234192279203	0.447988593184083
1.03744745195544	0.661649739852689
0.540128860066516	0.231771043491364
-0.718698129485842	0.316669098847618
-0.248655057332921	0.0994195790967747
0.702508721965605	0.472132187183443
0.219451928110255	0.137740966960358
0.204096843613812	0.101846978031766
-0.138776622465676	0.0654455522532036
0.972287666476945	0.747034458314433
-0.999905332984169	0.780081701271729
0.109374659301062	0.0529183091272045
0.026910395573507	0.0159642601020544
-0.62754678617152	0.426608175499196
-0.103472590783206	0.0641668101138599
0.768625253974038	0.689736647934474
0.770121151373693	0.693195967649374
0.508923059090393	0.3008863227751
0.961785551746523	0.960511693593656
-0.158701178081403	0.0591100265130114
-0.957194828864249	0.487421271707782
1.02586532238941	0.651903239274423
1.38545837834875	0.492219504116298
0.673240561397732	0.557976558065994
0.222018316576803	0.111111063728996
0.645191691777588	0.349940520069573
0.224952057443637	0.123151232182742
-0.168792486395245	0.0630295728668995
-0.47895948690056	0.256172715098037
0.628494534198797	0.240733937201923
1.03819577940585	0.661651724760998
0.943829788781119	0.533162855712493
0.657208059867218	0.35764468627752
0.532432552650936	0.255364043388025
-0.116571317972295	0.0440643241173762
-0.44925491804939	0.201844458022143
0.42155856107832	0.285340125875447
0.354908891062707	0.147764634782619
-1.065557166687	0.724313306571709
-0.206684102416113	0.0913129464807903
-0.0356701496262893	0.016391407646867
0.193780745623575	0.0863803454363529
0.524506721122887	0.27938189710517
0.230231357574784	0.126574946128561
0.504231924725086	0.214911795794147
0.616544410321012	0.369606959495738
0.964733634072753	0.547576771321917
0.896100305849013	0.562452922231617
0.7990037509346	0.444590211520544
0.812816760935319	0.453411221821708
0.072052926821751	0.0312942556881449
-0.0691158713864332	0.0220053125226578
-2.90562082003763	2.18451047773006
0.741596245851	0.453847940230457
-0.2969518082238	0.104731945676978
-0.0607590430659973	0.0194153249897909
0.23473651706968	0.0736670820179714
-0.0799114652268581	0.0246930629149449
-1.16003241978834	0.524138546044279
0.495875156869797	0.262133422163075
-2.1295096990558	1.07379226214376
-0.259396151264952	0.103760719086223
-0.379448834628723	0.161434710444902
-0.575921539342225	0.276522696143244
0.695224095988925	0.341915130453377
-0.0674962102113393	0.0340824202523727
0.213475152376104	0.0863722494934883
-0.62323839204259	0.215729078552078
0.220777954524712	0.110601856400233
0.6633799816913	0.323985365845423
0.236617531572482	0.0954749727209832
1.34037731917299	0.786139273856735
0.0708443001161381	0.030696635181497
0.801984312663554	0.546835290937968
-0.225905018255565	0.127641125825687
0.902033527893593	0.567998795959832
0.703428544789301	0.729721594473164
-0.232084151321948	0.117456933282994
-0.0251685119157763	0.011297708446672
0.164481461042158	0.100664267788467
-0.777162022947246	0.436727657375613
0.390939148337623	0.181614394093455
0.29591488757762	0.15062669294041
-0.148331416617636	0.0550917707838369
-0.727387957793571	0.391131630573576
0.640117364284855	0.34682574140349
-0.844056797122919	0.326366354770089
-0.316378707636377	0.14983565400509
-0.58771736734041	0.243234272695264
-1.03625326495273	0.437377625958105
0.388755600975972	0.180792207524723
0.941837611337714	0.655479959793918
1.33490321034096	0.700090839405592
0.20775519850775	0.0836906966091812
-0.804122570872226	0.373523813781048
1.35665781336779	1.38370409420679
1.54528504387312	1.23055123228165
-1.03338898290174	0.691019442242654
0.188534747399007	0.0839379777846055
-0.0202196241878748	0.00696445737133549
-1.04999679795417	0.564312508683777
-1.53638421814782	0.833911791287648
0.109843234331074	0.0436444503425998
-0.806460085454834	0.374002994410377
0.758546747013681	0.466346885148299
-0.306370333565349	0.16453160736148
-0.704248030156046	0.374751808413059
-1.37845831361926	0.691426553771836
0.109249569670153	0.0427502989126414
-1.17146108417095	0.52882986525014
-0.458927144157478	0.243379993803645
0.401778984435782	0.188658714832951
-0.470987640416791	0.212446841212759
-1.55130883249139	0.842754037292782
-0.145340338923098	0.0541985614722003
-1.04815266519099	0.562974483914544
-0.805356715567104	0.373425485634195
-0.88424573659583	0.429877967791507
0.286628369085506	0.160684379796445
-0.971579305452478	0.496835503853812
-0.539201380917289	0.256194177201463
-1.59764129564074	0.899398133099925
-0.175666570892269	0.101918954963552
-0.320133133198147	0.151894405829636
0.229061209487742	0.0721195903939181
0.101763216512774	0.039820002551736
-0.128999277133326	0.053435212495188
1.04649946758017	0.477055101533281
-0.793530103478141	0.448809069149859
-0.903132625592708	0.440419546919962
0.299867481232363	0.152690639425499
-0.214993371136025	0.121033362016599
-1.65437573790034	0.967032831407687
0.949990141984325	0.665381653045393
-1.13083032671522	0.640224103586036
-1.01817213006625	0.66518058676552
0.867146429225857	0.70850071650495
-0.378873724694923	0.161147037968396
-0.264760223016576	0.106017399115731
1.53552771502299	1.22218806447001
0.927929877617923	0.645959882875161
-0.366081702598708	0.182458744629099
-1.42987043721697	0.533700849096348
-0.852145392322665	0.32949770305913
-1.03893566131794	0.438235936399031
0.552283280656258	0.265604905306366
-0.292596402803385	0.0873350320881933
1.11562687402954	0.641149233802127
1.6249689810495	0.969333723877551
-0.251852701411225	0.100578731893218
0.29223790267613	0.163643745893958
-0.790813694659239	0.364822519946273
0.77591006612747	0.427643456733847
0.405386221835554	0.21130189111165
-1.20829752271611	0.718805315655895
1.62624234405544	0.970441708858747
1.0608006053148	0.817398465704396
-0.450995979529595	0.238503587129662
-0.644360787473368	0.326912844400485
0.299776269215871	0.167834117734445
-0.249982303892011	0.0992400403287794
-0.945317555289893	0.595849626368246
-2.13377700376265	1.07554741390701
-2.12334781223136	1.0709297560001
-2.50260596019697	1.4832047035966
-1.27604369448801	0.607092050868156
-2.02754093097772	0.978208105922418
-1.04894239431536	0.563210336598378
-0.791647321633942	0.366635305475105
0.123786354656132	0.0484697836615105
0.155055385891057	0.054893798795653
1.12817535255854	0.650514977386131
-1.05011284427941	0.444691262858176
-3.92665118302539	1.99775476855112
-0.288122920487252	0.0860808356526595
1.19121199166088	0.843110175809928
-2.13877029239891	1.08291691919707
-1.19785975043128	0.710142586038534
-0.708101292227767	0.311135524835279
-0.347791489117704	0.195245328638368
-1.04993809327316	0.444042792827806
-3.59917875026863	1.6842416851873
0.261576588938391	0.119362139567555
0.199742396862857	0.0807532686254693
1.43720917145551	0.673445411371028
-0.0421610334396756	0.0182474983450902
-0.1426360014948	0.0673193765146379
-2.00491521439693	0.96262667156593
-0.279481275133852	0.0984110767214193
-0.365481988649693	0.155096332427713
0.647087624780548	0.35113678345509
-0.542702103454324	0.347249336927759
-0.0122881729234767	0.00492681458830334
0.163318695726206	0.0729054030932058
-0.677101462867542	0.295996193769051
0.365015247747144	0.16956728923623
0.611429992067693	0.329079113087389
0.982889733461296	0.759470581650242
0.34698154479517	0.127499389617562
0.310718525652569	0.158908898538234
1.33531089448763	0.782524740534122
0.746789932617702	0.457085499309884
-3.07139247283292	1.23058533678423
-0.684953306734315	0.299033530637032
-0.0194926504615192	0.00734373806962102
0.474806472039116	0.27804004465612
-1.04778568002697	0.444495019971756
-0.872305576876012	0.338443107340808
1.63995641832126	0.982069883347321
-0.460734015768973	0.177845192642046
-4.16971128217099	2.20890794382921
-0.136275999218773	0.0512577015428676
-1.59011278909946	0.893051119294763
1.20471080777372	0.779725041554823
-0.0231955654202089	0.0104679558614528
0.106424576171295	0.0416430820895723
0.85759331070314	0.532426702432814
0.371857305411628	0.154932303848634
-0.573090283114952	0.275107023537076
-1.04593613986117	0.561147243333113
-0.859558352166536	0.332621916803317
-0.627798554213579	0.316400125995551
-0.0745955909687674	0.0232317888817498
-0.580838694031191	0.151471159910401
0.217143594407573	0.0686120109302786
0.874763581422567	0.545789487409781
0.360981685565184	0.15002761267125
-1.18430557442274	0.87926327133703
-0.602621602866665	0.208403509975971
-0.494907008785369	0.191832295361378
0.257980281365904	0.0805214594463896
-2.71011261153659	0.959781838355434
-0.640219551796433	0.221669642558101
-1.12267263706503	0.63378506235404
-3.61062741601525	1.68984869115487
-2.20774410875569	0.677401665515386
-0.469442026797253	0.180884120757613
0.082246595843511	0.0328304161768609
1.07063938963435	0.428249111328309
-2.23352960687295	1.17542114282884
0.0113265270234818	0.00310055072494601
-2.36220471342341	1.31721117824749
0.386461395182451	0.14224063095646
0.222488748073877	0.0702750393397437
-1.46754137571983	0.399241075338394
-0.00997776394102033	0.003448502189184
-0.481888208500867	0.257846704001178
-1.86478353888801	0.842725053145115
0.177079158727074	0.0470688489596175
0.999077022298379	0.451581663058621
-1.17667002081226	0.532486385299399
0.200211253412835	0.0810898807019089
-0.1373968266132	0.0514278642298627
1.84668287069678	1.37060053240122
0.43267981098366	0.328071612815519
-0.285594782637762	0.100419617803016
0.823783515205289	0.460679972174843
0.659598828236336	0.321296548752376
0.162063788717177	0.0574036000764126
0.381866126635923	0.159139622949345
1.33864539762689	0.70312228711654
-0.687298713837705	0.300104856330382
-0.3365649026209	0.142255297061516
0.358630153742273	0.149339803333894
1.02162129254842	0.711969697769098
0.520035911321562	0.222098220883677
0.47776903586611	0.252831334380483
-0.363338833507581	0.205345270847065
-2.00941388435876	0.967233698928545
0.48408913425685	0.282853140349495
-0.836396913029479	0.575131379002992
0.181190356209463	0.0899937199215947
-0.538706070462217	0.256056129202986
-1.81427186956888	1.16465139411237
0.763458978604521	0.47023132022656
-0.215816855209157	0.108542621958559
-0.326685258097636	0.19805363055838
1.02563542627299	0.65085461880964
-0.613737368527244	0.413415912907841
-0.567911038398678	0.471822421657378
0.527729862292949	0.435052753962237
1.0556646700484	0.421702481443309
-0.718110826825545	0.316668141523585
-0.807176290589855	0.458963990280614
1.51655464456719	1.57956018333829
1.20916693460825	0.861910284931652
0.530026696415164	0.253425902404032
0.864275933030062	0.536817497299563
0.214648153444426	0.0862785292985194
0.0133534169276124	0.00379668209989441
-0.530884900247806	0.298101514619204
-0.631168209049747	0.378560088288864
-1.44182218552813	0.748455891704019
1.36670821338362	0.89177291471058
0.000808859565796963	9.25041224779341e-05
0.953220195359332	0.539558673005915
0.149149471473946	0.0531082149439172
1.38591873863482	1.0012605280469
-0.262983878731707	0.104747608846657
0.124092785321093	0.0600555530922886
-0.349918435226201	0.148027536586381
-0.291837957251324	0.199422404884354
-0.148222496869221	0.104305380225904
0.757950711747697	0.602919005628871
0.116780052216429	0.0567147499958599
0.919645734846154	0.750936734760008
0.221927416976736	0.121574583833012
1.93817104697138	2.51232902814606
0.0193064107069054	0.0115014747468459
0.140542405121572	0.0500150684526056
-0.118269274375368	0.0489063817659208
0.811190377454477	0.451963085301065
0.191168720910757	0.103774963843868
-3.09538737853824	1.2446052919197
0.38071993921373	0.218822224674834
-0.795008720106193	0.366476865043388
-0.857522589451956	0.332178853282578
0.506820487592128	0.269377689748028
0.805064435014037	0.448508530303355
0.857746733117013	0.5320755280464
-0.0142547967383334	0.00441749957324025
0.7784632078828	0.429790529291
-1.10738253142888	0.62173679608472
-0.30978949654473	0.108738623896569
-0.711172528833928	0.313558133260183
-0.664023213253784	0.338747860001703
-1.28406850038954	0.613681369349265
0.39648690397735	0.206194052828903
-1.02141984599352	0.430780055898142
0.530296249040864	0.282523408278799
0.664788475606786	0.255403376936963
1.83478892311952	1.35694013945503
0.747247898147022	0.500933136608098
-0.576674313951082	0.330837264159015
-0.268359782157384	0.107288023581322
-3.36278475028729	1.47266941574144
-0.555805883227687	0.315055464391851
-0.0977855472857886	0.0407768217405432
0.109804340126385	0.0429872945683205
0.631530686454708	0.341852552750935
0.527049909118183	0.252607161820821
-1.52506564471022	0.823934173645462
-0.127335712377927	0.0478345057773964
-1.35493273361589	0.674560387356508
-0.810223510519886	0.376781384650289
1.23450938489407	0.885351142854241
0.230621544260332	0.0933274627994597
-0.265683575503457	0.0938154708582612
1.0675409328254	0.548955880414657
-2.3860675510055	2.23355127866027
0.291103976178089	0.148177911035084
0.762329432782799	0.46907732736899
-0.0618611352930374	0.0196723013615378
-0.21123147733898	0.0934603158223856
-0.279997132624433	0.112165791965911
0.952367496877212	0.667153215098528
0.666596104452562	0.443807533111663
0.940333351704772	0.774107476174499
-1.65533851194893	0.967400436261285
-3.06639739603196	1.22806237039513
-2.11423887980049	1.06554496584996
-0.901521331535545	0.438975852109993
0.544553547586431	0.291109188197997
0.079840802725825	0.0344832451586982
0.979955117535582	0.818910830179989
-1.04691793585152	0.562246024532109
-0.0939494621848559	0.0389972902441109
-0.13060014568558	0.0542101292557588
-0.0378745062710074	0.0141327772135724
0.295371902968102	0.150609095728728
0.298732342955486	0.136523885388793
0.966924493762094	0.741127777578904
-1.59314306146425	0.895991645269707
-0.124696347247485	0.0465327291111418
0.0955143334922981	0.0375640670916523
-0.197790409128593	0.0873527620973728
-0.0265210163449607	0.00955829003954856
-0.438473716263684	0.196139126300428
-0.292997423078432	0.10325300148965
1.07319275548697	0.429814917008006
1.37753910881233	1.30470725711292
-0.484104019555829	0.295327596372218
0.914493727761783	0.63065635501857
-0.239292344155813	0.0952932313691157
-0.240862677267798	0.0955621496159463
0.111202097994531	0.0625261035466276
-0.93768203066071	0.474259296428717
0.920877419538571	0.637011900147224
0.850424044897629	0.689483054436005
-0.0173528142873649	0.00599794296339055
0.194187782278593	0.086540732251763
1.08186025921798	0.838766609715387
0.625589879842528	0.449727583564936
1.10619014303094	1.01471773385771
-0.182116700615613	0.0906692909170055
0.0829030154083385	0.0436271222982141
-0.346293742788186	0.146335237120983
-0.553608873541934	0.313973647920225
0.366531218949873	0.152499318931886
-1.0899623985258	0.761704161091006
1.58686001568634	1.28504763924354
-0.197813090353589	0.0872975052881723
-0.369462082295431	0.184351825058993
1.24452144376992	1.07998470042399
0.560808957779738	0.269966805271565
0.310369971855726	0.174558732993011
-0.630376949018477	0.318411019918676
0.209880728486139	0.104594953174682
1.51515917204243	1.45538434292495
0.325793636570779	0.213353962464325
1.03636330499093	0.660142193739665
-0.862484992677145	0.513753872058833
-0.0318966337235998	0.0141036507472323
-0.925802956029688	0.578070182420723
1.87714752789298	1.82707954036652
-0.448303307297047	0.201306483338621
-1.1111231359139	0.624833166080623
-0.595902776647951	0.436062475380332
-0.534183043780641	0.253807044221201
0.703210388809173	0.346629456098678
0.25440914043588	0.0794529654654293
0.205772774349869	0.0828701577132904
0.848381565175487	0.425512765869001
-0.856342270176058	0.331890705566381
1.67105148477857	1.61201007663823
-0.625669297863937	0.315284926400541
0.00402703035463774	0.00121693505298923
-1.39036828395855	0.69699059516984
-1.53788724533361	0.834150448148674
-0.125056468916253	0.0516586397695446
-1.28440105355407	0.614780288047211
1.45434370462228	0.683195542192314
-0.0191696180506704	0.00671889272716814
0.295065963816443	0.150111138273607
-0.442673216825148	0.198234189682335
0.485065445176229	0.284194506775473
-0.524317977554598	0.248396765869298
1.37875162307671	1.20744595147112
0.539169138534124	0.258625652541833
0.398253479913267	0.185898273669017
-0.678562269988909	0.296333463283294
-0.553748709234264	0.313606011624477
-4.44041978765047	2.4586823468445
-1.57462982891906	0.880450326825315
0.93765182711024	0.714457252968059
0.131971718222259	0.0469187552073564
-0.233291445317882	0.0930304493904389
0.514450202417727	0.273022937621884
-0.764021590625106	0.427099680597695
0.288288691984728	0.132055475580907
1.23676374833541	1.06560451858435
0.865525289963239	0.435867674023462
-0.128649243453468	0.0480228696881015
0.824619718799699	0.460970759358805
0.217249451009356	0.0877867515300188
1.22444897393362	1.05012358430192
-0.39780669413637	0.200529163889153
0.652006281941894	0.317303773225183
-0.998356654993398	0.658248087701375
0.661617477886211	0.439992820855194
-2.57627163366036	1.58495081387331
0.838642335397593	0.630003494295774
1.33266405382986	0.780580056186197
-2.1203433506735	1.06798691182431
0.537488553588683	0.287137162997919
0.556695699743153	0.443065203850362
1.13086785828098	1.04565761264919
-0.438566802351533	0.196173998735467
-0.197398980839499	0.0985813354320609
-0.349638440544122	0.167240866146365
0.233237514557785	0.0940197537630372
-0.880060408158301	0.428065648667096
-1.32432881268067	0.862897093649146
-0.449487772359722	0.201695061073741
0.722629402042596	0.317190407228875
0.0839200643642261	0.0330719490457335
-0.797704824023196	0.369320247916189
0.222869713972943	0.0702508404965994
-2.27870849656103	1.9885636979042
0.686594517635128	0.459251132506673
-0.131764477177041	0.0495742631196335
0.877358563800826	0.442922330706094
1.20054618331748	0.775141616565122
0.0200274053258242	0.0104958778286825
-0.807012831351733	0.375306173616822
1.06205456993781	0.74718791957764
0.386347518214185	0.142240191909722
-0.11478271451321	0.0473030433926492
-0.0524836973510622	0.0171813092354926
1.32674860708465	0.69428954614359
1.36447850404169	0.805130698532961
0.505020697374547	0.267002258855917
-0.779801320034614	0.359040553492526
-2.12493311394277	1.07165800223059
0.171265028529314	0.0761816690825295
1.61301968189271	0.960165497108875
-0.64839139147021	0.329172974491823
0.725699649220072	0.440294049196207
0.0986112517034608	0.0390614486937518
0.0113265270234818	0.00310055072494601
0.930168000185949	0.523739857696411
0.102248798299183	0.0398401957998383
0.175789468478175	0.0871415876548997
0.0946598275853419	0.0458759527861438
0.631325687753288	0.379934694550153
-0.780489380867408	0.359855332066543
-0.277389207952098	0.129895535100302
-3.60223015168946	1.68659358699125
-1.31527538558851	0.852333994264222
-1.27131295213752	0.605382487719657
0.152375623737868	0.0680782352720928
0.139640497840087	0.0678980310880886
0.813075746760332	0.453007167711698
-0.28685715168568	0.085721358799069
0.296222172943188	0.150725414491462
-0.19056500558986	0.103084390192121
0.416433879655165	0.195139490566679
-1.2152322815101	0.725936093716304
-1.7270613491704	1.05496410987961
-1.45335589161818	0.757862830562399
0.861959800129255	0.433696110319891
0.386544835251178	0.300624503006792
-1.44006093819209	0.747667173722122
0.699115041396819	0.508744136892448
-1.20723659408408	0.719270315078873
1.33845713877403	0.865636630403493
-0.855121086215307	0.507934623974524
-0.143787001711457	0.0535192950540938
0.78810301562145	0.437011827808255
0.173452714535469	0.0771157711641995
-0.19847625560946	0.0991485741783392
2.24364767073935	2.40162507290172
0.120977835929028	0.0638386268820738
0.229248182276677	0.0927595140105398
0.0655336711536687	0.0286506622584104
0.123975032851892	0.0654999767059178
-1.34599896774257	1.12491790424713
0.439761587700037	0.277777384706324
-0.550381070133531	0.312070477886847
0.279244462006043	0.155733959847169
-0.305824128420795	0.144267120094204
1.07136675802608	1.09676817425616
1.54309054039821	1.23122858052124
-0.685478106364379	0.300256227907854
-1.46100522386036	1.04648879466699
0.546374606126185	0.354168029823402
0.0477627551746015	0.0277496230807665
-1.17260964424316	0.688268265538481
-0.549175850447056	0.310595070163652
-0.799276850914234	0.540380555681344
0.41143065790747	0.192207170144615
0.772210916008269	0.659057429860148
-0.973850178319309	0.740067608913673
0.090276693181632	0.0476444359165504
1.0273725412863	0.71104791203796
0.046397489644401	0.0233056227738872
-0.132440892510972	0.0623496339285063
-1.44425592156107	1.28127078113046
0.743143934982261	0.626212555982347
-0.123368149038934	0.0512548359226214
1.57901840179651	2.24029895896774
0.397584263093618	0.206479194948093
-0.10537595957275	0.043693622880178
1.23732442308435	0.981107167579907
0.343365635494638	0.142091214088357
1.38374139984461	1.20901438786228
-1.50964726745625	0.812924363773155
0.536467004514142	0.375871944894029
1.59434516229857	1.05436177665985
1.56887564450119	1.26338124302148
0.606591270437391	0.461558666506971
0.365743027300203	0.17008417800097
1.38706736188235	1.10695835516362
-0.109731649221251	0.0454744704372024
-0.620021059788632	0.311719608981567
0.395897830472057	0.228160387178869
-0.0665210704187555	0.0289441034582393
0.663520212380551	0.440688720567417
0.877564652820983	0.548758896222326
-0.226443696132946	0.100527407805006
1.11028126441357	0.941835078890708
0.744450028627655	0.455849616226535
-0.259998476534825	0.103974999757752
-0.244235614107949	0.0973225617550314
-1.0098910558751	0.669559450261508
0.00116887900541469	0.000531718856575699
0.225630645921233	0.185900673069988
-0.838451211368594	0.323707132199054
-0.79201108779184	0.366406125181655
0.644840722466662	0.350230797746039
-0.385033831509552	0.244514399889443
-0.713564814524958	0.381817303795998
0.809023242505941	0.60113277457745
-0.692514915983587	0.591450939379688
0.577785808374401	0.464445381671004
0.982894171729052	0.987411720722775
1.06777473387515	0.897109564407593
-0.109545663509778	0.0555829023162621
-0.304460481057009	0.163421170735694
-0.351819260771836	0.215957089322031
-0.0393622942253632	0.0172065058372644
0.896325176889592	0.6158630704619
0.0918661633638205	0.0483142091612793
-0.130227046456191	0.0490160384396958
0.350393956540529	0.216760093842938
0.171250851289631	0.0764489542211025
1.6585290214645	0.996545836844009
-0.0198016025566535	0.0090833641351993
-0.123780582208828	0.0510538308379876
0.276951634437078	0.126650408379184
1.01775491154616	0.643027211449331
0.51175737881706	0.301599439256065
-0.151299449420471	0.056572949463992
-0.288192412157866	0.1016284925451
0.114998863345789	0.0448176104432806
0.822043059934406	0.614666535680053
1.22424251272313	0.874822465983729
1.39321615866418	1.00879204515414
0.960885069223413	0.79808549109816
0.178268927936011	0.0793316074095362
0.747289190656761	0.631583029715889
0.77968948459399	0.626133907023774
0.661161430029086	0.360693311509303
1.07467152612686	0.553693654533313
-0.026073903420193	0.00843837745590149
0.236611202753894	0.0956157540760215
-0.119751198844129	0.0497638525899295
-0.82862278259442	0.54549437066878
-0.715197475044141	0.315010182970345
-0.296235153756147	0.13945763011761
-0.548945325286101	0.26200864912564
-0.637264016320387	0.383779873810391
-0.363790081666336	0.20533251106079
-1.43813348715294	0.746409762709184
-0.197338394074607	0.0870718840746197
0.960050851255848	0.545563584709273
1.99147710884661	2.11156514604596
0.27502328162809	0.17655609197782
0.541894358510538	0.259731092874681
-0.776311197064824	0.51773160420785
-1.39970742317646	1.60998582202916
-1.86454006015671	0.840920595775429
1.36077322779932	0.88494429692865
0.727819984005081	0.444430651581888
-0.95964822423432	0.488892798081831
0.874763581422567	0.545789487409781
0.369973768071517	0.172029732384309
-0.00780563567014523	0.00238199108602346
0.146924047188301	0.0652513116664989
0.695006614215303	0.341741416696844
1.15927640555728	0.739698732879129
1.6453492916133	0.986331495806413
0.636496659829398	0.344765507148016
0.110486643948281	0.0533907380090631
1.42337342839467	0.664749967630262
-0.645323217768794	0.327561031381451
0.422953085700715	0.198195553621076
0.543366026717916	0.291222768325746
-0.0246169729055636	0.0112386994452628
-0.191804827704046	0.10392253830951
0.126600986660918	0.0493858999282316
0.518281338580656	0.246952805773416
-0.112070746846106	0.0526904740560583
-0.04118336448133	0.0180346881186377
-1.67090245342283	0.69488094514333
-0.0188647793126525	0.00668428600368676
-0.137943890837056	0.0516049022076086
0.67974281493436	0.261604270706885
-0.271344455119793	0.108564990663489
0.225349407079631	0.0709239997000896
-1.86192769613111	0.839544229174556
0.770395258263359	0.423419149893215
-0.318624005466791	0.150975558649099
0.0660383697354469	0.0286220376663513
-1.81327245270629	1.16547166907904
-0.00396376377849168	0.00179159801349233
0.645291400935418	0.391223368584457
0.12859166832265	0.0461167965655993
0.397726868096122	0.185118897833139
-0.302899746328188	0.142968419732377
0.0470644077139238	0.0207212516968696
0.153679712156726	0.068378129241675
-0.817654853290571	0.556086535212994
0.632390394151745	0.340607029910668
-0.860161994647413	0.512063368943017
0.740576253945891	0.62355960859438
-0.694529055361107	0.438033099930243
-0.886418873644245	0.635411774633851
0.0263492091036873	0.0131690734237546
0.353427919662352	0.21793068327362
-0.14465386543344	0.0539655514175033
1.211128067556	0.861463982243217
0.640161187653888	0.347556011715209
2.32097640744453	1.57122530491002
0.289120956992843	0.1324016177561
-0.314184280820929	0.148473015714771
-0.201880169146751	0.101143386945594
0.852770113149916	0.428543889002194
1.07689644273669	0.906663417870943
-0.72612168478525	0.389289887122343
1.52344997259801	1.46474014875102
-1.41216828346745	0.526107785802114
0.68483245876066	0.336378184875813
-0.406065813692516	0.205012875698705
1.33532008576693	0.700320799793251
0.570246162994775	0.456730327148283
0.705604163070646	0.476122818932537
0.913205315592843	0.630878766215456
1.37912480573862	1.31358095880699
-0.510383169300589	0.316244304237491
-0.579317460443421	0.237791484768205
0.771872406536316	0.521914613788262
1.2475165546983	1.65933283592217
1.1235298546981	0.960287279546874
-0.159017511271841	0.103259757386425
-1.2739152379583	0.608518874778386
0.203510395381145	0.0910993872817424
0.681453528017834	0.334175259502127
2.03324047859564	1.66126824701318
0.28460221313919	0.130032114097565
-1.68791883941647	0.70336196132133
-0.871293743467646	0.422439195089517
-0.605003484954551	0.249531161526287
0.397848600143417	0.229367750052979
-0.909207550814765	0.443436646769014
-0.292499061916197	0.156004239252969
-0.847554692915521	0.673690640541298
0.0117515300624536	0.00528008227935035
-0.0675943347905637	0.0423232268046783
-0.125672341725392	0.0471231695501817
0.284018224394021	0.130109163167935
-0.232443644136603	0.117523749142828
-0.0552939088814355	0.0298422326433492
0.233852503627567	0.0947813964149791
0.298550488947287	0.152077766361858
-0.293014582007168	0.0873418514259804
0.411970780812772	0.214321582046471
0.511534804480632	0.35534007733379
-0.656969367333691	0.334701904814378
0.308520206059937	0.15758946976912
-0.106319234201549	0.0438791657826555
0.132287480390718	0.0700758384931178
-0.0361119980826923	0.0226138902731182
0.636482304802177	0.385391867837505
-0.0352291067714481	0.0117899691497978
-1.03670297402717	0.696081296694831
0.760853294778091	0.643399765146809
0.371620765511103	0.136892863002846
0.376314869599808	0.17521162074647
-0.726622640073432	0.320625514239379
-0.542855983559112	0.258504905716285
-2.50142991053511	1.48225990157177
1.17459643281092	0.754553860389316
-0.127419356657632	0.0526582330667629
-0.294680585126011	0.103472920743333
0.659618619014717	0.322002352272954
1.11212627079003	0.951078719063913
-0.135108226990885	0.0637082394001194
-0.261183377152917	0.103902525674946
0.00550318282691109	0.00172264020392534
-0.00247797435080054	0.00130379274310603
0.225759528084464	0.0908518133410845
0.271560506980079	0.123153961175678
1.91119282828752	1.28651843564273
-0.909421112202069	0.553358144751066
0.175782562417496	0.0872986492085748
0.381888317773372	0.19846616646077
-0.370630409849523	0.156848053915768
-0.0384551393661043	0.0191979101310319
0.801118575188602	0.445101922602994
0.852805269313197	0.69026127624381
0.387432889027609	0.180380236957219
1.16309196407772	0.744801305364682
-1.72011710849351	1.04753627743789
-0.38641284290754	0.193460490835407
-1.05786752009814	0.44724603256663
1.37874488667191	0.995312782165025
-0.882288412007812	0.428144775281186
-0.942592492681328	0.478098676130566
-1.60708428219917	0.907025276909258
1.63332790602891	0.976680214642124
-0.601435764938448	0.249352530834815
0.25369650468206	0.102598597710019
-1.71050138254521	1.03773636010261
-0.31084930663642	0.146890402021469
-0.126558157946789	0.0838036207463088
0.143423712532736	0.0709506913879719
2.1122569320559	1.01163817156964
0.469368332901126	0.299043562727283
0.163827415141753	0.094482736361728
0.47793587598571	0.305546544009495
0.409184161900615	0.213096165136268
-0.614629303246652	0.212859635062105
0.674269269187	0.330607125736928
-0.102331913195318	0.0424068372602595
-0.224721473646676	0.0997544801316492
0.377982427306157	0.139051583171704
-0.926853265419411	0.775675180959944
-0.824856118305963	0.716875969404559
0.0967502104363163	0.0383505233123719
-0.25034155080868	0.099934075961331
-0.463090684302679	0.245993255956761
0.522505889068303	0.278117071832334
-0.555332178881521	0.315079472423718
-0.689457550910461	0.301193275300571
0.948629067999157	0.537510363781542
-0.70786302666918	0.310791124692449
-2.14963299141098	1.08791555153874
-1.12239916309595	0.632624149655254
-1.0632893834961	0.451644429648908
-0.892477966861461	0.539107142419299
0.407134926561548	0.21189424086716
0.0363902649276822	0.0166924334725355
-0.475922144319134	0.289276343806908
0.938716898835825	0.655379762414606
1.34178945765343	0.955344680146139
-0.460734015768973	0.177845192642046
1.35987792421295	0.884350843979895
-0.495471488138342	0.267220104239427
-0.947562735120389	0.480584553950841
0.846163721328549	0.524922241044414
0.726568756228105	0.532156035795889
0.404035030296156	0.210395054667743
0.297412049528521	0.16664266790865
-0.849211255924692	0.328523979084842
0.378841072974506	0.157757802055722
0.956216188362866	0.731827057626254
0.318142017952766	0.163100752223826
0.527268514530974	0.339928761804536
-0.31246443114019	0.147870436307542
-2.0097227939324	0.965509905274079
-0.0229378827068792	0.0104092201449024
-2.30312430418209	1.24979123684509
0.724816615059101	0.318080576679423
-0.233876890817891	0.0930589187224057
-0.343032708764261	0.163987484742479
-1.82576874327969	1.17966615728224
0.725974732232211	0.318661704317875
-1.67647833120894	0.697650135674115
-0.477121458155463	0.215211727920458
-0.302548693572456	0.142731692496125
0.512543957884897	0.218948833876523
-0.168792486395245	0.0630295728668995
0.639364394339035	0.34658944795578
-1.07074392176835	0.876832673400192
-0.804040845370222	0.457061401042883
0.654795107794261	0.507789942103543
0.0845513150563795	0.0331724519253808
-2.43374011603252	1.40112010545381
0.04215168374726	0.0185594482586191
-0.0915919849861637	0.0497293729472072
-0.29298765957817	0.103439512026526
0.172681009652914	0.0607772309756853
-1.03861523209648	0.439766874064817
0.284456076365275	0.171363234421904
-0.131363840131735	0.061849126931845
-0.135423871425927	0.0770991827548531
0.291093744693154	0.176103381559397
0.740658442562544	0.454227316246522
-1.02543899862608	0.546484192255724
-0.648139531986865	0.329117415150999
-0.455705194143252	0.174993705163563
0.228682313533146	0.0920691054332845
-0.292477981592197	0.0872095058317202
0.94718235004981	0.662294932971179
0.386024127973082	0.240492705305964
-0.406711137031473	0.205650249931861
-0.0670606227424859	0.0211225601177507
-0.257080771301483	0.102904248244548
-0.444534038775919	0.170357070153581
-0.367541773134472	0.156226668413241
0.837942916509425	0.419754242590966
0.166936128032523	0.0447866169980702
0.101060083049579	0.0489282639904585
0.70309598480158	0.346663672119147
0.538965586206028	0.258316346890003
0.687727964051164	0.337424384764046
-0.376755577042912	0.160152861456625
0.539182695123925	0.230905333776836
1.11405073419782	0.640672680646887
1.0532001728498	1.07288114507788
-0.125715385732457	0.0468911669453004
-1.66930994193231	0.979289884184522
0.0139288406620348	0.00391308824486002
-0.619344237730133	0.257311579640372
1.07870406429986	0.555936069395048
0.852694066112971	0.428376650529885
0.512888819518116	0.244333285653136
-0.485581845665363	0.220021915760375
1.32303568683007	0.77253078330642
0.206762800953096	0.103303820581567
-0.257221706863712	0.102474588279207
-0.465661784862498	0.179035125207952
0.0095351825056672	0.00310144341391796
-1.05646904603249	0.339399875274635
-0.581389823298465	0.239441623465482
-0.847692633229915	0.328153430615625
0.273949443429895	0.138589646521245
-1.28636122457561	0.808244339407134
-1.26833759994625	0.604630301805582
-2.65189495758377	1.70011585615656
-0.969676542859848	0.49519974880215
0.520875830890261	0.222360869005586
-0.619041759978949	0.311141444931074
0.430851146030668	0.226479923794272
1.79855978186133	1.46945571807082
0.170690165592143	0.0456649453098175
0.225227205823021	0.070887506150228
-1.13049657161535	0.818594694305389
0.631601472236151	0.381683974433225
-0.10980270261966	0.0516050085262725
-0.620356025765848	0.214895966402198
0.623146971399329	0.374567357044362
-0.869919141409652	0.336999611045266
0.217215569064721	0.0876544818778449
-2.3077589472047	1.24964656450391
1.05514792527161	0.541383767465841
0.140038577779647	0.0498153872522602
-0.0801038768619564	0.0249267600979768
-1.0513489862808	0.337847138889591
-0.460618153786623	0.177254422922737
1.82859795830495	1.35080892197071
-0.858633839361328	0.332118715919389
1.00262607022793	0.453474884132736
1.04272401396165	0.47492559469455
-0.0112342491209558	0.00395394554237735
1.35735770838485	0.715486887224047
-0.693875901289905	0.303805578765815
-2.15153291298324	1.08818408636078
0.935098953908256	0.527368671460046
0.814264570268591	0.453885262360352
-0.00711168072702882	0.00266431142285389
-1.62670971644325	0.922386711116059
-1.29131335745178	0.613477310027392
0.381462931956091	0.15905693213923
2.03075396032029	1.66010842993054
-0.637368674296341	0.220794532618616
-1.1622292567646	0.524965582804283
-1.40668531911987	0.523852792467749
1.1167476146606	0.642433800486141
-2.29640751989734	1.24345052037918
1.33605490473505	0.701218875473654
-1.04764452408426	0.444216153904345
-0.439631900814613	0.168852513920063
1.43584459208227	0.672317049856132
-0.28372644691941	0.100128935256555
-0.310440637621948	0.109853841010634
0.187516582106475	0.0494383766804619
-1.46754137571983	0.399241075338394
-0.579896598250306	0.239003238837038
0.219223176229808	0.0691776377972106
-1.27889698676932	0.609901394259853
-0.589491793800842	0.242796096142792
-0.625868963941049	0.216824207812961
-1.04621110690196	0.336165192535253
-1.45367499146829	0.757312352224493
-2.4390708922999	1.40234084491689
-0.867932279939713	0.335509456512325
-0.12813433365344	0.0531688213152368
-1.04797030850075	0.441914414411061
0.906151326926563	0.261259737108879
-1.36667748433278	0.683432899054102
1.06523251855828	0.547800448609871
0.511639788782663	0.217953016846376
-0.0707106559190474	0.022057170396978
0.345133059470204	0.143489645925239
0.370076436521697	0.153685876814523
-0.0127427646030441	0.00427740694665419
-0.362382336892743	0.154199456623573
-0.180171719754629	0.10466325847099
0.741000771144127	0.32639052259146
-0.458575556106557	0.176242177332508
-0.382618702972638	0.191490656939776
0.636342803612017	0.383779352152829
-2.31044734390268	1.25083938372464
1.58792993927594	1.0486990879779
-0.304443029924551	0.143762786108712
1.94257385790925	1.73441852231416
-0.110982194745459	0.0461265588927804
-1.17178573358525	0.530939288823633
-0.0101924485818529	0.0034798442843517
-0.0079923296274346	0.00300484941598943
0.226912991455349	0.0913749487210378
0.241681317523879	0.0977709100472954
0.719244463054816	0.437692586334589
0.493072208524363	0.289904424111967
0.84197599478104	0.769268885493745
-0.724697344715281	0.38918631704456
2.01825286251043	1.64231981090061
-1.06643917221571	0.57615233225683
-0.0568394951658425	0.0288274110936729
0.275271176893596	0.165091967904648
-1.25468545500078	0.979740087106272
0.0559997896233067	0.0240808679833063
1.34928155622992	0.875592837670025
1.08390615187233	0.987848405952687
0.552158366345232	0.26510981245554
-1.73622894836279	1.06294791444489
0.851973137217349	0.427556780587382
-0.00609389357027791	0.0026296399803245
-0.611931030403436	0.211675965281855
-1.42987043721697	0.533700849096348
-2.00026354273992	0.961013342900806
-0.565748364473754	0.271216211211139
1.37973482169688	0.903236447991097
0.38153115664425	0.176996976776036
-0.21345904106202	0.0943976599735049
-0.12440070466922	0.0585311904372347
0.676299144116483	0.369824501828694
-1.12496097514478	0.635298697309664
0.181685498930698	0.0810563189166516
-0.149979439049548	0.0564516421260963
-1.36771335855262	1.15781925661027
-1.38062365761273	0.69101461969372
0.350993664448158	0.145684755642326
-0.955003089069334	0.485575334626271
-0.215049975676699	0.095182484752435
1.08132524292082	0.433468517234334
2.03984175366364	1.23437511411886
-0.782809270748771	0.360235162428159
0.114800370818021	0.0449277674164807
-0.29577917338627	0.139341292510267
0.094317386353662	0.0454240680034715
0.694955475558912	0.341983551565749
-0.781172398739622	0.523262450621098
0.547909451523285	0.262840123128377
0.975585748325671	0.610619792823315
-0.512216426523313	0.278893301780385
1.35838072927066	1.17532460481897
-0.983812333402647	0.504655676750998
0.377490691182565	0.13916081303248
-0.363364713659061	0.205028810906155
0.611122796634351	0.366597312868624
-1.00560036859681	0.51837573959723
-0.545292087260006	0.259849085883394
0.526156285893284	0.28061314517981
0.931984837319415	0.705531092328618
0.947877529974478	0.661525920085583
0.949212667905513	0.837866149359547
-0.5502365108991	0.262401435251257
0.185465255714203	0.100587251873093
0.289029954023585	0.147721134557846
1.27216794400712	1.43008697675159
-1.58324886116141	1.54533820761137
-0.197650824577675	0.0873425574298745
-1.06461115251661	0.574430208477368
1.59776486905786	1.1700801464257
0.276399235078601	0.177548067518056
1.10267120657353	0.785445829820093
0.679241199247468	0.332883510029938
0.48356746034233	0.282526584200869
0.142583630942485	0.0820247430098299
0.670400150003766	0.446766351236649
0.365421649701702	0.151442558575864
-0.0421734809629093	0.0185931561217235
0.539730744386798	0.348728018525436
-0.977793823332885	0.50084700105307
0.271870307348513	0.124054944386049
0.146482567021237	0.0788101931579167
0.365549187727444	0.152490479523663
0.280652096958729	0.128260618409856
-1.44913462793221	1.01796458440893
-0.625911648560744	0.315526063835725
-0.108348691264474	0.0450326898312909
-0.299660226475845	0.141181799753041
-1.50939822631877	0.813244743782907
0.0988739302428563	0.061648114703323
0.19969648004871	0.108721215248017
0.915318019020568	0.263922623604752
0.219035228116317	0.109613905455223
0.472637355541117	0.301710141400191
-1.05648949541261	0.339409874979967
0.520947854387208	0.249065162146769
0.928568864131017	0.647297881387241
0.877172088296246	0.719645387070996
0.0858922303762784	0.037096285931605
0.632032475166452	0.342512248182401
-1.07805800757669	0.584253295946655
0.630762715428727	0.341362788516565
-1.0385309956561	0.697810105537517
0.365271950314099	0.20738844767185
-0.64247058066889	0.325501609312971
0.0823526472148447	0.0358399898492134
0.182365412772249	0.0814473969160955
0.586062662177948	0.347716340571607
-1.16686354995328	0.525814037518874
-0.0683301650594665	0.021435878973236
0.293612524419667	0.134669860688686
1.02219409613603	0.65093997600174
0.686231995514372	0.498674922389355
1.90512065158512	1.280042862874
0.155227566054424	0.0697499798509497
-1.83262557156004	1.18546324904378
-4.74672860273679	2.89819968477865
0.172051619565256	0.0768177994119429
0.227578130967428	0.0918751102700095
-0.716246093359318	0.382853808880978
0.956124760655183	0.730369073428421
-1.4595056475649	1.04495661178334
0.403824555938592	0.188620216364916
0.679852120907915	0.492314445046124
1.08713113652305	1.05536765834825
-1.17111794171152	0.529966087415742
0.841878588230328	0.631679019885385
-1.47272494802636	0.768187155399371
0.617283879120726	0.33347907093838
2.06055215130841	1.50650076183224
-0.221703405614849	0.111670030958588
-0.254957181912878	0.101666888739413
-1.28688781270863	0.809702109996167
-0.0351596162427046	0.0118223891626266
-0.806744904238822	0.458599021267732
-0.196525680661249	0.0867018318999267
-1.60781336460254	0.906602258295439
1.13592080433225	0.656646745038266
-0.896668117945892	0.437404781563798
0.274080806737695	0.165106683287692
-1.03018299702469	0.434815158468774
0.295932216947456	0.151218591026702
-0.290191976710061	0.115870355643217
1.35245314055332	0.711866704260235
0.509537272047308	0.243125362723638
0.774677818368848	0.525108425678058
0.557519137169736	0.239390062795393
0.534222732634689	0.255910115144817
0.38167121326219	0.140641158125648
-0.222060199689453	0.111979270380796
-1.87979642349917	1.25906928893616
-0.801881316779593	0.372677849551075
-0.109442236167614	0.0451065150959485
0.359056935142741	0.131926992989767
0.505118060071283	0.297897297728532
0.527936226692275	0.281877690069824
0.0287568152412739	0.0143695483526433
-0.875110236012181	0.424216134293151
-0.606769467372628	0.252250613891561
0.0999461957856963	0.0393720937646407
0.534739442922638	0.255680732913492
0.544209201243012	0.260836885540326
0.526060763571236	0.280155268638794
1.0381809077033	0.472651369025207
0.473532116314761	0.302631995384456
-0.375035575180049	0.212903112154376
-1.60344281359989	0.903459615727444
-0.244462370097065	0.0976036382018224
-0.670921894698189	0.343278917511477
-1.44319836172375	0.748265353756655
0.00524520256910754	0.00109402493838165
0.167114251277818	0.0745397317628953
0.57166044177111	0.373874146944431
-1.33559597868248	0.873604856374211
1.60747089617232	1.06654780875844
-2.3717286184825	1.32357965002233
0.15908509853408	0.0918331011917773
0.0641065432996678	0.0261799089125341
-0.249790895028791	0.0993189215798169
-0.0745055367534671	0.0375359464368249
-0.894355760559929	0.436164139732191
-2.30258254344097	1.25198559018677
-2.37659393914307	1.32628798952833
-0.737102704251498	0.398076980538868
-0.0713804313112417	0.0223814655742784
0.21680194551384	0.0874351017278758
0.58118755588724	0.41191235283946
-1.16708046458112	0.526732682682168
-0.890682908319614	0.433592738376865
-0.281260235296569	0.0842171949240455
1.3801874459795	0.490172173913112
0.390606934507468	0.223683302492546
0.48273401978725	0.282924425015618
-1.44863230690485	0.752380616747626
1.52981467157719	1.21567805966504
-0.788047700737663	0.363840330027023
1.60067249863997	1.06041056741076
0.529855088073201	0.341588464398587
-0.109902878844424	0.0452609488707527
0.535461050465866	0.285876075473139
1.80930257040467	1.33075315535392
0.504370156583178	0.266290339889291
0.781607584721889	0.531212028720513
-0.153154484983722	0.0571463963512163
0.0664039716559124	0.0285314318771426
1.60758034298743	1.66016404248948
0.379329799537769	0.175664948426294
0.947611277193017	0.536222164479309
0.842061389477362	0.42196561015843
1.88559465676786	1.83875226756947
0.0586974083565998	0.0342330255711902
0.53017579733875	0.283337438563321
0.747410170469797	0.460067273114425
0.506816985157405	0.241489437055756
0.0723033918469888	0.0379256062261514
0.493522056277093	0.289570827323938
-0.237269218771337	0.134367581206
0.258451361093316	0.154656426231165
-0.111085176387877	0.0461624087762323
0.478253363432131	0.278914202734757
-2.06096026092849	1.57220741677035
-0.122385476386369	0.0507632018096683
-0.969435358526249	0.495487431310778
-0.206969376464663	0.103837428518522
-0.801881316779593	0.372677849551075
-1.61914604714269	0.915559192787689
-0.145990562238335	0.0544923067850036
-1.35669945347696	0.676787414079318
-0.46917023036565	0.284137303113355
-2.38439437819271	1.33294226325337
-0.386109984755615	0.164667509594376
-0.0514831211349257	0.0278278743174208
0.6432294147559	0.349244317239094
0.371218674852718	0.154208256733897
-0.627847041084699	0.316823607450833
1.07921442998912	0.834236493440225
-0.0543057617413423	0.0236258360233901
1.02086616305087	0.645675827264615
0.100414778068414	0.0396625407725435
0.941161326163733	0.65486105000341
0.527540290546166	0.391852400433441
-0.140391103707617	0.0903373293711342
0.185952633861131	0.0829245457535025
0.27873991297228	0.140718279278744
-0.353521514199198	0.198648791071775
0.503055343556755	0.296415808078771
-0.380891751544325	0.162383440949601
-1.46681079314746	0.763419100524703
-0.86129415700914	0.334030151994315
-0.262013459923291	0.103977182749728
0.288552490479087	0.131536841172098
0.225265061354041	0.0710251442631123
0.935740791148647	0.527561678360142
0.0846783456968508	0.0336784160905583
-0.0977330127976554	0.0459623211013755
1.14649896287332	0.728468554530969
1.38946266720162	1.10632453879325
1.3280507372787	1.24686284338417
-0.577841046588787	0.238634841550607
0.402545576025528	0.231450145021794
-0.134039544734081	0.0503600469623763
0.143770307927876	0.0510498722449721
-3.58994030119047	1.67949603348423
-0.626017044027379	0.315580090347581
0.668113357318639	0.326526928438786
-0.589453029671174	0.244284503215756
-1.09100564459351	0.593501601196591
-0.636625850774836	0.322016116277635
-0.475054556733457	0.182441864098851
-0.61980910686889	0.21438234201855
-0.582453646475557	0.240169613815444
0.149473274607397	0.0666737938228283
-0.109092888150758	0.0450370891994843
0.975422218925937	0.609288115145506
1.22273937174053	1.05078519495927
0.168435058409568	0.0751523872956356
0.368003948222994	0.190254298372912
1.3500444575734	1.26655553900193
0.768868912520103	0.422925787645375
-0.876615411435233	0.340242392117585
0.602810796484026	0.428389746865339
1.20643048541027	0.861002082815339
-1.2886571154272	0.809829354127662
0.524660371889431	0.38979178669061
-0.528782073511353	0.33621065001466
-0.0232443487301495	0.0105394766637733
0.044952162573868	0.0196294864734033
-1.11291504058999	0.625825224841048
0.56132617215244	0.366489860758731
0.822456011061806	0.613807141011985
-0.371103316688898	0.234297643751852
-0.28685715168568	0.085721358799069
-0.414843856645277	0.240244109422382
-0.13749042956616	0.0516970919444006
-0.230330205202941	0.0917255724352989
0.937339178693864	0.528587874737453
-0.951652117542116	0.71509914009825
-0.204253620206339	0.0903306626321815
-0.2024642611416	0.0895232923593628
-1.44436712143008	0.749367902405649
-0.00627958930071001	0.00284325960247249
-1.27315545055793	0.794921429686215
0.752429754739018	0.596874703994275
-0.881387037623178	0.530181890993754
-0.584884342170889	0.242064163560561
0.225907813718881	0.0915027234125602
-1.28716185218667	0.615343649155378
-0.70634726652947	0.309932764623861
-0.63061191352826	0.317980123258234
-1.0474660815611	0.443734627444143
-0.39602589779979	0.199334365208484
-0.695390488648314	0.305662322037422
0.688704794210132	0.230359128893008
1.16643383887777	0.746224165070434
0.388775938675976	0.181046466081701
0.122987394349568	0.0596292686108013
0.191317743046099	0.0945430365638018
0.285234154292976	0.171850720493262
0.0713894387325683	0.0309166172680667
-1.64453172007381	1.32312455467198
0.533510532171561	0.255476928948201
-0.0260291197545746	0.00990994545208483
0.95567507274079	0.542124517927584
1.06411126102448	0.75144253925044
-1.02908841213018	0.919623860312237
0.677528314375271	0.370638899463405
0.424935156131603	0.246106286951566
-0.266482477529181	0.106295285643555
-0.24814832121498	0.0989855740761602
-0.805014621553382	0.458504923330279
0.177693001419048	0.0793620376037629
0.475251357519484	0.277572462811109
0.534569380892794	0.228778325786433
0.0898308157345063	0.0351591349758658
-0.00442637033167572	0.00188264276586723
-4.04779504756951	2.10716485544102
-0.154829805647996	0.0577479667321069
-0.509612444723529	0.276761412794738
0.526555734392515	0.279769133658597
0.414577658291093	0.194208235017428
-1.3998973446425	0.703590767572081
0.395082360750772	0.184344215028517
-1.16452822586629	0.525668649043291
-0.784844048645612	0.441196366579259
0.819176147004468	0.563585012032977
-0.0211724722389949	0.00961004336913288
0.172317832414642	0.0853920242858637
-0.020802523705624	0.00950667116679418
-0.193143929633118	0.085255273798805
0.361467625379963	0.150221409163988
-2.12362838970209	1.07312232039148
0.25996622891087	0.118454760834872
-1.81290199864367	1.16621519356971
-0.488758428855778	0.262582584617446
0.419785019123002	0.19726825551861
2.08448560220228	0.994743736476529
-0.0253304135916184	0.00965407648127496
-0.114855229872571	0.0473930007491089
1.33025480668616	0.697260246711312
0.871164892098415	0.542852667598011
0.377292492832808	0.138780403174602
0.10038840803311	0.0433675851850803
-0.108819888400328	0.0449882532346993
-0.773917263456993	0.355866520836139
-1.45367499146829	0.757312352224493
-0.612031321957417	0.211857749173378
-0.225624357300839	0.100109506939241
1.15017294324466	0.666861701495207
-1.27825792259868	0.607970237605042
-0.319071654216552	0.0944868483308013
-0.791540965098403	0.447594786764614
1.71170339689612	1.51016134634272
-1.28302683678648	0.613590818979382
-2.21455580440228	1.1616130311368
-0.962768496406533	0.490846696374063
-0.819703430773084	0.468929470472763
0.141929977749546	0.0503792474250439
-0.866031935346769	0.419178402032644
-1.02463128223717	0.546394639487525
2.32987753985686	1.89998131263516
-0.213923805182928	0.0947629638889122
0.220065563245696	0.0887666674010402
-0.55698817664687	0.266445249209094
1.39537505648655	0.916140666244744
-0.502160715782296	0.315164304127021
-0.649123045455747	0.391844509092107
0.421226837027495	0.220197039324168
0.694914451573398	0.641193053306688
0.384298215691746	0.23961360475011
-0.241601606060786	0.122465652168096
0.73553749132376	0.449529962773064
-0.714769395054316	0.454433088945066
0.404848686469426	0.210862282002676
1.65137542062901	1.73289392443653
0.132455790547733	0.0642507178181239
-1.04341852719201	0.559812004302584
-0.284031134758275	0.100199302545431
1.14589031544134	0.663824321913544
1.37682953191571	1.19846233536934
0.20101540477835	0.117666707466773
0.283169446099627	0.144242695207361
-0.789805353637267	0.531028944077559
-1.12218614597039	0.633828056466325
-2.99202141274963	2.38983700499273
-1.74647701656308	1.5058888859685
0.55564590890848	0.267285311148318
-0.44251104937167	0.170081607515963
-0.457191316660852	0.175544318569478
-0.86745577503342	0.335290839021148
-0.141391862772617	0.0666028892261065
0.166399191427233	0.0590689002123682
-1.6051358107612	1.26311389616715
-1.22722978501901	0.944090467139078
-0.184260389629382	0.109773007482553
-0.22291253574047	0.11227005428894
0.17893786069798	0.0794614464219584
1.44983632455742	0.68032662478683
0.91773095682488	0.514866201703196
0.659589761372832	0.359223728917047
-0.0590629145247096	0.029929588284093
0.103683473456031	0.0502381425669267
0.848717853168231	0.425785609245034
-0.343419724115986	0.144824061910938
-0.758353388693535	0.492863747727387
0.841173580225381	0.634200055161827
0.16834025304989	0.097605912347583
-1.99242192525169	1.45214166762831
0.374809103610677	0.233044023426
-0.464428228530571	0.247016272827455
-1.05483529944505	0.566568444349241
-0.154607987276334	0.0730684666591903
-1.34675692743293	0.886148065946463
-1.39621164005181	0.954524884162978
-1.05082157748381	0.565077790890704
-0.626695312309129	0.315833473282386
-1.02252090265829	0.67948718068104
-1.36102420867149	0.679790626810069
0.215743982957198	0.117877642704272
-0.818106761168839	0.38007723402186
0.840927590048	0.632650893762474
-0.85367367425776	0.33040633295388
-0.445693535751917	0.171316905628997
-0.372298150726753	0.185734778223967
-3.58434410626596	1.67579905454216
0.574448226171596	0.435847328164291
-0.881861795497593	0.428695807174963
0.547120020331752	0.293190710416461
0.670842283889304	0.446540892910407
0.950315510653361	0.943972571060218
-0.333996243781603	0.203258137350742
0.818391013479852	0.608699592060592
-0.996185710253857	0.775500530994337
-0.759689939168065	0.569144793646492
1.05679136007599	0.741909357387947
0.0903411178904195	0.0439183721274549
-0.075008152235225	0.0326205683348866
-0.0370706517630748	0.0136021180238034
-0.35113664804688	0.148352926252309
-1.32912175751989	0.868482151898136
-1.34825705161818	1.12690647210149
-0.0730323637231221	0.0420218481921807
-0.683405548171973	0.538009834653835
1.10065169423028	0.858436729756514
1.04040443544876	0.727869472016356
0.0412590342193315	0.0184056321689729
1.21458109746268	1.12475086301006
-0.360720998973778	0.152257972986708
-1.04703543249479	0.705743389666278
1.36078084402753	1.28921857683525
0.679488827372867	0.371939677954174
0.215324561150152	0.117938182078597
0.1178271092376	0.0571462140984819
0.227554842152018	0.143334296908902
-1.26572191011895	0.788790332992205
0.12813180092228	0.0677851102663012
-0.714019130816984	0.381325940444556
-1.09925471961295	0.913336707103927
-2.24912219067103	1.94113812635182
-0.49976143157832	0.342636272677766
-3.91737869661859	1.99098603502328
-0.891941319215954	0.433615426948224
-0.0865474236537254	0.0564216112935434
-0.477821390980908	0.254720520518107
-0.593043236117556	0.245673501774662
0.280606611269019	0.142547637062076
-0.71116976692	0.45188739560758
0.526433361745206	0.392249947553131
0.219935518977548	0.110326017883178
0.0164097627243936	0.00475575831981082
0.101265939188718	0.048935976829915
-0.00766886810237787	0.00392953384188183
-0.29657019227186	0.13956637751245
1.37397444297185	0.812910287702743
0.4475773864074	0.324760978589716
-0.283531112701877	0.151051893053819
-1.1065409577475	0.781709862972648
-0.788942379259513	0.364315996898849
0.359662615952283	0.132151324230324
-0.875945298794098	0.425758432048339
-1.59619095816726	0.898669749203436
0.494332491256216	0.289672112550385
-0.690749877951288	0.30156829262953
-0.305098050045945	0.143963286038621
-0.843680045134954	0.592900283692125
0.172239023952325	0.076554408023501
0.587008448318646	0.443829544679662
0.288574573078624	0.132522079511562
0.0736417674435342	0.0319985543982038
0.46979039396135	0.299417086523238
0.366360797835743	0.151971539943441
-1.58571726157604	0.888476853823224
-0.625986771297109	0.216868622583734
0.163015394219176	0.0723265451951898
-0.0484273100266804	0.0280122027692486
-0.270551888985136	0.0956016690846386
0.430328329414735	0.250302870609871
-0.62403151277925	0.314518976393111
-0.0308968598718576	0.0135751140171925
0.00301919948444617	0.00129947807906833
0.0672474375709875	0.0271471671579954
-0.527587828012391	0.249886236081307
-1.10738696928548	0.621186029239682
-2.43868911500173	1.40175002856838
-0.292229948253134	0.102931142093882
-0.541272625119303	0.305056470123707
0.0728765355417257	0.031645605871803
0.169729387179922	0.0600350545502131
-1.09906386122841	0.773289346974037
-0.894991060361528	0.654008622734073
0.980178489069507	0.755113306717331
0.014177244625776	0.00705838297682018
-0.398180025118638	0.20068611685102
-0.770662448114436	0.513496496054987
0.0316723607769421	0.0144875428736904
-1.60377495908988	0.904269540256497
0.74216834809418	0.327265425082591
-1.19367979940194	0.706035456970711
-1.4468626530266	0.752925847906446
0.680479938371105	0.37315369210554
-0.13968678075123	0.0523405088580461
