group	fill	colour
1	#E1BEB9	#FEFEFE
2	#D4A59F	#FCFCFC
3	#FAF9FC	#FFFFFF
4	#EEECF6	#FFFFFF
5	#DEDAED	#FDFDFD
6	#E4E0F0	#FEFEFE
7	#FFFEFE	#FFFFFF
8	#DDD8EC	#FEFEFE
9	#C3BBDE	#FDFDFD
10	#E6E2F1	#FEFEFE
11	#FAF9FC	#FFFFFF
12	#F7EDEB	#FEFEFE
13	#E3DFF0	#FEFEFE
14	#CBC4E3	#FDFDFD
15	#EAE7F4	#FEFEFE
16	#8B81C0	#F8F8F8
17	#D4CFE8	#FDFDFD
18	#F1E0DD	#FEFEFE
19	#F2F0F8	#FEFEFE
20	#E1BEBA	#FEFEFE
21	#EFECF6	#FEFEFE
22	#EEECF6	#FFFFFF
23	#A79DCF	#FBFBFB
24	#FEFCFC	#FFFFFF
25	#DFDAEE	#FEFEFE
26	#E4E1F1	#FEFEFE
27	#F4E5E3	#FEFEFE
28	#DDD8ED	#FEFEFE
29	#F7ECEB	#FEFEFE
30	#EBD4D0	#FEFEFE
31	#FBF6F5	#FFFFFF
32	#EEECF6	#FFFFFF
33	#E6E2F1	#FEFEFE
34	#FDFAF9	#FFFFFF
35	#E6C9C5	#FDFDFD
36	#A096CB	#FBFBFB
37	#E9CECB	#FEFEFE
38	#FBF6F6	#FFFFFF
39	#F2F0F8	#FFFFFF
40	#E6E3F1	#FEFEFE
41	#F7EDEC	#FFFFFF
42	#D7D2E9	#FDFDFD
43	#F6F5FA	#FFFFFF
44	#E5E1F1	#FEFEFE
45	#F4E6E4	#FEFEFE
46	#958AC5	#F9F9F9
47	#F6F5FA	#FFFFFF
48	#E3DFF0	#FEFEFE
49	#E7E4F2	#FEFEFE
50	#DDD8EC	#FDFDFD
51	#EBD4D0	#FEFEFE
52	#D9B0AB	#FDFDFD
53	#ECD5D2	#FEFEFE
54	#CEC7E4	#FDFDFD
55	#FCF7F7	#FFFFFF
56	#E5E1F1	#FEFEFE
57	#DED9ED	#FEFEFE
58	#C3BBDE	#FDFDFD
59	#C4BDDF	#FCFCFC
60	#E6E2F1	#FEFEFE
61	#D4CFE8	#FDFDFD
62	#FAFAFD	#FFFFFF
63	#FEFDFD	#FFFFFF
64	#DDD8ED	#FEFEFE
65	#ECEAF5	#FEFEFE
66	#F4E6E4	#FEFEFE
67	#BEB6DC	#FCFCFC
68	#D8D3EA	#FCFCFC
69	#F2F0F8	#FFFFFF
70	#DDD9ED	#FDFDFD
71	#F6F5FA	#FFFFFF
72	#DED9ED	#FEFEFE
73	#D4CEE7	#FDFDFD
74	#FBFAFD	#FFFFFF
75	#D1CBE6	#FCFCFC
76	#F6F5FA	#FFFFFF
77	#F7EDEC	#FEFEFE
78	#FBFBFD	#FFFFFF
79	#FAF9FC	#FFFFFF
80	#F1E0DD	#FEFEFE
81	#F8EEED	#FFFFFF
82	#EBD4D0	#FEFEFE
83	#E6C8C4	#FDFDFD
84	#D9B0AB	#FDFDFD
85	#F6F5FA	#FFFFFF
86	#D8D3EA	#FDFDFD
87	#C3BBDE	#FDFDFD
88	#EFEDF6	#FFFFFF
89	#E7E4F2	#FEFEFE
90	#DCD7EC	#FEFEFE
91	#F9F8FC	#FFFFFF
92	#DCD7EC	#FEFEFE
93	#F6F4FA	#FFFFFF
94	#FBF6F5	#FFFFFF
95	#C4BDDF	#FCFCFC
96	#E5C7C3	#FDFDFD
97	#F2F0F8	#FFFFFF
98	#BDB4DB	#FBFBFB
99	#E5E1F1	#FEFEFE
100	#F1EFF8	#FFFFFF
101	#EBE8F4	#FEFEFE
102	#AEA5D3	#FCFCFC
103	#E9E5F3	#FEFEFE
104	#DDD8EC	#FEFEFE
105	#FBFBFD	#FFFFFF
106	#F6F5FA	#FFFFFF
107	#9B91C8	#FAFAFA
108	#DDD8ED	#FEFEFE
109	#D4CEE7	#FDFDFD
110	#FBFBFD	#FFFFFF
111	#EDEBF6	#FEFEFE
112	#F7ECEB	#FFFFFF
113	#FBF7F6	#FFFFFF
114	#F9F9FC	#FFFFFF
115	#E4E0F0	#FEFEFE
116	#FFFFFF	#FFFFFF
117	#F9F1F0	#FFFFFF
118	#EFEDF6	#FEFEFE
119	#DDD8EC	#FEFEFE
120	#EDEBF5	#FEFEFE
121	#EAE7F4	#FEFEFE
122	#C4BDDF	#FCFCFC
123	#E7E3F2	#FEFEFE
124	#A79ECF	#FBFBFB
125	#CEC7E4	#FCFCFC
126	#FBF7F6	#FFFFFF
127	#F9F1F0	#FFFFFF
128	#DCD8EC	#FEFEFE
129	#DCD7EC	#FEFEFE
130	#D4CEE7	#FDFDFD
131	#F7EEEC	#FFFFFF
132	#D4A5A0	#FCFCFC
133	#FBFAFD	#FFFFFF
134	#E6C8C4	#FDFDFD
135	#ECD5D2	#FEFEFE
136	#E9CECA	#FEFEFE
137	#D1CBE6	#FCFCFC
138	#CCC5E3	#FDFDFD
139	#ECD5D2	#FEFEFE
140	#F8EEED	#FFFFFF
141	#FBF6F5	#FFFFFF
142	#FEFCFC	#FFFFFF
143	#FAF9FC	#FFFFFF
144	#F7EEEC	#FFFFFF
145	#B7AFD8	#FDFDFD
146	#F6E9E8	#FEFEFE
147	#F2F0F8	#FEFEFE
148	#E5E2F1	#FEFEFE
149	#E6E3F2	#FEFEFE
150	#EFEDF6	#FEFEFE
151	#EFECF6	#FEFEFE
152	#E5E2F1	#FEFEFE
153	#ACA3D2	#FAFAFA
154	#DCD7EC	#FEFEFE
155	#D4CEE7	#FDFDFD
156	#F5F4FA	#FFFFFF
157	#FBF6F5	#FFFFFF
158	#EFECF6	#FFFFFF
159	#FBFAFD	#FFFFFF
160	#FBF6F5	#FFFFFF
161	#DDD8EC	#FEFEFE
162	#FBFBFD	#FFFFFF
163	#EFEDF6	#FEFEFE
164	#F9F8FC	#FFFFFF
165	#F9F8FC	#FFFFFF
166	#EFECF6	#FEFEFE
167	#EEECF6	#FFFFFF
168	#CCC5E3	#FBFBFB
169	#F9F1F0	#FFFFFF
170	#FAF9FC	#FFFFFF
171	#D8D2EA	#FDFDFD
172	#FFFEFE	#FFFFFF
173	#FAF9FC	#FFFFFF
174	#DFDAEE	#FEFEFE
175	#E9E6F3	#FEFEFE
176	#CBC5E3	#FDFDFD
177	#F9F8FC	#FFFFFF
178	#DDD8EC	#FEFEFE
179	#FBF6F5	#FFFFFF
180	#E4E0F0	#FEFEFE
181	#D8D2EA	#FDFDFD
182	#E8E5F2	#FEFEFE
183	#FAFAFC	#FFFFFF
184	#DFDAEE	#FEFEFE
185	#F8EEED	#FFFFFF
186	#EFEDF6	#FFFFFF
187	#FAF9FC	#FFFFFF
188	#EDEBF5	#FEFEFE
189	#F1E0DD	#FEFEFE
190	#FFFEFE	#FFFFFF
191	#F8EEED	#FFFFFF
192	#E5E1F1	#FEFEFE
193	#CCC5E3	#FDFDFD
194	#F7EDEC	#FFFFFF
195	#E7E3F2	#FEFEFE
196	#F9F9FC	#FFFFFF
197	#FBFBFD	#FFFFFF
198	#DEDAED	#FEFEFE
199	#CBC5E3	#FDFDFD
200	#AEA5D3	#FCFCFC
201	#A89ECF	#FBFBFB
202	#F9F2F1	#FFFFFF
203	#FBF6F6	#FFFFFF
204	#C6BFE0	#FCFCFC
205	#FFFEFE	#FFFFFF
206	#A096CB	#FBFBFB
207	#F6F5FA	#FFFFFF
208	#E4E1F1	#FEFEFE
209	#DDD8EC	#FEFEFE
210	#A79DCF	#FBFBFB
211	#D4CEE8	#FDFDFD
212	#E9CECB	#FEFEFE
213	#F4E5E3	#FEFEFE
214	#EAE7F4	#FEFEFE
215	#DDD8ED	#FEFEFE
216	#C1B9DD	#FBFBFB
217	#F3F1F9	#FFFFFF
218	#F4E5E3	#FEFEFE
219	#C5BDDF	#FCFCFC
220	#A79DCF	#FBFBFB
221	#E4E0F0	#FEFEFE
222	#FDFDFE	#FFFFFF
223	#FBFBFD	#FFFFFF
224	#CCC5E3	#FDFDFD
225	#B1A8D5	#FAFAFA
226	#F9F9FC	#FFFFFF
227	#F6F5FA	#FFFFFF
228	#FBF6F5	#FFFFFF
229	#E4E0F0	#FEFEFE
230	#F1E0DE	#FEFEFE
231	#BCB4DB	#FBFBFB
232	#EBE8F4	#FEFEFE
233	#F6F5FA	#FFFFFF
234	#B8B0D8	#FBFBFB
235	#DFDAED	#FEFEFE
236	#F1E0DE	#FEFEFE
237	#EFECF6	#FFFFFF
238	#A79DCF	#FBFBFB
239	#EED9D6	#FEFEFE
240	#FBFAFD	#FFFFFF
241	#F1E0DD	#FEFEFE
242	#F9F2F1	#FFFFFF
243	#E5E2F1	#FEFEFE
244	#D4CFE8	#FEFEFE
245	#FAF9FC	#FFFFFF
246	#F7EEEC	#FFFFFF
247	#FBF6F5	#FFFFFF
248	#F1F0F8	#FFFFFF
249	#ECD6D3	#FEFEFE
250	#F7EDEB	#FFFFFF
251	#EEECF6	#FFFFFF
252	#D7D1E9	#FDFDFD
253	#D3CDE7	#FDFDFD
254	#EFECF6	#FFFFFF
255	#F1E0DE	#FEFEFE
256	#F1DFDD	#FEFEFE
257	#F6F5FA	#FFFFFF
258	#F9F8FC	#FFFFFF
259	#D5CFE8	#FDFDFD
260	#EFEDF6	#FEFEFE
261	#E8E5F3	#FEFEFE
262	#D3A59F	#FCFCFC
263	#F7ECEB	#FFFFFF
264	#F2F0F8	#FFFFFF
265	#CDC6E4	#FCFCFC
266	#DDD8EC	#FEFEFE
267	#DCD7EC	#FEFEFE
268	#F7F6FB	#FFFFFF
269	#C1BADD	#FAFAFA
270	#C7C0E1	#FCFCFC
271	#E8CDCA	#FEFEFE
272	#CDC7E4	#FCFCFC
273	#DCD7EC	#FEFEFE
274	#CEC8E4	#FDFDFD
275	#DDD8EC	#FEFEFE
276	#F7EDEB	#FFFFFF
277	#A79ECF	#FBFBFB
278	#FEFCFC	#FFFFFF
279	#DDD8ED	#FEFEFE
280	#FEFEFF	#FFFFFF
281	#E6E3F2	#FEFEFE
282	#F1DFDD	#FEFEFE
283	#A096CC	#FBFBFB
284	#EFECF6	#FEFEFE
285	#F9F8FC	#FFFFFF
286	#F7F5FA	#FFFFFF
287	#B7AFD8	#FDFDFD
288	#D9B0AB	#FDFDFD
289	#EAE7F3	#FEFEFE
290	#E9E5F3	#FEFEFE
291	#D5CFE8	#FDFDFD
292	#FEFDFD	#FFFFFF
293	#FEFCFC	#FFFFFF
294	#E9E6F3	#FEFEFE
295	#EEECF6	#FFFFFF
296	#E8E5F3	#FEFEFE
297	#F8EEED	#FFFFFF
298	#F1E0DE	#FEFEFE
299	#DDD8EC	#FEFEFE
300	#CEC7E4	#FDFDFD
301	#CEC7E4	#FDFDFD
302	#A79DCF	#FBFBFB
303	#D5CFE8	#FDFDFD
304	#F7ECEB	#FFFFFF
305	#D3CEE7	#FDFDFD
306	#F1E0DE	#FEFEFE
307	#FEFDFD	#FFFFFF
308	#B7AFD8	#FBFBFB
309	#FBFBFD	#FFFFFF
310	#D9B0AB	#FDFDFD
311	#FBF7F6	#FFFFFF
312	#A79DCF	#FBFBFB
313	#ECD5D2	#FEFEFE
314	#FBF5F5	#FFFFFF
315	#FEFCFC	#FFFFFF
316	#EEEBF6	#FFFFFF
317	#DDD8EC	#FEFEFE
318	#CBC4E3	#FCFCFC
319	#FBFAFD	#FFFFFF
320	#FCF7F6	#FFFFFF
321	#C1B9DD	#FBFBFB
322	#E6E3F1	#FEFEFE
323	#DDD8EC	#FEFEFE
324	#F2F0F8	#FFFFFF
325	#E5E1F1	#FEFEFE
326	#F1DFDD	#FEFEFE
327	#D8D2EA	#FDFDFD
328	#D4A59F	#FCFCFC
329	#FBF6F5	#FFFFFF
330	#FBF5F5	#FFFFFF
332	#F4E5E3	#FEFEFE
333	#DDD8EC	#FEFEFE
334	#EFEDF6	#FEFEFE
335	#A89ECF	#FBFBFB
336	#D2CCE6	#FCFCFC
337	#F2F1F8	#FFFFFF
338	#E8E5F3	#FEFEFE
339	#DDD9ED	#FDFDFD
340	#A197CC	#FBFBFB
341	#B7AFD8	#FDFDFD
342	#E9CECB	#FEFEFE
343	#ECD5D2	#FEFEFE
344	#F1E0DE	#FEFEFE
345	#F7ECEB	#FFFFFF
346	#FAF9FC	#FFFFFF
347	#E6E2F1	#FEFEFE
348	#EEECF6	#FEFEFE
349	#F6F4FA	#FFFFFF
350	#EFECF6	#FEFEFE
351	#E6C8C4	#FDFDFD
352	#D3CDE7	#FDFDFD
353	#EFEDF6	#FEFEFE
354	#D4CEE7	#FDFDFD
355	#EFECF6	#FEFEFE
356	#B7AFD8	#FDFDFD
357	#ECD6D3	#FEFEFE
358	#F9F8FC	#FFFFFF
359	#EDEAF5	#FEFEFE
360	#F7EEEC	#FFFFFF
361	#C3BBDE	#FDFDFD
362	#FBF6F5	#FFFFFF
363	#E6E2F1	#FEFEFE
364	#E4E1F1	#FEFEFE
365	#DFDAEE	#FDFDFD
366	#DEDAED	#FEFEFE
367	#F1EFF8	#FFFFFF
368	#CBC4E3	#FCFCFC
369	#EEECF6	#FFFFFF
370	#F8EEED	#FFFFFF
371	#D3CEE7	#FDFDFD
372	#F7F5FB	#FFFFFF
373	#EFEDF6	#FFFFFF
374	#E5E2F1	#FEFEFE
375	#E8E5F3	#FEFEFE
376	#AFA6D3	#FCFCFC
377	#FAF9FC	#FFFFFF
378	#CCC5E3	#FDFDFD
379	#A096CB	#FBFBFB
380	#EDEBF5	#FEFEFE
381	#FEFDFD	#FFFFFF
382	#F5F4FA	#FFFFFF
383	#FBFBFD	#FFFFFF
384	#B1A8D5	#FAFAFA
385	#D4CFE8	#FDFDFD
386	#FBF6F5	#FFFFFF
387	#D4CEE7	#FDFDFD
388	#CDC7E4	#FDFDFD
389	#E8E5F3	#FEFEFE
390	#EFECF6	#FFFFFF
391	#E9E5F3	#FEFEFE
392	#D8D3EA	#FDFDFD
393	#E9E5F3	#FEFEFE
394	#D3CEE7	#FDFDFD
395	#D3A49F	#FCFCFC
396	#EBD4D0	#FEFEFE
397	#F8EFED	#FFFFFF
398	#EFEDF6	#FEFEFE
399	#FBFAFD	#FFFFFF
400	#CCC5E3	#FDFDFD
401	#D4CFE8	#FDFDFD
402	#DDD8EC	#FEFEFE
403	#F6F5FA	#FFFFFF
404	#DDD8EC	#FEFEFE
405	#D4CFE8	#FEFEFE
406	#EEECF6	#FFFFFF
407	#E4E1F1	#FEFEFE
408	#D4CEE8	#FDFDFD
409	#DBD6EC	#FEFEFE
410	#E1BEB9	#FEFEFE
411	#B7AED8	#FDFDFD
412	#E6C8C4	#FDFDFD
413	#DCD7EC	#FEFEFE
414	#F6EBEA	#FFFFFF
415	#EEECF6	#FFFFFF
416	#FDFCFE	#FFFFFF
417	#D4CEE8	#FEFEFE
418	#ECD5D3	#FEFEFE
419	#FBFAFD	#FFFFFF
420	#D4CFE8	#FDFDFD
421	#EFEDF7	#FFFFFF
422	#F7EDEC	#FEFEFE
423	#FFFEFE	#FFFFFF
424	#FBFAFD	#FFFFFF
425	#DBD7EC	#FEFEFE
426	#BDB5DB	#FCFCFC
427	#D9B0AA	#FDFDFD
428	#EFECF6	#FFFFFF
429	#E5E1F1	#FEFEFE
430	#D2CCE6	#FCFCFC
431	#E8E5F3	#FEFEFE
432	#F7ECEB	#FFFFFF
433	#FBF6F5	#FFFFFF
434	#FBFBFD	#FFFFFF
435	#DDD8EC	#FEFEFE
436	#EEECF6	#FFFFFF
437	#B2A9D5	#FAFAFA
438	#F7EDEB	#FFFFFF
439	#FBF6F5	#FFFFFF
440	#FCFBFD	#FFFFFF
441	#CDC6E4	#FCFCFC
442	#EDEAF5	#FEFEFE
443	#E7E3F2	#FEFEFE
444	#FBF6F6	#FFFFFF
445	#E4E1F1	#FEFEFE
446	#F7F5FA	#FFFFFF
447	#F4E5E3	#FEFEFE
448	#FBFAFD	#FFFFFF
449	#FAF9FC	#FFFFFF
450	#FEFDFD	#FFFFFF
451	#FBFBFD	#FFFFFF
452	#FBF6F6	#FFFFFF
453	#F9F8FC	#FFFFFF
454	#A79ECF	#FBFBFB
455	#F6F4FA	#FFFFFF
456	#FAFAFD	#FFFFFF
457	#EEECF6	#FFFFFF
458	#FEFDFC	#FFFFFF
459	#FBFAFD	#FFFFFF
460	#F7ECEB	#FFFFFF
461	#E8E5F3	#FEFEFE
462	#FEFDFD	#FFFFFF
463	#EEECF6	#FFFFFF
464	#DCD8EC	#FEFEFE
465	#E8CECA	#FEFEFE
466	#CCC5E3	#FCFCFC
467	#EEECF6	#FEFEFE
468	#FBF6F5	#FFFFFF
469	#FBFBFD	#FFFFFF
470	#E1BEB9	#FEFEFE
471	#FDFDFE	#FFFFFF
472	#CDC7E4	#FDFDFD
473	#FBF6F6	#FFFFFF
474	#F2F1F8	#FFFFFF
475	#B7AFD8	#FDFDFD
476	#F9F8FC	#FFFFFF
477	#FDFCFE	#FFFFFF
478	#D1CBE6	#FCFCFC
479	#FAF9FC	#FFFFFF
480	#FEFDFD	#FFFFFF
481	#F2E1DF	#FEFEFE
482	#F3F1F8	#FEFEFE
483	#DCD7EC	#FEFEFE
484	#E5E2F1	#FEFEFE
485	#F6F5FA	#FFFFFF
486	#FBF6F5	#FFFFFF
487	#DCD7EC	#FEFEFE
488	#B7AFD8	#FDFDFD
489	#FAF9FC	#FFFFFF
490	#DDD9ED	#FEFEFE
491	#EDEAF5	#FEFEFE
492	#ECD6D3	#FEFEFE
493	#CDC6E4	#FBFBFB
494	#E4E1F1	#FEFEFE
495	#EDEBF5	#FEFEFE
496	#F8EEED	#FFFFFF
497	#EEECF6	#FFFFFF
498	#F8EFED	#FFFFFF
499	#FBF7F6	#FFFFFF
500	#E1BEBA	#FEFEFE
501	#F7F5FA	#FFFFFF
502	#FAF9FC	#FFFFFF
503	#FBF6F6	#FFFFFF
504	#DED9ED	#FEFEFE
505	#E7E3F2	#FEFEFE
506	#DDD8EC	#FEFEFE
507	#A79DCF	#FBFBFB
508	#DCD7EC	#FEFEFE
509	#F8EEED	#FFFFFF
510	#DDD8EC	#FEFEFE
511	#EBD3D0	#FEFEFE
512	#FBFAFD	#FFFFFF
513	#FAF9FC	#FFFFFF
514	#EBD3D0	#FEFEFE
515	#F7EDEB	#FFFFFF
516	#ECD5D2	#FEFEFE
517	#EED9D6	#FEFEFE
518	#FAF9FC	#FFFFFF
519	#EEECF6	#FFFFFF
520	#DCD7EC	#FEFEFE
521	#ADA3D2	#FAFAFA
522	#F5E7E6	#FEFEFE
523	#EEECF6	#FEFEFE
524	#E4E1F1	#FEFEFE
525	#E8E5F3	#FEFEFE
526	#E5E1F1	#FEFEFE
527	#DEDAED	#FEFEFE
528	#B7AFD8	#FDFDFD
529	#E4E0F0	#FEFEFE
530	#DCD7EC	#FEFEFE
531	#CCC5E3	#FCFCFC
532	#ECE9F5	#FEFEFE
533	#DCD7EC	#FEFEFE
534	#F6F4FA	#FFFFFF
535	#F4E6E4	#FEFEFE
536	#E6E3F2	#FEFEFE
537	#EFECF6	#FFFFFF
538	#F9F1F0	#FFFFFF
539	#FCFBFD	#FFFFFF
540	#FFFFFF	#FFFFFF
541	#F8EFED	#FFFFFF
542	#9B90C8	#FAFAFA
543	#E4E1F1	#FEFEFE
544	#EFECF6	#FEFEFE
545	#F2F0F8	#FFFFFF
546	#F7ECEB	#FFFFFF
547	#F9F1F0	#FFFFFF
548	#E4E1F1	#FEFEFE
549	#F8EEED	#FFFFFF
550	#E1BEB9	#FEFEFE
551	#FAF9FC	#FFFFFF
552	#C7C0E1	#FCFCFC
553	#DCD7EC	#FEFEFE
554	#BCB4DA	#FAFAFA
555	#E9CECB	#FEFEFE
556	#F1E0DE	#FEFEFE
557	#C3BBDE	#FDFDFD
558	#FBFAFD	#FFFFFF
559	#DDD8ED	#FEFEFE
560	#DDD9ED	#FEFEFE
561	#FBFAFD	#FFFFFF
562	#E2C0BC	#FDFDFD
563	#A197CC	#FBFBFB
564	#F8EEED	#FFFFFF
565	#FBFAFD	#FFFFFF
566	#ADA3D2	#FAFAFA
567	#EFEDF6	#FEFEFE
568	#D5CFE8	#FEFEFE
569	#E1BEB9	#FEFEFE
570	#FCFBFD	#FFFFFF
571	#F7ECEB	#FFFFFF
572	#EDEAF5	#FEFEFE
573	#F9F1F0	#FFFFFF
574	#F7ECEB	#FFFFFF
575	#F6F5FA	#FFFFFF
576	#D2CDE7	#FCFCFC
577	#ACA3D2	#FAFAFA
578	#BCB4DB	#FAFAFA
579	#EEECF6	#FFFFFF
580	#DDD8EC	#FEFEFE
581	#D4CEE8	#FEFEFE
582	#AEA5D3	#FCFCFC
583	#EEECF6	#FFFFFF
584	#F2F0F8	#FFFFFF
585	#958BC5	#F9F9F9
586	#C3BBDE	#FDFDFD
587	#E8E5F3	#FEFEFE
588	#FBFBFD	#FFFFFF
589	#FBFBFD	#FFFFFF
590	#DCD7EC	#FEFEFE
591	#D2CCE6	#FCFCFC
592	#D5CFE8	#FDFDFD
593	#A79ECF	#F9F9F9
594	#F1E0DD	#FEFEFE
595	#E1DDEF	#FDFDFD
596	#F2F0F8	#FFFFFF
597	#FBFAFD	#FFFFFF
598	#F9F2F0	#FFFFFF
599	#EBD4D0	#FEFEFE
600	#E8E5F3	#FEFEFE
601	#F7EDEB	#FFFFFF
602	#FBF6F5	#FFFFFF
603	#B8AFD8	#FAFAFA
604	#E4E0F0	#FEFEFE
605	#E5E2F1	#FEFEFE
606	#C7C0E1	#FCFCFC
607	#B7AED8	#FDFDFD
608	#F8EFED	#FFFFFF
609	#FBF6F5	#FFFFFF
610	#EEECF6	#FFFFFF
611	#D4A59F	#FCFCFC
612	#F1DFDD	#FEFEFE
613	#FEFCFC	#FFFFFF
614	#F8EEED	#FFFFFF
615	#EFEDF6	#FEFEFE
616	#FBF6F5	#FFFFFF
617	#E8CDCA	#FEFEFE
618	#FBFBFD	#FFFFFF
619	#EAE7F4	#FEFEFE
620	#E5E1F1	#FEFEFE
621	#FBF7F6	#FFFFFF
622	#CBC4E3	#FDFDFD
623	#EFECF6	#FEFEFE
624	#D5CFE8	#FDFDFD
625	#B7AFD8	#FDFDFD
626	#F5F4FA	#FFFFFF
627	#D4CFE8	#FDFDFD
628	#C7C0E1	#FCFCFC
629	#DDD8EC	#FEFEFE
630	#FAF9FC	#FFFFFF
631	#D4CEE8	#FDFDFD
632	#DED9ED	#FDFDFD
633	#F9F8FC	#FFFFFF
634	#D1CBE6	#FCFCFC
635	#FEFDFD	#FFFFFF
636	#F1E0DD	#FEFEFE
637	#EEECF6	#FFFFFF
638	#EEECF6	#FFFFFF
639	#DBD7EC	#FEFEFE
640	#DDD8ED	#FEFEFE
641	#F4E6E4	#FEFEFE
642	#A79ECF	#FBFBFB
643	#FEFDFC	#FFFFFF
644	#DCD7EC	#FEFEFE
645	#D3CEE7	#FDFDFD
646	#F0DCDA	#FEFEFE
647	#E6E3F1	#FEFEFE
648	#F6F5FA	#FFFFFF
649	#EBD4D0	#FEFEFE
650	#DDD8EC	#FEFEFE
651	#EEECF6	#FFFFFF
652	#EED9D6	#FEFEFE
653	#C6BFE0	#FCFCFC
654	#D4CEE8	#FDFDFD
655	#FBF7F6	#FFFFFF
656	#EEECF6	#FFFFFF
657	#F9F8FC	#FFFFFF
658	#E5E1F1	#FEFEFE
659	#FBFAFD	#FFFFFF
660	#E5E2F1	#FEFEFE
661	#D9B0AA	#FDFDFD
662	#EEECF6	#FFFFFF
663	#F9F8FC	#FFFFFF
664	#CCC6E3	#FDFDFD
665	#F1DFDD	#FEFEFE
666	#FAF9FC	#FFFFFF
667	#DDD8EC	#FEFEFE
668	#FBF6F6	#FFFFFF
669	#EFECF6	#FEFEFE
670	#DDD8EC	#FEFEFE
671	#EEECF6	#FFFFFF
672	#E5E1F1	#FEFEFE
673	#DED9ED	#FDFDFD
674	#D4CEE8	#FEFEFE
675	#B8AFD8	#FDFDFD
676	#C4BDDF	#FCFCFC
677	#F7ECEB	#FFFFFF
678	#C7C0E0	#FCFCFC
679	#CDC7E4	#FCFCFC
680	#D7D2E9	#FDFDFD
681	#B7AFD8	#FDFDFD
682	#FAFAFC	#FFFFFF
683	#E4E1F1	#FEFEFE
684	#A79ECF	#FBFBFB
685	#DDD9ED	#FDFDFD
686	#FEFDFD	#FFFFFF
687	#F2F0F8	#FFFFFF
688	#FAF9FC	#FFFFFF
689	#EFECF6	#FEFEFE
690	#E6E3F2	#FEFEFE
691	#F9F8FC	#FFFFFF
692	#F9F9FC	#FFFFFF
693	#F8EEED	#FFFFFF
694	#F5F4FA	#FFFFFF
695	#A197CC	#FBFBFB
696	#DCD7EC	#FEFEFE
697	#DCD8EC	#FEFEFE
698	#D2CCE7	#FCFCFC
699	#D4CEE8	#FEFEFE
700	#E9CECB	#FEFEFE
701	#ECD5D2	#FEFEFE
702	#C3BBDE	#FDFDFD
703	#FDFBFB	#FFFFFF
704	#C7C0E0	#FCFCFC
705	#F7EDEB	#FFFFFF
706	#F6F5FA	#FFFFFF
707	#DCD7EC	#FEFEFE
708	#F8EEED	#FFFFFF
709	#A79DCF	#FBFBFB
710	#DDD8ED	#FEFEFE
711	#BEB6DC	#FCFCFC
712	#FBF6F6	#FFFFFF
713	#C3BBDE	#FDFDFD
714	#F4E5E3	#FEFEFE
715	#E1BEBA	#FEFEFE
716	#E5E2F1	#FEFEFE
717	#EEECF6	#FFFFFF
718	#F7ECEB	#FFFFFF
719	#EDEAF5	#FEFEFE
720	#F7EDEB	#FFFFFF
721	#E9E5F3	#FEFEFE
722	#F6F5FA	#FFFFFF
723	#FBF6F5	#FFFFFF
724	#FBFAFD	#FFFFFF
725	#E4E0F0	#FEFEFE
726	#AEA5D3	#FCFCFC
727	#DDD8EC	#FEFEFE
728	#F7EDEB	#FFFFFF
729	#D8D2EA	#FDFDFD
730	#EAE7F3	#FEFEFE
731	#D8D3EA	#FDFDFD
732	#E8E5F3	#FEFEFE
733	#FBFBFD	#FFFFFF
734	#F6F5FA	#FFFFFF
735	#D4CEE8	#FDFDFD
736	#F2F0F8	#FFFFFF
737	#DDD9ED	#FEFEFE
738	#D5CFE8	#FEFEFE
739	#F9F8FC	#FFFFFF
740	#DCD7EC	#FEFEFE
741	#D5CFE8	#FDFDFD
742	#F9F8FC	#FFFFFF
743	#DBD7EC	#FEFEFE
744	#DDD8EC	#FEFEFE
745	#C7C0E1	#FCFCFC
746	#F9F9FC	#FFFFFF
747	#D4CEE8	#FDFDFD
748	#F7F5FA	#FFFFFF
749	#C3BBDE	#FDFDFD
750	#E9E5F3	#FEFEFE
751	#ECD5D2	#FEFEFE
752	#D4A6A0	#FCFCFC
753	#DDD8ED	#FEFEFE
754	#F0DDDA	#FEFEFE
755	#FBF6F5	#FFFFFF
756	#F1E0DE	#FEFEFE
757	#DBD7EC	#FEFEFE
758	#C3BBDE	#FDFDFD
759	#EFECF6	#FEFEFE
760	#C3BBDE	#FDFDFD
761	#A79DCF	#FBFBFB
762	#CBC5E3	#FDFDFD
763	#C3BBDE	#FDFDFD
764	#F2F0F8	#FFFFFF
765	#BEB6DC	#FCFCFC
766	#DED9ED	#FEFEFE
767	#EFECF6	#FFFFFF
768	#F6F5FA	#FFFFFF
769	#CC9790	#FCFCFC
770	#E6E3F1	#FEFEFE
771	#FBF6F6	#FFFFFF
772	#E8E5F3	#FEFEFE
773	#D4CEE8	#FDFDFD
774	#D4CFE8	#FDFDFD
775	#F4E5E3	#FEFEFE
776	#FDFAFA	#FFFFFF
777	#EEECF6	#FEFEFE
778	#EFEDF6	#FEFEFE
779	#C4BCDF	#FCFCFC
780	#AFA6D3	#FCFCFC
781	#DED9ED	#FDFDFD
782	#D5CFE8	#FEFEFE
783	#E3DFF0	#FDFDFD
784	#D4CEE8	#FDFDFD
785	#F1E0DE	#FEFEFE
786	#DCD8EC	#FEFEFE
787	#D8D2EA	#FDFDFD
788	#F6F5FA	#FFFFFF
789	#C6BFE0	#FBFBFB
790	#FBF6F6	#FFFFFF
791	#F0DDDA	#FEFEFE
792	#E4E1F1	#FEFEFE
793	#EED9D7	#FEFEFE
794	#B7AFD8	#FDFDFD
795	#D8D3EA	#FDFDFD
796	#E5E1F1	#FEFEFE
797	#EEECF6	#FEFEFE
798	#FBF6F5	#FFFFFF
799	#BCB3DA	#FAFAFA
800	#A79DCF	#FBFBFB
801	#FDFAFA	#FFFFFF
802	#E9E5F3	#FEFEFE
803	#FBF6F6	#FFFFFF
804	#E4E1F1	#FEFEFE
805	#D9D4EA	#FDFDFD
806	#E6E2F1	#FEFEFE
807	#D9D4EA	#FDFDFD
808	#F5F4FA	#FFFFFF
809	#EBD4D0	#FEFEFE
810	#F8EFED	#FFFFFF
811	#F8EFED	#FFFFFF
812	#F6F5FA	#FFFFFF
813	#A89ED0	#F9F9F9
814	#FBFAFD	#FFFFFF
815	#D4A6A0	#FCFCFC
816	#FAF9FC	#FFFFFF
817	#D9D4EA	#FDFDFD
818	#C3BBDE	#FDFDFD
819	#FBFBFD	#FFFFFF
820	#FBFBFD	#FFFFFF
821	#FBFAFD	#FFFFFF
822	#EEEBF6	#FFFFFF
823	#FBF6F6	#FFFFFF
824	#D3CEE7	#FDFDFD
825	#C4BDDF	#FCFCFC
826	#FBFAFD	#FFFFFF
827	#E4E1F1	#FEFEFE
828	#F4E5E3	#FEFEFE
829	#D4CFE8	#FDFDFD
830	#FBFBFD	#FFFFFF
831	#FDFBFA	#FFFFFF
832	#EDEAF5	#FEFEFE
833	#A79DCF	#FBFBFB
834	#FEFDFC	#FFFFFF
835	#B7AFD8	#FDFDFD
836	#F8EFED	#FFFFFF
837	#DDD8ED	#FEFEFE
838	#FBF6F6	#FFFFFF
839	#F7ECEB	#FFFFFF
840	#CF9D96	#FCFCFC
841	#EFECF6	#FFFFFF
842	#F9F8FC	#FFFFFF
843	#C3BBDE	#FDFDFD
844	#ECEAF5	#FEFEFE
845	#D7D1E9	#FDFDFD
846	#EDEBF5	#FEFEFE
847	#BEB6DC	#FCFCFC
848	#E4E1F1	#FEFEFE
849	#D3CEE7	#FDFDFD
850	#DED9ED	#FEFEFE
851	#DED9ED	#FDFDFD
852	#B7AFD8	#FDFDFD
853	#E6E2F1	#FEFEFE
854	#EBD4D0	#FEFEFE
855	#EEECF6	#FFFFFF
856	#FAF9FC	#FFFFFF
857	#E4E0F0	#FEFEFE
858	#FBFAFD	#FFFFFF
859	#FAF9FC	#FFFFFF
860	#F9F8FC	#FFFFFF
861	#E1BEB9	#FEFEFE
862	#A79DCF	#FBFBFB
863	#D3CEE7	#FDFDFD
864	#C3BBDE	#FDFDFD
865	#FBFAFD	#FFFFFF
866	#E1BEBA	#FEFEFE
867	#E6E3F2	#FEFEFE
868	#FBF5F5	#FFFFFF
869	#C1BADD	#FBFBFB
870	#DEDAED	#FDFDFD
871	#CDC6E4	#FCFCFC
872	#FAF9FC	#FFFFFF
873	#FBFAFD	#FFFFFF
874	#A79DCF	#FBFBFB
875	#E8E5F3	#FEFEFE
876	#F4E5E3	#FEFEFE
877	#D3A59F	#FCFCFC
878	#D3CDE7	#FCFCFC
879	#CCC5E3	#FDFDFD
880	#FBF6F5	#FFFFFF
881	#CF9E97	#FCFCFC
882	#9F95CB	#F7F7F7
883	#FBFAFD	#FFFFFF
884	#D1CBE6	#FCFCFC
885	#EEECF6	#FEFEFE
886	#FAF9FC	#FFFFFF
887	#F4E5E3	#FEFEFE
888	#F9F9FC	#FFFFFF
889	#FBF6F5	#FFFFFF
890	#EDEBF5	#FEFEFE
891	#D8D3EA	#FDFDFD
892	#FFFEFF	#FFFFFF
893	#FBFAFD	#FFFFFF
894	#E6E2F1	#FEFEFE
895	#E9E6F3	#FEFEFE
896	#BEB6DC	#FCFCFC
897	#B7AFD8	#FDFDFD
898	#E4E0F0	#FEFEFE
899	#FCFCFD	#FFFFFF
900	#AFA6D3	#FCFCFC
901	#CEC7E4	#FDFDFD
902	#E1BEB9	#FEFEFE
903	#F6F5FA	#FFFFFF
904	#DDD8ED	#FEFEFE
905	#FAF9FC	#FFFFFF
906	#F7F5FA	#FFFFFF
907	#C7C0E0	#FCFCFC
908	#F2F0F8	#FFFFFF
909	#FBFAFD	#FFFFFF
910	#EDEAF5	#FEFEFE
911	#DDD8EC	#FEFEFE
912	#E8E5F3	#FEFEFE
913	#E8E5F3	#FEFEFE
914	#FAF9FC	#FFFFFF
915	#F9F9FC	#FFFFFF
916	#F2F0F8	#FFFFFF
917	#CCC5E3	#FDFDFD
918	#E1BEB9	#FEFEFE
919	#DBD6EC	#FEFEFE
920	#F7EDEB	#FFFFFF
921	#E6E2F1	#FEFEFE
922	#FAF9FC	#FFFFFF
923	#FAFAFC	#FFFFFF
924	#FEFDFD	#FFFFFF
925	#FCFBFD	#FFFFFF
926	#FBF6F6	#FFFFFF
927	#F6F5FA	#FFFFFF
928	#DED9ED	#FDFDFD
929	#CBC5E3	#FBFBFB
930	#FFFFFF	#FFFFFF
931	#D9B0AB	#FDFDFD
932	#D7D1E9	#FDFDFD
933	#E3DFF0	#FDFDFD
934	#D5CFE8	#FEFEFE
935	#E6E2F1	#FEFEFE
936	#DCD7EC	#FEFEFE
937	#F1DFDD	#FEFEFE
938	#F9F8FC	#FFFFFF
939	#FBF6F6	#FFFFFF
940	#FBFAFD	#FFFFFF
941	#FBF6F5	#FFFFFF
942	#DDD9ED	#FEFEFE
943	#DDD8EC	#FEFEFE
944	#E3DFF0	#FEFEFE
945	#F2F0F8	#FFFFFF
946	#DCD7EC	#FEFEFE
947	#FBF6F5	#FFFFFF
948	#F6F5FA	#FFFFFF
949	#FBF7F6	#FFFFFF
950	#FBF6F5	#FFFFFF
951	#EAE8F4	#FEFEFE
952	#FCF7F7	#FFFFFF
953	#FBF6F6	#FFFFFF
954	#F2F0F8	#FFFFFF
955	#FEFDFD	#FFFFFF
956	#FAF9FC	#FFFFFF
957	#FAFAFD	#FFFFFF
958	#DED9ED	#FEFEFE
959	#F7ECEB	#FFFFFF
960	#FBF6F5	#FFFFFF
961	#B8AFD8	#FBFBFB
962	#FAFAFD	#FFFFFF
963	#FFFFFF	#FFFFFF
964	#F1E0DE	#FEFEFE
965	#B7AFD8	#FBFBFB
966	#DCD7EC	#FEFEFE
967	#D4CFE8	#FEFEFE
968	#E6C9C5	#FDFDFD
969	#F1E0DD	#FEFEFE
970	#DEDAED	#FDFDFD
971	#FBF7F6	#FFFFFF
972	#A79DCF	#FBFBFB
973	#D4CFE8	#FDFDFD
974	#EEECF6	#FEFEFE
975	#AFA6D3	#FCFCFC
976	#F8EEED	#FFFFFF
977	#DCD8EC	#FEFEFE
978	#FBFAFD	#FFFFFF
979	#D4CFE8	#FDFDFD
980	#DBD7EC	#FEFEFE
981	#F2F0F8	#FFFFFF
982	#FAFAFD	#FFFFFF
983	#EFECF6	#FEFEFE
984	#ECD5D2	#FEFEFE
985	#D8D2EA	#FDFDFD
986	#C3BBDE	#FDFDFD
987	#FAF9FC	#FFFFFF
988	#F2F0F8	#FFFFFF
989	#E4C4C0	#FDFDFD
990	#E6E3F2	#FEFEFE
991	#F6F5FA	#FFFFFF
992	#CBC4E3	#FDFDFD
993	#F7ECEB	#FFFFFF
994	#A197CC	#FBFBFB
995	#FBF6F6	#FFFFFF
996	#FBFAFD	#FFFFFF
997	#EFECF6	#FEFEFE
998	#FBF7F6	#FFFFFF
999	#EEECF6	#FFFFFF
1000	#E5E2F1	#FEFEFE
1001	#D5CFE8	#FDFDFD
1002	#EBE8F4	#FEFEFE
1003	#E8E5F3	#FEFEFE
1004	#E5E2F1	#FEFEFE
1005	#E5E1F1	#FEFEFE
1006	#E6E3F2	#FEFEFE
1007	#F7ECEB	#FFFFFF
1008	#F7ECEB	#FFFFFF
1009	#FEFDFD	#FFFFFF
1010	#E6E3F1	#FEFEFE
1011	#FAF9FC	#FFFFFF
1012	#CBC5E3	#FDFDFD
1013	#C3BBDE	#FDFDFD
1014	#CCC5E3	#FDFDFD
1015	#D5CFE8	#FDFDFD
1016	#E6E3F2	#FEFEFE
1017	#D7D2E9	#FDFDFD
1018	#FBFAFD	#FFFFFF
1019	#9B91C8	#FAFAFA
1020	#EEEBF6	#FFFFFF
1021	#DDD8ED	#FEFEFE
1022	#CCC5E3	#FDFDFD
1023	#FBFAFD	#FFFFFF
1024	#FAF9FC	#FFFFFF
1025	#DDD9ED	#FEFEFE
1026	#F1DFDD	#FEFEFE
1027	#F8EEED	#FFFFFF
1028	#F6F4FA	#FFFFFF
1029	#F7ECEB	#FFFFFF
1030	#E1BEB9	#FDFDFD
1031	#ECEAF5	#FEFEFE
1032	#F1F0F8	#FFFFFF
1033	#DFDAED	#FDFDFD
1034	#F2F0F8	#FFFFFF
1035	#EEECF6	#FFFFFF
1036	#DCD7EC	#FEFEFE
1037	#F9F8FC	#FFFFFF
1038	#D8D3EA	#FDFDFD
1039	#FBF6F5	#FFFFFF
1040	#EEECF6	#FFFFFF
1041	#EFECF6	#FFFFFF
1042	#D0CAE6	#FCFCFC
1043	#F7ECEB	#FFFFFF
1044	#FBF6F5	#FFFFFF
1045	#F5F4FA	#FFFFFF
1046	#FAF9FC	#FFFFFF
1047	#EDEBF5	#FEFEFE
1048	#F1E0DE	#FEFEFE
1049	#EFEDF6	#FEFEFE
1050	#D4CFE8	#FEFEFE
1051	#DCD7EC	#FEFEFE
1052	#EFEDF6	#FEFEFE
1053	#FBFAFD	#FFFFFF
1054	#FCF7F7	#FFFFFF
1055	#F6F5FA	#FFFFFF
1056	#E9E5F3	#FEFEFE
1057	#F1DFDD	#FEFEFE
1058	#FBF6F6	#FFFFFF
1059	#F6F4FA	#FFFFFF
1060	#F4E6E4	#FEFEFE
1061	#FEFCFC	#FFFFFF
1062	#A096CB	#FBFBFB
1063	#E5E1F1	#FEFEFE
1064	#ECEAF5	#FEFEFE
1065	#E5E2F1	#FEFEFE
1066	#EFECF6	#FEFEFE
1067	#DED9ED	#FEFEFE
1068	#DCD8EC	#FEFEFE
1069	#D7D2E9	#FDFDFD
1070	#E6E3F2	#FEFEFE
1071	#A79DCF	#FBFBFB
1072	#FBFAFD	#FFFFFF
1073	#FCFBFD	#FFFFFF
1074	#D5CFE8	#FEFEFE
1075	#FBFAFD	#FFFFFF
1076	#B7AFD8	#FDFDFD
1077	#EDEAF5	#FEFEFE
1078	#FBF6F5	#FFFFFF
1079	#EEECF6	#FFFFFF
1080	#EFEDF6	#FEFEFE
1081	#F7ECEB	#FFFFFF
1082	#DCD7EC	#FEFEFE
1083	#EEECF6	#FFFFFF
1084	#F9F2F1	#FFFFFF
1085	#AEA5D3	#FCFCFC
1086	#FAFAFD	#FFFFFF
1087	#C2BADE	#FBFBFB
1088	#E9E6F3	#FEFEFE
1089	#DFDAED	#FEFEFE
1090	#E5E1F1	#FEFEFE
1091	#F9F1F0	#FFFFFF
1092	#A197CC	#FBFBFB
1093	#EFEDF6	#FEFEFE
1094	#FEFDFD	#FFFFFF
1095	#D6D1E9	#FDFDFD
1096	#D3CDE7	#FDFDFD
1097	#C4BDDF	#FCFCFC
1098	#CDC7E4	#FDFDFD
1099	#B7AFD8	#FDFDFD
1100	#ECD5D2	#FEFEFE
1101	#E5E1F1	#FEFEFE
1102	#BDB5DB	#FCFCFC
1103	#E4E1F1	#FEFEFE
1104	#FBFAFD	#FFFFFF
1105	#FFFEFE	#FFFFFF
1106	#E6E2F1	#FEFEFE
1107	#EEEBF6	#FFFFFF
1108	#F7EDEB	#FFFFFF
1109	#F8EEED	#FFFFFF
1110	#F8EEED	#FFFFFF
1111	#E6E2F1	#FEFEFE
1112	#E5E1F1	#FEFEFE
1113	#E4E1F1	#FEFEFE
1114	#DED9ED	#FEFEFE
1115	#F7ECEB	#FFFFFF
1116	#C4BCDF	#FCFCFC
1117	#FDFAFA	#FFFFFF
1118	#EDEBF5	#FEFEFE
1119	#C2BADE	#FBFBFB
1120	#FAF9FC	#FFFFFF
1121	#FEFDFC	#FFFFFF
1122	#ECD4D1	#FEFEFE
1123	#D7D2E9	#FDFDFD
1124	#D7D2E9	#FDFDFD
1125	#AEA5D3	#FCFCFC
1126	#D3CEE7	#FDFDFD
1127	#B7AFD8	#FDFDFD
1128	#DDD8EC	#FEFEFE
1129	#F7ECEB	#FFFFFF
1130	#F9F8FC	#FFFFFF
1131	#DCD7EC	#FEFEFE
1132	#E4E0F0	#FEFEFE
1133	#F6F4FA	#FFFFFF
1134	#FBF7F6	#FFFFFF
1135	#EFECF6	#FFFFFF
1137	#C5BDDF	#FCFCFC
1138	#FDFBFA	#FFFFFF
1139	#FCF7F6	#FFFFFF
1140	#FBF6F5	#FFFFFF
1141	#F2F1F8	#FFFFFF
1142	#D4A5A0	#FCFCFC
1143	#F7ECEB	#FFFFFF
1144	#FBF6F6	#FFFFFF
1145	#CDC7E4	#FDFDFD
1146	#F4E5E3	#FEFEFE
1147	#F6F4FA	#FFFFFF
1148	#FFFEFE	#FFFFFF
1149	#D9B0AB	#FDFDFD
1150	#F7EDEB	#FFFFFF
1151	#FBF7F6	#FFFFFF
1152	#E6E2F1	#FEFEFE
1153	#D3CEE7	#FDFDFD
1154	#D3CEE7	#FDFDFD
1155	#DDD8ED	#FEFEFE
1156	#EAE7F4	#FEFEFE
1157	#FBF6F5	#FFFFFF
1158	#D4CEE7	#FDFDFD
1159	#E9E6F3	#FEFEFE
1160	#E9E5F3	#FEFEFE
1161	#AFA6D3	#FCFCFC
1162	#D5CFE8	#FEFEFE
1163	#E9CECB	#FEFEFE
1164	#AFA5D3	#FCFCFC
1165	#FAF4F3	#FFFFFF
1166	#E5E1F1	#FEFEFE
1167	#AFA5D3	#FCFCFC
1168	#D3CEE7	#FDFDFD
1169	#F2F0F8	#FFFFFF
1170	#DED9ED	#FDFDFD
1171	#ACA2D2	#F9F9F9
1172	#EFECF6	#FFFFFF
1173	#FBFAFD	#FFFFFF
1174	#AFA6D3	#FCFCFC
1175	#D7D1E9	#FDFDFD
1176	#CDC7E4	#FCFCFC
1177	#FBF6F5	#FFFFFF
1178	#D1CBE6	#FCFCFC
1179	#EEECF6	#FEFEFE
1180	#EFEDF6	#FEFEFE
1181	#DCD8EC	#FEFEFE
1182	#9B91C8	#FAFAFA
1183	#EFEDF6	#FFFFFF
1184	#DCD7EC	#FEFEFE
1185	#B8AFD8	#FDFDFD
1186	#DDD9ED	#FEFEFE
1187	#CDC7E4	#FDFDFD
1188	#FBF6F5	#FFFFFF
1189	#EBE9F4	#FEFEFE
1190	#E9E5F3	#FEFEFE
1191	#C4BDDF	#FCFCFC
1192	#FAF9FC	#FFFFFF
1193	#FEFCFC	#FFFFFF
1195	#F4E6E4	#FEFEFE
1196	#E3DFF0	#FEFEFE
1197	#F4E5E3	#FEFEFE
1198	#FEFDFC	#FFFFFF
1199	#E8E5F3	#FEFEFE
1200	#F1E0DE	#FEFEFE
1201	#F9F9FC	#FFFFFF
1202	#EFEDF7	#FEFEFE
1203	#D5CFE8	#FDFDFD
1204	#C7C0E0	#FCFCFC
1205	#EFEDF6	#FEFEFE
1206	#FBFAFD	#FFFFFF
1207	#D8D3EA	#FDFDFD
1208	#C1BADD	#FBFBFB
1209	#E6E2F1	#FEFEFE
1210	#EFECF6	#FEFEFE
1211	#DDD8EC	#FDFDFD
1212	#DBD7EC	#FEFEFE
1213	#FAF9FC	#FFFFFF
1214	#FAFAFD	#FFFFFF
1215	#F6F5FA	#FFFFFF
1216	#EBE8F4	#FEFEFE
1217	#BDB6DB	#FCFCFC
1218	#FBFAFD	#FFFFFF
1219	#B7AFD8	#FDFDFD
1220	#F6F5FA	#FFFFFF
1221	#DDD8ED	#FEFEFE
1222	#EEEBF6	#FFFFFF
1223	#CCC5E3	#FDFDFD
1224	#B7AFD8	#FDFDFD
1225	#FBF6F5	#FFFFFF
1226	#A89ECF	#F9F9F9
1227	#F3F1F8	#FFFFFF
1228	#DED9ED	#FDFDFD
1229	#E6C8C4	#FDFDFD
1230	#FBF6F5	#FFFFFF
1231	#EEECF6	#FFFFFF
1232	#EEEBF6	#FEFEFE
1233	#EEEBF6	#FEFEFE
1234	#C4BDDF	#FCFCFC
1235	#EDEBF5	#FEFEFE
1236	#FFFFFF	#FFFFFF
1237	#F9F9FC	#FFFFFF
1238	#FBF6F6	#FFFFFF
1239	#E4E1F1	#FEFEFE
1240	#E5E1F1	#FEFEFE
1241	#F7EDEC	#FEFEFE
1242	#DED9ED	#FEFEFE
1243	#F9F8FC	#FFFFFF
1244	#D5CFE8	#FEFEFE
1245	#D9AFAA	#FDFDFD
1246	#DDD8ED	#FEFEFE
1247	#FBFBFD	#FFFFFF
1248	#AEA5D3	#FCFCFC
1249	#F6F5FA	#FFFFFF
1250	#ECD6D3	#FEFEFE
1251	#EEEBF6	#FEFEFE
1252	#F4E5E4	#FEFEFE
1253	#DFDAEE	#FDFDFD
1254	#FBFAFD	#FFFFFF
1255	#F9F8FC	#FFFFFF
1256	#F8EEED	#FFFFFF
1257	#D4CEE7	#FDFDFD
1258	#BDB5DB	#FCFCFC
1259	#C4BDDF	#FCFCFC
1260	#F9F2F1	#FFFFFF
1261	#D3CEE7	#FDFDFD
1262	#F7F6FB	#FFFFFF
1263	#F9F9FC	#FFFFFF
1264	#C9C2E2	#FBFBFB
1265	#E4E0F0	#FEFEFE
1266	#D2CCE6	#FCFCFC
1267	#E1DDEF	#FDFDFD
1268	#DDB8B3	#FCFCFC
1269	#FBF6F6	#FFFFFF
1270	#DDD8EC	#FEFEFE
1271	#F6EAE8	#FEFEFE
1272	#EEECF6	#FFFFFF
1273	#ECD5D3	#FEFEFE
1274	#EEECF6	#FEFEFE
1275	#F9F8FC	#FFFFFF
1276	#A197CC	#FBFBFB
1277	#F7ECEB	#FFFFFF
1278	#DDD8EC	#FEFEFE
1279	#D3CDE7	#FDFDFD
1280	#FFFFFF	#FFFFFF
1281	#FBFBFD	#FFFFFF
1282	#E6E2F1	#FEFEFE
1283	#DEDAED	#FEFEFE
1284	#D4CFE8	#FDFDFD
1285	#D4CEE7	#FCFCFC
1286	#CF9E97	#FCFCFC
1287	#FAFAFC	#FFFFFF
1288	#F7ECEB	#FFFFFF
1289	#F6F5FA	#FFFFFF
1290	#B8AFD8	#FBFBFB
1291	#CEC7E4	#FDFDFD
1292	#FEFCFC	#FFFFFF
1293	#F6EBE9	#FEFEFE
1294	#ECD5D3	#FEFEFE
1295	#F1E0DD	#FEFEFE
1296	#9A90C8	#FAFAFA
1297	#D9B0AB	#FDFDFD
1298	#DCD7EC	#FEFEFE
1299	#C7BFE0	#FBFBFB
1300	#F6F5FA	#FFFFFF
1301	#FAFAFC	#FFFFFF
1302	#F1DFDD	#FEFEFE
1303	#E6E3F1	#FEFEFE
1304	#F6F5FA	#FFFFFF
1305	#FBF6F5	#FFFFFF
1306	#BEB6DC	#FCFCFC
1307	#FAF9FC	#FFFFFF
1308	#B7AFD8	#FDFDFD
1309	#FBF6F5	#FFFFFF
1310	#DDD8EC	#FEFEFE
1311	#D4CEE7	#FDFDFD
1312	#E4E0F0	#FEFEFE
1313	#E8E5F3	#FEFEFE
1314	#E2DEEF	#FEFEFE
1315	#C7C0E1	#FCFCFC
1316	#B7AFD8	#FBFBFB
1317	#D4CEE7	#FDFDFD
1318	#EEECF6	#FFFFFF
1319	#CEC7E4	#FDFDFD
1320	#D7D2E9	#FDFDFD
1321	#E5E2F1	#FEFEFE
1322	#E6E2F1	#FEFEFE
1323	#E5E1F1	#FEFEFE
1324	#FAF9FC	#FFFFFF
1325	#EFECF6	#FFFFFF
1326	#FAF9FC	#FFFFFF
1327	#E8E5F3	#FEFEFE
1328	#D4CEE8	#FDFDFD
1329	#F6F5FA	#FFFFFF
1330	#C4BCDF	#FCFCFC
1331	#A79ECF	#FBFBFB
1332	#DCD7EC	#FEFEFE
1333	#F1DFDD	#FEFEFE
1334	#B7AED8	#FAFAFA
1335	#EFEDF6	#FEFEFE
1336	#D4CEE8	#FEFEFE
1337	#FBFBFD	#FFFFFF
1338	#CF9D97	#FCFCFC
1339	#D4CEE7	#FDFDFD
1340	#DCD7EC	#FEFEFE
1341	#CCC5E3	#FDFDFD
1342	#DDD9ED	#FDFDFD
1343	#BCB4DB	#FAFAFA
1344	#F7EDEB	#FEFEFE
1345	#ECD6D3	#FEFEFE
1346	#EEECF6	#FEFEFE
1347	#E4C4C0	#FDFDFD
1348	#DBD6EC	#FEFEFE
1349	#EEECF6	#FEFEFE
1350	#F9F2F1	#FFFFFF
1351	#D5CFE8	#FEFEFE
1352	#F2F0F8	#FFFFFF
1353	#F6F5FA	#FFFFFF
1354	#B6AED7	#FBFBFB
1355	#9A90C8	#FAFAFA
1356	#E4E0F0	#FEFEFE
1357	#F2F0F8	#FEFEFE
1358	#F7EEEC	#FFFFFF
1359	#F8EEED	#FFFFFF
1360	#F7ECEA	#FFFFFF
1361	#DDD8EC	#FEFEFE
1362	#EFEDF6	#FFFFFF
1363	#E8E5F3	#FEFEFE
1364	#DDD8EC	#FDFDFD
1365	#FBF6F5	#FFFFFF
1366	#B7AED8	#FAFAFA
1367	#FEFDFC	#FFFFFF
1368	#D4CFE8	#FDFDFD
1369	#FAFAFD	#FFFFFF
1370	#E8E5F3	#FEFEFE
1371	#FAFAFC	#FFFFFF
1372	#E5E1F1	#FEFEFE
1373	#A096CB	#FBFBFB
1374	#E4E0F0	#FEFEFE
1375	#BDB5DB	#FCFCFC
1376	#D4CFE8	#FEFEFE
1377	#ECEAF5	#FEFEFE
1378	#D3CDE7	#FDFDFD
1379	#FBF7F6	#FFFFFF
1380	#AFA6D3	#FCFCFC
1381	#F7ECEB	#FFFFFF
1382	#E4E0F0	#FEFEFE
1383	#E4E0F0	#FEFEFE
1384	#EEECF6	#FFFFFF
1385	#F7ECEB	#FFFFFF
1386	#EDEAF5	#FEFEFE
1387	#8B81C0	#F8F8F8
1388	#FAF9FC	#FFFFFF
1389	#F1E0DE	#FEFEFE
1390	#FBFAFD	#FFFFFF
1391	#F8EEED	#FFFFFF
1392	#D0CAE5	#FCFCFC
1393	#E3DFF0	#FEFEFE
1394	#E6E3F2	#FEFEFE
1395	#DEDAED	#FEFEFE
1396	#E8E5F3	#FEFEFE
1397	#DCD7EC	#FEFEFE
1398	#D4CEE7	#FCFCFC
1399	#FBFAFD	#FFFFFF
1400	#EFECF6	#FFFFFF
1401	#CBC5E3	#FDFDFD
1402	#E4E1F1	#FEFEFE
1403	#FFFEFE	#FFFFFF
1404	#D7D2E9	#FDFDFD
1405	#EFDCDA	#FEFEFE
1406	#FEFCFC	#FFFFFF
1407	#ADA4D2	#FAFAFA
1408	#D3CEE7	#FDFDFD
1409	#EFECF6	#FFFFFF
1410	#F8EEED	#FFFFFF
1411	#DCD8EC	#FEFEFE
1412	#FAF9FC	#FFFFFF
1413	#A79ECF	#FBFBFB
1414	#F7ECEB	#FFFFFF
1415	#EEECF6	#FFFFFF
1416	#DED9ED	#FEFEFE
1417	#DCD7EC	#FEFEFE
1418	#A197CC	#FBFBFB
1419	#EEECF6	#FEFEFE
1420	#EFECF6	#FEFEFE
1421	#EEECF6	#FFFFFF
1422	#AEA5D3	#FCFCFC
1423	#EEECF6	#FFFFFF
1424	#F6F4FA	#FFFFFF
1425	#F7F5FA	#FFFFFF
1426	#CEC8E4	#FDFDFD
1427	#D4CEE7	#FDFDFD
1428	#D1CBE6	#FCFCFC
1429	#A89ECF	#FBFBFB
1430	#E6E2F1	#FEFEFE
1431	#DCD7EC	#FEFEFE
1432	#E0BDB9	#FEFEFE
1433	#F6F4FA	#FFFFFF
1434	#FBF6F5	#FFFFFF
1435	#EEECF6	#FFFFFF
1436	#F9F8FC	#FFFFFF
1437	#F9F8FC	#FFFFFF
1438	#F1E0DE	#FEFEFE
1439	#B7AED8	#FDFDFD
1440	#F5F4FA	#FFFFFF
1441	#D3CEE7	#FDFDFD
1442	#EFEDF6	#FEFEFE
1443	#D8D3EA	#FDFDFD
1444	#BDB5DB	#FCFCFC
1445	#EBE8F4	#FEFEFE
1446	#EFEDF7	#FFFFFF
1447	#EFECF6	#FFFFFF
1448	#DDD9ED	#FEFEFE
1449	#E8E5F3	#FEFEFE
1451	#F1E0DE	#FEFEFE
1452	#EEECF6	#FFFFFF
1453	#EEECF6	#FFFFFF
1454	#ACA2D2	#F9F9F9
1455	#D4CEE7	#FDFDFD
1456	#BEB6DB	#FCFCFC
1457	#8277BB	#F6F6F6
1458	#FBFAFD	#FFFFFF
1459	#F2E1DF	#FEFEFE
1460	#E5E2F1	#FEFEFE
1461	#D4CEE7	#FDFDFD
1462	#EBD4D0	#FEFEFE
1463	#E9CECA	#FEFEFE
1464	#E4E0F0	#FEFEFE
1465	#E9CECA	#FEFEFE
1466	#E1DDEF	#FDFDFD
1467	#BBB3DA	#FAFAFA
1468	#B7AFD8	#FDFDFD
1469	#D4CFE8	#FEFEFE
1470	#C8C1E1	#FCFCFC
1471	#C4BDDF	#FCFCFC
1472	#DBD7EC	#FEFEFE
1473	#EFECF6	#FFFFFF
1474	#D4CEE8	#FDFDFD
1475	#FDFAFA	#FFFFFF
1476	#C3BBDE	#FDFDFD
1477	#D4CFE8	#FEFEFE
1478	#DEDAED	#FEFEFE
1479	#B7AFD8	#FDFDFD
1480	#D4CFE8	#FDFDFD
1481	#EEECF6	#FFFFFF
1482	#D3CDE7	#FDFDFD
1483	#F4E5E3	#FEFEFE
1484	#BDB5DB	#FCFCFC
1485	#D3CEE7	#FDFDFD
1486	#FBF6F6	#FFFFFF
1487	#E9E5F3	#FEFEFE
1488	#DEDAED	#FEFEFE
1489	#D2CCE7	#FCFCFC
1490	#D8D3EA	#FCFCFC
1491	#FBF6F6	#FFFFFF
1492	#EAE7F4	#FEFEFE
1493	#BEB6DB	#FCFCFC
1494	#DDD8EC	#FEFEFE
1495	#E4E0F0	#FEFEFE
1496	#F7F5FA	#FFFFFF
1497	#F6F5FA	#FFFFFF
1498	#E8CDCA	#FEFEFE
1499	#F4E6E4	#FEFEFE
1500	#D1CBE6	#FCFCFC
1501	#EFEDF6	#FEFEFE
1502	#EFECF6	#FEFEFE
1503	#FBFAFD	#FFFFFF
1504	#AFA6D3	#FCFCFC
1505	#F7ECEB	#FFFFFF
1506	#CDC7E4	#FCFCFC
1507	#C5BEDF	#FCFCFC
1508	#D4CFE8	#FDFDFD
1509	#DBD7EC	#FEFEFE
1510	#EEEBF6	#FFFFFF
1511	#AEA5D3	#FCFCFC
1512	#D3CEE7	#FDFDFD
1513	#FAF9FC	#FFFFFF
1514	#DED9ED	#FDFDFD
1515	#E9E6F3	#FEFEFE
1516	#DDD9ED	#FEFEFE
1517	#B2A9D5	#FAFAFA
1518	#EEECF6	#FFFFFF
1519	#AFA6D3	#FCFCFC
1520	#EFECF6	#FFFFFF
1521	#FBFAFD	#FFFFFF
1522	#E6E2F1	#FEFEFE
1523	#EEECF6	#FFFFFF
1524	#E5E2F1	#FEFEFE
1525	#E5E1F1	#FEFEFE
1526	#F7F6FB	#FFFFFF
1527	#FBF7F6	#FFFFFF
1528	#C4BDDF	#FCFCFC
1529	#C5BEDF	#FCFCFC
1530	#CBC5E3	#FDFDFD
1531	#F7EDEB	#FFFFFF
1532	#FBF6F5	#FFFFFF
1533	#E6E3F1	#FEFEFE
1534	#ECEAF5	#FEFEFE
1535	#FAF9FC	#FFFFFF
1536	#E8E5F3	#FEFEFE
1537	#ECD5D2	#FEFEFE
1538	#B8AFD8	#FDFDFD
1539	#F2F0F8	#FEFEFE
1540	#FBFAFD	#FFFFFF
1541	#E1BEBA	#FEFEFE
1542	#DEDAED	#FEFEFE
1543	#FBFAFD	#FFFFFF
1544	#FBF6F5	#FFFFFF
1545	#D5CFE8	#FDFDFD
1546	#D4CEE8	#FDFDFD
1547	#FAF9FC	#FFFFFF
1548	#E6E3F2	#FEFEFE
1549	#F7ECEA	#FFFFFF
1550	#ECD5D2	#FEFEFE
1551	#E9E5F3	#FEFEFE
1552	#FFFEFE	#FFFFFF
1553	#EDEBF5	#FEFEFE
1554	#C3BBDE	#FDFDFD
1555	#F6F4FA	#FFFFFF
1556	#FFFFFF	#FFFFFF
1557	#CBC5E3	#FDFDFD
1558	#D3CDE7	#FDFDFD
1559	#EFEDF6	#FEFEFE
1560	#C7C0E1	#FCFCFC
1561	#BDB5DB	#FCFCFC
1562	#F1DFDD	#FEFEFE
1563	#DCD7EC	#FEFEFE
1564	#D4CEE7	#FDFDFD
1565	#E4E1F1	#FEFEFE
1566	#FAF3F2	#FFFFFF
1567	#DFDAED	#FDFDFD
1568	#8277BB	#F6F6F6
1569	#DED9ED	#FEFEFE
1570	#DDD8EC	#FEFEFE
1571	#DDD8ED	#FEFEFE
1572	#FEFCFC	#FFFFFF
1573	#E5E1F1	#FEFEFE
1574	#CDC7E4	#FCFCFC
1575	#C3BBDE	#FDFDFD
1576	#BEB6DB	#FCFCFC
1577	#E8CECA	#FEFEFE
1578	#CDC7E4	#FCFCFC
1579	#9A90C8	#FAFAFA
1580	#DDD8ED	#FEFEFE
1581	#CBC5E3	#FDFDFD
1582	#F6F5FA	#FFFFFF
1583	#F6F5FA	#FFFFFF
1584	#FBF6F5	#FFFFFF
1585	#D5CFE8	#FEFEFE
1586	#E6E3F2	#FEFEFE
1587	#CDC7E4	#FDFDFD
1588	#F1DFDD	#FEFEFE
1589	#EDEBF5	#FEFEFE
1590	#CCC5E3	#FDFDFD
1591	#C4BCDF	#FCFCFC
1592	#E7E4F2	#FEFEFE
1593	#E5E1F1	#FEFEFE
1594	#F7EDEC	#FFFFFF
1595	#FDFBFB	#FFFFFF
1596	#FBF7F6	#FFFFFF
1597	#F6F4FA	#FFFFFF
1598	#EEECF6	#FEFEFE
1599	#FBF6F5	#FFFFFF
1600	#FAFAFD	#FFFFFF
1601	#DDD8EC	#FEFEFE
1602	#FEFDFD	#FFFFFF
1603	#F1DFDD	#FEFEFE
1604	#E4E0F0	#FEFEFE
1605	#EFEDF6	#FFFFFF
1606	#F1E0DE	#FEFEFE
1607	#F5F4FA	#FFFFFF
1608	#EBD4D0	#FEFEFE
1609	#FBF6F5	#FFFFFF
1610	#D4CFE8	#FDFDFD
1611	#F7EDEB	#FFFFFF
1612	#D0CAE5	#FCFCFC
1613	#FAF9FC	#FFFFFF
1614	#EEECF6	#FFFFFF
1615	#E1BEB9	#FEFEFE
1616	#CDC6E4	#FCFCFC
1617	#F7F5FB	#FFFFFF
1618	#DCD7EC	#FEFEFE
1619	#FBF6F6	#FFFFFF
1620	#FBF6F5	#FFFFFF
1621	#D5CFE8	#FEFEFE
1622	#F7ECEB	#FFFFFF
1623	#C4BDDF	#FCFCFC
1624	#C5BDDF	#FCFCFC
1625	#B7AFD8	#FDFDFD
1626	#AFA6D3	#FCFCFC
1627	#F9F8FC	#FFFFFF
1628	#F7ECEB	#FFFFFF
1629	#EEECF6	#FEFEFE
1630	#EEECF6	#FFFFFF
1631	#FEFDFD	#FFFFFF
1632	#EEECF6	#FFFFFF
1633	#F8EEED	#FFFFFF
1634	#BDB5DB	#FCFCFC
1635	#DCD7EC	#FEFEFE
1637	#F9F8FC	#FFFFFF
1638	#EDEAF5	#FEFEFE
1639	#F6F4FA	#FFFFFF
1640	#F6F5FA	#FFFFFF
1641	#9A90C8	#FAFAFA
1642	#EEECF6	#FFFFFF
1643	#F4E5E3	#FEFEFE
1644	#E5E2F1	#FEFEFE
1645	#E9CECA	#FEFEFE
1646	#E9E5F3	#FEFEFE
1647	#D1CBE6	#FCFCFC
1648	#CCC5E3	#FDFDFD
1649	#B7AFD8	#FDFDFD
1650	#FAF9FC	#FFFFFF
1651	#EBE8F4	#FEFEFE
1652	#DCD7EC	#FEFEFE
1653	#F9F8FC	#FFFFFF
1654	#EFEDF7	#FEFEFE
1655	#CEC7E4	#FDFDFD
1656	#EEECF6	#FFFFFF
1657	#F6F5FA	#FFFFFF
1658	#FBFAFD	#FFFFFF
1659	#DDD8EC	#FEFEFE
1660	#B7AFD8	#FDFDFD
1661	#EFEDF6	#FEFEFE
1662	#D1CBE6	#FCFCFC
1663	#F8EEED	#FFFFFF
1664	#EFEDF6	#FEFEFE
1665	#DDD8ED	#FEFEFE
1666	#F8EEED	#FFFFFF
1667	#E6E2F1	#FEFEFE
1668	#DEDAED	#FEFEFE
1669	#F4E6E4	#FEFEFE
1670	#DCD7EC	#FEFEFE
1671	#DDD8ED	#FEFEFE
1672	#E8CDCA	#FEFEFE
1673	#CCC5E3	#FDFDFD
1674	#F8EEED	#FFFFFF
1675	#CBC5E3	#FDFDFD
1676	#F9F9FC	#FFFFFF
1677	#E6E3F1	#FEFEFE
1678	#F5F4FA	#FFFFFF
1679	#C4BDDF	#FCFCFC
1680	#FBF6F5	#FFFFFF
1681	#CBC4E3	#FCFCFC
1682	#DCD8EC	#FEFEFE
1683	#F9F1F0	#FFFFFF
1684	#DCD7EC	#FEFEFE
1685	#EBD3D0	#FEFEFE
1686	#C3BBDE	#FDFDFD
1687	#E9E5F3	#FEFEFE
1688	#DDD8ED	#FEFEFE
1690	#958AC5	#F9F9F9
1691	#C3BBDE	#FDFDFD
1692	#D7D2E9	#FDFDFD
1693	#CDC7E4	#FCFCFC
1694	#D4CFE8	#FEFEFE
1695	#BFB7DC	#FCFCFC
1696	#E8E5F3	#FEFEFE
1697	#D4CEE8	#FEFEFE
1698	#E4E0F0	#FEFEFE
1699	#D5CFE8	#FDFDFD
1700	#E9E5F3	#FEFEFE
1701	#FEFDFD	#FFFFFF
1702	#CBC4E3	#FCFCFC
1703	#EEECF6	#FFFFFF
1704	#E1BEBA	#FEFEFE
1705	#E5E1F1	#FEFEFE
1706	#E1BEBA	#FEFEFE
1707	#CCC6E3	#FDFDFD
1708	#CC9790	#FCFCFC
1709	#CBC5E3	#FDFDFD
1710	#FBFAFD	#FFFFFF
1711	#F7EDEC	#FEFEFE
1712	#D4A5A0	#FCFCFC
1713	#F1E0DE	#FEFEFE
1714	#C5BDDF	#FCFCFC
1715	#DDD8ED	#FEFEFE
1716	#B7AFD8	#FDFDFD
1717	#FAF9FC	#FFFFFF
1718	#DDD8ED	#FEFEFE
1719	#FBF6F5	#FFFFFF
1720	#DDD8EC	#FEFEFE
1721	#E5C7C3	#FDFDFD
1722	#FBF6F5	#FFFFFF
1723	#CCC5E3	#FDFDFD
1724	#C4BDDF	#FCFCFC
1725	#E6E2F1	#FEFEFE
1726	#D4CEE8	#FDFDFD
1727	#F8EEED	#FFFFFF
1728	#FBF5F5	#FFFFFF
1729	#EFEDF7	#FFFFFF
1730	#EEECF6	#FEFEFE
1731	#FDFCFE	#FFFFFF
1732	#CCC5E3	#FDFDFD
1733	#F9F8FC	#FFFFFF
1734	#C4BDDF	#FCFCFC
1735	#FEFDFD	#FFFFFF
1736	#C3BBDE	#FDFDFD
1737	#FEFCFC	#FFFFFF
1738	#F1DFDD	#FEFEFE
1739	#CCC5E3	#FDFDFD
1740	#F9F2F1	#FFFFFF
1741	#D4CEE8	#FEFEFE
1742	#DCD8EC	#FEFEFE
1743	#FAFAFC	#FFFFFF
1744	#E9E6F3	#FEFEFE
1745	#F7EDEB	#FFFFFF
1746	#DBD7EC	#FEFEFE
1747	#F8EEED	#FFFFFF
1748	#EEECF6	#FFFFFF
1749	#D8D3EA	#FDFDFD
1750	#FEFDFC	#FFFFFF
1751	#F7ECEB	#FFFFFF
1752	#B7AFD8	#FDFDFD
1753	#D7D1E9	#FDFDFD
1754	#FEFDFD	#FFFFFF
1755	#FBF6F5	#FFFFFF
1756	#DEDAED	#FEFEFE
1757	#EFECF6	#FEFEFE
1758	#AEA5D3	#FCFCFC
1759	#D5CFE8	#FEFEFE
1760	#FBF6F5	#FFFFFF
1761	#EBD4D0	#FEFEFE
1762	#E9E6F3	#FEFEFE
1763	#EEECF6	#FFFFFF
1764	#B4ABD6	#F9F9F9
1765	#C3BBDE	#FDFDFD
1766	#CBC5E3	#FDFDFD
1767	#DDD8ED	#FEFEFE
1768	#E6E3F2	#FEFEFE
1769	#FBFAFD	#FFFFFF
1770	#B8AFD8	#FBFBFB
1771	#FAF9FC	#FFFFFF
1772	#DDD9ED	#FEFEFE
1773	#CBC5E3	#FDFDFD
1774	#F1DFDD	#FEFEFE
1775	#F7EDEB	#FFFFFF
1776	#FAF9FC	#FFFFFF
1777	#FBFAFD	#FFFFFF
1778	#FBF6F5	#FFFFFF
1779	#D4CEE8	#FDFDFD
1780	#FBF6F6	#FFFFFF
1781	#CBC4E3	#FDFDFD
1782	#D4CEE7	#FDFDFD
1783	#EEECF6	#FFFFFF
1784	#B8AFD8	#FDFDFD
1785	#E9CECB	#FEFEFE
1786	#DDD8EC	#FEFEFE
1787	#EFECF6	#FFFFFF
1788	#FEFDFD	#FFFFFF
1789	#C4BDDF	#FCFCFC
1790	#F1DFDD	#FEFEFE
1791	#EEEBF6	#FEFEFE
1792	#C5BEE0	#FBFBFB
1793	#E9CECA	#FEFEFE
1794	#D9B0AB	#FDFDFD
1795	#F7EDEC	#FEFEFE
1796	#D8D2EA	#FDFDFD
1797	#E5E2F1	#FEFEFE
1798	#FBF6F5	#FFFFFF
1799	#F8EEED	#FFFFFF
1800	#F9F9FC	#FFFFFF
1801	#DDD9ED	#FDFDFD
1802	#C3BBDE	#FDFDFD
1803	#A096CB	#FBFBFB
1804	#F4E6E4	#FEFEFE
1805	#E6E2F1	#FEFEFE
1806	#EFECF6	#FEFEFE
1807	#DEDAED	#FEFEFE
1808	#F6F4FA	#FFFFFF
1809	#F4E5E4	#FEFEFE
1810	#DDD8EC	#FEFEFE
1811	#D4CEE8	#FDFDFD
1812	#F1DFDD	#FEFEFE
1813	#FAF9FC	#FFFFFF
1814	#F2F0F8	#FFFFFF
1815	#F8EEED	#FFFFFF
1816	#B2A9D5	#FAFAFA
1817	#E8E5F3	#FEFEFE
1818	#D3CEE7	#FDFDFD
1819	#FAF9FC	#FFFFFF
1820	#D5CFE8	#FEFEFE
1821	#F9F9FC	#FFFFFF
1822	#D4CEE7	#FDFDFD
1823	#A197CC	#FBFBFB
1824	#CBC5E3	#FDFDFD
1825	#FAFAFC	#FFFFFF
1826	#E6C9C5	#FDFDFD
1827	#DDD8EC	#FEFEFE
1828	#ECD5D2	#FEFEFE
1829	#EEEBF6	#FFFFFF
1830	#AFA6D3	#FCFCFC
1831	#E4E0F0	#FEFEFE
1832	#EEECF6	#FFFFFF
1833	#CBC4E3	#FCFCFC
1834	#FAFAFC	#FFFFFF
1835	#E8E5F3	#FEFEFE
1836	#FBFAFD	#FFFFFF
1837	#E8E5F3	#FEFEFE
1838	#FAFAFC	#FFFFFF
1839	#F9F8FC	#FFFFFF
1840	#E8E5F3	#FEFEFE
1841	#C4BDDF	#FCFCFC
1842	#F7F5FA	#FFFFFF
1843	#DEDAED	#FEFEFE
1844	#FEFDFD	#FFFFFF
1845	#E8CDCA	#FEFEFE
1846	#DEDAED	#FEFEFE
1847	#FBFAFD	#FFFFFF
1848	#958AC5	#F9F9F9
1849	#FBFAFD	#FFFFFF
1850	#DDD8EC	#FEFEFE
1851	#FEFCFC	#FFFFFF
1852	#B7AFD8	#FDFDFD
1853	#D9AFAA	#FDFDFD
1854	#9B90C8	#FAFAFA
1855	#AEA5D3	#FCFCFC
1856	#D4A6A0	#FCFCFC
1857	#DDD8EC	#FEFEFE
1858	#EEEBF6	#FFFFFF
1859	#BDB5DB	#FCFCFC
1860	#F6F5FA	#FFFFFF
1861	#FAF9FC	#FFFFFF
1862	#E8E5F3	#FEFEFE
1863	#F7ECEB	#FFFFFF
1864	#CCC5E3	#FCFCFC
1865	#958AC5	#F9F9F9
1866	#D3CDE7	#FCFCFC
1867	#E9E6F3	#FEFEFE
1868	#E3DFF0	#FEFEFE
1869	#FAF9FC	#FFFFFF
1870	#E5E1F1	#FEFEFE
1871	#FBFBFD	#FFFFFF
1872	#EFEDF6	#FEFEFE
1873	#AFA5D3	#FCFCFC
1874	#D4CFE8	#FEFEFE
1875	#E8E5F3	#FEFEFE
1876	#F7ECEB	#FFFFFF
1877	#D5CFE8	#FEFEFE
1878	#EDEAF5	#FEFEFE
1879	#EEECF6	#FEFEFE
1880	#C4BDDF	#FCFCFC
1881	#F7EDEB	#FFFFFF
1882	#D0C9E5	#FCFCFC
1883	#FDFDFE	#FFFFFF
1884	#F8F6FB	#FFFFFF
1885	#F8EEED	#FFFFFF
1886	#FBFAFD	#FFFFFF
1887	#CCC5E3	#FDFDFD
1888	#E4E1F1	#FEFEFE
1889	#FEFDFD	#FFFFFF
1890	#E9E6F3	#FEFEFE
1891	#A79DCF	#FBFBFB
1892	#9B90C8	#FAFAFA
1893	#FBF6F6	#FFFFFF
1894	#D4CEE8	#FEFEFE
1895	#FBF6F6	#FFFFFF
1896	#F1DFDC	#FEFEFE
1897	#E6E2F1	#FEFEFE
1898	#B2A9D5	#FAFAFA
1899	#EBD4D0	#FEFEFE
1900	#EFECF6	#FFFFFF
1901	#F6F5FA	#FFFFFF
1902	#D9B0AB	#FDFDFD
1903	#CCC6E4	#FCFCFC
1904	#DED9ED	#FDFDFD
1905	#E8E5F3	#FEFEFE
1906	#EEECF6	#FFFFFF
1907	#ECD5D2	#FEFEFE
1908	#DDD8ED	#FEFEFE
1909	#EFECF6	#FEFEFE
1910	#F6F5FA	#FFFFFF
1911	#F6F5FA	#FFFFFF
1912	#DDD8ED	#FEFEFE
1913	#DDD8EC	#FEFEFE
1914	#D5CFE8	#FDFDFD
1915	#F6F5FA	#FFFFFF
1916	#D1CBE6	#FCFCFC
1917	#CCC5E3	#FDFDFD
1918	#FBFAFD	#FFFFFF
1919	#FBF6F5	#FFFFFF
1920	#FAF9FC	#FFFFFF
1921	#DCD7EC	#FEFEFE
1922	#D9AFAA	#FDFDFD
1923	#B7AFD8	#FDFDFD
1924	#E8E5F3	#FEFEFE
1925	#FBFAFD	#FFFFFF
1926	#FBF6F5	#FFFFFF
1927	#EFEDF6	#FFFFFF
1928	#FBF6F6	#FFFFFF
1929	#D2CCE7	#FCFCFC
1930	#E8CECA	#FEFEFE
1931	#D4CFE8	#FDFDFD
1932	#A79DCF	#FBFBFB
1933	#DED9ED	#FDFDFD
1934	#FDFBFA	#FFFFFF
1935	#D7D1E9	#FDFDFD
1936	#F6F4FA	#FFFFFF
1937	#EFEDF6	#FEFEFE
1938	#DEDAED	#FDFDFD
1939	#EFECF6	#FFFFFF
1940	#E9E5F3	#FEFEFE
1941	#C4BDDF	#FCFCFC
1942	#E8E5F3	#FEFEFE
1943	#EBD4D0	#FEFEFE
1944	#CBC5E3	#FDFDFD
1945	#E4E0F0	#FEFEFE
1946	#AFA5D3	#FCFCFC
1947	#DDD8EC	#FEFEFE
1948	#C4BDDF	#FCFCFC
1949	#FAFAFC	#FFFFFF
1950	#DDD9ED	#FEFEFE
1951	#F2F0F8	#FFFFFF
1952	#EDEAF5	#FEFEFE
1953	#FBF5F5	#FFFFFF
1954	#DDD8ED	#FEFEFE
1955	#E6E2F1	#FEFEFE
1956	#DDD9ED	#FEFEFE
1957	#F4E5E3	#FEFEFE
1958	#FBFAFD	#FFFFFF
1959	#DDD8EC	#FEFEFE
1960	#D4CEE7	#FDFDFD
1961	#D4CFE8	#FDFDFD
1962	#E6C8C4	#FDFDFD
1963	#D3CEE7	#FDFDFD
1964	#D3CEE7	#FDFDFD
1965	#D7D2E9	#FDFDFD
1966	#C6BFE0	#FCFCFC
1967	#E8E5F3	#FEFEFE
1968	#F4E6E4	#FEFEFE
1969	#C3BBDE	#FDFDFD
1970	#DED9ED	#FEFEFE
1971	#C3BBDE	#FDFDFD
1972	#FCFBFD	#FFFFFF
1973	#FAF9FC	#FFFFFF
1974	#EFECF6	#FFFFFF
1975	#F1E0DD	#FEFEFE
1976	#FAF9FC	#FFFFFF
1977	#FAF9FC	#FFFFFF
1978	#F1E0DE	#FEFEFE
1979	#F9F8FC	#FFFFFF
1980	#D4CEE8	#FDFDFD
1981	#CBC5E3	#FDFDFD
1982	#DFDAEE	#FEFEFE
1983	#E8E5F3	#FEFEFE
1984	#E8E5F3	#FEFEFE
1985	#FBFAFD	#FFFFFF
1986	#BEB6DC	#FCFCFC
1987	#EFECF6	#FEFEFE
1988	#F7ECEB	#FFFFFF
1989	#FBFAFD	#FFFFFF
1990	#C3BBDE	#FDFDFD
1991	#DDD8ED	#FEFEFE
1992	#DDD8ED	#FEFEFE
1993	#EEECF6	#FFFFFF
1994	#D7D2EA	#FDFDFD
1995	#A79ECF	#FBFBFB
1996	#D4CEE8	#FDFDFD
1997	#B7AFD8	#FDFDFD
1998	#F4E6E4	#FEFEFE
2000	#D4CEE7	#FDFDFD
2001	#EFECF6	#FEFEFE
2002	#FAF9FC	#FFFFFF
2003	#AFA5D3	#FCFCFC
2004	#E5E2F1	#FEFEFE
2005	#EFECF6	#FEFEFE
2006	#8B80C0	#F8F8F8
2007	#F7ECEB	#FFFFFF
2008	#F2F0F8	#FEFEFE
2009	#ECD5D2	#FEFEFE
2010	#C5BDDF	#FCFCFC
2011	#F7ECEB	#FFFFFF
2012	#DDD8ED	#FEFEFE
2013	#EEECF6	#FFFFFF
2014	#EFEDF6	#FFFFFF
2015	#A89ECF	#FBFBFB
2016	#EBE8F4	#FEFEFE
2017	#CDC7E4	#FCFCFC
2018	#C1BADD	#FAFAFA
2019	#DDD9ED	#FEFEFE
2020	#B8AFD8	#FBFBFB
2021	#C6BFE0	#FCFCFC
2022	#E9CECB	#FEFEFE
2023	#BDB5DB	#FCFCFC
2024	#C3BBDE	#FDFDFD
2025	#C4BDDF	#FCFCFC
2026	#DCD8EC	#FEFEFE
2028	#EFECF6	#FEFEFE
2029	#C4BDDF	#FCFCFC
2030	#E9E5F3	#FEFEFE
2031	#FBFAFD	#FFFFFF
2032	#F2F0F8	#FFFFFF
2033	#EFECF6	#FEFEFE
2034	#F8EEED	#FFFFFF
2035	#F7F6FB	#FFFFFF
2036	#AEA5D3	#FCFCFC
2037	#E5E1F1	#FEFEFE
2038	#EEECF6	#FFFFFF
2039	#B7AFD8	#FDFDFD
2040	#EDEBF5	#FEFEFE
2041	#E1BEBA	#FEFEFE
2042	#FBF6F5	#FFFFFF
2043	#FAFAFC	#FFFFFF
2044	#E9E5F3	#FEFEFE
2045	#BCB4DB	#FAFAFA
2046	#B7AFD8	#FDFDFD
2047	#FAFAFC	#FFFFFF
2048	#C7C0E1	#FCFCFC
2049	#A79ECF	#FBFBFB
2050	#EEECF6	#FFFFFF
2051	#F3F1F8	#FFFFFF
2052	#E4E0F0	#FEFEFE
2053	#FCF7F6	#FFFFFF
2054	#FBFAFD	#FFFFFF
2055	#F7EDEB	#FFFFFF
2056	#EDEAF5	#FEFEFE
2057	#CDC7E4	#FCFCFC
2058	#D4CEE7	#FDFDFD
2059	#AFA6D3	#FCFCFC
2060	#F6F5FA	#FFFFFF
2061	#F9F8FC	#FFFFFF
2062	#CBC4E3	#FDFDFD
2063	#FBFAFD	#FFFFFF
2064	#D4CEE8	#FEFEFE
2065	#A79ECF	#FBFBFB
2066	#D4CEE8	#FDFDFD
2067	#D1CBE6	#FCFCFC
2068	#EFEDF6	#FEFEFE
2069	#F6F4FA	#FFFFFF
2070	#D4CEE8	#FDFDFD
2071	#CCC5E3	#FDFDFD
2072	#FFFFFF	#FFFFFF
2073	#D4CEE7	#FDFDFD
2074	#C6BFE0	#FBFBFB
2075	#C3BBDE	#FDFDFD
2076	#ECEAF5	#FEFEFE
2077	#EEECF6	#FFFFFF
2078	#D1CBE6	#FCFCFC
2079	#ECD5D2	#FEFEFE
2080	#EDEAF5	#FEFEFE
2081	#F7F6FB	#FFFFFF
2082	#F9F8FC	#FFFFFF
2083	#EBE8F4	#FEFEFE
2084	#C4BDDF	#FCFCFC
2085	#DDD8ED	#FEFEFE
2086	#C5BDDF	#FCFCFC
2087	#F6F5FA	#FFFFFF
2088	#F9F1F0	#FFFFFF
2089	#D9B0AA	#FDFDFD
2090	#F4E5E4	#FEFEFE
2091	#DCD8EC	#FEFEFE
2092	#E9E6F3	#FEFEFE
2093	#D9B0AA	#FDFDFD
2094	#E6E2F1	#FEFEFE
2095	#FBFAFD	#FFFFFF
2096	#DDD8EC	#FEFEFE
2097	#FAFAFC	#FFFFFF
2098	#FAFAFC	#FFFFFF
2099	#E4E1F1	#FEFEFE
2100	#B8AFD8	#FDFDFD
2101	#C3BBDE	#FDFDFD
2102	#E6E2F1	#FEFEFE
2103	#EFECF6	#FEFEFE
2104	#E0BEB9	#FEFEFE
2105	#D3CEE7	#FDFDFD
2106	#C1B9DD	#FBFBFB
2107	#C7C0E1	#FCFCFC
2108	#E1BEBA	#FEFEFE
2109	#DEDAED	#FEFEFE
2110	#F8EEED	#FFFFFF
2111	#F4E6E4	#FEFEFE
2112	#FBF7F6	#FFFFFF
2113	#DDD8ED	#FEFEFE
2114	#CEC7E4	#FDFDFD
2115	#FAF9FC	#FFFFFF
2116	#DCD7EC	#FEFEFE
2117	#E5E1F1	#FEFEFE
2118	#DED9ED	#FDFDFD
2119	#EFECF6	#FEFEFE
2120	#EFECF6	#FFFFFF
2121	#DCD8EC	#FEFEFE
2122	#D0CAE5	#FCFCFC
2123	#E5E1F1	#FEFEFE
2124	#8F85C2	#F9F9F9
2125	#D3CDE7	#FDFDFD
2126	#F8EFED	#FFFFFF
2127	#D3CEE7	#FDFDFD
2128	#E9E6F3	#FEFEFE
2129	#B7AFD8	#FDFDFD
2130	#F8EEED	#FFFFFF
2131	#FBF6F5	#FFFFFF
2132	#C3BBDE	#FDFDFD
2133	#BDB5DB	#FCFCFC
2134	#D7D2E9	#FDFDFD
2135	#EEECF6	#FEFEFE
2136	#FAF9FC	#FFFFFF
2137	#FAF9FC	#FFFFFF
2138	#EDEBF5	#FEFEFE
2139	#948AC5	#F9F9F9
2140	#D3CDE7	#FDFDFD
2141	#F7ECEB	#FFFFFF
2142	#FBFAFD	#FFFFFF
2143	#B6AED7	#FBFBFB
2144	#D4CEE8	#FDFDFD
2145	#EEECF6	#FFFFFF
2146	#CCC5E3	#FDFDFD
2147	#D5CFE8	#FEFEFE
2148	#EFEDF6	#FEFEFE
2149	#CCC5E3	#FDFDFD
2150	#B7AFD8	#FDFDFD
2151	#E6E2F1	#FEFEFE
2152	#EEECF6	#FFFFFF
2153	#C1B9DD	#FBFBFB
2154	#F6F5FA	#FFFFFF
2155	#ECD5D2	#FEFEFE
2156	#FAF9FC	#FFFFFF
2157	#9B91C8	#FAFAFA
2158	#EEECF6	#FFFFFF
2159	#DCD8EC	#FEFEFE
2160	#FAF9FC	#FFFFFF
2161	#F4E6E4	#FEFEFE
2162	#F7ECEB	#FFFFFF
2163	#CBC5E3	#FDFDFD
2164	#EFEDF6	#FEFEFE
2165	#D5CFE8	#FEFEFE
2166	#FEFDFD	#FFFFFF
2167	#DDD9ED	#FDFDFD
2168	#DEDAED	#FEFEFE
2169	#B2A9D5	#FAFAFA
2170	#CBC5E3	#FDFDFD
2171	#A79DCF	#FBFBFB
2172	#DED9ED	#FDFDFD
2173	#D8D3EA	#FDFDFD
2174	#E6E3F2	#FEFEFE
2175	#D2CCE7	#FCFCFC
2176	#DCD7EC	#FEFEFE
2177	#DDD8EC	#FEFEFE
2178	#E6E2F1	#FEFEFE
2179	#EFEDF6	#FEFEFE
2180	#F9F8FC	#FFFFFF
2181	#DDD8ED	#FEFEFE
2182	#E8E5F3	#FEFEFE
2183	#D7D1E9	#FDFDFD
2184	#F6F5FA	#FFFFFF
2185	#FBFAFD	#FFFFFF
2186	#FBF7F6	#FFFFFF
2187	#E5E1F1	#FEFEFE
2188	#EAE7F3	#FEFEFE
2189	#D4CEE7	#FDFDFD
2190	#E9E6F3	#FEFEFE
2191	#FEFDFD	#FFFFFF
2192	#EFECF6	#FFFFFF
2193	#DDD9ED	#FEFEFE
2194	#E5E1F1	#FEFEFE
2195	#EFECF6	#FEFEFE
2196	#C2BADE	#FAFAFA
2197	#EFECF6	#FEFEFE
2198	#E9E5F3	#FEFEFE
2199	#C3BBDE	#FDFDFD
2200	#E1BEB9	#FEFEFE
2201	#E6C8C4	#FDFDFD
2202	#EDEBF5	#FEFEFE
2203	#EEECF6	#FFFFFF
2204	#FBF6F5	#FFFFFF
2205	#F9F8FC	#FFFFFF
2206	#ECD5D2	#FEFEFE
2207	#DCD8EC	#FEFEFE
2208	#D4CFE8	#FEFEFE
2209	#C3BBDE	#FDFDFD
2210	#EED9D6	#FEFEFE
2211	#E4E0F0	#FEFEFE
2212	#DBD7EC	#FEFEFE
2213	#C5BDDF	#FCFCFC
2214	#F9F1F0	#FFFFFF
2215	#F8EFED	#FFFFFF
2216	#F6F5FA	#FFFFFF
2217	#DCD7EC	#FEFEFE
2218	#CFC9E5	#FBFBFB
2219	#C1B9DD	#FBFBFB
2220	#F7F6FB	#FFFFFF
2221	#D1CBE6	#FCFCFC
2222	#E5E2F1	#FEFEFE
2223	#A096CB	#FBFBFB
2224	#DDD8EC	#FDFDFD
2225	#EDEAF5	#FEFEFE
2226	#DDD8ED	#FEFEFE
2227	#EDEAF5	#FEFEFE
2228	#D4CEE7	#FDFDFD
2229	#ECD5D2	#FEFEFE
2230	#DDD8ED	#FEFEFE
2231	#FBF6F5	#FFFFFF
2232	#9B91C8	#FAFAFA
2233	#B7AFD8	#FDFDFD
2234	#F9F8FC	#FFFFFF
2235	#FEFDFD	#FFFFFF
2236	#B7AFD8	#FDFDFD
2237	#F2F0F8	#FFFFFF
2238	#E3E0F0	#FEFEFE
2239	#EEECF6	#FFFFFF
2240	#EDEBF5	#FEFEFE
2241	#F6F4FA	#FFFFFF
2242	#D3CDE7	#FDFDFD
2243	#C3BBDE	#FDFDFD
2244	#EEECF6	#FFFFFF
2245	#AFA5D3	#FCFCFC
2246	#DDD8EC	#FEFEFE
2247	#CBC4E3	#FCFCFC
2248	#FBFAFD	#FFFFFF
2249	#D9AFAA	#FDFDFD
2250	#F7EDEC	#FEFEFE
2251	#CCC5E3	#FDFDFD
2252	#EEECF6	#FFFFFF
2253	#A197CC	#FBFBFB
2254	#FBFAFD	#FFFFFF
2255	#EEECF6	#FFFFFF
2256	#9085C3	#F9F9F9
2257	#FBFAFD	#FFFFFF
2258	#E9E5F3	#FEFEFE
2259	#EBD4D0	#FEFEFE
2260	#D7D2E9	#FDFDFD
2261	#EFECF6	#FEFEFE
2262	#A096CC	#FBFBFB
2263	#B7AFD8	#FDFDFD
2264	#EEECF6	#FFFFFF
2265	#FBF7F6	#FFFFFF
2266	#F8EEED	#FFFFFF
2267	#FBFAFD	#FFFFFF
2268	#C7C0E0	#FBFBFB
2269	#B2A9D5	#FAFAFA
2270	#9085C2	#F9F9F9
2271	#BEB6DB	#FCFCFC
2272	#D4CEE7	#FDFDFD
2273	#E8E5F3	#FEFEFE
2274	#FBF6F5	#FFFFFF
2275	#F6F5FA	#FFFFFF
2276	#C6BFE0	#FCFCFC
2277	#D7D2EA	#FDFDFD
2278	#FBF6F5	#FFFFFF
2279	#D5CFE8	#FEFEFE
2280	#F9F1F0	#FFFFFF
2281	#DFDAED	#FDFDFD
2282	#F6F5FA	#FFFFFF
2283	#A89ECF	#F9F9F9
2284	#DDD9ED	#FDFDFD
2285	#D4A59F	#FCFCFC
2286	#FBF7F6	#FFFFFF
2287	#F1DFDD	#FEFEFE
2288	#CBC5E3	#FDFDFD
2289	#FAF4F3	#FFFFFF
2290	#F1DFDD	#FEFEFE
2291	#DCD7EC	#FEFEFE
2292	#E5E1F1	#FEFEFE
2293	#E1BEB9	#FEFEFE
2294	#FAFAFC	#FFFFFF
2295	#F7EDEB	#FFFFFF
2296	#DED9ED	#FDFDFD
2297	#CBC5E3	#FDFDFD
2298	#A096CB	#FBFBFB
2299	#E6E2F1	#FEFEFE
2300	#FFFEFE	#FFFFFF
2301	#C3BCDE	#FBFBFB
2302	#E8E5F3	#FEFEFE
2303	#EEECF6	#FFFFFF
2304	#DEDAED	#FEFEFE
2305	#F4E5E3	#FEFEFE
2306	#DDD8ED	#FEFEFE
2307	#EFECF6	#FEFEFE
2308	#CF9D97	#FCFCFC
2309	#F1DFDC	#FEFEFE
2310	#EEECF6	#FEFEFE
2311	#FEFCFC	#FFFFFF
2312	#ECD5D2	#FEFEFE
2313	#F1DFDD	#FEFEFE
2314	#C4BDDF	#FCFCFC
2315	#E5E1F1	#FEFEFE
2316	#EBD4D0	#FEFEFE
2317	#E9E6F3	#FEFEFE
2318	#FBF6F5	#FFFFFF
2319	#CBC5E3	#FDFDFD
2320	#EFEDF6	#FEFEFE
2321	#DBD7EC	#FEFEFE
2322	#ECEAF5	#FEFEFE
2323	#A399CD	#F8F8F8
2324	#DEDAED	#FEFEFE
2325	#EEECF6	#FFFFFF
2326	#E8E5F3	#FEFEFE
2327	#C4BCDF	#FCFCFC
2328	#D3CDE7	#FDFDFD
2329	#E3DFF0	#FEFEFE
2330	#CCC5E3	#FDFDFD
2331	#EFECF6	#FEFEFE
2332	#D3CEE7	#FDFDFD
2333	#FBFBFD	#FFFFFF
2334	#FBF5F5	#FFFFFF
2335	#FBF6F6	#FFFFFF
2336	#F9F2F1	#FFFFFF
2337	#BEB6DB	#FCFCFC
2338	#F7EDEB	#FFFFFF
2339	#DEDAED	#FEFEFE
2340	#E5E2F1	#FEFEFE
2341	#E3C3BF	#FDFDFD
2342	#E5E1F1	#FEFEFE
2343	#FBF7F6	#FFFFFF
2344	#F9F1F0	#FFFFFF
2345	#F3F1F9	#FEFEFE
2346	#FFFEFE	#FFFFFF
2347	#DDD8ED	#FEFEFE
2348	#FEFDFC	#FFFFFF
2349	#E6E3F2	#FEFEFE
2350	#D4CEE8	#FDFDFD
2351	#F3F1F8	#FFFFFF
2352	#E8E5F2	#FEFEFE
2353	#D3CEE7	#FDFDFD
2354	#FBF7F6	#FFFFFF
2355	#FFFFFF	#FFFFFF
2356	#E8E5F3	#FEFEFE
2357	#E8E5F3	#FEFEFE
2358	#E6C8C5	#FDFDFD
2359	#F7ECEB	#FFFFFF
2360	#FAFAFD	#FFFFFF
2361	#F2F0F8	#FFFFFF
2362	#EFECF6	#FFFFFF
2363	#FEFCFC	#FFFFFF
2364	#F1E0DE	#FEFEFE
2365	#FEFDFD	#FFFFFF
2366	#EEECF6	#FFFFFF
2367	#FAF9FC	#FFFFFF
2368	#CCC5E3	#FDFDFD
2369	#FAFAFD	#FFFFFF
2370	#C9C3E2	#FBFBFB
2371	#CDC7E4	#FCFCFC
2372	#B7AFD8	#FDFDFD
2373	#F1EFF8	#FFFFFF
2374	#D4CEE7	#FDFDFD
2375	#F9F2F1	#FFFFFF
2376	#ECE9F5	#FEFEFE
2377	#DDD8EC	#FEFEFE
2378	#CDC7E4	#FCFCFC
2379	#E6E3F2	#FEFEFE
2380	#AFA6D3	#FCFCFC
2381	#FBF6F5	#FFFFFF
2382	#E3E0F0	#FEFEFE
2383	#D7D2E9	#FDFDFD
2384	#9A90C8	#FAFAFA
2385	#DBD7EC	#FEFEFE
2386	#F7EDEB	#FFFFFF
2387	#E5E1F1	#FEFEFE
2388	#FAF9FC	#FFFFFF
2389	#CEC8E4	#FDFDFD
2390	#EFEDF6	#FEFEFE
2391	#EFEDF6	#FEFEFE
2392	#DED9ED	#FDFDFD
2393	#E5E1F1	#FEFEFE
2394	#D5CFE8	#FEFEFE
2395	#AFA6D3	#FCFCFC
2396	#B7AFD8	#FDFDFD
2397	#D5CFE8	#FEFEFE
2398	#C3BBDE	#FDFDFD
2399	#FAF9FC	#FFFFFF
2400	#E8E5F3	#FEFEFE
2401	#D4CEE7	#FDFDFD
2402	#F7F6FB	#FFFFFF
2403	#FAFAFC	#FFFFFF
2404	#EEECF6	#FFFFFF
2405	#F9F8FC	#FFFFFF
2406	#E9E5F3	#FEFEFE
2407	#BCB3DA	#FAFAFA
2408	#F9F8FC	#FFFFFF
2409	#E6E2F1	#FEFEFE
2410	#F9F9FC	#FFFFFF
2411	#D7D2E9	#FDFDFD
2412	#DEDAED	#FEFEFE
2413	#D3CEE7	#FDFDFD
2414	#E1BEB9	#FEFEFE
2415	#E5E1F1	#FEFEFE
2416	#EFECF6	#FEFEFE
2417	#D5CFE8	#FDFDFD
2418	#FEFDFD	#FFFFFF
2419	#DCD8EC	#FDFDFD
2420	#DDD8EC	#FEFEFE
2421	#D4CFE8	#FCFCFC
2422	#DCD7EC	#FEFEFE
2423	#F5F4FA	#FFFFFF
2424	#EFEDF6	#FEFEFE
2425	#DDD9ED	#FEFEFE
2426	#F6F5FA	#FFFFFF
2427	#DDD8ED	#FDFDFD
2428	#C1B9DD	#FBFBFB
2429	#CDC6E4	#FCFCFC
2430	#C1BADD	#FBFBFB
2431	#FAF9FC	#FFFFFF
2432	#C4BDDF	#FCFCFC
2433	#E9E5F3	#FEFEFE
2434	#FAFAFD	#FFFFFF
2435	#FBFAFD	#FFFFFF
2436	#E9CECA	#FEFEFE
2438	#D4CEE8	#FDFDFD
2439	#C3BBDE	#FDFDFD
2440	#CCC5E3	#FDFDFD
2441	#FEFCFB	#FFFFFF
2442	#B8AFD8	#FBFBFB
2443	#CBC4E3	#FCFCFC
2444	#DCD7EC	#FEFEFE
2445	#FBF6F5	#FFFFFF
2446	#EEEBF6	#FFFFFF
2447	#FBF6F5	#FFFFFF
2448	#AFA6D3	#FCFCFC
2449	#EEECF6	#FEFEFE
2450	#FAF9FC	#FFFFFF
2451	#FAFAFD	#FFFFFF
2452	#D3CEE7	#FDFDFD
2453	#CCC5E3	#FDFDFD
2454	#D4CEE7	#FDFDFD
2455	#E9E5F3	#FEFEFE
2456	#F6F5FA	#FFFFFF
2457	#FAFAFD	#FFFFFF
2458	#D5CFE8	#FEFEFE
2459	#EDEAF5	#FEFEFE
2460	#FBF7F6	#FFFFFF
2461	#EEECF6	#FFFFFF
2462	#A197CC	#FBFBFB
2463	#CCC5E3	#FDFDFD
2464	#DDD8EC	#FEFEFE
2465	#FBFAFD	#FFFFFF
2466	#AFA5D3	#FCFCFC
2467	#E4E0F0	#FEFEFE
2468	#EFECF6	#FEFEFE
2469	#E4E1F1	#FEFEFE
2470	#FBFAFD	#FFFFFF
2471	#D0CAE6	#FCFCFC
2472	#CFC9E5	#FBFBFB
2473	#FBFAFD	#FFFFFF
2474	#C4BDDF	#FCFCFC
2475	#F9F8FC	#FFFFFF
2476	#B6AED7	#FBFBFB
2477	#DDD8EC	#FDFDFD
2478	#C6BFE0	#FBFBFB
2479	#ECE9F5	#FEFEFE
2480	#DDD8EC	#FEFEFE
2481	#E7E4F2	#FEFEFE
2483	#FEFEFD	#FFFFFF
2484	#A197CC	#FBFBFB
2485	#CEC7E4	#FDFDFD
2486	#F4E5E3	#FEFEFE
2487	#FAFAFC	#FFFFFF
2488	#E2DEEF	#FDFDFD
2489	#DCD7EC	#FEFEFE
2490	#DDD9ED	#FEFEFE
2491	#E9E5F3	#FEFEFE
2492	#CDC6E4	#FCFCFC
2493	#E6E3F2	#FEFEFE
2494	#DDD8EC	#FEFEFE
2495	#F9F8FC	#FFFFFF
2496	#FBFAFD	#FFFFFF
2497	#F8EEED	#FFFFFF
2498	#C9928B	#FBFBFB
2499	#B0A7D4	#F8F8F8
2500	#B7AFD8	#FDFDFD
2501	#D3A59F	#FCFCFC
2502	#DDD8ED	#FEFEFE
2503	#FAFAFD	#FFFFFF
2504	#F8EEED	#FFFFFF
2505	#FBF6F5	#FFFFFF
2506	#FBFAFD	#FFFFFF
2507	#EBE8F4	#FEFEFE
2508	#F6F4FA	#FFFFFF
2509	#E6E3F2	#FEFEFE
2510	#DDD8EC	#FEFEFE
2511	#FEFDFD	#FFFFFF
2512	#DDD8EC	#FEFEFE
2513	#E9E5F3	#FEFEFE
2514	#D4A59F	#FCFCFC
2515	#CCC5E3	#FDFDFD
2516	#FAF9FC	#FFFFFF
2517	#D8D3EA	#FDFDFD
2518	#CCC5E3	#FDFDFD
2519	#DDD8EC	#FEFEFE
2520	#FFFEFE	#FFFFFF
2521	#EEECF6	#FFFFFF
2522	#B7AED8	#FDFDFD
2523	#D7D2E9	#FDFDFD
2524	#A197CC	#FBFBFB
2525	#E3DFF0	#FEFEFE
2526	#E6E2F1	#FEFEFE
2527	#E4E1F1	#FEFEFE
2528	#E4E1F0	#FEFEFE
2529	#A79DCF	#FBFBFB
2530	#CCC5E3	#FBFBFB
2531	#FBF6F5	#FFFFFF
2532	#CAC4E2	#FCFCFC
2533	#EBD4D0	#FEFEFE
2534	#D4CEE7	#FDFDFD
2535	#F7EEEC	#FFFFFF
2536	#EEECF6	#FFFFFF
2537	#EFECF6	#FEFEFE
2538	#C3BBDE	#FDFDFD
2539	#D4CEE8	#FBFBFB
2540	#F1DFDD	#FEFEFE
2541	#FAFAFD	#FFFFFF
2542	#DDD8EC	#FEFEFE
2543	#D7D1E9	#FDFDFD
2544	#EEECF6	#FFFFFF
2545	#EEECF6	#FFFFFF
2546	#D7D2EA	#FDFDFD
2547	#EDEAF5	#FEFEFE
2548	#F3E5E3	#FEFEFE
2549	#FAFAFC	#FFFFFF
2550	#F9F8FC	#FFFFFF
2551	#DDD8EC	#FEFEFE
2552	#AFA5D3	#FCFCFC
2553	#E6E3F2	#FEFEFE
2554	#FCF7F6	#FFFFFF
2555	#9B91C8	#FAFAFA
2556	#9B90C8	#FAFAFA
2557	#DCD7EC	#FEFEFE
2558	#F1E0DD	#FEFEFE
2559	#E6C8C4	#FDFDFD
2560	#FEFDFD	#FFFFFF
2561	#9A90C8	#FAFAFA
2562	#CCC5E3	#FDFDFD
2563	#E5E2F1	#FEFEFE
2564	#C3BBDE	#FDFDFD
2565	#EEECF6	#FEFEFE
2566	#FAFAFD	#FFFFFF
2567	#C6BFE0	#FCFCFC
2568	#D9B0AB	#FDFDFD
2569	#EDEBF5	#FEFEFE
2570	#DDD8ED	#FEFEFE
2571	#F6F5FA	#FFFFFF
2572	#ECD5D2	#FEFEFE
2573	#DED9ED	#FEFEFE
2574	#F1E0DE	#FEFEFE
2575	#DCD7EC	#FEFEFE
2576	#E6E2F1	#FEFEFE
2577	#EEECF6	#FEFEFE
2578	#F0EEF7	#FEFEFE
2579	#D4CEE8	#FDFDFD
2580	#DBD7EC	#FEFEFE
2581	#C4BCDF	#FCFCFC
2582	#D3CDE7	#FDFDFD
2583	#FBF6F5	#FFFFFF
2584	#ECD5D3	#FEFEFE
2585	#F9F8FC	#FFFFFF
2586	#F8EEED	#FFFFFF
2587	#EEECF6	#FFFFFF
2588	#EEEBF6	#FFFFFF
2589	#EDEAF5	#FEFEFE
2590	#FBF6F6	#FFFFFF
2591	#D4CEE8	#FEFEFE
2592	#E4C4C0	#FDFDFD
2593	#EBE8F4	#FEFEFE
2594	#DCD7EC	#FEFEFE
2595	#C7C0E1	#FCFCFC
2596	#DCD8EC	#FEFEFE
2597	#FAF9FC	#FFFFFF
2598	#E5E2F1	#FEFEFE
2599	#E8E5F3	#FEFEFE
2600	#CFC9E5	#FBFBFB
2601	#B7AFD8	#FDFDFD
2602	#DDD8EC	#FEFEFE
2603	#F9F8FC	#FFFFFF
2604	#B7AFD8	#FDFDFD
2605	#C3BBDE	#FDFDFD
2606	#E5E1F1	#FEFEFE
2607	#F1DFDD	#FEFEFE
2608	#FBFAFD	#FFFFFF
2609	#D4CEE7	#FDFDFD
2610	#D3CEE7	#FDFDFD
2611	#C6BFE0	#FCFCFC
2612	#AFA5D3	#FCFCFC
2613	#ECEAF5	#FEFEFE
2614	#F8EEED	#FFFFFF
2615	#CCC5E3	#FDFDFD
2616	#EFEDF6	#FEFEFE
2617	#DEDAED	#FEFEFE
2618	#F7ECEB	#FFFFFF
2619	#A79ECF	#FBFBFB
2620	#C3BBDE	#FDFDFD
2621	#F7ECEA	#FFFFFF
2622	#F1E0DD	#FEFEFE
2623	#E6E2F1	#FEFEFE
2624	#A79DCF	#FBFBFB
2625	#D4CFE8	#FDFDFD
2626	#CCC6E4	#FCFCFC
2627	#C6BFE0	#FCFCFC
2628	#D3CEE7	#FDFDFD
2629	#EDEBF5	#FEFEFE
2630	#CBC4E3	#FCFCFC
2631	#DBD6EC	#FEFEFE
2632	#EEEBF6	#FEFEFE
2633	#AEA5D3	#FCFCFC
2634	#D4CFE8	#FCFCFC
2635	#AEA5D3	#FCFCFC
2636	#DDD8ED	#FEFEFE
2637	#FBFAFD	#FFFFFF
2638	#C3BBDE	#FDFDFD
2639	#B7AFD8	#FDFDFD
2640	#E4E1F1	#FEFEFE
2641	#E4C4C0	#FDFDFD
2642	#B7AED8	#FDFDFD
2643	#EFEDF6	#FEFEFE
2644	#F9F8FC	#FFFFFF
2645	#D3CEE7	#FDFDFD
2646	#D3A59F	#FCFCFC
2647	#DDD8EC	#FEFEFE
2648	#DEDAED	#FEFEFE
2649	#FEFDFD	#FFFFFF
2650	#D3CEE7	#FDFDFD
2651	#EDEBF6	#FEFEFE
2652	#F1DFDD	#FEFEFE
2653	#FCFBFD	#FFFFFF
2654	#F8EEED	#FFFFFF
2655	#FAF9FC	#FFFFFF
2656	#FAF9FC	#FFFFFF
2657	#FCFBFD	#FFFFFF
2658	#A79ECF	#FBFBFB
2659	#EEEBF6	#FFFFFF
2660	#E1BEB9	#FEFEFE
2661	#FBF6F5	#FFFFFF
2662	#EDEBF5	#FEFEFE
2663	#D3CEE7	#FDFDFD
2664	#FAF9FC	#FFFFFF
2665	#EEEBF6	#FEFEFE
2666	#CCC5E3	#FDFDFD
2667	#EFECF6	#FEFEFE
2668	#E9CECB	#FEFEFE
2669	#FCF7F7	#FFFFFF
2670	#E5E1F1	#FEFEFE
2671	#FCFBFD	#FFFFFF
2672	#D5CFE8	#FEFEFE
2673	#EEECF6	#FEFEFE
2674	#CCC5E3	#FDFDFD
2675	#DCD7EC	#FEFEFE
2676	#C5BDDF	#FCFCFC
2677	#F2E1DE	#FEFEFE
2678	#EEECF6	#FFFFFF
2679	#DBD7EC	#FEFEFE
2680	#F6F5FA	#FFFFFF
2681	#BDB5DB	#FAFAFA
2682	#C6BFE0	#FCFCFC
2683	#EDEAF5	#FEFEFE
2684	#B7AFD8	#FDFDFD
2685	#C7C0E1	#FCFCFC
2686	#D4CFE8	#FEFEFE
2687	#DDD8EC	#FEFEFE
2688	#C5BDDF	#FCFCFC
2689	#D3CDE7	#FDFDFD
2690	#D0CAE6	#FCFCFC
2691	#E8E5F3	#FEFEFE
2692	#EFECF6	#FFFFFF
2693	#D3CEE7	#FDFDFD
2694	#F7EDEB	#FFFFFF
2695	#E6E3F2	#FEFEFE
2696	#E5E2F1	#FEFEFE
2697	#FBF6F6	#FFFFFF
2698	#CEC7E4	#FDFDFD
2699	#EBD3D0	#FEFEFE
2700	#FBFAFD	#FFFFFF
2701	#DCD7EC	#FEFEFE
2702	#D3CEE7	#FDFDFD
2703	#F1DFDD	#FEFEFE
2704	#C4BCDF	#FCFCFC
2705	#FAF9FC	#FFFFFF
2706	#DDD8ED	#FEFEFE
2707	#DDD8EC	#FEFEFE
2708	#D5CFE8	#FDFDFD
2709	#EFEDF6	#FFFFFF
2710	#F7ECEB	#FFFFFF
2711	#E5E1F1	#FEFEFE
2712	#E1DDEF	#FDFDFD
2713	#C3BBDE	#FDFDFD
2714	#C4BDDF	#FCFCFC
2715	#E9E5F3	#FEFEFE
2716	#D4CEE8	#FEFEFE
2717	#B7AFD8	#FDFDFD
2718	#DCD7EC	#FEFEFE
2719	#FBF5F5	#FFFFFF
2720	#FBF5F4	#FFFFFF
2721	#D4CFE8	#FDFDFD
2722	#C7C0E1	#FCFCFC
2723	#B7AED8	#FAFAFA
2724	#EEECF6	#FFFFFF
2725	#B1A8D5	#FAFAFA
2726	#F6F5FA	#FFFFFF
2727	#E6E2F1	#FEFEFE
2728	#DDD9ED	#FEFEFE
2729	#CCC6E3	#FCFCFC
2730	#D4CEE7	#FCFCFC
2731	#C1BADD	#FBFBFB
2732	#F5F4FA	#FFFFFF
2733	#B4ABD6	#F9F9F9
2734	#AFA5D3	#FCFCFC
2735	#E8E5F3	#FEFEFE
2736	#FEFEFE	#FFFFFF
2737	#D3CDE7	#FDFDFD
2738	#E3E0F0	#FEFEFE
2739	#ECD6D3	#FEFEFE
2740	#C3BBDE	#FDFDFD
2741	#C9C2E2	#FBFBFB
2742	#C4BCDF	#FCFCFC
2743	#DED9ED	#FDFDFD
2745	#FBFAFD	#FFFFFF
2746	#B7AFD8	#FDFDFD
2747	#F6F5FA	#FFFFFF
2748	#E6E2F1	#FEFEFE
2749	#F6F4FA	#FFFFFF
2750	#9A90C8	#FAFAFA
2751	#AEA5D3	#FCFCFC
2752	#E1DDEF	#FDFDFD
2753	#EFECF6	#FFFFFF
2754	#E8E5F3	#FEFEFE
2755	#E4C5C0	#FDFDFD
2756	#E9CECA	#FEFEFE
2757	#F4E5E4	#FEFEFE
2758	#EBD4D0	#FEFEFE
2759	#E5E1F1	#FEFEFE
2760	#E8E5F3	#FEFEFE
2761	#FAF9FC	#FFFFFF
2762	#FBF6F5	#FFFFFF
2763	#C8C2E1	#FAFAFA
2764	#9B91C9	#FAFAFA
2765	#DCD8EC	#FEFEFE
2766	#E7E3F2	#FEFEFE
2767	#E6E2F1	#FEFEFE
2768	#B7AFD8	#FDFDFD
2769	#C3BBDE	#FDFDFD
2770	#DED9ED	#FEFEFE
2771	#F8EEED	#FFFFFF
2772	#EFEDF6	#FFFFFF
2773	#9085C2	#F9F9F9
2774	#FEFDFD	#FFFFFF
2775	#DBD7EC	#FEFEFE
2776	#F8EEED	#FFFFFF
2777	#C6BFE0	#FBFBFB
2778	#FBF6F5	#FFFFFF
2779	#DCD7EC	#FEFEFE
2780	#E5E2F1	#FEFEFE
2781	#7F74B9	#F5F5F5
2782	#C4BCDF	#FCFCFC
2783	#DEDAED	#FEFEFE
2784	#D1CAE6	#FCFCFC
2785	#E6E3F2	#FEFEFE
2786	#C3BBDE	#FDFDFD
2787	#CCC5E3	#FCFCFC
2788	#F7EEEC	#FFFFFF
2789	#DCD7EC	#FEFEFE
2790	#E0BEB9	#FEFEFE
2791	#CDC7E4	#FCFCFC
2792	#B7AFD8	#FDFDFD
2793	#EAE7F4	#FEFEFE
2794	#EAE7F4	#FEFEFE
2795	#F1E0DD	#FEFEFE
2796	#CBC4E3	#FDFDFD
2797	#F9F1F0	#FFFFFF
2798	#EAE7F4	#FEFEFE
2799	#FBFAFD	#FFFFFF
2800	#FBFAFD	#FFFFFF
2801	#DED9ED	#FEFEFE
2802	#D3CEE7	#FDFDFD
2803	#EEEBF6	#FFFFFF
2804	#E4E1F1	#FEFEFE
2805	#E4E0F0	#FEFEFE
2806	#CF9D97	#FCFCFC
2807	#D4CFE8	#FEFEFE
2808	#DDD9ED	#FEFEFE
2809	#D5CFE8	#FEFEFE
2810	#E5E2F1	#FEFEFE
2811	#D4CEE7	#FDFDFD
2812	#DDD8ED	#FEFEFE
2813	#F2F0F8	#FFFFFF
2814	#D5CFE8	#FEFEFE
2815	#EFECF6	#FFFFFF
2816	#958AC5	#F9F9F9
2817	#F9F1F0	#FFFFFF
2818	#D5CFE8	#FEFEFE
2819	#DDD9ED	#FEFEFE
2820	#DCD7EC	#FEFEFE
2821	#FAF9FC	#FFFFFF
2822	#E4E1F1	#FEFEFE
2823	#D7D2E9	#FDFDFD
2824	#C2BBDE	#F9F9F9
2825	#D7D2E9	#FDFDFD
2826	#E1BEB9	#FEFEFE
2827	#B7AED8	#FBFBFB
2828	#A197CC	#FBFBFB
2829	#F9F9FC	#FFFFFF
2830	#EFEDF6	#FEFEFE
2831	#FBF6F6	#FFFFFF
2832	#C1B9DD	#FBFBFB
2833	#EEECF6	#FFFFFF
2834	#D7D1E9	#FDFDFD
2835	#EBE8F4	#FEFEFE
2836	#DDD8ED	#FEFEFE
2837	#D4CFE8	#FDFDFD
2838	#FBF6F6	#FFFFFF
2839	#D5CFE8	#FEFEFE
2840	#DCD7EC	#FEFEFE
2841	#DDD8EC	#FEFEFE
2842	#D6D1E9	#FDFDFD
2843	#E4E1F1	#FEFEFE
2844	#DDD8EC	#FEFEFE
2845	#ECD5D3	#FEFEFE
2846	#DDD8EC	#FEFEFE
2847	#FAF9FC	#FFFFFF
2848	#F6F5FA	#FFFFFF
2849	#DDD8EC	#FEFEFE
2850	#F9F8FC	#FFFFFF
2851	#EEECF6	#FEFEFE
2852	#FBF6F5	#FFFFFF
2853	#C4BDDF	#FCFCFC
2854	#EDEAF5	#FEFEFE
2855	#DDD8ED	#FEFEFE
2856	#A096CB	#FBFBFB
2857	#D5CFE8	#FEFEFE
2859	#A89ECF	#FBFBFB
2860	#F1E0DD	#FEFEFE
2861	#CBC5E3	#FDFDFD
2862	#F1E0DE	#FEFEFE
2863	#C3BBDE	#FDFDFD
2864	#E1BEBA	#FEFEFE
2865	#E4E1F1	#FEFEFE
2866	#FBF6F6	#FFFFFF
2867	#E4E0F0	#FEFEFE
2868	#E4E1F1	#FEFEFE
2869	#FBF6F5	#FFFFFF
2870	#AFA5D3	#FCFCFC
2871	#BEB6DB	#FCFCFC
2872	#D8D2EA	#FDFDFD
2873	#C3BBDE	#FDFDFD
2874	#DEDAED	#FEFEFE
2875	#EFECF6	#FEFEFE
2876	#D4CEE7	#FDFDFD
2877	#C5BEE0	#FBFBFB
2878	#DBD6EC	#FEFEFE
2879	#F7EDEB	#FFFFFF
2880	#E8E5F3	#FEFEFE
2881	#AFA5D3	#FCFCFC
2882	#A79DCF	#FBFBFB
2883	#EEECF6	#FEFEFE
2884	#EAE7F4	#FEFEFE
2885	#B1A8D4	#FAFAFA
2886	#FAF9FC	#FFFFFF
2887	#FBF6F6	#FFFFFF
2888	#D3CDE7	#FDFDFD
2889	#EBE8F4	#FEFEFE
2890	#F9F8FC	#FFFFFF
2891	#A197CC	#FBFBFB
2892	#D3CEE7	#FDFDFD
2893	#FBF6F5	#FFFFFF
2894	#DDD8EC	#FEFEFE
2895	#F1EFF8	#FFFFFF
2896	#FBFAFD	#FFFFFF
2897	#DDD8ED	#FEFEFE
2898	#ECE9F5	#FEFEFE
2899	#C5BEE0	#FCFCFC
2900	#BEB6DB	#FCFCFC
2901	#F1DFDD	#FEFEFE
2902	#DCD7EC	#FEFEFE
2903	#F2F0F8	#FFFFFF
2904	#E4E0F0	#FEFEFE
2905	#C3BBDE	#FDFDFD
2906	#FBF6F6	#FFFFFF
2907	#DDD8ED	#FEFEFE
2908	#EEECF6	#FFFFFF
2909	#DDD8EC	#FEFEFE
2910	#CCC5E3	#FDFDFD
2911	#FBFAFD	#FFFFFF
2912	#F1E0DE	#FEFEFE
2913	#E1BEBA	#FEFEFE
2914	#FEFDFD	#FFFFFF
2915	#DCD7EC	#FEFEFE
2916	#FBFAFD	#FFFFFF
2917	#D4A5A0	#FCFCFC
2918	#F8EEED	#FFFFFF
2919	#FBF7F6	#FFFFFF
2920	#DED9ED	#FDFDFD
2921	#ECEAF5	#FEFEFE
2922	#D4CEE8	#FDFDFD
2923	#B8AFD8	#FDFDFD
2924	#E6E2F1	#FEFEFE
2925	#D4CEE7	#FDFDFD
2926	#EDEBF5	#FEFEFE
2927	#FEFEFD	#FFFFFF
2928	#FAF9FC	#FFFFFF
2929	#D3CDE7	#FDFDFD
2930	#E8E5F3	#FEFEFE
2931	#DDD8EC	#FEFEFE
2932	#DBD6EB	#FEFEFE
2933	#FAF9FC	#FFFFFF
2934	#D8D2EA	#FDFDFD
2935	#FBFBFD	#FFFFFF
2936	#EAE7F3	#FEFEFE
2937	#F6F5FA	#FFFFFF
2938	#F6F4FA	#FFFFFF
2939	#A096CB	#FBFBFB
2940	#BDB5DB	#FCFCFC
2941	#FAF9FC	#FFFFFF
2942	#FAF9FC	#FFFFFF
2943	#FBF6F6	#FFFFFF
2944	#DDD8ED	#FEFEFE
2945	#A197CC	#FBFBFB
2946	#FBFBFD	#FFFFFF
2947	#D5CFE8	#FEFEFE
2948	#D5CFE8	#FDFDFD
2949	#FBF7F6	#FFFFFF
2950	#CCC6E3	#FDFDFD
2951	#EDEAF5	#FEFEFE
2952	#FEFDFC	#FFFFFF
2953	#FEFDFD	#FFFFFF
2954	#F6F4FA	#FFFFFF
2955	#A79DCF	#FBFBFB
2956	#B7AFD8	#FDFDFD
2957	#AEA5D3	#FCFCFC
2958	#FAF9FC	#FFFFFF
2959	#C3BBDE	#FDFDFD
2960	#FBFAFD	#FFFFFF
2961	#E3DFF0	#FDFDFD
2962	#D5CFE8	#FEFEFE
2963	#DCD7EC	#FEFEFE
2964	#F4E5E3	#FEFEFE
2965	#EFEDF6	#FEFEFE
2966	#DDD8EC	#FEFEFE
2967	#D9D4EA	#FDFDFD
2968	#DBD6EB	#FEFEFE
2969	#EAE7F4	#FEFEFE
2970	#EDEAF5	#FEFEFE
2971	#FAF9FC	#FFFFFF
2972	#EFECF6	#FEFEFE
2973	#F2F0F8	#FEFEFE
2974	#F9F8FC	#FFFFFF
2975	#FBF6F6	#FFFFFF
2976	#CAC3E2	#FBFBFB
2977	#F4E6E4	#FEFEFE
2978	#EBD4D0	#FEFEFE
2979	#D6D1E9	#FDFDFD
2980	#C4BCDF	#FCFCFC
2981	#EFEDF6	#FEFEFE
2982	#BDB5DB	#FCFCFC
2983	#9B91C9	#FAFAFA
2984	#C3BBDE	#FDFDFD
2985	#B1A8D5	#FAFAFA
2986	#B7AFD8	#FDFDFD
2987	#ACA3D2	#FAFAFA
2988	#FAF9FC	#FFFFFF
2989	#EEECF6	#FEFEFE
2990	#CCC5E3	#FDFDFD
2991	#C7BFE0	#FCFCFC
2992	#B8AFD8	#FDFDFD
2993	#A197CC	#FBFBFB
2994	#FAF9FC	#FFFFFF
2995	#FFFFFF	#FFFFFF
2996	#B7AFD8	#FDFDFD
2997	#DED9ED	#FEFEFE
2998	#FBF6F6	#FFFFFF
2999	#C3BBDE	#FDFDFD
3000	#A197CC	#FBFBFB
3001	#E4E1F1	#FEFEFE
3002	#FBF7F6	#FFFFFF
3003	#D6D1E9	#FDFDFD
3004	#E8E5F3	#FEFEFE
3005	#C3BBDE	#FDFDFD
3006	#E8E5F3	#FEFEFE
3007	#DCD7EC	#FEFEFE
3009	#F8EEED	#FFFFFF
3010	#B8AFD8	#FDFDFD
3011	#F8EEED	#FFFFFF
3012	#D4CFE8	#FEFEFE
3013	#FBF6F5	#FFFFFF
3014	#F2E1DE	#FEFEFE
3015	#F6F5FA	#FFFFFF
3016	#C3BBDE	#FDFDFD
3017	#F8EEED	#FFFFFF
3018	#F3F1F8	#FFFFFF
3019	#FAF9FC	#FFFFFF
3020	#DED9ED	#FDFDFD
3021	#D4CEE8	#FDFDFD
3022	#A197CC	#FBFBFB
3023	#EFECF6	#FEFEFE
3024	#EAE7F4	#FEFEFE
3025	#E5E1F1	#FEFEFE
3026	#CBC5E3	#FDFDFD
3027	#FAF9FC	#FFFFFF
3028	#C4BCDF	#FCFCFC
3029	#D5CFE8	#FEFEFE
3030	#E8E5F3	#FEFEFE
3031	#C1B9DD	#FBFBFB
3032	#C6BFE0	#FCFCFC
3033	#F7EDEC	#FFFFFF
3034	#C4BDDF	#FCFCFC
3035	#B7AFD8	#FDFDFD
3036	#DED9ED	#FDFDFD
3037	#D4CEE7	#FDFDFD
3038	#CDC6E4	#FCFCFC
3039	#D6D1E9	#FDFDFD
3040	#E5E1F1	#FEFEFE
3041	#EBE8F4	#FEFEFE
3042	#948AC5	#F9F9F9
3043	#FAF9FC	#FFFFFF
3044	#E5E1F1	#FEFEFE
3045	#FBF6F6	#FFFFFF
3046	#B7AFD8	#FDFDFD
3047	#B7AED8	#FDFDFD
3048	#FBFBFD	#FFFFFF
3049	#F4E5E4	#FEFEFE
3050	#F4E5E3	#FEFEFE
3051	#EEECF6	#FFFFFF
3052	#D3A59F	#FCFCFC
3053	#FAF9FC	#FFFFFF
3054	#DDD8ED	#FEFEFE
3055	#AEA5D3	#FCFCFC
3056	#F8EEED	#FFFFFF
3057	#A197CC	#FBFBFB
3058	#E4E0F0	#FEFEFE
3059	#EEECF6	#FFFFFF
3060	#E4E1F1	#FEFEFE
3061	#DDD8EC	#FEFEFE
3062	#EDEAF5	#FEFEFE
3063	#E9E5F3	#FEFEFE
3064	#C3BBDE	#FDFDFD
3065	#EEECF6	#FFFFFF
3066	#EEECF6	#FFFFFF
3067	#F1E0DE	#FEFEFE
3068	#EBD3D0	#FEFEFE
3069	#DCD7EC	#FEFEFE
3070	#F9F8FC	#FFFFFF
3071	#D9B0AB	#FDFDFD
3072	#DFDAED	#FDFDFD
3073	#EFEDF6	#FEFEFE
3074	#F9F2F1	#FFFFFF
3075	#FAF9FC	#FFFFFF
3076	#D4CEE8	#FCFCFC
3077	#9085C2	#F9F9F9
3078	#C6BFE0	#FCFCFC
3079	#D6D1E9	#FDFDFD
3080	#F8EEED	#FFFFFF
3081	#C7BFE0	#FCFCFC
3082	#EBE8F4	#FEFEFE
3083	#F7ECEB	#FFFFFF
3084	#F9F2F1	#FFFFFF
3085	#BDB5DB	#FCFCFC
3086	#DDD8EC	#FEFEFE
3087	#D4CFE8	#FCFCFC
3088	#DBD7EC	#FEFEFE
3089	#D9D4EB	#FCFCFC
3090	#FBFBFD	#FFFFFF
3091	#D2CCE6	#FCFCFC
3092	#CCC5E3	#FDFDFD
3093	#EEEBF6	#FFFFFF
3094	#D9B0AA	#FDFDFD
3095	#DCD7EC	#FEFEFE
3096	#EBD3D0	#FEFEFE
3097	#E9E5F3	#FEFEFE
3098	#EEECF6	#FEFEFE
3101	#FBFAFD	#FFFFFF
3102	#CCC5E3	#FDFDFD
3103	#F6F4FA	#FFFFFF
3104	#A197CC	#FBFBFB
3105	#A79ECF	#FBFBFB
3106	#A79DCF	#FBFBFB
3107	#EFEDF7	#FEFEFE
3108	#DDD9ED	#FDFDFD
3109	#E4E1F1	#FEFEFE
3110	#FBF6F6	#FFFFFF
3111	#EED9D6	#FEFEFE
3112	#DCD7EC	#FEFEFE
3113	#C3BBDE	#FDFDFD
3114	#D3CEE7	#FDFDFD
3115	#E9E5F3	#FEFEFE
3116	#F9F8FC	#FFFFFF
3117	#EDEBF5	#FEFEFE
3118	#D5CFE8	#FEFEFE
3119	#F6F5FA	#FFFFFF
3120	#D4CEE7	#FDFDFD
3121	#EEECF6	#FFFFFF
3122	#EDEAF5	#FEFEFE
3123	#C6BFE0	#FBFBFB
3124	#CDC7E4	#FCFCFC
3125	#C5BDDF	#FCFCFC
3126	#FAF9FC	#FFFFFF
3127	#D4CEE8	#FDFDFD
3128	#CEC8E5	#FCFCFC
3129	#EDEAF5	#FEFEFE
3130	#D3CEE7	#FCFCFC
3131	#A79DCF	#FBFBFB
3132	#EDEBF5	#FEFEFE
3133	#D7D2E9	#FDFDFD
3134	#FCFCFE	#FFFFFF
3135	#FAFAFC	#FFFFFF
3136	#E6E3F1	#FEFEFE
3137	#EDEBF5	#FEFEFE
3138	#BDB5DB	#FAFAFA
3139	#DDD8EC	#FEFEFE
3140	#9A90C8	#FAFAFA
3141	#9A90C8	#FAFAFA
3142	#958AC5	#F9F9F9
3143	#FBFAFD	#FFFFFF
3144	#DED9ED	#FEFEFE
3145	#FBF6F6	#FFFFFF
3146	#B7AFD8	#FDFDFD
3147	#F9F8FC	#FFFFFF
3148	#CCC5E3	#FDFDFD
3149	#EEECF6	#FFFFFF
3150	#FAF9FC	#FFFFFF
3151	#EFEDF7	#FEFEFE
3152	#C4BDDF	#FCFCFC
3153	#E6E2F1	#FEFEFE
3154	#C3BBDE	#FDFDFD
3155	#EFECF6	#FEFEFE
3156	#D6D1E9	#FCFCFC
3157	#E4E0F0	#FEFEFE
3158	#DBD7EC	#FEFEFE
3159	#F1E0DD	#FEFEFE
3160	#F8EEED	#FFFFFF
3161	#F9F9FC	#FFFFFF
3162	#FAF9FC	#FFFFFF
3163	#DCD8EC	#FEFEFE
3164	#EEECF6	#FEFEFE
3165	#FBFAFD	#FFFFFF
3166	#EFEDF6	#FFFFFF
3167	#EEECF6	#FFFFFF
3168	#FAF9FC	#FFFFFF
3169	#F1E0DE	#FEFEFE
3170	#E4E1F1	#FEFEFE
3171	#F9F8FC	#FFFFFF
3172	#E5E1F1	#FEFEFE
3173	#A79ECF	#FBFBFB
3174	#FAF9FC	#FFFFFF
3175	#FBF6F6	#FFFFFF
3176	#FBF5F5	#FFFFFF
3177	#B7AED8	#FAFAFA
3178	#D4CEE7	#FDFDFD
3179	#C7C0E0	#FCFCFC
3180	#CEC7E4	#FDFDFD
3181	#CAC4E2	#FCFCFC
3182	#C5BDDF	#FCFCFC
3183	#FAFAFC	#FFFFFF
3184	#A399CD	#F8F8F8
3185	#B7AFD8	#FBFBFB
3187	#E4E1F1	#FEFEFE
3188	#E8E5F3	#FEFEFE
3189	#FCFCFE	#FFFFFF
3190	#A79ECF	#FBFBFB
3191	#D3CEE7	#FCFCFC
3192	#C5BDDF	#FCFCFC
3193	#CCC5E3	#FDFDFD
3194	#CDC7E4	#FDFDFD
3195	#CCC5E3	#FCFCFC
3196	#CEC8E4	#FDFDFD
3197	#B7AFD8	#FDFDFD
3198	#D4CEE8	#FEFEFE
3199	#B7AED8	#FBFBFB
3201	#E8E5F3	#FEFEFE
3203	#EBD3D0	#FEFEFE
3204	#DDD8EC	#FEFEFE
3205	#ECD6D3	#FEFEFE
3206	#FBF6F5	#FFFFFF
3207	#DCD7EC	#FEFEFE
3208	#D3A59F	#FCFCFC
3209	#FBF6F5	#FFFFFF
3210	#D4CEE7	#FDFDFD
3211	#F6F4FA	#FFFFFF
3212	#D4CFE8	#FEFEFE
3213	#C3BBDE	#FDFDFD
3214	#FBFBFD	#FFFFFF
3215	#C3BBDE	#FDFDFD
3216	#FAF9FC	#FFFFFF
3217	#C7C0E0	#FCFCFC
3218	#C5BDDF	#FCFCFC
3219	#F9F8FC	#FFFFFF
3220	#FAF9FC	#FFFFFF
3221	#EFECF6	#FFFFFF
3222	#FEFDFC	#FFFFFF
3223	#FBFBFD	#FFFFFF
3224	#FFFEFE	#FFFFFF
3225	#FAF4F3	#FFFFFF
3226	#FAFAFD	#FFFFFF
3227	#E9E6F3	#FEFEFE
3228	#E8E5F3	#FEFEFE
3229	#B4ABD6	#F7F7F7
3230	#E6E3F2	#FEFEFE
3231	#DEDAED	#FEFEFE
3232	#C1B9DD	#FBFBFB
3233	#F1EFF7	#FEFEFE
3234	#D4CFE8	#FCFCFC
3235	#E4E0F0	#FEFEFE
3236	#CAC4E2	#FCFCFC
3237	#D4CEE8	#FDFDFD
3238	#E4E1F1	#FEFEFE
3239	#FBFAFD	#FFFFFF
3240	#CDC6E4	#FCFCFC
3241	#D4CEE8	#FDFDFD
3242	#D4CEE7	#FDFDFD
3243	#DCD7EC	#FEFEFE
3244	#D5CFE8	#FDFDFD
3245	#DBD6EC	#FEFEFE
3246	#D8D3EA	#FDFDFD
3247	#E8E5F3	#FEFEFE
3248	#EBD4D0	#FEFEFE
3249	#F7EDEC	#FFFFFF
3250	#FBFAFD	#FFFFFF
3251	#F9F8FC	#FFFFFF
3252	#FDFBFB	#FFFFFF
3253	#A096CB	#FBFBFB
3255	#EFEDF6	#FEFEFE
3256	#A096CB	#FBFBFB
3257	#B7AFD8	#FDFDFD
3258	#DDD8ED	#FEFEFE
3259	#DCD7EC	#FEFEFE
3260	#F7F6FB	#FFFFFF
3261	#DCD7EC	#FEFEFE
3262	#AFA6D3	#FCFCFC
3263	#AFA6D3	#FCFCFC
3264	#ECD5D2	#FEFEFE
3265	#D5CFE8	#FEFEFE
3266	#DDD9ED	#FEFEFE
3267	#E6E3F2	#FEFEFE
3268	#AEA5D3	#FCFCFC
3269	#DCD8EC	#FEFEFE
3270	#DDD8EC	#FEFEFE
3271	#EFEDF6	#FFFFFF
3272	#DDD8ED	#FEFEFE
3273	#FBF6F5	#FFFFFF
3274	#FDFBFB	#FFFFFF
3275	#C7C0E1	#FCFCFC
3276	#F7ECEB	#FFFFFF
3277	#FBF6F6	#FFFFFF
3278	#FBFAFD	#FFFFFF
3279	#DFDAED	#FEFEFE
3280	#CEC7E4	#FCFCFC
3281	#FEFDFD	#FFFFFF
3282	#C9C2E2	#FAFAFA
3283	#DED9ED	#FEFEFE
3284	#A197CC	#FBFBFB
3285	#D7D2E9	#FDFDFD
3286	#EFEDF6	#FEFEFE
3287	#D5CFE8	#FDFDFD
3288	#FBF6F6	#FFFFFF
3289	#CEC7E4	#FDFDFD
3290	#D5CFE8	#FEFEFE
3291	#A096CB	#FBFBFB
3292	#C4BCDF	#FCFCFC
3293	#FBF6F6	#FFFFFF
3294	#FEFDFC	#FFFFFF
3295	#DDD8EC	#FDFDFD
3296	#BEB6DB	#FCFCFC
3297	#CCC5E3	#FDFDFD
3298	#EDEBF5	#FEFEFE
3299	#E8E5F3	#FEFEFE
3300	#C3BBDE	#FDFDFD
3301	#CAC4E2	#FCFCFC
3302	#FAFAFD	#FFFFFF
3303	#F9F9FC	#FFFFFF
3304	#D9AFAA	#FDFDFD
3306	#E9E5F3	#FEFEFE
3307	#E4E1F1	#FEFEFE
3308	#B7AFD8	#FDFDFD
3309	#E9E5F3	#FEFEFE
3310	#E4E1F1	#FEFEFE
3311	#E6E2F1	#FEFEFE
3312	#DED9ED	#FEFEFE
3313	#C3BBDE	#FDFDFD
3314	#C3BBDE	#FDFDFD
3315	#B7AFD8	#FDFDFD
3316	#9B91C8	#FAFAFA
3317	#AFA5D3	#FCFCFC
3318	#D4CEE8	#FEFEFE
3319	#F9F9FC	#FFFFFF
3320	#FBF6F5	#FFFFFF
3321	#FBFAFD	#FFFFFF
3322	#F9F8FC	#FFFFFF
3323	#E8CDCA	#FEFEFE
3324	#A89ECF	#FBFBFB
3325	#EFECF6	#FFFFFF
3326	#D4CEE8	#FDFDFD
3327	#D1CBE6	#FCFCFC
3328	#E4E1F0	#FEFEFE
3329	#DEDAED	#FEFEFE
3330	#CCC5E3	#FDFDFD
3331	#EEEBF6	#FEFEFE
3332	#CDC7E4	#FCFCFC
3333	#EEEBF6	#FEFEFE
3334	#BDB5DB	#FCFCFC
3335	#D3CDE7	#FDFDFD
3336	#FBFAFD	#FFFFFF
3337	#E6E2F1	#FEFEFE
3338	#C1B9DD	#FBFBFB
3339	#FAF9FC	#FFFFFF
3340	#D4CEE8	#FDFDFD
3341	#D3CDE7	#FDFDFD
3342	#C9C3E2	#FBFBFB
3343	#FBF7F6	#FFFFFF
3344	#DEDAED	#FEFEFE
3345	#D4CEE8	#FDFDFD
3346	#CBC5E3	#FDFDFD
3347	#AFA6D4	#F8F8F8
3348	#FBFAFD	#FFFFFF
3349	#DEDAED	#FEFEFE
3350	#C3BBDE	#FDFDFD
3351	#CDC7E4	#FCFCFC
3352	#EEECF6	#FFFFFF
3353	#B7AFD8	#FDFDFD
3354	#ECD6D3	#FEFEFE
3355	#D4CFE8	#FEFEFE
3356	#F8EEED	#FFFFFF
3357	#FAF9FC	#FFFFFF
3358	#F1E0DE	#FEFEFE
3359	#DCD7EC	#FEFEFE
3360	#8C81C0	#F8F8F8
3361	#D4A6A0	#FCFCFC
3362	#EDEAF5	#FEFEFE
3363	#E4E0F0	#FEFEFE
3364	#E5E1F1	#FEFEFE
3365	#FAF9FC	#FFFFFF
3366	#DDD8EC	#FEFEFE
3367	#E4E0F0	#FEFEFE
3368	#E1BEBA	#FEFEFE
3369	#D4CEE8	#FDFDFD
3370	#DED9ED	#FEFEFE
3371	#A89ECF	#FBFBFB
3372	#E5E1F1	#FEFEFE
3373	#E5E1F1	#FEFEFE
3374	#EEECF6	#FEFEFE
3375	#D4CFE8	#FDFDFD
3376	#F7ECEB	#FFFFFF
3377	#FBF6F5	#FFFFFF
3378	#C3BBDE	#FDFDFD
3379	#DDD8EC	#FEFEFE
3380	#F8EEED	#FFFFFF
3381	#EEEBF6	#FFFFFF
3382	#E5E1F1	#FEFEFE
3383	#DDD8EC	#FEFEFE
3384	#F8F7FB	#FFFFFF
3385	#CF9E97	#FCFCFC
3386	#C3BBDE	#FDFDFD
3387	#DCD7EC	#FEFEFE
3388	#E5E1F1	#FEFEFE
3389	#F9F2F1	#FFFFFF
3390	#FBFAFD	#FFFFFF
3391	#CDC6E4	#FCFCFC
3392	#D4CEE7	#FDFDFD
3393	#E5E1F1	#FDFDFD
3394	#F4E5E3	#FEFEFE
3395	#E4E1F1	#FEFEFE
3396	#E9E5F3	#FEFEFE
3397	#8A80C0	#F8F8F8
3398	#EAE7F3	#FEFEFE
3399	#C3BBDE	#FDFDFD
3400	#F9F8FC	#FFFFFF
3401	#F7F6FB	#FFFFFF
3402	#D8D2EA	#FDFDFD
3403	#FBF6F5	#FFFFFF
3404	#D9B0AA	#FDFDFD
3405	#C5BDDF	#FCFCFC
3406	#DEDAED	#FEFEFE
3407	#A197CC	#FBFBFB
3408	#EFECF6	#FEFEFE
3409	#FBF6F6	#FFFFFF
3410	#ADA4D2	#FAFAFA
3411	#F7F6FB	#FFFFFF
3412	#FAFAFD	#FFFFFF
3413	#FBF6F5	#FFFFFF
3414	#AFA6D3	#FCFCFC
3415	#F8EEED	#FFFFFF
3416	#F8EEED	#FFFFFF
3417	#ECD6D3	#FEFEFE
3418	#EFEDF7	#FFFFFF
3419	#F8EEED	#FFFFFF
3420	#FAF9FC	#FFFFFF
3421	#F4E5E4	#FEFEFE
3422	#EDEAF5	#FEFEFE
3423	#F7ECEB	#FFFFFF
3424	#FAF9FC	#FFFFFF
3425	#F1E0DD	#FEFEFE
3426	#EEECF6	#FEFEFE
3427	#E9E5F3	#FEFEFE
3428	#FDFBFB	#FFFFFF
3429	#FBFBFD	#FFFFFF
3430	#FBF6F5	#FFFFFF
3431	#A197CC	#FBFBFB
3432	#F9F8FC	#FFFFFF
3433	#E1BEB9	#FEFEFE
3434	#EEECF6	#FFFFFF
3435	#FEFDFD	#FFFFFF
3436	#CBC5E3	#FDFDFD
3437	#DED9ED	#FDFDFD
3438	#F8EEED	#FFFFFF
3439	#EED9D6	#FEFEFE
3440	#D7D1E9	#FDFDFD
3441	#E4E0F0	#FEFEFE
3442	#E4E1F1	#FEFEFE
3443	#E7E3F2	#FEFEFE
3444	#DFDAEE	#FEFEFE
3445	#CBC5E3	#FDFDFD
3446	#CCC5E3	#FDFDFD
3447	#F0DDDA	#FEFEFE
3448	#F2F0F8	#FFFFFF
3449	#D5CFE8	#FEFEFE
3450	#F4E6E4	#FEFEFE
3451	#F6F5FA	#FFFFFF
3452	#C7C0E1	#FCFCFC
3453	#EFEDF6	#FEFEFE
3454	#CCC5E3	#FDFDFD
3455	#EDEAF5	#FEFEFE
3456	#D4CEE7	#FDFDFD
3457	#DBD6EB	#FEFEFE
3458	#D8D3EA	#FDFDFD
3459	#FBFBFD	#FFFFFF
3460	#F3F1F8	#FFFFFF
3461	#DED9ED	#FDFDFD
3462	#F1DFDD	#FEFEFE
3463	#CF9D97	#FCFCFC
3464	#EDEAF5	#FEFEFE
3465	#F6F5FA	#FFFFFF
3466	#E1BEBA	#FEFEFE
3467	#F7EDEB	#FFFFFF
3468	#AFA6D3	#FCFCFC
3470	#D3CDE7	#FDFDFD
3471	#F1E0DE	#FEFEFE
3472	#D5CFE8	#FEFEFE
3473	#FCF8F7	#FFFFFF
3474	#F8EEED	#FFFFFF
3475	#C3BBDE	#FDFDFD
3476	#FEFCFC	#FFFFFF
3477	#F9F9FC	#FFFFFF
3478	#DDD8ED	#FEFEFE
3479	#F4E6E4	#FEFEFE
3480	#E6E3F2	#FEFEFE
3481	#D5CFE8	#FEFEFE
3482	#9B90C8	#FAFAFA
3483	#ECD4D1	#FEFEFE
3484	#EDEBF5	#FEFEFE
3485	#CAC3E2	#FBFBFB
3486	#D8D3EA	#FDFDFD
3487	#EEECF6	#FFFFFF
3488	#E5E1F1	#FEFEFE
3489	#B7AFD8	#FAFAFA
3490	#EEECF6	#FEFEFE
3491	#DDD8EC	#FEFEFE
3492	#D0C9E5	#FBFBFB
3493	#EEECF6	#FFFFFF
3494	#EAE7F4	#FEFEFE
3495	#E1BEBA	#FEFEFE
3496	#D8D3EA	#FDFDFD
3497	#C6BFE0	#FCFCFC
3498	#FAF9FC	#FFFFFF
3499	#AEA5D3	#FCFCFC
3500	#D4CFE8	#FEFEFE
3501	#A79ECF	#FBFBFB
3502	#F7EEEC	#FFFFFF
3503	#E8E5F3	#FEFEFE
3504	#C3BBDE	#FDFDFD
3506	#A79ECF	#FBFBFB
3507	#F8EEED	#FFFFFF
3508	#B7AFD8	#FDFDFD
3509	#CEC8E5	#FBFBFB
3511	#F9F1F0	#FFFFFF
3512	#BEB6DC	#FCFCFC
3513	#E8E5F3	#FEFEFE
3514	#FBF6F5	#FFFFFF
3515	#DEDAED	#FEFEFE
3516	#F4E6E4	#FEFEFE
3517	#D3A59F	#FCFCFC
3518	#EBD3D0	#FEFEFE
3519	#EBD4D0	#FEFEFE
3520	#FBF6F6	#FFFFFF
3521	#EBE8F4	#FEFEFE
3522	#D4CEE7	#FDFDFD
3523	#F1E0DD	#FEFEFE
3524	#CAC4E2	#FCFCFC
3525	#FBFAFD	#FFFFFF
3526	#CCC5E3	#FDFDFD
3527	#F4E5E4	#FEFEFE
3528	#AEA5D3	#FCFCFC
3529	#FEFDFD	#FFFFFF
3530	#C3BBDE	#FDFDFD
3531	#EEECF6	#FFFFFF
3532	#B1A8D4	#FAFAFA
3533	#C4BCDF	#FCFCFC
3534	#FBF7F6	#FFFFFF
3535	#E4E1F1	#FEFEFE
3536	#D8D3EA	#FDFDFD
3537	#C1BADE	#FBFBFB
3538	#ADA3D2	#FAFAFA
3539	#D3CDE7	#FDFDFD
3540	#DDD9ED	#FDFDFD
3541	#C4BDDF	#FCFCFC
3542	#FAF9FC	#FFFFFF
3543	#D3CDE7	#FCFCFC
3544	#DDD8EC	#FEFEFE
3545	#D8D2EA	#FDFDFD
3546	#ECD5D2	#FEFEFE
3547	#F1E0DE	#FEFEFE
3548	#DEDAED	#FEFEFE
3549	#C0B8DD	#FBFBFB
3550	#FBF6F5	#FFFFFF
3551	#C4BDDF	#FCFCFC
3552	#AFA5D3	#FCFCFC
3553	#D4CFE8	#FEFEFE
3554	#EBD4D0	#FEFEFE
3555	#B7AFD8	#FDFDFD
3556	#DDD8EC	#FEFEFE
3557	#FEFCFC	#FFFFFF
3558	#F8EEED	#FFFFFF
3559	#DCD7EC	#FEFEFE
3560	#F7EDEB	#FFFFFF
3561	#E8E5F3	#FEFEFE
3562	#F7F6FB	#FFFFFF
3563	#FAF9FC	#FFFFFF
3564	#D3CEE7	#FDFDFD
3565	#EEEBF6	#FFFFFF
3566	#EBD4D0	#FEFEFE
3567	#BEB6DB	#FCFCFC
3568	#FBF6F5	#FFFFFF
3569	#E4E0F0	#FEFEFE
3570	#EEEBF6	#FEFEFE
3571	#FBFBFD	#FFFFFF
3572	#CF9D97	#FCFCFC
3573	#F6F5FA	#FFFFFF
3574	#F1DFDD	#FEFEFE
3575	#E4E1F1	#FEFEFE
3576	#EDEBF5	#FEFEFE
3577	#F8EEED	#FFFFFF
3578	#D4CFE8	#FDFDFD
3579	#D4CFE8	#FDFDFD
3580	#CCC5E3	#FDFDFD
3581	#FBF7F6	#FFFFFF
3582	#DED9ED	#FEFEFE
3583	#E8E5F3	#FEFEFE
3584	#B7AED8	#FDFDFD
3585	#9A90C8	#FAFAFA
3586	#B7AED8	#FBFBFB
3587	#EEECF6	#FEFEFE
3588	#FEFDFD	#FFFFFF
3589	#CDC7E4	#FCFCFC
3590	#DDD9ED	#FEFEFE
3591	#EFECF6	#FFFFFF
3592	#E5E2F1	#FEFEFE
3593	#EAE7F4	#FEFEFE
3594	#FBF6F6	#FFFFFF
3596	#9A90C8	#FAFAFA
3597	#A197CC	#FBFBFB
3598	#C6BFE0	#FBFBFB
3599	#EFECF6	#FEFEFE
3600	#E6E2F1	#FEFEFE
3601	#F8EEED	#FFFFFF
3602	#EFEDF6	#FEFEFE
3603	#EFEDF6	#FEFEFE
3604	#ECD5D2	#FEFEFE
3605	#D3CDE7	#FDFDFD
3606	#D4CFE8	#FEFEFE
3607	#DDD8EC	#FEFEFE
3608	#C3BBDE	#FDFDFD
3609	#FBFAFD	#FFFFFF
3610	#C1BADD	#FAFAFA
3611	#F1E0DE	#FEFEFE
3612	#DFDAEE	#FDFDFD
3613	#EFECF6	#FEFEFE
3614	#D3CEE7	#FDFDFD
3615	#E8E5F3	#FEFEFE
3616	#FBFAFD	#FFFFFF
3617	#FBFAFD	#FFFFFF
3618	#E4E0F0	#FEFEFE
3619	#F8EEED	#FFFFFF
3620	#F7EDEB	#FFFFFF
3621	#FDFCFE	#FFFFFF
3622	#A79DCF	#FBFBFB
3623	#BEB6DC	#FCFCFC
3624	#CBC5E3	#FDFDFD
3625	#EBD3D0	#FEFEFE
3626	#D4CEE7	#FDFDFD
3627	#E6E2F1	#FEFEFE
3628	#D4CEE8	#FDFDFD
3629	#D5CFE8	#FEFEFE
3630	#DCD7EC	#FEFEFE
3631	#FAF9FC	#FFFFFF
3632	#D4CFE8	#FDFDFD
3633	#AFA6D3	#FCFCFC
3634	#ECEAF5	#FEFEFE
3635	#DDD8EC	#FEFEFE
3636	#F1E0DD	#FEFEFE
3637	#DBD6EC	#FEFEFE
3638	#8B80C0	#F8F8F8
3639	#D1CBE6	#FCFCFC
3640	#B2A9D5	#FAFAFA
3641	#EDEAF5	#FEFEFE
3642	#EDEAF5	#FEFEFE
3643	#EEECF6	#FFFFFF
3644	#E1BEBA	#FEFEFE
3645	#B5ACD7	#F8F8F8
3646	#FFFFFF	#FFFFFF
3647	#D4CEE7	#FDFDFD
3648	#EDEAF5	#FEFEFE
3649	#D7D2E9	#FDFDFD
3650	#F6F5FA	#FFFFFF
3651	#C4BDDF	#FCFCFC
3652	#CDC6E4	#FCFCFC
3653	#CCC5E3	#FDFDFD
3654	#CBC5E3	#FDFDFD
3655	#C3BBDE	#FDFDFD
3656	#E8E5F3	#FEFEFE
3657	#DDD8EC	#FEFEFE
3658	#C3BBDE	#FDFDFD
3659	#FBFAFD	#FFFFFF
3660	#D5CFE8	#FEFEFE
3661	#CDC7E4	#FDFDFD
3662	#DDD8EC	#FEFEFE
3663	#FAF9FC	#FFFFFF
3664	#E9E5F3	#FEFEFE
3665	#FFFEFE	#FFFFFF
3666	#EEECF6	#FFFFFF
3667	#F6F4FA	#FFFFFF
3668	#FBFAFD	#FFFFFF
3669	#D4CEE8	#FEFEFE
3670	#FBF5F5	#FFFFFF
3671	#F1E0DE	#FEFEFE
3672	#FBFAFD	#FFFFFF
3673	#F8EEED	#FFFFFF
3674	#E1BEBA	#FEFEFE
3675	#E5E1F1	#FEFEFE
3676	#E6E3F2	#FEFEFE
3677	#C6BFE0	#FCFCFC
3678	#FBF6F5	#FFFFFF
3679	#E1BEBA	#FEFEFE
3680	#EEECF6	#FFFFFF
3681	#A79ECF	#FBFBFB
3682	#DCD7EC	#FEFEFE
3683	#B7AFD8	#FDFDFD
3684	#F0DCDA	#FEFEFE
3685	#E1BEB9	#FEFEFE
3686	#FEFDFD	#FFFFFF
3687	#FBF5F5	#FFFFFF
3688	#CDC7E4	#FDFDFD
3689	#D6D1E9	#FDFDFD
3690	#B2A9D5	#FAFAFA
3691	#BDB5DB	#FCFCFC
3692	#C5BDDF	#FCFCFC
3693	#E1DDEF	#FDFDFD
3694	#A89ECF	#FBFBFB
3695	#DBD7EC	#FEFEFE
3696	#F9F8FC	#FFFFFF
3697	#EEECF6	#FEFEFE
3698	#FAF9FC	#FFFFFF
3699	#C4BDDF	#FCFCFC
3700	#A197CC	#FBFBFB
3701	#B7AFD8	#FBFBFB
3702	#C6BFE0	#FCFCFC
3703	#FBF6F6	#FFFFFF
3704	#DDD8EC	#FEFEFE
3705	#FBFBFD	#FFFFFF
3706	#B7AFD8	#FDFDFD
3707	#AEA5D3	#FCFCFC
3708	#FAF9FC	#FFFFFF
3709	#E9E6F3	#FEFEFE
3710	#EBD4D0	#FEFEFE
3711	#C6BFE0	#FBFBFB
3712	#D9B0AB	#FDFDFD
3713	#E8E5F3	#FEFEFE
3714	#DDD8EC	#FEFEFE
3715	#D4CEE7	#FDFDFD
3716	#D4CFE8	#FEFEFE
3717	#DCD7EC	#FEFEFE
3718	#D4A5A0	#FCFCFC
3719	#EDEBF5	#FEFEFE
3720	#D4CEE7	#FDFDFD
3721	#9A90C8	#FAFAFA
3722	#9A90C8	#FAFAFA
3723	#E8E5F3	#FEFEFE
3724	#EEECF6	#FFFFFF
3725	#B7AFD8	#FDFDFD
3726	#CCC5E3	#FDFDFD
3727	#FBFAFD	#FFFFFF
3728	#FAF9FC	#FFFFFF
3729	#E8E5F3	#FEFEFE
3730	#F1DFDD	#FEFEFE
3731	#FBFAFD	#FFFFFF
3732	#F9F8FC	#FFFFFF
3733	#C1BADE	#FAFAFA
3734	#FCF8F7	#FFFFFF
3735	#E5E1F1	#FEFEFE
3736	#F9F8FC	#FFFFFF
3737	#E8E5F3	#FEFEFE
3738	#EFEDF6	#FEFEFE
3739	#DCD8EC	#FEFEFE
3740	#CBC5E3	#FDFDFD
3741	#DDD9ED	#FEFEFE
3742	#C6BFE0	#FCFCFC
3743	#D4CEE8	#FDFDFD
3744	#FAFAFC	#FFFFFF
3745	#D3CEE7	#FDFDFD
3746	#FAF9FC	#FFFFFF
3747	#E8E5F3	#FEFEFE
3748	#C9918B	#FBFBFB
3749	#C2BADE	#FBFBFB
3750	#F0EDF7	#FFFFFF
3751	#CDC6E4	#FCFCFC
3752	#D2CCE7	#FCFCFC
3753	#EEECF6	#FFFFFF
3754	#958AC5	#F9F9F9
3755	#AFA6D3	#FCFCFC
3756	#E9E6F3	#FEFEFE
3757	#C3BBDE	#FDFDFD
3758	#D5CFE8	#FEFEFE
3759	#D5CFE8	#FEFEFE
3760	#E8E5F3	#FEFEFE
3761	#AEA5D3	#FCFCFC
3762	#C6BFE0	#FBFBFB
3763	#FAF9FC	#FFFFFF
3764	#C3BBDE	#FDFDFD
3765	#DFDAED	#FEFEFE
3766	#AFA5D3	#FCFCFC
3767	#EFECF6	#FFFFFF
3768	#FAF9FC	#FFFFFF
3769	#DCD7EC	#FEFEFE
3770	#EEECF6	#FEFEFE
3771	#CCC5E3	#FDFDFD
3772	#D4CEE8	#FDFDFD
3773	#DDD8EC	#FEFEFE
3774	#FAF9FC	#FFFFFF
3775	#F6F5FA	#FFFFFF
3776	#ECD5D2	#FEFEFE
3777	#F7ECEB	#FFFFFF
3778	#A096CB	#FBFBFB
3779	#F9F9FC	#FFFFFF
3780	#E5E1F1	#FEFEFE
3781	#E8E5F3	#FEFEFE
3782	#ADA3D2	#FAFAFA
3783	#D8D3EA	#FCFCFC
3784	#FBFAFD	#FFFFFF
3785	#FBF7F6	#FFFFFF
3786	#D7D1E9	#FDFDFD
3787	#B6AED7	#FBFBFB
3788	#A197CC	#FBFBFB
3789	#D4CEE8	#FDFDFD
3790	#C6BFE0	#FCFCFC
3791	#A79DCF	#FBFBFB
3792	#E4E0F0	#FEFEFE
3793	#FCFBFD	#FFFFFF
3794	#D7D2E9	#FDFDFD
3795	#B4ABD6	#F7F7F7
3796	#CDC6E4	#FCFCFC
3797	#B7AFD8	#FDFDFD
3798	#DDD8EC	#FEFEFE
3799	#D4CFE8	#FEFEFE
3800	#DDD8ED	#FEFEFE
3801	#D3CEE7	#FDFDFD
3802	#DBD7EC	#FEFEFE
3803	#C2BADE	#FBFBFB
3804	#D3CEE7	#FDFDFD
3805	#8278BB	#F6F6F6
3807	#EFECF6	#FEFEFE
3808	#C3BBDE	#FDFDFD
3809	#E8E5F3	#FEFEFE
3810	#F8EEED	#FFFFFF
3811	#F9F8FC	#FFFFFF
3812	#D7D2EA	#FDFDFD
3813	#E8E5F3	#FEFEFE
3814	#D5CFE8	#FEFEFE
3815	#F8EEED	#FFFFFF
3816	#B8AFD8	#FDFDFD
3817	#FAFAFD	#FFFFFF
3818	#EFECF6	#FEFEFE
3819	#FAFAFC	#FFFFFF
3820	#EFECF6	#FEFEFE
3821	#C1B9DD	#FBFBFB
3822	#D4CFE8	#FEFEFE
3823	#D4A59F	#FCFCFC
3824	#FBFAFD	#FFFFFF
3825	#D9B0AB	#FDFDFD
3826	#F8EEED	#FFFFFF
3827	#C3BBDE	#FDFDFD
3828	#F6F5FA	#FFFFFF
3829	#E8E5F3	#FEFEFE
3830	#B8AFD8	#FDFDFD
3831	#AFA6D3	#FCFCFC
3832	#B8AFD8	#FBFBFB
3833	#E9E5F3	#FEFEFE
3834	#A197CC	#FBFBFB
3835	#DED9ED	#FEFEFE
3836	#FDFBFA	#FFFFFF
3837	#F2F1F8	#FFFFFF
3838	#E5E1F1	#FEFEFE
3839	#DED9ED	#FDFDFD
3840	#E3DFF0	#FEFEFE
3841	#B1A8D4	#FAFAFA
3842	#EEECF6	#FEFEFE
3843	#EAE7F4	#FEFEFE
3844	#D4CFE8	#FDFDFD
3845	#DED9ED	#FEFEFE
3846	#CBC5E3	#FDFDFD
3847	#F2E1DF	#FEFEFE
3848	#D3CDE7	#FDFDFD
3849	#B7AED8	#FDFDFD
3850	#CBC5E3	#FDFDFD
3851	#BDB5DB	#FCFCFC
3852	#DFDAED	#FDFDFD
3853	#FBFBFD	#FFFFFF
3854	#D4CEE8	#FDFDFD
3855	#A79ECF	#FBFBFB
3856	#FBFBFD	#FFFFFF
3857	#D5CFE8	#FEFEFE
3858	#E8E5F3	#FEFEFE
3860	#A79ECF	#FBFBFB
3861	#E8E5F3	#FEFEFE
3863	#D0CAE6	#FCFCFC
3864	#D9B0AB	#FDFDFD
3865	#FAFAFC	#FFFFFF
3866	#EEECF6	#FFFFFF
3867	#B7AFD8	#FBFBFB
3868	#EEECF6	#FFFFFF
3869	#EFEDF6	#FEFEFE
3870	#EAE7F4	#FEFEFE
3871	#FBFBFD	#FFFFFF
3872	#E3DFF0	#FEFEFE
3873	#B7AFD8	#FDFDFD
3874	#D6D1E9	#FDFDFD
3875	#EFEDF6	#FEFEFE
3876	#C6BFE0	#FBFBFB
3877	#E4E0F0	#FEFEFE
3878	#FEFDFD	#FFFFFF
3879	#EEECF6	#FFFFFF
3880	#B7AFD8	#FDFDFD
3881	#CCC5E3	#FDFDFD
3882	#E6E2F1	#FEFEFE
3883	#EEECF6	#FFFFFF
3884	#D3CEE7	#FDFDFD
3885	#EFEDF6	#FEFEFE
3886	#F5F4FA	#FFFFFF
3887	#E3DFF0	#FEFEFE
3888	#E8E5F3	#FEFEFE
3889	#B7AFD8	#FBFBFB
3890	#ECE9F5	#FEFEFE
3891	#FBFAFD	#FFFFFF
3892	#DDD9ED	#FDFDFD
3893	#DDD8EC	#FEFEFE
3894	#A197CC	#FBFBFB
3895	#E4E0F0	#FEFEFE
3896	#EDEBF5	#FEFEFE
3897	#DBD7EC	#FEFEFE
3898	#D0CAE6	#FCFCFC
3900	#CBC5E3	#FDFDFD
3901	#AFA5D3	#FCFCFC
3902	#F6F5FA	#FFFFFF
3903	#ECD5D2	#FEFEFE
3904	#FAF9FC	#FFFFFF
3905	#F6F5FA	#FFFFFF
3906	#E5E1F1	#FEFEFE
3907	#DCD8EC	#FEFEFE
3908	#FAFAFC	#FFFFFF
3909	#CBC5E3	#FDFDFD
3911	#E4E0F0	#FEFEFE
3912	#EBD4D0	#FEFEFE
3913	#E4E1F0	#FEFEFE
3914	#B7AFD8	#FDFDFD
3915	#FAFAFC	#FFFFFF
3916	#E4E0F0	#FEFEFE
3917	#D4A59F	#FCFCFC
3918	#D7D1E9	#FDFDFD
3919	#E4E0F0	#FEFEFE
3920	#D4CEE8	#FDFDFD
3921	#FBF7F6	#FFFFFF
3922	#E8E5F3	#FEFEFE
3923	#D7D1E9	#FDFDFD
3924	#BDB5DB	#FAFAFA
3925	#DCD8EC	#FEFEFE
3926	#9B90C8	#FAFAFA
3927	#E9E5F3	#FEFEFE
3928	#DCD7EC	#FEFEFE
3929	#A79DCF	#FBFBFB
3930	#E9CECA	#FEFEFE
3931	#C3BBDE	#FDFDFD
3932	#EEECF6	#FFFFFF
3933	#B7AFD8	#FDFDFD
3934	#EFECF6	#FEFEFE
3935	#CBC5E3	#FDFDFD
3936	#DCD7EC	#FEFEFE
3937	#DBD7EC	#FEFEFE
3938	#D4CEE8	#FDFDFD
3939	#CBC4E3	#FDFDFD
3940	#EAE7F3	#FEFEFE
3941	#C5BDDF	#FCFCFC
3942	#DED9ED	#FEFEFE
3943	#FCFBFD	#FFFFFF
3944	#FBFAFD	#FFFFFF
3945	#FEFDFD	#FFFFFF
3946	#A197CC	#FBFBFB
3947	#F1E0DE	#FEFEFE
3948	#D1CBE6	#FCFCFC
3949	#B8AFD8	#FBFBFB
3950	#FBFBFD	#FFFFFF
3951	#A39ACD	#F8F8F8
3952	#D3A59F	#FCFCFC
3953	#F2F0F8	#FEFEFE
3954	#D2CCE6	#FCFCFC
3955	#D4CFE8	#FEFEFE
3956	#C7C0E0	#FCFCFC
3957	#DCD8EC	#FEFEFE
3958	#AFA5D3	#FCFCFC
3959	#DDD8EC	#FEFEFE
3960	#CBC4E3	#FDFDFD
3961	#D5CFE8	#FEFEFE
3962	#DCD7EC	#FEFEFE
3963	#E1BEB9	#FEFEFE
3964	#CCC5E3	#FDFDFD
3965	#FBF7F6	#FFFFFF
3966	#E8E5F3	#FEFEFE
3967	#F1E0DE	#FEFEFE
3968	#D4CFE8	#FEFEFE
3969	#BEB6DC	#FCFCFC
3970	#E6E3F2	#FEFEFE
3971	#D7D1E9	#FDFDFD
3972	#F1E0DD	#FEFEFE
3973	#D9D3EA	#FCFCFC
3974	#E2DEEF	#FDFDFD
3975	#CFC9E5	#FBFBFB
3976	#E2C1BD	#FDFDFD
3977	#FBFAFD	#FFFFFF
3978	#E4E1F1	#FEFEFE
3979	#FBF6F5	#FFFFFF
3980	#F6F5FA	#FFFFFF
3981	#E6E2F1	#FEFEFE
3982	#F9F8FC	#FFFFFF
3983	#D4CEE8	#FDFDFD
3984	#EEECF6	#FFFFFF
3985	#DED9ED	#FEFEFE
3986	#D4CEE8	#FDFDFD
3987	#CCC5E3	#FDFDFD
3988	#F8EEED	#FFFFFF
3989	#EEECF6	#FEFEFE
3990	#DCD7EC	#FEFEFE
3991	#FBFAFD	#FFFFFF
3992	#DED9ED	#FEFEFE
3993	#DDD8EC	#FEFEFE
3994	#FBFAFD	#FFFFFF
3995	#E6E2F1	#FEFEFE
3996	#DDD8ED	#FEFEFE
3997	#E4E0F0	#FEFEFE
3998	#E1DDEF	#FDFDFD
3999	#DED9ED	#FEFEFE
4000	#C4BDDF	#FCFCFC
4001	#B7AFD8	#FDFDFD
4002	#E4E0F0	#FEFEFE
4003	#F5F4FA	#FFFFFF
4004	#FBF5F4	#FFFFFF
4005	#FEFEFE	#FFFFFF
4006	#F8EEED	#FFFFFF
4007	#EEECF6	#FFFFFF
4008	#B7AFD8	#FDFDFD
4009	#D5CFE8	#FEFEFE
4010	#B7AFD8	#FDFDFD
4011	#B7AFD8	#FDFDFD
4012	#E8E5F3	#FEFEFE
4013	#D4CFE8	#FEFEFE
4014	#FFFFFF	#FFFFFF
4015	#FBF6F6	#FFFFFF
4016	#D5CFE8	#FEFEFE
4017	#C4BDDF	#FCFCFC
4018	#FBFAFD	#FFFFFF
4019	#D3CEE7	#FDFDFD
4020	#D2CCE7	#FCFCFC
4021	#F9F8FC	#FFFFFF
4022	#B7AFD8	#FDFDFD
4023	#FAF9FC	#FFFFFF
4024	#EFECF6	#FFFFFF
4025	#D3CEE7	#FDFDFD
4026	#DBD7EC	#FEFEFE
4028	#B7AFD8	#FDFDFD
4029	#D4A5A0	#FCFCFC
4030	#EEECF6	#FEFEFE
4031	#FBF6F5	#FFFFFF
4032	#D4CEE7	#FDFDFD
4033	#B7AFD8	#FDFDFD
4034	#FBF6F6	#FFFFFF
4035	#CCC5E3	#FDFDFD
4036	#CDC6E4	#FCFCFC
4037	#CBC5E3	#FCFCFC
4038	#C5BDDF	#FCFCFC
4039	#E4E0F0	#FEFEFE
4040	#FBF6F5	#FFFFFF
4041	#9A90C8	#FAFAFA
4042	#D7D2E9	#FDFDFD
4043	#D1CBE6	#FCFCFC
4044	#FBF6F6	#FFFFFF
4045	#F6F4FA	#FFFFFF
4046	#EEECF6	#FEFEFE
4047	#FDFDFE	#FFFFFF
4048	#F6F5FA	#FFFFFF
4049	#F9F8FC	#FFFFFF
4050	#DEDAED	#FEFEFE
4051	#E5E1F1	#FEFEFE
4052	#EFEDF6	#FEFEFE
4053	#CCC5E3	#FDFDFD
4054	#CF9D97	#FCFCFC
4055	#EDEBF5	#FEFEFE
4056	#F1E0DD	#FEFEFE
4057	#FAF9FC	#FFFFFF
4058	#F6F4FA	#FFFFFF
4059	#EDEAF5	#FEFEFE
4060	#CBC5E3	#FDFDFD
4061	#DCD7EC	#FEFEFE
4062	#F9F1F0	#FFFFFF
4063	#C5BEDF	#FCFCFC
4064	#F4E6E4	#FEFEFE
4065	#F4E5E3	#FEFEFE
4066	#E4E1F1	#FEFEFE
4067	#EAE7F4	#FEFEFE
4068	#F7EDEB	#FEFEFE
4069	#DDD8EC	#FEFEFE
4070	#A197CC	#FBFBFB
4071	#9B91C8	#FAFAFA
4072	#FEFCFC	#FFFFFF
4073	#D9B0AA	#FDFDFD
4074	#F6F5FA	#FFFFFF
4075	#F1E0DD	#FEFEFE
4076	#FAF9FC	#FFFFFF
4077	#FAF9FC	#FFFFFF
4078	#F7ECEB	#FFFFFF
4079	#FEFDFD	#FFFFFF
4080	#FBF6F5	#FFFFFF
4082	#DDD8EC	#FEFEFE
4083	#F2F0F8	#FFFFFF
4084	#F7ECEB	#FFFFFF
4085	#DDD8ED	#FEFEFE
4086	#FBF6F5	#FFFFFF
4087	#EFECF6	#FEFEFE
4088	#E4E1F1	#FEFEFE
4089	#B8AFD8	#FDFDFD
4090	#D4CEE8	#FDFDFD
4091	#EFEDF6	#FFFFFF
4092	#B7AFD8	#FDFDFD
4093	#C6BFE0	#FCFCFC
4094	#CBC4E3	#FCFCFC
4095	#F7ECEB	#FFFFFF
4096	#D4CFE8	#FDFDFD
4097	#F6F4FA	#FFFFFF
4098	#DED9ED	#FDFDFD
4099	#E8E5F3	#FEFEFE
4100	#FBF6F5	#FFFFFF
4101	#F9F9FC	#FFFFFF
4102	#D8D2EA	#FDFDFD
4103	#F4E5E4	#FEFEFE
4104	#CB9690	#FCFCFC
4105	#EEECF6	#FEFEFE
4106	#D9AFAA	#FDFDFD
4107	#FFFEFE	#FFFFFF
4108	#DCD7EC	#FEFEFE
4109	#E4E1F1	#FEFEFE
4110	#E6E2F1	#FEFEFE
4111	#FBF6F5	#FFFFFF
4112	#F1DFDD	#FEFEFE
4113	#DDD8EC	#FEFEFE
4114	#FBF6F5	#FFFFFF
4115	#F5F3FA	#FFFFFF
4116	#A096CB	#FBFBFB
4117	#DEDAED	#FEFEFE
4118	#DDD8EC	#FEFEFE
4119	#DDD9ED	#FEFEFE
4120	#FBF6F5	#FFFFFF
4121	#F9F9FC	#FFFFFF
4122	#CBC5E3	#FDFDFD
4123	#D4CEE8	#FDFDFD
4124	#FDFAFA	#FFFFFF
4125	#DCD7EC	#FEFEFE
4126	#ECD5D2	#FEFEFE
4127	#E5E1F1	#FEFEFE
4128	#EFECF6	#FFFFFF
4129	#C5BDDF	#FCFCFC
4130	#D4CFE8	#FDFDFD
4131	#E4E0F0	#FEFEFE
4132	#EFDCDA	#FEFEFE
4133	#EEECF6	#FFFFFF
4134	#F7EDEB	#FFFFFF
4135	#D3CEE7	#FDFDFD
4136	#FBF6F6	#FFFFFF
4137	#EEECF6	#FEFEFE
4138	#EEECF6	#FEFEFE
4139	#FBFAFD	#FFFFFF
4140	#F6F4FA	#FFFFFF
4141	#F7EDEC	#FEFEFE
4142	#EEECF6	#FFFFFF
4143	#EAE7F3	#FEFEFE
4144	#C6BFE0	#FBFBFB
4145	#F9F8FC	#FFFFFF
4146	#F9F8FC	#FFFFFF
4147	#E6E3F2	#FEFEFE
4149	#BFB7DC	#F9F9F9
4150	#FEFDFE	#FFFFFF
4151	#BEB7DC	#FCFCFC
4152	#EFEDF6	#FEFEFE
4153	#F2F0F8	#FFFFFF
4154	#C2867F	#FAFAFA
4155	#A79ECF	#FBFBFB
4156	#E8E5F3	#FEFEFE
4157	#F7ECEB	#FFFFFF
4158	#F0DDDB	#FEFEFE
4159	#ECD5D2	#FEFEFE
4160	#EEECF6	#FFFFFF
4161	#E1DDEF	#FDFDFD
4162	#FBFAFD	#FFFFFF
4163	#EFEDF6	#FFFFFF
4164	#E6E2F1	#FEFEFE
4165	#EEECF6	#FEFEFE
4166	#CEC7E4	#FDFDFD
4167	#FBF6F5	#FFFFFF
4168	#E3DFF0	#FEFEFE
4169	#E5E1F1	#FEFEFE
4170	#BDB5DB	#FCFCFC
4171	#F8EEED	#FFFFFF
4172	#FDFDFE	#FFFFFF
4173	#C6BEE0	#FBFBFB
4174	#F2F0F8	#FFFFFF
4175	#E8CDCA	#FEFEFE
4176	#FAF9FC	#FFFFFF
4177	#AFA5D3	#FCFCFC
4178	#E9CECB	#FEFEFE
4179	#EFECF6	#FFFFFF
4180	#E8E5F3	#FEFEFE
4181	#AFA6D3	#FCFCFC
4182	#F8EEED	#FFFFFF
4183	#F2E1DE	#FEFEFE
4184	#F7ECEB	#FFFFFF
4185	#E6E3F2	#FEFEFE
4186	#FBFBFD	#FFFFFF
4187	#F1E0DD	#FEFEFE
4188	#CCC5E3	#FDFDFD
4189	#EFEDF6	#FFFFFF
4190	#DEDAED	#FEFEFE
4191	#F1DFDD	#FEFEFE
4192	#F7ECEB	#FFFFFF
4193	#B8AFD8	#FBFBFB
4194	#D9D4EA	#FCFCFC
4195	#EDEBF5	#FEFEFE
4196	#FFFEFE	#FFFFFF
4197	#FBFBFD	#FFFFFF
4198	#E1BEB9	#FEFEFE
4199	#B7AED8	#FBFBFB
4200	#D7D2E9	#FDFDFD
4201	#BCB4DB	#FAFAFA
4202	#EFECF6	#FEFEFE
4203	#F9F8FC	#FFFFFF
4204	#E5E2F1	#FEFEFE
4205	#F7EDEB	#FFFFFF
4206	#D7D1E9	#FDFDFD
4207	#FAF9FC	#FFFFFF
4208	#FEFEFD	#FFFFFF
4209	#DCD7EC	#FEFEFE
4210	#FBFAFD	#FFFFFF
4211	#FBF5F5	#FFFFFF
4212	#EBE8F4	#FEFEFE
4213	#EBD3D0	#FEFEFE
4214	#B8B0D9	#FBFBFB
4215	#FFFFFF	#FFFFFF
4216	#D8D3EA	#FDFDFD
4217	#D1CBE6	#FCFCFC
4218	#DBD7EC	#FEFEFE
4219	#E5E1F1	#FEFEFE
4220	#FFFEFE	#FFFFFF
4221	#E5E1F1	#FDFDFD
4222	#FBF6F6	#FFFFFF
4223	#B1A8D5	#FAFAFA
4224	#C1B9DD	#FBFBFB
4225	#DED9ED	#FEFEFE
4226	#F1E0DE	#FEFEFE
4227	#F4E5E3	#FEFEFE
4228	#FBFAFD	#FFFFFF
4229	#E9E5F3	#FEFEFE
4230	#F7EDEB	#FFFFFF
4231	#F8EEED	#FFFFFF
4232	#D9B0AB	#FDFDFD
4233	#E9E5F3	#FEFEFE
4234	#FEFDFD	#FFFFFF
4235	#EEECF6	#FEFEFE
4236	#FEFDFD	#FFFFFF
4237	#EEECF6	#FFFFFF
4238	#EAE7F3	#FEFEFE
4239	#BEB6DC	#FCFCFC
4240	#F7ECEB	#FFFFFF
4241	#FAF9FC	#FFFFFF
4242	#FAF9FC	#FFFFFF
4243	#F2F0F8	#FEFEFE
4244	#BBB3DA	#FAFAFA
4245	#E8E5F3	#FEFEFE
4246	#ECD5D2	#FEFEFE
4247	#EFECF6	#FFFFFF
4248	#FBF6F5	#FFFFFF
4249	#D8D3EA	#FCFCFC
4250	#FAFAFD	#FFFFFF
4251	#E4E1F1	#FEFEFE
4252	#EEECF6	#FEFEFE
4253	#CBC5E3	#FCFCFC
4254	#EFECF6	#FEFEFE
4255	#E8E5F3	#FEFEFE
4256	#CDC7E4	#FCFCFC
4257	#B8AFD8	#FDFDFD
4258	#EDEAF5	#FEFEFE
4259	#F6F5FA	#FFFFFF
4260	#E9CECB	#FEFEFE
4261	#FBF6F6	#FFFFFF
4262	#F4E6E4	#FEFEFE
4263	#AEA5D3	#FCFCFC
4264	#BCB4DA	#FAFAFA
4265	#EBE8F4	#FEFEFE
4266	#D8D3EA	#FDFDFD
4267	#C4BCDF	#FCFCFC
4268	#B7AED8	#FBFBFB
4269	#CDC7E4	#FCFCFC
4270	#F6F5FA	#FFFFFF
4271	#F9F1F0	#FFFFFF
4272	#C6BFE0	#FCFCFC
4273	#EBD4D0	#FEFEFE
4274	#F7EDEC	#FEFEFE
4275	#C1B9DD	#FAFAFA
4276	#E8E5F3	#FEFEFE
4277	#F1DFDD	#FEFEFE
4278	#FBF6F5	#FFFFFF
4279	#FDFAF9	#FFFFFF
4280	#FAF9FC	#FFFFFF
4281	#CDC7E4	#FDFDFD
4282	#FAFAFC	#FFFFFF
4283	#F8EEED	#FFFFFF
4284	#EFDCDA	#FEFEFE
4285	#FAF9FC	#FFFFFF
4286	#DCD8EC	#FEFEFE
4287	#E9E5F3	#FEFEFE
4288	#EEECF6	#FFFFFF
4289	#E4E1F1	#FEFEFE
4290	#FBF5F4	#FFFFFF
4291	#E9E5F3	#FEFEFE
4292	#E9E5F3	#FEFEFE
4293	#EEECF6	#FFFFFF
4294	#B8AFD8	#F8F8F8
4295	#F1DFDD	#FEFEFE
4296	#D8D3EA	#FDFDFD
4297	#FBFBFD	#FFFFFF
4298	#A096CC	#FBFBFB
4299	#DEDAED	#FEFEFE
4300	#F9F8FC	#FFFFFF
4301	#EFEDF7	#FFFFFF
4302	#E6E2F1	#FEFEFE
4303	#E6C9C5	#FDFDFD
4304	#F7ECEA	#FFFFFF
4305	#F9F2F1	#FFFFFF
4306	#F4E5E3	#FEFEFE
4307	#EAE7F4	#FEFEFE
4308	#C2BBDE	#FBFBFB
4309	#F2E1DF	#FEFEFE
4310	#FAF9FC	#FFFFFF
4311	#E3E0F0	#FEFEFE
4312	#FBFBFD	#FFFFFF
4313	#F4E5E3	#FEFEFE
4314	#FBFBFD	#FFFFFF
4315	#F0EDF7	#FEFEFE
4316	#E5E1F1	#FEFEFE
4317	#EDEAF5	#FEFEFE
4318	#E1BEBA	#FEFEFE
4319	#FFFFFF	#FFFFFF
4320	#FAF4F4	#FFFFFF
4321	#F8EEED	#FFFFFF
4322	#B7AFD8	#FDFDFD
4323	#DDD8EC	#FEFEFE
4324	#DCD8EC	#FEFEFE
4325	#ACA2D2	#F9F9F9
4326	#C6BFE0	#FCFCFC
4327	#D7D2E9	#FDFDFD
4328	#DED9ED	#FDFDFD
4329	#F4E5E3	#FEFEFE
4330	#FEFDFD	#FFFFFF
4331	#FAF9FC	#FFFFFF
4333	#EEEBF6	#FEFEFE
4334	#E4E1F1	#FEFEFE
4335	#E5E2F1	#FEFEFE
4336	#CBC5E3	#FDFDFD
4337	#EEECF6	#FEFEFE
4338	#F1E0DD	#FEFEFE
4339	#DFDAEE	#FEFEFE
4340	#A096CB	#FBFBFB
4341	#A096CB	#FBFBFB
4342	#FAFAFC	#FFFFFF
4343	#EEECF6	#FFFFFF
4344	#E2DEEF	#FDFDFD
4345	#ECD6D3	#FEFEFE
4346	#8B81C0	#F8F8F8
4347	#F1DFDD	#FEFEFE
4348	#DDD8EC	#FEFEFE
4349	#E3DFF0	#FEFEFE
4350	#F9F8FC	#FFFFFF
4351	#FBF6F5	#FFFFFF
4352	#FBF6F5	#FFFFFF
4353	#C6BEE0	#FAFAFA
4354	#DCD7EC	#FEFEFE
4355	#EEECF6	#FEFEFE
4356	#F8EEED	#FFFFFF
4357	#D2CCE7	#FCFCFC
4358	#E4E1F1	#FEFEFE
4359	#BEB6DC	#FCFCFC
4360	#EFEDF6	#FEFEFE
4361	#CEC8E4	#FDFDFD
4362	#F2F0F8	#FEFEFE
4363	#D9AFAA	#FDFDFD
4364	#E4E0F0	#FEFEFE
4365	#C3BBDE	#FDFDFD
4366	#CBC5E3	#FDFDFD
4367	#FFFFFF	#FFFFFF
4368	#D4CFE8	#FCFCFC
4369	#F9F9FC	#FFFFFF
4370	#D5CFE8	#FEFEFE
4371	#F7ECEB	#FEFEFE
4372	#E6E2F1	#FEFEFE
4373	#D7D2E9	#FDFDFD
4374	#EFECF6	#FFFFFF
4375	#EFEDF6	#FEFEFE
4376	#E1DDEF	#FDFDFD
4377	#E5E2F1	#FEFEFE
4378	#A79ECF	#FBFBFB
4379	#E9E5F3	#FEFEFE
4380	#FBFAFD	#FFFFFF
4381	#F8EEED	#FFFFFF
4382	#E9E5F3	#FEFEFE
4383	#FBFAFD	#FFFFFF
4384	#E6C8C4	#FDFDFD
4385	#F7ECEB	#FFFFFF
4386	#ECEAF5	#FEFEFE
4387	#E1BEBA	#FEFEFE
4388	#F8EEED	#FFFFFF
4389	#C5BDDF	#FCFCFC
4390	#DDD8ED	#FEFEFE
4391	#FBFAFD	#FFFFFF
4392	#DDD9ED	#FEFEFE
4393	#E5E1F1	#FEFEFE
4394	#D4CEE8	#FEFEFE
4395	#EEECF6	#FFFFFF
4396	#CB9690	#FCFCFC
4397	#B8AFD8	#FBFBFB
4398	#C3BBDE	#FDFDFD
4399	#C4BDDF	#FCFCFC
4400	#FBF6F5	#FFFFFF
4401	#F9F0EF	#FFFFFF
4402	#CEC8E4	#FDFDFD
4403	#F8EEED	#FFFFFF
4404	#F6F5FA	#FFFFFF
4405	#FCFCFD	#FFFFFF
4406	#EEECF6	#FEFEFE
4407	#EEECF6	#FEFEFE
4408	#A096CC	#FBFBFB
4409	#E9E6F3	#FEFEFE
4410	#DCD8EC	#FEFEFE
4411	#E5E1F1	#FEFEFE
4412	#FFFFFF	#FFFFFF
4413	#E6E2F1	#FEFEFE
4414	#FBFAFD	#FFFFFF
4415	#F7F6FB	#FFFFFF
4416	#E6E3F1	#FEFEFE
4417	#DDD8EC	#FEFEFE
4418	#FAFAFC	#FFFFFF
4419	#F8F7FB	#FFFFFF
4420	#EEECF6	#FFFFFF
4421	#FDFAFA	#FFFFFF
4422	#E8E5F2	#FEFEFE
4423	#EDEAF5	#FEFEFE
4424	#DEDAED	#FEFEFE
4425	#FDFBFB	#FFFFFF
4426	#FDFDFE	#FFFFFF
4427	#D1CBE6	#FCFCFC
4428	#E2DEEF	#FDFDFD
4429	#A197CC	#FBFBFB
4430	#FBFAFD	#FFFFFF
4431	#F1DFDD	#FEFEFE
4432	#FFFFFE	#FFFFFF
4433	#FBF6F5	#FFFFFF
4434	#E5E1F1	#FEFEFE
4435	#FBF6F5	#FFFFFF
4436	#EEECF6	#FFFFFF
4437	#FEFDFD	#FFFFFF
4438	#EBD3D0	#FEFEFE
4439	#FBFAFD	#FFFFFF
4440	#D4CFE8	#FEFEFE
4441	#D4CEE8	#FEFEFE
4442	#F9F8FC	#FFFFFF
4443	#D3CEE7	#FDFDFD
4444	#CCC5E3	#FDFDFD
4445	#CCC5E3	#FDFDFD
4446	#D4CEE7	#FDFDFD
4447	#E7E4F2	#FDFDFD
4448	#D0CAE6	#FCFCFC
4449	#D4CFE8	#FDFDFD
4450	#E4E1F1	#FEFEFE
4451	#E9E6F3	#FEFEFE
4452	#DDD8EC	#FEFEFE
4453	#FEFDFD	#FFFFFF
4454	#F9F9FC	#FFFFFF
4455	#F1E0DD	#FEFEFE
4456	#F7F5FA	#FFFFFF
4457	#F1E0DE	#FEFEFE
4458	#CCC5E3	#FCFCFC
4459	#F2F0F8	#FFFFFF
4460	#DCD7EC	#FEFEFE
4461	#D6D1E9	#FDFDFD
4462	#EBE8F4	#FEFEFE
4463	#D3CEE7	#FDFDFD
4464	#DDD9ED	#FEFEFE
4465	#F6F5FA	#FFFFFF
4466	#DED9ED	#FDFDFD
4467	#D4CEE8	#FEFEFE
4468	#FEFCFC	#FFFFFF
4469	#CCC5E3	#FCFCFC
4470	#DCD7EC	#FEFEFE
4471	#D8D2EA	#FDFDFD
4472	#F3F1F8	#FFFFFF
4473	#E4E1F1	#FEFEFE
4474	#A197CC	#FBFBFB
4475	#D4CFE8	#FCFCFC
4476	#FDFAFA	#FFFFFF
4477	#D8D2EA	#FDFDFD
4478	#D1CBE6	#FCFCFC
4479	#ECD5D2	#FEFEFE
4480	#D7D2E9	#FDFDFD
4481	#AFA6D3	#FCFCFC
4482	#D3A59F	#FCFCFC
4483	#EEECF6	#FFFFFF
4484	#DCD7EC	#FEFEFE
4485	#FEFDFD	#FFFFFF
4486	#EAE7F4	#FEFEFE
4487	#F9F1F0	#FFFFFF
4488	#E9E6F3	#FEFEFE
4489	#D3CDE7	#FDFDFD
4490	#ECD5D2	#FEFEFE
4491	#FBF6F6	#FFFFFF
4492	#DDD8EC	#FEFEFE
4493	#DEDAED	#FDFDFD
4494	#A79DCF	#FBFBFB
4495	#CDC6E4	#FCFCFC
4496	#FEFCFC	#FFFFFF
4497	#EDEAF5	#FEFEFE
4498	#DEDAED	#FEFEFE
4499	#FBFAFD	#FFFFFF
4500	#FCF7F6	#FFFFFF
4501	#F8EEED	#FFFFFF
4502	#DCD7EC	#FEFEFE
4503	#F4E5E4	#FEFEFE
4504	#B8AFD8	#FDFDFD
4505	#DDD8EC	#FEFEFE
4506	#E4E0F0	#FEFEFE
4507	#ECD5D2	#FEFEFE
4508	#ECD6D3	#FEFEFE
4509	#CCC6E3	#FDFDFD
4510	#EFEDF6	#FEFEFE
4511	#D1CBE6	#FCFCFC
4512	#D8D3EA	#FDFDFD
4513	#C3BCDF	#FCFCFC
4514	#E4E0F0	#FEFEFE
4515	#F7ECEB	#FFFFFF
4516	#FBFAFD	#FFFFFF
4517	#F7ECEA	#FFFFFF
4518	#F0EDF7	#FEFEFE
4519	#FBFAFD	#FFFFFF
4520	#FBFAFD	#FFFFFF
4521	#E4E1F0	#FEFEFE
4522	#D4A5A0	#FCFCFC
4523	#DCD7EC	#FEFEFE
4524	#F7ECEB	#FFFFFF
4525	#CBC4E3	#FCFCFC
4526	#F6F5FA	#FFFFFF
4527	#B1A8D5	#FAFAFA
4528	#D1CBE6	#FCFCFC
4529	#EFECF6	#FEFEFE
4530	#DDD8EC	#FEFEFE
4531	#B7AFD8	#FDFDFD
4532	#DDD8ED	#FEFEFE
4533	#E1BEBA	#FEFEFE
4534	#F1DFDD	#FEFEFE
4535	#EEECF6	#FFFFFF
4536	#D4CEE7	#FDFDFD
4537	#F3F1F8	#FFFFFF
4538	#EFEDF6	#FEFEFE
4539	#EDEBF5	#FEFEFE
4540	#FBF6F5	#FFFFFF
4541	#DBD7EC	#FEFEFE
4542	#A197CC	#FBFBFB
4543	#F8EEED	#FFFFFF
4544	#E3DFF0	#FEFEFE
4545	#DDD8EC	#FEFEFE
4546	#E6E3F2	#FEFEFE
4547	#E8E5F3	#FEFEFE
4548	#A79DCF	#FBFBFB
4549	#DED9ED	#FDFDFD
4550	#FEFDFD	#FFFFFF
4551	#CEC7E4	#FBFBFB
4552	#ACA3D2	#FAFAFA
4553	#DCD7EC	#FEFEFE
4554	#C4BDDF	#FCFCFC
4555	#DDD8EC	#FEFEFE
4556	#E9E5F3	#FEFEFE
4557	#B7AFD8	#FDFDFD
4558	#E5E1F1	#FEFEFE
4559	#D4CFE8	#FEFEFE
4560	#E5E2F1	#FEFEFE
4561	#DDD8EC	#FEFEFE
4562	#F9F9FC	#FFFFFF
4563	#DBD7EC	#FEFEFE
4564	#D7D2EA	#FDFDFD
4565	#EEECF6	#FFFFFF
4566	#FCFBFD	#FFFFFF
4567	#D4CEE8	#FEFEFE
4568	#F7ECEB	#FFFFFF
4569	#B7AFD8	#FDFDFD
4570	#D4CEE8	#FDFDFD
4571	#EEEBF6	#FEFEFE
4572	#F7EDEB	#FFFFFF
4573	#A89ECF	#FBFBFB
4574	#F8EFED	#FFFFFF
4575	#E1BEB9	#FEFEFE
4576	#F7ECEB	#FFFFFF
4577	#FAFAFC	#FFFFFF
4578	#E9E6F3	#FEFEFE
4579	#D4A6A0	#FCFCFC
4580	#D3A59F	#FCFCFC
4581	#E9E5F3	#FEFEFE
4582	#FEFDFD	#FFFFFF
4583	#F7EDEB	#FFFFFF
4584	#DDD8EC	#FEFEFE
4585	#B7AFD8	#FDFDFD
4586	#DCD7EC	#FEFEFE
4587	#E4E1F1	#FEFEFE
4588	#ECD6D3	#FEFEFE
4589	#FEFDFD	#FFFFFF
4590	#F6F5FA	#FFFFFF
4591	#E2C1BC	#FDFDFD
4592	#DED9ED	#FEFEFE
4593	#DDD9ED	#FDFDFD
4594	#FBF6F5	#FFFFFF
4595	#D2CCE7	#FCFCFC
4596	#FBFBFD	#FFFFFF
4597	#DDD8EC	#FEFEFE
4598	#FDFBFB	#FFFFFF
4599	#AFA6D3	#FCFCFC
4600	#CBC4E3	#FCFCFC
4601	#D2CCE7	#FCFCFC
4602	#FBF5F4	#FFFFFF
4603	#A89ECF	#FBFBFB
4604	#FEFCFC	#FFFFFF
4605	#F9F8FC	#FFFFFF
4606	#EBE8F4	#FEFEFE
4607	#B7AFD8	#FBFBFB
4608	#E8E5F3	#FEFEFE
4609	#D5CFE8	#FEFEFE
4610	#EEECF6	#FFFFFF
4611	#E5E2F1	#FEFEFE
4612	#F7EDEB	#FFFFFF
4613	#D3CEE7	#FDFDFD
4614	#DFDAEE	#FEFEFE
4615	#EDEBF6	#FEFEFE
4616	#D4CEE7	#FDFDFD
4617	#FAF9FC	#FFFFFF
4618	#F9F9FC	#FFFFFF
4619	#F0EEF7	#FEFEFE
4620	#B7AFD8	#FDFDFD
4621	#DFDBEE	#FEFEFE
4622	#FEFDFD	#FFFFFF
4623	#F6F4FA	#FFFFFF
4624	#F6F4FA	#FFFFFF
4625	#F8EEED	#FFFFFF
4626	#FEFCFC	#FFFFFF
4627	#B7AFD8	#FDFDFD
4628	#E4E1F1	#FEFEFE
4629	#F1E0DE	#FEFEFE
4630	#DDD8EC	#FEFEFE
4631	#E1BEBA	#FEFEFE
4632	#EFEDF6	#FEFEFE
4633	#E5E1F1	#FEFEFE
4634	#BEB6DC	#FCFCFC
4635	#EFECF6	#FEFEFE
4636	#F4E6E4	#FEFEFE
4637	#EEECF6	#FFFFFF
4638	#E4E1F1	#FEFEFE
4639	#FDFAFA	#FFFFFF
4640	#FBF7F6	#FFFFFF
4641	#F6EAE8	#FEFEFE
4642	#DDD9ED	#FEFEFE
4643	#DEDAED	#FDFDFD
4644	#DED9ED	#FDFDFD
4645	#D4A5A0	#FCFCFC
4646	#D4CEE7	#FDFDFD
4647	#BDB5DB	#FCFCFC
4648	#EEECF6	#FFFFFF
4649	#E9E5F3	#FEFEFE
4650	#B7AFD8	#FAFAFA
4651	#FBFAFD	#FFFFFF
4652	#B7AFD8	#FBFBFB
4653	#FAF9FC	#FFFFFF
4654	#FBF6F5	#FFFFFF
4655	#F2F0F8	#FFFFFF
4656	#D4CEE7	#FDFDFD
4657	#E7E4F2	#FEFEFE
4658	#C0B8DD	#FBFBFB
4659	#DDD9ED	#FEFEFE
4660	#D4CEE8	#FEFEFE
4661	#F8EEED	#FFFFFF
4662	#EBD4D1	#FDFDFD
4663	#D4CEE8	#FDFDFD
4664	#FCFCFD	#FFFFFF
4665	#FBF6F5	#FFFFFF
4666	#EEECF6	#FFFFFF
4667	#C68E87	#FBFBFB
4668	#C3BBDE	#FDFDFD
4669	#D4CEE8	#FDFDFD
4670	#F6F5FA	#FFFFFF
4671	#FBF6F6	#FFFFFF
4672	#FAF9FC	#FFFFFF
4673	#FBF6F6	#FFFFFF
4674	#E1BEB9	#FEFEFE
4675	#CF9D97	#FCFCFC
4676	#FAF9FC	#FFFFFF
4677	#F1DFDD	#FEFEFE
4678	#F7EDEB	#FFFFFF
4679	#FBF6F5	#FFFFFF
4680	#FAF9FC	#FFFFFF
4681	#E9E5F3	#FEFEFE
4682	#EBE8F4	#FEFEFE
4683	#FAF9FC	#FFFFFF
4684	#FBFAFD	#FFFFFF
4685	#E4C4C0	#FDFDFD
4686	#EEECF6	#FFFFFF
4687	#F9F1F0	#FFFFFF
4688	#F8EEED	#FFFFFF
4689	#F3F1F8	#FFFFFF
4690	#D4CEE8	#FDFDFD
4691	#DCD8EC	#FEFEFE
4692	#E9E5F3	#FEFEFE
4693	#D8D3EA	#FDFDFD
4694	#AFA5D3	#FCFCFC
4695	#E2DEEF	#FDFDFD
4696	#D2CDE7	#FCFCFC
4697	#F7EDEB	#FFFFFF
4698	#F2F0F8	#FFFFFF
4699	#C3BBDE	#FDFDFD
4700	#DCD7EC	#FEFEFE
4701	#FBF6F5	#FFFFFF
4702	#BCB4DB	#F8F8F8
4703	#FCFBFD	#FFFFFF
4704	#EFEDF6	#FEFEFE
4705	#CCC5E3	#FDFDFD
4706	#E6E3F1	#FEFEFE
4707	#EEECF6	#FFFFFF
4708	#D4CFE8	#FDFDFD
4709	#EEECF6	#FFFFFF
4710	#FFFEFE	#FFFFFF
4711	#DDD9ED	#FEFEFE
4712	#F9F1F0	#FFFFFF
4713	#DDD8ED	#FEFEFE
4714	#EBE8F4	#FEFEFE
4715	#DBD7EC	#FEFEFE
4716	#948AC5	#F9F9F9
4717	#F6EBEA	#FEFEFE
4718	#E4E1F1	#FEFEFE
4719	#EFECF6	#FFFFFF
4720	#F1E0DE	#FEFEFE
4721	#F1E0DE	#FEFEFE
4722	#F7ECEB	#FFFFFF
4723	#FEFDFD	#FFFFFF
4724	#E6E2F1	#FEFEFE
4725	#FBF7F6	#FFFFFF
4726	#E8E5F3	#FEFEFE
4728	#E4C4BF	#FDFDFD
4729	#F3E5E3	#FEFEFE
4730	#C4BDDF	#FCFCFC
4731	#C3BBDE	#FDFDFD
4732	#E9E5F3	#FEFEFE
4733	#FFFEFE	#FFFFFF
4734	#FBFAFD	#FFFFFF
4735	#FBF6F5	#FFFFFF
4736	#E9E5F3	#FEFEFE
4737	#C2BADE	#FBFBFB
4738	#EBE8F4	#FEFEFE
4739	#F7F5FA	#FFFFFF
4740	#DEDAED	#FEFEFE
4741	#ACA2D2	#F9F9F9
4742	#DDD8EC	#FEFEFE
4743	#C2BADE	#FAFAFA
4744	#D4CEE8	#FDFDFD
4745	#BDB5DB	#FAFAFA
4746	#FAF9FC	#FFFFFF
4747	#D5CFE8	#FDFDFD
4748	#E4E1F1	#FEFEFE
4749	#D3CDE7	#FDFDFD
4750	#CCC5E3	#FDFDFD
4751	#CCC6E4	#FCFCFC
4752	#E8E5F3	#FEFEFE
4753	#D4A5A0	#FCFCFC
4754	#F1DFDD	#FEFEFE
4755	#E5E2F1	#FEFEFE
4756	#DDD8ED	#FEFEFE
4757	#FDFCFE	#FFFFFF
4758	#F6F4FA	#FFFFFF
4759	#FBFAFD	#FFFFFF
4760	#F6F5FA	#FFFFFF
4761	#ECD5D2	#FEFEFE
4762	#CDC7E4	#FDFDFD
4763	#CCC5E3	#FDFDFD
4764	#E2DDEF	#FDFDFD
4765	#DCD7EC	#FEFEFE
4766	#EAE7F3	#FEFEFE
4767	#D4CEE7	#FDFDFD
4768	#F1E0DD	#FEFEFE
4769	#DBD7EC	#FEFEFE
4770	#EDEBF5	#FEFEFE
4771	#F4E6E4	#FEFEFE
4772	#F8EFED	#FFFFFF
4773	#FAFAFD	#FFFFFF
4774	#F7ECEB	#FFFFFF
4775	#FBF6F5	#FFFFFF
4776	#FAF9FC	#FFFFFF
4777	#FBF6F6	#FFFFFF
4778	#D4A59F	#FCFCFC
4779	#F4E6E4	#FEFEFE
4780	#FBFBFD	#FFFFFF
4781	#F7EDEB	#FFFFFF
4782	#CCC5E3	#FDFDFD
4783	#EFEDF7	#FFFFFF
4784	#DDD8EC	#FEFEFE
4785	#D3CDE7	#FCFCFC
4786	#BDB5DB	#FCFCFC
4787	#FEFDFD	#FFFFFF
4788	#E9E5F3	#FEFEFE
4789	#F6F5FA	#FFFFFF
4790	#D5CFE8	#FEFEFE
4791	#E6C8C5	#FDFDFD
4792	#EEECF6	#FFFFFF
4793	#F9F8FC	#FFFFFF
4794	#FBF5F4	#FFFFFF
4795	#FBF7F6	#FFFFFF
4796	#F9F1F0	#FFFFFF
4797	#E9E6F3	#FEFEFE
4798	#E5E2F1	#FEFEFE
4799	#E8E5F3	#FEFEFE
4800	#DFDAEE	#FEFEFE
4801	#E8E5F3	#FEFEFE
4802	#EDEAF5	#FEFEFE
4803	#F9F9FC	#FFFFFF
4804	#EAE7F4	#FEFEFE
4805	#EFEDF6	#FEFEFE
4806	#E6E2F1	#FEFEFE
4807	#F6F4FA	#FFFFFF
4808	#F5F4FA	#FFFFFF
4809	#DDD9ED	#FEFEFE
4810	#FBFAFD	#FFFFFF
4811	#E9E5F3	#FEFEFE
4812	#EEECF6	#FFFFFF
4813	#D3CDE7	#FDFDFD
4814	#E5E1F1	#FEFEFE
4815	#D3CEE7	#FDFDFD
4816	#E5E2F1	#FEFEFE
4817	#F4E6E4	#FEFEFE
4818	#DEDAED	#FEFEFE
4819	#DEDAED	#FEFEFE
4820	#EEECF6	#FEFEFE
4821	#EDEAF5	#FEFEFE
4822	#D4CFE8	#FEFEFE
4823	#AEA5D3	#FCFCFC
4824	#EFECF6	#FFFFFF
4825	#FAF9FC	#FFFFFF
4826	#E8E5F3	#FEFEFE
4827	#ECD4D1	#FEFEFE
4828	#CCC5E3	#FCFCFC
4829	#D3CEE7	#FDFDFD
4830	#DCD7EC	#FEFEFE
4831	#FAFAFC	#FFFFFF
4832	#EFEDF7	#FFFFFF
4833	#F1E0DE	#FEFEFE
4834	#F1DFDD	#FEFEFE
4835	#E6C8C4	#FDFDFD
4836	#FBF6F6	#FFFFFF
4837	#F9F8FC	#FFFFFF
4838	#FEFDFD	#FFFFFF
4839	#C5BDDF	#FCFCFC
4840	#958AC5	#F9F9F9
4841	#EFECF6	#FEFEFE
4842	#FBF6F6	#FFFFFF
4843	#EBD4D0	#FEFEFE
4844	#EFECF6	#FEFEFE
4845	#D8D3EA	#FDFDFD
4846	#EEEBF6	#FFFFFF
4847	#D8D3EA	#FDFDFD
4848	#CDC6E4	#FCFCFC
4849	#FAF9FC	#FFFFFF
4850	#C1B9DD	#FBFBFB
4851	#FBFAFD	#FFFFFF
4852	#CFC9E5	#FBFBFB
4853	#DCD7EC	#FEFEFE
4854	#E5E1F1	#FEFEFE
4855	#CBC5E3	#FCFCFC
4856	#DBD7EC	#FEFEFE
4857	#EFEDF6	#FEFEFE
4858	#EFEDF6	#FEFEFE
4859	#9B90C8	#FAFAFA
4860	#E5E1F1	#FEFEFE
4861	#D9D4EA	#FDFDFD
4862	#E4E1F1	#FEFEFE
4863	#DDD8EC	#FEFEFE
4864	#CDC6E4	#FCFCFC
4865	#C3BBDE	#FBFBFB
4866	#E6E2F1	#FEFEFE
4867	#DCD7EC	#FEFEFE
4868	#F7ECEB	#FFFFFF
4869	#FCFBFD	#FFFFFF
4870	#CCC6E3	#FCFCFC
4871	#FAF9FC	#FFFFFF
4872	#EFECF6	#FEFEFE
4873	#F6F4FA	#FFFFFF
4874	#F8EEED	#FFFFFF
4875	#D5CFE8	#FEFEFE
4876	#FBFAFD	#FFFFFF
4877	#E9E5F3	#FEFEFE
4878	#FBF6F5	#FFFFFF
4879	#CCC5E3	#FDFDFD
4880	#F1E0DD	#FEFEFE
4881	#DDD8EC	#FEFEFE
4882	#E8E5F3	#FEFEFE
4883	#F7EDEC	#FFFFFF
4884	#C4BCDF	#FCFCFC
4885	#FBF7F6	#FFFFFF
4886	#D9B0AB	#FDFDFD
4887	#EFECF6	#FEFEFE
4888	#F4E7E5	#FEFEFE
4889	#F1E0DE	#FEFEFE
4890	#F1DFDC	#FEFEFE
4891	#F3F1F8	#FFFFFF
4892	#FBF7F6	#FFFFFF
4893	#D4CEE8	#FEFEFE
4894	#D5CFE8	#FEFEFE
4895	#FBF6F5	#FFFFFF
4896	#C3BBDE	#FDFDFD
4897	#A89ECF	#FBFBFB
4898	#E4E0F0	#FEFEFE
4899	#DEDAED	#FEFEFE
4900	#958BC6	#F9F9F9
4901	#E6E3F2	#FEFEFE
4902	#B8AFD8	#FBFBFB
4903	#E6E3F2	#FEFEFE
4904	#FBF6F6	#FFFFFF
4905	#D9D4EA	#FCFCFC
4906	#F6F5FA	#FFFFFF
4907	#D2CCE7	#FCFCFC
4908	#DCD7EC	#FEFEFE
4909	#EDEAF5	#FEFEFE
4910	#E5E2F1	#FEFEFE
4911	#EFECF6	#FFFFFF
4912	#FBF6F6	#FFFFFF
4913	#DCD7EC	#FEFEFE
4914	#A197CC	#FBFBFB
4915	#FEFEFE	#FFFFFF
4916	#BEB6DC	#FCFCFC
4917	#F1E0DE	#FEFEFE
4918	#CDC7E4	#FCFCFC
4919	#ECEAF5	#FEFEFE
4920	#EAE7F4	#FEFEFE
4921	#F7EDEC	#FFFFFF
4922	#FBF6F5	#FFFFFF
4923	#ECD6D3	#FEFEFE
4924	#FBF5F4	#FFFFFF
4925	#E8E5F3	#FEFEFE
4926	#EBD3D0	#FEFEFE
4927	#DFBCB7	#FCFCFC
4928	#F6F5FA	#FFFFFF
4929	#CBC5E3	#FDFDFD
4930	#FBFAFD	#FFFFFF
4931	#F9F8FC	#FFFFFF
4932	#DED9ED	#FEFEFE
4933	#CCC5E3	#FDFDFD
4934	#CCC5E3	#FDFDFD
4935	#DCD7EC	#FEFEFE
4936	#D5CFE8	#FDFDFD
4937	#F8EEED	#FFFFFF
4938	#FBF6F5	#FFFFFF
4939	#D3CEE7	#FDFDFD
4940	#F1E0DD	#FEFEFE
4941	#F2F0F8	#FFFFFF
4942	#DCD8EC	#FEFEFE
4943	#FBF6F6	#FFFFFF
4944	#F4E5E4	#FEFEFE
4945	#C4BCDF	#FCFCFC
4946	#E4E1F0	#FEFEFE
4947	#CCC5E3	#FDFDFD
4948	#FDFAFA	#FFFFFF
4949	#EDEAF5	#FEFEFE
4950	#FFFFFF	#FFFFFF
4951	#CCC5E3	#FDFDFD
4952	#FBFAFD	#FFFFFF
4953	#E4E1F1	#FEFEFE
4954	#F2F0F8	#FFFFFF
4955	#D5CFE8	#FEFEFE
4956	#F3E4E2	#FEFEFE
4957	#F6F4FA	#FFFFFF
4958	#FDFBFB	#FFFFFF
4959	#FAFAFC	#FFFFFF
4960	#C1BADD	#FBFBFB
4961	#C7C0E1	#FCFCFC
4962	#DDD8ED	#FEFEFE
4963	#F6F5FA	#FFFFFF
4964	#FEFDFD	#FFFFFF
4965	#EFECF6	#FFFFFF
4966	#C7C0E1	#FCFCFC
4967	#F2F0F8	#FFFFFF
4968	#E6E2F1	#FEFEFE
4969	#E3E0F0	#FEFEFE
4970	#CEC7E4	#FCFCFC
4971	#FBFAFD	#FFFFFF
4972	#F6F5FA	#FFFFFF
4973	#DCD7EC	#FEFEFE
4974	#DCD7EC	#FEFEFE
4975	#FAF9FC	#FFFFFF
4976	#E4E1F1	#FEFEFE
4977	#D8D2EA	#FDFDFD
4978	#FAF9FC	#FFFFFF
4979	#DDD8ED	#FEFEFE
4980	#FBFAFD	#FFFFFF
4981	#F8EEED	#FFFFFF
4982	#F8EEED	#FFFFFF
4983	#F9F8FC	#FFFFFF
4984	#A89ED0	#FBFBFB
4985	#EEECF6	#FFFFFF
4986	#F7F5FA	#FFFFFF
4987	#FBF6F5	#FFFFFF
4988	#EFEDF7	#FFFFFF
4989	#F2F1F8	#FEFEFE
4990	#FEFDFD	#FFFFFF
4991	#D4CFE8	#FDFDFD
4992	#CBC5E3	#FCFCFC
4993	#D4CEE8	#FDFDFD
4994	#C7C0E1	#FCFCFC
4995	#F4E5E4	#FEFEFE
4996	#FAFAFC	#FFFFFF
4997	#F8EEED	#FFFFFF
4998	#FFFEFE	#FFFFFF
4999	#F8F7FB	#FFFFFF
5000	#CDC7E4	#FDFDFD
5001	#EFECF6	#FFFFFF
5002	#D4CEE8	#FDFDFD
5003	#CCC5E3	#FCFCFC
5004	#EDEBF5	#FEFEFE
5005	#FCF8F7	#FFFFFF
5006	#EFEDF7	#FFFFFF
5007	#F2F0F8	#FEFEFE
5008	#DCD7EC	#FDFDFD
5009	#E9CECA	#FEFEFE
5010	#C4BDDF	#FCFCFC
5011	#F1F0F8	#FFFFFF
5012	#F2F0F8	#FFFFFF
5013	#F9F8FC	#FFFFFF
5014	#F9F9FC	#FFFFFF
5015	#F1DFDD	#FEFEFE
5016	#D4CFE8	#FDFDFD
5017	#F4E5E3	#FEFEFE
5018	#FCFBFD	#FFFFFF
5019	#D4CEE8	#FDFDFD
5020	#EDEBF5	#FEFEFE
5021	#ECD6D3	#FEFEFE
5022	#F1E0DD	#FEFEFE
5023	#F7ECEB	#FFFFFF
5024	#DDD8EC	#FEFEFE
5025	#EAE7F4	#FEFEFE
5026	#E4E1F1	#FEFEFE
5027	#FEFDFC	#FFFFFF
5028	#EFEDF6	#FEFEFE
5029	#F1E0DE	#FEFEFE
5030	#FEFDFC	#FFFFFF
5031	#EEECF6	#FFFFFF
5032	#EDD7D4	#FEFEFE
5033	#EEECF6	#FFFFFF
5034	#F9F8FC	#FFFFFF
5035	#DCD7EC	#FEFEFE
5036	#F1E0DE	#FEFEFE
5037	#E8E5F2	#FEFEFE
5038	#DDD8ED	#FEFEFE
5039	#E8E5F3	#FEFEFE
5040	#E6E3F2	#FEFEFE
5041	#FBFAFD	#FFFFFF
5042	#FAF9FC	#FFFFFF
5043	#EBD4D0	#FEFEFE
5044	#EEECF6	#FFFFFF
5045	#E2C0BC	#FDFDFD
5046	#FBFAFD	#FFFFFF
5047	#FBF7F6	#FFFFFF
5048	#E4E0F0	#FEFEFE
5049	#DEDAED	#FDFDFD
5050	#D7D2E9	#FDFDFD
5051	#E6E3F2	#FEFEFE
5052	#C4BCDF	#FCFCFC
5053	#D5CFE8	#FCFCFC
5054	#D3CDE7	#FDFDFD
5055	#F6F5FA	#FFFFFF
5056	#DED9ED	#FDFDFD
5057	#FAFAFD	#FFFFFF
5058	#BBB3DA	#FAFAFA
5059	#D5CFE8	#FCFCFC
5060	#FAF9FC	#FFFFFF
5061	#FEFDFC	#FFFFFF
5062	#EFECF6	#FEFEFE
5063	#F9F1F0	#FFFFFF
5064	#EBE8F4	#FEFEFE
5065	#FAF9FC	#FFFFFF
5066	#F6F5FA	#FFFFFF
5067	#E5E2F1	#FEFEFE
5068	#E9CECB	#FEFEFE
5069	#E9E5F3	#FEFEFE
5070	#FBFBFD	#FFFFFF
5071	#FBFAFD	#FFFFFF
5072	#FBF6F5	#FFFFFF
5073	#ECD5D2	#FEFEFE
5074	#E7E3F2	#FEFEFE
5075	#D3CDE7	#FBFBFB
5076	#DCD8EC	#FEFEFE
5077	#CCC5E3	#FDFDFD
5078	#C78E87	#FBFBFB
5079	#DEDAED	#FEFEFE
5080	#F1E0DE	#FEFEFE
5081	#F8EEED	#FFFFFF
5082	#F8EEED	#FFFFFF
5083	#DDD8EC	#FEFEFE
5084	#EDEBF5	#FEFEFE
5085	#EBD3D0	#FDFDFD
5086	#E3DFF0	#FEFEFE
5087	#DED9ED	#FEFEFE
5088	#FCFBFD	#FFFFFF
5089	#C4BDDF	#FCFCFC
5090	#D8D3EA	#FDFDFD
5091	#F2F0F8	#FFFFFF
5092	#F7EDEC	#FFFFFF
5093	#F8EEED	#FFFFFF
5094	#F7ECEB	#FFFFFF
5095	#D2CCE6	#FCFCFC
5096	#F1DFDC	#FEFEFE
5097	#DDD8EC	#FEFEFE
5098	#F0DCDA	#FEFEFE
5099	#FEFDFD	#FFFFFF
5100	#F7EDEB	#FFFFFF
5101	#D8D3EA	#FDFDFD
