group	fill	colour
1	#E1DDEF	#FCFCFC
2	#FEFCFC	#FFFFFF
3	#FAF9FC	#FFFFFF
4	#DED9ED	#FEFEFE
5	#DEDAED	#FEFEFE
6	#F2F0F8	#FFFFFF
7	#D3CDE7	#F9F9F9
8	#E7E4F2	#FDFDFD
9	#D3CDE7	#F7F7F7
10	#C9C2E2	#F5F5F5
11	#CFC9E5	#F1F1F1
12	#BFB8DC	#EFEFEF
13	#E0DCEE	#FBFBFB
14	#F3E5E3	#FEFEFE
15	#EEECF6	#FDFDFD
16	#D9D4EB	#F7F7F7
17	#E9E6F3	#FBFBFB
18	#F0EEF7	#FDFDFD
19	#E8E5F2	#FCFCFC
20	#F5F3F9	#FEFEFE
21	#DCD8EC	#FCFCFC
22	#C5BEDF	#F8F8F8
23	#DAD5EB	#FCFCFC
24	#DED9ED	#FDFDFD
25	#D5CFE8	#FEFEFE
26	#CDC7E4	#FCFCFC
27	#DED9ED	#FDFDFD
28	#EDEAF5	#FEFEFE
29	#E2DEEF	#FDFDFD
30	#EBE8F4	#FEFEFE
31	#E3DFF0	#FEFEFE
32	#EBD2CF	#FDFDFD
33	#CCC6E3	#FCFCFC
34	#EDEAF5	#FEFEFE
35	#F3F1F8	#FEFEFE
36	#FEFDFD	#FFFFFF
37	#EEECF6	#FEFEFE
38	#EFEDF6	#FEFEFE
39	#FBF6F6	#FFFFFF
40	#E1BEBA	#FEFEFE
41	#FBFAFD	#FFFFFF
42	#F1DFDD	#FEFEFE
43	#EDEAF5	#FEFEFE
44	#D9B0AB	#FDFDFD
45	#F7ECEB	#FFFFFF
46	#DCD7EC	#FEFEFE
47	#E1BEB9	#FEFEFE
48	#E8E5F3	#FEFEFE
49	#FAF9FC	#FFFFFF
50	#FAF9FC	#FFFFFF
51	#E3DFF0	#FCFCFC
52	#D7D1E9	#FAFAFA
53	#F7ECEB	#FFFFFF
54	#F6F5FA	#FFFFFF
55	#B7AFD8	#FDFDFD
56	#FBF6F5	#FFFFFF
57	#EFEDF6	#FEFEFE
58	#D8D2EA	#F9F9F9
59	#C5BDDF	#F7F7F7
60	#E8E5F3	#FCFCFC
61	#CEC8E5	#F6F6F6
62	#D4CEE8	#F6F6F6
63	#CFC9E5	#F7F7F7
64	#F0DDDA	#FEFEFE
65	#DAD5EB	#F9F9F9
66	#E0DCEE	#FAFAFA
67	#D1CBE6	#EEEEEE
68	#E0DBEE	#F8F8F8
69	#EFEDF6	#FDFDFD
70	#EDEAF5	#FDFDFD
71	#D9D4EA	#FBFBFB
72	#CBC5E3	#F9F9F9
73	#C5BEDF	#F8F8F8
74	#C4BDDF	#FCFCFC
75	#FAF4F3	#FFFFFF
76	#D1CBE6	#FCFCFC
77	#DEDAED	#FDFDFD
78	#DEDAED	#FEFEFE
79	#F9F1F0	#FFFFFF
80	#FDFAFA	#FFFFFF
81	#D3CEE7	#FDFDFD
82	#FCF8F7	#FFFFFF
83	#FBF6F5	#FFFFFF
84	#F1E0DD	#FEFEFE
85	#EFECF6	#FEFEFE
86	#E6E3F2	#FEFEFE
87	#F7F5FB	#FFFFFF
88	#E9CECA	#FDFDFD
89	#EDEAF5	#FEFEFE
90	#ECD5D2	#FEFEFE
91	#EBD4D0	#FEFEFE
92	#EBD3D0	#FEFEFE
93	#C4BDDF	#FCFCFC
94	#F1DFDD	#FEFEFE
95	#EBD4D0	#FEFEFE
96	#F8EEED	#FFFFFF
97	#EFECF6	#FEFEFE
98	#B8B0D8	#FBFBFB
99	#E1BEBA	#FEFEFE
102	#D3CEE7	#F8F8F8
103	#D3CDE7	#F7F7F7
104	#F1DFDD	#FEFEFE
105	#EBE8F4	#FEFEFE
106	#F8EEED	#FFFFFF
108	#E2DEEF	#FDFDFD
109	#D7D2E9	#FAFAFA
110	#D3CDE7	#F8F8F8
111	#DDD9ED	#F7F7F7
112	#C9C2E1	#F1F1F1
113	#CDC7E4	#F4F4F4
114	#CCC6E3	#F4F4F4
115	#FAF9FC	#FFFFFF
116	#E4E0F0	#FBFBFB
117	#D3CDE7	#F2F2F2
118	#D4CFE8	#F2F2F2
119	#E5E1F1	#FCFCFC
120	#FBFBFD	#FFFFFF
121	#D7D1E9	#FBFBFB
122	#D9D4EA	#FBFBFB
123	#ECE9F5	#FEFEFE
124	#E6E3F2	#FEFEFE
125	#D2CCE7	#FCFCFC
126	#F2F0F8	#FEFEFE
127	#D4CFE8	#FCFCFC
128	#D7D2E9	#FDFDFD
129	#EDD7D4	#FEFEFE
130	#E6E2F1	#FEFEFE
131	#F2F0F8	#FEFEFE
132	#D4CEE8	#FCFCFC
133	#F7EDEC	#FFFFFF
134	#FDFBFA	#FFFFFF
135	#F1DFDD	#FEFEFE
136	#EAE7F4	#FEFEFE
137	#C3BBDE	#FDFDFD
138	#C3BCDE	#FAFAFA
139	#EFECF6	#FEFEFE
140	#F8F8FB	#FFFFFF
141	#EFECF6	#FEFEFE
142	#F7ECEB	#FFFFFF
143	#C1B9DD	#FBFBFB
144	#FBF6F5	#FFFFFF
145	#F7F6FB	#FFFFFF
146	#DCD7EC	#FEFEFE
147	#E8E5F3	#FEFEFE
148	#EDEBF5	#FEFEFE
149	#DDD8EC	#FEFEFE
150	#EBD3D0	#FEFEFE
151	#EBD4D0	#FEFEFE
152	#E6E2F1	#FDFDFD
153	#BCB4DB	#F8F8F8
154	#EDEAF5	#FEFEFE
155	#D3CEE7	#FDFDFD
156	#DDD8EC	#FEFEFE
157	#DCD7EC	#FEFEFE
158	#D4CEE8	#FDFDFD
159	#F7EDEC	#FEFEFE
160	#DDD8EC	#FEFEFE
161	#FAF9FC	#FFFFFF
162	#CF9C96	#FCFCFC
163	#FAFAFC	#FFFFFF
164	#E8CECA	#FEFEFE
165	#FEFCFC	#FFFFFF
166	#F9F8FC	#FFFFFF
167	#DED9ED	#FDFDFD
168	#D4CEE7	#FAFAFA
169	#BBB3DA	#F1F1F1
170	#C6BFE0	#F7F7F7
171	#BCB4DB	#F2F2F2
172	#B7AFD8	#F5F5F5
173	#CCC5E3	#F9F9F9
174	#BEB6DC	#FAFAFA
175	#988EC7	#F5F5F5
176	#D6D1E9	#F9F9F9
177	#BFB7DC	#F9F9F9
178	#A89FD0	#F6F6F6
179	#EAE7F4	#FEFEFE
180	#DDD9ED	#FEFEFE
181	#E4E0F0	#FEFEFE
182	#E4E1F1	#FEFEFE
183	#EDEAF5	#FEFEFE
184	#FBF6F6	#FFFFFF
185	#F4E5E3	#FEFEFE
186	#F9F1F0	#FFFFFF
187	#DCD8EC	#FAFAFA
188	#EBD3D0	#FEFEFE
189	#F1DFDD	#FEFEFE
190	#E3C3BF	#FDFDFD
191	#EEECF6	#FFFFFF
192	#CDC6E4	#FCFCFC
193	#F3E5E3	#FEFEFE
194	#EED9D6	#FEFEFE
195	#FEFDFD	#FFFFFF
196	#F9F8FC	#FFFFFF
197	#FFFEFE	#FFFFFF
198	#D7D1E9	#F3F3F3
199	#EEECF6	#FDFDFD
200	#F6F5FA	#FEFEFE
201	#F0EDF7	#FDFDFD
202	#DCD8EC	#F9F9F9
203	#9F95CB	#F7F7F7
204	#D4CEE8	#FBFBFB
205	#E8E4F2	#FDFDFD
206	#D5CFE8	#FDFDFD
207	#FBFAFD	#FFFFFF
208	#C3BBDE	#FDFDFD
209	#E5E1F1	#FEFEFE
210	#E9E5F3	#FEFEFE
211	#ACA3D2	#FAFAFA
216	#DEDAED	#FBFBFB
217	#EDEAF5	#FEFEFE
218	#DEDAED	#FDFDFD
219	#E8E5F3	#FEFEFE
220	#B4ACD6	#F1F1F1
221	#D7D2E9	#F8F8F8
222	#C6BFE0	#F3F3F3
223	#B7AFD8	#F3F3F3
224	#C5BEE0	#FAFAFA
225	#C4BCDF	#F9F9F9
226	#C3BCDF	#F9F9F9
227	#E8E5F3	#FCFCFC
228	#F8F7FB	#FFFFFF
229	#E5E1F1	#FEFEFE
230	#DED9ED	#FDFDFD
231	#E4E1F1	#FEFEFE
232	#D9AFAA	#FDFDFD
233	#E5E1F1	#FEFEFE
234	#E8E5F3	#FEFEFE
235	#FEFCFC	#FFFFFF
236	#F2E2E0	#FEFEFE
237	#F1E0DE	#FEFEFE
238	#BDB5DB	#F5F5F5
239	#E6C9C5	#FDFDFD
240	#D3CDE7	#FDFDFD
241	#ECD5D2	#FEFEFE
242	#FFFEFE	#FFFFFF
243	#EED9D6	#FEFEFE
244	#DBD6EC	#FEFEFE
245	#FAFAFD	#FFFFFF
246	#F3E5E3	#FEFEFE
247	#FEFDFD	#FFFFFF
248	#E4E0F0	#FBFBFB
249	#D9D4EB	#F9F9F9
250	#EFEDF6	#FCFCFC
251	#E0DCEE	#F8F8F8
252	#CCC6E4	#F7F7F7
253	#D8D2EA	#FBFBFB
254	#CCC5E3	#F9F9F9
255	#D9D4EB	#FAFAFA
256	#D3CDE7	#F6F6F6
257	#DFDAED	#FEFEFE
258	#FAF9FC	#FFFFFF
259	#E5E1F1	#FEFEFE
260	#F9F8FC	#FFFFFF
261	#E9E5F3	#FEFEFE
262	#F7F6FB	#FFFFFF
263	#F7ECEA	#FFFFFF
264	#F8EFED	#FFFFFF
265	#D4CFE8	#FEFEFE
266	#C3BCDE	#F9F9F9
267	#D5CFE8	#FDFDFD
268	#D4CEE7	#FDFDFD
269	#EFECF6	#FFFFFF
270	#E6E2F1	#FEFEFE
271	#D0CAE5	#F6F6F6
272	#CCC5E3	#F6F6F6
273	#C5BDDF	#F5F5F5
274	#C8C1E1	#F8F8F8
275	#8277BB	#F6F6F6
276	#BEB6DB	#FAFAFA
277	#D5D0E8	#FBFBFB
278	#C2BADE	#FAFAFA
279	#B7AFD8	#F8F8F8
280	#FAF9FC	#FFFFFF
281	#E6E2F1	#FEFEFE
282	#FEFDFD	#FFFFFF
283	#EFECF6	#FEFEFE
284	#E6E2F1	#FEFEFE
285	#DCD7EC	#FEFEFE
286	#EFEDF6	#FEFEFE
287	#E4E0F0	#FEFEFE
288	#E2DEEF	#FCFCFC
289	#EBD3D0	#FEFEFE
290	#EFECF6	#FEFEFE
291	#FEFDFC	#FFFFFF
292	#F6F5FA	#FFFFFF
293	#F7ECEB	#FFFFFF
294	#F4E6E4	#FEFEFE
295	#FBFAFD	#FFFFFF
296	#EAE7F4	#FEFEFE
297	#FBFAFD	#FFFFFF
298	#D4CEE7	#FDFDFD
299	#D4CEE7	#FBFBFB
300	#F8F7FB	#FEFEFE
301	#E5E2F1	#FAFAFA
302	#F0EEF7	#FDFDFD
303	#F0EEF7	#FDFDFD
304	#E0DCEE	#FCFCFC
305	#D9D4EA	#FBFBFB
306	#C9C2E1	#FAFAFA
307	#DDD8EC	#FAFAFA
308	#FAF9FC	#FFFFFF
309	#F2F0F8	#FFFFFF
310	#F4E6E4	#FEFEFE
311	#F4E6E4	#FEFEFE
312	#B6AED8	#FBFBFB
313	#CDC6E4	#FCFCFC
314	#E8E5F3	#FEFEFE
315	#D5CFE8	#FEFEFE
316	#DBD7EC	#FEFEFE
317	#BBB3DA	#F5F5F5
318	#E4E1F1	#FEFEFE
319	#FEFDFD	#FFFFFF
320	#B8AFD8	#F8F8F8
321	#D8D3EA	#FCFCFC
322	#B2A9D5	#EDEDED
323	#C3BCDE	#F5F5F5
324	#C8C1E1	#F7F7F7
325	#9F95CB	#F7F7F7
326	#C4BCDF	#F9F9F9
327	#C3BCDF	#F7F7F7
328	#C7C0E0	#F8F8F8
329	#C1B9DD	#FAFAFA
330	#C6BFE0	#FAFAFA
331	#D7D2E9	#FDFDFD
332	#F1E0DE	#FEFEFE
333	#D4CFE8	#FDFDFD
334	#FFFFFF	#FFFFFF
335	#DDD8EC	#FEFEFE
336	#FEFCFC	#FFFFFF
337	#FAF9FC	#FFFFFF
338	#ECD5D2	#FEFEFE
339	#CBC5E3	#FAFAFA
340	#F7ECEB	#FFFFFF
341	#DCD8EC	#FEFEFE
342	#E6C8C4	#FDFDFD
343	#ECD5D2	#FEFEFE
344	#F9F1F0	#FFFFFF
345	#F7ECEB	#FFFFFF
346	#E4C4C0	#FDFDFD
347	#F9F2F1	#FFFFFF
348	#D3CEE7	#FDFDFD
349	#DAD5EB	#FAFAFA
350	#D5CFE8	#F6F6F6
351	#EBE9F4	#FCFCFC
352	#F4F2F9	#FDFDFD
353	#E1DDEF	#FAFAFA
354	#DEDAED	#FCFCFC
355	#DAD5EB	#FBFBFB
356	#CBC5E3	#F9F9F9
357	#DBD7EC	#F7F7F7
358	#DFDAED	#F9F9F9
359	#DEDAED	#FDFDFD
360	#AFA6D3	#FCFCFC
361	#E7E3F2	#FEFEFE
362	#B7AFD8	#FDFDFD
363	#E2C0BC	#FDFDFD
364	#F1DFDD	#FEFEFE
367	#D1CBE6	#F9F9F9
368	#F1DFDD	#FEFEFE
369	#FEFDFC	#FFFFFF
370	#8F85C2	#F9F9F9
371	#E4E1F1	#FEFEFE
372	#C9C3E2	#F9F9F9
373	#A096CB	#EAEAEA
374	#B5ADD7	#EFEFEF
375	#ABA2D1	#F1F1F1
376	#BFB7DC	#F9F9F9
377	#D6D0E9	#FBFBFB
378	#C5BEE0	#F6F6F6
379	#BEB6DB	#F7F7F7
380	#BDB4DB	#F8F8F8
381	#EAE7F4	#FEFEFE
382	#FEFCFC	#FFFFFF
383	#DDD9ED	#FDFDFD
384	#E9CECB	#FEFEFE
385	#CBC4E3	#FCFCFC
386	#EDEAF5	#FEFEFE
387	#FBF6F6	#FFFFFF
388	#ECD5D1	#FEFEFE
389	#B3AAD6	#F1F1F1
390	#F7EDEC	#FEFEFE
391	#F1E0DD	#FEFEFE
392	#E2C0BC	#FDFDFD
393	#F4E7E5	#FEFEFE
394	#EED9D6	#FEFEFE
395	#ECD5D2	#FEFEFE
396	#E9E5F3	#FEFEFE
397	#DBD7EC	#FEFEFE
398	#D9AFAA	#FDFDFD
399	#FDFBFA	#FFFFFF
400	#D8D2EA	#F8F8F8
401	#ECE9F5	#FDFDFD
402	#EDEAF5	#FDFDFD
403	#EFEDF6	#FDFDFD
404	#DDD8EC	#F6F6F6
405	#DCD7EC	#FBFBFB
406	#C7C0E1	#F7F7F7
407	#CBC4E3	#FAFAFA
408	#DFDBEE	#F8F8F8
409	#E5E1F1	#FAFAFA
410	#D4CEE7	#FDFDFD
411	#E9E5F3	#FEFEFE
412	#FBF6F5	#FFFFFF
413	#EFECF6	#FEFEFE
414	#AEA5D3	#FCFCFC
415	#F7ECEB	#FFFFFF
416	#D5CFE8	#FEFEFE
417	#B8AFD8	#FDFDFD
418	#C5BEE0	#F8F8F8
419	#DDD8EC	#FEFEFE
420	#E6E3F2	#FEFEFE
421	#C4BDDF	#FCFCFC
422	#D0CAE5	#FBFBFB
423	#C7C0E1	#F8F8F8
424	#A79DCF	#EFEFEF
425	#CAC3E2	#F5F5F5
426	#C7C0E1	#F8F8F8
427	#BAB1D9	#F7F7F7
428	#D9D4EB	#FCFCFC
429	#D3CEE7	#FCFCFC
430	#CFC8E5	#FAFAFA
431	#C5BEDF	#FAFAFA
432	#B8AFD8	#FAFAFA
433	#F2F0F8	#FFFFFF
434	#D7D2E9	#FDFDFD
435	#C5BDDF	#FCFCFC
436	#E5E1F1	#FEFEFE
437	#F9F1F0	#FFFFFF
438	#FEFDFD	#FFFFFF
439	#D5CFE8	#FDFDFD
440	#E0DCEE	#FBFBFB
441	#F7ECEB	#FFFFFF
442	#D9B0AB	#FDFDFD
443	#FBF6F6	#FFFFFF
444	#F8EEED	#FFFFFF
445	#C3BBDE	#FDFDFD
446	#EEECF6	#FEFEFE
447	#F0DCDA	#FEFEFE
448	#FBFBFD	#FFFFFF
449	#FBFAFD	#FFFFFF
450	#D4CEE7	#F6F6F6
451	#D8D3EA	#F9F9F9
452	#E8E5F3	#FCFCFC
453	#EDEBF5	#FCFCFC
454	#EAE7F4	#FCFCFC
455	#F0EEF7	#FEFEFE
456	#DEDAED	#FBFBFB
457	#CCC5E3	#FBFBFB
458	#DDD8EC	#F5F5F5
459	#D6D1E9	#F4F4F4
460	#D9D3EA	#F7F7F7
461	#F7F6FB	#FFFFFF
462	#DDD8ED	#FEFEFE
463	#FEFDFD	#FFFFFF
464	#E9E5F3	#FEFEFE
465	#E4E0F0	#FEFEFE
466	#958BC6	#F9F9F9
467	#C3BBDE	#FDFDFD
468	#CCC5E3	#FAFAFA
469	#E9E5F3	#FEFEFE
470	#FAF9FC	#FFFFFF
471	#E2DEEF	#FDFDFD
472	#EEEBF6	#FEFEFE
473	#E6E3F1	#FEFEFE
474	#CEC8E4	#FCFCFC
475	#CDC6E4	#F5F5F5
476	#B9B1D9	#F2F2F2
477	#A298CC	#F0F0F0
478	#E2DEEF	#FDFDFD
479	#D6D1E9	#FCFCFC
480	#B2A9D5	#F7F7F7
481	#C7C0E0	#FCFCFC
482	#EBE8F4	#FEFEFE
483	#DDD9ED	#FDFDFD
484	#F4E6E4	#FEFEFE
485	#E4E1F1	#FEFEFE
486	#FEFCFC	#FFFFFF
487	#ECE9F5	#FEFEFE
488	#EEECF6	#FFFFFF
489	#DDD8ED	#FEFEFE
490	#D7D1E9	#F9F9F9
491	#E5E1F1	#FEFEFE
492	#DED9ED	#FDFDFD
493	#FAF9FC	#FFFFFF
494	#EAE7F4	#FEFEFE
495	#FBFAFD	#FFFFFF
496	#F7EDEB	#FFFFFF
497	#C28780	#FAFAFA
498	#FEFDFD	#FFFFFF
499	#F7F5FA	#FFFFFF
500	#E4C4C0	#FDFDFD
501	#DFDBEE	#FAFAFA
502	#D7D1E9	#F8F8F8
503	#D8D2EA	#FAFAFA
504	#D8D2EA	#F7F7F7
505	#EEEBF6	#FDFDFD
506	#F4F2F9	#FEFEFE
507	#FEFEFE	#FFFFFF
508	#DFDAED	#FCFCFC
509	#E4E0F0	#F8F8F8
510	#CBC5E3	#F4F4F4
511	#C7C0E0	#F2F2F2
512	#FBFAFD	#FFFFFF
513	#EFEDF7	#FFFFFF
514	#F7F5FA	#FFFFFF
515	#E8E5F3	#FEFEFE
516	#EEECF6	#FEFEFE
517	#FBF6F6	#FFFFFF
518	#D4CFE8	#FEFEFE
519	#CFC8E5	#F8F8F8
520	#FBFAFD	#FFFFFF
521	#C4BDDF	#FCFCFC
522	#D8D2EA	#FDFDFD
523	#C2BADE	#FBFBFB
524	#DCD7EC	#FEFEFE
525	#CCC5E3	#FBFBFB
526	#D0CAE6	#F8F8F8
527	#BAB1D9	#F2F2F2
528	#A298CD	#F4F4F4
529	#D9D4EA	#FCFCFC
530	#E1DDEF	#FBFBFB
531	#D4CEE7	#FCFCFC
532	#ECD5D2	#FEFEFE
533	#F9F8FC	#FFFFFF
534	#C2BBDE	#FAFAFA
535	#FBFAFD	#FFFFFF
536	#EDEAF5	#FEFEFE
537	#D7D1E9	#FDFDFD
538	#F9F1F0	#FFFFFF
539	#FFFEFE	#FFFFFF
540	#FEFCFC	#FFFFFF
541	#DBD6EB	#FAFAFA
542	#F6F4FA	#FFFFFF
543	#DFBCB7	#FCFCFC
544	#F6F5FA	#FFFFFF
545	#D4A6A0	#FCFCFC
546	#F8EEED	#FFFFFF
547	#F9F2F0	#FFFFFF
548	#E4E1F1	#FEFEFE
549	#F4E5E4	#FEFEFE
550	#F7ECEB	#FFFFFF
551	#CAC4E2	#F6F6F6
552	#E1DDEF	#FAFAFA
553	#DCD7EC	#FAFAFA
554	#E1DDEF	#FAFAFA
555	#DAD4EB	#F3F3F3
556	#BFB7DC	#F8F8F8
557	#EBE8F4	#FDFDFD
558	#F1EFF8	#FEFEFE
559	#E0DCEE	#F8F8F8
560	#D4CEE8	#F5F5F5
561	#DAD5EB	#F8F8F8
562	#D8D3EA	#F9F9F9
563	#CCC6E3	#FDFDFD
564	#D4CFE8	#FEFEFE
565	#ECD5D2	#FEFEFE
566	#DED9ED	#FEFEFE
567	#D5CFE8	#FDFDFD
568	#E7E3F2	#FEFEFE
569	#D6D1E9	#FBFBFB
570	#EBD4D0	#FEFEFE
571	#DDD8EC	#FEFEFE
572	#A096CB	#FBFBFB
573	#CBC5E3	#FCFCFC
574	#DCD7EC	#FEFEFE
575	#B2A9D5	#FAFAFA
576	#D0CAE5	#FAFAFA
577	#C3BBDE	#F3F3F3
578	#9186C3	#EBEBEB
579	#E0DCEE	#FBFBFB
580	#DBD6EB	#FAFAFA
581	#8B80C0	#F8F8F8
582	#DDD8ED	#FEFEFE
583	#FAF9FC	#FFFFFF
584	#F5F4FA	#FFFFFF
585	#EBE9F4	#FEFEFE
586	#F7F6FB	#FFFFFF
587	#FBF5F5	#FFFFFF
588	#ACA3D2	#FAFAFA
589	#F3F1F8	#FFFFFF
590	#EFECF6	#FEFEFE
591	#C2BBDE	#F5F5F5
592	#FBF6F5	#FFFFFF
593	#D5CFE8	#FEFEFE
594	#F1DFDD	#FEFEFE
595	#D4A5A0	#FCFCFC
596	#F2E1DE	#FEFEFE
597	#EEEBF6	#FFFFFF
598	#B8AFD8	#FDFDFD
599	#CF9D97	#FCFCFC
600	#F6F5FA	#FFFFFF
601	#E4C4C0	#FDFDFD
602	#E2DEEF	#FCFCFC
603	#C3BCDF	#F3F3F3
604	#D9D4EA	#F9F9F9
605	#F6F5FA	#FEFEFE
606	#CEC8E4	#EFEFEF
607	#D3CDE7	#F9F9F9
608	#EDEAF5	#FDFDFD
609	#D4CEE8	#FAFAFA
610	#DFDAED	#F9F9F9
611	#F3F1F8	#FDFDFD
612	#D3CDE7	#F8F8F8
613	#D5CFE8	#F8F8F8
614	#DEDAED	#FDFDFD
615	#EBD4D0	#FEFEFE
616	#EAE7F4	#FEFEFE
617	#F9F8FC	#FFFFFF
618	#EFEDF7	#FFFFFF
619	#D0CAE6	#FCFCFC
620	#D2CCE6	#FAFAFA
621	#FBFAFD	#FFFFFF
622	#FAF9FC	#FFFFFF
623	#D4CEE7	#FDFDFD
624	#D7D1E9	#FDFDFD
625	#CEC7E4	#FDFDFD
626	#F0EDF7	#FEFEFE
627	#C1B9DD	#F4F4F4
628	#BCB4DB	#EFEFEF
629	#A49ACE	#EDEDED
630	#CEC7E4	#FBFBFB
631	#B4ABD6	#F1F1F1
632	#A197CC	#FBFBFB
633	#AAA1D1	#F4F4F4
634	#DED9ED	#FDFDFD
635	#EDEBF5	#FEFEFE
636	#EDEAF5	#FEFEFE
637	#F2F0F8	#FEFEFE
638	#F9F8FC	#FFFFFF
639	#E3DFF0	#FEFEFE
640	#F7EDEC	#FEFEFE
641	#E4E1F1	#FEFEFE
642	#DFDBEE	#FCFCFC
643	#EDEAF5	#FEFEFE
644	#F8EEED	#FFFFFF
645	#F1E0DE	#FEFEFE
646	#E9CECB	#FEFEFE
647	#EFEDF6	#FEFEFE
648	#EBD4D0	#FEFEFE
649	#F1E0DE	#FEFEFE
650	#E6E3F1	#FEFEFE
651	#D9AFAA	#FDFDFD
652	#C9C2E1	#F7F7F7
653	#D2CDE7	#F8F8F8
654	#C7C0E1	#F4F4F4
655	#DAD5EB	#F9F9F9
656	#E9E5F3	#FBFBFB
657	#EAE7F4	#FDFDFD
658	#ACA3D2	#F2F2F2
659	#BFB7DC	#F8F8F8
660	#DFDAED	#F9F9F9
661	#E1DDEF	#FAFAFA
662	#DAD5EB	#F8F8F8
663	#E0DCEE	#FAFAFA
664	#C7C0E1	#F6F6F6
665	#B7AFD8	#FBFBFB
666	#C3BBDE	#FDFDFD
667	#E6E2F1	#FEFEFE
668	#E1BEB9	#FEFEFE
669	#DEDAED	#FDFDFD
670	#DFDAEE	#FCFCFC
671	#E3E0F0	#FEFEFE
672	#DDD8EC	#FEFEFE
673	#FAFAFC	#FFFFFF
674	#C3BBDE	#FDFDFD
675	#E7E3F2	#FEFEFE
676	#A89ECF	#FBFBFB
677	#C3BBDE	#FAFAFA
678	#B5ACD7	#F2F2F2
679	#C7C0E1	#F5F5F5
680	#C8C1E1	#F6F6F6
681	#CDC6E4	#F6F6F6
682	#C3BBDE	#FAFAFA
683	#B9B1D9	#F9F9F9
684	#D3CDE7	#FCFCFC
685	#FDFBFA	#FFFFFF
686	#C2BBDE	#FAFAFA
687	#A096CB	#FBFBFB
688	#F9F9FC	#FFFFFF
689	#AEA5D3	#FCFCFC
690	#EFEDF6	#FEFEFE
691	#D1CAE6	#FCFCFC
692	#D4CEE8	#FAFAFA
693	#D7D2E9	#FDFDFD
694	#F9F8FC	#FFFFFF
695	#F8EEED	#FFFFFF
696	#FEFDFC	#FFFFFF
697	#E8E5F3	#FEFEFE
698	#FAF9FC	#FFFFFF
699	#F7EDEB	#FEFEFE
700	#E9E5F3	#FEFEFE
701	#FBF6F5	#FFFFFF
702	#E9E6F3	#FEFEFE
703	#BEB6DC	#F3F3F3
704	#DAD5EB	#FCFCFC
705	#CDC6E4	#F7F7F7
706	#DBD6EB	#F9F9F9
707	#DCD8EC	#F9F9F9
708	#DDD8ED	#FBFBFB
709	#ECEAF5	#FEFEFE
710	#CBC5E3	#F7F7F7
711	#EDEBF5	#FDFDFD
712	#C8C1E1	#F4F4F4
713	#CFC9E5	#F7F7F7
714	#BEB6DC	#EEEEEE
715	#CFC8E5	#F9F9F9
716	#E6E2F1	#FEFEFE
717	#D5D0E8	#FDFDFD
718	#E6E2F1	#FEFEFE
719	#B8AFD8	#FBFBFB
720	#D1CBE6	#FCFCFC
721	#E3DFF0	#FCFCFC
722	#D9D4EB	#FCFCFC
723	#EBD3D0	#FEFEFE
724	#DDD8ED	#FEFEFE
725	#FAF9FC	#FFFFFF
726	#A399CD	#F8F8F8
727	#D1CBE6	#FCFCFC
728	#C7C0E1	#F8F8F8
729	#ACA3D2	#F2F2F2
730	#C4BDDF	#F5F5F5
731	#CAC3E2	#F9F9F9
732	#C4BDDF	#F5F5F5
733	#BAB2DA	#F8F8F8
734	#E2DEEF	#FDFDFD
735	#DDD8EC	#FDFDFD
736	#D7D2E9	#FDFDFD
737	#FFFFFF	#FFFFFF
738	#F2F0F8	#FEFEFE
739	#AEA5D3	#FCFCFC
740	#F9F9FC	#FFFFFF
741	#E4E1F1	#FEFEFE
742	#EFDCD9	#FEFEFE
743	#D4CEE7	#FAFAFA
744	#BEB6DC	#FCFCFC
745	#FBF6F5	#FFFFFF
746	#FBFAFD	#FFFFFF
747	#FAF9FC	#FFFFFF
748	#F8EEED	#FFFFFF
749	#F8EFED	#FFFFFF
750	#DDD8ED	#FEFEFE
751	#D3A59F	#FCFCFC
752	#F8EEED	#FFFFFF
753	#B2AAD5	#F2F2F2
754	#DED9ED	#FBFBFB
755	#C0B8DD	#F4F4F4
756	#E1DDEF	#FBFBFB
757	#D9D4EA	#FAFAFA
758	#CCC5E3	#F9F9F9
759	#EEECF6	#FEFEFE
760	#DCD8EC	#FBFBFB
761	#E4E0F0	#FCFCFC
762	#DBD6EB	#FAFAFA
763	#D4CEE8	#F8F8F8
764	#D5D0E8	#F7F7F7
765	#A096CB	#E9E9E9
766	#A49ACD	#EDEDED
767	#CDC7E4	#FCFCFC
768	#CCC5E3	#FDFDFD
769	#F3F1F8	#FFFFFF
770	#FAF9FC	#FFFFFF
771	#CBC5E3	#F6F6F6
772	#D7D2EA	#FDFDFD
773	#C6BFE0	#FAFAFA
774	#FAF9FC	#FFFFFF
775	#DDD8EC	#FEFEFE
776	#FBFAFD	#FFFFFF
777	#EFECF6	#FEFEFE
778	#DED9ED	#FEFEFE
779	#D7D1E9	#FBFBFB
780	#BAB2D9	#F6F6F6
781	#CBC4E2	#F8F8F8
782	#C9C2E2	#F6F6F6
783	#B4ABD6	#F3F3F3
784	#E1DDEF	#FDFDFD
785	#D8D3EA	#FDFDFD
786	#FDFBFB	#FFFFFF
787	#D5CFE8	#FDFDFD
788	#E6E2F1	#FEFEFE
789	#EDEAF5	#FEFEFE
790	#C2BBDE	#FAFAFA
791	#F2E2E0	#FEFEFE
792	#FCFBFD	#FFFFFF
793	#C7C0E1	#F6F6F6
794	#FBF6F6	#FFFFFF
795	#F1E0DD	#FEFEFE
796	#F9F8FC	#FFFFFF
797	#E0BDB9	#FEFEFE
798	#FBF7F6	#FFFFFF
799	#F3E4E3	#FEFEFE
800	#F1E0DD	#FEFEFE
801	#EED9D6	#FEFEFE
802	#FBFAFD	#FFFFFF
803	#E6C8C4	#FDFDFD
804	#D1CBE6	#F7F7F7
805	#DCD7EC	#FBFBFB
806	#CDC6E4	#F8F8F8
807	#C0B9DD	#F3F3F3
808	#BDB5DB	#F1F1F1
809	#BEB6DC	#FAFAFA
810	#F2F0F8	#FEFEFE
811	#C7C0E0	#F6F6F6
812	#F4F2F9	#FEFEFE
813	#E3DFF0	#FBFBFB
814	#D1CBE6	#F4F4F4
815	#A9A0D0	#F0F0F0
816	#CFC9E5	#F6F6F6
817	#B8AFD8	#F1F1F1
818	#AEA5D3	#FCFCFC
819	#FAF9FC	#FFFFFF
820	#C9C2E1	#FAFAFA
821	#F1E0DD	#FEFEFE
822	#DED9ED	#FCFCFC
823	#E4E0F0	#FEFEFE
824	#C1B9DD	#FBFBFB
825	#F8EEED	#FFFFFF
826	#D5CFE8	#FEFEFE
827	#D4CEE8	#FEFEFE
828	#CEC7E4	#FDFDFD
829	#ACA2D2	#F7F7F7
830	#B1A8D4	#F8F8F8
831	#C9C2E2	#FBFBFB
832	#BFB7DC	#F5F5F5
833	#D9D3EA	#FAFAFA
834	#B8AFD8	#F1F1F1
835	#B0A7D4	#F8F8F8
836	#EBE8F4	#FEFEFE
837	#F4E5E3	#FEFEFE
838	#F7ECEB	#FFFFFF
839	#ADA4D3	#FAFAFA
840	#B6AED7	#FBFBFB
841	#CCC5E3	#FDFDFD
842	#C5BEE0	#FBFBFB
843	#AEA5D3	#FCFCFC
844	#B6ADD7	#F4F4F4
845	#FAF9FC	#FFFFFF
846	#FEFCFC	#FFFFFF
847	#EEECF6	#FFFFFF
848	#E9CECA	#FEFEFE
849	#E8E5F3	#FEFEFE
850	#F1E0DE	#FEFEFE
851	#F8EEED	#FFFFFF
852	#E1BEBA	#FEFEFE
853	#EFEDF6	#FEFEFE
854	#D8D3EA	#FAFAFA
855	#CEC7E4	#F6F6F6
856	#C7C0E0	#F6F6F6
857	#D8D3EA	#FBFBFB
858	#E7E4F2	#FCFCFC
859	#CFC8E5	#FBFBFB
860	#D9D4EB	#FAFAFA
861	#CCC5E3	#F5F5F5
862	#EEECF6	#FDFDFD
863	#DCD7EC	#FBFBFB
864	#BDB5DB	#F4F4F4
865	#CAC3E2	#F6F6F6
866	#BAB1D9	#F2F2F2
867	#C4BDDF	#F1F1F1
868	#A59BCE	#EDEDED
869	#FEFEFD	#FFFFFF
870	#AFA6D3	#FCFCFC
871	#E8E5F3	#FEFEFE
872	#CBC4E3	#F9F9F9
873	#CCC5E3	#FDFDFD
874	#EEECF6	#FEFEFE
875	#867BBD	#F7F7F7
876	#E4E1F1	#FEFEFE
877	#C3BBDE	#FDFDFD
878	#B7AFD8	#FDFDFD
879	#C1B9DD	#FBFBFB
880	#D4CEE8	#FDFDFD
881	#C4BDDF	#FCFCFC
882	#A99FD0	#F0F0F0
883	#D9D4EA	#FBFBFB
884	#C2BADE	#F3F3F3
885	#AAA1D1	#F1F1F1
886	#AFA6D4	#F6F6F6
887	#E7E4F2	#FEFEFE
888	#EBE8F4	#FEFEFE
889	#EAE6F3	#FEFEFE
890	#BEB6DB	#FAFAFA
891	#CDC7E4	#FDFDFD
892	#E5E1F1	#FEFEFE
893	#EEEBF6	#FEFEFE
894	#BDB5DB	#F4F4F4
895	#F7ECEB	#FFFFFF
896	#D9B0AB	#FDFDFD
897	#CBC5E3	#FDFDFD
898	#FBF6F5	#FFFFFF
899	#E9E6F3	#FEFEFE
900	#F1E0DD	#FEFEFE
901	#EBD4D0	#FEFEFE
902	#EFECF6	#FFFFFF
903	#EDD7D4	#FEFEFE
904	#CF9D97	#FCFCFC
905	#E7E4F2	#FDFDFD
906	#D9D4EB	#FAFAFA
907	#C2BADE	#F5F5F5
908	#E4E0F0	#FCFCFC
909	#E8E5F3	#FDFDFD
910	#847ABC	#ECECEC
911	#D7D2E9	#FAFAFA
912	#D7D2E9	#F8F8F8
913	#CFC9E5	#F6F6F6
914	#D7D2E9	#FCFCFC
915	#A59BCE	#F5F5F5
916	#ADA3D2	#F5F5F5
917	#B1A8D5	#EFEFEF
918	#BEB6DC	#F3F3F3
919	#A49ACD	#F5F5F5
920	#BEB6DB	#FCFCFC
921	#DDD8EC	#FEFEFE
922	#DDD8ED	#FDFDFD
923	#BBB3DA	#F6F6F6
924	#FEFCFC	#FFFFFF
925	#DEDAED	#FDFDFD
926	#BCB4DB	#FBFBFB
927	#968BC6	#F9F9F9
928	#E1BEBA	#FEFEFE
929	#BEB6DC	#FCFCFC
930	#B2A9D5	#F7F7F7
931	#E6E3F2	#FEFEFE
932	#ADA3D2	#F7F7F7
933	#C0B8DC	#F9F9F9
934	#D2CCE7	#F7F7F7
935	#C3BCDE	#F5F5F5
936	#DAD5EB	#FCFCFC
937	#C8C1E1	#F9F9F9
938	#C2BADE	#FAFAFA
939	#CCC5E3	#FBFBFB
940	#D8D3EA	#FDFDFD
941	#F2F0F8	#FEFEFE
942	#E2DEEF	#FDFDFD
943	#F6F4FA	#FFFFFF
944	#F1EFF8	#FEFEFE
945	#CAC3E2	#F8F8F8
946	#FBF6F5	#FFFFFF
947	#ECD5D2	#FEFEFE
948	#ECD6D3	#FEFEFE
949	#E8CDCA	#FEFEFE
950	#D9B0AB	#FDFDFD
951	#F9F9FC	#FFFFFF
952	#FBF6F6	#FFFFFF
953	#FAFAFC	#FFFFFF
954	#D4CFE8	#FEFEFE
955	#CAC3E2	#F3F3F3
956	#D7D1E9	#F9F9F9
957	#CCC5E3	#F8F8F8
958	#E7E4F2	#FDFDFD
959	#CCC6E3	#F7F7F7
960	#E1DDEF	#FBFBFB
961	#DBD6EB	#F9F9F9
962	#BEB7DC	#F7F7F7
963	#CEC7E4	#F7F7F7
964	#B8AFD8	#EDEDED
965	#BEB6DB	#FAFAFA
966	#B5ACD7	#F4F4F4
967	#B7AFD8	#F1F1F1
968	#CFC9E5	#F9F9F9
969	#998EC7	#E9E9E9
970	#B0A7D4	#F1F1F1
971	#B7AED8	#FBFBFB
972	#A79ECF	#FBFBFB
973	#E4E1F1	#FCFCFC
974	#D4CEE7	#FDFDFD
975	#EFEDF7	#FEFEFE
976	#B2A9D5	#F5F5F5
977	#D8D3EA	#FCFCFC
978	#E9E6F3	#FEFEFE
979	#F8EEED	#FFFFFF
980	#E5E1F1	#FEFEFE
981	#CDC7E4	#FDFDFD
982	#B2A9D5	#FAFAFA
983	#ADA4D2	#F8F8F8
984	#DCD7EC	#FCFCFC
985	#C0B8DC	#F5F5F5
986	#D3CDE7	#F8F8F8
987	#B9B0D9	#F5F5F5
988	#D2CCE6	#FAFAFA
989	#D7D2E9	#FDFDFD
990	#EFEDF6	#FEFEFE
991	#E8E5F3	#FEFEFE
992	#FDFDFE	#FFFFFF
993	#F6F5FA	#FFFFFF
994	#F2F1F8	#FFFFFF
995	#E1DDEF	#FCFCFC
996	#D4CEE8	#FDFDFD
997	#FAF9FC	#FFFFFF
998	#D5CFE8	#FEFEFE
999	#E5E1F1	#FEFEFE
1000	#FAF9FC	#FFFFFF
1001	#EDEAF5	#FEFEFE
1002	#F1E0DD	#FEFEFE
1003	#F9F1F0	#FFFFFF
1004	#F8EEED	#FFFFFF
1005	#F1DFDD	#FEFEFE
1006	#D6D1E9	#FAFAFA
1007	#CCC5E3	#F8F8F8
1008	#BAB2DA	#F3F3F3
1009	#E0DCEE	#FCFCFC
1010	#D3CDE7	#FAFAFA
1011	#B7AED8	#F1F1F1
1012	#D5D0E8	#F9F9F9
1013	#A096CB	#F3F3F3
1014	#BFB7DC	#F4F4F4
1015	#CAC3E2	#F7F7F7
1016	#D0CAE5	#F9F9F9
1017	#BFB7DC	#F6F6F6
1018	#C2BBDE	#F3F3F3
1019	#AFA6D4	#F3F3F3
1020	#CAC4E2	#F6F6F6
1021	#9C92C9	#F1F1F1
1022	#A79DCF	#FBFBFB
1023	#D5CFE8	#FEFEFE
1024	#C5BEDF	#F3F3F3
1025	#796EB6	#F4F4F4
1026	#AFA5D3	#FCFCFC
1027	#C2BADE	#FAFAFA
1028	#CEC7E4	#FAFAFA
1029	#E4E1F1	#FEFEFE
1030	#D5CFE8	#FEFEFE
1031	#B7AFD8	#FDFDFD
1032	#B7AFD8	#FAFAFA
1033	#A197CC	#FBFBFB
1034	#C9C2E2	#FAFAFA
1035	#E7E4F2	#FDFDFD
1036	#AEA5D3	#F5F5F5
1037	#A89ECF	#EFEFEF
1038	#ABA2D1	#F4F4F4
1039	#BAB2DA	#F9F9F9
1040	#C3BBDE	#FAFAFA
1041	#E4E0F0	#FDFDFD
1042	#D8D3EA	#FCFCFC
1043	#CAC3E2	#FBFBFB
1044	#F1EFF7	#FEFEFE
1045	#DCD7EC	#FEFEFE
1046	#F4F3F9	#FEFEFE
1047	#F1DFDC	#FEFEFE
1048	#E1BEB9	#FEFEFE
1049	#E5E2F1	#FEFEFE
1050	#ECD5D2	#FEFEFE
1051	#FBF6F6	#FFFFFF
1052	#F9F9FC	#FFFFFF
1053	#E9CECA	#FEFEFE
1054	#F1E0DD	#FEFEFE
1055	#F1DFDD	#FEFEFE
1056	#BCB4DB	#F4F4F4
1057	#DBD6EB	#FAFAFA
1058	#D8D3EA	#FBFBFB
1059	#BBB3DA	#F6F6F6
1060	#B7AFD8	#F3F3F3
1061	#C7C0E0	#F7F7F7
1062	#BCB3DA	#F2F2F2
1063	#D1CBE6	#F9F9F9
1064	#B8B0D9	#F5F5F5
1065	#C5BDDF	#F6F6F6
1066	#E3DFF0	#FCFCFC
1067	#E4E0F0	#FDFDFD
1068	#D4CEE7	#FAFAFA
1069	#C7C0E1	#F6F6F6
1070	#AAA1D1	#EDEDED
1071	#9086C3	#EAEAEA
1072	#B9B1D9	#F2F2F2
1073	#A79ECF	#FBFBFB
1074	#D8D3EA	#FAFAFA
1075	#D4CEE8	#FDFDFD
1076	#D8D2EA	#FDFDFD
1077	#CEC7E4	#FDFDFD
1078	#978DC6	#EFEFEF
1079	#C6BFE0	#FAFAFA
1080	#CCC6E3	#FDFDFD
1081	#C3BBDE	#FDFDFD
1082	#9B91C9	#FAFAFA
1083	#C6BFE0	#FAFAFA
1084	#B8B0D9	#FAFAFA
1085	#D3CDE7	#FAFAFA
1086	#C4BDDF	#FCFCFC
1087	#BAB2DA	#F9F9F9
1088	#D3CEE7	#F9F9F9
1089	#BAB1D9	#F6F6F6
1090	#BAB1D9	#F7F7F7
1091	#D1CBE6	#FBFBFB
1092	#ECE9F5	#FEFEFE
1093	#EFEDF6	#FEFEFE
1094	#E4E0F0	#FEFEFE
1095	#C9C2E2	#FBFBFB
1096	#CFC9E5	#F8F8F8
1097	#FCFBFD	#FFFFFF
1098	#E6E2F1	#FEFEFE
1099	#CBC5E3	#FDFDFD
1100	#D1CBE6	#FCFCFC
1101	#F7EEEC	#FFFFFF
1102	#F9F9FC	#FFFFFF
1103	#FBF6F5	#FFFFFF
1104	#F7EDEB	#FFFFFF
1105	#D4A5A0	#FCFCFC
1106	#ECD5D2	#FEFEFE
1107	#EEEBF6	#FDFDFD
1108	#E4E0F0	#FCFCFC
1109	#D5D0E8	#F9F9F9
1110	#CEC8E5	#FAFAFA
1111	#E5E2F1	#FCFCFC
1112	#C7C0E1	#F8F8F8
1113	#C4BCDF	#F5F5F5
1114	#C1B9DD	#F6F6F6
1115	#E4E0F0	#FDFDFD
1116	#D8D3EA	#FBFBFB
1117	#C0B9DD	#F6F6F6
1118	#B4ABD6	#F7F7F7
1119	#E1DDEF	#FDFDFD
1120	#B4ABD6	#F3F3F3
1121	#C8C1E1	#F5F5F5
1122	#ACA3D2	#EFEFEF
1123	#D7D2E9	#FCFCFC
1124	#CBC5E3	#FDFDFD
1125	#EFECF6	#FEFEFE
1126	#8B81C0	#F8F8F8
1127	#7E74B9	#F5F5F5
1128	#8B80C0	#F8F8F8
1129	#CBC5E3	#FAFAFA
1130	#BAB2DA	#F8F8F8
1131	#E9E6F3	#FEFEFE
1133	#C7C0E1	#FCFCFC
1134	#867CBD	#F7F7F7
1135	#CCC6E3	#FDFDFD
1136	#D1CCE6	#F8F8F8
1137	#BEB7DC	#FAFAFA
1138	#9C92C9	#ECECEC
1139	#BAB2D9	#F1F1F1
1140	#A99FD0	#F0F0F0
1141	#D9D4EB	#FCFCFC
1142	#A39ACD	#F5F5F5
1143	#FCF8F7	#FFFFFF
1144	#FBF6F5	#FFFFFF
1145	#E6C8C4	#FDFDFD
1146	#F1E0DD	#FEFEFE
1147	#E0DBEE	#FCFCFC
1148	#F7F5FA	#FFFFFF
1149	#C3BBDE	#FDFDFD
1150	#D8D2EA	#FDFDFD
1151	#E6C8C4	#FDFDFD
1152	#EAE7F4	#FEFEFE
1153	#EDEAF5	#FEFEFE
1154	#FEFCFC	#FFFFFF
1155	#FAF9FC	#FFFFFF
1156	#F7ECEB	#FFFFFF
1157	#D7D2E9	#F9F9F9
1158	#E7E4F2	#FDFDFD
1159	#D2CCE6	#FAFAFA
1160	#C5BEE0	#F8F8F8
1161	#D0CAE5	#F8F8F8
1162	#DBD6EB	#FAFAFA
1163	#DBD6EC	#F7F7F7
1164	#CAC3E2	#F7F7F7
1165	#DDD8ED	#FEFEFE
1166	#EFECF6	#FFFFFF
1167	#DDD8ED	#FEFEFE
1168	#F9F9FC	#FFFFFF
1169	#F7F6FB	#FFFFFF
1170	#D4CFE8	#F9F9F9
1171	#B7AFD8	#EFEFEF
1172	#DDD8EC	#F9F9F9
1173	#C0B9DD	#F2F2F2
1174	#DCD7EC	#F7F7F7
1175	#FBF6F6	#FFFFFF
1176	#E2DEEF	#FAFAFA
1177	#D4CFE8	#F7F7F7
1178	#F6F5FA	#FEFEFE
1179	#D2CCE7	#F6F6F6
1180	#F0EEF7	#FDFDFD
1181	#DDD8EC	#FBFBFB
1182	#C8C1E1	#F6F6F6
1183	#B8B0D8	#F5F5F5
1184	#F8F7FB	#FFFFFF
1185	#CDC6E4	#FCFCFC
1186	#FAF9FC	#FFFFFF
1187	#E1DDEF	#FDFDFD
1188	#F0EEF7	#FEFEFE
1189	#EEECF6	#FFFFFF
1190	#EFEDF6	#FEFEFE
1191	#F9F1F0	#FFFFFF
1192	#F9F1F0	#FFFFFF
1193	#FBFAFD	#FFFFFF
1194	#E9E6F3	#FEFEFE
1195	#F9F8FC	#FFFFFF
1196	#E7E4F2	#FEFEFE
1197	#B8AFD8	#FBFBFB
1198	#F9F1F0	#FFFFFF
1199	#FBFAFD	#FFFFFF
1200	#F8EEED	#FFFFFF
1201	#D4CFE8	#FDFDFD
1202	#E8E5F3	#FEFEFE
1203	#D9B0AA	#FDFDFD
1204	#FBF6F5	#FFFFFF
1205	#AEA5D3	#FCFCFC
1206	#F5E8E6	#FEFEFE
1207	#E1BEB9	#FEFEFE
1208	#F7ECEB	#FFFFFF
1209	#CBC4E3	#FCFCFC
1210	#E4E0F0	#FEFEFE
1211	#E1BEB9	#FEFEFE
1212	#D5CFE8	#FEFEFE
1213	#E5E2F1	#FAFAFA
1214	#D5D0E8	#F5F5F5
1215	#C8C1E1	#F5F5F5
1216	#C3BBDE	#FDFDFD
1217	#F4E5E3	#FEFEFE
1218	#C3BBDE	#FDFDFD
1219	#E9E5F3	#FEFEFE
1220	#DDD9ED	#FDFDFD
1221	#C8C1E1	#F6F6F6
1222	#CEC7E4	#F4F4F4
1223	#C0B9DD	#F0F0F0
1224	#B7AFD8	#EBEBEB
1225	#DDD9ED	#F9F9F9
1226	#E5E1F1	#FEFEFE
1227	#C0B8DC	#F0F0F0
1228	#E5E2F1	#FBFBFB
1229	#E3DFF0	#FAFAFA
1230	#F3F1F8	#FEFEFE
1231	#D2CCE7	#FAFAFA
1232	#E9E5F3	#FDFDFD
1233	#DBD6EB	#FCFCFC
1234	#E8E5F3	#FEFEFE
1235	#DEDAED	#FDFDFD
1236	#D1CBE6	#FBFBFB
1237	#F7ECEB	#FFFFFF
1238	#E4E1F1	#FEFEFE
1239	#E5E1F1	#FEFEFE
1240	#D4A5A0	#FCFCFC
1241	#F4E6E4	#FEFEFE
1242	#EEECF6	#FEFEFE
1243	#F9F8FC	#FFFFFF
1244	#F6F5FA	#FFFFFF
1245	#FBF6F6	#FFFFFF
1246	#F3E4E2	#FEFEFE
1247	#F6EAE8	#FEFEFE
1248	#DDD8EC	#FEFEFE
1249	#EDD7D4	#FEFEFE
1250	#FAF9FC	#FFFFFF
1251	#FBF6F5	#FFFFFF
1252	#ECD5D2	#FEFEFE
1253	#F6F4FA	#FFFFFF
1254	#EEECF6	#FFFFFF
1255	#E6C8C4	#FDFDFD
1256	#A79DCF	#FBFBFB
1257	#F2F0F8	#FFFFFF
1258	#E4E1F1	#FEFEFE
1259	#E6E2F1	#FEFEFE
1260	#F7EDEB	#FFFFFF
1261	#EBD4D0	#FEFEFE
1262	#D4CFE8	#FEFEFE
1263	#C7C0E1	#F5F5F5
1264	#CCC6E3	#F8F8F8
1265	#D3CDE7	#F8F8F8
1266	#DBD6EC	#FBFBFB
1267	#D8D3EA	#FBFBFB
1268	#DCD7EC	#FBFBFB
1269	#E4E1F1	#FCFCFC
1270	#9C92C9	#F2F2F2
1271	#A59BCE	#F1F1F1
1272	#E4E0F0	#FCFCFC
1273	#B8AFD8	#F3F3F3
1274	#AAA0D0	#F4F4F4
1275	#897EBF	#EEEEEE
1276	#CFC9E5	#F8F8F8
1277	#B2A9D5	#F9F9F9
1278	#DCD7EC	#FEFEFE
1279	#BDB5DB	#F8F8F8
1280	#EDEBF5	#FEFEFE
1281	#E7E4F2	#FEFEFE
1282	#ADA4D2	#F8F8F8
1283	#C3BBDE	#FDFDFD
1284	#DDD8EC	#FEFEFE
1285	#958AC5	#F9F9F9
1286	#A49ACD	#F8F8F8
1287	#C6BFE0	#F7F7F7
1288	#D6D1E9	#FCFCFC
1289	#BDB5DB	#FBFBFB
1290	#BAB2D9	#F2F2F2
1291	#DBD6EC	#FAFAFA
1292	#B9B0D9	#F4F4F4
1293	#DDD8EC	#FBFBFB
1294	#F5F4FA	#FFFFFF
1295	#F6EAE8	#FEFEFE
1296	#DED9ED	#FDFDFD
1297	#E7E4F2	#FEFEFE
1298	#D6D1E9	#F8F8F8
1299	#E8E5F2	#FEFEFE
1300	#F6F4FA	#FFFFFF
1301	#FAFAFC	#FFFFFF
1302	#EFEDF6	#FEFEFE
1303	#FBFBFD	#FFFFFF
1304	#EFECF6	#FEFEFE
1305	#ECD5D2	#FEFEFE
1306	#F4E6E4	#FEFEFE
1307	#FEFDFD	#FFFFFF
1308	#D9B0AB	#FDFDFD
1309	#E7E4F2	#FDFDFD
1310	#D5CFE8	#F9F9F9
1311	#E8E5F3	#FDFDFD
1312	#CFC9E5	#F7F7F7
1313	#DDD9ED	#FCFCFC
1314	#D7D2E9	#FAFAFA
1315	#D2CDE7	#FBFBFB
1316	#B5ACD7	#F4F4F4
1317	#C6BFE0	#F6F6F6
1318	#BFB7DC	#F4F4F4
1319	#DAD5EB	#FCFCFC
1320	#D9D4EB	#FBFBFB
1321	#EEECF6	#FEFEFE
1322	#CAC3E2	#FBFBFB
1323	#C4BDDF	#F4F4F4
1324	#D5D0E8	#FBFBFB
1325	#A59BCE	#EEEEEE
1326	#B7AED8	#F4F4F4
1327	#DCD8EC	#FAFAFA
1328	#9B91C9	#FAFAFA
1329	#CBC5E3	#FDFDFD
1330	#AFA6D4	#F3F3F3
1331	#BBB3DA	#F9F9F9
1332	#D8D3EA	#FDFDFD
1333	#AAA1D1	#F1F1F1
1334	#D3CDE7	#FCFCFC
1335	#D4CEE8	#FDFDFD
1336	#D4CFE8	#FEFEFE
1337	#998FC8	#F6F6F6
1338	#CCC5E3	#F9F9F9
1339	#ACA2D2	#F9F9F9
1340	#A9A0D0	#F7F7F7
1341	#B3AAD5	#F0F0F0
1342	#D0C9E5	#F7F7F7
1343	#D5CFE8	#F8F8F8
1344	#BAB2D9	#F9F9F9
1345	#DDD9ED	#FDFDFD
1346	#EED9D6	#FEFEFE
1347	#C1BADD	#FBFBFB
1348	#F7EDEC	#FEFEFE
1349	#EEECF6	#FDFDFD
1350	#D6D1E9	#FDFDFD
1351	#E4E0F0	#FEFEFE
1352	#F4E6E4	#FEFEFE
1353	#FBFBFD	#FFFFFF
1354	#E6C8C4	#FDFDFD
1355	#EFEDF6	#FEFEFE
1356	#E8E5F3	#FEFEFE
1357	#F4E5E3	#FEFEFE
1358	#D4CFE8	#FEFEFE
1359	#EAE7F3	#FDFDFD
1360	#C1B9DD	#F8F8F8
1361	#CEC8E5	#F8F8F8
1362	#C9C2E2	#F7F7F7
1363	#EAE7F4	#FEFEFE
1364	#D6D0E8	#F9F9F9
1365	#AFA6D4	#EEEEEE
1366	#D3CDE7	#FBFBFB
1367	#C4BCDF	#F5F5F5
1368	#E4E1F1	#FCFCFC
1369	#CBC5E3	#F9F9F9
1370	#C9C3E2	#F9F9F9
1371	#D3CEE7	#F9F9F9
1372	#D4CEE8	#FBFBFB
1373	#D9D4EA	#FCFCFC
1374	#D2CCE7	#FAFAFA
1375	#BDB5DB	#F8F8F8
1376	#BBB2DA	#F6F6F6
1377	#BBB3DA	#F3F3F3
1378	#786EB6	#F4F4F4
1379	#FBFAFD	#FFFFFF
1380	#A79DCF	#FBFBFB
1381	#A89ED0	#F9F9F9
1382	#A197CC	#FBFBFB
1383	#ADA3D2	#F7F7F7
1384	#BAB2D9	#F4F4F4
1385	#A79ECF	#FBFBFB
1386	#C5BDDF	#FCFCFC
1387	#E4E1F1	#FEFEFE
1388	#C5BEE0	#F3F3F3
1389	#A49BCE	#F8F8F8
1390	#EDEAF5	#FEFEFE
1391	#978CC6	#F5F5F5
1392	#A49ACD	#F1F1F1
1393	#D4CEE8	#F7F7F7
1394	#C9C2E2	#F9F9F9
1395	#B4ABD6	#F5F5F5
1396	#D5CFE8	#FCFCFC
1397	#F3F1F8	#FEFEFE
1398	#E4E0F0	#FEFEFE
1399	#C9C2E2	#F9F9F9
1400	#E5E1F1	#FEFEFE
1401	#D4CEE8	#FDFDFD
1402	#E8E5F3	#FEFEFE
1403	#EBD4D0	#FEFEFE
1404	#D4A59F	#FCFCFC
1405	#FEFDFC	#FFFFFF
1406	#EEECF6	#FEFEFE
1407	#D9B0AA	#FDFDFD
1408	#F9F9FC	#FFFFFF
1409	#AFA5D3	#FCFCFC
1410	#DFDBEE	#FBFBFB
1411	#C3BCDE	#F7F7F7
1412	#DDD8EC	#FBFBFB
1413	#A59BCE	#F1F1F1
1414	#D9D4EA	#FBFBFB
1415	#B9B1D9	#F4F4F4
1416	#B2A9D5	#F2F2F2
1417	#CFC8E5	#F9F9F9
1418	#D1CBE6	#F9F9F9
1419	#D7D2E9	#FBFBFB
1420	#C5BEE0	#FAFAFA
1421	#E6E2F1	#FDFDFD
1422	#C3BBDE	#F8F8F8
1423	#ECEAF5	#FEFEFE
1424	#9B90C8	#F1F1F1
1425	#CBC4E3	#FAFAFA
1426	#CEC7E4	#F9F9F9
1427	#C1B9DD	#F5F5F5
1428	#C2BBDE	#F5F5F5
1429	#C8C2E1	#F9F9F9
1430	#C1B9DD	#FBFBFB
1431	#E4E0F0	#FEFEFE
1432	#9A8FC8	#F0F0F0
1433	#CCC5E3	#FDFDFD
1434	#B5ACD7	#F8F8F8
1435	#C3BCDE	#F6F6F6
1436	#CBC5E3	#FDFDFD
1437	#B7AFD8	#FDFDFD
1438	#AFA5D3	#FCFCFC
1439	#B3AAD6	#F1F1F1
1440	#ADA4D2	#F8F8F8
1441	#968CC6	#F5F5F5
1442	#8A80BF	#EFEFEF
1443	#B0A6D4	#F1F1F1
1444	#B8AFD8	#F1F1F1
1445	#C3BBDE	#F9F9F9
1446	#ACA2D2	#F9F9F9
1447	#DEDAED	#FDFDFD
1448	#EDEAF5	#FEFEFE
1449	#D6D1E9	#FDFDFD
1450	#D3CDE7	#F9F9F9
1451	#EEECF6	#FFFFFF
1452	#E1DDEF	#FDFDFD
1453	#EFECF6	#FEFEFE
1454	#C3BBDE	#FDFDFD
1455	#D4CFE8	#FEFEFE
1456	#FBF6F6	#FFFFFF
1457	#E5E1F1	#FEFEFE
1458	#E2C1BD	#FDFDFD
1459	#FAF9FC	#FFFFFF
1460	#EBE8F4	#FDFDFD
1461	#DAD5EB	#FAFAFA
1462	#B9B0D9	#F2F2F2
1463	#E4E1F1	#FDFDFD
1464	#D1CBE6	#F9F9F9
1465	#B9B1D9	#F6F6F6
1466	#C6BFE0	#F4F4F4
1467	#BFB8DC	#F3F3F3
1468	#B9B0D9	#F2F2F2
1469	#CEC7E4	#FAFAFA
1470	#DAD5EB	#FCFCFC
1471	#B7AED8	#F8F8F8
1472	#DAD5EB	#FBFBFB
1473	#D5D0E8	#FAFAFA
1474	#C5BEE0	#F9F9F9
1475	#BAB2DA	#F8F8F8
1476	#D2CCE7	#FCFCFC
1477	#B8B0D8	#F3F3F3
1478	#B8B0D8	#F3F3F3
1479	#BAB2DA	#F8F8F8
1480	#C0B8DD	#F5F5F5
1481	#DDD8ED	#FEFEFE
1482	#B7AFD8	#FDFDFD
1483	#E1DDEF	#FDFDFD
1484	#C7C0E1	#FCFCFC
1485	#B4ABD6	#F7F7F7
1486	#ADA3D2	#EFEFEF
1487	#C3BBDE	#FDFDFD
1488	#B7AFD8	#FDFDFD
1489	#BEB6DC	#F5F5F5
1490	#DDD9ED	#FEFEFE
1491	#B2AAD5	#F5F5F5
1492	#B0A7D4	#F8F8F8
1493	#A298CC	#F0F0F0
1494	#C5BEE0	#FAFAFA
1495	#B5ADD7	#F6F6F6
1496	#E2DEEF	#FCFCFC
1497	#CAC3E2	#FBFBFB
1498	#DEDAED	#FEFEFE
1499	#E8CDCA	#FEFEFE
1500	#D8D3EA	#FAFAFA
1501	#FEFDFD	#FFFFFF
1502	#DDD9ED	#FDFDFD
1503	#DED9ED	#FEFEFE
1504	#F0DDDA	#FEFEFE
1505	#EBE8F4	#FEFEFE
1506	#FBF7F6	#FFFFFF
1507	#DDD8EC	#FEFEFE
1508	#F1E0DD	#FEFEFE
1509	#EFECF6	#FFFFFF
1510	#FBFBFD	#FFFFFF
1511	#BEB6DC	#F4F4F4
1512	#D4CFE8	#F9F9F9
1513	#B9B1D9	#F6F6F6
1514	#CEC8E4	#F9F9F9
1515	#BFB7DC	#F5F5F5
1516	#B6ADD7	#F6F6F6
1517	#A096CB	#EAEAEA
1518	#CFC9E5	#F6F6F6
1519	#D0CAE6	#F9F9F9
1520	#C9C2E1	#F8F8F8
1521	#C5BEDF	#F8F8F8
1522	#CFC9E5	#F9F9F9
1523	#DDD9ED	#FBFBFB
1524	#CAC3E2	#F8F8F8
1525	#958AC5	#F9F9F9
1526	#E1DDEF	#FDFDFD
1527	#C0B8DD	#F5F5F5
1528	#D2CCE7	#FAFAFA
1529	#CEC7E4	#FCFCFC
1530	#CBC5E3	#FAFAFA
1531	#A096CB	#F3F3F3
1532	#DCD7EC	#FEFEFE
1533	#B7AFD8	#FDFDFD
1534	#A69CCF	#F2F2F2
1535	#D4CEE7	#FCFCFC
1536	#998EC7	#F5F5F5
1537	#A49BCE	#F1F1F1
1538	#E8E5F3	#FEFEFE
1539	#9B90C8	#FAFAFA
1540	#B7AFD8	#F3F3F3
1541	#8B81C0	#F8F8F8
1542	#9085C3	#F9F9F9
1543	#7369B3	#F2F2F2
1544	#AEA5D3	#FAFAFA
1545	#A89ED0	#F3F3F3
1546	#D3CEE7	#F8F8F8
1547	#BBB3DA	#F8F8F8
1548	#D3CDE7	#FCFCFC
1549	#D4CEE8	#FBFBFB
1550	#F9F1F0	#FFFFFF
1551	#CBC4E3	#F8F8F8
1552	#E5E1F1	#FEFEFE
1553	#CEC7E4	#FCFCFC
1554	#F2F0F8	#FFFFFF
1555	#EEECF6	#FEFEFE
1556	#E5E2F1	#FEFEFE
1557	#E8E5F3	#FEFEFE
1558	#E3DFF0	#FEFEFE
1559	#DCD7EC	#FEFEFE
1560	#FAF9FC	#FFFFFF
1561	#BFB7DC	#F6F6F6
1562	#C6BFE0	#F6F6F6
1563	#CDC7E4	#FAFAFA
1564	#D7D1E9	#FAFAFA
1565	#D0CAE6	#FBFBFB
1566	#C3BCDE	#F6F6F6
1567	#D8D2EA	#FAFAFA
1568	#CFC9E5	#F5F5F5
1569	#D1CAE6	#F8F8F8
1570	#CAC3E2	#F9F9F9
1571	#CFC9E5	#FBFBFB
1572	#D7D1E9	#FAFAFA
1573	#C5BEE0	#FAFAFA
1574	#DED9ED	#FDFDFD
1575	#DBD6EB	#FCFCFC
1576	#AFA6D4	#F6F6F6
1577	#C6BEE0	#FAFAFA
1578	#C9C3E2	#F7F7F7
1579	#B4ABD6	#F1F1F1
1580	#D5D0E8	#FBFBFB
1581	#D4CEE8	#FCFCFC
1582	#CBC5E3	#F9F9F9
1583	#D5CFE8	#FCFCFC
1584	#BEB6DC	#FCFCFC
1585	#BBB2DA	#F9F9F9
1586	#DCD7EC	#FEFEFE
1587	#B7AFD8	#F8F8F8
1588	#A096CB	#EFEFEF
1589	#DCD7EC	#FEFEFE
1590	#DBD6EC	#FCFCFC
1591	#FBF6F5	#FFFFFF
1592	#A69DCF	#F6F6F6
1593	#7C71B8	#F5F5F5
1594	#CBC4E3	#FCFCFC
1595	#8B81C0	#F0F0F0
1596	#9B91C9	#F1F1F1
1597	#A69CCF	#EEEEEE
1598	#BFB8DC	#F6F6F6
1599	#C5BEE0	#FAFAFA
1600	#E3E0F0	#FEFEFE
1601	#E3DFF0	#FCFCFC
1602	#DEDAED	#FEFEFE
1603	#DEDAED	#FEFEFE
1604	#FAF9FC	#FFFFFF
1605	#F7EDEB	#FFFFFF
1606	#E8CECA	#FEFEFE
1607	#F8EEED	#FFFFFF
1608	#FBFAFD	#FFFFFF
1609	#E4E1F1	#FEFEFE
1610	#CB968F	#FCFCFC
1611	#EEECF6	#FEFEFE
1612	#D1CBE6	#F8F8F8
1613	#CEC8E4	#F8F8F8
1614	#D9D3EA	#FBFBFB
1615	#C9C2E1	#FAFAFA
1616	#C6BEE0	#F8F8F8
1617	#8D82C1	#E7E7E7
1618	#CEC7E4	#F9F9F9
1619	#CEC8E5	#F8F8F8
1620	#AFA5D3	#F3F3F3
1621	#ECE9F5	#FEFEFE
1622	#C2BBDE	#FAFAFA
1623	#BCB4DB	#F8F8F8
1624	#E2DEEF	#FEFEFE
1625	#E1DCEF	#FCFCFC
1626	#BDB5DB	#F8F8F8
1627	#EBE9F4	#FEFEFE
1628	#DBD6EB	#FBFBFB
1629	#C2BBDE	#F8F8F8
1630	#D4CEE7	#F7F7F7
1631	#CBC4E3	#F9F9F9
1632	#C9C2E2	#FBFBFB
1633	#ADA4D2	#F5F5F5
1634	#B8AFD8	#FAFAFA
1635	#DDD8EC	#FEFEFE
1636	#C2BBDE	#FBFBFB
1637	#B8AFD8	#FBFBFB
1638	#CFC8E5	#FBFBFB
1639	#B9B0D9	#F7F7F7
1640	#A59BCE	#F8F8F8
1641	#B3ABD6	#F1F1F1
1642	#BEB6DC	#FCFCFC
1643	#B7AFD8	#FBFBFB
1644	#9085C2	#F9F9F9
1645	#C6BEE0	#FBFBFB
1646	#9A90C8	#F1F1F1
1647	#9C92C9	#F1F1F1
1648	#A59BCE	#EDEDED
1649	#E4E0F0	#FDFDFD
1650	#A9A0D0	#F7F7F7
1651	#D5CFE8	#FDFDFD
1652	#D0CAE5	#F9F9F9
1653	#DFDAED	#FEFEFE
1654	#DFDAEE	#FEFEFE
1655	#E6E3F2	#FEFEFE
1656	#F0DCDA	#FEFEFE
1657	#F6F5FA	#FFFFFF
1658	#EFECF6	#FFFFFF
1659	#EEECF6	#FFFFFF
1660	#E2C0BC	#FDFDFD
1661	#D3CDE7	#FDFDFD
1662	#D4CEE8	#F9F9F9
1663	#B9B0D9	#F7F7F7
1664	#B8AFD8	#F3F3F3
1665	#C8C1E1	#F8F8F8
1666	#D3CDE7	#FBFBFB
1667	#A79DCF	#EBEBEB
1668	#B2AAD5	#F2F2F2
1669	#A69CCF	#EEEEEE
1670	#D7D2EA	#FBFBFB
1671	#9B90C8	#F1F1F1
1672	#DEDAED	#FBFBFB
1673	#CBC4E3	#F9F9F9
1674	#D6D1E9	#FBFBFB
1675	#CFC9E5	#FBFBFB
1676	#E3DFF0	#FEFEFE
1677	#DAD5EB	#FBFBFB
1678	#DDD8EC	#FDFDFD
1679	#D8D2EA	#FDFDFD
1680	#C8C1E1	#F6F6F6
1681	#DDD9ED	#FCFCFC
1682	#C7C0E1	#FCFCFC
1683	#DAD5EB	#FCFCFC
1684	#A59BCE	#F1F1F1
1685	#C1B9DD	#FBFBFB
1686	#B7AFD8	#FDFDFD
1687	#B4ABD6	#F3F3F3
1688	#A197CC	#FBFBFB
1689	#ADA3D2	#FAFAFA
1690	#C3BCDF	#F9F9F9
1691	#D4CFE8	#F9F9F9
1692	#9086C3	#F9F9F9
1693	#A79ECF	#FBFBFB
1694	#E5E1F1	#FEFEFE
1695	#A49ACE	#F5F5F5
1696	#BAB2D9	#F9F9F9
1697	#9C92C9	#F6F6F6
1698	#C3BBDE	#F8F8F8
1699	#B6AED7	#F2F2F2
1700	#C1BADD	#F7F7F7
1701	#E1DDEF	#FDFDFD
1702	#B5ADD7	#F4F4F4
1703	#D2CCE7	#FBFBFB
1704	#EFECF6	#FEFEFE
1705	#DED9ED	#FDFDFD
1706	#F2F0F8	#FFFFFF
1707	#C2BBDE	#FAFAFA
1708	#EEECF6	#FEFEFE
1709	#C9928B	#FBFBFB
1710	#E8E4F2	#FEFEFE
1711	#F2F1F8	#FEFEFE
1712	#F6F4FA	#FFFFFF
1713	#DED9ED	#FBFBFB
1714	#C0B8DD	#F4F4F4
1715	#9B91C8	#F1F1F1
1716	#DCD7EC	#FBFBFB
1717	#FCF8F8	#FFFFFF
1718	#BBB3DA	#F1F1F1
1719	#BBB3DA	#F6F6F6
1720	#9B91C9	#F1F1F1
1721	#EAE6F3	#FDFDFD
1722	#D1CBE6	#FAFAFA
1723	#EDEAF5	#FEFEFE
1724	#D2CCE7	#FBFBFB
1725	#CEC7E4	#FAFAFA
1726	#DDD9ED	#FDFDFD
1727	#DED9ED	#FCFCFC
1728	#E4E0F0	#FDFDFD
1729	#BAB1D9	#F9F9F9
1730	#C7C0E0	#FCFCFC
1731	#D4CEE8	#FAFAFA
1732	#C7C0E1	#FCFCFC
1733	#C0B8DD	#F8F8F8
1734	#CBC5E3	#F8F8F8
1735	#A49ACE	#F5F5F5
1736	#DCD8EC	#FEFEFE
1737	#9A90C8	#FAFAFA
1738	#B0A7D4	#F6F6F6
1739	#DED9ED	#FEFEFE
1740	#A99FD0	#F7F7F7
1741	#9D93CA	#EDEDED
1742	#D1CBE6	#F8F8F8
1743	#DDD8ED	#FEFEFE
1744	#E8E5F3	#FEFEFE
1745	#E4E1F1	#FEFEFE
1746	#978CC6	#F5F5F5
1747	#BBB3DA	#F9F9F9
1748	#998FC8	#F6F6F6
1749	#DAD5EB	#FAFAFA
1750	#C5BEE0	#F5F5F5
1751	#C5BEE0	#F8F8F8
1752	#FBFAFD	#FFFFFF
1753	#C9C2E2	#F8F8F8
1754	#EEEBF6	#FEFEFE
1755	#ECE9F5	#FEFEFE
1756	#DDD8ED	#FEFEFE
1757	#C1BADD	#FAFAFA
1758	#E6E3F2	#FEFEFE
1759	#DCD8EC	#FEFEFE
1760	#FBFAFD	#FFFFFF
1761	#E5E1F1	#FEFEFE
1762	#F9F1F0	#FFFFFF
1763	#BCB4DB	#F7F7F7
1764	#C6BFE0	#F7F7F7
1765	#C6BEE0	#F8F8F8
1766	#C0B8DC	#F4F4F4
1767	#BEB6DC	#FAFAFA
1768	#B4ABD6	#F3F3F3
1769	#C7C0E0	#F7F7F7
1770	#C0B8DD	#F7F7F7
1771	#958BC5	#F4F4F4
1772	#C2BBDE	#F9F9F9
1773	#E9E6F3	#FDFDFD
1774	#E3DFF0	#FEFEFE
1775	#FBFAFD	#FFFFFF
1776	#D7D2E9	#FCFCFC
1777	#FAFAFD	#FFFFFF
1778	#F3F1F9	#FEFEFE
1779	#D9D4EA	#FBFBFB
1780	#E2DEEF	#FDFDFD
1781	#BDB5DB	#F6F6F6
1782	#DED9ED	#FEFEFE
1783	#BDB5DB	#F7F7F7
1784	#CEC7E4	#FCFCFC
1785	#D3CEE7	#FBFBFB
1786	#C2BADE	#F8F8F8
1787	#D4CFE8	#FEFEFE
1788	#A79DCF	#FBFBFB
1789	#968CC6	#F5F5F5
1790	#ECE9F5	#FEFEFE
1791	#685EAD	#ECECEC
1792	#C7C0E1	#F6F6F6
1793	#B6ADD7	#F4F4F4
1794	#C5BDDF	#FCFCFC
1795	#9A90C8	#FAFAFA
1796	#A096CB	#F7F7F7
1797	#756AB4	#F2F2F2
1798	#C4BDDF	#FCFCFC
1799	#C0B9DD	#F8F8F8
1800	#A69CCF	#EEEEEE
1801	#CCC6E3	#F6F6F6
1802	#DFDAEE	#FCFCFC
1803	#CFC8E5	#F6F6F6
1804	#EDEAF5	#FEFEFE
1805	#D8D3EA	#FDFDFD
1806	#F9F1F0	#FFFFFF
1807	#F9F9FC	#FFFFFF
1808	#E1DDEF	#FDFDFD
1809	#DED9ED	#FDFDFD
1810	#EFECF6	#FEFEFE
1811	#E5E2F1	#FEFEFE
1812	#E5E2F1	#FEFEFE
1813	#EDEAF5	#FEFEFE
1814	#E1DDEF	#FDFDFD
1815	#DFDBEE	#FCFCFC
1816	#D9D4EA	#F9F9F9
1817	#CCC5E3	#F9F9F9
1818	#CBC5E3	#F8F8F8
1819	#C8C1E1	#FAFAFA
1820	#D5CFE8	#F9F9F9
1821	#CBC4E2	#F7F7F7
1822	#DDD9ED	#FCFCFC
1823	#C3BBDE	#F9F9F9
1824	#DED9ED	#FDFDFD
1825	#E0DCEE	#FDFDFD
1826	#DFDAED	#FCFCFC
1827	#CDC7E4	#FCFCFC
1828	#D5CFE8	#FCFCFC
1829	#E0DCEE	#FDFDFD
1830	#D4CFE8	#FCFCFC
1831	#FFFFFF	#FFFFFF
1832	#EBE8F4	#FDFDFD
1833	#CBC4E3	#FCFCFC
1834	#DFDAED	#FCFCFC
1835	#E1DDEF	#FDFDFD
1836	#C7C0E0	#FAFAFA
1837	#D7D1E9	#FCFCFC
1838	#BEB6DC	#FCFCFC
1839	#B7AFD8	#FDFDFD
1840	#A99FD0	#F0F0F0
1841	#E4E1F1	#FEFEFE
1842	#A49BCE	#F1F1F1
1843	#C7C0E0	#F3F3F3
1844	#C7C0E0	#FAFAFA
1845	#C3BBDE	#FDFDFD
1846	#9B91C8	#FAFAFA
1847	#C2BADE	#FBFBFB
1848	#ACA3D2	#F7F7F7
1849	#7E74B9	#F5F5F5
1850	#B4ABD6	#F7F7F7
1851	#B8AFD8	#F5F5F5
1852	#D0CAE6	#F8F8F8
1853	#DAD5EB	#FBFBFB
1854	#CBC5E3	#F9F9F9
1855	#BFB7DC	#F9F9F9
1856	#F7F6FB	#FFFFFF
1857	#CBC4E3	#FDFDFD
1858	#E4E0F0	#FEFEFE
1859	#E6E3F2	#FEFEFE
1860	#DEDAED	#FEFEFE
1861	#DBD7EC	#FEFEFE
1862	#ECD5D2	#FEFEFE
1863	#E5E1F1	#FDFDFD
1864	#D8D3EA	#FBFBFB
1865	#D1CBE6	#F7F7F7
1866	#CFC9E5	#F8F8F8
1867	#AFA6D4	#F6F6F6
1868	#C9C2E2	#FBFBFB
1869	#BCB4DB	#F8F8F8
1870	#ACA3D2	#EFEFEF
1871	#ADA3D2	#F5F5F5
1872	#DEDAED	#FCFCFC
1873	#EFEDF6	#FEFEFE
1874	#C8C1E1	#FAFAFA
1875	#B1A8D5	#F4F4F4
1876	#D3CEE7	#FCFCFC
1877	#BFB7DC	#F8F8F8
1878	#E7E4F2	#FDFDFD
1879	#F1E0DD	#FEFEFE
1880	#DDD8EC	#FDFDFD
1881	#E5E2F1	#FDFDFD
1882	#C2BBDE	#F5F5F5
1883	#DDD9ED	#FEFEFE
1884	#D1CBE6	#FBFBFB
1885	#C2BADE	#FAFAFA
1886	#C2BBDE	#FAFAFA
1887	#F6F4FA	#FFFFFF
1888	#D4CFE8	#FCFCFC
1889	#B8AFD8	#FAFAFA
1890	#BCB4DB	#FAFAFA
1891	#655CAC	#EBEBEB
1892	#867CBD	#F7F7F7
1893	#C5BEDF	#F4F4F4
1894	#998FC7	#F5F5F5
1895	#AAA1D1	#F1F1F1
1896	#CBC4E3	#FDFDFD
1897	#C3BBDE	#FDFDFD
1898	#DBD7EC	#FEFEFE
1899	#ACA2D2	#F9F9F9
1900	#B6AED7	#F6F6F6
1901	#D2CDE7	#FBFBFB
1902	#B9B1D9	#F2F2F2
1903	#B7AFD8	#F5F5F5
1904	#E7E4F2	#FDFDFD
1905	#B5ACD7	#F2F2F2
1906	#7369B3	#F2F2F2
1907	#C1BADE	#FAFAFA
1908	#ECE9F5	#FEFEFE
1909	#F1E0DE	#FEFEFE
1910	#BCB4DB	#FAFAFA
1911	#E4E0F0	#FEFEFE
1912	#F9F2F1	#FFFFFF
1913	#BDB5DB	#FAFAFA
1914	#E3DFF0	#FEFEFE
1915	#EDEAF5	#FDFDFD
1916	#D2CCE6	#F9F9F9
1917	#BBB3DA	#F5F5F5
1918	#CEC7E4	#F9F9F9
1919	#B7AFD8	#FBFBFB
1920	#CAC3E2	#F7F7F7
1921	#BBB2DA	#F5F5F5
1922	#B4ABD6	#F3F3F3
1923	#C3BCDE	#F7F7F7
1924	#C9C2E1	#FAFAFA
1925	#E2DEEF	#FDFDFD
1926	#B9B1D9	#F6F6F6
1927	#E6E2F1	#FEFEFE
1928	#EFEDF6	#FEFEFE
1929	#DED9ED	#FCFCFC
1930	#E3DFF0	#FEFEFE
1931	#D7D2E9	#FDFDFD
1932	#C5BDDF	#FAFAFA
1933	#D2CCE6	#F9F9F9
1934	#E6E2F1	#FEFEFE
1935	#D3CDE7	#FDFDFD
1936	#EEECF6	#FEFEFE
1937	#F5F3F9	#FFFFFF
1938	#BAB2DA	#F6F6F6
1939	#D9D4EA	#FCFCFC
1940	#B3AAD6	#F9F9F9
1941	#E9E6F3	#FEFEFE
1942	#877DBE	#EEEEEE
1943	#B3ABD6	#F9F9F9
1944	#C2BBDE	#FAFAFA
1945	#9287C4	#F3F3F3
1946	#8F85C2	#EAEAEA
1947	#A197CC	#FBFBFB
1948	#AEA5D3	#FCFCFC
1949	#D4CEE7	#FDFDFD
1950	#8F85C2	#F2F2F2
1951	#C9C2E2	#FBFBFB
1952	#B6ADD7	#F4F4F4
1953	#B8AFD8	#F7F7F7
1954	#BEB6DB	#F4F4F4
1955	#D9D4EA	#FAFAFA
1956	#DDD8ED	#FBFBFB
1957	#E8E5F3	#FEFEFE
1958	#E5E2F1	#FEFEFE
1959	#FEFEFE	#FFFFFF
1960	#F6F4FA	#FFFFFF
1961	#D1CBE6	#FBFBFB
1962	#DCD7EC	#FEFEFE
1963	#CCC6E3	#FBFBFB
1964	#CDC7E4	#FCFCFC
1965	#D1CBE6	#F7F7F7
1966	#CEC7E4	#F9F9F9
1967	#DFDAED	#FCFCFC
1968	#D6D1E9	#FAFAFA
1969	#E5E2F1	#FEFEFE
1970	#D9D4EA	#FCFCFC
1971	#C0B8DD	#F7F7F7
1972	#BAB2DA	#F4F4F4
1973	#BCB4DA	#FAFAFA
1974	#E8E5F2	#FEFEFE
1975	#CCC5E3	#FBFBFB
1976	#AFA6D3	#F6F6F6
1977	#FCFCFD	#FFFFFF
1978	#BAB2DA	#F9F9F9
1979	#C3BBDE	#F9F9F9
1980	#DED9ED	#FDFDFD
1981	#D2CCE6	#FCFCFC
1982	#F4F3F9	#FFFFFF
1983	#BDB5DB	#F3F3F3
1984	#DFDAED	#FEFEFE
1985	#F6F5FA	#FFFFFF
1986	#F7EDEC	#FEFEFE
1987	#E5E1F1	#FEFEFE
1988	#E1DDEF	#FDFDFD
1989	#CCC5E3	#F9F9F9
1990	#D9D3EA	#FAFAFA
1991	#DBD6EC	#FEFEFE
1992	#DDD8EC	#FEFEFE
1993	#B9B1D9	#F6F6F6
1994	#C5BDDF	#F6F6F6
1995	#E4E0F0	#FEFEFE
1996	#B6ADD7	#F6F6F6
1997	#B4ACD6	#F4F4F4
1998	#D7D2E9	#FDFDFD
1999	#C5BDDF	#FCFCFC
2000	#C6BFE0	#FCFCFC
2001	#A59BCE	#F5F5F5
2002	#CAC3E2	#FBFBFB
2003	#8D83C1	#F1F1F1
2004	#C1B9DD	#F5F5F5
2005	#C3BCDE	#F7F7F7
2006	#CDC6E4	#F7F7F7
2007	#A399CD	#F0F0F0
2008	#8378BB	#F6F6F6
2009	#FDFAFA	#FFFFFF
2010	#E2DEEF	#FDFDFD
2011	#F7F5FA	#FFFFFF
2012	#F7F5FB	#FFFFFF
2013	#BDB5DB	#F7F7F7
2014	#DDD9ED	#FDFDFD
2015	#C5BDDF	#FCFCFC
2016	#E7E4F2	#FCFCFC
2017	#B0A7D4	#F1F1F1
2018	#C6BFE0	#F8F8F8
2019	#E6E2F1	#FDFDFD
2020	#DEDAED	#FBFBFB
2021	#C3BBDE	#F7F7F7
2022	#BFB7DC	#F4F4F4
2023	#C8C1E1	#F7F7F7
2024	#E5E1F1	#FEFEFE
2025	#B7AED8	#F8F8F8
2026	#CBC4E3	#FCFCFC
2027	#E6E2F1	#FDFDFD
2028	#C2BBDE	#F8F8F8
2029	#D8D3EA	#FDFDFD
2030	#E0DCEE	#FDFDFD
2031	#D5CFE8	#FDFDFD
2032	#E7E4F2	#FEFEFE
2033	#FFFFFE	#FFFFFF
2034	#BDB5DB	#F7F7F7
2035	#D5CFE8	#FCFCFC
2036	#FBFAFD	#FFFFFF
2037	#EAE7F4	#FEFEFE
2038	#C1B9DD	#FBFBFB
2039	#D9D4EA	#FCFCFC
2040	#B6ADD7	#F4F4F4
2041	#D2CCE7	#F9F9F9
2042	#D8D3EA	#FDFDFD
2043	#A197CC	#FBFBFB
2044	#9288C4	#EBEBEB
2045	#ABA1D1	#F4F4F4
2046	#C6BFE0	#FBFBFB
2047	#ABA2D2	#F4F4F4
2048	#A096CB	#EFEFEF
2049	#B7AFD8	#FDFDFD
2050	#D4CFE8	#FEFEFE
2051	#867CBD	#F7F7F7
2052	#6D63B0	#EFEFEF
2053	#9085C3	#F9F9F9
2054	#B4ABD6	#F5F5F5
2055	#BCB3DA	#F2F2F2
2056	#D2CCE7	#F8F8F8
2057	#C3BCDF	#F5F5F5
2058	#C8C2E1	#F8F8F8
2059	#B3AAD6	#F9F9F9
2060	#FFFEFE	#FFFFFF
2061	#F2F1F8	#FFFFFF
2062	#F6F5FA	#FFFFFF
2063	#DBD6EB	#FBFBFB
2064	#A49ACD	#F8F8F8
2065	#A096CB	#F3F3F3
2066	#DBD7EC	#FBFBFB
2067	#E7E4F2	#FDFDFD
2068	#D5D0E8	#FAFAFA
2069	#DED9ED	#FCFCFC
2070	#E4E0F0	#FDFDFD
2071	#D4CFE8	#FAFAFA
2072	#CDC7E4	#FBFBFB
2073	#CEC8E5	#F5F5F5
2074	#CFC9E5	#FBFBFB
2075	#B7AED8	#FAFAFA
2076	#FBF6F6	#FFFFFF
2077	#DDD8EC	#FDFDFD
2078	#E5E1F1	#FDFDFD
2079	#E1DCEF	#FCFCFC
2080	#E5E2F1	#FEFEFE
2081	#E4E1F1	#FEFEFE
2082	#D3CDE7	#FCFCFC
2083	#E1DDEF	#FDFDFD
2084	#D2CCE7	#FBFBFB
2085	#E7E3F2	#FEFEFE
2086	#EFECF6	#FEFEFE
2087	#EDEBF5	#FEFEFE
2088	#E2DEEF	#FDFDFD
2089	#ADA3D2	#F7F7F7
2090	#BAB2DA	#F8F8F8
2091	#D9D4EA	#FCFCFC
2092	#D0CAE5	#F9F9F9
2093	#DED9ED	#FEFEFE
2094	#AEA5D3	#FCFCFC
2095	#D0CAE5	#F9F9F9
2096	#B1A8D5	#F4F4F4
2097	#D1CBE6	#FCFCFC
2098	#8D83C1	#F1F1F1
2099	#B6AED7	#F0F0F0
2100	#EFECF6	#FFFFFF
2101	#AEA5D3	#FCFCFC
2102	#8B80C0	#F8F8F8
2103	#9F95CB	#F3F3F3
2104	#968CC6	#F5F5F5
2105	#B5ACD7	#F4F4F4
2106	#DDD9ED	#FBFBFB
2107	#C2BBDE	#F8F8F8
2108	#BDB5DB	#F2F2F2
2109	#BAB2D9	#F3F3F3
2110	#E1DDEF	#FDFDFD
2111	#EEECF6	#FEFEFE
2112	#FEFDFD	#FFFFFF
2113	#CAC3E2	#FAFAFA
2114	#BAB2DA	#F9F9F9
2115	#AFA6D4	#F6F6F6
2116	#C6BFE0	#FAFAFA
2117	#C6BFE0	#F7F7F7
2118	#D9D4EA	#FBFBFB
2119	#E5E2F1	#FCFCFC
2120	#EFECF6	#FEFEFE
2121	#F1EFF7	#FEFEFE
2122	#C9C2E1	#F7F7F7
2123	#B2A9D5	#F5F5F5
2124	#CAC3E2	#F7F7F7
2125	#F0EEF7	#FEFEFE
2126	#E2DEEF	#FDFDFD
2127	#CCC6E3	#FBFBFB
2128	#CBC4E3	#FCFCFC
2129	#BDB5DB	#FAFAFA
2130	#EBE8F4	#FEFEFE
2131	#D3CDE7	#FDFDFD
2132	#CBC4E3	#F9F9F9
2133	#E5E1F1	#FEFEFE
2134	#D7D1E9	#FDFDFD
2135	#A79ECF	#EFEFEF
2136	#E6C8C5	#FDFDFD
2137	#FCF9F8	#FFFFFF
2138	#E6E2F1	#FEFEFE
2139	#E6E3F1	#FEFEFE
2140	#F2F0F8	#FEFEFE
2141	#CBC5E3	#F9F9F9
2142	#CCC5E3	#F8F8F8
2143	#C7BFE0	#F9F9F9
2144	#BEB6DC	#FCFCFC
2145	#DCD7EC	#FEFEFE
2146	#E0DCEE	#FCFCFC
2147	#A399CD	#F0F0F0
2148	#A197CC	#FBFBFB
2149	#C0B8DD	#F9F9F9
2150	#A399CD	#F1F1F1
2151	#C4BDDF	#FCFCFC
2152	#E8E5F3	#FEFEFE
2153	#CDC6E4	#FCFCFC
2154	#A096CB	#F7F7F7
2155	#A9A0D0	#F7F7F7
2156	#A096CB	#F7F7F7
2157	#BEB6DC	#F7F7F7
2158	#685FAE	#EDEDED
2159	#C7C0E0	#F6F6F6
2160	#B6ADD7	#F6F6F6
2161	#B2A9D5	#F5F5F5
2162	#B8B0D8	#FAFAFA
2163	#DFDBEE	#FCFCFC
2164	#B0A6D4	#F8F8F8
2165	#D3CDE7	#FBFBFB
2166	#A79DCF	#F6F6F6
2167	#C1BADD	#F7F7F7
2168	#E6E3F2	#FDFDFD
2169	#BFB7DC	#F2F2F2
2170	#CCC5E3	#FBFBFB
2171	#E4E0F0	#FDFDFD
2172	#D8D3EA	#FBFBFB
2173	#CDC7E4	#F8F8F8
2174	#DDD9ED	#FDFDFD
2175	#C7C0E1	#F8F8F8
2176	#DFDAEE	#FCFCFC
2177	#D8D3EA	#FDFDFD
2178	#DCD7EC	#FCFCFC
2179	#E8E5F3	#FEFEFE
2180	#EEEBF6	#FEFEFE
2181	#B7AFD8	#FBFBFB
2182	#D0CAE6	#FBFBFB
2183	#EAE7F4	#FEFEFE
2184	#EAE7F4	#FEFEFE
2185	#DED9ED	#FAFAFA
2186	#FDFBFA	#FFFFFF
2187	#F2F0F8	#FEFEFE
2188	#F2F0F8	#FEFEFE
2189	#D8D3EA	#FDFDFD
2190	#EAE7F4	#FDFDFD
2191	#E2DEEF	#FCFCFC
2192	#E1DCEF	#FCFCFC
2193	#E3E0F0	#FDFDFD
2194	#DBD6EB	#FBFBFB
2195	#E1DDEF	#FDFDFD
2196	#DEDAED	#FBFBFB
2197	#9085C2	#F9F9F9
2198	#867BBD	#EDEDED
2199	#C7C0E1	#FCFCFC
2200	#A49ACD	#F1F1F1
2201	#B9B0D9	#F2F2F2
2202	#A79DCF	#FBFBFB
2203	#A79ECF	#FBFBFB
2204	#857BBD	#F7F7F7
2205	#B4ABD6	#F7F7F7
2206	#786EB6	#F3F3F3
2207	#D9D4EA	#FBFBFB
2208	#A59BCE	#EEEEEE
2209	#ACA3D2	#F7F7F7
2210	#ADA4D2	#EFEFEF
2211	#CCC6E4	#F6F6F6
2212	#D9D4EB	#FCFCFC
2213	#C7C0E1	#F6F6F6
2214	#9C92C9	#F6F6F6
2215	#DED9ED	#FEFEFE
2216	#A99FD0	#F7F7F7
2217	#CEC8E4	#F9F9F9
2218	#DDD9ED	#FBFBFB
2219	#CAC4E2	#F7F7F7
2220	#EDEBF5	#FDFDFD
2221	#DCD7EC	#FBFBFB
2222	#B3AAD6	#F9F9F9
2223	#CCC6E3	#F9F9F9
2224	#DCD7EC	#FCFCFC
2225	#D2CCE7	#F7F7F7
2226	#D8D3EA	#FBFBFB
2227	#B7AFD8	#F5F5F5
2228	#CCC5E3	#FBFBFB
2229	#D7D1E9	#FBFBFB
2230	#E7E4F2	#FEFEFE
2231	#ECE9F5	#FEFEFE
2232	#F2F1F8	#FEFEFE
2233	#FAF4F4	#FFFFFF
2234	#F2F1F8	#FFFFFF
2235	#ECD6D3	#FEFEFE
2236	#E7E3F2	#FCFCFC
2237	#F2E2E0	#FEFEFE
2238	#FDFCFE	#FFFFFF
2239	#E2DEEF	#FDFDFD
2240	#F2F0F8	#FEFEFE
2241	#EFEDF6	#FEFEFE
2242	#D7D2E9	#FCFCFC
2243	#C3BBDE	#FAFAFA
2244	#E8E5F3	#FEFEFE
2245	#F2F0F8	#FEFEFE
2246	#D3CDE7	#FCFCFC
2247	#B7AFD8	#F3F3F3
2248	#9A90C8	#FAFAFA
2249	#B3AAD6	#F7F7F7
2250	#8378BC	#F6F6F6
2251	#BFB8DC	#F6F6F6
2252	#7F75BA	#E9E9E9
2253	#A096CB	#FBFBFB
2254	#D4CEE8	#FDFDFD
2255	#B2A9D5	#FAFAFA
2256	#D2CCE7	#FCFCFC
2257	#B7AED8	#FAFAFA
2258	#BFB8DC	#F6F6F6
2259	#7167B2	#F1F1F1
2260	#A096CC	#EFEFEF
2261	#BAB2DA	#F1F1F1
2262	#D1CBE6	#F9F9F9
2263	#CBC4E3	#F4F4F4
2264	#C7C0E0	#FCFCFC
2265	#BFB7DC	#F9F9F9
2266	#D8D3EA	#FDFDFD
2267	#C3BCDF	#F7F7F7
2268	#EAE7F4	#FDFDFD
2269	#E7E4F2	#FDFDFD
2270	#D6D0E8	#FAFAFA
2271	#CCC5E3	#FBFBFB
2272	#DBD6EB	#FBFBFB
2273	#DED9ED	#F8F8F8
2274	#E0DCEE	#F9F9F9
2275	#D8D2EA	#F6F6F6
2276	#EBD3D0	#FEFEFE
2277	#F8EEED	#FFFFFF
2278	#EFECF6	#FEFEFE
2279	#FAFAFC	#FFFFFF
2280	#FBFBFD	#FFFFFF
2281	#BEB6DB	#FCFCFC
2282	#B8AFD8	#F1F1F1
2283	#D3CDE7	#F6F6F6
2284	#CCC6E4	#F0F0F0
2285	#E3DFF0	#FAFAFA
2286	#D8D3EA	#F9F9F9
2287	#CCC6E3	#F3F3F3
2288	#D8D2EA	#F7F7F7
2289	#D3CDE7	#F7F7F7
2290	#EAE7F3	#FCFCFC
2291	#E4E0F0	#FCFCFC
2292	#D0CAE6	#FAFAFA
2293	#D4CFE8	#F9F9F9
2294	#C9C2E2	#FBFBFB
2295	#B0A6D4	#F6F6F6
2296	#DDD8EC	#FDFDFD
2297	#D8D2EA	#FDFDFD
2298	#ADA3D2	#F7F7F7
2299	#FBFAFD	#FFFFFF
2300	#C1B9DD	#FBFBFB
2301	#D9D4EA	#FCFCFC
2302	#F7EDEC	#FEFEFE
2303	#EFEDF7	#FFFFFF
2304	#E6E2F1	#FEFEFE
2305	#E6E2F1	#FEFEFE
2306	#EEECF6	#FFFFFF
2307	#D2CCE6	#FCFCFC
2308	#D5CFE8	#FEFEFE
2309	#ECD6D3	#FEFEFE
2310	#FAFAFC	#FFFFFF
2311	#E5E1F1	#FEFEFE
2312	#CF9D97	#FCFCFC
2313	#EEEBF6	#FFFFFF
2314	#F8EEED	#FFFFFF
2315	#B7AFD8	#FDFDFD
2316	#C48983	#FBFBFB
2317	#FBF5F5	#FFFFFF
2318	#E4E0F0	#FEFEFE
2319	#EDEBF5	#FEFEFE
2320	#D5CFE8	#FEFEFE
2321	#F6F5FA	#FFFFFF
2322	#F2F0F8	#FFFFFF
2324	#E0DCEE	#F9F9F9
2325	#D4CEE7	#F6F6F6
2326	#D1CBE6	#F6F6F6
2327	#EBD4D0	#FEFEFE
2328	#EBD4D0	#FEFEFE
2329	#FAF9FC	#FFFFFF
2330	#E5E1F1	#FEFEFE
2331	#E5E1F1	#FEFEFE
2332	#D9D4EA	#FCFCFC
2333	#D6D0E9	#F8F8F8
2334	#E0DCEE	#F9F9F9
2335	#C4BDDF	#EDEDED
2336	#B9B0D9	#EAEAEA
2337	#DFDBEE	#FBFBFB
2338	#CDC6E4	#F3F3F3
2339	#D3CDE7	#F8F8F8
2340	#D9D3EA	#FAFAFA
2341	#CDC7E4	#F7F7F7
2342	#D6D1E9	#FAFAFA
2343	#CEC8E5	#FBFBFB
2344	#9F95CB	#F7F7F7
2345	#A49ACD	#F5F5F5
2346	#D8D3EA	#FDFDFD
2347	#EDEAF5	#FEFEFE
2348	#FDFAFA	#FFFFFF
2349	#B2AAD5	#F9F9F9
2350	#BDB5DB	#FBFBFB
2351	#E5E2F1	#FEFEFE
2352	#FBFAFD	#FFFFFF
2353	#EFECF6	#FFFFFF
2354	#D7D2E9	#FDFDFD
2355	#EDEBF5	#FEFEFE
2356	#DED9ED	#FEFEFE
2357	#EEECF6	#FEFEFE
2358	#F7F6FB	#FFFFFF
2359	#DDD8EC	#FEFEFE
2360	#CBC5E3	#FCFCFC
2361	#ECD5D2	#FEFEFE
2362	#CBC4E3	#FDFDFD
2363	#E8CDCA	#FEFEFE
2364	#DEBAB5	#FCFCFC
2365	#EFECF6	#FFFFFF
2366	#F7ECEB	#FFFFFF
2367	#DBD7EC	#FEFEFE
2368	#FBFAFD	#FFFFFF
2369	#BDB5DB	#FBFBFB
2370	#FAFAFC	#FFFFFF
2371	#DEDAED	#FDFDFD
2372	#FBF6F5	#FFFFFF
2373	#C3BBDE	#FDFDFD
2374	#C9C2E2	#F7F7F7
2375	#D2CCE6	#FAFAFA
2376	#DCD7EC	#FAFAFA
2377	#F0EEF7	#FEFEFE
2378	#DFDAED	#FCFCFC
2379	#D5D0E8	#FCFCFC
2380	#D8D3EA	#FDFDFD
2381	#E0DCEE	#FDFDFD
2382	#DDD9ED	#FEFEFE
2383	#F2F0F8	#FFFFFF
2384	#E6E2F1	#FEFEFE
2385	#E9E6F3	#FEFEFE
2386	#EBE8F4	#FEFEFE
2387	#C6BFE0	#F5F5F5
2388	#DED9ED	#FEFEFE
2389	#FDFCFE	#FFFFFF
2390	#F7ECEB	#FEFEFE
2391	#E5E1F1	#FDFDFD
2392	#F1E0DE	#FEFEFE
2393	#F1EFF7	#FEFEFE
2394	#E5E2F1	#FEFEFE
2395	#D6D1E9	#FBFBFB
2396	#CEC8E5	#FBFBFB
2397	#968BC6	#EEEEEE
2398	#CDC7E4	#F8F8F8
2399	#A197CC	#FBFBFB
2400	#DDD8EC	#FEFEFE
2401	#B8AFD8	#F7F7F7
2402	#C5BDDF	#FCFCFC
2403	#998EC7	#F5F5F5
2404	#9288C4	#EBEBEB
2405	#B7AFD8	#FBFBFB
2406	#D4CEE8	#FDFDFD
2407	#968BC6	#F9F9F9
2408	#9F95CB	#F7F7F7
2409	#C9C2E2	#F9F9F9
2410	#D0CAE6	#FCFCFC
2411	#B7AED8	#F4F4F4
2412	#A49BCE	#EDEDED
2413	#A99FD0	#F0F0F0
2414	#BDB5DB	#EFEFEF
2415	#B7AFD8	#F3F3F3
2416	#ABA2D1	#F7F7F7
2417	#DDD9ED	#FDFDFD
2418	#C8C2E1	#F9F9F9
2419	#C8C1E1	#FAFAFA
2420	#B3ABD6	#F5F5F5
2421	#CEC8E5	#F8F8F8
2422	#C6BFE0	#F9F9F9
2423	#C6BFE0	#FAFAFA
2424	#D6D0E9	#FBFBFB
2425	#D1CAE6	#FCFCFC
2426	#D8D3EA	#FAFAFA
2427	#E8E5F2	#FCFCFC
2428	#C1B9DD	#F7F7F7
2429	#EDEAF5	#FEFEFE
2430	#DDD8ED	#FDFDFD
2431	#E6E2F1	#FEFEFE
2432	#EEECF6	#FEFEFE
2433	#9B90C8	#FAFAFA
2434	#F5F4FA	#FFFFFF
2435	#E0DCEE	#FCFCFC
2436	#E3DFF0	#FDFDFD
2437	#F6F4FA	#FFFFFF
2438	#D9D3EA	#FAFAFA
2439	#FCFCFD	#FFFFFF
2440	#ECEAF5	#FEFEFE
2441	#EBD3D0	#FDFDFD
2442	#DDD9ED	#FDFDFD
2443	#F0EDF7	#FEFEFE
2444	#F9F2F1	#FFFFFF
2445	#D4CFE8	#FCFCFC
2446	#FCF7F6	#FFFFFF
2447	#CCC5E3	#FAFAFA
2448	#DDD9ED	#FDFDFD
2449	#D0CAE6	#FAFAFA
2450	#C4BDDF	#FCFCFC
2451	#DCD7EC	#FEFEFE
2452	#958BC6	#F4F4F4
2453	#C5BEE0	#FAFAFA
2454	#A096CB	#EFEFEF
2455	#ACA3D2	#EFEFEF
2456	#A197CC	#FBFBFB
2457	#E9E6F3	#FEFEFE
2458	#958BC5	#F9F9F9
2459	#B8B0D8	#F7F7F7
2460	#D3CEE7	#F9F9F9
2461	#B3AAD6	#F5F5F5
2462	#B8B0D8	#F5F5F5
2463	#C5BEDF	#F5F5F5
2464	#B8AFD8	#EDEDED
2465	#A197CC	#EAEAEA
2466	#B5ACD6	#EFEFEF
2467	#B7AFD8	#FAFAFA
2468	#BFB7DC	#F3F3F3
2469	#DBD6EB	#FBFBFB
2470	#E4E1F1	#FDFDFD
2471	#D3CDE7	#FAFAFA
2472	#CCC5E3	#FBFBFB
2473	#DED9ED	#FDFDFD
2474	#EBE8F4	#FEFEFE
2475	#E2DEEF	#FCFCFC
2476	#D5CFE8	#FAFAFA
2477	#CAC3E2	#F6F6F6
2478	#DEDAED	#FBFBFB
2479	#EBE8F4	#FEFEFE
2480	#F5F4FA	#FFFFFF
2481	#F9F1F0	#FEFEFE
2482	#FCFBFD	#FFFFFF
2483	#F5F4FA	#FFFFFF
2484	#F9F1F0	#FFFFFF
2485	#FAF4F3	#FFFFFF
2486	#E4E0F0	#FEFEFE
2487	#F6EAE8	#FEFEFE
2488	#D4CFE8	#F8F8F8
2489	#FBF6F6	#FFFFFF
2490	#F9F9FC	#FFFFFF
2491	#E5E1F1	#FEFEFE
2492	#E1DDEF	#FDFDFD
2493	#F3E5E3	#FEFEFE
2494	#FBFAFD	#FFFFFF
2495	#CBC5E3	#FDFDFD
2496	#D8D3EA	#FDFDFD
2497	#C9C2E2	#FBFBFB
2498	#EEECF6	#FEFEFE
2499	#DFDBEE	#FCFCFC
2500	#C6BFE0	#FBFBFB
2501	#CAC3E2	#FBFBFB
2502	#F8EEEC	#FFFFFF
2503	#BDB5DB	#F8F8F8
2504	#877CBE	#F7F7F7
2505	#998FC8	#F0F0F0
2506	#A59CCE	#EEEEEE
2507	#8B81C0	#F8F8F8
2508	#DDD8EC	#FEFEFE
2509	#8F85C2	#F8F8F8
2510	#D0C9E5	#F9F9F9
2511	#C6BFE0	#FAFAFA
2512	#BAB2DA	#F8F8F8
2513	#D7D2E9	#FDFDFD
2514	#AAA0D0	#F0F0F0
2515	#8F85C2	#E9E9E9
2516	#A69DCF	#EBEBEB
2517	#D3CEE7	#F7F7F7
2518	#CDC6E4	#F8F8F8
2519	#C9C2E1	#FAFAFA
2520	#C5BEE0	#F4F4F4
2521	#CBC5E3	#F6F6F6
2522	#DBD6EB	#FBFBFB
2523	#D4CFE8	#FCFCFC
2524	#D5D0E8	#FCFCFC
2525	#FBFBFD	#FFFFFF
2526	#D8D3EA	#FAFAFA
2527	#DED9ED	#FBFBFB
2528	#AFA6D4	#F1F1F1
2529	#DBD6EB	#FBFBFB
2530	#CAC4E2	#FCFCFC
2531	#FBF5F4	#FFFFFF
2532	#D1CBE6	#FCFCFC
2533	#E2DEEF	#FDFDFD
2534	#E9E6F3	#FEFEFE
2535	#AFA6D3	#FCFCFC
2536	#F9F8FC	#FFFFFF
2537	#ECE9F4	#FEFEFE
2538	#D3CDE7	#FCFCFC
2539	#D5CFE8	#F9F9F9
2540	#FDFAFA	#FFFFFF
2541	#EDEBF5	#FEFEFE
2542	#E8E5F2	#FEFEFE
2543	#EAE7F4	#FEFEFE
2544	#F6EBE9	#FEFEFE
2545	#FEFDFD	#FFFFFF
2546	#EDEBF5	#FEFEFE
2547	#E5E1F1	#FDFDFD
2548	#9085C2	#F9F9F9
2549	#D4CEE8	#FDFDFD
2550	#BBB3DA	#F3F3F3
2551	#A99FD0	#F0F0F0
2552	#DDD9ED	#FDFDFD
2553	#BEB6DB	#FCFCFC
2554	#A298CC	#F4F4F4
2555	#A49ACE	#F8F8F8
2556	#877CBE	#EEEEEE
2557	#AEA5D3	#EDEDED
2558	#8F84C2	#F8F8F8
2559	#E9E6F3	#FEFEFE
2560	#A79ECF	#FBFBFB
2561	#E0DCEE	#FAFAFA
2562	#A197CC	#FBFBFB
2563	#C7C0E1	#FCFCFC
2564	#C7C0E0	#F9F9F9
2565	#B7AFD8	#F8F8F8
2566	#D5D0E8	#F6F6F6
2567	#A298CC	#EBEBEB
2568	#A89ED0	#ECECEC
2569	#CFC9E5	#FAFAFA
2570	#9C92C9	#E6E6E6
2571	#B8B0D8	#F5F5F5
2572	#D1CBE6	#FBFBFB
2573	#A79DCF	#F6F6F6
2574	#B2A9D5	#F7F7F7
2575	#E7E4F2	#FDFDFD
2576	#D6D1E9	#F8F8F8
2577	#D0CAE6	#F8F8F8
2578	#ACA2D2	#F4F4F4
2579	#FFFFFF	#FFFFFF
2580	#DED9ED	#FBFBFB
2581	#E3DFF0	#FDFDFD
2582	#F3E3E1	#FEFEFE
2583	#FBF6F5	#FFFFFF
2584	#FBFAFD	#FFFFFF
2585	#C9928B	#FBFBFB
2586	#E5E2F1	#FEFEFE
2587	#D7D2E9	#FDFDFD
2588	#FDFCFE	#FFFFFF
2589	#B8AFD8	#F5F5F5
2590	#DCD8EC	#FDFDFD
2591	#F5E8E6	#FEFEFE
2592	#FAF4F3	#FFFFFF
2593	#F6F4FA	#FFFFFF
2594	#FFFEFE	#FFFFFF
2595	#FFFFFF	#FFFFFF
2596	#F7ECEB	#FFFFFF
2597	#DDD8ED	#FDFDFD
2598	#C9C2E2	#FBFBFB
2599	#F2F0F8	#FFFFFF
2600	#D9D4EA	#FAFAFA
2601	#C2BBDE	#F8F8F8
2602	#C0B9DD	#F7F7F7
2603	#D1CBE6	#FCFCFC
2604	#F8EEED	#FFFFFF
2605	#A69DCF	#F2F2F2
2606	#7E74B9	#F5F5F5
2607	#B1A8D4	#F8F8F8
2608	#8076BA	#E9E9E9
2609	#877CBE	#F7F7F7
2610	#A79ECF	#FBFBFB
2611	#D9D4EB	#F8F8F8
2612	#B4ACD6	#F7F7F7
2613	#9F95CB	#F7F7F7
2614	#C1B9DD	#FBFBFB
2615	#C6BEE0	#FAFAFA
2616	#C9C2E2	#F6F6F6
2617	#C7C0E0	#F2F2F2
2618	#A9A0D0	#E5E5E5
2619	#B5ACD6	#EFEFEF
2620	#B5ACD6	#EDEDED
2621	#D4CFE8	#F4F4F4
2622	#CEC8E5	#F8F8F8
2623	#E5E1F1	#FDFDFD
2624	#C1B9DD	#F8F8F8
2625	#D2CCE7	#FAFAFA
2626	#E8E5F3	#FDFDFD
2627	#DDD8EC	#FAFAFA
2628	#D9D4EA	#FBFBFB
2629	#D4CEE8	#FBFBFB
2630	#FCFCFD	#FFFFFF
2631	#F5F4FA	#FFFFFF
2632	#E2DEEF	#FDFDFD
2633	#EFEDF6	#FEFEFE
2634	#EBE9F4	#FEFEFE
2635	#E4E1F0	#FEFEFE
2636	#F9F1F0	#FFFFFF
2637	#E8E5F3	#FEFEFE
2638	#FCF8F7	#FFFFFF
2639	#E6E2F1	#FEFEFE
2640	#B6AED7	#F4F4F4
2641	#E1DCEF	#FDFDFD
2642	#F2F0F8	#FFFFFF
2643	#EDEAF5	#FEFEFE
2644	#EBE8F4	#FEFEFE
2645	#EED9D6	#FEFEFE
2646	#CBC4E3	#FCFCFC
2647	#C4BDDF	#FCFCFC
2648	#D8D3EA	#FCFCFC
2649	#988EC7	#F5F5F5
2650	#BEB6DB	#FAFAFA
2651	#DED9ED	#FAFAFA
2652	#EEEBF6	#FEFEFE
2653	#BBB2DA	#F9F9F9
2654	#D9D4EA	#FDFDFD
2655	#C1B9DD	#FBFBFB
2656	#978CC6	#EEEEEE
2657	#D3CDE7	#FCFCFC
2658	#B7AFD8	#FAFAFA
2659	#B9B1D9	#F6F6F6
2660	#A197CC	#FBFBFB
2661	#D3CDE7	#FDFDFD
2662	#D6D1E9	#F9F9F9
2663	#C4BDDF	#FCFCFC
2664	#B2A9D5	#F9F9F9
2665	#D7D1E9	#FDFDFD
2666	#BAB2D9	#F9F9F9
2667	#A79ECF	#F3F3F3
2668	#B1A8D4	#E3E3E3
2669	#BAB2D9	#EFEFEF
2670	#C6BFE0	#EFEFEF
2671	#B6ADD7	#EEEEEE
2672	#C4BDDF	#F7F7F7
2673	#B2A9D5	#F5F5F5
2674	#E0DCEE	#FDFDFD
2675	#C9C3E2	#FBFBFB
2676	#FBF5F5	#FFFFFF
2677	#CFC9E5	#F7F7F7
2678	#B4ABD6	#EFEFEF
2679	#B7AED8	#F1F1F1
2680	#EEEBF6	#FEFEFE
2681	#EAE7F4	#FDFDFD
2682	#E5E1F1	#FEFEFE
2683	#E8E5F2	#FEFEFE
2684	#E1DDEF	#FDFDFD
2685	#BFB7DC	#F9F9F9
2686	#E3DFF0	#FEFEFE
2687	#DED9ED	#FDFDFD
2688	#FDFDFE	#FFFFFF
2689	#EED9D7	#FEFEFE
2690	#D4CFE8	#FBFBFB
2691	#CEC8E4	#FAFAFA
2692	#EAD2CE	#FDFDFD
2693	#FDFCFE	#FFFFFF
2694	#DDD9ED	#FDFDFD
2695	#F7EDEB	#FFFFFF
2696	#FAF4F4	#FFFFFF
2697	#DED9ED	#FEFEFE
2698	#F2F0F8	#FFFFFF
2699	#D9D4EA	#FDFDFD
2700	#D7D2E9	#FDFDFD
2701	#DCD8EC	#FAFAFA
2702	#C8C1E1	#FAFAFA
2703	#C0B8DD	#F9F9F9
2704	#E1DDEF	#FDFDFD
2705	#E5E1F1	#FEFEFE
2706	#8277BB	#F6F6F6
2707	#A59BCE	#F5F5F5
2708	#A096CB	#F7F7F7
2709	#A59BCE	#F5F5F5
2710	#A79ECF	#EFEFEF
2711	#BEB6DB	#FCFCFC
2712	#C5BDDF	#F5F5F5
2713	#D5CFE8	#FEFEFE
2714	#A096CB	#FBFBFB
2715	#EFECF6	#FEFEFE
2716	#C3BBDE	#FAFAFA
2717	#BFB7DC	#F6F6F6
2718	#C9C2E2	#F3F3F3
2719	#998FC8	#E3E3E3
2720	#C5BDDF	#EDEDED
2721	#C5BDDF	#EAEAEA
2722	#CFC9E5	#F6F6F6
2723	#B7AFD8	#F8F8F8
2724	#D7D2E9	#FAFAFA
2725	#F0EEF7	#FEFEFE
2726	#FEFEFF	#FFFFFF
2727	#DAD5EB	#FCFCFC
2728	#DAD5EB	#FBFBFB
2729	#D3CEE7	#F9F9F9
2730	#D2CCE6	#F9F9F9
2731	#F8F7FB	#FFFFFF
2732	#F8F7FB	#FFFFFF
2733	#FFFFFF	#FFFFFF
2734	#E1BEB9	#FDFDFD
2735	#EBE9F4	#FEFEFE
2736	#E7E4F2	#FDFDFD
2737	#ECEAF5	#FEFEFE
2738	#DED9ED	#FDFDFD
2739	#CBC4E3	#FCFCFC
2740	#CBC5E3	#FCFCFC
2741	#C0B8DD	#F5F5F5
2742	#DED9ED	#FDFDFD
2743	#EDEBF5	#FEFEFE
2744	#FDFBFB	#FFFFFF
2745	#F6F4FA	#FFFFFF
2746	#F6F5FA	#FFFFFF
2747	#DDD9ED	#FDFDFD
2748	#E6E2F1	#FEFEFE
2749	#F1DFDD	#FEFEFE
2750	#ABA2D1	#F9F9F9
2751	#B8AFD8	#FBFBFB
2752	#D7D2E9	#FAFAFA
2753	#C2BBDE	#FBFBFB
2754	#DDD9ED	#FDFDFD
2755	#BBB3DA	#F6F6F6
2756	#B7AED8	#FBFBFB
2757	#B7AED8	#FAFAFA
2758	#9B90C8	#F1F1F1
2759	#C7BFE0	#FCFCFC
2760	#AAA1D1	#F1F1F1
2761	#AAA0D1	#F0F0F0
2762	#E5E1F1	#FEFEFE
2763	#D1CBE6	#F9F9F9
2765	#EFECF6	#FFFFFF
2766	#9389C4	#F4F4F4
2767	#B4ABD6	#F9F9F9
2768	#B2A9D5	#F5F5F5
2769	#C8C0E1	#F8F8F8
2770	#BDB5DB	#ECECEC
2771	#BCB3DA	#E6E6E6
2772	#BEB6DC	#E9E9E9
2773	#D1CBE6	#F7F7F7
2774	#CBC4E3	#F6F6F6
2775	#D5CFE8	#FAFAFA
2776	#E1DDEF	#FDFDFD
2777	#D0CAE5	#FAFAFA
2778	#CDC6E4	#F9F9F9
2779	#C7C0E1	#F5F5F5
2780	#B5ACD7	#EFEFEF
2781	#CDC7E4	#FBFBFB
2782	#FBF6F6	#FFFFFF
2783	#FDFDFE	#FFFFFF
2784	#FCFBFD	#FFFFFF
2785	#F9F1F0	#FFFFFF
2786	#F2F0F8	#FFFFFF
2787	#EEECF6	#FFFFFF
2788	#C6BFE0	#FCFCFC
2789	#C6BEE0	#FAFAFA
2790	#E1DCEF	#FDFDFD
2791	#D5CFE8	#F8F8F8
2792	#D1CBE6	#FBFBFB
2793	#D8D3EA	#FDFDFD
2794	#DBD6EC	#FEFEFE
2795	#D9D4EB	#FCFCFC
2796	#EEEBF6	#FEFEFE
2797	#F7EDEC	#FEFEFE
2798	#F3E4E2	#FEFEFE
2799	#CDC7E4	#FCFCFC
2800	#F6EAE9	#FEFEFE
2801	#DDD9ED	#FEFEFE
2802	#B8AFD8	#F7F7F7
2803	#E2DEEF	#FDFDFD
2804	#D9D4EA	#FCFCFC
2805	#E4E1F1	#FDFDFD
2806	#BEB6DC	#F7F7F7
2807	#ACA3D2	#FAFAFA
2808	#B8AFD8	#FBFBFB
2809	#C6BFE0	#F9F9F9
2810	#DED9ED	#FDFDFD
2811	#978CC6	#F5F5F5
2812	#A89ED0	#F0F0F0
2813	#C3BBDE	#F7F7F7
2814	#C4BDDF	#FCFCFC
2815	#D4CFE8	#FEFEFE
2816	#B7AFD8	#FBFBFB
2817	#D7D1E9	#FDFDFD
2818	#A89ECF	#F9F9F9
2819	#C0B8DC	#F9F9F9
2820	#CAC3E2	#F9F9F9
2821	#C5BEDF	#EEEEEE
2822	#C7C0E1	#EFEFEF
2823	#D1CAE6	#F4F4F4
2824	#DFDAED	#FBFBFB
2825	#D3CDE7	#F8F8F8
2826	#BEB6DC	#F0F0F0
2827	#CFC9E5	#F9F9F9
2828	#E0DCEE	#FDFDFD
2829	#CCC5E3	#F9F9F9
2830	#CBC5E3	#F9F9F9
2831	#D8D3EA	#F8F8F8
2832	#EEECF6	#FEFEFE
2833	#DED9ED	#FEFEFE
2834	#FDF9F9	#FFFFFF
2835	#ECE9F5	#FDFDFD
2836	#EAE7F4	#FEFEFE
2837	#F5E7E6	#FEFEFE
2838	#DDD8EC	#FCFCFC
2839	#D6D0E9	#FCFCFC
2840	#EAE7F4	#FEFEFE
2841	#FEFDFD	#FFFFFF
2842	#C8C1E1	#F8F8F8
2843	#F4E7E5	#FEFEFE
2844	#F6F4FA	#FFFFFF
2845	#F7F6FB	#FFFFFF
2846	#C7C0E0	#FCFCFC
2847	#EDEAF5	#FEFEFE
2848	#D4CFE8	#FDFDFD
2849	#FFFFFF	#FFFFFF
2850	#EAE7F4	#FEFEFE
2851	#D5CFE8	#FDFDFD
2852	#DCD8EC	#FCFCFC
2853	#C1BADD	#FBFBFB
2854	#FAF5F4	#FFFFFF
2855	#F2F0F8	#FEFEFE
2856	#BBB3DA	#F6F6F6
2857	#D3CDE7	#FBFBFB
2858	#F6F5FA	#FFFFFF
2859	#AFA6D3	#FCFCFC
2860	#9287C3	#F3F3F3
2861	#867BBD	#F7F7F7
2862	#CEC7E4	#FCFCFC
2863	#AEA5D3	#F3F3F3
2864	#D8D3EA	#F9F9F9
2865	#D4CEE7	#FDFDFD
2867	#B7AED8	#FBFBFB
2868	#C0B8DC	#F9F9F9
2869	#B1A8D5	#FAFAFA
2870	#C2BBDE	#FAFAFA
2871	#BCB4DA	#F5F5F5
2872	#B5ACD7	#EDEDED
2873	#BFB8DC	#EDEDED
2874	#C9C2E2	#F4F4F4
2875	#FFFFFF	#FFFFFF
2876	#D3CDE7	#FAFAFA
2877	#C9C2E2	#F8F8F8
2878	#D1CBE6	#FBFBFB
2879	#B4ABD6	#F5F5F5
2880	#DAD5EB	#FAFAFA
2881	#CCC5E3	#F7F7F7
2882	#F6F4FA	#FFFFFF
2883	#EDEBF6	#FEFEFE
2884	#E8E4F2	#FEFEFE
2885	#E4E0F0	#FDFDFD
2886	#FAF4F3	#FFFFFF
2887	#FEFEFF	#FFFFFF
2888	#ECE9F4	#FEFEFE
2889	#EDEAF5	#FEFEFE
2890	#E8E5F2	#FEFEFE
2891	#D0CAE5	#FCFCFC
2892	#D4CEE8	#F9F9F9
2893	#E4E0F0	#FEFEFE
2894	#FDFBFB	#FFFFFF
2895	#FCF8F7	#FFFFFF
2896	#FFFFFF	#FFFFFF
2897	#F4E6E4	#FEFEFE
2898	#E5E1F1	#FEFEFE
2899	#FCFBFD	#FFFFFF
2900	#FCF7F6	#FFFFFF
2901	#F5F3FA	#FFFFFF
2902	#F6EAE9	#FEFEFE
2903	#B8B0D9	#F3F3F3
2904	#E7E4F2	#FEFEFE
2905	#EAE8F4	#FEFEFE
2906	#D1CBE6	#FBFBFB
2907	#CCC5E3	#FBFBFB
2908	#C3BCDE	#FAFAFA
2909	#8F85C2	#F9F9F9
2910	#9085C2	#F9F9F9
2911	#8C82C1	#F0F0F0
2912	#786EB6	#F4F4F4
2913	#CDC6E4	#F8F8F8
2914	#D6D1E9	#FBFBFB
2915	#CCC5E3	#FBFBFB
2916	#DDD8EC	#FEFEFE
2918	#FBF6F6	#FFFFFF
2919	#B2A9D5	#FAFAFA
2920	#CDC6E4	#FCFCFC
2921	#CAC3E2	#FAFAFA
2922	#6C62AF	#EFEFEF
2923	#C0B8DD	#F0F0F0
2924	#C1B9DD	#F2F2F2
2925	#E5E2F1	#FCFCFC
2926	#E5E1F1	#FCFCFC
2927	#C7BFE0	#F7F7F7
2928	#C6BFE0	#F4F4F4
2929	#C5BDDF	#F6F6F6
2930	#B0A6D4	#F6F6F6
2931	#D1CBE6	#F9F9F9
2932	#D5CFE8	#FBFBFB
2933	#F8F7FB	#FFFFFF
2934	#F2F0F8	#FEFEFE
2935	#E9E6F3	#FEFEFE
2936	#E4E0F0	#FDFDFD
2937	#FBFBFD	#FFFFFF
2938	#FFFFFF	#FFFFFF
2939	#D9D4EA	#FCFCFC
2940	#F9F8FC	#FFFFFF
2941	#FFFFFF	#FFFFFF
2942	#EBE9F4	#FEFEFE
2943	#CBC4E3	#F8F8F8
2944	#CF9D97	#FCFCFC
2945	#E5E1F1	#FEFEFE
2946	#E9E5F3	#FEFEFE
2947	#FBF6F5	#FFFFFF
2948	#EEEBF6	#FEFEFE
2949	#F9F9FC	#FFFFFF
2950	#FCF9F8	#FFFFFF
2951	#F9F8FC	#FFFFFF
2952	#F5E8E6	#FEFEFE
2953	#FAF4F4	#FFFFFF
2954	#D7D2E9	#FAFAFA
2955	#F9F1F0	#FFFFFF
2956	#BAB2D9	#F7F7F7
2957	#C2BADE	#FAFAFA
2958	#EDEAF5	#FEFEFE
2959	#ADA4D3	#F5F5F5
2960	#8F84C2	#F8F8F8
2961	#958BC5	#F9F9F9
2962	#B7AED8	#FAFAFA
2963	#A096CB	#F7F7F7
2964	#B0A7D4	#F8F8F8
2965	#D0CAE5	#FBFBFB
2966	#B9B1D9	#F6F6F6
2967	#F6F5FA	#FFFFFF
2968	#EBD3D0	#FEFEFE
2969	#FBFAFD	#FFFFFF
2970	#D5CFE8	#FDFDFD
2971	#CDC7E4	#FCFCFC
2972	#B2A9D5	#FAFAFA
2973	#ADA4D3	#F5F5F5
2974	#C1B9DD	#F3F3F3
2975	#DCD7EC	#FAFAFA
2976	#CEC7E4	#F7F7F7
2977	#C6BFE0	#F5F5F5
2978	#D1CBE6	#F9F9F9
2979	#C2BADE	#FAFAFA
2980	#EBE8F4	#FDFDFD
2981	#CCC6E3	#F6F6F6
2982	#C5BDDF	#F8F8F8
2983	#D3CDE7	#FBFBFB
2984	#EFECF6	#FEFEFE
2985	#F6F4FA	#FEFEFE
2986	#FBFAFD	#FFFFFF
2987	#FEFDFD	#FFFFFF
2988	#FEFDFD	#FFFFFF
2989	#D7D2E9	#FDFDFD
2990	#FCF7F6	#FFFFFF
2991	#E8E5F3	#FEFEFE
2992	#FCF7F6	#FFFFFF
2993	#B4ABD6	#F5F5F5
2994	#E7E4F2	#FEFEFE
2995	#E8E5F2	#FEFEFE
2996	#EDD7D4	#FEFEFE
2997	#EAE7F4	#FEFEFE
2998	#FBF6F6	#FFFFFF
2999	#C4BCDF	#FCFCFC
3000	#D6D1E9	#FDFDFD
3001	#FCF7F7	#FFFFFF
3002	#E0BDB9	#FDFDFD
3003	#FEFCFC	#FFFFFF
3004	#D0CAE5	#F8F8F8
3005	#F9F8FC	#FFFFFF
3006	#D7D2E9	#FDFDFD
3007	#C7C0E1	#FCFCFC
3008	#BDB5DB	#FAFAFA
3009	#E6E3F2	#FEFEFE
3010	#E4E1F1	#FDFDFD
3011	#ACA3D2	#FAFAFA
3012	#B7AFD8	#FDFDFD
3013	#A299CD	#F4F4F4
3014	#DCD7EC	#FEFEFE
3015	#D1CBE6	#F9F9F9
3016	#C2BADE	#FAFAFA
3017	#B7AFD8	#FAFAFA
3018	#FEFDFD	#FFFFFF
3019	#EBD3D0	#FEFEFE
3020	#DDD8EC	#FEFEFE
3021	#D4CFE8	#FDFDFD
3022	#C1BADE	#FBFBFB
3023	#CAC4E2	#FAFAFA
3024	#B5ADD7	#F2F2F2
3025	#B8B0D8	#F2F2F2
3026	#CDC7E4	#F9F9F9
3027	#E2DEEF	#FCFCFC
3028	#CAC3E2	#F4F4F4
3029	#C7C0E1	#F8F8F8
3030	#C0B8DD	#F7F7F7
3031	#D4CEE8	#F6F6F6
3032	#D8D3EA	#FBFBFB
3033	#DDD9ED	#FDFDFD
3034	#BFB7DC	#F9F9F9
3035	#E5E1F1	#FDFDFD
3036	#D5CFE8	#FCFCFC
3037	#E8E4F2	#FEFEFE
3038	#FAF4F3	#FFFFFF
3039	#FBF5F5	#FFFFFF
3040	#EDEAF5	#FEFEFE
3041	#FDFBFA	#FFFFFF
3042	#EEECF6	#FEFEFE
3043	#FFFEFE	#FFFFFF
3044	#CCC6E3	#F8F8F8
3045	#DEDAED	#FDFDFD
3046	#F6F5FA	#FFFFFF
3047	#F3E5E3	#FEFEFE
3048	#CF9D97	#FCFCFC
3049	#F2F0F8	#FFFFFF
3050	#D4CEE7	#FCFCFC
3051	#F7ECEB	#FFFFFF
3052	#EFECF6	#FEFEFE
3053	#D4CFE8	#FDFDFD
3054	#D5D0E8	#FCFCFC
3055	#DDD9ED	#FCFCFC
3056	#ECEAF5	#FEFEFE
3057	#F2F0F8	#FFFFFF
3058	#EAE8F4	#FEFEFE
3059	#9C92C9	#F6F6F6
3060	#D9D4EB	#FDFDFD
3061	#CDC6E4	#F6F6F6
3062	#C7BFE0	#FCFCFC
3063	#CDC7E4	#FCFCFC
3064	#D1CBE6	#FCFCFC
3065	#DEDAED	#FEFEFE
3066	#E4E1F1	#FDFDFD
3067	#C5BDDF	#F8F8F8
3068	#B5ACD6	#F6F6F6
3069	#C3BBDE	#FDFDFD
3070	#C3BBDE	#FDFDFD
3071	#D4CEE7	#FDFDFD
3072	#CCC5E3	#FDFDFD
3073	#EEECF6	#FFFFFF
3074	#B0A7D4	#F8F8F8
3075	#BAB2DA	#F9F9F9
3076	#BFB7DC	#F5F5F5
3077	#D6D1E9	#F9F9F9
3078	#D3CDE7	#F8F8F8
3079	#CDC6E4	#FBFBFB
3080	#D3CDE7	#FAFAFA
3081	#C6BFE0	#F5F5F5
3082	#ADA4D3	#F2F2F2
3083	#EEECF6	#FEFEFE
3084	#D5D0E8	#F9F9F9
3085	#E1DDEF	#FDFDFD
3086	#D8D2EA	#FDFDFD
3087	#E1DDEF	#FDFDFD
3088	#E1DDEF	#FDFDFD
3089	#F7ECEB	#FEFEFE
3090	#E5E1F1	#FDFDFD
3091	#E1DDEF	#FDFDFD
3092	#D5D0E8	#FCFCFC
3093	#FBFBFD	#FFFFFF
3094	#BFB7DC	#F6F6F6
3095	#FAF4F3	#FFFFFF
3096	#FDFBFB	#FFFFFF
3097	#E9E6F3	#FEFEFE
3098	#EFECF6	#FFFFFF
3099	#D4CFE8	#FDFDFD
3100	#F9F2F1	#FFFFFF
3101	#DEDAED	#FDFDFD
3102	#ECD4D1	#FDFDFD
3103	#F7EDEB	#FEFEFE
3104	#F7EDEC	#FFFFFF
3105	#D2CCE7	#F9F9F9
3106	#F0EEF7	#FEFEFE
3107	#FBF7F6	#FFFFFF
3108	#D4CEE8	#FDFDFD
3109	#D0CAE6	#FCFCFC
3110	#BEB6DC	#FAFAFA
3111	#DBD6EB	#FBFBFB
3112	#C6BFE0	#F9F9F9
3113	#A096CB	#F7F7F7
3114	#B8AFD8	#FBFBFB
3115	#A096CB	#F7F7F7
3116	#BBB3DA	#F5F5F5
3117	#E4E0F0	#FEFEFE
3118	#ACA2D2	#F7F7F7
3119	#DAD5EB	#FCFCFC
3120	#E8E5F3	#FEFEFE
3121	#AFA5D3	#FCFCFC
3122	#E8E5F3	#FEFEFE
3123	#CDC7E4	#FCFCFC
3124	#D4CFE8	#FDFDFD
3125	#B1A8D5	#FAFAFA
3126	#C2BBDE	#FAFAFA
3127	#D1CBE6	#F8F8F8
3128	#D4CEE8	#FAFAFA
3129	#C9C2E2	#F9F9F9
3130	#C1B9DD	#F5F5F5
3131	#CEC7E4	#F7F7F7
3132	#D6D0E9	#FAFAFA
3133	#D6D0E9	#FAFAFA
3134	#D5D0E8	#FAFAFA
3135	#D0CAE5	#F9F9F9
3136	#BDB5DB	#F8F8F8
3137	#DDD9ED	#FDFDFD
3138	#DFDAEE	#FCFCFC
3139	#FFFEFE	#FFFFFF
3140	#E2DEEF	#FDFDFD
3141	#F1EFF8	#FEFEFE
3142	#F3F2F9	#FEFEFE
3143	#F2F0F8	#FFFFFF
3144	#E2DEEF	#FDFDFD
3145	#D7D2EA	#FBFBFB
3146	#F7ECEA	#FFFFFF
3147	#FFFFFF	#FFFFFF
3148	#FFFEFE	#FFFFFF
3149	#F8EEED	#FFFFFF
3150	#FBF6F6	#FFFFFF
3151	#FEFCFB	#FFFFFF
3152	#F8F7FB	#FFFFFF
3153	#F2F0F8	#FEFEFE
3154	#E7E4F2	#FEFEFE
3155	#E8CCC8	#FDFDFD
3156	#E1DCEF	#FBFBFB
3157	#E8E5F3	#FEFEFE
3158	#F7ECEB	#FFFFFF
3159	#E6E2F1	#FEFEFE
3160	#D5CFE8	#FCFCFC
3161	#D4CEE7	#FBFBFB
3162	#C6BFE0	#FAFAFA
3163	#C8C1E1	#F8F8F8
3164	#C3BBDE	#FDFDFD
3165	#B8AFD8	#FDFDFD
3166	#A89FD0	#F6F6F6
3167	#CEC8E4	#F9F9F9
3168	#BEB6DC	#FCFCFC
3169	#BFB7DC	#F8F8F8
3170	#DAD5EB	#FCFCFC
3171	#D4CEE7	#FDFDFD
3172	#F8EEED	#FFFFFF
3173	#DDD8ED	#FEFEFE
3174	#DBD7EC	#FEFEFE
3175	#BCB4DB	#FBFBFB
3176	#B7AFD8	#F7F7F7
3177	#C6BFE0	#F7F7F7
3178	#DAD5EB	#FCFCFC
3179	#C5BEE0	#FAFAFA
3180	#CFC8E5	#F8F8F8
3181	#BEB7DC	#F5F5F5
3182	#D0CAE5	#F9F9F9
3183	#AEA5D3	#F3F3F3
3184	#CBC4E3	#F9F9F9
3185	#E0DBEE	#FCFCFC
3186	#E0DCEE	#FCFCFC
3187	#D0CAE5	#F9F9F9
3188	#D5D0E8	#FCFCFC
3189	#F9F1F0	#FFFFFF
3190	#F9F9FC	#FFFFFF
3191	#DAD5EB	#FCFCFC
3192	#EFECF6	#FEFEFE
3193	#F9F8FC	#FFFFFF
3194	#DDD8EC	#FDFDFD
3195	#ABA1D1	#F1F1F1
3196	#FBFAFD	#FFFFFF
3197	#F6EBE9	#FEFEFE
3198	#F6ECEA	#FFFFFF
3199	#ECD5D2	#FEFEFE
3200	#CDC7E4	#FCFCFC
3201	#F5E8E6	#FEFEFE
3202	#DDD8ED	#FDFDFD
3203	#D5CFE8	#FCFCFC
3204	#D6D0E9	#FCFCFC
3205	#D0CAE6	#FCFCFC
3206	#ADA4D2	#F5F5F5
3207	#F1EFF8	#FFFFFF
3208	#E8E5F3	#FEFEFE
3209	#EEEBF6	#FEFEFE
3210	#F7F6FB	#FFFFFF
3211	#D7D2E9	#FDFDFD
3212	#D2CCE7	#FCFCFC
3213	#C3BCDE	#F2F2F2
3214	#9E94CA	#EDEDED
3215	#D1CCE6	#FBFBFB
3216	#B7AFD8	#FDFDFD
3217	#D2CCE7	#F7F7F7
3218	#B6ADD7	#F6F6F6
3219	#DDD8EC	#FEFEFE
3220	#D3CEE7	#FDFDFD
3221	#BCB4DA	#FAFAFA
3222	#C3BBDE	#FDFDFD
3223	#FAF9FC	#FFFFFF
3224	#A197CC	#FBFBFB
3225	#C4BCDF	#FCFCFC
3226	#B7AED8	#FBFBFB
3227	#A89ECF	#F9F9F9
3228	#D3CDE7	#F8F8F8
3229	#D9D4EA	#FAFAFA
3230	#A69DCF	#F6F6F6
3231	#D8D3EA	#FAFAFA
3232	#C3BCDF	#F5F5F5
3233	#C9C2E1	#F9F9F9
3234	#D2CCE6	#F9F9F9
3235	#C4BDDF	#F8F8F8
3236	#DAD5EB	#FBFBFB
3237	#D0CAE6	#F7F7F7
3238	#E8E4F2	#FDFDFD
3239	#D8D3EA	#FDFDFD
3240	#E2DEEF	#FDFDFD
3241	#EEECF6	#FEFEFE
3242	#F7F6FB	#FFFFFF
3243	#EDEBF5	#FEFEFE
3244	#F2F0F8	#FFFFFF
3245	#F4E5E4	#FEFEFE
3246	#C4BDDF	#F7F7F7
3247	#E2DEEF	#FDFDFD
3248	#FEFDFD	#FFFFFF
3249	#DED9ED	#FDFDFD
3250	#FEFDFD	#FFFFFF
3251	#FBF6F5	#FFFFFF
3252	#E2DDEF	#FDFDFD
3253	#EAE7F3	#FEFEFE
3254	#E4E0F0	#FDFDFD
3255	#F3E5E3	#FEFEFE
3256	#F7EDEC	#FEFEFE
3257	#D7D2E9	#FCFCFC
3258	#FBF6F6	#FFFFFF
3259	#F2F0F8	#FEFEFE
3260	#F6F5FA	#FFFFFF
3261	#D3CDE7	#FCFCFC
3262	#C6BFE0	#FBFBFB
3263	#C5BEE0	#F6F6F6
3264	#C3BCDE	#F8F8F8
3265	#B0A6D4	#EEEEEE
3266	#968CC6	#F5F5F5
3267	#DDD8ED	#FEFEFE
3268	#AFA6D3	#EEEEEE
3269	#C4BDDF	#FCFCFC
3270	#BEB6DB	#FCFCFC
3271	#F5F3F9	#FFFFFF
3272	#E6E2F1	#FEFEFE
3273	#D4CFE8	#FEFEFE
3274	#DCD8EC	#FEFEFE
3275	#F7EEEC	#FFFFFF
3276	#EFECF6	#FFFFFF
3277	#9085C2	#F9F9F9
3278	#C3BCDE	#F6F6F6
3279	#B2A9D5	#F7F7F7
3280	#C3BCDE	#F8F8F8
3281	#C1BADD	#F3F3F3
3282	#D0CAE5	#F8F8F8
3283	#CDC7E4	#F8F8F8
3284	#C7C0E1	#F8F8F8
3285	#B6ADD7	#F6F6F6
3286	#D6D0E9	#F8F8F8
3287	#D8D2EA	#FBFBFB
3288	#E9E6F3	#FCFCFC
3289	#DBD6EC	#FBFBFB
3290	#EBE8F4	#FEFEFE
3291	#D7D1E9	#FDFDFD
3292	#DDD9ED	#FDFDFD
3293	#FAF3F2	#FFFFFF
3294	#FDFDFE	#FFFFFF
3295	#E9CFCC	#FDFDFD
3296	#D5D0E8	#FBFBFB
3297	#EDD6D3	#FEFEFE
3298	#E6E2F1	#FEFEFE
3299	#C7C0E1	#FCFCFC
3300	#F1DFDC	#FEFEFE
3301	#FDFAFA	#FFFFFF
3302	#F7ECEB	#FFFFFF
3303	#F2F0F8	#FEFEFE
3304	#FBFAFD	#FFFFFF
3305	#DED9ED	#FEFEFE
3306	#EFEDF6	#FEFEFE
3307	#E3DFF0	#FCFCFC
3308	#DED9ED	#FEFEFE
3309	#F9F1F0	#FFFFFF
3310	#E3DFF0	#FEFEFE
3311	#EDEAF5	#FEFEFE
3312	#FCFCFE	#FFFFFF
3313	#BCB4DB	#F4F4F4
3314	#C9C2E2	#FAFAFA
3315	#D2CCE7	#FAFAFA
3316	#B5ACD7	#F1F1F1
3317	#B7AED8	#F8F8F8
3318	#E4E1F1	#FDFDFD
3319	#B8AFD8	#FDFDFD
3320	#C6BFE0	#FBFBFB
3321	#B7AED8	#FDFDFD
3322	#EFEDF6	#FEFEFE
3323	#E8E5F3	#FEFEFE
3324	#E8E5F3	#FEFEFE
3325	#C3BBDE	#FDFDFD
3326	#D4CEE8	#FEFEFE
3327	#D7D1E9	#FDFDFD
3328	#F6F5FA	#FFFFFF
3329	#EEEBF6	#FEFEFE
3330	#C2BADE	#FAFAFA
3331	#E3DFF0	#FCFCFC
3332	#C2BBDE	#F8F8F8
3333	#D7D2E9	#FAFAFA
3334	#C5BEE0	#F8F8F8
3335	#B8AFD8	#F5F5F5
3336	#B8AFD8	#F3F3F3
3337	#D2CCE6	#F8F8F8
3338	#CAC3E2	#F8F8F8
3339	#EEEBF6	#FDFDFD
3340	#CCC6E3	#F8F8F8
3341	#D5D0E8	#FCFCFC
3342	#EDEBF5	#FEFEFE
3343	#EED9D6	#FEFEFE
3344	#D9D4EA	#FBFBFB
3345	#E9E6F3	#FEFEFE
3346	#FEFDFD	#FFFFFF
3347	#C2BADE	#F6F6F6
3348	#ECEAF5	#FEFEFE
3349	#F7F5FA	#FFFFFF
3350	#E8E5F3	#FEFEFE
3351	#F7EEEC	#FFFFFF
3352	#EED9D7	#FEFEFE
3353	#F8F7FB	#FFFFFF
3354	#D7D2E9	#FCFCFC
3355	#F8F7FB	#FFFFFF
3356	#F9F2F1	#FFFFFF
3357	#FAF9FC	#FFFFFF
3358	#EAE7F3	#FDFDFD
3359	#D1CBE6	#FCFCFC
3360	#E2C1BD	#FDFDFD
3361	#E2DEEF	#FDFDFD
3362	#FCF9F8	#FFFFFF
3363	#C3BCDE	#F7F7F7
3364	#A59CCE	#F2F2F2
3365	#D1CBE6	#FAFAFA
3366	#A299CD	#F0F0F0
3367	#AEA5D3	#EAEAEA
3368	#A79DCF	#FBFBFB
3369	#DCD7EC	#FBFBFB
3370	#D4CEE8	#FEFEFE
3371	#DED9ED	#FDFDFD
3372	#F9F8FC	#FFFFFF
3373	#9C92C9	#F6F6F6
3374	#B5ACD7	#F8F8F8
3376	#E8E5F3	#FEFEFE
3377	#E9E6F3	#FEFEFE
3378	#D5CFE8	#FEFEFE
3379	#DBD7EC	#FBFBFB
3380	#D4CFE8	#F9F9F9
3381	#DCD7EC	#FAFAFA
3382	#D4CEE8	#FAFAFA
3383	#D5CFE8	#FAFAFA
3384	#D3CDE7	#F7F7F7
3385	#E2DEEF	#FBFBFB
3386	#DBD6EB	#F7F7F7
3387	#D4CFE8	#FEFEFE
3389	#D5CFE8	#FEFEFE
3390	#FAF9FC	#FFFFFF
3391	#E5E1F1	#FEFEFE
3392	#E6E3F1	#FEFEFE
3393	#D2CCE6	#FCFCFC
3394	#D5CFE8	#F8F8F8
3395	#DCD7EC	#F8F8F8
3396	#DAD5EB	#F5F5F5
3397	#E0DBEE	#FAFAFA
3398	#D5D0E8	#F5F5F5
3399	#E3DFF0	#FAFAFA
3400	#E2DEEF	#FCFCFC
3401	#DAD5EB	#FAFAFA
3402	#CFC9E5	#F6F6F6
3403	#E8E4F2	#FCFCFC
3404	#C2BADE	#FAFAFA
3405	#CAC3E2	#FAFAFA
3406	#E8E4F2	#FEFEFE
3407	#9F95CB	#F7F7F7
3408	#CCC6E3	#F4F4F4
3409	#F9F8FC	#FFFFFF
3410	#E8E5F2	#FEFEFE
3411	#F9F2F1	#FFFFFF
3412	#B7AFD8	#FDFDFD
3413	#FEFDFD	#FFFFFF
3414	#F6F5FA	#FFFFFF
3415	#FCF7F6	#FFFFFF
3416	#D4CFE8	#FEFEFE
3417	#FFFFFF	#FFFFFF
3418	#F6EAE9	#FEFEFE
3419	#DDD8EC	#FEFEFE
3420	#D3CEE7	#FDFDFD
3421	#D5CFE8	#FDFDFD
3422	#FEFDFD	#FFFFFF
3423	#FBF7F6	#FFFFFF
3424	#D5CFE8	#FDFDFD
3425	#E8E5F3	#FEFEFE
3426	#FEFCFC	#FFFFFF
3427	#D9AFAA	#FDFDFD
3428	#ECD5D3	#FEFEFE
3429	#F3E5E3	#FEFEFE
3430	#E0BDB9	#FEFEFE
3431	#F4E5E3	#FEFEFE
3432	#C7C0E1	#FCFCFC
3433	#DEDAED	#FDFDFD
3434	#D3A59F	#FCFCFC
3435	#D7D2E9	#F9F9F9
3436	#E3E0F0	#FAFAFA
3437	#E8E5F2	#FCFCFC
3438	#FBFAFD	#FFFFFF
3439	#D5CFE8	#FEFEFE
3440	#C3BBDE	#FDFDFD
3441	#ECD6D3	#FEFEFE
3442	#CBC5E3	#FDFDFD
3443	#9A90C8	#FAFAFA
3444	#E3DFF0	#FEFEFE
3445	#DED9ED	#F9F9F9
3446	#DBD6EC	#F6F6F6
3447	#D3CDE7	#F0F0F0
3448	#D4CEE7	#F6F6F6
3449	#C7BFE0	#F3F3F3
3450	#D0CAE5	#F8F8F8
3451	#C7C0E0	#F5F5F5
3452	#D1CBE6	#F9F9F9
3453	#B1A8D5	#F2F2F2
3454	#BCB4DA	#FAFAFA
3455	#BAB2DA	#F9F9F9
3456	#E1DDEF	#FDFDFD
3457	#CBC5E3	#F9F9F9
3458	#9085C3	#F9F9F9
3459	#D8D3EA	#F9F9F9
3460	#D9D3EA	#FDFDFD
3461	#E4E1F1	#FEFEFE
3462	#CDC7E4	#FCFCFC
3463	#F7EDEB	#FFFFFF
3464	#E5E1F1	#FEFEFE
3465	#E6E2F1	#FEFEFE
3466	#F9F8FC	#FFFFFF
3467	#EFECF6	#FEFEFE
3468	#D9B0AA	#FDFDFD
3469	#DCD7EC	#FEFEFE
3470	#F9F1F0	#FFFFFF
3471	#F4E6E4	#FEFEFE
3472	#DDD8ED	#FDFDFD
3473	#FBF6F6	#FFFFFF
3474	#F7EDEC	#FFFFFF
3475	#DED9ED	#FEFEFE
3476	#EDEAF5	#FEFEFE
3477	#EEECF6	#FFFFFF
3478	#E4E0F0	#FEFEFE
3479	#F6F5FA	#FFFFFF
3480	#E1BEBA	#FEFEFE
3481	#FAF9FC	#FFFFFF
3482	#E4E1F1	#FEFEFE
3483	#EEECF6	#FFFFFF
3484	#FBFBFD	#FFFFFF
3485	#ADA4D2	#F5F5F5
3486	#CDC7E4	#F9F9F9
3487	#CCC5E3	#F9F9F9
3488	#C8C1E1	#F8F8F8
3489	#CEC8E5	#F8F8F8
3490	#CBC5E3	#F7F7F7
3491	#E6E2F1	#FCFCFC
3492	#D7D2E9	#FBFBFB
3493	#DED9ED	#FCFCFC
3494	#EED9D6	#FEFEFE
3495	#F6F5FA	#FFFFFF
3496	#F8F6FB	#FFFFFF
3497	#E5E1F1	#FDFDFD
3498	#D8D2EA	#FAFAFA
3499	#F7EDEC	#FEFEFE
3500	#F7EDEB	#FEFEFE
3501	#E3DFF0	#FEFEFE
3502	#F6F4FA	#FFFFFF
3503	#FFFFFF	#FFFFFF
3504	#F2F0F8	#FFFFFF
3505	#FFFEFE	#FFFFFF
3506	#F2F0F8	#FFFFFF
3507	#EFECF6	#FEFEFE
3508	#EAE7F4	#FEFEFE
3509	#D6D1E9	#FAFAFA
3510	#FCFCFE	#FFFFFF
3511	#F9F9FC	#FFFFFF
3512	#F7ECEA	#FEFEFE
3513	#D1CBE6	#FBFBFB
3514	#EEECF6	#FEFEFE
3515	#B5ADD7	#F4F4F4
3516	#BEB6DB	#F7F7F7
3517	#BEB7DC	#F5F5F5
3518	#9E94CA	#E8E8E8
3519	#D5D0E8	#F9F9F9
3520	#D3CDE7	#F9F9F9
3521	#E2DEEF	#FDFDFD
3522	#AEA5D3	#FCFCFC
3523	#DCD8EC	#FDFDFD
3524	#A79DCF	#FBFBFB
3525	#C6BFE0	#FBFBFB
3526	#EEECF6	#FEFEFE
3527	#E9E5F3	#FEFEFE
3528	#E0BEB9	#FEFEFE
3529	#C3BBDE	#FDFDFD
3530	#968BC6	#F9F9F9
3531	#CBC5E3	#F7F7F7
3532	#D8D3EA	#FBFBFB
3533	#BBB3DA	#F5F5F5
3534	#E5E1F1	#FDFDFD
3535	#DAD5EB	#FCFCFC
3536	#CBC4E3	#FCFCFC
3537	#BBB3DA	#F6F6F6
3538	#D1CBE6	#FAFAFA
3539	#BFB7DC	#F5F5F5
3540	#C0B8DD	#F4F4F4
3541	#BCB3DA	#F2F2F2
3542	#D8D3EA	#FBFBFB
3543	#EFECF6	#FEFEFE
3544	#F3F1F9	#FEFEFE
3545	#E3DFF0	#FEFEFE
3546	#E5E1F1	#FEFEFE
3547	#EFDBD9	#FEFEFE
3548	#E6E3F2	#FEFEFE
3549	#C1B9DD	#F5F5F5
3550	#FDFBFA	#FFFFFF
3551	#DDD8ED	#FDFDFD
3552	#FBF7F6	#FFFFFF
3553	#F9F1F0	#FFFFFF
3554	#F1E0DE	#FEFEFE
3555	#E1DDEF	#FDFDFD
3556	#F5F3F9	#FFFFFF
3557	#F5F4FA	#FFFFFF
3558	#F1DFDD	#FEFEFE
3559	#DED9ED	#FDFDFD
3560	#D3CDE7	#FBFBFB
3561	#FEFCFC	#FFFFFF
3562	#ECE9F4	#FEFEFE
3563	#F0DCDA	#FEFEFE
3564	#FAF9FC	#FFFFFF
3565	#CBC4E3	#FCFCFC
3566	#B8AFD8	#F5F5F5
3567	#C6BFE0	#F9F9F9
3568	#BFB7DC	#F1F1F1
3569	#B9B1D9	#F2F2F2
3570	#C5BDDF	#F1F1F1
3571	#D4CFE8	#FDFDFD
3572	#AFA6D4	#F8F8F8
3573	#FAF9FC	#FFFFFF
3574	#D8D3EA	#FDFDFD
3575	#DBD7EC	#FEFEFE
3576	#CDC6E4	#FCFCFC
3577	#CEC7E4	#FCFCFC
3578	#C3BBDE	#FDFDFD
3579	#D4CFE8	#FEFEFE
3580	#D4CFE8	#FEFEFE
3581	#E0DCEE	#FCFCFC
3582	#E8E5F3	#FDFDFD
3583	#DAD5EB	#FBFBFB
3584	#CEC7E4	#F7F7F7
3585	#C9C3E2	#FBFBFB
3586	#B8B0D8	#F7F7F7
3587	#D6D1E9	#FCFCFC
3588	#D6D0E9	#FCFCFC
3589	#D9D4EA	#FCFCFC
3590	#C5BEE0	#F6F6F6
3591	#D6D1E9	#F8F8F8
3592	#DAD5EB	#FBFBFB
3593	#D1CAE6	#F7F7F7
3594	#E4E0F0	#FDFDFD
3595	#ECE9F4	#FEFEFE
3596	#E2DEEF	#FDFDFD
3597	#F6EAE8	#FEFEFE
3598	#FAF9FC	#FFFFFF
3599	#C7C0E1	#F7F7F7
3600	#F7EDEB	#FEFEFE
3601	#FDFBFB	#FFFFFF
3602	#EAE7F4	#FEFEFE
3603	#CFC9E5	#FBFBFB
3604	#F7ECEB	#FFFFFF
3605	#EDEAF5	#FEFEFE
3606	#C7C0E0	#FCFCFC
3607	#E2DEEF	#FDFDFD
3608	#FCFBFD	#FFFFFF
3609	#C8918B	#FBFBFB
3610	#DAD5EB	#FCFCFC
3611	#E5E2F1	#FDFDFD
3612	#FCF7F6	#FFFFFF
3613	#CBC5E3	#FDFDFD
3614	#E2DEEF	#FDFDFD
3615	#EDEBF5	#FEFEFE
3616	#D7D2E9	#FDFDFD
3617	#CAC3E2	#F8F8F8
3618	#C5BDDF	#F3F3F3
3619	#B6ADD7	#F4F4F4
3620	#CDC6E4	#F0F0F0
3621	#C8C1E1	#F8F8F8
3622	#CFC8E5	#F1F1F1
3623	#C6BFE0	#FBFBFB
3624	#FAF9FC	#FFFFFF
3625	#B4ABD6	#F9F9F9
3626	#DCD7EC	#FEFEFE
3627	#ACA3D2	#FAFAFA
3628	#DCD8EC	#FDFDFD
3629	#D4CFE8	#FEFEFE
3631	#FBFAFD	#FFFFFF
3632	#B9B0D9	#F5F5F5
3633	#D5D0E8	#FAFAFA
3634	#D1CBE6	#FAFAFA
3635	#E1DCEE	#FCFCFC
3636	#A69CCF	#EFEFEF
3637	#E0DCEE	#FDFDFD
3638	#ABA1D1	#F4F4F4
3639	#C0B9DD	#F7F7F7
3640	#ABA2D1	#F4F4F4
3641	#D5CFE8	#F9F9F9
3642	#E1DDEF	#FBFBFB
3643	#CBC5E3	#F6F6F6
3644	#E4E0F0	#FDFDFD
3645	#EAE6F3	#FEFEFE
3646	#FCFBFD	#FFFFFF
3647	#F7EDEC	#FEFEFE
3648	#E4E0F0	#FEFEFE
3649	#EED9D7	#FEFEFE
3650	#AEA5D3	#F3F3F3
3651	#E4E1F1	#FEFEFE
3652	#F6F4FA	#FFFFFF
3653	#F5F4FA	#FFFFFF
3654	#948AC5	#F9F9F9
3655	#F3E5E3	#FEFEFE
3656	#F3E5E3	#FEFEFE
3657	#E7E4F2	#FEFEFE
3658	#EDEAF5	#FEFEFE
3659	#EEECF6	#FEFEFE
3660	#E3DFF0	#FEFEFE
3661	#CAC3E2	#FBFBFB
3662	#EBE9F4	#FEFEFE
3663	#EBE8F4	#FEFEFE
3664	#E4E0F0	#FDFDFD
3665	#C9C2E1	#F9F9F9
3666	#CDC7E4	#F9F9F9
3667	#B1A8D5	#FAFAFA
3668	#D1CBE6	#F9F9F9
3669	#CDC7E4	#F7F7F7
3670	#D6D0E8	#F2F2F2
3671	#DAD5EB	#F5F5F5
3672	#C4BDDF	#F7F7F7
3673	#A79DCF	#E6E6E6
3674	#E2DEEF	#FDFDFD
3675	#F0EDF7	#FFFFFF
3676	#EAE7F3	#FEFEFE
3677	#C6BFE0	#FCFCFC
3678	#CCC6E3	#FDFDFD
3679	#C0B8DD	#F9F9F9
3680	#ECEAF5	#FEFEFE
3681	#C3BBDE	#FDFDFD
3682	#BAB2D9	#F9F9F9
3683	#D1CBE6	#FBFBFB
3684	#EBE8F4	#FEFEFE
3685	#D8D3EA	#FBFBFB
3686	#DFDAED	#FDFDFD
3687	#D2CCE7	#FAFAFA
3688	#E2DFF0	#FCFCFC
3689	#C6BFE0	#F9F9F9
3690	#D3CDE7	#FAFAFA
3691	#C4BCDF	#F6F6F6
3692	#BDB5DB	#F4F4F4
3693	#D1CBE6	#F8F8F8
3694	#D5CFE8	#FBFBFB
3695	#D3CEE7	#FAFAFA
3696	#D3CDE7	#FAFAFA
3697	#DED9ED	#FDFDFD
3698	#EEECF6	#FFFFFF
3699	#F2F0F8	#FEFEFE
3700	#BCB4DB	#F5F5F5
3701	#F3F1F8	#FEFEFE
3702	#F1DFDD	#FEFEFE
3703	#FCF9F9	#FFFFFF
3704	#DED9ED	#FDFDFD
3705	#F3F1F8	#FEFEFE
3706	#F9F1F0	#FFFFFF
3707	#FBF6F6	#FFFFFF
3708	#F5F4FA	#FFFFFF
3709	#F6ECEA	#FFFFFF
3710	#FCF7F6	#FFFFFF
3711	#D4CEE7	#FAFAFA
3712	#E1DDEF	#FDFDFD
3713	#EDD6D3	#FEFEFE
3714	#D6D0E9	#FCFCFC
3715	#C1B9DD	#FAFAFA
3716	#FFFFFF	#FFFFFF
3717	#D4CFE8	#FCFCFC
3718	#C7C0E1	#F8F8F8
3719	#AEA5D3	#F3F3F3
3720	#E0DBEE	#F9F9F9
3721	#E3DFF0	#F7F7F7
3722	#D5CFE8	#FBFBFB
3723	#CCC5E3	#F2F2F2
3724	#C5BDDF	#F1F1F1
3725	#BDB5DB	#FCFCFC
3726	#B7AFD8	#FDFDFD
3727	#E3DFF0	#FDFDFD
3728	#DDD8EC	#FEFEFE
3729	#A79ECF	#F9F9F9
3730	#D1CBE6	#FBFBFB
3731	#FAF9FC	#FFFFFF
3732	#C3BBDE	#FDFDFD
3733	#C1BADD	#F7F7F7
3734	#CAC4E2	#F8F8F8
3735	#D8D3EA	#FBFBFB
3736	#DAD5EB	#FCFCFC
3737	#E1DDEF	#FCFCFC
3738	#C2BADE	#FAFAFA
3739	#CDC7E4	#FCFCFC
3740	#BEB6DC	#FAFAFA
3741	#D7D2EA	#FBFBFB
3742	#CBC5E3	#FCFCFC
3743	#CAC4E2	#F7F7F7
3744	#D2CCE6	#F8F8F8
3745	#B2A9D5	#F0F0F0
3746	#C8C1E1	#F7F7F7
3747	#BAB1D9	#F9F9F9
3748	#EBE8F4	#FEFEFE
3749	#DEDAED	#FEFEFE
3750	#EED9D6	#FEFEFE
3751	#D4CEE7	#FCFCFC
3752	#F5F4FA	#FFFFFF
3753	#F5F4FA	#FFFFFF
3754	#F1EFF8	#FEFEFE
3755	#DEDAED	#FEFEFE
3756	#EFDCD9	#FEFEFE
3757	#F5E8E6	#FEFEFE
3758	#F9F1F0	#FFFFFF
3759	#DDD8ED	#FDFDFD
3760	#CDC7E4	#FDFDFD
3761	#E4E1F1	#FDFDFD
3762	#BEB7DC	#F5F5F5
3763	#CEC7E4	#FCFCFC
3764	#DEDAED	#FCFCFC
3765	#ECE9F5	#FEFEFE
3766	#FBFBFD	#FFFFFF
3767	#C4BCDF	#FCFCFC
3768	#BBB3DA	#F5F5F5
3769	#DBD6EB	#FBFBFB
3770	#CEC7E4	#F0F0F0
3771	#D5D0E8	#F2F2F2
3772	#D9D4EA	#F4F4F4
3773	#E1DDEF	#FDFDFD
3774	#C1B9DD	#EEEEEE
3775	#AEA4D3	#F0F0F0
3776	#AFA6D3	#FCFCFC
3777	#D3CEE7	#FDFDFD
3778	#D3CEE7	#FCFCFC
3779	#DDD8ED	#FEFEFE
3780	#C0B9DD	#F8F8F8
3781	#EAE7F4	#FEFEFE
3782	#FAF9FC	#FFFFFF
3783	#EFEDF6	#FEFEFE
3784	#DDD9ED	#FDFDFD
3785	#BCB4DB	#F8F8F8
3786	#D8D3EA	#FBFBFB
3787	#D9D4EA	#F9F9F9
3788	#D4CEE7	#FAFAFA
3789	#C2BADE	#FBFBFB
3790	#BBB3DA	#FAFAFA
3791	#DBD6EB	#FBFBFB
3792	#CDC6E4	#F8F8F8
3793	#E7E4F2	#FDFDFD
3794	#B9B0D9	#F4F4F4
3795	#DBD7EC	#FCFCFC
3796	#CDC7E4	#F6F6F6
3797	#C7C0E1	#F7F7F7
3798	#E8E5F3	#FEFEFE
3799	#EAE7F3	#FEFEFE
3800	#F2F0F8	#FEFEFE
3801	#CEC7E4	#FAFAFA
3802	#EEECF6	#FEFEFE
3803	#FDFBFA	#FFFFFF
3804	#F9F8FC	#FFFFFF
3805	#FDFDFE	#FFFFFF
3806	#F3E5E3	#FEFEFE
3807	#FEFCFB	#FFFFFF
3808	#D4CEE8	#FDFDFD
3809	#E6C8C4	#FDFDFD
3810	#BEB6DC	#FCFCFC
3811	#E8E5F3	#FEFEFE
3812	#D7D2E9	#FBFBFB
3813	#E3DFF0	#FEFEFE
3814	#D3CDE7	#FCFCFC
3815	#EDEAF5	#FEFEFE
3816	#E5E1F1	#FEFEFE
3817	#D0CAE5	#FCFCFC
3818	#D9D4EA	#FBFBFB
3819	#D6D1E9	#FBFBFB
3820	#CAC3E2	#F7F7F7
3821	#D8D3EA	#F5F5F5
3822	#D3CDE7	#F0F0F0
3823	#D6D1E9	#FCFCFC
3824	#D0CAE6	#F4F4F4
3825	#CBC4E3	#F8F8F8
3826	#ADA3D2	#FAFAFA
3827	#D4CEE8	#FEFEFE
3828	#D4CFE8	#FDFDFD
3829	#8B80C0	#F8F8F8
3830	#CCC5E3	#FDFDFD
3831	#C2BBDE	#F9F9F9
3832	#CBC4E3	#F9F9F9
3833	#CCC5E3	#FDFDFD
3834	#D1CBE6	#FBFBFB
3835	#CFC9E5	#FAFAFA
3836	#EDEBF5	#FEFEFE
3837	#D2CCE6	#FAFAFA
3838	#E5E1F1	#FDFDFD
3839	#D3CEE7	#FBFBFB
3840	#F7ECEB	#FEFEFE
3841	#DFDAED	#FEFEFE
3842	#CFC8E5	#FAFAFA
3843	#CEC8E5	#F8F8F8
3844	#C2BADE	#FAFAFA
3845	#C8C1E1	#F7F7F7
3846	#DDD8ED	#FBFBFB
3847	#C2BADE	#F7F7F7
3848	#D4CEE8	#FAFAFA
3849	#E8E4F2	#FEFEFE
3850	#D5CFE8	#FCFCFC
3851	#B7AFD8	#FBFBFB
3852	#CEC8E5	#FDFDFD
3853	#FAF3F2	#FFFFFF
3854	#F3F1F9	#FEFEFE
3855	#DED9ED	#FCFCFC
3856	#EFEDF7	#FFFFFF
3857	#E5E2F1	#FEFEFE
3858	#F1EFF8	#FFFFFF
3859	#EFDCDA	#FEFEFE
3860	#FAFAFC	#FFFFFF
3861	#F8F8FB	#FFFFFF
3862	#FBFAFD	#FFFFFF
3863	#E1DDEF	#FDFDFD
3864	#D3CDE7	#FCFCFC
3865	#C3BBDE	#F9F9F9
3866	#E2DEEF	#FCFCFC
3867	#F2F0F8	#FEFEFE
3868	#E8E4F2	#FDFDFD
3869	#DED9ED	#FDFDFD
3870	#DAD5EB	#F9F9F9
3871	#DCD8EC	#FAFAFA
3872	#D7D2E9	#F4F4F4
3873	#D6D0E8	#F5F5F5
3874	#AFA6D4	#F6F6F6
3875	#C8C1E1	#F8F8F8
3876	#A99FD0	#F7F7F7
3877	#9F95CB	#F3F3F3
3878	#D3CDE7	#FDFDFD
3879	#F0EDF7	#FFFFFF
3880	#C5BEE0	#FAFAFA
3881	#FBFAFD	#FFFFFF
3882	#DCD7EC	#FEFEFE
3883	#AFA6D3	#F3F3F3
3884	#EDEBF5	#FEFEFE
3885	#DBD6EB	#FCFCFC
3886	#F5F4FA	#FFFFFF
3887	#D2CDE7	#FBFBFB
3888	#DCD7EC	#FBFBFB
3889	#D9D4EB	#FCFCFC
3890	#B5ADD7	#F6F6F6
3891	#CBC4E3	#FCFCFC
3892	#EAE7F4	#FEFEFE
3893	#D3CEE7	#F8F8F8
3894	#DBD7EC	#FCFCFC
3895	#D0CAE5	#F9F9F9
3896	#C3BBDE	#F6F6F6
3897	#BAB1D9	#F4F4F4
3898	#BCB4DB	#F7F7F7
3899	#CAC4E2	#F7F7F7
3900	#DDD9ED	#FCFCFC
3901	#F2F0F8	#FEFEFE
3902	#D9D4EA	#FDFDFD
3903	#FDFDFE	#FFFFFF
3904	#F2E2E0	#FEFEFE
3905	#FBFAFD	#FFFFFF
3906	#FBFBFD	#FFFFFF
3907	#DFBBB7	#FCFCFC
3908	#EAE7F3	#FEFEFE
3909	#F6F4FA	#FFFFFF
3910	#FBF7F6	#FFFFFF
3911	#F2F0F8	#FEFEFE
3912	#DCD7EC	#FEFEFE
3913	#C6BFE0	#FBFBFB
3914	#E6E2F1	#FEFEFE
3915	#EDEAF5	#FEFEFE
3916	#BCB4DA	#FAFAFA
3917	#D4CFE8	#FCFCFC
3918	#CBC4E3	#F9F9F9
3919	#D7D1E9	#FDFDFD
3920	#C5BDDF	#F6F6F6
3921	#E5E2F1	#FCFCFC
3922	#E6E2F1	#FCFCFC
3923	#C3BCDE	#EEEEEE
3924	#D8D2EA	#FBFBFB
3925	#9389C4	#F4F4F4
3926	#CCC5E3	#FAFAFA
3927	#DFDAED	#FCFCFC
3928	#C3BCDE	#F4F4F4
3929	#D7D1E9	#FDFDFD
3930	#B7AFD8	#FDFDFD
3931	#E5E1F1	#FDFDFD
3932	#D4CEE8	#FEFEFE
3933	#C9C3E2	#FBFBFB
3934	#B3AAD6	#F9F9F9
3935	#E1DCEF	#FDFDFD
3936	#D6D0E9	#FAFAFA
3937	#D6D1E9	#FBFBFB
3938	#C5BEE0	#FAFAFA
3939	#C4BCDF	#F7F7F7
3940	#EDEAF5	#FEFEFE
3941	#FAF9FC	#FFFFFF
3942	#DBD6EC	#FCFCFC
3943	#D0CAE6	#F8F8F8
3944	#D9D4EA	#FBFBFB
3945	#D4CEE8	#FAFAFA
3946	#C8C1E1	#F6F6F6
3947	#D4CEE8	#FBFBFB
3948	#C7C0E0	#F7F7F7
3949	#D5CFE8	#FBFBFB
3950	#D0CAE6	#FBFBFB
3951	#E9E6F3	#FDFDFD
3952	#F6EAE9	#FEFEFE
3953	#F5F4FA	#FFFFFF
3954	#EEECF6	#FEFEFE
3955	#F2F0F8	#FFFFFF
3956	#F8F7FB	#FFFFFF
3957	#CEC7E4	#FAFAFA
3958	#BC7C75	#FAFAFA
3959	#F8EFED	#FEFEFE
3960	#F9F8FC	#FFFFFF
3961	#D4CEE8	#FDFDFD
3962	#E5E2F1	#FEFEFE
3963	#C9C2E1	#FAFAFA
3964	#F2F0F8	#FFFFFF
3965	#EAE8F4	#FEFEFE
3966	#CCC5E3	#FCFCFC
3967	#E4C4C0	#FDFDFD
3968	#C9C2E2	#F7F7F7
3969	#DDD9ED	#FDFDFD
3970	#AAA0D0	#F1F1F1
3971	#CDC7E4	#F7F7F7
3972	#E4E0F0	#FBFBFB
3973	#DBD7EC	#FAFAFA
3974	#9F95CB	#F7F7F7
3975	#D6D0E9	#FCFCFC
3976	#8D82C1	#F1F1F1
3977	#A79DCF	#EFEFEF
3978	#BBB2DA	#F3F3F3
3979	#B0A7D4	#F4F4F4
3980	#D1CBE6	#FCFCFC
3981	#F8EEED	#FFFFFF
3982	#BCB4DB	#FBFBFB
3983	#EEECF6	#FFFFFF
3984	#8B80C0	#F8F8F8
3985	#E4E1F1	#FDFDFD
3986	#D7D2E9	#FBFBFB
3987	#BDB5DB	#FBFBFB
3988	#B7AFD8	#F7F7F7
3989	#D4CEE8	#FAFAFA
3990	#ECE9F5	#FEFEFE
3991	#B7AED8	#F8F8F8
3992	#DDD8ED	#FCFCFC
3993	#D4CFE8	#F9F9F9
3994	#FBFAFD	#FFFFFF
3995	#C8C1E1	#F9F9F9
3996	#B0A7D4	#F4F4F4
3997	#D5CFE8	#FCFCFC
3998	#D0CAE5	#FAFAFA
3999	#B0A7D4	#F1F1F1
4000	#D0CAE6	#F9F9F9
4001	#D3CDE7	#FAFAFA
4002	#CDC7E4	#FCFCFC
4003	#D2CDE7	#FCFCFC
4004	#DBD6EC	#FEFEFE
4005	#EAE6F3	#FEFEFE
4006	#EFDCD9	#FEFEFE
4007	#E4E1F1	#FEFEFE
4008	#E8E5F3	#FEFEFE
4009	#FBFBFD	#FFFFFF
4010	#FAF9FC	#FFFFFF
4011	#C6BFE0	#FBFBFB
4012	#FEFCFC	#FFFFFF
4013	#CDC7E4	#F9F9F9
4014	#EAE7F4	#FEFEFE
4015	#ECE9F4	#FEFEFE
4016	#D4CEE8	#FCFCFC
4017	#D7D1E9	#FBFBFB
4018	#DDD8EC	#FCFCFC
4019	#D6D1E9	#FBFBFB
4020	#C5BEE0	#F7F7F7
4021	#BDB5DB	#F7F7F7
4022	#B9B0D9	#F5F5F5
4023	#E6E3F2	#FCFCFC
4024	#FBFBFD	#FFFFFF
4025	#D0CAE6	#FBFBFB
4026	#C2BADE	#FBFBFB
4027	#C2BADE	#F6F6F6
4028	#CDC7E4	#F8F8F8
4029	#C3BBDE	#F7F7F7
4030	#C3BCDE	#F7F7F7
4031	#C8C1E1	#FCFCFC
4032	#FBFAFD	#FFFFFF
4033	#B7AFD8	#FDFDFD
4034	#FBF6F5	#FFFFFF
4035	#C2BADE	#FAFAFA
4036	#C0B8DD	#F8F8F8
4037	#D3CDE7	#FCFCFC
4038	#D7D2E9	#FBFBFB
4039	#CAC3E2	#F7F7F7
4040	#E1DDEF	#FCFCFC
4041	#D7D2E9	#FAFAFA
4042	#E2DEEF	#FBFBFB
4043	#E8E5F2	#FCFCFC
4044	#9B91C9	#FAFAFA
4047	#D5CFE8	#FEFEFE
4048	#E9E5F3	#FEFEFE
4049	#F1E0DD	#FEFEFE
4050	#E9E5F3	#FEFEFE
4051	#EDEAF5	#FEFEFE
4052	#D7D1E9	#F8F8F8
4053	#C8C1E1	#EFEFEF
4054	#DFDBEE	#F8F8F8
4055	#D4CEE7	#F3F3F3
4056	#CBC5E3	#F6F6F6
4057	#D9D3EA	#F9F9F9
4058	#C8C1E1	#F5F5F5
4059	#C7C0E1	#F5F5F5
4060	#B6ADD7	#F4F4F4
4061	#ABA2D1	#F4F4F4
4062	#C8C2E1	#F9F9F9
4063	#D6D0E9	#FCFCFC
4064	#E4E1F1	#FDFDFD
4065	#E1DDEF	#FBFBFB
4066	#D1CBE6	#FCFCFC
4067	#DDD8ED	#FDFDFD
4068	#E4E1F1	#FEFEFE
4069	#D3CDE7	#FDFDFD
4070	#F7ECEA	#FFFFFF
4071	#EDEAF5	#FEFEFE
4072	#B7AFD8	#FDFDFD
4073	#FBFAFD	#FFFFFF
4074	#EFEDF7	#FFFFFF
4075	#EEECF6	#FEFEFE
4076	#F3F1F9	#FEFEFE
4077	#F6F5FA	#FFFFFF
4078	#FEFDFD	#FFFFFF
4079	#DCD8EC	#FEFEFE
4080	#F7F5FA	#FFFFFF
4081	#F1E0DE	#FEFEFE
4082	#FBF5F5	#FFFFFF
4083	#E8E5F3	#FEFEFE
4084	#EEECF6	#FFFFFF
4085	#FBF6F5	#FFFFFF
4086	#FCFCFD	#FFFFFF
4087	#E9E6F3	#FEFEFE
4088	#AFA6D3	#FCFCFC
4089	#E5E1F1	#FEFEFE
4090	#D5CFE8	#FEFEFE
4091	#EFECF6	#FFFFFF
4092	#E4E0F0	#FBFBFB
4093	#E2DEEF	#FBFBFB
4094	#D4CEE7	#F7F7F7
4095	#F7EEEC	#FFFFFF
4096	#D5CFE8	#FEFEFE
4099	#E9E5F3	#FEFEFE
4100	#DDD8EC	#FEFEFE
4101	#9B90C8	#FAFAFA
4102	#E1DDEF	#FDFDFD
4103	#E0DBEE	#FAFAFA
4104	#B0A7D4	#E8E8E8
4105	#E4E0F0	#FBFBFB
4106	#E0DCEE	#F8F8F8
4107	#D9D4EB	#F9F9F9
4108	#C1B9DD	#F2F2F2
4109	#CDC7E4	#F7F7F7
4110	#B8AFD8	#F5F5F5
4111	#DAD5EB	#FAFAFA
4112	#D0CAE5	#FAFAFA
4113	#D3CDE7	#FBFBFB
4114	#CEC8E5	#FBFBFB
4115	#D4CFE8	#FBFBFB
4116	#E4E0F0	#FBFBFB
4117	#D7D2E9	#FCFCFC
4118	#EFEDF6	#FEFEFE
4119	#A197CC	#FBFBFB
4120	#F1EFF8	#FFFFFF
4121	#D4CEE7	#FDFDFD
4122	#F4E5E3	#FEFEFE
4123	#DDD8ED	#FEFEFE
4124	#FFFEFE	#FFFFFF
4125	#FBFBFD	#FFFFFF
4126	#F9F8FC	#FFFFFF
4127	#C6BFE0	#F6F6F6
4128	#F1E0DE	#FEFEFE
4129	#EAE7F4	#FEFEFE
4130	#F7ECEA	#FFFFFF
4131	#F9F1F0	#FFFFFF
4132	#FBF6F5	#FFFFFF
4133	#F7EDEC	#FEFEFE
4134	#DDD8EC	#FEFEFE
4135	#A79DCF	#FBFBFB
4136	#EEECF6	#FFFFFF
4137	#D9D4EA	#FDFDFD
4138	#DDD8EC	#FEFEFE
4139	#F7ECEA	#FFFFFF
4140	#F7ECEA	#FFFFFF
4141	#EBD4D0	#FEFEFE
4142	#DFDBEE	#FAFAFA
4143	#CCC5E3	#F8F8F8
4144	#CCC5E3	#F5F5F5
4145	#FBFAFD	#FFFFFF
4146	#E5E1F1	#FEFEFE
4148	#D5CFE8	#FEFEFE
4149	#C3BBDE	#FDFDFD
4151	#DCD7EC	#FEFEFE
4152	#CCC6E3	#FDFDFD
4153	#D3CEE7	#FAFAFA
4154	#D7D2E9	#FAFAFA
4155	#E5E2F1	#FCFCFC
4156	#D8D3EA	#F6F6F6
4157	#C9C3E2	#F4F4F4
4158	#A39ACD	#EDEDED
4159	#D1CAE6	#F7F7F7
4160	#D4CEE8	#F9F9F9
4161	#CBC4E3	#FAFAFA
4162	#B7AED8	#F3F3F3
4163	#C8C2E1	#F9F9F9
4164	#D2CCE6	#FBFBFB
4165	#C8C1E1	#FAFAFA
4166	#EEEBF6	#FDFDFD
4167	#C2BADE	#FAFAFA
4168	#C9C2E1	#FBFBFB
4169	#D3CEE7	#FDFDFD
4170	#DCD7EC	#FEFEFE
4171	#F6ECEA	#FFFFFF
4172	#FBFAFD	#FFFFFF
4173	#F2E1DF	#FEFEFE
4174	#FBFBFD	#FFFFFF
4175	#E3C3BF	#FDFDFD
4176	#ECD5D2	#FEFEFE
4177	#DDD9ED	#F8F8F8
4178	#F8EEED	#FFFFFF
4179	#EFECF6	#FEFEFE
4180	#F9F1F0	#FFFFFF
4181	#F7EDEB	#FFFFFF
4182	#F7F5FA	#FFFFFF
4183	#DCD7EC	#FEFEFE
4184	#F7EDEB	#FFFFFF
4185	#CF9C96	#FCFCFC
4186	#AFA5D3	#FCFCFC
4187	#F9F1F0	#FFFFFF
4188	#D5CFE8	#F9F9F9
4189	#FBFAFD	#FFFFFF
4190	#FAF9FC	#FFFFFF
4191	#F7F6FB	#FFFFFF
4192	#D9B0AA	#FDFDFD
4193	#F6F4FA	#FEFEFE
4194	#EBE9F4	#FDFDFD
4195	#C9C2E1	#F5F5F5
4196	#C3BBDE	#FDFDFD
4197	#D9B0AB	#FDFDFD
4198	#D4CFE8	#FEFEFE
4200	#FAF9FC	#FFFFFF
4201	#DDD8ED	#FEFEFE
4202	#E5E2F1	#FEFEFE
4203	#DED9ED	#FEFEFE
4204	#D6D0E9	#FCFCFC
4205	#B7AED8	#ECECEC
4206	#F2F0F8	#FEFEFE
4207	#DFDBEE	#F9F9F9
4208	#CBC5E3	#F5F5F5
4209	#B4ABD6	#F3F3F3
4210	#C8C1E1	#F7F7F7
4211	#D1CBE6	#F8F8F8
4212	#CCC6E3	#F8F8F8
4213	#D1CBE6	#F8F8F8
4214	#E2DEEF	#FCFCFC
4215	#CAC3E2	#F9F9F9
4216	#BBB2DA	#F8F8F8
4217	#EDEBF5	#FDFDFD
4218	#E5E1F1	#FDFDFD
4219	#D4CEE8	#FDFDFD
4220	#FAFAFD	#FFFFFF
4221	#EDEAF5	#FEFEFE
4222	#FEFEFD	#FFFFFF
4223	#D4CEE7	#FDFDFD
4224	#E3E0F0	#FEFEFE
4225	#FBF6F6	#FFFFFF
4226	#E5E1F1	#FEFEFE
4227	#EAE7F4	#FEFEFE
4228	#E2DDEF	#FAFAFA
4229	#FBF6F6	#FFFFFF
4230	#EEECF6	#FFFFFF
4231	#FBF5F5	#FFFFFF
4232	#EFECF6	#FEFEFE
4233	#DDD9ED	#FDFDFD
4234	#D7D1E9	#FDFDFD
4235	#FBFBFD	#FFFFFF
4236	#FBF6F5	#FFFFFF
4237	#EED8D6	#FEFEFE
4238	#DAD5EB	#FAFAFA
4239	#C3BBDE	#FDFDFD
4240	#E1BEBA	#FEFEFE
4241	#FBFAFD	#FFFFFF
4242	#FAF9FC	#FFFFFF
4243	#E5E2F1	#FDFDFD
4244	#DDD9ED	#FBFBFB
4245	#F6EBE9	#FEFEFE
4246	#F8EEED	#FFFFFF
4247	#F7ECEB	#FFFFFF
4248	#F7ECEB	#FFFFFF
4249	#E1BEBA	#FEFEFE
4250	#EBD4D0	#FEFEFE
4251	#E8E5F3	#FEFEFE
4252	#DEDAED	#FEFEFE
4253	#DCD7EC	#FEFEFE
4254	#E2DEEF	#FDFDFD
4255	#A096CB	#F3F3F3
4256	#F0EEF7	#FDFDFD
4257	#C3BCDF	#F2F2F2
4258	#D4CEE8	#F7F7F7
4259	#C4BDDF	#F1F1F1
4260	#A79ECF	#EFEFEF
4261	#CCC5E3	#F8F8F8
4262	#C5BEDF	#F6F6F6
4263	#EFEDF6	#FEFEFE
4264	#C7C0E1	#F7F7F7
4265	#C9C3E2	#FAFAFA
4266	#A399CD	#F8F8F8
4267	#DED9ED	#F9F9F9
4268	#FCFCFE	#FFFFFF
4269	#EEECF6	#FEFEFE
4270	#A79ECF	#FBFBFB
4271	#FBF6F5	#FFFFFF
4272	#BCB4DB	#FAFAFA
4273	#FAF9FC	#FFFFFF
4274	#DDB7B2	#FCFCFC
4275	#EFECF6	#FEFEFE
4276	#C3BBDE	#FDFDFD
4277	#ECD5D2	#FEFEFE
4278	#D2CCE7	#F6F6F6
4279	#FAFAFC	#FFFFFF
4280	#C3BBDE	#FDFDFD
4281	#F6EAE9	#FEFEFE
4282	#E5E1F1	#FEFEFE
4283	#D9B0AB	#FDFDFD
4284	#FEFCFC	#FFFFFF
4285	#EAE7F4	#FEFEFE
4286	#E9D0CC	#FDFDFD
4287	#FCF7F6	#FFFFFF
4288	#FBFAFD	#FFFFFF
4289	#DFDBEE	#F9F9F9
4290	#DDD8EC	#FBFBFB
4291	#B7AFD8	#FDFDFD
4292	#FAF9FC	#FFFFFF
4293	#FAF9FC	#FFFFFF
4294	#DBD6EB	#FCFCFC
4295	#E6E3F2	#FCFCFC
4296	#EDEAF5	#FEFEFE
4297	#E1BEBA	#FEFEFE
4298	#ECD5D2	#FEFEFE
4299	#C3BBDE	#FDFDFD
4301	#B7AFD8	#FDFDFD
4302	#DDD8ED	#FEFEFE
4303	#DCD8EC	#FEFEFE
4304	#C5BDDF	#FCFCFC
4305	#B6AED7	#FBFBFB
4306	#C1B9DD	#F7F7F7
4307	#F7F6FB	#FEFEFE
4308	#CFC9E5	#F5F5F5
4309	#C0B8DD	#F3F3F3
4310	#A79ECF	#EFEFEF
4311	#D5D0E8	#FAFAFA
4312	#A399CD	#F1F1F1
4313	#BDB5DB	#F5F5F5
4314	#BAB2DA	#F8F8F8
4315	#AEA5D3	#F3F3F3
4316	#ADA3D2	#F5F5F5
4317	#EDEAF5	#FEFEFE
4318	#CFC9E5	#F5F5F5
4319	#DFDAED	#FDFDFD
4320	#E1DDEF	#FDFDFD
4321	#DBD7EC	#FEFEFE
4322	#FBF6F5	#FFFFFF
4323	#C4BDDF	#FCFCFC
4324	#E5E2F1	#FEFEFE
4325	#CF9D97	#FCFCFC
4326	#F1E0DD	#FEFEFE
4327	#FBF6F5	#FFFFFF
4328	#E1BEB9	#FEFEFE
4329	#F4F2F9	#FEFEFE
4330	#FBFAFD	#FFFFFF
4331	#FFFFFF	#FFFFFF
4332	#FBFBFD	#FFFFFF
4333	#D7D2EA	#FDFDFD
4334	#CCC6E3	#FDFDFD
4335	#FFFEFE	#FFFFFF
4336	#F9F9FC	#FFFFFF
4337	#EFDCDA	#FEFEFE
4338	#DDD8ED	#FEFEFE
4339	#E3DFF0	#FBFBFB
4340	#BFB7DC	#F6F6F6
4341	#DFDAED	#FEFEFE
4342	#F8EEED	#FFFFFF
4343	#E1BEBA	#FEFEFE
4344	#E5E1F1	#FCFCFC
4345	#DCD7EC	#FCFCFC
4346	#ECE9F5	#FDFDFD
4347	#F8EEED	#FFFFFF
4348	#D9AFAA	#FDFDFD
4349	#DBD6EC	#FEFEFE
4350	#DEDAED	#FEFEFE
4351	#D5CFE8	#FEFEFE
4353	#FAF9FC	#FFFFFF
4354	#EFECF6	#FFFFFF
4355	#EEECF6	#FFFFFF
4356	#E5E2F1	#FEFEFE
4357	#EFEDF7	#FEFEFE
4358	#9F95CB	#F7F7F7
4359	#D6D1E9	#F7F7F7
4360	#B0A6D4	#EEEEEE
4361	#B5ACD7	#F2F2F2
4362	#C7C0E1	#F6F6F6
4363	#D3CEE7	#FAFAFA
4364	#E2DEEF	#FDFDFD
4365	#C4BDDF	#F8F8F8
4366	#DBD6EB	#FCFCFC
4367	#CCC5E3	#FBFBFB
4368	#F1EFF7	#FEFEFE
4369	#BDB5DB	#FAFAFA
4370	#DFDAEE	#FDFDFD
4371	#CDC6E4	#FCFCFC
4372	#A096CB	#FBFBFB
4373	#E6E2F1	#FEFEFE
4374	#DED9ED	#FEFEFE
4375	#F6F5FA	#FFFFFF
4376	#EBD4D0	#FEFEFE
4377	#E8CDCA	#FEFEFE
4378	#F1E0DE	#FEFEFE
4379	#D8D3EA	#F7F7F7
4380	#F7EDEB	#FFFFFF
4381	#E6E3F1	#FEFEFE
4382	#FBFAFD	#FFFFFF
4383	#BDB5DB	#FCFCFC
4384	#F4E5E4	#FEFEFE
4385	#F8F7FB	#FFFFFF
4386	#F9F1F0	#FFFFFF
4387	#FEFDFD	#FFFFFF
4388	#E8CDC9	#FEFEFE
4389	#CF9D97	#FCFCFC
4390	#E2DEEF	#F9F9F9
4391	#E4E0F0	#FBFBFB
4392	#B8AFD8	#F1F1F1
4393	#FAF9FC	#FFFFFF
4394	#E1BEB9	#FEFEFE
4395	#D7D2E9	#FCFCFC
4396	#C4BDDF	#F8F8F8
4397	#D9D4EA	#F9F9F9
4398	#FBFAFD	#FFFFFF
4399	#FBF5F5	#FFFFFF
4400	#D7D2E9	#FDFDFD
4401	#DEDAED	#FEFEFE
4404	#D5CFE8	#FEFEFE
4405	#DDD8EC	#FEFEFE
4406	#C3BBDE	#FDFDFD
4407	#F2F0F8	#FEFEFE
4408	#D3CDE7	#FAFAFA
4409	#D9D4EA	#FCFCFC
4410	#B1A8D4	#EFEFEF
4411	#B4ABD6	#EFEFEF
4412	#BAB2D9	#F2F2F2
4413	#D4CEE8	#FAFAFA
4414	#B0A7D4	#F4F4F4
4415	#9A8FC8	#F0F0F0
4416	#C8C1E1	#F8F8F8
4417	#E2DDEF	#FDFDFD
4418	#AAA0D1	#F7F7F7
4419	#CCC6E3	#F4F4F4
4420	#EEECF6	#FEFEFE
4421	#DED9ED	#FDFDFD
4422	#CBC4E2	#FCFCFC
4423	#D9D4EA	#FDFDFD
4424	#F2F0F8	#FFFFFF
4425	#F1E0DE	#FEFEFE
4426	#EBD4D0	#FEFEFE
4427	#FAF9FC	#FFFFFF
4428	#F1DFDD	#FEFEFE
4429	#E0BDB9	#FDFDFD
4430	#D0CAE5	#F2F2F2
4431	#ECD5D2	#FEFEFE
4432	#F8F7FB	#FFFFFF
4433	#FBF7F6	#FFFFFF
4434	#F1E0DD	#FEFEFE
4435	#FCFCFD	#FFFFFF
4436	#FEFDFD	#FFFFFF
4437	#F1E0DE	#FEFEFE
4438	#E6E2F1	#FEFEFE
4439	#EFEDF6	#FEFEFE
4440	#D6D1E9	#F7F7F7
4441	#CDC6E4	#F3F3F3
4442	#CDC7E4	#F9F9F9
4443	#F1E0DD	#FEFEFE
4444	#FAF9FC	#FFFFFF
4445	#E1DDEF	#FDFDFD
4446	#D2CCE6	#FAFAFA
4447	#DDD9ED	#FCFCFC
4448	#E9E5F3	#FEFEFE
4449	#F7F5FA	#FFFFFF
4450	#E9E5F3	#FEFEFE
4451	#FBF6F5	#FFFFFF
4452	#FBFAFD	#FFFFFF
4453	#E1BEBA	#FEFEFE
4455	#C3BBDE	#FDFDFD
4456	#FBF6F5	#FFFFFF
4457	#F0DDDA	#FEFEFE
4458	#EDEBF5	#FDFDFD
4459	#AEA5D3	#FCFCFC
4460	#D6D0E9	#FAFAFA
4461	#B9B0D9	#F0F0F0
4462	#B7AFD8	#EDEDED
4463	#D5CFE8	#F9F9F9
4464	#D8D3EA	#FAFAFA
4465	#E2DEEF	#FDFDFD
4466	#BBB3DA	#F6F6F6
4467	#C3BCDF	#F7F7F7
4468	#AFA6D4	#F6F6F6
4469	#D6D1E9	#FCFCFC
4470	#B4ABD6	#F7F7F7
4471	#F7EEEC	#FFFFFF
4472	#DDD8EC	#FDFDFD
4473	#E3E0F0	#FEFEFE
4474	#F1DFDC	#FEFEFE
4475	#FEFDFD	#FFFFFF
4476	#E6E2F1	#FEFEFE
4477	#FBFBFD	#FFFFFF
4478	#FEFDFD	#FFFFFF
4479	#D4A5A0	#FCFCFC
4480	#E2DEEF	#F8F8F8
4481	#FBF6F5	#FFFFFF
4482	#DDD8EC	#FEFEFE
4483	#F4E6E4	#FEFEFE
4484	#F6EAE8	#FEFEFE
4485	#D7D1E9	#FDFDFD
4486	#F4E7E5	#FEFEFE
4487	#C48A83	#FBFBFB
4488	#D4CEE8	#FEFEFE
4489	#EFECF6	#FEFEFE
4490	#F7ECEB	#FFFFFF
4491	#E0DBEE	#F7F7F7
4492	#EEECF6	#FDFDFD
4493	#E1DDEF	#FBFBFB
4494	#DCD7EC	#FAFAFA
4495	#DDD8ED	#FEFEFE
4496	#C5BEE0	#F8F8F8
4497	#CFC9E5	#FBFBFB
4498	#DFDAEE	#FCFCFC
4499	#D4CFE8	#FEFEFE
4500	#E6E3F2	#FEFEFE
4501	#DDD8EC	#FEFEFE
4502	#EFEDF6	#FEFEFE
4503	#DEDAED	#FDFDFD
4504	#D5CFE8	#FEFEFE
4505	#C3BBDE	#FDFDFD
4506	#C3BBDE	#FDFDFD
4507	#D5CFE8	#FEFEFE
4508	#BEB6DB	#FCFCFC
4509	#D4CEE8	#F8F8F8
4510	#D4CEE7	#FDFDFD
4511	#BEB6DC	#F7F7F7
4512	#D7D2E9	#F8F8F8
4513	#D1CBE6	#F6F6F6
4514	#C4BDDF	#F4F4F4
4515	#CBC4E2	#F8F8F8
4516	#ABA1D1	#EEEEEE
4517	#C7C0E1	#F8F8F8
4518	#C6BEE0	#F9F9F9
4519	#BAB1D9	#F9F9F9
4520	#E5E2F1	#FDFDFD
4521	#B6AED7	#F8F8F8
4522	#ECE9F5	#FEFEFE
4523	#DEDAED	#FEFEFE
4524	#B2AAD5	#F9F9F9
4525	#F7ECEB	#FFFFFF
4526	#FBF6F5	#FFFFFF
4527	#EFEDF6	#FEFEFE
4528	#FEFDFD	#FFFFFF
4529	#E9CECB	#FEFEFE
4530	#DCD8EC	#FEFEFE
4531	#DEDAED	#F6F6F6
4532	#F6F5FA	#FFFFFF
4533	#E8CECA	#FEFEFE
4534	#F1E0DD	#FEFEFE
4535	#E2DEEF	#FDFDFD
4536	#EDEAF5	#FEFEFE
4537	#EBD4D1	#FDFDFD
4538	#F2E2E0	#FEFEFE
4539	#F4E6E4	#FEFEFE
4540	#ECD5D2	#FEFEFE
4541	#D5D0E8	#F2F2F2
4542	#E8E5F3	#FCFCFC
4543	#DFDBEE	#F9F9F9
4544	#DEDAED	#FBFBFB
4545	#B1A9D5	#FAFAFA
4546	#D2CCE6	#F8F8F8
4547	#E6E2F1	#FEFEFE
4548	#F3F1F8	#FFFFFF
4549	#F9F8FC	#FFFFFF
4550	#E2DEEF	#FDFDFD
4551	#BAB2D9	#F9F9F9
4552	#E5E1F1	#FCFCFC
4553	#D5D0E8	#F7F7F7
4554	#DBD6EB	#F6F6F6
4555	#D6D1E9	#F8F8F8
4556	#CBC4E2	#F4F4F4
4557	#D1CBE6	#F6F6F6
4558	#C2BADE	#F1F1F1
4559	#F9F8FC	#FFFFFF
4560	#E8E4F2	#FBFBFB
4561	#CEC8E5	#F3F3F3
4562	#DAD5EB	#FAFAFA
4563	#EAE7F4	#FCFCFC
4564	#F9F8FC	#FEFEFE
4565	#E5E1F1	#FCFCFC
4566	#FBFAFD	#FFFFFF
4567	#F2F0F8	#FEFEFE
4568	#DBD6EB	#FCFCFC
4569	#EAE7F4	#FEFEFE
4570	#FAF9FC	#FFFFFF
4571	#E9E5F3	#FEFEFE
4572	#E6E3F2	#FEFEFE
4573	#E5E2F1	#FEFEFE
4574	#FCFBFD	#FFFFFF
4575	#FAF9FC	#FFFFFF
4576	#E4E0F0	#FEFEFE
4577	#EAE7F4	#FEFEFE
4578	#F9F8FC	#FFFFFF
4579	#EDEAF5	#FEFEFE
4580	#CBC5E3	#FDFDFD
4581	#EFEDF6	#FEFEFE
4582	#D8D3EA	#FDFDFD
4583	#BEB6DC	#FCFCFC
4584	#F1DFDD	#FEFEFE
4585	#F8EEED	#FFFFFF
4586	#D5CFE8	#FDFDFD
4587	#D5CFE8	#FEFEFE
4588	#F1E0DE	#FEFEFE
4589	#D5CFE8	#FEFEFE
4590	#D4CFE8	#FEFEFE
4591	#F8EEED	#FFFFFF
4592	#EEECF6	#FEFEFE
4593	#F1DFDD	#FEFEFE
4595	#FBFAFD	#FFFFFF
4596	#C3BBDE	#FDFDFD
4597	#D8D3EA	#FDFDFD
4598	#FDFDFE	#FFFFFF
4599	#F8EEED	#FFFFFF
4600	#DCD7EC	#FEFEFE
4601	#B4ABD6	#F3F3F3
4602	#CDC6E4	#F4F4F4
4603	#D4CEE7	#F8F8F8
4604	#D6D0E9	#F5F5F5
4605	#BDB5DB	#EDEDED
4606	#B8B0D9	#F0F0F0
4607	#C6BFE0	#F0F0F0
4608	#CAC3E2	#F2F2F2
4609	#E7E3F2	#FAFAFA
4610	#FEFDFD	#FFFFFF
4611	#E6E2F1	#FAFAFA
4612	#E9E6F3	#FCFCFC
4613	#CCC6E4	#F5F5F5
4614	#EDEBF5	#FDFDFD
4615	#E5E1F1	#FBFBFB
4616	#E5E2F1	#FCFCFC
4617	#FDF9F9	#FFFFFF
4618	#EAD0CD	#FDFDFD
4619	#EDEBF5	#FEFEFE
4620	#E5E1F1	#FDFDFD
4621	#E5E2F1	#FEFEFE
4622	#FBF5F5	#FFFFFF
4623	#DCD8EC	#FDFDFD
4624	#EAE7F3	#FEFEFE
4625	#F3E5E3	#FEFEFE
4626	#FFFFFF	#FFFFFF
4627	#D9D4EA	#FCFCFC
4628	#FFFFFF	#FFFFFF
4629	#F2F0F8	#FFFFFF
4630	#FAFAFD	#FFFFFF
4631	#F7ECEB	#FFFFFF
4632	#F2F1F8	#FEFEFE
4633	#E2DEEF	#FDFDFD
4634	#E8E5F3	#FEFEFE
4635	#EDEBF5	#FEFEFE
4636	#EEECF6	#FFFFFF
4637	#FEFDFC	#FFFFFF
4638	#F8EEED	#FFFFFF
4639	#FAF9FC	#FFFFFF
4640	#F7EDEB	#FFFFFF
4641	#FBF7F6	#FFFFFF
4642	#F4E6E4	#FEFEFE
4643	#C3BBDE	#FDFDFD
4644	#E8E5F3	#FEFEFE
4645	#E8E5F3	#FEFEFE
4646	#F0EEF7	#FFFFFF
4647	#EAE7F4	#FEFEFE
4648	#AFA6D3	#FCFCFC
4649	#CBC5E3	#F9F9F9
4650	#EEEBF6	#FEFEFE
4651	#CDC6E4	#FBFBFB
4652	#BEB6DC	#F2F2F2
4653	#C7C0E1	#F2F2F2
4654	#D8D2EA	#F6F6F6
4655	#D2CCE6	#F5F5F5
4656	#CFC9E5	#F2F2F2
4657	#BDB5DB	#F3F3F3
4658	#D6D1E9	#F8F8F8
4659	#D2CCE6	#F3F3F3
4660	#FBF6F5	#FFFFFF
4661	#EEEBF6	#FCFCFC
4662	#E6E2F1	#FCFCFC
4663	#D5D0E8	#F7F7F7
4664	#F6F4FA	#FEFEFE
4665	#D1CBE6	#F5F5F5
4666	#F1F0F8	#FDFDFD
4667	#F3F1F8	#FEFEFE
4668	#FCFCFD	#FFFFFF
4669	#E8E5F2	#FEFEFE
4670	#F9F2F1	#FEFEFE
4671	#E9CECA	#FEFEFE
4672	#D5CFE8	#FCFCFC
4673	#D0CAE5	#FCFCFC
4674	#D0CAE6	#F9F9F9
4675	#D9D3EA	#FCFCFC
4676	#DEDAED	#FDFDFD
4677	#E2DEEF	#FDFDFD
4678	#FBFBFD	#FFFFFF
4679	#F6EAE9	#FEFEFE
4680	#F7EDEC	#FEFEFE
4681	#DED9ED	#FEFEFE
4682	#F0DCDA	#FEFEFE
4683	#DDD9ED	#FDFDFD
4684	#F6EAE9	#FEFEFE
4685	#EAE7F4	#FEFEFE
4686	#FBFAFD	#FFFFFF
4687	#FDFBFB	#FFFFFF
4688	#FDFAFA	#FFFFFF
4689	#F7EEEC	#FFFFFF
4690	#EFEDF6	#FFFFFF
4691	#DCD8EC	#FEFEFE
4692	#D4A59F	#FCFCFC
4693	#EBD4D0	#FEFEFE
4694	#F1E0DD	#FEFEFE
4695	#F8EEED	#FFFFFF
4696	#BEB6DC	#FCFCFC
4697	#E9E6F3	#FEFEFE
4698	#DDD9ED	#FEFEFE
4699	#DDD9ED	#FDFDFD
4700	#C6BFE0	#FAFAFA
4701	#F2F0F8	#FFFFFF
4702	#DDD8EC	#FAFAFA
4703	#CAC4E2	#F3F3F3
4704	#D1CAE6	#F2F2F2
4705	#D5CFE8	#F8F8F8
4706	#ECE9F5	#FDFDFD
4707	#CDC6E4	#F3F3F3
4708	#C2BBDE	#F4F4F4
4709	#E5E2F1	#FAFAFA
4710	#D8D3EA	#F5F5F5
4711	#FBF5F4	#FFFFFF
4712	#DAD5EB	#F7F7F7
4713	#D8D2EA	#F7F7F7
4714	#CEC8E4	#F5F5F5
4715	#E1DCEE	#FBFBFB
4716	#EFECF6	#FDFDFD
4717	#F4F3F9	#FEFEFE
4718	#FEFCFB	#FFFFFF
4719	#E8E5F3	#FDFDFD
4720	#FDFAFA	#FFFFFF
4721	#E1DDEF	#FDFDFD
4722	#D4A59F	#FCFCFC
4723	#EDEAF5	#FEFEFE
4724	#F5F4FA	#FFFFFF
4725	#F2F0F8	#FEFEFE
4726	#ECE9F4	#FEFEFE
4727	#F8EEED	#FFFFFF
4728	#D7D1E9	#FDFDFD
4729	#F2F0F8	#FFFFFF
4730	#EDEAF5	#FEFEFE
4731	#E7E4F2	#FEFEFE
4732	#FBF6F5	#FFFFFF
4733	#F8EEED	#FFFFFF
4734	#F2F0F8	#FFFFFF
4735	#FCF7F7	#FFFFFF
4736	#D9B0AB	#FDFDFD
4737	#D3CDE7	#FDFDFD
4738	#E5E1F1	#FEFEFE
4739	#EFECF6	#FFFFFF
4740	#F8EEED	#FFFFFF
4741	#CDC6E4	#FCFCFC
4742	#FEFCFC	#FFFFFF
4743	#EBD4D0	#FEFEFE
4744	#C3BBDE	#FDFDFD
4745	#EFDCD9	#FEFEFE
4746	#EFEDF7	#FFFFFF
4747	#E9E5F3	#FEFEFE
4748	#C7C0E0	#FCFCFC
4749	#CBC5E3	#FAFAFA
4750	#CBC4E3	#FCFCFC
4751	#C3BCDE	#FAFAFA
4752	#CFC9E5	#F6F6F6
4753	#D2CCE6	#F5F5F5
4754	#CCC6E4	#F3F3F3
4755	#CAC3E2	#F3F3F3
4756	#C8C1E1	#F2F2F2
4757	#D5CFE8	#F5F5F5
4758	#E5E1F1	#FBFBFB
4759	#DAD5EB	#F7F7F7
4760	#E5E1F1	#F9F9F9
4761	#C3BCDE	#FAFAFA
4762	#E2DEEF	#F8F8F8
4763	#E9E6F3	#FCFCFC
4764	#F3F1F8	#FEFEFE
4765	#EEEBF6	#FDFDFD
4766	#F0EEF7	#FEFEFE
4767	#EEECF6	#FDFDFD
4768	#EDEAF5	#FDFDFD
4769	#EDEAF5	#FEFEFE
4770	#FDFBFB	#FFFFFF
4771	#FDFBFB	#FFFFFF
4772	#DED9ED	#FDFDFD
4773	#EDEBF5	#FEFEFE
4774	#DBD6EB	#FCFCFC
4775	#DDD9ED	#FDFDFD
4776	#F4E7E5	#FEFEFE
4777	#C6BFE0	#FAFAFA
4778	#EEECF6	#FFFFFF
4779	#F0EDF7	#FEFEFE
4780	#FBF6F6	#FFFFFF
4781	#CBC4E3	#FCFCFC
4782	#CF9D97	#FCFCFC
4783	#E5E1F1	#FEFEFE
4784	#ECD5D2	#FEFEFE
4785	#EEECF6	#FFFFFF
4786	#FBFAFD	#FFFFFF
4787	#DDD9ED	#FDFDFD
4788	#FAF9FC	#FFFFFF
4789	#FBFAFD	#FFFFFF
4790	#E5E1F1	#FEFEFE
4791	#FAF9FC	#FFFFFF
4792	#D9AFAA	#FDFDFD
4793	#F7EEEC	#FFFFFF
4794	#F1DFDD	#FEFEFE
4795	#E9E6F3	#FEFEFE
4796	#F7ECEB	#FEFEFE
4797	#9B91C8	#FAFAFA
4798	#CEC7E4	#FCFCFC
4799	#B2A9D5	#FAFAFA
4800	#A89FD0	#F9F9F9
4801	#E8E4F2	#FDFDFD
4802	#CAC3E2	#F5F5F5
4803	#DFDAEE	#F9F9F9
4804	#E5E1F1	#FAFAFA
4805	#CFC9E5	#F4F4F4
4806	#E2DEEF	#FBFBFB
4807	#E1DDEF	#FBFBFB
4808	#CBC4E3	#F4F4F4
4809	#F3F1F9	#FDFDFD
4810	#DBD6EC	#F5F5F5
4811	#E6E3F2	#FAFAFA
4812	#DDD9ED	#FDFDFD
4813	#EAE7F4	#FCFCFC
4814	#E4E1F0	#FBFBFB
4815	#E8E5F3	#FCFCFC
4816	#DCD7EC	#F9F9F9
4817	#DAD5EB	#F9F9F9
4818	#F2F0F8	#FEFEFE
4819	#EBE8F4	#FDFDFD
4820	#F3F2F9	#FEFEFE
4821	#FBFAFD	#FFFFFF
4822	#FEFDFD	#FFFFFF
4823	#F1DFDD	#FEFEFE
4824	#F3F1F8	#FEFEFE
4825	#F7F6FB	#FFFFFF
4826	#E1DDEF	#FDFDFD
4827	#E9E5F3	#FEFEFE
4828	#EFEDF6	#FEFEFE
4829	#E6E2F1	#FEFEFE
4830	#B1A8D5	#FAFAFA
4831	#D4CEE8	#FDFDFD
4832	#E8E4F2	#FEFEFE
4833	#FBF6F5	#FFFFFF
4834	#EBD4D0	#FEFEFE
4835	#EFECF6	#FEFEFE
4836	#D3CEE7	#FDFDFD
4837	#F9F8FC	#FFFFFF
4838	#EAE7F4	#FEFEFE
4839	#FEFCFC	#FFFFFF
4840	#EEECF6	#FEFEFE
4841	#E5E2F1	#FEFEFE
4842	#F1E0DE	#FEFEFE
4843	#F4E5E4	#FEFEFE
4844	#EBD4D0	#FEFEFE
4845	#FAF9FC	#FFFFFF
4846	#CEC7E4	#FDFDFD
4847	#DCD7EC	#FEFEFE
4848	#E6E3F2	#FDFDFD
4849	#C4BDDF	#FCFCFC
4850	#F6F5FA	#FFFFFF
4851	#E9E6F3	#FEFEFE
4852	#D4CEE7	#F5F5F5
4853	#D7D2E9	#F8F8F8
4854	#D0C9E5	#F2F2F2
4855	#CFC9E5	#F8F8F8
4856	#D7D1E9	#F8F8F8
4857	#D0CAE5	#F5F5F5
4858	#EAE6F3	#FCFCFC
4859	#D8D3EA	#F3F3F3
4860	#D3CDE7	#EAEAEA
4861	#E5E1F1	#FAFAFA
4862	#BAB2D9	#F4F4F4
4863	#EBE8F4	#FCFCFC
4864	#F2F0F8	#FDFDFD
4865	#DED9ED	#F9F9F9
4866	#E6E3F2	#FCFCFC
4867	#E9E5F3	#FCFCFC
4868	#CDC6E4	#F7F7F7
4869	#E0DCEE	#FBFBFB
4870	#FFFEFE	#FFFFFF
4871	#FBFAFD	#FFFFFF
4872	#DED9ED	#FCFCFC
4873	#FAFAFD	#FFFFFF
4874	#F9F8FC	#FFFFFF
4875	#E5E2F1	#FDFDFD
4876	#D2CCE6	#FCFCFC
4877	#FFFFFF	#FFFFFF
4878	#E8E5F3	#FEFEFE
4879	#EBE8F4	#FEFEFE
4880	#ECE9F5	#FEFEFE
4881	#E6E2F1	#FEFEFE
4882	#EAE7F4	#FEFEFE
4883	#F9F1F0	#FFFFFF
4884	#C3BBDE	#FDFDFD
4885	#DDD8EC	#FEFEFE
4886	#F9F1F0	#FFFFFF
4887	#E8E5F3	#FEFEFE
4888	#E1BEB9	#FEFEFE
4889	#F6F5FA	#FFFFFF
4890	#D9B0AB	#FDFDFD
4891	#FAF9FC	#FFFFFF
4892	#EFEDF6	#FFFFFF
4893	#FAF9FC	#FFFFFF
4894	#E7E4F2	#FEFEFE
4895	#D5CFE8	#FEFEFE
4896	#F1DFDD	#FEFEFE
4897	#F7EDEB	#FFFFFF
4898	#BDB6DB	#FCFCFC
4899	#CDC6E4	#F9F9F9
4900	#EEEBF6	#FEFEFE
4901	#BEB6DC	#FCFCFC
4902	#F1F0F8	#FEFEFE
4903	#C3BBDE	#F0F0F0
4904	#D7D1E9	#F7F7F7
4905	#D7D2EA	#F9F9F9
4906	#C3BCDE	#F2F2F2
4907	#D9D4EB	#FAFAFA
4908	#D1CBE6	#F5F5F5
4909	#DBD6EB	#F6F6F6
4910	#D0C9E5	#E7E7E7
4911	#D6D1E9	#F0F0F0
4912	#E0DCEE	#FAFAFA
4913	#DDD8ED	#FEFEFE
4914	#F2F0F8	#FDFDFD
4915	#F4F2F9	#FEFEFE
4916	#F4F3F9	#FEFEFE
4917	#F6F5FA	#FEFEFE
4918	#FDFDFE	#FFFFFF
4919	#EAE7F4	#FDFDFD
4920	#F4F3F9	#FEFEFE
4921	#F3F1F9	#FEFEFE
4922	#E5E1F1	#FDFDFD
4923	#FCF9F9	#FFFFFF
4924	#EFECF6	#FFFFFF
4925	#F8F6FB	#FFFFFF
4926	#DAD5EB	#FCFCFC
4927	#DED9ED	#FDFDFD
4928	#D8D3EA	#FDFDFD
4929	#DED9ED	#FDFDFD
4930	#D7D1E9	#FCFCFC
4931	#DEDAED	#FEFEFE
4932	#F4E5E3	#FEFEFE
4933	#C5BDDF	#FCFCFC
4934	#AFA6D3	#FCFCFC
4935	#DDD8EC	#FEFEFE
4936	#F2E2E0	#FEFEFE
4937	#FBF6F6	#FFFFFF
4938	#E6E2F1	#FEFEFE
4939	#DDD8EC	#FEFEFE
4940	#FAFAFC	#FFFFFF
4941	#CEC7E4	#FDFDFD
4942	#CBC4E3	#FCFCFC
4943	#CBC5E3	#FDFDFD
4944	#D2CCE7	#FCFCFC
4945	#ECD5D2	#FEFEFE
4946	#D5CFE8	#FEFEFE
4947	#EFECF6	#FEFEFE
4948	#D2CCE7	#FAFAFA
4949	#D2CDE7	#F6F6F6
4950	#EEEBF6	#FEFEFE
4951	#DEDAED	#FDFDFD
4952	#D8D3EA	#FDFDFD
4953	#D3CEE7	#F5F5F5
4954	#C7BFE0	#EFEFEF
4955	#F2F0F8	#FEFEFE
4956	#D7D2E9	#F8F8F8
4957	#D8D3EA	#F6F6F6
4958	#D3CEE7	#F7F7F7
4959	#DAD5EB	#F6F6F6
4960	#D3CDE7	#E3E3E3
4961	#CDC6E4	#EAEAEA
4962	#E1DDEF	#F7F7F7
4963	#F1DFDD	#FEFEFE
4964	#DAD5EB	#F8F8F8
4965	#E4E0F0	#FBFBFB
4966	#DDD9ED	#F8F8F8
4967	#E7E4F2	#FBFBFB
4968	#F8F8FB	#FEFEFE
4969	#FAF3F2	#FEFEFE
4970	#D5D0E8	#F8F8F8
4971	#FAF4F3	#FEFEFE
4972	#F3E4E2	#FDFDFD
4973	#E8E5F2	#FDFDFD
4974	#E9E5F3	#FEFEFE
4975	#F4F2F9	#FEFEFE
4976	#EFEDF6	#FEFEFE
4977	#F7EDEC	#FEFEFE
4978	#BEB6DB	#FCFCFC
4979	#F5F3F9	#FFFFFF
4980	#CEC8E4	#FBFBFB
4981	#E0DCEE	#FDFDFD
4982	#E7E4F2	#FEFEFE
4983	#B7AFD8	#FBFBFB
4984	#DBD7EC	#FEFEFE
4985	#D7D2E9	#FDFDFD
4986	#EEEBF6	#FEFEFE
4987	#E7E3F2	#FEFEFE
4988	#C3BBDE	#FDFDFD
4989	#F9F1F0	#FFFFFF
4990	#EFECF6	#FFFFFF
4991	#FFFEFE	#FFFFFF
4992	#C6BFE0	#FCFCFC
4993	#D0CAE6	#FCFCFC
4994	#FBF6F5	#FFFFFF
4995	#D4CFE8	#FEFEFE
4996	#E9E5F3	#FEFEFE
4997	#D9B0AB	#FDFDFD
4998	#C8918A	#FBFBFB
4999	#DAD5EB	#FCFCFC
5000	#DAD6EB	#F7F7F7
5001	#D9D4EA	#FBFBFB
5002	#C1BADD	#F8F8F8
5003	#EFECF6	#FFFFFF
5004	#C8C1E1	#F1F1F1
5005	#C3BBDE	#F1F1F1
5006	#D2CCE6	#F9F9F9
5007	#E6E2F1	#FBFBFB
5008	#E9E6F3	#FCFCFC
5009	#D1CAE6	#F3F3F3
5010	#CFC9E5	#F1F1F1
5011	#C2BADE	#E3E3E3
5012	#CEC7E4	#EFEFEF
5013	#D7D2E9	#F5F5F5
5014	#E9E6F3	#FEFEFE
5015	#E1DDEF	#FAFAFA
5016	#EEECF6	#FDFDFD
5017	#EBE9F4	#FCFCFC
5018	#EEECF6	#FDFDFD
5019	#FCFCFE	#FFFFFF
5020	#FDFBFB	#FFFFFF
5021	#E4E0F0	#FCFCFC
5022	#FAFAFC	#FFFFFF
5023	#F6F5FA	#FEFEFE
5024	#FFFFFF	#FFFFFF
5025	#F6F5FA	#FFFFFF
5026	#F2F0F8	#FEFEFE
5027	#F8F7FB	#FFFFFF
5028	#CEC8E4	#FCFCFC
5029	#F8EEED	#FEFEFE
5030	#FAF9FC	#FFFFFF
5031	#B7AFD8	#F8F8F8
5032	#EEECF6	#FEFEFE
5033	#FBF7F6	#FFFFFF
5034	#FBFBFD	#FFFFFF
5035	#F2F0F8	#FEFEFE
5036	#DBD6EB	#FCFCFC
5037	#FCF7F7	#FFFFFF
5038	#E6E2F1	#FEFEFE
5039	#F4E5E3	#FEFEFE
5040	#FDFBFB	#FFFFFF
5041	#EDD6D3	#FEFEFE
5042	#DDD8ED	#FDFDFD
5043	#D4CEE8	#FEFEFE
5044	#9085C3	#F9F9F9
5045	#B7AFD8	#FDFDFD
5046	#C7C0E1	#FCFCFC
5047	#F7F6FB	#FFFFFF
5048	#D4CEE8	#FCFCFC
5049	#E3DFF0	#FAFAFA
5050	#D5CFE8	#F3F3F3
5051	#B8B0D8	#F7F7F7
5052	#BBB3DA	#F6F6F6
5053	#DDD8ED	#FEFEFE
5054	#DDD8EC	#F7F7F7
5055	#DFDAEE	#FAFAFA
5056	#D3CDE7	#F6F6F6
5057	#DFDAED	#FAFAFA
5058	#D1CAE6	#F7F7F7
5059	#DFDAED	#F9F9F9
5060	#CFC9E5	#F1F1F1
5061	#D2CCE7	#F4F4F4
5062	#D3CDE7	#F0F0F0
5063	#CFC8E5	#EFEFEF
5064	#B8AFD8	#FDFDFD
5065	#E2DEEF	#F9F9F9
5066	#DDD8ED	#F8F8F8
5067	#E4E0F0	#FBFBFB
5068	#F1EFF7	#FDFDFD
5069	#FEFCFC	#FFFFFF
5070	#EFEDF6	#FDFDFD
5071	#E9E6F3	#FCFCFC
5072	#E7E3F2	#FDFDFD
5073	#FEFCFC	#FFFFFF
5074	#EEEBF6	#FEFEFE
5075	#CCC5E3	#FDFDFD
5076	#CFC8E5	#FBFBFB
5077	#E2DEEF	#FCFCFC
5078	#FDFBFA	#FFFFFF
5079	#CEC7E4	#FCFCFC
5080	#C2BADE	#FAFAFA
5081	#F8F7FB	#FFFFFF
5082	#FBFBFD	#FFFFFF
5083	#E8E5F3	#FEFEFE
5084	#EFECF6	#FFFFFF
5085	#D4CFE8	#FDFDFD
5086	#DFDAED	#FEFEFE
5087	#E5E1F1	#FEFEFE
5088	#EEECF6	#FFFFFF
5089	#F3E5E3	#FEFEFE
5090	#EBD4D0	#FEFEFE
5091	#DCD7EC	#FEFEFE
5092	#D4CFE8	#FDFDFD
5093	#E5E1F1	#FEFEFE
5094	#F7EDEB	#FFFFFF
5095	#C4BDDF	#FCFCFC
5096	#EDD7D4	#FEFEFE
5097	#D3CDE7	#FCFCFC
5098	#F3F1F8	#FFFFFF
5099	#E2DEEF	#FDFDFD
5100	#D4CEE8	#F6F6F6
5101	#E6E3F2	#FBFBFB
