x	y
1.75061451146006	0.72922626546094
1.43845636491507	0.673595132885157
2.08232066777183	0.993341385977143
2.3695126619257	1.27421390702868
2.44567166971443	0.839453219846175
0.671311408840698	0.224616201942278
0.180315924045662	0.0478066702574292
1.39557961180183	0.496365775816694
0.906151326926563	0.261259737108879
0.921824610399643	0.265755741469354
1.07890679271251	0.432199101979189
2.3982235304656	1.29550420000521
0.180315924045662	0.0478066702574292
1.71838037692335	0.512092496146657
0.648740963021142	0.248674017077133
3.56226151463511	1.75365296814151
0.199660581380647	0.0433122758858595
1.7511083359852	0.938628287090279
1.09050114756657	0.437461242160714
2.33003990439519	1.89943091659696
-2.20452069372124	0.676749531450116
2.08244330412006	0.993420529815253
3.8399774426495	2.07869138541729
3.84426974922135	2.08147251945329
3.80690118981087	2.04849128299481
1.72665749194725	0.514015992250562
2.0904766040442	0.998607707037486
-1.41645084217475	0.527905262240427
3.56977075964114	1.75979068321058
2.91771648568221	1.15252312484676
-1.04923748026572	0.337110470489464
2.90832288894759	1.14706883442003
0.65067547091954	0.249219645281051
0.208088282973525	0.044554233682967
0.994413665950207	0.449370360699642
0.20471393630254	0.0440337263228802
1.64532594898018	0.986437792278223
1.75694714586213	0.732159734378909
2.4483134540998	0.840541819013097
1.72664583622157	0.514027439791968
1.37978528414721	0.490494430759015
3.26908338806269	1.45678296110119
0.660034562016067	0.220830659029676
0.182273477751123	0.0405997709363184
-1.05139365222271	0.337625068809831
3.27922726773361	1.4633502643727
2.09745532714859	1.00299110807235
2.43961622041387	0.836769184993985
0.662809315841008	0.254477784106707
0.912597447073333	0.263157043298413
2.91488688463889	1.15100414083562
1.76271459085892	0.735118738719892
1.39670390964941	0.496388528960776
1.38248601554662	0.491066536373935
1.37720610089078	0.4890227456012
0.180315924045662	0.0478066702574292
1.0671368633528	0.426658214795582
0.208130289751052	0.0445612068776082
1.76271459085892	0.735118738719892
2.45713066693921	0.844016359639868
1.09050114756657	0.437461242160714
1.36850197388475	0.486102920649087
2.44567166971443	0.839453219846175
1.75849729210017	0.733767671621258
0.69790279773561	0.233397477907166
0.205561737379768	0.0441838774146192
2.4483134540998	0.840541819013097
0.164712869579257	0.0443121871062313
1.77736983538441	0.742093229737016
0.662157833194385	0.22164815477733
0.196315155888877	0.0427978646049216
1.770513002613	0.73911521710779
-1.65150891434616	0.684638876104635
1.05921465921826	0.423056996379381
0.351215210500736	0.128908929818625
2.09383725457669	1.00065411366166
1.75412385149621	0.941549251251793
1.75157325264744	0.72908452782451
0.921774163847151	0.265747233383473
0.683042523889567	0.228414048266896
1.72664583622157	0.514027439791968
3.58812054884659	1.77329556198561
0.659279431527637	0.22063374661738
-0.614746613769411	0.212903620622188
0.657659253623636	0.219974557705683
0.921774163847151	0.265747233383473
1.36042349524834	0.717304730419693
2.04154943313989	1.2362595557001
3.83218329198527	2.0711829714689
3.25904938664935	1.45089842575752
1.75396464978124	0.730590510503128
2.90551789185603	1.14556900793857
0.915318019020568	0.263922623604752
0.190738716303272	0.0418413373211237
0.22810763358012	0.0718863917647711
2.10217307290226	1.00597885790096
-0.303838316095645	0.0903546149865541
1.06793448118631	0.427341153795319
3.55998185012779	3.04376398315746
2.4483134540998	0.840541819013097
2.45709514677168	0.843701380989689
0.208088282973525	0.044554233682967
1.75495432576142	0.730816424365007
-0.290172480232866	0.0866608763690696
-0.552335012199188	0.144678456612124
0.238032114985979	0.0748520644570624
0.917296314805694	0.264562429003048
2.91210871999862	1.14894462063688
0.743841622331946	0.327502160016434
1.77600230948662	0.741689466064606
3.27318434966019	1.45987088217078
-1.02111519094033	0.431096199665407
1.38016920470379	0.490169965758878
-0.563224434073156	0.1470595732283
1.74386805742768	0.724791639516812
-0.55888165037327	0.146019049191659
2.45446436525245	0.842916202981294
2.44567166971443	0.839453219846175
2.92178752780104	1.94350724439567
2.45176958518949	0.841449769742287
3.85186929636564	2.08739786056755
0.686487174778602	0.22957980027577
1.72664583622157	0.514027439791968
3.27316965466308	1.45987901225535
1.40186335897954	0.652406173263313
0.912597447073333	0.263157043298413
0.177324465825582	0.0471342222202081
2.45713066693921	0.844016359639868
0.37307007921489	0.137276295741783
0.665533456401679	0.222706642295264
2.44834859745442	0.840528199577986
0.670729664907852	0.257734501304694
3.84011026469727	2.0775925472761
3.73486897723337	3.43575385831513
3.16141213938601	2.30632456584887
1.03934116375262	0.473080075029801
2.73075054129941	2.20926755699425
0.924469195483338	0.266423091240108
3.55574281240124	1.74904562098681
1.73267428564054	0.925482975996102
4.0823582807583	2.41484747530459
1.38545837834875	0.492219504116298
0.636766376419572	0.243768225638453
0.177079158727074	0.0470688489596175
-0.83741482270999	0.323750302783673
1.74581938677338	0.726145387504203
1.99176680802583	1.19317374060442
1.05627095978734	0.422060593772365
-0.31011280695359	0.0920681438912792
0.671217910650184	0.224603448239011
1.08343277449304	0.43405914409849
1.76271459085892	0.735118738719892
3.26608991492401	1.45573646702542
0.172141930104414	0.0459762515619496
0.914619300557244	0.26369561215826
1.78513490822613	0.746684677392543
2.4483134540998	0.840541819013097
1.72664583622157	0.514027439791968
2.42394076891092	1.31590342289806
1.39556294187099	0.496135793832498
1.7817391805359	0.745005111153672
0.208130289751052	0.0445612068776082
1.60536395450592	1.06449847038209
1.33736328168259	0.784163358743747
-3.07139247283292	1.23058533678423
0.511288376250228	0.217608974717826
-0.552335012199188	0.144678456612124
2.64899605202601	1.58909739740497
1.06688584516011	0.427071080106366
-0.292596402803385	0.0873350320881933
0.906246129417221	0.261736091583026
3.10951847884199	2.2431788729661
2.91488688463889	1.15100414083562
1.72664583622157	0.514027439791968
1.76815621869302	0.737828164391898
0.673034112376084	0.258391373123076
2.09035178211931	0.998526967079187
4.52942971425787	3.16146029468468
2.43961622041387	0.836769184993985
3.56977075964114	1.75979068321058
1.07548302483537	0.430882424118786
0.208130289751052	0.0445612068776082
-0.594182972893005	0.154912126415353
1.42868079716688	0.66813775534074
2.89896851317136	1.14156400888801
2.44567166971443	0.839453219846175
0.675202385974488	0.225674647305293
3.28331781088139	1.4653642289376
1.09062725718876	0.437713933028082
2.4483134540998	0.840541819013097
1.71791322101669	0.91492282541797
0.645214678485994	0.2470919343214
1.38574543378959	0.492858150197212
0.726370449421603	0.318806429865266
1.3857593022374	0.493085918077652
0.680831161926287	0.333898158325137
-0.448996511880671	0.173029447123535
2.92723943457006	1.15710072897931
2.90827841061733	1.14708003600027
2.90551789185603	1.14556900793857
-0.640416129503358	0.221721062715262
1.3801874459795	0.490172173913112
1.38547624122001	0.492221548058075
2.68545670839216	1.62203632479263
0.69790279773561	0.233397477907166
1.72664583622157	0.514027439791968
3.2833312885705	1.46611990793056
3.17156096024618	2.31789112209874
3.26608991492401	1.45573646702542
-1.69693438162509	0.707662746619757
0.912597447073333	0.263157043298413
2.45446436525245	0.842916202981294
-3.08601159633868	1.23887459802837
-0.286940431421599	0.0857759418120604
2.44567166971443	0.839453219846175
1.36298166888065	0.719506531294953
3.56321850271678	1.75430275733671
0.122158494450069	0.0435053236407577
1.38545837834875	0.492219504116298
3.26908338806269	1.45678296110119
1.38279184561893	0.491656853905118
1.98508638055156	1.18736108249538
2.06258037419729	0.980596620923091
3.26608991492401	1.45573646702542
-0.569836236427639	0.149089357519807
1.65502656370452	0.99416561114062
-1.06383257360404	0.341981866655656
-0.875241267734918	0.339853215941177
2.90827841061733	1.14708003600027
1.37543780329452	0.488077804570456
-0.327238477419353	0.115035839903199
2.032659827048	1.22811662820843
-1.41775409261883	0.528669717214252
0.92457006190404	0.266440401880801
0.236760388577432	0.0742695453338153
-1.05357102754035	0.33871174915923
0.658976732752413	0.252769091866806
0.205561737379768	0.0441838774146192
2.89896851317136	1.14156400888801
0.69790279773561	0.233397477907166
0.187516582106475	0.0494383766804619
0.188178366722201	0.0414674909431667
1.7506657784623	0.729256008965406
2.38533636033725	1.28561237005996
1.44226719141262	0.675862488734487
3.28030290623515	1.46346513229433
3.83655874756984	2.07494832850428
2.29234309011457	1.5428860949745
1.72665749194725	0.514015992250562
1.42834798085574	0.667712163607771
2.90551789185603	1.14556900793857
1.02539606965218	0.466075701008468
2.44567166971443	0.839453219846175
0.202198391670494	0.0436656035177294
0.908924422609946	0.262601169518593
1.72664583622157	0.514027439791968
1.72664583622157	0.514027439791968
3.56972479265114	1.76059839007616
-0.549588025379477	0.144138904810768
2.91767215080868	1.15195328733466
-2.70163341573963	0.956867155200627
0.688704794210132	0.230359128893008
-2.69742047364421	0.954793958704405
0.680868176988487	0.227670739902701
0.902476879033505	0.260785195270642
1.36848609513374	0.486101541554375
1.38957458135007	0.493821378507415
1.72796921310175	0.922408080111443
0.648129095357946	0.248658537184838
3.56967891771929	1.75970398327778
1.39467414876156	0.647713819138836
3.26608991492401	1.45573646702542
4.07151042248906	2.40332242395071
2.45176958518949	0.841449769742287
2.07885463546249	0.990791062375455
0.652571139074811	0.250158823646493
3.31486471638857	2.59340316612811
2.10809969517537	1.00989988793632
2.92158168883162	1.15406672838897
0.172141930104414	0.0459762515619496
1.77383519060389	0.740746034447833
1.74629022930452	0.93592543537661
3.26610537788351	1.45572874939348
1.4057837164765	0.50019805265816
0.669547790070559	0.223855623975965
2.89987370903828	1.9203680881293
-1.46556636079729	0.39889055417079
-1.39218884984795	0.517361767954646
0.897578623663865	0.259675397379677
-1.48036509444371	0.402677323712302
2.09758253416694	1.00306881864091
2.91488688463889	1.15100414083562
-0.292964477164704	0.0872997458602974
2.90551789185603	1.14556900793857
2.31643264078684	1.88361242676917
1.76266616893112	0.735090202637704
2.07983324758503	0.992688936076852
-0.0640587966295483	0.0205326002736941
1.0260377109259	0.719141943753751
0.167697313889314	0.0449797086311484
2.91210871999862	1.14894462063688
1.72402871819241	0.513373825324747
3.26610537788351	1.45572874939348
2.92158168883162	1.15406672838897
1.77046288364682	0.739085774074085
0.753334026509795	0.332567957309003
4.07044022582288	2.40228311416987
-2.20452069372124	0.676749531450116
2.91488688463889	1.15100414083562
2.92153744995923	1.15407818465564
0.924519625006435	0.266522920108041
2.40296476772926	1.29938736189749
1.45115090526956	0.680920226159741
1.75157325264744	0.72908452782451
-0.552335012199188	0.144678456612124
0.921774163847151	0.265747233383473
1.73223804177662	0.925819256140663
0.667834514187836	0.223379760188729
2.50299665454783	2.22793266329191
0.657785132233081	0.252417937405361
1.74919545705716	0.727871284649911
1.08708910830076	0.435939593229012
3.56972479265114	1.76059839007616
3.26608991492401	1.45573646702542
3.56972479265114	1.76059839007616
1.76271459085892	0.735118738719892
0.671691629672308	0.22459104803171
0.222337753373248	0.0699047989989705
-0.664008904010705	0.229746778311507
3.28334481162405	1.46534615851461
0.680770536184485	0.227634687282147
0.526563905209938	0.224975213188817
2.08100668581477	0.99206488288769
0.235722578668896	0.0740187411984836
0.921774163847151	0.265747233383473
0.199660581380647	0.0433122758858595
1.77331586281774	0.740099246941606
3.5782787475409	1.76387729206153
1.72664583622157	0.514027439791968
1.42263256803019	0.664795507386414
2.91493124431159	1.15099278421732
2.44834859745442	0.840528199577986
1.72664583622157	0.514027439791968
0.69096870942265	0.231048868043151
1.72402871819241	0.513373825324747
3.25904938664935	1.45089842575752
1.3899474343491	0.49452024011659
2.44567166971443	0.839453219846175
2.41057743172478	1.30569595309331
3.84011026469727	2.0775925472761
0.190738716303272	0.0418413373211237
3.28331781088139	1.4653642289376
1.77939390480907	0.743719206385401
4.06711751953434	2.39865212442176
1.77594950607652	0.742014795788623
2.91488688463889	1.15100414083562
1.71838037692335	0.512092496146657
1.41062627582976	0.657311939496913
0.187516582106475	0.0494383766804619
2.09263660210777	1.00028029193611
2.45442904372326	0.842929862158112
1.73953356091327	0.723250406310303
-1.04923748026572	0.337110470489464
0.208130289751052	0.0445612068776082
2.90551789185603	1.14556900793857
4.07044022582288	2.40228311416987
1.39026582301669	0.494298341784791
4.52110529279185	3.1487377352803
-2.01392393172956	0.970229263166967
2.44567166971443	0.839453219846175
2.45713066693921	0.844016359639868
0.908148649268101	0.26198445808125
2.90551789185603	1.14556900793857
0.675202385974488	0.225674647305293
-1.46754137571983	0.399241075338394
1.07800352807822	0.431904030289807
2.90827841061733	1.14708003600027
1.10624442538444	0.444494264348213
2.45716616852698	0.843674766141773
2.89896851317136	1.14156400888801
3.25904938664935	1.45089842575752
2.91488688463889	1.15100414083562
2.08244330412006	0.993420529815253
1.07890679271251	0.432199101979189
0.912597447073333	0.263157043298413
0.208088282973525	0.044554233682967
1.72402871819241	0.513373825324747
2.44567166971443	0.839453219846175
0.919086224093982	0.264875597201778
0.682780279227726	0.228527448281727
2.09770985578578	1.00253396630826
3.26608991492401	1.45573646702542
0.208088282973525	0.044554233682967
3.58057285984422	1.76825339260171
1.38957458135007	0.493821378507415
-2.20131061198549	0.675574843790802
2.4483134540998	0.840541819013097
2.90551789185603	1.14556900793857
1.77829806424928	0.742842282455695
0.69096870942265	0.231048868043151
1.07082409868839	0.428569888191259
1.75157325264744	0.72908452782451
0.175124314973247	0.046645304856595
3.58057285984422	1.76825339260171
-1.46556636079729	0.39889055417079
2.44834859745442	0.840528199577986
1.40272851054165	0.499012480580187
1.44676087411095	0.678342614008555
2.92153744995923	1.15407818465564
3.16778777236934	2.31414149766975
2.44834859745442	0.840528199577986
4.098561918652	2.43225732606346
0.180334652339367	0.0478106473797875
1.4351623457194	0.672613683218747
1.77388619361697	0.741131703530167
1.40272851054165	0.499012480580187
1.40274440558796	0.499243938315738
0.199660581380647	0.0433122758858595
-0.856841474893289	0.332280942743884
0.216669552420131	0.0682893939160796
2.90827841061733	1.14708003600027
0.153367966223417	0.0417663876642991
1.38545837834875	0.492219504116298
4.05971258368773	2.39004897732211
2.44567166971443	0.839453219846175
1.37680220633397	0.489129296924302
1.71838037692335	0.512092496146657
0.906151326926563	0.261259737108879
-0.0774050461354077	0.0242831048289601
2.10217307290226	1.00597885790096
0.180334652339367	0.0478106473797875
2.91767215080868	1.15195328733466
0.76280890954324	0.33733369413573
1.39258193627448	0.495197582069264
0.908975247039869	0.262609818284675
4.32491928342374	2.78974591538689
2.10217307290226	1.00597885790096
0.208130289751052	0.0445612068776082
-0.558348061499499	0.146135797280242
1.39256483421105	0.495195831360944
0.208088282973525	0.044554233682967
0.653383025399718	0.250726073024161
1.72402871819241	0.513373825324747
4.52819424337498	3.15877057887388
4.0588318326328	2.39002452109041
3.28030290623515	1.46346513229433
4.08677857314321	2.42036773779401
0.644083144845473	0.24698505086204
4.05182092813482	2.38195009401284
1.39559632674966	0.496139071198923
0.349964576334252	0.12900593022217
2.04565518470026	1.23975784607075
-0.284718425050904	0.0851722059912993
0.675202385974488	0.225674647305293
2.91488688463889	1.15100414083562
1.39256483421105	0.495195831360944
2.39408016580545	1.29253918958529
2.45716616852698	0.843674766141773
3.84819975285138	2.08477399019763
0.921774163847151	0.265747233383473
3.27316965466308	1.45987901225535
1.39556294187099	0.496135793832498
-0.594895620940935	0.24703900207986
2.45176958518949	0.841449769742287
0.683090437699776	0.228431766982679
-1.46754137571983	0.399241075338394
3.26608991492401	1.45573646702542
2.90551789185603	1.14556900793857
-0.552335012199188	0.144678456612124
-0.302117739358691	0.0898012155252206
2.38117453679347	1.28248496189046
3.55899825992108	1.75207908437113
0.199660581380647	0.0433122758858595
2.45709514677168	0.843701380989689
1.76810514306125	0.7381530283959
3.85540772966821	2.09069754261606
3.57397276002055	1.76270999054685
0.208130289751052	0.0445612068776082
-0.562262366874053	0.147296690051847
1.72665749194725	0.514015992250562
1.71838037692335	0.512092496146657
1.72665749194725	0.514015992250562
3.56226151463511	1.75365296814151
0.177324465825582	0.0471342222202081
1.08696413389759	0.435882187828599
2.09758253416694	1.00306881864091
1.75061451146006	0.72922626546094
2.91771648568221	1.15252312484676
-0.561074719780954	0.146672057200803
1.72664583622157	0.514027439791968
0.921774163847151	0.265747233383473
2.44567166971443	0.839453219846175
1.72665749194725	0.514015992250562
-0.55888165037327	0.146019049191659
0.199660581380647	0.0433122758858595
2.45442904372326	0.842929862158112
2.6799779926375	1.61741434513231
2.11771158390686	1.01606142150896
-0.275687060281398	0.0826939690244633
3.13226449651525	2.27186041428123
2.11401480346062	1.0131118083397
2.29698814879803	1.54744577202559
0.180315924045662	0.0478066702574292
3.27922726773361	1.4633502643727
2.29087554902772	1.54151972493037
1.64299809423544	0.983994129775058
1.77216556650193	0.954245875366188
2.08244330412006	0.993420529815253
4.3004409065345	2.76151516574176
0.683674123427681	0.263110779858389
-1.46556636079729	0.39889055417079
4.55309097103427	3.1924442361927
0.675156152037975	0.22565754625012
4.32948369359233	2.79681180775066
3.27924118008841	1.46229877184658
0.214239325900193	0.0678275200351769
3.36243450942233	2.65914658996986
1.09307963848425	0.438867803295717
4.07880938097788	2.4118936188948
2.38912638645327	1.2886185706495
4.07902437610731	2.41084783038802
0.653994852670135	0.250819314642062
0.906151326926563	0.261259737108879
0.180315924045662	0.0478066702574292
1.65596561612542	0.994632865280727
3.5772212367167	1.76512071300624
3.15456392540198	2.29810172508113
3.84426974922135	2.08147251945329
1.44655283328883	0.678576520907697
1.72664583622157	0.514027439791968
-0.290831686477476	0.0867545552222069
-3.07640864801309	1.23288383031758
2.67192324457325	1.61001492815338
2.3791829536265	1.28135485152416
0.225265061354041	0.0710251442631123
2.45716616852698	0.843674766141773
2.65332731793264	1.59316771016962
0.686536055887006	0.229501764539986
2.4483134540998	0.840541819013097
1.64299809423544	0.983994129775058
2.91771648568221	1.15252312484676
3.27619497272584	1.46229178166629
2.45442904372326	0.842929862158112
3.17962458450942	2.32834104291258
4.29266278111023	2.75220651534197
1.71525365016149	0.91304067115333
0.917296314805694	0.264562429003048
2.91210871999862	1.14894462063688
3.26608991492401	1.45573646702542
1.05083553216111	0.419993948638271
2.67562279280059	1.61414206297018
3.37424829680005	2.67570537571193
2.40972855285763	1.30455498989097
3.76291810699006	3.48538391630359
1.0542638608458	0.540650545420123
2.06038555984328	1.25115586516307
2.94514180969288	1.96726217609602
3.27620927747588	1.46151929297208
1.37558935632313	0.489060937437241
0.66982410244341	0.328121812825068
2.90551789185603	1.14556900793857
4.71368209685618	3.53702708986347
0.671217910650184	0.224603448239011
3.58047582984061	1.76700315186199
2.91776082824986	1.15193094411066
4.73958473819904	3.57324555209613
0.172618618008275	0.0460830870042928
2.45446436525245	0.842916202981294
2.28543160824018	1.5363193702296
2.13377496636862	1.58686328500247
1.38545837834875	0.492219504116298
1.78175731374293	0.959978031142753
2.01619808552728	1.2132086375976
-0.584371982640259	0.152318216814195
1.58484611501284	1.04494869709949
0.682836710183236	0.228417275029107
1.40575275971062	0.49988083524423
2.64834972928176	1.58919992465641
4.33011403298203	2.79525750834089
0.250720037765366	0.0783528491205372
1.7817391805359	0.745005111153672
1.01182301797473	0.458570752508632
0.924519625006435	0.266522920108041
1.77665681683821	0.957058365612328
-0.293014582007168	0.0873418514259804
2.06292142221342	0.980111830032735
3.85173237948387	2.0886994165507
1.78268284842165	0.744359902483524
0.682598544233423	0.228483971119609
2.90832288894759	1.14706883442003
3.15728964117887	2.30159315246286
-0.296343715082427	0.088189792994588
2.41031828409004	1.30538913152313
0.242963698483695	0.0762314393760321
2.44567166971443	0.839453219846175
2.4483134540998	0.840541819013097
1.40274440558796	0.499243938315738
2.92442907579133	1.15555204884472
0.910858892443621	0.262745945817241
1.07526712720017	0.430388498097968
1.42603098319155	0.667342151955038
-0.477092471337889	0.182183761216926
3.57726881742395	1.76601645158811
1.14378831918467	0.66174826324973
3.588170845786	1.77334019029816
1.72664583622157	0.514027439791968
1.76612122420627	0.736517957467052
3.84426974922135	2.08147251945329
1.44033687554708	0.67460405681513
2.09396320894315	1.0011830226404
0.180315924045662	0.0478066702574292
0.692031828649326	0.340488743657835
1.44095521249481	0.675418133882751
-0.609041337299214	0.210821100090729
1.40272851054165	0.499012480580187
2.92573587458218	1.94762973445859
3.58372723343585	3.0801634645612
1.08708910830076	0.435939593229012
3.26608991492401	1.45573646702542
2.40602413369699	1.30124900936568
3.28942439006547	1.46887958363091
1.44555554095769	0.677958384640391
2.30097371357569	1.55174731976682
1.74610926866454	0.935099837046173
0.683090437699776	0.228431766982679
2.45713066693921	0.844016359639868
2.11371505412769	1.01353693642233
2.45446436525245	0.842916202981294
0.843115683198403	0.42242332546261
2.37600613128154	1.27845150377986
2.40190588875708	1.29866235203473
2.42023691135181	1.31220657795524
1.34175641958211	0.787669403815986
3.2833312885705	1.46611990793056
3.58057285984422	1.76825339260171
1.71866000323516	0.91533225838327
1.72879825628199	0.922337542393182
0.180334652339367	0.0478106473797875
4.53301594524955	3.16659156114414
4.106390287142	2.4390395011732
0.509537587648328	0.216541416092719
1.03389754305733	0.470648929799403
1.72664583622157	0.514027439791968
2.4110519290943	1.30604253124369
2.45716616852698	0.843674766141773
3.86327461201068	2.09846610869719
0.67059755684815	0.224471695076876
2.08591591043052	0.995653239553386
1.42372137329467	0.665394761690552
1.41441426569347	0.659992136555661
0.651485359290084	0.249998661312165
0.924519625006435	0.266522920108041
2.92438485477444	1.156147471729
1.00742796601739	0.456519203611046
0.921824610399643	0.265755741469354
1.0707599967962	0.428304191192394
0.685012911469976	0.263645064055668
0.154897316342678	0.0421007466929087
4.54144233985933	3.17772443720955
1.0429985097185	0.475143691277428
3.17912658860472	2.32819220825602
1.41335415156534	0.659161501443744
2.90551789185603	1.14556900793857
3.58052429827243	1.76820988967439
2.11210472876445	1.01225960890849
3.58052429827243	1.76820988967439
3.74982230467544	3.46281276707587
3.27619497272584	1.46229178166629
3.58052429827243	1.76820988967439
1.106113539964	0.444507529672316
2.10581004156324	1.00804315738564
1.43777745532278	0.673223104825915
2.4483134540998	0.840541819013097
4.71451805026531	3.53829393208197
0.208130289751052	0.0445612068776082
2.09171472149403	0.999275811644764
2.67529674582605	1.61365461733652
2.09069751079453	0.999366405985553
3.84453748990437	2.08172146404308
2.92153744995923	1.15407818465564
1.39256483421105	0.495195831360944
1.7817391805359	0.745005111153672
0.686536055887006	0.229501764539986
2.14486366081339	1.60023946759966
2.07885463546249	0.990791062375455
1.02989933700399	0.468565122919164
3.56644568989027	1.757536747449
3.84792904445834	2.08575030655064
3.58052429827243	1.76820988967439
3.2833312885705	1.46611990793056
3.0278029598187	2.82519094961376
0.998710932775683	0.451774340881975
1.07165519482777	0.551545609127601
0.675156152037975	0.22565754625012
3.14699259690919	2.28930732266608
2.00933799376266	1.20827228453215
2.03543483082166	1.23114614890016
1.37117064985631	0.724253862588514
1.58084656254028	1.15436059018351
0.223071985298252	0.0704382918644942
-0.0125328681984133	0.00463539595828867
1.39256483421105	0.495195831360944
0.727044757296284	0.319264005839025
2.35371584017365	1.93071210619827
0.92003140509787	0.265333979478402
0.382840551296399	0.141225542854348
-1.05777042850809	0.34014254796271
2.44834859745442	0.840528199577986
0.3863634635889	0.142149469690193
3.57305874423035	1.76108157503203
-1.00382785660583	0.421815979204669
2.90827841061733	1.14708003600027
0.190569534030361	0.0501121779284389
3.57731649091494	1.7652097714823
-0.292596402803385	0.0873350320881933
1.37270495641498	0.487535927805456
1.38577321627896	0.492859446752081
1.74928128966998	0.937142428054278
1.38727744289309	0.493135957861707
0.170184199651161	0.0455102597114768
1.62705451576157	0.971574521876162
1.0907534809609	0.43757620666106
1.39556294187099	0.496135793832498
4.09142647342471	2.42463087972306
3.57296496055713	1.76215685722717
1.32027172918605	0.690194011927762
3.57305874423035	1.76108157503203
1.40274440558796	0.499243938315738
1.34344957838451	0.706096460834328
2.92611708378369	1.94891774063172
1.93087475255273	1.30415329001067
4.7456456875605	3.58480618672416
3.19321239106418	2.34379266108389
1.39556294187099	0.496135793832498
1.35215656405987	0.795635815339396
0.246659544273628	0.0773031373217903
0.652582013708353	0.218587882979007
1.07272685870449	0.429711556197851
2.27835194109615	1.52937362720353
2.13342512738497	1.58752214397718
-0.549638443779565	0.144154566527545
2.03019622830474	1.22583922457498
1.06809080721815	0.427463426178194
2.53796332394662	1.8871093890609
0.208088282973525	0.044554233682967
1.64230133367521	0.983963347911853
3.28334481162405	1.46534615851461
-0.608499193018595	0.21033764474596
1.41311981982628	0.659305784082995
1.09404383086592	0.438821049656979
1.08708910830076	0.435939593229012
2.44567166971443	0.839453219846175
1.05244141833209	0.480047763016734
-2.11207703424449	1.06532346899484
2.05054009357922	1.24286308071388
4.0823582807583	2.41484747530459
0.246104130605166	0.0769660138150043
3.15185881307841	2.29447885528798
4.6811211680259	3.48646220235845
1.76271459085892	0.735118738719892
-0.0599891416129555	0.0193604238872106
2.91488688463889	1.15100414083562
3.58052429827243	1.76820988967439
1.10254813586729	0.443059401028932
4.09499244329284	2.42868292155367
1.76305837858729	0.947499853470064
1.7715316677657	0.73956676617944
2.67159886991754	1.610521711017
0.199660581380647	0.0433122758858595
4.04735024069441	2.37717274156695
1.72014166040553	0.916050502354259
0.917296314805694	0.264562429003048
2.92723943457006	1.15710072897931
-0.279158053540094	0.0986506827297202
0.680819310444715	0.227748009463594
4.07902437610731	2.41084783038802
0.363991845988362	0.133868755213492
1.4386770711553	0.673724133932633
1.45469176675845	0.683477074638951
-1.40109811291681	0.52130914324694
2.91771648568221	1.15252312484676
3.28334481162405	1.46534615851461
1.39557961180183	0.496365775816694
1.41863823832524	0.662698801340283
1.09062725718876	0.437713933028082
3.26909842045239	1.45753652807612
0.190551949951808	0.0501236937756434
2.08234354012844	0.993536617280729
0.164712869579257	0.0443121871062313
4.31745830382905	2.78252366343807
2.09035178211931	0.998526967079187
-0.270236951883253	0.0952271971929278
1.05288950288372	0.539404542922272
3.18174655455871	2.32978053477865
2.93520733762327	1.95788819495047
0.208088282973525	0.044554233682967
0.680819310444715	0.227748009463594
1.43319594746637	0.67094645105508
2.38853486006824	1.28840884874793
1.40579926306625	0.499884434950519
0.683090437699776	0.228431766982679
0.6831044718102	0.228386654331402
2.08809621258249	0.997393156666143
1.13850167926004	0.658304614738813
1.78870126227906	0.74748116983081
0.673271036241017	0.258993321298042
0.199660581380647	0.0433122758858595
-0.0898184922106538	0.0272681850445017
3.56410475596208	3.05016712769878
2.91488688463889	1.15100414083562
1.44579230289626	0.67763971106239
1.38727744289309	0.493135957861707
3.56972479265114	1.76059839007616
-0.0633070517230336	0.0198185393128804
0.679364628875915	0.227373768464912
2.64987412911085	1.58993265442369
3.26610537788351	1.45572874939348
1.74081620763633	0.931510269813389
4.49675439863273	3.11750958754004
2.91488688463889	1.15100414083562
2.29961337033692	1.54982763179679
3.57726881742395	1.76601645158811
3.27922726773361	1.4633502643727
3.27922726773361	1.4633502643727
3.35534488880993	2.65014369170835
2.31250124601382	1.56335420573421
2.38511814817332	1.28596893426868
1.38957458135007	0.493821378507415
1.8754829468513	1.2515868404682
5.33817663100969	5.19278651023668
2.6799779926375	1.61741434513231
2.44567166971443	0.839453219846175
-0.626832025283292	0.216969846323796
4.08699657121668	2.42057811596567
4.31269355008173	2.77593150338147
0.208088282973525	0.044554233682967
1.43375255646066	0.671122061469069
3.84792904445834	2.08575030655064
2.08017458981791	0.99150793962923
3.2124421658361	3.26370990612346
0.669501572235949	0.223838569535414
0.904084541315186	0.261500500062554
0.917347332724012	0.264571103399029
3.85618272436548	2.09243209542039
0.924519625006435	0.266522920108041
1.8838858116653	1.26039352642348
3.5914488742797	1.77556029179753
0.208130289751052	0.0445612068776082
0.187534552195979	0.0494421831048262
-1.47559564657686	0.401361379112135
1.43319594746637	0.67094645105508
3.85173237948387	2.0886994165507
4.11490752410803	2.4474243446705
1.72402871819241	0.513373825324747
0.216669552420131	0.0682893939160796
2.02280711016269	1.22038255658922
0.655968482576953	0.219719594006165
1.35061049265166	0.877025781127992
1.3929497087212	0.495155845399409
2.91771648568221	1.15252312484676
1.03874535676648	0.47307606038338
4.07483768406903	2.40693849987174
0.92457006190404	0.266440401880801
0.355045480710537	0.147343468130294
0.845718751845009	0.423680985258936
3.85173237948387	2.0886994165507
-2.20774410875569	0.677401665515386
1.37543780329452	0.488077804570456
0.732850111762061	0.322416714385468
3.58388492388433	1.76957141259759
2.92434064150852	1.15557468669485
3.28638063920881	1.46778961483254
0.66045707199115	0.253454294850346
1.75490758178519	0.730788790484642
2.37659817852811	1.27883941086168
2.10135639128956	1.00573990063173
2.91767215080868	1.15195328733466
2.45442904372326	0.842929862158112
2.65866526091802	1.59888141703952
3.85944802418655	2.09372644304712
1.76612122420627	0.736517957467052
2.45709514677168	0.843701380989689
0.670488513458061	0.257518267270753
3.27919957863163	1.46232569188403
3.14536931237329	2.28720089748773
3.76628938533935	3.48999398423209
1.89715158457741	1.27288352904478
1.00293082428669	0.453453855384869
0.645214678485994	0.2470919343214
2.90827841061733	1.14708003600027
3.57726881742395	1.76601645158811
2.40578559400761	1.30190213253038
0.915318019020568	0.263922623604752
4.08257487951431	2.41471487906593
2.64984709837237	1.59026989976568
1.04333889582038	0.475699754182601
2.37364353293914	1.27733793795302
1.77383519060389	0.740746034447833
-1.05646570561747	0.339422980870141
0.168025334019007	0.0592942204764155
1.39557961180183	0.496365775816694
2.0764560468415	0.989569623450032
3.83655874756984	2.07494832850428
1.74112968232718	0.9312409156954
-1.05434667090414	0.338781426865916
2.38533636033725	1.28561237005996
2.65833678581475	1.59801700924241
1.7629656340286	0.735506719174566
2.44834859745442	0.840528199577986
0.89762939669076	0.259684060269182
2.04396055396842	1.23836593826389
-0.286974240436354	0.0857853046400139
2.38533636033725	1.28561237005996
-0.556695510417587	0.145720699864662
0.667973299835533	0.223589390189493
0.533390118664429	0.227812044749088
0.902476879033505	0.260785195270642
1.40576821535676	0.500196841629125
0.180315924045662	0.0478066702574292
0.208088282973525	0.044554233682967
0.793343882847046	0.392775962381557
1.4386770711553	0.673724133932633
2.92158168883162	1.15406672838897
2.91488688463889	1.15100414083562
1.76801527226151	0.951408071138149
1.07553775848315	0.430652268960809
1.0754122848636	0.430594908571562
1.89381822642176	1.26968447396104
0.691018322596608	0.231067203856998
2.44567166971443	0.839453219846175
1.32577791659513	0.694033546023654
1.08270263100373	0.559089274607552
2.92434064150852	1.15557468669485
1.77834989961593	0.742872639612994
3.85159560405925	2.08890747138194
2.66299352967078	1.60193366511686
0.671783008731121	0.224523528358971
2.03099878789515	1.22697552002204
2.4483134540998	0.840541819013097
3.8399774426495	2.07869138541729
2.01813291308724	1.21645031410854
0.66420986045487	0.254815054088412
2.0904766040442	0.998607707037486
3.28636755859253	1.46779915363749
2.04508553582646	1.23845217752318
3.26610537788351	1.45572874939348
0.369426922132485	0.136136206436693
1.78508128093501	0.746164945988396
1.02505586416672	0.466105812140726
1.42443644535245	0.665709520641548
2.74078846200492	2.22231596671945
1.39559632674966	0.496139071198923
2.30172429080926	1.55208058626334
0.675730779647632	0.259904954323442
3.28636755859253	1.46779915363749
0.372995424138313	0.137081470969483
0.240185741993061	0.0752570600879906
4.08677857314321	2.42036773779401
1.77147970267616	0.739537116514312
2.40113696281867	1.2978378807876
1.06258708797703	0.546402323696323
1.7817391805359	0.745005111153672
4.72594233155905	3.55513870802643
1.44481932983435	0.677710247631453
0.908148649268101	0.26198445808125
3.73741932862934	3.43960251945358
2.65039031820044	1.58981838652728
2.39384947900438	1.29288498375225
2.06650101069185	1.25701429250677
3.58822123662635	1.77222414369107
2.50524821342073	2.22586166755291
1.78518862941079	0.74671530966739
1.62866567892067	0.972232381646685
1.77731775736724	0.742549867568003
3.19590186833814	2.34431074115096
1.34917879257542	0.709692713165959
0.679653114219625	0.227181883175313
1.17327230681604	0.752295509590784
3.28638063920881	1.46778961483254
4.32585747580875	2.79226181309473
2.10204478260656	1.00634877322488
3.5772212367167	1.76512071300624
1.76271459085892	0.735118738719892
1.08155139621344	0.433730697000985
2.6583093079781	1.59834980863449
1.04749678515866	0.477574768685288
1.99946822363422	1.19933111233309
1.00151195059751	0.45315280197081
2.09232699989499	1.00069417572759
-1.05357102754035	0.33871174915923
3.17393254693982	2.32177278933781
2.52238293205771	1.86952706855652
0.680868176988487	0.227670739902701
1.08230651158364	0.433558668659745
0.679191328030284	0.22724498722169
1.40274440558796	0.499243938315738
-0.0704807869872233	0.0221615303824729
1.09652135055992	0.440187945762833
2.32183687469915	1.57239622673165
1.75689874560971	0.732131283191921
5.05657541384062	4.34255095571493
1.59892536705574	0.947919351123139
4.1023593752764	2.43614767033432
1.34834432250642	0.709362686758566
1.08708910830076	0.435939593229012
3.56972479265114	1.76059839007616
4.06711751953434	2.39865212442176
1.0344996906056	0.470809134496247
2.10308486902358	1.00651300528923
0.180315924045662	0.0478066702574292
1.37543780329452	0.488077804570456
2.29518048423906	1.54605203841127
1.88220184300502	1.2577689629757
1.42786579077379	0.667374734730439
2.38511814817332	1.28596893426868
-1.46754137571983	0.399241075338394
3.56221723512204	1.7544607898084
2.91488688463889	1.15100414083562
3.8331373619037	2.07194875327632
1.43584459208227	0.672317049856132
3.26608991492401	1.45573646702542
2.91771648568221	1.15252312484676
1.75477153749148	0.941610978387229
1.37558935632313	0.489060937437241
1.72665749194725	0.514015992250562
4.08344009598907	2.41579003840599
1.84006344617234	1.36201243476578
2.65861689116527	1.59804071001054
-0.132877825449274	0.0498065759483399
3.27620927747588	1.46151929297208
4.09055654961381	2.42422065615317
3.5806215145737	1.76713572499057
1.87583610788022	1.25198808902387
3.58484962097601	1.77085853613386
1.40576821535676	0.500196841629125
0.686121161394983	0.229450971069187
3.28331781088139	1.4653642289376
3.55150019255635	1.74586834583851
0.202198391670494	0.0436656035177294
2.08580086980484	1.53453095339949
2.45709514677168	0.843701380989689
3.83218329198527	2.0711829714689
1.07914588426441	0.432705181035229
1.44432765635914	0.677817255633125
2.89896851317136	1.14156400888801
2.70738257365268	2.17784171087011
2.30319191093962	1.55395044595901
1.07890679271251	0.432199101979189
2.45713066693921	0.844016359639868
3.55574281240124	1.74904562098681
-0.552335012199188	0.144678456612124
3.24909639235388	1.44424220972449
0.92003140509787	0.265333979478402
1.3801874459795	0.490172173913112
0.924519625006435	0.266522920108041
2.08687440913371	0.99641134159439
-0.635268295008166	0.219943635816782
2.25620426247053	1.50686822935075
2.09981111199539	1.00477269263545
4.07505074466954	2.40807780385221
3.25608093098774	1.44911407166836
1.36972296309591	0.486388383733701
2.91488688463889	1.15100414083562
4.08300749246477	2.41535027729782
1.10624442538444	0.444494264348213
1.08030250975799	0.432881168684357
2.50617604595463	2.23247886999583
2.91771648568221	1.15252312484676
-0.284672165916858	0.0851588772871711
2.40065317079554	1.29756649135561
1.40576821535676	0.500196841629125
0.182327940194625	0.0482741151528399
2.45442904372326	0.842929862158112
2.44567166971443	0.839453219846175
1.42315254521834	0.66490424869045
2.38782116952595	1.28787743518612
-0.549588025379477	0.144138904810768
-0.29578813560486	0.0882116684839374
2.92158168883162	1.15406672838897
0.208088282973525	0.044554233682967
2.67172649801974	1.60933557440497
2.09854407465172	1.00363736255297
-0.553958654260902	0.145182611160989
3.56649069111218	1.75758098854351
1.13109370223767	0.652337233421863
0.753334026509795	0.332567957309003
1.38725996190371	0.493134041662893
1.39556294187099	0.496135793832498
0.915318019020568	0.263922623604752
2.0904766040442	0.998607707037486
3.28636755859253	1.46779915363749
1.78524244450656	0.746257243906127
1.00604020034997	0.455404897792198
2.11140922487029	1.01161461685096
3.5806215145737	1.76713572499057
0.208088282973525	0.044554233682967
2.44567166971443	0.839453219846175
2.64834972928176	1.58919992465641
1.08473600195501	0.434986922849175
2.11786289876299	1.01599114275617
1.89653314124186	1.27195562278171
1.40274440558796	0.499243938315738
0.924519625006435	0.266522920108041
4.70973008739887	3.53153760334922
1.3801874459795	0.490172173913112
3.27016636624633	1.45724800636443
1.75401680153155	0.730971333941339
2.45713066693921	0.844016359639868
1.09050114756657	0.437461242160714
1.45421223785954	0.683206069696615
1.75985891990747	0.944473018270861
1.43755656456294	0.673099191026866
2.3126995666195	1.88015471727892
2.3899441417321	1.28925538494421
1.33700795741523	0.783873107757486
2.08349433855671	0.994041525827692
5.05435005329772	4.33576307976071
1.64299809423544	0.983994129775058
4.31714912526961	2.78254274465177
0.223516644771909	0.0707290322421764
0.910858892443621	0.262745945817241
1.7772657725191	0.742520128546194
2.92438485477444	1.156147471729
1.62841843060796	0.972781637880618
3.58052429827243	1.76820988967439
2.34344032757168	2.28098610542793
1.77147970267616	0.739537116514312
3.84883840733919	2.08433989062418
3.57726881742395	1.76601645158811
1.14262904876638	0.6616158762366
3.27619497272584	1.46229178166629
1.07878401387793	0.432142860294847
1.72664583622157	0.514027439791968
3.82548269471368	2.06552727960143
1.39971224002831	0.49785141353806
0.650175479369777	0.249153921781642
4.07065190990288	2.40248670652808
0.15609019572664	0.0549016596122568
2.91488688463889	1.15100414083562
-0.554009631260321	0.145198449870715
3.76716982907488	3.48961264122074
1.72664583622157	0.514027439791968
0.502184637975079	0.214214200490026
4.32916884792	2.79648379321718
2.43961622041387	0.836769184993985
4.31745830382905	2.78252366343807
4.05542332316618	2.38641842968591
2.45713066693921	0.844016359639868
3.40881089612634	2.72042442679518
1.78859173026655	0.7481219126883
3.5772212367167	1.76512071300624
1.08853277222926	0.43672577714773
1.4589604477533	0.685585157212695
2.45709514677168	0.843701380989689
3.13274901147294	2.2717463160067
1.39024877373414	0.49406930635718
3.84792904445834	2.08575030655064
1.9199394026612	1.29356748451287
1.35340187883658	0.712544929678819
2.3326400481296	1.90352977083158
1.87862789340825	1.2547499290036
3.81774587035387	2.05871471298175
1.76266616893112	0.735090202637704
1.09429844663075	0.439203594030748
3.14144898573469	2.28190278025147
-0.279103788614289	0.0836339313174652
-0.61980910686889	0.21438234201855
3.82548269471368	2.06552727960143
0.921824610399643	0.265755741469354
2.64116140952333	1.58140759075428
1.34702178900597	0.7079855141151
1.07526712720017	0.430388498097968
1.06823353884807	0.549522048934919
2.0904766040442	0.998607707037486
1.60255928475218	1.06205823539793
1.06730516979727	0.54873000967905
3.81774587035387	2.05871471298175
1.75891739239249	0.944808237441594
1.37720610089078	0.4890227456012
1.07914588426441	0.432705181035229
1.87644571487037	1.25334537042985
0.694482139777268	0.232235941341523
3.85499333045229	2.09034334977743
3.58383537604773	1.76983909623077
2.45446436525245	0.842916202981294
3.58484962097601	1.77085853613386
2.93124288294758	1.95379831417776
-1.46556636079729	0.39889055417079
0.246659544273628	0.0773031373217903
0.906151326926563	0.261259737108879
3.26608991492401	1.45573646702542
4.1023593752764	2.43614767033432
3.40824030563392	2.72064293933476
4.10213489587788	2.43538732466181
3.26608991492401	1.45573646702542
3.57726881742395	1.76601645158811
3.56644568989027	1.757536747449
1.06273715455353	0.546100892790214
3.84336233679819	2.08062906074275
2.52703527097311	1.87495684532623
2.91493124431159	1.15099278421732
1.75849729210017	0.733767671621258
1.75157325264744	0.72908452782451
4.09142647342471	2.42463087972306
3.14261721525331	2.28346356799423
2.08232066777183	0.993341385977143
0.674005105112151	0.225524318205216
4.31745830382905	2.78252366343807
2.08591591043052	0.995653239553386
3.56972479265114	1.76059839007616
2.30319191093962	1.55395044595901
2.45442904372326	0.842929862158112
1.72664583622157	0.514027439791968
2.91278692057114	1.93377635953658
0.180315924045662	0.0478066702574292
0.257854234066382	0.0804831961137261
2.91210871999862	1.14894462063688
-0.298243338342598	0.0888649209209968
3.1604342731431	2.30564953944731
2.04808282489981	1.24132960331351
4.73862318582019	3.57432071561466
3.55895493620897	1.75203607094021
2.07983324758503	0.992688936076852
1.80981680641098	1.32877516608547
2.63205080469959	1.57363101641293
0.910807770799633	0.262737230399533
2.72597042542292	2.20220014255971
0.667084594657874	0.256236793609392
0.157581581108027	0.0426992641424185
2.41128943840201	1.30538572881929
1.72350286783246	0.919164035730774
2.66325839106117	1.60207942277286
4.4932586209873	3.11165672653515
2.43961622041387	0.836769184993985
1.33328227184265	0.698709076612898
1.43295820650111	0.671091606897259
3.26610537788351	1.45572874939348
2.11356539200158	1.01282305364808
1.38545837834875	0.492219504116298
1.72402871819241	0.513373825324747
2.44567166971443	0.839453219846175
0.915267467236802	0.263914073443303
4.0823582807583	2.41484747530459
2.92434064150852	1.15557468669485
2.04508553582646	1.23845217752318
3.57291820734226	1.76095245319853
3.17520000782578	2.32318262933207
3.58153645636038	1.76739120162114
3.59150016787306	1.77529358399248
0.202198391670494	0.0436656035177294
1.40276034595944	0.499015152970679
3.57726881742395	1.76601645158811
4.05863113487634	2.38890319455768
2.91488688463889	1.15100414083562
1.38547624122001	0.492221548058075
1.36574361139465	0.720415936734867
0.917296314805694	0.264562429003048
2.11515227501584	1.56809721558828
2.44834859745442	0.840528199577986
-2.20131061198549	0.675574843790802
0.190551949951808	0.0501236937756434
2.40273087818515	1.29973100828309
2.45713066693921	0.844016359639868
3.85540772966821	2.09069754261606
2.39280238925833	1.29191966341184
1.72665749194725	0.514015992250562
1.77388619361697	0.741131703530167
4.54104146006764	3.17725144672017
2.45442904372326	0.842929862158112
0.917296314805694	0.264562429003048
1.75445169789794	0.941773442198366
2.67107096333363	1.60990725743811
2.45709514677168	0.843701380989689
3.27921340058014	1.46335938453018
2.09171472149403	0.999275811644764
1.78179200304995	0.744678169302807
-0.549638443779565	0.144154566527545
3.27016636624633	1.45724800636443
2.91776082824986	1.15193094411066
1.40575275971062	0.49988083524423
-0.279103788614289	0.0836339313174652
1.75490047147113	0.942068057401716
1.05568468298334	0.541448692326202
1.39739858612762	0.496934278756061
0.51465818519258	0.219631023568365
0.899765603237419	0.260024823460973
1.78179200304995	0.744678169302807
0.910807770799633	0.262737230399533
2.45716616852698	0.843674766141773
1.06137676746378	0.424207182069452
2.92438485477444	1.156147471729
2.45713066693921	0.844016359639868
2.65419439235457	1.59398879310137
4.29768280126282	2.75781238154611
4.50497453310253	3.12861366994551
1.7660718355889	0.736843404138436
-1.0411155019997	0.334366938978704
0.659447121797904	0.252952229370645
1.39440834551693	0.49578059753911
1.03912942584789	0.473148914935258
2.3774533541414	1.27904313748579
2.90551789185603	1.14556900793857
1.72665749194725	0.514015992250562
2.91210871999862	1.14894462063688
1.7817391805359	0.745005111153672
0.250720037765366	0.0783528491205372
3.26608991492401	1.45573646702542
2.45713066693921	0.844016359639868
2.2899106532392	1.54071944052499
0.723421436915675	0.317576746588968
0.828492872397668	0.413842555112566
1.82200742328765	1.34379495041195
0.924519625006435	0.266522920108041
0.724420903349204	0.317885408943755
3.56967891771929	1.75970398327778
1.05904170564614	0.42278740114866
2.92752104949364	1.94992273932419
3.84349635584644	2.08107201403732
3.27618071303355	1.46153655074
4.09164605038912	2.42393299836472
0.529379295067128	0.226606335824907
2.2722129569215	1.52299603837312
3.2833312885705	1.46611990793056
3.35478452667746	2.64917806647843
1.75157325264744	0.72908452782451
2.91488688463889	1.15100414083562
2.90832288894759	1.14706883442003
2.53627283837905	1.88401943887137
3.83643897137894	2.07573852721349
2.92434064150852	1.15557468669485
0.208088282973525	0.044554233682967
2.65821754397914	1.5976728769329
0.658376177824388	0.252792136950076
0.919086224093982	0.264875597201778
0.222854860821066	0.0705755566040551
3.56649069111218	1.75758098854351
0.920082414250368	0.265252082233154
1.7772657725191	0.742520128546194
2.10542171964225	1.00780245647064
1.38280751378984	0.491432164348294
1.02144425585482	0.463741382555048
3.56321850271678	1.75430275733671
0.653383025399718	0.250726073024161
2.03984175366364	1.23437511411886
2.45442904372326	0.842929862158112
-1.05139365222271	0.337625068809831
3.56205071344027	3.0468898493657
2.69871995835231	1.63449674140129
0.69790279773561	0.233397477907166
1.02080700210813	0.463504064275932
-1.05778778260541	0.340151551701162
2.92205827046756	1.94386759843246
1.72402871819241	0.513373825324747
0.167241394854245	0.0588918902602286
1.43227090562504	0.670272548642454
1.38545837834875	0.492219504116298
2.92719523940039	1.15711191350553
2.38889726884007	1.2884501790296
0.915267467236802	0.263914073443303
3.39518810265808	2.70325425975065
2.65861689116527	1.59804071001054
3.85159560405925	2.08890747138194
2.67562279280059	1.61414206297018
0.659233300414323	0.252864175791814
1.71838037692335	0.512092496146657
2.10568048526768	1.0085784085268
2.09994091959323	1.00424020636326
1.6145128042059	1.07225177095146
0.648740963021142	0.248674017077133
-0.324739062677297	0.0960191293595516
2.70209963215546	1.63761517472173
-0.66096156329965	0.228952004269984
0.36484913174171	0.133955895259166
3.57401945763771	1.76275547531171
0.912597447073333	0.263157043298413
-0.290032048885366	0.102099138945123
1.39556294187099	0.496135793832498
1.73297831887645	0.925698526944301
1.64457426120866	0.985241861643038
2.09035178211931	0.998526967079187
2.93124288294758	1.95379831417776
1.05909356086214	0.423001957478229
2.10204478260656	1.00634877322488
0.195880525766074	0.0426453207559659
5.66522176278933	6.5585733472022
1.09062725718876	0.437713933028082
-2.21257221902061	0.680354097619789
0.160524925031793	0.0564488511715518
0.180096977611431	0.0477470127508601
2.08234354012844	0.993536617280729
0.208130289751052	0.0445612068776082
3.27619497272584	1.46229178166629
1.64740834326766	0.98734062998781
2.91767215080868	1.15195328733466
1.10267786154203	0.442849067963569
3.56226151463511	1.75365296814151
1.40274440558796	0.499243938315738
2.04113204464171	1.23607756987918
1.7772657725191	0.742520128546194
1.74579979567988	0.935242340465103
1.02543746055649	0.465890371859252
3.58057285984422	1.76825339260171
2.66693370999007	1.60561676223224
2.09396320894315	1.0011830226404
3.27316965466308	1.45987901225535
0.686487174778602	0.22957980027577
2.4483134540998	0.840541819013097
4.2962490707218	2.75606240820981
2.44834859745442	0.840528199577986
1.09886001598825	0.44140397862876
3.27620927747588	1.46151929297208
3.27619497272584	1.46229178166629
0.683053910239571	0.22846371401752
-0.302068390497158	0.0897869251519847
1.34174142760435	0.704384383579654
0.680819310444715	0.227748009463594
0.921774163847151	0.265747233383473
2.37288342094965	1.27591493703309
0.921774163847151	0.265747233383473
2.10581004156324	1.00804315738564
1.72665749194725	0.514015992250562
3.82113528346696	2.06170072700775
2.08687180288968	0.995840966043941
0.893327858309595	0.258137021796653
2.09482958587091	1.00134793705434
2.91776082824986	1.15193094411066
3.59139767495235	1.77520444357358
2.92723943457006	1.15710072897931
2.45442904372326	0.842929862158112
2.07860293876995	0.99125697461695
2.02635481511239	1.22341304186732
0.676998764732214	0.226587798211693
1.72664583622157	0.514027439791968
3.84426974922135	2.08147251945329
3.58822123662635	1.77222414369107
-0.292241074534301	0.103408636542802
3.2833312885705	1.46611990793056
0.666133301211789	0.222708402316138
1.75490047147113	0.942068057401716
1.39026582301669	0.494298341784791
-0.045801651774563	0.0153759545680933
0.688755278517132	0.230474449974642
-1.46556636079729	0.39889055417079
1.7147084772597	0.912872346013249
1.77251343303882	0.739859918824727
1.71838037692335	0.512092496146657
0.683042523889567	0.228414048266896
0.682598544233423	0.228483971119609
2.45442904372326	0.842929862158112
-0.304389922778657	0.0904940480963697
3.56221723512204	1.7544607898084
-0.619684656769187	0.214410448648317
-0.563224434073156	0.1470595732283
3.27921340058014	1.46335938453018
0.694482139777268	0.232235941341523
0.208088282973525	0.044554233682967
1.76266616893112	0.735090202637704
0.199660581380647	0.0433122758858595
1.7550845602152	0.941470534382231
-1.47559564657686	0.401361379112135
0.157139952367267	0.0557852400918935
3.28331781088139	1.4653642289376
1.77300580185987	0.740251172371262
1.74393376136045	0.725773790162244
2.3774533541414	1.27904313748579
-0.567097066778424	0.148548092076695
0.910807770799633	0.262737230399533
2.9399410510343	1.96325125327634
3.25608093098774	1.44911407166836
0.897578623663865	0.259675397379677
0.679191328030284	0.22724498722169
4.07837990089331	2.41021264874367
0.233097360284084	0.0731580454687324
0.69096870942265	0.231048868043151
-2.20131061198549	0.675574843790802
2.45446436525245	0.842916202981294
2.66670509968646	1.60599838482306
2.91210871999862	1.14894462063688
1.77666809784451	1.44078494755066
0.139712756957679	0.0493252946958275
3.26310413052701	1.45333946698961
2.09841704355149	1.00355500904501
3.57397276002055	1.76270999054685
0.52812761685711	0.252302441652875
0.685346954982678	0.229231600279827
2.92723943457006	1.15710072897931
0.666865508184623	0.256252881773582
1.43249253354555	0.670396702484728
1.01961248432344	0.46324302600969
2.44567166971443	0.839453219846175
4.55264436764815	3.19094031561784
0.674607750377633	0.225649879535187
1.33156307862057	0.697987145447565
0.686121161394983	0.229450971069187
1.04707198782752	0.5354970039082
4.49288545704991	3.11117103522142
1.75936939718485	0.944847976056609
1.7660718355889	0.736843404138436
2.45716616852698	0.843674766141773
1.07063938963435	0.428249111328309
2.67562279280059	1.61414206297018
1.38996231775011	0.494293477117778
4.32617063592759	2.79109844879803
2.68917291911337	1.62596374250577
1.43584459208227	0.672317049856132
2.91771648568221	1.15252312484676
2.45446436525245	0.842916202981294
3.12556416334168	2.26267709056418
-0.57158192855009	0.149583404745863
1.0344996906056	0.470809134496247
-0.55888165037327	0.146019049191659
1.73144077862705	0.925017840454022
2.67594905045853	1.61420586851953
2.92442907579133	1.15555204884472
1.40274440558796	0.499243938315738
1.39139260785154	0.494323319098175
-1.05874549579791	0.340517355461754
1.39559632674966	0.496139071198923
1.37543780329452	0.488077804570456
2.43961622041387	0.836769184993985
-0.562313153317888	0.147312602906664
0.908924422609946	0.262601169518593
1.06315828358792	0.546535418074905
1.41863823832524	0.662698801340283
4.10213489587788	2.43538732466181
1.76271459085892	0.735118738719892
0.245046716788478	0.0767139180875719
1.7772657725191	0.742520128546194
1.38545837834875	0.492219504116298
2.29857500581012	1.54892950811593
2.05717903194065	1.24881070519026
1.77046288364682	0.739085774074085
1.75504580266771	0.731106566261908
2.2917672685479	1.5427986220489
0.170706119580964	0.0456683037681393
1.78513490822613	0.746684677392543
0.658376177824388	0.252792136950076
0.2278746749917	0.0921700822065903
3.1387254258225	2.27891311617437
2.54887053619411	1.90030997800559
1.73952081122831	0.723475857850905
1.4289658546157	0.668429229083403
1.0825544293637	0.433671310884445
2.91771648568221	1.15252312484676
0.845430805595899	0.42356295924584
0.644083144845473	0.24698505086204
2.08591591043052	0.995653239553386
3.75034194713458	3.46234391872035
3.5483030024599	1.74351337995961
-1.84938412092576	0.83356226036139
0.172141930104414	0.0459762515619496
-0.623912429413464	0.216071538242249
1.38273372331617	0.491704116705521
0.924519625006435	0.266522920108041
2.90494710920253	1.92475406954443
1.39258193627448	0.495197582069264
0.686487174778602	0.22957980027577
1.43353329977211	0.670713487789622
1.0475009368336	0.41757002796003
2.45176958518949	0.841449769742287
0.92457006190404	0.266440401880801
-0.133067865167022	0.050179199986282
2.90551789185603	1.14556900793857
3.83984476003256	2.07857397651817
1.06581586534115	0.426910295656675
1.39556294187099	0.496135793832498
0.912597447073333	0.263157043298413
-1.46754137571983	0.399241075338394
0.670284257811326	0.257551280427745
1.02151806043174	0.463623462894146
1.13604539405175	0.656579399641561
1.07654286608265	0.431093031201469
0.897578623663865	0.259675397379677
1.0556646700484	0.421702481443309
1.02574270267603	0.465866013957478
1.7629656340286	0.735506719174566
-0.305505227904092	0.0907462943740742
1.3519663970299	0.711601776205047
0.646664355085335	0.247560855118348
2.06711269700787	0.983555845151092
1.43204634652632	0.67012514642477
-0.875923273367918	0.339000250819325
3.25608093098774	1.44911407166836
0.756919055493727	0.334243075990448
1.35654002034347	0.71445280370347
3.27919957863163	1.46232569188403
1.38248601554662	0.491066536373935
3.56644568989027	1.757536747449
2.10217307290226	1.00597885790096
1.8720167050827	1.24854689844279
0.651402258053703	0.217908929076761
4.09142647342471	2.42463087972306
0.656132093562383	0.251787292403366
1.73685969686651	0.928759931275441
1.7772138808229	0.74200364184831
3.26909842045239	1.45753652807612
0.691018322596608	0.231067203856998
2.66725579319603	1.60648019639353
1.45562825023331	0.683888061943807
0.747504210277346	0.329373200565677
0.231066157978782	0.0726082284444526
3.84453748990437	2.08172146404308
1.72664583622157	0.514027439791968
1.32051207610554	0.690444491854136
3.26608991492401	1.45573646702542
1.39256483421105	0.495195831360944
2.92434064150852	1.15557468669485
-1.48036509444371	0.402677323712302
1.3726881258282	0.487534212258015
1.77388619361697	0.741131703530167
3.57726881742395	1.76601645158811
2.90551789185603	1.14556900793857
0.917296314805694	0.264562429003048
-2.71366037927859	0.963507235303924
2.09854407465172	1.00363736255297
4.05863113487634	2.38890319455768
1.07095157017984	0.428818473386194
1.08343277449304	0.43405914409849
2.91767215080868	1.15195328733466
2.92723943457006	1.15710072897931
-1.04113486477337	0.334376496819243
0.921774163847151	0.265747233383473
-2.69742047364421	0.954793958704405
0.167714996663192	0.0449834543600603
0.199660581380647	0.0433122758858595
1.40272851054165	0.499012480580187
3.57731649091494	1.7652097714823
4.10616380529363	2.43904415111522
3.56217304695275	1.75356860451488
-0.284718425050904	0.0851722059912993
1.43545707371972	0.67267576336276
1.38277622260188	0.491429562364001
3.5746901379759	3.06675497359503
0.671878706897323	0.258175869749356
3.26608991492401	1.45573646702542
1.41311981982628	0.659305784082995
1.34875299502842	0.793050260597089
2.92153744995923	1.15407818465564
4.53740241833397	3.17107767090169
1.4057837164765	0.50019805265816
1.77393728942937	0.74080523066272
2.92153744995923	1.15407818465564
3.85173237948387	2.0886994165507
2.68916605030663	1.62632555807654
1.10267786154203	0.442849067963569
0.236760388577432	0.0742695453338153
2.63223455829936	2.52162946063238
3.85145897004368	2.08846222772018
1.37270495641498	0.487535927805456
-2.20131061198549	0.675574843790802
2.44567166971443	0.839453219846175
4.32045289472532	2.78557970264792
4.72328417685507	3.54962568059413
-1.43054486240372	0.533466649958931
4.07151042248906	2.40332242395071
4.06711751953434	2.39865212442176
0.390734669749471	0.143918518049851
2.91198714182349	1.93300041518421
0.187534552195979	0.0494421831048262
0.128712135829876	0.0458400583793303
3.28636755859253	1.46779915363749
-1.04623082826136	0.336174901762473
1.75492200401451	0.941655819311219
1.87049435830053	1.24734760031793
1.39258193627448	0.495197582069264
3.28334481162405	1.46534615851461
2.27487186240137	1.52607178245178
-1.46754137571983	0.399241075338394
-2.21257221902061	0.680354097619789
3.82113528346696	2.06170072700775
2.40712339786196	1.30251085753805
3.57401945763771	1.76275547531171
-0.320754812678082	0.0947987429434335
3.58057285984422	1.76825339260171
0.722300022132538	0.31687429850319
-2.70937242333718	0.961490597147355
1.71838037692335	0.512092496146657
1.08866050398271	0.436518079189461
0.145347812255506	0.0516589344674627
-0.86660412424301	0.335276994129667
1.75523548243939	0.942164259643862
0.236638685464468	0.074232976377494
1.56237250607383	1.13150641076512
3.5806215145737	1.76713572499057
0.912597447073333	0.263157043298413
0.208088282973525	0.044554233682967
2.45713066693921	0.844016359639868
1.05945582057502	0.423365737527187
1.01220074039773	0.458567661224701
3.25906560847611	1.45089113400716
2.41498442054321	1.30869054133799
4.28824877484327	2.7467871408357
1.03874535676648	0.47307606038338
3.27922726773361	1.4633502643727
2.91771648568221	1.15252312484676
0.921824610399643	0.265755741469354
0.208130289751052	0.0445612068776082
1.71838037692335	0.512092496146657
4.49279618537885	3.1095600678532
-0.28685715168568	0.085721358799069
1.78524244450656	0.746257243906127
0.234181565975846	0.0734295728679185
1.75849729210017	0.733767671621258
0.673995039992328	0.225358656301781
-0.290264244922464	0.086664393151335
-3.07139247283292	1.23058533678423
1.76810514306125	0.7381530283959
3.26610537788351	1.45572874939348
2.90832288894759	1.14706883442003
1.39972857201292	0.49785287169011
3.27016636624633	1.45724800636443
2.91488688463889	1.15100414083562
-0.620258260671896	0.214714395462422
1.39256483421105	0.495195831360944
1.44271173475533	0.676117492547363
0.195880525766074	0.0426453207559659
1.07878401387793	0.432142860294847
3.85145897004368	2.08846222772018
1.0173018416645	0.461879011709572
-0.562262366874053	0.147296690051847
1.38280751378984	0.491432164348294
1.74386805742768	0.724791639516812
0.193364634888779	0.0422782569669119
2.90551789185603	1.14556900793857
-0.581820977107274	0.239390920458936
1.38248601554662	0.491066536373935
0.901720616063008	0.260095467165507
3.8144768626855	2.05520542791873
2.90827841061733	1.14708003600027
1.73849079842378	1.54617397283724
1.3389426882518	0.702815079846398
0.164712869579257	0.0443121871062313
1.76271459085892	0.735118738719892
1.39556294187099	0.496135793832498
1.38692346903873	0.49313742565214
3.35307169517655	2.64593405530635
1.39971224002831	0.49785141353806
3.55899825992108	1.75207908437113
3.27316965466308	1.45987901225535
-0.286974240436354	0.0857853046400139
0.915267467236802	0.263914073443303
1.39741486104157	0.497164782563706
2.39246058058387	1.29172180294248
1.42000645133518	0.663928396763921
2.27268945502307	1.52298074197448
0.230944205617289	0.0725716910717296
3.27922726773361	1.4633502643727
2.92153744995923	1.15407818465564
0.673395041911489	0.225301809305651
1.37858284206097	0.489996603091807
4.33823922258223	2.80585915031137
3.55574281240124	1.74904562098681
2.45176958518949	0.841449769742287
0.674062403461265	0.225545090105427
2.90832288894759	1.14706883442003
3.28636755859253	1.46779915363749
1.31909482832917	0.689481172391772
0.998901782390111	0.451439254621666
3.55574281240124	1.74904562098681
0.190551949951808	0.0501236937756434
0.686121161394983	0.229450971069187
2.10204478260656	1.00634877322488
0.160505292207515	0.0433777347361025
0.644636990063255	0.215797670724721
0.999329031783903	0.451464713840346
1.76266616893112	0.735090202637704
-1.47559564657686	0.401361379112135
2.35856718227095	1.2647806442888
1.4025397317141	0.652700086349882
2.91771648568221	1.15252312484676
1.43397196584569	0.670964319817609
0.749252515989337	0.330515198562903
1.75930949732091	0.944399859627728
2.44567166971443	0.839453219846175
0.921824610399643	0.265755741469354
3.55899825992108	1.75207908437113
2.38390973418432	1.28508530849282
2.45709514677168	0.843701380989689
1.05879770441533	0.5433586048328
2.90807789775917	1.92964450069989
-0.562313153317888	0.147312602906664
0.199660581380647	0.0433122758858595
1.72665749194725	0.514015992250562
2.90551789185603	1.14556900793857
1.38545837834875	0.492219504116298
2.45709514677168	0.843701380989689
3.57731649091494	1.7652097714823
1.00760456844882	0.456293012947051
-1.05778778260541	0.340151551701162
1.8267666120971	1.34839391533794
1.05212509863096	0.480183203295823
1.07302139668997	0.429679533268468
2.44834859745442	0.840528199577986
0.227942986330254	0.0718847512363155
2.39408016580545	1.29253918958529
4.28824877484327	2.7467871408357
0.675202385974488	0.225674647305293
0.175124314973247	0.046645304856595
1.40272851054165	0.499012480580187
1.71838037692335	0.512092496146657
0.921824610399643	0.265755741469354
0.205561737379768	0.0441838774146192
1.0263356174166	0.465956503953701
-1.0411155019997	0.334366938978704
3.84792904445834	2.08575030655064
1.72664583622157	0.514027439791968
3.27619497272584	1.46229178166629
1.77589679622546	0.741628644575613
1.74550920114326	0.935003275405439
1.01663730718252	0.461189486022327
0.180315924045662	0.0478066702574292
-2.20131061198549	0.675574843790802
2.09184229239853	0.998743722047531
0.893327858309595	0.258137021796653
2.45709514677168	0.843701380989689
2.02298597324799	1.21986264237927
0.239403305751306	0.0751465921929683
0.675156152037975	0.22565754625012
1.41396829322163	0.659534133149141
3.27316965466308	1.45987901225535
0.199660581380647	0.0433122758858595
-0.573636592119022	0.236792888030082
0.240308569886204	0.075322617624464
0.204756590717357	0.0440408052662146
-0.317386699652079	0.0939448727160803
0.906151326926563	0.261259737108879
-0.297745227366455	0.088703707435214
2.08244330412006	0.993420529815253
2.4483134540998	0.840541819013097
1.41098592597843	0.657899538442011
0.156598227234253	0.0424925084569014
1.77388619361697	0.741131703530167
3.27318434966019	1.45987088217078
0.915267467236802	0.263914073443303
1.71838037692335	0.512092496146657
2.91767215080868	1.15195328733466
2.40665218131254	1.30287266862572
2.45446436525245	0.842916202981294
1.08476135752834	0.435037051086755
0.902476879033505	0.260785195270642
2.91488688463889	1.15100414083562
-2.69742047364421	0.954793958704405
2.41894783700275	1.31163586845903
1.03355195146288	0.527241197619533
1.7496963490873	0.937978031892547
2.45442904372326	0.842929862158112
2.44567166971443	0.839453219846175
0.208130289751052	0.0445612068776082
2.4483134540998	0.840541819013097
1.38248601554662	0.491066536373935
2.02778071869745	1.22428291532693
2.04068777257254	1.23579083654217
1.73267428564054	0.925482975996102
-1.47559564657686	0.401361379112135
-0.0666470238340627	0.0210439557787972
-0.282559343150603	0.0845547776661205
-1.05357102754035	0.33871174915923
0.187516582106475	0.0494383766804619
2.92442907579133	1.15555204884472
1.37720610089078	0.4890227456012
1.41595240351364	0.660692101003323
2.91493124431159	1.15099278421732
3.33018755224993	2.61486187755006
1.38547624122001	0.492221548058075
0.921824610399643	0.265755741469354
3.85604481120902	2.09231018228321
1.75157325264744	0.72908452782451
1.35776691723892	0.715655257058339
1.71838037692335	0.512092496146657
3.26909842045239	1.45753652807612
0.246481161999589	0.0771634661945538
1.44131040633982	0.675807736270201
1.08168372829929	0.433597904360039
1.36981019113186	0.723518280892524
-2.20131061198549	0.675574843790802
0.924519625006435	0.266522920108041
0.653127654992872	0.250722339741329
-0.303882869036504	0.0903675867143855
1.77834989961593	0.742872639612994
-0.305505227904092	0.0907462943740742
0.195923847427482	0.042652530602415
0.180334652339367	0.0478106473797875
2.44567166971443	0.839453219846175
2.09617622581542	1.00254769667221
1.73297831887645	0.925698526944301
2.43961622041387	0.836769184993985
1.72402871819241	0.513373825324747
0.908148649268101	0.26198445808125
3.5483030024599	1.74351337995961
2.40661258694104	1.30180053287221
3.18557756603262	2.33499726420532
3.27922726773361	1.4633502643727
0.187534552195979	0.0494421831048262
2.90551789185603	1.14556900793857
2.0491139080847	1.24240331006256
2.39408016580545	1.29253918958529
1.37558935632313	0.489060937437241
1.77388619361697	0.741131703530167
2.38511814817332	1.28596893426868
1.72664583622157	0.514027439791968
2.91493124431159	1.15099278421732
1.35191422842833	0.711183334344786
1.37543780329452	0.488077804570456
0.167714996663192	0.0449834543600603
1.38248601554662	0.491066536373935
1.61864541653074	0.964374320297594
0.229061209487742	0.0721195903939181
3.26310413052701	1.45333946698961
4.09456303348643	2.4267365042749
1.7377513406429	0.928782405766794
-1.86143792916573	0.837971472396319
2.44567166971443	0.839453219846175
0.221727556432281	0.069957976083727
1.07526712720017	0.430388498097968
0.185336229200483	0.0489521954549182
-1.46754137571983	0.399241075338394
-0.284031134758275	0.100199302545431
2.44567166971443	0.839453219846175
1.38280751378984	0.491432164348294
0.205561737379768	0.0441838774146192
0.205561737379768	0.0441838774146192
0.20471393630254	0.0440337263228802
1.39556294187099	0.496135793832498
-0.620238466663605	0.214851762811727
-0.295880197345322	0.0881535716345013
3.5483030024599	1.74351337995961
2.90950229377963	1.93147688886953
1.39258193627448	0.495197582069264
0.717564532586365	0.314806467759709
1.12510491803575	0.648114453288381
0.662809315841008	0.254477784106707
-0.632183976563046	0.219033211637202
2.92438485477444	1.156147471729
4.29714818569543	2.75704579246906
0.14166254922689	0.0505535925766324
1.77388619361697	0.741131703530167
1.09296502780366	0.438667144027759
0.667973299835533	0.223589390189493
1.0803302357243	0.557098744259214
-0.567585807840995	0.148008276225078
0.213055442536834	0.0674913120547697
1.77731775736724	0.742549867568003
-0.649478072725531	0.224816678290038
2.4021399878559	1.2986419358101
1.77046288364682	0.739085774074085
1.00604020034997	0.455404897792198
-0.620969894100123	0.215116746351169
3.26908338806269	1.45678296110119
-0.55888165037327	0.146019049191659
3.3784050609003	2.68094209258997
1.42995310156073	0.668663911451575
1.76266616893112	0.735090202637704
0.199660581380647	0.0433122758858595
1.75689874560971	0.732131283191921
1.07890679271251	0.432199101979189
1.3726881258282	0.487534212258015
0.921774163847151	0.265747233383473
-2.20131061198549	0.675574843790802
0.383066565516813	0.140783394376571
-1.46556636079729	0.39889055417079
1.42063678151242	0.66318578976581
3.28942439006547	1.46887958363091
2.44567166971443	0.839453219846175
1.39258193627448	0.495197582069264
4.08322370877243	2.41649245698285
0.205561737379768	0.0441838774146192
-0.552335012199188	0.144678456612124
2.27285114654353	1.52319634191614
-0.279150056929458	0.0836472229614302
1.72812339443463	0.922452477054452
0.669501572235949	0.223838569535414
0.167697313889314	0.0449797086311484
1.07927570453139	0.432571298716309
2.76558907435991	2.25453741435909
2.45709514677168	0.843701380989689
1.33731238646955	0.701634083652426
2.91488688463889	1.15100414083562
2.90551789185603	1.14556900793857
-1.46556636079729	0.39889055417079
-0.566710995629722	0.148320946109448
1.07465626391835	0.553223571920011
1.39557961180183	0.496365775816694
2.94446062208542	1.96784556853725
3.55154185738699	1.74591014244481
-0.580004714366196	0.151748487118874
0.658154660844817	0.252700992521472
0.683090437699776	0.228431766982679
1.4386770711553	0.673724133932633
-1.03875056143845	0.439811368537925
1.06500222939883	0.425941442077716
2.67139862511301	1.60997263552063
1.37978528414721	0.490494430759015
0.252305197135391	0.0788767548277925
1.75689874560971	0.732131283191921
2.05913219713652	0.978398266858088
1.42000645133518	0.663928396763921
0.910858892443621	0.262745945817241
2.40190588875708	1.29866235203473
-1.3889460990053	0.515983166935664
0.177324465825582	0.0471342222202081
0.177916426070479	0.0472813074926094
4.10749578126286	2.43935098454865
2.00861472445565	1.2073046484866
0.537881826645363	0.229932834462946
1.3929641025393	0.495468277921747
3.55895493620897	1.75203607094021
1.10241852597439	0.44300069869777
2.09035178211931	0.998526967079187
2.45442904372326	0.842929862158112
-0.319071654216552	0.0944868483308013
0.169600196242023	0.0454065550737327
1.73685969686651	0.928759931275441
0.159535760250269	0.0562365394769058
-0.563224434073156	0.1470595732283
2.09408927735694	1.00081261564385
1.38547624122001	0.492221548058075
0.736234305515729	0.32436083863993
0.208088282973525	0.044554233682967
-0.589272165817044	0.1536452053956
1.44107562091579	0.675674611029786
1.75845851337505	0.733234957019094
1.45987799653319	0.686259769027042
2.4483134540998	0.840541819013097
0.246104130605166	0.0769660138150043
0.152436621325233	0.0536897074593266
1.07107915582312	0.428685124614679
2.90551789185603	1.14556900793857
1.73193125967333	0.925252442347234
2.92438485477444	1.156147471729
1.7407446933573	0.931220953851419
2.10204478260656	1.00634877322488
2.45446436525245	0.842916202981294
1.66035658653035	0.997562370251335
2.39881352463624	1.29599504142266
3.28638063920881	1.46778961483254
2.92723943457006	1.15710072897931
1.74610926866454	0.935099837046173
-0.308978324329468	0.0917900248118583
3.56644568989027	1.757536747449
1.00829869221336	0.456324920608846
1.75000758136842	0.938188625655552
0.896388520341946	0.499674503866671
1.39559632674966	0.496139071198923
4.10593750002346	2.43862331948692
3.8144768626855	2.05520542791873
3.8399774426495	2.07869138541729
1.73953356091327	0.723250406310303
-0.305881318748614	0.108256434278209
1.42389157344334	0.665734056026918
1.75849729210017	0.733767671621258
4.31684015889144	2.78187001547874
2.91493124431159	1.15099278421732
2.66152158857203	1.60184788292481
0.924469195483338	0.266423091240108
0.921824610399643	0.265755741469354
3.56649069111218	1.75758098854351
1.38016920470379	0.490169965758878
-1.0513489862808	0.337847138889591
2.65450004020957	1.59426527563713
4.06669747864551	2.3982264284716
3.5772212367167	1.76512071300624
3.10073375850025	2.95531556622649
3.56972479265114	1.76059839007616
2.08591591043052	0.995653239553386
1.7407446933573	0.931220953851419
1.08030250975799	0.432881168684357
1.72664583622157	0.514027439791968
1.77829806424928	0.742842282455695
2.13253581566449	1.58657645287254
1.72402871819241	0.513373825324747
2.38511814817332	1.28596893426868
1.39557961180183	0.496365775816694
2.0343023122833	1.22945665336297
0.225349407079631	0.0709239997000896
0.551971756720826	0.236459407959769
0.686487174778602	0.22957980027577
-0.552335012199188	0.144678456612124
3.83655874756984	2.07494832850428
2.44567166971443	0.839453219846175
0.921774163847151	0.265747233383473
1.77661054211775	0.957082685688756
1.01212575818316	0.458546856487012
1.4589604477533	0.685585157212695
2.1073977509554	1.00967917942659
1.63110314598024	0.974447734808977
0.737818504177361	0.324911656105356
1.03415789964091	0.527294144607753
1.3726881258282	0.487534212258015
3.27316965466308	1.45987901225535
0.998345790088949	0.451483929637172
1.42868079716688	0.66813775534074
-1.46556636079729	0.39889055417079
0.24243225341768	0.0759022527916872
0.73244989600304	0.322340774612908
3.588170845786	1.77334019029816
2.04065315746236	1.23467795648729
1.39971224002831	0.49785141353806
-1.64235923294463	0.679615321390789
0.662609424003525	0.221654967360401
2.28381530914321	1.53467455600437
0.155385723124731	0.0551787231321429
-0.058752196530869	0.019096296674455
3.84363051497512	2.08086183870666
1.76272652434353	0.947276618022484
1.3865841001073	0.908045922717854
-0.292138568319893	0.103059828813853
0.187516582106475	0.0494383766804619
2.45442904372326	0.842929862158112
1.75490758178519	0.730788790484642
3.14823380419332	2.29093097821739
2.90827841061733	1.14708003600027
0.54647356400329	0.234093760863079
3.56649069111218	1.75758098854351
1.01314285699821	0.459429495469004
2.92794299955178	1.94923940362071
-0.554009631260321	0.145198449870715
3.5483030024599	1.74351337995961
3.56846505311784	3.05638072125939
2.44567166971443	0.839453219846175
0.225265061354041	0.0710251442631123
0.639583382992998	0.245190490849666
0.640567623844556	0.245334539641285
0.683090437699776	0.228431766982679
2.39881352463624	1.29599504142266
-0.571538969396222	0.149182553096798
0.548857751841485	0.235200008006454
2.02617058650003	1.2227686453884
1.45076081053421	0.680743860904347
2.91210871999862	1.14894462063688
2.08232066777183	0.993341385977143
2.45442904372326	0.842929862158112
3.27618071303355	1.46153655074
1.01757277049201	0.642377311839466
1.09429844663075	0.439203594030748
1.32537976587404	0.693769104571471
3.5483030024599	1.74351337995961
1.62132635046872	0.966690094650305
2.28066225011154	1.53092138914375
3.13968058441235	2.28001736977642
1.74068177442721	0.931438248462499
-0.301428510472253	0.0897422711630161
0.345976224016129	0.127028380219384
1.39256483421105	0.495195831360944
1.05627095978734	0.422060593772365
2.39384947900438	1.29288498375225
3.25608093098774	1.44911407166836
1.41726659844458	0.660960101131576
2.10919347211913	1.01040883592747
1.36614776126441	0.806615131716099
2.07087125864236	0.985611875361845
1.61934408152195	0.965283485997201
1.36848583421808	0.808085126798907
2.50895299538165	1.85193561563728
-0.481694037623306	0.186237947662873
0.20471393630254	0.0440337263228802
1.37978528414721	0.490494430759015
3.58057285984422	1.76825339260171
1.35157702706266	0.795343038592911
3.54798176293118	3.02540982898047
0.480238962621712	0.422243062826667
2.37288342094965	1.27591493703309
1.62268656329652	0.967921794088982
0.225443136264602	0.0907738273592742
2.89730673357692	2.52951506406902
3.56972479265114	1.76059839007616
0.662157833194385	0.22164815477733
3.26610537788351	1.45572874939348
0.98144183232128	0.442281801703467
1.39972857201292	0.49785287169011
0.692273164594823	0.231440421288289
0.697799930251642	0.233225630493462
1.43397196584569	0.670964319817609
-0.0748858623306601	0.0234591654875846
1.00348389677134	0.454257906265638
1.44154536296086	0.675554700929207
2.11180074990062	1.01206853388113
0.734004247802872	0.323033581084973
1.76612122420627	0.736517957467052
2.92719523940039	1.15711191350553
0.37675855146546	0.138798396325986
-1.86668534261552	0.842420697951641
2.50830868769238	2.23302946364863
0.160505292207515	0.0433777347361025
2.45713066693921	0.844016359639868
2.42788937814916	1.31838807380797
1.44119624075019	0.675657203855335
2.91488688463889	1.15100414083562
0.505554538190017	0.215382962852419
0.667196531947629	0.223242301549756
0.908148649268101	0.26198445808125
1.37858284206097	0.489996603091807
1.38545837834875	0.492219504116298
0.195880525766074	0.0426453207559659
1.38273372331617	0.491704116705521
2.10204478260656	1.00634877322488
3.35285122368355	2.64635207518064
2.08591591043052	0.995653239553386
0.667920601709208	0.223570234424993
1.00650640876182	0.456304746004385
1.75689874560971	0.732131283191921
0.666646574449056	0.256056818944857
1.67403094588291	1.00872061348352
1.03884135466294	0.414025355154659
1.3929641025393	0.495468277921747
0.190695010497311	0.0418340508511931
1.42868079716688	0.66813775534074
-0.471383375454849	0.180866402699308
-0.613894847013505	0.212293132343354
-1.0615597697243	0.341093221319588
2.45446436525245	0.842916202981294
1.74105239452581	0.931428432461311
3.27318434966019	1.45987088217078
1.77247639873705	0.954254074255469
1.42787553371064	0.667827882891111
0.663385927314191	0.221879924565254
2.0904766040442	0.998607707037486
-0.292562777536825	0.0873256919566233
-1.42336384309457	0.531065517704682
0.675202385974488	0.225674647305293
1.72402871819241	0.513373825324747
0.897578623663865	0.259675397379677
0.187516582106475	0.0494383766804619
0.208130289751052	0.0445612068776082
0.663336852365455	0.221861994107979
2.07885463546249	0.990791062375455
-1.84167898638146	0.828457384833151
1.33770641093432	0.701636702425387
2.41128943840201	1.30538572881929
1.00829869221336	0.456324920608846
1.38248601554662	0.491066536373935
-0.141859507914597	0.0534557059299371
0.642448356806738	0.349577789150289
2.29628800424707	1.54695863613575
1.10957442400634	0.63697021520239
2.4483134540998	0.840541819013097
1.42239558059349	0.664278956336174
0.230992937256442	0.072671397672911
1.06033020180296	0.423748114372842
2.93124288294758	1.95379831417776
1.77694484013171	0.957308501907241
3.34032901944774	2.62908831208612
1.38279184561893	0.491656853905118
1.77388619361697	0.741131703530167
0.240308569886204	0.075322617624464
0.187534552195979	0.0494421831048262
-0.569836236427639	0.149089357519807
2.67655312268576	1.61408181986136
2.41975552459252	1.3128769110442
0.513584611494864	0.218615393948534
1.06316621058124	0.546412496302976
1.0542638608458	0.540650545420123
1.72664583622157	0.514027439791968
4.0475466982656	2.37737693998537
2.88983905312357	1.91006899387498
1.05245013115455	0.539156125710699
2.39384947900438	1.29288498375225
0.911711426533657	0.263290287954357
0.906151326926563	0.261259737108879
1.07890679271251	0.432199101979189
2.09184229239853	0.998743722047531
0.174906014150012	0.0466047565088505
3.56644568989027	1.757536747449
-0.265987422082918	0.0939724250690648
3.24909639235388	1.44424220972449
-0.0648418021546259	0.0207523864740824
3.57731649091494	1.7652097714823
2.65786743192087	1.59775909719382
1.75899450240854	0.944672611536847
4.30878129084206	2.77241283548224
2.92719523940039	1.15711191350553
1.75689874560971	0.732131283191921
3.25906560847611	1.45089113400716
1.76602253904652	0.736460561645212
-0.091661095064346	0.0283755452071973
0.915318019020568	0.263922623604752
1.78179200304995	0.744678169302807
0.649562586933	0.249141431140864
0.722300022132538	0.31687429850319
3.27921340058014	1.46335938453018
0.657566945912919	0.252328142176309
0.182327940194625	0.0482741151528399
1.72879825628199	0.922337542393182
1.44676087411095	0.678342614008555
1.38957458135007	0.493821378507415
2.09758253416694	1.00306881864091
0.739820123757366	0.325743243227705
0.673271036241017	0.258993321298042
-3.06142327849064	1.22511692748265
3.28028898843479	1.46347366776651
0.656666486137064	0.219704410170253
3.56644568989027	1.757536747449
1.05928751386563	0.42334152537139
3.82101997961139	2.06070719316983
1.77834989961593	0.742872639612994
2.90551789185603	1.14556900793857
0.175143411457113	0.0466493667011835
0.199660581380647	0.0433122758858595
3.79935699009225	2.04112943481132
0.924519625006435	0.266522920108041
2.92438485477444	1.156147471729
2.44834859745442	0.840528199577986
3.55895493620897	1.75203607094021
1.7817391805359	0.745005111153672
2.28162263920357	1.83873798161666
1.06501347747391	0.547376315718342
0.647211424541658	0.248256445179861
1.35961539382692	0.71642537001192
0.240308569886204	0.075322617624464
1.06565972063298	0.426648852450253
4.50146997241726	3.12256430313008
0.919086224093982	0.264875597201778
0.222869713972943	0.0702508404965994
2.66214505879504	1.60174645901959
3.28334481162405	1.46534615851461
1.39559632674966	0.496139071198923
3.82877106041862	2.06906516969353
1.75495432576142	0.730816424365007
2.45176958518949	0.841449769742287
1.43755656456294	0.673099191026866
0.165382299354935	0.0444677042987504
1.770513002613	0.73911521710779
0.672085675093466	0.258301788788476
3.27318434966019	1.45987088217078
1.60111945295339	1.06047473631068
1.38248601554662	0.491066536373935
2.43961622041387	0.836769184993985
3.84453748990437	2.08172146404308
3.1438539718284	2.28467996175018
2.09408927735694	1.00081261564385
-0.562313153317888	0.147312602906664
1.75379621476002	0.940832856290731
1.04342285990208	0.475332852827654
1.41974529476715	0.662928111593825
2.91493124431159	1.15099278421732
2.91488688463889	1.15100414083562
-0.562262366874053	0.147296690051847
-2.20131061198549	0.675574843790802
1.10613664741828	0.634121591620741
2.91776082824986	1.15193094411066
3.55150019255635	1.74586834583851
-0.303003710708446	0.105469132267483
1.44555554095769	0.677958384640391
1.34217953111556	0.868975246055805
1.35747179340779	0.715522334573025
0.24243225341768	0.0759022527916872
2.92153744995923	1.15407818465564
0.205561737379768	0.0441838774146192
1.39972857201292	0.49785287169011
0.915267467236802	0.263914073443303
3.27618071303355	1.46153655074
1.39028291728355	0.494072914686244
-1.46556636079729	0.39889055417079
3.28334481162405	1.46534615851461
2.45709514677168	0.843701380989689
1.40274440558796	0.499243938315738
1.7603487585302	0.733554579370929
1.02170884180908	0.463974920750922
3.56221723512204	1.7544607898084
3.27922726773361	1.4633502643727
1.76810514306125	0.7381530283959
-0.600830818395992	0.207843763746685
3.26610537788351	1.45572874939348
0.246104130605166	0.0769660138150043
2.4483134540998	0.840541819013097
0.672023592100324	0.328865976290718
-0.302117739358691	0.0898012155252206
0.48864010338651	0.207564769017345
0.552891381572306	0.237455395299841
-0.0515057021744695	0.0167843433991379
1.03537604818513	0.528509092434708
1.43521462571472	0.672538808777066
1.89438222928821	1.26933433609476
-0.62589967432719	0.216775524965041
-0.309391938072441	0.0916250764626502
2.90827841061733	1.14708003600027
0.15063697812048	0.0411697681850444
1.74386805742768	0.724791639516812
1.09429844663075	0.439203594030748
2.10339407521884	1.0073224301883
3.56967891771929	1.75970398327778
1.75401680153155	0.730971333941339
4.11108491198593	2.44420288508965
2.90827841061733	1.14708003600027
3.28331781088139	1.4653642289376
2.43961622041387	0.836769184993985
2.92959091696907	2.57953658632868
3.58388492388433	1.76957141259759
0.921774163847151	0.265747233383473
1.37443483670216	0.726892375727755
2.92719523940039	1.15711191350553
3.85264347285095	2.08811746900923
1.39972857201292	0.49785287169011
0.208130289751052	0.0445612068776082
0.172141930104414	0.0459762515619496
0.233097360284084	0.0731580454687324
1.37978528414721	0.490494430759015
1.09429844663075	0.439203594030748
3.27726801831673	1.46068966543948
0.912597447073333	0.263157043298413
1.76967284004497	0.739096866618545
2.24765280026411	1.49767089277185
2.43961622041387	0.836769184993985
0.242963698483695	0.0762314393760321
0.219983940678667	0.0694694099356224
0.915267467236802	0.263914073443303
2.28143976434262	1.53225404570887
2.22959832490546	1.47964310507002
1.08243041392435	0.433808481076357
0.358479315103813	0.131941298691216
-1.40535664263192	0.523201833324806
1.09050114756657	0.437461242160714
1.76266616893112	0.735090202637704
2.92719523940039	1.15711191350553
2.41581651584536	1.30970681186395
0.67960094868514	0.227208415863021
2.91210871999862	1.14894462063688
1.72402871819241	0.513373825324747
3.57301180618074	1.76219924411501
-0.0777804835431104	0.0245186142501051
0.893327858309595	0.258137021796653
0.180334652339367	0.0478106473797875
2.92129977262384	1.94256296363871
1.0907534809609	0.43757620666106
2.44567166971443	0.839453219846175
2.40249716044853	1.29903033864889
1.33874786544163	0.702781873213832
3.84792904445834	2.08575030655064
-0.076359290258795	0.0233796814292802
2.91493124431159	1.15099278421732
-1.46556636079729	0.39889055417079
2.40665218131254	1.30287266862572
0.924519625006435	0.266522920108041
1.4505252367256	0.680715491271584
-0.290032048885366	0.102099138945123
1.46341391232713	0.687956662330279
0.16990936756201	0.0454518217672499
-0.552335012199188	0.144678456612124
2.67159886991754	1.610521711017
3.56972479265114	1.76059839007616
2.09383725457669	1.00065411366166
0.351200184269135	0.129404176551599
2.66725579319603	1.60648019639353
0.234062289777695	0.0733937759263111
-1.64787661361403	0.682675038481065
3.5914488742797	1.77556029179753
-0.299272275568766	0.088909500942743
3.55150019255635	1.74586834583851
-0.0473179792267503	0.0157485026289672
0.214114052770545	0.0677903339911132
2.93045353706313	1.953589689792
2.90551789185603	1.14556900793857
0.208130289751052	0.0445612068776082
-1.6679234383906	0.692581499994162
1.07272685870449	0.429711556197851
2.09841704355149	1.00355500904501
4.10258403023496	2.43635665098071
2.401671961519	1.29830101712471
2.91493124431159	1.15099278421732
4.08322370877243	2.41649245698285
2.27931658061325	1.53030901000624
1.75477975408674	0.941512681992842
3.27316965466308	1.45987901225535
0.73596452925065	0.324034337249773
3.81786006711318	2.05881896391186
2.00493493366693	1.2049003798349
2.27268945502307	1.52298074197448
-0.0625801216561574	0.0202003096297817
2.00008763787566	1.61713730301006
1.76805416025174	0.737769143612369
0.172141930104414	0.0459762515619496
2.92434064150852	1.15557468669485
0.737940938774248	0.324717181183016
2.92438485477444	1.156147471729
1.06586935447255	0.547685914240051
1.02382273298994	0.521423344459215
2.90827841061733	1.14708003600027
0.847666086116053	0.425085074445439
0.639583382992998	0.245190490849666
0.196315155888877	0.0427978646049216
0.921824610399643	0.265755741469354
0.378123792997024	0.139323967654421
0.694381051215851	0.232198533859577
-0.0714190009700818	0.0227613999535243
2.44567166971443	0.839453219846175
2.63677479850228	1.57798269649161
-3.06639739603196	1.22806237039513
-0.281260235296569	0.0842171949240455
2.6902864971782	1.62624728630712
4.30127787651969	2.76337475638543
2.0904766040442	0.998607707037486
4.30157940868416	2.76276774572237
3.25904938664935	1.45089842575752
-0.0707106559190474	0.022057170396978
0.915267467236802	0.263914073443303
1.14390885544246	0.662583376731265
0.694482139777268	0.232235941341523
3.56321850271678	1.75430275733671
0.911711426533657	0.263290287954357
-0.287371764119892	0.0857960566198628
0.185318321206265	0.0489335087463581
1.0812000187203	0.433411109406381
-0.0585404852161418	0.0190348985127559
3.59478532881027	1.77690755271774
1.42389157344334	0.665734056026918
3.81774587035387	2.05871471298175
3.56972479265114	1.76059839007616
1.42995310156073	0.668663911451575
1.37543780329452	0.488077804570456
3.83218329198527	2.0711829714689
2.92158168883162	1.15406672838897
3.56649069111218	1.75758098854351
1.39258193627448	0.495197582069264
0.246104130605166	0.0769660138150043
1.72665749194725	0.514015992250562
2.10919347211913	1.01040883592747
1.40576821535676	0.500196841629125
1.73183415195173	0.718978299420286
2.08448560220228	0.994743736476529
3.84363051497512	2.08086183870666
-0.836329112381941	0.323167155011139
0.24043151093131	0.0753310477210604
-0.571538969396222	0.149182553096798
1.03420909941852	0.470811074733624
-0.0916889532534975	0.0277573904146713
1.38957458135007	0.493821378507415
1.16791371979961	0.679843086194937
-1.03875056143845	0.439811368537925
3.27620927747588	1.46151929297208
1.72665749194725	0.514015992250562
2.44834859745442	0.840528199577986
1.64299809423544	0.983994129775058
1.37859750276635	0.490222912680126
1.00151195059751	0.45315280197081
1.08941441675677	0.437024069479072
0.915267467236802	0.263914073443303
-1.46754137571983	0.399241075338394
0.246734385249684	0.0771998051468841
1.63006922339865	0.973865567101601
1.42354769981936	0.665531069023706
1.78891602792781	1.30649820205565
1.74914873579314	0.72784373443922
0.683090437699776	0.228431766982679
0.377986747702948	0.139444478763197
1.44925141597059	0.680088441968207
0.671783008731121	0.224523528358971
3.55574281240124	1.74904562098681
1.71838037692335	0.512092496146657
0.694482139777268	0.232235941341523
0.915318019020568	0.263922623604752
1.07526712720017	0.430388498097968
1.82165562126467	1.34280541133004
0.838232936902175	0.419331052438323
-0.55888165037327	0.146019049191659
4.08257487951431	2.41471487906593
1.73771179209809	0.928625792942191
0.743741325506483	0.327822281734379
2.20764037231104	1.98196988500785
4.07967234349161	2.41156125562556
2.3048727139804	1.86825097273239
0.222818394976474	0.0701508489024141
1.42995310156073	0.668663911451575
3.0973919028251	2.94973245995939
1.08708910830076	0.435939593229012
0.683042523889567	0.228414048266896
1.72665749194725	0.514015992250562
-0.0544930337807368	0.0178574009268893
0.827680112878889	0.412859650501678
0.164712869579257	0.0443121871062313
1.60342504763044	0.951888928605214
1.01547821081878	0.46072282556356
2.43961622041387	0.836769184993985
2.09854407465172	1.00363736255297
1.63638221079921	0.978738858530032
1.6371197028204	0.979050543422219
1.09429844663075	0.439203594030748
2.88755405745279	1.90735589214672
1.75931610176333	0.733095429495076
0.364465479231073	0.134708033877154
-0.298760378057541	0.088942138383077
1.06793448118631	0.427341153795319
0.906151326926563	0.261259737108879
1.42796287169237	0.667913735010252
-1.46556636079729	0.39889055417079
1.76974011968602	0.739295090782607
1.77736983538441	0.742093229737016
0.862066267226827	0.433523978359439
-1.40109811291681	0.52130914324694
-0.828256276444626	0.319519136638461
2.09758253416694	1.00306881864091
2.08809621258249	0.997393156666143
3.81786006711318	2.05881896391186
-2.21584944415156	0.681305547753399
0.655420021623032	0.251197358183777
2.92438485477444	1.156147471729
-1.05777042850809	0.34014254796271
-0.281260235296569	0.0842171949240455
1.08853277222926	0.43672577714773
1.40579926306625	0.499884434950519
2.45442904372326	0.842929862158112
0.906151326926563	0.261259737108879
2.91210871999862	1.14894462063688
0.917296314805694	0.264562429003048
3.82888864503241	2.06827257768011
2.42369849858074	1.31572808519783
3.2691134975973	1.45676655530423
1.33937420500951	0.703381570808912
3.82536634175606	2.06542098396924
0.175143411457113	0.0466493667011835
1.40274440558796	0.499243938315738
2.09467744084646	1.0018615252071
4.32554453043738	2.79227576138107
0.674659412509143	0.225763157149067
1.77600230948662	0.741689466064606
1.71838037692335	0.512092496146657
0.686487174778602	0.22957980027577
2.69399978588377	1.63066113912168
3.28331781088139	1.4653642289376
0.3863634635889	0.142149469690193
3.28942439006547	1.46887958363091
0.213458642344445	0.0674065916569276
2.39408016580545	1.29253918958529
0.187534552195979	0.0494421831048262
1.59498708320578	0.94507814623307
2.71679674516984	2.18987361993979
0.382418675269462	0.140642669263542
1.40001400553442	0.650534796584488
2.49660304753819	2.21371647676316
1.77731775736724	0.742549867568003
1.77731775736724	0.742549867568003
0.204756590717357	0.0440408052662146
0.208088282973525	0.044554233682967
2.92140629007262	1.94385209579958
2.89896851317136	1.14156400888801
2.10204478260656	1.00634877322488
0.666272809074861	0.256060204320629
1.57419031732878	1.26838485381063
0.175124314973247	0.046645304856595
0.24243225341768	0.0759022527916872
1.43319594746637	0.67094645105508
-0.620258260671896	0.214714395462422
2.40924869449825	1.30389716932916
0.655848584334486	0.219400201124816
1.37260374681986	0.487696492713787
1.43720917145551	0.673445411371028
0.639583382992998	0.245190490849666
2.67192324457325	1.61001492815338
3.84363051497512	2.08086183870666
4.54503868555016	3.18254170525623
1.74919545705716	0.727871284649911
2.67960291768752	2.59873088242046
4.09055654961381	2.42422065615317
0.157581581108027	0.0426992641424185
-0.077990739644235	0.0245803985947901
1.38879203257567	0.494035021279572
1.32981701306666	0.696955879135765
1.3203134271142	0.690218205049431
1.77736983538441	0.742093229737016
4.30847605293974	2.77174469416746
2.92158168883162	1.15406672838897
2.44567166971443	0.839453219846175
1.76187158849599	0.735149910808438
3.56649069111218	1.75758098854351
2.90827841061733	1.14708003600027
2.37206129015342	1.27484344431999
0.190534411024281	0.0501047275306018
1.3929641025393	0.495468277921747
3.82536634175606	2.06542098396924
1.36529555404785	0.720047951710834
-1.09355937870885	0.352150021097824
2.91488688463889	1.15100414083562
2.4483134540998	0.840541819013097
0.67742746445304	0.226603864627127
1.72664583622157	0.514027439791968
-0.0735236518780144	0.0231174286644994
0.924469195483338	0.266423091240108
-0.549638443779565	0.144154566527545
2.45716616852698	0.843674766141773
3.55899825992108	1.75207908437113
0.230944205617289	0.0725716910717296
2.10568048526768	1.0085784085268
0.208088282973525	0.044554233682967
2.40138160301059	1.29893017307825
1.78513490822613	0.746684677392543
1.08281682152574	0.434190333183245
0.22893468950324	0.0721090333031653
0.747504210277346	0.329373200565677
2.64957003277519	1.59024486203275
1.77388619361697	0.741131703530167
0.349087653672887	0.128376982782178
1.75689874560971	0.732131283191921
1.60597778219178	0.95357782937248
0.910807770799633	0.262737230399533
1.76271459085892	0.735118738719892
3.82877106041862	2.06906516969353
3.56644568989027	1.757536747449
-0.286940431421599	0.0857759418120604
-0.0570041065583253	0.0184299194833219
2.91210871999862	1.14894462063688
1.04467687851584	0.416631201495351
1.06793448118631	0.427341153795319
2.07416946245933	0.988395765267243
0.167684775974656	0.0449752230888594
1.36042349524834	0.717304730419693
2.89559472045907	1.91565443922583
0.6632665028763	0.254542872386415
2.3893556732446	1.28808002121654
2.92438485477444	1.156147471729
1.40274440558796	0.499243938315738
2.37578880147198	1.27828300899486
1.76420018002156	0.948094134682457
1.08243041392435	0.433808481076357
2.07432344697303	0.98782080086047
3.27919957863163	1.46232569188403
0.686066680341757	0.229562410582316
2.44834859745442	0.840528199577986
2.08232066777183	0.993341385977143
2.67159886991754	1.610521711017
1.41420762228717	0.659143980033855
4.06337808399324	2.39487276857805
1.72665749194725	0.514015992250562
2.90452293188336	2.54315896696687
0.222337753373248	0.0699047989989705
2.41522357929268	1.30855167840633
3.27619497272584	1.46229178166629
4.33311256825385	2.80077444742738
2.02979381135282	1.22536310503481
3.5483030024599	1.74351337995961
0.924519625006435	0.266522920108041
0.208088282973525	0.044554233682967
0.682652031285286	0.228407801711695
1.75694714586213	0.732159734378909
0.177324465825582	0.0471342222202081
3.57726881742395	1.76601645158811
-0.609158398920802	0.210864854245956
2.92438485477444	1.156147471729
0.373655966111736	0.137571829760671
2.94797316162862	1.97165464637889
4.30487563045761	2.76785370128329
4.09164605038912	2.42393299836472
0.906151326926563	0.261259737108879
2.243201291722	1.49371424154502
2.27395605115343	1.52459763901496
3.56226151463511	1.75365296814151
0.651474881606974	0.249917277581648
2.10358507689445	1.00587896541527
2.91771648568221	1.15252312484676
1.77829806424928	0.742842282455695
2.45446436525245	0.842916202981294
3.27620927747588	1.46151929297208
1.72664583622157	0.514027439791968
0.20471393630254	0.0440337263228802
1.39026582301669	0.494298341784791
0.667973299835533	0.223589390189493
2.92438485477444	1.156147471729
-0.554009631260321	0.145198449870715
0.180096977611431	0.0477470127508601
3.58822123662635	1.77222414369107
0.917296314805694	0.264562429003048
0.173703554764952	0.0463270163085087
2.645469632369	1.58606208005677
1.38547624122001	0.492221548058075
1.75157325264744	0.72908452782451
0.657566945912919	0.252328142176309
1.84486020451826	1.36762448596954
1.76182548377079	0.735239545395665
2.44834859745442	0.840528199577986
0.135621382803992	0.0481266484144627
0.917296314805694	0.264562429003048
-1.46556636079729	0.39889055417079
3.27924118008841	1.46229877184658
1.43397196584569	0.670964319817609
-0.334419405946389	0.0985740526021625
0.358247064623278	0.131965325084639
0.23466335151464	0.0737583149910333
2.28734638950367	1.53882264041972
1.40505213342241	0.65434247589269
3.34219468358623	2.63212890492596
2.65754560241268	1.59748502914612
4.28502769602853	2.7428228268748
0.668036332371809	0.256525412734318
3.15603989383256	2.30045588577286
3.84440354953942	2.08249008423248
1.32764138353136	0.694612184771369
3.81774587035387	2.05871471298175
4.29768280126282	2.75781238154611
2.68446657405851	1.62211474664392
0.906151326926563	0.261259737108879
3.25904938664935	1.45089842575752
0.906246129417221	0.261736091583026
4.70973008739887	3.53153760334922
3.26909842045239	1.45753652807612
1.0069254727796	0.455765710727969
2.39292740394024	1.29135920186966
1.39258193627448	0.495197582069264
2.89467430162054	2.52817144631467
3.86341540369276	2.09858580913536
2.91488688463889	1.15100414083562
1.33149544187949	0.698096542966403
-0.563224434073156	0.1470595732283
3.55899825992108	1.75207908437113
-0.298243338342598	0.0888649209209968
2.01773333674865	1.21569996820944
1.8607585837516	1.23779662895909
1.07095157017984	0.428818473386194
0.219639934484213	0.0693806301956073
1.76514405348017	0.736108506952039
4.05542332316618	2.38641842968591
2.90551789185603	1.14556900793857
2.02218694456691	1.21897986684232
1.77934020229914	0.743688664609217
-0.440311664790276	0.169423318922329
2.65039031820044	1.58981838652728
-2.20131061198549	0.675574843790802
-0.288034590067649	0.10188282818647
0.67742746445304	0.226603864627127
-0.291020098304575	0.101815761544349
0.917296314805694	0.264562429003048
2.91776082824986	1.15193094411066
2.90832288894759	1.14706883442003
0.199660581380647	0.0433122758858595
0.363238482791945	0.133981643416356
3.5839345652559	1.76825910068082
0.915267467236802	0.263914073443303
1.72402871819241	0.513373825324747
1.71838037692335	0.512092496146657
1.72402871819241	0.513373825324747
3.82877106041862	2.06906516969353
3.26310413052701	1.45333946698961
2.91493124431159	1.15099278421732
0.901720616063008	0.260095467165507
0.208088282973525	0.044554233682967
0.686536055887006	0.229501764539986
3.85159560405925	2.08890747138194
2.92723943457006	1.15710072897931
1.08696413389759	0.435882187828599
1.72664583622157	0.514027439791968
2.41557774195009	1.30952991995572
0.899765603237419	0.260024823460973
1.72664583622157	0.514027439791968
0.199660581380647	0.0433122758858595
2.06774892770211	0.98451750498754
1.85908133813952	1.23661578409518
0.671691629672308	0.22459104803171
3.8399774426495	2.07869138541729
3.27921340058014	1.46335938453018
-1.46754137571983	0.399241075338394
-0.304389922778657	0.0904940480963697
0.906771449698821	0.262172062133173
3.28635452349004	1.46676370017261
0.921774163847151	0.265747233383473
1.72664583622157	0.514027439791968
2.91488688463889	1.15100414083562
1.02111976853911	0.463416941997769
-0.549638443779565	0.144154566527545
2.91488688463889	1.15100414083562
3.56649069111218	1.75758098854351
2.90827841061733	1.14708003600027
1.40364636721557	0.653794490222639
1.37558935632313	0.489060937437241
0.205561737379768	0.0441838774146192
2.43961622041387	0.836769184993985
1.73771179209809	0.928625792942191
2.41975552459252	1.3128769110442
2.4483134540998	0.840541819013097
3.84792904445834	2.08575030655064
1.77589679622546	0.741628644575613
2.90827841061733	1.14708003600027
-0.571633129960448	0.149599531973666
1.43799849963348	0.672961429557471
-1.06394273062867	0.342144349797171
0.683090437699776	0.228431766982679
1.71675222253731	0.914045994504235
1.08696413389759	0.435882187828599
1.71838037692335	0.512092496146657
2.45176958518949	0.841449769742287
3.26610537788351	1.45572874939348
1.07314442330609	0.429735777855557
1.38545837834875	0.492219504116298
2.08232066777183	0.993341385977143
2.91493124431159	1.15099278421732
1.73952081122831	0.723475857850905
1.71083985204222	0.909846582814207
-0.0683288340558768	0.0216509268387189
1.43353329977211	0.670713487789622
0.377284511502347	0.156822489583986
1.06487826927243	0.425794621856675
0.184506730859797	0.0487417923755395
2.36419615625513	1.26864663417104
1.09886001598825	0.44140397862876
0.686487174778602	0.22957980027577
0.640732279367817	0.245667785323919
1.8732742606494	1.2494058092253
-1.04415041615715	0.335312917030539
1.34213766805514	0.704292974970014
-0.296395654942808	0.0881767101162853
4.48939384801363	3.10515892416292
2.09035178211931	0.998526967079187
1.39256483421105	0.495195831360944
1.32066592906695	0.690475957973785
2.11356539200158	1.01282305364808
0.694431548999718	0.232314723385403
2.4483134540998	0.840541819013097
1.76025011587465	0.733497356580686
1.72866509402628	0.922460793681822
2.45442904372326	0.842929862158112
1.7411972917879	0.932307664162552
0.204756590717357	0.0440408052662146
0.169928836052903	0.0454559663527724
1.61712188525844	0.963084853095026
2.01853272669223	1.21636289267992
0.167714996663192	0.0449834543600603
4.70578408803511	3.52539655585397
2.48008992321771	2.18855815705591
-1.05646570561747	0.339422980870141
-0.0969037031726131	0.0298649577261611
3.55895493620897	1.75203607094021
0.685012911469976	0.263645064055668
-0.558348061499499	0.146135797280242
4.51750687191593	3.14424804463538
0.342037156539286	0.125555916901845
2.94486515808274	1.96762285458823
1.74919545705716	0.727871284649911
1.770513002613	0.73911521710779
0.668253060497654	0.256615006388286
0.915267467236802	0.263914073443303
-0.298760378057541	0.088942138383077
3.8399774426495	2.07869138541729
1.40575275971062	0.49988083524423
2.43961622041387	0.836769184993985
2.92434064150852	1.15557468669485
3.56221723512204	1.7544607898084
3.27619497272584	1.46229178166629
0.170690165592143	0.0456649453098175
0.671783008731121	0.224523528358971
-0.0689027211470095	0.0219430652758333
0.16990936756201	0.0454518217672499
1.39556294187099	0.496135793832498
2.29501660352361	1.85596883449601
2.91493124431159	1.15099278421732
4.07129894895192	2.40309687787822
3.14707163523585	2.28885418403468
0.906151326926563	0.261259737108879
0.915318019020568	0.263922623604752
2.07873132634183	0.99133955114872
2.70027596103694	2.17008773849939
2.0580097247101	1.24905092837053
1.3701735298738	0.486046373261376
1.39556294187099	0.496135793832498
-0.581034371417142	0.239531049994154
0.911660611720513	0.263371621340662
2.91488688463889	1.15100414083562
1.44154536296086	0.675554700929207
0.205561737379768	0.0441838774146192
4.32469396585014	2.79002836470211
-1.85050556908139	0.833560452758557
2.63707354224464	1.5782513913834
0.674659412509143	0.225763157149067
2.22686530776448	1.47696520322322
1.43743225930488	0.673289780871548
2.92434064150852	1.15557468669485
0.924519625006435	0.266522920108041
-1.41003130586787	0.525097915760639
0.676362803152975	0.259836754897659
3.26909842045239	1.45753652807612
1.38727744289309	0.493135957861707
2.45716616852698	0.843674766141773
-0.284672165916858	0.0851588772871711
2.92434064150852	1.15557468669485
-1.46556636079729	0.39889055417079
2.11386485793166	1.01363216414761
2.90827841061733	1.14708003600027
3.28941175437922	1.46860953231239
0.221727556432281	0.069957976083727
4.30013936156758	2.76085178633897
3.26610537788351	1.45572874939348
0.169600196242023	0.0454065550737327
0.915318019020568	0.263922623604752
1.40272851054165	0.499012480580187
2.92438485477444	1.156147471729
0.686536055887006	0.229501764539986
1.39256483421105	0.495195831360944
3.83984476003256	2.07857397651817
0.638130092822145	0.244535474337426
1.72825353631555	0.921880637654481
-2.22878668129533	0.687215235149269
-0.567147696017947	0.148564042333489
2.91767215080868	1.15195328733466
1.0475009368336	0.41757002796003
0.908975247039869	0.262609818284675
-0.27653809870734	0.0972374060861651
1.41040992324376	0.657186839785902
3.26610537788351	1.45572874939348
3.28941175437922	1.46860953231239
1.09417108141425	0.439146045343994
0.246104130605166	0.0769660138150043
-1.05358933464413	0.33872103827442
0.897578623663865	0.259675397379677
0.672304031961959	0.258284674362663
-0.565000228990759	0.147836672845567
2.00861472445565	1.2073046484866
0.692273164594823	0.231440421288289
3.28331781088139	1.4653642289376
1.07314442330609	0.429735777855557
0.682652031285286	0.228407801711695
-0.567097066778424	0.148548092076695
2.4483134540998	0.840541819013097
0.208088282973525	0.044554233682967
3.25904938664935	1.45089842575752
1.76271459085892	0.735118738719892
3.82113528346696	2.06170072700775
2.7012271069662	2.17044985404198
2.95642986524248	2.61978334285933
3.52719834141173	2.99323600491378
3.82888864503241	2.06827257768011
1.09062725718876	0.437713933028082
3.85173237948387	2.0886994165507
3.5772212367167	1.76512071300624
1.38248601554662	0.491066536373935
0.921774163847151	0.265747233383473
1.45493179221178	0.683158108192118
0.164712869579257	0.0443121871062313
2.91771648568221	1.15252312484676
0.222869713972943	0.0702508404965994
-1.04043603169065	0.439822006859893
4.1023593752764	2.43614767033432
1.7506657784623	0.729256008965406
1.45162147816267	0.681193100027171
0.729648871120109	0.320361919491182
3.26310413052701	1.45333946698961
0.675202385974488	0.225674647305293
0.991254153549467	0.447998951245769
0.915318019020568	0.263922623604752
2.38533636033725	1.28561237005996
1.4551544013152	0.683225161690037
0.679811111125936	0.261593522253373
2.10568048526768	1.0085784085268
1.10680391838957	0.634954866302517
0.688755278517132	0.230474449974642
1.39739858612762	0.496934278756061
1.4210472928817	0.663393200086933
2.92723943457006	1.15710072897931
4.73681381887817	3.57120185796865
2.69538771368157	2.16193235467554
1.74581938677338	0.726145387504203
1.34458502322436	0.789914973019223
0.747109957965131	0.329011658899521
0.666133301211789	0.222708402316138
0.20471393630254	0.0440337263228802
3.27921340058014	1.46335938453018
1.05627095978734	0.422060593772365
1.72665749194725	0.514015992250562
0.951946207399159	0.539433692133133
2.11016088861968	1.01122423490896
1.9075007026303	1.28258476061557
-0.586283232689576	0.242841729648365
0.641408430113829	0.24552038682474
2.69835582258192	1.63366238503167
0.351194549161674	0.129077366703466
0.170184199651161	0.0455102597114768
0.162424073790497	0.0437924487812196
3.57301180618074	1.76219924411501
0.740087444964691	0.326123782591299
1.0825544293637	0.433671310884445
0.686487174778602	0.22957980027577
1.0825544293637	0.433671310884445
0.187516582106475	0.0494383766804619
3.57726881742395	1.76601645158811
0.679653114219625	0.227181883175313
3.84453748990437	2.08172146404308
3.28636755859253	1.46779915363749
3.27316965466308	1.45987901225535
1.77731775736724	0.742549867568003
4.33342953958101	2.80088276244434
3.56977075964114	1.75979068321058
1.81773200355479	1.33698678805939
1.09417108141425	0.439146045343994
3.36420916635087	2.66222599647044
1.64145662222499	0.982941759587264
1.41991169953947	0.663163951030446
1.07107915582312	0.428685124614679
-1.46556636079729	0.39889055417079
-2.20131061198549	0.675574843790802
-1.40535664263192	0.523201833324806
0.662809315841008	0.254477784106707
-0.856633717062169	0.332185041155004
1.7407446933573	0.931220953851419
3.27921340058014	1.46335938453018
2.64167658045706	1.58200939208568
0.516269706523197	0.219865416820473
0.16990936756201	0.0454518217672499
1.04319035585936	0.5337529259788
0.535755309386342	0.229353489957973
0.697851317320155	0.233378401193421
0.679653114219625	0.227181883175313
-0.0822599349667102	0.0254803371190677
2.4483134540998	0.840541819013097
1.7660718355889	0.736843404138436
1.40276034595944	0.499015152970679
3.83206458294435	2.07108615071611
1.75406904593644	0.730650276641333
3.55574281240124	1.74904562098681
-1.47559564657686	0.401361379112135
3.26310413052701	1.45333946698961
-0.832505157363466	0.321566797574402
2.91771648568221	1.15252312484676
2.45442904372326	0.842929862158112
2.45446436525245	0.842916202981294
2.42369849858074	1.31572808519783
1.0671368633528	0.426658214795582
1.77046288364682	0.739085774074085
1.02564414234091	0.466300464971672
2.08599448943751	0.995909696378164
0.656666486137064	0.219704410170253
0.199576422573671	0.0635371826812609
1.4274855155328	0.667639361012654
2.45713066693921	0.844016359639868
3.27618071303355	1.46153655074
0.193364634888779	0.0422782569669119
1.41260409858628	0.658175789651011
0.177324465825582	0.0471342222202081
0.915267467236802	0.263914073443303
3.2833312885705	1.46611990793056
0.915267467236802	0.263914073443303
0.202198391670494	0.0436656035177294
4.09521364681968	2.42889676370577
2.44834859745442	0.840528199577986
-2.70163341573963	0.956867155200627
2.92158168883162	1.15406672838897
2.45716616852698	0.843674766141773
3.27619497272584	1.46229178166629
-1.06383257360404	0.341981866655656
1.74631539382128	0.935888943249532
0.208130289751052	0.0445612068776082
3.5772212367167	1.76512071300624
0.694482139777268	0.232235941341523
0.677379565658875	0.226586193321658
0.245981440170419	0.0769582113452547
0.912597447073333	0.263157043298413
2.39361896220789	1.29218799147153
0.663385927314191	0.221879924565254
0.222337753373248	0.0699047989989705
2.09452543766835	1.0017656434789
-1.06922186661258	0.343915854428266
0.208130289751052	0.0445612068776082
3.84806432828049	2.08586995435566
0.899765603237419	0.260024823460973
1.39557961180183	0.496365775816694
1.72664583622157	0.514027439791968
-3.09444917780273	1.24355030226682
2.44567166971443	0.839453219846175
1.08243041392435	0.433808481076357
1.72664583622157	0.514027439791968
3.56226151463511	1.75365296814151
0.639583382992998	0.245190490849666
-1.06620308418893	0.342965817880657
0.208130289751052	0.0445612068776082
3.57731649091494	1.7652097714823
3.28028898843479	1.46347366776651
-2.20131061198549	0.675574843790802
0.154897316342678	0.0421007466929087
2.92723943457006	1.15710072897931
1.4057837164765	0.50019805265816
0.906822097465917	0.262270642143547
1.43149072526198	0.669852326823237
-0.248655057332921	0.0994195790967747
1.77161065620011	0.953499893303136
1.72664583622157	0.514027439791968
2.45446436525245	0.842916202981294
1.75000758136842	0.938188625655552
1.72879825628199	0.922337542393182
1.77731775736724	0.742549867568003
0.208088282973525	0.044554233682967
2.45713066693921	0.844016359639868
2.67622357142718	1.61458179912283
2.45713066693921	0.844016359639868
2.11464336838886	1.56739901328665
2.10906287540443	1.01016466234297
-0.271772816555915	0.0955359902774908
1.72664583622157	0.514027439791968
1.76271459085892	0.735118738719892
0.682652031285286	0.228407801711695
0.205561737379768	0.0441838774146192
2.90827841061733	1.14708003600027
1.38996231775011	0.494293477117778
2.3899441417321	1.28925538494421
-0.554009631260321	0.145198449870715
1.07088000800609	0.428531581319754
-0.459161781489759	0.176747088232019
3.83655874756984	2.07494832850428
2.39408016580545	1.29253918958529
0.172141930104414	0.0459762515619496
-0.567585807840995	0.148008276225078
1.38725996190371	0.493134041662893
0.74216834809418	0.327265425082591
0.193364634888779	0.0422782569669119
3.26608991492401	1.45573646702542
2.02139032757403	1.21831881232636
0.677379565658875	0.226586193321658
1.77393728942937	0.74080523066272
0.919086224093982	0.264875597201778
1.71838037692335	0.512092496146657
-0.0561292961670387	0.0182490102729374
2.44834859745442	0.840528199577986
3.59155155575095	1.7739818513591
1.72402871819241	0.513373825324747
0.199660581380647	0.0433122758858595
1.75077177276004	0.939134749829772
0.924469195483338	0.266423091240108
2.45713066693921	0.844016359639868
1.41726659844458	0.660960101131576
-0.562313153317888	0.147312602906664
0.199660581380647	0.0433122758858595
1.71838037692335	0.512092496146657
2.0904766040442	0.998607707037486
0.216669552420131	0.0682893939160796
2.11180074990062	1.01206853388113
1.09886001598825	0.44140397862876
1.39258193627448	0.495197582069264
2.4483134540998	0.840541819013097
2.0764560468415	0.989569623450032
1.40274440558796	0.499243938315738
1.39256483421105	0.495195831360944
0.173719069466805	0.0463443450457431
0.686438385931598	0.229465616264401
-0.549588025379477	0.144138904810768
2.09396320894315	1.0011830226404
2.08244330412006	0.993420529815253
2.92719523940039	1.15711191350553
0.682598544233423	0.228483971119609
3.2833312885705	1.46611990793056
1.77383519060389	0.740746034447833
2.09841704355149	1.00355500904501
2.45716616852698	0.843674766141773
1.39972857201292	0.49785287169011
4.28824877484327	2.7467871408357
2.08221389286219	0.993901362497794
1.39028291728355	0.494072914686244
2.45713066693921	0.844016359639868
2.45716616852698	0.843674766141773
1.4004293383934	0.498112938298198
0.25440914043588	0.0794529654654293
1.07890679271251	0.432199101979189
0.901720616063008	0.260095467165507
3.55895493620897	1.75203607094021
1.72664583622157	0.514027439791968
2.45446436525245	0.842916202981294
-1.48036509444371	0.402677323712302
3.25904938664935	1.45089842575752
3.28941175437922	1.46860953231239
1.77331586281774	0.740099246941606
-1.46556636079729	0.39889055417079
0.917347332724012	0.264571103399029
0.921774163847151	0.265747233383473
2.45713066693921	0.844016359639868
0.205561737379768	0.0441838774146192
1.39256483421105	0.495195831360944
-0.55888165037327	0.146019049191659
0.670653944706462	0.224398299319552
2.09396320894315	1.0011830226404
2.93952876908269	1.96307814644739
2.44834859745442	0.840528199577986
0.915318019020568	0.263922623604752
2.45713066693921	0.844016359639868
1.72664583622157	0.514027439791968
2.45442904372326	0.842929862158112
2.45446436525245	0.842916202981294
1.41930973054887	0.662737577983491
2.44834859745442	0.840528199577986
-0.0598741927582792	0.0193716136842504
0.187468605835015	0.04141071045087
2.92719523940039	1.15711191350553
0.92003140509787	0.265333979478402
-0.629553074151847	0.218136751742271
-0.563224434073156	0.1470595732283
0.161149112019395	0.0570476550585303
2.91488688463889	1.15100414083562
3.57726881742395	1.76601645158811
0.177324465825582	0.0471342222202081
1.39670390964941	0.496388528960776
3.85526945448901	2.09111162892423
2.4056625921007	1.30151381774978
1.10034533196871	0.442019186255814
1.38427899058231	0.491766401647725
4.34155895333114	2.81033073541424
-0.562313153317888	0.147312602906664
1.34746371883787	0.792137435029427
1.72664583622157	0.514027439791968
2.09981111199539	1.00477269263545
-0.292596402803385	0.0873350320881933
2.92723943457006	1.15710072897931
2.92723943457006	1.15710072897931
-0.554009631260321	0.145198449870715
2.44834859745442	0.840528199577986
3.27318434966019	1.45987088217078
3.27016636624633	1.45724800636443
2.45713066693921	0.844016359639868
1.75694714586213	0.732159734378909
0.672085675093466	0.258301788788476
-0.556695510417587	0.145720699864662
0.710318994201085	0.311549966201407
1.07901617921969	0.432453714070198
2.91488688463889	1.15100414083562
-1.04113486477337	0.334376496819243
1.77651584363199	0.742199895497951
3.57291820734226	1.76095245319853
2.4483134540998	0.840541819013097
-0.553958654260902	0.145182611160989
2.44834859745442	0.840528199577986
-1.39218884984795	0.517361767954646
0.219173137444582	0.0690782379631127
0.915267467236802	0.263914073443303
0.665787411551282	0.255922785265495
3.27619497272584	1.46229178166629
1.16606685390285	0.747189180810849
0.686438385931598	0.229465616264401
0.193364634888779	0.0422782569669119
1.71838037692335	0.512092496146657
0.199660581380647	0.0433122758858595
3.57726881742395	1.76601645158811
-0.629521177195115	0.218184546878279
2.92153744995923	1.15407818465564
2.44834859745442	0.840528199577986
2.08687180288968	0.995840966043941
1.74919545705716	0.727871284649911
3.2691134975973	1.45676655530423
2.92438485477444	1.156147471729
1.77388619361697	0.741131703530167
0.666648623037871	0.256022754102859
0.685012911469976	0.263645064055668
2.44834859745442	0.840528199577986
0.766768174645666	0.339198833071431
2.90827841061733	1.14708003600027
0.750906829709774	0.331479608263644
3.85958715875243	2.09527567753062
1.4589604477533	0.685585157212695
1.72664583622157	0.514027439791968
0.205561737379768	0.0441838774146192
1.0381244612835	0.472495484901326
4.07505074466954	2.40807780385221
2.68010618840275	1.61745059497385
1.64876018529104	0.988946741372884
2.41034036163311	1.30574194741181
0.180334652339367	0.0478106473797875
0.2274543977565	0.071600628538582
1.08708910830076	0.435939593229012
3.57401945763771	1.76275547531171
0.921774163847151	0.265747233383473
0.683090437699776	0.228431766982679
1.74727066667551	0.727243316298516
1.76029939115389	0.733878423235619
1.33197008176739	0.698505338333151
1.07766968798574	0.431592807126866
1.34299913675202	0.705834239172076
2.66725579319603	1.60648019639353
1.74733170633061	0.727786029291759
-0.45991703156924	0.17719074190741
1.72665749194725	0.514015992250562
0.172141930104414	0.0459762515619496
4.07880938097788	2.4118936188948
0.234465742407782	0.0737945379155126
4.3177676946982	2.78135403782889
2.6448769830247	1.58590219467427
3.58383537604773	1.76983909623077
4.09033693319004	2.42367538660891
2.38511814817332	1.28596893426868
0.244922809793096	0.0766765676928704
-1.06620308418893	0.342965817880657
1.01220074039773	0.458567661224701
0.993993976484336	0.44920804736813
1.06743178358923	0.427217384158955
2.91667378642812	2.56035448456349
1.39556294187099	0.496135793832498
3.5483030024599	1.74351337995961
2.52702413696092	1.8746350085154
-0.549588025379477	0.144138904810768
0.167714996663192	0.0449834543600603
1.71838037692335	0.512092496146657
4.31323007801222	2.77769787557766
-0.552335012199188	0.144678456612124
-0.0683288340558768	0.0216509268387189
1.0218518875703	0.519869245065129
1.09442592655111	0.43899428693783
1.39972857201292	0.49785287169011
-1.06803950864542	0.343420402348576
1.3701735298738	0.486046373261376
1.76340658508459	0.947667472975196
2.09968142014921	1.0046934702074
1.7772657725191	0.742520128546194
0.212008815236231	0.0673437969872239
2.08809621258249	0.997393156666143
-0.293014582007168	0.0873418514259804
2.04728345356673	1.68111137452146
2.3982235304656	1.29550420000521
1.76810514306125	0.7381530283959
1.74150778412969	0.932166773502114
2.09567847776715	1.54599567319673
3.82865358910845	2.06806934423554
1.06137676746378	0.424207182069452
1.63289984050035	0.975714257725528
0.205561737379768	0.0441838774146192
0.654878066604716	0.251529604619498
0.663856982539916	0.222267931108461
2.1055510446396	1.00849917927828
0.658154660844817	0.252700992521472
-0.0616369447124412	0.0195976745293129
1.72402871819241	0.513373825324747
1.40272851054165	0.499012480580187
3.83301882980968	2.07184038545602
2.07087125864236	0.985611875361845
0.749252515989337	0.330515198562903
1.36972296309591	0.486388383733701
2.65203540344183	1.59307041794931
2.92442907579133	1.15555204884472
1.02989933700399	0.468565122919164
1.33086617598311	0.778851434395658
0.355429818438752	0.130490879405021
2.45713066693921	0.844016359639868
3.58388492388433	1.76957141259759
3.26909842045239	1.45753652807612
3.58383537604773	1.76983909623077
2.91493124431159	1.15099278421732
1.44107562091579	0.675674611029786
3.26909842045239	1.45753652807612
3.39747811417156	2.70611838752861
3.26608991492401	1.45573646702542
-0.604383492566088	0.209061952089717
1.76182548377079	0.735239545395665
2.39408016580545	1.29253918958529
0.69096870942265	0.231048868043151
1.40276034595944	0.499015152970679
1.09050114756657	0.437461242160714
1.38279184561893	0.491656853905118
0.908975247039869	0.262609818284675
0.675126424079915	0.225747997410806
0.169928836052903	0.0454559663527724
1.78518862941079	0.74671530966739
1.71838037692335	0.512092496146657
0.187468605835015	0.04141071045087
1.75931610176333	0.733095429495076
0.655848584334486	0.219400201124816
1.39557961180183	0.496365775816694
0.208088282973525	0.044554233682967
2.69320877573694	1.62935363357238
2.4110519290943	1.30604253124369
2.44834859745442	0.840528199577986
0.694381051215851	0.232198533859577
2.09758253416694	1.00306881864091
1.4596391658073	0.68622975054045
3.84806432828049	2.08586995435566
1.39557961180183	0.496365775816694
3.82208423256688	2.06165992465882
1.7369501320558	0.929214805936707
0.24231079990204	0.0758656666474767
-0.290673886968151	0.0866343139460244
1.39256483421105	0.495195831360944
2.91767215080868	1.15195328733466
3.27016636624633	1.45724800636443
3.59473312770051	1.77686306657099
0.915267467236802	0.263914073443303
0.670726762721853	0.224570201401399
-0.297745227366455	0.088703707435214
1.08132524292082	0.433468517234334
2.08591591043052	0.995653239553386
1.38016920470379	0.490169965758878
2.09383725457669	1.00065411366166
2.91210871999862	1.14894462063688
3.55895493620897	1.75203607094021
1.72664583622157	0.514027439791968
4.10704306793267	2.44071712309733
0.906771449698821	0.262172062133173
1.4004293383934	0.498112938298198
2.45713066693921	0.844016359639868
0.911660611720513	0.263371621340662
1.02966758851358	0.468004005598972
1.07510349360562	0.554222719416765
1.07314442330609	0.429735777855557
3.26310413052701	1.45333946698961
0.359966471803361	0.132286889139063
-0.851683792101146	0.330076596024557
3.83206458294435	2.07108615071611
0.688755278517132	0.230474449974642
1.39256483421105	0.495195831360944
4.08721474117526	2.41953645011617
2.45442904372326	0.842929862158112
3.27620927747588	1.46151929297208
3.5772212367167	1.76512071300624
0.662210510653847	0.22166725158361
0.225023535187915	0.0711914272847219
3.28028898843479	1.46347366776651
2.65786743192087	1.59775909719382
3.85173237948387	2.0886994165507
1.76753145938956	0.950349609814694
2.28324149819888	1.53377247912178
2.09981111199539	1.00477269263545
0.23473651706968	0.0736670820179714
0.910858892443621	0.262745945817241
2.92153744995923	1.15407818465564
2.09069751079453	0.999366405985553
1.39256483421105	0.495195831360944
-1.46556636079729	0.39889055417079
1.76815621869302	0.737828164391898
1.7369501320558	0.929214805936707
2.89896851317136	1.14156400888801
2.6408607664379	1.5817224646963
-0.563224434073156	0.1470595732283
2.4483134540998	0.840541819013097
0.219223176229808	0.0691776377972106
0.208088282973525	0.044554233682967
3.28636755859253	1.46779915363749
1.39556294187099	0.496135793832498
1.0907534809609	0.43757620666106
-3.60694906770666	1.68837993099841
3.84075001687491	2.07807527856366
0.648956235283386	0.248762271034151
2.92438485477444	1.156147471729
2.4483134540998	0.840541819013097
2.43961622041387	0.836769184993985
1.09062725718876	0.437713933028082
2.44567166971443	0.839453219846175
3.27618071303355	1.46153655074
1.76029939115389	0.733878423235619
2.45442904372326	0.842929862158112
-2.20131061198549	0.675574843790802
2.3982235304656	1.29550420000521
2.10217307290226	1.00597885790096
1.39258193627448	0.495197582069264
1.71838037692335	0.512092496146657
0.915267467236802	0.263914073443303
1.72664583622157	0.514027439791968
2.44567166971443	0.839453219846175
1.7772657725191	0.742520128546194
0.921774163847151	0.265747233383473
0.185318321206265	0.0489335087463581
-1.46556636079729	0.39889055417079
1.38545837834875	0.492219504116298
1.38725996190371	0.493134041662893
1.08243041392435	0.433808481076357
2.40296476772926	1.29938736189749
1.40274440558796	0.499243938315738
1.106113539964	0.444507529672316
1.7660718355889	0.736843404138436
4.09055654961381	2.42422065615317
0.697954371514853	0.2332827748051
1.4319713648674	0.67050932982279
1.07666701712925	0.431341675580183
2.38404026055574	1.28393371001409
0.911609804248397	0.263272701029936
3.58052429827243	1.76820988967439
0.340532553385528	0.125560602121901
1.77388619361697	0.741131703530167
2.10919347211913	1.01040883592747
1.33691859591551	0.701121465109112
3.26608991492401	1.45573646702542
1.39258193627448	0.495197582069264
0.179308845424369	0.0475774904674854
-1.41442295489656	0.52678718501225
2.91771648568221	1.15252312484676
0.177899947569855	0.047263469364084
-0.549638443779565	0.144154566527545
2.92153744995923	1.15407818465564
2.4483134540998	0.840541819013097
1.75694714586213	0.732159734378909
0.247039100213811	0.0772177346964532
2.4483134540998	0.840541819013097
2.40273087818515	1.29973100828309
1.77247639873705	0.954254074255469
2.44834859745442	0.840528199577986
1.4057837164765	0.50019805265816
-0.549588025379477	0.144138904810768
1.08827765304526	0.436344829199137
2.91488688463889	1.15100414083562
1.71838037692335	0.512092496146657
0.915267467236802	0.263914073443303
-3.5612114799558	1.6596800647108
1.08941441675677	0.437024069479072
1.38547624122001	0.492221548058075
3.59150016787306	1.77529358399248
3.5772212367167	1.76512071300624
-1.46556636079729	0.39889055417079
0.694131093713739	0.341077034556684
1.38545837834875	0.492219504116298
1.37720610089078	0.4890227456012
1.77388619361697	0.741131703530167
0.915318019020568	0.263922623604752
1.01212575818316	0.458546856487012
1.72664583622157	0.514027439791968
1.72402871819241	0.513373825324747
3.27318434966019	1.45987088217078
0.177324465825582	0.0471342222202081
1.31667112052404	0.768129505666476
2.29317714644975	1.54428897770749
1.43777745532278	0.673223104825915
2.45713066693921	0.844016359639868
0.679650531738856	0.227226640039277
1.7660718355889	0.736843404138436
0.350559546868133	0.128713373185174
1.09442592655111	0.43899428693783
2.4483134540998	0.840541819013097
2.45713066693921	0.844016359639868
1.40272851054165	0.499012480580187
0.234613325763028	0.0736580096428401
2.09981111199539	1.00477269263545
2.38854090411063	1.28873292323228
3.28638063920881	1.46778961483254
1.74291123433662	0.724974229337115
2.90827841061733	1.14708003600027
3.84075001687491	2.07807527856366
2.45446436525245	0.842916202981294
2.92719523940039	1.15711191350553
1.72664583622157	0.514027439791968
0.165016980071288	0.0443593586963327
1.36551843575092	0.484955838575038
2.1082503846307	1.00938253623782
-0.297745227366455	0.088703707435214
1.72664583622157	0.514027439791968
0.199660581380647	0.0433122758858595
3.55574281240124	1.74904562098681
0.208088282973525	0.044554233682967
1.7715837260479	0.739112357140686
3.57731649091494	1.7652097714823
1.7772657725191	0.742520128546194
2.90827841061733	1.14708003600027
3.56967891771929	1.75970398327778
1.75406904593644	0.730650276641333
2.91771648568221	1.15252312484676
1.71838037692335	0.512092496146657
2.43961622041387	0.836769184993985
1.72664583622157	0.514027439791968
2.44834859745442	0.840528199577986
-0.562313153317888	0.147312602906664
2.4483134540998	0.840541819013097
-0.567147696017947	0.148564042333489
1.72665749194725	0.514015992250562
4.48818879367307	3.10468193586582
-0.314027207243201	0.093045575987002
1.72402871819241	0.513373825324747
1.72664583622157	0.514027439791968
2.90827841061733	1.14708003600027
1.71838037692335	0.512092496146657
2.91767215080868	1.15195328733466
1.00351564264771	0.453715083199603
-1.46754137571983	0.399241075338394
1.71838037692335	0.512092496146657
0.691018322596608	0.231067203856998
-0.0468811924864474	0.0156307486061326
2.91771648568221	1.15252312484676
3.57301180618074	1.76219924411501
2.92715105200563	1.15632474992962
-0.549638443779565	0.144154566527545
1.76967284004497	0.739096866618545
0.680819310444715	0.227748009463594
2.90551789185603	1.14556900793857
3.588170845786	1.77334019029816
1.76192840483937	0.73518168401209
1.0429985097185	0.475143691277428
-0.292562777536825	0.0873256919566233
2.44567166971443	0.839453219846175
2.04263715853217	1.23549368005455
2.45709514677168	0.843701380989689
1.06499912222052	0.425849705080265
2.45442904372326	0.842929862158112
2.4483134540998	0.840541819013097
0.208088282973525	0.044554233682967
3.58057285984422	1.76825339260171
0.924469195483338	0.266423091240108
1.7772657725191	0.742520128546194
2.90827841061733	1.14708003600027
2.4483134540998	0.840541819013097
1.75490758178519	0.730788790484642
0.908924422609946	0.262601169518593
-0.290673886968151	0.0866343139460244
1.72402871819241	0.513373825324747
0.196315155888877	0.0427978646049216
1.76266616893112	0.735090202637704
2.44567166971443	0.839453219846175
0.912597447073333	0.263157043298413
0.686515267512222	0.229539414250865
2.91771648568221	1.15252312484676
2.92259502658148	1.94433150265849
2.09254930337759	0.999761132883569
4.33642541817149	2.8031266524044
1.08460234696048	0.434893811301745
0.554779468331563	0.23826451231438
2.11029142487039	1.01085520013843
0.683053910239571	0.22846371401752
-0.55888165037327	0.146019049191659
1.72664583622157	0.514027439791968
3.82888864503241	2.06827257768011
0.184506730859797	0.0487417923755395
2.38380995538078	1.28446902168574
1.07878401387793	0.432142860294847
3.55899825992108	1.75207908437113
2.08809621258249	0.997393156666143
2.02215033918206	1.21983500076394
0.686012293245932	0.229542475879796
2.92438485477444	1.156147471729
1.72402871819241	0.513373825324747
3.588170845786	1.77334019029816
2.44834859745442	0.840528199577986
2.91776695930491	1.93992894354379
0.67742746445304	0.226603864627127
1.76612122420627	0.736517957467052
1.3726881258282	0.487534212258015
1.047572061423	0.417850877858123
1.43777745532278	0.673223104825915
0.237107772524247	0.0955311165649927
0.767716809055731	0.339759722435025
1.00332849144293	0.454382495376606
4.1023593752764	2.43614767033432
1.40276034595944	0.499015152970679
4.29654856952941	2.75768653387511
2.09758253416694	1.00306881864091
1.10034533196871	0.442019186255814
2.37578880147198	1.27828300899486
2.4483134540998	0.840541819013097
1.0825544293637	0.433671310884445
0.663868289411756	0.221871614316916
3.27921340058014	1.46335938453018
1.05576545695579	0.482012211125033
4.06690741540602	2.39936257722879
0.382162428144755	0.140556296623186
0.159826616761533	0.0431779029725108
0.359966471803361	0.132286889139063
3.84011026469727	2.0775925472761
1.75406904593644	0.730650276641333
0.532410353136475	0.227532224749008
2.4142887529631	1.30877943994033
1.75849729210017	0.733767671621258
2.26756361990842	1.51734114582421
3.59150016787306	1.77529358399248
0.676849732773828	0.226554714812322
0.672304031961959	0.258284674362663
2.09617622581542	1.00254769667221
1.76753145938956	0.950349609814694
2.91771648568221	1.15252312484676
1.60041955643984	1.05937134511887
0.382827746415557	0.141026796083272
0.683090437699776	0.228431766982679
1.36222683296243	0.803664206828906
1.38993259641355	0.494291486970406
1.0423901859162	0.474752203646762
3.83194598772171	2.06976594742431
3.85250691700052	2.088882487883
1.7772138808229	0.74200364184831
4.52461429956177	3.15502369369252
1.40274440558796	0.499243938315738
0.670708932188477	0.257754358169692
1.770513002613	0.73911521710779
1.00361197916689	0.454244270770272
2.10217307290226	1.00597885790096
1.40274440558796	0.499243938315738
2.89896851317136	1.14156400888801
3.26608991492401	1.45573646702542
1.7772138808229	0.74200364184831
1.01264401735513	0.459131038496104
1.72665749194725	0.514015992250562
1.76266616893112	0.735090202637704
2.92723943457006	1.15710072897931
1.99573781380158	1.19666394484876
1.40274440558796	0.499243938315738
4.07880938097788	2.4118936188948
1.0967809621314	0.440573408871857
4.30127787651969	2.76337475638543
2.68060395900742	2.60048560138902
2.11386485793166	1.01363216414761
4.54104146006764	3.17725144672017
2.38854090411063	1.28873292323228
0.773928921889546	0.426531695908578
1.78859173026655	0.7481219126883
1.04286326014507	0.475181611576203
1.65645771941018	0.995011311766587
2.05314507708233	1.24583509266731
1.38016920470379	0.490169965758878
1.10254813586729	0.443059401028932
-1.05778778260541	0.340151551701162
2.10332303026212	1.00659994535902
0.683090437699776	0.228431766982679
3.27316965466308	1.45987901225535
0.915267467236802	0.263914073443303
2.4483134540998	0.840541819013097
0.902425948558069	0.260776504921945
2.11016088861968	1.01122423490896
2.28597161213697	1.5364929132006
1.75507446207082	0.731732850539875
4.52064567457205	3.15008102836686
2.91210871999862	1.14894462063688
1.78859173026655	0.7481219126883
1.71838037692335	0.512092496146657
3.28635452349004	1.46676370017261
-1.46556636079729	0.39889055417079
2.02738273472467	1.22307582130641
0.660085544099662	0.220849182949209
2.45442904372326	0.842929862158112
0.677789152388127	0.260934361691187
2.92438485477444	1.156147471729
1.63757874368162	0.979092697919348
1.39557961180183	0.496365775816694
2.02781453722436	1.22464829739866
2.90827841061733	1.14708003600027
-0.284672165916858	0.0851588772871711
1.76815621869302	0.737828164391898
0.906151326926563	0.261259737108879
1.0297135873408	0.467661242744081
1.38545837834875	0.492219504116298
1.78179200304995	0.744678169302807
0.921774163847151	0.265747233383473
1.71838037692335	0.512092496146657
3.8399774426495	2.07869138541729
3.28638063920881	1.46778961483254
0.733129137517093	0.322069428303701
2.66703066570646	1.60627649838599
3.58057285984422	1.76825339260171
2.71093189822202	2.18326268381919
2.3882967901111	1.28893788024603
3.27619497272584	1.46229178166629
1.3762648407914	0.814259878942513
2.91904926378277	1.94067701092293
2.37681350037405	1.2784815421939
-0.611931030403436	0.211675965281855
3.16141213938601	2.30632456584887
1.07088000800609	0.428531581319754
1.39559632674966	0.496139071198923
1.44641370855364	0.678405485546686
1.72782823631137	0.921798116104387
0.872251894856134	0.440086548419234
2.39661915970232	1.29451890833613
0.248735064579116	0.0778111654092448
3.36667389161842	2.66560771509827
1.42331925348371	1.03864809743551
0.372475495279946	0.137137503180381
1.07107915582312	0.428685124614679
1.03815995686615	0.472788461290253
1.40576821535676	0.500196841629125
1.01372861531074	0.459849811722296
0.904084541315186	0.261500500062554
2.0904766040442	0.998607707037486
2.39408016580545	1.29253918958529
0.551015210922694	0.236180305636757
2.31340977052953	1.56359736436244
1.03934116375262	0.473080075029801
-0.293014582007168	0.0873418514259804
4.32438101308594	2.78948815946968
1.76266616893112	0.735090202637704
0.234181565975846	0.0734295728679185
0.233632779679044	0.0733532742704503
3.27919957863163	1.46232569188403
3.82101997961139	2.06070719316983
2.91776082824986	1.15193094411066
2.92153744995923	1.15407818465564
0.924519625006435	0.266522920108041
1.75157325264744	0.72908452782451
2.92158168883162	1.15406672838897
2.91488688463889	1.15100414083562
3.2833312885705	1.46611990793056
2.4483134540998	0.840541819013097
1.01183408317925	0.458989679072801
-0.554009631260321	0.145198449870715
0.908924422609946	0.262601169518593
2.45713066693921	0.844016359639868
2.2953723192818	1.54438216048657
4.09521364681968	2.42889676370577
4.73814285588795	3.57368902043461
-0.62329847768347	0.215656483368362
0.707702451811658	0.515760470084348
1.07526712720017	0.430388498097968
2.92442907579133	1.15555204884472
3.27922726773361	1.4633502643727
2.91488688463889	1.15100414083562
1.76187945735624	0.734917482673091
0.664320913804448	0.255523509738084
-0.631028829776475	0.218139188492763
2.92434064150852	1.15557468669485
0.202198391670494	0.0436656035177294
1.75931610176333	0.733095429495076
-0.0548120384712905	0.0179162878811802
1.77388619361697	0.741131703530167
-0.602621602866665	0.208403509975971
1.4424893859302	0.676274603130805
1.09125832100975	0.437855623359733
2.92153744995923	1.15407818465564
3.2833312885705	1.46611990793056
1.76307802261425	0.947575990611899
2.90551789185603	1.14556900793857
2.68076184145061	1.61881064609522
0.669547790070559	0.223855623975965
-1.40535664263192	0.523201833324806
2.4483134540998	0.840541819013097
0.666133301211789	0.222708402316138
3.26608991492401	1.45573646702542
-0.561074719780954	0.146672057200803
3.82865358910845	2.06806934423554
2.65754560241268	1.59748502914612
1.39557961180183	0.496365775816694
2.9436159214563	1.9664003086594
-0.0653368480367344	0.0205534449562913
1.37543780329452	0.488077804570456
3.58812054884659	1.77329556198561
2.92434064150852	1.15557468669485
-0.554009631260321	0.145198449870715
0.245981440170419	0.0769582113452547
2.3846251800067	1.28510254599572
1.10624442538444	0.444494264348213
1.77736983538441	0.742093229737016
0.252305197135391	0.0788767548277925
3.28943707141214	1.46858989858706
2.53505478125925	1.88381982311623
2.90827841061733	1.14708003600027
1.38545837834875	0.492219504116298
2.09396320894315	1.0011830226404
0.351292097400725	0.145350375785671
1.75694714586213	0.732159734378909
2.39221541370997	1.29155653981938
-0.281260235296569	0.0842171949240455
3.26909842045239	1.45753652807612
3.84011026469727	2.0775925472761
1.08866050398271	0.436518079189461
1.7421485019241	0.932549764290162
0.752077329937565	0.3322181578748
1.15570034094612	0.671163132706185
0.172635519657569	0.0460726932756945
2.67591806905023	1.61451719973106
2.40688770319377	1.3030467087258
2.40249716044853	1.29903033864889
3.85173237948387	2.0886994165507
3.84363051497512	2.08086183870666
3.57726881742395	1.76601645158811
0.691018322596608	0.231067203856998
0.24243225341768	0.0759022527916872
0.686536055887006	0.229501764539986
2.91771648568221	1.15252312484676
2.69835582258192	1.63366238503167
1.39559632674966	0.496139071198923
1.86697511224816	1.24371281143228
4.30847605293974	2.77174469416746
3.56972479265114	1.76059839007616
-0.30310829299247	0.106524851085914
0.697851317320155	0.233378401193421
2.90827841061733	1.14708003600027
0.182309601441683	0.048270223246002
1.72665749194725	0.514015992250562
-2.20131061198549	0.675574843790802
2.06292142221342	0.980111830032735
1.01696925510022	0.461521633543051
1.43777745532278	0.673223104825915
-1.0411155019997	0.334366938978704
3.26608991492401	1.45573646702542
1.76271459085892	0.735118738719892
2.45442904372326	0.842929862158112
0.196315155888877	0.0427978646049216
-0.29393704351009	0.103244259455108
2.91767215080868	1.15195328733466
2.4483134540998	0.840541819013097
1.39024877373414	0.49406930635718
1.71838037692335	0.512092496146657
3.25608093098774	1.44911407166836
0.182273477751123	0.0405997709363184
1.07553775848315	0.430652268960809
1.38545837834875	0.492219504116298
0.899765603237419	0.260024823460973
2.4483134540998	0.840541819013097
2.92434064150852	1.15557468669485
2.92438485477444	1.156147471729
1.72665749194725	0.514015992250562
0.92457006190404	0.266440401880801
3.26908338806269	1.45678296110119
1.4505252367256	0.680715491271584
-1.48036509444371	0.402677323712302
0.915267467236802	0.263914073443303
1.10637542715512	0.444238213380006
0.669501572235949	0.223838569535414
2.44834859745442	0.840528199577986
2.92438485477444	1.156147471729
-2.20131061198549	0.675574843790802
0.199660581380647	0.0433122758858595
1.46341391232713	0.687956662330279
0.208088282973525	0.044554233682967
1.72664583622157	0.514027439791968
1.38725996190371	0.493134041662893
3.82877106041862	2.06906516969353
1.72664583622157	0.514027439791968
2.45713066693921	0.844016359639868
2.04563958429168	1.23929787327364
0.915267467236802	0.263914073443303
-1.46754137571983	0.399241075338394
-2.20131061198549	0.675574843790802
2.92719523940039	1.15711191350553
2.92438485477444	1.156147471729
2.92715105200563	1.15632474992962
2.41581651584536	1.30970681186395
1.13768852581315	0.657713813482684
1.39557961180183	0.496365775816694
-0.549588025379477	0.144138904810768
1.38993259641355	0.494291486970406
1.72664583622157	0.514027439791968
2.45442904372326	0.842929862158112
3.26608991492401	1.45573646702542
2.91488688463889	1.15100414083562
2.4483134540998	0.840541819013097
1.76810514306125	0.7381530283959
2.92438485477444	1.156147471729
1.09528917761912	0.626203739734824
-1.05777042850809	0.34014254796271
0.697851317320155	0.233378401193421
-1.04621110690196	0.336165192535253
2.44567166971443	0.839453219846175
3.27922726773361	1.4633502643727
2.65861689116527	1.59804071001054
2.43961622041387	0.836769184993985
1.87610399576549	1.252394339948
-0.279103788614289	0.0836339313174652
0.910807770799633	0.262737230399533
-0.567147696017947	0.148564042333489
2.91488688463889	1.15100414083562
1.72664583622157	0.514027439791968
-0.290172480232866	0.0866608763690696
2.39799105624758	1.29604173002723
3.8331373619037	2.07194875327632
3.27619497272584	1.46229178166629
-0.569836236427639	0.149089357519807
1.03877357655712	0.473410827478586
1.72664583622157	0.514027439791968
3.28028898843479	1.46347366776651
3.26909842045239	1.45753652807612
0.682652031285286	0.228407801711695
3.56321850271678	1.75430275733671
0.208130289751052	0.0445612068776082
1.76266616893112	0.735090202637704
0.915318019020568	0.263922623604752
1.75401680153155	0.730971333941339
1.10624442538444	0.444494264348213
-0.562262366874053	0.147296690051847
2.44834859745442	0.840528199577986
1.71838037692335	0.512092496146657
1.78524244450656	0.746257243906127
1.40274440558796	0.499243938315738
0.175124314973247	0.046645304856595
1.0907534809609	0.43757620666106
0.92457006190404	0.266440401880801
3.26908338806269	1.45678296110119
1.88605139704033	1.26156867425019
1.7660718355889	0.736843404138436
1.08498883689243	0.435101894623599
2.92438485477444	1.156147471729
3.56977075964114	1.75979068321058
-0.858630285551409	0.332384960862121
1.77388619361697	0.741131703530167
3.56221723512204	1.7544607898084
0.177932949857513	0.0472704475269999
2.41927484006826	1.31149265787286
2.91771648568221	1.15252312484676
2.09452543766835	1.0017656434789
-0.0547063580791597	0.0179254859316405
3.28636755859253	1.46779915363749
2.45713066693921	0.844016359639868
3.55899825992108	1.75207908437113
1.43584459208227	0.672317049856132
0.917296314805694	0.264562429003048
1.76967284004497	0.739096866618545
1.7715837260479	0.739112357140686
3.57726881742395	1.76601645158811
0.195923847427482	0.042652530602415
3.27620927747588	1.46151929297208
2.92723943457006	1.15710072897931
0.177916426070479	0.0472813074926094
1.76805416025174	0.737769143612369
0.910858892443621	0.262745945817241
3.27318434966019	1.45987088217078
2.3982235304656	1.29550420000521
2.92438485477444	1.156147471729
-0.553958654260902	0.145182611160989
0.654795862914326	0.251562672713846
2.32412193774789	1.57380384796665
3.25904938664935	1.45089842575752
2.91493124431159	1.15099278421732
1.01687817239424	0.461371304375139
0.219660227535745	0.0694611101870653
0.351194549161674	0.129077366703466
0.671418682221767	0.224655245908489
2.92434064150852	1.15557468669485
0.92003140509787	0.265333979478402
1.40272851054165	0.499012480580187
2.08204522401775	1.52928596953172
1.72664583622157	0.514027439791968
0.231117956713234	0.0727088244452258
2.41081459356216	1.30606057795593
3.85145897004368	2.08846222772018
2.09467744084646	1.0018615252071
1.32134556367279	0.690789513194897
0.246104130605166	0.0769660138150043
2.39408016580545	1.29253918958529
-0.0702535553969171	0.0222792825909367
-2.69742047364421	0.954793958704405
2.91493124431159	1.15099278421732
0.66420986045487	0.254815054088412
2.44834859745442	0.840528199577986
1.36163426377746	0.886647781159811
1.08708910830076	0.435939593229012
2.91767215080868	1.15195328733466
3.84453748990437	2.08172146404308
3.85618272436548	2.09243209542039
2.68097815094839	1.61867780876216
0.208088282973525	0.044554233682967
3.5914488742797	1.77556029179753
2.91488688463889	1.15100414083562
4.08677857314321	2.42036773779401
-0.55839960089021	0.146151799893841
4.70193513393047	3.51895056859904
2.43961622041387	0.836769184993985
0.24231079990204	0.0758656666474767
2.92153744995923	1.15407818465564
0.660405062492854	0.220992749338925
0.615304635618861	0.235059346691819
0.647711550473338	0.248672089461045
1.72664583622157	0.514027439791968
1.38545837834875	0.492219504116298
2.92719523940039	1.15711191350553
0.663481936678235	0.254525794395999
0.910858892443621	0.262745945817241
1.44630627729079	0.678473918534536
3.59473312770051	1.77686306657099
1.39557961180183	0.496365775816694
1.41974529476715	0.662928111593825
3.39663010683243	2.70350579631812
2.09396320894315	1.0011830226404
1.38545837834875	0.492219504116298
0.162442133524232	0.0437962799435881
4.31684015889144	2.78187001547874
0.199660581380647	0.0433122758858595
3.28030290623515	1.46346513229433
1.78273736048802	0.744960075506138
1.44617732047646	0.678553302423544
1.72665749194725	0.514015992250562
1.08274346114932	0.4338999680219
2.91488688463889	1.15100414083562
-0.609158398920802	0.210864854245956
0.182273477751123	0.0405997709363184
1.72665749194725	0.514015992250562
2.03902850087522	1.23372154742785
1.23511339803264	0.885703830195764
1.4502898347841	0.680478139261776
0.680939462933718	0.261956153566472
2.45713066693921	0.844016359639868
0.921774163847151	0.265747233383473
0.182309601441683	0.048270223246002
3.28028898843479	1.46347366776651
1.8875673101102	1.26341692106887
1.42178465010748	0.664895210166424
3.58388492388433	1.76957141259759
2.92715105200563	1.15632474992962
0.683053910239571	0.22846371401752
2.92434064150852	1.15557468669485
2.07432344697303	0.98782080086047
1.37859750276635	0.490222912680126
3.57401945763771	1.76275547531171
2.90807789775917	1.92964450069989
1.77147970267616	0.739537116514312
2.91771648568221	1.15252312484676
3.56977075964114	1.75979068321058
1.40272851054165	0.499012480580187
2.92438485477444	1.156147471729
0.252178896211674	0.0788385113424885
1.43249253354555	0.670396702484728
3.27919957863163	1.46232569188403
0.912597447073333	0.263157043298413
2.09630476639255	1.00217980314322
3.84363051497512	2.08086183870666
1.32492859775483	0.693740027021478
2.04565518470026	1.23975784607075
3.58388492388433	1.76957141259759
-0.60837524598806	0.210364610365835
2.08591591043052	0.995653239553386
3.82536634175606	2.06542098396924
0.686487174778602	0.22957980027577
2.45446436525245	0.842916202981294
2.52589606493451	1.87364970074816
1.64063896729758	0.981981453315914
3.81786006711318	2.05881896391186
0.53527418877511	0.228697512478913
1.7715316677657	0.73956676617944
1.42443644535245	0.665709520641548
2.49623489874064	1.8387979001709
2.91493124431159	1.15099278421732
0.190534411024281	0.0501047275306018
0.680868176988487	0.227670739902701
1.34793274048301	0.708892277170507
1.63275796256027	0.975973255414372
1.45586543386513	0.683633329110585
1.0825544293637	0.433671310884445
1.08930517680903	0.437085587715125
2.40578559400761	1.30190213253038
0.942986254940614	0.532537698738769
-1.65928188300209	0.68850398687338
2.6847964056853	1.62260650498392
2.09035178211931	0.998526967079187
2.66735644154718	1.60577312551644
0.912597447073333	0.263157043298413
4.32014225974805	2.78357379903642
1.40274440558796	0.499243938315738
3.57401945763771	1.76275547531171
2.4483134540998	0.840541819013097
2.09408927735694	1.00081261564385
2.90827841061733	1.14708003600027
-0.567147696017947	0.148564042333489
1.75899450240854	0.944672611536847
1.34624766168408	0.707801940513995
0.894916799465727	0.258924013894673
2.69871995835231	1.63449674140129
1.72664583622157	0.514027439791968
3.82536634175606	2.06542098396924
0.915267467236802	0.263914073443303
2.90832288894759	1.14706883442003
0.185318321206265	0.0489335087463581
3.56972479265114	1.76059839007616
0.150561925485665	0.0411470633964153
2.91488688463889	1.15100414083562
2.92158168883162	1.15406672838897
3.27316965466308	1.45987901225535
1.72664583622157	0.514027439791968
0.675703280559916	0.259565851425499
0.924519625006435	0.266522920108041
2.45442904372326	0.842929862158112
2.43961622041387	0.836769184993985
0.908924422609946	0.262601169518593
1.77594950607652	0.742014795788623
1.73953356091327	0.723250406310303
2.45176958518949	0.841449769742287
0.205561737379768	0.0441838774146192
2.4483134540998	0.840541819013097
2.44567166971443	0.839453219846175
1.38274803685612	0.491704896267885
-0.549638443779565	0.144154566527545
-1.65341411628819	0.685569985095441
0.187516582106475	0.0494383766804619
2.92715105200563	1.15632474992962
1.72664583622157	0.514027439791968
1.40915463948594	0.656959126790639
2.38533636033725	1.28561237005996
1.77393728942937	0.74080523066272
2.45442904372326	0.842929862158112
3.28331781088139	1.4653642289376
1.37543780329452	0.488077804570456
0.906151326926563	0.261259737108879
1.7660718355889	0.736843404138436
3.28331781088139	1.4653642289376
1.10241852597439	0.44300069869777
0.245858862808042	0.076891989762666
0.199660581380647	0.0433122758858595
-0.549638443779565	0.144154566527545
2.92434064150852	1.15557468669485
4.09543502406176	2.42785977802118
0.231631606228546	0.0729731721556338
0.734622724843	0.323349243127027
0.639949301102751	0.244951965301791
4.06337808399324	2.39487276857805
0.906822097465917	0.262270642143547
1.77250126185819	0.954472461481934
2.4483134540998	0.840541819013097
-0.60837524598806	0.210364610365835
1.7660718355889	0.736843404138436
-1.26080780722235	0.599337941318878
0.682652031285286	0.228407801711695
-0.553958654260902	0.145182611160989
2.91767215080868	1.15195328733466
0.924519625006435	0.266522920108041
1.38016920470379	0.490169965758878
3.85972643602865	2.09572284347832
3.27316965466308	1.45987901225535
1.08486236230807	0.435238441596107
0.208130289751052	0.0445612068776082
3.83194598772171	2.06976594742431
3.57726881742395	1.76601645158811
1.72402871819241	0.513373825324747
2.39384947900438	1.29288498375225
0.902425948558069	0.260776504921945
2.45442904372326	0.842929862158112
2.91771648568221	1.15252312484676
3.27618071303355	1.46153655074
-0.563224434073156	0.1470595732283
3.28635452349004	1.46676370017261
0.685012911469976	0.263645064055668
2.03316045803479	1.22838360371544
2.92434064150852	1.15557468669485
1.770513002613	0.73911521710779
3.27316965466308	1.45987901225535
2.10568048526768	1.0085784085268
0.919980403266708	0.265234439804273
0.196315155888877	0.0427978646049216
2.92153744995923	1.15407818465564
1.72664583622157	0.514027439791968
2.91488688463889	1.15100414083562
2.45709514677168	0.843701380989689
2.45176958518949	0.841449769742287
0.682598544233423	0.228483971119609
1.39258193627448	0.495197582069264
2.4483134540998	0.840541819013097
1.72665749194725	0.514015992250562
0.190551949951808	0.0501236937756434
1.75355367060485	0.730143785985324
-0.55839960089021	0.146151799893841
2.09994091959323	1.00424020636326
0.208130289751052	0.0445612068776082
3.83643897137894	2.07573852721349
1.72665749194725	0.514015992250562
1.72665749194725	0.514015992250562
0.177932949857513	0.0472704475269999
0.910807770799633	0.262737230399533
1.77393728942937	0.74080523066272
-2.71821582035218	0.966213469185023
0.195880525766074	0.0426453207559659
-1.08167801109087	0.348004948428051
3.26908338806269	1.45678296110119
0.921824610399643	0.265755741469354
2.92438485477444	1.156147471729
0.208130289751052	0.0445612068776082
3.28636755859253	1.46779915363749
-0.567585807840995	0.148008276225078
4.09055654961381	2.42422065615317
-1.69618156369491	0.705300583147051
0.202198391670494	0.0436656035177294
2.43961622041387	0.836769184993985
1.72664583622157	0.514027439791968
3.58057285984422	1.76825339260171
1.72664583622157	0.514027439791968
1.09429844663075	0.439203594030748
3.26608991492401	1.45573646702542
1.64251263884187	0.983737277123718
1.40272851054165	0.499012480580187
1.0907534809609	0.43757620666106
1.78508128093501	0.746164945988396
2.92438485477444	1.156147471729
2.45442904372326	0.842929862158112
0.195880525766074	0.0426453207559659
0.182309601441683	0.048270223246002
1.39439163408924	0.495778972801822
2.45716616852698	0.843674766141773
3.58812054884659	1.77329556198561
1.39559632674966	0.496139071198923
1.72665749194725	0.514015992250562
0.205561737379768	0.0441838774146192
2.45713066693921	0.844016359639868
0.208088282973525	0.044554233682967
3.27316965466308	1.45987901225535
3.26908338806269	1.45678296110119
1.40274440558796	0.499243938315738
2.92719523940039	1.15711191350553
0.919980403266708	0.265234439804273
3.27922726773361	1.4633502643727
1.72664583622157	0.514027439791968
3.28636755859253	1.46779915363749
2.45446436525245	0.842916202981294
2.92438485477444	1.156147471729
-0.554009631260321	0.145198449870715
1.72664583622157	0.514027439791968
2.4483134540998	0.840541819013097
0.671268687509874	0.224622004345607
2.44834859745442	0.840528199577986
2.09758253416694	1.00306881864091
2.44567166971443	0.839453219846175
0.919086224093982	0.264875597201778
0.924469195483338	0.266423091240108
0.185354182313861	0.0489411300621527
2.45713066693921	0.844016359639868
1.75495432576142	0.730816424365007
3.59150016787306	1.77529358399248
0.902476879033505	0.260785195270642
3.27921340058014	1.46335938453018
0.902476879033505	0.260785195270642
1.9873895607915	1.18912005921129
0.222869713972943	0.0702508404965994
1.38957458135007	0.493821378507415
-0.303838316095645	0.0903546149865541
0.187534552195979	0.0494421831048262
2.45709514677168	0.843701380989689
1.72402871819241	0.513373825324747
1.72664583622157	0.514027439791968
-1.46556636079729	0.39889055417079
2.4483134540998	0.840541819013097
3.27921340058014	1.46335938453018
-1.46556636079729	0.39889055417079
0.921824610399643	0.265755741469354
1.38545837834875	0.492219504116298
2.92434064150852	1.15557468669485
1.71838037692335	0.512092496146657
2.4483134540998	0.840541819013097
2.45709514677168	0.843701380989689
2.90827841061733	1.14708003600027
1.72664583622157	0.514027439791968
0.205561737379768	0.0441838774146192
2.91767215080868	1.15195328733466
-2.22399291176976	0.684709935367475
3.57301180618074	1.76219924411501
2.90827841061733	1.14708003600027
2.92719523940039	1.15711191350553
2.45709514677168	0.843701380989689
2.91771648568221	1.15252312484676
1.39557961180183	0.496365775816694
2.09232699989499	1.00069417572759
2.91776082824986	1.15193094411066
0.195880525766074	0.0426453207559659
1.38545837834875	0.492219504116298
2.92434064150852	1.15557468669485
1.77731775736724	0.742549867568003
1.72664583622157	0.514027439791968
0.208088282973525	0.044554233682967
2.45713066693921	0.844016359639868
1.72664583622157	0.514027439791968
2.45709514677168	0.843701380989689
0.205561737379768	0.0441838774146192
2.91493124431159	1.15099278421732
3.26909842045239	1.45753652807612
1.39556294187099	0.496135793832498
0.924519625006435	0.266522920108041
2.92438485477444	1.156147471729
-1.04113486477337	0.334376496819243
-0.549638443779565	0.144154566527545
-1.46556636079729	0.39889055417079
0.177324465825582	0.0471342222202081
-2.70163341573963	0.956867155200627
0.208088282973525	0.044554233682967
1.71838037692335	0.512092496146657
1.72664583622157	0.514027439791968
1.38547624122001	0.492221548058075
-1.46556636079729	0.39889055417079
0.921824610399643	0.265755741469354
0.208130289751052	0.0445612068776082
1.72665749194725	0.514015992250562
1.72665749194725	0.514015992250562
2.4021399878559	1.2986419358101
1.72665749194725	0.514015992250562
-1.46556636079729	0.39889055417079
1.72402871819241	0.513373825324747
2.89896851317136	1.14156400888801
2.45713066693921	0.844016359639868
-1.04621110690196	0.336165192535253
2.45446436525245	0.842916202981294
1.72665749194725	0.514015992250562
3.28943707141214	1.46858989858706
2.92158168883162	1.15406672838897
-1.48036509444371	0.402677323712302
3.25608093098774	1.44911407166836
1.39741486104157	0.497164782563706
1.72664583622157	0.514027439791968
-0.307819054596212	0.0914527699091275
0.671311408840698	0.224616201942278
2.45446436525245	0.842916202981294
2.4483134540998	0.840541819013097
2.45446436525245	0.842916202981294
0.910807770799633	0.262737230399533
2.43961622041387	0.836769184993985
1.72664583622157	0.514027439791968
3.28635452349004	1.46676370017261
0.906771449698821	0.262172062133173
0.208088282973525	0.044554233682967
2.45716616852698	0.843674766141773
0.910858892443621	0.262745945817241
1.72664583622157	0.514027439791968
1.72664583622157	0.514027439791968
0.924519625006435	0.266522920108041
1.77388619361697	0.741131703530167
1.770513002613	0.73911521710779
0.921774163847151	0.265747233383473
2.08591591043052	0.995653239553386
2.39775875299794	1.29587052514165
-0.617573923622581	0.213728116537491
1.40274440558796	0.499243938315738
4.1023593752764	2.43614767033432
3.57301180618074	1.76219924411501
0.175124314973247	0.046645304856595
1.09470306032052	0.439152596899448
0.113980645199329	0.0446358530177822
0.910807770799633	0.262737230399533
2.45446436525245	0.842916202981294
0.222536284803437	0.0895056146200744
1.1186703266265	0.644070207992316
-2.21257221902061	0.680354097619789
3.26908338806269	1.45678296110119
3.84336233679819	2.08062906074275
2.45709514677168	0.843701380989689
-2.69742047364421	0.954793958704405
1.75495432576142	0.730816424365007
2.09184229239853	0.998743722047531
1.38545837834875	0.492219504116298
0.688755278517132	0.230474449974642
-0.554009631260321	0.145198449870715
2.92438485477444	1.156147471729
-0.563224434073156	0.1470595732283
3.28331781088139	1.4653642289376
2.41581651584536	1.30970681186395
2.08809621258249	0.997393156666143
2.91771648568221	1.15252312484676
3.28943707141214	1.46858989858706
-0.0702535553969171	0.0222792825909367
0.924469195483338	0.266423091240108
2.92723943457006	1.15710072897931
-1.46556636079729	0.39889055417079
1.72665749194725	0.514015992250562
2.91493124431159	1.15099278421732
2.91776082824986	1.15193094411066
0.688755278517132	0.230474449974642
0.915318019020568	0.263922623604752
1.39556294187099	0.496135793832498
3.26608991492401	1.45573646702542
3.85145897004368	2.08846222772018
-1.0411155019997	0.334366938978704
0.685012911469976	0.263645064055668
1.05544374263961	0.541380366240398
4.10684378091265	2.43702743961747
1.07302139668997	0.429679533268468
1.34901077368769	0.792608034778199
3.84806432828049	2.08586995435566
-0.623289950493269	0.215525282776057
0.894916799465727	0.258924013894673
2.36440702734713	1.26880947609551
1.0299747700865	0.467911658675235
1.45076081053421	0.680743860904347
2.90832288894759	1.14706883442003
0.915318019020568	0.263922623604752
1.07927570453139	0.432571298716309
1.77046288364682	0.739085774074085
1.0989884724864	0.441265983723627
0.683090437699776	0.228431766982679
1.40579926306625	0.499884434950519
3.85145897004368	2.08846222772018
0.685012911469976	0.263645064055668
0.761675141843628	0.336915290183185
2.06326954912585	1.25339917186054
-0.305975765947475	0.0907616862676259
1.44095521249481	0.675418133882751
2.28114326973709	1.5311961456284
1.10624442538444	0.444494264348213
3.86327461201068	2.09846610869719
1.4146480105073	0.660128414723583
1.34555001142024	0.707558605132378
3.59478532881027	1.77690755271774
0.680819310444715	0.227748009463594
2.66647880881727	1.60519820290168
2.01332313683178	1.21179967474843
-0.282559343150603	0.0845547776661205
1.09062725718876	0.437713933028082
1.4057837164765	0.50019805265816
3.28334481162405	1.46534615851461
2.70053466666452	2.17029012278487
0.921774163847151	0.265747233383473
-0.851927344613502	0.329397527048732
-0.562313153317888	0.147312602906664
3.26909842045239	1.45753652807612
4.07880938097788	2.4118936188948
1.39971224002831	0.49785141353806
2.45446436525245	0.842916202981294
-0.275639826283991	0.082654363540114
2.39799105624758	1.29604173002723
0.686487174778602	0.22957980027577
3.58057285984422	1.76825339260171
0.246607716198429	0.0772016746780447
-0.566762350553045	0.148337034266256
-0.562262366874053	0.147296690051847
2.91488688463889	1.15100414083562
1.35106729122333	0.710938151998784
1.37358763045122	0.812277542548441
2.45713066693921	0.844016359639868
-0.549638443779565	0.144154566527545
2.45713066693921	0.844016359639868
0.906151326926563	0.261259737108879
1.78870126227906	0.74748116983081
1.75068365698165	0.729500594274904
1.78859173026655	0.7481219126883
2.94790916270153	1.97022498599662
2.02257688569455	1.21968870064823
1.7817391805359	0.745005111153672
2.92728363751449	1.15629108008848
1.77388619361697	0.741131703530167
1.72665749194725	0.514015992250562
1.40576821535676	0.500196841629125
0.908148649268101	0.26198445808125
3.27316965466308	1.45987901225535
0.924519625006435	0.266522920108041
0.239403305751306	0.0751465921929683
1.39256483421105	0.495195831360944
2.91776082824986	1.15193094411066
1.4057837164765	0.50019805265816
0.652798133124881	0.2180678347656
1.442166090012	0.675817638722458
0.921774163847151	0.265747233383473
2.91210871999862	1.14894462063688
1.72664583622157	0.514027439791968
1.40276034595944	0.499015152970679
1.39557961180183	0.496365775816694
2.92715105200563	1.15632474992962
1.03558034015642	0.529240200132529
2.41079807129104	1.30503611061806
3.27619497272584	1.46229178166629
0.686487174778602	0.22957980027577
0.899765603237419	0.260024823460973
3.83643897137894	2.07573852721349
0.222746898166708	0.0702142115346211
0.902476879033505	0.260785195270642
2.91493124431159	1.15099278421732
1.45987799653319	0.686259769027042
0.726761378706693	0.319116752969358
1.35684517269553	0.715180570117955
0.23466335151464	0.0737583149910333
1.04766721560697	0.41804999597243
4.31745830382905	2.78252366343807
3.27922726773361	1.4633502643727
0.205561737379768	0.0441838774146192
1.40576821535676	0.500196841629125
2.09881874412596	1.00325920596236
2.4483134540998	0.840541819013097
2.07087125864236	0.985611875361845
1.40276034595944	0.499015152970679
-0.62589967432719	0.216775524965041
1.74005603338849	0.931477402678029
1.88552589985405	1.26140453613436
1.36945632804536	0.809341950140857
-0.290310492721879	0.0866777534551556
-1.16222889379548	0.524043517359399
2.09267658374396	0.999843473409221
-0.577841570622189	0.150967953694983
-0.566762350553045	0.148337034266256
-1.46556636079729	0.39889055417079
1.38725996190371	0.493134041662893
1.07197868079952	0.42925925112801
0.382115201499417	0.140583120260874
1.7496963490873	0.937978031892547
3.84363051497512	2.08086183870666
2.10568048526768	1.0085784085268
0.228234879096324	0.071924407436597
1.07063938963435	0.428249111328309
2.45176958518949	0.841449769742287
2.66246549315008	1.60201964627201
1.02564414234091	0.466300464971672
3.81015718911041	2.0513447425075
1.39557961180183	0.496365775816694
1.39258193627448	0.495197582069264
2.45442904372326	0.842929862158112
0.190534411024281	0.0501047275306018
0.680819310444715	0.227748009463594
1.34343455206642	0.788896726415137
2.45716616852698	0.843674766141773
2.92153744995923	1.15407818465564
0.248484862948329	0.0777355770399457
4.07837990089331	2.41021264874367
2.106645972142	1.00842100880927
2.11401480346062	1.0131118083397
-0.619684656769187	0.214410448648317
1.71838037692335	0.512092496146657
2.92442907579133	1.15555204884472
1.39557961180183	0.496365775816694
0.683090437699776	0.228431766982679
0.919980403266708	0.265234439804273
0.66184985934299	0.254086163643526
1.41595240351364	0.660692101003323
3.5815848695224	1.76743794322059
1.89853775356732	1.2738218612056
4.098561918652	2.43225732606346
3.58057285984422	1.76825339260171
1.07095157017984	0.428818473386194
-0.279103788614289	0.0836339313174652
1.42126218292177	0.663517965383386
0.196315155888877	0.0427978646049216
1.770513002613	0.73911521710779
0.20471393630254	0.0440337263228802
1.39559632674966	0.496139071198923
3.55899825992108	1.75207908437113
3.57731649091494	1.7652097714823
1.02596664296749	0.466381032977723
0.337650354855179	0.139891421818666
-0.563224434073156	0.1470595732283
1.42719146375037	0.667006955079851
1.07901617921969	0.432453714070198
3.28334481162405	1.46534615851461
0.854757344661299	0.429137054954315
0.170184199651161	0.0455102597114768
1.40044521977271	0.498114316228894
-0.281213010013575	0.0841770235702323
1.08498883689243	0.435101894623599
0.368157815644971	0.135282792049881
1.39972857201292	0.49785287169011
2.29518048423906	1.54605203841127
1.7313919824538	0.924356183759749
0.662104288548748	0.221469606906969
-0.305520494802094	0.107134189385744
2.00893523855045	1.20794877309259
0.675202385974488	0.225674647305293
-0.304389922778657	0.0904940480963697
0.190534411024281	0.0501047275306018
-0.556695510417587	0.145720699864662
2.28381530914321	1.53467455600437
5.23724204105536	4.82750255164947
0.915267467236802	0.263914073443303
0.674062403461265	0.225545090105427
2.45176958518949	0.841449769742287
-0.853201396110681	0.330161273158939
3.2833312885705	1.46611990793056
0.933321661916989	0.526557196370301
2.30413354576628	1.55527178496277
-0.855003276110415	0.331338009543969
1.78524244450656	0.746257243906127
-0.0653368480367344	0.0205534449562913
-0.610874543093893	0.25425738854453
0.208088282973525	0.044554233682967
3.58812054884659	1.77329556198561
2.74813876812467	2.23191968614148
4.08699657121668	2.42057811596567
1.44858586153701	0.680291786819876
1.7542227213611	0.940753082795077
1.72664583622157	0.514027439791968
1.39743118124806	0.496937284613024
0.180334652339367	0.0478106473797875
-0.281260235296569	0.0842171949240455
0.702141610987775	0.307126336743198
-0.0802225162510298	0.0253170697328077
1.01566602788689	0.460482118184718
3.83643897137894	2.07573852721349
2.45446436525245	0.842916202981294
3.588170845786	1.77334019029816
1.0614846379532	0.424534172069002
2.11356539200158	1.01282305364808
1.75792817192385	0.943560674569884
0.677379565658875	0.226586193321658
0.167714996663192	0.0449834543600603
-1.07145814894821	0.344726600937372
1.4596391658073	0.68622975054045
1.40862404516162	0.655840638535552
3.8399774426495	2.07869138541729
1.75359652770267	0.940333068034772
1.38957458135007	0.493821378507415
1.87826306743747	1.25452271512813
2.91278692057114	1.93377635953658
1.8747422196383	1.25150010007711
2.4021399878559	1.2986419358101
3.55574281240124	1.74904562098681
2.91767215080868	1.15195328733466
0.75669322433801	0.334165956853917
2.92442907579133	1.15555204884472
1.36927262046116	0.892849426902082
0.208088282973525	0.044554233682967
3.25906560847611	1.45089113400716
1.39028291728355	0.494072914686244
1.74733170633061	0.727786029291759
2.45709514677168	0.843701380989689
-0.639446277969901	0.220953585198041
2.09981111199539	1.00477269263545
2.3065766989488	1.86980833169314
0.208088282973525	0.044554233682967
3.81026925232628	2.05144697611463
2.45709514677168	0.843701380989689
1.72319032112902	0.919300473022794
1.39790783213428	0.650700373346465
0.859496397598383	0.432391235222697
2.92723943457006	1.15710072897931
2.91817243558446	1.94009356187655
2.09955146616131	1.00434168011419
1.78859173026655	0.7481219126883
0.691018322596608	0.231067203856998
1.41270267981858	0.659550944428202
1.39670390964941	0.496388528960776
2.51003312400763	1.8551464285438
0.655658092601142	0.251734990062694
1.44143744305253	0.675689146840046
2.09854407465172	1.00363736255297
3.84453748990437	2.08172146404308
1.75031900774016	0.93791434592445
2.65786743192087	1.59775909719382
3.58812054884659	1.77329556198561
-0.275639826283991	0.082654363540114
1.39439163408924	0.495778972801822
2.90827841061733	1.14708003600027
3.82125069959729	2.06090653988338
1.39028291728355	0.494072914686244
-2.21257221902061	0.680354097619789
0.919980403266708	0.265234439804273
1.77311897055778	0.740799526761961
0.733597120222406	0.322831927166604
1.76961721166636	0.738710934589995
0.658154660844817	0.252700992521472
2.67159886991754	1.610521711017
0.24079866675973	0.0756052521879749
2.45713066693921	0.844016359639868
1.77761407964011	0.956914510993942
3.55895493620897	1.75203607094021
-0.613894847013505	0.212293132343354
0.625501833470138	0.239371688107454
-0.562313153317888	0.147312602906664
2.10651670795961	1.00833702970194
2.67159886991754	1.610521711017
3.16368829475997	2.30926899625127
1.77736983538441	0.742093229737016
0.180315924045662	0.0478066702574292
2.36049935998302	1.26574983535061
2.91874144340492	1.15180916074423
-1.04923748026572	0.337110470489464
1.08708910830076	0.435939593229012
1.72829572422602	0.922640572817694
2.92438485477444	1.156147471729
2.93045353706313	1.953589689792
0.68864544870825	0.265029775810709
1.77388619361697	0.741131703530167
2.64116140952333	1.58140759075428
4.07505074466954	2.40807780385221
-3.10711705852232	1.25087392291472
2.00822251126311	1.20697174680413
4.50924409614051	3.13314533483275
2.44834859745442	0.840528199577986
0.177324465825582	0.0471342222202081
-2.69742047364421	0.954793958704405
2.32233788700976	1.5728663619909
-1.46754137571983	0.399241075338394
0.661295854415387	0.322691040033353
2.91771648568221	1.15252312484676
0.376983097751814	0.138769303946546
1.71838037692335	0.512092496146657
0.204756590717357	0.0440408052662146
4.09164605038912	2.42393299836472
0.38036082718147	0.140297970863228
1.42483250624676	0.665349095885143
1.7772138808229	0.74200364184831
1.38545837834875	0.492219504116298
1.38993259641355	0.494291486970406
1.34299913675202	0.705834239172076
-0.292596402803385	0.0873350320881933
1.43755656456294	0.673099191026866
0.671311408840698	0.224616201942278
0.694431548999718	0.232314723385403
0.533390118664429	0.227812044749088
0.685069532424766	0.375568883402158
3.82865358910845	2.06806934423554
-0.292692732069282	0.103183238893853
0.732107565806976	0.321810498269335
1.07095157017984	0.428818473386194
2.91488688463889	1.15100414083562
-0.0548120384712905	0.0179162878811802
-0.602742332853985	0.208520192393271
3.85632077961019	2.09133995787858
1.71838037692335	0.512092496146657
-0.0743276434817507	0.0228984238803194
0.667141143622465	0.223222295322169
3.26909842045239	1.45753652807612
2.45713066693921	0.844016359639868
-1.02111519094033	0.431096199665407
-0.549638443779565	0.144154566527545
2.43961622041387	0.836769184993985
1.37858284206097	0.489996603091807
2.38139112802631	1.28265319016193
1.32418149327115	0.692886572967539
4.53660408684083	3.17111040477869
0.205561737379768	0.0441838774146192
2.91210871999862	1.14894462063688
1.08498883689243	0.435101894623599
-1.04415041615715	0.335312917030539
0.672304031961959	0.258284674362663
1.77731775736724	0.742549867568003
0.686487174778602	0.22957980027577
2.91488688463889	1.15100414083562
1.72664583622157	0.514027439791968
2.90832288894759	1.14706883442003
0.177899947569855	0.047263469364084
1.72664583622157	0.514027439791968
0.386668880100761	0.142189207308483
1.42126218292177	0.663517965383386
1.75171380317282	0.729636651998704
1.43845636491507	0.673595132885157
3.56321850271678	1.75430275733671
2.92158168883162	1.15406672838897
2.37600613128154	1.27845150377986
1.33854547575905	0.702549724710297
3.2691134975973	1.45676655530423
4.09900776860607	2.43268020306776
1.39256483421105	0.495195831360944
1.7542227213611	0.940753082795077
2.3849000886837	1.28528461722794
1.7772138808229	0.74200364184831
2.91771648568221	1.15252312484676
2.45716616852698	0.843674766141773
0.234490247688083	0.0735931599845487
2.91488688463889	1.15100414083562
1.08486236230807	0.435238441596107
4.52382928983463	3.15351923316462
-0.294235024159454	0.0876651879596146
1.72665749194725	0.514015992250562
1.09296502780366	0.438667144027759
0.919980403266708	0.265234439804273
1.41396829322163	0.659534133149141
1.78513490822613	0.746684677392543
0.92003140509787	0.265333979478402
2.45713066693921	0.844016359639868
3.27619497272584	1.46229178166629
1.4409551114432	0.675194360821403
3.83643897137894	2.07573852721349
1.71838037692335	0.512092496146657
2.45713066693921	0.844016359639868
0.199660581380647	0.0433122758858595
0.204756590717357	0.0440408052662146
2.65419439235457	1.59398879310137
2.03266651273908	1.22789884517516
0.199660581380647	0.0433122758858595
2.45446436525245	0.842916202981294
1.72402871819241	0.513373825324747
2.91210871999862	1.14894462063688
3.28638063920881	1.46778961483254
2.44567166971443	0.839453219846175
1.44555554095769	0.677958384640391
3.27919957863163	1.46232569188403
1.09292263633761	0.438867001066089
0.656666486137064	0.219704410170253
4.29684827448066	2.75800740578915
0.910807770799633	0.262737230399533
0.175124314973247	0.046645304856595
1.76519883265068	0.736621797940704
3.27618071303355	1.46153655074
0.208130289751052	0.0445612068776082
0.652144276386616	0.218007688159233
1.43777745532278	0.673223104825915
2.40273087818515	1.29973100828309
0.659969723833758	0.22073480452832
3.26908338806269	1.45678296110119
2.45442904372326	0.842929862158112
0.220143328859223	0.0696702241312915
1.01182301797473	0.458570752508632
0.320092353366559	0.132430190557619
1.71001782015827	0.909201589609062
0.753334026509795	0.332567957309003
3.81026925232628	2.05144697611463
1.43146128970921	0.670083393018861
1.76298161512617	0.947866657284341
0.195880525766074	0.0426453207559659
2.92434064150852	1.15557468669485
1.87104651067806	1.24784830626268
3.57305874423035	1.76108157503203
0.623494155691424	0.238742220377238
2.64957003277519	1.59024486203275
0.653728202210229	0.250621920549968
0.669482095015514	0.257564462379002
1.09062725718876	0.437713933028082
4.08344009598907	2.41579003840599
2.02178851761359	1.21906907296871
3.27619497272584	1.46229178166629
1.77388619361697	0.741131703530167
1.38273372331617	0.491704116705521
0.854392728389183	0.429304440585188
2.44834859745442	0.840528199577986
2.10809969517537	1.00989988793632
2.93957064700195	1.96146522548862
1.01763463968455	0.461872291595247
2.29071050939772	1.54182091824694
2.41081459356216	1.30606057795593
1.40576821535676	0.500196841629125
1.75899450240854	0.944672611536847
1.38957458135007	0.493821378507415
3.84806432828049	2.08586995435566
1.77147970267616	0.739537116514312
1.40272851054165	0.499012480580187
2.0764560468415	0.989569623450032
1.74479217459828	0.934346313458311
1.770513002613	0.73911521710779
1.43733582728598	0.672586559224633
1.72665749194725	0.514015992250562
0.169928836052903	0.0454559663527724
-0.614108019426771	0.21243367828447
4.10258403023496	2.43635665098071
2.64957003277519	1.59024486203275
2.75779783062065	2.24435568964998
1.76271459085892	0.735118738719892
0.686438385931598	0.229465616264401
2.10104140294814	1.00615145415044
1.57044417781623	1.03170754024255
0.149535293824654	0.0529417650376651
1.01205097344981	0.458722805237822
2.05355824543995	1.24591361295509
1.41726659844458	0.660960101131576
2.66680131606859	1.60525838407197
0.682652031285286	0.228407801711695
1.43692413690695	0.673249910119269
2.91767215080868	1.15195328733466
0.919086224093982	0.264875597201778
2.645469632369	1.58606208005677
4.10258403023496	2.43635665098071
2.05584697080372	1.24762166415691
1.44579230289626	0.67763971106239
1.34763906883354	0.709227815860987
0.670306443519562	0.257902474234131
0.245858862808042	0.076891989762666
0.71940044411211	0.315720021407306
1.38279184561893	0.491656853905118
-0.0648481096577325	0.0201417109455463
1.45076081053421	0.680743860904347
1.39557961180183	0.496365775816694
0.671217910650184	0.224603448239011
1.05212509863096	0.480183203295823
0.176789820557786	0.062244506837388
-0.632162665545722	0.219170645510441
0.651116857985542	0.317380736734634
2.91493124431159	1.15099278421732
1.43353329977211	0.670713487789622
2.91488688463889	1.15100414083562
0.83207589660469	0.415811560699322
1.98806893345072	1.19005233078367
0.679653114219625	0.227181883175313
-1.0513489862808	0.337847138889591
3.28028898843479	1.46347366776651
2.384145825008	1.28578213431409
1.7772657725191	0.742520128546194
2.07432344697303	0.98782080086047
1.02543746055649	0.465890371859252
1.41098592597843	0.657899538442011
1.05943310394843	0.544292568867319
3.27619497272584	1.46229178166629
1.09292263633761	0.438867001066089
3.27619497272584	1.46229178166629
2.04024874426726	1.23403561804319
4.08257487951431	2.41471487906593
0.208088282973525	0.044554233682967
1.39972857201292	0.49785287169011
0.917347332724012	0.264571103399029
0.20471393630254	0.0440337263228802
2.08591591043052	0.995653239553386
2.45709514677168	0.843701380989689
3.27316965466308	1.45987901225535
2.4483134540998	0.840541819013097
0.208088282973525	0.044554233682967
0.208088282973525	0.044554233682967
0.67059755684815	0.224471695076876
2.11565724286986	1.01390947652725
1.39556294187099	0.496135793832498
0.685012911469976	0.263645064055668
3.57726881742395	1.76601645158811
3.58057285984422	1.76825339260171
0.665993328239866	0.256194502471087
1.39557961180183	0.496365775816694
4.28445432856831	2.74219301972971
1.7660718355889	0.736843404138436
2.6894982180942	1.62625879855305
0.180315924045662	0.0478066702574292
0.763771130008613	0.337852103253494
1.40046114658943	0.497802399142274
1.40044521977271	0.498114316228894
1.72664583622157	0.514027439791968
2.91493124431159	1.15099278421732
2.92442907579133	1.15555204884472
2.45713066693921	0.844016359639868
0.174819148328391	0.0614130484230744
-0.275687060281398	0.0826939690244633
-0.552335012199188	0.144678456612124
3.58052429827243	1.76820988967439
0.924519625006435	0.266522920108041
2.2722129569215	1.52299603837312
0.245981440170419	0.0769582113452547
2.72062099011571	2.19693197945261
1.38574543378959	0.492858150197212
3.58388492388433	1.76957141259759
-0.0644937872061349	0.0205341488285567
1.74510423425748	0.935047886853401
1.02822432021493	0.467721831793269
1.01202042102057	0.458500281086999
1.0164080608921	0.460842950393706
0.740109640167771	0.325963591658051
1.72664583622157	0.514027439791968
1.02601066641946	0.466207143602038
2.40482873608266	1.30091358862518
-0.298209899803795	0.0888556079266036
2.35899840755634	1.26461551908783
3.83218329198527	2.0711829714689
0.67742746445304	0.226603864627127
3.17393254693982	2.32177278933781
3.28943707141214	1.46858989858706
2.1055510446396	1.00849917927828
2.4483134540998	0.840541819013097
1.78859173026655	0.7481219126883
1.72402871819241	0.513373825324747
3.85264347285095	2.08811746900923
1.77651584363199	0.742199895497951
0.675126424079915	0.225747997410806
0.660085544099662	0.220849182949209
-0.55888165037327	0.146019049191659
3.27619497272584	1.46229178166629
-2.20452069372124	0.676749531450116
-3.07363135527025	1.23229142505553
1.05928751386563	0.42334152537139
1.72664583622157	0.514027439791968
3.27618071303355	1.46153655074
0.16207981277472	0.0437108354064728
2.91771648568221	1.15252312484676
-1.47559564657686	0.401361379112135
2.91776082824986	1.15193094411066
-0.571538969396222	0.149182553096798
0.924519625006435	0.266522920108041
1.39559632674966	0.496139071198923
2.91493124431159	1.15099278421732
-0.549588025379477	0.144138904810768
2.45713066693921	0.844016359639868
3.26608991492401	1.45573646702542
2.45442904372326	0.842929862158112
3.28941175437922	1.46860953231239
2.44834859745442	0.840528199577986
3.27619497272584	1.46229178166629
0.173719069466805	0.0463443450457431
2.45176958518949	0.841449769742287
0.156584690833271	0.0425025301223814
3.26908338806269	1.45678296110119
3.27921340058014	1.46335938453018
0.208088282973525	0.044554233682967
1.72664583622157	0.514027439791968
0.208088282973525	0.044554233682967
2.08017458981791	0.99150793962923
2.92442907579133	1.15555204884472
3.58812054884659	1.77329556198561
2.91776082824986	1.15193094411066
1.08853277222926	0.43672577714773
3.2833312885705	1.46611990793056
0.921824610399643	0.265755741469354
1.72665749194725	0.514015992250562
1.72402871819241	0.513373825324747
-1.46556636079729	0.39889055417079
-0.549638443779565	0.144154566527545
2.45713066693921	0.844016359639868
1.72664583622157	0.514027439791968
3.56221723512204	1.7544607898084
2.91771648568221	1.15252312484676
2.91776082824986	1.15193094411066
2.45716616852698	0.843674766141773
2.92715105200563	1.15632474992962
0.901720616063008	0.260095467165507
1.40575275971062	0.49988083524423
1.3929641025393	0.495468277921747
2.90827841061733	1.14708003600027
2.89896851317136	1.14156400888801
-1.48036509444371	0.402677323712302
2.44567166971443	0.839453219846175
0.915267467236802	0.263914073443303
2.45176958518949	0.841449769742287
2.43961622041387	0.836769184993985
1.38993259641355	0.494291486970406
4.07880938097788	2.4118936188948
1.3899474343491	0.49452024011659
1.3726881258282	0.487534212258015
1.40274440558796	0.499243938315738
1.39559632674966	0.496139071198923
1.40579926306625	0.499884434950519
2.4483134540998	0.840541819013097
1.77657348399071	0.742102099666446
0.910858892443621	0.262745945817241
0.174906014150012	0.0466047565088505
0.910807770799633	0.262737230399533
2.91771648568221	1.15252312484676
-0.298807819072265	0.0889558819091486
2.45442904372326	0.842929862158112
1.02109790493303	0.463997776412789
0.185336229200483	0.0489521954549182
2.45176958518949	0.841449769742287
1.38957458135007	0.493821378507415
2.45709514677168	0.843701380989689
1.76525370557138	0.736652710479781
1.40579926306625	0.499884434950519
4.32161203267007	2.78723967834099
1.76473696360464	0.736143882635398
2.91493124431159	1.15099278421732
1.07314442330609	0.429735777855557
1.76271459085892	0.735118738719892
2.45176958518949	0.841449769742287
-0.303838316095645	0.0903546149865541
2.45709514677168	0.843701380989689
2.12171588888745	1.01810020959153
2.44567166971443	0.839453219846175
0.915267467236802	0.263914073443303
2.91708358751763	1.93938046800361
-0.303349464245053	0.0902573552966827
3.25904938664935	1.45089842575752
0.175143411457113	0.0466493667011835
1.39024877373414	0.49406930635718
2.08017458981791	0.99150793962923
1.02570687303407	0.466054923858602
2.01779007837148	1.21518074863204
0.159723549279401	0.0566578319593196
2.91771648568221	1.15252312484676
1.36448243476807	0.720029942397322
1.01629608435219	0.461153845069386
1.74992801305369	0.938313435269157
2.92438485477444	1.156147471729
2.51962707862721	1.86615084740316
0.921824610399643	0.265755741469354
3.57296496055713	1.76215685722717
2.92442907579133	1.15555204884472
0.386858470176482	0.142404945776187
1.08717473823069	0.435835979466943
1.40044521977271	0.498114316228894
0.222746898166708	0.0702142115346211
1.08230651158364	0.433558668659745
1.7535603922029	0.941192406516506
3.57401945763771	1.76275547531171
1.7772657725191	0.742520128546194
2.90551789185603	1.14556900793857
2.07873132634183	0.99133955114872
0.177916426070479	0.0472813074926094
2.92715105200563	1.15632474992962
2.45713066693921	0.844016359639868
3.84363051497512	2.08086183870666
2.38853486006824	1.28840884874793
-2.21584944415156	0.681305547753399
2.39304171856081	1.29262021088984
0.92457006190404	0.266440401880801
1.72402871819241	0.513373825324747
-0.0598741927582792	0.0193716136842504
2.45709514677168	0.843701380989689
3.27921340058014	1.46335938453018
0.908148649268101	0.26198445808125
4.31714912526961	2.78254274465177
0.912597447073333	0.263157043298413
1.39256483421105	0.495195831360944
2.3899441417321	1.28925538494421
0.906151326926563	0.261259737108879
2.42394076891092	1.31590342289806
0.195923847427482	0.042652530602415
2.4483134540998	0.840541819013097
2.92438485477444	1.156147471729
1.40272851054165	0.499012480580187
2.45442904372326	0.842929862158112
0.24243225341768	0.0759022527916872
0.921774163847151	0.265747233383473
1.76187945735624	0.734917482673091
3.27618071303355	1.46153655074
4.07151042248906	2.40332242395071
1.75523548243939	0.942164259643862
1.09429844663075	0.439203594030748
0.662809315841008	0.254477784106707
3.84792904445834	2.08575030655064
4.32617063592759	2.79109844879803
1.0967809621314	0.440573408871857
3.26908338806269	1.45678296110119
0.208088282973525	0.044554233682967
3.28331781088139	1.4653642289376
1.72664583622157	0.514027439791968
2.09506043982743	1.54534729192105
2.44567166971443	0.839453219846175
1.78513490822613	0.746684677392543
3.27318434966019	1.45987088217078
0.745252683479844	0.328424828852783
2.45709514677168	0.843701380989689
2.92153744995923	1.15407818465564
3.27618071303355	1.46153655074
1.38279184561893	0.491656853905118
1.71838037692335	0.512092496146657
1.39559632674966	0.496139071198923
4.0821418529761	2.41430563887664
1.07890679271251	0.432199101979189
0.258106443353794	0.0805178203070387
3.26909842045239	1.45753652807612
2.41999613015242	1.31286147376517
1.75855320237693	0.733447204441515
2.92715105200563	1.15632474992962
2.11029142487039	1.01085520013843
0.195880525766074	0.0426453207559659
2.8961521033801	1.91638335969978
0.199660581380647	0.0433122758858595
2.45442904372326	0.842929862158112
2.45709514677168	0.843701380989689
0.670708932188477	0.257754358169692
1.01231384415496	0.459067653838858
1.07679128135453	0.431205681460047
0.906151326926563	0.261259737108879
2.67159886991754	1.610521711017
2.37528183775413	1.27876333332713
2.91771648568221	1.15252312484676
-0.298681672218904	0.0888562851975832
-1.06383257360404	0.341981866655656
0.921774163847151	0.265747233383473
3.84440354953942	2.08249008423248
2.91488688463889	1.15100414083562
2.92438485477444	1.156147471729
0.908975247039869	0.262609818284675
0.908924422609946	0.262601169518593
1.07302139668997	0.429679533268468
-0.290831686477476	0.0867545552222069
-0.0704688969582876	0.0223340996910936
-1.06667599918375	0.34265257322159
-0.0725807930709564	0.023050966952129
3.82888864503241	2.06827257768011
1.75355367060485	0.730143785985324
-0.855505564622905	0.331836356660479
3.5772212367167	1.76512071300624
4.3004409065345	2.76151516574176
-0.316372341084084	0.111004349711619
1.599606167034	1.05906152295615
0.184506730859797	0.0487417923755395
0.248609906656177	0.0778029618895605
0.915318019020568	0.263922623604752
1.77589679622546	0.741628644575613
1.72664583622157	0.514027439791968
2.65363573679875	1.59401282558185
0.69790279773561	0.233397477907166
0.674711167476204	0.225687715083999
2.11356539200158	1.01282305364808
2.09770985578578	1.00253396630826
1.03912942584789	0.473148914935258
2.92438485477444	1.156147471729
2.4483134540998	0.840541819013097
1.39439163408924	0.495778972801822
0.190695010497311	0.0418340508511931
0.910858892443621	0.262745945817241
1.38547624122001	0.492221548058075
1.72664583622157	0.514027439791968
-0.549588025379477	0.144138904810768
0.917296314805694	0.264562429003048
1.39256483421105	0.495195831360944
1.71838037692335	0.512092496146657
2.91771648568221	1.15252312484676
3.26608991492401	1.45573646702542
1.72664583622157	0.514027439791968
1.37980134392203	0.490495849580318
-0.0537056126527099	0.0176385431761968
2.44567166971443	0.839453219846175
2.91776082824986	1.15193094411066
1.75157325264744	0.72908452782451
2.92438485477444	1.156147471729
0.208088282973525	0.044554233682967
1.07526712720017	0.430388498097968
0.205561737379768	0.0441838774146192
2.92719523940039	1.15711191350553
0.924519625006435	0.266522920108041
3.25906560847611	1.45089113400716
0.20471393630254	0.0440337263228802
0.910858892443621	0.262745945817241
3.26908338806269	1.45678296110119
0.686066680341757	0.229562410582316
0.205561737379768	0.0441838774146192
0.65432714649123	0.250998537139187
0.92003140509787	0.265333979478402
2.91493124431159	1.15099278421732
0.201637517816665	0.0646441882249156
0.917296314805694	0.264562429003048
2.44567166971443	0.839453219846175
1.7660718355889	0.736843404138436
3.26909842045239	1.45753652807612
2.45709514677168	0.843701380989689
0.169600196242023	0.0454065550737327
-0.281260235296569	0.0842171949240455
2.45442904372326	0.842929862158112
0.175124314973247	0.046645304856595
2.3783648831843	1.28107477670584
3.26909842045239	1.45753652807612
-2.20131061198549	0.675574843790802
0.667973299835533	0.223589390189493
2.91210871999862	1.14894462063688
2.09171472149403	0.999275811644764
3.27921340058014	1.46335938453018
1.5996411493341	1.05974695796694
1.75855320237693	0.733447204441515
0.205561737379768	0.0441838774146192
-0.855003276110415	0.331338009543969
0.162606957311811	0.0574433231199369
1.75689874560971	0.732131283191921
1.10241852597439	0.44300069869777
2.90551789185603	1.14556900793857
0.67742746445304	0.226603864627127
0.671783008731121	0.224523528358971
-3.59555613615216	1.68300555028358
0.225390330130693	0.0710625469773121
2.44834859745442	0.840528199577986
0.661410374199493	0.253906018129349
4.09055654961381	2.42422065615317
1.76271459085892	0.735118738719892
0.377874459028099	0.138925961016406
2.10581004156324	1.00804315738564
-0.562262366874053	0.147296690051847
0.908148649268101	0.26198445808125
1.39972857201292	0.49785287169011
0.196315155888877	0.0427978646049216
1.38279184561893	0.491656853905118
-0.562313153317888	0.147312602906664
0.556003576808127	0.238600507674948
3.85173237948387	2.0886994165507
3.27016636624633	1.45724800636443
0.199660581380647	0.0433122758858595
1.72665749194725	0.514015992250562
3.16609391409171	2.3124708421018
1.38957458135007	0.493821378507415
0.683042523889567	0.228414048266896
2.90832288894759	1.14706883442003
1.07907383975337	0.432416030483269
1.39256483421105	0.495195831360944
1.72402871819241	0.513373825324747
1.72664583622157	0.514027439791968
2.91767215080868	1.15195328733466
-0.0657283560993962	0.0207957418722188
-1.46556636079729	0.39889055417079
1.72664583622157	0.514027439791968
2.45446436525245	0.842916202981294
-1.46754137571983	0.399241075338394
2.92438485477444	1.156147471729
1.72664583622157	0.514027439791968
0.208088282973525	0.044554233682967
1.38545837834875	0.492219504116298
-1.47559564657686	0.401361379112135
1.06778382118674	0.427322041635369
1.72664583622157	0.514027439791968
1.40274440558796	0.499243938315738
-0.567147696017947	0.148564042333489
2.4483134540998	0.840541819013097
0.915267467236802	0.263914073443303
1.39256483421105	0.495195831360944
-1.46556636079729	0.39889055417079
1.08243041392435	0.433808481076357
-0.275687060281398	0.0826939690244633
0.190695010497311	0.0418340508511931
1.0644157449816	0.425932001262277
3.57726881742395	1.76601645158811
-1.05646570561747	0.339422980870141
2.92719523940039	1.15711191350553
1.35847362999156	0.481984659331125
2.3899441417321	1.28925538494421
-2.20452069372124	0.676749531450116
1.39258193627448	0.495197582069264
2.90827841061733	1.14708003600027
0.924469195483338	0.266423091240108
0.170184199651161	0.0455102597114768
0.208088282973525	0.044554233682967
2.91488688463889	1.15100414083562
2.91488688463889	1.15100414083562
0.377340377285612	0.138845229528498
2.45716616852698	0.843674766141773
2.92438485477444	1.156147471729
2.4483134540998	0.840541819013097
-1.46556636079729	0.39889055417079
0.00312331598895472	0.000632900720891496
1.72402871819241	0.513373825324747
1.39971224002831	0.49785141353806
1.07914588426441	0.432705181035229
1.77393728942937	0.74080523066272
2.45442904372326	0.842929862158112
0.66219920827271	0.254517735025798
1.6291069918408	0.972758453871223
1.06819400245511	0.427458185464342
-0.562313153317888	0.147312602906664
2.27268945502307	1.52298074197448
0.539723483612184	0.230850282673187
0.208130289751052	0.0445612068776082
2.10581004156324	1.00804315738564
3.83301882980968	2.07184038545602
1.38957458135007	0.493821378507415
1.38547624122001	0.492221548058075
2.91493124431159	1.15099278421732
2.45176958518949	0.841449769742287
2.4483134540998	0.840541819013097
0.669547790070559	0.223855623975965
1.72664583622157	0.514027439791968
3.55154185738699	1.74591014244481
0.208088282973525	0.044554233682967
0.912597447073333	0.263157043298413
2.92434064150852	1.15557468669485
0.675202385974488	0.225674647305293
1.38545837834875	0.492219504116298
0.395533418634937	0.145669058792656
1.72402871819241	0.513373825324747
1.72664583622157	0.514027439791968
-0.609041337299214	0.210821100090729
1.72848759661743	0.717510966841337
4.30074265892341	2.76148648593657
0.897578623663865	0.259675397379677
-0.259421612562076	0.10353140775038
2.93045353706313	1.953589689792
2.91488688463889	1.15100414083562
0.167697313889314	0.0449797086311484
1.42526535590875	0.665595764934218
2.64957003277519	1.59024486203275
0.164712869579257	0.0443121871062313
0.694431548999718	0.232314723385403
2.08579215314207	0.99512741964913
3.27919957863163	1.46232569188403
2.94394836178716	1.96763832462565
-0.319722620042927	0.0946088590552415
1.00760456844882	0.456293012947051
0.671658309611162	0.258084614436659
0.328264157060289	0.13567616664575
2.66302375387074	1.6029269529052
2.08244330412006	0.993420529815253
0.175124314973247	0.046645304856595
-1.46556636079729	0.39889055417079
1.75359652770267	0.940333068034772
0.908924422609946	0.262601169518593
1.35152430281602	0.711329437291273
0.683090437699776	0.228431766982679
1.77944770125444	0.74326337659714
0.696852134846194	0.304748405464482
0.190534411024281	0.0501047275306018
2.92434064150852	1.15557468669485
1.4171470648412	0.661701432120552
2.09732823469476	1.00229790730105
0.184506730859797	0.0487417923755395
2.90827841061733	1.14708003600027
2.08822252927159	0.997024771965125
1.72664583622157	0.514027439791968
0.173703554764952	0.0463270163085087
2.92719523940039	1.15711191350553
1.40041350245505	0.497798298560964
4.09878475631206	2.43280580613946
1.44676087411095	0.678342614008555
3.83984476003256	2.07857397651817
1.10267786154203	0.442849067963569
-0.562262366874053	0.147296690051847
3.83643897137894	2.07573852721349
2.4483134540998	0.840541819013097
1.72665749194725	0.514015992250562
1.72402871819241	0.513373825324747
2.45716616852698	0.843674766141773
2.44834859745442	0.840528199577986
1.40272851054165	0.499012480580187
1.3929641025393	0.495468277921747
-0.0466625690736335	0.015560327705758
2.92153744995923	1.15407818465564
2.08865412451462	0.997949090162962
0.365159471502196	0.134309855814033
-0.0667657383195515	0.0210374783724973
1.45076081053421	0.680743860904347
2.02465305341579	1.22136217939228
0.682652031285286	0.228407801711695
1.06806418440503	0.427589994390055
1.75043528637159	0.938866195308391
3.59473312770051	1.77686306657099
2.91771648568221	1.15252312484676
0.67742746445304	0.226603864627127
3.27618071303355	1.46153655074
1.76801531394375	0.950980656421544
2.45446436525245	0.842916202981294
1.72664583622157	0.514027439791968
2.4483134540998	0.840541819013097
1.75157325264744	0.72908452782451
0.658526731390681	0.220060854684016
-1.40109811291681	0.52130914324694
0.917296314805694	0.264562429003048
2.90551789185603	1.14556900793857
2.0904766040442	0.998607707037486
2.91771648568221	1.15252312484676
1.89050336613839	1.26594090099647
0.674369867607714	0.259345009563657
-1.1558921946855	0.519768020077208
2.31428909932928	1.8827326136438
1.09442592655111	0.43899428693783
0.660848995370529	0.253914453399288
0.657260491944209	0.252370389541837
1.31648339843013	0.687723982240762
2.30706426908019	1.557535684661
2.30253442225719	1.86779379071655
2.09745532714859	1.00299110807235
3.57726881742395	1.76601645158811
3.5914488742797	1.77556029179753
1.35340187883658	0.712544929678819
1.77155025211996	1.43551544528894
2.11210472876445	1.01225960890849
2.11371505412769	1.01353693642233
2.45442904372326	0.842929862158112
-0.141859507914597	0.0534557059299371
0.683042523889567	0.228414048266896
0.351782676712241	0.129548111548013
1.09886001598825	0.44140397862876
3.58812054884659	1.77329556198561
3.28942439006547	1.46887958363091
2.6847964056853	1.62260650498392
1.77388619361697	0.741131703530167
2.90551789185603	1.14556900793857
2.38805889329052	1.28876327179467
-0.0548120384712905	0.0179162878811802
0.753334026509795	0.332567957309003
1.39439163408924	0.495778972801822
1.79817649252905	1.31633979492201
2.65337170045971	1.59317605348208
1.40274440558796	0.499243938315738
-0.308607113282581	0.108024862014511
-1.41003130586787	0.525097915760639
1.78279196683387	0.74512142045991
-1.46754137571983	0.399241075338394
2.91488688463889	1.15100414083562
-0.279000481749434	0.0985641010692033
2.42788937814916	1.31838807380797
4.2769990817608	2.73240690381829
1.6514252981058	0.990964317665344
1.01928160507245	0.462885495843976
0.346273756447556	0.127138188351229
0.668312029895394	0.22336922808744
3.57726881742395	1.76601645158811
1.45008047050535	0.680920797716085
-0.31004362571058	0.0920129329993573
1.76810514306125	0.7381530283959
0.676849732773828	0.226554714812322
0.917347332724012	0.264571103399029
1.01547821081878	0.46072282556356
3.57726881742395	1.76601645158811
0.350894508241081	0.128966369030245
2.91488688463889	1.15100414083562
1.39256483421105	0.495195831360944
0.705343800411266	0.309260192323721
1.39026582301669	0.494298341784791
-0.623912429413464	0.216071538242249
-0.556695510417587	0.145720699864662
0.208088282973525	0.044554233682967
1.77736983538441	0.742093229737016
0.208088282973525	0.044554233682967
0.672304031961959	0.258284674362663
2.29566815880938	1.54586882793806
1.42379107032663	0.665391563479985
2.90832288894759	1.14706883442003
3.2691134975973	1.45676655530423
0.669547790070559	0.223855623975965
2.4483134540998	0.840541819013097
2.91210871999862	1.14894462063688
2.401671961519	1.29830101712471
0.853308067549873	0.42846136209997
1.44131040633982	0.675807736270201
3.56226151463511	1.75365296814151
1.40173140245767	0.651857122861384
0.675464642647876	0.259947041364519
2.18660963618554	1.94694471565188
1.40044521977271	0.498114316228894
-0.562313153317888	0.147312602906664
0.224262554996851	0.0707648052662401
2.30251281245814	1.55355776804008
1.43777745532278	0.673223104825915
1.77939390480907	0.743719206385401
2.92153744995923	1.15407818465564
0.34631612652374	0.127634215329255
2.03493176144727	1.23020359514717
0.915267467236802	0.263914073443303
1.75423109047692	0.940910199139486
1.07302139668997	0.429679533268468
0.254284235189305	0.0794453940672214
0.229061209487742	0.0721195903939181
1.03340562175408	0.470455190938572
2.09158726527271	0.999198107174589
0.740674315178099	0.326111883765999
-1.04621110690196	0.336165192535253
0.921774163847151	0.265747233383473
0.368898295726213	0.135816201708698
1.39739858612762	0.496934278756061
3.27921340058014	1.46335938453018
1.04342285990208	0.475332852827654
2.00167431076036	1.20116316112107
0.168702694631886	0.0594461133077563
-0.292562777536825	0.0873256919566233
1.75931610176333	0.733095429495076
1.77834989961593	0.742872639612994
1.7273545337244	0.92247749195016
4.3297987552364	2.79657826407887
1.770513002613	0.73911521710779
2.43961622041387	0.836769184993985
3.83218329198527	2.0711829714689
2.4483134540998	0.840541819013097
-0.567585807840995	0.148008276225078
3.58807034578991	1.77208809268454
2.92438485477444	1.156147471729
0.657915198088905	0.252494117690066
1.38725996190371	0.493134041662893
2.09408927735694	1.00081261564385
0.208485407232986	0.0662545511532695
1.04440785482164	0.534486556703254
1.72664583622157	0.514027439791968
1.42443644535245	0.665709520641548
0.208130289751052	0.0445612068776082
1.76266616893112	0.735090202637704
0.236638685464468	0.074232976377494
1.78518862941079	0.74671530966739
1.42834798085574	0.667712163607771
1.0907534809609	0.43757620666106
2.38380995538078	1.28446902168574
-0.0832672326167757	0.025475772000303
-1.05876416989207	0.340526798435442
1.41194988168762	0.658134811374873
1.07518922673548	0.554079374593912
3.57401945763771	1.76275547531171
0.921774163847151	0.265747233383473
0.230944205617289	0.0725716910717296
-0.0714190009700818	0.0227613999535243
1.72402871819241	0.513373825324747
-0.324739062677297	0.0960191293595516
1.38545837834875	0.492219504116298
3.25906560847611	1.45089113400716
3.27619497272584	1.46229178166629
2.92438485477444	1.156147471729
1.03772724105418	0.472825084816796
2.45176958518949	0.841449769742287
0.910858892443621	0.262745945817241
3.26909842045239	1.45753652807612
3.59155155575095	1.7739818513591
-1.07322429158236	0.345239545868438
2.91767215080868	1.15195328733466
2.91767215080868	1.15195328733466
2.09408927735694	1.00081261564385
0.902476879033505	0.260785195270642
2.90832288894759	1.14706883442003
-0.620378865214911	0.214759703753463
2.0090889039123	1.20862504077624
3.26608991492401	1.45573646702542
2.66521523260506	1.60497169003261
0.685235876759934	0.26358810580182
1.76182548377079	0.735239545395665
1.73685969686651	0.928759931275441
-0.290831686477476	0.0867545552222069
1.07107915582312	0.428685124614679
0.2274543977565	0.071600628538582
0.686487174778602	0.22957980027577
-1.02571234010114	0.4330041140445
1.77393728942937	0.74080523066272
0.756520712881097	0.333876388276286
1.39256483421105	0.495195831360944
-0.867016717641742	0.334796277560608
2.9004683458892	1.92173445830893
2.6839955344987	1.62121448319582
2.09035178211931	0.998526967079187
1.39026582301669	0.494298341784791
1.39559632674966	0.496139071198923
1.40274440558796	0.499243938315738
0.691018322596608	0.231067203856998
1.77388619361697	0.741131703530167
1.37260374681986	0.487696492713787
0.671418682221767	0.224655245908489
3.27619497272584	1.46229178166629
2.67192324457325	1.61001492815338
1.76810514306125	0.7381530283959
0.225227205823021	0.070887506150228
1.75931610176333	0.733095429495076
1.72664583622157	0.514027439791968
0.199660581380647	0.0433122758858595
2.90827841061733	1.14708003600027
0.23466335151464	0.0737583149910333
2.39408016580545	1.29253918958529
0.138721927823111	0.0493195828712143
-0.311698850100735	0.0922333202000274
3.28636755859253	1.46779915363749
2.45709514677168	0.843701380989689
2.91771648568221	1.15252312484676
2.92153744995923	1.15407818465564
0.654248044589571	0.218833780823797
2.09408927735694	1.00081261564385
2.45442904372326	0.842929862158112
3.27921340058014	1.46335938453018
0.169928836052903	0.0454559663527724
0.906151326926563	0.261259737108879
2.45713066693921	0.844016359639868
1.01508868797183	0.460437194352122
3.2833312885705	1.46611990793056
2.4110519290943	1.30604253124369
1.29965587904508	0.676217152222957
2.37600613128154	1.27845150377986
0.187534552195979	0.0494421831048262
0.910858892443621	0.262745945817241
4.09900776860607	2.43268020306776
2.92438485477444	1.156147471729
2.45709514677168	0.843701380989689
3.16951907041361	2.31678997882379
0.68886976504591	0.265162079044992
0.362520667012914	0.133616690252108
1.4149933401361	0.660255519580867
0.666272809074861	0.256060204320629
2.02659083975225	1.22252121476352
1.75157325264744	0.72908452782451
4.29325832172051	2.75287584970349
2.00145616026328	1.62405591665078
1.57546726815645	1.03639919143841
0.736586022134825	0.324038969280673
1.00517634218979	0.455589532380752
1.40576821535676	0.500196841629125
1.07063938963435	0.428249111328309
3.58052429827243	1.76820988967439
1.44107562091579	0.675674611029786
-1.05139365222271	0.337625068809831
0.67742746445304	0.226603864627127
3.55574281240124	1.74904562098681
2.91771648568221	1.15252312484676
3.28331781088139	1.4653642289376
1.38016920470379	0.490169965758878
1.75043888519196	0.938907557502303
3.27619497272584	1.46229178166629
0.219173137444582	0.0690782379631127
-2.21257221902061	0.680354097619789
4.07526397439356	2.40737118514436
0.906151326926563	0.261259737108879
3.27316965466308	1.45987901225535
0.671783008731121	0.224523528358971
0.391044473603135	0.144034709405957
3.85250691700052	2.088882487883
4.321922872454	2.7875748987533
1.77736983538441	0.742093229737016
2.65367753175929	1.59343306640746
2.08809621258249	0.997393156666143
1.37720610089078	0.4890227456012
2.6583093079781	1.59834980863449
2.92719523940039	1.15711191350553
0.677379565658875	0.226586193321658
3.27619497272584	1.46229178166629
3.84440354953942	2.08249008423248
-0.296789951271133	0.104740724771945
1.42803843371222	0.667735615272241
3.56977075964114	1.75979068321058
1.77388619361697	0.741131703530167
-2.22399291176976	0.684709935367475
1.07890679271251	0.432199101979189
2.10794914759699	1.00980437821101
3.27618071303355	1.46153655074
3.27618071303355	1.46153655074
2.91488688463889	1.15100414083562
3.83301882980968	2.07184038545602
1.76640732996904	0.737303902887421
3.2893991643572	1.46739858884334
3.27618071303355	1.46153655074
-0.623912429413464	0.216071538242249
3.83206458294435	2.07108615071611
0.686536055887006	0.229501764539986
1.78513490822613	0.746684677392543
2.66647880881727	1.60519820290168
0.758608378158732	0.335211443467746
1.08708910830076	0.435939593229012
0.924469195483338	0.266423091240108
0.752853144037373	0.332195535197963
0.210129620259309	0.0667934015441829
1.76519883265068	0.736621797940704
-0.614746613769411	0.212903620622188
1.39026582301669	0.494298341784791
2.45713066693921	0.844016359639868
0.359966471803361	0.132286889139063
3.26610537788351	1.45572874939348
2.91488688463889	1.15100414083562
1.7428616669083	0.724945400053299
0.152333192436397	0.0415232974103919
0.257854234066382	0.0804831961137261
0.689318865388382	0.265131839702107
1.39971224002831	0.49785141353806
1.09886001598825	0.44140397862876
2.44834859745442	0.840528199577986
1.39297854197316	0.495469142243549
0.208130289751052	0.0445612068776082
1.09886001598825	0.44140397862876
1.40144635945363	0.652289760587776
0.228808283719498	0.0720439291537409
1.74549051560052	0.934670415377358
2.09396320894315	1.0011830226404
0.92457006190404	0.266440401880801
0.659233300414323	0.252864175791814
1.77306233895653	0.740767709932593
0.234062289777695	0.0733937759263111
2.4483134540998	0.840541819013097
2.05273215594003	1.2455050841043
0.92457006190404	0.266440401880801
-0.298760378057541	0.088942138383077
1.38248601554662	0.491066536373935
0.177916426070479	0.0472813074926094
0.660848995370529	0.253914453399288
2.6899545463011	1.62674676559608
1.40575275971062	0.49988083524423
3.27919957863163	1.46232569188403
2.66703066570646	1.60627649838599
1.07920056477177	0.432281023343017
1.75061451146006	0.72922626546094
-0.0515057021744695	0.0167843433991379
1.76805416025174	0.737769143612369
-2.69742047364421	0.954793958704405
0.228391632407592	0.0717682523462766
0.241366534324748	0.0755825326900533
0.174906014150012	0.0466047565088505
3.55899825992108	1.75207908437113
0.674659412509143	0.225763157149067
2.94443504079628	1.9672110694069
0.679650531738856	0.227226640039277
3.28334481162405	1.46534615851461
0.655282824681882	0.251903481307314
0.683042523889567	0.228414048266896
0.245046716788478	0.0767139180875719
0.653530408558927	0.251250142594794
1.02080700210813	0.463504064275932
1.3801874459795	0.490172173913112
1.39972857201292	0.49785287169011
0.671217910650184	0.224603448239011
0.355734258306152	0.131087632084659
2.08232066777183	0.993341385977143
4.30487563045761	2.76785370128329
3.5839345652559	1.76825910068082
3.81786006711318	2.05881896391186
1.45008047050535	0.680920797716085
2.40972855285763	1.30455498989097
2.92078981441422	1.94361578120924
2.91488688463889	1.15100414083562
0.763363645988175	0.337606617318302
2.37317154864913	1.27698139835648
2.10906287540443	1.01016466234297
0.208130289751052	0.0445612068776082
0.195880525766074	0.0426453207559659
-1.6853627835207	0.701867807755785
1.41239207165046	0.658053128606857
0.208130289751052	0.0445612068776082
2.37659817852811	1.27883941086168
1.76271459085892	0.735118738719892
3.82536634175606	2.06542098396924
-1.05358933464413	0.33872103827442
2.41057743172478	1.30569595309331
-0.00715565409680987	0.00252835485473176
3.55899825992108	1.75207908437113
1.72664583622157	0.514027439791968
3.85186929636564	2.08739786056755
1.43545707371972	0.67267576336276
3.16168852747208	2.30719574122561
1.75899450240854	0.944672611536847
4.1023593752764	2.43614767033432
3.14775202344268	2.28969518853238
0.917296314805694	0.264562429003048
1.40276034595944	0.499015152970679
0.225265061354041	0.0710251442631123
-0.286974240436354	0.0857853046400139
-0.292729940768794	0.103439471969934
2.94403814436448	1.96729211464041
2.44567166971443	0.839453219846175
2.45176958518949	0.841449769742287
2.37578880147198	1.27828300899486
0.688805855840813	0.230396439124451
0.680819310444715	0.227748009463594
0.00148384367617626	0.000199993967994976
0.177324465825582	0.0471342222202081
4.08677857314321	2.42036773779401
0.912597447073333	0.263157043298413
0.901404731776287	0.260636052892095
1.0907534809609	0.43757620666106
3.55899825992108	1.75207908437113
0.724161100303576	0.318128811350216
-0.721183477921178	0.317467589888399
0.658466859082446	0.253355849419425
0.353541681941491	0.130343272224777
1.09309362185995	0.438921243647383
3.58052429827243	1.76820988967439
2.40273087818515	1.29973100828309
1.73685969686651	0.928759931275441
1.07654286608265	0.431093031201469
3.59139767495235	1.77520444357358
1.75061451146006	0.72922626546094
1.44631000041798	0.678825078709689
1.38279184561893	0.491656853905118
1.7411972917879	0.932307664162552
1.75689874560971	0.732131283191921
2.09968142014921	1.0046934702074
0.24231079990204	0.0758656666474767
2.38866832032858	1.28756755577686
-0.283762323706892	0.0999527922116239
1.067358450171	0.426930579041004
0.677379565658875	0.226586193321658
0.793114759089652	0.439741634697389
1.44094295718787	0.675581621784763
2.94438781822546	1.96640941491877
0.662663963819654	0.221767140045404
1.32032084313672	0.771088477005293
2.91488688463889	1.15100414083562
-0.164310913966627	0.0615546895204098
2.04065315746236	1.23467795648729
1.02574270267603	0.465866013957478
1.36092006431605	0.717914163698357
2.3019603454032	1.55334838006333
3.28638063920881	1.46778961483254
3.56644568989027	1.757536747449
2.68466205222479	1.62211887904262
2.4483134540998	0.840541819013097
2.07416946245933	0.988395765267243
1.42846065243411	0.668294015164211
1.07679128135453	0.431205681460047
1.41441426569347	0.659992136555661
0.673447521846232	0.225320932226812
1.4057837164765	0.50019805265816
1.39557961180183	0.496365775816694
-0.283236568148671	0.0998426574768193
0.38435162495328	0.141668714126139
2.01536613106051	1.21330764448914
0.982189434011904	0.44289857493218
1.38727744289309	0.493135957861707
1.40272851054165	0.499012480580187
-0.554009631260321	0.145198449870715
1.06809080721815	0.427463426178194
-1.06297934678592	0.341962484637486
0.180315924045662	0.0478066702574292
3.57731649091494	1.7652097714823
0.917296314805694	0.264562429003048
1.35457558793779	0.971128671884176
1.09276577772498	0.438723656743456
1.75891353161275	0.94383399112718
3.56977075964114	1.75979068321058
0.217020531322814	0.0685754052822356
1.08268584750491	0.434131481875892
1.36186284665569	0.718216156968723
2.75481100938762	2.24007844960954
2.68076184145061	1.61881064609522
2.67594905045853	1.61420586851953
2.4483134540998	0.840541819013097
3.56972479265114	1.76059839007616
2.91210871999862	1.14894462063688
0.180315924045662	0.0478066702574292
1.40575275971062	0.49988083524423
-3.35727860837058	1.46969064308611
0.921774163847151	0.265747233383473
1.35596531713288	0.714257533271278
4.31714912526961	2.78254274465177
2.04472835704081	1.23918547103046
2.91767215080868	1.15195328733466
1.38993259641355	0.494291486970406
0.220949786219262	0.0700022893205154
3.28942439006547	1.46887958363091
1.4149933401361	0.660255519580867
1.72402871819241	0.513373825324747
0.679253863335306	0.227333437146606
-0.55888165037327	0.146019049191659
2.44834859745442	0.840528199577986
1.33573277841954	0.700933509931229
3.74404535603305	3.45090791330046
2.92140629007262	1.94385209579958
1.07907383975337	0.432416030483269
2.45442904372326	0.842929862158112
2.45709514677168	0.843701380989689
-0.562313153317888	0.147312602906664
1.38248601554662	0.491066536373935
1.39556294187099	0.496135793832498
1.09429844663075	0.439203594030748
2.4483134540998	0.840541819013097
0.683090437699776	0.228431766982679
