group	fill	colour
1	#F8EEED	#FFFFFF
2	#FAF4F3	#FFFFFF
3	#F9F2F1	#FEFEFE
4	#E9CFCC	#FCFCFC
5	#F1E0DE	#FDFDFD
6	#FAF4F4	#FFFFFF
7	#FCFCFD	#FFFFFF
8	#F8EEED	#FEFEFE
9	#FEFCFB	#FFFFFF
10	#F5F3FA	#FEFEFE
11	#F2F1F8	#FEFEFE
12	#FEFEFE	#FFFFFF
13	#E7E4F2	#FCFCFC
14	#E3DFF0	#FCFCFC
15	#FCF8F7	#FFFFFF
16	#FCFBFD	#FFFFFF
17	#ECEAF5	#FEFEFE
18	#F0EEF7	#FEFEFE
19	#F1EFF7	#FEFEFE
20	#FAF9FC	#FFFFFF
21	#E1DDEF	#FDFDFD
22	#FFFEFE	#FFFFFF
23	#FFFFFF	#FFFFFF
24	#FBFAFD	#FFFFFF
25	#FDFCFE	#FFFFFF
26	#DEDAED	#FCFCFC
27	#FCF8F8	#FFFFFF
28	#FAF9FC	#FFFFFF
29	#FCFBFD	#FFFFFF
30	#FDFAFA	#FFFFFF
31	#CFC9E5	#F8F8F8
32	#DDD8ED	#FAFAFA
33	#E8E5F3	#FCFCFC
34	#F7F6FB	#FEFEFE
35	#FBFAFD	#FFFFFF
36	#DDD9ED	#FDFDFD
37	#FDFDFE	#FFFFFF
38	#E8E4F2	#FEFEFE
39	#FDFBFB	#FFFFFF
40	#F0EEF7	#FEFEFE
41	#F0EEF7	#FEFEFE
42	#FEFCFC	#FFFFFF
43	#F9F8FC	#FFFFFF
44	#F4F3F9	#FEFEFE
45	#EBD3CF	#FDFDFD
46	#FCF8F7	#FFFFFF
47	#F8F7FB	#FEFEFE
48	#FAF3F2	#FEFEFE
49	#FBF5F4	#FFFFFF
50	#F8EFEE	#FEFEFE
51	#F7ECEB	#FFFFFF
52	#FEFDFC	#FFFFFF
53	#FFFFFF	#FFFFFF
54	#F2E2E0	#FDFDFD
55	#EBD3D0	#FDFDFD
56	#EEDAD7	#FDFDFD
57	#FEFDFD	#FFFFFF
58	#FBF6F6	#FFFFFF
59	#F3E5E3	#FDFDFD
60	#FBF5F4	#FFFFFF
61	#FCF8F7	#FFFFFF
62	#EAE7F3	#FDFDFD
63	#FBF5F4	#FEFEFE
64	#F7F6FB	#FEFEFE
65	#F1EFF7	#FEFEFE
66	#FDFBFA	#FFFFFF
67	#F0EDF7	#FEFEFE
68	#F4F3F9	#FEFEFE
69	#EBE8F4	#FDFDFD
70	#FCF8F8	#FFFFFF
71	#F7F6FB	#FFFFFF
72	#F1EFF7	#FEFEFE
73	#F8F0EF	#FEFEFE
74	#F6F4FA	#FFFFFF
75	#F7F6FB	#FEFEFE
76	#EFEDF6	#FEFEFE
77	#F8F7FB	#FFFFFF
78	#F8F0EF	#FEFEFE
79	#FDFDFE	#FFFFFF
80	#FBFBFD	#FFFFFF
81	#E8E5F2	#FDFDFD
82	#FBF7F6	#FFFFFF
83	#F3F2F9	#FEFEFE
84	#EBE8F4	#FDFDFD
85	#FBFBFD	#FFFFFF
86	#E7E4F2	#FDFDFD
87	#ECE9F5	#FEFEFE
88	#E1DDEF	#FDFDFD
89	#FBF5F5	#FFFFFF
90	#F4E7E5	#FEFEFE
91	#F9F1F0	#FFFFFF
92	#FAF4F3	#FFFFFF
93	#FBF6F5	#FFFFFF
94	#FEFDFC	#FFFFFF
95	#F7ECEA	#FEFEFE
96	#F0DEDC	#FDFDFD
97	#FEFDFD	#FFFFFF
98	#FFFFFF	#FFFFFF
99	#DFDBEE	#FCFCFC
100	#F8F7FB	#FFFFFF
101	#E5E1F1	#FCFCFC
102	#F9F9FC	#FFFFFF
103	#FAF9FC	#FFFFFF
104	#F7ECEA	#FEFEFE
105	#EBD3D0	#FDFDFD
106	#EFEDF6	#FEFEFE
107	#FEFEFF	#FFFFFF
108	#F8F7FB	#FFFFFF
109	#FDFAFA	#FFFFFF
110	#FEFDFD	#FFFFFF
111	#F3E4E2	#FDFDFD
112	#F9F2F1	#FEFEFE
113	#E1DDEF	#FDFDFD
114	#EBE8F4	#FDFDFD
115	#F8F7FB	#FEFEFE
116	#FFFFFF	#FFFFFF
117	#FAFAFC	#FFFFFF
118	#F8F7FB	#FFFFFF
119	#F1EFF8	#FEFEFE
120	#FCF8F8	#FFFFFF
121	#EAE7F4	#FDFDFD
122	#EFEDF7	#FEFEFE
123	#E7E4F2	#FDFDFD
124	#F0DEDC	#FDFDFD
125	#FDFCFE	#FFFFFF
126	#FCF9F8	#FFFFFF
127	#ECE9F5	#FEFEFE
128	#FCFCFD	#FFFFFF
129	#FDFBFB	#FFFFFF
130	#F4E5E4	#FDFDFD
131	#FAF3F2	#FEFEFE
132	#F8F7FB	#FEFEFE
133	#E6E3F2	#FCFCFC
134	#DAD5EB	#FBFBFB
135	#EAE7F4	#FDFDFD
136	#EFEDF7	#FEFEFE
137	#FDFDFE	#FFFFFF
138	#FAF3F2	#FEFEFE
139	#EFEDF7	#FEFEFE
140	#FDFCFE	#FFFFFF
141	#F2F0F8	#FEFEFE
142	#D9AFAA	#FBFBFB
143	#E9CFCC	#FDFDFD
144	#F6EAE8	#FEFEFE
145	#FBF6F5	#FFFFFF
146	#FCF8F8	#FFFFFF
147	#FEFDFD	#FFFFFF
148	#F6EAE9	#FEFEFE
149	#F0DEDB	#FDFDFD
150	#EAE7F4	#FDFDFD
151	#FCF8F8	#FFFFFF
152	#FDFDFE	#FFFFFF
153	#F9F8FC	#FFFFFF
154	#F8F7FB	#FFFFFF
155	#FBF7F6	#FFFFFF
156	#EBE8F4	#FDFDFD
157	#F8F7FB	#FEFEFE
158	#FFFEFE	#FFFFFF
159	#F0EEF7	#FEFEFE
160	#F0EEF7	#FEFEFE
161	#FEFDFD	#FFFFFF
162	#F4F3F9	#FEFEFE
163	#FCFBFD	#FFFFFF
164	#ECE9F5	#FEFEFE
165	#F9F8FC	#FFFFFF
166	#F9F2F1	#FFFFFF
167	#E2DEEF	#FDFDFD
168	#FAF9FC	#FFFFFF
169	#FDFCFE	#FFFFFF
170	#EBD2CF	#FCFCFC
171	#F9F9FC	#FFFFFF
172	#FEFDFE	#FFFFFF
173	#F6EAE8	#FEFEFE
174	#EFDBD9	#FCFCFC
175	#FCFBFD	#FFFFFF
176	#F9F1F0	#FEFEFE
177	#F6F5FA	#FEFEFE
178	#EBE9F4	#FEFEFE
179	#FDF9F9	#FFFFFF
180	#FBF5F5	#FEFEFE
181	#FEFDFD	#FFFFFF
182	#F9F8FC	#FFFFFF
183	#FBF6F5	#FEFEFE
184	#FBFAFD	#FFFFFF
185	#F8F7FB	#FFFFFF
186	#FCF9F8	#FFFFFF
187	#EBE8F4	#FEFEFE
188	#FCF9F8	#FFFFFF
189	#FAF9FC	#FFFFFF
190	#FBF5F5	#FEFEFE
191	#F2E2DF	#FDFDFD
192	#F2E2E0	#FDFDFD
193	#F9F1F0	#FEFEFE
194	#FEFEFE	#FFFFFF
195	#F9F0EF	#FEFEFE
196	#E9CFCB	#FCFCFC
197	#EAD1CD	#FDFDFD
198	#FAF4F3	#FFFFFF
199	#F6F4FA	#FEFEFE
200	#E3DFF0	#FDFDFD
201	#F4F2F9	#FEFEFE
202	#ECE9F4	#FEFEFE
203	#EFECF6	#FEFEFE
204	#E5E1F1	#FDFDFD
205	#D7D1E9	#FBFBFB
206	#FCF9F8	#FFFFFF
207	#F3F2F9	#FEFEFE
208	#EFEDF6	#FEFEFE
209	#FCF8F7	#FFFFFF
210	#EDEAF5	#FDFDFD
211	#FDFDFE	#FFFFFF
212	#F7F6FB	#FEFEFE
213	#F9F8FC	#FFFFFF
214	#F5E9E7	#FEFEFE
215	#F9F2F1	#FEFEFE
216	#F2E2DF	#FEFEFE
217	#FFFFFF	#FFFFFF
218	#FDFDFE	#FFFFFF
219	#FEFDFD	#FFFFFF
220	#FCFCFD	#FFFFFF
221	#EED9D6	#FDFDFD
222	#FCFBFD	#FFFFFF
223	#F0DEDB	#FCFCFC
224	#FAF4F3	#FEFEFE
225	#F8EFEE	#FEFEFE
226	#FBFAFD	#FFFFFF
227	#EEECF6	#FEFEFE
228	#F3F1F8	#FEFEFE
229	#FCF8F7	#FFFFFF
230	#FDF9F9	#FFFFFF
231	#FEFEFD	#FFFFFF
232	#FCF8F7	#FEFEFE
233	#FCF8F8	#FFFFFF
234	#F4F3F9	#FEFEFE
235	#FBF7F6	#FFFFFF
236	#EED9D7	#FDFDFD
237	#F9F1F0	#FEFEFE
238	#FDFBFA	#FFFFFF
239	#F7ECEB	#FEFEFE
240	#E3DFF0	#FDFDFD
241	#F8EFEE	#FEFEFE
242	#FDFAFA	#FFFFFF
243	#F8F6FB	#FEFEFE
244	#EFDBD8	#FDFDFD
245	#F8EEED	#FEFEFE
246	#FAF3F2	#FFFFFF
247	#F4E7E5	#FEFEFE
248	#E4E0F0	#FCFCFC
249	#F5E9E8	#FEFEFE
250	#F7F6FB	#FFFFFF
251	#F6F5FA	#FEFEFE
252	#F9F8FC	#FFFFFF
253	#F8F7FB	#FFFFFF
254	#F1EFF8	#FEFEFE
255	#F8F7FB	#FFFFFF
256	#F2E1DF	#FDFDFD
257	#F2F0F8	#FEFEFE
258	#EAE7F4	#FDFDFD
259	#FAF4F3	#FEFEFE
260	#F8EFEE	#FEFEFE
261	#FEFEFE	#FFFFFF
262	#FCF9F9	#FFFFFF
263	#FDFBFB	#FFFFFF
264	#FBFAFD	#FFFFFF
265	#F6F4FA	#FEFEFE
266	#FBFAFD	#FFFFFF
267	#FDFBFB	#FFFFFF
268	#F7F6FB	#FEFEFE
269	#FDFBFB	#FFFFFF
270	#FEFEFF	#FFFFFF
271	#F2F1F8	#FEFEFE
272	#F4E7E5	#FEFEFE
273	#F3E5E3	#FDFDFD
274	#FCF9F9	#FFFFFF
275	#FDFAFA	#FFFFFF
276	#FEFDFD	#FFFFFF
277	#E7E4F2	#FDFDFD
278	#FFFEFE	#FFFFFF
279	#FDFAF9	#FFFFFF
280	#FCF9F9	#FFFFFF
281	#FBF5F4	#FEFEFE
282	#F8EEED	#FEFEFE
283	#FEFDFD	#FFFFFF
284	#E9CECB	#FCFCFC
285	#FCFCFE	#FFFFFF
286	#F5E9E7	#FEFEFE
287	#F6EAE8	#FEFEFE
288	#F9F9FC	#FFFFFF
289	#F7ECEA	#FEFEFE
290	#FCF8F7	#FFFFFF
291	#F9F1F0	#FEFEFE
292	#F7EEEC	#FEFEFE
293	#F6EBE9	#FDFDFD
294	#FAFAFD	#FFFFFF
295	#FAF3F2	#FEFEFE
296	#F6F4FA	#FFFFFF
297	#F9F1F0	#FEFEFE
298	#F0DEDB	#FDFDFD
299	#EAE7F4	#FDFDFD
300	#EEECF6	#FEFEFE
301	#EAE7F4	#FDFDFD
302	#E7E3F2	#FEFEFE
303	#F2F0F8	#FEFEFE
304	#ECE9F4	#FEFEFE
305	#FDFAF9	#FFFFFF
306	#EFECF6	#FEFEFE
307	#FEFEFE	#FFFFFF
308	#FDFAFA	#FFFFFF
309	#F2F0F8	#FEFEFE
310	#F8F7FB	#FFFFFF
311	#FDFAFA	#FFFFFF
312	#EFECF6	#FEFEFE
313	#F8EEED	#FEFEFE
314	#F0EEF7	#FEFEFE
315	#F6F4FA	#FFFFFF
316	#F1E0DE	#FDFDFD
317	#EDEAF5	#FEFEFE
318	#EBE8F4	#FDFDFD
319	#F7ECEA	#FEFEFE
320	#F7EEEC	#FEFEFE
321	#E1DDEF	#FDFDFD
322	#FBF6F6	#FFFFFF
323	#F6EAE8	#FEFEFE
324	#F0DEDC	#FCFCFC
325	#F8F0EE	#FEFEFE
326	#FEFEFE	#FFFFFF
327	#F8EEED	#FEFEFE
328	#F5F3F9	#FFFFFF
329	#F2E2E0	#FCFCFC
330	#FDFDFE	#FFFFFF
331	#FAF4F4	#FEFEFE
332	#F7F6FB	#FEFEFE
333	#EDD7D4	#FBFBFB
334	#FDFAFA	#FFFFFF
335	#F6F4FA	#FEFEFE
336	#FFFEFE	#FFFFFF
337	#DED9ED	#FCFCFC
338	#F2E1DF	#FDFDFD
339	#F6EBEA	#FEFEFE
340	#EAE7F3	#FEFEFE
341	#FEFEFF	#FFFFFF
342	#FEFDFC	#FFFFFF
343	#F1EFF7	#FEFEFE
344	#FEFDFD	#FFFFFF
345	#FCF8F7	#FFFFFF
346	#EFEDF7	#FEFEFE
347	#F8F7FB	#FFFFFF
348	#EED8D6	#FDFDFD
349	#FDFDFE	#FFFFFF
350	#EAE7F4	#FDFDFD
351	#FAF4F3	#FEFEFE
352	#FCF8F8	#FFFFFF
353	#F6F4FA	#FEFEFE
354	#F7F6FB	#FFFFFF
355	#F6E9E8	#FEFEFE
356	#FCFCFD	#FFFFFF
357	#FAF3F2	#FEFEFE
358	#FAF9FC	#FFFFFF
359	#FBF5F5	#FFFFFF
360	#F5E9E7	#FEFEFE
361	#F6F5FA	#FEFEFE
362	#FDFDFE	#FFFFFF
363	#F6EAE9	#FEFEFE
364	#F6F5FA	#FEFEFE
365	#ECD6D3	#FDFDFD
366	#EAE7F4	#FEFEFE
367	#FEFCFC	#FFFFFF
368	#F4E6E4	#FDFDFD
369	#FAF9FC	#FFFFFF
370	#FAF4F4	#FFFFFF
371	#FCF7F7	#FFFFFF
372	#F4F2F9	#FEFEFE
373	#F9F8FC	#FFFFFF
374	#FCF7F7	#FFFFFF
375	#F4E7E5	#FDFDFD
376	#F4E7E5	#FDFDFD
377	#F6F4FA	#FEFEFE
378	#FCF8F7	#FFFFFF
379	#FCF9F8	#FFFFFF
380	#FAF4F3	#FEFEFE
381	#FDFAFA	#FFFFFF
382	#FCF7F7	#FFFFFF
383	#FBFBFD	#FFFFFF
384	#FBFBFD	#FFFFFF
385	#F5E8E6	#FDFDFD
386	#FEFCFC	#FFFFFF
387	#EDEAF5	#FEFEFE
388	#F7ECEA	#FEFEFE
389	#FAF9FC	#FFFFFF
390	#F8EEED	#FEFEFE
391	#FEFEFE	#FFFFFF
392	#F2E1DF	#FDFDFD
393	#EFEDF7	#FEFEFE
394	#F7ECEB	#FEFEFE
395	#FDFDFE	#FFFFFF
396	#EBE9F4	#FEFEFE
397	#FBF6F5	#FFFFFF
398	#F0DEDB	#FDFDFD
399	#E7CCC8	#FCFCFC
400	#EFEDF6	#FEFEFE
401	#F1DFDD	#FCFCFC
402	#FFFFFF	#FFFFFF
403	#F7F6FB	#FFFFFF
404	#F2F0F8	#FEFEFE
405	#FAFAFC	#FFFFFF
406	#F1EFF8	#FEFEFE
407	#F4E7E5	#FEFEFE
408	#F5E7E6	#FEFEFE
409	#F0EEF7	#FEFEFE
410	#EBE8F4	#FEFEFE
411	#FBF6F5	#FFFFFF
412	#FCF8F8	#FFFFFF
413	#F7EDEC	#FEFEFE
414	#F9F2F1	#FEFEFE
415	#FDFBFB	#FFFFFF
416	#F7F6FB	#FFFFFF
417	#EAE7F3	#FDFDFD
418	#F6EAE8	#FEFEFE
419	#FEFEFE	#FFFFFF
420	#EDD7D4	#FCFCFC
421	#F8EEED	#FEFEFE
422	#F9F1F0	#FFFFFF
423	#F9F1F0	#FEFEFE
424	#F9F8FC	#FFFFFF
425	#F4E5E3	#FCFCFC
426	#F9F2F1	#FEFEFE
427	#FEFCFC	#FFFFFF
428	#EFDCD9	#FDFDFD
429	#FEFDFE	#FFFFFF
430	#F9F1F0	#FEFEFE
431	#FCF7F6	#FEFEFE
432	#F2E2E0	#FCFCFC
433	#FDFCFE	#FFFFFF
434	#F8F7FB	#FFFFFF
435	#EFDBD9	#FCFCFC
436	#EAE7F4	#FDFDFD
437	#D1CBE6	#FBFBFB
438	#F8EFEE	#FEFEFE
439	#FAF9FC	#FFFFFF
440	#F7F6FB	#FFFFFF
441	#FAF3F2	#FFFFFF
442	#E8E5F3	#FEFEFE
443	#F1DFDD	#FCFCFC
444	#F6EBE9	#FEFEFE
445	#F2F0F8	#FEFEFE
446	#F4F2F9	#FEFEFE
447	#F2F0F8	#FEFEFE
448	#F5F3FA	#FFFFFF
449	#FDFCFE	#FFFFFF
450	#FDFBFB	#FFFFFF
451	#F8EFEE	#FEFEFE
452	#E6E2F1	#FDFDFD
453	#FDFBFB	#FFFFFF
454	#F5F3F9	#FEFEFE
455	#F5F3F9	#FFFFFF
456	#EAD0CD	#FDFDFD
457	#ECE9F5	#FEFEFE
458	#F6F4FA	#FEFEFE
459	#FFFFFF	#FFFFFF
460	#FCFBFD	#FFFFFF
461	#F2E2E0	#FDFDFD
462	#FBFBFD	#FFFFFF
463	#F7ECEB	#FEFEFE
464	#FBF5F4	#FEFEFE
465	#F5F3F9	#FEFEFE
466	#FBF5F4	#FFFFFF
467	#F8F7FB	#FFFFFF
468	#ECEAF5	#FEFEFE
469	#FCF9F8	#FFFFFF
470	#FAF3F2	#FEFEFE
471	#FDFAFA	#FFFFFF
472	#FDF9F9	#FFFFFF
473	#EFDBD9	#FDFDFD
474	#FEFEFE	#FFFFFF
475	#F7EDEC	#FEFEFE
476	#F8F8FB	#FFFFFF
477	#FAF9FC	#FFFFFF
478	#FEFCFC	#FFFFFF
479	#F4F3F9	#FEFEFE
480	#F6EAE8	#FDFDFD
481	#F4F2F9	#FEFEFE
482	#F8EFEE	#FDFDFD
483	#F6E9E8	#FEFEFE
484	#F8F7FB	#FFFFFF
485	#F3E4E2	#FDFDFD
486	#EAE7F4	#FDFDFD
487	#F6E9E8	#FEFEFE
488	#FCF7F6	#FFFFFF
489	#FAF3F3	#FEFEFE
490	#F3F1F8	#FEFEFE
491	#FCF9F8	#FFFFFF
492	#DEB8B3	#F9F9F9
493	#FEFCFC	#FFFFFF
494	#F0DDDA	#FCFCFC
495	#FCFCFD	#FFFFFF
496	#F3F1F9	#FEFEFE
497	#F0EEF7	#FEFEFE
498	#FEFDFD	#FFFFFF
499	#FBFAFD	#FFFFFF
500	#F4E7E5	#FEFEFE
501	#EDEAF5	#FEFEFE
502	#EED9D7	#FCFCFC
503	#DDD8EC	#FCFCFC
504	#F3F1F8	#FEFEFE
505	#F7F5FA	#FEFEFE
506	#F0EEF7	#FEFEFE
507	#F3E4E2	#FEFEFE
508	#F6EAE9	#FEFEFE
509	#FBF6F5	#FFFFFF
510	#FDFDFE	#FFFFFF
511	#F6F4FA	#FEFEFE
512	#F7EEEC	#FEFEFE
513	#FCF9F8	#FFFFFF
514	#F2F0F8	#FEFEFE
515	#E2DEEF	#FCFCFC
516	#F8F7FB	#FFFFFF
517	#FEFCFC	#FFFFFF
518	#F3E4E2	#FDFDFD
519	#EAE7F3	#FEFEFE
520	#F9F0EF	#FEFEFE
521	#FFFFFF	#FFFFFF
522	#FFFFFF	#FFFFFF
523	#F7F6FB	#FEFEFE
524	#F7F6FB	#FFFFFF
525	#FEFDFD	#FFFFFF
526	#F8EFEE	#FEFEFE
527	#EED9D6	#FBFBFB
528	#FFFEFE	#FFFFFF
529	#FDFBFB	#FFFFFF
530	#F4F2F9	#FEFEFE
531	#EDD8D5	#FAFAFA
532	#F9F1F0	#FEFEFE
533	#F6E9E8	#FDFDFD
534	#FCFBFD	#FFFFFF
535	#F5F4FA	#FFFFFF
536	#FEFEFF	#FFFFFF
537	#FDFDFE	#FFFFFF
538	#F4F2F9	#FEFEFE
539	#E4E1F1	#FDFDFD
540	#FBF5F4	#FEFEFE
541	#F3F2F9	#FEFEFE
542	#F6EAE9	#FEFEFE
543	#E9CFCC	#FCFCFC
544	#F5F4FA	#FEFEFE
545	#EFECF6	#FEFEFE
546	#EBE8F4	#FDFDFD
547	#F8F7FB	#FFFFFF
548	#F0DCDA	#FDFDFD
549	#F4F3F9	#FEFEFE
550	#E2DEEF	#FDFDFD
551	#E5E2F1	#FDFDFD
552	#EEECF6	#FEFEFE
553	#E8E4F2	#FDFDFD
554	#ECE9F5	#FDFDFD
555	#FAF3F2	#FEFEFE
556	#EBD3D0	#FDFDFD
557	#F9F8FC	#FFFFFF
558	#FCF7F7	#FFFFFF
559	#F1EFF7	#FEFEFE
560	#FEFEFF	#FFFFFF
561	#F7ECEA	#FEFEFE
562	#FBF6F5	#FFFFFF
563	#EED8D5	#FDFDFD
564	#FEFCFC	#FFFFFF
565	#EFECF6	#FEFEFE
566	#FFFFFF	#FFFFFF
567	#E7E4F2	#FDFDFD
568	#F1EFF8	#FEFEFE
569	#F9F0EF	#FEFEFE
570	#DED9ED	#FCFCFC
571	#FAF3F2	#FEFEFE
572	#FCFBFD	#FFFFFF
573	#F7F5FA	#FEFEFE
574	#FCF9F9	#FFFFFF
575	#F5F4FA	#FFFFFF
576	#F5F4FA	#FEFEFE
577	#F7EDEB	#FEFEFE
578	#FBF5F4	#FEFEFE
579	#FEFEFE	#FFFFFF
580	#E9D0CC	#FDFDFD
581	#F7EDEB	#FEFEFE
582	#F1E0DD	#FCFCFC
583	#F3E5E3	#FDFDFD
584	#F8EFEE	#FEFEFE
585	#FCFBFD	#FFFFFF
586	#FCFBFD	#FFFFFF
587	#FDFAFA	#FFFFFF
588	#FCFBFD	#FFFFFF
589	#FCFBFD	#FFFFFF
590	#F5F3FA	#FFFFFF
591	#F8EEED	#FEFEFE
592	#FDFBFA	#FFFFFF
593	#F8F7FB	#FFFFFF
594	#EED9D6	#FDFDFD
595	#F3F1F8	#FEFEFE
596	#FCF9F9	#FFFFFF
597	#F9F8FC	#FFFFFF
598	#FFFFFF	#FFFFFF
599	#F7F6FB	#FFFFFF
600	#ECE9F5	#FEFEFE
601	#EFECF6	#FEFEFE
602	#FBF5F4	#FFFFFF
603	#FBF6F5	#FFFFFF
604	#F4F2F9	#FEFEFE
605	#F8F7FB	#FEFEFE
606	#F0EEF7	#FEFEFE
607	#FAFAFC	#FFFFFF
608	#DDD8EC	#FDFDFD
609	#F5E8E6	#FEFEFE
610	#F7ECEB	#FEFEFE
611	#FCF8F7	#FFFFFF
612	#F2F0F8	#FEFEFE
613	#F9F1EF	#FEFEFE
614	#FAF4F3	#FFFFFF
615	#F5F4FA	#FEFEFE
616	#E3C3BF	#FCFCFC
617	#F1EFF8	#FEFEFE
618	#FCF8F7	#FFFFFF
619	#FFFEFE	#FFFFFF
620	#FBF6F6	#FFFFFF
621	#E5E1F1	#FDFDFD
622	#E8CDCA	#FBFBFB
623	#FDFAFA	#FFFFFF
624	#FFFEFE	#FFFFFF
625	#F6F5FA	#FEFEFE
626	#F6EBEA	#FEFEFE
627	#FBFAFD	#FFFFFF
628	#F8F0EF	#FEFEFE
629	#F8F0EF	#FDFDFD
630	#F0EEF7	#FDFDFD
631	#FAF4F3	#FFFFFF
632	#FEFEFE	#FFFFFF
633	#F3E3E1	#FDFDFD
634	#F8EFEE	#FEFEFE
635	#F7EDEC	#FEFEFE
636	#F8F7FB	#FFFFFF
637	#EFDCD9	#FDFDFD
638	#FBFAFD	#FFFFFF
639	#F1EFF8	#FEFEFE
640	#F4F3F9	#FEFEFE
641	#FBF6F5	#FFFFFF
642	#FCF9F8	#FFFFFF
643	#F7ECEB	#FEFEFE
644	#B8766F	#F9F9F9
645	#FDFDFE	#FFFFFF
646	#FDFAFA	#FFFFFF
647	#F3F2F9	#FEFEFE
648	#F4F3F9	#FEFEFE
649	#F8F7FB	#FFFFFF
650	#F8F7FB	#FFFFFF
651	#EFECF6	#FEFEFE
652	#F8EEED	#FEFEFE
653	#F1DFDC	#FDFDFD
654	#FCF8F8	#FFFFFF
655	#FCF7F7	#FFFFFF
656	#FAF9FC	#FFFFFF
657	#FFFEFF	#FFFFFF
658	#D9B0AB	#FDFDFD
659	#FDFDFE	#FFFFFF
660	#F8EFEE	#FEFEFE
661	#EEECF6	#FEFEFE
662	#F8EEED	#FEFEFE
663	#FDFDFE	#FFFFFF
664	#FCFBFD	#FFFFFF
665	#F0DDDA	#FDFDFD
666	#FCF9F9	#FFFFFF
667	#F4F2F9	#FEFEFE
668	#FBF7F6	#FFFFFF
669	#FBF5F4	#FEFEFE
670	#D9D3EA	#FDFDFD
671	#F5F3F9	#FEFEFE
672	#F9F8FC	#FFFFFF
673	#FCFBFD	#FFFFFF
674	#F2F0F8	#FEFEFE
675	#F1E0DE	#FDFDFD
676	#FDFBFA	#FFFFFF
677	#FFFFFF	#FFFFFF
678	#EFDCD9	#FBFBFB
679	#F8EFEE	#FDFDFD
680	#F5E9E8	#FDFDFD
681	#FFFFFF	#FFFFFF
682	#FDFCFE	#FFFFFF
683	#FFFFFF	#FFFFFF
684	#FBF5F5	#FEFEFE
685	#F5E9E7	#FDFDFD
686	#FAF9FC	#FFFFFF
687	#FCFBFD	#FFFFFF
688	#FDFAFA	#FFFFFF
689	#FAF9FC	#FFFFFF
690	#FAF4F3	#FEFEFE
691	#FCFCFD	#FFFFFF
692	#F9F2F1	#FEFEFE
693	#EFECF6	#FEFEFE
694	#E4E0F0	#FDFDFD
695	#F6EAE8	#FEFEFE
696	#FDFAF9	#FFFFFF
697	#F9F2F1	#FEFEFE
698	#FBF6F6	#FFFFFF
699	#F5F4FA	#FFFFFF
700	#FEFCFC	#FFFFFF
701	#FFFFFF	#FFFFFF
702	#F1DFDD	#FDFDFD
703	#F5E8E6	#FDFDFD
704	#FBF7F6	#FFFFFF
705	#DCB5B0	#FCFCFC
706	#FCF9F9	#FFFFFF
707	#FEFDFD	#FFFFFF
708	#F9F1F0	#FFFFFF
709	#FBF7F6	#FFFFFF
710	#F3E5E3	#FEFEFE
711	#F3F2F9	#FEFEFE
712	#F9F8FC	#FFFFFF
713	#FDFBFB	#FFFFFF
714	#F6EBEA	#FEFEFE
715	#F4E5E4	#FEFEFE
716	#F2F0F8	#FEFEFE
717	#E5E2F1	#FDFDFD
718	#FCFCFD	#FFFFFF
719	#FFFEFE	#FFFFFF
720	#F2F0F8	#FEFEFE
721	#F6EBEA	#FEFEFE
722	#FBF5F5	#FFFFFF
723	#FCF8F7	#FFFFFF
724	#D3CDE7	#FAFAFA
725	#EFEDF7	#FEFEFE
726	#F2E3E1	#FDFDFD
727	#FDFDFE	#FFFFFF
728	#F7EDEC	#FEFEFE
729	#F3E3E1	#FCFCFC
730	#FEFEFF	#FFFFFF
731	#F2E2DF	#FBFBFB
732	#F6EAE8	#FEFEFE
733	#FDFDFE	#FFFFFF
734	#EBE8F4	#FDFDFD
735	#F4E7E5	#FEFEFE
736	#F9F1F0	#FEFEFE
737	#F6F4FA	#FEFEFE
738	#F7EDEC	#FEFEFE
739	#F9F9FC	#FFFFFF
740	#F1DFDD	#FDFDFD
741	#FDFBFB	#FFFFFF
742	#FDFBFA	#FFFFFF
743	#F9F1F0	#FEFEFE
744	#FAF9FC	#FFFFFF
745	#FEFCFC	#FFFFFF
746	#F5E8E6	#FEFEFE
747	#FDFAFA	#FFFFFF
748	#FDFDFE	#FFFFFF
749	#FFFEFE	#FFFFFF
750	#FCFCFE	#FFFFFF
751	#FBF5F4	#FFFFFF
752	#FFFFFF	#FFFFFF
753	#FCF9F9	#FFFFFF
754	#FCFCFD	#FFFFFF
755	#FBF5F4	#FFFFFF
756	#F5F3F9	#FEFEFE
757	#EAE8F4	#FDFDFD
758	#FAF5F4	#FFFFFF
759	#F1EFF7	#FEFEFE
760	#EAE7F4	#FEFEFE
761	#F5E7E6	#FEFEFE
762	#F5E8E6	#FEFEFE
763	#F0DCDA	#FCFCFC
764	#ECD4D1	#FCFCFC
765	#FDFBFB	#FFFFFF
766	#FDFAFA	#FFFFFF
767	#F2E1DF	#FDFDFD
768	#DBD6EC	#FCFCFC
769	#FCF8F8	#FFFFFF
770	#FDFDFE	#FFFFFF
771	#FFFEFE	#FFFFFF
772	#FBF6F5	#FFFFFF
773	#FAF4F3	#FEFEFE
774	#F2F0F8	#FEFEFE
775	#FAF3F2	#FEFEFE
776	#FDFDFE	#FFFFFF
777	#F5E9E8	#FDFDFD
778	#F7ECEB	#FEFEFE
779	#E8CCC9	#FBFBFB
780	#FCF8F8	#FFFFFF
781	#FBFBFD	#FFFFFF
782	#FEFCFC	#FFFFFF
783	#FBF7F6	#FEFEFE
784	#F7EDEB	#FEFEFE
785	#FDFDFE	#FFFFFF
786	#FBF7F6	#FFFFFF
787	#EEECF6	#FEFEFE
788	#F2E1DF	#FDFDFD
789	#FCF7F7	#FFFFFF
790	#EAD2CE	#FCFCFC
791	#FDFBFB	#FFFFFF
792	#EFEDF6	#FEFEFE
793	#F7F6FB	#FFFFFF
794	#FDF9F9	#FFFFFF
795	#F2E2E0	#FEFEFE
796	#F1EEF7	#FEFEFE
797	#FCF9F9	#FFFFFF
798	#EED9D6	#FDFDFD
799	#FAF4F3	#FFFFFF
800	#F8EFED	#FEFEFE
801	#F7EDEB	#FEFEFE
802	#FBF6F5	#FFFFFF
803	#DDD9ED	#FDFDFD
804	#F9F1F0	#FEFEFE
805	#F0DDDB	#FBFBFB
806	#E5E1F1	#FCFCFC
807	#F7ECEB	#FEFEFE
808	#F7EDEB	#FEFEFE
809	#FBF5F4	#FFFFFF
810	#F3E4E2	#FEFEFE
811	#FCFCFE	#FFFFFF
812	#EBE8F4	#FDFDFD
813	#FFFFFF	#FFFFFF
814	#F0EEF7	#FEFEFE
815	#FBF5F4	#FFFFFF
816	#FEFCFC	#FFFFFF
817	#FBF6F5	#FFFFFF
818	#FAF9FC	#FFFFFF
819	#F8F7FB	#FFFFFF
820	#F6EAE8	#FEFEFE
821	#FAF4F3	#FEFEFE
822	#EFDBD9	#FEFEFE
823	#F6EBE9	#FEFEFE
824	#ECE9F5	#FDFDFD
825	#E9E6F3	#FEFEFE
826	#F3F1F8	#FEFEFE
827	#F1EFF7	#FEFEFE
828	#F1E0DE	#FCFCFC
829	#E6E2F1	#FCFCFC
830	#FAF4F3	#FEFEFE
831	#F3E3E1	#FCFCFC
832	#FAF4F3	#FEFEFE
833	#F6EAE8	#FEFEFE
834	#FEFDFD	#FFFFFF
835	#FAF3F2	#FEFEFE
836	#F9F2F1	#FEFEFE
837	#FDFCFE	#FFFFFF
838	#F4E5E3	#FDFDFD
839	#FDFBFA	#FFFFFF
840	#F4E6E4	#FEFEFE
841	#F9F2F1	#FEFEFE
842	#FBF5F4	#FEFEFE
843	#D6D0E9	#FAFAFA
844	#FBF6F5	#FFFFFF
845	#FCF8F7	#FFFFFF
846	#D7D2EA	#FBFBFB
847	#EFECF6	#FEFEFE
848	#EFECF6	#FEFEFE
849	#EAE7F4	#FEFEFE
850	#F0EEF7	#FEFEFE
851	#F8F0EF	#FEFEFE
852	#F8EFEE	#FEFEFE
853	#F4E5E3	#FEFEFE
854	#FFFFFF	#FFFFFF
855	#F9F0EF	#FEFEFE
856	#F9F1F0	#FEFEFE
857	#EAD0CD	#FDFDFD
858	#F3F1F8	#FEFEFE
859	#F9F8FC	#FFFFFF
860	#ECD4D1	#FDFDFD
861	#E9CECB	#FCFCFC
862	#FDFDFE	#FFFFFF
863	#F4F3F9	#FEFEFE
864	#F0EDF7	#FEFEFE
865	#E8CCC8	#FBFBFB
866	#EEEBF6	#FEFEFE
867	#DED9ED	#FEFEFE
868	#F5E9E7	#FEFEFE
869	#F6EBEA	#FEFEFE
870	#ECEAF5	#FEFEFE
871	#EBD4D1	#FBFBFB
872	#F9F8FC	#FFFFFF
873	#FDFBFB	#FFFFFF
874	#FEFCFC	#FFFFFF
875	#FBF5F5	#FEFEFE
876	#F9F0EF	#FEFEFE
877	#F8F7FB	#FFFFFF
878	#FEFBFB	#FFFFFF
879	#FDFAFA	#FFFFFF
880	#FCF9F8	#FFFFFF
881	#F9F1F0	#FEFEFE
882	#F5E9E7	#FEFEFE
883	#FFFFFF	#FFFFFF
884	#FDFCFE	#FFFFFF
885	#FCF9F9	#FFFFFF
886	#F7F6FB	#FEFEFE
887	#F9F2F1	#FEFEFE
888	#F4F2F9	#FEFEFE
889	#EED9D6	#FDFDFD
890	#FCFCFD	#FFFFFF
891	#FFFFFF	#FFFFFF
892	#F5E9E8	#FDFDFD
893	#F5E8E6	#FEFEFE
894	#FCFCFD	#FFFFFF
895	#FDFDFE	#FFFFFF
896	#FFFEFE	#FFFFFF
897	#EEEBF6	#FEFEFE
898	#E8E4F2	#FEFEFE
899	#F2E2E0	#FEFEFE
900	#E4C5C1	#FCFCFC
901	#FEFCFC	#FFFFFF
902	#F7F6FB	#FFFFFF
903	#FFFEFE	#FFFFFF
904	#E7E3F2	#FDFDFD
905	#F2E3E1	#FDFDFD
906	#E8E4F2	#FEFEFE
907	#E1DDEF	#FCFCFC
908	#F2F0F8	#FEFEFE
909	#F6F4FA	#FFFFFF
910	#F2F0F8	#FEFEFE
911	#FCFBFD	#FFFFFF
912	#F3F2F9	#FEFEFE
913	#F8EFED	#FEFEFE
914	#F2F1F8	#FEFEFE
915	#F8F7FB	#FFFFFF
916	#ECD5D2	#FDFDFD
917	#F5F4FA	#FFFFFF
918	#FAF9FC	#FFFFFF
919	#F8EEED	#FEFEFE
920	#F5E7E6	#FEFEFE
921	#EFDBD8	#FCFCFC
922	#FCF8F7	#FFFFFF
923	#FAF9FC	#FFFFFF
924	#EAE7F3	#FDFDFD
925	#FDFAF9	#FFFFFF
926	#F8F7FB	#FFFFFF
927	#E7E3F2	#FDFDFD
928	#FCFBFD	#FFFFFF
929	#F1EFF8	#FEFEFE
930	#F7EDEB	#FEFEFE
931	#E2C1BC	#F6F6F6
932	#F4E6E4	#FDFDFD
933	#EBD3D0	#FBFBFB
934	#F8F7FB	#FFFFFF
935	#F4E7E5	#FEFEFE
936	#FFFFFF	#FFFFFF
937	#F0EEF7	#FEFEFE
938	#F3E5E3	#FDFDFD
939	#FAF4F3	#FEFEFE
940	#F3E3E1	#FDFDFD
941	#F7ECEB	#FEFEFE
942	#FEFCFC	#FFFFFF
943	#FCFCFD	#FFFFFF
944	#E3DFF0	#FCFCFC
945	#FCF9F9	#FFFFFF
946	#EAE7F4	#FDFDFD
947	#F1EEF7	#FEFEFE
948	#FFFEFE	#FFFFFF
949	#EDEAF5	#FEFEFE
950	#F3E5E3	#FEFEFE
951	#FCF7F7	#FFFFFF
952	#FFFFFE	#FFFFFF
953	#F7F5FA	#FFFFFF
954	#F3E4E2	#FDFDFD
955	#FEFCFC	#FFFFFF
956	#EEECF6	#FEFEFE
957	#F0EEF7	#FEFEFE
958	#FEFCFC	#FFFFFF
959	#F2F0F8	#FEFEFE
960	#EFDBD9	#FEFEFE
961	#F4F2F9	#FEFEFE
962	#FCF8F8	#FFFFFF
963	#FCF8F8	#FFFFFF
964	#F6EAE8	#FDFDFD
965	#E0DCEE	#FCFCFC
966	#E1DDEF	#FDFDFD
967	#FBFAFD	#FFFFFF
968	#F9F8FC	#FFFFFF
969	#F6F5FA	#FFFFFF
970	#EFDBD9	#FEFEFE
971	#FCF7F7	#FFFFFF
972	#E9CECA	#FCFCFC
973	#F8EEED	#FEFEFE
974	#E7E4F2	#FDFDFD
975	#E9E6F3	#FDFDFD
976	#FFFFFE	#FFFFFF
977	#F9F8FC	#FFFFFF
978	#F9F1F0	#FEFEFE
979	#FBF6F6	#FFFFFF
980	#F6F5FA	#FEFEFE
981	#F4E6E4	#FDFDFD
982	#FEFEFE	#FFFFFF
983	#FFFFFF	#FFFFFF
984	#FCF9F8	#FFFFFF
985	#F4F2F9	#FEFEFE
986	#EDEAF5	#FEFEFE
987	#FBFAFD	#FFFFFF
988	#F4E6E5	#FDFDFD
989	#E0BEB9	#FBFBFB
990	#F8EEED	#FEFEFE
991	#E1DDEF	#FDFDFD
992	#FEFEFE	#FFFFFF
993	#FEFDFD	#FFFFFF
994	#E3C4BF	#FCFCFC
995	#F9F1F0	#FFFFFF
996	#E9D0CC	#FCFCFC
997	#EDEAF5	#FEFEFE
998	#FEFCFC	#FFFFFF
999	#D8D3EA	#FDFDFD
1000	#F9F8FC	#FFFFFF
1001	#E4E1F1	#FDFDFD
1002	#FCF8F7	#FFFFFF
1003	#F7EDEC	#FEFEFE
1004	#F5F4FA	#FFFFFF
1005	#F3F1F8	#FEFEFE
1006	#F6EAE9	#FEFEFE
1007	#FBF5F4	#FFFFFF
1008	#F5F4FA	#FFFFFF
1009	#FCF9F8	#FFFFFF
1010	#FEFCFB	#FFFFFF
1011	#E5C6C3	#FBFBFB
1012	#FFFEFE	#FFFFFF
1013	#FFFEFE	#FFFFFF
1014	#F2F0F8	#FEFEFE
1015	#F7EDEC	#FEFEFE
1016	#E8E4F2	#FDFDFD
1017	#EFEDF6	#FEFEFE
1018	#EDEAF5	#FDFDFD
1019	#FBF5F5	#FFFFFF
1020	#FDFDFE	#FFFFFF
1021	#F4E5E3	#FEFEFE
1022	#F7ECEA	#FEFEFE
1023	#FEFEFD	#FFFFFF
1024	#E6C9C6	#FCFCFC
1025	#FBF6F5	#FEFEFE
1026	#F9F8FC	#FFFFFF
1027	#ECEAF5	#FEFEFE
1028	#F5F4FA	#FEFEFE
1029	#FFFEFF	#FFFFFF
1030	#F7ECEB	#FEFEFE
1031	#FAF4F3	#FEFEFE
1032	#F5E9E7	#FEFEFE
1033	#EFEDF6	#FEFEFE
1034	#F1DFDD	#FDFDFD
1035	#F8EFEE	#FEFEFE
1036	#FFFEFE	#FFFFFF
1037	#FBF5F5	#FFFFFF
1038	#F3E5E3	#FDFDFD
1039	#E5C6C3	#FBFBFB
1040	#E7E4F2	#FDFDFD
1041	#DBB4AF	#FAFAFA
1042	#F9F9FC	#FFFFFF
1043	#FBFBFD	#FFFFFF
1044	#F4F2F9	#FEFEFE
1045	#F8F8FB	#FFFFFF
1046	#FAF9FC	#FFFFFF
1047	#F1E0DD	#FEFEFE
1048	#E1DDEF	#FDFDFD
1049	#F3F2F9	#FEFEFE
1050	#F0EEF7	#FEFEFE
1051	#F8EFEE	#FEFEFE
1052	#FBFAFD	#FFFFFF
1053	#F7EEEC	#FEFEFE
1054	#FDFBFB	#FFFFFF
1055	#FEFEFE	#FFFFFF
1056	#F5E9E7	#FEFEFE
1057	#F8F7FB	#FFFFFF
1058	#F8EFEE	#FEFEFE
1059	#FBF5F4	#FFFFFF
1060	#EAD1CE	#FCFCFC
1061	#FCF9F8	#FFFFFF
1062	#F4E6E5	#FEFEFE
1063	#ECE9F5	#FEFEFE
1064	#F6EBEA	#FEFEFE
1065	#F8EEED	#FEFEFE
1066	#E9E6F3	#FDFDFD
1067	#F7F6FB	#FFFFFF
1068	#FBF6F5	#FFFFFF
1069	#FCF8F7	#FFFFFF
1070	#FAF4F3	#FEFEFE
1071	#F9F1F0	#FEFEFE
1072	#EAD0CD	#FDFDFD
1073	#FBFBFD	#FFFFFF
1074	#FDFDFE	#FFFFFF
1075	#F5F4FA	#FEFEFE
1076	#FFFEFE	#FFFFFF
1077	#F6EBE9	#FEFEFE
1078	#E2DEEF	#FCFCFC
1079	#FDFBFA	#FFFFFF
1080	#FAFAFC	#FFFFFF
1081	#F9F8FC	#FFFFFF
1082	#F7F6FB	#FEFEFE
1083	#FEFEFE	#FFFFFF
1084	#F8F7FB	#FFFFFF
1085	#F9F0EF	#FEFEFE
1086	#FCF8F8	#FFFFFF
1087	#FBFBFD	#FFFFFF
1088	#F8F0EF	#FEFEFE
1089	#F3E4E2	#FEFEFE
1090	#ECD6D3	#FDFDFD
1091	#FBF6F5	#FFFFFF
1092	#F4E6E4	#FDFDFD
1093	#FFFFFF	#FFFFFF
1094	#EEECF6	#FEFEFE
1095	#EEEBF6	#FEFEFE
1096	#FEFCFB	#FFFFFF
1097	#FFFFFF	#FFFFFF
1098	#F7F6FB	#FFFFFF
1099	#FAFAFC	#FFFFFF
1100	#F3F2F9	#FEFEFE
1101	#DDD8EC	#FDFDFD
1102	#F5E9E8	#FEFEFE
1103	#F9F2F1	#FEFEFE
1104	#F5E8E6	#FEFEFE
1105	#EBD4D1	#FDFDFD
1106	#FCF8F8	#FFFFFF
1107	#FEFCFC	#FFFFFF
1108	#D8ADA7	#FBFBFB
1109	#F3E3E1	#FDFDFD
1110	#F3E4E2	#FDFDFD
1111	#F1E0DD	#FDFDFD
1112	#FEFEFE	#FFFFFF
1113	#FAF9FC	#FFFFFF
1114	#EFDBD8	#FDFDFD
1115	#F2F1F8	#FEFEFE
1116	#F2E2DF	#FEFEFE
1117	#F4E6E4	#FDFDFD
1118	#F8F7FB	#FEFEFE
1119	#F6EAE9	#FEFEFE
1120	#D7D2E9	#FBFBFB
1121	#F6F5FA	#FEFEFE
1122	#FAF3F2	#FFFFFF
1123	#F6F5FA	#FEFEFE
1124	#FFFFFF	#FFFFFF
1125	#FBF6F5	#FFFFFF
1126	#F7EEEC	#FEFEFE
1127	#FDFAFA	#FFFFFF
1128	#FAF3F3	#FEFEFE
1129	#DDD8EC	#FBFBFB
1130	#E3DFF0	#FCFCFC
1131	#FFFEFE	#FFFFFF
1132	#F8EEED	#FEFEFE
1133	#EFDAD8	#FCFCFC
1134	#F7ECEB	#FEFEFE
1135	#F6F4FA	#FEFEFE
1136	#E2C0BC	#FDFDFD
1137	#F2E1DF	#FEFEFE
1138	#F8F0EF	#FEFEFE
1139	#FCFBFD	#FFFFFF
1140	#FAF2F2	#FEFEFE
1141	#F2E3E1	#FDFDFD
1142	#FDFDFE	#FFFFFF
1143	#F6F4FA	#FFFFFF
1144	#FBF6F5	#FFFFFF
1145	#DDB7B2	#FAFAFA
1146	#FBFBFD	#FFFFFF
1147	#ECD4D1	#FDFDFD
1148	#F7ECEB	#FEFEFE
1149	#E7E4F2	#FDFDFD
1150	#F8F7FB	#FFFFFF
1151	#F5F3F9	#FEFEFE
1152	#EFDBD9	#FEFEFE
1153	#F4F2F9	#FEFEFE
1154	#FCF7F7	#FFFFFF
1155	#EAE6F3	#FDFDFD
1156	#ECEAF5	#FDFDFD
1157	#F0EEF7	#FEFEFE
1158	#F9F0EF	#FEFEFE
1159	#F5E9E8	#FEFEFE
1160	#FBF5F5	#FFFFFF
1161	#FDFAFA	#FFFFFF
1162	#EDEBF5	#FEFEFE
1163	#D5CFE8	#FCFCFC
1164	#F7EDEC	#FEFEFE
1165	#F7EDEB	#FEFEFE
1166	#FCF9F8	#FFFFFF
1167	#F5E8E6	#FEFEFE
1168	#F1E0DD	#FDFDFD
1169	#FEFEFE	#FFFFFF
1170	#F7F5FA	#FFFFFF
1171	#F7ECEA	#FEFEFE
1172	#FCF8F8	#FFFFFF
1173	#F9F2F1	#FEFEFE
1174	#E5E2F1	#FCFCFC
1175	#F8F0EF	#FEFEFE
1176	#F7EDEC	#FEFEFE
1177	#EFEDF6	#FEFEFE
1178	#F2F0F8	#FEFEFE
1179	#EBE8F4	#FDFDFD
1180	#F7ECEA	#FEFEFE
1181	#FBFAFD	#FFFFFF
1182	#FDFBFB	#FFFFFF
1183	#F1DFDD	#FDFDFD
1184	#EFDBD9	#FCFCFC
1185	#FFFFFE	#FFFFFF
1186	#EFEDF7	#FEFEFE
1187	#F1EFF8	#FEFEFE
1188	#F0EEF7	#FEFEFE
1189	#E7E3F2	#FDFDFD
1190	#FFFFFF	#FFFFFF
1191	#FBF5F4	#FEFEFE
1192	#F2F0F8	#FEFEFE
1193	#F7EDEB	#FEFEFE
1194	#FAF9FC	#FFFFFF
1195	#F8F7FB	#FFFFFF
1196	#E0DCEE	#FCFCFC
1197	#F3E3E1	#FEFEFE
1198	#FBFAFD	#FFFFFF
1199	#EAE7F4	#FEFEFE
1200	#F8EFED	#FEFEFE
1201	#FEFCFC	#FFFFFF
1202	#EAD0CD	#FCFCFC
1203	#F0EEF7	#FEFEFE
1204	#EBD3CF	#FDFDFD
1205	#FEFDFE	#FFFFFF
1206	#F5E9E7	#FEFEFE
1207	#F3E4E2	#FDFDFD
1208	#F6EBEA	#FEFEFE
1209	#FEFEFD	#FFFFFF
1210	#FEFEFF	#FFFFFF
1211	#F5F3F9	#FEFEFE
1212	#EEECF6	#FEFEFE
1213	#FEFDFD	#FFFFFF
1214	#F2F0F8	#FEFEFE
1215	#FEFCFC	#FFFFFF
1216	#FBF6F5	#FFFFFF
1217	#F8EFEE	#FEFEFE
1218	#FBFBFD	#FFFFFF
1219	#FCF7F7	#FFFFFF
1220	#FCF8F8	#FFFFFF
1221	#FAF9FC	#FFFFFF
1222	#FEFEFF	#FFFFFF
1223	#E7E4F2	#FDFDFD
1224	#FFFEFF	#FFFFFF
1225	#FDFBFB	#FFFFFF
1226	#E8CCC8	#FDFDFD
1227	#FCF7F7	#FFFFFF
1228	#FAF4F3	#FEFEFE
1229	#FBF6F5	#FFFFFF
1230	#FBF6F6	#FFFFFF
1231	#E3E0F0	#FDFDFD
1232	#F8F7FB	#FFFFFF
1233	#FDFAFA	#FFFFFF
1234	#FFFFFF	#FFFFFF
1235	#F7EEEC	#FEFEFE
1236	#ECE9F5	#FDFDFD
1237	#FEFDFC	#FFFFFF
1238	#F7F6FB	#FFFFFF
1239	#FBFAFD	#FFFFFF
1240	#FFFFFF	#FFFFFF
1241	#F4E5E3	#FEFEFE
1242	#E9E6F3	#FDFDFD
1243	#FEFCFC	#FFFFFF
1244	#F3E4E2	#FCFCFC
1245	#FEFDFD	#FFFFFF
1246	#FCFCFE	#FFFFFF
1247	#F2F0F8	#FEFEFE
1248	#F9F2F1	#FEFEFE
1249	#FFFFFF	#FFFFFF
1250	#F1F0F8	#FEFEFE
1251	#EFDBD8	#FEFEFE
1252	#FFFEFE	#FFFFFF
1253	#E7CBC7	#FDFDFD
1254	#FAF3F2	#FFFFFF
1255	#FDFBFB	#FFFFFF
1256	#FEFCFC	#FFFFFF
1257	#E0BDB8	#FBFBFB
1258	#FEFDFD	#FFFFFF
1259	#FCF7F6	#FFFFFF
1260	#F9F1F0	#FEFEFE
1261	#F1EFF7	#FEFEFE
1262	#FEFCFC	#FFFFFF
1263	#FDF9F9	#FFFFFF
1264	#F1DFDD	#FDFDFD
1265	#EBD3D0	#FBFBFB
1266	#F6EAE8	#FEFEFE
1267	#F2F1F8	#FEFEFE
1268	#F8F7FB	#FFFFFF
1269	#FDFAFA	#FFFFFF
1270	#FDFBFA	#FFFFFF
1271	#FAF3F2	#FEFEFE
1272	#FAF9FC	#FFFFFF
1273	#F9F8FB	#FFFFFF
1274	#FBFAFD	#FFFFFF
1275	#FAF4F3	#FEFEFE
1276	#E7CBC7	#FAFAFA
1277	#FAF9FC	#FFFFFF
1278	#EFEDF7	#FEFEFE
1279	#FFFFFF	#FFFFFF
1280	#F0DDDB	#FDFDFD
1281	#F4F2F9	#FEFEFE
1282	#EFEDF6	#FEFEFE
1283	#F3F1F8	#FEFEFE
1284	#F8F7FB	#FFFFFF
1285	#F5F3FA	#FEFEFE
1286	#FBF5F5	#FFFFFF
1287	#FEFCFB	#FFFFFF
1288	#F7ECEB	#FEFEFE
1289	#F0DEDB	#FEFEFE
1290	#FFFFFF	#FFFFFF
1291	#F9F9FC	#FFFFFF
1292	#EEDAD7	#FCFCFC
1293	#F8F0EE	#FEFEFE
1294	#F7ECEA	#FEFEFE
1295	#FBF6F5	#FFFFFF
1296	#F7F6FB	#FFFFFF
1297	#FFFEFE	#FFFFFF
1298	#F6EBE9	#FEFEFE
1299	#FCF9F9	#FFFFFF
1300	#EFDCDA	#FDFDFD
1301	#F2F1F8	#FEFEFE
1302	#FDFBFB	#FFFFFF
1303	#E5E1F1	#FDFDFD
1304	#F7ECEB	#FEFEFE
1305	#F8F7FB	#FFFFFF
1306	#FDFBFB	#FFFFFF
1307	#F2E1DF	#FEFEFE
1308	#F3E3E1	#FDFDFD
1309	#F6F5FA	#FFFFFF
1310	#F5F3F9	#FEFEFE
1311	#FDFCFE	#FFFFFF
1312	#E8E4F2	#FDFDFD
1313	#FCF8F7	#FFFFFF
1314	#FEFCFC	#FFFFFF
1315	#FCF8F7	#FFFFFF
1316	#F7EDEC	#FEFEFE
1317	#EFEDF6	#FEFEFE
1318	#FEFCFC	#FFFFFF
1319	#F5F3FA	#FEFEFE
1320	#FEFDFD	#FFFFFF
1321	#E5E1F1	#FDFDFD
1322	#FDFCFE	#FFFFFF
1323	#FDFBFB	#FFFFFF
1324	#EFEDF6	#FEFEFE
1325	#FCFBFD	#FFFFFF
1326	#FDFDFE	#FFFFFF
1327	#F5E8E7	#FEFEFE
1328	#FEFDFD	#FFFFFF
1329	#FBFBFD	#FFFFFF
1330	#FBF5F5	#FFFFFF
1331	#F9F9FC	#FFFFFF
1332	#F9F1F0	#FEFEFE
1333	#FEFDFD	#FFFFFF
1334	#F3E3E1	#FDFDFD
1335	#FAFAFD	#FFFFFF
1336	#FAF3F2	#FEFEFE
1337	#EFECF6	#FEFEFE
1338	#FAF4F3	#FFFFFF
1339	#EED8D5	#FDFDFD
1340	#FBF6F6	#FFFFFF
1341	#FDFAF9	#FFFFFF
1342	#F8EEED	#FEFEFE
1343	#FEFDFC	#FFFFFF
1344	#F8EFEE	#FEFEFE
1345	#F7F6FB	#FFFFFF
1346	#FCF8F8	#FFFFFF
1347	#FCF9F9	#FFFFFF
1348	#FBFAFD	#FFFFFF
1349	#F7ECEB	#FEFEFE
1350	#FEFEFE	#FFFFFF
1351	#E8E4F2	#FDFDFD
1352	#F7F6FB	#FFFFFF
1353	#FBF7F6	#FFFFFF
1354	#FAF9FC	#FFFFFF
1355	#D7D1E9	#FCFCFC
1356	#FAF9FC	#FFFFFF
1357	#F1EFF7	#FEFEFE
1358	#FFFEFE	#FFFFFF
1359	#F4F3F9	#FEFEFE
1360	#F8EEED	#FEFEFE
1361	#EEEBF6	#FEFEFE
1362	#E4C5C1	#FBFBFB
1363	#FBF6F5	#FFFFFF
1364	#FCF7F7	#FFFFFF
1365	#FFFFFF	#FFFFFF
1366	#FCF7F7	#FFFFFF
1367	#FDFBFB	#FFFFFF
1368	#FDFAF9	#FFFFFF
1369	#FDFCFE	#FFFFFF
1370	#EFECF6	#FEFEFE
1371	#FFFFFF	#FFFFFF
1372	#F2E2DF	#FDFDFD
1373	#F4E6E4	#FEFEFE
1374	#FBF6F6	#FFFFFF
1375	#F8F7FB	#FFFFFF
1376	#EDEBF5	#FEFEFE
1377	#FBF6F5	#FFFFFF
1378	#F5E9E7	#FEFEFE
1379	#F2E3E0	#FDFDFD
1380	#FDFAFA	#FFFFFF
1381	#FCF9F9	#FFFFFF
1382	#FBF6F6	#FFFFFF
1383	#DEDAED	#FCFCFC
1384	#FCFCFD	#FFFFFF
1385	#EFDBD9	#FCFCFC
1386	#FCF9F8	#FFFFFF
1387	#E0BCB8	#FBFBFB
1388	#FCF8F8	#FFFFFF
1389	#F6EBE9	#FEFEFE
1390	#EBD2CF	#FDFDFD
1391	#EEECF6	#FEFEFE
1392	#EAD2CF	#FCFCFC
1393	#FAF3F2	#FEFEFE
1394	#EBE8F4	#FDFDFD
1395	#FFFFFF	#FFFFFF
1396	#FEFCFC	#FFFFFF
1397	#FAF2F1	#FEFEFE
1398	#EED8D6	#FDFDFD
1399	#EFDBD8	#FEFEFE
1400	#C5BEDF	#FAFAFA
1401	#DEB9B4	#FCFCFC
1402	#F7F6FB	#FFFFFF
1403	#FBFBFD	#FFFFFF
1404	#F4F2F9	#FEFEFE
1405	#EFECF6	#FEFEFE
1406	#D4CEE8	#FBFBFB
1407	#F4E6E5	#FEFEFE
1408	#FEFEFE	#FFFFFF
1409	#EFDCD9	#FEFEFE
1410	#FEFEFE	#FFFFFF
1411	#FDFAFA	#FFFFFF
1412	#F2E2DF	#FDFDFD
1413	#FCF9F8	#FFFFFF
1414	#FCFCFE	#FFFFFF
1415	#FEFDFD	#FFFFFF
1416	#FAFAFC	#FFFFFF
1417	#FCFBFD	#FFFFFF
1418	#DDD9ED	#FDFDFD
1419	#FAF9FC	#FFFFFF
1420	#F2F0F8	#FEFEFE
1421	#F5E8E6	#FEFEFE
1422	#F6F5FA	#FEFEFE
1423	#EFDBD9	#FCFCFC
1424	#F8EFEE	#FEFEFE
1425	#F9F8FC	#FFFFFF
1426	#FEFDFD	#FFFFFF
1427	#FDFBFB	#FFFFFF
1428	#FEFCFB	#FFFFFF
1429	#ECD5D2	#FCFCFC
1430	#F0EEF7	#FEFEFE
1431	#F3F2F9	#FEFEFE
1432	#FBF5F4	#FEFEFE
1433	#FEFEFE	#FFFFFF
1434	#F4F2F9	#FEFEFE
1435	#FBF5F4	#FEFEFE
1436	#F8F7FB	#FFFFFF
1437	#F4F2F9	#FEFEFE
1438	#FEFCFC	#FFFFFF
1439	#FDFBFB	#FFFFFF
1440	#F9F8FC	#FFFFFF
1441	#FEFCFB	#FFFFFF
1442	#F4E5E3	#FEFEFE
1443	#FDFCFE	#FFFFFF
1444	#FAF4F3	#FFFFFF
1445	#FAF9FC	#FFFFFF
1446	#F4E6E4	#FDFDFD
1447	#FFFFFF	#FFFFFF
1448	#ECE9F5	#FDFDFD
1449	#EFDCDA	#FEFEFE
1450	#EDEBF5	#FEFEFE
1451	#FBFAFD	#FFFFFF
1452	#F8F7FB	#FFFFFF
1453	#E9D0CC	#FDFDFD
1454	#F7ECEB	#FEFEFE
1455	#F6F4FA	#FFFFFF
1456	#E8E4F2	#FDFDFD
1457	#F1E0DD	#FEFEFE
1458	#FAF9FC	#FFFFFF
1459	#F4E5E4	#FEFEFE
1460	#F1EFF7	#FEFEFE
1461	#F5E8E7	#FEFEFE
1462	#EBE8F4	#FDFDFD
1463	#EFEDF6	#FEFEFE
1464	#FCF8F7	#FFFFFF
1465	#F9F2F1	#FEFEFE
1466	#F2F0F8	#FEFEFE
1467	#F4F2F9	#FEFEFE
1468	#EDEAF5	#FEFEFE
1469	#FCFCFD	#FFFFFF
1470	#FAF9FC	#FFFFFF
1471	#F3F1F8	#FEFEFE
1472	#FAF9FC	#FFFFFF
1473	#FDF9F9	#FFFFFF
1474	#FEFDFD	#FFFFFF
1475	#ECD4D1	#FBFBFB
1476	#F5F3F9	#FEFEFE
1477	#F8EEED	#FEFEFE
1478	#E7E4F2	#FDFDFD
1479	#DDD8EC	#FCFCFC
1480	#FDFAFA	#FFFFFF
1481	#FCF9F8	#FFFFFF
1482	#FAF9FC	#FFFFFF
1483	#E3C3BE	#F9F9F9
1484	#F2E1DF	#FDFDFD
1485	#FEFCFC	#FFFFFF
1486	#F4E5E3	#FEFEFE
1487	#FFFFFF	#FFFFFF
1488	#EBD3D0	#FDFDFD
1489	#EDD7D4	#FDFDFD
1490	#F2E1DE	#FDFDFD
1491	#FCFBFD	#FFFFFF
1492	#EED9D7	#FDFDFD
1493	#F4E5E3	#FEFEFE
1494	#FCF7F7	#FFFFFF
1495	#FFFFFF	#FFFFFF
1496	#F5F4FA	#FEFEFE
1497	#FDF9F9	#FFFFFF
1498	#F5E8E7	#FEFEFE
1499	#F1EFF7	#FEFEFE
1500	#F8EFEE	#FEFEFE
1501	#F2F0F8	#FEFEFE
1502	#CEC8E4	#FAFAFA
1503	#F2E1DE	#FEFEFE
1504	#F2F0F8	#FEFEFE
1505	#F5E8E6	#FEFEFE
1506	#F7F6FB	#FFFFFF
1507	#EEECF6	#FEFEFE
1508	#E2DEEF	#FDFDFD
1509	#FCF7F7	#FFFFFF
1510	#FBF6F6	#FFFFFF
1511	#FCF8F8	#FFFFFF
1512	#FCFCFE	#FFFFFF
1513	#F6E9E8	#FEFEFE
1514	#F9F1F0	#FFFFFF
1515	#E8CCC8	#FDFDFD
1516	#F8EFEE	#FEFEFE
1517	#F9F0EF	#FEFEFE
1518	#F7F6FB	#FFFFFF
1519	#F2F0F8	#FEFEFE
1520	#FAF4F3	#FEFEFE
1521	#EDEAF5	#FEFEFE
1522	#FCF9F9	#FFFFFF
1523	#F9F2F1	#FFFFFF
1524	#F5F4FA	#FEFEFE
1525	#F4F2F9	#FEFEFE
1526	#F9F2F1	#FEFEFE
1527	#FAF3F2	#FEFEFE
1528	#EEECF6	#FEFEFE
1529	#F6EBEA	#FEFEFE
1530	#F1EFF8	#FEFEFE
1531	#F1EFF7	#FEFEFE
1532	#FDFDFE	#FFFFFF
1533	#FBF6F5	#FFFFFF
1534	#E5E2F1	#FDFDFD
1535	#F9F8FC	#FFFFFF
1536	#F5E7E6	#FDFDFD
1537	#F3E3E1	#FDFDFD
1538	#FEFEFE	#FFFFFF
1539	#FAF9FC	#FFFFFF
1540	#E7E3F2	#FDFDFD
1541	#F4F3F9	#FEFEFE
1542	#FAF3F2	#FEFEFE
1543	#F5E9E7	#FEFEFE
1544	#F6E9E8	#FEFEFE
1545	#FEFCFC	#FFFFFF
1546	#FCFCFE	#FFFFFF
1547	#F6EAE9	#FEFEFE
1548	#F4E7E5	#FEFEFE
1549	#F7EDEC	#FEFEFE
1550	#FCF8F8	#FFFFFF
1551	#FBFBFD	#FFFFFF
1552	#F1EFF7	#FEFEFE
1553	#ECD5D2	#FDFDFD
1554	#F9F1EF	#FEFEFE
1555	#FAF3F2	#FEFEFE
1556	#FEFDFD	#FFFFFF
1557	#D4CEE7	#FAFAFA
1558	#E9E6F3	#FDFDFD
1559	#FEFDFD	#FFFFFF
1560	#FDFCFE	#FFFFFF
1561	#FDFCFE	#FFFFFF
1562	#F3F1F9	#FEFEFE
1563	#FDFBFB	#FFFFFF
1564	#FAFAFD	#FFFFFF
1565	#FBF5F4	#FFFFFF
1566	#F2E1DE	#FDFDFD
1567	#F4E6E4	#FEFEFE
1568	#F8F0EF	#FEFEFE
1569	#F7F6FB	#FEFEFE
1570	#FFFEFE	#FFFFFF
1571	#F0EEF7	#FEFEFE
1572	#F1EFF8	#FEFEFE
1573	#FCF7F7	#FFFFFF
1574	#F6F5FA	#FFFFFF
1575	#FCFBFD	#FFFFFF
1576	#EFEDF7	#FEFEFE
1577	#F9F8FC	#FFFFFF
1578	#F3F2F9	#FEFEFE
1579	#E4E0F0	#FDFDFD
1580	#EBE8F4	#FDFDFD
1581	#FCF8F8	#FFFFFF
1582	#FAF5F4	#FEFEFE
1583	#FBF5F4	#FFFFFF
1584	#F6EBE9	#FEFEFE
1585	#F4E7E5	#FEFEFE
1586	#F8F7FB	#FFFFFF
1587	#FCF8F8	#FFFFFF
1588	#F7EEEC	#FEFEFE
1589	#F1EEF7	#FEFEFE
1590	#F3E3E1	#FDFDFD
1591	#F2E2E0	#FDFDFD
1592	#EED9D7	#FCFCFC
1593	#F9F8FC	#FFFFFF
1594	#F8F7FB	#FFFFFF
1595	#BA7871	#F9F9F9
1596	#F7F6FB	#FFFFFF
1597	#FEFCFB	#FFFFFF
1598	#FDFBFB	#FFFFFF
1599	#E9E6F3	#FEFEFE
1600	#F3E5E3	#FEFEFE
1601	#FFFFFF	#FFFFFF
1602	#FDFBFB	#FFFFFF
1603	#EFDCDA	#FDFDFD
1604	#E2DEEF	#FDFDFD
1605	#FDFAF9	#FFFFFF
1606	#FFFFFF	#FFFFFF
1607	#F7F5FA	#FFFFFF
1608	#FBF7F6	#FFFFFF
1609	#FFFFFF	#FFFFFF
1610	#F2F0F8	#FEFEFE
1611	#F6ECEA	#FEFEFE
1612	#FBF5F4	#FFFFFF
1613	#FCFCFD	#FFFFFF
1614	#EFDBD9	#FEFEFE
1615	#FBFBFD	#FFFFFF
1616	#FAF4F3	#FEFEFE
1617	#F0DDDB	#FCFCFC
1618	#F7ECEB	#FEFEFE
1619	#F5E8E6	#FEFEFE
1620	#FDF9F9	#FFFFFF
1621	#EED8D5	#FCFCFC
1622	#FCFBFD	#FFFFFF
1623	#EBE8F4	#FDFDFD
1624	#E9E6F3	#FDFDFD
1625	#FCF7F6	#FFFFFF
1626	#F7EDEC	#FEFEFE
1627	#F7EDEB	#FEFEFE
1628	#FDFCFE	#FFFFFF
1629	#E0DCEE	#FDFDFD
1630	#F1E0DE	#FDFDFD
1631	#FFFFFF	#FFFFFF
1632	#F4E7E5	#FEFEFE
1633	#EDEAF5	#FEFEFE
1634	#F0DDDB	#FDFDFD
1635	#F5F4FA	#FEFEFE
1636	#FBF6F5	#FFFFFF
1637	#E9CECB	#FCFCFC
1638	#FCF8F7	#FFFFFF
1639	#F7ECEB	#FEFEFE
1640	#F9F1F0	#FEFEFE
1641	#F5E8E6	#FDFDFD
1642	#EAE7F3	#FDFDFD
1643	#FEFEFE	#FFFFFF
1644	#F9F8FC	#FFFFFF
1645	#F3E4E2	#FEFEFE
1646	#F4E7E5	#FEFEFE
1647	#FCFCFD	#FFFFFF
1648	#FBF5F5	#FFFFFF
1649	#E4E0F0	#FDFDFD
1650	#E1DCEF	#FDFDFD
1651	#F3F2F9	#FEFEFE
1652	#F7EDEC	#FEFEFE
1653	#FCFCFE	#FFFFFF
1654	#F9F2F1	#FEFEFE
1655	#EFDBD8	#FDFDFD
1656	#F9F1F0	#FFFFFF
1657	#F3E4E2	#FDFDFD
1658	#FCF9F8	#FFFFFF
1659	#F8F7FB	#FFFFFF
1660	#FBFAFD	#FFFFFF
1661	#F7EDEC	#FEFEFE
1662	#F4F2F9	#FEFEFE
1663	#F2F0F8	#FEFEFE
1664	#DEDAED	#FDFDFD
1665	#F9F8FC	#FFFFFF
1666	#FBF6F5	#FFFFFF
1667	#F9F1F0	#FEFEFE
1668	#F9F1EF	#FEFEFE
1669	#F9F1F0	#FEFEFE
1670	#EFDBD8	#FDFDFD
1671	#E7E4F2	#FEFEFE
1672	#F1E0DD	#FDFDFD
1673	#FCF9F8	#FFFFFF
1674	#F6F4FA	#FEFEFE
1675	#FEFDFC	#FFFFFF
1676	#ECE9F5	#FEFEFE
1677	#F3F1F8	#FEFEFE
1678	#F8F7FB	#FFFFFF
1679	#F8F7FB	#FFFFFF
1680	#FDFCFE	#FFFFFF
1681	#EAE7F4	#FDFDFD
1682	#FEFDFD	#FFFFFF
1683	#FEFCFC	#FFFFFF
1684	#F3E3E1	#FDFDFD
1685	#FCFBFD	#FFFFFF
1686	#F2E1DF	#FDFDFD
1687	#F8EFEE	#FEFEFE
1688	#FFFFFF	#FFFFFF
1689	#FDFDFE	#FFFFFF
1690	#FCF9F8	#FFFFFF
1691	#FBFAFD	#FFFFFF
1692	#F9F2F1	#FEFEFE
1693	#FBF5F4	#FFFFFF
1694	#F2E1DF	#FDFDFD
1695	#FDFDFE	#FFFFFF
1696	#EAD2CE	#FDFDFD
1697	#FBF6F5	#FFFFFF
1698	#FBF6F6	#FFFFFF
1699	#F1EEF7	#FEFEFE
1700	#F7F6FB	#FFFFFF
1701	#EAE7F4	#FEFEFE
1702	#FCF9F8	#FFFFFF
1703	#FEFEFF	#FFFFFF
1704	#FEFEFD	#FFFFFF
1705	#F9F2F1	#FEFEFE
1706	#FEFCFB	#FFFFFF
1707	#FEFEFE	#FFFFFF
1708	#F8EEED	#FEFEFE
1709	#FEFDFE	#FFFFFF
1710	#ECE9F5	#FEFEFE
1711	#E4E0F0	#FDFDFD
1712	#FAF9FC	#FFFFFF
1713	#FAF4F4	#FEFEFE
1714	#DFDBEE	#FCFCFC
1715	#E1DDEF	#FDFDFD
1716	#F9F8FC	#FFFFFF
1717	#FDFDFE	#FFFFFF
1718	#FCF9F8	#FFFFFF
1719	#FDFBFB	#FFFFFF
1720	#F7EEEC	#FEFEFE
1721	#FAF3F2	#FEFEFE
1722	#FAF9FC	#FFFFFF
1723	#EDEBF5	#FEFEFE
1724	#FEFDFD	#FFFFFF
1725	#FDFBFA	#FFFFFF
1726	#ECE9F5	#FDFDFD
1727	#F1DFDC	#FDFDFD
1728	#F4F3F9	#FEFEFE
1729	#EDEAF5	#FDFDFD
1730	#F9F8FC	#FFFFFF
1731	#F8F0EF	#FEFEFE
1732	#FCF7F7	#FFFFFF
1733	#F9F2F1	#FFFFFF
1734	#F2E2E0	#FDFDFD
1735	#F5E8E6	#FEFEFE
1736	#FAF4F3	#FFFFFF
1737	#FAF3F2	#FEFEFE
1738	#F5E9E7	#FEFEFE
1739	#F4E6E4	#FEFEFE
1740	#F3E4E2	#FDFDFD
1741	#F3E4E2	#FDFDFD
1742	#FAF9FC	#FFFFFF
1743	#F4E6E5	#FDFDFD
1744	#F5E8E7	#FEFEFE
1745	#F9F1F0	#FEFEFE
1746	#EAE7F4	#FDFDFD
1747	#FDFDFE	#FFFFFF
1748	#FFFEFE	#FFFFFF
1749	#EEEBF6	#FEFEFE
1750	#EDEAF5	#FEFEFE
1751	#F9F8FC	#FFFFFF
1752	#F6E9E8	#FEFEFE
1753	#F8F7FB	#FFFFFF
1754	#EAE7F4	#FEFEFE
1755	#FBF6F5	#FFFFFF
1756	#EBD2CF	#FCFCFC
1757	#F1EFF8	#FEFEFE
1758	#FAF3F2	#FFFFFF
1759	#F2F0F8	#FEFEFE
1760	#F6F4FA	#FFFFFF
1761	#EEDAD7	#FDFDFD
1762	#F4F3F9	#FEFEFE
1763	#EFDBD8	#FEFEFE
1764	#ECE9F5	#FEFEFE
1765	#FFFFFF	#FFFFFF
1766	#F6EBE9	#FEFEFE
1767	#EBD2CF	#FDFDFD
1768	#FDFBFB	#FFFFFF
1769	#F1EFF8	#FEFEFE
1770	#F9F8FC	#FFFFFF
1771	#F1E0DE	#FEFEFE
1772	#F7F6FB	#FFFFFF
1773	#FCF9F8	#FFFFFF
1774	#FEFDFD	#FFFFFF
1775	#FDFDFE	#FFFFFF
1776	#F8F7FB	#FFFFFF
1777	#FCF9F8	#FFFFFF
1778	#E8E4F2	#FEFEFE
1779	#EDEBF5	#FDFDFD
1780	#F2F0F8	#FEFEFE
1781	#FBFAFD	#FFFFFF
1782	#FFFEFF	#FFFFFF
1783	#FBF6F6	#FFFFFF
1784	#F7EDEC	#FEFEFE
1785	#FEFCFC	#FFFFFF
1786	#FAFAFD	#FFFFFF
1787	#F8F7FB	#FFFFFF
1788	#FBFBFD	#FFFFFF
1789	#EBD2CF	#FCFCFC
1790	#FDF9F9	#FFFFFF
1791	#F7ECEB	#FEFEFE
1792	#FDFAFA	#FFFFFF
1793	#F8EEED	#FEFEFE
1794	#F4E7E5	#FEFEFE
1795	#F7EDEC	#FEFEFE
1796	#E4E1F1	#FDFDFD
1797	#F3E4E2	#FDFDFD
1798	#EBD2CF	#FDFDFD
1799	#EAE7F4	#FEFEFE
1800	#F1EFF7	#FEFEFE
1801	#FAF3F3	#FFFFFF
1802	#EEDAD7	#FDFDFD
1803	#F9F2F1	#FEFEFE
1804	#F6EAE9	#FEFEFE
1805	#F8F0EF	#FEFEFE
1806	#F8F0EF	#FEFEFE
1807	#FCFBFD	#FFFFFF
1808	#FFFFFF	#FFFFFF
1809	#EDEAF5	#FEFEFE
1810	#FCF9F8	#FFFFFF
1811	#E8E5F3	#FEFEFE
1812	#F7F6FB	#FFFFFF
1813	#FEFDFE	#FFFFFF
1814	#ECE9F5	#FEFEFE
1815	#EEEBF6	#FEFEFE
1816	#FCFCFE	#FFFFFF
1817	#ECE9F5	#FEFEFE
1818	#FFFEFE	#FFFFFF
1819	#F1DFDC	#FDFDFD
1820	#FAFAFD	#FFFFFF
1821	#FDFCFE	#FFFFFF
1822	#E6C9C6	#FDFDFD
1823	#DED9ED	#FCFCFC
1824	#DBD6EB	#FCFCFC
1825	#EFECF6	#FEFEFE
1826	#F3E3E1	#FEFEFE
1827	#F3F2F9	#FEFEFE
1828	#ECEAF5	#FEFEFE
1829	#F0DEDB	#FEFEFE
1830	#E7E4F2	#FDFDFD
1831	#E7E4F2	#FDFDFD
1832	#FAF2F1	#FEFEFE
1833	#F8F7FB	#FFFFFF
1834	#F8EFED	#FEFEFE
1835	#EFECF6	#FEFEFE
1836	#FDFAFA	#FFFFFF
1837	#FFFFFF	#FFFFFF
1838	#E3C3BF	#FCFCFC
1839	#F5E9E7	#FEFEFE
1840	#FBF7F6	#FFFFFF
1841	#FFFFFF	#FFFFFF
1842	#FCFCFE	#FFFFFF
1843	#EDEAF5	#FDFDFD
1844	#F5F3F9	#FEFEFE
1845	#FFFFFE	#FFFFFF
1846	#FFFFFF	#FFFFFF
1847	#EFEDF6	#FEFEFE
1848	#EFDCDA	#FEFEFE
1849	#EED9D6	#FEFEFE
1850	#F9F8FC	#FFFFFF
1851	#E5E1F1	#FDFDFD
1852	#F9F8FC	#FFFFFF
1853	#FDFDFE	#FFFFFF
1854	#FDFBFB	#FFFFFF
1855	#FDFBFA	#FFFFFF
1856	#D8D3EA	#FBFBFB
1857	#F4E6E4	#FEFEFE
1858	#F9F8FC	#FFFFFF
1859	#F8EFEE	#FEFEFE
1860	#FFFFFF	#FFFFFF
1861	#F1E0DE	#FEFEFE
1862	#FFFFFF	#FFFFFF
1863	#ECEAF5	#FDFDFD
1864	#F8EFEE	#FEFEFE
1865	#FAFAFC	#FFFFFF
1866	#F2F1F8	#FEFEFE
1867	#FAF3F2	#FFFFFF
1868	#E5E2F1	#FDFDFD
1869	#F2E2DF	#FDFDFD
1870	#F6F4FA	#FEFEFE
1871	#FBFBFD	#FFFFFF
1872	#F3F1F9	#FEFEFE
1873	#FAFAFC	#FFFFFF
1874	#EFEDF6	#FEFEFE
1875	#D3CEE7	#FAFAFA
1876	#FEFEFE	#FFFFFF
1877	#FDFDFE	#FFFFFF
1878	#F9F8FC	#FFFFFF
1879	#D9D4EA	#FAFAFA
1880	#F2F0F8	#FEFEFE
1881	#F5F3FA	#FEFEFE
1882	#F2F0F8	#FEFEFE
1883	#F6EAE8	#FEFEFE
1884	#FDFAFA	#FFFFFF
1885	#FEFEFE	#FFFFFF
1886	#EDEAF5	#FEFEFE
1887	#FAF3F2	#FFFFFF
1888	#EBD2CF	#FDFDFD
1889	#F8F0EE	#FEFEFE
1890	#FCF8F8	#FFFFFF
1891	#FEFCFB	#FFFFFF
1892	#D5CFE8	#FBFBFB
1893	#F7EDEC	#FEFEFE
1894	#F5E9E7	#FDFDFD
1895	#F6EAE8	#FEFEFE
1896	#FBF5F4	#FFFFFF
1897	#FDFAFA	#FFFFFF
1898	#F8F7FB	#FFFFFF
1899	#EED9D6	#FDFDFD
1900	#F8EFED	#FEFEFE
1901	#FDFAFA	#FFFFFF
1902	#EEDAD7	#FDFDFD
1903	#FBF5F4	#FFFFFF
1904	#F4E6E4	#FEFEFE
1905	#E1DDEF	#FDFDFD
1906	#F7ECEB	#FEFEFE
1907	#FDFDFE	#FFFFFF
1908	#FEFDFD	#FFFFFF
1909	#F8F7FB	#FFFFFF
1910	#F8EEED	#FEFEFE
1911	#F4E7E5	#FEFEFE
1912	#F1DFDD	#FDFDFD
1913	#F2E1DF	#FDFDFD
1914	#F8EEED	#FEFEFE
1915	#F6E9E8	#FEFEFE
1916	#E5E1F1	#FDFDFD
1917	#FCF7F7	#FFFFFF
1918	#EBE9F4	#FDFDFD
1919	#FEFEFE	#FFFFFF
1920	#FAF2F1	#FEFEFE
1921	#F6EBEA	#FEFEFE
1922	#F7F5FB	#FEFEFE
1923	#F5F4FA	#FEFEFE
1924	#F0DEDB	#FDFDFD
1925	#F5E7E6	#FEFEFE
1926	#DBD6EB	#FCFCFC
1927	#FEFDFC	#FFFFFF
1928	#F6EAE8	#FEFEFE
1929	#E7E4F2	#FDFDFD
1930	#F9F2F1	#FEFEFE
1931	#F0EEF7	#FEFEFE
1932	#FBF5F5	#FEFEFE
1933	#FBF6F5	#FFFFFF
1934	#F8EEED	#FEFEFE
1935	#FAF4F4	#FEFEFE
1936	#F6EBEA	#FEFEFE
1937	#FBF5F4	#FFFFFF
1938	#F2E2E0	#FEFEFE
1939	#F5E8E6	#FEFEFE
1940	#FCF8F8	#FFFFFF
1941	#F7ECEB	#FEFEFE
1942	#F1DFDD	#FDFDFD
1943	#EFEDF6	#FEFEFE
1944	#F0EDF7	#FEFEFE
1945	#F8EFEE	#FEFEFE
1946	#F3E4E2	#FDFDFD
1947	#FBFAFD	#FFFFFF
1948	#F2F1F8	#FEFEFE
1949	#F2E2DF	#FDFDFD
1950	#F9F8FC	#FFFFFF
1951	#F8F8FB	#FFFFFF
1952	#FFFFFF	#FFFFFF
1953	#FBFAFD	#FFFFFF
1954	#F9F2F1	#FEFEFE
1955	#FFFEFE	#FFFFFF
1956	#EAD1CD	#FCFCFC
1957	#F2F0F8	#FEFEFE
1958	#F8EFED	#FEFEFE
1959	#F8F7FB	#FFFFFF
1960	#DEBAB5	#FCFCFC
1961	#FDFDFE	#FFFFFF
1962	#FBFAFD	#FFFFFF
1963	#FCFCFD	#FFFFFF
1964	#F2F0F8	#FEFEFE
1965	#F2E1DF	#FDFDFD
1966	#FAF4F4	#FEFEFE
1967	#FCF9F8	#FFFFFF
1968	#F8F7FB	#FFFFFF
1969	#FAF3F2	#FEFEFE
1970	#E3C3BE	#FBFBFB
1971	#E5E1F1	#FDFDFD
1972	#FDFDFE	#FFFFFF
1973	#EFECF6	#FEFEFE
1974	#F1EFF7	#FEFEFE
1975	#FBF6F5	#FFFFFF
1976	#F9F0EF	#FEFEFE
1977	#E2DEEF	#FDFDFD
1978	#E1DCEF	#FDFDFD
1979	#E1DDEF	#FDFDFD
1980	#DFDBEE	#FCFCFC
1981	#F1DFDC	#FCFCFC
1982	#E0DCEE	#FDFDFD
1983	#F3F2F9	#FEFEFE
1984	#F8F7FB	#FFFFFF
1985	#F9F2F1	#FEFEFE
1986	#FDFBFB	#FFFFFF
1987	#FDFAF9	#FFFFFF
1988	#F8F7FB	#FFFFFF
1989	#F3E5E3	#FDFDFD
1990	#EDD7D4	#FDFDFD
1991	#F3F1F8	#FEFEFE
1992	#F0DEDB	#FDFDFD
1993	#FCFCFE	#FFFFFF
1994	#FBF5F5	#FFFFFF
1995	#F4E6E4	#FEFEFE
1996	#F4E5E3	#FEFEFE
1997	#FCF9F8	#FFFFFF
1998	#F9F0EF	#FEFEFE
1999	#F1DFDC	#FEFEFE
2000	#F6EBEA	#FEFEFE
2001	#FBF5F4	#FFFFFF
2002	#DAB0AB	#FBFBFB
2003	#F9F1F0	#FFFFFF
2004	#FAF4F3	#FFFFFF
2005	#FEFEFE	#FFFFFF
2006	#EDEAF5	#FEFEFE
2007	#E5E1F1	#FDFDFD
2008	#FBF6F5	#FFFFFF
2009	#FDFBFB	#FFFFFF
2010	#F4E5E3	#FEFEFE
2011	#FFFEFE	#FFFFFF
2012	#FFFEFF	#FFFFFF
2013	#FCF8F8	#FFFFFF
2014	#FEFCFC	#FFFFFF
2015	#FBF6F5	#FFFFFF
2016	#F9F1F0	#FEFEFE
2017	#F1DFDC	#FDFDFD
2018	#FDFBFB	#FFFFFF
2019	#F1E0DE	#FEFEFE
2020	#F5E8E6	#FEFEFE
2021	#FCF8F7	#FFFFFF
2022	#FEFEFD	#FFFFFF
2023	#FCF8F8	#FFFFFF
2024	#F7F6FB	#FFFFFF
2025	#FAF3F2	#FEFEFE
2026	#D3CEE7	#FCFCFC
2027	#FAF3F2	#FFFFFF
2028	#FCF7F7	#FFFFFF
2029	#CDC7E4	#FAFAFA
2030	#FDF9F9	#FFFFFF
2031	#FDFDFE	#FFFFFF
2032	#F2E2E0	#FCFCFC
2033	#FBF5F4	#FFFFFF
2034	#F8F7FB	#FFFFFF
2035	#F1EFF8	#FEFEFE
2036	#F2E1DF	#FDFDFD
2037	#F6EBE9	#FEFEFE
2038	#F6F4FA	#FEFEFE
2039	#FCF9F8	#FFFFFF
2040	#ECD4D1	#FDFDFD
2041	#DDB7B2	#FAFAFA
2042	#FDFAF9	#FFFFFF
2043	#FDFAFA	#FFFFFF
2044	#FDFDFE	#FFFFFF
2045	#FAF4F3	#FFFFFF
2046	#FCF8F8	#FFFFFF
2047	#F4E5E4	#FEFEFE
2048	#F5E7E6	#FEFEFE
2049	#FCF8F7	#FFFFFF
2050	#F8EEED	#FEFEFE
2051	#F1E0DE	#FEFEFE
2052	#F8F7FB	#FFFFFF
2053	#F8F7FB	#FFFFFF
2054	#F4E7E5	#FEFEFE
2055	#F9F1F0	#FEFEFE
2056	#FAF3F2	#FEFEFE
2057	#FDFDFE	#FFFFFF
2058	#F4E6E4	#FEFEFE
2059	#ECD5D2	#FDFDFD
2060	#F6EBE9	#FEFEFE
2061	#F6EAE9	#FEFEFE
2062	#FDF9F9	#FFFFFF
2063	#FBF5F5	#FEFEFE
2064	#FAF3F2	#FFFFFF
2065	#F5F3FA	#FFFFFF
2066	#FDFBFB	#FFFFFF
2067	#F3F1F8	#FEFEFE
2068	#F7EEEC	#FEFEFE
2069	#F1E0DD	#FDFDFD
2070	#FAF9FC	#FFFFFF
2071	#F4F3F9	#FEFEFE
2072	#F5E9E8	#FEFEFE
2073	#EDEAF5	#FEFEFE
2074	#FEFEFF	#FFFFFF
2075	#F8F7FB	#FFFFFF
2076	#E4E0F0	#FDFDFD
2077	#F1E0DE	#FEFEFE
2078	#DEDAED	#FDFDFD
2079	#FBF6F5	#FFFFFF
2080	#E4E0F0	#FDFDFD
2081	#FEFCFB	#FFFFFF
2082	#F4E6E5	#FDFDFD
2083	#E1DDEF	#FCFCFC
2084	#FEFEFF	#FFFFFF
2085	#F9F1F0	#FEFEFE
2086	#FAF4F3	#FEFEFE
2087	#FCFBFD	#FFFFFF
2088	#FDFCFE	#FFFFFF
2089	#FDFAFA	#FFFFFF
2090	#E1BFBA	#FBFBFB
2091	#EBD4D1	#FDFDFD
2092	#F8F7FB	#FFFFFF
2093	#FDFBFA	#FFFFFF
2094	#FBF5F4	#FFFFFF
2095	#F6EAE8	#FEFEFE
2096	#FAF3F2	#FEFEFE
2097	#F7EEEC	#FEFEFE
2098	#F9F2F1	#FEFEFE
2099	#F0DDDB	#FDFDFD
2100	#DDD8ED	#FDFDFD
2101	#EEEBF6	#FEFEFE
2102	#F8F0EF	#FEFEFE
2103	#FAF4F3	#FFFFFF
2104	#D7D2E9	#FDFDFD
2105	#F3E3E1	#FEFEFE
2106	#F2E1DE	#FEFEFE
2107	#FCF7F7	#FFFFFF
2108	#FCFCFD	#FFFFFF
2109	#F6EBEA	#FEFEFE
2110	#FDFAFA	#FFFFFF
2111	#FCF8F7	#FFFFFF
2112	#EEEBF6	#FEFEFE
2113	#FBFAFD	#FFFFFF
2114	#F3E5E3	#FEFEFE
2115	#E7CAC7	#FDFDFD
2116	#FFFEFF	#FFFFFF
2117	#FAF4F3	#FEFEFE
2118	#F6F4FA	#FFFFFF
2119	#F4F3F9	#FEFEFE
2120	#FBFAFD	#FFFFFF
2121	#FDFDFE	#FFFFFF
2122	#FFFFFF	#FFFFFF
2123	#F5F4FA	#FEFEFE
2124	#FBF5F4	#FEFEFE
2125	#FBFBFD	#FFFFFF
2126	#E8E4F2	#FEFEFE
2127	#DED9ED	#FDFDFD
2128	#FDFAF9	#FFFFFF
2129	#EFEDF7	#FEFEFE
2130	#F8F0EE	#FEFEFE
2131	#E1DCEF	#FDFDFD
2132	#FCFBFD	#FFFFFF
2133	#F8EFEE	#FEFEFE
2134	#FDFDFE	#FFFFFF
2135	#FFFEFE	#FFFFFF
2136	#F4F2F9	#FEFEFE
2137	#FBF6F5	#FFFFFF
2138	#FAF4F3	#FEFEFE
2139	#FCFBFD	#FFFFFF
2140	#FCF7F6	#FFFFFF
2141	#E6C8C4	#FCFCFC
2142	#FCF7F7	#FFFFFF
2143	#EAD0CD	#FCFCFC
2144	#DFBBB6	#FCFCFC
2145	#F8F7FB	#FFFFFF
2146	#FCF8F8	#FFFFFF
2147	#FEFCFB	#FFFFFF
2148	#FDFAFA	#FFFFFF
2149	#E7E3F2	#FDFDFD
2150	#F7ECEA	#FEFEFE
2151	#FDFBFB	#FFFFFF
2152	#F8EFEE	#FEFEFE
2153	#FBF6F6	#FFFFFF
2154	#F2F0F8	#FEFEFE
2155	#E9D0CC	#FDFDFD
2156	#EFEDF6	#FEFEFE
2157	#FEFCFC	#FFFFFF
2158	#F7ECEB	#FEFEFE
2159	#F3E5E3	#FEFEFE
2160	#EBE9F4	#FEFEFE
2161	#EEEBF6	#FEFEFE
2162	#F7F5FA	#FFFFFF
2163	#F7ECEB	#FEFEFE
2164	#F8F7FB	#FFFFFF
2165	#EAE7F4	#FDFDFD
2166	#FFFFFF	#FFFFFF
2167	#F9F8FC	#FFFFFF
2168	#F5F4FA	#FFFFFF
2169	#F6F5FA	#FEFEFE
2170	#FEFDFD	#FFFFFF
2171	#FDFBFB	#FFFFFF
2172	#E3DFF0	#FDFDFD
2173	#F8F7FB	#FFFFFF
2174	#FBFBFD	#FFFFFF
2175	#F9F2F1	#FFFFFF
2176	#F6F5FA	#FFFFFF
2177	#E6E2F1	#FEFEFE
2178	#FDFBFB	#FFFFFF
2179	#F1E0DE	#FEFEFE
2180	#F7ECEA	#FEFEFE
2181	#F3F1F8	#FEFEFE
2182	#F6F5FA	#FEFEFE
2183	#FEFEFE	#FFFFFF
2184	#FCF9F8	#FFFFFF
2185	#F5F3F9	#FEFEFE
2186	#EDEAF5	#FEFEFE
2187	#FDFBFB	#FFFFFF
2188	#FAF4F4	#FEFEFE
2189	#F8F7FB	#FFFFFF
2190	#FDFCFE	#FFFFFF
2191	#FCF8F7	#FFFFFF
2192	#EFEDF6	#FEFEFE
2193	#F8F0EF	#FEFEFE
2194	#EFDBD9	#FEFEFE
2195	#E4C4C0	#FDFDFD
2196	#F0DEDB	#FDFDFD
2197	#FCF9F9	#FFFFFF
2198	#FCF8F7	#FFFFFF
2199	#F5E7E6	#FEFEFE
2200	#FFFFFF	#FFFFFF
2201	#F6EBEA	#FEFEFE
2202	#FCF9F9	#FFFFFF
2203	#F3E5E3	#FEFEFE
2204	#F2F0F8	#FEFEFE
2205	#F7ECEA	#FEFEFE
2206	#E0BEB9	#FDFDFD
2207	#F5F3F9	#FEFEFE
2208	#F3E5E3	#FEFEFE
2209	#FAF4F3	#FFFFFF
2210	#FEFDFD	#FFFFFF
2211	#F3F2F9	#FEFEFE
2212	#F9F0EF	#FEFEFE
2213	#F8F7FB	#FFFFFF
2214	#F6EAE9	#FEFEFE
2215	#EED9D6	#FDFDFD
2216	#EAE7F3	#FDFDFD
2217	#F7F6FB	#FFFFFF
2218	#F5E8E6	#FEFEFE
2219	#FCF9F8	#FFFFFF
2220	#FDFBFA	#FFFFFF
2221	#F7ECEB	#FEFEFE
2222	#FAF9FC	#FFFFFF
2223	#FDFBFA	#FFFFFF
2224	#F9F2F1	#FFFFFF
2225	#EFEDF6	#FEFEFE
2226	#F7F5FA	#FFFFFF
2227	#EBE8F4	#FEFEFE
2228	#F0EEF7	#FEFEFE
2229	#E1DDEF	#FDFDFD
2230	#E6E3F2	#FEFEFE
2231	#F1EFF7	#FEFEFE
2232	#F4F2F9	#FEFEFE
2233	#FEFEFE	#FFFFFF
2234	#FBF6F6	#FFFFFF
2235	#FDFAFA	#FFFFFF
2236	#FEFCFB	#FFFFFF
2237	#F5E8E7	#FDFDFD
2238	#F8F7FB	#FFFFFF
2239	#EFECF6	#FEFEFE
2240	#FBF6F6	#FFFFFF
2241	#FAF2F2	#FEFEFE
2242	#FBF6F5	#FFFFFF
2243	#FFFFFF	#FFFFFF
2244	#DCB4AF	#FCFCFC
2245	#F9F8FC	#FFFFFF
2246	#FAF4F4	#FFFFFF
2247	#FBFBFD	#FFFFFF
2248	#F8EEED	#FEFEFE
2249	#FFFFFF	#FFFFFF
2250	#FCFCFE	#FFFFFF
2251	#F9F1F0	#FEFEFE
2252	#FEFCFC	#FFFFFF
2253	#E4E0F0	#FDFDFD
2254	#F6EAE8	#FEFEFE
2255	#F6F5FA	#FFFFFF
2256	#F7F6FB	#FFFFFF
2257	#E6C9C5	#FDFDFD
2258	#F3E4E3	#FEFEFE
2259	#FBF6F5	#FFFFFF
2260	#FCFBFD	#FFFFFF
2261	#FBFBFD	#FFFFFF
2262	#F5F4FA	#FEFEFE
2263	#F2E2E0	#FDFDFD
2264	#F6EAE8	#FEFEFE
2265	#FBF6F5	#FFFFFF
2266	#FBF6F6	#FFFFFF
2267	#F1EFF7	#FEFEFE
2268	#F0EEF7	#FEFEFE
2269	#F9F0EF	#FEFEFE
2270	#E1DDEF	#FDFDFD
2271	#F5E7E6	#FEFEFE
2272	#F8EEED	#FEFEFE
2273	#E7E4F2	#FDFDFD
2274	#DED9ED	#FCFCFC
2275	#EAE7F4	#FDFDFD
2276	#F8F7FB	#FFFFFF
2277	#FDFAF9	#FFFFFF
2278	#FCFCFE	#FFFFFF
2279	#FCF8F7	#FFFFFF
2280	#F7ECEA	#FEFEFE
2281	#F1DFDD	#FDFDFD
2282	#F5E8E6	#FEFEFE
2283	#FDFCFE	#FFFFFF
2284	#FEFCFC	#FFFFFF
2285	#FFFEFE	#FFFFFF
2286	#F7ECEB	#FEFEFE
2287	#FEFDFD	#FFFFFF
2288	#F5F4FA	#FEFEFE
2289	#FEFEFE	#FFFFFF
2290	#FFFEFE	#FFFFFF
2291	#F8F7FB	#FFFFFF
2292	#E9E6F3	#FDFDFD
2293	#FDFAF9	#FFFFFF
2294	#F5F3F9	#FEFEFE
2295	#FFFEFE	#FFFFFF
2296	#ECEAF5	#FEFEFE
2297	#F6EAE9	#FEFEFE
2298	#FAF3F2	#FEFEFE
2299	#E7E4F2	#FDFDFD
2300	#EFECF6	#FEFEFE
2301	#F8F7FB	#FFFFFF
2302	#F7F6FB	#FEFEFE
2303	#E3DFF0	#FBFBFB
2304	#E6C8C4	#FAFAFA
2305	#F3F1F8	#FEFEFE
2306	#F5F3F9	#FEFEFE
2307	#FCF8F7	#FFFFFF
2308	#FFFFFF	#FFFFFF
2309	#FEFDFE	#FFFFFF
2310	#F6EBEA	#FEFEFE
2311	#FAF9FC	#FFFFFF
2312	#FCF9F8	#FFFFFF
2313	#EDD6D3	#FDFDFD
2314	#FEFCFC	#FFFFFF
2315	#E4E0F0	#FEFEFE
2316	#EFDCD9	#FEFEFE
2317	#FBF5F4	#FFFFFF
2318	#EAD0CD	#FBFBFB
2319	#F4E5E3	#FDFDFD
2320	#F9F8FC	#FFFFFF
2321	#FCFBFD	#FFFFFF
2322	#F2F0F8	#FEFEFE
2323	#F2E1DF	#FDFDFD
2324	#FCFBFD	#FFFFFF
2325	#DDD9ED	#FDFDFD
2326	#F8F7FB	#FFFFFF
2327	#EAE7F4	#FEFEFE
2328	#F6EAE8	#FEFEFE
2329	#EAE7F4	#FDFDFD
2330	#F8EFED	#FEFEFE
2331	#F9F0EF	#FEFEFE
2332	#FCFCFE	#FFFFFF
2333	#F9F1EF	#FEFEFE
2334	#F5F3FA	#FEFEFE
2335	#EDEBF5	#FDFDFD
2336	#FDFBFB	#FFFFFF
2337	#F4E6E4	#FEFEFE
2338	#F7F6FB	#FEFEFE
2339	#F7F6FB	#FFFFFF
2340	#EDEAF5	#FEFEFE
2341	#DEDAED	#FBFBFB
2342	#F5E9E7	#FEFEFE
2343	#FCF8F8	#FFFFFF
2344	#F9F0EF	#FEFEFE
2345	#FEFDFD	#FFFFFF
2346	#FAF3F2	#FFFFFF
2347	#FEFCFC	#FFFFFF
2348	#EBE8F4	#FEFEFE
2349	#F3F2F9	#FEFEFE
2350	#F1EFF8	#FEFEFE
2351	#F8EEED	#FEFEFE
2352	#F9F1F0	#FEFEFE
2353	#F7F6FB	#FEFEFE
2354	#F6F5FA	#FEFEFE
2355	#FAF3F2	#FEFEFE
2356	#F8F7FB	#FEFEFE
2357	#FDFBFB	#FFFFFF
2358	#EFEDF6	#FDFDFD
2359	#EDEAF5	#FEFEFE
2360	#F4F2F9	#FEFEFE
2361	#FEFEFE	#FFFFFF
2362	#F1DFDC	#FDFDFD
2363	#F1DFDC	#FDFDFD
2364	#F8F7FB	#FFFFFF
2365	#F6EAE8	#FEFEFE
2366	#F3E5E3	#FEFEFE
2367	#F5E7E6	#FEFEFE
2368	#F1E0DE	#FEFEFE
2369	#FBF6F6	#FFFFFF
2370	#FBFAFD	#FFFFFF
2371	#F8EEED	#FEFEFE
2372	#F6EAE8	#FDFDFD
2373	#FCF8F7	#FFFFFF
2374	#FEFDFD	#FFFFFF
2375	#F9F0EF	#FEFEFE
2376	#F5F4FA	#FFFFFF
2377	#FCF9F8	#FFFFFF
2378	#EFECF6	#FEFEFE
2379	#F7ECEB	#FFFFFF
2380	#FEFEFE	#FFFFFF
2381	#F1DFDD	#FDFDFD
2382	#FEFCFC	#FFFFFF
2383	#F3E4E2	#FDFDFD
2384	#FBF6F5	#FFFFFF
2385	#FFFFFF	#FFFFFF
2386	#FFFEFE	#FFFFFF
2387	#FBF6F6	#FFFFFF
2388	#FEFCFC	#FFFFFF
2389	#FEFEFF	#FFFFFF
2390	#F7EDEC	#FEFEFE
2391	#FCFCFD	#FFFFFF
2392	#F8F7FB	#FFFFFF
2393	#F5F4FA	#FEFEFE
2394	#F6EBE9	#FEFEFE
2395	#F8F0EE	#FEFEFE
2396	#F3E5E3	#FEFEFE
2397	#F0DDDA	#FDFDFD
2398	#FBFBFD	#FFFFFF
2399	#E5C7C4	#FCFCFC
2400	#FBFBFD	#FFFFFF
2401	#FCF8F8	#FFFFFF
2402	#FEFEFF	#FFFFFF
2403	#F3F1F8	#FEFEFE
2404	#F7EDEB	#FEFEFE
2405	#F2E3E1	#FEFEFE
2406	#FDFDFE	#FFFFFF
2407	#F6F5FA	#FFFFFF
2408	#F5E7E5	#FEFEFE
2409	#FBF6F5	#FFFFFF
2410	#F6EAE8	#FEFEFE
2411	#F5E9E7	#FEFEFE
2412	#FBF6F5	#FFFFFF
2413	#FEFDFD	#FFFFFF
2414	#FCFCFD	#FFFFFF
2415	#ECD5D2	#FDFDFD
2416	#EED8D5	#FDFDFD
2417	#FDFBFA	#FFFFFF
2418	#FBFAFD	#FFFFFF
2419	#FCF8F7	#FFFFFF
2420	#EFDCD9	#FEFEFE
2421	#FCF8F7	#FFFFFF
2422	#FAF3F2	#FEFEFE
2423	#F1DFDD	#FDFDFD
2424	#F5E8E6	#FEFEFE
2425	#EBE8F4	#FDFDFD
2426	#E7E3F2	#FDFDFD
2427	#E9E6F3	#FDFDFD
2428	#EFEDF6	#FEFEFE
2429	#E4E0F0	#FDFDFD
2430	#FEFCFC	#FFFFFF
2431	#E6E3F1	#FDFDFD
2432	#FAFAFD	#FFFFFF
2433	#FFFFFF	#FFFFFF
2434	#C9C2E2	#FBFBFB
2435	#FBF6F6	#FFFFFF
2436	#F5E8E6	#FEFEFE
2437	#F7F6FB	#FFFFFF
2438	#E4E1F1	#FCFCFC
2439	#F2E3E1	#FEFEFE
2440	#F4E6E4	#FEFEFE
2441	#F8F7FB	#FFFFFF
2442	#EFDCD9	#FDFDFD
2443	#F6EAE8	#FEFEFE
2444	#F5F4FA	#FFFFFF
2445	#F5E8E6	#FEFEFE
2446	#F7F5FA	#FFFFFF
2447	#FFFEFF	#FFFFFF
2448	#D8AEA8	#FBFBFB
2449	#FAF4F3	#FFFFFF
2450	#F0DEDB	#FEFEFE
2451	#FBF7F6	#FFFFFF
2452	#F4F3F9	#FEFEFE
2453	#FBF5F4	#FFFFFF
2454	#F4F3F9	#FEFEFE
2455	#F1DFDD	#FDFDFD
2456	#F7ECEB	#FEFEFE
2457	#F6EAE8	#FEFEFE
2458	#F0DEDC	#FDFDFD
2459	#FDF9F9	#FFFFFF
2460	#F1E1DE	#FDFDFD
2461	#FCF7F7	#FFFFFF
2462	#F9F9FC	#FFFFFF
2463	#F9F8FC	#FFFFFF
2464	#FEFCFC	#FFFFFF
2465	#F5E7E5	#FEFEFE
2466	#F9F1F0	#FEFEFE
2467	#F7F6FB	#FFFFFF
2468	#FDFBFB	#FFFFFF
2469	#EBD3D0	#FCFCFC
2470	#FCF8F8	#FFFFFF
2471	#F1EFF7	#FEFEFE
2472	#FAFAFC	#FFFFFF
2473	#EEDAD7	#FDFDFD
2474	#D7D2E9	#FAFAFA
2475	#FCFCFD	#FFFFFF
2476	#FCFCFE	#FFFFFF
2477	#FCFCFE	#FFFFFF
2478	#D8D3EA	#FCFCFC
2479	#FAF2F1	#FEFEFE
2480	#EAE7F4	#FEFEFE
2481	#F3F1F9	#FEFEFE
2482	#FDFCFE	#FFFFFF
2483	#F1EFF7	#FEFEFE
2484	#F5E8E6	#FEFEFE
2485	#FEFEFE	#FFFFFF
2486	#FAF3F3	#FFFFFF
2487	#F3E3E1	#FEFEFE
2488	#FAF3F2	#FFFFFF
2489	#F1E0DE	#FEFEFE
2490	#E5C6C2	#FAFAFA
2491	#FAF3F2	#FFFFFF
2492	#F2F0F8	#FEFEFE
2493	#E0BCB7	#F9F9F9
2494	#EEECF6	#FEFEFE
2495	#FAFAFD	#FFFFFF
2496	#FCF9F8	#FFFFFF
2497	#EDD8D5	#FCFCFC
2498	#F6EAE9	#FEFEFE
2499	#F0EEF7	#FEFEFE
2500	#F4E6E4	#FEFEFE
2501	#F6F4FA	#FFFFFF
2502	#DDD9ED	#FCFCFC
2503	#FAF3F2	#FEFEFE
2504	#EDD7D4	#FCFCFC
2505	#F9F0EF	#FEFEFE
2506	#F2E3E0	#FEFEFE
2507	#F1E0DE	#FEFEFE
2508	#F8F7FB	#FFFFFF
2509	#ECEAF5	#FEFEFE
2510	#F7EDEC	#FEFEFE
2511	#EDEBF5	#FEFEFE
2512	#E2C0BC	#FDFDFD
2513	#FCF8F7	#FFFFFF
2514	#FBF5F4	#FFFFFF
2515	#EFEDF6	#FEFEFE
2516	#FFFFFF	#FFFFFF
2517	#FCFBFD	#FFFFFF
2518	#FBF6F5	#FFFFFF
2519	#F7EDEB	#FEFEFE
2520	#F6EAE8	#FEFEFE
2521	#EDEBF5	#FEFEFE
2522	#F3F1F9	#FEFEFE
2523	#F1EFF7	#FEFEFE
2524	#F5E8E6	#FEFEFE
2525	#FEFDFD	#FFFFFF
2526	#FBFAFD	#FFFFFF
2527	#FDF9F9	#FFFFFF
2528	#E1DDEF	#FDFDFD
2529	#FDFBFA	#FFFFFF
2530	#FDFBFA	#FFFFFF
2531	#F2F0F8	#FEFEFE
2532	#FAF9FC	#FFFFFF
2533	#F4F3F9	#FEFEFE
2534	#FCF8F7	#FFFFFF
2535	#F4E5E3	#FEFEFE
2536	#FAF4F3	#FFFFFF
2537	#FAF3F2	#FEFEFE
2538	#E5C6C2	#FCFCFC
2539	#E1DDEF	#FCFCFC
2540	#F4E7E5	#FEFEFE
2541	#D1CBE6	#FBFBFB
2542	#F3E3E1	#FDFDFD
2543	#FDFAFA	#FFFFFF
2544	#F8F0EF	#FEFEFE
2545	#EFEDF6	#FEFEFE
2546	#F1EFF7	#FEFEFE
2547	#FAF2F1	#FEFEFE
2548	#F2E3E1	#FEFEFE
2549	#FEFCFB	#FFFFFF
2550	#FEFDFD	#FFFFFF
2551	#EFDCD9	#FEFEFE
2552	#C68D87	#FBFBFB
2553	#FDFAFA	#FFFFFF
2554	#F5E8E6	#FEFEFE
2555	#F8F0EF	#FEFEFE
2556	#E7E4F2	#FDFDFD
2557	#F7EDEC	#FEFEFE
2558	#FBF6F5	#FFFFFF
2559	#E7CBC7	#FDFDFD
2560	#FEFCFC	#FFFFFF
2561	#E7E4F2	#FDFDFD
2562	#F9F8FC	#FFFFFF
2563	#E6C9C6	#FDFDFD
2564	#F1DFDC	#FDFDFD
2565	#FCF7F7	#FFFFFF
2566	#E3DFF0	#FEFEFE
2567	#F9F2F1	#FEFEFE
2568	#F0DDDB	#FDFDFD
2569	#F8EEED	#FEFEFE
2570	#FAF9FC	#FFFFFF
2571	#F3F2F9	#FEFEFE
2572	#FEFEFF	#FFFFFF
2573	#F2E3E1	#FDFDFD
2574	#F7F6FB	#FFFFFF
2575	#FAF3F2	#FEFEFE
2576	#F3F1F9	#FEFEFE
2577	#F0EEF7	#FEFEFE
2578	#F9F8FC	#FFFFFF
2579	#F7ECEA	#FEFEFE
2580	#FAF9FC	#FFFFFF
2581	#FCF7F6	#FFFFFF
2582	#E1DDEF	#FDFDFD
2583	#F4F2F9	#FEFEFE
2584	#F3E4E2	#FDFDFD
2585	#FCFCFE	#FFFFFF
2586	#FCFBFD	#FFFFFF
2587	#EED9D6	#FDFDFD
2588	#FBF7F6	#FFFFFF
2589	#F7F6FB	#FEFEFE
2590	#FCFCFE	#FFFFFF
2591	#F7ECEB	#FEFEFE
2592	#F9F0EF	#FEFEFE
2593	#FDFDFE	#FFFFFF
2594	#FCF9F9	#FFFFFF
2595	#FCF7F7	#FFFFFF
2596	#FBF7F6	#FFFFFF
2597	#F9F1F0	#FEFEFE
2598	#F3F1F9	#FEFEFE
2599	#E7E4F2	#FDFDFD
2600	#F8F7FB	#FFFFFF
2601	#E2DEEF	#FDFDFD
2602	#FEFDFD	#FFFFFF
2603	#F0EEF7	#FEFEFE
2604	#FAF4F3	#FFFFFF
2605	#FFFEFE	#FFFFFF
2606	#F1E0DE	#FEFEFE
2607	#F8F0EF	#FEFEFE
2608	#F9F1F0	#FEFEFE
2609	#E8E5F3	#FEFEFE
2610	#FCFCFE	#FFFFFF
2611	#E2DEEF	#FCFCFC
2612	#F9F0EF	#FEFEFE
2613	#F9F1F0	#FEFEFE
2614	#F7ECEB	#FEFEFE
2615	#FDFCFE	#FFFFFF
2616	#E7CBC7	#FDFDFD
2617	#FAF9FC	#FFFFFF
2618	#FBFAFD	#FFFFFF
2619	#EEEBF6	#FEFEFE
2620	#E1DDEF	#FDFDFD
2621	#F1EFF8	#FEFEFE
2622	#FEFDFD	#FFFFFF
2623	#ECD6D3	#FBFBFB
2624	#F1E0DE	#FDFDFD
2625	#FAF4F3	#FFFFFF
2626	#EEECF6	#FEFEFE
2627	#F6EAE8	#FEFEFE
2628	#F6EBE9	#FEFEFE
2629	#F2E3E1	#FDFDFD
2630	#DDD9ED	#FCFCFC
2631	#FCF7F7	#FFFFFF
2632	#EDD6D3	#FCFCFC
2633	#EAE7F4	#FDFDFD
2634	#FEFDFE	#FFFFFF
2635	#FEFDFE	#FFFFFF
2636	#F4E7E5	#FEFEFE
2637	#F9F8FC	#FFFFFF
2638	#FFFEFE	#FFFFFF
2639	#E9CFCC	#FDFDFD
2640	#F7F6FB	#FFFFFF
2641	#F0EEF7	#FEFEFE
2642	#F4F3F9	#FFFFFF
2643	#F3F1F8	#FEFEFE
2644	#FEFCFC	#FFFFFF
2645	#F6EBEA	#FEFEFE
2646	#ECD4D1	#FBFBFB
2647	#FDFCFE	#FFFFFF
2648	#FBF6F6	#FFFFFF
2649	#F6F5FA	#FFFFFF
2650	#FFFEFE	#FFFFFF
2651	#EAE7F3	#FEFEFE
2652	#FAF3F2	#FFFFFF
2653	#F5E9E7	#FEFEFE
2654	#F2E1DF	#FDFDFD
2655	#F4F3F9	#FEFEFE
2656	#F9F0EF	#FEFEFE
2657	#F6EBE9	#FEFEFE
2658	#ECE9F5	#FEFEFE
2659	#F7ECEA	#FEFEFE
2660	#E2C1BD	#FCFCFC
2661	#EBD4D1	#FCFCFC
2662	#CDC7E4	#F9F9F9
2663	#F6F5FA	#FFFFFF
2664	#FCF7F6	#FFFFFF
2665	#DDB6B1	#FAFAFA
2666	#E9CECA	#FDFDFD
2667	#EEECF6	#FEFEFE
2668	#EDEBF5	#FEFEFE
2669	#F9F8FC	#FFFFFF
2670	#FDFDFE	#FFFFFF
2671	#FAFAFC	#FFFFFF
2672	#E6E3F2	#FDFDFD
2673	#FBFAFD	#FFFFFF
2674	#FBFBFD	#FFFFFF
2675	#FCF8F8	#FFFFFF
2676	#FEFCFC	#FFFFFF
2677	#F6F4FA	#FEFEFE
2678	#FDFDFE	#FFFFFF
2679	#F7EDEC	#FEFEFE
2680	#FBF6F5	#FFFFFF
2681	#F8F7FB	#FFFFFF
2682	#E3C3BF	#FCFCFC
2683	#EDD6D3	#FBFBFB
2684	#FAF3F2	#FEFEFE
2685	#E7E4F2	#FDFDFD
2686	#EEECF6	#FEFEFE
2687	#FBF5F4	#FFFFFF
2688	#F3E3E1	#FEFEFE
2689	#FEFBFB	#FFFFFF
2690	#F4F2F9	#FEFEFE
2691	#F7EDEC	#FEFEFE
2692	#F5E9E7	#FEFEFE
2693	#F1E1DE	#FEFEFE
2694	#E9CFCB	#FBFBFB
2695	#FAF3F2	#FEFEFE
2696	#ECD5D2	#FCFCFC
2697	#E4C5C1	#FBFBFB
2698	#FDFDFE	#FFFFFF
2699	#FBFBFD	#FFFFFF
2700	#F5E9E8	#FEFEFE
2701	#F1DFDD	#FDFDFD
2702	#E1BEB9	#FBFBFB
2703	#FCFCFD	#FFFFFF
2704	#FEFEFF	#FFFFFF
2705	#FCF9F8	#FFFFFF
2706	#EDEAF5	#FEFEFE
2707	#FCF8F7	#FFFFFF
2708	#FDFAF9	#FFFFFF
2709	#FBFAFD	#FFFFFF
2710	#F8F7FB	#FFFFFF
2711	#F8F7FB	#FFFFFF
2712	#F8EFEE	#FEFEFE
2713	#ECD4D1	#FCFCFC
2714	#F6EAE9	#FEFEFE
2715	#F8EEED	#FEFEFE
2716	#FDFBFA	#FFFFFF
2717	#FAF3F2	#FFFFFF
2718	#F4E7E5	#FEFEFE
2719	#EFDBD9	#FEFEFE
2720	#FBFAFD	#FFFFFF
2721	#FDFDFE	#FFFFFF
2722	#FCFCFD	#FFFFFF
2723	#E7E3F2	#FDFDFD
2724	#F9F8FB	#FFFFFF
2725	#FBFAFD	#FFFFFF
2726	#FFFFFF	#FFFFFF
2727	#F6EBEA	#FEFEFE
2728	#EFEDF7	#FEFEFE
2729	#EEECF6	#FEFEFE
2730	#F2E1DF	#FDFDFD
2731	#F7EEEC	#FEFEFE
2732	#F3E3E1	#FDFDFD
2733	#F5F4FA	#FEFEFE
2734	#FDFAFA	#FFFFFF
2735	#FFFFFF	#FFFFFF
2736	#FDFDFE	#FFFFFF
2737	#FBF5F5	#FFFFFF
2738	#F1DEDC	#FDFDFD
2739	#F9F1F0	#FFFFFF
2740	#F9F1F0	#FEFEFE
2741	#F5F3F9	#FEFEFE
2742	#EBD4D1	#FDFDFD
2743	#F1E1DE	#FDFDFD
2744	#F5E8E6	#FEFEFE
2745	#F3E4E2	#FDFDFD
2746	#EED8D6	#FDFDFD
2747	#ECD5D2	#FDFDFD
2748	#FBF6F5	#FFFFFF
2749	#FDFBFA	#FFFFFF
2750	#FBF7F6	#FFFFFF
2751	#FBF6F5	#FFFFFF
2752	#F9F1F0	#FEFEFE
2753	#F3E5E3	#FEFEFE
2754	#FCF8F7	#FFFFFF
2755	#FCF9F8	#FFFFFF
2756	#FBF6F5	#FFFFFF
2757	#F9F0EF	#FEFEFE
2758	#FBF6F5	#FFFFFF
2759	#EFDBD8	#FEFEFE
2760	#F3E4E2	#FDFDFD
2761	#F8EEED	#FEFEFE
2762	#F8EEED	#FEFEFE
2763	#D9D4EA	#FBFBFB
2764	#F4F3F9	#FEFEFE
2765	#F8F7FB	#FFFFFF
2766	#FCFCFD	#FFFFFF
2767	#FDFDFE	#FFFFFF
2768	#F4F2F9	#FEFEFE
2769	#C9C3E2	#FBFBFB
2770	#EBE9F4	#FEFEFE
2771	#FEFEFE	#FFFFFF
2772	#F0DDDB	#FDFDFD
2773	#F2F0F8	#FEFEFE
2774	#E7E4F2	#FDFDFD
2775	#F8EEED	#FEFEFE
2776	#FFFFFF	#FFFFFF
2777	#FAF9FC	#FFFFFF
2778	#F8EEED	#FEFEFE
2779	#FCF7F7	#FFFFFF
2780	#E9E6F3	#FEFEFE
2781	#FAF9FC	#FFFFFF
2782	#F1DFDC	#FDFDFD
2783	#F7F6FB	#FEFEFE
2784	#EAE7F4	#FDFDFD
2785	#FBF6F5	#FEFEFE
2786	#EAD2CE	#FDFDFD
2787	#FDF9F9	#FFFFFF
2788	#F3E3E1	#FEFEFE
2789	#E0BDB9	#FDFDFD
2790	#FCF9F8	#FFFFFF
2791	#F8F0EF	#FEFEFE
2792	#E8CCC8	#FDFDFD
2793	#F7ECEB	#FEFEFE
2794	#FEFEFF	#FFFFFF
2795	#F0DDDB	#FEFEFE
2796	#FBF5F5	#FEFEFE
2797	#FCFCFE	#FFFFFF
2798	#FEFCFC	#FFFFFF
2799	#F1F0F8	#FEFEFE
2800	#F7ECEB	#FEFEFE
2801	#FEFCFC	#FFFFFF
2802	#FEFEFF	#FFFFFF
2803	#F7EDEC	#FEFEFE
2804	#EED9D7	#FDFDFD
2805	#F6EAE8	#FEFEFE
2806	#F3F1F8	#FEFEFE
2807	#E0BDB9	#FBFBFB
2808	#F8EFEE	#FEFEFE
2809	#EFDCD9	#FEFEFE
2810	#FAF9FC	#FFFFFF
2811	#F1E1DE	#FDFDFD
2812	#FFFFFF	#FFFFFF
2813	#F9F2F1	#FEFEFE
2814	#F0DEDC	#FEFEFE
2815	#FFFFFF	#FFFFFF
2816	#FBFAFD	#FFFFFF
2817	#F8EFEE	#FEFEFE
2818	#E3DFF0	#FCFCFC
2819	#F8F0EE	#FEFEFE
2820	#EAD0CD	#FDFDFD
2821	#E7E4F2	#FDFDFD
2822	#F3F1F8	#FFFFFF
2823	#F6E9E8	#FEFEFE
2824	#F5F3F9	#FEFEFE
2825	#FCF8F7	#FFFFFF
2826	#FCF9F9	#FFFFFF
2827	#FDFAFA	#FFFFFF
2828	#EEECF6	#FEFEFE
2829	#FDFAFA	#FFFFFF
2830	#F6F4FA	#FEFEFE
2831	#F8EEED	#FEFEFE
2832	#FAF9FC	#FFFFFF
2833	#FCF7F7	#FFFFFF
2834	#F6EAE8	#FEFEFE
2835	#FBF6F5	#FFFFFF
2836	#FBFBFD	#FFFFFF
2837	#FAF4F3	#FFFFFF
2838	#F5E7E6	#FEFEFE
2839	#EED9D7	#FEFEFE
2840	#F6EAE8	#FEFEFE
2841	#BD7E77	#FAFAFA
2842	#FEFEFF	#FFFFFF
2843	#F9F8FC	#FFFFFF
2844	#FEFDFD	#FFFFFF
2845	#FAF9FC	#FFFFFF
2846	#F4E6E4	#FDFDFD
2847	#FCF9F8	#FFFFFF
2848	#FEFEFF	#FFFFFF
2849	#F3E4E2	#FEFEFE
2850	#FEFBFB	#FFFFFF
2851	#F9F8FC	#FFFFFF
2852	#F7ECEB	#FEFEFE
2853	#EEECF6	#FEFEFE
2854	#E3C3BF	#FCFCFC
2855	#FFFFFE	#FFFFFF
2856	#F6EAE8	#FEFEFE
2857	#F9F0EF	#FEFEFE
2858	#F1E0DE	#FEFEFE
2859	#F6F5FA	#FFFFFF
2860	#F7F6FB	#FFFFFF
2861	#EBE9F4	#FEFEFE
2862	#F4E6E4	#FEFEFE
2863	#F3E3E1	#FDFDFD
2864	#EFEDF6	#FEFEFE
2865	#F4F3F9	#FEFEFE
2866	#FEFCFB	#FFFFFF
2867	#E5C7C4	#FBFBFB
2868	#F0EEF7	#FEFEFE
2869	#F1EFF8	#FEFEFE
2870	#F7ECEA	#FEFEFE
2871	#F5F3FA	#FFFFFF
2872	#F7F6FB	#FFFFFF
2873	#F9F1F0	#FFFFFF
2874	#FAFAFC	#FFFFFF
2875	#F8EFEE	#FEFEFE
2876	#E4E1F1	#FDFDFD
2877	#E4C4C0	#FCFCFC
2878	#EFECF6	#FEFEFE
2879	#F1EFF8	#FEFEFE
2880	#FFFFFF	#FFFFFF
2881	#F5E8E6	#FEFEFE
2882	#F9F2F1	#FEFEFE
2883	#F5E7E5	#FEFEFE
2884	#F8EFEE	#FEFEFE
2885	#FFFFFF	#FFFFFF
2886	#F8EEED	#FEFEFE
2887	#EFDCD9	#FDFDFD
2888	#F0DDDA	#FDFDFD
2889	#F6EAE8	#FEFEFE
2890	#E3C3BF	#FCFCFC
2891	#F5E9E7	#FEFEFE
2892	#FCF9F9	#FFFFFF
2893	#F1E0DE	#FEFEFE
2894	#F5F4FA	#FFFFFF
2895	#EFDCD9	#FEFEFE
2896	#F3E3E1	#FDFDFD
2897	#EAE7F4	#FEFEFE
2898	#FDFCFE	#FFFFFF
2899	#F8EEED	#FEFEFE
2900	#EBD2CF	#FDFDFD
2901	#F7ECEB	#FEFEFE
2902	#EDEAF5	#FEFEFE
2903	#E5E1F1	#FDFDFD
2904	#F3F1F8	#FEFEFE
2905	#FCF8F7	#FFFFFF
2906	#FBF5F5	#FFFFFF
2907	#FCF8F7	#FFFFFF
2908	#F0DDDA	#FEFEFE
2909	#F7ECEA	#FEFEFE
2910	#F8EFEE	#FEFEFE
2911	#F2F0F8	#FEFEFE
2912	#F8F7FB	#FFFFFF
2913	#FBFBFD	#FFFFFF
2914	#F7EDEC	#FEFEFE
2915	#FBFAFD	#FFFFFF
2916	#EDD7D5	#FDFDFD
2917	#F5E8E6	#FEFEFE
2918	#ECD5D2	#FCFCFC
2919	#FAF4F3	#FFFFFF
2920	#F0EEF7	#FEFEFE
2921	#E5C7C3	#FCFCFC
2922	#FDFAFA	#FFFFFF
2923	#F6EAE9	#FEFEFE
2924	#F5F4FA	#FEFEFE
2925	#FDF9F9	#FFFFFF
2926	#FAF9FC	#FFFFFF
2927	#FEFDFD	#FFFFFF
2928	#F9F8FC	#FFFFFF
2929	#EBD3CF	#FDFDFD
2930	#E4E0F0	#FDFDFD
2931	#FFFEFE	#FFFFFF
2932	#E3E0F0	#FDFDFD
2933	#F7ECEB	#FEFEFE
2934	#FAF3F3	#FEFEFE
2935	#FEFDFD	#FFFFFF
2936	#EFDBD9	#FEFEFE
2937	#E5C6C2	#FBFBFB
2938	#F0DDDA	#FDFDFD
2939	#EFDBD9	#FEFEFE
2940	#F9F0EF	#FEFEFE
2941	#FDFDFE	#FFFFFF
2942	#E6C9C5	#FDFDFD
2943	#F8F7FB	#FFFFFF
2944	#E5C6C2	#FCFCFC
2945	#FAFAFD	#FFFFFF
2946	#E5C6C2	#FBFBFB
2947	#FCF8F7	#FFFFFF
2948	#F5F3F9	#FFFFFF
2949	#F5F4FA	#FEFEFE
2950	#E9E6F3	#FDFDFD
2951	#FBFAFD	#FFFFFF
2952	#FBF5F4	#FFFFFF
2953	#FAF4F4	#FFFFFF
2954	#F4F3F9	#FEFEFE
2955	#E8E4F2	#FEFEFE
2956	#EED9D6	#FCFCFC
2957	#F9F0EF	#FFFFFF
2958	#F5E8E6	#FEFEFE
2959	#D9B0AB	#FBFBFB
2960	#E5C8C4	#FCFCFC
2961	#FAF9FC	#FFFFFF
2962	#F2E3E0	#FEFEFE
2963	#FDF9F9	#FFFFFF
2964	#F5E9E7	#FEFEFE
2965	#EDEBF5	#FEFEFE
2966	#F9F0EF	#FEFEFE
2967	#F7ECEB	#FEFEFE
2968	#FAF4F3	#FEFEFE
2969	#E8CCC9	#FCFCFC
2970	#F0DCDA	#FEFEFE
2971	#FAFAFC	#FFFFFF
2972	#FAF4F3	#FFFFFF
2973	#FCF8F7	#FFFFFF
2974	#FCF9F9	#FFFFFF
2975	#FAF4F3	#FFFFFF
2976	#F4E7E5	#FEFEFE
2977	#F9F1F0	#FEFEFE
2978	#F7F6FB	#FFFFFF
2979	#FAF4F3	#FEFEFE
2980	#F9F0EF	#FEFEFE
2981	#F0EEF7	#FEFEFE
2982	#FFFFFF	#FFFFFF
2983	#F4E7E5	#FEFEFE
2984	#F8F0EF	#FEFEFE
2985	#FBF6F5	#FEFEFE
2986	#FFFFFF	#FFFFFF
2987	#F9F1F0	#FEFEFE
2988	#DAB0AB	#FBFBFB
2989	#EEDAD7	#FDFDFD
2990	#FCF9F8	#FFFFFF
2991	#F3E4E2	#FEFEFE
2992	#ECD4D1	#FCFCFC
2993	#F4F2F9	#FEFEFE
2994	#EED8D6	#FDFDFD
2995	#E8E5F3	#FEFEFE
2996	#F0DEDC	#FDFDFD
2997	#F9F1F0	#FEFEFE
2998	#FAF3F2	#FEFEFE
2999	#F1EEF7	#FEFEFE
3000	#F6F5FA	#FFFFFF
3001	#F7ECEA	#FEFEFE
3002	#F2E2E0	#FEFEFE
3003	#F6EAE9	#FEFEFE
3004	#F8F7FB	#FFFFFF
3005	#F9F8FC	#FFFFFF
3006	#ECD6D3	#FDFDFD
3007	#F6EAE8	#FEFEFE
3008	#ECD4D1	#FDFDFD
3009	#EAD2CE	#FDFDFD
3010	#F0DCDA	#FEFEFE
3011	#E3C3BE	#FCFCFC
3012	#EEECF6	#FEFEFE
3013	#F5E9E7	#FEFEFE
3014	#FFFFFF	#FFFFFF
3015	#F4E6E4	#FEFEFE
3016	#F3E4E2	#FEFEFE
3017	#FCF7F6	#FFFFFF
3018	#FEFCFC	#FFFFFF
3019	#F8F7FB	#FFFFFF
3020	#F0DEDB	#FEFEFE
3021	#F4E5E3	#FEFEFE
3022	#FEFEFF	#FFFFFF
3023	#FFFEFE	#FFFFFF
3024	#F3E4E2	#FEFEFE
3025	#FCF9F8	#FFFFFF
3026	#EAE7F4	#FEFEFE
3027	#F0DDDB	#FEFEFE
3028	#FAF3F2	#FFFFFF
3029	#FFFEFE	#FFFFFF
3030	#F3E3E1	#FEFEFE
3031	#FCFCFD	#FFFFFF
3032	#F6EBE9	#FEFEFE
3033	#F8F0EF	#FEFEFE
3034	#F7F6FB	#FFFFFF
3035	#FBF6F5	#FFFFFF
3036	#FDFDFE	#FFFFFF
3037	#EBD3D0	#FBFBFB
3038	#DAB2AD	#F9F9F9
3039	#FBF5F4	#FFFFFF
3040	#EAD2CE	#FDFDFD
3041	#DAB2AD	#FCFCFC
3042	#EFDBD8	#FCFCFC
3043	#E6C9C5	#FDFDFD
3044	#F0EEF7	#FEFEFE
3045	#F7ECEA	#FEFEFE
3046	#FCFCFE	#FFFFFF
3047	#E4C4C0	#FCFCFC
3048	#DDB7B2	#FCFCFC
3049	#FBF6F5	#FFFFFF
3050	#FDFCFE	#FFFFFF
3051	#EED9D6	#FCFCFC
3052	#FBF6F5	#FFFFFF
3053	#EDD6D3	#FEFEFE
3054	#E8E4F2	#FDFDFD
3055	#E1DCEE	#FDFDFD
3056	#E7CCC8	#FCFCFC
3057	#FBF5F5	#FFFFFF
3058	#FBFBFD	#FFFFFF
3059	#F1DFDD	#FEFEFE
3060	#F3E5E3	#FEFEFE
3061	#F5E8E6	#FEFEFE
3062	#FCF9F8	#FFFFFF
3063	#EFDBD8	#FDFDFD
3064	#FEFEFE	#FFFFFF
3065	#FCF7F6	#FFFFFF
3066	#FEFEFF	#FFFFFF
3067	#EDD8D5	#FCFCFC
3068	#F7EEEC	#FEFEFE
3069	#F7F6FB	#FFFFFF
3070	#EED9D6	#FDFDFD
3071	#F3E4E2	#FDFDFD
3072	#F8F7FB	#FFFFFF
3073	#EED9D6	#FDFDFD
3074	#D9AFAA	#FBFBFB
3075	#F2E2E0	#FEFEFE
3076	#E4E0F0	#FDFDFD
3077	#FCFCFE	#FFFFFF
3078	#F6F5FA	#FFFFFF
3079	#F7ECEB	#FEFEFE
3080	#E6C9C6	#FDFDFD
3081	#F7F6FB	#FFFFFF
3082	#F2F0F8	#FEFEFE
3083	#EEEBF6	#FEFEFE
3084	#F8EFED	#FEFEFE
3085	#F8F0EE	#FEFEFE
3086	#EFDAD8	#FCFCFC
3087	#F3E4E2	#FEFEFE
3088	#FCF9F8	#FFFFFF
3089	#F5F3FA	#FFFFFF
3090	#F5E8E6	#FEFEFE
3091	#F3E3E1	#FEFEFE
3092	#F2F0F8	#FEFEFE
3093	#EFDBD8	#FDFDFD
3094	#EEEBF6	#FEFEFE
3095	#F8EFEE	#FEFEFE
3096	#F7EDEC	#FEFEFE
3097	#EAD2CE	#FDFDFD
3098	#FEFEFF	#FFFFFF
3099	#B7746D	#F9F9F9
3100	#E8CCC9	#FBFBFB
3101	#FFFEFE	#FFFFFF
3102	#FEFCFB	#FFFFFF
3103	#F9F2F1	#FEFEFE
3104	#EDEAF5	#FEFEFE
3105	#FCF7F7	#FFFFFF
3106	#FFFFFF	#FFFFFF
3107	#FAF9FC	#FFFFFF
3108	#E7CAC6	#FDFDFD
3109	#FBF6F5	#FFFFFF
3110	#F9F1F0	#FFFFFF
3111	#ECD5D2	#FDFDFD
3112	#F0DDDA	#FEFEFE
3113	#F3E3E1	#FEFEFE
3114	#F8EFEE	#FEFEFE
3115	#F7ECEB	#FEFEFE
3116	#EDEAF5	#FEFEFE
3117	#FDFBFA	#FFFFFF
3118	#F4E7E5	#FDFDFD
3119	#EBD3D0	#FCFCFC
3120	#F4E5E3	#FEFEFE
3121	#FDFDFE	#FFFFFF
3122	#F1E0DD	#FEFEFE
3123	#EDD6D3	#FDFDFD
3124	#F3E4E3	#FEFEFE
3125	#FCF8F7	#FFFFFF
3126	#F9F1F0	#FFFFFF
3127	#F5E7E6	#FEFEFE
3128	#F8F7FB	#FFFFFF
3129	#EDEBF6	#FEFEFE
3130	#EBD2CF	#FCFCFC
3131	#F2E2DF	#FDFDFD
3132	#FBFBFD	#FFFFFF
3133	#FAF9FC	#FFFFFF
3134	#F3F1F8	#FEFEFE
3135	#FFFFFF	#FFFFFF
3136	#EBD3D0	#FCFCFC
3137	#FFFFFF	#FFFFFF
3138	#E9CFCB	#FCFCFC
3139	#BD7F78	#FAFAFA
3140	#F6EAE8	#FEFEFE
3141	#FCF7F6	#FFFFFF
3142	#DAB2AD	#F9F9F9
3143	#FAFAFD	#FFFFFF
3144	#EEECF6	#FEFEFE
3145	#FBFBFD	#FFFFFF
3146	#F7ECEB	#FEFEFE
3147	#F3F1F9	#FEFEFE
3148	#EBD4D0	#FDFDFD
3149	#FDF9F9	#FFFFFF
3150	#FBF6F6	#FFFFFF
3151	#F7ECEB	#FEFEFE
3152	#FEFCFC	#FFFFFF
3153	#FDFCFE	#FFFFFF
3154	#EFEDF7	#FEFEFE
3155	#FEFDFD	#FFFFFF
3156	#F9F8FC	#FFFFFF
3157	#F5E9E7	#FEFEFE
3158	#FAF3F2	#FEFEFE
3159	#F9F0EF	#FEFEFE
3160	#EBD3CF	#FDFDFD
3161	#EEDAD7	#FDFDFD
3162	#F1E0DE	#FEFEFE
3163	#D3A39E	#F9F9F9
3164	#FCF9F8	#FFFFFF
3165	#FCFCFE	#FFFFFF
3166	#EEEBF6	#FEFEFE
3167	#F2F0F8	#FEFEFE
3168	#F7EDEC	#FEFEFE
3169	#F0EEF7	#FEFEFE
3170	#F5E7E6	#FDFDFD
3171	#E9E6F3	#FEFEFE
3172	#FDFBFB	#FFFFFF
3173	#FAF9FC	#FFFFFF
3174	#EDD7D4	#FCFCFC
3175	#F1DFDC	#FDFDFD
3176	#EAD0CD	#FDFDFD
3177	#ECEAF5	#FEFEFE
3178	#F7F6FB	#FFFFFF
3179	#F5F4FA	#FEFEFE
3180	#ECEAF5	#FEFEFE
3181	#F5E9E7	#FEFEFE
3182	#E1DDEF	#FCFCFC
3183	#EDEAF5	#FEFEFE
3184	#E1DCEF	#FCFCFC
3185	#F1EFF7	#FEFEFE
3186	#F8F7FB	#FFFFFF
3187	#F2E3E0	#FEFEFE
3188	#EAD1CE	#FCFCFC
3189	#EBD3D0	#FCFCFC
3190	#DFBBB7	#FBFBFB
3191	#EAD0CD	#FDFDFD
3192	#EFDCD9	#FDFDFD
3193	#F2E2E0	#FDFDFD
3194	#EFDCD9	#FEFEFE
3195	#E7E3F2	#FDFDFD
3196	#F9F1F0	#FEFEFE
3197	#F7EDEB	#FEFEFE
3198	#F8EEED	#FEFEFE
3199	#F2E2E0	#FEFEFE
3200	#FDFAF9	#FFFFFF
3201	#FFFEFE	#FFFFFF
3202	#DCB4AF	#FAFAFA
3203	#F1DFDC	#FDFDFD
3204	#FDFBFA	#FFFFFF
3205	#FEFDFE	#FFFFFF
3206	#EEEBF6	#FEFEFE
3207	#F3E4E2	#FEFEFE
3208	#FEFDFD	#FFFFFF
3209	#EDD6D4	#FDFDFD
3210	#EBE8F4	#FEFEFE
3211	#FAF4F4	#FEFEFE
3212	#FBF6F5	#FFFFFF
3213	#FAF3F3	#FFFFFF
3214	#F1DFDC	#FDFDFD
3215	#E0BCB7	#FCFCFC
3216	#FAF3F2	#FFFFFF
3217	#E8E4F2	#FDFDFD
3218	#F9F1F0	#FEFEFE
3219	#F8F7FB	#FFFFFF
3220	#FDFBFB	#FFFFFF
3221	#FCF8F7	#FFFFFF
3222	#FBF5F4	#FFFFFF
3223	#FBF6F5	#FFFFFF
3224	#F6EBEA	#FEFEFE
3225	#FBF6F5	#FFFFFF
3226	#EFECF6	#FEFEFE
3227	#F3E3E1	#FEFEFE
3228	#F9F8FC	#FFFFFF
3229	#F2E1DF	#FDFDFD
3230	#FAF3F2	#FEFEFE
3231	#F3F1F8	#FEFEFE
3232	#FCFBFD	#FFFFFF
3233	#F9F8FC	#FFFFFF
3234	#EAE7F4	#FDFDFD
3235	#FBF6F5	#FFFFFF
3236	#E4E1F1	#FDFDFD
3237	#E7CAC7	#FBFBFB
3238	#F3E3E1	#FEFEFE
3239	#F6EBEA	#FEFEFE
3240	#F8EEED	#FEFEFE
3241	#EBD3D0	#FDFDFD
3242	#DEDAED	#FDFDFD
3243	#EAD1CD	#FDFDFD
3244	#EAD0CC	#FCFCFC
3245	#E7CAC7	#FCFCFC
3246	#FFFFFF	#FFFFFF
3247	#F2E1DE	#FDFDFD
3248	#F6EAE8	#FEFEFE
3249	#F4E7E5	#FEFEFE
3250	#F4E7E5	#FEFEFE
3251	#FAFAFC	#FFFFFF
3252	#FEFCFC	#FFFFFF
3253	#FDFDFE	#FFFFFF
3254	#EDD6D3	#FEFEFE
3255	#DEDAED	#FCFCFC
3256	#FAF4F3	#FFFFFF
3257	#FCF9F8	#FFFFFF
3258	#F4F3F9	#FFFFFF
3259	#F9F8FC	#FFFFFF
3260	#FEFEFE	#FFFFFF
3261	#F9F2F1	#FEFEFE
3262	#F5E9E7	#FEFEFE
3263	#EFDBD8	#FDFDFD
3264	#EFDBD8	#FCFCFC
3265	#F7EDEB	#FEFEFE
3266	#EBD3D0	#FDFDFD
3267	#EAE7F4	#FDFDFD
3268	#E7E4F2	#FDFDFD
3269	#FDFAFA	#FFFFFF
3270	#FAF2F1	#FEFEFE
3271	#F1E0DE	#FDFDFD
3272	#EDEAF5	#FEFEFE
3273	#FAF9FC	#FFFFFF
3274	#FFFFFF	#FFFFFF
3275	#F3F1F8	#FEFEFE
3276	#FCF8F7	#FFFFFF
3277	#EED9D6	#FDFDFD
3278	#FCF9F8	#FFFFFF
3279	#FDFBFA	#FFFFFF
3280	#F1E0DE	#FDFDFD
3281	#F3F2F9	#FEFEFE
3282	#F6EBE9	#FEFEFE
3283	#F3F2F9	#FEFEFE
3284	#FBFBFD	#FFFFFF
3285	#F2F0F8	#FEFEFE
3286	#F6EAE8	#FEFEFE
3287	#E3C3BF	#FCFCFC
3288	#F3E3E1	#FEFEFE
3289	#F7EDEB	#FEFEFE
3290	#F1E0DE	#FEFEFE
3291	#F1DFDD	#FDFDFD
3292	#E9CECB	#FCFCFC
3293	#EAD1CE	#FDFDFD
3294	#F3E5E3	#FEFEFE
3295	#F6EAE9	#FEFEFE
3296	#EDEBF6	#FEFEFE
3297	#FDFBFA	#FFFFFF
3298	#F1E0DE	#FEFEFE
3299	#FCF7F7	#FFFFFF
3300	#D9AFAA	#FBFBFB
3301	#FAF5F4	#FFFFFF
3302	#F0DEDB	#FDFDFD
3303	#FFFFFF	#FFFFFF
3304	#F9F1F0	#FFFFFF
3305	#F0DEDB	#FEFEFE
3306	#FFFFFF	#FFFFFF
3307	#EBE8F4	#FEFEFE
3308	#F9F2F1	#FEFEFE
3309	#FAF3F2	#FFFFFF
3310	#F9F1F0	#FEFEFE
3311	#F7EDEC	#FEFEFE
3312	#F8F8FB	#FFFFFF
3313	#EED9D6	#FDFDFD
3314	#EAD1CE	#FDFDFD
3315	#EED9D6	#FEFEFE
3316	#F6F5FA	#FEFEFE
3317	#EFDCD9	#FEFEFE
3318	#F8F0EF	#FEFEFE
3319	#FCFCFE	#FFFFFF
3320	#FDF9F9	#FFFFFF
3321	#F3F1F8	#FEFEFE
3322	#F2F0F8	#FEFEFE
3323	#FDFBFA	#FFFFFF
3324	#FAF9FC	#FFFFFF
3325	#F5E9E7	#FEFEFE
3326	#FBF6F5	#FFFFFF
3327	#FBFAFD	#FFFFFF
3328	#E3C3BF	#FCFCFC
3329	#F8EFEE	#FEFEFE
3330	#F3F1F8	#FEFEFE
3331	#F2E2E0	#FDFDFD
3332	#FDFBFB	#FFFFFF
3333	#FBF6F5	#FFFFFF
3334	#FBFAFD	#FFFFFF
3335	#F5E8E6	#FEFEFE
3336	#FCFCFE	#FFFFFF
3337	#E4C4C0	#FCFCFC
3338	#F1E0DE	#FEFEFE
3339	#EED9D6	#FDFDFD
3340	#B26C65	#F7F7F7
3341	#EDD6D4	#FDFDFD
3342	#FAF4F3	#FFFFFF
3343	#F6EBE9	#FEFEFE
3344	#E4C5C1	#FCFCFC
3345	#E8CDCA	#FCFCFC
3346	#F1E0DD	#FDFDFD
3347	#D5D0E8	#FCFCFC
3348	#F9F1F0	#FEFEFE
3349	#FFFFFF	#FFFFFF
3350	#F5E7E5	#FEFEFE
3351	#F8EEED	#FEFEFE
3352	#F4E6E4	#FEFEFE
3353	#FAF3F2	#FFFFFF
3354	#ECD4D1	#FDFDFD
3355	#E7CBC7	#FDFDFD
3356	#EAD1CE	#FDFDFD
3357	#FAF4F3	#FFFFFF
3358	#F7F6FB	#FEFEFE
3359	#FBFAFD	#FFFFFF
3360	#EAE8F4	#FEFEFE
3361	#EED9D7	#FCFCFC
3362	#FCFBFD	#FFFFFF
3363	#FEFCFC	#FFFFFF
3364	#F1DEDC	#FDFDFD
3365	#FDFBFB	#FFFFFF
3366	#FAF4F3	#FFFFFF
3367	#FAF4F3	#FFFFFF
3368	#EDEAF5	#FEFEFE
3369	#F8EEED	#FEFEFE
3370	#FBF6F5	#FFFFFF
3371	#F4E6E4	#FEFEFE
3372	#FEFEFF	#FFFFFF
3373	#DBB3AE	#FAFAFA
3374	#EED9D7	#FDFDFD
3375	#FDFDFE	#FFFFFF
3376	#E1DDEF	#FDFDFD
3377	#F4E7E5	#FEFEFE
3378	#FCF9F8	#FFFFFF
3379	#FDFDFE	#FFFFFF
3380	#F7EDEC	#FEFEFE
3381	#F5E9E8	#FEFEFE
3382	#FBFBFD	#FFFFFF
3383	#EBD4D1	#FDFDFD
3384	#DED9ED	#FCFCFC
3385	#FBFAFD	#FFFFFF
3386	#FCFCFD	#FFFFFF
3387	#F6F4FA	#FEFEFE
3388	#F8EEED	#FEFEFE
3389	#FDFDFE	#FFFFFF
3390	#F4F2F9	#FEFEFE
3391	#F8F7FB	#FFFFFF
3392	#FAF9FC	#FFFFFF
3393	#FCFCFD	#FFFFFF
3394	#EDEAF5	#FDFDFD
3395	#FCF7F7	#FFFFFF
3396	#FEFDFD	#FFFFFF
3397	#F6EAE9	#FEFEFE
3398	#F9F1F0	#FEFEFE
3399	#FBFAFD	#FFFFFF
3400	#F0EDF7	#FEFEFE
3401	#FCFCFD	#FFFFFF
3402	#E6E2F1	#FEFEFE
3403	#FEFCFC	#FFFFFF
3404	#F5F3F9	#FEFEFE
3405	#F2F0F8	#FEFEFE
3406	#EEEBF6	#FEFEFE
3407	#F6F5FA	#FEFEFE
3408	#F6F5FA	#FFFFFF
3409	#FDFDFE	#FFFFFF
3410	#FEFCFC	#FFFFFF
3411	#EDEAF5	#FDFDFD
3412	#F9F1F0	#FEFEFE
3413	#F5F3F9	#FEFEFE
3414	#FEFDFD	#FFFFFF
3415	#FDFBFB	#FFFFFF
3416	#EBE8F4	#FDFDFD
3417	#FDFAFA	#FFFFFF
3418	#F7EDEB	#FDFDFD
3419	#FDF9F9	#FFFFFF
3420	#E4E0F0	#FCFCFC
3421	#F8F0EF	#FEFEFE
3422	#FDFAFA	#FFFFFF
3423	#FFFFFF	#FFFFFF
3424	#F6EBE9	#FEFEFE
3425	#F0DCDA	#FDFDFD
3426	#F9F1F0	#FEFEFE
3427	#F9F2F1	#FFFFFF
3428	#E9D0CC	#FDFDFD
3429	#F3E3E1	#FEFEFE
3430	#FDFAFA	#FFFFFF
3431	#E1DDEF	#FDFDFD
3432	#F5F3F9	#FEFEFE
3433	#F8F7FB	#FFFFFF
3434	#FDFAFA	#FFFFFF
3435	#F2F1F8	#FEFEFE
3436	#E0DCEE	#FDFDFD
3437	#FBFAFD	#FFFFFF
3438	#ECE9F5	#FDFDFD
3439	#F8F7FB	#FFFFFF
3440	#F8EEED	#FEFEFE
3441	#F3F1F8	#FEFEFE
3442	#FFFEFE	#FFFFFF
3443	#F0EEF7	#FEFEFE
3444	#F8EEED	#FEFEFE
3445	#F4E6E4	#FDFDFD
3446	#F7EEEC	#FEFEFE
3447	#F8F7FB	#FFFFFF
3448	#E3C3BF	#FBFBFB
3449	#FBF6F6	#FFFFFF
3450	#F5F4FA	#FEFEFE
3451	#F9F8FC	#FFFFFF
3452	#FBFAFD	#FFFFFF
3453	#F2E3E1	#FDFDFD
3454	#F1EFF7	#FEFEFE
3455	#F1EFF8	#FEFEFE
3456	#FAF9FC	#FFFFFF
3457	#F7F6FB	#FEFEFE
3458	#FDFAF9	#FFFFFF
3459	#FDFAFA	#FFFFFF
3460	#F7ECEA	#FEFEFE
3461	#E2DEEF	#FDFDFD
3462	#E1DCEF	#FBFBFB
3463	#FEFCFC	#FFFFFF
3464	#F7ECEA	#FEFEFE
3465	#E5E1F1	#FCFCFC
3466	#F5F3F9	#FEFEFE
3467	#FBFAFD	#FFFFFF
3468	#F5E8E6	#FCFCFC
3469	#FAFAFD	#FFFFFF
3470	#F8EFED	#FEFEFE
3471	#FDFAFA	#FFFFFF
3472	#FEFCFC	#FFFFFF
3473	#FEFDFD	#FFFFFF
3474	#F1E0DE	#FDFDFD
3475	#EAD1CE	#FDFDFD
3476	#F8EEED	#FEFEFE
3477	#EAD0CC	#FDFDFD
3478	#E9D0CC	#FCFCFC
3479	#EDD6D4	#FEFEFE
3480	#F2F0F8	#FEFEFE
3481	#FFFEFE	#FFFFFF
3482	#FFFFFF	#FFFFFF
3483	#F6F5FA	#FFFFFF
3484	#F9F8FC	#FFFFFF
3485	#FAF9FC	#FFFFFF
3486	#EEECF6	#FEFEFE
3487	#FFFFFF	#FFFFFF
3488	#F5E9E7	#FEFEFE
3489	#EDD7D5	#FCFCFC
3490	#D6AAA5	#FBFBFB
3491	#F6EAE8	#FEFEFE
3492	#B8766F	#F9F9F9
3493	#EDD7D4	#FDFDFD
3494	#F3E3E1	#FEFEFE
3495	#E7CBC8	#FBFBFB
3496	#EDD7D4	#FCFCFC
3497	#EDD7D4	#FCFCFC
3498	#EFECF6	#FEFEFE
3499	#E8CDCA	#FCFCFC
3500	#EDEBF5	#FEFEFE
3501	#F6EBEA	#FEFEFE
3502	#FCF7F6	#FFFFFF
3503	#F8F7FB	#FFFFFF
3504	#F7EDEC	#FEFEFE
3505	#F3E4E2	#FEFEFE
3506	#F8F7FB	#FFFFFF
3507	#E7CBC8	#FDFDFD
3508	#FAF4F3	#FFFFFF
3509	#E8E5F3	#FEFEFE
3510	#FDFAF9	#FFFFFF
3511	#F7ECEB	#FEFEFE
3512	#FCF7F7	#FFFFFF
3513	#FAF4F3	#FFFFFF
3514	#F8EFED	#FEFEFE
3515	#F5E8E7	#FEFEFE
3516	#F5E8E6	#FEFEFE
3517	#EFDCDA	#FDFDFD
3518	#F2E1DF	#FDFDFD
3519	#F1DFDC	#FDFDFD
3520	#F5E8E7	#FEFEFE
3521	#F7EDEB	#FEFEFE
3522	#E7E4F2	#FDFDFD
3523	#F6EBEA	#FEFEFE
3524	#FDFBFB	#FFFFFF
3525	#F6EAE9	#FEFEFE
3526	#FBFAFD	#FFFFFF
3527	#F2E2E0	#FEFEFE
3528	#FDFBFA	#FFFFFF
3529	#F3E3E1	#FEFEFE
3530	#FCFCFE	#FFFFFF
3531	#F6EBEA	#FEFEFE
3532	#FDFDFE	#FFFFFF
3533	#EDD7D5	#FCFCFC
3534	#EFDBD8	#FCFCFC
3535	#FFFFFF	#FFFFFF
3536	#F6EAE9	#FEFEFE
3537	#FFFEFE	#FFFFFF
3538	#FDFAF9	#FFFFFF
3539	#FDFDFE	#FFFFFF
3540	#E9CECA	#FDFDFD
3541	#DFBAB5	#FBFBFB
3542	#F1DFDD	#FEFEFE
3543	#EED9D7	#FCFCFC
3544	#F2E2DF	#FDFDFD
3545	#E6C8C5	#FBFBFB
3546	#F1E0DE	#FDFDFD
3547	#E9CFCC	#FBFBFB
3548	#EFDAD8	#FDFDFD
3549	#FCFCFE	#FFFFFF
3550	#F2F0F8	#FEFEFE
3551	#FFFFFF	#FFFFFF
3552	#F2F0F8	#FEFEFE
3553	#EEECF6	#FEFEFE
3554	#F2F0F8	#FEFEFE
3555	#ECD5D2	#FEFEFE
3556	#FBF6F5	#FFFFFF
3557	#F6EBE9	#FEFEFE
3558	#F3E4E2	#FEFEFE
3559	#DEB9B4	#FCFCFC
3560	#EAE7F4	#FEFEFE
3561	#F8F7FB	#FFFFFF
3562	#FBF6F6	#FFFFFF
3563	#EED8D6	#FDFDFD
3564	#FEFDFC	#FFFFFF
3565	#F6F4FA	#FEFEFE
3566	#FEFCFC	#FFFFFF
3567	#F0DEDC	#FDFDFD
3568	#FFFFFF	#FFFFFF
3569	#F1EFF7	#FEFEFE
3570	#F7ECEA	#FEFEFE
3571	#FBF6F5	#FFFFFF
3572	#F7EDEB	#FEFEFE
3573	#FBF7F6	#FFFFFF
3574	#F8F7FB	#FFFFFF
3575	#F3F1F8	#FEFEFE
3576	#FBFAFD	#FFFFFF
3577	#EBD2CF	#FDFDFD
3578	#E0BCB8	#FBFBFB
3579	#FFFFFF	#FFFFFF
3580	#F5E7E6	#FDFDFD
3581	#F8EFEE	#FEFEFE
3582	#F7EDEC	#FEFEFE
3583	#F9F2F1	#FFFFFF
3584	#EAE7F4	#FDFDFD
3585	#E5C7C3	#FBFBFB
3586	#F2F0F8	#FEFEFE
3587	#F3F1F8	#FEFEFE
3588	#F8EFEE	#FEFEFE
3589	#E9CFCC	#FCFCFC
3590	#F8EFEE	#FEFEFE
3591	#E7CAC6	#FDFDFD
3592	#FDFDFE	#FFFFFF
3593	#F7EDEC	#FEFEFE
3594	#F3E4E2	#FEFEFE
3595	#F4F2F9	#FEFEFE
3596	#CE9B95	#F8F8F8
3597	#F3E4E2	#FDFDFD
3598	#F5E9E7	#FEFEFE
3599	#F9F2F1	#FFFFFF
3600	#FBF5F4	#FFFFFF
3601	#F4E6E4	#FEFEFE
3602	#FFFFFF	#FFFFFF
3603	#DFBBB7	#FBFBFB
3604	#F3E4E2	#FEFEFE
3605	#F8EEED	#FEFEFE
3606	#FDFDFE	#FFFFFF
3607	#F2E2E0	#FEFEFE
3608	#F5E7E5	#FEFEFE
3609	#DBB3AE	#FCFCFC
3610	#F3E3E1	#FDFDFD
3611	#F6EAE8	#FEFEFE
3612	#FDFBFB	#FFFFFF
3613	#FEFCFC	#FFFFFF
3614	#EBD2CF	#FDFDFD
3615	#FDFCFE	#FFFFFF
3616	#F9F1F0	#FEFEFE
3617	#FDF9F9	#FFFFFF
3618	#E7E3F2	#FDFDFD
3619	#FCFCFE	#FFFFFF
3620	#F1E0DE	#FEFEFE
3621	#F9F8FC	#FFFFFF
3622	#EFDBD8	#FEFEFE
3623	#F9F1F0	#FFFFFF
3624	#FCF9F9	#FFFFFF
3625	#F7ECEB	#FEFEFE
3626	#F9F8FC	#FFFFFF
3627	#F9F0EF	#FEFEFE
3628	#F2E1DF	#FDFDFD
3629	#F1EFF8	#FEFEFE
3630	#F6EAE9	#FEFEFE
3631	#F3E5E3	#FDFDFD
3632	#FFFFFF	#FFFFFF
3633	#ECD6D3	#FEFEFE
3634	#FBF6F5	#FFFFFF
3635	#F1E0DE	#FEFEFE
3636	#FCF8F8	#FFFFFF
3637	#DAD5EB	#FCFCFC
3638	#ECD5D2	#FDFDFD
3639	#F0EEF7	#FEFEFE
3640	#EED9D6	#FDFDFD
3641	#DEB8B3	#FAFAFA
3642	#EBD3D0	#FDFDFD
3643	#E7E4F2	#FDFDFD
3644	#EED9D7	#FDFDFD
3645	#EFDBD8	#FEFEFE
3646	#FDFCFE	#FFFFFF
3647	#F5E8E7	#FEFEFE
3648	#F3E3E1	#FEFEFE
3649	#ECD6D3	#FDFDFD
3650	#FCF8F8	#FFFFFF
3651	#FEFCFC	#FFFFFF
3652	#F5E7E5	#FEFEFE
3653	#FDFDFE	#FFFFFF
3654	#F7ECEB	#FEFEFE
3655	#EDD8D5	#FDFDFD
3656	#F6EAE8	#FEFEFE
3657	#FDFAFA	#FFFFFF
3658	#DCB6B1	#FCFCFC
3659	#DAB1AC	#FCFCFC
3660	#FDFAF9	#FFFFFF
3661	#FDFDFE	#FFFFFF
3662	#EFEDF6	#FEFEFE
3663	#F1DFDD	#FDFDFD
3664	#F8EEED	#FEFEFE
3665	#F9F0EF	#FEFEFE
3666	#F8F0EF	#FEFEFE
3667	#FAF3F2	#FEFEFE
3668	#F7EDEC	#FEFEFE
3669	#FCF8F8	#FFFFFF
3670	#F1E0DE	#FEFEFE
3671	#FCF8F8	#FFFFFF
3672	#F3F1F8	#FEFEFE
3673	#F3E4E3	#FEFEFE
3674	#FAF3F2	#FEFEFE
3675	#F0DEDB	#FEFEFE
3676	#F2E2E0	#FEFEFE
3677	#FEFCFC	#FFFFFF
3678	#FFFFFF	#FFFFFF
3679	#FAF4F3	#FFFFFF
3680	#F8EEED	#FEFEFE
3681	#FCFBFD	#FFFFFF
3682	#FDFDFE	#FFFFFF
3683	#F7F5FB	#FFFFFF
3684	#F6EAE8	#FEFEFE
3685	#F0EEF7	#FEFEFE
3686	#EFDCD9	#FDFDFD
3687	#EFEDF7	#FEFEFE
3688	#FDFBFA	#FFFFFF
3689	#FAF9FC	#FFFFFF
3690	#EFDCD9	#FEFEFE
3691	#FDFAFA	#FFFFFF
3692	#F8EFEE	#FEFEFE
3693	#FAF3F3	#FEFEFE
3694	#EED9D6	#FDFDFD
3695	#F6EBEA	#FEFEFE
3696	#F4E7E5	#FEFEFE
3697	#F0DDDB	#FDFDFD
3698	#ECD4D1	#FDFDFD
3699	#F5E8E6	#FEFEFE
3700	#FDFDFE	#FFFFFF
3701	#E7CAC6	#FDFDFD
3702	#EFDBD9	#FDFDFD
3703	#F1E1DE	#FDFDFD
3704	#DDD9ED	#FDFDFD
3705	#F3E4E2	#FEFEFE
3706	#DED9ED	#FDFDFD
3707	#FDFDFE	#FFFFFF
3708	#F7EDEC	#FEFEFE
3709	#FCFCFE	#FFFFFF
3710	#ECD5D2	#FDFDFD
3711	#F4E6E4	#FDFDFD
3712	#F6EAE8	#FEFEFE
3713	#FAF9FC	#FFFFFF
3714	#FFFEFE	#FFFFFF
3715	#FEFCFC	#FFFFFF
3716	#FCF8F8	#FFFFFF
3717	#E0BDB8	#F8F8F8
3718	#ECD6D3	#FCFCFC
3719	#F1DFDD	#FEFEFE
3720	#EFDBD8	#FDFDFD
3721	#FCF8F7	#FFFFFF
3722	#ECD5D2	#FCFCFC
3723	#E6C9C5	#FDFDFD
3724	#F3E4E2	#FEFEFE
3725	#F6E9E8	#FEFEFE
3726	#E2C0BC	#FBFBFB
3727	#EFDCDA	#FEFEFE
3728	#FAF9FC	#FFFFFF
3729	#F6EBEA	#FEFEFE
3730	#FEFEFF	#FFFFFF
3731	#FCF7F7	#FFFFFF
3732	#F3E4E2	#FDFDFD
3733	#FCF7F6	#FFFFFF
3734	#EBD3D0	#FBFBFB
3735	#F6EAE8	#FEFEFE
3736	#F7ECEA	#FEFEFE
3737	#E9CECB	#FDFDFD
3738	#F8F0EF	#FEFEFE
3739	#EDEAF5	#FEFEFE
3740	#F6F5FA	#FFFFFF
3741	#EBD2CF	#FCFCFC
3742	#EDD8D5	#FDFDFD
3743	#E4C5C1	#FBFBFB
3744	#FAF3F2	#FEFEFE
3745	#F5E9E8	#FEFEFE
3746	#E2C1BD	#FCFCFC
3747	#FAF3F2	#FEFEFE
3748	#E8CDCA	#FDFDFD
3749	#F7ECEB	#FEFEFE
3750	#EFDCD9	#FEFEFE
3751	#F3E4E2	#FDFDFD
3752	#DCB5B0	#FCFCFC
3753	#E6C9C5	#FCFCFC
3754	#FFFEFE	#FFFFFF
3755	#F6EBEA	#FEFEFE
3756	#FAF3F2	#FFFFFF
3757	#DDB7B2	#FCFCFC
3758	#FAF2F1	#FFFFFF
3759	#FFFFFF	#FFFFFF
3760	#F5F4FA	#FFFFFF
3761	#FEFCFB	#FFFFFF
3762	#FCF8F7	#FFFFFF
3763	#F5E7E6	#FEFEFE
3764	#FFFEFE	#FFFFFF
3765	#FAF5F4	#FEFEFE
3766	#FEFEFF	#FFFFFF
3767	#E7CAC7	#FCFCFC
3768	#F2E1DF	#FDFDFD
3769	#EFDCDA	#FDFDFD
3770	#F7EDEC	#FEFEFE
3771	#FEFDFD	#FFFFFF
3772	#F3E5E3	#FEFEFE
3773	#FDFCFE	#FFFFFF
3774	#FEFDFC	#FFFFFF
3775	#E8CECA	#FDFDFD
3776	#FAFAFC	#FFFFFF
3777	#FAF3F2	#FFFFFF
3778	#FBF6F6	#FFFFFF
3779	#F5F4FA	#FFFFFF
3780	#FCF7F6	#FFFFFF
3781	#FBF5F4	#FEFEFE
3782	#F4E7E5	#FEFEFE
3783	#EFDBD9	#FDFDFD
3784	#FEFDFD	#FFFFFF
3785	#EAD2CE	#FDFDFD
3786	#FEFCFC	#FFFFFF
3787	#F4E6E5	#FEFEFE
3788	#FDFDFE	#FFFFFF
3789	#F9F1F0	#FEFEFE
3790	#FAF3F2	#FFFFFF
3791	#F8EEED	#FEFEFE
3792	#E9CECA	#FCFCFC
3793	#F2E2E0	#FDFDFD
3794	#EBD2CF	#FDFDFD
3795	#F7ECEB	#FEFEFE
3796	#ECD4D1	#FCFCFC
3797	#ECD4D1	#FDFDFD
3798	#EDD7D4	#FDFDFD
3799	#E4C5C1	#FCFCFC
3800	#FDFDFE	#FFFFFF
3801	#FAF3F2	#FFFFFF
3802	#EED9D7	#FDFDFD
3803	#FBFAFD	#FFFFFF
3804	#F0DEDC	#FDFDFD
3805	#FBF6F5	#FFFFFF
3806	#F1E0DE	#FEFEFE
3807	#FEFEFE	#FFFFFF
3808	#EFEDF6	#FEFEFE
3809	#F5F4FA	#FFFFFF
3810	#F5E9E7	#FEFEFE
3811	#F6EBE9	#FEFEFE
3812	#E2C1BC	#FCFCFC
3813	#E2C0BC	#FBFBFB
3814	#EED9D6	#FDFDFD
3815	#EED8D6	#FCFCFC
3816	#F8EEED	#FEFEFE
3817	#FDFBFB	#FFFFFF
3818	#EFDBD8	#FCFCFC
3819	#F4E6E4	#FDFDFD
3820	#EEDAD7	#FCFCFC
3821	#FCF8F7	#FFFFFF
3822	#F9F8FC	#FFFFFF
3823	#F5E8E6	#FEFEFE
3824	#FAF3F2	#FEFEFE
3825	#FDFBFB	#FFFFFF
3826	#F8EFED	#FEFEFE
3827	#FEFCFC	#FFFFFF
3828	#E4C4C0	#FCFCFC
3829	#FAF3F2	#FEFEFE
3830	#FFFFFF	#FFFFFF
3831	#F8F0EF	#FEFEFE
3832	#F9F1F0	#FEFEFE
3833	#F3E3E1	#FDFDFD
3834	#F1DFDC	#FDFDFD
3835	#F6F4FA	#FFFFFF
3836	#F6EBE9	#FEFEFE
3837	#F3E5E3	#FEFEFE
3838	#F0DEDB	#FEFEFE
3839	#F6EBEA	#FEFEFE
3840	#E4E0F0	#FDFDFD
3841	#FEFDFE	#FFFFFF
3842	#F4E7E5	#FEFEFE
3843	#E1BEB9	#FBFBFB
3844	#E4C4C0	#FCFCFC
3845	#EDD7D4	#FDFDFD
3846	#AD645D	#F5F5F5
3847	#F1E1DE	#FDFDFD
3848	#E0BCB7	#FBFBFB
3849	#E1BEB9	#FDFDFD
3850	#F5E9E7	#FEFEFE
3851	#F1DEDC	#FDFDFD
3852	#FCFCFE	#FFFFFF
3853	#EEDAD7	#FDFDFD
3854	#EAD1CE	#FCFCFC
3855	#F0DEDC	#FDFDFD
3856	#F4E5E4	#FEFEFE
3857	#F6EBEA	#FEFEFE
3858	#FFFFFF	#FFFFFF
3859	#E6C8C4	#FCFCFC
3860	#F4F2F9	#FEFEFE
3861	#F2E2E0	#FEFEFE
3862	#ECD5D2	#FDFDFD
3863	#F6F4FA	#FEFEFE
3864	#EDD8D5	#FDFDFD
3865	#F3E4E2	#FDFDFD
3866	#D4A6A0	#FAFAFA
3867	#F4E5E4	#FEFEFE
3868	#F2E1DE	#FCFCFC
3869	#F9F1F0	#FFFFFF
3870	#F4F3F9	#FEFEFE
3871	#F9F8FC	#FFFFFF
3872	#EEECF6	#FEFEFE
3873	#FAF3F2	#FFFFFF
3874	#F7EEEC	#FEFEFE
3875	#DEBAB5	#FCFCFC
3876	#FEFCFB	#FFFFFF
3877	#F8F7FB	#FFFFFF
3878	#E8CCC9	#FBFBFB
3879	#FBF5F4	#FFFFFF
3880	#F1DFDD	#FDFDFD
3881	#FAF4F3	#FEFEFE
3882	#F4F3F9	#FEFEFE
3883	#F2E1DE	#FDFDFD
3884	#FBF5F4	#FEFEFE
3885	#EDD7D4	#FDFDFD
3886	#F7ECEA	#FEFEFE
3887	#EFDBD9	#FEFEFE
3888	#F6EBE9	#FEFEFE
3889	#FDFCFE	#FFFFFF
3890	#F3E5E3	#FEFEFE
3891	#F3F1F9	#FEFEFE
3892	#E0BDB9	#FBFBFB
3893	#E6C9C5	#FDFDFD
3894	#E5C7C3	#FBFBFB
3895	#EFDBD8	#FDFDFD
3896	#FBF5F5	#FFFFFF
3897	#F6EAE8	#FEFEFE
3898	#E1BFBB	#FAFAFA
3899	#F2F0F8	#FEFEFE
3900	#FEFEFE	#FFFFFF
3901	#F4E6E5	#FEFEFE
3902	#EAD2CE	#FDFDFD
3903	#E7CAC6	#FCFCFC
3904	#F1DFDC	#FDFDFD
3905	#F3E5E3	#FEFEFE
3906	#F8EFEE	#FEFEFE
3907	#FFFEFE	#FFFFFF
3908	#F6EAE8	#FEFEFE
3909	#FEFCFC	#FFFFFF
3910	#F3E3E1	#FEFEFE
3911	#FEFCFC	#FFFFFF
3912	#F5F4FA	#FFFFFF
3913	#EFDCD9	#FDFDFD
3914	#EED8D6	#FEFEFE
3915	#F9F1F0	#FEFEFE
3916	#EFDCDA	#FDFDFD
3917	#FAF4F3	#FEFEFE
3918	#FCF8F8	#FFFFFF
3919	#F4E7E5	#FEFEFE
3920	#F3E4E2	#FEFEFE
3921	#F3E3E1	#FDFDFD
3922	#FCFBFD	#FFFFFF
3923	#FEFEFF	#FFFFFF
3924	#F9F8FC	#FFFFFF
3925	#F4E6E5	#FEFEFE
3926	#F3E4E2	#FEFEFE
3927	#F9F2F1	#FFFFFF
3928	#F2E2E0	#FEFEFE
3929	#F0DDDA	#FEFEFE
3930	#FEFEFF	#FFFFFF
3931	#FAF4F4	#FFFFFF
3932	#FAF3F2	#FFFFFF
3933	#F9F2F1	#FEFEFE
3934	#F8F0EE	#FEFEFE
3935	#F8EEED	#FEFEFE
3936	#E8CDCA	#FCFCFC
3937	#EFDBD8	#FDFDFD
3938	#F1DFDC	#FDFDFD
3939	#E4C5C1	#FCFCFC
3940	#FBFAFD	#FFFFFF
3941	#F2E1DF	#FDFDFD
3942	#FEFEFF	#FFFFFF
3943	#FBF5F5	#FFFFFF
3944	#FAF3F2	#FEFEFE
3945	#F8EEED	#FEFEFE
3946	#E7CAC6	#FDFDFD
3947	#F0DEDC	#FDFDFD
3948	#F4E7E5	#FEFEFE
3949	#F1E0DD	#FDFDFD
3950	#F9F2F1	#FEFEFE
3951	#F4E5E3	#FEFEFE
3952	#F4E5E3	#FEFEFE
3953	#FAF3F2	#FEFEFE
3954	#F2E2E0	#FDFDFD
3955	#EAD0CC	#FCFCFC
3956	#F8EFEE	#FEFEFE
3957	#F5E8E6	#FEFEFE
3958	#F2E1DE	#FDFDFD
3959	#F3E3E1	#FEFEFE
3960	#E1BFBB	#FBFBFB
3961	#E3DFF0	#FEFEFE
3962	#EFDCD9	#FEFEFE
3963	#EBD3D0	#FDFDFD
3964	#F9F1F0	#FEFEFE
3965	#F8EEED	#FEFEFE
3966	#FDFCFE	#FFFFFF
3967	#F4E7E5	#FDFDFD
3968	#EDD7D4	#FDFDFD
3969	#F9F1F0	#FEFEFE
3970	#F8EFEE	#FEFEFE
3971	#ECEAF5	#FEFEFE
3972	#F9F0EF	#FEFEFE
3973	#F4E6E5	#FEFEFE
3974	#E9E6F3	#FEFEFE
3975	#F2F0F8	#FEFEFE
3976	#FCFCFD	#FFFFFF
3977	#FFFEFE	#FFFFFF
3978	#F6EBEA	#FEFEFE
3979	#F5E8E7	#FEFEFE
3980	#EBD4D0	#FDFDFD
3981	#FBF5F4	#FFFFFF
3982	#ECD4D1	#FCFCFC
3983	#FEFEFE	#FFFFFF
3984	#F9F9FC	#FFFFFF
3985	#F3E5E3	#FDFDFD
3986	#F1DFDC	#FDFDFD
3987	#F3E4E2	#FEFEFE
3988	#F9F1F0	#FEFEFE
3989	#D4A6A1	#FAFAFA
3990	#F2F1F8	#FEFEFE
3991	#EAD0CD	#FDFDFD
3992	#F3E4E2	#FEFEFE
3993	#EFDCD9	#FCFCFC
3994	#F0DDDB	#FDFDFD
3995	#F6EAE8	#FEFEFE
3996	#C48A83	#F3F3F3
3997	#EFDAD8	#FDFDFD
3998	#DCB4AF	#FAFAFA
3999	#FBF6F5	#FFFFFF
4000	#EFDCD9	#FDFDFD
4001	#E3C2BE	#FCFCFC
4002	#FBF6F5	#FFFFFF
4003	#F0DDDB	#FDFDFD
4004	#FFFEFE	#FFFFFF
4005	#EBD3D0	#FDFDFD
4006	#FCF8F8	#FFFFFF
4007	#EDD6D3	#FDFDFD
4008	#FBF6F5	#FFFFFF
4009	#FCF8F8	#FFFFFF
4010	#FAFAFC	#FFFFFF
4011	#E7CBC7	#FCFCFC
4012	#F0EEF7	#FEFEFE
4013	#F8EEED	#FEFEFE
4014	#FDFDFE	#FFFFFF
4015	#DDB8B3	#FCFCFC
4016	#EAD0CD	#FCFCFC
4017	#F7ECEB	#FEFEFE
4018	#F5E8E6	#FDFDFD
4019	#F3E3E1	#FEFEFE
4020	#FBFAFD	#FFFFFF
4021	#F6EAE9	#FEFEFE
4022	#EDD7D4	#FDFDFD
4023	#F5E9E8	#FDFDFD
4024	#E9CFCC	#FCFCFC
4025	#EED9D6	#FDFDFD
4026	#FFFEFE	#FFFFFF
4027	#F2E2E0	#FEFEFE
4028	#FEFDFD	#FFFFFF
4029	#F4E5E3	#FEFEFE
4030	#FDFDFE	#FFFFFF
4031	#EDD7D4	#FCFCFC
4032	#F1E0DD	#FEFEFE
4033	#F9F1F0	#FEFEFE
4034	#F8EEED	#FEFEFE
4035	#FFFFFE	#FFFFFF
4036	#F5E7E6	#FEFEFE
4037	#AE655E	#F6F6F6
4038	#F7ECEB	#FEFEFE
4039	#F9F2F1	#FFFFFF
4040	#F6EBE9	#FEFEFE
4041	#DFDAEE	#FCFCFC
4042	#D9D3EA	#FCFCFC
4043	#D9B0AB	#FBFBFB
4044	#FDFDFE	#FFFFFF
4045	#FEFCFC	#FFFFFF
4046	#F6F4FA	#FFFFFF
4047	#F6EBE9	#FEFEFE
4048	#F0EDF7	#FEFEFE
4049	#FBF7F6	#FFFFFF
4050	#FDFBFA	#FFFFFF
4051	#FCF8F7	#FFFFFF
4052	#FAF3F2	#FFFFFF
4053	#F8F7FB	#FFFFFF
4054	#FCF7F7	#FFFFFF
4055	#F0EDF7	#FEFEFE
4056	#FBFAFD	#FFFFFF
4057	#EDD7D4	#FCFCFC
4058	#F6F4FA	#FEFEFE
4059	#FDFDFE	#FFFFFF
4060	#FBF6F5	#FFFFFF
4061	#F8EEED	#FEFEFE
4062	#E7CAC6	#FAFAFA
4063	#FFFFFF	#FFFFFF
4064	#FFFFFF	#FFFFFF
4065	#F9F8FC	#FFFFFF
4066	#F6F5FA	#FFFFFF
4067	#EED9D6	#FDFDFD
4068	#FDFDFE	#FFFFFF
4069	#FAF9FC	#FFFFFF
4070	#E9E6F3	#FDFDFD
4071	#FDF9F9	#FFFFFF
4072	#FAFAFD	#FFFFFF
4073	#FAF3F2	#FEFEFE
4074	#FDFDFE	#FFFFFF
4075	#FBF6F5	#FEFEFE
4076	#DBB4AF	#FCFCFC
4077	#FBFBFD	#FFFFFF
4078	#FAF4F4	#FEFEFE
4079	#FAF4F4	#FEFEFE
4080	#F5E9E8	#FDFDFD
4081	#F5E7E6	#FEFEFE
4082	#CE9C96	#F8F8F8
4083	#B6736C	#F9F9F9
4084	#FEFDFD	#FFFFFF
4085	#C68D86	#FBFBFB
4086	#F3E5E3	#FEFEFE
4087	#FDFDFE	#FFFFFF
4088	#F8F7FB	#FFFFFF
4089	#EDEAF5	#FEFEFE
4090	#E6E2F1	#FDFDFD
4091	#F5F4FA	#FEFEFE
4092	#F5F4FA	#FEFEFE
4093	#F5F4FA	#FFFFFF
4094	#F9F8FC	#FFFFFF
4095	#FBF6F6	#FFFFFF
4096	#E9E6F3	#FDFDFD
4097	#F4F3F9	#FEFEFE
4098	#F9F8FC	#FFFFFF
4099	#F2F1F8	#FEFEFE
4100	#FAF9FC	#FFFFFF
4101	#F1EFF8	#FEFEFE
4102	#FDFAFA	#FFFFFF
4103	#E8CDCA	#FBFBFB
4104	#EEEBF6	#FEFEFE
4105	#FAFAFC	#FFFFFF
4106	#F8F7FB	#FFFFFF
4107	#F9F8FC	#FFFFFF
4108	#F6EAE9	#FEFEFE
4109	#FEFEFE	#FFFFFF
4110	#F7ECEB	#FEFEFE
4111	#FDFBFB	#FFFFFF
4112	#F9F1F0	#FEFEFE
4113	#E5E1F1	#FCFCFC
4114	#F0EDF7	#FEFEFE
4115	#F9F0EF	#FEFEFE
4116	#FDFBFA	#FFFFFF
4117	#F8F7FB	#FFFFFF
4118	#FBF6F5	#FEFEFE
4119	#FBF6F5	#FFFFFF
4120	#E6E3F1	#FCFCFC
4121	#FBF6F6	#FFFFFF
4122	#EAE7F4	#FEFEFE
4123	#EBE8F4	#FDFDFD
4124	#FCFCFE	#FFFFFF
4125	#FCF8F7	#FFFFFF
4126	#FEFEFE	#FFFFFF
4127	#F6F5FA	#FFFFFF
4128	#EFEDF6	#FDFDFD
4129	#FEFEFE	#FFFFFF
4130	#E9E6F3	#FCFCFC
4131	#FEFDFC	#FFFFFF
4132	#FEFDFE	#FFFFFF
4133	#DAB2AC	#FCFCFC
4134	#EED8D5	#FDFDFD
4135	#ECD4D1	#FDFDFD
4136	#CF9D97	#FCFCFC
4137	#EBE8F4	#FEFEFE
4138	#F8F0EE	#FEFEFE
4139	#E0DCEE	#FDFDFD
4140	#F9F1F0	#FEFEFE
4141	#F4E5E3	#FEFEFE
4142	#F1EFF7	#FEFEFE
4143	#EFECF6	#FEFEFE
4144	#ECEAF5	#FDFDFD
4145	#FFFEFE	#FFFFFF
4146	#F7F6FB	#FEFEFE
4147	#ECE9F5	#FDFDFD
4148	#FDFDFE	#FFFFFF
4149	#F4E7E5	#FDFDFD
4150	#F0EEF7	#FEFEFE
4151	#EDEBF6	#FEFEFE
4152	#E8CCC8	#FDFDFD
4153	#F3F2F9	#FEFEFE
4154	#FBFAFD	#FFFFFF
4155	#FBFBFD	#FFFFFF
4156	#FEFCFC	#FFFFFF
4157	#FDFBFB	#FFFFFF
4158	#F8F7FB	#FFFFFF
4159	#FDFAF9	#FFFFFF
4160	#FCFCFE	#FFFFFF
4161	#FBFAFD	#FFFFFF
4162	#FCF8F7	#FFFFFF
4163	#E4E0F0	#FDFDFD
4164	#FDFAF9	#FFFFFF
4165	#FFFFFF	#FFFFFF
4166	#F8F7FB	#FFFFFF
4167	#F6F5FA	#FEFEFE
4168	#F1EFF7	#FEFEFE
4169	#FAF3F2	#FEFEFE
4170	#FDFAFA	#FFFFFF
4171	#F6F5FA	#FEFEFE
4172	#F5F3F9	#FEFEFE
4173	#E8E5F2	#FDFDFD
4174	#F8F7FB	#FFFFFF
4175	#ECEAF5	#FDFDFD
4176	#FAF3F3	#FEFEFE
4177	#EFECF6	#FEFEFE
4178	#FBF6F5	#FEFEFE
4179	#E7E3F2	#FDFDFD
4180	#FAF3F2	#FEFEFE
4181	#F8EFEE	#FEFEFE
4182	#F6EBEA	#FEFEFE
4183	#E9CECA	#FCFCFC
4184	#E7CAC6	#FDFDFD
4185	#F3E3E1	#FEFEFE
4186	#F0DEDB	#FEFEFE
4187	#FAF4F3	#FFFFFF
4188	#F6F4FA	#FEFEFE
4189	#FDFAF9	#FFFFFF
4190	#F6F5FA	#FFFFFF
4191	#F8F7FB	#FFFFFF
4192	#F6EAE8	#FEFEFE
4193	#F7EDEB	#FEFEFE
4194	#EDEAF5	#FDFDFD
4195	#FEFEFE	#FFFFFF
4196	#F8F7FB	#FFFFFF
4197	#F8F0EF	#FEFEFE
4198	#E8E4F2	#FDFDFD
4199	#FFFFFF	#FFFFFF
4200	#FAF4F3	#FEFEFE
4201	#FBF6F5	#FFFFFF
4202	#F3E3E1	#FDFDFD
4203	#F4E5E3	#FEFEFE
4204	#F2F0F8	#FEFEFE
4205	#FBFBFD	#FFFFFF
4206	#FDFAFA	#FFFFFF
4207	#FAF9FC	#FFFFFF
4208	#EFDBD8	#FCFCFC
4209	#F6EBE9	#FEFEFE
4210	#FEFDFD	#FFFFFF
4211	#F8F7FB	#FFFFFF
4212	#FAF4F3	#FFFFFF
4213	#D2CCE7	#F9F9F9
4214	#FAF9FC	#FFFFFF
4215	#F7F6FB	#FFFFFF
4216	#EEECF6	#FEFEFE
4217	#FEFEFE	#FFFFFF
4218	#FFFFFF	#FFFFFF
4219	#F5F3F9	#FEFEFE
4220	#F7F6FB	#FFFFFF
4221	#FDFCFE	#FFFFFF
4222	#FEFDFD	#FFFFFF
4223	#FAF4F3	#FEFEFE
4224	#F8F7FB	#FEFEFE
4225	#E7E3F2	#FDFDFD
4226	#F9F8FC	#FFFFFF
4227	#FBF5F4	#FEFEFE
4228	#FEFDFD	#FFFFFF
4229	#F8EFED	#FEFEFE
4230	#F6F4FA	#FEFEFE
4231	#FEFDFD	#FFFFFF
4232	#EAE7F4	#FEFEFE
4233	#E1BEB9	#FBFBFB
4234	#F3E3E1	#FDFDFD
4235	#D8AEA8	#FBFBFB
4236	#F3E4E2	#FEFEFE
4237	#EFDCD9	#FEFEFE
4238	#F2E2E0	#FDFDFD
4239	#F9F1EF	#FEFEFE
4240	#F8F7FB	#FFFFFF
4241	#F9F8FC	#FFFFFF
4242	#F1EFF8	#FEFEFE
4243	#D0CAE5	#FCFCFC
4244	#F8EFEE	#FEFEFE
4245	#D3CDE7	#FBFBFB
4246	#FAF3F2	#FFFFFF
4247	#EBE8F4	#FEFEFE
4248	#F8EFEE	#FEFEFE
4249	#F8F7FB	#FFFFFF
4250	#F1E0DE	#FCFCFC
4251	#F9F1F0	#FEFEFE
4252	#FEFEFD	#FFFFFF
4253	#F8EEED	#FEFEFE
4254	#F9F1F0	#FFFFFF
4255	#F8EFEE	#FEFEFE
4256	#F4F2F9	#FEFEFE
4257	#EDEAF5	#FDFDFD
4258	#DAD5EB	#FCFCFC
4259	#F9F8FC	#FFFFFF
4260	#FCFBFD	#FFFFFF
4261	#F5F4FA	#FFFFFF
4262	#F2F0F8	#FEFEFE
4263	#E8E5F3	#FDFDFD
4264	#FDFAFA	#FFFFFF
4265	#F9F8FC	#FFFFFF
4266	#FDFDFE	#FFFFFF
4267	#EDEAF5	#FEFEFE
4268	#FCF8F7	#FFFFFF
4269	#FEFCFB	#FFFFFF
4270	#F4E5E3	#FDFDFD
4271	#EBE8F4	#FDFDFD
4272	#F2F1F8	#FEFEFE
4273	#F0EEF7	#FEFEFE
4274	#FDFDFE	#FFFFFF
4275	#F9F8FC	#FFFFFF
4276	#FCFCFD	#FFFFFF
4277	#FBF5F4	#FEFEFE
4278	#FCFCFE	#FFFFFF
4279	#F5E8E6	#FDFDFD
4280	#F7EDEB	#FEFEFE
4281	#EFEDF6	#FEFEFE
4282	#E1BFBB	#FBFBFB
4283	#EED9D6	#FCFCFC
4284	#E3C2BE	#FCFCFC
4285	#E0BDB8	#FBFBFB
4286	#B9776F	#F9F9F9
4287	#F2E3E1	#FDFDFD
4288	#D6AAA4	#FAFAFA
4289	#F6F5FA	#FFFFFF
4290	#FBF5F4	#FFFFFF
4291	#F3F1F8	#FEFEFE
4292	#FDF9F9	#FFFFFF
4293	#DFDBEE	#FCFCFC
4294	#FCFCFE	#FFFFFF
4295	#E4E0F0	#FDFDFD
4296	#F6F5FA	#FEFEFE
4297	#DBD6EC	#FBFBFB
4298	#FAF9FC	#FFFFFF
4299	#F1EFF7	#FEFEFE
4300	#FEFEFF	#FFFFFF
4301	#EAE7F4	#FDFDFD
4302	#F9F8FC	#FFFFFF
4303	#F5F3FA	#FEFEFE
4304	#F8F7FB	#FFFFFF
4305	#FDFBFA	#FFFFFF
4306	#FFFFFF	#FFFFFF
4307	#E3DFF0	#FCFCFC
4308	#F4E6E4	#FDFDFD
4309	#F3F1F8	#FEFEFE
4310	#FBFAFD	#FFFFFF
4311	#F7EEEC	#FEFEFE
4312	#DED9ED	#FCFCFC
4313	#F8EFEE	#FEFEFE
4314	#E8E4F2	#FDFDFD
4315	#FEFEFF	#FFFFFF
4316	#FAF9FC	#FFFFFF
4317	#FFFFFF	#FFFFFF
4318	#DBD6EB	#FCFCFC
4319	#FFFEFE	#FFFFFF
4320	#FDFCFE	#FFFFFF
4321	#FEFCFC	#FFFFFF
4322	#FAF9FC	#FFFFFF
4323	#FEFEFF	#FFFFFF
4324	#F5F4FA	#FEFEFE
4325	#F1EFF7	#FEFEFE
4326	#FCF8F7	#FFFFFF
4327	#F3E3E1	#FDFDFD
4328	#F9F8FC	#FFFFFF
4329	#DBD7EC	#FCFCFC
4330	#F7ECEB	#FEFEFE
4331	#DFDAED	#FCFCFC
4332	#E1DDEF	#FDFDFD
4333	#E9CFCC	#FCFCFC
4334	#F0DCDA	#FDFDFD
4335	#F3E3E1	#FEFEFE
4336	#E5C7C4	#FCFCFC
4337	#D5A7A2	#FAFAFA
4338	#BE7F78	#FAFAFA
4339	#EED8D5	#FCFCFC
4340	#F8EFEE	#FEFEFE
4341	#F7EDEB	#FEFEFE
4342	#F2F0F8	#FEFEFE
4343	#F8F8FB	#FFFFFF
4344	#F4F2F9	#FEFEFE
4345	#FBF6F5	#FFFFFF
4346	#FDF9F9	#FFFFFF
4347	#EFEDF7	#FDFDFD
4348	#FAF3F3	#FEFEFE
4349	#FCF8F8	#FFFFFF
4350	#FEFEFE	#FFFFFF
4351	#FAF9FC	#FFFFFF
4352	#F6EBEA	#FEFEFE
4353	#FDFCFE	#FFFFFF
4354	#E4C4C0	#FBFBFB
4355	#E2C0BB	#FBFBFB
4356	#F8F7FB	#FFFFFF
4357	#FCF8F8	#FFFFFF
4358	#FFFEFE	#FFFFFF
4359	#F0EEF7	#FEFEFE
4360	#FCF7F6	#FFFFFF
4361	#FAF3F2	#FFFFFF
4362	#D7D2E9	#FAFAFA
4363	#ECE9F5	#FEFEFE
4364	#DCD7EC	#FBFBFB
4365	#F8EFEE	#FEFEFE
4366	#DFDBEE	#FCFCFC
4367	#FCF8F7	#FFFFFF
4368	#F4F2F9	#FEFEFE
4369	#EEECF6	#FDFDFD
4370	#F7ECEB	#FEFEFE
4371	#F3F2F9	#FEFEFE
4372	#F1E0DE	#FEFEFE
4373	#FAF3F3	#FEFEFE
4374	#FBF5F5	#FEFEFE
4375	#EAE7F3	#FDFDFD
4376	#FEFCFC	#FFFFFF
4377	#FAF3F2	#FEFEFE
4378	#F3E3E1	#FDFDFD
4379	#FBFBFD	#FFFFFF
4380	#FDFDFE	#FFFFFF
4381	#F4E7E5	#FDFDFD
4382	#D9D3EA	#FAFAFA
4383	#F7EDEC	#FEFEFE
4384	#F4E6E4	#FEFEFE
4385	#E8CECA	#FBFBFB
4386	#C78E87	#F4F4F4
4387	#F7EDEC	#FEFEFE
4388	#BC7D76	#FAFAFA
4389	#ECD6D3	#FDFDFD
4390	#F3F1F8	#FEFEFE
4391	#F1EFF8	#FEFEFE
4392	#FAF3F2	#FFFFFF
4393	#FEFCFC	#FFFFFF
4394	#FDFDFE	#FFFFFF
4395	#F4F3F9	#FEFEFE
4396	#E3E0F0	#FEFEFE
4397	#F2F0F8	#FEFEFE
4398	#FAF4F4	#FEFEFE
4399	#F4F2F9	#FEFEFE
4400	#FEFEFE	#FFFFFF
4401	#EFEDF6	#FEFEFE
4402	#D8D3EA	#FBFBFB
4403	#F3F1F9	#FEFEFE
4404	#FAF3F2	#FEFEFE
4405	#FBFBFD	#FFFFFF
4406	#F6EAE8	#FEFEFE
4407	#E8CDC9	#FCFCFC
4408	#F7ECEB	#FEFEFE
4409	#FEFCFB	#FFFFFF
4410	#F9F1F0	#FEFEFE
4411	#F3F1F8	#FEFEFE
4412	#F3E5E3	#FDFDFD
4413	#F1EFF8	#FEFEFE
4414	#F4F3F9	#FEFEFE
4415	#FCF8F7	#FFFFFF
4416	#FDFDFE	#FFFFFF
4417	#F9F1F0	#FEFEFE
4418	#E6E2F1	#FCFCFC
4419	#F3F1F8	#FEFEFE
4420	#FDFCFE	#FFFFFF
4421	#F6EBEA	#FDFDFD
4422	#FAF4F3	#FEFEFE
4423	#FCF8F7	#FFFFFF
4424	#F3E3E1	#FDFDFD
4425	#FCF8F8	#FFFFFF
4426	#EBE8F4	#FDFDFD
4427	#F7EDEC	#FEFEFE
4428	#F9F2F1	#FEFEFE
4429	#F4E7E5	#FDFDFD
4430	#FDFDFE	#FFFFFF
4431	#FBF6F5	#FEFEFE
4432	#F0EDF7	#FEFEFE
4433	#F8EEED	#FEFEFE
4434	#F5F3FA	#FEFEFE
4435	#F5E8E7	#FEFEFE
4436	#F7ECEA	#FEFEFE
4437	#EDD6D3	#FCFCFC
4438	#EBD3CF	#FCFCFC
4439	#ECD5D2	#FEFEFE
4440	#D4CFE8	#FBFBFB
4441	#F8F7FB	#FFFFFF
4442	#FEFDFD	#FFFFFF
4443	#F3F1F8	#FEFEFE
4444	#FEFEFE	#FFFFFF
4445	#F9F8FC	#FFFFFF
4446	#FCF7F7	#FFFFFF
4447	#F2F0F8	#FEFEFE
4448	#FAF2F2	#FEFEFE
4449	#F9F9FC	#FFFFFF
4450	#EDEBF6	#FDFDFD
4451	#FEFDFD	#FFFFFF
4452	#F8EFEE	#FEFEFE
4453	#F9F9FC	#FFFFFF
4454	#E4E0F0	#FDFDFD
4455	#FFFEFF	#FFFFFF
4456	#FEFDFD	#FFFFFF
4457	#F4E6E4	#FEFEFE
4458	#F8F7FB	#FFFFFF
4459	#FEFCFC	#FFFFFF
4460	#E6C9C5	#FCFCFC
4461	#E8E5F3	#FEFEFE
4462	#DEDAED	#FCFCFC
4463	#EFEDF6	#FEFEFE
4464	#F9F0EF	#FEFEFE
4465	#EFECF6	#FEFEFE
4466	#FBFBFD	#FFFFFF
4467	#F5E7E6	#FDFDFD
4468	#F6EBEA	#FEFEFE
4469	#E3C2BE	#FBFBFB
4470	#FAF9FC	#FFFFFF
4471	#F4E5E3	#FDFDFD
4472	#FDFDFE	#FFFFFF
4473	#F0EEF7	#FEFEFE
4474	#F2F1F8	#FEFEFE
4475	#FEFEFF	#FFFFFF
4476	#F2F0F8	#FEFEFE
4477	#FAF4F3	#FEFEFE
4478	#F7ECEA	#FEFEFE
4479	#F6F4FA	#FEFEFE
4480	#F6F4FA	#FEFEFE
4481	#F7F6FB	#FFFFFF
4482	#FFFEFE	#FFFFFF
4483	#FCFCFD	#FFFFFF
4484	#FAF4F3	#FEFEFE
4485	#F8F7FB	#FFFFFF
4486	#AD645D	#F5F5F5
4487	#FAF3F2	#FEFEFE
4488	#F0DDDB	#FCFCFC
4489	#FBF5F4	#FFFFFF
4490	#E5C7C3	#FBFBFB
4491	#E7E4F2	#FDFDFD
4492	#F7ECEB	#FEFEFE
4493	#F8EFEE	#FEFEFE
4494	#FFFFFF	#FFFFFF
4495	#E0DCEE	#FDFDFD
4496	#F8F7FB	#FFFFFF
4497	#FBFAFD	#FFFFFF
4498	#FAFAFC	#FFFFFF
4499	#FDFCFE	#FFFFFF
4500	#FEFEFF	#FFFFFF
4501	#FAF3F2	#FEFEFE
4502	#F3E4E2	#FDFDFD
4503	#F4E6E4	#FDFDFD
4504	#E1DDEF	#FDFDFD
4505	#EFDBD9	#FDFDFD
4506	#EEECF6	#FEFEFE
4507	#FFFEFE	#FFFFFF
4508	#F2F0F8	#FEFEFE
4509	#E4E1F1	#FDFDFD
4510	#F8EFEE	#FEFEFE
4511	#F0DCDA	#FEFEFE
4512	#E4E1F1	#FDFDFD
4513	#EDEAF5	#FEFEFE
4514	#F2F0F8	#FEFEFE
4515	#EED8D5	#FDFDFD
4516	#ECEAF5	#FDFDFD
4517	#FCF9F8	#FFFFFF
4518	#EAD0CD	#F9F9F9
4519	#EFDBD8	#FBFBFB
4520	#FCF8F7	#FFFFFF
4521	#EEEBF6	#FDFDFD
4522	#F3F1F8	#FEFEFE
4523	#FAF4F3	#FEFEFE
4524	#F4E5E4	#FDFDFD
4525	#F8EEED	#FEFEFE
4526	#EDEAF5	#FDFDFD
4527	#F8EEED	#FEFEFE
4528	#FDFBFA	#FFFFFF
4529	#FFFFFF	#FFFFFF
4530	#F4E6E4	#FDFDFD
4531	#FDFAFA	#FFFFFF
4532	#FEFDFC	#FFFFFF
4533	#F9F0EF	#FEFEFE
4534	#EEEBF6	#FEFEFE
4535	#F9F1F0	#FEFEFE
4536	#F9F2F1	#FEFEFE
4537	#FEFEFE	#FFFFFF
4538	#F8EEED	#FEFEFE
4539	#F9F2F1	#FEFEFE
4540	#F6EAE8	#FEFEFE
4541	#E7E4F2	#FDFDFD
4542	#F6EBE9	#FEFEFE
4543	#F3F1F8	#FEFEFE
4544	#FAF3F2	#FEFEFE
4545	#F6F5FA	#FFFFFF
4546	#E1BEB9	#FEFEFE
4547	#F8EEED	#FFFFFF
4548	#F7F5FB	#FEFEFE
4549	#F7ECEB	#FEFEFE
4550	#F5E9E7	#FEFEFE
4551	#F2F0F8	#FEFEFE
4552	#FEFDFD	#FFFFFF
4553	#EBE8F4	#FDFDFD
4554	#FAF4F3	#FEFEFE
4555	#FAF4F3	#FEFEFE
4556	#FEFDFD	#FFFFFF
4557	#FCFBFD	#FFFFFF
4558	#F8F7FB	#FFFFFF
4559	#F3F2F9	#FEFEFE
4560	#ECE9F5	#FEFEFE
4561	#F4F2F9	#FEFEFE
4562	#ECEAF5	#FDFDFD
4563	#FEFEFE	#FFFFFF
4564	#F6F5FA	#FEFEFE
4565	#F9F1F0	#FEFEFE
4566	#F1E1DE	#FDFDFD
4567	#EAE7F4	#FDFDFD
4568	#FFFFFF	#FFFFFF
4569	#F0EDF7	#FEFEFE
4570	#F0EDF7	#FEFEFE
4571	#F5F4FA	#FEFEFE
4572	#F7F6FB	#FFFFFF
4573	#FCF9F9	#FFFFFF
4574	#FEFDFC	#FFFFFF
4575	#F6F5FA	#FEFEFE
4576	#EDEBF5	#FEFEFE
4577	#E2DEEF	#FBFBFB
4578	#DBD6EB	#F9F9F9
4579	#EEECF6	#FEFEFE
4580	#F5E8E6	#FDFDFD
4581	#FBFBFD	#FFFFFF
4582	#EDEAF5	#FEFEFE
4583	#EAD0CD	#FDFDFD
4584	#FAF9FC	#FFFFFF
4585	#F4E5E3	#FEFEFE
4586	#EEEBF6	#FEFEFE
4587	#F9F1F0	#FFFFFF
4588	#FAF9FC	#FFFFFF
4589	#FAF3F2	#FEFEFE
4590	#FFFFFF	#FFFFFF
4591	#F8F7FB	#FFFFFF
4592	#E4E1F1	#FDFDFD
4593	#FEFDFD	#FFFFFF
4594	#F8F0EE	#FEFEFE
4595	#FEFDFE	#FFFFFF
4596	#FCF9F8	#FFFFFF
4597	#EBD4D0	#FEFEFE
4598	#EBD4D0	#FEFEFE
4599	#F4F3F9	#FEFEFE
4600	#FAFAFD	#FFFFFF
4601	#F5F4FA	#FEFEFE
4602	#FCF9F9	#FFFFFF
4603	#F4F2F9	#FEFEFE
4604	#FCFCFD	#FFFFFF
4605	#F9F2F1	#FEFEFE
4606	#F8EFEE	#FEFEFE
4607	#E9E6F3	#FDFDFD
4608	#F8EEED	#FEFEFE
4609	#F2F0F8	#FEFEFE
4610	#F9F8FC	#FFFFFF
4611	#FDFBFB	#FFFFFF
4612	#EBE9F4	#FDFDFD
4613	#E2DEEF	#FBFBFB
4614	#FFFFFF	#FFFFFF
4615	#DBD6EC	#FBFBFB
4616	#FBF6F5	#FFFFFF
4617	#F6EBE9	#FEFEFE
4618	#FAF4F3	#FEFEFE
4619	#EDEAF5	#FEFEFE
4620	#FCF7F6	#FFFFFF
4621	#F7F6FB	#FEFEFE
4622	#F7F6FB	#FFFFFF
4623	#FFFEFE	#FFFFFF
4624	#F7EEEC	#FEFEFE
4625	#EEECF6	#FDFDFD
4626	#F5E9E7	#FEFEFE
4627	#E2DEEF	#FCFCFC
4628	#CFC9E5	#F8F8F8
4629	#F5F3F9	#FEFEFE
4630	#FEFDFD	#FFFFFF
4631	#FEFCFC	#FFFFFF
4632	#E3DFF0	#FCFCFC
4633	#FEFEFE	#FFFFFF
4634	#FAFAFD	#FFFFFF
4635	#F6F4FA	#FFFFFF
4636	#F3E4E2	#FEFEFE
4637	#E4E0F0	#FDFDFD
4638	#FEFEFE	#FFFFFF
4639	#FAF3F2	#FEFEFE
4640	#F4F2F9	#FEFEFE
4641	#F8F8FB	#FFFFFF
4642	#E5E1F1	#FCFCFC
4643	#F4F2F9	#FEFEFE
4644	#FBF7F6	#FFFFFF
4645	#FEFCFB	#FFFFFF
4646	#F0DDDB	#FDFDFD
4647	#F9F2F1	#FFFFFF
4648	#E1BEB9	#FEFEFE
4649	#C58A84	#FBFBFB
4650	#F9F1F0	#FEFEFE
4651	#F8F7FB	#FFFFFF
4652	#FBF7F6	#FFFFFF
4653	#FCF8F7	#FFFFFF
4654	#F5E9E8	#FEFEFE
4655	#F9F9FC	#FFFFFF
4656	#FEFDFD	#FFFFFF
4657	#F8F7FB	#FFFFFF
4658	#F4E7E5	#FDFDFD
4659	#FBFBFD	#FFFFFF
4660	#F5F4FA	#FEFEFE
4661	#F7F5FB	#FEFEFE
4662	#F4F3F9	#FEFEFE
4663	#F5F4FA	#FEFEFE
4664	#F5F4FA	#FEFEFE
4665	#EDEAF5	#FEFEFE
4666	#FAF4F3	#FEFEFE
4667	#F9F8FC	#FFFFFF
4668	#EAE7F4	#FDFDFD
4669	#F8F7FB	#FFFFFF
4670	#F9F0EF	#FEFEFE
4671	#FBFAFD	#FFFFFF
4672	#F6ECEA	#FEFEFE
4673	#FAF9FC	#FFFFFF
4674	#FBF5F5	#FFFFFF
4675	#F5F4FA	#FFFFFF
4676	#FAF9FC	#FFFFFF
4677	#F3F2F9	#FEFEFE
4678	#F5F4FA	#FEFEFE
4679	#F1EFF8	#FEFEFE
4680	#E5E1F1	#FCFCFC
4681	#FBF7F6	#FFFFFF
4682	#F8F8FB	#FFFFFF
4683	#FDFDFE	#FFFFFF
4684	#D8ADA8	#FBFBFB
4685	#F2E2E0	#FEFEFE
4686	#E2C0BC	#FDFDFD
4687	#F8F0EF	#FEFEFE
4688	#FCF7F7	#FFFFFF
4689	#FEFEFE	#FFFFFF
4690	#FBF5F4	#FFFFFF
4691	#F4E7E5	#FEFEFE
4692	#FDFBFB	#FFFFFF
4693	#F7F5FA	#FEFEFE
4694	#FDFBFA	#FFFFFF
4695	#FBFBFD	#FFFFFF
4696	#F5E9E7	#FEFEFE
4697	#FBF7F6	#FFFFFF
4698	#E2C0BC	#FDFDFD
4699	#E1BEBA	#FEFEFE
4700	#FDFBFB	#FFFFFF
4701	#FAF3F2	#FFFFFF
4702	#FCFCFD	#FFFFFF
4703	#FDFAFA	#FFFFFF
4704	#F8EFEE	#FEFEFE
4705	#FDFAF9	#FFFFFF
4706	#FAF4F3	#FEFEFE
4707	#EEDAD7	#FCFCFC
4708	#FCF7F7	#FFFFFF
4709	#FFFFFF	#FFFFFF
4710	#F4F3F9	#FEFEFE
4711	#F8F7FB	#FFFFFF
4712	#EFEDF7	#FDFDFD
4713	#FAF9FC	#FFFFFF
4714	#F7F6FB	#FFFFFF
4715	#FDFBFB	#FFFFFF
4716	#FCFBFD	#FFFFFF
4717	#FFFEFE	#FFFFFF
4718	#F7F5FA	#FEFEFE
4719	#FCF8F8	#FFFFFF
4720	#E4E0F0	#FCFCFC
4721	#FCF7F7	#FFFFFF
4722	#F5F3F9	#FEFEFE
4723	#F5E9E7	#FDFDFD
4724	#F5E9E7	#FEFEFE
4725	#F3F2F9	#FEFEFE
4726	#F7F6FB	#FFFFFF
4727	#F8F7FB	#FEFEFE
4728	#DFDAED	#FBFBFB
4729	#EFEDF7	#FEFEFE
4730	#F0EEF7	#FEFEFE
4731	#E2DEEF	#FCFCFC
4732	#FCFBFD	#FFFFFF
4733	#EEECF6	#FDFDFD
4734	#E7E4F2	#FDFDFD
4735	#ECE9F5	#FEFEFE
4736	#DDB7B2	#FCFCFC
4737	#EFECF6	#FEFEFE
4738	#ECE9F4	#FEFEFE
4739	#EBE8F4	#FDFDFD
4740	#F9F2F1	#FEFEFE
4741	#FEFEFF	#FFFFFF
4742	#FEFDFD	#FFFFFF
4743	#F0EEF7	#FEFEFE
4744	#F8F0EE	#FEFEFE
4745	#FEFCFC	#FFFFFF
4746	#F8EFEE	#FEFEFE
4747	#F9F0EF	#FEFEFE
4749	#FEFDFE	#FFFFFF
4750	#E6C8C4	#FDFDFD
4751	#F7EDEB	#FEFEFE
4752	#F7EEEC	#FEFEFE
4753	#F8EEED	#FEFEFE
4754	#FEFDFD	#FFFFFF
4755	#F4E7E5	#FDFDFD
4756	#FAF3F2	#FEFEFE
4757	#F5E9E7	#FEFEFE
4758	#F9F2F1	#FEFEFE
4759	#FEFEFE	#FFFFFF
4760	#F9F8FC	#FFFFFF
4761	#E9CECA	#FEFEFE
4762	#F3F2F9	#FEFEFE
4763	#E8E4F2	#FCFCFC
4764	#FBF6F6	#FFFFFF
4765	#F5F4FA	#FEFEFE
4766	#ECE9F5	#FDFDFD
4767	#E0BDB8	#FDFDFD
4768	#F1EFF8	#FEFEFE
4769	#DEDAED	#FCFCFC
4770	#FFFEFE	#FFFFFF
4771	#FCF9F8	#FFFFFF
4772	#F8F7FB	#FFFFFF
4773	#F9F8FC	#FFFFFF
4774	#F9F1F0	#FFFFFF
4775	#EDEBF5	#FEFEFE
4776	#E6E3F2	#FDFDFD
4777	#F2F0F8	#FEFEFE
4778	#F5F3F9	#FEFEFE
4779	#D3CDE7	#F9F9F9
4780	#ECEAF5	#FDFDFD
4781	#F4F2F9	#FEFEFE
4782	#F8F0EE	#FEFEFE
4783	#F5E9E7	#FDFDFD
4784	#DDD8ED	#FBFBFB
4785	#EFEDF7	#FEFEFE
4786	#F5F3FA	#FFFFFF
4787	#FEFCFC	#FFFFFF
4788	#F1E1DE	#FEFEFE
4789	#D4CEE8	#FAFAFA
4790	#FCF8F8	#FFFFFF
4791	#FFFFFF	#FFFFFF
4792	#F9F1F0	#FEFEFE
4793	#FCFBFD	#FFFFFF
4794	#E3DFF0	#FCFCFC
4795	#F7EDEC	#FEFEFE
4796	#F9F2F1	#FEFEFE
4797	#F2E3E1	#FDFDFD
4798	#F7EDEC	#FEFEFE
4799	#FBF6F5	#FFFFFF
4800	#FDFBFA	#FFFFFF
4801	#CC9791	#FCFCFC
4802	#EEECF6	#FEFEFE
4803	#F7F6FB	#FFFFFF
4804	#F7ECEB	#FEFEFE
4805	#E0DBEE	#FCFCFC
4806	#F2F1F8	#FEFEFE
4807	#F9F9FC	#FFFFFF
4808	#DFDAED	#FCFCFC
4809	#FEFEFF	#FFFFFF
4810	#FEFCFC	#FFFFFF
4811	#EFEDF6	#FEFEFE
4812	#F9F1F0	#FFFFFF
4813	#F3F1F8	#FEFEFE
4814	#F5E8E6	#FDFDFD
4815	#F7F5FA	#FEFEFE
4816	#E6E2F1	#FCFCFC
4817	#FDFBFB	#FFFFFF
4818	#F3F1F8	#FEFEFE
4819	#FFFFFF	#FFFFFF
4820	#FEFDFC	#FFFFFF
4821	#F8F7FB	#FFFFFF
4822	#FEFCFC	#FFFFFF
4823	#F4E5E3	#FDFDFD
4824	#FBF6F5	#FFFFFF
4825	#FAF9FC	#FFFFFF
4826	#EEDAD7	#FCFCFC
4827	#EBE9F4	#FDFDFD
4828	#E7E4F2	#FCFCFC
4829	#E5E2F1	#FCFCFC
4830	#F7F6FB	#FEFEFE
4831	#FEFEFE	#FFFFFF
4832	#FAF4F3	#FEFEFE
4833	#FEFDFC	#FFFFFF
4834	#F9F9FC	#FFFFFF
4835	#F2F0F8	#FEFEFE
4836	#FCF8F8	#FFFFFF
4837	#FBF6F5	#FFFFFF
4838	#E3E0F0	#FCFCFC
4839	#EFECF6	#FEFEFE
4840	#FBF5F5	#FFFFFF
4841	#D4CEE8	#FAFAFA
4842	#E6E3F2	#FEFEFE
4843	#F5F4FA	#FEFEFE
4844	#F8F7FB	#FFFFFF
4845	#E5C6C2	#F9F9F9
4846	#EFDBD9	#FCFCFC
4847	#F7ECEA	#FEFEFE
4848	#F8F7FB	#FFFFFF
4849	#ECD5D3	#FEFEFE
4850	#D3A49E	#FCFCFC
4851	#F1E0DE	#FEFEFE
4852	#F5E9E7	#FDFDFD
4853	#FAF4F3	#FEFEFE
4854	#F7ECEB	#FEFEFE
4855	#F2F0F8	#FEFEFE
4856	#FDFAF9	#FFFFFF
4857	#FFFFFF	#FFFFFF
4858	#FAF4F3	#FEFEFE
4859	#F6EBEA	#FEFEFE
4860	#FCFCFD	#FFFFFF
4861	#F6EAE8	#FEFEFE
4862	#DCD8EC	#FEFEFE
4863	#F6EAE8	#FDFDFD
4864	#FBFAFD	#FFFFFF
4865	#FBFAFD	#FFFFFF
4866	#FDFAFA	#FFFFFF
4867	#FAF9FC	#FFFFFF
4868	#F1EFF7	#FEFEFE
4869	#F1EFF8	#FEFEFE
4870	#F0EEF7	#FEFEFE
4871	#F7F6FB	#FFFFFF
4872	#F9F0EF	#FEFEFE
4873	#CC9790	#FCFCFC
4874	#FDFDFE	#FFFFFF
4875	#FEFEFF	#FFFFFF
4876	#FEFCFC	#FFFFFF
4877	#F3F2F9	#FEFEFE
4878	#F3F1F8	#FEFEFE
4879	#EAE8F4	#FDFDFD
4880	#F7F5FA	#FEFEFE
4881	#E5E1F1	#FCFCFC
4882	#FCF9F8	#FFFFFF
4883	#F3F1F9	#FEFEFE
4884	#FDFBFB	#FFFFFF
4885	#EFECF6	#FEFEFE
4886	#F5E7E6	#FEFEFE
4887	#D9D3EA	#FBFBFB
4888	#FEFCFC	#FFFFFF
4889	#DBD6EB	#FBFBFB
4890	#F1F0F8	#FEFEFE
4891	#E7E3F2	#FDFDFD
4892	#E7E4F2	#FDFDFD
4893	#F6F5FA	#FFFFFF
4894	#E8E5F3	#FEFEFE
4895	#F8F7FB	#FEFEFE
4896	#EAD2CE	#FBFBFB
4897	#FEFEFE	#FFFFFF
4898	#EFECF6	#FEFEFE
4899	#F6EAE8	#FEFEFE
4900	#EED9D6	#FEFEFE
4901	#CC9791	#FCFCFC
4902	#FBF6F5	#FFFFFF
4903	#FAF9FC	#FFFFFF
4904	#FAF4F3	#FEFEFE
4905	#F9F1F0	#FEFEFE
4906	#FAF9FC	#FFFFFF
4907	#FDF9F9	#FFFFFF
4908	#FEFDFD	#FFFFFF
4909	#FAFAFD	#FFFFFF
4910	#FCF8F8	#FFFFFF
4911	#FBFBFD	#FFFFFF
4912	#FFFFFF	#FFFFFF
4913	#FAF9FC	#FFFFFF
4914	#FBFBFD	#FFFFFF
4915	#F9F0EF	#FEFEFE
4916	#DBD7EC	#FBFBFB
4917	#E3DFF0	#FDFDFD
4918	#FBF6F5	#FEFEFE
4919	#FAF4F3	#FEFEFE
4920	#F3E3E1	#FEFEFE
4921	#F7F6FB	#FEFEFE
4922	#FCF8F7	#FFFFFF
4923	#F9F2F1	#FEFEFE
4924	#F3E4E2	#FEFEFE
4925	#FAF4F3	#FEFEFE
4926	#F4F3F9	#FEFEFE
4927	#FBFBFD	#FFFFFF
4928	#EFEDF6	#FDFDFD
4929	#EEECF6	#FEFEFE
4930	#EBE8F4	#FDFDFD
4931	#E8E5F2	#FCFCFC
4932	#F7EEEC	#FEFEFE
4933	#FFFEFE	#FFFFFF
4934	#F8F7FB	#FFFFFF
4935	#FAF2F1	#FEFEFE
4936	#F5F4FA	#FEFEFE
4937	#F2F0F8	#FEFEFE
4938	#E4E0F0	#FCFCFC
4939	#FDFAF9	#FFFFFF
4940	#F5F3F9	#FEFEFE
4941	#FBF6F5	#FFFFFF
4942	#ECE9F5	#FEFEFE
4943	#F1EFF7	#FEFEFE
4944	#FDFBFB	#FFFFFF
4945	#F5E8E6	#FDFDFD
4946	#FEFCFC	#FFFFFF
4947	#F0DEDC	#FDFDFD
4948	#EBD3D0	#FBFBFB
4949	#F0DCDA	#FBFBFB
4950	#C1847D	#FAFAFA
4951	#E0BCB7	#FCFCFC
4952	#F9F9FC	#FFFFFF
4953	#F6EAE9	#FEFEFE
4954	#FDFBFA	#FFFFFF
4955	#F6F5FA	#FEFEFE
4956	#FFFFFF	#FFFFFF
4957	#F5E9E7	#FEFEFE
4958	#FEFCFC	#FFFFFF
4959	#FFFFFF	#FFFFFF
4960	#DEDAED	#FCFCFC
4961	#E2DEF0	#FCFCFC
4962	#F4F2F9	#FEFEFE
4963	#E9CFCC	#FDFDFD
4964	#FEFEFF	#FFFFFF
4965	#EFECF6	#FEFEFE
4966	#F9F2F1	#FEFEFE
4967	#FBFBFD	#FFFFFF
4968	#F7F6FB	#FFFFFF
4969	#FCF9F8	#FFFFFF
4970	#FCF9F8	#FFFFFF
4971	#FBFAFD	#FFFFFF
4972	#FEFCFC	#FFFFFF
4973	#F8F7FB	#FFFFFF
4974	#CF9D96	#FCFCFC
4975	#F3F1F9	#FEFEFE
4976	#EDEAF5	#FEFEFE
4977	#EFEDF7	#FDFDFD
4978	#E9E6F3	#FCFCFC
4979	#F2F0F8	#FEFEFE
4980	#ECE9F5	#FDFDFD
4981	#DBD6EB	#FCFCFC
4982	#F8F7FB	#FFFFFF
4983	#FDFAF9	#FFFFFF
4984	#FBFAFD	#FFFFFF
4985	#E6E2F1	#FEFEFE
4986	#EDEBF5	#FEFEFE
4987	#F9F8FC	#FFFFFF
4988	#F4F2F9	#FEFEFE
4989	#FFFEFE	#FFFFFF
4990	#E7E4F2	#FDFDFD
4991	#E8E4F2	#FDFDFD
4992	#DAD5EB	#FBFBFB
4993	#E4E0F0	#FDFDFD
4994	#F4F2F9	#FEFEFE
4995	#FEFCFC	#FFFFFF
4996	#F9F9FC	#FFFFFF
4997	#FEFDFD	#FFFFFF
4998	#F6EAE9	#FEFEFE
4999	#EFDCD9	#FAFAFA
5000	#F3E3E1	#FAFAFA
5001	#DEB9B4	#FCFCFC
5002	#E9CECA	#FEFEFE
5003	#CC9791	#FCFCFC
5004	#E4C5C1	#F8F8F8
5005	#F5E9E7	#FDFDFD
5006	#FBF5F5	#FFFFFF
5007	#FEFDFD	#FFFFFF
5008	#E2DEEF	#FCFCFC
5009	#F0EDF7	#FDFDFD
5010	#FFFFFF	#FFFFFF
5011	#F8F7FB	#FEFEFE
5012	#FAF2F1	#FEFEFE
5013	#FEFDFC	#FFFFFF
5014	#E6C8C4	#FDFDFD
5015	#E9E6F3	#FDFDFD
5016	#F1EFF8	#FEFEFE
5017	#D6D1E9	#FBFBFB
5018	#EDEAF5	#FEFEFE
5019	#E9E6F3	#FDFDFD
5020	#F2F0F8	#FEFEFE
5021	#F5F4FA	#FEFEFE
5022	#FEFDFC	#FFFFFF
5023	#F7EDEC	#FEFEFE
5024	#E7E3F2	#FCFCFC
5025	#E1BEBA	#FEFEFE
5026	#E3E0F0	#FBFBFB
5027	#EDEBF5	#FDFDFD
5028	#E5E2F1	#FCFCFC
5029	#DEDAED	#F9F9F9
5030	#FAF9FC	#FFFFFF
5031	#DFDAED	#FCFCFC
5032	#CEC7E4	#F9F9F9
5033	#F5E8E7	#FEFEFE
5034	#F5F4FA	#FEFEFE
5035	#E7E4F2	#FDFDFD
5036	#F9F1F0	#FFFFFF
5037	#F6F4FA	#FFFFFF
5038	#EAE7F4	#FDFDFD
5039	#FCF7F7	#FFFFFF
5040	#FDFBFA	#FFFFFF
5041	#F5F3FA	#FEFEFE
5042	#C5BEE0	#F9F9F9
5043	#FAF4F3	#FFFFFF
5044	#D6D1E9	#FBFBFB
5045	#EFEDF6	#FEFEFE
5046	#EFEDF6	#FEFEFE
5047	#FCFCFD	#FFFFFF
5048	#F6EBE9	#FDFDFD
5049	#E6C8C4	#F2F2F2
5050	#FBF5F4	#FEFEFE
5051	#D9B0AA	#FDFDFD
5052	#E4C4C0	#FCFCFC
5053	#EDD6D4	#FEFEFE
5054	#FEFDFE	#FFFFFF
5055	#F4E5E3	#FDFDFD
5056	#F0DDDA	#FCFCFC
5057	#F2F1F8	#FEFEFE
5058	#F8F7FB	#FFFFFF
5059	#FDFDFE	#FFFFFF
5060	#FDFDFE	#FFFFFF
5061	#F7F6FB	#FEFEFE
5062	#EFEDF6	#FEFEFE
5063	#FBF6F6	#FFFFFF
5064	#F7EDEB	#FFFFFF
5065	#FDFBFB	#FFFFFF
5066	#FEFDFD	#FFFFFF
5067	#F9F8FB	#FFFFFF
5068	#F2F0F8	#FEFEFE
5069	#FDFDFE	#FFFFFF
5070	#EAE7F4	#FDFDFD
5071	#F5E8E6	#FDFDFD
5072	#F3E3E1	#FCFCFC
5073	#E1DDEF	#FCFCFC
5074	#E9E6F3	#FDFDFD
5075	#E6C8C4	#FDFDFD
5076	#D2CDE7	#F8F8F8
5077	#FEFEFF	#FFFFFF
5078	#F1F0F8	#FEFEFE
5079	#EDEBF5	#FDFDFD
5080	#E6E2F1	#FBFBFB
5081	#E7E4F2	#FCFCFC
5082	#E4E0F0	#FDFDFD
5083	#EFECF6	#FEFEFE
5084	#F2F0F8	#FEFEFE
5085	#FAF4F3	#FEFEFE
5086	#D9B0AA	#FDFDFD
5087	#F0EDF7	#FEFEFE
5088	#FAFAFD	#FFFFFF
5089	#FAF9FC	#FFFFFF
5090	#E9E6F3	#FDFDFD
5091	#FBFBFD	#FFFFFF
5092	#F8F7FB	#FFFFFF
5093	#FCF8F8	#FFFFFF
5094	#DFDAED	#FCFCFC
5095	#E4E0F0	#FDFDFD
5096	#EFECF6	#FEFEFE
5097	#E8E5F3	#FEFEFE
5098	#F8F7FB	#FFFFFF
5099	#F1DFDC	#FBFBFB
5100	#F8EFEE	#FDFDFD
5101	#FAF4F4	#FEFEFE
