group	fill	colour
1	#F2F0F8	#FEFEFE
2	#E8CCC9	#FDFDFD
3	#FAF4F3	#FFFFFF
4	#FBF6F5	#FFFFFF
5	#F6F5FA	#FFFFFF
6	#D9D4EA	#FCFCFC
7	#F1E0DD	#FEFEFE
8	#E2DDEF	#FDFDFD
9	#F7ECEA	#FEFEFE
10	#FBF5F4	#FFFFFF
11	#FEFDFE	#FFFFFF
12	#F7F5FB	#FFFFFF
13	#F4E7E5	#FEFEFE
14	#F1E0DE	#FEFEFE
15	#F5F4FA	#FFFFFF
16	#EBD2CF	#FDFDFD
17	#FAF3F2	#FFFFFF
18	#FDFCFE	#FFFFFF
19	#FDFAFA	#FFFFFF
20	#F7EDEC	#FFFFFF
21	#E4E0F0	#FDFDFD
22	#F6EAE8	#FEFEFE
23	#F2E2E0	#FEFEFE
24	#EFDBD9	#FEFEFE
25	#D9AFAA	#FBFBFB
26	#D4CFE8	#FCFCFC
27	#FBF6F5	#FFFFFF
28	#F2E2DF	#FEFEFE
29	#F2E1DF	#FEFEFE
30	#FEFCFB	#FFFFFF
31	#E8CECA	#FCFCFC
32	#F6F5FA	#FFFFFF
33	#F3F1F9	#FEFEFE
34	#E9CECA	#FEFEFE
35	#F3F1F9	#FFFFFF
36	#F5E8E6	#FEFEFE
37	#FBFAFD	#FFFFFF
38	#BE7F78	#FAFAFA
39	#C9918B	#FBFBFB
40	#F9F1F0	#FFFFFF
41	#FFFFFF	#FFFFFF
42	#F2F0F8	#FEFEFE
43	#FBF7F6	#FFFFFF
44	#DDD9ED	#FDFDFD
45	#F4E6E4	#FEFEFE
46	#DDB8B3	#FCFCFC
47	#F6EBE9	#FEFEFE
48	#FDFAFA	#FFFFFF
49	#FDFBFA	#FFFFFF
50	#FDFBFB	#FFFFFF
52	#F2E1DE	#FEFEFE
53	#FBFAFD	#FFFFFF
54	#E7CBC7	#FDFDFD
55	#F1E0DD	#FEFEFE
56	#F9F0EF	#FFFFFF
57	#F7EDEC	#FEFEFE
58	#FCF7F7	#FFFFFF
59	#F7F6FB	#FFFFFF
60	#FAF3F2	#FEFEFE
61	#F0DEDC	#FDFDFD
62	#FBFAFD	#FFFFFF
63	#F8F7FB	#FFFFFF
64	#FBF7F6	#FFFFFF
65	#E8E4F2	#FDFDFD
66	#FBF5F4	#FFFFFF
67	#F9F1F0	#FFFFFF
68	#ECEAF5	#FEFEFE
69	#EAD1CE	#FDFDFD
70	#E8E5F3	#FEFEFE
71	#EDD7D5	#FDFDFD
72	#F9F8FC	#FFFFFF
73	#EED9D6	#FDFDFD
74	#F9F9FC	#FFFFFF
75	#DFBCB7	#FCFCFC
76	#EED9D6	#FEFEFE
77	#FBFAFD	#FFFFFF
78	#FEFDFC	#FFFFFF
79	#EFDAD8	#FDFDFD
80	#F0EEF7	#FEFEFE
81	#E9CFCC	#FDFDFD
82	#FDF9F9	#FFFFFF
83	#BF817A	#FAFAFA
84	#CF9C96	#FCFCFC
85	#F1E0DE	#FEFEFE
86	#FDFBFB	#FFFFFF
87	#E1BEB9	#FDFDFD
88	#F7ECEA	#FFFFFF
89	#C8918A	#FBFBFB
90	#F5E7E5	#FEFEFE
91	#E9CFCC	#FDFDFD
92	#ECD5D2	#FEFEFE
93	#EEECF6	#FFFFFF
94	#E8CDCA	#FEFEFE
95	#FDFCFE	#FFFFFF
97	#EAE6F3	#FEFEFE
98	#DEDAED	#FCFCFC
99	#FCF9F9	#FFFFFF
100	#FEFDFD	#FFFFFF
101	#F6ECEA	#FEFEFE
102	#F9F8FC	#FFFFFF
103	#F9F8FC	#FFFFFF
104	#FDFAFA	#FFFFFF
105	#FDFDFE	#FFFFFF
106	#EEECF6	#FEFEFE
107	#FAF4F4	#FFFFFF
108	#E4C4C0	#FDFDFD
109	#FCFBFD	#FFFFFF
110	#F7ECEB	#FEFEFE
111	#FDF9F9	#FFFFFF
112	#EDEAF5	#FEFEFE
113	#FDFDFE	#FFFFFF
114	#D8D3EA	#FDFDFD
115	#FEFCFC	#FFFFFF
116	#EFEDF6	#FEFEFE
117	#F9F2F0	#FFFFFF
118	#FDFBFB	#FFFFFF
119	#FCF8F8	#FFFFFF
120	#EFEDF6	#FEFEFE
121	#DBD6EB	#FCFCFC
122	#C9C2E2	#FBFBFB
123	#EFEDF6	#FEFEFE
124	#D6D0E9	#FCFCFC
125	#F9F2F1	#FFFFFF
126	#EFEDF6	#FEFEFE
127	#F0DEDB	#FDFDFD
128	#FBF6F5	#FFFFFF
129	#F6F5FA	#FFFFFF
130	#F9F8FC	#FFFFFF
131	#DED9ED	#FDFDFD
132	#FDFCFE	#FFFFFF
133	#F3F2F9	#FEFEFE
134	#EFECF6	#FFFFFF
135	#EAD1CE	#FDFDFD
136	#F7EDEB	#FEFEFE
137	#EED9D6	#FEFEFE
138	#DFBBB7	#FCFCFC
139	#EDD6D3	#FEFEFE
140	#F9F2F1	#FFFFFF
141	#FBFBFD	#FFFFFF
142	#F2F0F8	#FFFFFF
143	#EAE7F4	#FEFEFE
144	#E3C3BF	#FDFDFD
145	#FFFFFF	#FFFFFF
146	#FAFAFD	#FFFFFF
147	#D9D3EA	#FCFCFC
148	#D8D3EA	#FCFCFC
149	#ECD6D3	#FDFDFD
150	#EDD7D4	#FEFEFE
151	#F8EEED	#FEFEFE
153	#EFECF6	#FEFEFE
154	#CEC7E4	#FDFDFD
155	#EFDCDA	#FEFEFE
156	#FEFDFC	#FFFFFF
157	#F7EDEB	#FEFEFE
158	#EEECF6	#FEFEFE
159	#FCFBFD	#FFFFFF
160	#F6F5FA	#FFFFFF
161	#F9F1F0	#FFFFFF
162	#FAF9FC	#FFFFFF
163	#FEFCFC	#FFFFFF
164	#F6E9E8	#FEFEFE
165	#BEB6DB	#FCFCFC
166	#FCF8F7	#FFFFFF
167	#E2C0BC	#FDFDFD
168	#F0EDF7	#FEFEFE
169	#F1EFF7	#FEFEFE
170	#FBF6F5	#FFFFFF
171	#FEFCFC	#FFFFFF
172	#FCFCFE	#FFFFFF
173	#F3F1F8	#FEFEFE
174	#F9F1F0	#FEFEFE
175	#F2E1DE	#FEFEFE
176	#F5E9E8	#FEFEFE
177	#F9F9FC	#FFFFFF
178	#F8F6FB	#FFFFFF
179	#EAE7F4	#FEFEFE
180	#F2F0F8	#FEFEFE
181	#F9F2F1	#FEFEFE
182	#F2F0F8	#FFFFFF
183	#DDD8EC	#FDFDFD
184	#F4E7E5	#FEFEFE
185	#FEFEFE	#FFFFFF
186	#EBE9F4	#FEFEFE
187	#F9F8FC	#FFFFFF
188	#F6F4FA	#FFFFFF
189	#FAF9FC	#FFFFFF
190	#FCF9F8	#FFFFFF
191	#F9F1F0	#FEFEFE
192	#E1DDEF	#FDFDFD
193	#FAF9FC	#FFFFFF
194	#E5E1F1	#FDFDFD
195	#FCF9F8	#FFFFFF
196	#FAF9FC	#FFFFFF
198	#D8D2EA	#FDFDFD
199	#EEECF6	#FFFFFF
200	#FBF6F6	#FFFFFF
201	#E9E6F3	#FEFEFE
202	#FEFDFD	#FFFFFF
203	#F1E0DE	#FEFEFE
204	#FCF7F6	#FFFFFF
205	#FDFDFE	#FFFFFF
206	#EFDBD9	#FEFEFE
207	#DEDAED	#FDFDFD
208	#F9F8FC	#FFFFFF
209	#FCFCFE	#FFFFFF
210	#F3F1F8	#FEFEFE
211	#FFFFFF	#FFFFFF
212	#F7F6FB	#FFFFFF
213	#F2F0F8	#FFFFFF
214	#E5C7C3	#FCFCFC
215	#EDD7D4	#FDFDFD
216	#FBF6F6	#FFFFFF
217	#F5E8E6	#FEFEFE
218	#DBB3AE	#FCFCFC
219	#F2E2E0	#FEFEFE
220	#FEFDFD	#FFFFFF
221	#F6F4FA	#FFFFFF
222	#FDFAFA	#FFFFFF
223	#F4E5E3	#FEFEFE
224	#FDFBFB	#FFFFFF
225	#FEFDFD	#FFFFFF
226	#F1EFF8	#FEFEFE
227	#F7ECEB	#FFFFFF
228	#E1DDEF	#FDFDFD
229	#F5F4FA	#FFFFFF
230	#F5F3F9	#FEFEFE
231	#E2DEEF	#FDFDFD
232	#FAF3F2	#FFFFFF
233	#F7EDEB	#FEFEFE
234	#E5E2F1	#FEFEFE
235	#EFEDF7	#FFFFFF
236	#F2F0F8	#FEFEFE
237	#FCF8F8	#FFFFFF
238	#DDD8ED	#FEFEFE
239	#EBD3D0	#FDFDFD
240	#EEECF6	#FEFEFE
241	#EEEBF6	#FEFEFE
242	#E5E1F1	#FDFDFD
243	#FFFEFF	#FFFFFF
244	#EFECF6	#FEFEFE
245	#E4C4C0	#FDFDFD
246	#FEFCFB	#FFFFFF
247	#FFFEFE	#FFFFFF
248	#F7ECEB	#FEFEFE
249	#FAF9FC	#FFFFFF
250	#E9CFCC	#FDFDFD
251	#F9F8FC	#FFFFFF
252	#F4E5E3	#FEFEFE
254	#DEDAED	#FDFDFD
255	#CEC8E4	#FDFDFD
256	#EEECF6	#FFFFFF
257	#F1E0DE	#FEFEFE
258	#FFFEFE	#FFFFFF
259	#F6F4FA	#FFFFFF
260	#F2F0F8	#FEFEFE
261	#F1E0DD	#FEFEFE
262	#EBE8F4	#FEFEFE
263	#FDFBFB	#FFFFFF
264	#F2F1F8	#FEFEFE
265	#F7F6FB	#FFFFFF
266	#958BC5	#F9F9F9
267	#EFDBD8	#FDFDFD
268	#E7E4F2	#FDFDFD
269	#EFDCDA	#FEFEFE
270	#F7EDEB	#FEFEFE
271	#F8EEED	#FEFEFE
272	#F6EAE8	#FEFEFE
273	#F9F8FC	#FFFFFF
274	#FEFCFC	#FFFFFF
275	#FDFCFE	#FFFFFF
276	#E8E5F3	#FEFEFE
277	#FEFDFD	#FFFFFF
278	#F9F2F1	#FEFEFE
279	#FFFEFE	#FFFFFF
280	#FAF9FC	#FFFFFF
281	#FCF9F9	#FFFFFF
282	#EFDCD9	#FEFEFE
283	#FBFAFD	#FFFFFF
284	#ECE9F5	#FEFEFE
285	#F7ECEB	#FEFEFE
286	#F5E8E6	#FEFEFE
287	#ECD5D2	#FEFEFE
288	#EEECF6	#FEFEFE
289	#FBF6F6	#FFFFFF
290	#EEECF6	#FEFEFE
291	#FBF5F4	#FFFFFF
292	#D3CEE7	#FBFBFB
293	#ECD4D1	#FDFDFD
294	#FFFFFF	#FFFFFF
295	#F7EDEB	#FFFFFF
296	#EAE7F4	#FEFEFE
297	#FBFBFD	#FFFFFF
299	#EAE7F3	#FEFEFE
300	#FFFFFF	#FFFFFF
301	#FDFAFA	#FFFFFF
302	#FCFBFD	#FFFFFF
303	#EBE8F4	#FEFEFE
304	#F4E5E3	#FEFEFE
305	#D4CEE8	#FEFEFE
306	#EAE7F4	#FEFEFE
307	#F6F5FA	#FFFFFF
308	#EDEAF5	#FEFEFE
309	#F7F6FB	#FFFFFF
310	#F7EDEB	#FEFEFE
311	#F6F4FA	#FFFFFF
312	#EEECF6	#FEFEFE
313	#FFFFFF	#FFFFFF
314	#F9F1F0	#FFFFFF
315	#F3F1F8	#FFFFFF
316	#F6F5FA	#FFFFFF
317	#FBF7F6	#FFFFFF
318	#F3E5E3	#FEFEFE
319	#FEFCFC	#FFFFFF
320	#FEFDFD	#FFFFFF
321	#F8EFED	#FEFEFE
322	#FBF6F5	#FFFFFF
323	#FAF3F2	#FFFFFF
324	#FAF2F1	#FEFEFE
325	#F5E7E5	#FEFEFE
326	#F8EEED	#FEFEFE
327	#FFFFFF	#FFFFFF
328	#E1BEBA	#FEFEFE
329	#F9F1F0	#FEFEFE
330	#F2F0F8	#FEFEFE
331	#FAFAFC	#FFFFFF
332	#DED9ED	#FCFCFC
333	#E2DEEF	#FCFCFC
334	#F5E9E7	#FEFEFE
335	#FFFFFF	#FFFFFF
336	#F4E7E5	#FEFEFE
337	#F6F4FA	#FFFFFF
338	#F3F1F8	#FEFEFE
339	#C48A83	#FBFBFB
340	#D6D0E9	#FCFCFC
341	#FAF4F3	#FFFFFF
342	#FDFBFB	#FFFFFF
343	#FAF4F4	#FFFFFF
344	#CDC7E4	#FCFCFC
345	#E5E1F1	#FDFDFD
346	#D2CCE6	#FAFAFA
347	#BA7871	#F9F9F9
348	#EBE8F4	#FEFEFE
349	#F6F4FA	#FFFFFF
350	#FFFFFF	#FFFFFF
351	#FAF3F2	#FFFFFF
352	#D3CDE7	#FDFDFD
353	#F7ECEB	#FFFFFF
355	#EFECF6	#FFFFFF
356	#E5E1F1	#FEFEFE
357	#E9CECA	#FEFEFE
358	#FDFDFE	#FFFFFF
359	#FBF7F6	#FFFFFF
360	#E1DDEF	#FDFDFD
361	#FFFFFE	#FFFFFF
362	#FAF4F4	#FFFFFF
363	#FEFCFC	#FFFFFF
364	#FDFCFE	#FFFFFF
365	#ECEAF5	#FEFEFE
366	#F9F0EF	#FFFFFF
367	#F3F1F8	#FFFFFF
368	#F9F8FC	#FFFFFF
369	#F1EFF8	#FEFEFE
370	#F5E7E5	#FEFEFE
371	#EBD2CF	#FDFDFD
372	#F2E2E0	#FEFEFE
373	#F7ECEA	#FEFEFE
374	#F8EFEE	#FEFEFE
375	#FDFBFB	#FFFFFF
376	#F4E7E5	#FEFEFE
377	#F7ECEA	#FEFEFE
378	#FBFAFD	#FFFFFF
379	#FDF9F9	#FFFFFF
380	#FCF7F6	#FFFFFF
381	#FFFEFE	#FFFFFF
382	#FAF3F2	#FFFFFF
383	#FEFCFC	#FFFFFF
384	#F4E5E3	#FEFEFE
385	#E7E4F2	#FDFDFD
386	#FCF8F8	#FFFFFF
387	#F8F7FB	#FFFFFF
388	#F8EEED	#FEFEFE
389	#EED9D6	#FEFEFE
390	#F0DEDB	#FDFDFD
391	#FDFCFE	#FFFFFF
392	#FDFAF9	#FFFFFF
393	#F6F4FA	#FFFFFF
394	#FEFEFD	#FFFFFF
395	#F9F2F1	#FFFFFF
396	#E9CECA	#FDFDFD
397	#F9F8FC	#FFFFFF
398	#FAF4F4	#FFFFFF
400	#E8CDCA	#FEFEFE
401	#E4C4C0	#FDFDFD
402	#FBF6F6	#FFFFFF
403	#FEFDFD	#FFFFFF
404	#F7ECEB	#FFFFFF
405	#D4CEE8	#FEFEFE
406	#F4E5E3	#FEFEFE
407	#E1BEBA	#FEFEFE
408	#EFEDF7	#FFFFFF
409	#FBFBFD	#FFFFFF
410	#FFFFFF	#FFFFFF
411	#EED9D6	#FEFEFE
412	#F6EAE8	#FEFEFE
413	#FDFAFA	#FFFFFF
414	#EDEBF5	#FEFEFE
415	#F5F4FA	#FFFFFF
416	#FDFDFE	#FFFFFF
417	#ECEAF5	#FEFEFE
418	#F7ECEB	#FFFFFF
419	#C68E87	#FBFBFB
420	#FDFBFB	#FFFFFF
421	#EAD1CE	#FDFDFD
422	#F7ECEA	#FEFEFE
423	#DBB4AF	#FCFCFC
424	#ECD6D3	#FDFDFD
425	#ECD6D3	#FCFCFC
426	#FCF7F6	#FFFFFF
427	#E8CDC9	#FDFDFD
428	#F2F1F8	#FEFEFE
429	#EFECF6	#FEFEFE
430	#EDD6D3	#FDFDFD
431	#FBF6F5	#FFFFFF
432	#F1DFDD	#FDFDFD
433	#FAF9FC	#FFFFFF
434	#ECE9F5	#FEFEFE
435	#F4E7E5	#FEFEFE
436	#F2F0F8	#FEFEFE
437	#FFFEFE	#FFFFFF
438	#FAF4F3	#FFFFFF
439	#FEFCFB	#FFFFFF
440	#FFFFFF	#FFFFFF
441	#FFFFFF	#FFFFFF
442	#E2C0BC	#FDFDFD
443	#FCF9F9	#FFFFFF
444	#F8F7FB	#FFFFFF
445	#F5F4FA	#FFFFFF
446	#ECE9F5	#FEFEFE
447	#FBFAFD	#FFFFFF
448	#F7F6FB	#FFFFFF
449	#FFFFFE	#FFFFFF
450	#F2F0F8	#FEFEFE
451	#D8D3EA	#FDFDFD
452	#EFEDF6	#FEFEFE
453	#F9F2F1	#FFFFFF
454	#F0DCDA	#FEFEFE
456	#D4CEE8	#FEFEFE
457	#F9F9FC	#FFFFFF
458	#EFEDF6	#FEFEFE
459	#F7ECEB	#FFFFFF
460	#F2F0F8	#FFFFFF
461	#FEFDFC	#FFFFFF
462	#F7EDEC	#FEFEFE
463	#F6F5FA	#FFFFFF
464	#EFDCD9	#FEFEFE
465	#F6EAE9	#FEFEFE
466	#FEFEFE	#FFFFFF
467	#E6C9C5	#FDFDFD
468	#F2F0F8	#FFFFFF
469	#FBF6F5	#FFFFFF
470	#DCB5B0	#FCFCFC
471	#F0EEF7	#FEFEFE
472	#EFECF6	#FEFEFE
473	#F9F1F0	#FFFFFF
474	#F5E9E7	#FEFEFE
475	#F2E1DF	#FDFDFD
476	#F3F2F9	#FEFEFE
477	#F7F6FB	#FFFFFF
478	#FBFAFD	#FFFFFF
479	#FBFAFD	#FFFFFF
480	#ECD5D2	#FDFDFD
481	#EBE8F4	#FEFEFE
482	#F8F7FB	#FFFFFF
483	#F3E3E1	#FEFEFE
484	#FDFCFE	#FFFFFF
485	#F9F1F0	#FEFEFE
486	#F4F2F9	#FEFEFE
487	#FEFEFF	#FFFFFF
488	#F3E5E3	#FEFEFE
489	#EFECF6	#FEFEFE
490	#FBF6F5	#FFFFFF
491	#F8F7FB	#FFFFFF
492	#DDD9ED	#FCFCFC
493	#F7ECEB	#FFFFFF
494	#FAF9FC	#FFFFFF
495	#EFDBD9	#FDFDFD
496	#F0EEF7	#FEFEFE
497	#F0EEF7	#FEFEFE
498	#FFFEFE	#FFFFFF
499	#EDD7D4	#FEFEFE
501	#E8E5F3	#FEFEFE
502	#FAF9FC	#FFFFFF
503	#F2F1F8	#FEFEFE
504	#FEFDFD	#FFFFFF
505	#FFFFFF	#FFFFFF
506	#FEFDFD	#FFFFFF
507	#FBF6F5	#FFFFFF
508	#E4C4C0	#FDFDFD
509	#D8D3EA	#FDFDFD
510	#F9F9FC	#FFFFFF
511	#E8CDCA	#FEFEFE
512	#EED9D6	#FDFDFD
513	#F9F1F0	#FFFFFF
514	#FFFEFE	#FFFFFF
515	#D8D3EA	#FDFDFD
516	#F8F0EF	#FEFEFE
517	#E2DEEF	#FDFDFD
518	#E8CDCA	#FEFEFE
519	#FFFFFF	#FFFFFF
520	#E2C0BC	#FDFDFD
521	#EDEAF5	#FEFEFE
522	#FBF5F5	#FFFFFF
523	#DEB9B4	#FCFCFC
524	#F7F6FB	#FFFFFF
525	#FFFFFF	#FFFFFF
526	#E1DDEF	#FDFDFD
527	#F8EEED	#FEFEFE
528	#FDFBFA	#FFFFFF
529	#F7F6FB	#FFFFFF
530	#CEC7E4	#FCFCFC
531	#F1DFDD	#FDFDFD
532	#F8EEED	#FEFEFE
533	#F6F4FA	#FFFFFF
534	#FBF7F6	#FFFFFF
535	#F1EFF8	#FEFEFE
536	#F0EDF7	#FEFEFE
537	#E8E5F3	#FEFEFE
538	#F4E6E4	#FDFDFD
539	#DDD8EC	#FDFDFD
540	#F7EDEC	#FEFEFE
541	#E3C3BF	#FDFDFD
542	#F2E2E0	#FEFEFE
543	#F4E7E5	#FEFEFE
544	#F3F1F9	#FEFEFE
545	#E2DEEF	#FDFDFD
546	#F5F3FA	#FEFEFE
547	#F0DDDB	#FEFEFE
548	#FDFCFE	#FFFFFF
549	#EDEBF5	#FEFEFE
550	#F8EFED	#FEFEFE
551	#D7D2E9	#FDFDFD
552	#FDFCFE	#FFFFFF
553	#F7F5FA	#FFFFFF
554	#E8E5F3	#FEFEFE
555	#F6F5FA	#FFFFFF
557	#F6F5FA	#FFFFFF
558	#EFECF6	#FEFEFE
559	#EDD7D4	#FEFEFE
560	#FCF7F6	#FFFFFF
561	#E6C8C4	#FDFDFD
562	#FFFEFE	#FFFFFF
563	#FBF7F6	#FFFFFF
564	#F8F7FB	#FFFFFF
565	#F6F5FA	#FFFFFF
566	#FDFBFA	#FFFFFF
567	#ECD4D1	#FDFDFD
568	#EEECF6	#FEFEFE
569	#DED9ED	#FDFDFD
570	#F5F3FA	#FFFFFF
571	#F0DDDB	#FEFEFE
572	#ECD5D2	#FDFDFD
573	#FEFDFD	#FFFFFF
574	#E9E6F3	#FEFEFE
575	#E2C1BC	#FDFDFD
576	#F5F4FA	#FFFFFF
577	#F8EEED	#FEFEFE
578	#F5E9E7	#FEFEFE
579	#DDD8EC	#FCFCFC
580	#EDEBF5	#FEFEFE
581	#F6EBE9	#FEFEFE
582	#F1EFF7	#FEFEFE
583	#EAE7F4	#FEFEFE
584	#F5F3FA	#FEFEFE
585	#E8E5F3	#FEFEFE
586	#D9D4EA	#FCFCFC
587	#F1DFDD	#FEFEFE
588	#F2F0F8	#FEFEFE
589	#FDFAFA	#FFFFFF
590	#EAD1CD	#FDFDFD
591	#F7ECEB	#FFFFFF
592	#FEFCFB	#FFFFFF
593	#FBFBFD	#FFFFFF
594	#FAF3F2	#FFFFFF
595	#FBF5F5	#FFFFFF
596	#DDD9ED	#FDFDFD
597	#EAE7F3	#FEFEFE
598	#D9D4EA	#FCFCFC
599	#EFEDF6	#FEFEFE
600	#EFECF6	#FEFEFE
602	#FDFBFA	#FFFFFF
603	#FAF9FC	#FFFFFF
604	#EEECF6	#FEFEFE
605	#F9F8FC	#FFFFFF
606	#EFECF6	#FEFEFE
607	#F8EFED	#FFFFFF
608	#F7F6FB	#FFFFFF
609	#E8CECA	#FEFEFE
610	#F5E8E6	#FEFEFE
611	#EEEBF6	#FEFEFE
612	#F2F0F8	#FFFFFF
613	#FCF9F8	#FFFFFF
614	#F6F5FA	#FFFFFF
615	#F9F8FC	#FFFFFF
616	#D4CEE7	#FDFDFD
617	#E5E2F1	#FEFEFE
618	#F2F0F8	#FFFFFF
619	#DDD8ED	#FDFDFD
620	#B8AFD8	#FBFBFB
621	#EED9D6	#FEFEFE
622	#F9F8FC	#FFFFFF
623	#E4E0F0	#FDFDFD
624	#F5F3FA	#FEFEFE
625	#E9E6F3	#FEFEFE
626	#EDEAF5	#FEFEFE
627	#E8CDCA	#FDFDFD
628	#F4F3F9	#FEFEFE
629	#FDFDFE	#FFFFFF
630	#FEFCFC	#FFFFFF
631	#EDEBF5	#FEFEFE
632	#E6E2F1	#FEFEFE
633	#F4F2F9	#FEFEFE
634	#F2F0F8	#FEFEFE
635	#F3F1F8	#FEFEFE
636	#F9F1F0	#FFFFFF
637	#FAF9FC	#FFFFFF
638	#FAF3F2	#FFFFFF
639	#F5E9E8	#FEFEFE
640	#FFFFFF	#FFFFFF
641	#FEFDFD	#FFFFFF
642	#EAE8F4	#FEFEFE
643	#F5F3FA	#FFFFFF
644	#F9F1F0	#FEFEFE
645	#FAF4F3	#FFFFFF
646	#DED9ED	#FCFCFC
647	#FFFFFF	#FFFFFF
648	#F9F8FC	#FFFFFF
649	#E0DBEE	#FCFCFC
650	#FAF3F2	#FFFFFF
651	#F7ECEB	#FEFEFE
652	#FDFDFE	#FFFFFF
653	#EFECF6	#FFFFFF
654	#EBE9F4	#FEFEFE
655	#EFEDF6	#FEFEFE
656	#F9F1F0	#FFFFFF
658	#FBF6F5	#FFFFFF
659	#EEECF6	#FFFFFF
660	#EBD4D1	#FDFDFD
661	#F7EDEC	#FEFEFE
662	#F1DFDD	#FEFEFE
663	#F0DCDA	#FEFEFE
664	#EBE8F4	#FEFEFE
665	#FBF6F6	#FFFFFF
666	#F2E2E0	#FEFEFE
667	#EAE7F4	#FEFEFE
668	#F9F0EF	#FFFFFF
669	#FFFEFE	#FFFFFF
670	#EFECF6	#FEFEFE
671	#EFDBD9	#FEFEFE
672	#EAE7F4	#FEFEFE
673	#FBF6F5	#FFFFFF
674	#F1E0DE	#FEFEFE
675	#F6EAE8	#FEFEFE
676	#FAF9FC	#FFFFFF
677	#E4C4C0	#FDFDFD
678	#F3F2F9	#FEFEFE
679	#FCF8F7	#FFFFFF
680	#E9CFCC	#FDFDFD
681	#FCF7F7	#FFFFFF
682	#F6F5FA	#FFFFFF
683	#E5E1F1	#FDFDFD
684	#E5E1F1	#FDFDFD
685	#FDFDFE	#FFFFFF
686	#FFFFFF	#FFFFFF
687	#F9F1F0	#FFFFFF
688	#F3E4E2	#FEFEFE
689	#FDFDFE	#FFFFFF
690	#F5F4FA	#FFFFFF
691	#F6EBE9	#FEFEFE
692	#F7F5FB	#FFFFFF
693	#F6F5FA	#FFFFFF
694	#F8F7FB	#FFFFFF
695	#FBFAFD	#FFFFFF
696	#F2F0F8	#FEFEFE
697	#D0CAE5	#FCFCFC
698	#F3F1F9	#FEFEFE
699	#FEFEFE	#FFFFFF
700	#D8D3EA	#FBFBFB
701	#FDFCFE	#FFFFFF
703	#E8CECA	#FEFEFE
704	#CCC5E3	#FDFDFD
705	#E1BEBA	#FDFDFD
706	#F2F0F8	#FFFFFF
707	#FBFBFD	#FFFFFF
708	#F7EDEB	#FFFFFF
709	#E5E2F1	#FEFEFE
710	#A79DCF	#FBFBFB
711	#E6E3F2	#FEFEFE
712	#CCC5E3	#FDFDFD
713	#E5E1F1	#FDFDFD
714	#F7ECEA	#FFFFFF
715	#FAFAFC	#FFFFFF
716	#F1E0DE	#FEFEFE
717	#EFDBD9	#FEFEFE
718	#F6F5FA	#FFFFFF
719	#EFDCD9	#FEFEFE
720	#F6F5FA	#FFFFFF
721	#E6E3F1	#FEFEFE
722	#E8E4F2	#FEFEFE
723	#F1EFF8	#FFFFFF
724	#FDFCFE	#FFFFFF
725	#F0EEF7	#FEFEFE
726	#F3E5E3	#FEFEFE
727	#DBD6EB	#FCFCFC
728	#EFDCD9	#FDFDFD
729	#F2F0F8	#FEFEFE
730	#FCF9F9	#FFFFFF
731	#F6F5FA	#FFFFFF
732	#FFFEFE	#FFFFFF
733	#FCFCFD	#FFFFFF
734	#F6EAE8	#FEFEFE
735	#ECE9F5	#FEFEFE
736	#F8EEED	#FEFEFE
737	#F3E3E1	#FEFEFE
738	#FCF8F8	#FFFFFF
739	#F5F3F9	#FFFFFF
740	#FBF5F4	#FFFFFF
741	#F0EEF7	#FEFEFE
742	#F0DCDA	#FEFEFE
743	#FBFBFD	#FFFFFF
744	#F1E0DE	#FEFEFE
745	#FBFBFD	#FFFFFF
746	#FDFBFA	#FFFFFF
747	#DDD9ED	#FDFDFD
748	#E9CECA	#FDFDFD
749	#FDFAFA	#FFFFFF
750	#FDFDFE	#FFFFFF
751	#FEFCFC	#FFFFFF
752	#EDD7D4	#FDFDFD
753	#F9F2F1	#FFFFFF
754	#CDC7E4	#FCFCFC
755	#FEFCFC	#FFFFFF
756	#E3DFF0	#FEFEFE
757	#EDEAF5	#FEFEFE
759	#F5E9E7	#FEFEFE
760	#EEECF6	#FFFFFF
761	#E6C8C4	#FDFDFD
762	#F8F7FB	#FFFFFF
763	#F0DCDA	#FEFEFE
764	#EEEBF6	#FEFEFE
765	#FEFDFC	#FFFFFF
766	#EEDAD7	#FEFEFE
767	#F9F1F0	#FFFFFF
768	#F0EEF7	#FEFEFE
769	#FDFDFE	#FFFFFF
770	#F5E9E8	#FEFEFE
771	#DED9ED	#FEFEFE
772	#F1EEF7	#FEFEFE
773	#FDFDFE	#FFFFFF
774	#F4E5E3	#FEFEFE
775	#FCF8F7	#FFFFFF
776	#F0EDF7	#FEFEFE
777	#F6EAE8	#FEFEFE
778	#EDD6D3	#FEFEFE
779	#FFFFFF	#FFFFFF
780	#FEFCFB	#FFFFFF
781	#ECEAF5	#FEFEFE
782	#FBF6F6	#FFFFFF
783	#E2C1BD	#FCFCFC
784	#FCFBFD	#FFFFFF
785	#DAB1AC	#FBFBFB
786	#E7CBC8	#FDFDFD
787	#FBF5F5	#FFFFFF
788	#F3F2F9	#FEFEFE
789	#F4E5E3	#FEFEFE
790	#FBF5F4	#FFFFFF
791	#F8EFEE	#FEFEFE
792	#FCF8F7	#FFFFFF
793	#E2C0BC	#FDFDFD
794	#E5E2F1	#FEFEFE
795	#EDEAF5	#FEFEFE
796	#DDD9ED	#FDFDFD
797	#FAF3F3	#FFFFFF
798	#F1F0F8	#FEFEFE
799	#F3E5E3	#FEFEFE
800	#F5F4FA	#FFFFFF
801	#EFEDF7	#FEFEFE
802	#E6E2F1	#FEFEFE
804	#E5E1F1	#FEFEFE
805	#EEECF6	#FEFEFE
806	#FDFBFA	#FFFFFF
807	#DDD8EC	#FEFEFE
808	#D9D4EA	#FCFCFC
809	#E9CECB	#FEFEFE
810	#F7ECEB	#FFFFFF
811	#E4E1F1	#FEFEFE
812	#E5E2F1	#FEFEFE
813	#F6F5FA	#FFFFFF
814	#E4C4C0	#FDFDFD
815	#DEDAED	#FEFEFE
816	#9B90C8	#FAFAFA
817	#FBF6F5	#FFFFFF
818	#F7ECEB	#FFFFFF
819	#FBF5F4	#FFFFFF
820	#FCF9F8	#FFFFFF
821	#FBFAFD	#FFFFFF
822	#F8EEED	#FFFFFF
823	#F2F0F8	#FEFEFE
824	#E5E2F1	#FEFEFE
825	#EAE7F4	#FEFEFE
826	#F6F5FA	#FFFFFF
827	#F3F1F9	#FEFEFE
828	#F2E2E0	#FEFEFE
829	#F4E7E5	#FEFEFE
830	#DFDAED	#FDFDFD
831	#E9CECB	#FDFDFD
832	#F5F4FA	#FFFFFF
833	#AEA5D3	#FCFCFC
834	#F2F0F8	#FEFEFE
835	#F6F5FA	#FFFFFF
836	#EFECF6	#FEFEFE
837	#F8F0EF	#FEFEFE
838	#FBFAFD	#FFFFFF
839	#F3F2F9	#FEFEFE
840	#F5F4FA	#FFFFFF
841	#F4F3F9	#FFFFFF
842	#FAF4F3	#FFFFFF
843	#E1DDEF	#FDFDFD
844	#D4CEE7	#FDFDFD
845	#FBFBFD	#FFFFFF
846	#FEFDFE	#FFFFFF
847	#FCF7F7	#FFFFFF
848	#F3E5E3	#FEFEFE
849	#FAF9FC	#FFFFFF
850	#FCF8F7	#FFFFFF
851	#DEDAED	#FEFEFE
852	#E8E5F3	#FEFEFE
853	#FFFFFF	#FFFFFF
854	#FCFBFD	#FFFFFF
855	#F3E5E3	#FEFEFE
856	#FBFBFD	#FFFFFF
857	#CBC5E3	#FDFDFD
858	#D4CEE8	#FDFDFD
860	#FEFDFD	#FFFFFF
861	#F4E6E4	#FEFEFE
862	#E9E5F3	#FEFEFE
863	#F3E3E1	#FEFEFE
864	#E5E1F1	#FEFEFE
865	#E4C4C0	#FDFDFD
866	#F6F5FA	#FFFFFF
867	#F1DFDD	#FEFEFE
868	#F6EBE9	#FEFEFE
869	#F9F0EF	#FFFFFF
870	#E6E3F2	#FEFEFE
871	#E5E1F1	#FDFDFD
872	#FBF6F6	#FFFFFF
873	#FDFAFA	#FFFFFF
874	#E1BEBA	#FBFBFB
875	#FBFBFD	#FFFFFF
876	#FDFCFE	#FFFFFF
877	#F5F4FA	#FEFEFE
878	#F6F4FA	#FFFFFF
879	#F5E9E7	#FEFEFE
880	#F7ECEB	#FEFEFE
881	#ECD4D1	#FDFDFD
882	#FDFBFA	#FFFFFF
883	#FBFAFD	#FFFFFF
884	#D9AFAA	#FBFBFB
885	#EFDCD9	#FEFEFE
886	#FCF8F8	#FFFFFF
887	#FAF4F3	#FFFFFF
888	#F0DEDB	#FDFDFD
889	#F6EAE9	#FEFEFE
890	#F5E9E8	#FEFEFE
891	#F4E5E3	#FEFEFE
892	#FCF8F7	#FFFFFF
893	#EBE9F4	#FEFEFE
894	#F5F4FA	#FFFFFF
895	#E2DDEF	#FCFCFC
896	#FAF3F3	#FFFFFF
897	#E6E2F1	#FEFEFE
898	#FEFEFF	#FFFFFF
899	#FBFBFD	#FFFFFF
900	#EBE8F4	#FEFEFE
901	#FBF6F5	#FFFFFF
902	#EFEDF7	#FEFEFE
903	#E8E5F3	#FEFEFE
905	#FEFDFD	#FFFFFF
906	#FEFCFC	#FFFFFF
907	#FAF9FC	#FFFFFF
908	#F3F1F8	#FFFFFF
909	#F7EDEB	#FFFFFF
910	#EBE8F4	#FEFEFE
911	#EFDCDA	#FEFEFE
912	#ECD5D1	#FEFEFE
913	#D6D1E9	#FCFCFC
914	#EAE8F4	#FEFEFE
915	#E6E3F1	#FEFEFE
916	#D9B0AA	#FDFDFD
917	#E4E1F1	#FEFEFE
918	#D4CEE7	#FDFDFD
919	#E4C4C0	#FDFDFD
920	#EDD7D4	#FEFEFE
921	#E9E6F3	#FEFEFE
922	#FDFAFA	#FFFFFF
923	#ECD6D3	#FEFEFE
924	#EEECF6	#FEFEFE
925	#FBF6F6	#FFFFFF
926	#E1BEB9	#FDFDFD
927	#E9E6F3	#FEFEFE
928	#FBFAFD	#FFFFFF
929	#EBD4D1	#FDFDFD
930	#FCF9F9	#FFFFFF
931	#EEECF6	#FEFEFE
932	#FCFBFD	#FFFFFF
933	#F5E7E5	#FEFEFE
934	#EEECF6	#FFFFFF
935	#FFFFFF	#FFFFFF
936	#F3E4E2	#FEFEFE
937	#E7CBC8	#FCFCFC
938	#EBE8F4	#FEFEFE
939	#FBF5F4	#FFFFFF
940	#F3E3E1	#FEFEFE
941	#FFFEFE	#FFFFFF
942	#FBF7F6	#FFFFFF
943	#F7F6FB	#FFFFFF
944	#EEECF6	#FEFEFE
945	#F2F0F8	#FEFEFE
946	#FFFEFE	#FFFFFF
947	#F9F8FC	#FFFFFF
948	#EBE8F4	#FEFEFE
949	#F0EDF7	#FEFEFE
950	#E7E4F2	#FEFEFE
951	#F1E0DE	#FEFEFE
952	#FAF9FC	#FFFFFF
953	#F4F3F9	#FEFEFE
954	#FFFEFE	#FFFFFF
955	#FDFAFA	#FFFFFF
956	#F9F1F0	#FFFFFF
957	#E3C3BF	#FDFDFD
958	#E8E4F2	#FEFEFE
959	#EEECF6	#FEFEFE
961	#EDEAF5	#FEFEFE
962	#F1E0DE	#FEFEFE
963	#FCF8F7	#FFFFFF
964	#F7F5FA	#FFFFFF
965	#E9CECA	#FEFEFE
966	#FDFCFE	#FFFFFF
967	#F0DDDA	#FEFEFE
968	#FAF9FC	#FFFFFF
969	#CF9D97	#FCFCFC
970	#F3F1F8	#FFFFFF
971	#F3E5E3	#FEFEFE
972	#E3DFF0	#FEFEFE
973	#EEEBF6	#FEFEFE
974	#ECE9F5	#FEFEFE
975	#FFFEFE	#FFFFFF
976	#F0EEF7	#FEFEFE
977	#E7E3F2	#FDFDFD
978	#CBC4E3	#FAFAFA
979	#F8EFEE	#FEFEFE
980	#FDFCFE	#FFFFFF
981	#D7ACA6	#FBFBFB
982	#EED9D6	#FDFDFD
983	#EEECF6	#FFFFFF
984	#E5E1F1	#FEFEFE
985	#FCFBFD	#FFFFFF
986	#FFFEFE	#FFFFFF
987	#EEECF6	#FEFEFE
988	#F7EDEC	#FEFEFE
989	#F7EDEC	#FEFEFE
990	#F8F7FB	#FFFFFF
991	#FBF6F5	#FFFFFF
992	#E8E5F3	#FEFEFE
993	#FFFEFE	#FFFFFF
994	#C0837C	#FAFAFA
995	#C4BDDF	#FCFCFC
996	#F2F0F8	#FEFEFE
997	#E2DEEF	#FCFCFC
998	#EFEDF6	#FEFEFE
999	#E8E4F2	#FEFEFE
1000	#F8F7FB	#FFFFFF
1001	#FDFBFB	#FFFFFF
1002	#F2F0F8	#FEFEFE
1003	#FCF7F7	#FFFFFF
1004	#F8EFEE	#FEFEFE
1006	#EAD0CD	#FDFDFD
1007	#E5E1F1	#FEFEFE
1008	#ECD6D3	#FEFEFE
1009	#FFFFFF	#FFFFFF
1010	#EFEDF6	#FEFEFE
1011	#F7ECEB	#FFFFFF
1012	#F7EDEC	#FEFEFE
1013	#F7ECEB	#FFFFFF
1014	#EBD4D0	#FEFEFE
1015	#F6F5FA	#FFFFFF
1016	#FFFEFE	#FFFFFF
1017	#EFDCD9	#FEFEFE
1018	#F2E2E0	#FEFEFE
1019	#ECD5D2	#FEFEFE
1020	#EFDCD9	#FEFEFE
1021	#F4E7E5	#FEFEFE
1022	#F2F0F8	#FEFEFE
1023	#E8CDCA	#FEFEFE
1024	#D4CEE8	#FDFDFD
1025	#E5E1F1	#FEFEFE
1026	#F8EFEE	#FEFEFE
1027	#F5F3FA	#FFFFFF
1028	#FEFCFC	#FFFFFF
1029	#E6C8C4	#FDFDFD
1030	#FAFAFD	#FFFFFF
1031	#F6EAE8	#FEFEFE
1032	#EED9D6	#FEFEFE
1033	#FBFAFD	#FFFFFF
1034	#FCFBFD	#FFFFFF
1035	#BEB6DC	#FCFCFC
1036	#F0EEF7	#FEFEFE
1037	#FEFDFD	#FFFFFF
1038	#EAD2CE	#FBFBFB
1039	#F5E7E6	#FEFEFE
1040	#FFFEFE	#FFFFFF
1041	#F6F5FA	#FFFFFF
1042	#F7F5FA	#FFFFFF
1043	#F4F2F9	#FEFEFE
1044	#F5E7E5	#FEFEFE
1045	#FBF5F4	#FFFFFF
1046	#F7ECEA	#FFFFFF
1047	#F0DEDB	#FEFEFE
1048	#FFFEFE	#FFFFFF
1049	#D6D0E9	#FCFCFC
1050	#E9E6F3	#FEFEFE
1051	#F1E0DE	#FEFEFE
1052	#F6EAE9	#FEFEFE
1053	#FFFFFF	#FFFFFF
1054	#FEFCFB	#FFFFFF
1055	#FBF5F4	#FFFFFF
1056	#C68D87	#FBFBFB
1057	#F7EEEC	#FFFFFF
1058	#F5E7E5	#FEFEFE
1059	#FEFEFD	#FFFFFF
1060	#F7EDEC	#FEFEFE
1062	#F8EEED	#FFFFFF
1063	#FBF6F5	#FFFFFF
1064	#FBF6F5	#FFFFFF
1065	#D7D1E9	#FDFDFD
1066	#EDEAF5	#FEFEFE
1067	#E3C3BF	#FDFDFD
1068	#D7D2E9	#FDFDFD
1069	#F4E7E5	#FEFEFE
1070	#FFFFFF	#FFFFFF
1071	#EFEDF7	#FFFFFF
1072	#F9F1F0	#FFFFFF
1073	#E1DDEF	#FDFDFD
1074	#D3CDE7	#FDFDFD
1075	#FFFEFE	#FFFFFF
1076	#ECE9F5	#FEFEFE
1077	#F5F4FA	#FFFFFF
1078	#D8D3EA	#FCFCFC
1079	#E4E1F1	#FDFDFD
1080	#EEEBF6	#FEFEFE
1081	#FCFBFD	#FFFFFF
1082	#FDFBFA	#FFFFFF
1083	#FDFCFE	#FFFFFF
1084	#F6F5FA	#FFFFFF
1085	#EAE7F4	#FEFEFE
1086	#CF9D97	#FCFCFC
1087	#FAF3F2	#FFFFFF
1088	#F3E3E1	#FDFDFD
1089	#FAF3F2	#FFFFFF
1090	#FBF7F6	#FFFFFF
1091	#D5A8A3	#FAFAFA
1092	#F9F1F0	#FEFEFE
1093	#F2F0F8	#FEFEFE
1094	#FAF9FC	#FFFFFF
1095	#E9E5F3	#FEFEFE
1096	#EBE8F4	#FEFEFE
1097	#F3E4E2	#FEFEFE
1098	#FCF9F8	#FFFFFF
1099	#F8F7FB	#FFFFFF
1100	#E2DEEF	#FDFDFD
1101	#FEFDFE	#FFFFFF
1102	#F6EAE9	#FEFEFE
1103	#E6E2F1	#FEFEFE
1104	#F2F0F8	#FEFEFE
1105	#EDEAF5	#FEFEFE
1107	#EDEBF5	#FEFEFE
1108	#E5E1F1	#FEFEFE
1109	#FEFDFD	#FFFFFF
1110	#CDC7E4	#FCFCFC
1111	#FAFAFC	#FFFFFF
1112	#EED9D7	#FEFEFE
1113	#CB9690	#FCFCFC
1114	#E4E0F0	#FEFEFE
1115	#EDEAF5	#FEFEFE
1116	#FBF6F6	#FFFFFF
1117	#F8F6FB	#FFFFFF
1118	#F5F4FA	#FFFFFF
1119	#EED9D6	#FEFEFE
1120	#DFBCB7	#FCFCFC
1121	#F9F9FC	#FFFFFF
1122	#DDB7B2	#FCFCFC
1123	#E6C8C4	#FDFDFD
1124	#ECE9F5	#FEFEFE
1125	#F9F2F1	#FFFFFF
1126	#FAF4F3	#FFFFFF
1127	#FDFAF9	#FFFFFF
1128	#F9F9FC	#FFFFFF
1129	#FFFFFF	#FFFFFF
1130	#EDEAF5	#FEFEFE
1131	#FDFCFE	#FFFFFF
1132	#DDD8ED	#FCFCFC
1133	#F2E1DF	#FEFEFE
1134	#F6EAE8	#FEFEFE
1135	#F1E0DE	#FEFEFE
1136	#E6E2F1	#FEFEFE
1137	#FEFDFD	#FFFFFF
1138	#DCB5B0	#FAFAFA
1139	#F2E1DE	#FDFDFD
1140	#ECD4D1	#FDFDFD
1141	#FAF2F1	#FEFEFE
1142	#F3F1F8	#FEFEFE
1143	#FFFEFE	#FFFFFF
1144	#DED9ED	#FDFDFD
1145	#F1EFF8	#FEFEFE
1146	#F4E6E5	#FEFEFE
1147	#EFECF6	#FFFFFF
1148	#F9F8FC	#FFFFFF
1149	#F6F5FA	#FFFFFF
1150	#FDFDFE	#FFFFFF
1151	#F6F4FA	#FFFFFF
1152	#D6D1E9	#FDFDFD
1153	#FDFBFA	#FFFFFF
1154	#F9F2F1	#FFFFFF
1155	#FAFAFD	#FFFFFF
1156	#FBF7F6	#FFFFFF
1157	#E3DFF0	#FEFEFE
1158	#DBD7EC	#FEFEFE
1159	#EEECF6	#FFFFFF
1160	#E9CECA	#FEFEFE
1161	#FDFDFE	#FFFFFF
1163	#E4C4C0	#FDFDFD
1164	#EED9D6	#FEFEFE
1165	#F1EFF8	#FEFEFE
1166	#FFFEFE	#FFFFFF
1167	#F7EDEB	#FFFFFF
1168	#F2F0F8	#FEFEFE
1169	#FCF7F7	#FFFFFF
1170	#FFFFFF	#FFFFFF
1171	#F2E1DF	#FEFEFE
1172	#FAF4F3	#FFFFFF
1173	#F0DDDB	#FEFEFE
1174	#ECE9F5	#FEFEFE
1175	#FFFFFF	#FFFFFF
1176	#FFFFFF	#FFFFFF
1177	#FDFDFE	#FFFFFF
1178	#F8EEED	#FEFEFE
1179	#F7F6FB	#FFFFFF
1180	#F8F7FB	#FFFFFF
1181	#F6F5FA	#FFFFFF
1182	#FBF6F5	#FFFFFF
1183	#FBF5F5	#FFFFFF
1184	#FBFBFD	#FFFFFF
1185	#F2F0F8	#FEFEFE
1186	#F9F1F0	#FFFFFF
1187	#D9D3EA	#FDFDFD
1188	#D1CBE6	#FCFCFC
1189	#F5E8E6	#FEFEFE
1190	#E8E4F2	#FEFEFE
1191	#F6F5FA	#FFFFFF
1192	#FAF2F1	#FFFFFF
1193	#F4E5E4	#FDFDFD
1194	#F8EFED	#FEFEFE
1195	#F6EAE8	#FEFEFE
1196	#DFBBB6	#FBFBFB
1197	#FDFBFA	#FFFFFF
1198	#DEB9B4	#FCFCFC
1199	#CF9D97	#FCFCFC
1200	#F9F1F0	#FFFFFF
1201	#D3A49F	#FCFCFC
1202	#C9928B	#FBFBFB
1203	#F9F8FC	#FFFFFF
1204	#FBF5F5	#FFFFFF
1205	#ECD4D1	#FEFEFE
1206	#E2C0BB	#FDFDFD
1208	#EAE7F4	#FEFEFE
1209	#E4E1F1	#FEFEFE
1210	#E6E3F1	#FEFEFE
1211	#F2F0F8	#FEFEFE
1212	#F9F8FC	#FFFFFF
1213	#EFDCD9	#FEFEFE
1214	#E2C1BC	#FDFDFD
1215	#E3C3BF	#FDFDFD
1216	#F1EFF8	#FEFEFE
1217	#F2F0F8	#FEFEFE
1218	#F6F5FA	#FFFFFF
1219	#E5E2F1	#FDFDFD
1220	#E4E0F0	#FDFDFD
1221	#FEFDFC	#FFFFFF
1222	#FDFBFA	#FFFFFF
1223	#FBFBFD	#FFFFFF
1224	#FCF7F6	#FFFFFF
1225	#F1E0DD	#FEFEFE
1226	#F3E4E2	#FEFEFE
1227	#F0DDDB	#FEFEFE
1228	#FBFAFD	#FFFFFF
1229	#F8EEED	#FEFEFE
1230	#FDFBFA	#FFFFFF
1231	#FEFDFE	#FFFFFF
1232	#F4E6E4	#FEFEFE
1233	#FEFEFE	#FFFFFF
1234	#F8F7FB	#FFFFFF
1235	#FAF9FC	#FFFFFF
1236	#F1EFF7	#FEFEFE
1237	#FFFEFE	#FFFFFF
1238	#EED9D6	#FEFEFE
1239	#FDFBFB	#FFFFFF
1240	#D1CBE6	#FBFBFB
1241	#DCD7EC	#FDFDFD
1242	#FFFEFF	#FFFFFF
1243	#F6EAE9	#FEFEFE
1244	#F0EDF7	#FEFEFE
1245	#FEFCFB	#FFFFFF
1246	#F0DEDB	#FEFEFE
1247	#EDD6D3	#FDFDFD
1248	#F1F0F8	#FEFEFE
1249	#F1E0DE	#FEFEFE
1250	#DBB4AF	#FCFCFC
1251	#FAF4F3	#FFFFFF
1252	#EAD0CD	#FDFDFD
1253	#F9F1F0	#FFFFFF
1254	#C1847D	#FAFAFA
1255	#F5E7E6	#FEFEFE
1256	#D9B0AB	#FDFDFD
1257	#FFFFFF	#FFFFFF
1258	#FDFAFA	#FFFFFF
1259	#E5E1F1	#FEFEFE
1260	#EDEAF5	#FEFEFE
1261	#FDFCFE	#FFFFFF
1262	#FBFAFD	#FFFFFF
1264	#AEA5D3	#FCFCFC
1265	#F3E5E3	#FEFEFE
1266	#EFEDF6	#FEFEFE
1267	#F3F1F9	#FEFEFE
1268	#E9CECA	#FEFEFE
1269	#E6E3F2	#FEFEFE
1270	#F9F2F1	#FFFFFF
1271	#ECE9F5	#FEFEFE
1272	#F2F0F8	#FEFEFE
1273	#E5E1F1	#FEFEFE
1274	#FBF6F5	#FFFFFF
1275	#FFFFFF	#FFFFFF
1276	#D3CDE7	#FCFCFC
1277	#E7CBC8	#FDFDFD
1278	#E6E2F1	#FEFEFE
1279	#F1DFDD	#FEFEFE
1280	#F4E6E4	#FEFEFE
1281	#EDEBF5	#FEFEFE
1282	#EAE7F4	#FDFDFD
1283	#EDEBF5	#FEFEFE
1284	#FAF9FC	#FFFFFF
1285	#F6F4FA	#FEFEFE
1286	#E8E5F3	#FEFEFE
1287	#F9F9FC	#FFFFFF
1288	#F3F1F8	#FFFFFF
1289	#F9F1F0	#FFFFFF
1290	#FCF7F6	#FFFFFF
1291	#EFDBD8	#FDFDFD
1292	#EFEDF6	#FEFEFE
1293	#F6F4FA	#FFFFFF
1294	#EED9D6	#FEFEFE
1295	#F0EDF7	#FEFEFE
1296	#FBFAFD	#FFFFFF
1297	#F8EEED	#FEFEFE
1298	#FEFCFC	#FFFFFF
1299	#FCF9F8	#FFFFFF
1300	#FDFBFB	#FFFFFF
1301	#F9F8FC	#FFFFFF
1302	#FDFBFB	#FFFFFF
1303	#F1E0DE	#FEFEFE
1304	#EAE7F4	#FEFEFE
1305	#E9E5F3	#FEFEFE
1306	#CEC8E4	#FCFCFC
1307	#F7EDEC	#FEFEFE
1309	#D1CBE6	#FCFCFC
1310	#FCFBFD	#FFFFFF
1311	#E3C4BF	#FDFDFD
1312	#FBF6F5	#FFFFFF
1313	#E1BEB9	#FEFEFE
1314	#FEFCFB	#FFFFFF
1315	#B7AFD8	#FDFDFD
1316	#FBF6F5	#FFFFFF
1317	#FBF6F5	#FFFFFF
1318	#DEDAED	#FDFDFD
1319	#E4E0F0	#FEFEFE
1320	#FBFAFD	#FFFFFF
1321	#EAE7F4	#FEFEFE
1322	#E8E4F2	#FEFEFE
1323	#F6F5FA	#FFFFFF
1324	#E3DFF0	#FEFEFE
1325	#FEFDFD	#FFFFFF
1326	#E6E3F1	#FEFEFE
1327	#A399CD	#F8F8F8
1328	#D2CCE7	#FCFCFC
1329	#E2DEF0	#FDFDFD
1330	#EDEAF5	#FEFEFE
1331	#FBF6F5	#FFFFFF
1332	#FFFFFF	#FFFFFF
1333	#F9F1F0	#FFFFFF
1334	#FCFBFD	#FFFFFF
1335	#DDD9ED	#FDFDFD
1336	#FEFDFD	#FFFFFF
1337	#F2F0F8	#FEFEFE
1338	#F6F4FA	#FFFFFF
1339	#F4E6E4	#FEFEFE
1340	#F6EAE8	#FEFEFE
1341	#FEFEFE	#FFFFFF
1342	#FFFEFE	#FFFFFF
1343	#E4E1F1	#FEFEFE
1344	#F5F3FA	#FEFEFE
1345	#EAE7F3	#FEFEFE
1346	#F2F0F8	#FEFEFE
1347	#EFEDF7	#FEFEFE
1348	#FFFEFE	#FFFFFF
1349	#FEFDFC	#FFFFFF
1350	#F2F0F8	#FEFEFE
1351	#F8EEED	#FFFFFF
1352	#E9E5F3	#FEFEFE
1353	#F9F1F0	#FFFFFF
1354	#F2E2E0	#FEFEFE
1355	#F9F1F0	#FFFFFF
1356	#E8E5F3	#FEFEFE
1357	#EDEAF5	#FEFEFE
1358	#DEDAED	#FEFEFE
1359	#E4C4C0	#FDFDFD
1360	#EED9D7	#FEFEFE
1361	#F4E5E3	#FEFEFE
1362	#F7EDEC	#FEFEFE
1363	#F3F1F8	#FFFFFF
1365	#FBF6F5	#FFFFFF
1366	#E4E1F1	#FEFEFE
1367	#E8E5F3	#FEFEFE
1368	#EEECF6	#FFFFFF
1369	#F6EAE8	#FEFEFE
1370	#FFFFFF	#FFFFFF
1371	#F2F0F8	#FEFEFE
1372	#FEFDFE	#FFFFFF
1373	#E3DFF0	#FEFEFE
1374	#FCF7F6	#FFFFFF
1375	#FDFCFE	#FFFFFF
1376	#FAF4F3	#FFFFFF
1377	#EEECF6	#FFFFFF
1378	#F2E1DE	#FEFEFE
1379	#E9CECA	#FEFEFE
1380	#F9F0EF	#FEFEFE
1381	#DDD8ED	#FDFDFD
1382	#FCF8F7	#FFFFFF
1383	#F2F0F8	#FEFEFE
1384	#F8EEED	#FEFEFE
1385	#FDFCFE	#FFFFFF
1386	#F2F0F8	#FFFFFF
1387	#FEFDFD	#FFFFFF
1388	#FDFAFA	#FFFFFF
1389	#EFEDF7	#FEFEFE
1390	#F8EFEE	#FEFEFE
1391	#EFDCDA	#FEFEFE
1392	#F6F4FA	#FFFFFF
1393	#E4C4C0	#FCFCFC
1394	#EDEBF5	#FEFEFE
1395	#FDFBFB	#FFFFFF
1396	#F6F4FA	#FFFFFF
1397	#F3F1F8	#FEFEFE
1398	#FCF9F8	#FFFFFF
1399	#FCF7F7	#FFFFFF
1400	#FCF8F7	#FFFFFF
1401	#EAE7F4	#FEFEFE
1402	#E5C8C4	#FDFDFD
1403	#F2F1F8	#FFFFFF
1404	#F1EFF7	#FEFEFE
1405	#FDFCFE	#FFFFFF
1406	#FEFEFE	#FFFFFF
1407	#EBE8F4	#FEFEFE
1408	#FCF8F7	#FFFFFF
1410	#FBF6F6	#FFFFFF
1411	#FBFAFD	#FFFFFF
1412	#F4E5E3	#FEFEFE
1413	#ECD5D2	#FEFEFE
1414	#FEFDFD	#FFFFFF
1415	#F9F1EF	#FFFFFF
1416	#DEB9B4	#FCFCFC
1417	#EAE7F3	#FEFEFE
1418	#E8E5F3	#FEFEFE
1419	#FFFFFF	#FFFFFF
1420	#FBF6F6	#FFFFFF
1421	#F7ECEB	#FFFFFF
1422	#E3DFF0	#FEFEFE
1423	#F9F8FC	#FFFFFF
1424	#F6F5FA	#FFFFFF
1425	#B7AFD8	#FAFAFA
1426	#F9F1F0	#FFFFFF
1427	#F7ECEB	#FEFEFE
1428	#E6E3F1	#FEFEFE
1429	#E1BEB9	#FDFDFD
1430	#F0EDF7	#FEFEFE
1431	#EDD7D4	#FEFEFE
1432	#F3E4E2	#FEFEFE
1433	#EAE7F4	#FEFEFE
1434	#F5E8E6	#FEFEFE
1435	#F1EFF8	#FEFEFE
1436	#E5E1F1	#FDFDFD
1437	#F9F2F1	#FFFFFF
1438	#F6EBE9	#FEFEFE
1439	#FCFBFD	#FFFFFF
1440	#EBD3CF	#FDFDFD
1441	#F4E5E4	#FEFEFE
1442	#FBFBFD	#FFFFFF
1443	#DED9ED	#FDFDFD
1444	#FFFEFE	#FFFFFF
1445	#DDB8B3	#FCFCFC
1446	#F8F0EF	#FEFEFE
1447	#F2E2E0	#FEFEFE
1448	#FDFBFB	#FFFFFF
1449	#EEEBF6	#FEFEFE
1450	#E1BEBA	#FDFDFD
1451	#DAD5EB	#FCFCFC
1452	#F9F2F1	#FFFFFF
1453	#E6E2F1	#FEFEFE
1454	#FAF4F3	#FFFFFF
1455	#DDD8EC	#FDFDFD
1456	#FCF8F8	#FFFFFF
1457	#FCF8F7	#FFFFFF
1458	#F2F0F8	#FEFEFE
1459	#F2E2E0	#FEFEFE
1460	#FCFBFD	#FFFFFF
1461	#F7EDEC	#FEFEFE
1462	#FBFBFD	#FFFFFF
1463	#EEECF6	#FFFFFF
1464	#F2F0F8	#FFFFFF
1466	#F6F5FA	#FFFFFF
1467	#ECD5D2	#FEFEFE
1468	#FBFBFD	#FFFFFF
1469	#FEFDFD	#FFFFFF
1470	#FFFEFE	#FFFFFF
1471	#E9E6F3	#FEFEFE
1472	#ECD4D1	#FDFDFD
1473	#DFDBEE	#FDFDFD
1474	#ECE9F5	#FEFEFE
1475	#F9F0EF	#FFFFFF
1476	#F3E4E2	#FEFEFE
1477	#F8EEED	#FEFEFE
1478	#ECEAF5	#FEFEFE
1479	#FCF7F6	#FFFFFF
1480	#EDEAF5	#FEFEFE
1481	#F8F7FB	#FFFFFF
1482	#F8F7FB	#FFFFFF
1483	#EFECF6	#FEFEFE
1484	#F6F5FA	#FFFFFF
1485	#F5E8E6	#FEFEFE
1486	#ECD6D3	#FEFEFE
1487	#E5E1F1	#FDFDFD
1488	#F4E7E5	#FEFEFE
1489	#FBF6F5	#FFFFFF
1490	#E1DDEF	#FDFDFD
1491	#EED8D6	#FEFEFE
1492	#FDFCFE	#FFFFFF
1493	#F0DDDA	#FEFEFE
1494	#DFBCB7	#FCFCFC
1495	#FFFEFE	#FFFFFF
1496	#FCF7F7	#FFFFFF
1497	#FEFEFE	#FFFFFF
1498	#FFFFFF	#FFFFFF
1499	#E9CFCC	#FDFDFD
1500	#D4CEE7	#FDFDFD
1501	#EDD6D3	#FDFDFD
1502	#FBF5F5	#FFFFFF
1503	#F7ECEA	#FEFEFE
1504	#FAF4F4	#FFFFFF
1505	#EAE7F4	#FEFEFE
1506	#F2F0F8	#FEFEFE
1507	#E5E1F1	#FDFDFD
1508	#EFEDF6	#FEFEFE
1509	#FBF6F6	#FFFFFF
1511	#CDC7E4	#FDFDFD
1512	#F9F9FC	#FFFFFF
1513	#ECD5D2	#FEFEFE
1514	#C3BBDE	#FDFDFD
1515	#D4CFE8	#FEFEFE
1516	#FDFBFA	#FFFFFF
1517	#E7E4F2	#FEFEFE
1518	#FBF6F6	#FFFFFF
1519	#F2F0F8	#FFFFFF
1520	#EED9D6	#FEFEFE
1521	#FBF6F6	#FFFFFF
1522	#D7D2E9	#FDFDFD
1523	#E5E1F1	#FEFEFE
1524	#FFFEFE	#FFFFFF
1525	#EEECF6	#FEFEFE
1526	#F9F2F1	#FFFFFF
1527	#F6F4FA	#FFFFFF
1528	#F4E5E4	#FEFEFE
1529	#DFDAEE	#FEFEFE
1530	#FBFAFD	#FFFFFF
1531	#E6C8C4	#FDFDFD
1532	#D4CFE8	#FEFEFE
1533	#F7ECEA	#FEFEFE
1534	#FDFAFA	#FFFFFF
1535	#ECD5D2	#FEFEFE
1536	#CDC7E4	#FCFCFC
1537	#ECE9F5	#FEFEFE
1538	#F5F4FA	#FFFFFF
1539	#F2F0F8	#FEFEFE
1540	#FEFDFD	#FFFFFF
1541	#FAFAFC	#FFFFFF
1542	#EDD6D3	#FEFEFE
1543	#FFFFFF	#FFFFFF
1544	#FBFAFD	#FFFFFF
1545	#F9F0EF	#FFFFFF
1546	#FEFEFD	#FFFFFF
1547	#F5E7E6	#FEFEFE
1548	#F4E6E4	#FEFEFE
1549	#F5E8E6	#FEFEFE
1550	#F5F4FA	#FFFFFF
1551	#C48982	#FBFBFB
1552	#F1E0DD	#FEFEFE
1553	#F6F5FA	#FFFFFF
1554	#FCF7F7	#FFFFFF
1555	#E5E1F1	#FDFDFD
1556	#DEDAED	#FDFDFD
1557	#FBF5F5	#FFFFFF
1558	#FEFCFC	#FFFFFF
1559	#F7EDEB	#FEFEFE
1560	#F5F4FA	#FFFFFF
1561	#E3DFF0	#FEFEFE
1562	#FBFAFD	#FFFFFF
1563	#DDD8EC	#FEFEFE
1564	#E8E5F3	#FEFEFE
1565	#E9E6F3	#FEFEFE
1567	#F5E9E7	#FEFEFE
1568	#DCD7EC	#FEFEFE
1569	#EEEBF6	#FFFFFF
1570	#FCFBFD	#FFFFFF
1571	#FBF7F6	#FFFFFF
1572	#FDFAF9	#FFFFFF
1573	#ECD4D1	#FDFDFD
1574	#EEECF6	#FEFEFE
1575	#F9F2F1	#FFFFFF
1576	#E5E2F1	#FEFEFE
1577	#E8E5F2	#FEFEFE
1578	#FFFFFF	#FFFFFF
1579	#FDFBFB	#FFFFFF
1580	#FBFBFD	#FFFFFF
1581	#FAF9FC	#FFFFFF
1582	#F5F4FA	#FFFFFF
1583	#FDFAFA	#FFFFFF
1584	#FCFCFE	#FFFFFF
1585	#EAE6F3	#FEFEFE
1586	#F7EDEC	#FEFEFE
1587	#F6F5FA	#FFFFFF
1588	#F3F1F8	#FEFEFE
1589	#FAF3F2	#FFFFFF
1590	#FDFDFE	#FFFFFF
1591	#F0EEF7	#FEFEFE
1592	#FDFBFA	#FFFFFF
1593	#EED9D6	#FEFEFE
1594	#F5F4FA	#FFFFFF
1595	#C1BADD	#FBFBFB
1596	#F8F7FB	#FFFFFF
1597	#F6EAE8	#FEFEFE
1598	#F6EBEA	#FEFEFE
1599	#F5F4FA	#FFFFFF
1600	#FFFFFF	#FFFFFF
1601	#FFFFFF	#FFFFFF
1602	#F9F1F0	#FFFFFF
1603	#F9F1F0	#FEFEFE
1604	#F3E4E2	#FEFEFE
1605	#F2F0F8	#FEFEFE
1606	#F3F1F8	#FEFEFE
1607	#EED9D6	#FEFEFE
1608	#EDEAF5	#FEFEFE
1609	#FFFEFE	#FFFFFF
1610	#FEFEFE	#FFFFFF
1612	#FCF7F7	#FFFFFF
1613	#C28780	#FAFAFA
1614	#FBF6F6	#FFFFFF
1615	#E9E6F3	#FEFEFE
1616	#DCD7EC	#FEFEFE
1617	#EBD2CF	#FDFDFD
1618	#E1DDEF	#FDFDFD
1619	#FAF9FC	#FFFFFF
1620	#FFFEFE	#FFFFFF
1621	#EFEDF6	#FEFEFE
1622	#DDD8EC	#FEFEFE
1623	#F3F1F8	#FFFFFF
1624	#C2BADE	#FAFAFA
1625	#E5E1F1	#FEFEFE
1626	#F5E7E6	#FEFEFE
1627	#F7F6FB	#FFFFFF
1628	#E2C0BC	#FDFDFD
1629	#F9F8FC	#FFFFFF
1630	#DDD8ED	#FEFEFE
1631	#F9F1F0	#FFFFFF
1632	#EFDCD9	#FEFEFE
1633	#EFDCDA	#FEFEFE
1634	#FDFBFA	#FFFFFF
1635	#ECE9F4	#FEFEFE
1636	#F9F2F1	#FFFFFF
1637	#E2C0BC	#FCFCFC
1638	#FEFEFF	#FFFFFF
1639	#FFFEFE	#FFFFFF
1640	#F6F5FA	#FFFFFF
1641	#F7F5FA	#FFFFFF
1642	#FEFDFD	#FFFFFF
1643	#D3CDE7	#FCFCFC
1644	#FEFCFC	#FFFFFF
1645	#F9F8FC	#FFFFFF
1646	#FDFCFE	#FFFFFF
1647	#FDFBFB	#FFFFFF
1648	#F7EDEC	#FEFEFE
1649	#F4F2F9	#FEFEFE
1650	#E8E5F3	#FDFDFD
1651	#F1DFDD	#FEFEFE
1652	#E5E1F1	#FEFEFE
1653	#FAF3F3	#FFFFFF
1654	#F0EEF7	#FEFEFE
1655	#F8F7FB	#FFFFFF
1656	#E5E1F1	#FDFDFD
1657	#E6E2F1	#FEFEFE
1658	#F4F3F9	#FFFFFF
1659	#E7E4F2	#FEFEFE
1660	#FAF9FC	#FFFFFF
1661	#F6F5FA	#FFFFFF
1662	#CF9D97	#FCFCFC
1663	#FAF9FC	#FFFFFF
1664	#ECD5D2	#FEFEFE
1665	#FBFBFD	#FFFFFF
1666	#FBFBFD	#FFFFFF
1668	#FAF9FC	#FFFFFF
1669	#F4E6E4	#FEFEFE
1670	#E1BEBA	#FEFEFE
1671	#EBE8F4	#FEFEFE
1672	#F9F8FC	#FFFFFF
1673	#FEFCFC	#FFFFFF
1674	#EED9D6	#FEFEFE
1675	#EEECF6	#FEFEFE
1676	#FBF6F5	#FFFFFF
1677	#E7CBC8	#FCFCFC
1678	#F5F4FA	#FFFFFF
1679	#BA7972	#F9F9F9
1680	#F6F4FA	#FFFFFF
1681	#FDFBFA	#FFFFFF
1682	#F1E0DE	#FEFEFE
1683	#FAF4F3	#FFFFFF
1684	#F3E4E2	#FEFEFE
1685	#F6F5FA	#FFFFFF
1686	#EDD7D4	#FEFEFE
1687	#F5E7E5	#FEFEFE
1688	#FBFBFD	#FFFFFF
1689	#EAE7F4	#FEFEFE
1690	#EAE8F4	#FEFEFE
1691	#FBF6F6	#FFFFFF
1692	#FDFBFB	#FFFFFF
1693	#FEFCFC	#FFFFFF
1694	#E7E4F2	#FDFDFD
1695	#E9CFCC	#FDFDFD
1696	#F8EFEE	#FEFEFE
1697	#F7ECEB	#FFFFFF
1698	#F4E7E5	#FEFEFE
1699	#FCF9F9	#FFFFFF
1700	#F9F9FC	#FFFFFF
1701	#FFFFFF	#FFFFFF
1702	#FDFBFA	#FFFFFF
1703	#FFFFFF	#FFFFFF
1704	#F8EEED	#FEFEFE
1705	#EDEAF5	#FEFEFE
1706	#E9E5F3	#FEFEFE
1707	#FBF7F6	#FFFFFF
1708	#F2E2E0	#FEFEFE
1709	#FAF4F3	#FFFFFF
1710	#DDD9ED	#FDFDFD
1711	#FBFBFD	#FFFFFF
1713	#FBF6F5	#FFFFFF
1714	#EFECF6	#FFFFFF
1715	#D5CFE8	#FEFEFE
1716	#C6BFE0	#FCFCFC
1717	#D9AFAA	#FDFDFD
1718	#E2C0BC	#FDFDFD
1719	#FDFCFE	#FFFFFF
1720	#EFDCD9	#FEFEFE
1721	#EFEDF6	#FEFEFE
1722	#D5CFE8	#FDFDFD
1723	#FEFEFE	#FFFFFF
1724	#FEFDFC	#FFFFFF
1725	#F6F5FA	#FFFFFF
1726	#F9F1F0	#FFFFFF
1727	#F9F8FC	#FFFFFF
1728	#D8D3EA	#FDFDFD
1729	#FCF8F7	#FFFFFF
1730	#EED9D7	#FEFEFE
1731	#E5E1F1	#FEFEFE
1732	#ECE9F5	#FEFEFE
1733	#E6E2F1	#FEFEFE
1734	#F7EDEC	#FEFEFE
1735	#F7ECEB	#FEFEFE
1736	#EEEBF6	#FEFEFE
1737	#F5F3F9	#FFFFFF
1738	#D4CEE7	#FCFCFC
1739	#EBE8F4	#FEFEFE
1740	#F0DDDB	#FEFEFE
1741	#FBF6F6	#FFFFFF
1742	#EDD6D4	#FEFEFE
1743	#FFFFFF	#FFFFFF
1744	#DDD9ED	#FDFDFD
1745	#F6EAE9	#FEFEFE
1746	#EDEBF5	#FEFEFE
1747	#F6F5FA	#FFFFFF
1748	#E6C8C4	#FDFDFD
1749	#DEB9B5	#FCFCFC
1750	#FBF6F6	#FFFFFF
1751	#ECD5D2	#FDFDFD
1752	#F4E7E5	#FEFEFE
1753	#ECEAF5	#FEFEFE
1754	#FDFBFA	#FFFFFF
1755	#D3CDE7	#FBFBFB
1756	#FFFEFE	#FFFFFF
1757	#FEFEFF	#FFFFFF
1758	#F8EFEE	#FEFEFE
1759	#DED9ED	#FEFEFE
1760	#F9F0EF	#FFFFFF
1761	#FAFAFC	#FFFFFF
1762	#FAF4F3	#FFFFFF
1763	#E6C8C5	#FDFDFD
1764	#A79ECF	#FBFBFB
1765	#FBFAFD	#FFFFFF
1766	#FEFCFC	#FFFFFF
1767	#F7EDEC	#FEFEFE
1769	#FCFBFD	#FFFFFF
1770	#F1E0DD	#FEFEFE
1771	#DEB9B4	#FCFCFC
1772	#F1E0DE	#FEFEFE
1773	#F2F0F8	#FFFFFF
1774	#F7ECEB	#FFFFFF
1775	#F6F5FA	#FFFFFF
1776	#F9F1F0	#FFFFFF
1777	#ECD6D3	#FEFEFE
1778	#D6D1E9	#FDFDFD
1779	#FEFEFE	#FFFFFF
1780	#EDD7D4	#FEFEFE
1781	#EFECF6	#FEFEFE
1782	#FCF8F8	#FFFFFF
1783	#DFDBEE	#FDFDFD
1784	#FDFBFB	#FFFFFF
1785	#F4E5E3	#FEFEFE
1786	#F5E7E6	#FEFEFE
1787	#C9928B	#FBFBFB
1788	#FFFEFE	#FFFFFF
1789	#DED9ED	#FDFDFD
1790	#F9F1F0	#FFFFFF
1791	#F3F1F8	#FEFEFE
1792	#CF9D97	#FCFCFC
1793	#F7F6FB	#FFFFFF
1794	#EFECF6	#FEFEFE
1795	#FEFDFE	#FFFFFF
1796	#F7F6FB	#FFFFFF
1797	#F6F4FA	#FFFFFF
1798	#FBF6F5	#FFFFFF
1799	#EFECF6	#FEFEFE
1800	#FDFCFE	#FFFFFF
1801	#F6F4FA	#FFFFFF
1802	#F3E4E2	#FEFEFE
1803	#E8CDCA	#FEFEFE
1804	#F7ECEB	#FEFEFE
1805	#FCF7F7	#FFFFFF
1806	#FDFBFB	#FFFFFF
1807	#CFC8E5	#FCFCFC
1808	#DDD9ED	#FDFDFD
1809	#DFBAB5	#FCFCFC
1810	#F3F1F8	#FFFFFF
1811	#E1BEB9	#FDFDFD
1812	#F0EEF7	#FEFEFE
1814	#F0EDF7	#FFFFFF
1815	#F6ECEA	#FFFFFF
1816	#E2C0BB	#FDFDFD
1817	#FBFAFD	#FFFFFF
1818	#FEFDFD	#FFFFFF
1819	#E6C8C4	#FDFDFD
1820	#F6EAE9	#FEFEFE
1821	#F5E9E7	#FEFEFE
1822	#B7AFD8	#FDFDFD
1823	#E7E3F2	#FEFEFE
1824	#FBFBFD	#FFFFFF
1825	#FAF4F3	#FFFFFF
1826	#EED9D6	#FEFEFE
1827	#D6D1E9	#FCFCFC
1828	#CDC7E4	#FCFCFC
1829	#D4CFE8	#FDFDFD
1830	#E8E5F2	#FEFEFE
1831	#FBF7F6	#FFFFFF
1832	#F4E7E5	#FEFEFE
1833	#F3E4E2	#FEFEFE
1834	#F8F6FB	#FFFFFF
1835	#E5E1F1	#FEFEFE
1836	#D4CEE7	#FDFDFD
1837	#F5E8E6	#FEFEFE
1838	#FEFCFC	#FFFFFF
1839	#FFFEFE	#FFFFFF
1840	#FAF4F3	#FFFFFF
1841	#FBFAFD	#FFFFFF
1842	#F9F8FC	#FFFFFF
1843	#ECD4D1	#FEFEFE
1844	#F5F4FA	#FFFFFF
1845	#FFFEFE	#FFFFFF
1846	#E4E0F0	#FDFDFD
1847	#FBF6F5	#FFFFFF
1848	#F9F0EF	#FEFEFE
1849	#E3DFF0	#FEFEFE
1850	#E0BDB9	#FDFDFD
1851	#F0EDF7	#FEFEFE
1852	#F5F4FA	#FFFFFF
1853	#F9F1F0	#FFFFFF
1854	#E4C4C0	#FDFDFD
1855	#EDEBF5	#FEFEFE
1856	#FEFDFC	#FFFFFF
1857	#E2DEEF	#FDFDFD
1858	#FCF7F7	#FFFFFF
1859	#F5E7E6	#FEFEFE
1860	#FDFAFA	#FFFFFF
1861	#FBF7F6	#FFFFFF
1862	#FFFEFE	#FFFFFF
1863	#DAD6EB	#FCFCFC
1864	#E5E1F1	#FDFDFD
1865	#EBD4D0	#FEFEFE
1866	#FBF6F6	#FFFFFF
1867	#E8CDCA	#FEFEFE
1868	#F7ECEB	#FFFFFF
1870	#F9F2F1	#FFFFFF
1871	#F9F1F0	#FFFFFF
1872	#E6C8C4	#FDFDFD
1873	#FAF9FC	#FFFFFF
1874	#EEEBF6	#FEFEFE
1875	#E8E5F3	#FEFEFE
1876	#FDFCFE	#FFFFFF
1877	#DDD8EC	#FEFEFE
1878	#FBFBFD	#FFFFFF
1879	#FCF7F7	#FFFFFF
1880	#FDFAFA	#FFFFFF
1881	#FEFEFE	#FFFFFF
1882	#F7ECEB	#FEFEFE
1883	#FCFCFE	#FFFFFF
1884	#EEECF6	#FEFEFE
1885	#DED9ED	#FDFDFD
1886	#FCFCFD	#FFFFFF
1887	#E2C0BB	#FDFDFD
1888	#F4E7E5	#FEFEFE
1889	#FAF9FC	#FFFFFF
1890	#F0DDDB	#FEFEFE
1891	#F4E7E5	#FEFEFE
1892	#FCFBFD	#FFFFFF
1893	#D3A49F	#FCFCFC
1894	#FAF4F3	#FFFFFF
1895	#F6F5FA	#FFFFFF
1896	#FCF8F7	#FFFFFF
1897	#FAF4F4	#FFFFFF
1898	#F6F5FA	#FFFFFF
1899	#EEECF6	#FEFEFE
1900	#F0EEF7	#FEFEFE
1901	#D4A5A0	#FCFCFC
1902	#F7EDEB	#FEFEFE
1903	#F1E0DE	#FEFEFE
1904	#EFECF6	#FFFFFF
1905	#FEFDFE	#FFFFFF
1906	#F0DDDB	#FDFDFD
1907	#FAF4F3	#FFFFFF
1908	#E0BEB9	#FDFDFD
1909	#FEFEFE	#FFFFFF
1910	#E8E5F2	#FEFEFE
1911	#D8D3EA	#FDFDFD
1912	#FAF4F3	#FFFFFF
1913	#EFECF6	#FFFFFF
1915	#F1E0DD	#FEFEFE
1916	#FFFEFE	#FFFFFF
1917	#E6C8C4	#FDFDFD
1918	#FFFEFE	#FFFFFF
1919	#EAE7F4	#FEFEFE
1920	#ECE9F4	#FEFEFE
1921	#FEFDFD	#FFFFFF
1922	#F5E8E6	#FEFEFE
1923	#F1E0DE	#FEFEFE
1924	#E9CECA	#FEFEFE
1925	#DDD9ED	#FDFDFD
1926	#FBF6F5	#FFFFFF
1927	#E9CECB	#FEFEFE
1928	#E4E0F0	#FEFEFE
1929	#FCFCFD	#FFFFFF
1930	#E2DEEF	#FDFDFD
1931	#FAF9FC	#FFFFFF
1932	#F3F1F8	#FEFEFE
1933	#FDFDFE	#FFFFFF
1934	#FFFEFE	#FFFFFF
1935	#F3E4E2	#FEFEFE
1936	#FCFCFE	#FFFFFF
1937	#E5E1F1	#FEFEFE
1938	#DBD7EC	#FEFEFE
1939	#ECD5D2	#FEFEFE
1940	#F9F1F0	#FFFFFF
1941	#FDFAFA	#FFFFFF
1942	#E9CFCC	#FCFCFC
1943	#E2C1BC	#FDFDFD
1944	#DEB9B4	#FCFCFC
1945	#F7ECEB	#FEFEFE
1946	#F3F1F9	#FEFEFE
1947	#F2F0F8	#FEFEFE
1948	#FFFEFE	#FFFFFF
1949	#D7D2E9	#FDFDFD
1950	#F3F1F8	#FEFEFE
1951	#F6F4FA	#FFFFFF
1952	#F8EFED	#FEFEFE
1953	#EFDCD9	#FEFEFE
1954	#F6EAE9	#FEFEFE
1955	#FBF6F6	#FFFFFF
1956	#F2E2E0	#FEFEFE
1957	#F9F8FC	#FFFFFF
1958	#A99FD0	#F9F9F9
1959	#F6EAE8	#FEFEFE
1960	#F7F6FB	#FFFFFF
1961	#F6F5FA	#FFFFFF
1962	#EED9D7	#FEFEFE
1963	#DFDAED	#FCFCFC
1964	#E8E5F2	#FEFEFE
1965	#D4A59F	#FCFCFC
1966	#E8CDC9	#FEFEFE
1967	#D9B0AB	#FDFDFD
1968	#F2F0F8	#FEFEFE
1969	#EDEAF5	#FEFEFE
1971	#F7EDEC	#FEFEFE
1972	#F6E9E8	#FEFEFE
1973	#F2F0F8	#FEFEFE
1974	#EFECF6	#FFFFFF
1975	#F4E5E3	#FEFEFE
1976	#FBFAFD	#FFFFFF
1977	#FFFEFE	#FFFFFF
1978	#FBFAFD	#FFFFFF
1979	#F7F5FA	#FFFFFF
1980	#EDEAF5	#FEFEFE
1981	#BEB6DB	#FCFCFC
1982	#CEC7E4	#FCFCFC
1983	#E9CECA	#FEFEFE
1984	#FCF8F7	#FFFFFF
1985	#FFFEFE	#FFFFFF
1986	#E8E5F3	#FEFEFE
1987	#D1CCE6	#FCFCFC
1988	#F6F4FA	#FFFFFF
1989	#ECD6D3	#FEFEFE
1990	#C9928C	#FBFBFB
1991	#EFDCD9	#FEFEFE
1992	#DDD8EC	#FDFDFD
1993	#EAE7F4	#FEFEFE
1994	#E2C0BC	#FDFDFD
1995	#F9F2F1	#FFFFFF
1996	#DED9ED	#FCFCFC
1997	#FCF8F7	#FFFFFF
1998	#E8E5F3	#FEFEFE
1999	#E1DDEF	#FDFDFD
2000	#C5BEE0	#FAFAFA
2001	#ECE9F5	#FEFEFE
2002	#F9F1F0	#FFFFFF
2003	#F9F0EF	#FFFFFF
2004	#FBFAFD	#FFFFFF
2005	#EDEAF5	#FEFEFE
2006	#E9E6F3	#FEFEFE
2007	#F2F0F8	#FFFFFF
2008	#E6E3F2	#FEFEFE
2009	#FAFAFC	#FFFFFF
2010	#F9F1F0	#FFFFFF
2011	#F7EEEC	#FEFEFE
2012	#EEEBF6	#FEFEFE
2013	#EFEDF6	#FEFEFE
2014	#F7ECEB	#FFFFFF
2016	#F9F1F0	#FFFFFF
2017	#FBF6F6	#FFFFFF
2018	#F2F0F8	#FFFFFF
2019	#EFECF6	#FFFFFF
2020	#C4BCDF	#FCFCFC
2021	#F4E6E4	#FEFEFE
2022	#DCB5B0	#FCFCFC
2023	#E8E5F3	#FEFEFE
2024	#FDFAFA	#FFFFFF
2025	#FBFAFD	#FFFFFF
2026	#FEFDFC	#FFFFFF
2027	#FAF4F3	#FFFFFF
2028	#F1E0DE	#FEFEFE
2029	#F3E4E2	#FEFEFE
2030	#E4E0F0	#FEFEFE
2031	#F9F1F0	#FFFFFF
2032	#FEFEFE	#FFFFFF
2033	#F7EEEC	#FFFFFF
2034	#D7D2E9	#FDFDFD
2035	#FDFCFE	#FFFFFF
2036	#E8E5F3	#FEFEFE
2037	#EDEBF5	#FEFEFE
2038	#F6F4FA	#FFFFFF
2039	#ECD5D2	#FEFEFE
2040	#EEECF6	#FEFEFE
2041	#EDD7D4	#FDFDFD
2042	#EFDCDA	#FEFEFE
2043	#FAF9FC	#FFFFFF
2044	#DDD8EC	#FDFDFD
2045	#D5CFE8	#FEFEFE
2046	#E5C7C3	#FCFCFC
2047	#EAD2CE	#FDFDFD
2048	#F0EDF7	#FEFEFE
2049	#EBE8F4	#FEFEFE
2050	#EBE9F4	#FEFEFE
2051	#DDD9ED	#FDFDFD
2052	#F3F1F8	#FEFEFE
2053	#FFFFFF	#FFFFFF
2054	#FBF6F5	#FFFFFF
2055	#FDFAFA	#FFFFFF
2056	#F4E5E3	#FEFEFE
2057	#F8F7FB	#FFFFFF
2058	#FFFFFF	#FFFFFF
2059	#F5E9E8	#FEFEFE
2060	#EAE7F4	#FEFEFE
2061	#F7F5FA	#FFFFFF
2062	#FAF9FC	#FFFFFF
2063	#FFFFFF	#FFFFFF
2064	#F6F5FA	#FFFFFF
2065	#FEFCFC	#FFFFFF
2066	#FEFDFC	#FFFFFF
2067	#F7F6FB	#FFFFFF
2068	#D8D2EA	#FDFDFD
2069	#CB9690	#FCFCFC
2070	#FBFAFD	#FFFFFF
2072	#E2C0BC	#FDFDFD
2073	#EFECF6	#FEFEFE
2074	#F2F0F8	#FFFFFF
2075	#F1E0DD	#FEFEFE
2076	#A096CB	#FBFBFB
2077	#FBF6F5	#FFFFFF
2078	#E1BEBA	#FEFEFE
2079	#EDD7D4	#FDFDFD
2080	#FAF3F2	#FFFFFF
2081	#F7F6FB	#FFFFFF
2082	#F6F5FA	#FFFFFF
2083	#FBFBFD	#FFFFFF
2084	#F9F1F0	#FFFFFF
2085	#FEFEFF	#FFFFFF
2086	#F6F5FA	#FFFFFF
2087	#DCD7EC	#FEFEFE
2088	#CEC8E5	#FCFCFC
2089	#E5C7C3	#FCFCFC
2090	#EFEDF6	#FEFEFE
2091	#F3E3E1	#FEFEFE
2092	#ECD5D2	#FEFEFE
2093	#F5E7E6	#FEFEFE
2094	#FAF4F3	#FFFFFF
2095	#F7EDEC	#FFFFFF
2096	#F2F0F8	#FFFFFF
2097	#F8EEED	#FFFFFF
2098	#FBF6F5	#FFFFFF
2099	#E1DDEF	#FDFDFD
2100	#F7ECEA	#FEFEFE
2101	#FFFEFE	#FFFFFF
2102	#F7EDEC	#FEFEFE
2103	#DFBBB6	#FCFCFC
2104	#E8CCC8	#FDFDFD
2105	#EEECF6	#FEFEFE
2106	#EEECF6	#FFFFFF
2107	#FDFBFB	#FFFFFF
2108	#F9F2F1	#FEFEFE
2109	#E5E1F1	#FEFEFE
2110	#DFBAB5	#FCFCFC
2111	#FCF8F8	#FFFFFF
2112	#F2F0F8	#FEFEFE
2113	#E2C0BB	#FDFDFD
2114	#EFDCD9	#FEFEFE
2115	#FBFBFD	#FFFFFF
2117	#E2C0BC	#FDFDFD
2118	#F3E5E3	#FEFEFE
2119	#F0EEF7	#FEFEFE
2120	#CBC5E3	#FDFDFD
2121	#F6EAE8	#FEFEFE
2122	#EFECF6	#FEFEFE
2123	#FBF6F5	#FFFFFF
2124	#F6F5FA	#FFFFFF
2125	#FBF6F5	#FFFFFF
2126	#FCF7F6	#FFFFFF
2127	#F1EFF8	#FFFFFF
2128	#E8CECA	#FEFEFE
2129	#FCF9F9	#FFFFFF
2130	#E1BEB9	#FDFDFD
2131	#FEFDFD	#FFFFFF
2132	#F5E7E6	#FEFEFE
2133	#DDD8ED	#FDFDFD
2134	#F5F3F9	#FFFFFF
2135	#FAF9FC	#FFFFFF
2136	#F4E6E4	#FEFEFE
2137	#FDFCFE	#FFFFFF
2138	#CBC5E3	#FCFCFC
2139	#FCF8F7	#FFFFFF
2140	#EED9D6	#FEFEFE
2141	#F2F0F8	#FEFEFE
2142	#E1BEBA	#FDFDFD
2143	#E5E2F1	#FEFEFE
2144	#FBF6F5	#FFFFFF
2145	#D6D0E9	#FCFCFC
2146	#F6EAE8	#FEFEFE
2147	#F5F4FA	#FFFFFF
2148	#F2F0F8	#FEFEFE
2149	#E4E1F1	#FDFDFD
2150	#D4CEE8	#FBFBFB
2151	#D8D3EA	#FDFDFD
2152	#F5F4FA	#FFFFFF
2153	#E8E5F2	#FEFEFE
2154	#FBFBFD	#FFFFFF
2155	#EDEBF5	#FEFEFE
2156	#FBF6F5	#FFFFFF
2157	#FBF6F5	#FFFFFF
2158	#F8EEED	#FFFFFF
2159	#FAF4F3	#FFFFFF
2160	#F8EFED	#FEFEFE
2161	#DFDBEE	#FDFDFD
2162	#F8F7FB	#FFFFFF
2163	#EFEDF6	#FEFEFE
2164	#FCF9F8	#FFFFFF
2165	#F4E5E3	#FEFEFE
2166	#E6C8C4	#FDFDFD
2167	#F9F1F0	#FFFFFF
2168	#EAD1CE	#FDFDFD
2169	#FCFCFE	#FFFFFF
2170	#D5CFE8	#FCFCFC
2171	#F7ECEB	#FFFFFF
2173	#F0DDDA	#FEFEFE
2174	#FBF5F4	#FFFFFF
2175	#D9B0AA	#FDFDFD
2176	#EEECF6	#FEFEFE
2177	#F6EAE9	#FEFEFE
2178	#EED9D6	#FEFEFE
2179	#FEFDFD	#FFFFFF
2180	#F2F0F8	#FEFEFE
2181	#FAF3F2	#FFFFFF
2182	#E2C0BC	#FDFDFD
2183	#EDEBF5	#FEFEFE
2184	#F5E8E6	#FEFEFE
2185	#FDFCFE	#FFFFFF
2186	#FAF3F2	#FFFFFF
2187	#ECD5D2	#FEFEFE
2188	#DEDAED	#FCFCFC
2189	#E8E5F2	#FDFDFD
2190	#F3E4E3	#FEFEFE
2191	#F5E7E6	#FEFEFE
2192	#FAF4F3	#FFFFFF
2193	#F4E5E4	#FEFEFE
2194	#EED9D6	#FEFEFE
2195	#E6C8C4	#FDFDFD
2196	#E4E0F0	#FEFEFE
2197	#E4E1F1	#FEFEFE
2198	#EBE9F4	#FEFEFE
2199	#FEFDFD	#FFFFFF
2200	#FAF4F3	#FFFFFF
2201	#F0EEF7	#FEFEFE
2202	#D8D3EA	#FDFDFD
2203	#EEEBF6	#FEFEFE
2204	#FBF6F5	#FFFFFF
2205	#FBFAFD	#FFFFFF
2206	#F9F1F0	#FFFFFF
2207	#EFDCD9	#FEFEFE
2208	#DEB9B4	#FCFCFC
2209	#DFDAED	#FDFDFD
2210	#EFECF6	#FEFEFE
2211	#F9F1F0	#FFFFFF
2212	#F3F2F9	#FFFFFF
2213	#C2BADE	#FAFAFA
2214	#F6F5FA	#FFFFFF
2215	#EFDCD9	#FDFDFD
2216	#FFFEFE	#FFFFFF
2218	#F1DFDD	#FEFEFE
2219	#EDEBF5	#FEFEFE
2220	#F8EFEE	#FEFEFE
2221	#FEFCFC	#FFFFFF
2222	#D2CCE7	#FCFCFC
2223	#E2C0BC	#FDFDFD
2224	#ECD6D3	#FEFEFE
2225	#EFDCD9	#FEFEFE
2226	#FCFBFD	#FFFFFF
2227	#FBF6F5	#FFFFFF
2228	#EBD3D0	#FDFDFD
2229	#E4C4C0	#FDFDFD
2230	#FDFBFB	#FFFFFF
2231	#F7EDEC	#FEFEFE
2232	#EAE7F4	#FEFEFE
2233	#FFFEFE	#FFFFFF
2234	#F5E7E6	#FEFEFE
2235	#EFECF6	#FEFEFE
2236	#FDFBFA	#FFFFFF
2237	#EDD6D3	#FEFEFE
2238	#FEFDFD	#FFFFFF
2239	#EFECF6	#FEFEFE
2240	#FEFDFE	#FFFFFF
2241	#F9F1F0	#FFFFFF
2242	#ECEAF5	#FEFEFE
2243	#F4E7E5	#FEFEFE
2244	#F2F0F8	#FFFFFF
2245	#FAF3F2	#FFFFFF
2246	#FFFFFF	#FFFFFF
2247	#FBF5F5	#FFFFFF
2248	#F9F9FC	#FFFFFF
2249	#DBD6EB	#FCFCFC
2250	#FDFBFB	#FFFFFF
2251	#F6EAE8	#FEFEFE
2252	#DCD8EC	#FDFDFD
2253	#F8EFEE	#FEFEFE
2254	#FCF7F7	#FFFFFF
2255	#EFEDF6	#FEFEFE
2256	#F6F5FA	#FFFFFF
2257	#F1DFDD	#FEFEFE
2258	#FFFFFF	#FFFFFF
2259	#EFEDF6	#FEFEFE
2260	#F1E0DE	#FEFEFE
2261	#C48A83	#FBFBFB
2262	#F1DFDD	#FEFEFE
2263	#FFFEFE	#FFFFFF
2264	#DDD9ED	#FDFDFD
2265	#F7EDEC	#FEFEFE
2266	#ECE9F5	#FEFEFE
2267	#FFFEFE	#FFFFFF
2268	#FAF3F2	#FFFFFF
2269	#FCF8F7	#FFFFFF
2270	#F1E0DE	#FEFEFE
2271	#FAF4F3	#FFFFFF
2272	#F8EEED	#FFFFFF
2274	#FBF5F4	#FFFFFF
2275	#DCB5B1	#FCFCFC
2276	#FFFFFF	#FFFFFF
2277	#EDD7D4	#FEFEFE
2278	#EFDCD9	#FEFEFE
2279	#F9F1EF	#FEFEFE
2280	#F4E6E4	#FEFEFE
2281	#F7ECEA	#FEFEFE
2282	#F6F5FA	#FEFEFE
2283	#EFEDF6	#FEFEFE
2284	#FFFEFE	#FFFFFF
2285	#F8F7FB	#FFFFFF
2286	#EBD4D0	#FDFDFD
2287	#F6F4FA	#FFFFFF
2288	#F9F8FC	#FFFFFF
2289	#E1DDEF	#FDFDFD
2290	#F9F1F0	#FFFFFF
2291	#EFECF6	#FEFEFE
2292	#FEFDFE	#FFFFFF
2293	#F0DEDC	#FDFDFD
2294	#F8F0EE	#FEFEFE
2295	#F0DCDA	#FEFEFE
2296	#F6F5FA	#FFFFFF
2297	#F7EDEB	#FFFFFF
2298	#F2F0F8	#FEFEFE
2299	#EFECF6	#FEFEFE
2300	#D8ACA7	#FBFBFB
2301	#EEEBF6	#FEFEFE
2302	#D7D2E9	#FBFBFB
2303	#EFECF6	#FEFEFE
2304	#F4F3F9	#FEFEFE
2305	#F5F3FA	#FEFEFE
2306	#FBF6F5	#FFFFFF
2307	#F4E6E5	#FEFEFE
2308	#E7E3F2	#FEFEFE
2309	#F8F7FB	#FFFFFF
2310	#EDD6D3	#FEFEFE
2311	#EAD0CD	#FDFDFD
2312	#EBD3D0	#FDFDFD
2313	#E4C4C0	#FDFDFD
2314	#E8CDCA	#FEFEFE
2315	#C9928B	#FBFBFB
2316	#FEFCFC	#FFFFFF
2317	#D4A59F	#FCFCFC
2319	#EEECF6	#FFFFFF
2320	#FAF4F3	#FFFFFF
2321	#FDFDFE	#FFFFFF
2322	#FEFDFC	#FFFFFF
2323	#E3DFF0	#FEFEFE
2324	#EEDAD7	#FEFEFE
2325	#FDFBFB	#FFFFFF
2326	#F5E9E7	#FEFEFE
2327	#F2F0F8	#FEFEFE
2328	#F5E9E7	#FEFEFE
2329	#F7F5FA	#FFFFFF
2330	#F0DDDB	#FEFEFE
2331	#E2C0BC	#FDFDFD
2332	#EEECF6	#FEFEFE
2333	#FFFEFE	#FFFFFF
2334	#F9F1F0	#FFFFFF
2335	#F4E5E3	#FEFEFE
2336	#CCC6E3	#FCFCFC
2337	#F9F8FC	#FFFFFF
2338	#DDD9ED	#FCFCFC
2339	#F0DCDA	#FEFEFE
2340	#FEFDFE	#FFFFFF
2341	#F9F1F0	#FEFEFE
2342	#FBFAFD	#FFFFFF
2343	#FCF8F8	#FFFFFF
2344	#F8F6FB	#FEFEFE
2345	#FEFEFE	#FFFFFF
2346	#EFEDF6	#FEFEFE
2347	#EED9D7	#FEFEFE
2348	#F7EDEB	#FEFEFE
2349	#E6E3F2	#FEFEFE
2350	#FDFAFA	#FFFFFF
2351	#F8F8FB	#FFFFFF
2352	#F7EEEC	#FEFEFE
2353	#FAF4F3	#FFFFFF
2354	#F5F4FA	#FFFFFF
2355	#F9F1F0	#FFFFFF
2356	#FBFBFD	#FFFFFF
2357	#F9F1F0	#FFFFFF
2358	#F3E4E2	#FEFEFE
2359	#E5E1F1	#FEFEFE
2360	#F2E1DE	#FEFEFE
2361	#ECD6D3	#FEFEFE
2362	#FAF4F3	#FFFFFF
2363	#C8918A	#FBFBFB
2364	#F4E5E3	#FEFEFE
2365	#DFBBB6	#FCFCFC
2366	#F7ECEA	#FFFFFF
2367	#F1E0DE	#FEFEFE
2368	#F4E7E5	#FEFEFE
2369	#FDFBFB	#FFFFFF
2370	#ECE9F5	#FEFEFE
2371	#B7AFD8	#FBFBFB
2372	#EFECF6	#FEFEFE
2373	#D0CAE6	#FCFCFC
2375	#E6C8C4	#FDFDFD
2376	#D3A59F	#FCFCFC
2377	#F0DDDA	#FEFEFE
2378	#FEFDFD	#FFFFFF
2379	#FBFBFD	#FFFFFF
2380	#FBF6F5	#FFFFFF
2381	#F1E0DD	#FEFEFE
2382	#E8CDCA	#FEFEFE
2383	#F1DFDD	#FEFEFE
2384	#FFFFFF	#FFFFFF
2385	#ECE9F5	#FEFEFE
2386	#F7ECEB	#FEFEFE
2387	#D4A59F	#FCFCFC
2388	#FCF7F7	#FFFFFF
2389	#D8D3EA	#FDFDFD
2390	#FBF7F6	#FFFFFF
2391	#FBFAFD	#FFFFFF
2392	#F1DFDD	#FEFEFE
2393	#F8F7FB	#FFFFFF
2394	#FAF9FC	#FFFFFF
2395	#E6E3F2	#FEFEFE
2396	#F8EFED	#FEFEFE
2397	#FBF6F5	#FFFFFF
2398	#FBFBFD	#FFFFFF
2399	#EFDCD9	#FEFEFE
2400	#F9F1F0	#FFFFFF
2401	#EEECF6	#FEFEFE
2402	#FCF7F6	#FFFFFF
2403	#FFFEFE	#FFFFFF
2404	#D9D4EA	#FCFCFC
2405	#E5E1F1	#FDFDFD
2406	#E7E4F2	#FEFEFE
2407	#F6EAE8	#FEFEFE
2408	#D5CFE8	#FCFCFC
2409	#FEFCFC	#FFFFFF
2410	#ECE9F5	#FEFEFE
2411	#FEFDFD	#FFFFFF
2412	#F2F0F8	#FFFFFF
2413	#F2F0F8	#FEFEFE
2414	#FFFEFE	#FFFFFF
2415	#EFEDF7	#FEFEFE
2416	#FDFAF9	#FFFFFF
2417	#FBF5F4	#FFFFFF
2418	#FBF6F5	#FFFFFF
2420	#DEDAED	#FEFEFE
2421	#FFFEFE	#FFFFFF
2422	#EFECF6	#FEFEFE
2423	#F9F8FC	#FFFFFF
2424	#F9F1F0	#FFFFFF
2425	#F2F0F8	#FEFEFE
2426	#F4E5E3	#FEFEFE
2427	#D4A59F	#FCFCFC
2428	#F5F3FA	#FFFFFF
2429	#F8EFED	#FEFEFE
2430	#FBF7F6	#FFFFFF
2431	#DEB9B5	#FCFCFC
2432	#EEECF6	#FFFFFF
2433	#F4E6E4	#FEFEFE
2434	#F1DFDD	#FEFEFE
2435	#EED9D6	#FDFDFD
2436	#E9E6F3	#FEFEFE
2437	#FBF6F6	#FFFFFF
2438	#FBF6F5	#FFFFFF
2439	#F4E7E5	#FEFEFE
2440	#D5D0E8	#FCFCFC
2441	#F5F4FA	#FFFFFF
2442	#FCF8F8	#FFFFFF
2443	#F1E0DD	#FEFEFE
2444	#F9F1F0	#FFFFFF
2445	#E5E1F1	#FEFEFE
2446	#F8F7FB	#FFFFFF
2447	#E8CDCA	#FEFEFE
2448	#EED9D7	#FEFEFE
2449	#FBF6F5	#FFFFFF
2450	#F1E0DD	#FEFEFE
2451	#E2DEEF	#FDFDFD
2452	#FDFDFE	#FFFFFF
2453	#CC9791	#FCFCFC
2454	#F6F4FA	#FFFFFF
2455	#E5C6C2	#FCFCFC
2456	#CF9D97	#FCFCFC
2457	#FFFFFF	#FFFFFF
2458	#E2DEEF	#FDFDFD
2459	#D8D2EA	#FDFDFD
2460	#FBF6F5	#FFFFFF
2461	#FBF7F6	#FFFFFF
2462	#FBF6F5	#FFFFFF
2463	#E8CECA	#FEFEFE
2464	#E2DEF0	#FDFDFD
2465	#E7E4F2	#FEFEFE
2466	#CAC3E2	#FBFBFB
2467	#E6C8C4	#FDFDFD
2468	#FBF6F5	#FFFFFF
2469	#FBFAFD	#FFFFFF
2470	#F4E5E3	#FEFEFE
2471	#F4E7E5	#FEFEFE
2472	#FCFBFD	#FFFFFF
2473	#F7EDEC	#FEFEFE
2474	#F9F1F0	#FFFFFF
2476	#FEFDFD	#FFFFFF
2477	#C9928B	#FBFBFB
2478	#ECD4D1	#FDFDFD
2479	#EDD6D4	#FEFEFE
2480	#E4C4C0	#FDFDFD
2481	#F1E0DE	#FEFEFE
2482	#F1DFDC	#FEFEFE
2483	#FEFCFC	#FFFFFF
2484	#E8CDCA	#FEFEFE
2485	#EDD6D3	#FEFEFE
2486	#FAF9FC	#FFFFFF
2487	#F1E0DD	#FEFEFE
2488	#F9F1F0	#FFFFFF
2489	#E6E2F1	#FEFEFE
2490	#F7F6FB	#FFFFFF
2491	#FFFEFE	#FFFFFF
2492	#EEECF6	#FEFEFE
2493	#F8F7FB	#FFFFFF
2494	#F2F0F8	#FEFEFE
2495	#FDFBFA	#FFFFFF
2496	#F0EEF7	#FEFEFE
2497	#FCFCFD	#FFFFFF
2498	#FAF4F4	#FFFFFF
2499	#F0DCDA	#FEFEFE
2500	#F7EDEC	#FFFFFF
2501	#F4E6E4	#FEFEFE
2502	#F9F8FC	#FFFFFF
2503	#E9E6F3	#FEFEFE
2504	#F9F8FB	#FFFFFF
2505	#DDD9ED	#FDFDFD
2506	#EDEBF5	#FEFEFE
2507	#F2F0F8	#FEFEFE
2508	#F2F0F8	#FEFEFE
2509	#E0DCEE	#FDFDFD
2510	#F5E7E6	#FEFEFE
2511	#FCF9F8	#FFFFFF
2512	#F7EDEC	#FEFEFE
2513	#E9CECA	#FEFEFE
2514	#E6E3F1	#FEFEFE
2515	#CDC7E4	#FDFDFD
2516	#FFFEFE	#FFFFFF
2517	#F6F5FA	#FFFFFF
2518	#F9F1F0	#FFFFFF
2519	#F9F8FC	#FFFFFF
2521	#CC9791	#FCFCFC
2522	#EDD7D4	#FEFEFE
2523	#F7EEEC	#FFFFFF
2524	#FAF9FC	#FFFFFF
2525	#F3E4E2	#FEFEFE
2526	#FBF6F6	#FFFFFF
2527	#EDEAF5	#FEFEFE
2528	#D4CEE7	#FDFDFD
2529	#E0BCB7	#FCFCFC
2530	#EDD6D3	#FEFEFE
2531	#FDFCFE	#FFFFFF
2532	#E0BEB9	#FDFDFD
2533	#CBC5E3	#FDFDFD
2534	#E8CDCA	#FEFEFE
2535	#ECD5D2	#FEFEFE
2536	#EFEDF7	#FEFEFE
2537	#FBFBFD	#FFFFFF
2538	#F5F4FA	#FFFFFF
2539	#E4C4C0	#FDFDFD
2540	#FCF9F8	#FFFFFF
2541	#F9F1F0	#FFFFFF
2542	#D6D1E9	#FBFBFB
2543	#D9AFAA	#FBFBFB
2544	#F3E5E3	#FEFEFE
2545	#F2F0F8	#FEFEFE
2546	#FEFEFE	#FFFFFF
2547	#F1DFDD	#FEFEFE
2548	#F2F0F8	#FEFEFE
2549	#DCD7EC	#FEFEFE
2550	#F2F0F8	#FFFFFF
2551	#C3BBDE	#F9F9F9
2552	#FAF3F2	#FFFFFF
2553	#E6E2F1	#FEFEFE
2554	#F7ECEA	#FEFEFE
2555	#F8F7FB	#FFFFFF
2556	#FCF8F7	#FFFFFF
2557	#FCF8F8	#FFFFFF
2558	#E3E0F0	#FEFEFE
2559	#F7EDEC	#FFFFFF
2560	#ECE9F5	#FEFEFE
2561	#E5E1F1	#FEFEFE
2562	#EFDCDA	#FEFEFE
2563	#F6F5FA	#FFFFFF
2564	#EBE9F4	#FEFEFE
2565	#F9F1F0	#FFFFFF
2566	#FFFEFE	#FFFFFF
2567	#F7ECEA	#FEFEFE
2568	#F5E9E7	#FEFEFE
2569	#FAF2F2	#FFFFFF
2570	#F2E2E0	#FEFEFE
2571	#E1BEB9	#FDFDFD
2572	#FFFEFE	#FFFFFF
2573	#F4E6E4	#FEFEFE
2574	#E8CECA	#FEFEFE
2575	#F6F4FA	#FFFFFF
2577	#FAF9FC	#FFFFFF
2578	#F1E0DD	#FEFEFE
2579	#D3A59F	#FCFCFC
2580	#E8CDC9	#FEFEFE
2581	#EEECF6	#FFFFFF
2582	#F5E7E6	#FEFEFE
2583	#F7ECEA	#FFFFFF
2584	#EED9D6	#FEFEFE
2585	#F8EEED	#FFFFFF
2586	#EFEDF6	#FFFFFF
2587	#DCD7EC	#FEFEFE
2588	#EEECF6	#FEFEFE
2589	#FCFBFD	#FFFFFF
2590	#DEDAED	#FDFDFD
2591	#FFFFFF	#FFFFFF
2592	#F7F6FB	#FFFFFF
2593	#DAD4EB	#FCFCFC
2594	#D7D1E9	#FDFDFD
2595	#CEC8E5	#FBFBFB
2596	#E2C1BC	#FCFCFC
2597	#ECE9F5	#FEFEFE
2598	#EBE8F4	#FEFEFE
2599	#FBF6F6	#FFFFFF
2600	#DFDAED	#FEFEFE
2601	#EEECF6	#FEFEFE
2602	#ECD4D1	#FEFEFE
2603	#ECD4D1	#FDFDFD
2604	#FDFDFE	#FFFFFF
2605	#E6E2F1	#FEFEFE
2606	#FEFCFC	#FFFFFF
2607	#F6F4FA	#FFFFFF
2608	#F1EFF8	#FEFEFE
2609	#ECEAF5	#FEFEFE
2610	#FAF4F3	#FFFFFF
2611	#FAFAFC	#FFFFFF
2612	#FAF3F2	#FFFFFF
2613	#E7CBC8	#FDFDFD
2614	#D8D3EA	#FDFDFD
2615	#F4E5E3	#FEFEFE
2616	#E8CDCA	#FEFEFE
2617	#EFDCD9	#FEFEFE
2618	#FAF9FC	#FFFFFF
2619	#BC7C75	#FAFAFA
2620	#F6EBEA	#FEFEFE
2622	#EBE8F4	#FEFEFE
2623	#E1BEB9	#FDFDFD
2624	#F3E5E3	#FEFEFE
2625	#F6F5FA	#FFFFFF
2626	#CF9D97	#FCFCFC
2627	#DEDAED	#FDFDFD
2628	#EDD6D3	#FEFEFE
2629	#F7ECEA	#FEFEFE
2630	#F5E7E5	#FEFEFE
2631	#F2F1F8	#FFFFFF
2632	#ECD5D2	#FDFDFD
2633	#EEDAD7	#FEFEFE
2634	#E7E4F2	#FEFEFE
2635	#F9F9FC	#FFFFFF
2636	#CDC6E4	#FCFCFC
2637	#F9F8FC	#FFFFFF
2638	#F1E1DE	#FEFEFE
2639	#F3E4E2	#FEFEFE
2640	#EFEDF6	#FEFEFE
2641	#FAF5F4	#FFFFFF
2642	#EFECF6	#FFFFFF
2643	#FBF6F5	#FFFFFF
2644	#DEDAED	#FCFCFC
2645	#FAF9FC	#FFFFFF
2646	#E1DDEF	#FDFDFD
2647	#FFFEFE	#FFFFFF
2648	#FEFCFC	#FFFFFF
2649	#EED9D6	#FEFEFE
2650	#D4CEE7	#FCFCFC
2651	#ECD6D3	#FEFEFE
2652	#F9F2F1	#FFFFFF
2653	#FDFBFB	#FFFFFF
2654	#E9CECA	#FEFEFE
2655	#EEECF6	#FEFEFE
2656	#F9F1F0	#FEFEFE
2657	#F9F8FC	#FFFFFF
2658	#FAF9FC	#FFFFFF
2659	#D8D3EA	#FDFDFD
2660	#F9F1F0	#FFFFFF
2661	#D4CEE8	#FCFCFC
2662	#DEB9B4	#FCFCFC
2663	#EEECF6	#FEFEFE
2664	#FCFCFE	#FFFFFF
2665	#FCF9F8	#FFFFFF
2666	#C58B84	#FBFBFB
2667	#FAF4F3	#FFFFFF
2668	#F9F1F0	#FFFFFF
2669	#F4F3F9	#FEFEFE
2670	#F7EDEC	#FEFEFE
2671	#F6F4FA	#FFFFFF
2672	#FDFAFA	#FFFFFF
2673	#FBF6F5	#FFFFFF
2674	#DDD8EC	#FEFEFE
2675	#F9F1F0	#FFFFFF
2676	#F5E8E6	#FEFEFE
2678	#E8CECA	#FEFEFE
2679	#FCF7F7	#FFFFFF
2680	#F9F1F0	#FFFFFF
2681	#FBF7F6	#FFFFFF
2682	#DED9ED	#FEFEFE
2683	#F2E1DF	#FEFEFE
2684	#FBFAFD	#FFFFFF
2685	#EAD2CE	#FDFDFD
2686	#EED9D6	#FEFEFE
2687	#FCFBFD	#FFFFFF
2688	#F6EAE8	#FEFEFE
2689	#E1BEB9	#FDFDFD
2690	#FEFDFD	#FFFFFF
2691	#D9D3EA	#FCFCFC
2692	#FBFAFD	#FFFFFF
2693	#F7EDEC	#FEFEFE
2694	#FBF5F4	#FFFFFF
2695	#F7ECEB	#FFFFFF
2696	#FBF6F5	#FFFFFF
2697	#F7EDEC	#FEFEFE
2698	#F9F0EF	#FEFEFE
2699	#CBC5E3	#FCFCFC
2700	#F5F4FA	#FFFFFF
2701	#F6EBEA	#FFFFFF
2702	#E5E2F1	#FEFEFE
2703	#E2DEEF	#FDFDFD
2704	#DDB8B3	#FCFCFC
2705	#F6EAE9	#FEFEFE
2706	#DBB3AE	#FCFCFC
2707	#EAE7F3	#FEFEFE
2708	#F6F5FA	#FFFFFF
2709	#EAE7F4	#FEFEFE
2710	#DDD8EC	#FDFDFD
2711	#ECE9F5	#FEFEFE
2712	#FBF5F4	#FFFFFF
2713	#DAD5EB	#FCFCFC
2714	#FAF9FC	#FFFFFF
2715	#E4E0F0	#FEFEFE
2716	#FBFBFD	#FFFFFF
2717	#DEB9B5	#FCFCFC
2718	#FEFDFD	#FFFFFF
2719	#FDFDFE	#FFFFFF
2720	#F4F2F9	#FEFEFE
2721	#F7ECEA	#FEFEFE
2723	#E2C0BC	#FDFDFD
2724	#F1DFDC	#FEFEFE
2725	#EAE7F4	#FEFEFE
2726	#EBD4D1	#FDFDFD
2727	#F2E3E0	#FEFEFE
2728	#FEFDFE	#FFFFFF
2729	#F7ECEB	#FFFFFF
2730	#F1E0DE	#FEFEFE
2731	#FCF7F7	#FFFFFF
2732	#E1BEB9	#FDFDFD
2733	#EDD7D4	#FEFEFE
2734	#F3F1F8	#FFFFFF
2735	#F2F0F8	#FFFFFF
2736	#F3E5E3	#FEFEFE
2737	#FEFDFD	#FFFFFF
2738	#FBF6F5	#FFFFFF
2739	#EFDCDA	#FEFEFE
2740	#DDD9ED	#FDFDFD
2741	#F8F7FB	#FFFFFF
2742	#FEFDFE	#FFFFFF
2743	#F2E1DE	#FEFEFE
2744	#D8D2EA	#FDFDFD
2745	#D8D2EA	#FDFDFD
2746	#FCFCFE	#FFFFFF
2747	#DBD7EC	#FEFEFE
2748	#E8CDC9	#FEFEFE
2749	#FDFDFE	#FFFFFF
2750	#FFFFFF	#FFFFFF
2751	#FDFDFE	#FFFFFF
2752	#F7F6FB	#FFFFFF
2753	#FDFDFE	#FFFFFF
2754	#D5CFE8	#FDFDFD
2755	#F9F2F1	#FFFFFF
2756	#FBF6F5	#FFFFFF
2757	#E2DDEF	#FDFDFD
2758	#FCFCFD	#FFFFFF
2759	#FCF7F7	#FFFFFF
2760	#E6C8C4	#FDFDFD
2761	#FEFEFE	#FFFFFF
2762	#FCF8F7	#FFFFFF
2763	#FAF9FC	#FFFFFF
2764	#FBF6F5	#FFFFFF
2765	#FEFEFD	#FFFFFF
2766	#F5F4FA	#FFFFFF
2767	#FBF6F5	#FFFFFF
2768	#EDEAF5	#FEFEFE
2769	#FBF5F4	#FFFFFF
2770	#F3F1F8	#FEFEFE
2771	#FFFFFF	#FFFFFF
2772	#F2F0F8	#FEFEFE
2773	#F8EEED	#FFFFFF
2774	#ECD5D3	#FEFEFE
2775	#EFDCDA	#FEFEFE
2776	#F5E7E6	#FEFEFE
2777	#EFECF6	#FFFFFF
2779	#FBF6F5	#FFFFFF
2780	#F5F4FA	#FFFFFF
2781	#EAD0CC	#FDFDFD
2782	#F6EAE8	#FEFEFE
2783	#F7ECEB	#FFFFFF
2784	#EAE7F4	#FEFEFE
2785	#E6C8C4	#FDFDFD
2786	#F1E0DE	#FEFEFE
2787	#E2C0BC	#FDFDFD
2788	#E1BEBA	#FEFEFE
2789	#F7EDEB	#FEFEFE
2790	#ECD5D2	#FEFEFE
2791	#F4F2F9	#FEFEFE
2792	#FDFBFB	#FFFFFF
2793	#F4E5E3	#FEFEFE
2794	#F2F0F8	#FEFEFE
2795	#FAF9FC	#FFFFFF
2796	#FDFAFA	#FFFFFF
2797	#F3F1F8	#FEFEFE
2798	#CC9790	#FCFCFC
2799	#D4CEE8	#FCFCFC
2800	#FAF3F2	#FFFFFF
2801	#EFDBD8	#FEFEFE
2802	#F9F1F0	#FFFFFF
2803	#FEFEFD	#FFFFFF
2804	#F2F0F8	#FEFEFE
2805	#F9F1F0	#FFFFFF
2806	#F9F9FC	#FFFFFF
2807	#F0DDDA	#FEFEFE
2808	#FBFBFD	#FFFFFF
2809	#FBF5F5	#FFFFFF
2810	#D2CCE7	#FCFCFC
2811	#FCF7F7	#FFFFFF
2812	#F5F4FA	#FFFFFF
2813	#FCF7F6	#FFFFFF
2814	#F3E4E2	#FEFEFE
2815	#E1DDEF	#FDFDFD
2816	#EBE8F4	#FEFEFE
2817	#F7F6FB	#FFFFFF
2818	#C4BDDF	#FCFCFC
2819	#F1E0DE	#FEFEFE
2820	#EED9D6	#FEFEFE
2821	#FEFDFE	#FFFFFF
2822	#ECEAF5	#FEFEFE
2824	#F7F5FA	#FFFFFF
2825	#F5F4FA	#FFFFFF
2826	#EBD2CF	#FDFDFD
2827	#E1BFBB	#FDFDFD
2828	#E7E3F2	#FEFEFE
2829	#FBF6F5	#FFFFFF
2830	#DDD8ED	#FDFDFD
2831	#F7ECEB	#FFFFFF
2832	#F9F8FC	#FFFFFF
2833	#EFDBD8	#FEFEFE
2834	#FAFAFC	#FFFFFF
2835	#F7ECEA	#FEFEFE
2836	#E6C8C4	#FDFDFD
2837	#FBF6F6	#FFFFFF
2838	#DDD8EC	#FEFEFE
2839	#FAF4F3	#FFFFFF
2840	#F6F5FA	#FFFFFF
2841	#EFEDF6	#FEFEFE
2842	#E7E4F2	#FEFEFE
2843	#EEECF6	#FEFEFE
2844	#F2F0F8	#FEFEFE
2845	#F2F0F8	#FFFFFF
2846	#E5E1F1	#FEFEFE
2847	#FCF9F8	#FFFFFF
2848	#CDC7E4	#FCFCFC
2849	#E4E1F1	#FEFEFE
2850	#FBFAFD	#FFFFFF
2851	#CCC5E3	#FBFBFB
2852	#F9F8FC	#FFFFFF
2853	#F6EAE8	#FEFEFE
2854	#F6E9E8	#FEFEFE
2855	#F9F0EF	#FFFFFF
2856	#E0BDB9	#FDFDFD
2857	#F3E3E1	#FEFEFE
2858	#F9F1EF	#FFFFFF
2859	#E5E2F1	#FDFDFD
2860	#E3E0F0	#FDFDFD
2861	#FFFFFF	#FFFFFF
2862	#F7EEEC	#FEFEFE
2863	#EFDBD9	#FDFDFD
2864	#F9F1F0	#FFFFFF
2865	#F4F3F9	#FEFEFE
2866	#DED9ED	#FDFDFD
2867	#F2F0F8	#FEFEFE
2868	#FAF9FC	#FFFFFF
2869	#FCF7F6	#FFFFFF
2870	#F1DFDD	#FEFEFE
2871	#F2E2E0	#FEFEFE
2872	#F9F1F0	#FFFFFF
2873	#E6E2F1	#FEFEFE
2874	#FDFAF9	#FFFFFF
2875	#EDD7D4	#FDFDFD
2876	#FAF4F4	#FFFFFF
2877	#EAE7F4	#FEFEFE
2878	#F6F4FA	#FFFFFF
2880	#D9B0AA	#FDFDFD
2881	#E5E1F1	#FEFEFE
2882	#EED9D6	#FEFEFE
2883	#C48A83	#FBFBFB
2884	#FFFFFE	#FFFFFF
2885	#F6E9E8	#FEFEFE
2886	#F9F2F1	#FFFFFF
2887	#F7EDEB	#FFFFFF
2888	#E8E5F3	#FEFEFE
2889	#FBF6F5	#FFFFFF
2890	#E9CECA	#FEFEFE
2891	#E6C8C4	#FDFDFD
2892	#FFFFFF	#FFFFFF
2893	#FBF6F5	#FFFFFF
2894	#F5E8E6	#FEFEFE
2895	#D8D2EA	#FDFDFD
2896	#ECD4D1	#FDFDFD
2897	#F9F1F0	#FFFFFF
2898	#F3E3E1	#FEFEFE
2899	#F0EEF7	#FEFEFE
2900	#A79DCF	#FBFBFB
2901	#E8E5F3	#FEFEFE
2902	#FFFEFE	#FFFFFF
2903	#DFBCB7	#FCFCFC
2904	#EEEBF6	#FEFEFE
2905	#F4E7E5	#FEFEFE
2906	#E7E4F2	#FEFEFE
2907	#F2F0F8	#FFFFFF
2908	#DEDAED	#FEFEFE
2909	#C38780	#FAFAFA
2910	#E9E6F3	#FEFEFE
2911	#F5F3FA	#FFFFFF
2912	#E6E3F1	#FEFEFE
2913	#E4C4BF	#FDFDFD
2914	#EFEDF7	#FFFFFF
2915	#F1E0DD	#FEFEFE
2916	#D4CEE8	#FDFDFD
2917	#F7F6FB	#FFFFFF
2918	#E7E4F2	#FEFEFE
2919	#E4E1F1	#FEFEFE
2920	#CE9C96	#FCFCFC
2921	#F2E2DF	#FEFEFE
2922	#F1EFF8	#FFFFFF
2923	#FFFFFF	#FFFFFF
2925	#F7EDEB	#FEFEFE
2926	#DDD8ED	#FEFEFE
2927	#EBD2CF	#FDFDFD
2928	#FAF9FC	#FFFFFF
2929	#FBF6F6	#FFFFFF
2930	#EEECF6	#FFFFFF
2931	#F6F5FA	#FFFFFF
2932	#F6EAE9	#FEFEFE
2933	#ECD5D1	#FDFDFD
2934	#FBFBFD	#FFFFFF
2935	#ECD4D1	#FDFDFD
2936	#E8E5F3	#FEFEFE
2937	#F9F9FC	#FFFFFF
2938	#EDEAF5	#FEFEFE
2939	#F7F5FB	#FFFFFF
2940	#F6EBEA	#FEFEFE
2941	#EBD4D1	#FDFDFD
2942	#E3DFF0	#FEFEFE
2943	#E3C4BF	#FDFDFD
2944	#FEFDFE	#FFFFFF
2945	#E4E1F1	#FEFEFE
2946	#F3F1F8	#FEFEFE
2947	#EAE7F4	#FEFEFE
2948	#FCFCFE	#FFFFFF
2949	#F5F4FA	#FFFFFF
2950	#CBC5E3	#FCFCFC
2951	#DDD9ED	#FDFDFD
2952	#EFEDF7	#FEFEFE
2953	#EFEDF6	#FEFEFE
2954	#EFECF6	#FEFEFE
2955	#ECE9F5	#FEFEFE
2956	#FFFEFE	#FFFFFF
2957	#EDEAF5	#FEFEFE
2958	#F9F1F0	#FFFFFF
2959	#C68D87	#FBFBFB
2960	#FEFDFD	#FFFFFF
2961	#FEFEFD	#FFFFFF
2962	#EED9D7	#FDFDFD
2963	#F8F7FB	#FFFFFF
2964	#F2F1F8	#FEFEFE
2965	#FBF5F4	#FFFFFF
2966	#EFEDF6	#FEFEFE
2967	#EBE8F4	#FEFEFE
2968	#E9E6F3	#FEFEFE
2969	#EFEDF6	#FEFEFE
2970	#EEECF6	#FEFEFE
2971	#F6F5FA	#FFFFFF
2972	#EAD1CE	#FDFDFD
2973	#FAF4F3	#FFFFFF
2974	#FFFEFE	#FFFFFF
2975	#ECD4D1	#FDFDFD
2976	#F5E9E7	#FEFEFE
2977	#FAF4F3	#FFFFFF
2978	#F2E2E0	#FEFEFE
2979	#F9F2F1	#FFFFFF
2981	#FCFBFD	#FFFFFF
2982	#FBFBFD	#FFFFFF
2983	#E6C8C4	#FDFDFD
2984	#F9F2F0	#FFFFFF
2985	#F5E7E6	#FEFEFE
2986	#ECEAF5	#FEFEFE
2987	#EAE7F4	#FEFEFE
2988	#FDFBFA	#FFFFFF
2989	#FAF9FC	#FFFFFF
2990	#FBF6F5	#FFFFFF
2991	#F9F8FC	#FFFFFF
2992	#E2C1BC	#FDFDFD
2993	#FBF6F6	#FFFFFF
2994	#CDC7E4	#FDFDFD
2995	#F1DFDD	#FEFEFE
2996	#F2F1F8	#FEFEFE
2997	#ECD6D3	#FEFEFE
2998	#EAE7F4	#FEFEFE
2999	#FCF8F7	#FFFFFF
3000	#EBE9F4	#FEFEFE
3001	#FFFEFE	#FFFFFF
3002	#EAD2CE	#FDFDFD
3003	#DAD5EB	#FCFCFC
3004	#CCC5E3	#FDFDFD
3005	#F1EFF7	#FEFEFE
3006	#F3E5E3	#FEFEFE
3007	#E1DDEF	#FDFDFD
3008	#E5E2F1	#FEFEFE
3009	#FBF6F6	#FFFFFF
3010	#E2C1BC	#FDFDFD
3011	#F7EDEC	#FFFFFF
3012	#FBF6F5	#FFFFFF
3013	#EBD4D1	#FDFDFD
3014	#F1E0DE	#FEFEFE
3015	#F1E0DD	#FEFEFE
3016	#EAE7F4	#FEFEFE
3017	#F7EDEB	#FEFEFE
3018	#F3E5E3	#FEFEFE
3019	#F9F1F0	#FFFFFF
3020	#FEFEFE	#FFFFFF
3021	#FEFDFC	#FFFFFF
3022	#FAF4F4	#FFFFFF
3023	#E6E2F1	#FEFEFE
3024	#FBF6F5	#FFFFFF
3026	#E9CFCC	#FDFDFD
3027	#F1E0DE	#FEFEFE
3028	#FDFBFB	#FFFFFF
3029	#F1E0DE	#FEFEFE
3030	#ECD4D1	#FDFDFD
3031	#F9F1F0	#FFFFFF
3032	#FBF6F5	#FFFFFF
3033	#D8D2EA	#FDFDFD
3034	#E6C8C4	#FDFDFD
3035	#F5E8E6	#FEFEFE
3036	#F1E0DD	#FEFEFE
3037	#E3C3BF	#FDFDFD
3038	#FEFEFE	#FFFFFF
3039	#FFFEFE	#FFFFFF
3040	#F8EFEE	#FEFEFE
3041	#FDFBFB	#FFFFFF
3042	#FCFBFD	#FFFFFF
3043	#F6F5FA	#FFFFFF
3044	#C28780	#FAFAFA
3045	#DDD8ED	#FEFEFE
3046	#E1DDEF	#FDFDFD
3047	#EFECF6	#FEFEFE
3048	#F6E9E8	#FEFEFE
3049	#D8D3EA	#FDFDFD
3050	#EFEDF6	#FEFEFE
3051	#EBE8F4	#FEFEFE
3052	#F3F1F8	#FFFFFF
3053	#FBF6F5	#FFFFFF
3054	#FAF3F2	#FFFFFF
3055	#FBF6F5	#FFFFFF
3056	#FBFAFD	#FFFFFF
3057	#E1DDEF	#FDFDFD
3058	#FAF9FC	#FFFFFF
3059	#EAE7F4	#FEFEFE
3060	#EFDBD8	#FEFEFE
3061	#F9F1F0	#FFFFFF
3062	#EFDCD9	#FEFEFE
3063	#F8F7FB	#FFFFFF
3064	#E3E0F0	#FDFDFD
3065	#FFFEFE	#FFFFFF
3066	#BC7D76	#FCFCFC
3067	#EFEDF6	#FEFEFE
3068	#FDFAFA	#FFFFFF
3069	#FEFDFE	#FFFFFF
3070	#E5E1F1	#FDFDFD
3071	#EED9D6	#FEFEFE
3072	#FFFFFF	#FFFFFF
3073	#FFFEFE	#FFFFFF
3074	#EDD7D4	#FDFDFD
3075	#E9CFCC	#FDFDFD
3076	#C2867F	#FAFAFA
3077	#FAF9FC	#FFFFFF
3078	#FEFDFD	#FFFFFF
3079	#FBF6F6	#FFFFFF
3080	#EED9D6	#FDFDFD
3082	#FCF7F6	#FFFFFF
3083	#FBF6F5	#FFFFFF
3084	#C68D86	#FBFBFB
3085	#E2C1BC	#FDFDFD
3086	#F6F4FA	#FFFFFF
3087	#EED9D6	#FEFEFE
3088	#FBF6F6	#FFFFFF
3089	#F0EEF7	#FEFEFE
3090	#FBFBFD	#FFFFFF
3091	#F8EEED	#FEFEFE
3092	#DFDAED	#FDFDFD
3093	#FBFAFD	#FFFFFF
3094	#FCF7F7	#FFFFFF
3095	#FEFEFE	#FFFFFF
3096	#FEFCFC	#FFFFFF
3097	#FBFAFD	#FFFFFF
3098	#D4CFE8	#FDFDFD
3099	#FBFAFD	#FFFFFF
3100	#F7F6FB	#FFFFFF
3101	#EEECF6	#FFFFFF
3102	#B3ABD6	#F9F9F9
3103	#EFECF6	#FEFEFE
3104	#F0DCDA	#FEFEFE
3105	#F9F2F1	#FFFFFF
3106	#F5F4FA	#FFFFFF
3107	#EEECF6	#FEFEFE
3108	#EEDAD7	#FDFDFD
3109	#F9F1F0	#FEFEFE
3110	#F0DCDA	#FEFEFE
3111	#EDEAF5	#FEFEFE
3112	#DCD7EC	#FEFEFE
3113	#F7EDEB	#FFFFFF
3114	#F2E3E0	#FEFEFE
3115	#F9F8FC	#FFFFFF
3116	#FAF4F4	#FFFFFF
3117	#FDFBFB	#FFFFFF
3118	#ECEAF5	#FEFEFE
3119	#DCD8EC	#FEFEFE
3120	#D1CBE6	#FCFCFC
3121	#F6EBEA	#FEFEFE
3122	#FEFDFC	#FFFFFF
3123	#EAE7F4	#FEFEFE
3124	#F2F0F8	#FFFFFF
3125	#EBD4D1	#FDFDFD
3127	#F2E3E0	#FEFEFE
3128	#F1F0F8	#FEFEFE
3129	#F1E0DE	#FEFEFE
3130	#EFDCDA	#FEFEFE
3131	#EDD7D4	#FEFEFE
3132	#FAF4F3	#FFFFFF
3133	#F7F5FA	#FFFFFF
3134	#F6E9E8	#FEFEFE
3135	#F1E0DD	#FEFEFE
3136	#F7EDEC	#FEFEFE
3137	#FCF7F7	#FFFFFF
3138	#FAF3F2	#FFFFFF
3139	#F4E7E5	#FEFEFE
3140	#EAE7F4	#FEFEFE
3141	#E2DEEF	#FDFDFD
3142	#EFEDF7	#FEFEFE
3143	#F6F5FA	#FFFFFF
3144	#FDFCFE	#FFFFFF
3145	#ECD5D2	#FEFEFE
3146	#FCF7F6	#FFFFFF
3147	#E4E1F1	#FEFEFE
3148	#FCFBFD	#FFFFFF
3149	#F2F1F8	#FFFFFF
3150	#F8EEED	#FFFFFF
3151	#F9F1F0	#FFFFFF
3152	#F9F1F0	#FFFFFF
3153	#F3E4E2	#FEFEFE
3154	#E2DEEF	#FDFDFD
3155	#F3E5E3	#FEFEFE
3156	#F2E2E0	#FEFEFE
3157	#C6BFE0	#FBFBFB
3158	#FCF7F7	#FFFFFF
3159	#F0DCDA	#FEFEFE
3160	#E8CDCA	#FDFDFD
3161	#FCFBFD	#FFFFFF
3162	#F5F3F9	#FFFFFF
3163	#DEB9B5	#FCFCFC
3164	#F9F1F0	#FFFFFF
3165	#FDFBFA	#FFFFFF
3166	#F8EEED	#FEFEFE
3167	#E1BEBA	#FDFDFD
3168	#FCFBFD	#FFFFFF
3169	#FBF7F6	#FFFFFF
3170	#F7EDEC	#FEFEFE
3171	#FAF9FC	#FFFFFF
3172	#F5F4FA	#FFFFFF
3173	#F2F0F8	#FEFEFE
3174	#F2E2DF	#FEFEFE
3175	#EFECF6	#FEFEFE
3176	#FDFBFA	#FFFFFF
3177	#EFDBD9	#FEFEFE
3178	#FBF6F5	#FFFFFF
3179	#F0DDDA	#FEFEFE
3180	#FBF6F5	#FFFFFF
3181	#E2C0BC	#FDFDFD
3183	#FBF6F5	#FFFFFF
3184	#F4E5E3	#FEFEFE
3185	#FDFBFB	#FFFFFF
3186	#FFFEFE	#FFFFFF
3187	#F7EDEB	#FFFFFF
3188	#ECE9F5	#FEFEFE
3189	#ECE9F5	#FEFEFE
3190	#FCFCFD	#FFFFFF
3191	#F5E9E8	#FEFEFE
3192	#ECD5D2	#FEFEFE
3193	#F2F0F8	#FEFEFE
3194	#FEFDFD	#FFFFFF
3195	#EDD6D3	#FEFEFE
3196	#F8F7FB	#FFFFFF
3197	#E8CDCA	#FEFEFE
3198	#F2F0F8	#FFFFFF
3199	#FEFDFD	#FFFFFF
3200	#FFFFFF	#FFFFFF
3201	#EAD1CE	#FDFDFD
3202	#F8F7FB	#FFFFFF
3203	#F9F8FC	#FFFFFF
3204	#ECEAF5	#FEFEFE
3205	#DEDAED	#FCFCFC
3206	#FBF6F5	#FFFFFF
3207	#F0EDF7	#FEFEFE
3208	#FAF9FC	#FFFFFF
3209	#D1CBE6	#FBFBFB
3210	#E3DFF0	#FEFEFE
3211	#FCF8F7	#FFFFFF
3212	#E2C1BC	#FDFDFD
3213	#FCFBFD	#FFFFFF
3214	#F1E0DE	#FEFEFE
3215	#FAFAFC	#FFFFFF
3216	#FCFCFE	#FFFFFF
3217	#FFFEFE	#FFFFFF
3218	#E1DDEF	#FDFDFD
3219	#FDFDFE	#FFFFFF
3220	#FBFAFD	#FFFFFF
3221	#FCFCFE	#FFFFFF
3222	#FAF9FC	#FFFFFF
3223	#F6F5FA	#FFFFFF
3224	#EEDAD7	#FDFDFD
3225	#E9E6F3	#FEFEFE
3226	#EFECF6	#FEFEFE
3228	#F7ECEB	#FEFEFE
3229	#F3E5E3	#FEFEFE
3230	#F2F1F8	#FEFEFE
3231	#EED9D6	#FEFEFE
3232	#E4C4C0	#FDFDFD
3233	#ECD5D2	#FEFEFE
3234	#ECD5D2	#FEFEFE
3235	#EEECF6	#FEFEFE
3236	#F0DEDB	#FEFEFE
3237	#FDFBFA	#FFFFFF
3238	#DCB5B0	#FCFCFC
3239	#EED9D6	#FEFEFE
3240	#FDFDFE	#FFFFFF
3241	#E9E5F3	#FEFEFE
3242	#EFDCD9	#FEFEFE
3243	#F2F0F8	#FEFEFE
3244	#FDFBFA	#FFFFFF
3245	#EBE8F4	#FEFEFE
3246	#F8EEED	#FFFFFF
3247	#D7D2E9	#FDFDFD
3248	#FAF3F2	#FFFFFF
3249	#DBB3AE	#FCFCFC
3250	#F9F1F0	#FFFFFF
3251	#EFEDF6	#FEFEFE
3252	#E6E2F1	#FEFEFE
3253	#E2DEEF	#FDFDFD
3254	#F6EAE9	#FEFEFE
3255	#E9E6F3	#FEFEFE
3256	#FAF3F2	#FFFFFF
3257	#FDFBFA	#FFFFFF
3258	#D8D3EA	#FDFDFD
3259	#E5E1F1	#FDFDFD
3260	#E1DDEF	#FDFDFD
3261	#FCFCFE	#FFFFFF
3262	#EEECF6	#FEFEFE
3263	#DEDAED	#FDFDFD
3264	#F7EDEC	#FEFEFE
3265	#FEFCFB	#FFFFFF
3266	#F7EDEC	#FEFEFE
3267	#E8E5F3	#FEFEFE
3268	#FAF9FC	#FFFFFF
3269	#EAE7F4	#FEFEFE
3270	#F8F7FB	#FFFFFF
3271	#F9F8FC	#FFFFFF
3272	#EFECF6	#FEFEFE
3273	#FDFAFA	#FFFFFF
3274	#E3C3BF	#FDFDFD
3275	#EAE7F4	#FDFDFD
3276	#EAE7F4	#FEFEFE
3277	#F4E7E5	#FEFEFE
3278	#F2E1DF	#FEFEFE
3279	#F4E5E3	#FEFEFE
3280	#EAD1CE	#FDFDFD
3281	#D9D4EA	#FDFDFD
3282	#FAF4F3	#FFFFFF
3284	#E6C8C4	#FDFDFD
3285	#E2C1BC	#FDFDFD
3286	#F9F9FC	#FFFFFF
3287	#EAE7F4	#FEFEFE
3288	#FCF7F6	#FFFFFF
3289	#E9CFCC	#FDFDFD
3290	#EBD2CF	#FDFDFD
3291	#F7EDEC	#FEFEFE
3292	#F7ECEB	#FFFFFF
3293	#F2F0F8	#FEFEFE
3294	#F9F1F0	#FFFFFF
3295	#F7EDEC	#FEFEFE
3296	#FCF7F7	#FFFFFF
3297	#CF9C96	#FCFCFC
3298	#F6F5FA	#FFFFFF
3299	#FCF7F6	#FFFFFF
3300	#F1E0DE	#FEFEFE
3301	#FBFAFD	#FFFFFF
3302	#FCFBFD	#FFFFFF
3303	#F6F5FA	#FFFFFF
3304	#DED9ED	#FCFCFC
3305	#E8E5F3	#FEFEFE
3306	#D9D4EA	#FCFCFC
3307	#F3E5E3	#FEFEFE
3308	#FEFDFE	#FFFFFF
3309	#F6F4FA	#FFFFFF
3310	#CDC6E4	#FAFAFA
3311	#F6F4FA	#FFFFFF
3312	#E7E4F2	#FEFEFE
3313	#F5F4FA	#FFFFFF
3314	#DDD9ED	#FDFDFD
3315	#E7E3F2	#FEFEFE
3316	#CC9790	#FCFCFC
3317	#F7EDEB	#FEFEFE
3318	#E9CFCC	#FDFDFD
3319	#FAF3F2	#FFFFFF
3320	#FAF4F3	#FFFFFF
3321	#F5E7E6	#FEFEFE
3322	#F6F5FA	#FFFFFF
3323	#FDFDFE	#FFFFFF
3324	#E2DEEF	#FDFDFD
3325	#DED9ED	#FDFDFD
3326	#FFFEFE	#FFFFFF
3327	#E4E1F1	#FDFDFD
3329	#F2E2E0	#FEFEFE
3330	#FBF6F6	#FFFFFF
3331	#F0DEDB	#FEFEFE
3332	#FBF6F5	#FFFFFF
3333	#FAF9FC	#FFFFFF
3334	#FBFBFD	#FFFFFF
3335	#FCFBFD	#FFFFFF
3336	#F3E5E3	#FEFEFE
3337	#C1847E	#FAFAFA
3338	#E0BEB9	#FDFDFD
3339	#EFDCDA	#FEFEFE
3340	#F4E7E5	#FEFEFE
3341	#EAD1CE	#FDFDFD
3342	#D3A59F	#FCFCFC
3343	#F3E4E2	#FEFEFE
3344	#E6C8C4	#FDFDFD
3345	#F5E7E5	#FEFEFE
3346	#F7EDEB	#FFFFFF
3347	#DFBBB6	#FCFCFC
3348	#EFECF6	#FEFEFE
3349	#FDFAFA	#FFFFFF
3350	#F2F0F8	#FFFFFF
3351	#FFFEFF	#FFFFFF
3352	#C4BDDF	#FCFCFC
3353	#FAFAFD	#FFFFFF
3354	#FAF9FC	#FFFFFF
3355	#F2F0F8	#FEFEFE
3356	#F5E8E6	#FEFEFE
3357	#FCF9F8	#FFFFFF
3358	#F0DDDB	#FEFEFE
3359	#EDD7D4	#FEFEFE
3360	#FAF4F3	#FFFFFF
3361	#D6D1E9	#FCFCFC
3362	#FCFCFE	#FFFFFF
3363	#FEFCFB	#FFFFFF
3364	#FDFAFA	#FFFFFF
3365	#E2C0BC	#FDFDFD
3366	#FDFAF9	#FFFFFF
3367	#F9F8FC	#FFFFFF
3368	#ECD5D3	#FEFEFE
3369	#F1DFDD	#FEFEFE
3370	#F7ECEB	#FEFEFE
3371	#EEDAD7	#FDFDFD
3372	#F5E7E5	#FEFEFE
3373	#F9F0EF	#FFFFFF
3374	#FFFEFE	#FFFFFF
3375	#FFFFFE	#FFFFFF
3376	#EFECF6	#FEFEFE
3377	#EAE7F4	#FEFEFE
3378	#FCF9F9	#FFFFFF
3379	#FEFDFD	#FFFFFF
3380	#FBF7F6	#FFFFFF
3381	#E5C8C4	#FCFCFC
3382	#E7CBC8	#FDFDFD
3383	#FAF9FC	#FFFFFF
3385	#FBF6F5	#FFFFFF
3386	#F7EDEC	#FEFEFE
3387	#FCF7F7	#FFFFFF
3388	#E3C3BF	#FDFDFD
3389	#F4F2F9	#FEFEFE
3390	#E7E4F2	#FDFDFD
3391	#F8EFEE	#FEFEFE
3392	#F1E0DE	#FEFEFE
3393	#FBF5F5	#FFFFFF
3394	#F1EFF8	#FEFEFE
3395	#FCFBFD	#FFFFFF
3396	#FDFCFE	#FFFFFF
3397	#EFECF6	#FFFFFF
3398	#E7CBC7	#FDFDFD
3399	#F7EDEC	#FEFEFE
3400	#FBF6F5	#FFFFFF
3401	#F9F2F1	#FEFEFE
3402	#FBF6F5	#FFFFFF
3403	#F4F2F9	#FEFEFE
3404	#FCF7F7	#FFFFFF
3405	#FCF9F8	#FFFFFF
3406	#FAF4F3	#FFFFFF
3407	#F8EFED	#FEFEFE
3408	#FDFDFE	#FFFFFF
3409	#F2F0F8	#FEFEFE
3410	#F7EDEC	#FEFEFE
3411	#FFFFFF	#FFFFFF
3412	#F9F2F1	#FFFFFF
3413	#EFEDF6	#FEFEFE
3414	#FDFDFE	#FFFFFF
3415	#DDD8ED	#FDFDFD
3416	#EFEDF6	#FEFEFE
3417	#F2F0F8	#FEFEFE
3418	#F7F6FB	#FFFFFF
3419	#FBF6F5	#FFFFFF
3420	#E7CAC7	#FDFDFD
3421	#DDB7B2	#FCFCFC
3422	#F6EAE8	#FEFEFE
3423	#F3F1F8	#FFFFFF
3424	#F4E5E3	#FEFEFE
3425	#FBF5F5	#FFFFFF
3426	#D4A59F	#FCFCFC
3427	#F1DFDD	#FEFEFE
3428	#F1E0DD	#FEFEFE
3430	#FBFBFD	#FFFFFF
3431	#E1DDEF	#FDFDFD
3432	#EAE7F3	#FEFEFE
3433	#E7E4F2	#FDFDFD
3434	#FFFEFE	#FFFFFF
3435	#FBFBFD	#FFFFFF
3436	#E0BDB9	#FDFDFD
3437	#ECD5D2	#FEFEFE
3438	#F9F1F0	#FFFFFF
3439	#FEFEFE	#FFFFFF
3440	#FCF8F8	#FFFFFF
3441	#F2E2E0	#FEFEFE
3442	#FBFBFD	#FFFFFF
3443	#F2F0F8	#FEFEFE
3444	#F9F8FC	#FFFFFF
3445	#E1DDEF	#FDFDFD
3446	#FBF5F4	#FFFFFF
3447	#FBF5F5	#FFFFFF
3448	#F7EDEC	#FEFEFE
3449	#F7EEEC	#FFFFFF
3450	#D7D2E9	#FDFDFD
3451	#F1E0DE	#FDFDFD
3452	#F4F2F9	#FEFEFE
3453	#EFEDF6	#FEFEFE
3454	#F9F1F0	#FFFFFF
3455	#FDFBFB	#FFFFFF
3456	#F6F4FA	#FFFFFF
3457	#E9D0CC	#FDFDFD
3458	#D8D3EA	#FDFDFD
3459	#F9F8FC	#FFFFFF
3460	#F1E0DE	#FEFEFE
3461	#EED9D7	#FDFDFD
3462	#FDFDFE	#FFFFFF
3463	#D3CEE7	#FAFAFA
3464	#F8F7FB	#FFFFFF
3465	#FFFEFE	#FFFFFF
3466	#FDFCFE	#FFFFFF
3467	#EBE8F4	#FEFEFE
3468	#ECEAF5	#FEFEFE
3469	#FCF8F8	#FFFFFF
3470	#EFDCD9	#FEFEFE
3471	#EFDCDA	#FEFEFE
3472	#F9F1F0	#FFFFFF
3473	#E6C8C4	#FDFDFD
3474	#E2C0BC	#FDFDFD
3475	#D3A59F	#FCFCFC
3476	#ECD5D2	#FEFEFE
3477	#F1E0DE	#FEFEFE
3478	#CC9790	#FCFCFC
3479	#F7EDEB	#FEFEFE
3480	#F2F0F8	#FEFEFE
3481	#E0DCEE	#FDFDFD
3482	#F1DFDD	#FEFEFE
3483	#E5E2F1	#FEFEFE
3484	#E3DFF0	#FEFEFE
3486	#F1DFDD	#FEFEFE
3487	#E3C3BF	#FDFDFD
3488	#DCB6B1	#FCFCFC
3489	#EFDCDA	#FEFEFE
3490	#F2F0F8	#FEFEFE
3491	#FCFCFD	#FFFFFF
3492	#F2E2E0	#FEFEFE
3493	#F7EEEC	#FFFFFF
3494	#E8E5F3	#FEFEFE
3495	#F5E9E7	#FEFEFE
3496	#F6F5FA	#FFFFFF
3497	#FAF4F3	#FFFFFF
3498	#F6EAE8	#FEFEFE
3499	#FFFFFF	#FFFFFF
3500	#E3E0F0	#FEFEFE
3501	#D9D4EA	#FCFCFC
3502	#F7ECEB	#FFFFFF
3503	#DCD8EC	#FEFEFE
3504	#FAF9FC	#FFFFFF
3505	#D4CFE8	#FDFDFD
3506	#FEFCFB	#FFFFFF
3507	#FBF6F5	#FFFFFF
3508	#F9F1F0	#FFFFFF
3509	#E2C1BC	#FDFDFD
3510	#D7D1E9	#FBFBFB
3511	#EEECF6	#FEFEFE
3512	#F2F0F8	#FFFFFF
3513	#F1EFF7	#FEFEFE
3514	#F9F1F0	#FFFFFF
3515	#F7EDEC	#FEFEFE
3516	#FBFBFD	#FFFFFF
3517	#FDFDFE	#FFFFFF
3518	#E3DFF0	#FEFEFE
3519	#FBF6F5	#FFFFFF
3520	#F5F4FA	#FFFFFF
3521	#F0DDDA	#FEFEFE
3522	#DED9ED	#FEFEFE
3523	#FDFCFE	#FFFFFF
3524	#FFFEFE	#FFFFFF
3525	#E9E6F3	#FEFEFE
3526	#FAF4F4	#FFFFFF
3527	#F8F6FB	#FFFFFF
3528	#F0EDF7	#FEFEFE
3529	#FFFEFE	#FFFFFF
3531	#FDFBFA	#FFFFFF
3532	#E8CDCA	#FDFDFD
3533	#FAF4F3	#FFFFFF
3534	#EED9D6	#FEFEFE
3535	#E8CDCA	#FEFEFE
3536	#E9E6F3	#FEFEFE
3537	#F9F8FC	#FFFFFF
3538	#EFDBD9	#FDFDFD
3539	#F9F9FC	#FFFFFF
3540	#F9F1F0	#FFFFFF
3541	#DED9ED	#FEFEFE
3542	#EFDCDA	#FEFEFE
3543	#C8918A	#FBFBFB
3544	#F2E3E1	#FEFEFE
3545	#FBFBFD	#FFFFFF
3546	#F2F0F8	#FFFFFF
3547	#F9F8FC	#FFFFFF
3548	#FCF8F7	#FFFFFF
3549	#E1C0BB	#FDFDFD
3550	#F1E0DE	#FEFEFE
3551	#F9F2F1	#FFFFFF
3552	#DEDAED	#FDFDFD
3553	#FEFCFC	#FFFFFF
3554	#ECEAF5	#FEFEFE
3555	#F7EEEC	#FFFFFF
3556	#F6EBE9	#FEFEFE
3557	#FBF6F6	#FFFFFF
3558	#FBF7F6	#FFFFFF
3559	#F5F4FA	#FFFFFF
3560	#F1E0DE	#FEFEFE
3561	#EEECF6	#FEFEFE
3562	#F2F0F8	#FEFEFE
3563	#FFFEFE	#FFFFFF
3564	#FAF3F2	#FFFFFF
3565	#FFFEFE	#FFFFFF
3566	#E4E1F1	#FDFDFD
3567	#F6EBE9	#FEFEFE
3568	#E1BEB9	#FDFDFD
3569	#FAF3F2	#FFFFFF
3570	#C48A83	#FBFBFB
3571	#F4E6E4	#FEFEFE
3572	#F9F8FC	#FFFFFF
3573	#FDFBFA	#FFFFFF
3574	#E1DDEF	#FDFDFD
3575	#F2F0F8	#FEFEFE
3576	#EFECF6	#FEFEFE
3577	#FBF6F5	#FFFFFF
3578	#E2DEEF	#FDFDFD
3579	#FCF8F7	#FFFFFF
3580	#FEFCFC	#FFFFFF
3581	#FCFCFD	#FFFFFF
3582	#DDB8B3	#FCFCFC
3583	#EBD4D0	#FDFDFD
3584	#E2C1BC	#FDFDFD
3585	#F1E0DD	#FEFEFE
3587	#E0BEB9	#FDFDFD
3588	#F4E7E5	#FEFEFE
3589	#F5E9E8	#FEFEFE
3590	#FCF8F7	#FFFFFF
3591	#F4E5E3	#FEFEFE
3592	#F5E8E6	#FEFEFE
3593	#F4E5E3	#FEFEFE
3594	#FCF8F7	#FFFFFF
3595	#F9F9FC	#FFFFFF
3596	#F9F1F0	#FFFFFF
3597	#F7ECEB	#FEFEFE
3598	#DEB9B5	#FCFCFC
3599	#FEFEFE	#FFFFFF
3600	#FBF6F5	#FFFFFF
3601	#F4E6E5	#FEFEFE
3602	#FAF9FC	#FFFFFF
3603	#F2F0F8	#FEFEFE
3604	#F2F0F8	#FEFEFE
3605	#F9F9FC	#FFFFFF
3606	#DCD7EC	#FEFEFE
3607	#DEDAED	#FEFEFE
3608	#FDFCFE	#FFFFFF
3609	#E6E2F1	#FEFEFE
3610	#FBF6F5	#FFFFFF
3611	#F6F5FA	#FFFFFF
3612	#FBF6F5	#FFFFFF
3613	#F5F3FA	#FFFFFF
3614	#DDD9ED	#FDFDFD
3615	#F7EDEC	#FEFEFE
3616	#FCF7F7	#FFFFFF
3617	#F7EDEB	#FEFEFE
3618	#F9F8FC	#FFFFFF
3619	#FEFEFD	#FFFFFF
3620	#FAF9FC	#FFFFFF
3621	#FAF9FC	#FFFFFF
3622	#EAE7F4	#FEFEFE
3623	#F2F0F8	#FEFEFE
3624	#FDFAFA	#FFFFFF
3625	#EAE7F4	#FEFEFE
3626	#F0EEF7	#FEFEFE
3627	#EDEAF5	#FEFEFE
3628	#D9D4EA	#FCFCFC
3629	#F9F9FC	#FFFFFF
3630	#FBF5F5	#FFFFFF
3632	#CB9690	#FCFCFC
3633	#FAF9FC	#FFFFFF
3634	#FAF9FC	#FFFFFF
3635	#FAF9FC	#FFFFFF
3636	#F2F0F8	#FFFFFF
3637	#FCF7F6	#FFFFFF
3638	#FFFFFE	#FFFFFF
3639	#FCF8F8	#FFFFFF
3640	#F8EEED	#FEFEFE
3641	#F6F5FA	#FFFFFF
3642	#F5E8E6	#FEFEFE
3643	#F2F1F8	#FEFEFE
3644	#DEB9B4	#FCFCFC
3645	#F1E0DE	#FEFEFE
3646	#F9F1EF	#FFFFFF
3647	#E1C0BB	#FDFDFD
3648	#EDEBF5	#FEFEFE
3649	#F2F0F8	#FEFEFE
3650	#E1BEB9	#FDFDFD
3651	#E2DEEF	#FDFDFD
3652	#F6F4FA	#FFFFFF
3653	#FBFAFD	#FFFFFF
3654	#F2F0F8	#FFFFFF
3655	#E5E1F1	#FDFDFD
3656	#F6F4FA	#FFFFFF
3657	#F4E7E5	#FEFEFE
3658	#F9F0EF	#FEFEFE
3659	#EEECF6	#FEFEFE
3660	#E2DEEF	#FDFDFD
3661	#F7ECEB	#FFFFFF
3662	#FDFBFB	#FFFFFF
3663	#F0EDF7	#FEFEFE
3664	#D9D3EA	#FBFBFB
3665	#EAE7F4	#FEFEFE
3666	#D2CCE7	#FBFBFB
3667	#FFFFFF	#FFFFFF
3668	#E9CFCC	#FDFDFD
3669	#ECE9F4	#FEFEFE
3670	#EFECF6	#FEFEFE
3671	#F6F5FA	#FFFFFF
3672	#E9CECA	#FEFEFE
3673	#FBF6F5	#FFFFFF
3674	#FFFFFF	#FFFFFF
3675	#F1E0DE	#FEFEFE
3676	#D8D3EA	#FDFDFD
3677	#D9D4EB	#FCFCFC
3678	#FBF5F5	#FFFFFF
3679	#F7F6FB	#FFFFFF
3680	#FBF6F5	#FFFFFF
3681	#E7E4F2	#FDFDFD
3682	#F3E5E3	#FEFEFE
3683	#DCB5B1	#FCFCFC
3684	#F9F1F0	#FFFFFF
3685	#F7EDEB	#FFFFFF
3686	#F2F0F8	#FEFEFE
3688	#D5CFE8	#FEFEFE
3689	#EDEAF5	#FEFEFE
3690	#ECE9F5	#FEFEFE
3691	#F3F1F8	#FEFEFE
3692	#F9F1F0	#FFFFFF
3693	#FBF7F6	#FFFFFF
3694	#FBF6F5	#FFFFFF
3695	#E8E4F2	#FEFEFE
3696	#F6F4FA	#FFFFFF
3697	#FAF9FC	#FFFFFF
3698	#E9CECA	#FEFEFE
3699	#EAE7F4	#FEFEFE
3700	#F5F4FA	#FFFFFF
3701	#FBF6F5	#FFFFFF
3702	#ECD5D2	#FEFEFE
3703	#FDFBFA	#FFFFFF
3704	#EAE7F4	#FEFEFE
3705	#CEC8E4	#FAFAFA
3706	#F2F0F8	#FEFEFE
3707	#F7EDEB	#FEFEFE
3708	#F4E5E3	#FEFEFE
3709	#E6C9C5	#FDFDFD
3710	#CCC5E3	#FDFDFD
3711	#F5E7E5	#FEFEFE
3712	#E8E5F3	#FEFEFE
3713	#F6EAE8	#FEFEFE
3714	#F1EFF7	#FEFEFE
3715	#FAF9FC	#FFFFFF
3716	#DBD6EC	#FEFEFE
3717	#FDFBFA	#FFFFFF
3718	#FAF9FC	#FFFFFF
3719	#FDFAFA	#FFFFFF
3720	#F6F4FA	#FFFFFF
3721	#EEECF6	#FFFFFF
3722	#FBFAFD	#FFFFFF
3723	#DFBBB7	#FCFCFC
3724	#FBF6F6	#FFFFFF
3725	#FCF7F6	#FFFFFF
3726	#F8EEED	#FFFFFF
3727	#EDD8D5	#FDFDFD
3728	#F5F4FA	#FFFFFF
3729	#E5E1F1	#FDFDFD
3730	#FCF7F6	#FFFFFF
3731	#E4E1F1	#FDFDFD
3733	#E4C4C0	#FDFDFD
3734	#F4E7E5	#FEFEFE
3735	#F4E6E4	#FEFEFE
3736	#E6C8C4	#FDFDFD
3737	#EAE7F4	#FEFEFE
3738	#EAD2CF	#FDFDFD
3739	#D9D4EA	#FDFDFD
3740	#DDB8B3	#FCFCFC
3741	#FCF7F6	#FFFFFF
3742	#F7F6FB	#FFFFFF
3743	#F6E9E8	#FEFEFE
3744	#E0BDB9	#FDFDFD
3745	#EEECF6	#FEFEFE
3746	#F9F9FC	#FFFFFF
3747	#F4E5E4	#FEFEFE
3748	#FFFFFF	#FFFFFF
3749	#FBFBFD	#FFFFFF
3750	#F3F1F9	#FEFEFE
3751	#E6C8C4	#FDFDFD
3752	#F6F5FA	#FFFFFF
3753	#F1E0DD	#FEFEFE
3754	#D0CAE6	#FCFCFC
3755	#F9F8FC	#FFFFFF
3756	#FDFDFE	#FFFFFF
3757	#EFDCDA	#FEFEFE
3758	#F6F4FA	#FFFFFF
3759	#DDD8ED	#FEFEFE
3760	#F8F7FB	#FFFFFF
3761	#FBF6F5	#FFFFFF
3762	#FBF7F6	#FFFFFF
3763	#F2F0F8	#FFFFFF
3764	#F6F5FA	#FFFFFF
3765	#FDFDFE	#FFFFFF
3766	#FAFAFC	#FFFFFF
3767	#D7D2E9	#FDFDFD
3768	#FAF4F3	#FFFFFF
3769	#FBF6F6	#FFFFFF
3770	#FDFBFA	#FFFFFF
3771	#E9E6F3	#FEFEFE
3772	#F6EAE8	#FEFEFE
3773	#FCF7F6	#FFFFFF
3774	#EEECF6	#FEFEFE
3775	#F8F7FB	#FFFFFF
3776	#FDFDFE	#FFFFFF
3777	#FBFAFD	#FFFFFF
3778	#CEC8E4	#FCFCFC
3779	#F5F3FA	#FFFFFF
3780	#FEFDFD	#FFFFFF
3781	#E8CDCA	#FDFDFD
3782	#FDFBFB	#FFFFFF
3783	#ECEAF5	#FEFEFE
3784	#F5E8E6	#FEFEFE
3785	#FEFDFC	#FFFFFF
3786	#F2E3E1	#FEFEFE
3787	#E0BDB8	#FDFDFD
3789	#B7746D	#F9F9F9
3790	#EFDBD8	#FEFEFE
3791	#F8EEEC	#FFFFFF
3792	#FDFAF9	#FFFFFF
3793	#FBF6F5	#FFFFFF
3794	#E9CECB	#FEFEFE
3795	#DFDAED	#FEFEFE
3796	#EAE7F4	#FEFEFE
3797	#F7ECEA	#FEFEFE
3798	#F9F1F0	#FFFFFF
3799	#D3CDE7	#FCFCFC
3800	#EDEAF5	#FEFEFE
3801	#EED9D6	#FEFEFE
3802	#F8F7FB	#FFFFFF
3803	#DFBBB6	#FCFCFC
3804	#FEFCFC	#FFFFFF
3805	#EAE7F3	#FEFEFE
3806	#C7C0E1	#FCFCFC
3807	#FCF8F8	#FFFFFF
3808	#E7E4F2	#FEFEFE
3809	#F3F1F9	#FEFEFE
3810	#D8D3EA	#FDFDFD
3811	#FBF6F6	#FFFFFF
3812	#F4E5E3	#FEFEFE
3813	#FFFEFF	#FFFFFF
3814	#F0EDF7	#FEFEFE
3815	#EFECF6	#FEFEFE
3816	#EAE7F4	#FEFEFE
3817	#F5F3F9	#FFFFFF
3818	#FCF9F8	#FFFFFF
3819	#F4F3F9	#FEFEFE
3820	#E2DEEF	#FDFDFD
3821	#FDFAFA	#FFFFFF
3822	#E7E4F2	#FEFEFE
3823	#F6E9E8	#FEFEFE
3824	#E9E5F3	#FEFEFE
3825	#FDFBFB	#FFFFFF
3826	#FFFEFE	#FFFFFF
3827	#D4A6A0	#FCFCFC
3828	#F9F1F0	#FFFFFF
3829	#E8E5F3	#FEFEFE
3830	#E6E2F1	#FEFEFE
3831	#FFFEFE	#FFFFFF
3832	#FDFDFE	#FFFFFF
3834	#FEFDFD	#FFFFFF
3835	#EAE7F4	#FEFEFE
3836	#EDD6D3	#FEFEFE
3837	#E3C3BF	#FDFDFD
3838	#E6E2F1	#FEFEFE
3839	#F1E1DE	#FEFEFE
3840	#DAB2AD	#FCFCFC
3841	#CB9690	#FCFCFC
3842	#F2E2E0	#FEFEFE
3843	#F7ECEA	#FFFFFF
3844	#FAF4F3	#FFFFFF
3845	#FEFCFC	#FFFFFF
3846	#F2E2E0	#FEFEFE
3847	#F9F8FC	#FFFFFF
3848	#DCB5B0	#FCFCFC
3849	#FEFCFC	#FFFFFF
3850	#F1EFF7	#FEFEFE
3851	#EDD6D3	#FEFEFE
3852	#EED9D7	#FEFEFE
3853	#FEFCFC	#FFFFFF
3854	#E3DFF0	#FDFDFD
3855	#E2DEEF	#FDFDFD
3856	#FEFDFD	#FFFFFF
3857	#EBE8F4	#FEFEFE
3858	#EBE9F4	#FEFEFE
3859	#FDFBFA	#FFFFFF
3860	#F9F1F0	#FFFFFF
3861	#D1CBE6	#FCFCFC
3862	#F2F0F8	#FEFEFE
3863	#EFEDF6	#FEFEFE
3864	#E1DCEF	#FDFDFD
3865	#E8E5F3	#FEFEFE
3866	#F2E2E0	#FEFEFE
3867	#F5F4FA	#FFFFFF
3868	#F5F4FA	#FFFFFF
3869	#EDEBF5	#FEFEFE
3870	#E6E2F1	#FEFEFE
3871	#F3E4E2	#FEFEFE
3872	#E8E5F3	#FEFEFE
3873	#FFFEFE	#FFFFFF
3874	#EDD6D4	#FEFEFE
3875	#F8EFEE	#FEFEFE
3876	#BCB4DA	#FAFAFA
3877	#FEFCFC	#FFFFFF
3878	#EFEDF6	#FEFEFE
3879	#FAF5F4	#FFFFFF
3880	#F6F5FA	#FEFEFE
3881	#ECE9F4	#FEFEFE
3882	#F1E0DE	#FEFEFE
3883	#EEEBF6	#FEFEFE
3884	#E7E4F2	#FEFEFE
3885	#F4E5E3	#FEFEFE
3886	#FBFBFD	#FFFFFF
3887	#DFBBB7	#FCFCFC
3888	#FDFBFB	#FFFFFF
3890	#F2F0F8	#FFFFFF
3891	#EDEBF5	#FEFEFE
3892	#E3DFF0	#FEFEFE
3893	#FBFAFD	#FFFFFF
3894	#F7F5FA	#FFFFFF
3895	#F4E5E3	#FEFEFE
3896	#FDFBFB	#FFFFFF
3897	#E6C8C4	#FDFDFD
3898	#EBD4D1	#FDFDFD
3899	#DFBBB6	#FCFCFC
3900	#FAF4F3	#FFFFFF
3901	#F3F1F9	#FFFFFF
3902	#F1E0DD	#FEFEFE
3903	#DEDAED	#FDFDFD
3904	#E5E1F1	#FDFDFD
3905	#FBFBFD	#FFFFFF
3906	#F8F6FB	#FFFFFF
3907	#DBD6EB	#FCFCFC
3908	#E0BDB9	#FDFDFD
3909	#F8F6FB	#FFFFFF
3910	#D9D4EA	#FCFCFC
3911	#F3F1F8	#FFFFFF
3912	#CC9791	#FCFCFC
3913	#E4C4C0	#FDFDFD
3914	#FDFAFA	#FFFFFF
3915	#FCFBFD	#FFFFFF
3916	#F5F4FA	#FFFFFF
3917	#FEFEFE	#FFFFFF
3918	#ECE9F5	#FEFEFE
3919	#F9F9FC	#FFFFFF
3920	#ECD5D2	#FEFEFE
3921	#E7E4F2	#FDFDFD
3922	#FAF4F4	#FFFFFF
3923	#FEFCFC	#FFFFFF
3924	#E7CBC7	#FDFDFD
3925	#D7D2E9	#FCFCFC
3926	#F1E0DD	#FEFEFE
3927	#EEECF6	#FFFFFF
3928	#FFFFFF	#FFFFFF
3929	#F8F7FB	#FFFFFF
3930	#F2F0F8	#FEFEFE
3931	#F7EDEB	#FEFEFE
3932	#EDEBF5	#FEFEFE
3933	#FAF9FC	#FFFFFF
3935	#F2F1F8	#FFFFFF
3936	#DDD9ED	#FDFDFD
3937	#FBF7F6	#FFFFFF
3938	#F5F4FA	#FFFFFF
3939	#F0DDDA	#FEFEFE
3940	#F3E3E1	#FEFEFE
3941	#F1E0DE	#FEFEFE
3942	#FDFAFA	#FFFFFF
3943	#F5E8E6	#FEFEFE
3944	#E9CFCC	#FDFDFD
3945	#F2F1F8	#FFFFFF
3946	#E8CDCA	#FDFDFD
3947	#FCF7F7	#FFFFFF
3948	#FEFDFD	#FFFFFF
3949	#F9F1F0	#FFFFFF
3950	#FDFBFB	#FFFFFF
3951	#FEFDFD	#FFFFFF
3952	#FCF7F6	#FFFFFF
3953	#FDFAF9	#FFFFFF
3954	#F9F0EF	#FEFEFE
3955	#FBFAFD	#FFFFFF
3956	#F2F0F8	#FEFEFE
3957	#EFECF6	#FEFEFE
3958	#EEECF6	#FEFEFE
3959	#EAE7F4	#FEFEFE
3960	#FBF6F5	#FFFFFF
3961	#F6F5FA	#FFFFFF
3962	#E5E1F1	#FEFEFE
3963	#DED9ED	#FEFEFE
3964	#F4E6E4	#FEFEFE
3965	#EAE7F3	#FEFEFE
3966	#CDC6E4	#FCFCFC
3967	#F1EFF8	#FEFEFE
3968	#F2F0F8	#FEFEFE
3969	#F6EAE8	#FEFEFE
3970	#E4E0F0	#FDFDFD
3971	#F4E6E4	#FEFEFE
3972	#F7F5FA	#FFFFFF
3973	#E7E3F2	#FEFEFE
3974	#F7ECEB	#FEFEFE
3975	#FBF6F5	#FFFFFF
3976	#F6EAE9	#FEFEFE
3977	#F3F1F9	#FFFFFF
3978	#DEB9B4	#FCFCFC
3979	#EDEAF5	#FEFEFE
3980	#F2F1F8	#FFFFFF
3981	#FCF7F7	#FFFFFF
3982	#EDEBF5	#FEFEFE
3983	#DBD6EC	#FCFCFC
3984	#EFEDF6	#FEFEFE
3985	#FEFDFC	#FFFFFF
3986	#FAF4F3	#FFFFFF
3987	#E3C3BF	#FDFDFD
3988	#F8F7FB	#FFFFFF
3989	#F3E4E2	#FEFEFE
4042	#E2C1BC	#FDFDFD
4043	#F8EFEE	#FEFEFE
4044	#FBF6F6	#FFFFFF
4045	#FDFBFB	#FFFFFF
4046	#FDFBFB	#FFFFFF
4047	#FAF9FC	#FFFFFF
4048	#E6C8C4	#FCFCFC
4049	#F6EBE9	#FEFEFE
4050	#F6EAE9	#FEFEFE
4051	#F6F4FA	#FFFFFF
4052	#FCF9F8	#FFFFFF
4053	#F5F4FA	#FFFFFF
4054	#F6F5FA	#FFFFFF
4055	#FCFBFD	#FFFFFF
4056	#DCD7EC	#FEFEFE
4057	#F1EFF7	#FEFEFE
4058	#FAF4F3	#FFFFFF
4059	#F7F6FB	#FEFEFE
4060	#F2F0F8	#FEFEFE
4061	#EED9D6	#FEFEFE
4062	#F6EBEA	#FEFEFE
4063	#FAF9FC	#FFFFFF
4064	#EBD4D1	#FDFDFD
4065	#E6E2F1	#FEFEFE
4066	#F8F7FB	#FFFFFF
4067	#F1E0DD	#FEFEFE
4068	#FDFAF9	#FFFFFF
4069	#EEECF6	#FEFEFE
4070	#ECEAF5	#FEFEFE
4071	#EEECF6	#FEFEFE
4072	#DBD6EB	#FCFCFC
4073	#E1DCEF	#FDFDFD
4074	#FCF8F8	#FFFFFF
4075	#EAE7F3	#FDFDFD
4076	#F3E4E3	#FEFEFE
4077	#E1DDEF	#FDFDFD
4078	#E6C8C4	#FDFDFD
4079	#F6EAE9	#FEFEFE
4080	#EDD6D4	#FEFEFE
4081	#FDFDFE	#FFFFFF
4082	#EEECF6	#FFFFFF
4083	#F6EAE9	#FEFEFE
4084	#FFFEFE	#FFFFFF
4085	#FEFDFD	#FFFFFF
4087	#FDFCFE	#FFFFFF
4088	#EAE7F3	#FEFEFE
4089	#D7D1E9	#FDFDFD
4090	#FDFBFA	#FFFFFF
4091	#EED8D6	#FEFEFE
4092	#FBF7F6	#FFFFFF
4093	#CBC5E3	#FDFDFD
4094	#F2F1F8	#FEFEFE
4095	#F2F1F8	#FEFEFE
4096	#EBD4D1	#FDFDFD
4097	#E6E2F1	#FEFEFE
4098	#FBFAFD	#FFFFFF
4099	#FAF9FC	#FFFFFF
4100	#F6F4FA	#FFFFFF
4101	#FEFCFC	#FFFFFF
4102	#FBF6F5	#FFFFFF
4103	#FEFDFE	#FFFFFF
4104	#F0EEF7	#FEFEFE
4105	#F7ECEB	#FFFFFF
4106	#D7D2E9	#FDFDFD
4107	#DEB9B4	#FCFCFC
4108	#FDFCFE	#FFFFFF
4109	#E9E6F3	#FEFEFE
4110	#FEFDFD	#FFFFFF
4111	#FAF9FC	#FFFFFF
4112	#F7EDEC	#FEFEFE
4113	#F5F4FA	#FFFFFF
4114	#FDFBFB	#FFFFFF
4115	#FDFCFE	#FFFFFF
4116	#EDD6D3	#FEFEFE
4117	#FDFDFE	#FFFFFF
4118	#FAF9FC	#FFFFFF
4119	#FBFAFD	#FFFFFF
4120	#F5E7E6	#FEFEFE
4121	#E7E4F2	#FEFEFE
4122	#F0EEF7	#FEFEFE
4123	#E8E4F2	#FDFDFD
4124	#F2E2E0	#FDFDFD
4125	#F2E2E0	#FEFEFE
4126	#F2F0F8	#FEFEFE
4127	#F6F5FA	#FFFFFF
4128	#F1E0DE	#FEFEFE
4129	#FFFFFF	#FFFFFF
4130	#FCFBFD	#FFFFFF
4131	#E8CDCA	#FDFDFD
4132	#E2C0BC	#FDFDFD
4133	#E4E0F0	#FEFEFE
4134	#FEFDFC	#FFFFFF
4135	#FEFCFC	#FFFFFF
4136	#F1E0DE	#FEFEFE
4137	#F9F2F1	#FFFFFF
4138	#F6F4FA	#FFFFFF
4139	#EFDCDA	#FEFEFE
4140	#F3E5E3	#FEFEFE
4141	#ECD5D2	#FEFEFE
4143	#EAE7F3	#FEFEFE
4144	#EDEAF5	#FEFEFE
4145	#F0EEF7	#FEFEFE
4146	#F3E4E2	#FEFEFE
4147	#FDFBFB	#FFFFFF
4148	#F8F7FB	#FFFFFF
4149	#F5F3F9	#FFFFFF
4150	#E8E5F3	#FEFEFE
4151	#FAF4F3	#FFFFFF
4152	#F4E6E4	#FEFEFE
4153	#F5F4FA	#FEFEFE
4154	#FCF7F7	#FFFFFF
4155	#F5E8E6	#FEFEFE
4156	#F2E1DF	#FEFEFE
4157	#FDF9F9	#FFFFFF
4158	#FBF5F4	#FFFFFF
4159	#EDEAF5	#FEFEFE
4160	#FAFAFC	#FFFFFF
4161	#F9F1F0	#FEFEFE
4162	#FBF5F5	#FFFFFF
4163	#EFDCDA	#FEFEFE
4164	#F8EFEE	#FEFEFE
4165	#E4E0F0	#FDFDFD
4166	#F9F1F0	#FFFFFF
4167	#F2F1F8	#FEFEFE
4168	#FCF8F7	#FFFFFF
4169	#F8F7FB	#FFFFFF
4170	#F8F7FB	#FFFFFF
4171	#F1E0DE	#FEFEFE
4172	#FDF9F9	#FFFFFF
4173	#F1EFF8	#FEFEFE
4174	#D4CEE7	#FAFAFA
4175	#F3E3E1	#FDFDFD
4176	#E1DDEF	#FDFDFD
4177	#DFDAEE	#FEFEFE
4178	#FDFAF9	#FFFFFF
4179	#F4E7E5	#FEFEFE
4180	#FCF7F6	#FFFFFF
4181	#F1E0DE	#FEFEFE
4182	#D7ACA7	#FBFBFB
4183	#F7ECEA	#FEFEFE
4184	#FDFBFB	#FFFFFF
4185	#F9F1F0	#FFFFFF
4186	#C68D86	#FBFBFB
4188	#FBFBFD	#FFFFFF
4189	#FAF4F4	#FFFFFF
4190	#FBFBFD	#FFFFFF
4191	#FBF6F5	#FFFFFF
4192	#ECD5D2	#FEFEFE
4193	#EEECF6	#FEFEFE
4194	#F9F1F0	#FFFFFF
4195	#FCFBFD	#FFFFFF
4196	#F6F4FA	#FFFFFF
4197	#D4CFE8	#FCFCFC
4198	#FBFBFD	#FFFFFF
4199	#E4C4C0	#FDFDFD
4200	#D3A59F	#FCFCFC
4201	#FCF7F7	#FFFFFF
4202	#F7EDEC	#FFFFFF
4203	#F9F1F0	#FFFFFF
4204	#F2F0F8	#FEFEFE
4205	#F8F7FB	#FFFFFF
4206	#FBF6F5	#FFFFFF
4207	#F2F0F8	#FEFEFE
4208	#F0EEF7	#FEFEFE
4209	#F9F1F0	#FEFEFE
4210	#F1EFF7	#FEFEFE
4211	#EBD2CF	#FDFDFD
4212	#FFFFFF	#FFFFFF
4213	#FEFDFD	#FFFFFF
4214	#E8CCC8	#FDFDFD
4215	#F9F2F1	#FEFEFE
4216	#E2DEEF	#FDFDFD
4217	#FEFEFE	#FFFFFF
4218	#F2F0F8	#FEFEFE
4219	#F8F7FB	#FFFFFF
4220	#F8EFED	#FEFEFE
4221	#FBF6F5	#FFFFFF
4222	#EDEBF5	#FEFEFE
4223	#F7EEEC	#FFFFFF
4224	#FAF3F2	#FFFFFF
4225	#F1E0DE	#FEFEFE
4226	#FAF4F3	#FFFFFF
4227	#F8EEED	#FEFEFE
4228	#FEFDFD	#FFFFFF
4229	#E7CAC6	#FDFDFD
4230	#FAFAFC	#FFFFFF
4231	#FFFEFE	#FFFFFF
4232	#F2F0F8	#FEFEFE
4233	#F7EDEC	#FFFFFF
4234	#E2DEEF	#FDFDFD
4235	#F4E5E3	#FEFEFE
4236	#D4A59F	#FCFCFC
4237	#EED9D6	#FEFEFE
4238	#EDEAF5	#FEFEFE
4239	#FDFBFB	#FFFFFF
4240	#EAD2CE	#FDFDFD
4241	#F6F5FA	#FFFFFF
4242	#FBF6F5	#FFFFFF
4244	#FDFCFE	#FFFFFF
4245	#B7AFD8	#FAFAFA
4246	#EAD0CD	#FDFDFD
4247	#FAF4F3	#FFFFFF
4248	#FAF4F3	#FFFFFF
4249	#DDD9ED	#FDFDFD
4250	#CF9D97	#FCFCFC
4251	#F0EEF7	#FEFEFE
4252	#ECE9F5	#FEFEFE
4253	#F2E2E0	#FEFEFE
4254	#DED9ED	#FEFEFE
4255	#ECD5D3	#FEFEFE
4256	#FDFAFA	#FFFFFF
4257	#E5E1F1	#FDFDFD
4258	#FEFCFB	#FFFFFF
4259	#F2F0F8	#FEFEFE
4260	#FBF6F5	#FFFFFF
4261	#F0EEF7	#FEFEFE
4262	#F9F8FC	#FFFFFF
4263	#FBFAFD	#FFFFFF
4264	#F5F3F9	#FFFFFF
4265	#F0DDDA	#FEFEFE
4266	#F2E2E0	#FEFEFE
4267	#F9F1F0	#FFFFFF
4268	#F4F3F9	#FEFEFE
4269	#EAE7F4	#FEFEFE
4270	#FFFEFE	#FFFFFF
4271	#FAF4F3	#FFFFFF
4272	#FAFAFC	#FFFFFF
4273	#F6F4FA	#FFFFFF
4274	#F0EEF7	#FEFEFE
4275	#EDEAF5	#FEFEFE
4276	#F7F6FB	#FFFFFF
4277	#FDFCFE	#FFFFFF
4278	#F6F5FA	#FFFFFF
4279	#FBFBFD	#FFFFFF
4280	#FAF4F3	#FFFFFF
4281	#F4E7E5	#FEFEFE
4282	#F8EEED	#FEFEFE
4283	#F8EFEE	#FEFEFE
4284	#F7ECEB	#FEFEFE
4285	#EEECF6	#FEFEFE
4286	#D8D2EA	#FDFDFD
4287	#F8F7FB	#FFFFFF
4289	#C5BEE0	#FCFCFC
4290	#EED8D6	#FEFEFE
4291	#F0DCDA	#FEFEFE
4292	#FFFEFE	#FFFFFF
4293	#F9F1F0	#FFFFFF
4294	#EFEDF6	#FEFEFE
4295	#C3BBDE	#FDFDFD
4296	#DEDAED	#FEFEFE
4297	#E9CFCB	#FDFDFD
4298	#E8E4F2	#FEFEFE
4299	#FDFBFB	#FFFFFF
4300	#F6F5FA	#FFFFFF
4301	#FCF7F6	#FFFFFF
4302	#EDEBF5	#FEFEFE
4303	#F3F1F8	#FEFEFE
4304	#F9F1F0	#FFFFFF
4305	#EBD4D0	#FDFDFD
4306	#FDFBFB	#FFFFFF
4307	#F9F9FC	#FFFFFF
4308	#F6F5FA	#FEFEFE
4309	#FCFCFE	#FFFFFF
4310	#FAF3F2	#FEFEFE
4311	#E7CCC8	#FDFDFD
4312	#EEEBF6	#FEFEFE
4313	#C0837C	#FAFAFA
4314	#FCFCFE	#FFFFFF
4315	#F2E1DF	#FEFEFE
4316	#F8F7FB	#FFFFFF
4317	#EBD3CF	#FDFDFD
4318	#E5E2F1	#FEFEFE
4319	#F9F8FB	#FFFFFF
4320	#FDFDFE	#FFFFFF
4321	#F2E2DF	#FEFEFE
4322	#E3DFF0	#FDFDFD
4323	#FCFCFE	#FFFFFF
4324	#F8F7FB	#FFFFFF
4325	#EBE8F4	#FEFEFE
4326	#FBFAFD	#FFFFFF
4327	#ECD6D3	#FDFDFD
4328	#EBE9F4	#FEFEFE
4329	#ECD6D3	#FEFEFE
4330	#FDFBFB	#FFFFFF
4331	#FAF9FC	#FFFFFF
4332	#EDEAF5	#FEFEFE
4333	#F4E7E5	#FEFEFE
4334	#F5E9E8	#FEFEFE
4335	#F7ECEA	#FEFEFE
4336	#FDFDFE	#FFFFFF
4337	#E9CECA	#FDFDFD
4338	#EFDCD9	#FEFEFE
4339	#CF9D97	#FCFCFC
4340	#E6C8C4	#FDFDFD
4341	#E6C8C4	#FDFDFD
4342	#FDFDFE	#FFFFFF
4343	#F5E7E5	#FEFEFE
4345	#F1E0DE	#FEFEFE
4346	#D5CFE8	#FDFDFD
4347	#EDD6D3	#FEFEFE
4348	#F7EDEC	#FEFEFE
4349	#FBFAFD	#FFFFFF
4350	#E5E1F1	#FEFEFE
4351	#F7F6FB	#FFFFFF
4352	#E8E5F2	#FEFEFE
4353	#F1E0DE	#FEFEFE
4354	#FFFFFF	#FFFFFF
4355	#FBF6F5	#FFFFFF
4356	#FDFBFB	#FFFFFF
4357	#E7E4F2	#FEFEFE
4358	#FFFFFF	#FFFFFF
4359	#FCFBFD	#FFFFFF
4360	#EFEDF6	#FEFEFE
4361	#E9E6F3	#FEFEFE
4362	#F2F0F8	#FEFEFE
4363	#FFFEFE	#FFFFFF
4364	#DBB3AE	#FCFCFC
4365	#F6EAE8	#FEFEFE
4366	#FDF9F9	#FFFFFF
4367	#F9F1F0	#FEFEFE
4368	#EFECF6	#FEFEFE
4369	#FDFBFB	#FFFFFF
4370	#F1EFF7	#FEFEFE
4371	#FCF7F6	#FFFFFF
4372	#EFECF6	#FEFEFE
4373	#EEECF6	#FEFEFE
4374	#F9F8FC	#FFFFFF
4375	#ECE9F5	#FEFEFE
4376	#FFFFFF	#FFFFFF
4377	#FAF4F4	#FFFFFF
4378	#FBFAFD	#FFFFFF
4379	#D4CEE8	#FEFEFE
4380	#EAE8F4	#FEFEFE
4381	#F8F7FB	#FFFFFF
4382	#E5E1F1	#FDFDFD
4383	#FFFFFF	#FFFFFF
4384	#FDFBFA	#FFFFFF
4385	#FAF5F4	#FFFFFF
4386	#EFEDF6	#FEFEFE
4387	#ECD6D3	#FEFEFE
4388	#FEFEFE	#FFFFFF
4390	#C7C0E1	#FCFCFC
4391	#FBF6F5	#FFFFFF
4392	#EDEAF5	#FEFEFE
4393	#F1E0DE	#FEFEFE
4394	#E9E5F3	#FEFEFE
4395	#F7ECEB	#FEFEFE
4396	#FCFBFD	#FFFFFF
4397	#FBFBFD	#FFFFFF
4398	#FEFCFB	#FFFFFF
4399	#E5E2F1	#FEFEFE
4400	#F6F5FA	#FFFFFF
4401	#F8F7FB	#FFFFFF
4402	#D9D4EA	#FCFCFC
4403	#F7EDEC	#FEFEFE
4404	#F8EEED	#FEFEFE
4405	#F6EAE8	#FEFEFE
4406	#F1E0DE	#FEFEFE
4407	#EDD7D5	#FDFDFD
4408	#FDFBFB	#FFFFFF
4409	#FEFDFE	#FFFFFF
4410	#F5F4FA	#FEFEFE
4411	#FEFCFB	#FFFFFF
4412	#E1DDEF	#FDFDFD
4413	#FDFDFE	#FFFFFF
4414	#F5F4FA	#FFFFFF
4415	#F1EFF8	#FEFEFE
4416	#F5F3F9	#FFFFFF
4417	#F9F0EF	#FEFEFE
4418	#FCF9F8	#FFFFFF
4419	#E2DEF0	#FDFDFD
4420	#F7ECEB	#FEFEFE
4421	#FEFCFB	#FFFFFF
4422	#F9F1F0	#FEFEFE
4423	#F9F8FC	#FFFFFF
4424	#DDD8EC	#FDFDFD
4425	#FDFCFE	#FFFFFF
4426	#F1E0DE	#FEFEFE
4427	#DDB6B1	#FCFCFC
4428	#E8E5F2	#FEFEFE
4429	#FAF4F3	#FFFFFF
4430	#F9F2F1	#FFFFFF
4431	#E7E4F2	#FDFDFD
4432	#F1DFDD	#FEFEFE
4433	#FCF7F7	#FFFFFF
4434	#FAFAFC	#FFFFFF
4435	#EBE8F4	#FEFEFE
4436	#EFEDF7	#FEFEFE
4437	#FDFBFB	#FFFFFF
4438	#D3CEE7	#FCFCFC
4439	#E6C8C5	#FDFDFD
4440	#EEECF6	#FFFFFF
4441	#FAF9FC	#FFFFFF
4442	#EAD2CF	#FDFDFD
4443	#EAE7F4	#FEFEFE
4444	#F0EEF7	#FEFEFE
4446	#D7D2E9	#FDFDFD
4447	#FAF9FC	#FFFFFF
4448	#FBF6F6	#FFFFFF
4449	#F9F1F0	#FFFFFF
4450	#F9F8FC	#FFFFFF
4451	#FAF9FC	#FFFFFF
4452	#E2C0BC	#FDFDFD
4453	#FDFBFA	#FFFFFF
4454	#ECE9F5	#FEFEFE
4455	#FFFEFE	#FFFFFF
4456	#EFEDF6	#FEFEFE
4457	#DCB6B1	#FCFCFC
4458	#FBFBFD	#FFFFFF
4459	#BD7E77	#FAFAFA
4460	#F7F6FB	#FFFFFF
4461	#F2E1DE	#FDFDFD
4462	#FBF6F5	#FFFFFF
4463	#EBD2CF	#FDFDFD
4464	#FDFAFA	#FFFFFF
4465	#EAE7F4	#FEFEFE
4466	#E7E3F2	#FDFDFD
4467	#FAF3F3	#FFFFFF
4468	#FBF5F4	#FFFFFF
4469	#CDC7E4	#FCFCFC
4470	#E2DEEF	#FDFDFD
4471	#FCF9F9	#FFFFFF
4472	#FEFDFD	#FFFFFF
4473	#E7E4F2	#FDFDFD
4474	#F0EDF7	#FEFEFE
4475	#EAD1CE	#FDFDFD
4476	#E8CDCA	#FEFEFE
4477	#FDFDFE	#FFFFFF
4478	#FAF4F3	#FFFFFF
4479	#F0EEF7	#FEFEFE
4480	#F1F0F8	#FFFFFF
4481	#FDFAFA	#FFFFFF
4482	#EEECF6	#FEFEFE
4483	#F6F5FA	#FFFFFF
4484	#EFDCDA	#FDFDFD
4485	#FFFFFE	#FFFFFF
4486	#E5E1F1	#FEFEFE
4487	#E2DEEF	#FDFDFD
4488	#DED9ED	#FDFDFD
4489	#FEFDFD	#FFFFFF
4491	#FFFEFE	#FFFFFF
4492	#F6F4FA	#FFFFFF
4493	#DCD7EC	#FEFEFE
4494	#F4E5E4	#FEFEFE
4495	#D2CCE7	#FCFCFC
4496	#EAE7F4	#FEFEFE
4497	#FFFEFE	#FFFFFF
4498	#E4E1F1	#FEFEFE
4499	#FDFBFB	#FFFFFF
4500	#FBF6F5	#FFFFFF
4501	#F3F1F8	#FEFEFE
4502	#F7EDEC	#FEFEFE
4503	#ECE9F5	#FEFEFE
4504	#FAF4F3	#FFFFFF
4505	#F6EAE8	#FEFEFE
4506	#FEFEFE	#FFFFFF
4507	#FBF6F5	#FFFFFF
4508	#E1DDEF	#FDFDFD
4509	#DCD7EC	#FEFEFE
4510	#E9CFCC	#FDFDFD
4511	#FEFDFD	#FFFFFF
4512	#FDF9F9	#FFFFFF
4513	#FEFDFD	#FFFFFF
4514	#F3F1F8	#FEFEFE
4515	#F4F3F9	#FEFEFE
4516	#F7ECEA	#FEFEFE
4517	#F6EAE8	#FEFEFE
4518	#FBFBFD	#FFFFFF
4519	#FEFCFC	#FFFFFF
4520	#FBF7F6	#FFFFFF
4521	#EFEDF6	#FEFEFE
4522	#E7E4F2	#FDFDFD
4523	#FAFAFC	#FFFFFF
4524	#EAE8F4	#FDFDFD
4525	#FEFCFC	#FFFFFF
4526	#EAE7F4	#FDFDFD
4527	#EDD7D4	#FEFEFE
4528	#ECD4D1	#FDFDFD
4529	#F7ECEA	#FEFEFE
4530	#F6F4FA	#FFFFFF
4531	#F5E9E8	#FEFEFE
4532	#ECE9F4	#FEFEFE
4533	#FDFDFE	#FFFFFF
4534	#F7F6FB	#FFFFFF
4535	#E9CFCC	#FCFCFC
4536	#F6E9E8	#FEFEFE
4537	#DFBCB7	#FCFCFC
4538	#FEFEFE	#FFFFFF
4539	#F7ECEA	#FEFEFE
4540	#F1E0DE	#FEFEFE
4541	#FBFAFD	#FFFFFF
4542	#EAE7F4	#FEFEFE
4543	#E9CECB	#FDFDFD
4544	#F7ECEA	#FEFEFE
4545	#F7EDEC	#FEFEFE
4547	#E0BCB7	#FCFCFC
4548	#F7ECEA	#FEFEFE
4549	#F9F1F0	#FFFFFF
4550	#F7F6FB	#FFFFFF
4551	#F8EEED	#FEFEFE
4552	#FEFDFD	#FFFFFF
4553	#EFEDF6	#FEFEFE
4554	#FAF4F4	#FFFFFF
4555	#FDFBFA	#FFFFFF
4556	#ECD5D2	#FCFCFC
4557	#F7F6FB	#FFFFFF
4558	#FFFFFF	#FFFFFF
4559	#E0DCEE	#FDFDFD
4560	#ECD5D1	#FDFDFD
4561	#F9F9FC	#FFFFFF
4562	#F3E4E2	#FEFEFE
4563	#FBF5F4	#FFFFFF
4564	#DCD7EC	#FCFCFC
4565	#E4E0F0	#FEFEFE
4566	#FFFFFF	#FFFFFF
4567	#FEFCFC	#FFFFFF
4568	#ECEAF5	#FEFEFE
4569	#E9D0CC	#FDFDFD
4570	#FEFDFD	#FFFFFF
4571	#FBF5F4	#FFFFFF
4572	#FCFBFD	#FFFFFF
4573	#ECE9F5	#FEFEFE
4574	#F2F0F8	#FEFEFE
4575	#F1EFF7	#FEFEFE
4576	#E5E2F1	#FDFDFD
4577	#FDFBFA	#FFFFFF
4578	#F2E3E0	#FEFEFE
4579	#EBD4D1	#FDFDFD
4580	#F9F1F0	#FFFFFF
4581	#E8E5F2	#FEFEFE
4582	#E5C8C4	#FDFDFD
4583	#C9928B	#FBFBFB
4584	#E3C4BF	#FDFDFD
4585	#F7EEEC	#FFFFFF
4586	#F1E0DE	#FEFEFE
4587	#E3C3BF	#FDFDFD
4588	#FDFBFB	#FFFFFF
4589	#F7ECEB	#FEFEFE
4590	#F6EAE8	#FEFEFE
4592	#E8E5F3	#FEFEFE
4593	#FAFAFD	#FFFFFF
4594	#E3DFF0	#FEFEFE
4595	#F2E2E0	#FEFEFE
4596	#FCFBFD	#FFFFFF
4597	#EDD6D3	#FEFEFE
4598	#FFFFFF	#FFFFFF
4599	#FFFFFF	#FFFFFF
4600	#F5F4FA	#FFFFFF
4601	#ECD4D1	#FDFDFD
4602	#EBD3D0	#FCFCFC
4603	#F9F0EF	#FFFFFF
4604	#F9F0EF	#FEFEFE
4605	#F8F7FB	#FFFFFF
4606	#F3F1F9	#FFFFFF
4607	#FDFCFE	#FFFFFF
4608	#F0DDDB	#FDFDFD
4609	#F5E9E8	#FEFEFE
4610	#F1E0DE	#FEFEFE
4611	#F7F5FA	#FFFFFF
4612	#F1E0DE	#FEFEFE
4613	#F4E7E5	#FEFEFE
4614	#FDFDFE	#FFFFFF
4615	#FCF8F8	#FFFFFF
4616	#EDD6D3	#FEFEFE
4617	#FDFAFA	#FFFFFF
4618	#E6C8C4	#FAFAFA
4619	#F7EDEB	#FEFEFE
4620	#FDFCFE	#FFFFFF
4621	#FDFAFA	#FFFFFF
4622	#D4CFE8	#FBFBFB
4623	#EBE8F4	#FEFEFE
4624	#F9F9FC	#FFFFFF
4625	#DDB7B2	#FCFCFC
4626	#F8EEED	#FEFEFE
4627	#FDFBFA	#FFFFFF
4628	#F8F7FB	#FFFFFF
4629	#FBF7F6	#FFFFFF
4630	#F7ECEB	#FFFFFF
4631	#ECD5D2	#FEFEFE
4632	#D9D3EA	#FCFCFC
4633	#DFBCB7	#FCFCFC
4634	#E8CDCA	#FEFEFE
4635	#BF827B	#FAFAFA
4636	#F1E0DD	#FEFEFE
4637	#DCB6B1	#FCFCFC
4638	#F3E5E3	#FEFEFE
4639	#C2867F	#FAFAFA
4640	#E8CECA	#FEFEFE
4641	#FAF3F2	#FFFFFF
4642	#F0EEF7	#FEFEFE
4643	#E5E1F1	#FDFDFD
4644	#F6EAE8	#FEFEFE
4645	#EDD6D3	#FDFDFD
4646	#F0DEDC	#FEFEFE
4648	#F7EDEB	#FFFFFF
4649	#E5E1F1	#FEFEFE
4650	#FBFBFD	#FFFFFF
4651	#F6E9E8	#FEFEFE
4652	#E0BDB8	#FBFBFB
4653	#F5E8E7	#FEFEFE
4654	#E4E1F1	#FDFDFD
4655	#F6F5FA	#FFFFFF
4656	#E2DEEF	#FDFDFD
4657	#EFEDF7	#FEFEFE
4658	#F3E3E1	#FEFEFE
4659	#ECE9F4	#FEFEFE
4660	#DFBBB7	#FCFCFC
4661	#FDFAFA	#FFFFFF
4662	#F2E1DF	#FEFEFE
4663	#F8EFED	#FFFFFF
4664	#F2F1F8	#FEFEFE
4665	#E4C4C0	#FDFDFD
4666	#F6EBEA	#FEFEFE
4667	#E9CECA	#FDFDFD
4668	#F5F4FA	#FFFFFF
4669	#F5E9E8	#FEFEFE
4670	#E4E0F0	#FDFDFD
4671	#F9F8FB	#FFFFFF
4672	#DDD8EC	#FCFCFC
4673	#EDEAF5	#FEFEFE
4674	#F5F4FA	#FFFFFF
4675	#F8F7FB	#FFFFFF
4676	#FDFDFE	#FFFFFF
4677	#FDFDFE	#FFFFFF
4678	#E3C3BF	#FDFDFD
4679	#FDFBFB	#FFFFFF
4680	#F9F9FC	#FFFFFF
4681	#F4E7E5	#FEFEFE
4682	#D8D2EA	#FDFDFD
4683	#E1BEBA	#FEFEFE
4684	#E0BCB7	#FCFCFC
4685	#CC9790	#FCFCFC
4686	#E1BEBA	#FDFDFD
4687	#E2C0BC	#FDFDFD
4688	#DFBBB6	#FCFCFC
4689	#FDFBFA	#FFFFFF
4690	#F7EEEC	#FFFFFF
4691	#FCFCFD	#FFFFFF
4693	#F0DDDB	#FEFEFE
4694	#F0DDDB	#FEFEFE
4695	#FAF9FC	#FFFFFF
4696	#F7ECEB	#FFFFFF
4697	#EEECF6	#FEFEFE
4698	#FAF9FC	#FFFFFF
4699	#F7EDEC	#FEFEFE
4700	#FFFFFF	#FFFFFF
4701	#EBE9F4	#FEFEFE
4702	#EBD3D0	#FDFDFD
4703	#F3F1F8	#FEFEFE
4704	#F7EDEC	#FEFEFE
4705	#E8E4F2	#FDFDFD
4706	#EAD1CE	#FDFDFD
4707	#F8F0EE	#FEFEFE
4708	#F7EDEC	#FEFEFE
4709	#F8F0EF	#FEFEFE
4710	#F8EFEE	#FEFEFE
4711	#EDEAF5	#FEFEFE
4712	#E8E4F2	#FEFEFE
4713	#F5F4FA	#FFFFFF
4714	#F3E5E3	#FEFEFE
4715	#EAE7F4	#FEFEFE
4716	#F3F1F8	#FFFFFF
4717	#FCF7F6	#FFFFFF
4718	#DFBBB7	#FCFCFC
4719	#FDFBFB	#FFFFFF
4720	#FAF4F3	#FFFFFF
4721	#D3CDE7	#FAFAFA
4722	#FCFBFD	#FFFFFF
4723	#F3E3E1	#FEFEFE
4724	#F9F2F1	#FEFEFE
4725	#E7E3F2	#FCFCFC
4726	#FAF4F3	#FFFFFF
4727	#F6E9E8	#FEFEFE
4728	#EDEAF5	#FEFEFE
4729	#FAF4F3	#FFFFFF
4730	#F8EEED	#FEFEFE
4731	#FBF6F6	#FFFFFF
4732	#E2C1BC	#FDFDFD
4733	#EFDCDA	#FEFEFE
4734	#F8EEED	#FFFFFF
4735	#E8CECA	#FEFEFE
4736	#EBD2CF	#FDFDFD
4737	#F5E7E6	#FEFEFE
4738	#E1BEB9	#FDFDFD
4739	#F1E0DD	#FEFEFE
4740	#F8F7FB	#FFFFFF
4741	#C4BCDF	#FCFCFC
4742	#FDFBFB	#FFFFFF
4743	#F6E9E8	#FEFEFE
4744	#EFDCD9	#FEFEFE
4745	#E4C4C0	#FDFDFD
4746	#EFDCDA	#FEFEFE
4747	#FEFDFE	#FFFFFF
4749	#F9F1F0	#FFFFFF
4750	#BE7F78	#FAFAFA
4751	#FAF4F3	#FFFFFF
4752	#EDEAF5	#FEFEFE
4753	#F7EDEC	#FEFEFE
4754	#EBE8F4	#FEFEFE
4755	#F9F1F0	#FFFFFF
4756	#D8D3EA	#FDFDFD
4757	#F8EFEE	#FEFEFE
4758	#E3DFF0	#FCFCFC
4759	#F0EEF7	#FEFEFE
4760	#FBF6F5	#FFFFFF
4761	#F8EEED	#FFFFFF
4762	#DDB7B2	#FCFCFC
4763	#F8F7FB	#FFFFFF
4764	#FDFCFE	#FFFFFF
4765	#EDEAF5	#FEFEFE
4766	#F3F1F9	#FEFEFE
4767	#FDFAFA	#FFFFFF
4768	#FAF4F3	#FFFFFF
4769	#F5F4FA	#FFFFFF
4770	#F7F6FB	#FFFFFF
4771	#EFEDF7	#FEFEFE
4772	#FCF7F7	#FFFFFF
4773	#F3E3E1	#FEFEFE
4774	#D9D4EA	#FDFDFD
4775	#EDEBF5	#FDFDFD
4776	#FDFAFA	#FFFFFF
4777	#FDFBFB	#FFFFFF
4778	#E8CDCA	#FDFDFD
4779	#F9F8FC	#FFFFFF
4780	#EBD2CF	#FDFDFD
4781	#F1DFDD	#FEFEFE
4782	#F6F4FA	#FFFFFF
4783	#FCF8F7	#FFFFFF
4784	#C38780	#FAFAFA
4785	#F4E5E4	#FEFEFE
4786	#E8CDCA	#FEFEFE
4787	#F9F1EF	#FFFFFF
4788	#F1E0DD	#FEFEFE
4789	#EAE7F4	#FEFEFE
4790	#EFDCD9	#FEFEFE
4791	#F2E2E0	#FEFEFE
4792	#F9F1F0	#FFFFFF
4794	#FEFEFE	#FFFFFF
4795	#FBFBFD	#FFFFFF
4796	#F6EAE8	#FEFEFE
4797	#F0DEDB	#FEFEFE
4798	#E6E2F1	#FEFEFE
4799	#E5E1F1	#FEFEFE
4800	#FFFFFF	#FFFFFF
4801	#F3E4E2	#FEFEFE
4802	#EFDCDA	#FDFDFD
4803	#F0DEDB	#FEFEFE
4804	#FEFDFC	#FFFFFF
4805	#F3E5E3	#FEFEFE
4806	#E4E0F0	#FDFDFD
4807	#F2F0F8	#FEFEFE
4808	#FEFDFD	#FFFFFF
4809	#F8F7FB	#FFFFFF
4810	#F2E1DF	#FDFDFD
4811	#EBD2CF	#FDFDFD
4812	#EBE8F4	#FEFEFE
4813	#F2F0F8	#FEFEFE
4814	#F9F1F0	#FFFFFF
4815	#E5E1F1	#FDFDFD
4816	#EFECF6	#FEFEFE
4817	#F7EDEB	#FEFEFE
4818	#F3E4E3	#FEFEFE
4819	#F9F2F1	#FFFFFF
4820	#E9E6F3	#FEFEFE
4821	#FCF9F8	#FFFFFF
4822	#F8F7FB	#FFFFFF
4823	#FDFDFE	#FFFFFF
4824	#EDEAF5	#FEFEFE
4825	#FDFAF9	#FFFFFF
4826	#F1EFF8	#FEFEFE
4827	#FEFDFC	#FFFFFF
4828	#F6EAE8	#FEFEFE
4829	#C68E87	#FBFBFB
4830	#FFFFFF	#FFFFFF
4831	#F7ECEB	#FFFFFF
4832	#F3E5E3	#FEFEFE
4833	#F1DFDD	#FEFEFE
4834	#F4E5E4	#FEFEFE
4835	#E6C8C4	#FDFDFD
4836	#F9F9FC	#FFFFFF
4837	#F1DFDD	#FEFEFE
4838	#DFBBB7	#FCFCFC
4839	#DEB9B5	#FCFCFC
4840	#E1BEBA	#FEFEFE
4841	#ECD4D1	#FDFDFD
4842	#F1DFDD	#FEFEFE
4843	#FFFFFF	#FFFFFF
4844	#EEEBF6	#FEFEFE
4845	#EAD0CD	#FDFDFD
4846	#E3C3BF	#FDFDFD
4847	#F6EAE9	#FEFEFE
4848	#EAE7F4	#FDFDFD
4850	#E8CDCA	#FEFEFE
4851	#DDD8ED	#FDFDFD
4852	#ECD4D1	#FCFCFC
4853	#F7EDEC	#FEFEFE
4854	#F8F7FB	#FFFFFF
4855	#FEFDFC	#FFFFFF
4856	#FBF6F5	#FFFFFF
4857	#F0DEDC	#FDFDFD
4858	#FBF5F4	#FFFFFF
4859	#FCFCFD	#FFFFFF
4860	#F2F0F8	#FEFEFE
4861	#F6F5FA	#FFFFFF
4862	#DFBBB7	#FCFCFC
4863	#FCF7F7	#FFFFFF
4864	#FDFBFA	#FFFFFF
4865	#EBE9F4	#FEFEFE
4866	#F8F7FB	#FFFFFF
4867	#F1E0DE	#FEFEFE
4868	#E3DFF0	#FDFDFD
4869	#E9E6F3	#FDFDFD
4870	#EDEBF5	#FEFEFE
4871	#FEFEFE	#FFFFFF
4872	#EAD2CE	#FDFDFD
4873	#E9CECB	#FDFDFD
4874	#D6D1E9	#FCFCFC
4875	#FBFBFD	#FFFFFF
4876	#DDD8EC	#FBFBFB
4877	#FAF9FC	#FFFFFF
4878	#CF9D97	#FCFCFC
4879	#F9F2F1	#FFFFFF
4880	#FBFBFD	#FFFFFF
4881	#E5E1F1	#FEFEFE
4882	#F2F0F8	#FFFFFF
4883	#F1E0DE	#FEFEFE
4884	#F9F1EF	#FEFEFE
4885	#FDFBFA	#FFFFFF
4886	#E9CECA	#FEFEFE
4887	#FAF9FC	#FFFFFF
4888	#F1DFDD	#FEFEFE
4889	#F6F5FA	#FFFFFF
4890	#F1E0DE	#FEFEFE
4891	#E4C4C0	#FDFDFD
4892	#E6C8C4	#FDFDFD
4893	#E8CCC8	#FDFDFD
4895	#FEFEFE	#FFFFFF
4896	#F4F3F9	#FEFEFE
4897	#DAB1AC	#FCFCFC
4898	#F4E7E5	#FEFEFE
4899	#EED9D6	#FDFDFD
4900	#ECD4D1	#FDFDFD
4901	#FDFDFE	#FFFFFF
4902	#FBFBFD	#FFFFFF
4903	#F8EEED	#FEFEFE
4904	#F7F5FA	#FFFFFF
4905	#FBFBFD	#FFFFFF
4906	#F6F4FA	#FEFEFE
4907	#EFEDF6	#FEFEFE
4908	#FDF9F9	#FFFFFF
4909	#EDD7D4	#FDFDFD
4910	#DEDAED	#FDFDFD
4911	#F7ECEB	#FEFEFE
4912	#F9F2F1	#FEFEFE
4913	#E6C8C4	#FDFDFD
4914	#E8E5F3	#FEFEFE
4915	#FCF8F8	#FFFFFF
4916	#F5F4FA	#FFFFFF
4917	#EEECF6	#FEFEFE
4918	#E8E5F2	#FEFEFE
4919	#F6F4FA	#FFFFFF
4920	#F3E5E3	#FEFEFE
4921	#E8E5F3	#FEFEFE
4922	#FBF5F4	#FFFFFF
4923	#F3F1F8	#FFFFFF
4924	#FFFEFE	#FFFFFF
4925	#FCF7F7	#FFFFFF
4926	#F6F5FA	#FEFEFE
4927	#FAF4F4	#FFFFFF
4928	#BB7A73	#FAFAFA
4929	#F2E1DF	#FEFEFE
4930	#FDFAFA	#FFFFFF
4931	#D9B0AB	#FDFDFD
4932	#F1E0DE	#FEFEFE
4933	#F4E5E4	#FEFEFE
4934	#ECD5D2	#FEFEFE
4935	#F9F8FC	#FFFFFF
4936	#F6EAE8	#FEFEFE
4937	#CB9690	#FCFCFC
4938	#FEFDFD	#FFFFFF
4939	#FBFAFD	#FFFFFF
4940	#CB9690	#FCFCFC
4941	#FEFDFD	#FFFFFF
4942	#DCB5B0	#FCFCFC
4943	#FDFDFE	#FFFFFF
4944	#E5C7C3	#FDFDFD
4945	#F1E0DE	#FEFEFE
4946	#F6EAE9	#FEFEFE
4947	#FBF5F4	#FFFFFF
4948	#EDD7D4	#FDFDFD
4949	#EDD8D5	#FCFCFC
4951	#F6F4FA	#FFFFFF
4952	#EEDAD7	#FEFEFE
4953	#EBD3D0	#FCFCFC
4954	#FAF3F2	#FFFFFF
4955	#FEFDFD	#FFFFFF
4956	#FBF6F5	#FFFFFF
4957	#EDEBF5	#FEFEFE
4958	#F8F7FB	#FFFFFF
4959	#DFBBB7	#FCFCFC
4960	#E6C8C5	#FDFDFD
4961	#EAD1CE	#FDFDFD
4962	#F1EFF7	#FEFEFE
4963	#F4E5E3	#FEFEFE
4964	#F8EEED	#FEFEFE
4965	#EFDCD9	#FEFEFE
4966	#E6E2F1	#FEFEFE
4967	#E9CECA	#FDFDFD
4968	#E2DEEF	#FDFDFD
4969	#F9F1F0	#FFFFFF
4970	#F3F1F8	#FEFEFE
4971	#FCFCFE	#FFFFFF
4972	#D1CBE6	#FBFBFB
4973	#FAF3F2	#FFFFFF
4974	#FDFDFE	#FFFFFF
4975	#F3E4E2	#FEFEFE
4976	#FEFDFD	#FFFFFF
4977	#E9E6F3	#FEFEFE
4978	#FAF3F2	#FFFFFF
4979	#FBFBFD	#FFFFFF
4980	#E9D0CC	#FDFDFD
4981	#F7EDEC	#FEFEFE
4982	#CB9690	#FCFCFC
4983	#CF9D97	#FCFCFC
4984	#EEECF6	#FFFFFF
4985	#FDFDFE	#FFFFFF
4986	#E4C4C0	#FDFDFD
4987	#E2C0BC	#FDFDFD
4988	#E2C0BB	#FBFBFB
4989	#F1E0DE	#FEFEFE
4990	#EED9D6	#FEFEFE
4991	#F5F4FA	#FFFFFF
4992	#F8EFEE	#FEFEFE
4993	#F9F1F0	#FFFFFF
4994	#F9F1F0	#FFFFFF
4996	#EFDBD9	#FEFEFE
4997	#DAB1AC	#FCFCFC
4998	#F2F0F8	#FEFEFE
4999	#F6F5FA	#FEFEFE
5000	#EDD6D4	#FBFBFB
5001	#FDFDFE	#FFFFFF
5002	#F8EEED	#FEFEFE
5003	#F2F0F8	#FFFFFF
5004	#F0DEDC	#FDFDFD
5005	#FEFCFC	#FFFFFF
5006	#F7EDEB	#FEFEFE
5007	#F3E5E3	#FEFEFE
5008	#FCF8F8	#FFFFFF
5009	#EDD6D3	#FDFDFD
5010	#F2F0F8	#FEFEFE
5011	#F6F4FA	#FFFFFF
5012	#F5F4FA	#FFFFFF
5013	#F5F4FA	#FFFFFF
5014	#CB9790	#FCFCFC
5015	#E4E0F0	#FDFDFD
5016	#F2F0F8	#FEFEFE
5017	#DFDAED	#FDFDFD
5018	#FEFEFF	#FFFFFF
5019	#FEFCFC	#FFFFFF
5020	#F9F1F0	#FFFFFF
5021	#F5F4FA	#FFFFFF
5022	#FDFDFE	#FFFFFF
5023	#E7E4F2	#FEFEFE
5024	#FCF7F7	#FFFFFF
5025	#F8EEED	#FEFEFE
5026	#E7E4F2	#FDFDFD
5027	#EFECF6	#FEFEFE
5028	#D8D3EA	#FDFDFD
5029	#FAF2F2	#FFFFFF
5030	#FBF6F6	#FFFFFF
5031	#FBFAFD	#FFFFFF
5032	#FBF6F6	#FFFFFF
5033	#FCFBFD	#FFFFFF
5034	#F7ECEB	#FFFFFF
5035	#ECD6D3	#FEFEFE
5036	#F2E2E0	#FEFEFE
5037	#CB9690	#FCFCFC
5038	#E6E2F1	#FEFEFE
5039	#EFECF6	#FFFFFF
5040	#FBFAFD	#FFFFFF
5041	#FBF6F6	#FFFFFF
5042	#FAF9FC	#FFFFFF
5043	#F1EFF8	#FEFEFE
5044	#EBD4D1	#FDFDFD
5045	#EDEAF5	#FEFEFE
5046	#B9766F	#F9F9F9
5047	#B97871	#F9F9F9
5048	#E5C7C3	#FBFBFB
5049	#EAD0CD	#FBFBFB
5050	#F4E6E4	#FDFDFD
