group	fill	colour
1	#FAF9FC	#FFFFFF
2	#FBF5F5	#FFFFFF
3	#AFA5D3	#FCFCFC
4	#B7AFD8	#FDFDFD
5	#D9B0AA	#FDFDFD
6	#C3BBDE	#FDFDFD
7	#E1BEBA	#FEFEFE
8	#F4E6E4	#FEFEFE
9	#C3BBDE	#FDFDFD
10	#FAF9FC	#FFFFFF
11	#CCC5E3	#FDFDFD
12	#E5E1F1	#FEFEFE
13	#E1BEBA	#FEFEFE
14	#ECD6D3	#FEFEFE
15	#D5CFE8	#FEFEFE
17	#D4A59F	#FCFCFC
18	#D4CFE8	#FEFEFE
19	#E5E1F1	#FEFEFE
20	#DDD8EC	#FEFEFE
21	#E1BEBA	#FEFEFE
22	#FBFAFD	#FFFFFF
23	#F9F8FC	#FFFFFF
24	#E8CDC9	#FEFEFE
25	#E9E6F3	#FEFEFE
26	#D4CFE8	#FEFEFE
27	#D3CDE7	#FDFDFD
28	#D5CFE8	#FEFEFE
29	#ECD5D3	#FEFEFE
30	#C3BBDE	#FDFDFD
31	#FAF9FC	#FFFFFF
32	#F7EEEC	#FFFFFF
33	#F1E0DD	#FEFEFE
34	#FAFAFD	#FFFFFF
35	#EFECF6	#FEFEFE
36	#FAF9FC	#FFFFFF
37	#F9F8FC	#FFFFFF
38	#B7AFD8	#FDFDFD
39	#E5E1F1	#FEFEFE
40	#AFA6D3	#FCFCFC
41	#FAF9FC	#FFFFFF
42	#F6F4FA	#FFFFFF
43	#FBFBFD	#FFFFFF
44	#F8EEED	#FFFFFF
45	#B7AFD8	#FDFDFD
47	#D9B0AB	#FDFDFD
48	#F6F5FA	#FFFFFF
49	#EBD4D0	#FEFEFE
50	#EBD4D0	#FEFEFE
51	#AFA5D3	#FCFCFC
52	#FBF6F6	#FFFFFF
53	#ECEAF5	#FEFEFE
54	#E9E5F3	#FEFEFE
55	#CF9D97	#FCFCFC
56	#EBD3D0	#FEFEFE
57	#C3BBDE	#FDFDFD
58	#F7EEEC	#FFFFFF
59	#FEFDFC	#FFFFFF
60	#E5E2F1	#FEFEFE
61	#F1E0DD	#FEFEFE
62	#F1E0DE	#FEFEFE
63	#C3BBDE	#FDFDFD
64	#FEFDFD	#FFFFFF
65	#FBFAFD	#FFFFFF
67	#FAF9FC	#FFFFFF
68	#E1BEB9	#FEFEFE
69	#D5CFE8	#FEFEFE
70	#F8EEED	#FFFFFF
71	#DDD8ED	#FEFEFE
72	#E1BEB9	#FEFEFE
73	#FAF9FC	#FFFFFF
74	#F4E6E4	#FEFEFE
75	#FAFAFC	#FFFFFF
76	#EBD4D0	#FEFEFE
77	#F7ECEB	#FFFFFF
79	#D5CFE8	#FEFEFE
80	#D5CFE8	#FEFEFE
81	#E1BEBA	#FEFEFE
82	#DDD9ED	#FEFEFE
83	#FAF9FC	#FFFFFF
84	#F1DFDD	#FEFEFE
85	#FBF7F6	#FFFFFF
86	#E8E5F3	#FEFEFE
87	#FBF7F6	#FFFFFF
88	#D8D3EA	#FDFDFD
89	#D9B0AB	#FDFDFD
90	#FAFAFC	#FFFFFF
91	#EEECF6	#FFFFFF
92	#CBC4E3	#FDFDFD
93	#9B91C9	#FAFAFA
94	#CCC6E3	#FDFDFD
95	#D3CDE7	#FDFDFD
96	#F8EEED	#FFFFFF
98	#A79ECF	#FBFBFB
99	#EBD4D0	#FEFEFE
100	#E1BEBA	#FEFEFE
101	#B7AFD8	#FDFDFD
102	#EBD3D0	#FEFEFE
103	#E8E5F3	#FEFEFE
104	#F1EFF8	#FFFFFF
105	#E4E1F0	#FEFEFE
106	#C3BBDE	#FDFDFD
107	#D5CFE8	#FEFEFE
108	#F1DFDD	#FEFEFE
109	#EBD4D0	#FEFEFE
110	#AFA5D3	#FCFCFC
111	#F8EEED	#FFFFFF
112	#FBFAFD	#FFFFFF
113	#AFA6D3	#FCFCFC
114	#F1DFDD	#FEFEFE
115	#C3BBDE	#FDFDFD
116	#FBFAFD	#FFFFFF
118	#F1E0DD	#FEFEFE
119	#D5CFE8	#FEFEFE
121	#E1BEBA	#FEFEFE
122	#FBF6F6	#FFFFFF
123	#DEDAED	#FEFEFE
124	#FBF7F6	#FFFFFF
125	#EEECF6	#FEFEFE
126	#FAF9FC	#FFFFFF
127	#E8E5F3	#FEFEFE
128	#B8AFD8	#FDFDFD
129	#E8E5F3	#FEFEFE
130	#DDD8EC	#FEFEFE
131	#C3BBDE	#FDFDFD
132	#ECD6D3	#FEFEFE
133	#FAF9FC	#FFFFFF
134	#ECD5D2	#FEFEFE
135	#E9E6F3	#FEFEFE
136	#A096CB	#FBFBFB
137	#E1BEBA	#FEFEFE
138	#F9F8FC	#FFFFFF
139	#E1BEBA	#FEFEFE
140	#E5E2F1	#FEFEFE
141	#FAF9FC	#FFFFFF
142	#DCD7EC	#FEFEFE
143	#DEDAED	#FDFDFD
144	#DDD8ED	#FEFEFE
145	#D9B0AB	#FDFDFD
146	#FAF9FC	#FFFFFF
147	#E5E1F1	#FEFEFE
148	#D4CEE8	#FEFEFE
149	#F7EDEB	#FFFFFF
150	#F2F0F8	#FEFEFE
151	#B7AFD8	#FDFDFD
152	#D9AFAA	#FDFDFD
153	#C3BBDE	#FDFDFD
154	#FAF9FC	#FFFFFF
155	#F1E0DE	#FEFEFE
156	#FBF6F5	#FFFFFF
157	#F6F5FA	#FFFFFF
158	#E8E5F3	#FEFEFE
159	#C3BBDE	#FDFDFD
160	#FAFAFC	#FFFFFF
161	#F9F8FC	#FFFFFF
162	#B7AFD8	#FDFDFD
163	#E1BEBA	#FEFEFE
164	#ECD5D2	#FEFEFE
165	#EBD4D0	#FEFEFE
166	#D4CEE8	#FDFDFD
167	#D4CFE8	#FEFEFE
168	#F6F5FA	#FFFFFF
169	#E1BEBA	#FEFEFE
170	#DDD8EC	#FEFEFE
171	#EBD3D0	#FEFEFE
172	#F8EEED	#FFFFFF
173	#FAF9FC	#FFFFFF
174	#E8E5F3	#FEFEFE
175	#C5BDDF	#FCFCFC
176	#E1BEBA	#FEFEFE
177	#E8E5F3	#FEFEFE
178	#F8EEED	#FFFFFF
179	#DDD9ED	#FEFEFE
180	#FBFBFD	#FFFFFF
181	#F8EEED	#FFFFFF
182	#DDD8ED	#FEFEFE
183	#A89ED0	#F9F9F9
184	#DCD7EC	#FEFEFE
185	#C3BBDE	#FDFDFD
186	#E9E5F3	#FEFEFE
187	#F1E0DE	#FEFEFE
188	#F1E0DD	#FEFEFE
189	#EFECF6	#FEFEFE
190	#EEECF6	#FFFFFF
192	#D5CFE8	#FEFEFE
193	#D3CDE7	#FDFDFD
194	#EBD4D0	#FEFEFE
195	#FAF9FC	#FFFFFF
196	#FAF9FC	#FFFFFF
197	#E5E1F1	#FEFEFE
198	#FAF9FC	#FFFFFF
199	#B7AFD8	#FDFDFD
200	#FAFAFC	#FFFFFF
201	#C3BBDE	#FDFDFD
202	#E9E6F3	#FEFEFE
204	#FAF9FC	#FFFFFF
205	#EBD4D0	#FEFEFE
206	#FBFAFD	#FFFFFF
207	#CCC5E3	#FDFDFD
208	#A79ECF	#FBFBFB
209	#E8E5F3	#FEFEFE
210	#F3E5E3	#FEFEFE
211	#D4CEE7	#FDFDFD
212	#F8EEED	#FFFFFF
213	#D4CFE8	#FEFEFE
214	#FAFAFC	#FFFFFF
215	#F8EEED	#FFFFFF
216	#D5CFE8	#FEFEFE
217	#FAF9FC	#FFFFFF
218	#E4E0F0	#FEFEFE
219	#D4CFE8	#FEFEFE
221	#EEECF6	#FFFFFF
222	#A096CB	#FBFBFB
223	#D5CFE8	#FEFEFE
224	#EBD4D0	#FEFEFE
225	#FBFAFD	#FFFFFF
226	#FBFAFD	#FFFFFF
227	#EFEDF6	#FFFFFF
228	#EFECF6	#FFFFFF
229	#EFECF6	#FEFEFE
230	#CDC7E4	#FCFCFC
231	#DDD8ED	#FEFEFE
232	#B7AFD8	#FDFDFD
233	#FAF9FC	#FFFFFF
234	#FAFAFC	#FFFFFF
235	#C3BBDE	#FDFDFD
236	#F8EEED	#FFFFFF
237	#FAF9FC	#FFFFFF
238	#B7AFD8	#FDFDFD
239	#FBFBFD	#FFFFFF
240	#E9E5F3	#FEFEFE
241	#E9E5F3	#FEFEFE
242	#E9E5F3	#FEFEFE
243	#D4CFE8	#FEFEFE
244	#FBFAFD	#FFFFFF
245	#FAF9FC	#FFFFFF
246	#D5CFE8	#FEFEFE
247	#FAF9FC	#FFFFFF
248	#B7AFD8	#FDFDFD
249	#FAF9FC	#FFFFFF
250	#F9F8FC	#FFFFFF
251	#DDD8EC	#FEFEFE
252	#CC9791	#FCFCFC
253	#E0BDB9	#FEFEFE
255	#F8EEED	#FFFFFF
256	#D4A5A0	#FCFCFC
257	#FAF9FC	#FFFFFF
258	#D9B0AB	#FDFDFD
259	#F2F0F8	#FFFFFF
260	#E8E5F3	#FEFEFE
261	#AEA5D3	#FCFCFC
262	#F1DFDD	#FEFEFE
263	#E1BEBA	#FEFEFE
265	#C5BEDF	#FCFCFC
267	#F7ECEB	#FFFFFF
268	#FEFCFC	#FFFFFF
269	#FAF9FC	#FFFFFF
270	#EBD3D0	#FEFEFE
271	#B8AFD8	#FDFDFD
272	#E1BEBA	#FEFEFE
273	#B7AFD8	#FDFDFD
274	#FEFDFC	#FFFFFF
275	#F8EEED	#FFFFFF
276	#DDD8EC	#FEFEFE
277	#F8EEED	#FFFFFF
278	#EEECF6	#FEFEFE
279	#ECD5D2	#FEFEFE
280	#FAF9FC	#FFFFFF
281	#B7AFD8	#FDFDFD
282	#FBFAFD	#FFFFFF
283	#FBFAFD	#FFFFFF
284	#D4CEE7	#FDFDFD
285	#EBD4D0	#FEFEFE
286	#F1E0DE	#FEFEFE
287	#F1E0DD	#FEFEFE
288	#FAF9FC	#FFFFFF
289	#D3CEE7	#FDFDFD
290	#F1E0DE	#FEFEFE
291	#E1BEB9	#FEFEFE
292	#D4CEE8	#FEFEFE
294	#EBD4D0	#FEFEFE
295	#F1E0DD	#FEFEFE
296	#EBD3D0	#FEFEFE
297	#B7AFD8	#FDFDFD
298	#FAF9FC	#FFFFFF
299	#EBD3D0	#FEFEFE
300	#D3A49F	#FCFCFC
301	#E1BEBA	#FEFEFE
302	#EBD4D0	#FEFEFE
303	#D5CFE8	#FEFEFE
304	#F8EEED	#FFFFFF
305	#D9B0AB	#FDFDFD
308	#D5CFE8	#FEFEFE
309	#FAF9FC	#FFFFFF
310	#ECD5D2	#FEFEFE
311	#B7AED8	#FDFDFD
312	#FAFAFD	#FFFFFF
313	#FBF7F6	#FFFFFF
314	#E8E5F3	#FEFEFE
315	#C3BBDE	#FDFDFD
316	#D0CAE6	#FCFCFC
317	#FAF9FC	#FFFFFF
319	#EBD4D0	#FEFEFE
320	#E0BEB9	#FEFEFE
321	#FAF9FC	#FFFFFF
322	#EBD4D0	#FEFEFE
323	#FAF9FC	#FFFFFF
324	#FAF9FC	#FFFFFF
325	#D5CFE8	#FEFEFE
326	#FBFAFD	#FFFFFF
327	#C3BBDE	#FDFDFD
328	#F8EEED	#FFFFFF
329	#EEECF6	#FEFEFE
330	#F8EEED	#FFFFFF
331	#E5E1F1	#FEFEFE
332	#FAF9FC	#FFFFFF
333	#B8AFD8	#FDFDFD
334	#F4E6E4	#FEFEFE
335	#FBF5F5	#FFFFFF
336	#CDC7E4	#FCFCFC
337	#F9F8FC	#FFFFFF
338	#D5CFE8	#FEFEFE
339	#EBD4D0	#FEFEFE
340	#B7AFD8	#FDFDFD
341	#B7AED8	#FDFDFD
342	#F4E6E4	#FEFEFE
343	#D5CFE8	#FEFEFE
344	#F8EEED	#FFFFFF
346	#F1DFDD	#FEFEFE
348	#FEFCFC	#FFFFFF
349	#F8EEED	#FFFFFF
350	#D5CFE8	#FEFEFE
351	#FBF6F6	#FFFFFF
352	#EBD4D0	#FEFEFE
353	#FAF9FC	#FFFFFF
354	#F8EEED	#FFFFFF
355	#FBFAFD	#FFFFFF
356	#D5CFE8	#FEFEFE
357	#DDD8ED	#FEFEFE
358	#D5CFE8	#FEFEFE
359	#E1BEBA	#FEFEFE
360	#FBFAFD	#FFFFFF
361	#D5CFE8	#FEFEFE
362	#EEECF6	#FFFFFF
363	#EBD4D0	#FEFEFE
364	#EBD4D0	#FEFEFE
365	#F1E0DE	#FEFEFE
366	#EBD4D0	#FEFEFE
368	#FEFDFD	#FFFFFF
369	#EBD4D0	#FEFEFE
370	#B7AFD8	#FDFDFD
371	#E9E6F3	#FEFEFE
372	#F8EFED	#FFFFFF
373	#E8E5F3	#FEFEFE
374	#E5E1F1	#FEFEFE
375	#E8E5F3	#FEFEFE
376	#D5CFE8	#FEFEFE
377	#FBFAFD	#FFFFFF
378	#FEFDFC	#FFFFFF
379	#FBFAFD	#FFFFFF
380	#C3BBDE	#FDFDFD
381	#E4E1F1	#FEFEFE
382	#E8E5F3	#FEFEFE
383	#C7C0E1	#FCFCFC
384	#FBFAFD	#FFFFFF
385	#DDD8EC	#FEFEFE
386	#FBF6F5	#FFFFFF
387	#D4CEE8	#FDFDFD
388	#FBF6F6	#FFFFFF
389	#E1BEB9	#FEFEFE
390	#FAFAFD	#FFFFFF
391	#E1BEBA	#FEFEFE
392	#C3BBDE	#FDFDFD
393	#D4CFE8	#FEFEFE
394	#EBD4D0	#FEFEFE
395	#FAF9FC	#FFFFFF
396	#FAF9FC	#FFFFFF
397	#FAFAFC	#FFFFFF
399	#FDFBFA	#FFFFFF
400	#FAFAFD	#FFFFFF
401	#FAF9FC	#FFFFFF
402	#B8AFD8	#FDFDFD
403	#FAF9FC	#FFFFFF
404	#CF9D97	#FCFCFC
405	#DDD8ED	#FEFEFE
407	#E4C4C0	#FDFDFD
408	#C3BBDE	#FDFDFD
409	#FAF9FC	#FFFFFF
410	#E4E1F1	#FEFEFE
411	#F1DFDD	#FEFEFE
412	#C3BBDE	#FDFDFD
413	#FAF9FC	#FFFFFF
414	#CF9D97	#FCFCFC
415	#DDD8ED	#FEFEFE
416	#E8E5F3	#FEFEFE
417	#D3A59F	#FCFCFC
418	#E8E5F3	#FEFEFE
419	#FAF9FC	#FFFFFF
420	#F7ECEB	#FFFFFF
421	#EFECF6	#FEFEFE
422	#FBF7F6	#FFFFFF
423	#F8EEED	#FFFFFF
424	#FBFAFD	#FFFFFF
425	#FAF9FC	#FFFFFF
426	#F1E0DE	#FEFEFE
427	#FEFDFC	#FFFFFF
428	#F9F9FC	#FFFFFF
429	#FAF9FC	#FFFFFF
430	#E1BEB9	#FEFEFE
431	#E8E5F3	#FEFEFE
432	#EBD4D0	#FEFEFE
433	#CBC5E3	#FDFDFD
434	#D4CEE8	#FEFEFE
435	#EFEDF6	#FFFFFF
436	#EBD4D0	#FEFEFE
437	#E8E5F3	#FEFEFE
438	#DCD7EC	#FEFEFE
439	#D9B0AB	#FDFDFD
440	#FAF9FC	#FFFFFF
441	#D9B0AB	#FDFDFD
442	#F9F8FC	#FFFFFF
443	#F9F1F0	#FFFFFF
444	#E9E6F3	#FEFEFE
445	#FAF9FC	#FFFFFF
446	#EBD3D0	#FEFEFE
447	#D5CFE8	#FEFEFE
448	#FAF9FC	#FFFFFF
449	#F1DFDD	#FEFEFE
450	#D5CFE8	#FEFEFE
451	#F9F8FC	#FFFFFF
452	#F8EFED	#FFFFFF
453	#E1BEB9	#FEFEFE
454	#EFECF6	#FFFFFF
455	#F8EEED	#FFFFFF
456	#AFA6D3	#FCFCFC
457	#E1BEBA	#FEFEFE
458	#F9F8FC	#FFFFFF
459	#FBF6F5	#FFFFFF
460	#E8E5F3	#FEFEFE
461	#D4CFE8	#FEFEFE
462	#FAF9FC	#FFFFFF
463	#E4E0F0	#FEFEFE
464	#EEECF6	#FEFEFE
465	#FBF6F5	#FFFFFF
466	#E9E5F3	#FEFEFE
467	#EEEBF6	#FFFFFF
468	#E9CECB	#FEFEFE
469	#D4CFE8	#FEFEFE
470	#F8EEED	#FFFFFF
471	#AEA5D3	#FCFCFC
472	#E5E2F1	#FEFEFE
473	#EFECF6	#FEFEFE
474	#FAF9FC	#FFFFFF
475	#E9E5F3	#FEFEFE
476	#FBFAFD	#FFFFFF
477	#E9E6F3	#FEFEFE
478	#FBF6F6	#FFFFFF
479	#DCD7EC	#FEFEFE
480	#DDD8ED	#FEFEFE
481	#B8AFD8	#FDFDFD
482	#DDD8EC	#FEFEFE
483	#FCFBFD	#FFFFFF
484	#E4E1F0	#FEFEFE
485	#EBD4D0	#FEFEFE
486	#D5CFE8	#FEFEFE
487	#CF9D97	#FCFCFC
488	#EBD3D0	#FEFEFE
489	#D09E98	#FCFCFC
490	#FAFAFC	#FFFFFF
491	#FBF6F5	#FFFFFF
492	#D5CFE8	#FEFEFE
493	#D5CFE8	#FEFEFE
496	#E1BEBA	#FEFEFE
497	#FAF9FC	#FFFFFF
498	#D9B0AA	#FDFDFD
499	#EFECF6	#FEFEFE
500	#CF9D97	#FCFCFC
501	#E9CECA	#FEFEFE
502	#FBF6F5	#FFFFFF
503	#FAF9FC	#FFFFFF
504	#D4CEE8	#FDFDFD
505	#FBF6F5	#FFFFFF
506	#D4CFE8	#FEFEFE
507	#FAFAFD	#FFFFFF
508	#D5CFE8	#FEFEFE
509	#D9B0AB	#FDFDFD
510	#F8EFED	#FFFFFF
511	#E1BEBA	#FEFEFE
513	#FAF9FC	#FFFFFF
514	#E9E5F3	#FEFEFE
515	#F8EEED	#FFFFFF
516	#E4E1F1	#FEFEFE
517	#F9F0EF	#FFFFFF
518	#FAF9FC	#FFFFFF
519	#D9B0AA	#FDFDFD
520	#EBD4D0	#FEFEFE
521	#FAFAFC	#FFFFFF
522	#F8EEED	#FFFFFF
523	#C3BBDE	#FDFDFD
524	#D5CFE8	#FEFEFE
525	#F1DFDC	#FEFEFE
526	#EFECF6	#FEFEFE
527	#F1E0DE	#FEFEFE
528	#E8E5F3	#FEFEFE
529	#D5CFE8	#FEFEFE
530	#C3BBDE	#FDFDFD
531	#FAF9FC	#FFFFFF
532	#CDC7E4	#FCFCFC
533	#FBFAFD	#FFFFFF
534	#E9E5F3	#FEFEFE
535	#FEFEFE	#FFFFFF
536	#F1E0DD	#FEFEFE
537	#FAF9FC	#FFFFFF
538	#F8EEED	#FFFFFF
540	#E1BEBA	#FEFEFE
541	#FAFAFD	#FFFFFF
542	#EBD4D0	#FEFEFE
543	#FAF9FC	#FFFFFF
544	#E1BEBA	#FEFEFE
545	#A79ECF	#FBFBFB
547	#E5E1F1	#FEFEFE
548	#EBD3D0	#FEFEFE
549	#F8EEED	#FFFFFF
550	#E5E1F1	#FEFEFE
551	#F8EFED	#FFFFFF
552	#EBD3D0	#FEFEFE
553	#FAF9FC	#FFFFFF
555	#EBD4D0	#FEFEFE
556	#FBFBFD	#FFFFFF
557	#F8EEED	#FFFFFF
558	#F1DFDD	#FEFEFE
559	#FAF9FC	#FFFFFF
560	#E1BEB9	#FEFEFE
561	#CCC6E3	#FDFDFD
562	#FBF6F5	#FFFFFF
563	#D3CDE7	#FDFDFD
564	#F1E0DD	#FEFEFE
565	#B8AFD8	#FDFDFD
566	#FAFAFC	#FFFFFF
567	#FBFAFD	#FFFFFF
568	#F7ECEB	#FFFFFF
569	#F8EEED	#FFFFFF
570	#FBFAFD	#FFFFFF
571	#FEFDFD	#FFFFFF
572	#E4E1F1	#FEFEFE
573	#DCD7EC	#FEFEFE
574	#DFDAED	#FEFEFE
575	#E8CDCA	#FEFEFE
576	#E1BEBA	#FEFEFE
577	#E6E3F2	#FEFEFE
578	#FAFAFC	#FFFFFF
579	#F8EEEC	#FFFFFF
580	#CF9D97	#FCFCFC
581	#EEEBF6	#FFFFFF
582	#FBFAFD	#FFFFFF
583	#FEFDFD	#FFFFFF
584	#F4E5E3	#FEFEFE
585	#F1E0DD	#FEFEFE
586	#FAF9FC	#FFFFFF
587	#EBD4D0	#FEFEFE
588	#C3BBDE	#FDFDFD
589	#FBFAFD	#FFFFFF
590	#F8EEED	#FFFFFF
591	#EBD4D0	#FEFEFE
592	#EBD3D0	#FEFEFE
593	#C3BBDE	#FDFDFD
594	#FAF9FC	#FFFFFF
595	#EBD4D0	#FEFEFE
596	#E4C4C0	#FDFDFD
597	#E0BEB9	#FEFEFE
598	#F1E0DE	#FEFEFE
599	#E9E5F3	#FEFEFE
600	#ECD4D1	#FEFEFE
601	#D4A59F	#FCFCFC
602	#DFDAED	#FEFEFE
603	#E1BEBA	#FDFDFD
604	#F9F8FC	#FFFFFF
605	#B8AFD8	#FDFDFD
606	#D5CFE8	#FEFEFE
607	#C3BBDE	#FDFDFD
608	#EBD4D0	#FEFEFE
609	#D9AFAA	#FDFDFD
610	#AFA5D3	#FCFCFC
613	#E5E1F1	#FEFEFE
614	#CF9C96	#FCFCFC
615	#F1E0DD	#FEFEFE
616	#DDD8ED	#FEFEFE
617	#FAF9FC	#FFFFFF
618	#D4CFE8	#FEFEFE
619	#C3BBDE	#FDFDFD
620	#D4CEE8	#FDFDFD
621	#FAF9FC	#FFFFFF
622	#ECD6D3	#FEFEFE
623	#FBF5F5	#FFFFFF
624	#EEECF6	#FFFFFF
625	#EBD4D0	#FEFEFE
626	#FAF9FC	#FFFFFF
627	#C3BBDE	#FDFDFD
628	#B7AFD8	#FDFDFD
629	#EEECF6	#FEFEFE
630	#DCD7EC	#FEFEFE
631	#F8EFED	#FFFFFF
633	#FAF9FC	#FFFFFF
634	#EFEDF6	#FFFFFF
635	#FBFAFD	#FFFFFF
636	#FBF6F6	#FFFFFF
637	#B7AFD8	#FDFDFD
638	#FBF6F5	#FFFFFF
639	#FAF9FC	#FFFFFF
640	#CF9C96	#FCFCFC
641	#EEECF6	#FFFFFF
643	#E0BDB9	#FEFEFE
644	#E8E5F3	#FEFEFE
645	#E1BEBA	#FEFEFE
646	#F8EEED	#FFFFFF
647	#FBFAFD	#FFFFFF
649	#F4E5E3	#FEFEFE
650	#FBFAFD	#FFFFFF
651	#EEECF6	#FFFFFF
652	#DDD8ED	#FEFEFE
653	#C3BBDE	#FDFDFD
654	#FAF9FC	#FFFFFF
655	#EDEAF5	#FEFEFE
657	#E9E6F3	#FEFEFE
658	#EFECF6	#FFFFFF
659	#FAFAFC	#FFFFFF
660	#F4E6E4	#FEFEFE
662	#C3BBDE	#FDFDFD
663	#FBFAFD	#FFFFFF
664	#E6E2F1	#FEFEFE
665	#E9CECA	#FEFEFE
666	#DDD8EC	#FEFEFE
667	#F9F8FC	#FFFFFF
668	#D4CFE8	#FEFEFE
669	#E8E5F3	#FEFEFE
670	#DDD9ED	#FEFEFE
671	#B7AFD8	#FDFDFD
672	#D5CFE8	#FEFEFE
673	#F7EDEB	#FFFFFF
674	#E6E2F1	#FEFEFE
675	#E8CECA	#FEFEFE
676	#FBFAFD	#FFFFFF
677	#D4CFE8	#FEFEFE
678	#D4CEE8	#FDFDFD
679	#D4CEE8	#FEFEFE
680	#FBF6F5	#FFFFFF
681	#E9E6F3	#FEFEFE
682	#D3CDE7	#FDFDFD
683	#F4E6E4	#FEFEFE
684	#F9F8FC	#FFFFFF
685	#D9B0AA	#FDFDFD
686	#F8EEED	#FFFFFF
687	#FAF9FC	#FFFFFF
688	#F6F5FA	#FFFFFF
689	#E1BEBA	#FEFEFE
691	#F4E5E4	#FEFEFE
692	#F8EEED	#FFFFFF
693	#E5E1F1	#FEFEFE
694	#E1BEBA	#FEFEFE
695	#D5CFE8	#FEFEFE
696	#E1BEBA	#FEFEFE
697	#FAF9FC	#FFFFFF
698	#D9B0AB	#FDFDFD
699	#F8EEED	#FFFFFF
700	#FFFEFE	#FFFFFF
701	#E8E5F3	#FEFEFE
702	#E8E5F3	#FEFEFE
703	#E1BEBA	#FEFEFE
705	#B7AFD8	#FDFDFD
706	#D9B0AB	#FDFDFD
707	#EBD4D0	#FEFEFE
708	#E8E5F3	#FEFEFE
709	#F7EEEC	#FFFFFF
710	#D5CFE8	#FDFDFD
711	#EBD4D0	#FEFEFE
712	#FAFAFC	#FFFFFF
713	#F1E0DD	#FEFEFE
714	#FAF9FC	#FFFFFF
715	#E8E5F3	#FEFEFE
716	#FBFAFD	#FFFFFF
717	#FEFDFD	#FFFFFF
718	#C3BBDE	#FDFDFD
719	#FAFAFD	#FFFFFF
720	#F8EEED	#FFFFFF
721	#F7ECEB	#FFFFFF
723	#E9E5F3	#FEFEFE
724	#C3BBDE	#FDFDFD
725	#EFEDF6	#FEFEFE
726	#EEECF6	#FFFFFF
727	#DDD8EC	#FEFEFE
728	#F1E0DD	#FEFEFE
729	#FBFBFD	#FFFFFF
730	#B7AFD8	#FDFDFD
731	#A79DCF	#FBFBFB
732	#F9F2F1	#FFFFFF
733	#F9F8FC	#FFFFFF
735	#D5CFE8	#FEFEFE
736	#FAF9FC	#FFFFFF
737	#F9F8FC	#FFFFFF
738	#CCC5E3	#FDFDFD
740	#E9E5F3	#FEFEFE
742	#C3BBDE	#FDFDFD
743	#F8EEED	#FFFFFF
744	#D4CFE8	#FEFEFE
745	#F8EEED	#FFFFFF
746	#F1E0DE	#FEFEFE
747	#EFDCD9	#FEFEFE
748	#F6F5FA	#FFFFFF
749	#FBF6F5	#FFFFFF
751	#E9CECB	#FEFEFE
752	#E9E5F3	#FEFEFE
753	#E9E5F3	#FEFEFE
754	#FAF9FC	#FFFFFF
755	#FAF9FC	#FFFFFF
756	#F1E0DE	#FEFEFE
757	#D9B0AB	#FDFDFD
758	#FBF6F5	#FFFFFF
759	#FBFAFD	#FFFFFF
760	#D5CFE8	#FEFEFE
761	#FAF9FC	#FFFFFF
762	#F8EEED	#FFFFFF
763	#ECD5D2	#FEFEFE
764	#C38780	#FAFAFA
765	#E8CECA	#FEFEFE
766	#FBF6F5	#FFFFFF
767	#F9F8FC	#FFFFFF
768	#D4CFE8	#FEFEFE
769	#FAFAFC	#FFFFFF
770	#FEFDFD	#FFFFFF
771	#EFECF6	#FFFFFF
772	#E6C8C5	#FDFDFD
773	#EBD4D0	#FEFEFE
774	#D4CEE7	#FDFDFD
775	#FAFAFC	#FFFFFF
776	#EEECF6	#FFFFFF
777	#F1E0DE	#FEFEFE
778	#B7AFD8	#FDFDFD
779	#C3BBDE	#FDFDFD
780	#C3BBDE	#FDFDFD
781	#FBF7F6	#FFFFFF
782	#E6E3F2	#FEFEFE
783	#EFEDF7	#FFFFFF
784	#F9F1F0	#FFFFFF
785	#E8E5F3	#FEFEFE
786	#C3BBDE	#FDFDFD
787	#D4CFE8	#FEFEFE
788	#EFEDF6	#FFFFFF
789	#FAFAFC	#FFFFFF
790	#D5CFE8	#FEFEFE
791	#D4CEE7	#FDFDFD
792	#FAF9FC	#FFFFFF
793	#D5CFE8	#FEFEFE
794	#FAF9FC	#FFFFFF
795	#D3A59F	#FCFCFC
796	#D4A59F	#FCFCFC
797	#FAF9FC	#FFFFFF
798	#FBFAFD	#FFFFFF
799	#FBF6F6	#FFFFFF
800	#DDD8ED	#FEFEFE
801	#E8E5F3	#FEFEFE
802	#F1DFDD	#FEFEFE
803	#E9CECA	#FEFEFE
804	#E1BEBA	#FEFEFE
805	#D9B0AB	#FDFDFD
806	#FBF6F5	#FFFFFF
807	#FBF6F5	#FFFFFF
808	#D5CFE8	#FEFEFE
809	#F8EEED	#FFFFFF
810	#D4CFE8	#FEFEFE
811	#C3BBDE	#FDFDFD
812	#EEECF6	#FFFFFF
813	#DBD6EC	#FEFEFE
814	#B7AFD8	#FDFDFD
815	#FAF9FC	#FFFFFF
816	#C3BBDE	#FDFDFD
817	#F8EEED	#FFFFFF
818	#E9E5F3	#FEFEFE
819	#ECD6D3	#FEFEFE
820	#F4E5E3	#FEFEFE
821	#DDD8ED	#FEFEFE
822	#F8EEED	#FFFFFF
823	#E8E5F3	#FEFEFE
824	#FBFBFD	#FFFFFF
825	#F1E0DD	#FEFEFE
826	#D5CFE8	#FEFEFE
827	#D4CFE8	#FEFEFE
828	#E7E4F2	#FEFEFE
829	#F9F8FC	#FFFFFF
830	#DDD8EC	#FEFEFE
831	#C3BBDE	#FDFDFD
832	#EFECF6	#FEFEFE
833	#D5CFE8	#FEFEFE
834	#C3BBDE	#FDFDFD
835	#C3BBDE	#FDFDFD
836	#D5CFE8	#FEFEFE
837	#D5CFE8	#FEFEFE
838	#FBFAFD	#FFFFFF
839	#E8E5F3	#FEFEFE
840	#F9F1F0	#FFFFFF
841	#ECD5D2	#FEFEFE
842	#FAF9FC	#FFFFFF
843	#EBD4D0	#FEFEFE
844	#E4E1F1	#FEFEFE
845	#D5CFE8	#FEFEFE
846	#E1BEBA	#FEFEFE
847	#E0BEB9	#FEFEFE
848	#D4A5A0	#FCFCFC
849	#F6F5FA	#FFFFFF
850	#ECD5D2	#FEFEFE
851	#B8AFD8	#FDFDFD
852	#E7E4F2	#FEFEFE
853	#FAF9FC	#FFFFFF
854	#D4A6A0	#FCFCFC
855	#E9E6F3	#FEFEFE
856	#FAF9FC	#FFFFFF
857	#FAF9FC	#FFFFFF
858	#EBD3D0	#FEFEFE
859	#D3CEE7	#FDFDFD
860	#EBD4D0	#FEFEFE
861	#F8EEED	#FFFFFF
862	#E1BEBA	#FEFEFE
863	#EFECF6	#FFFFFF
864	#DCD8EC	#FEFEFE
865	#D5CFE8	#FEFEFE
866	#DDD8ED	#FEFEFE
867	#E5E2F1	#FEFEFE
868	#F8EFED	#FFFFFF
869	#A79ECF	#FBFBFB
870	#D5CFE8	#FEFEFE
871	#CCC5E3	#FDFDFD
872	#D5CFE8	#FEFEFE
873	#D4CEE7	#FCFCFC
874	#D3CEE7	#FDFDFD
875	#F7ECEB	#FFFFFF
876	#EBD3D0	#FEFEFE
877	#F9F1F0	#FFFFFF
878	#E5E1F1	#FEFEFE
879	#C3BBDE	#FDFDFD
880	#DDD8ED	#FEFEFE
881	#AFA6D3	#FCFCFC
882	#EEECF6	#FFFFFF
883	#EBD4D0	#FEFEFE
884	#E8E5F3	#FEFEFE
885	#F6EAE8	#FEFEFE
886	#F8EEED	#FFFFFF
887	#E1BEBA	#FEFEFE
888	#FAF9FC	#FFFFFF
889	#D9B0AA	#FDFDFD
890	#DDD9ED	#FEFEFE
891	#FBF6F6	#FFFFFF
892	#C3BBDE	#FDFDFD
893	#F1E0DE	#FEFEFE
894	#D3A59F	#FCFCFC
895	#EBD4D0	#FEFEFE
896	#E9E6F3	#FEFEFE
897	#F7ECEB	#FFFFFF
898	#CF9D97	#FCFCFC
899	#D9B0AB	#FDFDFD
900	#DCD7EC	#FEFEFE
901	#FEFDFC	#FFFFFF
902	#F0DDDA	#FEFEFE
903	#DED9ED	#FDFDFD
904	#FBF7F6	#FFFFFF
905	#AFA5D3	#FCFCFC
906	#FAFAFD	#FFFFFF
907	#D5CFE8	#FEFEFE
908	#FAF9FC	#FFFFFF
909	#E8E5F3	#FEFEFE
910	#E6E3F2	#FEFEFE
911	#EBD4D0	#FEFEFE
912	#E5E1F1	#FEFEFE
913	#F7ECEB	#FFFFFF
914	#B7AED8	#FDFDFD
915	#A197CC	#FBFBFB
916	#F8EFED	#FFFFFF
917	#FBF7F6	#FFFFFF
918	#D5CFE8	#FEFEFE
919	#E1BEBA	#FEFEFE
920	#FAF9FC	#FFFFFF
921	#EFECF6	#FFFFFF
922	#F9F8FC	#FFFFFF
923	#FBFAFD	#FFFFFF
924	#F9F8FC	#FFFFFF
925	#B8AFD8	#FDFDFD
926	#E1BEBA	#FEFEFE
927	#C3BBDE	#FDFDFD
928	#E9E6F3	#FEFEFE
929	#C3BBDE	#FDFDFD
930	#EFECF6	#FFFFFF
931	#C3BBDE	#FDFDFD
932	#E9CECA	#FEFEFE
933	#D4CEE8	#FEFEFE
934	#FAF9FC	#FFFFFF
935	#DDD8ED	#FEFEFE
936	#E8CECA	#FEFEFE
937	#D5CFE8	#FEFEFE
938	#D4CEE8	#FDFDFD
939	#F8EEED	#FFFFFF
940	#EBD4D0	#FEFEFE
941	#F1E0DE	#FEFEFE
942	#ECD5D2	#FEFEFE
945	#F9F0EF	#FFFFFF
946	#FAF9FC	#FFFFFF
947	#FAF9FC	#FFFFFF
948	#FBF6F5	#FFFFFF
949	#E1BEBA	#FEFEFE
950	#EEECF6	#FFFFFF
951	#F7F5FA	#FFFFFF
952	#FEFDFD	#FFFFFF
953	#D8D3EA	#FDFDFD
954	#FEFDFD	#FFFFFF
955	#FAFAFD	#FFFFFF
956	#E1BEBA	#FEFEFE
957	#D4CFE8	#FEFEFE
958	#FEFDFC	#FFFFFF
959	#E9E5F3	#FEFEFE
960	#DDD8ED	#FEFEFE
961	#FBF6F5	#FFFFFF
962	#FAFAFC	#FFFFFF
963	#D5CFE8	#FEFEFE
964	#EEECF6	#FEFEFE
965	#FBF6F6	#FFFFFF
966	#DDD8EC	#FEFEFE
967	#F6F5FA	#FFFFFF
968	#E9E5F3	#FEFEFE
970	#EEECF6	#FFFFFF
971	#C3BBDE	#FDFDFD
972	#EEECF6	#FFFFFF
973	#F1E0DE	#FEFEFE
974	#FBF6F6	#FFFFFF
975	#FBF6F6	#FFFFFF
976	#D4CEE8	#FEFEFE
977	#DCD7EC	#FEFEFE
978	#DDD8EC	#FEFEFE
979	#CF9D97	#FCFCFC
980	#FAF9FC	#FFFFFF
981	#FAF9FC	#FFFFFF
982	#E4E0F0	#FEFEFE
983	#ECD6D3	#FEFEFE
984	#FBF6F5	#FFFFFF
985	#FBFAFD	#FFFFFF
986	#E8E5F3	#FEFEFE
987	#FBF6F5	#FFFFFF
988	#EEEBF6	#FFFFFF
989	#F8EEED	#FFFFFF
990	#FBF6F6	#FFFFFF
991	#EEECF6	#FFFFFF
992	#F1E0DE	#FEFEFE
993	#F7EDEB	#FFFFFF
994	#B8AFD8	#FDFDFD
995	#FAF9FC	#FFFFFF
996	#D4CFE8	#FEFEFE
997	#D9B0AB	#FDFDFD
998	#FBFBFD	#FFFFFF
999	#FAF9FC	#FFFFFF
1000	#F3E5E3	#FEFEFE
1001	#E5E1F1	#FEFEFE
1002	#C9928B	#FBFBFB
1003	#EFEDF6	#FEFEFE
1004	#FFFFFF	#FFFFFF
1005	#CCC6E3	#FBFBFB
1006	#E8CDC9	#FEFEFE
1007	#C3BBDE	#FDFDFD
1008	#E1BEBA	#FEFEFE
1009	#E9E5F3	#FEFEFE
1011	#F1E0DE	#FEFEFE
1012	#F1DFDD	#FEFEFE
1013	#F4E6E4	#FEFEFE
1014	#D5CFE8	#FEFEFE
1016	#FAF9FC	#FFFFFF
1018	#FAF9FC	#FFFFFF
1020	#C3BBDE	#FDFDFD
1021	#D4A5A0	#FCFCFC
1022	#F7EDEB	#FFFFFF
1023	#FBFBFD	#FFFFFF
1024	#F7ECEA	#FFFFFF
1025	#B7AFD8	#FDFDFD
1026	#D3CDE7	#FDFDFD
1027	#DDD8EC	#FEFEFE
1028	#FAF9FC	#FFFFFF
1029	#DCD7EC	#FEFEFE
1030	#ECD5D2	#FEFEFE
1031	#F1DFDD	#FEFEFE
1032	#F8EEED	#FFFFFF
1033	#DDD8EC	#FEFEFE
1034	#FAF9FC	#FFFFFF
1035	#DDD9ED	#FEFEFE
1036	#CC9891	#FCFCFC
1037	#D4CFE8	#FEFEFE
1038	#E1BEBA	#FEFEFE
1039	#E1BEBA	#FEFEFE
1040	#EFEDF6	#FEFEFE
1042	#F8EEED	#FFFFFF
1043	#FAF9FC	#FFFFFF
1044	#EBD4D0	#FEFEFE
1045	#ECD5D2	#FEFEFE
1046	#E1BEBA	#FEFEFE
1047	#E1BEBA	#FEFEFE
1048	#F8EEED	#FFFFFF
1049	#D4CFE8	#FEFEFE
1050	#D4A6A0	#FCFCFC
1051	#FBFAFD	#FFFFFF
1052	#DDD8EC	#FEFEFE
1053	#E6C9C5	#FDFDFD
1054	#FFFFFF	#FFFFFF
1055	#DEDAED	#FDFDFD
1056	#F7ECEB	#FFFFFF
1057	#D4CFE8	#FEFEFE
1058	#FEFCFC	#FFFFFF
1059	#D4CFE8	#FEFEFE
1060	#F8EEED	#FFFFFF
1061	#FAFAFD	#FFFFFF
1062	#ECD5D2	#FEFEFE
1063	#F8EEED	#FFFFFF
1064	#F1E0DD	#FEFEFE
1065	#E4E0F0	#FEFEFE
1066	#D4CEE8	#FDFDFD
1068	#C3BBDE	#FDFDFD
1069	#FAF9FC	#FFFFFF
1070	#EFECF6	#FFFFFF
1071	#F6F5FA	#FFFFFF
1072	#EFEDF6	#FEFEFE
1073	#E5E1F1	#FEFEFE
1074	#E1BEBA	#FEFEFE
1075	#EEECF6	#FFFFFF
1076	#FBF6F5	#FFFFFF
1077	#F8EEED	#FFFFFF
1078	#DDD8EC	#FEFEFE
1079	#C4BDDF	#FCFCFC
1080	#FAF9FC	#FFFFFF
1081	#EFEDF6	#FFFFFF
1082	#FBF6F5	#FFFFFF
1083	#E5E1F1	#FEFEFE
1084	#DDD9ED	#FEFEFE
1085	#ECD5D2	#FEFEFE
1086	#C3BBDE	#FDFDFD
1087	#F8EEED	#FFFFFF
1088	#D4CFE8	#FEFEFE
1089	#E4E1F1	#FEFEFE
1090	#E8E5F3	#FEFEFE
1091	#EBD3D0	#FEFEFE
1092	#D9B0AB	#FDFDFD
1093	#D9B0AA	#FDFDFD
1094	#C3BBDE	#FDFDFD
1095	#F8EEED	#FFFFFF
1096	#ECD5D2	#FEFEFE
1097	#E1BEBA	#FEFEFE
1098	#D9AFAA	#FDFDFD
1099	#E9CECA	#FEFEFE
1100	#E5E1F1	#FEFEFE
1101	#EFEDF6	#FEFEFE
1102	#E3C3BF	#FDFDFD
1103	#EED8D5	#FEFEFE
1104	#E6E2F1	#FEFEFE
1105	#C7C0E0	#FCFCFC
1106	#EFECF6	#FEFEFE
1107	#FBF6F5	#FFFFFF
1108	#FAF9FC	#FFFFFF
1109	#DEDAED	#FEFEFE
1110	#C9928B	#FBFBFB
1111	#E1BEBA	#FEFEFE
1112	#EFECF6	#FEFEFE
1113	#FBF6F5	#FFFFFF
1114	#B7AFD8	#FDFDFD
1115	#F8EEED	#FFFFFF
1116	#F7EDEB	#FFFFFF
1117	#FAF9FC	#FFFFFF
1118	#F8EEED	#FFFFFF
1119	#E9E5F3	#FEFEFE
1120	#F7EDEB	#FFFFFF
1121	#F8EFED	#FFFFFF
1122	#A197CC	#FBFBFB
1123	#E9CECB	#FEFEFE
1124	#F7ECEB	#FFFFFF
1125	#F7EDEB	#FFFFFF
1126	#ECD5D2	#FEFEFE
1127	#FAF9FC	#FFFFFF
1128	#E8E5F3	#FEFEFE
1129	#CBC5E3	#FDFDFD
1130	#D4A5A0	#FCFCFC
1131	#EBD4D0	#FEFEFE
1132	#EEECF6	#FFFFFF
1133	#E4E0F0	#FEFEFE
1134	#E9CECA	#FEFEFE
1135	#F8EEED	#FFFFFF
1136	#FAF9FC	#FFFFFF
1137	#E8CECA	#FEFEFE
1138	#A79ECF	#FBFBFB
1139	#AEA5D3	#FCFCFC
1140	#F3E5E3	#FEFEFE
1141	#F8EFED	#FFFFFF
1143	#FAF9FC	#FFFFFF
1144	#D5CFE8	#FEFEFE
1145	#FAF9FC	#FFFFFF
1146	#FAF9FC	#FFFFFF
1147	#FBFAFD	#FFFFFF
1148	#D4A59F	#FCFCFC
1149	#E1BEB9	#FEFEFE
1150	#F8EEED	#FFFFFF
1151	#FAF9FC	#FFFFFF
1152	#F8EEED	#FFFFFF
1153	#F2F0F8	#FFFFFF
1154	#DDD8EC	#FDFDFD
1155	#E4E1F1	#FEFEFE
1156	#DCD7EC	#FEFEFE
1157	#EBD4D0	#FEFEFE
1158	#E1BEBA	#FEFEFE
1159	#DCD7EC	#FEFEFE
1160	#E9E5F3	#FEFEFE
1161	#F8EEED	#FFFFFF
1162	#EBD4D0	#FEFEFE
1163	#CBC5E3	#FDFDFD
1164	#EBD4D0	#FEFEFE
1165	#F8EEED	#FFFFFF
1166	#CCC5E3	#FDFDFD
1167	#E9E6F3	#FEFEFE
1168	#D9B0AB	#FDFDFD
1169	#E8E5F3	#FEFEFE
1170	#E1BEBA	#FEFEFE
1171	#D3CEE7	#FDFDFD
1172	#AFA5D3	#FCFCFC
1173	#EBD4D0	#FEFEFE
1174	#D5CFE8	#FEFEFE
1175	#FAF9FC	#FFFFFF
1176	#FAF9FC	#FFFFFF
1177	#FBF6F5	#FFFFFF
1178	#E9E5F3	#FEFEFE
1179	#FBFAFD	#FFFFFF
1180	#C3BBDE	#FDFDFD
1181	#EBD4D0	#FEFEFE
1182	#FAF9FC	#FFFFFF
1183	#DDD8ED	#FEFEFE
1184	#F8EEED	#FFFFFF
1185	#EEEBF6	#FFFFFF
1186	#D5CFE8	#FEFEFE
1187	#FEFDFD	#FFFFFF
1188	#D9B0AA	#FDFDFD
1189	#E8E5F3	#FEFEFE
1190	#FBFAFD	#FFFFFF
1191	#C4BDDF	#FCFCFC
1192	#D5CFE8	#FEFEFE
1193	#EBD4D0	#FEFEFE
1194	#FAF9FC	#FFFFFF
1195	#DBD6EC	#FEFEFE
1196	#F7EDEC	#FEFEFE
1197	#EBD3D0	#FEFEFE
1198	#E8E5F3	#FEFEFE
1199	#AFA6D3	#FCFCFC
1200	#D8D2EA	#FDFDFD
1201	#EEECF6	#FFFFFF
1202	#EFEDF6	#FEFEFE
1203	#E5E2F1	#FEFEFE
1204	#FAF9FC	#FFFFFF
1205	#CBC4E3	#FDFDFD
1206	#F9F8FC	#FFFFFF
1207	#FBF6F6	#FFFFFF
1208	#E4E1F1	#FEFEFE
1209	#D5CFE8	#FEFEFE
1210	#FAF9FC	#FFFFFF
1211	#FBF6F6	#FFFFFF
1212	#FAF9FC	#FFFFFF
1213	#D5CFE8	#FEFEFE
1214	#E9E6F3	#FEFEFE
1215	#FAF9FC	#FFFFFF
1217	#E1BEB9	#FEFEFE
1218	#F1DFDD	#FEFEFE
1219	#F1E0DE	#FEFEFE
1220	#FBF6F5	#FFFFFF
1221	#C3BBDE	#FDFDFD
1222	#F4E6E4	#FEFEFE
1224	#FAF9FC	#FFFFFF
1225	#D4CEE7	#FDFDFD
1226	#DDD8EC	#FEFEFE
1228	#DDD8EC	#FEFEFE
1229	#B8AFD8	#FDFDFD
1230	#DDD8EC	#FEFEFE
1231	#EBD4D0	#FEFEFE
1232	#E8E5F3	#FEFEFE
1233	#F4E6E4	#FEFEFE
1234	#FBFAFD	#FFFFFF
1235	#D9AFAA	#FDFDFD
1236	#DDD8EC	#FEFEFE
1237	#B7AFD8	#FDFDFD
1238	#F7EDEC	#FFFFFF
1239	#FAF9FC	#FFFFFF
1240	#F9F8FC	#FFFFFF
1241	#EFECF6	#FFFFFF
1242	#F1E0DE	#FEFEFE
1243	#FAF9FC	#FFFFFF
1244	#F7F6FB	#FFFFFF
1245	#D4A5A0	#FCFCFC
1246	#D4CEE8	#FEFEFE
1247	#C4BDDF	#FCFCFC
1248	#DDD8EC	#FEFEFE
1249	#CBC5E3	#FDFDFD
1250	#E9E5F3	#FEFEFE
1251	#FBFAFD	#FFFFFF
1252	#E9E5F3	#FEFEFE
1253	#DDD8ED	#FEFEFE
1254	#AFA6D3	#FCFCFC
1255	#D4CEE8	#FDFDFD
1256	#F7ECEB	#FFFFFF
1257	#D5CFE8	#FDFDFD
1258	#F7ECEB	#FFFFFF
1259	#F8EEED	#FFFFFF
1260	#D4CEE8	#FDFDFD
1261	#FEFDFD	#FFFFFF
1262	#D9B0AB	#FDFDFD
1263	#EFEDF6	#FEFEFE
1264	#D5CFE8	#FEFEFE
1265	#FCFBFD	#FFFFFF
1266	#FBFAFD	#FFFFFF
1267	#F8EEED	#FFFFFF
1268	#E1BEB9	#FEFEFE
1270	#E9E6F3	#FEFEFE
1271	#FAF9FC	#FFFFFF
1272	#FAF9FC	#FFFFFF
1273	#E1BEBA	#FEFEFE
1274	#F7EDEC	#FEFEFE
1275	#E8E5F3	#FEFEFE
1276	#F7F5FA	#FFFFFF
1277	#FBF6F5	#FFFFFF
1278	#FAFAFC	#FFFFFF
1279	#D4CFE8	#FEFEFE
1280	#FAFAFD	#FFFFFF
1281	#FAF9FC	#FFFFFF
1282	#C3BBDE	#FDFDFD
1283	#FBFAFD	#FFFFFF
1284	#D4A59F	#FCFCFC
1285	#FAF9FC	#FFFFFF
1286	#F9F8FC	#FFFFFF
1287	#FBF5F5	#FFFFFF
1288	#F9F8FC	#FFFFFF
1289	#ECD5D2	#FEFEFE
1290	#F8EEED	#FFFFFF
1291	#E1BEBA	#FEFEFE
1292	#FBF6F5	#FFFFFF
1293	#E1BEBA	#FEFEFE
1295	#FAF9FC	#FFFFFF
1297	#F1DFDC	#FEFEFE
1298	#EBD4D0	#FEFEFE
1299	#EBD4D0	#FEFEFE
1300	#D5CFE8	#FEFEFE
1301	#ECD5D2	#FEFEFE
1302	#D4CFE8	#FEFEFE
1303	#FAF3F2	#FFFFFF
1304	#FBF6F5	#FFFFFF
1305	#EEECF6	#FEFEFE
1306	#F2F0F8	#FEFEFE
1307	#F6F5FA	#FFFFFF
1308	#F9F9FC	#FFFFFF
1309	#E4E1F1	#FEFEFE
1310	#DED9ED	#FEFEFE
1311	#D9B0AA	#FDFDFD
1312	#D9B0AB	#FDFDFD
1313	#C3BBDE	#FDFDFD
1314	#F8EEED	#FFFFFF
1315	#FAF9FC	#FFFFFF
1316	#F1DFDD	#FEFEFE
1317	#EBD4D0	#FEFEFE
1318	#D9B0AB	#FDFDFD
1319	#B7AFD8	#FDFDFD
1320	#EBD4D0	#FEFEFE
1321	#F8EEED	#FFFFFF
1322	#EFEDF6	#FEFEFE
1323	#F9F8FC	#FFFFFF
1324	#F8EEED	#FFFFFF
1325	#E4C4C0	#FDFDFD
1326	#E9E6F3	#FEFEFE
1327	#DCD7EC	#FEFEFE
1328	#FBFAFD	#FFFFFF
1329	#F8EEED	#FFFFFF
1330	#D3A59F	#FCFCFC
1331	#C4BDDF	#FCFCFC
1332	#ECD5D2	#FEFEFE
1333	#FEFDFD	#FFFFFF
1334	#DDD8EC	#FEFEFE
1335	#DED9ED	#FEFEFE
1336	#F8EEED	#FFFFFF
1337	#D9AFAA	#FDFDFD
1338	#C3BBDE	#FDFDFD
1340	#F7ECEB	#FFFFFF
1341	#F1E0DD	#FEFEFE
1343	#F8EEED	#FFFFFF
1344	#EBD3D0	#FEFEFE
1345	#E9E5F3	#FEFEFE
1346	#D4A59F	#FCFCFC
1347	#E1BEBA	#FEFEFE
1348	#F4E6E4	#FEFEFE
1349	#DDD8EC	#FEFEFE
1350	#FBF6F5	#FFFFFF
1351	#F1E0DD	#FEFEFE
1352	#FBF6F5	#FFFFFF
1353	#F8EEED	#FFFFFF
1354	#F5F4FA	#FFFFFF
1355	#FBF6F5	#FFFFFF
1356	#E7E3F2	#FEFEFE
1357	#F2F0F8	#FFFFFF
1358	#EFEDF6	#FEFEFE
1359	#F3E5E3	#FEFEFE
1360	#FAFAFC	#FFFFFF
1361	#DBD7EC	#FEFEFE
1362	#B7AED8	#FDFDFD
1363	#EFECF6	#FEFEFE
1364	#ECD5D2	#FEFEFE
1365	#E8CDCA	#FEFEFE
1366	#E1BEBA	#FEFEFE
1367	#F8EEED	#FFFFFF
1368	#EEECF6	#FFFFFF
1369	#D5CFE8	#FEFEFE
1370	#EFECF6	#FFFFFF
1371	#FBFAFD	#FFFFFF
1372	#FBFBFD	#FFFFFF
1373	#F8EEED	#FFFFFF
1374	#B7AFD8	#FDFDFD
1375	#DDD8ED	#FEFEFE
1376	#DDD8EC	#FEFEFE
1377	#E9E6F3	#FEFEFE
1378	#CDC7E4	#FDFDFD
1379	#F6F5FA	#FFFFFF
1380	#D4CEE8	#FDFDFD
1381	#AEA5D3	#FCFCFC
1382	#B7AFD8	#FDFDFD
1383	#E9E5F3	#FEFEFE
1384	#F4E6E4	#FEFEFE
1385	#FBFAFD	#FFFFFF
1386	#FBFAFD	#FFFFFF
1387	#E9CECA	#FEFEFE
1388	#EEEBF6	#FFFFFF
1389	#C3BBDE	#FDFDFD
1390	#E0BDB9	#FEFEFE
1391	#F7ECEB	#FFFFFF
1392	#F8EEED	#FFFFFF
1393	#ECD5D2	#FEFEFE
1394	#D4CFE8	#FEFEFE
1395	#FAFAFC	#FFFFFF
1396	#EBD3D0	#FEFEFE
1397	#D3A59F	#FCFCFC
1398	#E8CDC9	#FEFEFE
1399	#EFECF6	#FFFFFF
1400	#F1E0DE	#FEFEFE
1401	#E4E1F1	#FEFEFE
1402	#E9CECB	#FEFEFE
1403	#F1E0DE	#FEFEFE
1404	#E9CECA	#FEFEFE
1405	#D4CFE8	#FCFCFC
1406	#F9F8FC	#FFFFFF
1407	#FCFCFE	#FFFFFF
1408	#CCC5E3	#FDFDFD
1409	#BEB6DB	#FCFCFC
1410	#D4A59F	#FCFCFC
1411	#D5CFE8	#FEFEFE
1412	#E9E5F3	#FEFEFE
1413	#D9B0AA	#FDFDFD
1414	#F1E0DE	#FEFEFE
1415	#D3CDE7	#FDFDFD
1416	#F5F4FA	#FFFFFF
1417	#C3BBDE	#FDFDFD
1419	#D5CFE8	#FEFEFE
1420	#FAFAFC	#FFFFFF
1421	#FAF9FC	#FFFFFF
1422	#CCC5E3	#FDFDFD
1423	#E8CDCA	#FEFEFE
1424	#F1E0DE	#FEFEFE
1425	#D9AFAA	#FDFDFD
1426	#EBD4D0	#FEFEFE
1427	#C3BBDE	#FDFDFD
1428	#9B91C8	#FAFAFA
1429	#E8E5F3	#FEFEFE
1430	#FBFAFD	#FFFFFF
1431	#FAF9FC	#FFFFFF
1432	#E9E5F3	#FEFEFE
1433	#E1BEBA	#FEFEFE
1434	#F7EDEC	#FFFFFF
1435	#E8E5F3	#FEFEFE
1436	#EBD4D0	#FEFEFE
1437	#F8EEED	#FFFFFF
1438	#F4E5E3	#FEFEFE
1439	#EBD4D0	#FEFEFE
1440	#B7AFD8	#FDFDFD
1441	#F8EEED	#FFFFFF
1442	#C3BBDE	#FDFDFD
1443	#CF9D97	#FCFCFC
1444	#D4A5A0	#FCFCFC
1446	#D5CFE8	#FEFEFE
1447	#D9AFAA	#FDFDFD
1448	#D5CFE8	#FEFEFE
1449	#F7ECEA	#FFFFFF
1450	#F8EFED	#FFFFFF
1451	#E1BEBA	#FEFEFE
1452	#CBC5E3	#FDFDFD
1453	#F9F9FC	#FFFFFF
1454	#F9F1F0	#FFFFFF
1455	#BCB4DB	#FBFBFB
1456	#F1E0DE	#FEFEFE
1457	#EEECF6	#FEFEFE
1458	#D1CAE6	#FCFCFC
1459	#F9F1F0	#FFFFFF
1460	#FBFAFD	#FFFFFF
1461	#FBFAFD	#FFFFFF
1462	#F8EFED	#FFFFFF
1463	#B7AFD8	#FDFDFD
1464	#FAF9FC	#FFFFFF
1465	#E1BEBA	#FEFEFE
1466	#FBFAFD	#FFFFFF
1467	#CC9791	#FCFCFC
1468	#FBFAFD	#FFFFFF
1469	#D4CFE8	#FEFEFE
1470	#E1BEBA	#FEFEFE
1471	#EEECF6	#FFFFFF
1472	#FAFAFC	#FFFFFF
1473	#B7AFD8	#FDFDFD
1474	#E4E0F0	#FEFEFE
1475	#C3BBDE	#FDFDFD
1476	#FEFDFD	#FFFFFF
1477	#FBFBFD	#FFFFFF
1478	#C8908A	#FBFBFB
1479	#A79ECF	#FBFBFB
1480	#C4BDDF	#FCFCFC
1481	#F8EFED	#FFFFFF
1482	#C3BBDE	#FDFDFD
1483	#F1E0DD	#FEFEFE
1484	#FDFBFB	#FFFFFF
1485	#F4E5E3	#FEFEFE
1486	#F1E0DE	#FEFEFE
1487	#E2C1BC	#FDFDFD
1488	#F1DFDD	#FEFEFE
1489	#EEEBF6	#FFFFFF
1490	#F8EEED	#FFFFFF
1491	#F1E0DD	#FEFEFE
1492	#D9B0AB	#FDFDFD
1494	#E8E5F3	#FEFEFE
1496	#E8CECA	#FEFEFE
1497	#F1E0DD	#FEFEFE
1498	#EBD4D0	#FEFEFE
1499	#D9B0AB	#FDFDFD
1500	#EBD3D0	#FEFEFE
1501	#AEA5D3	#FCFCFC
1502	#C68E87	#FBFBFB
1503	#FEFDFD	#FFFFFF
1504	#F7ECEA	#FFFFFF
1505	#FFFEFE	#FFFFFF
1506	#E8E4F2	#FEFEFE
1507	#DCD7EC	#FEFEFE
1508	#F6F5FA	#FFFFFF
1509	#FAF9FC	#FFFFFF
1510	#F1E0DE	#FEFEFE
1512	#E9E6F3	#FEFEFE
1513	#D5CFE8	#FEFEFE
1514	#F7EDEB	#FFFFFF
1515	#E1BEBA	#FEFEFE
1516	#FBFAFD	#FFFFFF
1517	#E8E5F3	#FEFEFE
1518	#E9E6F3	#FEFEFE
1519	#EBD4D0	#FEFEFE
1520	#D9AFAA	#FDFDFD
1521	#FAF9FC	#FFFFFF
1522	#D9B0AA	#FDFDFD
1523	#D4CEE8	#FDFDFD
1524	#F8EEED	#FFFFFF
1525	#F2F0F8	#FFFFFF
1526	#DDD8ED	#FEFEFE
1527	#A79ECF	#FBFBFB
1528	#E4E1F1	#FEFEFE
1529	#D4CFE8	#FEFEFE
1530	#B7AFD8	#FDFDFD
1531	#EFECF6	#FFFFFF
1532	#E8E5F3	#FEFEFE
1533	#EEECF6	#FFFFFF
1534	#EFEDF7	#FFFFFF
1535	#A79DCF	#FBFBFB
1536	#F8EEED	#FFFFFF
1537	#F8EEED	#FFFFFF
1538	#F8EEED	#FFFFFF
1539	#D3CDE7	#FDFDFD
1540	#F1DFDD	#FEFEFE
1541	#E9CECA	#FEFEFE
1542	#FEFCFC	#FFFFFF
1543	#F1E0DD	#FEFEFE
1544	#EBD4D0	#FEFEFE
1546	#E1BEBA	#FEFEFE
1547	#EBD3D0	#FEFEFE
1548	#D4A5A0	#FCFCFC
1549	#E1BEB9	#FEFEFE
1550	#E9E5F3	#FEFEFE
1551	#F1DFDD	#FEFEFE
1552	#FBF6F6	#FFFFFF
1553	#F1E0DE	#FEFEFE
1554	#F1F0F8	#FFFFFF
1555	#E3DFF0	#FEFEFE
1556	#FEFDFD	#FFFFFF
1557	#E5E1F1	#FEFEFE
1558	#EFECF6	#FEFEFE
1559	#EED9D6	#FEFEFE
1560	#ECEAF5	#FEFEFE
1561	#FBFAFD	#FFFFFF
1562	#FAF9FC	#FFFFFF
1563	#F8EEED	#FFFFFF
1564	#AEA5D3	#FCFCFC
1565	#D5CFE8	#FEFEFE
1566	#EEECF6	#FFFFFF
1567	#EFECF6	#FFFFFF
1568	#F8EEED	#FFFFFF
1569	#FAF9FC	#FFFFFF
1570	#EEECF6	#FFFFFF
1571	#FBF6F5	#FFFFFF
1572	#D4CEE7	#FDFDFD
1573	#EEECF6	#FFFFFF
1574	#D4CEE7	#FDFDFD
1576	#E1BEB9	#FEFEFE
1577	#C3BBDE	#FDFDFD
1578	#EFECF6	#FEFEFE
1579	#E5E1F1	#FEFEFE
1580	#FCFBFD	#FFFFFF
1581	#DDD8ED	#FEFEFE
1582	#C3BBDE	#FDFDFD
1583	#F9F8FC	#FFFFFF
1584	#DDD8ED	#FEFEFE
1585	#EBD4D0	#FEFEFE
1586	#E1BEBA	#FEFEFE
1587	#E9E5F3	#FEFEFE
1588	#D4A5A0	#FCFCFC
1590	#D4CEE8	#FDFDFD
1591	#D9B0AB	#FDFDFD
1592	#ECD5D3	#FEFEFE
1593	#FAF9FC	#FFFFFF
1594	#FAF9FC	#FFFFFF
1595	#D9B0AA	#FDFDFD
1596	#E8E5F3	#FEFEFE
1597	#E1BEBA	#FEFEFE
1598	#E8CDCA	#FEFEFE
1600	#FBFAFD	#FFFFFF
1601	#D3CDE7	#FDFDFD
1602	#DDD8EC	#FEFEFE
1603	#FBF6F6	#FFFFFF
1604	#F5E9E8	#FEFEFE
1605	#FFFEFE	#FFFFFF
1606	#F1E0DE	#FEFEFE
1607	#F9F1F0	#FFFFFF
1608	#D6D1E9	#FDFDFD
1609	#E5E1F1	#FEFEFE
1610	#EFDCDA	#FEFEFE
1611	#DDD9ED	#FEFEFE
1612	#FAF9FC	#FFFFFF
1613	#E1BEBA	#FEFEFE
1614	#DDD8EC	#FEFEFE
1615	#E9E6F3	#FEFEFE
1616	#FBFAFD	#FFFFFF
1617	#EBD4D0	#FEFEFE
1618	#EBD4D0	#FEFEFE
1619	#FBFAFD	#FFFFFF
1620	#CBC4E3	#FDFDFD
1621	#EFECF6	#FEFEFE
1622	#CC9791	#FCFCFC
1623	#E1BEBA	#FEFEFE
1624	#E8E5F3	#FEFEFE
1625	#FBFBFD	#FFFFFF
1626	#D9B0AB	#FDFDFD
1627	#A79ECF	#FBFBFB
1628	#B7AFD8	#FDFDFD
1629	#C3BBDE	#FDFDFD
1630	#EEECF6	#FFFFFF
1631	#C3BBDE	#FDFDFD
1632	#EBD4D0	#FEFEFE
1633	#E9E6F3	#FEFEFE
1634	#EBD4D0	#FEFEFE
1635	#F4E6E4	#FEFEFE
1636	#C3BBDE	#FDFDFD
1637	#FBF6F5	#FFFFFF
1638	#F7EDEB	#FFFFFF
1639	#D4CFE8	#FEFEFE
1640	#F8EFED	#FFFFFF
1641	#F1E0DE	#FEFEFE
1642	#E9E5F3	#FEFEFE
1643	#ECD5D2	#FEFEFE
1644	#EBD4D0	#FEFEFE
1645	#EBD4D0	#FEFEFE
1646	#FBF5F5	#FFFFFF
1647	#E1BEBA	#FEFEFE
1648	#F1E0DE	#FEFEFE
1650	#EEECF6	#FEFEFE
1651	#E4C4C0	#FDFDFD
1652	#FAFAFC	#FFFFFF
1653	#FDFAF9	#FFFFFF
1654	#F6F5FA	#FFFFFF
1655	#FBF5F4	#FFFFFF
1656	#DED9ED	#FDFDFD
1657	#E5E2F1	#FDFDFD
1658	#E1DDEF	#FDFDFD
1659	#AFA6D3	#FCFCFC
1660	#E4E1F0	#FEFEFE
1661	#FBFAFD	#FFFFFF
1662	#F9F8FC	#FFFFFF
1663	#E1BEB9	#FEFEFE
1664	#FAF9FC	#FFFFFF
1665	#F8EEEC	#FFFFFF
1666	#D9B0AB	#FDFDFD
1667	#AEA5D3	#FCFCFC
1668	#D5CFE8	#FEFEFE
1669	#D5CFE8	#FEFEFE
1670	#FAFAFC	#FFFFFF
1671	#A79DCF	#FBFBFB
1672	#B7AFD8	#FDFDFD
1673	#DFDAEE	#FEFEFE
1674	#FBFBFD	#FFFFFF
1675	#F7ECEB	#FFFFFF
1676	#E8CDCA	#FEFEFE
1677	#DCD7EC	#FEFEFE
1678	#FBFAFD	#FFFFFF
1679	#FAF9FC	#FFFFFF
1680	#E8E5F3	#FEFEFE
1681	#C3BBDE	#FDFDFD
1682	#D4CEE7	#FDFDFD
1683	#E9CECA	#FEFEFE
1684	#EEECF6	#FFFFFF
1685	#DDD8ED	#FEFEFE
1686	#E8E5F3	#FEFEFE
1687	#E1BEBA	#FEFEFE
1688	#ECD5D2	#FEFEFE
1689	#EBD4D0	#FEFEFE
1690	#D9B0AA	#FDFDFD
1691	#B7AFD8	#FDFDFD
1692	#DDD8EC	#FEFEFE
1693	#FAF9FC	#FFFFFF
1694	#E1BEBA	#FEFEFE
1695	#F8EFED	#FFFFFF
1696	#E1BEBA	#FEFEFE
1697	#D4CFE8	#FEFEFE
1698	#FAF9FC	#FFFFFF
1699	#FAF9FC	#FFFFFF
1700	#E6C8C5	#FDFDFD
1701	#F4E6E4	#FEFEFE
1702	#AFA6D3	#FCFCFC
1703	#F7F5FA	#FFFFFF
1704	#FCFBFD	#FFFFFF
1705	#FAF9FC	#FFFFFF
1706	#D4CEE8	#FDFDFD
1707	#F4E6E4	#FEFEFE
1708	#DDD8ED	#FDFDFD
1709	#DBD7EC	#FEFEFE
1710	#DCD7EC	#FEFEFE
1711	#E2DEEF	#FDFDFD
1712	#DDD9ED	#FEFEFE
1713	#DCD8EC	#FEFEFE
1714	#F7EDEB	#FFFFFF
1715	#F1DFDD	#FEFEFE
1716	#AEA5D3	#FCFCFC
1717	#F8EEED	#FFFFFF
1718	#EBD4D0	#FEFEFE
1719	#EBD4D0	#FEFEFE
1720	#FBF6F5	#FFFFFF
1721	#E6E2F1	#FEFEFE
1722	#E9E5F3	#FEFEFE
1723	#EFECF6	#FEFEFE
1724	#CF9D97	#FCFCFC
1726	#E9CECA	#FEFEFE
1727	#EEECF6	#FFFFFF
1728	#EFEDF6	#FEFEFE
1729	#D7D1E9	#FDFDFD
1730	#C3BBDE	#FDFDFD
1731	#E1BEB9	#FEFEFE
1732	#FAF9FC	#FFFFFF
1733	#D4CEE8	#FDFDFD
1734	#D3CDE7	#FDFDFD
1735	#F1E0DD	#FEFEFE
1736	#D9B0AB	#FDFDFD
1737	#E1BEB9	#FEFEFE
1738	#FBFBFD	#FFFFFF
1739	#E1BEBA	#FEFEFE
1740	#FBFAFD	#FFFFFF
1741	#F1DFDD	#FEFEFE
1742	#FBFBFD	#FFFFFF
1743	#D4CFE8	#FEFEFE
1744	#C3BBDE	#FDFDFD
1745	#E1BEBA	#FEFEFE
1746	#FBFAFD	#FFFFFF
1747	#F8EFED	#FFFFFF
1748	#F1E0DD	#FEFEFE
1749	#D4A5A0	#FCFCFC
1750	#FEFDFC	#FFFFFF
1751	#F7EDEC	#FFFFFF
1752	#F1DFDD	#FEFEFE
1753	#E8E5F3	#FEFEFE
1754	#ECD5D2	#FEFEFE
1755	#C28780	#FAFAFA
1756	#E6E3F2	#FEFEFE
1757	#EEECF6	#FEFEFE
1758	#FDFCFE	#FFFFFF
1759	#F7EDEC	#FEFEFE
1760	#FCFBFD	#FFFFFF
1761	#FBFAFD	#FFFFFF
1762	#F1E0DD	#FEFEFE
1763	#FAF9FC	#FFFFFF
1764	#CDC6E4	#FCFCFC
1765	#FBF6F5	#FFFFFF
1766	#E1BEBA	#FEFEFE
1767	#E8E5F3	#FEFEFE
1768	#FAF9FC	#FFFFFF
1769	#D4CFE8	#FEFEFE
1770	#F1E0DD	#FEFEFE
1771	#F7EDEC	#FEFEFE
1772	#EBD4D0	#FEFEFE
1773	#A79DCF	#FBFBFB
1774	#DCD7EC	#FEFEFE
1775	#FBFAFD	#FFFFFF
1776	#D5CFE8	#FEFEFE
1777	#F7EEEC	#FFFFFF
1778	#ECD5D2	#FEFEFE
1779	#E8E5F3	#FEFEFE
1780	#DED9ED	#FEFEFE
1781	#F8EEED	#FFFFFF
1782	#F8EEED	#FFFFFF
1783	#CCC5E3	#FDFDFD
1784	#DCD7EC	#FEFEFE
1785	#E5E1F1	#FEFEFE
1786	#EDEAF5	#FEFEFE
1787	#F8EEED	#FFFFFF
1788	#E8CDCA	#FEFEFE
1789	#FAFAFD	#FFFFFF
1790	#EFECF6	#FFFFFF
1791	#C3BBDE	#FDFDFD
1792	#E8E5F3	#FEFEFE
1793	#E1BEBA	#FEFEFE
1794	#FAF9FC	#FFFFFF
1795	#FAF9FC	#FFFFFF
1796	#D9AFAA	#FDFDFD
1797	#F1E0DE	#FEFEFE
1798	#D5CFE8	#FEFEFE
1799	#F7EDEB	#FFFFFF
1800	#D09E98	#FCFCFC
1801	#F9F0EF	#FFFFFF
1802	#F8EEED	#FFFFFF
1803	#FBFAFD	#FFFFFF
1804	#F8EEED	#FFFFFF
1805	#F0EEF7	#FEFEFE
1806	#E5E2F1	#FEFEFE
1807	#F7EDEB	#FFFFFF
1808	#D9B0AA	#FDFDFD
1809	#D0CAE5	#FCFCFC
1810	#EEECF6	#FEFEFE
1811	#EFECF6	#FEFEFE
1812	#C7C0E0	#FCFCFC
1813	#ECD5D2	#FEFEFE
1814	#DDD8ED	#FEFEFE
1815	#F9F8FC	#FFFFFF
1816	#ECD6D3	#FEFEFE
1817	#EFECF6	#FFFFFF
1818	#CF9D97	#FCFCFC
1820	#EBD4D0	#FEFEFE
1821	#E1BEBA	#FEFEFE
1822	#CCC5E3	#FDFDFD
1823	#E1BEB9	#FEFEFE
1824	#E5E1F1	#FEFEFE
1825	#FBFAFD	#FFFFFF
1826	#F7EDEB	#FFFFFF
1827	#EEECF6	#FEFEFE
1828	#BCB4DB	#FBFBFB
1829	#D9AFAA	#FDFDFD
1830	#EEECF6	#FEFEFE
1831	#C3BBDE	#FDFDFD
1832	#EBD4D0	#FEFEFE
1833	#D8D2EA	#FDFDFD
1834	#F1E0DE	#FEFEFE
1835	#FAF9FC	#FFFFFF
1836	#EFECF6	#FFFFFF
1837	#C3BBDE	#FDFDFD
1838	#D5CFE8	#FEFEFE
1839	#E8E5F3	#FEFEFE
1840	#F1E0DE	#FEFEFE
1841	#F8EEED	#FFFFFF
1842	#EFECF6	#FEFEFE
1843	#EEECF6	#FFFFFF
1844	#E8E5F3	#FEFEFE
1845	#FAF9FC	#FFFFFF
1846	#FAF9FC	#FFFFFF
1847	#FBFAFD	#FFFFFF
1848	#FAF9FC	#FFFFFF
1849	#E8E5F3	#FEFEFE
1850	#FAF9FC	#FFFFFF
1851	#CF9D96	#FCFCFC
1852	#C3BBDE	#FDFDFD
1853	#FDFBFA	#FFFFFF
1854	#DED9ED	#FEFEFE
1855	#F1E0DE	#FEFEFE
1856	#FBFBFD	#FFFFFF
1857	#E8E4F2	#FEFEFE
1858	#C1B9DD	#FBFBFB
1859	#FBFAFD	#FFFFFF
1860	#D4CEE8	#FEFEFE
1861	#F8EFED	#FFFFFF
1862	#E6E2F1	#FEFEFE
1863	#F9F1F0	#FFFFFF
1864	#F8EEED	#FFFFFF
1865	#E4E1F1	#FEFEFE
1866	#FAF9FC	#FFFFFF
1867	#FBFAFD	#FFFFFF
1868	#E9E6F3	#FEFEFE
1869	#EBD4D0	#FEFEFE
1870	#AFA5D3	#FCFCFC
1871	#FBF6F6	#FFFFFF
1872	#EBD4D0	#FEFEFE
1873	#F8EEED	#FFFFFF
1874	#FBF7F6	#FFFFFF
1875	#EBD4D0	#FEFEFE
1876	#E6C8C5	#FDFDFD
1877	#E1BEBA	#FEFEFE
1878	#D4A5A0	#FCFCFC
1879	#D4CFE8	#FEFEFE
1880	#F8EEED	#FFFFFF
1882	#C3BBDE	#FDFDFD
1883	#E4E1F1	#FEFEFE
1884	#FBF7F6	#FFFFFF
1885	#E8E5F3	#FEFEFE
1886	#E9E5F3	#FEFEFE
1887	#ECD6D3	#FEFEFE
1888	#C3BBDE	#FDFDFD
1889	#E8CDCA	#FEFEFE
1890	#FAF9FC	#FFFFFF
1891	#FCFBFD	#FFFFFF
1892	#F1DFDD	#FEFEFE
1893	#D4CFE8	#FEFEFE
1894	#F7EDEC	#FFFFFF
1895	#FAF9FC	#FFFFFF
1896	#F9F8FC	#FFFFFF
1897	#EBD4D0	#FEFEFE
1898	#F7ECEB	#FFFFFF
1899	#FBFAFD	#FFFFFF
1900	#E9CECA	#FEFEFE
1901	#FAFAFD	#FFFFFF
1902	#C48A84	#FBFBFB
1903	#DFDAED	#FDFDFD
1904	#FBF6F6	#FFFFFF
1905	#FFFEFE	#FFFFFF
1906	#EFEDF6	#FEFEFE
1907	#F5F4FA	#FFFFFF
1908	#E6E3F2	#FEFEFE
1909	#FBFAFD	#FFFFFF
1910	#F7ECEB	#FFFFFF
1911	#EDD6D3	#FEFEFE
1912	#E4E1F1	#FEFEFE
1913	#FEFDFC	#FFFFFF
1914	#FAF9FC	#FFFFFF
1915	#DCD7EC	#FEFEFE
1916	#DDD8EC	#FEFEFE
1917	#FAF9FC	#FFFFFF
1918	#F2F0F8	#FFFFFF
1919	#D4CFE8	#FDFDFD
1920	#F7ECEB	#FFFFFF
1921	#FBF6F6	#FFFFFF
1922	#E1BEBA	#FEFEFE
1923	#FAFAFD	#FFFFFF
1924	#E8E5F3	#FEFEFE
1925	#F9F1F0	#FFFFFF
1926	#DDD8EC	#FEFEFE
1927	#D4CFE8	#FEFEFE
1928	#F8EEED	#FFFFFF
1929	#FAF9FC	#FFFFFF
1930	#D9B0AA	#FDFDFD
1931	#C3BBDE	#FDFDFD
1932	#FBFBFD	#FFFFFF
1933	#E9E6F3	#FEFEFE
1934	#FBF6F5	#FFFFFF
1935	#E9E5F3	#FEFEFE
1936	#E1BEBA	#FEFEFE
1937	#FEFDFD	#FFFFFF
1938	#EBD4D0	#FEFEFE
1939	#F8EEED	#FFFFFF
1940	#F4E6E4	#FEFEFE
1941	#FEFDFD	#FFFFFF
1942	#E1BEB9	#FEFEFE
1943	#D9B0AA	#FDFDFD
1944	#D5CFE8	#FEFEFE
1945	#EBD4D0	#FEFEFE
1946	#F7EDEB	#FFFFFF
1947	#B8AFD8	#FDFDFD
1948	#E1BEBA	#FEFEFE
1949	#AFA5D3	#FCFCFC
1950	#EFECF6	#FEFEFE
1951	#E4C4C0	#FDFDFD
1952	#F9F1F0	#FFFFFF
1953	#FBFAFD	#FFFFFF
1954	#F6EAE8	#FEFEFE
1955	#E8CDC9	#FEFEFE
1956	#F0DCDA	#FEFEFE
1957	#DEDAED	#FDFDFD
1958	#EBE9F4	#FEFEFE
1959	#F7EDEC	#FFFFFF
1960	#B7AFD8	#FDFDFD
1961	#F7ECEB	#FFFFFF
1962	#CBC5E3	#FDFDFD
1963	#EFECF6	#FEFEFE
1964	#EAE7F4	#FEFEFE
1965	#D9B0AA	#FDFDFD
1966	#E9E6F3	#FEFEFE
1967	#FBFAFD	#FFFFFF
1968	#EEECF6	#FFFFFF
1969	#F1E0DE	#FEFEFE
1970	#EBD4D0	#FEFEFE
1971	#D4A5A0	#FCFCFC
1972	#F4E5E3	#FEFEFE
1973	#E5E1F1	#FEFEFE
1974	#F9F8FC	#FFFFFF
1975	#FAF9FC	#FFFFFF
1976	#E4E0F0	#FEFEFE
1977	#C3BBDE	#FDFDFD
1978	#ECD4D1	#FEFEFE
1979	#D5CFE8	#FEFEFE
1980	#FAF9FC	#FFFFFF
1981	#EBD4D0	#FEFEFE
1982	#DDD8EC	#FEFEFE
1983	#F7ECEA	#FFFFFF
1984	#FAFAFC	#FFFFFF
1985	#FAF9FC	#FFFFFF
1986	#D4CFE8	#FEFEFE
1987	#C3BBDE	#FDFDFD
1988	#F8EEED	#FFFFFF
1989	#D9AFAA	#FDFDFD
1990	#D9B0AB	#FDFDFD
1991	#CC9790	#FCFCFC
1992	#FAF9FC	#FFFFFF
1993	#FAF9FC	#FFFFFF
1994	#E4E0F0	#FEFEFE
1995	#E9E6F3	#FEFEFE
1996	#EEECF6	#FFFFFF
1997	#EBD4D0	#FEFEFE
1998	#EEECF6	#FFFFFF
1999	#FBF6F5	#FFFFFF
2000	#F7ECEB	#FFFFFF
2001	#ECD5D2	#FEFEFE
2002	#F3E5E3	#FEFEFE
2003	#F9F8FC	#FFFFFF
2004	#D9D3EA	#FDFDFD
2005	#FAFAFC	#FFFFFF
2006	#EED9D6	#FEFEFE
2007	#EBE8F4	#FEFEFE
2008	#F6F5FA	#FFFFFF
2009	#D7D1E9	#FDFDFD
2010	#E5E1F1	#FEFEFE
2011	#FDFAFA	#FFFFFF
2012	#F7F6FB	#FFFFFF
2013	#F1EFF8	#FFFFFF
2014	#EAE7F3	#FEFEFE
2015	#C1B9DD	#FBFBFB
2016	#FBFBFD	#FFFFFF
2017	#FAFAFD	#FFFFFF
2018	#C3BBDE	#FDFDFD
2019	#F6F4FA	#FFFFFF
2020	#CDC7E4	#FCFCFC
2021	#C3BBDE	#FDFDFD
2022	#FAF9FC	#FFFFFF
2023	#D9AFAA	#FDFDFD
2024	#E1BEBA	#FEFEFE
2025	#FBFAFD	#FFFFFF
2026	#CBC5E3	#FDFDFD
2027	#E5E2F1	#FEFEFE
2028	#F9F8FC	#FFFFFF
2029	#F8EEED	#FFFFFF
2030	#E1BEBA	#FEFEFE
2031	#FBFAFD	#FFFFFF
2032	#D5CFE8	#FEFEFE
2033	#F8EFED	#FFFFFF
2034	#CF9D97	#FCFCFC
2035	#EBD4D0	#FEFEFE
2036	#D4A5A0	#FCFCFC
2037	#C3BBDE	#FDFDFD
2038	#FAFAFC	#FFFFFF
2039	#E1BEBA	#FEFEFE
2040	#DCD8EC	#FEFEFE
2041	#B7AED8	#FDFDFD
2042	#E1BEB9	#FEFEFE
2043	#EBD4D0	#FEFEFE
2044	#E1BEB9	#FEFEFE
2045	#F4E5E4	#FEFEFE
2046	#FAF9FC	#FFFFFF
2047	#D9AFAA	#FDFDFD
2048	#EBD4D0	#FEFEFE
2049	#CBC5E3	#FDFDFD
2050	#FEFCFC	#FFFFFF
2051	#F3F1F8	#FFFFFF
2052	#E1BEBA	#FEFEFE
2053	#E1BEBA	#FDFDFD
2054	#F4E6E4	#FEFEFE
2055	#F8F7FB	#FFFFFF
2056	#F4E6E4	#FEFEFE
2057	#D3CEE7	#FDFDFD
2058	#F4E7E5	#FEFEFE
2059	#EFEDF6	#FEFEFE
2060	#E4E1F0	#FEFEFE
2061	#E6E2F1	#FEFEFE
2062	#F6F5FA	#FFFFFF
2063	#F7EDEC	#FEFEFE
2064	#F9F1F0	#FFFFFF
2065	#E5E1F1	#FEFEFE
2066	#E1BEBA	#FEFEFE
2067	#B7AFD8	#FDFDFD
2068	#E1BEBA	#FEFEFE
2069	#D3CDE7	#FDFDFD
2070	#FCF7F7	#FFFFFF
2071	#B7AFD8	#FDFDFD
2072	#E4E1F1	#FEFEFE
2073	#FAFAFC	#FFFFFF
2074	#AFA6D4	#F8F8F8
2075	#E5E1F1	#FEFEFE
2076	#E5E1F1	#FEFEFE
2077	#AFA6D3	#FCFCFC
2078	#F7F5FA	#FFFFFF
2079	#FAF9FC	#FFFFFF
2080	#FAFAFD	#FFFFFF
2081	#D5CFE8	#FEFEFE
2082	#EFEDF6	#FEFEFE
2083	#F9F9FC	#FFFFFF
2084	#EBD4D0	#FEFEFE
2085	#A197CC	#FBFBFB
2086	#EBD3D0	#FEFEFE
2087	#C3BBDE	#FDFDFD
2088	#FBF6F5	#FFFFFF
2089	#E9E5F3	#FEFEFE
2090	#E9CECB	#FEFEFE
2091	#E4E0F0	#FEFEFE
2092	#C3BBDE	#FDFDFD
2093	#EBD4D0	#FEFEFE
2094	#E0BEB9	#FEFEFE
2095	#D9B0AB	#FDFDFD
2096	#FBF6F5	#FFFFFF
2097	#EBD4D0	#FEFEFE
2098	#FAFAFC	#FFFFFF
2099	#E8CECA	#FEFEFE
2100	#E9CECA	#FEFEFE
2101	#FBFBFD	#FFFFFF
2102	#E9E5F3	#FEFEFE
2103	#F1E0DD	#FEFEFE
2104	#EED9D7	#FDFDFD
2105	#F2F0F8	#FFFFFF
2106	#E6E3F2	#FEFEFE
2107	#EFECF6	#FFFFFF
2108	#F2F0F8	#FFFFFF
2109	#F7ECEA	#FFFFFF
2110	#F6F5FA	#FFFFFF
2111	#F6EAE8	#FEFEFE
2112	#EEECF6	#FFFFFF
2113	#F4E5E3	#FEFEFE
2114	#F3F1F8	#FFFFFF
2115	#E6E3F2	#FEFEFE
2116	#E5E2F1	#FEFEFE
2117	#FAF9FC	#FFFFFF
2118	#D4CEE7	#FDFDFD
2119	#CBC5E3	#FDFDFD
2120	#F9F8FC	#FFFFFF
2121	#EEECF6	#FFFFFF
2122	#F1DFDD	#FEFEFE
2123	#FAF9FC	#FFFFFF
2124	#E9CECB	#FEFEFE
2125	#F1DFDD	#FEFEFE
2126	#F2E1DE	#FEFEFE
2127	#EFECF6	#FFFFFF
2128	#E1BEBA	#FEFEFE
2129	#F8EEED	#FFFFFF
2130	#A197CC	#FBFBFB
2131	#D5CFE8	#FEFEFE
2132	#CCC5E3	#FDFDFD
2134	#FBFBFD	#FFFFFF
2135	#E1BEBA	#FEFEFE
2136	#CF9D97	#FCFCFC
2137	#EEECF6	#FFFFFF
2138	#F8EEED	#FFFFFF
2139	#FAFAFC	#FFFFFF
2140	#D4A59F	#FCFCFC
2141	#CF9E97	#FCFCFC
2142	#FAF9FC	#FFFFFF
2143	#E1BEBA	#FEFEFE
2144	#ECD5D2	#FEFEFE
2145	#FAF9FC	#FFFFFF
2146	#F4E6E4	#FEFEFE
2147	#FBF6F5	#FFFFFF
2148	#F8EEED	#FFFFFF
2149	#FBF5F5	#FFFFFF
2150	#EEECF6	#FFFFFF
2151	#F7ECEB	#FFFFFF
2152	#EFEDF6	#FEFEFE
2153	#C3BBDE	#FDFDFD
2154	#F5E7E6	#FEFEFE
2155	#EDEAF5	#FEFEFE
2156	#E5E1F1	#FEFEFE
2157	#B7AFD8	#FDFDFD
2158	#E8E5F3	#FEFEFE
2159	#DCD8EC	#FEFEFE
2160	#EFECF6	#FFFFFF
2161	#F8EEED	#FFFFFF
2162	#FEFCFB	#FFFFFF
2163	#ECD5D2	#FEFEFE
2164	#AEA5D3	#FCFCFC
2165	#E6E2F1	#FEFEFE
2166	#F6F4FA	#FFFFFF
2167	#C3BBDE	#FDFDFD
2168	#CCC5E3	#FDFDFD
2169	#F1E0DE	#FEFEFE
2170	#ECD6D3	#FEFEFE
2171	#EDEBF5	#FEFEFE
2172	#EBD4D0	#FEFEFE
2173	#D9B0AB	#FDFDFD
2174	#EBD3D0	#FEFEFE
2175	#EFECF6	#FEFEFE
2176	#F6F5FA	#FFFFFF
2177	#F2F1F8	#FFFFFF
2178	#FBFBFD	#FFFFFF
2179	#D4CFE8	#FEFEFE
2180	#FBFAFD	#FFFFFF
2181	#B7AFD8	#FDFDFD
2182	#E1BEBA	#FEFEFE
2183	#ECD4D1	#FEFEFE
2184	#D9B0AB	#FDFDFD
2185	#D9B0AA	#FDFDFD
2186	#E1BEBA	#FEFEFE
2187	#EBD4D0	#FEFEFE
2188	#E1BEBA	#FEFEFE
2189	#E1BEBA	#FEFEFE
2190	#FAF9FC	#FFFFFF
2191	#F8EEED	#FFFFFF
2192	#E0BDB9	#FEFEFE
2193	#D9B0AB	#FDFDFD
2194	#EBD3D0	#FEFEFE
2195	#EBD4D0	#FEFEFE
2196	#F8EFED	#FFFFFF
2197	#F7F6FB	#FFFFFF
2198	#ECD5D2	#FEFEFE
2199	#FEFDFD	#FFFFFF
2200	#F6F5FA	#FFFFFF
2201	#FBFBFD	#FFFFFF
2202	#FCFBFD	#FFFFFF
2203	#FAF9FC	#FFFFFF
2204	#DED9ED	#FEFEFE
2205	#FBFAFD	#FFFFFF
2206	#E6E2F1	#FEFEFE
2208	#ECD5D2	#FEFEFE
2209	#E4E0F0	#FEFEFE
2210	#EEECF6	#FFFFFF
2211	#FAFAFC	#FFFFFF
2212	#E8E5F3	#FEFEFE
2213	#EFEDF6	#FEFEFE
2214	#E6E3F1	#FEFEFE
2215	#FBF6F6	#FFFFFF
2216	#D6D1E9	#FCFCFC
2217	#D8D3EA	#FDFDFD
2219	#BEB6DC	#FCFCFC
2220	#DDD8EC	#FEFEFE
2221	#EEECF6	#FFFFFF
2222	#EDEBF5	#FEFEFE
2223	#ECD5D2	#FEFEFE
2224	#EBD4D0	#FEFEFE
2225	#EEECF6	#FFFFFF
2226	#FEFCFC	#FFFFFF
2227	#DDD8ED	#FEFEFE
2228	#CCC5E3	#FDFDFD
2229	#FBF6F5	#FFFFFF
2230	#E8E5F3	#FEFEFE
2231	#E9E5F3	#FEFEFE
2232	#EFEDF6	#FEFEFE
2233	#EFECF6	#FFFFFF
2234	#F8EEEC	#FFFFFF
2235	#F8EEED	#FFFFFF
2236	#EBD4D0	#FEFEFE
2237	#FAF9FC	#FFFFFF
2238	#F8EEED	#FFFFFF
2239	#EBD4D0	#FEFEFE
2240	#F1E0DD	#FEFEFE
2241	#F9F9FC	#FFFFFF
2242	#F8EEED	#FFFFFF
2243	#FAF9FC	#FFFFFF
2246	#E1BEBA	#FEFEFE
2248	#C68E87	#FBFBFB
2249	#F7EDEB	#FFFFFF
2250	#F7ECEB	#FFFFFF
2251	#D3A59F	#FCFCFC
2252	#CF9D97	#FCFCFC
2253	#F8F7FB	#FFFFFF
2254	#B8AFD8	#FDFDFD
2255	#FAFAFD	#FFFFFF
2256	#F4E5E3	#FEFEFE
2257	#E4C4C0	#FDFDFD
2258	#F2E1DF	#FEFEFE
2259	#E1BEB9	#FDFDFD
2260	#E8E5F3	#FEFEFE
2261	#ECD5D2	#FEFEFE
2262	#F9F1F0	#FFFFFF
2263	#E6E2F1	#FEFEFE
2264	#E3C3BF	#FDFDFD
2265	#E2DEEF	#FDFDFD
2266	#F6EAE8	#FEFEFE
2267	#FFFEFE	#FFFFFF
2268	#D4A59F	#FCFCFC
2269	#AFA6D3	#FCFCFC
2270	#EFEDF6	#FEFEFE
2271	#FBFBFD	#FFFFFF
2272	#D4CFE8	#FEFEFE
2273	#D4A59F	#FCFCFC
2274	#EBD4D0	#FEFEFE
2275	#E1BEBA	#FEFEFE
2276	#E1BEBA	#FEFEFE
2277	#E9CECA	#FEFEFE
2278	#F1DFDD	#FEFEFE
2279	#FEFDFD	#FFFFFF
2280	#F8EEED	#FFFFFF
2281	#C3BBDE	#FDFDFD
2282	#C3BBDE	#FDFDFD
2283	#E1BEBA	#FEFEFE
2284	#EEECF6	#FFFFFF
2285	#E8E5F3	#FEFEFE
2286	#FAF9FC	#FFFFFF
2287	#E1BEB9	#FEFEFE
2288	#FAF9FC	#FFFFFF
2289	#DDD8ED	#FEFEFE
2290	#DDD8EC	#FEFEFE
2291	#FAF9FC	#FFFFFF
2292	#ECD5D2	#FEFEFE
2293	#E8E5F3	#FEFEFE
2294	#E1BEBA	#FEFEFE
2295	#F1DFDD	#FEFEFE
2296	#E9E6F3	#FEFEFE
2297	#EBD3D0	#FEFEFE
2298	#EBD4D0	#FEFEFE
2299	#FBFAFD	#FFFFFF
2300	#E8E5F3	#FEFEFE
2301	#DDD8EC	#FEFEFE
2302	#FAF9FC	#FFFFFF
2303	#C4BDDF	#FCFCFC
2304	#CCC5E3	#FDFDFD
2305	#ECD5D2	#FEFEFE
2306	#FAFAFD	#FFFFFF
2307	#DBD7EC	#FEFEFE
2308	#F3F1F8	#FFFFFF
2309	#F4E5E3	#FEFEFE
2310	#D4CFE8	#FEFEFE
2311	#C3BCDF	#FCFCFC
2312	#F9F9FC	#FFFFFF
2313	#DDD8EC	#FEFEFE
2314	#F6F5FA	#FFFFFF
2315	#F7EEEC	#FFFFFF
2316	#EFECF6	#FEFEFE
2317	#F1E0DE	#FEFEFE
2318	#FAF9FC	#FFFFFF
2319	#F4E6E4	#FEFEFE
2320	#D4CEE8	#FEFEFE
2321	#EBD4D0	#FEFEFE
2322	#EBD4D0	#FEFEFE
2323	#E1BEBA	#FEFEFE
2324	#E4E1F1	#FEFEFE
2325	#F1E0DE	#FEFEFE
2326	#FAF9FC	#FFFFFF
2327	#FAF9FC	#FFFFFF
2328	#FEFDFD	#FFFFFF
2329	#F8EEED	#FFFFFF
2330	#FBFAFD	#FFFFFF
2331	#EBD4D0	#FEFEFE
2332	#FAF9FC	#FFFFFF
2333	#D9B0AB	#FDFDFD
2334	#D9B0AB	#FDFDFD
2335	#EFEDF6	#FFFFFF
2336	#D4CFE8	#FEFEFE
2337	#EBD3D0	#FEFEFE
2338	#F8EEED	#FFFFFF
2339	#DDD8EC	#FEFEFE
2340	#FBF6F5	#FFFFFF
2341	#C3BBDE	#FDFDFD
2342	#EBD4D0	#FEFEFE
2343	#FAF9FC	#FFFFFF
2344	#D5CFE8	#FEFEFE
2345	#B7AFD8	#FDFDFD
2346	#F1DFDD	#FEFEFE
2347	#FEFCFC	#FFFFFF
2348	#F1DFDD	#FEFEFE
2349	#F8EEED	#FFFFFF
2350	#F8EEED	#FFFFFF
2351	#FBFAFD	#FFFFFF
2352	#CBC5E3	#FDFDFD
2353	#D4CFE8	#FDFDFD
2354	#E1BEBA	#FEFEFE
2355	#EFEDF6	#FFFFFF
2356	#C3BBDE	#FDFDFD
2357	#A79DCF	#FBFBFB
2358	#D4A59F	#FCFCFC
2359	#CCC5E3	#FDFDFD
2360	#AFA6D3	#FCFCFC
2361	#D4CFE8	#FEFEFE
2362	#FAF9FC	#FFFFFF
2363	#C5BEE0	#FBFBFB
2364	#FEFDFD	#FFFFFF
2365	#F8EEED	#FFFFFF
2366	#FBF6F6	#FFFFFF
2367	#F1E0DE	#FEFEFE
2368	#F4E6E4	#FEFEFE
2369	#ECD6D3	#FEFEFE
2370	#FAF9FC	#FFFFFF
2371	#FAF9FC	#FFFFFF
2372	#F8EEEC	#FFFFFF
2373	#EBD4D0	#FEFEFE
2374	#B7AFD8	#FDFDFD
2375	#EEECF6	#FFFFFF
2376	#FAFAFC	#FFFFFF
2377	#F1DFDD	#FEFEFE
2378	#EDEBF5	#FEFEFE
2379	#F8EEED	#FFFFFF
2380	#C3BBDE	#FDFDFD
2381	#F9F8FC	#FFFFFF
2383	#F7EDEB	#FFFFFF
2384	#FBFAFD	#FFFFFF
2385	#D3CEE7	#FDFDFD
2386	#CF9D97	#FCFCFC
2387	#E8E5F3	#FEFEFE
2388	#F8EEED	#FFFFFF
2389	#F6F5FA	#FFFFFF
2390	#FAF9FC	#FFFFFF
2391	#FAF9FC	#FFFFFF
2392	#AFA6D3	#FCFCFC
2393	#FAF9FC	#FFFFFF
2394	#FAF9FC	#FFFFFF
2395	#EBD3D0	#FEFEFE
2396	#C8918B	#FBFBFB
2397	#FAF9FC	#FFFFFF
2398	#E1BEBA	#FEFEFE
2399	#E9CECB	#FEFEFE
2400	#B7AFD8	#FDFDFD
2401	#F2E1DF	#FEFEFE
2402	#E9E5F3	#FEFEFE
2403	#DDD8EC	#FEFEFE
2404	#E6C8C4	#FDFDFD
2405	#F0DCDA	#FEFEFE
2406	#EDEBF6	#FEFEFE
2407	#F2F0F8	#FFFFFF
2408	#E6E2F1	#FEFEFE
2409	#D9B0AB	#FDFDFD
2410	#E3DFF0	#FEFEFE
2411	#FBFAFD	#FFFFFF
2412	#ECD6D3	#FEFEFE
2413	#F6EAE8	#FEFEFE
2414	#E6E3F2	#FEFEFE
2415	#F1E0DD	#FEFEFE
2416	#F2F0F8	#FFFFFF
2417	#F2E2E0	#FEFEFE
2418	#F6F5FA	#FFFFFF
2419	#EDEBF5	#FEFEFE
2420	#E4E1F1	#FEFEFE
2422	#E4E1F1	#FEFEFE
2423	#D9B0AA	#FDFDFD
2424	#EBD4D0	#FEFEFE
2425	#FAFAFC	#FFFFFF
2426	#E8E5F3	#FEFEFE
2427	#F7ECEB	#FFFFFF
2428	#FBFAFD	#FFFFFF
2429	#CBC5E3	#FCFCFC
2430	#DDD9ED	#FEFEFE
2431	#FAFAFC	#FFFFFF
2432	#B7AFD8	#FDFDFD
2433	#B7AFD8	#FDFDFD
2434	#EBD4D0	#FEFEFE
2435	#C3BBDE	#FDFDFD
2436	#D4CFE8	#FEFEFE
2437	#EBD4D0	#FEFEFE
2438	#FBFAFD	#FFFFFF
2439	#FBFAFD	#FFFFFF
2440	#DDD9ED	#FEFEFE
2441	#EBD3D0	#FEFEFE
2442	#F8EEED	#FFFFFF
2443	#D5CFE8	#FEFEFE
2444	#EBD4D0	#FEFEFE
2445	#FAFAFC	#FFFFFF
2446	#F1E0DD	#FEFEFE
2447	#FAF9FC	#FFFFFF
2448	#C3BBDE	#FDFDFD
2449	#C3BBDE	#FDFDFD
2450	#FAF9FC	#FFFFFF
2451	#C68D87	#FBFBFB
2452	#F0DCDA	#FEFEFE
2453	#F7ECEB	#FFFFFF
2454	#F6F5FA	#FFFFFF
2455	#C6BFE0	#FCFCFC
2456	#EDEAF5	#FEFEFE
2457	#DDD8ED	#FDFDFD
2458	#FDFDFE	#FFFFFF
2459	#FBFBFD	#FFFFFF
2460	#E6C8C4	#FDFDFD
2461	#F7ECEB	#FFFFFF
2462	#FBF6F5	#FFFFFF
2463	#FCFCFE	#FFFFFF
2464	#E7E3F2	#FEFEFE
2465	#EBE8F4	#FEFEFE
2466	#F1E0DE	#FEFEFE
2467	#FBFAFD	#FFFFFF
2468	#F9F9FC	#FFFFFF
2469	#F6F4FA	#FFFFFF
2470	#D5CFE8	#FEFEFE
2471	#E1BEB9	#FEFEFE
2472	#E1BEB9	#FEFEFE
2473	#E9E5F3	#FEFEFE
2474	#F1DFDD	#FEFEFE
2475	#D4CFE8	#FEFEFE
2476	#DDD8EC	#FEFEFE
2477	#EEECF6	#FFFFFF
2478	#CDC7E4	#FCFCFC
2479	#E4E1F1	#FEFEFE
2480	#D9AFAA	#FDFDFD
2481	#EEECF6	#FFFFFF
2482	#FAF9FC	#FFFFFF
2483	#EEECF6	#FFFFFF
2484	#FBF7F6	#FFFFFF
2485	#EBD4D0	#FEFEFE
2486	#EEEBF6	#FEFEFE
2487	#E9E6F3	#FEFEFE
2488	#AEA5D3	#FCFCFC
2489	#D5CFE8	#FEFEFE
2490	#FAFAFD	#FFFFFF
2491	#E9E6F3	#FEFEFE
2492	#E9CECA	#FEFEFE
2493	#EBD4D0	#FEFEFE
2494	#EBD4D0	#FEFEFE
2495	#E8E5F3	#FEFEFE
2496	#E6C8C4	#FDFDFD
2497	#E9E6F3	#FEFEFE
2498	#EBD3D0	#FEFEFE
2499	#CBC4E3	#FDFDFD
2500	#FBF6F5	#FFFFFF
2501	#E1BEBA	#FEFEFE
2502	#FBFAFD	#FFFFFF
2503	#ECD5D2	#FEFEFE
2504	#F1E0DD	#FEFEFE
2505	#FCF8F8	#FFFFFF
2506	#D1CBE6	#FCFCFC
2507	#F9F1F0	#FFFFFF
2508	#E1DDEF	#FDFDFD
2509	#F9F9FC	#FFFFFF
2510	#F1E0DD	#FEFEFE
2511	#F6F5FA	#FFFFFF
2512	#DEDAED	#FEFEFE
2513	#D9B0AA	#FDFDFD
2514	#F9F1F0	#FFFFFF
2515	#F6F5FA	#FFFFFF
2516	#FDFCFE	#FFFFFF
2517	#E5E2F1	#FEFEFE
2518	#FCF7F7	#FFFFFF
2519	#CBC5E3	#FDFDFD
2520	#EDEBF5	#FEFEFE
2521	#EEECF6	#FFFFFF
2522	#DDD8ED	#FEFEFE
2523	#EEECF6	#FFFFFF
2524	#E3DFF0	#FEFEFE
2525	#A79DCF	#FBFBFB
2526	#D5CFE8	#FEFEFE
2527	#F1DFDD	#FEFEFE
2528	#DDD8EC	#FEFEFE
2529	#EEECF6	#FFFFFF
2530	#FBF6F6	#FFFFFF
2531	#E6C8C5	#FDFDFD
2532	#FAFAFC	#FFFFFF
2533	#CBC4E3	#FDFDFD
2534	#FBF6F5	#FFFFFF
2535	#FBFAFD	#FFFFFF
2536	#F8EEED	#FFFFFF
2537	#EEECF6	#FFFFFF
2538	#CC9790	#FCFCFC
2539	#D4CEE8	#FEFEFE
2540	#CB9690	#FCFCFC
2541	#D4A6A0	#FCFCFC
2542	#F8EEED	#FFFFFF
2543	#E1BEBA	#FEFEFE
2544	#D5CFE8	#FEFEFE
2545	#F8EEED	#FFFFFF
2548	#EEECF6	#FFFFFF
2549	#EBD3D0	#FEFEFE
2550	#E5E1F1	#FEFEFE
2551	#F8EEED	#FFFFFF
2552	#EED9D6	#FEFEFE
2553	#ECD6D3	#FEFEFE
2554	#F8EFED	#FFFFFF
2555	#F0DDDA	#FEFEFE
2556	#FAF9FC	#FFFFFF
2557	#EDEAF5	#FEFEFE
2558	#D7D2EA	#FDFDFD
2559	#F2F0F8	#FFFFFF
2560	#FAF9FC	#FFFFFF
2561	#EBD3D0	#FEFEFE
2562	#F1E0DD	#FEFEFE
2563	#E5E2F1	#FEFEFE
2564	#EEECF6	#FEFEFE
2565	#E4E0F0	#FEFEFE
2566	#F2F0F8	#FEFEFE
2567	#DAD5EB	#FCFCFC
2568	#DDB7B2	#FCFCFC
2569	#FBF6F5	#FFFFFF
2570	#F7ECEA	#FFFFFF
2571	#D5CFE8	#FEFEFE
2572	#D3CEE7	#FDFDFD
2573	#FAF9FC	#FFFFFF
2574	#FAFAFC	#FFFFFF
2575	#E4E0F0	#FEFEFE
2576	#FBF6F5	#FFFFFF
2577	#F8EEED	#FFFFFF
2578	#F8EEED	#FFFFFF
2579	#FAF9FC	#FFFFFF
2580	#ECD5D2	#FEFEFE
2581	#F1DFDD	#FEFEFE
2582	#DDD8EC	#FEFEFE
2583	#F7ECEB	#FFFFFF
2584	#FBF6F5	#FFFFFF
2585	#F1DFDD	#FEFEFE
2586	#EBD4D0	#FEFEFE
2587	#AFA6D3	#FCFCFC
2588	#DDD8ED	#FEFEFE
2589	#E1BEBA	#FEFEFE
2590	#FAF9FC	#FFFFFF
2591	#EBD3D0	#FEFEFE
2592	#FBFAFD	#FFFFFF
2593	#FAF9FC	#FFFFFF
2594	#FBF6F5	#FFFFFF
2595	#D9AFAA	#FDFDFD
2596	#E1BEB9	#FEFEFE
2597	#D4A6A0	#FCFCFC
2598	#E8E5F3	#FEFEFE
2599	#FAF9FC	#FFFFFF
2600	#ECD5D2	#FEFEFE
2601	#E8E5F3	#FEFEFE
2602	#E5E1F1	#FEFEFE
2603	#FCFBFD	#FFFFFF
2604	#E8E5F3	#FEFEFE
2605	#FBF6F6	#FFFFFF
2606	#DDD8EC	#FEFEFE
2607	#EFEDF6	#FEFEFE
2608	#DCD7EC	#FEFEFE
2609	#ECD5D2	#FEFEFE
2610	#EFEDF7	#FFFFFF
2611	#E5E1F1	#FEFEFE
2612	#EEECF6	#FFFFFF
2613	#FBF6F6	#FFFFFF
2614	#D3CEE7	#FDFDFD
2615	#F4E6E4	#FEFEFE
2616	#F1E0DE	#FEFEFE
2617	#FBF7F6	#FFFFFF
2618	#F6F5FA	#FFFFFF
2619	#F6F5FA	#FFFFFF
2620	#FDFAFA	#FFFFFF
2621	#FCFBFD	#FFFFFF
2622	#FBF6F5	#FFFFFF
2623	#FEFEFE	#FFFFFF
2624	#E5E2F1	#FEFEFE
2625	#EEECF6	#FFFFFF
2626	#E4E0F0	#FEFEFE
2627	#EBD4D0	#FEFEFE
2628	#DDD8ED	#FEFEFE
2629	#F8EEED	#FFFFFF
2630	#B7AFD8	#FDFDFD
2631	#AEA5D3	#FCFCFC
2632	#FBFAFD	#FFFFFF
2633	#DCD7EC	#FEFEFE
2634	#D4CEE7	#FDFDFD
2635	#E9E5F3	#FEFEFE
2636	#F8EEED	#FFFFFF
2637	#F1E0DD	#FEFEFE
2638	#EFECF6	#FEFEFE
2639	#E5E1F1	#FEFEFE
2640	#FEFDFC	#FFFFFF
2641	#D4CFE8	#FEFEFE
2642	#EBD4D0	#FEFEFE
2643	#EBD4D0	#FEFEFE
2644	#F1DFDD	#FEFEFE
2645	#EBD3D0	#FEFEFE
2646	#E1BEBA	#FEFEFE
2647	#E9E6F3	#FEFEFE
2648	#F1DFDD	#FEFEFE
2650	#DCD7EC	#FEFEFE
2651	#FAF9FC	#FFFFFF
2652	#CF9D97	#FCFCFC
2653	#F7EDEC	#FFFFFF
2654	#E4E1F1	#FEFEFE
2655	#EDEAF5	#FEFEFE
2656	#DED9ED	#FDFDFD
2657	#EFECF6	#FEFEFE
2658	#F9F9FC	#FFFFFF
2659	#EDEBF6	#FEFEFE
2660	#F6F5FA	#FFFFFF
2661	#FAF9FC	#FFFFFF
2662	#EFECF6	#FFFFFF
2663	#E1BEB9	#FEFEFE
2664	#F4E5E3	#FEFEFE
2665	#F9F8FC	#FFFFFF
2666	#F6F5FA	#FFFFFF
2667	#F5F4FA	#FFFFFF
2668	#F2F0F8	#FFFFFF
2669	#E5E1F1	#FDFDFD
2670	#FEFDFD	#FFFFFF
2671	#F9F2F1	#FFFFFF
2672	#C3BBDE	#FDFDFD
2673	#ECD5D2	#FEFEFE
2674	#B8AFD8	#FDFDFD
2675	#EFEDF6	#FFFFFF
2676	#DDD8EC	#FEFEFE
2677	#F7ECEB	#FFFFFF
2678	#FAF9FC	#FFFFFF
2679	#E9CECA	#FEFEFE
2680	#DDD9ED	#FEFEFE
2681	#E6C8C4	#FDFDFD
2682	#E8E5F3	#FEFEFE
2683	#EFEDF6	#FEFEFE
2684	#E5E1F1	#FEFEFE
2685	#DDD8EC	#FEFEFE
2686	#F8EEED	#FFFFFF
2687	#C3BBDE	#FDFDFD
2688	#D9B0AA	#FDFDFD
2689	#CF9D97	#FCFCFC
2691	#F9F9FC	#FFFFFF
2692	#D9B0AB	#FDFDFD
2694	#E8E5F3	#FEFEFE
2695	#E9E5F3	#FEFEFE
2696	#F8EEED	#FFFFFF
2697	#D4A5A0	#FCFCFC
2698	#FAF9FC	#FFFFFF
2699	#FBF7F6	#FFFFFF
2700	#ECD5D2	#FEFEFE
2701	#FBF6F5	#FFFFFF
2702	#F1E0DE	#FEFEFE
2703	#EAE7F4	#FEFEFE
2704	#FCFBFD	#FFFFFF
2705	#FBF6F6	#FFFFFF
2706	#F1E0DE	#FEFEFE
2707	#EFECF6	#FFFFFF
2708	#F6F4FA	#FFFFFF
2709	#FDFDFE	#FFFFFF
2710	#FFFFFF	#FFFFFF
2711	#D4A6A0	#FCFCFC
2712	#D3CEE7	#FDFDFD
2713	#F2F0F8	#FFFFFF
2714	#D1CBE6	#FCFCFC
2715	#E5E2F1	#FEFEFE
2716	#F7ECEB	#FFFFFF
2717	#D7D1E9	#FDFDFD
2718	#EFEDF6	#FEFEFE
2719	#E5E1F1	#FEFEFE
2720	#DDD8EC	#FDFDFD
2721	#F2F0F8	#FFFFFF
2722	#EFDCDA	#FEFEFE
2723	#E6C8C4	#FDFDFD
2724	#FBFAFD	#FFFFFF
2725	#FAF9FC	#FFFFFF
2726	#D3CDE7	#FDFDFD
2727	#E5E1F1	#FEFEFE
2728	#F2E1DF	#FEFEFE
2729	#FAF9FC	#FFFFFF
2730	#F1E0DE	#FEFEFE
2731	#FAF9FC	#FFFFFF
2732	#F8EEEC	#FFFFFF
2733	#FFFFFF	#FFFFFF
2734	#F7ECEB	#FFFFFF
2735	#EBD4D0	#FEFEFE
2736	#E5E1F1	#FEFEFE
2737	#CF9D97	#FCFCFC
2738	#FAF9FC	#FFFFFF
2739	#CF9D97	#FCFCFC
2740	#F1DFDD	#FEFEFE
2741	#E1BEB9	#FEFEFE
2742	#FAF9FC	#FFFFFF
2743	#E9E6F3	#FEFEFE
2744	#C9928B	#FBFBFB
2745	#FAF9FC	#FFFFFF
2746	#F8EEED	#FFFFFF
2747	#F9F8FC	#FFFFFF
2748	#E0BEB9	#FEFEFE
2749	#E1BEB9	#FEFEFE
2750	#EBD4D0	#FEFEFE
2752	#CF9E97	#FCFCFC
2753	#F1DFDD	#FEFEFE
2754	#E6E2F1	#FEFEFE
2755	#E6E2F1	#FEFEFE
2756	#FBF6F5	#FFFFFF
2757	#E9D0CC	#FDFDFD
2758	#D9B0AB	#FDFDFD
2759	#FCFBFD	#FFFFFF
2760	#ECD6D3	#FEFEFE
2761	#FBF6F6	#FFFFFF
2762	#E5E2F1	#FEFEFE
2763	#B7AED8	#FDFDFD
2764	#FBF6F5	#FFFFFF
2765	#CDC6E4	#FCFCFC
2766	#E4E0F0	#FEFEFE
2767	#F4E5E3	#FEFEFE
2768	#ECEAF5	#FEFEFE
2769	#EEECF6	#FEFEFE
2770	#DBD6EC	#FEFEFE
2771	#FAF4F3	#FFFFFF
2772	#F3E4E2	#FEFEFE
2773	#FBF6F5	#FFFFFF
2774	#EEECF6	#FFFFFF
2775	#FAF9FC	#FFFFFF
2776	#D4A5A0	#FCFCFC
2777	#D5CFE8	#FEFEFE
2778	#F8EEED	#FFFFFF
2779	#E1BEBA	#FEFEFE
2780	#D5CFE8	#FEFEFE
2781	#D09E98	#FCFCFC
2782	#F9F1F0	#FFFFFF
2783	#F9F1F0	#FFFFFF
2784	#E5E1F1	#FEFEFE
2785	#ECD6D3	#FEFEFE
2786	#F7EEEC	#FFFFFF
2787	#F7EDEC	#FFFFFF
2788	#F1E0DD	#FEFEFE
2789	#FBF6F5	#FFFFFF
2790	#F4E6E4	#FEFEFE
2791	#EFECF6	#FFFFFF
2792	#E9E6F3	#FEFEFE
2793	#D4CFE8	#FEFEFE
2796	#F8EFED	#FFFFFF
2797	#E1BEBA	#FEFEFE
2798	#D9B0AA	#FDFDFD
2799	#D9B0AA	#FDFDFD
2800	#F8EEED	#FFFFFF
2801	#ECD4D1	#FEFEFE
2802	#D5CFE8	#FEFEFE
2803	#D9B0AB	#FDFDFD
2804	#F1E0DD	#FEFEFE
2805	#ECD4D1	#FEFEFE
2806	#E9E6F3	#FEFEFE
2807	#DCD7EC	#FEFEFE
2808	#E5E1F1	#FEFEFE
2809	#F6F5FA	#FFFFFF
2810	#FCF7F7	#FFFFFF
2811	#EFECF6	#FEFEFE
2812	#CBC5E3	#FDFDFD
2813	#E9E5F3	#FEFEFE
2814	#FBFAFD	#FFFFFF
2815	#F1E0DE	#FEFEFE
2816	#E2DEEF	#FDFDFD
2817	#CC9791	#FCFCFC
2818	#D9D4EA	#FDFDFD
2819	#FDFDFE	#FFFFFF
2820	#CC9791	#FCFCFC
2821	#F9F2F1	#FFFFFF
2822	#F7EDEC	#FEFEFE
2823	#FCF7F7	#FFFFFF
2824	#C3BBDE	#FDFDFD
2825	#F4E5E3	#FEFEFE
2826	#EEECF6	#FFFFFF
2827	#FBFAFD	#FFFFFF
2828	#F7EEEC	#FFFFFF
2829	#C3BBDE	#FDFDFD
2830	#DEDAED	#FEFEFE
2831	#D9B0AB	#FDFDFD
2832	#F1DFDC	#FEFEFE
2833	#EFEDF6	#FEFEFE
2834	#ECD5D2	#FEFEFE
2835	#EEECF6	#FEFEFE
2836	#FEFDFD	#FFFFFF
2837	#F4E6E4	#FEFEFE
2838	#EBD4D0	#FEFEFE
2839	#E8E5F3	#FEFEFE
2840	#FAF9FC	#FFFFFF
2841	#FBFAFD	#FFFFFF
2842	#F7ECEB	#FFFFFF
2843	#EBD4D0	#FEFEFE
2844	#D9B0AB	#FDFDFD
2846	#EBD3D0	#FEFEFE
2848	#D9B0AA	#FDFDFD
2849	#D3A59F	#FCFCFC
2850	#D5CFE8	#FEFEFE
2851	#F7EDEC	#FEFEFE
2852	#FCFBFD	#FFFFFF
2853	#EEECF6	#FFFFFF
2854	#F7ECEB	#FFFFFF
2855	#F0DDDA	#FEFEFE
2856	#EAE7F4	#FEFEFE
2857	#E4E0F0	#FEFEFE
2858	#FCFCFE	#FFFFFF
2859	#D2CCE6	#FCFCFC
2860	#EFECF6	#FFFFFF
2861	#FBF6F5	#FFFFFF
2862	#F9F8FC	#FFFFFF
2863	#FBF7F6	#FFFFFF
2864	#EBD4D0	#FEFEFE
2865	#FAFAFC	#FFFFFF
2866	#F7EDEC	#FEFEFE
2867	#B7AFD8	#FBFBFB
2868	#FAF9FC	#FFFFFF
2869	#F4E6E4	#FEFEFE
2870	#F3E4E2	#FEFEFE
2871	#FEFDFD	#FFFFFF
2872	#FEFEFE	#FFFFFF
2873	#DCD7EC	#FEFEFE
2874	#F8EEED	#FFFFFF
2875	#FBF7F6	#FFFFFF
2876	#EBD3D0	#FEFEFE
2877	#B8AFD8	#FDFDFD
2878	#CF9E97	#FCFCFC
2879	#FBFAFD	#FFFFFF
2880	#F8EEED	#FFFFFF
2881	#F7EDEB	#FFFFFF
2882	#FBF6F5	#FFFFFF
2883	#D4CEE8	#FEFEFE
2884	#EFECF6	#FFFFFF
2885	#D9B0AB	#FDFDFD
2886	#EBD4D0	#FEFEFE
2887	#E8CECA	#FEFEFE
2888	#E6E2F1	#FEFEFE
2889	#FAF9FC	#FFFFFF
2890	#F1E0DD	#FEFEFE
2891	#F7ECEB	#FFFFFF
2892	#AFA6D3	#FCFCFC
2893	#EFEDF6	#FEFEFE
2894	#ECD5D2	#FEFEFE
2895	#FBFAFD	#FFFFFF
2896	#B7AFD8	#FDFDFD
2897	#D9AFAA	#FDFDFD
2898	#FAF9FC	#FFFFFF
2899	#FEFDFD	#FFFFFF
2900	#ECD5D2	#FEFEFE
2901	#E9E5F3	#FEFEFE
2902	#B7AFD8	#FDFDFD
2903	#DDD8EC	#FEFEFE
2904	#E4C4C0	#FDFDFD
2905	#ECD5D2	#FEFEFE
2906	#F9F1F0	#FFFFFF
2907	#E8CECA	#FDFDFD
2908	#F9F8FC	#FFFFFF
2909	#F2F0F8	#FFFFFF
2910	#F1E0DE	#FEFEFE
2911	#DEDAED	#FDFDFD
2912	#F7EDEC	#FEFEFE
2913	#F6EAE9	#FEFEFE
2914	#F7EEEC	#FFFFFF
2915	#E5E1F1	#FEFEFE
2916	#FDFAFA	#FFFFFF
2917	#F5F3F9	#FFFFFF
2918	#CBC5E3	#FDFDFD
2919	#FBF7F6	#FFFFFF
2920	#FBFAFD	#FFFFFF
2921	#F7EDEB	#FEFEFE
2922	#E6E3F1	#FEFEFE
2923	#FEFDFD	#FFFFFF
2924	#FCFBFD	#FFFFFF
2925	#F4E6E4	#FEFEFE
2926	#F4E5E4	#FEFEFE
2927	#DCD8EC	#FEFEFE
2928	#F1E0DE	#FEFEFE
2929	#DDD8EC	#FEFEFE
2930	#E5E1F1	#FEFEFE
2931	#E8E5F3	#FEFEFE
2932	#FEFCFC	#FFFFFF
2933	#D9B0AB	#FDFDFD
2934	#F8EEED	#FFFFFF
2935	#EEEBF6	#FFFFFF
2936	#EED9D6	#FEFEFE
2937	#D9AFAA	#FDFDFD
2938	#EFEDF6	#FFFFFF
2939	#ECD5D2	#FEFEFE
2940	#EFEDF6	#FFFFFF
2941	#F1E0DE	#FEFEFE
2942	#E1BEB9	#FEFEFE
2943	#E1BEB9	#FEFEFE
2944	#CF9D97	#FCFCFC
2945	#B7AFD8	#FDFDFD
2946	#FAFAFC	#FFFFFF
2947	#FBF6F5	#FFFFFF
2948	#FAF9FC	#FFFFFF
2949	#FAF9FC	#FFFFFF
2950	#FBF5F5	#FFFFFF
2951	#F8EEED	#FFFFFF
2952	#FBFAFD	#FFFFFF
2953	#F9F1EF	#FFFFFF
2954	#ECD5D2	#FEFEFE
2955	#D9B0AB	#FDFDFD
2956	#F3F1F8	#FFFFFF
2957	#F9F8FC	#FFFFFF
2958	#D9B0AA	#FDFDFD
2959	#F9F8FC	#FFFFFF
2960	#FBF6F6	#FFFFFF
2961	#E6E3F1	#FEFEFE
2962	#E4E0F0	#FEFEFE
2963	#D3CEE7	#FDFDFD
2964	#E9E5F3	#FEFEFE
2965	#DDD8ED	#FEFEFE
2966	#EFEDF6	#FEFEFE
2967	#FFFEFE	#FFFFFF
2968	#F9F8FC	#FFFFFF
2969	#DDD8ED	#FEFEFE
2970	#EAD2CE	#FDFDFD
2971	#F9F1F0	#FFFFFF
2972	#E7E3F2	#FEFEFE
2973	#FBF6F5	#FFFFFF
2974	#F8EEED	#FFFFFF
2975	#F8EEED	#FFFFFF
2976	#C3BBDE	#FDFDFD
2977	#C3BBDE	#FDFDFD
2978	#F7ECEB	#FFFFFF
2979	#D4CFE8	#FEFEFE
2980	#DCD8EC	#FEFEFE
2981	#EEECF6	#FFFFFF
2982	#E4E0F0	#FEFEFE
2983	#FBF6F5	#FFFFFF
2984	#FAFAFC	#FFFFFF
2986	#E1BEBA	#FEFEFE
2987	#F8EEED	#FFFFFF
2988	#D4CEE7	#FDFDFD
2989	#FBF6F5	#FFFFFF
2990	#E7E3F2	#FEFEFE
2991	#D4A5A0	#FCFCFC
2992	#FBFBFD	#FFFFFF
2993	#D4CFE8	#FEFEFE
2994	#D9B0AA	#FDFDFD
2995	#D3A59F	#FCFCFC
2996	#EEECF6	#FFFFFF
2998	#FAF9FC	#FFFFFF
2999	#EBD4D0	#FEFEFE
3000	#D9B0AA	#FDFDFD
3001	#CF9E97	#FCFCFC
3002	#ECD5D2	#FEFEFE
3003	#DAD5EB	#FCFCFC
3004	#E9E5F3	#FEFEFE
3005	#FBFBFD	#FFFFFF
3006	#FBFBFD	#FFFFFF
3007	#F6EAE9	#FEFEFE
3008	#FCF7F7	#FFFFFF
3009	#F9F8FC	#FFFFFF
3010	#EFECF6	#FEFEFE
3011	#F2F0F8	#FFFFFF
3012	#F1E0DD	#FEFEFE
3013	#FFFFFF	#FFFFFF
3014	#F6F5FA	#FFFFFF
3015	#FAF9FC	#FFFFFF
3016	#E1DDEF	#FDFDFD
3017	#CDC7E4	#FDFDFD
3018	#D4CEE7	#FDFDFD
3019	#CF9D96	#FCFCFC
3020	#F7EEEC	#FFFFFF
3021	#CF9D97	#FCFCFC
3022	#E6C8C4	#FDFDFD
3023	#CF9D97	#FCFCFC
3024	#E6E2F1	#FEFEFE
3025	#E6C9C5	#FDFDFD
3026	#F1DFDD	#FEFEFE
3027	#E5E1F1	#FEFEFE
3028	#DCD7EC	#FEFEFE
3029	#F8EEED	#FFFFFF
3030	#F8EEED	#FFFFFF
3031	#F9F8FC	#FFFFFF
3032	#AFA6D3	#FCFCFC
3033	#EED9D7	#FEFEFE
3034	#FBF6F5	#FFFFFF
3036	#FBF6F5	#FFFFFF
3037	#FAF9FC	#FFFFFF
3038	#ECD6D3	#FEFEFE
3039	#E9CECA	#FEFEFE
3040	#F8EFED	#FFFFFF
3041	#FFFFFF	#FFFFFF
3042	#EEECF6	#FFFFFF
3044	#EEECF6	#FEFEFE
3045	#FAF9FC	#FFFFFF
3046	#FAF9FC	#FFFFFF
3047	#F8EEED	#FFFFFF
3048	#B7AFD8	#FDFDFD
3049	#EEECF6	#FFFFFF
3050	#F4E5E3	#FEFEFE
3051	#EEECF6	#FFFFFF
3052	#ECD6D3	#FEFEFE
3053	#FFFEFE	#FFFFFF
3054	#DFDAED	#FDFDFD
3055	#E9E5F3	#FEFEFE
3056	#FDFBFA	#FFFFFF
3057	#FBF6F6	#FFFFFF
3058	#DDD8EC	#FEFEFE
3059	#F7F5FA	#FFFFFF
3060	#DDD8EC	#FEFEFE
3061	#FBFBFD	#FFFFFF
3062	#FBFAFD	#FFFFFF
3063	#FAF9FC	#FFFFFF
3064	#FBFAFD	#FFFFFF
3065	#D4CFE8	#FDFDFD
3066	#FFFEFE	#FFFFFF
3067	#F7EDEB	#FFFFFF
3068	#FDFCFE	#FFFFFF
3069	#FBFAFD	#FFFFFF
3070	#E9CECA	#FEFEFE
3071	#EDD7D4	#FEFEFE
3072	#FDFAF9	#FFFFFF
3073	#ECEAF5	#FEFEFE
3074	#F4E6E4	#FEFEFE
3075	#F5F4FA	#FFFFFF
3076	#ECD5D2	#FEFEFE
3077	#FBFAFD	#FFFFFF
3078	#EBD4D0	#FEFEFE
3079	#F8EEED	#FFFFFF
3080	#AFA6D3	#FCFCFC
3081	#FBFAFD	#FFFFFF
3082	#F8EEED	#FFFFFF
3083	#DDD8EC	#FEFEFE
3084	#FAF9FC	#FFFFFF
3085	#EBD4D0	#FEFEFE
3086	#CCC5E3	#FDFDFD
3087	#C3BBDE	#FDFDFD
3088	#D4CFE8	#FEFEFE
3089	#F1DFDD	#FEFEFE
3090	#F9F9FC	#FFFFFF
3091	#F7EEEC	#FFFFFF
3092	#E8E5F3	#FEFEFE
3093	#D4CFE8	#FEFEFE
3094	#E9E5F3	#FEFEFE
3095	#F7ECEA	#FFFFFF
3096	#FAFAFD	#FFFFFF
3097	#EEECF6	#FFFFFF
3098	#F1DFDD	#FEFEFE
3099	#FBFAFD	#FFFFFF
3100	#FAFAFD	#FFFFFF
3101	#C9928B	#FBFBFB
3102	#C3BBDE	#FDFDFD
3103	#F4E5E3	#FEFEFE
3104	#E4E0F0	#FEFEFE
3105	#D8D3EA	#FDFDFD
3106	#B7AFD8	#FDFDFD
3107	#F2F0F8	#FEFEFE
3108	#F6EBEA	#FFFFFF
3109	#F7F5FB	#FFFFFF
3110	#CBC5E3	#FDFDFD
3111	#D6D1E9	#FDFDFD
3112	#D9B0AB	#FDFDFD
3113	#DBD6EC	#FEFEFE
3114	#DDD9ED	#FEFEFE
3115	#EFEDF6	#FEFEFE
3116	#FAF9FC	#FFFFFF
3117	#EEECF6	#FEFEFE
3118	#ECD5D2	#FEFEFE
3119	#FBFAFD	#FFFFFF
3120	#FCF7F7	#FFFFFF
3121	#FBFAFD	#FFFFFF
3122	#FBFAFD	#FFFFFF
3123	#FBF6F5	#FFFFFF
3124	#E5E2F1	#FEFEFE
3125	#F7EDEC	#FEFEFE
3126	#E6C8C4	#FDFDFD
3127	#D4CEE7	#FDFDFD
3128	#F1E0DE	#FEFEFE
3129	#F4E5E3	#FEFEFE
3130	#E5E1F1	#FEFEFE
3131	#CCC5E3	#FDFDFD
3132	#DDD8ED	#FEFEFE
3133	#F1DFDD	#FEFEFE
3134	#F9F8FC	#FFFFFF
3135	#ECD5D2	#FEFEFE
3136	#F8EEED	#FFFFFF
3137	#E1BEBA	#FEFEFE
3138	#F8EEED	#FFFFFF
3139	#FAFAFC	#FFFFFF
3140	#D5CFE8	#FDFDFD
3141	#CB9690	#FCFCFC
3142	#E1BEBA	#FEFEFE
3143	#FAFAFC	#FFFFFF
3144	#D3A59F	#FCFCFC
3145	#C5BDDF	#FCFCFC
3146	#F7ECEB	#FFFFFF
3147	#EBD4D0	#FEFEFE
3148	#E9E5F3	#FEFEFE
3149	#FAF9FC	#FFFFFF
3150	#D3CEE7	#FDFDFD
3151	#DDD8EC	#FEFEFE
3152	#EEECF6	#FFFFFF
3153	#B7AFD8	#FDFDFD
3154	#F5E7E6	#FEFEFE
3155	#F6F5FA	#FFFFFF
3156	#FDFBFA	#FFFFFF
3157	#DDD8ED	#FEFEFE
3158	#F6F4FA	#FFFFFF
3159	#E4E0F0	#FEFEFE
3160	#E6E3F2	#FEFEFE
3161	#EFEDF6	#FEFEFE
3162	#E1BEBA	#FEFEFE
3163	#FBFAFD	#FFFFFF
3164	#EFDCD9	#FEFEFE
3165	#F2E1DF	#FEFEFE
3166	#F2F0F8	#FFFFFF
3167	#E8E5F3	#FEFEFE
3168	#DDB8B3	#FCFCFC
3169	#FBF6F6	#FFFFFF
3170	#E4C4C0	#FDFDFD
3171	#F9F9FC	#FFFFFF
3172	#F9F1F0	#FFFFFF
3173	#FBFAFD	#FFFFFF
3174	#FDFBFB	#FFFFFF
3175	#F6F5FA	#FFFFFF
3176	#F8F7FB	#FFFFFF
3177	#F1DFDD	#FEFEFE
3178	#C3BBDE	#FDFDFD
3179	#FEFDFD	#FFFFFF
3180	#CCC6E3	#FDFDFD
3181	#DCD7EC	#FEFEFE
3182	#F8EEED	#FFFFFF
3183	#BDB5DB	#FCFCFC
3184	#A79DCF	#FBFBFB
3185	#B7AED8	#FDFDFD
3186	#E4C4C0	#FDFDFD
3187	#F7ECEA	#FFFFFF
3188	#E6C8C5	#FDFDFD
3189	#D5CFE8	#FEFEFE
3190	#FBF6F6	#FFFFFF
3191	#D5CFE8	#FEFEFE
3192	#D9AFAA	#FDFDFD
3193	#F1DFDD	#FEFEFE
3194	#E9E5F3	#FEFEFE
3195	#EFECF6	#FEFEFE
3196	#FAF9FC	#FFFFFF
3197	#EEECF6	#FFFFFF
3198	#C9938C	#FBFBFB
3199	#F1E0DE	#FEFEFE
3200	#D4A5A0	#FCFCFC
3201	#E9E6F3	#FEFEFE
3202	#D4A6A0	#FCFCFC
3203	#E9E5F3	#FEFEFE
3204	#EDD6D3	#FEFEFE
3205	#EED9D6	#FEFEFE
3206	#FBFAFD	#FFFFFF
3207	#F3F1F8	#FFFFFF
3208	#DEDAED	#FEFEFE
3209	#F2F0F8	#FEFEFE
3210	#FBFAFD	#FFFFFF
3211	#D5CFE8	#FDFDFD
3212	#FBFAFD	#FFFFFF
3213	#FBFAFD	#FFFFFF
3214	#F5E8E6	#FEFEFE
3215	#C2BADE	#FAFAFA
3216	#F9F2F1	#FFFFFF
3217	#EEECF6	#FFFFFF
3218	#D0CAE6	#FCFCFC
3219	#FBF7F6	#FFFFFF
3220	#FEFDFC	#FFFFFF
3221	#F7F6FB	#FFFFFF
3222	#FAF9FC	#FFFFFF
3223	#FBF7F6	#FFFFFF
3224	#F9F1F0	#FFFFFF
3225	#EED9D6	#FEFEFE
3226	#F4E5E3	#FEFEFE
3227	#EDEBF5	#FEFEFE
3228	#F8EEED	#FFFFFF
3229	#F8EEED	#FFFFFF
3230	#B8AFD8	#FDFDFD
3231	#EFEDF6	#FEFEFE
3232	#AEA5D3	#FCFCFC
3233	#D9B0AB	#FDFDFD
3234	#EBD4D0	#FEFEFE
3235	#FAF9FC	#FFFFFF
3236	#FBFBFD	#FFFFFF
3237	#E1BEBA	#FEFEFE
3238	#D4CEE8	#FEFEFE
3239	#FAF9FC	#FFFFFF
3240	#F6EAE8	#FEFEFE
3241	#F8EEED	#FFFFFF
3242	#D3A59F	#FCFCFC
3243	#F9F9FC	#FFFFFF
3244	#F8EEED	#FFFFFF
3245	#F8EFED	#FFFFFF
3246	#C3BBDE	#FDFDFD
3247	#E8E5F3	#FEFEFE
3248	#D5CFE8	#FEFEFE
3249	#FBF7F6	#FFFFFF
3250	#DED9ED	#FDFDFD
3251	#FBF5F5	#FFFFFF
3252	#EEECF6	#FFFFFF
3253	#F4E5E3	#FEFEFE
3254	#F7EDEC	#FEFEFE
3255	#FBF6F5	#FFFFFF
3256	#FAF9FC	#FFFFFF
3257	#CCC5E3	#FDFDFD
3258	#C7C0E1	#FCFCFC
3259	#FBF6F6	#FFFFFF
3260	#FCFBFD	#FFFFFF
3262	#DDD8EC	#FEFEFE
3263	#FEFDFD	#FFFFFF
3264	#EFECF6	#FEFEFE
3265	#EFECF6	#FFFFFF
3266	#E6E2F1	#FEFEFE
3267	#FEFDFD	#FFFFFF
3268	#DDD9ED	#FEFEFE
3269	#FCFCFD	#FFFFFF
3270	#CCC5E3	#FDFDFD
3271	#FFFEFE	#FFFFFF
3272	#FBFAFD	#FFFFFF
3273	#F9F1F0	#FFFFFF
3274	#CCC5E3	#FDFDFD
3275	#FBF6F6	#FFFFFF
3276	#C1B9DD	#FBFBFB
3277	#D9D4EA	#FCFCFC
3278	#FBFAFD	#FFFFFF
3279	#FBFAFD	#FFFFFF
3280	#D4CEE7	#FDFDFD
3281	#ECD5D2	#FEFEFE
3282	#FAF9FC	#FFFFFF
3283	#F7EDEB	#FFFFFF
3284	#ECD5D3	#FEFEFE
3285	#FAF9FC	#FFFFFF
3286	#C3BBDE	#FDFDFD
3287	#F1E0DE	#FEFEFE
3289	#E9E6F3	#FEFEFE
3290	#D9AFAA	#FDFDFD
3291	#D5CFE8	#FEFEFE
3292	#D5CFE8	#FEFEFE
3293	#F4E5E3	#FEFEFE
3294	#F8EEED	#FFFFFF
3295	#E6C8C4	#FDFDFD
3296	#EED9D6	#FEFEFE
3297	#FEFDFD	#FFFFFF
3299	#F8EEED	#FFFFFF
3300	#D3A49E	#FCFCFC
3301	#FBF6F6	#FFFFFF
3302	#FBFAFD	#FFFFFF
3303	#F9F9FC	#FFFFFF
3304	#F6F5FA	#FFFFFF
3305	#F6EAE9	#FEFEFE
3306	#FBFAFD	#FFFFFF
3307	#FBF6F6	#FFFFFF
3308	#DBD7EC	#FEFEFE
3309	#E4E1F0	#FEFEFE
3310	#DED9ED	#FEFEFE
3311	#FFFEFE	#FFFFFF
3312	#ECD5D2	#FEFEFE
3313	#EEECF6	#FFFFFF
3314	#FEFDFD	#FFFFFF
3315	#C6BFE0	#FBFBFB
3316	#FEFDFD	#FFFFFF
3317	#E9CECB	#FEFEFE
3319	#E5E1F1	#FEFEFE
3320	#F9F2F1	#FFFFFF
3321	#CBC5E3	#FDFDFD
3322	#D2CCE6	#FCFCFC
3323	#F7F5FB	#FFFFFF
3324	#FBFBFD	#FFFFFF
3325	#EDD7D4	#FEFEFE
3326	#E4E1F1	#FEFEFE
3327	#C3BBDE	#FDFDFD
3328	#F9F1F0	#FFFFFF
3329	#ECD5D2	#FEFEFE
3330	#DCD8EC	#FEFEFE
3331	#B7AFD8	#FDFDFD
3332	#DDD8EC	#FEFEFE
3333	#FAF9FC	#FFFFFF
3334	#F4E5E3	#FEFEFE
3335	#FAF9FC	#FFFFFF
3336	#C3BBDE	#FDFDFD
3337	#D9B0AA	#FDFDFD
3338	#C9918B	#FBFBFB
3339	#D3A59F	#FCFCFC
3340	#F9F1F0	#FFFFFF
3341	#FBF6F5	#FFFFFF
3342	#C3BBDE	#FDFDFD
3343	#F8EEED	#FFFFFF
3344	#A89ECF	#FBFBFB
3345	#FAFAFC	#FFFFFF
3346	#E9CECA	#FEFEFE
3347	#F7EDEB	#FFFFFF
3348	#FAF9FC	#FFFFFF
3349	#FBFAFD	#FFFFFF
3350	#F6F5FA	#FFFFFF
3351	#CCC5E3	#FDFDFD
3352	#EFECF6	#FEFEFE
3353	#DDD8EC	#FEFEFE
3354	#E0BDB9	#FDFDFD
3355	#DDD9ED	#FDFDFD
3356	#E9CECB	#FEFEFE
3357	#E1DDEF	#FDFDFD
3358	#F1DEDC	#FEFEFE
3359	#EEECF6	#FEFEFE
3360	#DEDAED	#FEFEFE
3361	#EFEDF7	#FFFFFF
3362	#E1BEB9	#FEFEFE
3363	#EFEDF7	#FFFFFF
3364	#F9F8FC	#FFFFFF
3365	#E6E3F2	#FEFEFE
3366	#E6E3F2	#FEFEFE
3367	#FEFDFD	#FFFFFF
3368	#FBFAFD	#FFFFFF
3369	#B7AFD8	#FDFDFD
3370	#F9F8FC	#FFFFFF
3371	#F7EDEB	#FFFFFF
3372	#C8918B	#FBFBFB
3373	#E1DDEF	#FDFDFD
3374	#F6EBE9	#FEFEFE
3375	#F9F1F0	#FFFFFF
3376	#ECD4D1	#FEFEFE
3377	#DDD8EC	#FEFEFE
3378	#DEB8B3	#FCFCFC
3379	#EBD4D0	#FEFEFE
3380	#ECD5D2	#FEFEFE
3381	#FBF6F5	#FFFFFF
3382	#FEFDFD	#FFFFFF
3383	#E1BEB9	#FEFEFE
3384	#A79DCF	#FBFBFB
3385	#D9B0AB	#FDFDFD
3386	#D4CFE8	#FEFEFE
3387	#F1E0DD	#FEFEFE
3388	#D5CFE8	#FEFEFE
3389	#FBF6F5	#FFFFFF
3390	#F1DFDD	#FEFEFE
3391	#D4CFE8	#FEFEFE
3392	#E8CDCA	#FEFEFE
3393	#E0BDB9	#FEFEFE
3394	#F8EEED	#FFFFFF
3395	#CCC5E3	#FDFDFD
3396	#E1BEBA	#FEFEFE
3399	#EBD4D0	#FEFEFE
3400	#B7AFD8	#FDFDFD
3401	#FAF9FC	#FFFFFF
3402	#E9E5F3	#FEFEFE
3403	#ECD6D3	#FEFEFE
3404	#EEECF6	#FFFFFF
3405	#968CC6	#F9F9F9
3406	#FAF9FC	#FFFFFF
3407	#FAF9FC	#FFFFFF
3408	#DDD8EC	#FEFEFE
3409	#E9E6F3	#FEFEFE
3410	#D5CFE8	#FEFEFE
3411	#C3BBDE	#FDFDFD
3412	#FAF9FC	#FFFFFF
3413	#C3BBDE	#FDFDFD
3414	#EEECF6	#FFFFFF
3415	#E5E1F1	#FEFEFE
3416	#F6F5FA	#FFFFFF
3417	#DCD8EC	#FEFEFE
3418	#D4CEE8	#FDFDFD
3419	#FAFAFD	#FFFFFF
3420	#FAF9FC	#FFFFFF
3422	#D5CFE8	#FEFEFE
3423	#EEECF6	#FFFFFF
3424	#FBF6F5	#FFFFFF
3425	#DEDAED	#FEFEFE
3426	#B7AFD8	#FDFDFD
3427	#B7AFD8	#FDFDFD
3428	#F8EEED	#FFFFFF
3429	#FEFCFC	#FFFFFF
3430	#FBF6F5	#FFFFFF
3431	#C3BBDE	#FDFDFD
3432	#F8EEED	#FFFFFF
3433	#FBFAFD	#FFFFFF
3434	#E9E5F3	#FEFEFE
3438	#FAF9FC	#FFFFFF
3439	#E9E5F3	#FEFEFE
3440	#D5CFE8	#FEFEFE
3441	#FAF9FC	#FFFFFF
3442	#D3CEE7	#FDFDFD
3443	#B8AFD8	#FDFDFD
3444	#D9B0AA	#FDFDFD
3445	#F7ECEB	#FFFFFF
3446	#E8E5F3	#FEFEFE
3447	#FBFAFD	#FFFFFF
3448	#F7ECEB	#FFFFFF
3449	#FBFAFD	#FFFFFF
3450	#D5CFE8	#FEFEFE
3451	#EFEDF6	#FEFEFE
3452	#D9B0AA	#FDFDFD
3453	#C3BBDE	#FDFDFD
3454	#F4E5E4	#FEFEFE
3455	#D5CFE8	#FEFEFE
3456	#E9E5F3	#FEFEFE
3457	#ECD6D3	#FEFEFE
3458	#C3BBDE	#FDFDFD
3459	#CF9D97	#FCFCFC
3460	#FEFCFC	#FFFFFF
3461	#D4CEE8	#FEFEFE
3462	#EBD4D0	#FEFEFE
3463	#E5E1F1	#FEFEFE
3464	#F1E0DD	#FEFEFE
3465	#FAF9FC	#FFFFFF
3466	#D7D2E9	#FDFDFD
3467	#F7ECEB	#FFFFFF
3468	#C3BBDE	#FDFDFD
3469	#F9F8FC	#FFFFFF
3470	#F8EEED	#FFFFFF
3472	#D4CEE7	#FDFDFD
3473	#EBD4D0	#FEFEFE
3474	#DDD8EC	#FEFEFE
3475	#FAF9FC	#FFFFFF
3476	#E6E2F1	#FEFEFE
3477	#D7D1E9	#FDFDFD
3478	#D9B0AA	#FDFDFD
3479	#EDEBF5	#FEFEFE
3480	#F8EEED	#FFFFFF
3481	#E8E5F3	#FEFEFE
3482	#B7AFD8	#FDFDFD
3484	#FAF9FC	#FFFFFF
3485	#ECEAF5	#FEFEFE
3486	#FBF6F5	#FFFFFF
3487	#E8E5F3	#FEFEFE
3488	#B7AFD8	#FBFBFB
3489	#FAF9FC	#FFFFFF
3491	#FAF9FC	#FFFFFF
3492	#EBD4D0	#FEFEFE
3493	#E1BEBA	#FEFEFE
3494	#FBF6F6	#FFFFFF
3495	#EBD4D0	#FEFEFE
3496	#EBD4D0	#FEFEFE
3497	#E1BEBA	#FEFEFE
3498	#AFA6D3	#FCFCFC
3499	#B7AFD8	#FDFDFD
3500	#EDEAF5	#FEFEFE
3501	#F7EDEB	#FFFFFF
3502	#E4E0F0	#FEFEFE
3503	#E8E5F3	#FEFEFE
3504	#D4A59F	#FCFCFC
3505	#FBFAFD	#FFFFFF
3506	#F3F1F8	#FFFFFF
3507	#FFFEFE	#FFFFFF
3508	#EDEAF5	#FEFEFE
3509	#CBC5E3	#FDFDFD
3510	#DDD8ED	#FEFEFE
3511	#F8EEED	#FFFFFF
3512	#FEFDFD	#FFFFFF
3513	#F7EDEB	#FFFFFF
3514	#F0DDDA	#FEFEFE
3515	#DDD8ED	#FEFEFE
3516	#ECD5D3	#FEFEFE
3517	#E1BEBA	#FEFEFE
3518	#F2F0F8	#FFFFFF
3519	#FEFEFE	#FFFFFF
3520	#E8E5F3	#FEFEFE
3521	#FAF9FC	#FFFFFF
3522	#F4E5E3	#FEFEFE
3523	#FBF6F5	#FFFFFF
3524	#FCF7F7	#FFFFFF
3525	#B7AED8	#FBFBFB
3526	#FBF6F5	#FFFFFF
3527	#D9B0AA	#FDFDFD
3528	#F7ECEA	#FFFFFF
3529	#DCD7EC	#FEFEFE
3530	#EEECF6	#FFFFFF
3531	#FAF9FC	#FFFFFF
3532	#E6E3F2	#FEFEFE
3533	#F8EEED	#FFFFFF
3534	#D4A5A0	#FCFCFC
3535	#EEECF6	#FEFEFE
3536	#FBF6F6	#FFFFFF
3537	#EEECF6	#FEFEFE
3538	#FAFAFC	#FFFFFF
3539	#D3CDE7	#FDFDFD
3540	#E1BEBA	#FEFEFE
3541	#EBD4D0	#FEFEFE
3542	#E1BEBA	#FEFEFE
3543	#F8EEED	#FFFFFF
3544	#FBFAFD	#FFFFFF
3545	#D9B0AB	#FDFDFD
3546	#EFECF6	#FFFFFF
3547	#AFA5D3	#FCFCFC
3548	#FAF9FC	#FFFFFF
3549	#C3BBDE	#FDFDFD
3550	#E4C4C0	#FDFDFD
3551	#E8E5F3	#FEFEFE
3552	#E2C0BC	#FDFDFD
3553	#E6E3F2	#FEFEFE
3554	#FBF6F6	#FFFFFF
3555	#FBFBFD	#FFFFFF
3556	#FEFEFD	#FFFFFF
3557	#F5E9E8	#FEFEFE
3558	#F9F2F1	#FFFFFF
3559	#F1DFDD	#FEFEFE
3560	#D9B0AB	#FDFDFD
3561	#DCD8EC	#FEFEFE
3562	#CEC7E4	#FDFDFD
3563	#FBFAFD	#FFFFFF
3564	#FBFAFD	#FFFFFF
3565	#E6E3F2	#FEFEFE
3566	#FBFBFD	#FFFFFF
3567	#F9F1F0	#FFFFFF
3568	#EAE7F4	#FEFEFE
3569	#F4E5E3	#FEFEFE
3570	#FBFAFD	#FFFFFF
3571	#F1E0DE	#FEFEFE
3572	#F9F8FC	#FFFFFF
3573	#E9E5F3	#FEFEFE
3574	#E1BEBA	#FDFDFD
3575	#FEFDFD	#FFFFFF
3576	#F3F1F8	#FFFFFF
3577	#F1E0DE	#FEFEFE
3578	#F4E6E4	#FEFEFE
3579	#DCD7EC	#FEFEFE
3580	#FBF6F6	#FFFFFF
3581	#F1E0DE	#FEFEFE
3582	#B7AFD8	#FDFDFD
3583	#E8E5F3	#FEFEFE
3584	#F1E0DE	#FEFEFE
3585	#F1E0DD	#FEFEFE
3586	#EEEBF6	#FFFFFF
3587	#CCC5E3	#FDFDFD
3588	#D5CFE8	#FEFEFE
3589	#C3BBDE	#FDFDFD
3590	#D4CFE8	#FEFEFE
3592	#ECD4D1	#FEFEFE
3593	#E4E1F1	#FEFEFE
3595	#EBD4D0	#FEFEFE
3596	#EBD4D0	#FEFEFE
3597	#D5CFE8	#FEFEFE
3598	#E1BEBA	#FEFEFE
3599	#E1BEBA	#FEFEFE
3600	#C4BDDF	#FCFCFC
3601	#E4E0F0	#FEFEFE
3602	#F7F6FB	#FFFFFF
3603	#E9E5F3	#FEFEFE
3604	#E8E5F3	#FEFEFE
3605	#EED8D5	#FEFEFE
3606	#F9F8FC	#FFFFFF
3607	#F4E6E4	#FEFEFE
3608	#F2F0F8	#FFFFFF
3609	#F3E5E3	#FEFEFE
3610	#FEFCFC	#FFFFFF
3611	#FBFBFD	#FFFFFF
3612	#F8EEED	#FFFFFF
3613	#E6C9C5	#FDFDFD
3614	#F6F5FA	#FFFFFF
3615	#B8AFD8	#FBFBFB
3616	#DDD8EC	#FDFDFD
3617	#E5E1F1	#FEFEFE
3618	#DDD8EC	#FEFEFE
3619	#F1E0DE	#FEFEFE
3620	#C1857E	#FAFAFA
3621	#F1DFDC	#FEFEFE
3622	#E4E0F0	#FEFEFE
3623	#F0DDDA	#FEFEFE
3624	#E5E2F1	#FEFEFE
3625	#DED9ED	#FEFEFE
3626	#D9B0AB	#FDFDFD
3627	#F1DFDD	#FEFEFE
3628	#D2CCE7	#FCFCFC
3629	#F9F8FC	#FFFFFF
3630	#D9AFAA	#FDFDFD
3631	#CBC5E3	#FDFDFD
3632	#B8AFD8	#FDFDFD
3633	#FBFAFD	#FFFFFF
3634	#E9E6F3	#FEFEFE
3635	#D4CFE8	#FEFEFE
3636	#F1E0DE	#FEFEFE
3637	#C4BDDF	#FCFCFC
3638	#DDD8EC	#FEFEFE
3639	#DDD8EC	#FEFEFE
3640	#F4E6E4	#FEFEFE
3641	#D4A59F	#FCFCFC
3642	#E8E5F3	#FEFEFE
3643	#F1DFDD	#FEFEFE
3644	#FAF9FC	#FFFFFF
3645	#F1E0DE	#FEFEFE
3646	#E9E6F3	#FEFEFE
3647	#FAF9FC	#FFFFFF
3648	#CCC5E3	#FDFDFD
3649	#E6C8C4	#FDFDFD
3650	#E8E5F3	#FEFEFE
3651	#EEECF6	#FEFEFE
3652	#F4E6E4	#FEFEFE
3653	#FBF6F5	#FFFFFF
3654	#EBD4D0	#FEFEFE
3655	#F1DFDD	#FEFEFE
3656	#E6E3F1	#FEFEFE
3657	#F9F8FC	#FFFFFF
3658	#FEFDFC	#FFFFFF
3659	#FEFDFD	#FFFFFF
3660	#EDEBF5	#FEFEFE
3661	#DFDAED	#FEFEFE
3662	#FAFAFC	#FFFFFF
3663	#FBF5F5	#FFFFFF
3664	#F0DDDA	#FEFEFE
3665	#E4E0F0	#FEFEFE
3666	#E6E2F1	#FEFEFE
3667	#E2DDEF	#FDFDFD
3668	#FDFAF9	#FFFFFF
3669	#DCD8EC	#FEFEFE
3670	#EEECF6	#FFFFFF
3671	#FDFBFA	#FFFFFF
3672	#F8EEED	#FFFFFF
3673	#FBF7F6	#FFFFFF
3674	#EEDAD7	#FEFEFE
3675	#F6F4FA	#FFFFFF
3676	#F2F0F8	#FFFFFF
3677	#DCB6B1	#FCFCFC
3678	#FEFCFC	#FFFFFF
3679	#CCC5E3	#FDFDFD
3680	#ECD5D2	#FEFEFE
3681	#F7EDEB	#FFFFFF
3682	#D3CEE7	#FDFDFD
3683	#FBFAFD	#FFFFFF
3684	#DCD7EC	#FEFEFE
3685	#D3CEE7	#FDFDFD
3686	#D9B0AA	#FDFDFD
3687	#DDD8EC	#FEFEFE
3688	#FBFAFD	#FFFFFF
3689	#EEEBF6	#FFFFFF
3690	#EBD4D0	#FEFEFE
3691	#D4A59F	#FCFCFC
3692	#F8EEED	#FFFFFF
3694	#E1BEBA	#FEFEFE
3695	#D5CFE8	#FEFEFE
3696	#EBD4D0	#FEFEFE
3697	#FAF9FC	#FFFFFF
3698	#FAFAFC	#FFFFFF
3699	#FAF9FC	#FFFFFF
3700	#F1E0DD	#FEFEFE
3701	#E8CDCA	#FEFEFE
3702	#F8EEED	#FFFFFF
3703	#EFEDF6	#FEFEFE
3704	#F9F8FC	#FFFFFF
3705	#E1BEBA	#FEFEFE
3706	#E6E3F2	#FEFEFE
3707	#F2F0F8	#FFFFFF
3708	#F7EDEC	#FFFFFF
3709	#ECD5D2	#FEFEFE
3710	#E8E5F3	#FEFEFE
3711	#C3BBDE	#FDFDFD
3712	#FEFDFD	#FFFFFF
3713	#D4CEE7	#FDFDFD
3714	#FBFAFD	#FFFFFF
3715	#E5E1F1	#FEFEFE
3716	#F7F5FA	#FFFFFF
3717	#FEFDFD	#FFFFFF
3718	#E3DFF0	#FDFDFD
3719	#E6C8C5	#FDFDFD
3720	#FBFAFD	#FFFFFF
3721	#CBC4E3	#FDFDFD
3722	#EBD3D0	#FEFEFE
3723	#FFFFFE	#FFFFFF
3724	#E4C4C0	#FDFDFD
3725	#FEFDFD	#FFFFFF
3726	#F7EDEC	#FFFFFF
3727	#EFECF6	#FEFEFE
3728	#EEECF6	#FFFFFF
3729	#E9CECA	#FEFEFE
3730	#F8EEED	#FFFFFF
3731	#F7ECEB	#FFFFFF
3732	#ECD6D3	#FEFEFE
3733	#CCC5E3	#FDFDFD
3734	#CC9891	#FCFCFC
3735	#F6F4FA	#FFFFFF
3736	#F1E0DD	#FEFEFE
3737	#EBD4D0	#FEFEFE
3738	#FEFDFD	#FFFFFF
3739	#ECD5D2	#FEFEFE
3740	#DDD8EC	#FEFEFE
3741	#F8EFED	#FFFFFF
3742	#E1BEBA	#FEFEFE
3743	#FAFAFD	#FFFFFF
3744	#EBD4D0	#FEFEFE
3746	#E1BEBA	#FEFEFE
3747	#F8EEED	#FFFFFF
3748	#F1E0DD	#FEFEFE
3749	#F9F8FC	#FFFFFF
3750	#EEEBF6	#FFFFFF
3751	#EDEAF5	#FEFEFE
3752	#F7ECEA	#FFFFFF
3753	#F1E0DE	#FEFEFE
3754	#F7EDEB	#FFFFFF
3755	#F6F5FA	#FFFFFF
3756	#FBF6F6	#FFFFFF
3757	#EDEBF5	#FEFEFE
3758	#F4E5E3	#FEFEFE
3759	#C58A84	#FBFBFB
3760	#F6F4FA	#FFFFFF
3761	#F9F1F0	#FFFFFF
3762	#CBC5E3	#FDFDFD
3763	#F7EDEB	#FFFFFF
3764	#DCD8EC	#FEFEFE
3765	#FBF6F6	#FFFFFF
3766	#EEECF6	#FEFEFE
3767	#E8CDCA	#FEFEFE
3768	#A79DCF	#FBFBFB
3769	#FBFBFD	#FFFFFF
3770	#FEFCFC	#FFFFFF
3771	#DFBBB7	#FCFCFC
3772	#EEECF6	#FFFFFF
3773	#DCD7EC	#FEFEFE
3774	#FDFBFB	#FFFFFF
3775	#DDD8ED	#FEFEFE
3776	#E3DFF0	#FEFEFE
3777	#E8CDCA	#FEFEFE
3778	#C3BBDE	#FDFDFD
3779	#F9F8FC	#FFFFFF
3780	#F1DFDD	#FEFEFE
3781	#ECD5D2	#FEFEFE
3782	#F1E0DE	#FEFEFE
3783	#DDD8EC	#FEFEFE
3784	#F1E0DD	#FEFEFE
3785	#FAF9FC	#FFFFFF
3786	#CB9690	#FCFCFC
3787	#E8E5F3	#FEFEFE
3788	#F7ECEA	#FFFFFF
3789	#F8EEED	#FFFFFF
3790	#E4E0F0	#FEFEFE
3791	#FAFAFC	#FFFFFF
3792	#C3BBDE	#FDFDFD
3793	#FAF9FC	#FFFFFF
3794	#E4C4C0	#FDFDFD
3795	#F7EEEC	#FFFFFF
3796	#EEECF6	#FFFFFF
3797	#D9AFAA	#FDFDFD
3799	#CF9D97	#FCFCFC
3800	#E1BEB9	#FEFEFE
3801	#FBFAFD	#FFFFFF
3802	#FEFCFC	#FFFFFF
3803	#F1DFDD	#FEFEFE
3804	#E9E5F3	#FEFEFE
3805	#EBD4D0	#FDFDFD
3806	#F0DCDA	#FEFEFE
3807	#FBFAFD	#FFFFFF
3808	#EFEDF6	#FEFEFE
3809	#ECD6D3	#FEFEFE
3810	#D4CEE7	#FDFDFD
3811	#F1E0DD	#FEFEFE
3812	#FBF6F5	#FFFFFF
3813	#D3A59F	#FCFCFC
3814	#E6E3F2	#FEFEFE
3815	#EEECF6	#FFFFFF
3816	#CC9791	#FCFCFC
3817	#EBE8F4	#FEFEFE
3818	#C7C0E0	#FCFCFC
3819	#DDD8EC	#FEFEFE
3820	#FDFBFA	#FFFFFF
3821	#EEECF6	#FFFFFF
3822	#E1BEBA	#FEFEFE
3823	#E4E1F1	#FEFEFE
3824	#F2F1F8	#FFFFFF
3825	#F9F8FC	#FFFFFF
3826	#F9F2F1	#FFFFFF
3827	#FBFBFD	#FFFFFF
3828	#F9F8FC	#FFFFFF
3829	#FBF6F5	#FFFFFF
3830	#F4E6E4	#FEFEFE
3831	#EEECF6	#FFFFFF
3832	#DCD7EC	#FEFEFE
3833	#EAE7F4	#FEFEFE
3834	#A79ECF	#FBFBFB
3835	#E1BEBA	#FEFEFE
3836	#ECD5D2	#FEFEFE
3837	#E1BEBA	#FEFEFE
3838	#E5E1F1	#FEFEFE
3840	#FAF9FC	#FFFFFF
3841	#D4CFE8	#FEFEFE
3842	#FBFAFD	#FFFFFF
3843	#D5CFE8	#FEFEFE
3844	#D5CFE8	#FEFEFE
3845	#E1BEBA	#FEFEFE
3846	#D9B0AB	#FDFDFD
3847	#D9B0AB	#FDFDFD
3848	#E1BEBA	#FEFEFE
3849	#D9B0AB	#FDFDFD
3850	#F1E0DE	#FEFEFE
3851	#FBF6F6	#FFFFFF
3852	#E4E0F0	#FEFEFE
3853	#CCC5E3	#FDFDFD
3854	#E5E2F1	#FEFEFE
3855	#EBE9F4	#FEFEFE
3856	#F7EDEB	#FFFFFF
3857	#FAF9FC	#FFFFFF
3858	#EBE8F4	#FEFEFE
3859	#DCD7EC	#FEFEFE
3860	#F1DFDD	#FEFEFE
3861	#E5E2F1	#FEFEFE
3862	#DED9ED	#FEFEFE
3863	#E8CDCA	#FEFEFE
3864	#CB9690	#FCFCFC
3865	#F1E0DD	#FEFEFE
3866	#EDEBF5	#FEFEFE
3867	#F2F1F8	#FFFFFF
3868	#F4E6E4	#FEFEFE
3869	#F1E0DD	#FEFEFE
3870	#D4CEE8	#FDFDFD
3871	#FDFBFA	#FFFFFF
3872	#FAF9FC	#FFFFFF
3873	#FAF9FC	#FFFFFF
3874	#FBF6F5	#FFFFFF
3875	#E8E5F3	#FEFEFE
3876	#FBF6F5	#FFFFFF
3877	#F7EDEC	#FEFEFE
3878	#F7ECEB	#FFFFFF
3879	#EFECF6	#FEFEFE
3880	#EEECF6	#FFFFFF
3881	#CBC5E3	#FDFDFD
3882	#FBFAFD	#FFFFFF
3883	#F7EDEC	#FEFEFE
3884	#AFA6D3	#FCFCFC
3885	#F7ECEB	#FFFFFF
3886	#DDD8ED	#FEFEFE
3887	#F8EEED	#FFFFFF
3888	#F1DFDD	#FEFEFE
3889	#FAF9FC	#FFFFFF
3890	#E8E5F3	#FEFEFE
3891	#F8EEED	#FFFFFF
3892	#EFECF6	#FFFFFF
3893	#ECD6D3	#FEFEFE
3894	#EBD3D0	#FEFEFE
3895	#FAF9FC	#FFFFFF
3896	#F0DDDA	#FEFEFE
3898	#EBD3D0	#FEFEFE
3899	#D3CDE7	#FDFDFD
3900	#E1BEBA	#FEFEFE
3901	#D4CFE8	#FEFEFE
3902	#F4E5E3	#FEFEFE
3903	#E4C4C0	#FDFDFD
3904	#FBFAFD	#FFFFFF
3905	#EAE7F4	#FEFEFE
3906	#FBFAFD	#FFFFFF
3907	#F1DFDD	#FEFEFE
3908	#E4E0F0	#FEFEFE
3909	#FBFAFD	#FFFFFF
3910	#DCD7EC	#FEFEFE
3911	#E4E0F0	#FEFEFE
3912	#FAFAFD	#FFFFFF
3913	#E4E1F1	#FEFEFE
3914	#FEFDFD	#FFFFFF
3915	#FAF9FC	#FFFFFF
3916	#F7F5FA	#FFFFFF
3917	#FCF8F7	#FFFFFF
3918	#E5E1F1	#FEFEFE
3919	#E8E5F3	#FEFEFE
3920	#F9F1F0	#FFFFFF
3921	#EAE7F4	#FEFEFE
3922	#FBF6F5	#FFFFFF
3923	#E5E1F1	#FEFEFE
3924	#D5CFE8	#FEFEFE
3925	#F7EDEC	#FEFEFE
3926	#E2C0BC	#FDFDFD
3927	#DED9ED	#FDFDFD
3928	#E9CECA	#FEFEFE
3929	#EBD3D0	#FEFEFE
3930	#E5E1F1	#FEFEFE
3931	#EFEDF6	#FEFEFE
3932	#AFA5D3	#FCFCFC
3933	#FEFDFD	#FFFFFF
3934	#FAF4F3	#FFFFFF
3935	#D4CFE8	#FEFEFE
3936	#FBF7F6	#FFFFFF
3937	#C3BBDE	#FDFDFD
3938	#EEECF6	#FFFFFF
3939	#E8CDCA	#FEFEFE
3940	#C3BBDE	#FDFDFD
3941	#F1DFDD	#FEFEFE
3942	#D5CFE8	#FDFDFD
3943	#D5CFE8	#FEFEFE
3944	#D9AFAA	#FDFDFD
3945	#E1BEB9	#FEFEFE
3946	#F4E5E3	#FEFEFE
3947	#F8EFED	#FFFFFF
3948	#EBD4D0	#FEFEFE
3949	#CB9790	#FCFCFC
3950	#E9E5F3	#FEFEFE
3951	#D5CFE8	#FEFEFE
3952	#F1E0DE	#FEFEFE
3953	#D4CFE8	#FDFDFD
3954	#E7E3F2	#FEFEFE
3955	#FBFBFD	#FFFFFF
3956	#F2F0F8	#FFFFFF
3957	#D7D2EA	#FDFDFD
3958	#CFC9E5	#FBFBFB
3959	#FAFAFC	#FFFFFF
3960	#B7AFD8	#FBFBFB
3961	#DED9ED	#FEFEFE
3962	#DCD7EC	#FEFEFE
3963	#E4E0F0	#FEFEFE
3964	#F7F5FA	#FFFFFF
3965	#E5E2F1	#FEFEFE
3966	#F4E6E4	#FEFEFE
3967	#EAE8F4	#FEFEFE
3968	#EED9D7	#FEFEFE
3969	#B7AFD8	#FDFDFD
3970	#FBFAFD	#FFFFFF
3971	#F9F9FC	#FFFFFF
3972	#ECD5D2	#FEFEFE
3973	#E5E1F1	#FEFEFE
3974	#F8EEED	#FFFFFF
3975	#F1DFDD	#FEFEFE
3976	#D9B0AA	#FDFDFD
3977	#DDD8ED	#FEFEFE
3978	#E4E1F1	#FEFEFE
3979	#D4A5A0	#FCFCFC
3980	#EBD4D0	#FEFEFE
3981	#F1E0DE	#FEFEFE
3982	#E4E1F1	#FEFEFE
3983	#FBFBFD	#FFFFFF
3984	#F8EEED	#FFFFFF
3985	#F8EEED	#FFFFFF
3986	#E1BEB9	#FEFEFE
3987	#E1BEBA	#FEFEFE
3988	#D9B0AA	#FDFDFD
3989	#F1E0DE	#FEFEFE
3990	#FAFAFC	#FFFFFF
3991	#C3BBDE	#FDFDFD
3992	#F7ECEB	#FFFFFF
3993	#F8EEED	#FFFFFF
3994	#D9B0AB	#FDFDFD
3995	#E9CECB	#FEFEFE
3996	#CC9791	#FCFCFC
3997	#FBFAFD	#FFFFFF
3998	#D4A5A0	#FCFCFC
3999	#F7ECEB	#FFFFFF
4000	#FBF6F5	#FFFFFF
4001	#C8918A	#FBFBFB
4002	#F1E0DD	#FEFEFE
4003	#DDD8ED	#FEFEFE
4004	#E6E3F2	#FEFEFE
4005	#E7E3F2	#FEFEFE
4006	#F1E0DE	#FEFEFE
4007	#FEFDFD	#FFFFFF
4008	#EFEDF7	#FFFFFF
4009	#F6F5FA	#FFFFFF
4010	#C7BFE0	#FCFCFC
4011	#E8E5F3	#FEFEFE
4012	#CBC5E3	#FDFDFD
4013	#EBD4D0	#FEFEFE
4014	#E8E5F3	#FEFEFE
4015	#F6F4FA	#FFFFFF
4016	#F7ECEB	#FFFFFF
4017	#E3DFF0	#FEFEFE
4018	#F1DFDD	#FEFEFE
4019	#F4E6E4	#FEFEFE
4020	#EFECF6	#FFFFFF
4021	#D7D2E9	#FDFDFD
4022	#FDFCFE	#FFFFFF
4023	#EDEAF5	#FEFEFE
4024	#DCD8EC	#FEFEFE
4025	#F9F8FC	#FFFFFF
4026	#F6EBEA	#FEFEFE
4027	#FBFAFD	#FFFFFF
4028	#FBF6F5	#FFFFFF
4029	#F9F9FC	#FFFFFF
4030	#CF9D97	#FCFCFC
4031	#DCD8EC	#FEFEFE
4032	#FAF9FC	#FFFFFF
4033	#F9F2F1	#FFFFFF
4034	#DDD8EC	#FEFEFE
4035	#EDEBF5	#FEFEFE
4036	#F7ECEB	#FFFFFF
4037	#C3BBDE	#FDFDFD
4038	#F1DFDC	#FEFEFE
4039	#D4A59F	#FCFCFC
4040	#F1DFDD	#FEFEFE
4041	#EEECF6	#FFFFFF
4042	#C3BBDE	#FDFDFD
4043	#EBD4D0	#FEFEFE
4044	#FBFAFD	#FFFFFF
4045	#F1E0DD	#FEFEFE
4046	#FBF6F5	#FFFFFF
4047	#F1DFDD	#FEFEFE
4048	#FAF9FC	#FFFFFF
4049	#FFFFFF	#FFFFFF
4050	#CC9790	#FCFCFC
4052	#D9B0AB	#FDFDFD
4053	#D5CFE8	#FEFEFE
4054	#E1BEBA	#FEFEFE
4055	#FBFAFD	#FFFFFF
4056	#FAF9FC	#FFFFFF
4057	#EBD4D0	#FEFEFE
4058	#EBD4D0	#FEFEFE
4059	#D9AFAA	#FDFDFD
4060	#FBFAFD	#FFFFFF
4061	#F8EEED	#FFFFFF
4062	#EEEBF6	#FFFFFF
4063	#C3BBDE	#FDFDFD
4064	#E9E6F3	#FEFEFE
4065	#D9B0AA	#FDFDFD
4066	#B7AFD8	#FDFDFD
4068	#DDD8ED	#FEFEFE
4069	#DDD8EC	#FEFEFE
4070	#E6E2F1	#FEFEFE
4071	#BEB6DB	#FCFCFC
4072	#E8CDCA	#FEFEFE
4073	#DDD8EC	#FEFEFE
4074	#E8E5F3	#FEFEFE
4075	#F1DFDD	#FEFEFE
4076	#E9E6F3	#FEFEFE
4077	#FBFAFD	#FFFFFF
4078	#EEEBF6	#FEFEFE
4079	#E8E5F3	#FEFEFE
4080	#B7AED8	#FDFDFD
4081	#FBF6F5	#FFFFFF
4082	#E9E5F3	#FEFEFE
4083	#D3CEE7	#FDFDFD
4084	#E6E3F2	#FEFEFE
4085	#F9F8FC	#FFFFFF
4086	#CF9D97	#FCFCFC
4087	#E5E1F1	#FEFEFE
4088	#C3BBDE	#FDFDFD
4089	#EEECF6	#FFFFFF
4090	#C3BBDE	#FDFDFD
4091	#FAF9FC	#FFFFFF
4093	#E1BEBA	#FEFEFE
4094	#FBF6F5	#FFFFFF
4095	#FBFAFD	#FFFFFF
4096	#D4CFE8	#FEFEFE
4097	#E9E5F3	#FEFEFE
4098	#F8EEED	#FFFFFF
4099	#E1BEBA	#FEFEFE
4100	#E5E2F1	#FEFEFE
4101	#FBFAFD	#FFFFFF
4102	#DDD8ED	#FEFEFE
4104	#EBD3D0	#FEFEFE
4105	#FBFAFD	#FFFFFF
4106	#D5CFE8	#FEFEFE
4107	#FAF9FC	#FFFFFF
4108	#E1BEBA	#FEFEFE
4109	#F1DFDD	#FEFEFE
4110	#DDD8EC	#FEFEFE
4111	#F1E0DE	#FEFEFE
4112	#CCC5E3	#FDFDFD
4113	#D3CEE7	#FDFDFD
4115	#E9E6F3	#FEFEFE
4116	#F8EEED	#FFFFFF
4117	#E8E5F3	#FEFEFE
4118	#D5CFE8	#FEFEFE
4119	#FBFAFD	#FFFFFF
4120	#F7ECEB	#FFFFFF
4121	#E1BEB9	#FEFEFE
4122	#F4E5E3	#FEFEFE
4123	#EBE8F4	#FEFEFE
4124	#F9F8FC	#FFFFFF
4125	#E8E5F3	#FEFEFE
4126	#FBFAFD	#FFFFFF
4127	#F7ECEB	#FFFFFF
4128	#F7ECEB	#FFFFFF
4129	#DDD8EC	#FEFEFE
4130	#C3BBDE	#FDFDFD
4131	#FAFAFD	#FFFFFF
4132	#DDD8EC	#FEFEFE
4133	#ECEAF5	#FEFEFE
4134	#F2E1DF	#FEFEFE
4135	#CCC6E3	#FCFCFC
4136	#EFEDF6	#FEFEFE
4138	#EBD4D0	#FEFEFE
4139	#EBD4D0	#FEFEFE
4140	#FBF6F6	#FFFFFF
4141	#EBD4D0	#FEFEFE
4142	#D5CFE8	#FEFEFE
4143	#F1E0DD	#FEFEFE
4144	#FAF9FC	#FFFFFF
4145	#FAF9FC	#FFFFFF
4146	#E1BEB9	#FEFEFE
4148	#FBF6F5	#FFFFFF
4149	#FAF9FC	#FFFFFF
4150	#F8EEED	#FFFFFF
4151	#F8EEED	#FFFFFF
4152	#EBD4D0	#FEFEFE
4153	#EBD4D0	#FEFEFE
4155	#CF9D97	#FCFCFC
4156	#B7AFD8	#FDFDFD
4157	#FAF9FC	#FFFFFF
4158	#F8EEED	#FFFFFF
4159	#CC9790	#FCFCFC
4160	#FBF6F5	#FFFFFF
4161	#F8EEED	#FFFFFF
4162	#F1E0DE	#FEFEFE
4163	#FBFAFD	#FFFFFF
4164	#E8E5F3	#FEFEFE
4165	#EBD4D0	#FEFEFE
4166	#FAF9FC	#FFFFFF
4167	#FBFAFD	#FFFFFF
4168	#E5E1F1	#FEFEFE
4169	#EAE8F4	#FEFEFE
4170	#F8EEED	#FFFFFF
4171	#F8EEED	#FFFFFF
4172	#E6E3F2	#FEFEFE
4173	#F7EDEB	#FFFFFF
4174	#FBF6F5	#FFFFFF
4175	#FAFAFC	#FFFFFF
4176	#FAF9FC	#FFFFFF
4177	#E1BEBA	#FEFEFE
4178	#F8EEED	#FFFFFF
4179	#E9E6F3	#FEFEFE
4180	#EFECF6	#FFFFFF
4181	#FAF9FC	#FFFFFF
4182	#EBD4D0	#FEFEFE
4183	#AEA5D3	#FCFCFC
4184	#F9F2F1	#FFFFFF
4185	#EFECF6	#FFFFFF
4186	#FBF6F5	#FFFFFF
4187	#CCC5E3	#FDFDFD
4188	#FAF9FC	#FFFFFF
4189	#ECD6D3	#FEFEFE
4190	#D9B0AB	#FDFDFD
4191	#E4E0F0	#FEFEFE
4192	#FBFAFD	#FFFFFF
4194	#C3BBDE	#FDFDFD
4195	#E1BEBA	#FEFEFE
4196	#EBD4D0	#FEFEFE
4197	#C3BBDE	#FDFDFD
4198	#E8E5F3	#FEFEFE
4199	#E1BEBA	#FEFEFE
4200	#FBFAFD	#FFFFFF
4201	#E1BEBA	#FEFEFE
4202	#F7ECEB	#FFFFFF
4203	#D4CFE8	#FEFEFE
4204	#FBFBFD	#FFFFFF
4205	#FAF9FC	#FFFFFF
4206	#F7ECEB	#FFFFFF
4207	#E9E5F3	#FEFEFE
4208	#FAF9FC	#FFFFFF
4209	#EEECF6	#FFFFFF
4210	#EBD4D0	#FEFEFE
4211	#FAFAFC	#FFFFFF
4212	#B8AFD8	#FDFDFD
4213	#E9E5F3	#FEFEFE
4214	#EBD4D0	#FEFEFE
4215	#ECD5D2	#FEFEFE
4216	#F9F2F1	#FFFFFF
4217	#EBD4D0	#FEFEFE
4218	#FAF9FC	#FFFFFF
4219	#E4E0F0	#FEFEFE
4220	#E8E5F3	#FEFEFE
4221	#ECD6D3	#FEFEFE
4222	#DDD9ED	#FDFDFD
4223	#F7EDEB	#FFFFFF
4224	#FEFDFD	#FFFFFF
4225	#B7AFD8	#FDFDFD
4226	#D9B0AA	#FDFDFD
4227	#EFEDF6	#FFFFFF
4228	#E1BEB9	#FEFEFE
4230	#D4CFE8	#FEFEFE
4231	#FEFDFC	#FFFFFF
4233	#D4CEE7	#FDFDFD
4234	#EFEDF6	#FEFEFE
4235	#EFEDF6	#FEFEFE
4236	#A096CC	#FBFBFB
4237	#CCC5E3	#FDFDFD
4238	#EBD4D0	#FEFEFE
4239	#EBD4D0	#FEFEFE
4240	#EBD4D0	#FEFEFE
4241	#EFECF6	#FFFFFF
4242	#F6F4FA	#FFFFFF
4243	#D5CFE8	#FEFEFE
4244	#EEECF6	#FFFFFF
4245	#FAF9FC	#FFFFFF
4246	#DDD8EC	#FEFEFE
4247	#E1BEBA	#FEFEFE
4248	#E8E5F3	#FEFEFE
4249	#C3BBDE	#FDFDFD
4250	#EDEAF5	#FEFEFE
4251	#C3BBDE	#FDFDFD
4252	#CC9791	#FCFCFC
4253	#F9F8FC	#FFFFFF
4254	#D9AFAA	#FDFDFD
4255	#D5CFE8	#FEFEFE
4257	#C3BBDE	#FDFDFD
4258	#C4BCDF	#FCFCFC
4259	#DDD8EC	#FEFEFE
4260	#F6F4FA	#FFFFFF
4261	#EFECF6	#FFFFFF
4262	#C3BBDE	#FDFDFD
4263	#F8EEED	#FFFFFF
4264	#E8E5F3	#FEFEFE
4265	#D4A59F	#FCFCFC
4266	#F8EEED	#FFFFFF
4267	#FAF9FC	#FFFFFF
4268	#EBD4D0	#FEFEFE
4269	#E8E5F3	#FEFEFE
4270	#FAF9FC	#FFFFFF
4271	#FBFAFD	#FFFFFF
4272	#FBF6F6	#FFFFFF
4273	#FDFAFA	#FFFFFF
4275	#CBC5E3	#FCFCFC
4277	#FBFAFD	#FFFFFF
4279	#C4BDDF	#FCFCFC
4280	#E8E5F3	#FEFEFE
4281	#ECD5D2	#FEFEFE
4284	#CCC5E3	#FDFDFD
4285	#F1DFDD	#FEFEFE
4286	#DCD7EC	#FEFEFE
4287	#C3BBDE	#FDFDFD
4288	#EBD4D0	#FEFEFE
4290	#EBD3D0	#FEFEFE
4291	#F1E0DD	#FEFEFE
4292	#B7AFD8	#FDFDFD
4293	#EFEDF7	#FFFFFF
4294	#FAFAFC	#FFFFFF
4295	#D3CEE7	#FDFDFD
4296	#E8E5F3	#FEFEFE
4297	#D4CEE8	#FEFEFE
4298	#E4E0F0	#FEFEFE
4299	#DDD8EC	#FEFEFE
4300	#E8CDCA	#FEFEFE
4301	#EDEAF5	#FEFEFE
4302	#C3BBDE	#FDFDFD
4303	#EBD4D0	#FEFEFE
4304	#EEEBF6	#FFFFFF
4305	#D5CFE8	#FEFEFE
4306	#FBF6F6	#FFFFFF
4307	#E1BEB9	#FEFEFE
4308	#D5CFE8	#FEFEFE
4309	#FAF9FC	#FFFFFF
4310	#EBD4D0	#FEFEFE
4312	#EBD3D0	#FEFEFE
4313	#F7ECEB	#FFFFFF
4314	#D5CFE8	#FEFEFE
4315	#FCFCFE	#FFFFFF
4316	#DDD8EC	#FEFEFE
4317	#AFA6D3	#FCFCFC
4318	#FAF9FC	#FFFFFF
4319	#F8EFED	#FFFFFF
4320	#F6F4FA	#FFFFFF
4321	#F8EEED	#FFFFFF
4322	#EBD4D0	#FEFEFE
4323	#ECEAF5	#FEFEFE
4324	#F1E0DE	#FEFEFE
4325	#EEECF6	#FFFFFF
4326	#D3A59F	#FCFCFC
4327	#FAF9FC	#FFFFFF
4328	#D4CFE8	#FEFEFE
4329	#F9F8FC	#FFFFFF
4330	#DDD8EC	#FEFEFE
4331	#F8EEED	#FFFFFF
4332	#F8EEED	#FFFFFF
4333	#FAF9FC	#FFFFFF
4334	#DCD8EC	#FEFEFE
4335	#EEECF6	#FFFFFF
4336	#FAF4F3	#FFFFFF
4337	#F8EEED	#FFFFFF
4338	#F9F9FC	#FFFFFF
4339	#C3BBDE	#FDFDFD
4340	#FAF9FC	#FFFFFF
4341	#EBD4D0	#FEFEFE
4342	#ECD5D2	#FEFEFE
4343	#FBFAFD	#FFFFFF
4345	#FBFAFD	#FFFFFF
4346	#E8E5F3	#FEFEFE
4347	#FBF6F6	#FFFFFF
4348	#D9B0AB	#FDFDFD
4349	#D4A5A0	#FCFCFC
4350	#DDD8EC	#FEFEFE
4351	#F7EDEB	#FFFFFF
4352	#FDFBFA	#FFFFFF
4353	#F8EEED	#FFFFFF
4354	#D9B0AA	#FDFDFD
4355	#F8EEED	#FFFFFF
4356	#F8EEED	#FFFFFF
4357	#F8EEED	#FFFFFF
4358	#E1BEBA	#FEFEFE
4359	#F9F1F0	#FFFFFF
4360	#E6E3F2	#FEFEFE
4361	#F8EEED	#FFFFFF
4362	#ECD5D2	#FEFEFE
4363	#F8EFED	#FFFFFF
4364	#F9F8FC	#FFFFFF
4365	#B7AED8	#FDFDFD
4366	#EFECF6	#FFFFFF
4367	#D5CFE8	#FEFEFE
4368	#E1BEBA	#FEFEFE
4369	#E8E5F3	#FEFEFE
4370	#D4CFE8	#FEFEFE
4371	#EEECF6	#FFFFFF
4372	#A79ECF	#FBFBFB
4373	#E4E1F1	#FEFEFE
4374	#E5E1F1	#FEFEFE
4375	#FBF5F5	#FFFFFF
4376	#AFA6D3	#FCFCFC
4377	#E4E0F0	#FEFEFE
4378	#E1BEBA	#FEFEFE
4379	#E1BEBA	#FEFEFE
4380	#D4CFE8	#FEFEFE
4383	#F9F8FC	#FFFFFF
4384	#FBFBFD	#FFFFFF
4385	#E8E5F3	#FEFEFE
4386	#FBFAFD	#FFFFFF
4387	#D4CFE8	#FDFDFD
4388	#F8EEED	#FFFFFF
4389	#CF9C96	#FCFCFC
4390	#EBD3D0	#FEFEFE
4391	#EBD4D0	#FEFEFE
4392	#FBFAFD	#FFFFFF
4393	#E6E3F2	#FEFEFE
4394	#F8EEED	#FFFFFF
4395	#C3BBDE	#FDFDFD
4396	#EBD4D0	#FEFEFE
4397	#E6E3F2	#FEFEFE
4398	#F7ECEB	#FFFFFF
4399	#F8EEED	#FFFFFF
4400	#ECD5D2	#FEFEFE
4401	#ECE9F5	#FEFEFE
4402	#E5E1F1	#FEFEFE
4403	#F8EEED	#FFFFFF
4405	#D3A59F	#FCFCFC
4406	#A89ED0	#FBFBFB
4407	#FBF6F5	#FFFFFF
4408	#E1BEBA	#FEFEFE
4409	#F9F9FC	#FFFFFF
4410	#EBD4D0	#FEFEFE
4411	#E8E5F3	#FEFEFE
4412	#FEFEFE	#FFFFFF
4413	#EBD3D0	#FEFEFE
4414	#D5CFE8	#FEFEFE
4415	#B7AFD8	#FDFDFD
4416	#D3CDE7	#FDFDFD
4417	#FBFBFD	#FFFFFF
4418	#FBFAFD	#FFFFFF
4419	#FAF9FC	#FFFFFF
4420	#AFA5D3	#FCFCFC
4421	#D5CFE8	#FEFEFE
4422	#ECD4D1	#FEFEFE
4423	#DDD8EC	#FEFEFE
4424	#FBF6F5	#FFFFFF
4425	#EEECF6	#FFFFFF
4426	#F8EEED	#FFFFFF
4427	#F6F5FA	#FFFFFF
4428	#DDD8ED	#FEFEFE
4430	#EBD3D0	#FEFEFE
4431	#E8E5F3	#FEFEFE
4432	#ECD5D2	#FEFEFE
4433	#E8E5F3	#FEFEFE
4434	#FAF9FC	#FFFFFF
4435	#E9E6F3	#FEFEFE
4436	#F4E6E4	#FEFEFE
4437	#F1DFDD	#FEFEFE
4438	#FEFCFC	#FFFFFF
4439	#DDD8EC	#FEFEFE
4440	#F1DFDD	#FEFEFE
4441	#CF9D97	#FCFCFC
4442	#F8EEED	#FFFFFF
4443	#DCD7EC	#FEFEFE
4444	#E6E3F1	#FEFEFE
4445	#FBF6F5	#FFFFFF
4446	#EBD3D0	#FEFEFE
4447	#FAF9FC	#FFFFFF
4448	#F1E0DE	#FEFEFE
4449	#E1BEB9	#FEFEFE
4450	#AFA5D3	#FCFCFC
4451	#CCC5E3	#FDFDFD
4452	#E8E5F3	#FEFEFE
4453	#E4E0F0	#FEFEFE
4454	#EEECF6	#FFFFFF
4455	#D4CFE8	#FEFEFE
4456	#E8E5F3	#FEFEFE
4457	#F9F9FC	#FFFFFF
4458	#D5CFE8	#FEFEFE
4459	#DCD8EC	#FEFEFE
4460	#EFECF6	#FFFFFF
4461	#F8EEED	#FFFFFF
4462	#D4A5A0	#FCFCFC
4463	#FBF6F5	#FFFFFF
4464	#E8E5F3	#FEFEFE
4465	#C3BBDE	#FDFDFD
4466	#F1DFDD	#FEFEFE
4467	#C4BDDF	#FCFCFC
4468	#D4A59F	#FCFCFC
4469	#FAF9FC	#FFFFFF
4470	#D4CFE8	#FEFEFE
4471	#F9F1F0	#FFFFFF
4472	#C3BBDE	#FDFDFD
4473	#D3CDE7	#FDFDFD
4474	#E8E5F3	#FEFEFE
4475	#C3BBDE	#FDFDFD
4476	#EFECF6	#FFFFFF
4477	#FBF6F6	#FFFFFF
4478	#F1DFDD	#FEFEFE
4479	#F9F1F0	#FFFFFF
4480	#D4CFE8	#FEFEFE
4481	#E9E5F3	#FEFEFE
4482	#E9E6F3	#FEFEFE
4483	#DCD8EC	#FEFEFE
4484	#D5CFE8	#FEFEFE
4485	#F1E0DE	#FEFEFE
4486	#E8E5F3	#FEFEFE
4487	#F8EEED	#FFFFFF
4488	#C3BBDE	#FDFDFD
4489	#F8EEED	#FFFFFF
4490	#EBD3D0	#FEFEFE
4492	#FAFAFC	#FFFFFF
4494	#DDD9ED	#FEFEFE
4495	#ECD6D3	#FEFEFE
4496	#D9B0AA	#FDFDFD
4497	#F7ECEB	#FFFFFF
4498	#FAFAFC	#FFFFFF
4499	#D4CFE8	#FEFEFE
4500	#EFEDF6	#FEFEFE
4501	#F1E0DD	#FEFEFE
4502	#FAF9FC	#FFFFFF
4503	#FEFDFD	#FFFFFF
4504	#E8E5F3	#FEFEFE
4505	#BEB6DB	#FCFCFC
4506	#EBD4D0	#FEFEFE
4507	#FEFCFC	#FFFFFF
4508	#E9E5F3	#FEFEFE
4509	#EBD4D0	#FEFEFE
4510	#FAFAFC	#FFFFFF
4511	#F8EEED	#FFFFFF
4512	#FAF9FC	#FFFFFF
4513	#E1BEBA	#FEFEFE
4514	#F6EBEA	#FFFFFF
4515	#B8AFD8	#FDFDFD
4516	#AEA5D3	#FCFCFC
4517	#C3BBDE	#FDFDFD
4518	#F8EEED	#FFFFFF
4519	#F9F1F0	#FFFFFF
4520	#F1DFDD	#FEFEFE
4521	#FBF5F5	#FFFFFF
4522	#E6E2F1	#FEFEFE
4523	#E1BEBA	#FEFEFE
4524	#DDD8EC	#FEFEFE
4525	#B7AFD8	#FDFDFD
4526	#E8E5F3	#FEFEFE
4527	#D3CDE7	#FDFDFD
4528	#F8EEED	#FFFFFF
4529	#FBF6F6	#FFFFFF
4530	#D4CEE8	#FDFDFD
4531	#E5C7C3	#FDFDFD
4532	#A79DCF	#FBFBFB
4533	#EDEAF5	#FEFEFE
4534	#FAF9FC	#FFFFFF
4535	#AFA5D3	#FCFCFC
4536	#E4E0F0	#FEFEFE
4538	#E1BEB9	#FEFEFE
4539	#C3BBDE	#FDFDFD
4540	#F8EEED	#FFFFFF
4542	#D4CFE8	#FEFEFE
4543	#ECD5D2	#FEFEFE
4544	#EFEDF6	#FFFFFF
4545	#FFFEFE	#FFFFFF
4546	#EBD4D0	#FEFEFE
4547	#D9B0AA	#FDFDFD
4548	#E1BEBA	#FEFEFE
4549	#F2F0F8	#FFFFFF
4550	#DDD8ED	#FEFEFE
4551	#E8E5F3	#FEFEFE
4553	#D3CEE7	#FDFDFD
4554	#FBF6F5	#FFFFFF
4555	#ECD6D3	#FEFEFE
4556	#FAF9FC	#FFFFFF
4557	#F1E0DE	#FEFEFE
4558	#FAF9FC	#FFFFFF
4559	#E1BEBA	#FEFEFE
4560	#F8EEEC	#FFFFFF
4562	#D9B0AB	#FDFDFD
4563	#B7AFD8	#FDFDFD
4564	#EBD4D0	#FEFEFE
4565	#C4BDDF	#FCFCFC
4566	#E8E5F3	#FEFEFE
4567	#FAF9FC	#FFFFFF
4568	#FBFBFD	#FFFFFF
4569	#C3BBDE	#FDFDFD
4570	#A79ECF	#FBFBFB
4571	#FBFAFD	#FFFFFF
4572	#ECD6D3	#FEFEFE
4573	#B8AFD8	#FDFDFD
4574	#EFEDF6	#FFFFFF
4575	#B7AFD8	#FDFDFD
4576	#D5CFE8	#FDFDFD
4577	#FAF9FC	#FFFFFF
4578	#E4E1F1	#FEFEFE
4579	#F8EFED	#FFFFFF
4580	#C1B9DD	#FBFBFB
4581	#FBFAFD	#FFFFFF
4582	#DDD8EC	#FEFEFE
4583	#EEECF6	#FEFEFE
4584	#FDFBFB	#FFFFFF
4585	#E9CECB	#FEFEFE
4586	#D5CFE8	#FEFEFE
4587	#B7AFD8	#FDFDFD
4588	#E5E2F1	#FEFEFE
4589	#E5E1F1	#FEFEFE
4590	#EFECF6	#FEFEFE
4591	#FAFAFC	#FFFFFF
4592	#EBD4D0	#FEFEFE
4594	#DED9ED	#FEFEFE
4595	#D9B0AB	#FDFDFD
4596	#F1DFDD	#FEFEFE
4597	#DDD8ED	#FEFEFE
4598	#D3CEE7	#FDFDFD
4599	#E5E1F1	#FEFEFE
4600	#C3BBDE	#FDFDFD
4602	#FBFAFD	#FFFFFF
4603	#EBD4D0	#FEFEFE
4604	#FAF9FC	#FFFFFF
4605	#F1E0DD	#FEFEFE
4606	#ECD5D3	#FEFEFE
4607	#E6E2F1	#FEFEFE
4608	#D3A59F	#FCFCFC
4609	#FAF9FC	#FFFFFF
4610	#F1E0DD	#FEFEFE
4611	#E1BEBA	#FEFEFE
4612	#F8EEED	#FFFFFF
4613	#D4CEE7	#FDFDFD
4614	#FBF5F5	#FFFFFF
4615	#FAF9FC	#FFFFFF
4616	#F8EEED	#FFFFFF
4617	#B8AFD8	#FDFDFD
4618	#E8E5F3	#FEFEFE
4619	#D3CEE7	#FDFDFD
4620	#B7AFD8	#FDFDFD
4621	#F6F5FA	#FFFFFF
4622	#FAFAFC	#FFFFFF
4623	#F7EEEC	#FFFFFF
4624	#EEECF6	#FFFFFF
4625	#D5CFE8	#FEFEFE
4626	#FAF9FC	#FFFFFF
4627	#FAFAFD	#FFFFFF
4628	#FAF9FC	#FFFFFF
4629	#EFECF6	#FFFFFF
4630	#E5E1F1	#FEFEFE
4631	#D4CFE8	#FEFEFE
4632	#FBFAFD	#FFFFFF
4633	#F8EEED	#FFFFFF
4634	#E9E5F3	#FEFEFE
4635	#E9E5F3	#FEFEFE
4636	#D3CDE7	#FDFDFD
4637	#FBFAFD	#FFFFFF
4638	#FAF9FC	#FFFFFF
4639	#DBD7EC	#FEFEFE
4640	#E6E3F2	#FEFEFE
4641	#CCC5E3	#FDFDFD
4642	#C3BBDE	#FDFDFD
4643	#EBD4D0	#FEFEFE
4644	#F8F7FB	#FFFFFF
4645	#FBF6F5	#FFFFFF
4646	#D5CFE8	#FEFEFE
4647	#DDD9ED	#FEFEFE
4648	#D5CFE8	#FEFEFE
4649	#D5CFE8	#FEFEFE
4650	#FAF9FC	#FFFFFF
4651	#FBF6F5	#FFFFFF
4653	#ECD6D3	#FEFEFE
4656	#D3CEE7	#FDFDFD
4657	#FAF9FC	#FFFFFF
4658	#EBD3D0	#FEFEFE
4660	#EBD4D0	#FEFEFE
4661	#EEECF6	#FFFFFF
4662	#C3BBDE	#FDFDFD
4663	#F1E0DD	#FEFEFE
4664	#B7AFD8	#FDFDFD
4665	#E8CECA	#FEFEFE
4666	#EFECF6	#FEFEFE
4667	#FBF6F5	#FFFFFF
4668	#B8AFD8	#FDFDFD
4669	#D3CEE7	#FDFDFD
4670	#FAF9FC	#FFFFFF
4671	#E8E5F3	#FEFEFE
4672	#DDD8EC	#FEFEFE
4673	#DDD8ED	#FEFEFE
4674	#D4A59F	#FCFCFC
4675	#E1BEB9	#FEFEFE
4676	#EBD3D0	#FEFEFE
4677	#EBD3D0	#FEFEFE
4678	#DCD7EC	#FEFEFE
4679	#CCC5E3	#FDFDFD
4680	#D5CFE8	#FEFEFE
4681	#F4E6E4	#FEFEFE
4682	#DDD8EC	#FEFEFE
4683	#FAF9FC	#FFFFFF
4684	#F9F9FC	#FFFFFF
4685	#9A90C8	#FAFAFA
4686	#CEC7E4	#FDFDFD
4687	#AEA5D3	#FCFCFC
4688	#A79ECF	#FBFBFB
4689	#FAF9FC	#FFFFFF
4690	#DCD7EC	#FEFEFE
4691	#F6F5FA	#FFFFFF
4692	#D4CEE8	#FDFDFD
4693	#AFA5D3	#FCFCFC
4694	#E1BEB9	#FEFEFE
4696	#D4CEE8	#FDFDFD
4697	#C3BBDE	#FDFDFD
4699	#FAF9FC	#FFFFFF
4700	#B7AFD8	#FDFDFD
4701	#D5CFE8	#FEFEFE
4702	#FAF9FC	#FFFFFF
4703	#E1BEB9	#FEFEFE
4704	#D4A5A0	#FCFCFC
4706	#F8EEED	#FFFFFF
4707	#C78E88	#FBFBFB
4708	#E9E5F3	#FEFEFE
4709	#D5CFE8	#FEFEFE
4710	#B7AFD8	#FDFDFD
4711	#FBFAFD	#FFFFFF
4712	#E5E1F1	#FEFEFE
4713	#B8AFD8	#FDFDFD
4714	#EEECF6	#FFFFFF
4715	#F4E5E3	#FEFEFE
4716	#EBD4D0	#FEFEFE
4717	#CB9690	#FCFCFC
4718	#FAFAFC	#FFFFFF
4719	#CBC5E3	#FDFDFD
4720	#AFA6D3	#FCFCFC
4721	#AEA5D3	#FCFCFC
4722	#FBF6F5	#FFFFFF
4723	#FAFAFC	#FFFFFF
4724	#E8E5F3	#FEFEFE
4725	#F1DFDD	#FEFEFE
4726	#E1BEBA	#FEFEFE
4727	#D4CFE8	#FEFEFE
4728	#FAF9FC	#FFFFFF
4729	#D5CFE8	#FEFEFE
4730	#F9F8FC	#FFFFFF
4731	#FEFDFD	#FFFFFF
4732	#EEECF6	#FFFFFF
4733	#FAFAFD	#FFFFFF
4734	#F1E0DD	#FEFEFE
4735	#F2F0F8	#FFFFFF
4736	#F2F0F8	#FEFEFE
4737	#EEECF6	#FFFFFF
4738	#F7EDEB	#FFFFFF
4739	#CCC6E3	#FDFDFD
4740	#F1E0DE	#FEFEFE
4741	#DDD8EC	#FEFEFE
4742	#CCC6E3	#FDFDFD
4743	#FAFAFC	#FFFFFF
4744	#E9E6F3	#FEFEFE
4745	#E1BEB9	#FEFEFE
4746	#E8E5F3	#FEFEFE
4749	#FAF9FC	#FFFFFF
4750	#F1DFDD	#FEFEFE
4751	#E8E5F3	#FEFEFE
4752	#CF9D97	#FCFCFC
4753	#EBD4D0	#FEFEFE
4754	#D4CFE8	#FEFEFE
4755	#C3BBDE	#FDFDFD
4756	#D4CFE8	#FEFEFE
4757	#FBFBFD	#FFFFFF
4758	#EBD3D0	#FEFEFE
4759	#E4E0F0	#FEFEFE
4760	#D5CFE8	#FEFEFE
4761	#FAF9FC	#FFFFFF
4762	#EDEAF5	#FEFEFE
4763	#DDD8EC	#FEFEFE
4764	#EEECF6	#FFFFFF
4765	#EFECF6	#FFFFFF
4766	#F1E0DD	#FEFEFE
4767	#EFECF6	#FFFFFF
4768	#FAF9FC	#FFFFFF
4769	#F1DFDD	#FEFEFE
4770	#D5CFE8	#FEFEFE
4771	#DCD7EC	#FEFEFE
4772	#DEDAED	#FEFEFE
4773	#D5CFE8	#FEFEFE
4774	#BDB5DB	#FCFCFC
4775	#FAF9FC	#FFFFFF
4776	#EBD4D0	#FEFEFE
4777	#DDD8EC	#FEFEFE
4778	#D5CFE8	#FEFEFE
4779	#E5E1F1	#FEFEFE
4780	#F8EEED	#FFFFFF
4781	#DED9ED	#FEFEFE
4782	#C3BBDE	#FDFDFD
4783	#FAF9FC	#FFFFFF
4784	#A096CC	#FBFBFB
4785	#C4BDDF	#FCFCFC
4786	#F9F2F1	#FFFFFF
4787	#E6E2F1	#FEFEFE
4788	#A197CC	#FBFBFB
4789	#BEB6DC	#FCFCFC
4790	#E6E3F2	#FEFEFE
4791	#EBD4D0	#FEFEFE
4792	#C2BADE	#FBFBFB
4793	#B7AED8	#FBFBFB
4794	#E6E3F2	#FEFEFE
4795	#E8E5F3	#FEFEFE
4796	#ECD5D2	#FEFEFE
4798	#B7AED8	#FDFDFD
4799	#E9E5F3	#FEFEFE
4800	#FBF6F5	#FFFFFF
4801	#A79DCF	#FBFBFB
4802	#F1DFDD	#FEFEFE
4803	#EEECF6	#FFFFFF
4804	#FAF9FC	#FFFFFF
4805	#D4CFE8	#FEFEFE
4806	#EBD4D0	#FEFEFE
4807	#F8EEED	#FFFFFF
4808	#D4CEE7	#FDFDFD
4809	#B7AFD8	#FDFDFD
4810	#EBD4D0	#FEFEFE
4811	#AFA5D3	#FCFCFC
4812	#F8EFED	#FFFFFF
4813	#FBF5F4	#FFFFFF
4814	#F1E0DE	#FEFEFE
4815	#CF9E97	#FCFCFC
4816	#D9B0AA	#FDFDFD
4817	#F9F9FC	#FFFFFF
4818	#E4E1F1	#FEFEFE
4819	#FBF7F6	#FFFFFF
4820	#EBD4D0	#FEFEFE
4822	#FAF9FC	#FFFFFF
4823	#EBD4D0	#FEFEFE
4824	#D4CFE8	#FEFEFE
4825	#F1DFDD	#FEFEFE
4826	#E8E5F3	#FEFEFE
4827	#B7AED8	#FDFDFD
4828	#E5C7C3	#FDFDFD
4829	#FBF6F5	#FFFFFF
4830	#F9F2F1	#FFFFFF
4831	#DDD9ED	#FEFEFE
4832	#F9F1F0	#FFFFFF
4833	#F5F4FA	#FFFFFF
4834	#DCD8EC	#FEFEFE
4835	#EEECF6	#FFFFFF
4836	#E6E2F1	#FEFEFE
4837	#E4E0F0	#FEFEFE
4838	#958BC5	#F9F9F9
4839	#ECEAF5	#FEFEFE
4840	#AFA6D3	#FCFCFC
4841	#B7AFD8	#FDFDFD
4842	#B7AFD8	#FDFDFD
4843	#E5E1F1	#FEFEFE
4844	#FBFAFD	#FFFFFF
4845	#D4CEE8	#FEFEFE
4846	#EBD3D0	#FEFEFE
4848	#F4E5E3	#FEFEFE
4849	#F1E0DD	#FEFEFE
4850	#E9E5F3	#FEFEFE
4851	#A79ECF	#FBFBFB
4852	#EEECF6	#FFFFFF
4853	#C3BBDE	#FDFDFD
4854	#B7AFD8	#FDFDFD
4855	#C3BBDE	#FDFDFD
4856	#F8EEED	#FFFFFF
4857	#B7AFD8	#FDFDFD
4858	#D9B0AA	#FDFDFD
4859	#E9E6F3	#FEFEFE
4860	#E1BEBA	#FEFEFE
4861	#F8EEED	#FFFFFF
4862	#C5BDDF	#FCFCFC
4863	#FAF9FC	#FFFFFF
4865	#F7ECEB	#FFFFFF
4866	#EFECF6	#FFFFFF
4867	#E1BEBA	#FEFEFE
4868	#E9E5F3	#FEFEFE
4869	#C3BBDE	#FDFDFD
4870	#F8EEED	#FFFFFF
4871	#E1BEB9	#FEFEFE
4873	#EEECF6	#FFFFFF
4874	#F8EEED	#FFFFFF
4875	#EBD4D0	#FEFEFE
4876	#E4E1F1	#FEFEFE
4877	#FBF7F6	#FFFFFF
4878	#E8E5F3	#FEFEFE
4879	#E8E5F3	#FEFEFE
4880	#FAF9FC	#FFFFFF
4881	#FBF7F6	#FFFFFF
4882	#E5E1F1	#FEFEFE
4883	#DDD8ED	#FEFEFE
4884	#C6BFE0	#FCFCFC
4885	#E4E1F1	#FEFEFE
4886	#FEFDFD	#FFFFFF
4887	#DDD8EC	#FEFEFE
4888	#E8E5F3	#FEFEFE
4889	#F9F8FC	#FFFFFF
4890	#EEECF6	#FEFEFE
4891	#D3CDE7	#FDFDFD
4892	#C5BDDF	#FCFCFC
4893	#D4CEE8	#FDFDFD
4894	#FEFDFD	#FFFFFF
4895	#EDEBF5	#FEFEFE
4896	#C3BBDE	#FDFDFD
4897	#EBD3D0	#FEFEFE
4898	#D4CFE8	#FEFEFE
4900	#EBD4D0	#FEFEFE
4901	#C3BBDE	#FDFDFD
4902	#FAF9FC	#FFFFFF
4903	#E5E1F1	#FEFEFE
4904	#D5CFE8	#FEFEFE
4905	#EBD4D0	#FEFEFE
4906	#EBD4D0	#FEFEFE
4907	#E5E1F1	#FEFEFE
4908	#E8E5F3	#FEFEFE
4909	#FAF9FC	#FFFFFF
4910	#F8EFED	#FFFFFF
4911	#FEFDFD	#FFFFFF
4912	#FAF9FC	#FFFFFF
4913	#E8E5F3	#FEFEFE
4914	#EBD4D0	#FEFEFE
4915	#E9E5F3	#FEFEFE
4916	#E1BEBA	#FEFEFE
4917	#FBFAFD	#FFFFFF
4918	#FBF6F5	#FFFFFF
4919	#D5CFE8	#FEFEFE
4920	#E1BEBA	#FEFEFE
4921	#FAFAFC	#FFFFFF
4922	#DCD8EC	#FEFEFE
4923	#EBD4D0	#FEFEFE
4924	#E8E5F3	#FEFEFE
4925	#D5CFE8	#FEFEFE
4926	#FBFBFD	#FFFFFF
4927	#DCD7EC	#FEFEFE
4928	#F4E5E4	#FEFEFE
4929	#EEECF6	#FFFFFF
4930	#FAF9FC	#FFFFFF
4931	#E1BEBA	#FEFEFE
4932	#F1DFDD	#FEFEFE
4933	#DDD8EC	#FEFEFE
4934	#D4CEE7	#FDFDFD
4935	#FBF6F5	#FFFFFF
4936	#EEECF6	#FFFFFF
4937	#B8AFD8	#FDFDFD
4938	#EDEAF5	#FEFEFE
4939	#D3CDE7	#FDFDFD
4940	#E8E5F3	#FEFEFE
4941	#DEDAED	#FEFEFE
4942	#C2BADE	#FBFBFB
4943	#FBF6F6	#FFFFFF
4944	#EFECF6	#FFFFFF
4945	#DDD8EC	#FEFEFE
4946	#EBD4D0	#FEFEFE
4947	#EBD4D0	#FEFEFE
4948	#E1BEBA	#FEFEFE
4949	#E0BEB9	#FEFEFE
4950	#ECD5D1	#FEFEFE
4951	#E8E5F3	#FEFEFE
4952	#FAF9FC	#FFFFFF
4953	#D5CFE8	#FEFEFE
4954	#EFECF6	#FFFFFF
4955	#FAF9FC	#FFFFFF
4956	#D5CFE8	#FEFEFE
4957	#C3BBDE	#FDFDFD
4958	#F8EFED	#FFFFFF
4959	#E9E6F3	#FEFEFE
4960	#D4CFE8	#FEFEFE
4961	#D4CFE8	#FEFEFE
4962	#EEEBF6	#FFFFFF
4963	#EBD3D0	#FEFEFE
4964	#ECD5D2	#FEFEFE
4965	#FBFBFD	#FFFFFF
4966	#F7EDEB	#FFFFFF
4967	#E8E5F3	#FEFEFE
4968	#F8EEED	#FFFFFF
4969	#D4CEE7	#FDFDFD
4970	#FAF9FC	#FFFFFF
4971	#D9B0AA	#FDFDFD
4972	#EEECF6	#FFFFFF
4973	#EBD4D0	#FEFEFE
4974	#B7AFD8	#FBFBFB
4975	#D4CFE8	#FEFEFE
4976	#D4CFE8	#FEFEFE
4977	#EBD4D0	#FEFEFE
4978	#FBFAFD	#FFFFFF
4979	#E5E2F1	#FEFEFE
4980	#DCD8EC	#FEFEFE
4981	#F7EDEB	#FFFFFF
4982	#C3BBDE	#FDFDFD
4983	#D4CFE8	#FDFDFD
4984	#E5E1F1	#FEFEFE
4985	#D4CFE8	#FEFEFE
4986	#FEFCFC	#FFFFFF
4987	#FBFBFD	#FFFFFF
4988	#DBD7EC	#FEFEFE
4989	#E5E2F1	#FEFEFE
4990	#FAFAFC	#FFFFFF
4991	#C3BBDE	#FDFDFD
4992	#D7D2E9	#FDFDFD
4993	#A79ECF	#FBFBFB
4994	#DDD9ED	#FEFEFE
4995	#FBF6F6	#FFFFFF
4996	#FEFDFD	#FFFFFF
4997	#F9F9FC	#FFFFFF
4998	#FBF6F5	#FFFFFF
4999	#C3BBDE	#FDFDFD
5001	#E1BEBA	#FEFEFE
5002	#FBF6F5	#FFFFFF
5003	#D9B0AB	#FDFDFD
5004	#EBD3D0	#FEFEFE
5005	#FAF9FC	#FFFFFF
5006	#FAF9FC	#FFFFFF
5007	#C3BBDE	#FDFDFD
5008	#C3BBDE	#FDFDFD
5009	#E1BEBA	#FEFEFE
5010	#D4A6A0	#FCFCFC
5012	#EBD4D0	#FEFEFE
5013	#EBD4D0	#FEFEFE
5014	#E9E5F3	#FEFEFE
5015	#D9B0AB	#FDFDFD
5016	#E9E6F3	#FEFEFE
5017	#D4CFE8	#FEFEFE
5018	#D9B0AB	#FDFDFD
5019	#FAF9FC	#FFFFFF
5020	#E9E5F3	#FEFEFE
5021	#F8EEED	#FFFFFF
5024	#EBD4D0	#FEFEFE
5025	#E6C8C4	#FDFDFD
5026	#FEFDFD	#FFFFFF
5027	#FAF9FC	#FFFFFF
5028	#D4CEE8	#FEFEFE
5029	#FBFBFD	#FFFFFF
5030	#FFFEFE	#FFFFFF
5031	#D4CFE8	#FEFEFE
5032	#F9F8FC	#FFFFFF
5033	#F1E0DE	#FEFEFE
5034	#F8EEED	#FFFFFF
5035	#CBC5E3	#FDFDFD
5036	#FAFAFD	#FFFFFF
5037	#DDD8EC	#FEFEFE
5038	#AFA5D3	#FCFCFC
5039	#EEECF6	#FFFFFF
5040	#C3BBDE	#FDFDFD
5041	#E6E2F1	#FEFEFE
5042	#C5BEDF	#FAFAFA
5043	#B6AED8	#FAFAFA
5044	#A197CC	#FBFBFB
5045	#AFA5D3	#FCFCFC
5046	#F9F8FC	#FFFFFF
5047	#E9E5F3	#FEFEFE
5048	#DDD8ED	#FEFEFE
5049	#F1DFDD	#FEFEFE
5051	#EEECF6	#FFFFFF
5052	#ECD5D2	#FEFEFE
5053	#EEECF6	#FFFFFF
5054	#FAF9FC	#FFFFFF
5056	#D9B0AB	#FDFDFD
5057	#D5CFE8	#FEFEFE
5059	#AFA5D3	#FCFCFC
5061	#D9B0AB	#FDFDFD
5062	#FAFAFC	#FFFFFF
5063	#EBD4D0	#FEFEFE
5064	#E1BEB9	#FEFEFE
5065	#EEECF6	#FFFFFF
5066	#FAF9FC	#FFFFFF
5067	#FBFAFD	#FFFFFF
5068	#C3BBDE	#FDFDFD
5069	#FBF6F6	#FFFFFF
5070	#FAF9FC	#FFFFFF
5071	#E9CECA	#FEFEFE
5072	#D9AFAA	#FDFDFD
5073	#D4CFE8	#FEFEFE
5074	#EBD4D0	#FEFEFE
5075	#E1BEB9	#FEFEFE
5076	#C3BBDE	#FDFDFD
5077	#DDD9ED	#FEFEFE
5078	#F8EEED	#FFFFFF
5079	#FAFAFD	#FFFFFF
5080	#FBF6F6	#FFFFFF
5081	#AFA5D3	#FCFCFC
5082	#D5CFE8	#FEFEFE
5083	#D4CEE8	#FDFDFD
5084	#D5CFE8	#FEFEFE
5085	#D5CFE8	#FEFEFE
5087	#A79DCF	#FBFBFB
5088	#D4CEE8	#FDFDFD
5089	#CDC7E4	#FDFDFD
5090	#CCC5E3	#FCFCFC
5091	#DDD8EC	#FEFEFE
5092	#D4CEE8	#FDFDFD
5093	#EEECF6	#FEFEFE
5094	#BDB5DB	#FCFCFC
5095	#E9E6F3	#FEFEFE
5096	#DED9ED	#FDFDFD
5097	#EBD4D0	#FEFEFE
5098	#C3BBDE	#FDFDFD
5099	#E8E5F3	#FEFEFE
5100	#FBFAFD	#FFFFFF
5101	#DDD8ED	#FEFEFE
