group	fill	colour
1	#FEFCFB	#FFFFFF
2	#EFECF6	#FFFFFF
3	#F7ECEB	#FFFFFF
4	#FDFCFE	#FFFFFF
5	#EEECF6	#FEFEFE
6	#EBE8F4	#FEFEFE
7	#E6C8C4	#FDFDFD
8	#CF9D97	#FCFCFC
9	#F9F9FC	#FFFFFF
10	#FBF6F5	#FFFFFF
11	#DFBBB7	#FCFCFC
12	#ECD5D2	#FEFEFE
13	#F6F5FA	#FFFFFF
14	#F9F1F0	#FFFFFF
15	#D4CEE8	#FDFDFD
16	#EEECF6	#FFFFFF
17	#F6F4FA	#FFFFFF
18	#F1DFDD	#FEFEFE
19	#F9F8FC	#FFFFFF
20	#DDD8EC	#FEFEFE
21	#E6C9C5	#FDFDFD
22	#E6C8C4	#FDFDFD
23	#F7EEEC	#FFFFFF
24	#F7EDEB	#FFFFFF
25	#E9D0CC	#FDFDFD
26	#EFEDF6	#FFFFFF
27	#F2F0F8	#FFFFFF
28	#FBF6F5	#FFFFFF
29	#D9B0AB	#FDFDFD
30	#E6C8C5	#FDFDFD
31	#D4CEE8	#FDFDFD
32	#FAF9FC	#FFFFFF
33	#D4CEE8	#FEFEFE
34	#FBF6F5	#FFFFFF
35	#EEECF6	#FFFFFF
36	#E4C4C0	#FDFDFD
38	#EEEBF6	#FEFEFE
39	#FDFAFA	#FFFFFF
40	#F6F4FA	#FFFFFF
41	#EFECF6	#FEFEFE
42	#FEFDFD	#FFFFFF
43	#EEEBF6	#FFFFFF
44	#D7D2E9	#FDFDFD
45	#F0DEDB	#FEFEFE
46	#F9F1F0	#FFFFFF
47	#E4C4C0	#FDFDFD
48	#F0DCDA	#FEFEFE
49	#EEECF6	#FFFFFF
50	#FBF6F5	#FFFFFF
52	#F6F5FA	#FFFFFF
53	#DFBBB7	#FCFCFC
54	#F6EAE8	#FEFEFE
55	#FAFAFC	#FFFFFF
56	#D0CAE6	#FCFCFC
57	#F4E5E4	#FEFEFE
58	#E8E5F3	#FEFEFE
59	#D9AFAA	#FDFDFD
60	#E4C4C0	#FDFDFD
61	#D1CBE6	#FCFCFC
62	#F3E5E3	#FEFEFE
63	#FFFEFE	#FFFFFF
64	#FEFCFC	#FFFFFF
65	#ECD5D1	#FDFDFD
66	#F7ECEB	#FFFFFF
67	#C78E87	#FBFBFB
68	#EEECF6	#FFFFFF
69	#F1DFDD	#FEFEFE
70	#F7ECEB	#FFFFFF
71	#EAE7F3	#FEFEFE
72	#F4E5E3	#FEFEFE
73	#E6C8C4	#FDFDFD
74	#FBF5F5	#FFFFFF
75	#EBD4D0	#FEFEFE
76	#E5C7C4	#FDFDFD
77	#ECEAF5	#FEFEFE
78	#E2C0BB	#FDFDFD
79	#B7AFD8	#FDFDFD
80	#FEFDFD	#FFFFFF
81	#E4E1F1	#FEFEFE
82	#EBD4D0	#FEFEFE
83	#FFFEFE	#FFFFFF
84	#FBF6F6	#FFFFFF
85	#F9F1F0	#FFFFFF
86	#FCF8F7	#FFFFFF
87	#EFECF6	#FFFFFF
88	#F3F1F8	#FFFFFF
89	#F0DCDA	#FEFEFE
90	#F2F0F8	#FFFFFF
91	#E5E1F1	#FEFEFE
92	#C48A83	#FBFBFB
93	#F1DFDD	#FEFEFE
94	#F1E0DE	#FEFEFE
95	#F4E5E3	#FEFEFE
97	#E4C4BF	#FDFDFD
98	#FAFAFD	#FFFFFF
99	#EFDCDA	#FEFEFE
100	#D3A49F	#FCFCFC
101	#F9F2F1	#FFFFFF
102	#FBFAFD	#FFFFFF
103	#E9CECB	#FDFDFD
104	#F6EAE9	#FEFEFE
105	#F8EEED	#FFFFFF
106	#F7EEEC	#FFFFFF
107	#E5E2F1	#FEFEFE
108	#EEECF6	#FFFFFF
109	#E6C8C4	#FDFDFD
110	#B7AFD8	#FDFDFD
111	#E9E6F3	#FEFEFE
112	#EBE8F4	#FEFEFE
113	#F1E0DE	#FEFEFE
114	#F9F1F0	#FFFFFF
115	#F7ECEB	#FFFFFF
116	#F6F4FA	#FFFFFF
117	#E9CECA	#FEFEFE
118	#E5E1F1	#FEFEFE
119	#AFA6D3	#FCFCFC
120	#F4E5E3	#FEFEFE
121	#FBF6F6	#FFFFFF
122	#FFFFFF	#FFFFFF
123	#F7ECEA	#FFFFFF
124	#F7EDEB	#FFFFFF
125	#D4CFE8	#FEFEFE
126	#F9F8FC	#FFFFFF
127	#F4E5E3	#FEFEFE
128	#F4E6E4	#FEFEFE
129	#F6EAE8	#FEFEFE
130	#FAFAFD	#FFFFFF
131	#FAF9FC	#FFFFFF
132	#F9F8FC	#FFFFFF
133	#EFECF6	#FEFEFE
134	#FBF6F6	#FFFFFF
135	#E4C4C0	#FDFDFD
136	#FBF7F6	#FFFFFF
137	#F7EDEC	#FEFEFE
138	#EEDAD7	#FEFEFE
139	#E9E6F3	#FEFEFE
140	#ECD5D2	#FEFEFE
141	#E0BDB9	#FEFEFE
142	#E4C4C0	#FDFDFD
143	#F4E6E4	#FEFEFE
144	#FBF6F6	#FFFFFF
145	#FAFAFC	#FFFFFF
146	#FFFFFF	#FFFFFF
147	#DEBAB5	#FCFCFC
148	#EED9D6	#FEFEFE
149	#FBFAFD	#FFFFFF
150	#F6F5FA	#FFFFFF
151	#FCFBFD	#FFFFFF
153	#F7ECEB	#FFFFFF
154	#F3E5E3	#FEFEFE
155	#EFECF6	#FEFEFE
156	#ECE9F5	#FEFEFE
157	#F0DDDA	#FEFEFE
158	#FBFBFD	#FFFFFF
159	#DCD7EC	#FEFEFE
160	#F2E2E0	#FEFEFE
161	#F6EAE9	#FEFEFE
162	#FBF6F5	#FFFFFF
163	#E0BCB7	#FCFCFC
164	#ECD6D3	#FEFEFE
165	#F5F3F9	#FFFFFF
166	#FBF6F5	#FFFFFF
167	#F8EEED	#FFFFFF
168	#E8CECA	#FEFEFE
169	#ECD6D3	#FEFEFE
170	#EFEDF7	#FFFFFF
171	#D3A59F	#FCFCFC
172	#F9F1F0	#FFFFFF
173	#FEFDFD	#FFFFFF
174	#F9F8FC	#FFFFFF
175	#F1E0DE	#FEFEFE
176	#F6F5FA	#FFFFFF
177	#F9F9FC	#FFFFFF
178	#FBF6F5	#FFFFFF
179	#FAF9FC	#FFFFFF
180	#E6C8C5	#FDFDFD
181	#E8CECA	#FEFEFE
182	#F6F5FA	#FFFFFF
183	#F9F1F0	#FFFFFF
184	#FAF9FC	#FFFFFF
185	#F1DFDD	#FEFEFE
186	#FAFAFC	#FFFFFF
187	#D3A59F	#FCFCFC
188	#E6C8C5	#FDFDFD
189	#FBFAFD	#FFFFFF
190	#F8EEED	#FFFFFF
191	#F1E0DD	#FEFEFE
192	#ECD5D2	#FEFEFE
193	#F4E5E3	#FEFEFE
194	#EBD4D0	#FEFEFE
195	#F6F5FA	#FFFFFF
196	#FCF9F8	#FFFFFF
198	#FBF6F5	#FFFFFF
199	#F7ECEB	#FFFFFF
200	#F8EEED	#FFFFFF
201	#C9928C	#FBFBFB
202	#DBB4AF	#FCFCFC
203	#E8E4F2	#FEFEFE
204	#FCF9F8	#FFFFFF
205	#E8CECA	#FEFEFE
206	#FBF7F6	#FFFFFF
207	#F7EDEC	#FFFFFF
208	#FAFAFC	#FFFFFF
209	#E8CDCA	#FEFEFE
210	#DEDAED	#FDFDFD
211	#F1E0DD	#FEFEFE
212	#FDFBFA	#FFFFFF
213	#DDB7B2	#FCFCFC
214	#F0DCDA	#FEFEFE
215	#E8CDCA	#FEFEFE
216	#FCF7F7	#FFFFFF
217	#ECD5D2	#FEFEFE
218	#EDEAF5	#FEFEFE
219	#F4E5E3	#FEFEFE
220	#F1EFF8	#FEFEFE
221	#FBF7F6	#FFFFFF
222	#CF9D97	#FCFCFC
223	#F8EFEE	#FEFEFE
224	#F7EDEB	#FFFFFF
225	#F7EDEB	#FFFFFF
226	#F4E5E3	#FEFEFE
227	#ECD5D2	#FEFEFE
228	#FBF6F5	#FFFFFF
229	#A096CB	#FBFBFB
230	#F0DDDA	#FEFEFE
231	#F8EEED	#FFFFFF
232	#D0CAE6	#FCFCFC
233	#DCD8EC	#FEFEFE
234	#F1E0DE	#FEFEFE
235	#F4E6E4	#FEFEFE
236	#EFEDF6	#FEFEFE
237	#E6E3F2	#FEFEFE
238	#E1BEBA	#FEFEFE
239	#FBFBFD	#FFFFFF
240	#EFECF6	#FEFEFE
241	#F4E5E4	#FEFEFE
242	#AFA5D3	#FCFCFC
243	#F4E5E3	#FEFEFE
244	#FBF6F6	#FFFFFF
245	#FBF6F5	#FFFFFF
246	#F2E1DF	#FEFEFE
247	#EDEBF5	#FEFEFE
248	#CB9690	#FCFCFC
249	#F7ECEA	#FFFFFF
250	#D9AFAA	#FDFDFD
251	#F1E0DE	#FEFEFE
252	#ECD5D2	#FEFEFE
254	#D4A59F	#FCFCFC
255	#E4C4C0	#FDFDFD
256	#FEFDFE	#FFFFFF
257	#FEFDFD	#FFFFFF
258	#EED9D6	#FEFEFE
259	#FEFDFD	#FFFFFF
260	#FBF6F6	#FFFFFF
261	#F9F1F0	#FFFFFF
262	#DED9ED	#FDFDFD
263	#EDEBF5	#FEFEFE
264	#FBF6F6	#FFFFFF
265	#F7EDEB	#FFFFFF
266	#F1E0DE	#FEFEFE
267	#E8E5F3	#FEFEFE
268	#ECD5D2	#FEFEFE
269	#C68C86	#FBFBFB
270	#ECD5D2	#FEFEFE
271	#E2C1BC	#FDFDFD
272	#F7ECEB	#FFFFFF
273	#F0DDDA	#FEFEFE
274	#BEB6DB	#FCFCFC
275	#E2C1BC	#FDFDFD
276	#E9CECA	#FEFEFE
277	#E2C0BC	#FDFDFD
279	#ECD5D2	#FEFEFE
280	#F8EEED	#FFFFFF
281	#CC9790	#FCFCFC
282	#CB9690	#FCFCFC
283	#F4E5E3	#FEFEFE
284	#DED9ED	#FDFDFD
285	#F7EDEC	#FEFEFE
286	#FDFDFE	#FFFFFF
287	#FAF9FC	#FFFFFF
288	#E6C8C4	#FDFDFD
290	#FAF9FC	#FFFFFF
291	#FAFAFC	#FFFFFF
292	#D4CEE7	#FDFDFD
293	#F9F8FC	#FFFFFF
294	#FBF6F5	#FFFFFF
295	#F4E6E4	#FEFEFE
296	#EBD4D0	#FEFEFE
297	#EEECF6	#FFFFFF
299	#F6F4FA	#FFFFFF
300	#EFDCDA	#FEFEFE
301	#FBFAFD	#FFFFFF
302	#EAE7F4	#FEFEFE
303	#F1DFDD	#FEFEFE
304	#B7AFD8	#FAFAFA
305	#FDFBFB	#FFFFFF
306	#FBF6F6	#FFFFFF
307	#FCF8F8	#FFFFFF
308	#F9F0EF	#FFFFFF
309	#F6EAE8	#FEFEFE
310	#FBF6F6	#FFFFFF
311	#FDFBFB	#FFFFFF
312	#E4E0F0	#FEFEFE
313	#EEECF6	#FFFFFF
314	#ECEAF5	#FEFEFE
315	#F5E7E5	#FEFEFE
316	#F5E7E5	#FEFEFE
317	#E6C9C5	#FDFDFD
318	#E6E2F1	#FEFEFE
319	#F8F7FB	#FFFFFF
320	#DCD7EC	#FEFEFE
321	#F6F5FA	#FFFFFF
322	#FAF9FC	#FFFFFF
323	#E1BEB9	#FDFDFD
324	#F6F4FA	#FFFFFF
325	#E0BCB7	#FCFCFC
326	#FBF6F5	#FFFFFF
327	#F8EEED	#FFFFFF
328	#ECD5D2	#FEFEFE
329	#FBF7F6	#FFFFFF
330	#DCD7EC	#FEFEFE
331	#CCC5E3	#FDFDFD
332	#F7EDEB	#FFFFFF
333	#EEECF6	#FEFEFE
334	#F6F5FA	#FFFFFF
335	#F9F9FC	#FFFFFF
336	#EAD2CE	#FDFDFD
337	#F1DFDD	#FEFEFE
338	#FEFDFC	#FFFFFF
339	#ECD5D2	#FEFEFE
340	#FBF6F6	#FFFFFF
341	#DDD8EC	#FEFEFE
342	#EFDCD9	#FEFEFE
343	#F9F1F0	#FFFFFF
344	#E8E5F3	#FEFEFE
345	#FBF6F6	#FFFFFF
346	#FEFDFC	#FFFFFF
347	#C3BBDE	#FDFDFD
348	#FBFAFD	#FFFFFF
349	#EFEDF6	#FFFFFF
350	#FAFAFC	#FFFFFF
351	#ECD5D2	#FEFEFE
352	#D4CFE8	#FEFEFE
353	#ECD5D2	#FEFEFE
355	#EFEDF7	#FEFEFE
356	#FCFBFD	#FFFFFF
357	#F6F4FA	#FFFFFF
358	#FBF6F6	#FFFFFF
359	#FAFAFC	#FFFFFF
360	#F9F9FC	#FFFFFF
361	#FBF6F6	#FFFFFF
362	#E1BEBA	#FDFDFD
363	#D4CEE8	#FDFDFD
364	#F6EBE9	#FEFEFE
365	#F7EDEB	#FFFFFF
366	#ECD5D2	#FEFEFE
367	#FDF9F9	#FFFFFF
368	#F5F4FA	#FFFFFF
369	#FBF5F5	#FFFFFF
370	#DEB9B4	#FCFCFC
371	#FAF9FC	#FFFFFF
372	#EFECF6	#FEFEFE
373	#FDFAFA	#FFFFFF
374	#FBF6F5	#FFFFFF
375	#F8EEED	#FFFFFF
376	#F7F5FA	#FFFFFF
377	#EED9D6	#FEFEFE
378	#FAF9FC	#FFFFFF
379	#EFEDF6	#FFFFFF
380	#FBF6F5	#FFFFFF
381	#FBF6F5	#FFFFFF
382	#D9B0AA	#FDFDFD
383	#867BBD	#F7F7F7
384	#F1E1DE	#FEFEFE
385	#FDFBFA	#FFFFFF
386	#D4CEE8	#FDFDFD
387	#EFECF6	#FEFEFE
388	#DBB3AE	#FCFCFC
389	#CB9690	#FCFCFC
390	#ECD5D2	#FEFEFE
391	#C7C0E0	#FCFCFC
392	#F4E6E4	#FEFEFE
393	#F1DFDD	#FEFEFE
394	#DDD8EC	#FEFEFE
395	#E1BEBA	#FEFEFE
396	#F9F1F0	#FFFFFF
397	#D8D3EA	#FDFDFD
398	#E6C8C4	#FDFDFD
400	#F9F8FC	#FFFFFF
401	#FDFCFE	#FFFFFF
402	#F2F0F8	#FFFFFF
403	#D3A49F	#FCFCFC
404	#ECD6D3	#FEFEFE
405	#ECE9F4	#FEFEFE
406	#FAF4F3	#FFFFFF
407	#F6F4FA	#FFFFFF
408	#F7EDEB	#FFFFFF
409	#F6F5FA	#FFFFFF
410	#ECD6D3	#FEFEFE
411	#E6E2F1	#FEFEFE
412	#CBC5E3	#FDFDFD
413	#FCF8F7	#FFFFFF
414	#FFFFFF	#FFFFFF
415	#CEC7E4	#FDFDFD
416	#EEECF6	#FFFFFF
417	#EAD1CE	#FDFDFD
418	#EEDAD7	#FEFEFE
419	#EBE8F4	#FEFEFE
420	#C4BCDF	#FCFCFC
421	#FBFAFD	#FFFFFF
422	#EFEDF7	#FEFEFE
423	#F5F3F9	#FFFFFF
424	#ECD5D2	#FEFEFE
425	#C8918B	#FBFBFB
426	#FBFAFD	#FFFFFF
427	#F9F1F0	#FFFFFF
428	#D4A59F	#FCFCFC
429	#E6C8C5	#FDFDFD
430	#ECD4D1	#FEFEFE
431	#FEFCFC	#FFFFFF
432	#CDC6E4	#FCFCFC
433	#F9F1F0	#FFFFFF
434	#FBFAFD	#FFFFFF
435	#E9E6F3	#FEFEFE
436	#FEFDFC	#FFFFFF
437	#FBFAFD	#FFFFFF
438	#F6F5FA	#FFFFFF
439	#E9CECB	#FEFEFE
440	#F6F5FA	#FFFFFF
441	#CF9D97	#FCFCFC
442	#F6F4FA	#FFFFFF
443	#F7ECEB	#FFFFFF
444	#F4E6E4	#FEFEFE
445	#E5E1F1	#FEFEFE
446	#E9CECA	#FEFEFE
447	#F7ECEB	#FFFFFF
448	#EEECF6	#FFFFFF
449	#FAF9FC	#FFFFFF
450	#F8EEED	#FFFFFF
451	#F6F4FA	#FFFFFF
452	#FEFDFD	#FFFFFF
453	#FDFAFA	#FFFFFF
454	#FBFAFD	#FFFFFF
456	#F9F1F0	#FFFFFF
457	#FCFBFD	#FFFFFF
458	#EBD4D0	#FEFEFE
459	#EFDCDA	#FEFEFE
460	#E2C0BC	#FDFDFD
461	#E5E1F1	#FEFEFE
462	#F6F5FA	#FFFFFF
463	#F8EEED	#FFFFFF
464	#FCFBFD	#FFFFFF
465	#DCD7EC	#FEFEFE
466	#FEFDFD	#FFFFFF
467	#F9F8FC	#FFFFFF
468	#FBF6F6	#FFFFFF
469	#F5F4FA	#FFFFFF
470	#E5E2F1	#FEFEFE
471	#EFECF6	#FEFEFE
472	#F9F2F1	#FFFFFF
473	#FAF9FC	#FFFFFF
474	#F5F4FA	#FFFFFF
475	#F1E0DD	#FEFEFE
476	#F9F2F0	#FFFFFF
477	#FBF5F5	#FFFFFF
478	#ECD5D2	#FEFEFE
479	#EBD3D0	#FDFDFD
480	#FAF9FC	#FFFFFF
481	#FBF6F5	#FFFFFF
482	#A79DCF	#FBFBFB
483	#E8CDCA	#FEFEFE
484	#FBF7F6	#FFFFFF
485	#D0CAE5	#FCFCFC
486	#FBFAFD	#FFFFFF
487	#E6E2F1	#FEFEFE
488	#FAFAFC	#FFFFFF
489	#F8EEED	#FFFFFF
490	#EED9D7	#FEFEFE
491	#FFFFFF	#FFFFFF
492	#EFEDF6	#FFFFFF
493	#FEFDFD	#FFFFFF
494	#F0DEDB	#FEFEFE
495	#D9B0AB	#FDFDFD
496	#F9F1EF	#FFFFFF
497	#FBFAFD	#FFFFFF
498	#EEECF6	#FEFEFE
499	#EEECF6	#FFFFFF
501	#EDEAF5	#FEFEFE
502	#D9B0AB	#FDFDFD
503	#EEDAD7	#FEFEFE
504	#F6F5FA	#FFFFFF
505	#FDFCFE	#FFFFFF
506	#F9F8FC	#FFFFFF
507	#FDFDFE	#FFFFFF
508	#F4F3F9	#FEFEFE
509	#B7AED8	#FDFDFD
510	#DDD8EC	#FEFEFE
511	#FBF6F6	#FFFFFF
512	#EDD6D3	#FEFEFE
513	#FCF7F7	#FFFFFF
514	#F8EEED	#FFFFFF
515	#E3DFF0	#FEFEFE
516	#F9F1F0	#FFFFFF
517	#FEFEFD	#FFFFFF
518	#F0EEF7	#FEFEFE
519	#E6E2F1	#FEFEFE
520	#FBF6F5	#FFFFFF
521	#E5E2F1	#FEFEFE
522	#E5E1F1	#FEFEFE
523	#EEECF6	#FEFEFE
524	#FBF6F5	#FFFFFF
525	#F5F4FA	#FFFFFF
526	#F0DCDA	#FEFEFE
527	#EEECF6	#FFFFFF
528	#EEECF6	#FEFEFE
529	#CDC7E4	#FCFCFC
530	#FFFEFE	#FFFFFF
531	#DED9ED	#FDFDFD
532	#EDEBF6	#FEFEFE
533	#D4A5A0	#FCFCFC
534	#E8E5F3	#FEFEFE
535	#FBFBFD	#FFFFFF
536	#EED9D6	#FEFEFE
537	#F6F5FA	#FFFFFF
538	#E8CCC9	#FEFEFE
539	#E8E5F3	#FEFEFE
540	#D3CDE7	#FDFDFD
541	#E6C8C4	#FDFDFD
542	#AFA5D3	#FCFCFC
543	#F2F0F8	#FEFEFE
544	#E6E2F1	#FEFEFE
545	#FBFAFD	#FFFFFF
546	#DDD8ED	#FEFEFE
547	#FBFAFD	#FFFFFF
548	#FAFAFC	#FFFFFF
549	#FEFDFD	#FFFFFF
550	#F4E6E4	#FEFEFE
551	#FDFBFA	#FFFFFF
552	#FDFCFE	#FFFFFF
553	#FAF9FC	#FFFFFF
554	#F1E0DD	#FEFEFE
555	#FFFFFF	#FFFFFF
557	#FAF2F1	#FFFFFF
558	#E1BEB9	#FDFDFD
559	#EFEDF6	#FEFEFE
560	#E1BEBA	#FEFEFE
561	#E4C4C0	#FDFDFD
562	#FBF5F4	#FFFFFF
563	#9A90C8	#FAFAFA
564	#F7ECEB	#FFFFFF
565	#FAF9FC	#FFFFFF
566	#DDD9ED	#FEFEFE
567	#E6E3F2	#FEFEFE
568	#F2E1DF	#FEFEFE
569	#F4F3F9	#FFFFFF
570	#F6EAE8	#FEFEFE
571	#F6F4FA	#FFFFFF
572	#F6F4FA	#FFFFFF
573	#E9E5F3	#FEFEFE
574	#FBFBFD	#FFFFFF
575	#F9F2F1	#FFFFFF
576	#EBD2CF	#FDFDFD
577	#F7ECEB	#FFFFFF
578	#F8EEED	#FFFFFF
579	#F6EAE8	#FEFEFE
580	#FBF6F6	#FFFFFF
581	#DDD8EC	#FEFEFE
582	#FBFBFD	#FFFFFF
583	#EEECF6	#FEFEFE
584	#F1E0DD	#FEFEFE
585	#F8EEED	#FFFFFF
586	#ECEAF5	#FEFEFE
587	#F6F5FA	#FFFFFF
588	#F1DFDD	#FEFEFE
589	#D4CEE7	#FDFDFD
590	#C4BDDF	#FCFCFC
591	#E6C8C4	#FDFDFD
592	#F7F5FA	#FFFFFF
593	#FFFEFE	#FFFFFF
594	#FBF6F6	#FFFFFF
595	#F2F0F8	#FFFFFF
596	#E3E0F0	#FEFEFE
597	#FEFDFD	#FFFFFF
598	#EBD4D0	#FEFEFE
599	#F8EEED	#FFFFFF
600	#EEECF6	#FFFFFF
602	#FBFAFD	#FFFFFF
603	#FEFDFD	#FFFFFF
604	#F0EEF7	#FEFEFE
605	#FCF8F8	#FFFFFF
606	#EBD4D0	#FEFEFE
607	#F9F9FC	#FFFFFF
608	#FAF4F3	#FFFFFF
609	#F9F1F0	#FFFFFF
610	#E6E3F2	#FEFEFE
611	#D3CEE7	#FDFDFD
612	#B7AED8	#FDFDFD
613	#E1DDEF	#FDFDFD
614	#E6E3F1	#FEFEFE
615	#D9D4EA	#FCFCFC
616	#FAF9FC	#FFFFFF
617	#E6E3F2	#FEFEFE
618	#F2E1DE	#FEFEFE
619	#F9F8FC	#FFFFFF
620	#DED9ED	#FEFEFE
621	#EFECF6	#FEFEFE
622	#E9CECA	#FEFEFE
623	#EDD7D4	#FEFEFE
624	#E2DEEF	#FDFDFD
625	#E3C3BF	#FDFDFD
626	#F4E5E3	#FEFEFE
627	#DBD6EC	#FEFEFE
628	#FBF6F5	#FFFFFF
629	#FDFBFB	#FFFFFF
630	#FDFBFA	#FFFFFF
631	#FDFBFB	#FFFFFF
632	#F6F5FA	#FFFFFF
633	#FBF6F5	#FFFFFF
634	#FBF6F5	#FFFFFF
635	#FBF6F5	#FFFFFF
636	#E1BEBA	#FEFEFE
637	#F7EDEB	#FFFFFF
638	#EFEDF6	#FEFEFE
639	#FAF9FC	#FFFFFF
640	#E9E6F3	#FEFEFE
641	#FEFDFC	#FFFFFF
642	#DED9ED	#FDFDFD
643	#F4E5E3	#FEFEFE
644	#E8E4F2	#FEFEFE
645	#E6C8C4	#FDFDFD
646	#EBD3D0	#FDFDFD
647	#FFFEFE	#FFFFFF
648	#F4E6E4	#FEFEFE
649	#EED8D6	#FEFEFE
650	#FAF9FC	#FFFFFF
651	#F3E4E2	#FEFEFE
652	#EEEBF6	#FEFEFE
653	#F3E4E2	#FEFEFE
654	#EFECF6	#FEFEFE
655	#F7F5FA	#FFFFFF
656	#F2E1DF	#FEFEFE
658	#FEFDFD	#FFFFFF
659	#EDD6D3	#FEFEFE
660	#F4E7E5	#FEFEFE
661	#FBF6F6	#FFFFFF
662	#DDD8EC	#FEFEFE
663	#F9F8FC	#FFFFFF
664	#F5F4FA	#FFFFFF
665	#CF9D97	#FCFCFC
666	#FEFDFD	#FFFFFF
667	#FBF6F5	#FFFFFF
668	#F2F0F8	#FEFEFE
669	#F7EEEC	#FFFFFF
670	#EAE7F4	#FEFEFE
671	#F4E5E3	#FEFEFE
672	#F6F4FA	#FFFFFF
673	#CBC4E3	#FDFDFD
674	#FFFFFF	#FFFFFF
675	#E3C3BF	#FDFDFD
676	#FBFBFD	#FFFFFF
677	#F6F5FA	#FFFFFF
678	#FBFBFD	#FFFFFF
679	#E5E1F1	#FEFEFE
680	#CCC5E3	#FDFDFD
681	#E9E6F3	#FEFEFE
682	#CF9D97	#FCFCFC
683	#FCFCFE	#FFFFFF
684	#F9F2F1	#FFFFFF
685	#FBFAFD	#FFFFFF
686	#F7EDEB	#FFFFFF
687	#FAF9FC	#FFFFFF
688	#C9928B	#FBFBFB
689	#FBFAFD	#FFFFFF
690	#FAF9FC	#FFFFFF
691	#E6C9C5	#FDFDFD
692	#FFFFFE	#FFFFFF
693	#FFFEFE	#FFFFFF
694	#EEECF6	#FFFFFF
695	#E5E1F1	#FEFEFE
696	#F7EEEC	#FFFFFF
697	#F7ECEB	#FFFFFF
698	#F7EDEB	#FFFFFF
699	#FEFDFD	#FFFFFF
700	#EFECF6	#FEFEFE
701	#ECD5D2	#FEFEFE
703	#F3F1F9	#FFFFFF
704	#FBF6F6	#FFFFFF
705	#F9F1F0	#FFFFFF
706	#F1E0DE	#FEFEFE
707	#ECD5D2	#FEFEFE
708	#FBFAFD	#FFFFFF
709	#FBF7F6	#FFFFFF
710	#FCF8F7	#FFFFFF
711	#EDEBF5	#FEFEFE
712	#FCFBFD	#FFFFFF
713	#D9B0AA	#FDFDFD
714	#F2F0F8	#FEFEFE
715	#ECEAF5	#FEFEFE
716	#E5E1F1	#FEFEFE
717	#F9F8FC	#FFFFFF
718	#DDD8EC	#FEFEFE
719	#F1E0DE	#FEFEFE
720	#D4CEE8	#FDFDFD
721	#F6F4FA	#FFFFFF
722	#FCFBFD	#FFFFFF
723	#EFECF6	#FEFEFE
724	#F6ECEA	#FEFEFE
725	#ECD6D3	#FEFEFE
726	#FCF7F7	#FFFFFF
727	#FAF9FC	#FFFFFF
728	#FCF7F6	#FFFFFF
729	#F1DFDD	#FEFEFE
730	#E6C8C4	#FDFDFD
731	#E4E1F1	#FEFEFE
732	#F2F0F8	#FEFEFE
733	#FEFDFD	#FFFFFF
734	#E3E0F0	#FEFEFE
735	#F6F5FA	#FFFFFF
736	#FAF9FC	#FFFFFF
737	#F1DFDD	#FEFEFE
738	#F1E1DE	#FEFEFE
739	#C8918B	#FBFBFB
740	#F9F8FC	#FFFFFF
741	#D5CFE8	#FEFEFE
742	#CDC7E4	#FCFCFC
743	#E8CDCA	#FEFEFE
744	#D4A5A0	#FCFCFC
745	#FAF9FC	#FFFFFF
746	#EEECF6	#FEFEFE
747	#F9F0EF	#FFFFFF
748	#CCC6E3	#FDFDFD
749	#D4A59F	#FCFCFC
750	#EBD3D0	#FEFEFE
751	#ECD4D1	#FDFDFD
752	#F7ECEB	#FFFFFF
753	#F5E8E6	#FEFEFE
754	#FEFDFD	#FFFFFF
755	#E4E1F1	#FEFEFE
756	#FFFFFF	#FFFFFF
757	#D3A59F	#FCFCFC
759	#FFFFFF	#FFFFFF
760	#E4C5C0	#FDFDFD
761	#DEDAED	#FDFDFD
762	#F6F5FA	#FFFFFF
763	#F6F4FA	#FFFFFF
764	#C4BDDF	#FCFCFC
765	#FBF6F6	#FFFFFF
766	#ECD5D1	#FEFEFE
767	#DDD8ED	#FEFEFE
768	#F6EAE8	#FEFEFE
769	#F1E0DD	#FEFEFE
770	#F9F8FC	#FFFFFF
771	#EBE8F4	#FEFEFE
772	#EED9D6	#FEFEFE
773	#ECE9F5	#FEFEFE
774	#F1E0DE	#FEFEFE
775	#CBC4E3	#FCFCFC
776	#F0DDDA	#FEFEFE
777	#F1E0DE	#FEFEFE
778	#F2E1DE	#FEFEFE
779	#FAF9FC	#FFFFFF
780	#F7F5FA	#FFFFFF
781	#FEFEFF	#FFFFFF
782	#FBF6F5	#FFFFFF
783	#E3DFF0	#FDFDFD
784	#F4E6E4	#FEFEFE
785	#F4E6E4	#FEFEFE
786	#E8E5F3	#FEFEFE
787	#FBF5F5	#FFFFFF
788	#DDD8EC	#FEFEFE
789	#E1BEBA	#FEFEFE
790	#EEECF6	#FFFFFF
791	#FEFDFC	#FFFFFF
792	#D3CDE7	#FDFDFD
793	#F8F7FB	#FFFFFF
794	#ECD5D2	#FEFEFE
795	#F2F0F8	#FEFEFE
796	#FFFEFE	#FFFFFF
797	#EAE7F4	#FEFEFE
798	#ECD6D3	#FEFEFE
799	#F9F9FC	#FFFFFF
800	#FFFFFF	#FFFFFF
801	#E6E2F1	#FEFEFE
802	#F7EDEB	#FFFFFF
804	#FBFAFD	#FFFFFF
805	#D8D3EA	#FCFCFC
806	#F9F2F1	#FFFFFF
807	#D9B0AA	#FDFDFD
808	#C4BDDF	#FCFCFC
809	#E7E3F2	#FDFDFD
810	#F5E7E5	#FEFEFE
811	#F3F1F9	#FEFEFE
812	#F9F9FC	#FFFFFF
813	#F7ECEB	#FFFFFF
814	#CCC5E3	#FCFCFC
815	#FAFAFC	#FFFFFF
816	#FDFBFB	#FFFFFF
817	#F2F0F8	#FFFFFF
818	#F0DCDA	#FEFEFE
819	#EDEAF5	#FEFEFE
820	#F2E1DF	#FEFEFE
821	#FDFBFA	#FFFFFF
822	#F1F0F8	#FEFEFE
823	#FDFCFE	#FFFFFF
824	#EDEAF5	#FEFEFE
825	#E4C4C0	#FDFDFD
826	#F7EEEC	#FFFFFF
827	#F7EEEC	#FFFFFF
828	#F2F0F8	#FEFEFE
829	#DFDAED	#FEFEFE
830	#F1F0F8	#FEFEFE
831	#F9F1F0	#FFFFFF
832	#FBFAFD	#FFFFFF
833	#FCFBFD	#FFFFFF
834	#BEB6DC	#FCFCFC
835	#E3C3BF	#FDFDFD
836	#B8AFD8	#FDFDFD
837	#D9B0AA	#FDFDFD
838	#E1BEBA	#FEFEFE
839	#FAF9FC	#FFFFFF
840	#F7ECEA	#FFFFFF
841	#F9F8FC	#FFFFFF
842	#FFFEFE	#FFFFFF
843	#C3BBDE	#FDFDFD
844	#EBE8F4	#FEFEFE
845	#D3A59F	#FCFCFC
846	#EEEBF6	#FEFEFE
847	#FBFAFD	#FFFFFF
848	#CF9D97	#FCFCFC
849	#F9F2F1	#FFFFFF
850	#FCFCFD	#FFFFFF
851	#C48A83	#FBFBFB
852	#E9E6F3	#FEFEFE
853	#ECD5D2	#FEFEFE
854	#F8F7FB	#FFFFFF
855	#FDFAFA	#FFFFFF
856	#EFECF6	#FEFEFE
857	#EED9D6	#FEFEFE
858	#FAF9FC	#FFFFFF
860	#C9928B	#FBFBFB
861	#FDFBFB	#FFFFFF
862	#E1DDEF	#FDFDFD
863	#F3F1F8	#FEFEFE
864	#F2F0F8	#FEFEFE
865	#F4E6E4	#FEFEFE
866	#D4A6A0	#FCFCFC
867	#F3E4E2	#FEFEFE
868	#FCFBFD	#FFFFFF
869	#EFECF6	#FEFEFE
870	#EDEAF5	#FEFEFE
871	#F1DFDD	#FEFEFE
872	#D8D3EA	#FDFDFD
873	#FFFEFE	#FFFFFF
874	#FEFDFD	#FFFFFF
875	#DDD9ED	#FEFEFE
876	#EFEDF6	#FEFEFE
877	#F7EDEB	#FFFFFF
878	#F0DDDB	#FEFEFE
879	#F9F8FC	#FFFFFF
880	#FBFAFD	#FFFFFF
881	#F4E6E4	#FEFEFE
882	#F7EDEB	#FFFFFF
883	#DFBAB5	#FCFCFC
884	#FAF9FC	#FFFFFF
885	#CF9D96	#FCFCFC
886	#FFFEFE	#FFFFFF
887	#F1E1DE	#FEFEFE
888	#F7EEEC	#FFFFFF
889	#E8E5F3	#FEFEFE
890	#E4E0F0	#FEFEFE
891	#EED9D7	#FEFEFE
892	#E6C8C4	#FDFDFD
893	#D5CFE8	#FDFDFD
894	#F2F0F8	#FEFEFE
895	#F3E4E2	#FEFEFE
896	#E6E2F1	#FEFEFE
897	#F9F1F0	#FFFFFF
898	#FFFFFF	#FFFFFF
899	#FEFDFD	#FFFFFF
900	#DDD8ED	#FEFEFE
901	#EEECF6	#FEFEFE
902	#F5F4FA	#FFFFFF
903	#FBFAFD	#FFFFFF
905	#F2F0F8	#FEFEFE
906	#F9F1F0	#FFFFFF
907	#FDFDFE	#FFFFFF
908	#CDC6E4	#FCFCFC
909	#FBF6F6	#FFFFFF
910	#FBF6F6	#FFFFFF
911	#FCF8F8	#FFFFFF
912	#F2F0F8	#FFFFFF
913	#F8EEED	#FFFFFF
914	#E8E5F3	#FDFDFD
915	#EBE8F4	#FEFEFE
916	#FBFBFD	#FFFFFF
917	#FCFBFD	#FFFFFF
918	#F1DFDD	#FEFEFE
919	#F4E5E3	#FEFEFE
920	#FAFAFD	#FFFFFF
921	#FFFFFE	#FFFFFF
922	#FFFFFF	#FFFFFF
923	#DEDAED	#FEFEFE
924	#DED9ED	#FDFDFD
925	#F1F0F8	#FEFEFE
926	#EFDCD9	#FEFEFE
927	#FBFAFD	#FFFFFF
928	#FEFCFB	#FFFFFF
929	#FBF6F6	#FFFFFF
930	#F0DCDA	#FEFEFE
931	#FAF3F2	#FFFFFF
932	#FCFCFE	#FFFFFF
933	#FFFFFF	#FFFFFF
934	#F3E4E2	#FEFEFE
935	#F9F1F0	#FFFFFF
936	#D3A59F	#FCFCFC
937	#EAD1CE	#FDFDFD
938	#D9B0AB	#FDFDFD
939	#CF9D97	#FCFCFC
940	#FBFAFD	#FFFFFF
941	#F7EDEC	#FFFFFF
942	#F2F0F8	#FFFFFF
943	#F3E5E3	#FEFEFE
944	#EEEBF6	#FEFEFE
945	#F2F0F8	#FFFFFF
946	#E8E5F3	#FEFEFE
947	#DCD7EC	#FEFEFE
948	#E8CECA	#FEFEFE
949	#E4C4C0	#FDFDFD
950	#EEECF6	#FFFFFF
951	#FBFAFD	#FFFFFF
952	#F9F1F0	#FFFFFF
953	#F9F2F1	#FFFFFF
954	#F8EEED	#FFFFFF
955	#E9CECA	#FEFEFE
956	#EDEAF5	#FEFEFE
957	#E6E2F1	#FEFEFE
958	#F2F0F8	#FFFFFF
959	#F7F5FA	#FFFFFF
961	#FDFBFA	#FFFFFF
962	#F2F0F8	#FEFEFE
963	#FAF4F3	#FFFFFF
964	#DCD7EC	#FEFEFE
965	#FFFFFF	#FFFFFF
966	#F8EEED	#FFFFFF
967	#B2AAD5	#FAFAFA
968	#EBD3D0	#FEFEFE
969	#C4BDDF	#FCFCFC
970	#C9C2E2	#FBFBFB
971	#FCF7F6	#FFFFFF
972	#EDEAF5	#FEFEFE
973	#EDD7D4	#FEFEFE
974	#CB9790	#FCFCFC
975	#FBF6F5	#FFFFFF
976	#FBFAFD	#FFFFFF
977	#E4C4C0	#FDFDFD
978	#EEECF6	#FEFEFE
979	#EFDBD9	#FEFEFE
980	#E7CAC6	#FDFDFD
981	#ECD4D1	#FDFDFD
982	#F8EFEE	#FEFEFE
983	#DBD7EC	#FEFEFE
984	#F4E5E3	#FEFEFE
985	#CEC7E4	#FDFDFD
986	#E6C8C4	#FDFDFD
987	#ECEAF5	#FEFEFE
988	#ECD5D3	#FEFEFE
989	#F2F1F8	#FFFFFF
990	#EED9D6	#FDFDFD
991	#EBD3D0	#FEFEFE
992	#EAE7F4	#FEFEFE
993	#FDFDFE	#FFFFFF
994	#E5E1F1	#FEFEFE
995	#FBFBFD	#FFFFFF
996	#D7D2E9	#FDFDFD
997	#FDFBFB	#FFFFFF
998	#F5E7E6	#FEFEFE
999	#FBF6F6	#FFFFFF
1000	#C9928B	#FBFBFB
1001	#EEECF6	#FFFFFF
1002	#FBF6F5	#FFFFFF
1003	#F4E5E4	#FEFEFE
1004	#F8EEED	#FFFFFF
1006	#D8D2EA	#FDFDFD
1007	#FEFCFC	#FFFFFF
1008	#E6E2F1	#FEFEFE
1009	#F6EBE9	#FEFEFE
1010	#C7BFE0	#FCFCFC
1011	#F4E6E4	#FEFEFE
1012	#FBF7F6	#FFFFFF
1013	#F8EFED	#FEFEFE
1014	#BEB6DB	#FCFCFC
1015	#D4CFE8	#FDFDFD
1016	#D6D1E9	#FDFDFD
1017	#DDD9ED	#FDFDFD
1018	#EAE7F3	#FEFEFE
1019	#F7F6FB	#FFFFFF
1020	#CCC5E3	#FDFDFD
1021	#E4E0F0	#FEFEFE
1022	#D9D4EA	#FDFDFD
1023	#F9F1F0	#FFFFFF
1024	#F3F1F8	#FEFEFE
1025	#F7ECEB	#FFFFFF
1026	#EEECF6	#FEFEFE
1027	#D7D2E9	#FDFDFD
1028	#EDEBF5	#FEFEFE
1029	#FBF6F5	#FFFFFF
1030	#EDEAF5	#FEFEFE
1031	#F1E0DD	#FEFEFE
1032	#FFFFFF	#FFFFFF
1033	#FEFDFD	#FFFFFF
1034	#E0BCB7	#FCFCFC
1035	#FEFEFD	#FFFFFF
1036	#CCC5E3	#FDFDFD
1037	#F4E5E4	#FEFEFE
1038	#C48A83	#FBFBFB
1039	#FEFDFD	#FFFFFF
1040	#E8E5F2	#FEFEFE
1041	#F4E5E3	#FEFEFE
1042	#FAF9FC	#FFFFFF
1043	#E3DFF0	#FEFEFE
1044	#F1E0DE	#FEFEFE
1045	#FAF9FC	#FFFFFF
1046	#EFEDF6	#FEFEFE
1047	#F2F0F8	#FFFFFF
1048	#F1E0DD	#FEFEFE
1049	#F6F4FA	#FFFFFF
1050	#FFFFFF	#FFFFFF
1051	#ECEAF5	#FEFEFE
1052	#E5E1F1	#FEFEFE
1053	#EBD2CF	#FDFDFD
1054	#F4E6E4	#FEFEFE
1055	#CC9790	#FCFCFC
1056	#FCFCFE	#FFFFFF
1057	#FBF7F6	#FFFFFF
1058	#F1DFDD	#FEFEFE
1059	#E5E2F1	#FEFEFE
1060	#FBFAFD	#FFFFFF
1062	#F9F8FC	#FFFFFF
1063	#CBC5E3	#FCFCFC
1064	#FAF9FC	#FFFFFF
1065	#E4E0F0	#FEFEFE
1066	#E4C4C0	#FDFDFD
1067	#E6E3F2	#FEFEFE
1068	#EED9D6	#FEFEFE
1069	#E5E1F1	#FEFEFE
1070	#E1BEBA	#FEFEFE
1071	#FCFCFD	#FFFFFF
1072	#FEFDFD	#FFFFFF
1073	#FBF7F6	#FFFFFF
1074	#E4E0F0	#FDFDFD
1075	#E4E1F1	#FEFEFE
1076	#E8E5F3	#FEFEFE
1077	#FBFAFD	#FFFFFF
1078	#F5F3FA	#FFFFFF
1079	#D4CEE8	#FDFDFD
1080	#EAE7F3	#FEFEFE
1081	#FCF7F7	#FFFFFF
1082	#FDFDFE	#FFFFFF
1083	#E6E2F1	#FEFEFE
1084	#CC9791	#FCFCFC
1085	#F2F1F8	#FEFEFE
1086	#CEC7E4	#FDFDFD
1087	#F5E8E6	#FEFEFE
1088	#F7ECEA	#FFFFFF
1089	#FBFAFD	#FFFFFF
1090	#D9B0AA	#FDFDFD
1091	#F7EDEC	#FEFEFE
1092	#E6E3F1	#FEFEFE
1093	#F1EFF8	#FFFFFF
1094	#E8CDCA	#FEFEFE
1095	#ECD5D2	#FEFEFE
1096	#F2F1F8	#FFFFFF
1097	#F2F1F8	#FFFFFF
1098	#ECD5D2	#FEFEFE
1099	#EBD4D0	#FEFEFE
1100	#E2C0BC	#FDFDFD
1101	#F7EDEC	#FEFEFE
1102	#CF9D97	#FCFCFC
1103	#ECD5D2	#FEFEFE
1104	#E8E5F3	#FEFEFE
1105	#F4E5E3	#FEFEFE
1107	#E6E2F1	#FEFEFE
1108	#F2F0F8	#FFFFFF
1109	#BDB5DB	#FBFBFB
1110	#E2DEEF	#FDFDFD
1111	#EDEAF5	#FEFEFE
1112	#EBD4D1	#FDFDFD
1113	#EBE9F4	#FEFEFE
1114	#F1DFDD	#FEFEFE
1115	#EDEAF5	#FEFEFE
1116	#FBFAFD	#FFFFFF
1117	#FBFAFD	#FFFFFF
1118	#F2F0F8	#FFFFFF
1119	#E4E0F0	#FEFEFE
1120	#E2DEEF	#FDFDFD
1121	#CB9690	#FCFCFC
1122	#D7D1E9	#FDFDFD
1123	#FAF9FC	#FFFFFF
1124	#F3E5E3	#FEFEFE
1125	#E2C1BC	#FDFDFD
1126	#FFFEFE	#FFFFFF
1127	#F8EEED	#FFFFFF
1128	#FBFAFD	#FFFFFF
1129	#F1EFF8	#FEFEFE
1130	#FBFBFD	#FFFFFF
1131	#F9F0EF	#FFFFFF
1132	#EDEBF5	#FEFEFE
1133	#EFEDF6	#FEFEFE
1134	#FBF6F6	#FFFFFF
1135	#FBFBFD	#FFFFFF
1136	#F9F2F1	#FFFFFF
1137	#FDFBFB	#FFFFFF
1138	#F6EAE8	#FEFEFE
1139	#F7ECEB	#FFFFFF
1140	#F7EDEC	#FEFEFE
1141	#FDFCFE	#FFFFFF
1142	#EFDCD9	#FEFEFE
1143	#F7EDEB	#FFFFFF
1144	#E1BEB9	#FEFEFE
1145	#F8EEED	#FFFFFF
1146	#F8EEED	#FFFFFF
1147	#E4E1F1	#FEFEFE
1148	#EBD3D0	#FDFDFD
1149	#FBF6F5	#FFFFFF
1150	#ECD5D2	#FEFEFE
1151	#E8E5F3	#FEFEFE
1152	#FDFCFE	#FFFFFF
1153	#CCC5E3	#FDFDFD
1154	#DEDAED	#FEFEFE
1155	#F7EDEC	#FEFEFE
1156	#F6F5FA	#FFFFFF
1157	#E7CCC8	#FDFDFD
1158	#FBF6F5	#FFFFFF
1159	#EDEAF5	#FEFEFE
1160	#EFEDF6	#FEFEFE
1161	#F0EEF7	#FEFEFE
1163	#F7ECEB	#FFFFFF
1164	#F8EFEE	#FEFEFE
1165	#F6F5FA	#FFFFFF
1166	#EFEDF6	#FEFEFE
1167	#ECD4D1	#FDFDFD
1168	#F9F1F0	#FFFFFF
1169	#F9F1F0	#FFFFFF
1170	#EEDAD7	#FEFEFE
1171	#F7F6FB	#FFFFFF
1172	#F7ECEB	#FFFFFF
1173	#FBF6F6	#FFFFFF
1174	#EEECF6	#FFFFFF
1175	#F5E7E5	#FEFEFE
1176	#F1DFDD	#FEFEFE
1177	#B7AED8	#FDFDFD
1178	#D0CAE6	#FCFCFC
1179	#E4E0F0	#FEFEFE
1180	#DDD8EC	#FEFEFE
1181	#CCC5E3	#FDFDFD
1182	#FBF6F6	#FFFFFF
1183	#F7EEEC	#FFFFFF
1184	#F7EDEB	#FEFEFE
1185	#FAF9FC	#FFFFFF
1186	#DCD7EC	#FEFEFE
1187	#FBF6F6	#FFFFFF
1188	#CF9E97	#FCFCFC
1189	#FFFFFF	#FFFFFF
1190	#F7EEEC	#FFFFFF
1191	#E6C8C4	#FDFDFD
1192	#EBD4D0	#FEFEFE
1193	#FAF9FC	#FFFFFF
1194	#F1DFDD	#FEFEFE
1195	#EFECF6	#FEFEFE
1196	#D4A5A0	#FCFCFC
1197	#FBF6F5	#FFFFFF
1198	#FFFFFF	#FFFFFF
1199	#EBD3D0	#FDFDFD
1200	#DDD8EC	#FEFEFE
1201	#EBE8F4	#FEFEFE
1202	#EBE8F4	#FEFEFE
1203	#F1E0DE	#FEFEFE
1204	#DCD8EC	#FEFEFE
1205	#F4E7E5	#FEFEFE
1206	#CC9791	#FCFCFC
1208	#F5E7E5	#FEFEFE
1209	#E5E1F1	#FEFEFE
1210	#E4C4C0	#FDFDFD
1211	#EFECF6	#FEFEFE
1212	#EEECF6	#FEFEFE
1213	#F9F8FC	#FFFFFF
1214	#E6C8C4	#FDFDFD
1215	#F8EEED	#FFFFFF
1216	#E8CDCA	#FEFEFE
1217	#ECD6D3	#FEFEFE
1218	#FBFBFD	#FFFFFF
1219	#EEECF6	#FEFEFE
1220	#F8EEED	#FFFFFF
1221	#FFFFFF	#FFFFFF
1222	#FBF6F5	#FFFFFF
1223	#EDEBF5	#FEFEFE
1224	#D0CAE5	#FCFCFC
1225	#F7EDEB	#FEFEFE
1226	#FBFBFD	#FFFFFF
1227	#EEECF6	#FFFFFF
1228	#B7AED8	#FDFDFD
1229	#D3A49F	#FCFCFC
1230	#DBD7EC	#FEFEFE
1231	#E6E3F1	#FEFEFE
1232	#F9F8FC	#FFFFFF
1233	#CF9D97	#FCFCFC
1234	#F9F2F1	#FFFFFF
1235	#EFECF6	#FEFEFE
1236	#F9F8FC	#FFFFFF
1237	#F6F5FA	#FFFFFF
1238	#E1BEBA	#FDFDFD
1239	#EBD4D1	#FDFDFD
1240	#FAFAFD	#FFFFFF
1241	#E6C8C5	#FDFDFD
1242	#FBFAFD	#FFFFFF
1243	#CF9D97	#FCFCFC
1244	#E9CECB	#FEFEFE
1245	#E5E2F1	#FEFEFE
1246	#F7EDEC	#FFFFFF
1247	#E4C5C0	#FDFDFD
1248	#E6C8C5	#FDFDFD
1249	#FDFBFB	#FFFFFF
1250	#E2C0BB	#FDFDFD
1251	#FBF6F6	#FFFFFF
1252	#EAE7F4	#FEFEFE
1253	#E6E2F1	#FEFEFE
1254	#F4E6E4	#FEFEFE
1255	#FAF9FC	#FFFFFF
1256	#E3C3BF	#FDFDFD
1257	#F8EEED	#FFFFFF
1258	#F7EEEC	#FFFFFF
1259	#EDEBF5	#FEFEFE
1260	#E9CECA	#FEFEFE
1261	#FCFCFE	#FFFFFF
1262	#DDD8ED	#FEFEFE
1264	#FDFBFA	#FFFFFF
1265	#FEFEFE	#FFFFFF
1266	#F8F7FB	#FFFFFF
1267	#F6F5FA	#FFFFFF
1268	#E4E1F1	#FEFEFE
1269	#D8D3EA	#FDFDFD
1270	#FBF6F6	#FFFFFF
1271	#D5CFE8	#FDFDFD
1272	#FBF7F6	#FFFFFF
1273	#EBD4D0	#FEFEFE
1274	#D7D2EA	#FDFDFD
1275	#E2C1BC	#FDFDFD
1276	#DBD6EC	#FEFEFE
1277	#D9B0AA	#FDFDFD
1278	#FBF6F5	#FFFFFF
1279	#FEFCFC	#FFFFFF
1280	#FDFCFE	#FFFFFF
1281	#E9CECA	#FDFDFD
1282	#E5E2F1	#FDFDFD
1283	#F9F1F0	#FFFFFF
1284	#EAE8F4	#FEFEFE
1285	#E2DEEF	#FDFDFD
1286	#F4E5E4	#FEFEFE
1287	#FBF6F5	#FFFFFF
1288	#EFDCD9	#FEFEFE
1289	#F7ECEB	#FEFEFE
1290	#CC9790	#FCFCFC
1291	#DEDAED	#FEFEFE
1292	#F1DFDD	#FEFEFE
1293	#F5E8E6	#FEFEFE
1294	#C48982	#FBFBFB
1295	#FBFAFD	#FFFFFF
1296	#DFBBB7	#FCFCFC
1297	#FAF9FC	#FFFFFF
1298	#EFECF6	#FEFEFE
1299	#E4C4BF	#FDFDFD
1300	#E2C0BC	#FDFDFD
1301	#F8EEED	#FFFFFF
1302	#FEFCFC	#FFFFFF
1303	#D9B0AB	#FDFDFD
1304	#FFFFFF	#FFFFFF
1305	#EDEAF5	#FEFEFE
1306	#EFEDF6	#FFFFFF
1307	#F7EDEB	#FFFFFF
1309	#FFFFFF	#FFFFFF
1310	#FEFDFE	#FFFFFF
1311	#F6EAE9	#FEFEFE
1312	#F5F4FA	#FFFFFF
1313	#E4E0F0	#FEFEFE
1314	#F7EDEC	#FFFFFF
1315	#F8F7FB	#FFFFFF
1316	#FCFCFD	#FFFFFF
1317	#E6E2F1	#FEFEFE
1318	#EBE8F4	#FEFEFE
1319	#EDEAF5	#FEFEFE
1320	#F8F7FB	#FFFFFF
1321	#F9F8FC	#FFFFFF
1322	#F7ECEB	#FFFFFF
1323	#DEDAED	#FDFDFD
1324	#F7EDEB	#FFFFFF
1325	#FBF7F6	#FFFFFF
1326	#DBD7EC	#FEFEFE
1327	#EBD2CF	#FDFDFD
1328	#E3C3BF	#FDFDFD
1329	#FFFFFF	#FFFFFF
1330	#E6C9C5	#FDFDFD
1331	#E2C1BC	#FDFDFD
1332	#DED9ED	#FDFDFD
1333	#D4CEE7	#FDFDFD
1334	#F3E5E3	#FEFEFE
1335	#FDFBFA	#FFFFFF
1336	#F9F8FC	#FFFFFF
1337	#FBF7F6	#FFFFFF
1338	#DED9ED	#FDFDFD
1339	#E4C4C0	#FDFDFD
1340	#F0DDDA	#FEFEFE
1341	#FDFBFA	#FFFFFF
1342	#D9B0AB	#FDFDFD
1343	#EDD6D3	#FEFEFE
1344	#F1E0DE	#FEFEFE
1345	#D3A59F	#FCFCFC
1346	#E6C8C4	#FDFDFD
1347	#E1BEB9	#FEFEFE
1348	#E8CECA	#FEFEFE
1349	#F2E2E0	#FEFEFE
1350	#D9AFAA	#FDFDFD
1351	#D9B0AA	#FDFDFD
1352	#F1E0DD	#FEFEFE
1353	#EDEBF5	#FEFEFE
1354	#EFECF6	#FEFEFE
1355	#F8EEED	#FFFFFF
1356	#E8E5F3	#FEFEFE
1357	#FBF6F5	#FFFFFF
1358	#C4BDDF	#FCFCFC
1359	#F8EEED	#FEFEFE
1360	#FAF9FC	#FFFFFF
1361	#FFFFFF	#FFFFFF
1362	#E6C8C4	#FDFDFD
1363	#E9E5F3	#FEFEFE
1365	#DFDAEE	#FEFEFE
1366	#F7ECEB	#FEFEFE
1367	#A79DCF	#FBFBFB
1368	#EDEAF5	#FEFEFE
1369	#FBFBFD	#FFFFFF
1370	#F4E6E4	#FEFEFE
1371	#F7EDEB	#FFFFFF
1372	#EDD6D3	#FEFEFE
1373	#C4BCDF	#FCFCFC
1374	#E4E0F0	#FEFEFE
1375	#F1E0DE	#FEFEFE
1376	#E6E3F2	#FEFEFE
1377	#F6F4FA	#FFFFFF
1378	#BDB5DB	#FCFCFC
1379	#EEECF6	#FFFFFF
1380	#A096CB	#FBFBFB
1381	#F1DFDD	#FEFEFE
1382	#F5E7E5	#FEFEFE
1383	#FAF9FC	#FFFFFF
1384	#F2E1DF	#FEFEFE
1385	#F2F1F8	#FFFFFF
1386	#FBF7F6	#FFFFFF
1387	#FEFDFD	#FFFFFF
1388	#F6EAE9	#FEFEFE
1389	#FAFAFC	#FFFFFF
1390	#EEECF6	#FFFFFF
1391	#FBFAFD	#FFFFFF
1392	#F6F5FA	#FFFFFF
1393	#E1BEBA	#FEFEFE
1394	#EDD6D3	#FEFEFE
1395	#EFECF6	#FFFFFF
1396	#ECD5D3	#FEFEFE
1397	#F4E6E4	#FEFEFE
1398	#ECD5D2	#FEFEFE
1399	#DBD6EC	#FEFEFE
1400	#ECD5D2	#FEFEFE
1401	#F9F9FC	#FFFFFF
1402	#F1E0DD	#FEFEFE
1403	#D5CFE8	#FDFDFD
1404	#F1DFDD	#FEFEFE
1405	#ECD5D2	#FEFEFE
1406	#FDFBFA	#FFFFFF
1407	#EFDCD9	#FEFEFE
1408	#F8EEED	#FEFEFE
1410	#E9CECA	#FEFEFE
1411	#E4E1F1	#FEFEFE
1412	#F1DFDD	#FEFEFE
1413	#FAF4F4	#FFFFFF
1414	#FEFEFD	#FFFFFF
1415	#EFDBD8	#FEFEFE
1416	#F9F1F0	#FFFFFF
1417	#FAF4F3	#FFFFFF
1418	#FBF6F6	#FFFFFF
1419	#E4E0F0	#FEFEFE
1420	#D3CEE7	#FDFDFD
1421	#F2F1F8	#FFFFFF
1422	#FAFAFD	#FFFFFF
1423	#ECD5D2	#FEFEFE
1424	#D0CAE6	#FCFCFC
1425	#FAFAFC	#FFFFFF
1426	#C3BBDE	#FDFDFD
1427	#E5E1F1	#FEFEFE
1428	#DDD8EC	#FDFDFD
1429	#F7EDEC	#FFFFFF
1430	#FCFBFD	#FFFFFF
1431	#FAF4F3	#FFFFFF
1432	#F4E6E4	#FEFEFE
1433	#D8D3EA	#FDFDFD
1434	#F9F2F1	#FFFFFF
1435	#FBF6F5	#FFFFFF
1436	#DFBBB7	#FCFCFC
1437	#F1E0DD	#FEFEFE
1438	#EDD6D3	#FEFEFE
1439	#FBF6F5	#FFFFFF
1440	#FAFAFC	#FFFFFF
1441	#CF9D97	#FCFCFC
1442	#EDEBF6	#FEFEFE
1443	#FBFAFD	#FFFFFF
1444	#F3E5E3	#FEFEFE
1445	#F7EDEB	#FFFFFF
1446	#F2F0F8	#FEFEFE
1447	#CC9891	#FCFCFC
1448	#ECD5D2	#FEFEFE
1449	#CF9E97	#FCFCFC
1450	#F5E7E6	#FEFEFE
1451	#F4E6E4	#FEFEFE
1452	#FBF6F5	#FFFFFF
1453	#E9CECA	#FEFEFE
1454	#E4E0F0	#FEFEFE
1455	#E6C8C4	#FDFDFD
1456	#ECD5D2	#FEFEFE
1457	#FBFBFD	#FFFFFF
1458	#C9928B	#FBFBFB
1459	#9A90C8	#FAFAFA
1460	#FBF6F6	#FFFFFF
1461	#ECD6D3	#FEFEFE
1462	#FFFEFE	#FFFFFF
1463	#F8EFED	#FEFEFE
1464	#FFFFFF	#FFFFFF
1466	#F7ECEB	#FFFFFF
1467	#FAF4F3	#FFFFFF
1468	#E7E3F2	#FEFEFE
1469	#F0DEDC	#FEFEFE
1470	#DFDAED	#FEFEFE
1471	#F2E1DE	#FEFEFE
1472	#ECD5D2	#FEFEFE
1473	#EAD2CE	#FDFDFD
1474	#E5E1F1	#FDFDFD
1475	#F5E9E8	#FEFEFE
1476	#ECE9F4	#FEFEFE
1477	#FAF9FC	#FFFFFF
1478	#FDFDFE	#FFFFFF
1479	#FAF9FC	#FFFFFF
1480	#DBD7EC	#FEFEFE
1481	#D7D2E9	#FDFDFD
1482	#EDEBF5	#FEFEFE
1483	#FBF6F6	#FFFFFF
1484	#F6F4FA	#FFFFFF
1485	#F3F1F8	#FEFEFE
1486	#FBF6F5	#FFFFFF
1487	#F7F5FA	#FFFFFF
1488	#F2F0F8	#FFFFFF
1489	#F9F2F1	#FFFFFF
1490	#F9F9FC	#FFFFFF
1491	#FFFFFF	#FFFFFF
1492	#F7EDEC	#FEFEFE
1493	#F9F8FC	#FFFFFF
1494	#EEECF6	#FEFEFE
1495	#E6C8C4	#FDFDFD
1496	#DFBCB7	#FCFCFC
1497	#F9F0EF	#FFFFFF
1498	#F9F2F1	#FFFFFF
1499	#DCD8EC	#FEFEFE
1500	#EFDCDA	#FEFEFE
1501	#EDEAF5	#FEFEFE
1502	#EED9D6	#FEFEFE
1503	#D5CFE8	#FEFEFE
1504	#F8EEED	#FFFFFF
1505	#FBF6F5	#FFFFFF
1506	#FAF9FC	#FFFFFF
1507	#EED8D6	#FEFEFE
1508	#DCD8EC	#FEFEFE
1509	#F6F5FA	#FFFFFF
1511	#E0BDB9	#FDFDFD
1512	#F2F0F8	#FFFFFF
1513	#FFFEFE	#FFFFFF
1514	#F6EAE8	#FEFEFE
1515	#F1EFF8	#FEFEFE
1516	#EEECF6	#FEFEFE
1517	#FEFCFC	#FFFFFF
1518	#F3F1F8	#FFFFFF
1519	#F9F2F1	#FFFFFF
1520	#F7EDEB	#FEFEFE
1521	#E6C8C5	#FDFDFD
1522	#EAE7F4	#FEFEFE
1523	#FFFEFE	#FFFFFF
1524	#EBE8F4	#FEFEFE
1525	#F5F4FA	#FFFFFF
1526	#FAF4F4	#FFFFFF
1527	#F6F5FA	#FFFFFF
1528	#C3BBDE	#FDFDFD
1529	#EED9D7	#FEFEFE
1530	#E8E5F3	#FEFEFE
1531	#F4E5E4	#FEFEFE
1532	#D4A5A0	#FCFCFC
1533	#F2F0F8	#FFFFFF
1534	#E5E1F1	#FEFEFE
1535	#F9F1F0	#FFFFFF
1536	#F7F5FA	#FFFFFF
1537	#F7EDEB	#FFFFFF
1538	#D3CEE7	#FDFDFD
1539	#F9F8FC	#FFFFFF
1540	#ECD5D3	#FEFEFE
1541	#F3E4E2	#FEFEFE
1542	#D4A59F	#FCFCFC
1543	#FBF6F5	#FFFFFF
1544	#F6F4FA	#FFFFFF
1545	#F7EEEC	#FFFFFF
1546	#F1E0DE	#FEFEFE
1547	#FBF6F6	#FFFFFF
1548	#FBF6F5	#FFFFFF
1549	#FBFAFD	#FFFFFF
1550	#E1BEBA	#FDFDFD
1551	#F2F0F8	#FFFFFF
1552	#F6F5FA	#FFFFFF
1553	#E8CDCA	#FEFEFE
1554	#FBFAFD	#FFFFFF
1555	#F9F9FC	#FFFFFF
1556	#F2F0F8	#FFFFFF
1557	#F1DFDD	#FEFEFE
1558	#D3CDE7	#FDFDFD
1559	#EFECF6	#FEFEFE
1560	#EDEAF5	#FEFEFE
1561	#F5F4FA	#FFFFFF
1562	#EDD6D3	#FEFEFE
1563	#F9F8FC	#FFFFFF
1564	#E2C1BD	#FDFDFD
1565	#E6C8C4	#FDFDFD
1567	#CCC5E3	#FDFDFD
1568	#F9F9FC	#FFFFFF
1569	#F9F1F0	#FFFFFF
1570	#F2F0F8	#FFFFFF
1571	#F7ECEB	#FFFFFF
1572	#FCFCFD	#FFFFFF
1573	#FAF4F3	#FFFFFF
1574	#EEEBF6	#FEFEFE
1575	#F7EDEC	#FFFFFF
1576	#C7C0E1	#FCFCFC
1577	#F7ECEB	#FFFFFF
1578	#DEDAED	#FDFDFD
1579	#F2F0F8	#FFFFFF
1580	#F1E0DD	#FEFEFE
1581	#FCFBFD	#FFFFFF
1582	#F6F5FA	#FFFFFF
1583	#CF9E97	#FCFCFC
1584	#FDFBFB	#FFFFFF
1585	#F1E0DD	#FEFEFE
1586	#B7AED8	#FBFBFB
1587	#BDB5DB	#FCFCFC
1588	#F6F4FA	#FFFFFF
1589	#FFFFFF	#FFFFFF
1590	#FDFBFA	#FFFFFF
1591	#E2C1BC	#FDFDFD
1592	#FEFDFE	#FFFFFF
1593	#EFECF6	#FEFEFE
1594	#ECD5D2	#FEFEFE
1595	#EDEBF5	#FEFEFE
1596	#FEFDFD	#FFFFFF
1597	#E6C8C4	#FDFDFD
1598	#F7ECEB	#FFFFFF
1599	#E8E5F3	#FEFEFE
1600	#E3C3BF	#FDFDFD
1601	#F7EEEC	#FFFFFF
1602	#F9F9FC	#FFFFFF
1603	#FBFBFD	#FFFFFF
1604	#F1DFDD	#FEFEFE
1605	#F7EDEB	#FFFFFF
1606	#F6F5FA	#FFFFFF
1607	#E8CDC9	#FEFEFE
1608	#F4E6E4	#FEFEFE
1609	#FAF9FC	#FFFFFF
1610	#FDFBFA	#FFFFFF
1612	#FBFAFD	#FFFFFF
1613	#EDD7D4	#FDFDFD
1614	#FAF3F2	#FFFFFF
1615	#EBE8F4	#FEFEFE
1616	#DCD7EC	#FEFEFE
1617	#F0DDDA	#FEFEFE
1618	#F6F5FA	#FFFFFF
1619	#E6C8C4	#FDFDFD
1620	#FCF8F8	#FFFFFF
1621	#EBD2CF	#FDFDFD
1622	#DCD7EC	#FEFEFE
1623	#F2F0F8	#FFFFFF
1624	#D5CFE8	#FDFDFD
1625	#FEFDFD	#FFFFFF
1626	#E9CECA	#FEFEFE
1627	#F6F5FA	#FFFFFF
1628	#FEFCFC	#FFFFFF
1629	#D8D3EA	#FDFDFD
1630	#E3C3BF	#FDFDFD
1631	#F8EEED	#FFFFFF
1632	#DED9ED	#FDFDFD
1633	#F5F3FA	#FEFEFE
1634	#FBF6F6	#FFFFFF
1635	#EFDCD9	#FEFEFE
1636	#EBD4D0	#FEFEFE
1637	#E6C8C4	#FDFDFD
1638	#EAE7F4	#FEFEFE
1639	#FCF8F7	#FFFFFF
1640	#E6E2F1	#FEFEFE
1641	#F6EAE8	#FEFEFE
1642	#E5E1F1	#FEFEFE
1643	#D4CEE7	#FDFDFD
1644	#F2F0F8	#FEFEFE
1645	#F3F1F8	#FEFEFE
1646	#E4E0F0	#FEFEFE
1647	#DFBCB7	#FCFCFC
1648	#DEB9B4	#FCFCFC
1649	#F1E0DE	#FEFEFE
1650	#DEB9B5	#FCFCFC
1651	#FBF7F6	#FFFFFF
1652	#EEDAD7	#FEFEFE
1653	#E0BDB9	#FDFDFD
1655	#FEFDFD	#FFFFFF
1656	#FBF5F5	#FFFFFF
1657	#EBD4D0	#FEFEFE
1658	#F6F4FA	#FFFFFF
1659	#F1E0DE	#FEFEFE
1660	#ECD6D3	#FEFEFE
1661	#F9F9FC	#FFFFFF
1662	#F1E1DE	#FEFEFE
1663	#DEB9B4	#FCFCFC
1664	#F9F0EF	#FFFFFF
1665	#FFFFFF	#FFFFFF
1666	#F1E0DE	#FEFEFE
1668	#F8EEED	#FFFFFF
1669	#F2F0F8	#FEFEFE
1670	#F0DDDA	#FEFEFE
1671	#F9F9FC	#FFFFFF
1672	#DCB5B0	#FCFCFC
1673	#D3CDE7	#FCFCFC
1674	#F9F1F0	#FFFFFF
1675	#F3F1F8	#FFFFFF
1676	#F1DFDD	#FEFEFE
1677	#CEC8E4	#FDFDFD
1678	#F9F1F0	#FFFFFF
1679	#FEFEFD	#FFFFFF
1680	#CF9D97	#FCFCFC
1681	#F4E5E3	#FEFEFE
1682	#CF9D97	#FCFCFC
1683	#F7F5FA	#FFFFFF
1684	#FBFAFD	#FFFFFF
1685	#EEECF6	#FFFFFF
1686	#F2F0F8	#FEFEFE
1687	#FAF9FC	#FFFFFF
1688	#F7ECEB	#FFFFFF
1689	#E2C1BC	#FDFDFD
1690	#FAFAFD	#FFFFFF
1691	#F6EAE8	#FEFEFE
1692	#E9CECA	#FEFEFE
1693	#FDFAFA	#FFFFFF
1694	#F7ECEA	#FFFFFF
1695	#EFECF6	#FFFFFF
1696	#E6C9C5	#FDFDFD
1697	#F9F9FC	#FFFFFF
1698	#FEFDFD	#FFFFFF
1699	#F6F5FA	#FFFFFF
1700	#FAF9FC	#FFFFFF
1701	#D9AFAA	#FDFDFD
1702	#FFFEFE	#FFFFFF
1703	#CBC4E3	#FDFDFD
1704	#EBD4D0	#FEFEFE
1705	#FBF6F5	#FFFFFF
1706	#F9F1F0	#FFFFFF
1707	#F8EEED	#FFFFFF
1708	#F7ECEB	#FFFFFF
1709	#FEFEFD	#FFFFFF
1710	#EFECF6	#FFFFFF
1711	#EEECF6	#FEFEFE
1713	#CC9791	#FCFCFC
1714	#FBF6F6	#FFFFFF
1715	#E1BEB9	#FEFEFE
1716	#EBE8F4	#FEFEFE
1717	#E7CBC8	#FDFDFD
1718	#F6F5FA	#FFFFFF
1719	#FEFDFC	#FFFFFF
1720	#E8CDC9	#FEFEFE
1721	#EDD6D3	#FEFEFE
1722	#FBFAFD	#FFFFFF
1723	#FBFAFD	#FFFFFF
1724	#FCF9F9	#FFFFFF
1725	#FEFEFE	#FFFFFF
1726	#EAE7F4	#FEFEFE
1727	#F8F7FB	#FFFFFF
1728	#D7D2E9	#FDFDFD
1729	#FBF6F5	#FFFFFF
1730	#F4E5E3	#FEFEFE
1731	#FBF6F5	#FFFFFF
1732	#E8E5F3	#FEFEFE
1733	#F9F8FC	#FFFFFF
1734	#FAF9FC	#FFFFFF
1735	#FFFEFE	#FFFFFF
1736	#F2E1DF	#FEFEFE
1737	#F4E5E3	#FEFEFE
1738	#E1BEBA	#FEFEFE
1739	#FBF7F6	#FFFFFF
1740	#EED9D6	#FEFEFE
1741	#ECE9F5	#FEFEFE
1742	#E1BEB9	#FDFDFD
1743	#EFECF6	#FEFEFE
1744	#CF9D97	#FCFCFC
1745	#E5C8C4	#FDFDFD
1746	#FBFAFD	#FFFFFF
1747	#E5E1F1	#FEFEFE
1748	#FBFBFD	#FFFFFF
1749	#F9F8FC	#FFFFFF
1750	#EEECF6	#FFFFFF
1751	#F2F0F8	#FFFFFF
1752	#F1E0DD	#FEFEFE
1753	#FBF6F5	#FFFFFF
1754	#EFECF6	#FEFEFE
1755	#F8EEED	#FFFFFF
1756	#EBD4D0	#FEFEFE
1757	#F6F5FA	#FFFFFF
1758	#E8E5F3	#FEFEFE
1759	#E8E5F3	#FEFEFE
1760	#F6F4FA	#FFFFFF
1761	#C3BBDE	#FDFDFD
1762	#F5E9E7	#FEFEFE
1763	#F5E7E6	#FEFEFE
1764	#FBFAFD	#FFFFFF
1765	#DDB7B3	#FCFCFC
1766	#F4E7E5	#FEFEFE
1767	#FDF9F9	#FFFFFF
1769	#FDFBFB	#FFFFFF
1770	#FBF6F5	#FFFFFF
1771	#F9F2F1	#FFFFFF
1772	#F4E7E5	#FEFEFE
1773	#F3E5E3	#FEFEFE
1774	#E7E3F2	#FEFEFE
1775	#EFEDF7	#FEFEFE
1776	#F9F1F0	#FFFFFF
1777	#F9F1F0	#FFFFFF
1778	#FCF7F7	#FFFFFF
1779	#F7ECEB	#FFFFFF
1780	#CBC5E3	#FCFCFC
1781	#DCD7EC	#FEFEFE
1782	#F6EAE8	#FEFEFE
1783	#FBF6F5	#FFFFFF
1784	#FAF9FC	#FFFFFF
1785	#FBFAFD	#FFFFFF
1786	#FFFFFF	#FFFFFF
1787	#F8EEED	#FFFFFF
1788	#FBFAFD	#FFFFFF
1789	#FBFAFD	#FFFFFF
1790	#F1E0DE	#FEFEFE
1791	#FCF7F7	#FFFFFF
1792	#FBFAFD	#FFFFFF
1793	#CB9690	#FCFCFC
1794	#F1EFF8	#FFFFFF
1795	#F9F1F0	#FFFFFF
1796	#EFDCD9	#FEFEFE
1797	#C4BCDF	#FCFCFC
1798	#ECD4D1	#FDFDFD
1799	#FEFDFC	#FFFFFF
1800	#F9F0EF	#FFFFFF
1801	#E6C9C5	#FDFDFD
1802	#CBC4E3	#FCFCFC
1803	#DFBCB7	#FCFCFC
1804	#FBF5F5	#FFFFFF
1805	#F1DFDD	#FEFEFE
1806	#D5CFE8	#FEFEFE
1807	#D4A59F	#FCFCFC
1808	#E4E1F1	#FEFEFE
1809	#F4E6E4	#FEFEFE
1810	#D3CDE7	#FDFDFD
1811	#F8EEED	#FFFFFF
1812	#E6C8C4	#FDFDFD
1814	#F1DFDD	#FEFEFE
1815	#C9928B	#FBFBFB
1816	#F9F8FC	#FFFFFF
1817	#E1BEBA	#FDFDFD
1818	#F5E7E6	#FEFEFE
1819	#FDFBFB	#FFFFFF
1820	#F8EEED	#FFFFFF
1821	#FBFBFD	#FFFFFF
1822	#E5C7C3	#FDFDFD
1823	#F8EEED	#FEFEFE
1824	#F8EEED	#FEFEFE
1825	#C9C2E2	#FBFBFB
1826	#F8F7FB	#FFFFFF
1827	#F1E0DE	#FEFEFE
1828	#F1DFDD	#FEFEFE
1829	#FBF5F4	#FFFFFF
1830	#ECE9F5	#FEFEFE
1831	#FFFEFE	#FFFFFF
1832	#E8CDCA	#FEFEFE
1833	#DEDAED	#FEFEFE
1834	#FEFCFC	#FFFFFF
1835	#FAF9FC	#FFFFFF
1836	#F6F4FA	#FFFFFF
1837	#F0DCDA	#FEFEFE
1838	#ECD6D3	#FEFEFE
1839	#D3A59F	#FCFCFC
1840	#EBD4D0	#FEFEFE
1841	#C1847D	#FAFAFA
1842	#F7EDEB	#FFFFFF
1843	#DFBBB7	#FCFCFC
1844	#F5E7E6	#FEFEFE
1845	#E5E1F1	#FEFEFE
1846	#EAE7F3	#FEFEFE
1847	#DED9ED	#FEFEFE
1848	#E9E6F3	#FEFEFE
1849	#D3A59F	#FCFCFC
1850	#C9928B	#FBFBFB
1851	#F9F1F0	#FFFFFF
1852	#E5E1F1	#FEFEFE
1853	#FDFBFB	#FFFFFF
1854	#F6EAE9	#FEFEFE
1855	#E2C1BC	#FDFDFD
1856	#F7ECEB	#FFFFFF
1857	#E1BEBA	#FEFEFE
1858	#F1DFDD	#FEFEFE
1859	#E1BEBA	#FEFEFE
1860	#FAFAFC	#FFFFFF
1861	#FBF7F6	#FFFFFF
1862	#F8EEED	#FFFFFF
1863	#C3BBDE	#FDFDFD
1864	#FDFBFB	#FFFFFF
1865	#ECD5D3	#FEFEFE
1866	#F6F5FA	#FFFFFF
1867	#E5E1F1	#FEFEFE
1868	#E8E5F3	#FEFEFE
1870	#E8CDC9	#FDFDFD
1871	#F1E0DE	#FEFEFE
1872	#F4E6E4	#FEFEFE
1873	#FFFEFE	#FFFFFF
1874	#E4C4C0	#FDFDFD
1875	#EEEBF6	#FEFEFE
1876	#FDFCFE	#FFFFFF
1877	#F8F7FB	#FFFFFF
1878	#F7ECEB	#FEFEFE
1879	#F7F5FA	#FFFFFF
1880	#ECD4D1	#FDFDFD
1881	#CBC5E3	#FCFCFC
1882	#F4E6E4	#FEFEFE
1883	#ECD5D2	#FEFEFE
1884	#ECD5D2	#FEFEFE
1885	#F4E7E5	#FEFEFE
1886	#D5CFE8	#FEFEFE
1887	#F1E0DD	#FEFEFE
1888	#EBD3D0	#FDFDFD
1889	#E5C7C3	#FDFDFD
1890	#F4E6E4	#FEFEFE
1891	#E6C9C5	#FDFDFD
1892	#F2F1F8	#FFFFFF
1893	#E9CECA	#FDFDFD
1894	#F2F0F8	#FFFFFF
1895	#F9F1EF	#FFFFFF
1896	#FBF7F6	#FFFFFF
1897	#F4E5E3	#FEFEFE
1898	#FCFBFD	#FFFFFF
1899	#FAF9FC	#FFFFFF
1900	#F4E6E4	#FEFEFE
1901	#F9F1F0	#FFFFFF
1902	#E6C8C4	#FDFDFD
1903	#F8EEED	#FFFFFF
1904	#F3E4E3	#FEFEFE
1905	#F6EAE9	#FEFEFE
1906	#F7ECEA	#FFFFFF
1907	#F3E4E2	#FEFEFE
1908	#E2C0BB	#FDFDFD
1909	#FEFDFC	#FFFFFF
1910	#E9CECA	#FEFEFE
1911	#F5F4FA	#FFFFFF
1912	#EEECF6	#FFFFFF
1913	#F4E5E3	#FEFEFE
1915	#EBD4D0	#FEFEFE
1916	#F4E6E4	#FEFEFE
1917	#FDFBFA	#FFFFFF
1918	#F7EEEC	#FFFFFF
1919	#F5F4FA	#FFFFFF
1920	#FBF6F5	#FFFFFF
1921	#F0DEDC	#FDFDFD
1922	#EFEDF6	#FEFEFE
1923	#FBF6F5	#FFFFFF
1924	#EEECF6	#FEFEFE
1925	#FDFBFB	#FFFFFF
1926	#F6EBE9	#FEFEFE
1927	#FEFCFB	#FFFFFF
1928	#ECEAF5	#FEFEFE
1929	#FCFBFD	#FFFFFF
1930	#FDFDFE	#FFFFFF
1931	#F7EDEC	#FEFEFE
1932	#F7EDEB	#FFFFFF
1933	#ECD4D1	#FDFDFD
1934	#F7EDEC	#FEFEFE
1935	#FDFAF9	#FFFFFF
1936	#E6C8C5	#FDFDFD
1937	#D9B0AB	#FDFDFD
1938	#FAFAFC	#FFFFFF
1939	#FBF5F5	#FFFFFF
1940	#EEECF6	#FEFEFE
1941	#C9928B	#FBFBFB
1942	#F7ECEB	#FFFFFF
1943	#F6F5FA	#FFFFFF
1944	#F8EEED	#FFFFFF
1945	#F4E5E4	#FEFEFE
1946	#F6F5FA	#FFFFFF
1947	#C4BCDF	#FCFCFC
1948	#D0CAE6	#FCFCFC
1949	#EFEDF6	#FEFEFE
1950	#F7ECEB	#FFFFFF
1951	#FBF6F5	#FFFFFF
1952	#EFDCD9	#FEFEFE
1953	#E6E3F2	#FEFEFE
1954	#E1BEBA	#FEFEFE
1955	#F3E5E3	#FEFEFE
1956	#F4E7E5	#FEFEFE
1957	#CDC6E4	#FCFCFC
1959	#D4A5A0	#FCFCFC
1960	#F1DFDD	#FEFEFE
1961	#EEECF6	#FFFFFF
1962	#F7EDEB	#FEFEFE
1963	#FBFAFD	#FFFFFF
1964	#FBF6F5	#FFFFFF
1965	#DDB7B2	#FCFCFC
1966	#FAF4F4	#FFFFFF
1967	#FFFEFE	#FFFFFF
1968	#F1E0DE	#FEFEFE
1969	#EFDBD8	#FDFDFD
1971	#EDD6D3	#FEFEFE
1972	#F4E5E4	#FEFEFE
1973	#F3E5E3	#FEFEFE
1974	#FCF8F8	#FFFFFF
1975	#F6EAE8	#FEFEFE
1976	#FAF4F3	#FFFFFF
1977	#EDEAF5	#FEFEFE
1978	#F4E6E4	#FEFEFE
1979	#F6F4FA	#FFFFFF
1980	#EDEAF5	#FEFEFE
1981	#FFFFFF	#FFFFFF
1982	#F6F5FA	#FFFFFF
1983	#EDEBF5	#FEFEFE
1984	#FBF6F6	#FFFFFF
1985	#F4E5E3	#FEFEFE
1986	#EED9D6	#FEFEFE
1987	#F3E4E2	#FEFEFE
1988	#F7ECEB	#FFFFFF
1989	#D9B0AB	#FDFDFD
1990	#FFFFFF	#FFFFFF
1991	#D9B0AA	#FDFDFD
1992	#DFBBB7	#FCFCFC
1993	#FBF5F4	#FFFFFF
1994	#E9CFCC	#FDFDFD
1995	#D4CEE8	#FEFEFE
1996	#DDD8EC	#FEFEFE
1997	#EAE7F4	#FEFEFE
1998	#EFEDF6	#FEFEFE
1999	#D4CEE7	#FDFDFD
2000	#F9F8FC	#FFFFFF
2001	#FBFBFD	#FFFFFF
2002	#FFFFFF	#FFFFFF
2003	#B7AFD8	#FDFDFD
2004	#F9F8FC	#FFFFFF
2005	#EEECF6	#FFFFFF
2006	#E6C8C4	#FDFDFD
2007	#FAFAFC	#FFFFFF
2008	#D1CBE6	#FCFCFC
2009	#CC9791	#FCFCFC
2010	#D9B0AB	#FDFDFD
2011	#F6F4FA	#FFFFFF
2012	#FBF6F5	#FFFFFF
2013	#F6F4FA	#FFFFFF
2014	#F4E5E4	#FEFEFE
2016	#F4E5E4	#FEFEFE
2017	#F2F0F8	#FFFFFF
2018	#E4C4C0	#FDFDFD
2019	#F6F5FA	#FFFFFF
2020	#FFFFFF	#FFFFFF
2021	#EFDCDA	#FEFEFE
2022	#E4C4C0	#FDFDFD
2023	#E7CCC8	#FDFDFD
2024	#EDD7D4	#FDFDFD
2025	#DDD9ED	#FDFDFD
2026	#FDFAFA	#FFFFFF
2027	#D3CDE7	#FDFDFD
2028	#F0DDDB	#FEFEFE
2029	#FEFEFE	#FFFFFF
2030	#F9F1F0	#FEFEFE
2031	#F8F7FB	#FFFFFF
2032	#E3C4BF	#FDFDFD
2033	#F1E0DE	#FEFEFE
2034	#DBB3AE	#FCFCFC
2035	#EFEDF6	#FEFEFE
2036	#F6F5FA	#FFFFFF
2037	#CBC5E3	#FDFDFD
2038	#E6E2F1	#FEFEFE
2039	#EBD4D0	#FEFEFE
2040	#CF9D97	#FCFCFC
2041	#CBC5E3	#FDFDFD
2042	#C5BEDF	#FCFCFC
2043	#F5F4FA	#FFFFFF
2044	#F8EEED	#FFFFFF
2045	#D9B0AB	#FDFDFD
2046	#F2F0F8	#FEFEFE
2047	#F6EAE8	#FEFEFE
2048	#FBF6F5	#FFFFFF
2049	#EFEDF6	#FEFEFE
2050	#F9F8FC	#FFFFFF
2051	#BEB6DC	#FCFCFC
2052	#EEECF6	#FFFFFF
2053	#FBF7F6	#FFFFFF
2054	#FBFAFD	#FFFFFF
2055	#FEFCFC	#FFFFFF
2056	#E1BEBA	#FDFDFD
2057	#FBF6F5	#FFFFFF
2058	#E4C4C0	#FDFDFD
2059	#D9B0AB	#FDFDFD
2060	#F2E2E0	#FEFEFE
2061	#D4CFE8	#FDFDFD
2062	#FBFBFD	#FFFFFF
2063	#FBFAFD	#FFFFFF
2064	#EEEBF6	#FFFFFF
2065	#FAF9FC	#FFFFFF
2066	#E8CDCA	#FEFEFE
2067	#F1DFDD	#FEFEFE
2068	#E3C4BF	#FDFDFD
2069	#C9928B	#FBFBFB
2070	#C78E87	#FBFBFB
2072	#E6C9C5	#FDFDFD
2073	#F2E2E0	#FEFEFE
2074	#F2E2E0	#FEFEFE
2075	#FBF6F6	#FFFFFF
2076	#EFEDF6	#FEFEFE
2077	#FBF6F6	#FFFFFF
2078	#F5E9E7	#FEFEFE
2079	#FBF6F5	#FFFFFF
2080	#EFDAD8	#FDFDFD
2081	#FFFEFE	#FFFFFF
2082	#E9CECA	#FEFEFE
2083	#FEFDFC	#FFFFFF
2084	#C48A83	#FBFBFB
2085	#F9F1F0	#FFFFFF
2086	#F6F4FA	#FFFFFF
2087	#ECD5D2	#FEFEFE
2088	#CF9D97	#FCFCFC
2089	#DCD7EC	#FEFEFE
2090	#E1BEBA	#FEFEFE
2091	#D9B0AB	#FDFDFD
2092	#F8EEED	#FEFEFE
2093	#ECD5D2	#FEFEFE
2094	#D3A59F	#FCFCFC
2095	#C9928B	#FBFBFB
2096	#EED9D6	#FEFEFE
2097	#CEC7E4	#FDFDFD
2098	#FFFFFF	#FFFFFF
2099	#E8E5F3	#FEFEFE
2100	#FAF9FC	#FFFFFF
2101	#F9F8FC	#FFFFFF
2102	#D4CEE8	#FDFDFD
2103	#D3CEE7	#FDFDFD
2104	#EEECF6	#FFFFFF
2105	#EED8D6	#FEFEFE
2106	#ECD5D2	#FEFEFE
2107	#F3E5E3	#FEFEFE
2108	#FBF7F6	#FFFFFF
2109	#CBC5E3	#FDFDFD
2110	#FBF6F5	#FFFFFF
2111	#F9F8FC	#FFFFFF
2112	#FBF6F6	#FFFFFF
2113	#FBF5F5	#FFFFFF
2114	#F5E7E5	#FEFEFE
2115	#FBFAFD	#FFFFFF
2117	#FAF9FC	#FFFFFF
2118	#F4E5E3	#FEFEFE
2119	#F1E0DE	#FEFEFE
2120	#FDFAFA	#FFFFFF
2121	#F5E9E8	#FEFEFE
2122	#CB9690	#FCFCFC
2123	#F3E4E2	#FEFEFE
2124	#DCB6B1	#FCFCFC
2125	#E2C0BC	#FDFDFD
2126	#F9F1F0	#FFFFFF
2127	#F9F1F0	#FFFFFF
2128	#E5E2F1	#FEFEFE
2129	#E0DCEE	#FDFDFD
2130	#FBF5F4	#FFFFFF
2131	#F3F1F8	#FEFEFE
2132	#E5E2F1	#FEFEFE
2133	#EDD6D3	#FDFDFD
2134	#DEDAED	#FDFDFD
2135	#F1E0DE	#FEFEFE
2136	#ECD5D2	#FEFEFE
2137	#D4CFE8	#FDFDFD
2138	#F9F9FC	#FFFFFF
2139	#D9B0AB	#FDFDFD
2140	#F0EDF7	#FFFFFF
2141	#C3BBDE	#FDFDFD
2142	#F9F1F0	#FFFFFF
2143	#FBF6F5	#FFFFFF
2144	#EFECF6	#FFFFFF
2145	#F7ECEB	#FFFFFF
2146	#C38780	#FAFAFA
2147	#F9F8FC	#FFFFFF
2148	#F9F1F0	#FFFFFF
2149	#F8EEED	#FFFFFF
2150	#F5E7E6	#FEFEFE
2151	#F7EDEB	#FEFEFE
2152	#FAF9FC	#FFFFFF
2153	#ECEAF5	#FEFEFE
2154	#E5E2F1	#FEFEFE
2155	#D4CEE7	#FDFDFD
2156	#EAD2CE	#FDFDFD
2157	#E9CECA	#FEFEFE
2158	#D3A59F	#FCFCFC
2159	#E5E1F1	#FEFEFE
2160	#FAFAFD	#FFFFFF
2161	#C8C1E1	#FCFCFC
2162	#ECD5D2	#FEFEFE
2163	#CF9D97	#FCFCFC
2164	#EED9D6	#FEFEFE
2165	#FBFBFD	#FFFFFF
2166	#F6F5FA	#FFFFFF
2167	#FBF6F6	#FFFFFF
2168	#CF9D97	#FCFCFC
2169	#E6C8C4	#FDFDFD
2170	#F4E6E4	#FEFEFE
2171	#E9E6F3	#FEFEFE
2173	#DDD9ED	#FDFDFD
2174	#E9CECB	#FEFEFE
2175	#EFDCDA	#FEFEFE
2176	#EDD7D4	#FEFEFE
2177	#FFFFFF	#FFFFFF
2178	#FAF4F3	#FFFFFF
2179	#FBF5F5	#FFFFFF
2180	#F9F2F1	#FFFFFF
2181	#EDEBF5	#FEFEFE
2182	#F2F0F8	#FEFEFE
2183	#E4E0F0	#FEFEFE
2184	#BDB5DB	#FCFCFC
2185	#E2C0BC	#FDFDFD
2186	#F6F5FA	#FFFFFF
2187	#C9918B	#FBFBFB
2188	#FBFAFD	#FFFFFF
2189	#F7ECEB	#FFFFFF
2190	#FBF6F6	#FFFFFF
2191	#FBF6F6	#FFFFFF
2192	#F1E0DE	#FEFEFE
2193	#CCC6E3	#FDFDFD
2194	#F0DDDA	#FEFEFE
2195	#E6C8C4	#FDFDFD
2196	#FBFAFD	#FFFFFF
2197	#FFFEFE	#FFFFFF
2198	#FBF6F5	#FFFFFF
2199	#F8EEED	#FFFFFF
2200	#F8EEED	#FFFFFF
2201	#FFFFFF	#FFFFFF
2202	#E5E2F1	#FEFEFE
2203	#E6E2F1	#FEFEFE
2204	#F5E7E5	#FEFEFE
2205	#F4E5E3	#FEFEFE
2206	#F4E5E3	#FEFEFE
2207	#F4E6E4	#FEFEFE
2208	#F7ECEB	#FFFFFF
2209	#CC9790	#FCFCFC
2210	#D9AFAA	#FDFDFD
2211	#E9CECA	#FEFEFE
2212	#F8EEED	#FFFFFF
2213	#FBF6F5	#FFFFFF
2214	#F6F5FA	#FFFFFF
2215	#FBFAFD	#FFFFFF
2216	#F1E0DE	#FEFEFE
2218	#DDD8EC	#FEFEFE
2219	#EBD4D1	#FDFDFD
2220	#FDFBFB	#FFFFFF
2221	#DDD8EC	#FEFEFE
2222	#E6C8C4	#FDFDFD
2223	#F5F4FA	#FFFFFF
2224	#C1847D	#FAFAFA
2225	#FCF7F7	#FFFFFF
2226	#FAF4F4	#FFFFFF
2227	#F6EAE8	#FEFEFE
2228	#F9F0EF	#FFFFFF
2229	#EEECF6	#FEFEFE
2230	#DDD8ED	#FDFDFD
2231	#F9F0EF	#FFFFFF
2232	#F7EDEC	#FEFEFE
2233	#E9E6F3	#FEFEFE
2234	#D9D4EA	#FDFDFD
2235	#FBF7F6	#FFFFFF
2236	#EAE7F3	#FEFEFE
2237	#DEB8B3	#FCFCFC
2238	#F4E5E4	#FEFEFE
2239	#E6E3F2	#FEFEFE
2240	#F7ECEA	#FFFFFF
2241	#F1E0DD	#FEFEFE
2242	#E8E5F3	#FEFEFE
2243	#E1BEB9	#FEFEFE
2244	#F1E0DD	#FEFEFE
2245	#FAF9FC	#FFFFFF
2246	#E9CECB	#FEFEFE
2247	#E9D0CC	#FDFDFD
2248	#F1DFDD	#FEFEFE
2249	#D3CEE7	#FDFDFD
2250	#EFEDF6	#FEFEFE
2251	#FBF6F6	#FFFFFF
2252	#BDB5DB	#FBFBFB
2253	#E4E1F1	#FEFEFE
2254	#F9F1F0	#FFFFFF
2255	#F9F9FC	#FFFFFF
2256	#F9F8FC	#FFFFFF
2257	#D3CDE7	#FDFDFD
2258	#CB9790	#FCFCFC
2259	#F9F9FC	#FFFFFF
2260	#DCD7EC	#FEFEFE
2261	#F6EAE9	#FEFEFE
2262	#E6C8C5	#FDFDFD
2263	#ECD6D3	#FEFEFE
2264	#FCFBFD	#FFFFFF
2265	#D4CFE8	#FEFEFE
2266	#FEFDFD	#FFFFFF
2267	#FBFAFD	#FFFFFF
2268	#F0DCDA	#FEFEFE
2269	#FBF6F5	#FFFFFF
2270	#E9CECB	#FEFEFE
2271	#F6F4FA	#FFFFFF
2272	#EAD2CE	#FDFDFD
2274	#F4E6E4	#FEFEFE
2275	#F1E0DE	#FEFEFE
2276	#EFECF6	#FEFEFE
2277	#F9F9FC	#FFFFFF
2278	#E4C4C0	#FDFDFD
2279	#DFBBB6	#FCFCFC
2280	#F9F1F0	#FFFFFF
2281	#F6F5FA	#FFFFFF
2282	#EBD3D0	#FEFEFE
2283	#F1E0DE	#FEFEFE
2284	#EFEDF7	#FEFEFE
2285	#F2F0F8	#FEFEFE
2286	#E6C8C4	#FDFDFD
2287	#E9E5F3	#FEFEFE
2288	#EFDBD9	#FEFEFE
2289	#FAFAFC	#FFFFFF
2290	#FEFDFC	#FFFFFF
2291	#F7EDEC	#FEFEFE
2292	#C2867F	#FAFAFA
2293	#FFFFFF	#FFFFFF
2294	#F8EEED	#FFFFFF
2295	#FBFAFD	#FFFFFF
2296	#FCF7F7	#FFFFFF
2297	#ECD5D2	#FEFEFE
2298	#D3CDE7	#FDFDFD
2299	#E5E1F1	#FEFEFE
2300	#ECD5D2	#FEFEFE
2301	#F2F0F8	#FFFFFF
2302	#EEECF6	#FFFFFF
2303	#D9B0AB	#FDFDFD
2304	#C48A83	#FBFBFB
2305	#F7ECEB	#FFFFFF
2306	#EFEDF6	#FEFEFE
2307	#F7EDEC	#FFFFFF
2308	#F9F0EF	#FFFFFF
2309	#EED9D6	#FEFEFE
2310	#F2E1DF	#FEFEFE
2311	#E3DFF0	#FEFEFE
2312	#ECD6D3	#FEFEFE
2313	#FFFFFF	#FFFFFF
2314	#EDD6D3	#FEFEFE
2315	#F7EDEC	#FFFFFF
2316	#E6C8C4	#FDFDFD
2317	#FAF9FC	#FFFFFF
2319	#CF9D97	#FCFCFC
2320	#E8CDCA	#FEFEFE
2321	#E6E2F1	#FEFEFE
2322	#ECD4D1	#FEFEFE
2323	#E2C0BC	#FDFDFD
2324	#C9928C	#FBFBFB
2325	#F8EEED	#FFFFFF
2326	#E5E1F1	#FEFEFE
2327	#FEFCFC	#FFFFFF
2328	#F5E7E6	#FEFEFE
2329	#E4E1F1	#FEFEFE
2330	#FBF6F5	#FFFFFF
2331	#ECD4D1	#FDFDFD
2332	#F9F8FC	#FFFFFF
2333	#EFDCD9	#FEFEFE
2334	#F2E1DF	#FEFEFE
2335	#FBFAFD	#FFFFFF
2336	#FBF6F5	#FFFFFF
2337	#FAF9FC	#FFFFFF
2338	#E9CECB	#FEFEFE
2339	#C78E87	#FBFBFB
2340	#FBFAFD	#FFFFFF
2341	#F6F4FA	#FFFFFF
2342	#E5E2F1	#FEFEFE
2343	#FFFFFF	#FFFFFF
2344	#EEECF6	#FFFFFF
2345	#E9CECA	#FEFEFE
2346	#F8EFEE	#FEFEFE
2347	#F6F5FA	#FFFFFF
2348	#F6F5FA	#FFFFFF
2349	#ECD5D2	#FEFEFE
2350	#FAF9FC	#FFFFFF
2351	#F5F4FA	#FFFFFF
2352	#F7EEEC	#FFFFFF
2353	#F6F5FA	#FFFFFF
2354	#E8CCC9	#FEFEFE
2355	#E8E5F3	#FEFEFE
2356	#DCD8EC	#FEFEFE
2357	#EDEAF5	#FEFEFE
2358	#F1E0DE	#FEFEFE
2359	#FBFAFD	#FFFFFF
2360	#E4C4C0	#FDFDFD
2361	#E9CECA	#FEFEFE
2362	#EFEDF6	#FEFEFE
2363	#FFFEFE	#FFFFFF
2364	#F4E5E3	#FEFEFE
2365	#FEFDFC	#FFFFFF
2366	#F7EDEB	#FFFFFF
2367	#EFECF6	#FEFEFE
2368	#EFEDF6	#FEFEFE
2369	#FBFAFD	#FFFFFF
2370	#F7EDEC	#FEFEFE
2371	#E9CECA	#FEFEFE
2372	#F1DFDD	#FEFEFE
2373	#ECD5D2	#FEFEFE
2375	#C48A83	#FBFBFB
2376	#D4A5A0	#FCFCFC
2377	#F6EBEA	#FEFEFE
2378	#F1E0DE	#FEFEFE
2379	#FBF7F6	#FFFFFF
2380	#EAE8F4	#FEFEFE
2381	#FBF7F6	#FFFFFF
2382	#EFECF6	#FEFEFE
2383	#E5E1F1	#FEFEFE
2384	#F7EEEC	#FFFFFF
2385	#EEEBF6	#FEFEFE
2386	#FBFAFD	#FFFFFF
2387	#FCFCFD	#FFFFFF
2388	#E2C0BC	#FDFDFD
2389	#F9F1EF	#FFFFFF
2390	#EED9D6	#FEFEFE
2391	#F7EDEB	#FFFFFF
2392	#CF9D97	#FCFCFC
2393	#FEFDFC	#FFFFFF
2394	#F9F8FC	#FFFFFF
2395	#E9E5F3	#FEFEFE
2396	#F2E1DE	#FEFEFE
2397	#F7EDEB	#FFFFFF
2398	#FDFBFB	#FFFFFF
2399	#EEECF6	#FEFEFE
2400	#FBF6F5	#FFFFFF
2401	#F6EBEA	#FFFFFF
2402	#D9B0AB	#FDFDFD
2403	#F1DFDD	#FEFEFE
2404	#FEFDFD	#FFFFFF
2405	#F4E7E5	#FEFEFE
2406	#F6EAE9	#FEFEFE
2407	#ECE9F5	#FEFEFE
2408	#D4A59F	#FCFCFC
2409	#FDFBFB	#FFFFFF
2410	#F2F0F8	#FFFFFF
2411	#FBF6F5	#FFFFFF
2412	#CF9D97	#FCFCFC
2413	#D4CEE8	#FEFEFE
2414	#EEECF6	#FFFFFF
2415	#E5E1F1	#FEFEFE
2416	#F8EFED	#FFFFFF
2417	#F9F2F1	#FFFFFF
2418	#D9B0AB	#FDFDFD
2420	#F4E6E4	#FEFEFE
2421	#E6C8C4	#FDFDFD
2422	#EFEDF7	#FFFFFF
2423	#F4E6E4	#FEFEFE
2424	#E3C3BF	#FDFDFD
2425	#F9F9FC	#FFFFFF
2426	#F9F8FC	#FFFFFF
2427	#DEB9B5	#FCFCFC
2428	#FCF7F7	#FFFFFF
2429	#EDD7D4	#FDFDFD
2430	#F9F0EF	#FFFFFF
2431	#FDFBFB	#FFFFFF
2432	#FDFDFE	#FFFFFF
2433	#FCFCFE	#FFFFFF
2434	#F8EEED	#FEFEFE
2435	#F4E6E5	#FEFEFE
2436	#FCF9F8	#FFFFFF
2437	#F7EEEC	#FFFFFF
2438	#E8CDC9	#FEFEFE
2439	#F3E5E3	#FEFEFE
2440	#ECD5D3	#FEFEFE
2441	#FAF9FC	#FFFFFF
2442	#E4C4C0	#FDFDFD
2443	#ECD5D2	#FEFEFE
2444	#EFEDF6	#FEFEFE
2445	#FBF6F5	#FFFFFF
2446	#F6F5FA	#FFFFFF
2447	#DDD8EC	#FEFEFE
2448	#FBFAFD	#FFFFFF
2449	#F5E9E8	#FEFEFE
2450	#F9F0EF	#FFFFFF
2451	#F1E0DE	#FEFEFE
2452	#F1E0DE	#FEFEFE
2453	#E4E1F0	#FEFEFE
2454	#F7EDEC	#FEFEFE
2455	#FBFBFD	#FFFFFF
2456	#958AC5	#F9F9F9
2457	#DFDBEE	#FDFDFD
2458	#ECD5D2	#FEFEFE
2459	#CF9D97	#FCFCFC
2460	#FDFAF9	#FFFFFF
2461	#F9F2F1	#FFFFFF
2462	#E0BDB8	#FDFDFD
2463	#FBFBFD	#FFFFFF
2464	#F7ECEA	#FFFFFF
2465	#F0DCDA	#FEFEFE
2466	#C9928B	#FBFBFB
2467	#D1CBE6	#FCFCFC
2468	#FEFEFD	#FFFFFF
2469	#E2C1BC	#FDFDFD
2470	#F2E1DF	#FEFEFE
2471	#E4C4C0	#FDFDFD
2472	#E5E1F1	#FDFDFD
2473	#F5F4FA	#FFFFFF
2474	#E8CCC8	#FDFDFD
2476	#F1E0DE	#FEFEFE
2477	#F6E9E8	#FEFEFE
2478	#EEDAD7	#FEFEFE
2479	#FFFFFF	#FFFFFF
2480	#F6F4FA	#FFFFFF
2481	#F4E5E4	#FEFEFE
2482	#E8CCC8	#FDFDFD
2483	#F2F1F8	#FFFFFF
2484	#E3C3BF	#FDFDFD
2485	#FFFFFF	#FFFFFF
2486	#FEFDFD	#FFFFFF
2487	#FBF6F5	#FFFFFF
2488	#F9F1F0	#FFFFFF
2489	#EFDCD9	#FEFEFE
2490	#F7ECEA	#FFFFFF
2491	#FAF9FC	#FFFFFF
2492	#FDFBFB	#FFFFFF
2493	#FAFAFD	#FFFFFF
2494	#E6E2F1	#FEFEFE
2495	#F7EDEB	#FFFFFF
2496	#DCD7EC	#FEFEFE
2497	#FAF9FC	#FFFFFF
2498	#FBF6F5	#FFFFFF
2499	#FDFBFA	#FFFFFF
2500	#FFFFFF	#FFFFFF
2501	#FBF6F6	#FFFFFF
2502	#FBFAFD	#FFFFFF
2503	#E2C1BD	#FDFDFD
2504	#E6C8C4	#FDFDFD
2505	#F1E0DD	#FEFEFE
2506	#CCC5E3	#FDFDFD
2507	#E1BEBA	#FDFDFD
2508	#EEEBF6	#FEFEFE
2509	#FAF9FC	#FFFFFF
2510	#FBF6F5	#FFFFFF
2511	#EEDAD7	#FEFEFE
2512	#DDD8ED	#FEFEFE
2513	#EEDAD7	#FEFEFE
2514	#CC9791	#FCFCFC
2515	#F8EEED	#FFFFFF
2516	#EFDCD9	#FEFEFE
2517	#FFFFFF	#FFFFFF
2518	#F6F5FA	#FFFFFF
2519	#FBF6F5	#FFFFFF
2521	#FDFBFB	#FFFFFF
2522	#F1E0DD	#FEFEFE
2523	#F2E2E0	#FEFEFE
2524	#F6E9E8	#FEFEFE
2525	#F7F5FA	#FFFFFF
2526	#E2C0BC	#FDFDFD
2527	#EAD1CE	#FDFDFD
2528	#F7EEEC	#FFFFFF
2529	#FCF7F7	#FFFFFF
2530	#EDD6D3	#FEFEFE
2531	#EEEBF6	#FEFEFE
2532	#FCFCFE	#FFFFFF
2533	#ECE9F5	#FEFEFE
2534	#FFFFFF	#FFFFFF
2535	#F1E0DD	#FEFEFE
2536	#F6EAE8	#FEFEFE
2537	#F6F5FA	#FFFFFF
2538	#DDD9ED	#FDFDFD
2539	#DFBBB7	#FCFCFC
2540	#FCF7F7	#FFFFFF
2541	#DDD8ED	#FEFEFE
2542	#F1E0DE	#FEFEFE
2543	#FCFBFD	#FFFFFF
2544	#E6C8C4	#FDFDFD
2545	#EDD6D3	#FEFEFE
2546	#EDEBF5	#FEFEFE
2547	#D7D2E9	#FDFDFD
2548	#F9F9FC	#FFFFFF
2549	#F6F4FA	#FFFFFF
2550	#E5E1F1	#FEFEFE
2551	#E3C3BF	#FDFDFD
2552	#F7EDEC	#FEFEFE
2553	#C48A83	#FBFBFB
2554	#EDD6D3	#FEFEFE
2555	#FBF5F4	#FFFFFF
2556	#F1DFDD	#FEFEFE
2557	#FEFDFD	#FFFFFF
2558	#F6EBE9	#FEFEFE
2559	#AFA6D3	#FCFCFC
2560	#FEFDFD	#FFFFFF
2561	#EAE7F4	#FEFEFE
2562	#EFEDF7	#FEFEFE
2563	#D3A59F	#FCFCFC
2564	#F2E1DF	#FEFEFE
2565	#EED9D7	#FEFEFE
2566	#CF9D97	#FCFCFC
2567	#F4E5E3	#FEFEFE
2568	#FBF6F5	#FFFFFF
2569	#E6C8C4	#FDFDFD
2570	#E6C9C5	#FDFDFD
2571	#FCFCFD	#FFFFFF
2572	#EED9D7	#FEFEFE
2573	#FAF4F3	#FFFFFF
2574	#FCFCFE	#FFFFFF
2575	#F2E1DE	#FEFEFE
2577	#E0BDB9	#FDFDFD
2578	#E6C8C4	#FDFDFD
2579	#ECD4D1	#FDFDFD
2580	#F4E7E5	#FEFEFE
2581	#FBFAFD	#FFFFFF
2582	#F9F8FC	#FFFFFF
2583	#F6EAE8	#FEFEFE
2584	#EFDCD9	#FEFEFE
2585	#ECD5D2	#FDFDFD
2586	#DEB9B4	#FCFCFC
2587	#F5F4FA	#FFFFFF
2588	#EFDCDA	#FEFEFE
2589	#F1E0DE	#FEFEFE
2590	#F2F1F8	#FFFFFF
2591	#ECD4D1	#FDFDFD
2592	#EFDCD9	#FEFEFE
2593	#F7EDEC	#FEFEFE
2594	#FEFCFC	#FFFFFF
2595	#A79ECF	#FBFBFB
2596	#EDEBF5	#FEFEFE
2597	#FDFBFB	#FFFFFF
2598	#EFDCDA	#FEFEFE
2599	#E8CDC9	#FEFEFE
2600	#B8766F	#F9F9F9
2601	#FAF9FC	#FFFFFF
2602	#F7EDEC	#FEFEFE
2603	#FBF6F5	#FFFFFF
2604	#FBFAFD	#FFFFFF
2605	#E5E1F1	#FEFEFE
2606	#F6F5FA	#FFFFFF
2607	#D4A59F	#FCFCFC
2608	#DDD9ED	#FEFEFE
2609	#D9AFAA	#FDFDFD
2610	#EFECF6	#FEFEFE
2611	#DED9ED	#FEFEFE
2612	#E2DEEF	#FDFDFD
2613	#F7EDEC	#FFFFFF
2614	#E6E3F2	#FEFEFE
2615	#FFFFFF	#FFFFFF
2616	#F4E6E4	#FEFEFE
2617	#C3BBDE	#FDFDFD
2618	#E3E0F0	#FEFEFE
2619	#E9CECA	#FEFEFE
2620	#F8EEED	#FFFFFF
2622	#FBF6F5	#FFFFFF
2623	#F7ECEB	#FEFEFE
2624	#F8EFEE	#FEFEFE
2625	#F5E8E6	#FEFEFE
2626	#F9F1F0	#FFFFFF
2627	#E6E2F1	#FEFEFE
2628	#F1E0DE	#FEFEFE
2629	#F7EDEC	#FEFEFE
2630	#E7CBC7	#FDFDFD
2631	#DCB6B1	#FCFCFC
2632	#F8F6FB	#FFFFFF
2633	#FBF6F5	#FFFFFF
2634	#F9F2F1	#FFFFFF
2635	#FEFDFD	#FFFFFF
2636	#FFFFFF	#FFFFFF
2637	#F0EEF7	#FEFEFE
2638	#FDFCFE	#FFFFFF
2639	#F1E0DD	#FEFEFE
2640	#DFBBB6	#FCFCFC
2641	#F8F0EE	#FEFEFE
2642	#EFDBD9	#FEFEFE
2643	#DCD7EC	#FEFEFE
2644	#F6F5FA	#FFFFFF
2645	#F1DFDD	#FEFEFE
2646	#CF9D96	#FCFCFC
2647	#D3A49F	#FCFCFC
2648	#F9F8FC	#FFFFFF
2649	#F6F5FA	#FFFFFF
2650	#E8E5F3	#FEFEFE
2651	#FBF5F5	#FFFFFF
2652	#F8EEED	#FFFFFF
2653	#EEECF6	#FFFFFF
2654	#F7ECEB	#FFFFFF
2655	#F8EEED	#FFFFFF
2656	#F7F6FB	#FFFFFF
2657	#E1DDEF	#FDFDFD
2658	#C3BBDE	#FDFDFD
2659	#E4E0F0	#FEFEFE
2660	#F7EDEC	#FFFFFF
2661	#E0BEB9	#FEFEFE
2662	#DCB5B0	#FCFCFC
2663	#EEEBF6	#FFFFFF
2664	#ECD5D2	#FEFEFE
2665	#ECD5D2	#FEFEFE
2666	#D9AFAA	#FDFDFD
2667	#F3E5E3	#FEFEFE
2668	#D7D2E9	#FDFDFD
2669	#D6D1E9	#FDFDFD
2670	#F4E6E4	#FEFEFE
2671	#EBD4D0	#FDFDFD
2672	#DDD8ED	#FEFEFE
2673	#E5C7C3	#FCFCFC
2674	#EDEAF5	#FEFEFE
2675	#C48A83	#FBFBFB
2676	#F4E5E3	#FEFEFE
2678	#E0BEB9	#FDFDFD
2679	#FBF7F6	#FFFFFF
2680	#FBF6F6	#FFFFFF
2681	#F2E2E0	#FEFEFE
2682	#D0CAE5	#FCFCFC
2683	#EAD2CE	#FDFDFD
2684	#E9E6F3	#FEFEFE
2685	#F1E0DE	#FEFEFE
2686	#E5E1F1	#FDFDFD
2687	#F4E5E3	#FEFEFE
2688	#DFBCB7	#FCFCFC
2689	#FBF6F5	#FFFFFF
2690	#E1BEB9	#FDFDFD
2691	#E2C0BC	#FDFDFD
2692	#EFEDF6	#FEFEFE
2693	#FDFDFE	#FFFFFF
2694	#D4CEE8	#FDFDFD
2695	#EEECF6	#FEFEFE
2696	#AFA6D3	#FCFCFC
2697	#FFFEFE	#FFFFFF
2698	#E6C9C5	#FDFDFD
2699	#F8EEED	#FFFFFF
2700	#E8CDCA	#FEFEFE
2701	#FDFDFE	#FFFFFF
2702	#FAF9FC	#FFFFFF
2703	#E9E5F3	#FEFEFE
2704	#F2E1DF	#FEFEFE
2705	#ECD5D2	#FEFEFE
2706	#EEEBF6	#FFFFFF
2707	#ECD5D2	#FEFEFE
2708	#EED9D6	#FEFEFE
2709	#FEFEFE	#FFFFFF
2710	#F4E5E3	#FEFEFE
2711	#CCC5E3	#FDFDFD
2712	#E9D0CC	#FDFDFD
2713	#EDEAF5	#FEFEFE
2714	#EFECF6	#FEFEFE
2715	#F1E0DE	#FEFEFE
2716	#FBF6F6	#FFFFFF
2717	#FEFDFD	#FFFFFF
2718	#FAF9FC	#FFFFFF
2719	#E0BCB7	#FCFCFC
2720	#FAF9FC	#FFFFFF
2721	#FAF9FC	#FFFFFF
2723	#D3A49F	#FCFCFC
2724	#EBD4D1	#FDFDFD
2725	#E5E2F1	#FEFEFE
2726	#EEECF6	#FEFEFE
2727	#FAF3F2	#FFFFFF
2728	#FBFAFD	#FFFFFF
2729	#F9F1F0	#FFFFFF
2730	#FFFEFE	#FFFFFF
2731	#F9F1F0	#FEFEFE
2732	#F7ECEB	#FEFEFE
2733	#FCF8F8	#FFFFFF
2734	#EED9D6	#FEFEFE
2735	#EAE7F4	#FEFEFE
2736	#F9F2F1	#FFFFFF
2737	#EDD6D3	#FEFEFE
2738	#EEEBF6	#FEFEFE
2739	#FBF6F5	#FFFFFF
2740	#F2F0F8	#FEFEFE
2741	#E7CBC8	#FDFDFD
2742	#DDD9ED	#FEFEFE
2743	#FFFEFE	#FFFFFF
2744	#F1F0F8	#FEFEFE
2745	#F9F8FC	#FFFFFF
2746	#FEFCFC	#FFFFFF
2747	#EEECF6	#FFFFFF
2748	#FAF9FC	#FFFFFF
2749	#FBF7F6	#FFFFFF
2750	#FBF6F5	#FFFFFF
2751	#F6F5FA	#FFFFFF
2752	#EBD4D0	#FDFDFD
2753	#C68D86	#FBFBFB
2754	#A79ECF	#FBFBFB
2755	#FAF9FC	#FFFFFF
2756	#FEFDFD	#FFFFFF
2757	#EED9D6	#FEFEFE
2758	#E1BEB9	#FEFEFE
2759	#EBD4D0	#FEFEFE
2760	#F7F5FA	#FFFFFF
2761	#A79DCF	#FBFBFB
2762	#EEEBF6	#FEFEFE
2763	#E6C8C4	#FDFDFD
2764	#D3A59F	#FCFCFC
2765	#FBFBFD	#FFFFFF
2766	#FCF7F6	#FFFFFF
2767	#FFFFFF	#FFFFFF
2768	#F8EEED	#FEFEFE
2769	#F3F1F8	#FEFEFE
2770	#F1DFDD	#FEFEFE
2771	#E8CDCA	#FEFEFE
2772	#E2C1BC	#FDFDFD
2773	#FBFAFD	#FFFFFF
2774	#FAF4F3	#FFFFFF
2775	#D7D2E9	#FDFDFD
2776	#EED9D6	#FEFEFE
2777	#E7E3F2	#FEFEFE
2779	#E9CECA	#FEFEFE
2780	#EDD6D3	#FEFEFE
2781	#D9B0AA	#FBFBFB
2782	#ECD4D1	#FDFDFD
2783	#EBE9F4	#FEFEFE
2784	#FEFDFD	#FFFFFF
2785	#F6EAE9	#FEFEFE
2786	#E4E1F1	#FEFEFE
2787	#F4E7E5	#FEFEFE
2788	#F5F3FA	#FFFFFF
2789	#F6EAE9	#FEFEFE
2790	#E5E1F1	#FEFEFE
2791	#ECD5D2	#FEFEFE
2792	#F5F4FA	#FFFFFF
2793	#F6F5FA	#FFFFFF
2794	#FAF9FC	#FFFFFF
2795	#F1E0DD	#FEFEFE
2796	#FDFBFA	#FFFFFF
2797	#E2C1BC	#FDFDFD
2798	#EDD7D4	#FEFEFE
2799	#E8CECA	#FEFEFE
2800	#F9F1F0	#FFFFFF
2801	#E4C4C0	#FDFDFD
2802	#EFDBD8	#FEFEFE
2803	#C9928C	#FBFBFB
2804	#FAF9FC	#FFFFFF
2805	#E8CDCA	#FEFEFE
2806	#FAF4F3	#FFFFFF
2807	#F4E6E4	#FEFEFE
2808	#DCD7EC	#FEFEFE
2809	#DDD8EC	#FEFEFE
2810	#D4CEE8	#FEFEFE
2811	#CCC5E3	#FDFDFD
2812	#F2F1F8	#FFFFFF
2813	#F2E2E0	#FEFEFE
2814	#D4CFE8	#FDFDFD
2815	#E4E1F1	#FEFEFE
2816	#E5E1F1	#FEFEFE
2817	#E5E1F1	#FEFEFE
2818	#F7ECEA	#FFFFFF
2819	#EDEAF5	#FEFEFE
2820	#FDFAFA	#FFFFFF
2821	#CDC6E4	#FCFCFC
2822	#EFDCD9	#FEFEFE
2824	#F7EDEB	#FEFEFE
2825	#C38781	#FAFAFA
2826	#E6C8C4	#FDFDFD
2827	#C28780	#FAFAFA
2828	#FAF9FC	#FFFFFF
2829	#F2E2E0	#FEFEFE
2830	#E9D0CC	#FDFDFD
2831	#FBF7F6	#FFFFFF
2832	#F4E6E5	#FEFEFE
2833	#F1E0DD	#FEFEFE
2834	#C78E87	#FBFBFB
2835	#FCF7F6	#FFFFFF
2836	#E3DFF0	#FDFDFD
2837	#F1E0DE	#FEFEFE
2838	#FAF9FC	#FFFFFF
2839	#FFFFFF	#FFFFFF
2840	#EAE7F3	#FEFEFE
2841	#D1CBE6	#FCFCFC
2842	#F7F6FB	#FFFFFF
2843	#F7EDEC	#FEFEFE
2844	#F9F1F0	#FFFFFF
2845	#ECD4D1	#FDFDFD
2846	#F4E6E4	#FEFEFE
2847	#F4E6E5	#FEFEFE
2848	#E8E5F3	#FEFEFE
2849	#F1E0DD	#FEFEFE
2850	#F7ECEA	#FFFFFF
2851	#F6F5FA	#FFFFFF
2852	#E6C8C4	#FDFDFD
2853	#FAF9FC	#FFFFFF
2854	#F9F1F0	#FFFFFF
2855	#D9B0AB	#FDFDFD
2856	#F4E5E3	#FEFEFE
2857	#EAE7F3	#FEFEFE
2858	#B7AFD8	#FDFDFD
2859	#DDD8EC	#FEFEFE
2860	#F9F9FC	#FFFFFF
2861	#F8EEED	#FFFFFF
2862	#DEB8B4	#FCFCFC
2863	#EEECF6	#FFFFFF
2864	#F3E5E3	#FEFEFE
2865	#D7D2E9	#FDFDFD
2866	#FBFBFD	#FFFFFF
2867	#F6F5FA	#FFFFFF
2868	#CDC6E4	#FCFCFC
2869	#DDD8ED	#FEFEFE
2870	#E2DEEF	#FDFDFD
2871	#FEFDFD	#FFFFFF
2872	#FBF6F5	#FFFFFF
2873	#D4CFE8	#FEFEFE
2874	#F4E7E5	#FEFEFE
2875	#E4C4C0	#FDFDFD
2876	#F7ECEA	#FEFEFE
2877	#E4C4C0	#FDFDFD
2878	#F9F1F0	#FFFFFF
2880	#F9F1F0	#FFFFFF
2881	#FEFDFD	#FFFFFF
2882	#F3E5E3	#FEFEFE
2883	#E6E3F1	#FEFEFE
2884	#FDFBFB	#FFFFFF
2885	#FAF4F3	#FFFFFF
2886	#F9F2F1	#FFFFFF
2887	#D9B0AA	#FDFDFD
2888	#FEFCFC	#FFFFFF
2889	#F4E6E4	#FEFEFE
2890	#F2E2DF	#FEFEFE
2891	#F9F8FC	#FFFFFF
2892	#FCF7F6	#FFFFFF
2893	#F3F1F8	#FEFEFE
2894	#EFDBD8	#FDFDFD
2895	#DFDBEE	#FDFDFD
2896	#9085C3	#F9F9F9
2897	#DEDAED	#FEFEFE
2898	#F6F5FA	#FFFFFF
2899	#FBFBFD	#FFFFFF
2900	#FBFAFD	#FFFFFF
2901	#E8CDCA	#FEFEFE
2902	#EDEAF5	#FEFEFE
2903	#E2C0BC	#FDFDFD
2904	#F7EDEC	#FEFEFE
2905	#E4C4C0	#FDFDFD
2906	#FAFAFC	#FFFFFF
2907	#DCD7EC	#FEFEFE
2908	#F9F1F0	#FFFFFF
2909	#F6F5FA	#FFFFFF
2910	#E1BEBA	#FEFEFE
2911	#E3C3BF	#FDFDFD
2912	#C4BDDF	#FCFCFC
2913	#DDD8EC	#FEFEFE
2914	#F2E3E1	#FEFEFE
2915	#EFEDF7	#FEFEFE
2916	#FAFAFD	#FFFFFF
2917	#FFFFFF	#FFFFFF
2918	#F1DFDD	#FEFEFE
2919	#FCFCFE	#FFFFFF
2920	#ECD5D2	#FEFEFE
2921	#E3DFF0	#FDFDFD
2922	#FAF9FC	#FFFFFF
2923	#F1E0DE	#FEFEFE
2925	#FDFBFA	#FFFFFF
2926	#F9F9FC	#FFFFFF
2927	#F4E5E3	#FEFEFE
2928	#FCF8F8	#FFFFFF
2929	#F8EFEE	#FEFEFE
2930	#E2C1BC	#FDFDFD
2931	#F9F1F0	#FFFFFF
2932	#F7EDEC	#FFFFFF
2933	#FAF4F3	#FFFFFF
2934	#FBFAFD	#FFFFFF
2935	#E2C1BD	#FDFDFD
2936	#F9F8FC	#FFFFFF
2937	#F9F1F0	#FFFFFF
2938	#ECE9F5	#FEFEFE
2939	#FAF5F4	#FFFFFF
2940	#EFEDF6	#FEFEFE
2941	#FDFDFE	#FFFFFF
2942	#FEFDFD	#FFFFFF
2943	#F1E0DE	#FEFEFE
2944	#E4E1F0	#FEFEFE
2945	#F9F8FC	#FFFFFF
2946	#F6F5FA	#FFFFFF
2947	#FEFDFC	#FFFFFF
2948	#EBD3D0	#FDFDFD
2949	#F7EDEB	#FFFFFF
2950	#F9F1F0	#FFFFFF
2951	#FCFBFD	#FFFFFF
2952	#FBF6F5	#FFFFFF
2953	#E9CECB	#FEFEFE
2954	#F6EAE8	#FEFEFE
2955	#F6F5FA	#FFFFFF
2956	#FAF4F3	#FFFFFF
2957	#FBFBFD	#FFFFFF
2958	#E1BEB9	#FEFEFE
2959	#D9AFAA	#FDFDFD
2960	#F8EFED	#FFFFFF
2961	#CB9690	#FCFCFC
2962	#FBF6F5	#FFFFFF
2963	#D4A5A0	#FCFCFC
2964	#F9F8FC	#FFFFFF
2965	#F3E5E3	#FEFEFE
2966	#B7AFD8	#FDFDFD
2967	#CDC7E4	#FCFCFC
2968	#FBF6F6	#FFFFFF
2969	#FAFAFC	#FFFFFF
2970	#FAF9FC	#FFFFFF
2971	#F7EDEC	#FEFEFE
2972	#F8EEED	#FFFFFF
2973	#FEFDFC	#FFFFFF
2974	#F4E5E3	#FEFEFE
2975	#F4E5E4	#FEFEFE
2976	#DFBAB5	#FCFCFC
2977	#E4C5C1	#FCFCFC
2978	#EED9D6	#FEFEFE
2979	#E9D0CC	#FDFDFD
2981	#E0BDB9	#FDFDFD
2982	#F1E0DE	#FEFEFE
2983	#E8CDCA	#FDFDFD
2984	#F7ECEB	#FFFFFF
2985	#EAD2CE	#FDFDFD
2986	#DCD7EC	#FEFEFE
2987	#E8CDCA	#FEFEFE
2988	#EDD7D4	#FEFEFE
2989	#F2E2DF	#FEFEFE
2990	#FAF3F2	#FFFFFF
2991	#FEFDFE	#FFFFFF
2992	#E6E2F1	#FEFEFE
2993	#EDD6D3	#FEFEFE
2994	#F6EAE9	#FEFEFE
2995	#FBF6F5	#FFFFFF
2996	#FEFCFC	#FFFFFF
2997	#D3CEE7	#FCFCFC
2998	#E6E3F2	#FEFEFE
2999	#F2F1F8	#FEFEFE
3000	#D4CFE8	#FDFDFD
3001	#CBC5E3	#FDFDFD
3002	#EEDAD7	#FEFEFE
3003	#EEECF6	#FFFFFF
3004	#EDEBF5	#FEFEFE
3005	#F4E5E3	#FEFEFE
3006	#F4E5E3	#FEFEFE
3007	#F9F1F0	#FFFFFF
3008	#D5CFE8	#FEFEFE
3009	#ECD4D1	#FEFEFE
3010	#FBF6F6	#FFFFFF
3011	#FBFAFD	#FFFFFF
3012	#E6C8C4	#FDFDFD
3013	#F1E0DE	#FEFEFE
3014	#EDEAF5	#FEFEFE
3015	#FDFBFA	#FFFFFF
3016	#E8E5F3	#FEFEFE
3017	#F0EEF7	#FEFEFE
3018	#F2F1F8	#FFFFFF
3019	#ECD5D2	#FEFEFE
3020	#A79DCF	#FBFBFB
3021	#F7EEEC	#FFFFFF
3022	#F8EEED	#FFFFFF
3023	#F7ECEB	#FFFFFF
3024	#F9F8FC	#FFFFFF
3026	#F5E8E6	#FEFEFE
3027	#FCF7F7	#FFFFFF
3028	#D9AFAA	#FBFBFB
3029	#EED9D7	#FDFDFD
3030	#F5F3FA	#FFFFFF
3031	#E7CBC7	#FDFDFD
3032	#F5E7E5	#FEFEFE
3033	#C68D87	#FBFBFB
3034	#ECD5D2	#FEFEFE
3035	#E0BDB9	#FDFDFD
3036	#F4E5E3	#FEFEFE
3037	#F9F1F0	#FFFFFF
3038	#EBE8F4	#FEFEFE
3039	#F8F7FB	#FFFFFF
3040	#E8E5F3	#FEFEFE
3041	#F6F5FA	#FFFFFF
3042	#F9F8FC	#FFFFFF
3043	#EDEAF5	#FEFEFE
3044	#E2C1BD	#FDFDFD
3045	#FBFAFD	#FFFFFF
3046	#D2CCE6	#FCFCFC
3047	#FAF9FC	#FFFFFF
3048	#FAF9FC	#FFFFFF
3049	#F4E5E3	#FEFEFE
3050	#F6F5FA	#FFFFFF
3051	#EEECF6	#FFFFFF
3052	#FBF6F5	#FFFFFF
3053	#F8EEED	#FEFEFE
3054	#EFDCD9	#FEFEFE
3055	#F7ECEB	#FFFFFF
3056	#FEFDFD	#FFFFFF
3057	#FBFAFD	#FFFFFF
3058	#FBF7F6	#FFFFFF
3059	#F1E0DE	#FEFEFE
3060	#D3A59F	#FCFCFC
3061	#F9F9FC	#FFFFFF
3062	#C68D87	#FBFBFB
3063	#D4A5A0	#FCFCFC
3064	#CCC5E3	#FDFDFD
3065	#F9F8FC	#FFFFFF
3066	#F2E1DF	#FEFEFE
3067	#FEFDFC	#FFFFFF
3068	#F9F8FC	#FFFFFF
3069	#D1CBE6	#FCFCFC
3070	#F4E5E3	#FEFEFE
3071	#E5E1F1	#FEFEFE
3072	#F1E0DD	#FEFEFE
3073	#E4C4C0	#FDFDFD
3074	#CF9D97	#FCFCFC
3075	#F5E8E6	#FEFEFE
3076	#ECE9F5	#FEFEFE
3077	#FAFAFC	#FFFFFF
3078	#F7EEEC	#FEFEFE
3079	#F6F4FA	#FFFFFF
3080	#BE7F78	#FAFAFA
3082	#F2E2E0	#FEFEFE
3083	#FFFEFE	#FFFFFF
3084	#F1E0DE	#FEFEFE
3085	#EFECF6	#FEFEFE
3086	#FBF6F6	#FFFFFF
3087	#DCD7EC	#FEFEFE
3088	#F6F4FA	#FFFFFF
3089	#E8E4F2	#FEFEFE
3090	#F4E5E3	#FEFEFE
3091	#F8F7FB	#FFFFFF
3092	#F4E5E3	#FEFEFE
3093	#EEECF6	#FEFEFE
3094	#E2C0BC	#FDFDFD
3095	#EFDBD9	#FEFEFE
3096	#F5E7E5	#FEFEFE
3097	#FCF9F8	#FFFFFF
3098	#D3CDE7	#FCFCFC
3099	#F9F9FC	#FFFFFF
3100	#D1CAE6	#FCFCFC
3101	#FDFBFB	#FFFFFF
3102	#EFEDF6	#FEFEFE
3103	#F6F5FA	#FFFFFF
3104	#DBD7EC	#FEFEFE
3105	#F7EDEC	#FEFEFE
3106	#ECD5D2	#FEFEFE
3107	#FBFBFD	#FFFFFF
3108	#EEECF6	#FEFEFE
3109	#D3A59F	#FCFCFC
3110	#FAFAFC	#FFFFFF
3111	#E8CDCA	#FEFEFE
3112	#FFFFFF	#FFFFFF
3113	#FFFFFF	#FFFFFF
3114	#EDEBF5	#FEFEFE
3115	#FAF9FC	#FFFFFF
3116	#F3E4E2	#FEFEFE
3117	#F7ECEB	#FFFFFF
3118	#F1F0F8	#FFFFFF
3119	#FEFCFB	#FFFFFF
3120	#D4CEE7	#FDFDFD
3121	#FBF6F5	#FFFFFF
3122	#FBF6F6	#FFFFFF
3123	#F7ECEB	#FEFEFE
3124	#FAF9FC	#FFFFFF
3125	#F7EDEB	#FEFEFE
3127	#FBF6F5	#FFFFFF
3128	#EED9D7	#FDFDFD
3129	#F6EBE9	#FEFEFE
3130	#F5E9E8	#FEFEFE
3131	#F4E5E3	#FEFEFE
3132	#F3E5E3	#FEFEFE
3133	#EAD0CD	#FDFDFD
3134	#FEFDFD	#FFFFFF
3135	#FAF4F3	#FFFFFF
3136	#ECEAF5	#FEFEFE
3137	#F3E3E1	#FEFEFE
3138	#FFFEFE	#FFFFFF
3139	#F5E8E6	#FEFEFE
3140	#F3E3E1	#FEFEFE
3141	#BF827B	#FAFAFA
3142	#FEFCFB	#FFFFFF
3143	#F0DCDA	#FEFEFE
3144	#F1E0DD	#FEFEFE
3145	#F6F5FA	#FFFFFF
3146	#FCFCFD	#FFFFFF
3147	#F7EDEC	#FEFEFE
3148	#E6E3F2	#FEFEFE
3149	#F8EEED	#FFFFFF
3150	#F3E5E3	#FEFEFE
3151	#ECD5D2	#FEFEFE
3152	#F6EAE8	#FEFEFE
3153	#FBF6F5	#FFFFFF
3154	#F9F1F0	#FFFFFF
3155	#FBF6F5	#FFFFFF
3156	#ECD6D3	#FEFEFE
3157	#E6C8C5	#FDFDFD
3158	#E1BEBA	#FDFDFD
3159	#F7ECEB	#FFFFFF
3160	#DDD8EC	#FEFEFE
3161	#E9CECA	#FEFEFE
3162	#EDEAF5	#FEFEFE
3163	#D3A49E	#FCFCFC
3164	#F9F1F0	#FFFFFF
3165	#EBD4D0	#FEFEFE
3166	#EFEDF6	#FFFFFF
3167	#F1E0DE	#FEFEFE
3168	#F6F5FA	#FFFFFF
3169	#E1BEBA	#FDFDFD
3170	#DDD8EC	#FEFEFE
3171	#FEFDFD	#FFFFFF
3172	#D4A5A0	#FCFCFC
3173	#E7E4F2	#FEFEFE
3174	#D9AFAA	#FDFDFD
3175	#F6EBE9	#FEFEFE
3176	#FBF6F5	#FFFFFF
3177	#FAF3F3	#FFFFFF
3178	#FCF9F8	#FFFFFF
3179	#F7EDEB	#FEFEFE
3180	#F1E0DE	#FEFEFE
3181	#E4C4C0	#FDFDFD
3183	#FFFFFF	#FFFFFF
3184	#F3E4E2	#FEFEFE
3185	#DCB5B0	#FCFCFC
3186	#F8EFEE	#FEFEFE
3187	#F8EFEE	#FEFEFE
3188	#EEECF6	#FFFFFF
3189	#CC9791	#FCFCFC
3190	#FDFDFE	#FFFFFF
3191	#FCF7F7	#FFFFFF
3192	#EDD6D3	#FEFEFE
3193	#D2CDE7	#FCFCFC
3194	#E3DFF0	#FEFEFE
3195	#EAD2CF	#FDFDFD
3196	#EBD4D1	#FDFDFD
3197	#F3F1F9	#FEFEFE
3198	#F2E1DF	#FEFEFE
3199	#E6C8C4	#FDFDFD
3200	#F1E0DE	#FEFEFE
3201	#F1DFDD	#FEFEFE
3202	#D9AFAA	#FDFDFD
3203	#E5E1F1	#FEFEFE
3204	#F9F1F0	#FFFFFF
3205	#E6C8C4	#FDFDFD
3206	#EED9D6	#FEFEFE
3207	#D4CEE8	#FDFDFD
3208	#FEFDFD	#FFFFFF
3209	#EFDCD9	#FEFEFE
3210	#FEFDFC	#FFFFFF
3211	#CCC5E3	#FDFDFD
3212	#FBF6F5	#FFFFFF
3213	#F8EEED	#FFFFFF
3214	#FDFAFA	#FFFFFF
3215	#DDD9ED	#FEFEFE
3216	#FCF7F7	#FFFFFF
3217	#EED9D6	#FEFEFE
3218	#FBF6F5	#FFFFFF
3219	#FEFDFD	#FFFFFF
3220	#F1E0DD	#FEFEFE
3221	#E6E2F1	#FEFEFE
3222	#FBF6F6	#FFFFFF
3223	#C5BDDF	#FCFCFC
3224	#FAF9FC	#FFFFFF
3225	#FBF6F6	#FFFFFF
3226	#FBF6F6	#FFFFFF
3228	#F0DDDA	#FEFEFE
3229	#FCFBFD	#FFFFFF
3230	#FDFDFE	#FFFFFF
3231	#FEFDFD	#FFFFFF
3232	#C1847D	#FAFAFA
3233	#EFEDF6	#FEFEFE
3234	#E5E2F1	#FEFEFE
3235	#FAF4F3	#FFFFFF
3236	#DCB5B0	#FCFCFC
3237	#F1E0DE	#FEFEFE
3238	#FCF8F7	#FFFFFF
3239	#EBD2CF	#FDFDFD
3240	#EBD4D1	#FDFDFD
3241	#F5F4FA	#FFFFFF
3242	#E6E2F1	#FEFEFE
3243	#F3F1F8	#FFFFFF
3244	#F6F5FA	#FFFFFF
3245	#F8F7FB	#FFFFFF
3246	#F7EEEC	#FFFFFF
3247	#E5E1F1	#FEFEFE
3248	#F6E9E8	#FEFEFE
3249	#EBE8F4	#FEFEFE
3250	#FFFFFF	#FFFFFF
3251	#F6F5FA	#FFFFFF
3252	#F7F6FB	#FFFFFF
3253	#DBD7EC	#FEFEFE
3254	#FDFBFA	#FFFFFF
3255	#ECD5D2	#FEFEFE
3256	#E6C8C4	#FDFDFD
3257	#F1E0DE	#FEFEFE
3258	#FBFAFD	#FFFFFF
3259	#D5CFE8	#FEFEFE
3260	#F9F1F0	#FFFFFF
3261	#CBC5E3	#FDFDFD
3262	#EEECF6	#FEFEFE
3263	#E8CDCA	#FEFEFE
3264	#E5C7C3	#FDFDFD
3265	#FEFEFF	#FFFFFF
3266	#E9CECB	#FEFEFE
3267	#F4E5E3	#FEFEFE
3268	#FDFBFB	#FFFFFF
3269	#FEFDFD	#FFFFFF
3270	#F7ECEB	#FFFFFF
3271	#E1BEBA	#FEFEFE
3272	#DCD8EC	#FEFEFE
3273	#F7EDEC	#FEFEFE
3274	#CBC5E3	#FDFDFD
3275	#EFEDF6	#FEFEFE
3276	#FBF6F6	#FFFFFF
3277	#E4C4BF	#FDFDFD
3278	#EDD7D4	#FEFEFE
3279	#FCF9F9	#FFFFFF
3280	#E2DEEF	#FDFDFD
3281	#F9F8FC	#FFFFFF
3282	#D7D1E9	#FBFBFB
3284	#FBFAFD	#FFFFFF
3285	#E6C8C4	#FDFDFD
3286	#F5F4FA	#FFFFFF
3287	#FBFAFD	#FFFFFF
3288	#C28780	#FAFAFA
3289	#DEDAED	#FDFDFD
3290	#E6E2F1	#FEFEFE
3291	#F5E9E7	#FEFEFE
3292	#EFDCD9	#FEFEFE
3293	#DDD9ED	#FDFDFD
3294	#F2F1F8	#FFFFFF
3295	#E6E2F1	#FEFEFE
3296	#EDD6D3	#FEFEFE
3297	#DFDAEE	#FDFDFD
3298	#F3F1F8	#FFFFFF
3299	#E6E2F1	#FEFEFE
3300	#F2F0F8	#FEFEFE
3301	#F2F0F8	#FFFFFF
3302	#F4E5E4	#FEFEFE
3303	#FFFEFE	#FFFFFF
3304	#FCF8F7	#FFFFFF
3305	#F6EAE8	#FEFEFE
3306	#FCFBFD	#FFFFFF
3307	#FBFBFD	#FFFFFF
3308	#FAF9FC	#FFFFFF
3309	#E9CECA	#FEFEFE
3310	#EEEBF6	#FEFEFE
3311	#F9F8FC	#FFFFFF
3312	#FFFEFE	#FFFFFF
3313	#E9E5F3	#FEFEFE
3314	#ECD5D2	#FEFEFE
3315	#FAF9FC	#FFFFFF
3316	#C68E87	#FBFBFB
3317	#F1DFDD	#FEFEFE
3318	#E6E3F1	#FEFEFE
3319	#FBF6F5	#FFFFFF
3320	#FAF9FC	#FFFFFF
3321	#C48983	#FBFBFB
3322	#DDD9ED	#FDFDFD
3323	#F9F8FC	#FFFFFF
3324	#E6E2F1	#FEFEFE
3325	#FEFDFD	#FFFFFF
3326	#C4BCDF	#FCFCFC
3327	#FBF6F5	#FFFFFF
3329	#CCC5E3	#FDFDFD
3330	#F2E2E0	#FEFEFE
3331	#F4E7E5	#FEFEFE
3332	#EDD7D4	#FEFEFE
3333	#E8CDC9	#FDFDFD
3334	#E8E4F2	#FEFEFE
3335	#E9D0CC	#FDFDFD
3336	#EEDAD7	#FEFEFE
3337	#F1E0DE	#FEFEFE
3338	#EEECF6	#FEFEFE
3339	#F7EDEB	#FFFFFF
3340	#F9F8FC	#FFFFFF
3341	#F4E7E5	#FEFEFE
3342	#F1E0DE	#FEFEFE
3343	#D7D2EA	#FDFDFD
3344	#F3E4E2	#FEFEFE
3345	#FDFBFB	#FFFFFF
3346	#F2F0F8	#FEFEFE
3347	#EED9D7	#FDFDFD
3348	#F4E5E3	#FEFEFE
3349	#FBF5F5	#FFFFFF
3350	#F8EEED	#FFFFFF
3351	#EAE7F4	#FEFEFE
3352	#F9F1F0	#FFFFFF
3353	#F9F1F0	#FFFFFF
3354	#D4CEE8	#FDFDFD
3355	#FCF9F8	#FFFFFF
3356	#E9CECA	#FEFEFE
3357	#ECD6D3	#FEFEFE
3358	#FFFFFF	#FFFFFF
3359	#F9F1F0	#FFFFFF
3360	#FBFAFD	#FFFFFF
3361	#DCD7EC	#FEFEFE
3362	#EBD2CF	#FDFDFD
3363	#F6EAE9	#FEFEFE
3364	#FAF9FC	#FFFFFF
3365	#FAF9FC	#FFFFFF
3366	#D4A5A0	#FCFCFC
3367	#E6C9C5	#FDFDFD
3368	#FAF9FC	#FFFFFF
3369	#EDEAF5	#FEFEFE
3370	#E8CECA	#FEFEFE
3371	#F8EEED	#FFFFFF
3372	#EFECF6	#FEFEFE
3373	#F9F9FC	#FFFFFF
3374	#FEFDFD	#FFFFFF
3375	#DEB8B4	#FCFCFC
3376	#F6F4FA	#FFFFFF
3377	#FEFDFC	#FFFFFF
3378	#F1E0DD	#FEFEFE
3379	#E7E4F2	#FEFEFE
3380	#F5F4FA	#FFFFFF
3381	#F2F1F8	#FEFEFE
3382	#FCF8F7	#FFFFFF
3383	#F6EAE8	#FEFEFE
3385	#F5E7E6	#FEFEFE
3386	#F4E6E4	#FEFEFE
3387	#D2CDE7	#FCFCFC
3388	#F4E5E3	#FEFEFE
3389	#F1E0DE	#FEFEFE
3390	#F4E6E4	#FEFEFE
3391	#F6F4FA	#FFFFFF
3392	#F7ECEB	#FFFFFF
3393	#ECD5D2	#FDFDFD
3394	#E9CECB	#FDFDFD
3395	#E5E1F1	#FEFEFE
3396	#F4E5E3	#FEFEFE
3397	#EFECF6	#FFFFFF
3398	#FAF9FC	#FFFFFF
3399	#ECD5D2	#FEFEFE
3400	#C3BBDE	#FDFDFD
3401	#FAF4F3	#FFFFFF
3402	#FEFCFC	#FFFFFF
3403	#FBF7F6	#FFFFFF
3404	#C1B9DD	#FBFBFB
3405	#F7EDEB	#FFFFFF
3406	#F1E0DE	#FEFEFE
3407	#E8CCC9	#FEFEFE
3408	#FBFBFD	#FFFFFF
3409	#D3CDE7	#FDFDFD
3410	#D9B0AB	#FDFDFD
3411	#FBFAFD	#FFFFFF
3412	#F8F7FB	#FFFFFF
3413	#FAF9FC	#FFFFFF
3414	#EAE7F3	#FEFEFE
3415	#E5E1F1	#FEFEFE
3416	#E1BEBA	#FEFEFE
3417	#FDFCFE	#FFFFFF
3418	#EEECF6	#FFFFFF
3419	#C48A83	#FBFBFB
3420	#F7F5FA	#FFFFFF
3421	#F4E5E3	#FEFEFE
3422	#F8EFED	#FFFFFF
3423	#E1BEB9	#FEFEFE
3424	#FDFBFA	#FFFFFF
3425	#E6E2F1	#FEFEFE
3426	#E9CECB	#FEFEFE
3427	#EDEBF5	#FEFEFE
3428	#F1E0DD	#FEFEFE
3430	#F1E0DD	#FEFEFE
3431	#D4A59F	#FCFCFC
3432	#F9F2F1	#FFFFFF
3433	#F9F9FC	#FFFFFF
3434	#F0DDDA	#FEFEFE
3435	#FEFCFC	#FFFFFF
3436	#EFEDF6	#FEFEFE
3437	#FAF9FC	#FFFFFF
3438	#E4C4BF	#FDFDFD
3439	#F6EAE8	#FEFEFE
3440	#DDD9ED	#FEFEFE
3441	#E3C3BF	#FDFDFD
3442	#F4E6E4	#FEFEFE
3443	#F9F1F0	#FFFFFF
3444	#E5E2F1	#FEFEFE
3445	#F6EBE9	#FEFEFE
3446	#F8EEED	#FFFFFF
3447	#F7EDEC	#FEFEFE
3448	#E9CECA	#FEFEFE
3449	#FBF6F5	#FFFFFF
3450	#E4C4C0	#FDFDFD
3451	#FBF6F5	#FFFFFF
3452	#D9B0AB	#FDFDFD
3453	#F4E6E4	#FEFEFE
3454	#F7EDEC	#FFFFFF
3455	#EBD3D0	#FEFEFE
3456	#F1DFDD	#FEFEFE
3457	#CF9C96	#FCFCFC
3458	#FBF6F6	#FFFFFF
3459	#F3E5E3	#FEFEFE
3460	#E6C8C4	#FDFDFD
3461	#B7AFD8	#FDFDFD
3462	#F5F4FA	#FFFFFF
3463	#EEECF6	#FEFEFE
3464	#F0DCDA	#FEFEFE
3465	#F9F9FC	#FFFFFF
3466	#B7AFD8	#FDFDFD
3467	#EBD3D0	#FEFEFE
3468	#FAFAFC	#FFFFFF
3469	#E9E6F3	#FEFEFE
3470	#FAFAFD	#FFFFFF
3471	#D4A59F	#FCFCFC
3472	#E1BEB9	#FDFDFD
3473	#EFEDF6	#FEFEFE
3474	#F1E0DD	#FEFEFE
3475	#F1E0DD	#FEFEFE
3476	#F0DDDA	#FEFEFE
3477	#E8CDC9	#FEFEFE
3478	#F9F1F0	#FFFFFF
3479	#ECD6D3	#FEFEFE
3480	#ECD5D2	#FEFEFE
3481	#EEECF6	#FFFFFF
3482	#FBF6F6	#FFFFFF
3483	#DDD8EC	#FDFDFD
3484	#EED9D6	#FEFEFE
3486	#EED9D7	#FEFEFE
3487	#FCF7F7	#FFFFFF
3488	#EFECF6	#FEFEFE
3489	#F9F8FC	#FFFFFF
3490	#EFEDF6	#FFFFFF
3491	#F2E1DF	#FEFEFE
3492	#FCF7F7	#FFFFFF
3493	#FAF9FC	#FFFFFF
3494	#F4E5E4	#FEFEFE
3495	#FBFBFD	#FFFFFF
3496	#DDD8EC	#FDFDFD
3497	#F6F5FA	#FFFFFF
3498	#F7ECEB	#FFFFFF
3499	#E4C4C0	#FDFDFD
3500	#EEECF6	#FFFFFF
3501	#F3E4E2	#FEFEFE
3502	#F5E8E6	#FEFEFE
3503	#F2F0F8	#FFFFFF
3504	#DFDAED	#FDFDFD
3505	#F7ECEA	#FFFFFF
3506	#FEFDFD	#FFFFFF
3507	#F6F5FA	#FFFFFF
3508	#FFFFFF	#FFFFFF
3509	#FEFEFE	#FFFFFF
3510	#F8EEED	#FFFFFF
3511	#ECD5D2	#FEFEFE
3512	#F8EEED	#FFFFFF
3513	#A79DCF	#FBFBFB
3514	#F7EDEB	#FFFFFF
3515	#D3CEE7	#FDFDFD
3516	#FAF9FC	#FFFFFF
3517	#FAF9FC	#FFFFFF
3518	#FEFDFD	#FFFFFF
3519	#E3C3BF	#FDFDFD
3520	#FFFFFF	#FFFFFF
3522	#ECD5D2	#FEFEFE
3523	#EFECF6	#FEFEFE
3524	#F6F5FA	#FFFFFF
3525	#FBF6F5	#FFFFFF
3526	#E8E5F2	#FEFEFE
3527	#F7ECEB	#FFFFFF
3528	#F6EAE9	#FEFEFE
3529	#FBFBFD	#FFFFFF
3531	#DCD8EC	#FEFEFE
3532	#FFFEFE	#FFFFFF
3533	#E2C0BC	#FDFDFD
3534	#F9F8FC	#FFFFFF
3535	#F9F1F0	#FFFFFF
3536	#E3C3BF	#FDFDFD
3537	#F1E0DE	#FEFEFE
3538	#EFECF6	#FEFEFE
3539	#FDFDFE	#FFFFFF
3540	#E4E0F0	#FEFEFE
3541	#EFEDF6	#FEFEFE
3542	#EFECF6	#FEFEFE
3543	#CBC5E3	#FCFCFC
3544	#FBFAFD	#FFFFFF
3545	#F7EDEB	#FFFFFF
3546	#E6E3F1	#FEFEFE
3547	#F1E0DE	#FEFEFE
3548	#FEFDFD	#FFFFFF
3549	#F1E0DE	#FEFEFE
3550	#F7ECEA	#FFFFFF
3551	#F7ECEB	#FFFFFF
3552	#FBFAFD	#FFFFFF
3553	#FDFAFA	#FFFFFF
3554	#F0DDDA	#FEFEFE
3555	#ECE9F4	#FEFEFE
3556	#F5F4FA	#FFFFFF
3557	#F4E5E3	#FEFEFE
3558	#F7EDEB	#FFFFFF
3559	#F6F4FA	#FFFFFF
3560	#FEFCFC	#FFFFFF
3561	#F4E5E3	#FEFEFE
3562	#EDEBF5	#FEFEFE
3563	#D9AFAA	#FDFDFD
3564	#F1E0DE	#FEFEFE
3565	#FDFAFA	#FFFFFF
3566	#F8EEED	#FFFFFF
3567	#FEFDFD	#FFFFFF
3568	#E6E3F2	#FEFEFE
3569	#F9F2F1	#FFFFFF
3570	#F4E6E4	#FEFEFE
3571	#DCD8EC	#FDFDFD
3572	#D9B0AA	#FDFDFD
3573	#CF9D97	#FCFCFC
3574	#FAFAFD	#FFFFFF
3575	#D3A59F	#FCFCFC
3576	#FDFAFA	#FFFFFF
3577	#FBF6F5	#FFFFFF
3578	#EEEBF6	#FEFEFE
3579	#E8E5F3	#FEFEFE
3580	#EDEAF5	#FEFEFE
3581	#EDD6D3	#FEFEFE
3582	#FBF6F6	#FFFFFF
3583	#F6EAE8	#FEFEFE
3584	#F9F8FC	#FFFFFF
3585	#FDFBFB	#FFFFFF
3587	#F6F5FA	#FFFFFF
3588	#F1DFDD	#FEFEFE
3589	#E6E2F1	#FEFEFE
3590	#EAD1CE	#FDFDFD
3591	#F8EFED	#FEFEFE
3592	#F3E4E2	#FEFEFE
3593	#FFFEFE	#FFFFFF
3594	#F3E5E3	#FEFEFE
3595	#FEFDFD	#FFFFFF
3596	#B7AED8	#FBFBFB
3597	#F4E7E5	#FEFEFE
3598	#FEFDFD	#FFFFFF
3599	#FEFCFC	#FFFFFF
3600	#E9E5F3	#FEFEFE
3601	#EAD0CC	#FDFDFD
3602	#DCD7EC	#FEFEFE
3603	#FBF6F5	#FFFFFF
3604	#FDFBFA	#FFFFFF
3605	#FBFBFD	#FFFFFF
3606	#DDD8EC	#FEFEFE
3607	#EFECF6	#FFFFFF
3608	#F7ECEA	#FFFFFF
3609	#FEFEFE	#FFFFFF
3610	#FBF6F5	#FFFFFF
3611	#CBC5E3	#FDFDFD
3612	#F9F8FC	#FFFFFF
3613	#FAF9FC	#FFFFFF
3614	#ECD5D2	#FEFEFE
3615	#D4CEE8	#FEFEFE
3616	#E1BEBA	#FEFEFE
3617	#F7ECEB	#FFFFFF
3618	#E2C0BB	#FDFDFD
3619	#F7F6FB	#FFFFFF
3620	#CF9D97	#FCFCFC
3621	#F2E3E0	#FEFEFE
3622	#C68D87	#FBFBFB
3623	#E1BEBA	#FEFEFE
3624	#FFFFFF	#FFFFFF
3625	#EEECF6	#FFFFFF
3626	#E3C3BF	#FDFDFD
3627	#FAF9FC	#FFFFFF
3628	#F9F8FC	#FFFFFF
3629	#EDEBF5	#FEFEFE
3630	#F2F1F8	#FFFFFF
3632	#FBFAFD	#FFFFFF
3633	#ECD5D2	#FEFEFE
3634	#F5E7E6	#FEFEFE
3635	#FCF7F7	#FFFFFF
3636	#EFECF6	#FEFEFE
3637	#FAFAFC	#FFFFFF
3638	#FBFBFD	#FFFFFF
3639	#E3E0F0	#FEFEFE
3640	#CEC8E4	#FCFCFC
3641	#FFFFFF	#FFFFFF
3642	#F5F3F9	#FFFFFF
3643	#FBF5F5	#FFFFFF
3644	#FBF5F4	#FFFFFF
3645	#D4A59F	#FCFCFC
3646	#ECD4D1	#FDFDFD
3647	#FCFCFD	#FFFFFF
3648	#E8CDCA	#FEFEFE
3649	#E5E2F1	#FEFEFE
3650	#FAF3F2	#FFFFFF
3651	#E6C8C4	#FDFDFD
3652	#FBFAFD	#FFFFFF
3653	#F9F2F1	#FFFFFF
3654	#F6EAE8	#FEFEFE
3655	#F3F1F8	#FFFFFF
3656	#FAFAFD	#FFFFFF
3657	#F6F4FA	#FFFFFF
3658	#DFBBB6	#FCFCFC
3659	#FBF6F5	#FFFFFF
3660	#E0BDB8	#FDFDFD
3661	#F9F1F0	#FFFFFF
3662	#E4E0F0	#FEFEFE
3663	#F1E0DD	#FEFEFE
3664	#E1BEB9	#FEFEFE
3665	#FEFDFD	#FFFFFF
3666	#D9B0AA	#FDFDFD
3667	#FBF5F5	#FFFFFF
3668	#EFECF6	#FEFEFE
3669	#EEECF6	#FEFEFE
3670	#F7EDEB	#FFFFFF
3671	#FBFBFD	#FFFFFF
3672	#F6EAE8	#FEFEFE
3673	#F9F1F0	#FFFFFF
3674	#E1BEB9	#FEFEFE
3675	#F7EDEB	#FFFFFF
3676	#D4CFE8	#FEFEFE
3677	#CF9D97	#FCFCFC
3678	#E6E3F2	#FEFEFE
3679	#F7ECEA	#FFFFFF
3680	#EDEAF5	#FEFEFE
3681	#F5F4FA	#FFFFFF
3682	#FDFCFE	#FFFFFF
3683	#F2E1DF	#FEFEFE
3684	#F6EAE8	#FEFEFE
3685	#F0DEDB	#FEFEFE
3686	#EAE7F4	#FEFEFE
3688	#FBF6F5	#FFFFFF
3689	#F7EDEB	#FEFEFE
3690	#E6E2F1	#FEFEFE
3691	#D2CCE7	#FCFCFC
3692	#EBE8F4	#FEFEFE
3693	#FEFDFD	#FFFFFF
3694	#FAF9FC	#FFFFFF
3695	#F5F4FA	#FFFFFF
3696	#F8F7FB	#FFFFFF
3697	#FFFEFE	#FFFFFF
3698	#FFFEFE	#FFFFFF
3699	#E4E1F1	#FEFEFE
3700	#F5E9E8	#FEFEFE
3701	#F4E5E4	#FEFEFE
3702	#EFECF6	#FEFEFE
3703	#F2F0F8	#FEFEFE
3704	#F8EEED	#FFFFFF
3705	#EEECF6	#FEFEFE
3706	#F0DEDB	#FEFEFE
3707	#F1DFDD	#FEFEFE
3708	#F7EDEC	#FEFEFE
3709	#EBE8F4	#FEFEFE
3710	#D4CEE8	#FDFDFD
3711	#F9F1F0	#FFFFFF
3712	#FBFAFD	#FFFFFF
3713	#F0DDDA	#FEFEFE
3714	#E8E5F3	#FEFEFE
3715	#FCFBFD	#FFFFFF
3716	#E8CDCA	#FEFEFE
3717	#E6C8C4	#FDFDFD
3718	#C9928B	#FBFBFB
3719	#EAE7F4	#FEFEFE
3720	#EEECF6	#FFFFFF
3721	#FAF9FC	#FFFFFF
3722	#F5E8E6	#FEFEFE
3723	#E6C8C4	#FDFDFD
3724	#EFDBD9	#FEFEFE
3725	#F9F1F0	#FFFFFF
3726	#F6F5FA	#FFFFFF
3727	#DCD8EC	#FEFEFE
3728	#EFECF6	#FEFEFE
3729	#EFEDF7	#FEFEFE
3730	#FBF6F5	#FFFFFF
3731	#FEFCFB	#FFFFFF
3733	#FAF4F3	#FFFFFF
3734	#C68D86	#FBFBFB
3735	#E9CECA	#FEFEFE
3736	#DCB4AF	#FCFCFC
3737	#EEEBF6	#FEFEFE
3738	#E4C4C0	#FDFDFD
3739	#FAF4F3	#FFFFFF
3740	#F7EDEB	#FEFEFE
3741	#F2F0F8	#FFFFFF
3742	#FAF9FC	#FFFFFF
3743	#FDFAFA	#FFFFFF
3744	#EDEAF5	#FEFEFE
3745	#C4BDDF	#FCFCFC
3746	#F7ECEA	#FEFEFE
3747	#FDFBFA	#FFFFFF
3748	#F7ECEB	#FFFFFF
3749	#EFECF6	#FEFEFE
3750	#F9F2F1	#FFFFFF
3751	#FFFFFF	#FFFFFF
3752	#E6E3F2	#FEFEFE
3753	#FDFCFE	#FFFFFF
3754	#E9CECB	#FEFEFE
3755	#FBF6F5	#FFFFFF
3756	#F7ECEA	#FFFFFF
3757	#FDFBFB	#FFFFFF
3758	#D4CEE7	#FDFDFD
3759	#FAF9FC	#FFFFFF
3760	#E5E1F1	#FEFEFE
3761	#EFDBD9	#FEFEFE
3762	#ECE9F5	#FEFEFE
3763	#E3DFF0	#FDFDFD
3764	#F2E1DF	#FEFEFE
3765	#FBF6F5	#FFFFFF
3766	#F8EEED	#FFFFFF
3767	#F2F0F8	#FFFFFF
3768	#F3E5E3	#FEFEFE
3769	#F9F1F0	#FFFFFF
3770	#E4C4C0	#FDFDFD
3771	#E8CDCA	#FEFEFE
3773	#FAF3F2	#FFFFFF
3774	#FAF4F3	#FFFFFF
3775	#DBD6EC	#FEFEFE
3776	#F7EDEC	#FFFFFF
3777	#F8EFED	#FFFFFF
3778	#E9E5F3	#FEFEFE
3779	#C48A83	#FBFBFB
3780	#DDD8ED	#FEFEFE
3781	#FCF7F7	#FFFFFF
3782	#EAD2CE	#FDFDFD
3783	#F5E9E7	#FEFEFE
3784	#FBF6F5	#FFFFFF
3785	#F7ECEB	#FFFFFF
3786	#FCF8F8	#FFFFFF
3787	#F8F0EF	#FFFFFF
3789	#FEFDFD	#FFFFFF
3790	#EDEBF5	#FEFEFE
3791	#FAF3F2	#FFFFFF
3792	#EDD6D3	#FEFEFE
3793	#FBFAFD	#FFFFFF
3794	#DDD9ED	#FDFDFD
3795	#EAE7F4	#FEFEFE
3796	#FAF4F3	#FFFFFF
3797	#F6EAE9	#FEFEFE
3798	#F8EEED	#FFFFFF
3799	#EED9D7	#FEFEFE
3800	#F1DFDD	#FEFEFE
3801	#F8F7FB	#FFFFFF
3802	#D4A5A0	#FCFCFC
3803	#E4E0F0	#FEFEFE
3804	#FDFBFA	#FFFFFF
3805	#FFFEFE	#FFFFFF
3806	#ECD5D2	#FEFEFE
3807	#E6C8C4	#FDFDFD
3808	#F2F0F8	#FFFFFF
3809	#F4E6E4	#FEFEFE
3810	#F1E0DE	#FEFEFE
3811	#C9928C	#FBFBFB
3812	#FEFCFC	#FFFFFF
3813	#F6F4FA	#FFFFFF
3814	#F1EFF7	#FEFEFE
3815	#FCFCFE	#FFFFFF
3816	#E8E5F3	#FEFEFE
3817	#F6F5FA	#FFFFFF
3818	#E4C4C0	#FDFDFD
3819	#E6C8C4	#FDFDFD
3820	#E3C3BF	#FDFDFD
3821	#F1DFDD	#FEFEFE
3822	#ECD5D2	#FEFEFE
3823	#FCF8F7	#FFFFFF
3824	#D3A59F	#FCFCFC
3825	#FBF6F6	#FFFFFF
3826	#FEFDFD	#FFFFFF
3827	#FBFBFD	#FFFFFF
3828	#CDC7E4	#FDFDFD
3829	#DBD7EC	#FEFEFE
3830	#E9CECA	#FEFEFE
3831	#F2F0F8	#FEFEFE
3832	#DDD9ED	#FDFDFD
3834	#FFFEFE	#FFFFFF
3835	#F9F2F1	#FFFFFF
3836	#F9F9FC	#FFFFFF
3837	#E2C0BC	#FDFDFD
3838	#F7EEEC	#FFFFFF
3839	#DED9ED	#FEFEFE
3840	#F2F0F8	#FFFFFF
3841	#FFFEFE	#FFFFFF
3842	#F5E7E6	#FEFEFE
3843	#E4E1F1	#FEFEFE
3844	#F7EDEC	#FEFEFE
3845	#EEEBF6	#FEFEFE
3846	#EBE9F4	#FEFEFE
3847	#F7ECEB	#FFFFFF
3848	#FFFFFF	#FFFFFF
3849	#F9F8FC	#FFFFFF
3850	#F7EEEC	#FFFFFF
3851	#FBFAFD	#FFFFFF
3852	#FFFEFE	#FFFFFF
3853	#EFDCD9	#FEFEFE
3854	#E7E4F2	#FEFEFE
3855	#F1E0DE	#FEFEFE
3856	#E3DFF0	#FEFEFE
3857	#E4E0F0	#FEFEFE
3858	#D9B0AB	#FDFDFD
3859	#CF9D97	#FCFCFC
3860	#FEFDFD	#FFFFFF
3861	#F7ECEA	#FEFEFE
3862	#C5BEE0	#FBFBFB
3863	#F9F8FC	#FFFFFF
3864	#FDFAFA	#FFFFFF
3865	#DED9ED	#FDFDFD
3866	#F9F9FC	#FFFFFF
3867	#FAF4F3	#FFFFFF
3868	#EFDCDA	#FEFEFE
3869	#D3CDE7	#FDFDFD
3870	#E3DFF0	#FEFEFE
3871	#EEDAD7	#FEFEFE
3872	#D4CEE7	#FDFDFD
3873	#DFBAB5	#FCFCFC
3874	#FFFFFF	#FFFFFF
3875	#E1BEB9	#FEFEFE
3876	#C3BBDE	#FDFDFD
3877	#E1BEBA	#FDFDFD
3878	#AFA6D3	#FCFCFC
3879	#DDD8EC	#FEFEFE
3881	#E4C4C0	#FDFDFD
3882	#EED9D6	#FEFEFE
3883	#FDFBFA	#FFFFFF
3884	#DFBBB6	#FCFCFC
3885	#EFDCD9	#FEFEFE
3886	#F8F7FB	#FFFFFF
3887	#F4E5E3	#FEFEFE
3888	#F9F1F0	#FFFFFF
3890	#E2C1BC	#FDFDFD
3891	#F6EAE9	#FEFEFE
3892	#DED9ED	#FEFEFE
3893	#EAE7F4	#FEFEFE
3894	#F7EDEC	#FEFEFE
3895	#F4E6E4	#FEFEFE
3896	#D8D2EA	#FDFDFD
3897	#E6E2F1	#FEFEFE
3898	#D8D2EA	#FDFDFD
3899	#F1F0F8	#FFFFFF
3900	#F4E5E3	#FEFEFE
3901	#F9F1F0	#FFFFFF
3902	#F8F7FB	#FFFFFF
3903	#F6F4FA	#FFFFFF
3904	#F9F9FC	#FFFFFF
3905	#FDFAF9	#FFFFFF
3906	#FEFDFD	#FFFFFF
3907	#F3F1F8	#FFFFFF
3908	#FBF6F6	#FFFFFF
3909	#EFEDF6	#FEFEFE
3910	#EED9D7	#FEFEFE
3911	#FAF9FC	#FFFFFF
3912	#FDFBFB	#FFFFFF
3913	#EDD7D4	#FEFEFE
3914	#F7ECEB	#FEFEFE
3915	#F5F4FA	#FFFFFF
3916	#D8D3EA	#FDFDFD
3917	#FFFEFE	#FFFFFF
3918	#FEFDFD	#FFFFFF
3919	#EFEDF6	#FEFEFE
3920	#E6E2F1	#FEFEFE
3921	#E6C8C4	#FDFDFD
3922	#FEFDFD	#FFFFFF
3923	#F3E5E3	#FEFEFE
3924	#F7ECEB	#FEFEFE
3925	#EEDAD7	#FDFDFD
3926	#F7EDEC	#FEFEFE
3927	#E8E5F3	#FEFEFE
3928	#F2F0F8	#FFFFFF
3929	#F8EEEC	#FFFFFF
3930	#E0BDB9	#FDFDFD
3931	#F1E0DE	#FEFEFE
3932	#DDD9ED	#FDFDFD
3933	#EAE7F4	#FEFEFE
3935	#E8E5F3	#FEFEFE
3936	#FAF3F2	#FFFFFF
3937	#FCFCFD	#FFFFFF
3938	#F6EAE8	#FEFEFE
3939	#F2F0F8	#FFFFFF
3940	#EFDCD9	#FEFEFE
3941	#EDD6D3	#FEFEFE
3942	#ECE9F5	#FEFEFE
3943	#FCF7F7	#FFFFFF
3944	#E2DEEF	#FDFDFD
3945	#FEFCFC	#FFFFFF
3946	#EED9D6	#FEFEFE
3947	#FEFDFD	#FFFFFF
3948	#F7EDEC	#FEFEFE
3949	#FEFDFD	#FFFFFF
3950	#ECD6D3	#FEFEFE
3951	#F2F0F8	#FFFFFF
3952	#F6F5FA	#FFFFFF
3953	#EBD4D1	#FDFDFD
3954	#F3F1F8	#FEFEFE
3955	#E6E3F2	#FEFEFE
3956	#FCF7F7	#FFFFFF
3957	#EEEBF6	#FEFEFE
3958	#F2F0F8	#FFFFFF
3959	#F9F8FC	#FFFFFF
3960	#F1E0DE	#FEFEFE
3961	#F2E1DF	#FEFEFE
3962	#E7E4F2	#FEFEFE
3963	#D4CFE8	#FDFDFD
3964	#F6EAE8	#FEFEFE
3965	#EEECF6	#FEFEFE
3966	#F0DCDA	#FEFEFE
3967	#E4E0F0	#FEFEFE
3968	#F2F0F8	#FEFEFE
3969	#E5E1F1	#FEFEFE
3970	#C9928C	#FBFBFB
3971	#E6C8C5	#FDFDFD
3972	#EFEDF6	#FFFFFF
3973	#FCF7F6	#FFFFFF
3974	#F6F5FA	#FFFFFF
3975	#F7EEEC	#FFFFFF
3976	#E6C8C5	#FDFDFD
3977	#E1BEB9	#FEFEFE
3978	#ECD5D2	#FEFEFE
3979	#F3E5E3	#FEFEFE
3980	#FBFAFD	#FFFFFF
3981	#F7ECEA	#FFFFFF
3982	#FCFBFD	#FFFFFF
3983	#EDEAF5	#FEFEFE
3984	#FFFEFE	#FFFFFF
3985	#EDD6D3	#FEFEFE
3986	#FEFDFD	#FFFFFF
3987	#F9F8FC	#FFFFFF
3988	#F6EBEA	#FEFEFE
3989	#FBF6F6	#FFFFFF
4042	#FBF6F6	#FFFFFF
4043	#ECD5D2	#FEFEFE
4044	#E1BEB9	#FEFEFE
4045	#FEFEFE	#FFFFFF
4046	#F2F0F8	#FFFFFF
4047	#D6D1E9	#FDFDFD
4048	#DCD7EC	#FEFEFE
4049	#D4A5A0	#FCFCFC
4050	#F8EFEE	#FEFEFE
4051	#FCFCFE	#FFFFFF
4052	#FEFCFC	#FFFFFF
4053	#E4E1F1	#FEFEFE
4054	#D3CDE7	#FDFDFD
4055	#EDD7D4	#FEFEFE
4056	#C9928B	#FBFBFB
4057	#FDFCFE	#FFFFFF
4058	#F9F8FC	#FFFFFF
4059	#F0DDDB	#FEFEFE
4060	#F1DFDD	#FEFEFE
4061	#E8E5F3	#FEFEFE
4062	#F6F5FA	#FFFFFF
4063	#D3CEE7	#FDFDFD
4064	#F0DCDA	#FEFEFE
4065	#F9F8FC	#FFFFFF
4066	#F9F1F0	#FFFFFF
4067	#FAF9FC	#FFFFFF
4068	#D5CFE8	#FEFEFE
4069	#F6F4FA	#FFFFFF
4070	#F4E6E4	#FEFEFE
4071	#FBFAFD	#FFFFFF
4072	#ECD5D2	#FEFEFE
4073	#E9CECA	#FEFEFE
4074	#F7ECEB	#FFFFFF
4075	#E9E6F3	#FEFEFE
4076	#FFFFFF	#FFFFFF
4077	#EEEBF6	#FFFFFF
4078	#EEECF6	#FEFEFE
4079	#F6F5FA	#FFFFFF
4080	#EDEAF5	#FEFEFE
4081	#F6F4FA	#FFFFFF
4082	#D4A59F	#FCFCFC
4083	#FAF9FC	#FFFFFF
4084	#D9B0AA	#FDFDFD
4085	#FBF6F6	#FFFFFF
4087	#FCFBFD	#FFFFFF
4088	#FBF6F5	#FFFFFF
4089	#E4E1F1	#FEFEFE
4090	#E7E4F2	#FEFEFE
4091	#F6F4FA	#FFFFFF
4092	#E4E1F0	#FEFEFE
4093	#FBF6F5	#FFFFFF
4094	#F0DCDA	#FEFEFE
4095	#F6F4FA	#FFFFFF
4096	#F7ECEB	#FFFFFF
4097	#DEB9B4	#FCFCFC
4098	#F9F8FC	#FFFFFF
4099	#F7EDEC	#FFFFFF
4100	#ECE9F5	#FEFEFE
4101	#F7EDEC	#FFFFFF
4102	#F5F4FA	#FFFFFF
4103	#FAF5F4	#FFFFFF
4104	#F0DCDA	#FEFEFE
4105	#D4A5A0	#FCFCFC
4106	#FBF7F6	#FFFFFF
4107	#C68D87	#FBFBFB
4108	#E3DFF0	#FEFEFE
4109	#CF9D97	#FCFCFC
4110	#F3E5E3	#FEFEFE
4111	#F6F5FA	#FFFFFF
4112	#F8EEED	#FFFFFF
4113	#F8EEED	#FFFFFF
4114	#EBD2CF	#FDFDFD
4115	#EEECF6	#FEFEFE
4116	#FAF9FC	#FFFFFF
4117	#EEECF6	#FFFFFF
4118	#E6C8C4	#FDFDFD
4119	#E8CECA	#FEFEFE
4120	#E4E1F1	#FEFEFE
4121	#E5E1F1	#FEFEFE
4122	#FBF6F6	#FFFFFF
4123	#FEFCFC	#FFFFFF
4124	#F6EAE9	#FEFEFE
4125	#C3BBDE	#FDFDFD
4126	#FAFAFC	#FFFFFF
4127	#F2E1DE	#FEFEFE
4128	#D1CBE6	#FCFCFC
4129	#DDD9ED	#FEFEFE
4130	#F9F1F0	#FFFFFF
4131	#CC9790	#FCFCFC
4132	#FBF6F6	#FFFFFF
4133	#FBFAFD	#FFFFFF
4134	#F4E6E4	#FEFEFE
4135	#F4E6E4	#FEFEFE
4136	#FFFFFF	#FFFFFF
4137	#E8E4F2	#FEFEFE
4138	#EFEDF6	#FEFEFE
4139	#E4E0F0	#FEFEFE
4140	#F8EEED	#FFFFFF
4141	#D3CEE7	#FDFDFD
4143	#FDFBFB	#FFFFFF
4144	#F7EDEB	#FEFEFE
4145	#E6E2F1	#FEFEFE
4146	#F4E5E3	#FEFEFE
4147	#F7F6FB	#FFFFFF
4148	#E7E4F2	#FEFEFE
4149	#F6F5FA	#FFFFFF
4150	#F7F5FA	#FFFFFF
4151	#E4E1F1	#FEFEFE
4152	#F7EDEC	#FEFEFE
4153	#FDFBFA	#FFFFFF
4154	#DEB9B5	#FCFCFC
4155	#E8CECA	#FEFEFE
4156	#FBF6F6	#FFFFFF
4157	#FFFEFE	#FFFFFF
4158	#F2F0F8	#FFFFFF
4159	#FBFAFD	#FFFFFF
4160	#F7ECEB	#FFFFFF
4161	#FEFEFD	#FFFFFF
4162	#CF9D97	#FCFCFC
4163	#F7ECEB	#FFFFFF
4164	#E6E2F1	#FEFEFE
4165	#FAF9FC	#FFFFFF
4166	#E1BEBA	#FEFEFE
4167	#F2E1DF	#FEFEFE
4168	#FFFEFE	#FFFFFF
4169	#F8EEED	#FFFFFF
4170	#FBFAFD	#FFFFFF
4171	#E4E0F0	#FEFEFE
4172	#EDEAF5	#FEFEFE
4173	#F9F8FC	#FFFFFF
4174	#E5E1F1	#FEFEFE
4175	#F0DCDA	#FEFEFE
4176	#FAFAFD	#FFFFFF
4177	#F5F4FA	#FFFFFF
4178	#E4E0F0	#FEFEFE
4179	#E9CECA	#FEFEFE
4180	#FEFDFD	#FFFFFF
4181	#FBF6F5	#FFFFFF
4182	#EEECF6	#FFFFFF
4183	#E8CECA	#FEFEFE
4184	#EFECF6	#FFFFFF
4185	#E5E2F1	#FEFEFE
4186	#E4C6C2	#FCFCFC
4188	#C3BBDE	#FDFDFD
4189	#FAF9FC	#FFFFFF
4190	#ECD5D2	#FEFEFE
4191	#FBFAFD	#FFFFFF
4192	#DDD8EC	#FEFEFE
4193	#CF9C96	#FCFCFC
4194	#F7EDEC	#FEFEFE
4195	#E6C8C4	#FDFDFD
4196	#EDEBF5	#FEFEFE
4197	#E9CECA	#FEFEFE
4198	#F6F5FA	#FFFFFF
4199	#FFFEFE	#FFFFFF
4200	#DAD5EB	#FCFCFC
4201	#ECE9F5	#FEFEFE
4202	#F7ECEB	#FFFFFF
4203	#F6F4FA	#FFFFFF
4204	#FCF8F7	#FFFFFF
4205	#F7ECEB	#FFFFFF
4206	#F4E5E4	#FEFEFE
4207	#F1E0DE	#FEFEFE
4208	#AEA5D3	#FCFCFC
4209	#DDD8EC	#FEFEFE
4210	#E2C1BD	#FDFDFD
4211	#E8CECA	#FEFEFE
4212	#E1BEBA	#FEFEFE
4213	#F9F8FC	#FFFFFF
4214	#FFFFFF	#FFFFFF
4215	#EDEAF5	#FEFEFE
4216	#C3BBDE	#FDFDFD
4217	#E8CDCA	#FEFEFE
4218	#F4E6E4	#FEFEFE
4219	#F4E5E3	#FEFEFE
4220	#F2F0F8	#FFFFFF
4221	#CAC3E2	#FCFCFC
4222	#D4CFE8	#FDFDFD
4223	#FBFBFD	#FFFFFF
4224	#F7EDEC	#FFFFFF
4225	#F1E0DE	#FEFEFE
4226	#EDEAF5	#FEFEFE
4227	#FAF9FC	#FFFFFF
4228	#F7EDEC	#FFFFFF
4229	#FAF9FC	#FFFFFF
4230	#FEFCFC	#FFFFFF
4231	#EFECF6	#FEFEFE
4232	#E6C8C4	#FDFDFD
4233	#ECD5D2	#FEFEFE
4234	#EEECF6	#FEFEFE
4235	#F7EDEB	#FFFFFF
4236	#D4CFE8	#FDFDFD
4237	#E9CECA	#FEFEFE
4238	#D3A59F	#FCFCFC
4239	#FCFBFD	#FFFFFF
4240	#F1E0DD	#FEFEFE
4241	#AEA5D3	#FCFCFC
4242	#F4E5E3	#FEFEFE
4244	#F1E0DE	#FEFEFE
4245	#FBFBFD	#FFFFFF
4246	#EDD6D3	#FEFEFE
4247	#FCF7F7	#FFFFFF
4248	#F1F0F8	#FFFFFF
4249	#F9F9FC	#FFFFFF
4250	#FDFBFA	#FFFFFF
4251	#ECE9F5	#FEFEFE
4252	#FAF9FC	#FFFFFF
4253	#FEFDFD	#FFFFFF
4254	#EDEAF5	#FEFEFE
4255	#EFEDF6	#FEFEFE
4256	#F1DFDD	#FEFEFE
4257	#F4E6E4	#FEFEFE
4258	#FBF6F6	#FFFFFF
4259	#E5E2F1	#FEFEFE
4260	#FBF6F5	#FFFFFF
4261	#FDFDFE	#FFFFFF
4262	#CF9D97	#FCFCFC
4263	#EEDAD7	#FEFEFE
4264	#ECD5D2	#FEFEFE
4265	#FBF6F5	#FFFFFF
4266	#F1E0DE	#FEFEFE
4267	#FAF9FC	#FFFFFF
4268	#F4E5E3	#FEFEFE
4269	#FFFFFF	#FFFFFF
4270	#FEFDFD	#FFFFFF
4271	#E4E0F0	#FEFEFE
4272	#F7F6FB	#FFFFFF
4273	#FFFFFF	#FFFFFF
4274	#FBF6F5	#FFFFFF
4275	#C4BCDF	#FCFCFC
4276	#F0EDF7	#FFFFFF
4277	#ECD6D3	#FEFEFE
4278	#D9AFAA	#FDFDFD
4279	#F1E0DE	#FEFEFE
4280	#FBF6F5	#FFFFFF
4281	#FEFEFF	#FFFFFF
4282	#F1E0DD	#FEFEFE
4283	#F7ECEA	#FFFFFF
4284	#D09E98	#FCFCFC
4285	#E2C1BC	#FDFDFD
4286	#C8C1E1	#FCFCFC
4287	#E1BEBA	#FEFEFE
4289	#FBFBFD	#FFFFFF
4290	#F4E5E3	#FEFEFE
4291	#F8EEED	#FFFFFF
4292	#FBF6F5	#FFFFFF
4293	#D9AFAA	#FDFDFD
4294	#F2F0F8	#FEFEFE
4295	#EFDCD9	#FEFEFE
4296	#CEC7E4	#FDFDFD
4297	#ECD6D3	#FEFEFE
4298	#F7EEEC	#FFFFFF
4299	#CDC7E4	#FDFDFD
4300	#F2E3E1	#FEFEFE
4301	#F5E9E7	#FEFEFE
4302	#F9F9FC	#FFFFFF
4303	#D4A5A0	#FCFCFC
4304	#FBFAFD	#FFFFFF
4305	#FBF6F6	#FFFFFF
4306	#F2F0F8	#FFFFFF
4307	#FCF8F7	#FFFFFF
4308	#F6F5FA	#FFFFFF
4309	#E5E2F1	#FEFEFE
4310	#E6C9C5	#FDFDFD
4311	#F1DFDD	#FEFEFE
4312	#F9F1F0	#FFFFFF
4313	#E4C4C0	#FDFDFD
4314	#F7EDEC	#FEFEFE
4315	#CC9791	#FCFCFC
4316	#CC9891	#FCFCFC
4317	#ECD5D2	#FEFEFE
4318	#EFDBD9	#FEFEFE
4319	#ECD4D1	#FDFDFD
4320	#F7F5FA	#FFFFFF
4321	#F7ECEB	#FEFEFE
4322	#E9E5F3	#FEFEFE
4323	#F9F8FC	#FFFFFF
4324	#D4CEE7	#FDFDFD
4325	#FBFAFD	#FFFFFF
4326	#C3BBDE	#FDFDFD
4327	#AEA5D3	#FCFCFC
4328	#F4E6E4	#FEFEFE
4329	#F7ECEB	#FFFFFF
4330	#E8E5F3	#FEFEFE
4331	#E8E5F3	#FEFEFE
4332	#E6C8C4	#FDFDFD
4333	#A096CB	#FBFBFB
4334	#EEECF6	#FFFFFF
4335	#EBE9F4	#FEFEFE
4336	#E1BEB9	#FEFEFE
4337	#F1E0DE	#FEFEFE
4338	#FCF7F7	#FFFFFF
4339	#FCFCFD	#FFFFFF
4340	#EAD2CE	#FDFDFD
4341	#FBFAFD	#FFFFFF
4342	#EFEDF6	#FEFEFE
4343	#ECD5D2	#FEFEFE
4345	#F4E5E3	#FEFEFE
4346	#F7F5FA	#FFFFFF
4347	#A096CB	#FBFBFB
4348	#EAE7F4	#FEFEFE
4349	#EEECF6	#FEFEFE
4350	#CAC4E2	#FCFCFC
4351	#E9E5F3	#FEFEFE
4352	#E6E3F2	#FEFEFE
4353	#FCFBFD	#FFFFFF
4354	#F4E5E3	#FEFEFE
4355	#FBF6F5	#FFFFFF
4356	#F8EFEE	#FEFEFE
4357	#FEFDFD	#FFFFFF
4358	#FAF9FC	#FFFFFF
4359	#F6EAE8	#FEFEFE
4360	#ECE9F5	#FEFEFE
4361	#F9F1F0	#FFFFFF
4362	#BEB6DC	#FCFCFC
4363	#DDD8EC	#FEFEFE
4364	#FBF6F6	#FFFFFF
4365	#FAF9FC	#FFFFFF
4366	#F1E0DE	#FEFEFE
4367	#9086C3	#F9F9F9
4368	#F6F5FA	#FFFFFF
4369	#DDD8EC	#FEFEFE
4370	#E0BEB9	#FDFDFD
4371	#EEECF6	#FFFFFF
4372	#F5E8E6	#FEFEFE
4373	#F4E5E3	#FEFEFE
4374	#FBF6F6	#FFFFFF
4375	#EEECF6	#FEFEFE
4376	#FCFBFD	#FFFFFF
4377	#F3E5E3	#FEFEFE
4378	#FBF6F5	#FFFFFF
4379	#F1DFDD	#FEFEFE
4380	#ECD6D3	#FEFEFE
4381	#D9B0AB	#FDFDFD
4382	#F6F5FA	#FFFFFF
4383	#F7EDEB	#FFFFFF
4384	#F9F9FC	#FFFFFF
4385	#EBE8F4	#FEFEFE
4386	#DDD8EC	#FEFEFE
4387	#F9F1F0	#FFFFFF
4388	#E4E1F1	#FEFEFE
4390	#F1DFDD	#FEFEFE
4391	#ECD5D2	#FEFEFE
4393	#FBF6F5	#FFFFFF
4394	#CCC5E3	#FDFDFD
4395	#F6F5FA	#FFFFFF
4396	#E4C4BF	#FDFDFD
4397	#F2F1F8	#FFFFFF
4398	#FBF6F5	#FFFFFF
4399	#F7EDEB	#FFFFFF
4400	#E5E1F1	#FEFEFE
4401	#FDFBFB	#FFFFFF
4402	#EDEBF5	#FEFEFE
4403	#FAF4F3	#FFFFFF
4404	#F9F2F1	#FFFFFF
4405	#F7EDEC	#FEFEFE
4406	#D9B0AB	#FDFDFD
4407	#EAD1CE	#FDFDFD
4408	#E9CECB	#FEFEFE
4409	#EBE8F4	#FEFEFE
4410	#DED9ED	#FEFEFE
4411	#ECD5D2	#FEFEFE
4412	#F9F1F0	#FFFFFF
4413	#FCFBFD	#FFFFFF
4414	#F9F9FC	#FFFFFF
4415	#FBF6F5	#FFFFFF
4416	#D9B0AB	#FDFDFD
4417	#FBF6F5	#FFFFFF
4418	#F1E0DD	#FEFEFE
4419	#ECD5D2	#FEFEFE
4420	#FBF6F5	#FFFFFF
4421	#FBFAFD	#FFFFFF
4422	#F7EDEB	#FFFFFF
4423	#DDD9ED	#FDFDFD
4424	#EAE7F4	#FEFEFE
4425	#F4E5E4	#FEFEFE
4426	#F1E0DE	#FEFEFE
4427	#E0BDB9	#FDFDFD
4428	#EFDCD9	#FEFEFE
4429	#FBF7F6	#FFFFFF
4430	#F9F1F0	#FFFFFF
4431	#C7BFE0	#FCFCFC
4432	#F8EEED	#FFFFFF
4433	#E9E5F3	#FEFEFE
4434	#E8E5F3	#FEFEFE
4435	#EFDCD9	#FEFEFE
4436	#E1BEB9	#FEFEFE
4437	#E6C8C4	#FDFDFD
4438	#B2A9D5	#FAFAFA
4439	#EFEDF6	#FEFEFE
4440	#E1BEBA	#FEFEFE
4441	#FAF9FC	#FFFFFF
4442	#F4E5E4	#FEFEFE
4443	#D4A59F	#FCFCFC
4444	#F7EDEB	#FEFEFE
4446	#ECD5D2	#FEFEFE
4447	#FBF7F6	#FFFFFF
4448	#FBFAFD	#FFFFFF
4449	#FBF6F5	#FFFFFF
4450	#DED9ED	#FDFDFD
4451	#DCD7EC	#FEFEFE
4452	#FBF6F5	#FFFFFF
4453	#E2DEEF	#FDFDFD
4454	#E5C7C3	#FCFCFC
4455	#E5E1F1	#FEFEFE
4456	#F2F0F8	#FFFFFF
4457	#F9F9FC	#FFFFFF
4458	#E2C0BB	#FDFDFD
4459	#E7E4F2	#FEFEFE
4460	#FAF4F3	#FFFFFF
4461	#F1E0DE	#FEFEFE
4462	#F7EDEC	#FEFEFE
4463	#F1E0DE	#FEFEFE
4464	#FBFBFD	#FFFFFF
4465	#D9B0AB	#FDFDFD
4466	#E6C8C4	#FDFDFD
4467	#FBFAFD	#FFFFFF
4468	#F9F8FC	#FFFFFF
4469	#EAE7F4	#FEFEFE
4470	#CCC5E3	#FDFDFD
4471	#FAF9FC	#FFFFFF
4472	#ECD5D2	#FEFEFE
4473	#CF9E97	#FCFCFC
4474	#E6C8C4	#FDFDFD
4475	#F4E6E4	#FEFEFE
4476	#F9F1F0	#FFFFFF
4477	#F4E6E4	#FEFEFE
4478	#FBF6F5	#FFFFFF
4479	#FBFAFD	#FFFFFF
4480	#EDEAF5	#FEFEFE
4481	#C3BBDE	#FDFDFD
4482	#DED9ED	#FEFEFE
4483	#FBFAFD	#FFFFFF
4484	#F1DFDD	#FEFEFE
4485	#EEEBF6	#FEFEFE
4486	#D9AFAA	#FDFDFD
4487	#EED9D6	#FEFEFE
4488	#F3F1F8	#FFFFFF
4489	#F6F4FA	#FFFFFF
4491	#ECD5D2	#FEFEFE
4492	#F8EEED	#FFFFFF
4493	#E6C8C4	#FDFDFD
4494	#F7ECEB	#FFFFFF
4495	#F7EDEB	#FFFFFF
4496	#FBFAFD	#FFFFFF
4497	#E4E0F0	#FEFEFE
4498	#F7EDEB	#FFFFFF
4499	#E9E5F3	#FEFEFE
4500	#E6C8C5	#FDFDFD
4501	#EDD6D3	#FEFEFE
4502	#FAFAFD	#FFFFFF
4503	#E2DEEF	#FDFDFD
4504	#F3E4E2	#FEFEFE
4505	#FBF6F5	#FFFFFF
4506	#F9F9FC	#FFFFFF
4507	#F6F5FA	#FFFFFF
4508	#F4E6E4	#FEFEFE
4509	#FCF7F6	#FFFFFF
4510	#F6F5FA	#FFFFFF
4511	#F1DFDD	#FEFEFE
4512	#A79ECF	#FBFBFB
4513	#FAFAFC	#FFFFFF
4514	#FBF6F5	#FFFFFF
4515	#F7EDEC	#FEFEFE
4516	#E8E5F3	#FEFEFE
4517	#EDEAF5	#FEFEFE
4518	#F2F1F8	#FFFFFF
4519	#A79DCF	#FBFBFB
4520	#EFECF6	#FFFFFF
4521	#F1DFDD	#FEFEFE
4522	#EBD3D0	#FEFEFE
4523	#EEECF6	#FFFFFF
4524	#F6F5FA	#FFFFFF
4525	#FEFDFD	#FFFFFF
4526	#F2F0F8	#FEFEFE
4527	#E5E1F1	#FEFEFE
4528	#CDC7E4	#FCFCFC
4529	#FBFAFD	#FFFFFF
4530	#EED9D7	#FEFEFE
4531	#C48A83	#FBFBFB
4532	#ECD5D3	#FEFEFE
4533	#E1BEBA	#FEFEFE
4534	#D5CFE8	#FEFEFE
4535	#FEFCFC	#FFFFFF
4536	#F6F4FA	#FFFFFF
4537	#E9CECB	#FEFEFE
4538	#E5E2F1	#FEFEFE
4539	#EFEDF6	#FEFEFE
4540	#B7AED8	#FBFBFB
4541	#FBF6F5	#FFFFFF
4542	#EBD3D0	#FEFEFE
4543	#F1DFDD	#FEFEFE
4544	#E6E2F1	#FEFEFE
4545	#F2E3E1	#FEFEFE
4547	#F1DFDD	#FEFEFE
4548	#F6F4FA	#FFFFFF
4549	#D3CDE7	#FDFDFD
4550	#F9F1F0	#FFFFFF
4551	#F7F5FA	#FFFFFF
4552	#CCC5E3	#FDFDFD
4553	#F6F5FA	#FFFFFF
4554	#E5E1F1	#FEFEFE
4555	#F4E6E4	#FEFEFE
4556	#FBF6F5	#FFFFFF
4557	#EDD7D4	#FEFEFE
4558	#F8EEED	#FFFFFF
4559	#CC9791	#FCFCFC
4560	#EAE7F4	#FEFEFE
4561	#EAE7F4	#FEFEFE
4562	#ECD5D2	#FEFEFE
4563	#DDD8EC	#FEFEFE
4564	#CF9D97	#FCFCFC
4565	#FFFEFE	#FFFFFF
4566	#FBFAFD	#FFFFFF
4567	#F9F2F0	#FFFFFF
4568	#F9F8FC	#FFFFFF
4569	#ECD4D1	#FDFDFD
4570	#F0EEF7	#FEFEFE
4571	#E6C8C5	#FDFDFD
4572	#F9F1F0	#FFFFFF
4573	#F8EEED	#FFFFFF
4574	#D9B0AB	#FDFDFD
4575	#FCF7F7	#FFFFFF
4576	#E5E2F1	#FEFEFE
4577	#E6E2F1	#FEFEFE
4578	#F1E0DE	#FEFEFE
4579	#FEFDFD	#FFFFFF
4580	#F1E0DE	#FEFEFE
4581	#E6C8C4	#FCFCFC
4582	#E6C8C4	#FDFDFD
4583	#DCD8EC	#FDFDFD
4584	#FBF6F5	#FFFFFF
4585	#FBF6F5	#FFFFFF
4586	#EFEDF7	#FEFEFE
4587	#FBF6F6	#FFFFFF
4589	#EEECF6	#FEFEFE
4590	#CC9791	#FCFCFC
4592	#F0DEDC	#FEFEFE
4593	#FCFCFD	#FFFFFF
4594	#FEFDFC	#FFFFFF
4595	#EAD1CE	#FDFDFD
4596	#EFDCD9	#FEFEFE
4597	#EBD3D0	#FEFEFE
4598	#D9AFAA	#FDFDFD
4599	#FBF6F5	#FFFFFF
4600	#F6F5FA	#FFFFFF
4601	#F4E5E3	#FEFEFE
4602	#EFDCD9	#FEFEFE
4603	#FBF6F6	#FFFFFF
4604	#F7ECEB	#FFFFFF
4605	#F7ECEB	#FFFFFF
4606	#E1BEB9	#FDFDFD
4607	#EBD4D0	#FEFEFE
4608	#CF9D97	#FCFCFC
4609	#FBF7F6	#FFFFFF
4610	#EDD7D4	#FDFDFD
4611	#F8EEED	#FFFFFF
4612	#C4BDDF	#FCFCFC
4613	#C4BDDF	#FCFCFC
4614	#EEECF6	#FEFEFE
4615	#F5F4FA	#FFFFFF
4616	#F8EEED	#FFFFFF
4617	#FBF6F6	#FFFFFF
4618	#E9CECA	#FEFEFE
4619	#F9F1F0	#FFFFFF
4620	#EDEAF5	#FEFEFE
4621	#FBFAFD	#FFFFFF
4622	#F4E6E4	#FEFEFE
4623	#FAFAFD	#FFFFFF
4624	#FAF9FC	#FFFFFF
4625	#E6C8C4	#FDFDFD
4626	#F8F6FB	#FFFFFF
4627	#FBFAFD	#FFFFFF
4628	#EFECF6	#FEFEFE
4629	#F7EDEC	#FEFEFE
4630	#FBF7F6	#FFFFFF
4631	#EFEDF6	#FFFFFF
4632	#FCF8F7	#FFFFFF
4633	#DBD7EC	#FEFEFE
4634	#DCD7EC	#FEFEFE
4635	#CBC5E3	#FDFDFD
4636	#FBF6F5	#FFFFFF
4637	#DDD8EC	#FEFEFE
4638	#EFECF6	#FEFEFE
4639	#E9CECA	#FEFEFE
4640	#FBF6F5	#FFFFFF
4641	#F9F2F1	#FFFFFF
4642	#FDFDFE	#FFFFFF
4643	#FEFDFC	#FFFFFF
4644	#F8EFED	#FEFEFE
4645	#F1DFDD	#FEFEFE
4646	#EDD6D3	#FEFEFE
4650	#FEFDFC	#FFFFFF
4651	#FFFFFF	#FFFFFF
4652	#E3DFF0	#FEFEFE
4653	#F9F1F0	#FFFFFF
4654	#F1E0DE	#FEFEFE
4655	#DCD7EC	#FEFEFE
4656	#FAFAFC	#FFFFFF
4657	#FAF9FC	#FFFFFF
4658	#F1DFDD	#FEFEFE
4659	#D3CDE7	#FDFDFD
4660	#E6C8C4	#FDFDFD
4661	#F0DCDA	#FEFEFE
4662	#EAE7F4	#FEFEFE
4663	#CF9D97	#FCFCFC
4664	#E1BEB9	#FDFDFD
4665	#EDEAF5	#FEFEFE
4666	#FBFAFD	#FFFFFF
4667	#FDFBFB	#FFFFFF
4668	#D3A59F	#FCFCFC
4669	#F2E1DE	#FEFEFE
4670	#F9F2F1	#FFFFFF
4671	#FBF5F4	#FFFFFF
4672	#F8EEED	#FFFFFF
4673	#EFECF6	#FEFEFE
4674	#D9B0AB	#FDFDFD
4675	#F1DFDD	#FEFEFE
4676	#F0DDDA	#FEFEFE
4677	#EBD4D0	#FEFEFE
4678	#E1BEB9	#FEFEFE
4679	#F6F5FA	#FFFFFF
4680	#EEECF6	#FEFEFE
4681	#FBFAFD	#FFFFFF
4682	#FDFCFE	#FFFFFF
4683	#E6E3F1	#FEFEFE
4684	#EDEBF5	#FEFEFE
4685	#E6C8C4	#FDFDFD
4686	#F1E0DE	#FEFEFE
4687	#F9F1F0	#FFFFFF
4688	#ECD5D2	#FEFEFE
4689	#FEFCFC	#FFFFFF
4690	#F2F0F8	#FEFEFE
4691	#EDEBF5	#FEFEFE
4693	#DEBAB5	#FCFCFC
4694	#F6F5FA	#FFFFFF
4695	#EAD0CD	#FDFDFD
4696	#D9B0AB	#FDFDFD
4697	#EFDBD9	#FEFEFE
4698	#D4CFE8	#FEFEFE
4700	#FAF9FC	#FFFFFF
4701	#FBF6F6	#FFFFFF
4702	#F2F0F8	#FFFFFF
4703	#EDD7D4	#FEFEFE
4704	#E6C8C4	#FDFDFD
4705	#F6EAE8	#FEFEFE
4706	#F4E5E3	#FEFEFE
4707	#F8EEED	#FFFFFF
4708	#F7ECEB	#FFFFFF
4709	#FEFDFD	#FFFFFF
4710	#FBFAFD	#FFFFFF
4711	#EBD2CF	#FDFDFD
4712	#DFDAED	#FEFEFE
4713	#D4CFE8	#FEFEFE
4714	#F6EBE9	#FEFEFE
4715	#FDFBFB	#FFFFFF
4716	#F1DFDC	#FEFEFE
4717	#F8EEED	#FFFFFF
4718	#DDD8EC	#FEFEFE
4719	#F8EEED	#FFFFFF
4720	#F2F0F8	#FEFEFE
4721	#F1E0DD	#FEFEFE
4722	#F6F4FA	#FFFFFF
4723	#E4E1F1	#FEFEFE
4724	#F9F9FC	#FFFFFF
4725	#FBF6F6	#FFFFFF
4726	#E8CDCA	#FEFEFE
4727	#D3CDE7	#FDFDFD
4728	#EDEBF5	#FEFEFE
4729	#E9CECA	#FEFEFE
4730	#FBFBFD	#FFFFFF
4731	#E9E5F3	#FEFEFE
4732	#E6C9C5	#FDFDFD
4733	#E5E1F1	#FDFDFD
4734	#CDC6E4	#FCFCFC
4735	#F8EEEC	#FFFFFF
4736	#F8EEED	#FFFFFF
4737	#FBF6F5	#FFFFFF
4738	#D5CFE8	#FEFEFE
4739	#FBFBFD	#FFFFFF
4740	#F2E2E0	#FEFEFE
4741	#DFBBB7	#FCFCFC
4742	#C9928B	#FBFBFB
4743	#FCFBFD	#FFFFFF
4744	#E4C6C2	#FCFCFC
4745	#E6C8C5	#FDFDFD
4746	#F8F7FB	#FFFFFF
4747	#D3CEE7	#FDFDFD
4749	#FBFBFD	#FFFFFF
4751	#ECD5D2	#FEFEFE
4752	#ECEAF5	#FEFEFE
4753	#FFFFFF	#FFFFFF
4754	#F1E0DD	#FEFEFE
4755	#D3A59F	#FCFCFC
4756	#FEFCFC	#FFFFFF
4757	#FBF6F5	#FFFFFF
4758	#F6EAE8	#FEFEFE
4759	#F2F0F8	#FFFFFF
4760	#EDEAF5	#FEFEFE
4761	#FAF9FC	#FFFFFF
4762	#DDD9ED	#FDFDFD
4763	#F8EEED	#FFFFFF
4764	#FBF6F6	#FFFFFF
4765	#E8CECA	#FEFEFE
4766	#F7ECEB	#FFFFFF
4767	#FBF6F6	#FFFFFF
4768	#F6F5FA	#FFFFFF
4769	#B7AFD8	#FDFDFD
4770	#E9CFCC	#FDFDFD
4771	#FBFAFD	#FFFFFF
4772	#FDFBFB	#FFFFFF
4773	#FCF7F6	#FFFFFF
4774	#EEECF6	#FFFFFF
4775	#F1DFDD	#FEFEFE
4776	#FBFAFD	#FFFFFF
4777	#EFECF6	#FEFEFE
4778	#F2F0F8	#FEFEFE
4779	#FDFAFA	#FFFFFF
4780	#E4E1F1	#FEFEFE
4781	#FBFBFD	#FFFFFF
4782	#F1EFF8	#FFFFFF
4783	#FBF7F6	#FFFFFF
4784	#ECD4D1	#FDFDFD
4785	#F1E0DD	#FEFEFE
4786	#F1DFDD	#FEFEFE
4787	#FBFAFD	#FFFFFF
4788	#FAF9FC	#FFFFFF
4789	#FBFAFD	#FFFFFF
4790	#D4CEE8	#FDFDFD
4791	#F1E0DE	#FEFEFE
4792	#FBF6F6	#FFFFFF
4794	#F1DFDD	#FEFEFE
4795	#F0DDDA	#FDFDFD
4796	#F4E7E5	#FEFEFE
4797	#FBFAFD	#FFFFFF
4798	#F2F0F8	#FFFFFF
4799	#E1BEB9	#FEFEFE
4800	#D9B0AA	#FDFDFD
4801	#E9E5F3	#FEFEFE
4802	#F7ECEA	#FFFFFF
4803	#EEECF6	#FFFFFF
4804	#EEECF6	#FFFFFF
4805	#F9F8FC	#FFFFFF
4806	#F4E5E3	#FEFEFE
4807	#FBF6F6	#FFFFFF
4808	#ECD5D2	#FEFEFE
4809	#AEA5D3	#FCFCFC
4810	#ECD5D2	#FEFEFE
4811	#FDFAFA	#FFFFFF
4812	#E1BEB9	#FEFEFE
4813	#E5E2F1	#FEFEFE
4814	#DCD7EC	#FEFEFE
4815	#FEFCFB	#FFFFFF
4816	#F5F4FA	#FFFFFF
4817	#F2E1DF	#FEFEFE
4818	#CF9D97	#FCFCFC
4819	#FBFAFD	#FFFFFF
4820	#FFFFFF	#FFFFFF
4821	#DDD9ED	#FEFEFE
4822	#FAF9FC	#FFFFFF
4823	#E3C3BF	#FDFDFD
4824	#DCD8EC	#FEFEFE
4825	#FAF4F3	#FFFFFF
4826	#ECD5D2	#FEFEFE
4827	#EFECF6	#FFFFFF
4828	#FAF9FC	#FFFFFF
4829	#FBFBFD	#FFFFFF
4830	#FBF6F6	#FFFFFF
4831	#F9F8FC	#FFFFFF
4832	#DBD7EC	#FEFEFE
4833	#D8D2EA	#FDFDFD
4834	#EFDCDA	#FEFEFE
4835	#E8E5F3	#FEFEFE
4836	#E6E3F1	#FEFEFE
4837	#D7D1E9	#FDFDFD
4838	#F1DFDD	#FEFEFE
4839	#E6E3F2	#FEFEFE
4840	#FBFBFD	#FFFFFF
4841	#F6F5FA	#FFFFFF
4842	#FAF9FC	#FFFFFF
4843	#ECEAF5	#FEFEFE
4844	#EDD7D4	#FDFDFD
4845	#F4E5E3	#FEFEFE
4846	#EDEAF5	#FEFEFE
4847	#F9F1F0	#FFFFFF
4848	#FBF6F5	#FFFFFF
4850	#F8EFED	#FFFFFF
4851	#E9CECA	#FEFEFE
4852	#F9F0EF	#FFFFFF
4853	#FEFEFE	#FFFFFF
4854	#FAF9FC	#FFFFFF
4855	#F3F1F8	#FFFFFF
4856	#F7ECEB	#FFFFFF
4857	#EEEBF6	#FFFFFF
4858	#FCF7F7	#FFFFFF
4859	#D6D1E9	#FDFDFD
4860	#E8E5F3	#FEFEFE
4861	#FDFBFB	#FFFFFF
4862	#EBD4D0	#FEFEFE
4863	#CF9E97	#FCFCFC
4864	#F2E2E0	#FEFEFE
4865	#F9F1F0	#FFFFFF
4866	#FAF4F3	#FFFFFF
4867	#FEFDFD	#FFFFFF
4868	#EAD1CE	#FDFDFD
4869	#FAFAFC	#FFFFFF
4870	#F7ECEB	#FFFFFF
4871	#F4E6E4	#FEFEFE
4872	#ECD5D2	#FEFEFE
4873	#EBD4D0	#FEFEFE
4874	#B7AFD8	#FDFDFD
4875	#E8E5F3	#FEFEFE
4876	#F4E5E4	#FEFEFE
4877	#D4A59F	#FCFCFC
4879	#ECD5D2	#FEFEFE
4880	#FBF6F6	#FFFFFF
4881	#E8CDCA	#FEFEFE
4882	#F7EEEC	#FFFFFF
4883	#E8CECA	#FEFEFE
4884	#F0DDDA	#FEFEFE
4885	#F4E5E3	#FEFEFE
4886	#F9F9FC	#FFFFFF
4887	#E4E0F0	#FEFEFE
4888	#E1BEB9	#FEFEFE
4889	#FAFAFD	#FFFFFF
4890	#F7F5FA	#FFFFFF
4891	#F7ECEA	#FFFFFF
4892	#E1BEBA	#FEFEFE
4893	#F7ECEB	#FFFFFF
4895	#FAF4F3	#FFFFFF
4896	#F6F5FA	#FFFFFF
4897	#ECE9F5	#FEFEFE
4898	#DCB5B0	#FCFCFC
4899	#FDFBFB	#FFFFFF
4900	#F1E0DE	#FEFEFE
4901	#D5CFE8	#FEFEFE
4902	#D9AFAA	#FDFDFD
4903	#C28780	#FAFAFA
4904	#CBC4E3	#FDFDFD
4905	#FAF9FC	#FFFFFF
4906	#E6C8C4	#FDFDFD
4907	#ECD4D1	#FDFDFD
4908	#EEECF6	#FEFEFE
4909	#DBD7EC	#FEFEFE
4910	#F5F4FA	#FFFFFF
4911	#D4A59F	#FCFCFC
4912	#F8EFED	#FFFFFF
4913	#E1BEBA	#FEFEFE
4914	#E2C0BC	#FDFDFD
4915	#F5F4FA	#FFFFFF
4916	#F4E7E5	#FEFEFE
4917	#EFECF6	#FEFEFE
4918	#F9F8FC	#FFFFFF
4919	#FFFFFF	#FFFFFF
4920	#FBF5F5	#FFFFFF
4921	#E3C3BF	#FDFDFD
4922	#DCB5B0	#FCFCFC
4923	#F4E5E3	#FEFEFE
4924	#EBD4D0	#FEFEFE
4925	#F1E0DE	#FEFEFE
4926	#EFDCDA	#FEFEFE
4927	#EED9D7	#FEFEFE
4928	#F9F2F1	#FFFFFF
4929	#D3CDE7	#FDFDFD
4930	#F1DFDD	#FEFEFE
4931	#E4E1F1	#FEFEFE
4932	#F8F0EF	#FFFFFF
4933	#E0BCB7	#FCFCFC
4934	#F6F4FA	#FFFFFF
4935	#EAD0CD	#FDFDFD
4936	#FBF6F5	#FFFFFF
4937	#DBD7EC	#FEFEFE
4938	#FBF6F5	#FFFFFF
4939	#BEB6DC	#FAFAFA
4940	#FBF6F5	#FFFFFF
4941	#D5CFE8	#FEFEFE
4942	#F9F1F0	#FFFFFF
4943	#F7EEEC	#FFFFFF
4944	#EDEAF5	#FEFEFE
4945	#F9F1F0	#FFFFFF
4946	#FFFFFF	#FFFFFF
4947	#FEFCFC	#FFFFFF
4948	#FBF6F6	#FFFFFF
4949	#EFECF6	#FEFEFE
4952	#EBD4D0	#FEFEFE
4953	#E9E5F3	#FEFEFE
4954	#E4C4C0	#FDFDFD
4955	#F9F8FC	#FFFFFF
4956	#CF9D97	#FCFCFC
4957	#F1E0DD	#FEFEFE
4958	#E6E2F1	#FEFEFE
4959	#F7EDEC	#FEFEFE
4960	#F1DFDD	#FEFEFE
4961	#FDFAF9	#FFFFFF
4962	#FAFAFC	#FFFFFF
4963	#F5F4FA	#FFFFFF
4964	#DFBBB7	#FCFCFC
4965	#D5CFE8	#FDFDFD
4966	#FBF7F6	#FFFFFF
4967	#F9F8FC	#FFFFFF
4968	#F9F8FC	#FFFFFF
4969	#F6F4FA	#FFFFFF
4970	#E4E0F0	#FEFEFE
4971	#F1DFDD	#FEFEFE
4972	#FAF4F3	#FFFFFF
4973	#D4CFE8	#FEFEFE
4974	#E0BEB9	#FEFEFE
4975	#E1BEB9	#FEFEFE
4976	#ECD5D2	#FEFEFE
4977	#F0DDDA	#FEFEFE
4978	#F9F2F1	#FFFFFF
4979	#ECD5D2	#FEFEFE
4980	#E2C0BC	#FDFDFD
4981	#F6EAE9	#FEFEFE
4982	#FAF3F2	#FFFFFF
4983	#E4E1F0	#FEFEFE
4984	#E2C0BC	#FDFDFD
4985	#E8CDCA	#FEFEFE
4986	#D3A59F	#FCFCFC
4987	#D3CDE7	#FDFDFD
4988	#F7EDEB	#FFFFFF
4989	#F6F4FA	#FFFFFF
4990	#FBF6F6	#FFFFFF
4991	#E4E0F0	#FEFEFE
4992	#F9F9FC	#FFFFFF
4993	#FEFDFD	#FFFFFF
4994	#D5CFE8	#FEFEFE
4996	#E6C8C5	#FDFDFD
4997	#EDEBF5	#FEFEFE
4998	#E9D0CC	#FDFDFD
4999	#FEFDFC	#FFFFFF
5000	#CC9791	#FCFCFC
5001	#E4C4C0	#FDFDFD
5002	#F1DFDD	#FEFEFE
5003	#EBD4D0	#FEFEFE
5004	#F1E0DE	#FEFEFE
5005	#F6F5FA	#FFFFFF
5006	#FBF7F6	#FFFFFF
5007	#F4E6E4	#FEFEFE
5008	#CF9D97	#FCFCFC
5009	#FEFDFD	#FFFFFF
5010	#F3E5E3	#FEFEFE
5011	#EEECF6	#FFFFFF
5012	#FBFAFD	#FFFFFF
5013	#FEFDFD	#FFFFFF
5014	#EBD3D0	#FEFEFE
5015	#F2F0F8	#FFFFFF
5016	#E1BEB9	#FEFEFE
5017	#EFECF6	#FFFFFF
5018	#D7D2EA	#FDFDFD
5019	#FCFCFD	#FFFFFF
5020	#F7EDEC	#FEFEFE
5021	#C4BDDF	#FCFCFC
5022	#F9F9FC	#FFFFFF
5023	#DDD8ED	#FEFEFE
5024	#FBF6F5	#FFFFFF
5025	#E8E5F3	#FEFEFE
5026	#F1DFDD	#FEFEFE
5027	#FDFAFA	#FFFFFF
5028	#F9F9FC	#FFFFFF
5029	#C68E87	#FBFBFB
5030	#FBF6F5	#FFFFFF
5031	#F8EEED	#FFFFFF
5032	#FBF7F6	#FFFFFF
5033	#FFFFFF	#FFFFFF
5034	#ECEAF5	#FEFEFE
5035	#F7ECEB	#FFFFFF
5037	#F7EDEB	#FFFFFF
5038	#F4E5E3	#FEFEFE
5039	#FBF6F6	#FFFFFF
5040	#E9CECB	#FEFEFE
5041	#FBFBFD	#FFFFFF
5042	#E8E5F3	#FEFEFE
5043	#E8CDCA	#FEFEFE
5044	#F1DFDD	#FEFEFE
5045	#D3CEE7	#FDFDFD
5046	#FEFCFC	#FFFFFF
5047	#EFECF6	#FEFEFE
5048	#F2E1DE	#FEFEFE
5049	#F9F8FC	#FFFFFF
5050	#F1E0DD	#FEFEFE
