group	fill	colour
1	#F7EEEC	#FEFEFE
2	#E5E2F1	#FEFEFE
3	#FDFAFA	#FFFFFF
4	#F6F4FA	#FFFFFF
5	#F0EEF7	#FEFEFE
6	#FDFAF9	#FFFFFF
7	#EAD0CD	#FDFDFD
8	#F9F0EF	#FEFEFE
9	#EDD7D4	#FDFDFD
10	#F2E2E0	#FDFDFD
11	#FAF4F3	#FFFFFF
12	#F6EAE9	#FEFEFE
13	#F0DDDA	#FDFDFD
14	#EEEBF6	#FEFEFE
15	#F8EEED	#FEFEFE
16	#FAF3F2	#FFFFFF
17	#EED9D7	#FDFDFD
18	#EFDCD9	#FEFEFE
19	#F3E4E2	#FDFDFD
20	#EED9D7	#FEFEFE
21	#FCFCFD	#FFFFFF
22	#F4E5E3	#FEFEFE
23	#F6F5FA	#FFFFFF
24	#FBFAFD	#FFFFFF
25	#E5C7C3	#FBFBFB
26	#E7E3F2	#FEFEFE
27	#F6F5FA	#FFFFFF
28	#EBD4D1	#FDFDFD
29	#DEBAB5	#FCFCFC
30	#FCF7F7	#FFFFFF
31	#FBF5F4	#FFFFFF
32	#E3C2BE	#FCFCFC
33	#FDFDFE	#FFFFFF
34	#D7D2E9	#FDFDFD
35	#FCF9F8	#FFFFFF
36	#FEFCFC	#FFFFFF
37	#EAE7F4	#FEFEFE
38	#E8E5F3	#FEFEFE
39	#FDFAFA	#FFFFFF
40	#FBF6F5	#FFFFFF
41	#FEFCFB	#FFFFFF
42	#F5E8E6	#FEFEFE
43	#FAF4F3	#FFFFFF
44	#FFFFFF	#FFFFFF
45	#FDFAFA	#FFFFFF
46	#C9918B	#FBFBFB
47	#E8CDCA	#FEFEFE
48	#F1EFF7	#FEFEFE
49	#E6E2F1	#FEFEFE
50	#FEFCFB	#FFFFFF
52	#EDD6D3	#FEFEFE
53	#F7F6FB	#FFFFFF
54	#F9F0EF	#FFFFFF
55	#E2C1BD	#FAFAFA
56	#FBFAFD	#FFFFFF
57	#E7CBC8	#FDFDFD
58	#ECD4D1	#FDFDFD
59	#F2E3E1	#FEFEFE
60	#FBF7F6	#FFFFFF
61	#F7EDEB	#FEFEFE
62	#EED8D6	#FCFCFC
63	#F4E5E3	#FDFDFD
64	#FFFEFE	#FFFFFF
65	#E8E5F3	#FEFEFE
66	#F8EEED	#FEFEFE
67	#FEFCFC	#FFFFFF
68	#DCB5B0	#FCFCFC
69	#EDD6D3	#FDFDFD
70	#F5E8E6	#FEFEFE
71	#EFDBD9	#FEFEFE
72	#EDD7D4	#FDFDFD
73	#DFBBB6	#FCFCFC
74	#F7ECEA	#FFFFFF
75	#EDD8D5	#FDFDFD
76	#E6C9C5	#FDFDFD
77	#EAD0CD	#FDFDFD
78	#FEFCFB	#FFFFFF
79	#EDD7D4	#FEFEFE
80	#C28780	#FAFAFA
81	#DFBBB7	#FCFCFC
82	#FDFBFA	#FFFFFF
83	#EBD3D0	#FDFDFD
84	#F6E9E8	#FEFEFE
85	#F7F5FA	#FFFFFF
86	#FEFDFE	#FFFFFF
87	#F3E5E3	#FEFEFE
88	#F8F7FB	#FFFFFF
89	#F5E7E5	#FEFEFE
90	#FCF8F7	#FFFFFF
91	#E1DDEF	#FDFDFD
92	#EBD3D0	#FDFDFD
93	#F3F1F8	#FEFEFE
94	#F4F3F9	#FEFEFE
95	#F0DDDB	#FEFEFE
97	#FBFBFD	#FFFFFF
98	#FEFEFF	#FFFFFF
99	#F6EAE8	#FEFEFE
100	#F6F5FA	#FFFFFF
101	#FAF9FC	#FFFFFF
102	#F6F5FA	#FFFFFF
103	#EDD6D3	#FEFEFE
104	#FBF6F5	#FFFFFF
105	#F7ECEA	#FEFEFE
106	#EAD1CE	#FDFDFD
107	#B7746C	#F9F9F9
108	#F2E1DE	#FEFEFE
109	#F8F7FB	#FFFFFF
110	#F9F1F0	#FEFEFE
111	#FBF5F5	#FFFFFF
112	#FAF4F3	#FEFEFE
113	#EBD3D0	#FCFCFC
114	#F4E5E3	#FEFEFE
115	#F6EBEA	#FEFEFE
116	#FDFAFA	#FFFFFF
117	#F3E5E3	#FDFDFD
118	#F5F4FA	#FFFFFF
119	#F7ECEB	#FEFEFE
120	#EDD7D4	#FCFCFC
121	#F7ECEA	#FEFEFE
122	#FAF3F2	#FFFFFF
123	#EFDBD8	#FEFEFE
124	#F2F0F8	#FEFEFE
125	#FEFCFC	#FFFFFF
126	#F7ECEB	#FEFEFE
127	#F4E5E3	#FEFEFE
128	#F9F8FC	#FFFFFF
129	#EDD6D4	#FEFEFE
130	#EDD7D4	#FDFDFD
131	#EEDAD7	#FDFDFD
132	#F5E9E7	#FEFEFE
133	#FEFEFE	#FFFFFF
134	#F1EFF8	#FEFEFE
135	#FDFBFB	#FFFFFF
136	#E7CBC7	#FDFDFD
137	#F8EFED	#FEFEFE
138	#EEEBF6	#FEFEFE
139	#F9F9FC	#FFFFFF
140	#EEECF6	#FEFEFE
141	#FBFAFD	#FFFFFF
142	#FCF7F7	#FFFFFF
143	#E9E6F3	#FEFEFE
144	#F9F9FC	#FFFFFF
145	#FBF6F6	#FFFFFF
146	#F5F4FA	#FFFFFF
147	#F4E7E5	#FEFEFE
148	#F6F5FA	#FFFFFF
149	#EDEAF5	#FEFEFE
150	#F5E7E6	#FEFEFE
151	#D9B0AA	#FDFDFD
153	#E8E5F2	#FDFDFD
154	#ECE9F4	#FEFEFE
155	#F9F1F0	#FFFFFF
156	#FAF9FC	#FFFFFF
157	#F2F0F8	#FEFEFE
158	#FAFAFC	#FFFFFF
159	#F0EEF7	#FEFEFE
160	#FFFEFE	#FFFFFF
161	#EFEDF6	#FEFEFE
162	#EFDBD9	#FEFEFE
163	#C9928B	#FBFBFB
164	#FAF3F2	#FFFFFF
165	#D2CDE7	#FCFCFC
166	#FBFBFD	#FFFFFF
167	#F5F3F9	#FFFFFF
168	#E3C3BF	#FCFCFC
169	#E5C7C3	#FCFCFC
170	#E5E1F1	#FEFEFE
171	#EEDAD7	#FCFCFC
172	#F2E2E0	#FDFDFD
173	#F3E4E2	#FDFDFD
174	#DAB1AC	#F7F7F7
175	#F5E9E7	#FEFEFE
176	#F2F0F8	#FEFEFE
177	#FAF3F3	#FFFFFF
178	#E4C4C0	#FCFCFC
179	#F8EEED	#FEFEFE
180	#E5C7C3	#FCFCFC
181	#F2E2E0	#FEFEFE
182	#BD7E77	#FAFAFA
183	#E9CECA	#FDFDFD
184	#F5E8E6	#FEFEFE
185	#F9F0EF	#FFFFFF
186	#E5C8C4	#FCFCFC
187	#DEDAED	#FDFDFD
188	#DCB5B0	#FCFCFC
189	#F2E2E0	#FEFEFE
190	#F6EAE8	#FEFEFE
191	#FEFCFC	#FFFFFF
192	#D8ADA8	#FBFBFB
193	#FBF6F5	#FFFFFF
194	#EFEDF6	#FEFEFE
195	#F1E0DD	#FDFDFD
196	#F8F7FB	#FFFFFF
198	#DCD7EC	#FBFBFB
199	#E1DDEF	#FDFDFD
200	#D9D3EA	#FDFDFD
201	#D0CAE5	#FCFCFC
202	#F3F1F8	#FFFFFF
203	#FAFAFC	#FFFFFF
204	#E5E2F1	#FEFEFE
205	#D0C9E5	#FBFBFB
206	#EFDCD9	#FEFEFE
207	#FBF5F5	#FFFFFF
208	#E8E5F3	#FDFDFD
209	#FEFEFF	#FFFFFF
210	#E9E6F3	#FEFEFE
211	#F9F1F0	#FFFFFF
212	#F8F7FB	#FFFFFF
213	#F5E9E8	#FEFEFE
214	#FDFBFB	#FFFFFF
215	#F1E0DD	#FEFEFE
216	#E5E1F1	#FEFEFE
217	#FCF9F8	#FFFFFF
218	#F8EEED	#FFFFFF
219	#F7EDEC	#FEFEFE
220	#EED9D6	#FEFEFE
221	#DEB9B4	#FCFCFC
222	#EDD7D4	#FCFCFC
223	#F7EDEB	#FEFEFE
224	#F7ECEB	#FEFEFE
225	#E9CECB	#FCFCFC
226	#F4E6E4	#FEFEFE
227	#F4E7E5	#FEFEFE
228	#F2E1DF	#FDFDFD
229	#FBF5F5	#FFFFFF
230	#E2C0BC	#FCFCFC
231	#E6C9C6	#FDFDFD
232	#F8EFEE	#FEFEFE
233	#BE7F78	#FAFAFA
234	#BE7F78	#FAFAFA
235	#FEFDFC	#FFFFFF
236	#F6F5FA	#FFFFFF
237	#EEECF6	#FEFEFE
238	#C6BFE0	#FBFBFB
239	#EFDCDA	#FEFEFE
240	#F6E9E8	#FEFEFE
241	#FDFAFA	#FFFFFF
242	#FEFDFC	#FFFFFF
243	#DAB2AD	#F9F9F9
244	#EBD3D0	#FCFCFC
245	#ECD6D3	#FDFDFD
246	#E0DCEE	#FDFDFD
247	#F5F3FA	#FEFEFE
248	#F8F7FB	#FFFFFF
249	#FDFDFE	#FFFFFF
250	#E1DDEF	#FDFDFD
251	#E1DDEF	#FDFDFD
252	#DDD9ED	#FDFDFD
254	#D7D2E9	#FDFDFD
255	#F2E2E0	#FEFEFE
256	#F6F5FA	#FFFFFF
257	#FFFFFF	#FFFFFF
258	#F0DDDB	#FCFCFC
259	#F5F4FA	#FFFFFF
260	#F7F6FB	#FFFFFF
261	#F5F3FA	#FFFFFF
262	#F8F7FB	#FFFFFF
263	#BA7871	#F9F9F9
264	#EEECF6	#FEFEFE
265	#F5E8E6	#FEFEFE
266	#F9F8FC	#FFFFFF
267	#E5C6C2	#FCFCFC
268	#E5C6C2	#FBFBFB
269	#FDFCFE	#FFFFFF
270	#E9CFCB	#FDFDFD
271	#E5C7C3	#FCFCFC
272	#F7F6FB	#FFFFFF
273	#F8EFEE	#FEFEFE
274	#F8EFEE	#FEFEFE
275	#E2C1BC	#FAFAFA
276	#EDD7D4	#FCFCFC
277	#E6E2F1	#FEFEFE
278	#EEDAD7	#FCFCFC
279	#E0BDB8	#FBFBFB
280	#E9CFCC	#FCFCFC
281	#F6EAE9	#FEFEFE
282	#F3E5E3	#FEFEFE
283	#EBD3D0	#FDFDFD
284	#F8EEED	#FEFEFE
285	#FDFBFA	#FFFFFF
286	#DEB9B4	#FCFCFC
287	#F5F4FA	#FFFFFF
288	#E2DDEF	#FDFDFD
289	#EFDCD9	#FEFEFE
290	#B5716A	#F8F8F8
291	#DEBAB5	#FCFCFC
292	#DBB3AE	#FCFCFC
293	#FEFCFC	#FFFFFF
294	#FAF3F2	#FFFFFF
295	#FCFCFD	#FFFFFF
296	#DBB3AE	#FCFCFC
297	#FEFCFC	#FFFFFF
299	#EAE7F4	#FEFEFE
300	#E8E4F2	#FEFEFE
301	#EAE7F4	#FEFEFE
302	#FEFDFD	#FFFFFF
303	#FDFDFE	#FFFFFF
304	#E1DDEF	#FDFDFD
305	#FAFAFD	#FFFFFF
306	#F1EFF7	#FEFEFE
307	#F6F5FA	#FFFFFF
308	#F8F0EE	#FEFEFE
309	#EFEDF7	#FEFEFE
310	#F7ECEA	#FEFEFE
311	#F7F6FB	#FFFFFF
312	#FFFFFF	#FFFFFF
313	#F7ECEA	#FEFEFE
314	#DCB6B1	#FCFCFC
315	#FAF3F3	#FFFFFF
316	#FDFAFA	#FFFFFF
317	#F7F5FA	#FFFFFF
318	#FDFBFB	#FFFFFF
319	#FEFEFE	#FFFFFF
320	#FCFCFE	#FFFFFF
321	#C28680	#FAFAFA
322	#F9F1F0	#FFFFFF
323	#FDFBFB	#FFFFFF
324	#EED8D6	#FCFCFC
325	#F7ECEA	#FEFEFE
326	#B36E67	#F8F8F8
327	#F2E1DF	#FDFDFD
328	#E5E1F1	#FDFDFD
329	#F2E2E0	#FEFEFE
330	#F3E5E3	#FEFEFE
331	#F5E7E6	#FEFEFE
332	#E8CDC9	#FCFCFC
333	#D6AAA5	#FBFBFB
334	#F3E5E3	#FEFEFE
335	#FAF3F2	#FFFFFF
336	#F5E7E6	#FEFEFE
337	#D3A39D	#F9F9F9
338	#EDD6D3	#FEFEFE
339	#F8F7FB	#FFFFFF
340	#FDFAF9	#FFFFFF
341	#F2F0F8	#FFFFFF
342	#EED9D6	#FEFEFE
343	#D5A7A1	#FAFAFA
344	#F7ECEA	#FEFEFE
345	#F4F3F9	#FEFEFE
346	#F7EDEB	#FEFEFE
347	#E8E5F2	#FEFEFE
348	#FAF9FC	#FFFFFF
349	#F3F1F8	#FEFEFE
350	#E2C0BB	#FDFDFD
351	#DDD9ED	#FDFDFD
352	#E4E1F1	#FDFDFD
353	#F9F8FC	#FFFFFF
355	#E1DCEE	#FDFDFD
356	#EFECF6	#FEFEFE
357	#F4F3F9	#FEFEFE
358	#D0C9E5	#FAFAFA
359	#F5E8E6	#FEFEFE
360	#F0EEF7	#FEFEFE
361	#D8D3EA	#FDFDFD
362	#F6EAE8	#FEFEFE
363	#F7ECEB	#FEFEFE
364	#F7ECEA	#FEFEFE
365	#FDFAF9	#FFFFFF
366	#FFFEFE	#FFFFFF
367	#D9D3EA	#FCFCFC
368	#E7E3F2	#FEFEFE
369	#F8F7FB	#FFFFFF
370	#F1E1DE	#FEFEFE
371	#DDB8B3	#FCFCFC
372	#FAF3F2	#FFFFFF
373	#EBD4D1	#FDFDFD
374	#ECD5D2	#FDFDFD
375	#FAF3F3	#FEFEFE
376	#ECD5D2	#FCFCFC
377	#D6A9A3	#FAFAFA
378	#C9C3E2	#FBFBFB
379	#F8F0EF	#FEFEFE
380	#F2E2E0	#FEFEFE
381	#F3F1F8	#FEFEFE
382	#E2C2BD	#FCFCFC
383	#FDFBFB	#FFFFFF
384	#ECD5D1	#FDFDFD
385	#D2A39D	#F9F9F9
386	#F9F1F0	#FEFEFE
387	#EED9D6	#FEFEFE
388	#DAB0AB	#FBFBFB
389	#D5CFE8	#FAFAFA
390	#F2F0F8	#FEFEFE
391	#FAF4F4	#FFFFFF
392	#F7EDEB	#FEFEFE
393	#F9F2F1	#FFFFFF
394	#FEFCFC	#FFFFFF
395	#E9CFCC	#FCFCFC
396	#F4E5E3	#FEFEFE
397	#F6F4FA	#FFFFFF
398	#FDFBFB	#FFFFFF
400	#E2DEEF	#FDFDFD
401	#E5E1F1	#FDFDFD
402	#ECE9F5	#FEFEFE
403	#CAC4E2	#FCFCFC
404	#FDFBFB	#FFFFFF
405	#E1DDEF	#FDFDFD
406	#DFDBEE	#FDFDFD
407	#EFEDF7	#FEFEFE
408	#D6D1E9	#FCFCFC
409	#FFFFFF	#FFFFFF
410	#FDFBFA	#FFFFFF
411	#EFDBD8	#FCFCFC
412	#F2E3E0	#FEFEFE
413	#FEFEFE	#FFFFFF
414	#FBF6F5	#FFFFFF
415	#F7EDEC	#FEFEFE
416	#F3F2F9	#FFFFFF
417	#E3C2BE	#FCFCFC
418	#D2CCE6	#FAFAFA
419	#F2E2E0	#FEFEFE
420	#F2F0F8	#FFFFFF
421	#F8F7FB	#FFFFFF
422	#E7CAC7	#FDFDFD
423	#F9F1F0	#FEFEFE
424	#F6EBE9	#FEFEFE
425	#F4E7E5	#FEFEFE
426	#F6EAE8	#FEFEFE
427	#F6EBE9	#FEFEFE
428	#FAF3F2	#FFFFFF
429	#F7F6FB	#FFFFFF
430	#FDFAFA	#FFFFFF
431	#F1DFDC	#FDFDFD
432	#D2A39D	#F9F9F9
433	#E4C5C1	#FCFCFC
434	#EDD7D4	#FCFCFC
435	#E5C6C2	#FCFCFC
436	#EBD4D0	#FDFDFD
437	#FAF4F3	#FFFFFF
438	#E4C5C1	#FCFCFC
439	#FBFBFD	#FFFFFF
440	#E0DCEE	#FCFCFC
441	#F8EFEE	#FEFEFE
442	#F9F1F0	#FFFFFF
443	#F5E8E6	#FEFEFE
444	#FCF7F6	#FFFFFF
445	#F6F5FA	#FFFFFF
446	#FDFBFB	#FFFFFF
447	#FAF2F2	#FFFFFF
448	#FBF6F6	#FFFFFF
449	#F4F2F9	#FEFEFE
450	#DED9ED	#FDFDFD
451	#FEFCFC	#FFFFFF
452	#DDD9ED	#FDFDFD
453	#DFDAEE	#FDFDFD
454	#FAF4F3	#FFFFFF
456	#FCFBFD	#FFFFFF
457	#F5F3F9	#FFFFFF
458	#E1DDEF	#FDFDFD
459	#E5E1F1	#FDFDFD
460	#D8D3EA	#FDFDFD
461	#FFFEFE	#FFFFFF
462	#FBF5F4	#FFFFFF
463	#EEECF6	#FEFEFE
464	#FFFFFF	#FFFFFF
465	#F7EDEC	#FEFEFE
466	#ECD5D2	#FEFEFE
467	#FBF6F6	#FFFFFF
468	#CFC9E5	#FBFBFB
469	#FEFDFE	#FFFFFF
470	#FBF6F5	#FFFFFF
471	#FFFEFE	#FFFFFF
472	#F5E7E6	#FEFEFE
473	#EEEBF6	#FEFEFE
474	#F3E4E2	#FEFEFE
475	#FCF8F7	#FFFFFF
476	#EBD3CF	#FDFDFD
477	#F1E0DE	#FDFDFD
478	#F3E4E2	#FDFDFD
479	#E2DFF0	#FDFDFD
480	#ECD6D3	#FDFDFD
481	#E5C8C4	#FBFBFB
482	#FFFEFE	#FFFFFF
483	#E7CAC6	#FDFDFD
484	#FFFEFE	#FFFFFF
485	#D9B0AA	#FBFBFB
486	#E5C7C4	#FCFCFC
487	#FFFEFE	#FFFFFF
488	#ECD4D1	#FDFDFD
489	#F8F7FB	#FFFFFF
490	#DED9ED	#FDFDFD
491	#F7ECEB	#FEFEFE
492	#EDD7D4	#FEFEFE
493	#ECD4D1	#FDFDFD
494	#DFBBB7	#FCFCFC
495	#C48A83	#FBFBFB
496	#EFDCD9	#FDFDFD
497	#FDFAF9	#FFFFFF
498	#FCF8F7	#FFFFFF
499	#FEFCFC	#FFFFFF
501	#CEC8E4	#FAFAFA
502	#F9F1F0	#FFFFFF
503	#FEFCFC	#FFFFFF
504	#F6F4FA	#FFFFFF
505	#E9E6F3	#FEFEFE
506	#D5CFE8	#FCFCFC
507	#BEB6DB	#FCFCFC
508	#FFFFFF	#FFFFFF
509	#C2BADE	#FAFAFA
510	#EBE9F4	#FEFEFE
511	#F0EEF7	#FEFEFE
512	#FEFDFD	#FFFFFF
513	#F8EEED	#FEFEFE
514	#FAF4F3	#FFFFFF
515	#FEFDFD	#FFFFFF
516	#F8F8FB	#FFFFFF
517	#F7ECEB	#FEFEFE
518	#F9F1F0	#FFFFFF
519	#C8C1E1	#F9F9F9
520	#FAF3F2	#FFFFFF
521	#EFDBD9	#FEFEFE
522	#E1DDEF	#FDFDFD
523	#FAF9FC	#FFFFFF
524	#FAF3F2	#FFFFFF
525	#EFDAD8	#FDFDFD
526	#E3C3BF	#FBFBFB
527	#F3E5E3	#FEFEFE
528	#EFDAD8	#FDFDFD
529	#F4E6E4	#FEFEFE
530	#C6BFE0	#F9F9F9
531	#FBF6F5	#FFFFFF
532	#F8EFEE	#FEFEFE
533	#FAF4F4	#FFFFFF
534	#F9F0EF	#FEFEFE
535	#F3E4E2	#FEFEFE
536	#EBD2CF	#FDFDFD
537	#EAD1CE	#FCFCFC
538	#EFEDF6	#FEFEFE
539	#FCF8F8	#FFFFFF
540	#ECD6D3	#FEFEFE
541	#D7D2EA	#FBFBFB
542	#EFEDF6	#FEFEFE
543	#EBD2CF	#FDFDFD
544	#F2F0F8	#FEFEFE
545	#F3E5E3	#FEFEFE
546	#FBF6F5	#FFFFFF
547	#F2E2E0	#FEFEFE
548	#F9F8FC	#FFFFFF
549	#FDFDFE	#FFFFFF
550	#FAF4F3	#FEFEFE
551	#E7E4F2	#FDFDFD
552	#EFEDF6	#FEFEFE
553	#B3ABD6	#F9F9F9
554	#F3F2F9	#FEFEFE
555	#FDFBFA	#FFFFFF
557	#FBFAFD	#FFFFFF
558	#F1EFF8	#FEFEFE
559	#E6E3F2	#FEFEFE
560	#E1DDEF	#FDFDFD
561	#F4F2F9	#FEFEFE
562	#F2E2E0	#FEFEFE
563	#FCF8F8	#FFFFFF
564	#DAB2AD	#F7F7F7
565	#F6EAE8	#FEFEFE
566	#F8F7FB	#FFFFFF
567	#E5E2F1	#FEFEFE
568	#F6F5FA	#FFFFFF
569	#F0EEF7	#FEFEFE
570	#F4E5E3	#FEFEFE
571	#F5E7E6	#FEFEFE
572	#F3F1F8	#FEFEFE
573	#FBF5F4	#FFFFFF
574	#F2F0F8	#FEFEFE
575	#F3E5E3	#FEFEFE
576	#FBF5F4	#FFFFFF
577	#DFBBB6	#FCFCFC
578	#F0DDDB	#FDFDFD
579	#F0DDDA	#FDFDFD
580	#D9D4EA	#FCFCFC
581	#FBF6F5	#FFFFFF
582	#EAD1CE	#FDFDFD
583	#F6EBEA	#FEFEFE
584	#F8F7FB	#FFFFFF
585	#EBD4D1	#FCFCFC
586	#FCF9F8	#FFFFFF
587	#EBD3D0	#FDFDFD
588	#F6E9E8	#FEFEFE
589	#DBB3AE	#FCFCFC
590	#FDFBFB	#FFFFFF
591	#C6BFE0	#FAFAFA
592	#F7EDEB	#FEFEFE
593	#DFBAB5	#FCFCFC
594	#F9F1F0	#FFFFFF
595	#F0DDDB	#FEFEFE
596	#D8D2EA	#FDFDFD
597	#F2E2E0	#FEFEFE
598	#FAF4F3	#FFFFFF
599	#FDFBFB	#FFFFFF
600	#FBF7F6	#FEFEFE
602	#C9C2E1	#FAFAFA
603	#E1DDEF	#FDFDFD
604	#E3E0F0	#FEFEFE
605	#ECE9F5	#FEFEFE
606	#DDD9ED	#FDFDFD
607	#E5E2F1	#FEFEFE
608	#FEFDFD	#FFFFFF
609	#D8D2EA	#FDFDFD
610	#FCFBFD	#FFFFFF
611	#FDFBFA	#FFFFFF
612	#B7AFD8	#F8F8F8
613	#E7E4F2	#FEFEFE
614	#EEEBF6	#FEFEFE
615	#F3E5E3	#FEFEFE
616	#E6E3F2	#FEFEFE
617	#EBD3D0	#FDFDFD
618	#FEFCFB	#FFFFFF
619	#EFDBD8	#FDFDFD
620	#DDD9ED	#FCFCFC
621	#F7ECEB	#FEFEFE
622	#FDFCFE	#FFFFFF
623	#EAE7F4	#FEFEFE
624	#FCF9F8	#FFFFFF
625	#E1DDEF	#FDFDFD
626	#F6EAE8	#FEFEFE
627	#F9F2F1	#FFFFFF
628	#F5E8E6	#FEFEFE
629	#E5C7C3	#FCFCFC
630	#F5E8E6	#FEFEFE
631	#E1DDEF	#FDFDFD
632	#F9F2F1	#FEFEFE
633	#FAF4F3	#FEFEFE
634	#F0DEDB	#FDFDFD
635	#F7F6FB	#FFFFFF
636	#F4E5E3	#FEFEFE
637	#FBF5F4	#FEFEFE
638	#E8CDCA	#FDFDFD
639	#F2E3E0	#FDFDFD
640	#FDFBFB	#FFFFFF
641	#ECD4D1	#FDFDFD
642	#D8D3EA	#FBFBFB
643	#ECD6D3	#FDFDFD
644	#F5F4FA	#FFFFFF
645	#EEECF6	#FFFFFF
646	#EDEAF5	#FEFEFE
647	#F0DEDC	#FDFDFD
648	#FBF6F5	#FFFFFF
649	#EFDAD8	#FDFDFD
650	#F6F4FA	#FEFEFE
651	#EED9D6	#FBFBFB
652	#E6E2F1	#FEFEFE
653	#FCF7F7	#FFFFFF
654	#F2F0F8	#FEFEFE
655	#D4CFE8	#FBFBFB
656	#CDC6E4	#F9F9F9
658	#F9F8FC	#FFFFFF
659	#E4E0F0	#FDFDFD
660	#D8D3EA	#FDFDFD
661	#CFC9E5	#FBFBFB
662	#E0DCEE	#FDFDFD
663	#EBD4D1	#FDFDFD
664	#EFEDF7	#FFFFFF
665	#EAE7F4	#FEFEFE
666	#E5C7C3	#FCFCFC
667	#E1DDEF	#FDFDFD
668	#FEFEFF	#FFFFFF
669	#F7EDEB	#FFFFFF
670	#EDEBF5	#FEFEFE
671	#FCF7F7	#FFFFFF
672	#F5E8E6	#FEFEFE
673	#DDD9ED	#FDFDFD
674	#FFFFFF	#FFFFFF
675	#F8F0EE	#FEFEFE
676	#FFFFFF	#FFFFFF
677	#EBD3D0	#FDFDFD
678	#FCF9F9	#FFFFFF
679	#FDFDFE	#FFFFFF
680	#E5C6C2	#FCFCFC
681	#C1BADD	#FAFAFA
682	#ECD4D1	#FCFCFC
683	#E0BDB8	#FBFBFB
684	#F8F7FB	#FFFFFF
685	#FEFDFD	#FFFFFF
686	#F2E3E0	#FDFDFD
687	#F6F4FA	#FEFEFE
688	#F3E3E1	#FEFEFE
689	#E0BDB8	#FBFBFB
690	#E4C5C1	#FBFBFB
691	#F0DEDC	#FEFEFE
692	#E4E0F0	#FEFEFE
693	#F9F1F0	#FFFFFF
694	#FFFEFE	#FFFFFF
695	#FEFDFD	#FFFFFF
696	#FDFDFE	#FFFFFF
697	#F3E3E1	#FEFEFE
698	#F0EEF7	#FEFEFE
699	#FDFBFA	#FFFFFF
700	#FEFCFC	#FFFFFF
701	#FDFBFB	#FFFFFF
703	#D0CAE6	#FBFBFB
704	#CFC9E5	#FCFCFC
705	#D9D3EA	#FCFCFC
706	#DAD5EB	#FCFCFC
707	#FDFBFB	#FFFFFF
708	#FCFBFD	#FFFFFF
709	#D5D0E8	#FCFCFC
710	#E7E3F2	#FEFEFE
711	#EAE7F4	#FEFEFE
712	#DBD7EC	#FEFEFE
713	#E4E1F1	#FDFDFD
714	#DEB9B5	#FCFCFC
715	#F7EDEB	#FEFEFE
716	#EFEDF6	#FEFEFE
717	#F7ECEB	#FEFEFE
718	#F8F0EF	#FEFEFE
719	#FBFBFD	#FFFFFF
720	#FBFAFD	#FFFFFF
721	#D8D3EA	#FDFDFD
722	#F9F2F1	#FFFFFF
723	#F1E0DE	#FEFEFE
724	#F9F8FC	#FFFFFF
725	#F5F4FA	#FFFFFF
726	#F1EFF8	#FEFEFE
727	#FFFFFF	#FFFFFF
728	#EDD6D3	#FDFDFD
729	#F3E4E2	#FDFDFD
730	#EDEAF5	#FEFEFE
731	#DFBAB6	#FBFBFB
732	#BFB7DC	#F9F9F9
733	#E0BDB9	#FBFBFB
734	#E8CDC9	#FCFCFC
735	#FFFFFF	#FFFFFF
736	#F6F5FA	#FFFFFF
737	#DBB2AD	#F9F9F9
738	#D6A9A4	#F5F5F5
739	#E2C1BD	#FCFCFC
740	#E5C6C2	#FBFBFB
741	#E9D0CC	#FDFDFD
742	#F9F1F0	#FEFEFE
743	#E2DEEF	#FDFDFD
744	#FBF5F5	#FFFFFF
745	#F2E2E0	#FEFEFE
746	#F0EEF7	#FEFEFE
747	#E5E1F1	#FEFEFE
748	#FDFDFE	#FFFFFF
749	#F8EFED	#FEFEFE
750	#FDFBFB	#FFFFFF
751	#F1EFF7	#FEFEFE
752	#FFFEFF	#FFFFFF
753	#DDD8ED	#FDFDFD
754	#F2F0F8	#FEFEFE
755	#D7D2E9	#FCFCFC
756	#CDC7E4	#FCFCFC
757	#FDFBFB	#FFFFFF
759	#D7D2E9	#FAFAFA
760	#FDFBFB	#FFFFFF
761	#EEECF6	#FEFEFE
762	#F3F2F9	#FEFEFE
763	#E8E5F3	#FEFEFE
764	#E2DDEF	#FDFDFD
765	#F5E8E6	#FEFEFE
766	#F9F1F0	#FFFFFF
767	#F6F5FA	#FFFFFF
768	#F6EBEA	#FEFEFE
769	#FDFBFA	#FFFFFF
770	#FDFBFB	#FFFFFF
771	#F5F3FA	#FFFFFF
772	#FDFBFB	#FFFFFF
773	#F2F0F8	#FEFEFE
774	#EED9D6	#FEFEFE
775	#ECD4D1	#FDFDFD
776	#EBD4D1	#FDFDFD
777	#FCF8F8	#FFFFFF
778	#F8EEED	#FEFEFE
779	#E4C4C0	#FCFCFC
780	#F3F1F8	#FEFEFE
781	#F9F1F0	#FEFEFE
782	#CEC7E4	#FBFBFB
783	#F8EFEE	#FEFEFE
784	#F4E6E4	#FEFEFE
785	#FCF8F7	#FFFFFF
786	#F9F1EF	#FEFEFE
787	#DDB7B2	#FAFAFA
788	#F3E3E1	#FDFDFD
789	#D5A7A2	#F7F7F7
790	#DAB2AC	#FCFCFC
791	#AD645D	#F5F5F5
792	#D4A5A0	#FAFAFA
793	#DDD8EC	#FDFDFD
794	#EDD7D4	#FDFDFD
795	#DCB4AF	#FCFCFC
796	#C48A83	#FBFBFB
797	#F9F1F0	#FEFEFE
798	#E9CECA	#FEFEFE
799	#FFFEFE	#FFFFFF
800	#E7E4F2	#FDFDFD
801	#F7EDEC	#FEFEFE
802	#DBB3AE	#F9F9F9
804	#F6F4FA	#FFFFFF
805	#E9E6F3	#FEFEFE
806	#EEECF6	#FEFEFE
807	#C7C0E1	#F8F8F8
808	#E1DDEF	#FDFDFD
809	#F8F6FB	#FFFFFF
810	#EFECF6	#FEFEFE
811	#FAF4F4	#FFFFFF
812	#D1CBE6	#FCFCFC
813	#E8CECA	#FEFEFE
814	#EFEDF6	#FEFEFE
815	#DDD9ED	#FDFDFD
816	#EDEAF5	#FEFEFE
817	#F9F2F1	#FFFFFF
818	#F7ECEB	#FEFEFE
819	#FDFBFB	#FFFFFF
820	#F3E5E3	#FEFEFE
821	#FFFFFF	#FFFFFF
822	#ECEAF5	#FEFEFE
823	#FCF8F7	#FFFFFF
824	#BB7B74	#FAFAFA
825	#E6E3F2	#FEFEFE
826	#FEFEFE	#FFFFFF
827	#F4E5E3	#FEFEFE
828	#F8EEED	#FEFEFE
829	#F8F7FB	#FFFFFF
830	#FDFDFE	#FFFFFF
831	#F1E0DE	#FEFEFE
832	#EDD7D4	#FDFDFD
833	#FEFEFE	#FFFFFF
834	#E8CDC9	#FCFCFC
835	#F4F2F9	#FEFEFE
836	#DCB5B0	#FAFAFA
837	#FBF5F4	#FFFFFF
838	#F7ECEB	#FEFEFE
839	#F8EFED	#FEFEFE
840	#DCB5B0	#F8F8F8
841	#ECD4D1	#FCFCFC
842	#E1BEBA	#FAFAFA
843	#E8CDCA	#FBFBFB
844	#EDEBF5	#FEFEFE
845	#EDD6D3	#FEFEFE
846	#FAF3F2	#FFFFFF
847	#F9F2F1	#FFFFFF
848	#FDFBFB	#FFFFFF
849	#E3DFF0	#FEFEFE
850	#F0DEDC	#FDFDFD
851	#E6E2F1	#FEFEFE
852	#F9F8FC	#FFFFFF
853	#FBF6F5	#FFFFFF
854	#C4BDDF	#F8F8F8
855	#CCC5E3	#F9F9F9
856	#E8E4F2	#FDFDFD
857	#EDEBF5	#FDFDFD
858	#CAC3E2	#F9F9F9
860	#EFDCDA	#FDFDFD
861	#FAF9FC	#FFFFFF
862	#E7E3F2	#FDFDFD
863	#ECE9F5	#FEFEFE
864	#EFDCD9	#FEFEFE
865	#958AC5	#F9F9F9
866	#ECE9F5	#FEFEFE
867	#E8E4F2	#FEFEFE
868	#FDFAF9	#FFFFFF
869	#DEB9B5	#FCFCFC
870	#FAF3F3	#FFFFFF
871	#F4E5E3	#FEFEFE
872	#FCF9F8	#FFFFFF
873	#F7EDEB	#FEFEFE
874	#FBF5F4	#FFFFFF
875	#F1E0DE	#FEFEFE
876	#EBD4D1	#FDFDFD
877	#F7ECEA	#FEFEFE
878	#F8F7FB	#FFFFFF
879	#F6F4FA	#FFFFFF
880	#EDD7D4	#FDFDFD
881	#F6EAE8	#FEFEFE
882	#F8EFEE	#FEFEFE
883	#D8D3EA	#FDFDFD
884	#F8EFEE	#FEFEFE
885	#F7EDEB	#FEFEFE
886	#D1A09A	#F9F9F9
887	#EDD7D4	#FCFCFC
888	#F7ECEA	#FEFEFE
889	#F0EEF7	#FEFEFE
890	#F1E0DE	#FDFDFD
891	#F8F0EF	#FEFEFE
892	#FCF8F8	#FFFFFF
893	#F8EEED	#FEFEFE
894	#F8EFED	#FEFEFE
895	#EED9D6	#FDFDFD
896	#F5F3F9	#FFFFFF
897	#F6E9E8	#FEFEFE
898	#FCF7F6	#FFFFFF
899	#EDEBF5	#FEFEFE
900	#F8EEED	#FEFEFE
901	#F6F5FA	#FFFFFF
902	#F0EDF7	#FEFEFE
903	#FEFEFE	#FFFFFF
905	#FDFCFE	#FFFFFF
906	#DBD6EB	#FBFBFB
907	#DFDAEE	#FCFCFC
908	#DBD6EB	#FCFCFC
909	#EFEDF6	#FEFEFE
910	#F5F4FA	#FFFFFF
911	#ECD5D2	#FDFDFD
912	#FCF9F8	#FFFFFF
913	#F6F4FA	#FFFFFF
914	#E5E1F1	#FDFDFD
915	#F8F7FB	#FFFFFF
916	#F2F1F8	#FEFEFE
917	#FBF6F5	#FFFFFF
918	#F2F0F8	#FEFEFE
919	#F3E4E2	#FEFEFE
920	#DDB7B2	#FCFCFC
921	#ECD4D1	#FDFDFD
922	#F7ECEA	#FEFEFE
923	#ECE9F5	#FEFEFE
924	#F5E8E6	#FEFEFE
925	#F8EFED	#FEFEFE
926	#F9F1EF	#FEFEFE
927	#FCF8F7	#FFFFFF
928	#FAF9FC	#FFFFFF
929	#FBF6F5	#FFFFFF
930	#F1E0DD	#FEFEFE
931	#F4E6E4	#FEFEFE
932	#F0EDF7	#FEFEFE
933	#FEFCFC	#FFFFFF
934	#FCFBFD	#FFFFFF
935	#E7CBC8	#FDFDFD
936	#F1DFDD	#FEFEFE
937	#F0DCDA	#FDFDFD
938	#D1A09A	#F5F5F5
939	#FEFEFF	#FFFFFF
940	#FBF5F5	#FFFFFF
941	#F2E1DF	#FDFDFD
942	#F4E6E4	#FDFDFD
943	#E0BCB8	#FBFBFB
944	#DFBAB5	#FBFBFB
945	#DCD7EC	#FCFCFC
946	#E3C2BE	#FCFCFC
947	#F0DEDB	#FEFEFE
948	#F5F4FA	#FFFFFF
949	#FBF5F4	#FFFFFF
950	#F1E0DE	#FEFEFE
951	#F9F1F0	#FEFEFE
952	#FFFFFF	#FFFFFF
953	#F4F3F9	#FEFEFE
954	#FBF5F4	#FFFFFF
955	#F5F3F9	#FEFEFE
956	#F3F1F8	#FEFEFE
957	#EBE8F4	#FEFEFE
958	#BEB6DC	#FAFAFA
959	#DDD9ED	#FCFCFC
961	#F5F4FA	#FFFFFF
962	#FBFAFD	#FFFFFF
963	#EEECF6	#FEFEFE
964	#EAE7F4	#FEFEFE
965	#FFFFFF	#FFFFFF
966	#D9D3EA	#FDFDFD
967	#CAC3E2	#FAFAFA
968	#BEB6DC	#FAFAFA
969	#EDEAF5	#FEFEFE
970	#FFFFFF	#FFFFFF
971	#FFFFFF	#FFFFFF
972	#FAF4F3	#FFFFFF
973	#F6F5FA	#FEFEFE
974	#FCFCFE	#FFFFFF
975	#EED9D6	#FDFDFD
976	#F4F3F9	#FEFEFE
977	#F2E2E0	#FEFEFE
978	#FEFEFF	#FFFFFF
979	#F4F3F9	#FEFEFE
980	#FDFCFE	#FFFFFF
981	#FAFAFC	#FFFFFF
982	#F6EAE8	#FEFEFE
983	#FFFEFE	#FFFFFF
984	#F8F7FB	#FFFFFF
985	#EAD1CE	#FDFDFD
986	#D9AFAA	#FBFBFB
987	#F6EAE9	#FEFEFE
988	#FFFFFF	#FFFFFF
989	#FEFDFE	#FFFFFF
990	#E9CFCC	#FCFCFC
991	#EFDBD8	#FCFCFC
992	#EBD2CF	#FCFCFC
993	#EBD3CF	#FCFCFC
994	#DBB3AE	#FCFCFC
995	#F6F4FA	#FFFFFF
996	#EED9D6	#FCFCFC
997	#E6C9C5	#FDFDFD
998	#FCF9F8	#FFFFFF
999	#FEFDFE	#FFFFFF
1000	#E7CAC6	#FDFDFD
1001	#E2DEEF	#FDFDFD
1002	#F1EEF7	#FEFEFE
1003	#EAE7F4	#FDFDFD
1004	#EFEDF6	#FEFEFE
1006	#BBB3DA	#F8F8F8
1007	#EFECF6	#FEFEFE
1008	#D4CFE8	#FCFCFC
1009	#DAD5EB	#FBFBFB
1010	#E1DCEF	#FDFDFD
1011	#FAF4F3	#FFFFFF
1012	#F9F1F0	#FFFFFF
1013	#FEFCFC	#FFFFFF
1014	#D2CCE7	#FBFBFB
1015	#DDD9ED	#FDFDFD
1016	#ECE9F4	#FEFEFE
1017	#F3F1F8	#FEFEFE
1018	#EEECF6	#FEFEFE
1019	#DDD8EC	#FDFDFD
1020	#EBE8F4	#FEFEFE
1021	#E9E6F3	#FEFEFE
1022	#F3F2F9	#FEFEFE
1023	#F7ECEB	#FEFEFE
1024	#F5F4FA	#FFFFFF
1025	#F8EEED	#FEFEFE
1026	#F8F7FB	#FFFFFF
1027	#F5E8E6	#FEFEFE
1028	#E9CFCC	#FCFCFC
1029	#E9CFCC	#FCFCFC
1030	#FAF4F3	#FFFFFF
1031	#F3F1F8	#FFFFFF
1032	#C68C86	#FBFBFB
1033	#E8CDCA	#FDFDFD
1034	#FDFDFE	#FFFFFF
1035	#F7EDEC	#FEFEFE
1036	#FEFEFE	#FFFFFF
1037	#F4E6E4	#FEFEFE
1038	#F4E5E3	#FEFEFE
1039	#F6EBE9	#FEFEFE
1040	#F9F1F0	#FEFEFE
1041	#F6EBEA	#FEFEFE
1042	#E8CDC9	#FBFBFB
1043	#D2A29C	#F6F6F6
1044	#F0DDDB	#FDFDFD
1045	#FDFCFE	#FFFFFF
1046	#EEECF6	#FEFEFE
1047	#F8F0EF	#FEFEFE
1048	#F8EFEE	#FEFEFE
1049	#FBF5F5	#FFFFFF
1050	#F7EEEC	#FEFEFE
1051	#F7ECEB	#FEFEFE
1052	#F0EDF7	#FEFEFE
1053	#EFEDF7	#FEFEFE
1054	#FBFAFD	#FFFFFF
1055	#E2DEEF	#FCFCFC
1056	#F6F4FA	#FFFFFF
1057	#DFDBEE	#FCFCFC
1058	#FEFCFB	#FFFFFF
1059	#D6D1E9	#FBFBFB
1060	#FCF7F7	#FFFFFF
1062	#E6E3F2	#FEFEFE
1063	#EEEBF6	#FEFEFE
1064	#E4C4C0	#FDFDFD
1065	#CEC8E4	#FBFBFB
1066	#ECE9F5	#FEFEFE
1067	#BBB3DA	#FAFAFA
1068	#DEDAED	#FDFDFD
1069	#FBF5F5	#FFFFFF
1070	#EAD2CE	#FDFDFD
1071	#F6EAE8	#FEFEFE
1072	#F9F1F0	#FFFFFF
1073	#FAF4F3	#FFFFFF
1074	#F4F2F9	#FEFEFE
1075	#F6EAE8	#FEFEFE
1076	#F9F1F0	#FEFEFE
1077	#FBF7F6	#FFFFFF
1078	#FCF8F7	#FFFFFF
1079	#F7EDEC	#FEFEFE
1080	#F0EEF7	#FEFEFE
1081	#FEFEFE	#FFFFFF
1082	#FAF9FC	#FFFFFF
1083	#FBF7F6	#FFFFFF
1084	#EAE7F4	#FEFEFE
1085	#F9F2F1	#FEFEFE
1086	#EFDBD9	#FEFEFE
1087	#F5E9E8	#FEFEFE
1088	#D1A19B	#F9F9F9
1089	#F6EBEA	#FEFEFE
1090	#F2E1DF	#FDFDFD
1091	#FEFDFD	#FFFFFF
1092	#F0DDDA	#FCFCFC
1093	#E9CFCC	#FBFBFB
1094	#F0DCDA	#FDFDFD
1095	#ECD5D2	#FCFCFC
1096	#DAD5EB	#FBFBFB
1097	#EEDAD7	#FDFDFD
1098	#FDFBFB	#FFFFFF
1099	#F9F2F1	#FEFEFE
1100	#ECE9F5	#FEFEFE
1101	#FCF7F7	#FFFFFF
1102	#F1E0DE	#FEFEFE
1103	#F3F1F8	#FEFEFE
1104	#FBFBFD	#FFFFFF
1105	#F6F5FA	#FEFEFE
1107	#DFDAED	#FDFDFD
1108	#F8EEED	#FEFEFE
1109	#E5E2F1	#FDFDFD
1110	#E8E5F3	#FEFEFE
1111	#E1DDEF	#FCFCFC
1112	#F1E0DE	#FEFEFE
1113	#FDFBFB	#FFFFFF
1114	#FDFBFA	#FFFFFF
1115	#FEFDFE	#FFFFFF
1116	#E2DEEF	#FDFDFD
1117	#E3DFF0	#FDFDFD
1118	#E8E4F2	#FDFDFD
1119	#F5F3FA	#FFFFFF
1120	#F5F4FA	#FFFFFF
1121	#E2DEEF	#FDFDFD
1122	#F7ECEB	#FFFFFF
1123	#EDEAF5	#FEFEFE
1124	#F6EBEA	#FEFEFE
1125	#FDFDFE	#FFFFFF
1126	#F4E7E5	#FDFDFD
1127	#FCF8F8	#FFFFFF
1128	#FAF4F3	#FEFEFE
1129	#FCF8F8	#FFFFFF
1130	#F2E2E0	#FEFEFE
1131	#F7F6FB	#FFFFFF
1132	#F4E7E5	#FEFEFE
1133	#F2F0F8	#FEFEFE
1134	#F6EBE9	#FEFEFE
1135	#E7CBC8	#FDFDFD
1136	#FDFDFE	#FFFFFF
1137	#F2E2E0	#FEFEFE
1138	#B46F67	#F8F8F8
1139	#FCF9F8	#FFFFFF
1140	#F0DDDA	#FDFDFD
1141	#F2E2E0	#FDFDFD
1142	#F5E9E7	#FEFEFE
1143	#DDB7B2	#F8F8F8
1144	#F4E6E4	#FDFDFD
1145	#DBB3AE	#F9F9F9
1146	#F1E0DE	#FDFDFD
1147	#FEFDFE	#FFFFFF
1148	#EEDAD7	#FCFCFC
1149	#F1DFDC	#FDFDFD
1150	#F3E5E3	#FEFEFE
1151	#FEFDFD	#FFFFFF
1152	#F2E2E0	#FEFEFE
1153	#D8D2EA	#FBFBFB
1154	#FAF9FC	#FFFFFF
1155	#EFECF6	#FEFEFE
1156	#F2F0F8	#FEFEFE
1157	#DDD9ED	#FCFCFC
1158	#C6BFE0	#FAFAFA
1159	#F5F4FA	#FFFFFF
1160	#FAF3F3	#FFFFFF
1161	#F3F1F8	#FFFFFF
1163	#FFFFFF	#FFFFFF
1164	#FBF5F4	#FFFFFF
1165	#ECD4D1	#FDFDFD
1166	#F4F3F9	#FEFEFE
1167	#F8F7FB	#FFFFFF
1168	#F8EFEE	#FEFEFE
1169	#FEFCFC	#FFFFFF
1170	#F7ECEB	#FFFFFF
1171	#DAB2AD	#FCFCFC
1172	#ECD6D3	#FCFCFC
1173	#F0DEDB	#FDFDFD
1174	#DFBCB7	#FCFCFC
1175	#F4E7E5	#FEFEFE
1176	#EBD2CF	#FDFDFD
1177	#E1BFBA	#FBFBFB
1178	#D7ACA7	#FBFBFB
1179	#ECD5D2	#FDFDFD
1180	#F3E3E1	#FEFEFE
1181	#FAF3F2	#FEFEFE
1182	#EDD6D3	#FEFEFE
1183	#EED9D6	#FEFEFE
1184	#EED9D6	#FDFDFD
1185	#FBF5F5	#FFFFFF
1186	#FAFAFC	#FFFFFF
1187	#DDD8ED	#FDFDFD
1188	#FEFCFC	#FFFFFF
1189	#FCF7F7	#FFFFFF
1190	#F8EEED	#FFFFFF
1191	#F9F1F0	#FEFEFE
1192	#E8CECA	#FDFDFD
1193	#EBD3D0	#FDFDFD
1194	#F0DEDC	#FDFDFD
1195	#F4E6E5	#FEFEFE
1196	#EEDAD7	#FDFDFD
1197	#FEFDFD	#FFFFFF
1198	#F8F7FB	#FFFFFF
1199	#FFFFFF	#FFFFFF
1200	#EFECF6	#FEFEFE
1201	#E6E2F1	#FEFEFE
1202	#C4BCDF	#F9F9F9
1203	#F8F7FB	#FFFFFF
1204	#ECE9F5	#FEFEFE
1205	#E1DDEF	#FDFDFD
1206	#FFFEFE	#FFFFFF
1208	#FDFDFE	#FFFFFF
1209	#ECE9F5	#FEFEFE
1210	#F8EFEE	#FEFEFE
1211	#F3F1F9	#FEFEFE
1212	#BF817A	#FAFAFA
1213	#DDD8EC	#FCFCFC
1214	#DBD6EB	#FCFCFC
1215	#FFFEFE	#FFFFFF
1216	#F1E0DE	#FEFEFE
1217	#FAF9FC	#FFFFFF
1218	#FDFBFB	#FFFFFF
1219	#F7F5FA	#FFFFFF
1220	#DDB7B2	#FCFCFC
1221	#F5F4FA	#FFFFFF
1222	#EAD1CE	#FDFDFD
1223	#F7ECEA	#FEFEFE
1224	#EBD2CF	#FDFDFD
1225	#F1DFDD	#FEFEFE
1226	#FBFAFD	#FFFFFF
1227	#F7EDEB	#FEFEFE
1228	#E7CBC8	#FCFCFC
1229	#FBF5F5	#FEFEFE
1230	#F6F4FA	#FFFFFF
1231	#DCB4AF	#FAFAFA
1232	#EFDBD9	#FEFEFE
1233	#F0DEDB	#FEFEFE
1234	#FDFCFE	#FFFFFF
1235	#F9F1F0	#FFFFFF
1236	#F7EDEC	#FEFEFE
1237	#EAD0CD	#FDFDFD
1238	#F7EDEC	#FEFEFE
1239	#E2C0BC	#FDFDFD
1240	#DBB4AF	#FCFCFC
1241	#E9CECB	#FDFDFD
1242	#C9928C	#FBFBFB
1243	#F2E2E0	#FDFDFD
1244	#F9F8FC	#FFFFFF
1245	#EEDAD7	#FDFDFD
1246	#EBE8F4	#FEFEFE
1247	#D9AFAA	#FBFBFB
1248	#FBF5F4	#FFFFFF
1249	#EFEDF6	#FEFEFE
1250	#FAF3F2	#FFFFFF
1251	#E2DEEF	#FDFDFD
1252	#FCF8F8	#FFFFFF
1253	#EFEDF6	#FEFEFE
1254	#F6E9E8	#FEFEFE
1255	#F2E1DF	#FDFDFD
1256	#EFDBD8	#FDFDFD
1257	#F5E8E6	#FEFEFE
1258	#FEFEFE	#FFFFFF
1259	#F2E2E0	#FEFEFE
1260	#FBF6F5	#FFFFFF
1261	#F8EEED	#FEFEFE
1262	#F8F7FB	#FFFFFF
1264	#EFEDF6	#FEFEFE
1265	#E8CDCA	#FEFEFE
1266	#C6BEE0	#FAFAFA
1267	#D6D0E8	#FCFCFC
1268	#E5E2F1	#FEFEFE
1269	#EEEBF6	#FEFEFE
1270	#EDEAF5	#FEFEFE
1271	#FAF9FC	#FFFFFF
1272	#F8F7FB	#FFFFFF
1273	#F7ECEB	#FEFEFE
1274	#FFFFFF	#FFFFFF
1275	#F2F0F8	#FFFFFF
1276	#F7ECEA	#FEFEFE
1277	#F2E2E0	#FEFEFE
1278	#E7CAC7	#FBFBFB
1279	#FBF6F5	#FFFFFF
1280	#FBFAFD	#FFFFFF
1281	#FDFAFA	#FFFFFF
1282	#FAF3F2	#FEFEFE
1283	#DED9ED	#FDFDFD
1284	#F4E6E4	#FEFEFE
1285	#F3F1F8	#FEFEFE
1286	#F3E4E2	#FEFEFE
1287	#E3DFF0	#FEFEFE
1288	#F9F1F0	#FEFEFE
1289	#D4A7A1	#FAFAFA
1290	#F4E7E5	#FEFEFE
1291	#F9F1F0	#FEFEFE
1292	#F3E4E3	#FEFEFE
1293	#FAF4F3	#FEFEFE
1294	#FDFBFB	#FFFFFF
1295	#F4E7E5	#FDFDFD
1296	#F6E9E8	#FEFEFE
1297	#FFFEFE	#FFFFFF
1298	#FDFAFA	#FFFFFF
1299	#EDD6D3	#FCFCFC
1300	#FAF3F2	#FEFEFE
1301	#F1E0DE	#FEFEFE
1302	#ECD4D1	#FDFDFD
1303	#FDFDFE	#FFFFFF
1304	#FDFBFA	#FFFFFF
1305	#E8E4F2	#FEFEFE
1306	#E7E4F2	#FDFDFD
1307	#E8E4F2	#FEFEFE
1309	#F2E3E0	#FEFEFE
1310	#F3F2F9	#FEFEFE
1311	#FDFCFE	#FFFFFF
1312	#E9E6F3	#FEFEFE
1313	#DDD9ED	#FDFDFD
1314	#E4E0F0	#FEFEFE
1315	#F5E7E6	#FEFEFE
1316	#FEFEFE	#FFFFFF
1317	#D6D0E9	#FCFCFC
1318	#EFEDF6	#FEFEFE
1319	#FAF3F2	#FFFFFF
1320	#DBD7EC	#FCFCFC
1321	#E2DDEF	#FDFDFD
1323	#C9C2E2	#FBFBFB
1324	#F9F2F1	#FFFFFF
1325	#D3CEE7	#FCFCFC
1326	#F8F7FB	#FFFFFF
1327	#EBE8F4	#FEFEFE
1328	#F5E9E7	#FEFEFE
1329	#F0EEF7	#FEFEFE
1330	#DDD8EC	#FDFDFD
1331	#FAFAFC	#FFFFFF
1332	#F6EBEA	#FEFEFE
1333	#EED9D6	#FDFDFD
1334	#F4E7E5	#FEFEFE
1335	#FCF7F7	#FFFFFF
1336	#F6EAE8	#FEFEFE
1337	#F0EDF7	#FEFEFE
1338	#F4F3F9	#FEFEFE
1339	#FBFAFD	#FFFFFF
1340	#F8F7FB	#FFFFFF
1341	#DDB7B2	#FCFCFC
1342	#F3E4E2	#FEFEFE
1343	#F4E7E5	#FEFEFE
1344	#EDD7D4	#FCFCFC
1345	#F6EAE8	#FEFEFE
1346	#EDD7D4	#FCFCFC
1347	#FEFEFE	#FFFFFF
1348	#D3A39E	#F9F9F9
1349	#E8E4F2	#FDFDFD
1350	#F8EFEE	#FEFEFE
1351	#FDF9F9	#FFFFFF
1352	#E6C8C4	#FBFBFB
1353	#FAF2F1	#FFFFFF
1354	#F7ECEB	#FEFEFE
1355	#FCF7F7	#FFFFFF
1356	#F7F6FB	#FFFFFF
1357	#FCFCFE	#FFFFFF
1358	#FDFCFE	#FFFFFF
1359	#EDEBF5	#FEFEFE
1360	#E4E1F1	#FDFDFD
1361	#D4CEE8	#FCFCFC
1362	#FAF9FC	#FFFFFF
1363	#E2DEEF	#FDFDFD
1365	#F8EFEE	#FEFEFE
1366	#FAF4F4	#FFFFFF
1367	#DDD8ED	#FDFDFD
1368	#C6BEE0	#FAFAFA
1369	#D9D4EA	#FDFDFD
1370	#DCD8EC	#FEFEFE
1371	#FBF6F5	#FFFFFF
1372	#FFFFFF	#FFFFFF
1373	#FDFDFE	#FFFFFF
1374	#EEECF6	#FEFEFE
1375	#FDFAFA	#FFFFFF
1376	#ECE9F5	#FEFEFE
1377	#F2F1F8	#FEFEFE
1378	#F0EEF7	#FEFEFE
1379	#CCC6E3	#FBFBFB
1380	#FBF6F6	#FFFFFF
1381	#F7ECEA	#FEFEFE
1382	#FEFEFE	#FFFFFF
1383	#F7ECEB	#FEFEFE
1384	#FEFCFC	#FFFFFF
1385	#E8E4F2	#FEFEFE
1386	#FCF7F6	#FFFFFF
1387	#F3E3E1	#FEFEFE
1388	#F5F4FA	#FFFFFF
1389	#E7CAC6	#FCFCFC
1390	#F7ECEB	#FEFEFE
1391	#F1E0DE	#FEFEFE
1392	#F9F0EF	#FEFEFE
1393	#E5C6C2	#FCFCFC
1394	#FAF4F3	#FFFFFF
1395	#F0DEDC	#FDFDFD
1396	#FAF3F3	#FEFEFE
1397	#F6EBEA	#FEFEFE
1398	#F9F1F0	#FEFEFE
1399	#F3F1F8	#FEFEFE
1400	#E7CBC7	#FBFBFB
1401	#F9F2F1	#FEFEFE
1402	#F0DEDC	#FDFDFD
1403	#FCF7F7	#FFFFFF
1404	#FCF7F6	#FFFFFF
1405	#F4E6E4	#FEFEFE
1406	#F5F3FA	#FFFFFF
1407	#F7ECEB	#FEFEFE
1408	#FDFAFA	#FFFFFF
1410	#E7E3F2	#FDFDFD
1411	#EEEBF6	#FEFEFE
1412	#F0EEF7	#FEFEFE
1413	#FAF3F2	#FFFFFF
1414	#D8D3EA	#FCFCFC
1415	#FFFEFE	#FFFFFF
1416	#E2DEEF	#FDFDFD
1417	#F1EFF7	#FEFEFE
1418	#C7BFE0	#FBFBFB
1419	#F5F4FA	#FFFFFF
1420	#D5D0E8	#FBFBFB
1421	#FFFFFF	#FFFFFF
1422	#FEFEFF	#FFFFFF
1423	#D6D0E9	#FCFCFC
1424	#D8D3EA	#FDFDFD
1425	#F9F1F0	#FFFFFF
1426	#DCD7EC	#FDFDFD
1427	#E1DDEF	#FDFDFD
1428	#FCF9F8	#FFFFFF
1429	#FDFBFB	#FFFFFF
1430	#F9F1F0	#FFFFFF
1431	#FBF6F6	#FFFFFF
1432	#F8F6FB	#FEFEFE
1433	#FEFCFC	#FFFFFF
1434	#E2DEEF	#FDFDFD
1435	#FDFBFB	#FFFFFF
1436	#E7CAC6	#FDFDFD
1437	#FFFEFE	#FFFFFF
1438	#FBF6F5	#FFFFFF
1439	#FAFAFD	#FFFFFF
1440	#ECE9F5	#FEFEFE
1441	#F5E7E5	#FEFEFE
1442	#F9F0EF	#FEFEFE
1443	#FCFCFD	#FFFFFF
1444	#E9CFCB	#FCFCFC
1445	#FBFBFD	#FFFFFF
1446	#E9CFCC	#FCFCFC
1447	#EDD7D4	#FDFDFD
1448	#F7EDEC	#FEFEFE
1449	#FBFAFD	#FFFFFF
1450	#F0DEDC	#FDFDFD
1451	#EAD0CD	#FCFCFC
1452	#DBB3AE	#F4F4F4
1453	#F3E4E2	#FDFDFD
1454	#FBF6F5	#FEFEFE
1455	#F7F6FB	#FFFFFF
1456	#E6E3F2	#FEFEFE
1457	#E9E6F3	#FEFEFE
1458	#FBFBFD	#FFFFFF
1459	#F0EEF7	#FEFEFE
1460	#F8EEED	#FEFEFE
1461	#FBF5F4	#FFFFFF
1462	#F8F7FB	#FFFFFF
1463	#DED9ED	#FDFDFD
1464	#ECE9F5	#FEFEFE
1466	#ECEAF5	#FEFEFE
1467	#E4E0F0	#FEFEFE
1468	#E2DEEF	#FDFDFD
1469	#FFFEFE	#FFFFFF
1470	#F2F0F8	#FEFEFE
1471	#DEDAED	#FDFDFD
1472	#E1DDEF	#FDFDFD
1473	#D4CEE8	#FCFCFC
1474	#F3F1F8	#FFFFFF
1475	#F7EDEB	#FFFFFF
1476	#EFEDF7	#FEFEFE
1477	#E8E5F2	#FEFEFE
1478	#FBF6F5	#FFFFFF
1479	#C9C2E2	#FAFAFA
1480	#EBE8F4	#FEFEFE
1481	#EDD7D5	#FDFDFD
1482	#FBFAFD	#FFFFFF
1483	#FBF5F4	#FFFFFF
1484	#EDEAF5	#FEFEFE
1485	#F4F2F9	#FEFEFE
1486	#FEFCFC	#FFFFFF
1487	#F3F1F8	#FEFEFE
1488	#F2E2E0	#FEFEFE
1489	#FDFCFE	#FFFFFF
1490	#F8F6FB	#FFFFFF
1491	#E8CDCA	#FDFDFD
1492	#F2E1DF	#FEFEFE
1493	#F9F1F0	#FEFEFE
1494	#EBD2CF	#FDFDFD
1495	#F8F0EF	#FEFEFE
1496	#F5F3F9	#FEFEFE
1497	#F7EDEC	#FEFEFE
1498	#FAF3F2	#FEFEFE
1499	#F7ECEA	#FEFEFE
1500	#FBFAFD	#FFFFFF
1501	#F9F2F1	#FEFEFE
1502	#F4E7E5	#FDFDFD
1503	#FEFDFD	#FFFFFF
1504	#F6F4FA	#FEFEFE
1505	#EED9D6	#FCFCFC
1506	#F8EEED	#FEFEFE
1507	#F3E4E2	#FEFEFE
1508	#FFFFFF	#FFFFFF
1509	#EFDBD9	#FEFEFE
1511	#F8F7FB	#FFFFFF
1512	#ECD6D3	#FDFDFD
1513	#FBFAFD	#FFFFFF
1514	#E8E5F3	#FEFEFE
1515	#D1CBE6	#FCFCFC
1516	#F2F0F8	#FEFEFE
1517	#EEECF6	#FEFEFE
1518	#EFEDF6	#FEFEFE
1519	#EFEDF6	#FEFEFE
1520	#F0EDF7	#FEFEFE
1521	#C9C2E2	#FAFAFA
1522	#EEECF6	#FEFEFE
1523	#CBC5E3	#FAFAFA
1524	#FCF9F8	#FFFFFF
1525	#D9D4EB	#FCFCFC
1526	#DED9ED	#FDFDFD
1527	#DDD8ED	#FDFDFD
1528	#FAF9FC	#FFFFFF
1529	#F9F1F0	#FFFFFF
1530	#CDC7E4	#FAFAFA
1531	#F5E8E6	#FEFEFE
1532	#F0DEDB	#FDFDFD
1533	#F9F1F0	#FFFFFF
1534	#FEFDFD	#FFFFFF
1535	#FBFBFD	#FFFFFF
1536	#F8F6FB	#FFFFFF
1537	#FFFFFF	#FFFFFF
1538	#F2F0F8	#FEFEFE
1539	#F0EEF7	#FEFEFE
1540	#F8F7FB	#FFFFFF
1541	#DFDBEE	#FCFCFC
1542	#F5F3F9	#FFFFFF
1543	#F9F8FC	#FFFFFF
1544	#F7F6FB	#FFFFFF
1545	#FFFFFF	#FFFFFF
1546	#F9F1F0	#FEFEFE
1547	#F5F4FA	#FFFFFF
1548	#EBD3D0	#FCFCFC
1549	#F0DDDB	#FBFBFB
1550	#F4E6E4	#FDFDFD
1551	#F9F9FC	#FFFFFF
1552	#F5E9E7	#FDFDFD
1553	#EFDCD9	#FCFCFC
1554	#F6F5FA	#FEFEFE
1555	#FBFBFD	#FFFFFF
1556	#EDD7D4	#FDFDFD
1557	#F6F5FA	#FFFFFF
1558	#FFFFFF	#FFFFFF
1559	#E7CAC6	#FDFDFD
1560	#FBF5F4	#FFFFFF
1561	#F2F0F8	#FEFEFE
1562	#FAF4F4	#FFFFFF
1563	#FFFEFE	#FFFFFF
1564	#F5F4FA	#FFFFFF
1565	#C6BFE0	#FAFAFA
1567	#F6F4FA	#FFFFFF
1568	#FCF8F7	#FFFFFF
1569	#EFECF6	#FEFEFE
1570	#CBC5E3	#FCFCFC
1571	#D0CAE5	#FCFCFC
1572	#E7E3F2	#FDFDFD
1573	#E1DDEF	#FDFDFD
1574	#E7E4F2	#FDFDFD
1575	#DDD8EC	#FDFDFD
1576	#C3BBDE	#F8F8F8
1577	#D9D4EA	#FDFDFD
1578	#DED9ED	#FEFEFE
1579	#F9F8FC	#FFFFFF
1580	#EEECF6	#FEFEFE
1581	#EFEDF6	#FEFEFE
1582	#FAF2F1	#FFFFFF
1583	#F5E7E5	#FEFEFE
1584	#F8EFEE	#FEFEFE
1585	#FDFAFA	#FFFFFF
1586	#ECD4D1	#FDFDFD
1587	#FDFCFE	#FFFFFF
1588	#F9F0EF	#FEFEFE
1589	#F8EFED	#FEFEFE
1590	#FCF9F8	#FFFFFF
1591	#F0DEDB	#FEFEFE
1592	#ECD4D1	#FDFDFD
1593	#E5C6C2	#FCFCFC
1594	#FCF8F7	#FFFFFF
1595	#F7ECEB	#FEFEFE
1596	#EFDCD9	#FDFDFD
1597	#FCFCFE	#FFFFFF
1598	#FFFFFF	#FFFFFF
1599	#FEFDFE	#FFFFFF
1600	#F9F0EF	#FEFEFE
1601	#E2DEEF	#FDFDFD
1602	#FDFBFB	#FFFFFF
1603	#F8EEED	#FEFEFE
1604	#EFDCD9	#FDFDFD
1605	#F9F2F1	#FEFEFE
1606	#F7ECEA	#FEFEFE
1607	#FAF3F3	#FFFFFF
1608	#EAD1CE	#FCFCFC
1609	#FEFEFE	#FFFFFF
1610	#F3E3E1	#FDFDFD
1612	#F2E2E0	#FDFDFD
1613	#FAF4F4	#FFFFFF
1614	#F6F4FA	#FFFFFF
1615	#F1E0DE	#FEFEFE
1616	#FCF8F7	#FFFFFF
1617	#FDFDFE	#FFFFFF
1618	#F4E6E4	#FEFEFE
1619	#F1EFF8	#FEFEFE
1620	#ECEAF5	#FEFEFE
1621	#F3F1F9	#FEFEFE
1622	#DBD6EB	#FCFCFC
1623	#E2DEEF	#FDFDFD
1624	#F9F8FC	#FFFFFF
1625	#FEFCFC	#FFFFFF
1626	#E2DEEF	#FDFDFD
1627	#F1EFF8	#FEFEFE
1628	#E5E1F1	#FDFDFD
1629	#C9C2E2	#FAFAFA
1630	#F3E5E3	#FEFEFE
1631	#F0EEF7	#FEFEFE
1632	#F8F6FB	#FFFFFF
1633	#F3E4E2	#FEFEFE
1634	#F3F1F8	#FEFEFE
1635	#FBF5F4	#FFFFFF
1636	#F5E8E6	#FEFEFE
1637	#E7E4F2	#FDFDFD
1638	#F5E9E8	#FEFEFE
1639	#E8CDCA	#FDFDFD
1640	#FDFDFE	#FFFFFF
1641	#FFFEFE	#FFFFFF
1642	#F8F7FB	#FFFFFF
1643	#FBF6F5	#FFFFFF
1644	#EBE8F4	#FEFEFE
1645	#F7EEEC	#FEFEFE
1646	#DCB5B0	#FCFCFC
1647	#F5E9E8	#FEFEFE
1648	#EFDAD8	#FDFDFD
1649	#FAF9FC	#FFFFFF
1650	#E8CDCA	#FBFBFB
1651	#F1E0DE	#FCFCFC
1652	#F1E0DE	#FEFEFE
1653	#F3E3E1	#FDFDFD
1654	#F3E3E1	#FDFDFD
1655	#FEFCFC	#FFFFFF
1656	#F7EEEC	#FEFEFE
1657	#FAF3F2	#FFFFFF
1658	#FDF9F9	#FFFFFF
1659	#F5E8E6	#FEFEFE
1660	#FAF3F2	#FFFFFF
1661	#F5E7E6	#FEFEFE
1662	#EAD0CD	#FCFCFC
1663	#F3E5E3	#FEFEFE
1664	#FAF4F3	#FEFEFE
1665	#E8E4F2	#FEFEFE
1666	#F2F0F8	#FEFEFE
1668	#FEFDFD	#FFFFFF
1669	#DDB8B3	#FCFCFC
1670	#DED9ED	#FDFDFD
1671	#DED9ED	#FDFDFD
1672	#FDFBFB	#FFFFFF
1673	#E7E4F2	#FDFDFD
1674	#D8D2EA	#FDFDFD
1675	#FEFDFD	#FFFFFF
1676	#DDD9ED	#FDFDFD
1677	#F6E9E8	#FEFEFE
1678	#EFEDF7	#FEFEFE
1679	#C4BDDF	#F8F8F8
1680	#D5CFE8	#FBFBFB
1681	#FFFEFE	#FFFFFF
1682	#E1DDEF	#FDFDFD
1683	#F6F5FA	#FFFFFF
1684	#FEFEFE	#FFFFFF
1685	#FEFDFD	#FFFFFF
1686	#F9F9FC	#FFFFFF
1687	#FFFEFE	#FFFFFF
1688	#F7F6FB	#FFFFFF
1689	#FDFAFA	#FFFFFF
1690	#F7F5FA	#FFFFFF
1691	#E0DCEE	#FDFDFD
1692	#FBF6F5	#FFFFFF
1693	#EBE8F4	#FEFEFE
1694	#FBFAFD	#FFFFFF
1695	#F4E6E4	#FEFEFE
1696	#FDFCFE	#FFFFFF
1697	#F8EFED	#FEFEFE
1698	#FBF5F4	#FFFFFF
1699	#F8EEED	#FEFEFE
1700	#F3E3E1	#FDFDFD
1701	#F2E1DF	#FDFDFD
1702	#F1E0DE	#FEFEFE
1703	#E8CDC9	#FAFAFA
1704	#F9F1EF	#FEFEFE
1705	#FBFBFD	#FFFFFF
1706	#EAE7F4	#FEFEFE
1707	#FBF7F6	#FFFFFF
1708	#FDFDFE	#FFFFFF
1709	#FCF7F7	#FFFFFF
1710	#F0DEDC	#FDFDFD
1711	#FCFBFD	#FFFFFF
1713	#EED9D7	#FEFEFE
1714	#F6F4FA	#FFFFFF
1715	#FAF3F2	#FFFFFF
1716	#F8F7FB	#FFFFFF
1717	#C5BEE0	#FAFAFA
1718	#F7EDEC	#FEFEFE
1719	#F6F5FA	#FFFFFF
1720	#FAF4F3	#FFFFFF
1721	#EFDBD8	#FDFDFD
1722	#E5E1F1	#FDFDFD
1723	#E3DFF0	#FEFEFE
1724	#EEEBF6	#FEFEFE
1725	#EDEBF5	#FEFEFE
1726	#E5E2F1	#FEFEFE
1727	#E5E1F1	#FDFDFD
1728	#E5E1F1	#FDFDFD
1729	#D7D2E9	#FCFCFC
1730	#D6D0E9	#FCFCFC
1731	#FEFDFD	#FFFFFF
1732	#F9F8FC	#FFFFFF
1733	#E8E5F3	#FEFEFE
1734	#EFDBD9	#FDFDFD
1735	#F0DEDC	#FDFDFD
1736	#DCB5B0	#FCFCFC
1737	#F9F9FC	#FFFFFF
1738	#F1E0DE	#FEFEFE
1739	#F1E0DD	#FDFDFD
1740	#F8EFEE	#FEFEFE
1741	#F4E7E5	#FEFEFE
1742	#FCFCFD	#FFFFFF
1743	#FCF9F8	#FFFFFF
1744	#FEFCFC	#FFFFFF
1745	#F6F5FA	#FFFFFF
1746	#E5E1F1	#FDFDFD
1747	#FFFEFE	#FFFFFF
1748	#EBD2CF	#FCFCFC
1749	#F6EBEA	#FEFEFE
1750	#F8EFEE	#FEFEFE
1751	#F8EFEE	#FEFEFE
1752	#FEFBFB	#FFFFFF
1753	#C28780	#FAFAFA
1754	#FDFDFE	#FFFFFF
1755	#F8EFEE	#FEFEFE
1756	#FCFCFD	#FFFFFF
1757	#F5F4FA	#FFFFFF
1758	#ECD6D3	#FBFBFB
1759	#FCFBFD	#FFFFFF
1760	#FCF9F8	#FFFFFF
1761	#F2F0F8	#FEFEFE
1762	#FFFFFF	#FFFFFF
1763	#E8E5F3	#FEFEFE
1764	#FBFAFD	#FFFFFF
1765	#FCF7F7	#FFFFFF
1766	#F7EDEB	#FEFEFE
1767	#E8E5F3	#FEFEFE
1769	#FBFAFD	#FFFFFF
1770	#E8E5F3	#FEFEFE
1771	#F6E9E8	#FEFEFE
1772	#C9C3E2	#F9F9F9
1773	#E7E3F2	#FDFDFD
1774	#EEEBF6	#FEFEFE
1775	#EFEDF6	#FEFEFE
1776	#E4E1F1	#FDFDFD
1777	#D7D1E9	#FBFBFB
1778	#F9F9FC	#FFFFFF
1779	#D5D0E8	#FAFAFA
1780	#E8E4F2	#FDFDFD
1781	#FBFAFD	#FFFFFF
1782	#CCC5E3	#F9F9F9
1783	#F8F7FB	#FFFFFF
1784	#FEFEFF	#FFFFFF
1785	#FFFFFF	#FFFFFF
1786	#DDB7B2	#FCFCFC
1787	#E7CAC6	#FCFCFC
1788	#F3E3E1	#FDFDFD
1789	#FCF8F8	#FFFFFF
1790	#FAF3F2	#FEFEFE
1791	#FBF6F5	#FFFFFF
1792	#F6E9E8	#FEFEFE
1793	#F6EAE9	#FEFEFE
1794	#E1DDEF	#FDFDFD
1795	#FCF8F7	#FFFFFF
1796	#EED9D7	#FEFEFE
1797	#F9F1F0	#FEFEFE
1798	#F2F0F8	#FEFEFE
1799	#F6EAE8	#FEFEFE
1800	#F2E2DF	#FEFEFE
1801	#F1DFDD	#FEFEFE
1802	#FAF4F3	#FEFEFE
1803	#F3F1F8	#FEFEFE
1804	#F8F0EF	#FEFEFE
1805	#FFFFFF	#FFFFFF
1806	#E5C6C2	#FCFCFC
1807	#F7F6FB	#FFFFFF
1808	#FDFAFA	#FFFFFF
1809	#F9F2F1	#FEFEFE
1810	#FDFAFA	#FFFFFF
1811	#FDFAFA	#FFFFFF
1812	#EED9D7	#FDFDFD
1814	#E8E5F3	#FEFEFE
1815	#CDC7E4	#FCFCFC
1816	#FDFBFB	#FFFFFF
1817	#FAF4F3	#FFFFFF
1818	#F2E1DF	#FEFEFE
1819	#F7EEEC	#FEFEFE
1820	#E6E3F2	#FEFEFE
1821	#F2F0F8	#FEFEFE
1822	#DED9ED	#FDFDFD
1823	#F6F4FA	#FFFFFF
1824	#ECE9F5	#FEFEFE
1825	#F5F3F9	#FFFFFF
1826	#EFECF6	#FEFEFE
1827	#E8E5F3	#FEFEFE
1828	#FDFAFA	#FFFFFF
1829	#D9D4EB	#FCFCFC
1830	#DED9ED	#FCFCFC
1831	#EAE7F4	#FEFEFE
1832	#FDFDFE	#FFFFFF
1833	#FCFCFD	#FFFFFF
1834	#D0CAE6	#FBFBFB
1835	#FDFAFA	#FFFFFF
1836	#FBFBFD	#FFFFFF
1837	#FDFAFA	#FFFFFF
1838	#FCFBFD	#FFFFFF
1839	#F6EAE9	#FEFEFE
1840	#FCF8F8	#FFFFFF
1841	#FCF7F7	#FFFFFF
1842	#FBF6F5	#FFFFFF
1843	#FDFBFA	#FFFFFF
1844	#FCF7F6	#FFFFFF
1845	#ECD5D2	#FDFDFD
1846	#EDEBF5	#FEFEFE
1847	#FAF9FC	#FFFFFF
1848	#FAF9FC	#FFFFFF
1849	#FEFDFD	#FFFFFF
1850	#F9F2F1	#FEFEFE
1851	#DEB8B4	#FAFAFA
1852	#F7EDEC	#FEFEFE
1853	#F4F2F9	#FEFEFE
1854	#EFDCD9	#FEFEFE
1855	#EED9D7	#FDFDFD
1856	#FAF3F3	#FFFFFF
1857	#F9F1F0	#FEFEFE
1858	#F2F1F8	#FEFEFE
1859	#FAF4F3	#FEFEFE
1860	#F7ECEB	#FEFEFE
1861	#FEFDFE	#FFFFFF
1862	#F6EAE9	#FEFEFE
1863	#F4F2F9	#FEFEFE
1864	#F2E1DF	#FEFEFE
1865	#E4E0F0	#FDFDFD
1866	#F6F5FA	#FFFFFF
1867	#F5F3F9	#FFFFFF
1868	#F8EFED	#FEFEFE
1870	#FAF4F3	#FFFFFF
1871	#F2F0F8	#FFFFFF
1872	#E1DDEF	#FDFDFD
1873	#DED9ED	#FDFDFD
1874	#F0DEDB	#FEFEFE
1875	#EFECF6	#FEFEFE
1876	#CEC8E4	#FCFCFC
1877	#DEDAED	#FDFDFD
1878	#FEFEFF	#FFFFFF
1879	#E1DDEF	#FDFDFD
1880	#EBE8F4	#FEFEFE
1881	#C5BEE0	#F8F8F8
1882	#F9F8FC	#FFFFFF
1883	#EEEBF6	#FEFEFE
1884	#E8E5F3	#FEFEFE
1885	#E8E5F3	#FEFEFE
1886	#F6F5FA	#FFFFFF
1887	#EFEDF6	#FEFEFE
1888	#F2F1F8	#FEFEFE
1889	#FAF4F3	#FFFFFF
1890	#FEFCFC	#FFFFFF
1891	#FDFCFE	#FFFFFF
1892	#F8F7FB	#FFFFFF
1893	#F9F1F0	#FFFFFF
1894	#F7ECEB	#FEFEFE
1895	#F2E2DF	#FDFDFD
1896	#E6E2F1	#FEFEFE
1897	#E8E5F3	#FEFEFE
1898	#FAF3F2	#FEFEFE
1899	#FDFCFE	#FFFFFF
1900	#FFFFFF	#FFFFFF
1901	#F0DDDB	#FDFDFD
1902	#FEFDFD	#FFFFFF
1903	#F7EDEC	#FEFEFE
1904	#FCFCFE	#FFFFFF
1905	#EDEBF5	#FEFEFE
1906	#F7EDEC	#FEFEFE
1907	#FBF7F6	#FFFFFF
1908	#FAF3F2	#FEFEFE
1909	#FEFEFE	#FFFFFF
1910	#F2E2E0	#FCFCFC
1911	#FAF3F2	#FEFEFE
1912	#FFFEFE	#FFFFFF
1913	#F2E2E0	#FEFEFE
1915	#EBE8F4	#FEFEFE
1916	#EEECF6	#FEFEFE
1917	#DFBCB7	#FCFCFC
1918	#F7EDEC	#FEFEFE
1919	#F1DFDC	#FEFEFE
1920	#FCFCFE	#FFFFFF
1921	#F9F1F0	#FFFFFF
1922	#FAF9FC	#FFFFFF
1923	#F7F6FB	#FFFFFF
1924	#EBE8F4	#FEFEFE
1925	#D8D3EA	#FDFDFD
1926	#C9C2E1	#FAFAFA
1927	#FAF4F3	#FFFFFF
1928	#F9F8FC	#FFFFFF
1929	#D9D3EA	#FAFAFA
1930	#C8C1E1	#F8F8F8
1931	#C9C2E2	#FAFAFA
1932	#D1CBE6	#FAFAFA
1933	#FAF4F3	#FFFFFF
1934	#EEECF6	#FEFEFE
1935	#F3F1F8	#FEFEFE
1936	#E6E2F1	#FEFEFE
1937	#D0CAE5	#FCFCFC
1938	#E5E2F1	#FEFEFE
1939	#F3E5E3	#FEFEFE
1940	#FDFAFA	#FFFFFF
1941	#F3E5E3	#FEFEFE
1942	#EDEAF5	#FEFEFE
1943	#F8F7FB	#FFFFFF
1944	#E6E2F1	#FEFEFE
1945	#FFFFFF	#FFFFFF
1946	#DFBBB7	#FCFCFC
1947	#F2F0F8	#FEFEFE
1948	#FAF4F3	#FFFFFF
1949	#EAE7F3	#FEFEFE
1950	#EFEDF6	#FEFEFE
1951	#FEFDFD	#FFFFFF
1952	#F8EFED	#FEFEFE
1953	#F5E8E6	#FEFEFE
1954	#E8E5F3	#FEFEFE
1955	#F5F3FA	#FFFFFF
1956	#F1EFF7	#FEFEFE
1957	#EED8D6	#FCFCFC
1958	#FCF8F8	#FFFFFF
1959	#EFDBD8	#FCFCFC
1960	#E2C0BC	#FAFAFA
1961	#F4F2F9	#FEFEFE
1962	#FFFFFF	#FFFFFF
1963	#F1EFF7	#FEFEFE
1964	#F1E0DE	#FDFDFD
1965	#FCF7F6	#FFFFFF
1966	#EDEAF5	#FEFEFE
1967	#FEFCFC	#FFFFFF
1968	#DBD6EB	#FCFCFC
1969	#FBF6F6	#FFFFFF
1971	#F0EDF7	#FEFEFE
1972	#F2F0F8	#FEFEFE
1973	#F1DFDC	#FDFDFD
1974	#FDF9F9	#FFFFFF
1975	#FCFCFD	#FFFFFF
1976	#FAF4F3	#FFFFFF
1977	#F5F4FA	#FFFFFF
1978	#F2F0F8	#FEFEFE
1979	#C3BCDE	#F9F9F9
1980	#E2DEEF	#FCFCFC
1981	#DCD7EC	#FCFCFC
1982	#C9C3E2	#FBFBFB
1983	#FCFCFE	#FFFFFF
1984	#D9D4EA	#FCFCFC
1985	#FDFAF9	#FFFFFF
1986	#F6F5FA	#FFFFFF
1987	#FBF6F6	#FFFFFF
1988	#E6E2F1	#FEFEFE
1989	#EFEDF7	#FEFEFE
1990	#FFFEFE	#FFFFFF
1991	#F8EFED	#FEFEFE
1992	#F6F5FA	#FEFEFE
1993	#F6EAE8	#FEFEFE
1994	#F6F4FA	#FFFFFF
1995	#FEFDFC	#FFFFFF
1996	#FDFDFE	#FFFFFF
1997	#F5E7E6	#FEFEFE
1998	#F6F4FA	#FEFEFE
1999	#F0EEF7	#FEFEFE
2000	#E6E2F1	#FEFEFE
2001	#FDFAF9	#FFFFFF
2002	#FDFDFE	#FFFFFF
2003	#F8EFEE	#FEFEFE
2004	#F8EEED	#FEFEFE
2005	#FAF5F4	#FFFFFF
2006	#F2F0F8	#FEFEFE
2007	#F5E7E5	#FEFEFE
2008	#FFFEFF	#FFFFFF
2009	#E5C7C3	#F8F8F8
2010	#FDFAFA	#FFFFFF
2011	#FEFCFC	#FFFFFF
2012	#FCF8F7	#FFFFFF
2013	#F1E0DE	#FDFDFD
2014	#F2E2E0	#FEFEFE
2016	#F5E9E8	#FEFEFE
2017	#E5E1F1	#FEFEFE
2018	#FBF6F6	#FFFFFF
2019	#F2F1F8	#FFFFFF
2020	#FAF9FC	#FFFFFF
2021	#FCF8F7	#FFFFFF
2022	#FDFDFE	#FFFFFF
2023	#E5E2F1	#FEFEFE
2024	#F3E3E1	#FEFEFE
2025	#E4E1F1	#FDFDFD
2026	#EFEDF7	#FEFEFE
2027	#FBF6F6	#FFFFFF
2028	#FDFDFE	#FFFFFF
2029	#D2CCE7	#FAFAFA
2030	#C6BEE0	#F8F8F8
2031	#D2CCE6	#F8F8F8
2032	#CBC4E3	#FCFCFC
2033	#F1EFF8	#FEFEFE
2034	#DDD8EC	#FDFDFD
2035	#E8E5F3	#FEFEFE
2036	#DED9ED	#FDFDFD
2037	#F8EFEE	#FEFEFE
2038	#D4CEE8	#FCFCFC
2039	#EFEDF6	#FEFEFE
2040	#FBF6F5	#FFFFFF
2041	#D7D1E9	#FDFDFD
2042	#EFECF6	#FEFEFE
2043	#EBD4D1	#FAFAFA
2044	#F9F1F0	#FEFEFE
2045	#CBC4E3	#FCFCFC
2046	#F8F7FB	#FFFFFF
2047	#FEFDFD	#FFFFFF
2048	#E5E2F1	#FDFDFD
2049	#F5E8E6	#FEFEFE
2050	#F5F4FA	#FEFEFE
2051	#FCFCFD	#FFFFFF
2052	#DAD5EB	#FBFBFB
2053	#EFEDF7	#FEFEFE
2054	#FFFEFE	#FFFFFF
2055	#F3F1F8	#FEFEFE
2056	#EEEBF6	#FEFEFE
2057	#F2E2E0	#FEFEFE
2058	#EFEDF6	#FEFEFE
2059	#FEFDFD	#FFFFFF
2060	#F8EEED	#FEFEFE
2061	#ECEAF5	#FEFEFE
2062	#F7ECEB	#FEFEFE
2063	#F8EFEE	#FEFEFE
2064	#F7ECEB	#FEFEFE
2065	#FBF5F4	#FEFEFE
2066	#D8D3EA	#FDFDFD
2067	#F5F4FA	#FFFFFF
2068	#C8C1E1	#FCFCFC
2069	#E6E2F1	#FEFEFE
2070	#F7F6FB	#FFFFFF
2072	#EFECF6	#FEFEFE
2073	#F9F2F1	#FFFFFF
2074	#E6C8C4	#FDFDFD
2075	#FCF8F8	#FFFFFF
2076	#F4E7E5	#FEFEFE
2077	#F7EDEB	#FFFFFF
2078	#FFFFFE	#FFFFFF
2079	#DFDBEE	#FCFCFC
2080	#E1DDEF	#FDFDFD
2081	#D8D3EA	#FBFBFB
2082	#EAE7F3	#FDFDFD
2083	#C6BEE0	#FAFAFA
2084	#CAC3E2	#FBFBFB
2085	#E7E4F2	#FDFDFD
2086	#F5E7E6	#FEFEFE
2087	#E4E1F1	#FCFCFC
2088	#F4F3F9	#FFFFFF
2089	#D9D4EB	#FCFCFC
2090	#DDD9ED	#FDFDFD
2091	#FBFBFD	#FFFFFF
2092	#F6EAE9	#FEFEFE
2093	#F1DFDD	#FEFEFE
2094	#F9F0EF	#FEFEFE
2095	#F6F5FA	#FFFFFF
2096	#F9F2F1	#FEFEFE
2097	#F9F8FC	#FFFFFF
2098	#EAE7F4	#FEFEFE
2099	#FDFAFA	#FFFFFF
2100	#E7E3F2	#FDFDFD
2101	#FAF4F3	#FFFFFF
2102	#DDD8ED	#FDFDFD
2103	#F3E4E2	#FDFDFD
2104	#F2E2E0	#FDFDFD
2105	#F1EFF7	#FEFEFE
2106	#E3DFF0	#FEFEFE
2107	#F1E0DE	#FEFEFE
2108	#EFECF6	#FEFEFE
2109	#F5E9E7	#FEFEFE
2110	#FAFAFD	#FFFFFF
2111	#E8CCC8	#FBFBFB
2112	#F3E5E3	#FDFDFD
2113	#FEFCFC	#FFFFFF
2114	#F6EBEA	#FEFEFE
2115	#F7F6FB	#FFFFFF
2117	#F2F0F8	#FEFEFE
2118	#FEFDFC	#FFFFFF
2119	#FDFAFA	#FFFFFF
2120	#F2F0F8	#FEFEFE
2121	#FAF3F2	#FFFFFF
2122	#F7EDEB	#FEFEFE
2123	#FAF9FC	#FFFFFF
2124	#F2F0F8	#FEFEFE
2125	#FAFAFD	#FFFFFF
2126	#F9F1F0	#FEFEFE
2127	#FDFBFB	#FFFFFF
2128	#FAFAFC	#FFFFFF
2129	#FDF9F9	#FFFFFF
2130	#BFB8DC	#F9F9F9
2131	#D3CDE7	#FBFBFB
2132	#C2BADE	#FAFAFA
2133	#C9C2E2	#F9F9F9
2134	#DBD6EB	#FCFCFC
2135	#EAE7F4	#FEFEFE
2136	#DFDBEE	#FCFCFC
2137	#F1EFF8	#FEFEFE
2138	#CBC5E3	#FAFAFA
2139	#DDD9ED	#FDFDFD
2140	#DEDAED	#FDFDFD
2141	#DDD8EC	#FDFDFD
2142	#FBFAFD	#FFFFFF
2143	#EFEDF6	#FEFEFE
2144	#F9F0EF	#FEFEFE
2145	#F7EDEC	#FEFEFE
2146	#EFECF6	#FEFEFE
2147	#FCF9F8	#FFFFFF
2148	#FAF3F2	#FEFEFE
2149	#E3DFF0	#FCFCFC
2150	#FAF3F2	#FFFFFF
2151	#F8F6FB	#FFFFFF
2152	#F8F7FB	#FFFFFF
2153	#EEECF6	#FEFEFE
2154	#ECD5D2	#FDFDFD
2155	#FBF6F5	#FFFFFF
2156	#FEFCFC	#FFFFFF
2157	#FBF6F6	#FFFFFF
2158	#FBFBFD	#FFFFFF
2159	#FBF5F5	#FFFFFF
2160	#FCF8F8	#FFFFFF
2161	#EFECF6	#FEFEFE
2162	#F5E8E7	#FEFEFE
2163	#FEFDFC	#FFFFFF
2164	#FFFFFF	#FFFFFF
2165	#FBF5F4	#FFFFFF
2166	#F3E5E3	#FCFCFC
2167	#F6EAE9	#FEFEFE
2168	#D4CEE7	#FDFDFD
2169	#FDFAFA	#FFFFFF
2170	#DBB3AE	#FCFCFC
2171	#F2F1F8	#FFFFFF
2173	#FCF7F7	#FFFFFF
2174	#FBFBFD	#FFFFFF
2175	#E4E0F0	#FDFDFD
2176	#FBF6F5	#FFFFFF
2177	#FDFAF9	#FFFFFF
2178	#E5E2F1	#FDFDFD
2179	#F8EEED	#FEFEFE
2180	#F2F0F8	#FEFEFE
2181	#E8E4F2	#FEFEFE
2182	#FDFDFE	#FFFFFF
2183	#C6BFE0	#FAFAFA
2184	#F5F3FA	#FEFEFE
2185	#DED9ED	#FDFDFD
2186	#F6F5FA	#FFFFFF
2187	#F0EEF7	#FEFEFE
2188	#EBE8F4	#FEFEFE
2189	#E7E4F2	#FDFDFD
2190	#D9D4EA	#FCFCFC
2191	#F0EEF7	#FEFEFE
2192	#E8E5F3	#FEFEFE
2193	#DAD5EB	#FCFCFC
2194	#EFEDF6	#FEFEFE
2195	#EED9D6	#FEFEFE
2196	#ECE9F5	#FEFEFE
2197	#F8EEED	#FEFEFE
2198	#FCFCFE	#FFFFFF
2199	#FAFAFD	#FFFFFF
2200	#FAF3F2	#FEFEFE
2201	#F6EBEA	#FEFEFE
2202	#EEECF6	#FEFEFE
2203	#F5F4FA	#FFFFFF
2204	#F6EBEA	#FEFEFE
2205	#F3F1F8	#FFFFFF
2206	#E8CCC8	#FDFDFD
2207	#FAF9FC	#FFFFFF
2208	#F9F0EF	#FEFEFE
2209	#F7EDEC	#FEFEFE
2210	#FBFAFD	#FFFFFF
2211	#FAF3F2	#FEFEFE
2212	#F8EFEE	#FEFEFE
2213	#FEFDFE	#FFFFFF
2214	#ECD6D3	#FCFCFC
2215	#F6EBE9	#FEFEFE
2216	#FCF9F8	#FFFFFF
2218	#E3C4BF	#FDFDFD
2219	#F3F1F8	#FFFFFF
2220	#FBF7F6	#FFFFFF
2221	#F2E1DF	#FEFEFE
2222	#F8EEED	#FFFFFF
2223	#F9F1F0	#FFFFFF
2224	#F6F5FA	#FFFFFF
2225	#FBF6F5	#FFFFFF
2226	#FCF8F8	#FFFFFF
2227	#FDFBFA	#FFFFFF
2228	#FEFEFF	#FFFFFF
2229	#F0EEF7	#FEFEFE
2230	#CAC3E2	#FAFAFA
2231	#F9F8FC	#FFFFFF
2232	#F5F4FA	#FFFFFF
2233	#D9D4EA	#FCFCFC
2234	#FFFFFF	#FFFFFF
2235	#DDD8EC	#FBFBFB
2236	#EDEAF5	#FEFEFE
2237	#FDFAF9	#FFFFFF
2238	#D0C9E5	#FBFBFB
2239	#DCD7EC	#FEFEFE
2240	#E1DDEF	#FDFDFD
2241	#F2F0F8	#FFFFFF
2242	#E1DDEF	#FDFDFD
2243	#F6F5FA	#FFFFFF
2244	#D9D4EB	#FBFBFB
2245	#F4E7E5	#FEFEFE
2246	#F1E0DE	#FEFEFE
2247	#CCC5E3	#FDFDFD
2248	#F7ECEB	#FEFEFE
2249	#FDFBFA	#FFFFFF
2250	#F4F3F9	#FEFEFE
2251	#FAF9FC	#FFFFFF
2252	#FCF8F7	#FFFFFF
2253	#F6EBEA	#FEFEFE
2254	#FAFAFC	#FFFFFF
2255	#F7F6FB	#FFFFFF
2256	#F0DDDB	#FEFEFE
2257	#F3E3E1	#FDFDFD
2258	#EFDCD9	#FEFEFE
2259	#EBD2CF	#FDFDFD
2260	#F0DDDB	#FDFDFD
2261	#F9F1F0	#FEFEFE
2262	#ECD5D2	#FCFCFC
2263	#F6EAE9	#FEFEFE
2264	#FEFCFC	#FFFFFF
2265	#EBE8F4	#FDFDFD
2266	#FCFBFD	#FFFFFF
2267	#FEFCFC	#FFFFFF
2268	#EDD7D4	#FEFEFE
2269	#FEFDFC	#FFFFFF
2270	#F7EDEB	#FFFFFF
2271	#F9F9FC	#FFFFFF
2272	#F1DFDD	#FEFEFE
2274	#FFFEFE	#FFFFFF
2275	#F3E5E3	#FEFEFE
2276	#F8EEED	#FEFEFE
2277	#F9F1F0	#FFFFFF
2278	#F8EFEE	#FEFEFE
2279	#EAE7F4	#FEFEFE
2280	#FFFFFF	#FFFFFF
2281	#F3E4E2	#FEFEFE
2282	#F9F0EF	#FEFEFE
2283	#F3F1F9	#FEFEFE
2284	#F3F1F8	#FEFEFE
2285	#D4A59F	#FAFAFA
2286	#F2F0F8	#FEFEFE
2287	#FDFDFE	#FFFFFF
2288	#E8CCC9	#FBFBFB
2289	#F6EAE8	#FEFEFE
2290	#EAD2CE	#FCFCFC
2291	#E8CDC9	#FCFCFC
2292	#EAD1CD	#FCFCFC
2293	#F2E2E0	#FEFEFE
2294	#EDEBF5	#FEFEFE
2295	#F0DEDB	#FDFDFD
2296	#ECE9F5	#FEFEFE
2297	#FCFCFD	#FFFFFF
2298	#F9F1F0	#FFFFFF
2299	#E6C8C4	#FDFDFD
2300	#F9F2F1	#FFFFFF
2301	#E9CFCC	#FDFDFD
2302	#EDD6D3	#FEFEFE
2303	#EBE8F4	#FEFEFE
2304	#F4E5E3	#FEFEFE
2305	#F6F4FA	#FFFFFF
2306	#E6C8C4	#FBFBFB
2307	#EEDAD7	#FDFDFD
2308	#F9F1F0	#FEFEFE
2309	#FDFCFE	#FFFFFF
2310	#F6F5FA	#FFFFFF
2311	#E5E1F1	#FEFEFE
2312	#F6EAE8	#FEFEFE
2313	#EBD4D0	#FCFCFC
2314	#FCF7F6	#FFFFFF
2315	#F8EFED	#FEFEFE
2316	#F7ECEB	#FEFEFE
2317	#FDFBFA	#FFFFFF
2319	#F8F7FB	#FFFFFF
2320	#FAF3F2	#FFFFFF
2321	#FDFDFE	#FFFFFF
2322	#F7EDEC	#FEFEFE
2323	#EBD4D1	#FDFDFD
2324	#F5F4FA	#FFFFFF
2325	#F9F1F0	#FFFFFF
2326	#F5F4FA	#FEFEFE
2327	#F7F6FB	#FFFFFF
2328	#FCF8F8	#FFFFFF
2329	#FDFAFA	#FFFFFF
2330	#F2E2E0	#FEFEFE
2331	#CEC7E4	#FDFDFD
2332	#E9D0CC	#FDFDFD
2333	#FFFFFF	#FFFFFF
2334	#FDFDFE	#FFFFFF
2335	#FCF9F8	#FFFFFF
2336	#AF6760	#F6F6F6
2337	#FBF6F5	#FFFFFF
2338	#F8EEED	#FEFEFE
2339	#E8CCC9	#FCFCFC
2340	#F4E7E5	#FEFEFE
2341	#E4C5C1	#FBFBFB
2342	#ECD6D3	#FCFCFC
2343	#ECD4D1	#FCFCFC
2344	#EBD2CF	#FDFDFD
2345	#E2C0BC	#FDFDFD
2346	#FBFAFD	#FFFFFF
2347	#F3E4E2	#FEFEFE
2348	#F9F1F0	#FFFFFF
2349	#FBF6F5	#FFFFFF
2350	#EAD0CD	#FDFDFD
2351	#FBF5F5	#FFFFFF
2352	#FDFCFE	#FFFFFF
2353	#F9F1F0	#FFFFFF
2354	#F1E0DE	#FEFEFE
2355	#B26C65	#F7F7F7
2356	#D6AAA4	#FAFAFA
2357	#FBF6F6	#FEFEFE
2358	#F4E5E3	#FEFEFE
2359	#F8F0EF	#FEFEFE
2360	#F0DDDB	#FDFDFD
2361	#EEDAD7	#FDFDFD
2362	#F0EEF7	#FEFEFE
2363	#F7EDEC	#FEFEFE
2364	#E7E4F2	#FDFDFD
2365	#EDEBF5	#FEFEFE
2366	#EDD7D5	#FDFDFD
2367	#E1DDEF	#FDFDFD
2368	#F3F1F9	#FEFEFE
2369	#F3E3E1	#FDFDFD
2370	#EDEBF5	#FEFEFE
2371	#F8F6FB	#FFFFFF
2372	#EDD6D3	#FEFEFE
2373	#FEFEFE	#FFFFFF
2375	#F0EDF7	#FEFEFE
2376	#FBFBFD	#FFFFFF
2377	#F6F4FA	#FFFFFF
2378	#EAD1CE	#FDFDFD
2379	#F8F7FB	#FFFFFF
2380	#F8EEED	#FEFEFE
2381	#F6EBEA	#FEFEFE
2382	#FAFAFD	#FFFFFF
2383	#FFFEFE	#FFFFFF
2384	#FDFAF9	#FFFFFF
2385	#ECEAF5	#FEFEFE
2386	#E1DDEF	#FDFDFD
2387	#DDD9ED	#FDFDFD
2388	#E0DBEE	#FCFCFC
2389	#E1DCEF	#FDFDFD
2390	#F3F2F9	#FEFEFE
2391	#EFECF6	#FEFEFE
2392	#D3CEE7	#FBFBFB
2393	#F0EDF7	#FEFEFE
2394	#DDD9ED	#FDFDFD
2395	#F5E8E6	#FEFEFE
2396	#DEDAED	#FCFCFC
2397	#F8EEED	#FEFEFE
2398	#F6F5FA	#FFFFFF
2399	#E4E0F0	#FDFDFD
2400	#F5F4FA	#FEFEFE
2401	#F3F1F8	#FEFEFE
2402	#ECEAF5	#FDFDFD
2403	#EFECF6	#FEFEFE
2404	#FAF9FC	#FFFFFF
2405	#F3E3E1	#FEFEFE
2406	#F2F1F8	#FEFEFE
2407	#F9F0EF	#FEFEFE
2408	#F9F8FC	#FFFFFF
2409	#EDEAF5	#FEFEFE
2410	#F6F5FA	#FFFFFF
2411	#F7ECEB	#FEFEFE
2412	#F0DCDA	#FCFCFC
2413	#FBFAFD	#FFFFFF
2414	#FBF6F6	#FFFFFF
2415	#F7EDEC	#FEFEFE
2416	#F6EBEA	#FEFEFE
2417	#E9CFCC	#FAFAFA
2418	#F8EFEE	#FEFEFE
2420	#E6E3F2	#FEFEFE
2421	#BCB4DB	#FBFBFB
2422	#F4E6E4	#FEFEFE
2423	#DCD7EC	#FEFEFE
2424	#FDFCFE	#FFFFFF
2425	#DEDAED	#FDFDFD
2426	#F0EEF7	#FEFEFE
2427	#CEC8E4	#FCFCFC
2428	#DCD7EC	#FEFEFE
2429	#F9F8FC	#FFFFFF
2430	#F2E1DF	#FDFDFD
2431	#F3F1F8	#FEFEFE
2432	#F5E9E7	#FEFEFE
2433	#EDEBF5	#FEFEFE
2434	#E2DDEF	#FDFDFD
2435	#F5F3F9	#FEFEFE
2436	#E4E0F0	#FDFDFD
2437	#F2F0F8	#FEFEFE
2438	#CCC5E3	#FDFDFD
2439	#F5F4FA	#FFFFFF
2440	#DED9ED	#FDFDFD
2441	#C6BFE0	#F9F9F9
2442	#E8E5F3	#FEFEFE
2443	#C3BBDE	#FAFAFA
2444	#E4E0F0	#FDFDFD
2445	#CFC9E5	#FBFBFB
2446	#DED9ED	#FDFDFD
2447	#C3BCDF	#FAFAFA
2448	#FDFDFE	#FFFFFF
2449	#EEECF6	#FFFFFF
2450	#FEFDFC	#FFFFFF
2451	#FBF5F4	#FEFEFE
2452	#FEFDFD	#FFFFFF
2453	#FCF7F6	#FFFFFF
2454	#FBF5F4	#FFFFFF
2455	#FFFEFE	#FFFFFF
2456	#F9F2F1	#FFFFFF
2457	#F6EAE8	#FEFEFE
2458	#F4F2F9	#FEFEFE
2459	#FAF3F2	#FEFEFE
2460	#F9F8FC	#FFFFFF
2461	#F5E8E6	#FEFEFE
2462	#F0EEF7	#FEFEFE
2463	#FDFBFA	#FFFFFF
2464	#F6EBEA	#FEFEFE
2465	#FEFCFC	#FFFFFF
2466	#F4E5E3	#FDFDFD
2467	#F5E8E6	#FDFDFD
2468	#F9F2F1	#FEFEFE
2469	#F9F8FC	#FFFFFF
2470	#F9F0EF	#FEFEFE
2471	#DFDBEE	#FEFEFE
2472	#FEFDFD	#FFFFFF
2473	#E2C0BC	#FDFDFD
2474	#F3F1F8	#FFFFFF
2476	#CCC6E3	#FBFBFB
2477	#E6E3F2	#FEFEFE
2478	#F2F0F8	#FEFEFE
2479	#FEFEFE	#FFFFFF
2480	#EFDCDA	#FEFEFE
2481	#F2E2E0	#FEFEFE
2482	#FEFEFF	#FFFFFF
2483	#EFEDF6	#FEFEFE
2484	#F5F3FA	#FEFEFE
2485	#FEFEFF	#FFFFFF
2486	#FBFAFD	#FFFFFF
2487	#F2F0F8	#FFFFFF
2488	#FDFBFB	#FFFFFF
2489	#DDD8EC	#FDFDFD
2490	#E5E1F1	#FDFDFD
2491	#D8D3EA	#FBFBFB
2492	#C6BFE0	#FAFAFA
2493	#D6D1E9	#FBFBFB
2494	#F9F8FC	#FFFFFF
2495	#AEA5D3	#FCFCFC
2496	#D6D1E9	#FCFCFC
2497	#FCFBFD	#FFFFFF
2498	#E2DDEF	#FDFDFD
2499	#CDC6E4	#FCFCFC
2500	#ECEAF5	#FEFEFE
2501	#F5E9E8	#FEFEFE
2502	#EFDBD8	#FCFCFC
2503	#FBF6F5	#FFFFFF
2504	#E6E2F1	#FDFDFD
2505	#F6F4FA	#FFFFFF
2506	#F7ECEA	#FEFEFE
2507	#EEECF6	#FEFEFE
2508	#FEFDFD	#FFFFFF
2509	#F2F1F8	#FEFEFE
2510	#F2F0F8	#FFFFFF
2511	#E7E4F2	#FDFDFD
2512	#FFFEFE	#FFFFFF
2513	#F2F0F8	#FEFEFE
2514	#F4E5E3	#FEFEFE
2515	#FEFBFB	#FFFFFF
2516	#FCF9F8	#FFFFFF
2517	#FBF5F5	#FEFEFE
2518	#F6E9E8	#FDFDFD
2519	#F1E0DD	#FDFDFD
2521	#E6E3F2	#FEFEFE
2522	#F8F7FB	#FFFFFF
2523	#FFFEFE	#FFFFFF
2524	#F1DFDD	#FEFEFE
2525	#F6E9E8	#FEFEFE
2526	#E1DDEF	#FDFDFD
2527	#D5CFE8	#FCFCFC
2528	#FAFAFD	#FFFFFF
2529	#E7E4F2	#FEFEFE
2530	#F5E9E7	#FEFEFE
2531	#F6EAE9	#FEFEFE
2532	#DDB6B1	#FCFCFC
2533	#FFFFFF	#FFFFFF
2534	#FBF5F4	#FEFEFE
2535	#ECE9F5	#FEFEFE
2536	#F3F2F9	#FEFEFE
2537	#EDEBF5	#FEFEFE
2538	#EEECF6	#FEFEFE
2539	#E8CDCA	#FEFEFE
2540	#E1DDEF	#FDFDFD
2541	#F6F5FA	#FFFFFF
2542	#C7C0E0	#F9F9F9
2543	#D0CAE6	#F9F9F9
2544	#FDFCFE	#FFFFFF
2545	#EFEDF7	#FEFEFE
2546	#F0EEF7	#FEFEFE
2547	#F4E7E5	#FEFEFE
2548	#D1CBE6	#FBFBFB
2549	#EFECF6	#FEFEFE
2550	#F6F4FA	#FFFFFF
2551	#EEECF6	#FEFEFE
2552	#F5F4FA	#FEFEFE
2553	#EDD6D3	#FBFBFB
2554	#FDFBFB	#FFFFFF
2555	#FFFFFF	#FFFFFF
2556	#FBFBFD	#FFFFFF
2557	#EFEDF6	#FEFEFE
2558	#FDFAFA	#FFFFFF
2559	#F5E8E6	#FEFEFE
2560	#F2F0F8	#FEFEFE
2561	#D4CEE7	#FDFDFD
2562	#FDFDFE	#FFFFFF
2563	#F8EFEE	#FEFEFE
2564	#F8F0EF	#FEFEFE
2565	#F2E2E0	#FDFDFD
2566	#FDFBFB	#FFFFFF
2567	#F9F0EF	#FEFEFE
2568	#EDD6D3	#FBFBFB
2569	#FEFEFD	#FFFFFF
2570	#F8F7FB	#FFFFFF
2571	#C2867F	#FAFAFA
2572	#EDEBF5	#FEFEFE
2573	#F6EAE9	#FEFEFE
2574	#E1DDEF	#FDFDFD
2575	#F9F2F1	#FFFFFF
2577	#D8D3EA	#FDFDFD
2578	#DFDAED	#FDFDFD
2579	#F7EDEC	#FEFEFE
2580	#FFFEFE	#FFFFFF
2581	#FEFEFE	#FFFFFF
2582	#F8EFEE	#FEFEFE
2583	#FDFBFB	#FFFFFF
2584	#ECE9F5	#FEFEFE
2585	#FFFFFF	#FFFFFF
2586	#FCFCFD	#FFFFFF
2587	#EDEBF5	#FEFEFE
2588	#F3F1F8	#FEFEFE
2589	#F2F0F8	#FEFEFE
2590	#D3CDE7	#FBFBFB
2591	#EFEDF6	#FEFEFE
2592	#BBB3DA	#F6F6F6
2593	#D3CDE7	#FBFBFB
2594	#BBB2DA	#F9F9F9
2595	#D7D1E9	#FBFBFB
2596	#EAE7F4	#FDFDFD
2597	#EAE7F4	#FEFEFE
2598	#EFECF6	#FEFEFE
2599	#B2A9D5	#F7F7F7
2600	#D3CDE7	#FCFCFC
2601	#D2CCE6	#FBFBFB
2602	#DCD8EC	#FDFDFD
2603	#FEFEFF	#FFFFFF
2604	#FEFCFC	#FFFFFF
2605	#FAF3F2	#FEFEFE
2606	#FCF7F7	#FFFFFF
2607	#EBD3D0	#FDFDFD
2608	#EFDBD8	#FEFEFE
2609	#EDEBF5	#FEFEFE
2610	#F2F0F8	#FEFEFE
2611	#E3E0F0	#FEFEFE
2612	#FFFEFE	#FFFFFF
2613	#F3F2F9	#FEFEFE
2614	#FDFDFE	#FFFFFF
2615	#FFFFFF	#FFFFFF
2616	#F7ECEA	#FEFEFE
2617	#F9F1F0	#FFFFFF
2618	#FDFAFA	#FFFFFF
2619	#F7EDEB	#FEFEFE
2620	#E1DDEF	#FDFDFD
2622	#E6E2F1	#FEFEFE
2623	#EFDCD9	#FEFEFE
2624	#DDB7B3	#FCFCFC
2625	#FCFCFE	#FFFFFF
2626	#E7CCC8	#FDFDFD
2627	#C9C2E2	#FAFAFA
2628	#EAE7F4	#FEFEFE
2629	#EFEDF7	#FEFEFE
2630	#FAF4F4	#FFFFFF
2631	#F2F0F8	#FEFEFE
2632	#EBD4D1	#FDFDFD
2633	#F7EDEC	#FEFEFE
2634	#FCF8F8	#FFFFFF
2635	#EAE7F4	#FDFDFD
2636	#EDEBF5	#FEFEFE
2637	#FAF4F4	#FFFFFF
2638	#EBE8F4	#FEFEFE
2639	#EDEBF5	#FEFEFE
2640	#E8CDCA	#FEFEFE
2641	#F9F8FC	#FFFFFF
2642	#D3CDE7	#FAFAFA
2643	#CBC5E3	#F8F8F8
2644	#C2BBDE	#FBFBFB
2645	#C9C2E2	#F7F7F7
2646	#D9D4EB	#FCFCFC
2647	#E1DCEF	#FDFDFD
2648	#EDEAF5	#FEFEFE
2649	#E9E6F3	#FEFEFE
2650	#FEFDFE	#FFFFFF
2651	#DEDAED	#FDFDFD
2652	#E4E1F1	#FDFDFD
2653	#E3DFF0	#FCFCFC
2654	#EFEDF6	#FEFEFE
2655	#FAF3F2	#FEFEFE
2656	#FBF5F4	#FFFFFF
2657	#EBE9F4	#FEFEFE
2658	#FDFBFA	#FFFFFF
2659	#F6EBEA	#FEFEFE
2660	#FAF4F3	#FFFFFF
2661	#F8F0EE	#FEFEFE
2662	#FFFEFE	#FFFFFF
2663	#FBF6F6	#FFFFFF
2664	#EFEDF6	#FEFEFE
2665	#F8EEED	#FEFEFE
2666	#F6EAE9	#FEFEFE
2667	#F5E8E7	#FEFEFE
2668	#F6EBEA	#FEFEFE
2669	#FEFDFE	#FFFFFF
2670	#F8F7FB	#FFFFFF
2671	#FFFFFF	#FFFFFF
2672	#DBD6EC	#FEFEFE
2673	#FEFCFC	#FFFFFF
2674	#F9F8FC	#FFFFFF
2675	#FEFCFC	#FFFFFF
2676	#BF817A	#FAFAFA
2678	#DDD8EC	#FDFDFD
2679	#EBE8F4	#FEFEFE
2680	#FDFBFB	#FFFFFF
2681	#FFFEFE	#FFFFFF
2682	#FDFCFE	#FFFFFF
2683	#E6E3F2	#FEFEFE
2684	#EBE8F4	#FEFEFE
2685	#F9F1EF	#FFFFFF
2686	#FAF4F3	#FFFFFF
2687	#FCF9F9	#FFFFFF
2688	#F7EDEC	#FEFEFE
2689	#F5E9E8	#FEFEFE
2690	#F2F0F8	#FFFFFF
2691	#E2DDEF	#FDFDFD
2692	#FCFBFD	#FFFFFF
2693	#C6BEE0	#F5F5F5
2694	#D5CFE8	#FBFBFB
2695	#DEDAED	#FCFCFC
2696	#C9C2E2	#FAFAFA
2697	#D9D4EA	#FDFDFD
2698	#D9D4EA	#FAFAFA
2699	#E5E2F1	#FEFEFE
2700	#D8D3EA	#FDFDFD
2701	#F9F1F0	#FFFFFF
2702	#F2F0F8	#FEFEFE
2703	#E9E5F3	#FEFEFE
2704	#F7F6FB	#FFFFFF
2705	#F9F1F0	#FEFEFE
2706	#F8F0EF	#FEFEFE
2707	#F3E3E1	#FDFDFD
2708	#F2F1F8	#FEFEFE
2709	#FCF9F8	#FFFFFF
2710	#FAF4F3	#FFFFFF
2711	#F3E4E2	#FDFDFD
2712	#E2C1BD	#FDFDFD
2713	#FEFDFD	#FFFFFF
2714	#FDF9F9	#FFFFFF
2715	#CCC5E3	#FBFBFB
2716	#FDFBFA	#FFFFFF
2717	#F1DFDC	#FDFDFD
2718	#FBF6F5	#FFFFFF
2719	#F6EAE8	#FEFEFE
2720	#EFDBD8	#FDFDFD
2721	#F8F0EF	#FEFEFE
2723	#F9F1F0	#FFFFFF
2724	#FEFDFE	#FFFFFF
2725	#E6E3F2	#FEFEFE
2726	#ECEAF5	#FEFEFE
2727	#F2E2E0	#FEFEFE
2728	#DAD4EB	#FCFCFC
2729	#D0CAE6	#FCFCFC
2730	#F1E0DE	#FEFEFE
2731	#E8E4F2	#FEFEFE
2732	#E3DFF0	#FEFEFE
2733	#F4E5E3	#FEFEFE
2734	#FCFCFD	#FFFFFF
2735	#F7EDEC	#FEFEFE
2736	#F2E3E0	#FEFEFE
2737	#F4E6E4	#FEFEFE
2738	#EAE7F4	#FEFEFE
2739	#DED9ED	#FCFCFC
2740	#FCF8F8	#FFFFFF
2741	#FBFAFD	#FFFFFF
2742	#ECE9F5	#FEFEFE
2743	#D4CFE8	#FBFBFB
2744	#CEC8E5	#F9F9F9
2745	#CCC6E3	#F8F8F8
2746	#C9C2E1	#F8F8F8
2747	#E1DDEF	#FDFDFD
2748	#EAE7F4	#FDFDFD
2749	#EBE9F4	#FEFEFE
2750	#D3CDE7	#FCFCFC
2751	#BFB8DC	#F9F9F9
2752	#F6F5FA	#FFFFFF
2753	#F2F0F8	#FEFEFE
2754	#F3F1F9	#FEFEFE
2755	#FCF8F8	#FFFFFF
2756	#F8F7FB	#FFFFFF
2757	#FBF6F5	#FFFFFF
2758	#F6F5FA	#FEFEFE
2759	#FEFDFD	#FFFFFF
2760	#F5E7E5	#FEFEFE
2761	#EDD7D4	#FCFCFC
2762	#FEFEFE	#FFFFFF
2763	#F7ECEB	#FFFFFF
2764	#F2E1DF	#FDFDFD
2765	#FCF8F7	#FFFFFF
2766	#FBFAFD	#FFFFFF
2767	#FFFEFF	#FFFFFF
2768	#F5E9E7	#FEFEFE
2769	#EAD2CF	#FDFDFD
2770	#F7EDEB	#FEFEFE
2771	#FBFAFD	#FFFFFF
2772	#F3E4E2	#FEFEFE
2773	#F9F1F0	#FFFFFF
2774	#DCD7EC	#FEFEFE
2775	#F7ECEA	#FFFFFF
2776	#E1DCEF	#FDFDFD
2777	#EAE7F4	#FDFDFD
2779	#F6EAE9	#FEFEFE
2780	#F1EFF7	#FEFEFE
2781	#F9F9FC	#FFFFFF
2782	#F8EEED	#FEFEFE
2783	#F4E6E4	#FEFEFE
2784	#F5F4FA	#FFFFFF
2785	#F0DEDB	#FEFEFE
2786	#FCF7F7	#FFFFFF
2787	#F9F1F0	#FEFEFE
2788	#FBFAFD	#FFFFFF
2789	#F0EEF7	#FEFEFE
2790	#FBF7F6	#FFFFFF
2791	#DED9ED	#FCFCFC
2792	#E2DEEF	#FDFDFD
2793	#E5E1F1	#FDFDFD
2794	#D8D3EA	#FDFDFD
2795	#FDFDFE	#FFFFFF
2796	#E2DEEF	#FDFDFD
2797	#EFEDF7	#FEFEFE
2798	#CFC9E5	#F9F9F9
2799	#FBF7F6	#FFFFFF
2800	#E5E1F1	#FCFCFC
2801	#C6BFE0	#FAFAFA
2802	#DDD9ED	#FDFDFD
2803	#DAD5EB	#FCFCFC
2804	#F7F6FB	#FFFFFF
2805	#FBFBFD	#FFFFFF
2806	#FBF5F4	#FFFFFF
2807	#FFFFFF	#FFFFFF
2808	#E9E6F3	#FDFDFD
2809	#F1E0DE	#FDFDFD
2810	#FEFDFD	#FFFFFF
2811	#FAF3F3	#FEFEFE
2812	#F4E7E5	#FEFEFE
2813	#ECEAF5	#FEFEFE
2814	#F4F2F9	#FEFEFE
2815	#FBFBFD	#FFFFFF
2816	#FBFAFD	#FFFFFF
2817	#EDEAF5	#FEFEFE
2818	#F9F0EF	#FEFEFE
2819	#F5F4FA	#FEFEFE
2820	#E7CBC8	#FCFCFC
2821	#FDFDFE	#FFFFFF
2822	#F8EFED	#FEFEFE
2824	#F8EEED	#FEFEFE
2825	#FAF9FC	#FFFFFF
2826	#FDFBFA	#FFFFFF
2827	#E6E3F1	#FEFEFE
2828	#F5F4FA	#FFFFFF
2829	#D1CBE6	#FCFCFC
2830	#F3E4E2	#FEFEFE
2831	#D6D0E9	#FCFCFC
2832	#EDEAF5	#FEFEFE
2833	#F1EFF7	#FEFEFE
2834	#F6EAE8	#FEFEFE
2835	#EAD0CC	#FDFDFD
2836	#FFFEFE	#FFFFFF
2837	#F2E3E1	#FEFEFE
2838	#F5F3F9	#FFFFFF
2839	#FCFBFD	#FFFFFF
2840	#FBF5F4	#FEFEFE
2841	#EAE7F4	#FEFEFE
2842	#EFDCD9	#FEFEFE
2843	#F7F6FB	#FFFFFF
2844	#FEFDFE	#FFFFFF
2845	#EDEAF5	#FEFEFE
2846	#DDD9ED	#FDFDFD
2847	#DED9ED	#FCFCFC
2848	#BDB5DB	#FBFBFB
2849	#C3BCDE	#F8F8F8
2850	#DED9ED	#FDFDFD
2851	#EDEAF5	#FEFEFE
2852	#DEDAED	#FCFCFC
2853	#FFFFFF	#FFFFFF
2854	#FDFBFB	#FFFFFF
2855	#E9E6F3	#FEFEFE
2856	#DFBAB5	#FCFCFC
2857	#F8F7FB	#FFFFFF
2858	#EFEDF6	#FEFEFE
2859	#FCF9F8	#FFFFFF
2860	#F0DEDB	#FCFCFC
2861	#FAFAFC	#FFFFFF
2862	#F5F4FA	#FEFEFE
2863	#FCF9F8	#FFFFFF
2864	#F7ECEB	#FFFFFF
2865	#F1E0DE	#FEFEFE
2866	#F0EDF7	#FEFEFE
2867	#EDEAF5	#FEFEFE
2868	#FAF5F4	#FFFFFF
2869	#EED8D6	#FDFDFD
2870	#FAF4F3	#FFFFFF
2871	#F6F4FA	#FEFEFE
2872	#FEFEFE	#FFFFFF
2873	#FDFDFE	#FFFFFF
2874	#F6F5FA	#FFFFFF
2875	#F9F1F0	#FFFFFF
2876	#FFFEFE	#FFFFFF
2877	#FAF9FC	#FFFFFF
2878	#FBFBFD	#FFFFFF
2880	#EBE8F4	#FEFEFE
2881	#F5F4FA	#FFFFFF
2882	#F3E4E2	#FEFEFE
2883	#F9F8FC	#FFFFFF
2884	#FFFFFF	#FFFFFF
2885	#FEFEFF	#FFFFFF
2886	#F6EAE8	#FEFEFE
2887	#FAFAFC	#FFFFFF
2888	#F4E6E4	#FEFEFE
2889	#FDFAFA	#FFFFFF
2890	#FCFBFD	#FFFFFF
2891	#F4F2F9	#FEFEFE
2892	#D2CCE7	#FCFCFC
2893	#ECE9F5	#FEFEFE
2894	#E5E1F1	#FDFDFD
2895	#CAC3E2	#F8F8F8
2896	#E0DCEE	#FCFCFC
2897	#CEC7E4	#F9F9F9
2898	#DBD6EB	#FBFBFB
2899	#CFC9E5	#FAFAFA
2900	#E1DDEF	#FDFDFD
2901	#D5CFE8	#FCFCFC
2902	#D7D2E9	#FCFCFC
2903	#ECE9F5	#FEFEFE
2904	#FFFEFE	#FFFFFF
2905	#D7D2E9	#FCFCFC
2906	#FEFEFE	#FFFFFF
2907	#EAE7F4	#FEFEFE
2908	#E5E1F1	#FDFDFD
2909	#F5F3F9	#FEFEFE
2910	#F6EBE9	#FDFDFD
2911	#FAF9FC	#FFFFFF
2912	#F9F1F0	#FEFEFE
2913	#FDFDFE	#FFFFFF
2914	#E6E3F2	#FEFEFE
2915	#FDFBFB	#FFFFFF
2916	#E4C5C1	#FCFCFC
2917	#EBE8F4	#FEFEFE
2918	#F1DFDD	#FEFEFE
2919	#FBF6F5	#FFFFFF
2920	#E8E5F3	#FDFDFD
2921	#E5E2F1	#FDFDFD
2922	#FCFCFD	#FFFFFF
2923	#E0DCEE	#FCFCFC
2925	#D2CCE7	#FCFCFC
2926	#EEECF6	#FEFEFE
2927	#EFEDF6	#FEFEFE
2928	#CEC7E4	#FBFBFB
2929	#F6F5FA	#FFFFFF
2930	#F8F7FB	#FFFFFF
2931	#E8E5F3	#FEFEFE
2932	#FDFDFE	#FFFFFF
2933	#FFFFFF	#FFFFFF
2934	#F2E2E0	#FEFEFE
2935	#F7ECEA	#FEFEFE
2936	#E9CFCC	#FDFDFD
2937	#F8F7FB	#FFFFFF
2938	#ECD4D1	#FDFDFD
2939	#D9D4EB	#FDFDFD
2940	#F8EEED	#FEFEFE
2941	#F9F1F0	#FEFEFE
2942	#F0EEF7	#FEFEFE
2943	#E8CDC9	#FEFEFE
2944	#FCFCFD	#FFFFFF
2945	#BDB5DB	#F5F5F5
2946	#FEFEFE	#FFFFFF
2947	#DFDAED	#FCFCFC
2948	#FCF8F7	#FFFFFF
2949	#CEC8E4	#F8F8F8
2950	#E4E0F0	#FDFDFD
2951	#D9D4EA	#FDFDFD
2952	#EBE8F4	#FEFEFE
2953	#E2DEEF	#FDFDFD
2954	#CBC5E3	#FDFDFD
2955	#E5E1F1	#FDFDFD
2956	#E0DCEE	#FDFDFD
2957	#EFEDF6	#FEFEFE
2958	#DBD6EB	#FBFBFB
2959	#F9F1F0	#FEFEFE
2960	#F4E7E5	#FDFDFD
2961	#F6EAE9	#FDFDFD
2962	#E7CBC8	#FBFBFB
2963	#F8EEED	#FEFEFE
2964	#FEFDFD	#FFFFFF
2965	#F2F1F8	#FEFEFE
2966	#FBF5F5	#FFFFFF
2967	#EFDCD9	#FDFDFD
2968	#E0DCEE	#FCFCFC
2969	#F9F1F0	#FEFEFE
2970	#F2F0F8	#FEFEFE
2971	#FBF5F5	#FFFFFF
2972	#FBFAFD	#FFFFFF
2973	#F1EFF8	#FEFEFE
2974	#F2E2E0	#FEFEFE
2975	#E9E6F3	#FEFEFE
2976	#F2F1F8	#FFFFFF
2977	#F9F8FC	#FFFFFF
2978	#FFFFFF	#FFFFFF
2979	#FDFBFA	#FFFFFF
2981	#F3F1F8	#FEFEFE
2982	#E9E6F3	#FDFDFD
2983	#E1BEB9	#FDFDFD
2984	#F9F1F0	#FFFFFF
2985	#FBF6F5	#FFFFFF
2986	#F9F1F0	#FFFFFF
2987	#FDFAFA	#FFFFFF
2988	#F5E7E5	#FEFEFE
2989	#E8E5F3	#FEFEFE
2990	#DDD9ED	#FDFDFD
2991	#E3DFF0	#FEFEFE
2992	#F1EFF7	#FEFEFE
2993	#FBFAFD	#FFFFFF
2994	#FAF9FC	#FFFFFF
2995	#FEFEFE	#FFFFFF
2996	#E2DEEF	#FDFDFD
2997	#EDEAF5	#FEFEFE
2998	#E5E2F1	#FDFDFD
2999	#DED9ED	#FCFCFC
3000	#EBE8F4	#FDFDFD
3001	#DBD6EB	#FCFCFC
3002	#D8D2EA	#FBFBFB
3003	#EFEDF6	#FEFEFE
3004	#ECEAF5	#FEFEFE
3005	#CFC9E5	#FAFAFA
3006	#F6F4FA	#FFFFFF
3007	#DED9ED	#FDFDFD
3008	#F8F7FB	#FFFFFF
3009	#F8F0EE	#FEFEFE
3010	#F2E1DE	#FDFDFD
3011	#FCF8F7	#FFFFFF
3012	#FFFFFF	#FFFFFF
3013	#F1E0DE	#FDFDFD
3014	#F1EFF8	#FEFEFE
3015	#DEDAED	#FEFEFE
3016	#FEFEFF	#FFFFFF
3017	#FCF7F6	#FFFFFF
3018	#F5F3F9	#FFFFFF
3019	#F5F3F9	#FFFFFF
3020	#ECEAF5	#FEFEFE
3021	#FAF9FC	#FFFFFF
3022	#F3E5E3	#FEFEFE
3023	#EED9D6	#FDFDFD
3024	#FBF6F5	#FFFFFF
3026	#F9F2F1	#FFFFFF
3027	#E8E5F3	#FEFEFE
3028	#F0EEF7	#FEFEFE
3029	#E6E2F1	#FEFEFE
3030	#EAE7F4	#FEFEFE
3031	#F7F6FB	#FFFFFF
3032	#EAE7F3	#FEFEFE
3033	#E8CDCA	#FDFDFD
3034	#F5E7E5	#FEFEFE
3035	#CF9D97	#FCFCFC
3036	#F6F5FA	#FFFFFF
3037	#E8E4F2	#FDFDFD
3038	#FAF9FC	#FFFFFF
3039	#F9F1F0	#FFFFFF
3040	#E6C9C6	#FDFDFD
3041	#DFBBB6	#FCFCFC
3042	#F2F0F8	#FEFEFE
3043	#DDD9ED	#FCFCFC
3044	#F1EFF8	#FEFEFE
3045	#E0DCEE	#FCFCFC
3046	#E8E5F3	#FEFEFE
3047	#DED9ED	#FDFDFD
3048	#D6D1E9	#FBFBFB
3049	#F3F1F8	#FEFEFE
3050	#F5F4FA	#FFFFFF
3051	#DDD9ED	#FCFCFC
3052	#DEDAED	#FDFDFD
3053	#E3DFF0	#FCFCFC
3054	#F4E5E3	#FEFEFE
3055	#FBFAFD	#FFFFFF
3056	#EFECF6	#FEFEFE
3057	#F9F0EF	#FEFEFE
3058	#F8F7FB	#FFFFFF
3059	#FEFEFF	#FFFFFF
3060	#F3F2F9	#FEFEFE
3061	#F9F8FC	#FFFFFF
3062	#FDF9F9	#FFFFFF
3063	#F9F8FC	#FFFFFF
3064	#FEFEFE	#FFFFFF
3065	#FFFEFE	#FFFFFF
3066	#F9F1F0	#FFFFFF
3067	#F4E5E3	#FEFEFE
3068	#F2F0F8	#FEFEFE
3069	#F5E8E6	#FEFEFE
3070	#E4E0F0	#FDFDFD
3071	#FBF6F5	#FFFFFF
3072	#E4E0F0	#FDFDFD
3073	#FBFAFD	#FFFFFF
3074	#F5F3FA	#FFFFFF
3075	#F7F6FB	#FFFFFF
3076	#FDFCFE	#FFFFFF
3077	#D8D3EA	#FDFDFD
3078	#E8CDCA	#FDFDFD
3079	#FCF9F8	#FFFFFF
3080	#F7ECEB	#FEFEFE
3082	#FBFAFD	#FFFFFF
3083	#FDFDFE	#FFFFFF
3084	#E1BEBA	#FDFDFD
3085	#FBF6F6	#FFFFFF
3086	#EFDCD9	#FEFEFE
3087	#EAD0CD	#FDFDFD
3088	#F7ECEB	#FEFEFE
3089	#EAE7F4	#FEFEFE
3090	#EEECF6	#FEFEFE
3091	#EEECF6	#FFFFFF
3092	#F4E6E5	#FEFEFE
3093	#FAF3F3	#FFFFFF
3094	#C1B9DD	#FBFBFB
3095	#F7F6FB	#FFFFFF
3096	#F3F1F8	#FEFEFE
3097	#FBFAFD	#FFFFFF
3098	#F8F7FB	#FFFFFF
3099	#DAD6EB	#FBFBFB
3100	#D1CBE6	#FBFBFB
3101	#BFB7DC	#FAFAFA
3102	#E1DDEF	#FDFDFD
3103	#FAF9FC	#FFFFFF
3104	#FDFAFA	#FFFFFF
3105	#F6F5FA	#FFFFFF
3106	#FDFAFA	#FFFFFF
3107	#FCF9F8	#FFFFFF
3108	#FCF7F7	#FFFFFF
3109	#F1EFF8	#FEFEFE
3110	#F7F5FA	#FFFFFF
3111	#F8F7FB	#FFFFFF
3112	#FFFFFF	#FFFFFF
3113	#F0DEDC	#FDFDFD
3114	#FAF4F3	#FEFEFE
3115	#FFFFFF	#FFFFFF
3116	#F3E4E2	#FEFEFE
3117	#F9F1F0	#FEFEFE
3118	#FAF4F3	#FFFFFF
3119	#F1E0DE	#FEFEFE
3120	#E4E0F0	#FDFDFD
3121	#FAF4F3	#FFFFFF
3122	#FCF7F6	#FFFFFF
3123	#FFFFFF	#FFFFFF
3124	#FFFFFF	#FFFFFF
3125	#EFDCDA	#FDFDFD
3127	#EEECF6	#FEFEFE
3128	#EFEDF6	#FEFEFE
3129	#E4E1F1	#FEFEFE
3130	#F3E5E3	#FEFEFE
3131	#FDFCFE	#FFFFFF
3132	#CBC4E3	#FCFCFC
3133	#EAE7F4	#FEFEFE
3134	#DCD7EC	#FEFEFE
3135	#EEEBF6	#FEFEFE
3136	#EDEAF5	#FEFEFE
3137	#F9F8FC	#FFFFFF
3138	#E2C0BC	#FDFDFD
3139	#FBF7F6	#FFFFFF
3140	#F6EBE9	#FEFEFE
3141	#F9F9FC	#FFFFFF
3142	#FFFFFF	#FFFFFF
3143	#EEECF6	#FEFEFE
3144	#FEFEFE	#FFFFFF
3145	#D9D4EB	#FDFDFD
3146	#F0DDDB	#FDFDFD
3147	#F6F4FA	#FEFEFE
3148	#ECE9F5	#FEFEFE
3149	#D9D4EA	#FCFCFC
3150	#DDD9ED	#FDFDFD
3151	#F0EEF7	#FEFEFE
3152	#EAE7F3	#FDFDFD
3153	#EAE7F4	#FDFDFD
3154	#EBE9F4	#FEFEFE
3155	#E8CECA	#FCFCFC
3156	#E0DCEE	#FCFCFC
3157	#F6F5FA	#FFFFFF
3158	#FCF8F7	#FFFFFF
3159	#E3DFF0	#FCFCFC
3160	#F5F3F9	#FEFEFE
3161	#F6EAE8	#FEFEFE
3162	#FBFAFD	#FFFFFF
3163	#F2E1DF	#FEFEFE
3164	#DAD5EB	#FCFCFC
3165	#FEFCFC	#FFFFFF
3166	#F8F7FB	#FFFFFF
3167	#E9E5F3	#FDFDFD
3168	#FAF3F2	#FEFEFE
3169	#F8F7FB	#FFFFFF
3170	#F6F5FA	#FFFFFF
3171	#FCF8F8	#FFFFFF
3172	#F7ECEB	#FEFEFE
3173	#FDFAFA	#FFFFFF
3174	#F3E5E3	#FEFEFE
3175	#EEECF6	#FDFDFD
3176	#F3F1F8	#FEFEFE
3177	#CEC8E5	#FBFBFB
3178	#FEFCFC	#FFFFFF
3179	#D0C9E5	#FAFAFA
3180	#FBFBFD	#FFFFFF
3181	#EBE8F4	#FEFEFE
3183	#F2F1F8	#FEFEFE
3184	#DDD8EC	#FDFDFD
3185	#FBFAFD	#FFFFFF
3186	#FBFBFD	#FFFFFF
3187	#F3E5E3	#FEFEFE
3188	#F9F1F0	#FFFFFF
3189	#FBFAFD	#FFFFFF
3190	#FAF9FC	#FFFFFF
3191	#F4E5E3	#FEFEFE
3192	#F9F1F0	#FFFFFF
3193	#FFFFFF	#FFFFFF
3194	#F8F7FB	#FFFFFF
3195	#DED9ED	#FDFDFD
3196	#FEFCFC	#FFFFFF
3197	#F6EAE9	#FEFEFE
3198	#F8EFEE	#FEFEFE
3199	#E4E1F1	#FDFDFD
3200	#E2DEEF	#FDFDFD
3201	#FEFDFE	#FFFFFF
3202	#D8D3EA	#FCFCFC
3203	#E5E1F1	#FDFDFD
3204	#EFEDF6	#FEFEFE
3205	#BDB5DB	#F8F8F8
3206	#ECEAF5	#FEFEFE
3207	#D3CEE7	#FBFBFB
3208	#FEFCFC	#FFFFFF
3209	#EFEDF6	#FEFEFE
3210	#FAFAFC	#FFFFFF
3211	#FEFDFE	#FFFFFF
3212	#D6D0E9	#FCFCFC
3213	#F9F1F0	#FEFEFE
3214	#FAF9FC	#FFFFFF
3215	#FEFDFE	#FFFFFF
3216	#FAF4F3	#FEFEFE
3217	#FDFBFB	#FFFFFF
3218	#FEFEFF	#FFFFFF
3219	#F1DFDC	#FDFDFD
3220	#FBF6F5	#FFFFFF
3221	#F0DDDB	#FDFDFD
3222	#EEEBF6	#FEFEFE
3223	#FAF4F4	#FFFFFF
3224	#EDD6D4	#FEFEFE
3225	#F4E6E5	#FEFEFE
3226	#FDFCFE	#FFFFFF
3228	#EEEBF6	#FEFEFE
3229	#C2BADE	#F7F7F7
3230	#D8D3EA	#FCFCFC
3231	#F6F4FA	#FFFFFF
3232	#FCF9F8	#FFFFFF
3233	#F8F7FB	#FFFFFF
3234	#F5F4FA	#FFFFFF
3235	#EEEBF6	#FEFEFE
3236	#E3DFF0	#FEFEFE
3237	#FDFCFE	#FFFFFF
3238	#E5E1F1	#FEFEFE
3239	#F2F0F8	#FEFEFE
3240	#F7F6FB	#FFFFFF
3241	#EED9D7	#FDFDFD
3242	#F5F4FA	#FFFFFF
3243	#F7EEEC	#FFFFFF
3244	#EDEAF5	#FEFEFE
3245	#FDFDFE	#FFFFFF
3246	#FCFCFE	#FFFFFF
3247	#F0EEF7	#FEFEFE
3248	#DFDBEE	#FCFCFC
3249	#FDFAFA	#FFFFFF
3250	#DCD7EC	#FBFBFB
3251	#EDEBF5	#FEFEFE
3252	#DAD5EB	#FCFCFC
3253	#FCF8F7	#FFFFFF
3254	#F9F0EF	#FEFEFE
3255	#E7E4F2	#FDFDFD
3256	#E4E1F1	#FDFDFD
3257	#FAF9FC	#FFFFFF
3258	#F8EEED	#FEFEFE
3259	#C6BFE0	#F9F9F9
3260	#FAFAFC	#FFFFFF
3261	#E1DDEF	#FDFDFD
3262	#F0EEF7	#FEFEFE
3263	#F7ECEA	#FEFEFE
3264	#F4E5E4	#FEFEFE
3265	#F1E0DE	#FDFDFD
3266	#FDFBFB	#FFFFFF
3267	#F3E4E2	#FCFCFC
3268	#DED9ED	#FDFDFD
3269	#F9F8FC	#FFFFFF
3270	#FAF9FC	#FFFFFF
3271	#D9D4EB	#FCFCFC
3272	#FEFCFC	#FFFFFF
3273	#F1EFF8	#FEFEFE
3274	#EAE7F3	#FDFDFD
3275	#FCFCFE	#FFFFFF
3276	#F8F7FB	#FFFFFF
3277	#F5F3FA	#FEFEFE
3278	#FAF4F3	#FFFFFF
3279	#EFDCDA	#FEFEFE
3280	#DDD8EC	#FEFEFE
3281	#FAF9FC	#FFFFFF
3282	#FEFCFC	#FFFFFF
3284	#ECE9F5	#FEFEFE
3285	#EFDCDA	#FEFEFE
3286	#F3F1F8	#FFFFFF
3287	#EFDCDA	#FEFEFE
3288	#F2F0F8	#FFFFFF
3289	#FEFEFE	#FFFFFF
3290	#FAF9FC	#FFFFFF
3291	#FEFDFD	#FFFFFF
3292	#E4E0F0	#FEFEFE
3293	#FBF6F5	#FFFFFF
3294	#D5D0E8	#FDFDFD
3295	#FDFCFE	#FFFFFF
3296	#DDD9ED	#FDFDFD
3297	#E4E1F1	#FEFEFE
3298	#EFECF6	#FEFEFE
3299	#F7F5FA	#FEFEFE
3300	#E7E3F2	#FDFDFD
3301	#FBFAFD	#FFFFFF
3302	#DCD7EC	#FBFBFB
3303	#CDC6E4	#F8F8F8
3304	#F0DEDC	#FDFDFD
3305	#F2F0F8	#FEFEFE
3306	#FAFAFC	#FFFFFF
3307	#EBE8F4	#FEFEFE
3308	#F6EBEA	#FEFEFE
3309	#F5E9E7	#FEFEFE
3310	#FDFBFA	#FFFFFF
3311	#F2F0F8	#FEFEFE
3312	#FDFDFE	#FFFFFF
3313	#E6E2F1	#FEFEFE
3314	#EDD7D4	#FDFDFD
3315	#FEFDFE	#FFFFFF
3316	#D1CBE6	#FBFBFB
3317	#F7ECEA	#FEFEFE
3318	#DDD9ED	#FCFCFC
3319	#F8EFEE	#FEFEFE
3320	#FCF7F6	#FFFFFF
3321	#FEFCFC	#FFFFFF
3322	#F6F4FA	#FFFFFF
3323	#EAE7F4	#FDFDFD
3324	#E1DDEF	#FCFCFC
3325	#FAF3F2	#FEFEFE
3326	#FCFBFD	#FFFFFF
3327	#FCF8F7	#FFFFFF
3329	#E8E5F2	#FDFDFD
3330	#F1EFF8	#FEFEFE
3331	#F6EBEA	#FEFEFE
3332	#E4E1F1	#FDFDFD
3333	#B8B0D8	#FBFBFB
3334	#FDFAFA	#FFFFFF
3335	#FCF9F8	#FFFFFF
3336	#DDD8ED	#FCFCFC
3337	#E5C6C2	#FCFCFC
3338	#FAF9FC	#FFFFFF
3339	#E6E2F1	#FEFEFE
3340	#FBF6F5	#FFFFFF
3341	#EDEAF5	#FEFEFE
3342	#BDB5DB	#FCFCFC
3343	#EFEDF6	#FEFEFE
3344	#F8EEED	#FEFEFE
3345	#EEECF6	#FEFEFE
3346	#D7D1E9	#FDFDFD
3347	#DAD5EB	#FCFCFC
3348	#D8D3EA	#FDFDFD
3349	#FFFFFF	#FFFFFF
3350	#E1DDEF	#FDFDFD
3351	#FAF9FC	#FFFFFF
3352	#F2F0F8	#FEFEFE
3353	#F6F5FA	#FFFFFF
3354	#E8E5F3	#FEFEFE
3355	#F2F0F8	#FEFEFE
3356	#E1DCEF	#FDFDFD
3357	#F4F2F9	#FEFEFE
3358	#F5F4FA	#FFFFFF
3359	#E5E1F1	#FDFDFD
3360	#FBFAFD	#FFFFFF
3361	#F0EEF7	#FEFEFE
3362	#C5BDDF	#F8F8F8
3363	#FDFCFE	#FFFFFF
3364	#E8E5F2	#FEFEFE
3365	#DDD8EC	#FDFDFD
3366	#FAF3F2	#FFFFFF
3367	#EDD8D5	#FDFDFD
3368	#EBE8F4	#FEFEFE
3369	#EDEBF5	#FEFEFE
3370	#F3E4E2	#FEFEFE
3371	#EBD3D0	#FCFCFC
3372	#F9F0EF	#FEFEFE
3373	#FEFDFC	#FFFFFF
3374	#ECEAF5	#FEFEFE
3375	#F9F2F1	#FEFEFE
3376	#E6E3F2	#FDFDFD
3377	#F8EFEE	#FEFEFE
3378	#DAD5EB	#FCFCFC
3379	#EFECF6	#FFFFFF
3380	#F3F2F9	#FEFEFE
3381	#E5E1F1	#FDFDFD
3382	#D3CDE7	#FCFCFC
3383	#A096CB	#FBFBFB
3385	#FAF9FC	#FFFFFF
3386	#DDD8ED	#FDFDFD
3387	#F6F5FA	#FFFFFF
3388	#FFFEFE	#FFFFFF
3389	#EFECF6	#FEFEFE
3390	#E0DCEE	#FDFDFD
3391	#FEFEFD	#FFFFFF
3392	#F1DFDD	#FEFEFE
3393	#EFDAD8	#FDFDFD
3394	#FBF6F5	#FFFFFF
3395	#DFBBB6	#FBFBFB
3396	#F2E2E0	#FDFDFD
3397	#EFDCD9	#FEFEFE
3398	#EED9D7	#FDFDFD
3399	#FBF6F5	#FFFFFF
3400	#F5E8E6	#FEFEFE
3401	#E7CBC7	#FAFAFA
3402	#EDD8D5	#FCFCFC
3403	#EEDAD7	#FDFDFD
3404	#F5E8E6	#FEFEFE
3405	#EFDBD8	#FDFDFD
3406	#F3E4E2	#FEFEFE
3407	#FDFBFB	#FFFFFF
3408	#FBF6F6	#FFFFFF
3409	#CF9D97	#FCFCFC
3410	#EED9D6	#FDFDFD
3411	#F5E8E6	#FEFEFE
3412	#ECD4D1	#FDFDFD
3413	#DFBBB7	#FCFCFC
3414	#F6E9E8	#FEFEFE
3415	#EDD6D3	#FDFDFD
3416	#FBF6F5	#FFFFFF
3417	#F3E4E2	#FDFDFD
3418	#F5E9E8	#FEFEFE
3419	#DBB4AE	#FCFCFC
3420	#FFFEFE	#FFFFFF
3421	#ECD5D2	#FDFDFD
3422	#EDD7D4	#FDFDFD
3423	#F5E7E6	#FEFEFE
3424	#F3E5E3	#FEFEFE
3425	#F7ECEB	#FEFEFE
3426	#E4E0F0	#FEFEFE
3427	#F4E5E3	#FEFEFE
3428	#F5F4FA	#FFFFFF
3430	#F5E8E7	#FEFEFE
3431	#FAF9FC	#FFFFFF
3432	#FCF7F7	#FFFFFF
3433	#E1DDEF	#FDFDFD
3434	#EED9D6	#FEFEFE
3435	#F9F2F1	#FFFFFF
3436	#F5F4FA	#FFFFFF
3437	#FCF7F7	#FFFFFF
3438	#F7ECEA	#FEFEFE
3439	#EFEDF6	#FEFEFE
3440	#F0DDDB	#FEFEFE
3441	#FBF6F5	#FFFFFF
3442	#FCF8F7	#FFFFFF
3443	#EDD7D4	#FDFDFD
3444	#F1E0DE	#FEFEFE
3445	#F4E5E4	#FEFEFE
3446	#FBF6F6	#FFFFFF
3447	#F8F7FB	#FFFFFF
3448	#F9F1F0	#FFFFFF
3449	#E3C2BE	#FCFCFC
3450	#ECD4D1	#FDFDFD
3451	#E8CDCA	#FCFCFC
3452	#EDD6D3	#FBFBFB
3453	#FCF7F6	#FFFFFF
3454	#FEFEFF	#FFFFFF
3455	#F8EFEE	#FEFEFE
3456	#DBB4AF	#FCFCFC
3457	#E3C4BF	#FDFDFD
3458	#E4C4C0	#FDFDFD
3459	#FBF6F5	#FFFFFF
3460	#E2C1BC	#FDFDFD
3461	#E1BEB9	#FDFDFD
3462	#EFEDF6	#FEFEFE
3463	#EBD2CF	#FDFDFD
3464	#EED9D6	#FEFEFE
3465	#E2C1BC	#FDFDFD
3466	#E9CECB	#FCFCFC
3467	#E3C4BF	#FBFBFB
3468	#F5F3FA	#FFFFFF
3469	#F4F2F9	#FEFEFE
3470	#F8EEED	#FEFEFE
3471	#FBF6F5	#FFFFFF
3472	#FCFCFE	#FFFFFF
3473	#FEFCFC	#FFFFFF
3474	#FAF3F2	#FFFFFF
3475	#F5F3F9	#FFFFFF
3476	#FAF9FC	#FFFFFF
3477	#E9E5F3	#FEFEFE
3478	#F8F7FB	#FFFFFF
3479	#FFFEFE	#FFFFFF
3480	#F6EBE9	#FEFEFE
3481	#FDFBFB	#FFFFFF
3482	#F3E5E3	#FEFEFE
3483	#FEFEFE	#FFFFFF
3484	#F9F8FC	#FFFFFF
3486	#C6BFE0	#FAFAFA
3487	#CBC4E3	#FCFCFC
3488	#E7E4F2	#FDFDFD
3489	#F7ECEB	#FFFFFF
3490	#F3E4E2	#FEFEFE
3491	#EBE8F4	#FEFEFE
3492	#FDFAF9	#FFFFFF
3493	#EED9D6	#FEFEFE
3494	#D3CEE7	#FDFDFD
3495	#ECE9F5	#FEFEFE
3496	#FDFBFA	#FFFFFF
3497	#D9D4EA	#FDFDFD
3498	#DEDAED	#FCFCFC
3499	#F8EEED	#FEFEFE
3500	#E6E3F1	#FEFEFE
3501	#EDEBF6	#FEFEFE
3502	#FCF8F7	#FFFFFF
3503	#F5E8E7	#FEFEFE
3504	#F3F1F8	#FEFEFE
3505	#F0EEF7	#FEFEFE
3506	#F4E6E5	#FEFEFE
3507	#FFFEFE	#FFFFFF
3508	#F8F7FB	#FFFFFF
3509	#FBFAFD	#FFFFFF
3510	#FEFEFF	#FFFFFF
3511	#FAF9FC	#FFFFFF
3512	#ECE9F5	#FEFEFE
3513	#EDEAF5	#FEFEFE
3514	#E3E0F0	#FDFDFD
3515	#FDFBFB	#FFFFFF
3516	#F8F7FB	#FFFFFF
3517	#E1DDEF	#FDFDFD
3518	#F7F6FB	#FFFFFF
3519	#F8EEED	#FEFEFE
3520	#F2F0F8	#FEFEFE
3521	#EEDAD7	#FDFDFD
3522	#F9F1EF	#FEFEFE
3523	#F1EFF7	#FEFEFE
3524	#F8EEED	#FEFEFE
3525	#F7F5FA	#FFFFFF
3526	#E1DDEF	#FDFDFD
3527	#FEFEFF	#FFFFFF
3528	#F7F5FA	#FFFFFF
3529	#FDFDFE	#FFFFFF
3531	#F4F3F9	#FEFEFE
3532	#E8E4F2	#FEFEFE
3533	#FBFAFD	#FFFFFF
3534	#F9F1EF	#FEFEFE
3535	#FFFEFE	#FFFFFF
3536	#A49ACE	#F8F8F8
3537	#E8E5F3	#FEFEFE
3538	#F0EDF7	#FEFEFE
3539	#F4E5E3	#FEFEFE
3540	#F9F8FC	#FFFFFF
3541	#FDFBFA	#FFFFFF
3542	#E6E3F2	#FEFEFE
3543	#D8D3EA	#FCFCFC
3544	#D2CCE6	#FBFBFB
3545	#F9F1F0	#FFFFFF
3546	#E5E2F1	#FEFEFE
3547	#E3DFF0	#FEFEFE
3548	#D8D3EA	#FDFDFD
3549	#E8E4F2	#FEFEFE
3550	#F6F4FA	#FFFFFF
3551	#FDFDFE	#FFFFFF
3552	#FEFCFC	#FFFFFF
3553	#EFDBD9	#FDFDFD
3554	#DED9ED	#FCFCFC
3555	#E1DDEF	#FDFDFD
3556	#F5F4FA	#FEFEFE
3557	#F3F1F9	#FFFFFF
3558	#E2DEEF	#FCFCFC
3559	#E1DCEF	#FCFCFC
3560	#E1DDEF	#FDFDFD
3561	#F7F6FB	#FFFFFF
3562	#DDD9ED	#FDFDFD
3563	#EEEBF6	#FEFEFE
3564	#EAE7F4	#FEFEFE
3565	#F9F8FC	#FFFFFF
3566	#E7E4F2	#FDFDFD
3567	#F9F2F1	#FFFFFF
3568	#E3DFF0	#FCFCFC
3569	#FAF3F2	#FFFFFF
3570	#FFFFFF	#FFFFFF
3571	#D5D0E8	#FCFCFC
3572	#F2E1DF	#FDFDFD
3573	#E9CFCC	#FCFCFC
3574	#FDFDFE	#FFFFFF
3575	#F9F8FC	#FFFFFF
3576	#FDFBFB	#FFFFFF
3577	#FDFDFE	#FFFFFF
3578	#DDD9ED	#FDFDFD
3579	#F6F5FA	#FFFFFF
3580	#FAF3F2	#FEFEFE
3581	#FBFBFD	#FFFFFF
3582	#E4E1F1	#FDFDFD
3583	#F0EEF7	#FEFEFE
3584	#EFECF6	#FEFEFE
3585	#FCF7F7	#FFFFFF
3587	#F2F1F8	#FEFEFE
3588	#E5E1F1	#FDFDFD
3589	#EAE7F4	#FEFEFE
3590	#FBF6F6	#FFFFFF
3591	#E2DEEF	#FDFDFD
3592	#DFBBB7	#FCFCFC
3593	#EDEBF5	#FEFEFE
3594	#D2CCE7	#FCFCFC
3595	#F2F0F8	#FFFFFF
3596	#E1DDEF	#FDFDFD
3597	#EFECF6	#FEFEFE
3598	#FFFFFF	#FFFFFF
3599	#FFFFFF	#FFFFFF
3600	#F2F0F8	#FEFEFE
3601	#FEFCFB	#FFFFFF
3602	#E2DEEF	#FDFDFD
3603	#FBF6F5	#FFFFFF
3604	#FFFFFF	#FFFFFF
3605	#F4F3F9	#FEFEFE
3606	#F8F6FB	#FFFFFF
3607	#F4F2F9	#FEFEFE
3608	#F8EFEE	#FEFEFE
3609	#F8F7FB	#FFFFFF
3610	#D2CCE6	#FAFAFA
3611	#E2DEEF	#FCFCFC
3612	#FFFFFF	#FFFFFF
3613	#F9F1F0	#FEFEFE
3614	#F5F3F9	#FEFEFE
3615	#EAE7F3	#FDFDFD
3616	#F5E8E7	#FEFEFE
3617	#E1DDEF	#FDFDFD
3618	#DDD8ED	#FDFDFD
3619	#FFFFFF	#FFFFFF
3620	#F9F8FC	#FFFFFF
3621	#E9E5F3	#FEFEFE
3622	#F1E0DE	#FEFEFE
3623	#F0DEDC	#FDFDFD
3624	#F8EFEE	#FEFEFE
3625	#F8F7FB	#FFFFFF
3626	#F9F1F0	#FEFEFE
3627	#F3E3E1	#FEFEFE
3628	#F6E9E8	#FEFEFE
3629	#FEFDFE	#FFFFFF
3630	#E7E4F2	#FDFDFD
3632	#EFEDF7	#FEFEFE
3633	#EDEAF5	#FEFEFE
3634	#E6E2F1	#FEFEFE
3635	#F5F4FA	#FFFFFF
3636	#F9F8FC	#FFFFFF
3637	#FBFBFD	#FFFFFF
3638	#E5E1F1	#FDFDFD
3639	#BFB7DC	#F8F8F8
3640	#F7EEEC	#FFFFFF
3641	#D9D4EA	#FCFCFC
3642	#EFDCDA	#FEFEFE
3643	#FEFDFD	#FFFFFF
3644	#E5E1F1	#FEFEFE
3645	#EAE7F4	#FEFEFE
3646	#FEFDFC	#FFFFFF
3647	#FBF6F5	#FFFFFF
3648	#C9C2E2	#FAFAFA
3649	#FFFFFF	#FFFFFF
3650	#FAF4F4	#FFFFFF
3651	#FDFBFB	#FFFFFF
3652	#DDD9ED	#FDFDFD
3653	#D8D3EA	#FDFDFD
3654	#F3F1F9	#FEFEFE
3655	#F0EEF7	#FEFEFE
3656	#F0EEF7	#FEFEFE
3657	#E8E5F2	#FEFEFE
3658	#FAFAFC	#FFFFFF
3659	#E8E5F2	#FEFEFE
3660	#E7E4F2	#FDFDFD
3661	#E7E4F2	#FEFEFE
3662	#EFECF6	#FEFEFE
3663	#F8F8FB	#FFFFFF
3664	#DAD5EB	#FCFCFC
3665	#F6F5FA	#FFFFFF
3666	#EDEBF5	#FEFEFE
3667	#FBF6F6	#FFFFFF
3668	#E4E0F0	#FEFEFE
3669	#FBFBFD	#FFFFFF
3670	#F3E4E2	#FEFEFE
3671	#FEFCFC	#FFFFFF
3672	#DED9ED	#FCFCFC
3673	#B8766F	#F9F9F9
3674	#FFFFFF	#FFFFFF
3675	#F2E1DF	#FEFEFE
3676	#FDFAFA	#FFFFFF
3677	#FAF3F3	#FEFEFE
3678	#F4F3F9	#FEFEFE
3679	#F6F4FA	#FFFFFF
3680	#EFEDF7	#FEFEFE
3681	#F2E2E0	#FEFEFE
3682	#E5E1F1	#FDFDFD
3683	#F5F4FA	#FFFFFF
3684	#FAF4F3	#FEFEFE
3685	#EDEAF5	#FEFEFE
3686	#F2F0F8	#FEFEFE
3688	#F5F4FA	#FFFFFF
3689	#DBD6EB	#FCFCFC
3690	#E2DEEF	#FDFDFD
3691	#E2DDEF	#FDFDFD
3692	#E8E5F3	#FEFEFE
3693	#DFDAED	#FDFDFD
3694	#FBF6F6	#FFFFFF
3695	#EAE7F4	#FEFEFE
3696	#F5E7E6	#FEFEFE
3697	#E5E1F1	#FEFEFE
3698	#E5E2F1	#FDFDFD
3699	#FFFEFE	#FFFFFF
3700	#D6D0E9	#FAFAFA
3701	#F8F7FB	#FFFFFF
3702	#ECE9F4	#FEFEFE
3703	#FBFAFD	#FFFFFF
3704	#F5F4FA	#FEFEFE
3705	#E3DFF0	#FEFEFE
3706	#FAF9FC	#FFFFFF
3707	#EDEAF5	#FEFEFE
3708	#E7E4F2	#FDFDFD
3709	#EED9D7	#FDFDFD
3710	#E8E4F2	#FDFDFD
3711	#DEDAED	#FCFCFC
3712	#EDEAF5	#FEFEFE
3713	#B9B1D9	#F7F7F7
3714	#ECE9F5	#FDFDFD
3715	#F7F6FB	#FFFFFF
3716	#ECEAF5	#FEFEFE
3717	#E5E1F1	#FDFDFD
3718	#E4E0F0	#FDFDFD
3719	#F3F1F8	#FEFEFE
3720	#FEFDFD	#FFFFFF
3721	#F6EAE8	#FEFEFE
3722	#F9F1F0	#FFFFFF
3723	#E9CECA	#FCFCFC
3724	#FCFCFE	#FFFFFF
3725	#FDFAFA	#FFFFFF
3726	#FDFCFE	#FFFFFF
3727	#FEFEFE	#FFFFFF
3728	#FBFAFD	#FFFFFF
3729	#F8F7FB	#FFFFFF
3730	#FCF9F9	#FFFFFF
3731	#DDD9ED	#FDFDFD
3733	#F1EFF7	#FEFEFE
3734	#F1EFF7	#FEFEFE
3735	#DCD7EC	#FCFCFC
3736	#EAE7F4	#FEFEFE
3737	#FFFEFE	#FFFFFF
3738	#E5E2F1	#FDFDFD
3739	#E4E1F1	#FDFDFD
3740	#FDFBFB	#FFFFFF
3741	#F7EDEB	#FEFEFE
3742	#EDEAF5	#FEFEFE
3743	#E5E1F1	#FEFEFE
3744	#E5E1F1	#FEFEFE
3745	#FDFBFB	#FFFFFF
3746	#F5F4FA	#FFFFFF
3747	#FBFAFD	#FFFFFF
3748	#F7EEEC	#FEFEFE
3749	#D8D3EA	#FDFDFD
3750	#F7F6FB	#FFFFFF
3751	#E8E4F2	#FEFEFE
3752	#EAE7F4	#FEFEFE
3753	#FCFCFD	#FFFFFF
3754	#FFFFFF	#FFFFFF
3755	#FDFAFA	#FFFFFF
3756	#E8E4F2	#FDFDFD
3757	#FCF9F8	#FFFFFF
3758	#F9F1EF	#FEFEFE
3759	#F4F2F9	#FEFEFE
3760	#F8F7FB	#FFFFFF
3761	#F0EEF7	#FEFEFE
3762	#D8D3EA	#FDFDFD
3763	#E9E6F3	#FEFEFE
3764	#F5E8E6	#FEFEFE
3765	#EDEAF5	#FEFEFE
3766	#EBE8F4	#FEFEFE
3767	#ECEAF5	#FEFEFE
3768	#EAE6F3	#FEFEFE
3769	#F6EBE9	#FEFEFE
3770	#FEFCFB	#FFFFFF
3771	#FAF4F3	#FFFFFF
3772	#F9F1F0	#FEFEFE
3773	#DBD6EB	#FCFCFC
3774	#F7ECEA	#FEFEFE
3775	#FAF5F4	#FFFFFF
3776	#FFFEFE	#FFFFFF
3777	#F9F8FC	#FFFFFF
3778	#FCF9F9	#FFFFFF
3779	#F9F2F1	#FEFEFE
3780	#FDFCFE	#FFFFFF
3781	#F8F7FB	#FFFFFF
3782	#DCD8EC	#FDFDFD
3783	#F1EFF7	#FEFEFE
3784	#F0EDF7	#FEFEFE
3785	#E5E2F1	#FDFDFD
3786	#EDEBF5	#FEFEFE
3787	#D5CFE8	#FCFCFC
3789	#D4CEE7	#FAFAFA
3790	#EDD8D5	#FDFDFD
3791	#F7F6FB	#FFFFFF
3792	#ECE9F5	#FEFEFE
3793	#E4E0F0	#FEFEFE
3794	#E6E2F1	#FEFEFE
3795	#D1CBE6	#FCFCFC
3796	#FDFDFE	#FFFFFF
3797	#FAF3F2	#FFFFFF
3798	#FCFBFD	#FFFFFF
3799	#E9E5F3	#FEFEFE
3800	#E4E0F0	#FDFDFD
3801	#C1B9DD	#FBFBFB
3802	#EAE7F4	#FEFEFE
3803	#D2CCE7	#FCFCFC
3804	#E7E4F2	#FEFEFE
3805	#E9E6F3	#FEFEFE
3806	#F1E0DE	#FEFEFE
3807	#FCFCFD	#FFFFFF
3808	#F7ECEB	#FEFEFE
3809	#EEECF6	#FEFEFE
3810	#EDEAF5	#FEFEFE
3811	#F8EFED	#FEFEFE
3812	#EEECF6	#FEFEFE
3813	#F7ECEB	#FEFEFE
3814	#F4F2F9	#FEFEFE
3815	#FCF7F7	#FFFFFF
3816	#E8E4F2	#FDFDFD
3817	#FFFFFF	#FFFFFF
3818	#E7E4F2	#FDFDFD
3819	#EBE9F4	#FEFEFE
3820	#F6EAE9	#FEFEFE
3821	#FFFFFF	#FFFFFF
3822	#F8F7FB	#FFFFFF
3823	#FBF5F4	#FEFEFE
3824	#FBF7F6	#FFFFFF
3825	#E7E4F2	#FDFDFD
3826	#EFDCD9	#FDFDFD
3827	#F8F7FB	#FFFFFF
3828	#FAF3F2	#FEFEFE
3829	#EDEAF5	#FEFEFE
3830	#DDD8ED	#FDFDFD
3831	#B36D66	#F7F7F7
3832	#F8F7FB	#FFFFFF
3834	#E8E4F2	#FEFEFE
3835	#F5F4FA	#FFFFFF
3836	#DDD9ED	#FDFDFD
3837	#CEC7E4	#FCFCFC
3838	#DBD6EB	#FCFCFC
3839	#DED9ED	#FDFDFD
3840	#D0CAE6	#FBFBFB
3841	#DDD8ED	#FDFDFD
3842	#B8AFD8	#FAFAFA
3843	#DED9ED	#FDFDFD
3844	#F6F5FA	#FFFFFF
3845	#FCF7F7	#FFFFFF
3846	#DDD9ED	#FEFEFE
3847	#E8E4F2	#FEFEFE
3848	#F6F5FA	#FFFFFF
3849	#FAF9FC	#FFFFFF
3850	#E8E5F2	#FEFEFE
3851	#F6F5FA	#FFFFFF
3852	#F9F1F0	#FFFFFF
3853	#D1CBE6	#FBFBFB
3854	#F3F1F9	#FEFEFE
3855	#FEFEFE	#FFFFFF
3856	#D8D2EA	#FDFDFD
3857	#FAF4F3	#FFFFFF
3858	#EFDCD9	#FDFDFD
3859	#F4F2F9	#FEFEFE
3860	#FEFEFE	#FFFFFF
3861	#FDFCFE	#FFFFFF
3862	#F7F6FB	#FFFFFF
3863	#D6D0E9	#FCFCFC
3864	#F1EFF8	#FEFEFE
3865	#F1EFF7	#FEFEFE
3866	#FFFFFF	#FFFFFF
3867	#D5CFE8	#FCFCFC
3868	#EDEAF5	#FEFEFE
3869	#FDFDFE	#FFFFFF
3870	#F6EBE9	#FEFEFE
3871	#EAD0CD	#FCFCFC
3872	#E6E3F2	#FDFDFD
3873	#F7ECEB	#FEFEFE
3874	#EEECF6	#FEFEFE
3875	#FEFCFB	#FFFFFF
3876	#F7EDEC	#FEFEFE
3877	#FCF8F7	#FFFFFF
3878	#F7EDEC	#FEFEFE
3879	#FEFCFB	#FFFFFF
3880	#FDFBFB	#FFFFFF
3881	#FAFAFC	#FFFFFF
3882	#F3E3E1	#FDFDFD
3883	#FCF8F7	#FFFFFF
3884	#FFFFFF	#FFFFFF
3885	#FAF9FC	#FFFFFF
3886	#CAC3E2	#FBFBFB
3887	#EDEAF5	#FEFEFE
3888	#D3CDE7	#FBFBFB
3890	#DEDAED	#FCFCFC
3891	#E9E6F3	#FEFEFE
3892	#E1DDEF	#FDFDFD
3893	#EAE7F4	#FEFEFE
3894	#D3CDE7	#FCFCFC
3895	#FDFCFE	#FFFFFF
3896	#ECEAF5	#FEFEFE
3897	#EFEDF6	#FEFEFE
3898	#EAE7F4	#FEFEFE
3899	#E1DDEF	#FDFDFD
3900	#F6EAE9	#FEFEFE
3901	#F2F0F8	#FEFEFE
3902	#F8EFED	#FEFEFE
3903	#CFC9E5	#FBFBFB
3904	#EDEBF5	#FEFEFE
3905	#FEFCFC	#FFFFFF
3906	#E2DEEF	#FDFDFD
3907	#F7F6FB	#FFFFFF
3908	#E8E5F2	#FDFDFD
3909	#F2E2DF	#FDFDFD
3910	#F0DEDC	#FDFDFD
3911	#F7EDEB	#FEFEFE
3912	#FDFAFA	#FFFFFF
3913	#FBFAFD	#FFFFFF
3914	#FBF6F5	#FFFFFF
3915	#E6E2F1	#FEFEFE
3916	#E3DFF0	#FCFCFC
3917	#FBFAFD	#FFFFFF
3918	#FBF5F4	#FFFFFF
3919	#E7E4F2	#FDFDFD
3920	#F4E7E5	#FEFEFE
3921	#EFDBD8	#FDFDFD
3922	#F7EDEC	#FEFEFE
3923	#F6EAE8	#FDFDFD
3924	#CCC5E3	#F9F9F9
3925	#F1EFF8	#FEFEFE
3926	#F4E5E3	#FEFEFE
3927	#FAFAFC	#FFFFFF
3928	#F9F1F0	#FEFEFE
3929	#FCF8F7	#FFFFFF
3930	#EAD1CD	#FDFDFD
3931	#FAF4F3	#FEFEFE
3932	#F0DEDB	#FEFEFE
3933	#F9F1F0	#FEFEFE
3935	#F5F4FA	#FFFFFF
3936	#E1DDEF	#FDFDFD
3937	#DED9ED	#FEFEFE
3938	#D7D1E9	#FBFBFB
3939	#E8E4F2	#FDFDFD
3940	#DAD5EB	#FDFDFD
3941	#D9D4EA	#FCFCFC
3942	#E5E1F1	#FEFEFE
3943	#C2BBDE	#FAFAFA
3944	#DDD8EC	#FCFCFC
3945	#BBB2DA	#F9F9F9
3946	#FFFEFE	#FFFFFF
3947	#FBF7F6	#FFFFFF
3948	#F2F0F8	#FEFEFE
3949	#EAE7F4	#FEFEFE
3950	#D6D1E9	#FCFCFC
3951	#F0DCDA	#FEFEFE
3952	#FAF9FC	#FFFFFF
3953	#EBE8F4	#FEFEFE
3954	#DBD6EB	#FCFCFC
3955	#F8F0EF	#FEFEFE
3956	#F1EFF7	#FEFEFE
3957	#EFECF6	#FEFEFE
3958	#FBF6F5	#FFFFFF
3959	#FEFCFB	#FFFFFF
3960	#F3E5E3	#FDFDFD
3961	#F4F3F9	#FEFEFE
3962	#F5F3F9	#FEFEFE
3963	#FAF3F2	#FFFFFF
3964	#FEFDFE	#FFFFFF
3965	#FCF7F7	#FFFFFF
3966	#DED9ED	#FCFCFC
3967	#F2F0F8	#FEFEFE
3968	#DAD5EB	#FBFBFB
3969	#DDD9ED	#FDFDFD
3970	#FBFAFD	#FFFFFF
3971	#D8AEA8	#F8F8F8
3972	#F3E3E1	#FEFEFE
3973	#F7EEEC	#FEFEFE
3974	#FAF4F3	#FFFFFF
3975	#EEECF6	#FEFEFE
3976	#F9F2F1	#FEFEFE
3977	#FFFFFF	#FFFFFF
3978	#FAF9FC	#FFFFFF
3979	#FCF7F6	#FFFFFF
3980	#F4E7E5	#FEFEFE
3981	#F1DFDC	#FDFDFD
3982	#F9F2F1	#FEFEFE
3983	#FAF5F4	#FFFFFF
3984	#F5E9E7	#FEFEFE
3985	#F4F2F9	#FEFEFE
3986	#C6BFE0	#FBFBFB
3987	#FCFCFE	#FFFFFF
3988	#F5F4FA	#FFFFFF
3989	#E7E4F2	#FDFDFD
4042	#F7EDEC	#FEFEFE
4043	#E3E0F0	#FEFEFE
4044	#F8F7FB	#FFFFFF
4045	#F4E7E5	#FEFEFE
4046	#EFDBD9	#FEFEFE
4047	#FCFCFE	#FFFFFF
4048	#F8F6FB	#FFFFFF
4049	#FDFBFB	#FFFFFF
4050	#F3E5E3	#FEFEFE
4051	#E6C8C4	#FCFCFC
4052	#F7EDEC	#FEFEFE
4053	#FAF9FC	#FFFFFF
4054	#F2F1F8	#FEFEFE
4055	#E9D0CC	#FCFCFC
4056	#E8CCC8	#FDFDFD
4057	#FBF6F5	#FFFFFF
4058	#E7CBC8	#F9F9F9
4059	#F8EFED	#FEFEFE
4060	#F4E7E5	#FEFEFE
4061	#F4E7E5	#FEFEFE
4062	#F9F8FC	#FFFFFF
4063	#D7ACA6	#FBFBFB
4064	#EBD4D1	#FDFDFD
4065	#E8E5F3	#FEFEFE
4066	#E9D0CC	#FDFDFD
4067	#FBFAFD	#FFFFFF
4068	#F6F5FA	#FFFFFF
4069	#C48A83	#FBFBFB
4070	#F0DCDA	#FEFEFE
4071	#FBF6F5	#FFFFFF
4072	#F1DFDD	#FEFEFE
4073	#D7ACA6	#FBFBFB
4074	#E1BEBA	#FBFBFB
4075	#F5F4FA	#FFFFFF
4076	#EAD1CE	#FDFDFD
4077	#FEFEFF	#FFFFFF
4078	#E7E4F2	#FDFDFD
4079	#F5F4FA	#FEFEFE
4080	#F9F8FC	#FFFFFF
4081	#F2F1F8	#FEFEFE
4082	#E7CBC8	#FCFCFC
4083	#F7F6FB	#FFFFFF
4084	#FDFBFB	#FFFFFF
4085	#FCF9F9	#FFFFFF
4087	#F0DEDB	#FDFDFD
4088	#F6EBEA	#FEFEFE
4089	#E6C9C5	#FBFBFB
4090	#EDEBF5	#FEFEFE
4091	#F9F0EF	#FFFFFF
4092	#F1DFDC	#FEFEFE
4093	#DED9ED	#FCFCFC
4094	#F5E9E8	#FEFEFE
4095	#E9E6F3	#FEFEFE
4096	#F7F5FA	#FFFFFF
4097	#FDFBFA	#FFFFFF
4098	#FDFDFE	#FFFFFF
4099	#E9D0CC	#FDFDFD
4100	#E5E1F1	#FEFEFE
4101	#F8EFEE	#FEFEFE
4102	#E6C9C5	#FDFDFD
4103	#F0DDDB	#FEFEFE
4104	#D7ABA6	#FBFBFB
4105	#F7EDEC	#FEFEFE
4106	#BC7C75	#FAFAFA
4107	#F5E9E7	#FEFEFE
4108	#E4C5C0	#F9F9F9
4109	#F0DEDC	#FDFDFD
4110	#EFDBD8	#FDFDFD
4111	#E6C8C4	#FCFCFC
4112	#E5C6C2	#FCFCFC
4113	#F0DDDB	#FDFDFD
4114	#DDB7B2	#FCFCFC
4115	#EFDCD9	#FEFEFE
4116	#F7F6FB	#FFFFFF
4117	#FBF6F5	#FFFFFF
4118	#F6EAE9	#FEFEFE
4119	#E1BEB9	#FDFDFD
4120	#CF9D97	#FCFCFC
4121	#E8CDCA	#FEFEFE
4122	#DAB2AC	#FCFCFC
4123	#BB7B73	#FAFAFA
4124	#F3E3E1	#FDFDFD
4125	#E6C9C5	#FDFDFD
4126	#DAB0AB	#F9F9F9
4127	#F7ECEB	#FFFFFF
4128	#F5E8E6	#FEFEFE
4129	#FBF6F6	#FFFFFF
4130	#F2E2E0	#FEFEFE
4131	#E4E1F1	#FEFEFE
4132	#F6EBE9	#FEFEFE
4133	#F3E5E3	#FEFEFE
4134	#FDFCFE	#FFFFFF
4135	#E2DEEF	#FDFDFD
4136	#F5F3FA	#FFFFFF
4137	#E9CFCC	#FDFDFD
4138	#F7EDEC	#FEFEFE
4139	#F8F0EF	#FEFEFE
4140	#FCFCFE	#FFFFFF
4141	#EDEAF5	#FEFEFE
4143	#FBFAFD	#FFFFFF
4144	#F6F5FA	#FFFFFF
4145	#F3F1F8	#FEFEFE
4146	#EED9D6	#FEFEFE
4147	#C5BDDF	#FCFCFC
4148	#F9F1F0	#FEFEFE
4149	#EDD6D3	#FEFEFE
4150	#EDEBF5	#FEFEFE
4151	#F7EEEC	#FEFEFE
4152	#FEFEFD	#FFFFFF
4153	#E4E0F0	#FDFDFD
4154	#ECD4D1	#FDFDFD
4155	#FBF5F5	#FFFFFF
4156	#F8F7FB	#FFFFFF
4157	#E1BFBB	#FAFAFA
4158	#F6EBEA	#FEFEFE
4159	#F7F6FB	#FEFEFE
4160	#E8CCC9	#FBFBFB
4161	#E0BDB9	#FBFBFB
4162	#D6ABA5	#FBFBFB
4163	#D9AFAA	#FBFBFB
4164	#E7CBC7	#FCFCFC
4165	#F1E0DD	#FDFDFD
4166	#D5CFE8	#FEFEFE
4167	#F5E9E8	#FEFEFE
4168	#FFFEFE	#FFFFFF
4169	#C28780	#FAFAFA
4170	#EDD7D4	#FEFEFE
4171	#FBF6F5	#FFFFFF
4172	#F8EFEE	#FEFEFE
4173	#FCF7F7	#FFFFFF
4174	#E5C7C4	#FCFCFC
4175	#F5E8E6	#FEFEFE
4176	#EAD1CE	#FDFDFD
4177	#F8F7FB	#FFFFFF
4178	#FBFBFD	#FFFFFF
4179	#FBF5F4	#FFFFFF
4180	#F9F1F0	#FFFFFF
4181	#E9E6F3	#FEFEFE
4182	#FEFDFD	#FFFFFF
4183	#F3F1F8	#FEFEFE
4184	#F6F5FA	#FFFFFF
4185	#F5E8E6	#FEFEFE
4186	#F5F3FA	#FFFFFF
4188	#ECD5D2	#FEFEFE
4189	#E8E5F3	#FEFEFE
4190	#DFBAB6	#F9F9F9
4191	#F6F4FA	#FEFEFE
4192	#E8E5F3	#FDFDFD
4193	#D9D4EA	#FCFCFC
4194	#EDEBF5	#FEFEFE
4195	#E5E1F1	#FDFDFD
4196	#F7EDEB	#FEFEFE
4197	#FFFEFE	#FFFFFF
4198	#E6C9C5	#FDFDFD
4199	#F3F1F9	#FEFEFE
4200	#FCFCFE	#FFFFFF
4201	#FBFAFD	#FFFFFF
4202	#F4F3F9	#FEFEFE
4203	#F0DEDB	#FEFEFE
4204	#EED8D5	#FEFEFE
4205	#F6EAE8	#FEFEFE
4206	#FCFBFD	#FFFFFF
4207	#FDFBFB	#FFFFFF
4208	#DBB3AE	#F9F9F9
4209	#EAD1CE	#FDFDFD
4210	#FEFEFE	#FFFFFF
4211	#FAF4F3	#FFFFFF
4212	#E0BDB8	#FBFBFB
4213	#DEB9B5	#FAFAFA
4214	#FCFBFD	#FFFFFF
4215	#DDB7B2	#FCFCFC
4216	#E6C8C4	#FCFCFC
4217	#D3CDE7	#FCFCFC
4218	#C28680	#FAFAFA
4219	#EEECF6	#FEFEFE
4220	#EFDCD9	#FEFEFE
4221	#EFDBD9	#FEFEFE
4222	#FCF8F7	#FFFFFF
4223	#F6EAE8	#FEFEFE
4224	#EFDBD8	#FEFEFE
4225	#F7ECEA	#FEFEFE
4226	#F6EAE8	#FEFEFE
4227	#FEFDFD	#FFFFFF
4228	#D7D2E9	#FDFDFD
4229	#F4E5E3	#FEFEFE
4230	#FDFCFE	#FFFFFF
4231	#F5E7E6	#FEFEFE
4232	#FCF9F8	#FFFFFF
4233	#E8E5F3	#FEFEFE
4234	#EEECF6	#FEFEFE
4235	#F8F7FB	#FFFFFF
4236	#F3F1F8	#FEFEFE
4237	#CCC5E3	#FBFBFB
4238	#F3F1F8	#FFFFFF
4239	#F9F8FC	#FFFFFF
4240	#FCF8F8	#FFFFFF
4241	#ECE9F4	#FEFEFE
4242	#F4E7E5	#FEFEFE
4244	#F2E2E0	#FEFEFE
4245	#F8EEED	#FEFEFE
4246	#F8EEED	#FEFEFE
4247	#F9F1F0	#FFFFFF
4248	#FFFEFE	#FFFFFF
4249	#E2C0BC	#FDFDFD
4250	#EBE8F4	#FEFEFE
4251	#FDFBFB	#FFFFFF
4252	#FBFAFD	#FFFFFF
4253	#F8EFEE	#FEFEFE
4254	#F3F2F9	#FEFEFE
4255	#FEFCFB	#FFFFFF
4256	#E2DEEF	#FDFDFD
4257	#F6F5FA	#FFFFFF
4258	#F3E3E1	#FEFEFE
4259	#EDD8D5	#FCFCFC
4260	#F0DEDB	#FDFDFD
4261	#F0DEDC	#FDFDFD
4262	#F0DDDA	#FDFDFD
4263	#F1DFDC	#FDFDFD
4264	#EFDCD9	#FDFDFD
4265	#E2C0BB	#FBFBFB
4266	#F0DDDA	#FDFDFD
4267	#E6E3F2	#FEFEFE
4268	#E6C8C4	#FBFBFB
4269	#F8EEED	#FEFEFE
4270	#F9F1F0	#FFFFFF
4271	#DFBBB7	#FCFCFC
4272	#F0DEDC	#FEFEFE
4273	#EBD2CF	#FDFDFD
4274	#C1847D	#FAFAFA
4275	#FBF6F5	#FFFFFF
4276	#F6EAE9	#FEFEFE
4277	#C0837C	#FAFAFA
4278	#FFFFFF	#FFFFFF
4279	#F7ECEB	#FEFEFE
4280	#F9F1F0	#FEFEFE
4281	#FBF5F4	#FFFFFF
4282	#DCB5B0	#FCFCFC
4283	#E4E0F0	#FDFDFD
4284	#F8F7FB	#FFFFFF
4285	#FAFAFD	#FFFFFF
4286	#DAD5EB	#FCFCFC
4287	#E1DDEF	#FDFDFD
4289	#FFFFFF	#FFFFFF
4290	#F4E6E4	#FEFEFE
4291	#FAF4F3	#FFFFFF
4292	#FFFFFF	#FFFFFF
4293	#E1DDEF	#FDFDFD
4294	#EFECF6	#FEFEFE
4295	#D9D4EA	#FDFDFD
4296	#F1EFF8	#FEFEFE
4297	#F4E6E4	#FEFEFE
4298	#FAF9FC	#FFFFFF
4299	#FAF5F4	#FFFFFF
4300	#F2F0F8	#FFFFFF
4301	#FCFCFE	#FFFFFF
4302	#F2F0F8	#FEFEFE
4303	#F4E6E5	#FEFEFE
4304	#F9F1F0	#FEFEFE
4305	#E8E5F2	#FEFEFE
4306	#FAF2F2	#FEFEFE
4307	#F9F1F0	#FFFFFF
4308	#F7EEEC	#FEFEFE
4309	#F2E2E0	#FEFEFE
4310	#E8CCC9	#FBFBFB
4311	#F0DDDA	#FDFDFD
4312	#EED8D5	#FCFCFC
4313	#E2C0BC	#FBFBFB
4314	#F6EAE8	#FEFEFE
4315	#F5E9E8	#FEFEFE
4316	#EED9D6	#FDFDFD
4317	#FCF7F6	#FFFFFF
4318	#F9F8FC	#FFFFFF
4319	#F5E9E7	#FEFEFE
4320	#FCF7F7	#FFFFFF
4321	#F2F0F8	#FFFFFF
4322	#E6C8C4	#FDFDFD
4323	#FAF3F2	#FFFFFF
4324	#F7EDEC	#FEFEFE
4325	#BE7F78	#FAFAFA
4326	#F1E0DD	#FEFEFE
4327	#FDFAFA	#FFFFFF
4328	#E8CECA	#FDFDFD
4329	#FDFDFE	#FFFFFF
4330	#F5E7E5	#FEFEFE
4331	#EED9D6	#FEFEFE
4332	#F9F0EF	#FEFEFE
4333	#FEFDFD	#FFFFFF
4334	#F0EDF7	#FEFEFE
4335	#FEFCFB	#FFFFFF
4336	#F9F1F0	#FFFFFF
4337	#FEFEFE	#FFFFFF
4338	#DEDAED	#FDFDFD
4339	#EDD7D4	#FEFEFE
4340	#E5E2F1	#FEFEFE
4341	#F8F7FB	#FFFFFF
4342	#F8F7FB	#FFFFFF
4343	#F1EFF7	#FEFEFE
4345	#E9E6F3	#FEFEFE
4346	#FBFBFD	#FFFFFF
4347	#FAF3F2	#FFFFFF
4348	#F7F6FB	#FFFFFF
4349	#E4C6C2	#FCFCFC
4350	#EEECF6	#FEFEFE
4351	#EFECF6	#FEFEFE
4352	#FEFDFD	#FFFFFF
4353	#E4E0F0	#FEFEFE
4354	#EAD0CD	#FDFDFD
4355	#F8F7FB	#FFFFFF
4356	#F8EEED	#FEFEFE
4357	#FAF3F2	#FFFFFF
4358	#ECD5D2	#FDFDFD
4359	#F8EEED	#FEFEFE
4360	#F0DDDB	#FDFDFD
4361	#E7CAC6	#FCFCFC
4362	#FCFCFE	#FFFFFF
4363	#EEDAD7	#FDFDFD
4364	#E2C0BC	#FAFAFA
4365	#CF9C96	#F8F8F8
4366	#E7CAC6	#FAFAFA
4367	#ECD6D3	#FDFDFD
4368	#E3DFF0	#FEFEFE
4369	#FAF2F1	#FEFEFE
4370	#D8ADA8	#FBFBFB
4371	#EED9D7	#FDFDFD
4372	#EAD0CD	#FDFDFD
4373	#DBB2AD	#FCFCFC
4374	#E9D0CC	#FDFDFD
4375	#F2E2E0	#FEFEFE
4376	#F9F2F1	#FFFFFF
4377	#F2E1DF	#FEFEFE
4378	#DEB9B4	#FCFCFC
4379	#CBC4E3	#FCFCFC
4380	#FAF4F3	#FEFEFE
4381	#FAF4F3	#FEFEFE
4382	#FAF3F2	#FEFEFE
4383	#F4E6E4	#FEFEFE
4384	#E0DCEE	#FDFDFD
4385	#DFDAEE	#FCFCFC
4386	#FCF7F7	#FFFFFF
4387	#F3E5E3	#FEFEFE
4388	#E1DDEF	#FDFDFD
4390	#FDFDFE	#FFFFFF
4391	#DED9ED	#FDFDFD
4392	#F9F2F1	#FFFFFF
4393	#FBF6F6	#FFFFFF
4394	#ECD5D2	#FCFCFC
4395	#F6E9E8	#FEFEFE
4396	#EBE8F4	#FEFEFE
4397	#FFFEFE	#FFFFFF
4398	#F3F2F9	#FEFEFE
4399	#E5E1F1	#FDFDFD
4400	#FBFBFD	#FFFFFF
4401	#F6F5FA	#FFFFFF
4402	#DCD8EC	#FDFDFD
4403	#FFFFFF	#FFFFFF
4404	#FCF7F6	#FFFFFF
4405	#FDFAFA	#FFFFFF
4406	#F7ECEA	#FEFEFE
4407	#DEBAB5	#FCFCFC
4408	#E2DEEF	#FDFDFD
4409	#EAD0CD	#FCFCFC
4410	#F6EAE8	#FEFEFE
4411	#FEFDFD	#FFFFFF
4412	#F8F7FB	#FFFFFF
4413	#F6EBEA	#FEFEFE
4414	#F6E9E8	#FEFEFE
4415	#F0DDDB	#FDFDFD
4416	#E9CFCC	#FCFCFC
4417	#E8CDC9	#FCFCFC
4418	#F2E3E1	#FEFEFE
4419	#CBC5E3	#FAFAFA
4420	#E1BEBA	#FBFBFB
4421	#E6C8C4	#FBFBFB
4422	#F0DEDC	#FEFEFE
4423	#E9D0CC	#FDFDFD
4424	#FCF7F6	#FFFFFF
4425	#FBF6F6	#FFFFFF
4426	#F8EEED	#FEFEFE
4427	#E5C8C4	#FCFCFC
4428	#FEFDFC	#FFFFFF
4429	#DBB4AF	#FCFCFC
4430	#F2F0F8	#FEFEFE
4431	#EDD6D3	#FEFEFE
4432	#FAF3F2	#FFFFFF
4433	#F7EDEC	#FEFEFE
4434	#FBF5F5	#FFFFFF
4435	#F9F1F0	#FEFEFE
4436	#FEFEFD	#FFFFFF
4437	#F0EDF7	#FEFEFE
4438	#D2CCE6	#FAFAFA
4439	#F6F5FA	#FFFFFF
4440	#EDEAF5	#FEFEFE
4441	#FCFBFD	#FFFFFF
4442	#DEDAED	#FDFDFD
4443	#F9F1F0	#FFFFFF
4444	#FDFBFA	#FFFFFF
4446	#EEECF6	#FEFEFE
4447	#F4E7E5	#FEFEFE
4448	#F6EAE8	#FEFEFE
4449	#EFEDF6	#FEFEFE
4450	#FEFCFC	#FFFFFF
4451	#FEFEFD	#FFFFFF
4452	#FCFBFD	#FFFFFF
4453	#F2F0F8	#FEFEFE
4454	#E2DEEF	#FDFDFD
4455	#FEFDFD	#FFFFFF
4456	#FEFCFC	#FFFFFF
4457	#FDFCFE	#FFFFFF
4458	#BFB7DC	#F9F9F9
4459	#F9F1F0	#FFFFFF
4460	#E5C6C2	#FCFCFC
4461	#EFDBD9	#FEFEFE
4462	#FBF6F5	#FFFFFF
4463	#F4E6E5	#FEFEFE
4464	#FDFDFE	#FFFFFF
4465	#F6E9E8	#FEFEFE
4466	#FEFCFC	#FFFFFF
4467	#F0DDDB	#FEFEFE
4468	#E9CFCC	#FBFBFB
4469	#EBE8F4	#FEFEFE
4470	#F6EAE8	#FEFEFE
4471	#DDB7B2	#FAFAFA
4472	#EBD3D0	#FDFDFD
4473	#F7EEEC	#FEFEFE
4474	#DEB9B4	#FCFCFC
4475	#EAD1CE	#FDFDFD
4476	#EFDBD8	#FDFDFD
4477	#F4E5E4	#FEFEFE
4478	#F6EAE9	#FEFEFE
4479	#E5C7C4	#FCFCFC
4480	#F1EFF7	#FEFEFE
4481	#F3E4E2	#FEFEFE
4482	#F6EBEA	#FEFEFE
4483	#F9F1F0	#FEFEFE
4484	#F6EAE8	#FEFEFE
4485	#F3E4E2	#FDFDFD
4486	#FCFBFD	#FFFFFF
4487	#F5F3F9	#FEFEFE
4488	#EEECF6	#FEFEFE
4489	#F0EEF7	#FEFEFE
4491	#BEB6DC	#FCFCFC
4492	#F5F4FA	#FFFFFF
4493	#EDD7D4	#FEFEFE
4494	#FDFDFE	#FFFFFF
4495	#FAF9FC	#FFFFFF
4496	#E1DDEF	#FDFDFD
4497	#F8F7FB	#FFFFFF
4498	#CBC4E3	#FCFCFC
4499	#FEFEFF	#FFFFFF
4500	#E9CECA	#FDFDFD
4501	#F9F1F0	#FEFEFE
4502	#F6F5FA	#FEFEFE
4503	#F7EDEC	#FEFEFE
4504	#FBFAFD	#FFFFFF
4505	#EFDBD9	#FEFEFE
4506	#F6EAE9	#FEFEFE
4507	#F8EFEE	#FEFEFE
4508	#E9CFCC	#FDFDFD
4509	#F0DEDB	#FEFEFE
4510	#F6F5FA	#FEFEFE
4511	#F3E3E1	#FEFEFE
4512	#F9F8FC	#FFFFFF
4513	#FCF9F8	#FFFFFF
4514	#ECD4D1	#FDFDFD
4515	#EFDBD8	#FDFDFD
4516	#F4E7E5	#FEFEFE
4517	#FEFDFE	#FFFFFF
4518	#FDFAFA	#FFFFFF
4519	#E5C6C2	#FBFBFB
4520	#EFEDF6	#FEFEFE
4521	#EAD1CD	#FCFCFC
4522	#E0BDB9	#FAFAFA
4523	#DCB5B0	#FCFCFC
4524	#BF817A	#FAFAFA
4525	#EDD7D4	#FDFDFD
4526	#DBB4AF	#FCFCFC
4527	#B7736C	#F9F9F9
4528	#F6EBE9	#FEFEFE
4529	#E7CBC8	#FDFDFD
4530	#EBD3D0	#FDFDFD
4531	#F8EFED	#FEFEFE
4532	#E1BFBB	#FBFBFB
4533	#EAD2CE	#FDFDFD
4534	#E1BFBA	#FBFBFB
4535	#F4E6E5	#FEFEFE
4536	#EBD2CF	#FCFCFC
4537	#FCF8F8	#FFFFFF
4538	#F3E4E2	#FEFEFE
4539	#EED9D6	#FEFEFE
4540	#F1E1DE	#FEFEFE
4541	#D1CBE6	#FBFBFB
4542	#ECE9F5	#FEFEFE
4543	#FAF3F2	#FFFFFF
4544	#ECE9F5	#FEFEFE
4545	#F2F0F8	#FEFEFE
4547	#FFFEFE	#FFFFFF
4548	#E7CAC6	#FCFCFC
4549	#F4E5E3	#FEFEFE
4550	#F2F1F8	#FEFEFE
4551	#F3E4E2	#FEFEFE
4552	#E4C5C1	#FCFCFC
4553	#EFDBD9	#FCFCFC
4554	#F0DDDB	#FDFDFD
4555	#FDFAFA	#FFFFFF
4556	#FFFEFE	#FFFFFF
4557	#F5E9E7	#FEFEFE
4558	#FBF6F5	#FFFFFF
4559	#F8F7FB	#FFFFFF
4560	#EFDBD8	#FEFEFE
4561	#F1DFDD	#FEFEFE
4562	#F3E3E1	#FEFEFE
4563	#F0DDDA	#FEFEFE
4564	#EFDBD9	#FEFEFE
4565	#F1E0DE	#FEFEFE
4566	#FEFCFC	#FFFFFF
4567	#F5E7E6	#FEFEFE
4568	#E2C0BB	#FDFDFD
4569	#F8F7FB	#FFFFFF
4570	#F7ECEB	#FEFEFE
4571	#FFFFFF	#FFFFFF
4572	#F7EDEC	#FEFEFE
4573	#ECD4D1	#FDFDFD
4574	#F4E7E5	#FEFEFE
4575	#FAF4F3	#FFFFFF
4576	#FBFAFD	#FFFFFF
4577	#F9F1F0	#FFFFFF
4578	#D8D3EA	#FDFDFD
4579	#EAE7F4	#FEFEFE
4580	#FDFDFE	#FFFFFF
4581	#FAF3F3	#FFFFFF
4582	#FAF4F3	#FFFFFF
4583	#E8E5F3	#FEFEFE
4584	#F2F0F8	#FFFFFF
4585	#F5F3F9	#FEFEFE
4586	#F8EEED	#FEFEFE
4587	#F3F2F9	#FEFEFE
4588	#F8F7FB	#FFFFFF
4589	#E4C4C0	#FCFCFC
4590	#F3E5E3	#FDFDFD
4592	#FBF6F5	#FFFFFF
4593	#F7F5FB	#FFFFFF
4594	#FFFFFF	#FFFFFF
4595	#FFFFFF	#FFFFFF
4596	#F0DDDB	#FEFEFE
4597	#D4CFE8	#FCFCFC
4598	#FFFFFF	#FFFFFF
4599	#F9F9FC	#FFFFFF
4600	#F7EDEC	#FEFEFE
4601	#F9F1F0	#FEFEFE
4602	#E9CECB	#FCFCFC
4603	#F3E4E2	#FEFEFE
4604	#F0DEDC	#FDFDFD
4605	#ECD4D1	#FCFCFC
4606	#F8EEED	#FEFEFE
4607	#F8F7FB	#FFFFFF
4608	#F8EEED	#FEFEFE
4609	#DFBBB6	#F9F9F9
4610	#FBFAFD	#FFFFFF
4611	#F1EFF7	#FEFEFE
4612	#DBB4AF	#FCFCFC
4613	#D5A7A1	#FAFAFA
4614	#F6EAE8	#FEFEFE
4615	#F1E0DE	#FEFEFE
4616	#C48A83	#FBFBFB
4617	#FFFEFE	#FFFFFF
4618	#DFBBB7	#FCFCFC
4619	#DFBBB7	#FCFCFC
4620	#F7EDEC	#FEFEFE
4621	#F4E5E3	#FEFEFE
4622	#EFECF6	#FEFEFE
4623	#EDD7D4	#FDFDFD
4624	#FCF9F8	#FFFFFF
4625	#F2F0F8	#FEFEFE
4626	#E4C5C1	#FCFCFC
4627	#EAD1CD	#FDFDFD
4628	#F5E9E8	#FEFEFE
4629	#FBFAFD	#FFFFFF
4630	#FDF9F9	#FFFFFF
4631	#DDB7B2	#FCFCFC
4632	#FCF7F6	#FFFFFF
4633	#F9F2F1	#FFFFFF
4634	#FFFEFE	#FFFFFF
4635	#F1E0DE	#FEFEFE
4636	#FAF9FC	#FFFFFF
4637	#F8EEED	#FEFEFE
4638	#FBF7F6	#FFFFFF
4639	#F5E7E5	#FEFEFE
4640	#FCF8F7	#FFFFFF
4641	#F4E6E5	#FEFEFE
4642	#FDFBFA	#FFFFFF
4643	#FCF7F6	#FFFFFF
4644	#F5F4FA	#FFFFFF
4645	#FBF5F5	#FFFFFF
4646	#E6C8C4	#FCFCFC
4648	#F7ECEA	#FEFEFE
4649	#F5F4FA	#FEFEFE
4650	#EBD3D0	#FDFDFD
4651	#F5E7E6	#FEFEFE
4652	#F6EAE8	#FEFEFE
4653	#EDD6D4	#FEFEFE
4654	#E1BFBA	#F9F9F9
4655	#F7ECEA	#FEFEFE
4656	#F4E6E4	#FEFEFE
4657	#F1DFDD	#FDFDFD
4658	#EED9D7	#FDFDFD
4659	#DDB7B2	#FAFAFA
4660	#F4F3F9	#FEFEFE
4661	#E4C4C0	#FBFBFB
4662	#FDFCFE	#FFFFFF
4663	#F6EBE9	#FEFEFE
4664	#FDFBFA	#FFFFFF
4665	#F5E9E7	#FEFEFE
4666	#E2C0BC	#FDFDFD
4667	#F8F7FB	#FFFFFF
4668	#E2C0BC	#FDFDFD
4669	#DEB9B4	#FCFCFC
4670	#EED8D5	#FEFEFE
4671	#FDFBFA	#FFFFFF
4672	#FAF9FC	#FFFFFF
4673	#FAFAFD	#FFFFFF
4674	#DFBBB6	#FBFBFB
4675	#F4E7E5	#FEFEFE
4676	#EED9D6	#FDFDFD
4677	#FBF7F6	#FFFFFF
4678	#FCF8F7	#FFFFFF
4679	#F2E2E0	#FEFEFE
4680	#F8F7FB	#FFFFFF
4681	#FFFEFE	#FFFFFF
4682	#FCF7F7	#FFFFFF
4683	#FEFCFC	#FFFFFF
4684	#E2DEEF	#FDFDFD
4685	#FCF8F8	#FFFFFF
4686	#FEFCFB	#FFFFFF
4687	#E7E4F2	#FDFDFD
4688	#EFECF6	#FEFEFE
4689	#F3F1F8	#FEFEFE
4690	#F5F4FA	#FEFEFE
4691	#ECD6D3	#FCFCFC
4693	#ECEAF5	#FEFEFE
4694	#F6EBE9	#FEFEFE
4695	#FDFAFA	#FFFFFF
4696	#F2E2E0	#FEFEFE
4697	#EEDAD7	#FDFDFD
4698	#FAF5F4	#FFFFFF
4699	#FDFBFA	#FFFFFF
4700	#E8E4F2	#FDFDFD
4701	#FFFFFF	#FFFFFF
4702	#F1E0DE	#FEFEFE
4703	#F2E2E0	#FEFEFE
4704	#EAD0CD	#FBFBFB
4705	#EBD3D0	#FAFAFA
4706	#F4E6E4	#FEFEFE
4707	#E3C4BF	#FAFAFA
4708	#F4E5E3	#FEFEFE
4709	#FDFDFE	#FFFFFF
4710	#EED9D7	#FDFDFD
4711	#FEFEFD	#FFFFFF
4712	#D3A49E	#F9F9F9
4713	#F5E9E7	#FEFEFE
4714	#EAD1CE	#FDFDFD
4715	#F8F7FB	#FFFFFF
4716	#EFDAD8	#FDFDFD
4717	#FBFAFD	#FFFFFF
4718	#F9F0EF	#FFFFFF
4719	#EDD6D3	#FEFEFE
4720	#F4E6E5	#FEFEFE
4721	#F1E0DE	#FEFEFE
4722	#F7EEEC	#FEFEFE
4723	#BB7A73	#FAFAFA
4724	#F2E1DF	#FEFEFE
4725	#D8D3EA	#FDFDFD
4726	#F9F1F0	#FFFFFF
4727	#FBFAFD	#FFFFFF
4728	#FAF9FC	#FFFFFF
4729	#ECD4D1	#FDFDFD
4730	#FFFEFE	#FFFFFF
4731	#E0DCEE	#FDFDFD
4732	#FBFBFD	#FFFFFF
4733	#F1E0DD	#FEFEFE
4734	#EBD2CF	#FDFDFD
4735	#FAF4F3	#FFFFFF
4736	#FEFEFE	#FFFFFF
4737	#F1E0DE	#FEFEFE
4738	#FAF9FC	#FFFFFF
4739	#F7ECEA	#FEFEFE
4740	#FAF9FC	#FFFFFF
4741	#F7ECEB	#FEFEFE
4742	#F9F1F0	#FEFEFE
4743	#F1E0DE	#FEFEFE
4744	#F8F7FB	#FFFFFF
4745	#EDD6D3	#FEFEFE
4746	#F3E5E3	#FEFEFE
4747	#F1E0DE	#FEFEFE
4749	#F2F0F8	#FEFEFE
4750	#EBE8F4	#FEFEFE
4751	#F4E7E5	#FEFEFE
4752	#F1DFDC	#FDFDFD
4753	#E6C9C5	#FCFCFC
4754	#FEFCFC	#FFFFFF
4755	#F2E1DF	#FDFDFD
4756	#EDD7D4	#FCFCFC
4757	#EBD4D1	#FBFBFB
4758	#F4E6E4	#FEFEFE
4759	#E6C8C4	#FCFCFC
4760	#E8CDC9	#FCFCFC
4761	#ECD4D1	#FDFDFD
4762	#F7EEEC	#FEFEFE
4763	#EDD7D4	#FDFDFD
4764	#DDB7B2	#FCFCFC
4765	#DEB9B4	#FCFCFC
4766	#C1847D	#FAFAFA
4767	#F2F1F8	#FFFFFF
4768	#F1E0DD	#FEFEFE
4769	#FCF7F7	#FFFFFF
4770	#F2E2DF	#FEFEFE
4771	#FEFDFD	#FFFFFF
4772	#D7D2E9	#FCFCFC
4773	#DCB4AF	#FAFAFA
4774	#E6C8C5	#FDFDFD
4775	#EFEDF6	#FEFEFE
4776	#FAF3F2	#FFFFFF
4777	#FDFAF9	#FFFFFF
4778	#FBF6F5	#FFFFFF
4779	#FDFBFA	#FFFFFF
4780	#DCD8EC	#FDFDFD
4781	#FEFEFE	#FFFFFF
4782	#ECE9F5	#FEFEFE
4783	#F0EEF7	#FEFEFE
4784	#FBFAFD	#FFFFFF
4785	#FDFDFE	#FFFFFF
4786	#EFDBD8	#FDFDFD
4787	#FDFBFB	#FFFFFF
4788	#D9AFA9	#FBFBFB
4789	#E3C2BE	#FBFBFB
4790	#FDFCFE	#FFFFFF
4791	#EDEBF5	#FEFEFE
4792	#F6EBEA	#FEFEFE
4794	#F0DEDB	#FEFEFE
4795	#E9CECA	#FDFDFD
4796	#EDD6D3	#FDFDFD
4797	#F9F2F1	#FFFFFF
4798	#EFEDF6	#FEFEFE
4799	#F8F7FB	#FFFFFF
4800	#FCF8F8	#FFFFFF
4801	#F6EAE9	#FEFEFE
4802	#FEFDFD	#FFFFFF
4803	#D6A9A3	#FAFAFA
4804	#FFFEFE	#FFFFFF
4805	#F7EDEC	#FEFEFE
4806	#F4F3F9	#FEFEFE
4807	#E9CFCC	#F9F9F9
4808	#E2C2BD	#FCFCFC
4809	#FAF4F3	#FEFEFE
4810	#ECD6D3	#FEFEFE
4811	#ECD4D1	#FDFDFD
4812	#FCF8F8	#FFFFFF
4813	#EAD0CD	#FDFDFD
4814	#EAD1CD	#FDFDFD
4815	#EED9D6	#FEFEFE
4816	#E6E2F1	#FEFEFE
4817	#FFFEFE	#FFFFFF
4818	#CBC5E3	#FDFDFD
4819	#EFECF6	#FEFEFE
4820	#ECD6D3	#FDFDFD
4821	#EBE8F4	#FEFEFE
4822	#FCF9F8	#FFFFFF
4823	#F0EEF7	#FEFEFE
4824	#FAF3F2	#FFFFFF
4825	#F3E5E3	#FEFEFE
4826	#EBD3D0	#FDFDFD
4827	#F3F1F9	#FEFEFE
4828	#EEECF6	#FEFEFE
4829	#E1DDEF	#FDFDFD
4830	#EEECF6	#FFFFFF
4831	#FAF9FC	#FFFFFF
4832	#E7E4F2	#FDFDFD
4833	#EFEDF6	#FEFEFE
4834	#FEFCFC	#FFFFFF
4835	#CDC6E4	#FCFCFC
4836	#FDFBFB	#FFFFFF
4837	#EBE9F4	#FEFEFE
4838	#F5F4FA	#FFFFFF
4839	#F5F4FA	#FFFFFF
4840	#F0DEDB	#FCFCFC
4841	#EFEDF7	#FEFEFE
4842	#F8F7FB	#FFFFFF
4843	#FAF4F3	#FFFFFF
4844	#F9F0EF	#FEFEFE
4845	#E8E5F3	#FEFEFE
4846	#E2C0BC	#FDFDFD
4847	#F6F5FA	#FFFFFF
4848	#F3E4E3	#FEFEFE
4850	#FEFDFD	#FFFFFF
4851	#DDB7B2	#FCFCFC
4852	#FCF7F7	#FFFFFF
4853	#DCB5B0	#FCFCFC
4854	#FEFCFC	#FFFFFF
4855	#F3E4E2	#FEFEFE
4856	#EAD1CE	#FDFDFD
4857	#F1DEDC	#FCFCFC
4858	#F3E3E1	#FDFDFD
4859	#EED9D6	#FCFCFC
4860	#EFDBD9	#FDFDFD
4861	#F4E5E3	#FEFEFE
4862	#F0DCDA	#FEFEFE
4863	#F6EAE8	#FEFEFE
4864	#DAB2AD	#FCFCFC
4865	#F5E9E8	#FEFEFE
4866	#CE9C95	#FCFCFC
4867	#F0EEF7	#FEFEFE
4868	#F9F8FC	#FFFFFF
4869	#F1E0DE	#FEFEFE
4870	#FBF5F5	#FFFFFF
4871	#F9F8FC	#FFFFFF
4872	#F2E3E1	#FEFEFE
4873	#FFFEFE	#FFFFFF
4874	#FEFEFE	#FFFFFF
4875	#DFBBB7	#F9F9F9
4876	#F7ECEA	#FEFEFE
4877	#EAD1CE	#FDFDFD
4878	#EFEDF6	#FEFEFE
4879	#FAF9FC	#FFFFFF
4880	#E2C0BC	#FDFDFD
4881	#FCF8F7	#FFFFFF
4882	#DDD9ED	#FDFDFD
4883	#FCF8F7	#FFFFFF
4884	#F3F1F8	#FEFEFE
4885	#FAF4F3	#FFFFFF
4886	#E5E1F1	#FDFDFD
4887	#FDFBFB	#FFFFFF
4888	#FEFCFC	#FFFFFF
4889	#EBD3D0	#FCFCFC
4890	#FEFCFC	#FFFFFF
4891	#FDFAF9	#FFFFFF
4892	#E4E0F0	#FDFDFD
4893	#F9F9FC	#FFFFFF
4895	#EAE7F4	#FEFEFE
4896	#E7CBC8	#FDFDFD
4897	#FEFDFE	#FFFFFF
4898	#ECEAF5	#FEFEFE
4899	#F8EEED	#FEFEFE
4900	#FDFAF9	#FFFFFF
4901	#F1E0DE	#FEFEFE
4902	#FBFBFD	#FFFFFF
4903	#FBF6F5	#FFFFFF
4904	#F2E2E0	#FDFDFD
4905	#F6EBEA	#FEFEFE
4906	#F7ECEB	#FEFEFE
4907	#F3E4E2	#FDFDFD
4908	#FCF7F7	#FFFFFF
4909	#E5C6C2	#F9F9F9
4910	#ECD4D1	#FCFCFC
4911	#E2C0BC	#FBFBFB
4912	#EED9D7	#FDFDFD
4913	#DDB7B2	#FCFCFC
4914	#FDFCFE	#FFFFFF
4915	#E9CECA	#FDFDFD
4916	#F7F5FA	#FFFFFF
4917	#F4E7E5	#FEFEFE
4918	#DEB9B4	#FCFCFC
4919	#DEB9B5	#FCFCFC
4920	#ECD4D1	#FDFDFD
4921	#EDD8D5	#FDFDFD
4922	#F0DDDA	#FEFEFE
4923	#F1E0DE	#FEFEFE
4924	#F9F1F0	#FFFFFF
4925	#F5E7E6	#FEFEFE
4926	#E3C2BE	#FBFBFB
4927	#F9F1F0	#FEFEFE
4928	#F2F0F8	#FEFEFE
4929	#FDFBFA	#FFFFFF
4930	#EDEAF5	#FEFEFE
4931	#CFC9E5	#FBFBFB
4932	#FFFEFE	#FFFFFF
4933	#DED9ED	#FEFEFE
4934	#F9F1F0	#FFFFFF
4935	#F2F0F8	#FEFEFE
4936	#F7EDEC	#FEFEFE
4937	#FFFFFF	#FFFFFF
4938	#FBFBFD	#FFFFFF
4939	#F7ECEB	#FEFEFE
4940	#F3E4E2	#FEFEFE
4941	#D8AEA8	#F8F8F8
4942	#F5E8E6	#FEFEFE
4943	#F4E7E5	#FEFEFE
4944	#FEFEFE	#FFFFFF
4945	#F7ECEA	#FEFEFE
4946	#F9F8FC	#FFFFFF
4947	#F3E5E3	#FEFEFE
4948	#F4F2F9	#FEFEFE
4949	#E7CBC8	#FDFDFD
4951	#ECE9F5	#FEFEFE
4952	#FFFFFF	#FFFFFF
4953	#EBD2CF	#FDFDFD
4954	#FCF8F7	#FFFFFF
4955	#F1EFF7	#FEFEFE
4956	#F8F0EF	#FEFEFE
4957	#F4E5E4	#FDFDFD
4958	#ECD5D2	#FBFBFB
4959	#E8CDC9	#F9F9F9
4960	#DCB5B0	#FAFAFA
4961	#E8CECA	#FDFDFD
4962	#F0DDDA	#FDFDFD
4963	#FCFCFE	#FFFFFF
4964	#E9CECB	#FDFDFD
4965	#EBD2CF	#FDFDFD
4966	#FAF4F3	#FFFFFF
4967	#EAE8F4	#FEFEFE
4968	#CF9D97	#FCFCFC
4969	#F6EAE9	#FEFEFE
4970	#F6F4FA	#FFFFFF
4971	#ECD5D1	#FEFEFE
4972	#E9CECA	#FDFDFD
4973	#E1BEBA	#FDFDFD
4974	#FCF7F6	#FFFFFF
4975	#E1BEB9	#FDFDFD
4976	#EED9D6	#FCFCFC
4977	#ECD5D2	#FDFDFD
4978	#FEFDFD	#FFFFFF
4979	#F2E2E0	#FEFEFE
4980	#F8EEED	#FEFEFE
4981	#DEDAED	#FDFDFD
4982	#EFDCD9	#FEFEFE
4983	#D8D2EA	#FDFDFD
4984	#FCFBFD	#FFFFFF
4985	#E9E6F3	#FEFEFE
4986	#F3E4E2	#FEFEFE
4987	#F6F4FA	#FFFFFF
4988	#F7EDEC	#FEFEFE
4989	#FCF7F7	#FFFFFF
4990	#EFEDF6	#FEFEFE
4991	#FCF8F7	#FFFFFF
4992	#F1E0DE	#FEFEFE
4993	#F2E1DF	#FDFDFD
4994	#EFECF6	#FEFEFE
4996	#F4E5E4	#FEFEFE
4997	#E9CECB	#FDFDFD
4998	#F0DEDB	#FEFEFE
4999	#FBF5F4	#FFFFFF
5000	#EFEDF6	#FEFEFE
5001	#FFFFFF	#FFFFFF
5002	#F8F7FB	#FFFFFF
5003	#FFFFFF	#FFFFFF
5004	#F6EBE9	#FEFEFE
5005	#EED9D7	#FDFDFD
5006	#F6EBE9	#FEFEFE
5007	#F0DDDA	#FCFCFC
5008	#F2E3E1	#FDFDFD
5009	#E7CBC8	#FCFCFC
5010	#E4C5C1	#FBFBFB
5011	#E0BCB8	#FBFBFB
5012	#F2E1DF	#FDFDFD
5013	#EAD2CE	#FDFDFD
5014	#FDFAFA	#FFFFFF
5015	#FAF9FC	#FFFFFF
5016	#E8CDC9	#FDFDFD
5017	#E8E5F3	#FEFEFE
5018	#F1E0DE	#FEFEFE
5019	#F8EFED	#FEFEFE
5020	#ECD5D3	#FEFEFE
5021	#DEB8B3	#FCFCFC
5022	#F7ECEB	#FEFEFE
5023	#F9F2F0	#FFFFFF
5024	#FAF3F2	#FFFFFF
5025	#FAF3F2	#FFFFFF
5026	#F5F3FA	#FFFFFF
5027	#F2F0F8	#FEFEFE
5028	#FCF9F8	#FFFFFF
5029	#F7EDEB	#FEFEFE
5030	#EAD2CE	#FDFDFD
5031	#FDFDFE	#FFFFFF
5032	#FDFCFE	#FFFFFF
5033	#F2F0F8	#FEFEFE
5034	#F8F7FB	#FFFFFF
5035	#F6EBEA	#FEFEFE
5036	#E2DEEF	#FDFDFD
5037	#FBFAFD	#FFFFFF
5038	#D3CEE7	#FCFCFC
5039	#FEFCFB	#FFFFFF
5040	#FAF9FC	#FFFFFF
5041	#F3E4E2	#FDFDFD
5042	#E3C2BE	#FBFBFB
5043	#F7ECEA	#FEFEFE
5044	#E7CBC7	#FDFDFD
5045	#FBF6F5	#FFFFFF
5046	#F7F6FB	#FFFFFF
5047	#EFDBD8	#FDFDFD
5048	#F2E3E0	#FEFEFE
5049	#F5E9E8	#FEFEFE
5050	#EED9D6	#FDFDFD
