x	y
1.52412597009933	1.78280615865543
1.34268226595709	1.86763240584828
-0.194953475095554	0.205236108684357
2.34088408238505	4.0758924827834
1.15066042157292	1.99489532332131
0.858432442239293	1.19299629375791
2.19055887042827	4.2378433884355
0.93156645119675	1.16433008852433
1.09450075725409	1.43922688794738
0.405172988852141	0.304742372597532
1.69827275383585	3.07501054143143
0.663323637379986	0.7602425358337
1.23588637030277	1.94933132869931
1.31515390684184	2.22443742895631
0.829993251005986	0.832074549496444
1.40280036081715	2.13277890323836
0.475369694610401	0.458251469554761
0.800379234970286	0.8940567240161
1.91104509055127	2.45311536024788
0.858555473674434	0.83174688032671
1.43116493916421	2.33295461360005
1.32594036637025	1.98698122412874
1.36687334739514	1.64830140135045
1.64828096608476	2.08443386190971
0.876836392329715	1.25157488503069
0.901598348588205	1.26942598419317
1.77903990366181	3.73171986792811
0.830371980598512	1.26449633917067
0.558191074036061	0.54544931027397
1.25601572553227	2.19987655335602
1.14668633554293	1.67129971602464
1.24002958861888	1.38036875664024
1.8234209375848	3.37846207349073
1.22053953011543	1.84369761079367
1.04648949241119	1.0600684415176
0.752732087610792	0.952087183728448
1.86747797695074	3.64323067257778
1.5629070510254	2.88850616762268
2.09782479649182	4.91593889065685
0.960018743208514	1.47915788629633
0.817082898438388	0.997352284471376
0.513941616640485	0.563200168862984
1.86198105748662	3.56489113113508
1.04825776653788	1.39994326182823
1.0804937975864	1.46556046419662
0.894458628712894	1.3453421608075
1.84924651571417	4.03637729779457
2.24095513272225	4.49164225853533
1.17939340336658	1.6848028842606
1.06647738593713	1.29955443081903
1.50903020147428	2.86531986503536
1.56649206858113	2.38386807147984
1.45029859596533	2.15423317369015
0.230903884760406	0.160677625248912
0.154937218188884	0.0995844357228249
1.27338310244725	2.18251033815849
0.983269795689543	0.820012107876749
0.56248736624636	0.551226895615501
1.1337723265521	1.45934170411544
1.37894159928605	2.23839160879332
0.928106087627326	1.04830952079072
0.434569873546906	0.517085154792524
1.21242904658886	2.57087689005516
2.73335189393669	6.38195643683772
1.23649263301393	1.94982255843907
0.268288469081665	0.198294913071935
1.63983526895054	2.84909392015012
1.00539351768084	1.28624159883412
1.37459440235117	2.46160139825573
1.41580810529808	2.46327837165379
1.37339665278871	2.30632183297616
1.42212681424874	2.26813379388316
1.45378413646941	2.86565763792325
1.04487413914085	1.17289935496298
2.31575626663177	4.99325180690978
0.624705510574373	0.745909875288875
1.44988975324596	2.01252900039084
1.18165374805643	2.08105647506078
1.56116417723645	2.20625944756366
0.89116439231685	1.0287695657614
1.28913104458157	1.78665121690435
-0.056195258738417	0.0380565026071616
1.6509551779201	2.47264876866324
1.18523720682328	1.43115794664977
0.768610793711717	0.875266104402365
1.78687176551339	2.28982987515344
1.49512954469509	1.54386896100726
1.47721683801674	2.21555136712874
0.893155767953546	1.19446484036669
0.768891109804659	0.905288385365373
1.82688784651229	4.19505683602996
1.46287030107631	2.03883172546522
1.01734894406398	1.12777913488487
1.48684460227973	2.88002275021242
1.91879081603982	4.2024407012026
1.48772521620712	1.99214649980936
1.70568010558001	2.4775837644452
1.45040361183872	2.29389309234565
1.67510538250615	2.59229347020271
1.58690159534232	2.26584121034258
0.280260402213512	0.190282476687387
0.716315444435764	0.773875571908944
1.14944371525691	1.58639652167939
2.87962574291838	5.65100800595455
0.822117661735328	0.823126176341366
1.91883731701323	2.98502922590241
0.90262263134565	0.92430932425138
1.6251289594926	2.809406232878
2.22421368351831	3.96666441016901
0.946318062668668	0.986933496027122
1.77752487584341	3.42627985970511
1.27138959325971	1.74913340339656
0.829071519924716	0.869174140421122
1.08822777302318	1.33771458170169
0.812895391406336	1.08258970029692
1.76898336181018	3.40170035645953
0.984424426734103	1.33439473701701
1.5204994425971	2.57375545062943
0.755985606771865	0.711080065080247
2.06204378322393	1.99678626913909
1.75262390925916	2.85815254770965
0.555964619415441	0.48499178314494
1.44121026804785	1.84478369260727
1.30968743563542	2.17217434290362
0.894782928063305	1.50405208015716
2.21253195065181	3.92207916415738
1.26957039987263	1.96371186728149
1.00527644865592	1.10743405875755
1.46464815874595	1.49679704024654
1.4021466294224	1.61442678238856
0.926122193750584	0.910459016541121
1.547162380932	2.17732559292629
1.17093336147026	0.751491160547042
1.21964197925878	1.2967146011422
1.53947207831465	1.80620440837361
1.1181645109362	1.0975300477121
1.97898388814235	2.96321691925101
1.4621967923963	1.7810569848262
0.95249968065627	0.788980895056882
2.49787405001438	3.7127779399486
1.21162566928221	1.47679419950458
1.39664688419397	1.50613500103178
3.42427807875007	5.25716426401764
2.39656773504064	3.85930791612055
2.46611218381197	3.62757656066258
1.64384485402664	1.57715582509529
1.78190686081345	2.27902473854016
1.10573560432038	0.941120390260172
1.24749458962813	1.07940080152605
1.20536303882531	0.859236805864398
0.685343285724194	0.459996552563373
2.31560131052845	1.88318488720284
0.577126992680556	0.378921954715639
-0.538879005924796	0.256442206761203
0.679308251448021	0.333324299342511
2.12409990432616	1.57747660786942
2.57226532560638	3.41359777030178
1.33207102429986	1.44000800861779
1.70773650271337	1.90153939832422
2.01013169338909	2.75189923480266
1.11164816481635	0.638530582716963
0.38450818490737	0.220047139979523
2.51397617799086	2.24467625615364
0.954212408913342	0.899261505266185
2.35084223750519	3.6338298899891
1.60998757915238	1.80690105617065
0.795454331311506	0.723067793510665
1.37510381717226	1.19609004555906
0.761961542428599	0.607848846105205
1.21474554666207	1.04444491856987
1.88448765329887	1.84917806966532
1.18765436605243	0.841099009967167
0.60903319739523	0.365794266000874
1.09723434755087	0.856267586770281
2.25766378901977	1.50821784445738
0.933422152122035	0.763161170203982
1.20439872023055	1.46223774523306
1.34343552642284	0.958016390459068
1.12370765929884	1.21850175098623
2.36219184483444	3.65794594639225
2.34879034595162	2.70490081232868
1.58811574384037	1.7625098317389
2.26416748643345	3.29625514935743
0.804509038816187	0.447704894534689
1.33906133860921	0.784854261938351
0.951793584084661	0.539160248625698
1.3862775144629	1.58392062599767
1.36709694303022	1.29286887403162
1.66349373091372	2.5054232195688
1.26024374356071	1.33166661869665
1.54164911271206	2.32169106031177
0.658033627757659	0.596644061490241
1.05874964834511	0.81451457918306
1.36453180908954	1.64171686577224
2.08819321208334	3.40805870241227
1.16507858507697	1.28320396034029
-0.0504771620594487	0.0273306315952044
1.53605891872607	1.34884450251798
0.5531251749717	0.439912879213975
2.07936096009679	2.67834265049768
0.956726997455581	1.07942975580975
1.55769849827213	2.20022282404827
0.246762634275479	0.164955443674875
1.36371361177355	1.3937816996887
3.25001628398567	5.74706866342612
2.90058799476309	5.73215573522568
0.851168755622807	0.641780421068149
2.10147338176324	4.14235972606464
1.56824023030491	2.04947178062344
0.712657420736247	0.657168690516691
2.16334645017028	3.30172305025231
1.57211600067651	1.26789123967902
1.35826675454108	1.62824941113501
1.49293338652237	2.00161953648936
2.30020168334577	1.8620501455493
1.13088728011604	0.715900046571693
1.52361471227129	1.21042467846641
2.81403102991973	5.31284574098539
1.79855978186133	1.46945571807082
1.45161847489078	1.86152889340058
1.38592427739965	1.21044764431988
1.55763257351625	3.05927225065064
0.457064157909166	0.382641173499244
1.42535059396721	1.8110581167695
0.252849508909517	0.151111201906675
1.19720178567559	1.1047377660858
1.07738331262176	0.979749142488797
0.95692270949641	0.787608808194632
1.56521826464004	1.73669139862739
1.01383625905268	1.12204571112111
0.440331118503045	0.318391393151312
1.03702408710333	1.29744465604689
0.517203197699761	0.460269535999732
0.0835741495610801	0.0406597408642053
0.7368166833527	0.619862654149242
1.57127237411934	1.26228340084575
1.76599832368255	3.38618762657024
1.97785871062999	2.08016546512732
0.367246051268326	0.209345339739683
0.581104133842492	0.410135715435402
1.24723291854439	1.39249432793143
1.31992526304818	1.85040705010626
1.60926419242979	2.37727811920639
1.12078660434648	1.52525771039014
1.24478850510932	1.38607326337124
-0.791034326227219	0.447680122056904
1.02412677100564	1.18965938049049
0.129585016608464	0.0782801140560545
0.772056513215737	0.694881734313931
1.81217495701963	1.90744388227893
1.15670693395294	1.69411743864805
0.87490225933534	0.762112191375437
1.15628374366258	1.53871970887201
0.957882847628097	1.45600156881523
0.535696037344435	0.517638649176793
1.08428609051595	1.5546746029293
1.17763701458817	1.95219569480612
1.1165632625489	1.85004446404209
1.14329687303166	1.57342027278859
2.0102735667848	2.75152388324265
1.94039393867653	3.72001502095802
2.11956894947273	4.27368208645427
2.33346573231668	5.59442649759165
1.44808432716062	2.00801316555981
1.08371565363792	1.27433363160353
1.38882117063289	1.68759733507886
1.6262275034728	2.58875646013633
1.56841079804951	2.80143837442015
0.34311926851532	0.262866634645004
1.22605987808135	0.966039145618655
2.16638323378235	4.16047943661055
1.1926076994248	1.44250088083396
2.06557293880951	1.99468404784359
1.08477764890566	1.27520835823077
1.22556671143067	1.61372488038984
1.58022531352467	2.41362731320771
1.97439767652136	2.94577014901105
1.63065374196717	2.24236506086165
2.20841784441597	3.92453231416828
1.98493111459581	3.86598305702672
1.08264644431013	1.27363974330322
2.04201165926291	2.82956065922507
1.75847210304832	2.87033890308142
1.43638416036974	2.52200201051406
0.317062109471999	0.178499443142282
1.09177782024764	1.06512161350959
0.76070967737791	0.748420572419562
1.54579556843393	2.33435348087946
1.76171233228882	2.673484123752
0.448938551979451	0.4026134372932
1.5269875560769	1.96471857674607
1.84771440265122	2.74141324818644
2.19111690612648	4.23138170874642
1.8990682188472	2.93321765698508
0.887007403480968	1.02276264459819
1.52717056166667	2.59161792424255
1.3961808196617	1.98540387074699
1.01749308183938	1.30874100308694
0.598300083103505	0.780299581176231
0.483958425906251	0.49665431333489
1.91859987152241	2.47193130065911
1.15228071506294	1.43210684441352
-0.201837259706325	0.153767860365025
0.932210632708573	0.646286374371757
1.8332388148154	2.46427782890077
2.58580562379135	4.16780195559426
2.77236779309947	5.87877087203363
1.91643053301305	3.35810057155164
0.28899215553749	0.231412761227262
1.27747115783517	1.64600345440427
0.809678206661432	1.06493545399937
1.74543878705462	3.37867510135251
1.50608819165033	1.56559020950846
0.290040246169494	0.233194945689556
0.856421675127415	1.06676861449489
1.76799505649345	2.96116640892822
0.552927188296212	0.43978877401236
0.826113436897015	0.865190436241347
0.523294462577249	0.615817253115402
0.804886804655602	1.0374638375057
1.91781570492803	3.93272143738526
0.41639557626175	0.420858461009113
0.64215527885008	0.65140107665904
0.944867452966586	1.17367822181031
2.23893561054812	5.00148532055379
1.66108785724366	3.551090581367
0.899258122559759	1.10715680007591
1.97760077541751	3.8476729572942
1.43665050301082	2.56106409212824
1.1651011436454	1.97849289855593
1.63243367893106	3.04369117287461
1.2374881061739	1.7468259533762
1.18007525702452	1.35050649217213
0.882107610292068	1.20707804263135
0.799175183481334	0.94529192150028
0.780701774619442	0.992649257882091
1.45958450287033	2.53941414199534
1.34417496673264	2.07244338704216
0.375118702376671	0.290853893134417
2.46878854901529	4.17331187995776
3.38908059066872	8.04870381058799
1.03355577228098	1.59211044875919
0.921758585177387	1.18707502929031
1.74840608475126	3.09682651539757
1.38939303942485	2.05223473068525
0.907824970036462	0.898488479482498
1.69314000944843	2.63834881924845
0.758466526001866	0.777842794160867
0.761486572935675	0.68195696598801
1.11595583196331	1.42407031925101
1.09818654134868	1.35689547128895
0.852803222634337	0.73818989193845
0.637705163054026	0.704494045475796
1.67380686562231	2.59325755521541
1.22816335620323	1.05439852094629
1.30790692971722	1.48851050834229
1.01063503201307	1.372479033482
1.95193711488448	3.76488336201173
0.800933156010852	0.895132753137212
1.01044876060367	1.20118679303166
0.910535750877898	1.04834844991724
0.944429808177005	1.21584940862546
1.93689534774645	3.71632607948695
0.947087408155241	1.10943845355218
0.703385231897397	1.04388682166086
0.843319505505982	1.09834585654188
0.115509873154024	0.102884078115057
1.18320055258713	1.31419765651189
1.05987229985037	1.33986433305377
0.549513998564749	0.456939535796259
1.32290488710065	1.97745246965223
1.25253216524532	1.08609818237901
1.19555249809792	1.72022620704199
1.11008909332511	1.47068811630712
0.863872338093593	0.797608043694956
1.12512172750811	1.79000781605535
0.626486508750933	0.630493330437194
0.75284341883734	1.0478743023978
0.86693057636477	1.08520523605161
1.62773923120635	1.70089733745528
1.98158345688646	2.96052969483885
1.75724835399849	2.9274705981524
-0.143163909706064	0.0872141118865745
0.549533384968327	0.477801713392006
1.58817255208981	2.80885849214546
2.09467408806443	4.5225960096318
0.518306403455088	0.512089038265184
0.975832884786169	1.62396849721043
0.879776502014886	1.16703821863932
1.27025767574178	2.4604990563607
1.08848721171368	1.51324767678996
1.53673178434195	2.41371726441812
0.781425628576574	1.23688973938488
1.43978021569331	2.89647474995046
1.63834588605978	3.00583952742169
1.26637843066283	2.26142074001432
1.89298665367733	4.67431513868875
1.03918276080641	1.88084636845604
0.912664867755808	1.46243675692115
1.69286619263767	2.03321588715106
1.13046469632713	1.72146294079136
0.379646638261602	0.379337744767484
0.386254037084226	0.514775354945983
0.945338553270514	1.50729250551312
0.55184891492879	0.555901775975418
1.04194228755867	1.46532920647922
1.93492330849719	2.76567034701308
0.957521487232743	1.30851364725335
0.504242248011019	0.482150564629638
1.32393611353611	2.09779416944914
0.84358346316681	1.07765220315071
1.10069887783972	1.45143230919877
0.419141199413705	0.427195168093161
1.28317181409864	2.13829074278684
2.48351711507508	3.66508742469908
0.897559988722142	1.14228590285961
0.443966517296448	0.447652499529658
1.76923294975942	3.02204160795347
1.15357737457895	1.33132172214167
1.16525093778596	1.97829469485489
1.30998132888367	2.4871576832511
1.7297488383433	3.50235577439614
1.31125275471001	1.99270777010854
1.11741818165097	1.77272809205572
1.67343657653297	2.40403002513983
0.778562396715507	0.910975751699202
0.413009363172264	0.352895873663279
0.91076902146783	1.12733381381862
0.831416405972566	0.967107643569626
1.56165420857216	3.6178690982896
1.77385777474707	2.97370035446941
0.351415895754444	0.361031151802677
0.836247864282201	0.763096272412025
0.923314677307694	0.952869971105219
0.119785694720843	0.0845109561116596
0.67804721612405	0.743235728002702
1.09225640402481	1.6023027552684
0.806021267457874	0.836318100968565
0.905207344987171	1.27528008615655
1.44111151562599	2.13417658255159
1.87810654786451	3.61535563144546
0.708637808877512	0.831093150379308
0.109481050606985	0.0793622257004785
0.349232587373128	0.268417185883696
1.43327054625935	2.67789531027554
1.16163009318369	1.51408303108573
-0.135187533370948	0.11454526676726
0.260353132237516	0.218810012724912
0.11320191429085	0.079678181752326
0.592876244945842	0.688932471048915
0.467587452768413	0.475405897412876
1.69813977463327	2.2502896618254
0.658230129424766	0.570796242295154
0.945227424848815	0.937464434532575
0.422045972389685	0.460392303270348
1.30986215641887	1.62714760619887
1.43640097303073	1.97966111411922
1.22657988639773	1.61556209928023
0.418462030396753	0.370931617354447
1.41178644739047	2.80407387884066
0.553097775333112	0.744768877725531
1.10717083634937	1.31460500006058
1.09322118544242	1.2911941527646
0.966963420452764	1.0498693601964
1.78316272111991	4.07205124572466
2.15340632647634	4.47309397293753
-0.0510801882501199	0.0410645048849172
0.673156481292523	0.449181176040314
1.57476504355959	2.77516093950067
0.759243681821265	0.860130390159316
1.44066174026099	2.27026989379143
1.11752542422792	1.69134682417666
1.41195675953761	2.73254794591543
1.5352194739947	2.46387225786422
2.09130784507655	3.40967877333824
0.303841253100649	0.2377407404108
0.581547169723414	0.571064316644793
0.804830525358426	0.955843141462063
1.26346276674547	1.4156698072998
0.343384067551114	0.263153231375884
0.807213335659956	0.871188069149403
1.41677738403547	1.93940375949216
0.734982812903734	0.715608645082717
1.76660265214523	2.68633495719536
1.39407109623479	1.84454228037655
0.763005149361392	0.942596164378015
1.52112257795117	2.06207495853439
0.305086066238436	0.197971642714405
1.87955535273458	3.40933525931108
1.45511564754733	2.35089841748332
1.41136363391164	1.87466178624732
1.63209771111937	2.60329173388505
1.32868987839463	1.79320521299214
1.29068656290036	1.79107219345464
0.317413389059405	0.283228372615799
0.429121623202296	0.369812230865031
0.43292010393907	0.373935171395939
0.949397822369475	1.31319274595083
1.13815885010332	1.82433358802869
0.887713358016688	0.944991074082559
0.102236088513225	0.0574363048711299
0.679894055256686	0.594705441274925
1.11012312178819	1.26090725165492
1.89089026013574	2.91659708507236
0.574180952775981	0.50547496352385
0.747098460840936	0.630193338947435
0.446772637553384	0.436215255989832
1.20840712725273	1.46916386297557
1.93303517781272	2.49852730504486
0.941776069347128	1.14291187946562
1.70672425599516	2.86047958487599
1.17750461605611	1.23181730426716
0.921452559059369	1.10720877801093
1.43037091885621	2.37716116273095
0.670312517579008	0.689043447927861
0.528891050576751	0.415618681856659
2.99117091328434	4.40797054078292
0.535283640820585	0.481576420601033
0.420095844839006	0.383063695121888
0.722149661465418	0.727754734577863
0.49210061490599	0.401895589859297
1.3100720317445	2.16774516442551
0.621131748530339	0.701122167682232
1.06490656840833	1.14792729412905
0.976795869132039	1.38821948450337
0.854670875268536	0.969810489027496
1.20725583116069	1.11833378885029
1.70721853127959	2.27996926060192
0.477041507681623	0.419141381579365
1.46326822211949	2.0904251666004
1.90807253882243	2.96264118917693
0.280214512592248	0.251557961585681
0.985457182216869	0.937836536351237
0.469831757623098	0.362316034955025
1.35632594808035	2.22073439834191
0.922606459709834	1.48793911366373
0.464347977313139	0.544333087670007
-0.790191187898769	0.974402779058649
0.734719928876607	0.773681247070605
0.975589078358437	0.924684424841605
1.1210142337254	1.52593312982218
0.886683050553943	1.14488072134473
0.532008095487721	0.619612428693314
0.968255367652209	1.0193284054258
0.841950389152412	1.05202180935855
0.675060146100152	0.785485097846531
0.728960186689826	0.757926200561172
1.39781253183377	1.84527614973431
1.68015950968664	2.60535368036656
1.16512209274926	1.28291117258867
0.65508943410299	0.644550604572717
1.63229562963057	1.70132703060678
0.765188948195829	0.648949791826961
1.85818273388747	3.06250341588111
0.477929420814693	0.404234026256707
0.538162479452181	0.484718089903814
1.33661040432869	1.35016939832115
2.06190979793764	3.94793509807579
0.982287146367481	1.12182781557168
1.2654944465131	1.693077405176
1.08014559003301	1.41109224661661
1.23039554414353	1.62447852382897
0.750421027780503	0.668257684285114
0.616955783069977	0.638829742353707
0.705711803681324	0.732294976898802
0.417347569720751	0.391658176017348
0.296180645277884	0.166052447804217
-0.236146391331913	0.153968424931405
0.601469028789447	0.458095167471517
0.982884966263478	0.934292539855192
1.12025922475268	0.958488310255186
0.451193600868513	0.285588265316003
-0.617968835414933	0.534641314877279
0.762426097100102	0.647486096284812
1.23239854944552	0.97380020219073
1.98126823500364	2.07801339885707
0.589304843269843	0.543926721615404
2.0306933398699	2.48723113804406
0.802306582997674	1.08148088033453
1.0418395187215	1.38650079331965
0.967131029882974	1.28299753251915
1.91604459383365	2.17859026464363
1.81736531704302	3.67720229727982
1.98624620451808	3.56043499368495
0.487823957557362	0.502044336998081
0.567605804069373	0.476110846508955
0.138933834869343	0.116475339379308
-0.203657785411646	0.183907849953557
0.451865059408083	0.490861572518337
-0.00652228679147985	0.00359992744788107
0.204947752497848	0.162077879224342
0.290934711559501	0.248250136470426
0.368927047884622	0.414972350288097
0.59895579356443	0.716712016758472
0.71608732896025	0.767239902437446
1.17893288612139	1.77763127384323
-0.204537782476621	0.186478820379259
1.05315627064892	1.53662125941684
1.04990396510657	1.48195485900662
0.486514751154205	0.514133889074091
-0.00143536690303273	0.0013755242975074
1.79742889203802	3.55158232416574
-0.123366319611939	0.102317430530917
0.253759169410306	0.245257782676704
1.16815728810586	2.1009875321241
0.756152288423532	0.855451521454039
0.807907812969954	0.9063733565918
0.440636717833055	0.466850118480926
-0.31787785954774	0.295665259528867
1.34372934777133	2.83164951440145
0.839887656566982	1.3495650329873
0.855940460470156	1.29165611164939
1.23421806363724	1.15428293848355
0.742147704276538	0.861064408564874
2.07489446116929	5.23650416123613
1.08950902849764	1.92705685687577
0.965619405586061	1.3907636805917
0.642521969134633	0.579413968235971
2.19036410342194	3.7841639939358
0.0762633047558657	0.0541538266215806
0.0760560524913005	0.0623623784542221
1.20074498762276	2.04749719484475
0.574925277054859	0.636702894556904
0.865676702862195	1.34990577805549
1.24643614511621	1.76411425547689
1.74210063099662	2.41959084013701
1.02644205610355	1.92833527971464
-0.179665942716502	0.175620931171523
0.896827458722112	1.36958582587713
1.27509864831771	1.6824088276723
0.908243910781351	1.01694998497682
0.522056735583058	0.574832331465337
0.885496010158851	1.32468492994499
1.25060403169211	2.05379467527283
0.630184955409041	0.768829461918272
0.16679598756096	0.135947820085534
1.45347937399988	2.77914165738625
0.716615588577422	0.720659912088161
0.917799052234641	1.20503046384
2.18645754345036	2.29449992696123
1.04490454120534	1.05855496423336
0.868839280607475	1.08998029274674
0.479550866451986	0.422123619823692
0.617660952328902	0.47092999211759
0.272845478115284	0.217278057025184
1.08398410899186	1.50376165528887
0.191519451372312	0.150025276527336
0.243114878190157	0.20754557294558
0.887508184133449	1.15987719181237
0.968989470494415	1.14594398725407
0.445290302960433	0.355429633352803
-0.0592534033963764	0.0506502455391672
1.00849170868004	1.36741507718679
0.456701415108533	0.366620994454571
0.400375263906876	0.449152791436782
0.0677568004189117	0.0685765133643283
0.232472593174028	0.254012689286715
-0.248038547561248	0.162464042371384
1.36377437238822	1.99513540778028
-0.323706483495608	0.174947984330506
0.700497958888191	0.867719342506372
1.04341380860183	1.25929249974527
0.962806240218845	1.2492816825796
-0.594395468993131	0.474476666417107
0.772694655486954	0.851420886007145
-0.429599403858204	0.356651419510682
0.712922386417487	0.715288451364588
1.19076137056034	1.95597972892592
0.621575947956692	0.810681104224705
-0.262238405729858	0.202953452682845
0.827282272877167	1.0789675688218
0.897342251707679	1.35189246068681
1.78007491035708	3.49401606818683
0.613808885071168	0.675404799282798
1.27655060966316	1.43833086855045
0.65986895602002	0.59990932181258
1.27560557792211	1.43333935546301
0.985354413101869	1.56310853921617
0.680375708215644	1.03685382001957
1.17010593747565	1.62884920671376
0.748432740833583	0.763741079896273
1.40377266257938	1.61568867856593
0.720415505118545	0.600628056982571
0.546952555299226	0.495014602377796
1.59727680620001	1.98461156393734
0.889837447236742	0.82972213813833
1.67599052589664	2.83279129174084
1.09153306874789	1.28739247127116
0.997139077047588	0.89541791921023
0.760318540029837	0.645858091196549
1.30756473639372	2.05645805521661
0.392993696801162	0.279848843514915
0.825128096149218	0.567044242422921
1.17957417037229	1.48524710540433
0.598488959282208	0.593375235057127
0.74040511227871	0.885190591114532
1.94371545660089	3.79763107167996
-0.0494394841904099	0.0333430926541664
1.28165816885686	1.65217027911242
1.51882782807696	2.37023571465847
0.911688321407143	1.12953642030384
0.486177623201336	0.460014997110625
0.990221303763373	1.13357020258691
0.853451599786764	0.865520129379413
0.550619123913756	0.499293144956072
1.21795783642132	1.12496805905529
0.956421450069052	1.21093428719493
0.763486146020144	0.837552881080265
0.612235566394369	0.652768473200557
1.15373655419489	1.59327017992024
0.74259376795259	0.805944017885848
0.849537092926875	0.780267253486982
0.877618829697172	0.719590043465062
0.568729587783027	0.372038416530106
1.55014622394379	2.34632975262535
-0.289522173347131	0.154455417540657
1.23981805089371	0.8908099144164
1.4134608398588	1.88245841072042
0.458628104492485	0.413303721637811
0.998971334185358	0.956921799191169
1.78669447574868	2.52259389778671
1.23341219993202	1.84146389651213
0.40757294444938	0.321200897632441
0.153045999373154	0.0826659710917949
1.82134168344436	3.16557203579201
1.23475321932815	1.8790689954398
1.63293340408098	2.66256762669098
1.38437940470634	2.08779662285188
0.755206943294607	0.74152853768619
1.1711875949734	1.40469823516458
0.724483162048642	0.813868896741602
1.32231720304952	2.02008962256476
0.854629258394229	0.906414430003572
0.749965381021369	0.81743757707562
1.30946990613496	1.87002613004925
1.20433193903945	1.7752286557386
0.703378251658423	0.70252635876748
0.484636066802499	0.547757926306094
0.355819157716685	0.33408454967388
0.469310313824617	0.410558164497288
1.66251548314805	3.13384190999713
0.825588538012392	1.02248706678589
2.87154002941555	6.56850243067605
1.04731234050215	1.55170733365412
1.23521966210146	1.44589904370467
1.7599031169568	2.87478216580238
1.34867633878807	1.37000605209869
1.32573497402721	2.13876274326447
1.2748681016606	2.01414522380583
1.20180313994325	1.66826790673216
0.859052824763487	0.874197405789927
1.63085408767951	2.24159889068458
1.36872113241471	2.05160878881269
1.68754613203374	2.01833775859849
1.42923151315276	2.05834997183151
1.6621597568866	2.9665202993056
1.4597292140884	1.60548925384912
0.840658466699985	0.631173708964883
1.21363246524615	1.6959352282839
1.23755156493242	1.67923985268771
1.71922070029769	2.29930473664763
0.792960886157602	0.783096868291761
2.03591773736778	3.1812165441232
1.2077816507784	1.46808892228201
1.08594561789358	1.47648201503561
1.47882528629879	1.81213702772365
0.477412777414243	0.477694420961101
1.07554165828706	1.6158131631108
2.2461730356897	3.61162400923426
1.24314373102567	1.1660503407844
1.03967360361385	1.35226975564263
0.887350088709085	1.25983644204515
2.29822949693672	3.84836504440218
1.52604052870249	1.78829373171433
1.50442363799894	1.92137737521432
1.17350320445467	1.22701988512336
0.375337641123947	0.326353983826765
0.527537134112657	0.540261017639879
0.100828644230569	0.0704163945804922
0.317328158915055	0.24953358987969
0.478605618433797	0.516313965606571
1.20893693736828	1.47163091719889
1.13077872665645	1.22947919069006
0.128002307762879	0.0724735050881795
1.52824037123245	1.21432111302468
0.482205645019064	0.40890050971407
0.337874079233403	0.207625750528661
1.86578509869267	2.27223324436713
1.36164918577917	1.63790382832104
1.12633414999803	1.6256177453519
1.41509004692723	1.63989363985039
0.962694902020014	1.13578152533595
0.443808384110123	0.319372261727998
0.742021400444633	0.659808021891946
0.869132012765003	0.758204092074985
1.08100163320186	1.78120626633798
0.801006049989462	1.02987170120385
1.16623946721186	1.55995942024588
1.21101594343907	1.68792324659766
1.30933438475052	2.24272969647038
0.545879566134748	0.408799951795455
0.875960718930941	1.16034012703694
0.317876999258214	0.298606600486241
0.943003469653204	0.934284257713834
0.522066872982077	0.642521001982707
1.26750348000717	1.62397082165919
0.755845011814899	0.742024187304771
1.19970624001744	1.52209812106814
0.851353465383291	1.29775890954106
1.67034911303296	3.63137272758474
0.822942844688237	1.07130590034232
1.04375117726078	1.54465989031288
0.0915097881292465	0.0595171227180573
0.752647470004987	0.924677812929149
1.24428324482721	2.29271266694477
0.62101852442173	0.746526410065047
1.01317972928978	1.07169427358172
1.3070043561544	1.86670850947939
1.22010911920397	1.60230142387125
1.45987109043358	2.17913290715218
0.707269290974427	0.830627013195875
1.40426477614737	2.26450611503841
1.0695288609009	1.30348846127296
0.707870014493294	0.762512934001541
2.07874523407664	3.65232934499021
0.764579548262408	0.839062874456882
0.768206779258314	0.844782211184902
1.59875603586062	2.10834118721743
1.78922859404214	3.27825547450813
1.6044906145245	2.53564613850636
1.31263213497411	1.88036133780536
1.07734004336533	1.3178522128393
1.3730207069899	2.01648098766969
1.21168149837527	1.65162483713323
2.18952061336993	3.0306052963722
1.64359499236758	2.6928931127263
0.648039955931567	0.832961814812306
1.41440244869007	2.37176426755579
0.497618508887058	0.50392656023871
0.64144269838825	0.578280422245581
1.37890501157691	1.66626796573679
0.439645052295154	0.366571056490583
0.959937578078764	1.15879797288558
0.859630366456515	1.04949753720692
0.841878112614694	0.983927189241511
0.200414432955926	0.153172747699652
0.151252988948775	0.118753970704039
1.22550783491731	1.92002766762712
1.29187785536157	1.67310021867613
0.577069169697227	0.508750720751194
0.978307006775099	1.37400327312555
0.5389761083428	0.446925687176646
0.788735512351313	0.537045108809393
0.223529833896559	0.140508086418721
1.28349171357292	2.03295500440037
0.806527802671948	0.802058036488265
1.32261693516709	1.77929462804422
1.19806235302696	1.82088064975121
0.486537647598274	0.514369284015156
0.638164244933741	0.520330326921463
1.37273525578979	1.56568968316359
1.24620221281806	2.26303681995841
1.13468766329441	1.46207493580151
0.63226574298599	0.718277611555517
0.391529432925026	0.292924852216851
1.29189903763223	1.6716308113488
1.54960318435579	1.82636326072517
1.36593845654177	1.5491139000373
2.34955360611955	3.62854485200088
0.414944451857484	0.328305366102765
0.772231934357337	0.977072748141021
1.37579725594331	1.20063539748723
0.977884187236357	1.27827037979367
1.13549785602866	1.23835354763538
0.171917953064905	0.129436243952071
1.29903600725583	1.80469312198655
1.2795160810508	1.87987319676918
0.631078244812731	0.716119016102465
-0.133869285606881	0.0890341994242268
-0.450744855923993	0.20242621954687
0.835492219365786	0.802703573386451
2.31338967881622	4.4189096697775
0.659940522427535	0.739493734689052
2.66100654717208	4.49468763261358
0.433430620868552	0.294451969240274
-0.0641136916299009	0.0400091015539308
0.0226143886318417	0.0133267883026129
1.22805787438857	1.43242413270734
0.973945975647332	0.810367248630799
1.07945128282814	1.10964483892129
0.315630796235775	0.24790570468996
1.46966738291603	1.79642771823665
0.105044263856186	0.063033285305122
1.34903616094051	1.37425527780014
1.60135971870527	1.78982137245402
0.823292621351441	0.61240304912742
1.58145024629701	1.75899105527908
2.22666642371463	3.56165599799977
1.1672776917918	1.56072852877178
1.55863532920454	1.84682655276364
1.11089504576698	1.08900184460911
2.47029629940901	3.62573390448041
0.737950871968828	0.826623904713126
1.74540513337049	2.42957227449241
0.523890842537799	0.577346082118261
1.49962778542701	2.4691374704223
1.40099127806221	2.12846988372723
1.80612659561957	2.7863392735124
1.07516970552919	0.902183016712381
0.540890403595097	0.351025283898612
1.85541515718198	3.05509090867832
1.58986011073665	2.27116920741516
0.869662937675418	0.709404407590204
1.83138769664688	2.20937209168923
1.74677678432903	2.6407109297004
0.172745461216323	0.100203962666402
1.16328908659443	1.21121648822976
0.518455068811208	0.361415490174792
0.797526839506632	0.544634398420238
0.610600137032344	0.436170010319468
0.679286212461427	0.650205058190056
0.0887043469791296	0.0551367627105803
1.05728991406827	1.2835112295981
0.821547036613308	1.01640063078943
0.765383721232069	0.514887447171927
1.57278881566977	2.39833926333084
0.511784062176335	0.491359630758304
1.07138252337139	0.754949658193457
1.36449618391857	0.977656008672655
-0.0629113984008075	0.0379920072769283
1.55675223153667	1.71640938745688
1.11577286706276	1.45948748571515
0.944551630936854	0.982792786545077
0.966923275045302	1.25778605015584
0.87032247514171	1.03130246801855
1.49335380028994	2.25675640164034
0.500649492585368	0.50819360998928
1.74218893451496	1.96428313479895
0.00177341642702112	0.000468131495529092
1.20973118079444	1.8508499146127
0.404617787486578	0.367677725454965
1.4376187981357	2.52313612241
1.6852763318266	2.42264773912853
2.11267259226872	2.42104013868922
1.06803003994959	1.24813230347522
1.96694426270684	3.18433526839281
1.51185385258734	2.95247204364593
1.01140035045062	1.62760459148368
0.812628766299774	1.0209811729205
1.11110929803317	0.870686933732269
2.02971888554996	3.51302485226006
1.5343281990554	2.25355313511861
1.15032676536343	1.43152197400186
1.22700429191113	1.14239153208449
0.936359047324845	0.970305311449343
0.564669936156907	0.585968640748414
1.34201001629964	2.29874975198812
-0.0125094185228387	0.00832984711732098
0.858508963393439	1.07101784430554
1.290028876015	1.59221258980553
0.946510078861123	0.88756372529048
1.63937232205185	2.26127255658978
0.60442744098937	0.516093873409117
1.70768600780122	2.48075128998942
1.59016950105849	2.2746991258936
0.96920601699628	1.10098184187308
0.844579911608584	1.04526941530561
1.15444760463168	1.43755344628823
2.20306069215508	2.32705398764633
0.397929196248269	0.33729048017137
0.785901304278329	1.00226320859895
0.85507312846198	0.867665499211321
2.036662709702	3.46102106731239
1.44312846662493	2.04759478754418
0.979682431193237	1.1937169637262
0.831551961458225	1.08707713684131
1.31605073519059	1.88627079633103
0.71120749310277	0.837213949238164
0.494918825869503	0.470323286675511
0.709670965863756	0.738620609437343
0.776169199222261	0.663457653964065
1.13807397406308	1.4672352973627
1.2197692221444	1.21726214565044
0.283403845361959	0.144054907965973
0.724602745543761	0.702289306330817
1.09248627118798	1.12831724798884
-0.319682090143028	0.247527697619172
1.08174894811475	1.32663001244088
1.67455556114628	2.2112965354449
0.494262188523889	0.289108257037979
0.664320203442324	0.705691345552059
1.19762002728673	1.45149430624094
0.634524299669202	0.640794326685514
1.13735073086009	1.30421204707386
0.691359333268407	0.63738317173302
1.36049823392211	2.19201611114745
0.289657024017571	0.224940331977973
1.4384547166217	2.56707583528727
0.752619483046932	1.03744075514659
1.32431507048452	1.42739220004891
0.701736325345884	0.804293569895711
0.140679516139103	0.112752449162368
0.22654762522778	0.205013739033174
0.912094220573345	0.981282186455094
1.08642672363314	1.33438675267337
1.19528460526792	1.17795313415754
1.25331205758076	2.02637500247957
0.376865232080713	0.315683141979392
1.06760995787214	1.79625978049169
1.08597587624471	1.79568203831775
1.39329873816463	2.67170429216475
0.8954205152164	1.13853346915646
1.82105890357689	2.66339134568057
1.41637769237738	1.79796560947627
1.40002033889049	1.99142112102921
0.469957103242848	0.362307985428871
0.722023516647307	0.897131670959668
1.05413527759027	1.27744863408594
0.749942069220666	0.701297143538712
1.84889669300378	2.24613159672944
1.48324263467265	2.42595582577554
0.752579408171344	0.738374794740389
1.48704744771406	2.66275464643039
1.27952517344527	1.64792039013674
1.33586251353928	2.09170288166602
1.1678968973353	1.46382732962263
-0.13221335382003	0.114197105940845
0.263548834594066	0.201723711145216
0.928816823268207	1.47940054230125
1.77438955443203	2.97480977601255
1.08109222254569	1.32440697965042
1.83791988180732	2.71447946091342
1.02981601628299	1.51266216217681
0.656706353408959	0.88226679971828
1.6132769336621	2.01197172102237
0.783687483951428	1.09907954302096
0.844299255370398	0.926528572290935
1.50026556277572	2.61433062494513
0.428124339233093	0.381822617126774
-0.0906148507689414	0.0685154356274746
0.783420198063408	0.949817130494732
-0.255197884366174	0.210090917793709
1.05435595758935	1.22375689851812
0.568491307633262	0.371589007594477
0.0621160258597554	0.0394031069757259
0.117549101186382	0.0773652585488685
-0.00455274556436959	0.00212441592543973
1.73573830536953	3.05952275028074
1.08888569579988	0.989616509319862
1.12333054755245	1.27941977442408
1.60167896917582	2.9019908949896
0.797250487921275	0.789351506176262
1.65737899453677	1.58601055211505
0.692869897191035	0.660866191778426
0.594114668289032	0.678509117026482
0.358940032224903	0.299075604025283
1.640290799411	1.71292524278236
-0.38931561223705	0.373460822145922
0.36932540919931	0.309527695517168
0.0992734673580642	0.0716000892721873
0.63901789501367	0.769997780558958
0.712832034403868	0.769487101588484
0.697685038214127	0.773051660756973
0.16371273434311	0.11878129561316
1.03947269809674	1.30179659830373
1.28555230482381	2.31453617410492
1.84499534637266	4.88999090416915
1.2103578158776	1.85033474407474
1.47736641408253	2.4095779942356
0.297975780982485	0.239948046796511
0.450814399842713	0.531563052605484
0.65561509516002	0.811664781374655
1.34325065393917	2.48321208825111
0.948580220491599	1.11098122018217
0.671047670337115	0.612653590393422
0.61233961285936	0.632484949497885
0.355370479775335	0.295344818460198
0.614274839162958	0.690350278964733
0.755776970263504	0.825659668311053
0.662639931676675	0.629659111767154
-0.0643394067354063	0.0501488153899915
0.192433769422238	0.155313499035964
0.859752958195191	1.01406801823026
0.284707309172873	0.235639443932557
1.37502873247219	1.93957985030309
1.11858228875755	1.43003167594193
1.0472736880705	1.3166593490702
1.48509713858847	2.91695881252628
0.709477812364719	0.90664792119851
0.405067885550181	0.344591814313758
1.26553981019592	2.05836762258772
1.08068070558122	1.26835618782366
1.74510950353257	2.89259639540499
0.743778144574226	1.1230222933091
0.999646667570851	1.68506246228886
0.849747199022733	1.2466574199515
1.16718239930766	1.62254005058993
1.22231538054637	2.0092701377304
1.0735658252124	1.25706899455575
0.480763520322847	0.557851786782297
0.733235649338189	1.08583681660574
0.915890610060042	1.02922831588992
-0.225273738077313	0.215491784626499
0.0335188827798755	0.0302762229095786
-0.19424483201456	0.177720405635221
0.765666514550351	0.722694625922606
1.78521248699765	2.28647121669676
0.556661304346517	0.4196392877251
0.926678925193932	0.957519411236951
-0.0321531684253116	0.0187029126923682
0.0836924190757996	0.0500709925592426
1.35475932450425	2.37089638399983
-0.315668662324361	0.311353652075798
-0.364344428807772	0.278800337395269
0.0817640334229657	0.071125559029643
0.698281577465321	0.722211835140403
0.0588559742461647	0.0458195811801578
2.02161530927704	2.78322155247557
0.322870491436861	0.288938682338851
0.832356754254299	0.969319587525418
0.814377594073417	1.105332898648
1.15348928198623	1.68375793583515
1.33682759857059	1.59251914232291
-0.0105941489463253	0.00642869288743894
1.61450056200099	2.382178698091
0.432493264809948	0.311716031077214
0.229608327223726	0.14452510523438
1.81147245518406	3.08006277702691
0.231198680283055	0.180023695446803
0.571972142170446	0.649607891704649
0.55419679060048	0.440735584573597
0.613169185008936	0.439133642306219
0.733180965325034	0.890263086362358
0.293007449834214	0.209967970858106
0.710431115851017	0.623646902464483
0.0157926308605833	0.00788717395882143
2.0138451329819	2.45686978868586
1.17326360673958	1.73102767145951
0.571697600118754	0.457711425021566
0.307989607828032	0.200366649941655
1.21460689631481	1.69707646683745
0.793830691671723	0.997193625222314
-0.225225858676858	0.162701562725712
0.757048196874305	0.743676539378331
1.73115490793958	2.17494006480158
0.662490994414844	0.54574925927615
0.680238147719357	0.770295002301891
0.82184444793764	0.784095203137935
0.803789314569032	0.866903448505985
-0.479989109669774	0.350916861646398
1.07239550390257	1.25493280931994
0.801214425507289	0.927486014108804
1.98261104922076	2.39998862465276
0.686342850974925	0.602209747828864
1.15599970715935	1.20055963943323
0.724513109761248	0.639641232710949
0.98227233014395	1.46681424686148
0.929135659544648	1.00671467674502
0.607440262628089	0.605122386238219
0.920951994170094	0.950771449339943
1.41259703248871	1.63154236589478
1.10357333891795	1.40189847782997
0.522637903745769	0.643639258511843
0.0213627144121034	0.0134932980947746
0.52846724853556	0.508705841474621
1.41062888264729	1.63141053107184
1.12394033697431	0.959030305127575
0.229651326791208	0.159766890967881
0.399061583642276	0.229958273403474
0.112627685868876	0.0677279460873093
1.10984992458573	1.35519567095451
-0.0674092123414434	0.0388868543540227
0.561773486695018	0.366671842571835
0.33383028264527	0.231696112700192
1.32295166950001	1.42162697433574
0.565907076364894	0.474695706421902
0.897870313681142	1.23844229390209
-0.129196060462573	0.0925251244440823
-0.782966860202409	0.594037254950662
0.859951485943367	0.53346699428289
1.17058532238448	1.29206406086837
-0.277043198830683	0.206313646276023
0.0786762068708534	0.0471107271239591
0.735564895996274	0.921169923655228
1.51194210992312	2.25726144786968
-0.225273915407241	0.210475377491489
0.852603168386393	0.825095634970015
1.5044453177482	2.18589335568565
0.106905644193663	0.099449541644653
1.6174249665666	3.99604591091507
0.650988084781778	0.890859469188653
1.08651597823809	1.18058219947136
0.681866499122849	0.789312560259406
0.71700453513271	1.01487060245515
0.624603478211472	0.726380109071096
1.08660108866626	1.3358344882752
0.292071732599791	0.29529025106812
1.02646473271494	1.22857744506317
0.543021398227179	0.621501787017166
1.6960989159645	2.89148589376298
0.612022963215555	0.632389150580748
1.21517765620743	1.7643495419823
0.568698704468071	0.596356205583127
1.27532354887428	2.3800386865105
0.505074317749595	0.535931813955226
1.3959464858612	2.24196626252427
1.55500818948215	2.71757884072234
0.881448299307374	1.11269698249178
0.59745502438821	0.683123366146882
0.801317490819049	0.863738633681999
0.87219809819282	1.05883437896786
0.875677987832914	1.10124452685547
1.3118000804232	2.21559859309747
0.75714765639566	0.986712203690574
1.83034278112974	3.7203392226548
-0.162576077489572	0.124385254445433
0.87073313970387	0.849185472465442
1.44788689056435	2.8014514150803
1.05600907476441	1.94937663314583
0.0850542339119301	0.0738051550138208
-0.272245633907638	0.22873179894757
1.69596119258785	2.02806342583551
0.0607850727339546	0.0461894484035322
0.114502259025061	0.0902093733965906
0.560356938006659	0.702173566003982
-0.510003406311826	0.522923334928239
0.546170532731071	0.657091882165405
0.980102966040739	1.52793871106804
-0.175989390472594	0.135769571153148
0.475109606288144	0.367461696437206
0.558929011089129	0.46739022771888
1.17226488253141	1.29411872787432
0.770339450525366	0.848689233852097
-0.0210477014658787	0.0103437134064314
0.630585055473011	0.589119962600904
-0.0850866770771578	0.0641711976866526
2.29625268111709	4.36241677650299
0.153125381303989	0.110316621126299
0.586369096999219	0.597494585016436
0.778209075063247	1.13146585371035
0.877984112105917	1.06949525434169
1.08350832381341	1.41550475498356
0.628316215514953	0.765857521583746
1.54651976368931	2.33303975656859
-0.253468711865239	0.17362993531932
0.782086782245674	0.864825866403784
0.697962730353493	0.879182802201032
1.32099245937913	1.64801699178099
1.06689025432319	1.18986834264124
0.438753018069172	0.31674710044716
0.972059469186938	1.19605554600022
0.831089611753446	1.05439742262055
0.784978954810596	0.901256946004602
0.972797345906353	1.15170221590388
1.03225831951427	1.20452302752481
0.600384307773425	0.72415784959566
1.00763949192835	1.16303606526362
0.736323414141711	0.804022734555937
-0.125683066199949	0.105819153359762
0.828853024440798	1.29060162482929
1.2617761549603	2.21264618837248
2.09303028866215	3.85234869030918
1.0155722732047	1.42667151456566
2.21923844313396	3.95193659215107
0.663814616857785	0.767419851365018
0.947682086814703	1.4939621652694
0.730345074648622	0.708312486273187
0.843517677985664	0.916467759364637
1.32222657934774	1.77969774129753
1.1808177831915	1.31022544445757
1.68290870505952	2.00982052640707
0.217891156890645	0.178735753028873
1.49970182518667	1.85001923452351
-0.374191687883351	0.271890477653599
0.658088593099237	0.735800466227509
1.42569507051026	2.36506456543058
1.09237382249385	1.4357754627925
0.712940025367593	0.65738817961754
-0.132472770804772	0.0992139840802474
0.337619461061226	0.31340267313137
0.161202104868118	0.112584262556211
0.888410311099756	0.985803427066804
1.0712256160657	1.52635216880286
1.30190396476845	1.53148674055278
-0.106509643960877	0.0772570634541702
0.26098411037848	0.206480189182311
1.90653829319058	2.70736053511183
0.024597920847841	0.0154574927920551
0.4362367302713	0.526699342891359
0.515990823343535	0.566233498595446
1.39253027399818	2.47670775915812
0.207368813150428	0.153986699615201
0.969343036005819	1.21992549389829
0.303605252411483	0.25412977902371
0.936258582779084	1.17378231207114
0.596869628811358	0.595854207681607
0.246894072478651	0.210696503847112
1.00994617966827	1.24718993738117
0.83228293815469	0.757996571280643
0.970551296714618	1.14647850798393
0.18899611320789	0.117334373518424
0.597295384264838	0.423792829417453
0.833098975833107	0.716919185091717
-0.317979028056411	0.171707639729097
0.412602128605767	0.352504457876061
0.553265800300504	0.621386656736561
0.925086408976416	1.17920145592017
-1.25582647786524	1.30753149604963
-0.0196031041320258	0.0139238884707345
0.544054711099443	0.429588621977155
0.168790430342898	0.0978734304377468
0.825142455292579	0.708857690108879
1.0639424214851	1.29323535661473
1.41480552625215	2.37448328833274
0.979024162005904	1.11561647007218
1.38432682000584	1.82161633911861
0.411432278478056	0.373175053588631
1.31628133700961	2.1533107262318
1.78626926655094	3.20974736199521
0.188353262786113	0.133427706782869
0.707671049734502	0.657323637115292
0.553793355598224	0.558517445871594
0.0791017536426361	0.0611094703849161
1.22378956716552	1.49859169434972
1.1091518832612	1.31724916600398
0.66328973018699	0.680035343465166
1.28591027948782	1.66036673682843
1.13616338798485	1.40507734612499
0.553536978608907	0.502077905692897
1.5619408266954	2.37535968423831
1.09672348193138	1.52974389012031
0.552172954914597	0.556015631296797
0.919163397874466	1.20616864490807
0.337517847908828	0.22205436910992
0.643742329813107	0.605408632088896
1.40231203026197	2.29903866370155
0.525997209508032	0.488437661339931
1.05501836993789	1.49301784963857
1.75610015955877	3.4131074874663
0.957014038091512	0.730702872665653
1.18946754888491	1.50360797377192
1.31366110375901	1.7609620105333
0.918722917731866	1.03344885847553
-0.0818306402584308	0.0561620222611719
1.48094869855099	1.40910147873216
0.0317925900448207	0.0159079408878592
0.214898152354772	0.16518500231073
1.20561377466018	1.46574022424498
1.03369718698333	1.04479082539936
1.92012335716232	3.06658226502235
0.670435228209365	0.584660551984154
1.18994201976364	1.4380721890004
0.938417753238804	0.715833911913177
1.39905482462628	2.12401543114697
0.111499615849332	0.0731591355986989
1.47318195887634	1.80309074258039
1.50303257228865	1.43085345092296
0.946691595148485	0.938981049846049
1.42559937764224	1.55217340174859
-0.0551016035961428	0.0443264671156437
0.555057712855326	0.523528194185294
0.268158170710113	0.181152925264292
1.50478718121564	2.33535759616028
1.01528747562869	0.855964051802617
0.182990696530834	0.138463935595407
1.56704227768918	2.38565255869449
0.858277457675271	0.974487794893626
0.629950388914033	0.588845107033911
0.245319927832689	0.185986121828331
0.107078525945238	0.081983598244851
1.15601328564884	1.50212613175022
1.09819408894007	0.856153476973296
1.32121394623876	1.42431161197321
-0.959280710147996	0.610509624041609
0.335074887090184	0.232865441600673
0.178706494911884	0.103800548785511
-0.0587637852203057	0.033917181522406
1.08183751480777	1.27224219051264
1.4974327967652	1.55173657774041
0.744938800785313	0.627882832077312
1.14535351639548	1.25148869662842
0.120657417574333	0.0794595442570721
1.22942428984843	1.14422984599255
0.788804686187283	0.535846044706431
0.885476568515689	0.899346936136372
0.979524963389263	1.11714063122456
-0.00163332575061381	0.000682893169272728
0.672266840839859	0.615048300481475
0.728254131940172	0.933611469738046
1.08644843300193	1.50654185179056
2.12071320935897	3.93134007261047
0.662936491709038	0.603711377122406
1.18159665205032	1.30979149225313
0.0476438983667417	0.0266981986166002
1.16963159215715	1.14746739141695
0.532432614645511	0.477848984420885
0.337815413652587	0.287540384308283
0.621885242035663	0.503948781398439
0.537800451033502	0.257884326223533
0.864401857451327	0.84078320124549
0.498527236335293	0.426213806066871
1.16995672464536	1.22269896248087
1.79068729916215	2.53020690957406
1.50217707777481	2.17921247914088
1.37099492199628	1.56260470527456
1.02789319389623	1.14622351178896
0.753034860034735	0.80049518286971
0.0396921980432681	0.0264826987473123
0.741625357071517	0.659787005432975
0.994195663541175	0.949861149247904
1.06536196628789	0.821906850214198
1.1821992623108	1.69201201682525
-0.0960208189072209	0.0557896873851011
0.312782959010893	0.26241486086004
1.48698996561545	1.53221844785573
1.20218527935663	1.46035445983
1.3079725187819	1.40402348365692
1.39576119301556	1.33327630469665
1.92760105212964	2.48815851650116
1.7743435121547	1.43572165140386
0.951333397903821	0.841499617161029
1.13134746582183	1.29385151737634
1.5615425614882	2.37500353438585
0.561551794597611	0.491051715252586
1.48137282303876	1.52364025991991
1.33825752465312	1.35439785422502
0.779912133132349	0.667294056559117
0.958877829934895	1.12950309079618
0.784787353056071	0.744971616785488
1.80705502242743	2.15779224189135
1.18487180668827	1.53427016219381
1.07236172176653	1.03886529112388
0.864760233741415	0.796655793231007
0.439585515011235	0.317416611225759
1.03728160658286	1.37849943934206
0.658484985884433	0.624400275887234
1.96374444740411	3.49980627646641
2.40582121123051	3.36940786406913
0.982073789584627	1.16826789446163
0.968617939408098	0.863791787602974
0.865307344991629	0.883264195200763
1.37051706627239	1.29803556901377
1.24268516623408	1.07286780795793
1.27197055470955	1.4295909044206
1.12134502562065	1.27724731327106
0.401606715984038	0.269409655372259
1.5268309446635	2.07637504795245
0.462146165087534	0.293956764677411
0.491260830255273	0.288909706330846
0.969494882797376	1.02097948004659
1.4298515997109	1.56045835802356
-0.0700932074935578	0.0405213899935203
0.801742019044425	0.919016462008055
1.91032263416794	2.17314646977483
1.74600685955151	2.83606776458149
-0.0738880412379871	0.0398958465600488
-0.309482962541859	0.212992892417144
0.394825182039077	0.30938623320828
1.17826607768551	0.994102170132944
1.92197708161818	2.47908621167028
0.603933576805028	0.429875762204312
0.843348037484539	0.851314113338269
0.961683144966313	1.00865352219015
1.2293732744677	1.14714720260386
1.15721913041099	1.60129782574524
1.34300152906567	1.26152248831664
0.77627233585468	0.856807130338931
0.680484407894957	0.595719544869872
0.327991154630605	0.28615787223265
-0.144579777141636	0.108963933438893
0.429158564625273	0.356152178299569
0.542669825358942	0.54373840306107
0.895499837009647	0.955168085659671
0.473467070856739	0.399543668277933
0.75726088034634	0.959824247769883
-0.207486062268045	0.124959225619106
0.644561227188416	0.607113716885964
0.558635786453814	0.466324357426603
0.528857896544809	0.713522572228763
1.14591996917321	1.66889456561345
-0.0039039985195804	0.00333312710066854
0.850961651371438	0.92716947021611
0.475431374113741	0.32611160203446
0.660447019711632	0.651686318689006
0.125361505349332	0.0891274388869446
0.00846645492879368	0.00381891053188946
0.628610483028638	0.451491472939184
0.841187446357423	0.809806999738448
0.80892462165423	0.993726202049561
0.217083751465582	0.16207635207957
0.411707571455646	0.349329766345814
0.219735793626108	0.180421550718014
1.39829835448634	1.85107038719913
0.369263091478013	0.320011902531349
0.827691752472282	0.792595441132467
0.544284374819809	0.528351918789039
0.958431907328704	1.12887875965356
1.17504796757348	1.70841802551501
1.76482681176661	2.2439619898612
0.381442233365997	0.284149164363602
1.36489484954184	1.55406168953202
0.523027924782707	0.46744336580631
1.02297402794842	1.63506474616345
0.592540197281138	0.657137123962621
1.39249273719519	1.83973120686322
1.05891578269947	1.28406027938457
0.711324215300818	0.766903717342934
0.434102253220131	0.43502259568093
0.673953004196339	0.799974879306758
0.876288403335178	0.717669921017595
1.0695444730452	1.60164940073582
1.10962878295406	1.50451268079958
-0.247794532380744	0.181719767734347
1.4394419799104	1.83954638641155
0.235261686543129	0.148624486580579
0.506040762036217	0.413269436802754
0.371192921442235	0.274973074992506
0.11928700013968	0.0630858904472726
0.373842814506427	0.289714449474592
0.730021886841138	0.738495551704999
1.74336823104602	2.41506509461758
1.43907051812162	1.83639962357239
0.537692745018206	0.537257597341714
1.04479952790219	1.3933982267451
1.01803634200959	1.12885374404372
-0.148489024536044	0.0904559498893548
1.51141599899992	2.6892906582079
0.273933490097815	0.224518460125904
0.526591822013048	0.522667547187636
2.25689620459425	4.14630456408344
0.77611957816431	0.937423687695681
0.527928581906194	0.56780813612959
0.489995561758771	0.416918019558061
1.03381023732523	1.1551471869815
1.181374160975	1.84277426387382
0.826378164975577	0.864145733799733
1.25184238394162	1.59692345664543
0.66725616326963	0.81037617735343
1.13232458665533	1.72603099890223
0.616188040359011	0.751061821886024
1.18971211715795	1.70543181504762
1.17906373688623	1.30750303988928
0.914298455260544	1.13340391910688
2.17366351580809	3.72307230125197
0.749124733928046	0.988868509277976
1.29759935059432	2.03235129542486
0.102133131855012	0.0538337976569278
1.50213374000951	2.17828672353072
1.72092126935243	2.77191096577779
0.0575533177613887	0.0480918420378398
0.812589725701329	0.869329882738455
1.01917254113304	1.5076421078535
1.61750126655788	2.02318456750592
0.996763655366562	1.14581058284614
0.965005230408834	1.23801519949862
0.382665143264712	0.353597955403171
1.1487895204889	2.01961688622307
0.961683305587855	1.24930278200722
0.529496309290769	0.6305977550772
1.25514352333967	2.13181334882628
1.91508566614226	3.58019501694323
1.53965023254935	3.17812882125757
0.0793498052616319	0.0731854127063356
0.905807756673516	1.18126692388986
0.337165727415173	0.304536341748137
0.733048226461742	0.846862913058874
1.6609821981017	2.73705992870769
0.428187750950505	0.439010876742594
0.545947505403658	0.657289204226937
0.0849097795054461	0.0589067021968467
-1.03687091790027	1.45616797319101
-0.199431195728413	0.160646958760013
0.557456652387445	0.48690532654255
0.461288927765294	0.370986454009428
1.87322861101988	3.10115907785668
1.11868472884015	1.43130932205281
1.74440545538984	3.02537021696502
0.343378520272868	0.211342391939186
0.98166654288691	0.880396022524028
-0.486252443454615	0.404260125766734
0.184373090707124	0.143779019021458
1.4754134602189	1.96850788242295
1.25642773179757	1.99810172287164
0.26274213360253	0.274071533344793
0.296613101342144	0.222045902622157
0.976659813796853	0.870062198432675
0.567710471920404	0.452875762833738
0.841267682821847	0.726520555487032
1.79098412385148	3.28172967846589
1.26714167165816	1.73909299520515
1.23396282409982	1.23819378414154
0.30863519716338	0.257106771641437
1.88625788617602	4.3411104197067
1.49237907442166	1.54150198250573
1.21527964243829	1.03823812946118
1.78578736277626	1.86865865483196
0.522350018548889	0.387984014792444
0.491404139405878	0.506980583240492
0.382766288569688	0.399696089698906
0.726169890707409	0.878703627131005
1.35052185894409	1.53069480018204
1.38908103143489	1.83282319299411
1.82322203756438	2.19908668558698
0.752735041670811	0.462468673601184
0.847786049356149	0.896852418910808
0.752519654114669	0.597682558960285
0.77307451905691	0.696661570759687
0.558818611634248	0.466956057658379
0.616301933844993	0.577019332297649
0.707548495452352	0.51814265863879
1.04558098277879	1.05874041152649
0.0727156896382796	0.0405891125957659
1.45827543554439	2.02671435047974
1.34395739145402	1.36444079962461
1.60488478863498	1.79896117296698
1.05245848873275	1.35760652137084
1.14666626133538	1.42512239467493
1.57573367333287	1.74621296346746
0.47096182916999	0.301249087743389
1.19516631049039	1.18236034382196
1.35772404323048	2.10475279849682
0.70504423949364	0.705022182823607
1.15024300354445	1.58699798464984
0.752712724446649	0.598524967518261
1.22583925822285	1.68061171400387
0.781350239053491	0.5306456506069
-0.0263914849797885	0.0141303281268918
-0.377734947595395	0.214763562558454
0.553997774771466	0.440659322972681
-0.452707431790759	0.389135919895786
0.621557074518572	0.375078304174465
0.740892249851765	0.455300018296113
0.486616762690784	0.284574529254628
-0.242631210483879	0.0962164708179099
1.53697392295568	1.34732785407761
0.843602982788785	0.68330369245945
0.458021767820089	0.368076244328463
1.29588944802832	1.38238664945146
1.0737758341163	0.907198748888707
0.991422955329167	0.888585290226409
1.2255876716228	1.42975168416548
0.747031416808439	0.762127220705756
0.495297934150806	0.455276430512564
0.949420101766709	0.893530351765767
2.12174981707967	2.43852816218052
1.0309849195267	1.04151760797812
1.08406306822898	1.41964449144769
0.937874255345514	0.771493635481697
0.287616678574418	0.195860854272328
0.838182156421449	0.626099127716228
0.511972095561631	0.457951623710953
0.757493906086217	0.914307114052341
0.107109675939614	0.0932132235734283
1.50316355670665	2.66180523477686
1.13805900305751	1.50273425384667
1.24973575955413	0.99089242577588
0.338246209330258	0.258553917827625
1.59890545672561	2.52073597027581
0.483747858749369	0.332490465083906
0.190701608949949	0.175356498467535
1.28617667237233	1.45156723421999
1.32800576067828	1.9904742673609
0.659763255675086	0.651098606865484
1.00783791294767	1.28991312423628
1.1699505158064	1.62767731525118
0.305864075834298	0.21014311028704
0.475417626296546	0.384894180453425
1.77032089060303	3.15861285395183
0.653412011422322	0.642357576884575
0.527373317699056	0.472185784546247
0.929725317387091	1.22835401638729
0.176097562692188	0.144352386915717
0.975597276014629	1.15754264214827
1.84908518177778	2.50250229213445
-0.134230639588434	0.0811776118328678
0.770931596125914	0.95724156303302
0.711435010715481	1.03962377350807
1.22608931076683	1.61301804961637
1.75320072626058	2.85715502425309
1.2977353100581	1.47192921321165
1.07848122963694	1.40930207489381
0.738567725786068	0.807730481718513
0.498455353721887	0.490365893350715
2.16184682797818	2.96859951559641
0.868093036705108	0.954413783175292
0.415124055719234	0.402546946584073
0.15485075941876	0.107833663606761
0.307167883711695	0.23111390735543
0.429317694021993	0.291311849558346
1.22133195811807	0.871834005968762
-0.0559828057195951	0.0328961780477931
0.941514720824695	0.931138754649097
1.03114866283066	0.921738635879233
0.310287778819223	0.260753535760518
0.904132998965024	1.30910548064942
0.422413892286968	0.333417495923263
0.917128609188011	1.1641628716644
1.08415295347578	1.50400619218999
0.694866117938669	0.504362185755847
1.12466029019261	1.44188316611301
0.806332659758855	0.870347404809495
0.636159783019933	0.519566341831134
1.43525905702987	1.56526001056997
1.41880982580343	1.7951635412321
0.583051687811524	0.492515589123409
-0.0433231747957418	0.0296086553104622
0.0945165727421653	0.067903621023158
0.676009403925838	0.946956524398247
0.381484282577397	0.400006464532138
0.743765142397221	1.06005367129746
0.469530830341482	0.467833204460121
0.957252444273055	1.00109817151338
1.6508135328024	2.47278025319781
0.466435802908634	0.489817652073576
1.08017677830671	1.78068495015995
0.430463702092988	0.461457121050302
0.994179629441584	1.14147441257021
0.683615101304721	0.830505342337073
0.0719907722219985	0.0565519047904167
1.22411714927741	1.61165938965911
0.795520842480713	1.00061914672463
1.54400553410887	3.0168289072545
1.57859475365585	2.62847786020248
1.12363045931583	1.34437288780589
1.16044227346321	1.2763317791416
1.32489111393191	2.25064185390078
1.21614198642175	1.96161943521719
1.08255945887921	1.4161537090458
1.14726982604045	1.4260999720958
0.37435959039948	0.301995762268948
1.68779407305142	3.48480157428967
1.09039794553008	1.75686822350749
0.782929481148283	0.897691604998471
0.799369063985863	0.97680556070754
0.595259900851548	0.648187377427442
0.384893636963014	0.312180587088153
0.715385856129017	0.860700344278273
0.778522229833704	1.05142754760786
0.248514310534721	0.223870865704551
1.30349789247295	1.93424105249392
-0.55566176033527	0.617253881087101
-0.0420028327817897	0.0284360480404555
0.310550103926953	0.224335394674041
0.620306722308024	0.577049934797714
0.758216801499079	0.603320191106364
0.968170013636333	1.18867234010602
1.51412885723595	2.04882713542321
0.994843942795394	0.891700171245474
-0.13965250354564	0.103665717647212
0.388031711077497	0.413420717268794
0.440534139151338	0.463867027465823
0.76080427945974	0.89151535678612
0.173695991388136	0.14912943702771
0.871624942314138	0.849956381577508
0.899056203184315	1.16779417363574
0.219997060842332	0.194471573509858
0.994659355081267	1.13995232880986
0.99207081403931	1.30609178168759
1.00454934985974	1.36084343465286
0.790947906882454	0.879348766753194
0.719426675034646	0.694314474034135
-0.152412634125954	0.143029442920865
0.424122953734415	0.377392716531002
0.953466104299282	1.11949227952061
0.0488120404099223	0.0340868974967473
0.916379970373739	1.30026392756011
0.0214043925009415	0.0155959842903317
0.376088407891105	0.422809405452792
0.991416954039153	1.46890574375963
0.970474370408706	0.919591943807485
1.2552095502072	1.67436757267176
0.698066324441054	0.815328434511201
0.876251050652869	0.925469665415909
1.77778835776697	2.78107590805845
0.697577889181721	0.746928279607903
1.0073595995703	1.29064946367189
0.359382396579685	0.308267095689804
1.26818617102337	1.9230871403413
1.62903841606484	2.04053867261516
0.912393285551566	1.02267867996056
1.02401012032279	1.14069926580701
0.858216464219012	1.01191963411179
0.499301062096544	0.426307334378817
0.885865563104086	1.01974145081221
0.915081097014774	0.98480565547677
0.423866757753063	0.36216517890214
1.2706659232415	1.43142023301304
0.396694073638508	0.398501890038362
0.345013483738566	0.313124802593688
1.2513248800013	2.31348652325949
0.55611664642064	0.561011043417795
0.593139080062183	0.645215252917002
0.140608346426279	0.100577881161626
0.920528797092475	1.07669838271645
0.968596257633151	1.50107852708304
0.403224350295026	0.388213371541207
0.928263054992509	1.11752953498794
1.5409815237869	2.86403654572053
0.0758003710345212	0.0582502623462348
1.16803003322862	1.29041773262746
0.000499980848370598	0.000114043806095312
2.18568133652974	3.02766769986463
0.059273109783211	0.0437202066804303
0.970716063866193	0.920591750872485
0.421849569552224	0.285623365277651
0.232100124686758	0.174657173195423
1.2482020059915	1.46852476287528
0.574294931814725	0.547156039277292
0.325336317777138	0.256915679408634
0.423744263947418	0.480121956724886
0.14693913008162	0.131602125886523
-0.104091951456608	0.0643642466682078
1.1141578816547	1.26354499777026
0.824258384751198	0.987289457875682
1.89279977636096	3.28771766586426
1.69868410869685	2.4516375309442
0.747024135878911	0.820809325406285
1.20394015355102	1.63397488703323
1.26182531544344	1.41464748179973
0.853702653075376	1.09603758674964
0.957410258455754	1.12641950663544
0.706649813981261	0.734024294426117
0.910189091513047	1.06026285113651
0.862114968692078	0.794044326746942
0.537768451271541	0.347746068752225
0.945820440672978	1.44724113219804
0.28865235402783	0.259541225743938
1.30770304308851	2.2395715837312
0.457646285602636	0.383064112382607
1.14493762225509	1.25131978509551
0.893683918721599	1.09819544853411
1.70423881387039	2.66644749393722
2.12602810094625	3.95544674240401
0.455567544938703	0.349063997898744
-0.133400707681763	0.10554470186925
1.02170113350665	1.26946675533888
-0.0890168026132467	0.059252911740504
1.83087903651811	2.45679047517661
0.64741172358378	0.609865374395184
1.17327498055612	1.57496126710082
0.988929176127422	1.08264716975466
2.31595864033062	3.04013484808182
0.125549970317656	0.0862557515360848
1.89544775280059	3.79211953823849
-0.0873252162342785	0.0536631189043612
1.98995967277853	2.40219957625362
1.06379433754335	1.61634125728296
0.159994261985769	0.139078505606832
1.04685389090298	1.34835869414958
0.553678515546327	0.622112751436103
-0.229512396632678	0.139766163550649
1.05436644097568	1.27689116988624
1.36505482566955	2.12221689812039
1.4072362378023	2.31191171642174
0.215543423028757	0.181307324961177
0.0875522052718471	0.064964726956224
2.05311142817284	2.93663259887549
0.134279905662893	0.101583545378933
0.256084962665587	0.187621707211625
1.53298233500896	1.47786629654278
0.845075149698338	0.63552787077256
1.78918997251586	2.28991452849388
0.981714799085777	0.878362203179315
1.18737772012607	1.24688172829319
0.512144711655887	0.422117765428016
0.243386695326525	0.177487133874013
0.369418012968624	0.273234936987198
0.522231204708087	0.38827321252958
0.989294262618921	1.25548363772369
1.06634596514139	1.24394547497035
-0.0896138385957089	0.0662401672185051
0.00967630228661634	0.00599085782653113
0.474640743479064	0.474325838820115
1.19884576587826	1.18980209348064
1.11350093304231	1.0216526461472
0.389741716043119	0.223644088346293
0.738097556439573	0.58397637666898
1.1772755988372	1.41515791447684
2.47345282292684	2.60934859000655
1.33417870158528	2.04369617081962
2.4078883750074	3.89107079761997
0.935731399353913	0.874695539201012
0.324441289942276	0.235247710295753
0.256539702477316	0.180694311926907
0.627851840793063	0.690799565718616
1.13729669806487	1.85147743490781
-0.341182772040559	0.207846118509384
1.77169974132269	3.16625804077548
0.791475253078421	0.813891505254193
1.23943758396939	1.64070112218649
0.969084757111102	1.2894051715425
-0.0537534866342948	0.0372771724059548
0.764504998764379	0.720556136263523
1.03419074409507	1.15608695778891
-0.342680916103378	0.305911533180936
0.914159078070449	1.17249070140712
2.06405232040889	2.96903541299357
1.29409622626454	1.6760841135211
1.04121871738942	1.30190109362989
1.09716959124416	1.44400613030224
1.21314653662852	1.65644631969246
1.20878590726735	1.1959006600131
0.883944865295545	0.978284976593341
0.961452066106764	1.52338166889163
0.48076762788496	0.532640397971477
0.678225212796835	0.719601768557854
-0.0961775688704728	0.0757966448350255
1.20794453874806	1.57921094987615
0.0167302696233088	0.0111970761054615
0.492782422037747	0.436471154542286
1.03075190546636	1.63148062034556
1.18142185112682	1.7487550457309
0.547233047273758	0.513975290389466
0.0993295364295916	0.0557524714329347
0.347473523550268	0.324589066514704
1.52216228320703	2.37921723354675
-0.950208750822086	0.600179537973753
1.45716973212629	1.60130838663904
0.850930775900451	0.736301045882631
0.659558217539198	0.542453326804723
0.0452181606258137	0.0285011985823251
-0.409024412344118	0.338752935334687
0.44679076245252	0.413671237419609
1.27513563298199	1.68424321513195
-0.201860372889772	0.160336304880835
0.556367568738435	0.505078714668366
0.0159256252104607	0.00997619209991468
0.891083374975971	0.990039129020329
0.879525330504904	1.01076685306891
0.798706269276071	0.790772404120441
0.263316360664571	0.193788963550792
1.39352324573784	1.84061941298283
1.49106417038442	2.29858563385873
1.46208740483523	2.6367638786957
1.52557612907989	2.72990660078253
1.48673443501245	3.09396276345539
1.58025301428592	2.42069346061739
2.30830447816371	3.03238627956277
1.06194141211417	1.23584421220759
0.413049738962949	0.421655656780399
1.83262220041126	2.70010118977654
0.183558533268208	0.161882627467254
1.01756325458856	1.22938939791762
1.3520988677166	2.13283025398064
0.823213079731887	1.12177044358092
1.01620540581726	1.30758243443179
-0.328777959800929	0.281346619589851
1.37889945817111	1.66817725792163
1.81113123415966	2.64520680465905
1.12543988306742	1.71068569966117
0.327514188381819	0.258762626399211
2.91770749905742	4.96412778610497
1.73351625747035	1.94570359048791
1.48665585359783	1.82526427198685
0.465849646232714	0.574633272326647
0.959716590399637	1.12967947203125
0.997469191637544	1.19445253700757
0.666469692152092	0.866711815742232
1.12091728542487	1.27630203384566
0.356724766531735	0.305452844066945
1.39929254269772	2.12246661455064
0.514051951951153	0.567414259011506
0.812458124958196	0.902974044374012
0.407872145987482	0.404575689017053
0.291839960385413	0.217938712100857
0.165213994990037	0.134138550697569
0.26342304445687	0.221694910000878
0.984121167399612	1.17244936695167
1.35260035433189	1.27090836981048
0.861025916924263	0.701847829234854
0.830250154328925	0.668670915482548
0.991826498524002	0.891518328801081
0.687712466559431	0.757724020559146
-0.437763045925834	0.420173347321768
0.774655185024346	0.767829505784219
0.480946144556944	0.532618907369467
0.365958557623847	0.316554588412624
1.38998638038501	1.97185408241919
1.22595066388462	1.2266047385189
1.54508907054522	2.33392334696605
0.880639504338785	0.9726817254495
0.638737473254339	0.663636897977996
1.52345661032443	2.06668067157397
0.975558940465012	0.978850133218101
0.314258433522854	0.237261643534588
1.69013599488255	2.23262484929592
0.526031304861178	0.569461828646316
0.680131656256157	0.454624416237339
0.926591247808635	0.912353143801215
0.392166700078112	0.293379265801326
0.313391661899381	0.226731196612997
0.320829764297291	0.209564192152247
1.42604479341302	2.31857525395203
1.36436592131115	2.28255090646245
0.219039306200997	0.151580272904293
-0.0389699135895722	0.0226844093046224
0.539178133260063	0.584331922911554
1.54256442665312	2.32577878136429
1.16891112230498	1.21717126497964
1.44242388021894	1.8426672541502
-0.0975940603603701	0.0459198283386257
0.110201905902422	0.079883122194394
0.403318105417513	0.330214992665052
1.38828962685591	1.82968644843714
1.05127540181181	1.06982995037231
1.87114101401864	2.54353632306688
0.766077118755294	0.650854123103501
0.738862700172977	0.688353360492194
0.869773786414987	1.03122303564581
0.629621339748016	0.634576525605411
0.700116143901174	0.697311567345462
-0.680022984314555	0.729961496213084
0.653549959381163	0.61762754681569
0.351538597448943	0.198882546444168
0.416801660123327	0.241060135918484
1.9049678308067	2.43847188147931
1.37642895315188	1.85396671357981
1.12158166726269	1.10276861595756
0.660024173299322	0.543688847420734
2.08486135130795	2.70581944218817
0.738201562409348	0.582477967732693
0.338630776407927	0.269093401214515
0.886771262203561	0.825183994085224
0.880640580296823	0.933529095142609
0.739820351493205	0.584967758918141
1.36613935077091	1.6454138270926
0.339000131509065	0.247482937192975
0.0192074620406568	0.0113496186799413
0.229578353198452	0.144798713330828
0.202334654329711	0.138894552148698
1.52310849961476	1.77985046459297
1.27650400179339	1.64212408331816
1.59029537403499	2.15187837095488
1.08052822039746	1.10808021635796
1.50780531376201	1.75053727755364
0.413596448151673	0.27905678937154
1.75227114421084	2.65358309412064
0.633896176364648	0.48761382213119
0.286386937404865	0.243544022338882
0.268256971883645	0.213024738033849
-0.483853624964202	0.328864955602728
0.573484928228934	0.525608565654255
1.68733078511768	2.62101515029696
0.228126591456658	0.171267552508559
0.293786839506973	0.228012444941906
1.66914611616373	3.15547050495737
0.656462658466831	0.777085733807328
1.04283182530182	1.41881595152262
0.405928404479089	0.389105593621664
0.85144941642107	0.781114941554105
0.093496131165543	0.0602440871718745
0.385718350269593	0.33581467743996
1.64613422231677	3.03611776687404
-0.0895314471002861	0.0642544426015382
1.74331499240002	2.20159871722615
0.112717535603419	0.0677721719372735
0.710965039092037	0.684313215917472
1.60671650960019	1.99958449667965
1.27393719745347	1.82637114512018
0.406921377679286	0.356599445906394
0.167467903950216	0.0970784602521257
0.748989678331526	0.794852292005023
0.472392335497066	0.457857534284245
0.398916422161369	0.372318945875791
0.167669487474894	0.108312288987334
0.00610020996207816	0.00407060611412538
1.18844726040955	1.24934213201552
0.9527354126918	1.27225071781526
0.749800676589587	0.764949206118532
1.09431595543576	0.928567909513988
0.784144632184593	0.81315337526376
1.42164755829907	1.54266022716635
0.781883410501017	0.865860886666501
0.953623133811347	0.899052782293732
1.18321113465387	1.35673032560918
1.20830849367612	2.09608667168544
1.07829418865409	1.16689794757781
1.50031394644706	2.65736005246402
0.603016066665614	0.514371895467802
1.42181759825518	2.03831741299078
1.26513559063	2.25680478725798
0.497745669422599	0.486311622443512
1.05951981428061	1.08240442438424
-0.0552886325222463	0.0400422659487616
0.173757841523501	0.138596782601686
-0.216996833289862	0.174045692235477
0.865591794142234	0.842153984263521
0.894644635167488	1.03448472497012
0.763720644008425	0.718278838407814
0.582964272505601	0.630322040068399
2.11867437463141	3.85642645073877
-0.237452589138365	0.206276489404813
0.416261503198184	0.404030664131772
-0.325579404320236	0.301758359898007
0.837776230070201	1.24967120583514
0.958701332624195	1.37519498908325
0.627869265583375	0.481051758199753
1.21781363166219	1.77067294431984
0.637529234492655	0.622127082925522
1.49816177375329	1.84392019740837
-0.185260490217978	0.128950575632162
-0.0232391593745813	0.0136788852159359
0.563485018626007	0.619415126333864
0.471099151206511	0.396884253904102
0.236750115304803	0.172064701651482
0.390603465117278	0.292191070943047
1.66502410884786	2.75114871185715
0.0744287664121459	0.0496324292068121
1.10920139389452	1.77541308600224
1.59894438424922	2.52039631365807
1.23452474151209	1.44475033579006
0.879766952860017	0.769084968432922
-0.0695292686611823	0.0435293231880989
0.682589038058989	0.654162716409763
0.864443218651724	1.13798056239297
0.729543000578901	0.926545274044299
0.802255963705923	0.864704197526326
0.267008812762003	0.225160799516585
0.457859506891148	0.572233515961473
0.682763764596059	0.457391959945664
0.852225206592418	0.782480025724188
0.482743163998863	0.498558772505944
0.829414858549761	0.964270717365484
0.982068170170853	1.55465883965563
0.907593405188046	1.0148352029838
1.09974850284913	1.18283709327238
0.497506066627761	0.344529078942025
0.123635428093295	0.0875009857831908
0.729044068634288	0.707197349024885
1.78985677586338	2.80832647475079
1.54385480921525	2.16890695425896
1.93553617311562	3.10500973241685
0.397335720960987	0.228798356936421
0.746528034479219	0.551193138575875
0.753798576906903	0.673228633867122
0.881403488648144	0.90537196031589
1.19074186420527	1.32458168515449
1.09058138102847	0.84976170492895
0.734622659610652	0.581071500985676
0.751891041699326	0.671462675736138
0.761236217237069	0.834808000475534
0.275479050111254	0.245755993685479
0.961412451640831	0.906673202935201
0.272970909112657	0.210045106269729
0.882607101234526	0.907051433476718
0.444266057286145	0.457118476661244
0.528095885549834	0.369292967321245
0.0331734382443686	0.0209643813432035
1.22616079950088	1.61256309176343
1.58320272031237	2.31465739927052
1.4992984407689	1.42859258825454
0.618683894811198	0.66199216745625
1.07160992470396	1.25357336447962
0.578935856481712	0.409530677393034
0.681888760569744	0.765621048070786
0.697165371495743	0.772055402581857
1.76599188070537	3.63007769854283
0.237632980934538	0.213107815587708
1.42884757077382	1.65937498364401
1.46900959893982	1.39064351868016
1.3414192971581	1.36241875033497
1.5764580661145	2.62314540162205
0.120432730984941	0.0757291511032626
0.122791158820456	0.0921603747885998
1.49454823957365	2.31095235644126
-0.0389313921996038	0.032351944277747
0.913491712631393	1.13298622396738
0.411122113367334	0.363114797945409
0.0674690723810367	0.0473729358045109
0.963245330835264	1.34324572611019
0.353719948377136	0.217774348727353
1.20547634765422	1.87470449294635
0.146532891222703	0.117845455863559
0.686221783460001	0.658854200829237
0.547101513374447	0.669634703848511
0.819507141940834	1.03298363298314
1.04239735273982	1.41619900533574
1.39067952519489	2.10210183195643
1.4557557243207	1.597713038905
0.454167267821133	0.34798437645804
1.74165767129318	1.96672410039004
1.31246649670628	1.63563014116
0.130172874325195	0.0737581355205405
0.110648996577201	0.0533477319570349
1.1649077487188	1.55670807876674
1.65194047628018	3.15160069708753
0.866705487942441	1.14246529252743
0.0230210893156905	0.0163788806439313
0.857774781786607	0.831024250291836
0.329428315227868	0.260627564805047
-0.0195476434557444	0.0104724654057571
1.38765028079737	2.22269468028571
0.771521573422576	0.694441698889608
0.964289082957166	0.801919697251515
0.845356926992591	1.15417514538863
-0.573353365282651	0.592470364643604
0.62996389386464	0.6726298100947
1.14482478112033	2.11451408383374
0.750644619322247	0.76722138670932
0.399274779406735	0.350257057327148
1.09214960439694	1.12878505117251
0.415869309495277	0.380254770044254
0.787556176447158	0.874538880862565
0.0928911309626745	0.0701606213000765
2.60597839488629	5.51934373687392
-0.882097409093763	0.87133395027679
0.946627755926303	1.22025110367089
2.16317633219886	4.50884644672775
1.17069090187361	1.35969388078584
0.837380751247555	1.03275841929787
1.28704029126672	1.4511540497001
0.752123839746618	0.557754275482224
0.403557579569059	0.23256065974233
0.45571964082381	0.289786310685083
1.04298312900017	1.30796691460224
1.28068375990041	1.57446109233421
0.341257939601216	0.237512419847609
1.32578787817465	1.7872170351243
-0.0725313681573926	0.0418691612672131
0.573151692850681	0.525446525070873
0.635005085969123	0.57021442652713
0.902735093950178	0.891352408899971
1.32393114467903	1.65502218737955
0.738503851322845	0.688224104630612
0.963987156713107	0.737890410461809
0.0132301736590046	0.00818775062147465
-0.57075504923664	0.56193381391284
0.843635549482634	1.04418512574277
0.96346203563886	0.855455483259018
0.218213355036305	0.18385294246543
0.354249523571213	0.313989182105476
0.199456459216352	0.174131369973401
0.0240328347917265	0.012002372676988
0.283585224731289	0.254206221767385
1.53750150825964	2.51684616004575
1.6392363727188	2.25843638050987
0.333308041743808	0.254041514939663
0.770212688859943	0.816792441332926
0.0558176527345722	0.032516863031876
0.00328391393828647	0.00268716720791532
0.158000340373566	0.0778596199156051
-0.792336977210609	0.447640869910152
0.299313755719946	0.205017451140272
0.274381529283154	0.139081308350784
0.790203149083452	0.788560667238725
0.415104613505165	0.402523161044565
1.22820183312822	1.92967803456276
1.0991801701493	1.77791774956788
0.791905905746911	0.994067861831985
0.466222806158655	0.358953886739177
0.404735756061155	0.344069142171421
0.774915181171709	0.906113598274016
1.33782089003692	1.35188639898301
1.39248390891185	1.59613106017642
1.04503000783453	1.44303741090441
0.898654437425738	1.33992303348883
0.394583913083535	0.35656427059469
0.944911243349064	1.29605925733737
0.903420608928158	1.17590204283015
0.614340265690195	0.597116860558129
0.750918470374273	0.633665204968918
0.625589980715861	0.692803113456149
0.334873224609659	0.341617538335372
0.967581178539427	0.912973067347731
0.119215739126256	0.0870665349489415
-0.497640111920869	0.416335468485819
1.37069269416047	1.79341934156936
1.48003652540983	1.81586084544401
0.871887257947339	0.541860023318909
0.282054738264104	0.157302056131926
0.105032350912131	0.0590177720313871
1.02948707921434	1.28377297156313
0.978135831355755	1.23589006054757
0.969947066034739	1.1907168029951
0.699545800701904	0.616421696027761
0.934421195681597	1.39856867504485
0.931984837319415	0.705531092328618
0.358659134114788	0.251419832446903
-0.0368384525165335	0.0233659611858211
0.875275181598845	1.21497936195101
0.353777624241253	0.247802170782812
0.497364371466543	0.542976308264749
0.169757597777206	0.138625687962734
1.18937551874341	1.43737154094248
0.83807548374747	0.806793526950482
0.725251700353393	0.759853597696222
1.42292257622193	2.0435647439437
1.21949595438483	1.87392179917599
1.07117441735274	1.39451685059828
1.08479311456948	1.11851045328805
1.27480145354236	1.43520445811891
0.237560197818875	0.185391289486975
0.564947328604068	0.368804500514842
0.817303026799885	0.779063200056677
0.0380762289207238	0.0214903469133079
1.38482117417579	1.8211615312804
2.01599874511759	2.77028753644662
1.12800964965662	1.03983983710651
0.803922337503085	0.953637805562237
0.350578167441337	0.245293515138445
1.52790593680977	1.96534083400114
0.374261958590226	0.290339148121682
0.633213635766283	0.568484060955365
0.491321091410409	0.435145273414804
0.639991606816971	0.576386986482052
1.02565192498515	1.42982286105285
0.389858301013023	0.291078359061425
1.15374481581657	1.19932756409151
0.680364951062177	0.746516442454265
2.00764118791366	2.74778842459231
0.49162699717364	0.451191934171637
0.860487560966079	0.793024586266106
1.39861993808453	2.53466812127534
0.677887355561398	0.743111692198876
0.273948895935608	0.164461634605337
1.38905845472583	1.59155969884783
-0.376808053937475	0.26984081991859
0.674708906889592	0.616766375132104
1.42640826607516	1.55160610133729
1.02602981913113	1.27700526705875
0.536116047630445	0.599577929149918
0.621676922998819	0.773591931791513
0.49385175272422	0.437921040623906
0.446074113141933	0.450379676340657
1.45201205936793	2.015723930194
1.32087932142829	1.64926470232475
-0.296744042428529	0.224083570889836
-0.310670887554666	0.248256971671872
-0.654936085546414	0.651645936825863
0.385257344176145	0.312351936904276
0.669808807721957	0.770409239710304
0.0757484427404443	0.0618383045875005
1.01441085270366	1.17518932394515
0.037310269251853	0.0223057580528896
0.975328557200085	1.27442457261757
0.267188529743357	0.236963996267013
1.07769630300258	1.49029995888878
1.71225343495592	3.16830449261544
1.04619674824596	1.11903346560078
0.907900026606943	0.974103828829287
0.946717143435484	1.44818286258466
-0.0329732766950294	0.0239701210088554
0.545033408914764	0.453063457689153
1.06282803573893	1.51014814300789
1.21273080284451	1.11986257969847
1.0844789001767	0.840097774532701
1.22357515000521	1.49527870052529
0.413399680448626	0.340058293410823
-1.22844712436033	1.11262791044399
-0.919783620229168	0.840335941885143
0.29633850641278	0.191788923654017
-0.529429235124005	0.368887890042105
-0.288431281669838	0.237130274242725
1.12124495988988	1.27678152145733
-0.381605656214429	0.237600144618986
0.269466080484146	0.214154575340567
0.440304275096402	0.365512915032741
-0.298664135003283	0.271154703338952
-0.815679495405134	0.638062261149301
-0.00276632198372584	0.0015382513377085
2.73105750629606	4.06427092531965
-0.0403318486369987	0.0251718562036193
1.71637342487571	2.49979299923084
1.31435567555264	1.32108979644486
0.471333128597659	0.380758250911137
1.38275980070949	2.08239800379664
0.388234971549171	0.260072881106864
-0.689883524793308	0.544883970230755
1.23615289949523	0.972754000524077
0.936403211564987	0.768544500745501
0.52515708812762	0.367079057672254
1.11370054069574	0.949885025573889
0.297778821727551	0.16711174926548
0.681353120405486	0.596425759352937
1.32671566866952	1.65731190169623
0.298672817694182	0.152581518626135
0.794772458751462	0.85334904175179
-0.191089209016586	0.156924039511655
-0.150762759314852	0.0976220237532685
-0.454053757191535	0.349882293087786
0.189356547136546	0.152533139581596
-0.27020860524572	0.192573144892356
-1.09955428061065	1.70394940399639
-0.299859313866347	0.235356949453843
-0.399898600207406	0.255976523491586
-0.0462229284137949	0.029248806761542
0.294967546185942	0.237202999801506
-0.0327730799605042	0.0212224207005468
0.588003015889554	0.564070019755521
0.425178027731976	0.321413879912613
1.13340979497122	1.55135747798049
1.39399108840892	2.23774288023645
0.325978123345764	0.306733198881701
1.24879473581675	1.25680815219523
0.385679501032502	0.335875542791043
0.413501391766252	0.326857837326278
2.01167942075371	2.75379164704318
1.05326398882093	1.27688554846478
1.38805061661536	1.21428037900735
0.67939363298766	0.643623133786669
-0.38556006732426	0.219778651934565
0.499445828734635	0.506652478329511
0.976234078984793	1.30043168704682
1.06884482179503	1.35509065539996
0.807660460942395	0.905548645517773
0.113107568016096	0.0820822892141704
-0.0148219151883218	0.00725191191480227
0.294907112476382	0.165248491051804
0.149738543755964	0.117602634559494
0.0187853218117901	0.0125694611594148
0.868979585994374	0.991876079170579
-1.33938559658717	1.48097206211843
-0.297759986789137	0.21270148476294
-0.408992227697088	0.302989281975858
-0.192480380181357	0.143756196558249
-0.637335211754706	0.563997230285282
0.179746885737491	0.126826820641079
0.487746950523058	0.476881005099344
0.401739575788726	0.269976320880512
-0.47494088613415	0.253641988589206
0.737666352600915	0.621068712271143
1.42075554074519	2.34904993439904
0.38149118630102	0.217392951317592
1.3627741060433	1.989174618169
1.23343819767046	1.51721158857609
1.48125095162385	2.6037836951328
1.49121444567833	2.09997923671742
-0.00956653114602055	0.00514053583050834
1.41505057050293	1.79331912040559
0.9587808677389	0.851117452424074
1.02427832801765	0.974360445277103
0.939483414045114	0.656475848531307
0.976138188381813	0.92575504302674
0.813871465357708	0.696016662025171
1.46771190414778	2.10097148475076
1.02297040711283	0.648587719753877
0.762356478869634	0.682257864856753
0.428938443648228	0.324783174943128
0.856716278151427	0.531013198321535
1.08065992183601	1.04888205644185
1.49343968507216	1.8377303547865
0.152037666703894	0.101624073617166
-0.0248371392008401	0.0145388565142072
0.485597613390258	0.284013471486398
0.641351191405494	0.551517534934685
0.954184867799169	0.789977447968893
0.645323333112425	0.466928534186781
1.59121675918916	2.15934385359507
1.14839679286081	1.32299967388872
-0.300818262460929	0.249657916164644
-1.01344494864904	1.00282328663761
-0.360082947990066	0.324898382934577
0.494200211200027	0.40358342220591
0.11353982464159	0.0871959230073014
-0.56961288616157	0.473593092901372
1.15825885937794	1.48190762851915
-0.0626044325302318	0.0368201993019796
0.753781158186853	0.599881327846239
0.751869736316827	0.848752435908573
0.00584762117815442	0.00427027132842656
0.430145593756093	0.418464015400676
0.202044983817068	0.184702119412237
0.619257765642776	0.59835174335446
0.42206672937611	0.317965268709826
1.23906004663625	1.85256721473775
0.94406857932289	0.884896366999035
1.92997888026106	2.49980134037453
0.520358534382263	0.276738967429738
1.39788222726573	1.75284191859425
0.924561578777571	0.954052026497038
0.811195079791048	0.843853865621984
1.25255114063804	1.78082502383749
0.0129619525099992	0.00855894154938732
0.306239534664528	0.210019787726083
1.1321907691802	1.45521958777017
1.29780672501597	2.03125150940129
0.571436845736271	0.480803013063478
0.974372069112917	0.869250345825165
0.275106288895542	0.203660065355998
0.863246623843069	0.751242949324549
-0.0412223175540752	0.0245226948149877
0.740408156136522	0.751962677824315
0.291743159687185	0.234177643069288
0.659660976481692	0.570685300555841
-0.492864114583532	0.388382369261336
0.776052722454681	0.983799464359192
0.0890824962569392	0.046980907229783
0.572207007226518	0.374882586621844
-0.423839386853126	0.274263991925161
0.377483691976131	0.235198874137789
0.748970007108202	0.632559938053048
1.47802757538604	2.12523527747647
0.64317015463352	0.425320811196459
1.59001039305399	1.04995383930105
1.99630176699524	2.41812439162191
1.21842768724604	0.872753112561204
0.737874580637492	0.583726393900084
0.502640884450013	0.266279515019282
1.88155273352972	1.25784525132691
0.179670192495132	0.0890383126660866
0.809165329376006	0.55463144978101
0.676900667922874	0.453816325917621
0.536498420109195	0.422631412390212
0.125767647850006	0.0758819199592812
-0.074173403843423	0.0374089622785191
0.4744212141245	0.276913620444133
0.742538247789678	0.588481545951054
1.09042948857822	0.849794874341428
0.518902364970726	0.362076877919736
1.05007390745999	0.941392180490177
-0.796151563731653	0.368665692575202
0.300919667442638	0.15388931898141
-0.479268849770116	0.256901302662516
0.326587810840501	0.167726242275927
0.00198820005989345	0.000868710800382101
-0.736400481438934	0.472955043032015
0.344541066454642	0.227327052194208
0.412383941594718	0.2778786440942
0.411022543938376	0.214984063280829
0.401723617717925	0.209596548032521
0.607264983513048	0.434225485236766
-0.5130203789781	0.559477050767361
0.553177770896321	0.574794979457056
-1.07142910825389	1.63007915432254
0.244757165442114	0.2147299400339
-0.166703109859401	0.14638550464248
0.35450197872921	0.304674548443386
0.612387263383651	0.438398998090569
0.0411392279134008	0.0290951320137393
1.31024559035381	2.35100140800694
1.23790760479929	2.39518879791341
0.691984692781786	0.812751941404186
2.09086372534845	3.03512020827636
0.596071477253773	0.643794889337516
1.50806179626684	2.63464266508257
0.801191771080743	0.79332581669229
0.539162658887277	0.426156016268188
1.54410372985173	2.00007856622783
0.63428009851753	0.486753621361501
-0.476965894868095	0.371696734738606
1.74496366428709	2.42544701468128
0.590340456637643	0.695654138766678
1.06741178430149	1.98546070198907
0.587651834450966	0.618285224624489
1.06021360186094	1.82335086193616
-0.0474710613529377	0.034208120082452
-0.225364150136222	0.188997953790561
1.97593080620906	2.94852438615743
0.284784637315149	0.203217976927302
0.461743585442454	0.336517350092616
1.00943922973883	1.06372077945855
-0.0343420602732874	0.0244985435156336
1.0035783149405	1.28333465483798
0.566776261091726	0.537628190891112
0.977100030490997	0.872403839688769
1.09547840472121	1.35184212858468
0.40256319039738	0.363108821238492
1.33019063534708	1.34338428231603
0.033311712401542	0.0255180063948025
0.816612135693365	0.8857522153787
1.51112815600252	2.2542115279112
0.489580754465726	0.460770274793273
1.38763139851691	2.09631247509596
0.571971907744645	0.706491925301671
0.40695617275522	0.358659049678561
0.708708026658566	0.936676174611533
0.54644930972013	0.530733863504088
0.015401599198554	0.00768056552647141
-1.4446795849283	2.25689606017447
0.81167704277179	0.808645439878769
0.831648421239043	0.835244340635614
0.384690349510962	0.256914800067385
1.84405259849927	2.48414077623796
0.975596054399582	1.58097725311343
0.557112925064013	0.593456992134199
0.948939922638208	0.989730410029326
0.241525133636582	0.143728527619964
0.978980012810303	1.16277898976843
0.817887544643051	0.888228077241976
0.658412095923499	0.570588890798321
0.712876676596328	0.59268209829531
-0.149224817319931	0.101629893884966
1.3502931901191	1.52905801227653
1.20699352219403	1.27626814074043
0.415515004199653	0.391491987508692
0.251029375977103	0.20979257110678
0.569988511579043	0.628894192077059
1.45703310466754	1.87352763725195
0.863910860518698	1.08034295155571
0.496038088077365	0.551246068103774
1.61934303540056	2.5743329333258
1.06647220238215	1.33140254989437
0.611288517217192	0.56641603847869
1.06348143054322	0.960983712558079
1.59483093253545	2.34155229402304
-0.00627433640085636	0.00407802814387149
1.16051772684467	1.60908736203869
0.314605520517842	0.205032913212956
0.840420590218592	0.982063946787042
1.11093443767648	1.46925421040494
0.975773961203659	0.867689360395974
1.29492960644045	1.9522137229874
1.501688584884	2.17233948787771
0.409003069749635	0.275649270999404
0.594234303239722	0.7205212275532
0.366352218206475	0.304955077689776
0.508839437470193	0.541446728350886
0.767603423114948	0.903089060565105
1.17624200140424	1.2327285108984
1.72161364342867	2.37282513724096
1.21242872937489	2.11041236633122
0.467146820196939	0.477924455613761
0.0826728940607803	0.0553009249476288
0.769414747701153	0.845821069399408
0.268487554308527	0.20562764740764
1.1189320194893	1.02754907792772
0.495801906951803	0.48369206015056
0.808409393440566	0.982117164088028
0.938671353180365	1.5828733103364
1.78688488299061	3.26805524718305
1.66533863622706	2.75173309217905
1.30682152524888	2.23526996804674
1.0632408569055	1.45975224336963
1.28247037769538	1.45054457305578
0.168794537476392	0.109106681435894
1.257140799636	1.48165685009977
1.3683367050651	1.87534369159414
1.17494906737303	1.30083378401636
0.742976094539165	1.08289870908209
0.0765383281806636	0.0586687482095607
1.14069621888193	1.41326745207222
1.06883431589194	1.67654422999007
0.523232409376243	0.550139698101216
1.52958617231286	2.97152303663148
1.57754361896017	2.87332858753522
1.93818099838069	3.71999081798234
1.09673812109979	1.23691579868292
0.274338206532048	0.218576817790705
0.574909820020642	0.600383656715393
1.11833878739385	1.3335902838678
0.76200010628607	0.750574911950223
-0.357426216560893	0.236334349372573
1.2481843181814	1.65778941648667
0.152620716546337	0.106180090168555
0.759185300681856	0.678445822380872
0.83650143623134	0.87901399573033
1.44964725512647	1.8575657760519
0.748588117484686	0.815163403343219
1.21017806385153	1.98002471856714
0.853015596561315	1.026687435205
0.76024524556446	1.05316949402708
0.85870173152602	1.07081012203893
0.510374799988401	0.547105736151617
0.359161349921159	0.308070663939844
0.529191589243527	0.600279764753166
0.579280120111657	0.625112275675734
0.372250950796224	0.21212733700408
-0.00111101353300217	0.000437290521555754
-0.000100979203595923	0.000961915614570778
0.870773967809466	1.20594448593785
1.27884064744744	2.22712409735987
0.207314617020345	0.186238425943004
1.07712047578609	1.94076388751105
0.195977240943373	0.153990525138928
1.49254396871909	2.49601566391053
-0.0762028910291622	0.0585637846236918
1.26700667699397	1.50009242427678
1.5596865971246	2.02587409448285
1.00599773033079	0.965030485765267
2.08676515369618	2.71638978731946
0.130349871774143	0.0925538229852455
0.333351351373471	0.263158468634691
-0.0408129659558442	0.0354727693907892
0.177968829607173	0.149374311366264
2.02736313774999	3.43389400181281
0.628797156374266	0.713089059213094
0.189986964651346	0.153074574777523
-0.335137775977738	0.369817386020312
1.12276599209983	1.27909914268434
0.469740816641506	0.55782468833845
-1.13533631531239	1.10529072960855
1.55760757323255	2.19998190167282
0.382807806515945	0.373460760224341
0.305153824422903	0.270220498680891
1.19234195812357	1.84267450323469
0.46393970923359	0.38944814637988
0.754839041539848	0.741051782809085
0.583233665444034	0.557742399809772
1.5735011324491	2.23388714112963
1.00643410870446	1.43463771034413
-0.261627115595043	0.216278542623405
0.336537348043561	0.293709068412622
-0.106786827200138	0.0777925207883484
0.470931599961249	0.452697258426836
0.918913627875572	1.20656019062223
0.962448897229868	1.35734154990667
1.28228700100153	2.46821574659998
-0.239658535794208	0.165548137244724
0.425083295173538	0.390883521669095
1.51989060871366	2.9001373733131
0.153984562463667	0.127519973937934
0.76700145429157	0.723980161055723
0.843622947427125	0.916289077628311
0.848216732439282	1.46252475960381
0.471513478270078	0.519091818587852
2.48859604660322	3.68741053394886
1.21221829577255	1.58749731772845
0.695667987161849	0.787121927018261
1.55689898658543	2.67264428682453
0.557944559233043	0.466240990004898
0.367055637076668	0.243368117905006
1.42168864495062	1.80139166602086
-0.0944860567219288	0.0582738394653894
0.466749708503509	0.376385768493113
1.28952017595668	1.89965167828653
0.604980722878212	0.601707023450575
1.70412628763579	2.91258180922308
1.32490208022438	2.21093261965306
1.38718495481206	1.82830823346064
0.564314926891379	0.585853648867285
1.02844295554716	1.48140918367497
0.468412670934547	0.394345324296285
0.0561347660509353	0.0313992586141745
0.702717946854397	0.701723726980102
0.420006436478663	0.39709982392973
2.01655672462097	3.3996450058498
0.0968005490518996	0.0716046206181072
1.38238230297394	1.81979225322078
1.28357880752065	1.77592766833532
0.671774238921044	0.58448071466583
0.8678027656661	0.952084525525363
2.24054953474623	4.09602837337247
0.926025967252692	1.00143540655398
0.742568459403545	0.754853842535413
0.494674840008668	0.539469783946131
0.695559011224964	0.743749607128155
0.413176406777755	0.326591621039923
0.755665985345936	0.74215725109713
0.796180737200747	0.919786102922823
0.38214206864795	0.342763507410243
0.365469286939976	0.324502434180645
1.72154047769083	3.02046572408953
0.833092483422792	0.970182840416988
0.733627630995822	0.873946656478069
1.13735143835473	2.01151843641424
0.978688824570158	1.11524628253097
1.74438843615018	2.83753732894616
0.543177142669764	0.451429025837077
0.478853894665366	0.405165212801205
1.42998681108067	1.81695057771326
0.445414886388541	0.339896640663532
1.6099438923992	2.19369537529375
0.783541106079847	0.868139240298402
0.834111123113407	0.761236914871223
0.476544546392303	0.433554218498275
-0.0227611401016269	0.0132535466090882
0.630467599296057	0.63534930991667
0.0290321132675845	0.0211781756482155
2.15276885780004	4.03875541473977
0.421157047104153	0.429962938803731
0.747589264678483	0.591675340321723
-0.345474600040852	0.268491925509912
0.563319039349864	0.44972883852173
1.41970496886568	1.64438520350781
0.493729719107645	0.437710382873861
1.11073463403972	1.64536096206937
0.354057916933403	0.302812213537082
0.934563022674095	0.922241977564248
0.8774134487404	1.0066436813195
0.158862378008182	0.106501543063761
1.46301561764226	1.49589449819218
0.656244839232906	0.813327844876034
0.482239616608237	0.373779670183986
1.64776700065137	2.27850528135872
1.10671893163532	1.63649989626469
1.36973148397031	1.8789109924179
0.0774220828670898	0.055086089910207
1.48231093584138	1.81919576676567
-0.735171086331919	0.649974803426962
1.57678278343316	2.06728316286668
1.06180022075424	1.55526112912785
1.23888004084357	1.68230744471448
0.101439550061351	0.0829871774511832
0.370929971224057	0.41572213722534
0.740492971907513	1.06194560571939
1.63441984439489	2.8846649848074
0.531356507645533	0.494943399070568
0.778780054447634	1.06346972360694
0.792076373353436	0.848978971406736
0.606944190687874	0.624648681643503
-0.245331541449984	0.160544026679327
0.819104938285916	1.03231925389321
1.85941466734108	3.34019164191686
0.87801457629387	0.768109010014781
0.772931546409532	1.18825654427434
0.555140182150879	0.708604343398756
1.52310344896828	2.72169658307875
0.972136771671906	1.33728564945971
0.734265444968818	0.960479991109625
1.38276232766122	2.4507566309643
1.13744269765896	1.30485291216838
1.14562697072493	1.72250424023449
-0.0164022475564243	0.010404504360819
0.732418045482305	0.648744748283693
1.12824282629444	1.54030207171055
0.604474908573784	0.726093432182984
0.648050594166452	0.74227415089694
0.17465998759633	0.12291878408071
0.758401285577505	0.962679303251246
1.30280075554282	2.15304021945066
0.951478208983699	0.943812118835079
0.528344806111977	0.572952366431536
1.19761636887079	1.62384102100136
0.459187806751662	0.414179771996766
0.62292848840198	0.742738556693625
1.28961372353837	1.78756886218981
1.02972087922779	1.36228362695465
0.543452849406857	0.557433157529752
0.867279900120562	1.08683627384902
1.09797588656062	1.29900069473091
0.279569604230383	0.243615927999234
1.64821454928224	3.18123990056982
1.16367158310069	1.94554677159356
0.423577568168265	0.412710083638946
0.660570196199733	0.888984692370186
0.725617144103327	1.10594923083864
1.07027349207758	1.77991522496744
1.81242119958766	2.87254124282416
1.34301601556618	2.30115881657296
-0.395052020398031	0.409041217918133
0.214635219019169	0.159966914949971
0.643805703357407	0.554217397854511
1.60311323024387	1.99576705409512
1.20846321003373	1.68363269053348
0.971811896953282	1.25116163692978
0.532147544136564	0.634632054169607
0.868881839636224	1.20145357658336
-0.512559904967484	0.412690430648789
0.16208987367541	0.121163425197119
0.812407717188817	0.844485965266335
-0.00722693888141136	0.00418545812117705
0.827438215067524	0.792205769328174
-0.425414429474102	0.356577817340227
1.11501504046358	1.47946011322953
1.02232294752325	1.26938481897909
1.03382451561649	1.15499711326426
0.926697747947177	0.958393902947298
0.626661298182413	0.775758394818137
0.48478854154243	0.56402099227428
0.40499968286559	0.356619647923502
1.8156639414281	2.17743564291223
1.42205217821465	2.51678104617424
0.851003547785942	0.822004185761592
1.57845374812773	2.30619937994397
0.189990246328443	0.148903269335548
0.656821588507836	0.646890402577588
0.14273843765076	0.105577419391426
1.23414368451251	1.44547616644415
-0.105158311216835	0.0783609054814527
0.838212037886152	0.845598676257151
-0.790977278433035	0.722112729273431
1.60874842148668	2.76055027566785
0.314351771128106	0.245763877457882
0.742967329582307	0.62601496905482
1.08369770213323	1.11423621695281
-3.49280012893023e-05	5.63738908706529e-05
0.955849950572168	0.730525758775675
0.842740857795314	0.631218077261154
0.98029283284512	0.986454788902295
1.74358904445246	2.1942737401473
0.999977635644174	1.05067371609246
0.557280139848784	0.580455668047527
1.16323859975542	1.45258149841638
0.533505867641178	0.420183171180479
1.56002573174372	1.3829179170592
2.08284069798547	2.68730849986367
0.300123893044876	0.242047970627773
1.09432855040588	1.28968289409224
1.49376665061355	2.0055912414218
0.0485104865688993	0.032012463166329
2.57830776229261	4.69704854258988
1.35657073989544	1.6289634774203
0.800729207700963	0.980084957197497
0.843224940729583	0.772571912654053
-0.718714885715092	0.384907187512827
0.710577501431677	0.792621100121427
0.57555864109866	0.587019812196502
-0.0542345598229033	0.0366707609623182
0.776152827191874	0.526769394598348
0.589402355315423	0.581492961388503
0.314320378384955	0.321486837549075
1.59402589571537	3.03133277178282
0.904915666216025	1.01088529813246
1.08426762476683	1.21704873585901
1.0313212661115	1.09771030171344
0.771237453628668	0.616990714130463
0.2038111628673	0.111018862044576
0.400928929110774	0.352011934409634
1.22256120260327	1.13842381588804
1.37540589252973	1.09131170041909
1.69725624126711	2.24429760203052
0.729922811886665	0.708833039188976
0.776449215915432	0.857503655890678
-0.0178525886185888	0.0105516530045287
0.637190203166887	0.491556939879118
1.17128570145147	1.29446338748196
0.431741495777116	0.327483454188128
1.47456119731188	2.11557841382222
0.72915976028902	0.573427773407721
1.18964146660078	1.60663761789499
1.32179524930503	1.77655778478896
1.47277087939549	2.84022465799212
0.838785279283995	0.724686922156396
1.92012748331674	2.47274736006525
1.60969293450205	2.37639071229802
0.554616367330026	0.462708532635436
1.01614000559463	1.07359749950369
1.41942954064908	1.64494080022159
0.433491184252089	0.329058100873433
1.1863120671273	1.49829975413675
0.457785296909775	0.41235408123799
0.564885876811078	0.604518042198912
1.36129766029602	1.6337873611803
-0.161054031906214	0.0864248921659383
0.877677835731119	1.03133074880923
1.87951845230423	2.30296497895098
0.687103029274057	0.602074642927418
0.0759482473640357	0.0580581111155608
0.615734226255621	0.594476157804601
0.166362278625623	0.0741502879618568
1.2114239909805	1.20341258806295
0.558568841643967	0.330325537610616
0.608900869900588	0.515917516429319
0.188141706785138	0.128296819217811
0.578566765359981	0.464335439984166
0.479562395695939	0.281032681191128
0.527788369499805	0.536576549012706
0.390315829196667	0.291692885762666
1.59246009802206	1.77449387406074
1.08469418402283	1.4213096466859
0.275731041360986	0.219339817332427
1.39164330567018	1.74279412134014
1.26117408932362	1.72940955462121
1.66670843891407	2.57568769355049
0.658785188363553	0.737375473856021
1.74883559765876	2.90101202431873
0.353883357216128	0.218537814149223
1.0260334951903	1.03131848052622
0.847973159647786	0.637996045356443
-0.47125348742691	0.313190581223791
0.733635747775385	0.616226864958874
0.111604833005063	0.0541408806392148
-0.0100854120918883	0.00458243911923332
1.37779972836975	2.07474693119832
0.402254014865518	0.386829338884182
0.899620555091427	1.04225231185647
1.08256386281113	1.32659113861652
0.29071217655469	0.255090553904597
0.826893853562667	0.620752747057438
0.27157636260506	0.192522341801952
-0.420766528031299	0.415840392198327
0.635226132187813	0.54537468753475
1.11979852788535	1.33726205485022
0.896419929661364	0.957173123057697
0.675758305328216	0.645515854883009
0.121816414224146	0.103148142182301
0.919195105894638	1.29030827891041
1.35617917193735	2.37481364992113
1.05405642635362	1.56692483208149
-0.964964761706042	1.28897576210858
0.167463040878316	0.102654603948058
0.0778037999093187	0.0555001154886072
0.671794772106386	0.640153487210829
0.56892277478178	0.554464800166372
-0.14576786440253	0.105533462767512
2.22292128000079	3.54891304757543
1.48450005607309	2.42860557772126
1.54556274920481	1.99836500241252
0.263464475110487	0.245389879763732
1.36255176953794	1.9085023670966
1.75713130317781	2.8692576593399
0.825807005081355	0.923764895720436
-0.406739931246298	0.260929366795571
0.536005068121055	0.567730536582935
1.2899366798546	1.66808792261487
