group	fill	colour
2	#FDFBFA	#FDFDFD
3	#FEFDFD	#FEFEFE
4	#E9E6F3	#EAEAEA
5	#E3DFF0	#E6E6E6
6	#F8F7FB	#FDFDFD
7	#FBFAFD	#FEFEFE
8	#F5F3F9	#FCFCFC
9	#E9E6F3	#F8F8F8
10	#E0DCEE	#EFEFEF
11	#CFC9E5	#E1E1E1
12	#E5E2F1	#F6F6F6
13	#DAD6EB	#ECECEC
14	#F7F6FB	#FAFAFA
15	#E3DFF0	#F6F6F6
16	#EDEAF5	#FAFAFA
17	#E1DDEF	#F6F6F6
18	#D6D1E9	#F2F2F2
19	#DCD8EC	#F4F4F4
20	#E5E1F1	#F9F9F9
21	#E4E1F1	#F9F9F9
22	#E2DEEF	#F8F8F8
23	#F0EDF7	#FCFCFC
24	#E6E2F1	#F9F9F9
25	#FBFBFD	#FEFEFE
26	#EBE8F4	#FBFBFB
27	#D7D2E9	#F2F2F2
28	#E3DFF0	#F8F8F8
29	#E1DCEF	#F7F7F7
30	#D3CDE7	#F4F4F4
31	#DAD5EB	#F9F9F9
32	#D2CCE6	#F7F7F7
33	#F6F5FA	#FEFEFE
34	#F6F5FA	#FEFEFE
35	#F2E1DF	#FCFCFC
36	#FDF9F9	#FDFDFD
37	#F3E5E3	#FEFEFE
38	#F1E0DE	#FEFEFE
39	#F9F0EF	#FEFEFE
40	#F3F1F9	#FFFFFF
41	#F4E5E3	#FEFEFE
42	#F1E0DE	#FEFEFE
43	#FBF5F4	#FFFFFF
44	#FEFDFD	#FFFFFF
45	#FAF9FC	#FFFFFF
46	#FEFEFE	#FFFFFF
47	#F8F7FB	#FCFCFC
48	#F0EEF7	#F6F6F6
49	#F6F5FA	#FBFBFB
50	#F3F1F8	#F9F9F9
52	#F8F0EF	#EBEBEB
53	#FDFAF9	#FDFDFD
54	#E7E4F2	#EBEBEB
55	#E1DDEF	#DADADA
56	#ECE9F5	#F2F2F2
57	#F7F6FB	#FDFDFD
58	#F0EEF7	#F8F8F8
59	#EBE8F4	#F8F8F8
60	#E4E0F0	#F1F1F1
61	#DCD7EC	#ECECEC
62	#D3CEE7	#E6E6E6
63	#D1CBE6	#E3E3E3
64	#FDFDFE	#FEFEFE
65	#E8E5F3	#F9F9F9
66	#E6E3F2	#F8F8F8
67	#EFEDF6	#FBFBFB
68	#E3DFF0	#F8F8F8
69	#D9D4EB	#F4F4F4
70	#F3F1F8	#FDFDFD
71	#E6E2F1	#F9F9F9
72	#F7F5FA	#FEFEFE
73	#F2F0F8	#FDFDFD
74	#E6E3F2	#FAFAFA
75	#FCFBFD	#FEFEFE
76	#E7E4F2	#F9F9F9
77	#E7E3F2	#FAFAFA
78	#E2DEEF	#F8F8F8
79	#E7E3F2	#FAFAFA
80	#DBD7EC	#F8F8F8
81	#DBD6EC	#F8F8F8
82	#D7D2E9	#F9F9F9
83	#E0DCEE	#FBFBFB
84	#E3DFF0	#FBFBFB
85	#F7ECEA	#FEFEFE
86	#FFFFFF	#FFFFFF
87	#FEFEFE	#FFFFFF
88	#F1E0DE	#FEFEFE
89	#DEBAB5	#FCFCFC
90	#F0DDDB	#FEFEFE
91	#F2E1DF	#FEFEFE
92	#F1E0DE	#FEFEFE
93	#E5E1F1	#FEFEFE
94	#E9CECA	#FEFEFE
95	#F1DFDD	#FEFEFE
96	#F3E5E3	#FEFEFE
97	#FBF7F6	#FCFCFC
98	#F7F6FB	#FCFCFC
99	#FCFCFE	#FEFEFE
100	#F4F2F9	#F9F9F9
101	#F3F1F8	#FAFAFA
103	#FDFBFB	#FDFDFD
104	#FEFEFE	#FFFFFF
105	#E0DBEE	#E0E0E0
106	#E5E2F1	#E4E4E4
107	#EBE8F4	#F0F0F0
108	#F5F4FA	#FCFCFC
109	#E3DFF0	#F0F0F0
110	#E0DCEE	#EDEDED
111	#E6E2F1	#F5F5F5
112	#DCD7EC	#EBEBEB
113	#D3CDE7	#E6E6E6
114	#D8D3EA	#F1F1F1
115	#FDFBFB	#FEFEFE
116	#E8E5F3	#F9F9F9
117	#E5E2F1	#F8F8F8
118	#E8E5F3	#F9F9F9
119	#E4E0F0	#F9F9F9
120	#E0DCEE	#F7F7F7
121	#E3DFF0	#F9F9F9
122	#E2DEEF	#F9F9F9
123	#E0DBEE	#F8F8F8
124	#E0DBEE	#F7F7F7
125	#EBE9F4	#FBFBFB
126	#FFFFFF	#FFFFFF
127	#D9D4EA	#F5F5F5
128	#E8E5F3	#FBFBFB
129	#DCD7EC	#F7F7F7
130	#DFDBEE	#FAFAFA
131	#B9B0D9	#ECECEC
132	#E4E0F0	#FBFBFB
133	#D2CCE7	#F8F8F8
134	#EAE7F4	#FDFDFD
135	#E0DCEE	#FBFBFB
136	#F7F6FB	#FEFEFE
137	#FBF5F4	#FBFBFB
138	#F1E0DE	#FDFDFD
139	#F7ECEB	#FEFEFE
140	#C68E87	#FBFBFB
141	#BF817A	#FAFAFA
142	#FDFBFB	#FFFFFF
143	#F9F1F0	#FFFFFF
144	#ECD6D3	#FEFEFE
145	#F7F5FA	#FFFFFF
146	#FBFAFD	#FFFFFF
147	#FFFEFE	#FFFFFF
148	#FAF9FC	#FDFDFD
149	#F7F5FA	#FBFBFB
150	#F1EFF7	#F8F8F8
151	#E3DFF0	#E5E5E5
153	#F0DDDB	#B1B1B1
154	#F7EDEC	#EBEBEB
155	#C8C1E1	#B9B9B9
156	#D2CCE6	#DDDDDD
157	#D1CBE6	#E2E2E2
158	#D7D1E9	#EDEDED
159	#CDC7E4	#E7E7E7
160	#CFC9E5	#E0E0E0
161	#C0B8DD	#D5D5D5
162	#BFB7DC	#D2D2D2
163	#BAB2DA	#D0D0D0
164	#CBC4E3	#E2E2E2
165	#FCF9F8	#FCFCFC
166	#B7AED8	#BEBEBE
167	#CCC6E3	#E1E1E1
168	#E1DCEE	#F6F6F6
169	#D7D1E9	#F1F1F1
170	#DAD5EB	#F6F6F6
171	#DBD6EB	#F8F8F8
172	#CDC7E4	#F5F5F5
173	#CFC8E5	#F6F6F6
174	#C4BDDF	#F7F7F7
175	#CDC6E4	#F3F3F3
176	#FDFAF9	#FDFDFD
177	#D1CBE6	#F7F7F7
178	#E4E1F1	#FBFBFB
179	#E1DDEF	#FCFCFC
180	#D5D0E8	#F9F9F9
181	#DFDBEE	#FCFCFC
182	#F5E8E6	#FEFEFE
183	#F8F7FB	#FFFFFF
184	#F4F2F9	#FEFEFE
185	#F2F0F8	#FEFEFE
186	#E1DDEF	#FCFCFC
187	#FDFAFA	#FDFDFD
188	#D6D0E9	#FAFAFA
189	#F4F2F9	#FEFEFE
190	#E4E0F0	#FDFDFD
191	#EAE7F4	#FDFDFD
192	#F6F4FA	#FFFFFF
193	#F2F0F8	#FEFEFE
194	#D5CFE8	#FBFBFB
195	#DBD6EB	#FBFBFB
196	#FEFEFE	#FFFFFF
197	#F0DCDA	#FCFCFC
198	#FCFCFD	#FEFEFE
199	#F4F2F9	#FBFBFB
200	#E5E2F1	#E8E8E8
201	#D0CAE6	#CDCDCD
202	#D6D0E8	#D1D1D1
204	#F8EFEE	#EDEDED
205	#F9F2F1	#F4F4F4
206	#C5BDDF	#D2D2D2
207	#CEC7E4	#DCDCDC
208	#D3CEE7	#E7E7E7
209	#C2BADE	#DFDFDF
210	#CBC5E3	#E6E6E6
211	#D6D1E9	#E9E9E9
212	#C5BEDF	#DEDEDE
213	#C9C2E1	#D8D8D8
214	#CCC5E3	#E6E6E6
215	#BBB3DA	#CFCFCF
216	#F8EFEE	#F1F1F1
217	#B8B0D8	#BFBFBF
218	#C5BEE0	#E2E2E2
219	#E7E3F2	#F9F9F9
220	#DAD5EB	#F4F4F4
221	#C4BDDF	#F1F1F1
222	#D6D0E9	#F8F8F8
223	#DCD8EC	#FAFAFA
224	#D0CAE5	#F6F6F6
225	#DED9ED	#FAFAFA
226	#D3CDE7	#F7F7F7
227	#FAF4F3	#F9F9F9
228	#DCD8EC	#FAFAFA
229	#DEDAED	#FAFAFA
230	#DEDAED	#FAFAFA
231	#C8C1E1	#F7F7F7
232	#D5CFE8	#FAFAFA
233	#FAF9FC	#FFFFFF
234	#EAE7F4	#FDFDFD
235	#FDFCFE	#FFFFFF
236	#F6F5FA	#FEFEFE
237	#FDFAFA	#FFFFFF
238	#FCF8F8	#FCFCFC
239	#F8F7FB	#FFFFFF
240	#E3DFF0	#FCFCFC
241	#FFFEFE	#FFFFFF
242	#FFFEFF	#FFFFFF
243	#F3F1F9	#FEFEFE
244	#FCFBFD	#FFFFFF
245	#FBFAFD	#FFFFFF
246	#F8F0EF	#FEFEFE
247	#F1E0DE	#FCFCFC
248	#ECEAF5	#F1F1F1
249	#E2DEEF	#E6E6E6
250	#DDD9ED	#DCDCDC
251	#D0C9E5	#C5C5C5
252	#C0B9DD	#949494
254	#EFDAD8	#909090
255	#F7ECEA	#EBEBEB
256	#CEC8E4	#D7D7D7
257	#D8D3EA	#E9E9E9
258	#DFDAEE	#EFEFEF
259	#C7BFE0	#D9D9D9
260	#DBD6EB	#F0F0F0
261	#D5D0E8	#EEEEEE
262	#C3BCDE	#E0E0E0
263	#C2BADE	#DDDDDD
264	#C6BFE0	#DDDDDD
265	#C0B8DD	#D5D5D5
266	#F4E6E4	#DEDEDE
267	#C1BADD	#D0D0D0
268	#CBC5E3	#D9D9D9
269	#D7D2EA	#EEEEEE
270	#DCD7EC	#F5F5F5
271	#E0DCEE	#FAFAFA
272	#DBD6EB	#F9F9F9
273	#D8D3EA	#F9F9F9
274	#DEDAED	#FAFAFA
275	#D1CBE6	#F7F7F7
276	#DFDAEE	#FAFAFA
277	#F5E9E7	#E7E7E7
278	#D0CAE6	#F4F4F4
279	#FDFDFE	#FFFFFF
280	#ECE9F4	#FDFDFD
281	#CDC7E4	#F7F7F7
282	#F3F1F8	#FEFEFE
283	#FAF9FC	#FFFFFF
284	#D4CFE8	#F9F9F9
285	#F6F5FA	#FEFEFE
286	#EBE8F4	#FDFDFD
287	#F7ECEA	#FEFEFE
288	#F9F2F1	#F5F5F5
289	#EDEBF5	#FDFDFD
290	#F1EFF7	#FEFEFE
291	#E6E2F1	#FCFCFC
292	#F6F4FA	#FEFEFE
293	#FEFCFB	#FFFFFF
294	#E8E4F2	#FDFDFD
295	#FEFEFE	#FFFFFF
296	#E2DEEF	#FDFDFD
297	#FDFCFE	#FFFFFF
298	#F7EDEC	#FEFEFE
299	#F4F3F9	#F8F8F8
300	#DCD7EC	#CECECE
301	#D5CFE8	#D1D1D1
302	#D5D0E8	#C9C9C9
303	#CBC4E3	#B6B6B6
305	#F3E4E2	#C8C8C8
306	#F3E4E2	#DBDBDB
307	#CFC9E5	#DDDDDD
308	#C9C2E2	#DFDFDF
309	#D2CCE6	#E6E6E6
310	#D5D0E8	#EAEAEA
311	#D9D4EA	#F1F1F1
312	#BFB8DC	#E0E0E0
313	#CAC3E2	#E1E1E1
314	#CBC5E3	#E6E6E6
315	#C2BBDE	#D2D2D2
316	#C0B8DD	#D0D0D0
317	#F0DCDA	#C1C1C1
318	#C8C1E1	#D9D9D9
319	#C9C2E2	#DDDDDD
320	#D2CCE7	#F0F0F0
321	#D1CBE6	#F4F4F4
322	#CAC3E2	#F5F5F5
323	#D9D4EB	#F9F9F9
324	#E6E3F2	#FDFDFD
325	#DFDBEE	#FAFAFA
326	#D2CCE6	#F7F7F7
327	#D5D0E8	#F7F7F7
328	#F1E0DE	#D1D1D1
329	#E2DEEF	#FCFCFC
330	#D8D3EA	#FAFAFA
331	#FAF9FC	#FFFFFF
332	#D8D3EA	#FAFAFA
333	#D5D0E8	#F9F9F9
334	#C6BFE0	#F7F7F7
335	#F2F0F8	#FEFEFE
336	#F4F2F9	#FEFEFE
337	#F0EDF7	#FEFEFE
338	#EFEDF7	#FEFEFE
339	#FEFEFF	#FFFFFF
340	#F0EEF7	#FEFEFE
341	#F7F6FB	#FFFFFF
342	#F3F1F9	#FEFEFE
343	#E3DFF0	#FCFCFC
344	#FAF3F2	#FEFEFE
345	#EFEDF7	#FEFEFE
346	#EFEDF6	#FEFEFE
347	#F9F8FC	#FFFFFF
348	#FBF6F5	#FFFFFF
349	#E0DCEE	#CFCFCF
350	#D7D2E9	#C8C8C8
351	#DBD6EB	#DADADA
352	#D1CBE6	#B5B5B5
353	#D3CDE7	#DCDCDC
355	#EFDCD9	#979797
356	#F0DEDB	#BCBCBC
357	#DAD5EB	#E9E9E9
358	#D3CDE7	#E2E2E2
359	#D3CDE7	#ECECEC
360	#D4CFE8	#E7E7E7
361	#D3CDE7	#EAEAEA
362	#C6BFE0	#E6E6E6
363	#C3BBDE	#E3E3E3
364	#C9C2E2	#E2E2E2
365	#C7C0E0	#DCDCDC
366	#C9C2E2	#DBDBDB
367	#F0DDDB	#CBCBCB
368	#C1B9DD	#DADADA
369	#C8C1E1	#DDDDDD
370	#BCB4DA	#D3D3D3
371	#B1A8D4	#E6E6E6
372	#D4CEE8	#F6F6F6
373	#CBC4E3	#F4F4F4
374	#BBB3DA	#F2F2F2
375	#E4E1F1	#FCFCFC
376	#D1CBE6	#F6F6F6
377	#D1CBE6	#F6F6F6
378	#EEDAD7	#B7B7B7
379	#E2DEEF	#FDFDFD
380	#E3DFF0	#FBFBFB
381	#DFDBEE	#FBFBFB
382	#ECEAF5	#FDFDFD
383	#D0CAE6	#FAFAFA
384	#CAC3E2	#F8F8F8
385	#E8E5F2	#FCFCFC
386	#D7D2E9	#FBFBFB
387	#FAF4F3	#FEFEFE
388	#F4F2F9	#FEFEFE
389	#F9F2F1	#F7F7F7
390	#F4F3F9	#FEFEFE
391	#F5F4FA	#FEFEFE
392	#F8F7FB	#FFFFFF
393	#FFFEFE	#FFFFFF
394	#F0EEF7	#FEFEFE
395	#F6F4FA	#FFFFFF
396	#EAE7F4	#FEFEFE
397	#DFDBEE	#FEFEFE
398	#F0EDF7	#FEFEFE
399	#F8EEED	#FEFEFE
400	#EBE8F4	#E6E6E6
401	#D5CFE8	#AEAEAE
402	#CCC6E4	#A6A6A6
403	#C6BFE0	#9A9A9A
404	#D2CCE6	#D7D7D7
406	#F5E8E7	#D7D7D7
407	#F1DFDD	#C7C7C7
408	#D6D0E9	#E8E8E8
409	#D1CBE6	#E6E6E6
410	#D2CCE7	#E9E9E9
411	#D8D3EA	#ECECEC
412	#D2CCE7	#EAEAEA
413	#C6BEE0	#E5E5E5
414	#D3CDE7	#ECECEC
415	#C4BCDF	#DCDCDC
416	#CCC6E4	#DFDFDF
417	#CDC7E4	#E2E2E2
418	#F2E1DF	#D6D6D6
419	#C1BADD	#D7D7D7
420	#D3CDE7	#E9E9E9
421	#C0B8DC	#E5E5E5
422	#CEC7E4	#F2F2F2
423	#E2DDEF	#FBFBFB
424	#C9C2E1	#F4F4F4
425	#CCC5E3	#F5F5F5
426	#F3F1F9	#FEFEFE
427	#CFC8E5	#F8F8F8
428	#CEC8E5	#F7F7F7
429	#F5E8E7	#E7E7E7
430	#DFDBEE	#FBFBFB
431	#D0CAE6	#FBFBFB
432	#E5E2F1	#FDFDFD
433	#D8D3EA	#FAFAFA
434	#D6D1E9	#FCFCFC
435	#E4E0F0	#FDFDFD
436	#D0CAE5	#F9F9F9
437	#D4CEE8	#F9F9F9
438	#DFDBEE	#FCFCFC
439	#FEFDFE	#FFFFFF
440	#F8F7FB	#FBFBFB
441	#F6F5FA	#FEFEFE
442	#F2F0F8	#FEFEFE
443	#FFFFFF	#FFFFFF
444	#F2F0F8	#FEFEFE
445	#EBE9F4	#FEFEFE
446	#FEFDFD	#FFFFFF
447	#D9D4EB	#FCFCFC
448	#FDFCFE	#FFFFFF
449	#F2F0F8	#FEFEFE
450	#E3DFF0	#D3D3D3
451	#CFC8E5	#929292
452	#C6BEE0	#7D7D7D
453	#D6D1E9	#E1E1E1
454	#DAD5EB	#E6E6E6
456	#F0DEDC	#A4A4A4
457	#F8EEED	#EDEDED
458	#DDD8EC	#EAEAEA
459	#DBD6EB	#EEEEEE
460	#C4BCDF	#D8D8D8
461	#CDC6E4	#E6E6E6
462	#D8D3EA	#EFEFEF
463	#D1CAE6	#EBEBEB
464	#CBC4E3	#EBEBEB
465	#D4CEE8	#EEEEEE
466	#C3BBDE	#D6D6D6
467	#C9C2E2	#E1E1E1
468	#F3E4E2	#D6D6D6
469	#CAC3E2	#E1E1E1
470	#CFC9E5	#E9E9E9
471	#B5ACD7	#DFDFDF
472	#D4CEE7	#F0F0F0
473	#D4CEE8	#F6F6F6
474	#F5F4FA	#FEFEFE
475	#E9E6F3	#FCFCFC
476	#CAC3E2	#F4F4F4
477	#E1DDEF	#FBFBFB
478	#E3DFF0	#FCFCFC
479	#FAF4F3	#F9F9F9
480	#C4BDDF	#F6F6F6
481	#DCD7EC	#FBFBFB
482	#E3DFF0	#FCFCFC
483	#D9D4EA	#F9F9F9
484	#F5F4FA	#FEFEFE
485	#CEC7E4	#F7F7F7
486	#C2BADE	#F6F6F6
487	#D2CCE7	#FBFBFB
488	#E9E6F3	#FDFDFD
489	#FEFCFC	#FFFFFF
490	#F5F3F9	#F7F7F7
491	#FEFEFD	#FFFFFF
492	#FCFCFE	#FFFFFF
493	#F6F4FA	#FEFEFE
494	#E8E5F2	#FDFDFD
495	#F6F4FA	#FFFFFF
496	#EDEBF5	#FEFEFE
497	#F7EDEC	#FEFEFE
498	#FAF3F2	#FEFEFE
499	#EBE8F4	#FEFEFE
500	#FAF3F2	#FFFFFF
501	#F2F0F8	#F5F5F5
502	#E2DEEF	#CECECE
503	#C7C0E1	#5B5B5B
504	#CDC7E4	#C2C2C2
505	#DFDAED	#EEEEEE
507	#F8EEED	#E9E9E9
508	#F9F1EF	#F2F2F2
509	#DAD5EB	#ECECEC
510	#D8D3EA	#E9E9E9
511	#D5D0E8	#E9E9E9
512	#C3BCDF	#E7E7E7
513	#E6E3F2	#F7F7F7
514	#D2CCE7	#ECECEC
515	#C9C2E2	#E6E6E6
516	#C6BFE0	#E0E0E0
517	#D1CCE6	#EAEAEA
518	#BEB6DB	#DCDCDC
519	#F8EFEE	#F3F3F3
520	#BDB5DB	#D7D7D7
521	#CDC6E4	#ECECEC
522	#A399CD	#DEDEDE
523	#C8C1E1	#EFEFEF
524	#E4E0F0	#FBFBFB
525	#E2DEEF	#FAFAFA
526	#E0DCEE	#FAFAFA
527	#E0DBEE	#FAFAFA
528	#E4E0F0	#FDFDFD
529	#EEEBF6	#FDFDFD
530	#F1EFF8	#F4F4F4
531	#C2BADE	#F5F5F5
532	#E1DDEF	#FCFCFC
533	#DAD5EB	#FAFAFA
534	#E7E3F2	#FDFDFD
535	#E3DFF0	#FBFBFB
536	#CAC3E2	#F9F9F9
537	#D8D3EA	#FAFAFA
538	#E5E1F1	#FCFCFC
539	#F5F4FA	#FEFEFE
540	#FAF4F3	#FEFEFE
541	#F4F3F9	#F7F7F7
542	#F1EFF7	#FEFEFE
543	#F3F1F9	#FEFEFE
544	#E7E4F2	#FDFDFD
545	#E7E4F2	#FDFDFD
546	#F9F9FC	#FFFFFF
547	#FDFDFE	#FFFFFF
548	#E8E5F3	#FDFDFD
549	#FEFCFC	#FFFFFF
550	#EEECF6	#FEFEFE
551	#EBE8F4	#E7E7E7
552	#DED9ED	#BABABA
553	#D3CEE7	#BCBCBC
554	#DBD6EB	#E0E0E0
555	#D4CEE7	#E8E8E8
557	#F2E2E0	#B7B7B7
558	#F9F1F0	#F2F2F2
559	#D6D1E9	#EEEEEE
560	#E1DDEF	#F0F0F0
561	#CCC5E3	#E1E1E1
562	#BFB7DC	#D9D9D9
563	#D0CAE6	#EDEDED
564	#D9D4EB	#EFEFEF
565	#D0CAE5	#E8E8E8
566	#B0A7D4	#D6D6D6
567	#D4CEE8	#EDEDED
568	#C6BFE0	#DFDFDF
569	#FEFCFB	#FEFEFE
570	#D3CEE7	#EEEEEE
571	#AAA0D0	#DADADA
572	#ACA3D2	#E2E2E2
573	#B3AAD6	#E9E9E9
574	#C6BFE0	#F3F3F3
575	#D7D1E9	#F6F6F6
576	#D3CDE7	#F6F6F6
577	#DFDAED	#FAFAFA
578	#EBE8F4	#FDFDFD
579	#E9E6F3	#FDFDFD
580	#F7F6FB	#FAFAFA
581	#EDEBF5	#FDFDFD
582	#E8E5F3	#FDFDFD
583	#CEC8E4	#F9F9F9
584	#D2CCE7	#FAFAFA
585	#E2DEEF	#FCFCFC
586	#F3F1F9	#FEFEFE
587	#E0DBEE	#FCFCFC
588	#E7E4F2	#FDFDFD
589	#E7E3F2	#FDFDFD
590	#FFFFFF	#FFFFFF
591	#EDEBF5	#EFEFEF
592	#EFDCD9	#FEFEFE
593	#EDEBF6	#FEFEFE
594	#FAF3F2	#FEFEFE
595	#F0EDF7	#FEFEFE
596	#FBFAFD	#FFFFFF
597	#FAF2F2	#FEFEFE
598	#F6F5FA	#FEFEFE
599	#F8EFED	#FEFEFE
600	#F0EDF7	#FEFEFE
601	#EAE7F4	#FEFEFE
602	#F3F1F8	#F5F5F5
603	#F3F2F9	#F5F5F5
604	#E5E2F1	#E2E2E2
605	#D3CDE7	#C2C2C2
606	#D3CDE7	#D8D8D8
608	#F7ECEB	#E2E2E2
609	#FEFCFC	#FEFEFE
610	#DBD7EC	#EEEEEE
611	#D6D1E9	#E8E8E8
612	#C6BEE0	#E0E0E0
613	#C9C2E2	#E5E5E5
614	#CEC8E5	#EBEBEB
615	#CAC3E2	#E2E2E2
616	#D1CAE6	#E6E6E6
617	#D4CFE8	#EFEFEF
618	#DAD5EB	#F2F2F2
619	#C4BDDF	#E3E3E3
620	#F8F7FB	#FBFBFB
621	#C0B9DD	#EBEBEB
622	#C9C2E2	#ECECEC
623	#C3BBDE	#EFEFEF
624	#D6D0E8	#F6F6F6
625	#D4CFE8	#F4F4F4
626	#E1DDEF	#FBFBFB
627	#D0C9E5	#F5F5F5
628	#D8D3EA	#F9F9F9
629	#D0CAE6	#F7F7F7
630	#FDFCFE	#FFFFFF
631	#F7F6FB	#FAFAFA
632	#D3CEE7	#F8F8F8
633	#D4CEE8	#F9F9F9
634	#E4E1F1	#FDFDFD
635	#F2F0F8	#FEFEFE
636	#FAFAFD	#FFFFFF
637	#FAFAFC	#FFFFFF
638	#F7EEEC	#FEFEFE
639	#E0DCEE	#FCFCFC
640	#E7E4F2	#FDFDFD
641	#F3F2F9	#FEFEFE
642	#F1EFF7	#F4F4F4
643	#FDFCFE	#FFFFFF
644	#EDEAF5	#FEFEFE
645	#FAF9FC	#FFFFFF
646	#F3F1F8	#FEFEFE
647	#ECEAF5	#FEFEFE
648	#FEFEFE	#FFFFFF
649	#F8F7FB	#FFFFFF
650	#F3F1F9	#FEFEFE
651	#F2F0F8	#FEFEFE
652	#FEFDFE	#FFFFFF
653	#F3F2F9	#F8F8F8
654	#EAE7F4	#EEEEEE
655	#D8D2EA	#D6D6D6
656	#DBD6EB	#E4E4E4
658	#F1DFDD	#A4A4A4
659	#FDF9F9	#FCFCFC
660	#D2CCE7	#DADADA
661	#DED9ED	#F1F1F1
662	#D2CDE7	#EAEAEA
663	#D9D4EA	#EFEFEF
664	#CEC8E4	#E9E9E9
665	#D3CDE7	#EDEDED
666	#D4CEE8	#E9E9E9
667	#C8C1E1	#E6E6E6
668	#D6D0E9	#F0F0F0
669	#CEC8E4	#EAEAEA
670	#F1EFF7	#F0F0F0
671	#BBB3DA	#E5E5E5
672	#C0B8DD	#EAEAEA
673	#C7C0E1	#EEEEEE
674	#C9C2E1	#F3F3F3
675	#D6D1E9	#F6F6F6
676	#B5ADD7	#EBEBEB
677	#C5BEE0	#F6F6F6
678	#EEEBF6	#FEFEFE
679	#ECEAF5	#FDFDFD
680	#C0B9DD	#F6F6F6
681	#F4F3F9	#F6F6F6
682	#DDD8EC	#FBFBFB
683	#E6E3F2	#FDFDFD
684	#D9D4EA	#FBFBFB
685	#D4CEE8	#F9F9F9
686	#DEDAED	#FCFCFC
687	#EDEAF5	#FDFDFD
688	#F3F1F9	#FEFEFE
689	#F7ECEB	#FEFEFE
690	#F6F4FA	#FEFEFE
691	#EAE7F3	#FDFDFD
692	#F6F5FA	#F9F9F9
693	#E6E3F1	#FCFCFC
694	#F9F0EF	#FEFEFE
695	#F7ECEB	#FEFEFE
696	#F8EFED	#FEFEFE
697	#DED9ED	#FBFBFB
698	#F0EEF7	#FEFEFE
699	#FDFDFE	#FFFFFF
700	#E9E6F3	#FEFEFE
701	#E2DEEF	#FCFCFC
702	#FFFFFF	#FFFFFF
703	#F9F8FC	#FCFCFC
704	#FBFAFD	#FEFEFE
705	#F7F6FB	#FCFCFC
706	#E7E4F2	#ECECEC
707	#D4CEE7	#CFCFCF
709	#F8EFEE	#ECECEC
710	#F4F2F9	#F4F4F4
711	#D8D3EA	#E3E3E3
712	#D5CFE8	#EDEDED
713	#D0CAE5	#E5E5E5
714	#D1CAE6	#EAEAEA
715	#CDC6E4	#E2E2E2
716	#DCD8EC	#F1F1F1
717	#C8C1E1	#E2E2E2
718	#D5CFE8	#EEEEEE
719	#D2CCE7	#EFEFEF
720	#C6BFE0	#EBEBEB
721	#F0EEF7	#F0F0F0
722	#BBB3DA	#E8E8E8
723	#C7BFE0	#F1F1F1
724	#C6BFE0	#F0F0F0
725	#C6BFE0	#EFEFEF
726	#C5BEE0	#F2F2F2
727	#D5CFE8	#F5F5F5
728	#D8D2EA	#F9F9F9
729	#EBE8F4	#FDFDFD
730	#E8E5F2	#FDFDFD
731	#EAE7F4	#FDFDFD
732	#F5F4FA	#F8F8F8
733	#F6F5FA	#FEFEFE
734	#DBD6EB	#FAFAFA
735	#C4BCDF	#F6F6F6
736	#DDD8EC	#FCFCFC
737	#D7D2E9	#FAFAFA
738	#EDEAF5	#FDFDFD
739	#ECE9F5	#FDFDFD
740	#EFEDF6	#FEFEFE
741	#F1EFF8	#FEFEFE
742	#E7E3F2	#FDFDFD
743	#FFFFFF	#FFFFFF
744	#DFDBEE	#FCFCFC
745	#F8F0EF	#FEFEFE
746	#FCFCFE	#FFFFFF
747	#FFFEFE	#FFFFFF
748	#E5E1F1	#FCFCFC
749	#FDFAFA	#FFFFFF
750	#FDFDFE	#FFFFFF
751	#F8F6FB	#FFFFFF
752	#D6D0E9	#FAFAFA
753	#FCFCFE	#FEFEFE
754	#FDFCFE	#FEFEFE
755	#F9F8FC	#FDFDFD
756	#E1DDEF	#E5E5E5
757	#C8C2E1	#B7B7B7
759	#EDD6D3	#7E7E7E
760	#FCFBFD	#FDFDFD
761	#D2CCE7	#D1D1D1
762	#C3BBDE	#D0D0D0
763	#DCD8EC	#F1F1F1
764	#DAD5EB	#EFEFEF
765	#D6D0E9	#ECECEC
766	#CCC6E3	#E1E1E1
767	#D9D4EA	#F2F2F2
768	#D0CAE5	#E8E8E8
769	#D4CFE8	#EFEFEF
770	#CAC3E2	#EFEFEF
771	#F7F6FB	#FAFAFA
772	#BFB7DC	#ECECEC
773	#B0A7D4	#E5E5E5
774	#C8C1E1	#F3F3F3
775	#DCD8EC	#F8F8F8
776	#C1BADE	#F1F1F1
777	#CFC9E5	#F3F3F3
778	#D2CCE7	#F6F6F6
779	#E7E4F2	#FDFDFD
780	#EDEBF5	#FEFEFE
781	#D6D1E9	#FBFBFB
782	#F6F5FA	#F9F9F9
783	#EBE9F4	#FDFDFD
784	#E5E1F1	#FDFDFD
785	#EBE8F4	#FDFDFD
786	#D3CDE7	#F9F9F9
787	#E8E5F3	#FDFDFD
788	#DDD8EC	#FCFCFC
789	#D7D2E9	#FAFAFA
790	#EAE7F4	#FDFDFD
791	#FEFEFE	#FFFFFF
792	#E7E4F2	#FCFCFC
793	#FFFEFF	#FFFFFF
794	#EDEBF5	#FEFEFE
795	#F3F2F9	#FEFEFE
796	#F9F2F1	#FEFEFE
797	#FAF3F3	#FEFEFE
798	#E5E1F1	#FDFDFD
799	#FEFCFC	#FFFFFF
800	#D8D3EA	#FAFAFA
801	#EBE8F4	#FDFDFD
802	#EBE8F4	#FEFEFE
803	#E2DEEF	#FCFCFC
804	#FFFEFE	#FFFFFF
805	#FDFCFE	#FFFFFF
806	#F8F7FB	#FDFDFD
807	#F0EEF7	#F8F8F8
808	#E3DFF0	#E8E8E8
810	#F1DFDD	#B1B1B1
811	#FDFBFB	#FEFEFE
812	#D3CDE7	#D3D3D3
813	#DCD8EC	#EBEBEB
814	#D7D2E9	#F1F1F1
815	#D9D4EB	#EFEFEF
816	#D4CFE8	#E8E8E8
817	#D1CBE6	#E8E8E8
818	#CDC7E4	#ECECEC
819	#D4CEE7	#ECECEC
820	#CAC3E2	#EDEDED
821	#CBC5E3	#F2F2F2
822	#FFFFFF	#FFFFFF
823	#BBB3DA	#EDEDED
824	#D4CEE7	#F4F4F4
825	#C3BBDE	#EEEEEE
826	#BEB6DC	#EDEDED
827	#C6BFE0	#EEEEEE
828	#D6D1E9	#F8F8F8
829	#E3DFF0	#FCFCFC
830	#D7D2E9	#FAFAFA
831	#D5CFE8	#F9F9F9
832	#D3CEE7	#F9F9F9
833	#FBF5F4	#F9F9F9
834	#E4E1F1	#FDFDFD
835	#DED9ED	#FCFCFC
836	#F8F8FB	#FFFFFF
837	#E2DEEF	#FCFCFC
838	#E2DFF0	#FDFDFD
839	#FEFDFD	#FFFFFF
840	#FCFBFD	#FFFFFF
841	#DCD8EC	#FCFCFC
842	#EAE7F4	#FDFDFD
843	#EFEDF7	#FEFEFE
844	#FAF3F2	#F9F9F9
845	#E9E6F3	#FDFDFD
846	#F1EFF8	#FEFEFE
847	#FEFEFF	#FFFFFF
848	#F6F4FA	#FEFEFE
849	#E6E3F2	#FDFDFD
850	#FCF9F8	#FFFFFF
851	#FEFDFD	#FFFFFF
852	#EAE7F4	#FEFEFE
853	#FCF7F7	#FFFFFF
854	#FBF6F6	#FCFCFC
855	#FBFAFD	#FEFEFE
856	#F8F7FB	#FDFDFD
857	#EEEBF6	#F6F6F6
858	#E0DCEE	#E5E5E5
860	#ECD4D1	#595959
861	#EFDCDA	#B4B4B4
862	#E9E6F3	#F3F3F3
863	#D9D4EA	#DFDFDF
864	#D2CCE6	#E4E4E4
865	#CAC3E2	#E2E2E2
866	#D2CCE6	#E6E6E6
867	#C2BADE	#E0E0E0
868	#C1B9DD	#DBDBDB
869	#C4BCDF	#E8E8E8
870	#D5CFE8	#F3F3F3
871	#C0B8DD	#EBEBEB
872	#F9F2F1	#F5F5F5
873	#BDB5DB	#EDEDED
874	#BAB1D9	#EDEDED
875	#C8C2E1	#EEEEEE
876	#C6BEE0	#EFEFEF
877	#D2CCE7	#F3F3F3
878	#D2CCE6	#F6F6F6
879	#E3E0F0	#FBFBFB
880	#CBC4E3	#F6F6F6
881	#D0CAE6	#F9F9F9
882	#DCD7EC	#FBFBFB
883	#F8EFED	#F1F1F1
884	#D7D2EA	#FBFBFB
885	#F9F8FC	#FFFFFF
886	#E8E4F2	#FDFDFD
887	#E3E0F0	#FCFCFC
888	#E3DFF0	#FCFCFC
889	#AFA6D3	#F3F3F3
890	#F5F4FA	#FEFEFE
891	#EEECF6	#FEFEFE
892	#E7E3F2	#FDFDFD
893	#FBFAFD	#FFFFFF
894	#F4E6E4	#E9E9E9
895	#E8E5F2	#FDFDFD
896	#E1DDEF	#FDFDFD
897	#F8F7FB	#FFFFFF
898	#F0EDF7	#FEFEFE
899	#FCF9F8	#FFFFFF
900	#FFFEFE	#FFFFFF
901	#E9E6F3	#FDFDFD
902	#DCD7EC	#FAFAFA
903	#EAE7F4	#FDFDFD
904	#DEDAED	#FCFCFC
905	#F8EEED	#F6F6F6
906	#FDFBFB	#FEFEFE
907	#F3F1F9	#FBFBFB
908	#FEFEFF	#FFFFFF
909	#F3F1F8	#FBFBFB
911	#F0DCDA	#999999
912	#EBD4D1	#959595
913	#E0DCEE	#E8E8E8
914	#CDC6E4	#D3D3D3
915	#C5BEE0	#D3D3D3
916	#D9D3EA	#F0F0F0
917	#D3CDE7	#E8E8E8
918	#D7D2E9	#EBEBEB
919	#CFC9E5	#EBEBEB
920	#D7D2EA	#F6F6F6
921	#DCD7EC	#F5F5F5
922	#C7BFE0	#F1F1F1
923	#F1DFDD	#C9C9C9
924	#C0B8DD	#F3F3F3
925	#D5CFE8	#F6F6F6
926	#ADA4D3	#E9E9E9
927	#AFA6D4	#EBEBEB
928	#E3DFF0	#FBFBFB
929	#D4CEE8	#F8F8F8
930	#C3BBDE	#F5F5F5
931	#DDD8ED	#FAFAFA
932	#E0DBEE	#FBFBFB
933	#E1DCEF	#FBFBFB
934	#F4E7E5	#EAEAEA
935	#E8E4F2	#FDFDFD
936	#D7D2E9	#FAFAFA
937	#E0DBEE	#FBFBFB
938	#EDEAF5	#FEFEFE
939	#E3DFF0	#FCFCFC
940	#FCFCFD	#FFFFFF
941	#FCFBFD	#FFFFFF
942	#DFDBEE	#FCFCFC
943	#DED9ED	#FBFBFB
944	#F0EEF7	#FEFEFE
945	#F6EBE9	#F3F3F3
946	#F7EDEB	#FEFEFE
947	#E4E1F1	#FDFDFD
948	#FAF3F2	#FFFFFF
949	#F0EEF7	#FEFEFE
950	#EBE8F4	#FEFEFE
951	#F5E9E7	#FDFDFD
952	#E3DFF0	#FCFCFC
953	#E4E0F0	#FBFBFB
954	#EDEAF5	#FEFEFE
955	#FEFCFC	#FEFEFE
956	#FEFCFC	#FEFEFE
957	#FDFBFB	#FEFEFE
958	#F6F5FA	#FCFCFC
959	#F2F0F8	#FAFAFA
961	#EBD3D0	#565656
962	#EBD2CF	#7D7D7D
963	#E8E5F3	#F3F3F3
964	#DCD7EC	#E7E7E7
965	#C8C1E1	#C6C6C6
966	#DDD9ED	#EDEDED
967	#CAC3E2	#E4E4E4
968	#E1DDEF	#F2F2F2
969	#C0B9DD	#DEDEDE
970	#C7BFE0	#E8E8E8
971	#BFB7DC	#EEEEEE
972	#C7C0E1	#F0F0F0
973	#E6C9C6	#606060
974	#C2BBDE	#EFEFEF
975	#E5E2F1	#FBFBFB
976	#D2CCE6	#F6F6F6
977	#D6D1E9	#F5F5F5
978	#CCC6E3	#F4F4F4
979	#D2CCE7	#F5F5F5
980	#D0CAE5	#F8F8F8
981	#D1CBE6	#F7F7F7
982	#E9E5F3	#FDFDFD
983	#E2DEEF	#FCFCFC
984	#F2E1DE	#DDDDDD
985	#EBE9F4	#FDFDFD
986	#EFEDF7	#FDFDFD
987	#D6D0E9	#FAFAFA
988	#D5D0E8	#FBFBFB
989	#ECE9F5	#FDFDFD
990	#F0EDF7	#FEFEFE
991	#EAE7F4	#FEFEFE
992	#F6F5FA	#FEFEFE
993	#E5E1F1	#FDFDFD
994	#E8E5F3	#FEFEFE
995	#F7ECEB	#F4F4F4
996	#FBF5F4	#FFFFFF
997	#EAE7F3	#FDFDFD
998	#F0EDF7	#FEFEFE
999	#F3F1F8	#FEFEFE
1000	#F5F4FA	#FEFEFE
1001	#FBFBFD	#FFFFFF
1002	#F2F1F8	#FEFEFE
1003	#EFEDF6	#FEFEFE
1004	#F0EEF7	#FEFEFE
1005	#E1DDEF	#FDFDFD
1006	#F7EDEB	#F5F5F5
1007	#FEFEFF	#FFFFFF
1008	#FEFDFE	#FFFFFF
1009	#F9F9FC	#FEFEFE
1010	#EBE8F4	#F5F5F5
1012	#EED9D6	#8C8C8C
1013	#E8CCC9	#656565
1014	#E6E3F2	#F1F1F1
1015	#D4CFE8	#D4D4D4
1016	#D5D0E8	#D9D9D9
1017	#CBC5E3	#DDDDDD
1018	#DDD8EC	#F4F4F4
1019	#DBD6EB	#F2F2F2
1020	#CCC6E3	#EDEDED
1021	#C4BDDF	#EEEEEE
1022	#C3BCDF	#EDEDED
1023	#BDB5DB	#ECECEC
1024	#E7CAC7	#999999
1025	#B1A8D4	#E6E6E6
1026	#B5ADD7	#EDEDED
1027	#D8D3EA	#F8F8F8
1028	#D0CAE6	#F5F5F5
1029	#D4CEE8	#F6F6F6
1030	#D1CBE6	#F7F7F7
1031	#D5CFE8	#F8F8F8
1032	#D5D0E8	#F8F8F8
1033	#B9B1D9	#F0F0F0
1034	#F2F1F8	#FEFEFE
1035	#F1E0DE	#E1E1E1
1036	#C8C1E1	#F7F7F7
1037	#D9D4EA	#FAFAFA
1038	#F5F3FA	#FEFEFE
1039	#F2F0F8	#FEFEFE
1040	#EBE8F4	#FEFEFE
1041	#CBC4E3	#F9F9F9
1042	#ECEAF5	#FDFDFD
1043	#DED9ED	#FCFCFC
1044	#F6F5FA	#FFFFFF
1045	#DCD7EC	#FBFBFB
1046	#F7EEEC	#F6F6F6
1047	#EEEBF6	#FEFEFE
1048	#F8F7FB	#FFFFFF
1049	#F7F5FA	#FFFFFF
1050	#EDEBF5	#FEFEFE
1051	#FEFCFC	#FFFFFF
1052	#FBF5F4	#FFFFFF
1053	#D5CFE8	#FAFAFA
1054	#FBF7F6	#FFFFFF
1055	#D4CEE8	#F9F9F9
1056	#FBF6F5	#FCFCFC
1057	#FCF9F8	#FDFDFD
1058	#FCF7F7	#FDFDFD
1059	#EFEDF6	#FAFAFA
1060	#F1EFF7	#FAFAFA
1062	#ECD4D1	#616161
1063	#EBD2CF	#838383
1064	#E9E5F3	#F4F4F4
1065	#E8E5F3	#F3F3F3
1066	#E0DBEE	#E6E6E6
1067	#CCC6E3	#CFCFCF
1068	#CBC4E3	#DEDEDE
1069	#D4CEE8	#F0F0F0
1070	#E0DCEE	#F7F7F7
1071	#D1CBE6	#F2F2F2
1072	#D3CDE7	#F5F5F5
1073	#D4CEE8	#F6F6F6
1074	#ECD5D2	#B4B4B4
1075	#CDC7E4	#F3F3F3
1076	#D1CBE6	#F5F5F5
1077	#D5CFE8	#F7F7F7
1078	#E7E3F2	#FDFDFD
1079	#C1B9DD	#EDEDED
1080	#D3CEE7	#F7F7F7
1081	#C6BFE0	#F4F4F4
1082	#D5CFE8	#F7F7F7
1083	#C5BEE0	#F4F4F4
1084	#DEDAED	#FBFBFB
1085	#EAD0CD	#B9B9B9
1086	#D6D0E9	#FAFAFA
1087	#E5E2F1	#FDFDFD
1088	#D7D1E9	#FAFAFA
1089	#F9F2F1	#FEFEFE
1090	#F9F9FC	#FFFFFF
1091	#EDEBF5	#FEFEFE
1092	#EDEAF5	#FEFEFE
1093	#C0B8DD	#F8F8F8
1094	#F9F8FC	#FFFFFF
1095	#E6E3F2	#FDFDFD
1096	#F2E1DF	#E5E5E5
1097	#FEFDFD	#FFFFFF
1098	#E8E5F3	#FEFEFE
1099	#E2DEEF	#FDFDFD
1100	#D0CAE5	#FBFBFB
1101	#EFECF6	#FEFEFE
1102	#F5E8E7	#FDFDFD
1103	#FCF9F9	#FFFFFF
1104	#EDEAF5	#FEFEFE
1105	#DED9ED	#FCFCFC
1106	#E5E1F1	#FDFDFD
1107	#F8EEED	#F8F8F8
1108	#F8EEED	#F7F7F7
1109	#FCF7F7	#FDFDFD
1110	#FCFCFD	#FEFEFE
1111	#F9F9FC	#FEFEFE
1113	#EFDBD9	#9F9F9F
1114	#EAD1CE	#A9A9A9
1115	#E6E2F1	#F0F0F0
1116	#E6E2F1	#EFEFEF
1117	#DAD5EB	#DFDFDF
1118	#CCC6E4	#D6D6D6
1119	#D4CEE8	#E8E8E8
1120	#D7D1E9	#F4F4F4
1121	#D1CBE6	#F2F2F2
1122	#D1CBE6	#F4F4F4
1123	#C8C1E1	#F3F3F3
1124	#D2CCE7	#F5F5F5
1125	#EBD4D1	#BBBBBB
1126	#D0CAE6	#F3F3F3
1127	#C2BBDE	#EFEFEF
1128	#CCC5E3	#F6F6F6
1129	#D1CBE6	#F6F6F6
1130	#D8D3EA	#F7F7F7
1131	#9D93CA	#E7E7E7
1132	#BDB5DB	#F1F1F1
1133	#C8C1E1	#F4F4F4
1134	#DBD6EB	#FAFAFA
1135	#DEDAED	#FBFBFB
1136	#F2E2DF	#E6E6E6
1137	#E6E2F1	#FCFCFC
1138	#F0EEF7	#FEFEFE
1139	#F4F3F9	#FEFEFE
1140	#F5F3FA	#FEFEFE
1141	#F9F8FC	#FFFFFF
1142	#E1DDEF	#FCFCFC
1143	#E8E5F3	#FEFEFE
1144	#F2F0F8	#FEFEFE
1145	#E0DBEE	#FBFBFB
1146	#DFDBEE	#FCFCFC
1147	#F9F0EF	#F9F9F9
1148	#F9F0EF	#FEFEFE
1149	#D8D3EA	#FDFDFD
1150	#EDEAF5	#FEFEFE
1151	#DDD9ED	#FCFCFC
1152	#FBFAFD	#FFFFFF
1153	#E7E4F2	#FDFDFD
1154	#F8F7FB	#FFFFFF
1155	#E2DEF0	#FDFDFD
1156	#EBE8F4	#FDFDFD
1157	#FAF4F3	#FBFBFB
1158	#FBF6F6	#FDFDFD
1159	#FDFAFA	#FEFEFE
1160	#FDFBFB	#FEFEFE
1161	#F5F4FA	#FCFCFC
1163	#F6EAE8	#DBDBDB
1164	#FEFDFE	#FEFEFE
1165	#DCD8EC	#DBDBDB
1166	#E8E5F3	#EDEDED
1167	#EEEBF6	#F2F2F2
1168	#EBE8F4	#F1F1F1
1169	#E8E5F3	#F4F4F4
1170	#DDD9ED	#E7E7E7
1171	#E4E0F0	#F3F3F3
1172	#E3E0F0	#F2F2F2
1173	#CFC9E5	#D8D8D8
1174	#D6D0E9	#EFEFEF
1175	#FEFCFC	#FEFEFE
1176	#D3CDE7	#EEEEEE
1177	#DED9ED	#F5F5F5
1178	#E0DBEE	#F6F6F6
1179	#ECEAF5	#FBFBFB
1180	#E8E5F2	#FAFAFA
1181	#E6E3F2	#F9F9F9
1182	#E4E0F0	#FAFAFA
1183	#F6F5FA	#FEFEFE
1184	#F8F7FB	#FEFEFE
1185	#E9E6F3	#FAFAFA
1186	#FCF9F9	#FDFDFD
1187	#E4E0F0	#F8F8F8
1188	#EAE7F4	#FBFBFB
1189	#F2F0F8	#FDFDFD
1190	#E9E6F3	#FCFCFC
1191	#E2DEEF	#FAFAFA
1192	#EBE8F4	#FCFCFC
1193	#D4CEE8	#F9F9F9
1194	#D6D1E9	#F9F9F9
1195	#F4F3F9	#FEFEFE
1196	#F4F3F9	#FEFEFE
1197	#FCF7F6	#FCFCFC
1198	#FBFAFD	#FFFFFF
1199	#E9CECB	#FAFAFA
1200	#E7CAC6	#FDFDFD
1201	#ECD4D1	#FDFDFD
1202	#F6EAE8	#FEFEFE
1203	#F6F5FA	#FFFFFF
1204	#E6C8C4	#FDFDFD
1205	#E6E3F2	#FEFEFE
1206	#F2F1F8	#FEFEFE
1207	#E1BEB9	#FEFEFE
1208	#FFFFFF	#FFFFFF
1209	#FFFFFF	#FFFFFF
1210	#F7F6FB	#FCFCFC
1211	#F9F8FC	#FDFDFD
1212	#F2F0F8	#F8F8F8
1214	#FEFDFD	#FEFEFE
1215	#FDFBFB	#FEFEFE
1216	#EAE7F4	#F0F0F0
1217	#E6E2F1	#EAEAEA
1218	#E5E1F1	#E3E3E3
1219	#D9D4EA	#DDDDDD
1220	#D9D4EA	#E3E3E3
1221	#E5E1F1	#F1F1F1
1222	#D9D4EA	#E9E9E9
1223	#D9D3EA	#E7E7E7
1224	#D3CDE7	#EAEAEA
1225	#D7D1E9	#F0F0F0
1226	#FEFDFD	#FFFFFF
1227	#D3CDE7	#EEEEEE
1228	#E1DDEF	#F6F6F6
1229	#EAE6F3	#F9F9F9
1230	#EEECF6	#FCFCFC
1231	#D1CBE6	#F2F2F2
1232	#EEEBF6	#FCFCFC
1233	#E8E5F2	#FBFBFB
1234	#E9E6F3	#FBFBFB
1235	#E9E6F3	#FAFAFA
1236	#E1DCEE	#F7F7F7
1237	#FBF5F4	#FAFAFA
1238	#F3F1F8	#FDFDFD
1239	#E9E6F3	#FBFBFB
1240	#DFDBEE	#F8F8F8
1241	#D7D2EA	#F8F8F8
1242	#F7F6FB	#FEFEFE
1243	#ECEAF5	#FDFDFD
1244	#DDD9ED	#F9F9F9
1245	#D6D0E9	#F9F9F9
1246	#DDD8EC	#F9F9F9
1247	#E7E4F2	#FCFCFC
1248	#F7F6FB	#FCFCFC
1249	#F4F2F9	#FEFEFE
1250	#FAF9FC	#FFFFFF
1251	#FBFBFD	#FFFFFF
1252	#EBD4D1	#FDFDFD
1253	#EFEDF7	#FEFEFE
1254	#DEB9B4	#FCFCFC
1255	#FFFEFE	#FFFFFF
1256	#F2E3E0	#FEFEFE
1257	#FEFDFD	#FFFFFF
1258	#FDFDFE	#FFFFFF
1259	#FDFBFA	#FEFEFE
1260	#FAF9FC	#FEFEFE
1261	#F5F3F9	#FBFBFB
1262	#E2DEEF	#E3E3E3
1264	#EAD0CD	#474747
1265	#EFDBD8	#C1C1C1
1266	#F2F1F8	#FBFBFB
1267	#E6E2F1	#EEEEEE
1268	#E0DCEE	#EAEAEA
1269	#D6D0E9	#DCDCDC
1270	#CFC8E5	#DFDFDF
1271	#C8C1E1	#E8E8E8
1272	#D0CAE6	#F4F4F4
1273	#E1DDEF	#F9F9F9
1274	#D8D2EA	#F6F6F6
1275	#DDD8ED	#F8F8F8
1276	#EEDAD7	#CCCCCC
1277	#C4BDDF	#F3F3F3
1278	#D6D1E9	#F5F5F5
1279	#DDD8EC	#F9F9F9
1280	#C8C2E1	#F6F6F6
1281	#DBD7EC	#FAFAFA
1282	#C9C2E1	#F4F4F4
1283	#D6D0E9	#F7F7F7
1284	#CEC8E4	#F5F5F5
1285	#D7D1E9	#F9F9F9
1286	#DED9ED	#FAFAFA
1287	#F0DCDA	#D6D6D6
1288	#EDEBF5	#FEFEFE
1289	#DBD6EB	#FBFBFB
1290	#DDD9ED	#FBFBFB
1291	#D4CFE8	#FBFBFB
1292	#F3F1F8	#FEFEFE
1293	#F2E2E0	#FDFDFD
1294	#D1CBE6	#F9F9F9
1295	#DCD8EC	#FCFCFC
1296	#F6F5FA	#FFFFFF
1297	#D3CDE7	#FBFBFB
1298	#F0DEDB	#E3E3E3
1299	#EFEDF6	#FEFEFE
1300	#FDFAFA	#FFFFFF
1301	#D2CCE7	#FBFBFB
1302	#F5F4FA	#FFFFFF
1303	#E9E6F3	#FDFDFD
1304	#E4E0F0	#FCFCFC
1305	#F4F2F9	#FEFEFE
1306	#FCFCFE	#FFFFFF
1307	#FDFBFA	#FFFFFF
1308	#CAC4E2	#F8F8F8
1309	#F9F1F0	#F9F9F9
1310	#F9F1F0	#FAFAFA
1311	#FEFEFF	#FFFFFF
1312	#FEFCFC	#FFFFFF
1313	#F1EFF7	#FAFAFA
1315	#EDD7D4	#929292
1316	#EED8D6	#C4C4C4
1317	#E4E1F1	#F1F1F1
1318	#E4E0F0	#EDEDED
1319	#DFDBEE	#ECECEC
1320	#DDD8ED	#E8E8E8
1321	#D9D4EB	#EFEFEF
1322	#D8D2EA	#F3F3F3
1323	#DCD7EC	#F9F9F9
1324	#DEDAED	#F7F7F7
1325	#DCD7EC	#F8F8F8
1326	#CEC8E4	#F3F3F3
1327	#F2E2DF	#E2E2E2
1328	#CBC5E3	#F5F5F5
1329	#CCC6E3	#F5F5F5
1330	#E1DDEF	#FAFAFA
1331	#D7D2E9	#FCFCFC
1332	#E6E3F2	#FDFDFD
1333	#DBD6EB	#F8F8F8
1334	#D2CCE7	#F7F7F7
1335	#EBE8F4	#FCFCFC
1336	#C2BBDE	#F4F4F4
1337	#FEFEFE	#FFFFFF
1338	#F3E4E2	#EAEAEA
1339	#D6D0E9	#F9F9F9
1340	#F1DFDC	#FDFDFD
1341	#F1EFF7	#FEFEFE
1342	#E5E1F1	#FDFDFD
1343	#EEECF6	#FEFEFE
1344	#E5E1F1	#FDFDFD
1345	#DDD9ED	#FCFCFC
1346	#F6F5FA	#FFFFFF
1347	#D4CEE8	#FCFCFC
1348	#F5F4FA	#FEFEFE
1349	#F4E5E3	#EEEEEE
1350	#EFEDF6	#FEFEFE
1351	#FBF6F5	#FFFFFF
1352	#E7E4F2	#FDFDFD
1353	#DEDAED	#FCFCFC
1354	#F6F4FA	#FEFEFE
1355	#FFFFFF	#FFFFFF
1356	#E3DFF0	#FCFCFC
1357	#FEFDFD	#FFFFFF
1358	#FCF9F9	#FFFFFF
1359	#F6EBEA	#F5F5F5
1360	#FEFEFF	#FFFFFF
1361	#FDFDFE	#FFFFFF
1362	#F0EEF7	#F9F9F9
1363	#F4F2F9	#FBFBFB
1365	#EBD2CF	#696969
1366	#EDD8D5	#B1B1B1
1367	#F2F0F8	#FAFAFA
1368	#EFECF6	#F9F9F9
1369	#EAE8F4	#F6F6F6
1370	#DDD9ED	#E8E8E8
1371	#DAD5EB	#EDEDED
1372	#D5CFE8	#EDEDED
1373	#D4CEE7	#F4F4F4
1374	#D8D2EA	#F9F9F9
1375	#E5E1F1	#FAFAFA
1376	#C7C0E1	#F2F2F2
1377	#F3E3E1	#E4E4E4
1378	#BCB4DA	#EDEDED
1379	#DFDAED	#FAFAFA
1380	#DEDAED	#FAFAFA
1381	#C1BADD	#F3F3F3
1382	#DED9ED	#FBFBFB
1383	#E3DFF0	#FCFCFC
1384	#C2BBDE	#F3F3F3
1385	#BBB3DA	#F2F2F2
1386	#D0CAE5	#F9F9F9
1387	#EDEBF5	#FDFDFD
1388	#F5E8E7	#EFEFEF
1389	#E3DFF0	#FBFBFB
1390	#D7D2E9	#FAFAFA
1391	#F5F4FA	#FEFEFE
1392	#FEFEFE	#FFFFFF
1393	#E5E1F1	#FDFDFD
1394	#DBD6EB	#FCFCFC
1395	#FAF3F2	#FFFFFF
1396	#FAF9FC	#FFFFFF
1397	#FCFCFE	#FFFFFF
1398	#D3CDE7	#FAFAFA
1399	#F4E7E5	#EDEDED
1400	#D8D3EA	#FCFCFC
1401	#FEFCFC	#FFFFFF
1402	#F8EFED	#FEFEFE
1403	#E8E5F2	#FEFEFE
1404	#E5E1F1	#FDFDFD
1405	#E5E2F1	#FDFDFD
1406	#C9C3E2	#F9F9F9
1407	#F9F8FC	#FFFFFF
1408	#DFDBEE	#FCFCFC
1409	#E5E2F1	#FDFDFD
1410	#F1DFDD	#E6E6E6
1411	#FAF4F3	#FCFCFC
1412	#FBF7F6	#FDFDFD
1413	#F7F6FB	#FDFDFD
1414	#F5F4FA	#FCFCFC
1416	#F2E1DF	#C2C2C2
1417	#F0DDDB	#CDCDCD
1418	#E8E5F3	#F3F3F3
1419	#E2DEEF	#F0F0F0
1420	#EBE8F4	#F7F7F7
1421	#E0DCEE	#F2F2F2
1422	#E9E6F3	#F9F9F9
1423	#DCD8EC	#F5F5F5
1424	#DBD6EC	#F8F8F8
1425	#E9E6F3	#FCFCFC
1426	#E7E4F2	#FBFBFB
1427	#CEC8E5	#F3F3F3
1428	#F6EBEA	#F2F2F2
1429	#DEDAED	#FAFAFA
1430	#E1DDEF	#FBFBFB
1431	#D5D0E8	#F9F9F9
1432	#D5D0E8	#F8F8F8
1433	#D6D1E9	#F9F9F9
1434	#D6D0E9	#F8F8F8
1435	#D9D4EA	#F9F9F9
1436	#E0DBEE	#FBFBFB
1437	#D8D3EA	#F9F9F9
1438	#E2DEEF	#FBFBFB
1439	#F6EAE8	#F1F1F1
1440	#D9D3EA	#FAFAFA
1441	#D0CAE6	#F9F9F9
1442	#FFFFFF	#FFFFFF
1443	#E7E4F2	#FDFDFD
1444	#F8F7FB	#FFFFFF
1445	#E3DFF0	#FDFDFD
1446	#F3E4E2	#FEFEFE
1447	#FEFEFE	#FFFFFF
1448	#DAD5EB	#FCFCFC
1449	#F3F1F8	#FEFEFE
1450	#F1DFDC	#DFDFDF
1451	#DDD8ED	#FCFCFC
1452	#EBE9F4	#FDFDFD
1453	#E9E6F3	#FDFDFD
1454	#F5E8E7	#FEFEFE
1455	#D7D1E9	#FAFAFA
1456	#E1DDEF	#FDFDFD
1457	#F7F6FB	#FFFFFF
1458	#F5E7E6	#FEFEFE
1459	#EAE7F4	#FDFDFD
1460	#F3E3E1	#EEEEEE
1461	#FCF8F7	#FDFDFD
1462	#FEFEFF	#FFFFFF
1463	#F9F8FC	#FDFDFD
1464	#EFECF6	#F7F7F7
1466	#EFDAD8	#8A8A8A
1467	#F5E8E7	#E3E3E3
1468	#EEEBF6	#F7F7F7
1469	#EBE8F4	#F6F6F6
1470	#E5E2F1	#F5F5F5
1471	#E5E1F1	#F6F6F6
1472	#D9D4EA	#F3F3F3
1473	#E3DFF0	#F7F7F7
1474	#E3DFF0	#F9F9F9
1475	#DCD7EC	#F8F8F8
1476	#DED9ED	#FAFAFA
1477	#E9E6F3	#FBFBFB
1478	#F4E7E5	#E7E7E7
1479	#D5CFE8	#F7F7F7
1480	#E1DDEF	#FBFBFB
1481	#CBC5E3	#F8F8F8
1482	#DAD5EB	#F8F8F8
1483	#CBC4E3	#F6F6F6
1484	#B6AED7	#F0F0F0
1485	#C8C1E1	#F5F5F5
1486	#C9C2E1	#F4F4F4
1487	#D8D3EA	#F9F9F9
1488	#DFDBEE	#FBFBFB
1489	#F6EAE8	#F0F0F0
1490	#D8D3EA	#FAFAFA
1491	#BEB6DC	#F6F6F6
1492	#F7F6FB	#FEFEFE
1493	#E4E1F1	#FCFCFC
1494	#C7C0E1	#F8F8F8
1495	#FDFAF9	#FFFFFF
1496	#E8E5F3	#FEFEFE
1497	#E7E4F2	#FDFDFD
1498	#EAE7F4	#FDFDFD
1499	#E2DFF0	#FCFCFC
1500	#F2E1DF	#E5E5E5
1501	#E1DDEF	#FDFDFD
1502	#EAE7F4	#FEFEFE
1503	#B4ACD6	#F5F5F5
1504	#F3F2F9	#FEFEFE
1505	#E7E3F2	#FEFEFE
1506	#E5E2F1	#FDFDFD
1507	#E4E0F0	#FDFDFD
1508	#EDEAF5	#FEFEFE
1509	#F0EEF7	#FEFEFE
1510	#DDB7B2	#FCFCFC
1511	#F1E0DD	#E4E4E4
1512	#F4E6E4	#F1F1F1
1513	#FFFFFF	#FFFFFF
1514	#FCFBFD	#FEFEFE
1515	#FBFAFD	#FEFEFE
1517	#F4E7E5	#CFCFCF
1518	#F6EAE8	#E8E8E8
1519	#F3F1F8	#FAFAFA
1520	#F2F0F8	#FBFBFB
1521	#E9E5F3	#F9F9F9
1522	#E5E1F1	#F6F6F6
1523	#F6F5FA	#FEFEFE
1524	#E7E4F2	#F9F9F9
1525	#DBD6EB	#F6F6F6
1526	#C6BFE0	#F5F5F5
1527	#E6E3F1	#FCFCFC
1528	#E0DCEE	#FAFAFA
1529	#F6EBEA	#EEEEEE
1530	#CAC4E2	#F5F5F5
1531	#D9D4EA	#F9F9F9
1532	#D8D3EA	#FAFAFA
1533	#DBD7EC	#F9F9F9
1534	#CFC9E5	#F8F8F8
1535	#D3CDE7	#F8F8F8
1536	#CFC9E5	#F9F9F9
1537	#B4ACD6	#EFEFEF
1538	#EDEAF5	#FDFDFD
1539	#E0DBEE	#FBFBFB
1540	#F3E3E1	#E6E6E6
1541	#F2F0F8	#FEFEFE
1542	#D9D4EA	#FBFBFB
1543	#F8F7FB	#FFFFFF
1544	#F2F0F8	#FEFEFE
1545	#DBD6EB	#FCFCFC
1546	#FCFCFD	#FFFFFF
1547	#DAD4EB	#FDFDFD
1548	#F1EFF7	#FEFEFE
1549	#CBC4E3	#FAFAFA
1550	#E9E6F3	#FDFDFD
1551	#F4E7E5	#EEEEEE
1552	#DEDAED	#FCFCFC
1553	#CCC5E3	#F9F9F9
1554	#E5E1F1	#FDFDFD
1555	#F6F5FA	#FFFFFF
1556	#EEECF6	#FEFEFE
1557	#EDEAF5	#FEFEFE
1558	#D6D0E9	#FAFAFA
1559	#E5E1F1	#FDFDFD
1560	#DAD5EB	#FCFCFC
1561	#F7ECEB	#F4F4F4
1562	#F8EEED	#F9F9F9
1563	#F9F8FC	#FDFDFD
1564	#F1EFF8	#F9F9F9
1565	#F0EEF7	#F8F8F8
1567	#F0DEDC	#9C9C9C
1568	#F7EDEC	#E9E9E9
1569	#EFEDF6	#F8F8F8
1570	#EEECF6	#F8F8F8
1571	#E9E6F3	#F7F7F7
1572	#ECE9F5	#FBFBFB
1573	#EDEAF5	#FBFBFB
1574	#EDEBF6	#FCFCFC
1575	#EDEAF5	#FCFCFC
1576	#E6E3F2	#FAFAFA
1577	#E5E1F1	#FAFAFA
1578	#DFDAED	#FBFBFB
1579	#F8EEED	#EFEFEF
1580	#FBFAFD	#FFFFFF
1581	#CAC3E2	#F6F6F6
1582	#BBB3DA	#F1F1F1
1583	#D7D2E9	#F9F9F9
1584	#D5D0E8	#F8F8F8
1585	#C6BEE0	#F5F5F5
1586	#E7E4F2	#FDFDFD
1587	#D4CFE8	#F8F8F8
1588	#D7D2E9	#FAFAFA
1589	#E0DBEE	#FCFCFC
1590	#F4E6E5	#E6E6E6
1591	#E8E5F3	#FCFCFC
1592	#F3F1F8	#FEFEFE
1593	#E5E1F1	#FCFCFC
1594	#E8E5F3	#FDFDFD
1595	#EDEAF5	#FEFEFE
1596	#E8E5F2	#FEFEFE
1597	#FDFCFE	#FFFFFF
1598	#EBE9F4	#FEFEFE
1599	#FDFDFE	#FFFFFF
1600	#C8C1E1	#FAFAFA
1601	#F5E9E7	#F0F0F0
1602	#BDB5DB	#F8F8F8
1603	#E2DEEF	#FDFDFD
1604	#E6E2F1	#FDFDFD
1605	#E6E2F1	#FDFDFD
1606	#EFEDF7	#FEFEFE
1607	#E1DDEF	#FDFDFD
1608	#F3F2F9	#FEFEFE
1609	#EFEDF7	#FEFEFE
1610	#F9F0EF	#FEFEFE
1611	#FFFEFE	#FFFFFF
1612	#F7ECEB	#F4F4F4
1613	#FCF9F8	#FDFDFD
1614	#FEFDFD	#FFFFFF
1615	#FCFCFE	#FEFEFE
1616	#F2F1F8	#FAFAFA
1618	#F9F0EF	#ECECEC
1619	#FAF3F2	#F4F4F4
1620	#E9E6F3	#F5F5F5
1621	#FAF9FC	#FEFEFE
1622	#F9F9FC	#FEFEFE
1623	#ECE9F5	#FCFCFC
1624	#E5E1F1	#F9F9F9
1625	#F6F4FA	#FEFEFE
1626	#E0DCEE	#F7F7F7
1627	#F7F5FA	#FEFEFE
1628	#EAE7F4	#FCFCFC
1629	#DED9ED	#FAFAFA
1630	#F7EDEC	#EFEFEF
1631	#E6E3F2	#FDFDFD
1632	#CDC6E4	#F6F6F6
1633	#D7D2EA	#F8F8F8
1634	#DCD8EC	#FAFAFA
1635	#D0CAE5	#F6F6F6
1636	#B0A7D4	#F1F1F1
1637	#F2F0F8	#FEFEFE
1638	#BFB7DC	#F5F5F5
1639	#CFC9E5	#F7F7F7
1640	#D7D2E9	#F9F9F9
1641	#F9F2F1	#F8F8F8
1642	#D7D1E9	#F9F9F9
1643	#D5D0E8	#F9F9F9
1644	#E9E5F3	#FDFDFD
1645	#E1DCEF	#FCFCFC
1646	#F2F0F8	#FEFEFE
1647	#FAF4F3	#FFFFFF
1648	#FFFFFF	#FFFFFF
1649	#FCF8F7	#FFFFFF
1650	#FBFAFD	#FFFFFF
1651	#E1DDEF	#FDFDFD
1652	#F8EFEE	#F7F7F7
1653	#F0EEF7	#FEFEFE
1654	#D9D4EB	#FBFBFB
1655	#E7E4F2	#FDFDFD
1656	#D0CAE6	#F9F9F9
1657	#E4E0F0	#FDFDFD
1658	#E8E5F3	#FEFEFE
1659	#E1DCEE	#FDFDFD
1660	#FAF9FC	#FFFFFF
1661	#FCFBFD	#FFFFFF
1662	#FAF4F3	#FBFBFB
1663	#FDFDFE	#FFFFFF
1664	#FFFFFF	#FFFFFF
1665	#FCFBFD	#FEFEFE
1666	#EEECF6	#F8F8F8
1668	#F2E1DF	#B7B7B7
1669	#F9F2F1	#F2F2F2
1670	#F4F2F9	#FCFCFC
1671	#EEEBF6	#FAFAFA
1672	#FEFDFE	#FFFFFF
1673	#FEFDFD	#FFFFFF
1674	#FEFEFF	#FFFFFF
1675	#E7E4F2	#FAFAFA
1676	#F9F8FC	#FEFEFE
1677	#F9F9FC	#FEFEFE
1678	#EAE7F4	#FCFCFC
1679	#F0EEF7	#FDFDFD
1680	#F7ECEA	#E7E7E7
1681	#CAC3E2	#F8F8F8
1682	#DBD6EB	#F9F9F9
1683	#CEC8E5	#F5F5F5
1684	#CAC3E2	#F6F6F6
1685	#E6E3F2	#FDFDFD
1686	#DAD5EB	#FAFAFA
1687	#D3CDE7	#F7F7F7
1688	#ECE9F5	#FDFDFD
1689	#D1CBE6	#F8F8F8
1690	#E4E0F0	#FBFBFB
1691	#FBF6F5	#FAFAFA
1692	#FEFDFD	#FFFFFF
1693	#DBD6EB	#FCFCFC
1694	#DCD7EC	#FAFAFA
1695	#C6BFE0	#F7F7F7
1696	#E1DDEF	#FDFDFD
1697	#E8E5F2	#FDFDFD
1698	#D1CBE6	#F9F9F9
1699	#E1DDEF	#FDFDFD
1700	#DEDAED	#FBFBFB
1701	#FAFAFC	#FFFFFF
1702	#FCF7F7	#FCFCFC
1703	#FFFEFE	#FFFFFF
1704	#C8C2E1	#F6F6F6
1705	#E0DCEE	#FDFDFD
1706	#C1B9DD	#F8F8F8
1707	#F4F3F9	#FEFEFE
1708	#F2F0F8	#FEFEFE
1709	#D3CDE7	#FBFBFB
1710	#FAF4F3	#FFFFFF
1711	#F3F2F9	#FEFEFE
1712	#F4F3F9	#FEFEFE
1713	#FDFAFA	#FEFEFE
1714	#F8F7FB	#FDFDFD
1715	#FAF9FC	#FDFDFD
1716	#FEFEFF	#FFFFFF
1717	#F8F7FB	#FDFDFD
1719	#F6EAE9	#DBDBDB
1720	#F7ECEB	#E8E8E8
1721	#F2F1F8	#FCFCFC
1722	#F4F3F9	#FDFDFD
1723	#FEFEFE	#FFFFFF
1724	#FEFDFD	#FFFFFF
1725	#F3F2F9	#FDFDFD
1726	#F6F5FA	#FEFEFE
1727	#E7E3F2	#F9F9F9
1728	#EEECF6	#FCFCFC
1729	#E9E6F3	#FBFBFB
1730	#E5E1F1	#FBFBFB
1731	#FBF6F5	#F9F9F9
1732	#DBD6EB	#FAFAFA
1733	#D8D3EA	#F8F8F8
1734	#D0CAE6	#F7F7F7
1735	#EFEDF6	#FDFDFD
1736	#D3CEE7	#FAFAFA
1737	#E6E3F2	#FCFCFC
1738	#CBC5E3	#F7F7F7
1739	#F2F0F8	#FEFEFE
1740	#DEDAED	#FCFCFC
1741	#E6E2F1	#FCFCFC
1742	#FDFCFE	#FEFEFE
1743	#E0DCEE	#FBFBFB
1744	#DCD7EC	#FBFBFB
1745	#E9E6F3	#FDFDFD
1746	#DED9ED	#FCFCFC
1747	#CDC6E4	#F8F8F8
1748	#CDC6E4	#F9F9F9
1749	#DDD8EC	#FDFDFD
1750	#FBF5F4	#FFFFFF
1751	#E4E0F0	#FCFCFC
1752	#F2F1F8	#FEFEFE
1753	#FCF8F8	#FDFDFD
1754	#E7E4F2	#FDFDFD
1755	#C5BDDF	#F8F8F8
1756	#DFDAED	#FCFCFC
1757	#EAE7F4	#FEFEFE
1758	#E1DDEF	#FCFCFC
1759	#EAE7F4	#FDFDFD
1760	#F5F4FA	#FFFFFF
1761	#E7E4F2	#FDFDFD
1762	#FDFAF9	#FFFFFF
1763	#FBFBFD	#FEFEFE
1764	#F9F8FC	#FDFDFD
1765	#F3F1F8	#FAFAFA
1766	#FFFFFF	#FFFFFF
1767	#F7F6FB	#FDFDFD
1769	#EFDCDA	#969696
1770	#F3E4E2	#D2D2D2
1771	#F7F6FB	#FDFDFD
1772	#FAFAFC	#FEFEFE
1773	#FFFFFF	#FFFFFF
1774	#FEFEFF	#FFFFFF
1775	#FEFEFE	#FFFFFF
1776	#F7F6FB	#FEFEFE
1777	#E9E6F3	#FAFAFA
1778	#F5F4FA	#FEFEFE
1779	#FFFEFE	#FFFFFF
1780	#D4CFE8	#F6F6F6
1781	#F9F2F1	#F4F4F4
1782	#D3CDE7	#F8F8F8
1783	#D4CEE7	#FAFAFA
1784	#D4CEE7	#F8F8F8
1785	#E1DCEE	#FBFBFB
1786	#D3CEE7	#F8F8F8
1787	#E1DDEF	#FCFCFC
1788	#E6E3F2	#FCFCFC
1789	#E2DEEF	#FBFBFB
1790	#E8E5F3	#FDFDFD
1791	#C2BBDE	#F8F8F8
1792	#FEFDFD	#FEFEFE
1793	#EEECF6	#FDFDFD
1794	#CEC8E5	#F8F8F8
1795	#F0EEF7	#FEFEFE
1796	#DEDAED	#FCFCFC
1797	#F7F6FB	#FFFFFF
1798	#E5E1F1	#FDFDFD
1799	#FFFFFF	#FFFFFF
1800	#FBF5F4	#FFFFFF
1801	#E2DEEF	#FDFDFD
1802	#EAE7F3	#FEFEFE
1803	#F8F7FB	#FBFBFB
1804	#E5E1F1	#FDFDFD
1805	#E7E3F2	#FDFDFD
1806	#D6D0E9	#FCFCFC
1807	#D9D3EA	#FBFBFB
1808	#D2CCE7	#FAFAFA
1809	#CBC5E3	#F9F9F9
1810	#EEEBF6	#FEFEFE
1811	#EEEBF6	#FEFEFE
1812	#EBE8F4	#FDFDFD
1813	#DFDAED	#FCFCFC
1814	#F1EFF8	#F5F5F5
1815	#F9F8FC	#FDFDFD
1816	#F8F7FB	#FDFDFD
1817	#F8F7FB	#FDFDFD
1818	#F9F8FC	#FEFEFE
1820	#F4E5E3	#CBCBCB
1821	#F6EBE9	#E8E8E8
1822	#FCF8F7	#FEFEFE
1823	#EFEDF7	#FCFCFC
1824	#FBFBFD	#FFFFFF
1825	#FBF6F6	#FEFEFE
1826	#FFFFFF	#FFFFFF
1827	#F2F0F8	#FDFDFD
1828	#EAE7F4	#FBFBFB
1829	#FBFBFD	#FFFFFF
1830	#F5F3F9	#FEFEFE
1831	#DAD5EB	#F7F7F7
1832	#F8EFEE	#F1F1F1
1833	#C6BEE0	#F2F2F2
1834	#C0B9DD	#F3F3F3
1835	#EEEBF6	#FDFDFD
1836	#D9D4EB	#FBFBFB
1837	#EAE8F4	#FCFCFC
1838	#D9D4EA	#FAFAFA
1839	#E2DEEF	#FBFBFB
1840	#DEDAED	#FCFCFC
1841	#D0CAE5	#FAFAFA
1842	#F4F3F9	#FEFEFE
1843	#FCF9F9	#FDFDFD
1844	#D9D4EA	#FAFAFA
1845	#E1DDEF	#FBFBFB
1846	#E5E1F1	#FDFDFD
1847	#C3BCDE	#F9F9F9
1848	#D7D2E9	#FCFCFC
1849	#C9C2E2	#F9F9F9
1850	#EDEAF5	#FEFEFE
1851	#FAF3F2	#FFFFFF
1852	#F3F1F8	#FEFEFE
1853	#F5F3F9	#FEFEFE
1854	#EDEBF5	#ECECEC
1855	#DDD8EC	#FCFCFC
1856	#F0EEF7	#FEFEFE
1857	#D9D3EA	#FDFDFD
1858	#DEDAED	#FBFBFB
1859	#C4BDDF	#F5F5F5
1860	#E7E4F2	#FDFDFD
1861	#E6E2F1	#FCFCFC
1862	#D8D3EA	#FCFCFC
1863	#CEC8E4	#F9F9F9
1864	#EAE7F4	#EAEAEA
1865	#F2F0F8	#F8F8F8
1866	#FDFDFE	#FFFFFF
1867	#FEFDFD	#FFFFFF
1868	#FBF5F4	#FDFDFD
1870	#EED9D6	#828282
1871	#F8EFEE	#EEEEEE
1872	#FAF4F4	#FDFDFD
1873	#FFFEFE	#FFFFFF
1874	#FDFBFB	#FFFFFF
1875	#FBF5F4	#FEFEFE
1876	#FBF5F5	#FEFEFE
1877	#F1EFF7	#FCFCFC
1878	#F4F2F9	#FEFEFE
1879	#F1EFF8	#FDFDFD
1880	#F1EFF8	#FDFDFD
1881	#FEFDFE	#FFFFFF
1882	#F6EAE9	#E8E8E8
1883	#D8D3EA	#F7F7F7
1884	#B9B1D9	#EEEEEE
1885	#CBC5E3	#F7F7F7
1886	#E4E0F0	#FCFCFC
1887	#D0CAE5	#F7F7F7
1888	#E5E1F1	#FCFCFC
1889	#EDEBF5	#FEFEFE
1890	#E9E6F3	#FDFDFD
1891	#F7F5FA	#FFFFFF
1892	#E2DEEF	#FDFDFD
1893	#F9F1F0	#F5F5F5
1894	#EFECF6	#FEFEFE
1895	#E5E2F1	#FDFDFD
1896	#D7D1E9	#FAFAFA
1897	#F0EEF7	#FEFEFE
1898	#D6D1E9	#FBFBFB
1899	#C6BFE0	#F9F9F9
1900	#F3F1F8	#FEFEFE
1901	#DFDAEE	#FCFCFC
1902	#DDD8EC	#FCFCFC
1903	#F9F1F0	#FEFEFE
1904	#F5F4FA	#F7F7F7
1905	#DED9ED	#FDFDFD
1906	#DEDAED	#FCFCFC
1907	#DED9ED	#FDFDFD
1908	#BCB4DB	#F4F4F4
1909	#DCD7EC	#FBFBFB
1910	#DDD9ED	#FDFDFD
1911	#CEC8E5	#F8F8F8
1912	#EFECF6	#FEFEFE
1913	#DED9ED	#FDFDFD
1914	#EDEBF5	#FEFEFE
1915	#E7E4F2	#E0E0E0
1916	#E6E3F2	#E4E4E4
1917	#F4F2F9	#FAFAFA
1918	#FDFDFE	#FFFFFF
1919	#FBF6F5	#FDFDFD
1921	#F8EEED	#E6E6E6
1922	#FCF7F7	#FBFBFB
1923	#F3E5E3	#F8F8F8
1924	#F7F6FB	#FEFEFE
1925	#F8EFEE	#FCFCFC
1926	#FDFDFE	#FFFFFF
1927	#FEFCFC	#FFFFFF
1928	#FAF2F1	#FDFDFD
1929	#EDEBF5	#FDFDFD
1930	#EFEDF7	#FDFDFD
1931	#E4E0F0	#FAFAFA
1932	#EBE8F4	#FCFCFC
1933	#F2E2DF	#DBDBDB
1934	#E2DEEF	#F9F9F9
1935	#E8E5F3	#FBFBFB
1936	#DEDAED	#FCFCFC
1937	#D0CAE5	#F5F5F5
1938	#E1DCEF	#FBFBFB
1939	#DDD8ED	#FAFAFA
1940	#D6D1E9	#F9F9F9
1941	#CDC7E4	#F7F7F7
1942	#E3DFF0	#FCFCFC
1943	#E5E1F1	#FDFDFD
1944	#FDFBFA	#FDFDFD
1945	#E1DDEF	#FCFCFC
1946	#D0CAE6	#F7F7F7
1947	#CAC4E2	#FAFAFA
1948	#CDC6E4	#F8F8F8
1949	#BDB5DB	#F6F6F6
1950	#D5CFE8	#FBFBFB
1951	#E2DEEF	#FCFCFC
1952	#EFECF6	#FEFEFE
1953	#FBFBFD	#FFFFFF
1954	#FBFAFD	#FFFFFF
1955	#F3F1F8	#F4F4F4
1956	#F9F8FC	#FFFFFF
1957	#CAC3E2	#FBFBFB
1958	#E4E0F0	#FDFDFD
1959	#CAC3E2	#FAFAFA
1960	#DDD8EC	#FDFDFD
1961	#C8C1E1	#F7F7F7
1962	#CEC8E4	#F9F9F9
1963	#F3F1F8	#FEFEFE
1964	#E8E5F3	#FEFEFE
1965	#E4E0F0	#DADADA
1966	#EEEBF6	#F1F1F1
1967	#F6F5FA	#FCFCFC
1968	#F9F1F0	#FBFBFB
1969	#F7EDEC	#F9F9F9
1971	#F3E3E1	#B9B9B9
1972	#F9F1F0	#F2F2F2
1973	#F6EAE8	#F8F8F8
1974	#F4E7E5	#FBFBFB
1975	#FAF3F2	#FDFDFD
1976	#FEFDFD	#FFFFFF
1977	#FFFEFE	#FFFFFF
1978	#F9F1F0	#FDFDFD
1979	#F4E6E4	#FBFBFB
1980	#DAD5EB	#F9F9F9
1981	#F0EEF7	#FDFDFD
1982	#F4F2F9	#FEFEFE
1983	#F7EDEC	#F0F0F0
1984	#DED9ED	#F7F7F7
1985	#E1DDEF	#F9F9F9
1986	#E3DFF0	#FCFCFC
1987	#D9D4EA	#FBFBFB
1988	#DBD6EC	#FAFAFA
1989	#E7E4F2	#FDFDFD
1990	#D9D4EA	#FAFAFA
1991	#D7D1E9	#FBFBFB
1992	#F2F1F8	#FEFEFE
1993	#E3DFF0	#FCFCFC
1994	#F9F1F0	#F5F5F5
1995	#DED9ED	#FCFCFC
1996	#EAE7F4	#FDFDFD
1997	#AAA0D1	#F4F4F4
1998	#C3BBDE	#FAFAFA
1999	#F3F2F9	#FEFEFE
2000	#CBC4E3	#F6F6F6
2001	#CBC5E3	#F9F9F9
2002	#EAE7F4	#FEFEFE
2003	#E8E5F3	#FEFEFE
2004	#E0DBEE	#FCFCFC
2005	#FEFEFF	#FFFFFF
2006	#CBC4E3	#F8F8F8
2007	#F6EAE8	#FEFEFE
2008	#FFFEFE	#FFFFFF
2009	#F6F5FA	#FEFEFE
2010	#DDD9ED	#FDFDFD
2011	#F3F2F9	#FEFEFE
2012	#CAC4E2	#F8F8F8
2013	#ECE9F5	#FDFDFD
2014	#D0CAE5	#F8F8F8
2015	#E8E4F2	#FEFEFE
2016	#EAE7F4	#E4E4E4
2017	#ECE9F5	#EDEDED
2018	#E9E6F3	#ECECEC
2019	#FAF4F3	#FCFCFC
2020	#FAF3F2	#FCFCFC
2022	#F9F0EF	#ECECEC
2023	#FAF3F2	#F7F7F7
2024	#F8EFEE	#FCFCFC
2025	#F4E6E4	#F9F9F9
2026	#FDFAFA	#FEFEFE
2027	#FCFCFE	#FFFFFF
2028	#FBF6F5	#FEFEFE
2029	#EDD6D3	#F3F3F3
2030	#F1EEF7	#FDFDFD
2031	#EDEAF5	#FDFDFD
2032	#F1EFF8	#FDFDFD
2033	#EBE8F4	#FBFBFB
2034	#FEFCFC	#FEFEFE
2035	#FDFDFE	#FFFFFF
2036	#E1DDEF	#FAFAFA
2037	#E9E6F3	#FDFDFD
2038	#D5D0E8	#FAFAFA
2039	#E9E6F3	#FDFDFD
2040	#DED9ED	#FAFAFA
2041	#F2F1F8	#FEFEFE
2042	#E8E4F2	#FDFDFD
2043	#E5E1F1	#FCFCFC
2044	#E0DCEE	#FCFCFC
2045	#FDFBFB	#FEFEFE
2046	#D8D3EA	#FDFDFD
2047	#EEECF6	#FEFEFE
2048	#D9D4EA	#FCFCFC
2049	#D5CFE8	#FAFAFA
2050	#C8C1E1	#F7F7F7
2051	#D4CFE8	#FAFAFA
2052	#F2F0F8	#FEFEFE
2053	#D7D2E9	#FCFCFC
2054	#EBE8F4	#FEFEFE
2055	#FEFCFC	#FFFFFF
2056	#F7F6FB	#FAFAFA
2057	#CFC9E5	#FBFBFB
2058	#D9D4EA	#FBFBFB
2059	#E4E0F0	#FDFDFD
2060	#BBB2DA	#F9F9F9
2061	#E0DCEE	#FCFCFC
2062	#DAD5EB	#FBFBFB
2063	#D1CBE6	#FBFBFB
2064	#D6D1E9	#FAFAFA
2065	#E3DFF0	#FCFCFC
2066	#F2F0F8	#F5F5F5
2067	#E6E2F1	#E4E4E4
2068	#FAFAFC	#FEFEFE
2069	#F8EFED	#FBFBFB
2070	#F3E4E2	#F5F5F5
2072	#F0DEDC	#9C9C9C
2073	#F7EDEC	#ECECEC
2074	#F2E2E0	#F6F6F6
2075	#F7ECEB	#FAFAFA
2076	#FAF3F2	#FDFDFD
2077	#FDFBFB	#FFFFFF
2078	#FEFEFE	#FFFFFF
2079	#F7EDEB	#FCFCFC
2080	#FAF4F3	#FEFEFE
2081	#FDFCFE	#FFFFFF
2082	#E9E6F3	#FCFCFC
2083	#E7E4F2	#FBFBFB
2084	#FFFEFF	#FFFFFF
2085	#FAF9FC	#FFFFFF
2086	#FBFAFD	#FFFFFF
2087	#E2DEEF	#FAFAFA
2088	#BCB4DA	#F5F5F5
2089	#EEECF6	#FDFDFD
2090	#D6D1E9	#F9F9F9
2091	#D9D4EA	#FBFBFB
2092	#DAD5EB	#F9F9F9
2093	#D6D0E9	#FBFBFB
2094	#DEDAED	#FBFBFB
2095	#FEFDFD	#FEFEFE
2096	#D1CBE6	#FAFAFA
2097	#EFEDF6	#FEFEFE
2098	#E1DDEF	#FBFBFB
2099	#F6F5FA	#FFFFFF
2100	#C5BEDF	#F8F8F8
2101	#BAB2DA	#F8F8F8
2102	#E2DEEF	#FCFCFC
2103	#DBD6EC	#FBFBFB
2104	#C4BDDF	#F7F7F7
2105	#D1CAE6	#FBFBFB
2106	#FEFEFE	#FFFFFF
2107	#F5E8E6	#FEFEFE
2108	#E5E1F1	#FDFDFD
2109	#EBE8F4	#FEFEFE
2110	#F7EEEC	#FEFEFE
2111	#F9F1EF	#FEFEFE
2112	#ECE9F5	#FEFEFE
2113	#E1DDEF	#FDFDFD
2114	#DFDBEE	#FCFCFC
2115	#F1EFF8	#FEFEFE
2116	#F2E1DF	#FDFDFD
2117	#FEFEFF	#FFFFFF
2118	#F9F8FC	#FCFCFC
2119	#ECE9F5	#F3F3F3
2120	#FCFCFD	#FEFEFE
2121	#F2E1DF	#F3F3F3
2123	#F4E7E5	#D2D2D2
2124	#FDFBFA	#FDFDFD
2125	#F8EFEE	#FBFBFB
2126	#F2E2E0	#F6F6F6
2127	#F7EDEB	#FCFCFC
2128	#F6EAE9	#FCFCFC
2129	#FBF5F4	#FEFEFE
2130	#FAF9FC	#FEFEFE
2131	#F2E1DF	#FAFAFA
2132	#FCF9F8	#FEFEFE
2133	#D8D3EA	#F8F8F8
2134	#ECE9F5	#FCFCFC
2135	#FFFEFE	#FFFFFF
2136	#EFEDF6	#FDFDFD
2137	#E8E5F3	#FBFBFB
2138	#ECE9F4	#FDFDFD
2139	#CDC7E4	#F7F7F7
2140	#F4F2F9	#FEFEFE
2141	#F8F7FB	#FEFEFE
2142	#F1EFF7	#FEFEFE
2143	#DED9ED	#FCFCFC
2144	#ECEAF5	#FEFEFE
2145	#D3CDE7	#FAFAFA
2146	#FCFBFD	#FEFEFE
2147	#FFFFFF	#FFFFFF
2148	#DDD8EC	#FCFCFC
2149	#D7D2E9	#FAFAFA
2150	#D3CDE7	#FBFBFB
2151	#D2CCE7	#F9F9F9
2152	#CCC5E3	#F7F7F7
2153	#CCC6E3	#F6F6F6
2154	#D1CBE6	#FAFAFA
2155	#C9C2E2	#F7F7F7
2156	#F9F8FC	#FFFFFF
2157	#FCF8F7	#FCFCFC
2158	#E8E5F3	#FDFDFD
2159	#F8F7FB	#FFFFFF
2160	#F8F7FB	#FFFFFF
2161	#EFEDF6	#FEFEFE
2162	#D4CEE8	#FAFAFA
2163	#D0CAE6	#FCFCFC
2164	#ECE9F5	#FEFEFE
2165	#E8E4F2	#FDFDFD
2166	#E8E5F3	#FEFEFE
2167	#FFFFFE	#FFFFFF
2168	#FFFEFE	#FFFFFF
2169	#EDEAF5	#F5F5F5
2170	#FBF5F5	#FDFDFD
2171	#F4E5E3	#F8F8F8
2173	#F2E1DF	#B5B5B5
2174	#FBF5F5	#F8F8F8
2175	#F6EBE9	#F9F9F9
2176	#F7ECEB	#FBFBFB
2177	#F6EAE9	#F9F9F9
2178	#F9F1F0	#FDFDFD
2179	#F9F1EF	#FDFDFD
2180	#F8EFEE	#FDFDFD
2181	#FEFDFD	#FFFFFF
2182	#FEFEFD	#FFFFFF
2183	#F9F8FC	#FEFEFE
2184	#F3F1F9	#FEFEFE
2185	#FDFCFE	#FEFEFE
2186	#EFEDF6	#FDFDFD
2187	#DDD8EC	#F8F8F8
2188	#ECE9F5	#FCFCFC
2189	#DFDBEE	#FBFBFB
2190	#FCF7F7	#FFFFFF
2191	#E5E1F1	#FDFDFD
2192	#DBD7EC	#FBFBFB
2193	#D5CFE8	#FAFAFA
2194	#EAE7F4	#FDFDFD
2195	#B8AFD8	#F8F8F8
2196	#FDFCFE	#FEFEFE
2197	#E2DEEF	#FCFCFC
2198	#D1CAE6	#FAFAFA
2199	#E2DEEF	#FCFCFC
2200	#D6D1E9	#FAFAFA
2201	#D3CDE7	#F9F9F9
2202	#C6BFE0	#F9F9F9
2203	#C8C1E1	#F5F5F5
2204	#D5CFE8	#FAFAFA
2205	#DEDAED	#FCFCFC
2206	#F9F8FC	#FFFFFF
2207	#FDF9F9	#FDFDFD
2208	#FDFAFA	#FFFFFF
2209	#EFEDF7	#FEFEFE
2210	#EBE8F4	#FEFEFE
2211	#FBFBFD	#FFFFFF
2212	#EFEDF6	#FEFEFE
2213	#E1DDEF	#FCFCFC
2214	#EAE7F4	#FDFDFD
2215	#C7BFE0	#F8F8F8
2216	#DAD5EB	#FCFCFC
2217	#F5F4FA	#FEFEFE
2218	#FDFAF9	#FDFDFD
2219	#FCFCFE	#FEFEFE
2220	#FFFFFF	#FFFFFF
2221	#F7F6FB	#FDFDFD
2222	#FBF6F5	#FEFEFE
2224	#F6EBE9	#DFDFDF
2225	#F9F2F1	#F3F3F3
2226	#F9F1F0	#FCFCFC
2227	#F4E7E5	#F8F8F8
2228	#F0DDDB	#F3F3F3
2229	#EFDCDA	#F7F7F7
2230	#F9F8FC	#FEFEFE
2231	#FDFCFE	#FFFFFF
2232	#FEFCFB	#FFFFFF
2233	#FCF9F8	#FEFEFE
2234	#F4F2F9	#FEFEFE
2235	#E8E5F2	#FCFCFC
2236	#FCFCFD	#FEFEFE
2237	#EDEAF5	#FCFCFC
2238	#F4F3F9	#FEFEFE
2239	#EEECF6	#FDFDFD
2240	#ECE9F5	#FDFDFD
2241	#E1DCEE	#FCFCFC
2242	#D9D4EB	#FAFAFA
2243	#EEECF6	#FDFDFD
2244	#E4E0F0	#FCFCFC
2245	#D1CAE6	#F7F7F7
2246	#EBE9F4	#FEFEFE
2247	#FFFFFF	#FFFFFF
2248	#E8E5F2	#FDFDFD
2249	#E8E5F3	#FEFEFE
2250	#CEC8E5	#FAFAFA
2251	#EBE8F4	#FEFEFE
2252	#C2BADE	#F5F5F5
2253	#D4CFE8	#F9F9F9
2254	#CFC9E5	#F9F9F9
2255	#D5D0E8	#FAFAFA
2256	#DDD9ED	#FCFCFC
2257	#DDD9ED	#FCFCFC
2258	#FCFCFE	#FEFEFE
2259	#EDEBF5	#FEFEFE
2260	#FAF9FC	#FFFFFF
2261	#D7D2E9	#F9F9F9
2262	#F1F0F8	#FEFEFE
2263	#D5D0E8	#FBFBFB
2264	#BFB7DC	#F9F9F9
2265	#E4E0F0	#FDFDFD
2266	#E2DEEF	#FCFCFC
2267	#F0EEF7	#FEFEFE
2268	#FCF8F8	#FDFDFD
2269	#FDFAFA	#FEFEFE
2270	#FEFEFF	#FFFFFF
2271	#F9F1F0	#FCFCFC
2272	#F5E8E6	#F8F8F8
2274	#F8F0EE	#EAEAEA
2275	#FDF9F9	#FDFDFD
2276	#E7E4F2	#EDEDED
2277	#EDEAF5	#F3F3F3
2278	#EEECF6	#F4F4F4
2279	#D5D0E8	#C4C4C4
2280	#CCC6E3	#BEBEBE
2281	#E2DEEF	#EDEDED
2282	#D5CFE8	#DFDFDF
2283	#D6D0E9	#E3E3E3
2284	#CBC5E3	#E8E8E8
2285	#E7E3F2	#F8F8F8
2286	#FEFCFC	#FEFEFE
2287	#D9D4EA	#F0F0F0
2288	#D7D1E9	#F4F4F4
2289	#D5D0E8	#F2F2F2
2290	#E8E5F3	#FAFAFA
2291	#E8E4F2	#FAFAFA
2292	#DDD9ED	#F7F7F7
2293	#DAD5EB	#F6F6F6
2294	#E9E6F3	#FBFBFB
2295	#E3DFF0	#F8F8F8
2296	#FAF9FC	#FEFEFE
2297	#FBF6F5	#FBFBFB
2298	#EEECF6	#FCFCFC
2299	#E0DCEE	#F7F7F7
2300	#DBD6EC	#F8F8F8
2301	#E4E0F0	#FAFAFA
2302	#ECEAF5	#FDFDFD
2303	#EBE8F4	#FDFDFD
2304	#DED9ED	#F8F8F8
2305	#D4CEE7	#F7F7F7
2306	#DBD6EC	#F9F9F9
2307	#E5E1F1	#FCFCFC
2308	#FCF7F6	#FCFCFC
2309	#E7E3F2	#FCFCFC
2310	#FCF7F7	#FFFFFF
2311	#F0DDDB	#FDFDFD
2312	#EDEAF5	#FEFEFE
2313	#ECD4D1	#FDFDFD
2314	#E1BEB9	#FDFDFD
2315	#F2E2E0	#FEFEFE
2316	#FBF5F4	#FFFFFF
2317	#FCFBFD	#FFFFFF
2318	#F1DFDD	#FEFEFE
2319	#FEFDFD	#FFFFFF
2320	#F9F8FC	#FDFDFD
2321	#FDFBFB	#FEFEFE
2322	#F0EDF7	#F6F6F6
2323	#EBE8F4	#F2F2F2
2325	#FCF8F8	#FBFBFB
2326	#FCF8F8	#FCFCFC
2327	#EDEAF5	#F3F3F3
2328	#E8E5F3	#ECECEC
2329	#D8D2EA	#D6D6D6
2330	#C2BBDE	#8B8B8B
2331	#CAC3E2	#BFBFBF
2332	#D6D1E9	#DDDDDD
2333	#D5CFE8	#DDDDDD
2334	#DFDAED	#F3F3F3
2335	#E9E6F3	#FAFAFA
2336	#DFDBEE	#F4F4F4
2337	#FAF3F2	#F8F8F8
2338	#DBD6EB	#F4F4F4
2339	#DDD9ED	#F6F6F6
2340	#DCD7EC	#F3F3F3
2341	#D7D2E9	#F4F4F4
2342	#F4F2F9	#FDFDFD
2343	#D6D1E9	#F5F5F5
2344	#DDD8ED	#F6F6F6
2345	#D9D3EA	#F3F3F3
2346	#EBE8F4	#FBFBFB
2347	#FCFCFE	#FFFFFF
2348	#FDF9F9	#FEFEFE
2349	#DFDBEE	#F8F8F8
2350	#E6E3F2	#FAFAFA
2351	#F2F0F8	#FEFEFE
2352	#E4E0F0	#FBFBFB
2353	#F2F0F8	#FEFEFE
2354	#D6D1E9	#F8F8F8
2355	#EEECF6	#FDFDFD
2356	#E7E4F2	#FCFCFC
2357	#E9E6F3	#FDFDFD
2358	#F7F6FB	#FEFEFE
2359	#FDFBFB	#FEFEFE
2360	#F8F7FB	#FFFFFF
2361	#FEFEFD	#FFFFFF
2362	#EEDAD7	#FCFCFC
2363	#E9CECA	#FDFDFD
2364	#F9F8FC	#FFFFFF
2365	#FCFCFD	#FFFFFF
2366	#D5D0E8	#FCFCFC
2367	#F1E0DE	#FEFEFE
2368	#F9F1F0	#FFFFFF
2369	#FEFDFD	#FFFFFF
2370	#FBFBFD	#FEFEFE
2371	#F9F8FC	#FDFDFD
2372	#E6E2F1	#ECECEC
2373	#E8E4F2	#EFEFEF
2375	#F3E4E2	#BDBDBD
2376	#F6EBE9	#E5E5E5
2377	#F7EDEC	#FAFAFA
2378	#F0DEDC	#F4F4F4
2379	#F2E1DF	#F6F6F6
2380	#E8CCC8	#E6E6E6
2381	#F8EFED	#FDFDFD
2382	#FFFEFE	#FFFFFF
2383	#F8F7FB	#FEFEFE
2384	#EBE9F4	#FBFBFB
2385	#F8EFEE	#FDFDFD
2386	#FFFEFF	#FFFFFF
2387	#F9F2F1	#F5F5F5
2388	#F6F5FA	#FEFEFE
2389	#F2F1F8	#FDFDFD
2390	#FCF8F8	#FFFFFF
2391	#E5E2F1	#FBFBFB
2392	#FFFFFF	#FFFFFF
2393	#E0DCEE	#FBFBFB
2394	#ECE9F5	#FEFEFE
2395	#CAC3E2	#F8F8F8
2396	#CCC5E3	#F9F9F9
2397	#C3BBDE	#F7F7F7
2398	#FEFDFD	#FEFEFE
2399	#D9D3EA	#FBFBFB
2400	#E7E4F2	#FDFDFD
2401	#F1EFF8	#FEFEFE
2402	#EFEDF6	#FEFEFE
2403	#DBD7EC	#FBFBFB
2404	#C2BBDE	#F3F3F3
2405	#B5ADD7	#F4F4F4
2406	#DEDAED	#FCFCFC
2407	#E1DDEF	#FDFDFD
2408	#B6ADD7	#F6F6F6
2409	#FDFAFA	#FDFDFD
2410	#EFECF6	#FEFEFE
2411	#E2DEEF	#FDFDFD
2412	#DFDBEE	#FCFCFC
2413	#E1DCEE	#FCFCFC
2414	#FBFBFD	#FFFFFF
2415	#F4F3F9	#FEFEFE
2416	#EFECF6	#FEFEFE
2417	#E8E4F2	#FDFDFD
2418	#EEEBF6	#FEFEFE
2419	#DCD7EC	#FCFCFC
2420	#FBF6F5	#FCFCFC
2421	#FDFAF9	#FEFEFE
2422	#F9F1F0	#FAFAFA
2423	#F7EEEC	#F9F9F9
2424	#FDFAF9	#FEFEFE
2426	#F6EAE9	#DBDBDB
2427	#F4E6E4	#DCDCDC
2428	#F6EBEA	#F9F9F9
2429	#F0DDDB	#F4F4F4
2430	#ECD4D1	#EFEFEF
2431	#F0DEDC	#F5F5F5
2432	#F6EAE8	#FCFCFC
2433	#FBFAFD	#FFFFFF
2434	#F8F7FB	#FEFEFE
2435	#F5F4FA	#FEFEFE
2436	#F4E5E3	#FBFBFB
2437	#FCF7F7	#FEFEFE
2438	#F4E6E4	#E2E2E2
2439	#DCD8EC	#F8F8F8
2440	#E9E6F3	#FCFCFC
2441	#EDEBF5	#FDFDFD
2442	#FDFAF9	#FFFFFF
2443	#E0DCEE	#FAFAFA
2444	#E8E4F2	#FDFDFD
2445	#E2DEF0	#FDFDFD
2446	#F1EFF7	#FEFEFE
2447	#F7F6FB	#FEFEFE
2448	#CAC3E2	#F8F8F8
2449	#FEFCFB	#FEFEFE
2450	#DDD8EC	#FDFDFD
2451	#FFFEFE	#FFFFFF
2452	#DBD7EC	#FBFBFB
2453	#F1EFF7	#FEFEFE
2454	#F5F3F9	#FEFEFE
2455	#B5ACD7	#F4F4F4
2456	#DBD6EB	#FBFBFB
2457	#DFDBEE	#FBFBFB
2458	#D4CFE8	#FBFBFB
2459	#E5E2F1	#FDFDFD
2460	#FCF9F8	#FDFDFD
2461	#F3F2F9	#FEFEFE
2462	#ECE9F5	#FEFEFE
2463	#DFDBEE	#FCFCFC
2464	#E2DEEF	#FDFDFD
2465	#F5F3F9	#FEFEFE
2466	#FAF3F2	#FFFFFF
2467	#FDFAFA	#FFFFFF
2468	#EDEAF5	#FEFEFE
2469	#EBE8F4	#FDFDFD
2470	#FBF7F6	#FDFDFD
2471	#FDFBFB	#FEFEFE
2472	#F8EFEE	#FAFAFA
2473	#FAF2F1	#FBFBFB
2474	#FDFAFA	#FEFEFE
2476	#F2E3E1	#B1B1B1
2477	#F6EAE8	#E1E1E1
2478	#FCF9F9	#FEFEFE
2479	#F4E6E4	#F7F7F7
2480	#F2E2E0	#F7F7F7
2481	#F3E4E2	#F9F9F9
2482	#F0DDDB	#F4F4F4
2483	#F7EEEC	#FCFCFC
2484	#FEFEFE	#FFFFFF
2485	#FCFCFE	#FFFFFF
2486	#F8F7FB	#FEFEFE
2487	#F2F1F8	#FDFDFD
2488	#F5E8E6	#E4E4E4
2489	#F8F7FB	#FEFEFE
2490	#F6F4FA	#FEFEFE
2491	#FEFCFB	#FFFFFF
2492	#F8EFEE	#FEFEFE
2493	#E9E6F3	#FCFCFC
2494	#EDEBF5	#FDFDFD
2495	#DAD5EB	#FAFAFA
2496	#F8F7FB	#FFFFFF
2497	#DDD8EC	#FCFCFC
2498	#FDFDFE	#FFFFFF
2499	#F6E9E8	#EAEAEA
2500	#D4CFE8	#F9F9F9
2501	#FDFBFB	#FFFFFF
2502	#E0DBEE	#FBFBFB
2503	#DCD7EC	#FBFBFB
2504	#C7BFE0	#F6F6F6
2505	#CAC4E2	#F8F8F8
2506	#ACA3D2	#F2F2F2
2507	#CEC7E4	#F9F9F9
2508	#E3DFF0	#FCFCFC
2509	#EEEBF6	#FEFEFE
2510	#FAF4F3	#FAFAFA
2511	#F0EEF7	#FEFEFE
2512	#E1DDEF	#FCFCFC
2513	#FAF4F3	#FFFFFF
2514	#E0DCEE	#FCFCFC
2515	#EDEAF5	#FEFEFE
2516	#E6C8C4	#FCFCFC
2517	#FBFAFD	#FFFFFF
2518	#E9E6F3	#FEFEFE
2519	#D8D3EA	#FAFAFA
2520	#E2DEEF	#FDFDFD
2521	#FCF7F6	#FCFCFC
2522	#FFFEFE	#FFFFFF
2523	#FCF8F8	#FEFEFE
2524	#F5E8E6	#F5F5F5
2525	#FDFDFE	#FFFFFF
2527	#F7EDEB	#E0E0E0
2528	#F3E5E3	#D9D9D9
2529	#FDFAFA	#FEFEFE
2530	#F5E9E7	#F9F9F9
2531	#FCF8F7	#FEFEFE
2532	#F0DDDB	#F6F6F6
2533	#E8CDC9	#E9E9E9
2534	#F2E2E0	#F9F9F9
2535	#FEFDFD	#FFFFFF
2536	#FBFAFD	#FFFFFF
2537	#FCFBFD	#FFFFFF
2538	#FFFFFF	#FFFFFF
2539	#F3E4E2	#DEDEDE
2540	#FDFBFB	#FFFFFF
2541	#F8F6FB	#FEFEFE
2542	#F0EDF7	#FDFDFD
2543	#F5F3F9	#FEFEFE
2544	#E5E1F1	#FBFBFB
2545	#EEEBF6	#FDFDFD
2546	#E3DFF0	#FCFCFC
2547	#DED9ED	#FDFDFD
2548	#FFFFFF	#FFFFFF
2549	#EAE7F4	#FDFDFD
2550	#F6EAE8	#EFEFEF
2551	#EFECF6	#FDFDFD
2552	#DBD6EB	#FCFCFC
2553	#DAD5EB	#FBFBFB
2554	#E2DDEF	#FBFBFB
2555	#CFC9E5	#FAFAFA
2556	#DCD8EC	#FBFBFB
2557	#E3DFF0	#FCFCFC
2558	#D1CBE6	#F9F9F9
2559	#D8D3EA	#FAFAFA
2560	#E5E1F1	#FDFDFD
2561	#FAF4F3	#FBFBFB
2562	#D1CBE6	#F9F9F9
2563	#E8E4F2	#FDFDFD
2564	#F0EDF7	#FEFEFE
2565	#EBE8F4	#FEFEFE
2566	#FFFEFE	#FFFFFF
2567	#CBC5E3	#F9F9F9
2568	#EDD7D4	#FDFDFD
2569	#DAD5EB	#FCFCFC
2570	#D2CCE6	#F9F9F9
2571	#FAF3F2	#FBFBFB
2572	#FAF2F1	#FCFCFC
2573	#FBF5F5	#FDFDFD
2574	#FCF8F8	#FEFEFE
2575	#FDF9F9	#FEFEFE
2577	#F5E9E7	#D2D2D2
2578	#F6EAE8	#DFDFDF
2579	#FEFDFD	#FFFFFF
2580	#F9F0EF	#FBFBFB
2581	#F5E8E6	#F9F9F9
2582	#F4E6E4	#F9F9F9
2583	#E9CECA	#EBEBEB
2584	#EAD1CD	#EAEAEA
2585	#F0DEDB	#F7F7F7
2586	#F9F2F1	#FEFEFE
2587	#FCFCFE	#FFFFFF
2588	#FEFDFE	#FFFFFF
2589	#F4E5E3	#DDDDDD
2590	#FDFDFE	#FFFFFF
2591	#E2DEEF	#FBFBFB
2592	#E1DDEF	#FCFCFC
2593	#E8E5F3	#FCFCFC
2594	#F5F3FA	#FEFEFE
2595	#F3F1F8	#FEFEFE
2596	#E8E4F2	#FDFDFD
2597	#F3F1F9	#FEFEFE
2598	#E4E1F1	#FDFDFD
2599	#E1DDEF	#FCFCFC
2600	#F6EBE9	#F0F0F0
2601	#FCF8F8	#FFFFFF
2602	#F0EEF7	#FEFEFE
2603	#E2DEEF	#FCFCFC
2604	#D7D1E9	#F8F8F8
2605	#D4CFE8	#FAFAFA
2606	#D0C9E5	#F9F9F9
2607	#D5CFE8	#FCFCFC
2608	#D5CFE8	#F8F8F8
2609	#EEECF6	#FEFEFE
2610	#D4CEE8	#FAFAFA
2611	#F8EFED	#F6F6F6
2612	#B2AAD5	#F2F2F2
2613	#E2DEEF	#FBFBFB
2614	#DDD9ED	#FDFDFD
2615	#E0DBEE	#FCFCFC
2616	#F1EFF7	#FEFEFE
2617	#E8E4F2	#FDFDFD
2618	#F8F0EF	#FEFEFE
2619	#DDD9ED	#FDFDFD
2620	#C1BADD	#FBFBFB
2621	#D4CFE8	#FCFCFC
2622	#F9F0EF	#F9F9F9
2623	#F8EFEE	#FAFAFA
2624	#F6EAE9	#F7F7F7
2625	#FBFAFD	#FEFEFE
2626	#FCF7F6	#FDFDFD
2628	#F9F0EF	#EBEBEB
2629	#F5E8E7	#DFDFDF
2630	#FEFCFB	#FEFEFE
2631	#FCF9F8	#FEFEFE
2632	#F5E9E7	#FAFAFA
2633	#F2E3E1	#F7F7F7
2634	#EED9D7	#F2F2F2
2635	#EED9D6	#F2F2F2
2636	#FBF5F4	#FEFEFE
2637	#FEFCFC	#FFFFFF
2638	#EFEDF6	#FDFDFD
2639	#F2F0F8	#FEFEFE
2640	#F6EBEA	#EFEFEF
2641	#FDFAF9	#FFFFFF
2642	#F9F1EF	#FEFEFE
2643	#F0EEF7	#FEFEFE
2644	#F8F7FB	#FEFEFE
2645	#F8F7FB	#FEFEFE
2646	#FCF7F7	#FFFFFF
2647	#FDF9F9	#FFFFFF
2648	#E7E4F2	#FCFCFC
2649	#DFDAED	#FCFCFC
2650	#D8D3EA	#F9F9F9
2651	#F8EEED	#F5F5F5
2652	#B7AFD8	#F3F3F3
2653	#D9D4EA	#FBFBFB
2654	#EDEBF5	#FEFEFE
2655	#E1DCEE	#FCFCFC
2656	#D3CDE7	#FAFAFA
2657	#F9F8FC	#FFFFFF
2658	#F3F2F9	#FEFEFE
2659	#C8C2E1	#F6F6F6
2660	#EDEAF5	#FEFEFE
2661	#E7E3F2	#FCFCFC
2662	#F8EFEE	#F7F7F7
2663	#D3CDE7	#F8F8F8
2664	#BDB5DB	#F7F7F7
2665	#E2DEEF	#FCFCFC
2666	#F1EFF8	#FEFEFE
2667	#DCD7EC	#FCFCFC
2668	#FCF7F7	#FFFFFF
2669	#F3F2F9	#FEFEFE
2670	#D5CFE8	#FCFCFC
2671	#CAC3E2	#F8F8F8
2672	#F5E9E7	#F5F5F5
2673	#F3E4E2	#F1F1F1
2674	#FAF4F3	#FCFCFC
2675	#FDFBFB	#FEFEFE
2676	#FBF6F5	#FDFDFD
2678	#F4E7E5	#C6C6C6
2679	#F8EEED	#E8E8E8
2680	#FAF4F3	#FCFCFC
2681	#FCF9F8	#FEFEFE
2682	#F9F1EF	#FCFCFC
2683	#FDFAF9	#FEFEFE
2684	#F1E0DD	#F5F5F5
2685	#F6EAE8	#FAFAFA
2686	#F6EBEA	#FBFBFB
2687	#FDFAFA	#FFFFFF
2688	#FFFFFF	#FFFFFF
2689	#FEFCFC	#FFFFFF
2690	#F7EDEB	#EEEEEE
2691	#FCF8F7	#FEFEFE
2692	#F5F4FA	#FEFEFE
2693	#FBF5F4	#FEFEFE
2694	#F9F8FC	#FFFFFF
2695	#FCFBFD	#FFFFFF
2696	#F9F8FC	#FFFFFF
2697	#FFFFFF	#FFFFFF
2698	#D1CBE6	#F9F9F9
2699	#E4E0F0	#FDFDFD
2700	#F9F8FC	#FFFFFF
2701	#F6EBEA	#F1F1F1
2702	#EDEBF5	#FDFDFD
2703	#DFDAED	#FBFBFB
2704	#D9D3EA	#F9F9F9
2705	#E4E1F1	#FDFDFD
2706	#CAC3E2	#F5F5F5
2707	#DEDAED	#FBFBFB
2708	#E7E4F2	#FDFDFD
2709	#E0DBEE	#FBFBFB
2710	#E0DCEE	#FCFCFC
2711	#D5CFE8	#F9F9F9
2712	#F7ECEA	#F4F4F4
2713	#D1CBE6	#F8F8F8
2714	#CAC3E2	#F7F7F7
2715	#F6F5FA	#FEFEFE
2716	#E6E3F1	#FDFDFD
2717	#F1EFF7	#FEFEFE
2718	#ECEAF5	#FEFEFE
2719	#F7F6FB	#FFFFFF
2720	#F3E5E3	#FEFEFE
2721	#F8F7FB	#FFFFFF
2722	#F5F3FA	#FFFFFF
2723	#F0DEDC	#E8E8E8
2724	#F6E9E8	#F6F6F6
2725	#F9F0EF	#FAFAFA
2726	#FDFBFB	#FEFEFE
2727	#FEFCFB	#FEFEFE
2729	#F7EDEC	#E3E3E3
2730	#FBF7F6	#FAFAFA
2731	#FDFAFA	#FEFEFE
2732	#FEFDFD	#FFFFFF
2733	#FDF9F9	#FEFEFE
2734	#F8EFED	#FCFCFC
2735	#EED9D6	#F3F3F3
2736	#F6EBEA	#FCFCFC
2737	#F5E7E5	#FAFAFA
2738	#FCF7F6	#FEFEFE
2739	#FBF7F6	#FEFEFE
2740	#FDFAFA	#FFFFFF
2741	#FAF3F2	#F8F8F8
2742	#FBF7F6	#FEFEFE
2743	#FBF5F5	#FEFEFE
2744	#FDFAF9	#FFFFFF
2745	#F5F3FA	#FEFEFE
2746	#EFEDF6	#FEFEFE
2747	#FAF5F4	#FEFEFE
2748	#F8F7FB	#FEFEFE
2749	#EFEDF7	#FEFEFE
2750	#ECE9F5	#FDFDFD
2751	#EDEBF5	#FEFEFE
2752	#F7EDEC	#F5F5F5
2753	#FCFBFD	#FFFFFF
2754	#F0EEF7	#FEFEFE
2755	#D8D3EA	#FAFAFA
2756	#CFC9E5	#F8F8F8
2757	#D1CBE6	#FBFBFB
2758	#E2DEEF	#FCFCFC
2759	#DAD5EB	#FCFCFC
2760	#E4E1F1	#FDFDFD
2761	#E9E6F3	#FDFDFD
2762	#E4E1F1	#FCFCFC
2763	#F3E4E2	#EFEFEF
2764	#DDD9ED	#FBFBFB
2765	#E5E1F1	#FCFCFC
2766	#DAD5EB	#FBFBFB
2767	#EAE7F3	#FDFDFD
2768	#EAE7F3	#FDFDFD
2769	#F8EFEE	#FEFEFE
2770	#FBF5F4	#FFFFFF
2771	#D3CDE7	#FBFBFB
2772	#CEC8E5	#FBFBFB
2773	#F4E6E4	#EFEFEF
2774	#F7EDEC	#F8F8F8
2775	#FDFBFA	#FEFEFE
2776	#FEFDFC	#FFFFFF
2777	#FDFBFB	#FEFEFE
2779	#F3E4E2	#BEBEBE
2780	#FAF3F2	#F5F5F5
2781	#F7F5FA	#FDFDFD
2782	#FDFBFB	#FEFEFE
2783	#FEFEFE	#FFFFFF
2784	#FDFCFE	#FFFFFF
2785	#EED9D6	#F2F2F2
2786	#FCF7F6	#FEFEFE
2787	#FBF6F5	#FEFEFE
2788	#F7ECEA	#FCFCFC
2789	#F6EAE8	#FCFCFC
2790	#F2E2E0	#FAFAFA
2791	#FFFFFF	#FFFFFF
2792	#FDFBFB	#FFFFFF
2793	#F5E9E7	#FDFDFD
2794	#FFFFFF	#FFFFFF
2795	#FCFBFD	#FFFFFF
2796	#F3F1F8	#FEFEFE
2797	#F3F1F9	#FEFEFE
2798	#FDFBFA	#FFFFFF
2799	#F9F8FC	#FFFFFF
2800	#F1EFF7	#FEFEFE
2801	#F4F3F9	#FEFEFE
2802	#FAF4F4	#FAFAFA
2803	#EAE7F3	#FDFDFD
2804	#DCD7EC	#FBFBFB
2805	#D5D0E8	#F9F9F9
2806	#D4CEE8	#FAFAFA
2807	#E2DEEF	#FDFDFD
2808	#D3CEE7	#FAFAFA
2809	#DED9ED	#FCFCFC
2810	#D6D0E9	#FCFCFC
2811	#C6BEE0	#F6F6F6
2812	#C2BADE	#F2F2F2
2813	#F1E0DD	#E7E7E7
2814	#E0DBEE	#FCFCFC
2815	#CCC6E3	#F9F9F9
2816	#DDD8EC	#FCFCFC
2817	#ADA3D2	#F2F2F2
2818	#E1DDEF	#FDFDFD
2819	#F3F1F9	#FEFEFE
2820	#F1EFF7	#FEFEFE
2821	#EDEBF5	#FEFEFE
2822	#EDEBF5	#FEFEFE
2823	#EAE7F3	#FEFEFE
2824	#F3E4E2	#EFEFEF
2825	#F8EFEE	#F8F8F8
2826	#FEFCFC	#FEFEFE
2827	#FBFBFD	#FEFEFE
2828	#FBFAFD	#FEFEFE
2830	#F6EBEA	#E1E1E1
2831	#FBF6F6	#FAFAFA
2832	#FAF9FC	#FEFEFE
2833	#FCF7F7	#FEFEFE
2834	#FCFBFD	#FEFEFE
2835	#FCF9F9	#FEFEFE
2836	#F8F0EE	#FDFDFD
2837	#F6ECEA	#FCFCFC
2838	#F5E8E6	#FCFCFC
2839	#F7EDEC	#FDFDFD
2840	#F8EFEE	#FDFDFD
2841	#FAF3F2	#FEFEFE
2842	#FDFAF9	#FDFDFD
2843	#F8F7FB	#FEFEFE
2844	#FCF9F9	#FFFFFF
2845	#EEEBF6	#FDFDFD
2846	#F5E9E7	#FCFCFC
2847	#E8E5F3	#FEFEFE
2848	#F8F7FB	#FFFFFF
2849	#F3F1F8	#FEFEFE
2850	#F6F4FA	#FEFEFE
2851	#E7E4F2	#FCFCFC
2852	#E1DDEF	#FBFBFB
2853	#F6EAE9	#F1F1F1
2854	#DAD5EB	#FCFCFC
2855	#DAD5EB	#FAFAFA
2856	#D3CEE7	#F8F8F8
2857	#F4F2F9	#FEFEFE
2858	#D7D2E9	#FCFCFC
2859	#E2DEEF	#FCFCFC
2860	#CFC8E5	#F9F9F9
2861	#DFDAEE	#FCFCFC
2862	#DEDAED	#FBFBFB
2863	#F1EFF7	#FEFEFE
2864	#F3E4E2	#ECECEC
2865	#D3CDE7	#F9F9F9
2866	#C0B8DD	#F8F8F8
2867	#C9C2E2	#F8F8F8
2868	#E7E3F2	#FDFDFD
2869	#DED9ED	#FDFDFD
2870	#DBD7EC	#FCFCFC
2871	#ECEAF5	#FEFEFE
2872	#E7E4F2	#FDFDFD
2873	#F6F5FA	#FFFFFF
2874	#F6EAE8	#F4F4F4
2875	#F8EEED	#F8F8F8
2876	#FEFEFD	#FFFFFF
2877	#FDFDFE	#FFFFFF
2878	#FCFCFE	#FFFFFF
2880	#F0DEDC	#ACACAC
2881	#F5E8E6	#DFDFDF
2882	#FDFDFE	#FFFFFF
2883	#FEFDFD	#FFFFFF
2884	#FBFAFD	#FEFEFE
2885	#FCF7F7	#FEFEFE
2886	#FBFBFD	#FFFFFF
2887	#FAF3F2	#FDFDFD
2888	#F8EFEE	#FDFDFD
2889	#FEFDFD	#FFFFFF
2890	#F5E9E7	#FCFCFC
2891	#FAF9FC	#FFFFFF
2892	#F8EFEE	#F3F3F3
2893	#FEFDFE	#FFFFFF
2894	#FFFEFE	#FFFFFF
2895	#FCF7F7	#FEFEFE
2896	#F0DDDA	#FBFBFB
2897	#F0EEF7	#FEFEFE
2898	#F7F6FB	#FEFEFE
2899	#E5E2F1	#FBFBFB
2900	#F8EFEE	#FEFEFE
2901	#E8E4F2	#FCFCFC
2902	#DFDBEE	#FBFBFB
2903	#F5E8E6	#EDEDED
2904	#EDEAF5	#FDFDFD
2905	#CFC9E5	#FAFAFA
2906	#F0EEF7	#FEFEFE
2907	#BFB8DC	#F6F6F6
2908	#D5D0E8	#FAFAFA
2909	#D5CFE8	#FBFBFB
2910	#E2DEEF	#FDFDFD
2911	#D4CEE8	#F9F9F9
2912	#D7D1E9	#F9F9F9
2913	#DFDAED	#FBFBFB
2914	#F3E4E2	#E9E9E9
2915	#DAD5EB	#FBFBFB
2916	#C1BADE	#F7F7F7
2917	#EDEAF5	#FEFEFE
2918	#C8C1E1	#F8F8F8
2919	#ECE9F5	#FEFEFE
2920	#EBE8F4	#FDFDFD
2921	#E4E1F1	#FCFCFC
2922	#EAE7F4	#FEFEFE
2923	#FAF9FC	#FFFFFF
2924	#FDFCFE	#FFFFFF
2925	#F2E2E0	#EBEBEB
2926	#F7EEEC	#F7F7F7
2927	#FBF5F4	#FCFCFC
2928	#FCF7F6	#FDFDFD
2929	#FEFEFF	#FFFFFF
2931	#F3E5E3	#CCCCCC
2932	#F2E2E0	#D7D7D7
2933	#F6F5FA	#FDFDFD
2934	#FDFDFE	#FFFFFF
2935	#F9F0EF	#FBFBFB
2936	#FDFBFB	#FFFFFF
2937	#FDFAF9	#FEFEFE
2938	#F1E0DE	#F8F8F8
2939	#FDF9F9	#FEFEFE
2940	#F3F1F8	#FDFDFD
2941	#FCFBFD	#FFFFFF
2942	#FBFAFD	#FFFFFF
2943	#F3E4E2	#E5E5E5
2944	#F8F8FB	#FEFEFE
2945	#FEFDFD	#FFFFFF
2946	#F8F7FB	#FEFEFE
2947	#F6EBE9	#FDFDFD
2948	#F9F2F1	#FEFEFE
2949	#FFFFFF	#FFFFFF
2950	#FEFEFE	#FFFFFF
2951	#F0EEF7	#FEFEFE
2952	#FCF9F8	#FFFFFF
2953	#EBE8F4	#FDFDFD
2954	#F6EBE9	#F0F0F0
2955	#E9E6F3	#FDFDFD
2956	#E1DDEF	#FDFDFD
2957	#E0DBEE	#FCFCFC
2958	#CFC8E5	#F9F9F9
2959	#E9E6F3	#FDFDFD
2960	#E9E6F3	#FDFDFD
2961	#DDD8EC	#FBFBFB
2962	#DDD8ED	#FBFBFB
2963	#D6D1E9	#FAFAFA
2964	#DAD5EB	#FBFBFB
2965	#F9F1F0	#F8F8F8
2966	#C6BFE0	#F6F6F6
2967	#C9C2E1	#F6F6F6
2968	#CEC8E4	#FAFAFA
2969	#EAE7F4	#FDFDFD
2970	#F0EDF7	#FEFEFE
2971	#F2F0F8	#FEFEFE
2972	#F5F4FA	#FFFFFF
2973	#F8F7FB	#FFFFFF
2974	#DEDAED	#FCFCFC
2975	#F7EEEC	#F7F7F7
2976	#F9F1F0	#FAFAFA
2977	#FDFDFE	#FFFFFF
2978	#FAF4F3	#FCFCFC
2979	#FDFBFB	#FEFEFE
2981	#EED8D6	#8B8B8B
2982	#EFDBD8	#B8B8B8
2983	#FEFEFF	#FFFFFF
2984	#F8F7FB	#FDFDFD
2985	#FDFAFA	#FEFEFE
2986	#FBF5F5	#FDFDFD
2987	#FBFAFD	#FEFEFE
2988	#FAF4F3	#FEFEFE
2989	#F8EEED	#FCFCFC
2990	#FDFCFE	#FFFFFF
2991	#F6F4FA	#FEFEFE
2992	#F5E7E6	#FBFBFB
2993	#EFDAD8	#D0D0D0
2994	#FAF3F2	#FEFEFE
2995	#FCF8F7	#FEFEFE
2996	#FAF3F2	#FEFEFE
2997	#F0DDDA	#FBFBFB
2998	#F7EDEB	#FDFDFD
2999	#FCF8F7	#FFFFFF
3000	#F5F4FA	#FEFEFE
3001	#EFECF6	#FDFDFD
3002	#ECE9F4	#FDFDFD
3003	#FFFFFF	#FFFFFF
3004	#F1E0DD	#DCDCDC
3005	#F3F1F9	#FEFEFE
3006	#FEFEFE	#FFFFFF
3007	#B7AFD8	#F8F8F8
3008	#EAE8F4	#FDFDFD
3009	#D9D3EA	#FBFBFB
3010	#D3CEE7	#FCFCFC
3011	#E4E0F0	#FDFDFD
3012	#E6E2F1	#FCFCFC
3013	#CEC7E4	#F8F8F8
3014	#D4CFE8	#F9F9F9
3015	#F8EFEE	#F6F6F6
3016	#BFB7DC	#F6F6F6
3017	#D3CDE7	#F9F9F9
3018	#BDB5DB	#F8F8F8
3019	#E5E1F1	#FDFDFD
3020	#C8C1E1	#F8F8F8
3021	#D5D0E8	#F9F9F9
3022	#ECEAF5	#FEFEFE
3023	#ECE9F5	#FEFEFE
3024	#F6F5FA	#FFFFFF
3025	#FEFCFC	#FFFFFF
3026	#F9F1F0	#F8F8F8
3027	#F9F1F0	#FAFAFA
3028	#F9F1F0	#FAFAFA
3029	#FEFCFB	#FEFEFE
3030	#FCF9F8	#FEFEFE
3032	#F1E0DE	#BEBEBE
3033	#F3E3E1	#E0E0E0
3034	#FFFFFF	#FFFFFF
3035	#FDFDFE	#FFFFFF
3036	#FCF8F7	#FEFEFE
3037	#FCFBFD	#FFFFFF
3038	#FDFAFA	#FEFEFE
3039	#FCFCFD	#FFFFFF
3040	#F8EEED	#FDFDFD
3041	#FBF6F5	#FEFEFE
3042	#F9F0EF	#FDFDFD
3043	#FEFEFF	#FFFFFF
3044	#F2E1DF	#DEDEDE
3045	#F5E9E7	#FDFDFD
3046	#F8EEED	#FDFDFD
3047	#FBF5F4	#FEFEFE
3048	#FEFCFC	#FFFFFF
3049	#EFDAD8	#FAFAFA
3050	#FCFBFD	#FFFFFF
3051	#F3F2F9	#FEFEFE
3052	#EBE8F4	#FDFDFD
3053	#EAE7F4	#FCFCFC
3054	#EDEAF5	#FDFDFD
3055	#F6EBE9	#F0F0F0
3056	#E8E4F2	#FDFDFD
3057	#ECE9F5	#FDFDFD
3058	#EAE7F4	#FDFDFD
3059	#CAC3E2	#F9F9F9
3060	#ECEAF5	#FEFEFE
3061	#D3CDE7	#FAFAFA
3062	#D7D2E9	#FAFAFA
3063	#E4E1F1	#FCFCFC
3064	#D7D1E9	#FAFAFA
3065	#DFDBEE	#FCFCFC
3066	#FCF8F8	#FDFDFD
3067	#E5E2F1	#FDFDFD
3068	#E4E1F0	#FBFBFB
3069	#E2DEEF	#FCFCFC
3070	#EFECF6	#FEFEFE
3071	#E5E1F1	#FCFCFC
3072	#C6BFE0	#F7F7F7
3073	#E6E2F1	#FDFDFD
3074	#F2F0F8	#FEFEFE
3075	#F2F0F8	#FEFEFE
3076	#F9F2F1	#F9F9F9
3077	#FDFAF9	#FEFEFE
3078	#FBF6F6	#FDFDFD
3079	#FBFAFD	#FEFEFE
3080	#FFFEFE	#FFFFFF
3082	#EFDBD9	#9C9C9C
3083	#F1E0DD	#D3D3D3
3084	#FFFEFE	#FFFFFF
3085	#FAF4F3	#FDFDFD
3086	#FDFAFA	#FEFEFE
3087	#FEFDFD	#FFFFFF
3088	#FDFAFA	#FEFEFE
3089	#FBFBFD	#FEFEFE
3090	#FAFAFC	#FEFEFE
3091	#FBF5F4	#FEFEFE
3092	#F9F2F1	#FEFEFE
3093	#FEFDFE	#FFFFFF
3094	#F2E2E0	#DFDFDF
3095	#F9F2F1	#FEFEFE
3096	#EED8D5	#FAFAFA
3097	#F1E0DE	#FBFBFB
3098	#FBFAFD	#FFFFFF
3099	#F7EDEB	#FDFDFD
3100	#F6EBEA	#FDFDFD
3101	#FBF6F5	#FEFEFE
3102	#DCD8EC	#FBFBFB
3103	#EBE9F4	#FCFCFC
3104	#F3F1F8	#FEFEFE
3105	#F4E6E4	#E7E7E7
3106	#F1EFF7	#FEFEFE
3107	#FEFEFE	#FFFFFF
3108	#F5F3FA	#FEFEFE
3109	#C6BFE0	#FAFAFA
3110	#D9D3EA	#FCFCFC
3111	#DCD8EC	#FBFBFB
3112	#E9E6F3	#FDFDFD
3113	#D2CCE7	#FAFAFA
3114	#DDD9ED	#FBFBFB
3115	#D9D4EB	#FAFAFA
3116	#F9F1F0	#F7F7F7
3117	#FCFCFD	#FFFFFF
3118	#C5BEE0	#F8F8F8
3119	#C4BDDF	#F7F7F7
3120	#BCB4DB	#F5F5F5
3121	#BCB4DB	#F7F7F7
3122	#AEA5D3	#F5F5F5
3123	#BBB3DA	#F6F6F6
3124	#F6F4FA	#FFFFFF
3125	#F3F1F9	#FEFEFE
3126	#E4E1F1	#FDFDFD
3127	#FBF5F5	#FBFBFB
3128	#FCF9F8	#FDFDFD
3129	#FEFCFC	#FFFFFF
3130	#FBF6F5	#FDFDFD
3131	#FCF7F7	#FDFDFD
3133	#F4E6E4	#D6D6D6
3134	#F4E7E5	#E4E4E4
3135	#FFFEFE	#FFFFFF
3136	#FDFAF9	#FEFEFE
3137	#FAF3F2	#FDFDFD
3138	#F8F0EF	#FCFCFC
3139	#FDFCFE	#FFFFFF
3140	#FFFFFF	#FFFFFF
3141	#FCF9F9	#FEFEFE
3142	#F9F2F1	#FEFEFE
3143	#F9F2F1	#FEFEFE
3144	#FAF4F3	#FEFEFE
3145	#F4E7E5	#E7E7E7
3146	#F5E9E7	#FBFBFB
3147	#F1DFDC	#FBFBFB
3148	#F5E9E7	#FCFCFC
3149	#FCFBFD	#FFFFFF
3150	#FDFBFB	#FFFFFF
3151	#F6EAE8	#FCFCFC
3152	#F6EAE9	#FDFDFD
3153	#F3F2F9	#FEFEFE
3154	#F3F1F9	#FEFEFE
3155	#D4CEE8	#F8F8F8
3156	#F7EDEC	#F2F2F2
3157	#F9F8FC	#FEFEFE
3158	#EAE8F4	#FDFDFD
3159	#F0EEF7	#FEFEFE
3160	#CFC9E5	#FBFBFB
3161	#CBC4E3	#F6F6F6
3162	#C1B9DD	#F5F5F5
3163	#E3DFF0	#FCFCFC
3164	#BDB5DB	#F6F6F6
3165	#D1CBE6	#FAFAFA
3166	#DAD5EB	#FBFBFB
3167	#F8EEED	#F4F4F4
3168	#F9F8FC	#FFFFFF
3169	#EFEDF6	#FEFEFE
3170	#DED9ED	#FBFBFB
3171	#D5D0E8	#FAFAFA
3172	#D4CEE8	#F9F9F9
3173	#CFC8E5	#FBFBFB
3174	#E1DDEF	#FDFDFD
3175	#F1EFF8	#FEFEFE
3176	#F7ECEB	#FEFEFE
3177	#FEFEFE	#FFFFFF
3178	#FCF9F8	#FDFDFD
3179	#FEFDFE	#FFFFFF
3180	#FCFBFD	#FEFEFE
3181	#FEFDFD	#FFFFFF
3183	#F1DFDD	#B1B1B1
3184	#F6EBE9	#E4E4E4
3185	#F8F0EF	#FAFAFA
3186	#FDFAFA	#FEFEFE
3187	#F8EEED	#FBFBFB
3188	#FBF5F5	#FEFEFE
3189	#F9F2F1	#FDFDFD
3190	#FEFEFD	#FFFFFF
3191	#FBF6F5	#FEFEFE
3192	#FAFAFC	#FEFEFE
3193	#FEFEFD	#FFFFFF
3194	#F5E9E7	#FCFCFC
3195	#F7EDEC	#EFEFEF
3196	#EEDAD7	#F8F8F8
3197	#E0BDB9	#E8E8E8
3198	#E9CFCB	#F5F5F5
3199	#FBF5F4	#FEFEFE
3200	#F2E1DF	#FCFCFC
3201	#F0EEF7	#FDFDFD
3202	#FDFAF9	#FFFFFF
3203	#FFFFFF	#FFFFFF
3204	#E7E4F2	#FCFCFC
3205	#FCFCFD	#FFFFFF
3206	#F7ECEA	#F0F0F0
3207	#F7F6FB	#FEFEFE
3208	#FCF8F7	#FFFFFF
3209	#E8E5F3	#FDFDFD
3210	#E8E5F3	#FEFEFE
3211	#E4E0F0	#FCFCFC
3212	#F7F5FB	#FEFEFE
3213	#BDB5DB	#F6F6F6
3214	#EDEAF5	#FEFEFE
3215	#D2CCE7	#F9F9F9
3216	#CDC7E4	#F7F7F7
3217	#F8EEED	#F4F4F4
3218	#FAF9FC	#FFFFFF
3219	#E9E6F3	#FDFDFD
3220	#D5CFE8	#FBFBFB
3221	#D9D4EA	#F9F9F9
3222	#D7D2E9	#FBFBFB
3223	#D7D2E9	#FCFCFC
3224	#D0CAE5	#FAFAFA
3225	#E0DCEE	#FDFDFD
3226	#D6D0E8	#FAFAFA
3227	#F5F4FA	#FFFFFF
3228	#FAF2F1	#F9F9F9
3229	#FAF9FC	#FDFDFD
3230	#FEFEFE	#FFFFFF
3231	#FEFEFD	#FFFFFF
3232	#FDFDFE	#FFFFFF
3234	#F6ECEA	#E0E0E0
3235	#F8EFEE	#EEEEEE
3236	#F6EAE8	#F9F9F9
3237	#FEFBFB	#FFFFFF
3238	#FBFAFD	#FEFEFE
3239	#FEFCFC	#FFFFFF
3240	#FCF9F8	#FEFEFE
3241	#FDFDFE	#FFFFFF
3242	#FAF4F3	#FEFEFE
3243	#FAF4F3	#FEFEFE
3244	#F6EAE8	#FCFCFC
3245	#F9F2F1	#FEFEFE
3246	#FAF3F2	#F7F7F7
3247	#EDD8D5	#F7F7F7
3248	#DEBAB5	#E1E1E1
3249	#F5E8E6	#FCFCFC
3250	#F9F2F1	#FEFEFE
3251	#F2F0F8	#FEFEFE
3252	#FAF9FC	#FFFFFF
3253	#F5E9E7	#FCFCFC
3254	#F7F6FB	#FEFEFE
3255	#FCFBFD	#FFFFFF
3256	#D6D0E9	#F9F9F9
3257	#F9F0EF	#F6F6F6
3258	#FEFEFE	#FFFFFF
3259	#FAF9FC	#FFFFFF
3260	#EFECF6	#FEFEFE
3261	#E1DDEF	#FBFBFB
3262	#EBE8F4	#FEFEFE
3263	#B7AFD8	#F5F5F5
3264	#E3DFF0	#FCFCFC
3265	#DAD5EB	#FAFAFA
3266	#CBC5E3	#FBFBFB
3267	#E1DDEF	#FDFDFD
3268	#F4E7E5	#EDEDED
3269	#CEC7E4	#F9F9F9
3270	#E4E1F1	#FDFDFD
3271	#C3BBDE	#F7F7F7
3272	#DBD6EC	#FBFBFB
3273	#E9E6F3	#FDFDFD
3274	#ECE9F5	#FEFEFE
3275	#DBD6EC	#FBFBFB
3276	#F2F1F8	#FEFEFE
3277	#DFDAEE	#FCFCFC
3278	#FEFDFC	#FFFFFF
3279	#FCFBFD	#FEFEFE
3280	#FBFAFD	#FEFEFE
3281	#FAF9FC	#FEFEFE
3282	#FAF4F4	#FCFCFC
3284	#F1E0DE	#B1B1B1
3285	#F6E9E8	#DFDFDF
3286	#F9F1F0	#FCFCFC
3287	#FBF6F5	#FDFDFD
3288	#FCF7F7	#FEFEFE
3289	#FDFCFE	#FFFFFF
3290	#FCF9F9	#FEFEFE
3291	#F1EFF7	#FCFCFC
3292	#FEFCFC	#FFFFFF
3293	#F6EBE9	#FBFBFB
3294	#FDFAFA	#FFFFFF
3295	#EDD6D3	#F7F7F7
3296	#FAF3F2	#F6F6F6
3297	#EED9D6	#F7F7F7
3298	#E5C7C3	#EEEEEE
3299	#E4C5C1	#F1F1F1
3300	#EFDBD9	#F9F9F9
3301	#F7F6FB	#FEFEFE
3302	#F7F6FB	#FEFEFE
3303	#FEFCFC	#FFFFFF
3304	#F4F2F9	#FEFEFE
3305	#F6F4FA	#FEFEFE
3306	#E5E2F1	#FDFDFD
3307	#FAF4F4	#F9F9F9
3308	#EEEBF6	#FDFDFD
3309	#FCFBFD	#FFFFFF
3310	#F4F2F9	#FEFEFE
3311	#F1EFF7	#FEFEFE
3312	#E8E5F2	#FDFDFD
3313	#D3CDE7	#FAFAFA
3314	#F6F5FA	#FEFEFE
3315	#E0DCEE	#FBFBFB
3316	#D5CFE8	#F9F9F9
3317	#D5CFE8	#FCFCFC
3318	#F6EBEA	#F1F1F1
3319	#EAE7F4	#FDFDFD
3320	#DCD7EC	#FCFCFC
3321	#EFEDF6	#FEFEFE
3322	#EBE8F4	#FDFDFD
3323	#BEB6DC	#F5F5F5
3324	#C2BADE	#FAFAFA
3325	#D9D4EA	#FBFBFB
3326	#CBC4E3	#F8F8F8
3327	#F4F2F9	#FEFEFE
3328	#E1DDEF	#FDFDFD
3329	#F9F2F1	#FAFAFA
3330	#FDFAF9	#FEFEFE
3331	#F3F2F9	#FAFAFA
3332	#F7F6FB	#FCFCFC
3333	#FEFDFD	#FFFFFF
3335	#F5E8E6	#D6D6D6
3336	#F7EDEC	#ECECEC
3337	#F8EFEE	#FBFBFB
3338	#F6EBE9	#F9F9F9
3339	#FFFEFE	#FFFFFF
3340	#FEFEFE	#FFFFFF
3341	#FCF7F7	#FEFEFE
3342	#FEFDFD	#FFFFFF
3343	#FEFDFD	#FFFFFF
3344	#FBF6F5	#FEFEFE
3345	#FDFAF9	#FFFFFF
3346	#F2E1DF	#F9F9F9
3347	#FDFAFA	#FDFDFD
3348	#E9CFCC	#F2F2F2
3349	#F3E4E2	#FAFAFA
3350	#E2C0BB	#EAEAEA
3351	#F3E4E2	#FBFBFB
3352	#F4E6E4	#FCFCFC
3353	#F4E7E5	#FCFCFC
3354	#F6EBE9	#FDFDFD
3355	#F9F1F0	#FEFEFE
3356	#FEFDFD	#FFFFFF
3357	#F1EFF7	#FEFEFE
3358	#F9F1F0	#F7F7F7
3359	#EAE7F3	#FCFCFC
3360	#E2DEEF	#FBFBFB
3361	#DFDAEE	#FAFAFA
3362	#F7F6FB	#FEFEFE
3363	#EDEBF5	#FDFDFD
3364	#EDEAF5	#FEFEFE
3365	#E9E6F3	#FDFDFD
3366	#E3DFF0	#FCFCFC
3367	#E2DEEF	#FCFCFC
3368	#DCD7EC	#FCFCFC
3369	#F8EEED	#F7F7F7
3370	#F3F2F9	#FEFEFE
3371	#E8E5F3	#FEFEFE
3372	#D2CCE6	#FAFAFA
3373	#EDEBF5	#FEFEFE
3374	#DFDBEE	#FCFCFC
3375	#D6D1E9	#FBFBFB
3376	#D4CFE8	#F9F9F9
3377	#D8D2EA	#FBFBFB
3378	#C6BFE0	#FAFAFA
3379	#FDF9F9	#FEFEFE
3380	#F9F8FC	#FDFDFD
3381	#F0EEF7	#F6F6F6
3382	#FEFEFE	#FFFFFF
3383	#FCF8F8	#FEFEFE
3385	#F4E6E5	#D7D7D7
3386	#FDF9F9	#FDFDFD
3387	#F0EDF7	#F7F7F7
3388	#EDEAF5	#F2F2F2
3389	#D8D3EA	#DADADA
3390	#BFB7DC	#969696
3391	#C1BADD	#939393
3392	#C6BFE0	#B2B2B2
3393	#CDC6E4	#C4C4C4
3394	#DFDAED	#F1F1F1
3395	#E0DCEE	#F4F4F4
3396	#D9D4EA	#EEEEEE
3397	#FCF8F8	#FCFCFC
3398	#CFC9E5	#ECECEC
3399	#CDC6E4	#ECECEC
3400	#E0DCEE	#F7F7F7
3401	#DCD7EC	#F4F4F4
3402	#E4E0F0	#F8F8F8
3403	#E4E0F0	#F9F9F9
3404	#E4E1F1	#FAFAFA
3405	#D6D0E8	#F3F3F3
3406	#D7D2EA	#F3F3F3
3407	#EDEBF5	#FCFCFC
3408	#FEFEFE	#FFFFFF
3409	#F2F0F8	#FDFDFD
3410	#E5E2F1	#FBFBFB
3411	#F4F3F9	#FEFEFE
3412	#DCD7EC	#F9F9F9
3413	#E2DEEF	#FAFAFA
3414	#E8E5F3	#FCFCFC
3415	#DAD6EB	#F9F9F9
3416	#EDEBF5	#FDFDFD
3417	#E5E1F1	#FCFCFC
3418	#E7E3F2	#FDFDFD
3419	#FDFBFB	#FEFEFE
3420	#DEDAED	#FCFCFC
3421	#E6E2F1	#FCFCFC
3422	#F6E9E8	#FDFDFD
3423	#F6EAE9	#FEFEFE
3424	#EEDAD7	#FDFDFD
3425	#EED9D7	#FDFDFD
3426	#FAF4F3	#FFFFFF
3427	#B8766F	#F9F9F9
3428	#FBF7F6	#FFFFFF
3429	#EFECF6	#FEFEFE
3430	#FDFAF9	#FEFEFE
3431	#FAF9FC	#FEFEFE
3432	#F5F3FA	#FBFBFB
3433	#F3F2F9	#FAFAFA
3434	#F0EEF7	#F7F7F7
3436	#FCF8F7	#FBFBFB
3437	#FAF3F2	#F8F8F8
3438	#EFEDF6	#F6F6F6
3439	#D7D2E9	#D4D4D4
3440	#CDC6E4	#BABABA
3441	#BFB7DC	#9C9C9C
3442	#B8AFD8	#616161
3443	#BDB4DB	#8B8B8B
3444	#DCD7EC	#EEEEEE
3445	#E5E1F1	#F6F6F6
3446	#DCD7EC	#F2F2F2
3447	#E4E0F0	#F8F8F8
3448	#FEFEFE	#FFFFFF
3449	#DCD7EC	#F6F6F6
3450	#C7BFE0	#EEEEEE
3451	#C6BFE0	#EDEDED
3452	#D1CBE6	#F1F1F1
3453	#E9E6F3	#FBFBFB
3454	#E2DEEF	#F7F7F7
3455	#E5E1F1	#F9F9F9
3456	#DCD7EC	#F5F5F5
3457	#D4CEE8	#F3F3F3
3458	#ECE9F5	#FCFCFC
3459	#FEFEFD	#FFFFFF
3460	#E6E3F2	#FCFCFC
3461	#D0CAE5	#F5F5F5
3462	#FDFDFE	#FFFFFF
3463	#D8D2EA	#F8F8F8
3464	#EAE7F4	#FCFCFC
3465	#E3DFF0	#FBFBFB
3466	#EBE8F4	#FCFCFC
3467	#EFECF6	#FDFDFD
3468	#E0DCEE	#FCFCFC
3469	#D4CFE8	#F8F8F8
3470	#FFFFFE	#FFFFFF
3471	#E4E1F1	#FCFCFC
3472	#FCFCFD	#FFFFFF
3473	#F1E0DD	#FBFBFB
3474	#E6C8C4	#F9F9F9
3475	#F9F1F0	#FEFEFE
3476	#F6F5FA	#FFFFFF
3477	#FBF7F6	#FFFFFF
3478	#CF9D97	#FCFCFC
3479	#F9F1F0	#FFFFFF
3480	#FEFEFE	#FFFFFF
3481	#FAFAFD	#FEFEFE
3482	#EFEDF6	#F8F8F8
3483	#F1EEF7	#F8F8F8
3484	#F1EFF8	#F8F8F8
3486	#F0DDDA	#A4A4A4
3487	#F5E8E6	#DFDFDF
3488	#F9F0EF	#FBFBFB
3489	#FAF4F3	#FDFDFD
3490	#F7EDEC	#FBFBFB
3491	#FFFEFE	#FFFFFF
3492	#FEFEFF	#FFFFFF
3493	#FBF5F5	#FEFEFE
3494	#F8EFEE	#FDFDFD
3495	#FAF2F1	#FDFDFD
3496	#F7EDEC	#FCFCFC
3497	#ECD5D2	#F6F6F6
3498	#F6EBE9	#E8E8E8
3499	#F0DEDB	#F8F8F8
3500	#E4C4C0	#F0F0F0
3501	#E3C2BE	#EDEDED
3502	#E3C3BF	#E7E7E7
3503	#EDD6D4	#F9F9F9
3504	#F8EEED	#FDFDFD
3505	#F4F2F9	#FEFEFE
3506	#FFFFFF	#FFFFFF
3507	#FFFFFF	#FFFFFF
3508	#FEFDFD	#FFFFFF
3509	#F9F1F0	#F4F4F4
3510	#F0EEF7	#FDFDFD
3511	#F8EEED	#FEFEFE
3512	#F3F1F9	#FEFEFE
3513	#F3F1F8	#FEFEFE
3514	#F9F8FC	#FFFFFF
3515	#EEEBF6	#FEFEFE
3516	#D0CAE6	#FBFBFB
3517	#ECE9F5	#FDFDFD
3518	#E9E6F3	#FDFDFD
3519	#E2DEEF	#FCFCFC
3520	#F9F2F0	#F9F9F9
3521	#F0EEF7	#FEFEFE
3522	#E2DEEF	#FCFCFC
3523	#CCC5E3	#F6F6F6
3524	#DAD5EB	#FCFCFC
3525	#CDC7E4	#F9F9F9
3526	#DED9ED	#FCFCFC
3527	#D9D4EB	#FCFCFC
3528	#BDB5DB	#F4F4F4
3529	#DEDAED	#FCFCFC
3530	#E5E2F1	#FEFEFE
3531	#F8EFEE	#F7F7F7
3532	#FFFFFF	#FFFFFF
3533	#F3F2F9	#F9F9F9
3534	#FAFAFD	#FEFEFE
3535	#F8EFEE	#FAFAFA
3537	#F4E6E4	#D1D1D1
3538	#F4E6E4	#DCDCDC
3539	#FDF9F9	#FEFEFE
3540	#FCF9F8	#FEFEFE
3541	#FCF9F8	#FEFEFE
3542	#F9F8FC	#FEFEFE
3543	#FEFDFD	#FFFFFF
3544	#FFFEFE	#FFFFFF
3545	#FAF3F2	#FEFEFE
3546	#FBF5F4	#FEFEFE
3547	#F3E5E3	#F9F9F9
3548	#F5E8E6	#FCFCFC
3549	#F5E9E7	#E8E8E8
3550	#ECD5D2	#F4F4F4
3551	#E3C3BF	#ECECEC
3552	#E3C2BE	#ECECEC
3553	#EDD7D4	#F5F5F5
3554	#F9F1F0	#FEFEFE
3555	#FFFFFF	#FFFFFF
3556	#F3F1F8	#FDFDFD
3557	#FEFEFE	#FFFFFF
3558	#EFDCDA	#FBFBFB
3559	#FCFBFD	#FFFFFF
3560	#FAF2F1	#F8F8F8
3561	#E1DDEF	#FCFCFC
3562	#EEECF6	#FDFDFD
3563	#F0EDF7	#FDFDFD
3564	#E7E4F2	#FCFCFC
3565	#FAF9FC	#FFFFFF
3566	#DAD5EB	#FBFBFB
3567	#D4CFE8	#FBFBFB
3568	#FEFEFF	#FFFFFF
3569	#DED9ED	#FCFCFC
3570	#EFECF6	#FEFEFE
3571	#FBF6F6	#FCFCFC
3572	#D2CCE7	#FBFBFB
3573	#EDEBF5	#FEFEFE
3574	#DEDAED	#FCFCFC
3575	#F8F7FB	#FFFFFF
3576	#E8E4F2	#FDFDFD
3577	#D8D2EA	#FAFAFA
3578	#E1DDEF	#FCFCFC
3579	#CBC5E3	#F9F9F9
3580	#C9C2E1	#FAFAFA
3581	#FAF3F2	#FBFBFB
3582	#F7F6FB	#FCFCFC
3583	#FCFBFD	#FEFEFE
3584	#FEFEFE	#FFFFFF
3585	#FBF5F4	#FCFCFC
3587	#F1DFDC	#A6A6A6
3588	#F5E8E7	#DEDEDE
3589	#FAF5F4	#FCFCFC
3590	#FDFBFA	#FEFEFE
3591	#F7EDEB	#FBFBFB
3592	#FEFEFE	#FFFFFF
3593	#FAF3F3	#FDFDFD
3594	#FAF3F2	#FEFEFE
3595	#FCF7F6	#FEFEFE
3596	#FAF3F2	#FDFDFD
3597	#F9F0EF	#FDFDFD
3598	#F3E5E3	#FAFAFA
3599	#F2E1DF	#D7D7D7
3600	#EFDAD8	#F7F7F7
3601	#F2E2DF	#F9F9F9
3602	#E7CBC8	#F1F1F1
3603	#EAD0CD	#F3F3F3
3604	#F3E5E3	#FAFAFA
3605	#E9CFCC	#F9F9F9
3606	#FDFDFE	#FFFFFF
3607	#FBF6F5	#FEFEFE
3608	#FBF5F4	#FEFEFE
3609	#F2E2E0	#FBFBFB
3610	#F6EBE9	#F0F0F0
3611	#E9E6F3	#FDFDFD
3612	#FDFDFE	#FFFFFF
3613	#FDF9F9	#FFFFFF
3614	#F7F6FB	#FEFEFE
3615	#F9F9FC	#FFFFFF
3616	#EFECF6	#FEFEFE
3617	#EFEDF7	#FEFEFE
3618	#EDEAF5	#FEFEFE
3619	#F0EEF7	#FEFEFE
3620	#D0CAE6	#F9F9F9
3621	#FAF3F2	#F9F9F9
3622	#DDD8EC	#FBFBFB
3623	#E1DDEF	#FDFDFD
3624	#EEEBF6	#FDFDFD
3625	#C3BBDE	#F8F8F8
3626	#D0CAE5	#FCFCFC
3627	#EAE7F4	#FDFDFD
3628	#DAD5EB	#FAFAFA
3629	#D6D0E9	#FAFAFA
3630	#CBC4E3	#FAFAFA
3631	#EAE7F3	#FDFDFD
3632	#F9F1F0	#F8F8F8
3633	#FBF7F6	#FCFCFC
3634	#FDF9F9	#FEFEFE
3635	#FEFCFC	#FEFEFE
3636	#FFFFFF	#FFFFFF
3638	#F5E7E6	#D4D4D4
3639	#F2E1DF	#D0D0D0
3640	#F9F2F1	#FCFCFC
3641	#F8EFEE	#FCFCFC
3642	#F7ECEB	#FBFBFB
3643	#FDFDFE	#FFFFFF
3644	#FEFCFC	#FFFFFF
3645	#FAF3F2	#FDFDFD
3646	#FEFEFE	#FFFFFF
3647	#FEFEFE	#FFFFFF
3648	#F6EAE8	#FBFBFB
3649	#FAF3F2	#FDFDFD
3650	#F5E7E6	#EBEBEB
3651	#F5E7E6	#FBFBFB
3652	#DEB8B3	#E5E5E5
3653	#EEDAD7	#F7F7F7
3654	#EED9D6	#F7F7F7
3655	#F9F2F1	#FEFEFE
3656	#FBFAFD	#FFFFFF
3657	#F1DFDC	#FAFAFA
3658	#FFFFFF	#FFFFFF
3659	#FEFDFD	#FFFFFF
3660	#E8E5F3	#FCFCFC
3661	#F7ECEA	#F3F3F3
3662	#FDF9F9	#FFFFFF
3663	#E5E1F1	#FCFCFC
3664	#FDFAF9	#FFFFFF
3665	#EDEAF5	#FDFDFD
3666	#F7F5FA	#FEFEFE
3667	#F7F6FB	#FEFEFE
3668	#E0DBEE	#FCFCFC
3669	#D7D2E9	#FCFCFC
3670	#E3DFF0	#FCFCFC
3671	#C5BEE0	#F8F8F8
3672	#FAF3F2	#F9F9F9
3673	#CBC4E3	#F9F9F9
3674	#EAE7F3	#FEFEFE
3675	#DCD8EC	#FCFCFC
3676	#E4E0F0	#FCFCFC
3677	#C2BADE	#FAFAFA
3678	#EEECF6	#FEFEFE
3679	#E6E2F1	#FDFDFD
3680	#CAC3E2	#FBFBFB
3681	#C0B8DD	#F5F5F5
3682	#FFFEFE	#FFFFFF
3683	#FEFCFC	#FEFEFE
3684	#FBF5F5	#FCFCFC
3685	#FDFBFB	#FEFEFE
3686	#FEFDFD	#FFFFFF
3688	#EED9D7	#8A8A8A
3689	#F7EDEC	#EBEBEB
3690	#FCF8F7	#FEFEFE
3691	#F7ECEB	#F9F9F9
3692	#FAF4F3	#FDFDFD
3693	#FEFCFB	#FFFFFF
3694	#FAF9FC	#FEFEFE
3695	#F9F1F0	#FDFDFD
3696	#FCF9F8	#FEFEFE
3697	#FAF3F2	#FDFDFD
3698	#FAFAFC	#FEFEFE
3699	#FCF8F7	#FEFEFE
3700	#F2E2E0	#E0E0E0
3701	#FAF3F2	#FDFDFD
3702	#EFDCDA	#F7F7F7
3703	#E8CCC8	#F2F2F2
3704	#EFDCDA	#F9F9F9
3705	#F7ECEB	#FDFDFD
3706	#EED9D6	#F7F7F7
3707	#EFDBD8	#FAFAFA
3708	#FEFDFD	#FFFFFF
3709	#F6F5FA	#FEFEFE
3710	#DFDBEE	#FBFBFB
3711	#F5E7E6	#ECECEC
3712	#F4F2F9	#FEFEFE
3713	#F4E5E3	#FCFCFC
3714	#F8F7FB	#FFFFFF
3715	#F6F5FA	#FEFEFE
3716	#F9F8FC	#FFFFFF
3717	#FDF9F9	#FFFFFF
3718	#F5F4FA	#FEFEFE
3719	#EEEBF6	#FEFEFE
3720	#ECEAF5	#FEFEFE
3721	#DAD5EB	#FBFBFB
3722	#F9F2F1	#F9F9F9
3723	#D8D2EA	#FAFAFA
3724	#E8E5F3	#FEFEFE
3725	#D5D0E8	#FCFCFC
3726	#CFC9E5	#F9F9F9
3727	#D2CCE7	#F9F9F9
3728	#E4E1F1	#FDFDFD
3729	#BDB4DB	#F7F7F7
3730	#EEEBF6	#FEFEFE
3731	#D1CBE6	#FBFBFB
3732	#CBC4E3	#F7F7F7
3733	#FDFBFB	#FEFEFE
3734	#FCF8F7	#FCFCFC
3735	#F8EEED	#F9F9F9
3736	#FDFAFA	#FEFEFE
3737	#FFFEFE	#FFFFFF
3739	#F4E6E4	#CACACA
3740	#F5E9E8	#EAEAEA
3741	#FCF8F8	#FEFEFE
3742	#F6EBE9	#F9F9F9
3743	#F5E8E6	#F9F9F9
3744	#F9F1F0	#FCFCFC
3745	#FAF3F2	#FDFDFD
3746	#FBF5F4	#FDFDFD
3747	#FCF8F8	#FEFEFE
3748	#FEFDFD	#FFFFFF
3749	#FAF4F3	#FEFEFE
3750	#FCF9F9	#FEFEFE
3751	#F8EFED	#F5F5F5
3752	#F7ECEB	#FCFCFC
3753	#F3E4E2	#FAFAFA
3754	#F5E9E7	#FCFCFC
3755	#F2E1DF	#FBFBFB
3756	#F3E3E1	#FBFBFB
3757	#EDD7D4	#F8F8F8
3758	#F4E7E5	#FCFCFC
3759	#F4E6E4	#FCFCFC
3760	#FDFCFE	#FFFFFF
3761	#F9F1F0	#FEFEFE
3762	#F5E9E8	#F0F0F0
3763	#F9F1EF	#FEFEFE
3764	#DCD7EC	#FAFAFA
3765	#F8F6FB	#FFFFFF
3766	#E6E2F1	#FCFCFC
3767	#FEFCFB	#FFFFFF
3768	#FFFFFF	#FFFFFF
3769	#DBD7EC	#FAFAFA
3770	#DBD6EB	#FBFBFB
3771	#D8D3EA	#FDFDFD
3772	#DEDAED	#FBFBFB
3773	#F9F2F1	#F9F9F9
3774	#D4CEE7	#FBFBFB
3775	#E5E1F1	#FDFDFD
3776	#E1DDEF	#FDFDFD
3777	#BEB6DC	#F3F3F3
3778	#D7D2E9	#FAFAFA
3779	#DDD9ED	#FDFDFD
3780	#D3CDE7	#FBFBFB
3781	#D0CAE6	#F9F9F9
3782	#C9C2E2	#FAFAFA
3783	#FAF2F1	#F9F9F9
3784	#F9F0EF	#FAFAFA
3785	#FBF6F6	#FDFDFD
3786	#FBF6F6	#FDFDFD
3787	#FEFCFC	#FFFFFF
3789	#EDD8D5	#737373
3790	#F5E9E7	#E5E5E5
3791	#FCF8F7	#FEFEFE
3792	#F5E8E7	#F8F8F8
3793	#F6ECEA	#F9F9F9
3794	#FAF3F3	#FDFDFD
3795	#F3E4E2	#F8F8F8
3796	#F8EFEE	#FBFBFB
3797	#F5E9E7	#FAFAFA
3798	#F6EBE9	#FBFBFB
3799	#FDFDFE	#FFFFFF
3800	#F5F4FA	#FDFDFD
3801	#F9F2F1	#F7F7F7
3802	#FAF4F3	#FDFDFD
3803	#FEFDFC	#FFFFFF
3804	#F0DCDA	#F9F9F9
3805	#FBF6F5	#FEFEFE
3806	#EDD7D4	#F7F7F7
3807	#F8EFEE	#FDFDFD
3808	#EED8D5	#F5F5F5
3809	#F5E8E6	#FDFDFD
3810	#E5E2F1	#FCFCFC
3811	#F6EBEA	#FDFDFD
3812	#F5E9E8	#EFEFEF
3813	#F8F7FB	#FEFEFE
3814	#FEFCFC	#FFFFFF
3815	#F8F7FB	#FEFEFE
3816	#FEFEFF	#FFFFFF
3817	#EDEBF5	#FDFDFD
3818	#FEFDFD	#FFFFFF
3819	#F2F0F8	#FEFEFE
3820	#D5CFE8	#FAFAFA
3821	#E5E1F1	#FCFCFC
3822	#E2DEEF	#FDFDFD
3823	#F7EEEC	#F4F4F4
3824	#D0CAE6	#F9F9F9
3825	#DCD7EC	#FCFCFC
3826	#EBE8F4	#FDFDFD
3827	#CEC8E5	#F8F8F8
3828	#D7D2E9	#FAFAFA
3829	#E1DDEF	#FDFDFD
3830	#FEFEFE	#FFFFFF
3831	#CCC6E3	#F8F8F8
3832	#F1EFF7	#FEFEFE
3833	#EAE7F4	#FDFDFD
3834	#F7EDEC	#F4F4F4
3835	#F7ECEB	#F6F6F6
3836	#FAF3F2	#FBFBFB
3837	#FBF6F5	#FDFDFD
3838	#FCF8F7	#FEFEFE
3840	#F4E6E4	#D1D1D1
3841	#FAF2F1	#F6F6F6
3842	#F1E0DE	#F3F3F3
3843	#F5E8E7	#F8F8F8
3844	#F9F1F0	#FCFCFC
3845	#F6EAE9	#FAFAFA
3846	#F6EBEA	#FBFBFB
3847	#FCF9F8	#FEFEFE
3848	#F2E2DF	#F7F7F7
3849	#F7F5FA	#FEFEFE
3850	#FBFAFD	#FEFEFE
3851	#FEFEFE	#FFFFFF
3852	#F8EFEE	#F4F4F4
3853	#FBF6F6	#FEFEFE
3854	#F6EBE9	#FBFBFB
3855	#F7F6FB	#FEFEFE
3856	#F5E9E7	#FCFCFC
3857	#F4E7E5	#FCFCFC
3858	#F2E2DF	#F9F9F9
3859	#E4C4C0	#F0F0F0
3860	#F5E9E7	#FEFEFE
3861	#FAF3F2	#FEFEFE
3862	#FCFBFD	#FFFFFF
3863	#F8EFED	#F5F5F5
3864	#F5F3FA	#FEFEFE
3865	#ECE9F5	#FDFDFD
3866	#F4F2F9	#FEFEFE
3867	#E5E1F1	#FCFCFC
3868	#F7F6FB	#FFFFFF
3869	#F1EFF7	#FEFEFE
3870	#F4F2F9	#FEFEFE
3871	#E2DEF0	#FBFBFB
3872	#DEDAED	#FCFCFC
3873	#D8D3EA	#FCFCFC
3874	#F6EAE8	#F0F0F0
3875	#EFEDF6	#FEFEFE
3876	#DAD5EB	#FCFCFC
3877	#E8E4F2	#FDFDFD
3878	#E2DEEF	#FDFDFD
3879	#E3DFF0	#FCFCFC
3880	#CEC8E5	#F9F9F9
3881	#DDD8EC	#FDFDFD
3882	#D2CCE7	#FBFBFB
3883	#EEECF6	#FEFEFE
3884	#F0DDDB	#E8E8E8
3885	#F7EDEB	#F7F7F7
3886	#FAF3F2	#FCFCFC
3887	#FBF5F4	#FDFDFD
3888	#FBF6F5	#FDFDFD
3890	#F0DCDA	#9D9D9D
3891	#F6EAE9	#E2E2E2
3892	#FEFEFE	#FFFFFF
3893	#FCF7F7	#FEFEFE
3894	#FAF4F3	#FDFDFD
3895	#FBF6F5	#FDFDFD
3896	#F5E7E6	#F9F9F9
3897	#F8EFEE	#FDFDFD
3898	#F1E0DE	#F7F7F7
3899	#FEFCFC	#FFFFFF
3900	#FBF6F5	#FEFEFE
3901	#FCFCFD	#FFFFFF
3902	#F8EEED	#F2F2F2
3903	#FEFDFD	#FFFFFF
3904	#FFFFFF	#FFFFFF
3905	#FAF2F1	#FDFDFD
3906	#FAF3F2	#FEFEFE
3907	#FAF4F3	#FEFEFE
3908	#F2E2E0	#F9F9F9
3909	#E8CCC8	#F4F4F4
3910	#F9F2F1	#FEFEFE
3911	#FEFDFD	#FFFFFF
3912	#FDFAFA	#FFFFFF
3913	#F9F1F0	#F6F6F6
3914	#EFEDF6	#FDFDFD
3915	#F7EEEC	#FEFEFE
3916	#FEFDFD	#FFFFFF
3917	#F3E4E2	#FCFCFC
3918	#FBF5F4	#FEFEFE
3919	#FCFCFD	#FFFFFF
3920	#E3DFF0	#FBFBFB
3921	#F7F6FB	#FEFEFE
3922	#F3F1F8	#FEFEFE
3923	#FBFBFD	#FFFFFF
3924	#F6EAE8	#EFEFEF
3925	#D4CEE8	#FCFCFC
3926	#EBE8F4	#FEFEFE
3927	#EDEAF5	#FEFEFE
3928	#D7D2E9	#FAFAFA
3929	#E5E1F1	#FDFDFD
3930	#F7F6FB	#FFFFFF
3931	#CEC7E4	#F7F7F7
3932	#B9B1D9	#F6F6F6
3933	#E4E1F0	#FCFCFC
3934	#D1CBE6	#F9F9F9
3935	#EFDBD9	#E2E2E2
3936	#F3E3E1	#EFEFEF
3937	#FCF9F8	#FDFDFD
3938	#F7ECEA	#F9F9F9
3939	#F9F0EF	#FBFBFB
3941	#F2E2E0	#C0C0C0
3942	#F4E5E3	#D7D7D7
3943	#F3E5E3	#F6F6F6
3944	#F9F2F1	#FCFCFC
3945	#F9F2F1	#FCFCFC
3946	#F7ECEB	#FAFAFA
3947	#FEFCFB	#FFFFFF
3948	#FFFEFE	#FFFFFF
3949	#F9F1F0	#FCFCFC
3950	#F5E9E8	#F9F9F9
3951	#FBFAFD	#FEFEFE
3952	#F9F8FC	#FEFEFE
3953	#F9F1F0	#F5F5F5
3954	#FEFCFC	#FFFFFF
3955	#FDFAFA	#FFFFFF
3956	#FDFCFE	#FFFFFF
3957	#FDF9F9	#FFFFFF
3958	#F5E9E7	#FCFCFC
3959	#F8EEED	#FDFDFD
3960	#E2DEF0	#FBFBFB
3961	#F6EAE8	#FCFCFC
3962	#F8EFEE	#FDFDFD
3963	#F4F2F9	#FEFEFE
3964	#F5E8E6	#EAEAEA
3965	#FEFCFC	#FFFFFF
3966	#FBF5F4	#FEFEFE
3967	#F1DFDC	#FBFBFB
3968	#FEFCFB	#FFFFFF
3969	#FAF3F2	#FEFEFE
3970	#ECE9F5	#FDFDFD
3971	#EAE7F4	#FDFDFD
3972	#F5F3F9	#FEFEFE
3973	#CAC3E2	#F8F8F8
3974	#EAE7F3	#FDFDFD
3975	#F1E0DD	#E7E7E7
3976	#E7E4F2	#FDFDFD
3977	#FCFCFE	#FFFFFF
3978	#C2BADE	#F6F6F6
3979	#EFEDF6	#FEFEFE
3980	#E5E1F1	#FDFDFD
3981	#E8E5F3	#FDFDFD
3982	#CCC5E3	#F7F7F7
3983	#FBFAFD	#FFFFFF
3984	#D8D3EA	#F9F9F9
3985	#F3E3E1	#EEEEEE
3986	#F6EAE9	#F6F6F6
3987	#F9F1F0	#FBFBFB
3988	#FEFDFD	#FFFFFF
3989	#FCF9F8	#FEFEFE
4042	#F8EFED	#EAEAEA
4043	#F9F0EF	#F5F5F5
4044	#EEECF6	#F5F5F5
4045	#DBD6EC	#E1E1E1
4046	#C6BFE0	#A8A8A8
4047	#BEB6DB	#989898
4048	#BDB5DB	#868686
4049	#A79ECF	#000000
4050	#C7C0E1	#CACACA
4051	#E2DDEF	#F3F3F3
4052	#E3DFF0	#F5F5F5
4053	#D7D2E9	#F2F2F2
4054	#FCF7F7	#FCFCFC
4055	#ECE9F5	#FBFBFB
4056	#DAD5EB	#F4F4F4
4057	#C5BDDF	#EAEAEA
4058	#D8D2EA	#F4F4F4
4059	#CCC5E3	#EDEDED
4060	#EEEBF6	#FBFBFB
4061	#E5E2F1	#F8F8F8
4062	#F1EFF7	#FDFDFD
4063	#E3DFF0	#F9F9F9
4064	#F1EFF7	#FDFDFD
4065	#FEFCFC	#FEFEFE
4066	#D3CDE7	#F7F7F7
4067	#EAE7F4	#FCFCFC
4068	#DDD9ED	#FAFAFA
4069	#F6F4FA	#FEFEFE
4070	#E4E0F0	#FAFAFA
4071	#EDEAF5	#FDFDFD
4072	#F5F3F9	#FEFEFE
4073	#ECEAF5	#FEFEFE
4074	#E0DCEE	#FBFBFB
4075	#F1EFF8	#FEFEFE
4076	#FFFEFE	#FFFFFF
4077	#F9F8FC	#FFFFFF
4078	#E4E0F0	#FCFCFC
4079	#E8E5F3	#FDFDFD
4080	#FDFAF9	#FFFFFF
4081	#F6EBEA	#FEFEFE
4082	#FEFCFC	#FFFFFF
4083	#F6EAE8	#FEFEFE
4084	#E9CECA	#FEFEFE
4085	#EED8D5	#FEFEFE
4086	#E2C0BC	#FDFDFD
4087	#FCFCFD	#FEFEFE
4088	#FAF9FC	#FEFEFE
4089	#F0EEF7	#F8F8F8
4090	#FBFAFD	#FEFEFE
4091	#FBFAFD	#FEFEFE
4093	#FCF9F8	#FBFBFB
4094	#F8EEED	#F5F5F5
4095	#DCD7EC	#E1E1E1
4096	#CFC9E5	#C7C7C7
4097	#C1B9DD	#9B9B9B
4098	#BBB3DA	#898989
4099	#ADA4D2	#4B4B4B
4100	#BDB5DB	#989898
4101	#BEB6DB	#C4C4C4
4102	#D7D1E9	#EDEDED
4103	#DCD7EC	#F4F4F4
4104	#E9E6F3	#FAFAFA
4105	#FCF9F9	#FDFDFD
4106	#D9D4EB	#F4F4F4
4107	#BEB6DC	#E8E8E8
4108	#E0DBEE	#F7F7F7
4109	#E0DCEE	#F8F8F8
4110	#D8D2EA	#F4F4F4
4111	#EDEAF5	#FCFCFC
4112	#FAF9FC	#FEFEFE
4113	#E0DCEE	#F8F8F8
4114	#CBC4E3	#EFEFEF
4115	#E7E4F2	#FBFBFB
4116	#FEFDFC	#FEFEFE
4117	#E7E3F2	#FBFBFB
4118	#FAF4F3	#FEFEFE
4119	#FDFCFE	#FFFFFF
4120	#F3F2F9	#FEFEFE
4121	#EBE9F4	#FDFDFD
4122	#E0DCEE	#FAFAFA
4123	#F6F4FA	#FEFEFE
4124	#EFEDF6	#FEFEFE
4125	#F2F0F8	#FEFEFE
4126	#D4CEE8	#FAFAFA
4127	#FFFEFE	#FFFFFF
4128	#EAE7F4	#FDFDFD
4129	#E7E4F2	#FDFDFD
4130	#FCFBFD	#FFFFFF
4131	#F9F1F0	#FEFEFE
4132	#FBFAFD	#FFFFFF
4133	#FFFEFE	#FFFFFF
4134	#C38780	#FAFAFA
4135	#EFDBD9	#FEFEFE
4136	#F3E5E3	#FEFEFE
4137	#FDFDFE	#FFFFFF
4138	#F1EFF7	#F8F8F8
4139	#FBFBFD	#FEFEFE
4140	#F6F5FA	#FCFCFC
4141	#F6F5FA	#FCFCFC
4143	#F4E5E3	#C8C8C8
4144	#FEFCFB	#FEFEFE
4145	#E4E0F0	#EFEFEF
4146	#C6BFE0	#B6B6B6
4147	#C4BDDF	#B1B1B1
4148	#C1BADD	#9B9B9B
4149	#ACA3D2	#4A4A4A
4150	#B3AAD6	#9D9D9D
4151	#B8AFD8	#A5A5A5
4152	#D7D2EA	#E8E8E8
4153	#E2DEEF	#F5F5F5
4154	#D9D4EB	#F1F1F1
4155	#F8EFEE	#F7F7F7
4156	#E4E0F0	#F8F8F8
4157	#C5BEE0	#EDEDED
4158	#DEDAED	#F6F6F6
4159	#D3CDE7	#F1F1F1
4160	#D4CEE7	#F4F4F4
4161	#E3DFF0	#F8F8F8
4162	#E7E3F2	#FAFAFA
4163	#EFEDF6	#FCFCFC
4164	#DBD6EB	#F7F7F7
4165	#D5D0E8	#F6F6F6
4166	#FCF8F7	#FDFDFD
4167	#CEC8E4	#F3F3F3
4168	#E5E1F1	#FCFCFC
4169	#F9F8FC	#FFFFFF
4170	#F5F4FA	#FEFEFE
4171	#FCFCFD	#FFFFFF
4172	#E8E5F2	#FCFCFC
4173	#EBE8F4	#FDFDFD
4174	#E5E1F1	#FCFCFC
4175	#F9F8FC	#FFFFFF
4176	#DBD7EC	#FAFAFA
4177	#FEFDFC	#FFFFFF
4178	#CCC6E3	#F8F8F8
4179	#CDC6E4	#F7F7F7
4180	#F0EEF7	#FEFEFE
4181	#F6F5FA	#FEFEFE
4182	#FAF4F3	#FEFEFE
4183	#F8EEED	#FEFEFE
4184	#FBFAFD	#FFFFFF
4185	#DFBBB7	#FCFCFC
4186	#ECD5D2	#FEFEFE
4187	#FFFEFE	#FFFFFF
4188	#F3F1F9	#F9F9F9
4189	#EDEBF5	#F6F6F6
4190	#F7F6FB	#FCFCFC
4191	#F8F7FB	#FDFDFD
4192	#F1EEF7	#F8F8F8
4194	#FDFAF9	#FDFDFD
4195	#FCF7F7	#FCFCFC
4196	#D4CEE7	#D4D4D4
4197	#C6BFE0	#B7B7B7
4198	#C7C0E1	#B4B4B4
4199	#B0A7D4	#4D4D4D
4200	#C0B8DC	#B5B5B5
4201	#C0B9DD	#BFBFBF
4202	#C2BADE	#BEBEBE
4203	#D3CDE7	#E8E8E8
4204	#CAC3E2	#E8E8E8
4205	#D8D3EA	#F2F2F2
4206	#FCF7F7	#FDFDFD
4207	#D1CBE6	#F1F1F1
4208	#DCD7EC	#F7F7F7
4209	#E2DEEF	#F9F9F9
4210	#D9D4EA	#F5F5F5
4211	#D1CBE6	#F1F1F1
4212	#E6E3F2	#FAFAFA
4213	#E8E5F3	#FBFBFB
4214	#D7D2E9	#F4F4F4
4215	#E0DCEE	#F9F9F9
4216	#D0CAE6	#F4F4F4
4217	#FFFEFE	#FFFFFF
4218	#D6D0E9	#F8F8F8
4219	#ECE9F5	#FDFDFD
4220	#EDEBF5	#FDFDFD
4221	#DEDAED	#FBFBFB
4222	#E3DFF0	#FBFBFB
4223	#F4F3F9	#FEFEFE
4224	#EAE7F3	#FDFDFD
4225	#F3F1F9	#FEFEFE
4226	#D5CFE8	#FAFAFA
4227	#E6E2F1	#FCFCFC
4228	#F1EFF7	#F8F8F8
4229	#E6E3F2	#FDFDFD
4230	#E7E3F2	#FDFDFD
4231	#E3DFF0	#FEFEFE
4232	#EDEBF6	#FEFEFE
4233	#F6F5FA	#FEFEFE
4234	#FAFAFC	#FFFFFF
4235	#F6EBEA	#FEFEFE
4236	#FBF6F6	#FFFFFF
4237	#EED9D6	#FEFEFE
4238	#F0EEF7	#F7F7F7
4239	#F3F1F9	#FAFAFA
4240	#FFFFFF	#FFFFFF
4241	#FAF9FC	#FDFDFD
4242	#DED9ED	#E9E9E9
4244	#F4E7E5	#CDCDCD
4245	#F9F0EF	#F3F3F3
4246	#D3CEE7	#D7D7D7
4247	#D2CCE6	#D1D1D1
4248	#BEB6DB	#A0A0A0
4249	#BDB5DB	#949494
4250	#B1A8D5	#A2A2A2
4251	#C5BEDF	#C8C8C8
4252	#B9B0D9	#BFBFBF
4253	#B4ABD6	#B3B3B3
4254	#D7D2E9	#EAEAEA
4255	#D6D0E9	#EFEFEF
4256	#FDFAF9	#FDFDFD
4257	#E5E1F1	#F8F8F8
4258	#E0DCEE	#F6F6F6
4259	#E8E4F2	#FBFBFB
4260	#D0CAE5	#F2F2F2
4261	#E1DDEF	#F7F7F7
4262	#C6BFE0	#EDEDED
4263	#E3DFF0	#F9F9F9
4264	#E9E6F3	#FBFBFB
4265	#F1EFF7	#FDFDFD
4266	#D7D1E9	#F8F8F8
4267	#F9F1F0	#FAFAFA
4268	#DCD8EC	#FAFAFA
4269	#C0B9DD	#F2F2F2
4270	#DCD7EC	#F9F9F9
4271	#F1EFF7	#FEFEFE
4272	#DAD5EB	#FAFAFA
4273	#E9E6F3	#FDFDFD
4274	#E8E5F2	#FCFCFC
4275	#DAD5EB	#FAFAFA
4276	#D4CEE8	#F9F9F9
4277	#F1EFF8	#FEFEFE
4278	#FDFCFE	#FEFEFE
4279	#E1DDEF	#FBFBFB
4280	#EBE8F4	#FDFDFD
4281	#EDEBF5	#FEFEFE
4282	#F6F4FA	#FEFEFE
4283	#FEFCFC	#FFFFFF
4284	#FAF9FC	#FFFFFF
4285	#EAE7F4	#FDFDFD
4286	#DFBBB6	#FCFCFC
4287	#FBF6F6	#FFFFFF
4288	#E6C8C4	#FDFDFD
4289	#E9E6F3	#EFEFEF
4290	#F7F6FB	#FCFCFC
4291	#FEFEFF	#FFFFFF
4292	#F8F7FB	#FCFCFC
4293	#DEDAED	#E7E7E7
4295	#F9F1F0	#EFEFEF
4296	#F9F1F0	#F5F5F5
4297	#D1CAE6	#D5D5D5
4298	#CCC5E3	#C6C6C6
4299	#C5BEE0	#A7A7A7
4300	#BBB2DA	#BBBBBB
4301	#C1BADD	#C2C2C2
4302	#C1B9DD	#C6C6C6
4303	#C2BBDE	#CFCFCF
4304	#BDB5DB	#B2B2B2
4305	#D4CEE7	#E9E9E9
4306	#D0CAE6	#ECECEC
4307	#FCF9F8	#FDFDFD
4308	#E7E3F2	#F9F9F9
4309	#D4CFE8	#F3F3F3
4310	#E4E0F0	#F8F8F8
4311	#D0C9E5	#EEEEEE
4312	#CAC3E2	#EDEDED
4313	#DDD9ED	#F7F7F7
4314	#D4CEE8	#F4F4F4
4315	#D7D2E9	#F6F6F6
4316	#D3CDE7	#F6F6F6
4317	#E8E4F2	#FCFCFC
4318	#FEFDFD	#FFFFFF
4319	#D1CBE6	#F6F6F6
4320	#E9E6F3	#FCFCFC
4321	#E2DEEF	#FBFBFB
4322	#F1EFF7	#FEFEFE
4323	#E6E2F1	#FCFCFC
4324	#FAF9FC	#FFFFFF
4325	#ECE9F5	#FDFDFD
4326	#E8E5F3	#FCFCFC
4327	#EEECF6	#FEFEFE
4328	#EDEAF5	#FEFEFE
4329	#F8F7FB	#FCFCFC
4330	#C7C0E1	#F6F6F6
4331	#E8E5F3	#FEFEFE
4332	#E1DDEF	#FDFDFD
4333	#FDFAFA	#FFFFFF
4334	#F5F3F9	#FEFEFE
4335	#F8EFEE	#FEFEFE
4336	#EAD1CE	#FDFDFD
4337	#F7ECEB	#FEFEFE
4338	#D8D2EA	#FDFDFD
4339	#F8F7FB	#FDFDFD
4340	#F3F1F9	#FAFAFA
4341	#F2F0F8	#F9F9F9
4342	#E5E1F1	#EFEFEF
4343	#D9D3EA	#D9D9D9
4345	#F4E6E4	#CBCBCB
4346	#FBF6F6	#FAFAFA
4347	#CBC5E3	#C4C4C4
4348	#D5CFE8	#D7D7D7
4349	#CAC4E2	#BCBCBC
4350	#C8C1E1	#CDCDCD
4351	#C8C1E1	#D3D3D3
4352	#BBB2DA	#BEBEBE
4353	#C7C0E1	#D1D1D1
4354	#BDB5DB	#C2C2C2
4355	#B4ACD6	#B9B9B9
4356	#CDC7E4	#E8E8E8
4357	#F9F2F1	#F7F7F7
4358	#E2DEEF	#F7F7F7
4359	#DAD5EB	#F4F4F4
4360	#E1DDEF	#F8F8F8
4361	#E9E6F3	#FBFBFB
4362	#DDD8ED	#F5F5F5
4363	#CEC8E4	#F1F1F1
4364	#CCC6E3	#F1F1F1
4365	#D4CFE8	#F6F6F6
4366	#CDC7E4	#F4F4F4
4367	#EFEDF6	#FDFDFD
4368	#F9F9FC	#FDFDFD
4369	#DAD4EB	#FAFAFA
4370	#C9C2E2	#F5F5F5
4371	#E2DEEF	#FBFBFB
4372	#F2F0F8	#FEFEFE
4373	#FCF8F7	#FFFFFF
4374	#FAF4F3	#FEFEFE
4375	#FBF6F5	#FEFEFE
4376	#FCFCFD	#FFFFFF
4377	#E1DCEE	#FBFBFB
4378	#D2CCE6	#F9F9F9
4379	#FAF9FC	#FDFDFD
4380	#F5E9E7	#FDFDFD
4381	#F8F7FB	#FFFFFF
4382	#F1EFF7	#FEFEFE
4383	#F3F1F9	#FEFEFE
4384	#EDEAF5	#FEFEFE
4385	#FCF8F7	#FFFFFF
4386	#F7EEEC	#FEFEFE
4387	#FEFEFF	#FFFFFF
4388	#C1847D	#FAFAFA
4389	#F6EAE8	#FEFEFE
4390	#FEFEFE	#FFFFFF
4391	#FDFBFA	#FEFEFE
4392	#F8F7FB	#FCFCFC
4393	#E1DDEF	#ECECEC
4394	#DFDAEE	#E2E2E2
4396	#FAF2F1	#F2F2F2
4397	#FDFAFA	#FDFDFD
4398	#CFC8E5	#C8C8C8
4399	#C2BBDE	#AEAEAE
4400	#CFC9E5	#D9D9D9
4401	#C6BFE0	#CFCFCF
4402	#D0CAE6	#E3E3E3
4403	#C6BFE0	#D1D1D1
4404	#B6AED8	#C2C2C2
4405	#BBB3DA	#D0D0D0
4406	#BBB3DA	#C8C8C8
4407	#CDC6E4	#E6E6E6
4408	#FDFAFA	#FDFDFD
4409	#D9D4EA	#F3F3F3
4410	#D4CEE7	#F0F0F0
4411	#DAD5EB	#F4F4F4
4412	#D9D4EA	#F5F5F5
4413	#E6E2F1	#FAFAFA
4414	#CAC3E2	#EFEFEF
4415	#C8C1E1	#F1F1F1
4416	#EBE8F4	#FCFCFC
4417	#EDEAF5	#FDFDFD
4418	#DDD8EC	#FBFBFB
4419	#EFEDF7	#F3F3F3
4420	#DFDBEE	#FBFBFB
4421	#E5E2F1	#FBFBFB
4422	#DDD9ED	#F9F9F9
4423	#F3F1F8	#FEFEFE
4424	#EEECF6	#FDFDFD
4425	#F3F1F8	#FEFEFE
4426	#EEECF6	#FDFDFD
4427	#EFEDF6	#FDFDFD
4428	#D3CDE7	#F8F8F8
4429	#E1DDEF	#FCFCFC
4430	#FDFAF9	#FEFEFE
4431	#F7F6FB	#FEFEFE
4432	#FEFDFD	#FFFFFF
4433	#BFB7DC	#F6F6F6
4434	#F0EEF7	#FEFEFE
4435	#FBFAFD	#FFFFFF
4436	#EDEBF5	#FEFEFE
4437	#FCF7F7	#FFFFFF
4438	#FEFDFD	#FFFFFF
4439	#F5E9E8	#FEFEFE
4440	#FDFCFE	#FEFEFE
4441	#F7F6FB	#FCFCFC
4442	#EAE7F4	#F3F3F3
4443	#DAD5EB	#E0E0E0
4444	#DDD8ED	#E2E2E2
4446	#F2E2E0	#B6B6B6
4447	#FAF3F2	#F7F7F7
4448	#D0CAE5	#C7C7C7
4449	#C9C2E1	#B1B1B1
4450	#CFC9E5	#E1E1E1
4451	#D4CEE8	#E5E5E5
4452	#D8D3EA	#E7E7E7
4453	#C1B9DD	#D6D6D6
4454	#BEB6DC	#C6C6C6
4455	#B0A7D4	#C0C0C0
4456	#BCB4DB	#D1D1D1
4457	#B9B1D9	#C7C7C7
4458	#FEFCFC	#FEFEFE
4459	#CBC4E3	#E7E7E7
4460	#DFDAED	#F5F5F5
4461	#E6E2F1	#F7F7F7
4462	#E7E3F2	#F9F9F9
4463	#D6D1E9	#F3F3F3
4464	#C7C0E1	#EFEFEF
4465	#C0B8DD	#EDEDED
4466	#DEDAED	#FAFAFA
4467	#D5D0E8	#F7F7F7
4468	#D4CEE8	#F7F7F7
4469	#F9F8FC	#FCFCFC
4470	#EAE7F3	#FCFCFC
4471	#E2DEEF	#FBFBFB
4472	#C6BEE0	#F5F5F5
4473	#FCFBFD	#FFFFFF
4474	#EAE7F4	#FDFDFD
4475	#F5F4FA	#FEFEFE
4476	#D1CBE6	#F8F8F8
4477	#F9F8FC	#FFFFFF
4478	#EAE7F3	#FDFDFD
4479	#DDD8EC	#FBFBFB
4480	#FCFBFD	#FEFEFE
4481	#D2CCE6	#FAFAFA
4482	#FDFCFE	#FFFFFF
4483	#D2CCE7	#F9F9F9
4484	#E1DDEF	#FDFDFD
4485	#EFEDF6	#FEFEFE
4486	#ECE9F5	#FEFEFE
4487	#F9F1F0	#FEFEFE
4488	#EDEAF5	#FEFEFE
4489	#F6EAE8	#FEFEFE
4490	#F1DFDD	#FDFDFD
4491	#FEFCFC	#FEFEFE
4492	#FDFCFE	#FEFEFE
4493	#E7E3F2	#EFEFEF
4494	#D6D1E9	#D3D3D3
4495	#D2CCE6	#D5D5D5
4497	#F7ECEB	#E6E6E6
4498	#FCF8F8	#FCFCFC
4499	#C7C0E1	#ACACAC
4500	#CCC5E3	#D8D8D8
4501	#D6D0E9	#EAEAEA
4502	#E1DDEF	#F1F1F1
4503	#CDC6E4	#E0E0E0
4504	#D0CAE5	#E5E5E5
4505	#C8C1E1	#D9D9D9
4506	#C0B9DD	#D6D6D6
4507	#C5BEDF	#D9D9D9
4508	#C2BBDE	#D3D3D3
4509	#FDFDFE	#FEFEFE
4510	#CCC6E3	#E8E8E8
4511	#D9D4EA	#F1F1F1
4512	#E0DCEE	#F6F6F6
4513	#D9D3EA	#F4F4F4
4514	#E4E1F1	#FAFAFA
4515	#C1B9DD	#EFEFEF
4516	#C0B8DD	#F0F0F0
4517	#C2BBDE	#F3F3F3
4518	#E5E1F1	#FCFCFC
4519	#E0DCEE	#F9F9F9
4520	#FEFEFE	#FFFFFF
4521	#DDD8EC	#FBFBFB
4522	#D1CBE6	#F9F9F9
4523	#DDD8ED	#FAFAFA
4524	#F4F2F9	#FEFEFE
4525	#FAFAFD	#FFFFFF
4526	#FBF7F6	#FFFFFF
4527	#F0EDF7	#FEFEFE
4528	#EAE7F4	#FDFDFD
4529	#F1EFF8	#FEFEFE
4530	#DDD8ED	#FAFAFA
4531	#F9F9FC	#FDFDFD
4532	#E6E2F1	#FCFCFC
4533	#FCFCFE	#FFFFFF
4534	#EFEDF6	#FEFEFE
4535	#EAE7F4	#FDFDFD
4536	#F0EEF7	#FEFEFE
4537	#FEFCFC	#FFFFFF
4538	#FDFBFB	#FFFFFF
4539	#FAF3F2	#FEFEFE
4540	#E9CFCC	#FCFCFC
4541	#FCFCFD	#FEFEFE
4542	#F0EEF7	#F7F7F7
4543	#D3CDE7	#CDCDCD
4544	#CFC9E5	#C8C8C8
4545	#D2CCE6	#D1D1D1
4547	#F5E8E6	#D6D6D6
4548	#FFFEFE	#FFFFFF
4549	#F5F4FA	#FAFAFA
4550	#F0EEF7	#F7F7F7
4551	#F4F2F9	#FBFBFB
4552	#F8F6FB	#FDFDFD
4553	#F0EEF7	#F9F9F9
4554	#FCFCFE	#FFFFFF
4555	#F0EEF7	#FBFBFB
4556	#DBD6EB	#EDEDED
4557	#DBD6EC	#EEEEEE
4558	#E0DCEE	#F0F0F0
4559	#FDFDFE	#FEFEFE
4560	#DDD8EC	#EDEDED
4561	#EBE8F4	#F9F9F9
4562	#DCD7EC	#F4F4F4
4563	#E0DCEE	#F5F5F5
4564	#EDEAF5	#FBFBFB
4565	#EBE8F4	#FBFBFB
4566	#FCFCFD	#FFFFFF
4567	#F3F1F8	#FDFDFD
4568	#FCFCFE	#FFFFFF
4569	#EEEBF6	#FCFCFC
4570	#FCFCFD	#FEFEFE
4571	#DAD5EB	#F4F4F4
4572	#EFECF6	#FCFCFC
4573	#DFDBEE	#F6F6F6
4574	#E5E1F1	#F8F8F8
4575	#DAD5EB	#F5F5F5
4576	#D2CCE7	#F7F7F7
4577	#CBC5E3	#F5F5F5
4578	#E7E3F2	#FCFCFC
4579	#FAF4F3	#FEFEFE
4580	#F9F0EF	#FEFEFE
4581	#FFFFFF	#FFFFFF
4582	#EBE9F4	#FEFEFE
4583	#F6EAE8	#FEFEFE
4584	#FEFEFE	#FFFFFF
4585	#EBD4D1	#FDFDFD
4586	#F6F4FA	#FFFFFF
4587	#DCB5B1	#FCFCFC
4588	#FDFCFE	#FFFFFF
4589	#C3BBDE	#FDFDFD
4590	#ECD5D2	#FEFEFE
4591	#FCFBFD	#FFFFFF
4592	#FDFDFE	#FFFFFF
4593	#FDFDFE	#FEFEFE
4594	#F4F3F9	#F9F9F9
4595	#F5F4FA	#FBFBFB
4596	#F2F1F8	#F7F7F7
4598	#FDFAFA	#FCFCFC
4599	#FEFEFF	#FFFFFF
4600	#EEECF6	#F6F6F6
4601	#F8F7FB	#FDFDFD
4602	#F4F2F9	#FBFBFB
4603	#F7F6FB	#FDFDFD
4604	#FCFBFD	#FEFEFE
4605	#F9F8FC	#FEFEFE
4606	#E1DDEF	#F4F4F4
4607	#D6D1E9	#E9E9E9
4608	#E3DFF0	#F3F3F3
4609	#EDEBF6	#F9F9F9
4610	#FDFBFB	#FEFEFE
4611	#F0EDF7	#FAFAFA
4612	#D4CEE8	#F1F1F1
4613	#E3DFF0	#F7F7F7
4614	#D8D3EA	#F0F0F0
4615	#EAE7F4	#FBFBFB
4616	#EEECF6	#FCFCFC
4617	#EEECF6	#FCFCFC
4618	#FEFDFD	#FFFFFF
4619	#EAE7F3	#FAFAFA
4620	#DED9ED	#F7F7F7
4621	#FBFBFD	#FEFEFE
4622	#EBE8F4	#FBFBFB
4623	#EEEBF6	#FCFCFC
4624	#E5E2F1	#F8F8F8
4625	#D5CFE8	#F3F3F3
4626	#DCD7EC	#F7F7F7
4627	#D9D4EA	#F8F8F8
4628	#E7E4F2	#FCFCFC
4629	#FFFFFF	#FFFFFF
4630	#F3E4E2	#FDFDFD
4631	#EED8D6	#FDFDFD
4632	#F9F8FC	#FCFCFC
4633	#EBD2CF	#FDFDFD
4634	#F9F9FC	#FFFFFF
4635	#E2C0BC	#FDFDFD
4636	#F5E8E6	#FEFEFE
4637	#E4E0F0	#FEFEFE
4638	#FBFAFD	#FFFFFF
4639	#D3A59F	#FCFCFC
4640	#D7D1E9	#FDFDFD
4641	#F7EDEC	#FEFEFE
4642	#FAF9FC	#FDFDFD
4643	#F5F3F9	#F8F8F8
4644	#F0EEF7	#F4F4F4
4645	#EEECF6	#F3F3F3
4646	#F5F4FA	#FAFAFA
4648	#F6EAE9	#DADADA
4649	#FEFDFD	#FEFEFE
4650	#F2F0F8	#F8F8F8
4651	#FFFFFF	#FFFFFF
4652	#F7F6FB	#FDFDFD
4653	#F7F6FB	#FDFDFD
4654	#F6F5FA	#FDFDFD
4655	#FCFBFD	#FEFEFE
4656	#F5F4FA	#FDFDFD
4657	#E3DFF0	#F5F5F5
4658	#EEECF6	#FAFAFA
4659	#EEECF6	#F9F9F9
4660	#FFFEFE	#FFFFFF
4661	#F5F3F9	#FCFCFC
4662	#D6D0E9	#EAEAEA
4663	#DCD8EC	#F2F2F2
4664	#E7E4F2	#F9F9F9
4665	#E9E6F3	#FAFAFA
4666	#F2F0F8	#FDFDFD
4667	#E6E2F1	#F9F9F9
4668	#F2F0F8	#FDFDFD
4669	#EDEAF5	#FCFCFC
4670	#EDEBF5	#FBFBFB
4671	#FFFFFF	#FFFFFF
4672	#DED9ED	#F6F6F6
4673	#E6E3F2	#F9F9F9
4674	#DFDAED	#F5F5F5
4675	#E8E5F2	#FAFAFA
4676	#D9D4EA	#F5F5F5
4677	#EDEAF5	#FCFCFC
4678	#E7E4F2	#FBFBFB
4679	#FCFCFD	#FFFFFF
4680	#EFDBD8	#FDFDFD
4681	#EEDAD7	#FDFDFD
4682	#F6F5FA	#F9F9F9
4683	#F6EAE8	#FEFEFE
4684	#FBF6F6	#FFFFFF
4685	#FFFFFF	#FFFFFF
4686	#FAF4F3	#FFFFFF
4687	#E6E3F2	#FEFEFE
4688	#F4E6E4	#FEFEFE
4689	#E8CDCA	#FEFEFE
4690	#B7AFD8	#FDFDFD
4691	#F6EAE9	#FEFEFE
4692	#E8CDCA	#FEFEFE
4693	#F7F6FB	#FAFAFA
4694	#ECE9F5	#E8E8E8
4695	#F3F1F8	#F5F5F5
4696	#F1EFF8	#F5F5F5
4697	#F1F0F8	#F5F5F5
4699	#FEFCFC	#FEFEFE
4700	#FCF9F8	#FCFCFC
4701	#FEFDFE	#FFFFFF
4702	#FDFBFB	#FEFEFE
4703	#F1EFF8	#FAFAFA
4704	#F1EFF8	#FBFBFB
4705	#F5F4FA	#FCFCFC
4706	#FEFDFD	#FFFFFF
4707	#FCFCFD	#FFFFFF
4708	#F4F3F9	#FDFDFD
4709	#F1EFF7	#FBFBFB
4710	#FDFDFE	#FFFFFF
4711	#FEFEFF	#FFFFFF
4712	#E3DFF0	#F3F3F3
4713	#D9D4EA	#E7E7E7
4714	#DDD8EC	#F4F4F4
4715	#E0DCEE	#F6F6F6
4716	#F4F2F9	#FDFDFD
4717	#EFEDF6	#FCFCFC
4718	#F6F5FA	#FEFEFE
4719	#F1EFF7	#FDFDFD
4720	#E4E1F1	#F9F9F9
4721	#DAD5EB	#F5F5F5
4722	#FCFCFE	#FEFEFE
4723	#E6E2F1	#FAFAFA
4724	#DDD9ED	#F5F5F5
4725	#DBD6EB	#F4F4F4
4726	#EBE8F4	#FBFBFB
4727	#ECEAF5	#FBFBFB
4728	#D2CCE7	#F2F2F2
4729	#F8F7FB	#FEFEFE
4730	#FEFCFC	#FFFFFF
4731	#FBF6F5	#FFFFFF
4732	#E9CECA	#FEFEFE
4733	#F4F2F9	#F6F6F6
4734	#EED9D6	#FEFEFE
4735	#F7EDEC	#FEFEFE
4736	#FFFEFE	#FFFFFF
4737	#F5E7E5	#FEFEFE
4738	#DDB7B2	#FCFCFC
4739	#C68D87	#FBFBFB
4740	#FBFBFD	#FFFFFF
4741	#F9F2F1	#FFFFFF
4742	#E6C8C5	#FDFDFD
4743	#E8E5F3	#DEDEDE
4744	#EFEDF7	#F0F0F0
4745	#F9F8FC	#FCFCFC
4746	#F2F0F8	#F5F5F5
4747	#F8F7FB	#FCFCFC
4749	#F6EBE9	#DEDEDE
4750	#FDFBFB	#FEFEFE
4751	#F9F8FC	#FDFDFD
4752	#FEFEFF	#FFFFFF
4753	#FBFBFD	#FEFEFE
4754	#FBFBFD	#FEFEFE
4755	#F5F4FA	#FDFDFD
4756	#F7F6FB	#FDFDFD
4757	#F8F7FB	#FEFEFE
4758	#F8F6FB	#FDFDFD
4759	#FEFEFF	#FFFFFF
4760	#F7F5FA	#FDFDFD
4761	#FEFCFC	#FEFEFE
4762	#E8E5F3	#F8F8F8
4763	#E1DDEF	#F1F1F1
4764	#D9D4EA	#EBEBEB
4765	#D9D4EA	#F1F1F1
4766	#FEFEFE	#FFFFFF
4767	#F4F3F9	#FDFDFD
4768	#E8E4F2	#FAFAFA
4769	#E7E4F2	#F9F9F9
4770	#E6E3F2	#F9F9F9
4771	#E5E1F1	#F9F9F9
4772	#FCFCFD	#FEFEFE
4773	#E7E3F2	#F9F9F9
4774	#E8E5F3	#FAFAFA
4775	#DBD7EC	#F7F7F7
4776	#D8D2EA	#F2F2F2
4777	#E4E0F0	#F8F8F8
4778	#DEDAED	#F7F7F7
4779	#F4F2F9	#FEFEFE
4780	#FCF7F7	#FEFEFE
4781	#EDD7D4	#FDFDFD
4782	#FFFEFE	#FFFFFF
4783	#FBFAFD	#FDFDFD
4784	#FEFDFC	#FFFFFF
4785	#DFBCB7	#FCFCFC
4786	#C48A83	#FBFBFB
4787	#F0DCDA	#FEFEFE
4788	#F2E1DF	#FEFEFE
4789	#EBD4D0	#FEFEFE
4790	#FBF5F5	#FFFFFF
4791	#F9F2F1	#FFFFFF
4792	#CC9790	#FCFCFC
4793	#ECEAF5	#FEFEFE
4794	#E9E6F3	#DEDEDE
4795	#EAE6F3	#E3E3E3
4796	#F2F0F8	#F3F3F3
4797	#F9F8FC	#FBFBFB
4798	#F5F4FA	#FAFAFA
4800	#FDF9F9	#FCFCFC
4801	#FCF8F8	#FCFCFC
4802	#F8F7FB	#FDFDFD
4803	#FFFFFF	#FFFFFF
4804	#F9F9FC	#FEFEFE
4805	#F7F6FB	#FDFDFD
4806	#E2DEEF	#F2F2F2
4807	#FCFBFD	#FFFFFF
4808	#FEFCFC	#FFFFFF
4809	#FDFAFA	#FEFEFE
4810	#FEFDFD	#FFFFFF
4811	#F2F0F8	#FCFCFC
4812	#FAFAFC	#FDFDFD
4813	#DDD8EC	#EFEFEF
4814	#DCD7EC	#EDEDED
4815	#DDD9ED	#EEEEEE
4816	#F4F2F9	#FDFDFD
4817	#EDEAF5	#FBFBFB
4818	#E9E6F3	#F9F9F9
4819	#ECE9F5	#FAFAFA
4820	#E6E2F1	#F9F9F9
4821	#E4E1F1	#F8F8F8
4822	#E9E6F3	#FBFBFB
4823	#F7F6FB	#F9F9F9
4824	#DDD9ED	#F5F5F5
4825	#DFDBEE	#F8F8F8
4826	#C6BEE0	#EAEAEA
4827	#E7E4F2	#FAFAFA
4828	#DDD8ED	#F6F6F6
4829	#E8E5F3	#FBFBFB
4830	#F9F0EF	#FEFEFE
4831	#F9F2F1	#FEFEFE
4832	#F2F1F8	#FFFFFF
4833	#E9CFCB	#FCFCFC
4834	#EDEBF5	#E9E9E9
4835	#FDFBFB	#FFFFFF
4836	#F6F5FA	#FFFFFF
4837	#E0BDB9	#FDFDFD
4838	#FAF9FC	#FFFFFF
4839	#D9AFAA	#FDFDFD
4840	#F3E5E3	#FEFEFE
4841	#FDFDFE	#FFFFFF
4842	#F1DFDD	#FEFEFE
4843	#FAF9FC	#FFFFFF
4844	#EAE7F4	#E3E3E3
4845	#F1EFF7	#F2F2F2
4846	#F0EEF7	#EFEFEF
4847	#FAF9FC	#FDFDFD
4848	#FCFCFD	#FEFEFE
4850	#F4E6E5	#D1D1D1
4851	#FFFFFF	#FFFFFF
4852	#F8F7FB	#FDFDFD
4853	#FAF9FC	#FEFEFE
4854	#FDFBFB	#FEFEFE
4855	#FDFDFE	#FFFFFF
4856	#FEFCFC	#FFFFFF
4857	#F3F1F8	#FCFCFC
4858	#FDFDFE	#FFFFFF
4859	#FCF8F8	#FEFEFE
4860	#FAF4F3	#FDFDFD
4861	#F0EDF7	#FCFCFC
4862	#FAFAFD	#FDFDFD
4863	#E4E0F0	#F2F2F2
4864	#E0DCEE	#F1F1F1
4865	#EAE7F4	#F8F8F8
4866	#E4E1F0	#F3F3F3
4867	#E6E2F1	#F8F8F8
4868	#EEECF6	#FBFBFB
4869	#EDEAF5	#FAFAFA
4870	#EAE7F3	#FAFAFA
4871	#EBE8F4	#FAFAFA
4872	#F5F3F9	#FDFDFD
4873	#F7F6FB	#FAFAFA
4874	#E0DCEE	#F7F7F7
4875	#ECE9F5	#FBFBFB
4876	#EBE8F4	#FBFBFB
4877	#D0CAE5	#EFEFEF
4878	#E2DEF0	#F6F6F6
4879	#F2F0F8	#FDFDFD
4880	#F9F8FC	#FEFEFE
4881	#F9F8FC	#FFFFFF
4882	#EAE7F3	#FEFEFE
4883	#E1BFBA	#FBFBFB
4884	#F0EEF7	#EFEFEF
4885	#F3F1F8	#FEFEFE
4886	#FAF9FC	#FFFFFF
4887	#E1BEB9	#FDFDFD
4888	#F2E3E1	#FEFEFE
4889	#F8EEED	#FFFFFF
4890	#F4E5E3	#FEFEFE
4891	#F5E7E6	#FEFEFE
4892	#EFECF6	#FEFEFE
4893	#F9F1F0	#FFFFFF
4894	#F9F1F0	#FFFFFF
4895	#F3F2F9	#F5F5F5
4896	#F5F4FA	#F8F8F8
4897	#F4F2F9	#F5F5F5
4898	#F2F0F8	#F5F5F5
4899	#FCF8F8	#FDFDFD
4901	#FDF9F9	#FCFCFC
4902	#FBFBFD	#FDFDFD
4903	#FAF9FC	#FEFEFE
4904	#FEFEFE	#FFFFFF
4905	#FCF8F8	#FEFEFE
4906	#FEFEFF	#FFFFFF
4907	#FAF9FC	#FEFEFE
4908	#FDFDFE	#FFFFFF
4909	#FBF5F5	#FDFDFD
4910	#FAF4F4	#FDFDFD
4911	#FCFCFE	#FFFFFF
4912	#EEECF6	#FBFBFB
4913	#FAF9FC	#FCFCFC
4914	#DEDAED	#EFEFEF
4915	#F3F1F9	#FCFCFC
4916	#F6F4FA	#FDFDFD
4917	#E8E5F3	#F7F7F7
4918	#E5E1F1	#F6F6F6
4919	#EEEBF6	#FBFBFB
4920	#E4E0F0	#F6F6F6
4921	#E1DDEF	#F6F6F6
4922	#F0EEF7	#FCFCFC
4923	#E2DEEF	#F6F6F6
4924	#F4F2F9	#F6F6F6
4925	#DED9ED	#F6F6F6
4926	#DAD5EB	#F6F6F6
4927	#D8D3EA	#F4F4F4
4928	#D8D3EA	#F3F3F3
4929	#F0EDF7	#FCFCFC
4930	#FFFFFF	#FFFFFF
4931	#FCF8F7	#FFFFFF
4932	#FFFEFE	#FFFFFF
4933	#FCF8F7	#FFFFFF
4934	#FDFDFE	#FFFFFF
4935	#F8F7FB	#FBFBFB
4936	#E6E2F1	#FEFEFE
4937	#E3C4BF	#FDFDFD
4938	#F4E6E4	#FEFEFE
4939	#DCD7EC	#FEFEFE
4940	#D8D3EA	#FDFDFD
4941	#C1847D	#FAFAFA
4942	#F6EAE8	#FEFEFE
4943	#ECD5D2	#FEFEFE
4944	#F1E0DE	#FEFEFE
4945	#FFFEFE	#FFFFFF
4946	#F8F7FB	#FBFBFB
4947	#FAF9FC	#FDFDFD
4948	#FEFEFF	#FFFFFF
4949	#F9F2F1	#FAFAFA
4951	#F5E8E6	#D3D3D3
4952	#FCFCFE	#FEFEFE
4953	#F7EEEC	#F8F8F8
4954	#FDFAF9	#FEFEFE
4955	#FCF9F8	#FEFEFE
4956	#F8F7FB	#FDFDFD
4957	#FAF9FC	#FEFEFE
4958	#FAF3F2	#FDFDFD
4959	#FFFFFF	#FFFFFF
4960	#FAF4F3	#FDFDFD
4961	#FCF7F7	#FEFEFE
4962	#F6F4FA	#FDFDFD
4963	#F7F5FA	#F9F9F9
4964	#E8E4F2	#F7F7F7
4965	#EFEDF7	#FAFAFA
4966	#F5F3F9	#FDFDFD
4967	#F6F5FA	#FDFDFD
4968	#ECE9F5	#F8F8F8
4969	#EEECF6	#FBFBFB
4970	#F0EDF7	#FBFBFB
4971	#FAF9FC	#FEFEFE
4972	#E0DCEE	#F6F6F6
4973	#E0DBEE	#F5F5F5
4974	#EBE8F4	#E3E3E3
4975	#D5CFE8	#F1F1F1
4976	#D2CCE7	#F1F1F1
4977	#E1DDEF	#F8F8F8
4978	#EEECF6	#FCFCFC
4979	#E9E6F3	#FBFBFB
4980	#F6F5FA	#FEFEFE
4981	#E7E3F2	#FDFDFD
4982	#EFEDF6	#FEFEFE
4983	#ECEAF5	#FEFEFE
4984	#F8EEED	#FEFEFE
4985	#F8F7FB	#FBFBFB
4986	#F6F5FA	#FFFFFF
4987	#E9CECA	#FEFEFE
4988	#FCF7F7	#FFFFFF
4989	#E9CECB	#FEFEFE
4990	#F7ECEB	#FEFEFE
4991	#FCFBFD	#FFFFFF
4992	#F1E0DE	#FEFEFE
4993	#E6C9C5	#FDFDFD
4994	#F4E5E3	#FEFEFE
4995	#F1E0DD	#FEFEFE
4996	#FEFEFE	#FFFFFF
4997	#FEFEFF	#FFFFFF
4998	#FAF9FC	#FDFDFD
4999	#FBF6F6	#FDFDFD
5000	#FEFDFD	#FFFFFF
5002	#FFFEFE	#FFFFFF
5003	#F9F8FC	#FCFCFC
5004	#FDFBFB	#FEFEFE
5005	#FEFEFE	#FFFFFF
5006	#FDFDFE	#FFFFFF
5007	#FEFEFF	#FFFFFF
5008	#FDFBFB	#FFFFFF
5009	#FAF4F3	#FDFDFD
5010	#FDFAF9	#FEFEFE
5011	#F7F6FB	#FDFDFD
5012	#F8F7FB	#FDFDFD
5013	#FBFAFD	#FEFEFE
5014	#EBE8F4	#E3E3E3
5015	#E9E6F3	#F9F9F9
5016	#F9F9FC	#FEFEFE
5017	#FBFAFD	#FEFEFE
5018	#FBFAFD	#FEFEFE
5019	#E8E5F3	#F6F6F6
5020	#EFEDF6	#FBFBFB
5021	#E7E3F2	#F8F8F8
5022	#F0EEF7	#FCFCFC
5023	#E0DBEE	#F4F4F4
5024	#C7C0E0	#E8E8E8
5025	#F9F8FC	#FCFCFC
5026	#D3CDE7	#F2F2F2
5027	#E4E0F0	#F9F9F9
5028	#E5E1F1	#F9F9F9
5029	#E9E6F3	#FBFBFB
5030	#F2F1F8	#FEFEFE
5031	#F8F6FB	#FEFEFE
5032	#DED9ED	#FDFDFD
5033	#E8E5F3	#FDFDFD
5034	#DBD6EB	#FBFBFB
5035	#FBFAFD	#FFFFFF
5036	#FFFFFF	#FFFFFF
5037	#FCF7F6	#FFFFFF
5038	#FBFBFD	#FFFFFF
5039	#DDD8EC	#FEFEFE
5040	#EED9D6	#FEFEFE
5041	#EFDCD9	#FEFEFE
5042	#E1BEBA	#FDFDFD
5043	#F7F5FA	#FFFFFF
5044	#DEB9B5	#FCFCFC
5045	#B6736C	#F8F8F8
5046	#FFFFFF	#FFFFFF
5047	#FFFEFE	#FFFFFF
5048	#FBF6F5	#FCFCFC
5049	#FBF6F5	#FCFCFC
5050	#FEFDFD	#FFFFFF
