group	fill	colour
1	#D5CFE8	#FEFEFE
2	#AFA6D3	#FCFCFC
3	#E8CDCA	#FEFEFE
4	#F6F5FA	#FFFFFF
5	#FAF9FC	#FFFFFF
6	#F8EFED	#FFFFFF
7	#EEECF6	#FFFFFF
8	#EEECF6	#FFFFFF
9	#F6F4FA	#FFFFFF
10	#B7AED8	#FDFDFD
11	#D4A6A0	#FCFCFC
12	#F7F5FA	#FFFFFF
13	#C4BDDF	#FCFCFC
14	#FCF7F6	#FFFFFF
15	#CCC5E3	#FDFDFD
16	#EFECF6	#FEFEFE
17	#FEFDFD	#FFFFFF
18	#D9B0AB	#FDFDFD
19	#B8AFD8	#FDFDFD
20	#F8EEED	#FFFFFF
21	#E6E3F2	#FEFEFE
23	#D4CFE8	#FEFEFE
24	#B7AFD8	#FDFDFD
25	#E7E4F2	#FDFDFD
26	#F8EFED	#FFFFFF
27	#FBFAFD	#FFFFFF
28	#FAF9FC	#FFFFFF
29	#F7EDEB	#FFFFFF
30	#DBD7EC	#FEFEFE
31	#E8E5F3	#FEFEFE
32	#EEECF6	#FFFFFF
33	#EEECF6	#FFFFFF
35	#FBFAFD	#FFFFFF
36	#D7D2E9	#FDFDFD
37	#D9B0AA	#FDFDFD
38	#F1E0DE	#FEFEFE
39	#F7ECEB	#FFFFFF
40	#EFECF6	#FFFFFF
41	#E5E1F1	#FEFEFE
42	#F8EEED	#FFFFFF
43	#C3BBDE	#FDFDFD
45	#EFECF6	#FFFFFF
46	#D9AFAA	#FDFDFD
47	#FBF6F5	#FFFFFF
48	#E8E5F3	#FEFEFE
49	#FAF9FC	#FFFFFF
50	#F4E6E4	#FEFEFE
51	#E1BEBA	#FEFEFE
52	#FBF6F5	#FFFFFF
53	#EFEDF6	#FEFEFE
54	#FEFDFD	#FFFFFF
55	#FBFAFD	#FFFFFF
56	#EEECF6	#FFFFFF
57	#BEB6DC	#FCFCFC
58	#E4E1F1	#FEFEFE
59	#A89ECF	#FBFBFB
60	#DDD8EC	#FEFEFE
61	#AFA6D3	#FCFCFC
62	#A197CC	#FBFBFB
63	#FBF6F6	#FFFFFF
64	#FCFBFD	#FFFFFF
65	#CDC7E4	#FCFCFC
66	#E6E3F2	#FEFEFE
67	#E4E0F0	#FEFEFE
68	#EEECF6	#FFFFFF
69	#DDD8EC	#FEFEFE
70	#EFECF6	#FFFFFF
71	#FBF6F5	#FFFFFF
72	#F1E0DE	#FEFEFE
73	#E8E5F3	#FEFEFE
74	#B7AFD8	#FDFDFD
75	#E4E1F1	#FDFDFD
76	#EBD4D0	#FEFEFE
77	#C3BBDE	#FDFDFD
78	#D5CFE8	#FEFEFE
79	#F1E0DD	#FEFEFE
80	#FAF9FC	#FFFFFF
81	#CB9690	#FCFCFC
82	#DDD8EC	#FEFEFE
83	#F1E0DE	#FEFEFE
84	#EBD4D0	#FEFEFE
86	#E3E0F0	#FEFEFE
87	#F1E0DE	#FEFEFE
88	#E6E3F2	#FEFEFE
89	#E8E5F3	#FEFEFE
90	#E5E2F1	#FEFEFE
91	#E5E1F1	#FEFEFE
92	#F1E0DE	#FEFEFE
93	#F8EEED	#FFFFFF
94	#EFEDF6	#FEFEFE
95	#FAF9FC	#FFFFFF
96	#D5CFE8	#FEFEFE
97	#F8EEED	#FFFFFF
98	#E6C9C5	#FDFDFD
99	#A096CB	#FBFBFB
100	#EBD3D0	#FEFEFE
101	#E8E5F3	#FEFEFE
102	#EDEAF5	#FEFEFE
103	#D8D3EA	#FDFDFD
104	#ECE9F5	#FEFEFE
105	#EEECF6	#FFFFFF
106	#F2F0F8	#FFFFFF
107	#EBD4D0	#FEFEFE
108	#AFA6D3	#FCFCFC
109	#E8E5F3	#FEFEFE
110	#D1CBE6	#FCFCFC
111	#FAF9FC	#FFFFFF
112	#E6E3F1	#FEFEFE
113	#B7AFD8	#FDFDFD
114	#EFEDF7	#FFFFFF
115	#FDFBFA	#FFFFFF
116	#FBF7F6	#FFFFFF
117	#B8AFD8	#FDFDFD
118	#C3BBDE	#FDFDFD
119	#FBFAFD	#FFFFFF
120	#F7ECEB	#FFFFFF
121	#EBD4D0	#FEFEFE
122	#FBFAFD	#FFFFFF
123	#FCFBFD	#FFFFFF
124	#E9E5F3	#FEFEFE
125	#EBD4D0	#FEFEFE
126	#D2CDE7	#FBFBFB
127	#C3BBDE	#FDFDFD
128	#EBD3D0	#FEFEFE
129	#E8E5F3	#FEFEFE
130	#D5CFE8	#FEFEFE
131	#FEFDFD	#FFFFFF
132	#F7ECEB	#FFFFFF
133	#B7AFD8	#FDFDFD
134	#FBF6F5	#FFFFFF
135	#FBFAFD	#FFFFFF
136	#F8EEED	#FFFFFF
137	#D8D3EA	#FDFDFD
138	#FBF7F6	#FFFFFF
139	#AEA5D3	#FCFCFC
140	#F8EEED	#FFFFFF
141	#C4BDDF	#FCFCFC
142	#E6C8C4	#FDFDFD
143	#FBFAFD	#FFFFFF
144	#F7F5FA	#FFFFFF
145	#E8E5F3	#FEFEFE
146	#E1BEBA	#FEFEFE
147	#F9F1F0	#FFFFFF
148	#FAF9FC	#FFFFFF
149	#E8E5F3	#FEFEFE
150	#E4E1F1	#FEFEFE
151	#EBD4D0	#FEFEFE
152	#FAF9FC	#FFFFFF
153	#ECD5D2	#FEFEFE
154	#BEB6DB	#FCFCFC
155	#E9E5F3	#FEFEFE
156	#B7AFD8	#FDFDFD
157	#A79ECF	#FBFBFB
158	#DDD8EC	#FEFEFE
159	#FBF7F6	#FFFFFF
160	#FBF6F5	#FFFFFF
161	#EBD4D0	#FEFEFE
162	#F8EEED	#FFFFFF
163	#F9F8FC	#FFFFFF
164	#EBD3D0	#FEFEFE
165	#D3CDE7	#FDFDFD
166	#E0BDB9	#FEFEFE
167	#E5E1F1	#FEFEFE
168	#ECD5D2	#FEFEFE
169	#C3BBDE	#FDFDFD
170	#E1BEBA	#FEFEFE
171	#FAF9FC	#FFFFFF
172	#E8CDC9	#FEFEFE
173	#D5CFE8	#FEFEFE
174	#C4BCDF	#FCFCFC
175	#F7EDEB	#FFFFFF
176	#A79ECF	#FBFBFB
177	#E6E2F1	#FEFEFE
178	#D3CEE7	#FDFDFD
179	#C4BDDF	#FCFCFC
180	#EFECF6	#FFFFFF
181	#EFECF6	#FEFEFE
182	#EBE8F4	#FEFEFE
183	#FBFAFD	#FFFFFF
184	#B8AFD8	#FDFDFD
186	#F1E0DD	#FEFEFE
187	#F8EEED	#FFFFFF
188	#F7ECEB	#FFFFFF
189	#FAF9FC	#FFFFFF
190	#F1E0DD	#FEFEFE
191	#B7AFD8	#FDFDFD
192	#C4BDDF	#FCFCFC
193	#CC9891	#FCFCFC
194	#DDD9ED	#FEFEFE
195	#FEFDFD	#FFFFFF
196	#C9928B	#FBFBFB
197	#DCD8EC	#FEFEFE
198	#DED9ED	#FDFDFD
199	#B7AFD8	#FBFBFB
200	#EEECF6	#FEFEFE
201	#D6D1E9	#FDFDFD
202	#DDD9ED	#FEFEFE
203	#EAE7F3	#FEFEFE
204	#FEFDFD	#FFFFFF
205	#A79ECF	#FBFBFB
206	#DDD8EC	#FEFEFE
207	#FAF9FC	#FFFFFF
208	#FAFAFC	#FFFFFF
209	#E4E0F0	#FEFEFE
210	#D5CFE8	#FEFEFE
211	#FBFAFD	#FFFFFF
212	#B7AFD8	#FDFDFD
213	#E1BEBA	#FEFEFE
214	#F1DFDD	#FEFEFE
215	#EBD4D0	#FEFEFE
216	#CEC7E4	#FCFCFC
217	#C3BBDE	#FDFDFD
218	#F4E5E4	#FEFEFE
219	#DDD8ED	#FEFEFE
220	#D5CFE8	#FEFEFE
221	#CF9D97	#FCFCFC
222	#D9B0AB	#FDFDFD
223	#F8EEED	#FFFFFF
224	#EEECF6	#FFFFFF
225	#FBFAFD	#FFFFFF
226	#FBF5F5	#FFFFFF
227	#EEECF6	#FEFEFE
228	#D5CFE8	#FEFEFE
229	#D4CEE7	#FDFDFD
230	#C3BBDE	#FDFDFD
231	#DCD7EC	#FEFEFE
232	#FAF9FC	#FFFFFF
233	#D4A59F	#FCFCFC
234	#E6E2F1	#FEFEFE
236	#FBF6F5	#FFFFFF
237	#D5CFE8	#FEFEFE
238	#CBC5E3	#FDFDFD
239	#B8AFD8	#FDFDFD
240	#E5E1F1	#FEFEFE
241	#FBFAFD	#FFFFFF
242	#CC9791	#FCFCFC
243	#DDD8EC	#FEFEFE
244	#CCC6E3	#FDFDFD
245	#FBF6F6	#FFFFFF
246	#AFA6D3	#FCFCFC
247	#EFECF6	#FEFEFE
248	#DDD9ED	#FEFEFE
249	#FBFBFD	#FFFFFF
250	#FBF6F6	#FFFFFF
251	#AFA6D3	#FCFCFC
252	#CEC8E4	#FDFDFD
253	#C1B9DD	#FBFBFB
254	#E6E2F1	#FEFEFE
255	#E6E2F1	#FEFEFE
256	#DCD7EC	#FEFEFE
257	#DDD8EC	#FEFEFE
258	#E9E6F3	#FEFEFE
259	#EBD4D0	#FEFEFE
260	#F8EEED	#FFFFFF
261	#B7AFD8	#FDFDFD
262	#D9B0AB	#FDFDFD
263	#D5CFE8	#FEFEFE
264	#EBD4D0	#FEFEFE
265	#FBF6F6	#FFFFFF
266	#D3CDE7	#FCFCFC
267	#E1BEBA	#FEFEFE
268	#C3BBDE	#FDFDFD
269	#C3BBDE	#FDFDFD
270	#B7AFD8	#FDFDFD
271	#DDD8EC	#FEFEFE
272	#FBF6F6	#FFFFFF
274	#E6C8C4	#FDFDFD
275	#E9E5F3	#FEFEFE
276	#FAF9FC	#FFFFFF
277	#DED9ED	#FDFDFD
278	#D3CEE7	#FDFDFD
279	#FBF6F5	#FFFFFF
280	#CEC8E4	#FDFDFD
281	#EEECF6	#FFFFFF
282	#CCC5E3	#FDFDFD
283	#E8E5F3	#FEFEFE
284	#EFEDF6	#FFFFFF
285	#DCD7EC	#FEFEFE
286	#C4BDDF	#FCFCFC
287	#C3BBDE	#FDFDFD
288	#EEECF6	#FFFFFF
289	#E1BEBA	#FEFEFE
290	#EBD4D0	#FEFEFE
291	#FAF9FC	#FFFFFF
292	#FBFBFD	#FFFFFF
293	#AEA5D3	#FCFCFC
294	#D3CEE7	#FDFDFD
295	#FEFDFD	#FFFFFF
296	#E1BEBA	#FEFEFE
297	#F7EDEB	#FFFFFF
298	#E9E6F3	#FEFEFE
299	#FBF5F5	#FFFFFF
300	#DCD8EC	#FEFEFE
301	#A89FD0	#F9F9F9
302	#EDEBF5	#FEFEFE
303	#D4CEE8	#FEFEFE
304	#D4CEE7	#FDFDFD
305	#B7AFD8	#FDFDFD
306	#CCC6E3	#FDFDFD
307	#FBF6F5	#FFFFFF
308	#C3BBDE	#FDFDFD
309	#C4BDDF	#FCFCFC
310	#EFEDF6	#FEFEFE
311	#B8AFD8	#FDFDFD
312	#C3BBDE	#FDFDFD
313	#E8E5F3	#FEFEFE
314	#FAF9FC	#FFFFFF
315	#D4CFE8	#FEFEFE
316	#E3C3BF	#FDFDFD
317	#A197CC	#FBFBFB
318	#F8EEED	#FFFFFF
319	#D5CFE8	#FEFEFE
320	#FBF6F5	#FFFFFF
321	#F8EEED	#FFFFFF
322	#D4A59F	#FCFCFC
323	#CC9791	#FCFCFC
324	#FAF9FC	#FFFFFF
325	#F6F4FA	#FFFFFF
327	#E8CDCA	#FEFEFE
328	#EFECF6	#FFFFFF
329	#F4E5E3	#FEFEFE
330	#A197CC	#FBFBFB
331	#D9B0AA	#FDFDFD
332	#FFFFFF	#FFFFFF
333	#F9F2F1	#FFFFFF
334	#958BC5	#F9F9F9
335	#D3CDE7	#FDFDFD
336	#EFECF6	#FEFEFE
337	#A197CC	#FBFBFB
338	#E5E1F1	#FEFEFE
339	#FFFFFF	#FFFFFF
340	#EFEDF6	#FEFEFE
341	#E8E5F3	#FEFEFE
342	#D4A5A0	#FCFCFC
343	#CCC5E3	#FDFDFD
344	#A89ECF	#FBFBFB
345	#F7F6FB	#FFFFFF
346	#FEFDFD	#FFFFFF
347	#EDEAF5	#FEFEFE
348	#C3BBDE	#FDFDFD
349	#DFDBEE	#FDFDFD
350	#D8D3EA	#FDFDFD
351	#CEC7E4	#FDFDFD
352	#C4BDDF	#FCFCFC
353	#EEECF6	#FFFFFF
354	#FBFAFD	#FFFFFF
355	#FBF7F6	#FFFFFF
356	#AFA6D3	#FCFCFC
357	#DCD8EC	#FEFEFE
358	#AFA5D3	#FCFCFC
359	#EFEDF6	#FEFEFE
360	#EEECF6	#FEFEFE
361	#EBD3D0	#FEFEFE
362	#E9E6F3	#FEFEFE
363	#E9E5F3	#FEFEFE
364	#F8EEED	#FFFFFF
365	#FAF9FC	#FFFFFF
366	#AFA6D3	#FCFCFC
367	#C7C0E1	#FCFCFC
368	#EBD4D0	#FEFEFE
369	#E5E1F1	#FEFEFE
370	#D5CFE8	#FEFEFE
371	#F1E0DD	#FEFEFE
372	#FBF6F6	#FFFFFF
373	#D4CFE8	#FEFEFE
374	#EDEAF5	#FEFEFE
375	#DDD8ED	#FEFEFE
376	#F1E0DE	#FEFEFE
377	#D5CFE8	#FEFEFE
378	#FAF4F3	#FFFFFF
379	#EEECF6	#FFFFFF
380	#A79DCF	#FBFBFB
381	#F1E0DE	#FEFEFE
382	#FBFAFD	#FFFFFF
383	#D5CFE8	#FEFEFE
384	#EFEDF6	#FEFEFE
385	#D3CEE7	#FDFDFD
386	#C3BBDE	#FDFDFD
387	#FAF9FC	#FFFFFF
388	#F8EEED	#FFFFFF
389	#FBF6F5	#FFFFFF
390	#9B90C8	#FAFAFA
391	#D4CEE8	#FDFDFD
392	#FAFAFD	#FFFFFF
393	#E9E5F3	#FEFEFE
394	#FAF9FC	#FFFFFF
396	#B7AFD8	#FBFBFB
397	#FAF9FC	#FFFFFF
398	#FBFAFD	#FFFFFF
399	#EFEDF6	#FFFFFF
400	#A79DCF	#FBFBFB
401	#8F85C2	#F9F9F9
402	#EDEAF5	#FEFEFE
403	#EAE7F4	#FEFEFE
404	#F6F5FA	#FFFFFF
405	#ECE9F5	#FEFEFE
406	#FAF9FC	#FFFFFF
407	#C1BADD	#FAFAFA
408	#D4CFE8	#FDFDFD
409	#CCC5E3	#FDFDFD
410	#F6F5FA	#FFFFFF
411	#E8E5F3	#FEFEFE
413	#EBD4D0	#FEFEFE
414	#E1BEBA	#FEFEFE
415	#E8E5F3	#FEFEFE
416	#D4CFE8	#FEFEFE
417	#A197CC	#FBFBFB
418	#F9F8FC	#FFFFFF
419	#FBFAFD	#FFFFFF
420	#CBC5E3	#FDFDFD
421	#D4CEE8	#FDFDFD
422	#FAF9FC	#FFFFFF
423	#E1BEBA	#FEFEFE
424	#F7ECEB	#FFFFFF
425	#F8EEED	#FFFFFF
426	#E1BEB9	#FEFEFE
427	#BEB6DC	#FCFCFC
428	#E5E1F1	#FEFEFE
429	#F0DCDA	#FEFEFE
430	#FAF9FC	#FFFFFF
431	#FAF9FC	#FFFFFF
432	#E4C4C0	#FDFDFD
433	#B8AFD8	#FDFDFD
434	#F9F8FC	#FFFFFF
435	#E4E1F1	#FEFEFE
436	#F4E6E4	#FEFEFE
437	#FBFBFD	#FFFFFF
438	#FBF6F5	#FFFFFF
439	#D3CDE7	#FDFDFD
440	#D3CEE7	#FDFDFD
441	#D3CDE7	#FDFDFD
442	#DDD9ED	#FEFEFE
443	#E6E2F1	#FEFEFE
444	#E8E5F3	#FEFEFE
445	#A197CC	#FBFBFB
446	#DDD8EC	#FEFEFE
447	#DCD7EC	#FEFEFE
448	#CCC5E3	#FDFDFD
449	#EBD4D0	#FEFEFE
450	#DCD8EC	#FEFEFE
451	#DCD7EC	#FEFEFE
452	#EEECF6	#FFFFFF
453	#C4BDDF	#FCFCFC
454	#D4CFE8	#FDFDFD
455	#F2F0F8	#FFFFFF
456	#FEFDFD	#FFFFFF
457	#CCC5E3	#FDFDFD
458	#FEFDFD	#FFFFFF
459	#F6F5FA	#FFFFFF
460	#EEECF6	#FFFFFF
461	#F8EEED	#FFFFFF
462	#F1E0DE	#FEFEFE
463	#D5CFE8	#FEFEFE
464	#E1BEBA	#FEFEFE
465	#E9E6F3	#FEFEFE
467	#FAF9FC	#FFFFFF
468	#EFECF6	#FEFEFE
469	#EBD4D0	#FEFEFE
470	#FAF9FC	#FFFFFF
471	#F9F8FC	#FFFFFF
472	#E6C8C5	#FDFDFD
473	#EBD4D0	#FEFEFE
474	#FBFAFD	#FFFFFF
475	#FAF9FC	#FFFFFF
476	#FBF6F6	#FFFFFF
477	#C3BBDE	#FDFDFD
478	#DDD8ED	#FEFEFE
479	#FBF6F6	#FFFFFF
480	#B7AFD8	#FDFDFD
481	#CF9D97	#FCFCFC
482	#E4E0F0	#FEFEFE
483	#DDD8EC	#FEFEFE
484	#DDD8EC	#FEFEFE
485	#D3CDE7	#FDFDFD
486	#DDD8EC	#FEFEFE
487	#D4CEE7	#FDFDFD
488	#DDD8ED	#FEFEFE
489	#FBFBFD	#FFFFFF
490	#D4CEE8	#FEFEFE
491	#AFA6D3	#FCFCFC
492	#F9F8FC	#FFFFFF
493	#F8EEED	#FFFFFF
494	#E6E3F2	#FEFEFE
495	#AEA5D3	#FCFCFC
496	#EEECF6	#FFFFFF
497	#BEB6DB	#FCFCFC
498	#D3CEE7	#FDFDFD
499	#B7AFD8	#FDFDFD
500	#E4E1F1	#FEFEFE
501	#C9C2E2	#FBFBFB
502	#C1BADE	#FBFBFB
503	#EDEBF5	#FEFEFE
504	#D2CCE7	#FCFCFC
505	#9B90C8	#FAFAFA
506	#F5F4FA	#FFFFFF
507	#FBF6F5	#FFFFFF
508	#CCC5E3	#FDFDFD
509	#E6E2F1	#FEFEFE
510	#C3BBDE	#FDFDFD
511	#CBC5E3	#FDFDFD
512	#F9F1F0	#FFFFFF
513	#EEECF6	#FFFFFF
514	#F8EFED	#FFFFFF
515	#D5CFE8	#FEFEFE
516	#EBD4D0	#FEFEFE
517	#D4CFE8	#FEFEFE
518	#FEFCFB	#FFFFFF
519	#EFECF6	#FEFEFE
520	#D5CFE8	#FEFEFE
521	#FAF9FC	#FFFFFF
522	#DDD9ED	#FEFEFE
523	#FAF9FC	#FFFFFF
524	#F8EEED	#FFFFFF
525	#CEC8E4	#FDFDFD
526	#E1BEBA	#FEFEFE
527	#ECD5D2	#FEFEFE
528	#FAF9FC	#FFFFFF
529	#EEECF6	#FFFFFF
530	#DCD7EC	#FEFEFE
531	#D4CFE8	#FEFEFE
532	#EBD4D0	#FEFEFE
533	#D5CFE8	#FEFEFE
534	#E8E5F3	#FEFEFE
535	#FAFAFC	#FFFFFF
536	#F8EEED	#FFFFFF
537	#B7AFD8	#FDFDFD
538	#F4E6E4	#FEFEFE
539	#E5E1F1	#FEFEFE
540	#F7ECEB	#FFFFFF
541	#F6F4FA	#FFFFFF
542	#D4CEE7	#FDFDFD
543	#C7C0E1	#FCFCFC
544	#D4CFE8	#FDFDFD
545	#F9F8FC	#FFFFFF
546	#EEECF6	#FFFFFF
547	#E1BEBA	#FEFEFE
548	#FBFAFD	#FFFFFF
549	#C3BBDE	#FDFDFD
550	#B8AFD8	#FDFDFD
551	#DED9ED	#FDFDFD
552	#CCC5E3	#FDFDFD
553	#A79ECF	#FBFBFB
554	#B7AFD8	#F8F8F8
555	#CBC5E3	#FDFDFD
556	#D4CFE8	#FEFEFE
557	#D1CBE6	#FCFCFC
558	#D4CEE8	#FDFDFD
559	#EDEBF5	#FEFEFE
560	#E5E1F1	#FEFEFE
561	#E8E5F3	#FEFEFE
562	#D4CFE8	#FEFEFE
563	#F9F9FC	#FFFFFF
564	#D5CFE8	#FEFEFE
565	#FAFAFC	#FFFFFF
566	#ECD6D3	#FEFEFE
567	#D5CFE8	#FEFEFE
568	#F8EEED	#FFFFFF
569	#EEECF6	#FFFFFF
571	#EBD4D0	#FEFEFE
572	#F8EEED	#FFFFFF
573	#EBD3D0	#FEFEFE
574	#FEFCFC	#FFFFFF
575	#FBFAFD	#FFFFFF
576	#EEECF6	#FFFFFF
577	#FAF9FC	#FFFFFF
578	#FBF6F6	#FFFFFF
579	#ECD5D2	#FEFEFE
580	#EEECF6	#FFFFFF
581	#E9E6F3	#FEFEFE
582	#F7EEEC	#FFFFFF
583	#D5CFE8	#FEFEFE
584	#D4CEE8	#FDFDFD
585	#FAF9FC	#FFFFFF
586	#C3BBDE	#FDFDFD
587	#B7AFD8	#FDFDFD
588	#CBC4E3	#FDFDFD
589	#BDB5DB	#FCFCFC
590	#E4E1F1	#FEFEFE
591	#B7AFD8	#FBFBFB
592	#B8AFD8	#FBFBFB
593	#C3BBDE	#FDFDFD
594	#FBF6F6	#FFFFFF
595	#A79DCF	#FBFBFB
596	#F8EEED	#FFFFFF
597	#E5E1F1	#FEFEFE
598	#9B90C8	#FAFAFA
599	#D9B0AB	#FDFDFD
600	#CBC5E3	#FDFDFD
601	#C3BBDE	#FDFDFD
602	#CAC4E2	#FAFAFA
603	#F6F5FA	#FFFFFF
604	#E4E0F0	#FEFEFE
605	#D4CEE8	#FEFEFE
606	#D4CEE8	#FDFDFD
607	#A79DCF	#FBFBFB
608	#DDD8ED	#FEFEFE
609	#BBB3DA	#FAFAFA
610	#D4CEE8	#FDFDFD
611	#A79DCF	#FBFBFB
612	#FAF9FC	#FFFFFF
613	#D5CFE8	#FEFEFE
614	#C3BBDE	#FDFDFD
615	#EBD3D0	#FEFEFE
616	#D5CFE8	#FEFEFE
618	#B8AFD8	#FDFDFD
619	#F8EEED	#FFFFFF
620	#D4CEE7	#FDFDFD
621	#C3BBDE	#FDFDFD
622	#FAFAFD	#FFFFFF
623	#EBD3D0	#FEFEFE
624	#FBFAFD	#FFFFFF
625	#AEA5D3	#FCFCFC
626	#C3BBDE	#FDFDFD
627	#D4A6A0	#FCFCFC
628	#CCC5E3	#FDFDFD
629	#F9F8FC	#FFFFFF
630	#FBF6F5	#FFFFFF
631	#EBD3D0	#FEFEFE
632	#D4CEE8	#FDFDFD
633	#C3BBDE	#FDFDFD
634	#FAF9FC	#FFFFFF
635	#A89ECF	#FBFBFB
636	#EFECF6	#FFFFFF
637	#AFA6D3	#FCFCFC
638	#A79DCF	#FBFBFB
639	#EEECF6	#FEFEFE
640	#EEECF6	#FEFEFE
641	#CCC6E3	#FDFDFD
642	#EFEDF6	#FFFFFF
643	#ECD5D2	#FEFEFE
644	#DDD8EC	#FEFEFE
645	#FBFAFD	#FFFFFF
646	#E8E5F3	#FEFEFE
647	#EFECF6	#FFFFFF
648	#AFA6D3	#FCFCFC
649	#F8EEED	#FFFFFF
650	#D5CFE8	#FEFEFE
651	#FBFAFD	#FFFFFF
652	#EEEBF6	#FEFEFE
653	#A49ACE	#F8F8F8
654	#B8AFD8	#FAFAFA
655	#FBFAFD	#FFFFFF
656	#CDC7E4	#FDFDFD
657	#F3E5E3	#FEFEFE
658	#C3BBDE	#FDFDFD
659	#FEFEFD	#FFFFFF
660	#9B91C8	#FAFAFA
661	#AFA6D3	#FCFCFC
662	#C2BADE	#FAFAFA
663	#F1DFDD	#FEFEFE
664	#D4A5A0	#FCFCFC
665	#D5CFE8	#FEFEFE
666	#CF9D97	#FCFCFC
667	#CCC5E3	#FDFDFD
669	#CBC5E3	#FDFDFD
670	#D4CEE8	#FEFEFE
671	#EBD4D0	#FEFEFE
672	#D3CEE7	#FDFDFD
673	#F1DFDD	#FEFEFE
674	#FBF7F6	#FFFFFF
675	#FBFAFD	#FFFFFF
676	#F7EDEB	#FFFFFF
677	#F8EFED	#FFFFFF
678	#A79DCF	#FBFBFB
679	#FBFBFD	#FFFFFF
680	#F8EFED	#FFFFFF
681	#EFEDF6	#FEFEFE
682	#EEECF6	#FFFFFF
683	#E6C9C5	#FDFDFD
684	#E9E5F3	#FEFEFE
685	#E8E5F3	#FEFEFE
686	#D3CDE7	#FDFDFD
687	#D4CEE7	#FDFDFD
688	#B7AFD8	#FDFDFD
689	#D5CFE8	#FEFEFE
690	#FAF9FC	#FFFFFF
691	#D4CFE8	#FDFDFD
692	#EEECF6	#FFFFFF
693	#EDEAF5	#FEFEFE
694	#E8E5F3	#FEFEFE
695	#AFA5D3	#FCFCFC
696	#F4E6E4	#FEFEFE
697	#EEECF6	#FFFFFF
698	#E5E1F1	#FEFEFE
699	#DCD8EC	#FEFEFE
700	#D5CFE8	#FEFEFE
701	#F8EEED	#FFFFFF
702	#EEECF6	#FFFFFF
703	#DBD6EB	#FEFEFE
704	#F7EDEB	#FFFFFF
705	#FBF6F5	#FFFFFF
706	#FAF9FC	#FFFFFF
707	#CBC5E3	#FDFDFD
708	#C5BDDF	#FCFCFC
709	#F4E5E3	#FEFEFE
710	#F1DFDD	#FEFEFE
711	#B7AFD8	#FDFDFD
712	#D5CFE8	#FDFDFD
713	#D4CEE8	#FDFDFD
714	#EFEDF6	#FEFEFE
715	#EEECF6	#FFFFFF
716	#C3BBDE	#FDFDFD
717	#FAF9FC	#FFFFFF
718	#B7AFD8	#FDFDFD
719	#F1DFDD	#FEFEFE
720	#D5CFE8	#FEFEFE
721	#C3BBDE	#FDFDFD
722	#E9CECB	#FEFEFE
723	#E9E5F3	#FEFEFE
724	#DBD7EC	#FEFEFE
725	#D5CFE8	#FEFEFE
726	#C3BBDE	#FDFDFD
727	#DCD7EC	#FEFEFE
728	#D3CDE7	#FDFDFD
729	#E8E5F3	#FEFEFE
730	#ECD5D2	#FEFEFE
731	#AFA6D3	#FCFCFC
732	#D7D2E9	#FDFDFD
733	#E9E6F3	#FEFEFE
734	#EEECF6	#FFFFFF
735	#F8EEED	#FFFFFF
736	#EFEDF6	#FFFFFF
737	#CEC7E4	#FDFDFD
738	#A89ECF	#FBFBFB
739	#D3CEE7	#FDFDFD
740	#AFA6D3	#FCFCFC
741	#EBD4D0	#FEFEFE
742	#EFECF6	#FFFFFF
743	#D4CEE7	#FDFDFD
744	#C1BADD	#FBFBFB
745	#BDB5DB	#FCFCFC
746	#F2F0F8	#FFFFFF
747	#E8CECA	#FEFEFE
748	#C3BBDE	#FDFDFD
749	#F9F8FC	#FFFFFF
750	#D5CFE8	#FEFEFE
751	#AFA6D3	#FCFCFC
752	#F7EEEC	#FFFFFF
753	#D4CEE8	#FDFDFD
754	#9B90C8	#FAFAFA
755	#E8E5F3	#FEFEFE
756	#DEDAED	#FEFEFE
757	#D2CCE6	#FCFCFC
758	#DDD9ED	#FEFEFE
759	#E5E2F1	#FEFEFE
760	#E8E5F3	#FEFEFE
761	#E8E5F3	#FEFEFE
762	#E8E5F3	#FEFEFE
763	#F1DFDD	#FEFEFE
764	#D9D4EA	#FDFDFD
766	#FBFAFD	#FFFFFF
767	#C3BBDE	#FDFDFD
768	#D4CFE8	#FEFEFE
769	#B7AFD8	#FDFDFD
771	#F3F1F8	#FFFFFF
772	#C3BBDE	#FDFDFD
773	#F8EEED	#FFFFFF
774	#E8E5F3	#FEFEFE
775	#D9B0AB	#FDFDFD
776	#F8EFED	#FFFFFF
777	#F1E0DD	#FEFEFE
778	#F9F1F0	#FFFFFF
779	#E5E1F1	#FEFEFE
780	#EBD4D0	#FEFEFE
781	#FAF9FC	#FFFFFF
782	#F7EDEB	#FFFFFF
783	#DDD8EC	#FEFEFE
784	#E9E5F3	#FEFEFE
786	#E1BEBA	#FEFEFE
787	#D4CFE8	#FEFEFE
788	#F9F8FC	#FFFFFF
789	#B7AFD8	#FDFDFD
790	#B7AFD8	#FDFDFD
791	#D9AFAA	#FDFDFD
792	#FBFAFD	#FFFFFF
793	#CBC5E3	#FDFDFD
794	#CBC4E3	#FDFDFD
795	#EEECF6	#FEFEFE
796	#A79ECF	#FBFBFB
797	#FBFAFD	#FFFFFF
798	#B7AFD8	#FDFDFD
799	#C3BBDE	#FDFDFD
800	#C3BBDE	#FDFDFD
801	#FBF6F6	#FFFFFF
802	#EFECF6	#FEFEFE
803	#FAF9FC	#FFFFFF
804	#C7BFE0	#FCFCFC
805	#C4BDDF	#FCFCFC
806	#DED9ED	#FEFEFE
807	#C4BDDF	#FCFCFC
808	#EFECF6	#FEFEFE
809	#FBFAFD	#FFFFFF
810	#CBC5E3	#FDFDFD
811	#F9F1F0	#FFFFFF
812	#C4BDDF	#FCFCFC
813	#CBC5E3	#FDFDFD
814	#F9F9FC	#FFFFFF
815	#B8AFD8	#FDFDFD
817	#F8EEED	#FFFFFF
818	#FBF7F6	#FFFFFF
819	#FAF9FC	#FFFFFF
820	#FAF9FC	#FFFFFF
821	#D4CEE8	#FEFEFE
822	#FBF6F5	#FFFFFF
823	#FAF9FC	#FFFFFF
824	#B7AFD8	#FDFDFD
825	#FBF6F6	#FFFFFF
826	#FBFAFD	#FFFFFF
827	#D5CFE8	#FEFEFE
829	#F8EEED	#FFFFFF
830	#FAF9FC	#FFFFFF
831	#FAF9FC	#FFFFFF
832	#EEECF6	#FFFFFF
833	#EFDCD9	#FEFEFE
834	#FBF6F5	#FFFFFF
835	#FAF9FC	#FFFFFF
836	#F1E0DE	#FEFEFE
837	#F1DFDD	#FEFEFE
838	#F8EEED	#FFFFFF
839	#9B90C8	#FAFAFA
840	#D3CDE7	#FDFDFD
841	#EEECF6	#FFFFFF
842	#FBFAFD	#FFFFFF
843	#A399CD	#F8F8F8
844	#F0DDDA	#FEFEFE
845	#B8AFD8	#FDFDFD
846	#D4CFE8	#FDFDFD
847	#EFECF6	#FEFEFE
848	#F1DFDD	#FEFEFE
849	#AFA6D3	#FCFCFC
850	#EBD4D0	#FEFEFE
851	#C3BBDE	#FDFDFD
852	#FAFAFC	#FFFFFF
853	#CCC5E3	#FDFDFD
854	#F6F4FA	#FFFFFF
855	#D7D1E9	#FDFDFD
856	#C3BBDE	#FDFDFD
857	#D5CFE8	#FDFDFD
858	#E4E1F1	#FEFEFE
859	#FEFCFC	#FFFFFF
860	#A096CB	#FBFBFB
861	#DCD7EC	#FEFEFE
862	#DCD8EC	#FEFEFE
863	#F1E0DE	#FEFEFE
864	#DFDAED	#FEFEFE
865	#EBD4D0	#FEFEFE
866	#F8EEED	#FFFFFF
867	#D8D3EA	#FDFDFD
868	#B7AFD8	#FDFDFD
869	#E5E1F1	#FEFEFE
871	#F8EEED	#FFFFFF
872	#C5BEE0	#FBFBFB
873	#D9B0AB	#FDFDFD
874	#FAF9FC	#FFFFFF
875	#FBFAFD	#FFFFFF
876	#FAF9FC	#FFFFFF
877	#E8E5F3	#FEFEFE
878	#E2C1BD	#FDFDFD
880	#E9E5F3	#FEFEFE
881	#B8AFD8	#FDFDFD
882	#FBFBFD	#FFFFFF
883	#FBF6F6	#FFFFFF
884	#EEEBF6	#FFFFFF
885	#EEEBF6	#FFFFFF
886	#AFA6D3	#FCFCFC
887	#A79ECF	#FBFBFB
888	#C4BDDF	#FCFCFC
889	#A197CC	#FBFBFB
890	#EED9D6	#FEFEFE
891	#D3CEE7	#FDFDFD
892	#F7EDEC	#FEFEFE
893	#FEFDFD	#FFFFFF
894	#F7EDEB	#FFFFFF
895	#FEFDFD	#FFFFFF
896	#B7AED8	#FBFBFB
897	#EEECF6	#FFFFFF
898	#EEECF6	#FFFFFF
899	#F9F8FC	#FFFFFF
900	#CBC5E3	#FDFDFD
901	#EBD4D0	#FEFEFE
902	#E8E5F3	#FEFEFE
903	#E8E5F3	#FEFEFE
904	#DDD8EC	#FEFEFE
905	#F1E0DE	#FEFEFE
906	#B7AFD8	#FDFDFD
907	#AFA5D3	#FCFCFC
908	#A89ECF	#FBFBFB
909	#9B91C9	#FAFAFA
910	#F8EEED	#FFFFFF
911	#FAF9FC	#FFFFFF
912	#CEC7E4	#FDFDFD
913	#DDD8ED	#FEFEFE
914	#CCC5E3	#FDFDFD
915	#CDC7E4	#FCFCFC
916	#D4CFE8	#FDFDFD
917	#DED9ED	#FEFEFE
918	#F1E0DE	#FEFEFE
919	#E8E5F3	#FEFEFE
920	#D4CFE8	#FEFEFE
921	#FEFCFC	#FFFFFF
922	#FBFAFD	#FFFFFF
923	#F9F8FC	#FFFFFF
924	#C3BBDE	#FDFDFD
925	#FAF9FC	#FFFFFF
926	#F1E0DE	#FEFEFE
928	#FAF9FC	#FFFFFF
929	#D3CDE7	#FDFDFD
930	#DDD8EC	#FEFEFE
931	#F8EEED	#FFFFFF
932	#EFECF6	#FFFFFF
933	#DDD8ED	#FEFEFE
934	#EEECF6	#FEFEFE
935	#DDD8EC	#FEFEFE
936	#D4CEE7	#FDFDFD
938	#CDC6E4	#FCFCFC
939	#DDD8EC	#FEFEFE
940	#F8EEED	#FFFFFF
941	#C3BBDE	#FDFDFD
942	#D8D2EA	#FDFDFD
943	#DCD8EC	#FEFEFE
944	#D4CEE7	#FDFDFD
945	#F2F0F8	#FFFFFF
946	#F9F8FC	#FFFFFF
947	#CCC6E4	#FCFCFC
948	#F2F1F8	#FFFFFF
949	#EEECF6	#FFFFFF
950	#EFEDF6	#FFFFFF
951	#E4E0F0	#FEFEFE
952	#B7AFD8	#FDFDFD
953	#B7AFD8	#FDFDFD
954	#D5CFE8	#FEFEFE
955	#F4E5E3	#FEFEFE
956	#F9F8FC	#FFFFFF
957	#E2DEEF	#FDFDFD
958	#E5E2F1	#FEFEFE
959	#FAF9FC	#FFFFFF
960	#F1E0DD	#FEFEFE
961	#FAFAFD	#FFFFFF
962	#D4CEE8	#FEFEFE
963	#E9E5F3	#FEFEFE
964	#F2E1DF	#FEFEFE
965	#E5E2F1	#FEFEFE
966	#DDD8ED	#FEFEFE
967	#ECEAF5	#FEFEFE
968	#CCC5E3	#FDFDFD
969	#AFA6D3	#FCFCFC
970	#B7AFD8	#FDFDFD
971	#FEFCFC	#FFFFFF
972	#F6F4FA	#FFFFFF
973	#FBF6F6	#FFFFFF
974	#F8EEED	#FFFFFF
975	#E8E5F3	#FEFEFE
976	#FBF6F5	#FFFFFF
977	#F6F5FA	#FFFFFF
978	#F7EDEB	#FFFFFF
979	#BEB6DC	#FCFCFC
980	#EEEBF6	#FFFFFF
981	#DDD8EC	#FEFEFE
982	#F9F8FC	#FFFFFF
983	#FAF9FC	#FFFFFF
984	#CCC6E4	#FCFCFC
985	#E7E3F2	#FEFEFE
986	#FAF9FC	#FFFFFF
987	#CCC6E3	#FDFDFD
988	#E4E0F0	#FEFEFE
989	#C3BBDE	#FDFDFD
990	#D5CFE8	#FEFEFE
991	#B7AFD8	#FDFDFD
992	#E5E1F1	#FEFEFE
993	#F7ECEB	#FFFFFF
994	#E1BEBA	#FEFEFE
995	#DCD7EC	#FEFEFE
996	#D3CEE7	#FCFCFC
997	#C3BBDE	#FDFDFD
998	#A79ECF	#FBFBFB
999	#FAF9FC	#FFFFFF
1000	#D5CFE8	#FEFEFE
1001	#EBD4D0	#FEFEFE
1002	#D1CBE6	#FCFCFC
1003	#AFA6D3	#FCFCFC
1004	#DDD8ED	#FEFEFE
1005	#E4E1F1	#FEFEFE
1006	#E4E1F1	#FEFEFE
1007	#E5E1F1	#FEFEFE
1008	#C2BBDE	#FBFBFB
1009	#C6BFE0	#FBFBFB
1010	#AFA6D3	#FCFCFC
1011	#F8EEED	#FFFFFF
1012	#F7EDEB	#FFFFFF
1013	#D3CEE7	#FDFDFD
1014	#EDEAF5	#FEFEFE
1015	#E8E5F3	#FEFEFE
1016	#F4E6E4	#FEFEFE
1017	#BEB6DC	#FCFCFC
1018	#D5CFE8	#FEFEFE
1019	#B8AFD8	#FBFBFB
1020	#FAFAFC	#FFFFFF
1021	#C3BBDE	#FDFDFD
1022	#FBF6F5	#FFFFFF
1023	#DDD8EC	#FEFEFE
1024	#EEECF6	#FFFFFF
1025	#E1BEB9	#FEFEFE
1026	#F9F8FC	#FFFFFF
1027	#C3BBDE	#FDFDFD
1028	#E6E2F1	#FEFEFE
1029	#F7EDEB	#FFFFFF
1030	#D5CFE8	#FEFEFE
1031	#D4CEE7	#FDFDFD
1032	#DDD8EC	#FEFEFE
1033	#E1BEBA	#FEFEFE
1034	#D4CEE8	#FEFEFE
1035	#E4E0F0	#FEFEFE
1036	#C3BBDE	#FDFDFD
1037	#E8E5F3	#FEFEFE
1038	#F1E0DD	#FEFEFE
1039	#FAF9FC	#FFFFFF
1040	#B7AED8	#FDFDFD
1041	#C3BBDE	#FDFDFD
1042	#FEFDFD	#FFFFFF
1043	#DCD7EC	#FEFEFE
1044	#E9E5F3	#FEFEFE
1045	#DDD8EC	#FEFEFE
1046	#E4E1F1	#FEFEFE
1047	#E6E3F2	#FEFEFE
1048	#D5CFE8	#FEFEFE
1049	#DDD8ED	#FEFEFE
1050	#E9E6F3	#FEFEFE
1052	#D4CFE8	#FEFEFE
1053	#D3CDE7	#FDFDFD
1054	#F8EEED	#FFFFFF
1055	#FAF9FC	#FFFFFF
1056	#E3DFF0	#FEFEFE
1057	#EFEDF6	#FFFFFF
1058	#DED9ED	#FDFDFD
1059	#FBF6F5	#FFFFFF
1060	#CCC5E3	#FDFDFD
1061	#F4E6E4	#FEFEFE
1062	#A197CC	#FBFBFB
1063	#FEFDFD	#FFFFFF
1064	#F6F5FA	#FFFFFF
1065	#E4E0F0	#FEFEFE
1066	#AEA5D3	#FCFCFC
1067	#FFFEFE	#FFFFFF
1068	#D4CEE8	#FDFDFD
1069	#E8E5F3	#FEFEFE
1070	#D4CFE8	#FDFDFD
1071	#FBF6F5	#FFFFFF
1072	#FBF6F6	#FFFFFF
1073	#EEECF6	#FFFFFF
1074	#C3BBDE	#FDFDFD
1075	#FAF9FC	#FFFFFF
1076	#FAF9FC	#FFFFFF
1077	#FEFDFD	#FFFFFF
1078	#DDD8EC	#FEFEFE
1079	#D8D3EA	#FDFDFD
1080	#D9B0AB	#FDFDFD
1081	#DCD7EC	#FEFEFE
1082	#EBD4D0	#FEFEFE
1083	#F1E0DD	#FEFEFE
1084	#FBF6F5	#FFFFFF
1085	#FAF9FC	#FFFFFF
1086	#DDD9ED	#FEFEFE
1087	#F9F8FC	#FFFFFF
1088	#FBF6F6	#FFFFFF
1089	#B7AFD8	#FDFDFD
1090	#F7EEEC	#FFFFFF
1091	#FBFAFD	#FFFFFF
1092	#A79ECF	#FBFBFB
1093	#B7AFD8	#FBFBFB
1094	#FAFAFC	#FFFFFF
1095	#EBD4D0	#FEFEFE
1096	#E4E1F1	#FEFEFE
1097	#FEFDFD	#FFFFFF
1098	#FAF9FC	#FFFFFF
1099	#FAFAFD	#FFFFFF
1100	#DDD8EC	#FEFEFE
1101	#FAF9FC	#FFFFFF
1102	#DDD8EC	#FEFEFE
1103	#A79ECF	#FBFBFB
1104	#B7AFD8	#FDFDFD
1105	#FAF9FC	#FFFFFF
1106	#C3BBDE	#FDFDFD
1107	#F6F5FA	#FFFFFF
1108	#FBFBFD	#FFFFFF
1109	#FAF4F3	#FFFFFF
1110	#B2A9D5	#FAFAFA
1111	#B7AFD8	#FBFBFB
1112	#AEA5D3	#FCFCFC
1113	#FBF6F5	#FFFFFF
1114	#F8EEED	#FFFFFF
1115	#E8E5F3	#FEFEFE
1116	#BEB7DC	#FCFCFC
1117	#EEECF6	#FFFFFF
1118	#DDD8EC	#FEFEFE
1119	#F0EDF7	#FFFFFF
1120	#F1E0DD	#FEFEFE
1121	#E4E1F1	#FEFEFE
1122	#F7ECEA	#FFFFFF
1123	#ADA3D2	#FAFAFA
1124	#C3BBDE	#FDFDFD
1125	#D3CDE7	#FDFDFD
1126	#EFECF6	#FFFFFF
1127	#B7AFD8	#FDFDFD
1128	#CBC4E3	#FCFCFC
1129	#B7AFD8	#FDFDFD
1130	#FBF6F5	#FFFFFF
1131	#FAF9FC	#FFFFFF
1132	#F7EDEB	#FFFFFF
1133	#FAF9FC	#FFFFFF
1134	#FBFAFD	#FFFFFF
1135	#DDD8EC	#FEFEFE
1136	#FAF9FC	#FFFFFF
1137	#F8EEED	#FFFFFF
1138	#C3BBDE	#FDFDFD
1139	#FAF9FC	#FFFFFF
1140	#DDD8EC	#FEFEFE
1141	#E1BEBA	#FEFEFE
1142	#DCD7EC	#FEFEFE
1143	#F4E6E4	#FEFEFE
1144	#FBF6F5	#FFFFFF
1145	#F4E6E4	#FEFEFE
1146	#EFECF6	#FFFFFF
1147	#DCD8EC	#FEFEFE
1148	#D3CDE7	#FDFDFD
1149	#D3CEE7	#FDFDFD
1150	#AFA6D3	#FCFCFC
1151	#D5CFE8	#FEFEFE
1152	#E7E3F2	#FEFEFE
1153	#EFEDF6	#FFFFFF
1154	#DFDAED	#FEFEFE
1155	#B2A9D5	#FAFAFA
1156	#C3BBDE	#FDFDFD
1157	#E5E1F1	#FEFEFE
1158	#F6F5FA	#FFFFFF
1159	#DEDAED	#FDFDFD
1160	#E4E0F0	#FEFEFE
1161	#E6E2F1	#FEFEFE
1162	#C5BEDF	#FCFCFC
1163	#EAE7F4	#FEFEFE
1164	#F9F1F0	#FFFFFF
1165	#FAFAFC	#FFFFFF
1166	#F8EEED	#FFFFFF
1167	#FBF6F5	#FFFFFF
1168	#E8E5F3	#FEFEFE
1169	#FBFAFD	#FFFFFF
1170	#E8E5F3	#FEFEFE
1171	#DCD7EC	#FEFEFE
1172	#E6E2F1	#FEFEFE
1173	#EFEDF6	#FEFEFE
1174	#DCD8EC	#FEFEFE
1175	#B6AED7	#F6F6F6
1176	#FBF6F6	#FFFFFF
1177	#EFECF6	#FFFFFF
1178	#E7E3F2	#FEFEFE
1179	#F7EDEC	#FFFFFF
1180	#FAF9FC	#FFFFFF
1181	#DDD8EC	#FEFEFE
1182	#E8CDCA	#FEFEFE
1183	#CCC5E3	#FDFDFD
1184	#D9B0AA	#FDFDFD
1185	#D5CFE8	#FEFEFE
1186	#ADA3D2	#FAFAFA
1187	#F6F5FA	#FFFFFF
1188	#C3BBDE	#FDFDFD
1189	#F1DFDD	#FEFEFE
1190	#EBD4D0	#FEFEFE
1191	#D4CFE8	#FEFEFE
1192	#F8EEED	#FFFFFF
1193	#C3BBDE	#FDFDFD
1194	#F7ECEB	#FFFFFF
1195	#F9F8FC	#FFFFFF
1196	#F1E0DE	#FEFEFE
1197	#F8EEED	#FFFFFF
1198	#DDD8EC	#FEFEFE
1199	#C5BDDF	#FCFCFC
1200	#FBFBFD	#FFFFFF
1201	#F7ECEA	#FFFFFF
1202	#EEECF6	#FFFFFF
1203	#FAF9FC	#FFFFFF
1204	#F9F8FC	#FFFFFF
1205	#D3CEE7	#FDFDFD
1206	#B7AFD8	#FDFDFD
1207	#EFEDF6	#FEFEFE
1208	#F4E6E4	#FEFEFE
1209	#F8EEED	#FFFFFF
1210	#FBFAFD	#FFFFFF
1211	#D4CEE7	#FDFDFD
1212	#FBFAFD	#FFFFFF
1213	#D5CFE8	#FDFDFD
1214	#EDEAF5	#FEFEFE
1215	#FFFEFE	#FFFFFF
1216	#FEFEFD	#FFFFFF
1217	#EBD4D0	#FEFEFE
1218	#EBD4D0	#FEFEFE
1219	#B7AFD8	#FDFDFD
1220	#C3BBDE	#FDFDFD
1221	#DCD7EC	#FEFEFE
1222	#D4CFE8	#FEFEFE
1223	#E7E3F2	#FEFEFE
1224	#D5CFE8	#FDFDFD
1225	#F4E5E3	#FEFEFE
1226	#DAD5EB	#FBFBFB
1227	#E6E3F2	#FEFEFE
1228	#F7ECEB	#FFFFFF
1229	#E1BEB9	#FEFEFE
1230	#FAF9FC	#FFFFFF
1231	#DDD8EC	#FEFEFE
1232	#D4A5A0	#FCFCFC
1233	#F7ECEB	#FFFFFF
1234	#FBF6F6	#FFFFFF
1235	#EFECF6	#FFFFFF
1236	#EBD4D0	#FEFEFE
1237	#E9E5F3	#FEFEFE
1238	#F9F8FC	#FFFFFF
1239	#FBFAFD	#FFFFFF
1240	#FAF9FC	#FFFFFF
1241	#FAFAFC	#FFFFFF
1242	#DDD8ED	#FEFEFE
1243	#E8E5F3	#FEFEFE
1244	#E4C5C0	#FDFDFD
1245	#FBF6F5	#FFFFFF
1247	#CBC4E3	#FDFDFD
1248	#EFECF6	#FFFFFF
1249	#F8EEED	#FFFFFF
1250	#E6C9C5	#FDFDFD
1251	#DCD7EC	#FEFEFE
1252	#D3A59F	#FCFCFC
1253	#B7AFD8	#FDFDFD
1254	#DDD8EC	#FEFEFE
1255	#B7AFD8	#FDFDFD
1256	#D5CFE8	#FEFEFE
1257	#FAFAFC	#FFFFFF
1258	#B8AFD8	#FBFBFB
1259	#FAF9FC	#FFFFFF
1260	#D4CFE8	#FDFDFD
1261	#C3BBDE	#FDFDFD
1262	#EDEAF5	#FEFEFE
1263	#BDB5DB	#FAFAFA
1264	#F8EEED	#FFFFFF
1265	#EFECF6	#FEFEFE
1266	#FCF8F7	#FFFFFF
1267	#FBFBFD	#FFFFFF
1268	#AFA6D3	#FCFCFC
1269	#EDEBF6	#FEFEFE
1270	#DCD7EC	#FEFEFE
1271	#F7ECEB	#FFFFFF
1272	#F1E0DE	#FEFEFE
1273	#9085C3	#F9F9F9
1274	#FBFAFD	#FFFFFF
1275	#F8EEED	#FFFFFF
1276	#BEB6DB	#FCFCFC
1277	#EFEDF6	#FFFFFF
1278	#E9E5F3	#FEFEFE
1279	#EFEDF7	#FEFEFE
1280	#DED9ED	#FEFEFE
1281	#EEEBF6	#FEFEFE
1282	#F9F8FC	#FFFFFF
1283	#D5CFE8	#FEFEFE
1284	#ECD6D3	#FEFEFE
1285	#DDD8ED	#FEFEFE
1286	#EBD4D0	#FEFEFE
1287	#FEFDFD	#FFFFFF
1288	#CCC5E3	#FDFDFD
1289	#FBFAFD	#FFFFFF
1292	#FBFAFD	#FFFFFF
1293	#FBFAFD	#FFFFFF
1294	#CCC5E3	#FDFDFD
1295	#B7AFD8	#FDFDFD
1296	#B7AFD8	#FDFDFD
1297	#DEDAED	#FDFDFD
1298	#DEDAED	#FDFDFD
1299	#E8E5F3	#FEFEFE
1300	#A89ECF	#FBFBFB
1301	#B4ABD6	#F9F9F9
1302	#E5E1F1	#FEFEFE
1303	#DCD7EC	#FEFEFE
1304	#F1DFDD	#FEFEFE
1305	#EBD4D0	#FEFEFE
1306	#C4BDDF	#FCFCFC
1307	#C3BBDE	#FDFDFD
1308	#DCD8EC	#FEFEFE
1309	#E3E0F0	#FEFEFE
1310	#EAE7F4	#FEFEFE
1311	#F6F5FA	#FFFFFF
1312	#F6F4FA	#FFFFFF
1313	#FAF9FC	#FFFFFF
1314	#EFEDF6	#FEFEFE
1315	#FCF7F6	#FFFFFF
1316	#F9F8FC	#FFFFFF
1317	#D5CFE8	#FEFEFE
1318	#A79DCF	#FBFBFB
1319	#EDEAF5	#FEFEFE
1320	#EDEAF5	#FEFEFE
1321	#D4CEE7	#FDFDFD
1322	#DEDAED	#FEFEFE
1323	#DED9ED	#FEFEFE
1324	#C3BBDE	#FDFDFD
1325	#F7EDEC	#FFFFFF
1326	#FFFFFF	#FFFFFF
1327	#EFECF6	#FEFEFE
1328	#F1E0DD	#FEFEFE
1329	#DFDAED	#FDFDFD
1330	#EBE8F4	#FEFEFE
1331	#DDD8EC	#FEFEFE
1332	#E5E2F1	#FEFEFE
1333	#E9E6F3	#FEFEFE
1334	#D9AFAA	#FDFDFD
1335	#FAF9FC	#FFFFFF
1336	#EEECF6	#FFFFFF
1337	#E5E2F1	#FEFEFE
1338	#C4BDDF	#FCFCFC
1339	#FAF9FC	#FFFFFF
1340	#E4E1F1	#FEFEFE
1341	#DDD8EC	#FEFEFE
1343	#CCC6E3	#FDFDFD
1344	#A79DCF	#FBFBFB
1345	#C3BBDE	#FDFDFD
1346	#EFECF6	#FFFFFF
1347	#EEECF6	#FFFFFF
1348	#D0CAE6	#FCFCFC
1349	#BDB5DB	#FCFCFC
1350	#D5CFE8	#FEFEFE
1351	#F6F4FA	#FFFFFF
1352	#F9F9FC	#FFFFFF
1353	#D5CFE8	#FEFEFE
1354	#FBFBFD	#FFFFFF
1355	#FBFAFD	#FFFFFF
1356	#B7AED8	#FDFDFD
1357	#C3BBDE	#FDFDFD
1358	#EEEBF6	#FFFFFF
1359	#FAF9FC	#FFFFFF
1360	#B8B0D8	#FAFAFA
1361	#B8AFD8	#FDFDFD
1362	#F2F1F8	#FFFFFF
1363	#A197CC	#FBFBFB
1364	#DCD7EC	#FEFEFE
1365	#EFDCDA	#FEFEFE
1366	#FBF6F6	#FFFFFF
1367	#EFECF6	#FFFFFF
1368	#DDD8EC	#FEFEFE
1369	#F9F2F1	#FFFFFF
1370	#E6E2F1	#FEFEFE
1371	#C3BBDE	#FDFDFD
1372	#958AC5	#F9F9F9
1373	#C7C0E0	#FCFCFC
1374	#C5BEE0	#FCFCFC
1375	#D1CBE6	#FCFCFC
1376	#D4CFE8	#FEFEFE
1377	#F6F4FA	#FFFFFF
1378	#D4CEE7	#FDFDFD
1379	#DCD7EC	#FEFEFE
1380	#F4E5E3	#FEFEFE
1381	#E6C8C5	#FDFDFD
1382	#CDC6E4	#FCFCFC
1383	#C3BBDE	#FDFDFD
1384	#FBF6F5	#FFFFFF
1385	#D9B0AA	#FDFDFD
1387	#FAF9FC	#FFFFFF
1388	#F7ECEB	#FFFFFF
1389	#D4CFE8	#FEFEFE
1390	#E8E5F3	#FEFEFE
1391	#D3CEE7	#FDFDFD
1392	#D5CFE8	#FEFEFE
1393	#EDEBF5	#FEFEFE
1394	#E8E5F3	#FEFEFE
1395	#CCC5E3	#FDFDFD
1396	#F1E0DD	#FEFEFE
1397	#DDD8ED	#FEFEFE
1398	#D4CEE8	#FDFDFD
1399	#E8E5F3	#FEFEFE
1400	#F8EEED	#FFFFFF
1401	#F5F4FA	#FFFFFF
1402	#C4BDDF	#FCFCFC
1403	#F9F8FC	#FFFFFF
1404	#A79ECF	#FBFBFB
1405	#E8E5F3	#FEFEFE
1406	#CCC5E3	#FDFDFD
1407	#FAF9FC	#FFFFFF
1408	#AFA6D3	#FCFCFC
1409	#E9E5F3	#FEFEFE
1410	#9B91C8	#FAFAFA
1411	#ACA3D2	#F7F7F7
1412	#CCC6E3	#FAFAFA
1413	#C7C0E1	#FCFCFC
1414	#C5BDDF	#FCFCFC
1415	#FDFCFE	#FFFFFF
1416	#C4BDDF	#FCFCFC
1417	#FCF8F7	#FFFFFF
1418	#CCC5E3	#FDFDFD
1419	#B5ACD6	#F9F9F9
1420	#F1DFDD	#FEFEFE
1421	#CEC8E5	#FDFDFD
1422	#DCD7EC	#FEFEFE
1423	#E6E2F1	#FEFEFE
1424	#CBC5E3	#FCFCFC
1425	#A399CD	#F8F8F8
1426	#F7ECEA	#FFFFFF
1427	#DFDAED	#FDFDFD
1428	#FBF6F5	#FFFFFF
1429	#B2A9D5	#FAFAFA
1430	#EEECF6	#FEFEFE
1431	#F6F5FA	#FFFFFF
1432	#ADA4D3	#FAFAFA
1433	#EEECF6	#FFFFFF
1434	#FBFBFD	#FFFFFF
1435	#A89ECF	#FBFBFB
1436	#DDD8EC	#FEFEFE
1437	#FAF9FC	#FFFFFF
1438	#FBFAFD	#FFFFFF
1439	#A197CC	#FBFBFB
1440	#B8AFD8	#FDFDFD
1441	#E9E5F3	#FEFEFE
1442	#B7AFD8	#FDFDFD
1443	#C4BDDF	#FCFCFC
1444	#FEFDFD	#FFFFFF
1445	#D4CFE8	#FEFEFE
1446	#F1E0DD	#FEFEFE
1447	#FBF7F6	#FFFFFF
1448	#DED9ED	#FEFEFE
1449	#D5CFE8	#FEFEFE
1450	#B8AFD8	#FBFBFB
1451	#FAF9FC	#FFFFFF
1452	#AFA6D3	#FCFCFC
1453	#EFEDF6	#FEFEFE
1454	#EFECF6	#FEFEFE
1455	#CCC6E3	#FDFDFD
1456	#D3CEE7	#FDFDFD
1457	#CCC5E3	#FDFDFD
1458	#A79ECF	#FBFBFB
1459	#FAF9FC	#FFFFFF
1460	#D2CCE6	#FCFCFC
1461	#B2A9D5	#FAFAFA
1462	#DAD5EB	#FDFDFD
1463	#E7E3F2	#FEFEFE
1464	#EEEBF6	#FFFFFF
1465	#F7ECEB	#FFFFFF
1466	#9B90C8	#FAFAFA
1467	#D4CEE7	#FDFDFD
1468	#CCC6E3	#FDFDFD
1469	#EFECF6	#FEFEFE
1470	#CBC5E3	#FDFDFD
1471	#C4BDDF	#FCFCFC
1472	#CDC6E4	#FCFCFC
1473	#F6F5FA	#FFFFFF
1474	#F9F8FC	#FFFFFF
1475	#EDEAF5	#FEFEFE
1476	#FFFEFE	#FFFFFF
1477	#EEECF6	#FEFEFE
1478	#C4BDDF	#FCFCFC
1479	#E6E2F1	#FEFEFE
1480	#A89ECF	#FBFBFB
1481	#EDEBF5	#FEFEFE
1482	#FBFAFD	#FFFFFF
1483	#E9E6F3	#FEFEFE
1484	#DED9ED	#FEFEFE
1486	#DDD8EC	#FEFEFE
1487	#F7ECEB	#FFFFFF
1488	#EBD3D0	#FEFEFE
1489	#A79DCF	#FBFBFB
1490	#DDD9ED	#FEFEFE
1491	#F8EFED	#FFFFFF
1492	#FBF6F5	#FFFFFF
1493	#E6E2F1	#FEFEFE
1494	#FBF6F6	#FFFFFF
1495	#AFA6D3	#FCFCFC
1496	#DDD8EC	#FEFEFE
1497	#C3BBDE	#FDFDFD
1498	#C3BBDE	#FDFDFD
1499	#FAFAFC	#FFFFFF
1500	#B2A9D5	#FAFAFA
1501	#EEECF6	#FFFFFF
1502	#B7AFD8	#FDFDFD
1503	#C3BBDE	#FDFDFD
1504	#B7AFD8	#FDFDFD
1505	#A79DCF	#FBFBFB
1506	#FAF9FC	#FFFFFF
1507	#E6E2F1	#FEFEFE
1508	#EEECF6	#FFFFFF
1509	#EEECF6	#FFFFFF
1510	#E8CDC9	#FEFEFE
1511	#D4CEE8	#FDFDFD
1512	#CCC6E3	#FDFDFD
1513	#796FB6	#F4F4F4
1514	#D3CDE7	#FDFDFD
1515	#D5CFE8	#FDFDFD
1516	#C0B9DD	#FBFBFB
1517	#D4CFE8	#FDFDFD
1518	#DFDAEE	#FEFEFE
1519	#D1CBE6	#FCFCFC
1520	#C7C0E1	#FBFBFB
1521	#F9F1F0	#FFFFFF
1522	#C7C0E0	#FCFCFC
1523	#E5E1F1	#FEFEFE
1524	#DED9ED	#FEFEFE
1525	#E5E2F1	#FEFEFE
1526	#E8E5F2	#FEFEFE
1527	#D7D2E9	#FDFDFD
1528	#FEFCFC	#FFFFFF
1529	#CBC4E3	#FCFCFC
1530	#FAF9FC	#FFFFFF
1531	#EDEAF5	#FEFEFE
1532	#DDD8ED	#FDFDFD
1533	#A79DCF	#FBFBFB
1534	#FEFDFD	#FFFFFF
1535	#F6F5FA	#FFFFFF
1536	#FAF9FC	#FFFFFF
1537	#C3BBDE	#FDFDFD
1538	#D5CFE8	#FEFEFE
1539	#E1BEBA	#FEFEFE
1540	#B1A8D5	#FAFAFA
1541	#E9E5F3	#FEFEFE
1542	#FAFAFC	#FFFFFF
1543	#D3CEE7	#FDFDFD
1544	#FFFEFE	#FFFFFF
1545	#D3CEE7	#FDFDFD
1546	#E8E5F3	#FEFEFE
1547	#E5E2F1	#FEFEFE
1548	#D5CFE8	#FEFEFE
1549	#DDD8EC	#FEFEFE
1550	#E9E6F3	#FEFEFE
1551	#CEC8E4	#FCFCFC
1552	#C3BBDE	#FDFDFD
1553	#B7AFD8	#FDFDFD
1554	#D9B0AB	#FDFDFD
1555	#EFEDF6	#FFFFFF
1556	#B8AFD8	#FDFDFD
1557	#AFA6D3	#FCFCFC
1558	#FBFAFD	#FFFFFF
1559	#D4CFE8	#FEFEFE
1560	#AFA6D3	#FCFCFC
1561	#CEC8E4	#FDFDFD
1562	#D4CEE8	#FDFDFD
1563	#DEDAED	#FDFDFD
1564	#9085C2	#F9F9F9
1565	#D4CEE8	#FEFEFE
1566	#D7D1E9	#FDFDFD
1567	#9B91C8	#FAFAFA
1568	#DDD8EC	#FEFEFE
1569	#BEB6DC	#FCFCFC
1570	#EFEDF6	#FEFEFE
1571	#A89ECF	#F9F9F9
1572	#958BC5	#F9F9F9
1573	#F1DFDD	#FEFEFE
1574	#E5E1F1	#FEFEFE
1575	#FEFDFD	#FFFFFF
1576	#F9F1F0	#FFFFFF
1577	#D4CEE8	#FEFEFE
1578	#DED9ED	#FDFDFD
1579	#968BC6	#F9F9F9
1580	#D9D3EA	#FCFCFC
1581	#E4E1F1	#FEFEFE
1582	#D8D3EA	#FDFDFD
1583	#B7AED8	#FBFBFB
1584	#FAFAFC	#FFFFFF
1585	#E5E1F1	#FEFEFE
1586	#C3BBDE	#FDFDFD
1587	#F8EEED	#FFFFFF
1588	#F7ECEB	#FFFFFF
1589	#FBFAFD	#FFFFFF
1590	#BEB6DC	#FCFCFC
1591	#F7ECEB	#FFFFFF
1592	#EBD4D0	#FEFEFE
1593	#FAFAFD	#FFFFFF
1594	#DDD8EC	#FEFEFE
1596	#DCD7EC	#FEFEFE
1597	#D4CEE8	#FDFDFD
1598	#DDD8ED	#FEFEFE
1599	#D5CFE8	#FEFEFE
1600	#D5CFE8	#FDFDFD
1601	#F3E5E3	#FEFEFE
1602	#C3BBDE	#FDFDFD
1603	#DDD9ED	#FEFEFE
1604	#EEECF6	#FFFFFF
1605	#FBF6F6	#FFFFFF
1606	#EBD4D0	#FEFEFE
1607	#EFECF6	#FFFFFF
1608	#F6F5FA	#FFFFFF
1609	#DDD8EC	#FEFEFE
1610	#AFA6D3	#FCFCFC
1611	#DBD7EC	#FEFEFE
1612	#D1CBE6	#FCFCFC
1613	#D4CFE8	#FDFDFD
1614	#D8D2EA	#FDFDFD
1615	#DCD8EC	#FEFEFE
1616	#D5CFE8	#FDFDFD
1617	#DCD7EC	#FEFEFE
1618	#EEECF6	#FEFEFE
1619	#FAFAFC	#FFFFFF
1620	#E6E3F2	#FEFEFE
1621	#D4CFE8	#FDFDFD
1622	#ADA3D2	#FAFAFA
1623	#E4E1F1	#FEFEFE
1624	#E6E3F2	#FEFEFE
1625	#F7F5FA	#FFFFFF
1626	#958BC5	#F9F9F9
1627	#ECEAF5	#FEFEFE
1628	#D8D3EA	#FDFDFD
1629	#C5BEE0	#FCFCFC
1630	#ACA3D2	#FAFAFA
1631	#F6F4FA	#FFFFFF
1632	#C9928C	#FBFBFB
1633	#C6BFE0	#FCFCFC
1634	#C3BBDE	#FDFDFD
1635	#FBF6F6	#FFFFFF
1636	#C3BBDE	#FDFDFD
1637	#FAF9FC	#FFFFFF
1638	#F1DFDD	#FEFEFE
1639	#D5CFE8	#FEFEFE
1640	#DDD9ED	#FEFEFE
1641	#C9C2E2	#FBFBFB
1642	#F1DFDD	#FEFEFE
1643	#CBC5E3	#FDFDFD
1644	#F8EEED	#FFFFFF
1645	#E4E0F0	#FEFEFE
1646	#D7D2E9	#FDFDFD
1647	#FBFAFD	#FFFFFF
1648	#DDD8EC	#FEFEFE
1649	#E8E5F3	#FEFEFE
1650	#CBC4E3	#FDFDFD
1651	#D4CEE7	#FDFDFD
1652	#E6E3F2	#FEFEFE
1653	#F6F4FA	#FFFFFF
1654	#EFEDF7	#FFFFFF
1655	#DDD8ED	#FEFEFE
1656	#FBFAFD	#FFFFFF
1657	#E8E5F3	#FEFEFE
1658	#FBF6F5	#FFFFFF
1659	#EEECF6	#FEFEFE
1660	#E9E6F3	#FEFEFE
1661	#FBFAFD	#FFFFFF
1662	#D8D3EA	#FDFDFD
1663	#D3CDE7	#FCFCFC
1664	#FBFAFD	#FFFFFF
1665	#A197CC	#FBFBFB
1666	#E6E2F1	#FEFEFE
1667	#A197CC	#FBFBFB
1668	#B8B0D8	#FBFBFB
1669	#DCD7EC	#FEFEFE
1670	#EEECF6	#FFFFFF
1671	#D1CBE6	#FCFCFC
1672	#FEFCFC	#FFFFFF
1673	#8378BB	#F6F6F6
1674	#FAF9FC	#FFFFFF
1675	#FCFBFD	#FFFFFF
1676	#D7D2E9	#FDFDFD
1677	#C5BDDF	#FCFCFC
1678	#F1E0DD	#FEFEFE
1679	#EAE7F4	#FEFEFE
1680	#C1B9DD	#FBFBFB
1681	#EEEBF6	#FEFEFE
1682	#AFA5D3	#FCFCFC
1683	#F8EEED	#FFFFFF
1684	#D3CEE7	#FDFDFD
1685	#AEA5D3	#FCFCFC
1686	#F8EEED	#FFFFFF
1687	#B7AFD8	#FDFDFD
1688	#EFECF6	#FFFFFF
1689	#E4E1F1	#FEFEFE
1690	#D4CFE8	#FEFEFE
1691	#8C82C1	#F8F8F8
1692	#FAFAFC	#FFFFFF
1693	#E9E6F3	#FEFEFE
1694	#EBD4D0	#FEFEFE
1695	#E9E5F3	#FEFEFE
1696	#FBF6F5	#FFFFFF
1697	#E9E6F3	#FEFEFE
1698	#958AC5	#F9F9F9
1699	#D4CFE8	#FEFEFE
1700	#FBF6F6	#FFFFFF
1701	#FEFDFD	#FFFFFF
1702	#FBF7F6	#FFFFFF
1703	#AEA5D3	#FCFCFC
1704	#FAF9FC	#FFFFFF
1705	#DDD8EC	#FEFEFE
1706	#F1E0DE	#FEFEFE
1707	#B7AFD8	#FDFDFD
1708	#C3BBDE	#FDFDFD
1709	#DDD8ED	#FEFEFE
1710	#DCD8EC	#FEFEFE
1711	#CBC4E3	#FDFDFD
1712	#FBFBFD	#FFFFFF
1713	#EFEDF7	#FFFFFF
1714	#F9F1F0	#FFFFFF
1715	#D5CFE8	#FDFDFD
1716	#F0EDF7	#FFFFFF
1717	#BDB5DB	#FCFCFC
1718	#D1CAE6	#FCFCFC
1719	#D8D3EA	#FDFDFD
1720	#E6E2F1	#FEFEFE
1721	#A197CC	#FBFBFB
1722	#EDEBF5	#FEFEFE
1723	#B8AFD8	#FBFBFB
1724	#DDD9ED	#FEFEFE
1725	#AFA6D3	#FCFCFC
1726	#C2BBDE	#FBFBFB
1727	#E8E5F3	#FEFEFE
1728	#DCD8EC	#FEFEFE
1729	#E6E2F1	#FEFEFE
1730	#FBF6F6	#FFFFFF
1731	#C4BDDF	#FCFCFC
1732	#E4E0F0	#FEFEFE
1733	#AEA5D3	#FCFCFC
1734	#E8E5F3	#FEFEFE
1735	#F1DFDD	#FEFEFE
1736	#F1DFDD	#FEFEFE
1737	#F8EEEC	#FFFFFF
1738	#B7AFD8	#FDFDFD
1739	#DCD7EC	#FEFEFE
1740	#F9F9FC	#FFFFFF
1741	#EBD3D0	#FEFEFE
1742	#E7E3F2	#FEFEFE
1743	#F8EEED	#FFFFFF
1744	#ECD5D2	#FEFEFE
1745	#C3BBDE	#FDFDFD
1746	#BEB6DC	#FCFCFC
1747	#FBFAFD	#FFFFFF
1748	#F9F8FC	#FFFFFF
1749	#E8E5F3	#FEFEFE
1750	#DCD7EC	#FEFEFE
1751	#FAFAFD	#FFFFFF
1752	#DDD8EC	#FEFEFE
1753	#E4E1F0	#FEFEFE
1754	#D5CFE8	#FEFEFE
1755	#FBFAFD	#FFFFFF
1756	#B7AFD8	#FDFDFD
1757	#F9F1F0	#FFFFFF
1758	#FAF9FC	#FFFFFF
1761	#E4E1F1	#FEFEFE
1762	#D4CEE8	#FEFEFE
1763	#ECEAF5	#FEFEFE
1764	#E4E1F1	#FEFEFE
1765	#B7AED8	#FBFBFB
1766	#E9E6F3	#FEFEFE
1767	#D7D2E9	#FDFDFD
1768	#FBFAFD	#FFFFFF
1769	#BDB5DB	#FCFCFC
1770	#A89FD0	#F9F9F9
1771	#E5E2F1	#FEFEFE
1772	#D1CAE6	#FCFCFC
1773	#F3F1F8	#FFFFFF
1774	#968CC6	#F9F9F9
1775	#DED9ED	#FDFDFD
1776	#E5E1F1	#FEFEFE
1777	#E4E1F1	#FEFEFE
1778	#D8D3EA	#FDFDFD
1779	#F0EDF7	#FEFEFE
1780	#BEB6DC	#FCFCFC
1781	#D5CFE8	#FDFDFD
1782	#C6BFE0	#FBFBFB
1783	#F9F8FC	#FFFFFF
1784	#EBD4D0	#FEFEFE
1785	#DDD8EC	#FEFEFE
1786	#E1BEBA	#FEFEFE
1787	#F1E0DD	#FEFEFE
1788	#C3BBDE	#FDFDFD
1789	#F8EEED	#FFFFFF
1790	#F6F5FA	#FFFFFF
1791	#FEFCFC	#FFFFFF
1792	#EEECF6	#FEFEFE
1793	#FEFCFC	#FFFFFF
1794	#EFECF6	#FFFFFF
1795	#CBC5E3	#FDFDFD
1796	#B7AFD8	#FDFDFD
1797	#DBD6EC	#FEFEFE
1798	#C3BBDE	#FDFDFD
1799	#B7AFD8	#FDFDFD
1800	#F8EEED	#FFFFFF
1801	#DDD8EC	#FEFEFE
1802	#DDD8ED	#FEFEFE
1803	#B8AFD8	#FAFAFA
1804	#A79ECF	#FBFBFB
1805	#CBC5E3	#FDFDFD
1806	#FBFAFD	#FFFFFF
1807	#DDD9ED	#FEFEFE
1808	#E9E6F3	#FEFEFE
1809	#E9E6F3	#FEFEFE
1810	#B7AFD8	#FDFDFD
1811	#BEB6DC	#FCFCFC
1812	#C3BBDE	#FDFDFD
1813	#C4BDDF	#FCFCFC
1814	#D3CDE7	#FCFCFC
1815	#C4BCDF	#FCFCFC
1816	#F1E0DE	#FEFEFE
1817	#F9F8FC	#FFFFFF
1818	#FFFFFF	#FFFFFF
1819	#AFA6D3	#FCFCFC
1820	#E5E1F1	#FEFEFE
1821	#DEDAED	#FDFDFD
1822	#A79ECF	#FBFBFB
1823	#D4CFE8	#FDFDFD
1824	#D5D0E8	#FCFCFC
1825	#C7C0E1	#FCFCFC
1826	#ADA3D2	#F8F8F8
1827	#D1CBE6	#FCFCFC
1828	#C7C0E1	#FCFCFC
1829	#FFFFFE	#FFFFFF
1830	#CDC7E4	#FCFCFC
1831	#CCC6E3	#FDFDFD
1832	#EFEDF6	#FEFEFE
1833	#ECE9F5	#FEFEFE
1834	#FBF6F5	#FFFFFF
1835	#D4CEE8	#FDFDFD
1836	#CBC5E3	#FDFDFD
1837	#FBFAFD	#FFFFFF
1838	#E5E1F1	#FEFEFE
1839	#D5CFE8	#FEFEFE
1840	#F8EEED	#FFFFFF
1841	#EBD4D0	#FEFEFE
1842	#ECD6D3	#FEFEFE
1843	#E5E2F1	#FEFEFE
1844	#C3BBDE	#FDFDFD
1845	#DCD8EC	#FEFEFE
1846	#E8E5F3	#FEFEFE
1848	#FBF6F6	#FFFFFF
1849	#F7EDEB	#FFFFFF
1850	#E4E0F0	#FEFEFE
1851	#D4CEE7	#FDFDFD
1852	#8A80C0	#F8F8F8
1853	#DDD8EC	#FEFEFE
1854	#F9F1F0	#FFFFFF
1855	#EFECF6	#FFFFFF
1856	#D5CFE8	#FEFEFE
1857	#EBD4D0	#FEFEFE
1858	#F9F8FC	#FFFFFF
1859	#E1BEBA	#FEFEFE
1860	#FAF9FC	#FFFFFF
1861	#EEECF6	#FFFFFF
1862	#EFECF6	#FFFFFF
1863	#F1DFDD	#FEFEFE
1864	#EEECF6	#FEFEFE
1865	#AEA5D3	#FCFCFC
1866	#EDEAF5	#FEFEFE
1867	#EFECF6	#FEFEFE
1868	#A197CC	#FBFBFB
1869	#DED9ED	#FEFEFE
1870	#F1DFDD	#FEFEFE
1871	#B8AFD8	#FAFAFA
1872	#C8C1E1	#FCFCFC
1873	#867CBD	#F7F7F7
1874	#DCD7EC	#FEFEFE
1875	#B7AED8	#FAFAFA
1876	#CBC5E3	#FCFCFC
1877	#CCC5E3	#FDFDFD
1878	#BCB4DB	#FBFBFB
1879	#F9F8FC	#FFFFFF
1880	#F3F1F8	#FFFFFF
1881	#DCD7EC	#FEFEFE
1882	#F6F5FA	#FFFFFF
1883	#CCC6E3	#FDFDFD
1884	#C1B9DD	#FBFBFB
1885	#D3CEE7	#FDFDFD
1886	#CCC5E3	#FDFDFD
1887	#CCC5E3	#FDFDFD
1888	#DDD8ED	#FEFEFE
1889	#DCD8EC	#FEFEFE
1890	#C3BBDE	#FDFDFD
1891	#FBF6F5	#FFFFFF
1892	#E9E6F3	#FEFEFE
1893	#E4E0F0	#FEFEFE
1894	#FAF9FC	#FFFFFF
1895	#FBF7F6	#FFFFFF
1896	#D9B0AA	#FDFDFD
1897	#EBD4D0	#FEFEFE
1898	#D5CFE8	#FEFEFE
1899	#D5CFE8	#FEFEFE
1900	#D5CFE8	#FEFEFE
1901	#E1BEBA	#FEFEFE
1902	#D9B0AA	#FDFDFD
1903	#FBFAFD	#FFFFFF
1904	#E9E6F3	#FEFEFE
1905	#EFEDF6	#FEFEFE
1906	#EEECF6	#FFFFFF
1907	#A89ECF	#FBFBFB
1908	#D5CFE8	#FEFEFE
1909	#C3BBDE	#FDFDFD
1910	#D4CEE8	#FEFEFE
1911	#D4CFE8	#FEFEFE
1912	#E8E5F3	#FEFEFE
1913	#ECD5D2	#FEFEFE
1914	#DEDAED	#FEFEFE
1915	#D4CEE7	#FDFDFD
1916	#D4CEE8	#FEFEFE
1917	#958BC5	#F9F9F9
1918	#D2CCE7	#FCFCFC
1919	#998FC7	#F5F5F5
1920	#D4CEE8	#FDFDFD
1921	#C2BBDE	#FBFBFB
1922	#F9F1F0	#FFFFFF
1923	#E5E1F1	#FEFEFE
1924	#DEDAED	#FDFDFD
1925	#D4CFE8	#FDFDFD
1926	#E5E1F1	#FDFDFD
1927	#DDD8ED	#FEFEFE
1928	#E1DCEF	#FDFDFD
1929	#EAE7F4	#FEFEFE
1930	#E9E6F3	#FEFEFE
1931	#F2F0F8	#FEFEFE
1932	#A79DCF	#FBFBFB
1933	#D4CEE7	#FDFDFD
1934	#B8AFD8	#FDFDFD
1935	#FBF6F5	#FFFFFF
1936	#B7AFD8	#FDFDFD
1937	#F3E5E3	#FEFEFE
1938	#EBD4D0	#FEFEFE
1939	#FAFAFC	#FFFFFF
1940	#FBFBFD	#FFFFFF
1941	#E9E6F3	#FEFEFE
1942	#ECD6D3	#FEFEFE
1943	#F9F8FC	#FFFFFF
1944	#F9F8FC	#FFFFFF
1945	#E1BEBA	#FEFEFE
1946	#DDD8ED	#FEFEFE
1947	#D4CFE8	#FEFEFE
1948	#F9F9FC	#FFFFFF
1950	#C3BBDE	#FDFDFD
1951	#FBFBFD	#FFFFFF
1952	#EBD3D0	#FEFEFE
1953	#FAF9FC	#FFFFFF
1954	#D3CEE7	#FDFDFD
1955	#AFA5D3	#FCFCFC
1956	#D4CFE8	#FEFEFE
1957	#B8AFD8	#FDFDFD
1958	#D5CFE8	#FEFEFE
1959	#ECD6D3	#FEFEFE
1960	#DDD9ED	#FEFEFE
1961	#C4BDDF	#FCFCFC
1962	#C3BBDE	#FDFDFD
1963	#D5CFE8	#FEFEFE
1964	#DEDAED	#FEFEFE
1965	#E2DEEF	#FDFDFD
1966	#C7C0E1	#FCFCFC
1967	#EAE7F4	#FEFEFE
1968	#DCD7EC	#FEFEFE
1969	#EFEDF6	#FEFEFE
1970	#EEECF6	#FFFFFF
1971	#B7AFD8	#F8F8F8
1972	#B8B0D9	#FBFBFB
1973	#DCD7EC	#FEFEFE
1974	#CFC8E5	#FCFCFC
1975	#E5E1F1	#FEFEFE
1976	#A89ED0	#F9F9F9
1977	#D9B0AA	#FDFDFD
1978	#F7F6FB	#FFFFFF
1979	#D8D3EA	#FDFDFD
1980	#E6E3F2	#FEFEFE
1981	#BDB5DB	#FBFBFB
1982	#E8E5F3	#FEFEFE
1983	#FCFBFD	#FFFFFF
1984	#DDD9ED	#FEFEFE
1985	#E4E1F1	#FEFEFE
1986	#D7D2E9	#FDFDFD
1987	#ECD5D2	#FEFEFE
1988	#DDD8ED	#FEFEFE
1989	#EED9D6	#FEFEFE
1990	#B7AFD8	#FDFDFD
1991	#C3BBDE	#FDFDFD
1992	#C3BBDE	#FDFDFD
1993	#C3BBDE	#FDFDFD
1994	#CCC5E3	#FDFDFD
1995	#E9CECA	#FEFEFE
1996	#D4CFE8	#FEFEFE
1997	#C5BEDF	#FCFCFC
1998	#C3BBDE	#FDFDFD
1999	#DDD8EC	#FEFEFE
2000	#F1DFDD	#FEFEFE
2001	#FAF9FC	#FFFFFF
2002	#E9E6F3	#FEFEFE
2003	#DEDAED	#FEFEFE
2004	#A79DCF	#FBFBFB
2005	#958AC5	#F9F9F9
2006	#E9E5F3	#FEFEFE
2007	#FBFAFD	#FFFFFF
2008	#C3BBDE	#FDFDFD
2009	#AFA5D3	#FCFCFC
2010	#9A90C8	#FAFAFA
2011	#B7AED8	#FDFDFD
2012	#F1DFDD	#FEFEFE
2013	#F8EEED	#FFFFFF
2014	#E1BEBA	#FEFEFE
2015	#CCC5E3	#FDFDFD
2016	#ECD5D2	#FEFEFE
2017	#E9E5F3	#FEFEFE
2018	#EFECF6	#FEFEFE
2019	#E4E1F1	#FEFEFE
2020	#FDFBFA	#FFFFFF
2021	#E6E3F2	#FEFEFE
2022	#D9D4EA	#FDFDFD
2023	#F4E5E3	#FEFEFE
2024	#DDD8ED	#FEFEFE
2025	#F6F5FA	#FFFFFF
2026	#E5E1F1	#FEFEFE
2027	#CBC5E3	#FDFDFD
2028	#AEA5D3	#FCFCFC
2029	#E6E3F2	#FEFEFE
2030	#D3CDE7	#FCFCFC
2031	#FEFEFE	#FFFFFF
2032	#E5E1F1	#FEFEFE
2033	#F8EEED	#FFFFFF
2034	#C2BADE	#FBFBFB
2035	#EFECF6	#FFFFFF
2036	#F8EEED	#FFFFFF
2037	#B7AFD8	#FDFDFD
2038	#CBC5E3	#FDFDFD
2039	#F4E5E3	#FEFEFE
2040	#EEEBF6	#FFFFFF
2041	#B7AFD8	#FDFDFD
2042	#B7AFD8	#FDFDFD
2043	#FBFAFD	#FFFFFF
2044	#FAF9FC	#FFFFFF
2045	#CDC7E4	#FCFCFC
2046	#FBF6F5	#FFFFFF
2047	#D4CEE8	#FDFDFD
2048	#A79DCF	#FBFBFB
2049	#FAFAFC	#FFFFFF
2052	#F1DFDD	#FEFEFE
2053	#DDD8EC	#FEFEFE
2054	#E8E5F3	#FEFEFE
2055	#E5E1F1	#FEFEFE
2056	#D8D3EA	#FDFDFD
2057	#D5CFE8	#FEFEFE
2058	#DCD8EC	#FEFEFE
2059	#B8AFD8	#FDFDFD
2060	#EBD4D0	#FEFEFE
2061	#E1BEBA	#FEFEFE
2062	#F9F8FC	#FFFFFF
2063	#FBFAFD	#FFFFFF
2064	#E8E5F3	#FEFEFE
2065	#D9B0AB	#FDFDFD
2066	#B8AFD8	#F8F8F8
2067	#FFFFFF	#FFFFFF
2068	#D4CEE8	#FDFDFD
2069	#D5CFE8	#FDFDFD
2070	#B4ABD6	#F9F9F9
2071	#B8AFD8	#FBFBFB
2072	#E4E0F0	#FEFEFE
2073	#E1DDEF	#FDFDFD
2074	#E4E1F1	#FEFEFE
2075	#E5E1F1	#FEFEFE
2076	#EEECF6	#FFFFFF
2077	#E4E0F0	#FEFEFE
2078	#E6E3F2	#FEFEFE
2079	#F7ECEB	#FFFFFF
2080	#EAE7F4	#FEFEFE
2081	#C7BFE0	#FCFCFC
2082	#E4E1F1	#FEFEFE
2083	#BEB6DB	#FCFCFC
2084	#FCFBFD	#FFFFFF
2085	#DBD6EC	#FEFEFE
2086	#E8E5F3	#FEFEFE
2087	#FBFAFD	#FFFFFF
2088	#D7D2E9	#FDFDFD
2089	#E4E0F0	#FEFEFE
2090	#D4A5A0	#FCFCFC
2091	#ECD4D1	#FEFEFE
2092	#C5BEDF	#FCFCFC
2093	#FEFDFC	#FFFFFF
2094	#D5CFE8	#FEFEFE
2095	#D5CFE8	#FEFEFE
2096	#B8AFD8	#FDFDFD
2098	#C3BBDE	#FDFDFD
2099	#C3BBDE	#FDFDFD
2100	#C3BBDE	#FDFDFD
2101	#B7AFD8	#FDFDFD
2102	#D4CFE8	#FEFEFE
2104	#FBF6F6	#FFFFFF
2105	#FAF9FC	#FFFFFF
2106	#E2DEEF	#FDFDFD
2108	#F1DFDD	#FEFEFE
2109	#D4CFE8	#FEFEFE
2110	#C3BBDE	#FDFDFD
2111	#FBFAFD	#FFFFFF
2113	#E9E6F3	#FEFEFE
2114	#F9F8FC	#FFFFFF
2115	#F7ECEB	#FFFFFF
2116	#EEECF6	#FFFFFF
2117	#D4CFE8	#FDFDFD
2118	#EEECF6	#FFFFFF
2119	#AFA5D3	#FCFCFC
2120	#FBFAFD	#FFFFFF
2121	#FBFAFD	#FFFFFF
2122	#F6F5FA	#FFFFFF
2123	#DDD8ED	#FEFEFE
2124	#E6E3F2	#FEFEFE
2125	#ACA3D2	#FAFAFA
2126	#D4CEE7	#FDFDFD
2127	#CCC5E3	#FCFCFC
2128	#DCD7EC	#FEFEFE
2129	#EAE7F4	#FEFEFE
2130	#E8E5F3	#FEFEFE
2131	#E4E1F1	#FEFEFE
2132	#F0DCDA	#FEFEFE
2133	#F9F2F1	#FFFFFF
2134	#EFECF6	#FFFFFF
2135	#A197CC	#FBFBFB
2136	#C3BBDE	#FDFDFD
2137	#FEFDFD	#FFFFFF
2138	#C3BBDE	#FDFDFD
2139	#A79ECF	#FBFBFB
2140	#A197CC	#FBFBFB
2141	#DCD8EC	#FEFEFE
2142	#FBF6F6	#FFFFFF
2144	#DDD8EC	#FEFEFE
2145	#FAFAFC	#FFFFFF
2146	#EFECF6	#FEFEFE
2147	#C3BBDE	#FDFDFD
2149	#C3BBDE	#FDFDFD
2150	#AFA5D3	#FCFCFC
2151	#EBD4D0	#FEFEFE
2152	#E4E1F1	#FEFEFE
2153	#E5E1F1	#FEFEFE
2154	#FBF7F6	#FFFFFF
2155	#E1BEBA	#FEFEFE
2156	#FBF6F6	#FFFFFF
2157	#C7C0E1	#FCFCFC
2158	#E1BEB9	#FEFEFE
2159	#C3BBDE	#FDFDFD
2161	#D4CFE8	#FEFEFE
2162	#FAF9FC	#FFFFFF
2163	#DDD8EC	#FEFEFE
2164	#DCD7EC	#FEFEFE
2165	#E9E6F3	#FEFEFE
2166	#D0C9E5	#FBFBFB
2167	#D8D2EA	#FDFDFD
2168	#E6E2F1	#FEFEFE
2169	#D4CEE7	#FDFDFD
2170	#EFECF6	#FEFEFE
2171	#E5E1F1	#FEFEFE
2172	#EFEDF6	#FEFEFE
2173	#AFA6D3	#FCFCFC
2174	#EEEBF6	#FEFEFE
2175	#9B90C8	#FAFAFA
2176	#9A90C8	#FAFAFA
2177	#F7EDEB	#FFFFFF
2178	#958BC5	#F9F9F9
2179	#D7D2E9	#FDFDFD
2180	#DCD7EC	#FEFEFE
2181	#E4E1F1	#FEFEFE
2182	#DDD8ED	#FEFEFE
2183	#EEECF6	#FFFFFF
2184	#F6F5FA	#FFFFFF
2185	#C2BADE	#FBFBFB
2186	#D3CDE7	#FDFDFD
2187	#F7EDEB	#FFFFFF
2188	#E9E6F3	#FEFEFE
2189	#FBF6F5	#FFFFFF
2190	#E8E5F3	#FEFEFE
2191	#A096CB	#FBFBFB
2192	#DEDAED	#FEFEFE
2193	#F2E1DF	#FEFEFE
2194	#E8E5F3	#FEFEFE
2195	#EBD4D0	#FEFEFE
2196	#B8B0D9	#FBFBFB
2197	#A197CC	#FBFBFB
2199	#C3BBDE	#FDFDFD
2200	#B7AFD8	#FDFDFD
2201	#DDD8EC	#FEFEFE
2203	#A79ECF	#FBFBFB
2204	#D9B0AA	#FDFDFD
2205	#F9F9FC	#FFFFFF
2206	#CBC4E3	#FDFDFD
2207	#C7BFE0	#FBFBFB
2208	#D5CFE8	#FEFEFE
2209	#E1BEBA	#FEFEFE
2210	#B7AFD8	#FDFDFD
2211	#F1DFDD	#FEFEFE
2212	#C3BBDE	#FDFDFD
2213	#B7AFD8	#FDFDFD
2214	#D3CDE7	#FDFDFD
2215	#F7ECEB	#FFFFFF
2216	#EFEDF6	#FEFEFE
2217	#C5BDDF	#FCFCFC
2218	#EEECF6	#FFFFFF
2219	#CCC6E3	#FDFDFD
2220	#CDC7E4	#FCFCFC
2221	#E4E1F1	#FEFEFE
2222	#BDB5DB	#FBFBFB
2223	#D0CAE6	#FCFCFC
2224	#DDD9ED	#FDFDFD
2225	#D4CEE7	#FDFDFD
2226	#CCC5E3	#FDFDFD
2227	#D3CEE7	#FDFDFD
2228	#E6E2F1	#FEFEFE
2229	#FBFBFD	#FFFFFF
2230	#DCD7EC	#FEFEFE
2231	#EEECF6	#FEFEFE
2232	#F9F9FC	#FFFFFF
2233	#AFA6D3	#FCFCFC
2234	#A197CC	#FBFBFB
2235	#F6F4FA	#FFFFFF
2236	#EFECF6	#FEFEFE
2237	#B8AFD8	#FDFDFD
2238	#D4CEE7	#FDFDFD
2239	#E7E3F2	#FEFEFE
2240	#D4CFE8	#FEFEFE
2241	#DDD9ED	#FEFEFE
2242	#AEA5D3	#FCFCFC
2243	#F2F0F8	#FFFFFF
2244	#E9E5F3	#FEFEFE
2245	#E8E5F3	#FEFEFE
2246	#FAF9FC	#FFFFFF
2247	#C6BFE0	#FBFBFB
2249	#FAF9FC	#FFFFFF
2250	#FAF9FC	#FFFFFF
2251	#D4CFE8	#FEFEFE
2252	#E9E5F3	#FEFEFE
2253	#AFA5D3	#FCFCFC
2254	#D5CFE8	#FEFEFE
2256	#E8E5F3	#FEFEFE
2257	#E8E5F3	#FEFEFE
2258	#CCC5E3	#FDFDFD
2259	#DDD8EC	#FEFEFE
2260	#D3CEE7	#FDFDFD
2261	#E8E5F3	#FEFEFE
2262	#E9E6F3	#FEFEFE
2263	#EEECF6	#FFFFFF
2264	#E6E3F2	#FEFEFE
2265	#D5CFE8	#FEFEFE
2266	#FBFAFD	#FFFFFF
2267	#B1A8D5	#FAFAFA
2268	#C2BADE	#FBFBFB
2269	#F5F4FA	#FFFFFF
2270	#D4CFE8	#FDFDFD
2271	#E6E2F1	#FEFEFE
2272	#AEA5D3	#FCFCFC
2273	#EBE9F4	#FEFEFE
2274	#E1DDEF	#FDFDFD
2275	#BCB4DB	#FBFBFB
2276	#D4CEE7	#FDFDFD
2277	#FAF9FC	#FFFFFF
2278	#C3BBDE	#FDFDFD
2279	#E9E5F3	#FEFEFE
2280	#F9F8FC	#FFFFFF
2281	#E1BEBA	#FEFEFE
2282	#FBFAFD	#FFFFFF
2283	#A79DCF	#FBFBFB
2284	#D5CFE8	#FDFDFD
2285	#E6E2F1	#FEFEFE
2286	#E6E2F1	#FEFEFE
2287	#D3CEE7	#FDFDFD
2288	#FAF9FC	#FFFFFF
2289	#F9F9FC	#FFFFFF
2291	#C3BBDE	#FDFDFD
2292	#FAF9FC	#FFFFFF
2293	#F1E0DD	#FEFEFE
2294	#EFEDF7	#FFFFFF
2295	#C3BBDE	#FDFDFD
2296	#FBFAFD	#FFFFFF
2297	#F7ECEA	#FFFFFF
2298	#EBD4D0	#FEFEFE
2299	#FAF9FC	#FFFFFF
2301	#EBD4D0	#FEFEFE
2302	#EEECF6	#FFFFFF
2303	#C3BBDE	#FDFDFD
2304	#E1BEBA	#FEFEFE
2305	#C3BBDE	#FDFDFD
2306	#FAFAFC	#FFFFFF
2307	#FBFAFD	#FFFFFF
2308	#F3F1F8	#FFFFFF
2309	#F8EEED	#FFFFFF
2310	#FBF6F6	#FFFFFF
2311	#FBFAFD	#FFFFFF
2312	#C3BBDE	#FDFDFD
2313	#C8C1E1	#FCFCFC
2314	#E4E1F1	#FEFEFE
2315	#FAF9FC	#FFFFFF
2316	#FAF9FC	#FFFFFF
2317	#F1E0DE	#FEFEFE
2318	#FBFAFD	#FFFFFF
2319	#EEECF6	#FFFFFF
2320	#F8EEED	#FFFFFF
2321	#EEECF6	#FFFFFF
2322	#FBFAFD	#FFFFFF
2323	#C3BBDE	#FDFDFD
2324	#C2BBDE	#FBFBFB
2325	#FFFFFF	#FFFFFF
2326	#E5E1F1	#FEFEFE
2327	#FAF9FC	#FFFFFF
2328	#FAFAFC	#FFFFFF
2329	#B7AFD8	#FDFDFD
2330	#DCD7EC	#FEFEFE
2331	#F9F1F0	#FFFFFF
2332	#F2E1DF	#FEFEFE
2333	#DDD8ED	#FEFEFE
2334	#E8E5F3	#FEFEFE
2335	#BEB6DB	#FCFCFC
2336	#A197CC	#FBFBFB
2337	#EEECF6	#FFFFFF
2338	#C4BCDF	#FCFCFC
2339	#D3CDE7	#FDFDFD
2340	#DDD9ED	#FEFEFE
2341	#B8AFD8	#FDFDFD
2342	#EFDCD9	#FEFEFE
2343	#DDD8EC	#FEFEFE
2344	#FBF6F6	#FFFFFF
2345	#F6F4FA	#FFFFFF
2346	#D4CFE8	#FEFEFE
2347	#F5F4FA	#FFFFFF
2348	#EDEAF5	#FEFEFE
2349	#EEECF6	#FFFFFF
2350	#D4CEE8	#FEFEFE
2351	#B8AFD8	#FDFDFD
2352	#DEB9B5	#FCFCFC
2353	#D5CFE8	#FEFEFE
2354	#FBFAFD	#FFFFFF
2355	#D9AFAA	#FDFDFD
2356	#FBFAFD	#FFFFFF
2357	#D4CFE8	#FEFEFE
2358	#FAFAFC	#FFFFFF
2359	#EBD4D0	#FEFEFE
2360	#ECD5D2	#FEFEFE
2361	#D4CEE7	#FDFDFD
2362	#ECD5D2	#FEFEFE
2363	#E9E6F3	#FEFEFE
2364	#D4CFE8	#FDFDFD
2365	#B7AFD8	#FDFDFD
2366	#EFECF6	#FFFFFF
2367	#E8E5F3	#FEFEFE
2368	#AFA5D3	#FCFCFC
2369	#D3CDE7	#FDFDFD
2370	#E1BEBA	#FEFEFE
2371	#DDD8ED	#FEFEFE
2372	#FAF9FC	#FFFFFF
2373	#FBFAFD	#FFFFFF
2374	#F7EDEC	#FEFEFE
2375	#C6BFE0	#FBFBFB
2376	#E5E2F1	#FEFEFE
2377	#DBD7EC	#FEFEFE
2378	#CEC7E4	#FDFDFD
2379	#DED9ED	#FDFDFD
2380	#DEDAED	#FEFEFE
2381	#EEEBF6	#FEFEFE
2382	#D3CEE7	#FDFDFD
2383	#D4CEE8	#FEFEFE
2384	#F9F8FC	#FFFFFF
2385	#F1DFDD	#FEFEFE
2386	#FBF6F5	#FFFFFF
2387	#CCC5E3	#FDFDFD
2388	#D3CEE7	#FDFDFD
2389	#FBF6F5	#FFFFFF
2390	#DCD7EC	#FEFEFE
2391	#F9F8FC	#FFFFFF
2392	#EEECF6	#FFFFFF
2393	#D4CEE8	#FDFDFD
2394	#B1A8D5	#FAFAFA
2395	#EEECF6	#FFFFFF
2396	#AFA6D3	#FCFCFC
2397	#EFEDF6	#FEFEFE
2398	#E8E4F2	#FEFEFE
2399	#D4CFE8	#FEFEFE
2400	#EBD4D0	#FEFEFE
2401	#C3BBDE	#FDFDFD
2402	#DDD8ED	#FEFEFE
2403	#DDD8EC	#FEFEFE
2404	#F7F5FA	#FFFFFF
2405	#E8E5F3	#FEFEFE
2406	#FBFBFD	#FFFFFF
2407	#D5CFE8	#FEFEFE
2408	#D4CFE8	#FEFEFE
2409	#DEDAED	#FDFDFD
2410	#C3BBDE	#FDFDFD
2411	#DDD8EC	#FEFEFE
2412	#FAF9FC	#FFFFFF
2413	#EBD3D0	#FEFEFE
2414	#C3BBDE	#FDFDFD
2415	#FEFCFC	#FFFFFF
2416	#A197CC	#FBFBFB
2417	#E8E5F3	#FEFEFE
2418	#E6E2F1	#FEFEFE
2419	#CCC5E3	#FDFDFD
2420	#E4E0F0	#FEFEFE
2421	#B7AED8	#FBFBFB
2422	#CDC7E4	#FCFCFC
2423	#F6F5FA	#FFFFFF
2424	#C6BFE0	#FAFAFA
2425	#CBC4E3	#FCFCFC
2426	#DDD9ED	#FEFEFE
2427	#DCD7EC	#FEFEFE
2428	#EFEDF6	#FEFEFE
2429	#F9F8FC	#FFFFFF
2430	#CBC5E3	#FCFCFC
2431	#F6F5FA	#FFFFFF
2432	#F1E0DD	#FEFEFE
2433	#E4E1F1	#FEFEFE
2434	#AFA6D3	#FCFCFC
2435	#FEFEFE	#FFFFFF
2436	#EEECF6	#FFFFFF
2437	#FBF6F5	#FFFFFF
2438	#D8D2EA	#FDFDFD
2439	#D4CEE8	#FEFEFE
2440	#DDD9ED	#FEFEFE
2441	#DDD8EC	#FEFEFE
2442	#AFA6D3	#FCFCFC
2443	#D7D2EA	#FDFDFD
2444	#FEFDFD	#FFFFFF
2445	#F7ECEB	#FFFFFF
2446	#F1DFDD	#FEFEFE
2447	#CCC5E3	#FDFDFD
2448	#E8E5F3	#FEFEFE
2449	#C4BCDF	#FCFCFC
2450	#E8E5F3	#FEFEFE
2451	#F8EEED	#FFFFFF
2452	#D9B0AB	#FDFDFD
2453	#E8E5F3	#FEFEFE
2454	#EBD4D0	#FEFEFE
2455	#D3CEE7	#FDFDFD
2456	#E8E5F3	#FEFEFE
2457	#D4CEE7	#FDFDFD
2458	#FAFAFC	#FFFFFF
2459	#D4CFE8	#FEFEFE
2460	#FBF5F5	#FFFFFF
2462	#CBC5E3	#FDFDFD
2463	#F1DFDD	#FEFEFE
2464	#E4E0F0	#FEFEFE
2465	#9B91C8	#FAFAFA
2466	#D4CEE8	#FEFEFE
2467	#A89ED0	#FBFBFB
2468	#D4CEE8	#FDFDFD
2469	#EFECF6	#FEFEFE
2470	#C4BDDF	#FCFCFC
2471	#D7D1E9	#FDFDFD
2472	#DED9ED	#FEFEFE
2473	#F0EDF7	#FFFFFF
2474	#B7AFD8	#FBFBFB
2475	#EDEBF5	#FEFEFE
2476	#D3CEE7	#FDFDFD
2477	#A197CC	#FBFBFB
2478	#EDEAF5	#FEFEFE
2479	#FBFAFD	#FFFFFF
2480	#FEFCFC	#FFFFFF
2481	#8B81C0	#F8F8F8
2482	#A197CC	#FBFBFB
2483	#F8EEED	#FFFFFF
2484	#DDD8EC	#FEFEFE
2485	#A197CC	#FBFBFB
2486	#DDD9ED	#FEFEFE
2487	#FAF9FC	#FFFFFF
2488	#D3CDE7	#FCFCFC
2489	#E1BEBA	#FEFEFE
2490	#FAF9FC	#FFFFFF
2491	#F8EEED	#FFFFFF
2492	#C3BBDE	#FDFDFD
2493	#EFEDF6	#FEFEFE
2494	#CBC4E3	#FDFDFD
2495	#A197CC	#FBFBFB
2496	#F1DFDD	#FEFEFE
2497	#BEB6DB	#FCFCFC
2498	#BEB6DC	#FCFCFC
2499	#F6F5FA	#FFFFFF
2500	#FAFAFC	#FFFFFF
2501	#EEECF6	#FFFFFF
2502	#D4CFE8	#FEFEFE
2503	#E1BEBA	#FEFEFE
2504	#FAF9FC	#FFFFFF
2505	#D5CFE8	#FEFEFE
2506	#AFA6D3	#FCFCFC
2507	#DDD8ED	#FEFEFE
2509	#EBD4D0	#FEFEFE
2510	#F6F5FA	#FFFFFF
2511	#D5CFE8	#FEFEFE
2512	#D5CFE8	#FEFEFE
2513	#C3BBDE	#FDFDFD
2514	#FAF9FC	#FFFFFF
2515	#F8EEED	#FFFFFF
2516	#EBD4D0	#FEFEFE
2517	#FAFAFC	#FFFFFF
2518	#EFECF6	#FEFEFE
2519	#F9F9FC	#FFFFFF
2520	#DEDAED	#FEFEFE
2521	#E6E3F2	#FEFEFE
2522	#CCC5E3	#FCFCFC
2523	#D5CFE8	#FCFCFC
2524	#D2CCE7	#FCFCFC
2525	#DEDAED	#FDFDFD
2526	#A197CC	#FBFBFB
2527	#FBF6F5	#FFFFFF
2528	#C8C1E1	#FCFCFC
2529	#D7D2E9	#FDFDFD
2530	#B3AAD6	#F9F9F9
2531	#DCD8EC	#FEFEFE
2532	#EFECF6	#FEFEFE
2533	#F2F0F8	#FFFFFF
2534	#D4CEE7	#FDFDFD
2535	#C8C1E1	#FAFAFA
2536	#D7D2E9	#FDFDFD
2537	#E4E0F0	#FEFEFE
2538	#AEA5D3	#FCFCFC
2539	#EAE7F4	#FEFEFE
2540	#A79ECF	#FBFBFB
2541	#E4E1F1	#FEFEFE
2542	#F9F1F0	#FFFFFF
2543	#FEFCFC	#FFFFFF
2544	#D4CEE8	#FEFEFE
2545	#EEECF6	#FFFFFF
2546	#B1A7D4	#FAFAFA
2547	#C5BEDF	#FCFCFC
2548	#F6F5FA	#FFFFFF
2550	#D4CEE8	#FDFDFD
2551	#F9F8FC	#FFFFFF
2552	#EBD4D0	#FEFEFE
2554	#FAF9FC	#FFFFFF
2555	#FAF9FC	#FFFFFF
2556	#FAF9FC	#FFFFFF
2557	#EEECF6	#FFFFFF
2558	#D5CFE8	#FEFEFE
2559	#EEECF6	#FFFFFF
2561	#F2F0F8	#FEFEFE
2562	#D5CFE8	#FEFEFE
2563	#EFEDF6	#FEFEFE
2564	#C3BBDE	#FDFDFD
2565	#CBC5E3	#FDFDFD
2566	#D4CEE8	#FDFDFD
2567	#EEECF6	#FEFEFE
2568	#FAF9FC	#FFFFFF
2569	#E6E2F1	#FEFEFE
2570	#D4CEE7	#FDFDFD
2571	#EDEAF5	#FEFEFE
2572	#8B81C0	#F8F8F8
2573	#EAE7F3	#FEFEFE
2574	#EDEAF5	#FEFEFE
2575	#EEECF6	#FEFEFE
2576	#EDEBF5	#FEFEFE
2577	#E7E3F2	#FEFEFE
2578	#C8C1E1	#FCFCFC
2579	#FAF9FC	#FFFFFF
2580	#FBF6F6	#FFFFFF
2581	#B7AFD8	#FBFBFB
2582	#D3CEE7	#FDFDFD
2583	#FBF7F6	#FFFFFF
2584	#D9B0AA	#FDFDFD
2585	#FBF6F5	#FFFFFF
2586	#D5CFE8	#FDFDFD
2587	#ECD5D2	#FEFEFE
2588	#C3BBDE	#FDFDFD
2589	#CCC5E3	#FDFDFD
2590	#FAF9FC	#FFFFFF
2591	#E9E5F3	#FEFEFE
2592	#F7F5FA	#FFFFFF
2593	#FAFAFC	#FFFFFF
2594	#F7ECEB	#FFFFFF
2595	#EEECF6	#FFFFFF
2596	#FAF9FC	#FFFFFF
2597	#C3BBDE	#FDFDFD
2598	#CBC5E3	#FDFDFD
2599	#B7AFD8	#FDFDFD
2600	#FAF9FC	#FFFFFF
2601	#C5BDDF	#FCFCFC
2603	#DDD8EC	#FEFEFE
2604	#DDD8EC	#FEFEFE
2605	#FAF9FC	#FFFFFF
2606	#E8E5F3	#FEFEFE
2607	#FAF9FC	#FFFFFF
2608	#C3BBDE	#FDFDFD
2609	#EBD4D0	#FEFEFE
2610	#E8E5F3	#FEFEFE
2611	#DEDAED	#FEFEFE
2612	#EBD4D0	#FEFEFE
2613	#F8EEED	#FFFFFF
2615	#D4CFE8	#FEFEFE
2616	#F8EEED	#FFFFFF
2617	#E6E3F1	#FEFEFE
2618	#B2A9D5	#FAFAFA
2619	#DCD7EC	#FEFEFE
2620	#DDD8EC	#FEFEFE
2621	#FBFAFD	#FFFFFF
2622	#DED9ED	#FEFEFE
2623	#E5E1F1	#FEFEFE
2624	#D7D2E9	#FDFDFD
2625	#EEECF6	#FFFFFF
2626	#EEECF6	#FEFEFE
2627	#D1CAE6	#FCFCFC
2628	#F6F5FA	#FFFFFF
2629	#C1B9DD	#FBFBFB
2630	#F7ECEB	#FFFFFF
2631	#D8D3EA	#FDFDFD
2632	#C5BDDF	#FCFCFC
2633	#DED9ED	#FDFDFD
2634	#E4E0F0	#FEFEFE
2635	#BDB5DB	#FCFCFC
2636	#E6C8C4	#FDFDFD
2637	#C3BBDE	#FDFDFD
2638	#ECD5D2	#FEFEFE
2639	#ECD6D3	#FEFEFE
2640	#FBFAFD	#FFFFFF
2641	#D5CFE8	#FEFEFE
2642	#F7ECEB	#FFFFFF
2643	#F6F5FA	#FFFFFF
2644	#CDC6E4	#FCFCFC
2645	#EFEDF6	#FEFEFE
2646	#A197CC	#FBFBFB
2647	#B7AFD8	#FDFDFD
2648	#E6C9C5	#FDFDFD
2649	#B7AFD8	#FDFDFD
2650	#DDD8EC	#FEFEFE
2651	#F7EDEB	#FFFFFF
2652	#FAF9FC	#FFFFFF
2653	#EBD3D0	#FEFEFE
2654	#DEDAED	#FEFEFE
2656	#C3BBDE	#FDFDFD
2657	#E4E1F1	#FEFEFE
2658	#F1DFDD	#FEFEFE
2659	#FAFAFD	#FFFFFF
2660	#D5CFE8	#FEFEFE
2662	#E4E1F1	#FEFEFE
2663	#F9F8FC	#FFFFFF
2664	#E1BEB9	#FEFEFE
2665	#C3BBDE	#FDFDFD
2666	#DDD8EC	#FEFEFE
2667	#D4CEE8	#FEFEFE
2668	#DCD7EC	#FEFEFE
2669	#D5CFE8	#FEFEFE
2670	#E9E6F3	#FEFEFE
2671	#B7AFD8	#FDFDFD
2672	#E4E1F1	#FEFEFE
2673	#FEFDFD	#FFFFFF
2674	#BEB6DC	#FAFAFA
2675	#D1CBE6	#FCFCFC
2676	#D4CEE7	#FDFDFD
2677	#AEA5D3	#FCFCFC
2678	#E7E4F2	#FEFEFE
2679	#DEDAED	#FEFEFE
2680	#E7E4F2	#FEFEFE
2681	#DCD8EC	#FEFEFE
2682	#E8E5F3	#FEFEFE
2683	#BEB6DC	#FCFCFC
2684	#DDD8EC	#FEFEFE
2685	#FAF9FC	#FFFFFF
2686	#F8EEED	#FFFFFF
2687	#E8E5F2	#FEFEFE
2688	#EEECF6	#FFFFFF
2689	#ECD5D2	#FEFEFE
2690	#EFEDF6	#FEFEFE
2691	#C3BBDE	#FDFDFD
2692	#EEECF6	#FFFFFF
2693	#DEDAED	#FEFEFE
2694	#A197CC	#FBFBFB
2695	#A79DCF	#FBFBFB
2696	#FBF6F6	#FFFFFF
2697	#C3BBDE	#FDFDFD
2698	#FBF7F6	#FFFFFF
2699	#A197CC	#FBFBFB
2700	#C4BDDF	#FCFCFC
2701	#D6D1E9	#FDFDFD
2702	#DDD8ED	#FEFEFE
2703	#FAF9FC	#FFFFFF
2704	#D5CFE8	#FEFEFE
2705	#FBFAFD	#FFFFFF
2706	#E8E5F3	#FEFEFE
2707	#C3BBDE	#FDFDFD
2708	#EBD3D0	#FEFEFE
2710	#FAF9FC	#FFFFFF
2712	#F6F5FA	#FFFFFF
2713	#E1BEBA	#FEFEFE
2714	#EBD4D0	#FEFEFE
2715	#D9B0AA	#FDFDFD
2716	#C3BBDE	#FDFDFD
2717	#FAFAFC	#FFFFFF
2718	#C3BBDE	#FDFDFD
2719	#E4E1F1	#FEFEFE
2720	#C3BBDE	#FDFDFD
2721	#FBF7F6	#FFFFFF
2722	#F6F5FA	#FFFFFF
2723	#EDEAF5	#FEFEFE
2724	#A79DCF	#FBFBFB
2725	#CDC7E4	#FDFDFD
2726	#FEFDFD	#FFFFFF
2727	#D4CEE7	#FCFCFC
2728	#F0EDF7	#FFFFFF
2729	#FEFDFD	#FFFFFF
2730	#FBFAFD	#FFFFFF
2731	#EBE8F4	#FEFEFE
2732	#F6F5FA	#FFFFFF
2733	#FAF9FC	#FFFFFF
2734	#BCB4DA	#FAFAFA
2735	#DED9ED	#FEFEFE
2736	#EFECF6	#FEFEFE
2737	#958AC5	#F9F9F9
2738	#F7EDEB	#FFFFFF
2739	#E9E6F3	#FEFEFE
2740	#E6E3F1	#FEFEFE
2741	#E6C8C4	#FDFDFD
2742	#9B91C9	#FAFAFA
2743	#DDD8EC	#FEFEFE
2744	#9B90C8	#FAFAFA
2745	#C3BBDE	#FDFDFD
2746	#D4CEE8	#FDFDFD
2747	#E4E1F1	#FEFEFE
2748	#CCC6E3	#FCFCFC
2749	#FBF6F5	#FFFFFF
2750	#DDD8EC	#FEFEFE
2751	#F8EFED	#FFFFFF
2752	#FCFBFD	#FFFFFF
2753	#C3BBDE	#FDFDFD
2754	#CBC4E3	#FDFDFD
2755	#E8E5F3	#FEFEFE
2756	#C3BBDE	#FDFDFD
2757	#E1BEBA	#FEFEFE
2758	#FAF9FC	#FFFFFF
2759	#D4CFE8	#FEFEFE
2760	#FAFAFC	#FFFFFF
2761	#DDD8EC	#FEFEFE
2763	#C1B9DD	#FBFBFB
2764	#D5CFE8	#FEFEFE
2765	#F8EEED	#FFFFFF
2766	#D4CEE8	#FDFDFD
2767	#DDD8EC	#FEFEFE
2768	#E4E1F1	#FEFEFE
2769	#CC9791	#FCFCFC
2770	#E1BEBA	#FEFEFE
2771	#FAFAFD	#FFFFFF
2772	#A79ECF	#FBFBFB
2773	#E8E5F3	#FEFEFE
2774	#C1B9DD	#FBFBFB
2775	#C3BBDE	#FDFDFD
2776	#C7BFE0	#FBFBFB
2777	#D3CDE7	#FCFCFC
2778	#B7AFD8	#FDFDFD
2779	#DCD7EC	#FEFEFE
2780	#C4BDDF	#FCFCFC
2781	#EBE8F4	#FEFEFE
2782	#BDB5DB	#FAFAFA
2783	#E4E1F1	#FEFEFE
2784	#AEA5D3	#FCFCFC
2785	#BDB5DB	#FCFCFC
2786	#EEECF6	#FFFFFF
2787	#EEECF6	#FFFFFF
2788	#E8E5F3	#FEFEFE
2789	#D3CDE7	#FDFDFD
2790	#DCD8EC	#FEFEFE
2791	#FCFBFD	#FFFFFF
2792	#F9F8FC	#FFFFFF
2793	#F7F6FB	#FFFFFF
2794	#FAF9FC	#FFFFFF
2795	#E5E1F1	#FEFEFE
2796	#9A90C8	#FAFAFA
2797	#A096CB	#FBFBFB
2798	#EBD4D0	#FEFEFE
2799	#AEA5D3	#FCFCFC
2800	#E5E1F1	#FEFEFE
2801	#A79DCF	#FBFBFB
2802	#EFECF6	#FFFFFF
2803	#A79ECF	#FBFBFB
2804	#E8E5F3	#FEFEFE
2805	#DDD8EC	#FEFEFE
2806	#CCC5E3	#FDFDFD
2807	#C3BBDE	#FDFDFD
2808	#B7AED8	#FDFDFD
2809	#FAF9FC	#FFFFFF
2810	#B7AFD8	#FDFDFD
2811	#D4CFE8	#FEFEFE
2812	#D4CEE8	#FDFDFD
2813	#D5CFE8	#FDFDFD
2814	#EBD4D0	#FEFEFE
2815	#AFA6D3	#FCFCFC
2816	#C3BBDE	#FDFDFD
2817	#D3CEE7	#FDFDFD
2818	#D3CEE7	#FDFDFD
2819	#AFA5D3	#FCFCFC
2820	#EBD4D0	#FEFEFE
2821	#E6E3F1	#FEFEFE
2822	#D5CFE8	#FEFEFE
2823	#E8E5F3	#FEFEFE
2824	#DDD9ED	#FEFEFE
2825	#D7D2E9	#FDFDFD
2826	#CCC5E3	#FDFDFD
2827	#AFA6D3	#FCFCFC
2828	#A399CD	#F8F8F8
2829	#E3DFF0	#FEFEFE
2830	#CDC7E4	#FDFDFD
2831	#958BC6	#F9F9F9
2832	#B7AED8	#FBFBFB
2833	#B7AFD8	#FDFDFD
2834	#F6F5FA	#FFFFFF
2835	#D3CEE7	#FDFDFD
2836	#B7AED8	#FDFDFD
2837	#ECD5D2	#FEFEFE
2838	#EEECF6	#FFFFFF
2839	#F8EEED	#FFFFFF
2840	#F1E0DE	#FEFEFE
2841	#F7ECEB	#FFFFFF
2842	#FBF6F5	#FFFFFF
2843	#D4CFE8	#FDFDFD
2844	#DCD8EC	#FEFEFE
2845	#F7ECEB	#FFFFFF
2846	#ECD5D2	#FEFEFE
2847	#D0C9E5	#FCFCFC
2848	#E9E6F3	#FEFEFE
2849	#CDC7E4	#FCFCFC
2850	#AFA5D3	#FCFCFC
2851	#D4CFE8	#FEFEFE
2852	#A89ECF	#FBFBFB
2853	#958BC6	#F9F9F9
2854	#948AC5	#F9F9F9
2855	#F6F4FA	#FFFFFF
2856	#EBD4D0	#FEFEFE
2857	#FAFAFC	#FFFFFF
2858	#ECD5D2	#FEFEFE
2859	#C3BBDE	#FDFDFD
2860	#D5CFE8	#FEFEFE
2862	#AFA5D3	#FCFCFC
2863	#E1BEBA	#FEFEFE
2864	#A79ECF	#FBFBFB
2865	#AEA5D3	#FCFCFC
2866	#F8EEED	#FFFFFF
2867	#D9B0AB	#FDFDFD
2868	#E1BEBA	#FEFEFE
2869	#DDD8ED	#FEFEFE
2870	#D4CFE8	#FEFEFE
2871	#F8EEED	#FFFFFF
2872	#B8AFD8	#FDFDFD
2873	#D9AFAA	#FDFDFD
2874	#C5BEDF	#FCFCFC
2875	#A79ECF	#FBFBFB
2876	#E6E2F1	#FEFEFE
2877	#E9E5F3	#FEFEFE
2878	#F3F1F8	#FFFFFF
2879	#E5E1F1	#FEFEFE
2880	#E4E1F1	#FEFEFE
2881	#DEDAED	#FEFEFE
2882	#EFEDF6	#FFFFFF
2883	#F2F0F8	#FFFFFF
2884	#FBFBFD	#FFFFFF
2885	#E6E3F1	#FEFEFE
2886	#DCD7EC	#FEFEFE
2887	#F6F5FA	#FFFFFF
2888	#EFECF6	#FFFFFF
2889	#F1E0DD	#FEFEFE
2890	#B8AFD8	#FDFDFD
2891	#F6F5FA	#FFFFFF
2892	#B2A9D5	#FAFAFA
2893	#FBFAFD	#FFFFFF
2894	#E9E5F3	#FEFEFE
2895	#F8EEED	#FFFFFF
2896	#BDB5DB	#FCFCFC
2897	#F0DDDB	#FEFEFE
2898	#F8EEED	#FFFFFF
2899	#A79ECF	#FBFBFB
2900	#B8AFD8	#FDFDFD
2901	#FAF9FC	#FFFFFF
2902	#DCD8EC	#FEFEFE
2903	#E6E3F2	#FEFEFE
2904	#AFA6D3	#FCFCFC
2905	#C5BDDF	#FCFCFC
2906	#FBFAFD	#FFFFFF
2907	#E8E5F3	#FEFEFE
2908	#D5CFE8	#FEFEFE
2909	#D4CFE8	#FEFEFE
2910	#EBD4D0	#FEFEFE
2911	#E9E6F3	#FEFEFE
2912	#FAF9FC	#FFFFFF
2913	#E8E5F3	#FEFEFE
2914	#B7AFD8	#FBFBFB
2915	#DDD8ED	#FEFEFE
2916	#B8AFD8	#FDFDFD
2917	#B7AFD8	#FDFDFD
2918	#F6F4FA	#FFFFFF
2919	#B7AFD8	#FDFDFD
2920	#AFA6D3	#FCFCFC
2921	#DCD7EC	#FEFEFE
2922	#EBD4D0	#FEFEFE
2923	#E8E5F3	#FEFEFE
2924	#E1BEBA	#FEFEFE
2925	#E5E1F1	#FEFEFE
2926	#F3F1F9	#FFFFFF
2927	#DDD9ED	#FEFEFE
2928	#FBFAFD	#FFFFFF
2929	#AEA5D3	#FCFCFC
2930	#D4CEE8	#FDFDFD
2931	#DCD8EC	#FEFEFE
2932	#DDD9ED	#FEFEFE
2933	#B1A8D5	#FAFAFA
2934	#FBF6F5	#FFFFFF
2935	#EDEAF5	#FEFEFE
2936	#FBF7F6	#FFFFFF
2937	#EEECF6	#FEFEFE
2938	#CEC7E4	#FDFDFD
2939	#F9F8FC	#FFFFFF
2940	#FBFBFD	#FFFFFF
2941	#FBF7F6	#FFFFFF
2942	#F6F5FA	#FFFFFF
2943	#AFA5D3	#FCFCFC
2944	#E5E1F1	#FEFEFE
2945	#F1E0DE	#FEFEFE
2946	#E4E0F0	#FEFEFE
2947	#F7EDEC	#FFFFFF
2948	#B7AFD8	#FDFDFD
2949	#EEECF6	#FEFEFE
2950	#E9E5F3	#FEFEFE
2951	#FAF9FC	#FFFFFF
2952	#DDD8EC	#FEFEFE
2953	#C4BDDF	#FCFCFC
2954	#D5CFE8	#FEFEFE
2955	#CCC5E3	#FDFDFD
2956	#E4E1F1	#FEFEFE
2957	#EEECF6	#FFFFFF
2958	#E1BEBA	#FEFEFE
2959	#C3BBDE	#FDFDFD
2961	#D5CFE8	#FEFEFE
2962	#D5CFE8	#FEFEFE
2963	#DDD8ED	#FEFEFE
2964	#C3BBDE	#FDFDFD
2965	#D4CFE8	#FDFDFD
2966	#9A90C8	#FAFAFA
2967	#D5CFE8	#FEFEFE
2968	#D4CEE7	#FDFDFD
2969	#A79DCF	#FBFBFB
2970	#C3BBDE	#FDFDFD
2971	#FAF9FC	#FFFFFF
2972	#AFA6D3	#FCFCFC
2973	#F9F9FC	#FFFFFF
2974	#A79ECF	#FBFBFB
2975	#B2A9D5	#FAFAFA
2976	#CCC5E3	#FDFDFD
2977	#E5E1F1	#FEFEFE
2978	#A096CB	#FBFBFB
2979	#FAF9FC	#FFFFFF
2980	#D5CFE8	#FEFEFE
2981	#FAF9FC	#FFFFFF
2982	#DED9ED	#FEFEFE
2983	#FBFAFD	#FFFFFF
2984	#DBD7EC	#FEFEFE
2985	#DEDAED	#FDFDFD
2986	#F4E6E4	#FEFEFE
2987	#E8E5F3	#FEFEFE
2988	#DCD7EC	#FEFEFE
2989	#AFA5D3	#FCFCFC
2990	#F7ECEB	#FFFFFF
2991	#E8E5F3	#FEFEFE
2992	#F8EEED	#FFFFFF
2993	#CDC7E4	#FCFCFC
2994	#FAF9FC	#FFFFFF
2995	#EFEDF6	#FEFEFE
2996	#FEFEFE	#FFFFFF
2997	#CBC4E3	#FCFCFC
2998	#AFA5D3	#FCFCFC
2999	#A197CC	#FBFBFB
3000	#E5E1F1	#FEFEFE
3001	#D4CEE8	#FDFDFD
3002	#A096CB	#FBFBFB
3003	#FBF5F5	#FFFFFF
3004	#E6E2F1	#FEFEFE
3005	#F4E5E4	#FEFEFE
3006	#DCD8EC	#FEFEFE
3007	#E9E6F3	#FEFEFE
3008	#DDD8EC	#FEFEFE
3009	#D5CFE8	#FEFEFE
3011	#EEECF6	#FFFFFF
3012	#B7AFD8	#FDFDFD
3013	#CBC5E3	#FDFDFD
3014	#B8AFD8	#FDFDFD
3015	#D7D2E9	#FDFDFD
3016	#A79ECF	#FBFBFB
3017	#C3BBDE	#FDFDFD
3018	#F1E0DE	#FEFEFE
3019	#E9E6F3	#FEFEFE
3020	#EEECF6	#FFFFFF
3021	#CCC5E3	#FDFDFD
3022	#B7AFD8	#FDFDFD
3023	#EFECF6	#FEFEFE
3024	#B7AFD8	#FDFDFD
3025	#C4BDDF	#FCFCFC
3026	#B8AFD8	#FDFDFD
3027	#E5E1F1	#FEFEFE
3028	#EFEDF6	#FEFEFE
3029	#C3BBDE	#FBFBFB
3030	#FCFBFD	#FFFFFF
3031	#DDD8ED	#FEFEFE
3032	#FEFDFD	#FFFFFF
3033	#D4CEE8	#FEFEFE
3034	#D5CFE8	#FEFEFE
3035	#DCD7EC	#FEFEFE
3036	#DED9ED	#FDFDFD
3037	#FBFBFD	#FFFFFF
3038	#FBFAFD	#FFFFFF
3039	#B7AFD8	#FDFDFD
3040	#FBFAFD	#FFFFFF
3041	#FEFCFC	#FFFFFF
3042	#E6E3F1	#FEFEFE
3043	#F9F1F0	#FFFFFF
3044	#EFECF6	#FFFFFF
3045	#F1E0DE	#FEFEFE
3046	#FBFAFD	#FFFFFF
3047	#E8E5F3	#FEFEFE
3048	#C3BBDE	#FDFDFD
3049	#A79ECF	#FBFBFB
3050	#F8EFED	#FFFFFF
3051	#FBFBFD	#FFFFFF
3052	#D3CEE7	#FDFDFD
3053	#D5CFE8	#FEFEFE
3054	#E5E1F1	#FEFEFE
3055	#A197CC	#FBFBFB
3056	#E8E5F3	#FEFEFE
3057	#E5E1F1	#FEFEFE
3058	#D5CFE8	#FEFEFE
3059	#D4CFE8	#FEFEFE
3060	#EBD4D0	#FEFEFE
3061	#D4CFE8	#FEFEFE
3062	#E8E5F3	#FEFEFE
3063	#FAF9FC	#FFFFFF
3064	#F7EEEC	#FFFFFF
3065	#EBD3D0	#FEFEFE
3066	#DDD8EC	#FEFEFE
3067	#DCD8EC	#FEFEFE
3068	#D1CBE6	#FCFCFC
3069	#A197CC	#FBFBFB
3070	#FBFAFD	#FFFFFF
3071	#CBC4E3	#FDFDFD
3072	#E9E6F3	#FEFEFE
3073	#DDD8EC	#FEFEFE
3074	#DDD8EC	#FEFEFE
3075	#DDD9ED	#FEFEFE
3076	#CBC4E3	#FDFDFD
3077	#DDD8EC	#FEFEFE
3078	#D4CFE8	#FEFEFE
3079	#FBFAFD	#FFFFFF
3080	#FEFCFC	#FFFFFF
3081	#E4E0F0	#FEFEFE
3082	#D4CEE7	#FDFDFD
3083	#FDFBFA	#FFFFFF
3084	#F9F8FC	#FFFFFF
3085	#C4BDDF	#FCFCFC
3086	#FAF9FC	#FFFFFF
3087	#EEECF6	#FFFFFF
3088	#F1E0DD	#FEFEFE
3089	#F7EEEC	#FFFFFF
3090	#D3CEE7	#FDFDFD
3091	#FBFAFD	#FFFFFF
3092	#F2F0F8	#FFFFFF
3093	#FBFAFD	#FFFFFF
3094	#B6AED8	#FBFBFB
3095	#D3CDE7	#FDFDFD
3096	#DDD8EC	#FEFEFE
3097	#F6F4FA	#FFFFFF
3098	#E9E5F3	#FEFEFE
3099	#F9F8FC	#FFFFFF
3100	#F8EEED	#FFFFFF
3101	#CBC5E3	#FDFDFD
3102	#FBF6F6	#FFFFFF
3103	#EEECF6	#FFFFFF
3104	#D4CEE7	#FDFDFD
3105	#F2F0F8	#FEFEFE
3106	#B7AED8	#FBFBFB
3107	#A89ECF	#FBFBFB
3108	#C3BBDE	#FDFDFD
3109	#F8EEED	#FFFFFF
3110	#C3BBDE	#FDFDFD
3111	#FAF9FC	#FFFFFF
3112	#E5E1F1	#FEFEFE
3113	#D4CFE8	#FEFEFE
3114	#B8AFD8	#FDFDFD
3115	#EFEDF6	#FFFFFF
3116	#EFECF6	#FEFEFE
3117	#B7AFD8	#FDFDFD
3118	#D5CFE8	#FEFEFE
3119	#DDD9ED	#FEFEFE
3120	#EBD4D0	#FEFEFE
3121	#EBD4D0	#FEFEFE
3122	#D3CDE7	#FDFDFD
3123	#C3BBDE	#FDFDFD
3124	#F7EDEB	#FFFFFF
3125	#B7AFD8	#FDFDFD
3126	#C3BBDE	#FDFDFD
3127	#D4CFE8	#FDFDFD
3128	#E8E5F3	#FEFEFE
3129	#EEECF6	#FFFFFF
3130	#D4CEE7	#FDFDFD
3131	#F7ECEB	#FFFFFF
3132	#CF9E97	#FCFCFC
3133	#EDEBF5	#FEFEFE
3134	#FCF9F9	#FFFFFF
3135	#CCC5E3	#FDFDFD
3136	#E1BEBA	#FEFEFE
3137	#C3BBDE	#FDFDFD
3138	#E6E2F1	#FEFEFE
3139	#F1E0DD	#FEFEFE
3140	#D9B0AB	#FDFDFD
3141	#DDD8EC	#FEFEFE
3142	#F7ECEB	#FFFFFF
3143	#F5F4FA	#FFFFFF
3144	#EEECF6	#FFFFFF
3145	#D5CFE8	#FDFDFD
3146	#D3CDE7	#FDFDFD
3147	#BDB5DB	#FCFCFC
3148	#C4BDDF	#FCFCFC
3149	#DDD8ED	#FEFEFE
3150	#F1DFDD	#FEFEFE
3151	#EFECF6	#FFFFFF
3152	#AFA5D3	#FCFCFC
3153	#FAFAFC	#FFFFFF
3154	#AFA6D3	#FCFCFC
3155	#F8EEED	#FFFFFF
3156	#C1B9DD	#FBFBFB
3157	#E9E6F3	#FEFEFE
3158	#A79DCF	#FBFBFB
3159	#FAFAFC	#FFFFFF
3160	#EFEDF6	#FEFEFE
3161	#EBD4D0	#FEFEFE
3162	#DDD9ED	#FEFEFE
3163	#D4CEE7	#FDFDFD
3164	#D5CFE8	#FEFEFE
3165	#E9E6F3	#FEFEFE
3166	#F1E0DE	#FEFEFE
3167	#D4CEE8	#FEFEFE
3168	#FBFBFD	#FFFFFF
3169	#DDD8ED	#FEFEFE
3170	#F8EEED	#FFFFFF
3171	#D5CFE8	#FEFEFE
3172	#E9E6F3	#FEFEFE
3173	#C3BBDE	#FDFDFD
3174	#D4CFE8	#FEFEFE
3175	#F9F8FC	#FFFFFF
3176	#EBD4D0	#FEFEFE
3177	#FEFCFC	#FFFFFF
3178	#EEECF6	#FFFFFF
3179	#C3BBDE	#FDFDFD
3180	#ECD6D3	#FEFEFE
3181	#EFEDF6	#FEFEFE
3182	#CCC5E3	#FDFDFD
3183	#F1E0DD	#FEFEFE
3184	#F9F9FC	#FFFFFF
3185	#EAE7F3	#FEFEFE
3186	#FAFAFD	#FFFFFF
3187	#B7AFD8	#FDFDFD
3188	#EEECF6	#FFFFFF
3189	#F6F5FA	#FFFFFF
3190	#F8EEED	#FFFFFF
3191	#F6F5FA	#FFFFFF
3192	#B7AFD8	#FDFDFD
3193	#FBF6F5	#FFFFFF
3194	#FBFAFD	#FFFFFF
3195	#F0EDF7	#FEFEFE
3196	#FEFCFC	#FFFFFF
3197	#FAF9FC	#FFFFFF
3198	#E5E1F1	#FEFEFE
3199	#AEA5D3	#FCFCFC
3200	#B7AFD8	#FDFDFD
3201	#D3CEE7	#FDFDFD
3202	#FEFDFD	#FFFFFF
3203	#EDEBF5	#FEFEFE
3204	#EEECF6	#FFFFFF
3205	#E8E5F3	#FEFEFE
3206	#C4BDDF	#FCFCFC
3207	#CCC5E3	#FDFDFD
3208	#B7AED8	#FDFDFD
3209	#DDD8EC	#FEFEFE
3210	#D4CFE8	#FEFEFE
3211	#C3BBDE	#FDFDFD
3212	#AEA5D3	#FCFCFC
3213	#C3BBDE	#FDFDFD
3214	#EEEBF6	#FFFFFF
3215	#F8EEED	#FFFFFF
3216	#D5CFE8	#FEFEFE
3217	#D4CEE8	#FEFEFE
3218	#D4CFE8	#FEFEFE
3219	#F9F8FC	#FFFFFF
3220	#AFA6D3	#FCFCFC
3221	#DDD8EC	#FEFEFE
3222	#DDD9ED	#FEFEFE
3223	#FAF9FC	#FFFFFF
3224	#E8E5F3	#FEFEFE
3225	#FAF9FC	#FFFFFF
3226	#F1DFDC	#FEFEFE
3227	#FEFDFC	#FFFFFF
3228	#E6E2F1	#FEFEFE
3229	#E6E3F1	#FEFEFE
3230	#DED9ED	#FDFDFD
3231	#D7D2E9	#FDFDFD
3232	#BEB6DC	#FCFCFC
3233	#F6F5FA	#FFFFFF
3234	#F7EDEB	#FFFFFF
3235	#F2F0F8	#FEFEFE
3236	#E6E2F1	#FEFEFE
3237	#D4CEE8	#FDFDFD
3238	#EEECF6	#FFFFFF
3239	#D4CEE7	#FDFDFD
3240	#D3CEE7	#FDFDFD
3241	#EFECF6	#FEFEFE
3242	#EFECF6	#FEFEFE
3243	#FBF6F6	#FFFFFF
3244	#F1E0DE	#FEFEFE
3245	#FAFAFC	#FFFFFF
3246	#F9F1F0	#FFFFFF
3247	#DDD9ED	#FEFEFE
3248	#DED9ED	#FDFDFD
3249	#C3BBDE	#FDFDFD
3250	#F9F8FC	#FFFFFF
3251	#FEFDFD	#FFFFFF
3252	#E4C4C0	#FDFDFD
3253	#D4CEE8	#FEFEFE
3254	#F9F1F0	#FFFFFF
3255	#C3BBDE	#FDFDFD
3256	#C3BBDE	#FDFDFD
3257	#E5E1F1	#FEFEFE
3258	#F1E0DE	#FEFEFE
3259	#A79DCF	#FBFBFB
3260	#F8EEED	#FFFFFF
3261	#A096CC	#FBFBFB
3262	#D4CFE8	#FEFEFE
3263	#D4CEE7	#FDFDFD
3264	#DDD8EC	#FEFEFE
3265	#D5CFE8	#FEFEFE
3266	#DCD7EC	#FEFEFE
3267	#FEFDFD	#FFFFFF
3268	#D0CAE5	#FCFCFC
3269	#EBD4D0	#FEFEFE
3271	#C3BBDE	#FDFDFD
3272	#F1DFDD	#FEFEFE
3273	#C3BBDE	#FDFDFD
3275	#D5CFE8	#FEFEFE
3276	#CBC4E3	#FDFDFD
3277	#F9F8FC	#FFFFFF
3278	#A79ECF	#FBFBFB
3279	#E4C4BF	#FDFDFD
3280	#D7D2E9	#FDFDFD
3282	#DCD8EC	#FEFEFE
3283	#FBFAFD	#FFFFFF
3284	#C7C0E1	#FCFCFC
3285	#F7EEEC	#FFFFFF
3286	#FBFAFD	#FFFFFF
3287	#FAF9FC	#FFFFFF
3288	#EDEAF5	#FEFEFE
3289	#FEFDFC	#FFFFFF
3290	#E0BEB9	#FEFEFE
3291	#CDC6E4	#FDFDFD
3292	#E4E1F1	#FEFEFE
3293	#F6F4FA	#FFFFFF
3294	#C3BBDE	#FDFDFD
3295	#F4E5E3	#FEFEFE
3296	#ECD5D2	#FEFEFE
3297	#C3BBDE	#FDFDFD
3298	#F7EEEC	#FFFFFF
3299	#F6EBE9	#FEFEFE
3300	#ECD5D2	#FEFEFE
3301	#E4E0F0	#FEFEFE
3302	#C5BDDF	#FCFCFC
3303	#F7ECEB	#FFFFFF
3304	#C3BBDE	#FDFDFD
3305	#ECD5D2	#FEFEFE
3306	#FAF9FC	#FFFFFF
3307	#CEC8E5	#FCFCFC
3308	#F7EDEC	#FFFFFF
3310	#B7AFD8	#FDFDFD
3311	#F7EDEB	#FFFFFF
3312	#E9E5F3	#FEFEFE
3313	#FBF6F5	#FFFFFF
3314	#B7AFD8	#FDFDFD
3315	#D4CFE8	#FEFEFE
3316	#EBD3D0	#FEFEFE
3317	#DCD7EC	#FEFEFE
3318	#E5E2F1	#FEFEFE
3319	#B8AFD8	#FDFDFD
3320	#E9E6F3	#FEFEFE
3321	#CCC6E3	#FDFDFD
3322	#D5CFE8	#FEFEFE
3323	#DDD8EC	#FEFEFE
3324	#E9E6F3	#FEFEFE
3325	#EFECF6	#FFFFFF
3326	#E8E5F3	#FEFEFE
3328	#FBFAFD	#FFFFFF
3329	#D3CDE7	#FDFDFD
3330	#D8D2EA	#FDFDFD
3331	#E6E2F1	#FEFEFE
3332	#EFEDF7	#FEFEFE
3333	#D4CEE7	#FDFDFD
3334	#FEFDFD	#FFFFFF
3335	#F6F5FA	#FFFFFF
3336	#EFECF6	#FEFEFE
3337	#F7EDEB	#FFFFFF
3338	#FAF9FC	#FFFFFF
3339	#D5CFE8	#FEFEFE
3340	#FBFAFD	#FFFFFF
3341	#FBFAFD	#FFFFFF
3342	#E4E1F1	#FEFEFE
3343	#D3CDE7	#FCFCFC
3344	#FBFAFD	#FFFFFF
3345	#CCC5E3	#FDFDFD
3346	#CCC5E3	#FDFDFD
3347	#E6E3F1	#FEFEFE
3348	#F6F5FA	#FFFFFF
3349	#D5CFE8	#FEFEFE
3350	#FAF9FC	#FFFFFF
3351	#A79ECF	#FBFBFB
3352	#F4E5E3	#FEFEFE
3353	#FAF9FC	#FFFFFF
3354	#F7EDEB	#FFFFFF
3355	#DDD8EC	#FEFEFE
3356	#ECD6D3	#FEFEFE
3357	#E9E6F3	#FEFEFE
3358	#E5E2F1	#FEFEFE
3359	#DBD6EC	#FEFEFE
3360	#D4CFE8	#FEFEFE
3361	#EBD3D0	#FEFEFE
3362	#D3CEE7	#FDFDFD
3363	#D4CEE7	#FDFDFD
3364	#AEA5D3	#FCFCFC
3365	#ECD5D2	#FEFEFE
3366	#FAF9FC	#FFFFFF
3367	#DDD9ED	#FEFEFE
3368	#FBFAFD	#FFFFFF
3369	#EFECF6	#FFFFFF
3370	#EEECF6	#FFFFFF
3371	#B7AFD8	#FDFDFD
3372	#E8E5F3	#FEFEFE
3373	#C4BDDF	#FCFCFC
3374	#C3BBDE	#FDFDFD
3375	#DDD8EC	#FEFEFE
3376	#F8EEED	#FFFFFF
3377	#E8E5F3	#FEFEFE
3378	#EBD4D0	#FEFEFE
3379	#DFDAED	#FEFEFE
3380	#EFEDF6	#FFFFFF
3381	#E5E1F1	#FEFEFE
3382	#E4E1F1	#FEFEFE
3383	#DDD8ED	#FEFEFE
3384	#FCF9F8	#FFFFFF
3385	#FAF4F3	#FFFFFF
3386	#EED9D6	#FEFEFE
3388	#E8E5F3	#FEFEFE
3389	#C3BBDE	#FDFDFD
3390	#B7AFD8	#FDFDFD
3391	#DDD8EC	#FEFEFE
3392	#F8EEED	#FFFFFF
3393	#DDD8EC	#FEFEFE
3394	#E3E0F0	#FEFEFE
3395	#A197CC	#FBFBFB
3396	#FBF6F5	#FFFFFF
3397	#FAF9FC	#FFFFFF
3398	#DBD7EC	#FEFEFE
3399	#EBD4D0	#FEFEFE
3400	#B8AFD8	#FDFDFD
3401	#F8EEED	#FFFFFF
3402	#FEFCFC	#FFFFFF
3403	#E5E1F1	#FEFEFE
3404	#E4E1F1	#FEFEFE
3405	#FAFAFC	#FFFFFF
3406	#E1BEBA	#FEFEFE
3407	#A197CC	#FBFBFB
3408	#EFECF6	#FEFEFE
3409	#FBF6F5	#FFFFFF
3410	#EEECF6	#FFFFFF
3411	#EEECF6	#FFFFFF
3412	#E8E5F3	#FEFEFE
3413	#F8EEED	#FFFFFF
3414	#D4CFE8	#FEFEFE
3416	#D5CFE8	#FEFEFE
3417	#F8EEED	#FFFFFF
3418	#F7EDEB	#FFFFFF
3419	#E8E5F3	#FEFEFE
3420	#A79DCF	#FBFBFB
3421	#EDEAF5	#FEFEFE
3422	#BDB5DB	#FCFCFC
3423	#F7ECEA	#FFFFFF
3424	#E6E3F2	#FEFEFE
3425	#FAF9FC	#FFFFFF
3426	#D4CFE8	#FEFEFE
3427	#F8EEED	#FFFFFF
3428	#AEA5D3	#FCFCFC
3429	#DDD9ED	#FEFEFE
3431	#FBF7F6	#FFFFFF
3432	#D4CEE7	#FDFDFD
3433	#C1BADD	#FBFBFB
3434	#C5BDDF	#FCFCFC
3435	#D9D4EA	#FCFCFC
3436	#FAF4F3	#FFFFFF
3437	#DBD7EC	#FEFEFE
3439	#FBFAFD	#FFFFFF
3440	#DDD8EC	#FEFEFE
3441	#E4E0F0	#FEFEFE
3442	#F4E5E3	#FEFEFE
3443	#E9E6F3	#FEFEFE
3444	#F9F8FC	#FFFFFF
3445	#CCC5E3	#FDFDFD
3446	#FAF9FC	#FFFFFF
3447	#D4CEE7	#FDFDFD
3448	#EEECF6	#FFFFFF
3449	#FBFAFD	#FFFFFF
3450	#EEECF6	#FFFFFF
3451	#A79ECF	#FBFBFB
3452	#E9E6F3	#FEFEFE
3453	#F1E0DD	#FEFEFE
3454	#E0BEB9	#FEFEFE
3455	#FAF9FC	#FFFFFF
3456	#DCD7EC	#FEFEFE
3457	#EFEDF6	#FFFFFF
3458	#D9AFA9	#FDFDFD
3459	#DDD8EC	#FEFEFE
3460	#EBD4D0	#FEFEFE
3461	#F1E0DD	#FEFEFE
3462	#DCD7EC	#FEFEFE
3463	#D9AFAA	#FDFDFD
3464	#E8CECA	#FEFEFE
3465	#F1E0DD	#FEFEFE
3466	#F7EDEC	#FFFFFF
3467	#F8EEED	#FFFFFF
3468	#FAF9FC	#FFFFFF
3469	#E7E3F2	#FEFEFE
3470	#CCC5E3	#FDFDFD
3471	#FEFDFD	#FFFFFF
3472	#FBFAFD	#FFFFFF
3473	#F8EFED	#FFFFFF
3474	#FEFDFC	#FFFFFF
3475	#EFECF6	#FFFFFF
3476	#E1BEBA	#FEFEFE
3477	#FBFAFD	#FFFFFF
3478	#FBF6F6	#FFFFFF
3479	#EFECF6	#FEFEFE
3480	#F7ECEB	#FFFFFF
3481	#AFA5D3	#FCFCFC
3482	#D5CFE8	#FEFEFE
3483	#D5CFE8	#FEFEFE
3484	#F9F8FC	#FFFFFF
3485	#FBF6F6	#FFFFFF
3486	#D3CEE7	#FDFDFD
3488	#E6C8C4	#FDFDFD
3489	#D4CEE7	#FDFDFD
3490	#BEB6DC	#FCFCFC
3491	#D1CBE6	#FCFCFC
3492	#F4E5E3	#FEFEFE
3493	#E6C9C5	#FDFDFD
3494	#B7AFD8	#FDFDFD
3495	#F7F6FB	#FFFFFF
3496	#E4E0F0	#FEFEFE
3497	#FBF6F5	#FFFFFF
3498	#F3F1F8	#FFFFFF
3499	#E8E5F3	#FEFEFE
3500	#DDD8EC	#FEFEFE
3501	#FAF9FC	#FFFFFF
3502	#FBF6F5	#FFFFFF
3503	#B2A9D5	#FAFAFA
3504	#BDB5DB	#FCFCFC
3505	#E1BEBA	#FEFEFE
3506	#C4BDDF	#FCFCFC
3507	#F8EEED	#FFFFFF
3508	#E8E5F3	#FEFEFE
3509	#FCF7F6	#FFFFFF
3510	#E1BEBA	#FEFEFE
3512	#E4E1F1	#FEFEFE
3513	#DDD8ED	#FEFEFE
3514	#FAF9FC	#FFFFFF
3515	#A79ECF	#FBFBFB
3516	#C3BBDE	#FDFDFD
3517	#D3CEE7	#FDFDFD
3518	#F7ECEB	#FFFFFF
3519	#F8EEED	#FFFFFF
3520	#F6F5FA	#FFFFFF
3521	#D4CFE8	#FEFEFE
3522	#DDD9ED	#FEFEFE
3523	#FBF6F6	#FFFFFF
3524	#E5E1F1	#FEFEFE
3525	#C3BBDE	#FDFDFD
3526	#DDD8EC	#FEFEFE
3527	#FAF9FC	#FFFFFF
3529	#E8E5F3	#FEFEFE
3530	#C3BBDE	#FDFDFD
3531	#DFDAEE	#FEFEFE
3532	#D5CFE8	#FDFDFD
3533	#C3BBDE	#FDFDFD
3534	#E9E6F3	#FEFEFE
3535	#EFEDF6	#FFFFFF
3536	#F4E5E4	#FEFEFE
3537	#F1E0DD	#FEFEFE
3538	#F7ECEB	#FFFFFF
3539	#E8E5F3	#FEFEFE
3540	#C3BBDE	#FDFDFD
3541	#E9CECA	#FEFEFE
3542	#FEFCFC	#FFFFFF
3543	#C7C0E1	#FCFCFC
3544	#ECEAF5	#FEFEFE
3545	#AEA5D3	#FCFCFC
3546	#EBE8F4	#FEFEFE
3547	#DCD7EC	#FEFEFE
3548	#FBF6F5	#FFFFFF
3549	#F9F0EF	#FFFFFF
3550	#D4CEE7	#FDFDFD
3551	#C3BBDE	#FDFDFD
3552	#DDD8EC	#FEFEFE
3554	#F9F8FC	#FFFFFF
3555	#C1B9DD	#FBFBFB
3556	#F7F5FA	#FFFFFF
3557	#EEECF6	#FFFFFF
3558	#EBD4D0	#FEFEFE
3559	#DDD8EC	#FEFEFE
3560	#EED9D6	#FEFEFE
3561	#DDD8ED	#FEFEFE
3562	#E8E5F3	#FEFEFE
3563	#DCD7EC	#FEFEFE
3564	#E9E6F3	#FEFEFE
3565	#E9E5F3	#FEFEFE
3566	#E9E6F3	#FEFEFE
3567	#B2A9D5	#FAFAFA
3568	#E6E3F2	#FEFEFE
3569	#D5CFE8	#FEFEFE
3570	#AFA6D3	#FCFCFC
3571	#F2F0F8	#FEFEFE
3572	#FAF9FC	#FFFFFF
3573	#DCD8EC	#FEFEFE
3574	#C3BBDE	#FDFDFD
3575	#ECD5D2	#FEFEFE
3576	#FAF9FC	#FFFFFF
3577	#D4CFE8	#FEFEFE
3578	#B7AFD8	#FDFDFD
3579	#D5CFE8	#FEFEFE
3580	#C3BBDE	#FDFDFD
3581	#FBFAFD	#FFFFFF
3582	#FBFAFD	#FFFFFF
3583	#E8E5F3	#FEFEFE
3584	#C3BBDE	#FDFDFD
3585	#F8EEED	#FFFFFF
3586	#C9928B	#FBFBFB
3587	#DFDAED	#FDFDFD
3588	#C3BBDE	#FDFDFD
3589	#B7AFD8	#FDFDFD
3590	#FBF6F6	#FFFFFF
3591	#EDEAF5	#FEFEFE
3592	#EFECF6	#FFFFFF
3593	#DCD7EC	#FEFEFE
3594	#FBFAFD	#FFFFFF
3595	#AFA5D3	#FCFCFC
3596	#EEECF6	#FFFFFF
3597	#FBF6F5	#FFFFFF
3598	#EDEAF5	#FEFEFE
3599	#F6F4FA	#FFFFFF
3600	#FAF9FC	#FFFFFF
3601	#FBF5F5	#FFFFFF
3602	#E9E5F3	#FEFEFE
3603	#F7ECEB	#FFFFFF
3604	#F8EEED	#FFFFFF
3605	#D7D1E9	#FDFDFD
3606	#D4CEE7	#FDFDFD
3607	#FAF9FC	#FFFFFF
3608	#EBD4D0	#FEFEFE
3609	#FBFAFD	#FFFFFF
3610	#EEECF6	#FFFFFF
3611	#CF9D96	#FCFCFC
3612	#D0CAE6	#FCFCFC
3614	#EFEDF6	#FFFFFF
3615	#FBFAFD	#FFFFFF
3616	#DDD8ED	#FEFEFE
3617	#C3BBDE	#FDFDFD
3618	#A79ECF	#FBFBFB
3619	#EEECF6	#FEFEFE
3620	#EEECF6	#FFFFFF
3621	#FAF9FC	#FFFFFF
3623	#B8AFD8	#FDFDFD
3624	#E8E5F3	#FEFEFE
3625	#D5CFE8	#FEFEFE
3626	#FBFAFD	#FFFFFF
3627	#FBFAFD	#FFFFFF
3628	#EFECF6	#FFFFFF
3629	#C3BBDE	#FDFDFD
3630	#A096CB	#FBFBFB
3631	#FBFBFD	#FFFFFF
3632	#F4E6E4	#FEFEFE
3633	#D1CBE6	#FCFCFC
3634	#F8EEED	#FFFFFF
3635	#FBF6F6	#FFFFFF
3636	#FAFAFD	#FFFFFF
3637	#FAF9FC	#FFFFFF
3638	#EFECF6	#FEFEFE
3639	#F6F5FA	#FFFFFF
3640	#D5CFE8	#FEFEFE
3641	#D3CDE7	#FDFDFD
3642	#EFEDF6	#FEFEFE
3643	#FEFCFC	#FFFFFF
3644	#F8EEED	#FFFFFF
3645	#A79DCF	#FBFBFB
3646	#FBF6F5	#FFFFFF
3647	#EEECF6	#FFFFFF
3648	#E6E2F1	#FEFEFE
3649	#F9F2F0	#FFFFFF
3650	#FDFAFA	#FFFFFF
3651	#DDD8EC	#FEFEFE
3652	#EFEDF6	#FEFEFE
3653	#FAFAFC	#FFFFFF
3654	#FCFBFD	#FFFFFF
3655	#BEB6DC	#FCFCFC
3656	#D3CDE7	#FDFDFD
3657	#EBD4D0	#FEFEFE
3658	#ECD6D3	#FEFEFE
3660	#EFECF6	#FFFFFF
3661	#A79DCF	#FBFBFB
3662	#D5CFE8	#FEFEFE
3663	#DCD8EC	#FEFEFE
3664	#C8918A	#FBFBFB
3666	#E8E5F3	#FEFEFE
3667	#E8E5F3	#FEFEFE
3668	#DDD9ED	#FEFEFE
3669	#D3CDE7	#FDFDFD
3670	#A89ECF	#FBFBFB
3671	#DDD8ED	#FEFEFE
3672	#FAF4F3	#FFFFFF
3673	#EBD4D0	#FEFEFE
3674	#F0EEF7	#FFFFFF
3675	#C3BBDE	#FDFDFD
3676	#D4CFE8	#FEFEFE
3678	#CDC7E4	#FCFCFC
3680	#C3BBDE	#FDFDFD
3681	#E9E5F3	#FEFEFE
3682	#D3CDE7	#FDFDFD
3683	#FBFBFD	#FFFFFF
3684	#FBFAFD	#FFFFFF
3685	#F1E0DD	#FEFEFE
3686	#D4CFE8	#FEFEFE
3687	#C5BEDF	#FCFCFC
3688	#E8E5F3	#FEFEFE
3689	#ECEAF5	#FEFEFE
3690	#EFECF6	#FFFFFF
3691	#FBFBFD	#FFFFFF
3692	#E9E5F3	#FEFEFE
3693	#F1E0DD	#FEFEFE
3694	#AFA6D3	#FCFCFC
3695	#FEFDFD	#FFFFFF
3696	#FAF9FC	#FFFFFF
3697	#FEFDFD	#FFFFFF
3698	#BEB6DC	#FCFCFC
3699	#EDEBF5	#FEFEFE
3700	#EBD4D0	#FEFEFE
3701	#F9F8FC	#FFFFFF
3702	#FAF9FC	#FFFFFF
3703	#E9E6F3	#FEFEFE
3704	#C3BBDE	#FDFDFD
3705	#FAF9FC	#FFFFFF
3706	#D9B0AB	#FDFDFD
3707	#F7ECEB	#FFFFFF
3708	#FAF9FC	#FFFFFF
3709	#CCC5E3	#FDFDFD
3710	#D3CDE7	#FDFDFD
3711	#FEFDFC	#FFFFFF
3712	#F9F0EF	#FFFFFF
3713	#EFECF6	#FFFFFF
3714	#FAF9FC	#FFFFFF
3715	#EEEBF6	#FFFFFF
3716	#DDD9ED	#FEFEFE
3717	#A197CC	#FBFBFB
3718	#CBC5E3	#FDFDFD
3719	#DCD7EC	#FEFEFE
3720	#E9E5F3	#FEFEFE
3721	#F6EBEA	#FFFFFF
3722	#FBFAFD	#FFFFFF
3723	#D4CEE8	#FDFDFD
3724	#C3BBDE	#FDFDFD
3725	#FAF9FC	#FFFFFF
3727	#D3CDE7	#FDFDFD
3728	#E8E5F3	#FEFEFE
3729	#F8EEED	#FFFFFF
3730	#E8E5F3	#FEFEFE
3731	#D5CFE8	#FDFDFD
3732	#B7AFD8	#FDFDFD
3733	#EEECF6	#FFFFFF
3734	#E9E5F3	#FEFEFE
3735	#E3C3BF	#FDFDFD
3736	#FAF9FC	#FFFFFF
3737	#E4E1F1	#FEFEFE
3738	#CEC7E4	#FDFDFD
3739	#EAE7F4	#FEFEFE
3740	#DEDAED	#FDFDFD
3741	#FAF9FC	#FFFFFF
3742	#E9E5F3	#FEFEFE
3743	#E8E5F3	#FEFEFE
3744	#EEECF6	#FFFFFF
3745	#FBFAFD	#FFFFFF
3746	#D7D2E9	#FDFDFD
3747	#EBD4D0	#FEFEFE
3748	#ECD5D2	#FEFEFE
3749	#F0DDDA	#FEFEFE
3750	#EEECF6	#FFFFFF
3751	#D4CEE8	#FDFDFD
3752	#B7AFD8	#FDFDFD
3753	#D5CFE8	#FEFEFE
3754	#F6F4FA	#FFFFFF
3755	#D9B0AA	#FDFDFD
3756	#CCC5E3	#FDFDFD
3757	#E8E5F3	#FEFEFE
3758	#FBF7F6	#FFFFFF
3759	#C3BBDE	#FDFDFD
3760	#C3BBDE	#FDFDFD
3761	#E1BEB9	#FEFEFE
3762	#FBF6F6	#FFFFFF
3763	#FBF6F6	#FFFFFF
3764	#E8CDC9	#FEFEFE
3765	#FBF6F6	#FFFFFF
3766	#AEA5D3	#FCFCFC
3767	#DED9ED	#FDFDFD
3768	#AEA5D3	#FCFCFC
3769	#B7AFD8	#FDFDFD
3770	#F7EDEB	#FFFFFF
3771	#EBD3D0	#FEFEFE
3772	#D4CFE8	#FEFEFE
3773	#F9F9FC	#FFFFFF
3774	#C3BBDE	#FDFDFD
3775	#F1E0DE	#FEFEFE
3776	#E8E5F3	#FEFEFE
3778	#EFEDF6	#FFFFFF
3779	#EBD4D0	#FEFEFE
3781	#C6BFE0	#FCFCFC
3782	#F7EDEB	#FFFFFF
3783	#EEECF6	#FFFFFF
3784	#B7AFD8	#FDFDFD
3785	#E5E1F1	#FEFEFE
3786	#C3BBDE	#FDFDFD
3787	#F4E6E4	#FEFEFE
3788	#EDEBF5	#FEFEFE
3789	#FBF6F6	#FFFFFF
3790	#D3CDE7	#FDFDFD
3791	#C3BBDE	#FDFDFD
3792	#CF9D97	#FCFCFC
3793	#CBC5E3	#FDFDFD
3794	#FBF6F5	#FFFFFF
3795	#EEECF6	#FEFEFE
3796	#E9E6F3	#FEFEFE
3797	#EFECF6	#FFFFFF
3798	#F1E0DD	#FEFEFE
3799	#DCD7EC	#FEFEFE
3800	#EFECF6	#FFFFFF
3801	#E8E5F2	#FEFEFE
3802	#D4CEE8	#FDFDFD
3803	#FBFAFD	#FFFFFF
3804	#DDD8EC	#FEFEFE
3805	#E4E1F1	#FEFEFE
3806	#E6E3F2	#FEFEFE
3807	#E1BEBA	#FEFEFE
3808	#DDD8EC	#FEFEFE
3810	#CCC5E3	#FDFDFD
3811	#C3BBDE	#FDFDFD
3812	#FBFAFD	#FFFFFF
3813	#E8E5F3	#FEFEFE
3814	#FAF9FC	#FFFFFF
3815	#E8E5F3	#FEFEFE
3816	#FAF9FC	#FFFFFF
3817	#E9E5F3	#FEFEFE
3818	#FEFDFD	#FFFFFF
3819	#BEB6DC	#FCFCFC
3821	#EFECF6	#FFFFFF
3822	#E4E0F0	#FEFEFE
3823	#B8AFD8	#FDFDFD
3824	#D5CFE8	#FEFEFE
3825	#EBD4D0	#FEFEFE
3826	#C3BBDE	#FDFDFD
3827	#CBC5E3	#FDFDFD
3828	#EBD4D0	#FEFEFE
3830	#C3BBDE	#FDFDFD
3831	#FBFAFD	#FFFFFF
3832	#C4BDDF	#FCFCFC
3833	#EEECF6	#FFFFFF
3834	#D5CFE8	#FEFEFE
3835	#DDD8ED	#FEFEFE
3836	#DBD6EC	#FEFEFE
3837	#FBF6F5	#FFFFFF
3838	#EEECF6	#FFFFFF
3839	#F6F5FA	#FFFFFF
3840	#D8D3EA	#FDFDFD
3841	#F2F0F8	#FFFFFF
3842	#DDD8EC	#FEFEFE
3843	#F8EFED	#FFFFFF
3844	#F4E6E4	#FEFEFE
3845	#FEFDFD	#FFFFFF
3846	#FBFBFD	#FFFFFF
3847	#B7AED8	#FAFAFA
3848	#DDD8EC	#FEFEFE
3849	#FAFAFD	#FFFFFF
3850	#FAFAFD	#FFFFFF
3851	#D4CEE7	#FDFDFD
3852	#F5F4FA	#FFFFFF
3853	#F2E1DE	#FEFEFE
3854	#E4E1F1	#FEFEFE
3855	#DDD9ED	#FEFEFE
3856	#CCC6E3	#FDFDFD
3857	#E9E5F3	#FEFEFE
3858	#FBFAFD	#FFFFFF
3859	#FBF6F6	#FFFFFF
3860	#FAF9FC	#FFFFFF
3861	#FBFAFD	#FFFFFF
3862	#E4E1F1	#FEFEFE
3863	#FEFDFD	#FFFFFF
3864	#F8EEEC	#FFFFFF
3865	#E9CECA	#FEFEFE
3866	#F1DFDD	#FEFEFE
3867	#EEECF6	#FFFFFF
3868	#BEB6DC	#FCFCFC
3869	#DCD8EC	#FEFEFE
3870	#C3BBDE	#FDFDFD
3871	#DDD8EC	#FEFEFE
3872	#D5CFE8	#FEFEFE
3873	#D7D2E9	#FDFDFD
3874	#E1BEBA	#FEFEFE
3875	#D5CFE8	#FEFEFE
3876	#FBFAFD	#FFFFFF
3877	#C3BBDE	#FDFDFD
3878	#E8E5F3	#FEFEFE
3879	#EEECF6	#FFFFFF
3880	#EBD4D0	#FEFEFE
3881	#A89ECF	#FBFBFB
3882	#F9F8FC	#FFFFFF
3883	#E6E3F2	#FEFEFE
3884	#DDD8EC	#FEFEFE
3885	#E9E6F3	#FEFEFE
3886	#DCD8EC	#FEFEFE
3887	#FAF9FC	#FFFFFF
3888	#E9E5F3	#FEFEFE
3889	#F9F1F0	#FFFFFF
3890	#EDEAF5	#FEFEFE
3891	#E4E1F1	#FEFEFE
3892	#E8E5F3	#FEFEFE
3893	#B7AFD8	#FDFDFD
3894	#E4E0F0	#FEFEFE
3895	#F6F5FA	#FFFFFF
3896	#E9E5F3	#FEFEFE
3897	#FFFEFE	#FFFFFF
3898	#EBD4D0	#FEFEFE
3899	#E9E6F3	#FEFEFE
3900	#D9B0AB	#FDFDFD
3901	#D2CCE6	#FCFCFC
3902	#FEFDFD	#FFFFFF
3903	#FBF7F6	#FFFFFF
3904	#EFECF6	#FFFFFF
3905	#F8EEED	#FFFFFF
3906	#C3BBDE	#FDFDFD
3907	#F8EEED	#FFFFFF
3908	#E1BEBA	#FEFEFE
3909	#B7AFD8	#FDFDFD
3910	#D4CFE8	#FEFEFE
3911	#A79DCF	#FBFBFB
3912	#F4E5E3	#FEFEFE
3913	#CDC7E4	#FDFDFD
3914	#DCD7EC	#FEFEFE
3915	#D3CDE7	#FDFDFD
3916	#B8AFD8	#FDFDFD
3917	#D3CDE7	#FDFDFD
3918	#B7AFD8	#FDFDFD
3919	#DCD8EC	#FEFEFE
3920	#F1E0DD	#FEFEFE
3921	#B7AFD8	#FDFDFD
3922	#A79DCF	#FBFBFB
3923	#D7D2E9	#FDFDFD
3924	#E4E1F1	#FEFEFE
3925	#EFECF6	#FFFFFF
3926	#E8E5F3	#FEFEFE
3927	#D4CFE8	#FEFEFE
3928	#E9E6F3	#FEFEFE
3929	#B7AFD8	#FDFDFD
3930	#EEECF6	#FEFEFE
3931	#F9F8FC	#FFFFFF
3932	#E8E5F3	#FEFEFE
3933	#EBD4D0	#FEFEFE
3934	#EDEAF5	#FEFEFE
3935	#FAF9FC	#FFFFFF
3936	#FAF9FC	#FFFFFF
3937	#D4CEE7	#FDFDFD
3938	#DCD8EC	#FEFEFE
3939	#D3CEE7	#FDFDFD
3940	#FBF6F6	#FFFFFF
3941	#E5E1F1	#FEFEFE
3942	#EEEBF6	#FEFEFE
3943	#FEFDFD	#FFFFFF
3944	#F1E0DE	#FEFEFE
3945	#EBD4D0	#FEFEFE
3946	#FAF9FC	#FFFFFF
3947	#F6F4FA	#FFFFFF
3948	#FBFAFD	#FFFFFF
3949	#F7EDEB	#FFFFFF
3950	#EEECF6	#FEFEFE
3951	#E8E5F3	#FEFEFE
3952	#C3BBDE	#FDFDFD
3953	#FCFBFD	#FFFFFF
3954	#DED9ED	#FEFEFE
3955	#FBF7F6	#FFFFFF
3956	#F1E0DE	#FEFEFE
3957	#F9F8FC	#FFFFFF
3958	#E8E5F3	#FEFEFE
3960	#ECD6D3	#FEFEFE
3961	#FBF7F6	#FFFFFF
3962	#D4CFE8	#FDFDFD
3963	#FAF9FC	#FFFFFF
3964	#FDFBFB	#FFFFFF
3965	#DDD8EC	#FEFEFE
3966	#C3BBDE	#FDFDFD
3967	#FBF6F6	#FFFFFF
3968	#F7ECEB	#FFFFFF
3969	#AFA5D3	#FCFCFC
3970	#EBD3D0	#FEFEFE
3971	#DCD8EC	#FEFEFE
3972	#C3BBDE	#FDFDFD
3973	#B7AED8	#FDFDFD
3974	#E8E5F3	#FEFEFE
3975	#CCC6E3	#FDFDFD
3976	#C4BDDF	#FCFCFC
3977	#C3BBDE	#FDFDFD
3978	#F9F8FC	#FFFFFF
3979	#E8E5F3	#FEFEFE
3980	#FAFAFC	#FFFFFF
3981	#FBFAFD	#FFFFFF
3982	#ECD5D2	#FEFEFE
3983	#E8E5F3	#FEFEFE
3984	#FEFDFD	#FFFFFF
3985	#A79ECF	#FBFBFB
3986	#FBF6F6	#FFFFFF
3987	#AFA5D3	#FCFCFC
3988	#F9F9FC	#FFFFFF
3989	#DCD8EC	#FEFEFE
3990	#EFEDF6	#FFFFFF
3991	#FAF9FC	#FFFFFF
3992	#D3CDE7	#FDFDFD
3993	#E4E0F0	#FEFEFE
3994	#A89ED0	#FBFBFB
3995	#DBD6EC	#FEFEFE
3996	#FCFBFD	#FFFFFF
3997	#F2F0F8	#FFFFFF
3998	#D4CFE8	#FDFDFD
3999	#DCD7EC	#FEFEFE
4000	#F8EEED	#FFFFFF
4001	#E7E3F2	#FEFEFE
4002	#F4E6E4	#FEFEFE
4003	#CF9D97	#FCFCFC
4004	#FBFAFD	#FFFFFF
4005	#D4CEE8	#FDFDFD
4006	#E5E1F1	#FEFEFE
4007	#FAF9FC	#FFFFFF
4008	#B7AFD8	#FDFDFD
4009	#FBFAFD	#FFFFFF
4010	#C3BBDE	#FDFDFD
4011	#FBFBFD	#FFFFFF
4012	#FAF9FC	#FFFFFF
4013	#F7EDEB	#FFFFFF
4014	#D09E98	#FCFCFC
4015	#EEEBF6	#FFFFFF
4016	#FAF9FC	#FFFFFF
4017	#D4CEE8	#FEFEFE
4018	#FAFAFC	#FFFFFF
4019	#E4E0F0	#FEFEFE
4020	#AFA5D3	#FCFCFC
4021	#E8E5F3	#FEFEFE
4022	#F1DFDD	#FEFEFE
4023	#FBFAFD	#FFFFFF
4024	#FAF9FC	#FFFFFF
4025	#C3BBDE	#FDFDFD
4026	#D7D1E9	#FDFDFD
4027	#DDD9ED	#FEFEFE
4028	#B7AFD8	#FDFDFD
4029	#C3BBDE	#FDFDFD
4030	#D5CFE8	#FEFEFE
4031	#F7F6FB	#FFFFFF
4032	#CCC5E3	#FDFDFD
4033	#A197CC	#FBFBFB
4034	#EFECF6	#FEFEFE
4035	#EEECF6	#FEFEFE
4036	#F8EEED	#FFFFFF
4037	#FAF9FC	#FFFFFF
4038	#C4BDDF	#FCFCFC
4039	#C4BCDF	#FCFCFC
4040	#D4A59F	#FCFCFC
4041	#D4CFE8	#FDFDFD
4042	#DDD9ED	#FDFDFD
4043	#F2F0F8	#FFFFFF
4044	#D4CEE7	#FDFDFD
4045	#ECD6D3	#FEFEFE
4046	#F7ECEB	#FFFFFF
4047	#C3BBDE	#FDFDFD
4048	#D4CEE8	#FEFEFE
4049	#FAF9FC	#FFFFFF
4050	#E6E3F2	#FEFEFE
4051	#E5E1F1	#FEFEFE
4052	#FBFAFD	#FFFFFF
4053	#FAFAFD	#FFFFFF
4054	#F7F5FA	#FFFFFF
4055	#D4CEE7	#FDFDFD
4056	#D9B0AB	#FDFDFD
4057	#E0BDB9	#FEFEFE
4058	#FAF9FC	#FFFFFF
4059	#FBF6F6	#FFFFFF
4060	#ECD5D2	#FEFEFE
4061	#C3BBDE	#FDFDFD
4062	#E8E5F3	#FEFEFE
4063	#E4E1F1	#FEFEFE
4064	#EEECF6	#FFFFFF
4065	#C7C0E1	#FCFCFC
4066	#E1BEB9	#FEFEFE
4067	#E1BEBA	#FEFEFE
4068	#EEECF6	#FFFFFF
4069	#F8EEED	#FFFFFF
4070	#EBD4D0	#FEFEFE
4071	#E5E1F1	#FEFEFE
4072	#E4E0F0	#FEFEFE
4073	#FBF6F6	#FFFFFF
4074	#E8E5F3	#FEFEFE
4075	#C3BBDE	#FDFDFD
4076	#EEECF6	#FFFFFF
4077	#FEFCFC	#FFFFFF
4078	#FBF6F6	#FFFFFF
4079	#A197CC	#FBFBFB
4080	#FAFAFC	#FFFFFF
4081	#FBF6F6	#FFFFFF
4082	#F9F9FC	#FFFFFF
4083	#E9E5F3	#FEFEFE
4084	#D5CFE8	#FEFEFE
4085	#F9F8FC	#FFFFFF
4086	#D0CAE5	#FCFCFC
4087	#F7ECEB	#FFFFFF
4088	#EEECF6	#FFFFFF
4089	#FBF6F5	#FFFFFF
4090	#FBF6F5	#FFFFFF
4091	#DCD7EC	#FEFEFE
4092	#CEC8E4	#FDFDFD
4093	#D4A5A0	#FCFCFC
4094	#E7E4F2	#FEFEFE
4095	#E8CDC9	#FEFEFE
4097	#E5E1F1	#FEFEFE
4098	#E9CECA	#FEFEFE
4099	#FBFBFD	#FFFFFF
4100	#E5E1F1	#FEFEFE
4101	#C3BBDE	#FDFDFD
4102	#E5E1F1	#FEFEFE
4103	#D5CFE8	#FEFEFE
4104	#CBC4E3	#FDFDFD
4105	#F7EDEC	#FFFFFF
4106	#F1E0DD	#FEFEFE
4107	#F1DFDD	#FEFEFE
4108	#E8E5F3	#FEFEFE
4109	#EDEAF5	#FEFEFE
4110	#F8EEED	#FFFFFF
4111	#D9AFAA	#FDFDFD
4112	#F1DFDD	#FEFEFE
4113	#F6F5FA	#FFFFFF
4114	#D5CFE8	#FEFEFE
4115	#FBF6F5	#FFFFFF
4116	#FAF9FC	#FFFFFF
4117	#F7EEEC	#FFFFFF
4118	#E5E1F1	#FEFEFE
4119	#D4A5A0	#FCFCFC
4120	#F7ECEB	#FFFFFF
4121	#E1BEBA	#FEFEFE
4122	#FBF6F6	#FFFFFF
4123	#FBF6F5	#FFFFFF
4124	#FBFAFD	#FFFFFF
4125	#D5CFE8	#FEFEFE
4126	#E4C4C0	#FDFDFD
4127	#CBC5E3	#FDFDFD
4128	#D3CDE7	#FDFDFD
4129	#B7AFD8	#FDFDFD
4131	#FAF9FC	#FFFFFF
4132	#AFA5D3	#FCFCFC
4133	#B7AFD8	#FDFDFD
4135	#E8E5F3	#FEFEFE
4136	#D3CEE7	#FDFDFD
4137	#EDEBF5	#FEFEFE
4138	#E9E6F3	#FEFEFE
4139	#EFEDF6	#FFFFFF
4140	#F8EFED	#FFFFFF
4141	#F9F8FC	#FFFFFF
4142	#C0B8DD	#F9F9F9
4143	#C5BEE0	#FCFCFC
4144	#EBE8F4	#FEFEFE
4145	#DDD8ED	#FEFEFE
4146	#E5E1F1	#FEFEFE
4147	#FAFAFC	#FFFFFF
4148	#FAF9FC	#FFFFFF
4149	#D5CFE8	#FEFEFE
4150	#B7AFD8	#FDFDFD
4151	#FAF9FC	#FFFFFF
4152	#E5E2F1	#FEFEFE
4153	#B7AFD8	#FDFDFD
4154	#B7AFD8	#FDFDFD
4155	#D7D1E9	#FDFDFD
4156	#C3BBDE	#FDFDFD
4157	#E6C8C5	#FDFDFD
4158	#F8EEED	#FFFFFF
4159	#FAFAFC	#FFFFFF
4160	#FAFAFD	#FFFFFF
4161	#F8EEEC	#FFFFFF
4162	#F8EEED	#FFFFFF
4163	#DCD7EC	#FEFEFE
4164	#FBF6F6	#FFFFFF
4165	#B8AFD8	#FDFDFD
4166	#E6E3F2	#FEFEFE
4167	#E5E1F1	#FEFEFE
4168	#F1E0DE	#FEFEFE
4169	#F2E1DE	#FEFEFE
4170	#F6F5FA	#FFFFFF
4172	#FBF6F5	#FFFFFF
4173	#E2C0BC	#FDFDFD
4174	#F9F8FC	#FFFFFF
4175	#DDD8EC	#FEFEFE
4176	#D5CFE8	#FEFEFE
4177	#FAF9FC	#FFFFFF
4178	#FBFAFD	#FFFFFF
4179	#F7ECEB	#FFFFFF
4180	#E1BEBA	#FEFEFE
4181	#FAFAFC	#FFFFFF
4182	#E9E5F3	#FEFEFE
4183	#C3BBDE	#FDFDFD
4184	#AEA5D3	#FCFCFC
4185	#C3BBDE	#FDFDFD
4186	#F8EFED	#FFFFFF
4187	#FBF6F6	#FFFFFF
4188	#F6F5FA	#FFFFFF
4189	#E8E5F3	#FEFEFE
4190	#A79ECF	#FBFBFB
4191	#CF9E97	#FCFCFC
4192	#F8EEED	#FFFFFF
4193	#E5E1F1	#FEFEFE
4194	#E4E0F0	#FEFEFE
4195	#D4CEE8	#FDFDFD
4196	#B7AFD8	#FDFDFD
4197	#FBFAFD	#FFFFFF
4198	#DDD8EC	#FEFEFE
4199	#D9AFAA	#FDFDFD
4200	#FBFAFD	#FFFFFF
4201	#ECD4D1	#FEFEFE
4203	#9B91C8	#FAFAFA
4204	#FAFAFD	#FFFFFF
4205	#B8AFD8	#FDFDFD
4206	#E5E1F1	#FEFEFE
4207	#C3BBDE	#FDFDFD
4208	#FDFAFA	#FFFFFF
4209	#E1BEB9	#FEFEFE
4211	#ECD6D3	#FEFEFE
4212	#C3BBDE	#FDFDFD
4213	#D5CFE8	#FEFEFE
4214	#F9F9FC	#FFFFFF
4215	#F9F8FC	#FFFFFF
4216	#FAF9FC	#FFFFFF
4217	#D4CEE8	#FDFDFD
4218	#D4CEE8	#FEFEFE
4220	#EFECF6	#FEFEFE
4221	#C3BBDE	#FDFDFD
4222	#D4A6A0	#FCFCFC
4223	#FBFAFD	#FFFFFF
4224	#D1CBE6	#FCFCFC
4225	#FAF9FC	#FFFFFF
4226	#F9F8FC	#FFFFFF
4227	#FAF9FC	#FFFFFF
4228	#FBFAFD	#FFFFFF
4229	#E8E5F3	#FEFEFE
4230	#F8EEED	#FFFFFF
4231	#FAFAFC	#FFFFFF
4232	#CCC5E3	#FDFDFD
4233	#D4A5A0	#FCFCFC
4234	#B7AFD8	#FDFDFD
4235	#FEFDFD	#FFFFFF
4236	#F8EEED	#FFFFFF
4237	#F2F0F8	#FFFFFF
4238	#EBD3D0	#FEFEFE
4239	#CBC5E3	#FDFDFD
4240	#C3BBDE	#FDFDFD
4241	#E1BEB9	#FEFEFE
4242	#D4CEE8	#FEFEFE
4243	#9B91C9	#FAFAFA
4244	#CDC7E4	#FCFCFC
4245	#EBE9F4	#FEFEFE
4246	#FAF9FC	#FFFFFF
4247	#FBF6F5	#FFFFFF
4248	#EFEDF6	#FEFEFE
4249	#E5E2F1	#FEFEFE
4250	#FAF9FC	#FFFFFF
4251	#D4CFE8	#FEFEFE
4252	#FAF9FC	#FFFFFF
4253	#E8E5F3	#FEFEFE
4254	#F8EEED	#FFFFFF
4255	#E8E5F3	#FEFEFE
4256	#C5BDDF	#FCFCFC
4257	#FBF6F5	#FFFFFF
4258	#C3BBDE	#FDFDFD
4259	#FAFAFC	#FFFFFF
4260	#D2CCE6	#FCFCFC
4262	#FAF9FC	#FFFFFF
4263	#F1E0DD	#FEFEFE
4264	#EBD3D0	#FEFEFE
4265	#DCD7EC	#FEFEFE
4266	#FBFAFD	#FFFFFF
4267	#DDD9ED	#FEFEFE
4268	#EED9D7	#FEFEFE
4269	#F4E6E4	#FEFEFE
4270	#D3CEE7	#FDFDFD
4271	#FAF9FC	#FFFFFF
4272	#EBD4D0	#FEFEFE
4273	#D5CFE8	#FEFEFE
4274	#C5BEDF	#FCFCFC
4275	#EFEDF7	#FFFFFF
4276	#E6C8C4	#FDFDFD
4277	#EFEDF7	#FFFFFF
4278	#F9F9FC	#FFFFFF
4280	#FBFBFD	#FFFFFF
4281	#D3A59F	#FCFCFC
4282	#AFA6D3	#FCFCFC
4283	#F4E6E4	#FEFEFE
4284	#B7AFD8	#FDFDFD
4285	#D3CDE7	#FDFDFD
4286	#CDC7E4	#FDFDFD
4287	#DDD8EC	#FEFEFE
4288	#D3CEE7	#FDFDFD
4289	#EEECF6	#FFFFFF
4290	#A79ECF	#FBFBFB
4291	#FAF9FC	#FFFFFF
4292	#E4E1F1	#FEFEFE
4293	#A79ECF	#FBFBFB
4294	#D2CDE7	#FCFCFC
4295	#B8B0D9	#FBFBFB
4296	#EFECF6	#FFFFFF
4297	#D9B0AB	#FDFDFD
4298	#AFA6D3	#FCFCFC
4299	#D5CFE8	#FEFEFE
4300	#B7AFD8	#FDFDFD
4301	#E9E5F3	#FEFEFE
4302	#E8E5F3	#FEFEFE
4303	#EEECF6	#FFFFFF
4304	#DDD8EC	#FEFEFE
4305	#D4CFE8	#FEFEFE
4306	#C3BBDE	#FDFDFD
4307	#F2F1F8	#FFFFFF
4308	#D4CFE8	#FEFEFE
4309	#F8EEED	#FFFFFF
4310	#DCD8EC	#FEFEFE
4311	#DDD8EC	#FEFEFE
4312	#D5CFE8	#FEFEFE
4313	#D4CFE8	#FDFDFD
4314	#F8EEED	#FFFFFF
4315	#E9E5F3	#FEFEFE
4316	#E8E5F3	#FEFEFE
4317	#E8CDCA	#FEFEFE
4318	#FBF6F6	#FFFFFF
4319	#F1DFDD	#FEFEFE
4320	#DDD8EC	#FEFEFE
4321	#CF9D97	#FCFCFC
4322	#EBD4D0	#FEFEFE
4323	#D4CEE8	#FEFEFE
4324	#E3C3BF	#FDFDFD
4325	#FEFDFD	#FFFFFF
4326	#F9F8FC	#FFFFFF
4327	#F7ECEB	#FFFFFF
4328	#CBC4E3	#FDFDFD
4329	#CDC6E4	#FCFCFC
4330	#FBF6F6	#FFFFFF
4331	#E8E5F3	#FEFEFE
4332	#E5E1F1	#FEFEFE
4333	#C4BDDF	#FCFCFC
4334	#F9F9FC	#FFFFFF
4335	#FBF6F5	#FFFFFF
4336	#F9F8FC	#FFFFFF
4337	#FAF9FC	#FFFFFF
4338	#E6E3F1	#FEFEFE
4339	#E5E2F1	#FEFEFE
4340	#D4CFE8	#FEFEFE
4341	#FBF6F6	#FFFFFF
4342	#FAF9FC	#FFFFFF
4343	#E9E6F3	#FEFEFE
4344	#D5CFE8	#FDFDFD
4345	#E2DEEF	#FDFDFD
4346	#E6E2F1	#FEFEFE
4347	#AFA5D3	#FCFCFC
4348	#CCC5E3	#FDFDFD
4349	#DDD8EC	#FEFEFE
4350	#A79ECF	#FBFBFB
4351	#DDD8ED	#FEFEFE
4352	#F8EEED	#FFFFFF
4353	#EFECF6	#FFFFFF
4354	#FAF9FC	#FFFFFF
4355	#D4CFE8	#FEFEFE
4356	#E8CECA	#FEFEFE
4357	#E6E2F1	#FEFEFE
4359	#FAF9FC	#FFFFFF
4360	#E1BEBA	#FEFEFE
4362	#E9E6F3	#FEFEFE
4363	#FAF9FC	#FFFFFF
4364	#E9E5F3	#FEFEFE
4365	#F8EEED	#FFFFFF
4366	#DCD7EC	#FEFEFE
4367	#DDD8ED	#FEFEFE
4368	#CDC6E4	#FCFCFC
4369	#FBF6F6	#FFFFFF
4370	#DCD7EC	#FEFEFE
4371	#D4CEE7	#FDFDFD
4372	#DCD8EC	#FEFEFE
4373	#ECD5D2	#FEFEFE
4374	#F6F5FA	#FFFFFF
4375	#E9CECA	#FEFEFE
4376	#FAF9FC	#FFFFFF
4377	#FEFDFC	#FFFFFF
4378	#FBFAFD	#FFFFFF
4379	#CBC4E3	#F9F9F9
4380	#FBF7F6	#FFFFFF
4381	#D5CFE8	#FEFEFE
4382	#E8E5F3	#FEFEFE
4383	#C3BBDE	#FDFDFD
4384	#F7ECEB	#FFFFFF
4385	#F9F9FC	#FFFFFF
4386	#D4CFE8	#FEFEFE
4387	#E5E1F1	#FEFEFE
4388	#D4CEE7	#FDFDFD
4389	#DDD8ED	#FEFEFE
4390	#FCFCFE	#FFFFFF
4391	#C3BBDE	#FDFDFD
4392	#FBFAFD	#FFFFFF
4393	#EEEBF6	#FFFFFF
4394	#D4CEE8	#FDFDFD
4395	#CDC6E4	#FCFCFC
4396	#CCC5E3	#FDFDFD
4397	#FBFAFD	#FFFFFF
4398	#B7AFD8	#FDFDFD
4399	#D5CFE8	#FEFEFE
4400	#E6E3F2	#FEFEFE
4401	#F7ECEA	#FFFFFF
4402	#C3BBDE	#FDFDFD
4403	#CBC5E3	#FDFDFD
4404	#D5CFE8	#FEFEFE
4405	#F1DFDD	#FEFEFE
4406	#D9AFAA	#FDFDFD
4407	#EBD4D0	#FEFEFE
4408	#A79DCF	#FBFBFB
4409	#E9E5F3	#FEFEFE
4410	#E1BEB9	#FEFEFE
4411	#FAF9FC	#FFFFFF
4412	#D4CFE8	#FEFEFE
4413	#FAF9FC	#FFFFFF
4414	#D5CFE8	#FEFEFE
4415	#CCC5E3	#FDFDFD
4416	#F6F5FA	#FFFFFF
4417	#F7ECEB	#FFFFFF
4418	#EEECF6	#FEFEFE
4419	#B7AFD8	#FBFBFB
4420	#D4CEE8	#FDFDFD
4421	#F1DFDD	#FEFEFE
4422	#DDD8EC	#FEFEFE
4423	#F3F1F8	#FFFFFF
4424	#FDFCFE	#FFFFFF
4425	#F8EEED	#FFFFFF
4426	#E5E1F1	#FEFEFE
4427	#E8E5F3	#FEFEFE
4428	#FAF9FC	#FFFFFF
4429	#A79DCF	#FBFBFB
4430	#FAF9FC	#FFFFFF
4431	#FBF6F6	#FFFFFF
4432	#D9B0AB	#FDFDFD
4433	#A096CB	#FBFBFB
4434	#AEA5D3	#FCFCFC
4435	#B7AFD8	#FDFDFD
4436	#F1E0DD	#FEFEFE
4438	#FAFAFC	#FFFFFF
4439	#EEECF6	#FFFFFF
4440	#EFEDF6	#FFFFFF
4441	#EEECF6	#FFFFFF
4442	#CBC5E3	#FDFDFD
4443	#C5BEDF	#FCFCFC
4444	#FBF6F5	#FFFFFF
4445	#CCC6E3	#FCFCFC
4446	#F7EDEC	#FFFFFF
4447	#E5E1F1	#FEFEFE
4448	#D5CFE8	#FEFEFE
4449	#AFA6D3	#FCFCFC
4450	#E5C7C3	#FDFDFD
4451	#E9E6F3	#FEFEFE
4452	#EBD4D0	#FEFEFE
4453	#AFA6D3	#FCFCFC
4454	#FAF9FC	#FFFFFF
4455	#E1BEBA	#FEFEFE
4456	#FAF9FC	#FFFFFF
4457	#EFEDF6	#FEFEFE
4458	#E5E2F1	#FEFEFE
4459	#B7AFD8	#FDFDFD
4460	#E5E1F1	#FEFEFE
4461	#D9B0AA	#FDFDFD
4462	#C3BBDE	#FDFDFD
4463	#D4CFE8	#FEFEFE
4464	#FAFAFD	#FFFFFF
4465	#AFA5D3	#FCFCFC
4466	#FBFAFD	#FFFFFF
4467	#FAF9FC	#FFFFFF
4468	#DDD8EC	#FEFEFE
4469	#DCD7EC	#FEFEFE
4470	#D4CEE8	#FDFDFD
4471	#F1DFDD	#FEFEFE
4472	#FAF9FC	#FFFFFF
4473	#E8E5F3	#FEFEFE
4474	#FAF9FC	#FFFFFF
4475	#EFECF6	#FEFEFE
4476	#E8E5F3	#FEFEFE
4477	#EDEAF5	#FEFEFE
4478	#F7EDEB	#FFFFFF
4479	#A79DCF	#FBFBFB
4480	#A79ECF	#FBFBFB
4481	#F9F8FC	#FFFFFF
4482	#DDD9ED	#FEFEFE
4483	#D5CFE8	#FEFEFE
4484	#DDD8ED	#FEFEFE
4485	#D5CFE8	#FEFEFE
4486	#E1BEB9	#FEFEFE
4487	#E5E1F1	#FEFEFE
4488	#E7E4F2	#FEFEFE
4489	#C4BDDF	#FCFCFC
4490	#BEB6DB	#FCFCFC
4491	#E5E2F1	#FEFEFE
4492	#CBC4E3	#FDFDFD
4493	#DED9ED	#FEFEFE
4494	#D5CFE8	#FEFEFE
4495	#AFA6D3	#FCFCFC
4496	#FBFBFD	#FFFFFF
4497	#FBF6F5	#FFFFFF
4498	#E6E3F2	#FEFEFE
4500	#C3BBDE	#FDFDFD
4501	#AFA6D3	#FCFCFC
4502	#EEECF6	#FFFFFF
4503	#A79ECF	#FBFBFB
4505	#DDD8ED	#FEFEFE
4506	#E9E5F3	#FEFEFE
4507	#EEECF6	#FFFFFF
4508	#FBFAFD	#FFFFFF
4509	#FAF4F3	#FFFFFF
4510	#C3BBDE	#FDFDFD
4511	#FAF9FC	#FFFFFF
4512	#F8EEED	#FFFFFF
4513	#FBFAFD	#FFFFFF
4514	#B7AFD8	#FDFDFD
4515	#F8EFED	#FFFFFF
4516	#D3A59F	#FCFCFC
4517	#EBD4D0	#FEFEFE
4518	#FBF6F6	#FFFFFF
4519	#FBFBFD	#FFFFFF
4520	#EDEAF5	#FEFEFE
4521	#DDD8ED	#FEFEFE
4522	#F1E0DD	#FEFEFE
4523	#B7AED8	#FBFBFB
4524	#AEA5D3	#FCFCFC
4525	#E4E1F1	#FEFEFE
4526	#D4A59F	#FCFCFC
4527	#FEFCFC	#FFFFFF
4528	#FBFAFD	#FFFFFF
4529	#CBC4E3	#FDFDFD
4530	#D5CFE8	#FEFEFE
4531	#EBE8F4	#FEFEFE
4532	#FBFAFD	#FFFFFF
4533	#FAF9FC	#FFFFFF
4534	#CCC5E3	#FDFDFD
4535	#C3BBDE	#FDFDFD
4536	#FAFAFC	#FFFFFF
4537	#FAF9FC	#FFFFFF
4538	#EEECF6	#FFFFFF
4539	#B8AFD8	#FDFDFD
4540	#FAFAFD	#FFFFFF
4541	#CDC6E4	#FDFDFD
4542	#E6E2F1	#FEFEFE
4543	#C3BBDE	#FDFDFD
4544	#EAE7F4	#FEFEFE
4545	#C3BBDE	#FDFDFD
4547	#FAF9FC	#FFFFFF
4548	#A79DCF	#FBFBFB
4549	#F6F5FA	#FFFFFF
4550	#F8EEED	#FFFFFF
4551	#EEEBF6	#FFFFFF
4552	#D5CFE8	#FEFEFE
4553	#DDD8EC	#FEFEFE
4554	#E9E5F3	#FEFEFE
4555	#CBC4E3	#FDFDFD
4556	#EEECF6	#FFFFFF
4557	#D5CFE8	#FEFEFE
4558	#FEFDFD	#FFFFFF
4559	#D8D3EA	#FDFDFD
4560	#CBC5E3	#FDFDFD
4561	#ECD5D2	#FEFEFE
4562	#C3BBDE	#FDFDFD
4563	#D5CFE8	#FEFEFE
4564	#A79ECF	#FBFBFB
4565	#D5CFE8	#FEFEFE
4566	#C3BBDE	#FDFDFD
4567	#EFECF6	#FFFFFF
4568	#D9B0AB	#FDFDFD
4569	#FAF9FC	#FFFFFF
4570	#DDD8ED	#FDFDFD
4571	#F1E0DD	#FEFEFE
4572	#FAF9FC	#FFFFFF
4573	#C3BBDE	#FDFDFD
4574	#FAFAFC	#FFFFFF
4575	#FBF6F5	#FFFFFF
4576	#FAF9FC	#FFFFFF
4577	#FAFAFC	#FFFFFF
4578	#EBD4D0	#FEFEFE
4579	#E6C8C4	#FDFDFD
4580	#E1BEB9	#FEFEFE
4581	#FCFBFD	#FFFFFF
4582	#DDD9ED	#FEFEFE
4583	#E1BEB9	#FEFEFE
4584	#FCF7F7	#FFFFFF
4585	#E1BEB9	#FEFEFE
4586	#F7ECEB	#FFFFFF
4588	#E6E3F2	#FEFEFE
4589	#DDD8EC	#FEFEFE
4590	#F7ECEA	#FFFFFF
4591	#FAFAFD	#FFFFFF
4592	#EFEDF6	#FEFEFE
4593	#F9F8FC	#FFFFFF
4594	#E8E5F3	#FEFEFE
4595	#D4CEE8	#FDFDFD
4596	#EBD4D0	#FEFEFE
4598	#FAF9FC	#FFFFFF
4599	#CF9D97	#FCFCFC
4600	#F8EFED	#FFFFFF
4601	#D4CFE8	#FDFDFD
4602	#D3CEE7	#FDFDFD
4603	#D4CEE8	#FEFEFE
4604	#E8E5F3	#FEFEFE
4605	#E5E1F1	#FEFEFE
4606	#F5F4FA	#FFFFFF
4607	#AFA5D3	#FCFCFC
4608	#CDC7E4	#FCFCFC
4609	#AFA6D3	#FCFCFC
4610	#F8EFEE	#FEFEFE
4611	#DCD7EC	#FEFEFE
4612	#F2E1DF	#FEFEFE
4613	#E6E2F1	#FEFEFE
4614	#BEB6DB	#FCFCFC
4615	#CCC5E3	#FDFDFD
4616	#F9F8FC	#FFFFFF
4617	#F4E5E3	#FEFEFE
4618	#E8E5F3	#FEFEFE
4619	#E8E5F3	#FEFEFE
4620	#E1BEBA	#FEFEFE
4621	#F7EDEC	#FEFEFE
4622	#EBD3D0	#FEFEFE
4623	#EBD4D0	#FEFEFE
4624	#B7AFD8	#FDFDFD
4625	#FAF9FC	#FFFFFF
4626	#FBFAFD	#FFFFFF
4627	#FBFAFD	#FFFFFF
4628	#E1BEBA	#FEFEFE
4629	#DDD8EC	#FEFEFE
4630	#EBD2CF	#FDFDFD
4631	#E1BEBA	#FEFEFE
4632	#FEFEFD	#FFFFFF
4633	#FBFAFD	#FFFFFF
4635	#ECD5D2	#FEFEFE
4636	#EED8D5	#FEFEFE
4637	#DCD7EC	#FEFEFE
4638	#FBF6F5	#FFFFFF
4639	#FAF9FC	#FFFFFF
4640	#D4A5A0	#FCFCFC
4641	#F1DFDD	#FEFEFE
4642	#E9E6F3	#FEFEFE
4643	#FBFAFD	#FFFFFF
4644	#E1BEBA	#FEFEFE
4645	#EFEDF6	#FEFEFE
4646	#F8EEEC	#FFFFFF
4647	#EBD4D0	#FEFEFE
4648	#EBD4D0	#FEFEFE
4649	#EBD4D0	#FEFEFE
4650	#D5CFE8	#FEFEFE
4651	#FBFAFD	#FFFFFF
4652	#B7AFD8	#FDFDFD
4653	#F1E0DD	#FEFEFE
4654	#F8EEED	#FFFFFF
4655	#FBF7F6	#FFFFFF
4656	#C3BBDE	#FDFDFD
4657	#A197CC	#FBFBFB
4658	#AEA5D3	#FCFCFC
4659	#E5E1F1	#FEFEFE
4661	#B7AFD8	#FDFDFD
4662	#CCC5E3	#FDFDFD
4663	#B7AFD8	#FDFDFD
4664	#C3BBDE	#FDFDFD
4665	#AFA6D3	#FCFCFC
4666	#F4E5E3	#FEFEFE
4667	#FBF6F6	#FFFFFF
4668	#D4CEE8	#FEFEFE
4669	#E9E6F3	#FEFEFE
4670	#DCD8EC	#FEFEFE
4671	#E2DEEF	#FDFDFD
4672	#FAF9FC	#FFFFFF
4673	#D5CFE8	#FEFEFE
4674	#E1BEB9	#FEFEFE
4675	#EBD4D0	#FEFEFE
4676	#EBD3D0	#FEFEFE
4677	#D9B0AA	#FDFDFD
4678	#F8EEED	#FFFFFF
4679	#E9E6F3	#FEFEFE
4680	#F7EDEC	#FFFFFF
4681	#F1E0DD	#FEFEFE
4682	#D5CFE8	#FDFDFD
4683	#D4A5A0	#FCFCFC
4684	#FBF6F5	#FFFFFF
4685	#E4C4C0	#FDFDFD
4686	#F7EEEC	#FFFFFF
4687	#E8E5F3	#FEFEFE
4688	#C3BBDE	#FDFDFD
4689	#B7AFD8	#FDFDFD
4690	#E6E3F2	#FEFEFE
4691	#FBF6F6	#FFFFFF
4692	#EEECF6	#FFFFFF
4693	#FEFDFD	#FFFFFF
4694	#EEECF6	#FFFFFF
4695	#FAF9FC	#FFFFFF
4696	#FAF9FC	#FFFFFF
4697	#F1E0DD	#FEFEFE
4700	#EBD4D0	#FEFEFE
4701	#F8EEED	#FFFFFF
4702	#E4E1F0	#FEFEFE
4703	#F8EEED	#FFFFFF
4704	#D4CEE8	#FEFEFE
4705	#FBFAFD	#FFFFFF
4706	#EFECF6	#FFFFFF
4707	#E8E5F3	#FEFEFE
4708	#CEC7E4	#FDFDFD
4709	#F1E0DE	#FEFEFE
4710	#DDD9ED	#FEFEFE
4711	#EBD3D0	#FEFEFE
4712	#FAF9FC	#FFFFFF
4713	#E5E1F1	#FEFEFE
4714	#F7ECEB	#FFFFFF
4715	#CBC4E3	#FCFCFC
4716	#B8AFD8	#FDFDFD
4717	#E4E1F1	#FEFEFE
4718	#F8EEED	#FFFFFF
4719	#F8EEED	#FFFFFF
4720	#D4A6A0	#FCFCFC
4721	#C3BBDE	#FDFDFD
4722	#FBFAFD	#FFFFFF
4723	#E1BEB9	#FEFEFE
4724	#FAF9FC	#FFFFFF
4725	#FAF9FC	#FFFFFF
4726	#FAF9FC	#FFFFFF
4727	#EDEAF5	#FEFEFE
4728	#FBFAFD	#FFFFFF
4729	#F8EEED	#FFFFFF
4730	#CF9D97	#FCFCFC
4731	#DDD8ED	#FEFEFE
4732	#D4CEE8	#FDFDFD
4733	#F9F2F1	#FFFFFF
4734	#F1E0DD	#FEFEFE
4735	#F8EEED	#FFFFFF
4736	#B7AFD8	#FDFDFD
4737	#E8E5F3	#FEFEFE
4738	#F8EEED	#FFFFFF
4739	#E1BEB9	#FEFEFE
4740	#EBD4D0	#FEFEFE
4741	#FEFDFD	#FFFFFF
4742	#FAF9FC	#FFFFFF
4743	#D3CEE7	#FDFDFD
4744	#FAFAFC	#FFFFFF
4745	#D9AFAA	#FDFDFD
4746	#EFECF6	#FFFFFF
4747	#FAF9FC	#FFFFFF
4748	#EBD3D0	#FEFEFE
4749	#D5CFE8	#FEFEFE
4751	#F9F8FC	#FFFFFF
4752	#D9B0AB	#FDFDFD
4753	#FBFBFD	#FFFFFF
4754	#FAF9FC	#FFFFFF
4755	#B7AFD8	#FDFDFD
4756	#A79ECF	#FBFBFB
4757	#FBF6F6	#FFFFFF
4758	#E8E5F3	#FEFEFE
4759	#CDC7E4	#FCFCFC
4760	#D4CEE7	#FDFDFD
4762	#D4CEE8	#FDFDFD
4763	#DEDAED	#FEFEFE
4764	#F0EDF7	#FFFFFF
4765	#E4E1F0	#FEFEFE
4766	#FCFBFD	#FFFFFF
4767	#FBFAFD	#FFFFFF
4768	#FAF9FC	#FFFFFF
4769	#EEECF6	#FFFFFF
4771	#E1BEBA	#FEFEFE
4772	#EBD4D0	#FEFEFE
4773	#FAF9FC	#FFFFFF
4774	#DDD8ED	#FEFEFE
4775	#E1BEB9	#FEFEFE
4777	#FBFAFD	#FFFFFF
4778	#C3BBDE	#FDFDFD
4779	#D4A5A0	#FCFCFC
4780	#FAFAFD	#FFFFFF
4781	#FAF9FC	#FFFFFF
4782	#F9F8FC	#FFFFFF
4783	#E6E3F2	#FEFEFE
4784	#F8EEEC	#FFFFFF
4785	#D5CFE8	#FEFEFE
4786	#D5CFE8	#FEFEFE
4787	#EBD4D0	#FEFEFE
4788	#D4CEE8	#FDFDFD
4789	#DDD8EC	#FEFEFE
4790	#D5CFE8	#FEFEFE
4792	#A197CC	#FBFBFB
4793	#A79DCF	#FBFBFB
4794	#FAFAFD	#FFFFFF
4795	#FAF9FC	#FFFFFF
4796	#FAF9FC	#FFFFFF
4797	#E9E6F3	#FEFEFE
4798	#F7EDEB	#FFFFFF
4799	#EBD3D0	#FEFEFE
4800	#EBD4D0	#FEFEFE
4802	#DED9ED	#FEFEFE
4803	#E4E0F0	#FEFEFE
4805	#DDD8EC	#FEFEFE
4806	#FAF9FC	#FFFFFF
4807	#FBFAFD	#FFFFFF
4808	#DCD7EC	#FEFEFE
4809	#EFECF6	#FEFEFE
4810	#F1E0DE	#FEFEFE
4811	#A197CC	#FBFBFB
4812	#F8EEED	#FFFFFF
4813	#BEB6DB	#FCFCFC
4814	#C4BDDF	#FCFCFC
4815	#CBC5E3	#FDFDFD
4816	#C5BDDF	#FCFCFC
4817	#F1DFDD	#FEFEFE
4818	#DEDAED	#FEFEFE
4819	#CEC7E4	#FDFDFD
4820	#F9F8FC	#FFFFFF
4821	#D5CFE8	#FEFEFE
4822	#EBD4D0	#FEFEFE
4823	#D5CFE8	#FEFEFE
4824	#AFA6D3	#FCFCFC
4825	#FAF9FC	#FFFFFF
4826	#B7AFD8	#FDFDFD
4827	#F8EEED	#FFFFFF
4828	#F8EEED	#FFFFFF
4829	#F1E0DD	#FEFEFE
4830	#E8E5F3	#FEFEFE
4831	#EBD4D0	#FEFEFE
4832	#E8E5F3	#FEFEFE
4833	#FAF9FC	#FFFFFF
4834	#F1E0DE	#FEFEFE
4835	#C3BBDE	#FDFDFD
4836	#D5CFE8	#FEFEFE
4837	#F1DFDD	#FEFEFE
4838	#DDD8EC	#FEFEFE
4839	#D4CEE7	#FDFDFD
4840	#F1E0DD	#FEFEFE
4841	#FBFAFD	#FFFFFF
4842	#F4E5E3	#FEFEFE
4843	#E1BEB9	#FEFEFE
4844	#F4E5E3	#FEFEFE
4845	#DDD8EC	#FEFEFE
4846	#EBD4D0	#FEFEFE
4847	#AFA5D3	#FCFCFC
4848	#E1BEB9	#FEFEFE
4850	#EBD3D0	#FEFEFE
4851	#D5CFE8	#FEFEFE
4852	#FBF6F6	#FFFFFF
4853	#FAFAFC	#FFFFFF
4854	#C7C0E1	#FCFCFC
4855	#AFA6D3	#FCFCFC
4856	#FAF9FC	#FFFFFF
4857	#FBFBFD	#FFFFFF
4858	#DFDAEE	#FDFDFD
4859	#E9E5F3	#FEFEFE
4860	#C3BBDE	#FDFDFD
4861	#FBFAFD	#FFFFFF
4863	#E8E5F3	#FEFEFE
4864	#DCD7EC	#FEFEFE
4865	#DCD7EC	#FEFEFE
4866	#C2BBDE	#FBFBFB
4867	#B7AFD8	#FDFDFD
4868	#F1E0DE	#FEFEFE
4869	#CCC5E3	#FDFDFD
4870	#FBF6F6	#FFFFFF
4871	#FAFAFC	#FFFFFF
4872	#FAFAFD	#FFFFFF
4874	#DDD8ED	#FEFEFE
4875	#DDD8EC	#FEFEFE
4876	#D4CFE8	#FEFEFE
4877	#AEA5D3	#FCFCFC
4878	#C3BBDE	#FDFDFD
4879	#F7EEEC	#FFFFFF
4880	#C3BBDE	#FDFDFD
4881	#CCC5E3	#FDFDFD
4882	#D4CEE8	#FEFEFE
4883	#AFA6D3	#FCFCFC
4884	#FBF6F5	#FFFFFF
4885	#F8EEED	#FFFFFF
4886	#E1BEBA	#FEFEFE
4887	#FAF9FC	#FFFFFF
4888	#EFECF6	#FEFEFE
4889	#FAF9FC	#FFFFFF
4890	#D5CFE8	#FEFEFE
4891	#D4A59F	#FCFCFC
4892	#FBFAFD	#FFFFFF
4893	#E8E5F3	#FEFEFE
4894	#AFA5D3	#FCFCFC
4895	#E8CDCA	#FEFEFE
4896	#C3BBDE	#FDFDFD
4897	#FAF9FC	#FFFFFF
4898	#DCD8EC	#FEFEFE
4899	#EEECF6	#FFFFFF
4903	#C3BBDE	#FDFDFD
4904	#E5E1F1	#FEFEFE
4905	#E8E5F3	#FEFEFE
4906	#D9AFAA	#FDFDFD
4907	#E7E3F2	#FEFEFE
4908	#FBFAFD	#FFFFFF
4909	#FBFBFD	#FFFFFF
4910	#F6F5FA	#FFFFFF
4911	#EEECF6	#FFFFFF
4912	#E8E5F3	#FEFEFE
4913	#E1BEBA	#FEFEFE
4914	#D4CEE8	#FDFDFD
4915	#D1CBE6	#FCFCFC
4916	#F6F4FA	#FFFFFF
4917	#FBF7F6	#FFFFFF
4918	#D4CFE8	#FDFDFD
4919	#DEDAED	#FDFDFD
4920	#F1E0DD	#FEFEFE
4921	#B7AFD8	#FDFDFD
4922	#9B91C8	#FAFAFA
4923	#E4E0F0	#FEFEFE
4925	#E9E6F3	#FEFEFE
4926	#CF9E97	#FCFCFC
4927	#F8EEED	#FFFFFF
4928	#FBF6F6	#FFFFFF
4929	#ECD6D3	#FEFEFE
4930	#ECD5D2	#FEFEFE
4931	#F8EEED	#FFFFFF
4932	#F1E0DD	#FEFEFE
4933	#FAF9FC	#FFFFFF
4935	#E9E6F3	#FEFEFE
4936	#D3CEE7	#FDFDFD
4937	#F1E0DD	#FEFEFE
4938	#F7ECEB	#FFFFFF
4939	#E9E6F3	#FEFEFE
4940	#E5E1F1	#FEFEFE
4941	#F1E0DE	#FEFEFE
4942	#FBFAFD	#FFFFFF
4944	#B7AFD8	#FDFDFD
4945	#FAF9FC	#FFFFFF
4946	#E8E5F3	#FEFEFE
4947	#FAF9FC	#FFFFFF
4948	#FAF9FC	#FFFFFF
4949	#FAF9FC	#FFFFFF
4951	#EBD4D0	#FEFEFE
4952	#E1BEBA	#FEFEFE
4953	#E1BEBA	#FEFEFE
4954	#E5E1F1	#FEFEFE
4955	#FBFAFD	#FFFFFF
4956	#B7AFD8	#FDFDFD
4957	#FAFAFC	#FFFFFF
4958	#E4E1F1	#FEFEFE
4959	#EFECF6	#FEFEFE
4961	#D4CEE7	#FDFDFD
4962	#D4CFE8	#FDFDFD
4964	#D4CEE8	#FEFEFE
4965	#BEB6DC	#FCFCFC
4966	#BEB6DC	#FAFAFA
4967	#FBFAFD	#FFFFFF
4968	#AFA6D3	#FCFCFC
4969	#E9E6F3	#FEFEFE
4970	#F9F9FC	#FFFFFF
4971	#F8EEED	#FFFFFF
4972	#EEECF6	#FFFFFF
4973	#F9F8FC	#FFFFFF
4974	#D4CFE8	#FEFEFE
4975	#ECD5D2	#FEFEFE
4976	#F8EEED	#FFFFFF
4977	#E5E1F1	#FEFEFE
4978	#F1E0DE	#FEFEFE
4979	#E8E5F3	#FEFEFE
4980	#D3A59F	#FCFCFC
4981	#F1E0DD	#FEFEFE
4982	#EBD4D0	#FEFEFE
4983	#E1BEB9	#FEFEFE
4984	#E1BEBA	#FEFEFE
4986	#EEECF6	#FFFFFF
4987	#F8EEED	#FFFFFF
4988	#EED9D6	#FEFEFE
4989	#F7ECEB	#FFFFFF
4990	#E8E5F3	#FEFEFE
4991	#FAFAFC	#FFFFFF
4992	#E8E5F3	#FEFEFE
4993	#FBFAFD	#FFFFFF
4994	#CC9791	#FCFCFC
4995	#DCD8EC	#FEFEFE
4996	#D9B0AB	#FDFDFD
4997	#FBFAFD	#FFFFFF
4998	#DDD8ED	#FEFEFE
4999	#E1BEBA	#FEFEFE
5000	#D5CFE8	#FEFEFE
5002	#FAF9FC	#FFFFFF
5004	#E8E5F3	#FEFEFE
5005	#CBC4E3	#FCFCFC
5006	#F8EEED	#FFFFFF
5007	#FAF9FC	#FFFFFF
5008	#FBFAFD	#FFFFFF
5009	#FBFAFD	#FFFFFF
5010	#FAF9FC	#FFFFFF
5011	#F8EEED	#FFFFFF
5012	#DCD7EC	#FEFEFE
5013	#A79DCF	#FBFBFB
5014	#D9AFAA	#FDFDFD
5015	#B8AFD8	#FDFDFD
5016	#E8E5F3	#FEFEFE
5017	#F1DFDD	#FEFEFE
5018	#9B90C8	#FAFAFA
5019	#F7EDEB	#FFFFFF
5020	#9B90C8	#FAFAFA
5021	#E4E1F1	#FEFEFE
5022	#AFA6D3	#FCFCFC
5023	#E1BEBA	#FEFEFE
5024	#C5BEDF	#FCFCFC
5025	#EBD4D0	#FEFEFE
5026	#F1E0DE	#FEFEFE
5027	#E1BEBA	#FEFEFE
5028	#FAF9FC	#FFFFFF
5029	#E8E5F3	#FEFEFE
5030	#FAF9FC	#FFFFFF
5032	#DDD8EC	#FEFEFE
5033	#FBF6F5	#FFFFFF
5034	#F1E0DD	#FEFEFE
5035	#F8EEED	#FFFFFF
5037	#F8EEED	#FFFFFF
5038	#F6F5FA	#FFFFFF
5039	#F1DFDD	#FEFEFE
5040	#ECD4D1	#FEFEFE
5041	#FBF6F5	#FFFFFF
5042	#E6C8C4	#FDFDFD
5043	#F8EEED	#FFFFFF
5044	#FAF9FC	#FFFFFF
5045	#E8E5F3	#FEFEFE
5046	#D5CFE8	#FEFEFE
5047	#F9F9FC	#FFFFFF
5048	#A79ECF	#FBFBFB
5049	#DDD8EC	#FEFEFE
5050	#FAF9FC	#FFFFFF
5052	#E0BEB9	#FEFEFE
5053	#E1BEBA	#FEFEFE
5055	#DDD8EC	#FEFEFE
5056	#F0EDF7	#FFFFFF
5057	#F8EEED	#FFFFFF
5058	#E9E6F3	#FEFEFE
5059	#AEA5D3	#FCFCFC
5060	#EFEDF6	#FEFEFE
5061	#DEDAED	#FEFEFE
5062	#C5BDDF	#FCFCFC
5063	#BEB6DC	#FCFCFC
5064	#FAF9FC	#FFFFFF
5065	#D4CEE8	#FDFDFD
5066	#F7ECEB	#FFFFFF
5067	#E5E1F1	#FEFEFE
5068	#D4CFE8	#FDFDFD
5069	#C4BDDF	#FCFCFC
5070	#FBFAFD	#FFFFFF
5071	#D4A59F	#FCFCFC
5072	#EEECF6	#FFFFFF
5073	#CBC5E3	#FDFDFD
5074	#F1DFDD	#FEFEFE
5075	#EBD3D0	#FEFEFE
5076	#C3BBDE	#FDFDFD
5077	#AFA6D3	#FCFCFC
5078	#FAF9FC	#FFFFFF
5079	#D4CFE8	#FEFEFE
5080	#F8EFED	#FFFFFF
5081	#E9E5F3	#FEFEFE
5082	#EBD4D0	#FEFEFE
5083	#EEECF6	#FFFFFF
5084	#D9AFAA	#FDFDFD
5085	#EFECF6	#FFFFFF
5087	#EEECF6	#FFFFFF
5090	#FBFAFD	#FFFFFF
5091	#DDD8EC	#FEFEFE
5092	#CCC5E3	#FDFDFD
5093	#C3BBDE	#FDFDFD
5094	#F7EDEB	#FFFFFF
5095	#FBF6F5	#FFFFFF
5096	#F1E0DD	#FEFEFE
5097	#E8E5F3	#FEFEFE
5098	#E9E6F3	#FEFEFE
5099	#F8EEED	#FFFFFF
5100	#FBFAFD	#FFFFFF
5101	#E9CECA	#FEFEFE
