group	fill	colour
1	#EFDCDA	#FEFEFE
2	#FBFBFD	#FFFFFF
3	#FEFCFC	#FFFFFF
4	#FEFCFB	#FFFFFF
5	#EBE8F4	#FEFEFE
6	#FBFAFD	#FFFFFF
7	#F2F0F8	#FFFFFF
8	#FBF6F6	#FFFFFF
9	#F4E6E4	#FEFEFE
10	#D9B0AA	#FDFDFD
11	#C48A83	#FBFBFB
12	#F1E0DD	#FEFEFE
13	#F4E5E3	#FEFEFE
14	#E2C1BC	#FDFDFD
15	#EFDBD8	#FEFEFE
16	#E0BCB7	#FCFCFC
17	#E2C0BC	#FDFDFD
18	#EFEDF6	#FEFEFE
19	#E1BEB9	#FEFEFE
20	#EFDCDA	#FEFEFE
21	#EBD4D0	#FEFEFE
22	#E6C8C4	#FDFDFD
23	#EBD4D0	#FEFEFE
24	#FCF8F7	#FFFFFF
25	#FAF2F1	#FFFFFF
26	#C28780	#FAFAFA
27	#C28780	#FAFAFA
28	#F3E5E3	#FEFEFE
29	#F1E0DE	#FEFEFE
30	#EFECF6	#FEFEFE
31	#E8CDCA	#FEFEFE
32	#C68D86	#FBFBFB
33	#FBFAFD	#FFFFFF
34	#F7ECEB	#FFFFFF
35	#CC9790	#FCFCFC
36	#FCFBFD	#FFFFFF
37	#EDEAF5	#FEFEFE
38	#FAF9FC	#FFFFFF
39	#F9F2F1	#FFFFFF
40	#F0DCDA	#FEFEFE
41	#ECD6D3	#FEFEFE
42	#F6ECEA	#FFFFFF
43	#F1DFDD	#FEFEFE
44	#EED9D6	#FEFEFE
45	#F0DCDA	#FEFEFE
46	#ECE9F5	#FEFEFE
47	#FEFDFD	#FFFFFF
48	#F4E6E4	#FEFEFE
49	#C68D86	#FBFBFB
50	#CBC5E3	#FDFDFD
51	#F9F1F0	#FFFFFF
52	#F7ECEB	#FFFFFF
53	#F1DFDD	#FEFEFE
54	#EFEDF6	#FEFEFE
55	#FEFDFD	#FFFFFF
56	#FBF6F5	#FFFFFF
57	#FCFBFD	#FFFFFF
58	#F1E0DE	#FEFEFE
59	#F8EEED	#FFFFFF
60	#EAD0CC	#FDFDFD
61	#E8CECA	#FEFEFE
62	#F4E5E3	#FEFEFE
63	#E8CECA	#FEFEFE
64	#FAF9FC	#FFFFFF
65	#FCF8F7	#FFFFFF
66	#F5F3F9	#FFFFFF
67	#F4E5E3	#FEFEFE
68	#E8CDCA	#FEFEFE
69	#F1E0DE	#FEFEFE
70	#F8EEED	#FFFFFF
71	#E7E3F2	#FEFEFE
72	#EEECF6	#FFFFFF
73	#FBF6F6	#FFFFFF
74	#E6E2F1	#FEFEFE
75	#F3E4E2	#FEFEFE
76	#FBF5F5	#FFFFFF
77	#F1DFDD	#FEFEFE
78	#F9F2F1	#FFFFFF
79	#F5E7E6	#FEFEFE
80	#FAFAFD	#FFFFFF
81	#F0EEF7	#FEFEFE
82	#EED9D6	#FEFEFE
83	#EED9D6	#FEFEFE
84	#FDFAFA	#FFFFFF
85	#CC9791	#FCFCFC
86	#EFDCD9	#FEFEFE
87	#F4E6E4	#FEFEFE
88	#CC9791	#FCFCFC
89	#CF9D97	#FCFCFC
90	#CF9D97	#FCFCFC
91	#F2E2E0	#FEFEFE
92	#EED9D6	#FEFEFE
93	#EFDCD9	#FEFEFE
94	#FBF6F6	#FFFFFF
95	#C8918B	#FBFBFB
96	#BC7C75	#FAFAFA
97	#FFFFFF	#FFFFFF
98	#F7F5FA	#FFFFFF
99	#EED9D6	#FEFEFE
100	#FAF4F3	#FFFFFF
101	#C48983	#FBFBFB
102	#FFFFFF	#FFFFFF
103	#F1EFF8	#FFFFFF
104	#FCFCFD	#FFFFFF
105	#EEDAD7	#FEFEFE
106	#FEFCFC	#FFFFFF
107	#EED8D5	#FEFEFE
108	#BCB4DB	#FBFBFB
109	#FEFCFC	#FFFFFF
110	#C8918B	#FBFBFB
111	#EED9D6	#FEFEFE
112	#F9F1F0	#FFFFFF
113	#EDD7D4	#FEFEFE
114	#E9CFCC	#FDFDFD
115	#DAB2AC	#FCFCFC
116	#F0DEDB	#FEFEFE
117	#F7EDEB	#FEFEFE
118	#DED9ED	#FDFDFD
119	#FEFCFC	#FFFFFF
120	#F2F0F8	#FEFEFE
121	#EED9D6	#FEFEFE
122	#EBD3D0	#FEFEFE
123	#EDD7D4	#FEFEFE
124	#FDFBFA	#FFFFFF
125	#FBF6F6	#FFFFFF
126	#F2E2E0	#FEFEFE
127	#F6F4FA	#FFFFFF
128	#C9928C	#FBFBFB
129	#EDD6D3	#FEFEFE
130	#D9B0AB	#FDFDFD
131	#F7F5FA	#FFFFFF
132	#FFFEFE	#FFFFFF
133	#F6F5FA	#FFFFFF
134	#F7ECEB	#FFFFFF
135	#FAFAFD	#FFFFFF
136	#C68D87	#FBFBFB
137	#FBF6F5	#FFFFFF
138	#E4E0F0	#FEFEFE
139	#FCF8F7	#FFFFFF
140	#F7ECEB	#FFFFFF
141	#CB9690	#FCFCFC
142	#EBD4D1	#FDFDFD
143	#C28780	#FAFAFA
144	#EEECF6	#FFFFFF
145	#F0DCDA	#FEFEFE
146	#EFDCDA	#FEFEFE
147	#F7EDEB	#FEFEFE
148	#FAF9FC	#FFFFFF
149	#ECD4D1	#FDFDFD
150	#E2C0BC	#FDFDFD
151	#FBFAFD	#FFFFFF
152	#DEDAED	#FEFEFE
153	#F2F0F8	#FEFEFE
154	#E1DDEF	#FDFDFD
155	#EED8D6	#FEFEFE
156	#ECD4D1	#FDFDFD
157	#D9AEA9	#FBFBFB
158	#DAB1AC	#FCFCFC
159	#FBF6F6	#FFFFFF
160	#FFFFFF	#FFFFFF
161	#F2F0F8	#FFFFFF
162	#FEFCFC	#FFFFFF
163	#CF9E97	#FCFCFC
164	#FBFBFD	#FFFFFF
165	#DDD8EC	#FDFDFD
166	#EEECF6	#FEFEFE
167	#F0DDDB	#FEFEFE
168	#FBF6F5	#FFFFFF
169	#F6F5FA	#FFFFFF
170	#F6F5FA	#FFFFFF
171	#F9F1F0	#FFFFFF
172	#E2C1BC	#FDFDFD
173	#F1DFDD	#FEFEFE
174	#E9CECA	#FEFEFE
175	#C9928B	#FBFBFB
176	#F9F9FC	#FFFFFF
177	#F6F4FA	#FFFFFF
178	#F1E0DE	#FEFEFE
179	#ECD5D2	#FEFEFE
180	#EDD7D4	#FEFEFE
181	#ECD5D2	#FEFEFE
182	#F6EAE9	#FEFEFE
183	#ECD5D2	#FDFDFD
184	#C68D87	#FBFBFB
185	#D9B0AA	#FDFDFD
186	#D9B0AA	#FDFDFD
187	#FCF8F8	#FFFFFF
188	#F1E0DD	#FEFEFE
189	#EDD6D4	#FEFEFE
190	#F7EDEC	#FEFEFE
191	#EDD6D3	#FEFEFE
192	#F1E0DE	#FEFEFE
193	#FAFAFD	#FFFFFF
194	#FFFFFF	#FFFFFF
195	#F5E9E7	#FEFEFE
196	#D3A59F	#FCFCFC
197	#EFDCD9	#FEFEFE
198	#FBF6F5	#FFFFFF
199	#FBFBFD	#FFFFFF
200	#FBFBFD	#FFFFFF
201	#FBF7F6	#FFFFFF
202	#CF9D96	#FCFCFC
203	#DDB7B2	#FCFCFC
204	#EDD7D4	#FDFDFD
205	#FAF9FC	#FFFFFF
206	#DCB5B0	#FCFCFC
207	#DFBAB5	#FCFCFC
208	#F1E0DE	#FEFEFE
209	#FBF6F5	#FFFFFF
210	#F6EAE9	#FEFEFE
211	#E7CBC7	#FDFDFD
212	#FDFBFB	#FFFFFF
213	#FAFAFC	#FFFFFF
214	#E1BEB9	#FDFDFD
215	#DEB9B4	#FCFCFC
216	#F5E7E5	#FEFEFE
217	#F9F1F0	#FFFFFF
218	#FCF8F7	#FFFFFF
219	#F6F5FA	#FFFFFF
220	#ECD5D2	#FEFEFE
221	#F7EDEC	#FEFEFE
222	#FBF5F5	#FFFFFF
223	#F7ECEB	#FFFFFF
224	#F4E5E4	#FEFEFE
225	#FEFDFD	#FFFFFF
226	#E4E0F0	#FEFEFE
227	#E5E1F1	#FDFDFD
228	#FEFDFC	#FFFFFF
229	#F7ECEB	#FFFFFF
230	#FBFAFD	#FFFFFF
231	#FCFBFD	#FFFFFF
232	#EDD6D3	#FEFEFE
233	#EFDBD8	#FEFEFE
234	#F6F5FA	#FFFFFF
235	#C48A83	#FBFBFB
236	#CF9D97	#FCFCFC
237	#C28680	#FAFAFA
238	#EAE8F4	#FEFEFE
239	#EFDCDA	#FEFEFE
240	#F1E0DD	#FEFEFE
241	#E2C1BC	#FDFDFD
242	#D9B0AB	#FDFDFD
243	#F1E0DE	#FEFEFE
244	#F2E1DE	#FEFEFE
245	#E4C4C0	#FDFDFD
246	#FFFFFF	#FFFFFF
247	#FBF6F6	#FFFFFF
248	#EED9D6	#FEFEFE
249	#FAF4F4	#FFFFFF
250	#FCFCFE	#FFFFFF
251	#FEFDFD	#FFFFFF
252	#FBF6F6	#FFFFFF
253	#FCFCFE	#FFFFFF
254	#FFFEFE	#FFFFFF
255	#F4F3F9	#FEFEFE
256	#EED9D7	#FDFDFD
257	#ECD5D2	#FDFDFD
258	#ECD4D1	#FDFDFD
259	#F3E4E2	#FEFEFE
260	#F7EDEB	#FFFFFF
261	#FBF7F6	#FFFFFF
262	#F3E5E3	#FEFEFE
263	#ECD5D2	#FEFEFE
264	#FDFBFB	#FFFFFF
265	#FAF4F3	#FFFFFF
266	#FFFFFF	#FFFFFF
267	#F4E5E3	#FEFEFE
268	#FEFCFC	#FFFFFF
269	#FAF9FC	#FFFFFF
270	#EED9D6	#FEFEFE
271	#E5E1F1	#FEFEFE
272	#FEFDFD	#FFFFFF
273	#FAF4F3	#FFFFFF
274	#C2867F	#FAFAFA
275	#FAF9FC	#FFFFFF
276	#E9CECB	#FEFEFE
277	#FAF4F3	#FFFFFF
278	#D4A59F	#FCFCFC
279	#D9B0AB	#FDFDFD
280	#EED9D6	#FEFEFE
281	#EED9D6	#FEFEFE
282	#F7F6FB	#FFFFFF
283	#F3E4E2	#FEFEFE
284	#F7EDEB	#FEFEFE
285	#FFFEFE	#FFFFFF
286	#F9F1F0	#FFFFFF
287	#D9AFAA	#FDFDFD
288	#FEFDFD	#FFFFFF
289	#F1DFDD	#FEFEFE
290	#F2E2E0	#FEFEFE
291	#F6F5FA	#FFFFFF
292	#FFFEFE	#FFFFFF
293	#DEDAED	#FEFEFE
294	#F4E6E4	#FEFEFE
295	#E6C8C5	#FDFDFD
296	#D4A59F	#FCFCFC
297	#CC9791	#FCFCFC
298	#FBFAFD	#FFFFFF
299	#E8CECA	#FEFEFE
300	#EED9D6	#FEFEFE
301	#F2F0F8	#FEFEFE
302	#EFEDF6	#FEFEFE
303	#D4A5A0	#FCFCFC
304	#EDD6D3	#FDFDFD
305	#FAF3F2	#FFFFFF
306	#F9F1F0	#FFFFFF
307	#FDFDFE	#FFFFFF
308	#DEB9B4	#FCFCFC
309	#FDFDFE	#FFFFFF
310	#FAF4F4	#FFFFFF
311	#F8EEED	#FFFFFF
312	#FAFAFC	#FFFFFF
313	#DDD8EC	#FEFEFE
314	#FCF8F7	#FFFFFF
315	#E0BDB9	#FDFDFD
316	#F1E0DE	#FEFEFE
317	#F9F8FC	#FFFFFF
318	#D4CEE8	#FDFDFD
319	#ECD5D2	#FEFEFE
320	#DEB9B4	#FCFCFC
321	#FDFDFE	#FFFFFF
322	#F3E5E3	#FEFEFE
323	#D4A59F	#FCFCFC
324	#F4E5E3	#FEFEFE
325	#C4BCDF	#FCFCFC
326	#ECD5D2	#FEFEFE
327	#EED9D6	#FEFEFE
328	#F2F1F8	#FEFEFE
329	#D3A59F	#FCFCFC
330	#CF9D97	#FCFCFC
331	#FBF5F5	#FFFFFF
332	#F0DDDA	#FEFEFE
333	#F1DFDD	#FEFEFE
334	#E9CECB	#FEFEFE
335	#F7ECEB	#FFFFFF
336	#F7ECEA	#FFFFFF
337	#FDFAFA	#FFFFFF
338	#D4A59F	#FCFCFC
339	#F3F1F8	#FFFFFF
340	#FAF9FC	#FFFFFF
341	#E0BEB9	#FDFDFD
342	#F7EDEC	#FEFEFE
343	#F4E5E3	#FEFEFE
344	#F9F9FC	#FFFFFF
345	#FEFCFC	#FFFFFF
346	#F7ECEB	#FFFFFF
347	#F1DFDD	#FEFEFE
348	#FBF6F6	#FFFFFF
349	#EAD2CE	#FDFDFD
350	#F2E3E0	#FEFEFE
351	#FCF8F8	#FFFFFF
352	#FFFEFE	#FFFFFF
353	#FCF8F7	#FFFFFF
354	#F5E9E8	#FEFEFE
355	#FEFDFE	#FFFFFF
356	#EED9D6	#FEFEFE
357	#F0DDDB	#FEFEFE
358	#D4CFE8	#FEFEFE
359	#F7EDEB	#FEFEFE
360	#EBD4D1	#FDFDFD
361	#CCC5E3	#FDFDFD
362	#E8CDC9	#FEFEFE
363	#F1DFDD	#FEFEFE
364	#F8EFEE	#FEFEFE
365	#E2C0BC	#FDFDFD
366	#FBFAFD	#FFFFFF
367	#F5E9E8	#FEFEFE
368	#F2E1DF	#FEFEFE
369	#F6EAE8	#FEFEFE
370	#F2F1F8	#FEFEFE
371	#FDFBFB	#FFFFFF
372	#F1E0DD	#FEFEFE
373	#F7EDEB	#FFFFFF
374	#F1E0DD	#FEFEFE
375	#F5E7E5	#FEFEFE
376	#FBF6F6	#FFFFFF
377	#F3E5E3	#FEFEFE
378	#EDD6D3	#FDFDFD
379	#F4E6E4	#FEFEFE
380	#EED9D6	#FEFEFE
381	#C48A83	#FBFBFB
382	#E8E5F3	#FEFEFE
383	#C8918A	#FBFBFB
384	#F4E6E4	#FEFEFE
385	#FDFAFA	#FFFFFF
386	#E6C8C4	#FDFDFD
387	#C1BADD	#FAFAFA
388	#F6EAE9	#FEFEFE
389	#F2E2E0	#FEFEFE
390	#DFBBB6	#FCFCFC
391	#FBF6F6	#FFFFFF
392	#E9E6F3	#FEFEFE
393	#FAF9FC	#FFFFFF
394	#F9F1F0	#FFFFFF
395	#F0DDDA	#FEFEFE
396	#FCFBFD	#FFFFFF
397	#EFDCD9	#FEFEFE
398	#ECD5D2	#FEFEFE
399	#E8E5F3	#FEFEFE
400	#FDFBFA	#FFFFFF
401	#FBF6F5	#FFFFFF
402	#ECD4D1	#FDFDFD
403	#FFFFFF	#FFFFFF
404	#FCF9F8	#FFFFFF
405	#E5E1F1	#FDFDFD
406	#EFECF6	#FEFEFE
407	#F9F9FC	#FFFFFF
408	#EEECF6	#FEFEFE
409	#EFECF6	#FFFFFF
410	#F2F0F8	#FFFFFF
411	#E1BEBA	#FEFEFE
412	#F7EDEB	#FFFFFF
413	#C3BBDE	#FDFDFD
414	#ECD5D1	#FDFDFD
415	#F3E5E3	#FEFEFE
416	#F3F1F9	#FFFFFF
417	#E8E4F2	#FEFEFE
418	#F9F1F0	#FEFEFE
419	#FAF3F2	#FFFFFF
420	#FBF7F6	#FFFFFF
421	#F2E1DF	#FEFEFE
422	#FFFFFF	#FFFFFF
423	#E1BEB9	#FDFDFD
424	#F7EEEC	#FFFFFF
425	#E9E6F3	#FEFEFE
426	#EFDCD9	#FEFEFE
427	#F1E0DD	#FEFEFE
428	#FCF8F7	#FFFFFF
429	#F4E7E5	#FEFEFE
430	#EEDAD7	#FEFEFE
431	#EDD6D4	#FEFEFE
432	#FBFAFD	#FFFFFF
433	#F7ECEB	#FFFFFF
434	#E6C8C4	#FDFDFD
435	#F1E0DD	#FEFEFE
436	#EED8D6	#FEFEFE
437	#E3C3BF	#FDFDFD
438	#DED9ED	#FDFDFD
439	#FBF5F4	#FFFFFF
440	#E0BEB9	#FDFDFD
441	#F7EDEB	#FFFFFF
442	#F6F5FA	#FFFFFF
443	#FCFBFD	#FFFFFF
444	#EED9D6	#FEFEFE
445	#F7F5FA	#FFFFFF
446	#F6F5FA	#FFFFFF
447	#F2F0F8	#FFFFFF
448	#FBF6F5	#FFFFFF
449	#FBF6F5	#FFFFFF
450	#E4C5C0	#FCFCFC
451	#E3DFF0	#FEFEFE
452	#F9F8FC	#FFFFFF
453	#FAF9FC	#FFFFFF
454	#FFFEFE	#FFFFFF
455	#F1E0DE	#FEFEFE
456	#E5E1F1	#FDFDFD
457	#F7EEEC	#FEFEFE
458	#F9F1F0	#FFFFFF
459	#FAF3F2	#FFFFFF
460	#F2F0F8	#FFFFFF
461	#E8CDC9	#FEFEFE
462	#D9B0AA	#FDFDFD
463	#D9B0AB	#FDFDFD
464	#EED9D6	#FEFEFE
465	#F1E0DE	#FEFEFE
466	#F1E0DE	#FEFEFE
467	#ECD6D3	#FEFEFE
468	#F3E5E3	#FEFEFE
469	#F8EEED	#FFFFFF
470	#CBC5E3	#FDFDFD
471	#F4E5E3	#FEFEFE
472	#F4E5E3	#FEFEFE
473	#E1BEB9	#FDFDFD
474	#F4E5E3	#FEFEFE
475	#DEDAED	#FDFDFD
476	#FBF6F6	#FFFFFF
477	#F7EDEC	#FEFEFE
478	#F7ECEA	#FFFFFF
479	#E2DEEF	#FDFDFD
480	#F6F5FA	#FFFFFF
481	#FBF6F5	#FFFFFF
482	#CF9D96	#FCFCFC
483	#F8EFEE	#FEFEFE
484	#F7ECEB	#FFFFFF
485	#F1DFDD	#FEFEFE
486	#F9F2F1	#FFFFFF
487	#F4E6E4	#FEFEFE
488	#FBF6F5	#FFFFFF
489	#F6F5FA	#FFFFFF
490	#DEDAED	#FEFEFE
491	#C68D87	#FBFBFB
492	#ECD6D3	#FEFEFE
493	#F2F0F8	#FFFFFF
494	#EFDCD9	#FEFEFE
495	#DCD8EC	#FEFEFE
496	#F1E0DD	#FEFEFE
497	#E0BCB7	#FCFCFC
498	#E8E5F3	#FEFEFE
499	#FAF4F3	#FFFFFF
500	#FEFDFD	#FFFFFF
501	#FCF9F8	#FFFFFF
502	#F4E5E3	#FEFEFE
503	#FFFFFF	#FFFFFF
504	#F8F0EF	#FEFEFE
505	#FCF7F6	#FFFFFF
506	#F8F7FB	#FFFFFF
507	#FCF8F8	#FFFFFF
508	#E9E6F3	#FDFDFD
509	#F6F5FA	#FFFFFF
510	#FBF7F6	#FFFFFF
511	#F8EEED	#FFFFFF
512	#FEFDFC	#FFFFFF
513	#CF9C96	#FCFCFC
514	#CF9D97	#FCFCFC
515	#F2F0F8	#FEFEFE
516	#E9CECB	#FEFEFE
517	#F5E7E6	#FEFEFE
518	#F4E7E5	#FEFEFE
519	#F9F1F0	#FFFFFF
520	#FDFBFA	#FFFFFF
521	#E6C8C4	#FDFDFD
522	#F7EDEB	#FFFFFF
523	#E4E0F0	#FEFEFE
524	#F2F0F8	#FFFFFF
525	#FCF7F6	#FFFFFF
526	#CC9790	#FCFCFC
527	#E9CECB	#FEFEFE
528	#F7ECEB	#FFFFFF
529	#E4C4BF	#FDFDFD
530	#FBF6F5	#FFFFFF
531	#F9F1F0	#FFFFFF
532	#ECD4D1	#FEFEFE
533	#E7CBC8	#FDFDFD
534	#E8CECA	#FEFEFE
535	#FFFFFF	#FFFFFF
536	#E6C8C4	#FDFDFD
537	#EED9D6	#FEFEFE
538	#EDD6D3	#FEFEFE
539	#FFFFFF	#FFFFFF
540	#F2E1DF	#FEFEFE
541	#F3E4E2	#FEFEFE
542	#FAFAFC	#FFFFFF
543	#D4A5A0	#FCFCFC
544	#E5E1F1	#FEFEFE
545	#F7ECEB	#FEFEFE
546	#EED9D6	#FEFEFE
547	#E2C0BC	#FDFDFD
548	#EAE7F4	#FEFEFE
549	#E5C7C3	#FDFDFD
550	#D4CFE8	#FDFDFD
551	#FAF3F2	#FFFFFF
552	#EDD7D4	#FEFEFE
553	#F5F3F9	#FFFFFF
554	#FEFCFC	#FFFFFF
555	#FCF7F7	#FFFFFF
556	#F7ECEA	#FEFEFE
557	#EAD0CD	#FCFCFC
558	#F9F1F0	#FFFFFF
559	#E3C2BE	#FCFCFC
560	#E8E5F3	#FEFEFE
561	#F7EDEC	#FEFEFE
562	#D9B0AB	#FDFDFD
563	#FAF9FC	#FFFFFF
564	#E4C4C0	#FDFDFD
565	#F3E4E2	#FEFEFE
566	#FFFFFF	#FFFFFF
567	#ECD5D2	#FEFEFE
568	#F6ECEA	#FEFEFE
569	#F4E7E5	#FEFEFE
570	#F9F9FC	#FFFFFF
571	#EBD4D1	#FDFDFD
572	#E6C8C4	#FCFCFC
573	#F6EAE9	#FEFEFE
574	#E6E3F2	#FEFEFE
575	#F9F8FC	#FFFFFF
576	#EED9D6	#FEFEFE
577	#E1BEBA	#FEFEFE
578	#FAF9FC	#FFFFFF
579	#E9D0CC	#FDFDFD
580	#F7F5FA	#FFFFFF
581	#E6C8C4	#FDFDFD
582	#F7ECEA	#FEFEFE
583	#F1E0DE	#FEFEFE
584	#EEECF6	#FFFFFF
585	#FBF5F5	#FFFFFF
586	#EAD0CC	#FDFDFD
587	#FAF9FC	#FFFFFF
588	#E2C1BD	#FDFDFD
589	#F3E4E2	#FEFEFE
590	#EDEBF5	#FEFEFE
591	#F2E2E0	#FEFEFE
592	#FEFEFD	#FFFFFF
593	#ECD6D3	#FEFEFE
594	#C9928C	#FBFBFB
595	#F4E6E4	#FEFEFE
596	#ECD5D3	#FEFEFE
597	#FBF5F5	#FFFFFF
598	#E1BEBA	#FEFEFE
599	#EAD1CE	#FDFDFD
600	#E6E2F1	#FEFEFE
601	#DDD9ED	#FEFEFE
602	#FCF8F7	#FFFFFF
603	#FCF7F6	#FFFFFF
604	#F7ECEB	#FEFEFE
605	#F9F8FC	#FFFFFF
606	#F2E2DF	#FEFEFE
607	#F9F8FB	#FFFFFF
608	#D8D3EA	#FDFDFD
609	#F3F1F8	#FEFEFE
610	#FBF5F4	#FFFFFF
611	#FCF7F6	#FFFFFF
612	#D5CFE8	#FEFEFE
613	#E8CDCA	#FEFEFE
614	#FBFAFD	#FFFFFF
615	#F2F0F8	#FEFEFE
616	#EFEDF6	#FEFEFE
617	#EDD6D3	#FEFEFE
618	#FCF9F8	#FFFFFF
619	#ECD5D2	#FEFEFE
620	#F9F8FC	#FFFFFF
621	#E1BEBA	#FDFDFD
622	#EAD0CC	#FDFDFD
623	#FBF5F5	#FFFFFF
624	#FBF6F5	#FFFFFF
625	#F1E0DD	#FEFEFE
626	#E9CECB	#FEFEFE
627	#EED8D6	#FEFEFE
628	#E4C4C0	#FDFDFD
629	#F1DFDD	#FEFEFE
630	#F7EDEB	#FFFFFF
631	#EFDBD8	#FEFEFE
632	#ECD5D2	#FEFEFE
633	#E9CECA	#FDFDFD
634	#E3C3BF	#FDFDFD
635	#F4E5E3	#FEFEFE
636	#F2E1DF	#FEFEFE
637	#EDD6D3	#FEFEFE
638	#F2F0F8	#FFFFFF
639	#EFDCDA	#FEFEFE
640	#BEB6DB	#FCFCFC
641	#F1E0DE	#FEFEFE
642	#FCF8F7	#FFFFFF
643	#E4E0F0	#FEFEFE
644	#E9CECA	#FEFEFE
645	#FBF6F5	#FFFFFF
646	#ECD5D2	#FEFEFE
647	#E8CECA	#FEFEFE
648	#F1DFDD	#FEFEFE
649	#F4E6E4	#FEFEFE
650	#F7ECEB	#FFFFFF
651	#F2F1F8	#FFFFFF
652	#EED9D6	#FEFEFE
653	#FBFAFD	#FFFFFF
654	#FBF6F5	#FFFFFF
655	#F1DFDD	#FEFEFE
656	#FDFDFE	#FFFFFF
657	#EFEDF7	#FEFEFE
658	#D9D3EA	#FDFDFD
659	#FEFDFD	#FFFFFF
660	#FAF3F2	#FFFFFF
661	#E3DFF0	#FEFEFE
662	#F9F9FC	#FFFFFF
663	#E9CECA	#FEFEFE
664	#FBF6F6	#FFFFFF
665	#FBF6F5	#FFFFFF
666	#FEFDFD	#FFFFFF
667	#FDFBFB	#FFFFFF
668	#E1BEB9	#FDFDFD
669	#E8E5F3	#FEFEFE
670	#FDFBFB	#FFFFFF
671	#FDFAFA	#FFFFFF
672	#EDD6D3	#FEFEFE
673	#E6E3F2	#FEFEFE
674	#F4E6E4	#FEFEFE
675	#F1E0DE	#FEFEFE
676	#CC9790	#FCFCFC
677	#F3E5E3	#FEFEFE
678	#E8CECA	#FEFEFE
679	#F7EDEB	#FFFFFF
680	#D3A59F	#FCFCFC
681	#F0EEF7	#FEFEFE
682	#E1BEBA	#FDFDFD
683	#E9CECB	#FEFEFE
684	#C38780	#FAFAFA
685	#F4E6E4	#FEFEFE
686	#FBF6F5	#FFFFFF
687	#E2C0BC	#FDFDFD
688	#F1DFDD	#FEFEFE
689	#FAF4F3	#FFFFFF
690	#F9F9FC	#FFFFFF
691	#CC9791	#FCFCFC
692	#F1E0DE	#FEFEFE
693	#E4C4C0	#FDFDFD
694	#F9F8FC	#FFFFFF
695	#F8F7FB	#FFFFFF
696	#D9B0AA	#FDFDFD
697	#EFDBD9	#FEFEFE
698	#F3E5E3	#FEFEFE
699	#F3E4E3	#FEFEFE
700	#E1BEB9	#FEFEFE
701	#E1BEB9	#FDFDFD
702	#FDFAFA	#FFFFFF
703	#ECD4D1	#FDFDFD
704	#DFBBB7	#FCFCFC
705	#FDFAF9	#FFFFFF
706	#F5E9E8	#FEFEFE
707	#D8AEA9	#FBFBFB
708	#E9E6F3	#FEFEFE
709	#F9F1F0	#FFFFFF
710	#EAE7F4	#FEFEFE
711	#F2F0F8	#FFFFFF
712	#BEB6DC	#FCFCFC
713	#FCFBFD	#FFFFFF
714	#F5E7E6	#FEFEFE
715	#F9F2F1	#FFFFFF
716	#EFECF6	#FEFEFE
717	#EDD7D4	#FEFEFE
718	#FBF6F5	#FFFFFF
719	#E9CECB	#FEFEFE
720	#F2F0F8	#FFFFFF
721	#F2E2E0	#FEFEFE
722	#DAD5EB	#FCFCFC
723	#FFFEFE	#FFFFFF
724	#EDD6D3	#FEFEFE
725	#F3E4E2	#FEFEFE
726	#DCB6B1	#FCFCFC
727	#F8EEED	#FFFFFF
728	#C3BBDE	#FDFDFD
729	#F1E0DD	#FEFEFE
730	#E4C4C0	#FDFDFD
731	#F3E5E3	#FEFEFE
732	#EEECF6	#FEFEFE
733	#F4E5E3	#FEFEFE
734	#CF9C96	#FCFCFC
735	#C48A83	#FBFBFB
736	#F7ECEB	#FFFFFF
737	#FBFAFD	#FFFFFF
738	#ECD6D3	#FEFEFE
739	#F7EEEC	#FFFFFF
740	#F9F1F0	#FFFFFF
741	#FCFBFD	#FFFFFF
742	#EDEAF5	#FEFEFE
743	#FEFDFE	#FFFFFF
744	#E5E2F1	#FEFEFE
745	#FDFAFA	#FFFFFF
746	#FEFCFC	#FFFFFF
747	#FEFCFC	#FFFFFF
748	#F1DFDD	#FEFEFE
749	#E9E6F3	#FEFEFE
750	#EED9D6	#FEFEFE
751	#D4CFE8	#FEFEFE
752	#E5C6C2	#FCFCFC
753	#FBF6F5	#FFFFFF
754	#FCFBFD	#FFFFFF
755	#FDFAFA	#FFFFFF
756	#F5E8E6	#FEFEFE
757	#F7EDEB	#FEFEFE
758	#F6F5FA	#FFFFFF
759	#F6EAE8	#FEFEFE
760	#D7D1E9	#FDFDFD
761	#FDFBFA	#FFFFFF
762	#FDFBFA	#FFFFFF
763	#E9CECB	#FEFEFE
764	#F0DDDB	#FEFEFE
765	#F6F5FA	#FFFFFF
766	#E9D0CC	#FDFDFD
767	#DDB7B3	#FCFCFC
768	#DDD9ED	#FDFDFD
769	#EED8D6	#FEFEFE
770	#DEB8B4	#FCFCFC
771	#EED8D5	#FDFDFD
772	#FDFAFA	#FFFFFF
773	#EDEAF5	#FEFEFE
774	#C9918B	#FBFBFB
775	#FCF8F7	#FFFFFF
776	#EEECF6	#FFFFFF
777	#F2F0F8	#FFFFFF
778	#FBF6F6	#FFFFFF
779	#EDD6D3	#FEFEFE
780	#FBFAFD	#FFFFFF
781	#E8CDCA	#FEFEFE
782	#FDFBFB	#FFFFFF
783	#F8EEED	#FFFFFF
784	#E0BDB9	#FDFDFD
785	#E6C8C4	#FDFDFD
786	#D9B0AA	#FDFDFD
787	#FEFDFD	#FFFFFF
788	#FBF6F5	#FFFFFF
789	#FDFCFE	#FFFFFF
790	#F5E7E6	#FEFEFE
791	#F8EEED	#FFFFFF
792	#F9F2F1	#FFFFFF
793	#FAF4F3	#FFFFFF
794	#D4CEE7	#FDFDFD
795	#FFFFFE	#FFFFFF
796	#CF9C96	#FCFCFC
797	#ECEAF5	#FEFEFE
798	#CB9690	#FCFCFC
799	#EEECF6	#FEFEFE
800	#FAF9FC	#FFFFFF
801	#EBD4D0	#FEFEFE
802	#EED8D5	#FDFDFD
803	#EAD1CE	#FDFDFD
804	#FEFEFE	#FFFFFF
805	#EFEDF6	#FEFEFE
806	#F6F4FA	#FFFFFF
807	#F9F8FC	#FFFFFF
808	#FFFFFF	#FFFFFF
809	#DED9ED	#FEFEFE
810	#EED9D7	#FDFDFD
811	#F9F9FC	#FFFFFF
812	#FAF9FC	#FFFFFF
813	#FEFCFC	#FFFFFF
814	#D9B0AA	#FBFBFB
815	#FAF3F2	#FFFFFF
816	#F4E6E4	#FEFEFE
817	#F9F2F1	#FFFFFF
818	#C5BDDF	#FCFCFC
819	#FFFEFE	#FFFFFF
820	#FBF6F5	#FFFFFF
821	#FEFDFD	#FFFFFF
822	#F4E5E3	#FEFEFE
823	#FFFFFF	#FFFFFF
824	#E0BDB9	#FDFDFD
825	#F4E5E4	#FEFEFE
826	#CC9790	#FCFCFC
827	#F9F8FC	#FFFFFF
828	#F2E1DE	#FEFEFE
829	#EAE7F3	#FEFEFE
830	#FBF6F5	#FFFFFF
831	#D09E98	#FCFCFC
832	#F7ECEB	#FFFFFF
833	#EFEDF6	#FEFEFE
834	#F7F6FB	#FFFFFF
835	#C38780	#FAFAFA
836	#E5C7C4	#FDFDFD
837	#CB9690	#FCFCFC
838	#F7EDEB	#FFFFFF
839	#FAF4F3	#FFFFFF
840	#FBF7F6	#FFFFFF
841	#F4E5E3	#FEFEFE
842	#C48A83	#FBFBFB
843	#EFEDF6	#FEFEFE
844	#FDFDFE	#FFFFFF
845	#EFECF6	#FEFEFE
846	#E6E2F1	#FEFEFE
847	#ECE9F5	#FEFEFE
848	#DCD7EC	#FEFEFE
849	#E9E6F3	#FEFEFE
850	#FBF6F5	#FFFFFF
851	#E5C7C3	#FDFDFD
852	#F1E0DE	#FEFEFE
853	#FFFEFE	#FFFFFF
854	#FFFEFE	#FFFFFF
855	#F7EDEC	#FEFEFE
856	#F6F5FA	#FFFFFF
857	#E5E1F1	#FEFEFE
858	#E2C0BC	#FDFDFD
859	#EFEDF6	#FEFEFE
860	#F4E6E4	#FEFEFE
861	#FCF9F9	#FFFFFF
862	#F7ECEB	#FFFFFF
863	#C3BBDE	#FDFDFD
864	#F7EDEB	#FEFEFE
865	#FBFBFD	#FFFFFF
866	#FBF6F5	#FFFFFF
867	#F5E7E5	#FEFEFE
868	#E6C8C4	#FDFDFD
869	#EBD4D0	#FDFDFD
870	#F1DFDD	#FEFEFE
871	#F4E7E5	#FEFEFE
872	#EDD6D3	#FDFDFD
873	#FFFFFF	#FFFFFF
874	#EBD4D1	#FDFDFD
875	#FBFAFD	#FFFFFF
876	#F8EEED	#FFFFFF
877	#EDEBF5	#FEFEFE
878	#F9F8FC	#FFFFFF
879	#E9D0CC	#FDFDFD
880	#EED9D6	#FEFEFE
881	#FDFBFA	#FFFFFF
882	#C68D86	#FBFBFB
883	#F3F1F8	#FFFFFF
884	#F7ECEB	#FFFFFF
885	#F8EEED	#FFFFFF
886	#EAD1CE	#FDFDFD
887	#F8EEED	#FFFFFF
888	#F2E2E0	#FEFEFE
889	#EFDCD9	#FEFEFE
890	#F6EAE8	#FEFEFE
891	#E0BCB7	#FCFCFC
892	#EFECF6	#FFFFFF
893	#ECD5D2	#FEFEFE
894	#F8EFEE	#FEFEFE
895	#E9CECA	#FEFEFE
896	#DDD9ED	#FDFDFD
897	#F0DDDB	#FEFEFE
898	#FAF3F3	#FFFFFF
899	#F1E0DE	#FEFEFE
900	#F8EEED	#FFFFFF
901	#C68E87	#FBFBFB
902	#EBD3D0	#FDFDFD
903	#F7ECEB	#FFFFFF
904	#F4E6E4	#FEFEFE
905	#FCF9F8	#FFFFFF
906	#FAF3F2	#FFFFFF
907	#F4F3F9	#FEFEFE
908	#EFDBD9	#FEFEFE
909	#F7EDEC	#FEFEFE
910	#FFFFFF	#FFFFFF
911	#EBE9F4	#FEFEFE
912	#ECE9F5	#FEFEFE
913	#FEFDFD	#FFFFFF
914	#ECD4D1	#FDFDFD
915	#FAF9FC	#FFFFFF
916	#E2C0BC	#FDFDFD
917	#FBF6F5	#FFFFFF
918	#F5E9E7	#FEFEFE
919	#C28780	#FAFAFA
920	#FBF6F5	#FFFFFF
921	#F3E4E2	#FEFEFE
922	#F6EAE8	#FEFEFE
923	#F3E5E3	#FEFEFE
924	#F7ECEA	#FFFFFF
925	#FBF6F5	#FFFFFF
926	#FAF9FC	#FFFFFF
927	#F9F0EF	#FEFEFE
928	#E4C4C0	#FDFDFD
929	#D9B0AB	#FDFDFD
930	#DBB3AE	#FCFCFC
931	#C68E87	#FBFBFB
932	#F1E0DE	#FEFEFE
933	#ECD4D1	#FDFDFD
934	#F2F0F8	#FEFEFE
935	#D3A49E	#FCFCFC
936	#CF9D97	#FCFCFC
937	#E5C7C3	#FDFDFD
938	#C68E87	#FBFBFB
939	#F4E5E3	#FEFEFE
940	#F5E8E6	#FEFEFE
941	#E6C8C4	#FDFDFD
942	#ECD5D2	#FEFEFE
943	#EAE7F4	#FEFEFE
944	#EEECF6	#FEFEFE
945	#F9F1F0	#FFFFFF
946	#FBF6F5	#FFFFFF
947	#F7EDEB	#FFFFFF
948	#F6EAE9	#FEFEFE
949	#FAFAFD	#FFFFFF
950	#F4E5E3	#FEFEFE
951	#E1BEBA	#FEFEFE
952	#F3F1F9	#FEFEFE
953	#CF9C96	#FCFCFC
954	#E6C8C4	#FDFDFD
955	#EFECF6	#FEFEFE
956	#FBF6F5	#FFFFFF
957	#F9F1F0	#FEFEFE
958	#F5F3F9	#FFFFFF
959	#DEDAED	#FEFEFE
960	#FDFDFE	#FFFFFF
961	#F9F8FC	#FFFFFF
962	#FCFBFD	#FFFFFF
963	#F0DCDA	#FEFEFE
964	#FDFAFA	#FFFFFF
965	#F3E4E2	#FEFEFE
966	#FDFBFB	#FFFFFF
967	#EBD3D0	#FDFDFD
968	#EDEAF5	#FEFEFE
969	#EED9D6	#FEFEFE
970	#E6E2F1	#FEFEFE
971	#FCF7F6	#FFFFFF
972	#E9E6F3	#FEFEFE
973	#F2F1F8	#FEFEFE
974	#F1E0DE	#FEFEFE
975	#FAFAFD	#FFFFFF
976	#C48982	#FBFBFB
977	#F7EDEC	#FEFEFE
978	#F1E0DD	#FEFEFE
979	#E2C0BC	#FDFDFD
980	#C0847D	#FAFAFA
981	#E4C4C0	#FDFDFD
982	#DDD8EC	#FEFEFE
983	#C38780	#FAFAFA
984	#FFFFFF	#FFFFFF
985	#E2C1BC	#FDFDFD
986	#F1DFDD	#FEFEFE
987	#D3A59F	#FCFCFC
988	#F4E7E5	#FEFEFE
989	#ECD5D2	#FEFEFE
990	#EDD7D4	#FEFEFE
991	#F3E4E2	#FEFEFE
992	#F3F1F8	#FEFEFE
993	#ECD4D1	#FDFDFD
994	#F7F6FB	#FFFFFF
995	#E7E4F2	#FDFDFD
996	#FCFBFD	#FFFFFF
997	#F9F1F0	#FFFFFF
998	#FDFAFA	#FFFFFF
999	#E4E0F0	#FEFEFE
1000	#F9F2F1	#FFFFFF
1001	#ECD5D2	#FEFEFE
1002	#EDD6D3	#FEFEFE
1003	#F3E5E3	#FEFEFE
1004	#EEECF6	#FEFEFE
1005	#DFBBB7	#FCFCFC
1006	#C5BEE0	#FAFAFA
1007	#F6EAE8	#FEFEFE
1008	#FBFAFD	#FFFFFF
1009	#F8EEED	#FEFEFE
1010	#FAFAFD	#FFFFFF
1011	#F8F8FB	#FFFFFF
1012	#FDFAFA	#FFFFFF
1013	#EFEDF6	#FEFEFE
1014	#EEECF6	#FEFEFE
1015	#F8EEED	#FEFEFE
1016	#EFDBD9	#FEFEFE
1017	#F1EFF8	#FEFEFE
1018	#F5E7E6	#FEFEFE
1019	#FBFBFD	#FFFFFF
1020	#E7E4F2	#FEFEFE
1021	#BD7F78	#FAFAFA
1022	#F7EDEB	#FFFFFF
1023	#FBF6F6	#FFFFFF
1024	#F8EFED	#FEFEFE
1025	#F7EDEC	#FEFEFE
1026	#ECD5D3	#FEFEFE
1027	#E9CECA	#FEFEFE
1028	#FDFAFA	#FFFFFF
1029	#F7EDEB	#FFFFFF
1030	#EDD6D3	#FEFEFE
1031	#EED9D6	#FEFEFE
1032	#F1E0DD	#FEFEFE
1033	#F8EEED	#FFFFFF
1034	#F7ECEB	#FFFFFF
1035	#FFFFFF	#FFFFFF
1036	#E4C4C0	#FDFDFD
1037	#E6C8C4	#FDFDFD
1038	#E4C4C0	#FDFDFD
1039	#F9F0EF	#FFFFFF
1040	#E6C8C4	#FDFDFD
1041	#FCFBFD	#FFFFFF
1042	#F7EDEB	#FEFEFE
1043	#E2C0BC	#FDFDFD
1044	#FBFAFD	#FFFFFF
1045	#EFEDF6	#FEFEFE
1046	#F0DEDB	#FEFEFE
1047	#F9F8FC	#FFFFFF
1048	#E0BDB9	#FDFDFD
1049	#EEECF6	#FEFEFE
1050	#F9F0EF	#FFFFFF
1051	#D4CFE8	#FDFDFD
1052	#FEFCFB	#FFFFFF
1053	#E9E6F3	#FEFEFE
1054	#F4E5E4	#FEFEFE
1055	#EFEDF6	#FEFEFE
1056	#E1DDEF	#FDFDFD
1057	#FCF8F8	#FFFFFF
1058	#EED9D7	#FDFDFD
1059	#F4E5E3	#FEFEFE
1060	#FBF6F5	#FFFFFF
1061	#F4E5E3	#FEFEFE
1062	#FFFEFE	#FFFFFF
1063	#FFFEFE	#FFFFFF
1064	#ECD4D1	#FDFDFD
1065	#F7F6FB	#FFFFFF
1066	#FDFBFB	#FFFFFF
1067	#EDEBF6	#FEFEFE
1068	#FEFDFD	#FFFFFF
1069	#FDFAFA	#FFFFFF
1070	#FFFFFF	#FFFFFF
1071	#F0DEDC	#FEFEFE
1072	#D4A5A0	#FCFCFC
1073	#D4A59F	#FCFCFC
1074	#EED9D6	#FDFDFD
1075	#F9F1F0	#FFFFFF
1076	#E4C4C0	#FDFDFD
1077	#E4C4C0	#FDFDFD
1078	#E2C0BC	#FDFDFD
1079	#E8CDC9	#FDFDFD
1080	#CF9D97	#FCFCFC
1081	#E4C4C0	#FDFDFD
1082	#E5C8C4	#FDFDFD
1083	#F7EDEC	#FEFEFE
1084	#C8918A	#FBFBFB
1085	#EFECF6	#FEFEFE
1086	#FBFBFD	#FFFFFF
1087	#FDFAFA	#FFFFFF
1088	#E8CDCA	#FEFEFE
1089	#C1847E	#FAFAFA
1090	#E9CECA	#FEFEFE
1091	#F2E2E0	#FEFEFE
1092	#E6C8C5	#FDFDFD
1093	#E2C1BD	#FDFDFD
1094	#E8CECA	#FEFEFE
1095	#FAFAFC	#FFFFFF
1096	#EBE9F4	#FEFEFE
1097	#FBF6F5	#FFFFFF
1098	#C3BBDE	#FDFDFD
1099	#F6EAE8	#FEFEFE
1100	#FEFDFC	#FFFFFF
1101	#EEECF6	#FFFFFF
1102	#F6F4FA	#FFFFFF
1103	#EBD4D1	#FDFDFD
1104	#F7ECEB	#FEFEFE
1105	#EFDCDA	#FEFEFE
1106	#FBF6F5	#FFFFFF
1107	#FFFFFF	#FFFFFF
1108	#FBFAFD	#FFFFFF
1109	#F2F0F8	#FEFEFE
1110	#E9CFCC	#FDFDFD
1111	#F8EEED	#FFFFFF
1112	#EBD2CF	#FDFDFD
1113	#F9F1F0	#FFFFFF
1114	#F6F4FA	#FFFFFF
1115	#F4E5E3	#FEFEFE
1116	#F5F3FA	#FFFFFF
1117	#F0EEF7	#FEFEFE
1118	#E9CFCC	#FDFDFD
1119	#FBFBFD	#FFFFFF
1120	#E8E5F3	#FEFEFE
1121	#F6EAE9	#FEFEFE
1122	#F7ECEB	#FFFFFF
1123	#F5E8E6	#FEFEFE
1124	#FFFFFF	#FFFFFF
1125	#F1DFDD	#FEFEFE
1126	#E8CECA	#FEFEFE
1127	#ECD5D2	#FEFEFE
1128	#F8EEED	#FFFFFF
1129	#F1E0DE	#FEFEFE
1130	#BF827B	#FAFAFA
1131	#E6C8C4	#FDFDFD
1132	#F1E0DE	#FEFEFE
1133	#F0DDDA	#FEFEFE
1134	#F4E6E4	#FEFEFE
1135	#FEFCFC	#FFFFFF
1136	#F8F7FB	#FFFFFF
1137	#F1E0DE	#FEFEFE
1138	#FDFBFA	#FFFFFF
1139	#EBE9F4	#FEFEFE
1140	#F6ECEA	#FFFFFF
1141	#F2E1DF	#FEFEFE
1142	#F1DFDD	#FEFEFE
1143	#E1BEBA	#FEFEFE
1144	#F1E0DE	#FEFEFE
1145	#FEFDFD	#FFFFFF
1146	#F1E0DD	#FEFEFE
1147	#DDD9ED	#FDFDFD
1148	#E6E3F2	#FEFEFE
1149	#EEECF6	#FEFEFE
1150	#F1DFDD	#FEFEFE
1151	#F1E0DE	#FEFEFE
1152	#FDFAFA	#FFFFFF
1153	#E9CECB	#FEFEFE
1154	#F1E0DE	#FEFEFE
1155	#CC9791	#FCFCFC
1156	#FBFBFD	#FFFFFF
1157	#FEFDFC	#FFFFFF
1158	#F5F3FA	#FFFFFF
1159	#E1DDEF	#FDFDFD
1160	#D3A59F	#FCFCFC
1161	#E8E4F2	#FDFDFD
1162	#F2F0F8	#FEFEFE
1163	#FAF4F3	#FFFFFF
1164	#E6C8C4	#FDFDFD
1165	#E4E0F0	#FEFEFE
1166	#E8CECA	#FEFEFE
1167	#E4E1F0	#FEFEFE
1168	#F5F4FA	#FFFFFF
1169	#F0DDDB	#FEFEFE
1170	#EFDCD9	#FEFEFE
1171	#E0BDB9	#FDFDFD
1172	#EAD2CE	#FDFDFD
1173	#F2E2E0	#FEFEFE
1174	#E2C0BB	#FDFDFD
1175	#FFFFFF	#FFFFFF
1176	#FAF9FC	#FFFFFF
1177	#E6C8C4	#FDFDFD
1178	#ECD5D2	#FEFEFE
1179	#EED9D6	#FEFEFE
1180	#E0BDB9	#FDFDFD
1181	#E1BEB9	#FEFEFE
1182	#FBFAFD	#FFFFFF
1183	#FBFAFD	#FFFFFF
1184	#F9F2F1	#FFFFFF
1185	#FDFDFE	#FFFFFF
1186	#F9F8FC	#FFFFFF
1187	#F6EAE8	#FEFEFE
1188	#FDFBFB	#FFFFFF
1189	#FDFCFE	#FFFFFF
1190	#F3E5E3	#FEFEFE
1191	#F7EDEB	#FFFFFF
1192	#ECD6D3	#FEFEFE
1193	#FBF6F5	#FFFFFF
1194	#EFDCDA	#FEFEFE
1195	#E6C9C5	#FDFDFD
1196	#E8CDCA	#FEFEFE
1197	#FFFFFF	#FFFFFF
1198	#F1E0DE	#FEFEFE
1199	#FBF6F5	#FFFFFF
1200	#FCFBFD	#FFFFFF
1201	#F2E2E0	#FEFEFE
1202	#CC9791	#FCFCFC
1203	#E2C0BC	#FDFDFD
1204	#F9F1F0	#FFFFFF
1205	#D9B0AA	#FDFDFD
1206	#F2E1DF	#FEFEFE
1207	#EAD1CE	#FDFDFD
1208	#FAF4F3	#FFFFFF
1209	#FAF4F4	#FFFFFF
1210	#E3C3BF	#FDFDFD
1211	#EFDCDA	#FEFEFE
1212	#E8CDCA	#FDFDFD
1213	#CC9791	#FCFCFC
1214	#EBE8F4	#FEFEFE
1215	#E8E5F2	#FEFEFE
1216	#E2C0BC	#FDFDFD
1217	#DFBAB6	#FCFCFC
1218	#EED9D6	#FEFEFE
1219	#C8918B	#FBFBFB
1220	#C68D86	#FBFBFB
1221	#F5F4FA	#FFFFFF
1222	#E0BEB9	#FDFDFD
1223	#F5E8E6	#FEFEFE
1224	#E8CECA	#FEFEFE
1225	#F2E2E0	#FEFEFE
1226	#EDD6D3	#FEFEFE
1227	#F7ECEB	#FFFFFF
1228	#EFDCD9	#FEFEFE
1229	#FAF9FC	#FFFFFF
1230	#E8CDC9	#FEFEFE
1231	#E8CDC9	#FEFEFE
1232	#F8EEED	#FFFFFF
1233	#FDFCFE	#FFFFFF
1234	#F4E5E3	#FEFEFE
1235	#F6F5FA	#FFFFFF
1236	#FCFCFE	#FFFFFF
1237	#E8CDCA	#FEFEFE
1238	#DCD7EC	#FEFEFE
1239	#F4E6E4	#FEFEFE
1240	#EFDBD9	#FEFEFE
1241	#F2E1DF	#FEFEFE
1242	#E1BEB9	#FEFEFE
1243	#E7E3F2	#FEFEFE
1244	#F1E0DE	#FEFEFE
1245	#D4CFE8	#FEFEFE
1246	#FEFCFC	#FFFFFF
1247	#FEFCFC	#FFFFFF
1248	#C1847D	#FAFAFA
1249	#CC9791	#FCFCFC
1250	#E2C0BC	#FDFDFD
1251	#F9F1F0	#FFFFFF
1252	#EDD7D4	#FEFEFE
1253	#DFBBB7	#FCFCFC
1254	#CF9D97	#FCFCFC
1255	#EDD6D3	#FEFEFE
1256	#FBFAFD	#FFFFFF
1257	#E8CECA	#FDFDFD
1258	#FDFBFB	#FFFFFF
1259	#E2C0BC	#FDFDFD
1260	#EED9D6	#FEFEFE
1261	#F5E9E7	#FEFEFE
1262	#FCF7F6	#FFFFFF
1263	#E8E5F3	#FEFEFE
1264	#F2F0F8	#FEFEFE
1265	#E1DCEF	#FDFDFD
1266	#FBF6F5	#FFFFFF
1267	#F0DEDC	#FDFDFD
1268	#FDFCFE	#FFFFFF
1269	#FFFFFF	#FFFFFF
1270	#F9F1F0	#FFFFFF
1271	#E3C2BE	#FCFCFC
1272	#FCF9F9	#FFFFFF
1273	#C48A83	#FBFBFB
1274	#DCB5B0	#FCFCFC
1275	#F4E6E4	#FEFEFE
1276	#F8F0EF	#FEFEFE
1277	#E8CECA	#FEFEFE
1278	#FBFAFD	#FFFFFF
1279	#EDD6D3	#FEFEFE
1280	#F1DFDD	#FEFEFE
1281	#CF9D96	#FCFCFC
1282	#F9F1F0	#FFFFFF
1283	#DCB5B0	#FCFCFC
1284	#F9F9FC	#FFFFFF
1285	#EFECF6	#FFFFFF
1286	#CC9790	#FCFCFC
1287	#F8EFEE	#FEFEFE
1288	#ECD5D2	#FEFEFE
1289	#B47069	#F8F8F8
1290	#EFDCD9	#FEFEFE
1291	#E4C4C0	#FDFDFD
1292	#F9F1EF	#FFFFFF
1293	#E6C8C5	#FDFDFD
1294	#F8EEED	#FFFFFF
1295	#F8EEED	#FFFFFF
1296	#E6C8C4	#FDFDFD
1297	#DEB8B3	#FCFCFC
1298	#F5E7E5	#FEFEFE
1299	#F9F9FC	#FFFFFF
1300	#F2F1F8	#FFFFFF
1301	#FEFCFC	#FFFFFF
1302	#F9F0EF	#FFFFFF
1303	#C9918B	#FBFBFB
1304	#E5E1F1	#FEFEFE
1305	#E0BDB9	#FDFDFD
1306	#F9F1F0	#FFFFFF
1307	#F1E0DE	#FEFEFE
1308	#FAF9FC	#FFFFFF
1309	#F2F0F8	#FFFFFF
1310	#FCFBFD	#FFFFFF
1311	#EDD6D4	#FEFEFE
1312	#F8EFED	#FFFFFF
1313	#F0DEDC	#FDFDFD
1314	#F7ECEA	#FEFEFE
1315	#FAF9FC	#FFFFFF
1316	#FCF8F7	#FFFFFF
1317	#D7D2E9	#FCFCFC
1318	#FDFDFE	#FFFFFF
1319	#F8F7FB	#FFFFFF
1320	#FDFAF9	#FFFFFF
1321	#FCF8F8	#FFFFFF
1322	#F2E2E0	#FDFDFD
1323	#E7E4F2	#FEFEFE
1324	#FDF9F9	#FFFFFF
1325	#F3E5E3	#FEFEFE
1326	#E9CECB	#FEFEFE
1327	#F8EFED	#FEFEFE
1328	#F4E5E3	#FEFEFE
1329	#F7EDEB	#FFFFFF
1330	#EDD6D3	#FEFEFE
1331	#E2C0BC	#FDFDFD
1332	#ECD5D2	#FEFEFE
1333	#E6C8C4	#FDFDFD
1334	#EDD7D4	#FEFEFE
1335	#F9F2F1	#FFFFFF
1336	#F4E5E3	#FEFEFE
1337	#E8CDCA	#FEFEFE
1338	#F0DEDC	#FEFEFE
1339	#E4C4C0	#FDFDFD
1340	#FEFCFC	#FFFFFF
1341	#CB9790	#FCFCFC
1343	#FEFEFE	#FFFFFF
1344	#F1E0DD	#FEFEFE
1345	#DDB7B2	#FCFCFC
1346	#CF9D97	#FCFCFC
1347	#F4E5E4	#FEFEFE
1348	#ECD4D1	#FDFDFD
1349	#FBF5F4	#FFFFFF
1350	#FAF9FC	#FFFFFF
1351	#DDD8ED	#FEFEFE
1352	#E6C8C4	#FDFDFD
1353	#FEFCFB	#FFFFFF
1354	#FFFFFF	#FFFFFF
1355	#CF9D97	#FCFCFC
1356	#D9B0AA	#FDFDFD
1357	#D4A59F	#FCFCFC
1358	#EBD4D0	#FEFEFE
1359	#F5E8E6	#FEFEFE
1360	#F7EEEC	#FFFFFF
1361	#ECD5D2	#FEFEFE
1362	#EFDCD9	#FDFDFD
1363	#F7EDEB	#FEFEFE
1364	#FAF4F4	#FFFFFF
1365	#E5E1F1	#FDFDFD
1366	#FEFDFE	#FFFFFF
1367	#FEFDFD	#FFFFFF
1368	#E6E3F2	#FDFDFD
1369	#F0DEDC	#FDFDFD
1370	#FCF8F8	#FFFFFF
1371	#FBF6F6	#FFFFFF
1372	#E5C7C3	#FCFCFC
1373	#F2F0F8	#FEFEFE
1374	#F3E4E2	#FEFEFE
1375	#F9F9FC	#FFFFFF
1376	#EFDCD9	#FEFEFE
1377	#EFEDF6	#FEFEFE
1378	#F4E5E3	#FEFEFE
1379	#D4A5A0	#FCFCFC
1380	#FBF5F5	#FFFFFF
1381	#FBF7F6	#FFFFFF
1382	#FCF7F7	#FFFFFF
1383	#F4E6E4	#FEFEFE
1384	#ECD4D1	#FDFDFD
1385	#D9B0AB	#FDFDFD
1386	#CB9690	#FCFCFC
1387	#E8E5F3	#FEFEFE
1388	#F2F0F8	#FFFFFF
1389	#E6C9C5	#FDFDFD
1390	#F4E7E5	#FEFEFE
1391	#F3E4E2	#FEFEFE
1392	#F7EDEB	#FEFEFE
1393	#D9B0AA	#FDFDFD
1394	#F6EBE9	#FEFEFE
1395	#C9928B	#FBFBFB
1396	#CB9690	#FCFCFC
1397	#F3E5E3	#FEFEFE
1398	#F7ECEA	#FFFFFF
1399	#FDFDFE	#FFFFFF
1400	#F3E5E3	#FEFEFE
1401	#FFFFFF	#FFFFFF
1402	#D5CFE8	#FEFEFE
1403	#F2F1F8	#FEFEFE
1404	#F2F0F8	#FFFFFF
1405	#FCFBFD	#FFFFFF
1406	#F7F6FB	#FFFFFF
1407	#FFFEFE	#FFFFFF
1408	#ECD4D1	#FDFDFD
1409	#C68D87	#FBFBFB
1410	#FFFEFE	#FFFFFF
1411	#EFECF6	#FEFEFE
1412	#ECD6D3	#FEFEFE
1413	#EEDAD7	#FDFDFD
1414	#FEFCFC	#FFFFFF
1415	#EFDBD9	#FEFEFE
1416	#F9F2F1	#FEFEFE
1417	#FDFDFE	#FFFFFF
1418	#F2F1F8	#FEFEFE
1419	#DFDAED	#FCFCFC
1420	#FCFBFD	#FFFFFF
1421	#FBF5F4	#FFFFFF
1422	#F4E7E5	#FEFEFE
1423	#FEFDFD	#FFFFFF
1424	#F9F0EF	#FFFFFF
1425	#F0DEDB	#FEFEFE
1426	#F7ECEB	#FFFFFF
1427	#F7EDEC	#FEFEFE
1428	#F1E0DE	#FEFEFE
1429	#E6C8C5	#FDFDFD
1430	#F1E0DE	#FEFEFE
1431	#CF9D97	#FCFCFC
1432	#EFDCDA	#FEFEFE
1433	#FBF6F5	#FFFFFF
1434	#F8EEED	#FFFFFF
1435	#F6E9E8	#FEFEFE
1436	#FAF4F3	#FFFFFF
1437	#F4E6E4	#FEFEFE
1438	#EBD2CF	#FDFDFD
1439	#F6F4FA	#FFFFFF
1440	#F0DDDA	#FEFEFE
1441	#FAF4F3	#FFFFFF
1442	#F5F3FA	#FFFFFF
1443	#EFEDF6	#FEFEFE
1444	#FBF5F5	#FFFFFF
1445	#F7EDEC	#FEFEFE
1446	#E6C8C4	#FDFDFD
1447	#ECD5D2	#FEFEFE
1448	#EBD4D1	#FDFDFD
1449	#CC9791	#FCFCFC
1450	#ECD5D2	#FEFEFE
1451	#FBF6F5	#FFFFFF
1452	#C3BBDE	#FDFDFD
1453	#F6E9E8	#FEFEFE
1454	#F6E9E8	#FEFEFE
1455	#A197CC	#FBFBFB
1456	#E9CECA	#FEFEFE
1457	#E2C0BC	#FDFDFD
1458	#CB9690	#FCFCFC
1459	#FAFAFC	#FFFFFF
1460	#FFFFFF	#FFFFFF
1461	#FBF6F5	#FFFFFF
1462	#F9F1F0	#FEFEFE
1463	#F8F0EF	#FEFEFE
1464	#FEFDFD	#FFFFFF
1465	#E5E1F1	#FDFDFD
1466	#FAF4F3	#FFFFFF
1467	#FAF3F3	#FFFFFF
1468	#FCFBFD	#FFFFFF
1469	#DDB7B2	#FCFCFC
1470	#F6F4FA	#FFFFFF
1471	#E7E4F2	#FDFDFD
1472	#FAFAFC	#FFFFFF
1473	#DED9ED	#FEFEFE
1474	#FEFDFE	#FFFFFF
1475	#F6F4FA	#FFFFFF
1476	#EBD3D0	#FDFDFD
1477	#F2F0F8	#FFFFFF
1478	#FFFFFF	#FFFFFF
1479	#F6EAE9	#FEFEFE
1480	#E8CDC9	#FEFEFE
1481	#E0BDB9	#FDFDFD
1482	#EFDCD9	#FEFEFE
1483	#F3E5E3	#FEFEFE
1484	#F1E0DD	#FEFEFE
1485	#F4E6E4	#FEFEFE
1486	#FBF7F6	#FFFFFF
1487	#D4A59F	#FCFCFC
1488	#F2E2E0	#FEFEFE
1489	#F6E9E8	#FEFEFE
1490	#FAF9FC	#FFFFFF
1491	#F6F4FA	#FFFFFF
1492	#DCB5B0	#FCFCFC
1493	#F6EAE8	#FEFEFE
1494	#F9F1F0	#FFFFFF
1495	#D3A49F	#FCFCFC
1496	#CB9690	#FCFCFC
1497	#EFDCDA	#FEFEFE
1498	#FBF6F5	#FFFFFF
1499	#F4E6E4	#FEFEFE
1500	#F7ECEB	#FFFFFF
1501	#EFECF6	#FEFEFE
1502	#C3BBDE	#FDFDFD
1503	#D5CFE8	#FEFEFE
1504	#FBF6F5	#FFFFFF
1505	#F2F0F8	#FFFFFF
1506	#FBF6F5	#FFFFFF
1507	#C1847D	#FAFAFA
1508	#FDFAFA	#FFFFFF
1509	#F7EDEC	#FEFEFE
1510	#BF817A	#FAFAFA
1511	#FAF3F2	#FFFFFF
1512	#F8EEED	#FFFFFF
1513	#F7EDEC	#FEFEFE
1514	#FCF8F7	#FFFFFF
1515	#FAFAFC	#FFFFFF
1516	#DED9ED	#FDFDFD
1517	#F9F0EF	#FFFFFF
1518	#EBE8F4	#FDFDFD
1519	#FBFAFD	#FFFFFF
1520	#E8E5F3	#FEFEFE
1521	#F1EFF7	#FEFEFE
1522	#FCFBFD	#FFFFFF
1523	#F8EFED	#FEFEFE
1524	#F9F2F1	#FFFFFF
1525	#F6E9E8	#FEFEFE
1526	#EFDCD9	#FEFEFE
1527	#EFECF6	#FEFEFE
1528	#FDFCFE	#FFFFFF
1529	#DDD8EC	#FDFDFD
1530	#E9CECB	#FDFDFD
1531	#CB9790	#FCFCFC
1532	#D4A5A0	#FCFCFC
1533	#FFFFFF	#FFFFFF
1534	#DAB2AD	#FCFCFC
1535	#FBFAFD	#FFFFFF
1536	#F2E1DF	#FEFEFE
1537	#CF9D97	#FCFCFC
1538	#F6F4FA	#FFFFFF
1539	#EDD6D4	#FEFEFE
1540	#E7E3F2	#FEFEFE
1541	#F2E2E0	#FEFEFE
1542	#F6EAE8	#FEFEFE
1543	#EEEBF6	#FEFEFE
1544	#FBFAFD	#FFFFFF
1545	#F9F1F0	#FFFFFF
1546	#F1E0DD	#FEFEFE
1547	#E1BEB9	#FEFEFE
1548	#E2C1BC	#FDFDFD
1549	#F5E7E6	#FEFEFE
1550	#FBF6F5	#FFFFFF
1551	#DDD9ED	#FEFEFE
1552	#FDFBFB	#FFFFFF
1553	#E8CCC8	#FDFDFD
1554	#FEFDFD	#FFFFFF
1555	#FBFBFD	#FFFFFF
1556	#F6F5FA	#FFFFFF
1557	#EED9D6	#FEFEFE
1558	#F9F8FB	#FFFFFF
1559	#E6C8C4	#FDFDFD
1560	#E2C1BC	#FDFDFD
1561	#FBFAFD	#FFFFFF
1562	#FFFEFE	#FFFFFF
1563	#DFDBEE	#FCFCFC
1564	#EDEBF5	#FEFEFE
1565	#DCD8EC	#FCFCFC
1566	#FAF9FC	#FFFFFF
1567	#FEFDFC	#FFFFFF
1568	#D8D3EA	#FDFDFD
1569	#FBFAFD	#FFFFFF
1570	#E6E3F1	#FEFEFE
1571	#EED9D6	#FEFEFE
1572	#F8EEED	#FEFEFE
1573	#F4E5E3	#FEFEFE
1574	#F9F1F0	#FEFEFE
1575	#EFDCDA	#FEFEFE
1576	#ECD5D2	#FEFEFE
1577	#F5F4FA	#FFFFFF
1578	#F9F2F1	#FFFFFF
1579	#D2CCE7	#FCFCFC
1580	#CC9791	#FCFCFC
1581	#C48A83	#FBFBFB
1582	#D3A59F	#FCFCFC
1583	#DFBBB6	#FCFCFC
1584	#F6F5FA	#FFFFFF
1585	#CF9D97	#FCFCFC
1586	#D4CFE8	#FEFEFE
1587	#E6C8C4	#FDFDFD
1588	#F5E7E6	#FEFEFE
1589	#CF9C96	#FCFCFC
1590	#F3F1F8	#FFFFFF
1591	#C68D87	#FBFBFB
1592	#F7EEEC	#FFFFFF
1593	#E1BEB9	#FDFDFD
1594	#F6E9E8	#FEFEFE
1595	#E6C9C6	#FDFDFD
1596	#F8EEED	#FFFFFF
1597	#E8E5F3	#FEFEFE
1598	#EFEDF6	#FEFEFE
1599	#ECD5D2	#FEFEFE
1600	#CB9690	#FCFCFC
1601	#F7EDEB	#FEFEFE
1602	#F6F4FA	#FFFFFF
1603	#F8EFED	#FEFEFE
1604	#E2C0BC	#FDFDFD
1605	#E2C0BC	#FDFDFD
1606	#F9F9FC	#FFFFFF
1607	#FBF5F5	#FFFFFF
1608	#E9CECA	#FDFDFD
1609	#FDFBFA	#FFFFFF
1610	#F7EDEB	#FEFEFE
1611	#F1E0DE	#FEFEFE
1612	#CC9791	#FCFCFC
1613	#FEFEFE	#FFFFFF
1614	#F6F5FA	#FEFEFE
1615	#EFECF6	#FEFEFE
1616	#F8F6FB	#FFFFFF
1617	#F6F4FA	#FFFFFF
1618	#F6F5FA	#FFFFFF
1619	#FCF7F6	#FFFFFF
1620	#F9F0EF	#FEFEFE
1621	#FBF5F5	#FFFFFF
1622	#F6F5FA	#FEFEFE
1623	#FBFAFD	#FFFFFF
1624	#FEFEFD	#FFFFFF
1625	#ECE9F5	#FEFEFE
1626	#F9F8FC	#FFFFFF
1627	#F5E7E6	#FEFEFE
1628	#F2F0F8	#FEFEFE
1629	#DAB1AC	#FBFBFB
1630	#E6E2F1	#FEFEFE
1631	#CF9D97	#FCFCFC
1632	#FBF6F6	#FFFFFF
1633	#ECD5D2	#FEFEFE
1634	#ECD5D2	#FEFEFE
1635	#D9B0AA	#FDFDFD
1636	#FBF6F5	#FFFFFF
1637	#E8CDCA	#FEFEFE
1638	#E9CECA	#FDFDFD
1639	#EED9D6	#FEFEFE
1640	#F2E1DE	#FEFEFE
1641	#F9F9FC	#FFFFFF
1642	#EED9D7	#FDFDFD
1643	#DEB9B5	#FCFCFC
1644	#E2C1BD	#FDFDFD
1645	#F7ECEA	#FEFEFE
1646	#FEFCFC	#FFFFFF
1647	#FBFAFD	#FFFFFF
1648	#E9E6F3	#FEFEFE
1649	#FBF6F5	#FFFFFF
1650	#FBFAFD	#FFFFFF
1651	#E2C0BC	#FDFDFD
1652	#F8EEED	#FFFFFF
1653	#DAB2AD	#FCFCFC
1654	#E3C3BF	#FDFDFD
1655	#F4E5E3	#FEFEFE
1656	#EEECF6	#FFFFFF
1657	#E2C1BC	#FDFDFD
1658	#E9E5F3	#FEFEFE
1659	#F9F1F0	#FFFFFF
1660	#F1E0DE	#FEFEFE
1661	#FBF6F5	#FFFFFF
1662	#F9F2F1	#FFFFFF
1663	#FBF5F5	#FFFFFF
1664	#F3E4E3	#FEFEFE
1665	#EBE8F4	#FEFEFE
1666	#F8F7FB	#FFFFFF
1667	#F8F7FB	#FFFFFF
1668	#FFFEFE	#FFFFFF
1669	#FFFEFE	#FFFFFF
1670	#F0DEDB	#FEFEFE
1671	#E6E3F2	#FEFEFE
1672	#F4E7E5	#FEFEFE
1673	#D9B0AA	#FBFBFB
1674	#F8F7FB	#FFFFFF
1675	#DBB3AE	#FCFCFC
1676	#EFECF6	#FFFFFF
1677	#CF9D97	#FCFCFC
1678	#E3C3BF	#FCFCFC
1679	#BE7F78	#FAFAFA
1680	#FDFBFA	#FFFFFF
1681	#F1E0DE	#FEFEFE
1682	#EDD6D3	#FEFEFE
1683	#E9CECA	#FEFEFE
1684	#E0BDB9	#FDFDFD
1685	#FBF6F5	#FFFFFF
1686	#CB9690	#FCFCFC
1687	#C48A83	#FBFBFB
1688	#EAD0CD	#FDFDFD
1689	#F7ECEB	#FEFEFE
1690	#DEB9B5	#FCFCFC
1691	#DDD8EC	#FEFEFE
1692	#ECD5D2	#FEFEFE
1693	#FFFFFF	#FFFFFF
1694	#E1BEBA	#FDFDFD
1695	#FEFDFD	#FFFFFF
1696	#FBF7F6	#FFFFFF
1697	#EFDCDA	#FEFEFE
1698	#F5E7E6	#FEFEFE
1699	#F7EDEC	#FEFEFE
1700	#EBD4D0	#FEFEFE
1701	#E9CECA	#FEFEFE
1702	#E9E5F3	#FEFEFE
1703	#F1E0DE	#FEFEFE
1704	#E1BEB9	#FDFDFD
1705	#ECD5D3	#FEFEFE
1706	#F1E0DD	#FEFEFE
1707	#F9F2F1	#FFFFFF
1708	#E2C0BC	#FDFDFD
1709	#EED9D7	#FEFEFE
1710	#F8EFEE	#FEFEFE
1711	#EED9D6	#FEFEFE
1712	#F7EDEC	#FEFEFE
1713	#ECD5D2	#FEFEFE
1714	#FDFBFB	#FFFFFF
1715	#FFFEFE	#FFFFFF
1716	#F4E7E5	#FEFEFE
1717	#FDFAFA	#FFFFFF
1718	#F8F7FB	#FFFFFF
1719	#FBF7F6	#FFFFFF
1720	#D1CBE6	#FCFCFC
1721	#BE7F78	#FAFAFA
1722	#F2F1F8	#FEFEFE
1723	#E9E6F3	#FEFEFE
1724	#F8EEED	#FEFEFE
1725	#EAE7F4	#FEFEFE
1726	#F7EDEB	#FFFFFF
1727	#EFEDF6	#FEFEFE
1728	#F1E1DE	#FEFEFE
1729	#F5F3FA	#FFFFFF
1730	#F4E7E5	#FEFEFE
1731	#F7EEEC	#FFFFFF
1732	#DCB6B1	#FCFCFC
1733	#EDD7D4	#FEFEFE
1734	#E9E6F3	#FEFEFE
1735	#CC9791	#FCFCFC
1736	#C9928C	#FBFBFB
1737	#FAF9FC	#FFFFFF
1738	#CF9D97	#FCFCFC
1739	#EED9D6	#FEFEFE
1740	#FCF8F7	#FFFFFF
1741	#EFDCDA	#FEFEFE
1742	#FEFCFC	#FFFFFF
1743	#E4C4C0	#FDFDFD
1744	#F9F8FC	#FFFFFF
1745	#E4E1F1	#FEFEFE
1746	#D9AFAA	#FDFDFD
1747	#E4C4C0	#FDFDFD
1748	#F6F5FA	#FFFFFF
1749	#F6EAE8	#FEFEFE
1750	#EFEDF7	#FEFEFE
1751	#CB9690	#FCFCFC
1752	#FBFAFD	#FFFFFF
1753	#FFFEFE	#FFFFFF
1754	#F1E0DD	#FEFEFE
1755	#F1E0DE	#FEFEFE
1756	#E9CECB	#FEFEFE
1757	#FAF3F2	#FFFFFF
1758	#F9F1F0	#FFFFFF
1759	#FEFDFD	#FFFFFF
1760	#E9CECA	#FEFEFE
1761	#E8CDC9	#FEFEFE
1762	#FDFCFE	#FFFFFF
1763	#E4E0F0	#FEFEFE
1764	#ECE9F4	#FEFEFE
1765	#EEECF6	#FEFEFE
1766	#F0DEDB	#FEFEFE
1767	#F2F0F8	#FEFEFE
1768	#EFEDF6	#FEFEFE
1769	#EFEDF6	#FEFEFE
1770	#CF9D97	#FCFCFC
1771	#FBFBFD	#FFFFFF
1772	#E8E4F2	#FDFDFD
1773	#FAF4F3	#FFFFFF
1774	#EEEBF6	#FEFEFE
1775	#E4C5C1	#FCFCFC
1776	#EFEDF7	#FEFEFE
1777	#F2E1DE	#FEFEFE
1778	#F9F1F0	#FFFFFF
1779	#FBFBFD	#FFFFFF
1780	#C1847D	#FAFAFA
1781	#D3A59F	#FCFCFC
1782	#FDFBFA	#FFFFFF
1783	#FCFCFD	#FFFFFF
1784	#FDFBFA	#FFFFFF
1785	#CC9791	#FCFCFC
1786	#F7EDEB	#FFFFFF
1787	#F7ECEB	#FFFFFF
1788	#E4C4C0	#FDFDFD
1789	#E4C4C0	#FDFDFD
1790	#EED8D5	#FEFEFE
1791	#F9F9FC	#FFFFFF
1792	#DEDAED	#FEFEFE
1793	#F9F1F0	#FFFFFF
1794	#DDD8ED	#FEFEFE
1795	#F2F0F8	#FEFEFE
1796	#FBFAFD	#FFFFFF
1797	#EDD6D3	#FEFEFE
1798	#F1E0DE	#FEFEFE
1799	#EDD6D3	#FEFEFE
1800	#FCF7F6	#FFFFFF
1801	#F9F8FC	#FFFFFF
1802	#FBFBFD	#FFFFFF
1803	#EDEAF5	#FEFEFE
1804	#FDFDFE	#FFFFFF
1805	#F1E0DE	#FEFEFE
1806	#F7ECEB	#FFFFFF
1807	#EBD4D1	#FDFDFD
1808	#C28780	#FAFAFA
1809	#E9CECA	#FEFEFE
1810	#CF9D97	#FCFCFC
1811	#F5E8E6	#FEFEFE
1812	#ECD5D2	#FEFEFE
1813	#E8CDC9	#FEFEFE
1814	#FCFCFE	#FFFFFF
1815	#FAF9FC	#FFFFFF
1816	#EFEDF7	#FEFEFE
1817	#F4E7E5	#FEFEFE
1818	#E7E4F2	#FEFEFE
1819	#F5F4FA	#FFFFFF
1820	#EFEDF7	#FEFEFE
1821	#CDC7E4	#FCFCFC
1822	#EBE9F4	#FEFEFE
1823	#F5E8E6	#FEFEFE
1824	#FDFAFA	#FFFFFF
1825	#EEECF6	#FEFEFE
1826	#F3E4E2	#FEFEFE
1827	#FFFFFF	#FFFFFF
1828	#ECD4D1	#FDFDFD
1829	#F7EDEC	#FEFEFE
1830	#FAF9FC	#FFFFFF
1831	#C28780	#FAFAFA
1832	#FEFDFD	#FFFFFF
1833	#F2F0F8	#FEFEFE
1834	#C48983	#FBFBFB
1835	#BF817A	#FAFAFA
1836	#D6AAA5	#FBFBFB
1837	#D9B0AA	#FDFDFD
1838	#E6C8C4	#FDFDFD
1839	#D9B0AB	#FDFDFD
1840	#FDFAFA	#FFFFFF
1841	#D4A5A0	#FCFCFC
1842	#E8CDC9	#FEFEFE
1843	#FAF4F3	#FFFFFF
1844	#F4E6E4	#FEFEFE
1845	#EED9D7	#FEFEFE
1846	#ECD5D2	#FEFEFE
1847	#FDFBFA	#FFFFFF
1848	#D4CFE8	#FEFEFE
1849	#F7EDEB	#FEFEFE
1850	#E9CECB	#FEFEFE
1851	#FBFAFD	#FFFFFF
1852	#FBFAFD	#FFFFFF
1853	#CB9690	#FCFCFC
1854	#FBFBFD	#FFFFFF
1855	#F1E0DE	#FEFEFE
1856	#FBF5F5	#FFFFFF
1857	#EDD7D4	#FEFEFE
1858	#C48A83	#FBFBFB
1859	#D4CEE8	#FEFEFE
1860	#F7ECEB	#FFFFFF
1861	#FBFAFD	#FFFFFF
1862	#FBFBFD	#FFFFFF
1863	#FBF6F5	#FFFFFF
1864	#F3F1F8	#FEFEFE
1865	#F1EFF7	#FEFEFE
1866	#F8EEED	#FEFEFE
1867	#E9CFCB	#FDFDFD
1868	#FEFCFB	#FFFFFF
1869	#FBF6F6	#FFFFFF
1870	#DDD8ED	#FEFEFE
1871	#FBF6F6	#FFFFFF
1872	#FCFBFD	#FFFFFF
1873	#FCFBFD	#FFFFFF
1874	#F8EEED	#FEFEFE
1875	#F8F7FB	#FFFFFF
1876	#EBD2CF	#FDFDFD
1877	#F5F4FA	#FEFEFE
1878	#F6EBE9	#FEFEFE
1879	#ECD6D3	#FEFEFE
1880	#F1F0F8	#FEFEFE
1881	#C68D87	#FBFBFB
1882	#F7ECEB	#FFFFFF
1883	#FEFCFC	#FFFFFF
1884	#EAD0CD	#FCFCFC
1885	#E8E5F3	#FEFEFE
1886	#BF817A	#FAFAFA
1887	#CC9790	#FCFCFC
1888	#D3A59F	#FCFCFC
1889	#E0BEB9	#FDFDFD
1890	#F4E5E3	#FEFEFE
1891	#EDD6D3	#FEFEFE
1892	#F9F1F0	#FFFFFF
1893	#E9E6F3	#FEFEFE
1894	#FBFBFD	#FFFFFF
1895	#F2E1DF	#FEFEFE
1896	#FEFCFC	#FFFFFF
1897	#E8CCC8	#FDFDFD
1898	#FBF6F5	#FFFFFF
1899	#F1E0DE	#FEFEFE
1900	#F7F5FA	#FFFFFF
1901	#F4E5E3	#FEFEFE
1902	#F9F1F0	#FEFEFE
1903	#FBF5F4	#FFFFFF
1904	#F3F1F8	#FFFFFF
1905	#F1E0DD	#FEFEFE
1906	#F1DFDD	#FEFEFE
1907	#FBFAFD	#FFFFFF
1908	#CB9690	#FCFCFC
1909	#F1DFDD	#FEFEFE
1910	#EFEDF7	#FFFFFF
1911	#E8CCC9	#FEFEFE
1912	#F7EEEC	#FFFFFF
1913	#F0DCDA	#FEFEFE
1914	#D5CFE8	#FEFEFE
1915	#E5E1F1	#FEFEFE
1916	#E6E2F1	#FEFEFE
1917	#E9CECB	#FEFEFE
1918	#FCFBFD	#FFFFFF
1919	#E4C4C0	#FDFDFD
1920	#EED9D6	#FEFEFE
1921	#EFEDF6	#FEFEFE
1922	#ECD5D2	#FEFEFE
1923	#EAD2CE	#FDFDFD
1924	#F1E0DE	#FEFEFE
1925	#FDFBFB	#FFFFFF
1926	#FCF8F7	#FFFFFF
1927	#F3E5E3	#FEFEFE
1928	#FDF9F9	#FFFFFF
1929	#F2F0F8	#FEFEFE
1930	#F0EEF7	#FEFEFE
1931	#F8F0EE	#FEFEFE
1932	#C68D86	#FBFBFB
1933	#FDFAFA	#FFFFFF
1934	#F6EAE9	#FEFEFE
1935	#F1E0DD	#FEFEFE
1936	#F3E4E2	#FEFEFE
1937	#E2C1BC	#FDFDFD
1938	#E4C4C0	#FDFDFD
1939	#F7EDEB	#FFFFFF
1940	#E4C4C0	#FCFCFC
1941	#FBF6F5	#FFFFFF
1942	#FBF6F5	#FFFFFF
1943	#DCD7EC	#FEFEFE
1944	#D5D0E8	#FCFCFC
1945	#FEFCFC	#FFFFFF
1946	#E9CECA	#FEFEFE
1947	#EDEBF6	#FEFEFE
1948	#FDFAFA	#FFFFFF
1949	#E8E5F3	#FEFEFE
1950	#D9B0AB	#FDFDFD
1951	#ECD5D2	#FEFEFE
1952	#FFFFFF	#FFFFFF
1953	#FEFDFD	#FFFFFF
1954	#EBD3D0	#FEFEFE
1955	#F4E5E3	#FEFEFE
1956	#D4A6A0	#FCFCFC
1957	#F8EFED	#FEFEFE
1958	#DDD8EC	#FEFEFE
1959	#F4E6E4	#FEFEFE
1960	#F1DFDD	#FEFEFE
1961	#F0DDDA	#FEFEFE
1962	#BF817A	#FAFAFA
1963	#F9F1F0	#FFFFFF
1964	#FEFCFC	#FFFFFF
1965	#EAE7F4	#FEFEFE
1966	#F8F7FB	#FFFFFF
1967	#FBF6F5	#FFFFFF
1968	#F7EDEC	#FEFEFE
1969	#F1EFF8	#FEFEFE
1970	#D9B0AA	#FDFDFD
1971	#FBF6F6	#FFFFFF
1972	#E1BEB9	#FEFEFE
1973	#FCF8F8	#FFFFFF
1974	#EEECF6	#FEFEFE
1975	#F6E9E8	#FEFEFE
1976	#F1EFF8	#FEFEFE
1977	#D8D3EA	#FDFDFD
1978	#F5F3FA	#FFFFFF
1979	#FBFBFD	#FFFFFF
1980	#FCF8F8	#FFFFFF
1981	#FAF4F3	#FFFFFF
1982	#D9B0AB	#FBFBFB
1983	#F5E9E7	#FEFEFE
1984	#F1E0DE	#FEFEFE
1985	#C78E87	#FBFBFB
1986	#EFDCDA	#FEFEFE
1987	#EED8D5	#FEFEFE
1988	#FBFBFD	#FFFFFF
1989	#FDFCFE	#FFFFFF
1990	#DDD8ED	#FDFDFD
1991	#FBF7F6	#FFFFFF
1992	#D4CFE8	#FEFEFE
1993	#F4E5E3	#FEFEFE
1994	#EEECF6	#FFFFFF
1995	#FBF6F5	#FFFFFF
1996	#FBF5F4	#FFFFFF
1997	#FBF6F6	#FFFFFF
1998	#CC9791	#FCFCFC
1999	#ECD5D2	#FEFEFE
2000	#F4E5E3	#FEFEFE
2001	#AEA5D3	#FCFCFC
2002	#FDFCFE	#FFFFFF
2003	#C68E87	#FBFBFB
2004	#CF9D97	#FCFCFC
2005	#FDFBFB	#FFFFFF
2006	#FBF6F5	#FFFFFF
2007	#FDFBFB	#FFFFFF
2008	#E8CDC9	#FEFEFE
2009	#CC9791	#FCFCFC
2010	#C68D87	#FBFBFB
2011	#EFDCD9	#FEFEFE
2012	#DFBBB7	#FCFCFC
2013	#E4C4C0	#FDFDFD
2014	#F1EFF7	#FEFEFE
2015	#E1BEBA	#FEFEFE
2016	#EEECF6	#FEFEFE
2017	#F2F0F8	#FEFEFE
2018	#FBFBFD	#FFFFFF
2019	#EDEAF5	#FEFEFE
2020	#DDD9ED	#FDFDFD
2021	#F8EFED	#FFFFFF
2022	#F1DFDD	#FEFEFE
2023	#FBFBFD	#FFFFFF
2024	#FBF6F6	#FFFFFF
2025	#F2E2E0	#FEFEFE
2026	#EAE8F4	#FEFEFE
2027	#F1EFF8	#FEFEFE
2028	#FDFCFE	#FFFFFF
2029	#F4E5E3	#FEFEFE
2030	#FBF6F6	#FFFFFF
2031	#FBF7F6	#FFFFFF
2032	#FFFFFF	#FFFFFF
2033	#FAF3F2	#FFFFFF
2034	#F5F4FA	#FFFFFF
2035	#F7ECEB	#FFFFFF
2036	#F9F2F1	#FFFFFF
2037	#E9D0CC	#FDFDFD
2038	#E4C4C0	#FCFCFC
2039	#FCF8F7	#FFFFFF
2040	#FAF9FC	#FFFFFF
2041	#EFDCD9	#FEFEFE
2042	#FCFCFE	#FFFFFF
2043	#FBF6F5	#FFFFFF
2044	#F1E0DE	#FEFEFE
2045	#C8918A	#FBFBFB
2046	#D4A5A0	#FCFCFC
2047	#BF817A	#FAFAFA
2048	#E9CFCC	#FDFDFD
2049	#FBF6F5	#FFFFFF
2050	#F0DDDA	#FEFEFE
2051	#C3BBDE	#FDFDFD
2052	#EBD2CF	#FDFDFD
2053	#CDC7E4	#FCFCFC
2054	#EED9D6	#FEFEFE
2055	#FDFBFA	#FFFFFF
2056	#F6EAE9	#FEFEFE
2057	#F8EEED	#FFFFFF
2058	#C68C86	#FBFBFB
2059	#F4E5E3	#FEFEFE
2060	#D4A59F	#FCFCFC
2061	#ECD6D3	#FEFEFE
2062	#C68D87	#FBFBFB
2063	#D4A59F	#FCFCFC
2064	#FCF7F7	#FFFFFF
2065	#E6E3F1	#FEFEFE
2066	#E3DFF0	#FDFDFD
2067	#F2F0F8	#FEFEFE
2068	#E8E5F3	#FEFEFE
2069	#DED9ED	#FDFDFD
2070	#F7EDEC	#FEFEFE
2071	#F3E5E3	#FEFEFE
2072	#C3BBDE	#FDFDFD
2073	#EBE8F4	#FEFEFE
2074	#FCFBFD	#FFFFFF
2075	#F8F7FB	#FFFFFF
2076	#EDEAF5	#FEFEFE
2077	#FDFBFB	#FFFFFF
2078	#F8F7FB	#FFFFFF
2079	#FEFEFE	#FFFFFF
2080	#F9F8FC	#FFFFFF
2081	#FEFEFF	#FFFFFF
2082	#F7EDEC	#FEFEFE
2083	#EED8D6	#FEFEFE
2084	#F6EAE8	#FEFEFE
2085	#F2E2E0	#FEFEFE
2086	#EFDCD9	#FEFEFE
2087	#F5E8E6	#FEFEFE
2088	#EAD2CE	#FDFDFD
2089	#F0DEDB	#FEFEFE
2090	#E8CDCA	#FDFDFD
2091	#F4E5E4	#FEFEFE
2092	#ECD6D3	#FEFEFE
2093	#FEFDFD	#FFFFFF
2094	#E2C0BC	#FDFDFD
2095	#F7ECEA	#FEFEFE
2096	#FEFDFC	#FFFFFF
2097	#FDFAFA	#FFFFFF
2098	#EDEAF5	#FEFEFE
2099	#EAD1CE	#FDFDFD
2100	#ECD6D3	#FEFEFE
2101	#AEA5D3	#FCFCFC
2102	#ECD5D2	#FEFEFE
2103	#CF9D97	#FCFCFC
2104	#DFBBB7	#FCFCFC
2105	#E6E2F1	#FEFEFE
2106	#FEFDFC	#FFFFFF
2107	#E8CECA	#FEFEFE
2108	#D4A5A0	#FCFCFC
2109	#F1E0DE	#FEFEFE
2110	#E2C0BC	#FDFDFD
2111	#F9F8FC	#FFFFFF
2112	#F3E4E2	#FEFEFE
2113	#E2C0BC	#FDFDFD
2114	#F1E0DE	#FEFEFE
2115	#CF9C96	#FCFCFC
2116	#FCF9F8	#FFFFFF
2117	#FBFBFD	#FFFFFF
2118	#E2DEEF	#FDFDFD
2119	#E5E1F1	#FDFDFD
2120	#D5CFE8	#FDFDFD
2121	#FEFCFC	#FFFFFF
2123	#FAFAFC	#FFFFFF
2124	#F1E0DE	#FEFEFE
2125	#FAF9FC	#FFFFFF
2126	#F6F5FA	#FFFFFF
2127	#FFFEFE	#FFFFFF
2128	#F3E4E2	#FEFEFE
2129	#F7F6FB	#FFFFFF
2130	#FEFCFB	#FFFFFF
2131	#EFDCDA	#FEFEFE
2132	#F8F7FB	#FFFFFF
2133	#FCF9F8	#FFFFFF
2134	#F7ECEB	#FEFEFE
2135	#F4E6E4	#FEFEFE
2136	#E5C7C3	#FDFDFD
2137	#F4E5E3	#FEFEFE
2138	#F4E6E5	#FEFEFE
2139	#F1E0DE	#FEFEFE
2140	#F6EAE9	#FEFEFE
2141	#C68D87	#FBFBFB
2142	#F8EFED	#FEFEFE
2143	#D9B0AB	#FDFDFD
2144	#DDD8EC	#FEFEFE
2145	#ECD6D3	#FEFEFE
2146	#DFDAED	#FCFCFC
2147	#F6EAE8	#FEFEFE
2148	#F1E0DE	#FEFEFE
2149	#F8EEED	#FFFFFF
2150	#FFFFFF	#FFFFFF
2151	#F7EDEC	#FEFEFE
2152	#FDFAFA	#FFFFFF
2153	#F9F1F0	#FFFFFF
2154	#F7EDEB	#FEFEFE
2155	#FBFAFD	#FFFFFF
2156	#F3F1F8	#FFFFFF
2157	#FCF8F7	#FFFFFF
2158	#E5E2F1	#FEFEFE
2159	#E1BEBA	#FEFEFE
2160	#FBF6F5	#FFFFFF
2161	#E0BCB7	#FCFCFC
2162	#BE7F78	#FAFAFA
2163	#FBF6F5	#FFFFFF
2164	#C3BBDE	#FDFDFD
2165	#F7ECEB	#FFFFFF
2166	#F2F1F8	#FFFFFF
2167	#F1E0DE	#FEFEFE
2168	#FAF9FC	#FFFFFF
2169	#EEECF6	#FEFEFE
2170	#E9CECA	#FEFEFE
2171	#E4C4C0	#FDFDFD
2172	#D9B0AA	#FDFDFD
2173	#ECD5D2	#FEFEFE
2174	#E9E5F3	#FEFEFE
2175	#DEB9B4	#FCFCFC
2176	#EEECF6	#FEFEFE
2177	#EDD6D3	#FEFEFE
2178	#F8F7FB	#FFFFFF
2179	#FCF7F6	#FFFFFF
2180	#F1EFF7	#FEFEFE
2181	#F9F1F0	#FFFFFF
2182	#FDFBFA	#FFFFFF
2183	#FFFFFF	#FFFFFF
2184	#FCF7F7	#FFFFFF
2185	#D7D2E9	#FDFDFD
2186	#F2F0F8	#FFFFFF
2187	#EBD2CF	#FDFDFD
2188	#F0DCDA	#FEFEFE
2189	#F4E7E5	#FEFEFE
2190	#F3E4E2	#FEFEFE
2191	#EDD7D4	#FEFEFE
2192	#FDFBFB	#FFFFFF
2193	#E8CDCA	#FEFEFE
2194	#FFFFFF	#FFFFFF
2195	#E4E1F1	#FEFEFE
2196	#EED9D7	#FDFDFD
2197	#D8D2EA	#FDFDFD
2198	#F2E2E0	#FEFEFE
2199	#EEEBF6	#FEFEFE
2200	#E8CECA	#FEFEFE
2201	#DCB5B0	#FCFCFC
2202	#E2C0BC	#FDFDFD
2203	#E9CECA	#FEFEFE
2204	#CF9D97	#FCFCFC
2205	#F0DCDA	#FEFEFE
2206	#E3C3BF	#FDFDFD
2207	#EED9D6	#FEFEFE
2208	#F7EDEB	#FFFFFF
2209	#FFFFFF	#FFFFFF
2210	#D9B0AB	#FDFDFD
2211	#CF9C96	#FCFCFC
2212	#F6F5FA	#FFFFFF
2213	#FEFDFC	#FFFFFF
2214	#F8EEED	#FFFFFF
2215	#D9AFAA	#FDFDFD
2216	#F9F0EF	#FEFEFE
2217	#ECD5D2	#FEFEFE
2218	#F7F6FB	#FFFFFF
2219	#D9D4EA	#FCFCFC
2220	#F7ECEB	#FEFEFE
2221	#F9F9FC	#FFFFFF
2222	#BEB6DB	#FCFCFC
2223	#F2E1DF	#FEFEFE
2224	#E4C4C0	#FDFDFD
2225	#F7EDEC	#FEFEFE
2226	#FCF7F7	#FFFFFF
2227	#ECD5D2	#FEFEFE
2228	#F7EDEC	#FEFEFE
2229	#E8E5F3	#FEFEFE
2230	#F1E0DE	#FEFEFE
2231	#F6EAE8	#FEFEFE
2232	#F0DDDA	#FDFDFD
2233	#F2E2E0	#FEFEFE
2234	#EBD3D0	#FDFDFD
2235	#F8EEED	#FEFEFE
2236	#D4A5A0	#FCFCFC
2237	#FFFEFE	#FFFFFF
2238	#FEFEFE	#FFFFFF
2239	#EBE9F4	#FEFEFE
2240	#F6EAE9	#FEFEFE
2241	#EFDCD9	#FEFEFE
2242	#EEECF6	#FEFEFE
2243	#F9F8FC	#FFFFFF
2244	#F2E2E0	#FEFEFE
2245	#EFECF6	#FEFEFE
2246	#F6F5FA	#FFFFFF
2247	#EED9D6	#FEFEFE
2248	#F7EDEC	#FEFEFE
2249	#FBF6F5	#FFFFFF
2250	#FBF6F6	#FFFFFF
2251	#E4E0F0	#FEFEFE
2252	#FBFBFD	#FFFFFF
2253	#F7EDEC	#FFFFFF
2254	#E8E5F2	#FEFEFE
2255	#E2C1BC	#FDFDFD
2256	#E1BEB9	#FEFEFE
2257	#F1DFDD	#FEFEFE
2258	#F2F0F8	#FFFFFF
2259	#F0DDDA	#FEFEFE
2260	#F8EEED	#FFFFFF
2261	#D4A5A0	#FCFCFC
2262	#EDD6D3	#FEFEFE
2263	#F2E1DE	#FEFEFE
2264	#EED9D6	#FEFEFE
2265	#FEFDFC	#FFFFFF
2266	#FBF6F5	#FFFFFF
2267	#DFBBB7	#FCFCFC
2268	#E8E5F3	#FEFEFE
2269	#E7E4F2	#FDFDFD
2270	#FCFCFE	#FFFFFF
2271	#FBF7F6	#FFFFFF
2272	#DED9ED	#FDFDFD
2273	#FBF5F4	#FFFFFF
2274	#FDFBFB	#FFFFFF
2275	#EBD2CF	#FDFDFD
2276	#EAE7F4	#FEFEFE
2277	#F3E5E3	#FEFEFE
2278	#C48A83	#FBFBFB
2279	#FBF5F5	#FFFFFF
2280	#F6F4FA	#FFFFFF
2281	#E9CFCC	#FDFDFD
2282	#F7ECEB	#FFFFFF
2283	#E4C4C0	#FDFDFD
2284	#E7CAC6	#FDFDFD
2285	#DBB4AF	#FCFCFC
2286	#E4C4C0	#FDFDFD
2287	#F2E2E0	#FEFEFE
2288	#F7ECEA	#FEFEFE
2289	#F8EEED	#FFFFFF
2290	#EDEBF5	#FEFEFE
2291	#D9B0AB	#FDFDFD
2292	#E5C7C3	#FDFDFD
2293	#FFFFFE	#FFFFFF
2294	#FEFCFC	#FFFFFF
2295	#E8E5F3	#FEFEFE
2296	#F5F4FA	#FFFFFF
2297	#FDFAFA	#FFFFFF
2298	#F6F4FA	#FFFFFF
2299	#EFEDF6	#FFFFFF
2300	#FAF9FC	#FFFFFF
2301	#E4E0F0	#FEFEFE
2302	#E9CECB	#FEFEFE
2303	#F5F4FA	#FFFFFF
2304	#F7EDEC	#FEFEFE
2305	#E6E3F2	#FEFEFE
2306	#E8CDCA	#FEFEFE
2307	#F7EDEB	#FEFEFE
2308	#FFFFFF	#FFFFFF
2309	#F4E6E4	#FEFEFE
2310	#EFDCD9	#FEFEFE
2311	#EED9D7	#FEFEFE
2312	#C48982	#FBFBFB
2313	#EDD6D4	#FEFEFE
2314	#ECD5D2	#FEFEFE
2315	#CB9690	#FCFCFC
2316	#F7ECEB	#FFFFFF
2317	#FAF9FC	#FFFFFF
2318	#EED9D6	#FEFEFE
2319	#EBD3D0	#FDFDFD
2320	#C68D87	#FBFBFB
2321	#F5E9E7	#FEFEFE
2322	#F2F1F8	#FFFFFF
2323	#F2E3E0	#FEFEFE
2324	#F1E0DE	#FEFEFE
2325	#F7ECEA	#FEFEFE
2326	#F9F1F0	#FFFFFF
2327	#C28780	#FAFAFA
2328	#F2E1DF	#FEFEFE
2329	#D4A5A0	#FCFCFC
2330	#F1DFDD	#FEFEFE
2331	#F6EAE9	#FEFEFE
2332	#F8EFEE	#FEFEFE
2333	#FBF6F5	#FFFFFF
2334	#FEFCFC	#FFFFFF
2335	#E7CBC7	#FDFDFD
2336	#F4E6E4	#FEFEFE
2337	#FFFEFE	#FFFFFF
2338	#F2E2E0	#FEFEFE
2339	#E6C8C4	#FDFDFD
2340	#ECD5D2	#FEFEFE
2341	#EFEDF6	#FEFEFE
2342	#EFDCDA	#FEFEFE
2343	#FBF7F6	#FFFFFF
2344	#FDFBFA	#FFFFFF
2345	#F7F5FA	#FFFFFF
2346	#EDD7D4	#FEFEFE
2347	#F5F4FA	#FFFFFF
2348	#F4E6E4	#FEFEFE
2349	#F1E0DE	#FEFEFE
2350	#F1E0DE	#FEFEFE
2351	#EDEAF5	#FEFEFE
2352	#DBD7EC	#FEFEFE
2353	#DEDAED	#FEFEFE
2354	#FBF6F5	#FFFFFF
2355	#E6C9C5	#FDFDFD
2356	#F2E1DE	#FEFEFE
2357	#EEECF6	#FEFEFE
2358	#FAF9FC	#FFFFFF
2359	#FFFEFE	#FFFFFF
2360	#F9F9FC	#FFFFFF
2361	#E6C8C4	#FDFDFD
2362	#E1BEBA	#FDFDFD
2363	#C9928B	#FBFBFB
2364	#E2C0BB	#FDFDFD
2365	#ECD5D2	#FEFEFE
2366	#F7ECEB	#FFFFFF
2367	#FDFDFE	#FFFFFF
2368	#E1BEBA	#FEFEFE
2369	#F9F9FC	#FFFFFF
2370	#E6C8C5	#FDFDFD
2371	#D7D1E9	#FDFDFD
2372	#E3DFF0	#FDFDFD
2373	#E9CECA	#FEFEFE
2374	#FFFFFF	#FFFFFF
2375	#F1E0DE	#FEFEFE
2376	#D3CEE7	#FDFDFD
2377	#EFEDF6	#FEFEFE
2378	#EDD7D4	#FEFEFE
2379	#F2F0F8	#FFFFFF
2380	#FCF7F7	#FFFFFF
2381	#F9F0EF	#FFFFFF
2382	#FEFCFB	#FFFFFF
2383	#E9CECA	#FDFDFD
2384	#E8E5F3	#FEFEFE
2385	#FBFAFD	#FFFFFF
2386	#F9F1F0	#FFFFFF
2387	#F6EBEA	#FEFEFE
2388	#FAF4F3	#FFFFFF
2389	#F6EAE9	#FEFEFE
2390	#E5E2F1	#FEFEFE
2391	#CC9790	#FCFCFC
2392	#F8F7FB	#FFFFFF
2393	#FCFCFE	#FFFFFF
2394	#E6C8C4	#FDFDFD
2395	#F6EAE9	#FEFEFE
2396	#EFDCDA	#FEFEFE
2397	#D4A59F	#FCFCFC
2398	#EED9D7	#FEFEFE
2399	#FAF4F3	#FFFFFF
2400	#FCF8F7	#FFFFFF
2401	#F7EEEC	#FFFFFF
2402	#DCD7EC	#FEFEFE
2403	#F8F7FB	#FFFFFF
2404	#EEECF6	#FEFEFE
2405	#E2C1BD	#FDFDFD
2406	#E5E1F1	#FEFEFE
2407	#F6EAE8	#FEFEFE
2408	#F4E5E3	#FEFEFE
2409	#F5F4FA	#FFFFFF
2410	#F6EAE9	#FEFEFE
2411	#EBD4D0	#FDFDFD
2412	#C8918A	#FBFBFB
2413	#D9AFAA	#FDFDFD
2414	#E9CECB	#FEFEFE
2415	#C48A83	#FBFBFB
2416	#E4C4C0	#FDFDFD
2417	#CF9D97	#FCFCFC
2418	#F0DCDA	#FEFEFE
2419	#DFBBB7	#FCFCFC
2420	#E6E3F2	#FEFEFE
2421	#E8E5F2	#FEFEFE
2422	#EFEDF6	#FEFEFE
2423	#E5E1F1	#FEFEFE
2424	#D8D3EA	#FDFDFD
2425	#E5E1F1	#FEFEFE
2426	#E6C8C4	#FDFDFD
2427	#D9D4EA	#FDFDFD
2428	#F7ECEB	#FFFFFF
2429	#EDEAF5	#FEFEFE
2430	#E4E0F0	#FEFEFE
2431	#EAD1CE	#FDFDFD
2432	#F4E6E4	#FEFEFE
2433	#EFDCD9	#FEFEFE
2434	#FDFAF9	#FFFFFF
2435	#F6EAE8	#FEFEFE
2436	#EAD1CE	#FDFDFD
2437	#EEECF6	#FEFEFE
2438	#F4E7E5	#FEFEFE
2439	#FBF5F4	#FFFFFF
2440	#F8F0EE	#FEFEFE
2441	#FAF4F3	#FFFFFF
2442	#E8CDCA	#FDFDFD
2443	#F8F0EF	#FEFEFE
2444	#F4E5E3	#FEFEFE
2445	#FBF7F6	#FFFFFF
2446	#FDFAFA	#FFFFFF
2447	#FEFEFE	#FFFFFF
2448	#FAFAFC	#FFFFFF
2449	#ECD5D2	#FEFEFE
2450	#FAF9FC	#FFFFFF
2451	#FBFAFD	#FFFFFF
2452	#EDD6D3	#FEFEFE
2453	#F7EDEB	#FEFEFE
2454	#EED9D6	#FEFEFE
2455	#FBFAFD	#FFFFFF
2456	#C9918B	#FBFBFB
2457	#F0DDDA	#FEFEFE
2458	#EAD1CE	#FDFDFD
2459	#CC9790	#FCFCFC
2460	#DFBBB7	#FCFCFC
2461	#EED9D6	#FEFEFE
2462	#EFDCDA	#FEFEFE
2463	#E8E5F2	#FEFEFE
2464	#FEFDFD	#FFFFFF
2465	#CF9D96	#FCFCFC
2466	#D8D2EA	#FDFDFD
2467	#F1E0DE	#FEFEFE
2468	#FDFBFA	#FFFFFF
2469	#F4E5E3	#FEFEFE
2470	#C28780	#FAFAFA
2471	#E9CECB	#FEFEFE
2472	#EFECF6	#FEFEFE
2473	#F9F1F0	#FFFFFF
2474	#E3E0F0	#FEFEFE
2475	#FCFBFD	#FFFFFF
2476	#E4C4C0	#FDFDFD
2477	#E9CFCB	#FDFDFD
2478	#E7E3F2	#FEFEFE
2479	#F9F1EF	#FFFFFF
2480	#FDFCFE	#FFFFFF
2481	#E4C4C0	#FDFDFD
2482	#FBF6F5	#FFFFFF
2483	#EFEDF7	#FEFEFE
2484	#F8F7FB	#FFFFFF
2485	#FAF9FC	#FFFFFF
2486	#FBFBFD	#FFFFFF
2487	#FAF4F3	#FFFFFF
2488	#FBF5F5	#FFFFFF
2489	#FBFAFD	#FFFFFF
2490	#FCF8F8	#FFFFFF
2491	#E5E1F1	#FDFDFD
2492	#FAF3F2	#FFFFFF
2493	#E5C7C3	#FCFCFC
2494	#F9F1F0	#FFFFFF
2495	#BF817A	#FAFAFA
2496	#FAF9FC	#FFFFFF
2497	#EFECF6	#FEFEFE
2498	#FCFCFE	#FFFFFF
2499	#FEFDFD	#FFFFFF
2500	#FAF4F3	#FFFFFF
2501	#E2C1BC	#FDFDFD
2502	#FBF6F6	#FFFFFF
2503	#F7ECEA	#FEFEFE
2504	#C48A83	#FBFBFB
2505	#F7F5FA	#FFFFFF
2506	#F4E7E5	#FEFEFE
2507	#E4C4C0	#FDFDFD
2508	#EDD6D4	#FEFEFE
2509	#F4E7E5	#FEFEFE
2510	#CF9C96	#FCFCFC
2511	#E2C0BC	#FDFDFD
2512	#F4E6E4	#FEFEFE
2513	#E3C2BE	#FCFCFC
2514	#F0DDDB	#FEFEFE
2515	#EDD7D4	#FEFEFE
2516	#F6ECEA	#FFFFFF
2517	#E8CDCA	#FEFEFE
2518	#CF9D97	#FCFCFC
2519	#FEFDFD	#FFFFFF
2520	#FBF7F6	#FFFFFF
2521	#C4BCDF	#FCFCFC
2522	#FCF7F7	#FFFFFF
2523	#F6F5FA	#FFFFFF
2524	#EFEDF6	#FEFEFE
2525	#F1E0DD	#FEFEFE
2526	#EFECF6	#FEFEFE
2527	#DFBBB7	#FCFCFC
2528	#EED9D7	#FEFEFE
2529	#FDFBFA	#FFFFFF
2530	#F7EDEC	#FEFEFE
2531	#EDEAF5	#FEFEFE
2532	#EAE7F4	#FEFEFE
2533	#F3E3E1	#FEFEFE
2534	#F3E5E3	#FEFEFE
2535	#E6CAC6	#FDFDFD
2536	#F9F1F0	#FFFFFF
2537	#CEC8E4	#FDFDFD
2538	#F3F1F9	#FEFEFE
2539	#F9F9FC	#FFFFFF
2540	#F3F1F8	#FEFEFE
2541	#FAF4F3	#FFFFFF
2542	#F9F8FC	#FFFFFF
2543	#EDD7D4	#FEFEFE
2544	#FCF8F7	#FFFFFF
2545	#F5E8E6	#FEFEFE
2546	#EED9D6	#FEFEFE
2547	#EDD7D4	#FEFEFE
2548	#FDFBFB	#FFFFFF
2549	#FFFEFE	#FFFFFF
2550	#F4E6E5	#FEFEFE
2551	#F1E0DE	#FEFEFE
2552	#F1DFDD	#FEFEFE
2553	#D9D4EA	#FCFCFC
2554	#E8CECA	#FEFEFE
2555	#FCFBFD	#FFFFFF
2556	#FBF7F6	#FFFFFF
2557	#F0EEF7	#FEFEFE
2558	#FDFBFB	#FFFFFF
2559	#F0DDDA	#FEFEFE
2560	#C28780	#FAFAFA
2561	#ECEAF5	#FEFEFE
2562	#E4C4C0	#FDFDFD
2563	#DFBBB7	#FCFCFC
2564	#EDD7D4	#FEFEFE
2565	#F8EEED	#FEFEFE
2566	#F1E1DE	#FEFEFE
2567	#E1BEB9	#FEFEFE
2568	#F6F4FA	#FFFFFF
2569	#E9CECA	#FEFEFE
2570	#C8918A	#FBFBFB
2571	#FBF6F6	#FFFFFF
2572	#E8E5F3	#FEFEFE
2573	#FCFBFD	#FFFFFF
2574	#D7D2EA	#FDFDFD
2575	#F9F1F0	#FFFFFF
2576	#FEFDFD	#FFFFFF
2577	#F7ECEB	#FFFFFF
2578	#FCFBFD	#FFFFFF
2579	#F6F5FA	#FFFFFF
2580	#F5F4FA	#FFFFFF
2581	#F2F0F8	#FEFEFE
2582	#E3C3BF	#FDFDFD
2583	#F6F5FA	#FFFFFF
2584	#F4E7E5	#FEFEFE
2585	#F3E5E3	#FEFEFE
2586	#F0DEDB	#FEFEFE
2587	#F7EDEC	#FEFEFE
2588	#C6BFE0	#FBFBFB
2589	#CF9D97	#FCFCFC
2590	#F9F8FC	#FFFFFF
2591	#F2F0F8	#FEFEFE
2592	#EEECF6	#FEFEFE
2593	#ECD4D1	#FDFDFD
2594	#FDFBFB	#FFFFFF
2595	#F7F6FB	#FFFFFF
2596	#FAF9FC	#FFFFFF
2597	#F9F2F1	#FFFFFF
2598	#F1EFF8	#FEFEFE
2599	#F6EAE8	#FEFEFE
2600	#F2F0F8	#FFFFFF
2601	#F7F5FA	#FFFFFF
2602	#EEECF6	#FFFFFF
2603	#F4E5E3	#FEFEFE
2604	#F9F2F1	#FFFFFF
2605	#F6EAE9	#FEFEFE
2606	#DFBBB7	#FCFCFC
2607	#FDFAF9	#FFFFFF
2608	#C8918B	#FBFBFB
2609	#EDD7D4	#FDFDFD
2610	#CB9690	#FCFCFC
2611	#E4E1F1	#FEFEFE
2612	#E9CECA	#FEFEFE
2613	#F2E2E0	#FEFEFE
2614	#F6EAE9	#FEFEFE
2615	#F9F2F1	#FFFFFF
2616	#F1E0DE	#FEFEFE
2618	#D4A5A0	#FCFCFC
2619	#F2F0F8	#FFFFFF
2620	#F4E7E5	#FEFEFE
2621	#E2C0BC	#FDFDFD
2622	#EBD4D0	#FEFEFE
2623	#FBFBFD	#FFFFFF
2624	#F0EEF7	#FEFEFE
2625	#F0DCDA	#FEFEFE
2626	#F9F2F1	#FFFFFF
2627	#F4E7E5	#FEFEFE
2628	#E1BEB9	#FDFDFD
2629	#ECEAF5	#FEFEFE
2630	#E4E0F0	#FEFEFE
2631	#F2F1F8	#FEFEFE
2632	#FEFEFF	#FFFFFF
2633	#F6EAE8	#FEFEFE
2634	#F9F1F0	#FFFFFF
2635	#F3E5E3	#FEFEFE
2636	#FAF9FC	#FFFFFF
2637	#F2E2E0	#FEFEFE
2638	#F3E4E1	#FEFEFE
2639	#ECE9F5	#FEFEFE
2640	#FFFEFE	#FFFFFF
2641	#FBF6F5	#FFFFFF
2642	#F9F8FC	#FFFFFF
2643	#F3F1F8	#FEFEFE
2644	#E4E0F0	#FDFDFD
2645	#EBD4D1	#FDFDFD
2646	#F9F1F0	#FFFFFF
2647	#F9F8FC	#FFFFFF
2648	#F7ECEB	#FEFEFE
2649	#F6EBE9	#FEFEFE
2650	#F4E6E4	#FEFEFE
2651	#E9CECA	#FEFEFE
2652	#C9928C	#FBFBFB
2653	#F8F7FB	#FFFFFF
2654	#CB9690	#FCFCFC
2655	#F1F0F8	#FEFEFE
2656	#EEECF6	#FFFFFF
2657	#F0DCDA	#FEFEFE
2658	#E5E1F1	#FEFEFE
2659	#EDEAF5	#FEFEFE
2660	#CB9690	#FCFCFC
2661	#F9F1F0	#FFFFFF
2662	#F8EEED	#FFFFFF
2663	#DCB6B1	#FCFCFC
2664	#CB9790	#FCFCFC
2665	#F7ECEB	#FFFFFF
2666	#E9CFCB	#FDFDFD
2667	#FBF6F5	#FFFFFF
2668	#EFECF6	#FEFEFE
2669	#D9B0AB	#FDFDFD
2670	#FBF7F6	#FFFFFF
2671	#E0BEB9	#FDFDFD
2672	#FBFBFD	#FFFFFF
2673	#F7EDEC	#FEFEFE
2674	#F5E9E7	#FEFEFE
2675	#E5E1F1	#FEFEFE
2676	#F1E0DE	#FEFEFE
2677	#D5CFE8	#FDFDFD
2678	#FFFEFE	#FFFFFF
2679	#EBE8F4	#FEFEFE
2680	#E4C4C0	#FDFDFD
2681	#DCD7EC	#FEFEFE
2682	#EED9D6	#FEFEFE
2683	#F7EEEC	#FEFEFE
2684	#D1CBE6	#FCFCFC
2685	#FBF6F6	#FFFFFF
2686	#F2F0F8	#FFFFFF
2687	#EFEDF6	#FEFEFE
2688	#FDFDFE	#FFFFFF
2689	#F2E2E0	#FEFEFE
2690	#E4E1F1	#FEFEFE
2691	#F7F6FB	#FFFFFF
2692	#FCF8F7	#FFFFFF
2693	#F8F7FB	#FFFFFF
2694	#FAF4F3	#FFFFFF
2695	#F1E0DE	#FEFEFE
2696	#FFFFFF	#FFFFFF
2697	#F5F3F9	#FFFFFF
2698	#EDEAF5	#FEFEFE
2699	#FFFEFE	#FFFFFF
2700	#F9F1F0	#FFFFFF
2701	#E1BEB9	#FDFDFD
2702	#EBD4D0	#FEFEFE
2703	#F6EAE8	#FEFEFE
2704	#FBF7F6	#FFFFFF
2705	#DBB3AE	#FCFCFC
2706	#FAF9FC	#FFFFFF
2707	#E3C3BF	#FDFDFD
2708	#E0BCB7	#FCFCFC
2709	#D9AFAA	#FDFDFD
2710	#E1BEB9	#FDFDFD
2711	#F2E1DF	#FEFEFE
2712	#D9B0AA	#FDFDFD
2713	#DEBAB5	#FCFCFC
2714	#CC9791	#FCFCFC
2715	#F1E0DD	#FEFEFE
2716	#EEECF6	#FEFEFE
2717	#E0BDB8	#FDFDFD
2718	#F5E7E5	#FEFEFE
2719	#F7EEEC	#FFFFFF
2720	#FBF6F6	#FFFFFF
2721	#F6EBE9	#FEFEFE
2722	#F5F3F9	#FFFFFF
2723	#FBF6F5	#FFFFFF
2724	#FBF7F6	#FFFFFF
2725	#FAF9FC	#FFFFFF
2726	#FAFAFC	#FFFFFF
2727	#FBFBFD	#FFFFFF
2728	#F4E6E4	#FEFEFE
2729	#F9F9FC	#FFFFFF
2730	#FBF5F5	#FFFFFF
2731	#FDF9F9	#FFFFFF
2732	#BF817A	#FAFAFA
2733	#EED9D6	#FEFEFE
2734	#FFFEFE	#FFFFFF
2735	#EFECF6	#FFFFFF
2736	#F1DFDD	#FEFEFE
2737	#FBF7F6	#FFFFFF
2738	#ECD4D1	#FDFDFD
2739	#F5F4FA	#FFFFFF
2740	#DFBBB7	#FCFCFC
2741	#FAF9FC	#FFFFFF
2742	#F7F6FB	#FFFFFF
2743	#FAF9FC	#FFFFFF
2744	#EEDAD7	#FDFDFD
2745	#F4E7E5	#FEFEFE
2746	#F6F4FA	#FFFFFF
2747	#FBF6F5	#FFFFFF
2748	#EDD7D4	#FEFEFE
2749	#E0BEB9	#FDFDFD
2750	#F1E0DE	#FEFEFE
2751	#EEEBF6	#FEFEFE
2752	#FAFAFD	#FFFFFF
2753	#F4E6E4	#FEFEFE
2754	#F1E0DD	#FEFEFE
2755	#F1DFDD	#FEFEFE
2756	#F1E0DE	#FEFEFE
2757	#FEFCFC	#FFFFFF
2758	#C8918A	#FBFBFB
2759	#C28780	#FAFAFA
2760	#ECD5D1	#FDFDFD
2761	#FFFFFF	#FFFFFF
2762	#EED9D6	#FEFEFE
2763	#E1BEB9	#FEFEFE
2764	#ECD4D1	#FDFDFD
2765	#E8CDC9	#FEFEFE
2766	#F4E5E4	#FEFEFE
2767	#ECEAF5	#FEFEFE
2768	#FAF9FC	#FFFFFF
2769	#FBF6F5	#FFFFFF
2770	#F7EDEC	#FEFEFE
2771	#F6EAE8	#FEFEFE
2772	#F6EBEA	#FEFEFE
2773	#F7ECEB	#FEFEFE
2774	#F7EDEC	#FFFFFF
2775	#DCD7EC	#FEFEFE
2776	#E8E5F2	#FEFEFE
2777	#CDC7E4	#FDFDFD
2778	#E5E2F1	#FEFEFE
2779	#E9E5F3	#FEFEFE
2780	#F8F7FB	#FFFFFF
2781	#E6C8C4	#FDFDFD
2782	#E5E2F1	#FEFEFE
2783	#EAE7F4	#FEFEFE
2784	#E2DEEF	#FDFDFD
2785	#ECD5D2	#FEFEFE
2786	#F1E0DE	#FEFEFE
2787	#FBF6F5	#FFFFFF
2788	#F2E3E0	#FEFEFE
2789	#FBFBFD	#FFFFFF
2790	#F3E5E3	#FEFEFE
2791	#F5E8E6	#FEFEFE
2792	#F4E7E5	#FEFEFE
2793	#F4E5E3	#FEFEFE
2794	#FDFBFB	#FFFFFF
2795	#F1E0DE	#FEFEFE
2796	#FDFBFA	#FFFFFF
2797	#EED8D6	#FEFEFE
2798	#F9F1F0	#FFFFFF
2799	#FBF7F6	#FFFFFF
2800	#F9F1F0	#FFFFFF
2801	#E2C0BC	#FDFDFD
2802	#FAFAFC	#FFFFFF
2803	#FDFDFE	#FFFFFF
2804	#EDD6D3	#FEFEFE
2805	#F0DEDB	#FEFEFE
2806	#DFBCB7	#FCFCFC
2807	#ECD5D2	#FEFEFE
2808	#F1E0DE	#FEFEFE
2809	#E8CDCA	#FEFEFE
2810	#F1E0DD	#FEFEFE
2811	#E2C1BC	#FDFDFD
2812	#EAD1CE	#FDFDFD
2813	#E9CECA	#FEFEFE
2814	#F6F5FA	#FFFFFF
2815	#FAF3F3	#FFFFFF
2816	#CF9D97	#FCFCFC
2817	#EED9D6	#FEFEFE
2818	#FEFDFD	#FFFFFF
2819	#CB9790	#FCFCFC
2820	#F9F1F0	#FFFFFF
2821	#CF9D97	#FCFCFC
2822	#E6C8C4	#FDFDFD
2823	#FBF7F6	#FFFFFF
2824	#DDD8EC	#FEFEFE
2825	#EFECF6	#FFFFFF
2826	#EFECF6	#FEFEFE
2827	#F6E9E8	#FEFEFE
2828	#FCFCFD	#FFFFFF
2829	#EFDBD9	#FEFEFE
2830	#D3A49F	#FCFCFC
2831	#F2E2DF	#FEFEFE
2832	#FCF9F8	#FFFFFF
2833	#F2F0F8	#FEFEFE
2834	#EFECF6	#FEFEFE
2835	#EEECF6	#FEFEFE
2836	#EFECF6	#FEFEFE
2837	#E8CDCA	#FEFEFE
2838	#F9F0EF	#FFFFFF
2839	#E7E4F2	#FDFDFD
2840	#EEECF6	#FFFFFF
2841	#EFDCDA	#FEFEFE
2842	#E4C4C0	#FDFDFD
2843	#FDFDFE	#FFFFFF
2844	#FBFBFD	#FFFFFF
2845	#F8F0EF	#FEFEFE
2846	#F6EBEA	#FEFEFE
2847	#DDD8EC	#FCFCFC
2848	#FFFFFF	#FFFFFF
2849	#F8EEED	#FFFFFF
2850	#FDFBFB	#FFFFFF
2851	#FBF6F5	#FFFFFF
2852	#EFEDF7	#FEFEFE
2853	#E9E5F3	#FEFEFE
2854	#F8EFEE	#FEFEFE
2855	#F8EEED	#FEFEFE
2856	#E6C8C5	#FDFDFD
2857	#EFDBD8	#FDFDFD
2858	#FEFDFC	#FFFFFF
2859	#EED8D6	#FEFEFE
2860	#E4C4C0	#FDFDFD
2861	#FBFAFD	#FFFFFF
2862	#D9AFAA	#FBFBFB
2863	#E2C1BC	#FDFDFD
2864	#FDFDFE	#FFFFFF
2865	#F4E6E4	#FEFEFE
2866	#FFFFFF	#FFFFFF
2867	#FBFAFD	#FFFFFF
2868	#F7ECEB	#FFFFFF
2869	#EEECF6	#FFFFFF
2870	#FCF7F7	#FFFFFF
2871	#F3E4E2	#FEFEFE
2872	#EDEAF5	#FEFEFE
2873	#F1E0DD	#FEFEFE
2874	#ECD5D2	#FEFEFE
2875	#AFA6D3	#FCFCFC
2876	#EFECF6	#FFFFFF
2877	#F6F5FA	#FFFFFF
2878	#FDFDFE	#FFFFFF
2879	#FCF9F8	#FFFFFF
2880	#DDD8EC	#FEFEFE
2881	#FCFBFD	#FFFFFF
2882	#FBFBFD	#FFFFFF
2883	#F4E6E4	#FEFEFE
2884	#EFEDF6	#FEFEFE
2885	#FBFBFD	#FFFFFF
2886	#ECE9F5	#FEFEFE
2887	#F2F1F8	#FFFFFF
2888	#F5E7E6	#FEFEFE
2889	#E8E5F3	#FEFEFE
2890	#FEFDFE	#FFFFFF
2891	#EFDCDA	#FEFEFE
2892	#C68D86	#FBFBFB
2893	#F9F1F0	#FEFEFE
2894	#F7ECEA	#FEFEFE
2895	#F5F4FA	#FFFFFF
2896	#FAF4F4	#FFFFFF
2897	#EED9D6	#FDFDFD
2898	#FFFEFE	#FFFFFF
2899	#F7EDEC	#FEFEFE
2900	#F7ECEB	#FFFFFF
2901	#FBF6F5	#FFFFFF
2902	#F1E0DE	#FEFEFE
2903	#F7EDEB	#FFFFFF
2904	#F6ECEA	#FEFEFE
2905	#BC7D76	#FAFAFA
2906	#CC9790	#FCFCFC
2907	#FFFFFF	#FFFFFF
2908	#C9918B	#FBFBFB
2909	#FAF9FC	#FFFFFF
2910	#ECD5D2	#FEFEFE
2911	#F3E5E3	#FEFEFE
2912	#F1DFDD	#FEFEFE
2913	#F5E8E6	#FEFEFE
2914	#FBF6F5	#FFFFFF
2915	#F7EEEC	#FFFFFF
2916	#FBF6F6	#FFFFFF
2917	#FBF6F5	#FFFFFF
2918	#FBFAFD	#FFFFFF
2919	#F6ECEA	#FFFFFF
2920	#F4E6E4	#FEFEFE
2921	#ECD5D3	#FEFEFE
2922	#F4E7E5	#FEFEFE
2923	#FCFBFD	#FFFFFF
2924	#FBF6F6	#FFFFFF
2925	#E9CECA	#FEFEFE
2926	#FAF9FC	#FFFFFF
2927	#CC9790	#FCFCFC
2928	#FBF6F5	#FFFFFF
2929	#ECD4D1	#FDFDFD
2930	#FCF7F6	#FFFFFF
2931	#F2E3E0	#FEFEFE
2932	#E9CECA	#FEFEFE
2933	#F0DEDB	#FEFEFE
2934	#FBF6F6	#FFFFFF
2935	#EFEDF6	#FEFEFE
2936	#FBFBFD	#FFFFFF
2937	#F2E1DF	#FEFEFE
2938	#FDFAFA	#FFFFFF
2939	#E8CDCA	#FDFDFD
2940	#E2DEEF	#FDFDFD
2941	#FEFCFC	#FFFFFF
2942	#F3F1F8	#FFFFFF
2943	#F8EEED	#FFFFFF
2944	#E6E2F1	#FEFEFE
2945	#DED9ED	#FDFDFD
2946	#DEB9B4	#FCFCFC
2947	#FFFEFE	#FFFFFF
2948	#FBFBFD	#FFFFFF
2949	#EAE7F4	#FEFEFE
2950	#F6F5FA	#FFFFFF
2951	#EBD3D0	#FDFDFD
2952	#F8F7FB	#FFFFFF
2953	#ECD4D1	#FDFDFD
2954	#FBF6F5	#FFFFFF
2955	#FAF4F3	#FFFFFF
2956	#F9F1F0	#FFFFFF
2957	#F3E4E2	#FEFEFE
2958	#EFDCD9	#FEFEFE
2959	#F1E0DE	#FEFEFE
2960	#ECD5D3	#FEFEFE
2961	#F4E6E4	#FEFEFE
2962	#EFDCD9	#FEFEFE
2963	#E1BEB9	#FEFEFE
2964	#CF9C96	#FCFCFC
2965	#F7ECEB	#FFFFFF
2966	#FDFBFB	#FFFFFF
2967	#C68D86	#FBFBFB
2968	#E2C0BC	#FDFDFD
2969	#E8CDCA	#FEFEFE
2970	#FBF6F5	#FFFFFF
2971	#FFFEFF	#FFFFFF
2972	#F8EEED	#FEFEFE
2973	#F2F0F8	#FEFEFE
2974	#E9CECB	#FEFEFE
2975	#EDD6D3	#FEFEFE
2976	#FBFAFD	#FFFFFF
2977	#ECD5D2	#FEFEFE
2978	#FBFAFD	#FFFFFF
2979	#EED8D6	#FEFEFE
2980	#F4E5E4	#FEFEFE
2981	#FBF7F6	#FFFFFF
2982	#EFDCD9	#FEFEFE
2983	#F7ECEB	#FEFEFE
2984	#E6C8C4	#FDFDFD
2985	#E3C3BF	#FDFDFD
2986	#FBF6F5	#FFFFFF
2987	#F4E6E4	#FEFEFE
2988	#E5E1F1	#FDFDFD
2989	#FEFDFE	#FFFFFF
2990	#EFEDF6	#FEFEFE
2991	#FCF7F7	#FFFFFF
2992	#F9F1F0	#FFFFFF
2993	#B7AFD8	#FDFDFD
2994	#EED9D6	#FEFEFE
2995	#F5F4FA	#FFFFFF
2996	#E6E2F1	#FEFEFE
2997	#FFFEFE	#FFFFFF
2998	#FAF9FC	#FFFFFF
2999	#F5E7E6	#FEFEFE
3000	#EAE7F4	#FEFEFE
3001	#DDD8EC	#FEFEFE
3002	#E1BFBB	#FBFBFB
3003	#EEECF6	#FEFEFE
3004	#CC9791	#FCFCFC
3005	#F0DEDC	#FEFEFE
3006	#E0BDB9	#FDFDFD
3007	#FCF7F6	#FFFFFF
3008	#E9CECA	#FEFEFE
3009	#E9CECB	#FEFEFE
3010	#ECD4D1	#FDFDFD
3011	#F1E0DE	#FEFEFE
3012	#FEFDFD	#FFFFFF
3013	#F3E5E3	#FEFEFE
3014	#F9F8FC	#FFFFFF
3015	#ECD5D2	#FEFEFE
3016	#ECD5D2	#FEFEFE
3017	#CF9D97	#FCFCFC
3018	#F9F1F0	#FFFFFF
3019	#E8CECA	#FEFEFE
3020	#F3F1F8	#FFFFFF
3021	#EFECF6	#FEFEFE
3022	#FFFEFE	#FFFFFF
3023	#EBD4D1	#FDFDFD
3024	#F7ECEB	#FEFEFE
3025	#F7ECEA	#FEFEFE
3026	#ECD5D2	#FEFEFE
3027	#ECD5D2	#FEFEFE
3028	#EEECF6	#FEFEFE
3029	#FAF4F3	#FFFFFF
3030	#CF9D97	#FCFCFC
3031	#F4E7E5	#FEFEFE
3032	#E4C4C0	#FDFDFD
3033	#E9E5F3	#FEFEFE
3034	#F1EFF8	#FFFFFF
3035	#EBD2CF	#FDFDFD
3036	#EED9D6	#FEFEFE
3037	#FDFAFA	#FFFFFF
3038	#FFFEFE	#FFFFFF
3039	#FAF9FC	#FFFFFF
3040	#F7ECEB	#FEFEFE
3041	#DED9ED	#FDFDFD
3042	#FAF9FC	#FFFFFF
3043	#F7ECEB	#FEFEFE
3044	#B7AFD8	#FDFDFD
3045	#F3E4E2	#FEFEFE
3046	#F4E6E4	#FEFEFE
3047	#ECE9F5	#FEFEFE
3048	#F2F0F8	#FFFFFF
3049	#F9F0EF	#FFFFFF
3050	#EDD6D3	#FDFDFD
3051	#F2F0F8	#FFFFFF
3052	#F0DEDB	#FEFEFE
3053	#ECE9F5	#FEFEFE
3054	#E6C9C6	#FDFDFD
3055	#CF9D96	#FCFCFC
3056	#F7EDEC	#FEFEFE
3057	#F5F4FA	#FFFFFF
3058	#E2C0BC	#FDFDFD
3059	#BE7F78	#FAFAFA
3060	#F7ECEB	#FEFEFE
3061	#E6C8C4	#FDFDFD
3062	#FCF7F7	#FFFFFF
3063	#FCF7F7	#FFFFFF
3064	#E1BEB9	#FDFDFD
3065	#EFDCD9	#FEFEFE
3066	#D4A59F	#FCFCFC
3067	#F0DDDA	#FEFEFE
3068	#DEB9B4	#FCFCFC
3069	#F8EEED	#FFFFFF
3070	#EBD4D1	#FDFDFD
3071	#F2F0F8	#FFFFFF
3072	#D3A59F	#FCFCFC
3073	#EBD2CF	#FDFDFD
3074	#F4E7E5	#FEFEFE
3075	#F7ECEA	#FFFFFF
3076	#ECD5D2	#FEFEFE
3077	#EDD6D3	#FEFEFE
3078	#F2F1F8	#FFFFFF
3079	#E8CDC9	#FEFEFE
3080	#EFDCD9	#FEFEFE
3081	#EED9D7	#FEFEFE
3082	#DCD7EC	#FEFEFE
3083	#F9F8FC	#FFFFFF
3084	#E5C7C3	#FDFDFD
3085	#F4E5E3	#FEFEFE
3086	#F9F1F0	#FFFFFF
3087	#C78E87	#FBFBFB
3088	#ECD6D3	#FEFEFE
3089	#FEFDFD	#FFFFFF
3090	#E3DFF0	#FEFEFE
3091	#E5E2F1	#FEFEFE
3092	#E5E1F1	#FEFEFE
3093	#FDFBFB	#FFFFFF
3094	#F1DFDD	#FEFEFE
3095	#D4CEE7	#FDFDFD
3096	#F9F8FC	#FFFFFF
3097	#EBD4D1	#FDFDFD
3098	#F5F4FA	#FFFFFF
3099	#FBF6F5	#FFFFFF
3100	#F3F1F8	#FEFEFE
3101	#DFBBB7	#FCFCFC
3102	#F9F1F0	#FFFFFF
3103	#F2E2E0	#FEFEFE
3104	#F7ECEB	#FEFEFE
3105	#EBD4D0	#FEFEFE
3106	#E2C1BD	#FDFDFD
3107	#FBF6F5	#FFFFFF
3108	#F6EBE9	#FEFEFE
3109	#F7ECEB	#FFFFFF
3110	#F9F8FC	#FFFFFF
3111	#F3E3E1	#FEFEFE
3112	#FAF3F2	#FFFFFF
3113	#F4E5E3	#FEFEFE
3114	#EAD1CE	#FDFDFD
3115	#D3A59F	#FCFCFC
3116	#E2C0BC	#FDFDFD
3117	#F1E0DE	#FEFEFE
3118	#FAF4F3	#FFFFFF
3119	#D7D2E9	#FDFDFD
3120	#E4C4C0	#FDFDFD
3121	#EEECF6	#FFFFFF
3122	#FBF6F5	#FFFFFF
3123	#E2C1BD	#FDFDFD
3124	#FBF6F5	#FFFFFF
3125	#EDEAF5	#FEFEFE
3126	#E4C4BF	#FDFDFD
3127	#E8CDCA	#FEFEFE
3128	#FAF4F3	#FFFFFF
3129	#F9F1F0	#FFFFFF
3130	#FAF9FC	#FFFFFF
3131	#EED9D7	#FEFEFE
3132	#E5E1F1	#FEFEFE
3133	#FAF9FC	#FFFFFF
3134	#E5E2F1	#FEFEFE
3135	#CF9D97	#FCFCFC
3136	#CB9690	#FCFCFC
3137	#EFDBD9	#FEFEFE
3138	#FAF9FC	#FFFFFF
3139	#FEFEFD	#FFFFFF
3140	#FBF6F5	#FFFFFF
3141	#E7E4F2	#FEFEFE
3142	#F5F4FA	#FFFFFF
3143	#FBF7F6	#FFFFFF
3144	#FAF3F2	#FFFFFF
3145	#E8CDCA	#FEFEFE
3146	#F9F1F0	#FFFFFF
3147	#FCF8F8	#FFFFFF
3148	#FEFEFE	#FFFFFF
3149	#FBF6F6	#FFFFFF
3150	#FAF4F3	#FFFFFF
3151	#B8B0D8	#FBFBFB
3152	#F6F5FA	#FFFFFF
3153	#FAF4F3	#FFFFFF
3154	#EDEAF5	#FEFEFE
3155	#EEECF6	#FFFFFF
3156	#D4CFE8	#FEFEFE
3157	#F9F0EF	#FFFFFF
3158	#F4E5E3	#FEFEFE
3159	#F9F1F0	#FFFFFF
3160	#F8F7FB	#FFFFFF
3161	#F2F0F8	#FFFFFF
3162	#FEFDFD	#FFFFFF
3163	#C68E87	#FBFBFB
3164	#E0BDB9	#FDFDFD
3165	#FCF7F6	#FFFFFF
3166	#E4E1F1	#FEFEFE
3167	#E6C8C4	#FDFDFD
3168	#F1E0DE	#FEFEFE
3169	#F6F5FA	#FFFFFF
3170	#F2E1DF	#FEFEFE
3171	#FBF6F6	#FFFFFF
3172	#F5E7E6	#FEFEFE
3173	#EED9D6	#FEFEFE
3174	#C68D87	#FBFBFB
3175	#D4A59F	#FCFCFC
3176	#ECE9F5	#FEFEFE
3177	#FDFAFA	#FFFFFF
3178	#FDFAF9	#FFFFFF
3179	#F7ECEB	#FEFEFE
3180	#CF9D97	#FCFCFC
3181	#EEEBF6	#FEFEFE
3182	#F2F0F8	#FFFFFF
3183	#EFEDF6	#FEFEFE
3184	#E1BEB9	#FEFEFE
3185	#F1E0DD	#FEFEFE
3186	#FBF6F5	#FFFFFF
3187	#F7EDEC	#FFFFFF
3188	#F5E7E5	#FEFEFE
3189	#F9F1F0	#FFFFFF
3190	#E9CECB	#FEFEFE
3191	#F9F1F0	#FFFFFF
3192	#F0DCDA	#FEFEFE
3193	#FBF6F5	#FFFFFF
3194	#DFDAED	#FEFEFE
3195	#ECD6D3	#FEFEFE
3196	#F8EEEC	#FFFFFF
3197	#F6F4FA	#FFFFFF
3198	#E2C0BC	#FDFDFD
3199	#F1F0F8	#FEFEFE
3200	#F9F0EF	#FFFFFF
3201	#EFEDF6	#FEFEFE
3202	#FDFAFA	#FFFFFF
3203	#FCF8F8	#FFFFFF
3204	#FBF5F4	#FFFFFF
3205	#F7ECEB	#FFFFFF
3206	#E8CDC9	#FEFEFE
3207	#F6F4FA	#FFFFFF
3208	#F0DCDA	#FEFEFE
3209	#F4E7E5	#FEFEFE
3210	#F6EAE8	#FEFEFE
3211	#EBD4D0	#FDFDFD
3212	#F3E5E3	#FEFEFE
3213	#F4E7E5	#FEFEFE
3214	#C1847D	#FAFAFA
3215	#FAF9FC	#FFFFFF
3216	#F0DDDA	#FEFEFE
3217	#D9B0AA	#FDFDFD
3218	#EBD2CF	#FDFDFD
3219	#D4A59F	#FCFCFC
3220	#F9F1F0	#FFFFFF
3221	#E4E1F1	#FEFEFE
3222	#D3A59F	#FCFCFC
3223	#FAF3F2	#FFFFFF
3224	#C48A83	#FBFBFB
3225	#E2C0BB	#FDFDFD
3226	#E6C8C4	#FDFDFD
3227	#EFECF6	#FEFEFE
3228	#F7EDEC	#FEFEFE
3229	#F6E9E8	#FEFEFE
3230	#F1E0DE	#FEFEFE
3231	#E9CECA	#FDFDFD
3232	#F4E7E5	#FEFEFE
3233	#E4C4C0	#FDFDFD
3234	#ECD6D3	#FEFEFE
3235	#E9E6F3	#FEFEFE
3236	#F8EEED	#FFFFFF
3237	#ECD5D2	#FEFEFE
3238	#FCF8F7	#FFFFFF
3239	#F8F7FB	#FFFFFF
3240	#F7EDEC	#FFFFFF
3241	#D6D1E9	#FCFCFC
3242	#FDFBFA	#FFFFFF
3243	#EAE7F4	#FEFEFE
3244	#F3E5E3	#FEFEFE
3245	#F7F6FB	#FFFFFF
3246	#F8EEED	#FFFFFF
3247	#EDEAF5	#FEFEFE
3248	#F9F1F0	#FFFFFF
3249	#F2E2E0	#FEFEFE
3250	#FFFFFF	#FFFFFF
3251	#FBF6F6	#FFFFFF
3252	#E6E2F1	#FEFEFE
3253	#FDFDFE	#FFFFFF
3254	#FCF9F9	#FFFFFF
3255	#FDFCFE	#FFFFFF
3256	#E9E6F3	#FEFEFE
3257	#FBF6F5	#FFFFFF
3258	#ECD5D2	#FEFEFE
3259	#E5E2F1	#FEFEFE
3260	#E7CBC7	#FDFDFD
3261	#F2E2E0	#FDFDFD
3262	#EBD2CF	#FDFDFD
3263	#FAF9FC	#FFFFFF
3264	#F8EEED	#FEFEFE
3265	#F4E5E3	#FEFEFE
3266	#E3C3BF	#FDFDFD
3267	#F0DDDB	#FEFEFE
3268	#EEECF6	#FFFFFF
3269	#FCFBFD	#FFFFFF
3270	#E6C8C4	#FDFDFD
3271	#ECD5D2	#FEFEFE
3272	#E6C8C4	#FCFCFC
3273	#FDFBFA	#FFFFFF
3274	#F2E1DE	#FEFEFE
3275	#BF817A	#FAFAFA
3276	#F7EEEC	#FFFFFF
3277	#F7ECEB	#FEFEFE
3278	#E3C3BF	#FDFDFD
3279	#C48A83	#FBFBFB
3280	#AFA6D3	#FCFCFC
3281	#E0BDB8	#FDFDFD
3282	#FCF7F7	#FFFFFF
3283	#F7EDEB	#FEFEFE
3284	#FBFAFD	#FFFFFF
3285	#FDFCFE	#FFFFFF
3286	#E0BDB9	#FDFDFD
3287	#E2C1BC	#FDFDFD
3288	#D3A59F	#FCFCFC
3289	#EFECF6	#FEFEFE
3290	#FAF5F4	#FFFFFF
3291	#F9F8FC	#FFFFFF
3292	#EDEAF5	#FEFEFE
3293	#F9F9FC	#FFFFFF
3294	#F2F0F8	#FEFEFE
3295	#FDFBFB	#FFFFFF
3296	#E6E2F1	#FEFEFE
3297	#EFECF6	#FEFEFE
3298	#DED9ED	#FDFDFD
3299	#E8E4F2	#FEFEFE
3300	#F6F5FA	#FFFFFF
3301	#F2F0F8	#FFFFFF
3302	#F9F2F1	#FFFFFF
3303	#FBFBFD	#FFFFFF
3304	#FFFFFF	#FFFFFF
3305	#F6F4FA	#FFFFFF
3306	#F6EAE8	#FEFEFE
3307	#FAF9FC	#FFFFFF
3308	#FAFAFC	#FFFFFF
3309	#F7EDEC	#FEFEFE
3310	#E3C3BF	#FDFDFD
3311	#F7ECEB	#FFFFFF
3312	#E9CFCC	#FCFCFC
3313	#F3E3E1	#FEFEFE
3314	#EED9D7	#FEFEFE
3315	#FBF6F5	#FFFFFF
3316	#FBFAFD	#FFFFFF
3317	#FDFDFE	#FFFFFF
3318	#C48A84	#FBFBFB
3319	#F7ECEB	#FFFFFF
3320	#E8CECA	#FDFDFD
3321	#D9B0AA	#FDFDFD
3322	#F1E0DE	#FEFEFE
3323	#EDD7D4	#FEFEFE
3324	#FBF5F4	#FFFFFF
3325	#EAD2CE	#FDFDFD
3326	#F6EAE9	#FEFEFE
3327	#E4C4BF	#FDFDFD
3328	#E3C3BF	#FDFDFD
3329	#ECD5D2	#FEFEFE
3330	#F2E2E0	#FEFEFE
3331	#E8CDCA	#FEFEFE
3332	#E6C8C4	#FDFDFD
3333	#ECD5D2	#FEFEFE
3334	#F9F1F0	#FFFFFF
3335	#E4C4C0	#FDFDFD
3336	#E4E1F1	#FEFEFE
3337	#F1E0DE	#FEFEFE
3338	#D4A5A0	#FCFCFC
3339	#FBF5F5	#FFFFFF
3340	#FAF9FC	#FFFFFF
3341	#EDEBF6	#FEFEFE
3342	#D4A59F	#FCFCFC
3343	#F1E0DE	#FEFEFE
3344	#DCD8EC	#FEFEFE
3345	#C3BBDE	#FDFDFD
3346	#FBF5F4	#FFFFFF
3347	#D5CFE8	#FEFEFE
3348	#F4E5E3	#FEFEFE
3349	#F7F5FB	#FFFFFF
3350	#F5F3FA	#FFFFFF
3351	#FAF4F3	#FFFFFF
3352	#F5F4FA	#FFFFFF
3353	#F3E5E3	#FEFEFE
3354	#F4F2F9	#FEFEFE
3355	#FBF6F5	#FFFFFF
3356	#F7F5FA	#FFFFFF
3357	#DDB7B2	#FCFCFC
3358	#FBF6F6	#FFFFFF
3359	#ECD5D2	#FDFDFD
3360	#ECD4D1	#FDFDFD
3361	#F7EEEC	#FEFEFE
3362	#FDFAF9	#FFFFFF
3363	#DFBCB7	#FCFCFC
3364	#EAD2CE	#FDFDFD
3365	#ECD5D2	#FEFEFE
3366	#E4E1F1	#FEFEFE
3367	#EEECF6	#FFFFFF
3368	#D4A59F	#FCFCFC
3369	#F9F2F1	#FFFFFF
3370	#EED9D6	#FEFEFE
3371	#F4E5E3	#FEFEFE
3372	#E8CECA	#FEFEFE
3373	#E4C4BF	#FDFDFD
3374	#DFBBB6	#FCFCFC
3375	#FEFCFC	#FFFFFF
3376	#FFFEFE	#FFFFFF
3377	#F7EEEC	#FFFFFF
3378	#FEFCFB	#FFFFFF
3379	#FAF9FC	#FFFFFF
3380	#F7F6FB	#FFFFFF
3381	#ECD5D2	#FEFEFE
3382	#E1BEBA	#FEFEFE
3383	#CB968F	#FCFCFC
3384	#FAF4F3	#FFFFFF
3385	#D4CFE8	#FDFDFD
3386	#FDFCFE	#FFFFFF
3387	#F7EEEC	#FEFEFE
3388	#FAF9FC	#FFFFFF
3389	#F6F5FA	#FFFFFF
3390	#EDD7D4	#FEFEFE
3391	#F2E2E0	#FEFEFE
3392	#C0827B	#FAFAFA
3393	#F9F1F0	#FEFEFE
3394	#EBD3D0	#FDFDFD
3395	#EFDCD9	#FEFEFE
3396	#D9AFA9	#FBFBFB
3397	#FCFCFE	#FFFFFF
3398	#ECD5D2	#FEFEFE
3399	#E0BDB9	#FDFDFD
3400	#E0BEB9	#FDFDFD
3401	#F1E0DE	#FEFEFE
3402	#FAF9FC	#FFFFFF
3403	#EFDCDA	#FEFEFE
3404	#F1E0DE	#FEFEFE
3405	#F8EEED	#FFFFFF
3406	#FFFFFF	#FFFFFF
3407	#DDD8ED	#FDFDFD
3408	#F6EBE9	#FEFEFE
3409	#F8EFEE	#FEFEFE
3410	#D4CEE7	#FDFDFD
3411	#F7ECEB	#FFFFFF
3412	#F6F5FA	#FFFFFF
3413	#E9E5F3	#FEFEFE
3414	#EED9D6	#FEFEFE
3415	#F8EEED	#FFFFFF
3416	#E9CECA	#FEFEFE
3417	#ECD5D2	#FEFEFE
3418	#E4C4C0	#FDFDFD
3419	#C48A83	#FBFBFB
3420	#E0BDB9	#FDFDFD
3421	#EFDCD9	#FEFEFE
3422	#F9F8FC	#FFFFFF
3423	#EEECF6	#FFFFFF
3424	#DFBCB7	#FCFCFC
3425	#F6EAE9	#FEFEFE
3426	#FBF6F6	#FFFFFF
3427	#F3E4E2	#FEFEFE
3428	#E3C4BF	#FDFDFD
3429	#F4E6E4	#FEFEFE
3430	#FFFEFE	#FFFFFF
3431	#F8F7FB	#FFFFFF
3432	#FBF6F5	#FFFFFF
3433	#F5E7E5	#FEFEFE
3434	#DFDAED	#FDFDFD
3435	#F2E2E0	#FEFEFE
3436	#E9D0CC	#FDFDFD
3437	#E2C1BC	#FDFDFD
3438	#F9F8FC	#FFFFFF
3439	#EFEDF6	#FEFEFE
3440	#FDFBFA	#FFFFFF
3441	#F5E7E5	#FEFEFE
3442	#F1E0DE	#FEFEFE
3443	#DBB4AF	#FCFCFC
3444	#CEC8E4	#F9F9F9
3445	#EFDCD9	#FEFEFE
3446	#C68D86	#FBFBFB
3447	#DAB2AD	#FCFCFC
3448	#FDFCFE	#FFFFFF
3449	#F6EAE8	#FEFEFE
3450	#FBF7F6	#FFFFFF
3451	#ECD5D2	#FEFEFE
3452	#F1DFDD	#FEFEFE
3453	#EED9D7	#FEFEFE
3454	#ECD5D2	#FEFEFE
3455	#D9B0AB	#FDFDFD
3456	#EBE8F4	#FEFEFE
3457	#E3C3BF	#FDFDFD
3458	#EFDCD9	#FEFEFE
3459	#FBF6F6	#FFFFFF
3460	#FBF7F6	#FFFFFF
3461	#E4C4C0	#FDFDFD
3462	#F7EDEB	#FFFFFF
3463	#DDD9ED	#FDFDFD
3464	#C5BDDF	#FCFCFC
3465	#E6C8C4	#FDFDFD
3466	#DDD8EC	#FEFEFE
3467	#EDEAF5	#FEFEFE
3468	#CF9D97	#FCFCFC
3469	#DFBBB7	#FCFCFC
3470	#E4C4C0	#FCFCFC
3471	#DBB4AF	#FCFCFC
3472	#CC9790	#FCFCFC
3473	#F1E0DE	#FEFEFE
3474	#E9CECB	#FEFEFE
3475	#EED9D6	#FEFEFE
3476	#EDD6D4	#FEFEFE
3477	#E4C4C0	#FDFDFD
3478	#EBD4D1	#FDFDFD
3479	#C68E87	#FBFBFB
3480	#E2C0BC	#FDFDFD
3481	#F7ECEB	#FEFEFE
3482	#F9F1F0	#FFFFFF
3483	#FEFEFE	#FFFFFF
3484	#F7ECEB	#FFFFFF
3485	#FBF6F5	#FFFFFF
3486	#E4E0F0	#FEFEFE
3487	#F1E0DD	#FEFEFE
3488	#E9CECB	#FEFEFE
3489	#F2F1F8	#FFFFFF
3490	#FEFEFE	#FFFFFF
3491	#EBD4D1	#FDFDFD
3492	#EFEDF6	#FEFEFE
3493	#E0DCEE	#FDFDFD
3494	#C9928B	#FBFBFB
3495	#E6C8C4	#FDFDFD
3496	#FBF6F5	#FFFFFF
3497	#F3E5E3	#FEFEFE
3498	#D3A59F	#FCFCFC
3499	#F3E5E3	#FEFEFE
3500	#F9F8FC	#FFFFFF
3501	#FAF4F3	#FFFFFF
3502	#ECD5D2	#FEFEFE
3503	#F5E7E5	#FEFEFE
3504	#E6C8C4	#FDFDFD
3505	#ECE9F5	#FEFEFE
3506	#FAF9FC	#FFFFFF
3507	#F5F4FA	#FFFFFF
3508	#F3F1F8	#FEFEFE
3509	#F1E0DD	#FEFEFE
3510	#FCF9F8	#FFFFFF
3511	#F1E0DE	#FEFEFE
3512	#FFFEFE	#FFFFFF
3513	#F1DFDD	#FEFEFE
3514	#EBD2CF	#FDFDFD
3515	#F7EEEC	#FEFEFE
3516	#FFFFFF	#FFFFFF
3517	#F1DFDD	#FEFEFE
3518	#F6EAE9	#FEFEFE
3519	#C38780	#FAFAFA
3520	#F8EEED	#FFFFFF
3521	#FAF4F3	#FFFFFF
3522	#FDFCFE	#FFFFFF
3523	#FBFAFD	#FFFFFF
3524	#F6F5FA	#FFFFFF
3525	#CC9791	#FCFCFC
3526	#ECD5D2	#FEFEFE
3527	#DDB7B2	#FCFCFC
3528	#FAF4F3	#FFFFFF
3529	#F0DDDA	#FEFEFE
3530	#E8CDCA	#FEFEFE
3531	#E3C3BF	#FDFDFD
3532	#ECD5D2	#FEFEFE
3533	#CF9D97	#FCFCFC
3534	#F1DFDD	#FEFEFE
3535	#F0DCDA	#FEFEFE
3536	#C8918B	#FBFBFB
3537	#E6C8C4	#FDFDFD
3538	#FAFAFD	#FFFFFF
3539	#CF9D97	#FCFCFC
3540	#FBFBFD	#FFFFFF
3541	#F1E0DD	#FEFEFE
3542	#EED9D6	#FEFEFE
3543	#FCFBFD	#FFFFFF
3544	#D5D0E8	#FDFDFD
3545	#FFFEFE	#FFFFFF
3546	#FDFBFB	#FFFFFF
3547	#DEDAED	#FEFEFE
3548	#FFFEFE	#FFFFFF
3549	#E6C8C4	#FDFDFD
3550	#E5E1F1	#FEFEFE
3551	#FEFDFC	#FFFFFF
3552	#FAFAFC	#FFFFFF
3553	#F6F4FA	#FFFFFF
3554	#F9F1F0	#FFFFFF
3555	#F2F0F8	#FEFEFE
3556	#F4E7E5	#FEFEFE
3557	#F6EAE9	#FEFEFE
3558	#DAB1AC	#FBFBFB
3559	#EBE8F4	#FEFEFE
3560	#D9B0AA	#FDFDFD
3561	#EDD6D3	#FEFEFE
3562	#F7EDEC	#FFFFFF
3563	#FAF3F2	#FEFEFE
3564	#EDD7D4	#FEFEFE
3565	#FFFEFE	#FFFFFF
3566	#EAD2CE	#FDFDFD
3567	#F1DFDD	#FEFEFE
3568	#F3E5E3	#FEFEFE
3569	#F0DDDA	#FEFEFE
3570	#ECEAF5	#FEFEFE
3571	#E4C5C1	#FCFCFC
3572	#F4E5E3	#FEFEFE
3573	#FAF9FC	#FFFFFF
3574	#F6EBEA	#FEFEFE
3575	#F9F1F0	#FFFFFF
3576	#FEFCFC	#FFFFFF
3577	#F7ECEB	#FFFFFF
3578	#F4E6E4	#FEFEFE
3579	#FBF6F5	#FFFFFF
3580	#F7EDEC	#FEFEFE
3581	#F3E5E3	#FEFEFE
3582	#F8EEED	#FFFFFF
3583	#D9B0AB	#FDFDFD
3584	#F0DCDA	#FEFEFE
3585	#F6EAE8	#FEFEFE
3586	#F9F8FC	#FFFFFF
3587	#F1DFDD	#FEFEFE
3588	#FBFAFD	#FFFFFF
3589	#F4E5E3	#FEFEFE
3590	#EED8D6	#FEFEFE
3591	#CB9690	#FCFCFC
3592	#EEECF6	#FFFFFF
3593	#FBFAFD	#FFFFFF
3594	#FBFBFD	#FFFFFF
3595	#EED8D6	#FDFDFD
3596	#EFEDF6	#FFFFFF
3597	#FBF6F5	#FFFFFF
3598	#FAF9FC	#FFFFFF
3599	#E3C3BF	#FDFDFD
3600	#F5F4FA	#FFFFFF
3601	#F7ECEB	#FFFFFF
3602	#DDD8ED	#FEFEFE
3603	#FAF4F4	#FFFFFF
3604	#E6C8C4	#FDFDFD
3605	#E9E6F3	#FEFEFE
3606	#FCF7F7	#FFFFFF
3607	#FDFBFA	#FFFFFF
3608	#FAFAFC	#FFFFFF
3609	#FBFAFD	#FFFFFF
3610	#FBF6F6	#FFFFFF
3611	#F4F3F9	#FFFFFF
3612	#E8E5F3	#FEFEFE
3613	#F7EDEB	#FEFEFE
3614	#F9F1F0	#FFFFFF
3615	#F7EEEC	#FFFFFF
3616	#F2F0F8	#FFFFFF
3617	#E9CFCC	#FDFDFD
3618	#F7EDEB	#FFFFFF
3619	#F9F1F0	#FFFFFF
3620	#E8E5F3	#FEFEFE
3621	#F1E0DE	#FEFEFE
3622	#F7F5FA	#FFFFFF
3623	#FEFEFE	#FFFFFF
3624	#FBF5F5	#FFFFFF
3625	#F3E5E3	#FEFEFE
3626	#FBF7F6	#FFFFFF
3627	#C48A83	#FBFBFB
3628	#F6F5FA	#FFFFFF
3629	#F7EEEC	#FEFEFE
3630	#FBF7F6	#FFFFFF
3631	#E8E5F3	#FEFEFE
3632	#ECD4D1	#FEFEFE
3633	#FFFFFF	#FFFFFF
3634	#FAF9FC	#FFFFFF
3635	#EBD4D0	#FEFEFE
3636	#F1DFDD	#FEFEFE
3637	#EEECF6	#FFFFFF
3638	#FBF6F5	#FFFFFF
3639	#FBFAFD	#FFFFFF
3640	#FEFDFD	#FFFFFF
3641	#FAF3F2	#FFFFFF
3642	#FDFAFA	#FFFFFF
3643	#ECD5D2	#FEFEFE
3644	#F1E0DE	#FEFEFE
3645	#FFFEFE	#FFFFFF
3646	#F0DCDA	#FEFEFE
3647	#FAF9FC	#FFFFFF
3648	#FEFDFD	#FFFFFF
3649	#E2DEEF	#FDFDFD
3650	#F1DFDD	#FEFEFE
3651	#E9CECB	#FEFEFE
3652	#EFDCD9	#FEFEFE
3653	#F9F0EF	#FEFEFE
3654	#F6E9E8	#FEFEFE
3655	#FAF3F2	#FFFFFF
3656	#F2F0F8	#FEFEFE
3657	#FAF9FC	#FFFFFF
3658	#F9F9FC	#FFFFFF
3659	#F6EAE8	#FEFEFE
3660	#E4C4C0	#FDFDFD
3661	#C48982	#FBFBFB
3662	#F7ECEA	#FEFEFE
3663	#D9B0AB	#FBFBFB
3664	#FCF8F7	#FFFFFF
3665	#FCFCFD	#FFFFFF
3666	#FAF9FC	#FFFFFF
3667	#E2C0BC	#FDFDFD
3668	#F7EDEC	#FEFEFE
3669	#D4A5A0	#FCFCFC
3670	#F9F2F1	#FFFFFF
3671	#FBFBFD	#FFFFFF
3672	#FBFAFD	#FFFFFF
3673	#FAF9FC	#FFFFFF
3674	#FFFFFF	#FFFFFF
3675	#CB9690	#FCFCFC
3676	#FCFBFD	#FFFFFF
3677	#F7EDEB	#FFFFFF
3678	#FBF6F5	#FFFFFF
3679	#EED9D6	#FEFEFE
3680	#F1E0DE	#FEFEFE
3681	#D4A59F	#FCFCFC
3682	#F1DFDD	#FEFEFE
3683	#FBFAFD	#FFFFFF
3684	#D4A5A0	#FCFCFC
3685	#ECD5D2	#FEFEFE
3686	#C68D87	#FBFBFB
3687	#F8EEED	#FFFFFF
3688	#FAF4F3	#FFFFFF
3689	#FDFBFB	#FFFFFF
3690	#CF9C96	#FCFCFC
3691	#F4E6E4	#FEFEFE
3692	#F5E7E6	#FEFEFE
3693	#E9CECB	#FEFEFE
3694	#ECD5D2	#FEFEFE
3695	#FBF6F5	#FFFFFF
3696	#F7EDEB	#FFFFFF
3697	#E7E3F2	#FEFEFE
3698	#FBFBFD	#FFFFFF
3699	#FBF6F5	#FFFFFF
3700	#E7CBC7	#FDFDFD
3701	#FBF5F5	#FFFFFF
3702	#FFFFFF	#FFFFFF
3703	#E2DEEF	#FDFDFD
3704	#F5F4FA	#FFFFFF
3705	#F1E0DD	#FEFEFE
3706	#FCFBFD	#FFFFFF
3707	#DED9ED	#FDFDFD
3708	#FAF3F2	#FFFFFF
3709	#DBB3AD	#FCFCFC
3710	#E8E5F2	#FEFEFE
3711	#F8F7FB	#FFFFFF
3712	#F5E9E7	#FEFEFE
3713	#FDFCFE	#FFFFFF
3714	#E8E5F3	#FEFEFE
3715	#F8EEED	#FFFFFF
3716	#FAF3F2	#FFFFFF
3717	#F5E8E6	#FEFEFE
3718	#DEB9B4	#FCFCFC
3719	#E9CECA	#FDFDFD
3720	#E6C8C4	#FDFDFD
3721	#EAE6F3	#FEFEFE
3722	#F4E6E4	#FEFEFE
3723	#EED8D6	#FEFEFE
3724	#C68D87	#FBFBFB
3725	#F7EDEB	#FFFFFF
3726	#F2E2E0	#FEFEFE
3727	#F7EEEC	#FFFFFF
3728	#C9928B	#FBFBFB
3729	#D4A5A0	#FCFCFC
3730	#E1BEBA	#FDFDFD
3731	#E6C8C4	#FDFDFD
3732	#EED9D7	#FEFEFE
3733	#C8918A	#FBFBFB
3734	#CF9D97	#FCFCFC
3735	#FAFAFD	#FFFFFF
3736	#F0DCDA	#FEFEFE
3737	#DFBBB7	#FCFCFC
3738	#D9B0AA	#FDFDFD
3739	#FBF6F5	#FFFFFF
3740	#FBFAFD	#FFFFFF
3741	#E6E2F1	#FEFEFE
3742	#E5E1F1	#FEFEFE
3743	#F9F1F0	#FFFFFF
3744	#FEFDFD	#FFFFFF
3745	#F1DFDD	#FEFEFE
3746	#E3C3BF	#FDFDFD
3747	#FBF6F5	#FFFFFF
3748	#EED9D6	#FEFEFE
3749	#D7D2E9	#FDFDFD
3750	#FFFEFE	#FFFFFF
3751	#E8E5F3	#FEFEFE
3752	#DEDAED	#FEFEFE
3753	#F9F8FC	#FFFFFF
3754	#EFDCDA	#FEFEFE
3755	#FBFAFD	#FFFFFF
3756	#EFEDF6	#FEFEFE
3757	#FBF6F6	#FFFFFF
3758	#C9928C	#FBFBFB
3759	#F1E0DE	#FEFEFE
3760	#E8E4F2	#FEFEFE
3761	#ECE9F5	#FEFEFE
3762	#E7CBC7	#FDFDFD
3763	#EFDBD9	#FEFEFE
3764	#F2E2E0	#FEFEFE
3765	#FAF9FC	#FFFFFF
3766	#F1E0DD	#FEFEFE
3767	#F9F1F0	#FFFFFF
3768	#ECD5D2	#FEFEFE
3769	#EAE7F4	#FEFEFE
3770	#F6EAE8	#FEFEFE
3771	#DDD9ED	#FDFDFD
3772	#DFBBB6	#FCFCFC
3773	#E6C8C4	#FDFDFD
3774	#F9F1F0	#FFFFFF
3775	#E8CECA	#FEFEFE
3776	#E2C1BC	#FDFDFD
3777	#F0DDDA	#FEFEFE
3778	#F1E0DE	#FEFEFE
3779	#F5E7E5	#FEFEFE
3780	#F7EDEB	#FEFEFE
3781	#F9F1F0	#FFFFFF
3782	#FCF9F8	#FFFFFF
3783	#F8EEED	#FFFFFF
3784	#FBF7F6	#FFFFFF
3785	#E6C8C4	#FDFDFD
3786	#F4E5E3	#FEFEFE
3787	#DCB5B0	#FCFCFC
3788	#E8CDCA	#FEFEFE
3789	#F3E4E2	#FEFEFE
3790	#EED9D6	#FEFEFE
3791	#ECD6D3	#FEFEFE
3792	#F6E9E8	#FEFEFE
3793	#F1DFDD	#FEFEFE
3794	#F5E7E6	#FEFEFE
3795	#F6F4FA	#FFFFFF
3796	#E9CECA	#FEFEFE
3797	#E6C8C4	#FDFDFD
3798	#FFFEFE	#FFFFFF
3799	#E9E6F3	#FEFEFE
3800	#FEFCFC	#FFFFFF
3801	#EFDCDA	#FEFEFE
3802	#C7C0E1	#FCFCFC
3803	#FDFBFB	#FFFFFF
3804	#EEECF6	#FEFEFE
3805	#F7EDEC	#FEFEFE
3806	#F4E6E4	#FEFEFE
3807	#F9F8FC	#FFFFFF
3808	#F4E6E4	#FEFEFE
3809	#F6EAE8	#FEFEFE
3810	#EFEDF6	#FEFEFE
3811	#FBFBFD	#FFFFFF
3812	#E8CDCA	#FDFDFD
3813	#F9F1F0	#FFFFFF
3814	#FDFBFA	#FFFFFF
3815	#A79ECF	#FBFBFB
3816	#FCF7F7	#FFFFFF
3817	#EDD7D4	#FDFDFD
3818	#FAF9FC	#FFFFFF
3819	#D3A59F	#FCFCFC
3820	#ECD4D1	#FDFDFD
3821	#FBF5F5	#FFFFFF
3822	#F6EAE8	#FEFEFE
3823	#E9CECA	#FEFEFE
3824	#F9F8FC	#FFFFFF
3825	#FCFBFD	#FFFFFF
3826	#E8CDCA	#FDFDFD
3827	#DFBBB6	#FCFCFC
3828	#E4C4C0	#FDFDFD
3829	#E6C8C4	#FDFDFD
3830	#E4C4C0	#FDFDFD
3831	#F6F5FA	#FFFFFF
3832	#F6F4FA	#FFFFFF
3833	#E1BEBA	#FDFDFD
3834	#D4CEE8	#FDFDFD
3835	#E1BEBA	#FEFEFE
3836	#F1DFDD	#FEFEFE
3837	#E2C1BC	#FDFDFD
3838	#A79DCF	#FBFBFB
3839	#DDB7B3	#FCFCFC
3840	#FBF5F4	#FFFFFF
3841	#C9928B	#FBFBFB
3842	#ECD5D2	#FEFEFE
3843	#F7ECEA	#FFFFFF
3844	#F6F5FA	#FFFFFF
3845	#FAF9FC	#FFFFFF
3846	#F9F8FC	#FFFFFF
3847	#D4CEE8	#FEFEFE
3848	#F7F6FB	#FFFFFF
3849	#CBC5E3	#FDFDFD
3850	#C8918B	#FBFBFB
3851	#F1E0DE	#FEFEFE
3852	#FBFBFD	#FFFFFF
3853	#FBF5F5	#FFFFFF
3854	#F7EEEC	#FFFFFF
3855	#E3C3BF	#FDFDFD
3856	#ECD5D2	#FEFEFE
3857	#F3E4E2	#FEFEFE
3858	#FBF6F5	#FFFFFF
3859	#F5F4FA	#FFFFFF
3860	#D9D4EA	#FCFCFC
3861	#EEECF6	#FEFEFE
3862	#FBFBFD	#FFFFFF
3863	#F8EEED	#FFFFFF
3864	#F6EAE8	#FEFEFE
3865	#F7ECEB	#FEFEFE
3866	#F7EDEC	#FEFEFE
3867	#F2F0F8	#FEFEFE
3868	#F1DFDD	#FEFEFE
3869	#EBE8F4	#FEFEFE
3870	#F2E2E0	#FEFEFE
3871	#FFFFFF	#FFFFFF
3872	#EFEDF6	#FEFEFE
3873	#EDEAF5	#FEFEFE
3874	#F4E5E3	#FEFEFE
3875	#FBF6F5	#FFFFFF
3876	#F6EAE9	#FEFEFE
3877	#EED9D7	#FEFEFE
3878	#F4E6E4	#FEFEFE
3879	#F1E0DE	#FEFEFE
3880	#FBF5F4	#FFFFFF
3881	#F5E9E8	#FEFEFE
3882	#F6EBE9	#FEFEFE
3883	#E9CECA	#FEFEFE
3884	#D4A6A0	#FCFCFC
3885	#F1E0DD	#FEFEFE
3886	#F4E5E3	#FEFEFE
3887	#FBF5F4	#FFFFFF
3888	#D3A59F	#FCFCFC
3889	#D4A59F	#FCFCFC
3890	#C9928B	#FBFBFB
3891	#F4E5E3	#FEFEFE
3892	#CF9D97	#FCFCFC
3893	#E8CDCA	#FEFEFE
3894	#E6C8C4	#FDFDFD
3895	#F1E0DE	#FEFEFE
3896	#E3C3BF	#FDFDFD
3897	#F4E6E4	#FEFEFE
3898	#DCD7EC	#FEFEFE
3899	#F3E4E2	#FEFEFE
3900	#D4CFE8	#FDFDFD
3901	#A197CC	#FBFBFB
3902	#FDFCFE	#FFFFFF
3903	#FEFCFB	#FFFFFF
3904	#F9F9FC	#FFFFFF
3905	#FDFDFE	#FFFFFF
3906	#ECD4D1	#FDFDFD
3907	#F7ECEB	#FEFEFE
3908	#ECD5D3	#FEFEFE
3909	#EBE9F4	#FEFEFE
3910	#E2C0BC	#FDFDFD
3911	#F4E7E5	#FEFEFE
3912	#F6EAE8	#FEFEFE
3913	#F1EFF8	#FFFFFF
3914	#EFDCDA	#FEFEFE
3915	#F9F0EF	#FEFEFE
3916	#EFDCD9	#FEFEFE
3917	#E9CECB	#FEFEFE
3918	#FFFEFE	#FFFFFF
3919	#FAF3F3	#FFFFFF
3920	#F7EEEC	#FFFFFF
3921	#EBE9F4	#FEFEFE
3922	#EFDCD9	#FEFEFE
3923	#DDD9ED	#FDFDFD
3924	#C68D86	#FBFBFB
3925	#FBF6F5	#FFFFFF
3926	#E6C8C4	#FDFDFD
3927	#FCF9F8	#FFFFFF
3928	#E3C3BF	#FDFDFD
3929	#D9B0AA	#FDFDFD
3930	#F1DFDD	#FEFEFE
3931	#FAF9FC	#FFFFFF
3932	#FFFEFE	#FFFFFF
3933	#F7EDEB	#FEFEFE
3934	#DDB7B2	#FCFCFC
3935	#F7ECEA	#FFFFFF
3936	#FCFCFD	#FFFFFF
3937	#FBF6F6	#FFFFFF
3938	#DEB9B4	#FCFCFC
3939	#FAF3F3	#FFFFFF
3940	#C8918B	#FBFBFB
3941	#DDB8B3	#FCFCFC
3942	#E1BEBA	#FEFEFE
3943	#FEFDFC	#FFFFFF
3944	#E2C1BC	#FDFDFD
3945	#FFFEFE	#FFFFFF
3946	#E5E1F1	#FEFEFE
3947	#FCFCFD	#FFFFFF
3948	#DEDAED	#FEFEFE
3949	#F3E5E3	#FEFEFE
3950	#F4E5E3	#FEFEFE
3951	#EFEDF6	#FEFEFE
3952	#FEFEFE	#FFFFFF
3953	#D9B0AB	#FDFDFD
3954	#F6EAE8	#FEFEFE
3955	#FDFAFA	#FFFFFF
3956	#EEECF6	#FFFFFF
3957	#E1DDEF	#FDFDFD
3958	#F9F8FC	#FFFFFF
3959	#FFFFFF	#FFFFFF
3960	#CC9791	#FCFCFC
3961	#E9D0CC	#FDFDFD
3962	#F8EFEE	#FEFEFE
3963	#FDFBFA	#FFFFFF
3964	#FBF6F6	#FFFFFF
3965	#F9F1F0	#FFFFFF
3966	#F9F8FC	#FFFFFF
3967	#EFDCDA	#FEFEFE
3968	#E6E2F1	#FEFEFE
3969	#ECD4D1	#FDFDFD
3970	#F9F0EF	#FEFEFE
3971	#F6F4FA	#FFFFFF
3972	#E9D0CC	#FDFDFD
3973	#F6F5FA	#FFFFFF
3974	#F2E2E0	#FEFEFE
3975	#BE7F78	#FAFAFA
3976	#DFBBB7	#FCFCFC
3977	#F4E6E4	#FEFEFE
3978	#FBF6F5	#FFFFFF
3979	#E8CECA	#FEFEFE
3980	#EFEDF6	#FEFEFE
3981	#CC9791	#FCFCFC
3982	#E5E2F1	#FEFEFE
3983	#F4E5E4	#FEFEFE
3984	#FDFBFB	#FFFFFF
3985	#EED9D6	#FEFEFE
3986	#F9F1F0	#FFFFFF
3987	#FEFEFE	#FFFFFF
3988	#EBD2CF	#FDFDFD
3989	#E8CECA	#FEFEFE
3990	#F7EDEC	#FEFEFE
3991	#E6C9C5	#FDFDFD
3992	#E9CECB	#FEFEFE
3993	#E4C4C0	#FDFDFD
3994	#E8CDCA	#FEFEFE
3995	#E6C8C4	#FDFDFD
3996	#FDFBFB	#FFFFFF
3997	#FEFCFC	#FFFFFF
3998	#F8EEED	#FFFFFF
3999	#DED9ED	#FCFCFC
4000	#FDFBFB	#FFFFFF
4001	#EFECF6	#FEFEFE
4002	#E4E0F0	#FEFEFE
4003	#FAF9FC	#FFFFFF
4004	#ECE9F4	#FEFEFE
4005	#C9928B	#FBFBFB
4006	#EFEDF6	#FEFEFE
4007	#FBFBFD	#FFFFFF
4008	#D4A59F	#FCFCFC
4009	#F9F1F0	#FFFFFF
4010	#F7ECEB	#FFFFFF
4011	#F9F8FC	#FFFFFF
4012	#FFFFFF	#FFFFFF
4013	#F6F5FA	#FEFEFE
4014	#FAF9FC	#FFFFFF
4015	#E5C7C4	#FDFDFD
4016	#FFFFFF	#FFFFFF
4017	#FAF3F2	#FFFFFF
4018	#EBE8F4	#FEFEFE
4019	#FDFDFE	#FFFFFF
4020	#F2F0F8	#FEFEFE
4021	#FEFCFC	#FFFFFF
4022	#FBF6F5	#FFFFFF
4023	#FBF7F6	#FFFFFF
4024	#F7ECEB	#FFFFFF
4025	#FBF6F5	#FFFFFF
4026	#F8F0EF	#FEFEFE
4027	#F6EAE8	#FEFEFE
4028	#F4E5E3	#FEFEFE
4029	#C48A83	#FBFBFB
4030	#F9F1F0	#FFFFFF
4031	#F8EEED	#FFFFFF
4032	#FDFBFB	#FFFFFF
4033	#E6C8C4	#FDFDFD
4034	#FDFDFE	#FFFFFF
4035	#E9CECA	#FEFEFE
4036	#F4E6E5	#FEFEFE
4037	#DEB8B3	#FCFCFC
4038	#C28780	#FAFAFA
4039	#FBF6F5	#FFFFFF
4040	#E1BEBA	#FEFEFE
4041	#ECEAF5	#FEFEFE
4042	#F2E2E0	#FEFEFE
4043	#FFFFFF	#FFFFFF
4044	#E8CDCA	#FEFEFE
4045	#E2C0BC	#FDFDFD
4046	#F5E8E6	#FEFEFE
4047	#F7ECEB	#FFFFFF
4048	#EFEDF7	#FFFFFF
4049	#B8766F	#F9F9F9
4050	#FDFCFE	#FFFFFF
4051	#E5C6C2	#FCFCFC
4052	#FDFAFA	#FFFFFF
4053	#D9AFAA	#FDFDFD
4054	#FDFAF9	#FFFFFF
4055	#FEFCFB	#FFFFFF
4056	#F4E5E3	#FEFEFE
4057	#F3E5E3	#FEFEFE
4058	#E6C8C4	#FDFDFD
4059	#E3C3BF	#FDFDFD
4060	#F4E7E5	#FEFEFE
4061	#F6F5FA	#FFFFFF
4062	#E6E3F1	#FEFEFE
4063	#ECE9F5	#FEFEFE
4064	#BEB6DB	#FCFCFC
4065	#ECD5D1	#FEFEFE
4066	#DEDAED	#FDFDFD
4067	#EED9D6	#FEFEFE
4068	#FBF6F5	#FFFFFF
4069	#F4E7E5	#FEFEFE
4070	#FBF5F4	#FFFFFF
4071	#F7F6FB	#FFFFFF
4072	#FBF6F6	#FFFFFF
4073	#DDB7B2	#FCFCFC
4074	#E8CECA	#FEFEFE
4075	#EFDCD9	#FEFEFE
4076	#C9928B	#FBFBFB
4077	#E6C8C4	#FDFDFD
4078	#F4E5E4	#FEFEFE
4079	#F3E4E2	#FEFEFE
4080	#EFEDF6	#FEFEFE
4081	#E9CECA	#FEFEFE
4082	#FBF6F6	#FFFFFF
4083	#FAF9FC	#FFFFFF
4084	#F3F1F8	#FFFFFF
4085	#ECD5D2	#FEFEFE
4086	#EAE7F4	#FEFEFE
4087	#F6E9E8	#FEFEFE
4088	#E6C9C6	#FCFCFC
4089	#F6F5FA	#FFFFFF
4090	#E5E2F1	#FEFEFE
4091	#D9B0AA	#FDFDFD
4092	#FAF3F2	#FFFFFF
4093	#DEB9B5	#FCFCFC
4094	#FFFEFE	#FFFFFF
4095	#FEFDFC	#FFFFFF
4096	#FAF4F3	#FFFFFF
4097	#EBD4D1	#FDFDFD
4098	#E8CECA	#FEFEFE
4099	#E9CECA	#FEFEFE
4100	#F2E2E0	#FEFEFE
4101	#F0DDDB	#FDFDFD
4102	#F2F0F8	#FFFFFF
4103	#CC9791	#FCFCFC
4104	#FEFCFC	#FFFFFF
4105	#EED9D6	#FEFEFE
4106	#FBF6F5	#FFFFFF
4107	#F6EAE8	#FEFEFE
4108	#ECD5D2	#FEFEFE
4109	#F0DCDA	#FEFEFE
4110	#F0DDDA	#FEFEFE
4111	#EBD4D1	#FDFDFD
4112	#EFDCD9	#FEFEFE
4113	#F3E4E2	#FEFEFE
4114	#ECD5D2	#FEFEFE
4115	#F7EDEC	#FEFEFE
4116	#EFDCD9	#FEFEFE
4117	#F8F7FB	#FFFFFF
4118	#F3F1F8	#FFFFFF
4119	#ECD5D3	#FEFEFE
4120	#FCF8F7	#FFFFFF
4121	#FAF9FC	#FFFFFF
4122	#D4CFE8	#FEFEFE
4123	#F7EEEC	#FFFFFF
4124	#F5E7E6	#FEFEFE
4125	#FBF7F6	#FFFFFF
4126	#EAD0CD	#FDFDFD
4127	#FFFFFF	#FFFFFF
4128	#E9CECA	#FEFEFE
4129	#F1E0DD	#FEFEFE
4130	#C9928B	#FBFBFB
4131	#EBD4D0	#FEFEFE
4132	#CF9D97	#FCFCFC
4133	#FAF4F3	#FFFFFF
4134	#DFBBB7	#FCFCFC
4135	#DBB2AD	#FCFCFC
4136	#DEB9B4	#FCFCFC
4137	#FCFCFD	#FFFFFF
4138	#F4E5E4	#FEFEFE
4139	#F4E5E3	#FEFEFE
4140	#E8CDCA	#FEFEFE
4141	#FDFBFB	#FFFFFF
4142	#ECE9F5	#FEFEFE
4143	#F6F5FA	#FFFFFF
4144	#F6F4FA	#FFFFFF
4145	#EED9D6	#FEFEFE
4146	#E4C4C0	#FDFDFD
4147	#F9F1F0	#FFFFFF
4148	#F6EAE9	#FEFEFE
4149	#EAD0CD	#FDFDFD
4150	#E0BEB9	#FDFDFD
4151	#EFDBD9	#FEFEFE
4152	#F9F1F0	#FFFFFF
4153	#EDD7D4	#FEFEFE
4154	#CF9D96	#FCFCFC
4155	#EDD6D3	#FEFEFE
4156	#D4A59F	#FCFCFC
4157	#C68D86	#FBFBFB
4158	#E1BEBA	#FEFEFE
4159	#FEFDFD	#FFFFFF
4160	#F7ECEB	#FFFFFF
4161	#ECD6D3	#FEFEFE
4162	#FDFBFB	#FFFFFF
4163	#EED9D6	#FEFEFE
4164	#C1B9DD	#FBFBFB
4165	#FAF3F2	#FFFFFF
4166	#FDFAFA	#FFFFFF
4167	#FFFFFF	#FFFFFF
4168	#F7EDEC	#FEFEFE
4169	#FBFBFD	#FFFFFF
4170	#E3C3BF	#FDFDFD
4171	#F8EEED	#FFFFFF
4172	#F7ECEA	#FFFFFF
4173	#FCF7F7	#FFFFFF
4174	#F7EDEC	#FEFEFE
4175	#E9CECA	#FEFEFE
4176	#F7EDEC	#FEFEFE
4177	#E9CECA	#FDFDFD
4178	#CF9D97	#FCFCFC
4179	#F7EEEC	#FFFFFF
4180	#F1E0DD	#FEFEFE
4181	#F1E0DD	#FEFEFE
4182	#F1E0DE	#FEFEFE
4183	#F5E8E6	#FEFEFE
4184	#FBF7F6	#FFFFFF
4185	#FDFBFA	#FFFFFF
4186	#C9928B	#FBFBFB
4187	#FBF6F5	#FFFFFF
4188	#E1BEBA	#FEFEFE
4189	#F2E2E0	#FEFEFE
4190	#F9F9FC	#FFFFFF
4191	#E3DFF0	#FEFEFE
4192	#FBF6F6	#FFFFFF
4193	#FFFEFE	#FFFFFF
4194	#F6F4FA	#FFFFFF
4195	#F5E9E7	#FEFEFE
4196	#C48A83	#FBFBFB
4197	#ECD6D3	#FEFEFE
4198	#F5F4FA	#FFFFFF
4199	#FBF6F5	#FFFFFF
4200	#DCB5B0	#FCFCFC
4201	#EAD1CE	#FDFDFD
4202	#FFFEFE	#FFFFFF
4203	#F8EFED	#FEFEFE
4204	#EDD7D4	#FEFEFE
4205	#EED9D6	#FEFEFE
4206	#F9F0EF	#FFFFFF
4207	#E1BEBA	#FEFEFE
4208	#F1E0DE	#FEFEFE
4209	#F1E0DE	#FEFEFE
4210	#E9CECA	#FEFEFE
4211	#F1DFDD	#FEFEFE
4212	#FBF7F6	#FFFFFF
4213	#D6D1E9	#FDFDFD
4214	#CC9791	#FCFCFC
4215	#FAF9FC	#FFFFFF
4216	#FFFFFF	#FFFFFF
4217	#F5F3F9	#FFFFFF
4218	#F7EDEB	#FFFFFF
4219	#E5E1F1	#FEFEFE
4220	#E3DFF0	#FEFEFE
4221	#FBFBFD	#FFFFFF
4222	#F7EDEB	#FFFFFF
4223	#E5E1F1	#FEFEFE
4224	#F1DFDD	#FEFEFE
4225	#F7ECEB	#FFFFFF
4226	#F1E0DE	#FEFEFE
4227	#E9CECB	#FDFDFD
4228	#E2C1BC	#FDFDFD
4229	#EED9D6	#FEFEFE
4230	#D4CFE8	#FEFEFE
4231	#CF9D97	#FCFCFC
4232	#F6F5FA	#FFFFFF
4233	#EDD7D4	#FEFEFE
4234	#E6C8C4	#FDFDFD
4235	#F1E0DE	#FEFEFE
4236	#FDFBFB	#FFFFFF
4237	#FBF6F5	#FFFFFF
4238	#E2C0BC	#FDFDFD
4239	#F4E6E4	#FEFEFE
4240	#F4E5E3	#FEFEFE
4241	#F7EEEC	#FFFFFF
4242	#ECD5D2	#FEFEFE
4243	#ECEAF5	#FEFEFE
4244	#F7EDEC	#FEFEFE
4245	#EBE8F4	#FEFEFE
4246	#E2C0BB	#FDFDFD
4247	#F2E2E0	#FEFEFE
4248	#F1E0DE	#FEFEFE
4249	#F8F7FB	#FFFFFF
4250	#FBFAFD	#FFFFFF
4251	#F9F2F1	#FEFEFE
4252	#F4E6E4	#FEFEFE
4253	#FBFBFD	#FFFFFF
4254	#FDFBFA	#FFFFFF
4255	#F1DFDD	#FEFEFE
4256	#F1DFDD	#FEFEFE
4257	#D4A59F	#FCFCFC
4258	#EBD4D0	#FEFEFE
4259	#F8F7FB	#FFFFFF
4260	#BC7C75	#FAFAFA
4261	#F6EAE9	#FEFEFE
4262	#FEFEFE	#FFFFFF
4263	#EDD7D4	#FEFEFE
4264	#CDC7E4	#FCFCFC
4265	#FDFAFA	#FFFFFF
4266	#F1E0DD	#FEFEFE
4267	#CDC7E4	#FCFCFC
4268	#FBF6F6	#FFFFFF
4269	#F9F1F0	#FFFFFF
4270	#F4E5E3	#FEFEFE
4271	#F7ECEB	#FFFFFF
4272	#E8E5F3	#FEFEFE
4273	#E1BEBA	#FEFEFE
4274	#E4C4C0	#FDFDFD
4275	#C48A83	#FBFBFB
4276	#CC9791	#FCFCFC
4277	#ECD5D2	#FEFEFE
4278	#FBFAFD	#FFFFFF
4279	#E1BEBA	#FEFEFE
4280	#F7EDEC	#FEFEFE
4281	#CF9E97	#FCFCFC
4282	#C68D87	#FBFBFB
4283	#EFDCD9	#FEFEFE
4284	#E8CECA	#FEFEFE
4285	#FBF7F6	#FFFFFF
4286	#FBFAFD	#FFFFFF
4287	#DDD8ED	#FEFEFE
4288	#F7ECEB	#FFFFFF
4289	#FDFBFB	#FFFFFF
4290	#E6C8C4	#FDFDFD
4291	#FAF4F3	#FFFFFF
4292	#E6C8C4	#FDFDFD
4293	#F9F8FC	#FFFFFF
4294	#F4E5E3	#FEFEFE
4295	#F9F1F0	#FFFFFF
4296	#EBD3D0	#FEFEFE
4297	#FCF9F8	#FFFFFF
4298	#F2E1DF	#FEFEFE
4299	#FBFBFD	#FFFFFF
4300	#F6F5FA	#FFFFFF
4301	#E5C7C4	#FCFCFC
4302	#FDFDFE	#FFFFFF
4303	#E1BEB9	#FDFDFD
4304	#FBF5F5	#FFFFFF
4305	#FAF4F3	#FFFFFF
4306	#EFECF6	#FFFFFF
4307	#FDFCFE	#FFFFFF
4308	#E4C4C0	#FDFDFD
4309	#D3A59F	#FCFCFC
4310	#FEFCFC	#FFFFFF
4311	#F9F8FC	#FFFFFF
4312	#F2F0F8	#FFFFFF
4313	#F7ECEA	#FEFEFE
4314	#FBF7F6	#FFFFFF
4315	#F2F0F8	#FEFEFE
4316	#F8EFED	#FEFEFE
4317	#C3BBDE	#FDFDFD
4318	#ECD6D3	#FEFEFE
4319	#F1E0DE	#FEFEFE
4320	#F9F0EF	#FFFFFF
4321	#EFEDF6	#FEFEFE
4322	#FDFAFA	#FFFFFF
4323	#EEECF6	#FFFFFF
4324	#F9F1F0	#FFFFFF
4325	#E6C8C4	#FDFDFD
4326	#FCF7F6	#FFFFFF
4327	#FBF6F5	#FFFFFF
4328	#F8EEED	#FFFFFF
4329	#FCF7F7	#FFFFFF
4330	#EBD3D0	#FEFEFE
4331	#F9F9FC	#FFFFFF
4332	#E2C0BC	#FDFDFD
4333	#CB9790	#FCFCFC
4334	#FBF6F5	#FFFFFF
4335	#F4E5E4	#FEFEFE
4336	#F1E0DD	#FEFEFE
4337	#E8CECA	#FEFEFE
4338	#F7ECEB	#FFFFFF
4339	#F1E0DD	#FEFEFE
4340	#EEECF6	#FFFFFF
4341	#F1E0DE	#FEFEFE
4342	#E3C3BF	#FDFDFD
4343	#CB9790	#FCFCFC
4344	#EFDCD9	#FEFEFE
4345	#E7E4F2	#FDFDFD
4346	#D4CEE8	#FDFDFD
4347	#F1E0DE	#FEFEFE
4348	#F2F1F8	#FFFFFF
4349	#F6EAE9	#FEFEFE
4350	#FEFEFE	#FFFFFF
4351	#E8CDCA	#FDFDFD
4352	#FDFBFB	#FFFFFF
4353	#F1E0DE	#FEFEFE
4354	#FAF9FC	#FFFFFF
4355	#DEB9B5	#FCFCFC
4356	#F9F8FC	#FFFFFF
4357	#FAF9FC	#FFFFFF
4358	#FBF5F5	#FFFFFF
4359	#F3F1F8	#FFFFFF
4360	#E2C0BC	#FDFDFD
4361	#E2C1BC	#FDFDFD
4362	#E6E2F1	#FEFEFE
4363	#DEB9B4	#FCFCFC
4364	#FBF6F5	#FFFFFF
4365	#E2C1BD	#FDFDFD
4366	#E5E1F1	#FDFDFD
4367	#EAD0CC	#FDFDFD
4368	#FCF9F8	#FFFFFF
4369	#F1E0DE	#FEFEFE
4370	#D1CBE6	#FCFCFC
4371	#E8E5F3	#FEFEFE
4373	#F7EDEC	#FFFFFF
4374	#BD7E77	#FAFAFA
4375	#E9CECA	#FEFEFE
4376	#E8CDCA	#FEFEFE
4377	#FEFCFC	#FFFFFF
4378	#E1BEBA	#FEFEFE
4379	#E8CECA	#FDFDFD
4380	#E8CDC9	#FEFEFE
4381	#E4C4C0	#FDFDFD
4382	#CB9690	#FCFCFC
4383	#F9F1F0	#FFFFFF
4384	#CC9791	#FCFCFC
4385	#ECD4D1	#FDFDFD
4386	#E4C4C0	#FDFDFD
4387	#FBF6F5	#FFFFFF
4388	#FAF9FC	#FFFFFF
4389	#FBF6F6	#FFFFFF
4390	#ECD4D1	#FDFDFD
4391	#FCFBFD	#FFFFFF
4392	#F1E0DE	#FEFEFE
4393	#EED9D6	#FEFEFE
4394	#FEFCFC	#FFFFFF
4395	#E9CFCC	#FDFDFD
4396	#E4E1F1	#FEFEFE
4397	#EFDCD9	#FEFEFE
4398	#F7EDEB	#FEFEFE
4399	#E4C4C0	#FDFDFD
4400	#FBF6F5	#FFFFFF
4401	#DAB2AD	#FCFCFC
4402	#FDFBFA	#FFFFFF
4403	#F2F0F8	#FEFEFE
4404	#E4C4C0	#FDFDFD
4405	#FEFCFC	#FFFFFF
4406	#DCD7EC	#FEFEFE
4407	#F1DFDD	#FEFEFE
4408	#F2E2E0	#FEFEFE
4409	#F5E8E6	#FEFEFE
4410	#EFEDF6	#FEFEFE
4411	#F1E0DE	#FEFEFE
4412	#F5E7E5	#FEFEFE
4413	#F9F1F0	#FFFFFF
4414	#FEFDFC	#FFFFFF
4415	#F7ECEA	#FFFFFF
4416	#F1E0DE	#FEFEFE
4417	#F1E0DD	#FEFEFE
4418	#E9D0CC	#FDFDFD
4419	#F2E2E0	#FEFEFE
4420	#E2C1BC	#FDFDFD
4421	#F7ECEA	#FFFFFF
4422	#F9F8FC	#FFFFFF
4423	#EAE7F3	#FEFEFE
4424	#EDEAF5	#FEFEFE
4425	#E7CCC8	#FDFDFD
4426	#C48A83	#FBFBFB
4427	#E4C4C0	#FDFDFD
4428	#ECD6D3	#FEFEFE
4429	#EFDCD9	#FEFEFE
4430	#F3E5E3	#FEFEFE
4431	#ECD6D3	#FEFEFE
4432	#FAFAFC	#FFFFFF
4433	#F7EDEC	#FEFEFE
4434	#F7ECEB	#FEFEFE
4435	#FBF6F6	#FFFFFF
4436	#E6C8C4	#FDFDFD
4437	#F1DFDD	#FEFEFE
4438	#D4CEE8	#FDFDFD
4439	#EDEBF5	#FEFEFE
4440	#E4E1F1	#FEFEFE
4441	#F1E0DE	#FEFEFE
4442	#F4E5E3	#FEFEFE
4443	#E2C0BC	#FDFDFD
4444	#FDFAFA	#FFFFFF
4445	#F6EAE8	#FEFEFE
4446	#FFFEFE	#FFFFFF
4447	#FCF7F7	#FFFFFF
4448	#F7EDEC	#FEFEFE
4449	#EFECF6	#FEFEFE
4450	#EFDCD9	#FEFEFE
4451	#DCB5B0	#FCFCFC
4452	#FDFBFB	#FFFFFF
4453	#FDF9F9	#FFFFFF
4454	#FEFDFC	#FFFFFF
4455	#E6C8C4	#FDFDFD
4456	#F8EEED	#FFFFFF
4457	#D5CFE8	#FEFEFE
4458	#FAF4F4	#FFFFFF
4459	#F2F0F8	#FEFEFE
4460	#F9F1F0	#FFFFFF
4461	#CF9D97	#FCFCFC
4462	#E6C8C5	#FDFDFD
4463	#EDD6D4	#FEFEFE
4464	#F1DFDD	#FEFEFE
4465	#E6C8C4	#FDFDFD
4466	#EFEDF6	#FEFEFE
4467	#D4CEE8	#FDFDFD
4468	#DCD7EC	#FEFEFE
4469	#F1E0DE	#FEFEFE
4470	#FDFCFE	#FFFFFF
4471	#D4A5A0	#FCFCFC
4472	#F5E9E8	#FEFEFE
4473	#D4CEE8	#FDFDFD
4474	#D8D3EA	#FDFDFD
4475	#E6C9C5	#FDFDFD
4476	#F9F8FC	#FFFFFF
4477	#ECD6D3	#FEFEFE
4478	#FBF7F6	#FFFFFF
4479	#E4C4C0	#FDFDFD
4480	#F3E4E2	#FEFEFE
4481	#ECD5D2	#FEFEFE
4482	#E4C4C0	#FDFDFD
4483	#DDB8B3	#FCFCFC
4484	#F8EFEE	#FEFEFE
4485	#FAF4F3	#FFFFFF
4486	#ECD5D2	#FEFEFE
4487	#FEFDFD	#FFFFFF
4488	#EFDCDA	#FEFEFE
4489	#FBF6F6	#FFFFFF
4490	#C48982	#FBFBFB
4491	#FCF8F7	#FFFFFF
4492	#F3F1F8	#FEFEFE
4493	#EED9D6	#FEFEFE
4494	#E3C3BF	#FDFDFD
4495	#F5E9E7	#FEFEFE
4496	#F7ECEA	#FEFEFE
4497	#DDD8ED	#FDFDFD
4498	#F8F0EF	#FEFEFE
4499	#F7EDEC	#FEFEFE
4500	#F8F7FB	#FFFFFF
4501	#F0DEDB	#FEFEFE
4502	#E6C8C4	#FDFDFD
4503	#F5E7E5	#FEFEFE
4504	#EBD2CF	#FDFDFD
4505	#F6EAE9	#FEFEFE
4506	#F7ECEB	#FFFFFF
4507	#D5CFE8	#FEFEFE
4508	#FFFFFF	#FFFFFF
4509	#F4E7E5	#FEFEFE
4510	#F2F0F8	#FFFFFF
4511	#EFEDF6	#FEFEFE
4512	#F1DFDD	#FEFEFE
4513	#E6E2F1	#FEFEFE
4514	#FAF9FC	#FFFFFF
4515	#F9F8FC	#FFFFFF
4516	#FAF3F2	#FFFFFF
4517	#CB9690	#FCFCFC
4518	#F7EDEC	#FFFFFF
4519	#E2C1BC	#FDFDFD
4520	#FDFCFE	#FFFFFF
4521	#F7ECEA	#FFFFFF
4522	#ECD4D1	#FEFEFE
4523	#F4E5E3	#FEFEFE
4524	#FBFBFD	#FFFFFF
4525	#F8F7FB	#FFFFFF
4526	#CB9690	#FCFCFC
4527	#C48982	#FBFBFB
4528	#EBD3D0	#FEFEFE
4529	#FBF6F5	#FFFFFF
4530	#FBF6F6	#FFFFFF
4531	#EFDCD9	#FEFEFE
4532	#E1BEBA	#FEFEFE
4533	#FFFFFF	#FFFFFF
4534	#F4E5E4	#FEFEFE
4535	#FDFBFA	#FFFFFF
4536	#EED9D6	#FEFEFE
4537	#F9F9FC	#FFFFFF
4538	#EAD2CF	#FDFDFD
4539	#EBD4D0	#FEFEFE
4540	#E1BEBA	#FEFEFE
4541	#EDD7D4	#FEFEFE
4542	#EED9D6	#FEFEFE
4543	#F7EDEC	#FEFEFE
4544	#F2E2E0	#FEFEFE
4545	#E9CFCC	#FDFDFD
4546	#D3A59F	#FCFCFC
4547	#F1DFDD	#FEFEFE
4548	#ECD5D2	#FEFEFE
4549	#FBF6F6	#FFFFFF
4550	#DEDAED	#FDFDFD
4551	#FBFAFD	#FFFFFF
4552	#F0DCDA	#FEFEFE
4553	#FBF6F5	#FFFFFF
4554	#EBD3D0	#FDFDFD
4555	#E4C4BF	#FDFDFD
4556	#C68D86	#FBFBFB
4557	#F2F0F8	#FEFEFE
4558	#EEECF6	#FFFFFF
4559	#F0DCDA	#FEFEFE
4560	#E9E6F3	#FEFEFE
4561	#FDFAF9	#FFFFFF
4562	#F4E6E5	#FEFEFE
4563	#F3E5E3	#FEFEFE
4564	#FFFFFF	#FFFFFF
4565	#F8EEED	#FFFFFF
4566	#D4CEE7	#FDFDFD
4567	#FAF9FC	#FFFFFF
4569	#FCF7F6	#FFFFFF
4570	#F1E0DE	#FEFEFE
4571	#F4E6E4	#FEFEFE
4572	#FBF6F5	#FFFFFF
4573	#F6F5FA	#FFFFFF
4574	#F6F5FA	#FFFFFF
4575	#DFBBB6	#FCFCFC
4576	#E6C9C5	#FDFDFD
4577	#FBF6F5	#FFFFFF
4578	#ECD5D2	#FEFEFE
4579	#E4C4C0	#FDFDFD
4580	#F8EFED	#FFFFFF
4581	#E4C4C0	#FDFDFD
4582	#D9B0AA	#FDFDFD
4583	#F5E8E6	#FEFEFE
4584	#F7ECEB	#FFFFFF
4585	#E9CECA	#FEFEFE
4586	#C48A83	#FBFBFB
4587	#CB968F	#FCFCFC
4588	#C68D86	#FBFBFB
4589	#FAF5F4	#FFFFFF
4590	#F1E0DE	#FEFEFE
4591	#EEEBF6	#FFFFFF
4592	#E3C4BF	#FDFDFD
4593	#F7EDEC	#FFFFFF
4594	#F5E8E6	#FEFEFE
4595	#C9918B	#FBFBFB
4596	#ECD5D2	#FEFEFE
4597	#B7AFD8	#FDFDFD
4598	#F5F4FA	#FFFFFF
4599	#F9F9FC	#FFFFFF
4600	#F4E6E4	#FEFEFE
4601	#F7EDEC	#FEFEFE
4602	#F7EDEB	#FFFFFF
4603	#E8CDC9	#FEFEFE
4604	#EEECF6	#FEFEFE
4605	#CF9D97	#FCFCFC
4606	#D3A59F	#FCFCFC
4607	#ECD5D2	#FEFEFE
4608	#EAD0CD	#FDFDFD
4609	#FDFAFA	#FFFFFF
4610	#F6F4FA	#FFFFFF
4611	#E4E0F0	#FEFEFE
4612	#EEDAD7	#FEFEFE
4613	#F6EAE8	#FEFEFE
4614	#F5F4FA	#FFFFFF
4615	#EDEAF5	#FEFEFE
4616	#FCF8F7	#FFFFFF
4617	#D7D1E9	#FDFDFD
4618	#E9E6F3	#FEFEFE
4619	#F8EEED	#FFFFFF
4620	#FDFDFE	#FFFFFF
4621	#FCF7F7	#FFFFFF
4622	#FAF9FC	#FFFFFF
4623	#E6C8C5	#FDFDFD
4624	#F2E2DF	#FEFEFE
4625	#FDFBFB	#FFFFFF
4626	#EED9D6	#FEFEFE
4627	#F1E0DD	#FEFEFE
4628	#F7EDEC	#FEFEFE
4629	#E0BEB9	#FDFDFD
4630	#F7ECEB	#FFFFFF
4631	#F6F5FA	#FFFFFF
4632	#DAB2AD	#FCFCFC
4633	#F9F1F0	#FFFFFF
4634	#F1E0DE	#FEFEFE
4635	#E4C4C0	#FDFDFD
4636	#CB9790	#FCFCFC
4637	#F0DDDA	#FEFEFE
4638	#F4E6E4	#FEFEFE
4639	#CF9D97	#FCFCFC
4640	#F8EEED	#FFFFFF
4641	#E4C4C0	#FDFDFD
4642	#F6E9E8	#FEFEFE
4643	#F2F0F8	#FFFFFF
4644	#F7EEEC	#FFFFFF
4645	#E2C0BC	#FDFDFD
4646	#CF9D96	#FCFCFC
4647	#F9F1F0	#FFFFFF
4648	#C48A83	#FBFBFB
4649	#FDFAF9	#FFFFFF
4650	#F6F5FA	#FFFFFF
4651	#E9CECB	#FDFDFD
4652	#E0BEB9	#FEFEFE
4653	#F7EDEB	#FEFEFE
4654	#F6EAE8	#FEFEFE
4655	#EFEDF6	#FEFEFE
4656	#E4C4C0	#FDFDFD
4657	#F8EEED	#FFFFFF
4658	#F4E6E4	#FEFEFE
4659	#E2C0BC	#FDFDFD
4660	#E4C4C0	#FDFDFD
4661	#FDFDFE	#FFFFFF
4662	#D8D3EA	#FDFDFD
4663	#FBF6F6	#FFFFFF
4664	#E0BDB8	#FDFDFD
4665	#F7EDEB	#FFFFFF
4666	#ECD5D2	#FEFEFE
4667	#F7EDEC	#FEFEFE
4668	#F7ECEA	#FFFFFF
4669	#C3BBDE	#FDFDFD
4671	#FFFEFE	#FFFFFF
4672	#E2C1BD	#FDFDFD
4673	#E8CDC9	#FEFEFE
4674	#E6E3F2	#FEFEFE
4675	#FDFBFB	#FFFFFF
4676	#DED9ED	#FDFDFD
4677	#F2F0F8	#FFFFFF
4678	#EDD6D3	#FEFEFE
4679	#E2C0BC	#FDFDFD
4680	#FEFCFC	#FFFFFF
4681	#FAF9FC	#FFFFFF
4682	#F2E2E0	#FEFEFE
4683	#EED9D7	#FEFEFE
4684	#E9CFCC	#FDFDFD
4685	#FBF5F5	#FFFFFF
4686	#F9F2F1	#FFFFFF
4687	#CB9790	#FCFCFC
4688	#EAD0CC	#FDFDFD
4689	#E1BEBA	#FDFDFD
4690	#F6F5FA	#FFFFFF
4691	#F4E6E4	#FEFEFE
4692	#F1E0DD	#FEFEFE
4693	#EFDCDA	#FDFDFD
4694	#F2E2E0	#FEFEFE
4695	#EED9D6	#FEFEFE
4696	#FAFAFC	#FFFFFF
4697	#E6C8C5	#FDFDFD
4698	#F9F1F0	#FFFFFF
4699	#DDD8EC	#FEFEFE
4700	#F6F5FA	#FFFFFF
4701	#EBE8F4	#FEFEFE
4702	#FBFAFD	#FFFFFF
4703	#F8EEED	#FFFFFF
4704	#F7EDEC	#FEFEFE
4705	#EFECF6	#FEFEFE
4706	#CB9690	#FCFCFC
4707	#FBF6F5	#FFFFFF
4708	#EDD6D3	#FEFEFE
4709	#F5E8E6	#FEFEFE
4710	#EBD3D0	#FDFDFD
4711	#EFDCD9	#FEFEFE
4712	#CC9791	#FCFCFC
4713	#EBD4D1	#FDFDFD
4714	#F8F7FB	#FFFFFF
4715	#DCB6B1	#FCFCFC
4716	#FFFFFF	#FFFFFF
4717	#E6C8C4	#FDFDFD
4718	#F1DFDC	#FEFEFE
4719	#F5E7E5	#FEFEFE
4720	#F9F1F0	#FFFFFF
4721	#FAF9FC	#FFFFFF
4722	#EED9D6	#FEFEFE
4723	#ECE9F5	#FEFEFE
4724	#ECD5D2	#FEFEFE
4725	#EAE7F4	#FEFEFE
4726	#F6F5FA	#FFFFFF
4727	#F2F0F8	#FEFEFE
4728	#EDD6D4	#FEFEFE
4729	#F6F5FA	#FFFFFF
4730	#F4E5E3	#FEFEFE
4731	#F7EDEC	#FEFEFE
4732	#F9F1F0	#FFFFFF
4733	#ECD4D1	#FDFDFD
4734	#F7ECEB	#FFFFFF
4735	#E3C3BF	#FDFDFD
4736	#F1E0DE	#FEFEFE
4737	#F7EDEB	#FFFFFF
4738	#F5E7E6	#FEFEFE
4739	#E3C3BF	#FDFDFD
4740	#F8F0EF	#FEFEFE
4741	#F3E5E3	#FEFEFE
4742	#DFBCB7	#FCFCFC
4743	#F1E0DD	#FEFEFE
4744	#F4E7E5	#FEFEFE
4745	#FFFFFF	#FFFFFF
4746	#F4E5E3	#FEFEFE
4747	#EBD3D0	#FDFDFD
4748	#F6F5FA	#FFFFFF
4749	#FAF9FC	#FFFFFF
4750	#F7ECEA	#FFFFFF
4751	#F9F1F0	#FFFFFF
4752	#E8CDCA	#FEFEFE
4753	#FBFAFD	#FFFFFF
4754	#F1E0DE	#FEFEFE
4755	#FCF7F6	#FFFFFF
4756	#F9F1F0	#FFFFFF
4757	#E9CECA	#FEFEFE
4758	#FCF9F9	#FFFFFF
4759	#F8EEED	#FFFFFF
4760	#E6E2F1	#FEFEFE
4761	#F1E0DD	#FEFEFE
4762	#F7EEEC	#FFFFFF
4763	#FBFBFD	#FFFFFF
4764	#FAF5F4	#FFFFFF
4765	#EDEBF6	#FEFEFE
4766	#F9F1F0	#FFFFFF
4767	#E3C4BF	#FDFDFD
4768	#FFFEFE	#FFFFFF
4769	#D4CEE8	#FDFDFD
4770	#C68D86	#FBFBFB
4771	#E1BEBA	#FEFEFE
4772	#FBF5F5	#FFFFFF
4773	#B7AFD8	#FDFDFD
4774	#E2C0BC	#FDFDFD
4775	#F4E6E4	#FEFEFE
4776	#F1E0DE	#FEFEFE
4777	#FDFBFB	#FFFFFF
4778	#FAF4F3	#FFFFFF
4779	#F6F5FA	#FFFFFF
4780	#FEFDFC	#FFFFFF
4781	#CB968F	#FCFCFC
4782	#FFFEFE	#FFFFFF
4783	#ECD5D2	#FEFEFE
4784	#FAF9FC	#FFFFFF
4785	#FDFBFB	#FFFFFF
4786	#D4A6A0	#FCFCFC
4787	#E6C8C4	#FDFDFD
4788	#F1E0DE	#FEFEFE
4789	#FCF7F6	#FFFFFF
4790	#DFBCB7	#FCFCFC
4791	#FDFBFB	#FFFFFF
4792	#FFFFFF	#FFFFFF
4793	#F1DFDD	#FEFEFE
4794	#DDB7B3	#FCFCFC
4795	#E2C0BC	#FDFDFD
4796	#F1DFDD	#FEFEFE
4797	#FCF8F7	#FFFFFF
4798	#FFFFFF	#FFFFFF
4799	#F4E5E3	#FEFEFE
4800	#E0BCB7	#FCFCFC
4801	#DFBAB5	#FCFCFC
4802	#F7EDEC	#FEFEFE
4803	#CF9D97	#FCFCFC
4804	#F9F1EF	#FFFFFF
4805	#E9CECA	#FEFEFE
4806	#EAD0CD	#FDFDFD
4807	#D9B0AB	#FDFDFD
4808	#E4E0F0	#FEFEFE
4809	#F7EDEC	#FEFEFE
4810	#F3F1F8	#FFFFFF
4811	#F1E0DE	#FEFEFE
4812	#FFFFFF	#FFFFFF
4813	#F7EDEC	#FEFEFE
4814	#E4C4C0	#FDFDFD
4815	#F0DEDC	#FDFDFD
4816	#FAF3F2	#FFFFFF
4817	#E8CDCA	#FDFDFD
4818	#CF9D97	#FCFCFC
4819	#FFFEFE	#FFFFFF
4820	#ECD6D3	#FEFEFE
4821	#FBFAFD	#FFFFFF
4822	#ECD5D2	#FEFEFE
4823	#F7EDEC	#FEFEFE
4824	#E9E5F3	#FEFEFE
4825	#E6C8C4	#FDFDFD
4826	#EDD7D4	#FEFEFE
4827	#FFFEFE	#FFFFFF
4828	#F7EDEC	#FFFFFF
4829	#E2C0BC	#FDFDFD
4830	#EFDBD9	#FEFEFE
4831	#F4E6E4	#FEFEFE
4832	#E6E2F1	#FEFEFE
4833	#FEFDFD	#FFFFFF
4834	#FEFDFD	#FFFFFF
4835	#FAF4F3	#FFFFFF
4836	#FDFDFE	#FFFFFF
4837	#CC9791	#FCFCFC
4838	#F1E0DE	#FEFEFE
4839	#E2C0BC	#FDFDFD
4840	#F9F2F1	#FFFFFF
4841	#FDFBFB	#FFFFFF
4842	#FCF8F7	#FFFFFF
4843	#F5F4FA	#FFFFFF
4844	#F4E7E5	#FEFEFE
4845	#FCF8F7	#FFFFFF
4846	#E6C8C5	#FDFDFD
4847	#DEDAED	#FDFDFD
4848	#ECD4D1	#FDFDFD
4849	#F9F1F0	#FFFFFF
4850	#FAF9FC	#FFFFFF
4851	#E8E5F3	#FEFEFE
4852	#F6EAE9	#FEFEFE
4853	#D9B0AB	#FDFDFD
4854	#C8918A	#FBFBFB
4855	#F2E1DF	#FEFEFE
4856	#F6F4FA	#FFFFFF
4857	#D4A59F	#FCFCFC
4858	#EAD2CE	#FDFDFD
4859	#E2C0BC	#FDFDFD
4860	#EDEAF5	#FEFEFE
4861	#C9928B	#FBFBFB
4862	#F4E7E5	#FEFEFE
4863	#F1E0DD	#FEFEFE
4864	#C48982	#FBFBFB
4865	#E6C8C4	#FDFDFD
4866	#FBFAFD	#FFFFFF
4867	#F1DFDD	#FEFEFE
4868	#F7EDEC	#FEFEFE
4869	#F1DFDD	#FEFEFE
4870	#EED9D6	#FEFEFE
4871	#F7EDEC	#FEFEFE
4872	#F9F0EF	#FFFFFF
4873	#FDFBFA	#FFFFFF
4874	#FBFAFD	#FFFFFF
4875	#C3BBDE	#FDFDFD
4876	#F1E0DE	#FEFEFE
4877	#E6C8C4	#FDFDFD
4878	#E4C4BF	#FDFDFD
4879	#FAF4F3	#FFFFFF
4880	#E5C7C4	#FDFDFD
4881	#F6F5FA	#FFFFFF
4882	#F0DDDB	#FEFEFE
4883	#F6EAE9	#FEFEFE
4884	#FDFCFE	#FFFFFF
4885	#FBF6F6	#FFFFFF
4886	#FDFDFE	#FFFFFF
4887	#FBF6F6	#FFFFFF
4888	#E6C8C4	#FDFDFD
4889	#FDFBFA	#FFFFFF
4890	#EAD2CE	#FDFDFD
4891	#F9F1F0	#FFFFFF
4892	#F6E9E8	#FEFEFE
4893	#FAF4F3	#FFFFFF
4894	#F2E2E0	#FEFEFE
4895	#E2C0BC	#FDFDFD
4896	#F3E4E2	#FEFEFE
4897	#EDD6D3	#FEFEFE
4898	#FDFBFB	#FFFFFF
4899	#E5C7C3	#FDFDFD
4900	#C1847D	#FAFAFA
4901	#F5F4FA	#FFFFFF
4902	#F1F0F8	#FFFFFF
4903	#F4E5E3	#FEFEFE
4904	#F6EBE9	#FEFEFE
4905	#E8CECA	#FEFEFE
4906	#F9F1F0	#FEFEFE
4907	#E9CECA	#FEFEFE
4908	#E5C7C3	#FCFCFC
4909	#EEECF6	#FEFEFE
4910	#FAF4F3	#FFFFFF
4911	#FCF7F7	#FFFFFF
4912	#EFDCDA	#FEFEFE
4913	#FDFDFE	#FFFFFF
4914	#C38781	#FAFAFA
4915	#FBFAFD	#FFFFFF
4916	#EDEAF5	#FEFEFE
4917	#E8CDCA	#FEFEFE
4918	#FFFFFF	#FFFFFF
4919	#F9F2F1	#FFFFFF
4920	#F6EAE9	#FEFEFE
4921	#F8EEED	#FFFFFF
4922	#FBFBFD	#FFFFFF
4923	#D4CFE8	#FEFEFE
4924	#FBFAFD	#FFFFFF
4925	#FBFAFD	#FFFFFF
4926	#E9E6F3	#FEFEFE
4927	#FBFAFD	#FFFFFF
4928	#F3E5E3	#FEFEFE
4929	#F2F0F8	#FFFFFF
4930	#F1E0DE	#FEFEFE
4931	#F9F8FC	#FFFFFF
4932	#FAF4F3	#FFFFFF
4933	#F4E5E3	#FEFEFE
4934	#FBFAFD	#FFFFFF
4935	#EDEAF5	#FEFEFE
4936	#E6C8C5	#FDFDFD
4937	#EBD3D0	#FEFEFE
4938	#EFECF6	#FEFEFE
4939	#FEFDFD	#FFFFFF
4940	#C0847D	#FAFAFA
4941	#F8EEED	#FEFEFE
4942	#FFFFFF	#FFFFFF
4943	#C48A83	#FBFBFB
4944	#FDFBFB	#FFFFFF
4945	#D9B0AA	#FDFDFD
4946	#DFBBB7	#FCFCFC
4947	#FFFFFF	#FFFFFF
4948	#EED8D6	#FEFEFE
4949	#FAF9FC	#FFFFFF
4950	#E2C1BC	#FDFDFD
4951	#F9F1F0	#FFFFFF
4952	#FCFBFD	#FFFFFF
4953	#E8CDC9	#FEFEFE
4954	#EDD6D3	#FEFEFE
4955	#E1BEB9	#FDFDFD
4956	#E5C7C3	#FDFDFD
4957	#FBF7F6	#FFFFFF
4958	#F4E6E4	#FEFEFE
4959	#E4E1F1	#FEFEFE
4960	#F7ECEB	#FFFFFF
4961	#F2F1F8	#FFFFFF
4962	#E8E5F3	#FEFEFE
4963	#F6EAE8	#FEFEFE
4964	#FBF6F6	#FFFFFF
4965	#F5E8E6	#FEFEFE
4966	#F5E8E6	#FEFEFE
4967	#F8EEED	#FFFFFF
4968	#F4E7E5	#FEFEFE
4969	#FAF4F3	#FFFFFF
4970	#F5E9E8	#FEFEFE
4971	#FBF5F4	#FFFFFF
4972	#EEECF6	#FFFFFF
4973	#DEDAED	#FEFEFE
4974	#FBF6F6	#FFFFFF
4975	#EED9D6	#FEFEFE
4976	#F3E5E3	#FEFEFE
4977	#CF9D97	#FCFCFC
4978	#F7EDEC	#FEFEFE
4979	#ECD6D3	#FEFEFE
4980	#F7ECEA	#FEFEFE
4981	#EDD7D4	#FEFEFE
4982	#FAF9FC	#FFFFFF
4983	#F7EDEB	#FEFEFE
4984	#DDB8B3	#FCFCFC
4985	#D4A59F	#FCFCFC
4986	#FAF3F2	#FFFFFF
4987	#D9B0AA	#FDFDFD
4988	#F6F5FA	#FFFFFF
4989	#F6EAE8	#FEFEFE
4990	#EED9D6	#FEFEFE
4991	#FAF4F3	#FFFFFF
4992	#F0DCDA	#FEFEFE
4993	#FEFEFE	#FFFFFF
4994	#F8EEED	#FEFEFE
4995	#E9CFCC	#FDFDFD
4996	#E6E3F1	#FEFEFE
4997	#EED9D6	#FEFEFE
4998	#DAB1AB	#FBFBFB
4999	#EDD6D4	#FEFEFE
5000	#F6EAE9	#FEFEFE
5001	#FAF4F3	#FFFFFF
5002	#F3E5E3	#FEFEFE
5003	#E8CECA	#FEFEFE
5004	#E8CDC9	#FEFEFE
5005	#F8EFEE	#FEFEFE
5006	#FAF4F3	#FFFFFF
5007	#F9F1F0	#FFFFFF
5008	#D9B0AA	#FDFDFD
5009	#F7EDEC	#FEFEFE
5010	#EFEDF6	#FEFEFE
5011	#F7ECEB	#FFFFFF
5012	#EBD4D0	#FDFDFD
5013	#FFFFFF	#FFFFFF
5014	#F5F4FA	#FFFFFF
5015	#F8EEED	#FFFFFF
5016	#F7ECEB	#FFFFFF
5017	#F6F5FA	#FFFFFF
5018	#F9F1F0	#FFFFFF
5019	#F3E5E3	#FEFEFE
5020	#F8F7FB	#FFFFFF
5021	#E2C1BD	#FCFCFC
5022	#EEECF6	#FEFEFE
5023	#BE7F78	#FAFAFA
5024	#FBF6F6	#FFFFFF
5025	#FBFBFD	#FFFFFF
5026	#FFFEFE	#FFFFFF
5027	#F9F1F0	#FFFFFF
5028	#EBD4D0	#FEFEFE
5029	#E6C8C4	#FDFDFD
5030	#E6C8C4	#FDFDFD
5031	#C8918A	#FBFBFB
5032	#E8CDCA	#FDFDFD
5033	#D4A59F	#FCFCFC
5034	#D8ACA7	#FBFBFB
5035	#D2CDE7	#FCFCFC
5036	#E9E5F3	#FEFEFE
5037	#EDD6D3	#FEFEFE
5038	#FCF7F7	#FFFFFF
5039	#F1E0DD	#FEFEFE
5040	#EAE6F3	#FEFEFE
5041	#ECD4D1	#FDFDFD
5042	#FBF6F6	#FFFFFF
5043	#F0DDDB	#FEFEFE
5044	#FAF4F3	#FFFFFF
5045	#EFDCDA	#FEFEFE
5046	#F7ECEB	#FEFEFE
5047	#F7EDEC	#FEFEFE
5048	#CF9D97	#FCFCFC
5049	#FAF4F3	#FFFFFF
5050	#F0DDDA	#FEFEFE
5051	#E9CFCC	#FDFDFD
5052	#EED9D6	#FEFEFE
5053	#F6EAE8	#FEFEFE
5054	#FCF9F9	#FFFFFF
5055	#EFDCD9	#FEFEFE
5056	#C28780	#FAFAFA
5057	#E0BDB9	#FDFDFD
5058	#C68D86	#FBFBFB
5059	#F7EDEC	#FEFEFE
5060	#F7ECEA	#FFFFFF
5061	#FFFFFF	#FFFFFF
5062	#EDEAF5	#FEFEFE
5063	#FFFFFF	#FFFFFF
5064	#FAF5F4	#FFFFFF
5065	#FBF6F5	#FFFFFF
5066	#EDEAF5	#FEFEFE
5067	#DDD8EC	#FEFEFE
5068	#F4E7E5	#FEFEFE
5069	#DFBBB6	#FCFCFC
5070	#F6EAE8	#FEFEFE
5071	#F8F7FB	#FFFFFF
5072	#E3C2BD	#FCFCFC
5073	#F4E7E5	#FEFEFE
5074	#D9AFAA	#FBFBFB
5075	#EEEBF6	#FEFEFE
5076	#EFDCD9	#FEFEFE
5077	#C68E87	#FBFBFB
5078	#F4E5E4	#FEFEFE
5079	#FBF6F6	#FFFFFF
5080	#E6C8C5	#FDFDFD
5081	#FAFAFC	#FFFFFF
5082	#DFBBB6	#FCFCFC
5083	#ECE9F5	#FEFEFE
5084	#EAE7F3	#FEFEFE
5085	#FBF6F5	#FFFFFF
5086	#FBF6F6	#FFFFFF
5087	#FEFCFC	#FFFFFF
5088	#D3CDE7	#FDFDFD
5089	#F9F1F0	#FFFFFF
5090	#F9F1EF	#FFFFFF
5091	#EAD1CE	#FDFDFD
5092	#EED9D6	#FEFEFE
5093	#F8F7FB	#FFFFFF
5094	#FDFBFA	#FFFFFF
5095	#E5C7C3	#FCFCFC
5096	#EBD2CF	#FDFDFD
5097	#E5E1F1	#FEFEFE
5098	#958AC5	#F9F9F9
5099	#F6F5FA	#FFFFFF
5100	#F1E0DE	#FEFEFE
5101	#F6EAE9	#FEFEFE
