group	fill	colour
1	#F6EBE9	#FEFEFE
2	#ECEAF5	#FEFEFE
3	#F2F0F8	#FFFFFF
4	#FBF6F6	#FFFFFF
5	#E9E5F3	#FEFEFE
6	#DDD8EC	#FEFEFE
7	#F1E0DD	#FEFEFE
8	#DCD7EC	#FEFEFE
9	#F7EEEC	#FFFFFF
10	#C3BBDE	#FDFDFD
11	#FBF6F5	#FFFFFF
12	#C5BDDF	#FCFCFC
13	#CCC5E3	#FDFDFD
14	#EEEBF6	#FFFFFF
15	#CBC4E3	#FCFCFC
16	#D6D0E9	#FDFDFD
17	#DCD7EC	#FEFEFE
18	#E6E2F1	#FEFEFE
19	#AEA5D3	#FCFCFC
20	#F3E5E3	#FEFEFE
21	#E4E1F0	#FEFEFE
22	#F1DFDD	#FEFEFE
23	#D4CEE8	#FDFDFD
24	#B7AFD8	#FDFDFD
25	#F1DFDD	#FEFEFE
26	#E6E3F2	#FEFEFE
27	#CCC5E3	#FDFDFD
28	#BEB6DC	#FCFCFC
29	#D5CFE8	#FEFEFE
30	#DDD8ED	#FEFEFE
31	#F6F5FA	#FFFFFF
32	#F9F8FC	#FFFFFF
33	#C4BDDF	#FCFCFC
34	#DDD8EC	#FEFEFE
35	#F4E6E4	#FEFEFE
36	#FBFAFD	#FFFFFF
37	#F1E0DE	#FEFEFE
38	#DDD8EC	#FEFEFE
39	#CCC5E3	#FDFDFD
40	#DCD8EC	#FEFEFE
41	#D4CEE8	#FEFEFE
42	#D5CFE8	#FEFEFE
43	#B8AFD8	#FDFDFD
44	#C3BBDE	#FDFDFD
45	#F8EEED	#FFFFFF
46	#EBD4D0	#FEFEFE
47	#EFECF6	#FFFFFF
48	#F6F4FA	#FFFFFF
49	#EEECF6	#FFFFFF
50	#DED9ED	#FEFEFE
52	#E4E0F0	#FEFEFE
53	#CBC4E3	#FCFCFC
54	#E5C7C3	#FDFDFD
55	#D3CEE7	#FDFDFD
56	#E8E5F3	#FEFEFE
57	#DDD8EC	#FEFEFE
58	#B7AFD8	#FDFDFD
59	#FBF6F5	#FFFFFF
60	#FAF9FC	#FFFFFF
61	#DCD7EC	#FEFEFE
62	#AFA6D3	#FCFCFC
63	#EEECF6	#FFFFFF
64	#CBC5E3	#FDFDFD
65	#9B90C8	#FAFAFA
66	#B6AED8	#FBFBFB
67	#A197CC	#FBFBFB
68	#C3BBDE	#FDFDFD
69	#F8EEED	#FFFFFF
70	#E9E5F3	#FEFEFE
71	#A096CB	#FBFBFB
72	#A79DCF	#FBFBFB
73	#E4E0F0	#FEFEFE
74	#C3BBDE	#FDFDFD
75	#FBF6F5	#FFFFFF
76	#D4CFE8	#FEFEFE
77	#DCD8EC	#FEFEFE
78	#DDD9ED	#FEFEFE
79	#E8E5F3	#FEFEFE
80	#E9E5F3	#FEFEFE
81	#FBF6F5	#FFFFFF
82	#EEECF6	#FEFEFE
83	#F4E6E4	#FEFEFE
84	#DDD8EC	#FEFEFE
86	#CDC7E4	#FDFDFD
87	#AEA5D3	#FCFCFC
88	#E9E6F3	#FEFEFE
89	#ECD4D1	#FEFEFE
90	#E5E2F1	#FEFEFE
91	#E8E5F3	#FEFEFE
92	#B8AFD8	#FDFDFD
93	#F1E0DD	#FEFEFE
94	#B7AFD8	#FDFDFD
95	#B7AFD8	#FDFDFD
97	#D7D1E9	#FDFDFD
98	#D4CFE8	#FDFDFD
99	#C5BDDF	#FCFCFC
100	#EBD3D0	#FEFEFE
101	#A79DCF	#FBFBFB
102	#CCC5E3	#FDFDFD
103	#FBFBFD	#FFFFFF
104	#D8D3EA	#FDFDFD
105	#CCC5E3	#FDFDFD
106	#C3BBDE	#FDFDFD
107	#E1BEB9	#FEFEFE
108	#E8E5F3	#FEFEFE
109	#C3BBDE	#FDFDFD
110	#AFA5D3	#FCFCFC
111	#E8E5F3	#FEFEFE
112	#F8EEED	#FFFFFF
113	#EFEDF6	#FFFFFF
114	#A79DCF	#FBFBFB
115	#FBF6F5	#FFFFFF
116	#E4E0F0	#FEFEFE
117	#9086C3	#F9F9F9
118	#AEA5D3	#FCFCFC
119	#DDD8EC	#FEFEFE
120	#D4CFE8	#FDFDFD
121	#C4BDDF	#FCFCFC
122	#F1E0DD	#FEFEFE
123	#A79DCF	#FBFBFB
124	#C3BBDE	#FDFDFD
125	#EBD4D0	#FEFEFE
126	#E4E0F0	#FEFEFE
127	#CCC5E3	#FDFDFD
128	#F6F4FA	#FFFFFF
129	#E5E1F1	#FEFEFE
130	#EEECF6	#FFFFFF
131	#F7EDEB	#FFFFFF
132	#EEECF6	#FFFFFF
133	#E4E1F1	#FEFEFE
134	#B7AFD8	#FDFDFD
135	#F9F8FC	#FFFFFF
136	#EBD4D0	#FEFEFE
137	#C7C0E1	#FCFCFC
138	#DDD8EC	#FEFEFE
139	#F8EEED	#FFFFFF
140	#A79DCF	#FBFBFB
141	#B7AFD8	#FDFDFD
142	#AFA6D3	#FCFCFC
143	#C3BBDE	#FDFDFD
144	#FEFDFD	#FFFFFF
145	#FBF6F6	#FFFFFF
146	#DDD8ED	#FEFEFE
147	#AFA5D3	#FCFCFC
148	#EEECF6	#FFFFFF
149	#D4CFE8	#FDFDFD
150	#E5E1F1	#FEFEFE
151	#C3BBDE	#FDFDFD
153	#D4CEE8	#FEFEFE
154	#EFECF6	#FFFFFF
155	#B1A8D4	#FAFAFA
156	#FBFAFD	#FFFFFF
157	#E6E2F1	#FEFEFE
158	#DCD7EC	#FEFEFE
159	#E5E1F1	#FEFEFE
160	#EEEBF6	#FEFEFE
161	#D4CEE7	#FDFDFD
162	#E4E0F0	#FEFEFE
163	#F0DCDA	#FEFEFE
164	#E6E2F1	#FEFEFE
165	#EEECF6	#FFFFFF
166	#EBD4D0	#FEFEFE
167	#F5F4FA	#FFFFFF
168	#EEECF6	#FFFFFF
169	#F8EEED	#FFFFFF
170	#FBFAFD	#FFFFFF
171	#FAF9FC	#FFFFFF
172	#EEECF6	#FFFFFF
173	#FBFAFD	#FFFFFF
174	#A89ECF	#FBFBFB
175	#FBF6F5	#FFFFFF
176	#C3BBDE	#FDFDFD
177	#D5CFE8	#FEFEFE
178	#E6E3F2	#FEFEFE
179	#EEECF6	#FFFFFF
180	#F9F9FC	#FFFFFF
181	#FBF6F5	#FFFFFF
182	#D5CFE8	#FEFEFE
183	#FFFEFE	#FFFFFF
184	#DDD8EC	#FEFEFE
185	#FBF6F5	#FFFFFF
186	#FAF9FC	#FFFFFF
188	#FBFAFD	#FFFFFF
190	#FAF9FC	#FFFFFF
191	#C3BBDE	#FDFDFD
192	#B7AFD8	#FDFDFD
193	#E8E5F3	#FEFEFE
194	#C3BBDE	#FDFDFD
195	#FAF9FC	#FFFFFF
196	#C3BBDE	#FDFDFD
198	#DDD8EC	#FEFEFE
199	#E4E1F1	#FEFEFE
200	#E4E0F0	#FEFEFE
201	#C4BCDF	#FCFCFC
202	#C4BDDF	#FCFCFC
203	#FAF9FC	#FFFFFF
204	#E9E6F3	#FEFEFE
205	#E4E1F1	#FEFEFE
206	#A197CC	#FBFBFB
207	#D7D2E9	#FDFDFD
208	#EEEBF6	#FFFFFF
209	#FBF6F5	#FFFFFF
210	#F9F8FC	#FFFFFF
211	#E8E5F3	#FEFEFE
212	#FBFAFD	#FFFFFF
213	#C5BDDF	#FCFCFC
214	#E4E1F1	#FEFEFE
215	#D4A5A0	#FCFCFC
216	#C3BBDE	#FDFDFD
217	#DED9ED	#FEFEFE
218	#FBFBFD	#FFFFFF
219	#FAF9FC	#FFFFFF
220	#E4E1F1	#FEFEFE
221	#DCD7EC	#FEFEFE
222	#CCC5E3	#FDFDFD
223	#E1BEBA	#FEFEFE
224	#AFA6D3	#FCFCFC
225	#FBFAFD	#FFFFFF
226	#CCC5E3	#FDFDFD
227	#C3BBDE	#FDFDFD
228	#DDD8EC	#FEFEFE
229	#E8E5F3	#FEFEFE
230	#FBF6F5	#FFFFFF
231	#EEECF6	#FFFFFF
232	#FBFAFD	#FFFFFF
233	#C3BBDE	#FDFDFD
234	#E8E5F3	#FEFEFE
235	#DDD9ED	#FEFEFE
236	#C3BBDE	#FDFDFD
237	#AFA5D3	#FCFCFC
238	#C3BBDE	#FDFDFD
239	#BDB5DB	#FCFCFC
240	#DCD7EC	#FEFEFE
241	#AEA5D3	#FCFCFC
242	#FBF6F6	#FFFFFF
243	#E1BEBA	#FEFEFE
244	#C3BBDE	#FDFDFD
245	#EEECF6	#FFFFFF
246	#FAF9FC	#FFFFFF
247	#D5CFE8	#FEFEFE
248	#AFA6D3	#FCFCFC
249	#EEEBF6	#FFFFFF
250	#EFEDF6	#FFFFFF
251	#DED9ED	#FEFEFE
252	#CBC5E3	#FDFDFD
254	#C5BEDF	#FCFCFC
255	#D4CEE7	#FDFDFD
256	#E6E2F1	#FEFEFE
257	#E6E3F2	#FEFEFE
258	#E2DDEF	#FDFDFD
259	#FAF9FC	#FFFFFF
260	#C3BBDE	#FDFDFD
261	#EFECF6	#FEFEFE
262	#E5E1F1	#FEFEFE
263	#F0DDDA	#FEFEFE
264	#FBF6F6	#FFFFFF
265	#C3BBDE	#FDFDFD
266	#B7AFD8	#FDFDFD
267	#CDC7E4	#FDFDFD
268	#EEECF6	#FFFFFF
269	#E1BEB9	#FEFEFE
270	#EFECF6	#FEFEFE
271	#FEFDFD	#FFFFFF
272	#D6D1E9	#FDFDFD
273	#EFECF6	#FFFFFF
274	#EEECF6	#FEFEFE
275	#FBFAFD	#FFFFFF
276	#A79DCF	#FBFBFB
277	#F4E6E4	#FEFEFE
278	#D8D2EA	#FDFDFD
279	#DDD8ED	#FEFEFE
280	#E5E1F1	#FEFEFE
281	#CC9791	#FCFCFC
282	#D3CEE7	#FDFDFD
284	#EEECF6	#FEFEFE
285	#CCC5E3	#FDFDFD
286	#E5E1F1	#FEFEFE
287	#C3BBDE	#FDFDFD
288	#B7AFD8	#FDFDFD
289	#D4CFE8	#FEFEFE
290	#FBFAFD	#FFFFFF
291	#FAF9FC	#FFFFFF
292	#A79ECF	#FBFBFB
294	#E9E5F3	#FEFEFE
295	#A197CC	#FBFBFB
296	#C3BBDE	#FDFDFD
297	#D5CFE8	#FEFEFE
299	#FBFAFD	#FFFFFF
300	#958AC5	#F9F9F9
301	#B7AED8	#FBFBFB
302	#A79DCF	#FBFBFB
303	#A89ECF	#F9F9F9
304	#DDD8EC	#FEFEFE
305	#EEECF6	#FFFFFF
306	#FAF9FC	#FFFFFF
307	#F6F5FA	#FFFFFF
308	#C1B9DD	#FBFBFB
309	#D8D3EA	#FDFDFD
310	#A096CB	#FBFBFB
311	#E4E1F1	#FEFEFE
312	#FBFAFD	#FFFFFF
313	#F4E6E4	#FEFEFE
314	#EFEDF6	#FEFEFE
315	#FAF9FC	#FFFFFF
316	#DDD8EC	#FEFEFE
317	#FBF6F5	#FFFFFF
318	#FBF6F6	#FFFFFF
319	#D4CFE8	#FEFEFE
320	#E4E0F0	#FEFEFE
321	#F9F8FC	#FFFFFF
322	#FAF9FC	#FFFFFF
323	#BDB5DB	#FCFCFC
324	#F7EDEB	#FFFFFF
325	#DDD8EC	#FEFEFE
326	#EEECF6	#FFFFFF
327	#E9E6F3	#FEFEFE
328	#FBFAFD	#FFFFFF
329	#FBFAFD	#FFFFFF
330	#B7AFD8	#FDFDFD
331	#EFEDF6	#FEFEFE
332	#FAFAFD	#FFFFFF
333	#ECD5D2	#FEFEFE
334	#D4CFE8	#FEFEFE
336	#B8AFD8	#FDFDFD
337	#AFA5D3	#FCFCFC
338	#ECD5D2	#FEFEFE
339	#E1BEB9	#FEFEFE
340	#AFA5D3	#FCFCFC
341	#FAF9FC	#FFFFFF
342	#D5CFE8	#FEFEFE
343	#FAFAFC	#FFFFFF
344	#F8EEED	#FFFFFF
345	#FBF6F6	#FFFFFF
346	#FBF6F6	#FFFFFF
347	#C3BBDE	#FDFDFD
348	#E9E5F3	#FEFEFE
349	#C4BDDF	#FCFCFC
350	#B8B0D9	#FBFBFB
351	#C3BBDE	#FDFDFD
352	#A79DCF	#FBFBFB
353	#C2BADE	#FBFBFB
355	#ECD5D2	#FEFEFE
356	#C3BBDE	#FDFDFD
357	#D4CEE7	#FDFDFD
358	#DCD7EC	#FEFEFE
359	#DCD8EC	#FEFEFE
360	#F6EBE9	#FEFEFE
361	#F6F4FA	#FFFFFF
362	#EEECF6	#FFFFFF
363	#F9F8FC	#FFFFFF
364	#FAF9FC	#FFFFFF
365	#D4CEE7	#FDFDFD
366	#F9F9FC	#FFFFFF
367	#D5CFE8	#FEFEFE
368	#FAFAFD	#FFFFFF
369	#D7D2EA	#FDFDFD
370	#FBFBFD	#FFFFFF
371	#E8E5F3	#FEFEFE
372	#F1EFF8	#FFFFFF
373	#E6E2F1	#FEFEFE
374	#E5E1F1	#FEFEFE
375	#EEECF6	#FFFFFF
376	#EFEDF6	#FFFFFF
377	#B7AFD8	#FDFDFD
378	#EFEDF6	#FFFFFF
379	#CF9C96	#FCFCFC
380	#958AC5	#F9F9F9
381	#EEECF6	#FEFEFE
382	#CEC7E4	#FDFDFD
383	#FAF9FC	#FFFFFF
384	#D4CEE8	#FEFEFE
385	#DDD8EC	#FEFEFE
386	#FBF6F6	#FFFFFF
387	#B7AFD8	#FDFDFD
388	#9B90C8	#FAFAFA
389	#E1BEBA	#FEFEFE
390	#AFA5D3	#FCFCFC
391	#FAF9FC	#FFFFFF
392	#D4CEE8	#FDFDFD
393	#CCC5E3	#FDFDFD
394	#C3BBDE	#FDFDFD
395	#F8EEED	#FFFFFF
396	#E1BEBA	#FEFEFE
397	#EBD3D0	#FEFEFE
398	#B7AFD8	#FDFDFD
400	#B7AFD8	#FDFDFD
401	#E3DFF0	#FEFEFE
402	#E6E2F1	#FEFEFE
403	#D2CCE6	#FCFCFC
404	#AEA5D3	#FCFCFC
405	#BEB6DC	#FCFCFC
406	#D9B0AA	#FDFDFD
408	#CBC5E3	#FDFDFD
409	#A197CC	#FBFBFB
410	#9B90C8	#FAFAFA
411	#CDC7E4	#FCFCFC
412	#EDEAF5	#FEFEFE
413	#E4E0F0	#FEFEFE
414	#E5E1F1	#FEFEFE
415	#9B91C9	#FAFAFA
416	#EEECF6	#FFFFFF
417	#DDD8EC	#FEFEFE
418	#E9E5F3	#FEFEFE
419	#F7F5FA	#FFFFFF
420	#DCD7EC	#FEFEFE
421	#DDD8ED	#FEFEFE
422	#D3CEE7	#FDFDFD
423	#FBFBFD	#FFFFFF
424	#F9F1F0	#FFFFFF
425	#F1DFDD	#FEFEFE
426	#DDD8EC	#FEFEFE
428	#D4CFE8	#FEFEFE
429	#F8EEED	#FFFFFF
430	#FBF6F5	#FFFFFF
431	#FBFBFD	#FFFFFF
432	#EFEDF6	#FEFEFE
433	#FAF9FC	#FFFFFF
434	#D5CFE8	#FEFEFE
435	#FBFAFD	#FFFFFF
437	#9A90C8	#FAFAFA
438	#D4CEE8	#FEFEFE
439	#F8EFED	#FFFFFF
440	#DCD7EC	#FEFEFE
441	#EBD4D0	#FEFEFE
442	#F1E0DD	#FEFEFE
443	#F4E5E3	#FEFEFE
444	#C3BBDE	#FDFDFD
445	#B7AFD8	#FDFDFD
446	#E8E5F3	#FEFEFE
447	#B7AFD8	#FDFDFD
448	#B7AFD8	#FDFDFD
449	#F7EDEC	#FEFEFE
451	#A197CC	#FBFBFB
452	#F9F9FC	#FFFFFF
453	#C5BEDF	#FCFCFC
454	#C7C0E0	#FCFCFC
456	#CCC5E3	#FDFDFD
457	#D3CEE7	#FDFDFD
458	#EFEDF7	#FFFFFF
459	#F8EEED	#FFFFFF
460	#E4E1F1	#FEFEFE
461	#CCC5E3	#FDFDFD
462	#DDD8EC	#FEFEFE
463	#DCD7EC	#FEFEFE
464	#D3CDE7	#FDFDFD
465	#E5E1F1	#FEFEFE
466	#DEDAED	#FEFEFE
467	#E8E5F3	#FEFEFE
468	#FBF6F5	#FFFFFF
469	#F2F0F8	#FFFFFF
470	#9B90C8	#FAFAFA
471	#F1DFDD	#FEFEFE
472	#A79DCF	#FBFBFB
473	#EEEBF6	#FEFEFE
474	#D2CCE6	#FCFCFC
475	#EEECF6	#FFFFFF
476	#DDD9ED	#FEFEFE
477	#F9F8FC	#FFFFFF
478	#C4BDDF	#FCFCFC
479	#CCC5E3	#FDFDFD
480	#DDD8EC	#FEFEFE
481	#EFECF6	#FEFEFE
482	#C3BBDE	#FDFDFD
483	#A096CB	#FBFBFB
484	#F1DFDD	#FEFEFE
485	#F9F8FC	#FFFFFF
486	#BEB6DC	#FCFCFC
487	#C3BBDE	#FDFDFD
488	#EBD4D0	#FEFEFE
489	#F4E6E4	#FEFEFE
490	#D4CEE8	#FDFDFD
491	#F8EFED	#FFFFFF
492	#D4CEE7	#FDFDFD
493	#C3BBDE	#FDFDFD
494	#F6F5FA	#FFFFFF
495	#F8EEED	#FFFFFF
496	#A197CC	#FBFBFB
497	#DDD9ED	#FEFEFE
498	#FAF9FC	#FFFFFF
499	#D4CEE7	#FDFDFD
501	#D4CEE8	#FDFDFD
502	#EFEDF6	#FEFEFE
503	#BEB6DC	#FAFAFA
504	#D4CEE8	#FDFDFD
505	#FDFDFE	#FFFFFF
506	#D3CDE7	#FDFDFD
507	#E8E5F3	#FEFEFE
508	#FAF9FC	#FFFFFF
509	#FBFAFD	#FFFFFF
510	#FBF6F5	#FFFFFF
511	#FAF9FC	#FFFFFF
512	#DEDAED	#FEFEFE
513	#EFECF6	#FEFEFE
514	#DDD9ED	#FDFDFD
515	#E8E5F3	#FEFEFE
516	#FAF9FC	#FFFFFF
517	#F8EEED	#FFFFFF
518	#EBD4D0	#FEFEFE
519	#CBC5E3	#FDFDFD
520	#AEA5D3	#FCFCFC
521	#CBC4E3	#FDFDFD
522	#FFFFFF	#FFFFFF
523	#EFEDF6	#FFFFFF
524	#D3CDE7	#FDFDFD
525	#B7AFD8	#FBFBFB
526	#FAF9FC	#FFFFFF
527	#DDD8EC	#FEFEFE
528	#F7EDEC	#FFFFFF
529	#E9CECB	#FEFEFE
530	#B7AED8	#FDFDFD
531	#FBFAFD	#FFFFFF
532	#D4CEE7	#FDFDFD
533	#BEB6DC	#FCFCFC
534	#AFA5D3	#FCFCFC
535	#E9E5F3	#FEFEFE
536	#C3BBDE	#FDFDFD
537	#EFECF6	#FEFEFE
538	#EFEDF6	#FEFEFE
539	#B7AFD8	#FDFDFD
540	#C5BDDF	#FCFCFC
541	#958BC5	#F9F9F9
542	#A79DCF	#FBFBFB
543	#FBFBFD	#FFFFFF
544	#EBD4D0	#FEFEFE
545	#F8EEED	#FFFFFF
546	#A79DCF	#FBFBFB
547	#EFECF6	#FEFEFE
548	#C4BDDF	#FCFCFC
549	#B8AFD8	#FDFDFD
550	#A79DCF	#FBFBFB
551	#BCB4DB	#FAFAFA
552	#CBC5E3	#FDFDFD
553	#D3CEE7	#FDFDFD
554	#A79ECF	#FBFBFB
555	#B8AFD8	#FBFBFB
557	#D4CFE8	#FEFEFE
558	#D3CEE7	#FDFDFD
559	#F9F9FC	#FFFFFF
560	#E5E1F1	#FEFEFE
561	#FAFAFD	#FFFFFF
562	#EDD7D4	#FDFDFD
563	#C1B9DD	#FBFBFB
564	#D3CEE7	#FDFDFD
565	#EFECF6	#FFFFFF
566	#EFECF6	#FEFEFE
567	#C4BCDF	#FCFCFC
568	#F8EEED	#FFFFFF
569	#AFA5D3	#FCFCFC
570	#DDD8EC	#FEFEFE
571	#A79ECF	#FBFBFB
572	#E7E4F2	#FEFEFE
573	#BDB5DB	#FCFCFC
574	#BCB3DA	#FAFAFA
575	#EFECF6	#FFFFFF
576	#F1E0DD	#FEFEFE
577	#CCC6E3	#FDFDFD
578	#EFEDF6	#FEFEFE
580	#BEB6DB	#FCFCFC
581	#EFEDF6	#FEFEFE
582	#FAFAFC	#FFFFFF
583	#F8EEED	#FFFFFF
584	#B7AFD8	#FDFDFD
585	#A89ECF	#FBFBFB
586	#FEFDFD	#FFFFFF
587	#B7AFD8	#FDFDFD
588	#D5CFE8	#FEFEFE
589	#DED9ED	#FEFEFE
590	#EBD4D0	#FEFEFE
591	#DED9ED	#FEFEFE
593	#FBFAFD	#FFFFFF
594	#FAF9FC	#FFFFFF
595	#E8E5F3	#FEFEFE
596	#A79ECF	#FBFBFB
597	#A79ECF	#FBFBFB
598	#DDD9ED	#FEFEFE
599	#FBFAFD	#FFFFFF
600	#FAF9FC	#FFFFFF
602	#FEFDFD	#FFFFFF
603	#D5CFE8	#FDFDFD
604	#958AC5	#F9F9F9
605	#786EB6	#F3F3F3
606	#FBFBFD	#FFFFFF
608	#D3CEE7	#FDFDFD
609	#DBD6EC	#FEFEFE
610	#DBD7EC	#FEFEFE
611	#CDC7E4	#FDFDFD
612	#E8E5F3	#FEFEFE
613	#E9E5F3	#FEFEFE
614	#FBFBFD	#FFFFFF
615	#C4BDDF	#FCFCFC
616	#F2F1F8	#FFFFFF
617	#FBF6F5	#FFFFFF
618	#E4E1F0	#FEFEFE
619	#C3BBDE	#FDFDFD
621	#9A90C8	#FAFAFA
622	#C2BBDE	#FBFBFB
623	#FAF9FC	#FFFFFF
624	#E9E6F3	#FEFEFE
625	#FAF9FC	#FFFFFF
626	#E1BEBA	#FEFEFE
627	#F9F9FC	#FFFFFF
628	#A79DCF	#FBFBFB
629	#B7AFD8	#FBFBFB
630	#AFA6D3	#FCFCFC
631	#E4E1F1	#FEFEFE
632	#D9B0AA	#FDFDFD
633	#FAF9FC	#FFFFFF
634	#EBD4D0	#FEFEFE
635	#FAF9FC	#FFFFFF
636	#9085C3	#F9F9F9
637	#D5CFE8	#FEFEFE
638	#DDD8EC	#FEFEFE
639	#EDEAF5	#FEFEFE
640	#F1DFDD	#FEFEFE
641	#FAF9FC	#FFFFFF
642	#DCD7EC	#FEFEFE
643	#D5CFE8	#FEFEFE
644	#F2F1F8	#FFFFFF
645	#D9B0AB	#FDFDFD
646	#AFA6D3	#FCFCFC
647	#EEECF6	#FFFFFF
648	#CBC4E3	#FDFDFD
649	#E4E0F0	#FEFEFE
650	#FBF6F6	#FFFFFF
652	#BDB5DB	#FCFCFC
653	#D8D3EA	#FDFDFD
654	#E8E5F3	#FEFEFE
655	#ADA4D2	#FAFAFA
656	#DDD8EC	#FEFEFE
658	#D3CEE7	#FDFDFD
659	#C3BBDE	#FDFDFD
660	#D4CEE7	#FDFDFD
661	#CBC4E3	#FDFDFD
662	#E9E5F3	#FEFEFE
663	#ACA3D2	#FAFAFA
664	#DDD8EC	#FEFEFE
665	#C3BBDE	#FDFDFD
666	#E8E5F3	#FEFEFE
667	#EFECF6	#FEFEFE
668	#DDD8EC	#FEFEFE
669	#EFEDF6	#FEFEFE
670	#D4A59F	#FCFCFC
671	#F7ECEB	#FFFFFF
672	#F5F3F9	#FFFFFF
673	#EFECF6	#FEFEFE
674	#FBFAFD	#FFFFFF
675	#B7AED8	#FBFBFB
676	#EBD4D0	#FEFEFE
677	#E6E2F1	#FEFEFE
678	#F6F5FA	#FFFFFF
679	#E5E1F1	#FEFEFE
680	#FBF6F6	#FFFFFF
681	#C5BEDF	#FCFCFC
682	#FBFAFD	#FFFFFF
683	#E8E5F3	#FEFEFE
684	#E8E5F3	#FEFEFE
685	#FAF9FC	#FFFFFF
686	#DBD7EC	#FEFEFE
687	#ECD5D2	#FEFEFE
688	#A79DCF	#FBFBFB
689	#9B91C9	#FAFAFA
690	#8B81C0	#F8F8F8
691	#EFECF6	#FFFFFF
692	#EFEDF6	#FEFEFE
693	#C5BDDF	#FCFCFC
694	#B7AFD8	#FDFDFD
695	#E1BEBA	#FEFEFE
696	#CCC5E3	#FDFDFD
697	#C3BBDE	#FDFDFD
698	#E5E2F1	#FEFEFE
699	#C3BBDE	#FDFDFD
700	#DDD8EC	#FEFEFE
703	#D0CAE5	#FCFCFC
704	#E5E1F1	#FEFEFE
705	#A49ACD	#F8F8F8
706	#D4CFE8	#FEFEFE
707	#B7AED8	#FDFDFD
708	#FEFDFD	#FFFFFF
709	#AFA6D3	#FCFCFC
710	#DCD8EC	#FEFEFE
711	#F9F8FC	#FFFFFF
712	#C7C0E1	#FCFCFC
713	#E5E1F1	#FEFEFE
714	#AFA6D3	#FCFCFC
715	#A197CC	#FBFBFB
716	#A399CD	#F8F8F8
717	#FBFAFD	#FFFFFF
718	#FAF9FC	#FFFFFF
719	#AFA6D3	#FCFCFC
720	#B7AFD8	#FDFDFD
721	#DEDAED	#FEFEFE
722	#DDD8EC	#FEFEFE
723	#D3CEE7	#FDFDFD
724	#FCF7F6	#FFFFFF
725	#D3CDE7	#FDFDFD
726	#A79ECF	#FBFBFB
727	#EFECF6	#FFFFFF
728	#FBF6F5	#FFFFFF
729	#C4BDDF	#FCFCFC
730	#F9F8FC	#FFFFFF
731	#FBFAFD	#FFFFFF
732	#DDD8ED	#FDFDFD
733	#EFECF6	#FEFEFE
734	#D4CEE8	#FDFDFD
735	#EEECF6	#FFFFFF
736	#F8EFED	#FFFFFF
737	#DEDAED	#FEFEFE
738	#F8EEED	#FFFFFF
739	#AFA6D3	#FCFCFC
740	#E1BEB9	#FEFEFE
741	#E4E1F1	#FEFEFE
742	#D5CFE8	#FEFEFE
743	#E6E3F2	#FEFEFE
744	#DDD8ED	#FEFEFE
745	#AFA5D3	#FCFCFC
746	#E9E6F3	#FEFEFE
747	#E8E5F3	#FEFEFE
748	#DBD6EC	#FEFEFE
749	#BDB5DB	#FCFCFC
750	#E8CECA	#FEFEFE
752	#E8E5F3	#FEFEFE
753	#C1B9DD	#FBFBFB
754	#B7AFD8	#FBFBFB
755	#D8D3EA	#FDFDFD
756	#B7AFD8	#FDFDFD
757	#FAF9FC	#FFFFFF
759	#FAFAFC	#FFFFFF
760	#FBF6F5	#FFFFFF
761	#A79DCF	#FBFBFB
762	#DCD7EC	#FEFEFE
763	#C5BEDF	#FCFCFC
764	#D4CFE8	#FDFDFD
765	#E5E2F1	#FEFEFE
766	#C6BFE0	#FCFCFC
767	#EFECF6	#FEFEFE
768	#A096CB	#FBFBFB
769	#D0CAE6	#FCFCFC
770	#DCD8EC	#FEFEFE
771	#E4E1F1	#FEFEFE
772	#A79DCF	#FBFBFB
773	#EFEDF6	#FEFEFE
774	#F5F4FA	#FFFFFF
775	#ADA3D2	#FAFAFA
776	#F1E0DE	#FEFEFE
777	#E5E1F1	#FEFEFE
778	#E5E1F1	#FEFEFE
779	#BDB5DB	#FCFCFC
780	#CDC7E4	#FCFCFC
781	#C4BDDF	#FCFCFC
782	#958BC5	#F9F9F9
783	#958BC5	#F9F9F9
784	#A79DCF	#FBFBFB
785	#AEA5D3	#FCFCFC
786	#EEECF6	#FFFFFF
787	#F5F4FA	#FFFFFF
788	#D7D1E9	#FDFDFD
789	#A79DCF	#FBFBFB
790	#E9E5F3	#FEFEFE
791	#DCD7EC	#FEFEFE
792	#CCC5E3	#FDFDFD
793	#EDEAF5	#FEFEFE
794	#D9B0AB	#FDFDFD
795	#EBD3D0	#FEFEFE
796	#E5E1F1	#FEFEFE
797	#E5E1F1	#FEFEFE
798	#AFA6D3	#FCFCFC
799	#F7ECEB	#FFFFFF
800	#A79ECF	#FBFBFB
801	#EBD4D0	#FEFEFE
802	#EEECF6	#FFFFFF
804	#B0A7D4	#F8F8F8
805	#FBFAFD	#FFFFFF
806	#DDD8EC	#FEFEFE
807	#E8E5F3	#FEFEFE
809	#DDD9ED	#FEFEFE
810	#B7AFD8	#FDFDFD
811	#FBF6F6	#FFFFFF
812	#D9D3EA	#FCFCFC
813	#EEECF6	#FFFFFF
814	#DCD8EC	#FEFEFE
815	#D5CFE8	#FEFEFE
816	#9B91C8	#FAFAFA
817	#AFA6D3	#FCFCFC
818	#9A90C8	#FAFAFA
819	#C4BCDF	#FCFCFC
820	#C2BADE	#FBFBFB
821	#B7AFD8	#FBFBFB
822	#C1B9DD	#FBFBFB
823	#E2C1BC	#FDFDFD
824	#D3CDE7	#FCFCFC
825	#FEFDFC	#FFFFFF
826	#D5CFE8	#FEFEFE
827	#C3BBDE	#FDFDFD
828	#C9928B	#FBFBFB
829	#D8D2EA	#FDFDFD
830	#ECEAF5	#FEFEFE
831	#F9F8FC	#FFFFFF
832	#EEECF6	#FEFEFE
833	#D7D2E9	#FDFDFD
834	#CBC4E3	#FDFDFD
835	#DCD7EC	#FEFEFE
836	#CF9D97	#FCFCFC
837	#DDD8EC	#FEFEFE
838	#BEB6DB	#FCFCFC
839	#D4CEE8	#FDFDFD
840	#CDC6E4	#FCFCFC
841	#F1DFDD	#FEFEFE
842	#E5E2F1	#FEFEFE
843	#CF9D97	#FCFCFC
844	#CEC7E4	#FDFDFD
845	#FBFAFD	#FFFFFF
846	#E4C4C0	#FDFDFD
847	#A197CC	#FBFBFB
848	#FBFAFD	#FFFFFF
849	#DDD8EC	#FEFEFE
850	#E8E5F3	#FEFEFE
851	#C3BBDE	#FDFDFD
852	#EEECF6	#FFFFFF
853	#EBD3D0	#FEFEFE
854	#AEA5D3	#FCFCFC
855	#EEEBF6	#FFFFFF
856	#B7AFD8	#FDFDFD
857	#A79ECF	#FBFBFB
858	#DBD7EC	#FEFEFE
860	#CBC5E3	#FDFDFD
861	#DDD8ED	#FEFEFE
862	#C3BBDE	#FDFDFD
863	#E6E2F1	#FEFEFE
864	#ECD5D2	#FEFEFE
865	#F1E0DE	#FEFEFE
866	#C1B9DD	#FBFBFB
867	#D4CEE8	#FDFDFD
868	#FBFAFD	#FFFFFF
869	#B2A9D5	#FAFAFA
870	#F6F5FA	#FFFFFF
871	#E4E1F1	#FEFEFE
872	#F1DFDC	#FEFEFE
873	#D4CEE7	#FDFDFD
874	#CBC5E3	#FDFDFD
875	#DED9ED	#FDFDFD
876	#C3BBDE	#FDFDFD
877	#FAF4F3	#FFFFFF
878	#D5CFE8	#FDFDFD
879	#FBF6F5	#FFFFFF
880	#DDD8ED	#FDFDFD
881	#F2F0F8	#FFFFFF
882	#A197CC	#FBFBFB
883	#FBF6F5	#FFFFFF
884	#AEA5D3	#FCFCFC
885	#DDD8EC	#FEFEFE
886	#DDD8EC	#FEFEFE
887	#F7EDEC	#FFFFFF
888	#D4CEE8	#FDFDFD
889	#FEFCFC	#FFFFFF
890	#EEECF6	#FFFFFF
891	#CCC5E3	#FDFDFD
892	#F8EEED	#FFFFFF
893	#FAF9FC	#FFFFFF
894	#EFEDF6	#FEFEFE
895	#FAF9FC	#FFFFFF
896	#F6F4FA	#FFFFFF
897	#D4CEE8	#FEFEFE
898	#FBF6F6	#FFFFFF
899	#CCC5E3	#FDFDFD
900	#E8E5F3	#FEFEFE
901	#F1E0DD	#FEFEFE
902	#CBC5E3	#FDFDFD
903	#DCD7EC	#FEFEFE
905	#BDB4DB	#FBFBFB
906	#CDC7E4	#FDFDFD
907	#FEFDFD	#FFFFFF
908	#FAFAFC	#FFFFFF
909	#D3CDE7	#FDFDFD
910	#C3BBDE	#FDFDFD
911	#A79ECF	#FBFBFB
912	#EFEDF7	#FEFEFE
913	#C3BBDE	#FDFDFD
914	#DDD8ED	#FEFEFE
915	#EAE8F4	#FEFEFE
916	#BEB6DC	#FCFCFC
917	#DCD7EC	#FEFEFE
918	#FAF9FC	#FFFFFF
919	#D4CEE8	#FDFDFD
920	#F2F0F8	#FFFFFF
921	#F2F1F8	#FFFFFF
922	#A197CC	#FBFBFB
923	#DCD8EC	#FEFEFE
924	#D8D3EA	#FDFDFD
925	#D4CEE8	#FDFDFD
926	#FBFAFD	#FFFFFF
927	#F7ECEB	#FFFFFF
928	#E4E1F0	#FEFEFE
929	#9A90C8	#FAFAFA
930	#EAE7F4	#FEFEFE
931	#EEEBF6	#FEFEFE
932	#DDD8EC	#FEFEFE
933	#B8AFD8	#FBFBFB
934	#CCC5E3	#FDFDFD
935	#F9F8FC	#FFFFFF
936	#C6BFE0	#FCFCFC
937	#A197CC	#FBFBFB
938	#ECD5D2	#FEFEFE
939	#FBF6F5	#FFFFFF
940	#FBF6F5	#FFFFFF
941	#FBF7F6	#FFFFFF
942	#A197CC	#FBFBFB
943	#E8E5F3	#FEFEFE
944	#D5CFE8	#FEFEFE
945	#F6F5FA	#FFFFFF
946	#E9E5F3	#FEFEFE
947	#C4BDDF	#FCFCFC
948	#BDB5DB	#FCFCFC
949	#F6F4FA	#FFFFFF
950	#F8EEED	#FFFFFF
951	#D3CDE7	#FDFDFD
952	#D5CFE8	#FDFDFD
953	#F4E5E3	#FEFEFE
954	#CCC5E3	#FDFDFD
956	#FAF9FC	#FFFFFF
957	#E9E5F3	#FEFEFE
958	#B8AFD8	#FDFDFD
959	#CDC7E4	#FCFCFC
961	#A197CC	#FBFBFB
962	#EEECF6	#FFFFFF
963	#D7D1E9	#FDFDFD
964	#A79ECF	#FBFBFB
965	#9A90C8	#FAFAFA
966	#D4CFE8	#FDFDFD
967	#DCD7EC	#FEFEFE
968	#AFA5D3	#FCFCFC
969	#F6F4FA	#FFFFFF
970	#E4E0F0	#FEFEFE
971	#C6BFE0	#FAFAFA
972	#F2F0F8	#FEFEFE
973	#EFECF6	#FFFFFF
974	#E9E5F3	#FEFEFE
975	#ECD5D2	#FDFDFD
976	#D4CFE8	#FDFDFD
977	#FBF6F6	#FFFFFF
978	#EFECF6	#FEFEFE
979	#F0DCDA	#FEFEFE
980	#DED9ED	#FEFEFE
981	#ADA3D2	#FAFAFA
982	#C4BDDF	#FCFCFC
983	#EAE7F4	#FEFEFE
984	#F4E6E4	#FEFEFE
985	#C3BBDE	#FDFDFD
986	#B1A8D5	#FAFAFA
987	#EFECF6	#FEFEFE
988	#C3BBDE	#FDFDFD
989	#C3BBDE	#FDFDFD
990	#FBFAFD	#FFFFFF
991	#FBFAFD	#FFFFFF
992	#B1A8D4	#FAFAFA
993	#E8CDCA	#FEFEFE
994	#DDD8EC	#FEFEFE
995	#CCC6E4	#FCFCFC
996	#EFECF6	#FFFFFF
997	#E9E6F3	#FEFEFE
998	#EEECF6	#FFFFFF
999	#AFA6D3	#FCFCFC
1000	#D5CFE8	#FEFEFE
1001	#FBF6F5	#FFFFFF
1002	#E9E6F3	#FEFEFE
1003	#CBC5E3	#FDFDFD
1004	#D4CFE8	#FEFEFE
1006	#E6E2F1	#FEFEFE
1007	#EFEDF6	#FEFEFE
1008	#DDD8EC	#FEFEFE
1009	#C3BBDE	#FDFDFD
1010	#C4BCDF	#FCFCFC
1011	#B7AFD8	#FDFDFD
1012	#DCD7EC	#FEFEFE
1013	#C4BDDF	#FCFCFC
1014	#E4E0F0	#FEFEFE
1015	#EFEDF6	#FEFEFE
1016	#BDB5DB	#FCFCFC
1017	#FAF9FC	#FFFFFF
1018	#E5E1F1	#FEFEFE
1019	#AFA6D3	#FCFCFC
1020	#EEECF6	#FFFFFF
1021	#EDEBF5	#FEFEFE
1022	#F7F5FA	#FFFFFF
1023	#9A90C8	#FAFAFA
1024	#A096CB	#FBFBFB
1025	#D7D1E9	#FDFDFD
1026	#9A90C8	#FAFAFA
1027	#DCD8EC	#FEFEFE
1028	#D4CFE8	#FEFEFE
1029	#E9E6F3	#FEFEFE
1030	#BCB4DA	#FAFAFA
1031	#F9F8FC	#FFFFFF
1032	#DDD8ED	#FDFDFD
1033	#C2BADE	#FBFBFB
1034	#FDFBFB	#FFFFFF
1035	#E5E1F1	#FEFEFE
1036	#DCD7EC	#FEFEFE
1037	#EEECF6	#FFFFFF
1038	#B7AFD8	#FDFDFD
1039	#C3BBDE	#FDFDFD
1040	#C4BDDF	#FCFCFC
1041	#CBC5E3	#FDFDFD
1042	#DCD7EC	#FEFEFE
1043	#F6F5FA	#FFFFFF
1044	#F1DFDD	#FEFEFE
1045	#FAFAFD	#FFFFFF
1046	#F7EDEC	#FFFFFF
1047	#C3BBDE	#FDFDFD
1048	#A79DCF	#FBFBFB
1049	#D4CEE8	#FEFEFE
1050	#F9F8FC	#FFFFFF
1051	#FAF9FC	#FFFFFF
1052	#EEECF6	#FEFEFE
1053	#FBF6F6	#FFFFFF
1054	#FAFAFD	#FFFFFF
1055	#EBD4D0	#FEFEFE
1056	#F9F8FC	#FFFFFF
1057	#CCC5E3	#FDFDFD
1058	#B7AFD8	#FDFDFD
1059	#F9F8FC	#FFFFFF
1060	#FAF9FC	#FFFFFF
1062	#DCD7EC	#FEFEFE
1063	#D1CBE6	#FCFCFC
1064	#C4BDDF	#FCFCFC
1065	#C3BBDE	#FDFDFD
1066	#C0B8DD	#FBFBFB
1067	#E6E3F2	#FEFEFE
1068	#FBF6F5	#FFFFFF
1069	#E6E3F2	#FEFEFE
1070	#F6F5FA	#FFFFFF
1071	#FBF6F5	#FFFFFF
1072	#BEB6DB	#FCFCFC
1073	#D0CAE5	#FCFCFC
1074	#CDC7E4	#FCFCFC
1075	#FBF6F5	#FFFFFF
1076	#AFA6D3	#FCFCFC
1077	#FAFAFC	#FFFFFF
1078	#F7F5FA	#FFFFFF
1079	#FFFFFF	#FFFFFF
1080	#E7E4F2	#FEFEFE
1081	#F0DDDA	#FEFEFE
1082	#E5E1F1	#FEFEFE
1083	#D3CDE7	#FDFDFD
1084	#CBC4E3	#FCFCFC
1085	#FFFFFF	#FFFFFF
1086	#F6F5FA	#FFFFFF
1087	#CBC5E3	#FDFDFD
1088	#E5E2F1	#FEFEFE
1089	#C3BBDE	#FDFDFD
1090	#F9F8FC	#FFFFFF
1091	#B7AFD8	#FDFDFD
1092	#E9E5F3	#FEFEFE
1093	#B1A8D5	#FAFAFA
1094	#EEECF6	#FFFFFF
1095	#F5F4FA	#FFFFFF
1096	#DED9ED	#FDFDFD
1097	#E1BEBA	#FEFEFE
1098	#DEDAED	#FEFEFE
1099	#D1CBE6	#FCFCFC
1100	#B7AFD8	#FDFDFD
1101	#D5CFE8	#FEFEFE
1102	#DDD8EC	#FEFEFE
1103	#D3A59F	#FCFCFC
1104	#D4CFE8	#FEFEFE
1105	#E8E5F3	#FEFEFE
1107	#FAF9FC	#FFFFFF
1108	#D7D2EA	#FDFDFD
1109	#CCC5E3	#FDFDFD
1110	#D3CEE7	#FDFDFD
1111	#A197CC	#FBFBFB
1112	#CBC4E3	#FDFDFD
1113	#EEECF6	#FEFEFE
1114	#E7E3F2	#FEFEFE
1115	#AEA5D3	#FCFCFC
1116	#EEECF6	#FFFFFF
1117	#FBFAFD	#FFFFFF
1118	#DDD8EC	#FEFEFE
1119	#A197CC	#FBFBFB
1120	#D3CDE7	#FDFDFD
1121	#C5BDDF	#FCFCFC
1122	#DEDAED	#FEFEFE
1123	#E5E2F1	#FEFEFE
1124	#E4E0F0	#FEFEFE
1125	#E4E1F0	#FEFEFE
1126	#B7AFD8	#FDFDFD
1127	#C4BDDF	#FCFCFC
1128	#E6E2F1	#FEFEFE
1129	#E1BEBA	#FEFEFE
1130	#DDD8EC	#FDFDFD
1131	#DFDAED	#FEFEFE
1132	#C7C0E1	#FCFCFC
1133	#D7D2E9	#FDFDFD
1134	#F8EEED	#FFFFFF
1135	#A096CB	#FBFBFB
1136	#9B91C9	#FAFAFA
1137	#F2F1F8	#FFFFFF
1138	#F1E0DD	#FEFEFE
1139	#AFA6D3	#FCFCFC
1140	#B7AFD8	#FDFDFD
1141	#B7AFD8	#FDFDFD
1142	#EEECF6	#FFFFFF
1143	#CDC7E4	#FCFCFC
1144	#D5CFE8	#FEFEFE
1145	#FBFAFD	#FFFFFF
1146	#A197CC	#FBFBFB
1147	#EFEDF6	#FEFEFE
1148	#D4CEE7	#FDFDFD
1149	#B8AFD8	#FBFBFB
1150	#ECD6D3	#FEFEFE
1151	#D3CDE7	#FDFDFD
1152	#DCD7EC	#FEFEFE
1154	#EBD4D0	#FEFEFE
1155	#D4CFE8	#FEFEFE
1156	#A79DCF	#FBFBFB
1157	#B7AFD8	#FDFDFD
1158	#C5BEDF	#FCFCFC
1159	#CBC4E3	#FCFCFC
1160	#EFECF6	#FFFFFF
1161	#EED9D6	#FEFEFE
1163	#B3AAD6	#F9F9F9
1164	#B7AFD8	#FBFBFB
1165	#FBF6F5	#FFFFFF
1166	#FAFAFC	#FFFFFF
1168	#D5CFE8	#FEFEFE
1169	#D5CFE8	#FEFEFE
1170	#D5CFE8	#FEFEFE
1171	#DCD8EC	#FEFEFE
1172	#A79DCF	#FBFBFB
1173	#C3BBDE	#FDFDFD
1174	#AFA6D3	#FCFCFC
1175	#FEFDFD	#FFFFFF
1176	#E8E5F3	#FEFEFE
1177	#E1BEBA	#FEFEFE
1178	#FEFDFD	#FFFFFF
1179	#C3BBDE	#FDFDFD
1180	#E4E1F1	#FEFEFE
1181	#DDD8ED	#FEFEFE
1182	#B7AFD8	#FDFDFD
1183	#D5CFE8	#FEFEFE
1184	#CDC7E4	#FCFCFC
1185	#EAE7F4	#FEFEFE
1186	#CCC5E3	#FCFCFC
1188	#E8E5F3	#FEFEFE
1189	#B7AFD8	#FDFDFD
1190	#ECD5D2	#FEFEFE
1191	#E6C9C5	#FDFDFD
1192	#AFA6D3	#FCFCFC
1193	#ECD5D3	#FEFEFE
1194	#E4E0F0	#FEFEFE
1195	#B7AFD8	#FDFDFD
1196	#F2F0F8	#FFFFFF
1197	#D7D1E9	#FDFDFD
1198	#B7AFD8	#FDFDFD
1199	#B7AFD8	#FDFDFD
1200	#C4BDDF	#FCFCFC
1201	#AEA5D3	#FCFCFC
1202	#ECD4D1	#FEFEFE
1203	#F4E6E4	#FEFEFE
1204	#B7AFD8	#FDFDFD
1205	#E8E5F3	#FEFEFE
1206	#CCC5E3	#FDFDFD
1208	#DED9ED	#FEFEFE
1209	#C3BBDE	#FDFDFD
1210	#E8E5F3	#FEFEFE
1211	#CBC4E3	#FDFDFD
1212	#FAF9FC	#FFFFFF
1213	#F9F8FC	#FFFFFF
1214	#FAFAFC	#FFFFFF
1215	#C7C0E1	#FCFCFC
1216	#DDD8ED	#FEFEFE
1218	#D7D2E9	#FDFDFD
1219	#CF9D97	#FCFCFC
1220	#D4CFE8	#FEFEFE
1221	#E6E2F1	#FEFEFE
1222	#C1B9DD	#FBFBFB
1223	#E4E1F1	#FEFEFE
1224	#F7EDEB	#FFFFFF
1225	#FBFBFD	#FFFFFF
1226	#CBC5E3	#FCFCFC
1227	#E8E5F3	#FEFEFE
1228	#DDD8EC	#FEFEFE
1229	#C3BBDE	#FDFDFD
1230	#DDD8EC	#FEFEFE
1231	#B7AFD8	#FDFDFD
1232	#DDD8EC	#FEFEFE
1233	#E5E1F1	#FEFEFE
1234	#FBF6F6	#FFFFFF
1235	#E7E4F2	#FEFEFE
1236	#F6F4FA	#FFFFFF
1237	#DDD8EC	#FEFEFE
1238	#E9E5F3	#FEFEFE
1239	#DDD8EC	#FEFEFE
1240	#D4CEE7	#FDFDFD
1241	#9A90C8	#FAFAFA
1242	#E9E5F3	#FEFEFE
1243	#DDD8EC	#FEFEFE
1244	#FAF9FC	#FFFFFF
1245	#D5CFE8	#FEFEFE
1246	#DCD8EC	#FEFEFE
1247	#EAE7F3	#FEFEFE
1248	#AEA5D3	#FCFCFC
1249	#EBD4D0	#FEFEFE
1250	#E6E3F1	#FEFEFE
1251	#AFA6D3	#FCFCFC
1252	#E4E1F1	#FEFEFE
1253	#EEEBF6	#FFFFFF
1254	#FAF9FC	#FFFFFF
1255	#E5E1F1	#FEFEFE
1256	#E8E5F3	#FEFEFE
1257	#D4CEE8	#FEFEFE
1258	#ECD6D3	#FEFEFE
1259	#DDD8EC	#FEFEFE
1260	#F7F6FB	#FFFFFF
1261	#F8EEED	#FFFFFF
1262	#D7D1E9	#FDFDFD
1264	#A197CC	#FBFBFB
1265	#AEA5D3	#FCFCFC
1266	#DDD8EC	#FEFEFE
1267	#EFEDF6	#FEFEFE
1268	#FEFDFD	#FFFFFF
1269	#EFEDF6	#FEFEFE
1270	#D2CCE7	#FCFCFC
1271	#ECE9F5	#FEFEFE
1272	#F2F0F8	#FFFFFF
1273	#EDEAF5	#FEFEFE
1274	#DBD7EC	#FEFEFE
1275	#CCC5E3	#FDFDFD
1276	#DDD9ED	#FEFEFE
1277	#A096CB	#FBFBFB
1278	#E9E6F3	#FEFEFE
1279	#D3CEE7	#FDFDFD
1280	#DED9ED	#FDFDFD
1281	#BAB1D9	#F4F4F4
1282	#E6E2F1	#FEFEFE
1283	#D8D2EA	#FDFDFD
1284	#CBC5E3	#FDFDFD
1285	#D4CEE8	#FDFDFD
1286	#CDC6E4	#FCFCFC
1287	#F8EEED	#FFFFFF
1288	#DDD8ED	#FDFDFD
1289	#DDD9ED	#FEFEFE
1290	#FBFAFD	#FFFFFF
1291	#DDD9ED	#FEFEFE
1292	#AFA6D3	#FCFCFC
1293	#C6BEE0	#FCFCFC
1294	#E5E2F1	#FEFEFE
1295	#E4E1F1	#FEFEFE
1296	#E6E2F1	#FEFEFE
1297	#FEFCFC	#FFFFFF
1298	#E7E3F2	#FEFEFE
1299	#FEFDFD	#FFFFFF
1300	#FAF9FC	#FFFFFF
1301	#DDD8EC	#FEFEFE
1302	#F8EEED	#FFFFFF
1303	#D3CEE7	#FDFDFD
1304	#DDD8EC	#FEFEFE
1305	#D4CFE8	#FEFEFE
1306	#FAF9FC	#FFFFFF
1307	#FBFAFD	#FFFFFF
1309	#F6F4FA	#FFFFFF
1310	#DEDAED	#FEFEFE
1311	#E5E1F1	#FEFEFE
1312	#DCD7EC	#FEFEFE
1313	#FEFDFD	#FFFFFF
1314	#B1A8D5	#FAFAFA
1315	#F8EEED	#FFFFFF
1316	#D6D1E9	#FDFDFD
1317	#D7D2E9	#FDFDFD
1318	#D3CEE7	#FDFDFD
1319	#EDEAF5	#FEFEFE
1320	#D5CFE8	#FEFEFE
1321	#D7D2E9	#FDFDFD
1322	#BCB4DB	#FAFAFA
1323	#D3CDE7	#FCFCFC
1324	#DDD8EC	#FEFEFE
1325	#EFECF6	#FEFEFE
1326	#F1E0DD	#FEFEFE
1327	#E8E5F3	#FEFEFE
1328	#DED9ED	#FEFEFE
1329	#DDD9ED	#FDFDFD
1330	#E7E3F2	#FEFEFE
1331	#ACA3D2	#F7F7F7
1332	#A99FD0	#ECECEC
1333	#F9F8FC	#FFFFFF
1334	#E4E0F0	#FEFEFE
1335	#F2F0F8	#FEFEFE
1336	#DBD6EB	#FEFEFE
1337	#FAFAFC	#FFFFFF
1338	#E8E5F3	#FEFEFE
1339	#FBF6F5	#FFFFFF
1340	#FEFDFD	#FFFFFF
1341	#C4BDDF	#FCFCFC
1342	#E5E2F1	#FEFEFE
1343	#A096CB	#FBFBFB
1344	#D2CCE7	#FCFCFC
1345	#F7EEEC	#FFFFFF
1346	#F9F8FC	#FFFFFF
1347	#C4BDDF	#FCFCFC
1348	#FBFAFD	#FFFFFF
1349	#AFA5D3	#FCFCFC
1350	#AEA5D3	#FCFCFC
1351	#E2C0BC	#FDFDFD
1352	#EBD4D0	#FEFEFE
1353	#F7EEEC	#FFFFFF
1354	#B8AFD8	#FDFDFD
1355	#DDD9ED	#FEFEFE
1357	#D1CBE6	#FCFCFC
1358	#D5CFE8	#FEFEFE
1359	#C3BBDE	#FDFDFD
1360	#D3CEE7	#FDFDFD
1361	#BDB5DB	#FCFCFC
1362	#FAFAFC	#FFFFFF
1363	#E9E6F3	#FEFEFE
1365	#ECD5D2	#FEFEFE
1366	#ECEAF5	#FEFEFE
1367	#8B80C0	#F8F8F8
1368	#FAFAFC	#FFFFFF
1369	#DCD8EC	#FEFEFE
1370	#DCD7EC	#FEFEFE
1371	#DCD7EC	#FEFEFE
1372	#BEB6DB	#FCFCFC
1373	#E8E5F3	#FEFEFE
1374	#FBF6F5	#FFFFFF
1375	#D7D2E9	#FDFDFD
1376	#B8AFD8	#FBFBFB
1377	#EFECF6	#FEFEFE
1378	#D6D1E9	#FDFDFD
1379	#C3BBDE	#FDFDFD
1380	#DCD7EC	#FEFEFE
1381	#DED9ED	#FDFDFD
1382	#B7AED8	#F8F8F8
1383	#BDB5DB	#F4F4F4
1384	#DEDAED	#FEFEFE
1385	#DDD9ED	#FDFDFD
1386	#F2F0F8	#FEFEFE
1387	#C3BBDE	#FDFDFD
1388	#CCC5E3	#FDFDFD
1389	#9B90C8	#FAFAFA
1390	#E6E2F1	#FEFEFE
1391	#FCF7F6	#FFFFFF
1392	#C4BDDF	#FCFCFC
1393	#FBF6F5	#FFFFFF
1394	#B7AFD8	#FDFDFD
1395	#EBD4D0	#FEFEFE
1396	#E9E6F3	#FEFEFE
1397	#C4BDDF	#FCFCFC
1398	#DDD8EC	#FEFEFE
1399	#E9E6F3	#FEFEFE
1400	#CDC7E4	#FCFCFC
1401	#AFA5D3	#FCFCFC
1402	#C3BBDE	#FDFDFD
1403	#FBF7F6	#FFFFFF
1404	#CDC7E4	#FDFDFD
1405	#DCD8EC	#FEFEFE
1407	#ECD6D3	#FEFEFE
1408	#D5CFE8	#FEFEFE
1410	#DCD7EC	#FEFEFE
1411	#E8E5F3	#FEFEFE
1412	#AFA6D3	#FCFCFC
1413	#CCC5E3	#FDFDFD
1414	#E4E1F1	#FEFEFE
1415	#C3BBDE	#FDFDFD
1416	#DDD8EC	#FEFEFE
1417	#EEECF6	#FFFFFF
1418	#A197CC	#FBFBFB
1419	#EFECF6	#FFFFFF
1420	#D1CBE6	#FCFCFC
1421	#CBC5E3	#FDFDFD
1422	#BEB6DB	#FCFCFC
1423	#D4CFE8	#FDFDFD
1424	#E4E1F1	#FEFEFE
1425	#EFEDF6	#FEFEFE
1426	#F6F5FA	#FFFFFF
1427	#C7C0E1	#FCFCFC
1428	#D4CFE8	#FEFEFE
1429	#DDD8EC	#FEFEFE
1430	#D4CEE8	#FEFEFE
1431	#DCD7EC	#FEFEFE
1432	#D4CEE8	#FCFCFC
1433	#988EC7	#F5F5F5
1434	#BCB4DB	#F7F7F7
1435	#FBFBFD	#FFFFFF
1436	#EBD4D0	#FEFEFE
1437	#F7F5FB	#FFFFFF
1438	#E4E0F0	#FDFDFD
1439	#D3CEE7	#FDFDFD
1440	#F8EFED	#FFFFFF
1441	#F8EEED	#FFFFFF
1442	#DDD8EC	#FEFEFE
1443	#D6D0E9	#FCFCFC
1444	#E8E5F3	#FEFEFE
1445	#F8EEED	#FFFFFF
1446	#E4E1F1	#FEFEFE
1447	#E9E6F3	#FEFEFE
1448	#EEECF6	#FFFFFF
1449	#958BC5	#F9F9F9
1450	#F6F4FA	#FFFFFF
1451	#FBF7F6	#FFFFFF
1452	#D5CFE8	#FEFEFE
1453	#FBFAFD	#FFFFFF
1454	#AEA5D3	#FCFCFC
1455	#D9B0AA	#FDFDFD
1456	#B7AFD8	#FDFDFD
1457	#AFA5D3	#FCFCFC
1458	#E9E6F3	#FEFEFE
1459	#D5CFE8	#FEFEFE
1460	#AFA6D3	#FCFCFC
1461	#E9E5F3	#FEFEFE
1462	#EEECF6	#FFFFFF
1463	#D4CFE8	#FEFEFE
1464	#DDD8EC	#FEFEFE
1466	#F4E5E3	#FEFEFE
1467	#F9F9FC	#FFFFFF
1468	#DDD8EC	#FEFEFE
1469	#AFA6D3	#FCFCFC
1470	#EEECF6	#FFFFFF
1471	#E4E0F0	#FEFEFE
1472	#DED9ED	#FDFDFD
1473	#F8EEED	#FFFFFF
1474	#D8D3EA	#FDFDFD
1475	#DEDAED	#FEFEFE
1476	#D7D2E9	#FDFDFD
1477	#C3BBDE	#FDFDFD
1478	#F7ECEB	#FFFFFF
1479	#F5F4FA	#FFFFFF
1480	#D3CEE7	#FDFDFD
1481	#9085C2	#F9F9F9
1482	#A79DCF	#F6F6F6
1483	#CDC6E4	#FCFCFC
1484	#BCB4DB	#F8F8F8
1485	#DDD9ED	#FDFDFD
1486	#BEB6DC	#FCFCFC
1487	#EFECF6	#FEFEFE
1488	#C6BFE0	#FBFBFB
1489	#D4CFE8	#FEFEFE
1490	#FDFBFA	#FFFFFF
1491	#D2CCE7	#FCFCFC
1492	#EDEAF5	#FEFEFE
1493	#D3CDE7	#FDFDFD
1494	#FBFBFD	#FFFFFF
1495	#F4E5E3	#FEFEFE
1496	#CBC4E3	#FDFDFD
1497	#E5E1F1	#FEFEFE
1498	#D9AFAA	#FDFDFD
1499	#F9F1F0	#FFFFFF
1500	#E4E1F0	#FEFEFE
1501	#FAF9FC	#FFFFFF
1502	#D5CFE8	#FEFEFE
1503	#E4E0F0	#FEFEFE
1504	#EBD4D0	#FEFEFE
1505	#FAF9FC	#FFFFFF
1506	#FAF9FC	#FFFFFF
1507	#D3CDE7	#FDFDFD
1508	#D4CFE8	#FEFEFE
1509	#E9E6F3	#FEFEFE
1511	#D1CBE6	#FCFCFC
1512	#EEECF6	#FFFFFF
1513	#CBC4E3	#FDFDFD
1514	#F6F4FA	#FFFFFF
1515	#E5E2F1	#FEFEFE
1516	#D3CDE7	#FDFDFD
1517	#D4CFE8	#FDFDFD
1518	#A79ECF	#FBFBFB
1519	#CCC5E3	#FDFDFD
1520	#DDD8EC	#FEFEFE
1521	#D4CEE7	#FDFDFD
1522	#D3CDE7	#FDFDFD
1523	#E8E5F3	#FEFEFE
1524	#DCD7EC	#FEFEFE
1525	#EEEBF6	#FFFFFF
1526	#E5E1F1	#FEFEFE
1527	#BEB6DB	#FCFCFC
1528	#E5E1F1	#FEFEFE
1529	#EEECF6	#FFFFFF
1530	#FDFBFA	#FFFFFF
1531	#B2A9D5	#FAFAFA
1532	#D3CDE7	#FDFDFD
1533	#C5BDDF	#FCFCFC
1534	#B5ACD7	#F8F8F8
1535	#F6F4FA	#FFFFFF
1536	#7E74B9	#F5F5F5
1537	#FBFBFD	#FFFFFF
1538	#9A90C8	#FAFAFA
1539	#FFFFFF	#FFFFFF
1540	#FBF7F6	#FFFFFF
1541	#FBF5F4	#FFFFFF
1542	#DCD7EC	#FEFEFE
1543	#E5E1F1	#FEFEFE
1544	#E8E5F3	#FEFEFE
1545	#E2DEEF	#FDFDFD
1546	#EFEDF6	#FEFEFE
1547	#DED9ED	#FDFDFD
1548	#E7E3F2	#FEFEFE
1549	#DBD7EC	#FEFEFE
1550	#FAFAFC	#FFFFFF
1551	#AFA5D3	#FCFCFC
1552	#FAF9FC	#FFFFFF
1553	#AEA5D3	#FCFCFC
1554	#D4CEE7	#FDFDFD
1555	#D5CFE8	#FEFEFE
1557	#E4E1F1	#FEFEFE
1558	#B7AFD8	#FDFDFD
1559	#EFEDF7	#FFFFFF
1560	#E8E5F3	#FEFEFE
1561	#BDB5DB	#FCFCFC
1562	#AFA5D3	#FCFCFC
1563	#DCD7EC	#FEFEFE
1564	#E3DFF0	#FEFEFE
1565	#CAC3E2	#FBFBFB
1567	#FBF6F6	#FFFFFF
1568	#EBD4D0	#FEFEFE
1569	#FBF5F4	#FFFFFF
1570	#CEC7E4	#FDFDFD
1571	#DCD7EC	#FEFEFE
1572	#EAE7F4	#FEFEFE
1573	#FAF9FC	#FFFFFF
1574	#B2A9D5	#FAFAFA
1575	#D3CDE7	#FCFCFC
1576	#BDB5DB	#FCFCFC
1577	#CDC7E4	#FCFCFC
1578	#C6BEE0	#FBFBFB
1579	#CCC6E3	#FDFDFD
1580	#E8E5F3	#FEFEFE
1581	#DDD8EC	#FEFEFE
1582	#F4E5E4	#FEFEFE
1583	#9085C3	#F9F9F9
1584	#AFA6D4	#F8F8F8
1585	#CEC8E4	#FCFCFC
1586	#C1B9DD	#FBFBFB
1587	#B8AFD8	#FAFAFA
1588	#D4CEE8	#FEFEFE
1589	#CBC5E3	#FCFCFC
1590	#C3BCDF	#FCFCFC
1591	#E6E2F1	#FEFEFE
1592	#D3CEE7	#FDFDFD
1593	#C1B9DD	#FBFBFB
1594	#CCC5E3	#FCFCFC
1595	#F4E6E4	#FEFEFE
1596	#AFA6D4	#F8F8F8
1597	#D8D3EA	#FDFDFD
1598	#FEFDFC	#FFFFFF
1599	#EBD4D0	#FEFEFE
1600	#E5E1F1	#FEFEFE
1601	#B7AFD8	#FDFDFD
1602	#F1E0DD	#FEFEFE
1603	#FAF9FC	#FFFFFF
1604	#EEECF6	#FEFEFE
1605	#E5E1F1	#FEFEFE
1607	#D5CFE8	#FEFEFE
1608	#D4CFE8	#FEFEFE
1609	#E4E0F0	#FEFEFE
1610	#DDD8ED	#FEFEFE
1612	#FBF7F6	#FFFFFF
1613	#FAFAFD	#FFFFFF
1614	#D7D1E9	#FDFDFD
1615	#CBC5E3	#FDFDFD
1616	#E8E5F3	#FEFEFE
1617	#DDD8EC	#FEFEFE
1618	#D5CFE8	#FEFEFE
1619	#E9E6F3	#FEFEFE
1620	#E5E1F1	#FEFEFE
1621	#FBF6F6	#FFFFFF
1622	#DEDAED	#FDFDFD
1623	#CEC7E4	#FDFDFD
1624	#968BC6	#F9F9F9
1625	#EAE7F4	#FEFEFE
1626	#DEDAED	#FEFEFE
1627	#DED9ED	#FDFDFD
1628	#EFECF6	#FFFFFF
1629	#E6E2F1	#FEFEFE
1630	#BDB5DB	#FCFCFC
1631	#C1B9DD	#FBFBFB
1632	#B7AFD8	#FDFDFD
1633	#F8EEED	#FFFFFF
1634	#DED9ED	#FEFEFE
1635	#B2A9D5	#FAFAFA
1636	#BFB7DC	#F9F9F9
1637	#DBD7EC	#FEFEFE
1638	#ECE9F5	#FEFEFE
1639	#E9CECB	#FEFEFE
1640	#D3CDE7	#FDFDFD
1641	#E5E2F1	#FEFEFE
1642	#ADA3D2	#FAFAFA
1643	#F6F4FA	#FFFFFF
1644	#EBE8F4	#FEFEFE
1645	#DBD6EC	#FEFEFE
1646	#FAFAFD	#FFFFFF
1647	#AEA5D3	#FCFCFC
1648	#CCC5E3	#FDFDFD
1649	#F9F8FC	#FFFFFF
1650	#CCC5E3	#FDFDFD
1651	#C3BBDE	#FDFDFD
1652	#F1E0DE	#FEFEFE
1653	#F9F8FC	#FFFFFF
1654	#B7AFD8	#FDFDFD
1655	#E9E5F3	#FEFEFE
1656	#E9E6F3	#FEFEFE
1657	#DCD8EC	#FEFEFE
1658	#FAF9FC	#FFFFFF
1659	#F9F8FC	#FFFFFF
1660	#F1DFDD	#FEFEFE
1661	#E8E5F3	#FEFEFE
1662	#EFEDF6	#FEFEFE
1663	#D3CDE7	#FDFDFD
1664	#E5E1F1	#FEFEFE
1665	#DCD7EC	#FEFEFE
1666	#A197CC	#FBFBFB
1668	#FAFAFC	#FFFFFF
1669	#DDD8EC	#FEFEFE
1670	#C3BBDE	#FDFDFD
1671	#DDD8EC	#FDFDFD
1672	#CBC5E3	#FDFDFD
1673	#DBD7EC	#FEFEFE
1674	#DDD8EC	#FEFEFE
1675	#958AC5	#F9F9F9
1676	#D4CEE7	#FDFDFD
1677	#FAF9FC	#FFFFFF
1678	#E4E0F0	#FEFEFE
1679	#D9B0AB	#FDFDFD
1680	#FAFAFD	#FFFFFF
1681	#B7AFD8	#FDFDFD
1682	#B7AFD8	#FDFDFD
1683	#A79ECF	#FBFBFB
1684	#CCC5E3	#FDFDFD
1685	#FAF9FC	#FFFFFF
1686	#CCC5E3	#FDFDFD
1687	#FEFEFE	#FFFFFF
1688	#C6BEE0	#FBFBFB
1689	#D3CDE7	#FBFBFB
1690	#BDB5DB	#FCFCFC
1691	#CBC4E3	#FDFDFD
1692	#D4CEE8	#FDFDFD
1693	#F8EEED	#FFFFFF
1694	#E7E4F2	#FEFEFE
1695	#FBFAFD	#FFFFFF
1696	#DDD8EC	#FEFEFE
1697	#F2F0F8	#FFFFFF
1698	#B7AFD8	#FDFDFD
1699	#FAF9FC	#FFFFFF
1700	#F8EFED	#FFFFFF
1701	#FAF9FC	#FFFFFF
1702	#F9F8FC	#FFFFFF
1703	#A79DCF	#FBFBFB
1704	#FBFAFD	#FFFFFF
1705	#D4CEE8	#FDFDFD
1706	#D4CEE8	#FDFDFD
1707	#DCD8EC	#FEFEFE
1708	#C3BBDE	#FDFDFD
1709	#C4BDDF	#FCFCFC
1710	#CCC5E3	#FDFDFD
1711	#FEFDFD	#FFFFFF
1713	#E6E3F1	#FEFEFE
1714	#F6F5FA	#FFFFFF
1715	#EEECF6	#FEFEFE
1716	#FEFDFD	#FFFFFF
1717	#A197CC	#FBFBFB
1718	#A79ECF	#FBFBFB
1719	#DDD8EC	#FEFEFE
1720	#F9F8FC	#FFFFFF
1721	#C4BCDF	#FCFCFC
1722	#EEECF6	#FFFFFF
1723	#9085C3	#F9F9F9
1724	#CBC5E3	#FDFDFD
1725	#D4CEE7	#FDFDFD
1726	#F8EEED	#FFFFFF
1727	#BEB6DB	#FCFCFC
1728	#D4CEE7	#FDFDFD
1729	#D8D3EA	#FDFDFD
1730	#EFEDF6	#FEFEFE
1731	#FBF6F6	#FFFFFF
1732	#DED9ED	#FEFEFE
1733	#D3CEE7	#FDFDFD
1734	#DDD8EC	#FEFEFE
1735	#D0CAE6	#FCFCFC
1736	#FBFBFD	#FFFFFF
1737	#EEECF6	#FFFFFF
1738	#BCB3DA	#FAFAFA
1739	#B7AFD8	#FBFBFB
1740	#C6BFE0	#FBFBFB
1741	#F9F8FC	#FFFFFF
1742	#AEA5D3	#FCFCFC
1743	#A197CC	#FBFBFB
1744	#DCD7EC	#FEFEFE
1745	#EFEDF6	#FEFEFE
1746	#FBFAFD	#FFFFFF
1747	#FBF6F6	#FFFFFF
1748	#E9CECB	#FEFEFE
1749	#E8E5F3	#FEFEFE
1750	#E5E1F1	#FEFEFE
1751	#D3CDE7	#FDFDFD
1752	#D5CFE8	#FEFEFE
1753	#FEFDFD	#FFFFFF
1754	#E5E2F1	#FEFEFE
1755	#E8E5F3	#FEFEFE
1756	#C3BBDE	#FDFDFD
1757	#A79DCF	#FBFBFB
1758	#AFA6D3	#FCFCFC
1759	#A79DCF	#FBFBFB
1760	#AFA6D3	#FCFCFC
1761	#EEEBF6	#FFFFFF
1762	#D5CFE8	#FEFEFE
1763	#E1BEBA	#FEFEFE
1764	#FEFDFD	#FFFFFF
1765	#D4CEE8	#FEFEFE
1766	#9A90C8	#FAFAFA
1767	#BDB5DB	#FCFCFC
1769	#D3CEE7	#FDFDFD
1770	#CCC5E3	#FDFDFD
1771	#FBFAFD	#FFFFFF
1772	#B1A8D5	#FAFAFA
1773	#E5E2F1	#FEFEFE
1774	#DDD8ED	#FEFEFE
1775	#C5BDDF	#FCFCFC
1776	#BDB5DB	#FCFCFC
1777	#E6E3F1	#FEFEFE
1778	#DEDAED	#FEFEFE
1779	#E9E5F3	#FEFEFE
1780	#E5E2F1	#FEFEFE
1781	#D4CEE8	#FDFDFD
1782	#DDD8ED	#FEFEFE
1783	#958AC5	#F9F9F9
1784	#E8E5F3	#FEFEFE
1785	#FBF5F4	#FFFFFF
1786	#B7AFD8	#FDFDFD
1787	#A79ECF	#FBFBFB
1788	#BEB6DB	#FCFCFC
1789	#BAB2D9	#F9F9F9
1790	#AFA6D4	#F8F8F8
1791	#CFC9E5	#FBFBFB
1792	#B7AFD8	#FDFDFD
1793	#E5E1F1	#FEFEFE
1794	#EFECF6	#FEFEFE
1795	#A096CB	#FBFBFB
1796	#F6F5FA	#FFFFFF
1797	#DDD8EC	#FEFEFE
1798	#E9E5F3	#FEFEFE
1799	#CCC5E3	#FDFDFD
1800	#D4CFE8	#FDFDFD
1801	#D5CFE8	#FEFEFE
1802	#DCD7EC	#FEFEFE
1803	#9B90C8	#FAFAFA
1804	#D4CEE8	#FDFDFD
1805	#EEECF6	#FEFEFE
1806	#EEECF6	#FFFFFF
1807	#D3A59F	#FCFCFC
1808	#E4E1F1	#FEFEFE
1809	#B1A8D4	#FAFAFA
1810	#FBFAFD	#FFFFFF
1811	#E4E1F1	#FEFEFE
1812	#DDD8EC	#FEFEFE
1814	#EEECF6	#FEFEFE
1815	#FBFAFD	#FFFFFF
1816	#EEECF6	#FFFFFF
1817	#E8CDCA	#FEFEFE
1818	#F6F5FA	#FFFFFF
1819	#D5CFE8	#FEFEFE
1820	#E4E1F0	#FEFEFE
1821	#C4BDDF	#FCFCFC
1822	#F2F0F8	#FFFFFF
1823	#DDD9ED	#FEFEFE
1824	#D4CFE8	#FDFDFD
1825	#D4CFE8	#FDFDFD
1826	#C3BBDE	#FDFDFD
1827	#EFEDF6	#FEFEFE
1828	#C7C0E1	#FCFCFC
1829	#E4E1F1	#FEFEFE
1830	#B7AFD8	#FDFDFD
1831	#F0EDF7	#FFFFFF
1832	#FBF6F5	#FFFFFF
1833	#D4CEE7	#FDFDFD
1834	#FBF7F6	#FFFFFF
1835	#958BC5	#F9F9F9
1836	#DCD7EC	#FEFEFE
1837	#A79ECF	#FBFBFB
1838	#BDB5DB	#FCFCFC
1839	#CCC6E3	#FBFBFB
1840	#B2A9D5	#FAFAFA
1841	#D9D3EA	#FDFDFD
1842	#CFC9E5	#FBFBFB
1843	#DDD8EC	#FEFEFE
1844	#CBC4E3	#FCFCFC
1845	#EDEAF5	#FEFEFE
1846	#FAF9FC	#FFFFFF
1847	#E4E0F0	#FEFEFE
1848	#F9F8FC	#FFFFFF
1849	#B7AFD8	#FDFDFD
1850	#E9E6F3	#FEFEFE
1851	#FBF6F5	#FFFFFF
1852	#DDD8EC	#FEFEFE
1853	#E4E1F1	#FEFEFE
1854	#E1BEB9	#FEFEFE
1855	#E9E5F3	#FEFEFE
1856	#D3CEE7	#FDFDFD
1857	#AFA6D3	#FCFCFC
1858	#DCD8EC	#FEFEFE
1859	#E4E0F0	#FEFEFE
1860	#EFECF6	#FFFFFF
1861	#C3BBDE	#FDFDFD
1862	#C3BBDE	#FDFDFD
1863	#EBD4D0	#FEFEFE
1864	#D4CEE8	#FDFDFD
1865	#EFEDF6	#FEFEFE
1866	#F9F8FC	#FFFFFF
1867	#E4E1F1	#FEFEFE
1868	#A79ECF	#FBFBFB
1870	#FAF9FC	#FFFFFF
1871	#F2F0F8	#FFFFFF
1872	#C7C0E0	#FCFCFC
1873	#DEDAED	#FEFEFE
1874	#A096CB	#FBFBFB
1875	#E2DEEF	#FDFDFD
1876	#E8E5F3	#FEFEFE
1877	#E4E1F1	#FEFEFE
1878	#B2A9D5	#FAFAFA
1879	#E9E6F3	#FEFEFE
1880	#FEFCFC	#FFFFFF
1881	#AFA6D3	#FCFCFC
1882	#D4CEE8	#FDFDFD
1883	#E6E3F1	#FEFEFE
1884	#E6E2F1	#FEFEFE
1885	#7B71B7	#F4F4F4
1886	#EFEDF6	#FEFEFE
1887	#C5BDDF	#FCFCFC
1888	#D3CEE7	#FDFDFD
1889	#ADA3D2	#F8F8F8
1890	#D7D1E9	#FDFDFD
1891	#EDEAF5	#FEFEFE
1892	#DDD8EC	#FDFDFD
1893	#AFA5D3	#FCFCFC
1894	#FBF6F6	#FFFFFF
1895	#D4CFE8	#FEFEFE
1896	#A096CB	#FBFBFB
1897	#EEECF6	#FFFFFF
1898	#EEECF6	#FEFEFE
1899	#D09E98	#FCFCFC
1900	#F2F0F8	#FFFFFF
1901	#C3BBDE	#FDFDFD
1902	#D4CEE8	#FDFDFD
1903	#EBD3D0	#FEFEFE
1904	#E8E5F3	#FEFEFE
1905	#F7EEEC	#FFFFFF
1906	#D4CEE8	#FDFDFD
1907	#BEB6DC	#FCFCFC
1908	#FAF9FC	#FFFFFF
1909	#D3CEE7	#FDFDFD
1910	#B7AFD8	#FDFDFD
1911	#F9F8FC	#FFFFFF
1912	#FAF9FC	#FFFFFF
1915	#BEB6DC	#FCFCFC
1916	#EFECF6	#FFFFFF
1917	#EEECF6	#FFFFFF
1918	#FEFDFD	#FFFFFF
1919	#F1DFDD	#FEFEFE
1920	#FBF6F5	#FFFFFF
1921	#F9F8FC	#FFFFFF
1922	#E8E5F3	#FEFEFE
1923	#E6E2F1	#FEFEFE
1924	#FBFAFD	#FFFFFF
1925	#A79DCF	#FBFBFB
1926	#EFEDF6	#FEFEFE
1927	#EFEDF6	#FEFEFE
1928	#FBFAFD	#FFFFFF
1929	#E5E2F1	#FEFEFE
1930	#E5E1F1	#FEFEFE
1931	#FBFBFD	#FFFFFF
1932	#C3BBDE	#FDFDFD
1933	#EEECF6	#FFFFFF
1934	#DCD8EC	#FEFEFE
1935	#CCC5E3	#FDFDFD
1936	#CBC5E3	#FDFDFD
1937	#DDD8EC	#FEFEFE
1938	#E6E2F1	#FEFEFE
1939	#DDD8EC	#FEFEFE
1940	#F9F8FC	#FFFFFF
1941	#B6ADD7	#FBFBFB
1942	#DEDAED	#FEFEFE
1943	#B7AED8	#FBFBFB
1944	#D5CFE8	#FEFEFE
1945	#D1CBE6	#FCFCFC
1946	#E9CECA	#FEFEFE
1947	#E8E5F3	#FEFEFE
1948	#D4CEE8	#FDFDFD
1949	#F1E0DD	#FEFEFE
1950	#FBFAFD	#FFFFFF
1951	#C3BBDE	#FDFDFD
1952	#FBFAFD	#FFFFFF
1953	#C7C0E0	#FCFCFC
1954	#F8EEED	#FFFFFF
1955	#BDB5DB	#FCFCFC
1956	#EEECF6	#FFFFFF
1957	#AEA5D3	#FCFCFC
1958	#FBFAFD	#FFFFFF
1959	#F8EFED	#FFFFFF
1960	#AEA5D3	#FCFCFC
1961	#E6C8C4	#FDFDFD
1962	#B7AFD8	#FDFDFD
1964	#FAF9FC	#FFFFFF
1965	#FAF9FC	#FFFFFF
1966	#CDC6E4	#FCFCFC
1967	#F9F9FC	#FFFFFF
1968	#F4E6E4	#FEFEFE
1969	#E9E6F3	#FEFEFE
1971	#FAF9FC	#FFFFFF
1972	#F1E0DD	#FEFEFE
1973	#F9F8FC	#FFFFFF
1974	#E5E1F1	#FEFEFE
1975	#FBFAFD	#FFFFFF
1976	#B8AFD8	#FDFDFD
1977	#EDEAF5	#FEFEFE
1978	#EEECF6	#FEFEFE
1979	#E6E2F1	#FEFEFE
1980	#DEDAED	#FEFEFE
1981	#C4BDDF	#FCFCFC
1982	#AEA5D3	#FCFCFC
1983	#DCD7EC	#FEFEFE
1984	#B7AFD8	#FDFDFD
1985	#D7D2EA	#FDFDFD
1986	#C3BBDE	#FDFDFD
1987	#A197CC	#FBFBFB
1988	#D4CEE7	#FDFDFD
1989	#B2A9D5	#FAFAFA
1990	#FBFAFD	#FFFFFF
1991	#FDFBFB	#FFFFFF
1992	#D4CEE8	#FDFDFD
1993	#EAE7F4	#FEFEFE
1994	#E8E5F3	#FEFEFE
1995	#D4CEE8	#FDFDFD
1996	#F5F4FA	#FFFFFF
1997	#ECD5D2	#FEFEFE
1998	#D5CFE8	#FEFEFE
1999	#E6E2F1	#FEFEFE
2000	#F1E0DE	#FEFEFE
2001	#DDD8EC	#FEFEFE
2002	#D4CEE7	#FDFDFD
2003	#DEDAED	#FDFDFD
2004	#D4CEE8	#FDFDFD
2005	#CBC5E3	#FDFDFD
2006	#F7EEEC	#FFFFFF
2007	#B7AFD8	#FDFDFD
2008	#F7EEEC	#FFFFFF
2009	#D3CEE7	#FDFDFD
2010	#E1BEBA	#FEFEFE
2011	#F8EEED	#FFFFFF
2012	#C3BBDE	#FDFDFD
2013	#FAF9FC	#FFFFFF
2014	#E1BEB9	#FEFEFE
2016	#A79DCF	#FBFBFB
2017	#A79ECF	#FBFBFB
2018	#F8EEED	#FFFFFF
2019	#D4CEE7	#FDFDFD
2020	#BEB6DC	#FCFCFC
2021	#E4E1F1	#FEFEFE
2022	#C3BBDE	#FDFDFD
2023	#C3BBDE	#FDFDFD
2024	#EDEAF5	#FEFEFE
2025	#F8EEED	#FFFFFF
2026	#E8E5F3	#FEFEFE
2027	#D3CEE7	#FDFDFD
2028	#CDC7E4	#FCFCFC
2029	#E4E0F0	#FEFEFE
2030	#DCD7EC	#FEFEFE
2031	#EEECF6	#FFFFFF
2032	#F8EEED	#FFFFFF
2033	#AEA5D3	#FCFCFC
2034	#C5BEDF	#FCFCFC
2035	#EFEDF6	#FEFEFE
2036	#DCD7EC	#FEFEFE
2037	#DDD8EC	#FEFEFE
2038	#958AC5	#F9F9F9
2039	#E4E1F1	#FEFEFE
2040	#AFA6D3	#FCFCFC
2041	#EEECF6	#FEFEFE
2042	#CBC4E3	#FCFCFC
2043	#BCB4DB	#FAFAFA
2044	#E5E2F1	#FDFDFD
2045	#F9F8FC	#FFFFFF
2046	#C3BBDE	#FDFDFD
2047	#E4E1F1	#FEFEFE
2048	#FBFAFD	#FFFFFF
2049	#FBFAFD	#FFFFFF
2050	#E9CECB	#FEFEFE
2051	#F9F8FC	#FFFFFF
2052	#EEECF6	#FFFFFF
2053	#DDD8EC	#FEFEFE
2054	#E1BEBA	#FEFEFE
2055	#EBD4D0	#FEFEFE
2056	#C3BBDE	#FDFDFD
2057	#AFA6D3	#FCFCFC
2058	#EFECF6	#FFFFFF
2059	#CCC5E3	#FDFDFD
2060	#D4CEE7	#FDFDFD
2061	#EEECF6	#FFFFFF
2062	#E8E5F3	#FEFEFE
2063	#D4CFE8	#FEFEFE
2064	#D4CEE8	#FDFDFD
2065	#FAFAFD	#FFFFFF
2066	#F8EEED	#FFFFFF
2067	#DCD8EC	#FEFEFE
2068	#E9E5F3	#FEFEFE
2069	#EEEBF6	#FFFFFF
2070	#EFECF6	#FEFEFE
2072	#CCC5E3	#FDFDFD
2073	#AEA5D3	#FCFCFC
2074	#C6BFE0	#FBFBFB
2075	#D5CFE8	#FDFDFD
2076	#DDD8EC	#FEFEFE
2077	#C3BBDE	#FDFDFD
2078	#A096CB	#FBFBFB
2079	#EEECF6	#FFFFFF
2080	#A79ECF	#FBFBFB
2081	#EEECF6	#FFFFFF
2082	#D4CEE7	#FDFDFD
2083	#FEFDFD	#FFFFFF
2084	#B8AFD8	#FDFDFD
2085	#F6F5FA	#FFFFFF
2086	#FAF9FC	#FFFFFF
2087	#C1B9DD	#FBFBFB
2088	#E8E5F2	#FEFEFE
2089	#BCB4DB	#FBFBFB
2090	#C4BDDF	#FCFCFC
2091	#958BC5	#F9F9F9
2092	#CAC3E2	#FBFBFB
2093	#E9E5F3	#FEFEFE
2094	#ECEAF5	#FEFEFE
2095	#CCC5E3	#FDFDFD
2096	#EEECF6	#FFFFFF
2097	#E9CECB	#FEFEFE
2098	#DDD8EC	#FEFEFE
2099	#D8D3EA	#FCFCFC
2100	#F6F4FA	#FFFFFF
2101	#C3BBDE	#FDFDFD
2102	#EFECF6	#FEFEFE
2103	#E9E5F3	#FEFEFE
2104	#D4CEE8	#FDFDFD
2105	#A79ECF	#FBFBFB
2106	#E9E6F3	#FEFEFE
2107	#F4E6E4	#FEFEFE
2108	#E4E1F1	#FEFEFE
2109	#8B81C0	#F8F8F8
2110	#FBF6F5	#FFFFFF
2111	#D3CDE7	#FDFDFD
2112	#EBD4D0	#FEFEFE
2113	#E0BEB9	#FEFEFE
2114	#EEECF6	#FFFFFF
2115	#F9F8FC	#FFFFFF
2117	#CCC5E3	#FDFDFD
2118	#C3BBDE	#FDFDFD
2119	#C3BBDE	#FDFDFD
2120	#CDC7E4	#FDFDFD
2121	#FAF9FC	#FFFFFF
2122	#E4E0F0	#FEFEFE
2123	#CBC5E3	#FDFDFD
2124	#A197CC	#FBFBFB
2125	#C4BDDF	#FCFCFC
2126	#EFECF6	#FEFEFE
2127	#EDEBF5	#FEFEFE
2128	#DDD8EC	#FEFEFE
2129	#D3CDE7	#FDFDFD
2130	#F4E5E4	#FEFEFE
2131	#D4CEE7	#FDFDFD
2132	#DDD8ED	#FEFEFE
2133	#A399CD	#F8F8F8
2134	#C5BDDF	#FCFCFC
2135	#EDEAF5	#FEFEFE
2136	#968BC6	#F9F9F9
2137	#AFA6D3	#FCFCFC
2138	#D4CFE8	#FDFDFD
2139	#D4CEE8	#FDFDFD
2140	#CCC6E3	#FDFDFD
2141	#DCD8EC	#FEFEFE
2142	#AFA6D3	#FCFCFC
2143	#FAFAFD	#FFFFFF
2144	#E4E1F1	#FEFEFE
2145	#D3CEE7	#FDFDFD
2146	#FBFBFD	#FFFFFF
2147	#E6E2F1	#FEFEFE
2148	#A89ECF	#FBFBFB
2149	#CCC5E3	#FDFDFD
2150	#FBF6F6	#FFFFFF
2151	#B7AFD8	#FDFDFD
2152	#DDD8EC	#FEFEFE
2153	#F7EEEC	#FFFFFF
2154	#EEECF6	#FFFFFF
2155	#C3BBDE	#FDFDFD
2156	#CCC5E3	#FDFDFD
2157	#FAF9FC	#FFFFFF
2158	#F8EEED	#FFFFFF
2159	#D3CEE7	#FDFDFD
2160	#E9E5F3	#FEFEFE
2161	#E8E5F3	#FEFEFE
2162	#F8EEED	#FFFFFF
2163	#FAF9FC	#FFFFFF
2164	#D3CDE7	#FDFDFD
2165	#FBF6F5	#FFFFFF
2166	#ECEAF5	#FEFEFE
2167	#FBFBFD	#FFFFFF
2168	#C3BBDE	#FDFDFD
2169	#EFEDF6	#FEFEFE
2170	#EFEDF6	#FEFEFE
2171	#D4CEE8	#FDFDFD
2173	#B7AED8	#FDFDFD
2174	#9B90C8	#FAFAFA
2175	#D2CDE7	#FCFCFC
2176	#B8AFD8	#FDFDFD
2177	#E4E1F1	#FEFEFE
2178	#E5E1F1	#FEFEFE
2179	#FEFDFC	#FFFFFF
2180	#C3BBDE	#FDFDFD
2181	#F1EFF8	#FFFFFF
2182	#FAF9FC	#FFFFFF
2183	#FBF6F6	#FFFFFF
2184	#F9F8FC	#FFFFFF
2185	#B7AFD8	#FBFBFB
2186	#F6F5FA	#FFFFFF
2187	#DDD8ED	#FEFEFE
2188	#A89ECF	#FBFBFB
2189	#C4BDDF	#FCFCFC
2190	#EFECF6	#FEFEFE
2191	#CCC6E3	#FDFDFD
2192	#EEECF6	#FFFFFF
2193	#C4BDDF	#FCFCFC
2194	#EFECF6	#FEFEFE
2195	#EFECF6	#FEFEFE
2196	#ECD6D3	#FEFEFE
2197	#AFA6D3	#FCFCFC
2198	#D1CBE6	#FCFCFC
2199	#EFECF6	#FFFFFF
2200	#F6F4FA	#FFFFFF
2201	#AFA5D3	#FCFCFC
2202	#E8E5F3	#FEFEFE
2203	#EEECF6	#FFFFFF
2204	#EEECF6	#FFFFFF
2205	#E1BEB9	#FEFEFE
2206	#FBF6F5	#FFFFFF
2207	#B7AFD8	#FDFDFD
2208	#AFA6D3	#FCFCFC
2209	#EEECF6	#FFFFFF
2210	#E6E3F2	#FEFEFE
2211	#A79DCF	#FBFBFB
2212	#EBD4D0	#FEFEFE
2213	#F7EEEC	#FFFFFF
2214	#EBD4D0	#FEFEFE
2215	#AEA5D3	#FCFCFC
2216	#D5CFE8	#FDFDFD
2218	#E8E5F3	#FEFEFE
2219	#FAF9FC	#FFFFFF
2220	#E6E3F2	#FEFEFE
2221	#D4A59F	#FCFCFC
2222	#F6F5FA	#FFFFFF
2223	#B7AFD8	#FBFBFB
2224	#CBC5E3	#FDFDFD
2225	#CDC6E4	#FCFCFC
2226	#DBD7EC	#FEFEFE
2227	#E6E2F1	#FEFEFE
2228	#F8EFED	#FFFFFF
2229	#E8E5F3	#FEFEFE
2230	#C4BDDF	#FCFCFC
2231	#FAFAFD	#FFFFFF
2232	#FAF9FC	#FFFFFF
2233	#B7AFD8	#FDFDFD
2234	#D5CFE8	#FDFDFD
2235	#E4E1F1	#FEFEFE
2236	#FAF9FC	#FFFFFF
2237	#FEFCFC	#FFFFFF
2238	#D8D3EA	#FDFDFD
2239	#DCD8EC	#FEFEFE
2240	#CCC5E3	#FDFDFD
2241	#AFA5D3	#FCFCFC
2242	#F7ECEB	#FFFFFF
2243	#FBFAFD	#FFFFFF
2244	#D3CEE7	#FDFDFD
2245	#EEECF6	#FEFEFE
2246	#D2CDE7	#FCFCFC
2247	#C3BBDE	#FDFDFD
2248	#F2F0F8	#FFFFFF
2249	#AEA5D3	#FCFCFC
2250	#BDB5DB	#FCFCFC
2251	#C3BBDE	#FDFDFD
2252	#C3BBDE	#FDFDFD
2253	#FCFBFD	#FFFFFF
2254	#CBC5E3	#FDFDFD
2255	#B7AFD8	#FDFDFD
2256	#D9B0AB	#FDFDFD
2257	#AFA6D3	#FCFCFC
2258	#FAFAFD	#FFFFFF
2259	#FDFCFE	#FFFFFF
2260	#E3E0F0	#FEFEFE
2261	#FAFAFD	#FFFFFF
2262	#F1DFDD	#FEFEFE
2263	#FAF9FC	#FFFFFF
2264	#D4CFE8	#FEFEFE
2265	#FAF9FC	#FFFFFF
2266	#F7F6FB	#FFFFFF
2267	#B7AFD8	#FDFDFD
2268	#E9E5F3	#FEFEFE
2269	#D3CEE7	#FDFDFD
2270	#FBFBFD	#FFFFFF
2271	#C4BDDF	#FCFCFC
2272	#FDFBFB	#FFFFFF
2274	#A79ECF	#FBFBFB
2275	#FBFAFD	#FFFFFF
2276	#DCD8EC	#FEFEFE
2277	#E1BEB9	#FEFEFE
2278	#F8EEED	#FFFFFF
2279	#D5CFE8	#FEFEFE
2280	#E4E0F0	#FEFEFE
2281	#C3BBDE	#FDFDFD
2282	#AFA6D3	#FCFCFC
2283	#CCC6E4	#FCFCFC
2284	#F1E0DE	#FEFEFE
2285	#FBF6F6	#FFFFFF
2286	#FBFAFD	#FFFFFF
2287	#F9F8FC	#FFFFFF
2288	#DDD9ED	#FEFEFE
2289	#B8B0D8	#FBFBFB
2290	#B7AFD8	#FDFDFD
2292	#E9E5F3	#FEFEFE
2293	#A096CB	#FBFBFB
2294	#C3BBDE	#FDFDFD
2295	#FBFBFD	#FFFFFF
2296	#FBFAFD	#FFFFFF
2297	#CDC6E4	#FCFCFC
2298	#F1DFDD	#FEFEFE
2299	#C3BBDE	#FDFDFD
2300	#B7AFD8	#FDFDFD
2301	#BDB5DB	#FCFCFC
2302	#FBFAFD	#FFFFFF
2303	#D4CFE8	#FEFEFE
2304	#EFEDF6	#FFFFFF
2305	#D4CEE7	#FDFDFD
2306	#F9F9FC	#FFFFFF
2307	#EFECF6	#FEFEFE
2308	#EFEDF6	#FEFEFE
2310	#D4CFE8	#FEFEFE
2311	#E4E0F0	#FEFEFE
2312	#EBD4D0	#FEFEFE
2313	#B7AFD8	#FDFDFD
2314	#EFEDF6	#FEFEFE
2315	#D5CFE8	#FEFEFE
2316	#FAF9FC	#FFFFFF
2317	#EFECF6	#FEFEFE
2319	#EEECF6	#FFFFFF
2320	#CBC4E3	#FDFDFD
2321	#E4E1F1	#FEFEFE
2322	#FBF6F5	#FFFFFF
2323	#FBFAFD	#FFFFFF
2324	#C4BDDF	#FCFCFC
2325	#CCC5E3	#FDFDFD
2326	#E4E1F1	#FEFEFE
2327	#EBD4D0	#FEFEFE
2328	#F8EFED	#FFFFFF
2329	#FAF9FC	#FFFFFF
2330	#FAF9FC	#FFFFFF
2331	#E4E0F0	#FEFEFE
2332	#E5E1F1	#FEFEFE
2333	#C4BDDF	#FCFCFC
2334	#DDD8EC	#FEFEFE
2335	#FAF9FC	#FFFFFF
2336	#CCC5E3	#FDFDFD
2337	#EFECF6	#FEFEFE
2338	#EBD4D0	#FEFEFE
2339	#DDD8EC	#FEFEFE
2340	#FBF6F5	#FFFFFF
2341	#D9B0AB	#FDFDFD
2342	#FBF7F6	#FFFFFF
2343	#FEFDFD	#FFFFFF
2344	#FBF6F6	#FFFFFF
2345	#A79ECF	#FBFBFB
2346	#FBF6F5	#FFFFFF
2347	#E9E6F3	#FEFEFE
2348	#DDD8EC	#FEFEFE
2349	#EBD4D0	#FEFEFE
2350	#E1BEBA	#FEFEFE
2351	#C3BBDE	#FDFDFD
2352	#EEECF6	#FFFFFF
2353	#EAE7F4	#FEFEFE
2354	#FAFAFC	#FFFFFF
2355	#FAF9FC	#FFFFFF
2356	#F6F5FA	#FFFFFF
2357	#D3CEE7	#FDFDFD
2358	#FAF9FC	#FFFFFF
2359	#E9E5F3	#FEFEFE
2360	#EFECF6	#FFFFFF
2361	#FAF9FC	#FFFFFF
2362	#A79DCF	#FBFBFB
2363	#D5CFE8	#FEFEFE
2364	#C4BDDF	#FCFCFC
2365	#EDEBF6	#FEFEFE
2366	#B7AFD8	#FDFDFD
2367	#C3BBDE	#FDFDFD
2368	#A197CC	#FBFBFB
2369	#E5E2F1	#FEFEFE
2370	#EEECF6	#FFFFFF
2371	#DDD8EC	#FEFEFE
2372	#F1DFDC	#FEFEFE
2373	#F8EEED	#FFFFFF
2375	#FAF9FC	#FFFFFF
2376	#C4BCDF	#FCFCFC
2377	#FBFAFD	#FFFFFF
2378	#CDC6E4	#FCFCFC
2379	#F4E5E3	#FEFEFE
2380	#B1A8D5	#FAFAFA
2381	#DEDAED	#FEFEFE
2382	#D4CEE8	#FDFDFD
2383	#DCD7EC	#FEFEFE
2384	#D4CEE8	#FCFCFC
2385	#CBC5E3	#FDFDFD
2386	#A197CC	#FBFBFB
2387	#BDB5DB	#FCFCFC
2388	#D8D3EA	#FDFDFD
2389	#E8E5F3	#FEFEFE
2390	#EFEDF6	#FFFFFF
2391	#A89ED0	#FBFBFB
2392	#C3BBDE	#FDFDFD
2393	#DCD7EC	#FEFEFE
2394	#F6F5FA	#FFFFFF
2395	#EBD4D0	#FEFEFE
2396	#C4BDDF	#FCFCFC
2397	#E4E0F0	#FEFEFE
2398	#FBFBFD	#FFFFFF
2399	#8F85C2	#F8F8F8
2400	#DED9ED	#FDFDFD
2401	#FBF6F6	#FFFFFF
2402	#F8EEED	#FFFFFF
2403	#D4CFE8	#FEFEFE
2404	#F8EEED	#FFFFFF
2405	#FBFAFD	#FFFFFF
2406	#DDD8EC	#FEFEFE
2407	#AFA6D3	#FCFCFC
2408	#AEA5D3	#FCFCFC
2409	#F9F8FC	#FFFFFF
2410	#FAFAFC	#FFFFFF
2411	#E4E1F1	#FEFEFE
2412	#CCC5E3	#FDFDFD
2413	#E8CECA	#FEFEFE
2414	#E1BEBA	#FEFEFE
2415	#D9B0AB	#FDFDFD
2416	#E4E0F0	#FEFEFE
2417	#E6E3F1	#FEFEFE
2418	#DDD8EC	#FEFEFE
2420	#C3BBDE	#FDFDFD
2421	#F5F4FA	#FFFFFF
2422	#D3CEE7	#FDFDFD
2423	#D3CDE7	#FDFDFD
2424	#E8E5F3	#FEFEFE
2425	#EBE8F4	#FEFEFE
2426	#C6BFE0	#FCFCFC
2427	#DCD8EC	#FEFEFE
2428	#D9AFAA	#FDFDFD
2429	#CCC5E3	#FDFDFD
2430	#9086C3	#F9F9F9
2431	#E8E5F3	#FEFEFE
2432	#F8EFED	#FFFFFF
2433	#CCC5E3	#FDFDFD
2434	#F7F5FA	#FFFFFF
2435	#DDD8EC	#FDFDFD
2436	#B8AFD8	#FDFDFD
2437	#D4CEE7	#FDFDFD
2438	#C4BDDF	#FCFCFC
2439	#E5E1F1	#FEFEFE
2440	#D1CBE6	#FCFCFC
2441	#CDC7E4	#FDFDFD
2442	#FBFAFD	#FFFFFF
2443	#FAF9FC	#FFFFFF
2444	#ECD5D2	#FEFEFE
2445	#DCD7EC	#FEFEFE
2446	#EEECF6	#FFFFFF
2447	#D4CEE8	#FDFDFD
2448	#CCC5E3	#FDFDFD
2449	#E4E0F0	#FEFEFE
2450	#C4BCDF	#FCFCFC
2451	#DDD8EC	#FEFEFE
2452	#E4E0F0	#FEFEFE
2453	#E7E4F2	#FEFEFE
2454	#D5CFE8	#FEFEFE
2455	#F8EEED	#FFFFFF
2456	#E8E5F3	#FEFEFE
2457	#E8E5F3	#FEFEFE
2458	#EFECF6	#FFFFFF
2459	#EFEDF6	#FEFEFE
2460	#DDD8EC	#FEFEFE
2461	#EFECF6	#FFFFFF
2462	#EBD4D0	#FEFEFE
2463	#FBFAFD	#FFFFFF
2464	#D5CFE8	#FEFEFE
2465	#FBFAFD	#FFFFFF
2466	#B7AFD8	#FDFDFD
2467	#FAF9FC	#FFFFFF
2468	#ECD5D2	#FEFEFE
2469	#FBFAFD	#FFFFFF
2470	#E4E1F1	#FEFEFE
2471	#DCD7EC	#FEFEFE
2472	#C6BFE0	#FCFCFC
2473	#FAF9FC	#FFFFFF
2474	#AFA6D3	#FCFCFC
2476	#CDC6E4	#FCFCFC
2477	#CBC5E3	#FDFDFD
2478	#FAF9FC	#FFFFFF
2479	#C3BBDE	#FDFDFD
2480	#DDD8EC	#FEFEFE
2481	#D4CEE7	#FDFDFD
2482	#F7ECEB	#FFFFFF
2483	#E8E5F3	#FEFEFE
2484	#FBFAFD	#FFFFFF
2485	#EFECF6	#FEFEFE
2486	#D3CDE7	#FCFCFC
2487	#B7AFD8	#FDFDFD
2488	#FFFFFF	#FFFFFF
2489	#D7D2E9	#FDFDFD
2490	#FBFAFD	#FFFFFF
2491	#EEEBF6	#FFFFFF
2492	#DDD8EC	#FEFEFE
2493	#B7AFD8	#FDFDFD
2494	#CCC5E3	#FDFDFD
2495	#C7BFE0	#FCFCFC
2496	#D4CEE8	#FDFDFD
2497	#AEA5D3	#FCFCFC
2498	#D3CDE7	#FDFDFD
2499	#DBD7EC	#FEFEFE
2500	#D3CEE7	#FDFDFD
2501	#E6E2F1	#FEFEFE
2502	#C5BDDF	#FCFCFC
2503	#EAE7F4	#FEFEFE
2504	#B7AFD8	#FDFDFD
2505	#F7ECEB	#FFFFFF
2506	#FAF9FC	#FFFFFF
2507	#C5BEDF	#FAFAFA
2508	#D5CFE8	#FEFEFE
2509	#E6E2F1	#FEFEFE
2510	#DDD8EC	#FEFEFE
2511	#B8AFD8	#FBFBFB
2512	#AFA5D3	#FCFCFC
2513	#FBFAFD	#FFFFFF
2514	#E9E5F3	#FEFEFE
2515	#AFA5D3	#FCFCFC
2516	#E8E5F3	#FEFEFE
2517	#CBC5E3	#FDFDFD
2518	#F1E0DE	#FEFEFE
2519	#E5E1F1	#FEFEFE
2521	#FBFAFD	#FFFFFF
2522	#C2BBDE	#FAFAFA
2523	#FEFDFD	#FFFFFF
2524	#F9F8FC	#FFFFFF
2525	#A79DCF	#FBFBFB
2526	#EDEBF5	#FEFEFE
2527	#E5E2F1	#FEFEFE
2528	#CCC6E3	#FBFBFB
2529	#E8E5F3	#FEFEFE
2530	#DDD8EC	#FEFEFE
2531	#CCC5E3	#FDFDFD
2532	#E4C4C0	#FDFDFD
2533	#FAF9FC	#FFFFFF
2534	#E8E4F2	#FEFEFE
2535	#DDD8ED	#FEFEFE
2536	#F7EDEC	#FEFEFE
2537	#FBFBFD	#FFFFFF
2538	#EDEAF5	#FEFEFE
2539	#DEDAED	#FEFEFE
2540	#D4CEE7	#FDFDFD
2541	#D4CEE8	#FEFEFE
2542	#AFA5D3	#FCFCFC
2543	#FBF6F6	#FFFFFF
2544	#C3BBDE	#FDFDFD
2545	#C4BDDF	#FCFCFC
2546	#DDD9ED	#FEFEFE
2547	#C5BDDF	#FCFCFC
2548	#E4E1F1	#FEFEFE
2549	#D8D2EA	#FDFDFD
2550	#F4E5E3	#FEFEFE
2551	#F7ECEB	#FFFFFF
2552	#FAF9FC	#FFFFFF
2553	#F2E1DE	#FEFEFE
2554	#E4E0F0	#FEFEFE
2555	#B7AFD8	#FDFDFD
2556	#E8E5F3	#FEFEFE
2557	#C3BBDE	#FDFDFD
2559	#D4CEE8	#FDFDFD
2560	#EEEBF6	#FFFFFF
2561	#EEECF6	#FFFFFF
2562	#FEFCFC	#FFFFFF
2563	#D4CFE8	#FEFEFE
2564	#E8E5F3	#FEFEFE
2566	#EFECF6	#FEFEFE
2567	#F1E0DD	#FEFEFE
2568	#EEECF6	#FFFFFF
2569	#D1CBE6	#FCFCFC
2570	#DCD8EC	#FEFEFE
2571	#C7C0E0	#FCFCFC
2572	#E3E0F0	#FEFEFE
2573	#D4CFE8	#FEFEFE
2574	#D5CFE8	#FEFEFE
2575	#FBF5F5	#FFFFFF
2577	#FAF9FC	#FFFFFF
2578	#DED9ED	#FDFDFD
2579	#FBF6F6	#FFFFFF
2580	#FBFAFD	#FFFFFF
2581	#E9E6F3	#FEFEFE
2582	#D4CEE8	#FDFDFD
2583	#FBFAFD	#FFFFFF
2584	#FAFAFD	#FFFFFF
2585	#DDD8EC	#FEFEFE
2586	#E9E5F3	#FEFEFE
2587	#FBFAFD	#FFFFFF
2588	#E6E3F2	#FEFEFE
2589	#FBF5F4	#FFFFFF
2590	#EEECF6	#FFFFFF
2591	#EFECF6	#FFFFFF
2592	#A197CC	#FBFBFB
2593	#B7AFD8	#FDFDFD
2594	#E6E2F1	#FEFEFE
2595	#FAF9FC	#FFFFFF
2596	#BDB5DB	#FCFCFC
2597	#DEDAED	#FEFEFE
2598	#E5E2F1	#FEFEFE
2599	#C7C0E1	#FCFCFC
2600	#FBFAFD	#FFFFFF
2601	#DDD8EC	#FEFEFE
2602	#CCC5E3	#FDFDFD
2603	#988EC7	#F5F5F5
2604	#B8AFD8	#FDFDFD
2605	#D4CEE7	#FDFDFD
2606	#ECD5D2	#FEFEFE
2607	#FBFAFD	#FFFFFF
2608	#FAFAFC	#FFFFFF
2609	#FAFAFC	#FFFFFF
2610	#D3CEE7	#FDFDFD
2611	#F8EEED	#FFFFFF
2612	#F1DFDD	#FEFEFE
2613	#D5CFE8	#FEFEFE
2614	#D5CFE8	#FEFEFE
2615	#E8E5F3	#FEFEFE
2616	#B7AFD8	#FDFDFD
2617	#D4CFE8	#FEFEFE
2618	#B2AAD5	#FAFAFA
2619	#EEEBF6	#FFFFFF
2620	#A79DCF	#FBFBFB
2622	#EEECF6	#FEFEFE
2623	#E6E3F2	#FEFEFE
2624	#DEDAED	#FDFDFD
2625	#EBD4D0	#FEFEFE
2626	#FEFDFD	#FFFFFF
2627	#EBD4D0	#FEFEFE
2628	#D4CEE8	#FEFEFE
2629	#CBC5E3	#FDFDFD
2630	#F7EDEC	#FFFFFF
2631	#D4CFE8	#FEFEFE
2632	#C3BBDE	#FDFDFD
2633	#F6F5FA	#FFFFFF
2634	#DCD7EC	#FEFEFE
2635	#DED9ED	#FEFEFE
2636	#A197CC	#FBFBFB
2637	#A197CC	#FBFBFB
2638	#F9F8FC	#FFFFFF
2639	#D2CCE7	#FCFCFC
2640	#E8E5F3	#FEFEFE
2641	#D4CFE8	#FEFEFE
2642	#DDD8EC	#FEFEFE
2643	#D4CFE8	#FDFDFD
2644	#E8E5F3	#FEFEFE
2645	#DED9ED	#FEFEFE
2646	#E9E6F3	#FEFEFE
2647	#E5E1F1	#FEFEFE
2648	#DCD7EC	#FEFEFE
2649	#ECE9F5	#FEFEFE
2650	#F7EDEB	#FFFFFF
2651	#CDC6E4	#FCFCFC
2652	#FAFAFC	#FFFFFF
2653	#FBFAFD	#FFFFFF
2654	#E8E5F3	#FEFEFE
2655	#D4CFE8	#FDFDFD
2656	#FBF6F6	#FFFFFF
2657	#9186C3	#F9F9F9
2658	#DCD8EC	#FEFEFE
2659	#B7AFD8	#FDFDFD
2660	#CBC5E3	#FDFDFD
2661	#DCD7EC	#FEFEFE
2662	#EFEDF6	#FEFEFE
2663	#F1DFDD	#FEFEFE
2665	#B7AED8	#FDFDFD
2666	#FEFDFC	#FFFFFF
2667	#EAE7F4	#FEFEFE
2668	#FBF6F5	#FFFFFF
2669	#C8C1E1	#FCFCFC
2670	#FBF6F6	#FFFFFF
2671	#F8EEED	#FFFFFF
2672	#C6BFE0	#FCFCFC
2673	#DCD7EC	#FEFEFE
2674	#DBD7EC	#FEFEFE
2675	#E5E1F1	#FEFEFE
2676	#FBF6F6	#FFFFFF
2678	#DDD8ED	#FEFEFE
2679	#FBF7F6	#FFFFFF
2680	#C3BBDE	#FDFDFD
2681	#FAF9FC	#FFFFFF
2682	#E9E5F3	#FEFEFE
2683	#AFA5D3	#FCFCFC
2684	#FEFCFB	#FFFFFF
2685	#F0EDF7	#FFFFFF
2686	#E4E1F1	#FEFEFE
2687	#C4BDDF	#FCFCFC
2688	#D6D1E9	#FDFDFD
2689	#CEC7E4	#FDFDFD
2690	#DED9ED	#FEFEFE
2691	#F2F0F8	#FEFEFE
2692	#AEA5D3	#FCFCFC
2693	#E4E0F0	#FEFEFE
2694	#AFA6D3	#FCFCFC
2695	#D3CEE7	#FDFDFD
2696	#EBD4D0	#FEFEFE
2697	#F6F4FA	#FFFFFF
2698	#C4BDDF	#FCFCFC
2699	#D7D2E9	#FDFDFD
2700	#F6E9E8	#FEFEFE
2701	#FEFDFD	#FFFFFF
2702	#B7AFD8	#FDFDFD
2703	#ECD5D2	#FEFEFE
2704	#E5E1F1	#FEFEFE
2705	#AEA5D3	#FCFCFC
2706	#E5E1F1	#FEFEFE
2707	#D8D2EA	#FDFDFD
2708	#B7AFD8	#FDFDFD
2709	#D3CEE7	#FDFDFD
2710	#FAF9FC	#FFFFFF
2711	#B7AFD8	#FDFDFD
2712	#D3CDE7	#FCFCFC
2713	#B7AFD8	#FDFDFD
2714	#D5CFE8	#FEFEFE
2715	#E9E5F3	#FEFEFE
2716	#C3BCDF	#FCFCFC
2717	#C3BBDE	#FDFDFD
2718	#F1DFDD	#FEFEFE
2719	#C5BEDF	#FCFCFC
2720	#FAFAFC	#FFFFFF
2721	#9B90C8	#FAFAFA
2723	#FDFAFA	#FFFFFF
2724	#AFA6D3	#FCFCFC
2726	#B7AFD8	#FDFDFD
2727	#DDD8ED	#FEFEFE
2728	#D5CFE8	#FEFEFE
2730	#DDD8EC	#FEFEFE
2731	#A79DCF	#FBFBFB
2732	#D5CFE8	#FEFEFE
2733	#D4CFE8	#FEFEFE
2734	#EFECF6	#FFFFFF
2735	#FAFAFD	#FFFFFF
2736	#EFECF6	#FFFFFF
2737	#EBD4D0	#FEFEFE
2738	#E5E2F1	#FEFEFE
2739	#9B91C9	#FAFAFA
2740	#D4CEE7	#FDFDFD
2741	#CBC5E3	#FDFDFD
2742	#A197CC	#FBFBFB
2743	#EEECF6	#FFFFFF
2744	#CCC5E3	#FDFDFD
2745	#D4CEE8	#FDFDFD
2746	#CBC5E3	#FDFDFD
2747	#D3CEE7	#FDFDFD
2748	#DCD8EC	#FEFEFE
2749	#D8D2EA	#FDFDFD
2750	#FAF9FC	#FFFFFF
2751	#F8EEED	#FFFFFF
2752	#F5F4FA	#FFFFFF
2753	#F2F0F8	#FFFFFF
2754	#E1BEBA	#FEFEFE
2755	#FBFAFD	#FFFFFF
2756	#F4E6E4	#FEFEFE
2757	#DCD8EC	#FEFEFE
2758	#E8E5F3	#FEFEFE
2759	#A79ECF	#FBFBFB
2760	#BDB5DB	#FCFCFC
2761	#B7AFD8	#FDFDFD
2762	#C3BBDE	#FDFDFD
2763	#DED9ED	#FEFEFE
2764	#C3BBDE	#FDFDFD
2765	#BEB6DB	#FCFCFC
2766	#C7C0E0	#FCFCFC
2767	#E5E2F1	#FEFEFE
2768	#F9F9FC	#FFFFFF
2769	#CCC5E3	#FCFCFC
2770	#FAF9FC	#FFFFFF
2771	#AFA5D3	#FCFCFC
2772	#D3CEE7	#FDFDFD
2773	#F9F2F1	#FFFFFF
2774	#AFA6D3	#FCFCFC
2775	#FBFAFD	#FFFFFF
2776	#A197CC	#FBFBFB
2777	#EFECF6	#FFFFFF
2779	#FAF9FC	#FFFFFF
2780	#D3CEE7	#FDFDFD
2781	#FBFAFD	#FFFFFF
2782	#EFECF6	#FEFEFE
2783	#B7AFD8	#FDFDFD
2784	#F7EDEC	#FFFFFF
2785	#DDD8EC	#FEFEFE
2786	#C3BBDE	#FDFDFD
2787	#F7EEEC	#FFFFFF
2788	#DCD8EC	#FEFEFE
2789	#958AC5	#F9F9F9
2790	#D3CEE7	#FDFDFD
2791	#F7F5FA	#FFFFFF
2792	#D4CFE8	#FDFDFD
2793	#CDC7E4	#FCFCFC
2794	#D9D4EA	#FDFDFD
2795	#DCD7EC	#FEFEFE
2796	#D4CFE8	#FDFDFD
2797	#EFECF6	#FEFEFE
2798	#CAC3E2	#FBFBFB
2799	#ECD5D2	#FEFEFE
2800	#F4E5E4	#FEFEFE
2801	#D4CFE8	#FDFDFD
2802	#EFECF6	#FEFEFE
2803	#F6F5FA	#FFFFFF
2804	#F7ECEB	#FFFFFF
2805	#C3BBDE	#FDFDFD
2806	#FBFAFD	#FFFFFF
2807	#D4CEE7	#FDFDFD
2808	#D8D2EA	#FDFDFD
2809	#A79ECF	#FBFBFB
2810	#ECEAF5	#FEFEFE
2811	#EFECF6	#FFFFFF
2812	#DDD8EC	#FEFEFE
2813	#CDC6E4	#FCFCFC
2814	#D9B0AA	#FDFDFD
2815	#FEFDFD	#FFFFFF
2816	#FBFAFD	#FFFFFF
2817	#E9E6F3	#FEFEFE
2818	#AFA5D3	#FCFCFC
2819	#DEDAED	#FDFDFD
2820	#D5CFE8	#FEFEFE
2821	#E1BEB9	#FEFEFE
2822	#E8E5F3	#FEFEFE
2824	#FDFBFB	#FFFFFF
2825	#C3BBDE	#FDFDFD
2826	#A197CC	#FBFBFB
2827	#BDB5DB	#FCFCFC
2828	#FAF9FC	#FFFFFF
2830	#D4CFE8	#FEFEFE
2831	#EBD4D0	#FEFEFE
2832	#CCC5E3	#FDFDFD
2833	#DDD8ED	#FEFEFE
2834	#BEB6DC	#FCFCFC
2835	#A79DCF	#FBFBFB
2836	#FBFAFD	#FFFFFF
2837	#EEEBF6	#FFFFFF
2838	#9085C2	#F9F9F9
2839	#EEECF6	#FEFEFE
2840	#DDD8EC	#FEFEFE
2841	#EFEDF6	#FEFEFE
2842	#958BC5	#F9F9F9
2843	#BDB5DB	#FCFCFC
2844	#E2DEEF	#FDFDFD
2845	#EFEDF6	#FEFEFE
2846	#CCC5E3	#FDFDFD
2847	#A096CB	#FBFBFB
2848	#9B91C8	#FAFAFA
2849	#DDD8EC	#FEFEFE
2850	#CCC5E3	#FDFDFD
2851	#DCD7EC	#FEFEFE
2852	#E6E2F1	#FEFEFE
2853	#E8E5F3	#FEFEFE
2854	#DCD7EC	#FEFEFE
2855	#A79DCF	#FBFBFB
2856	#F1E0DE	#FEFEFE
2858	#E8E5F3	#FEFEFE
2859	#DEDAED	#FDFDFD
2860	#DDD8EC	#FEFEFE
2861	#F8EEED	#FFFFFF
2862	#AEA5D3	#FCFCFC
2863	#EBD4D0	#FEFEFE
2864	#D4CEE8	#FDFDFD
2865	#FAF9FC	#FFFFFF
2866	#DDD8EC	#FEFEFE
2867	#D8D2EA	#FDFDFD
2868	#ECEAF5	#FEFEFE
2869	#F8EEED	#FFFFFF
2870	#E4E0F0	#FEFEFE
2871	#CCC5E3	#FDFDFD
2872	#F8EEED	#FFFFFF
2873	#F8EFED	#FFFFFF
2874	#F4E6E4	#FEFEFE
2875	#AFA5D3	#FCFCFC
2876	#C3BBDE	#FDFDFD
2877	#E8E5F3	#FEFEFE
2878	#CBC5E3	#FDFDFD
2881	#D5CFE8	#FEFEFE
2882	#FBF6F5	#FFFFFF
2883	#B2A9D5	#FAFAFA
2884	#F1E0DE	#FEFEFE
2885	#F4E5E3	#FEFEFE
2886	#C3BBDE	#FDFDFD
2887	#EEECF6	#FFFFFF
2888	#CBC4E3	#FDFDFD
2889	#EEECF6	#FFFFFF
2890	#F6F5FA	#FFFFFF
2891	#D4CFE8	#FEFEFE
2892	#F8EFED	#FFFFFF
2893	#DCD7EC	#FEFEFE
2894	#F6F5FA	#FFFFFF
2895	#D3CDE7	#FDFDFD
2896	#FBFAFD	#FFFFFF
2897	#CF9E97	#FCFCFC
2898	#AEA5D3	#FCFCFC
2899	#E6E3F2	#FEFEFE
2900	#F7EDEB	#FFFFFF
2901	#FBFAFD	#FFFFFF
2902	#DDD8ED	#FDFDFD
2903	#D4CFE8	#FEFEFE
2904	#FAF9FC	#FFFFFF
2905	#FAF9FC	#FFFFFF
2906	#FAF9FC	#FFFFFF
2907	#FAFAFD	#FFFFFF
2908	#FBFAFD	#FFFFFF
2909	#DCD7EC	#FEFEFE
2910	#9A90C8	#FAFAFA
2911	#DDD8ED	#FEFEFE
2912	#E8E5F3	#FEFEFE
2913	#EBD4D0	#FEFEFE
2914	#D2CCE7	#FCFCFC
2915	#C3BBDE	#FDFDFD
2916	#EFECF6	#FFFFFF
2917	#FAF9FC	#FFFFFF
2918	#DFDAED	#FEFEFE
2919	#F9F8FC	#FFFFFF
2920	#F8EEED	#FFFFFF
2921	#D5CFE8	#FEFEFE
2922	#DDD9ED	#FEFEFE
2923	#EFECF6	#FFFFFF
2925	#EEECF6	#FFFFFF
2926	#E2DEEF	#FDFDFD
2927	#EEECF6	#FEFEFE
2928	#FBF7F6	#FFFFFF
2929	#E9E5F3	#FEFEFE
2930	#FEFCFC	#FFFFFF
2931	#C3BBDE	#FDFDFD
2932	#F1E0DE	#FEFEFE
2933	#E5E1F1	#FEFEFE
2934	#EEECF6	#FFFFFF
2935	#C5BDDF	#FCFCFC
2936	#A79DCF	#FBFBFB
2937	#E8E5F3	#FEFEFE
2938	#E9E6F3	#FEFEFE
2939	#AFA6D3	#FCFCFC
2940	#EEECF6	#FFFFFF
2941	#D7D2E9	#FDFDFD
2942	#DCD8EC	#FEFEFE
2943	#FBFAFD	#FFFFFF
2944	#EFEDF6	#FEFEFE
2945	#F8EFED	#FFFFFF
2946	#F1E0DD	#FEFEFE
2947	#B7AED8	#FBFBFB
2948	#D4CEE8	#FDFDFD
2949	#F9F1EF	#FFFFFF
2950	#FBF6F5	#FFFFFF
2951	#FAF9FC	#FFFFFF
2952	#FAF9FC	#FFFFFF
2953	#F2F0F8	#FFFFFF
2954	#FBF7F6	#FFFFFF
2955	#DDD8EC	#FEFEFE
2956	#E8E5F3	#FEFEFE
2957	#DDD9ED	#FEFEFE
2958	#FBFAFD	#FFFFFF
2959	#FBF7F6	#FFFFFF
2960	#DCD8EC	#FEFEFE
2961	#DED9ED	#FDFDFD
2962	#F7EDEB	#FFFFFF
2963	#B7AFD8	#FDFDFD
2964	#DDD8EC	#FEFEFE
2965	#E6E3F2	#FEFEFE
2966	#E4E0F0	#FEFEFE
2967	#FAF9FC	#FFFFFF
2968	#F6F5FA	#FFFFFF
2969	#F9F9FC	#FFFFFF
2970	#A197CC	#FBFBFB
2971	#A197CC	#FBFBFB
2972	#DDD8ED	#FEFEFE
2973	#C3BBDE	#FDFDFD
2974	#F7EDEC	#FFFFFF
2975	#AFA6D3	#FCFCFC
2976	#CBC5E3	#FDFDFD
2977	#D8D3EA	#FDFDFD
2978	#D4CEE7	#FDFDFD
2979	#E8E5F3	#FEFEFE
2981	#DEDAED	#FDFDFD
2983	#E6E2F1	#FEFEFE
2984	#CCC6E3	#FCFCFC
2985	#A79DCF	#FBFBFB
2986	#EDEAF5	#FEFEFE
2987	#EBD4D0	#FEFEFE
2988	#DDD8ED	#FEFEFE
2989	#F8EEED	#FFFFFF
2990	#D4CEE8	#FEFEFE
2991	#DCD7EC	#FEFEFE
2992	#FAFAFD	#FFFFFF
2993	#DDD8EC	#FEFEFE
2994	#AFA6D3	#FCFCFC
2995	#EFECF6	#FFFFFF
2996	#E4E1F1	#FEFEFE
2997	#DEDAED	#FDFDFD
2998	#E8E5F3	#FEFEFE
2999	#FBFBFD	#FFFFFF
3000	#D4CEE8	#FEFEFE
3001	#FAF9FC	#FFFFFF
3002	#E4E1F1	#FEFEFE
3003	#D4CEE8	#FEFEFE
3004	#FBFAFD	#FFFFFF
3005	#C3BBDE	#FDFDFD
3006	#D5CFE8	#FEFEFE
3007	#FAFAFC	#FFFFFF
3008	#F7EDEB	#FFFFFF
3009	#EEECF6	#FFFFFF
3010	#EFECF6	#FEFEFE
3011	#DDD8ED	#FEFEFE
3012	#E5E1F1	#FEFEFE
3013	#FAF9FC	#FFFFFF
3014	#F1E0DE	#FEFEFE
3015	#D4CFE8	#FEFEFE
3016	#E9CECB	#FEFEFE
3017	#D3CDE7	#FDFDFD
3018	#A89ECF	#FBFBFB
3019	#C7C0E0	#FCFCFC
3020	#E4E0F0	#FEFEFE
3021	#F9F8FC	#FFFFFF
3022	#DDD8ED	#FEFEFE
3023	#D5CFE8	#FEFEFE
3024	#F8EEED	#FFFFFF
3026	#BDB5DB	#FCFCFC
3027	#EAE7F4	#FEFEFE
3028	#DDD9ED	#FEFEFE
3029	#E5E1F1	#FEFEFE
3030	#F6F4FA	#FFFFFF
3031	#FBFAFD	#FFFFFF
3032	#DDD8EC	#FEFEFE
3033	#DDD8ED	#FEFEFE
3034	#A79DCF	#FBFBFB
3035	#BFB7DC	#FCFCFC
3036	#AFA6D3	#FCFCFC
3037	#F0EEF7	#FFFFFF
3038	#FAFAFD	#FFFFFF
3039	#C4BCDF	#FCFCFC
3040	#B8AFD8	#FBFBFB
3041	#C3BBDE	#FDFDFD
3042	#D7D2E9	#FDFDFD
3043	#C3BBDE	#FDFDFD
3044	#958AC5	#F9F9F9
3045	#C5BDDF	#FCFCFC
3046	#E9E5F3	#FEFEFE
3047	#B7AFD8	#FDFDFD
3048	#FBF7F6	#FFFFFF
3049	#FAF9FC	#FFFFFF
3050	#FAF9FC	#FFFFFF
3051	#FAF9FC	#FFFFFF
3052	#CBC5E3	#FDFDFD
3053	#D5CFE8	#FEFEFE
3054	#E9E6F3	#FEFEFE
3055	#FBF7F6	#FFFFFF
3056	#E8E5F3	#FEFEFE
3057	#AFA5D3	#FCFCFC
3058	#E5E1F1	#FEFEFE
3059	#9A90C8	#FAFAFA
3060	#ECD5D2	#FEFEFE
3061	#EFEDF6	#FEFEFE
3062	#EBD4D0	#FEFEFE
3064	#B7AFD8	#FDFDFD
3065	#F1E0DE	#FEFEFE
3066	#C3BBDE	#FDFDFD
3067	#E4E1F1	#FEFEFE
3068	#FBFAFD	#FFFFFF
3069	#C3BBDE	#FDFDFD
3070	#FAFAFC	#FFFFFF
3071	#D4CEE8	#FDFDFD
3072	#FFFEFE	#FFFFFF
3073	#D5CFE8	#FEFEFE
3074	#D5CFE8	#FEFEFE
3075	#D4CEE8	#FEFEFE
3076	#FFFEFE	#FFFFFF
3077	#FBFAFD	#FFFFFF
3078	#C3BBDE	#FDFDFD
3079	#D4CEE8	#FDFDFD
3080	#A197CC	#FBFBFB
3082	#EDEAF5	#FEFEFE
3083	#FBF6F5	#FFFFFF
3084	#C3BBDE	#FDFDFD
3085	#E4E1F1	#FEFEFE
3086	#BBB3DA	#FAFAFA
3087	#FCF7F6	#FFFFFF
3088	#A79DCF	#FBFBFB
3089	#B7AED8	#FBFBFB
3090	#F7ECEA	#FFFFFF
3091	#C4BCDF	#FCFCFC
3092	#C4BDDF	#FCFCFC
3093	#DCD8EC	#FEFEFE
3094	#F8EEED	#FFFFFF
3095	#F7ECEB	#FFFFFF
3096	#D3A59F	#FCFCFC
3097	#D4CEE7	#FDFDFD
3098	#DDD8ED	#FEFEFE
3099	#FAFAFD	#FFFFFF
3100	#C3BBDE	#FDFDFD
3101	#FBF6F6	#FFFFFF
3102	#CBC4E3	#FDFDFD
3103	#EEECF6	#FFFFFF
3104	#E6E3F2	#FEFEFE
3105	#CCC6E3	#FDFDFD
3106	#AEA5D3	#FCFCFC
3107	#B7AFD8	#FDFDFD
3108	#E4E1F1	#FEFEFE
3109	#AFA5D3	#FCFCFC
3110	#EEECF6	#FFFFFF
3111	#D3CDE7	#FDFDFD
3112	#D5CFE8	#FEFEFE
3114	#EDEBF6	#FEFEFE
3115	#ECD5D2	#FEFEFE
3116	#D4CEE7	#FDFDFD
3117	#C4BDDF	#FCFCFC
3118	#F8EFED	#FFFFFF
3119	#F8EEED	#FFFFFF
3120	#DDD8EC	#FEFEFE
3121	#E3E0F0	#FEFEFE
3122	#E9E5F3	#FEFEFE
3123	#C3BBDE	#FDFDFD
3124	#F4E6E4	#FEFEFE
3125	#DDD8EC	#FEFEFE
3127	#DCD7EC	#FEFEFE
3128	#B7AED8	#FDFDFD
3129	#F8EEED	#FFFFFF
3130	#DCD8EC	#FEFEFE
3131	#EEEBF6	#FFFFFF
3132	#D8D2EA	#FDFDFD
3133	#E5E2F1	#FEFEFE
3134	#A79DCF	#FBFBFB
3135	#B7AFD8	#FDFDFD
3136	#EFECF6	#FEFEFE
3137	#E1BEB9	#FEFEFE
3138	#C3BBDE	#FDFDFD
3139	#DED9ED	#FEFEFE
3140	#E9E5F3	#FEFEFE
3141	#D4CEE7	#FDFDFD
3142	#C0B9DD	#FBFBFB
3143	#D4CFE8	#FDFDFD
3144	#A79DCF	#FBFBFB
3146	#FFFFFE	#FFFFFF
3147	#EEECF6	#FFFFFF
3148	#EEECF6	#FFFFFF
3149	#B8AFD8	#FDFDFD
3150	#FAF9FC	#FFFFFF
3151	#DDD8EC	#FEFEFE
3152	#F9F8FC	#FFFFFF
3153	#D7D1E9	#FDFDFD
3154	#D4CEE8	#FEFEFE
3155	#B7AFD8	#FDFDFD
3156	#B7AFD8	#FDFDFD
3157	#D5CFE8	#FEFEFE
3158	#FBFAFD	#FFFFFF
3159	#BEB6DB	#FCFCFC
3160	#EDEAF5	#FEFEFE
3161	#DFDBEE	#FEFEFE
3162	#B7AFD8	#FDFDFD
3163	#D5CFE8	#FEFEFE
3165	#E1BEBA	#FEFEFE
3166	#CAC3E2	#FBFBFB
3167	#E1BEB9	#FEFEFE
3168	#D4CEE8	#FDFDFD
3169	#AFA6D3	#FCFCFC
3170	#E8E5F3	#FEFEFE
3171	#E5E1F1	#FEFEFE
3172	#F9F2F1	#FFFFFF
3173	#AEA5D3	#FCFCFC
3174	#EEECF6	#FFFFFF
3175	#D5CFE8	#FEFEFE
3176	#B8AFD8	#FDFDFD
3177	#DCD7EC	#FEFEFE
3178	#EEECF6	#FFFFFF
3179	#E9E5F3	#FEFEFE
3180	#EFEDF6	#FFFFFF
3181	#DDD8EC	#FEFEFE
3183	#C7C0E0	#FCFCFC
3184	#E5E2F1	#FEFEFE
3185	#F7EDEC	#FFFFFF
3186	#FBF6F5	#FFFFFF
3187	#FAFAFC	#FFFFFF
3188	#D4CEE7	#FDFDFD
3189	#D3CEE7	#FDFDFD
3190	#D4CEE8	#FDFDFD
3191	#FBF6F6	#FFFFFF
3192	#FAF9FC	#FFFFFF
3193	#B7AFD8	#FDFDFD
3194	#FBFAFD	#FFFFFF
3195	#E8E5F3	#FEFEFE
3196	#EDEAF5	#FEFEFE
3197	#B8AFD8	#FDFDFD
3198	#FBF6F5	#FFFFFF
3199	#FBFAFD	#FFFFFF
3200	#CBC4E3	#FDFDFD
3201	#FBF6F6	#FFFFFF
3202	#E4E1F1	#FEFEFE
3203	#D4CEE8	#FEFEFE
3204	#B7AED8	#FDFDFD
3205	#D5CFE8	#FEFEFE
3207	#E4E1F1	#FEFEFE
3208	#F1E0DE	#FEFEFE
3209	#CCC5E3	#FDFDFD
3210	#EEECF6	#FFFFFF
3211	#DCD7EC	#FEFEFE
3212	#E4E0F0	#FEFEFE
3213	#D5CFE8	#FEFEFE
3214	#F1E0DE	#FEFEFE
3215	#CBC5E3	#FDFDFD
3216	#DED9ED	#FEFEFE
3217	#EBD4D0	#FEFEFE
3218	#C5BDDF	#FCFCFC
3219	#DDD8EC	#FEFEFE
3220	#D3CEE7	#FDFDFD
3221	#E5E1F1	#FEFEFE
3222	#F1E0DD	#FEFEFE
3223	#FAF9FC	#FFFFFF
3224	#D4CFE8	#FEFEFE
3226	#D4CEE8	#FDFDFD
3228	#F7ECEB	#FFFFFF
3229	#D3CEE7	#FDFDFD
3230	#E5E1F1	#FEFEFE
3231	#A89ECF	#FBFBFB
3232	#B7AFD8	#FDFDFD
3233	#F7ECEB	#FFFFFF
3234	#E4E0F0	#FEFEFE
3235	#EEECF6	#FFFFFF
3236	#DCD7EC	#FEFEFE
3237	#DCD7EC	#FEFEFE
3238	#B7AFD8	#FDFDFD
3239	#E5E2F1	#FEFEFE
3240	#DDD8EC	#FEFEFE
3241	#E5E1F1	#FEFEFE
3242	#C7C0E1	#FCFCFC
3243	#B7AFD8	#FDFDFD
3244	#E4E1F1	#FEFEFE
3245	#DBD7EC	#FEFEFE
3246	#D0CAE6	#FCFCFC
3247	#DCD7EC	#FEFEFE
3248	#FBF6F5	#FFFFFF
3249	#FDFBFA	#FFFFFF
3250	#D7D1E9	#FDFDFD
3251	#EBD4D0	#FEFEFE
3252	#FBF6F5	#FFFFFF
3253	#FBFAFD	#FFFFFF
3254	#D5CFE8	#FEFEFE
3255	#AFA6D3	#FCFCFC
3256	#D3CEE7	#FDFDFD
3257	#E1BEBA	#FEFEFE
3258	#FAF9FC	#FFFFFF
3259	#D4CEE7	#FDFDFD
3260	#FAFAFC	#FFFFFF
3261	#A79ECF	#FBFBFB
3262	#B7AFD8	#FDFDFD
3265	#A197CC	#FBFBFB
3266	#E4E1F1	#FEFEFE
3267	#D0CAE6	#FCFCFC
3268	#FAF9FC	#FFFFFF
3269	#E9E5F3	#FEFEFE
3270	#CCC5E3	#FDFDFD
3271	#FAF9FC	#FFFFFF
3272	#D4CFE8	#FEFEFE
3273	#D4CFE8	#FEFEFE
3274	#C3BBDE	#FDFDFD
3275	#E9E6F3	#FEFEFE
3276	#B7AFD8	#FDFDFD
3277	#FBFAFD	#FFFFFF
3278	#B7AFD8	#FDFDFD
3279	#DDD8ED	#FEFEFE
3280	#FAF9FC	#FFFFFF
3281	#BDB5DB	#FAFAFA
3282	#C4BDDF	#FCFCFC
3284	#F9F8FC	#FFFFFF
3285	#E9E6F3	#FEFEFE
3286	#EFECF6	#FFFFFF
3287	#AEA5D3	#FCFCFC
3288	#AFA5D3	#FCFCFC
3289	#E8E5F3	#FEFEFE
3290	#C1BADD	#FBFBFB
3291	#CEC7E4	#FDFDFD
3292	#C3BBDE	#FDFDFD
3293	#C3BBDE	#FDFDFD
3294	#CDC7E4	#FCFCFC
3295	#E8E5F3	#FEFEFE
3296	#D4CEE7	#FDFDFD
3297	#C4BDDF	#FCFCFC
3298	#FFFFFF	#FFFFFF
3299	#F1E0DD	#FEFEFE
3300	#D4CEE8	#FEFEFE
3301	#D5CFE8	#FEFEFE
3302	#C4BDDF	#FCFCFC
3303	#E5E2F1	#FEFEFE
3304	#A096CB	#FBFBFB
3305	#FBFAFD	#FFFFFF
3306	#E8E5F3	#FEFEFE
3308	#D4CFE8	#FEFEFE
3309	#EFEDF6	#FEFEFE
3310	#E5E1F1	#FEFEFE
3311	#D4CFE8	#FDFDFD
3312	#E1BEB9	#FEFEFE
3313	#EBD4D0	#FEFEFE
3314	#ECEAF5	#FEFEFE
3315	#F1E0DE	#FEFEFE
3316	#FAF9FC	#FFFFFF
3317	#B7AED8	#FBFBFB
3318	#D5CFE8	#FEFEFE
3319	#C7C0E1	#FCFCFC
3320	#D3CEE7	#FDFDFD
3321	#F9F8FC	#FFFFFF
3322	#DCD8EC	#FEFEFE
3323	#C3BBDE	#FDFDFD
3325	#E8E5F3	#FEFEFE
3326	#B7AFD8	#FDFDFD
3327	#A197CC	#FBFBFB
3329	#C3BBDE	#FDFDFD
3330	#AEA5D3	#FCFCFC
3331	#E9E6F3	#FEFEFE
3332	#BEB6DC	#FCFCFC
3333	#DBD6EC	#FEFEFE
3334	#D1CBE6	#FCFCFC
3335	#AFA5D3	#FCFCFC
3336	#DEDAED	#FDFDFD
3337	#C3BBDE	#FDFDFD
3338	#B7AFD8	#FDFDFD
3339	#E6E3F2	#FEFEFE
3340	#AFA6D3	#FCFCFC
3341	#DEDAED	#FEFEFE
3342	#D4CEE8	#FDFDFD
3343	#A197CC	#FBFBFB
3344	#E1BEBA	#FEFEFE
3345	#A89ECF	#FBFBFB
3346	#ECD5D2	#FEFEFE
3347	#DDD8EC	#FEFEFE
3348	#E1BEBA	#FEFEFE
3349	#D7D2E9	#FDFDFD
3350	#DDD8EC	#FEFEFE
3351	#D5CFE8	#FEFEFE
3352	#A79DCF	#FBFBFB
3353	#E9E6F3	#FEFEFE
3354	#E6E3F2	#FEFEFE
3355	#AFA5D3	#FCFCFC
3356	#CBC4E3	#FDFDFD
3357	#B7AFD8	#FDFDFD
3358	#FBFAFD	#FFFFFF
3359	#D5CFE8	#FEFEFE
3360	#DCD7EC	#FEFEFE
3361	#FAFAFC	#FFFFFF
3363	#F8EEED	#FFFFFF
3364	#D4CEE8	#FDFDFD
3365	#EDEBF6	#FEFEFE
3366	#EFECF6	#FEFEFE
3367	#F9F8FC	#FFFFFF
3368	#CBC4E2	#FCFCFC
3369	#FAF9FC	#FFFFFF
3370	#E9E5F3	#FEFEFE
3371	#CDC6E4	#FCFCFC
3372	#E4E1F1	#FEFEFE
3373	#C3BBDE	#FDFDFD
3375	#FBFAFD	#FFFFFF
3376	#FAF9FC	#FFFFFF
3377	#E8E5F3	#FEFEFE
3378	#B7AFD8	#FDFDFD
3381	#C3BBDE	#FDFDFD
3382	#DEDAED	#FEFEFE
3383	#FAF9FC	#FFFFFF
3385	#AEA5D3	#FCFCFC
3386	#C1BADD	#FBFBFB
3387	#D9AFAA	#FDFDFD
3388	#FAFAFD	#FFFFFF
3389	#F1E0DD	#FEFEFE
3390	#E8E5F3	#FEFEFE
3391	#E4C4C0	#FDFDFD
3392	#D8D3EA	#FDFDFD
3393	#B7AED8	#FBFBFB
3394	#AEA5D3	#FCFCFC
3395	#E9E6F3	#FEFEFE
3397	#AEA5D3	#FCFCFC
3398	#D4CFE8	#FEFEFE
3399	#A197CC	#FBFBFB
3400	#EEECF6	#FFFFFF
3401	#DDD9ED	#FEFEFE
3402	#F1E0DD	#FEFEFE
3403	#EFECF6	#FFFFFF
3404	#F8EFED	#FFFFFF
3405	#FAF9FC	#FFFFFF
3406	#FAFAFC	#FFFFFF
3407	#E8E5F3	#FEFEFE
3408	#B8AFD8	#FBFBFB
3409	#E8E5F3	#FEFEFE
3410	#B7AFD8	#FDFDFD
3411	#E4E1F1	#FEFEFE
3412	#E4E0F0	#FEFEFE
3413	#C5BDDF	#FCFCFC
3414	#B7AFD8	#FDFDFD
3415	#A79ECF	#FBFBFB
3416	#FAF9FC	#FFFFFF
3417	#DDD8ED	#FEFEFE
3418	#E9E6F3	#FEFEFE
3419	#FBF6F5	#FFFFFF
3420	#E8E5F3	#FEFEFE
3421	#E4E0F0	#FEFEFE
3422	#EBD4D0	#FEFEFE
3423	#A197CC	#FBFBFB
3424	#FAFAFD	#FFFFFF
3425	#FBF6F6	#FFFFFF
3426	#DDD9ED	#FEFEFE
3427	#C3BBDE	#FDFDFD
3428	#B7AFD8	#FDFDFD
3430	#D4CFE8	#FDFDFD
3431	#D4CEE8	#FEFEFE
3432	#FBF6F6	#FFFFFF
3433	#FAF9FC	#FFFFFF
3434	#CCC5E3	#FDFDFD
3435	#DCD8EC	#FEFEFE
3436	#C1B9DD	#FAFAFA
3437	#E4E0F0	#FEFEFE
3438	#DDD8EC	#FEFEFE
3439	#B7AFD8	#FDFDFD
3440	#F9F2F1	#FFFFFF
3441	#DDD8ED	#FEFEFE
3442	#DDD8EC	#FEFEFE
3443	#FAF9FC	#FFFFFF
3444	#DBD7EC	#FEFEFE
3445	#E5E1F1	#FEFEFE
3446	#DDD8EC	#FEFEFE
3447	#B7AFD8	#FDFDFD
3448	#D6D0E9	#FDFDFD
3449	#FBFAFD	#FFFFFF
3450	#FAF9FC	#FFFFFF
3451	#AFA6D3	#FCFCFC
3452	#EEECF6	#FFFFFF
3453	#BEB6DC	#FCFCFC
3454	#F8EEED	#FFFFFF
3455	#D3CEE7	#FDFDFD
3456	#D3CDE7	#FDFDFD
3457	#D7D1E9	#FDFDFD
3458	#AEA5D3	#FCFCFC
3459	#F1E0DD	#FEFEFE
3460	#EFECF6	#FEFEFE
3461	#E5E2F1	#FEFEFE
3462	#FBFAFD	#FFFFFF
3463	#FBFBFD	#FFFFFF
3464	#E4E1F1	#FEFEFE
3465	#EBD4D0	#FEFEFE
3466	#CDC7E4	#FDFDFD
3467	#E9E5F3	#FEFEFE
3468	#B7AED8	#FDFDFD
3469	#E9E5F3	#FEFEFE
3470	#B2A9D5	#FAFAFA
3471	#E8E5F3	#FEFEFE
3472	#FAF9FC	#FFFFFF
3474	#FAF9FC	#FFFFFF
3475	#E8E5F3	#FEFEFE
3476	#EEEBF6	#FFFFFF
3477	#DDD8EC	#FEFEFE
3478	#DCD7EC	#FEFEFE
3479	#C3BBDE	#FDFDFD
3480	#B7AED8	#FBFBFB
3481	#D4CEE8	#FDFDFD
3482	#D4CEE8	#FEFEFE
3483	#FAF9FC	#FFFFFF
3486	#E9E6F3	#FEFEFE
3487	#FAF9FC	#FFFFFF
3488	#D4CEE7	#FDFDFD
3489	#E5E1F1	#FEFEFE
3490	#AEA5D3	#FCFCFC
3491	#E9E5F3	#FEFEFE
3492	#C3BBDE	#FDFDFD
3493	#867CBD	#F7F7F7
3494	#CCC5E3	#FDFDFD
3495	#D4CEE8	#FDFDFD
3496	#EEECF6	#FFFFFF
3498	#AEA5D3	#FCFCFC
3499	#D5CFE8	#FEFEFE
3500	#C3BCDF	#FCFCFC
3501	#EEECF6	#FFFFFF
3502	#FAF9FC	#FFFFFF
3503	#B7AED8	#FDFDFD
3504	#B7AFD8	#FDFDFD
3505	#FAF9FC	#FFFFFF
3506	#E6E3F2	#FEFEFE
3507	#DDD8EC	#FEFEFE
3508	#FEFDFD	#FFFFFF
3509	#DCD7EC	#FEFEFE
3510	#C1BADD	#FBFBFB
3511	#A096CB	#FBFBFB
3512	#FBFBFD	#FFFFFF
3513	#DED9ED	#FEFEFE
3514	#D5CFE8	#FEFEFE
3515	#E8E5F3	#FEFEFE
3516	#E4E0F0	#FEFEFE
3517	#A79ECF	#FBFBFB
3518	#F8EEED	#FFFFFF
3519	#CCC5E3	#FDFDFD
3520	#FEFEFD	#FFFFFF
3521	#FEFDFD	#FFFFFF
3522	#E6E3F2	#FEFEFE
3523	#AFA6D3	#FCFCFC
3525	#D5CFE8	#FEFEFE
3526	#C3BBDE	#FDFDFD
3527	#D4CFE8	#FEFEFE
3528	#DDD8EC	#FEFEFE
3529	#F9F8FC	#FFFFFF
3531	#D4CFE8	#FEFEFE
3532	#DDD8ED	#FEFEFE
3533	#D5CFE8	#FEFEFE
3534	#CCC5E3	#FDFDFD
3535	#EAE7F3	#FEFEFE
3536	#F9F9FC	#FFFFFF
3537	#DEDAED	#FEFEFE
3538	#CC9790	#FCFCFC
3539	#B1A8D5	#FAFAFA
3540	#C3BBDE	#FDFDFD
3541	#B7AED8	#FDFDFD
3542	#AEA5D3	#FCFCFC
3543	#D4CEE8	#FDFDFD
3544	#D4CFE8	#FDFDFD
3545	#D4CFE8	#FEFEFE
3546	#E1BEBA	#FEFEFE
3547	#AFA5D3	#FCFCFC
3548	#DDD8EC	#FEFEFE
3549	#F7ECEA	#FFFFFF
3550	#B7AFD8	#FDFDFD
3551	#D0CAE6	#FCFCFC
3552	#E8E5F3	#FEFEFE
3553	#FAF9FC	#FFFFFF
3554	#E5E1F1	#FEFEFE
3555	#B7AFD8	#FDFDFD
3556	#F1E0DD	#FEFEFE
3557	#CDC7E4	#FCFCFC
3558	#E9E5F3	#FEFEFE
3559	#9086C3	#F9F9F9
3560	#F9F8FC	#FFFFFF
3561	#EFEDF7	#FFFFFF
3562	#D5CFE8	#FEFEFE
3563	#FAF9FC	#FFFFFF
3564	#D4CFE8	#FEFEFE
3565	#ECD5D2	#FEFEFE
3566	#E9CECB	#FEFEFE
3567	#C1B9DD	#FBFBFB
3568	#B1A8D5	#FAFAFA
3569	#D4CFE8	#FEFEFE
3570	#FAFAFC	#FFFFFF
3571	#F2F0F8	#FFFFFF
3572	#F9F8FC	#FFFFFF
3573	#9A90C8	#FAFAFA
3574	#D4CFE8	#FEFEFE
3575	#C3BBDE	#FDFDFD
3576	#F8EEED	#FFFFFF
3577	#D5CFE8	#FEFEFE
3578	#C7C0E1	#FCFCFC
3579	#B8AFD8	#FBFBFB
3580	#FAF9FC	#FFFFFF
3581	#EBD4D0	#FEFEFE
3582	#E9E6F3	#FEFEFE
3583	#D4CFE8	#FEFEFE
3584	#AEA5D3	#FCFCFC
3585	#FAF9FC	#FFFFFF
3587	#FBFAFD	#FFFFFF
3588	#D4CEE8	#FDFDFD
3589	#E3DFF0	#FEFEFE
3590	#B1A8D4	#FAFAFA
3591	#C3BBDE	#FDFDFD
3592	#D4CEE7	#FDFDFD
3593	#FBFBFD	#FFFFFF
3594	#CBC5E3	#FDFDFD
3595	#E4E1F1	#FEFEFE
3596	#FBFAFD	#FFFFFF
3597	#A79DCF	#FBFBFB
3598	#D4CEE7	#FDFDFD
3599	#E5E1F1	#FEFEFE
3600	#CDC7E4	#FDFDFD
3601	#E0BDB9	#FEFEFE
3602	#CBC4E3	#FDFDFD
3603	#C1B9DD	#FBFBFB
3604	#B7AFD8	#FDFDFD
3605	#C3BBDE	#FDFDFD
3606	#D4CEE7	#FDFDFD
3607	#A89ECF	#FBFBFB
3608	#E5E2F1	#FEFEFE
3609	#E9E5F3	#FEFEFE
3610	#C1B9DD	#FBFBFB
3611	#E5E1F1	#FEFEFE
3612	#DCD7EC	#FEFEFE
3613	#C3BBDE	#FDFDFD
3614	#B7AFD8	#FDFDFD
3616	#F1DFDD	#FEFEFE
3617	#A096CB	#FBFBFB
3618	#AFA5D3	#FCFCFC
3619	#E9E6F3	#FEFEFE
3620	#C4BDDF	#FCFCFC
3621	#FBFAFD	#FFFFFF
3622	#E9E5F3	#FEFEFE
3623	#ACA3D2	#FAFAFA
3624	#D5CFE8	#FEFEFE
3625	#B7AFD8	#FDFDFD
3626	#AEA5D3	#FCFCFC
3627	#FAF9FC	#FFFFFF
3628	#EFECF6	#FFFFFF
3629	#D5CFE8	#FEFEFE
3630	#F7ECEB	#FFFFFF
3632	#EEECF6	#FFFFFF
3634	#AFA6D3	#FCFCFC
3635	#D4CFE8	#FEFEFE
3636	#F7EEEC	#FFFFFF
3637	#CCC5E3	#FDFDFD
3638	#9A90C8	#FAFAFA
3639	#DFDAEE	#FEFEFE
3640	#D4CEE7	#FDFDFD
3641	#FBF5F5	#FFFFFF
3642	#FEFDFD	#FFFFFF
3643	#8B80C0	#F8F8F8
3644	#B8AFD8	#FDFDFD
3645	#FAF9FC	#FFFFFF
3646	#E8E5F3	#FEFEFE
3647	#EDEAF5	#FEFEFE
3648	#A79DCF	#FBFBFB
3649	#C3BCDF	#FCFCFC
3650	#E8E5F3	#FEFEFE
3651	#F8EEED	#FFFFFF
3652	#FBF6F6	#FFFFFF
3653	#E7E3F2	#FEFEFE
3654	#FBF6F5	#FFFFFF
3655	#FBFAFD	#FFFFFF
3656	#D4CFE8	#FEFEFE
3657	#FBF6F5	#FFFFFF
3659	#CBC5E3	#FDFDFD
3660	#D3CDE7	#FDFDFD
3661	#FCF7F7	#FFFFFF
3662	#E4E1F1	#FEFEFE
3663	#C3BBDE	#FDFDFD
3664	#E1BEBA	#FEFEFE
3665	#FAF9FC	#FFFFFF
3666	#B7AED8	#FBFBFB
3667	#D8D3EA	#FDFDFD
3668	#C3BBDE	#FDFDFD
3669	#CBC5E3	#FDFDFD
3670	#BDB5DB	#FCFCFC
3671	#FAFAFC	#FFFFFF
3672	#E4E0F0	#FEFEFE
3673	#E4E0F0	#FEFEFE
3674	#B7AFD8	#FDFDFD
3675	#D4CEE8	#FEFEFE
3678	#CBC4E3	#FDFDFD
3679	#A096CB	#FBFBFB
3680	#D5CFE8	#FEFEFE
3681	#EFEDF6	#FEFEFE
3682	#FBFAFD	#FFFFFF
3683	#E8E5F3	#FEFEFE
3684	#F1DFDC	#FEFEFE
3685	#EBD4D0	#FEFEFE
3686	#B7AED8	#FBFBFB
3688	#D4CEE8	#FDFDFD
3689	#E9E5F3	#FEFEFE
3690	#F1E0DE	#FEFEFE
3691	#DCD8EC	#FEFEFE
3692	#9A90C8	#FAFAFA
3693	#E8E5F3	#FEFEFE
3694	#DCD7EC	#FEFEFE
3695	#EBD4D0	#FEFEFE
3696	#FAF9FC	#FFFFFF
3697	#C4BCDF	#FCFCFC
3698	#D4CFE8	#FEFEFE
3699	#C1B9DD	#FBFBFB
3700	#CBC4E3	#FCFCFC
3701	#C3BBDE	#FDFDFD
3702	#D4CFE8	#FEFEFE
3703	#CBC5E3	#FDFDFD
3704	#DBD7EC	#FEFEFE
3705	#B7AFD8	#FDFDFD
3707	#EBD4D0	#FEFEFE
3708	#E1BEBA	#FEFEFE
3709	#E9CECA	#FEFEFE
3710	#EFECF6	#FEFEFE
3711	#FEFCFC	#FFFFFF
3712	#D4CEE8	#FDFDFD
3713	#EBD3D0	#FEFEFE
3714	#C3BBDE	#FDFDFD
3715	#FAFAFD	#FFFFFF
3716	#B2AAD5	#FAFAFA
3717	#B7AFD8	#FDFDFD
3718	#B1A8D5	#FAFAFA
3719	#CBC5E3	#FDFDFD
3720	#E5E2F1	#FEFEFE
3721	#DEDAED	#FDFDFD
3722	#CDC6E4	#FCFCFC
3723	#9A90C8	#FAFAFA
3724	#E5E1F1	#FEFEFE
3725	#EAE7F4	#FEFEFE
3726	#C3BBDE	#FDFDFD
3727	#AFA5D3	#FCFCFC
3728	#EFECF6	#FFFFFF
3730	#D3CDE7	#FDFDFD
3731	#EBD4D0	#FEFEFE
3733	#FBFAFD	#FFFFFF
3734	#BBB3DA	#FAFAFA
3735	#F8EEED	#FFFFFF
3736	#DFDAED	#FEFEFE
3737	#E8E5F3	#FEFEFE
3738	#D5CFE8	#FDFDFD
3739	#EBD3D0	#FEFEFE
3740	#EFECF6	#FFFFFF
3741	#F8EEED	#FFFFFF
3742	#9B90C8	#FAFAFA
3743	#B7AFD8	#FDFDFD
3744	#D4CFE8	#FDFDFD
3745	#DCD7EC	#FEFEFE
3746	#D3CDE7	#FDFDFD
3747	#DDD8EC	#FEFEFE
3748	#E8CDCA	#FEFEFE
3749	#DBD7EC	#FEFEFE
3750	#FBF6F5	#FFFFFF
3751	#FFFFFE	#FFFFFF
3752	#E9E5F3	#FEFEFE
3753	#CBC4E3	#FDFDFD
3754	#EDEBF5	#FEFEFE
3755	#E8E5F3	#FEFEFE
3756	#E9E6F3	#FEFEFE
3757	#FBF7F6	#FFFFFF
3758	#9B90C8	#FAFAFA
3759	#B7AFD8	#FDFDFD
3760	#B8AFD8	#FBFBFB
3761	#D1CBE6	#FCFCFC
3762	#CBC5E3	#FDFDFD
3763	#D3CEE7	#FDFDFD
3765	#EBD3D0	#FEFEFE
3766	#CBC5E3	#FDFDFD
3767	#A79ECF	#FBFBFB
3768	#FAF9FC	#FFFFFF
3769	#E6E3F2	#FEFEFE
3770	#B2A9D5	#FAFAFA
3771	#9A90C8	#FAFAFA
3772	#E4E1F0	#FEFEFE
3773	#EEECF6	#FEFEFE
3774	#CCC5E3	#FDFDFD
3775	#C3BBDE	#FDFDFD
3776	#B7AFD8	#FDFDFD
3777	#D4CEE8	#FDFDFD
3778	#EEECF6	#FFFFFF
3779	#AFA5D3	#FCFCFC
3780	#D5CFE8	#FEFEFE
3781	#F8EEED	#FFFFFF
3782	#E9E6F3	#FEFEFE
3783	#D7D1E9	#FDFDFD
3784	#E5E1F1	#FEFEFE
3785	#D4CFE8	#FEFEFE
3786	#E4E0F0	#FEFEFE
3787	#B8AFD8	#FDFDFD
3789	#D3CEE7	#FDFDFD
3790	#EFECF6	#FFFFFF
3791	#EBD4D0	#FEFEFE
3792	#FBF6F6	#FFFFFF
3793	#E4E0F0	#FEFEFE
3794	#E6E3F1	#FEFEFE
3795	#FEFCFC	#FFFFFF
3796	#FBF6F5	#FFFFFF
3797	#EEECF6	#FFFFFF
3798	#AFA6D3	#FCFCFC
3799	#E5E1F1	#FEFEFE
3800	#D4CEE8	#FDFDFD
3801	#FAF9FC	#FFFFFF
3802	#C5BDDF	#FCFCFC
3803	#F9F8FC	#FFFFFF
3804	#E6C8C4	#FDFDFD
3805	#DDD8EC	#FEFEFE
3806	#B7AFD8	#FDFDFD
3807	#E9E5F3	#FEFEFE
3808	#D4CFE8	#FEFEFE
3809	#C3BBDE	#FDFDFD
3810	#D4CEE7	#FDFDFD
3811	#D4CFE8	#FEFEFE
3812	#F9F9FC	#FFFFFF
3813	#F8EEED	#FFFFFF
3814	#FAF9FC	#FFFFFF
3815	#D4CFE8	#FEFEFE
3816	#E2DEEF	#FDFDFD
3817	#DBD6EB	#FEFEFE
3818	#D3CEE7	#FDFDFD
3819	#AFA6D3	#FCFCFC
3820	#9A90C8	#FAFAFA
3821	#CC9791	#FCFCFC
3822	#AEA5D3	#FCFCFC
3823	#E5E1F1	#FEFEFE
3824	#FAF9FC	#FFFFFF
3825	#C3BBDE	#FDFDFD
3826	#C3BBDE	#FDFDFD
3827	#FBFAFD	#FFFFFF
3828	#EFEDF6	#FEFEFE
3829	#D4CEE8	#FDFDFD
3830	#D4CEE8	#FEFEFE
3832	#EFECF6	#FEFEFE
3834	#F1E0DE	#FEFEFE
3835	#E4E0F0	#FEFEFE
3836	#D4CFE8	#FDFDFD
3837	#FAFAFC	#FFFFFF
3838	#D5CFE8	#FEFEFE
3839	#EEECF6	#FEFEFE
3840	#D0CAE6	#FCFCFC
3841	#FAF9FC	#FFFFFF
3842	#D3CEE7	#FDFDFD
3843	#CCC5E3	#FDFDFD
3844	#EEECF6	#FFFFFF
3845	#FBF6F6	#FFFFFF
3846	#B8AFD8	#FDFDFD
3847	#D8D3EA	#FDFDFD
3848	#FAFAFC	#FFFFFF
3849	#B7AFD8	#FDFDFD
3850	#ADA3D2	#FAFAFA
3851	#EEECF6	#FFFFFF
3852	#C6BFE0	#FBFBFB
3853	#C3BBDE	#FDFDFD
3854	#DDD8EC	#FEFEFE
3855	#C3BBDE	#FDFDFD
3856	#D4CEE8	#FEFEFE
3857	#D4CEE7	#FDFDFD
3858	#B7AFD8	#FDFDFD
3859	#F5F4FA	#FFFFFF
3860	#B7AFD8	#FDFDFD
3861	#C3BBDE	#FDFDFD
3862	#D4CFE8	#FEFEFE
3863	#9A90C8	#FAFAFA
3864	#C3BBDE	#FDFDFD
3865	#CF9D97	#FCFCFC
3866	#C4BDDF	#FCFCFC
3867	#DED9ED	#FDFDFD
3868	#D4CFE8	#FEFEFE
3869	#A79DCF	#FBFBFB
3870	#E5E2F1	#FEFEFE
3871	#AEA5D3	#FCFCFC
3872	#EEECF6	#FFFFFF
3873	#EBD4D0	#FEFEFE
3874	#F7EDEB	#FFFFFF
3875	#C3BBDE	#FDFDFD
3876	#EEECF6	#FEFEFE
3877	#FAF9FC	#FFFFFF
3878	#D1CBE6	#FCFCFC
3879	#F1DFDC	#FEFEFE
3880	#DDD8EC	#FEFEFE
3881	#C3BBDE	#FDFDFD
3882	#AFA6D3	#FCFCFC
3883	#A197CC	#FBFBFB
3884	#D1CAE6	#FCFCFC
3885	#F9F9FC	#FFFFFF
3886	#F1E0DE	#FEFEFE
3887	#EBD4D0	#FEFEFE
3888	#C3BBDE	#FDFDFD
3890	#D1CAE6	#FCFCFC
3891	#DDD8EC	#FEFEFE
3892	#AFA6D3	#FCFCFC
3893	#E9E5F3	#FEFEFE
3894	#E1BEB9	#FEFEFE
3895	#E6C8C4	#FDFDFD
3896	#FEFDFD	#FFFFFF
3897	#EEECF6	#FFFFFF
3898	#F6F5FA	#FFFFFF
3899	#FAF9FC	#FFFFFF
3900	#E5E1F1	#FEFEFE
3901	#ACA3D2	#FAFAFA
3902	#AFA6D3	#FCFCFC
3903	#B7AFD8	#FDFDFD
3904	#D3CDE7	#FDFDFD
3905	#D4CFE8	#FEFEFE
3906	#D3CDE7	#FDFDFD
3907	#E9E5F3	#FEFEFE
3908	#C3BBDE	#FDFDFD
3909	#FEFDFD	#FFFFFF
3910	#DDD8EC	#FEFEFE
3911	#EFECF6	#FEFEFE
3912	#E8CDCA	#FEFEFE
3913	#DDD8EC	#FEFEFE
3915	#B7AFD8	#FDFDFD
3916	#FEFCFC	#FFFFFF
3917	#C4BDDF	#FCFCFC
3918	#F9F8FC	#FFFFFF
3919	#C7BFE0	#FCFCFC
3920	#C6BEE0	#FBFBFB
3921	#AEA5D3	#FCFCFC
3922	#8A80C0	#F8F8F8
3923	#EBD4D0	#FEFEFE
3924	#B8AFD8	#FDFDFD
3925	#DDD8ED	#FEFEFE
3926	#FAF9FC	#FFFFFF
3927	#FAF9FC	#FFFFFF
3928	#A79ECF	#FBFBFB
3929	#DEDAED	#FEFEFE
3930	#D3CEE7	#FDFDFD
3931	#DDD8ED	#FEFEFE
3932	#AEA5D3	#FCFCFC
3933	#FAF9FC	#FFFFFF
3935	#BEB6DC	#FCFCFC
3936	#F6F5FA	#FFFFFF
3937	#B1A8D5	#FAFAFA
3938	#DBD6EC	#FEFEFE
3939	#B7AFD8	#FDFDFD
3940	#DED9ED	#FEFEFE
3941	#BEB6DB	#FCFCFC
3942	#EEECF6	#FFFFFF
3943	#ECD5D2	#FEFEFE
3944	#DBD7EC	#FEFEFE
3945	#D8D3EA	#FDFDFD
3946	#FAF9FC	#FFFFFF
3947	#D2CCE6	#FCFCFC
3948	#FBFAFD	#FFFFFF
3949	#F1DFDD	#FEFEFE
3950	#F7EDEC	#FFFFFF
3951	#B8AFD8	#FDFDFD
3952	#CDC7E4	#FCFCFC
3953	#DCD7EC	#FEFEFE
3954	#F9F8FC	#FFFFFF
3955	#C3BBDE	#FDFDFD
3957	#E5E1F1	#FEFEFE
3958	#B7AFD8	#FDFDFD
3959	#FBF6F5	#FFFFFF
3960	#EEECF6	#FEFEFE
3961	#CCC5E3	#FDFDFD
3963	#C3BBDE	#FDFDFD
3964	#F9F8FC	#FFFFFF
3965	#EBD3D0	#FEFEFE
3966	#D4CEE7	#FDFDFD
3967	#DDD8ED	#FEFEFE
3968	#DDD8EC	#FEFEFE
3969	#DED9ED	#FEFEFE
3970	#D4CEE8	#FDFDFD
3971	#FBFAFD	#FFFFFF
3972	#AEA5D3	#FCFCFC
3973	#D4CFE8	#FEFEFE
3974	#B7AFD8	#FDFDFD
3975	#D3CEE7	#FDFDFD
3976	#B7AFD8	#FDFDFD
3977	#D4CFE8	#FEFEFE
3978	#EFECF6	#FFFFFF
3979	#B7AFD8	#FDFDFD
3980	#DCD7EC	#FEFEFE
3981	#CF9E97	#FCFCFC
3982	#DDD8ED	#FEFEFE
3983	#FBFAFD	#FFFFFF
3984	#EEECF6	#FFFFFF
3985	#F7EDEB	#FFFFFF
3986	#F3F1F8	#FEFEFE
3987	#F9F1F0	#FFFFFF
3988	#E9CECB	#FEFEFE
3989	#EBD4D0	#FEFEFE
3991	#9A90C8	#FAFAFA
3992	#FBFAFD	#FFFFFF
3993	#C3BBDE	#FDFDFD
3994	#C3BBDE	#FDFDFD
3995	#EFEDF6	#FEFEFE
3996	#AEA5D3	#FCFCFC
3997	#C1BADD	#FBFBFB
3998	#BDB5DB	#FAFAFA
3999	#C4BCDF	#FCFCFC
4000	#CBC5E3	#FDFDFD
4001	#C3BBDE	#FDFDFD
4002	#EFECF6	#FFFFFF
4003	#D3CDE7	#FDFDFD
4004	#D3CEE7	#FDFDFD
4005	#D4CEE8	#FDFDFD
4006	#D3CEE7	#FDFDFD
4007	#E9E6F3	#FEFEFE
4008	#E5E1F1	#FEFEFE
4009	#EDEBF5	#FEFEFE
4010	#958AC5	#F9F9F9
4011	#FBFAFD	#FFFFFF
4012	#D4CFE8	#FEFEFE
4013	#C3BBDE	#FDFDFD
4014	#AEA5D3	#FCFCFC
4015	#C3BBDE	#FDFDFD
4016	#B8AFD8	#FDFDFD
4017	#E9E5F3	#FEFEFE
4018	#F8EEED	#FFFFFF
4019	#EEECF6	#FFFFFF
4020	#C4BDDF	#FCFCFC
4021	#ACA2D2	#F9F9F9
4022	#CAC3E2	#FCFCFC
4023	#B7AFD8	#FDFDFD
4024	#D4A5A0	#FCFCFC
4025	#D8D2EA	#FDFDFD
4026	#A197CC	#FBFBFB
4027	#9B90C8	#FAFAFA
4028	#E6E2F1	#FEFEFE
4029	#DCD8EC	#FEFEFE
4030	#EEECF6	#FFFFFF
4031	#D4CFE8	#FEFEFE
4032	#FBFAFD	#FFFFFF
4033	#D4CEE7	#FDFDFD
4034	#EAE7F4	#FEFEFE
4036	#E6E3F1	#FEFEFE
4037	#DDD8EC	#FEFEFE
4038	#A197CC	#FBFBFB
4039	#AEA5D3	#FCFCFC
4040	#F6F5FA	#FFFFFF
4042	#C7BFE0	#FBFBFB
4043	#DBD7EC	#FEFEFE
4044	#E6E2F1	#FEFEFE
4045	#F8EEED	#FFFFFF
4046	#FAF9FC	#FFFFFF
4047	#E5E1F1	#FEFEFE
4048	#F7ECEB	#FFFFFF
4049	#F2F1F8	#FFFFFF
4050	#EBD4D0	#FEFEFE
4051	#CBC5E3	#FDFDFD
4052	#C3BBDE	#FDFDFD
4053	#F8EEED	#FFFFFF
4054	#FBF6F5	#FFFFFF
4055	#DDD9ED	#FEFEFE
4056	#F8EEED	#FFFFFF
4057	#FBFAFD	#FFFFFF
4058	#DDD8EC	#FEFEFE
4059	#E3DFF0	#FEFEFE
4060	#F8EEED	#FFFFFF
4061	#EDEAF5	#FEFEFE
4062	#EFECF6	#FEFEFE
4063	#D4CFE8	#FDFDFD
4064	#FAFAFC	#FFFFFF
4065	#E8E4F2	#FEFEFE
4066	#CDC6E4	#FCFCFC
4067	#C4BCDF	#FCFCFC
4068	#FAF9FC	#FFFFFF
4069	#FBFAFD	#FFFFFF
4070	#E5E1F1	#FEFEFE
4071	#A79DCF	#FBFBFB
4072	#DCD7EC	#FEFEFE
4073	#FAF9FC	#FFFFFF
4074	#F1DFDD	#FEFEFE
4075	#ECD5D2	#FEFEFE
4076	#D3CDE7	#FDFDFD
4077	#FEFDFD	#FFFFFF
4078	#FAF9FC	#FFFFFF
4079	#F9F8FC	#FFFFFF
4080	#E1BEBA	#FEFEFE
4081	#DCD8EC	#FEFEFE
4082	#A197CC	#FBFBFB
4083	#F8EEED	#FFFFFF
4084	#DDD8ED	#FEFEFE
4085	#FAF9FC	#FFFFFF
4087	#E4E1F1	#FEFEFE
4088	#9B90C8	#FAFAFA
4089	#D5CFE8	#FEFEFE
4090	#FBFAFD	#FFFFFF
4091	#F8EEEC	#FFFFFF
4092	#C1B9DD	#FBFBFB
4093	#C9C2E2	#FBFBFB
4094	#B8AFD8	#FBFBFB
4095	#C3BBDE	#FDFDFD
4096	#E5E2F1	#FEFEFE
4097	#D4CFE8	#FEFEFE
4098	#EDEBF5	#FEFEFE
4099	#ECE9F5	#FEFEFE
4100	#DCD7EC	#FEFEFE
4101	#FFFEFE	#FFFFFF
4102	#DDD8EC	#FEFEFE
4103	#FAF9FC	#FFFFFF
4104	#FBF6F6	#FFFFFF
4105	#DBD6EB	#FEFEFE
4106	#D9B0AB	#FDFDFD
4107	#FBF5F5	#FFFFFF
4108	#F9F8FC	#FFFFFF
4109	#FBFBFD	#FFFFFF
4110	#F7ECEA	#FFFFFF
4111	#EFECF6	#FEFEFE
4112	#A096CB	#FBFBFB
4113	#E5E1F1	#FEFEFE
4114	#EFEDF6	#FEFEFE
4115	#CDC6E4	#FCFCFC
4116	#C4BCDF	#FCFCFC
4117	#A79ECF	#FBFBFB
4118	#DCD7EC	#FEFEFE
4119	#FEFDFC	#FFFFFF
4120	#D4CEE8	#FDFDFD
4121	#CBC5E3	#FDFDFD
4122	#C6BFE0	#FCFCFC
4123	#CCC5E3	#FDFDFD
4124	#FBFAFD	#FFFFFF
4125	#FAFAFC	#FFFFFF
4126	#DDD8EC	#FEFEFE
4127	#C4BDDF	#FCFCFC
4128	#E9E5F3	#FEFEFE
4129	#E9E6F3	#FEFEFE
4130	#F1E0DD	#FEFEFE
4131	#EFECF6	#FFFFFF
4132	#DDD8EC	#FEFEFE
4133	#B7AFD8	#FBFBFB
4134	#E6E2F1	#FEFEFE
4135	#C4BDDF	#FCFCFC
4136	#DCD7EC	#FEFEFE
4137	#FBF6F6	#FFFFFF
4138	#E9CECA	#FEFEFE
4139	#EFECF6	#FFFFFF
4140	#AFA6D3	#FCFCFC
4141	#F6F5FA	#FFFFFF
4143	#DCD8EC	#FEFEFE
4144	#9A90C8	#FAFAFA
4145	#E6E3F2	#FEFEFE
4146	#E8E5F3	#FEFEFE
4147	#E4E1F1	#FEFEFE
4148	#F9F8FC	#FFFFFF
4149	#DCD8EC	#FEFEFE
4150	#B7AFD8	#FDFDFD
4151	#EEECF6	#FEFEFE
4152	#F8EEED	#FFFFFF
4153	#EBD4D0	#FEFEFE
4154	#EEECF6	#FFFFFF
4155	#FFFEFE	#FFFFFF
4156	#F9F8FC	#FFFFFF
4157	#DBD7EC	#FEFEFE
4158	#D4CEE7	#FDFDFD
4159	#F2F0F8	#FFFFFF
4160	#9B90C8	#FAFAFA
4161	#C4BDDF	#FCFCFC
4162	#B3AAD6	#FAFAFA
4163	#F7ECEB	#FFFFFF
4164	#EEECF6	#FFFFFF
4165	#9085C2	#F9F9F9
4166	#D4CEE8	#FDFDFD
4167	#B7AFD8	#FDFDFD
4168	#E4E0F0	#FEFEFE
4169	#877CBE	#F7F7F7
4170	#E9E6F3	#FEFEFE
4171	#D4CEE8	#FEFEFE
4172	#D6D0E8	#FDFDFD
4173	#D4CEE7	#FDFDFD
4174	#DDD8ED	#FEFEFE
4175	#D4CFE8	#FEFEFE
4176	#E9E5F3	#FEFEFE
4177	#ECEAF5	#FEFEFE
4178	#EFECF6	#FFFFFF
4179	#E1BEBA	#FEFEFE
4180	#DDD8ED	#FEFEFE
4181	#FAFAFD	#FFFFFF
4182	#AFA6D3	#FCFCFC
4183	#CBC5E3	#FDFDFD
4184	#C4BCDF	#FCFCFC
4185	#DDD9ED	#FEFEFE
4186	#A79ECF	#FBFBFB
4188	#F7EDEB	#FFFFFF
4189	#FBF6F6	#FFFFFF
4190	#ECD6D3	#FEFEFE
4192	#F9F8FC	#FFFFFF
4193	#EEECF6	#FFFFFF
4194	#C5BDDF	#FCFCFC
4195	#DED9ED	#FEFEFE
4196	#F1DFDD	#FEFEFE
4197	#FAFAFC	#FFFFFF
4198	#FBF6F5	#FFFFFF
4199	#D4CEE8	#FDFDFD
4200	#EFECF6	#FFFFFF
4201	#E6E3F2	#FEFEFE
4202	#C3BBDE	#FDFDFD
4203	#B7AFD8	#FDFDFD
4204	#D4CEE7	#FDFDFD
4205	#F9F8FC	#FFFFFF
4206	#E5E1F1	#FEFEFE
4207	#EEECF6	#FFFFFF
4208	#A79DCF	#FBFBFB
4209	#AFA6D3	#FCFCFC
4210	#FBFAFD	#FFFFFF
4211	#FEFCFC	#FFFFFF
4212	#DBD6EC	#FEFEFE
4213	#FAF9FC	#FFFFFF
4214	#DDD8EC	#FEFEFE
4215	#FBFAFD	#FFFFFF
4216	#D4CFE8	#FDFDFD
4217	#DDD8ED	#FEFEFE
4218	#B8AFD8	#FBFBFB
4219	#FBFAFD	#FFFFFF
4220	#DCD8EC	#FEFEFE
4221	#FBF7F6	#FFFFFF
4222	#D4CFE8	#FEFEFE
4223	#E8E5F3	#FEFEFE
4224	#DDD8EC	#FEFEFE
4225	#FBFAFD	#FFFFFF
4226	#EFEDF6	#FEFEFE
4227	#E5E2F1	#FEFEFE
4228	#EFECF6	#FEFEFE
4230	#E8E5F3	#FEFEFE
4231	#E1BEBA	#FEFEFE
4232	#B7AFD8	#FDFDFD
4233	#AEA5D3	#FCFCFC
4234	#B7AED8	#FBFBFB
4235	#D3CDE7	#FDFDFD
4236	#DCD8EC	#FEFEFE
4237	#D0C9E5	#FCFCFC
4238	#C3BBDE	#FDFDFD
4239	#CCC5E3	#FDFDFD
4240	#A79DCF	#FBFBFB
4241	#B7AFD8	#FDFDFD
4242	#E8E5F3	#FEFEFE
4244	#E6E2F1	#FEFEFE
4245	#C7C0E0	#FCFCFC
4246	#A79ECF	#FBFBFB
4247	#EBD4D0	#FEFEFE
4248	#D7D2E9	#FDFDFD
4249	#F4E5E3	#FEFEFE
4250	#DDD8ED	#FEFEFE
4251	#F1E0DE	#FEFEFE
4252	#E8E5F3	#FEFEFE
4253	#FEFCFC	#FFFFFF
4254	#F1E0DE	#FEFEFE
4255	#F1E0DE	#FEFEFE
4256	#B8AFD8	#FDFDFD
4257	#A79DCF	#FBFBFB
4258	#D4CEE8	#FEFEFE
4259	#FBF7F6	#FFFFFF
4260	#AEA5D3	#FCFCFC
4261	#F6F4FA	#FFFFFF
4262	#E4E1F1	#FEFEFE
4263	#FBFAFD	#FFFFFF
4264	#E5E1F1	#FEFEFE
4265	#D3CEE7	#FDFDFD
4266	#DDD8EC	#FEFEFE
4267	#C3BBDE	#FDFDFD
4268	#D0CAE5	#FCFCFC
4269	#958AC5	#F9F9F9
4270	#C3BBDE	#FDFDFD
4272	#DDD8EC	#FEFEFE
4273	#FAFAFC	#FFFFFF
4274	#F8EEED	#FFFFFF
4275	#B7AFD8	#FAFAFA
4276	#F8EEED	#FFFFFF
4277	#DCD8EC	#FEFEFE
4278	#FAFAFC	#FFFFFF
4279	#FAFAFD	#FFFFFF
4280	#F8EEED	#FFFFFF
4281	#D3CDE7	#FDFDFD
4282	#B1A8D5	#FAFAFA
4283	#C3BBDE	#FDFDFD
4284	#FAF9FC	#FFFFFF
4285	#FBFAFD	#FFFFFF
4286	#DDD8EC	#FEFEFE
4287	#FAFAFC	#FFFFFF
4289	#F1DFDD	#FEFEFE
4290	#DCD8EC	#FEFEFE
4291	#E9E5F3	#FEFEFE
4292	#EFECF6	#FFFFFF
4293	#FBFAFD	#FFFFFF
4294	#B7AFD8	#FDFDFD
4295	#CCC5E3	#FDFDFD
4296	#DCD8EC	#FEFEFE
4297	#EDD6D3	#FEFEFE
4298	#E8E5F3	#FEFEFE
4299	#C7C0E1	#FCFCFC
4300	#FBF7F6	#FFFFFF
4301	#ECD6D3	#FEFEFE
4302	#F7EEEC	#FFFFFF
4303	#DDD8EC	#FEFEFE
4304	#FEFDFC	#FFFFFF
4305	#FAFAFD	#FFFFFF
4306	#DCD7EC	#FEFEFE
4307	#E9E5F3	#FEFEFE
4308	#C2BADE	#FBFBFB
4309	#EFECF6	#FFFFFF
4310	#EEECF6	#FFFFFF
4311	#DDD8EC	#FEFEFE
4312	#D4CFE8	#FEFEFE
4313	#FEFDFD	#FFFFFF
4314	#FAF9FC	#FFFFFF
4315	#E4E1F1	#FEFEFE
4316	#EEECF6	#FFFFFF
4317	#C3BBDE	#FDFDFD
4318	#E5E1F1	#FEFEFE
4319	#F6F5FA	#FFFFFF
4320	#F1E0DE	#FEFEFE
4321	#EEEBF6	#FFFFFF
4322	#DDD8EC	#FEFEFE
4323	#E5E1F1	#FEFEFE
4324	#E9E5F3	#FEFEFE
4325	#D5CFE8	#FEFEFE
4326	#DDD8EC	#FEFEFE
4327	#C3BBDE	#FDFDFD
4329	#E4E1F1	#FEFEFE
4330	#A79ECF	#FBFBFB
4331	#DCD7EC	#FEFEFE
4332	#FCFBFD	#FFFFFF
4333	#AEA5D3	#FCFCFC
4334	#C3BBDE	#FDFDFD
4335	#B7AED8	#FDFDFD
4336	#AEA5D3	#FCFCFC
4337	#E8E5F3	#FEFEFE
4338	#DCD8EC	#FEFEFE
4339	#FAF9FC	#FFFFFF
4341	#D7D2E9	#FDFDFD
4342	#F9F8FC	#FFFFFF
4343	#D5CFE8	#FDFDFD
4345	#C3BBDE	#FDFDFD
4346	#FAF9FC	#FFFFFF
4347	#DEDAED	#FEFEFE
4348	#AEA5D3	#FCFCFC
4349	#FCF7F7	#FFFFFF
4350	#AEA5D3	#FCFCFC
4351	#FFFFFF	#FFFFFF
4352	#F6F5FA	#FFFFFF
4353	#FBFAFD	#FFFFFF
4354	#FBF5F4	#FFFFFF
4355	#D3CDE7	#FDFDFD
4356	#EEECF6	#FFFFFF
4357	#EEECF6	#FFFFFF
4358	#D3CEE7	#FDFDFD
4359	#F9F1F0	#FFFFFF
4360	#E8E5F3	#FEFEFE
4361	#E6E2F1	#FEFEFE
4362	#C4BDDF	#FCFCFC
4363	#E8E5F3	#FEFEFE
4364	#E8E5F3	#FEFEFE
4365	#DDD9ED	#FEFEFE
4366	#E8E5F3	#FEFEFE
4367	#E5E1F1	#FEFEFE
4368	#D5CFE8	#FDFDFD
4369	#BDB5DB	#FCFCFC
4370	#F7EDEB	#FFFFFF
4371	#E4E1F0	#FEFEFE
4372	#FBFBFD	#FFFFFF
4373	#E9E6F3	#FEFEFE
4374	#B7AFD8	#FDFDFD
4375	#FAF9FC	#FFFFFF
4376	#D5CFE8	#FEFEFE
4377	#F7EEEC	#FFFFFF
4378	#B7AFD8	#FDFDFD
4379	#D8D3EA	#FDFDFD
4380	#D5CFE8	#FEFEFE
4381	#F1E0DE	#FEFEFE
4382	#C3BBDE	#FDFDFD
4383	#E9E5F3	#FEFEFE
4384	#D3CEE7	#FDFDFD
4385	#FBFAFD	#FFFFFF
4386	#DDD8ED	#FEFEFE
4387	#9B91C8	#FAFAFA
4388	#FBFAFD	#FFFFFF
4390	#E9E5F3	#FEFEFE
4391	#D5CFE8	#FEFEFE
4392	#A197CC	#FBFBFB
4393	#DCD7EC	#FEFEFE
4394	#CCC5E3	#FDFDFD
4395	#FEFCFC	#FFFFFF
4396	#EDEBF5	#FEFEFE
4397	#EEEBF6	#FFFFFF
4398	#EEECF6	#FFFFFF
4399	#EEECF6	#FFFFFF
4400	#DBD6EC	#FEFEFE
4401	#F1F0F8	#FFFFFF
4402	#D3CEE7	#FDFDFD
4403	#E9E5F3	#FEFEFE
4404	#F6F5FA	#FFFFFF
4405	#FBF7F6	#FFFFFF
4406	#E4E1F0	#FEFEFE
4407	#FAF9FC	#FFFFFF
4408	#FBF6F6	#FFFFFF
4409	#EEECF6	#FFFFFF
4410	#FEFDFC	#FFFFFF
4411	#EEECF6	#FFFFFF
4412	#E9CECB	#FEFEFE
4413	#E5E1F1	#FEFEFE
4414	#DDD9ED	#FEFEFE
4415	#FEFDFD	#FFFFFF
4416	#EDEAF5	#FEFEFE
4417	#F6F4FA	#FFFFFF
4418	#F6F4FA	#FFFFFF
4419	#FBFAFD	#FFFFFF
4420	#CBC5E3	#FDFDFD
4421	#C3BBDE	#FDFDFD
4422	#EEECF6	#FFFFFF
4423	#FAFAFC	#FFFFFF
4424	#D5CFE8	#FEFEFE
4425	#E1BEBA	#FEFEFE
4426	#D5CFE8	#FEFEFE
4428	#FAF9FC	#FFFFFF
4429	#DBD7EC	#FEFEFE
4430	#CCC5E3	#FDFDFD
4431	#FAF9FC	#FFFFFF
4432	#FAFAFD	#FFFFFF
4433	#BDB5DB	#FCFCFC
4434	#DDD8EC	#FEFEFE
4435	#DEDAED	#FEFEFE
4436	#C3BBDE	#FDFDFD
4438	#FBFAFD	#FFFFFF
4439	#FEFDFC	#FFFFFF
4441	#E4E1F1	#FEFEFE
4442	#CBC5E3	#FDFDFD
4443	#EFECF6	#FEFEFE
4444	#A79ECF	#FBFBFB
4446	#D5CFE8	#FDFDFD
4447	#F7EDEB	#FFFFFF
4448	#DDD8EC	#FEFEFE
4449	#DFDAEE	#FEFEFE
4450	#CCC5E3	#FCFCFC
4451	#FDFAFA	#FFFFFF
4452	#FCFBFD	#FFFFFF
4453	#FBF7F6	#FFFFFF
4454	#EEECF6	#FFFFFF
4455	#C4BCDF	#FCFCFC
4456	#E6C8C4	#FDFDFD
4457	#F4E6E4	#FEFEFE
4458	#EFEDF7	#FFFFFF
4459	#FBF6F6	#FFFFFF
4460	#D9B0AB	#FDFDFD
4461	#F8EEEC	#FFFFFF
4462	#B7AED8	#FDFDFD
4463	#E9E5F3	#FEFEFE
4464	#AFA5D3	#FCFCFC
4465	#F8EFED	#FFFFFF
4466	#C4BCDF	#FCFCFC
4467	#E9E6F3	#FEFEFE
4468	#DCD7EC	#FEFEFE
4469	#A79ECF	#FBFBFB
4470	#CCC5E3	#FDFDFD
4471	#D4CEE7	#FDFDFD
4472	#E8E5F3	#FEFEFE
4473	#ECD6D3	#FEFEFE
4474	#CCC5E3	#FDFDFD
4475	#EEECF6	#FFFFFF
4476	#F8EEED	#FFFFFF
4477	#EEECF6	#FFFFFF
4478	#FBF6F5	#FFFFFF
4479	#B7AFD8	#FDFDFD
4480	#F9F9FC	#FFFFFF
4481	#EFECF6	#FFFFFF
4482	#AEA5D3	#FCFCFC
4483	#DDD8EC	#FEFEFE
4484	#C3BBDE	#FDFDFD
4485	#B7AFD8	#FDFDFD
4486	#FAF9FC	#FFFFFF
4487	#FAF9FC	#FFFFFF
4488	#D5CFE8	#FEFEFE
4489	#EFECF6	#FFFFFF
4491	#D5CFE8	#FEFEFE
4492	#DDD8EC	#FEFEFE
4493	#FBFBFD	#FFFFFF
4494	#C3BBDE	#FDFDFD
4495	#A197CC	#FBFBFB
4496	#DDD8EC	#FEFEFE
4497	#EFECF6	#FFFFFF
4498	#D4CEE8	#FDFDFD
4499	#B8AFD8	#FAFAFA
4500	#A49ACD	#F8F8F8
4501	#F9F8FC	#FFFFFF
4502	#FBF6F5	#FFFFFF
4503	#F6F4FA	#FFFFFF
4504	#C3BBDE	#FDFDFD
4505	#E8E5F3	#FEFEFE
4506	#E4E1F1	#FEFEFE
4507	#EEECF6	#FEFEFE
4508	#C3BBDE	#FDFDFD
4509	#D5CFE8	#FEFEFE
4510	#ECEAF5	#FEFEFE
4511	#EEECF6	#FEFEFE
4512	#C8C1E1	#FCFCFC
4513	#C4BCDF	#FCFCFC
4514	#F9F8FC	#FFFFFF
4515	#D5CFE8	#FEFEFE
4516	#C3BBDE	#FDFDFD
4517	#EFEDF6	#FFFFFF
4518	#E8E5F3	#FEFEFE
4519	#FDFCFE	#FFFFFF
4520	#BEB6DB	#FCFCFC
4521	#F8EFED	#FFFFFF
4522	#F8EEED	#FFFFFF
4523	#FBF6F6	#FFFFFF
4524	#E6C8C4	#FDFDFD
4525	#E5E2F1	#FEFEFE
4526	#DDD8ED	#FEFEFE
4527	#E9E5F3	#FEFEFE
4528	#C3BBDE	#FDFDFD
4529	#FAF9FC	#FFFFFF
4530	#EEECF6	#FFFFFF
4531	#E8E5F3	#FEFEFE
4532	#A197CC	#FBFBFB
4533	#C3BBDE	#FDFDFD
4534	#C3BBDE	#FDFDFD
4535	#C3BBDE	#FDFDFD
4536	#C3BBDE	#FDFDFD
4537	#AFA6D3	#FCFCFC
4538	#F1E0DD	#FEFEFE
4539	#EBD4D0	#FEFEFE
4540	#CCC5E3	#FDFDFD
4541	#DDD8EC	#FEFEFE
4542	#DCD7EC	#FEFEFE
4543	#DDD9ED	#FEFEFE
4544	#CEC7E4	#FDFDFD
4545	#EAE8F4	#FEFEFE
4547	#C6BFE0	#FBFBFB
4548	#F2F0F8	#FFFFFF
4549	#F4E6E4	#FEFEFE
4550	#F8EEED	#FFFFFF
4551	#EDEBF5	#FEFEFE
4552	#D4A5A0	#FCFCFC
4553	#E8E5F3	#FEFEFE
4554	#D5CFE8	#FEFEFE
4555	#FBFBFD	#FFFFFF
4556	#CCC5E3	#FDFDFD
4557	#F1DFDD	#FEFEFE
4558	#DCD7EC	#FEFEFE
4559	#E7E3F2	#FEFEFE
4560	#CBC5E3	#FDFDFD
4561	#CCC5E3	#FDFDFD
4562	#CBC4E3	#FDFDFD
4563	#FEFEFD	#FFFFFF
4564	#AEA5D3	#FCFCFC
4565	#DDD8ED	#FEFEFE
4566	#D5CFE8	#FEFEFE
4567	#E9E5F3	#FEFEFE
4569	#FBFBFD	#FFFFFF
4570	#E9E5F3	#FEFEFE
4571	#F7ECEA	#FFFFFF
4572	#E4E0F0	#FEFEFE
4573	#AFA5D3	#FCFCFC
4574	#C3BBDE	#FDFDFD
4576	#EEECF6	#FFFFFF
4577	#DEDAED	#FDFDFD
4578	#D3CDE7	#FDFDFD
4579	#DCD8EC	#FEFEFE
4580	#DCD7EC	#FEFEFE
4581	#F1E0DD	#FEFEFE
4582	#D3CEE7	#FDFDFD
4583	#F2F0F8	#FFFFFF
4584	#A197CC	#FBFBFB
4585	#C4BDDF	#FCFCFC
4586	#CF9C96	#FCFCFC
4588	#FAF9FC	#FFFFFF
4589	#D5CFE8	#FEFEFE
4590	#FAFAFC	#FFFFFF
4592	#E8E5F3	#FEFEFE
4593	#DED9ED	#FEFEFE
4594	#F2F0F8	#FFFFFF
4595	#B7AED8	#FAFAFA
4596	#F8EEED	#FFFFFF
4597	#BDB5DB	#FCFCFC
4598	#E4E1F1	#FEFEFE
4599	#FDFDFE	#FFFFFF
4600	#FEFDFD	#FFFFFF
4601	#D5CFE8	#FEFEFE
4602	#FAFAFC	#FFFFFF
4603	#E9E5F3	#FEFEFE
4604	#AFA5D3	#FCFCFC
4605	#FBFAFD	#FFFFFF
4606	#F8EEED	#FFFFFF
4607	#AFA5D3	#FCFCFC
4608	#E5E1F1	#FEFEFE
4609	#DCD7EC	#FEFEFE
4610	#DEDAED	#FEFEFE
4611	#B7AFD8	#FDFDFD
4612	#DDD8ED	#FEFEFE
4613	#F9F8FC	#FFFFFF
4614	#DCD8EC	#FEFEFE
4615	#CBC5E3	#FDFDFD
4616	#E8E5F3	#FEFEFE
4617	#D5CFE8	#FEFEFE
4618	#E4E0F0	#FEFEFE
4619	#B7AED8	#FDFDFD
4620	#DEDAED	#FEFEFE
4621	#E9E5F3	#FEFEFE
4622	#C6BFE0	#FBFBFB
4623	#DDD8ED	#FEFEFE
4624	#FBF6F6	#FFFFFF
4625	#F7EEEC	#FFFFFF
4626	#BEB6DB	#FCFCFC
4627	#FAFAFC	#FFFFFF
4628	#E5E1F1	#FEFEFE
4629	#AEA5D3	#FCFCFC
4630	#E6E3F2	#FEFEFE
4631	#EEECF6	#FFFFFF
4632	#B8AFD8	#FDFDFD
4633	#EFEDF6	#FEFEFE
4634	#F2E1DF	#FEFEFE
4635	#D4CFE8	#FEFEFE
4636	#FAFAFC	#FFFFFF
4637	#DED9ED	#FEFEFE
4638	#E5E1F1	#FEFEFE
4639	#F8EEED	#FFFFFF
4640	#B7AED8	#FDFDFD
4641	#DDD8EC	#FEFEFE
4642	#FEFEFD	#FFFFFF
4643	#EDEBF5	#FEFEFE
4644	#F9F8FC	#FFFFFF
4645	#A79ECF	#FBFBFB
4646	#FAFAFD	#FFFFFF
4648	#D0CAE6	#FCFCFC
4649	#E4E0F0	#FEFEFE
4650	#B7AFD8	#FDFDFD
4651	#FBFAFD	#FFFFFF
4652	#D3CDE7	#FDFDFD
4653	#FAF9FC	#FFFFFF
4654	#F8EEED	#FFFFFF
4655	#EBD4D0	#FEFEFE
4656	#FBFAFD	#FFFFFF
4657	#CBC5E3	#FDFDFD
4658	#F6F5FA	#FFFFFF
4659	#F9F8FC	#FFFFFF
4660	#D5CFE8	#FDFDFD
4661	#E4E0F0	#FEFEFE
4662	#968BC6	#F9F9F9
4663	#A197CC	#FBFBFB
4664	#D5CFE8	#FDFDFD
4665	#F7F5FA	#FFFFFF
4666	#DDD9ED	#FEFEFE
4667	#D5CFE8	#FEFEFE
4668	#C3BBDE	#FDFDFD
4669	#D5CFE8	#FEFEFE
4670	#B7AFD8	#FDFDFD
4671	#E9E5F3	#FEFEFE
4672	#B7AFD8	#FDFDFD
4673	#E9E5F3	#FEFEFE
4674	#E8E5F3	#FEFEFE
4675	#F8EEED	#FFFFFF
4677	#F1DFDD	#FEFEFE
4678	#C4BDDF	#FCFCFC
4679	#A79DCF	#FBFBFB
4680	#FBF7F6	#FFFFFF
4681	#F2F0F8	#FFFFFF
4683	#EEECF6	#FFFFFF
4684	#AEA5D3	#FCFCFC
4685	#AFA6D3	#FCFCFC
4686	#FAF9FC	#FFFFFF
4687	#FAF9FC	#FFFFFF
4688	#FAF9FC	#FFFFFF
4689	#FAF9FC	#FFFFFF
4690	#DDD9ED	#FEFEFE
4691	#AFA6D3	#FCFCFC
4693	#EEECF6	#FFFFFF
4694	#E4E1F1	#FEFEFE
4695	#CDC7E4	#FCFCFC
4696	#BDB5DB	#FCFCFC
4697	#CBC5E3	#FCFCFC
4698	#DCD7EC	#FEFEFE
4699	#FAFAFC	#FFFFFF
4700	#B1A8D5	#FAFAFA
4701	#AFA5D3	#FCFCFC
4702	#DCD7EC	#FEFEFE
4703	#E4E1F1	#FEFEFE
4704	#EEECF6	#FFFFFF
4705	#B7AFD8	#FDFDFD
4706	#E9E5F3	#FEFEFE
4707	#E1BEBA	#FEFEFE
4708	#DBD7EC	#FEFEFE
4709	#F8EEED	#FFFFFF
4710	#D2CCE7	#FDFDFD
4711	#FEFDFD	#FFFFFF
4712	#D4CEE7	#FDFDFD
4713	#B7AFD8	#FDFDFD
4714	#DDD8ED	#FEFEFE
4715	#F9F8FC	#FFFFFF
4716	#CBC5E3	#FDFDFD
4717	#DDD8EC	#FEFEFE
4718	#A79DCF	#FBFBFB
4719	#B7AFD8	#FDFDFD
4720	#FEFCFC	#FFFFFF
4721	#DCD8EC	#FEFEFE
4722	#CDC7E4	#FCFCFC
4723	#A197CC	#FBFBFB
4724	#9B90C8	#FAFAFA
4725	#D5CFE8	#FEFEFE
4726	#C5BDDF	#FCFCFC
4727	#DDD8EC	#FEFEFE
4728	#EEECF6	#FFFFFF
4730	#DCD7EC	#FEFEFE
4731	#DDD8EC	#FEFEFE
4732	#E6E3F1	#FEFEFE
4733	#DDD8ED	#FEFEFE
4734	#DCD7EC	#FEFEFE
4735	#FBF6F5	#FFFFFF
4736	#D4CFE8	#FDFDFD
4737	#ECD6D3	#FEFEFE
4738	#FAF9FC	#FFFFFF
4739	#D4CEE7	#FDFDFD
4740	#E4E0F0	#FEFEFE
4741	#A197CC	#FBFBFB
4742	#DDD8EC	#FEFEFE
4743	#DCD7EC	#FEFEFE
4744	#F2F0F8	#FFFFFF
4745	#EFECF6	#FEFEFE
4746	#CCC5E3	#FDFDFD
4747	#CBC4E3	#FCFCFC
4749	#ADA3D2	#FAFAFA
4750	#FAFAFD	#FFFFFF
4751	#CBC5E3	#FDFDFD
4752	#E9E6F3	#FEFEFE
4753	#F1E0DD	#FEFEFE
4754	#DDD8ED	#FEFEFE
4755	#DDD8EC	#FEFEFE
4756	#A89ECF	#FBFBFB
4757	#F8EEED	#FFFFFF
4758	#D4CEE7	#FDFDFD
4759	#EBD4D0	#FEFEFE
4760	#E6E3F2	#FEFEFE
4761	#FBF6F5	#FFFFFF
4762	#CEC7E4	#FDFDFD
4763	#D3CEE7	#FDFDFD
4764	#E6E2F1	#FEFEFE
4765	#E4E0F0	#FEFEFE
4766	#F7ECEB	#FFFFFF
4767	#EBD4D0	#FEFEFE
4768	#FAF9FC	#FFFFFF
4769	#DCD7EC	#FEFEFE
4770	#F8EEED	#FFFFFF
4771	#FBFAFD	#FFFFFF
4772	#FBF6F5	#FFFFFF
4773	#EFECF6	#FFFFFF
4774	#C3BBDE	#FDFDFD
4775	#E9E5F3	#FEFEFE
4776	#AEA5D3	#FCFCFC
4777	#FAF9FC	#FFFFFF
4778	#C4BDDF	#FCFCFC
4779	#EBD4D0	#FEFEFE
4780	#CDC7E4	#FCFCFC
4781	#AFA5D3	#FCFCFC
4782	#CCC6E3	#FDFDFD
4783	#B7AFD8	#FDFDFD
4784	#EEEBF6	#FEFEFE
4785	#DED9ED	#FEFEFE
4786	#EFECF6	#FFFFFF
4787	#B7AFD8	#FDFDFD
4788	#F0EDF7	#FFFFFF
4789	#E1BEBA	#FEFEFE
4790	#EFECF6	#FEFEFE
4791	#C3BBDE	#FDFDFD
4792	#EEECF6	#FEFEFE
4794	#E4E0F0	#FEFEFE
4795	#E8E5F3	#FEFEFE
4796	#E8CDCA	#FEFEFE
4797	#EEECF6	#FFFFFF
4798	#E8E5F3	#FEFEFE
4799	#CCC5E3	#FDFDFD
4800	#E6E2F1	#FEFEFE
4801	#BEB6DC	#FCFCFC
4802	#8F85C2	#F9F9F9
4803	#F0DEDC	#FEFEFE
4804	#FAFAFC	#FFFFFF
4805	#F9F2F1	#FFFFFF
4806	#C5BEDF	#FCFCFC
4807	#E8E5F3	#FEFEFE
4808	#C3BBDE	#FDFDFD
4809	#AFA6D3	#FCFCFC
4810	#C3BBDE	#FDFDFD
4811	#FAF9FC	#FFFFFF
4812	#D7D2E9	#FDFDFD
4813	#B7AFD8	#FDFDFD
4814	#EEECF6	#FFFFFF
4815	#B7AFD8	#FDFDFD
4816	#A79ECF	#FBFBFB
4817	#DDD8EC	#FEFEFE
4818	#EBD4D0	#FEFEFE
4819	#D3CDE7	#FDFDFD
4820	#E8E5F3	#FEFEFE
4821	#C3BBDE	#FDFDFD
4822	#D4CEE7	#FDFDFD
4823	#B7AFD8	#FDFDFD
4824	#EBD4D0	#FEFEFE
4825	#C3BBDE	#FDFDFD
4826	#C3BBDE	#FDFDFD
4827	#E9E5F3	#FEFEFE
4828	#D3CEE7	#FDFDFD
4829	#D4CFE8	#FEFEFE
4830	#E9E6F3	#FEFEFE
4831	#FBF6F5	#FFFFFF
4832	#A79DCF	#FBFBFB
4833	#DBD7EC	#FEFEFE
4834	#EEECF6	#FFFFFF
4835	#E4E0F0	#FEFEFE
4836	#E9E5F3	#FEFEFE
4837	#E8E5F3	#FEFEFE
4838	#A79ECF	#FBFBFB
4839	#CCC5E3	#FDFDFD
4840	#E8E5F3	#FEFEFE
4841	#D3CEE7	#FDFDFD
4842	#DCD8EC	#FEFEFE
4843	#DDD8EC	#FEFEFE
4844	#CDC7E4	#FDFDFD
4845	#F8EEED	#FFFFFF
4846	#F6F4FA	#FFFFFF
4847	#EEECF6	#FFFFFF
4848	#FBF6F5	#FFFFFF
4850	#FBFBFD	#FFFFFF
4851	#DCD8EC	#FEFEFE
4852	#F6F5FA	#FFFFFF
4853	#E5E1F1	#FEFEFE
4854	#D5CFE8	#FEFEFE
4855	#FAF9FC	#FFFFFF
4856	#9B91C9	#FAFAFA
4857	#C4BDDF	#FCFCFC
4858	#DDD9ED	#FDFDFD
4860	#D4CFE8	#FEFEFE
4862	#EAE7F4	#FEFEFE
4863	#CBC4E3	#FDFDFD
4864	#C4BDDF	#FCFCFC
4865	#D5CFE8	#FEFEFE
4866	#BEB6DC	#FCFCFC
4867	#A197CC	#FBFBFB
4868	#DDD8EC	#FEFEFE
4869	#C3BBDE	#FDFDFD
4870	#F9F8FC	#FFFFFF
4871	#DDD8ED	#FEFEFE
4872	#E9E6F3	#FEFEFE
4873	#EFECF6	#FEFEFE
4874	#C3BBDE	#FDFDFD
4875	#B8AFD8	#FDFDFD
4876	#EBD4D0	#FEFEFE
4877	#B7AFD8	#FDFDFD
4878	#EEECF6	#FEFEFE
4879	#FAF9FC	#FFFFFF
4880	#CDC6E4	#FCFCFC
4881	#E4E0F0	#FEFEFE
4882	#F7EDEB	#FFFFFF
4883	#D9D3EA	#FDFDFD
4884	#EEECF6	#FFFFFF
4885	#FAF9FC	#FFFFFF
4886	#C1B9DD	#FBFBFB
4887	#D5CFE8	#FEFEFE
4888	#F1E0DE	#FEFEFE
4889	#F8EFED	#FFFFFF
4890	#E8E5F3	#FEFEFE
4891	#BCB4DA	#FAFAFA
4892	#F9F8FC	#FFFFFF
4893	#F9F9FC	#FFFFFF
4895	#FAF9FC	#FFFFFF
4896	#BDB5DB	#FCFCFC
4897	#F9F8FC	#FFFFFF
4898	#FAF9FC	#FFFFFF
4899	#E8CDCA	#FEFEFE
4900	#EEECF6	#FFFFFF
4901	#F5F4FA	#FFFFFF
4902	#F6F4FA	#FFFFFF
4903	#A096CB	#FBFBFB
4904	#FBF6F5	#FFFFFF
4905	#F9F8FC	#FFFFFF
4906	#E4E1F1	#FEFEFE
4907	#E8E5F3	#FEFEFE
4908	#E9E6F3	#FEFEFE
4909	#F1E0DD	#FEFEFE
4910	#D4CFE8	#FEFEFE
4911	#FAF9FC	#FFFFFF
4912	#DFDAED	#FDFDFD
4913	#EEECF6	#FEFEFE
4914	#D5CFE8	#FDFDFD
4915	#F8EFED	#FFFFFF
4916	#DDD8EC	#FEFEFE
4917	#C7BFE0	#FCFCFC
4918	#FAF9FC	#FFFFFF
4919	#EEEBF6	#FFFFFF
4920	#EFEDF6	#FEFEFE
4921	#E8E5F3	#FEFEFE
4922	#FBFAFD	#FFFFFF
4923	#C3BBDE	#FDFDFD
4924	#DDD8ED	#FDFDFD
4925	#CBC4E3	#FDFDFD
4926	#FBF6F6	#FFFFFF
4927	#9A90C8	#FAFAFA
4928	#AFA6D3	#FCFCFC
4929	#B7AFD8	#FDFDFD
4930	#F7ECEB	#FFFFFF
4931	#E5E1F1	#FEFEFE
4932	#CDC7E4	#FDFDFD
4933	#E9E5F3	#FEFEFE
4934	#CDC6E4	#FCFCFC
4935	#E6E3F2	#FEFEFE
4936	#F7EEEC	#FFFFFF
4937	#DCD7EC	#FEFEFE
4938	#DDD8EC	#FEFEFE
4939	#FBF7F6	#FFFFFF
4940	#F9F8FC	#FFFFFF
4941	#FEFDFD	#FFFFFF
4942	#E6C9C5	#FDFDFD
4943	#C3BBDE	#FDFDFD
4944	#D4CEE8	#FDFDFD
4945	#FBF7F6	#FFFFFF
4946	#ECD5D2	#FEFEFE
4947	#EDEAF5	#FEFEFE
4948	#DED9ED	#FEFEFE
4949	#E5E1F1	#FEFEFE
4951	#F9F9FC	#FFFFFF
4952	#FEFDFD	#FFFFFF
4953	#DEDAED	#FEFEFE
4954	#B7AFD8	#FDFDFD
4955	#F1E0DE	#FEFEFE
4956	#F4E5E4	#FEFEFE
4957	#EFEDF6	#FEFEFE
4958	#D4CEE8	#FDFDFD
4959	#EEECF6	#FFFFFF
4960	#AEA5D3	#FCFCFC
4961	#D5CFE8	#FEFEFE
4962	#DCD8EC	#FEFEFE
4963	#BEB6DC	#FCFCFC
4964	#DDD8EC	#FEFEFE
4965	#FBF6F6	#FFFFFF
4966	#EFECF6	#FFFFFF
4967	#A79DCF	#FBFBFB
4968	#EFEDF6	#FEFEFE
4969	#D4CEE8	#FEFEFE
4970	#DDD8EC	#FEFEFE
4971	#E8E5F3	#FEFEFE
4972	#AEA5D3	#FCFCFC
4973	#B7AFD8	#FDFDFD
4974	#DDD8EC	#FDFDFD
4975	#FBF6F5	#FFFFFF
4976	#C3BBDE	#FDFDFD
4977	#FAF9FC	#FFFFFF
4978	#B7AFD8	#FDFDFD
4979	#E9E6F3	#FEFEFE
4980	#B1A8D5	#FAFAFA
4981	#B7AFD8	#FDFDFD
4982	#E6E3F2	#FEFEFE
4983	#DCD8EC	#FEFEFE
4984	#F8EEED	#FFFFFF
4985	#FFFEFE	#FFFFFF
4986	#D4CFE8	#FEFEFE
4987	#D4CEE8	#FEFEFE
4988	#F7EDEB	#FEFEFE
4989	#F8EEED	#FFFFFF
4990	#A79ECF	#FBFBFB
4991	#EFEDF6	#FEFEFE
4992	#DDD8EC	#FEFEFE
4993	#FBF6F5	#FFFFFF
4994	#CCC6E4	#FCFCFC
4996	#B7AFD8	#FDFDFD
4997	#FAFAFC	#FFFFFF
4998	#E8E5F3	#FEFEFE
4999	#DDD8ED	#FEFEFE
5000	#DBD6EC	#FEFEFE
5001	#D4CEE8	#FDFDFD
5002	#DFDAED	#FEFEFE
5003	#9B90C8	#FAFAFA
5004	#FAF9FC	#FFFFFF
5005	#DDD8EC	#FEFEFE
5006	#AEA5D3	#FCFCFC
5007	#E8E5F3	#FEFEFE
5008	#F9F8FC	#FFFFFF
5009	#F6F4FA	#FFFFFF
5010	#F6F5FA	#FFFFFF
5011	#C3BBDE	#FDFDFD
5012	#D9B0AB	#FDFDFD
5013	#EBD4D0	#FEFEFE
5014	#B2A9D5	#FAFAFA
5015	#BFB7DC	#FCFCFC
5016	#FAF9FC	#FFFFFF
5017	#B7AFD8	#FDFDFD
5018	#C3BBDE	#FDFDFD
5019	#F1E0DD	#FEFEFE
5020	#9B91C8	#FAFAFA
5021	#CCC5E3	#FDFDFD
5022	#DCD7EC	#FEFEFE
5023	#D4CFE8	#FEFEFE
5024	#F8EEED	#FFFFFF
5025	#CCC5E3	#FDFDFD
5026	#C3BBDE	#FDFDFD
5027	#FAF9FC	#FFFFFF
5028	#EEECF6	#FFFFFF
5029	#C3BBDE	#FDFDFD
5030	#C3BBDE	#FDFDFD
5031	#FBF6F5	#FFFFFF
5032	#BEB6DC	#FCFCFC
5033	#FDFAFA	#FFFFFF
5034	#EEECF6	#FEFEFE
5035	#CBC5E3	#FDFDFD
5036	#D8D2EA	#FDFDFD
5037	#F1E0DE	#FEFEFE
5038	#E9E6F3	#FEFEFE
5039	#D0CAE5	#FCFCFC
5040	#9A90C8	#FAFAFA
5041	#E5E1F1	#FEFEFE
5042	#EEECF6	#FFFFFF
5043	#D4CEE8	#FEFEFE
5044	#DDD8ED	#FEFEFE
5045	#B7AFD8	#FDFDFD
5046	#D5CFE8	#FEFEFE
5047	#A79ECF	#FBFBFB
5048	#DCD8EC	#FEFEFE
5049	#EFECF6	#FEFEFE
5050	#E6E3F2	#FEFEFE
5052	#E6E2F1	#FEFEFE
5053	#DDD9ED	#FEFEFE
5054	#FBFAFD	#FFFFFF
5055	#ECD5D2	#FEFEFE
5056	#F7ECEB	#FFFFFF
5057	#A096CB	#FBFBFB
5058	#F8EEED	#FFFFFF
5059	#FBF6F5	#FFFFFF
5060	#E4E0F0	#FEFEFE
5061	#EBD4D0	#FEFEFE
5062	#E9E5F3	#FEFEFE
5063	#FAF9FC	#FFFFFF
5064	#EFEDF6	#FEFEFE
5065	#FAF9FC	#FFFFFF
5066	#B7AFD8	#FDFDFD
5067	#DDD8EC	#FEFEFE
5068	#E8E5F3	#FEFEFE
5069	#DCD8EC	#FEFEFE
5070	#E6E2F1	#FEFEFE
5071	#F1EFF7	#FEFEFE
5072	#F8EFED	#FFFFFF
5073	#B7AFD8	#FDFDFD
5074	#DDD8EC	#FEFEFE
5075	#EFEDF6	#FEFEFE
5076	#E8E5F3	#FEFEFE
5077	#EEECF6	#FFFFFF
5078	#D4CFE8	#FEFEFE
5079	#D4CFE8	#FEFEFE
5080	#CCC5E3	#FDFDFD
5081	#B7AFD8	#FDFDFD
5082	#CCC5E3	#FDFDFD
5083	#B7AFD8	#FDFDFD
5084	#ECD5D2	#FEFEFE
5085	#DCD7EC	#FEFEFE
5086	#FEFDFD	#FFFFFF
5087	#FBF6F5	#FFFFFF
5088	#FBFAFD	#FFFFFF
5089	#EAE7F4	#FEFEFE
5090	#D4CEE8	#FDFDFD
5091	#B2A9D5	#FAFAFA
5092	#FAF9FC	#FFFFFF
5093	#F9F8FC	#FFFFFF
5094	#FEFDFD	#FFFFFF
5095	#FBFAFD	#FFFFFF
5097	#FBFAFD	#FFFFFF
5098	#ECD6D3	#FEFEFE
5099	#DDD8EC	#FEFEFE
5100	#A89ECF	#FBFBFB
5101	#C7C0E0	#FCFCFC
