group	fill	colour
1	#D3A59F	#FCFCFC
2	#CDC6E4	#FCFCFC
3	#F3E3E1	#FEFEFE
4	#EBD4D1	#FDFDFD
5	#EBD3D0	#FDFDFD
6	#FAF9FC	#FFFFFF
7	#F5F4FA	#FFFFFF
8	#FDFBFB	#FFFFFF
9	#D0CAE6	#FCFCFC
10	#FBF5F4	#FFFFFF
11	#FBF7F6	#FFFFFF
12	#E4E1F1	#FEFEFE
13	#F8F7FB	#FFFFFF
14	#D7D2E9	#FDFDFD
15	#EDEAF5	#FEFEFE
16	#EDEAF5	#FEFEFE
17	#FBF6F5	#FFFFFF
18	#FCF8F7	#FFFFFF
19	#E6E2F1	#FEFEFE
20	#DDD9ED	#FEFEFE
21	#F8EFED	#FEFEFE
22	#E3DFF0	#FEFEFE
23	#EFECF6	#FEFEFE
24	#F6F5FA	#FFFFFF
25	#C68D86	#FBFBFB
26	#FFFFFF	#FFFFFF
27	#ECE9F5	#FEFEFE
28	#FCF9F8	#FFFFFF
29	#ECEAF5	#FEFEFE
30	#F1E0DE	#FEFEFE
31	#E4E1F1	#FDFDFD
32	#F5F4FA	#FFFFFF
33	#E1DDEF	#FDFDFD
34	#EEECF6	#FEFEFE
35	#F6F4FA	#FFFFFF
36	#FDFAFA	#FFFFFF
37	#EAE7F4	#FDFDFD
38	#DDD8ED	#FDFDFD
39	#D6D0E9	#FCFCFC
40	#DCD7EC	#FCFCFC
41	#FDFBFB	#FFFFFF
42	#E7E3F2	#FDFDFD
43	#D9D4EA	#FCFCFC
44	#DED9ED	#FDFDFD
45	#F2F0F8	#FEFEFE
46	#E6E2F1	#FEFEFE
47	#D3CDE7	#FDFDFD
48	#FEFDFD	#FFFFFF
49	#DED9ED	#FEFEFE
50	#F8EFED	#FEFEFE
51	#E5C8C4	#FDFDFD
52	#FAF9FC	#FFFFFF
53	#FAF9FC	#FFFFFF
54	#F5E8E6	#FEFEFE
55	#EDEBF5	#FEFEFE
56	#FBF6F6	#FFFFFF
57	#F2F0F8	#FEFEFE
58	#FAF9FC	#FFFFFF
59	#FCFBFD	#FFFFFF
60	#F7EDEC	#FEFEFE
61	#F8EFEE	#FEFEFE
62	#E5E1F1	#FEFEFE
63	#EDD6D3	#FEFEFE
64	#F2F0F8	#FEFEFE
65	#FFFEFE	#FFFFFF
66	#ECEAF5	#FEFEFE
67	#A79ECF	#FBFBFB
68	#FAF3F2	#FFFFFF
69	#DCD7EC	#FEFEFE
70	#F7EDEC	#FEFEFE
71	#F6F4FA	#FFFFFF
72	#FBFAFD	#FFFFFF
73	#FDFBFA	#FFFFFF
74	#F7ECEA	#FEFEFE
75	#FDFBFB	#FFFFFF
76	#ECE9F5	#FEFEFE
77	#FBF5F5	#FFFFFF
78	#FCF8F7	#FFFFFF
79	#F6F4FA	#FFFFFF
80	#FCF8F8	#FFFFFF
81	#F9F8FC	#FFFFFF
82	#F4F2F9	#FEFEFE
83	#EAE7F4	#FEFEFE
84	#E7E4F2	#FEFEFE
85	#F4F3F9	#FEFEFE
86	#F7ECEB	#FEFEFE
87	#E1DDEF	#FDFDFD
88	#ECE9F4	#FEFEFE
89	#F6EAE9	#FEFEFE
90	#DCD8EC	#FDFDFD
91	#F6F5FA	#FFFFFF
92	#E2DEEF	#FCFCFC
93	#D2CCE7	#FAFAFA
94	#F2F0F8	#FFFFFF
95	#E8E4F2	#FDFDFD
96	#FAF9FC	#FFFFFF
97	#E8E5F3	#FEFEFE
98	#F7ECEA	#FEFEFE
99	#F3E4E2	#FEFEFE
100	#E4E0F0	#FEFEFE
101	#BE8079	#FAFAFA
102	#FAFAFC	#FFFFFF
103	#CB9690	#FCFCFC
104	#E9E6F3	#FEFEFE
105	#E6C8C5	#FDFDFD
106	#FBF6F5	#FFFFFF
107	#EDD7D4	#FEFEFE
108	#FBFAFD	#FFFFFF
109	#EFECF6	#FFFFFF
110	#F3E4E2	#FEFEFE
111	#F9F1F0	#FFFFFF
112	#E6E3F1	#FEFEFE
113	#EED9D6	#FEFEFE
114	#EFECF6	#FEFEFE
115	#E7CBC8	#FDFDFD
116	#AFA6D3	#FCFCFC
117	#F9F1F0	#FFFFFF
118	#FFFEFE	#FFFFFF
119	#F6F5FA	#FFFFFF
120	#C1BADD	#FBFBFB
121	#F2F0F8	#FFFFFF
122	#EAE7F3	#FEFEFE
123	#DDD8ED	#FDFDFD
124	#E8E5F2	#FEFEFE
125	#E4E0F0	#FEFEFE
126	#FDFCFE	#FFFFFF
127	#E5E1F1	#FDFDFD
128	#FBF5F4	#FFFFFF
129	#F6F4FA	#FFFFFF
130	#FCF8F8	#FFFFFF
131	#F6F5FA	#FFFFFF
132	#FDFCFE	#FFFFFF
133	#FDFDFE	#FFFFFF
134	#D8D3EA	#FDFDFD
135	#DDD9ED	#FDFDFD
136	#FDFCFE	#FFFFFF
137	#EAD0CD	#FDFDFD
138	#E1DCEF	#FDFDFD
139	#E0BDB9	#FDFDFD
140	#E6E2F1	#FEFEFE
141	#E8E4F2	#FEFEFE
142	#DCD7EC	#FCFCFC
143	#EDEAF5	#FEFEFE
144	#EBE8F4	#FEFEFE
145	#CCC5E3	#FCFCFC
146	#D3CDE7	#FBFBFB
147	#F6F5FA	#FFFFFF
148	#E4E0F0	#FEFEFE
149	#FBFBFD	#FFFFFF
150	#E2C0BC	#FDFDFD
151	#FDFBFB	#FFFFFF
152	#E2C1BC	#FDFDFD
153	#D3CDE7	#FDFDFD
154	#E8E5F3	#FEFEFE
155	#E4E0F0	#FEFEFE
156	#FEFDFD	#FFFFFF
157	#FCF8F7	#FFFFFF
158	#F3E5E3	#FEFEFE
159	#FDFAFA	#FFFFFF
160	#F7EDEB	#FEFEFE
161	#FAF9FC	#FFFFFF
162	#DED9ED	#FDFDFD
163	#FCFCFE	#FFFFFF
164	#FBF6F5	#FFFFFF
165	#FBFBFD	#FFFFFF
166	#F1DFDC	#FEFEFE
167	#F9F1F0	#FFFFFF
168	#EBD4D1	#FDFDFD
169	#E9E6F3	#FEFEFE
170	#F0DDDA	#FDFDFD
171	#FCF8F7	#FFFFFF
172	#F8F0EE	#FEFEFE
173	#EDEBF5	#FEFEFE
174	#EEEBF6	#FEFEFE
175	#ECEAF5	#FEFEFE
176	#F9F1F0	#FFFFFF
177	#DBD6EB	#FCFCFC
178	#FEFDFD	#FFFFFF
179	#F7ECEB	#FEFEFE
180	#FAF4F4	#FFFFFF
181	#F8F7FB	#FFFFFF
182	#F2F0F8	#FEFEFE
183	#F2F0F8	#FEFEFE
184	#FBFAFD	#FFFFFF
185	#EFEDF7	#FEFEFE
186	#F9F1F0	#FEFEFE
187	#F9F2F1	#FFFFFF
188	#EED9D6	#FEFEFE
189	#F4E6E4	#FEFEFE
190	#E5E1F1	#FDFDFD
191	#C2BBDE	#FBFBFB
192	#F5F4FA	#FFFFFF
193	#E8E5F3	#FDFDFD
194	#FFFFFF	#FFFFFF
195	#FBFBFD	#FFFFFF
196	#FEFDFD	#FFFFFF
197	#EAE7F4	#FEFEFE
198	#DCD8EC	#FEFEFE
199	#F1E0DE	#FEFEFE
200	#F7ECEB	#FEFEFE
201	#EAE7F4	#FEFEFE
202	#F1DFDD	#FEFEFE
203	#FBFBFD	#FFFFFF
204	#F7ECEB	#FFFFFF
205	#ECD4D1	#FDFDFD
206	#F7ECEB	#FEFEFE
207	#E6C8C4	#FDFDFD
208	#E4E0F0	#FDFDFD
209	#FBFBFD	#FFFFFF
210	#F9F1F0	#FFFFFF
211	#F8F7FB	#FFFFFF
212	#D2CCE6	#FBFBFB
213	#F1E0DD	#FEFEFE
214	#EDEAF5	#FEFEFE
215	#F2E1DE	#FEFEFE
216	#F3F1F8	#FEFEFE
217	#F1E0DD	#FEFEFE
218	#ECEAF5	#FEFEFE
219	#F2F0F8	#FEFEFE
220	#F4E6E5	#FEFEFE
221	#F3E5E3	#FEFEFE
222	#EFEDF6	#FEFEFE
223	#F1DFDD	#FDFDFD
224	#F0EDF7	#FEFEFE
225	#F8F7FB	#FFFFFF
226	#FAFAFC	#FFFFFF
227	#ECD4D1	#FEFEFE
228	#FEFCFC	#FFFFFF
229	#FEFCFB	#FFFFFF
230	#FBF7F6	#FFFFFF
231	#F3E5E3	#FEFEFE
232	#FDFDFE	#FFFFFF
233	#F6F4FA	#FFFFFF
234	#EAE7F4	#FEFEFE
235	#BFB7DC	#F9F9F9
236	#EFDBD8	#FEFEFE
237	#D8D3EA	#FDFDFD
238	#BDB5DB	#FCFCFC
239	#FDFDFE	#FFFFFF
240	#F3F1F8	#FFFFFF
241	#F5F4FA	#FFFFFF
242	#DDD9ED	#FDFDFD
243	#DDD9ED	#FEFEFE
244	#F3F1F8	#FEFEFE
245	#DDD9ED	#FDFDFD
246	#F0DDDA	#FEFEFE
247	#FEFCFC	#FFFFFF
248	#F1E0DE	#FEFEFE
249	#FBFBFD	#FFFFFF
250	#F7ECEB	#FFFFFF
251	#F1DFDD	#FEFEFE
252	#F2F0F8	#FFFFFF
253	#FBF7F6	#FFFFFF
254	#EBD4D0	#FEFEFE
255	#FEFEFD	#FFFFFF
256	#F7ECEB	#FFFFFF
257	#FFFFFF	#FFFFFF
258	#F4E7E5	#FEFEFE
259	#EFDCD9	#FEFEFE
260	#EFECF6	#FEFEFE
261	#E2C0BC	#FDFDFD
262	#FFFEFE	#FFFFFF
263	#EAD1CE	#FDFDFD
264	#F0EEF7	#FEFEFE
265	#EEECF6	#FEFEFE
266	#ECD5D2	#FEFEFE
267	#F2F0F8	#FEFEFE
268	#E2DEEF	#FDFDFD
269	#F5F4FA	#FFFFFF
270	#EAE8F4	#FEFEFE
271	#FFFEFE	#FFFFFF
272	#F8F0EF	#FEFEFE
273	#F2F0F8	#FEFEFE
274	#F2F0F8	#FEFEFE
275	#FFFFFF	#FFFFFF
276	#F8F7FB	#FFFFFF
277	#F4E5E3	#FEFEFE
278	#F9F2F1	#FEFEFE
279	#F6F5FA	#FFFFFF
280	#F6F4FA	#FFFFFF
281	#FEFDFC	#FFFFFF
282	#E8E5F3	#FEFEFE
283	#FEFCFB	#FFFFFF
284	#CBC4E3	#F9F9F9
285	#EDEAF5	#FEFEFE
286	#E6E2F1	#FEFEFE
287	#EDEAF5	#FEFEFE
288	#F6EAE8	#FEFEFE
289	#E5E1F1	#FEFEFE
290	#F7ECEB	#FEFEFE
291	#E4E0F0	#FEFEFE
292	#ECE9F5	#FEFEFE
293	#DBD6EC	#FCFCFC
294	#F2F1F8	#FEFEFE
295	#E8E5F3	#FDFDFD
296	#DDD9ED	#FDFDFD
297	#ECEAF5	#FEFEFE
298	#FDFBFB	#FFFFFF
299	#FBF6F6	#FFFFFF
300	#F6EAE8	#FEFEFE
301	#E4E0F0	#FEFEFE
302	#FBFAFD	#FFFFFF
303	#FAF9FC	#FFFFFF
304	#FFFFFF	#FFFFFF
305	#ECD5D2	#FEFEFE
306	#F3E5E3	#FEFEFE
307	#F9F2F1	#FFFFFF
308	#EFDBD9	#FEFEFE
309	#F2F0F8	#FEFEFE
310	#FDFDFE	#FFFFFF
311	#F5F4FA	#FFFFFF
312	#F7EEEC	#FFFFFF
313	#F9F8FB	#FFFFFF
314	#EEECF6	#FEFEFE
315	#E2DDEF	#FDFDFD
316	#EFECF6	#FEFEFE
317	#D4CFE8	#FDFDFD
318	#EFEDF7	#FEFEFE
319	#F2F0F8	#FFFFFF
320	#F1E0DE	#FEFEFE
321	#FDFBFB	#FFFFFF
322	#F9F8FC	#FFFFFF
323	#FDFDFE	#FFFFFF
324	#E5E1F1	#FDFDFD
325	#F8F7FB	#FFFFFF
326	#F7F6FB	#FFFFFF
327	#EEDAD7	#FDFDFD
328	#F1EFF8	#FEFEFE
329	#FFFFFF	#FFFFFF
330	#FDFCFE	#FFFFFF
331	#F3E4E2	#FDFDFD
332	#FBF6F5	#FFFFFF
333	#F6EAE8	#FEFEFE
334	#F3F1F8	#FEFEFE
335	#E1DDEF	#FDFDFD
336	#EBE9F4	#FEFEFE
337	#E8E5F3	#FEFEFE
338	#E3E0F0	#FEFEFE
339	#F1E0DE	#FEFEFE
340	#E4E0F0	#FEFEFE
341	#D1CBE6	#FCFCFC
342	#E6E2F1	#FEFEFE
343	#FAF4F4	#FFFFFF
344	#DED9ED	#FDFDFD
345	#F0EEF7	#FEFEFE
346	#C7BFE0	#FBFBFB
347	#E3DFF0	#FEFEFE
348	#BCB4DA	#FAFAFA
349	#FBFBFD	#FFFFFF
350	#FDFAFA	#FFFFFF
351	#E6C8C4	#FDFDFD
352	#F6EAE9	#FEFEFE
353	#F6EBE9	#FEFEFE
354	#EBE9F4	#FEFEFE
355	#F4E6E4	#FEFEFE
356	#EBD2CF	#FDFDFD
357	#F9F8FC	#FFFFFF
358	#EED9D6	#FEFEFE
359	#F1DFDD	#FEFEFE
360	#E6C8C5	#FDFDFD
361	#DFBBB6	#FCFCFC
362	#F0DEDB	#FEFEFE
363	#F2E3E1	#FEFEFE
364	#FFFFFF	#FFFFFF
365	#EEEBF6	#FEFEFE
366	#E9E6F3	#FEFEFE
367	#FBF6F5	#FFFFFF
368	#FBFBFD	#FFFFFF
369	#F5E9E7	#FEFEFE
370	#DEBAB5	#FCFCFC
371	#F8EFEE	#FEFEFE
372	#F5E7E6	#FEFEFE
373	#FBFAFD	#FFFFFF
374	#EFECF6	#FDFDFD
375	#FDFDFE	#FFFFFF
376	#FFFFFF	#FFFFFF
377	#EBE8F4	#FDFDFD
378	#F6F5FA	#FFFFFF
379	#F7F5FA	#FFFFFF
380	#EDEAF5	#FEFEFE
381	#FAF4F3	#FFFFFF
382	#F1E0DE	#FEFEFE
383	#F7EDEC	#FEFEFE
384	#FDFAF9	#FFFFFF
385	#CBC4E3	#FAFAFA
386	#F5F4FA	#FFFFFF
387	#FFFFFF	#FFFFFF
388	#F9F2F1	#FFFFFF
389	#ECD4D1	#FDFDFD
390	#FAF3F2	#FFFFFF
391	#EDEBF5	#FEFEFE
392	#DDD8EC	#FDFDFD
393	#DCD8EC	#FCFCFC
394	#F9F1F0	#FFFFFF
395	#D0CAE6	#FBFBFB
396	#D7D1E9	#FDFDFD
397	#E6E2F1	#FEFEFE
398	#FBF6F6	#FFFFFF
399	#FBFAFD	#FFFFFF
400	#E4E0F0	#FEFEFE
401	#E8E5F3	#FEFEFE
402	#F6F5FA	#FFFFFF
403	#EFECF6	#FEFEFE
404	#F2E2E0	#FEFEFE
405	#CF9D97	#FCFCFC
406	#F7EDEC	#FEFEFE
407	#CB9690	#FCFCFC
408	#B7AED8	#FBFBFB
409	#F6F5FA	#FFFFFF
410	#FEFCFB	#FFFFFF
411	#F2F0F8	#FFFFFF
412	#FDFBFB	#FFFFFF
413	#EBE9F4	#FEFEFE
414	#E4E0F0	#FEFEFE
415	#F7EDEB	#FEFEFE
416	#F8F7FB	#FFFFFF
417	#FCF7F7	#FFFFFF
418	#F7ECEB	#FFFFFF
419	#F4E7E5	#FEFEFE
420	#FFFEFE	#FFFFFF
421	#F2F0F8	#FEFEFE
422	#F8F7FB	#FFFFFF
423	#FFFEFE	#FFFFFF
424	#FEFEFF	#FFFFFF
425	#FAF4F4	#FFFFFF
426	#E9E5F3	#FEFEFE
427	#FBF5F4	#FFFFFF
428	#D9D4EA	#FCFCFC
429	#FBF7F6	#FFFFFF
430	#D5D0E8	#FCFCFC
431	#F9F9FC	#FFFFFF
432	#FDFDFE	#FFFFFF
433	#FEFDFD	#FFFFFF
434	#D5D0E8	#FCFCFC
435	#F7F6FB	#FFFFFF
436	#F3F1F8	#FFFFFF
437	#FBFAFD	#FFFFFF
438	#EAE7F4	#FEFEFE
439	#D8D2EA	#FDFDFD
440	#F9F1F0	#FFFFFF
441	#FBFAFD	#FFFFFF
442	#E4E1F1	#FDFDFD
443	#E7E4F2	#FDFDFD
444	#FDFAFA	#FFFFFF
445	#DED9ED	#FDFDFD
446	#DEDAED	#FDFDFD
447	#FFFFFF	#FFFFFF
448	#F4E6E4	#FEFEFE
449	#F9F8FC	#FFFFFF
450	#EED9D6	#FEFEFE
451	#F1F0F8	#FFFFFF
452	#FEFCFC	#FFFFFF
453	#F6EAE8	#FEFEFE
454	#EAD2CF	#FDFDFD
455	#FFFEFE	#FFFFFF
456	#E3E0F0	#FEFEFE
457	#ECD5D2	#FEFEFE
458	#FBF6F6	#FFFFFF
459	#EDD7D4	#FEFEFE
460	#F7EDEB	#FFFFFF
461	#EFECF6	#FEFEFE
462	#EDEAF5	#FEFEFE
463	#EBD4D1	#FDFDFD
464	#FBF6F5	#FFFFFF
465	#EFECF6	#FEFEFE
466	#E9CFCC	#FDFDFD
467	#D8D3EA	#FCFCFC
468	#E4C4C0	#FDFDFD
469	#F7EDEB	#FEFEFE
470	#F9F8FC	#FFFFFF
471	#FCF7F7	#FFFFFF
472	#F8EEED	#FEFEFE
473	#EAE7F4	#FEFEFE
474	#F5F3F9	#FEFEFE
475	#F1F0F8	#FEFEFE
476	#FDF9F9	#FFFFFF
477	#FEFCFC	#FFFFFF
478	#EFEDF6	#FEFEFE
479	#E8CDC9	#FEFEFE
480	#F2F0F8	#FEFEFE
481	#FDFBFB	#FFFFFF
482	#FCF8F8	#FFFFFF
483	#F9F8FB	#FFFFFF
484	#F7EEEC	#FEFEFE
485	#F9F8FC	#FFFFFF
486	#F3F1F8	#FFFFFF
487	#F9F0EF	#FFFFFF
488	#F5F4FA	#FFFFFF
489	#FEFDFD	#FFFFFF
490	#EEECF6	#FFFFFF
491	#D8D3EA	#FDFDFD
492	#E5E1F1	#FDFDFD
493	#E5E2F1	#FEFEFE
494	#E4E0F0	#FDFDFD
495	#F5F4FA	#FFFFFF
496	#F6F5FA	#FFFFFF
497	#EED9D6	#FEFEFE
498	#D4CFE8	#FEFEFE
499	#D7D2E9	#FDFDFD
500	#F4E6E4	#FEFEFE
501	#FFFEFE	#FFFFFF
502	#F5F4FA	#FFFFFF
503	#CCC5E3	#FDFDFD
504	#F6F5FA	#FFFFFF
505	#F1E0DE	#FEFEFE
506	#FDFAFA	#FFFFFF
507	#D4A6A0	#FCFCFC
508	#F4E7E5	#FEFEFE
509	#FFFFFF	#FFFFFF
510	#F2E1DF	#FEFEFE
511	#E9D0CC	#FDFDFD
512	#FAF4F3	#FEFEFE
513	#F9F2F1	#FFFFFF
514	#FDFDFE	#FFFFFF
515	#FEFDFD	#FFFFFF
516	#F8EFEE	#FEFEFE
517	#D0CAE5	#FBFBFB
518	#E1DDEF	#FDFDFD
519	#F1E0DE	#FEFEFE
520	#FDFBFB	#FFFFFF
521	#F6EAE9	#FEFEFE
522	#FDFCFE	#FFFFFF
523	#E4E1F1	#FEFEFE
524	#F8EEED	#FEFEFE
525	#F0DCDA	#FEFEFE
526	#FCFBFD	#FFFFFF
527	#FEFCFC	#FFFFFF
528	#F9F1F0	#FEFEFE
529	#F7EDEB	#FEFEFE
530	#FDFAFA	#FFFFFF
531	#F6EBEA	#FEFEFE
532	#FFFEFE	#FFFFFF
533	#F3F2F9	#FEFEFE
534	#FAFAFD	#FFFFFF
535	#FFFEFE	#FFFFFF
536	#F3F1F8	#FEFEFE
537	#EDEAF5	#FEFEFE
538	#FFFFFF	#FFFFFF
539	#F7ECEB	#FFFFFF
540	#F8F7FB	#FFFFFF
541	#FAF9FC	#FFFFFF
542	#CDC7E4	#FCFCFC
543	#EEEBF6	#FEFEFE
544	#F0EEF7	#FEFEFE
545	#FBFAFD	#FFFFFF
546	#CBC5E3	#FDFDFD
547	#E8CCC8	#FDFDFD
548	#EAE7F4	#FEFEFE
549	#ECD5D2	#FEFEFE
550	#C1B9DD	#FBFBFB
551	#EFECF6	#FEFEFE
552	#F7EEEC	#FFFFFF
553	#EFECF6	#FEFEFE
554	#EBD2CF	#FDFDFD
555	#ECD5D2	#FEFEFE
556	#D4A5A0	#FCFCFC
557	#DCD7EC	#FEFEFE
558	#FBF5F5	#FFFFFF
559	#CC9791	#FCFCFC
560	#EFDCD9	#FEFEFE
561	#F7ECEA	#FEFEFE
562	#EBD3D0	#FDFDFD
563	#EDEBF5	#FEFEFE
564	#D7D2EA	#FDFDFD
565	#F7EDEC	#FEFEFE
566	#F5F3FA	#FFFFFF
567	#E9CECA	#FDFDFD
568	#E5E1F1	#FDFDFD
569	#FBF7F6	#FFFFFF
570	#F7EEEC	#FFFFFF
571	#FBF7F6	#FFFFFF
572	#FFFEFE	#FFFFFF
573	#F8EEED	#FEFEFE
574	#FAFAFC	#FFFFFF
575	#EAE6F3	#FEFEFE
576	#F7EDEC	#FEFEFE
577	#F4F3F9	#FEFEFE
578	#F8EFEE	#FEFEFE
579	#F9F2F1	#FEFEFE
580	#F0DDDA	#FEFEFE
581	#FEFCFB	#FFFFFF
582	#E6E2F1	#FEFEFE
583	#EDD6D3	#FDFDFD
584	#F5E9E7	#FEFEFE
585	#EBE8F4	#FEFEFE
586	#CDC7E4	#FCFCFC
587	#D8D2EA	#FDFDFD
588	#EFEDF6	#FEFEFE
589	#E9E6F3	#FEFEFE
590	#FDFBFA	#FFFFFF
591	#F6EBEA	#FEFEFE
592	#E4E0F0	#FDFDFD
593	#FDF9F9	#FFFFFF
594	#FCFCFD	#FFFFFF
595	#F1EFF8	#FEFEFE
596	#D8D2EA	#FDFDFD
597	#E5E1F1	#FDFDFD
598	#F1E0DE	#FEFEFE
599	#DEDAED	#FDFDFD
600	#FBF6F6	#FFFFFF
601	#FDFCFE	#FFFFFF
602	#F5E9E8	#FEFEFE
603	#DEDAED	#FEFEFE
604	#F9F1F0	#FFFFFF
605	#EAE7F4	#FEFEFE
606	#FFFEFE	#FFFFFF
607	#CC9791	#FCFCFC
608	#F1E0DE	#FEFEFE
609	#EDD6D3	#FEFEFE
610	#D4CEE8	#FEFEFE
611	#F7EEEC	#FFFFFF
612	#DED9ED	#FEFEFE
613	#F9F9FC	#FFFFFF
614	#ECE9F5	#FEFEFE
615	#F5E7E6	#FEFEFE
616	#F5F4FA	#FFFFFF
617	#F0DCDA	#FEFEFE
618	#FCF7F7	#FFFFFF
619	#FBFAFD	#FFFFFF
620	#ECD4D1	#FDFDFD
621	#F5E8E6	#FEFEFE
622	#F3F1F9	#FEFEFE
623	#F8EFEE	#FEFEFE
624	#EFEDF7	#FEFEFE
625	#EAE7F4	#FEFEFE
626	#FBF5F5	#FFFFFF
627	#F5E7E6	#FEFEFE
628	#F7F6FB	#FFFFFF
629	#F6F5FA	#FFFFFF
630	#F2F0F8	#FEFEFE
631	#ECD5D2	#FEFEFE
632	#E9E6F3	#FDFDFD
633	#F0EEF7	#FEFEFE
634	#CBC4E3	#FCFCFC
635	#F6F4FA	#FFFFFF
636	#FEFCFC	#FFFFFF
637	#C1BADD	#FAFAFA
638	#F7F6FB	#FFFFFF
639	#F2F0F8	#FEFEFE
640	#DDD9ED	#FDFDFD
641	#F2F0F8	#FEFEFE
642	#F7ECEB	#FFFFFF
643	#DAD5EB	#FCFCFC
644	#FCFBFD	#FFFFFF
645	#ECE9F5	#FEFEFE
646	#FBFAFD	#FFFFFF
647	#E5E2F1	#FEFEFE
648	#D7D2E9	#FDFDFD
649	#E8CDCA	#FEFEFE
650	#F3F1F8	#FFFFFF
651	#FBF6F5	#FFFFFF
652	#EFECF6	#FEFEFE
653	#EBE8F4	#FEFEFE
654	#F1E0DE	#FEFEFE
655	#F7ECEB	#FFFFFF
656	#FCF8F8	#FFFFFF
657	#F9F1F0	#FFFFFF
658	#FCF9F8	#FFFFFF
659	#E6C8C4	#FDFDFD
660	#E5E2F1	#FEFEFE
661	#F5E9E8	#FEFEFE
662	#EEDAD7	#FEFEFE
663	#EDEBF5	#FEFEFE
664	#E6E3F2	#FEFEFE
665	#DED9ED	#FEFEFE
666	#DEDAED	#FDFDFD
667	#F8F7FB	#FFFFFF
668	#ECE9F5	#FEFEFE
669	#ECD4D1	#FDFDFD
670	#F7ECEB	#FFFFFF
671	#FBFBFD	#FFFFFF
672	#F7ECEB	#FFFFFF
673	#F6F4FA	#FFFFFF
674	#D9D4EA	#FDFDFD
675	#ECE9F5	#FEFEFE
676	#FDFBFB	#FFFFFF
677	#FAF3F2	#FFFFFF
678	#F4F2F9	#FEFEFE
679	#F3E5E3	#FEFEFE
680	#FDFAFA	#FFFFFF
681	#FCF7F7	#FFFFFF
682	#FBFAFD	#FFFFFF
683	#F9F2F1	#FFFFFF
684	#FAFAFC	#FFFFFF
685	#CBC5E3	#FDFDFD
686	#DEDAED	#FDFDFD
687	#FEFEFF	#FFFFFF
688	#FBFAFD	#FFFFFF
689	#F2F0F8	#FFFFFF
690	#D4CEE8	#FCFCFC
691	#C2BADE	#FBFBFB
692	#EAE7F4	#FEFEFE
693	#F5F4FA	#FFFFFF
694	#E5E1F1	#FDFDFD
695	#FBFBFD	#FFFFFF
696	#EDEAF5	#FEFEFE
697	#B7AFD8	#FAFAFA
698	#FEFEFE	#FFFFFF
699	#E4E0F0	#FEFEFE
700	#F5F4FA	#FFFFFF
701	#FBF6F6	#FFFFFF
702	#F9F8FC	#FFFFFF
703	#D4CFE8	#FEFEFE
704	#E0BDB9	#FDFDFD
705	#F1E0DD	#FEFEFE
706	#EAE7F4	#FEFEFE
707	#FFFEFE	#FFFFFF
708	#F9F1F0	#FFFFFF
709	#F6EBEA	#FEFEFE
710	#EEECF6	#FEFEFE
711	#E6C9C5	#FDFDFD
712	#E6E3F2	#FEFEFE
713	#FDFBFB	#FFFFFF
714	#EDEBF5	#FEFEFE
715	#DFBBB6	#FCFCFC
716	#FBF6F5	#FFFFFF
717	#F2F0F8	#FEFEFE
718	#FDFBFB	#FFFFFF
719	#C9C2E1	#FBFBFB
720	#F9F1F0	#FFFFFF
721	#FEFCFC	#FFFFFF
722	#F3F1F8	#FFFFFF
723	#F9F2F1	#FFFFFF
724	#D4CEE7	#FCFCFC
725	#E5C7C3	#FCFCFC
726	#F7ECEA	#FEFEFE
727	#F8EFEE	#FEFEFE
728	#E9CECA	#FDFDFD
729	#F6E9E8	#FEFEFE
730	#FAF4F3	#FEFEFE
731	#F9F1F0	#FEFEFE
732	#F6F5FA	#FFFFFF
733	#E7E4F2	#FDFDFD
734	#F2E3E0	#FEFEFE
735	#F4E5E3	#FEFEFE
736	#FDFDFE	#FFFFFF
737	#E5E2F1	#FEFEFE
738	#F0EEF7	#FEFEFE
739	#F9F2F1	#FFFFFF
740	#F9F9FC	#FFFFFF
741	#FAF4F3	#FFFFFF
742	#E3DFF0	#FEFEFE
743	#E4C4C0	#FDFDFD
744	#F3F1F8	#FFFFFF
745	#FDFCFE	#FFFFFF
746	#FCFCFD	#FFFFFF
747	#E4E0F0	#FDFDFD
748	#E8CECA	#FEFEFE
749	#CBC4E2	#FCFCFC
750	#EDEBF5	#FEFEFE
751	#EFEDF6	#FFFFFF
752	#E7E4F2	#FEFEFE
753	#EBD4D0	#FEFEFE
754	#E8E4F2	#FEFEFE
755	#F2F0F8	#FFFFFF
756	#D8D3EA	#FDFDFD
757	#EFEDF6	#FEFEFE
758	#F2F0F8	#FEFEFE
759	#F2F0F8	#FFFFFF
760	#DAB1AC	#FBFBFB
761	#F2E1DE	#FEFEFE
762	#CBC4E3	#FCFCFC
763	#EFEDF6	#FEFEFE
764	#E6C8C4	#FDFDFD
765	#FAF4F3	#FFFFFF
766	#F8EEED	#FFFFFF
767	#EFDBD9	#FEFEFE
768	#EED9D6	#FEFEFE
769	#F6EAE8	#FEFEFE
770	#EFEDF6	#FEFEFE
771	#EED9D6	#FEFEFE
772	#F9F0EF	#FFFFFF
773	#FFFFFF	#FFFFFF
774	#EDD7D4	#FEFEFE
775	#D7D2EA	#FDFDFD
776	#E6C8C5	#FDFDFD
777	#DCB5B0	#FCFCFC
778	#FDFAF9	#FFFFFF
779	#F2E2E0	#FEFEFE
780	#F2E3E1	#FEFEFE
781	#EED9D7	#FDFDFD
782	#F9F1F0	#FFFFFF
783	#F7EDEC	#FEFEFE
784	#F4F3F9	#FEFEFE
785	#F7EEEC	#FEFEFE
786	#ECEAF5	#FEFEFE
787	#E2C0BC	#FDFDFD
788	#FDFDFE	#FFFFFF
789	#F1EFF7	#FEFEFE
790	#F8F7FB	#FFFFFF
791	#F0EEF7	#FEFEFE
792	#D7D2EA	#FDFDFD
793	#EEECF6	#FEFEFE
794	#E2DEEF	#FDFDFD
795	#E8E4F2	#FEFEFE
796	#FEFDFD	#FFFFFF
797	#F8F7FB	#FFFFFF
798	#E3DFF0	#FDFDFD
799	#F3E4E3	#FEFEFE
800	#FBF6F5	#FFFFFF
801	#FFFFFF	#FFFFFF
802	#DEDAED	#FCFCFC
803	#F4E7E5	#FEFEFE
804	#F1E0DE	#FEFEFE
805	#E6C8C4	#FDFDFD
806	#E4C4C0	#FDFDFD
807	#DDD8EC	#FDFDFD
808	#F7F5FA	#FFFFFF
809	#EBD4D1	#FDFDFD
810	#ECEAF5	#FEFEFE
811	#E4C4C0	#FDFDFD
812	#EEEBF6	#FEFEFE
813	#FEFDFE	#FFFFFF
814	#F5F4FA	#FFFFFF
815	#F5E7E6	#FEFEFE
816	#F2E2E0	#FEFEFE
817	#FDFDFE	#FFFFFF
818	#DEBAB5	#FCFCFC
819	#ECD5D2	#FEFEFE
820	#F7EDEB	#FEFEFE
821	#FCF8F7	#FFFFFF
822	#F1E0DE	#FEFEFE
823	#E5E1F1	#FEFEFE
824	#E1DDEF	#FDFDFD
825	#EEECF6	#FEFEFE
826	#FAF4F3	#FFFFFF
827	#F5F4FA	#FFFFFF
828	#E9CECA	#FDFDFD
829	#FBF5F4	#FFFFFF
830	#FBF5F4	#FFFFFF
831	#F7EDEC	#FEFEFE
832	#F6F4FA	#FFFFFF
833	#F9F8FC	#FFFFFF
834	#DDD9ED	#FCFCFC
835	#FFFFFF	#FFFFFF
836	#DED9ED	#FCFCFC
837	#FFFFFF	#FFFFFF
838	#FBFAFD	#FFFFFF
839	#EEECF6	#FEFEFE
840	#E1DCEF	#FDFDFD
841	#F0EEF7	#FEFEFE
842	#F2F0F8	#FEFEFE
843	#E7E4F2	#FEFEFE
844	#EAE7F4	#FEFEFE
845	#EFECF6	#FEFEFE
846	#FEFDFD	#FFFFFF
847	#E3DFF0	#FDFDFD
848	#FBFBFD	#FFFFFF
849	#F4E5E4	#FEFEFE
850	#FCFBFD	#FFFFFF
851	#F7F5FA	#FFFFFF
852	#D4CEE7	#FCFCFC
853	#FEFDFD	#FFFFFF
854	#CC9791	#FCFCFC
855	#FEFCFC	#FFFFFF
856	#FEFDFD	#FFFFFF
857	#F7ECEB	#FFFFFF
858	#F7ECEB	#FFFFFF
859	#F7EDEC	#FFFFFF
860	#F8F7FB	#FFFFFF
861	#BEB7DC	#FCFCFC
862	#FBF6F5	#FFFFFF
863	#FBF7F6	#FFFFFF
864	#F1E0DE	#FEFEFE
865	#FDFBFB	#FFFFFF
866	#FBFBFD	#FFFFFF
867	#F8F7FB	#FFFFFF
868	#F2F0F8	#FEFEFE
869	#EBD4D1	#FDFDFD
870	#FAF3F3	#FFFFFF
871	#FFFFFF	#FFFFFF
872	#FEFDFE	#FFFFFF
873	#F4E5E3	#FEFEFE
874	#C7C0E0	#FCFCFC
875	#F3F1F9	#FEFEFE
876	#E3DFF0	#FEFEFE
877	#EAE7F4	#FEFEFE
878	#FDFAFA	#FFFFFF
879	#E2C1BD	#FDFDFD
880	#F9F1F0	#FFFFFF
881	#FFFFFF	#FFFFFF
882	#EBE9F4	#FEFEFE
883	#F2E1DF	#FEFEFE
884	#F1EFF7	#FEFEFE
885	#EFEDF6	#FEFEFE
886	#EDEAF5	#FEFEFE
887	#F0EEF7	#FEFEFE
888	#F5F3F9	#FFFFFF
889	#DEDAED	#FDFDFD
890	#F2F0F8	#FEFEFE
891	#DDD8ED	#FDFDFD
892	#E1DDEF	#FDFDFD
893	#E5E1F1	#FDFDFD
894	#EDEBF5	#FEFEFE
895	#FCF9F8	#FFFFFF
896	#F8F7FB	#FFFFFF
897	#F6F5FA	#FFFFFF
898	#E8CDCA	#FEFEFE
899	#D3CEE7	#FDFDFD
900	#DEDAED	#FEFEFE
901	#FAF9FC	#FFFFFF
902	#E7E3F2	#FDFDFD
903	#EBD4D0	#FEFEFE
904	#E1DDEF	#FDFDFD
905	#FCF7F7	#FFFFFF
906	#ECD5D2	#FEFEFE
907	#F1E0DE	#FEFEFE
908	#EBE8F4	#FEFEFE
909	#FFFEFE	#FFFFFF
910	#FBF7F6	#FFFFFF
911	#ECEAF5	#FEFEFE
912	#F6EBE9	#FEFEFE
913	#F0DDDA	#FEFEFE
914	#FDFBFA	#FFFFFF
915	#F7ECEB	#FFFFFF
916	#F6F4FA	#FFFFFF
917	#EDD7D4	#FEFEFE
918	#FDFBFB	#FFFFFF
919	#F8EEED	#FFFFFF
920	#EAE7F4	#FEFEFE
921	#F7ECEB	#FFFFFF
922	#EDD6D4	#FEFEFE
923	#F8F0EE	#FEFEFE
924	#FCFCFD	#FFFFFF
925	#DDD9ED	#FDFDFD
926	#E7E3F2	#FEFEFE
927	#F3F1F8	#FFFFFF
928	#F8F7FB	#FFFFFF
929	#EFECF6	#FEFEFE
930	#E8E4F2	#FEFEFE
931	#F7EDEB	#FEFEFE
932	#EAE7F4	#FEFEFE
933	#EFEDF6	#FEFEFE
934	#F7ECEB	#FEFEFE
935	#F4E7E5	#FEFEFE
936	#FAF9FC	#FFFFFF
937	#FFFFFF	#FFFFFF
938	#F4E7E5	#FEFEFE
939	#EBE8F4	#FEFEFE
940	#EFECF6	#FEFEFE
941	#F4F2F9	#FEFEFE
942	#F5E9E7	#FEFEFE
943	#DAD5EB	#FCFCFC
944	#DBD6EB	#FBFBFB
945	#F6EAE8	#FEFEFE
946	#F2F1F8	#FEFEFE
947	#DED9ED	#FEFEFE
948	#F9F1F0	#FFFFFF
949	#CDC7E4	#FCFCFC
950	#E3DFF0	#FEFEFE
951	#F8F7FB	#FFFFFF
952	#F3F1F8	#FFFFFF
953	#F9F1F0	#FFFFFF
954	#EFDBD9	#FEFEFE
955	#EBD3D0	#FDFDFD
956	#F6F4FA	#FFFFFF
957	#F7ECEB	#FFFFFF
958	#F7EEEC	#FFFFFF
959	#F3E5E3	#FEFEFE
960	#F1EEF7	#FEFEFE
961	#F1EFF7	#FEFEFE
962	#FBFBFD	#FFFFFF
963	#D7D2E9	#FDFDFD
964	#FBF6F5	#FFFFFF
965	#FAF5F4	#FFFFFF
966	#F3F1F8	#FFFFFF
967	#F7ECEA	#FEFEFE
968	#FFFFFF	#FFFFFF
969	#E9D0CC	#FDFDFD
970	#EEDAD7	#FEFEFE
971	#DEDAED	#FEFEFE
972	#D4CEE7	#FDFDFD
973	#E0DCEE	#FDFDFD
974	#F4E5E3	#FEFEFE
975	#D5CFE8	#FCFCFC
976	#DEDAED	#FDFDFD
977	#DEDAED	#FCFCFC
978	#EDEAF5	#FEFEFE
979	#ECD6D3	#FEFEFE
980	#DCB5B0	#FCFCFC
981	#F7ECEA	#FEFEFE
982	#FFFFFF	#FFFFFF
983	#E7E4F2	#FEFEFE
984	#FEFDFC	#FFFFFF
985	#FCFBFD	#FFFFFF
986	#EAE7F3	#FEFEFE
987	#F9F9FC	#FFFFFF
988	#E9E6F3	#FEFEFE
989	#EBE8F4	#FEFEFE
990	#D8D2EA	#FDFDFD
991	#F6F5FA	#FFFFFF
992	#E7E4F2	#FDFDFD
993	#EDEAF5	#FEFEFE
994	#DAD5EB	#FBFBFB
995	#FBF6F5	#FFFFFF
996	#DEDAED	#FDFDFD
997	#F5E7E5	#FEFEFE
998	#FBFBFD	#FFFFFF
999	#DED9ED	#FDFDFD
1000	#FFFFFF	#FFFFFF
1001	#F1E0DE	#FEFEFE
1002	#EBE8F4	#FEFEFE
1003	#CEC7E4	#FDFDFD
1004	#FBF6F6	#FFFFFF
1005	#E2DEEF	#FDFDFD
1006	#EEECF6	#FFFFFF
1007	#F0DEDB	#FDFDFD
1008	#F5F4FA	#FFFFFF
1009	#FCFBFD	#FFFFFF
1010	#F4E7E5	#FEFEFE
1011	#FFFEFE	#FFFFFF
1012	#FFFEFE	#FFFFFF
1013	#E7CBC8	#FDFDFD
1014	#F7F6FB	#FFFFFF
1015	#FBFAFD	#FFFFFF
1016	#F9F1F0	#FFFFFF
1017	#FFFFFF	#FFFFFF
1018	#FCFCFD	#FFFFFF
1019	#ECE9F5	#FEFEFE
1020	#FFFFFF	#FFFFFF
1021	#FDFAFA	#FFFFFF
1022	#F6F4FA	#FFFFFF
1023	#FBFAFD	#FFFFFF
1024	#EED9D6	#FEFEFE
1025	#E6E2F1	#FEFEFE
1026	#FDF9F9	#FFFFFF
1027	#ECE9F5	#FEFEFE
1028	#F5E7E6	#FEFEFE
1029	#C78E87	#FBFBFB
1030	#F7ECEA	#FEFEFE
1031	#FAF9FC	#FFFFFF
1032	#FCF7F7	#FFFFFF
1033	#EAE7F3	#FDFDFD
1034	#DDD9ED	#FDFDFD
1035	#EBE8F4	#FEFEFE
1036	#F9F1F0	#FEFEFE
1037	#EEEBF6	#FEFEFE
1038	#FBFAFD	#FFFFFF
1039	#EBE8F4	#FEFEFE
1040	#F6EAE8	#FEFEFE
1041	#FDFDFE	#FFFFFF
1042	#DED9ED	#FDFDFD
1043	#CFC9E5	#FBFBFB
1044	#FCF9F8	#FFFFFF
1045	#D4CEE8	#FCFCFC
1046	#F9F0EF	#FFFFFF
1047	#F2F0F8	#FFFFFF
1048	#EEECF6	#FFFFFF
1049	#E6E3F2	#FEFEFE
1050	#F7ECEB	#FFFFFF
1051	#F4E5E3	#FEFEFE
1052	#EDEBF5	#FEFEFE
1053	#EDEBF5	#FEFEFE
1054	#F6F5FA	#FFFFFF
1055	#E3DFF0	#FEFEFE
1056	#F6F5FA	#FFFFFF
1057	#FCFCFE	#FFFFFF
1058	#DDB8B3	#FCFCFC
1059	#F4E5E3	#FEFEFE
1060	#FCF8F7	#FFFFFF
1061	#F4E6E4	#FEFEFE
1062	#FAFAFD	#FFFFFF
1063	#FAF9FC	#FFFFFF
1064	#F2E2E0	#FEFEFE
1065	#F7ECEB	#FEFEFE
1066	#EDD7D4	#FEFEFE
1067	#F2F0F8	#FFFFFF
1068	#F6EAE9	#FEFEFE
1069	#FDFBFA	#FFFFFF
1070	#F7EDEB	#FFFFFF
1071	#E6C8C5	#FDFDFD
1072	#FBF7F6	#FFFFFF
1073	#F0EEF7	#FEFEFE
1074	#F9F1F0	#FFFFFF
1075	#DED9ED	#FEFEFE
1076	#FCF8F8	#FFFFFF
1077	#E9E6F3	#FEFEFE
1078	#EED9D6	#FEFEFE
1079	#F1E0DE	#FEFEFE
1080	#F1DFDD	#FDFDFD
1081	#F2F0F8	#FFFFFF
1082	#F9F1F0	#FEFEFE
1083	#F4F2F9	#FEFEFE
1084	#FEFDFE	#FFFFFF
1085	#EED9D6	#FEFEFE
1086	#F6E9E8	#FEFEFE
1087	#EFEDF6	#FEFEFE
1088	#EFEDF6	#FEFEFE
1089	#FDFBFB	#FFFFFF
1090	#F6F4FA	#FFFFFF
1091	#F0EEF7	#FEFEFE
1092	#F7ECEA	#FEFEFE
1093	#FAF4F3	#FFFFFF
1094	#FAF9FC	#FFFFFF
1095	#F1EFF8	#FEFEFE
1096	#F9F1F0	#FFFFFF
1097	#E4E0F0	#FEFEFE
1098	#FAF9FC	#FFFFFF
1099	#ECD6D3	#FEFEFE
1100	#FBF6F5	#FFFFFF
1101	#F9F8FC	#FFFFFF
1102	#EDEAF5	#FEFEFE
1103	#E5E1F1	#FEFEFE
1104	#F9F2F1	#FFFFFF
1105	#EFEDF7	#FEFEFE
1106	#EEECF6	#FEFEFE
1107	#F0DDDA	#FEFEFE
1108	#F2F0F8	#FFFFFF
1109	#F9F9FC	#FFFFFF
1110	#E3DFF0	#FEFEFE
1111	#F1DFDD	#FEFEFE
1112	#E8E4F2	#FEFEFE
1113	#F6EAE9	#FEFEFE
1114	#DED9ED	#FDFDFD
1115	#F6F4FA	#FFFFFF
1116	#F0EEF7	#FEFEFE
1117	#F7ECEA	#FEFEFE
1118	#FBF6F5	#FFFFFF
1119	#C28780	#FAFAFA
1120	#D4A5A0	#FCFCFC
1121	#F4E5E4	#FEFEFE
1122	#F3E5E3	#FEFEFE
1123	#F9F1F0	#FFFFFF
1124	#EDEAF5	#FEFEFE
1125	#F7EDEC	#FEFEFE
1126	#FAF4F4	#FFFFFF
1127	#F1EFF8	#FEFEFE
1128	#FFFFFF	#FFFFFF
1129	#E1BEBA	#FDFDFD
1130	#F3F1F8	#FEFEFE
1131	#D4CEE8	#FDFDFD
1132	#F6EBEA	#FEFEFE
1133	#F6F4FA	#FFFFFF
1134	#DDB7B2	#FCFCFC
1135	#EFECF6	#FEFEFE
1136	#ECD5D2	#FEFEFE
1137	#D8D3EA	#FDFDFD
1138	#F5E7E5	#FEFEFE
1139	#F6F5FA	#FFFFFF
1140	#FCF7F7	#FFFFFF
1141	#DDD8EC	#FDFDFD
1142	#F5F4FA	#FFFFFF
1143	#EBE8F4	#FEFEFE
1144	#FDFCFE	#FFFFFF
1145	#EED9D6	#FDFDFD
1146	#EAD2CE	#FDFDFD
1147	#E2C1BC	#FDFDFD
1148	#F2F0F8	#FFFFFF
1149	#E4E1F1	#FDFDFD
1150	#EFDCD9	#FEFEFE
1151	#FBF6F5	#FFFFFF
1152	#DAD5EB	#FCFCFC
1153	#F4E6E4	#FEFEFE
1154	#F9F2F1	#FFFFFF
1155	#EFEDF6	#FEFEFE
1156	#DCD7EC	#FEFEFE
1157	#DED9ED	#FDFDFD
1158	#F9F0EF	#FEFEFE
1159	#FAF9FC	#FFFFFF
1160	#E6E3F2	#FEFEFE
1161	#E8E4F2	#FEFEFE
1162	#E3C3BF	#FDFDFD
1163	#F1E0DE	#FEFEFE
1164	#FAF9FC	#FFFFFF
1165	#F5F4FA	#FFFFFF
1166	#F8F7FB	#FFFFFF
1167	#FEFDFD	#FFFFFF
1168	#EFEDF6	#FEFEFE
1169	#F6F5FA	#FFFFFF
1170	#FCF8F7	#FFFFFF
1171	#EED9D6	#FEFEFE
1172	#F1DFDD	#FEFEFE
1173	#E6C8C4	#FDFDFD
1174	#FFFFFF	#FFFFFF
1175	#F7EDEB	#FEFEFE
1176	#FAFAFD	#FFFFFF
1177	#F4E5E3	#FEFEFE
1178	#F4E5E3	#FEFEFE
1179	#D7D1E9	#FDFDFD
1180	#D1CBE6	#FCFCFC
1181	#DFDAED	#FEFEFE
1182	#EBE8F4	#FEFEFE
1183	#F8F7FB	#FFFFFF
1184	#FCF7F7	#FFFFFF
1185	#FDFDFE	#FFFFFF
1186	#EBD4D0	#FDFDFD
1187	#FFFEFE	#FFFFFF
1188	#E1BEBA	#FDFDFD
1189	#F6EBE9	#FEFEFE
1190	#E5E1F1	#FDFDFD
1191	#F6F4FA	#FEFEFE
1192	#FFFFFF	#FFFFFF
1193	#F8EEED	#FEFEFE
1194	#F5F3F9	#FEFEFE
1195	#E9E6F3	#FEFEFE
1196	#F9F8FC	#FFFFFF
1197	#C1847D	#FAFAFA
1198	#ECE9F4	#FEFEFE
1199	#F1E0DE	#FEFEFE
1200	#F0DEDC	#FDFDFD
1201	#F3F1F8	#FFFFFF
1202	#D9D4EB	#FCFCFC
1203	#D8D3EA	#FDFDFD
1204	#EAE7F4	#FEFEFE
1205	#F2E1DF	#FEFEFE
1206	#FCF7F7	#FFFFFF
1207	#DCD8EC	#FEFEFE
1208	#D7D1E9	#FDFDFD
1209	#FCF8F8	#FFFFFF
1210	#FDFDFE	#FFFFFF
1211	#FFFEFE	#FFFFFF
1212	#EED9D7	#FEFEFE
1213	#F2F0F8	#FEFEFE
1214	#FFFFFF	#FFFFFF
1215	#F6EAE9	#FEFEFE
1216	#C68E87	#FBFBFB
1217	#EDEBF5	#FEFEFE
1218	#FBF6F5	#FFFFFF
1219	#F9F9FC	#FFFFFF
1220	#EEECF6	#FFFFFF
1221	#FDFBFB	#FFFFFF
1222	#FCF8F7	#FFFFFF
1223	#F6EAE8	#FEFEFE
1224	#CDC6E4	#FCFCFC
1225	#F2E1DF	#FEFEFE
1226	#F3E5E3	#FEFEFE
1227	#F2F0F8	#FFFFFF
1228	#F8F7FB	#FFFFFF
1229	#D3CEE7	#FCFCFC
1230	#D3CEE7	#FCFCFC
1231	#F1EEF7	#FEFEFE
1232	#EFECF6	#FEFEFE
1233	#E4E0F0	#FEFEFE
1234	#EFEDF6	#FEFEFE
1235	#E2DEEF	#FDFDFD
1236	#DDD9ED	#FDFDFD
1237	#FBFBFD	#FFFFFF
1238	#FDFDFE	#FFFFFF
1239	#FDFCFE	#FFFFFF
1240	#FCF7F6	#FFFFFF
1241	#FCF7F7	#FFFFFF
1242	#F1EFF7	#FEFEFE
1243	#F0DDDB	#FEFEFE
1244	#F3E4E2	#FEFEFE
1245	#F9F9FC	#FFFFFF
1246	#DDD8EC	#FDFDFD
1247	#EDEAF5	#FDFDFD
1248	#EED9D6	#FEFEFE
1249	#F1E0DE	#FEFEFE
1250	#E6E2F1	#FEFEFE
1251	#D7D2E9	#FDFDFD
1252	#DDD8EC	#FDFDFD
1253	#F9F2F1	#FFFFFF
1254	#E3DFF0	#FEFEFE
1255	#E9E6F3	#FEFEFE
1256	#F6F4FA	#FFFFFF
1257	#F2F0F8	#FFFFFF
1258	#F6F5FA	#FFFFFF
1259	#FAF9FC	#FFFFFF
1260	#FAF4F3	#FFFFFF
1261	#EBD3D0	#FDFDFD
1262	#F6F4FA	#FFFFFF
1263	#FAF9FC	#FFFFFF
1264	#FFFFFF	#FFFFFF
1265	#FAF3F3	#FFFFFF
1266	#F6EAE8	#FEFEFE
1267	#BE7F78	#FAFAFA
1268	#F4E5E4	#FEFEFE
1269	#F5F4FA	#FFFFFF
1270	#FCF7F7	#FFFFFF
1271	#FBFAFD	#FFFFFF
1272	#FEFDFD	#FFFFFF
1273	#D5CFE8	#FDFDFD
1274	#FDFBFB	#FFFFFF
1275	#DDD8ED	#FDFDFD
1276	#FBFBFD	#FFFFFF
1277	#FDFDFE	#FFFFFF
1278	#E7E4F2	#FEFEFE
1279	#E9CECB	#FDFDFD
1280	#E5E2F1	#FEFEFE
1281	#FCF7F7	#FFFFFF
1282	#F1E0DE	#FEFEFE
1283	#FDFBFA	#FFFFFF
1284	#D0CAE5	#FCFCFC
1285	#FEFEFF	#FFFFFF
1286	#EBE9F4	#FEFEFE
1287	#FBFBFD	#FFFFFF
1288	#F8EEED	#FEFEFE
1289	#FCF9F9	#FFFFFF
1290	#F9F2F1	#FFFFFF
1291	#EDEBF5	#FEFEFE
1292	#E5E1F1	#FDFDFD
1293	#F5E8E6	#FEFEFE
1294	#FEFCFC	#FFFFFF
1295	#F6EAE8	#FEFEFE
1296	#F9F9FC	#FFFFFF
1297	#FAF9FC	#FFFFFF
1298	#DEBAB5	#FCFCFC
1299	#F2F0F8	#FFFFFF
1300	#DED9ED	#FEFEFE
1301	#E3DFF0	#FEFEFE
1302	#DEDAED	#FDFDFD
1303	#F2F0F8	#FEFEFE
1304	#F7F6FB	#FFFFFF
1305	#E9E6F3	#FEFEFE
1306	#D3CDE7	#FCFCFC
1307	#E6E2F1	#FEFEFE
1308	#DCD7EC	#FEFEFE
1309	#FBFAFD	#FFFFFF
1310	#E6E3F2	#FEFEFE
1311	#FBFAFD	#FFFFFF
1312	#F4E6E4	#FEFEFE
1313	#F4E7E5	#FEFEFE
1314	#E2DEEF	#FDFDFD
1315	#F1EFF8	#FEFEFE
1316	#F0EEF7	#FEFEFE
1317	#EED8D5	#FEFEFE
1318	#F6EAE8	#FEFEFE
1319	#EFEDF6	#FEFEFE
1320	#F1E0DE	#FEFEFE
1321	#FCFCFD	#FFFFFF
1322	#F6EAE9	#FEFEFE
1323	#FBF6F6	#FFFFFF
1324	#F7ECEB	#FEFEFE
1325	#F9F1F0	#FFFFFF
1326	#E7CBC7	#FDFDFD
1327	#FBF7F6	#FFFFFF
1328	#EDD7D4	#FEFEFE
1329	#EFECF6	#FEFEFE
1330	#F6F5FA	#FFFFFF
1331	#FCF7F6	#FFFFFF
1332	#E4E0F0	#FEFEFE
1333	#F0EEF7	#FEFEFE
1334	#F1E0DD	#FEFEFE
1335	#E1DDEF	#FDFDFD
1336	#F3F1F8	#FEFEFE
1337	#E8E5F3	#FEFEFE
1338	#FEFCFC	#FFFFFF
1339	#F9F1F0	#FFFFFF
1340	#F3E5E3	#FEFEFE
1341	#FDFDFE	#FFFFFF
1342	#C6BFE0	#F9F9F9
1343	#E9E6F3	#FDFDFD
1344	#F2E2E0	#FEFEFE
1345	#FAFAFD	#FFFFFF
1346	#F8F7FB	#FFFFFF
1347	#FCFBFD	#FFFFFF
1348	#EAE7F4	#FEFEFE
1349	#FCF7F6	#FFFFFF
1350	#E8CDCA	#FEFEFE
1351	#F6F4FA	#FFFFFF
1352	#FDFAFA	#FFFFFF
1353	#DAD5EB	#FCFCFC
1354	#F7ECEB	#FFFFFF
1355	#F1E0DD	#FEFEFE
1356	#ECEAF5	#FEFEFE
1357	#E3DFF0	#FEFEFE
1358	#E1DDEF	#FDFDFD
1359	#FDFBFA	#FFFFFF
1360	#FAF9FC	#FFFFFF
1361	#FCF8F8	#FFFFFF
1362	#E8E4F2	#FEFEFE
1363	#FDFCFE	#FFFFFF
1364	#F6F5FA	#FFFFFF
1365	#ECD4D1	#FDFDFD
1366	#E4E1F1	#FEFEFE
1367	#F6EAE8	#FEFEFE
1368	#FBF5F4	#FFFFFF
1369	#F0EDF7	#FEFEFE
1370	#EFDBD9	#FEFEFE
1371	#F2F0F8	#FFFFFF
1372	#EBD2CF	#FDFDFD
1373	#F5E8E6	#FEFEFE
1374	#F6F4FA	#FFFFFF
1375	#F8F7FB	#FFFFFF
1376	#E3DFF0	#FEFEFE
1377	#EFEDF6	#FEFEFE
1378	#E1DDEF	#FDFDFD
1379	#FFFEFE	#FFFFFF
1380	#FDFBFA	#FFFFFF
1381	#E6E2F1	#FEFEFE
1382	#F5F4FA	#FFFFFF
1383	#F9F0EF	#FEFEFE
1384	#E4E1F1	#FDFDFD
1385	#F3E5E3	#FEFEFE
1386	#E5E1F1	#FDFDFD
1387	#F7EEEC	#FEFEFE
1388	#FAF4F3	#FFFFFF
1389	#ECD4D1	#FDFDFD
1390	#EFEDF6	#FEFEFE
1391	#F7EEEC	#FFFFFF
1392	#E9D0CC	#FCFCFC
1393	#FDFAFA	#FFFFFF
1394	#DFDBEE	#FCFCFC
1395	#EAE7F3	#FDFDFD
1396	#F4E5E3	#FEFEFE
1397	#F9F9FC	#FFFFFF
1398	#E5E1F1	#FEFEFE
1399	#FCF7F7	#FFFFFF
1400	#D2CCE7	#FBFBFB
1401	#FAF4F3	#FFFFFF
1402	#F5E9E7	#FEFEFE
1403	#BEB6DB	#FCFCFC
1404	#F4E5E3	#FEFEFE
1405	#EAE7F4	#FEFEFE
1406	#F5F3F9	#FFFFFF
1407	#ECEAF5	#FEFEFE
1408	#A89ED0	#F9F9F9
1409	#B8AFD8	#FAFAFA
1410	#E8E5F3	#FEFEFE
1411	#F9F2F1	#FFFFFF
1412	#FCF7F7	#FFFFFF
1413	#F8F7FB	#FFFFFF
1414	#F9F1F0	#FFFFFF
1415	#DEB9B4	#FCFCFC
1416	#F6F5FA	#FFFFFF
1417	#F7EEEC	#FFFFFF
1418	#F5E7E6	#FEFEFE
1419	#F2E1DF	#FEFEFE
1420	#E9CECB	#FDFDFD
1421	#FEFEFE	#FFFFFF
1422	#E1BEBA	#FDFDFD
1423	#FEFCFC	#FFFFFF
1424	#EFDCD9	#FEFEFE
1425	#FAF9FC	#FFFFFF
1426	#F6F5FA	#FFFFFF
1427	#F8F6FB	#FFFFFF
1428	#E4C5C1	#FCFCFC
1429	#D3CDE7	#FCFCFC
1430	#FCF7F7	#FFFFFF
1431	#E2DFF0	#FDFDFD
1432	#F6F4FA	#FFFFFF
1433	#EDEAF5	#FEFEFE
1434	#F3F1F9	#FEFEFE
1435	#F2E1DF	#FEFEFE
1436	#F5E7E5	#FEFEFE
1437	#EAE7F4	#FEFEFE
1438	#FAF9FC	#FFFFFF
1439	#FEFCFC	#FFFFFF
1440	#F8EFEE	#FEFEFE
1441	#EFECF6	#FEFEFE
1442	#F8F7FB	#FFFFFF
1443	#FBFAFD	#FFFFFF
1444	#FAF9FC	#FFFFFF
1445	#FCF8F8	#FFFFFF
1446	#F5F4FA	#FFFFFF
1447	#D3CEE7	#FCFCFC
1448	#D9B0AB	#FDFDFD
1449	#F3F1F8	#FFFFFF
1450	#FCF7F6	#FFFFFF
1451	#FBFBFD	#FFFFFF
1452	#F2F0F8	#FFFFFF
1453	#EBE9F4	#FEFEFE
1454	#A79DCF	#FBFBFB
1455	#F2F0F8	#FEFEFE
1456	#D5CFE8	#FCFCFC
1457	#C1B9DD	#FBFBFB
1458	#ECEAF5	#FEFEFE
1459	#FFFEFE	#FFFFFF
1460	#F9F9FC	#FFFFFF
1461	#FDFAFA	#FFFFFF
1462	#DBD7EC	#FEFEFE
1463	#E8E5F2	#FEFEFE
1464	#E2C0BC	#FDFDFD
1465	#FEFEFF	#FFFFFF
1466	#F6F5FA	#FFFFFF
1467	#D4A5A0	#FCFCFC
1468	#F3F1F8	#FFFFFF
1469	#F5E8E6	#FEFEFE
1470	#E9CFCB	#FDFDFD
1471	#EAD0CD	#FDFDFD
1472	#FEFDFD	#FFFFFF
1473	#FDFBFA	#FFFFFF
1474	#F6F5FA	#FFFFFF
1475	#F8EEED	#FFFFFF
1476	#D7D1E9	#FDFDFD
1477	#FDFBFB	#FFFFFF
1478	#ECD5D2	#FEFEFE
1479	#CCC5E3	#FBFBFB
1480	#F6F4FA	#FFFFFF
1481	#F9F1F0	#FFFFFF
1482	#E9E5F3	#FEFEFE
1483	#F8F7FB	#FFFFFF
1484	#E8CDC9	#FDFDFD
1485	#F3F1F8	#FEFEFE
1486	#F3E3E1	#FEFEFE
1487	#E8CDCA	#FEFEFE
1488	#D8D2EA	#FDFDFD
1489	#E2DEEF	#FDFDFD
1490	#F8F7FB	#FFFFFF
1491	#F9F8FC	#FFFFFF
1492	#E8E4F2	#FEFEFE
1493	#F5E8E6	#FEFEFE
1494	#FEFEFE	#FFFFFF
1495	#F3E4E2	#FEFEFE
1496	#E4E0F0	#FDFDFD
1497	#E5E1F1	#FDFDFD
1498	#E4C4C0	#FDFDFD
1499	#FEFDFD	#FFFFFF
1500	#F6F4FA	#FFFFFF
1501	#F9F2F1	#FFFFFF
1502	#EEECF6	#FEFEFE
1503	#E8E5F2	#FEFEFE
1504	#F1E0DE	#FEFEFE
1505	#D1CBE6	#FBFBFB
1506	#B8AFD8	#FBFBFB
1507	#EFEDF6	#FEFEFE
1508	#EDEAF5	#FEFEFE
1509	#EAE7F4	#FEFEFE
1510	#C2BADE	#FBFBFB
1511	#F5E8E6	#FEFEFE
1512	#D8D2EA	#FDFDFD
1513	#FCFCFE	#FFFFFF
1514	#DDD9ED	#FDFDFD
1515	#EED9D6	#FEFEFE
1516	#F6F5FA	#FFFFFF
1517	#E0BEB9	#FDFDFD
1518	#E8CDCA	#FEFEFE
1519	#FCFCFE	#FFFFFF
1520	#E0BCB8	#FBFBFB
1521	#FAFAFD	#FFFFFF
1522	#F9F1F0	#FEFEFE
1523	#E4C4C0	#FCFCFC
1524	#F8EEED	#FEFEFE
1525	#EDEAF5	#FEFEFE
1526	#E4E0F0	#FEFEFE
1527	#F7F6FB	#FFFFFF
1528	#F2F1F8	#FFFFFF
1529	#FBFAFD	#FFFFFF
1530	#FAF4F4	#FFFFFF
1531	#FCF8F7	#FFFFFF
1532	#F9F8FC	#FFFFFF
1533	#FDFBFA	#FFFFFF
1534	#FEFEFE	#FFFFFF
1535	#F1EFF8	#FEFEFE
1536	#F9F1F0	#FFFFFF
1537	#F8EEED	#FEFEFE
1538	#FDFBFB	#FFFFFF
1539	#F8EEED	#FEFEFE
1540	#FBF6F6	#FFFFFF
1541	#CEC7E4	#FCFCFC
1542	#F9F2F1	#FFFFFF
1543	#EED9D6	#FDFDFD
1544	#FBFAFD	#FFFFFF
1545	#F9F2F1	#FEFEFE
1546	#E4C5C1	#FDFDFD
1547	#FCFBFD	#FFFFFF
1548	#F5E7E6	#FEFEFE
1549	#F7ECEB	#FFFFFF
1550	#F7F5FA	#FFFFFF
1551	#F2F0F8	#FFFFFF
1552	#DDD9ED	#FDFDFD
1553	#CEC8E4	#F9F9F9
1554	#DED9ED	#FEFEFE
1555	#FFFEFE	#FFFFFF
1556	#FFFEFE	#FFFFFF
1557	#DBD6EC	#FEFEFE
1558	#D4CEE8	#FDFDFD
1559	#CBC5E3	#FCFCFC
1560	#D4CEE8	#FDFDFD
1561	#EDD6D3	#FEFEFE
1562	#F2E2E0	#FEFEFE
1563	#FBFBFD	#FFFFFF
1564	#F9F2F1	#FFFFFF
1565	#FBF5F5	#FFFFFF
1566	#EED9D6	#FEFEFE
1567	#DED9ED	#FDFDFD
1568	#FBFBFD	#FFFFFF
1569	#EBD4D1	#FDFDFD
1570	#EAD2CE	#FDFDFD
1571	#D09E98	#F8F8F8
1572	#FEFCFC	#FFFFFF
1573	#F8EFED	#FEFEFE
1574	#EAE7F4	#FEFEFE
1575	#F8EEED	#FFFFFF
1576	#EFECF6	#FEFEFE
1577	#DEDAED	#FEFEFE
1578	#E8E4F2	#FEFEFE
1579	#FEFCFB	#FFFFFF
1580	#FEFDFC	#FFFFFF
1581	#EBD2CF	#FDFDFD
1582	#F6F5FA	#FFFFFF
1583	#F9F8FC	#FFFFFF
1584	#F5F4FA	#FFFFFF
1585	#FAF4F3	#FFFFFF
1586	#FCF9F9	#FFFFFF
1587	#D2CCE7	#FCFCFC
1588	#F6F5FA	#FFFFFF
1589	#FDFDFE	#FFFFFF
1590	#EDD7D4	#FEFEFE
1591	#CCC5E3	#F9F9F9
1592	#F7ECEB	#FEFEFE
1593	#ECE9F5	#FEFEFE
1594	#EBE8F4	#FEFEFE
1595	#EAE6F3	#FEFEFE
1596	#F5F4FA	#FFFFFF
1597	#F6F5FA	#FFFFFF
1598	#F5F4FA	#FFFFFF
1599	#F4E6E4	#FEFEFE
1600	#C7C0E1	#FCFCFC
1601	#F6F4FA	#FFFFFF
1602	#F4E5E4	#FEFEFE
1603	#F9F1F0	#FFFFFF
1604	#F4E7E5	#FEFEFE
1605	#EDEAF5	#FEFEFE
1606	#EEECF6	#FEFEFE
1607	#E5E1F1	#FEFEFE
1608	#DDD8ED	#FDFDFD
1609	#F6F4FA	#FFFFFF
1610	#C4BDDF	#FCFCFC
1611	#EBE8F4	#FEFEFE
1612	#F4E7E5	#FEFEFE
1613	#FFFFFF	#FFFFFF
1614	#FAF4F3	#FFFFFF
1615	#FDFDFE	#FFFFFF
1616	#FDFAFA	#FFFFFF
1617	#DFBBB7	#FCFCFC
1618	#FBFBFD	#FFFFFF
1619	#D2CCE7	#FBFBFB
1620	#F7F5FA	#FFFFFF
1621	#EBD4D0	#FDFDFD
1622	#F0DEDB	#FEFEFE
1623	#FDFAFA	#FFFFFF
1624	#F1EFF7	#FEFEFE
1625	#F1DFDD	#FEFEFE
1626	#F8F6FB	#FFFFFF
1627	#FBF5F5	#FFFFFF
1628	#F6E9E8	#FEFEFE
1629	#E3DFF0	#FEFEFE
1630	#F3E5E3	#FEFEFE
1631	#F4E7E5	#FEFEFE
1632	#F3F1F8	#FFFFFF
1633	#EEEBF6	#FEFEFE
1634	#F6F4FA	#FFFFFF
1635	#F9F1F0	#FFFFFF
1636	#E8E5F3	#FEFEFE
1637	#FAF4F3	#FFFFFF
1638	#FFFEFE	#FFFFFF
1639	#FDFDFE	#FFFFFF
1640	#F4E5E3	#FEFEFE
1641	#F6F5FA	#FFFFFF
1642	#E0DBEE	#FCFCFC
1643	#E0DCEE	#FDFDFD
1644	#F7EDEC	#FEFEFE
1645	#FAF9FC	#FFFFFF
1646	#F9F1F0	#FFFFFF
1647	#FAF3F3	#FFFFFF
1648	#FBF7F6	#FFFFFF
1649	#F3E4E2	#FEFEFE
1650	#F0DCDA	#FEFEFE
1651	#F3E5E3	#FEFEFE
1652	#FCF7F7	#FFFFFF
1653	#F2F0F8	#FEFEFE
1654	#F9F9FC	#FFFFFF
1655	#E4E0F0	#FDFDFD
1656	#EFEDF6	#FEFEFE
1657	#D7D2E9	#FDFDFD
1658	#E5E2F1	#FEFEFE
1659	#F6F5FA	#FFFFFF
1660	#D8D3EA	#FDFDFD
1661	#E3DFF0	#FEFEFE
1662	#F9F1F0	#FFFFFF
1663	#FEFEFF	#FFFFFF
1664	#F4E6E4	#FEFEFE
1665	#F6F4FA	#FFFFFF
1666	#ECD5D2	#FEFEFE
1667	#E6C8C4	#FDFDFD
1668	#FBF6F5	#FFFFFF
1669	#F7ECEA	#FEFEFE
1670	#E5E1F1	#FEFEFE
1671	#F2E3E1	#FEFEFE
1672	#F8F7FB	#FFFFFF
1673	#EFDCD9	#FCFCFC
1674	#F4E7E5	#FEFEFE
1675	#F1E0DE	#FEFEFE
1676	#F8F7FB	#FFFFFF
1677	#FDFDFE	#FFFFFF
1678	#E5E1F1	#FDFDFD
1679	#DFBAB5	#FCFCFC
1680	#FBF6F5	#FFFFFF
1681	#F0EEF7	#FEFEFE
1682	#F6F5FA	#FFFFFF
1683	#D8D3EA	#FDFDFD
1684	#EAD2CE	#FDFDFD
1685	#E5E2F1	#FEFEFE
1686	#F0DDDB	#FDFDFD
1687	#F6EBE9	#FEFEFE
1688	#DEDAED	#FDFDFD
1689	#F7ECEB	#FFFFFF
1690	#F1E0DE	#FEFEFE
1691	#E8E5F2	#FEFEFE
1692	#F8F7FB	#FFFFFF
1693	#E2DEEF	#FCFCFC
1694	#FEFEFF	#FFFFFF
1695	#E1DDEF	#FDFDFD
1696	#EFEDF6	#FEFEFE
1697	#EBD4D1	#FDFDFD
1698	#E1BEB9	#FEFEFE
1699	#F4E6E4	#FEFEFE
1700	#D5CFE8	#FCFCFC
1701	#F2F0F8	#FFFFFF
1702	#E4E0F0	#FDFDFD
1703	#F2F0F8	#FFFFFF
1704	#ECD5D2	#FEFEFE
1705	#FDFBFB	#FFFFFF
1706	#F2F0F8	#FEFEFE
1707	#E5E2F1	#FDFDFD
1708	#EBE8F4	#FEFEFE
1709	#ECE9F4	#FEFEFE
1710	#C7C0E1	#FCFCFC
1711	#EDEAF5	#FEFEFE
1712	#EEECF6	#FEFEFE
1713	#FDFBFB	#FFFFFF
1714	#F6F5FA	#FFFFFF
1715	#F6F5FA	#FFFFFF
1716	#F1E0DE	#FEFEFE
1717	#EFECF6	#FEFEFE
1718	#F1E0DE	#FEFEFE
1719	#DDD8ED	#FDFDFD
1720	#E1BEBA	#FDFDFD
1721	#F4E5E3	#FEFEFE
1722	#E3C3BF	#FCFCFC
1723	#F0DEDC	#FEFEFE
1724	#CF9D97	#F8F8F8
1725	#F4E7E5	#FEFEFE
1726	#F0EEF7	#FEFEFE
1727	#FEFDFD	#FFFFFF
1728	#F6F5FA	#FFFFFF
1729	#F8EFEE	#FEFEFE
1730	#ECD6D3	#FEFEFE
1731	#EDEAF5	#FEFEFE
1732	#F2E2E0	#FEFEFE
1733	#F9F1F0	#FFFFFF
1734	#FBFAFD	#FFFFFF
1735	#DED9ED	#FDFDFD
1736	#D8D3EA	#FCFCFC
1737	#FBF5F5	#FFFFFF
1738	#F7EDEC	#FEFEFE
1739	#F7F5FB	#FFFFFF
1740	#E1BEBA	#FEFEFE
1741	#FBF6F6	#FFFFFF
1742	#F9F1F0	#FFFFFF
1743	#E2DEEF	#FCFCFC
1744	#E6E2F1	#FEFEFE
1745	#F5E7E6	#FEFEFE
1746	#EDEAF5	#FEFEFE
1747	#FDF9F9	#FFFFFF
1748	#C9928B	#FBFBFB
1749	#FCFCFE	#FFFFFF
1750	#ECD4D1	#FDFDFD
1751	#EBD4D1	#FDFDFD
1752	#F5E7E6	#FEFEFE
1753	#E8E5F3	#FEFEFE
1754	#F9F1F0	#FFFFFF
1755	#FBF6F5	#FFFFFF
1756	#F1E1DE	#FEFEFE
1757	#DEDAED	#FDFDFD
1758	#E6E2F1	#FEFEFE
1759	#E8E5F3	#FEFEFE
1760	#EEEBF6	#FEFEFE
1761	#D4CFE8	#FDFDFD
1762	#CBC5E3	#FDFDFD
1763	#EAE8F4	#FEFEFE
1764	#E6E3F1	#FEFEFE
1765	#DDD9ED	#FDFDFD
1766	#F6E9E8	#FEFEFE
1767	#F6EAE8	#FEFEFE
1768	#E0BEB9	#FDFDFD
1769	#FBF6F6	#FFFFFF
1770	#FDFAFA	#FFFFFF
1771	#FCFBFD	#FFFFFF
1772	#FAF3F3	#FFFFFF
1773	#D9B0AA	#FDFDFD
1774	#FAFAFD	#FFFFFF
1775	#FDFBFB	#FFFFFF
1776	#FFFEFE	#FFFFFF
1777	#F9F1F0	#FFFFFF
1778	#E2DEEF	#FCFCFC
1779	#DCB5B0	#FCFCFC
1780	#ECEAF5	#FEFEFE
1781	#FBFBFD	#FFFFFF
1782	#F9F2F1	#FFFFFF
1783	#F1DFDD	#FEFEFE
1784	#FBFBFD	#FFFFFF
1785	#FBFAFD	#FFFFFF
1786	#D3CEE7	#FCFCFC
1787	#F8EEED	#FEFEFE
1788	#EDD6D3	#FEFEFE
1789	#FDFBFB	#FFFFFF
1790	#CC9791	#FCFCFC
1791	#F8F7FB	#FFFFFF
1792	#E2DEEF	#FDFDFD
1793	#FDF9F9	#FFFFFF
1794	#EEECF6	#FEFEFE
1795	#E5E1F1	#FDFDFD
1796	#EDEBF5	#FEFEFE
1797	#F4E7E5	#FEFEFE
1798	#EAD1CE	#FDFDFD
1799	#FAF4F3	#FFFFFF
1800	#E6C8C4	#FDFDFD
1801	#EFDCDA	#FEFEFE
1802	#FBF5F5	#FFFFFF
1803	#DDD9ED	#FDFDFD
1804	#EAE7F4	#FEFEFE
1805	#F1EFF7	#FEFEFE
1806	#FBF6F5	#FFFFFF
1807	#EFECF6	#FFFFFF
1808	#EBE8F4	#FEFEFE
1809	#BEB6DB	#F8F8F8
1810	#CAC3E2	#FBFBFB
1811	#FDFBFA	#FFFFFF
1812	#E6E3F1	#FEFEFE
1813	#F1E0DE	#FEFEFE
1814	#EFDCDA	#FEFEFE
1815	#F9F8FC	#FFFFFF
1816	#F8F7FB	#FFFFFF
1817	#FEFCFC	#FFFFFF
1818	#DDD8EC	#FEFEFE
1819	#E6C8C4	#FDFDFD
1820	#F9F9FC	#FFFFFF
1821	#FEFDFC	#FFFFFF
1822	#FDFBFB	#FFFFFF
1823	#F3E4E2	#FEFEFE
1824	#D7ACA6	#FBFBFB
1825	#E8CCC8	#FDFDFD
1826	#FCF7F7	#FFFFFF
1827	#EBE8F4	#FEFEFE
1828	#E8CDCA	#FDFDFD
1829	#F8EFED	#FEFEFE
1830	#FAF4F3	#FEFEFE
1831	#F6EAE9	#FEFEFE
1832	#E6E3F2	#FEFEFE
1833	#E7E4F2	#FDFDFD
1834	#FFFFFF	#FFFFFF
1835	#F5E9E7	#FEFEFE
1836	#F6F4FA	#FFFFFF
1837	#FDFCFE	#FFFFFF
1838	#F9F0EF	#FFFFFF
1839	#C68D87	#FBFBFB
1840	#E1DDEF	#FDFDFD
1841	#FFFFFF	#FFFFFF
1842	#E8E5F2	#FEFEFE
1843	#C7C0E0	#FCFCFC
1844	#EEECF6	#FEFEFE
1845	#FCF8F8	#FFFFFF
1846	#F7ECEB	#FEFEFE
1847	#F7F6FB	#FFFFFF
1848	#F9F2F1	#FFFFFF
1849	#EBE9F4	#FEFEFE
1850	#F7EEEC	#FFFFFF
1851	#FBF7F6	#FFFFFF
1852	#F6F5FA	#FFFFFF
1853	#D0CAE6	#FCFCFC
1854	#DCD7EC	#FEFEFE
1855	#DDD8ED	#FDFDFD
1856	#F3F2F9	#FEFEFE
1857	#DEDAED	#FEFEFE
1858	#F2F0F8	#FFFFFF
1859	#F8F7FB	#FFFFFF
1860	#D3CEE7	#FDFDFD
1861	#EEECF6	#FEFEFE
1862	#F4E6E4	#FEFEFE
1863	#C8C1E1	#FCFCFC
1864	#E0BDB9	#FDFDFD
1865	#FBF5F4	#FFFFFF
1866	#F3E4E2	#FEFEFE
1867	#FFFFFE	#FFFFFF
1868	#F9F8FC	#FFFFFF
1869	#DFDAED	#FEFEFE
1870	#F4E5E3	#FEFEFE
1871	#F2F0F8	#FFFFFF
1872	#FBF6F5	#FFFFFF
1873	#FBF7F6	#FFFFFF
1874	#F4E6E4	#FEFEFE
1875	#F9F8FC	#FFFFFF
1876	#F6F5FA	#FFFFFF
1877	#F9F2F1	#FFFFFF
1878	#F4E7E5	#FEFEFE
1879	#EDD6D4	#FEFEFE
1880	#FBF6F5	#FFFFFF
1881	#F8EEED	#FEFEFE
1882	#EBE8F4	#FEFEFE
1883	#FFFFFF	#FFFFFF
1884	#EAD1CE	#FDFDFD
1885	#E4C4C0	#FDFDFD
1886	#F6F5FA	#FFFFFF
1887	#F2F0F8	#FEFEFE
1888	#FDFCFE	#FFFFFF
1889	#E5E1F1	#FDFDFD
1890	#ECD6D3	#FEFEFE
1891	#EAE7F4	#FDFDFD
1892	#FAF4F3	#FFFFFF
1893	#CDC6E4	#FCFCFC
1894	#ECE9F5	#FEFEFE
1895	#F2E2E0	#FEFEFE
1896	#F6ECEA	#FEFEFE
1897	#F5E9E8	#FEFEFE
1898	#F7F5FA	#FFFFFF
1899	#EAD2CF	#FDFDFD
1900	#F5F4FA	#FFFFFF
1901	#F7EEEC	#FFFFFF
1902	#F9F1F0	#FFFFFF
1903	#FBF6F5	#FFFFFF
1904	#F4E5E4	#FEFEFE
1905	#F5E8E6	#FEFEFE
1906	#E3DFF0	#FEFEFE
1907	#F7F5FA	#FFFFFF
1908	#FBFAFD	#FFFFFF
1909	#F6F5FA	#FFFFFF
1910	#E4E0F0	#FDFDFD
1911	#FBF6F5	#FFFFFF
1912	#F5E7E6	#FEFEFE
1913	#A096CC	#F3F3F3
1914	#FAF9FC	#FFFFFF
1915	#F2E3E1	#FEFEFE
1916	#F6EBEA	#FEFEFE
1917	#FAF9FC	#FFFFFF
1918	#F7EDEB	#FEFEFE
1919	#FDFBFB	#FFFFFF
1920	#F3E5E3	#FEFEFE
1921	#F2F1F8	#FFFFFF
1922	#EDEAF5	#FEFEFE
1923	#ECD5D2	#FEFEFE
1924	#C3BBDE	#FDFDFD
1925	#CEC8E4	#FCFCFC
1926	#FFFFFF	#FFFFFF
1927	#EAD0CD	#FDFDFD
1928	#F5F4FA	#FFFFFF
1929	#D6A9A3	#FAFAFA
1930	#EAD0CC	#FCFCFC
1931	#F9F0EF	#FEFEFE
1932	#F9F1F0	#FFFFFF
1933	#F1E0DE	#FEFEFE
1934	#F9F8FC	#FFFFFF
1935	#FEFDFC	#FFFFFF
1936	#F2E2E0	#FEFEFE
1937	#E5E1F1	#FDFDFD
1938	#FBFBFD	#FFFFFF
1939	#F9F1F0	#FFFFFF
1940	#F4F2F9	#FEFEFE
1941	#FBF6F5	#FFFFFF
1942	#EFECF6	#FEFEFE
1943	#D3CDE7	#FCFCFC
1944	#F6E9E8	#FEFEFE
1945	#FEFDFD	#FFFFFF
1946	#F8F7FB	#FFFFFF
1947	#F3E4E2	#FEFEFE
1948	#EDD7D4	#FEFEFE
1949	#E8CDCA	#FDFDFD
1950	#F7EDEC	#FEFEFE
1951	#FAF4F3	#FFFFFF
1952	#E9CECA	#FEFEFE
1953	#F2E3E1	#FEFEFE
1954	#D9D4EA	#FDFDFD
1955	#F9F1F0	#FFFFFF
1956	#EAE7F4	#FEFEFE
1957	#BDB5DB	#FBFBFB
1958	#DEDAED	#FDFDFD
1959	#DDD9ED	#FDFDFD
1960	#DCD7EC	#FEFEFE
1961	#D4CEE7	#FDFDFD
1962	#FBFAFD	#FFFFFF
1963	#F2F1F8	#FFFFFF
1964	#F8F8FB	#FFFFFF
1965	#F1EFF7	#FEFEFE
1966	#F9F2F1	#FFFFFF
1967	#F7EDEB	#FFFFFF
1968	#FAF9FC	#FFFFFF
1969	#E6E2F1	#FEFEFE
1970	#EFEDF6	#FEFEFE
1971	#FBF6F6	#FFFFFF
1972	#E9CECB	#FEFEFE
1973	#DCD7EC	#FEFEFE
1974	#E6E3F1	#FEFEFE
1975	#D0CAE5	#FCFCFC
1976	#FFFFFF	#FFFFFF
1977	#F3E5E3	#FEFEFE
1978	#FBF6F5	#FFFFFF
1979	#F2E2E0	#FEFEFE
1980	#F5E9E8	#FEFEFE
1981	#E6E3F2	#FEFEFE
1982	#F8F0EF	#FEFEFE
1983	#E1DDEF	#FDFDFD
1984	#F5F4FA	#FFFFFF
1985	#D0CAE6	#FCFCFC
1986	#D0C9E5	#FAFAFA
1987	#F8F7FB	#FFFFFF
1988	#ECD4D1	#FDFDFD
1989	#F4E6E5	#FEFEFE
1990	#F4E5E4	#FEFEFE
1991	#E1DDEF	#FDFDFD
1992	#FCF9F8	#FFFFFF
1993	#F8F7FB	#FFFFFF
1994	#FEFCFB	#FFFFFF
1995	#DDD8ED	#FDFDFD
1996	#FDFDFE	#FFFFFF
1997	#E6E2F1	#FEFEFE
1998	#F2E2E0	#FEFEFE
1999	#DEB9B5	#FCFCFC
2000	#FBF6F5	#FFFFFF
2001	#DED9ED	#FDFDFD
2002	#E4E1F1	#FDFDFD
2003	#F6F5FA	#FFFFFF
2004	#F2F1F8	#FEFEFE
2005	#F9F9FC	#FFFFFF
2006	#E8E5F3	#FEFEFE
2007	#DFDAEE	#FEFEFE
2008	#E4E0F0	#FDFDFD
2009	#FBF6F5	#FFFFFF
2010	#FCFCFD	#FFFFFF
2011	#EFECF6	#FEFEFE
2012	#F2F0F8	#FEFEFE
2013	#C9C3E2	#FBFBFB
2014	#FFFFFE	#FFFFFF
2015	#E1DDEF	#FDFDFD
2016	#FDFBFB	#FFFFFF
2017	#FFFEFE	#FFFFFF
2018	#F1E0DE	#FEFEFE
2019	#E3E0F0	#FEFEFE
2020	#F1E0DE	#FEFEFE
2021	#CCC6E3	#FBFBFB
2022	#E6E2F1	#FEFEFE
2023	#FBF7F6	#FFFFFF
2024	#FFFFFF	#FFFFFF
2025	#D4CEE8	#FDFDFD
2026	#F6EAE9	#FEFEFE
2027	#F3E5E3	#FEFEFE
2028	#FAF2F1	#FFFFFF
2029	#F6EBEA	#FEFEFE
2030	#FDFCFE	#FFFFFF
2031	#FEFEFE	#FFFFFF
2032	#FEFDFD	#FFFFFF
2033	#FAF4F3	#FFFFFF
2034	#FDFCFE	#FFFFFF
2035	#F3F1F8	#FFFFFF
2036	#F4E5E3	#FEFEFE
2037	#F7ECEB	#FFFFFF
2038	#FBF7F6	#FFFFFF
2039	#FBF6F6	#FFFFFF
2040	#E2DEEF	#FDFDFD
2041	#F9F8FC	#FFFFFF
2042	#F8F7FB	#FFFFFF
2043	#F8EEED	#FEFEFE
2044	#FBFAFD	#FFFFFF
2045	#F0EEF7	#FEFEFE
2046	#F4F2F9	#FEFEFE
2047	#ECD5D2	#FDFDFD
2048	#DDD9ED	#FDFDFD
2049	#E1BEBA	#FEFEFE
2050	#FAF4F3	#FFFFFF
2051	#E7E4F2	#FEFEFE
2052	#FDFDFE	#FFFFFF
2053	#F3E5E3	#FEFEFE
2054	#F2F0F8	#FEFEFE
2055	#F6F5FA	#FFFFFF
2056	#FDFDFE	#FFFFFF
2057	#E1DDEF	#FDFDFD
2058	#DED9ED	#FDFDFD
2059	#CDC6E4	#FCFCFC
2060	#E9E6F3	#FEFEFE
2061	#FBFBFD	#FFFFFF
2062	#CCC5E3	#FDFDFD
2063	#E6E3F1	#FEFEFE
2064	#FFFEFE	#FFFFFF
2065	#FDFCFE	#FFFFFF
2066	#D4CEE7	#FCFCFC
2067	#F9F8FC	#FFFFFF
2068	#F6F5FA	#FFFFFF
2069	#F9F8FC	#FFFFFF
2070	#FEFCFC	#FFFFFF
2071	#E5E1F1	#FEFEFE
2072	#ECE9F5	#FEFEFE
2073	#EBD3D0	#FDFDFD
2074	#CDC6E4	#FCFCFC
2075	#D4CEE8	#FDFDFD
2076	#F5E7E5	#FEFEFE
2077	#EEECF6	#FEFEFE
2078	#CDC7E4	#FCFCFC
2079	#FBF7F6	#FFFFFF
2080	#F8F7FB	#FFFFFF
2081	#FFFEFE	#FFFFFF
2082	#F9F1F0	#FFFFFF
2083	#DBD6EB	#FCFCFC
2084	#E3C3BF	#FDFDFD
2085	#FDFDFE	#FFFFFF
2086	#F3E5E3	#FEFEFE
2087	#ECD5D2	#FEFEFE
2088	#F7ECEB	#FEFEFE
2089	#EAE7F4	#FEFEFE
2090	#EFEDF7	#FEFEFE
2091	#D0CAE6	#FCFCFC
2092	#FCF9F8	#FFFFFF
2093	#DCD8EC	#FDFDFD
2094	#F5F4FA	#FFFFFF
2095	#ECD5D2	#FEFEFE
2096	#EBE9F4	#FEFEFE
2097	#FDFDFE	#FFFFFF
2098	#E2C0BB	#FDFDFD
2099	#ECEAF5	#FEFEFE
2100	#FCFCFE	#FFFFFF
2101	#F6EAE8	#FEFEFE
2102	#BB7B74	#FAFAFA
2103	#DDD8EC	#FEFEFE
2104	#FCF7F6	#FFFFFF
2105	#F9F1F0	#FEFEFE
2106	#F1E0DE	#FEFEFE
2107	#E2DEEF	#FDFDFD
2108	#D9D4EA	#FBFBFB
2109	#C9C2E2	#FBFBFB
2110	#DDD9ED	#FDFDFD
2111	#EEECF6	#FFFFFF
2112	#F9F8FC	#FFFFFF
2113	#FCF7F7	#FFFFFF
2114	#DED9ED	#FDFDFD
2115	#DDD8ED	#FDFDFD
2116	#D8D3EA	#FDFDFD
2117	#F2E2E0	#FEFEFE
2118	#F7EDEC	#FEFEFE
2119	#F3E5E3	#FEFEFE
2120	#FEFEFF	#FFFFFF
2121	#CAC3E2	#FCFCFC
2122	#EEECF6	#FEFEFE
2123	#FAF3F2	#FFFFFF
2124	#CF9D97	#FCFCFC
2125	#D2CCE7	#FCFCFC
2126	#F6F4FA	#FFFFFF
2127	#EEECF6	#FEFEFE
2128	#E8CDC9	#FDFDFD
2129	#F8EEEC	#FFFFFF
2130	#F7EEEC	#FFFFFF
2131	#FAF3F3	#FFFFFF
2132	#FAFAFD	#FFFFFF
2133	#EAE7F4	#FEFEFE
2134	#E3DFF0	#FEFEFE
2135	#E6E2F1	#FEFEFE
2136	#FAF4F3	#FFFFFF
2137	#FDFAFA	#FFFFFF
2138	#F5E8E6	#FEFEFE
2139	#FAF4F3	#FFFFFF
2140	#FAF4F3	#FFFFFF
2141	#EAE7F4	#FEFEFE
2142	#F8F7FB	#FFFFFF
2143	#E4E1F1	#FDFDFD
2144	#EFECF6	#FEFEFE
2145	#EEECF6	#FEFEFE
2146	#E6C8C4	#FBFBFB
2147	#F6F4FA	#FFFFFF
2148	#FBF5F4	#FFFFFF
2149	#EDEBF5	#FEFEFE
2150	#EEECF6	#FEFEFE
2151	#F5E7E5	#FEFEFE
2152	#F4E7E5	#FEFEFE
2153	#ECD5D2	#FEFEFE
2154	#FEFEFE	#FFFFFF
2155	#E2DEEF	#FDFDFD
2156	#EDEBF5	#FEFEFE
2157	#FFFFFF	#FFFFFF
2158	#BBB3DA	#FAFAFA
2159	#F2E2DF	#FEFEFE
2160	#D9D4EA	#FCFCFC
2161	#FBF7F6	#FFFFFF
2162	#F6F5FA	#FFFFFF
2163	#FDFBFB	#FFFFFF
2164	#CEC8E5	#FDFDFD
2165	#CEC7E4	#FBFBFB
2166	#BFB8DC	#F9F9F9
2167	#D1CBE6	#FCFCFC
2168	#F5E7E5	#FEFEFE
2169	#E1DDEF	#FDFDFD
2170	#F4E6E4	#FEFEFE
2171	#E9E6F3	#FEFEFE
2172	#FCF7F7	#FFFFFF
2173	#F8EFED	#FEFEFE
2174	#E8E5F3	#FEFEFE
2175	#E8CDCA	#FEFEFE
2176	#DDD8EC	#FDFDFD
2177	#FBFAFD	#FFFFFF
2178	#FFFEFE	#FFFFFF
2179	#FBF6F6	#FFFFFF
2180	#F1E0DD	#FEFEFE
2181	#F5E8E6	#FEFEFE
2182	#F2E3E0	#FEFEFE
2183	#F9F2F1	#FFFFFF
2184	#FCF9F9	#FFFFFF
2185	#F5E7E5	#FEFEFE
2186	#B7AED8	#FAFAFA
2187	#FDFBFB	#FFFFFF
2188	#BE7F78	#FAFAFA
2189	#EAE7F4	#FEFEFE
2190	#FBFAFD	#FFFFFF
2191	#FBFAFD	#FFFFFF
2192	#FCF8F8	#FFFFFF
2193	#FBFBFD	#FFFFFF
2194	#E1DDEF	#FDFDFD
2195	#FCFBFD	#FFFFFF
2196	#FEFEFF	#FFFFFF
2197	#FCF9F8	#FFFFFF
2198	#F1E0DE	#FEFEFE
2199	#F2F0F8	#FFFFFF
2200	#F2E2E0	#FEFEFE
2201	#FDFBFB	#FFFFFF
2202	#D5CFE8	#FCFCFC
2203	#FCF7F6	#FFFFFF
2204	#ECE9F4	#FEFEFE
2205	#FEFDFD	#FFFFFF
2206	#EDD7D4	#FEFEFE
2207	#F9F2F1	#FFFFFF
2208	#F6F5FA	#FFFFFF
2209	#ECE9F5	#FEFEFE
2210	#F9F8FC	#FFFFFF
2211	#EAE7F4	#FEFEFE
2212	#E5E1F1	#FEFEFE
2213	#D9D4EA	#FCFCFC
2214	#DEDAED	#FEFEFE
2215	#E3DFF0	#FDFDFD
2216	#E2DFF0	#FDFDFD
2217	#DBD6EB	#FCFCFC
2218	#FCFBFD	#FFFFFF
2219	#EDD6D3	#FEFEFE
2220	#EAE6F3	#FEFEFE
2221	#DCD7EC	#FEFEFE
2222	#FAF4F3	#FFFFFF
2223	#FDFCFE	#FFFFFF
2224	#F2F0F8	#FEFEFE
2225	#EEEBF6	#FEFEFE
2226	#FAF9FC	#FFFFFF
2227	#DDD9ED	#FDFDFD
2228	#C5BEE0	#FBFBFB
2229	#DED9ED	#FEFEFE
2230	#FDFAFA	#FFFFFF
2231	#FBFAFD	#FFFFFF
2232	#F8F7FB	#FFFFFF
2233	#E6E3F2	#FEFEFE
2234	#F2F1F8	#FEFEFE
2235	#DAD5EB	#FDFDFD
2236	#F4E6E4	#FEFEFE
2237	#FBF5F5	#FFFFFF
2238	#EBD2CF	#FDFDFD
2239	#FCF8F8	#FFFFFF
2240	#FCF9F8	#FFFFFF
2241	#F3E4E2	#FEFEFE
2242	#F2F0F8	#FEFEFE
2243	#E7E4F2	#FDFDFD
2244	#FFFFFF	#FFFFFF
2245	#F2E2E0	#FEFEFE
2246	#D2CDE7	#FCFCFC
2247	#F9F8FC	#FFFFFF
2248	#F1E0DD	#FEFEFE
2249	#EAE7F4	#FEFEFE
2250	#F9F1F0	#FFFFFF
2251	#E4E0F0	#FEFEFE
2252	#EBE9F4	#FEFEFE
2253	#C68D87	#FBFBFB
2254	#FCF8F8	#FFFFFF
2255	#F5F3FA	#FFFFFF
2256	#FCF7F7	#FFFFFF
2257	#EAE7F4	#FEFEFE
2258	#EEDAD7	#FDFDFD
2259	#EBE9F4	#FEFEFE
2260	#F6EAE8	#FEFEFE
2261	#F7EDEB	#FFFFFF
2262	#E8CDCA	#FEFEFE
2263	#DED9ED	#FDFDFD
2264	#E8E4F2	#FEFEFE
2265	#F7F6FB	#FFFFFF
2266	#FDFBFA	#FFFFFF
2267	#FDFAFA	#FFFFFF
2268	#FFFFFF	#FFFFFF
2269	#FAF9FC	#FFFFFF
2270	#EBD3D0	#FDFDFD
2271	#DCD8EC	#FDFDFD
2272	#FFFEFE	#FFFFFF
2273	#C68E87	#FBFBFB
2274	#EFECF6	#FEFEFE
2275	#FFFEFE	#FFFFFF
2276	#C68D86	#FBFBFB
2277	#F2E1DF	#FEFEFE
2278	#E3DFF0	#FEFEFE
2279	#F2F0F8	#FEFEFE
2280	#F7EDEB	#FEFEFE
2281	#EBD4D1	#FDFDFD
2282	#FAF9FC	#FFFFFF
2283	#EFECF6	#FEFEFE
2284	#E5E1F1	#FEFEFE
2285	#F7ECEB	#FFFFFF
2286	#F7EDEC	#FEFEFE
2287	#FAF4F3	#FFFFFF
2288	#E8CECA	#FEFEFE
2289	#D8D3EA	#FDFDFD
2290	#F0EEF7	#FEFEFE
2291	#F4E6E4	#FEFEFE
2292	#F2F0F8	#FEFEFE
2293	#F6F5FA	#FFFFFF
2294	#F6EBE9	#FEFEFE
2295	#F6EAE8	#FEFEFE
2296	#F3F1F8	#FEFEFE
2297	#FBF6F5	#FFFFFF
2298	#FAF3F2	#FEFEFE
2299	#FEFEFE	#FFFFFF
2300	#F6F5FA	#FFFFFF
2301	#FDFAFA	#FFFFFF
2302	#EAE7F3	#FEFEFE
2303	#F1EFF7	#FEFEFE
2304	#EAE7F3	#FDFDFD
2305	#D7D2E9	#FCFCFC
2306	#EFEDF6	#FEFEFE
2307	#E9E6F3	#FEFEFE
2308	#FCF9F8	#FFFFFF
2309	#FCF8F7	#FFFFFF
2310	#F0EEF7	#FEFEFE
2311	#D0CAE6	#FBFBFB
2312	#EEEBF6	#FEFEFE
2313	#DDD9ED	#FDFDFD
2314	#D0CAE6	#FCFCFC
2315	#D2CCE6	#FBFBFB
2316	#EDD7D4	#FEFEFE
2317	#F2F1F8	#FEFEFE
2318	#E0DCEE	#FDFDFD
2319	#FBF6F6	#FFFFFF
2320	#E6E3F2	#FEFEFE
2321	#F7F6FB	#FFFFFF
2322	#E4C4C0	#FDFDFD
2323	#FAF9FC	#FFFFFF
2324	#F2E1DF	#FEFEFE
2325	#FCF8F8	#FFFFFF
2326	#F8EEED	#FFFFFF
2327	#EAE7F4	#FEFEFE
2328	#FFFFFF	#FFFFFF
2329	#FDFDFE	#FFFFFF
2330	#FAF4F3	#FFFFFF
2331	#F9F0EF	#FFFFFF
2332	#EEECF6	#FEFEFE
2333	#DEB9B4	#FCFCFC
2334	#FEFCFB	#FFFFFF
2335	#FBFAFD	#FFFFFF
2336	#F4E5E4	#FEFEFE
2337	#FEFDFD	#FFFFFF
2338	#DFBAB5	#FCFCFC
2339	#FDFBFB	#FFFFFF
2340	#CEC7E4	#FCFCFC
2341	#F9F1F0	#FFFFFF
2342	#D2CCE6	#FBFBFB
2343	#E6E3F2	#FEFEFE
2344	#E5E2F1	#FEFEFE
2345	#FDFAFA	#FFFFFF
2346	#F8F7FB	#FFFFFF
2347	#F8F7FB	#FFFFFF
2348	#FEFDFD	#FFFFFF
2349	#F2E2E0	#FDFDFD
2350	#FAF9FC	#FFFFFF
2351	#FEFEFE	#FFFFFF
2352	#F3F2F9	#FEFEFE
2353	#F9F1F0	#FEFEFE
2354	#F9F2F1	#FEFEFE
2355	#FDFAFA	#FFFFFF
2356	#FCFBFD	#FFFFFF
2357	#EAE7F4	#FEFEFE
2358	#E6E2F1	#FEFEFE
2359	#F7F6FB	#FFFFFF
2360	#FCF8F8	#FFFFFF
2361	#EEEBF6	#FFFFFF
2362	#EDEAF5	#FEFEFE
2363	#DED9ED	#FCFCFC
2364	#E6E2F1	#FEFEFE
2365	#EFEDF6	#FEFEFE
2366	#FEFCFC	#FFFFFF
2367	#FBF6F5	#FFFFFF
2368	#F7F6FB	#FFFFFF
2369	#FFFEFE	#FFFFFF
2370	#EAD0CC	#FDFDFD
2371	#F5E8E6	#FEFEFE
2372	#C68D86	#FBFBFB
2373	#F7EEEC	#FFFFFF
2374	#F6F5FA	#FFFFFF
2375	#F6EAE8	#FEFEFE
2376	#CEC7E4	#FDFDFD
2377	#FCFBFD	#FFFFFF
2378	#FAFAFC	#FFFFFF
2379	#D1CBE6	#FCFCFC
2380	#EDEBF5	#FEFEFE
2381	#E7E4F2	#FEFEFE
2382	#FAF3F2	#FFFFFF
2383	#FBFBFD	#FFFFFF
2384	#F2E2E0	#FEFEFE
2385	#FDFBFA	#FFFFFF
2386	#FDFBFA	#FFFFFF
2387	#F9F8FC	#FFFFFF
2388	#F6EAE8	#FEFEFE
2389	#FEFDFC	#FFFFFF
2390	#FAF4F3	#FFFFFF
2391	#ECE9F5	#FEFEFE
2392	#EDEAF5	#FEFEFE
2393	#F2F1F8	#FFFFFF
2394	#FBF7F6	#FFFFFF
2395	#ECE9F5	#FEFEFE
2396	#C48A83	#FBFBFB
2397	#FEFEFE	#FFFFFF
2398	#FAF4F3	#FFFFFF
2399	#F8EFEE	#FEFEFE
2400	#E5E2F1	#FEFEFE
2401	#EBD4D1	#FDFDFD
2402	#F5E7E5	#FEFEFE
2403	#F7ECEB	#FEFEFE
2404	#F4E5E3	#FEFEFE
2405	#F5F3F9	#FFFFFF
2406	#F2F1F8	#FEFEFE
2407	#F3F1F8	#FFFFFF
2408	#FCF8F8	#FFFFFF
2409	#EAD0CD	#FDFDFD
2410	#F6F4FA	#FFFFFF
2411	#F5F4FA	#FFFFFF
2412	#DED9ED	#FDFDFD
2413	#C8918A	#FBFBFB
2414	#D5CFE8	#FCFCFC
2415	#D7D1E9	#FDFDFD
2416	#D8D3EA	#FDFDFD
2417	#FBFBFD	#FFFFFF
2418	#FFFEFE	#FFFFFF
2419	#D8D3EA	#FDFDFD
2420	#F5E8E6	#FEFEFE
2421	#FAF2F1	#FFFFFF
2422	#FCF7F7	#FFFFFF
2423	#F1EFF7	#FEFEFE
2424	#D1CBE6	#FCFCFC
2425	#EFECF6	#FEFEFE
2426	#FBF6F6	#FFFFFF
2427	#FFFEFE	#FFFFFF
2428	#F0EDF7	#FEFEFE
2429	#FFFEFE	#FFFFFF
2430	#D0CAE6	#FCFCFC
2431	#EED9D6	#FEFEFE
2432	#C7C0E0	#FCFCFC
2433	#FFFFFF	#FFFFFF
2434	#DED9ED	#FDFDFD
2435	#FDFAFA	#FFFFFF
2436	#FEFEFD	#FFFFFF
2437	#EFEDF6	#FFFFFF
2438	#E6C8C4	#FDFDFD
2439	#F8EFED	#FEFEFE
2440	#F4E7E5	#FEFEFE
2441	#FCF8F7	#FFFFFF
2442	#EFEDF7	#FEFEFE
2443	#F5F3F9	#FFFFFF
2444	#E9D0CC	#FDFDFD
2445	#FBFBFD	#FFFFFF
2446	#F9F1F0	#FFFFFF
2447	#F3E5E3	#FEFEFE
2448	#E0DCEE	#FDFDFD
2449	#F7EDEC	#FEFEFE
2450	#F0DCDA	#FEFEFE
2451	#E6C8C4	#FDFDFD
2452	#D8ADA8	#FBFBFB
2453	#EAE7F4	#FDFDFD
2454	#F7ECEB	#FFFFFF
2455	#EAE7F4	#FEFEFE
2456	#E5E2F1	#FEFEFE
2457	#E6E3F2	#FEFEFE
2458	#D6D1E9	#FCFCFC
2459	#E4E1F1	#FDFDFD
2460	#EEDAD7	#FEFEFE
2461	#ECE9F5	#FEFEFE
2462	#F5E8E6	#FEFEFE
2463	#F7F5FA	#FFFFFF
2464	#F2F0F8	#FFFFFF
2465	#DEDAED	#FDFDFD
2466	#FCFBFD	#FFFFFF
2467	#F1E0DE	#FEFEFE
2468	#BCB4DB	#FAFAFA
2469	#F6F5FA	#FFFFFF
2470	#DEB8B4	#FCFCFC
2471	#E7E4F2	#FEFEFE
2472	#FBFAFD	#FFFFFF
2473	#E3DFF0	#FEFEFE
2474	#F5F3FA	#FFFFFF
2475	#F2F0F8	#FFFFFF
2476	#FCFBFD	#FFFFFF
2477	#F6F5FA	#FFFFFF
2478	#EFEDF7	#FEFEFE
2479	#FCF8F8	#FFFFFF
2480	#E8E5F3	#FEFEFE
2481	#F8EEED	#FEFEFE
2482	#E5E1F1	#FEFEFE
2483	#C7C0E1	#FCFCFC
2484	#F2F0F8	#FEFEFE
2485	#F9F2F1	#FFFFFF
2486	#FFFFFF	#FFFFFF
2487	#FBFBFD	#FFFFFF
2488	#FDFBFB	#FFFFFF
2489	#EED9D7	#FEFEFE
2490	#E2C0BC	#FDFDFD
2491	#EBE8F4	#FEFEFE
2492	#ECEAF5	#FEFEFE
2493	#F8F7FB	#FFFFFF
2494	#FCF8F8	#FFFFFF
2495	#FDFAF9	#FFFFFF
2496	#F1E0DD	#FEFEFE
2497	#E9CFCC	#FDFDFD
2498	#EAD1CE	#FDFDFD
2499	#EEECF6	#FFFFFF
2500	#FCF7F6	#FFFFFF
2501	#FBF6F6	#FFFFFF
2502	#F4E5E4	#FEFEFE
2503	#E9E6F3	#FEFEFE
2504	#DEB9B4	#FCFCFC
2505	#ECD5D2	#FDFDFD
2506	#DDD8EC	#FDFDFD
2507	#FEFDFE	#FFFFFF
2508	#C6BFE0	#FBFBFB
2509	#F2F0F8	#FFFFFF
2510	#FBF6F5	#FFFFFF
2511	#C6BFE0	#FBFBFB
2512	#FBFAFD	#FFFFFF
2513	#F9F8FC	#FFFFFF
2514	#F7EDEC	#FEFEFE
2515	#E5E1F1	#FEFEFE
2516	#D2CCE7	#FCFCFC
2517	#CCC5E3	#FCFCFC
2518	#EFDCDA	#FEFEFE
2519	#BEB6DC	#FCFCFC
2520	#E8E4F2	#FEFEFE
2521	#F1DFDC	#FEFEFE
2522	#EAD1CE	#FDFDFD
2523	#EAE7F4	#FEFEFE
2524	#F5F4FA	#FFFFFF
2525	#D8D3EA	#FDFDFD
2526	#F5F4FA	#FFFFFF
2527	#FDFDFE	#FFFFFF
2528	#F2F0F8	#FEFEFE
2529	#F6F5FA	#FFFFFF
2530	#F1E0DE	#FEFEFE
2531	#E1DDEF	#FDFDFD
2532	#FAF9FC	#FFFFFF
2533	#F9F8FB	#FFFFFF
2534	#E1DDEF	#FDFDFD
2535	#EDEBF5	#FEFEFE
2536	#F9F1F0	#FFFFFF
2537	#EAE7F4	#FEFEFE
2538	#F6F4FA	#FFFFFF
2539	#FBF7F6	#FFFFFF
2540	#F6F4FA	#FFFFFF
2541	#F9F8FB	#FFFFFF
2542	#F8F7FB	#FFFFFF
2543	#FFFEFE	#FFFFFF
2544	#FBF6F6	#FFFFFF
2545	#FFFEFE	#FFFFFF
2546	#F7EEEC	#FFFFFF
2547	#F2F0F8	#FFFFFF
2548	#FFFEFE	#FFFFFF
2549	#FEFCFB	#FFFFFF
2550	#C68E87	#FBFBFB
2551	#F9F8FC	#FFFFFF
2552	#F2F0F8	#FEFEFE
2553	#F9F8FC	#FFFFFF
2554	#FAF3F2	#FFFFFF
2555	#E6E2F1	#FEFEFE
2556	#ECD4D1	#FDFDFD
2557	#FFFEFE	#FFFFFF
2558	#FDFCFE	#FFFFFF
2559	#ECD4D1	#FDFDFD
2560	#FCF8F7	#FFFFFF
2561	#EDD7D4	#FEFEFE
2562	#FDFBFB	#FFFFFF
2563	#F7ECEB	#FFFFFF
2564	#E5E1F1	#FEFEFE
2565	#FAF9FC	#FFFFFF
2566	#D8D3EA	#FCFCFC
2567	#FCF9F8	#FFFFFF
2568	#DDD9ED	#FDFDFD
2569	#EEECF6	#FEFEFE
2570	#FEFDFD	#FFFFFF
2571	#FDFBFB	#FFFFFF
2572	#F8F0EF	#FEFEFE
2573	#F9F1F0	#FFFFFF
2574	#E8E5F3	#FEFEFE
2575	#E6E3F2	#FEFEFE
2576	#F7F6FB	#FFFFFF
2577	#F7EDEC	#FEFEFE
2578	#FAF4F4	#FFFFFF
2579	#FFFFFF	#FFFFFF
2580	#EAD1CE	#FDFDFD
2581	#FCF7F7	#FFFFFF
2582	#F5E9E8	#FEFEFE
2583	#F6EAE8	#FEFEFE
2584	#FAF9FC	#FFFFFF
2585	#F6EAE9	#FEFEFE
2586	#F5F4FA	#FFFFFF
2587	#EFDCD9	#FEFEFE
2588	#F9F2F1	#FFFFFF
2589	#F7EDEB	#FEFEFE
2590	#F8EEED	#FEFEFE
2591	#EFEDF7	#FEFEFE
2592	#FFFFFF	#FFFFFF
2593	#FDFBFA	#FFFFFF
2594	#C6BFE0	#FBFBFB
2595	#FBFBFD	#FFFFFF
2596	#C7C0E0	#FCFCFC
2597	#F5F4FA	#FFFFFF
2598	#FBF7F6	#FFFFFF
2599	#F6F5FA	#FFFFFF
2600	#F6F5FA	#FFFFFF
2601	#FDFBFA	#FFFFFF
2602	#F5E9E8	#FEFEFE
2603	#F4F2F9	#FEFEFE
2604	#FBF7F6	#FFFFFF
2605	#FDFBFB	#FFFFFF
2606	#E5E1F1	#FDFDFD
2607	#F6F5FA	#FFFFFF
2608	#F6F4FA	#FFFFFF
2609	#F7ECEA	#FEFEFE
2610	#EAE7F4	#FEFEFE
2611	#E4C4C0	#FDFDFD
2612	#FEFDFC	#FFFFFF
2613	#E4C4C0	#FDFDFD
2614	#E5E1F1	#FDFDFD
2615	#F6F4FA	#FFFFFF
2616	#FAF9FC	#FFFFFF
2617	#C5BDDF	#FCFCFC
2618	#EAE7F4	#FEFEFE
2619	#DFDAEE	#FEFEFE
2620	#FDFBFA	#FFFFFF
2621	#ACA3D2	#F7F7F7
2622	#E9CECB	#FEFEFE
2623	#F9F1EF	#FFFFFF
2624	#F9F0EF	#FEFEFE
2625	#F2E2E0	#FEFEFE
2626	#D5D0E8	#FCFCFC
2627	#ECEAF5	#FEFEFE
2628	#EFEDF6	#FEFEFE
2630	#EAD2CE	#FDFDFD
2631	#EEECF6	#FEFEFE
2632	#FBFBFD	#FFFFFF
2633	#F4E7E5	#FEFEFE
2634	#E8E4F2	#FEFEFE
2635	#F8F7FB	#FFFFFF
2636	#F9F8FC	#FFFFFF
2637	#E3C3BF	#FDFDFD
2638	#E5E2F1	#FEFEFE
2639	#DCD7EC	#FEFEFE
2640	#FEFCFC	#FFFFFF
2641	#FEFDFD	#FFFFFF
2642	#FCF7F7	#FFFFFF
2643	#F4F2F9	#FEFEFE
2644	#F6EBE9	#FEFEFE
2645	#FAF9FC	#FFFFFF
2646	#F6EAE8	#FEFEFE
2647	#EFEDF6	#FEFEFE
2648	#CCC5E3	#FDFDFD
2649	#F8F7FB	#FFFFFF
2650	#EED8D6	#FDFDFD
2651	#E6E2F1	#FEFEFE
2652	#EEECF6	#FEFEFE
2653	#EDEBF5	#FEFEFE
2654	#FBFAFD	#FFFFFF
2655	#D8D3EA	#FDFDFD
2656	#EBE8F4	#FEFEFE
2657	#CEC8E4	#FCFCFC
2658	#DCD7EC	#FCFCFC
2659	#FFFEFE	#FFFFFF
2660	#F7EDEC	#FFFFFF
2661	#F6F4FA	#FFFFFF
2662	#F2F0F8	#FEFEFE
2663	#EAE7F3	#FEFEFE
2664	#EAE7F4	#FEFEFE
2665	#FCF8F8	#FFFFFF
2666	#E6E2F1	#FEFEFE
2667	#F2F0F8	#FEFEFE
2668	#F3E5E3	#FEFEFE
2669	#DAD5EB	#FCFCFC
2670	#CDC7E4	#FCFCFC
2671	#FBF6F5	#FFFFFF
2672	#E0BEB9	#FDFDFD
2673	#FCF7F7	#FFFFFF
2674	#DCB6B1	#FCFCFC
2675	#F9F8FC	#FFFFFF
2676	#FAF9FC	#FFFFFF
2677	#FEFCFB	#FFFFFF
2678	#D4CEE8	#FDFDFD
2679	#FFFEFE	#FFFFFF
2680	#F9F2F1	#FFFFFF
2681	#F5F4FA	#FFFFFF
2682	#FBFAFD	#FFFFFF
2683	#F7EDEC	#FEFEFE
2684	#FDFBFB	#FFFFFF
2685	#BCB4DB	#FAFAFA
2686	#F5F4FA	#FFFFFF
2687	#FEFDFD	#FFFFFF
2688	#E9E5F3	#FEFEFE
2689	#F9F9FC	#FFFFFF
2690	#F0DDDA	#FEFEFE
2691	#FFFFFF	#FFFFFF
2692	#F5F3FA	#FFFFFF
2693	#FDFCFE	#FFFFFF
2694	#E5E1F1	#FDFDFD
2695	#E9E6F3	#FEFEFE
2696	#FCFCFD	#FFFFFF
2697	#FCF8F7	#FFFFFF
2698	#F6EAE8	#FEFEFE
2699	#EEECF6	#FEFEFE
2700	#F1E0DE	#FEFEFE
2701	#F6EAE9	#FEFEFE
2702	#F6F5FA	#FFFFFF
2703	#EFEDF6	#FEFEFE
2704	#FAFAFD	#FFFFFF
2705	#F9F1EF	#FFFFFF
2706	#FCF8F8	#FFFFFF
2707	#F7EDEC	#FEFEFE
2708	#F5F3F9	#FEFEFE
2709	#E8E5F3	#FEFEFE
2710	#C9C2E2	#FAFAFA
2711	#FBFBFD	#FFFFFF
2712	#C68E87	#FBFBFB
2713	#FFFFFF	#FFFFFF
2714	#CF9C96	#FCFCFC
2715	#F8F7FB	#FFFFFF
2716	#E4E1F1	#FDFDFD
2717	#F6F4FA	#FFFFFF
2718	#D4CEE7	#FCFCFC
2719	#E6E3F1	#FEFEFE
2720	#D1CBE6	#FBFBFB
2721	#D4CEE8	#FCFCFC
2722	#BCB4DB	#FAFAFA
2723	#FDFCFE	#FFFFFF
2724	#F4E5E3	#FEFEFE
2725	#F4E6E4	#FEFEFE
2726	#EDEAF5	#FEFEFE
2727	#F5F4FA	#FFFFFF
2728	#FAFAFC	#FFFFFF
2729	#EBD4D0	#FEFEFE
2730	#E4E1F1	#FEFEFE
2731	#FFFEFE	#FFFFFF
2732	#F1E0DE	#FEFEFE
2733	#EED9D6	#FEFEFE
2734	#C48A84	#FBFBFB
2735	#D8D2EA	#FDFDFD
2736	#D7D2E9	#FDFDFD
2737	#C4BDDF	#FCFCFC
2738	#FEFCFC	#FFFFFF
2739	#FBF6F5	#FFFFFF
2740	#E4E0F0	#FEFEFE
2741	#F5F4FA	#FFFFFF
2742	#FDFDFE	#FFFFFF
2743	#EFECF6	#FEFEFE
2744	#F7ECEA	#FEFEFE
2745	#F5F3FA	#FFFFFF
2746	#EFDCD9	#FEFEFE
2747	#E3DFF0	#FEFEFE
2748	#E8CDCA	#FEFEFE
2749	#F7ECEB	#FEFEFE
2750	#FBFAFD	#FFFFFF
2751	#EEEBF6	#FEFEFE
2752	#D6D1E9	#FDFDFD
2753	#F5F4FA	#FFFFFF
2754	#FBF5F5	#FFFFFF
2755	#E3DFF0	#FEFEFE
2756	#F2F1F8	#FEFEFE
2757	#F4F2F9	#FEFEFE
2758	#F2F0F8	#FEFEFE
2759	#D7D2E9	#FCFCFC
2760	#FFFEFE	#FFFFFF
2761	#F9F9FC	#FFFFFF
2762	#F8EFEE	#FEFEFE
2763	#F1E0DE	#FEFEFE
2764	#F6F5FA	#FFFFFF
2765	#FEFDFC	#FFFFFF
2766	#E9E6F3	#FEFEFE
2767	#E3DFF0	#FEFEFE
2768	#FAF4F3	#FFFFFF
2769	#FDFDFE	#FFFFFF
2770	#F9F8FC	#FFFFFF
2771	#E8E5F3	#FEFEFE
2772	#FEFCFC	#FFFFFF
2773	#FCFBFD	#FFFFFF
2774	#FAF5F4	#FFFFFF
2775	#F1E0DD	#FEFEFE
2776	#FAF9FC	#FFFFFF
2777	#FEFCFC	#FFFFFF
2778	#D3CDE7	#FDFDFD
2779	#FAFAFC	#FFFFFF
2780	#DCD8EC	#FEFEFE
2781	#F8F7FB	#FFFFFF
2782	#E5E1F1	#FDFDFD
2783	#ECE9F5	#FEFEFE
2784	#FCF8F7	#FFFFFF
2785	#EBE9F4	#FEFEFE
2786	#F2F0F8	#FFFFFF
2787	#EFDCD9	#FEFEFE
2788	#FBFAFD	#FFFFFF
2789	#FFFFFF	#FFFFFF
2790	#EDEBF5	#FEFEFE
2791	#FCF7F6	#FFFFFF
2792	#F7F5FA	#FFFFFF
2793	#FAF3F2	#FFFFFF
2794	#FBFAFD	#FFFFFF
2795	#F6F5FA	#FFFFFF
2796	#F9F1F0	#FFFFFF
2797	#FEFDFD	#FFFFFF
2798	#F5E9E7	#FEFEFE
2799	#FAF9FC	#FFFFFF
2800	#F9F9FC	#FFFFFF
2801	#E0BDB9	#FDFDFD
2802	#FDFBFA	#FFFFFF
2803	#F6F5FA	#FFFFFF
2804	#FBFAFD	#FFFFFF
2805	#ECD4D1	#FDFDFD
2806	#FDFCFE	#FFFFFF
2807	#F2F1F8	#FFFFFF
2808	#F5F3F9	#FFFFFF
2809	#E5E2F1	#FDFDFD
2810	#EEECF6	#FEFEFE
2811	#EFDCDA	#FEFEFE
2812	#EED9D7	#FEFEFE
2813	#EED9D7	#FEFEFE
2814	#E3DFF0	#FEFEFE
2815	#EEECF6	#FEFEFE
2816	#FEFDFD	#FFFFFF
2817	#E6E2F1	#FEFEFE
2818	#FCF8F7	#FFFFFF
2819	#F7EDEB	#FFFFFF
2820	#F4E7E5	#FEFEFE
2821	#E1DDEF	#FDFDFD
2822	#F6F5FA	#FFFFFF
2823	#DDD8EC	#FEFEFE
2824	#F9F1F0	#FFFFFF
2825	#FAF4F3	#FFFFFF
2826	#FAF4F3	#FFFFFF
2827	#FAF3F2	#FFFFFF
2828	#EFEDF7	#FEFEFE
2829	#FBFBFD	#FFFFFF
2830	#AFA6D3	#FCFCFC
2831	#EDEAF5	#FEFEFE
2832	#F7ECEB	#FFFFFF
2833	#FBFAFD	#FFFFFF
2834	#F4E7E5	#FEFEFE
2835	#F8F7FB	#FFFFFF
2836	#D4CFE8	#FCFCFC
2837	#F7F5FA	#FFFFFF
2838	#F3F2F9	#FEFEFE
2839	#FBF5F4	#FFFFFF
2840	#F2F0F8	#FEFEFE
2841	#E5E1F1	#FDFDFD
2842	#FFFFFF	#FFFFFF
2843	#EFECF6	#FEFEFE
2844	#F7EDEC	#FFFFFF
2845	#FFFEFE	#FFFFFF
2846	#FCFCFE	#FFFFFF
2847	#F0DCDA	#FEFEFE
2848	#F8F7FB	#FFFFFF
2849	#F5F3F9	#FFFFFF
2850	#F5E7E5	#FEFEFE
2851	#F2F0F8	#FEFEFE
2852	#FBF6F5	#FFFFFF
2853	#DEDAED	#FEFEFE
2854	#F9F8FC	#FFFFFF
2855	#D5CFE8	#FCFCFC
2856	#EFDCDA	#FEFEFE
2857	#FFFFFF	#FFFFFF
2858	#FDFCFE	#FFFFFF
2859	#F4E6E5	#FEFEFE
2860	#FAFAFC	#FFFFFF
2861	#F6F5FA	#FFFFFF
2862	#F7ECEA	#FEFEFE
2863	#EEECF6	#FEFEFE
2864	#EBE8F4	#FEFEFE
2865	#EEECF6	#FFFFFF
2866	#EAE7F3	#FEFEFE
2867	#ECD4D1	#FDFDFD
2868	#F8F7FB	#FFFFFF
2869	#EEECF6	#FEFEFE
2870	#DED9ED	#FDFDFD
2871	#F0EEF7	#FEFEFE
2872	#F2F0F8	#FFFFFF
2873	#F0DDDA	#FEFEFE
2874	#FEFDFD	#FFFFFF
2875	#FCF7F7	#FFFFFF
2876	#E6C8C4	#FDFDFD
2877	#ECE9F4	#FEFEFE
2878	#FAF3F2	#FEFEFE
2879	#FCFCFD	#FFFFFF
2880	#EFECF6	#FFFFFF
2881	#FBF6F6	#FFFFFF
2882	#FCF9F8	#FFFFFF
2883	#F3F2F9	#FEFEFE
2884	#F6F5FA	#FFFFFF
2885	#F5F4FA	#FFFFFF
2886	#FEFCFB	#FFFFFF
2887	#FEFDFD	#FFFFFF
2888	#FFFEFE	#FFFFFF
2889	#F8F7FB	#FFFFFF
2890	#DAD4EB	#FCFCFC
2891	#E5E2F1	#FEFEFE
2892	#FBF6F5	#FFFFFF
2893	#FDFBFA	#FFFFFF
2894	#F2F0F8	#FFFFFF
2895	#F2F1F8	#FFFFFF
2896	#EDD6D4	#FEFEFE
2897	#FBF5F5	#FFFFFF
2898	#F0DDDA	#FEFEFE
2899	#E4C4C0	#FDFDFD
2900	#FBFAFD	#FFFFFF
2901	#EDD6D3	#FEFEFE
2902	#FEFDFE	#FFFFFF
2903	#ECD6D3	#FDFDFD
2904	#F7EDEC	#FEFEFE
2905	#D7D2EA	#FDFDFD
2906	#FBFAFD	#FFFFFF
2907	#D4CEE8	#FDFDFD
2908	#DED9ED	#FDFDFD
2909	#FBFAFD	#FFFFFF
2910	#FAF9FC	#FFFFFF
2911	#EAD2CE	#FDFDFD
2912	#FEFEFE	#FFFFFF
2913	#CCC5E3	#FBFBFB
2914	#F6EAE8	#FEFEFE
2915	#F9F8FC	#FFFFFF
2916	#F2F0F8	#FEFEFE
2917	#FAF9FC	#FFFFFF
2918	#E6E3F2	#FEFEFE
2919	#E5E2F1	#FDFDFD
2920	#E6E3F2	#FEFEFE
2921	#CEC7E4	#FDFDFD
2922	#E9E6F3	#FEFEFE
2923	#E5E1F1	#FDFDFD
2924	#EAE8F4	#FEFEFE
2925	#E6E2F1	#FEFEFE
2926	#EDEAF5	#FEFEFE
2927	#C1857E	#FAFAFA
2928	#FBFAFD	#FFFFFF
2929	#E5C6C2	#FCFCFC
2930	#F6F4FA	#FFFFFF
2931	#FBF6F5	#FFFFFF
2932	#FFFFFE	#FFFFFF
2933	#F0DDDB	#FEFEFE
2934	#FAF9FC	#FFFFFF
2935	#FDFCFE	#FFFFFF
2936	#F3F2F9	#FEFEFE
2937	#F2F1F8	#FFFFFF
2938	#DDD9ED	#FDFDFD
2939	#EFDCD9	#FEFEFE
2940	#BAB2DA	#F9F9F9
2941	#F7ECEB	#FEFEFE
2942	#FAFAFC	#FFFFFF
2943	#EEECF6	#FFFFFF
2944	#C9918B	#FBFBFB
2945	#FDFBFA	#FFFFFF
2946	#F6F5FA	#FFFFFF
2947	#FDFDFE	#FFFFFF
2948	#F2E1DE	#FEFEFE
2949	#F2E1DF	#FEFEFE
2950	#FAF4F4	#FFFFFF
2951	#F7EDEC	#FFFFFF
2952	#DEB9B5	#FCFCFC
2953	#FBF6F5	#FFFFFF
2954	#F1E0DE	#FEFEFE
2955	#FBF6F5	#FFFFFF
2956	#E7E4F2	#FEFEFE
2957	#F1E0DE	#FEFEFE
2958	#F8F7FB	#FFFFFF
2959	#E8E4F2	#FEFEFE
2960	#F2F0F8	#FEFEFE
2961	#ECD5D2	#FEFEFE
2962	#FDFBFB	#FFFFFF
2963	#D5CFE8	#FCFCFC
2964	#F4F2F9	#FEFEFE
2965	#FEFDFD	#FFFFFF
2966	#FDFCFE	#FFFFFF
2967	#FBF5F5	#FFFFFF
2968	#E3DFF0	#FDFDFD
2969	#CDC6E4	#FCFCFC
2970	#ECE9F5	#FEFEFE
2971	#EBE9F4	#FEFEFE
2972	#F9F8FC	#FFFFFF
2973	#FCF7F6	#FFFFFF
2974	#E2C0BC	#FDFDFD
2975	#FCFCFE	#FFFFFF
2976	#F1E0DE	#FEFEFE
2977	#F6EAE9	#FEFEFE
2978	#F4E5E4	#FEFEFE
2979	#F9F1F0	#FFFFFF
2980	#E4E0F0	#FEFEFE
2981	#FFFEFE	#FFFFFF
2982	#F7EDEC	#FEFEFE
2983	#E1DDEF	#FDFDFD
2984	#D8D2EA	#FDFDFD
2985	#C68E87	#FBFBFB
2986	#F8EFEE	#FEFEFE
2987	#DDD8ED	#FDFDFD
2988	#E9E5F3	#FEFEFE
2989	#DEDAED	#FDFDFD
2990	#C7BFE0	#FCFCFC
2991	#D9D3EA	#FCFCFC
2992	#F6F5FA	#FFFFFF
2993	#DEDAED	#FDFDFD
2994	#F3F1F8	#FFFFFF
2995	#EDD6D3	#FEFEFE
2996	#F2F1F8	#FEFEFE
2997	#EDEAF5	#FEFEFE
2998	#DCD7EC	#FEFEFE
2999	#E3C3BF	#FDFDFD
3000	#F4E5E4	#FEFEFE
3001	#FEFDFD	#FFFFFF
3002	#F1F0F8	#FEFEFE
3003	#ECE9F5	#FEFEFE
3004	#E6E3F1	#FEFEFE
3005	#E8E5F3	#FDFDFD
3006	#DFDAEE	#FEFEFE
3007	#BDB5DB	#FCFCFC
3008	#F4E5E3	#FEFEFE
3009	#FAFAFD	#FFFFFF
3010	#FDFDFE	#FFFFFF
3011	#F8EFEE	#FEFEFE
3012	#F2F0F8	#FFFFFF
3013	#CEC8E4	#FBFBFB
3014	#E1DDEF	#FDFDFD
3015	#F9F1F0	#FFFFFF
3016	#EFECF6	#FEFEFE
3017	#E5E1F1	#FDFDFD
3018	#DDD8EC	#FDFDFD
3019	#F9F2F1	#FFFFFF
3020	#F7ECEA	#FEFEFE
3021	#F2F0F8	#FEFEFE
3022	#E9E6F3	#FEFEFE
3023	#FBFAFD	#FFFFFF
3024	#F6F5FA	#FFFFFF
3025	#E6E2F1	#FEFEFE
3026	#FFFEFE	#FFFFFF
3027	#F2F0F8	#FFFFFF
3028	#E2C1BC	#FDFDFD
3029	#D7D2EA	#FDFDFD
3030	#FDFDFE	#FFFFFF
3031	#F6F5FA	#FFFFFF
3032	#E4E0F0	#FEFEFE
3033	#D5CFE8	#FDFDFD
3034	#FFFFFF	#FFFFFF
3035	#ECE9F5	#FEFEFE
3036	#E9E6F3	#FEFEFE
3037	#C7C0E1	#FCFCFC
3038	#FAF9FC	#FFFFFF
3039	#E7E4F2	#FEFEFE
3040	#FAF3F3	#FFFFFF
3041	#F0EEF7	#FEFEFE
3042	#FCFBFD	#FFFFFF
3043	#E5E1F1	#FEFEFE
3044	#F4E5E3	#FEFEFE
3045	#FBFBFD	#FFFFFF
3046	#FBF6F5	#FFFFFF
3047	#EBE8F4	#FEFEFE
3048	#DCB5B0	#FCFCFC
3049	#F1E0DE	#FEFEFE
3050	#FBF5F4	#FFFFFF
3051	#FDFCFE	#FFFFFF
3052	#E7E4F2	#FDFDFD
3053	#F6F5FA	#FFFFFF
3054	#EBE9F4	#FEFEFE
3055	#DCD7EC	#FEFEFE
3056	#ECE9F5	#FEFEFE
3057	#F9F1F0	#FFFFFF
3058	#F9F8FC	#FFFFFF
3059	#F6F5FA	#FFFFFF
3060	#D8D3EA	#FDFDFD
3061	#E0BEB9	#FDFDFD
3062	#F7EDEC	#FEFEFE
3063	#DEDAED	#FCFCFC
3064	#F9F1F0	#FFFFFF
3065	#F7ECEB	#FEFEFE
3066	#FCF7F7	#FFFFFF
3067	#E5E1F1	#FDFDFD
3068	#EDEAF5	#FEFEFE
3069	#E9CFCC	#FDFDFD
3070	#E3DFF0	#FEFEFE
3071	#FEFEFF	#FFFFFF
3072	#FDFDFE	#FFFFFF
3073	#E8E5F3	#FEFEFE
3074	#F4E7E5	#FEFEFE
3075	#F1DFDC	#FEFEFE
3076	#E5E1F1	#FDFDFD
3077	#F7ECEA	#FFFFFF
3078	#C1B9DD	#FBFBFB
3079	#F9F1F0	#FFFFFF
3080	#F6EBE9	#FEFEFE
3081	#D3CEE7	#FDFDFD
3082	#D4CEE8	#FDFDFD
3083	#F6F4FA	#FFFFFF
3084	#F5E7E6	#FEFEFE
3085	#E1BEBA	#FDFDFD
3086	#E3E0F0	#FDFDFD
3087	#F2F1F8	#FFFFFF
3088	#F2F0F8	#FEFEFE
3089	#E6E3F2	#FEFEFE
3090	#EED9D7	#FEFEFE
3091	#E3DFF0	#FEFEFE
3092	#F6ECEA	#FEFEFE
3093	#EFDCD9	#FEFEFE
3094	#F9F9FC	#FFFFFF
3095	#E2DEEF	#FDFDFD
3096	#EBE8F4	#FEFEFE
3097	#F0DCDA	#FEFEFE
3098	#E2C1BD	#FDFDFD
3099	#FEFEFE	#FFFFFF
3100	#F7EDEB	#FEFEFE
3101	#ECD5D2	#FEFEFE
3102	#EBD3D0	#FDFDFD
3103	#DBD7EC	#FEFEFE
3104	#F9F8FC	#FFFFFF
3105	#FBF6F5	#FFFFFF
3106	#FFFFFF	#FFFFFF
3107	#EBE8F4	#FEFEFE
3108	#C4BCDF	#FCFCFC
3109	#F2F1F8	#FEFEFE
3110	#F7F6FB	#FFFFFF
3111	#EAE7F4	#FEFEFE
3112	#F7EDEB	#FEFEFE
3113	#EFDCD9	#FEFEFE
3114	#E5E2F1	#FDFDFD
3115	#EAE7F3	#FEFEFE
3116	#F6F4FA	#FFFFFF
3117	#F0DEDC	#FEFEFE
3118	#F3F1F8	#FEFEFE
3119	#F6F4FA	#FFFFFF
3120	#E7E4F2	#FEFEFE
3121	#EFEDF7	#FEFEFE
3122	#F5F4FA	#FFFFFF
3123	#F6F5FA	#FFFFFF
3124	#E1DDEF	#FDFDFD
3125	#F9F1F0	#FFFFFF
3126	#EFDCD9	#FEFEFE
3127	#E9E6F3	#FEFEFE
3128	#FAF9FC	#FFFFFF
3129	#DDD9ED	#FCFCFC
3130	#FCF7F6	#FFFFFF
3131	#FDFCFE	#FFFFFF
3132	#D09E98	#FCFCFC
3133	#EFDCD9	#FEFEFE
3134	#E8E4F2	#FEFEFE
3135	#FEFDFC	#FFFFFF
3136	#FAF3F3	#FFFFFF
3137	#F9F1F0	#FFFFFF
3138	#FDFBFA	#FFFFFF
3139	#FAF9FC	#FFFFFF
3140	#F7EDEC	#FEFEFE
3141	#FBFAFD	#FFFFFF
3142	#EDEAF5	#FEFEFE
3143	#E6E3F2	#FEFEFE
3144	#EFEDF6	#FEFEFE
3145	#DDD9ED	#FEFEFE
3146	#ECEAF5	#FEFEFE
3147	#E6E2F1	#FEFEFE
3148	#E9E6F3	#FEFEFE
3149	#F7EDEC	#FFFFFF
3150	#EDEAF5	#FEFEFE
3151	#F1E0DD	#FEFEFE
3152	#EAD2CE	#FDFDFD
3153	#EDEAF5	#FEFEFE
3154	#F2F0F8	#FEFEFE
3155	#F2E2E0	#FEFEFE
3156	#FCFCFE	#FFFFFF
3157	#F1E0DE	#FEFEFE
3158	#EFECF6	#FFFFFF
3159	#FEFCFC	#FFFFFF
3160	#F7EEEC	#FEFEFE
3161	#F2E1DF	#FEFEFE
3162	#EDEAF5	#FEFEFE
3163	#E0BDB9	#FDFDFD
3164	#F2F0F8	#FEFEFE
3165	#D0CAE5	#FCFCFC
3166	#F3F1F9	#FEFEFE
3167	#CBC4E3	#FCFCFC
3168	#E8E5F3	#FEFEFE
3169	#F7EEEC	#FEFEFE
3170	#E7E3F2	#FDFDFD
3171	#FEFCFB	#FFFFFF
3172	#EDEBF5	#FEFEFE
3173	#FBFBFD	#FFFFFF
3174	#FEFCFC	#FFFFFF
3175	#FBF6F6	#FFFFFF
3176	#F6F5FA	#FFFFFF
3177	#FEFCFC	#FFFFFF
3178	#ECEAF5	#FEFEFE
3179	#F2F1F8	#FFFFFF
3180	#F9F1F0	#FFFFFF
3181	#FBFAFD	#FFFFFF
3182	#F0DCDA	#FEFEFE
3183	#F8EEED	#FFFFFF
3184	#E4E1F1	#FEFEFE
3185	#D4CEE8	#FEFEFE
3186	#FEFDFD	#FFFFFF
3187	#EDEAF5	#FEFEFE
3188	#EFDCDA	#FEFEFE
3189	#F9F2F1	#FFFFFF
3190	#FCFBFD	#FFFFFF
3191	#F0EDF7	#FEFEFE
3192	#FAF9FC	#FFFFFF
3193	#FCF7F7	#FFFFFF
3194	#F5F4FA	#FEFEFE
3195	#E6E2F1	#FEFEFE
3196	#FBF6F5	#FFFFFF
3197	#FAF4F3	#FFFFFF
3198	#C68E87	#FBFBFB
3199	#F9F1F0	#FFFFFF
3200	#F4E5E3	#FEFEFE
3201	#E1BEB9	#FDFDFD
3202	#F1E0DE	#FEFEFE
3203	#F1DFDD	#FEFEFE
3204	#C6BFE0	#FCFCFC
3205	#FAF9FC	#FFFFFF
3206	#FBFAFD	#FFFFFF
3207	#FAF9FC	#FFFFFF
3208	#D5CFE8	#FCFCFC
3209	#EDEAF5	#FEFEFE
3210	#FAF9FC	#FFFFFF
3211	#FBF6F5	#FFFFFF
3212	#DDD9ED	#FDFDFD
3213	#EDD6D3	#FEFEFE
3214	#F6F5FA	#FFFFFF
3215	#F0EEF7	#FEFEFE
3216	#FEFCFC	#FFFFFF
3217	#EAE7F4	#FEFEFE
3218	#EFEDF6	#FEFEFE
3219	#F6F4FA	#FFFFFF
3220	#F9F2F1	#FFFFFF
3221	#EEECF6	#FEFEFE
3222	#D8D2EA	#FDFDFD
3223	#FEFEFD	#FFFFFF
3224	#EAE7F4	#FEFEFE
3225	#E2C1BC	#FDFDFD
3226	#F6F5FA	#FFFFFF
3227	#FCF7F7	#FFFFFF
3228	#F9F8FC	#FFFFFF
3229	#DDD8EC	#FEFEFE
3230	#EFEDF6	#FEFEFE
3231	#EED8D6	#FEFEFE
3232	#E6E3F1	#FEFEFE
3233	#F7ECEB	#FFFFFF
3234	#F1F0F8	#FFFFFF
3235	#C1B9DD	#FBFBFB
3236	#DDD8EC	#FDFDFD
3237	#FBF6F5	#FFFFFF
3238	#F3F1F8	#FEFEFE
3239	#E9E5F3	#FEFEFE
3240	#FAF9FC	#FFFFFF
3241	#D8D3EA	#FDFDFD
3242	#EEECF6	#FEFEFE
3243	#FCF7F7	#FFFFFF
3244	#FCF7F6	#FFFFFF
3245	#F2F0F8	#FEFEFE
3246	#E5E1F1	#FDFDFD
3247	#DDD8EC	#FDFDFD
3248	#E3C3BF	#FDFDFD
3249	#EED8D6	#FEFEFE
3250	#F4E5E3	#FEFEFE
3251	#E5E2F1	#FEFEFE
3252	#F3E5E3	#FEFEFE
3253	#DED9ED	#FDFDFD
3254	#FDFCFE	#FFFFFF
3255	#D8D3EA	#FDFDFD
3256	#D7D2E9	#FDFDFD
3257	#F6F5FA	#FFFFFF
3258	#E2C0BC	#FDFDFD
3259	#F2F1F8	#FFFFFF
3260	#FAF9FC	#FFFFFF
3261	#EFEDF6	#FEFEFE
3262	#FAFAFD	#FFFFFF
3263	#E1DDEF	#FDFDFD
3264	#FDFBFB	#FFFFFF
3265	#E4E0F0	#FDFDFD
3266	#FFFFFF	#FFFFFF
3267	#EDEBF5	#FEFEFE
3268	#F6E9E8	#FEFEFE
3269	#E5E2F1	#FDFDFD
3270	#E1DDEF	#FDFDFD
3271	#F1EFF7	#FEFEFE
3272	#FBFAFD	#FFFFFF
3273	#F2F0F8	#FEFEFE
3274	#F7F6FB	#FFFFFF
3275	#FDFAFA	#FFFFFF
3276	#E5E1F1	#FEFEFE
3277	#FDFAFA	#FFFFFF
3278	#FDFBFB	#FFFFFF
3279	#DDD8ED	#FEFEFE
3280	#F6EAE9	#FEFEFE
3281	#FFFEFE	#FFFFFF
3282	#F2F0F8	#FFFFFF
3283	#F6F5FA	#FFFFFF
3284	#F9F9FC	#FFFFFF
3285	#EEECF6	#FFFFFF
3286	#E5E1F1	#FEFEFE
3287	#D0CAE6	#FCFCFC
3288	#E5E2F1	#FEFEFE
3289	#F6F4FA	#FFFFFF
3290	#FBF6F5	#FFFFFF
3291	#FAF4F3	#FFFFFF
3292	#E5E2F1	#FEFEFE
3293	#FDFBFB	#FFFFFF
3294	#D0CAE5	#FCFCFC
3295	#F1E0DD	#FEFEFE
3296	#CDC6E4	#FCFCFC
3297	#EFEDF6	#FEFEFE
3298	#F7ECEB	#FFFFFF
3299	#EDD6D3	#FEFEFE
3300	#F5F3F9	#FFFFFF
3301	#FBF7F6	#FFFFFF
3302	#FAF9FC	#FFFFFF
3303	#EFECF6	#FFFFFF
3304	#ECEAF5	#FEFEFE
3305	#EEEBF6	#FEFEFE
3306	#F1E0DD	#FEFEFE
3307	#D8D3EA	#FDFDFD
3308	#FFFFFF	#FFFFFF
3309	#F6F4FA	#FFFFFF
3310	#DDD8EC	#FDFDFD
3311	#C1B9DD	#FBFBFB
3312	#E3C3BF	#FDFDFD
3313	#E1DDEF	#FDFDFD
3314	#F6EAE8	#FEFEFE
3315	#D4CEE8	#FDFDFD
3316	#D4CEE8	#FCFCFC
3317	#F7F6FB	#FFFFFF
3318	#F5E8E6	#FEFEFE
3319	#EDEBF5	#FEFEFE
3320	#EAE8F4	#FEFEFE
3321	#F6F5FA	#FFFFFF
3322	#F2F0F8	#FEFEFE
3323	#FEFDFD	#FFFFFF
3324	#EBD4D1	#FDFDFD
3325	#FDFCFE	#FFFFFF
3326	#D9D4EB	#FCFCFC
3327	#ECD4D1	#FDFDFD
3328	#E5E2F1	#FEFEFE
3329	#F7F6FB	#FFFFFF
3330	#AFA5D3	#FCFCFC
3331	#F2F0F8	#FFFFFF
3332	#CDC7E4	#FCFCFC
3333	#F9F2F1	#FFFFFF
3334	#EAE7F4	#FEFEFE
3335	#F6F5FA	#FFFFFF
3336	#E6C8C4	#FDFDFD
3337	#CC9791	#FCFCFC
3338	#F7EDEC	#FEFEFE
3339	#ECE9F5	#FEFEFE
3340	#F6EAE9	#FEFEFE
3341	#DFBCB7	#FCFCFC
3342	#FAF3F3	#FFFFFF
3343	#F6F4FA	#FFFFFF
3344	#F8F7FB	#FFFFFF
3345	#E6E3F2	#FEFEFE
3346	#F1EFF7	#FEFEFE
3347	#EAE7F4	#FEFEFE
3348	#FBFBFD	#FFFFFF
3349	#F4E7E5	#FEFEFE
3350	#E8CDCA	#FEFEFE
3351	#FBF6F5	#FFFFFF
3352	#F4E7E5	#FEFEFE
3353	#EFECF6	#FEFEFE
3354	#F6F5FA	#FFFFFF
3355	#FDFCFE	#FFFFFF
3356	#ECD4D1	#FDFDFD
3357	#FEFDFC	#FFFFFF
3358	#F9F8FC	#FFFFFF
3359	#FDFAFA	#FFFFFF
3360	#E8E5F3	#FEFEFE
3361	#ECD6D3	#FEFEFE
3362	#E6E3F2	#FEFEFE
3363	#EEECF6	#FEFEFE
3364	#FCFCFE	#FFFFFF
3365	#EBE8F4	#FEFEFE
3366	#F2F1F8	#FEFEFE
3367	#C2BADE	#FBFBFB
3368	#D7D2E9	#FCFCFC
3369	#F1E0DE	#FEFEFE
3370	#E5E2F1	#FDFDFD
3371	#F7F6FB	#FFFFFF
3372	#DEDAED	#FDFDFD
3373	#F6EAE8	#FEFEFE
3374	#F7ECEA	#FFFFFF
3375	#FAF9FC	#FFFFFF
3376	#E6E2F1	#FEFEFE
3377	#FCFBFD	#FFFFFF
3378	#FEFEFE	#FFFFFF
3379	#E6E3F2	#FEFEFE
3380	#F7EDEB	#FFFFFF
3381	#DED9ED	#FDFDFD
3382	#F4E6E5	#FEFEFE
3383	#DED9ED	#FDFDFD
3384	#E6C8C4	#FDFDFD
3385	#FAFAFD	#FFFFFF
3386	#EFECF6	#FFFFFF
3387	#E2C0BC	#FDFDFD
3388	#F7ECEB	#FEFEFE
3389	#F7EDEB	#FEFEFE
3390	#FCFCFE	#FFFFFF
3391	#EDEAF5	#FEFEFE
3392	#FBFBFD	#FFFFFF
3393	#FFFFFF	#FFFFFF
3394	#FCF8F7	#FFFFFF
3395	#EAD1CE	#FDFDFD
3396	#FBF6F5	#FFFFFF
3397	#ECD5D2	#FEFEFE
3398	#E8E5F3	#FEFEFE
3399	#FBFBFD	#FFFFFF
3400	#E6E2F1	#FEFEFE
3401	#F6F5FA	#FFFFFF
3402	#F7ECEA	#FEFEFE
3403	#EDEAF5	#FEFEFE
3404	#F8F6FB	#FFFFFF
3405	#F7F5FA	#FFFFFF
3406	#E6E2F1	#FEFEFE
3407	#FAFAFD	#FFFFFF
3408	#EED9D6	#FEFEFE
3409	#F3E5E3	#FEFEFE
3410	#E6E2F1	#FDFDFD
3411	#F9F1F0	#FEFEFE
3412	#F3F2F9	#FEFEFE
3413	#FAF4F4	#FEFEFE
3414	#F8F6FB	#FFFFFF
3415	#DDD8EC	#FCFCFC
3416	#E5E1F1	#FDFDFD
3417	#E9CFCB	#FCFCFC
3418	#DED9ED	#FCFCFC
3419	#FCF8F8	#FFFFFF
3420	#E5E1F1	#FDFDFD
3421	#DAD5EB	#FCFCFC
3422	#FFFFFF	#FFFFFF
3423	#E4E0F0	#FDFDFD
3424	#F9F8FC	#FFFFFF
3425	#FDFBFA	#FFFFFF
3426	#FBFBFD	#FFFFFF
3427	#F8F7FB	#FFFFFF
3428	#E5E2F1	#FDFDFD
3429	#CEC7E4	#FAFAFA
3430	#EBD2CF	#FDFDFD
3431	#F1E0DD	#FEFEFE
3432	#F9F1F0	#FFFFFF
3433	#F6F4FA	#FFFFFF
3434	#DDD8EC	#FDFDFD
3435	#ECD5D2	#FEFEFE
3436	#D9B0AB	#FDFDFD
3437	#F7EDEB	#FEFEFE
3438	#E8E4F2	#FEFEFE
3439	#EEECF6	#FEFEFE
3440	#F2F1F8	#FFFFFF
3441	#EFEDF6	#FEFEFE
3442	#FBF6F5	#FFFFFF
3443	#EFDCDA	#FEFEFE
3444	#FAF9FC	#FFFFFF
3445	#F9F8FC	#FFFFFF
3446	#C48A83	#FBFBFB
3447	#FAF3F2	#FFFFFF
3448	#FCFBFD	#FFFFFF
3449	#E9E5F3	#FEFEFE
3450	#FAF9FC	#FFFFFF
3451	#ECD5D2	#FEFEFE
3452	#F7ECEB	#FEFEFE
3453	#FAF4F3	#FFFFFF
3454	#EAE7F3	#FEFEFE
3455	#FBF5F4	#FFFFFF
3456	#F2F1F8	#FEFEFE
3457	#FCF8F8	#FFFFFF
3458	#F6F5FA	#FFFFFF
3459	#FBFBFD	#FFFFFF
3460	#FEFEFF	#FFFFFF
3461	#E8E5F3	#FDFDFD
3462	#FDFAF9	#FFFFFF
3463	#F3F1F8	#FEFEFE
3464	#F1EFF8	#FEFEFE
3465	#F3F1F8	#FEFEFE
3466	#FAF9FC	#FFFFFF
3467	#EFEDF7	#FEFEFE
3468	#FAFAFC	#FFFFFF
3469	#EEECF6	#FEFEFE
3470	#F9F2F1	#FFFFFF
3471	#EDEBF5	#FEFEFE
3472	#ECEAF5	#FDFDFD
3473	#DED9ED	#FDFDFD
3474	#DDD8EC	#FDFDFD
3475	#FDFCFE	#FFFFFF
3476	#FDFBFB	#FFFFFF
3477	#EAE7F4	#FEFEFE
3478	#DBD7EC	#FCFCFC
3479	#FFFEFE	#FFFFFF
3480	#FBFBFD	#FFFFFF
3481	#EBE8F4	#FEFEFE
3482	#FBF6F5	#FFFFFF
3483	#E2DEEF	#FDFDFD
3484	#F9F2F1	#FFFFFF
3485	#FEFDFC	#FFFFFF
3486	#F9F1F0	#FFFFFF
3487	#E8E5F2	#FEFEFE
3488	#FBFAFD	#FFFFFF
3489	#E3C4BF	#FDFDFD
3490	#F7F6FB	#FFFFFF
3491	#F5F3FA	#FFFFFF
3492	#E8E4F2	#FDFDFD
3493	#FEFEFE	#FFFFFF
3494	#F2F0F8	#FFFFFF
3495	#DBD7EC	#FCFCFC
3496	#F2F0F8	#FEFEFE
3497	#FAF9FC	#FFFFFF
3498	#EFECF6	#FEFEFE
3499	#EFDCDA	#FEFEFE
3500	#F3E4E2	#FEFEFE
3501	#FBFBFD	#FFFFFF
3502	#FBF7F6	#FFFFFF
3503	#E5E1F1	#FEFEFE
3504	#F2F1F8	#FEFEFE
3505	#F8F7FB	#FFFFFF
3506	#E5E1F1	#FEFEFE
3507	#FAF9FC	#FFFFFF
3508	#FCFBFD	#FFFFFF
3509	#EFECF6	#FEFEFE
3510	#FAF5F4	#FFFFFF
3511	#D4CFE8	#FCFCFC
3512	#E5E1F1	#FEFEFE
3513	#DFDAEE	#FEFEFE
3514	#E3DFF0	#FEFEFE
3515	#FBFBFD	#FFFFFF
3516	#D2CCE7	#FCFCFC
3517	#BAB2DA	#F9F9F9
3518	#E8E5F3	#FEFEFE
3519	#E5E1F1	#FDFDFD
3520	#FAF9FC	#FFFFFF
3521	#E8E4F2	#FDFDFD
3522	#F7F5FA	#FFFFFF
3523	#FFFEFE	#FFFFFF
3524	#F6F4FA	#FFFFFF
3525	#F6F4FA	#FFFFFF
3526	#FAF9FC	#FFFFFF
3527	#F3F1F8	#FFFFFF
3528	#D3CEE7	#FCFCFC
3529	#EAE7F4	#FEFEFE
3530	#EDD6D3	#FEFEFE
3531	#CCC5E3	#FDFDFD
3532	#F3E4E2	#FEFEFE
3533	#F2F0F8	#FEFEFE
3534	#FFFEFE	#FFFFFF
3535	#FCF7F7	#FFFFFF
3536	#E6E2F1	#FEFEFE
3537	#EFECF6	#FEFEFE
3538	#CF9D97	#FCFCFC
3539	#C6BFE0	#FAFAFA
3540	#EED9D6	#FEFEFE
3541	#C4BDDF	#FCFCFC
3542	#E7E3F2	#FEFEFE
3543	#F8EFED	#FEFEFE
3544	#ECE9F5	#FEFEFE
3545	#F4E5E3	#FEFEFE
3546	#EFDCD9	#FEFEFE
3547	#EDEAF5	#FEFEFE
3548	#F5E8E6	#FEFEFE
3549	#F7EDEB	#FFFFFF
3550	#F0DCDA	#FEFEFE
3551	#D8D2EA	#FDFDFD
3552	#DCD7EC	#FEFEFE
3553	#FFFFFF	#FFFFFF
3554	#FEFCFC	#FFFFFF
3555	#F6F5FA	#FFFFFF
3556	#F2F0F8	#FFFFFF
3557	#F1E0DE	#FEFEFE
3558	#FBF6F5	#FFFFFF
3559	#D2CDE7	#FCFCFC
3560	#C6BFE0	#FBFBFB
3561	#FFFEFE	#FFFFFF
3562	#E8CDCA	#FEFEFE
3563	#F2F0F8	#FFFFFF
3564	#FDFBFA	#FFFFFF
3565	#FAF4F3	#FFFFFF
3566	#F6F5FA	#FFFFFF
3567	#F7F6FB	#FFFFFF
3568	#F3E4E2	#FEFEFE
3569	#C4BCDF	#FCFCFC
3570	#FDFAFA	#FFFFFF
3571	#DCD7EC	#FEFEFE
3572	#F8F7FB	#FFFFFF
3573	#EFEDF6	#FEFEFE
3574	#EBE9F4	#FEFEFE
3575	#FDFAFA	#FFFFFF
3576	#FDFBFB	#FFFFFF
3577	#F6F5FA	#FFFFFF
3578	#E6E2F1	#FEFEFE
3579	#F0EEF7	#FEFEFE
3580	#EED9D6	#FEFEFE
3581	#EAD1CE	#FDFDFD
3582	#F6F5FA	#FFFFFF
3583	#BDB5DB	#FCFCFC
3584	#DDD9ED	#FDFDFD
3585	#E4E0F0	#FEFEFE
3586	#F6F4FA	#FFFFFF
3587	#DEDAED	#FDFDFD
3588	#CDC6E4	#FCFCFC
3589	#F6EAE9	#FEFEFE
3590	#F1E0DE	#FEFEFE
3591	#F6EAE8	#FEFEFE
3592	#D7D1E9	#FAFAFA
3593	#FDFDFE	#FFFFFF
3594	#EAE8F4	#FEFEFE
3595	#F3F1F9	#FEFEFE
3596	#E6C8C4	#FDFDFD
3597	#FEFEFE	#FFFFFF
3598	#ECD4D1	#FDFDFD
3599	#F7EEEC	#FFFFFF
3600	#EFEDF6	#FEFEFE
3601	#F1E0DD	#FEFEFE
3602	#F8EFED	#FEFEFE
3603	#EDEAF5	#FEFEFE
3604	#EAD1CE	#FDFDFD
3605	#F1EFF7	#FEFEFE
3606	#F9F8FC	#FFFFFF
3607	#D4CEE7	#FDFDFD
3608	#EED9D6	#FDFDFD
3609	#EAE6F3	#FEFEFE
3610	#F6F4FA	#FFFFFF
3611	#F9F2F1	#FFFFFF
3612	#ECD5D2	#FEFEFE
3613	#EDEBF5	#FEFEFE
3614	#F0EDF7	#FEFEFE
3615	#B1A8D5	#FAFAFA
3616	#BEB6DB	#FCFCFC
3617	#D7D2EA	#FDFDFD
3618	#FEFCFC	#FFFFFF
3619	#D7D2E9	#FDFDFD
3620	#F9F1F0	#FFFFFF
3621	#FDFAFA	#FFFFFF
3622	#DDD9ED	#FCFCFC
3623	#FCF9F8	#FFFFFF
3624	#F9F1F0	#FFFFFF
3625	#D2CCE7	#FCFCFC
3626	#F6F5FA	#FFFFFF
3627	#E6C8C4	#FDFDFD
3628	#EEECF6	#FEFEFE
3629	#E6E2F1	#FEFEFE
3630	#FCF9F8	#FFFFFF
3631	#FAF4F3	#FFFFFF
3632	#EFECF6	#FEFEFE
3633	#CC9790	#FCFCFC
3634	#F9F9FC	#FFFFFF
3635	#E5E1F1	#FEFEFE
3636	#F3E5E3	#FEFEFE
3637	#EFECF6	#FEFEFE
3638	#F4E6E4	#FEFEFE
3639	#FBF6F6	#FFFFFF
3640	#E4C4C0	#FDFDFD
3641	#F4E5E3	#FEFEFE
3642	#ECD4D1	#FDFDFD
3643	#D7D2E9	#FDFDFD
3644	#F7ECEB	#FFFFFF
3645	#FDFAFA	#FFFFFF
3646	#F9F1F0	#FFFFFF
3647	#FDFBFA	#FFFFFF
3648	#F7ECEB	#FEFEFE
3649	#F7ECEB	#FEFEFE
3650	#EFECF6	#FEFEFE
3651	#DEB9B4	#FCFCFC
3652	#F9F2F1	#FFFFFF
3653	#D5D0E8	#FCFCFC
3654	#F6F4FA	#FFFFFF
3655	#E4E0F0	#FDFDFD
3656	#F5E9E8	#FEFEFE
3657	#DEDAED	#FDFDFD
3658	#EEECF6	#FEFEFE
3659	#F6F5FA	#FFFFFF
3660	#EFECF6	#FEFEFE
3661	#EDEAF5	#FEFEFE
3662	#D4CEE8	#FDFDFD
3663	#EEECF6	#FFFFFF
3664	#DFDBEE	#FCFCFC
3665	#F2F0F8	#FEFEFE
3666	#F7F5FA	#FFFFFF
3667	#F3F1F8	#FFFFFF
3668	#F5F4FA	#FFFFFF
3669	#F7EDEC	#FEFEFE
3670	#F9F1F0	#FFFFFF
3671	#F8EFED	#FEFEFE
3672	#F2F0F8	#FEFEFE
3673	#E6E2F1	#FEFEFE
3674	#E9E6F3	#FEFEFE
3675	#E5E1F1	#FEFEFE
3676	#DDD9ED	#FDFDFD
3677	#EAE7F3	#FEFEFE
3678	#FEFEFE	#FFFFFF
3679	#F7EEEC	#FFFFFF
3680	#F7EDEC	#FEFEFE
3681	#F9F1F0	#FFFFFF
3682	#EDEAF5	#FEFEFE
3683	#FAFAFD	#FFFFFF
3684	#E3E0F0	#FEFEFE
3685	#F6F5FA	#FFFFFF
3686	#D4CEE7	#FDFDFD
3687	#9F95CB	#F7F7F7
3688	#FCFCFD	#FFFFFF
3689	#EEECF6	#FFFFFF
3690	#FDFBFA	#FFFFFF
3691	#F2F0F8	#FFFFFF
3692	#F6F5FA	#FFFFFF
3693	#C1BADD	#FAFAFA
3694	#EEECF6	#FEFEFE
3695	#DFBBB6	#FCFCFC
3696	#EEEBF6	#FEFEFE
3697	#FBF6F5	#FFFFFF
3698	#F6F4FA	#FFFFFF
3699	#F6EAE8	#FEFEFE
3700	#F5F4FA	#FFFFFF
3701	#E4E0F0	#FDFDFD
3702	#F2E1DE	#FEFEFE
3703	#F6F4FA	#FFFFFF
3704	#FBF6F5	#FFFFFF
3705	#FFFFFF	#FFFFFF
3706	#E3DFF0	#FEFEFE
3707	#FDFBFA	#FFFFFF
3708	#DED9ED	#FDFDFD
3709	#EED9D6	#FEFEFE
3710	#FEFDFD	#FFFFFF
3711	#F0DDDA	#FEFEFE
3712	#CB9690	#FCFCFC
3713	#F1E0DE	#FEFEFE
3714	#F2F0F8	#FFFFFF
3715	#FDFAFA	#FFFFFF
3716	#EAE8F4	#FEFEFE
3717	#E8E5F3	#FEFEFE
3718	#F1EFF8	#FEFEFE
3719	#F8EEED	#FFFFFF
3720	#E3DFF0	#FDFDFD
3721	#EED9D6	#FEFEFE
3722	#FAF9FC	#FFFFFF
3723	#F9F8FC	#FFFFFF
3724	#FCF8F7	#FFFFFF
3725	#EAE7F4	#FEFEFE
3726	#E1DDEF	#FDFDFD
3727	#E5E1F1	#FDFDFD
3728	#F6F5FA	#FFFFFF
3729	#EFECF6	#FEFEFE
3730	#FEFDFE	#FFFFFF
3731	#F6F4FA	#FFFFFF
3732	#E3E0F0	#FEFEFE
3733	#E2DEEF	#FDFDFD
3734	#D8D2EA	#FDFDFD
3735	#F3E5E3	#FEFEFE
3736	#FDFBFA	#FFFFFF
3737	#F6F5FA	#FFFFFF
3738	#F6F5FA	#FFFFFF
3739	#FAF9FC	#FFFFFF
3740	#D2CDE7	#FCFCFC
3741	#FCFBFD	#FFFFFF
3742	#FBFAFD	#FFFFFF
3743	#F4F3F9	#FEFEFE
3744	#F9F1F0	#FFFFFF
3745	#FDFBFA	#FFFFFF
3746	#F4E7E5	#FEFEFE
3747	#F2E1DE	#FEFEFE
3748	#CBC5E3	#FDFDFD
3749	#F7EEEC	#FFFFFF
3750	#FCFCFE	#FFFFFF
3751	#E9E5F3	#FEFEFE
3752	#EAD1CE	#FDFDFD
3753	#F4E7E5	#FEFEFE
3754	#F7EDEC	#FFFFFF
3755	#DEDAED	#FCFCFC
3756	#FEFEFE	#FFFFFF
3757	#ECD4D1	#FDFDFD
3758	#F9F8FC	#FFFFFF
3759	#F4E5E3	#FEFEFE
3760	#F8F7FB	#FFFFFF
3761	#DDD8ED	#FDFDFD
3762	#F3F1F8	#FFFFFF
3763	#FCF8F8	#FFFFFF
3764	#E6E2F1	#FEFEFE
3765	#EEECF6	#FFFFFF
3766	#E6E3F2	#FEFEFE
3767	#F2F0F8	#FEFEFE
3768	#DCD8EC	#FEFEFE
3769	#F6F4FA	#FFFFFF
3770	#F5F4FA	#FFFFFF
3771	#F0EEF7	#FEFEFE
3772	#FDFBFB	#FFFFFF
3773	#EEECF6	#FEFEFE
3774	#F1E0DE	#FEFEFE
3775	#F2F0F8	#FEFEFE
3776	#F6F5FA	#FFFFFF
3777	#EDD6D4	#FEFEFE
3778	#FBFAFD	#FFFFFF
3779	#F8EFED	#FEFEFE
3780	#E3C3BF	#FDFDFD
3781	#F8EFED	#FEFEFE
3782	#F9F9FC	#FFFFFF
3783	#ECD5D2	#FEFEFE
3784	#F6F4FA	#FFFFFF
3785	#D4A6A0	#FCFCFC
3786	#DFDAED	#FEFEFE
3787	#FCFCFD	#FFFFFF
3788	#B7AED8	#FBFBFB
3789	#E2DEEF	#FDFDFD
3790	#ECD6D3	#FEFEFE
3791	#CBC5E3	#FDFDFD
3792	#FCF8F8	#FFFFFF
3793	#E2DEEF	#FDFDFD
3794	#E4E0F0	#FDFDFD
3795	#E9E6F3	#FEFEFE
3796	#EFEDF7	#FEFEFE
3797	#F6EAE9	#FEFEFE
3798	#FEFCFC	#FFFFFF
3799	#F7EEEC	#FFFFFF
3800	#FBF6F5	#FFFFFF
3801	#D3CEE7	#FDFDFD
3802	#F7ECEA	#FEFEFE
3803	#E9E6F3	#FEFEFE
3804	#EEDAD7	#FEFEFE
3805	#ECD4D1	#FDFDFD
3806	#E1DDEF	#FDFDFD
3807	#EDEAF5	#FEFEFE
3808	#DAD5EB	#FCFCFC
3809	#E3DFF0	#FEFEFE
3810	#F7EDEC	#FEFEFE
3811	#F9F9FC	#FFFFFF
3812	#E6E3F2	#FEFEFE
3813	#F1E0DE	#FEFEFE
3814	#E3C3BF	#FDFDFD
3815	#FBFAFD	#FFFFFF
3816	#D7D1E9	#FDFDFD
3817	#FEFDFD	#FFFFFF
3818	#F4E7E5	#FEFEFE
3819	#D2CDE7	#FCFCFC
3820	#E4E0F0	#FEFEFE
3821	#F9F9FC	#FFFFFF
3822	#CDC7E4	#FCFCFC
3823	#F2E2E0	#FEFEFE
3824	#E5E2F1	#FEFEFE
3825	#E6C9C5	#FDFDFD
3826	#F5E9E8	#FEFEFE
3827	#F9F8FC	#FFFFFF
3828	#E5E1F1	#FEFEFE
3829	#FEFDFD	#FFFFFF
3830	#F1E0DE	#FEFEFE
3831	#F4E6E4	#FEFEFE
3832	#E6C8C5	#FDFDFD
3833	#F9F0EF	#FEFEFE
3834	#DCD7EC	#FEFEFE
3835	#F5F3F9	#FFFFFF
3836	#EEECF6	#FFFFFF
3837	#EDEAF5	#FEFEFE
3838	#F7ECEB	#FFFFFF
3839	#F6EAE9	#FEFEFE
3840	#D7D1E9	#FDFDFD
3841	#E8E4F2	#FEFEFE
3842	#E6E2F1	#FEFEFE
3843	#ECD5D2	#FEFEFE
3844	#EFEDF6	#FEFEFE
3845	#FDFBFB	#FFFFFF
3846	#EEEBF6	#FEFEFE
3847	#F6F5FA	#FFFFFF
3848	#F9F1F0	#FFFFFF
3849	#F1E0DE	#FEFEFE
3850	#CF9D97	#FCFCFC
3851	#E1DDEF	#FDFDFD
3852	#E9E6F3	#FEFEFE
3853	#F0EEF7	#FEFEFE
3854	#FEFDFC	#FFFFFF
3855	#ECD5D2	#FDFDFD
3856	#EED9D6	#FEFEFE
3857	#F7ECEA	#FEFEFE
3858	#FDFBFB	#FFFFFF
3859	#F9F1F0	#FFFFFF
3860	#F2F0F8	#FFFFFF
3861	#F7F5FA	#FFFFFF
3862	#FBF6F5	#FFFFFF
3863	#FAF4F3	#FFFFFF
3864	#EDEAF5	#FEFEFE
3865	#CDC7E4	#FDFDFD
3866	#FBF6F5	#FFFFFF
3867	#E7E3F2	#FEFEFE
3868	#FEFDFE	#FFFFFF
3869	#F6F5FA	#FFFFFF
3870	#F4E5E3	#FEFEFE
3871	#CCC6E3	#FAFAFA
3872	#F4E6E4	#FEFEFE
3873	#F9F8FC	#FFFFFF
3874	#F6F4FA	#FFFFFF
3875	#E5E1F1	#FEFEFE
3876	#E7E3F2	#FEFEFE
3877	#FCF7F7	#FFFFFF
3878	#F3E4E2	#FEFEFE
3879	#F4F3F9	#FFFFFF
3880	#DDD9ED	#FDFDFD
3881	#F7ECEB	#FFFFFF
3882	#F0DDDA	#FEFEFE
3883	#EED9D6	#FEFEFE
3884	#F7ECEB	#FEFEFE
3885	#F5F4FA	#FFFFFF
3886	#FDFAFA	#FFFFFF
3887	#FBFAFD	#FFFFFF
3888	#E7E4F2	#FDFDFD
3889	#F8EEED	#FFFFFF
3890	#F3F1F8	#FEFEFE
3891	#FFFFFF	#FFFFFF
3892	#E8E4F2	#FDFDFD
3893	#F0EEF7	#FEFEFE
3894	#EDEAF5	#FEFEFE
3895	#FEFCFB	#FFFFFF
3896	#F4E7E5	#FEFEFE
3897	#FBF6F6	#FFFFFF
3898	#FBF5F4	#FFFFFF
3899	#FBF5F4	#FFFFFF
3900	#E8CECA	#FEFEFE
3901	#EFECF6	#FEFEFE
3902	#E3DFF0	#FEFEFE
3903	#E8E5F3	#FEFEFE
3904	#CCC5E3	#FDFDFD
3905	#FCFBFD	#FFFFFF
3906	#F4E7E5	#FEFEFE
3907	#CF9D97	#FCFCFC
3908	#F7ECEB	#FEFEFE
3909	#E6E3F2	#FEFEFE
3910	#FDFAFA	#FFFFFF
3911	#D7D1E9	#FDFDFD
3912	#F1E0DE	#FEFEFE
3913	#FAF5F4	#FFFFFF
3914	#FDFBFB	#FFFFFF
3915	#EDD6D3	#FEFEFE
3916	#ECD5D2	#FEFEFE
3917	#F9F8FC	#FFFFFF
3918	#EFECF6	#FEFEFE
3919	#CAC3E2	#FBFBFB
3920	#F7F6FB	#FFFFFF
3921	#FBF6F6	#FFFFFF
3922	#E0DCEE	#FDFDFD
3923	#F7F5FA	#FFFFFF
3924	#FBFBFD	#FFFFFF
3925	#F7ECEA	#FFFFFF
3926	#FEFCFC	#FFFFFF
3927	#EFECF6	#FEFEFE
3928	#FAF4F3	#FFFFFF
3929	#F5E8E6	#FEFEFE
3930	#F3F1F8	#FFFFFF
3931	#F5F4FA	#FFFFFF
3932	#F9F1F0	#FFFFFF
3933	#F9F1F0	#FFFFFF
3934	#FBF5F4	#FFFFFF
3935	#F1F0F8	#FEFEFE
3936	#F3E5E3	#FEFEFE
3937	#ECD5D2	#FEFEFE
3938	#D7D1E9	#FDFDFD
3939	#FAF4F4	#FFFFFF
3940	#D7D2E9	#FDFDFD
3941	#F6F5FA	#FFFFFF
3942	#F9F1F0	#FFFFFF
3943	#FDFCFE	#FFFFFF
3944	#BCB4DB	#FBFBFB
3945	#F4E7E5	#FEFEFE
3946	#FCF7F6	#FFFFFF
3947	#F6F5FA	#FFFFFF
3948	#F1E0DE	#FEFEFE
3949	#FBFAFD	#FFFFFF
3950	#F3E5E3	#FEFEFE
3951	#EAD0CD	#FDFDFD
3952	#F5E8E6	#FEFEFE
3953	#D1CBE6	#FCFCFC
3954	#D7D2E9	#FDFDFD
3955	#F5E7E5	#FEFEFE
3956	#F0DDDB	#FEFEFE
3957	#F7EDEB	#FEFEFE
3958	#EDD7D4	#FEFEFE
3959	#EFECF6	#FEFEFE
3960	#E5E1F1	#FEFEFE
3961	#F8EEED	#FFFFFF
3962	#F7F5FA	#FFFFFF
3963	#EAE7F4	#FEFEFE
3964	#D8D3EA	#FDFDFD
3965	#E4E1F1	#FEFEFE
3966	#E6E2F1	#FEFEFE
3967	#EEECF6	#FEFEFE
3968	#F8EEED	#FFFFFF
3969	#CDC7E4	#FDFDFD
3970	#D4CFE8	#FDFDFD
3971	#F2F0F8	#FEFEFE
3972	#FFFFFF	#FFFFFF
3973	#EAE7F4	#FEFEFE
3974	#EBE8F4	#FEFEFE
3975	#FDFBFB	#FFFFFF
3976	#F2F0F8	#FFFFFF
3977	#F2E3E1	#FEFEFE
3978	#E6C8C4	#FDFDFD
3979	#FEFCFC	#FFFFFF
3980	#FEFCFB	#FFFFFF
3981	#F1E0DE	#FEFEFE
3982	#FCFCFD	#FFFFFF
3983	#ECE9F5	#FEFEFE
3984	#F9F2F1	#FFFFFF
3985	#DED9ED	#FCFCFC
3986	#F9F8FC	#FFFFFF
3987	#F7EDEC	#FEFEFE
3988	#EFECF6	#FFFFFF
3989	#E6E2F1	#FEFEFE
3990	#FEFDFD	#FFFFFF
3991	#F3E5E3	#FEFEFE
3992	#EFEDF6	#FEFEFE
3993	#DCD7EC	#FEFEFE
3994	#FEFCFB	#FFFFFF
3995	#F2F1F8	#FEFEFE
3996	#E6E2F1	#FEFEFE
3997	#EAE7F4	#FEFEFE
3998	#F2F1F8	#FFFFFF
3999	#E1BFBB	#FDFDFD
4000	#EFEDF6	#FEFEFE
4001	#E8CDCA	#FEFEFE
4002	#F6F5FA	#FFFFFF
4003	#FBF6F6	#FFFFFF
4004	#ECD5D2	#FEFEFE
4005	#FFFFFF	#FFFFFF
4006	#F7EDEC	#FEFEFE
4007	#D4CEE7	#FDFDFD
4008	#F1E0DE	#FEFEFE
4009	#DDD9ED	#FDFDFD
4010	#ECE9F5	#FEFEFE
4011	#E1BEBA	#FEFEFE
4012	#F9F9FC	#FFFFFF
4013	#FCF7F7	#FFFFFF
4014	#DCD7EC	#FEFEFE
4015	#D3CDE7	#FCFCFC
4016	#E3DFF0	#FEFEFE
4017	#FAF9FC	#FFFFFF
4018	#FCF7F7	#FFFFFF
4019	#FAF9FC	#FFFFFF
4020	#C6BEE0	#FBFBFB
4021	#ECE9F5	#FEFEFE
4022	#BDB6DB	#FCFCFC
4023	#CBC5E3	#FDFDFD
4024	#DED9ED	#FDFDFD
4025	#F2F0F8	#FEFEFE
4026	#FBF7F6	#FFFFFF
4027	#FCFBFD	#FFFFFF
4028	#FFFEFE	#FFFFFF
4029	#F6F5FA	#FFFFFF
4030	#F4E5E3	#FEFEFE
4031	#F4E6E4	#FEFEFE
4032	#F9F1F0	#FFFFFF
4033	#FBF5F5	#FFFFFF
4034	#F6F5FA	#FFFFFF
4035	#C9928B	#FBFBFB
4036	#D9D4EA	#FCFCFC
4037	#EFECF6	#FEFEFE
4038	#F6F5FA	#FFFFFF
4039	#EAE7F3	#FEFEFE
4040	#FCF9F8	#FFFFFF
4041	#FEFDFD	#FFFFFF
4042	#F1E0DD	#FEFEFE
4043	#E5E1F1	#FEFEFE
4044	#EDEBF5	#FEFEFE
4045	#C6BEE0	#FBFBFB
4046	#EFECF6	#FEFEFE
4047	#EED8D5	#FEFEFE
4048	#F3F1F8	#FFFFFF
4049	#F6EAE9	#FEFEFE
4050	#F9F1F0	#FFFFFF
4051	#F7EEEC	#FFFFFF
4052	#E9CECB	#FEFEFE
4053	#F6EAE8	#FEFEFE
4054	#FCFBFD	#FFFFFF
4055	#EAE7F4	#FEFEFE
4056	#FDFBFB	#FFFFFF
4057	#F3F1F8	#FFFFFF
4058	#FFFEFE	#FFFFFF
4059	#F2F0F8	#FEFEFE
4060	#FCF7F7	#FFFFFF
4061	#FDFDFE	#FFFFFF
4062	#DDD8ED	#FDFDFD
4063	#FAF4F3	#FFFFFF
4064	#E4C4C0	#FCFCFC
4065	#F8EEED	#FFFFFF
4066	#F3F1F9	#FEFEFE
4067	#FDFDFE	#FFFFFF
4068	#F5F4FA	#FEFEFE
4069	#FBFAFD	#FFFFFF
4070	#FFFFFF	#FFFFFF
4071	#F6EBEA	#FEFEFE
4072	#F4F2F9	#FEFEFE
4073	#FCFBFD	#FFFFFF
4074	#F1F0F8	#FEFEFE
4075	#D2CCE6	#FAFAFA
4076	#EDEBF5	#FEFEFE
4077	#F0EEF7	#FEFEFE
4078	#FBF5F5	#FFFFFF
4079	#EFECF6	#FEFEFE
4080	#D2CCE7	#FCFCFC
4081	#E6E3F2	#FEFEFE
4082	#E4E1F1	#FEFEFE
4083	#F9F8FC	#FFFFFF
4084	#EFECF6	#FEFEFE
4085	#F2F0F8	#FEFEFE
4086	#F0EEF7	#FEFEFE
4087	#F1E1DE	#FEFEFE
4088	#ECD6D3	#FEFEFE
4089	#F2F1F8	#FEFEFE
4090	#FBFAFD	#FFFFFF
4091	#F9F9FC	#FFFFFF
4092	#D2CCE6	#FCFCFC
4093	#E6C8C4	#FDFDFD
4094	#EFECF6	#FEFEFE
4095	#ECE9F5	#FEFEFE
4096	#E8E5F3	#FEFEFE
4097	#E8E5F2	#FEFEFE
4098	#F6F5FA	#FFFFFF
4099	#FEFDFD	#FFFFFF
4100	#F6EAE8	#FEFEFE
4101	#F9F1F0	#FFFFFF
4102	#F2E1DF	#FEFEFE
4103	#ECE9F5	#FEFEFE
4104	#C4BDDF	#FCFCFC
4105	#E6E2F1	#FEFEFE
4106	#F7F6FB	#FFFFFF
4107	#DED9ED	#FEFEFE
4108	#E4E0F0	#FEFEFE
4109	#F2F1F8	#FFFFFF
4110	#FFFEFE	#FFFFFF
4111	#FEFDFD	#FFFFFF
4112	#E8E5F3	#FEFEFE
4113	#EFEDF6	#FEFEFE
4114	#F6EAE8	#FEFEFE
4115	#EEEBF6	#FEFEFE
4116	#FDFDFE	#FFFFFF
4117	#EDEAF5	#FEFEFE
4118	#FBFAFD	#FFFFFF
4119	#F1EFF8	#FEFEFE
4120	#E8E5F2	#FDFDFD
4121	#E5E2F1	#FDFDFD
4122	#E9E6F3	#FDFDFD
4123	#F7F5FA	#FFFFFF
4124	#FCF9F8	#FFFFFF
4125	#E8E4F2	#FEFEFE
4126	#FAF4F3	#FFFFFF
4127	#FEFCFC	#FFFFFF
4128	#FDFAF9	#FFFFFF
4129	#CEC7E4	#FCFCFC
4130	#F6F5FA	#FFFFFF
4131	#E2DEEF	#FDFDFD
4132	#F6F5FA	#FFFFFF
4133	#C1BADD	#FBFBFB
4134	#E4E1F1	#FDFDFD
4135	#F2F0F8	#FEFEFE
4136	#E8E4F2	#FDFDFD
4137	#ECD5D2	#FEFEFE
4138	#F6EAE9	#FEFEFE
4139	#F5F4FA	#FFFFFF
4140	#FBF6F5	#FFFFFF
4141	#FCF8F7	#FFFFFF
4142	#D9AFAA	#FDFDFD
4143	#F7EDEB	#FFFFFF
4145	#E2C0BC	#FDFDFD
4146	#EEECF6	#FEFEFE
4147	#FAF9FC	#FFFFFF
4148	#EDEBF5	#FEFEFE
4149	#F7ECEB	#FEFEFE
4150	#F2E2E0	#FEFEFE
4151	#E4E0F0	#FEFEFE
4152	#D9B0AA	#FDFDFD
4153	#FDF9F9	#FFFFFF
4154	#EFECF6	#FEFEFE
4155	#FBF6F5	#FFFFFF
4156	#E3E0F0	#FEFEFE
4157	#F6F5FA	#FFFFFF
4158	#F3E5E3	#FEFEFE
4159	#FBF6F5	#FFFFFF
4160	#FBF6F5	#FFFFFF
4161	#EDEBF6	#FEFEFE
4162	#EFDBD8	#FDFDFD
4163	#FEFCFB	#FFFFFF
4164	#F0EEF7	#FEFEFE
4165	#F8F7FB	#FFFFFF
4166	#FFFEFE	#FFFFFF
4167	#F7ECEB	#FEFEFE
4168	#FAF3F2	#FFFFFF
4169	#F9F8FC	#FFFFFF
4170	#FCFCFD	#FFFFFF
4171	#FDFDFE	#FFFFFF
4172	#FCFBFD	#FFFFFF
4173	#FCFCFD	#FFFFFF
4174	#F5E9E8	#FEFEFE
4175	#FFFEFE	#FFFFFF
4176	#E8E4F2	#FEFEFE
4177	#FBFAFD	#FFFFFF
4178	#F1DFDD	#FEFEFE
4179	#DDD8EC	#FDFDFD
4180	#C5BEDF	#FAFAFA
4181	#FDFBFB	#FFFFFF
4182	#E8E5F3	#FEFEFE
4183	#EDEBF5	#FEFEFE
4184	#E4E0F0	#FEFEFE
4185	#CBC4E3	#FCFCFC
4186	#E4E1F1	#FDFDFD
4187	#E8E5F3	#FEFEFE
4188	#FEFDFD	#FFFFFF
4189	#FFFFFF	#FFFFFF
4190	#F2E2E0	#FEFEFE
4191	#DED9ED	#FEFEFE
4192	#FDFAFA	#FFFFFF
4193	#F1DFDD	#FEFEFE
4194	#DCD8EC	#FEFEFE
4195	#FBF6F6	#FFFFFF
4196	#FBF6F6	#FFFFFF
4197	#FFFFFF	#FFFFFF
4198	#EEECF6	#FFFFFF
4199	#FCFCFD	#FFFFFF
4200	#F2E2E0	#FEFEFE
4201	#FBF5F4	#FFFFFF
4202	#EED9D6	#FEFEFE
4203	#F0DDDA	#FEFEFE
4204	#E2C0BC	#FDFDFD
4205	#F1E0DE	#FEFEFE
4206	#F4E5E3	#FEFEFE
4207	#E5E1F1	#FEFEFE
4208	#EFECF6	#FEFEFE
4209	#ECEAF5	#FEFEFE
4210	#CBC5E3	#FCFCFC
4211	#E8E4F2	#FEFEFE
4212	#D3CDE7	#FCFCFC
4213	#FDFDFE	#FFFFFF
4214	#F6EBEA	#FEFEFE
4215	#FDFAFA	#FFFFFF
4216	#EAE8F4	#FEFEFE
4217	#F9F8FC	#FFFFFF
4218	#FBF5F4	#FFFFFF
4219	#FBFAFD	#FFFFFF
4220	#FDFBFB	#FFFFFF
4221	#EFEDF6	#FEFEFE
4222	#F1EFF8	#FEFEFE
4223	#FFFFFE	#FFFFFF
4224	#FAF3F2	#FFFFFF
4225	#F5E8E7	#FEFEFE
4226	#F8F7FB	#FFFFFF
4227	#E7E4F2	#FDFDFD
4228	#FBFAFD	#FFFFFF
4229	#FAF4F3	#FFFFFF
4230	#FFFFFF	#FFFFFF
4231	#D8D3EA	#FDFDFD
4232	#F7EDEC	#FEFEFE
4233	#FBF6F5	#FFFFFF
4234	#F7F5FB	#FFFFFF
4235	#E6E3F2	#FEFEFE
4236	#E9E5F3	#FDFDFD
4237	#D4CEE8	#FBFBFB
4238	#C68D87	#FBFBFB
4239	#F7ECEB	#FEFEFE
4240	#F7EDEC	#FEFEFE
4241	#F6EAE8	#FEFEFE
4242	#FAFAFC	#FFFFFF
4243	#F1E0DD	#FEFEFE
4244	#E2C0BC	#FDFDFD
4245	#FAFAFC	#FFFFFF
4246	#EBE9F4	#FEFEFE
4247	#D9B0AB	#FBFBFB
4248	#F6F5FA	#FFFFFF
4249	#E4C4C0	#FDFDFD
4250	#ECD4D1	#FDFDFD
4251	#E9CECA	#FEFEFE
4252	#FDFDFE	#FFFFFF
4253	#FFFEFE	#FFFFFF
4254	#F9F1F0	#FFFFFF
4255	#E3DFF0	#FEFEFE
4256	#ECEAF5	#FEFEFE
4257	#FEFEFE	#FFFFFF
4258	#FDFCFE	#FFFFFF
4259	#F2E2DF	#FEFEFE
4260	#FBF6F6	#FFFFFF
4261	#F4E7E5	#FEFEFE
4262	#F6EAE8	#FEFEFE
4263	#F9F0EF	#FEFEFE
4264	#F9F1F0	#FFFFFF
4265	#F2F0F8	#FEFEFE
4266	#FCF7F6	#FFFFFF
4267	#D4CFE8	#FEFEFE
4268	#F5F4FA	#FFFFFF
4269	#FEFCFC	#FFFFFF
4270	#FBF6F5	#FFFFFF
4271	#FDFBFA	#FFFFFF
4272	#FEFEFF	#FFFFFF
4273	#FEFCFC	#FFFFFF
4274	#FBFAFD	#FFFFFF
4275	#F5F3F9	#FEFEFE
4276	#FCF8F8	#FFFFFF
4277	#E5E1F1	#FDFDFD
4278	#F9F1EF	#FFFFFF
4279	#E4E1F1	#FDFDFD
4280	#EEECF6	#FEFEFE
4281	#F3F1F8	#FEFEFE
4282	#F3E5E3	#FEFEFE
4283	#E6E2F1	#FEFEFE
4284	#F9F8FC	#FFFFFF
4285	#F7F6FB	#FFFFFF
4286	#FBFAFD	#FFFFFF
4287	#EEEBF6	#FEFEFE
4288	#F4F2F9	#FEFEFE
4289	#E6C8C4	#FDFDFD
4290	#EFDCD9	#FEFEFE
4291	#FBF7F6	#FFFFFF
4292	#FCF8F8	#FFFFFF
4293	#B97871	#F9F9F9
4294	#E8E5F3	#FEFEFE
4295	#F1DFDD	#FEFEFE
4296	#F2E1DF	#FEFEFE
4297	#F3F1F8	#FFFFFF
4298	#FBF5F4	#FFFFFF
4299	#EFEDF6	#FEFEFE
4300	#ECD6D3	#FEFEFE
4301	#EDEAF5	#FEFEFE
4302	#F9F1F0	#FFFFFF
4303	#F4E7E5	#FEFEFE
4304	#E4C4C0	#FDFDFD
4305	#F1E0DE	#FEFEFE
4306	#FEFDFE	#FFFFFF
4307	#FBF6F5	#FFFFFF
4308	#D5CFE8	#FCFCFC
4309	#E5E1F1	#FDFDFD
4310	#F2F0F8	#FFFFFF
4311	#F7EEEC	#FFFFFF
4312	#D9D4EB	#FCFCFC
4313	#FAF3F2	#FFFFFF
4314	#F0DEDB	#FEFEFE
4315	#F5E9E7	#FEFEFE
4316	#FEFEFD	#FFFFFF
4317	#F5F4FA	#FEFEFE
4318	#D3CEE7	#FDFDFD
4319	#FCFBFD	#FFFFFF
4320	#FDFAF9	#FFFFFF
4321	#C7C0E1	#F8F8F8
4322	#F5F4FA	#FEFEFE
4323	#EEECF6	#FEFEFE
4324	#EAE8F4	#FEFEFE
4325	#EBE8F4	#FEFEFE
4326	#E2DEEF	#FCFCFC
4327	#EEECF6	#FEFEFE
4328	#D6D1E9	#FBFBFB
4329	#C68D87	#FBFBFB
4330	#FCF8F8	#FFFFFF
4331	#F5F4FA	#FFFFFF
4332	#E6E3F2	#FEFEFE
4333	#F6F5FA	#FFFFFF
4334	#EFEDF6	#FEFEFE
4335	#EFEDF6	#FEFEFE
4336	#DBD6EB	#FCFCFC
4337	#E2DEEF	#FDFDFD
4338	#DED9ED	#FDFDFD
4339	#EAD1CE	#FDFDFD
4340	#F9F8FC	#FFFFFF
4341	#F6EAE9	#FEFEFE
4342	#ECD4D1	#FDFDFD
4343	#F0EEF7	#FEFEFE
4344	#C3BBDE	#FDFDFD
4345	#F3F1F8	#FFFFFF
4346	#DDD8EC	#FEFEFE
4347	#F0DDDB	#FEFEFE
4348	#ECE9F4	#FEFEFE
4349	#FDFBFB	#FFFFFF
4350	#F9F1F0	#FFFFFF
4351	#EFDCD9	#FEFEFE
4352	#EEDAD7	#FEFEFE
4353	#F9F1F0	#FFFFFF
4354	#D2CCE6	#FCFCFC
4355	#F2F0F8	#FEFEFE
4356	#C1BADD	#FBFBFB
4357	#E6E3F2	#FEFEFE
4358	#D4CEE7	#FBFBFB
4359	#E8CDC9	#FDFDFD
4360	#DED9ED	#FCFCFC
4361	#FEFCFC	#FFFFFF
4362	#E5E1F1	#FDFDFD
4363	#F2E2E0	#FEFEFE
4364	#F9F1F0	#FFFFFF
4365	#FBF5F4	#FFFFFF
4366	#FAFAFC	#FFFFFF
4367	#FBF6F5	#FFFFFF
4368	#FFFFFF	#FFFFFF
4369	#FCFCFE	#FFFFFF
4370	#F2F1F8	#FEFEFE
4371	#ECEAF5	#FEFEFE
4372	#EEECF6	#FEFEFE
4373	#F4F2F9	#FEFEFE
4374	#FEFEFE	#FFFFFF
4375	#E0DCEE	#FCFCFC
4376	#E8E4F2	#FDFDFD
4377	#ECEAF5	#FEFEFE
4378	#FFFEFE	#FFFFFF
4379	#EFEDF6	#FEFEFE
4380	#F9F1F0	#FFFFFF
4381	#C6BFE0	#FBFBFB
4382	#EAE7F4	#FEFEFE
4383	#F9F9FC	#FFFFFF
4384	#F6F4FA	#FFFFFF
4385	#DEDAED	#FDFDFD
4386	#EDEAF5	#FEFEFE
4387	#EEEBF6	#FEFEFE
4388	#F2F1F8	#FEFEFE
4389	#C9C2E1	#F9F9F9
4390	#F7EEEC	#FEFEFE
4391	#F3E5E3	#FEFEFE
4392	#EBD4D1	#FDFDFD
4393	#EDEAF5	#FEFEFE
4394	#F7ECEA	#FEFEFE
4395	#F7EEEC	#FFFFFF
4396	#FEFCFC	#FFFFFF
4397	#B7AFD8	#FDFDFD
4398	#F7EDEC	#FEFEFE
4399	#FAF9FC	#FFFFFF
4400	#E9CECA	#FDFDFD
4401	#EED9D6	#FDFDFD
4402	#F7ECEB	#FFFFFF
4403	#EEECF6	#FEFEFE
4404	#F5F4FA	#FFFFFF
4405	#EFDCDA	#FEFEFE
4406	#FDFBFA	#FFFFFF
4407	#F0DDDB	#FEFEFE
4408	#E8E5F3	#FEFEFE
4409	#F7ECEA	#FEFEFE
4410	#F9F9FC	#FFFFFF
4411	#E6C8C5	#FDFDFD
4412	#FFFFFF	#FFFFFF
4413	#F7ECEB	#FEFEFE
4414	#FEFEFE	#FFFFFF
4415	#F6EAE8	#FEFEFE
4416	#F1EFF8	#FEFEFE
4417	#E1DDEF	#FDFDFD
4418	#F6F5FA	#FEFEFE
4419	#F4E5E3	#FEFEFE
4420	#F5F3F9	#FEFEFE
4421	#F0EEF7	#FEFEFE
4422	#FBFAFD	#FFFFFF
4423	#E5E2F1	#FCFCFC
4424	#F3E3E1	#FDFDFD
4425	#FAFAFC	#FFFFFF
4426	#F5F4FA	#FFFFFF
4427	#F8F7FB	#FFFFFF
4428	#E9E6F3	#FEFEFE
4429	#ECE9F5	#FEFEFE
4430	#EFECF6	#FEFEFE
4431	#DDD9ED	#FDFDFD
4432	#F5F3FA	#FFFFFF
4433	#F2F0F8	#FEFEFE
4434	#DDD9ED	#FDFDFD
4435	#C7C0E0	#FBFBFB
4436	#FCF9F8	#FFFFFF
4437	#EEECF6	#FEFEFE
4438	#F2F0F8	#FEFEFE
4439	#F0EEF7	#FEFEFE
4440	#FFFFFE	#FFFFFF
4441	#F4E5E3	#FEFEFE
4442	#F9F1F0	#FFFFFF
4443	#F5F4FA	#FFFFFF
4444	#F1EFF7	#FEFEFE
4445	#EFEDF6	#FEFEFE
4446	#F4E6E4	#FEFEFE
4447	#FBFAFD	#FFFFFF
4448	#EAE7F4	#FEFEFE
4449	#ECEAF5	#FEFEFE
4450	#F2F0F8	#FEFEFE
4451	#F6F4FA	#FFFFFF
4452	#FFFFFF	#FFFFFF
4453	#FAFAFD	#FFFFFF
4454	#FDFBFB	#FFFFFF
4455	#FCF7F6	#FFFFFF
4456	#FBF6F6	#FFFFFF
4457	#D5CFE8	#FCFCFC
4458	#F1E0DE	#FEFEFE
4459	#FEFCFC	#FFFFFF
4460	#E4C4C0	#FDFDFD
4461	#EBE8F4	#FEFEFE
4462	#F6F5FA	#FFFFFF
4463	#FEFCFB	#FFFFFF
4464	#E8CCC8	#FDFDFD
4465	#FDFDFE	#FFFFFF
4466	#FAF3F2	#FEFEFE
4467	#FBFAFD	#FFFFFF
4468	#F8F6FB	#FFFFFF
4469	#E5E1F1	#FEFEFE
4470	#FCF8F8	#FFFFFF
4471	#FBF5F5	#FFFFFF
4472	#FCF8F8	#FFFFFF
4473	#FFFEFE	#FFFFFF
4474	#FDFBFA	#FFFFFF
4475	#FEFCFC	#FFFFFF
4476	#E2DEEF	#FDFDFD
4477	#CEC7E4	#F9F9F9
4478	#E8E5F3	#FEFEFE
4479	#F8F7FB	#FFFFFF
4480	#FDFBFB	#FFFFFF
4481	#F9F8FC	#FFFFFF
4482	#F5E8E7	#FEFEFE
4483	#ECD5D2	#FEFEFE
4484	#EFEDF6	#FEFEFE
4485	#DDD9ED	#FDFDFD
4486	#ECE9F5	#FEFEFE
4487	#FAF9FC	#FFFFFF
4488	#E6E3F2	#FEFEFE
4489	#FFFEFE	#FFFFFF
4490	#E7E3F2	#FDFDFD
4491	#FCFCFE	#FFFFFF
4492	#EEECF6	#FFFFFF
4493	#F6F5FA	#FFFFFF
4494	#EFDCD9	#FEFEFE
4495	#F6ECEA	#FEFEFE
4496	#FBF6F5	#FFFFFF
4497	#EED9D7	#FEFEFE
4498	#D4CFE8	#FEFEFE
4499	#E8E5F3	#FDFDFD
4500	#E3DFF0	#FEFEFE
4501	#F8F7FB	#FFFFFF
4502	#FEFDFD	#FFFFFF
4503	#DDB8B3	#FCFCFC
4504	#E7E4F2	#FEFEFE
4505	#EFEDF7	#FEFEFE
4506	#FCF9F8	#FFFFFF
4507	#F6F4FA	#FFFFFF
4508	#FBFAFD	#FFFFFF
4509	#F6F5FA	#FFFFFF
4510	#F5F4FA	#FFFFFF
4511	#FFFEFE	#FFFFFF
4512	#FDFDFE	#FFFFFF
4513	#F1DFDC	#FDFDFD
4514	#F0EDF7	#FEFEFE
4515	#FFFFFF	#FFFFFF
4516	#EFDBD9	#FDFDFD
4517	#FBF6F5	#FFFFFF
4518	#F6F5FA	#FEFEFE
4519	#EBD4D0	#FCFCFC
4520	#FDFBFA	#FFFFFF
4521	#E6E3F2	#FDFDFD
4522	#EEECF6	#FEFEFE
4523	#EED9D6	#FDFDFD
4524	#F9F2F1	#FFFFFF
4525	#FDFDFE	#FFFFFF
4526	#FCF8F8	#FFFFFF
4527	#F0EEF7	#FEFEFE
4528	#E1DDEF	#FDFDFD
4529	#F8F7FB	#FFFFFF
4530	#F0EEF7	#FEFEFE
4531	#F1E0DD	#FEFEFE
4532	#F2F1F8	#FEFEFE
4533	#EED9D6	#FDFDFD
4534	#D9D4EA	#FCFCFC
4535	#FAF4F3	#FFFFFF
4536	#E4E0F0	#FDFDFD
4537	#FFFFFF	#FFFFFF
4538	#F8F7FB	#FFFFFF
4539	#F6F4FA	#FFFFFF
4540	#E3DFF0	#FEFEFE
4541	#C68D87	#FBFBFB
4542	#FDFBFB	#FFFFFF
4543	#F7EDEC	#FEFEFE
4544	#FEFCFB	#FFFFFF
4545	#FBF5F5	#FFFFFF
4546	#FCF8F7	#FFFFFF
4547	#F1E0DE	#FEFEFE
4548	#E6E2F1	#FEFEFE
4549	#F9F2F1	#FFFFFF
4550	#ECD5D1	#FEFEFE
4551	#F1E0DE	#FEFEFE
4552	#FEFDFD	#FFFFFF
4553	#F7F5FA	#FFFFFF
4554	#DDD8EC	#FEFEFE
4555	#FBFAFD	#FFFFFF
4556	#EFEDF6	#FEFEFE
4557	#D4CEE8	#FCFCFC
4558	#EFECF6	#FEFEFE
4559	#FEFCFC	#FFFFFF
4560	#E6C8C4	#FDFDFD
4561	#F3F1F8	#FFFFFF
4562	#EED9D6	#FEFEFE
4563	#F1E0DD	#FEFEFE
4564	#ECD4D1	#FDFDFD
4565	#E6E3F2	#FEFEFE
4566	#EFEDF6	#FEFEFE
4567	#D2CCE7	#FCFCFC
4568	#E8E5F3	#FEFEFE
4569	#DED9ED	#FDFDFD
4570	#EBE9F4	#FEFEFE
4571	#FFFEFE	#FFFFFF
4572	#F1DFDD	#FEFEFE
4573	#EDEBF5	#FEFEFE
4574	#EAD0CC	#FDFDFD
4575	#E2C0BC	#FDFDFD
4576	#FEFEFE	#FFFFFF
4577	#F5E7E6	#FEFEFE
4578	#D7D1E9	#FDFDFD
4579	#F2F0F8	#FFFFFF
4580	#F9F8FC	#FFFFFF
4581	#FBFAFD	#FFFFFF
4582	#D8D3EA	#FCFCFC
4583	#E3DFF0	#FEFEFE
4584	#DED9ED	#FCFCFC
4585	#E8E5F2	#FDFDFD
4586	#F7EDEC	#FEFEFE
4587	#BEB6DC	#F9F9F9
4588	#F9F2F1	#FFFFFF
4589	#DDD9ED	#FDFDFD
4590	#D7D2E9	#FDFDFD
4591	#E2DEEF	#FDFDFD
4592	#ECD4D1	#FDFDFD
4593	#ECD5D2	#FEFEFE
4594	#F9F1F0	#FFFFFF
4595	#E2C1BC	#FDFDFD
4596	#D1CBE6	#FCFCFC
4597	#EDD7D4	#FEFEFE
4598	#FEFCFC	#FFFFFF
4599	#E2C1BC	#FDFDFD
4600	#FBFBFD	#FFFFFF
4601	#FBF6F5	#FFFFFF
4602	#F4E6E4	#FEFEFE
4603	#FBF6F6	#FFFFFF
4604	#DFDBEE	#FEFEFE
4605	#EDD6D3	#FEFEFE
4606	#CCC5E3	#FDFDFD
4607	#E5E1F1	#FEFEFE
4608	#F5F3F9	#FFFFFF
4609	#FEFCFB	#FFFFFF
4610	#E3DFF0	#FEFEFE
4611	#EFEDF6	#FEFEFE
4612	#F6F5FA	#FFFFFF
4613	#F6F5FA	#FFFFFF
4614	#F9F1F0	#FFFFFF
4615	#F0DDDA	#FEFEFE
4616	#DCD8EC	#FEFEFE
4617	#FDFAFA	#FFFFFF
4618	#EDEAF5	#FEFEFE
4619	#FDFBFB	#FFFFFF
4620	#F8F7FB	#FFFFFF
4621	#F9F8FC	#FFFFFF
4622	#E5E1F1	#FEFEFE
4623	#FAF9FC	#FFFFFF
4624	#FBF5F4	#FFFFFF
4625	#F2F1F8	#FEFEFE
4626	#FAF9FC	#FFFFFF
4627	#E9E6F3	#FEFEFE
4628	#F2F0F8	#FFFFFF
4629	#F9F8FC	#FFFFFF
4630	#E7E3F2	#FEFEFE
4631	#CCC5E3	#FDFDFD
4632	#F5E9E8	#FEFEFE
4633	#E6E2F1	#FEFEFE
4634	#E3E0F0	#FCFCFC
4635	#FCF9F9	#FFFFFF
4636	#E5E1F1	#FEFEFE
4637	#EFECF6	#FEFEFE
4638	#E9E6F3	#FEFEFE
4639	#FDFCFE	#FFFFFF
4640	#D8D3EA	#FDFDFD
4641	#F5F4FA	#FFFFFF
4642	#F6F4FA	#FFFFFF
4643	#E1BEB9	#FDFDFD
4644	#FDFBFA	#FFFFFF
4645	#CF9E97	#FCFCFC
4646	#EEECF6	#FFFFFF
4647	#F6F5FA	#FFFFFF
4648	#DCD8EC	#FDFDFD
4649	#F9F1F0	#FFFFFF
4650	#F8EFED	#FFFFFF
4651	#F6EAE8	#FEFEFE
4652	#EDEAF5	#FEFEFE
4653	#FBF6F5	#FFFFFF
4654	#E7E4F2	#FEFEFE
4655	#AEA5D3	#FCFCFC
4656	#D4A59F	#FCFCFC
4657	#FBFBFD	#FFFFFF
4658	#EFEDF6	#FEFEFE
4659	#E9E6F3	#FEFEFE
4660	#F6EAE9	#FEFEFE
4661	#F7F5FA	#FFFFFF
4662	#F7EDEC	#FEFEFE
4663	#F9F1F0	#FFFFFF
4664	#D4CEE8	#FDFDFD
4665	#FAF9FC	#FFFFFF
4666	#F8EFED	#FEFEFE
4667	#F9F1F0	#FFFFFF
4668	#DDD8EC	#FDFDFD
4669	#E1DDEF	#FDFDFD
4670	#FFFEFE	#FFFFFF
4671	#FBF6F5	#FFFFFF
4672	#FDFAFA	#FFFFFF
4673	#E3E0F0	#FEFEFE
4674	#B6AED7	#F8F8F8
4675	#F9F2F1	#FFFFFF
4676	#FAF3F2	#FFFFFF
4677	#F2F0F8	#FEFEFE
4678	#FAF3F2	#FFFFFF
4679	#FBFBFD	#FFFFFF
4680	#D1CBE6	#FCFCFC
4681	#D3CDE7	#FBFBFB
4682	#FAF3F2	#FFFFFF
4683	#E4E0F0	#FEFEFE
4684	#EDEBF5	#FEFEFE
4685	#FFFEFE	#FFFFFF
4686	#FBFBFD	#FFFFFF
4687	#F7EDEC	#FEFEFE
4688	#F2F0F8	#FEFEFE
4689	#DED9ED	#FDFDFD
4690	#F7F6FB	#FFFFFF
4691	#FCF9F9	#FFFFFF
4692	#EAE7F4	#FEFEFE
4693	#E3DFF0	#FEFEFE
4694	#F9F2F1	#FFFFFF
4695	#E5E1F1	#FEFEFE
4696	#F6F4FA	#FFFFFF
4697	#EDEAF5	#FEFEFE
4698	#FCF8F8	#FFFFFF
4699	#ECEAF5	#FEFEFE
4700	#EFEDF6	#FEFEFE
4701	#FFFFFF	#FFFFFF
4702	#EFDCDA	#FEFEFE
4703	#C9918B	#FBFBFB
4704	#FBFAFD	#FFFFFF
4705	#DDD8EC	#FEFEFE
4706	#D4CFE8	#FDFDFD
4707	#FDFBFB	#FFFFFF
4708	#FEFEFE	#FFFFFF
4709	#D7D2E9	#FDFDFD
4710	#EAE8F4	#FEFEFE
4711	#DEB9B4	#FCFCFC
4712	#DDD9ED	#FDFDFD
4713	#FFFEFE	#FFFFFF
4714	#EDEBF6	#FEFEFE
4715	#DEDAED	#FDFDFD
4716	#FAF9FC	#FFFFFF
4717	#F8EFEE	#FEFEFE
4718	#D1CBE6	#FCFCFC
4719	#DDD9ED	#FDFDFD
4720	#E7E4F2	#FEFEFE
4721	#FFFEFE	#FFFFFF
4722	#FEFCFC	#FFFFFF
4723	#F7ECEB	#FEFEFE
4724	#DBD7EC	#FEFEFE
4725	#F9F1F0	#FFFFFF
4726	#F5F4FA	#FFFFFF
4727	#E7E4F2	#FEFEFE
4728	#F2F0F8	#FFFFFF
4729	#EFDCD9	#FEFEFE
4730	#DDD9ED	#FCFCFC
4731	#FDFBFB	#FFFFFF
4732	#DDD8EC	#FDFDFD
4733	#FAF9FC	#FFFFFF
4734	#E7E4F2	#FEFEFE
4735	#FAF4F3	#FFFFFF
4736	#ECE9F4	#FEFEFE
4737	#DDD9ED	#FDFDFD
4738	#EFECF6	#FEFEFE
4739	#E7E3F2	#FDFDFD
4740	#F5F4FA	#FFFFFF
4741	#D3CDE7	#FBFBFB
4742	#CDC6E4	#F9F9F9
4743	#F1EFF8	#FFFFFF
4744	#FDFBFA	#FFFFFF
4745	#FAF9FC	#FFFFFF
4746	#FDFBFB	#FFFFFF
4747	#FEFDFD	#FFFFFF
4748	#F6EAE9	#FEFEFE
4749	#FAF4F3	#FFFFFF
4750	#FAF4F3	#FFFFFF
4751	#E1BEBA	#FEFEFE
4752	#E1BEBA	#FDFDFD
4753	#FEFDFD	#FFFFFF
4754	#F9F1F0	#FFFFFF
4755	#FAFAFC	#FFFFFF
4756	#F7ECEB	#FFFFFF
4757	#F8EEED	#FFFFFF
4758	#F4E5E3	#FEFEFE
4759	#DCD7EC	#FEFEFE
4760	#FAF9FC	#FFFFFF
4761	#EFDCDA	#FEFEFE
4762	#F1E0DD	#FEFEFE
4763	#FEFDFD	#FFFFFF
4764	#F7EDEC	#FEFEFE
4765	#ECEAF5	#FEFEFE
4766	#E8E4F2	#FEFEFE
4767	#C4BDDF	#FCFCFC
4768	#FBF6F6	#FFFFFF
4769	#F9F2F1	#FFFFFF
4770	#E2DEEF	#FDFDFD
4771	#DED9ED	#FEFEFE
4772	#FAF4F3	#FFFFFF
4773	#FEFDFC	#FFFFFF
4774	#F8EEED	#FEFEFE
4775	#E6C9C5	#FDFDFD
4776	#F6EAE8	#FEFEFE
4777	#FDFBFB	#FFFFFF
4778	#F7EDEC	#FFFFFF
4779	#F9F8FC	#FFFFFF
4780	#F3F1F8	#FEFEFE
4781	#F8F7FB	#FFFFFF
4782	#FDFAFA	#FFFFFF
4783	#FDFBFA	#FFFFFF
4784	#E6E2F1	#FEFEFE
4785	#F2F0F8	#FEFEFE
4786	#F8EEED	#FEFEFE
4787	#DAD4EB	#FDFDFD
4788	#FAF3F2	#FFFFFF
4789	#FDFDFE	#FFFFFF
4790	#F3F2F9	#FEFEFE
4791	#F3F1F8	#FEFEFE
4792	#F0EEF7	#FEFEFE
4793	#EFEDF6	#FEFEFE
4794	#FAF3F2	#FFFFFF
4795	#F2F0F8	#FFFFFF
4796	#F7EDEC	#FEFEFE
4797	#FEFDFD	#FFFFFF
4798	#E6C8C5	#FDFDFD
4799	#F4E7E5	#FEFEFE
4800	#F6F5FA	#FFFFFF
4801	#F9F9FC	#FFFFFF
4802	#F5E7E5	#FEFEFE
4803	#DDD9ED	#FEFEFE
4804	#FCFCFE	#FFFFFF
4805	#EFECF6	#FFFFFF
4806	#E6E3F2	#FEFEFE
4807	#F7EDEB	#FEFEFE
4808	#D3CEE7	#FDFDFD
4809	#EFECF6	#FEFEFE
4810	#E6E3F2	#FEFEFE
4811	#FEFDFC	#FFFFFF
4812	#ECD5D2	#FEFEFE
4813	#F1DFDD	#FEFEFE
4814	#DDD8EC	#FDFDFD
4815	#DDD9ED	#FDFDFD
4816	#FAF9FC	#FFFFFF
4817	#F6EAE8	#FEFEFE
4818	#FBF6F5	#FFFFFF
4819	#D9B0AB	#FBFBFB
4820	#E6E3F2	#FEFEFE
4821	#FFFEFE	#FFFFFF
4822	#EFEDF6	#FEFEFE
4823	#F6F5FA	#FFFFFF
4824	#DEDAED	#FDFDFD
4825	#F2F0F8	#FEFEFE
4826	#ECE9F5	#FEFEFE
4827	#F8F8FB	#FFFFFF
4828	#FAF3F2	#FFFFFF
4829	#FEFDFD	#FFFFFF
4830	#FBF6F5	#FFFFFF
4831	#E5E1F1	#FEFEFE
4832	#E2DFF0	#FDFDFD
4833	#E0DCEE	#FDFDFD
4834	#DFBBB7	#FCFCFC
4835	#E5E1F1	#FDFDFD
4836	#F6EBE9	#FEFEFE
4837	#FCFCFE	#FFFFFF
4838	#ECE9F5	#FEFEFE
4839	#E7E4F2	#FDFDFD
4840	#E4E0F0	#FDFDFD
4841	#E8E5F3	#FDFDFD
4842	#DFDAED	#FCFCFC
4843	#EAE7F4	#FDFDFD
4844	#F9F8FC	#FFFFFF
4845	#F9F9FC	#FFFFFF
4846	#F4E5E3	#FEFEFE
4847	#F9F1F0	#FFFFFF
4848	#EBD3D0	#FEFEFE
4849	#FAF5F4	#FFFFFF
4850	#FAFAFC	#FFFFFF
4851	#F2F0F8	#FFFFFF
4852	#E6C8C4	#FDFDFD
4853	#FBF6F6	#FFFFFF
4854	#DCD7EC	#FEFEFE
4855	#FBF6F6	#FFFFFF
4856	#F9F1F0	#FFFFFF
4857	#E6E3F1	#FEFEFE
4858	#FAF9FC	#FFFFFF
4859	#EFEDF6	#FEFEFE
4860	#EFECF6	#FEFEFE
4861	#C9928B	#FBFBFB
4862	#EFEDF6	#FEFEFE
4863	#D4CEE7	#FDFDFD
4864	#CDC6E4	#FCFCFC
4865	#E7E4F2	#FEFEFE
4866	#F1E0DD	#FEFEFE
4867	#FDFAFA	#FFFFFF
4868	#DCD7EC	#FEFEFE
4869	#FBF6F5	#FFFFFF
4870	#E4E0F0	#FEFEFE
4871	#EAE7F4	#FEFEFE
4872	#CCC5E3	#FDFDFD
4873	#F1EFF8	#FEFEFE
4874	#E2DEEF	#FDFDFD
4875	#EEECF6	#FEFEFE
4876	#EFEDF6	#FEFEFE
4877	#F5F3F9	#FFFFFF
4878	#FDFBFA	#FFFFFF
4879	#F2F1F8	#FFFFFF
4880	#F2F0F8	#FEFEFE
4881	#F2F1F8	#FEFEFE
4882	#EBD4D1	#FDFDFD
4883	#E3DFF0	#FEFEFE
4884	#F7EEEC	#FFFFFF
4885	#FBFBFD	#FFFFFF
4886	#FBF6F6	#FFFFFF
4887	#F8F7FB	#FFFFFF
4888	#E1DDEF	#FDFDFD
4889	#D2CCE7	#FCFCFC
4890	#FEFCFC	#FFFFFF
4891	#E7E3F2	#FEFEFE
4892	#EAE8F4	#FEFEFE
4893	#F3F1F8	#FEFEFE
4894	#D0CAE5	#FCFCFC
4895	#EBD4D1	#FDFDFD
4896	#FCF9F8	#FFFFFF
4897	#EAE7F4	#FEFEFE
4898	#FAF9FC	#FFFFFF
4899	#CDC7E4	#FDFDFD
4900	#ECD4D1	#FDFDFD
4901	#F4E6E4	#FEFEFE
4902	#F1E0DE	#FEFEFE
4903	#DFBBB6	#FCFCFC
4904	#D3CDE7	#FDFDFD
4905	#F1E0DE	#FEFEFE
4906	#FBFBFD	#FFFFFF
4907	#D4CFE8	#FDFDFD
4908	#FEFDFD	#FFFFFF
4909	#F0DDDA	#FEFEFE
4910	#E1BEBA	#FEFEFE
4911	#DED9ED	#FEFEFE
4912	#DCD7EC	#FEFEFE
4913	#F9F1F0	#FFFFFF
4914	#FBF6F6	#FFFFFF
4915	#EFDCD9	#FEFEFE
4916	#F4E5E4	#FEFEFE
4917	#F9F1F0	#FFFFFF
4918	#F3F1F8	#FEFEFE
4919	#FAF9FC	#FFFFFF
4920	#F9F8FC	#FFFFFF
4921	#F7EDEC	#FFFFFF
4922	#F9F1F0	#FFFFFF
4923	#FBF7F6	#FFFFFF
4924	#F2F0F8	#FEFEFE
4925	#F9F8FB	#FFFFFF
4926	#D4CFE8	#FCFCFC
4927	#E3DFF0	#FEFEFE
4928	#CBC4E3	#FCFCFC
4929	#FCFCFD	#FFFFFF
4930	#E4E1F1	#FDFDFD
4931	#F6F5FA	#FFFFFF
4932	#FBF6F5	#FFFFFF
4933	#F1EFF8	#FEFEFE
4934	#F2F0F8	#FEFEFE
4935	#FAF4F3	#FFFFFF
4936	#E3DFF0	#FEFEFE
4937	#EAE7F3	#FEFEFE
4938	#FCF7F6	#FFFFFF
4939	#BBB3DA	#FAFAFA
4940	#E4E0F0	#FDFDFD
4941	#D2CDE7	#FBFBFB
4942	#F6F5FA	#FFFFFF
4943	#FCF8F8	#FFFFFF
4944	#EFEDF7	#FEFEFE
4945	#D3A59F	#FCFCFC
4946	#F8EFEE	#FEFEFE
4947	#FBF7F6	#FFFFFF
4948	#FEFDFD	#FFFFFF
4949	#FBF6F6	#FFFFFF
4950	#F0DDDA	#FEFEFE
4951	#FFFEFE	#FFFFFF
4952	#F9F0EF	#FFFFFF
4953	#CBC5E3	#FDFDFD
4954	#FBF5F5	#FFFFFF
4955	#F1E0DE	#FEFEFE
4956	#F7ECEB	#FFFFFF
4957	#EFEDF7	#FEFEFE
4958	#FBF6F6	#FFFFFF
4959	#F6F5FA	#FFFFFF
4960	#EDEAF5	#FEFEFE
4961	#F3E5E3	#FEFEFE
4962	#F4E6E4	#FEFEFE
4963	#F2F1F8	#FEFEFE
4964	#EDEAF5	#FEFEFE
4965	#FFFFFF	#FFFFFF
4966	#FDFAFA	#FFFFFF
4967	#DED9ED	#FEFEFE
4968	#EAE7F4	#FEFEFE
4969	#FBF6F5	#FFFFFF
4970	#F7EDEC	#FEFEFE
4971	#FBF6F5	#FFFFFF
4972	#F3E4E2	#FEFEFE
4973	#F5F4FA	#FFFFFF
4974	#F8F7FB	#FFFFFF
4975	#F9F8FC	#FFFFFF
4976	#FAF9FC	#FFFFFF
4977	#FAFAFC	#FFFFFF
4978	#F1E0DE	#FEFEFE
4979	#F9F8FC	#FFFFFF
4980	#FEFCFC	#FFFFFF
4981	#EAE8F4	#FEFEFE
4982	#C1B9DD	#FBFBFB
4983	#D7D2E9	#FDFDFD
4984	#C9C2E2	#FBFBFB
4985	#DDB7B2	#FCFCFC
4986	#F3F1F8	#FFFFFF
4987	#DBD6EC	#FCFCFC
4988	#EED9D6	#FEFEFE
4989	#EFECF6	#FFFFFF
4990	#EAE7F4	#FEFEFE
4991	#F2F1F8	#FEFEFE
4992	#FEFDFD	#FFFFFF
4993	#FFFFFF	#FFFFFF
4994	#EAE7F4	#FDFDFD
4995	#D3CDE7	#FCFCFC
4996	#F8EEED	#FFFFFF
4997	#E5E1F1	#FEFEFE
4998	#F9F9FC	#FFFFFF
4999	#FFFFFF	#FFFFFF
5000	#FBFAFD	#FFFFFF
5001	#E5E1F1	#FEFEFE
5002	#FAF4F4	#FFFFFF
5003	#F5E9E8	#FEFEFE
5004	#D9AFAA	#FDFDFD
5005	#F6F5FA	#FFFFFF
5006	#DEDAED	#FEFEFE
5007	#C48A83	#FBFBFB
5008	#D4CFE8	#FDFDFD
5009	#D4CFE8	#FDFDFD
5010	#E5E1F1	#FEFEFE
5011	#F1E0DD	#FEFEFE
5012	#FBF6F5	#FFFFFF
5013	#F5F4FA	#FFFFFF
5014	#FEFDFD	#FFFFFF
5015	#DEDAED	#FDFDFD
5016	#F7EDEC	#FEFEFE
5017	#FBF6F5	#FFFFFF
5018	#DED9ED	#FDFDFD
5019	#EFDCDA	#FEFEFE
5020	#EAD1CE	#FDFDFD
5021	#FDFAFA	#FFFFFF
5022	#F4E5E3	#FEFEFE
5023	#FEFDFD	#FFFFFF
5024	#E8CDCA	#FEFEFE
5025	#FAF9FC	#FFFFFF
5026	#FEFEFE	#FFFFFF
5027	#DED9ED	#FDFDFD
5028	#EAE7F3	#FEFEFE
5029	#EEECF6	#FEFEFE
5030	#F8F7FB	#FFFFFF
5031	#F8F8FB	#FFFFFF
5032	#BEB6DC	#FAFAFA
5033	#E1DDEF	#FDFDFD
5034	#F0EDF7	#FFFFFF
5035	#E3DFF0	#FEFEFE
5036	#F7ECEB	#FEFEFE
5037	#F5E8E7	#FEFEFE
5038	#ECEAF5	#FEFEFE
5039	#DED9ED	#FDFDFD
5040	#EEEBF6	#FEFEFE
5041	#F5F3F9	#FFFFFF
5042	#EAE7F4	#FEFEFE
5043	#FBF5F5	#FFFFFF
5044	#FFFEFE	#FFFFFF
5045	#F9F0EF	#FEFEFE
5046	#F6F5FA	#FFFFFF
5047	#F7ECEB	#FFFFFF
5048	#F6F4FA	#FFFFFF
5049	#F6F5FA	#FFFFFF
5050	#E3DFF0	#FEFEFE
5051	#E4E0F0	#FEFEFE
5052	#F7EDEC	#FEFEFE
5053	#F8EFED	#FEFEFE
5054	#FBFAFD	#FFFFFF
5055	#E5E1F1	#FEFEFE
5056	#F9F8FC	#FFFFFF
5057	#D9B0AB	#FDFDFD
5058	#F6F5FA	#FFFFFF
5059	#E4E1F1	#FEFEFE
5060	#EFECF6	#FEFEFE
5061	#D6D1E9	#FDFDFD
5062	#E6E3F2	#FEFEFE
5063	#EBD3D0	#FEFEFE
5064	#FBFBFD	#FFFFFF
5065	#BDB5DB	#FCFCFC
5066	#FAF5F4	#FFFFFF
5067	#D1CBE6	#FCFCFC
5068	#D7D2EA	#FDFDFD
5069	#F9F2F1	#FFFFFF
5070	#FEFDFD	#FFFFFF
5071	#F3E5E3	#FEFEFE
5072	#EEEBF6	#FEFEFE
5073	#EEECF6	#FFFFFF
5074	#D2CCE7	#FCFCFC
5075	#FBFAFD	#FFFFFF
5076	#F0EEF7	#FFFFFF
5077	#F2F0F8	#FFFFFF
5078	#FAF4F4	#FFFFFF
5079	#EFEDF6	#FEFEFE
5080	#F6F4FA	#FFFFFF
5081	#F5F4FA	#FFFFFF
5082	#D1CBE6	#FCFCFC
5083	#E7E4F2	#FDFDFD
5084	#F0EEF7	#FEFEFE
5085	#FDFBFA	#FFFFFF
5086	#CCC5E3	#FDFDFD
5087	#E4E1F1	#FDFDFD
5088	#F2F1F8	#FFFFFF
5089	#F7ECEB	#FFFFFF
5090	#F9F9FC	#FFFFFF
5091	#F5F3FA	#FFFFFF
5092	#F8F7FB	#FFFFFF
5093	#F5F4FA	#FEFEFE
5094	#DDD8EC	#FBFBFB
5095	#EFDCD9	#FEFEFE
5096	#E1DDEF	#FDFDFD
5097	#D4A59F	#FCFCFC
5098	#FAF9FC	#FFFFFF
5099	#F8F7FB	#FFFFFF
5100	#EDEAF5	#FEFEFE
5101	#F6F5FA	#FFFFFF
