group	fill	colour
1	#D7D2E9	#FDFDFD
2	#F6F5FA	#FFFFFF
3	#EFEDF6	#FEFEFE
4	#EFEDF6	#FEFEFE
5	#EFECF6	#FEFEFE
6	#EFECF6	#FEFEFE
7	#E8E5F3	#FEFEFE
8	#FBF5F4	#FFFFFF
9	#F2F0F8	#FEFEFE
10	#EEECF6	#FEFEFE
11	#E4E0F0	#FDFDFD
12	#F7ECEB	#FFFFFF
13	#FFFEFE	#FFFFFF
14	#CEC8E4	#FDFDFD
15	#FFFEFE	#FFFFFF
16	#EFECF6	#FEFEFE
17	#F7ECEB	#FFFFFF
18	#F3F2F9	#FEFEFE
19	#F4E6E4	#FEFEFE
20	#F9F1F0	#FFFFFF
21	#F6F4FA	#FFFFFF
22	#ECD5D2	#FEFEFE
23	#F4E6E4	#FEFEFE
24	#DCD7EC	#FEFEFE
25	#D7D2E9	#FDFDFD
26	#F9F1F0	#FFFFFF
27	#D3A59F	#FCFCFC
28	#C9928B	#FBFBFB
29	#FBF6F5	#FFFFFF
30	#F0EDF7	#FFFFFF
31	#EFDBD8	#FEFEFE
32	#FDFAFA	#FFFFFF
33	#E2C1BD	#FDFDFD
34	#E6C8C4	#FDFDFD
35	#FBF5F5	#FFFFFF
36	#EFDCDA	#FEFEFE
37	#F4E5E3	#FEFEFE
38	#F6F5FA	#FFFFFF
39	#FCFBFD	#FFFFFF
40	#EDEAF5	#FEFEFE
41	#F1E0DE	#FEFEFE
42	#FBF6F5	#FFFFFF
43	#F9F8FC	#FFFFFF
44	#F9F0EF	#FFFFFF
45	#F9F1EF	#FFFFFF
46	#F1DFDD	#FEFEFE
47	#CCC6E3	#FDFDFD
48	#F9F1F0	#FFFFFF
49	#F9F8FC	#FFFFFF
50	#F1E0DE	#FEFEFE
52	#F7ECEB	#FFFFFF
53	#FAF9FC	#FFFFFF
54	#F9F2F0	#FFFFFF
55	#DCD7EC	#FEFEFE
56	#DDD8EC	#FEFEFE
57	#EFDCD9	#FEFEFE
58	#EEECF6	#FEFEFE
59	#FCF9F9	#FFFFFF
60	#E1DDEF	#FDFDFD
61	#FBF6F6	#FFFFFF
62	#DED9ED	#FEFEFE
63	#FEFCFC	#FFFFFF
64	#E2DEEF	#FDFDFD
65	#E3DFF0	#FEFEFE
66	#FCFBFD	#FFFFFF
67	#FEFDFD	#FFFFFF
68	#E6C8C4	#FDFDFD
69	#E4E0F0	#FEFEFE
70	#F4E5E3	#FEFEFE
71	#E2C0BC	#FDFDFD
72	#E7E3F2	#FEFEFE
73	#ECD4D1	#FEFEFE
74	#FFFFFF	#FFFFFF
75	#F1E0DE	#FEFEFE
76	#EBE9F4	#FEFEFE
77	#F4E6E4	#FEFEFE
78	#E1BEBA	#FEFEFE
79	#DED9ED	#FDFDFD
80	#F0DEDB	#FEFEFE
81	#FEFCFC	#FFFFFF
82	#E5C7C3	#FDFDFD
83	#F6F5FA	#FFFFFF
84	#EBD4D1	#FDFDFD
85	#FEFDFD	#FFFFFF
86	#D7D2E9	#FDFDFD
87	#E0BEB9	#FDFDFD
88	#EDEAF5	#FEFEFE
89	#F7ECEA	#FFFFFF
90	#FCF8F7	#FFFFFF
91	#FBFAFD	#FFFFFF
92	#E0BEB9	#FDFDFD
93	#D4CEE7	#FDFDFD
94	#FBFAFD	#FFFFFF
95	#E5E2F1	#FEFEFE
97	#DDD8ED	#FEFEFE
98	#E1BEB9	#FEFEFE
99	#EFECF6	#FEFEFE
100	#F0DDDA	#FEFEFE
101	#F6F4FA	#FFFFFF
102	#F2F1F8	#FFFFFF
103	#F1DFDD	#FEFEFE
104	#F6EBE9	#FEFEFE
105	#F6F4FA	#FFFFFF
106	#FBFAFD	#FFFFFF
107	#EED9D7	#FEFEFE
108	#B7AFD8	#FDFDFD
109	#F6EBEA	#FEFEFE
110	#FBF6F5	#FFFFFF
111	#F8EEED	#FFFFFF
112	#EDD6D3	#FEFEFE
113	#DDD9ED	#FDFDFD
114	#FFFEFE	#FFFFFF
115	#EFEDF6	#FEFEFE
116	#FEFDFD	#FFFFFF
117	#FCFBFD	#FFFFFF
118	#F0EDF7	#FFFFFF
119	#EDEBF5	#FEFEFE
120	#FEFEFE	#FFFFFF
121	#DDD8ED	#FEFEFE
122	#A79DCF	#FBFBFB
123	#FBF6F6	#FFFFFF
124	#F7EDEB	#FFFFFF
125	#DFBBB6	#FCFCFC
126	#E5E1F1	#FEFEFE
127	#E6E2F1	#FEFEFE
128	#F4E5E4	#FEFEFE
129	#F1DFDD	#FEFEFE
130	#FAF4F4	#FFFFFF
131	#DDD9ED	#FDFDFD
132	#F9F9FC	#FFFFFF
133	#FBF6F6	#FFFFFF
134	#FCF7F7	#FFFFFF
135	#F1DEDC	#FDFDFD
136	#FEFDFD	#FFFFFF
137	#F9F1F0	#FFFFFF
138	#F1E0DE	#FEFEFE
139	#FBF7F6	#FFFFFF
140	#F1E0DE	#FEFEFE
141	#E5E1F1	#FEFEFE
142	#EFDBD8	#FEFEFE
143	#FDFBFA	#FFFFFF
144	#F2E2E0	#FEFEFE
145	#DFBCB7	#FCFCFC
146	#EFECF6	#FFFFFF
147	#E6E2F1	#FEFEFE
148	#E9CECA	#FEFEFE
149	#FBFAFD	#FFFFFF
150	#F4E5E3	#FEFEFE
151	#F7EDEB	#FFFFFF
153	#EEECF6	#FFFFFF
154	#FFFEFE	#FFFFFF
155	#CCC5E3	#FBFBFB
156	#EEEBF6	#FEFEFE
157	#D3CDE7	#FCFCFC
158	#D3CEE7	#FCFCFC
159	#C7C0E0	#FCFCFC
160	#F1E0DD	#FEFEFE
161	#D3CDE7	#FDFDFD
162	#F9F1F0	#FFFFFF
163	#EFEDF6	#FEFEFE
164	#DFBBB7	#FCFCFC
165	#FFFEFE	#FFFFFF
166	#FCF7F7	#FFFFFF
167	#EFECF6	#FEFEFE
168	#E9E5F3	#FEFEFE
169	#EFEDF6	#FEFEFE
170	#E5E1F1	#FEFEFE
171	#D8D3EA	#FDFDFD
172	#FAF4F3	#FFFFFF
173	#EEECF6	#FEFEFE
174	#FFFFFF	#FFFFFF
175	#FBF5F5	#FFFFFF
176	#FAF9FC	#FFFFFF
177	#FDFAFA	#FFFFFF
178	#EAE7F4	#FEFEFE
179	#F8EEED	#FFFFFF
180	#F6EAE9	#FEFEFE
181	#E9CECA	#FEFEFE
182	#F7ECEB	#FFFFFF
183	#F6F5FA	#FFFFFF
184	#ECD6D3	#FEFEFE
185	#FDFBFB	#FFFFFF
186	#FCFBFD	#FFFFFF
187	#FDFBFB	#FFFFFF
188	#FFFFFF	#FFFFFF
189	#F1E0DE	#FEFEFE
190	#FBFAFD	#FFFFFF
191	#ECD5D2	#FEFEFE
192	#E4C4C0	#FDFDFD
193	#E6C9C5	#FDFDFD
194	#D7D2E9	#FDFDFD
195	#C48A84	#FBFBFB
196	#F7ECEB	#FFFFFF
198	#F2E1DF	#FEFEFE
199	#F0EEF7	#FEFEFE
200	#F5E7E6	#FEFEFE
201	#FDFDFE	#FFFFFF
202	#FEFDFC	#FFFFFF
203	#DAD5EB	#FCFCFC
204	#FDFBFB	#FFFFFF
205	#FBFBFD	#FFFFFF
206	#F1E0DE	#FEFEFE
207	#F2F1F8	#FEFEFE
208	#ADA3D2	#FAFAFA
209	#F0DDDA	#FEFEFE
210	#F7ECEA	#FFFFFF
211	#BEB6DB	#FCFCFC
212	#FCF9F8	#FFFFFF
213	#BDB6DB	#FCFCFC
214	#D0CAE6	#FCFCFC
215	#F2F0F8	#FFFFFF
216	#F5F4FA	#FFFFFF
217	#F7ECEB	#FEFEFE
218	#F7EDEB	#FFFFFF
219	#FBF6F6	#FFFFFF
220	#DDD9ED	#FDFDFD
221	#ECD5D2	#FEFEFE
222	#F0DDDB	#FEFEFE
223	#CBC4E3	#FDFDFD
224	#F7F6FB	#FFFFFF
225	#FBFBFD	#FFFFFF
226	#E4C4C0	#FDFDFD
227	#F2F1F8	#FFFFFF
228	#F9F2F1	#FFFFFF
229	#FDFAFA	#FFFFFF
230	#E5E2F1	#FEFEFE
231	#F6F4FA	#FFFFFF
232	#E6C8C5	#FDFDFD
233	#F5E7E6	#FEFEFE
234	#EFDCD9	#FEFEFE
235	#F0DDDA	#FEFEFE
236	#EEECF6	#FEFEFE
237	#EFECF6	#FEFEFE
238	#E1BFBB	#FDFDFD
239	#FAFAFC	#FFFFFF
240	#E6C8C4	#FDFDFD
241	#ECD4D1	#FDFDFD
242	#FBF6F5	#FFFFFF
243	#F7ECEB	#FFFFFF
244	#E6C8C5	#FDFDFD
245	#F4E5E4	#FEFEFE
246	#FBF5F5	#FFFFFF
247	#F3E4E2	#FEFEFE
248	#F2F1F8	#FFFFFF
249	#EEEBF6	#FEFEFE
250	#FCF7F6	#FFFFFF
251	#E2DEEF	#FDFDFD
252	#F1E0DE	#FEFEFE
254	#E5E1F1	#FEFEFE
255	#CB9690	#FCFCFC
256	#F7ECEB	#FFFFFF
257	#F6F4FA	#FFFFFF
258	#EED9D6	#FEFEFE
259	#CEC8E4	#FCFCFC
260	#F0DDDA	#FEFEFE
261	#F9F1F0	#FFFFFF
262	#FBF6F6	#FFFFFF
263	#CBC5E3	#FDFDFD
264	#FBF7F6	#FFFFFF
265	#FAFAFD	#FFFFFF
266	#F4E6E4	#FEFEFE
267	#E5E2F1	#FEFEFE
268	#F1DFDD	#FEFEFE
269	#AEA5D3	#FCFCFC
270	#FBF6F6	#FFFFFF
271	#EAE7F4	#FEFEFE
272	#FBFAFD	#FFFFFF
273	#F2F0F8	#FEFEFE
274	#F6EAE8	#FEFEFE
275	#FEFDFC	#FFFFFF
276	#E4E0F0	#FDFDFD
277	#E6E2F1	#FEFEFE
278	#E5E1F1	#FEFEFE
279	#CDC7E4	#FCFCFC
280	#CF9D97	#FCFCFC
281	#F2F0F8	#FFFFFF
282	#FFFEFE	#FFFFFF
283	#FEFDFD	#FFFFFF
284	#ECD5D2	#FEFEFE
285	#EBE8F4	#FEFEFE
286	#ECD4D1	#FEFEFE
287	#EDEAF5	#FEFEFE
288	#E9E6F3	#FEFEFE
289	#FDFAFA	#FFFFFF
290	#FDFDFE	#FFFFFF
291	#FBF7F6	#FFFFFF
292	#F2F0F8	#FFFFFF
293	#FBF6F5	#FFFFFF
294	#E8CECA	#FEFEFE
295	#FFFEFE	#FFFFFF
296	#FCF8F7	#FFFFFF
297	#F3E4E3	#FEFEFE
299	#EDEAF5	#FEFEFE
300	#F6F4FA	#FFFFFF
301	#F2E2E0	#FEFEFE
302	#FBF6F5	#FFFFFF
303	#F6F5FA	#FFFFFF
304	#FBF6F6	#FFFFFF
305	#F0EEF7	#FEFEFE
306	#D4CEE7	#FDFDFD
307	#FCF7F6	#FFFFFF
308	#D1CAE6	#FCFCFC
309	#F7ECEB	#FFFFFF
310	#D4CEE8	#FDFDFD
311	#FDFCFE	#FFFFFF
312	#EEECF6	#FFFFFF
313	#FBF6F5	#FFFFFF
314	#D5CFE8	#FEFEFE
315	#F1E0DE	#FEFEFE
316	#EAE7F4	#FEFEFE
317	#F6F4FA	#FFFFFF
318	#FBF6F6	#FFFFFF
319	#E5E1F1	#FEFEFE
320	#FBFBFD	#FFFFFF
321	#F7EDEB	#FFFFFF
322	#FCF8F7	#FFFFFF
323	#F7ECEB	#FFFFFF
324	#F8F7FB	#FFFFFF
325	#F4E7E5	#FEFEFE
326	#FBF6F5	#FFFFFF
327	#E5E1F1	#FEFEFE
328	#F8F7FB	#FFFFFF
329	#FDFAFA	#FFFFFF
330	#FBFAFD	#FFFFFF
331	#D4CEE8	#FCFCFC
332	#D3A59F	#FCFCFC
333	#F9F2F1	#FFFFFF
334	#F7ECEB	#FFFFFF
335	#D3CDE7	#FCFCFC
336	#FAFAFD	#FFFFFF
337	#EFDCD9	#FEFEFE
338	#FBF6F6	#FFFFFF
339	#F4F2F9	#FEFEFE
340	#F7ECEB	#FFFFFF
341	#F7ECEB	#FFFFFF
342	#E9E6F3	#FEFEFE
343	#F8EEED	#FFFFFF
344	#F9F1F0	#FFFFFF
345	#E8CDCA	#FEFEFE
346	#EED9D6	#FEFEFE
347	#F7EDEC	#FEFEFE
348	#E4C5C0	#FDFDFD
349	#EFECF6	#FFFFFF
350	#EBE9F4	#FEFEFE
351	#DDD9ED	#FDFDFD
352	#EAE7F4	#FEFEFE
353	#E5E2F1	#FEFEFE
355	#FBF6F5	#FFFFFF
356	#F5F4FA	#FFFFFF
357	#E3DFF0	#FEFEFE
358	#E6E3F2	#FEFEFE
359	#F3F1F8	#FFFFFF
360	#FAF9FC	#FFFFFF
361	#CFC9E5	#FBFBFB
362	#C5BEDF	#F9F9F9
363	#FBFAFD	#FFFFFF
364	#E4E0F0	#FEFEFE
365	#F3F1F8	#FFFFFF
366	#FBF6F5	#FFFFFF
367	#FDFBFB	#FFFFFF
368	#FEFDFD	#FFFFFF
369	#FBF6F6	#FFFFFF
370	#F6F5FA	#FFFFFF
371	#FCFCFE	#FFFFFF
372	#E8CDCA	#FEFEFE
373	#E4E1F1	#FEFEFE
374	#E9CECA	#FEFEFE
375	#F6F5FA	#FFFFFF
376	#F5E8E7	#FEFEFE
377	#F6F5FA	#FFFFFF
378	#F4F2F9	#FFFFFF
379	#F2F0F8	#FEFEFE
380	#E9CECB	#FEFEFE
381	#FFFFFF	#FFFFFF
382	#F9F8FC	#FFFFFF
383	#F7EDEB	#FFFFFF
384	#EAE7F4	#FEFEFE
385	#FEFDFD	#FFFFFF
386	#FEFCFC	#FFFFFF
387	#FBFAFD	#FFFFFF
388	#F9F1F0	#FFFFFF
389	#FBF5F4	#FFFFFF
390	#F1E0DE	#FEFEFE
391	#FCF7F7	#FFFFFF
392	#DCD7EC	#FEFEFE
393	#F8EEED	#FFFFFF
394	#F6EAE8	#FEFEFE
395	#FEFDFC	#FFFFFF
396	#F4E5E3	#FEFEFE
397	#F8EEED	#FFFFFF
398	#D9B0AA	#FDFDFD
400	#FBFAFD	#FFFFFF
401	#F7EDEB	#FFFFFF
402	#EFECF6	#FEFEFE
403	#B8AFD8	#FBFBFB
404	#E4E1F1	#FEFEFE
405	#BCB3DA	#FAFAFA
406	#F1DFDD	#FEFEFE
407	#DED9ED	#FDFDFD
408	#DEB9B5	#FCFCFC
409	#DDD8EC	#FCFCFC
410	#DED9ED	#FDFDFD
411	#D4CFE8	#FDFDFD
412	#DCD7EC	#FEFEFE
413	#EFECF6	#FEFEFE
414	#F2F0F8	#FFFFFF
415	#E4E0F0	#FEFEFE
416	#DDD8ED	#FDFDFD
417	#FAF9FC	#FFFFFF
418	#EAE7F4	#FEFEFE
419	#F7EDEC	#FEFEFE
420	#FDF9F9	#FFFFFF
421	#FBFBFD	#FFFFFF
422	#FFFFFF	#FFFFFF
423	#FBF6F5	#FFFFFF
424	#F5F3F9	#FFFFFF
425	#AFA5D3	#FCFCFC
426	#EEECF6	#FEFEFE
427	#F6F4FA	#FFFFFF
428	#FBFBFD	#FFFFFF
429	#EFEDF6	#FEFEFE
430	#FBF6F5	#FFFFFF
431	#ECD5D2	#FEFEFE
432	#F6EBEA	#FFFFFF
433	#F7EDEB	#FEFEFE
434	#DDD8EC	#FEFEFE
435	#F0DDDA	#FEFEFE
436	#F7EDEB	#FFFFFF
437	#E6E3F2	#FEFEFE
438	#FAFAFC	#FFFFFF
439	#E4C4C0	#FDFDFD
440	#EFEDF6	#FEFEFE
441	#F3F1F8	#FFFFFF
442	#F7EEEC	#FFFFFF
443	#FBFAFD	#FFFFFF
444	#CF9D96	#FCFCFC
445	#F9F1F0	#FFFFFF
446	#ECD6D3	#FEFEFE
447	#FBFAFD	#FFFFFF
448	#E2C0BC	#FDFDFD
449	#FFFEFE	#FFFFFF
450	#F9F1F0	#FFFFFF
451	#E7E4F2	#FEFEFE
452	#DED9ED	#FDFDFD
453	#968BC6	#F9F9F9
454	#F1DFDD	#FEFEFE
456	#FDFAFA	#FFFFFF
457	#EED9D6	#FEFEFE
458	#B1A8D5	#FAFAFA
459	#D0CAE6	#FCFCFC
460	#FDFBFB	#FFFFFF
461	#CBC5E3	#FDFDFD
462	#F6F5FA	#FFFFFF
463	#D9B0AA	#FDFDFD
464	#DED9ED	#FEFEFE
465	#ECD5D2	#FEFEFE
466	#D4CEE7	#FDFDFD
467	#C28780	#FAFAFA
468	#FDFCFE	#FFFFFF
469	#F1DFDD	#FEFEFE
470	#E2DEEF	#FDFDFD
471	#E5E1F1	#FEFEFE
472	#F7EDEB	#FFFFFF
473	#F6F5FA	#FFFFFF
474	#EFDCDA	#FEFEFE
475	#F9F8FB	#FFFFFF
476	#FAFAFD	#FFFFFF
477	#FAF4F3	#FFFFFF
478	#E4C4C0	#FDFDFD
479	#EAE7F4	#FEFEFE
480	#F1E1DE	#FEFEFE
481	#EFEDF6	#FEFEFE
482	#EDEAF5	#FEFEFE
483	#E9E6F3	#FEFEFE
484	#FEFDFC	#FFFFFF
485	#F4E5E3	#FEFEFE
486	#DCB5B0	#FCFCFC
487	#F9F0EF	#FFFFFF
488	#F7EDEC	#FEFEFE
489	#C3BBDE	#FDFDFD
490	#FEFEFF	#FFFFFF
491	#E3DFF0	#FEFEFE
492	#FCFCFE	#FFFFFF
493	#E6E2F1	#FEFEFE
494	#D4A59F	#FCFCFC
495	#F3E3E1	#FEFEFE
496	#EED8D6	#FEFEFE
497	#F9F8FC	#FFFFFF
498	#FBFAFD	#FFFFFF
499	#C0847D	#FAFAFA
501	#FBF6F6	#FFFFFF
502	#D3CDE7	#FCFCFC
503	#EDEBF5	#FEFEFE
504	#ECD5D2	#FEFEFE
505	#FCF7F6	#FFFFFF
506	#F5F4FA	#FFFFFF
507	#FFFEFE	#FFFFFF
508	#E8CDCA	#FEFEFE
509	#E4E1F1	#FEFEFE
510	#EFEDF7	#FEFEFE
511	#F6F4FA	#FFFFFF
512	#ECE9F5	#FEFEFE
513	#FCFBFD	#FFFFFF
514	#DBD7EC	#FEFEFE
515	#D0CAE5	#FCFCFC
516	#DCD7EC	#FEFEFE
517	#FBFAFD	#FFFFFF
518	#DDD8EC	#FEFEFE
519	#BC7C75	#FAFAFA
520	#E6E3F1	#FEFEFE
521	#F9F8FC	#FFFFFF
522	#FDFBFA	#FFFFFF
523	#FEFCFC	#FFFFFF
524	#FAF4F3	#FFFFFF
525	#D4CFE8	#FDFDFD
526	#FCF9F8	#FFFFFF
527	#ECD5D2	#FEFEFE
528	#F6EAE9	#FEFEFE
529	#FAF9FC	#FFFFFF
530	#ECE9F5	#FEFEFE
531	#E8E5F3	#FEFEFE
532	#EED8D5	#FEFEFE
533	#EFEDF7	#FFFFFF
534	#E2C0BC	#FDFDFD
535	#F7F5FA	#FFFFFF
536	#F7F5FB	#FFFFFF
537	#FEFCFC	#FFFFFF
538	#EFECF6	#FFFFFF
539	#DCD7EC	#FEFEFE
540	#F7ECEB	#FFFFFF
541	#E5E1F1	#FEFEFE
542	#CF9D97	#FCFCFC
543	#FBF6F6	#FFFFFF
544	#D4A5A0	#FCFCFC
545	#F2F0F8	#FEFEFE
546	#CF9D97	#FCFCFC
547	#E5E2F1	#FEFEFE
548	#FBF6F5	#FFFFFF
549	#F7F6FB	#FFFFFF
550	#F2F0F8	#FFFFFF
551	#E7E4F2	#FEFEFE
552	#FBFBFD	#FFFFFF
553	#F7EDEB	#FFFFFF
554	#DDD9ED	#FDFDFD
555	#C4BCDF	#FCFCFC
557	#F3F1F8	#FFFFFF
558	#FFFEFE	#FFFFFF
559	#EFECF6	#FEFEFE
560	#DDD9ED	#FEFEFE
561	#F3E5E3	#FEFEFE
562	#CBC4E3	#FCFCFC
563	#F4E6E4	#FEFEFE
564	#F0DCDA	#FEFEFE
565	#E5E1F1	#FEFEFE
566	#DEDAED	#FDFDFD
567	#F6F5FA	#FFFFFF
568	#E6E2F1	#FEFEFE
569	#CEC7E4	#FDFDFD
570	#EEECF6	#FFFFFF
571	#F6F5FA	#FFFFFF
572	#EFECF6	#FEFEFE
573	#ECD5D2	#FEFEFE
574	#FBF6F6	#FFFFFF
575	#F8F7FB	#FFFFFF
576	#E4E0F0	#FEFEFE
577	#F6F4FA	#FFFFFF
578	#EEECF6	#FFFFFF
579	#F8EFEE	#FEFEFE
580	#E2DEEF	#FDFDFD
581	#E1BEB9	#FDFDFD
582	#E4E1F1	#FEFEFE
583	#FDFBFA	#FFFFFF
584	#E4E1F0	#FEFEFE
585	#F1E0DD	#FEFEFE
586	#DDD9ED	#FEFEFE
587	#F7ECEB	#FFFFFF
588	#FBFBFD	#FFFFFF
589	#F9F1F0	#FFFFFF
590	#F4E5E4	#FEFEFE
591	#F7F6FB	#FFFFFF
592	#ECD5D2	#FEFEFE
593	#FBF6F5	#FFFFFF
594	#FBF6F5	#FFFFFF
595	#D4CEE8	#FEFEFE
596	#FAF9FC	#FFFFFF
597	#FEFDFD	#FFFFFF
598	#F3E5E3	#FEFEFE
599	#DEB9B5	#FCFCFC
600	#F8EEED	#FFFFFF
602	#CCC5E3	#FCFCFC
603	#CC9790	#FCFCFC
604	#F9F1F0	#FFFFFF
605	#F0DCDA	#FEFEFE
606	#F9F0EF	#FFFFFF
607	#D4CFE8	#FEFEFE
608	#D8D2EA	#FDFDFD
609	#EAD0CC	#FDFDFD
610	#EEECF6	#FFFFFF
611	#E6E2F1	#FEFEFE
612	#FBF6F6	#FFFFFF
613	#FCFBFD	#FFFFFF
614	#F8EEED	#FEFEFE
615	#FBFBFD	#FFFFFF
616	#F1EFF8	#FEFEFE
617	#DCD7EC	#FEFEFE
618	#DDD8ED	#FEFEFE
619	#E8E5F3	#FEFEFE
620	#E5E1F1	#FEFEFE
621	#D2CCE7	#FBFBFB
622	#FBFAFD	#FFFFFF
623	#E9CECA	#FEFEFE
624	#FBFBFD	#FFFFFF
625	#EDD7D4	#FEFEFE
626	#E4E0F0	#FEFEFE
627	#F1DFDD	#FEFEFE
628	#EEECF6	#FEFEFE
629	#E5E2F1	#FEFEFE
630	#F5F4FA	#FFFFFF
631	#ECE9F5	#FEFEFE
632	#FBFAFD	#FFFFFF
633	#EEECF6	#FEFEFE
634	#F2E1DE	#FEFEFE
635	#F0EEF7	#FEFEFE
636	#FDFAFA	#FFFFFF
637	#E8CECA	#FEFEFE
638	#F8EEED	#FFFFFF
639	#F6EAE8	#FEFEFE
640	#F7EDEB	#FEFEFE
641	#F9F8FC	#FFFFFF
642	#EFECF6	#FEFEFE
643	#ECD5D2	#FEFEFE
644	#E2C1BC	#FDFDFD
645	#CF9D97	#FCFCFC
646	#ECD5D2	#FEFEFE
647	#FEFCFC	#FFFFFF
648	#FBF6F5	#FFFFFF
649	#CDC7E4	#FCFCFC
650	#E6C9C5	#FDFDFD
651	#D9AFAA	#FDFDFD
652	#DCD7EC	#FEFEFE
653	#F1DFDD	#FEFEFE
654	#F5F4FA	#FFFFFF
655	#DBB3AE	#FCFCFC
656	#FBF6F5	#FFFFFF
658	#FEFCFC	#FFFFFF
659	#C2867F	#FAFAFA
660	#E6C8C4	#FDFDFD
661	#F9F1F0	#FFFFFF
662	#FCF7F7	#FFFFFF
663	#F1F0F8	#FEFEFE
664	#FBFAFD	#FFFFFF
665	#EFDCD9	#FEFEFE
666	#E4E1F1	#FEFEFE
667	#E1DCEF	#FDFDFD
668	#FDFAFA	#FFFFFF
669	#FFFFFF	#FFFFFF
670	#F6EAE8	#FEFEFE
671	#EEECF6	#FFFFFF
672	#E1DDEF	#FDFDFD
673	#E9CECB	#FEFEFE
674	#F2F0F8	#FFFFFF
675	#FCFCFE	#FFFFFF
676	#C9918B	#FBFBFB
677	#FFFFFF	#FFFFFF
678	#EFEDF6	#FEFEFE
679	#F7EDEC	#FEFEFE
680	#F5F4FA	#FFFFFF
681	#F4E5E4	#FEFEFE
682	#FAF4F3	#FFFFFF
683	#ECD4D1	#FDFDFD
684	#E6C8C4	#FDFDFD
685	#F6F5FA	#FFFFFF
686	#FCFCFE	#FFFFFF
687	#F3F1F8	#FFFFFF
688	#FFFFFF	#FFFFFF
689	#FAF9FC	#FFFFFF
690	#FEFCFC	#FFFFFF
691	#EDEAF5	#FEFEFE
692	#F6EAE9	#FEFEFE
693	#FDFBFA	#FFFFFF
694	#F7F6FB	#FFFFFF
695	#C9928C	#FBFBFB
696	#F2E2E0	#FEFEFE
697	#FBF6F6	#FFFFFF
698	#F8EEED	#FFFFFF
699	#CC9791	#FCFCFC
700	#E6C9C5	#FDFDFD
701	#EFEDF7	#FFFFFF
703	#E2DEEF	#FDFDFD
704	#E2DEEF	#FDFDFD
705	#D0CAE6	#FCFCFC
706	#F0EEF7	#FEFEFE
707	#FDFBFB	#FFFFFF
708	#C2BBDE	#FBFBFB
709	#D9D4EA	#FDFDFD
710	#DFDAED	#FEFEFE
711	#F9F1F0	#FFFFFF
712	#EFEDF6	#FEFEFE
713	#FBF6F6	#FFFFFF
714	#FEFEFE	#FFFFFF
715	#E5E1F1	#FEFEFE
716	#FDFCFE	#FFFFFF
718	#FBFAFD	#FFFFFF
719	#DED9ED	#FDFDFD
720	#FEFCFC	#FFFFFF
721	#FDFAF9	#FFFFFF
722	#ECD5D2	#FEFEFE
723	#EAE7F4	#FEFEFE
724	#F1E0DE	#FEFEFE
725	#F6F5FA	#FFFFFF
726	#F5F4FA	#FFFFFF
727	#CEC8E5	#FCFCFC
728	#E6E2F1	#FEFEFE
729	#E1BEB9	#FEFEFE
730	#E8E4F2	#FEFEFE
731	#D9B0AA	#FDFDFD
732	#E3C3BF	#FDFDFD
733	#F4E6E4	#FEFEFE
734	#F6E9E8	#FEFEFE
735	#DED9ED	#FDFDFD
736	#E5E1F1	#FEFEFE
737	#FBFAFD	#FFFFFF
738	#F3F1F8	#FEFEFE
739	#F4E6E4	#FEFEFE
740	#EFDCD9	#FEFEFE
741	#FBF6F5	#FFFFFF
742	#F6F5FA	#FFFFFF
743	#CAC3E2	#FCFCFC
744	#E5E2F1	#FEFEFE
745	#EED9D6	#FEFEFE
746	#D4CFE8	#FEFEFE
747	#E2C1BC	#FDFDFD
748	#FBF6F5	#FFFFFF
749	#EDD7D4	#FEFEFE
750	#FAFAFD	#FFFFFF
751	#DCD7EC	#FEFEFE
752	#F1E0DD	#FEFEFE
753	#DED9ED	#FDFDFD
754	#F6F4FA	#FFFFFF
755	#F6EAE8	#FEFEFE
756	#C5BEE0	#FBFBFB
757	#F9F8FC	#FFFFFF
759	#EAE7F4	#FEFEFE
760	#F6F5FA	#FFFFFF
761	#E8E4F2	#FEFEFE
762	#FFFFFF	#FFFFFF
763	#FEFDFD	#FFFFFF
764	#DFDBEE	#FDFDFD
765	#F6F4FA	#FFFFFF
766	#FFFFFF	#FFFFFF
767	#E1BEB9	#FDFDFD
768	#F9F1F0	#FFFFFF
769	#FDFBFB	#FFFFFF
770	#F2F1F8	#FEFEFE
771	#FDFDFE	#FFFFFF
772	#EDD7D4	#FEFEFE
773	#DEBAB5	#FCFCFC
774	#EDEBF5	#FEFEFE
775	#F9F9FC	#FFFFFF
776	#F8EEED	#FFFFFF
777	#FBFBFD	#FFFFFF
778	#F2F0F8	#FFFFFF
779	#EEECF6	#FEFEFE
780	#F1EFF8	#FFFFFF
781	#FAF9FC	#FFFFFF
782	#DCD7EC	#FEFEFE
783	#F9F8FC	#FFFFFF
784	#E2C0BC	#FDFDFD
785	#F6F4FA	#FFFFFF
786	#BCB4DA	#FAFAFA
787	#F3E5E3	#FEFEFE
788	#FAF9FC	#FFFFFF
789	#FAFAFD	#FFFFFF
790	#F7EDEC	#FEFEFE
791	#E8CECA	#FEFEFE
792	#E4E1F1	#FEFEFE
793	#F1DFDC	#FEFEFE
794	#E5E1F1	#FEFEFE
795	#E1BEBA	#FEFEFE
796	#FBFAFD	#FFFFFF
797	#E1BEBA	#FEFEFE
798	#F7ECEB	#FFFFFF
799	#D4CEE7	#FDFDFD
800	#E6C8C4	#FDFDFD
801	#ECD5D2	#FEFEFE
802	#FAF9FC	#FFFFFF
804	#FFFFFF	#FFFFFF
805	#EFDBD8	#FEFEFE
806	#D8D3EA	#FCFCFC
807	#F2F0F8	#FEFEFE
808	#F4E7E5	#FEFEFE
809	#FBFAFD	#FFFFFF
810	#F2F0F8	#FFFFFF
811	#D4CEE8	#FDFDFD
812	#F9F1F0	#FFFFFF
813	#FBF5F5	#FFFFFF
814	#FAF5F4	#FFFFFF
815	#EEECF6	#FFFFFF
816	#F8F7FB	#FFFFFF
817	#DCD8EC	#FDFDFD
818	#F9F1F0	#FFFFFF
819	#DDD9ED	#FDFDFD
820	#DED9ED	#FDFDFD
821	#F7EEEC	#FFFFFF
822	#DDD8EC	#FDFDFD
823	#F2F0F8	#FFFFFF
824	#F6F5FA	#FFFFFF
825	#E4E0F0	#FEFEFE
826	#F3E5E3	#FEFEFE
827	#E1BEBA	#FEFEFE
828	#E1DDEF	#FDFDFD
829	#FDFCFE	#FFFFFF
830	#FAF9FC	#FFFFFF
831	#F7EDEB	#FFFFFF
832	#EEDAD7	#FEFEFE
833	#E7E3F2	#FEFEFE
834	#FEFDFD	#FFFFFF
835	#E3C3BF	#FDFDFD
836	#FAF4F3	#FFFFFF
837	#FCF9F8	#FFFFFF
838	#ECD4D1	#FDFDFD
839	#EBE8F4	#FEFEFE
840	#EED9D6	#FEFEFE
841	#FBF6F5	#FFFFFF
842	#D5CFE8	#FEFEFE
843	#E4E1F1	#FEFEFE
844	#F3F1F8	#FFFFFF
845	#FAF9FC	#FFFFFF
846	#FFFEFE	#FFFFFF
847	#FBF6F5	#FFFFFF
848	#F7EDEB	#FEFEFE
849	#F9F8FC	#FFFFFF
850	#FBF6F5	#FFFFFF
851	#D4CEE8	#FDFDFD
852	#E9E6F3	#FEFEFE
853	#ECD4D1	#FEFEFE
854	#F7EDEC	#FEFEFE
855	#F7ECEB	#FFFFFF
856	#EEECF6	#FEFEFE
857	#F6F4FA	#FFFFFF
858	#F0DCDA	#FEFEFE
860	#F1DFDC	#FEFEFE
861	#FBF7F6	#FFFFFF
862	#E6E2F1	#FEFEFE
863	#EDEAF5	#FEFEFE
864	#F4E6E4	#FEFEFE
865	#F6F5FA	#FFFFFF
866	#FCF9F8	#FFFFFF
867	#FCFBFD	#FFFFFF
868	#E5E2F1	#FEFEFE
869	#E8E5F3	#FEFEFE
870	#ECEAF5	#FEFEFE
871	#F2F0F8	#FEFEFE
872	#EFEDF6	#FEFEFE
873	#F2F0F8	#FEFEFE
874	#F1E0DD	#FEFEFE
876	#E3DFF0	#FEFEFE
877	#D1CBE6	#FCFCFC
878	#C7C0E1	#FCFCFC
879	#E6E3F2	#FDFDFD
880	#F6F4FA	#FFFFFF
881	#F4E7E5	#FEFEFE
882	#D9AFAA	#FDFDFD
883	#E8E5F3	#FEFEFE
884	#F9F1F0	#FFFFFF
885	#F4E5E3	#FEFEFE
886	#ECD6D3	#FEFEFE
887	#F3E5E3	#FEFEFE
888	#DFBBB7	#FCFCFC
889	#E5E2F1	#FEFEFE
890	#FAFAFC	#FFFFFF
891	#F6F5FA	#FFFFFF
892	#FBF6F5	#FFFFFF
893	#C4BDDF	#FCFCFC
894	#FAF9FC	#FFFFFF
895	#E6C8C5	#FDFDFD
896	#CF9C96	#FCFCFC
897	#FFFEFE	#FFFFFF
898	#D4CEE8	#FDFDFD
899	#F9F1F0	#FFFFFF
900	#ECD6D3	#FEFEFE
901	#F8EFED	#FFFFFF
902	#F4E7E5	#FEFEFE
903	#FBF6F6	#FFFFFF
905	#E6E3F2	#FEFEFE
906	#F2E2E0	#FEFEFE
907	#FBFBFD	#FFFFFF
908	#F1E0DE	#FEFEFE
909	#EFECF6	#FEFEFE
910	#FEFDFD	#FFFFFF
911	#DDD8ED	#FEFEFE
912	#BBB3DA	#FAFAFA
913	#E4E1F1	#FEFEFE
914	#CDC7E4	#FDFDFD
915	#F6F4FA	#FFFFFF
916	#FBFBFD	#FFFFFF
917	#F4E5E3	#FEFEFE
918	#EED8D6	#FEFEFE
919	#F5F4FA	#FFFFFF
920	#FAF9FC	#FFFFFF
921	#E9CECA	#FEFEFE
922	#DEDAED	#FDFDFD
923	#E4E1F1	#FEFEFE
924	#FEFCFC	#FFFFFF
925	#F4E5E3	#FEFEFE
926	#F9F1F0	#FFFFFF
927	#F6F5FA	#FFFFFF
928	#C4BDDF	#FCFCFC
929	#FDFDFE	#FFFFFF
930	#F3E5E3	#FEFEFE
931	#EDEAF5	#FEFEFE
932	#F9F1F0	#FFFFFF
933	#EFDCD9	#FEFEFE
934	#D7D2E9	#FDFDFD
935	#F0DCDA	#FEFEFE
936	#F2F0F8	#FFFFFF
937	#E4C4C0	#FDFDFD
938	#CBC5E3	#FDFDFD
939	#FBF6F5	#FFFFFF
940	#E6E3F2	#FEFEFE
941	#EDEBF5	#FEFEFE
942	#E5E1F1	#FEFEFE
943	#D9B0AA	#FDFDFD
944	#F8EEED	#FFFFFF
945	#E4E0F0	#FEFEFE
946	#D4A59F	#FCFCFC
948	#DBD7EC	#FEFEFE
949	#EEECF6	#FFFFFF
950	#E6E2F1	#FEFEFE
951	#D3CDE7	#FDFDFD
952	#F7EDEC	#FFFFFF
953	#E9CECA	#FEFEFE
954	#EBD4D0	#FEFEFE
955	#F4E5E3	#FEFEFE
956	#D7D1E9	#FDFDFD
957	#FBF6F6	#FFFFFF
958	#F9F0EF	#FFFFFF
959	#D4CFE8	#FCFCFC
961	#D9B0AB	#FDFDFD
962	#E8E5F3	#FEFEFE
963	#F7F6FB	#FFFFFF
964	#F9F8FC	#FFFFFF
965	#EEECF6	#FEFEFE
966	#F6F4FA	#FFFFFF
967	#F3E5E3	#FEFEFE
968	#F8EEED	#FFFFFF
969	#FDFBFB	#FFFFFF
970	#F2F0F8	#FEFEFE
971	#DDD9ED	#FDFDFD
972	#D0CAE6	#FBFBFB
973	#E6E2F1	#FEFEFE
974	#FCFCFE	#FFFFFF
975	#D8D3EA	#FDFDFD
976	#AEA5D3	#FCFCFC
977	#F8EEED	#FFFFFF
978	#FFFEFE	#FFFFFF
979	#F3E4E2	#FEFEFE
980	#EBD2CF	#FDFDFD
981	#FFFEFE	#FFFFFF
982	#AEA5D3	#FCFCFC
983	#F6F5FA	#FFFFFF
984	#ECD4D1	#FDFDFD
985	#E4C4C0	#FDFDFD
986	#FEFEFD	#FFFFFF
987	#FBF6F5	#FFFFFF
988	#DDD8EC	#FEFEFE
989	#F6EAE8	#FEFEFE
990	#F4E5E3	#FEFEFE
991	#FBFAFD	#FFFFFF
992	#F1E0DE	#FEFEFE
993	#F7EDEC	#FEFEFE
994	#DEDAED	#FEFEFE
995	#FBF6F5	#FFFFFF
996	#FBF6F6	#FFFFFF
997	#F1E0DE	#FEFEFE
998	#FEFDFD	#FFFFFF
999	#F1DFDD	#FEFEFE
1000	#E4E1F1	#FEFEFE
1001	#FBFAFD	#FFFFFF
1002	#F8EEED	#FFFFFF
1003	#D5CFE8	#FEFEFE
1004	#EFDCD9	#FEFEFE
1006	#CDC7E4	#FDFDFD
1007	#F1E0DE	#FEFEFE
1008	#F6F5FA	#FFFFFF
1009	#F7EDEC	#FEFEFE
1010	#FBFBFD	#FFFFFF
1011	#F0DDDA	#FEFEFE
1012	#F4E5E3	#FEFEFE
1013	#D8D3EA	#FDFDFD
1014	#D4CEE7	#FDFDFD
1015	#EDEAF5	#FEFEFE
1016	#FAFAFC	#FFFFFF
1017	#F9F8FC	#FFFFFF
1018	#ECD5D1	#FEFEFE
1019	#F2E1DF	#FEFEFE
1020	#E1DDEF	#FDFDFD
1021	#CCC5E3	#FBFBFB
1022	#CDC7E4	#FCFCFC
1023	#D8D3EA	#FDFDFD
1024	#E8E5F3	#FEFEFE
1025	#D8D2EA	#FDFDFD
1026	#DED9ED	#FDFDFD
1027	#FBFBFD	#FFFFFF
1028	#E5E1F1	#FEFEFE
1029	#EFDCD9	#FEFEFE
1030	#FBF7F6	#FFFFFF
1031	#FEFDFD	#FFFFFF
1032	#F9F8FC	#FFFFFF
1033	#ECE9F5	#FEFEFE
1034	#EAE7F4	#FEFEFE
1035	#E5E2F1	#FEFEFE
1036	#F6F4FA	#FFFFFF
1037	#F4E6E4	#FEFEFE
1038	#F6F5FA	#FFFFFF
1039	#F8EEED	#FEFEFE
1040	#D2CDE7	#FCFCFC
1041	#EAE7F4	#FEFEFE
1042	#F2F0F8	#FFFFFF
1043	#FAF9FC	#FFFFFF
1044	#F1E0DE	#FEFEFE
1045	#E2C1BC	#FDFDFD
1046	#F3E4E3	#FEFEFE
1047	#CCC5E3	#FDFDFD
1048	#E9E5F3	#FEFEFE
1049	#FAF9FC	#FFFFFF
1050	#EED9D6	#FEFEFE
1051	#E9E5F3	#FEFEFE
1052	#F1DFDC	#FEFEFE
1053	#E9CECB	#FEFEFE
1054	#FFFEFE	#FFFFFF
1055	#DCD8EC	#FEFEFE
1056	#C2BADE	#FBFBFB
1057	#E6C9C5	#FDFDFD
1058	#C2BADE	#FBFBFB
1059	#F6F5FA	#FFFFFF
1060	#FBF6F5	#FFFFFF
1062	#E8E4F2	#FEFEFE
1063	#FBFBFD	#FFFFFF
1064	#D5CFE8	#FDFDFD
1065	#D4CFE8	#FEFEFE
1066	#FFFEFE	#FFFFFF
1067	#FEFCFC	#FFFFFF
1068	#F8EEED	#FFFFFF
1069	#F6F5FA	#FFFFFF
1070	#FBF6F5	#FFFFFF
1071	#FAF9FC	#FFFFFF
1072	#FCFCFE	#FFFFFF
1073	#FAF2F2	#FFFFFF
1074	#E8CDCA	#FEFEFE
1075	#EFECF6	#FFFFFF
1076	#EEECF6	#FEFEFE
1077	#ECD5D2	#FEFEFE
1078	#EFECF6	#FEFEFE
1079	#C4BDDF	#FCFCFC
1080	#F5F3FA	#FFFFFF
1081	#F9F9FC	#FFFFFF
1082	#EED8D5	#FEFEFE
1083	#FFFFFF	#FFFFFF
1084	#FBFAFD	#FFFFFF
1085	#D4CEE8	#FEFEFE
1086	#BF817A	#FAFAFA
1087	#F7EEEC	#FFFFFF
1088	#F4E5E3	#FEFEFE
1089	#DDD8EC	#FEFEFE
1090	#FEFCFC	#FFFFFF
1091	#F9F1F0	#FFFFFF
1092	#F1E0DE	#FEFEFE
1093	#FEFDFD	#FFFFFF
1094	#EEECF6	#FFFFFF
1095	#FAF4F3	#FFFFFF
1096	#BDB5DB	#FCFCFC
1097	#CF9D97	#FCFCFC
1098	#F4E5E4	#FEFEFE
1099	#FFFEFE	#FFFFFF
1101	#FDFBFA	#FFFFFF
1102	#E1BEBA	#FEFEFE
1103	#CB9790	#FCFCFC
1104	#E1BEBA	#FEFEFE
1105	#F7F6FB	#FFFFFF
1107	#A79DCF	#FBFBFB
1108	#F2E1DE	#FEFEFE
1109	#F9F8FC	#FFFFFF
1110	#D9D4EA	#FCFCFC
1111	#F9F1F0	#FFFFFF
1112	#FBF6F5	#FFFFFF
1113	#DFBBB7	#FCFCFC
1114	#EAE7F4	#FEFEFE
1115	#E8CDCA	#FEFEFE
1116	#F8F7FB	#FFFFFF
1117	#F7ECEB	#FFFFFF
1118	#ECD5D2	#FEFEFE
1119	#F7ECEB	#FFFFFF
1120	#F6F5FA	#FFFFFF
1121	#EAE7F4	#FEFEFE
1122	#EAE7F4	#FEFEFE
1123	#EDD7D4	#FEFEFE
1124	#EFEDF6	#FEFEFE
1125	#E4E1F1	#FEFEFE
1126	#E6C9C5	#FDFDFD
1127	#EED9D7	#FEFEFE
1128	#EDEAF5	#FEFEFE
1129	#F4E5E3	#FEFEFE
1130	#FEFDFD	#FFFFFF
1131	#F4E5E3	#FEFEFE
1132	#E8E5F3	#FEFEFE
1133	#F6F5FA	#FFFFFF
1134	#E0BDB9	#FDFDFD
1135	#F1E0DE	#FEFEFE
1136	#F0EDF7	#FFFFFF
1137	#EFDCD9	#FEFEFE
1138	#FBFBFD	#FFFFFF
1139	#FCF8F7	#FFFFFF
1140	#F6F5FA	#FFFFFF
1141	#C68D87	#FBFBFB
1142	#E8CDCA	#FEFEFE
1143	#F3E5E3	#FEFEFE
1144	#EFEDF6	#FEFEFE
1145	#FEFDFD	#FFFFFF
1146	#FEFDFD	#FFFFFF
1147	#ECD5D2	#FEFEFE
1148	#FCFBFD	#FFFFFF
1149	#F1DFDD	#FEFEFE
1150	#F7ECEB	#FFFFFF
1151	#D09E98	#FCFCFC
1152	#D4A5A0	#FCFCFC
1153	#CCC5E3	#FDFDFD
1154	#F3F1F8	#FFFFFF
1155	#E9CECA	#FEFEFE
1156	#FEFDFD	#FFFFFF
1157	#F2F0F8	#FEFEFE
1158	#E6E3F2	#FEFEFE
1159	#E9E5F3	#FEFEFE
1160	#FCF7F7	#FFFFFF
1161	#CBC5E3	#FDFDFD
1163	#EDD6D3	#FEFEFE
1164	#FDFBFB	#FFFFFF
1165	#F6EBE9	#FEFEFE
1166	#E8E5F3	#FEFEFE
1167	#EBE8F4	#FEFEFE
1168	#F2F0F8	#FEFEFE
1169	#DCD7EC	#FEFEFE
1170	#EAD1CE	#FDFDFD
1171	#FEFDFC	#FFFFFF
1172	#F2F0F8	#FFFFFF
1173	#F7F5FA	#FFFFFF
1174	#EFECF6	#FFFFFF
1175	#EBE8F4	#FEFEFE
1176	#E4E1F0	#FEFEFE
1177	#FBFAFD	#FFFFFF
1178	#EEDAD7	#FEFEFE
1179	#ECD5D2	#FEFEFE
1180	#FAFAFC	#FFFFFF
1181	#ECD5D2	#FEFEFE
1182	#FEFEFE	#FFFFFF
1183	#FBF6F5	#FFFFFF
1184	#FBF6F5	#FFFFFF
1185	#F6F4FA	#FFFFFF
1186	#EDEBF5	#FEFEFE
1187	#F6F5FA	#FFFFFF
1188	#FBFAFD	#FFFFFF
1189	#FEFDFC	#FFFFFF
1190	#F0DEDC	#FEFEFE
1191	#FAF4F3	#FFFFFF
1192	#FAF9FC	#FFFFFF
1193	#A096CB	#FBFBFB
1194	#F6EBEA	#FEFEFE
1195	#F6F5FA	#FFFFFF
1196	#F4E7E5	#FEFEFE
1197	#E2C0BC	#FDFDFD
1198	#C28780	#FAFAFA
1199	#CF9D97	#FCFCFC
1200	#F9F1F0	#FFFFFF
1201	#FDFAFA	#FFFFFF
1202	#FEFCFC	#FFFFFF
1203	#F9F1F0	#FFFFFF
1204	#F1DFDC	#FEFEFE
1205	#F6F5FA	#FFFFFF
1206	#FFFEFE	#FFFFFF
1208	#E8CDC9	#FEFEFE
1209	#E5E1F1	#FEFEFE
1210	#EEECF6	#FFFFFF
1211	#F6EAE8	#FEFEFE
1212	#DEDAED	#FEFEFE
1213	#FAF9FC	#FFFFFF
1214	#F1E0DE	#FEFEFE
1215	#DCD8EC	#FEFEFE
1216	#DCD8EC	#FDFDFD
1217	#EDEAF5	#FEFEFE
1218	#F6F5FA	#FFFFFF
1219	#F2E2E0	#FEFEFE
1220	#FDFBFB	#FFFFFF
1221	#F6F5FA	#FFFFFF
1222	#F1E0DD	#FEFEFE
1223	#C9928B	#FBFBFB
1224	#EED9D6	#FEFEFE
1225	#FAF4F4	#FFFFFF
1226	#F6EAE9	#FEFEFE
1227	#DDD9ED	#FDFDFD
1228	#F1E0DD	#FEFEFE
1229	#F9F9FC	#FFFFFF
1230	#F6F4FA	#FFFFFF
1231	#FBFAFD	#FFFFFF
1232	#F2F0F8	#FEFEFE
1233	#ECD5D2	#FEFEFE
1234	#FEFDFD	#FFFFFF
1235	#EFDCD9	#FEFEFE
1236	#EBE8F4	#FEFEFE
1237	#E6E3F1	#FEFEFE
1238	#FAFAFC	#FFFFFF
1239	#F9F2F1	#FFFFFF
1240	#F6F5FA	#FFFFFF
1241	#F8EEED	#FFFFFF
1242	#F9F8FC	#FFFFFF
1243	#EFECF6	#FEFEFE
1244	#EEECF6	#FEFEFE
1245	#DCB5B0	#FCFCFC
1246	#E5E2F1	#FEFEFE
1247	#F7EDEC	#FEFEFE
1248	#EFEDF6	#FEFEFE
1249	#EDD7D4	#FEFEFE
1250	#FEFDFD	#FFFFFF
1251	#F5E9E7	#FEFEFE
1252	#BDB5DB	#FCFCFC
1253	#EFDCD9	#FEFEFE
1254	#D1CBE6	#FCFCFC
1255	#F6EAE8	#FEFEFE
1256	#E3C3BF	#FDFDFD
1257	#FBFAFD	#FFFFFF
1258	#FAF9FC	#FFFFFF
1259	#FFFFFF	#FFFFFF
1260	#A79ECF	#FBFBFB
1261	#F6F5FA	#FFFFFF
1262	#F7ECEB	#FFFFFF
1264	#FBF6F5	#FFFFFF
1265	#D2CCE6	#FCFCFC
1266	#EFEDF6	#FFFFFF
1267	#F5F4FA	#FFFFFF
1268	#FDFAFA	#FFFFFF
1269	#F6F5FA	#FFFFFF
1270	#FBF6F6	#FFFFFF
1271	#BCB4DB	#FAFAFA
1272	#F7ECEA	#FFFFFF
1273	#E3DFF0	#FEFEFE
1274	#E9CECA	#FDFDFD
1275	#E1DDEF	#FDFDFD
1276	#F7ECEB	#FFFFFF
1277	#CF9C96	#FCFCFC
1278	#EDEAF5	#FEFEFE
1279	#D0CAE5	#FCFCFC
1280	#FCFCFE	#FFFFFF
1281	#F9F8FC	#FFFFFF
1282	#F4E5E3	#FEFEFE
1283	#FDFCFE	#FFFFFF
1284	#F7F5FA	#FFFFFF
1285	#FFFEFE	#FFFFFF
1286	#F6F5FA	#FFFFFF
1287	#E5E1F1	#FEFEFE
1288	#F4E5E3	#FEFEFE
1289	#EFEDF6	#FEFEFE
1290	#E6C8C4	#FDFDFD
1291	#F9F2F1	#FFFFFF
1292	#F7F6FB	#FFFFFF
1293	#E4C4C0	#FDFDFD
1294	#C28780	#FAFAFA
1295	#EFDCD9	#FEFEFE
1296	#CF9D97	#FCFCFC
1297	#F9F2F1	#FFFFFF
1298	#F2F0F8	#FEFEFE
1299	#CCC5E3	#FDFDFD
1300	#EBD4D0	#FEFEFE
1301	#F8EEED	#FFFFFF
1302	#F9F8FC	#FFFFFF
1303	#F7ECEA	#FFFFFF
1304	#F8EEED	#FFFFFF
1305	#B7AED8	#FDFDFD
1306	#F1DFDD	#FEFEFE
1307	#FEFDFD	#FFFFFF
1309	#F9F1F0	#FFFFFF
1310	#C9928B	#FBFBFB
1311	#E4E0F0	#FEFEFE
1313	#F6F4FA	#FFFFFF
1314	#F9F9FC	#FFFFFF
1315	#FBF6F6	#FFFFFF
1316	#D4CEE8	#FDFDFD
1317	#E4E1F1	#FEFEFE
1318	#F9F1F0	#FFFFFF
1319	#DDD9ED	#FDFDFD
1320	#FCFBFD	#FFFFFF
1321	#EFDCDA	#FEFEFE
1322	#F0DCDA	#FEFEFE
1323	#FEFDFD	#FFFFFF
1324	#EED9D6	#FEFEFE
1325	#EAE7F4	#FEFEFE
1326	#E3DFF0	#FEFEFE
1327	#DDD8EC	#FEFEFE
1328	#FAF9FC	#FFFFFF
1329	#FAF4F3	#FFFFFF
1330	#F9F1F0	#FFFFFF
1331	#FCFBFD	#FFFFFF
1332	#FAFAFD	#FFFFFF
1333	#FAF9FC	#FFFFFF
1334	#F1E0DE	#FEFEFE
1335	#C6BFE0	#FCFCFC
1336	#FBFBFD	#FFFFFF
1337	#E3DFF0	#FEFEFE
1338	#E7E3F2	#FEFEFE
1339	#F9F9FC	#FFFFFF
1340	#F6EAE9	#FEFEFE
1341	#FBFBFD	#FFFFFF
1342	#E5C8C4	#FDFDFD
1343	#E2C1BD	#FDFDFD
1344	#F6EAE8	#FEFEFE
1345	#ECD5D2	#FEFEFE
1346	#EFECF6	#FFFFFF
1347	#EDEBF5	#FEFEFE
1348	#EFECF6	#FEFEFE
1349	#FFFFFF	#FFFFFF
1350	#FBFAFD	#FFFFFF
1351	#EEECF6	#FEFEFE
1352	#E2C1BD	#FDFDFD
1353	#F7EEEC	#FFFFFF
1354	#D9B0AA	#FDFDFD
1355	#E5E1F1	#FEFEFE
1356	#E8E5F3	#FEFEFE
1357	#FBF6F5	#FFFFFF
1358	#EEECF6	#FEFEFE
1359	#FAFAFC	#FFFFFF
1360	#E7CBC8	#FDFDFD
1361	#F7ECEA	#FFFFFF
1362	#E9E6F3	#FEFEFE
1363	#E6E2F1	#FEFEFE
1365	#FBF6F5	#FFFFFF
1366	#ECEAF5	#FEFEFE
1367	#F4E6E4	#FEFEFE
1368	#FBFAFD	#FFFFFF
1369	#F1DFDD	#FEFEFE
1370	#FCF9F8	#FFFFFF
1371	#FDFBFB	#FFFFFF
1372	#FEFDFC	#FFFFFF
1373	#F9F1F0	#FFFFFF
1374	#D8ADA8	#FBFBFB
1375	#E8E5F3	#FEFEFE
1376	#FBF7F6	#FFFFFF
1377	#D1CBE6	#FCFCFC
1378	#FEFDFD	#FFFFFF
1379	#EED9D7	#FEFEFE
1380	#D9D4EA	#FCFCFC
1381	#E7E3F2	#FEFEFE
1382	#D0CAE5	#FCFCFC
1383	#C6BEE0	#FBFBFB
1384	#FBFAFD	#FFFFFF
1385	#F9F2F1	#FFFFFF
1386	#F6F4FA	#FFFFFF
1387	#F6EAE8	#FEFEFE
1388	#F9F8FC	#FFFFFF
1389	#D3CEE7	#FCFCFC
1390	#F8EEED	#FFFFFF
1391	#FFFFFF	#FFFFFF
1392	#E1BEB9	#FEFEFE
1393	#F1E0DE	#FEFEFE
1394	#EFECF6	#FEFEFE
1395	#ECD5D2	#FEFEFE
1396	#FAF9FC	#FFFFFF
1397	#F7ECEB	#FFFFFF
1398	#FBFBFD	#FFFFFF
1399	#E4E1F1	#FEFEFE
1400	#D4A6A0	#FCFCFC
1401	#F2F1F8	#FFFFFF
1402	#F4E6E4	#FEFEFE
1403	#B7AFD8	#FDFDFD
1404	#FEFDFD	#FFFFFF
1405	#E1BEBA	#FEFEFE
1406	#E8E5F3	#FEFEFE
1407	#F8EEED	#FFFFFF
1408	#F8EEED	#FFFFFF
1410	#E9CECA	#FEFEFE
1411	#D9B0AB	#FDFDFD
1412	#F9F1F0	#FFFFFF
1413	#F9F1F0	#FFFFFF
1414	#FBF6F5	#FFFFFF
1415	#EBD4D0	#FEFEFE
1416	#F6F5FA	#FFFFFF
1417	#EED9D7	#FEFEFE
1418	#E6E2F1	#FEFEFE
1419	#E8CDCA	#FEFEFE
1420	#ECD5D2	#FEFEFE
1421	#EED9D6	#FDFDFD
1422	#E6C8C4	#FDFDFD
1423	#FEFDFD	#FFFFFF
1424	#EFDCDA	#FEFEFE
1425	#DFDAED	#FEFEFE
1426	#F7ECEB	#FFFFFF
1427	#D4A59F	#FCFCFC
1428	#B8AFD8	#F8F8F8
1429	#F8EEED	#FEFEFE
1430	#F5F4FA	#FFFFFF
1431	#F9F1F0	#FFFFFF
1432	#FAF9FC	#FFFFFF
1433	#D1CAE6	#FCFCFC
1434	#C3BBDE	#FDFDFD
1435	#EDEAF5	#FEFEFE
1436	#D8D2EA	#FDFDFD
1437	#E8CDCA	#FEFEFE
1438	#FBFAFD	#FFFFFF
1439	#ECEAF5	#FEFEFE
1440	#F8F7FB	#FFFFFF
1441	#E8CDCA	#FEFEFE
1442	#E6C8C4	#FDFDFD
1443	#E8CDCA	#FEFEFE
1444	#FAF9FC	#FFFFFF
1445	#F1DFDD	#FEFEFE
1446	#DEB9B5	#FCFCFC
1447	#EFECF6	#FFFFFF
1448	#F3E5E3	#FEFEFE
1449	#F2F0F8	#FFFFFF
1450	#F7EDEC	#FFFFFF
1451	#EBD4D0	#FEFEFE
1452	#FBF6F5	#FFFFFF
1453	#FAFAFC	#FFFFFF
1454	#D9B0AA	#FDFDFD
1455	#E8CDC9	#FEFEFE
1456	#B7AFD8	#FDFDFD
1457	#ECD5D1	#FEFEFE
1458	#E5E2F1	#FEFEFE
1459	#FBFAFD	#FFFFFF
1460	#EEECF6	#FFFFFF
1461	#E4E0F0	#FEFEFE
1462	#F4E6E4	#FEFEFE
1463	#FBF6F5	#FFFFFF
1464	#EEECF6	#FFFFFF
1466	#F9F9FC	#FFFFFF
1467	#FBF6F6	#FFFFFF
1468	#F1DFDD	#FEFEFE
1469	#FBFBFD	#FFFFFF
1470	#CBC4E3	#FDFDFD
1471	#F9F1F0	#FFFFFF
1472	#E3C3BF	#FDFDFD
1473	#DDD9ED	#FDFDFD
1474	#FBFAFD	#FFFFFF
1475	#FDFAFA	#FFFFFF
1476	#EDD6D4	#FEFEFE
1477	#F9F1F0	#FFFFFF
1478	#EAE7F4	#FEFEFE
1479	#E2DEEF	#FDFDFD
1480	#ECE9F5	#FEFEFE
1481	#DDD8EC	#FEFEFE
1482	#D4CEE8	#FDFDFD
1483	#E8E5F3	#FEFEFE
1484	#DED9ED	#FEFEFE
1485	#E2DDEF	#FDFDFD
1486	#F4E5E4	#FEFEFE
1487	#CC9791	#FCFCFC
1488	#FBF6F5	#FFFFFF
1489	#F2F0F8	#FEFEFE
1490	#F9F1F0	#FFFFFF
1491	#EEECF6	#FEFEFE
1492	#D3CDE7	#FCFCFC
1493	#FDFAFA	#FFFFFF
1494	#EEECF6	#FFFFFF
1495	#F9F8FC	#FFFFFF
1496	#FBF6F5	#FFFFFF
1497	#F8F7FB	#FFFFFF
1498	#F2F0F8	#FFFFFF
1499	#F7ECEB	#FFFFFF
1500	#F7EDEC	#FFFFFF
1501	#EFEDF6	#FEFEFE
1502	#E6C8C4	#FDFDFD
1503	#EEEBF6	#FFFFFF
1504	#E9E5F3	#FEFEFE
1505	#F8EEED	#FFFFFF
1506	#FBFAFD	#FFFFFF
1507	#E1BEB9	#FEFEFE
1508	#DEDAED	#FDFDFD
1509	#B7AFD8	#FDFDFD
1511	#B7AED8	#FDFDFD
1512	#FFFEFE	#FFFFFF
1513	#EFEDF6	#FFFFFF
1514	#E5C7C3	#FDFDFD
1515	#ECD4D1	#FEFEFE
1516	#EFEDF6	#FEFEFE
1517	#E6E2F1	#FEFEFE
1518	#EFEDF6	#FEFEFE
1519	#C3BBDE	#FDFDFD
1520	#F3F1F9	#FFFFFF
1521	#F6EBEA	#FEFEFE
1522	#FBF5F4	#FFFFFF
1523	#EED9D6	#FEFEFE
1524	#F2E2E0	#FEFEFE
1525	#F8EEED	#FFFFFF
1526	#E8CDCA	#FEFEFE
1527	#FBFAFD	#FFFFFF
1528	#EAE7F4	#FEFEFE
1529	#F3F1F8	#FEFEFE
1530	#F2F0F8	#FEFEFE
1531	#F8EEED	#FEFEFE
1532	#D8D3EA	#FDFDFD
1533	#F0DCDA	#FEFEFE
1534	#D7D2EA	#FDFDFD
1535	#FCF8F8	#FFFFFF
1536	#FAFAFD	#FFFFFF
1537	#D3CDE7	#FDFDFD
1538	#F7EDEB	#FEFEFE
1539	#F8EEED	#FFFFFF
1540	#FBFAFD	#FFFFFF
1541	#BDB5DB	#FCFCFC
1542	#F1E1DE	#FEFEFE
1543	#FCFBFD	#FFFFFF
1544	#FFFEFE	#FFFFFF
1545	#F4E6E4	#FEFEFE
1546	#F0EEF7	#FEFEFE
1547	#F6F4FA	#FFFFFF
1548	#F6F5FA	#FFFFFF
1549	#E4C4C0	#FDFDFD
1550	#FBF6F5	#FFFFFF
1551	#EDEAF5	#FEFEFE
1552	#EED9D7	#FEFEFE
1553	#FAFAFC	#FFFFFF
1554	#FBF6F5	#FFFFFF
1555	#ECD6D3	#FEFEFE
1556	#DDD8ED	#FEFEFE
1557	#EEEBF6	#FFFFFF
1558	#E9CECA	#FEFEFE
1559	#F2F0F8	#FEFEFE
1560	#F1E0DE	#FEFEFE
1561	#FAFAFC	#FFFFFF
1562	#E9E6F3	#FEFEFE
1563	#EFECF6	#FEFEFE
1564	#EAE7F3	#FEFEFE
1565	#F2F0F8	#FFFFFF
1567	#FBFBFD	#FFFFFF
1568	#FBF5F5	#FFFFFF
1569	#F0DDDA	#FEFEFE
1570	#DCD8EC	#FEFEFE
1571	#ECD4D1	#FEFEFE
1572	#FBFAFD	#FFFFFF
1573	#FDFDFE	#FFFFFF
1574	#EFEDF6	#FEFEFE
1575	#FBF7F6	#FFFFFF
1576	#F7EDEB	#FFFFFF
1577	#FEFDFD	#FFFFFF
1578	#DDD9ED	#FEFEFE
1579	#E4E0F0	#FEFEFE
1580	#F1E0DD	#FEFEFE
1581	#E8E5F3	#FEFEFE
1582	#FAF4F3	#FFFFFF
1583	#EEECF6	#FEFEFE
1584	#D5CFE8	#FEFEFE
1585	#EED9D6	#FEFEFE
1586	#D2CCE7	#FCFCFC
1587	#FBF7F6	#FFFFFF
1588	#F1E0DD	#FEFEFE
1589	#E5E1F1	#FEFEFE
1590	#F3F1F8	#FFFFFF
1591	#D8D3EA	#FDFDFD
1592	#D4CEE7	#FDFDFD
1593	#F4E6E4	#FEFEFE
1594	#F9F8FC	#FFFFFF
1595	#E8CDCA	#FEFEFE
1596	#CB9790	#FCFCFC
1597	#F8F8FB	#FFFFFF
1598	#D9AFAA	#FDFDFD
1599	#C78E87	#FBFBFB
1600	#FDFAFA	#FFFFFF
1601	#FFFFFF	#FFFFFF
1602	#F9F1F0	#FFFFFF
1603	#ECD5D2	#FEFEFE
1604	#EFECF6	#FFFFFF
1605	#F8EFED	#FFFFFF
1606	#ECD5D3	#FEFEFE
1607	#ECD6D3	#FEFEFE
1608	#E5E1F1	#FEFEFE
1609	#F7ECEB	#FFFFFF
1610	#C3BBDE	#FDFDFD
1612	#FBF6F5	#FFFFFF
1613	#F8EEED	#FFFFFF
1614	#DDD8EC	#FEFEFE
1615	#D4CEE8	#FDFDFD
1616	#CC9791	#FCFCFC
1617	#FDFBFA	#FFFFFF
1618	#CF9D97	#FCFCFC
1619	#D4CFE8	#FDFDFD
1620	#F7ECEB	#FFFFFF
1621	#E4E0F0	#FEFEFE
1622	#FAF4F3	#FFFFFF
1623	#E2C0BC	#FDFDFD
1624	#F7EDEC	#FEFEFE
1625	#D4CEE7	#FDFDFD
1626	#FDFCFE	#FFFFFF
1627	#F4E6E4	#FEFEFE
1628	#F6F4FA	#FFFFFF
1629	#C9918B	#FBFBFB
1630	#E5E1F1	#FEFEFE
1631	#DFBBB7	#FCFCFC
1632	#F6F5FA	#FFFFFF
1633	#FBFBFD	#FFFFFF
1634	#D7D1E9	#FDFDFD
1635	#FDFCFE	#FFFFFF
1636	#FDFCFE	#FFFFFF
1637	#F6F4FA	#FFFFFF
1638	#FBFAFD	#FFFFFF
1639	#EEECF6	#FFFFFF
1640	#F4E6E4	#FEFEFE
1641	#F4E6E4	#FEFEFE
1642	#F6F5FA	#FFFFFF
1643	#F1DFDD	#FEFEFE
1644	#FBF6F6	#FFFFFF
1645	#FDFBFA	#FFFFFF
1646	#EBE8F4	#FEFEFE
1647	#F7EDEC	#FEFEFE
1648	#F1E0DD	#FEFEFE
1649	#F4E6E4	#FEFEFE
1650	#CDC6E4	#FCFCFC
1651	#CF9D97	#FCFCFC
1652	#ECEAF5	#FEFEFE
1653	#F6F4FA	#FFFFFF
1654	#F7ECEB	#FFFFFF
1655	#E6C8C4	#FDFDFD
1656	#E9CECB	#FEFEFE
1657	#E1BEBA	#FEFEFE
1658	#E4C4C0	#FDFDFD
1659	#E9CECA	#FEFEFE
1660	#FBF6F5	#FFFFFF
1661	#EFECF6	#FFFFFF
1662	#F3E5E3	#FEFEFE
1663	#F9F1F0	#FFFFFF
1664	#FEFDFC	#FFFFFF
1665	#F6F5FA	#FFFFFF
1666	#ECD5D2	#FEFEFE
1668	#E8E4F2	#FEFEFE
1669	#F1E0DE	#FEFEFE
1670	#E6C8C5	#FDFDFD
1671	#F9F8FC	#FFFFFF
1672	#FBFAFD	#FFFFFF
1673	#E5E2F1	#FEFEFE
1674	#F7EDEC	#FEFEFE
1675	#DDD9ED	#FDFDFD
1676	#F3F1F8	#FFFFFF
1677	#F7EDEC	#FEFEFE
1678	#EEECF6	#FEFEFE
1679	#FEFCFB	#FFFFFF
1680	#D4A59F	#FCFCFC
1681	#ECE9F5	#FEFEFE
1682	#FFFEFE	#FFFFFF
1683	#F2F0F8	#FEFEFE
1684	#E6E3F2	#FEFEFE
1685	#F5E7E6	#FEFEFE
1686	#E7E4F2	#FEFEFE
1687	#FFFEFE	#FFFFFF
1688	#EDEBF5	#FEFEFE
1689	#ECD5D2	#FEFEFE
1690	#F8EEED	#FFFFFF
1691	#E8CDCA	#FEFEFE
1692	#FBFBFD	#FFFFFF
1693	#AFA5D3	#FCFCFC
1694	#F4E5E3	#FEFEFE
1695	#FEFDFD	#FFFFFF
1696	#EDD6D3	#FEFEFE
1697	#EEECF6	#FFFFFF
1698	#E8CDCA	#FEFEFE
1699	#E4C4C0	#FDFDFD
1700	#FDFBFB	#FFFFFF
1701	#F8EEED	#FFFFFF
1702	#FAFAFC	#FFFFFF
1703	#F8EEED	#FFFFFF
1704	#F7EDEB	#FFFFFF
1705	#EED9D6	#FEFEFE
1706	#F8EEED	#FFFFFF
1707	#ECEAF5	#FEFEFE
1708	#C9928B	#FBFBFB
1709	#E8CECA	#FEFEFE
1710	#E3C3BF	#FDFDFD
1711	#F8EEED	#FFFFFF
1713	#F7ECEB	#FFFFFF
1714	#FBFBFD	#FFFFFF
1715	#E5E1F1	#FEFEFE
1716	#E1BEB9	#FEFEFE
1717	#FBFAFD	#FFFFFF
1718	#EDEBF5	#FEFEFE
1719	#DCD8EC	#FEFEFE
1720	#A197CC	#FBFBFB
1721	#E4E0F0	#FEFEFE
1722	#E8E5F3	#FEFEFE
1723	#E9E5F3	#FEFEFE
1724	#F8F7FB	#FFFFFF
1725	#ECD4D1	#FEFEFE
1726	#E5E2F1	#FEFEFE
1727	#F0DDDA	#FEFEFE
1728	#FFFEFE	#FFFFFF
1729	#EEECF6	#FFFFFF
1730	#FBF6F6	#FFFFFF
1731	#C3BBDE	#FDFDFD
1732	#FAFAFD	#FFFFFF
1733	#DEDAED	#FEFEFE
1734	#FBF5F5	#FFFFFF
1735	#F9F1F0	#FFFFFF
1736	#CDC7E4	#FCFCFC
1737	#EEECF6	#FEFEFE
1738	#FFFEFE	#FFFFFF
1739	#EFECF6	#FFFFFF
1740	#E5E1F1	#FEFEFE
1741	#F6F4FA	#FFFFFF
1742	#ECD5D2	#FEFEFE
1743	#F9F0EF	#FFFFFF
1744	#EFEDF6	#FEFEFE
1745	#FEFCFC	#FFFFFF
1746	#F7ECEB	#FFFFFF
1747	#E4C4C0	#FDFDFD
1748	#FAFAFC	#FFFFFF
1749	#FBF6F5	#FFFFFF
1750	#FDFBFB	#FFFFFF
1751	#F7ECEA	#FFFFFF
1752	#FBF6F6	#FFFFFF
1753	#FAF9FC	#FFFFFF
1754	#FBFBFD	#FFFFFF
1755	#F4E5E3	#FEFEFE
1756	#D4CEE8	#FDFDFD
1757	#E9E6F3	#FEFEFE
1758	#F6EAE8	#FEFEFE
1759	#F8EEED	#FFFFFF
1760	#F1E0DE	#FEFEFE
1761	#FDFAFA	#FFFFFF
1762	#E9E6F3	#FEFEFE
1763	#FFFEFE	#FFFFFF
1764	#F6F4FA	#FFFFFF
1765	#D9B0AB	#FDFDFD
1766	#F8EEED	#FFFFFF
1767	#F6EAE9	#FEFEFE
1769	#FAF5F4	#FFFFFF
1770	#EFECF6	#FEFEFE
1771	#DCD7EC	#FEFEFE
1772	#E1DDEF	#FDFDFD
1773	#BDB5DB	#FAFAFA
1774	#ECD5D2	#FEFEFE
1775	#F1E0DD	#FEFEFE
1776	#FBF6F5	#FFFFFF
1777	#F9F1F0	#FFFFFF
1778	#E1DDEF	#FDFDFD
1779	#FCF8F7	#FFFFFF
1780	#FBFAFD	#FFFFFF
1781	#F9F8FC	#FFFFFF
1782	#EDD7D4	#FEFEFE
1783	#F1EFF8	#FFFFFF
1784	#EEECF6	#FFFFFF
1785	#FAF9FC	#FFFFFF
1786	#DBB3AE	#FCFCFC
1787	#BCB4DB	#FAFAFA
1788	#E9CECA	#FEFEFE
1789	#ACA3D2	#FAFAFA
1790	#EFECF6	#FEFEFE
1791	#E6E3F1	#FEFEFE
1792	#AEA5D3	#FCFCFC
1793	#ECD5D2	#FEFEFE
1794	#E4C4C0	#FDFDFD
1795	#FBF6F6	#FFFFFF
1796	#F9F1F0	#FFFFFF
1797	#FEFDFD	#FFFFFF
1798	#EDEAF5	#FEFEFE
1799	#E4E0F0	#FEFEFE
1800	#E8CECA	#FEFEFE
1801	#FCFBFD	#FFFFFF
1802	#CBC5E3	#FDFDFD
1803	#DCD7EC	#FEFEFE
1804	#CC9791	#FCFCFC
1805	#C9918B	#FBFBFB
1806	#F9F1F0	#FFFFFF
1807	#F9F1F0	#FFFFFF
1808	#E8E5F3	#FEFEFE
1809	#EFEDF6	#FFFFFF
1810	#C9928B	#FBFBFB
1811	#D4A5A0	#FCFCFC
1812	#F8EEED	#FFFFFF
1814	#F7ECEB	#FFFFFF
1815	#FBF7F6	#FFFFFF
1816	#F7ECEA	#FFFFFF
1817	#E6C8C4	#FDFDFD
1818	#E8CDCA	#FEFEFE
1819	#ECE9F5	#FEFEFE
1820	#D3CEE7	#FDFDFD
1821	#DED9ED	#FDFDFD
1822	#EEECF6	#FFFFFF
1823	#F9F1F0	#FFFFFF
1824	#ECD5D2	#FEFEFE
1825	#EEECF6	#FFFFFF
1826	#F6F5FA	#FFFFFF
1827	#E3DFF0	#FEFEFE
1828	#FCFBFD	#FFFFFF
1829	#E1BEB9	#FDFDFD
1830	#FFFEFE	#FFFFFF
1831	#F8EEED	#FFFFFF
1832	#FBF6F5	#FFFFFF
1833	#CB9790	#FCFCFC
1834	#D4A59F	#FCFCFC
1835	#FBF6F6	#FFFFFF
1836	#CCC5E3	#FDFDFD
1837	#DDD8EC	#FDFDFD
1838	#FBF5F5	#FFFFFF
1839	#FFFFFF	#FFFFFF
1840	#C7C0E0	#FCFCFC
1841	#CFC9E5	#FBFBFB
1842	#DCD8EC	#FEFEFE
1843	#D4CEE8	#FEFEFE
1844	#FBF6F6	#FFFFFF
1845	#E6C8C4	#FDFDFD
1846	#F9F2F1	#FFFFFF
1847	#E0BDB9	#FDFDFD
1848	#CCC5E3	#FDFDFD
1849	#F1E0DE	#FEFEFE
1850	#C8C1E1	#FCFCFC
1851	#F8EEED	#FFFFFF
1852	#F8EFED	#FFFFFF
1853	#F4E5E4	#FEFEFE
1854	#F6F5FA	#FFFFFF
1855	#F7EDEC	#FEFEFE
1856	#E8E5F3	#FEFEFE
1857	#E8E5F3	#FEFEFE
1858	#FBFAFD	#FFFFFF
1859	#E6C8C4	#FDFDFD
1860	#DFBBB7	#FCFCFC
1861	#EED9D6	#FEFEFE
1862	#F1DFDD	#FEFEFE
1863	#F2F0F8	#FFFFFF
1864	#F2E2E0	#FEFEFE
1865	#E5C8C4	#FDFDFD
1866	#E9E5F3	#FEFEFE
1867	#F7ECEB	#FFFFFF
1868	#FBFAFD	#FFFFFF
1870	#EAE7F4	#FEFEFE
1871	#F6ECEA	#FFFFFF
1872	#F9F1F0	#FFFFFF
1873	#F1DFDD	#FEFEFE
1874	#F4E6E4	#FEFEFE
1875	#F1E0DE	#FEFEFE
1876	#F9F8FC	#FFFFFF
1877	#F9F8FC	#FFFFFF
1878	#CCC5E3	#FDFDFD
1879	#F1DFDD	#FEFEFE
1880	#FCF7F7	#FFFFFF
1881	#F9F8FC	#FFFFFF
1882	#EDEBF5	#FEFEFE
1883	#FAF9FC	#FFFFFF
1884	#D3CDE7	#FDFDFD
1885	#DEDAED	#FDFDFD
1886	#F1DFDD	#FEFEFE
1887	#F5F4FA	#FFFFFF
1888	#DED9ED	#FDFDFD
1889	#F9F1F0	#FFFFFF
1890	#FBF6F6	#FFFFFF
1891	#FFFFFF	#FFFFFF
1892	#EEECF6	#FEFEFE
1893	#F4E5E3	#FEFEFE
1894	#EDEAF5	#FEFEFE
1895	#E8E5F3	#FEFEFE
1896	#F1DFDD	#FEFEFE
1897	#EDD6D4	#FEFEFE
1898	#E9E5F3	#FEFEFE
1899	#FCFBFD	#FFFFFF
1900	#DCD8EC	#FEFEFE
1901	#F1E0DE	#FEFEFE
1902	#D9B0AA	#FDFDFD
1903	#ECD6D3	#FEFEFE
1904	#F6F5FA	#FFFFFF
1905	#D9B0AB	#FDFDFD
1906	#D4A59F	#FCFCFC
1907	#FBFAFD	#FFFFFF
1908	#FAF9FC	#FFFFFF
1909	#FEFDFD	#FFFFFF
1910	#F7ECEB	#FFFFFF
1911	#B7AFD8	#FBFBFB
1912	#FFFEFE	#FFFFFF
1913	#F6EAE9	#FEFEFE
1915	#F2F0F8	#FFFFFF
1916	#EAE7F4	#FEFEFE
1917	#E9E5F3	#FEFEFE
1918	#FBF6F5	#FFFFFF
1919	#F8EEED	#FFFFFF
1920	#E4C4C0	#FDFDFD
1921	#DED9ED	#FEFEFE
1922	#E5E1F1	#FEFEFE
1923	#D4CEE7	#FDFDFD
1924	#F1DFDC	#FEFEFE
1925	#F9F8FC	#FFFFFF
1926	#F2F0F8	#FEFEFE
1927	#F7ECEB	#FFFFFF
1928	#FBFBFD	#FFFFFF
1929	#FEFCFC	#FFFFFF
1930	#EAE7F4	#FEFEFE
1931	#F9F8FC	#FFFFFF
1932	#E6C8C4	#FDFDFD
1933	#EFEDF6	#FEFEFE
1934	#FBFBFD	#FFFFFF
1935	#E1DDEF	#FDFDFD
1936	#F9F1F0	#FFFFFF
1937	#D1CBE6	#FCFCFC
1938	#D9D4EB	#FDFDFD
1939	#F4E7E5	#FEFEFE
1940	#F7ECEB	#FFFFFF
1941	#FFFEFE	#FFFFFF
1942	#EFEDF6	#FEFEFE
1943	#FBF6F5	#FFFFFF
1944	#C3BBDE	#FDFDFD
1945	#F9F8FC	#FFFFFF
1946	#CB9690	#FCFCFC
1947	#F6F4FA	#FFFFFF
1948	#F9F8FC	#FFFFFF
1949	#F7EDEB	#FFFFFF
1950	#FBF6F5	#FFFFFF
1951	#FBF6F6	#FFFFFF
1952	#FCFBFD	#FFFFFF
1953	#F1E0DE	#FEFEFE
1954	#EFEDF6	#FEFEFE
1955	#F7EDEC	#FEFEFE
1956	#E8E5F3	#FEFEFE
1957	#F3E5E3	#FEFEFE
1958	#EAD1CE	#FDFDFD
1959	#FAF4F4	#FFFFFF
1960	#F6F5FA	#FFFFFF
1961	#FEFDFD	#FFFFFF
1962	#D9D4EA	#FCFCFC
1963	#FFFEFE	#FFFFFF
1964	#E8CDCA	#FEFEFE
1965	#F8EEED	#FFFFFF
1966	#FAFAFC	#FFFFFF
1967	#EDD7D4	#FEFEFE
1968	#DCD7EC	#FEFEFE
1969	#C9918B	#FBFBFB
1971	#DDD8ED	#FDFDFD
1972	#EFEDF6	#FEFEFE
1973	#EEECF6	#FFFFFF
1974	#F1DFDD	#FEFEFE
1975	#FBFAFD	#FFFFFF
1976	#FCFBFD	#FFFFFF
1977	#FBF6F5	#FFFFFF
1978	#FBF6F5	#FFFFFF
1979	#F7EDEB	#FFFFFF
1980	#D8D3EA	#FDFDFD
1981	#F7EDEC	#FEFEFE
1982	#F1DFDD	#FEFEFE
1983	#DCD7EC	#FEFEFE
1984	#EFDCD9	#FEFEFE
1985	#E6C8C4	#FDFDFD
1986	#F4E6E4	#FEFEFE
1987	#FBFBFD	#FFFFFF
1988	#E8CDCA	#FDFDFD
1989	#EFECF6	#FFFFFF
1990	#F5E8E6	#FEFEFE
1991	#D8D3EA	#FDFDFD
1992	#ECD5D1	#FEFEFE
1993	#EED8D5	#FEFEFE
1994	#FFFFFF	#FFFFFF
1995	#F1E0DE	#FEFEFE
1996	#ECD4D1	#FEFEFE
1997	#FBFAFD	#FFFFFF
1998	#EEECF6	#FFFFFF
1999	#F6F5FA	#FFFFFF
2000	#EFEDF6	#FEFEFE
2001	#E3C3BF	#FDFDFD
2002	#FBFAFD	#FFFFFF
2003	#F9F9FC	#FFFFFF
2004	#EEECF6	#FFFFFF
2005	#EFEDF6	#FEFEFE
2006	#E8E5F3	#FEFEFE
2007	#E8E5F3	#FEFEFE
2008	#CC9790	#FCFCFC
2009	#F1E0DD	#FEFEFE
2010	#FDFBFB	#FFFFFF
2011	#FEFDFC	#FFFFFF
2012	#EBD2CF	#FDFDFD
2013	#F9F9FC	#FFFFFF
2014	#EFDCDA	#FEFEFE
2016	#F7ECEB	#FFFFFF
2017	#FAF9FC	#FFFFFF
2018	#EBE8F4	#FEFEFE
2019	#E5E2F1	#FEFEFE
2020	#F4E5E4	#FEFEFE
2021	#F9F1F0	#FFFFFF
2022	#F9F1F0	#FFFFFF
2023	#D1CBE6	#FCFCFC
2024	#EFDCD9	#FEFEFE
2025	#F1E0DE	#FEFEFE
2026	#E8E5F3	#FEFEFE
2027	#FEFCFC	#FFFFFF
2028	#FFFFFF	#FFFFFF
2029	#D4A5A0	#FCFCFC
2030	#F6F5FA	#FFFFFF
2031	#FBFAFD	#FFFFFF
2032	#FBF6F5	#FFFFFF
2033	#F2F0F8	#FFFFFF
2034	#F6EBE9	#FEFEFE
2035	#FDFAFA	#FFFFFF
2036	#FEFCFC	#FFFFFF
2037	#DFBBB6	#FCFCFC
2038	#D9B0AB	#FDFDFD
2039	#F4E6E4	#FEFEFE
2040	#FBF6F5	#FFFFFF
2041	#FDFBFB	#FFFFFF
2042	#FBFAFD	#FFFFFF
2043	#EAE8F4	#FEFEFE
2044	#E9CECA	#FEFEFE
2045	#E5E1F1	#FEFEFE
2046	#FBFAFD	#FFFFFF
2047	#EFECF6	#FEFEFE
2048	#FAF9FC	#FFFFFF
2049	#ECD5D2	#FEFEFE
2050	#F6F4FA	#FFFFFF
2051	#E8E5F3	#FEFEFE
2052	#F1E0DE	#FEFEFE
2053	#FEFCFC	#FFFFFF
2054	#A79ECF	#FBFBFB
2055	#E8E5F3	#FEFEFE
2056	#E6C8C4	#FDFDFD
2057	#E7E3F2	#FEFEFE
2058	#E1BEB9	#FEFEFE
2059	#DDB7B3	#FCFCFC
2060	#F1E0DE	#FEFEFE
2061	#F1E0DE	#FEFEFE
2062	#F1E0DD	#FEFEFE
2063	#F9F8FC	#FFFFFF
2064	#F4E6E4	#FEFEFE
2065	#EDD7D4	#FEFEFE
2066	#E9E5F3	#FEFEFE
2067	#D4CEE8	#FDFDFD
2068	#FDF9F9	#FFFFFF
2069	#F9F1F0	#FFFFFF
2070	#E9CECA	#FEFEFE
2072	#EFEDF6	#FEFEFE
2073	#D4CEE8	#FDFDFD
2074	#FCF8F7	#FFFFFF
2075	#E8E5F3	#FEFEFE
2076	#FDFBFA	#FFFFFF
2077	#DDD8ED	#FEFEFE
2078	#F7ECEB	#FFFFFF
2079	#EED9D6	#FEFEFE
2080	#E1BEBA	#FEFEFE
2081	#F6F5FA	#FFFFFF
2082	#FAF9FC	#FFFFFF
2083	#F6EAE8	#FEFEFE
2084	#F9F1F0	#FFFFFF
2085	#F5F3FA	#FFFFFF
2086	#EAE7F3	#FEFEFE
2087	#FBF6F6	#FFFFFF
2088	#F4E5E3	#FEFEFE
2089	#FBFBFD	#FFFFFF
2090	#FBF6F6	#FFFFFF
2091	#A79DCF	#F9F9F9
2092	#F9F8FC	#FFFFFF
2093	#C8918B	#FBFBFB
2094	#F5F4FA	#FFFFFF
2095	#DED9ED	#FEFEFE
2096	#FEFDFC	#FFFFFF
2097	#FEFEFE	#FFFFFF
2098	#FBFAFD	#FFFFFF
2099	#E8CDCA	#FEFEFE
2100	#F2E2E0	#FEFEFE
2101	#F9F9FC	#FFFFFF
2102	#E2C1BC	#FDFDFD
2103	#CB9690	#FCFCFC
2104	#EBD4D0	#FEFEFE
2105	#C3BBDE	#FDFDFD
2106	#E8E5F3	#FEFEFE
2107	#AEA5D3	#FCFCFC
2108	#D1CBE6	#FCFCFC
2109	#F9F1F0	#FFFFFF
2110	#F7ECEB	#FFFFFF
2111	#F6F5FA	#FFFFFF
2112	#F9F0EF	#FFFFFF
2113	#E2C1BC	#FDFDFD
2114	#EEEBF6	#FEFEFE
2115	#F9F1F0	#FFFFFF
2117	#F8EEED	#FFFFFF
2118	#F1DFDD	#FEFEFE
2119	#FDFDFE	#FFFFFF
2120	#F7EDEB	#FEFEFE
2121	#F9F1F0	#FFFFFF
2122	#E2DEEF	#FDFDFD
2123	#F6F5FA	#FFFFFF
2124	#F6EAE9	#FEFEFE
2125	#FFFFFF	#FFFFFF
2126	#D4CEE7	#FDFDFD
2127	#F1E0DE	#FEFEFE
2128	#C3BBDE	#FDFDFD
2129	#FAFAFC	#FFFFFF
2130	#F9F1F0	#FFFFFF
2131	#E9E5F3	#FEFEFE
2132	#FDFBFB	#FFFFFF
2133	#F6F5FA	#FFFFFF
2134	#FCFBFD	#FFFFFF
2135	#F9F1F0	#FFFFFF
2136	#FBFBFD	#FFFFFF
2137	#ECEAF5	#FEFEFE
2138	#E5C7C4	#FDFDFD
2139	#D5CFE8	#FEFEFE
2140	#FBF7F6	#FFFFFF
2141	#FEFCFB	#FFFFFF
2142	#E8CDCA	#FEFEFE
2143	#E5E1F1	#FEFEFE
2144	#F9F1F0	#FFFFFF
2145	#EFEDF6	#FEFEFE
2146	#F7ECEB	#FFFFFF
2147	#F9F1F0	#FFFFFF
2148	#F7EDEC	#FEFEFE
2149	#EFDCDA	#FEFEFE
2150	#E4C4C0	#FDFDFD
2151	#EDEAF5	#FEFEFE
2152	#B2AAD5	#FAFAFA
2153	#F7ECEA	#FFFFFF
2154	#D9B0AA	#FDFDFD
2155	#FAFAFC	#FFFFFF
2156	#CF9D97	#FCFCFC
2157	#F7ECEB	#FFFFFF
2158	#CB9690	#FCFCFC
2159	#F7EDEB	#FEFEFE
2160	#FDFBFA	#FFFFFF
2161	#FBF6F5	#FFFFFF
2162	#F1E0DE	#FEFEFE
2163	#FFFFFF	#FFFFFF
2164	#F9F8FC	#FFFFFF
2165	#F9F1F0	#FFFFFF
2166	#F9F8FC	#FFFFFF
2167	#A197CC	#FBFBFB
2168	#FCFBFD	#FFFFFF
2169	#E8E5F3	#FEFEFE
2170	#FDFBFA	#FFFFFF
2171	#EED9D6	#FEFEFE
2173	#FAF9FC	#FFFFFF
2174	#FBF7F6	#FFFFFF
2175	#E6C8C4	#FDFDFD
2176	#EFECF6	#FFFFFF
2177	#D5CFE8	#FEFEFE
2178	#F7ECEB	#FFFFFF
2179	#E6C8C4	#FDFDFD
2180	#EEEBF6	#FEFEFE
2181	#C3BCDF	#FCFCFC
2182	#C9918B	#FBFBFB
2183	#FAF9FC	#FFFFFF
2184	#F9F9FC	#FFFFFF
2185	#F6F5FA	#FFFFFF
2186	#F2F0F8	#FEFEFE
2187	#EBD3D0	#FDFDFD
2188	#F4E6E4	#FEFEFE
2189	#C4BCDF	#FCFCFC
2190	#D9B0AA	#FDFDFD
2191	#D7D1E9	#FDFDFD
2192	#F1E0DE	#FEFEFE
2193	#F2E2E0	#FEFEFE
2194	#D7D2E9	#FDFDFD
2195	#DEDAED	#FDFDFD
2196	#F1DFDD	#FEFEFE
2197	#EBD2CF	#FDFDFD
2198	#FAF9FC	#FFFFFF
2199	#F1E0DD	#FEFEFE
2200	#C9928B	#FBFBFB
2201	#F4E6E4	#FEFEFE
2202	#F8EEED	#FFFFFF
2203	#F9F8FC	#FFFFFF
2204	#EDEBF5	#FEFEFE
2205	#FDFBFA	#FFFFFF
2206	#E6C9C5	#FDFDFD
2207	#F6F4FA	#FFFFFF
2208	#FEFDFD	#FFFFFF
2209	#FAFAFC	#FFFFFF
2210	#F5E7E6	#FEFEFE
2211	#FBF6F5	#FFFFFF
2212	#F1E0DE	#FEFEFE
2213	#F6F5FA	#FFFFFF
2214	#DEB9B5	#FCFCFC
2215	#F7EDEB	#FEFEFE
2216	#E5E1F1	#FEFEFE
2218	#FCF7F7	#FFFFFF
2219	#FDFAFA	#FFFFFF
2220	#EFECF6	#FEFEFE
2221	#FDFBFB	#FFFFFF
2222	#F4E5E3	#FEFEFE
2223	#E8E5F3	#FEFEFE
2224	#D8D3EA	#FDFDFD
2225	#F7EDEC	#FEFEFE
2226	#F9F0EF	#FFFFFF
2227	#EEECF6	#FFFFFF
2228	#FBFAFD	#FFFFFF
2229	#F9F1F0	#FFFFFF
2230	#FBF7F6	#FFFFFF
2231	#F7EDEB	#FFFFFF
2232	#FDFAFA	#FFFFFF
2233	#E6C8C4	#FDFDFD
2234	#ECD6D3	#FEFEFE
2235	#FBFBFD	#FFFFFF
2236	#FEFEFD	#FFFFFF
2237	#F2E2E0	#FEFEFE
2238	#FCF9F8	#FFFFFF
2239	#EDD6D3	#FEFEFE
2240	#F7ECEB	#FEFEFE
2241	#F9F2F1	#FFFFFF
2242	#F1E0DE	#FEFEFE
2243	#DED9ED	#FEFEFE
2244	#EBD3D0	#FEFEFE
2245	#F7ECEB	#FEFEFE
2246	#FCF7F7	#FFFFFF
2247	#ECD6D3	#FEFEFE
2248	#FEFDFD	#FFFFFF
2249	#F5E7E6	#FEFEFE
2250	#DFDBEE	#FDFDFD
2251	#F7ECEB	#FFFFFF
2252	#FAFAFC	#FFFFFF
2253	#CBC4E3	#FDFDFD
2254	#E1BEBA	#FEFEFE
2255	#EFEDF7	#FFFFFF
2256	#EED9D6	#FEFEFE
2257	#F7EDEC	#FEFEFE
2258	#F6EAE8	#FEFEFE
2259	#E4C4C0	#FDFDFD
2260	#EFEDF6	#FEFEFE
2261	#FFFFFF	#FFFFFF
2262	#FBF6F5	#FFFFFF
2263	#EED9D7	#FEFEFE
2264	#F4E6E4	#FEFEFE
2265	#F3E5E3	#FEFEFE
2266	#F0EDF7	#FEFEFE
2267	#E8CDCA	#FEFEFE
2268	#F1E0DE	#FEFEFE
2269	#CC9790	#FCFCFC
2270	#FEFEFD	#FFFFFF
2271	#E5E1F1	#FEFEFE
2272	#EDD6D3	#FEFEFE
2274	#F7ECEA	#FFFFFF
2275	#FDFAF9	#FFFFFF
2276	#EED8D6	#FEFEFE
2277	#FDFDFE	#FFFFFF
2278	#E5E2F1	#FEFEFE
2279	#FAF9FC	#FFFFFF
2280	#EAE7F4	#FEFEFE
2281	#F7ECEB	#FFFFFF
2282	#FAF9FC	#FFFFFF
2283	#F1E0DD	#FEFEFE
2284	#FAF3F2	#FFFFFF
2285	#ECD4D1	#FDFDFD
2286	#F7F5FA	#FFFFFF
2287	#FEFCFB	#FFFFFF
2288	#EAE7F4	#FEFEFE
2289	#F9F8FC	#FFFFFF
2290	#FBFAFD	#FFFFFF
2291	#D3CEE7	#FDFDFD
2292	#E6C8C4	#FDFDFD
2293	#FBF7F6	#FFFFFF
2295	#FCF7F7	#FFFFFF
2296	#FBF6F6	#FFFFFF
2297	#F9F1F0	#FFFFFF
2298	#E6C8C4	#FDFDFD
2299	#EFEDF6	#FEFEFE
2300	#FDFBFA	#FFFFFF
2301	#FEFDFC	#FFFFFF
2302	#A79DCF	#FBFBFB
2303	#F5F3FA	#FFFFFF
2304	#FCF8F7	#FFFFFF
2305	#F7EDEC	#FEFEFE
2306	#F8EFEE	#FEFEFE
2307	#F6EAE8	#FEFEFE
2308	#F9F9FC	#FFFFFF
2309	#FAF4F3	#FFFFFF
2310	#E2C0BC	#FDFDFD
2311	#F7ECEA	#FFFFFF
2312	#FAF9FC	#FFFFFF
2313	#E9CECA	#FEFEFE
2314	#FBF6F6	#FFFFFF
2315	#F2F0F8	#FEFEFE
2316	#F7ECEB	#FEFEFE
2317	#F9F2F1	#FFFFFF
2319	#EDEAF5	#FEFEFE
2320	#F6F4FA	#FFFFFF
2321	#FCFBFD	#FFFFFF
2322	#E6C8C4	#FDFDFD
2323	#DCD7EC	#FEFEFE
2324	#E6E3F2	#FEFEFE
2325	#EFECF6	#FFFFFF
2326	#FDFAFA	#FFFFFF
2327	#EDD7D4	#FEFEFE
2328	#FAF9FC	#FFFFFF
2329	#E7E4F2	#FDFDFD
2330	#E5E2F1	#FEFEFE
2331	#F9F8FC	#FFFFFF
2332	#DCD7EC	#FEFEFE
2333	#F3F1F8	#FFFFFF
2334	#E9CECA	#FEFEFE
2335	#F6F4FA	#FFFFFF
2336	#FAF9FC	#FFFFFF
2337	#F8EEED	#FEFEFE
2338	#F9F1F0	#FFFFFF
2339	#F6F4FA	#FFFFFF
2340	#EDEAF5	#FEFEFE
2341	#ECD4D1	#FDFDFD
2342	#F2F0F8	#FFFFFF
2343	#E8CDC9	#FEFEFE
2344	#F7EDEC	#FFFFFF
2345	#F1E0DE	#FEFEFE
2346	#FEFDFD	#FFFFFF
2347	#D9B0AB	#FDFDFD
2348	#EAE8F4	#FEFEFE
2349	#E5C7C3	#FDFDFD
2350	#E6C8C4	#FDFDFD
2351	#FCFBFD	#FFFFFF
2352	#FBF6F5	#FFFFFF
2353	#E2C0BC	#FDFDFD
2354	#DBB3AE	#FCFCFC
2355	#F5F3F9	#FFFFFF
2356	#F8EEED	#FEFEFE
2357	#F4E5E4	#FEFEFE
2358	#F7EDEB	#FFFFFF
2359	#FBFAFD	#FFFFFF
2360	#FBF7F6	#FFFFFF
2361	#F1E0DD	#FEFEFE
2362	#F7EDEB	#FFFFFF
2363	#E0BCB7	#FCFCFC
2364	#F3E5E3	#FEFEFE
2365	#F6F5FA	#FFFFFF
2366	#F6F4FA	#FFFFFF
2367	#E8CECA	#FEFEFE
2368	#E1BEB9	#FDFDFD
2369	#F3F1F8	#FEFEFE
2370	#DDD8ED	#FDFDFD
2371	#EDEAF5	#FEFEFE
2372	#FBF6F6	#FFFFFF
2373	#F7F6FB	#FFFFFF
2375	#FCF8F7	#FFFFFF
2376	#E1DDEF	#FDFDFD
2377	#F6EBEA	#FFFFFF
2378	#F9F1F0	#FFFFFF
2379	#ECD5D2	#FEFEFE
2380	#FBFAFD	#FFFFFF
2381	#FAFAFD	#FFFFFF
2382	#F7ECEB	#FFFFFF
2383	#FBFAFD	#FFFFFF
2384	#DEDAED	#FEFEFE
2385	#FEFDFD	#FFFFFF
2386	#EDEAF5	#FEFEFE
2387	#F3E5E3	#FEFEFE
2388	#F8EEED	#FEFEFE
2389	#CB9690	#FCFCFC
2390	#EEEBF6	#FEFEFE
2391	#F4E7E5	#FEFEFE
2392	#E2C1BD	#FDFDFD
2393	#E9CECA	#FEFEFE
2394	#E9E6F3	#FEFEFE
2395	#C9928B	#FBFBFB
2396	#FDFBFA	#FFFFFF
2397	#FBF7F6	#FFFFFF
2398	#FCF7F6	#FFFFFF
2399	#FAF9FC	#FFFFFF
2400	#FCFCFD	#FFFFFF
2401	#C1BADD	#FAFAFA
2402	#E8E4F2	#FEFEFE
2403	#CBC4E3	#FDFDFD
2404	#FAFAFD	#FFFFFF
2405	#FEFDFD	#FFFFFF
2406	#D5CFE8	#FEFEFE
2407	#FBF7F6	#FFFFFF
2408	#FAF3F2	#FFFFFF
2409	#E2C0BC	#FDFDFD
2410	#FFFFFF	#FFFFFF
2411	#E5E1F1	#FEFEFE
2412	#E1BEBA	#FEFEFE
2413	#ECE9F5	#FEFEFE
2414	#F1E0DD	#FEFEFE
2415	#F7F5FA	#FFFFFF
2416	#F6F5FA	#FFFFFF
2417	#E8CDCA	#FDFDFD
2418	#F7EDEC	#FEFEFE
2420	#F6EAE8	#FEFEFE
2421	#F6F5FA	#FFFFFF
2422	#F1E0DE	#FEFEFE
2423	#F8EEED	#FFFFFF
2424	#FAF9FC	#FFFFFF
2425	#DED9ED	#FDFDFD
2426	#FDFBFB	#FFFFFF
2427	#FAF9FC	#FFFFFF
2428	#EBD4D0	#FEFEFE
2429	#FBF6F5	#FFFFFF
2430	#FBF6F5	#FFFFFF
2431	#E6C8C4	#FDFDFD
2432	#F9F9FC	#FFFFFF
2433	#F8EEED	#FFFFFF
2434	#EBE9F4	#FEFEFE
2435	#EED9D7	#FEFEFE
2436	#E0BDB9	#FDFDFD
2437	#EDD6D3	#FEFEFE
2438	#F6EAE9	#FEFEFE
2439	#DCD8EC	#FEFEFE
2440	#EDD6D4	#FEFEFE
2441	#C6BFE0	#FCFCFC
2442	#F9F1F0	#FFFFFF
2443	#F9F2F1	#FFFFFF
2444	#ECD5D2	#FEFEFE
2445	#F6EAE9	#FEFEFE
2446	#F2E1DF	#FEFEFE
2447	#F2E2E0	#FEFEFE
2448	#FBF6F6	#FFFFFF
2449	#F9F1F0	#FFFFFF
2450	#F2F0F8	#FFFFFF
2451	#F4E5E3	#FEFEFE
2452	#FEFEFE	#FFFFFF
2453	#EDEAF5	#FEFEFE
2454	#F1E0DD	#FEFEFE
2455	#E6C9C5	#FDFDFD
2456	#F4E6E4	#FEFEFE
2457	#FBFAFD	#FFFFFF
2458	#FBFAFD	#FFFFFF
2459	#E2C0BB	#FDFDFD
2460	#FFFFFF	#FFFFFF
2461	#EDEBF5	#FEFEFE
2462	#CF9D97	#FCFCFC
2463	#FBFBFD	#FFFFFF
2464	#DFBBB7	#FCFCFC
2465	#F6EAE8	#FEFEFE
2466	#F6EAE9	#FEFEFE
2467	#E2C0BC	#FDFDFD
2468	#F9F9FC	#FFFFFF
2469	#E2C0BC	#FDFDFD
2470	#F1DFDD	#FEFEFE
2471	#F7EEEC	#FFFFFF
2472	#FDFAFA	#FFFFFF
2473	#ECD5D2	#FEFEFE
2474	#E1BEBA	#FEFEFE
2476	#D7D2EA	#FDFDFD
2477	#F6EAE8	#FEFEFE
2478	#FBF6F5	#FFFFFF
2479	#EFECF6	#FEFEFE
2480	#FBF6F6	#FFFFFF
2481	#F7ECEA	#FFFFFF
2482	#D5CFE8	#FDFDFD
2483	#F9F8FC	#FFFFFF
2484	#ECD5D2	#FEFEFE
2485	#ECD6D3	#FEFEFE
2486	#FBF6F5	#FFFFFF
2487	#F6F5FA	#FFFFFF
2488	#F6F5FA	#FFFFFF
2489	#EFECF6	#FFFFFF
2490	#EEECF6	#FEFEFE
2491	#F7F6FB	#FFFFFF
2492	#CDC6E4	#FCFCFC
2493	#FBFAFD	#FFFFFF
2494	#E4C4C0	#FDFDFD
2495	#F1E0DE	#FEFEFE
2496	#DDD8EC	#FEFEFE
2497	#D4CEE7	#FDFDFD
2498	#F1E0DE	#FEFEFE
2499	#DDB6B1	#FCFCFC
2500	#F6F5FA	#FFFFFF
2501	#DDD8ED	#FDFDFD
2502	#F4E7E5	#FEFEFE
2503	#EFDCD9	#FEFEFE
2504	#F9F8FC	#FFFFFF
2505	#B7AFD8	#FDFDFD
2506	#FAF9FC	#FFFFFF
2507	#F1E0DE	#FEFEFE
2508	#E4E0F0	#FEFEFE
2509	#FEFDFD	#FFFFFF
2510	#F8F7FB	#FFFFFF
2511	#E6C8C5	#FDFDFD
2512	#D3A49F	#FCFCFC
2513	#F8EEED	#FFFFFF
2514	#DDD8ED	#FEFEFE
2515	#ECD5D2	#FEFEFE
2516	#F0DEDB	#FEFEFE
2517	#F6F5FA	#FFFFFF
2518	#F9F2F1	#FFFFFF
2519	#F8F7FB	#FFFFFF
2521	#EBE8F4	#FEFEFE
2522	#FEFCFC	#FFFFFF
2523	#F7ECEB	#FFFFFF
2524	#CC9791	#FCFCFC
2525	#D9B0AB	#FDFDFD
2526	#E8E5F3	#FEFEFE
2527	#EEEBF6	#FEFEFE
2528	#ECEAF5	#FEFEFE
2529	#F9F2F1	#FFFFFF
2530	#F2E2E0	#FEFEFE
2531	#D5CFE8	#FCFCFC
2532	#E3C3BF	#FDFDFD
2533	#ECD4D1	#FDFDFD
2534	#EFEDF6	#FEFEFE
2535	#E4E0F0	#FEFEFE
2536	#E3C3BF	#FDFDFD
2537	#E5E1F1	#FEFEFE
2538	#FBF6F5	#FFFFFF
2539	#FCF8F7	#FFFFFF
2540	#FDFAF9	#FFFFFF
2541	#F9F9FC	#FFFFFF
2542	#E3DFF0	#FDFDFD
2543	#E4C4C0	#FDFDFD
2544	#FCF7F7	#FFFFFF
2545	#E4E1F1	#FEFEFE
2546	#EDD6D3	#FEFEFE
2547	#E4E0F0	#FEFEFE
2548	#F9F1F0	#FFFFFF
2549	#FAF9FC	#FFFFFF
2550	#E5E1F1	#FEFEFE
2551	#F8F7FB	#FFFFFF
2552	#FBF6F5	#FFFFFF
2553	#E4E1F1	#FEFEFE
2554	#EEECF6	#FFFFFF
2555	#DED9ED	#FEFEFE
2556	#F0EDF7	#FFFFFF
2557	#D3CEE7	#FDFDFD
2558	#EFDCDA	#FEFEFE
2560	#EFECF6	#FEFEFE
2561	#DDD8ED	#FDFDFD
2562	#FEFDFD	#FFFFFF
2563	#E1BEB9	#FDFDFD
2564	#E6E2F1	#FEFEFE
2565	#E8CDCA	#FEFEFE
2566	#EFDCD9	#FEFEFE
2567	#FAF9FC	#FFFFFF
2568	#EFEDF7	#FEFEFE
2569	#FDFBFB	#FFFFFF
2570	#FBF6F6	#FFFFFF
2571	#FEFEFE	#FFFFFF
2572	#CDC7E4	#FDFDFD
2573	#FBF6F6	#FFFFFF
2574	#F4E5E3	#FEFEFE
2575	#E1BEBA	#FDFDFD
2577	#EFECF6	#FEFEFE
2578	#EEECF6	#FEFEFE
2579	#FAF9FC	#FFFFFF
2580	#F6F5FA	#FFFFFF
2581	#E6C8C4	#FDFDFD
2582	#D4A59F	#FCFCFC
2583	#D4A59F	#FCFCFC
2584	#F7ECEB	#FFFFFF
2585	#F5E8E6	#FEFEFE
2586	#F1E0DE	#FEFEFE
2587	#EDEAF5	#FEFEFE
2588	#FBFBFD	#FFFFFF
2589	#FAFAFC	#FFFFFF
2590	#FAF9FC	#FFFFFF
2591	#F6EAE9	#FEFEFE
2592	#C7BFE0	#FCFCFC
2593	#FCFBFD	#FFFFFF
2594	#F3F1F8	#FFFFFF
2595	#FBF6F6	#FFFFFF
2596	#F1E0DE	#FEFEFE
2597	#D3A59F	#FCFCFC
2598	#F8EEED	#FFFFFF
2599	#C3BBDE	#FDFDFD
2600	#FCF9F8	#FFFFFF
2601	#FAF4F3	#FFFFFF
2602	#EEECF6	#FFFFFF
2603	#F6F4FA	#FFFFFF
2604	#FEFDFD	#FFFFFF
2605	#E6E2F1	#FEFEFE
2606	#F2F0F8	#FFFFFF
2607	#ECD5D2	#FEFEFE
2608	#D9B0AB	#FDFDFD
2609	#F8EEED	#FFFFFF
2610	#FBF7F6	#FFFFFF
2611	#EDEAF5	#FEFEFE
2612	#F7ECEB	#FFFFFF
2613	#CDC7E4	#FDFDFD
2614	#DCD8EC	#FEFEFE
2615	#F9F8FC	#FFFFFF
2616	#EFDCD9	#FEFEFE
2617	#F7EDEC	#FFFFFF
2618	#F4E6E4	#FEFEFE
2619	#FFFFFF	#FFFFFF
2620	#EFECF6	#FFFFFF
2622	#F9F8FC	#FFFFFF
2623	#E5E1F1	#FEFEFE
2624	#DFDAED	#FEFEFE
2625	#F8EFEE	#FEFEFE
2626	#DDD9ED	#FEFEFE
2627	#E5E1F1	#FEFEFE
2628	#EBE8F4	#FEFEFE
2629	#E4E0F0	#FDFDFD
2630	#FEFDFC	#FFFFFF
2631	#EEECF6	#FEFEFE
2632	#E2C1BD	#FDFDFD
2633	#ECD5D3	#FEFEFE
2634	#E5E1F1	#FEFEFE
2635	#ECD5D2	#FEFEFE
2636	#F4E5E3	#FEFEFE
2637	#F7ECEA	#FFFFFF
2638	#EFEDF6	#FEFEFE
2639	#FEFCFC	#FFFFFF
2640	#FBFBFD	#FFFFFF
2641	#FBF6F5	#FFFFFF
2642	#FBF6F5	#FFFFFF
2643	#FBFBFD	#FFFFFF
2644	#F9F1F0	#FFFFFF
2645	#F6F5FA	#FFFFFF
2646	#F5E7E6	#FEFEFE
2647	#F6F4FA	#FFFFFF
2648	#D9AFAA	#FDFDFD
2649	#F4E6E4	#FEFEFE
2650	#FBF6F5	#FFFFFF
2651	#F0DDDA	#FDFDFD
2652	#F3E5E3	#FEFEFE
2653	#EDEBF6	#FEFEFE
2654	#E9CECA	#FEFEFE
2655	#ECEAF5	#FEFEFE
2656	#F9F9FC	#FFFFFF
2657	#F7EDEC	#FEFEFE
2658	#C3BBDE	#FDFDFD
2659	#D4CFE8	#FEFEFE
2660	#DDD9ED	#FEFEFE
2661	#F6F5FA	#FFFFFF
2662	#F9F9FC	#FFFFFF
2663	#F8EEEC	#FFFFFF
2664	#E3C3BF	#FDFDFD
2665	#F1E0DE	#FEFEFE
2666	#F2E2E0	#FEFEFE
2667	#E9CECB	#FEFEFE
2668	#F5F3FA	#FFFFFF
2669	#F5E9E8	#FEFEFE
2670	#FBF6F6	#FFFFFF
2671	#FDFBFB	#FFFFFF
2672	#EEEBF6	#FEFEFE
2673	#EEECF6	#FEFEFE
2674	#F4E5E3	#FEFEFE
2675	#EFEDF6	#FEFEFE
2676	#E8CDCA	#FEFEFE
2678	#F9F8FC	#FFFFFF
2679	#F7EDEC	#FEFEFE
2680	#F4E5E3	#FEFEFE
2681	#F8EEED	#FFFFFF
2682	#E8CDCA	#FEFEFE
2683	#F6EAE8	#FEFEFE
2684	#ECEAF5	#FEFEFE
2685	#FBF6F5	#FFFFFF
2686	#CBC4E3	#FDFDFD
2687	#EFDCD9	#FEFEFE
2688	#F2E1DE	#FEFEFE
2689	#FBFBFD	#FFFFFF
2690	#FBF6F6	#FFFFFF
2691	#EED8D5	#FEFEFE
2692	#F7F5FA	#FFFFFF
2693	#F1E0DE	#FEFEFE
2694	#E4E0F0	#FEFEFE
2695	#E5E2F1	#FEFEFE
2696	#FAF3F3	#FFFFFF
2697	#EFDCD9	#FEFEFE
2698	#F9F9FC	#FFFFFF
2699	#DDB7B2	#FCFCFC
2700	#E8CDCA	#FEFEFE
2701	#F9F9FC	#FFFFFF
2702	#D9B0AA	#FDFDFD
2703	#DEDAED	#FEFEFE
2704	#F9F9FC	#FFFFFF
2705	#FEFDFD	#FFFFFF
2706	#F9F8FC	#FFFFFF
2707	#ECD5D2	#FEFEFE
2708	#FBF5F4	#FFFFFF
2709	#F7ECEB	#FFFFFF
2710	#E9CECA	#FEFEFE
2711	#FBFAFD	#FFFFFF
2712	#D7D1E9	#FDFDFD
2713	#F9F1F0	#FFFFFF
2714	#F2F1F8	#FFFFFF
2715	#EDEAF5	#FEFEFE
2716	#D3CDE7	#FCFCFC
2717	#FBFAFD	#FFFFFF
2718	#CC9790	#FCFCFC
2719	#FEFDFD	#FFFFFF
2720	#FEFDFD	#FFFFFF
2721	#FDFBFA	#FFFFFF
2723	#FBFBFD	#FFFFFF
2724	#FBF6F6	#FFFFFF
2725	#E6C8C4	#FDFDFD
2726	#F8EEED	#FFFFFF
2727	#F9F2F1	#FFFFFF
2728	#FEFEFE	#FFFFFF
2729	#EFECF6	#FFFFFF
2730	#FAF9FC	#FFFFFF
2731	#E5C8C4	#FDFDFD
2732	#F6F5FA	#FFFFFF
2733	#CB9790	#FCFCFC
2734	#F6EAE8	#FEFEFE
2735	#D7D2E9	#FDFDFD
2736	#D7D2E9	#FDFDFD
2737	#FBF7F6	#FFFFFF
2738	#F1E0DD	#FEFEFE
2739	#F8EEED	#FFFFFF
2740	#E6C9C5	#FDFDFD
2741	#D8D3EA	#FDFDFD
2742	#FAF9FC	#FFFFFF
2743	#FBF5F4	#FFFFFF
2744	#E6C8C4	#FDFDFD
2745	#F4E5E3	#FEFEFE
2746	#F9F8FC	#FFFFFF
2747	#FBFBFD	#FFFFFF
2748	#E4C4C0	#FDFDFD
2749	#EFDCD9	#FEFEFE
2750	#EDD7D4	#FEFEFE
2751	#F1E0DD	#FEFEFE
2752	#E6E2F1	#FEFEFE
2753	#BDB5DB	#FCFCFC
2754	#FAFAFD	#FFFFFF
2755	#F2F0F8	#FEFEFE
2756	#EAE7F4	#FEFEFE
2757	#F1E0DD	#FEFEFE
2758	#ECE9F5	#FEFEFE
2759	#FAF9FC	#FFFFFF
2760	#CCC5E3	#FDFDFD
2761	#FAF9FC	#FFFFFF
2762	#F9F8FC	#FFFFFF
2763	#E4C4BF	#FDFDFD
2764	#E8E5F3	#FEFEFE
2765	#E2C0BC	#FDFDFD
2766	#E9CECB	#FEFEFE
2767	#E8CDCA	#FEFEFE
2768	#F4E6E4	#FEFEFE
2769	#D9B0AB	#FDFDFD
2770	#F9F1F0	#FFFFFF
2771	#E9CECB	#FEFEFE
2772	#FFFEFE	#FFFFFF
2773	#C9928B	#FBFBFB
2774	#F6F5FA	#FFFFFF
2775	#CF9D97	#FCFCFC
2776	#E0BDB9	#FDFDFD
2777	#F9F1F0	#FFFFFF
2779	#EAD0CC	#FDFDFD
2780	#EAE7F4	#FEFEFE
2781	#EFDBD9	#FEFEFE
2782	#EEDAD7	#FEFEFE
2783	#C8918B	#FBFBFB
2784	#FBF6F5	#FFFFFF
2785	#FAFAFC	#FFFFFF
2786	#F6F5FA	#FFFFFF
2787	#F3F1F8	#FFFFFF
2788	#C9928C	#FBFBFB
2789	#F6EAE8	#FEFEFE
2790	#FBFAFD	#FFFFFF
2791	#E1DDEF	#FDFDFD
2792	#FBF7F6	#FFFFFF
2793	#DDD9ED	#FEFEFE
2794	#C3BBDE	#FDFDFD
2795	#EFDCD9	#FEFEFE
2796	#F7EDEB	#FEFEFE
2797	#EBE8F4	#FEFEFE
2798	#E5E1F1	#FEFEFE
2799	#C48A83	#FBFBFB
2800	#EED9D6	#FEFEFE
2801	#F5F4FA	#FFFFFF
2802	#FEFDFC	#FFFFFF
2803	#E8CDCA	#FEFEFE
2804	#DDD8EC	#FEFEFE
2805	#E9CECB	#FEFEFE
2806	#E2C0BC	#FDFDFD
2807	#FBF6F5	#FFFFFF
2808	#FBF6F5	#FFFFFF
2809	#AEA5D3	#FCFCFC
2810	#F4E5E3	#FEFEFE
2811	#E1BEB9	#FDFDFD
2812	#F7EDEC	#FFFFFF
2813	#F8F7FB	#FFFFFF
2814	#E6C8C5	#FDFDFD
2815	#FEFDFD	#FFFFFF
2816	#EAD2CF	#FDFDFD
2817	#F7ECEA	#FEFEFE
2818	#F9F8FC	#FFFFFF
2819	#F6EAE9	#FEFEFE
2820	#D4A59F	#FCFCFC
2821	#F9F2F1	#FFFFFF
2822	#E5E1F1	#FEFEFE
2824	#E3DFF0	#FEFEFE
2825	#F6EBE9	#FEFEFE
2826	#EEECF6	#FFFFFF
2827	#FDFBFA	#FFFFFF
2828	#FEFDFD	#FFFFFF
2829	#FCF7F7	#FFFFFF
2830	#EAD0CD	#FDFDFD
2831	#FBF6F6	#FFFFFF
2832	#F7ECEB	#FFFFFF
2833	#E8CDC9	#FEFEFE
2834	#F9F8FC	#FFFFFF
2835	#F9F9FC	#FFFFFF
2836	#F4E7E5	#FEFEFE
2837	#EFEDF6	#FEFEFE
2838	#F1E0DE	#FEFEFE
2839	#FAF9FC	#FFFFFF
2840	#C9928B	#FBFBFB
2841	#F7EDEB	#FFFFFF
2842	#F7ECEB	#FEFEFE
2843	#ECD6D3	#FEFEFE
2844	#F9F9FC	#FFFFFF
2846	#EFECF6	#FEFEFE
2847	#F3E4E2	#FEFEFE
2848	#EED9D7	#FEFEFE
2849	#EEECF6	#FEFEFE
2850	#E3DFF0	#FEFEFE
2851	#FBF6F5	#FFFFFF
2852	#F1DFDD	#FEFEFE
2853	#DDD9ED	#FDFDFD
2854	#F8EEED	#FFFFFF
2855	#E4C4C0	#FDFDFD
2856	#DDD8ED	#FEFEFE
2857	#E3C3BF	#FDFDFD
2858	#FBFBFD	#FFFFFF
2859	#D4CEE8	#FDFDFD
2860	#F7EDEC	#FEFEFE
2861	#F7F5FA	#FFFFFF
2862	#FBFBFD	#FFFFFF
2863	#FBFBFD	#FFFFFF
2864	#F6F5FA	#FFFFFF
2865	#EDEAF5	#FEFEFE
2866	#F2F0F8	#FEFEFE
2867	#DCD7EC	#FEFEFE
2868	#FFFFFF	#FFFFFF
2869	#DDD8EC	#FEFEFE
2870	#F5E9E8	#FEFEFE
2871	#E1BEBA	#FEFEFE
2872	#F4E5E3	#FEFEFE
2873	#F1DFDD	#FEFEFE
2874	#E5E1F1	#FEFEFE
2875	#ECD6D3	#FEFEFE
2876	#F1E0DD	#FEFEFE
2877	#FBF5F5	#FFFFFF
2878	#F7F5FA	#FFFFFF
2880	#DCD7EC	#FEFEFE
2881	#F6EAE8	#FEFEFE
2882	#F7ECEB	#FEFEFE
2883	#F7F5FA	#FFFFFF
2884	#F7ECEB	#FEFEFE
2885	#C5BDDF	#FCFCFC
2886	#E1BEB9	#FEFEFE
2887	#F1DFDD	#FEFEFE
2888	#FCFBFD	#FFFFFF
2889	#D4A5A0	#FCFCFC
2890	#E6C8C4	#FDFDFD
2891	#FEFCFC	#FFFFFF
2892	#F2E2E0	#FEFEFE
2893	#F1E0DE	#FEFEFE
2894	#FAFAFD	#FFFFFF
2895	#F1DFDD	#FEFEFE
2896	#FBFAFD	#FFFFFF
2897	#EBD4D1	#FDFDFD
2898	#ECD5D2	#FEFEFE
2899	#F9F9FC	#FFFFFF
2900	#F7ECEB	#FFFFFF
2901	#FFFEFE	#FFFFFF
2902	#EEECF6	#FFFFFF
2903	#EEECF6	#FEFEFE
2904	#F3E5E3	#FEFEFE
2905	#E5C7C3	#FDFDFD
2906	#EFEDF6	#FEFEFE
2907	#F5F3F9	#FFFFFF
2908	#FFFFFF	#FFFFFF
2909	#FDFBFB	#FFFFFF
2910	#DCD7EC	#FEFEFE
2911	#D7D2E9	#FDFDFD
2912	#EAE7F4	#FEFEFE
2913	#DED9ED	#FDFDFD
2914	#FAF3F2	#FFFFFF
2915	#EEECF6	#FFFFFF
2916	#F1DFDD	#FEFEFE
2917	#EDEAF5	#FEFEFE
2918	#F9F0EF	#FEFEFE
2919	#F0DDDA	#FEFEFE
2920	#FBF6F5	#FFFFFF
2921	#C28680	#FAFAFA
2922	#F0DCDA	#FEFEFE
2923	#FCF9F9	#FFFFFF
2925	#FBF6F5	#FFFFFF
2926	#E4E1F1	#FEFEFE
2927	#D4A59F	#FCFCFC
2928	#FEFEFE	#FFFFFF
2929	#F2F0F8	#FFFFFF
2930	#F4E6E4	#FEFEFE
2931	#FDFAFA	#FFFFFF
2932	#FAF9FC	#FFFFFF
2933	#F7F5FA	#FFFFFF
2934	#DEB9B5	#FCFCFC
2935	#F6EAE8	#FEFEFE
2936	#FDFBFA	#FFFFFF
2937	#E6C8C4	#FDFDFD
2938	#CDC7E4	#FDFDFD
2939	#FEFDFD	#FFFFFF
2940	#F9F8FC	#FFFFFF
2941	#FEFCFC	#FFFFFF
2942	#E8E5F3	#FEFEFE
2943	#EED9D6	#FEFEFE
2944	#E8E5F3	#FEFEFE
2945	#F1E0DD	#FEFEFE
2946	#F7EEEC	#FFFFFF
2947	#F7EDEB	#FFFFFF
2948	#FBF6F5	#FFFFFF
2949	#F8EEED	#FFFFFF
2950	#F2F0F8	#FFFFFF
2951	#CF9D97	#FCFCFC
2952	#C3BBDE	#FDFDFD
2953	#F6F5FA	#FFFFFF
2954	#F7ECEB	#FFFFFF
2955	#E6C8C4	#FDFDFD
2956	#EBD4D0	#FEFEFE
2957	#EFECF6	#FFFFFF
2958	#FEFCFC	#FFFFFF
2959	#EAE7F4	#FEFEFE
2960	#FAF4F3	#FFFFFF
2961	#EFEDF6	#FEFEFE
2962	#F7EEEC	#FFFFFF
2963	#FDFAFA	#FFFFFF
2964	#FEFEFE	#FFFFFF
2965	#FBFBFD	#FFFFFF
2966	#F8EFED	#FFFFFF
2967	#DED9ED	#FEFEFE
2968	#F6F4FA	#FFFFFF
2969	#E0BDB9	#FDFDFD
2970	#F1E0DE	#FEFEFE
2971	#FCF7F6	#FFFFFF
2972	#FEFDFD	#FFFFFF
2973	#D3A59F	#FCFCFC
2974	#F5E7E6	#FEFEFE
2975	#F8F6FB	#FFFFFF
2976	#F8EFED	#FFFFFF
2977	#F6F5FA	#FFFFFF
2978	#FCF9F8	#FFFFFF
2979	#F8EEED	#FFFFFF
2981	#F6F4FA	#FFFFFF
2982	#FAF4F3	#FFFFFF
2983	#F4E5E3	#FEFEFE
2984	#FBFBFD	#FFFFFF
2985	#EAE7F3	#FEFEFE
2986	#FFFEFE	#FFFFFF
2987	#EAE8F4	#FEFEFE
2988	#F7EDEC	#FEFEFE
2989	#F3E4E2	#FEFEFE
2990	#EDEAF5	#FEFEFE
2991	#D9B0AB	#FDFDFD
2992	#E5E1F1	#FEFEFE
2993	#F8EEED	#FFFFFF
2994	#F8EEED	#FFFFFF
2995	#EEECF6	#FFFFFF
2996	#F2F0F8	#FFFFFF
2997	#F1E0DE	#FEFEFE
2998	#D3A59F	#FCFCFC
2999	#E6C8C4	#FDFDFD
3000	#FEFEFE	#FFFFFF
3001	#F7EDEB	#FFFFFF
3002	#D4CEE8	#FDFDFD
3003	#E2C0BC	#FDFDFD
3004	#F6EBE9	#FEFEFE
3005	#D3A59F	#FCFCFC
3006	#D9B0AA	#FDFDFD
3007	#D9AFAA	#FDFDFD
3008	#FFFEFE	#FFFFFF
3009	#EAE7F4	#FEFEFE
3010	#EAD2CE	#FDFDFD
3011	#F2F1F8	#FFFFFF
3012	#EFECF6	#FEFEFE
3013	#E7E3F2	#FEFEFE
3014	#EAE7F4	#FEFEFE
3015	#FEFDFC	#FFFFFF
3016	#FAFAFC	#FFFFFF
3017	#FDFCFE	#FFFFFF
3018	#FCF9F8	#FFFFFF
3019	#E2C1BD	#FDFDFD
3020	#FBF7F6	#FFFFFF
3021	#F2E2E0	#FEFEFE
3022	#FBFBFD	#FFFFFF
3023	#E6C8C4	#FDFDFD
3024	#DDD8EC	#FEFEFE
3026	#F1E0DE	#FEFEFE
3027	#F6EBEA	#FFFFFF
3028	#F4E7E5	#FEFEFE
3029	#F7ECEA	#FFFFFF
3030	#E8CDC9	#FEFEFE
3031	#E1BEBA	#FDFDFD
3032	#FEFCFC	#FFFFFF
3033	#F7ECEB	#FEFEFE
3034	#D7D2E9	#FDFDFD
3035	#FFFFFF	#FFFFFF
3036	#FEFCFC	#FFFFFF
3037	#F4E6E4	#FEFEFE
3038	#F7ECEB	#FFFFFF
3039	#F1DFDD	#FEFEFE
3040	#FDFBFB	#FFFFFF
3041	#EEECF6	#FFFFFF
3042	#E1BEBA	#FEFEFE
3043	#FBFAFD	#FFFFFF
3044	#FCFBFD	#FFFFFF
3045	#FCFCFD	#FFFFFF
3046	#F7EDEC	#FEFEFE
3047	#D4CEE7	#FDFDFD
3048	#D3A59F	#FCFCFC
3049	#C3BBDE	#FDFDFD
3050	#EEECF6	#FEFEFE
3051	#E4C4C0	#FDFDFD
3052	#FEFDFD	#FFFFFF
3053	#EED9D6	#FEFEFE
3054	#F7ECEB	#FFFFFF
3055	#FDFBFB	#FFFFFF
3056	#F8EEED	#FFFFFF
3057	#F1E0DE	#FEFEFE
3058	#FBF7F6	#FFFFFF
3059	#DDD8ED	#FEFEFE
3060	#FDFBFA	#FFFFFF
3061	#F4E5E4	#FEFEFE
3062	#F9F2F1	#FFFFFF
3063	#ECD5D2	#FEFEFE
3064	#EDD6D3	#FEFEFE
3065	#E1BEBA	#FDFDFD
3066	#FEFCFC	#FFFFFF
3067	#F4E7E5	#FEFEFE
3068	#F4E5E3	#FEFEFE
3069	#F0DCDA	#FEFEFE
3070	#D3A49F	#FCFCFC
3071	#ECD5D2	#FEFEFE
3072	#FEFDFD	#FFFFFF
3073	#F7ECEB	#FFFFFF
3074	#FAF9FC	#FFFFFF
3075	#E4C4BF	#FDFDFD
3076	#FCF9F8	#FFFFFF
3077	#FBFAFD	#FFFFFF
3078	#E6C8C4	#FDFDFD
3079	#FEFCFC	#FFFFFF
3080	#FBFBFD	#FFFFFF
3082	#E6E2F1	#FEFEFE
3083	#FBF5F5	#FFFFFF
3084	#FDFBFA	#FFFFFF
3085	#FDFAFA	#FFFFFF
3086	#F6F4FA	#FFFFFF
3087	#FBFAFD	#FFFFFF
3088	#F1E0DE	#FEFEFE
3089	#F1E0DE	#FEFEFE
3090	#FAFAFD	#FFFFFF
3091	#E7E4F2	#FEFEFE
3092	#F1E0DE	#FEFEFE
3093	#F1DFDD	#FEFEFE
3094	#E5C7C4	#FDFDFD
3095	#F1E0DD	#FEFEFE
3096	#ECD5D2	#FEFEFE
3097	#EFEDF7	#FFFFFF
3098	#FAF9FC	#FFFFFF
3099	#ECD5D2	#FEFEFE
3100	#ECD5D3	#FEFEFE
3101	#B7AFD8	#FDFDFD
3102	#FAF9FC	#FFFFFF
3103	#F1E0DE	#FEFEFE
3104	#F1DFDD	#FEFEFE
3105	#F0DCDA	#FEFEFE
3106	#F1E0DD	#FEFEFE
3107	#E1BEBA	#FEFEFE
3108	#F1E0DD	#FEFEFE
3109	#E8CECA	#FEFEFE
3110	#F8EEED	#FFFFFF
3111	#F4E5E3	#FEFEFE
3112	#F9F2F1	#FFFFFF
3113	#F1E0DE	#FEFEFE
3114	#F4E6E4	#FEFEFE
3115	#E9E6F3	#FEFEFE
3116	#E4E0F0	#FEFEFE
3117	#F6F4FA	#FFFFFF
3118	#F3F1F8	#FFFFFF
3119	#F9F2F1	#FFFFFF
3120	#ECD4D1	#FEFEFE
3121	#F6EAE9	#FEFEFE
3122	#F4E5E3	#FEFEFE
3123	#F4E5E3	#FEFEFE
3124	#FBFBFD	#FFFFFF
3125	#F9F9FC	#FFFFFF
3127	#F5F3FA	#FFFFFF
3128	#EED9D6	#FEFEFE
3129	#EFECF6	#FEFEFE
3130	#F6F5FA	#FFFFFF
3131	#FDFAFA	#FFFFFF
3132	#F5E8E6	#FEFEFE
3133	#F5F3F9	#FFFFFF
3134	#DED9ED	#FEFEFE
3135	#F6F4FA	#FFFFFF
3136	#FDFDFE	#FFFFFF
3137	#DFBBB7	#FCFCFC
3138	#F2E2E0	#FEFEFE
3139	#E2C1BC	#FDFDFD
3140	#D3A59F	#FCFCFC
3141	#FBF6F5	#FFFFFF
3142	#F1DFDD	#FEFEFE
3143	#DDD8ED	#FDFDFD
3144	#F1DFDD	#FEFEFE
3145	#FAF9FC	#FFFFFF
3146	#F8EEED	#FFFFFF
3147	#E8CDCA	#FEFEFE
3148	#FBFAFD	#FFFFFF
3149	#FEFDFD	#FFFFFF
3150	#FAF9FC	#FFFFFF
3151	#EBD4D0	#FEFEFE
3152	#CC9791	#FCFCFC
3153	#FBF6F5	#FFFFFF
3154	#FAF9FC	#FFFFFF
3155	#F4E5E4	#FEFEFE
3156	#F7EDEC	#FEFEFE
3157	#CC9791	#FCFCFC
3158	#FFFFFF	#FFFFFF
3159	#F1E0DE	#FEFEFE
3160	#EAE8F4	#FEFEFE
3161	#E7E3F2	#FEFEFE
3162	#EFDCDA	#FEFEFE
3163	#EDD7D4	#FEFEFE
3164	#F9F1F0	#FFFFFF
3165	#FCFCFE	#FFFFFF
3166	#F4E7E5	#FEFEFE
3167	#FEFCFC	#FFFFFF
3168	#E7E4F2	#FDFDFD
3169	#E5E2F1	#FEFEFE
3170	#F9F8FC	#FFFFFF
3171	#F7ECEB	#FFFFFF
3172	#FFFFFF	#FFFFFF
3173	#F5E9E8	#FEFEFE
3174	#E6E2F1	#FEFEFE
3175	#ECE9F5	#FEFEFE
3176	#FCFBFD	#FFFFFF
3177	#E9CECA	#FEFEFE
3178	#F5E7E6	#FEFEFE
3179	#EEECF6	#FFFFFF
3180	#FBF5F5	#FFFFFF
3181	#E3C3BF	#FDFDFD
3183	#E6E2F1	#FEFEFE
3184	#E3DFF0	#FEFEFE
3185	#F2E2E0	#FEFEFE
3186	#EAD1CD	#FDFDFD
3187	#EEEBF6	#FEFEFE
3188	#E4C4C0	#FDFDFD
3189	#EAD1CE	#FDFDFD
3190	#F6F5FA	#FFFFFF
3191	#E9E5F3	#FEFEFE
3192	#FAF9FC	#FFFFFF
3193	#E4C4C0	#FDFDFD
3194	#F7EDEC	#FEFEFE
3195	#C9C2E2	#FBFBFB
3196	#FEFEFE	#FFFFFF
3197	#EED9D6	#FEFEFE
3198	#F8EEED	#FFFFFF
3199	#F1E0DE	#FEFEFE
3200	#EBD4D1	#FDFDFD
3201	#F7EDEB	#FEFEFE
3202	#FAF9FC	#FFFFFF
3203	#F1E0DE	#FEFEFE
3204	#F9F9FC	#FFFFFF
3205	#FBFAFD	#FFFFFF
3206	#C4BCDF	#FCFCFC
3207	#E6E2F1	#FEFEFE
3208	#F9F2F1	#FFFFFF
3209	#EDD6D3	#FEFEFE
3210	#F1E0DE	#FEFEFE
3211	#E4C4C0	#FDFDFD
3212	#F4E5E3	#FEFEFE
3213	#F7EEEC	#FFFFFF
3214	#E7CBC8	#FDFDFD
3215	#F2E1DE	#FEFEFE
3216	#E8CECA	#FDFDFD
3217	#F7EDEB	#FFFFFF
3218	#DFBBB7	#FCFCFC
3219	#F7EDEC	#FEFEFE
3220	#F9F2F1	#FFFFFF
3221	#FAFAFC	#FFFFFF
3222	#FCFCFD	#FFFFFF
3223	#E1BEBA	#FEFEFE
3224	#FBFAFD	#FFFFFF
3225	#D3A59F	#FCFCFC
3226	#EEECF6	#FEFEFE
3228	#F4E6E4	#FEFEFE
3229	#E6C8C4	#FDFDFD
3230	#F8F7FB	#FFFFFF
3231	#FDFBFB	#FFFFFF
3232	#EBD4D0	#FEFEFE
3233	#EFEDF6	#FEFEFE
3234	#DED9ED	#FDFDFD
3235	#FCFCFE	#FFFFFF
3236	#EFEDF7	#FFFFFF
3237	#F3E4E2	#FEFEFE
3238	#DEDAED	#FEFEFE
3239	#E4E1F1	#FEFEFE
3240	#F9F1F0	#FFFFFF
3241	#FCFBFD	#FFFFFF
3242	#F7ECEA	#FFFFFF
3243	#EEEBF6	#FEFEFE
3244	#C3BBDE	#FDFDFD
3245	#F7EEEC	#FFFFFF
3246	#F1E0DD	#FEFEFE
3247	#F8EEED	#FFFFFF
3248	#EBD3D0	#FEFEFE
3249	#FBF7F6	#FFFFFF
3250	#F8EEED	#FFFFFF
3251	#FBFAFD	#FFFFFF
3252	#D9B0AB	#FDFDFD
3253	#E9CECA	#FEFEFE
3254	#D4A5A0	#FCFCFC
3255	#E8CDC9	#FEFEFE
3256	#E8CDCA	#FEFEFE
3257	#E8CDCA	#FDFDFD
3258	#FBFAFD	#FFFFFF
3259	#E1BEBA	#FDFDFD
3260	#F1E0DE	#FEFEFE
3261	#E8CDCA	#FEFEFE
3262	#E6C8C4	#FDFDFD
3263	#FBF6F6	#FFFFFF
3264	#F7EDEB	#FEFEFE
3265	#FCF9F8	#FFFFFF
3266	#F8F7FB	#FFFFFF
3267	#F4E7E5	#FEFEFE
3268	#F1DFDD	#FEFEFE
3269	#E2C0BC	#FDFDFD
3270	#F0DDDA	#FEFEFE
3271	#C3BBDE	#FDFDFD
3272	#F9F8FC	#FFFFFF
3273	#E9CECA	#FEFEFE
3274	#FBF6F6	#FFFFFF
3275	#F4E6E4	#FEFEFE
3276	#F8F7FB	#FFFFFF
3277	#E8CDCA	#FEFEFE
3278	#E1BEBA	#FDFDFD
3279	#E1BEBA	#FDFDFD
3280	#E8E5F3	#FEFEFE
3281	#EBE8F4	#FEFEFE
3282	#F8EEED	#FFFFFF
3284	#F5F4FA	#FFFFFF
3285	#E6E3F2	#FEFEFE
3286	#F6F4FA	#FFFFFF
3287	#D6D1E9	#FCFCFC
3288	#ECD5D2	#FEFEFE
3289	#CBC5E3	#FDFDFD
3290	#F1E0DE	#FEFEFE
3291	#FFFFFF	#FFFFFF
3292	#C68E87	#FBFBFB
3293	#CC9791	#FCFCFC
3294	#CF9C96	#FCFCFC
3295	#E3C3BF	#FDFDFD
3296	#F2E1DE	#FEFEFE
3297	#F7EEEC	#FFFFFF
3298	#F7EDEB	#FFFFFF
3299	#FBFAFD	#FFFFFF
3300	#FFFFFF	#FFFFFF
3301	#FBFAFD	#FFFFFF
3302	#E8CDCA	#FEFEFE
3303	#CB9690	#FCFCFC
3304	#FBFAFD	#FFFFFF
3305	#FBFAFD	#FFFFFF
3306	#FAF9FC	#FFFFFF
3307	#FFFFFF	#FFFFFF
3308	#F1E1DE	#FEFEFE
3309	#A89ECF	#FBFBFB
3310	#D3A59F	#FCFCFC
3311	#E1BEBA	#FEFEFE
3312	#FCF9F8	#FFFFFF
3313	#F9F0EF	#FFFFFF
3314	#D8D3EA	#FDFDFD
3315	#FAF3F2	#FFFFFF
3316	#ECD6D3	#FEFEFE
3317	#F6F4FA	#FFFFFF
3318	#EDEBF5	#FEFEFE
3319	#E5C7C3	#FDFDFD
3320	#E8CECA	#FDFDFD
3321	#EFECF6	#FEFEFE
3322	#FBF6F5	#FFFFFF
3323	#F4E5E3	#FEFEFE
3324	#FFFFFF	#FFFFFF
3325	#F7EDEC	#FEFEFE
3326	#F7ECEB	#FFFFFF
3327	#EEECF6	#FFFFFF
3329	#E6E2F1	#FEFEFE
3330	#DDD8EC	#FEFEFE
3331	#FFFFFF	#FFFFFF
3332	#EDD6D3	#FEFEFE
3333	#E5E1F1	#FDFDFD
3334	#F9F1F0	#FFFFFF
3335	#FCF9F9	#FFFFFF
3336	#F2F0F8	#FEFEFE
3337	#FFFFFF	#FFFFFF
3338	#F9F2F1	#FFFFFF
3339	#FEFDFD	#FFFFFF
3340	#FEFDFD	#FFFFFF
3341	#E9CECA	#FEFEFE
3342	#DDD9ED	#FDFDFD
3343	#ECD5D2	#FEFEFE
3344	#F7EDEC	#FEFEFE
3345	#EEECF6	#FFFFFF
3346	#FAF4F3	#FFFFFF
3347	#ECE9F5	#FEFEFE
3348	#F1E1DE	#FEFEFE
3349	#FEFDFC	#FFFFFF
3350	#D3A59F	#FCFCFC
3351	#E0BEB9	#FDFDFD
3352	#C3BBDE	#FDFDFD
3353	#EDD6D4	#FEFEFE
3354	#ECD6D3	#FEFEFE
3356	#ECD5D2	#FEFEFE
3357	#EFECF6	#FEFEFE
3358	#F2F0F8	#FFFFFF
3359	#FDFAFA	#FFFFFF
3360	#F2E2E0	#FEFEFE
3361	#E4C4C0	#FDFDFD
3362	#FBF6F5	#FFFFFF
3363	#F9F1F0	#FFFFFF
3364	#FAFAFD	#FFFFFF
3365	#ECD4D1	#FDFDFD
3366	#FCFBFD	#FFFFFF
3367	#FFFFFF	#FFFFFF
3368	#E2C1BC	#FDFDFD
3369	#FFFFFE	#FFFFFF
3370	#BF817A	#FAFAFA
3371	#EFEDF6	#FEFEFE
3372	#EAE7F4	#FEFEFE
3373	#FBF6F6	#FFFFFF
3374	#DDD8EC	#FEFEFE
3375	#CF9D97	#FCFCFC
3376	#E4E1F1	#FEFEFE
3377	#F2F0F8	#FFFFFF
3378	#F6F4FA	#FFFFFF
3379	#E4C5C1	#FCFCFC
3380	#F5E7E6	#FEFEFE
3381	#F9F1F0	#FFFFFF
3382	#EDEAF5	#FEFEFE
3383	#E7E4F2	#FEFEFE
3385	#F3E5E3	#FEFEFE
3386	#FBF6F5	#FFFFFF
3387	#EDEAF5	#FEFEFE
3388	#F2F0F8	#FEFEFE
3389	#EFECF6	#FEFEFE
3390	#F6EAE8	#FEFEFE
3391	#F4E5E4	#FEFEFE
3392	#FEFCFC	#FFFFFF
3393	#D4CEE7	#FDFDFD
3394	#FCFBFD	#FFFFFF
3395	#F7ECEB	#FFFFFF
3396	#D2CCE6	#FBFBFB
3397	#F9F1EF	#FFFFFF
3398	#FDFAFA	#FFFFFF
3399	#DEDAED	#FEFEFE
3400	#FAF3F3	#FFFFFF
3401	#FAF4F3	#FFFFFF
3402	#FEFDFC	#FFFFFF
3403	#FEFCFC	#FFFFFF
3404	#D9B0AB	#FDFDFD
3405	#F9F2F1	#FFFFFF
3406	#CEC7E4	#FDFDFD
3407	#F4E6E4	#FEFEFE
3408	#F6F4FA	#FFFFFF
3409	#FEFDFD	#FFFFFF
3410	#ECD5D2	#FEFEFE
3411	#E3C3BF	#FDFDFD
3412	#D3CEE7	#FDFDFD
3413	#FCF7F6	#FFFFFF
3414	#ECD4D1	#FEFEFE
3415	#FFFEFE	#FFFFFF
3416	#E4E1F0	#FEFEFE
3417	#E8CDC9	#FEFEFE
3418	#FEFDFD	#FFFFFF
3419	#FBF6F5	#FFFFFF
3420	#E2C0BC	#FDFDFD
3421	#EFEDF6	#FEFEFE
3422	#ECD5D2	#FEFEFE
3423	#F1E0DE	#FEFEFE
3424	#FBF6F5	#FFFFFF
3425	#FEFDFD	#FFFFFF
3426	#F6F4FA	#FFFFFF
3427	#F9F8FC	#FFFFFF
3428	#FBF6F5	#FFFFFF
3430	#E8E5F3	#FEFEFE
3431	#F2F0F8	#FEFEFE
3432	#FBF5F5	#FFFFFF
3433	#F2E1DE	#FEFEFE
3434	#E8E5F3	#FEFEFE
3435	#E4C4C0	#FDFDFD
3436	#EEECF6	#FFFFFF
3437	#E3DFF0	#FEFEFE
3438	#ECE9F5	#FEFEFE
3439	#EED9D6	#FEFEFE
3440	#F4E7E5	#FEFEFE
3441	#F7EDEC	#FEFEFE
3442	#FCFBFD	#FFFFFF
3443	#E6E3F1	#FEFEFE
3444	#FBFAFD	#FFFFFF
3445	#FBF7F6	#FFFFFF
3446	#D3A59F	#FCFCFC
3447	#F8F7FB	#FFFFFF
3448	#FCF7F6	#FFFFFF
3449	#FBFAFD	#FFFFFF
3450	#EAE7F4	#FEFEFE
3451	#D4CEE7	#FCFCFC
3452	#F1E0DE	#FEFEFE
3453	#F9F8FC	#FFFFFF
3454	#E4C4BF	#FDFDFD
3455	#FFFFFF	#FFFFFF
3456	#FEFDFD	#FFFFFF
3457	#EDEBF5	#FEFEFE
3458	#ECD5D2	#FEFEFE
3459	#ECD5D2	#FEFEFE
3460	#CB968F	#FCFCFC
3461	#FEFDFC	#FFFFFF
3462	#F9F1F0	#FFFFFF
3463	#F9F8FC	#FFFFFF
3464	#F9F1F0	#FFFFFF
3465	#E4C4C0	#FDFDFD
3466	#F7ECEA	#FFFFFF
3467	#F8F7FB	#FFFFFF
3468	#EDD6D3	#FEFEFE
3469	#EAD2CE	#FDFDFD
3470	#FAFAFD	#FFFFFF
3471	#E4C4C0	#FDFDFD
3472	#F6E9E8	#FEFEFE
3473	#F7EDEC	#FEFEFE
3474	#FCF7F7	#FFFFFF
3475	#FBFBFD	#FFFFFF
3476	#F6F5FA	#FFFFFF
3477	#F3F1F9	#FFFFFF
3478	#F8F7FB	#FFFFFF
3479	#E6E3F2	#FEFEFE
3480	#F9F8FC	#FFFFFF
3481	#ECD5D3	#FEFEFE
3482	#FEFEFE	#FFFFFF
3483	#F5F4FA	#FFFFFF
3484	#EEEBF6	#FFFFFF
3486	#FBF6F5	#FFFFFF
3487	#F8F7FB	#FFFFFF
3488	#F5F3FA	#FFFFFF
3489	#F2E2E0	#FEFEFE
3490	#F9F1F0	#FFFFFF
3491	#F6E9E8	#FEFEFE
3492	#F7EDEC	#FFFFFF
3493	#FBF7F6	#FFFFFF
3494	#F9F1F0	#FFFFFF
3495	#F2F0F8	#FFFFFF
3496	#ECD5D3	#FEFEFE
3497	#F0DCDA	#FEFEFE
3498	#D3CDE7	#FCFCFC
3499	#F1DFDD	#FEFEFE
3500	#FBF6F6	#FFFFFF
3501	#FFFFFF	#FFFFFF
3502	#D3A49F	#FCFCFC
3503	#ECD5D2	#FEFEFE
3504	#FBF6F6	#FFFFFF
3505	#DCD8EC	#FEFEFE
3506	#E8CDCA	#FEFEFE
3507	#E6C8C4	#FDFDFD
3508	#F7EDEC	#FEFEFE
3509	#FFFFFF	#FFFFFF
3510	#D9B0AA	#FDFDFD
3511	#F6EAE9	#FEFEFE
3512	#E6E3F1	#FEFEFE
3513	#9C92C9	#F6F6F6
3514	#FBF6F6	#FFFFFF
3515	#EEECF6	#FEFEFE
3516	#F6EAE8	#FEFEFE
3517	#EFECF6	#FEFEFE
3518	#DEDAED	#FEFEFE
3519	#F2E2E0	#FEFEFE
3520	#F6F5FA	#FFFFFF
3521	#F2E2E0	#FEFEFE
3522	#ECEAF5	#FEFEFE
3523	#FBF6F6	#FFFFFF
3524	#F6F4FA	#FFFFFF
3525	#F9F8FC	#FFFFFF
3526	#FEFDFD	#FFFFFF
3527	#CDC7E4	#FCFCFC
3528	#F0DDDA	#FEFEFE
3529	#FBF6F6	#FFFFFF
3531	#F7ECEA	#FFFFFF
3532	#FAF9FC	#FFFFFF
3533	#C1847D	#FAFAFA
3534	#FAF4F3	#FFFFFF
3535	#F6EAE8	#FEFEFE
3536	#F6F4FA	#FFFFFF
3537	#FAF4F4	#FFFFFF
3538	#F5F4FA	#FFFFFF
3539	#EDEAF5	#FEFEFE
3540	#FBF6F6	#FFFFFF
3541	#FAFAFD	#FFFFFF
3542	#E6C8C5	#FDFDFD
3543	#FEFDFD	#FFFFFF
3544	#E8CECA	#FEFEFE
3545	#F2E2E0	#FEFEFE
3546	#CC9791	#FCFCFC
3547	#D9B0AB	#FDFDFD
3548	#F8EEED	#FFFFFF
3549	#E5E2F1	#FEFEFE
3550	#F1E0DE	#FEFEFE
3551	#F3F1F8	#FFFFFF
3552	#C4BDDF	#FCFCFC
3553	#EED9D6	#FEFEFE
3554	#D3A49E	#FCFCFC
3555	#ECD5D2	#FEFEFE
3556	#F2E1DF	#FEFEFE
3557	#D4A59F	#FCFCFC
3558	#E9CECA	#FEFEFE
3559	#FBF6F6	#FFFFFF
3560	#F6F4FA	#FFFFFF
3561	#E1DCEE	#FDFDFD
3562	#E7CBC8	#FDFDFD
3563	#EED9D7	#FEFEFE
3564	#FBF7F6	#FFFFFF
3565	#CB9690	#FCFCFC
3566	#EBD3D0	#FDFDFD
3567	#F8F7FB	#FFFFFF
3568	#F7EDEB	#FFFFFF
3569	#E2C1BC	#FDFDFD
3570	#F9F1F0	#FEFEFE
3571	#FFFFFF	#FFFFFF
3572	#FBF6F6	#FFFFFF
3573	#FAF4F3	#FFFFFF
3574	#EBD4D1	#FDFDFD
3575	#FBFAFD	#FFFFFF
3576	#F7EDEC	#FEFEFE
3577	#F1E0DE	#FEFEFE
3578	#E5E1F1	#FDFDFD
3579	#E7E4F2	#FEFEFE
3580	#F8EEED	#FFFFFF
3581	#F6F5FA	#FFFFFF
3582	#F9F0EF	#FFFFFF
3583	#BE7F78	#FAFAFA
3584	#FAF3F2	#FFFFFF
3585	#EEECF6	#FEFEFE
3587	#FEFDFD	#FFFFFF
3588	#F0EEF7	#FEFEFE
3589	#FAF4F3	#FFFFFF
3590	#E1BEB9	#FDFDFD
3591	#FFFFFF	#FFFFFF
3592	#DFBBB6	#FCFCFC
3593	#F7F5FA	#FFFFFF
3594	#ECD5D2	#FEFEFE
3595	#FBF6F5	#FFFFFF
3596	#EDD6D4	#FEFEFE
3597	#F8EEED	#FFFFFF
3598	#F7EEEC	#FFFFFF
3599	#F5E9E8	#FEFEFE
3600	#EED9D6	#FEFEFE
3601	#E9CECA	#FEFEFE
3602	#F7EDEC	#FFFFFF
3603	#E9CECA	#FEFEFE
3604	#F9F0EF	#FFFFFF
3605	#EEECF6	#FEFEFE
3606	#F1DFDD	#FEFEFE
3607	#FDFAFA	#FFFFFF
3608	#F2F0F8	#FEFEFE
3609	#E1BEB9	#FEFEFE
3610	#E4E0F0	#FDFDFD
3611	#E2C0BC	#FDFDFD
3612	#FBF6F5	#FFFFFF
3613	#F9F8FC	#FFFFFF
3614	#F3E5E3	#FEFEFE
3615	#E4E1F1	#FEFEFE
3616	#FFFFFF	#FFFFFF
3617	#F9F1F0	#FFFFFF
3618	#D4A5A0	#FCFCFC
3619	#F9F1F0	#FFFFFF
3620	#FCF7F6	#FFFFFF
3621	#E2DEEF	#FDFDFD
3622	#F2F0F8	#FEFEFE
3623	#FBF7F6	#FFFFFF
3624	#E9E5F3	#FEFEFE
3625	#DEDAED	#FDFDFD
3626	#E9E6F3	#FEFEFE
3627	#F7ECEB	#FFFFFF
3628	#D5CFE8	#FEFEFE
3629	#FEFDFD	#FFFFFF
3630	#F7EDEB	#FFFFFF
3632	#FAF9FC	#FFFFFF
3633	#FCF9F8	#FFFFFF
3634	#F8EFED	#FEFEFE
3635	#F1E0DE	#FEFEFE
3636	#F2F0F8	#FFFFFF
3637	#ECE9F5	#FEFEFE
3638	#ECE9F5	#FEFEFE
3639	#DFDBEE	#FCFCFC
3640	#F4E7E5	#FEFEFE
3641	#FCFBFD	#FFFFFF
3642	#F2E2E0	#FEFEFE
3643	#E5E1F1	#FEFEFE
3644	#F3E4E2	#FEFEFE
3645	#F7ECEA	#FFFFFF
3646	#EEEBF6	#FFFFFF
3647	#F7ECEB	#FFFFFF
3648	#D3A59F	#FCFCFC
3649	#ECD5D2	#FEFEFE
3650	#FAF9FC	#FFFFFF
3651	#FBF6F5	#FFFFFF
3652	#D3CEE7	#FDFDFD
3653	#C68E87	#FBFBFB
3654	#D9B0AA	#FDFDFD
3655	#E9CECA	#FEFEFE
3656	#FBFAFD	#FFFFFF
3657	#ECD5D2	#FEFEFE
3658	#F7ECEB	#FFFFFF
3659	#F4E7E5	#FEFEFE
3660	#E6C8C4	#FDFDFD
3661	#D1CBE6	#FCFCFC
3662	#CF9D97	#FCFCFC
3663	#F7EDEB	#FFFFFF
3664	#E9CFCC	#FDFDFD
3665	#F1E0DE	#FEFEFE
3666	#FBFAFD	#FFFFFF
3667	#E3C4BF	#FDFDFD
3668	#E7CBC7	#FDFDFD
3669	#F2E1DF	#FEFEFE
3670	#F4E5E4	#FEFEFE
3671	#FFFEFE	#FFFFFF
3672	#F0EEF7	#FEFEFE
3673	#F7EDEC	#FEFEFE
3674	#F4E5E3	#FEFEFE
3675	#F4E5E3	#FEFEFE
3676	#F6F5FA	#FFFFFF
3677	#F3F1F8	#FFFFFF
3678	#DDD8EC	#FEFEFE
3679	#F7EDEC	#FEFEFE
3680	#F7ECEB	#FFFFFF
3681	#F1E0DD	#FEFEFE
3682	#DDD8ED	#FDFDFD
3683	#F0EDF7	#FEFEFE
3684	#E8CDCA	#FDFDFD
3685	#BF817A	#FAFAFA
3686	#F2F0F8	#FEFEFE
3688	#F3F1F8	#FEFEFE
3689	#F1E0DE	#FEFEFE
3690	#F3E4E2	#FEFEFE
3691	#DFBBB7	#FCFCFC
3692	#F4F3F9	#FFFFFF
3693	#F7EDEC	#FEFEFE
3694	#F5E8E6	#FEFEFE
3695	#E6C8C4	#FDFDFD
3696	#CCC5E3	#FDFDFD
3697	#F2F0F8	#FFFFFF
3698	#EDEAF5	#FEFEFE
3699	#E6C8C4	#FDFDFD
3700	#FBFBFD	#FFFFFF
3701	#C1847D	#FAFAFA
3702	#ECD5D2	#FEFEFE
3703	#C68E87	#FBFBFB
3704	#AFA6D3	#FCFCFC
3705	#F1E0DD	#FEFEFE
3706	#E1BEBA	#FEFEFE
3707	#D4CEE8	#FEFEFE
3708	#ECD5D2	#FEFEFE
3709	#CF9D96	#FCFCFC
3710	#E6C9C5	#FDFDFD
3711	#E1DDEF	#FDFDFD
3712	#E9E6F3	#FEFEFE
3713	#E2C1BC	#FDFDFD
3714	#F7ECEB	#FFFFFF
3715	#F4E6E4	#FEFEFE
3716	#E6C8C4	#FDFDFD
3717	#FDFBFB	#FFFFFF
3718	#D4CEE8	#FEFEFE
3719	#D4A59F	#FCFCFC
3720	#F7F5FA	#FFFFFF
3721	#F4E5E3	#FEFEFE
3722	#F9F8FC	#FFFFFF
3723	#CCC5E3	#FCFCFC
3724	#E6E2F1	#FEFEFE
3725	#EFECF6	#FEFEFE
3726	#F6F4FA	#FFFFFF
3727	#FAF9FC	#FFFFFF
3728	#EFEDF6	#FEFEFE
3729	#F4E6E4	#FEFEFE
3730	#E9E5F3	#FEFEFE
3731	#FEFDFD	#FFFFFF
3733	#F6F4FA	#FFFFFF
3734	#F6E9E8	#FEFEFE
3735	#DED9ED	#FEFEFE
3736	#FDFBFB	#FFFFFF
3737	#E7E3F2	#FEFEFE
3738	#E4E0F0	#FEFEFE
3739	#D9D4EA	#FCFCFC
3740	#FDFDFE	#FFFFFF
3741	#EDEAF5	#FEFEFE
3742	#EDEBF5	#FEFEFE
3743	#F9F8FC	#FFFFFF
3744	#FAF4F3	#FFFFFF
3745	#CF9D97	#FCFCFC
3746	#DDB7B2	#FCFCFC
3747	#FAFAFD	#FFFFFF
3748	#E5C7C3	#FDFDFD
3749	#FFFFFE	#FFFFFF
3750	#FBF6F5	#FFFFFF
3751	#DEB8B3	#FCFCFC
3752	#FBFAFD	#FFFFFF
3753	#FBF6F5	#FFFFFF
3754	#D9B0AA	#FDFDFD
3755	#FFFFFF	#FFFFFF
3756	#EBD4D0	#FEFEFE
3757	#FEFDFD	#FFFFFF
3758	#F2F0F8	#FFFFFF
3759	#F1DFDD	#FEFEFE
3760	#F4E7E5	#FEFEFE
3761	#F7EDEB	#FFFFFF
3762	#F5F4FA	#FFFFFF
3763	#F8EEED	#FFFFFF
3764	#E6E3F2	#FEFEFE
3765	#FBF5F5	#FFFFFF
3766	#ECEAF5	#FEFEFE
3767	#F9F1F0	#FEFEFE
3768	#F2E1DE	#FEFEFE
3769	#EDD7D4	#FEFEFE
3770	#F9F2F1	#FFFFFF
3771	#F4E5E4	#FEFEFE
3772	#F9F0EF	#FFFFFF
3773	#F0EDF7	#FFFFFF
3774	#F4E6E4	#FEFEFE
3775	#F4E7E5	#FEFEFE
3776	#F2F0F8	#FEFEFE
3777	#F2E1DF	#FEFEFE
3778	#FDFAFA	#FFFFFF
3779	#EDEAF5	#FEFEFE
3780	#DCD7EC	#FEFEFE
3781	#EBD4D0	#FEFEFE
3782	#F9F9FC	#FFFFFF
3783	#FDFDFE	#FFFFFF
3784	#C1BADD	#FAFAFA
3785	#F7F6FB	#FFFFFF
3786	#E8CCC8	#FDFDFD
3787	#F8EEED	#FFFFFF
3789	#E2DEEF	#FDFDFD
3790	#F9F8FC	#FFFFFF
3791	#EDD7D4	#FEFEFE
3792	#D4CEE8	#FDFDFD
3793	#E6C8C4	#FDFDFD
3794	#E4C4C0	#FDFDFD
3795	#F4E5E3	#FEFEFE
3796	#F3E5E3	#FEFEFE
3797	#F1E0DE	#FEFEFE
3798	#E6C8C4	#FDFDFD
3799	#F9F9FC	#FFFFFF
3800	#F1E0DE	#FEFEFE
3801	#EDD6D3	#FEFEFE
3802	#F4E6E4	#FEFEFE
3803	#F7EDEB	#FFFFFF
3804	#FAF9FC	#FFFFFF
3805	#CC9790	#FCFCFC
3806	#F1E0DE	#FEFEFE
3807	#E8CDCA	#FEFEFE
3808	#E0BEB9	#FEFEFE
3809	#FAF9FC	#FFFFFF
3810	#FBF6F5	#FFFFFF
3811	#F6F5FA	#FFFFFF
3812	#F4E5E3	#FEFEFE
3813	#E6C8C4	#FDFDFD
3814	#E4E1F1	#FEFEFE
3815	#FDFDFE	#FFFFFF
3816	#E8E4F2	#FEFEFE
3817	#F0EDF7	#FEFEFE
3818	#CF9C96	#FCFCFC
3819	#EDEAF5	#FEFEFE
3820	#F8EEED	#FFFFFF
3821	#ECD5D2	#FEFEFE
3822	#CB9690	#FCFCFC
3823	#FCFCFD	#FFFFFF
3824	#DCD7EC	#FEFEFE
3825	#F0EEF7	#FFFFFF
3826	#F2E2E0	#FEFEFE
3827	#FDFCFE	#FFFFFF
3828	#F5E9E8	#FEFEFE
3829	#BF827B	#FAFAFA
3830	#F1DFDC	#FEFEFE
3831	#E6C8C4	#FDFDFD
3832	#EED9D6	#FEFEFE
3834	#FDFAF9	#FFFFFF
3835	#F0DEDC	#FEFEFE
3836	#F8EFEE	#FEFEFE
3837	#E2C0BC	#FDFDFD
3838	#EFECF6	#FEFEFE
3839	#DBD6EB	#FCFCFC
3840	#F6F5FA	#FFFFFF
3841	#F0EEF7	#FEFEFE
3842	#F9F1F0	#FFFFFF
3843	#D4CEE8	#FDFDFD
3844	#F2F0F8	#FEFEFE
3845	#F0DCDA	#FEFEFE
3846	#C48983	#FBFBFB
3847	#CCC5E3	#FDFDFD
3848	#F1E0DE	#FEFEFE
3849	#EFDCD9	#FEFEFE
3850	#D4A59F	#FCFCFC
3851	#E2C0BC	#FDFDFD
3852	#F3F2F9	#FEFEFE
3853	#ECD5D1	#FEFEFE
3854	#EBD4D0	#FEFEFE
3855	#EBD4D0	#FEFEFE
3856	#FAF9FC	#FFFFFF
3857	#EFEDF6	#FEFEFE
3858	#EFEDF6	#FEFEFE
3859	#CC9791	#FCFCFC
3860	#F9F1F0	#FFFFFF
3861	#E8CECA	#FEFEFE
3862	#F7EDEC	#FFFFFF
3863	#F3E4E2	#FEFEFE
3864	#ECD5D2	#FEFEFE
3865	#B7AFD8	#FDFDFD
3866	#E9E6F3	#FEFEFE
3867	#E2C1BC	#FDFDFD
3868	#F9F2F1	#FFFFFF
3869	#F7EEEC	#FFFFFF
3870	#FCF8F8	#FFFFFF
3871	#F9F1F0	#FFFFFF
3872	#FCF7F6	#FFFFFF
3873	#FFFFFF	#FFFFFF
3874	#F3E5E3	#FEFEFE
3875	#FBF5F4	#FFFFFF
3876	#FCF7F7	#FFFFFF
3877	#E9CFCC	#FDFDFD
3878	#EFDCDA	#FEFEFE
3879	#EED9D6	#FEFEFE
3880	#E4C4C0	#FDFDFD
3881	#EBD4D0	#FEFEFE
3882	#FAF9FC	#FFFFFF
3883	#ECD5D2	#FEFEFE
3884	#FBF6F5	#FFFFFF
3885	#F5F3FA	#FFFFFF
3886	#F1EFF8	#FEFEFE
3887	#FAF4F3	#FFFFFF
3888	#FDFAFA	#FFFFFF
3890	#F0DDDA	#FEFEFE
3891	#D7D2E9	#FDFDFD
3892	#E8E5F2	#FEFEFE
3893	#FBF6F5	#FFFFFF
3894	#F6EAE8	#FEFEFE
3895	#F1DFDD	#FEFEFE
3896	#F4E7E5	#FEFEFE
3897	#ECD5D3	#FEFEFE
3898	#FBFBFD	#FFFFFF
3899	#E6C8C4	#FDFDFD
3900	#E6C8C4	#FDFDFD
3901	#F1E0DD	#FEFEFE
3902	#DEDAED	#FEFEFE
3903	#ECD5D2	#FEFEFE
3904	#F8EEED	#FFFFFF
3905	#E1BEB9	#FEFEFE
3906	#F1DFDC	#FEFEFE
3907	#F1E0DE	#FEFEFE
3908	#EFECF6	#FEFEFE
3909	#D9AFAA	#FDFDFD
3910	#F2F1F8	#FFFFFF
3911	#EFDCDA	#FEFEFE
3912	#F4E6E4	#FEFEFE
3913	#FCFBFD	#FFFFFF
3914	#D4A59F	#FCFCFC
3915	#C68D86	#FBFBFB
3916	#EFEDF6	#FEFEFE
3917	#C48A83	#FBFBFB
3918	#F0EEF7	#FEFEFE
3919	#F6EAE8	#FEFEFE
3920	#FAF9FC	#FFFFFF
3921	#FAF4F3	#FFFFFF
3922	#FFFEFE	#FFFFFF
3923	#F5F4FA	#FFFFFF
3924	#FFFFFF	#FFFFFF
3925	#FAF9FC	#FFFFFF
3926	#E4C4C0	#FDFDFD
3927	#E6C9C6	#FDFDFD
3928	#EEEBF6	#FEFEFE
3929	#DEDAED	#FEFEFE
3930	#DFBBB6	#FCFCFC
3931	#F7ECEB	#FFFFFF
3932	#EED9D6	#FEFEFE
3933	#E8CDCA	#FEFEFE
3935	#E9CECA	#FDFDFD
3936	#DED9ED	#FCFCFC
3937	#F2F1F8	#FFFFFF
3938	#EBE9F4	#FEFEFE
3939	#FFFFFF	#FFFFFF
3940	#F7EDEC	#FEFEFE
3941	#DED9ED	#FEFEFE
3942	#ECEAF5	#FEFEFE
3943	#FEFDFD	#FFFFFF
3944	#F2E1DF	#FEFEFE
3945	#EFECF6	#FEFEFE
3946	#FCFBFD	#FFFFFF
3947	#FCF8F7	#FFFFFF
3948	#F4E6E4	#FEFEFE
3949	#D4A5A0	#FCFCFC
3950	#E6E3F2	#FEFEFE
3951	#FBF6F6	#FFFFFF
3952	#FFFFFF	#FFFFFF
3953	#FCF9F8	#FFFFFF
3954	#EED9D6	#FEFEFE
3955	#EBD4D0	#FEFEFE
3956	#F1E0DD	#FEFEFE
3957	#ECD6D3	#FEFEFE
3958	#F3E5E3	#FEFEFE
3959	#FBFAFD	#FFFFFF
3960	#E1BEBA	#FEFEFE
3961	#F4E5E3	#FEFEFE
3962	#F1E0DE	#FEFEFE
3963	#F5E7E5	#FEFEFE
3964	#FCFCFE	#FFFFFF
3965	#E6C8C4	#FDFDFD
3966	#FEFCFC	#FFFFFF
3967	#F7EDEB	#FFFFFF
3968	#F2E2DF	#FEFEFE
3969	#ECD4D1	#FEFEFE
3970	#F7EDEC	#FEFEFE
3971	#F9F2F1	#FFFFFF
3972	#FFFEFE	#FFFFFF
3973	#CF9D97	#FCFCFC
3974	#E1BEBA	#FEFEFE
3975	#E0DCEE	#FDFDFD
3976	#F4E7E5	#FEFEFE
3977	#F6EAE9	#FEFEFE
3978	#F7ECEA	#FFFFFF
3979	#FDFBFB	#FFFFFF
3980	#E4E1F1	#FEFEFE
3981	#E4E1F1	#FEFEFE
3982	#FEFDFD	#FFFFFF
3983	#F4E7E5	#FEFEFE
3984	#F9F1F0	#FFFFFF
3985	#F7ECEA	#FEFEFE
3986	#FBF7F6	#FFFFFF
3987	#EFEDF6	#FEFEFE
3988	#DEDAED	#FEFEFE
3989	#F6EAE8	#FEFEFE
4042	#E4C4C0	#FDFDFD
4043	#F9F9FC	#FFFFFF
4044	#F9F0EF	#FFFFFF
4045	#E4E0F0	#FEFEFE
4046	#FBF7F6	#FFFFFF
4047	#FBF6F5	#FFFFFF
4048	#F2F0F8	#FFFFFF
4049	#DCD8EC	#FEFEFE
4050	#FAF4F3	#FFFFFF
4051	#F8EEED	#FFFFFF
4052	#F7EDEC	#FEFEFE
4053	#EFECF6	#FEFEFE
4054	#EFEDF6	#FEFEFE
4055	#FAF9FC	#FFFFFF
4056	#EDD7D4	#FEFEFE
4057	#FAF4F4	#FFFFFF
4058	#F7ECEB	#FEFEFE
4059	#F8EEED	#FFFFFF
4060	#FFFFFE	#FFFFFF
4061	#E6C8C4	#FDFDFD
4062	#E8CDCA	#FEFEFE
4063	#A79DCF	#FBFBFB
4064	#FFFEFE	#FFFFFF
4065	#F5E8E6	#FEFEFE
4066	#EAE7F4	#FEFEFE
4067	#DCD7EC	#FEFEFE
4068	#F7EEEC	#FFFFFF
4069	#FCF8F8	#FFFFFF
4070	#EEECF6	#FEFEFE
4071	#FAF9FC	#FFFFFF
4072	#B8AFD8	#FDFDFD
4073	#F5E8E6	#FEFEFE
4074	#EFECF6	#FEFEFE
4075	#F6F5FA	#FFFFFF
4076	#DEDAED	#FDFDFD
4077	#FBFAFD	#FFFFFF
4078	#F4E5E3	#FEFEFE
4079	#FAF9FC	#FFFFFF
4080	#ECD5D2	#FEFEFE
4081	#E8E4F2	#FEFEFE
4082	#F6EAE8	#FEFEFE
4083	#F7EDEC	#FEFEFE
4084	#F4E5E4	#FEFEFE
4085	#F5E7E5	#FEFEFE
4087	#EEECF6	#FFFFFF
4088	#E2DFF0	#FEFEFE
4089	#FEFDFD	#FFFFFF
4090	#F4E6E4	#FEFEFE
4091	#D5D0E8	#FDFDFD
4092	#CF9D97	#FCFCFC
4093	#FFFFFF	#FFFFFF
4094	#EFECF6	#FEFEFE
4095	#F4E6E4	#FEFEFE
4096	#F6F5FA	#FFFFFF
4097	#FDFBFB	#FFFFFF
4098	#FBF6F5	#FFFFFF
4099	#F1E0DE	#FEFEFE
4100	#F9F1F0	#FFFFFF
4101	#DED9ED	#FDFDFD
4102	#F9F9FC	#FFFFFF
4103	#D6D1E9	#FDFDFD
4104	#E6C8C4	#FDFDFD
4105	#CC9791	#FCFCFC
4106	#FBFBFD	#FFFFFF
4107	#FDFCFE	#FFFFFF
4108	#E7E4F2	#FEFEFE
4109	#E1DDEF	#FDFDFD
4110	#F5E8E6	#FEFEFE
4111	#F0DDDA	#FEFEFE
4112	#F3E5E3	#FEFEFE
4113	#C68D86	#FBFBFB
4114	#EAE7F4	#FEFEFE
4115	#FCFBFD	#FFFFFF
4116	#F9F8FC	#FFFFFF
4117	#F9F9FC	#FFFFFF
4118	#A79DCF	#FBFBFB
4119	#DDD9ED	#FEFEFE
4120	#F6EAE9	#FEFEFE
4121	#F9F1F0	#FFFFFF
4122	#D4CEE7	#FDFDFD
4123	#ECD5D1	#FEFEFE
4124	#FDFBFB	#FFFFFF
4125	#F6F5FA	#FFFFFF
4126	#D8D3EA	#FDFDFD
4127	#F2F0F8	#FEFEFE
4128	#EFEDF6	#FEFEFE
4129	#FEFCFC	#FFFFFF
4130	#F6F5FA	#FFFFFF
4131	#F1DFDD	#FEFEFE
4132	#EEECF6	#FFFFFF
4133	#EFDCD9	#FEFEFE
4134	#FFFFFF	#FFFFFF
4135	#F2F0F8	#FFFFFF
4136	#FCF9F8	#FFFFFF
4137	#FBFAFD	#FFFFFF
4138	#D7D2E9	#FCFCFC
4139	#E6E2F1	#FEFEFE
4140	#D4CEE7	#FCFCFC
4141	#E4C4C0	#FDFDFD
4143	#D4A59F	#FCFCFC
4144	#EFEDF6	#FEFEFE
4145	#D4CEE7	#FDFDFD
4146	#F2F0F8	#FFFFFF
4147	#DFDBEE	#FEFEFE
4148	#F6F4FA	#FFFFFF
4149	#F9F1F0	#FFFFFF
4150	#F7EDEB	#FFFFFF
4151	#D7D2E9	#FDFDFD
4152	#E9E5F3	#FEFEFE
4153	#FBFAFD	#FFFFFF
4154	#E3DFF0	#FDFDFD
4155	#C7C0E0	#FCFCFC
4156	#F9F1F0	#FFFFFF
4157	#DDD8ED	#FEFEFE
4158	#FBF6F5	#FFFFFF
4159	#F9F8FC	#FFFFFF
4160	#FBF6F5	#FFFFFF
4161	#ECD5D2	#FEFEFE
4162	#FAF9FC	#FFFFFF
4163	#E9CECB	#FEFEFE
4164	#EEECF6	#FFFFFF
4165	#EAE7F4	#FEFEFE
4166	#F1E0DE	#FEFEFE
4167	#EEECF6	#FFFFFF
4168	#CF9E97	#FCFCFC
4169	#F9F8FC	#FFFFFF
4170	#FEFDFD	#FFFFFF
4171	#FFFEFE	#FFFFFF
4172	#FBFAFD	#FFFFFF
4173	#E9E5F3	#FEFEFE
4174	#EFECF6	#FFFFFF
4175	#DED9ED	#FEFEFE
4176	#ECD4D1	#FEFEFE
4177	#F9F8FC	#FFFFFF
4178	#D4CFE8	#FEFEFE
4179	#E9CFCC	#FDFDFD
4180	#FBF6F5	#FFFFFF
4181	#F7ECEB	#FFFFFF
4182	#EFECF6	#FEFEFE
4183	#E8CDCA	#FEFEFE
4184	#D9AFAA	#FBFBFB
4185	#F6F5FA	#FFFFFF
4186	#F7ECEB	#FEFEFE
4188	#ECE9F5	#FEFEFE
4189	#E2DEEF	#FDFDFD
4190	#F6F5FA	#FFFFFF
4191	#F5F3F9	#FFFFFF
4192	#F0EDF7	#FEFEFE
4193	#F5E7E6	#FEFEFE
4194	#F1E0DE	#FEFEFE
4195	#F1E0DE	#FEFEFE
4196	#D4CEE8	#FDFDFD
4197	#E4E0F0	#FEFEFE
4198	#F7ECEB	#FEFEFE
4199	#F9F8FC	#FFFFFF
4200	#ECD5D2	#FEFEFE
4201	#F2F1F8	#FFFFFF
4202	#E4E1F1	#FEFEFE
4203	#F8EEED	#FFFFFF
4204	#B7AFD8	#FDFDFD
4205	#F7ECEB	#FFFFFF
4206	#CDC7E4	#FDFDFD
4207	#FEFDFC	#FFFFFF
4208	#F1DFDD	#FEFEFE
4209	#FBF6F6	#FFFFFF
4210	#F0DDDA	#FEFEFE
4211	#F9F0EF	#FFFFFF
4212	#A79DCF	#FBFBFB
4213	#FBF6F5	#FFFFFF
4214	#F7EDEB	#FFFFFF
4215	#D4CEE8	#FDFDFD
4216	#F7EEEC	#FFFFFF
4217	#FBFBFD	#FFFFFF
4218	#DBD6EC	#FEFEFE
4219	#FFFFFF	#FFFFFF
4220	#FBF6F5	#FFFFFF
4221	#EDEAF5	#FEFEFE
4222	#EFDCD9	#FEFEFE
4223	#FBF6F5	#FFFFFF
4224	#DDD9ED	#FEFEFE
4225	#EEEBF6	#FEFEFE
4226	#F9F8FC	#FFFFFF
4227	#FBF6F5	#FFFFFF
4228	#FBF7F6	#FFFFFF
4229	#F4E7E5	#FEFEFE
4230	#F2E2E0	#FEFEFE
4231	#F5E8E6	#FEFEFE
4232	#EFEDF6	#FEFEFE
4233	#ECD5D2	#FEFEFE
4234	#FBF7F6	#FFFFFF
4235	#F5E9E8	#FEFEFE
4236	#FAF9FC	#FFFFFF
4237	#FEFDFD	#FFFFFF
4238	#F6F5FA	#FFFFFF
4239	#F1DFDD	#FEFEFE
4240	#EFECF6	#FEFEFE
4241	#F9F1F0	#FFFFFF
4242	#E6E3F2	#FEFEFE
4244	#FCFBFD	#FFFFFF
4245	#EBD4D0	#FEFEFE
4246	#E1DDEF	#FDFDFD
4247	#FDFBFB	#FFFFFF
4248	#F7EDEB	#FEFEFE
4249	#D7D1E9	#FDFDFD
4250	#F6EAE9	#FEFEFE
4251	#FBF6F5	#FFFFFF
4252	#F5E7E6	#FEFEFE
4253	#F6F4FA	#FFFFFF
4254	#FBF6F5	#FFFFFF
4255	#F9F9FC	#FFFFFF
4256	#E8E5F3	#FEFEFE
4257	#D8D3EA	#FDFDFD
4258	#E6E2F1	#FEFEFE
4259	#FAF4F3	#FFFFFF
4260	#F3F1F8	#FEFEFE
4261	#FAF3F2	#FFFFFF
4262	#E6E2F1	#FEFEFE
4263	#D9B0AB	#FDFDFD
4264	#E5E1F1	#FEFEFE
4265	#E5E1F1	#FDFDFD
4266	#E9E6F3	#FEFEFE
4267	#FBF5F5	#FFFFFF
4268	#FAF9FC	#FFFFFF
4269	#E2C0BC	#FDFDFD
4270	#F6EAE8	#FFFFFF
4271	#F9F9FC	#FFFFFF
4272	#F6F5FA	#FFFFFF
4273	#F2F0F8	#FFFFFF
4274	#F9F1F0	#FFFFFF
4275	#F8EEED	#FFFFFF
4276	#ECD5D2	#FEFEFE
4277	#FBF6F6	#FFFFFF
4278	#F7ECEB	#FFFFFF
4279	#FBF6F6	#FFFFFF
4280	#F6F4FA	#FFFFFF
4281	#FBF6F5	#FFFFFF
4282	#FBF7F6	#FFFFFF
4283	#F7EDEB	#FFFFFF
4284	#ECD5D2	#FEFEFE
4285	#F9F1F0	#FFFFFF
4286	#CCC5E3	#FDFDFD
4287	#D4A59F	#FCFCFC
4289	#F5E8E6	#FEFEFE
4290	#F1E0DE	#FEFEFE
4291	#DDD8ED	#FDFDFD
4292	#F6F4FA	#FFFFFF
4293	#F0EDF7	#FEFEFE
4294	#FBF6F6	#FFFFFF
4295	#F1E0DE	#FEFEFE
4296	#EDEBF5	#FEFEFE
4297	#F9F8FC	#FFFFFF
4298	#FAF9FC	#FFFFFF
4299	#E8CDCA	#FEFEFE
4300	#F6F4FA	#FFFFFF
4301	#FBFBFD	#FFFFFF
4302	#F8EEED	#FFFFFF
4303	#FFFFFF	#FFFFFF
4304	#E5E2F1	#FEFEFE
4305	#FBFAFD	#FFFFFF
4306	#EEECF6	#FEFEFE
4307	#ECD5D2	#FEFEFE
4308	#FBFAFD	#FFFFFF
4309	#F7EDEB	#FFFFFF
4310	#EBD4D0	#FEFEFE
4311	#F9F8FC	#FFFFFF
4312	#AFA5D3	#FCFCFC
4313	#FDFBFA	#FFFFFF
4314	#FBFAFD	#FFFFFF
4315	#F2E2E0	#FEFEFE
4316	#E5E1F1	#FEFEFE
4317	#EFDCD9	#FEFEFE
4318	#FEFDFD	#FFFFFF
4319	#F9F8FC	#FFFFFF
4320	#F4E5E3	#FEFEFE
4321	#A197CC	#FBFBFB
4322	#B7AFD8	#FDFDFD
4323	#F6F4FA	#FFFFFF
4324	#EEECF6	#FFFFFF
4325	#FBFAFD	#FFFFFF
4326	#D3CDE7	#FDFDFD
4327	#ECD5D2	#FEFEFE
4328	#F7EDEB	#FFFFFF
4329	#E5E1F1	#FEFEFE
4330	#F3F1F8	#FFFFFF
4331	#FAF9FC	#FFFFFF
4332	#FAF9FC	#FFFFFF
4333	#D3CEE7	#FDFDFD
4334	#E1BEB9	#FDFDFD
4335	#F1E0DE	#FEFEFE
4336	#FAF3F2	#FFFFFF
4337	#F1E0DD	#FEFEFE
4338	#FEFDFD	#FFFFFF
4339	#FBF6F6	#FFFFFF
4340	#F2F0F8	#FEFEFE
4341	#F6F5FA	#FFFFFF
4342	#EFECF6	#FEFEFE
4343	#DDD8EC	#FDFDFD
4345	#DCB5B0	#FCFCFC
4346	#F7EDEB	#FEFEFE
4347	#F2F0F8	#FFFFFF
4348	#E6E2F1	#FEFEFE
4349	#D4CEE8	#FEFEFE
4350	#EFECF6	#FEFEFE
4351	#EDEAF5	#FEFEFE
4352	#FBF6F6	#FFFFFF
4353	#E6E2F1	#FEFEFE
4354	#E4E0F0	#FEFEFE
4355	#D4CEE8	#FDFDFD
4356	#FEFDFD	#FFFFFF
4357	#ECD5D2	#FEFEFE
4358	#DDD8ED	#FEFEFE
4359	#F9F8FC	#FFFFFF
4360	#EED9D6	#FEFEFE
4361	#FAF4F3	#FFFFFF
4362	#F0EDF7	#FEFEFE
4363	#C68D86	#FBFBFB
4364	#FCF8F7	#FFFFFF
4365	#E4E1F1	#FEFEFE
4366	#F2F1F8	#FFFFFF
4367	#C4BDDF	#FCFCFC
4368	#FAF9FC	#FFFFFF
4369	#DEDAED	#FEFEFE
4370	#FCF7F7	#FFFFFF
4371	#F8EEED	#FFFFFF
4372	#FEFEFE	#FFFFFF
4373	#EBD4D0	#FEFEFE
4374	#F4E6E4	#FEFEFE
4375	#F1E0DE	#FEFEFE
4376	#F7ECEB	#FFFFFF
4377	#FCFCFD	#FFFFFF
4378	#EFEDF6	#FEFEFE
4379	#E0BEB9	#FEFEFE
4380	#F3F1F8	#FEFEFE
4381	#FBFAFD	#FFFFFF
4382	#F6F5FA	#FFFFFF
4383	#FBFBFD	#FFFFFF
4384	#E8CDC9	#FEFEFE
4385	#FAF4F3	#FFFFFF
4386	#FAF9FC	#FFFFFF
4387	#DDD8ED	#FEFEFE
4388	#FBF6F5	#FFFFFF
4390	#FBFAFD	#FFFFFF
4391	#F8F7FB	#FFFFFF
4392	#E2DEEF	#FDFDFD
4393	#FCF8F7	#FFFFFF
4394	#D9D4EB	#FCFCFC
4395	#F8F7FB	#FFFFFF
4396	#EED8D6	#FEFEFE
4397	#FBF7F6	#FFFFFF
4398	#DDD8ED	#FDFDFD
4399	#FDFAFA	#FFFFFF
4400	#F1DFDD	#FEFEFE
4401	#A79ECF	#FBFBFB
4402	#EFEDF6	#FEFEFE
4403	#FAF5F4	#FFFFFF
4404	#FCF7F7	#FFFFFF
4405	#EED9D6	#FEFEFE
4406	#FBFAFD	#FFFFFF
4407	#FEFDFD	#FFFFFF
4408	#E1BEBA	#FEFEFE
4409	#FBF6F5	#FFFFFF
4410	#F9F1F0	#FFFFFF
4411	#FBF6F5	#FFFFFF
4412	#ECEAF5	#FEFEFE
4413	#FBFAFD	#FFFFFF
4414	#EFEDF6	#FEFEFE
4415	#F1E0DE	#FEFEFE
4416	#FFFEFF	#FFFFFF
4417	#EEECF6	#FEFEFE
4418	#F6F5FA	#FFFFFF
4419	#EDEAF5	#FEFEFE
4420	#E8E5F3	#FEFEFE
4421	#F2F0F8	#FFFFFF
4422	#E8E5F3	#FEFEFE
4423	#FEFDFD	#FFFFFF
4424	#F0DDDA	#FEFEFE
4425	#F6EAE8	#FEFEFE
4426	#CCC6E3	#FDFDFD
4427	#F9F8FC	#FFFFFF
4428	#FDFBFB	#FFFFFF
4429	#9B91C8	#FAFAFA
4430	#EDD6D3	#FEFEFE
4431	#F7ECEA	#FFFFFF
4432	#FBF6F6	#FFFFFF
4433	#DDD8EC	#FDFDFD
4434	#F5E7E5	#FEFEFE
4435	#FBF6F5	#FFFFFF
4436	#F9F0EF	#FFFFFF
4437	#EBD2CF	#FDFDFD
4438	#EFEDF6	#FEFEFE
4439	#CC9791	#FCFCFC
4440	#E8CDCA	#FEFEFE
4441	#F8F7FB	#FFFFFF
4442	#F8EEED	#FEFEFE
4443	#D0CAE6	#FCFCFC
4444	#FAF4F3	#FFFFFF
4446	#F9F1F0	#FFFFFF
4447	#FCFCFE	#FFFFFF
4448	#F1E1DE	#FEFEFE
4449	#E6C8C4	#FDFDFD
4450	#DDD9ED	#FDFDFD
4451	#FAF4F3	#FFFFFF
4452	#F9F1F0	#FFFFFF
4453	#F5E8E6	#FEFEFE
4454	#F9F8FC	#FFFFFF
4455	#E5E1F1	#FEFEFE
4456	#F2F1F8	#FFFFFF
4457	#FBF7F6	#FFFFFF
4458	#DBD7EC	#FEFEFE
4459	#F6F5FA	#FFFFFF
4460	#B7AFD8	#FDFDFD
4461	#CBC5E3	#FCFCFC
4462	#FBFAFD	#FFFFFF
4463	#E6C8C4	#FDFDFD
4464	#FEFCFC	#FFFFFF
4465	#FBF5F4	#FFFFFF
4466	#EFDCD9	#FEFEFE
4467	#F8EFED	#FFFFFF
4468	#D9D3EA	#FDFDFD
4469	#D4CEE8	#FDFDFD
4470	#E3C3BF	#FDFDFD
4471	#FEFDFD	#FFFFFF
4472	#DCD8EC	#FEFEFE
4473	#EEECF6	#FFFFFF
4474	#F0DCDA	#FEFEFE
4475	#E2C0BC	#FDFDFD
4476	#F4E5E3	#FEFEFE
4477	#FAF9FC	#FFFFFF
4478	#FBFBFD	#FFFFFF
4479	#FCF9F8	#FFFFFF
4480	#F4E5E3	#FEFEFE
4481	#D3CEE7	#FDFDFD
4482	#DCD8EC	#FDFDFD
4483	#FEFDFD	#FFFFFF
4484	#F1E0DD	#FEFEFE
4485	#E9CECB	#FEFEFE
4486	#F8EFEE	#FEFEFE
4487	#EDD6D3	#FEFEFE
4488	#ECD5D2	#FEFEFE
4489	#F7ECEB	#FFFFFF
4491	#F7ECEB	#FFFFFF
4492	#DCD8EC	#FEFEFE
4493	#ECE9F5	#FEFEFE
4494	#F3F1F8	#FEFEFE
4495	#FCFBFD	#FFFFFF
4496	#F1E0DE	#FEFEFE
4497	#FAF9FC	#FFFFFF
4498	#F6F5FA	#FFFFFF
4499	#F0EDF7	#FFFFFF
4500	#FBFAFD	#FFFFFF
4501	#D8D3EA	#FDFDFD
4502	#C1BADE	#FBFBFB
4503	#CBC5E3	#FDFDFD
4504	#FBF6F5	#FFFFFF
4505	#F1E0DE	#FEFEFE
4506	#F6F4FA	#FFFFFF
4507	#F6F4FA	#FFFFFF
4508	#F9F1F0	#FFFFFF
4509	#FCFBFD	#FFFFFF
4510	#FFFEFE	#FFFFFF
4511	#D9AFAA	#FDFDFD
4512	#D4A5A0	#FCFCFC
4513	#F7ECEB	#FFFFFF
4514	#FEFEFE	#FFFFFF
4515	#FBFAFD	#FFFFFF
4516	#EEECF6	#FEFEFE
4517	#FEFEFE	#FFFFFF
4518	#E9CECB	#FEFEFE
4519	#F1E1DE	#FEFEFE
4520	#FAF9FC	#FFFFFF
4521	#EFECF6	#FFFFFF
4522	#F7EDEC	#FFFFFF
4523	#FBF7F6	#FFFFFF
4524	#E8CDCA	#FEFEFE
4525	#FDFBFB	#FFFFFF
4526	#F1E0DE	#FEFEFE
4527	#EEECF6	#FFFFFF
4528	#F9F9FC	#FFFFFF
4529	#FDFCFE	#FFFFFF
4530	#F4E6E4	#FEFEFE
4531	#F1E0DE	#FEFEFE
4532	#F2E1DE	#FEFEFE
4533	#D3CDE7	#FDFDFD
4534	#F7ECEB	#FFFFFF
4535	#CC9790	#FCFCFC
4536	#F4E7E5	#FEFEFE
4537	#DEDAED	#FDFDFD
4538	#EBD2CF	#FDFDFD
4539	#F7ECEB	#FFFFFF
4540	#D9B0AB	#FDFDFD
4541	#FDFBFB	#FFFFFF
4542	#D3CEE7	#FCFCFC
4543	#F8EFED	#FEFEFE
4544	#CBC5E3	#FCFCFC
4545	#D9D3EA	#FDFDFD
4547	#FCFBFD	#FFFFFF
4548	#EFEDF6	#FEFEFE
4549	#CCC5E3	#FDFDFD
4550	#FBF6F5	#FFFFFF
4551	#F7ECEB	#FFFFFF
4552	#CBC4E2	#FCFCFC
4553	#F8EFEE	#FEFEFE
4554	#F9F1F0	#FFFFFF
4555	#F3E5E3	#FEFEFE
4556	#FFFEFE	#FFFFFF
4557	#FBF7F6	#FFFFFF
4558	#E8E4F2	#FEFEFE
4559	#FDFAFA	#FFFFFF
4560	#F5E8E6	#FEFEFE
4561	#F6F4FA	#FFFFFF
4562	#D3CEE7	#FDFDFD
4563	#F6F4FA	#FFFFFF
4564	#F9F9FC	#FFFFFF
4565	#FBF6F5	#FFFFFF
4566	#E1BEB9	#FEFEFE
4567	#FBFAFD	#FFFFFF
4568	#F9F1F0	#FFFFFF
4569	#F6F5FA	#FFFFFF
4570	#DED9ED	#FDFDFD
4571	#FBF5F4	#FFFFFF
4572	#D4A59F	#FCFCFC
4573	#EDD6D3	#FEFEFE
4574	#FBFAFD	#FFFFFF
4575	#DDB8B3	#FCFCFC
4576	#F7EDEC	#FEFEFE
4577	#EDD6D3	#FEFEFE
4578	#F6ECEA	#FEFEFE
4579	#FCF8F7	#FFFFFF
4580	#FBF6F5	#FFFFFF
4581	#E5E1F1	#FEFEFE
4582	#F8F7FB	#FFFFFF
4583	#FBF6F5	#FFFFFF
4584	#C7C0E0	#FCFCFC
4585	#FEFCFC	#FFFFFF
4586	#FBFAFD	#FFFFFF
4587	#EDEAF5	#FEFEFE
4588	#F5E7E6	#FEFEFE
4589	#F2F0F8	#FEFEFE
4590	#F6EAE8	#FEFEFE
4592	#EFEDF6	#FEFEFE
4593	#EDEAF5	#FEFEFE
4594	#F4E5E3	#FEFEFE
4595	#EFDCD9	#FEFEFE
4596	#E9D0CC	#FDFDFD
4597	#EBD2CF	#FDFDFD
4598	#C6BFE0	#FCFCFC
4599	#ECE9F5	#FEFEFE
4600	#EDEAF5	#FEFEFE
4601	#F7ECEB	#FFFFFF
4602	#F1E0DE	#FEFEFE
4603	#F9F2F1	#FFFFFF
4604	#F2F0F8	#FEFEFE
4605	#DCD7EC	#FEFEFE
4606	#FBF6F5	#FFFFFF
4607	#FDFDFE	#FFFFFF
4608	#C48A83	#FBFBFB
4609	#F0DEDB	#FEFEFE
4610	#D8D3EA	#FDFDFD
4611	#F7EDEC	#FEFEFE
4612	#FBFAFD	#FFFFFF
4613	#CC9791	#FCFCFC
4614	#F8F7FB	#FFFFFF
4615	#F7EDEC	#FEFEFE
4616	#F5E8E6	#FEFEFE
4617	#AFA5D3	#FCFCFC
4618	#F8EEED	#FFFFFF
4619	#E6E2F1	#FEFEFE
4620	#F6F5FA	#FFFFFF
4621	#DBD6EC	#FCFCFC
4622	#FAFAFC	#FFFFFF
4623	#DDD9ED	#FDFDFD
4624	#EFECF6	#FEFEFE
4625	#CB9690	#FCFCFC
4626	#EBE8F4	#FEFEFE
4627	#F9F1F0	#FFFFFF
4628	#FBFAFD	#FFFFFF
4629	#F9F1F0	#FFFFFF
4630	#E2DEEF	#FDFDFD
4631	#FEFDFD	#FFFFFF
4632	#F4E5E3	#FEFEFE
4633	#C68D86	#FBFBFB
4634	#F7ECEB	#FFFFFF
4635	#FBFAFD	#FFFFFF
4636	#E9CECB	#FEFEFE
4637	#ECD6D3	#FEFEFE
4638	#FAF4F3	#FFFFFF
4639	#FDFAF9	#FFFFFF
4640	#EFECF6	#FEFEFE
4641	#E4E0F0	#FEFEFE
4642	#F4E6E4	#FEFEFE
4643	#EDEAF5	#FEFEFE
4644	#F8EEED	#FFFFFF
4645	#FBF7F6	#FFFFFF
4646	#F2F1F8	#FFFFFF
4648	#F7ECEB	#FFFFFF
4649	#FDFBFA	#FFFFFF
4650	#FFFEFE	#FFFFFF
4651	#F6F4FA	#FFFFFF
4652	#E8E5F3	#FEFEFE
4653	#CDC6E4	#FCFCFC
4654	#EED8D5	#FEFEFE
4655	#DFDAED	#FEFEFE
4656	#F9F1F0	#FFFFFF
4657	#E4E0F0	#FDFDFD
4658	#C4BCDF	#FCFCFC
4659	#EAE7F4	#FEFEFE
4660	#BEB6DB	#FAFAFA
4661	#E6C8C4	#FDFDFD
4662	#F7F5FA	#FFFFFF
4663	#DDD8EC	#FEFEFE
4664	#F8EFED	#FFFFFF
4665	#FDFCFE	#FFFFFF
4666	#FAF9FC	#FFFFFF
4667	#F8EEED	#FFFFFF
4668	#FEFDFC	#FFFFFF
4669	#F1DFDD	#FEFEFE
4670	#E6E3F2	#FEFEFE
4671	#F9F0EF	#FFFFFF
4672	#ECD5D2	#FEFEFE
4673	#D8D3EA	#FDFDFD
4674	#F7EDEC	#FEFEFE
4675	#F7EDEB	#FEFEFE
4676	#F9F9FC	#FFFFFF
4677	#EFECF6	#FEFEFE
4678	#F9F1F0	#FEFEFE
4679	#E4C4C0	#FDFDFD
4680	#DFDBEE	#FEFEFE
4681	#FCF8F7	#FFFFFF
4682	#DCD7EC	#FEFEFE
4683	#FBF6F5	#FFFFFF
4684	#FFFEFE	#FFFFFF
4685	#E9E6F3	#FEFEFE
4686	#F4E5E3	#FEFEFE
4687	#F3E4E2	#FEFEFE
4688	#DAD5EB	#FDFDFD
4689	#EEECF6	#FFFFFF
4690	#D9B0AB	#FDFDFD
4691	#F0EEF7	#FEFEFE
4693	#E6E2F1	#FEFEFE
4694	#ECD5D2	#FEFEFE
4695	#F2F0F8	#FFFFFF
4696	#F8EFEE	#FEFEFE
4697	#F6EAE9	#FEFEFE
4698	#FBFBFD	#FFFFFF
4699	#C1B9DD	#FBFBFB
4700	#D9D4EA	#FDFDFD
4701	#E8E5F3	#FEFEFE
4702	#F0EEF7	#FEFEFE
4703	#FBF6F5	#FFFFFF
4704	#F9F1EF	#FFFFFF
4705	#EFEDF6	#FEFEFE
4706	#F7ECEB	#FEFEFE
4707	#F5E8E6	#FEFEFE
4708	#ECD6D3	#FEFEFE
4709	#F7EDEC	#FEFEFE
4710	#D4CFE8	#FDFDFD
4711	#F2F0F8	#FFFFFF
4712	#F7ECEB	#FFFFFF
4713	#FAF9FC	#FFFFFF
4714	#EEECF6	#FFFFFF
4715	#DED9ED	#FDFDFD
4716	#FAF9FC	#FFFFFF
4717	#DCD7EC	#FEFEFE
4718	#FEFDFD	#FFFFFF
4719	#FAF9FC	#FFFFFF
4720	#FAF9FC	#FFFFFF
4721	#FBFAFD	#FFFFFF
4722	#E9E5F3	#FEFEFE
4723	#E5E1F1	#FEFEFE
4724	#F2F0F8	#FEFEFE
4725	#F1DFDD	#FEFEFE
4726	#F2F0F8	#FFFFFF
4727	#FDFCFE	#FFFFFF
4728	#FBFBFD	#FFFFFF
4729	#FBFAFD	#FFFFFF
4730	#F1E0DD	#FEFEFE
4731	#EED9D6	#FDFDFD
4732	#F2E3E1	#FEFEFE
4733	#DEDAED	#FDFDFD
4734	#FBFBFD	#FFFFFF
4735	#F1E0DE	#FEFEFE
4736	#ECD5D2	#FDFDFD
4737	#F7F5FA	#FFFFFF
4738	#FCFBFD	#FFFFFF
4739	#F7F6FB	#FFFFFF
4740	#FDFAFA	#FFFFFF
4741	#F7EDEC	#FEFEFE
4742	#F8EFEE	#FEFEFE
4743	#EFECF6	#FEFEFE
4744	#DED9ED	#FEFEFE
4745	#E8CECA	#FEFEFE
4746	#FBF6F5	#FFFFFF
4747	#FAF4F3	#FFFFFF
4749	#FBF6F5	#FFFFFF
4750	#DEDAED	#FEFEFE
4751	#F8EEED	#FFFFFF
4752	#F8EFED	#FEFEFE
4753	#E5E1F1	#FEFEFE
4754	#FBF6F6	#FFFFFF
4755	#FDFCFE	#FFFFFF
4756	#F6EAE9	#FEFEFE
4757	#F1E0DE	#FEFEFE
4758	#ECD6D3	#FEFEFE
4759	#D4CEE8	#FDFDFD
4760	#EFECF6	#FEFEFE
4761	#E6E2F1	#FEFEFE
4762	#EFEDF6	#FEFEFE
4763	#E6E2F1	#FEFEFE
4764	#EED9D7	#FEFEFE
4765	#E6E3F2	#FEFEFE
4766	#D9B0AA	#FDFDFD
4767	#FEFDFC	#FFFFFF
4768	#FEFDFC	#FFFFFF
4769	#FAF9FC	#FFFFFF
4770	#EFECF6	#FFFFFF
4771	#DDD8ED	#FEFEFE
4772	#ECD5D2	#FEFEFE
4773	#CBC5E3	#FDFDFD
4774	#F8EEED	#FFFFFF
4775	#F9F8FC	#FFFFFF
4776	#EFDCD9	#FEFEFE
4777	#FBF7F6	#FFFFFF
4778	#F1E0DE	#FEFEFE
4779	#E4C4C0	#FDFDFD
4780	#F7ECEB	#FFFFFF
4781	#F8F7FB	#FFFFFF
4782	#F6EAE9	#FEFEFE
4783	#E5E2F1	#FEFEFE
4784	#F9F1F0	#FFFFFF
4785	#F1EFF7	#FEFEFE
4786	#F5E7E6	#FEFEFE
4787	#DCD7EC	#FEFEFE
4788	#F2F0F8	#FFFFFF
4789	#F7EDEC	#FFFFFF
4790	#ECD6D3	#FEFEFE
4791	#FEFDFC	#FFFFFF
4792	#FAF9FC	#FFFFFF
4794	#F7ECEB	#FFFFFF
4795	#EAE7F4	#FEFEFE
4796	#F4E5E3	#FEFEFE
4797	#F9F1F0	#FFFFFF
4798	#F7EDEC	#FFFFFF
4799	#FEFDFD	#FFFFFF
4800	#E7E3F2	#FEFEFE
4801	#DED9ED	#FEFEFE
4802	#F6E9E8	#FEFEFE
4803	#F8EEED	#FFFFFF
4804	#F0DDDB	#FEFEFE
4805	#FBFBFD	#FFFFFF
4806	#FEFDFD	#FFFFFF
4807	#ECD5D2	#FEFEFE
4808	#EAE7F4	#FEFEFE
4809	#E3C3BF	#FDFDFD
4810	#EBE8F4	#FEFEFE
4811	#C4BDDF	#FCFCFC
4812	#F7F5FA	#FFFFFF
4813	#CDC6E4	#FCFCFC
4814	#F9F1EF	#FFFFFF
4815	#E4E1F1	#FEFEFE
4816	#F1E0DE	#FEFEFE
4817	#F9F1F0	#FFFFFF
4818	#CEC7E4	#FDFDFD
4819	#F7EDEB	#FEFEFE
4820	#C4BDDF	#FCFCFC
4821	#EFECF6	#FEFEFE
4822	#F6F5FA	#FFFFFF
4823	#F7EDEB	#FEFEFE
4824	#EAE7F4	#FEFEFE
4825	#FBFAFD	#FFFFFF
4826	#EED9D6	#FEFEFE
4827	#F6F5FA	#FFFFFF
4828	#F6EAE8	#FEFEFE
4829	#F9F2F1	#FFFFFF
4830	#F4E5E3	#FEFEFE
4831	#F9F0EF	#FEFEFE
4832	#F9F1F0	#FFFFFF
4833	#FBFAFD	#FFFFFF
4834	#F1DFDD	#FEFEFE
4835	#FFFFFF	#FFFFFF
4836	#E6C8C4	#FDFDFD
4837	#F2E2E0	#FEFEFE
4838	#F8EEED	#FEFEFE
4839	#E0BEB9	#FEFEFE
4840	#FDFDFE	#FFFFFF
4841	#F6F4FA	#FFFFFF
4842	#CC9790	#FCFCFC
4843	#EFDCDA	#FEFEFE
4844	#E6C8C4	#FDFDFD
4845	#DEDAED	#FDFDFD
4846	#FBF6F6	#FFFFFF
4847	#FBFAFD	#FFFFFF
4848	#EFDCD9	#FEFEFE
4850	#EEECF6	#FFFFFF
4851	#B7AFD8	#FDFDFD
4852	#FDFDFE	#FFFFFF
4853	#C68E87	#FBFBFB
4854	#D9D4EB	#FDFDFD
4855	#EBE8F4	#FEFEFE
4856	#ECD6D3	#FEFEFE
4857	#F2F0F8	#FEFEFE
4858	#D4CEE8	#FDFDFD
4859	#F5E7E6	#FEFEFE
4860	#FFFFFF	#FFFFFF
4861	#F6F4FA	#FFFFFF
4862	#F7EDEB	#FEFEFE
4863	#EDEBF6	#FEFEFE
4864	#F1DFDD	#FEFEFE
4865	#DCD7EC	#FEFEFE
4866	#B7AFD8	#FDFDFD
4867	#FEFCFC	#FFFFFF
4868	#EDEAF5	#FEFEFE
4869	#F9F1F0	#FFFFFF
4870	#F9F2F1	#FFFFFF
4871	#D5CFE8	#FEFEFE
4872	#FCFBFD	#FFFFFF
4873	#C4BDDF	#FCFCFC
4874	#E6E2F1	#FEFEFE
4875	#E6E3F2	#FEFEFE
4876	#F1E0DD	#FEFEFE
4877	#EAE7F4	#FEFEFE
4878	#F5F4FA	#FFFFFF
4879	#FBF6F6	#FFFFFF
4880	#E1BEBA	#FEFEFE
4881	#EEECF6	#FEFEFE
4882	#F8EEED	#FEFEFE
4883	#F1E0DE	#FEFEFE
4884	#FDFAF9	#FFFFFF
4885	#DFDAED	#FCFCFC
4886	#FBF6F6	#FFFFFF
4887	#F8EFEE	#FEFEFE
4888	#E2DEEF	#FDFDFD
4889	#D1CBE6	#FCFCFC
4890	#CF9D97	#FCFCFC
4891	#EDEAF5	#FEFEFE
4892	#BF827B	#FAFAFA
4893	#EEECF6	#FEFEFE
4895	#CCC5E3	#FDFDFD
4896	#E9E5F3	#FEFEFE
4897	#FBF6F5	#FFFFFF
4898	#E9CECA	#FEFEFE
4899	#EED9D7	#FEFEFE
4900	#F9F1F0	#FFFFFF
4901	#EFEDF6	#FFFFFF
4902	#E1BEBA	#FEFEFE
4903	#FFFEFE	#FFFFFF
4904	#FDFBFA	#FFFFFF
4905	#DEDAED	#FEFEFE
4906	#ECE9F4	#FEFEFE
4907	#F1E0DD	#FEFEFE
4908	#F7EDEC	#FEFEFE
4909	#F4E5E4	#FEFEFE
4910	#D7D2E9	#FDFDFD
4911	#E6E2F1	#FEFEFE
4912	#F9F2F1	#FFFFFF
4913	#F6F5FA	#FFFFFF
4914	#E9E6F3	#FEFEFE
4915	#E4C4C0	#FDFDFD
4916	#FAF4F3	#FFFFFF
4917	#DDD8EC	#FEFEFE
4918	#EDEAF5	#FEFEFE
4919	#EDEAF5	#FEFEFE
4920	#C3BBDE	#FDFDFD
4921	#F3F1F8	#FFFFFF
4922	#F9F8FC	#FFFFFF
4923	#EEECF6	#FEFEFE
4924	#EEECF6	#FEFEFE
4925	#F2F0F8	#FFFFFF
4926	#F9F9FC	#FFFFFF
4927	#FEFDFD	#FFFFFF
4928	#FAFAFC	#FFFFFF
4929	#F4E5E3	#FEFEFE
4930	#F7EEEC	#FFFFFF
4931	#E4C4C0	#FDFDFD
4932	#E4C4C0	#FDFDFD
4933	#FBF6F5	#FFFFFF
4934	#F2F0F8	#FEFEFE
4935	#E6C8C5	#FDFDFD
4936	#FBF6F5	#FFFFFF
4937	#E3DFF0	#FEFEFE
4938	#DED9ED	#FEFEFE
4939	#EED9D6	#FEFEFE
4940	#FCFBFD	#FFFFFF
4941	#FDFBFB	#FFFFFF
4942	#ECD5D3	#FEFEFE
4943	#EBD4D1	#FDFDFD
4944	#DFBBB7	#FCFCFC
4945	#C68D86	#FBFBFB
4946	#F4E5E3	#FEFEFE
4947	#F1DFDD	#FEFEFE
4948	#F8EEED	#FFFFFF
4949	#FFFEFE	#FFFFFF
4951	#F0DDDA	#FEFEFE
4952	#FEFCFC	#FFFFFF
4953	#FBF7F6	#FFFFFF
4954	#E6E3F2	#FEFEFE
4955	#FCF7F7	#FFFFFF
4956	#F2F0F8	#FFFFFF
4957	#E6C8C5	#FDFDFD
4958	#E5E1F1	#FEFEFE
4959	#FBFAFD	#FFFFFF
4960	#F1E0DD	#FEFEFE
4961	#F2F0F8	#FEFEFE
4962	#E6E3F2	#FEFEFE
4963	#9A90C8	#FAFAFA
4964	#EBE8F4	#FEFEFE
4965	#F4E6E4	#FEFEFE
4966	#E9E6F3	#FEFEFE
4967	#EDEBF5	#FEFEFE
4968	#B7AFD8	#FDFDFD
4969	#E7E3F2	#FEFEFE
4970	#FCF7F7	#FFFFFF
4971	#F9F1F0	#FFFFFF
4972	#E6E3F2	#FEFEFE
4973	#F5E7E5	#FEFEFE
4974	#D9B0AB	#FDFDFD
4975	#FBF6F5	#FFFFFF
4976	#FEFCFC	#FFFFFF
4977	#F6F5FA	#FFFFFF
4978	#FFFFFF	#FFFFFF
4979	#D3CEE7	#FDFDFD
4980	#FCF7F7	#FFFFFF
4981	#FBF7F6	#FFFFFF
4982	#E6C8C4	#FDFDFD
4983	#F5E7E5	#FEFEFE
4984	#F5F4FA	#FFFFFF
4985	#F6F4FA	#FFFFFF
4986	#E6C8C4	#FDFDFD
4987	#FDFCFE	#FFFFFF
4988	#ECE9F5	#FEFEFE
4989	#FCFCFD	#FFFFFF
4990	#F8EFEE	#FEFEFE
4991	#EED9D6	#FEFEFE
4992	#D3A49F	#FCFCFC
4993	#F2E1DE	#FEFEFE
4994	#F4E5E3	#FEFEFE
4996	#EEECF6	#FEFEFE
4997	#EEECF6	#FFFFFF
4998	#FDFBFB	#FFFFFF
4999	#FFFEFE	#FFFFFF
5000	#E1BEB9	#FEFEFE
5001	#EFECF6	#FEFEFE
5002	#C3BBDE	#FDFDFD
5003	#FCF8F7	#FFFFFF
5004	#F9F1F0	#FFFFFF
5005	#F9F1F0	#FFFFFF
5006	#FAF4F4	#FFFFFF
5007	#E5E2F1	#FEFEFE
5008	#FEFDFD	#FFFFFF
5009	#E7E3F2	#FEFEFE
5010	#F2F0F8	#FFFFFF
5011	#D2CCE6	#FCFCFC
5012	#EBE8F4	#FEFEFE
5013	#F2F0F8	#FFFFFF
5014	#FBF6F5	#FFFFFF
5015	#F5F4FA	#FFFFFF
5016	#DCD8EC	#FEFEFE
5017	#FFFEFE	#FFFFFF
5018	#EFDCDA	#FEFEFE
5019	#EFEDF6	#FEFEFE
5020	#E4E0F0	#FEFEFE
5021	#FBF6F6	#FFFFFF
5022	#F7ECEB	#FFFFFF
5023	#F7EEEC	#FFFFFF
5024	#F7F5FA	#FFFFFF
5025	#EFECF6	#FFFFFF
5026	#FCF7F6	#FFFFFF
5027	#EDEAF5	#FEFEFE
5028	#F3E5E3	#FEFEFE
5029	#F7ECEA	#FFFFFF
5030	#EFEDF6	#FEFEFE
5031	#DFBBB7	#FCFCFC
5032	#ECD5D2	#FEFEFE
5033	#F2F0F8	#FFFFFF
5034	#E8E5F3	#FEFEFE
5035	#E3C3BF	#FDFDFD
5036	#FDFBFB	#FFFFFF
5037	#E6E3F2	#FEFEFE
5038	#FAF3F2	#FFFFFF
5039	#F7ECEA	#FFFFFF
5040	#C7C0E1	#FCFCFC
5041	#C68D86	#FBFBFB
5042	#FDFCFE	#FFFFFF
5043	#F4E5E3	#FEFEFE
5044	#F7F6FB	#FFFFFF
5045	#ECD4D1	#FDFDFD
5046	#C68D87	#FBFBFB
5047	#FFFFFF	#FFFFFF
5048	#DCD7EC	#FEFEFE
5049	#FBF7F6	#FFFFFF
5050	#E3C3BF	#FDFDFD
