group	fill	colour
1	#FBF6F5	#FFFFFF
2	#F7ECEB	#FEFEFE
3	#F8F0EF	#FEFEFE
4	#F0DDDA	#FBFBFB
5	#EFDCDA	#FBFBFB
6	#F1E0DE	#FCFCFC
7	#E8CCC8	#F9F9F9
8	#F8EFEE	#FEFEFE
9	#F7F6FB	#FEFEFE
10	#FBF5F4	#FFFFFF
11	#F6EBE9	#FEFEFE
12	#F7F6FB	#FEFEFE
13	#F6EAE9	#FEFEFE
14	#FEFCFB	#FFFFFF
15	#EBE8F4	#FDFDFD
16	#E0DCEE	#FCFCFC
17	#FCF8F7	#FFFFFF
18	#E6E3F2	#FDFDFD
19	#ECE9F4	#FEFEFE
20	#DCD7EC	#FCFCFC
21	#EEECF6	#FEFEFE
22	#DBD6EB	#FCFCFC
23	#F1E0DE	#FEFEFE
24	#CC9791	#FCFCFC
25	#EFDAD8	#FCFCFC
26	#E7E3F2	#FEFEFE
27	#EDEBF5	#FEFEFE
28	#EBE8F4	#FEFEFE
29	#E5E1F1	#FDFDFD
30	#FCFBFD	#FFFFFF
31	#E2DEEF	#FCFCFC
32	#EEECF6	#FEFEFE
33	#F9F8FC	#FFFFFF
34	#F6F5FA	#FFFFFF
35	#CCC6E3	#FBFBFB
36	#F2E1DF	#FCFCFC
37	#D2CCE6	#FCFCFC
38	#F6F5FA	#FFFFFF
39	#D4CFE8	#FDFDFD
40	#F4E5E4	#FEFEFE
41	#F7ECEB	#FFFFFF
42	#F7F5FA	#FFFFFF
43	#DCD7EC	#FEFEFE
44	#E4E0F0	#FEFEFE
45	#F7ECEB	#FEFEFE
46	#E2DEEF	#FDFDFD
47	#FEFDFD	#FFFFFF
48	#F2E2DF	#FCFCFC
49	#FCF8F8	#FFFFFF
50	#F7EDEB	#FEFEFE
52	#F8EFEE	#FEFEFE
53	#F7EDEC	#FEFEFE
54	#F8EEED	#FEFEFE
55	#FAF4F3	#FEFEFE
56	#FBF7F6	#FEFEFE
57	#FCFCFD	#FFFFFF
58	#F4F2F9	#FEFEFE
59	#FDFAFA	#FFFFFF
60	#F2F0F8	#FEFEFE
61	#F2E3E1	#FDFDFD
62	#F5E8E6	#FEFEFE
63	#F9F0EF	#FEFEFE
64	#FAF9FC	#FFFFFF
65	#DBD6EB	#FBFBFB
66	#F6F4FA	#FEFEFE
67	#F7F5FA	#FEFEFE
68	#F8EEED	#FEFEFE
69	#D7D2EA	#FCFCFC
70	#F0DDDA	#FEFEFE
71	#F0EEF7	#FEFEFE
72	#C9C2E1	#F9F9F9
73	#F6F5FA	#FFFFFF
74	#FBF5F5	#FFFFFF
75	#F9F8FB	#FFFFFF
76	#FEFCFC	#FFFFFF
77	#D4CEE8	#FCFCFC
78	#F0EEF7	#FEFEFE
79	#E4E0F0	#FEFEFE
80	#D5D0E8	#F9F9F9
81	#E4E1F1	#FCFCFC
82	#E8E5F3	#FEFEFE
83	#E6E2F1	#FEFEFE
84	#E9E6F3	#FEFEFE
85	#F2F0F8	#FFFFFF
86	#F7EEEC	#FEFEFE
87	#F3E5E3	#FEFEFE
88	#FFFFFF	#FFFFFF
89	#FCFBFD	#FFFFFF
90	#F6EAE8	#FEFEFE
91	#F4E5E3	#FEFEFE
92	#FFFFFF	#FFFFFF
93	#FBF6F5	#FFFFFF
94	#EEECF6	#FFFFFF
95	#ECD6D3	#FEFEFE
97	#F8F7FB	#FEFEFE
98	#F8EFEE	#FEFEFE
99	#FBF6F5	#FEFEFE
100	#F9F8FC	#FFFFFF
101	#FCF9F8	#FFFFFF
102	#F1DFDD	#FDFDFD
103	#F6F4FA	#FEFEFE
104	#FDFDFE	#FFFFFF
105	#FAF4F3	#FEFEFE
106	#F9F1F0	#FEFEFE
107	#F1DFDC	#FBFBFB
108	#F8F0EF	#FEFEFE
109	#F9F2F1	#FEFEFE
110	#FFFFFF	#FFFFFF
111	#FFFEFE	#FFFFFF
112	#F1DFDD	#FDFDFD
113	#FCFCFE	#FFFFFF
114	#F2E1DF	#FDFDFD
115	#FAF4F3	#FEFEFE
116	#F2F0F8	#FEFEFE
117	#F2F0F8	#FEFEFE
118	#E8E4F2	#FDFDFD
119	#F0EEF7	#FEFEFE
120	#FDFAFA	#FFFFFF
121	#EEECF6	#FEFEFE
122	#F4F3F9	#FEFEFE
123	#DDD9ED	#FDFDFD
124	#EFEDF6	#FEFEFE
125	#F9F8FC	#FFFFFF
126	#FBF5F4	#FFFFFF
127	#CBC5E3	#FDFDFD
128	#E7E4F2	#FDFDFD
129	#EDEBF6	#FDFDFD
130	#FCF7F7	#FFFFFF
131	#FEFCFB	#FFFFFF
132	#FEFEFD	#FFFFFF
133	#F8EEED	#FFFFFF
134	#FAF4F3	#FFFFFF
135	#CEC7E4	#FDFDFD
136	#F6F5FA	#FFFFFF
137	#FEFDFD	#FFFFFF
138	#FFFEFE	#FFFFFF
139	#EDEBF5	#FEFEFE
140	#E5E1F1	#FEFEFE
141	#F8EEED	#FFFFFF
142	#FBF6F6	#FFFFFF
143	#F8EEED	#FFFFFF
144	#FBF5F5	#FFFFFF
145	#DED9ED	#FDFDFD
146	#F3E4E2	#FEFEFE
147	#EED9D7	#FCFCFC
148	#F6F5FA	#FEFEFE
149	#FBFAFD	#FFFFFF
150	#FAF4F3	#FEFEFE
151	#F2E1DF	#FDFDFD
153	#FCFCFE	#FFFFFF
154	#FAF3F2	#FFFFFF
155	#F7F5FA	#FFFFFF
156	#FEFDFD	#FFFFFF
157	#FBF5F5	#FFFFFF
158	#F2E1DF	#FDFDFD
159	#F2F0F8	#FEFEFE
160	#D8D2EA	#FDFDFD
161	#EFDAD8	#FDFDFD
162	#FBF6F5	#FEFEFE
163	#E6E3F1	#FDFDFD
164	#D5A9A3	#FAFAFA
165	#E7CAC6	#FDFDFD
166	#EFDBD9	#FBFBFB
167	#F9F0EF	#FEFEFE
168	#FEFEFF	#FFFFFF
169	#F6F5FA	#FEFEFE
170	#E8E5F2	#FDFDFD
171	#F9F2F1	#FEFEFE
172	#FBFAFD	#FFFFFF
173	#F7ECEB	#FFFFFF
174	#E8E5F3	#FEFEFE
175	#D9AFAA	#FDFDFD
176	#EDEAF5	#FEFEFE
177	#BE7F78	#FAFAFA
178	#FFFFFF	#FFFFFF
179	#F6EAE8	#FEFEFE
180	#E4C4C0	#FDFDFD
181	#CC9791	#FCFCFC
182	#E8CDCA	#FDFDFD
183	#F2F0F8	#FEFEFE
184	#FCF7F6	#FFFFFF
185	#ECE9F5	#FEFEFE
186	#EBE8F4	#FEFEFE
187	#FBF6F5	#FFFFFF
188	#C9C2E2	#F5F5F5
189	#D8D3EA	#FCFCFC
190	#FDFBFB	#FFFFFF
191	#FDFAFA	#FFFFFF
192	#DDD8EC	#FDFDFD
193	#EAE7F4	#FEFEFE
194	#FAF9FC	#FFFFFF
195	#FCF8F7	#FFFFFF
196	#F2F0F8	#FEFEFE
198	#F9F2F1	#FFFFFF
199	#F5E7E6	#FEFEFE
200	#EDD6D3	#FDFDFD
201	#F6EBEA	#FEFEFE
202	#F3E4E2	#FEFEFE
203	#FDFDFE	#FFFFFF
204	#E8E5F2	#FDFDFD
205	#FEFEFE	#FFFFFF
206	#F4F2F9	#FEFEFE
207	#F6EBE9	#FDFDFD
208	#FEFEFE	#FFFFFF
209	#FDFBFB	#FFFFFF
210	#E8CCC9	#FDFDFD
211	#F5E9E8	#FEFEFE
212	#F4E6E4	#FEFEFE
213	#FDFCFE	#FFFFFF
214	#FAFAFC	#FFFFFF
215	#F6F4FA	#FEFEFE
216	#FBF6F5	#FFFFFF
217	#FBFAFD	#FFFFFF
218	#FCF8F7	#FFFFFF
219	#F0EEF7	#FEFEFE
220	#FDFAFA	#FFFFFF
221	#FCFCFE	#FFFFFF
222	#E1BFBB	#FBFBFB
223	#CF9E97	#FCFCFC
224	#FBFAFD	#FFFFFF
225	#BD7E77	#FAFAFA
226	#EFDCDA	#FEFEFE
227	#F5F4FA	#FEFEFE
228	#C68E87	#FBFBFB
229	#C8918B	#FBFBFB
230	#F4E6E4	#FEFEFE
231	#EAE7F4	#FEFEFE
232	#F4E5E3	#FEFEFE
233	#BD7E77	#FAFAFA
234	#F7EDEC	#FEFEFE
235	#C7C0E1	#F8F8F8
236	#E8E5F3	#FEFEFE
237	#E5E1F1	#FDFDFD
238	#EEEBF6	#FEFEFE
239	#E5E1F1	#FDFDFD
240	#F0EEF7	#FEFEFE
241	#E9E6F3	#FEFEFE
242	#DEDAED	#FCFCFC
243	#F3E5E3	#FEFEFE
244	#FFFEFE	#FFFFFF
245	#DBD6EC	#FBFBFB
246	#F8F7FB	#FFFFFF
247	#E5E1F1	#FDFDFD
248	#D2A29D	#F9F9F9
249	#F7EEEC	#FEFEFE
250	#FBFAFD	#FFFFFF
251	#F1E0DE	#FEFEFE
252	#FDF9F9	#FFFFFF
254	#FEFEFE	#FFFFFF
255	#FEFEFF	#FFFFFF
256	#E4E0F0	#FCFCFC
257	#F6EBE9	#FDFDFD
258	#F5E9E8	#FDFDFD
259	#F3E4E1	#FEFEFE
260	#F8F6FB	#FFFFFF
261	#F8F0EF	#FEFEFE
262	#F6F5FA	#FFFFFF
263	#F3E4E2	#FDFDFD
264	#F9F0EF	#FEFEFE
265	#FBF5F5	#FFFFFF
266	#F8EFED	#FEFEFE
267	#EDEAF5	#FDFDFD
268	#F9F8FC	#FFFFFF
269	#EAD1CE	#F9F9F9
270	#FBF5F4	#FEFEFE
271	#FCF8F8	#FFFFFF
272	#FEFCFC	#FFFFFF
273	#F7ECEA	#FFFFFF
274	#FAFAFD	#FFFFFF
275	#FEFDFC	#FFFFFF
276	#C9928B	#FBFBFB
277	#DCD7EC	#FCFCFC
278	#CF9D97	#FCFCFC
279	#FEFCFC	#FFFFFF
280	#FDFAF9	#FFFFFF
281	#F9F2F1	#FFFFFF
282	#F6F4FA	#FFFFFF
283	#E6C9C5	#FDFDFD
284	#E6C8C4	#FDFDFD
285	#E8CDCA	#FDFDFD
286	#F6F4FA	#FFFFFF
287	#D5CFE8	#FBFBFB
288	#F3F1F9	#FEFEFE
289	#EFECF6	#FEFEFE
290	#D1CBE6	#FBFBFB
291	#E4E0F0	#FDFDFD
292	#DAD5EB	#FCFCFC
293	#C6BEE0	#FAFAFA
294	#F6EAE9	#FEFEFE
295	#ECE9F4	#FEFEFE
296	#E1DDEF	#FDFDFD
297	#F5F4FA	#FFFFFF
299	#FEFCFC	#FFFFFF
300	#F9F0EF	#FEFEFE
301	#FFFFFF	#FFFFFF
302	#EAD0CD	#FDFDFD
303	#E9E6F3	#FDFDFD
304	#F9F8FC	#FFFFFF
305	#FFFFFF	#FFFFFF
306	#FEFDFD	#FFFFFF
307	#F2F1F8	#FEFEFE
308	#F4E5E3	#FEFEFE
309	#FAFAFC	#FFFFFF
310	#F5E7E6	#FEFEFE
311	#F3E4E2	#FDFDFD
312	#E0BEB9	#FAFAFA
313	#EAD1CD	#FDFDFD
314	#F4F3F9	#FEFEFE
315	#FDFBFB	#FFFFFF
316	#F3F1F8	#FEFEFE
317	#EFEDF7	#FEFEFE
318	#EFEDF6	#FEFEFE
319	#F8EFEE	#FEFEFE
320	#F7EDEC	#FEFEFE
321	#FCF9F8	#FFFFFF
322	#DFBBB7	#FCFCFC
323	#CF9E97	#FCFCFC
324	#FAF9FC	#FFFFFF
325	#FAF9FC	#FFFFFF
326	#E6C9C5	#FDFDFD
327	#DDB7B3	#FCFCFC
328	#F5F4FA	#FFFFFF
329	#E2C0BC	#FDFDFD
330	#C9928B	#FBFBFB
331	#FEFDFD	#FFFFFF
332	#EED9D6	#FDFDFD
333	#E4C4C0	#FDFDFD
334	#CC9791	#FCFCFC
335	#FAF9FC	#FFFFFF
336	#EAD1CE	#FDFDFD
337	#ECE9F5	#FEFEFE
338	#F9F8FC	#FFFFFF
339	#F9F8FC	#FFFFFF
340	#D4CEE8	#FDFDFD
341	#D4CEE8	#FBFBFB
342	#D7D2EA	#FBFBFB
343	#F6F5FA	#FFFFFF
344	#CBC4E3	#FCFCFC
345	#E5E2F1	#FDFDFD
346	#FDFDFE	#FFFFFF
347	#D7D2E9	#FAFAFA
348	#F6F5FA	#FFFFFF
349	#FAF3F2	#FEFEFE
350	#DDD8EC	#FCFCFC
351	#F9F1EF	#FEFEFE
352	#EDEBF5	#FEFEFE
353	#FCFCFD	#FFFFFF
355	#FDFBFA	#FFFFFF
356	#FEFDFD	#FFFFFF
357	#FEFEFE	#FFFFFF
358	#F2F0F8	#FEFEFE
359	#F3E4E2	#FEFEFE
360	#F7ECEA	#FEFEFE
361	#FEFDFD	#FFFFFF
362	#FCF9F8	#FFFFFF
363	#F8EEED	#FEFEFE
364	#ECD5D2	#FDFDFD
365	#F8EFEE	#FEFEFE
366	#F9F1F0	#FEFEFE
367	#F5F4FA	#FEFEFE
368	#F3F1F9	#FEFEFE
369	#FCF7F6	#FFFFFF
370	#F4F3F9	#FEFEFE
371	#F6EAE9	#FEFEFE
372	#F2F0F8	#FFFFFF
373	#F7ECEB	#FFFFFF
374	#E8CDC9	#FEFEFE
375	#F4E6E4	#FEFEFE
376	#F8EEED	#FFFFFF
377	#CF9D97	#FCFCFC
378	#FDFAFA	#FFFFFF
379	#ECD5D2	#FEFEFE
380	#EFEDF6	#FEFEFE
381	#FCF7F6	#FFFFFF
382	#C5BEDF	#FCFCFC
383	#F7EEEC	#FFFFFF
384	#E6C8C4	#FDFDFD
385	#C68D86	#FBFBFB
386	#BF827B	#FAFAFA
387	#E1DDEF	#FDFDFD
388	#EAE7F4	#FEFEFE
389	#FAF3F3	#FFFFFF
390	#E8E4F2	#FEFEFE
391	#E8E5F3	#FEFEFE
392	#D3CDE7	#FCFCFC
393	#ECE9F5	#FEFEFE
394	#E6E2F1	#FEFEFE
395	#D5D0E8	#FAFAFA
396	#E2DEEF	#FDFDFD
397	#D8D2EA	#FBFBFB
398	#D5CFE8	#FCFCFC
400	#F1EFF7	#FEFEFE
401	#F6F5FA	#FEFEFE
402	#F1EEF7	#FEFEFE
403	#E8E5F3	#FDFDFD
404	#FEFEFE	#FFFFFF
405	#E3C3BF	#F9F9F9
406	#F4E6E4	#FDFDFD
407	#EBD2CF	#FBFBFB
408	#FBFBFD	#FFFFFF
409	#FAF9FC	#FFFFFF
410	#FCF8F8	#FFFFFF
411	#FDFBFA	#FFFFFF
412	#F9F1F0	#FEFEFE
413	#F0DDDB	#FBFBFB
414	#F3F2F9	#FEFEFE
415	#EAD0CD	#FDFDFD
416	#FCFBFD	#FFFFFF
417	#FBFBFD	#FFFFFF
418	#F2E3E0	#FEFEFE
419	#E4C5C1	#FBFBFB
420	#FDFDFE	#FFFFFF
421	#E8CCC9	#FBFBFB
422	#FCF7F7	#FFFFFF
423	#F7ECEB	#FFFFFF
424	#FBFAFD	#FFFFFF
425	#FCF7F6	#FFFFFF
426	#E6C8C5	#FDFDFD
427	#CF9E97	#FCFCFC
428	#F1E0DE	#FEFEFE
429	#FFFEFE	#FFFFFF
430	#FAF9FC	#FFFFFF
431	#E8CDC9	#FEFEFE
432	#ECD4D1	#FDFDFD
433	#FCF8F8	#FFFFFF
434	#E1BEBA	#FDFDFD
435	#F1E0DE	#FEFEFE
436	#E4C4C0	#FDFDFD
437	#ECD6D3	#FEFEFE
438	#E4E0F0	#FDFDFD
439	#E7E4F2	#FEFEFE
440	#F8F7FB	#FFFFFF
441	#EEECF6	#FFFFFF
442	#D8D3EA	#FDFDFD
443	#E1DCEF	#FDFDFD
444	#EFECF6	#FEFEFE
445	#D1CBE6	#FAFAFA
446	#E4E1F1	#FDFDFD
447	#EEECF6	#FEFEFE
448	#EDEAF5	#FEFEFE
449	#D8D3EA	#FDFDFD
450	#F4F3F9	#FEFEFE
451	#F2E1DF	#FEFEFE
452	#E7E4F2	#FDFDFD
453	#EAE7F3	#FDFDFD
454	#F2F0F8	#FEFEFE
456	#EDD6D3	#FCFCFC
457	#F0DEDC	#FCFCFC
458	#E7E4F2	#FCFCFC
459	#FFFFFF	#FFFFFF
460	#FBF7F6	#FFFFFF
461	#E3C3BF	#FCFCFC
462	#F8EFEE	#FEFEFE
463	#FBF6F5	#FFFFFF
464	#F9F8FC	#FFFFFF
465	#FFFEFE	#FFFFFF
466	#F4E5E3	#FEFEFE
467	#F8F7FB	#FEFEFE
468	#FEFEFD	#FFFFFF
469	#F8F6FB	#FEFEFE
470	#F4F2F9	#FEFEFE
471	#F6F5FA	#FFFFFF
472	#FAF4F3	#FFFFFF
473	#E4C4C0	#FDFDFD
474	#FEFDFD	#FFFFFF
475	#F6F5FA	#FFFFFF
476	#D9B0AB	#FDFDFD
477	#FEFDFD	#FFFFFF
478	#F3E5E3	#FEFEFE
479	#F8F7FB	#FFFFFF
481	#F6EAE8	#FEFEFE
482	#EBE8F4	#FEFEFE
483	#D9B0AB	#FDFDFD
484	#F9F8FC	#FFFFFF
485	#C38780	#FAFAFA
486	#EDD6D3	#FEFEFE
487	#F2E2E0	#FEFEFE
488	#E7E4F2	#FDFDFD
489	#C4BDDF	#F8F8F8
490	#FDFDFE	#FFFFFF
491	#E3DFF0	#FEFEFE
492	#EAE8F4	#FEFEFE
493	#E5E1F1	#FDFDFD
494	#E8E5F2	#FEFEFE
495	#DFDBEE	#FCFCFC
496	#EEEBF6	#FEFEFE
497	#E1DDEF	#FDFDFD
498	#DAD6EB	#FBFBFB
499	#EFECF6	#FEFEFE
501	#EBD4D1	#FDFDFD
502	#F7F5FA	#FFFFFF
503	#FDFCFE	#FFFFFF
504	#F4F2F9	#FEFEFE
505	#F7EDEC	#FEFEFE
506	#ECD5D2	#FBFBFB
507	#F3E4E2	#FDFDFD
508	#F8F0EF	#FEFEFE
509	#FBF7F6	#FFFFFF
510	#F2E3E0	#FEFEFE
511	#EBD3D0	#FDFDFD
512	#F9F1F0	#FEFEFE
513	#EDD6D3	#FBFBFB
514	#F0EDF7	#FEFEFE
515	#F1EFF8	#FEFEFE
516	#FBFAFD	#FFFFFF
517	#FDFDFE	#FFFFFF
518	#FCFBFD	#FFFFFF
519	#F8F0EF	#FEFEFE
520	#FEFCFC	#FFFFFF
521	#F9F0EF	#FEFEFE
522	#FBFBFD	#FFFFFF
523	#EEECF6	#FFFFFF
524	#F7EDEB	#FFFFFF
525	#FBF6F5	#FFFFFF
526	#F6EAE8	#FEFEFE
527	#D4A5A0	#FCFCFC
528	#D4CFE8	#FEFEFE
529	#F1E0DD	#FEFEFE
530	#F2E2E0	#FEFEFE
531	#EBD4D0	#FEFEFE
532	#F1E0DD	#FEFEFE
533	#E6C8C5	#FDFDFD
534	#EBD4D0	#FEFEFE
535	#FFFEFE	#FFFFFF
536	#E2C1BC	#FDFDFD
537	#F7EDEB	#FEFEFE
538	#F7EDEC	#FEFEFE
539	#F0EEF7	#FEFEFE
540	#DFDAED	#FCFCFC
541	#F1E0DE	#FEFEFE
542	#EAE7F4	#FEFEFE
543	#F8F7FB	#FFFFFF
544	#D8D2EA	#FDFDFD
545	#DBD6EB	#FCFCFC
546	#E7E4F2	#FDFDFD
547	#D2CCE7	#FCFCFC
548	#EBE8F4	#FEFEFE
549	#E7E4F2	#FDFDFD
550	#EFEDF6	#FEFEFE
551	#F2F0F8	#FEFEFE
552	#FEFDFD	#FFFFFF
553	#F8F7FB	#FFFFFF
554	#F1EFF8	#FEFEFE
555	#E4E0F0	#FCFCFC
557	#F6EBE9	#FEFEFE
558	#F3E4E3	#FDFDFD
559	#F5F4FA	#FFFFFF
560	#FDFCFE	#FFFFFF
561	#FEFCFC	#FFFFFF
562	#F8EEED	#FEFEFE
563	#FEFDFD	#FFFFFF
564	#F3F1F8	#FEFEFE
565	#FDFBFB	#FFFFFF
566	#F8EFEE	#FEFEFE
567	#F9F8FC	#FFFFFF
568	#FCF8F7	#FFFFFF
569	#FDFCFE	#FFFFFF
570	#EFECF6	#FEFEFE
571	#FCF8F7	#FFFFFF
572	#EEECF6	#FEFEFE
573	#FBF6F5	#FFFFFF
574	#FBF6F5	#FFFFFF
575	#F4E5E3	#FEFEFE
576	#E0BDB9	#FDFDFD
577	#F4E5E3	#FEFEFE
578	#D4A5A0	#FCFCFC
579	#C68E87	#FBFBFB
580	#FAF9FC	#FFFFFF
581	#F8EEED	#FFFFFF
582	#F1E0DE	#FEFEFE
583	#E4C4C0	#FDFDFD
584	#FBF6F5	#FFFFFF
585	#F4E5E3	#FEFEFE
586	#F7EDEC	#FEFEFE
587	#E2DEEF	#FDFDFD
588	#F1E0DE	#FEFEFE
589	#D7D2E9	#FDFDFD
590	#EDD7D4	#FEFEFE
591	#ECD4D1	#FDFDFD
592	#F8F7FB	#FFFFFF
593	#E5E1F1	#FDFDFD
594	#F2F1F8	#FFFFFF
595	#EDEBF5	#FEFEFE
596	#E7E4F2	#FDFDFD
597	#F3F2F9	#FEFEFE
598	#F2F0F8	#FEFEFE
599	#ECEAF5	#FEFEFE
600	#F3F1F8	#FFFFFF
602	#F3E4E2	#FEFEFE
603	#EDD8D5	#FDFDFD
604	#EBE8F4	#FEFEFE
605	#F9F9FC	#FFFFFF
606	#EFEDF6	#FEFEFE
607	#FDFAF9	#FFFFFF
608	#F7EDEC	#FEFEFE
609	#F7EDEC	#FEFEFE
610	#FBF5F4	#FFFFFF
611	#FFFEFE	#FFFFFF
612	#FAF4F3	#FFFFFF
613	#E8E5F3	#FEFEFE
614	#FEFCFC	#FFFFFF
615	#FDFCFE	#FFFFFF
616	#FDFBFB	#FFFFFF
617	#FEFEFE	#FFFFFF
618	#FFFFFF	#FFFFFF
619	#FDFDFE	#FFFFFF
620	#F3E3E1	#FEFEFE
621	#EAE8F4	#FDFDFD
622	#EEEBF6	#FEFEFE
623	#F2F0F8	#FFFFFF
624	#F9F8FC	#FFFFFF
625	#F9F9FC	#FFFFFF
626	#C68D86	#FBFBFB
627	#EAD2CE	#FDFDFD
628	#ECD5D2	#FEFEFE
629	#FBF6F5	#FFFFFF
630	#FBFAFD	#FFFFFF
631	#F6F5FA	#FFFFFF
632	#F4E6E4	#FEFEFE
633	#D3A59F	#FCFCFC
634	#E8CECA	#FEFEFE
635	#E9CECA	#FEFEFE
636	#F1DFDD	#FEFEFE
637	#EBD4D1	#FDFDFD
638	#F3F1F8	#FEFEFE
639	#EDD6D4	#FEFEFE
640	#FCFCFE	#FFFFFF
641	#F5F4FA	#FFFFFF
642	#FFFFFF	#FFFFFF
643	#F9F8FC	#FFFFFF
644	#DDD8EC	#FDFDFD
645	#DEDAED	#FDFDFD
646	#E3DFF0	#FEFEFE
647	#DAD5EB	#FBFBFB
648	#E3DFF0	#FCFCFC
649	#F3F1F8	#FFFFFF
650	#D6D0E9	#FCFCFC
651	#E2DDEF	#FDFDFD
652	#F3E3E1	#FEFEFE
653	#D1CAE6	#FBFBFB
654	#FDFDFE	#FFFFFF
655	#D9D4EA	#FBFBFB
656	#FCF7F6	#FFFFFF
658	#F0DEDB	#FDFDFD
659	#FCF9F9	#FFFFFF
660	#F8EEED	#FEFEFE
661	#F3F1F8	#FEFEFE
662	#FEFEFE	#FFFFFF
663	#FDFAFA	#FFFFFF
664	#F3E5E3	#FEFEFE
665	#FEFCFC	#FFFFFF
666	#F4E7E5	#FDFDFD
667	#E6E2F1	#FDFDFD
668	#F7EDEC	#FEFEFE
669	#DEDAED	#FCFCFC
670	#F1DFDD	#FDFDFD
671	#F3E5E3	#FEFEFE
672	#DFDAED	#FEFEFE
673	#FFFEFE	#FFFFFF
674	#FBF6F5	#FFFFFF
675	#F3E5E3	#FEFEFE
676	#D09E98	#FCFCFC
677	#ECD5D2	#FEFEFE
678	#EBD4D0	#FEFEFE
679	#E8CECA	#FEFEFE
680	#F4E5E3	#FEFEFE
681	#E1DDEF	#FDFDFD
682	#D9B0AB	#FDFDFD
683	#E1BEBA	#FEFEFE
684	#FBFAFD	#FFFFFF
685	#F9F8FC	#FFFFFF
686	#D4A5A0	#FCFCFC
687	#F6F5FA	#FFFFFF
688	#F2F0F8	#FFFFFF
689	#F5F4FA	#FFFFFF
690	#EEECF6	#FEFEFE
691	#F6EAE9	#FEFEFE
692	#F5E9E7	#FEFEFE
693	#FAF2F1	#FFFFFF
694	#FDFAFA	#FFFFFF
695	#EFEDF6	#FEFEFE
696	#DEDAED	#FDFDFD
697	#F9F8FC	#FFFFFF
698	#DCD7EC	#FBFBFB
699	#EEEBF6	#FEFEFE
700	#D9D4EA	#FDFDFD
701	#FFFEFE	#FFFFFF
703	#F7F6FB	#FEFEFE
704	#F4F3F9	#FEFEFE
705	#F2F0F8	#FEFEFE
706	#F9F8FC	#FFFFFF
707	#FCF8F8	#FFFFFF
708	#E7CBC8	#FBFBFB
709	#F8EFED	#FEFEFE
710	#E7CBC7	#FCFCFC
711	#F6F5FA	#FFFFFF
712	#F7F6FB	#FEFEFE
713	#FFFFFF	#FFFFFF
714	#FFFEFE	#FFFFFF
715	#F9F1F0	#FEFEFE
716	#EAE7F4	#FDFDFD
717	#FFFEFE	#FFFFFF
718	#FDFDFE	#FFFFFF
719	#FDF9F9	#FFFFFF
720	#E5E1F1	#FDFDFD
721	#F2E2E0	#FDFDFD
722	#E6C8C4	#FDFDFD
723	#FBF6F5	#FFFFFF
724	#FBFBFD	#FFFFFF
725	#F6F5FA	#FFFFFF
726	#FAF9FC	#FFFFFF
727	#FBF6F6	#FFFFFF
728	#ECD5D2	#FEFEFE
729	#F1E0DD	#FEFEFE
730	#F6F5FA	#FFFFFF
731	#ECD6D3	#FEFEFE
732	#FAF4F3	#FFFFFF
733	#FBFAFD	#FFFFFF
734	#FAF9FC	#FFFFFF
735	#E0BDB9	#FDFDFD
736	#ECD6D3	#FEFEFE
737	#FBF6F5	#FFFFFF
738	#EDD6D3	#FEFEFE
739	#F4E5E3	#FEFEFE
740	#F1E0DE	#FEFEFE
741	#FCF8F8	#FFFFFF
742	#F1F0F8	#FFFFFF
743	#E7CBC8	#FBFBFB
744	#F7F5FB	#FFFFFF
745	#DED9ED	#FCFCFC
746	#CFC9E5	#F9F9F9
747	#F6F5FA	#FFFFFF
748	#EDEBF5	#FEFEFE
749	#BFB7DC	#F9F9F9
750	#DCD8EC	#FDFDFD
751	#F9F1F0	#FFFFFF
752	#EAE7F4	#FDFDFD
753	#F8F7FB	#FFFFFF
754	#F6F4FA	#FEFEFE
755	#FAF9FC	#FFFFFF
756	#EFDCD9	#FDFDFD
757	#E7E3F2	#FEFEFE
759	#F4E7E5	#FEFEFE
760	#F7ECEB	#FEFEFE
761	#F6E9E8	#FEFEFE
762	#FFFEFF	#FFFFFF
763	#E5E1F1	#FDFDFD
764	#E4C4C0	#FCFCFC
765	#F6F5FA	#FFFFFF
766	#FDFDFE	#FFFFFF
767	#FAF4F4	#FEFEFE
768	#FDFDFE	#FFFFFF
769	#FAF4F3	#FFFFFF
770	#EDEAF5	#FEFEFE
771	#F7EEEC	#FEFEFE
772	#F8F7FB	#FFFFFF
773	#E9E5F3	#FEFEFE
774	#F3E5E3	#FEFEFE
775	#F9F1F0	#FFFFFF
776	#E6C8C4	#FDFDFD
777	#F7ECEB	#FFFFFF
778	#E9CECA	#FEFEFE
779	#C9928B	#FBFBFB
780	#D3A59F	#FCFCFC
781	#F7ECEA	#FFFFFF
782	#FCF9F8	#FFFFFF
783	#F4E5E4	#FEFEFE
784	#E1BEB9	#FEFEFE
785	#E9CECB	#FEFEFE
786	#DEB9B4	#FCFCFC
787	#F9F1F0	#FFFFFF
788	#F9F8FC	#FFFFFF
789	#F8F7FB	#FFFFFF
790	#F9F1F0	#FFFFFF
791	#ECE9F5	#FEFEFE
792	#CB9690	#FCFCFC
793	#F3E4E2	#FDFDFD
794	#F1DFDD	#FEFEFE
795	#FBF7F6	#FFFFFF
796	#F8F7FB	#FFFFFF
797	#DBD7EC	#FBFBFB
798	#E1DDEF	#FDFDFD
799	#E1DDEF	#FDFDFD
800	#E5E2F1	#FDFDFD
801	#DED9ED	#FEFEFE
802	#F9F8FC	#FFFFFF
804	#FDFAFA	#FFFFFF
805	#F4E6E4	#FDFDFD
806	#FEFCFC	#FFFFFF
807	#FBFBFD	#FFFFFF
808	#F2E2DF	#FEFEFE
809	#F6F5FA	#FEFEFE
810	#F0EDF7	#FEFEFE
811	#F0DEDB	#FDFDFD
812	#F3F1F9	#FEFEFE
813	#FEFEFE	#FFFFFF
814	#EAD1CE	#FDFDFD
815	#FCF8F8	#FFFFFF
816	#E8E4F2	#FDFDFD
817	#EAE7F4	#FDFDFD
818	#F2F1F8	#FEFEFE
819	#F9F2F1	#FEFEFE
820	#FFFEFE	#FFFFFF
821	#F8EEED	#FEFEFE
822	#E4C4C0	#FCFCFC
823	#C68D87	#FBFBFB
824	#F1E0DE	#FEFEFE
825	#CB9790	#FCFCFC
826	#F4E5E4	#FEFEFE
827	#FBFAFD	#FFFFFF
828	#DDD8EC	#FEFEFE
829	#F7ECEB	#FFFFFF
830	#E1BEBA	#FEFEFE
831	#CF9E97	#FCFCFC
832	#F4E5E3	#FEFEFE
833	#E9CFCC	#FAFAFA
834	#EBD4D0	#FEFEFE
835	#F5F4FA	#FFFFFF
836	#E4C4C0	#FDFDFD
837	#F8F0EE	#FEFEFE
838	#EED9D6	#FDFDFD
839	#F2E3E0	#FEFEFE
840	#E9CECA	#FEFEFE
841	#FAF9FC	#FFFFFF
842	#FBF6F5	#FFFFFF
843	#E6E2F1	#FEFEFE
844	#F9F1F0	#FEFEFE
845	#F1E0DD	#FEFEFE
846	#F2F1F8	#FEFEFE
847	#D8D3EA	#FAFAFA
848	#F6F5FA	#FFFFFF
849	#D1CBE6	#FCFCFC
850	#F1DFDD	#FEFEFE
851	#F2F0F8	#FEFEFE
852	#C3BCDE	#F9F9F9
853	#E1DDEF	#FDFDFD
854	#F9F8FC	#FFFFFF
855	#FEFCFC	#FFFFFF
856	#FAFAFC	#FFFFFF
857	#F9F8FC	#FFFFFF
858	#E2C0BC	#FDFDFD
860	#EDD8D5	#FDFDFD
861	#FCF7F7	#FFFFFF
862	#F7F6FB	#FFFFFF
863	#F6F4FA	#FFFFFF
864	#EDEBF5	#FEFEFE
865	#F2E2E0	#FEFEFE
866	#FBF5F4	#FFFFFF
867	#F7F5FA	#FEFEFE
868	#FAFAFD	#FFFFFF
869	#F7ECEA	#FEFEFE
870	#EFDAD8	#FDFDFD
871	#FCF8F7	#FFFFFF
872	#EBD2CF	#FCFCFC
873	#C48982	#FBFBFB
874	#F1E0DE	#FEFEFE
875	#E6C8C4	#FDFDFD
876	#FBFBFD	#FFFFFF
877	#FBF6F5	#FFFFFF
878	#FBFAFD	#FFFFFF
879	#F7F6FB	#FFFFFF
880	#CF9D97	#FCFCFC
881	#EFECF6	#FEFEFE
882	#CC9790	#FCFCFC
883	#EDD7D4	#FBFBFB
884	#ECD5D2	#FEFEFE
885	#F0DCDA	#FEFEFE
886	#E1BEB9	#FEFEFE
887	#F7EDEC	#FEFEFE
888	#F7ECEA	#FEFEFE
889	#E8CDC9	#FDFDFD
890	#FBF6F6	#FFFFFF
891	#F4E6E4	#FEFEFE
892	#FDFDFE	#FFFFFF
893	#FDFAFA	#FFFFFF
894	#FAF9FC	#FFFFFF
895	#F7ECEB	#FEFEFE
896	#DEDAED	#FDFDFD
897	#E2DEEF	#FDFDFD
898	#EAE7F4	#FDFDFD
899	#FAF3F2	#FFFFFF
900	#F9F9FC	#FFFFFF
901	#D8D3EA	#FDFDFD
902	#EBE8F4	#FEFEFE
903	#E0DCEE	#FDFDFD
905	#F6EBEA	#FDFDFD
906	#FDFBFB	#FFFFFF
907	#FCF9F8	#FFFFFF
908	#F9F0EF	#FEFEFE
909	#FCF8F7	#FFFFFF
910	#F6EAE8	#FEFEFE
911	#FBF5F4	#FFFFFF
912	#F0DEDB	#FDFDFD
913	#EAE7F4	#FEFEFE
914	#FEFCFC	#FFFFFF
915	#FEFEFD	#FFFFFF
916	#FBFBFD	#FFFFFF
917	#F9F8FC	#FFFFFF
918	#F7EDEB	#FEFEFE
919	#FBFAFD	#FFFFFF
920	#FAFAFD	#FFFFFF
921	#F2E2DF	#FEFEFE
922	#FBF6F5	#FFFFFF
923	#F8EEED	#FEFEFE
924	#B7AFD8	#FDFDFD
925	#FDFBFB	#FFFFFF
926	#FEFDFD	#FFFFFF
927	#FFFEFE	#FFFFFF
928	#FEFCFB	#FFFFFF
929	#F9F1F0	#FFFFFF
930	#E5E1F1	#FEFEFE
931	#EFECF6	#FFFFFF
932	#E9E5F3	#FEFEFE
933	#ECD5D2	#FEFEFE
934	#FAF3F2	#FEFEFE
935	#ECD4D1	#FEFEFE
936	#CF9C96	#FCFCFC
937	#FBF6F6	#FFFFFF
938	#EFDCD9	#FEFEFE
939	#EED9D6	#FEFEFE
940	#FAF3F2	#FFFFFF
941	#F4E6E4	#FEFEFE
942	#F5E8E6	#FEFEFE
943	#FAF4F3	#FFFFFF
944	#E4C4BF	#FCFCFC
945	#F9F0EF	#FEFEFE
946	#EDEAF5	#FEFEFE
947	#F2F0F8	#FEFEFE
948	#F9F8FC	#FFFFFF
949	#EAE7F4	#FEFEFE
950	#E8E5F3	#FEFEFE
951	#FBF6F6	#FFFFFF
952	#D4CEE8	#FCFCFC
953	#D9D4EA	#FBFBFB
954	#D1CAE6	#F9F9F9
955	#F4E6E4	#FDFDFD
956	#FCF7F7	#FFFFFF
957	#FEFEFE	#FFFFFF
958	#F8F7FB	#FFFFFF
959	#F7EDEC	#FEFEFE
961	#FDFAF9	#FFFFFF
962	#F6EAE8	#FEFEFE
963	#F4E7E5	#FEFEFE
964	#FAF9FC	#FFFFFF
965	#F6F5FA	#FFFFFF
966	#FEFCFC	#FFFFFF
967	#FBFAFD	#FFFFFF
968	#FDFBFA	#FFFFFF
969	#D8ADA7	#FBFBFB
970	#EDD7D4	#FDFDFD
971	#F1DFDC	#FDFDFD
972	#EEECF6	#FFFFFF
973	#F1DEDC	#FCFCFC
974	#F8EEED	#FFFFFF
975	#ECD5D2	#FEFEFE
976	#ECD5D2	#FEFEFE
977	#E1BEBA	#FEFEFE
978	#CC9790	#FCFCFC
979	#FDFBFA	#FFFFFF
980	#EFEDF6	#FEFEFE
981	#E5E1F1	#FEFEFE
982	#F7ECEB	#FFFFFF
983	#F7ECEB	#FFFFFF
984	#F9F1F0	#FEFEFE
985	#F1E0DE	#FEFEFE
986	#E1BEB9	#FDFDFD
987	#FFFEFE	#FFFFFF
988	#EFDCD9	#FEFEFE
989	#E9CECB	#FEFEFE
990	#FEFDFD	#FFFFFF
991	#FDFCFE	#FFFFFF
992	#F9F1EF	#FFFFFF
993	#E8CDCA	#FEFEFE
994	#F3E4E2	#FEFEFE
995	#F0EDF7	#FEFEFE
996	#E1DCEF	#FDFDFD
997	#EDEAF5	#FEFEFE
998	#EAE7F4	#FEFEFE
999	#E3DFF0	#FEFEFE
1000	#F3F1F8	#FFFFFF
1001	#EFEDF7	#FEFEFE
1002	#F5F3F9	#FFFFFF
1003	#F5F3F9	#FFFFFF
1004	#D7D2E9	#FAFAFA
1006	#F8EFEE	#FEFEFE
1007	#FEFCFC	#FFFFFF
1008	#FDFAFA	#FFFFFF
1009	#E6E2F1	#FEFEFE
1010	#F8F7FB	#FFFFFF
1011	#FAF4F3	#FEFEFE
1012	#EFEDF6	#FEFEFE
1013	#F4E6E4	#FDFDFD
1014	#CB9690	#FCFCFC
1015	#EFEDF6	#FEFEFE
1016	#FFFEFE	#FFFFFF
1017	#F2F0F8	#FEFEFE
1018	#F9F2F1	#FEFEFE
1019	#FEFCFB	#FFFFFF
1020	#FFFFFF	#FFFFFF
1021	#E6C8C4	#FDFDFD
1022	#F2E2E0	#FEFEFE
1023	#E5E2F1	#FEFEFE
1024	#F3E4E2	#FEFEFE
1025	#E0BDB9	#FEFEFE
1026	#E6C8C4	#FDFDFD
1027	#EEECF6	#FFFFFF
1028	#E1BEBA	#FEFEFE
1029	#E8E5F3	#FEFEFE
1030	#EDD6D3	#FEFEFE
1031	#F3E5E3	#FEFEFE
1032	#F9F8FC	#FFFFFF
1033	#E9CECB	#FEFEFE
1034	#D4A5A0	#FCFCFC
1035	#FCFCFE	#FFFFFF
1036	#FAF9FC	#FFFFFF
1037	#FAF4F3	#FFFFFF
1038	#EDD6D3	#FEFEFE
1039	#FFFEFE	#FFFFFF
1040	#F4E6E4	#FEFEFE
1041	#E8CDC9	#FEFEFE
1042	#F2F0F8	#FEFEFE
1043	#F1E0DE	#FEFEFE
1044	#ECD4D1	#FDFDFD
1045	#FAFAFD	#FFFFFF
1046	#FFFFFF	#FFFFFF
1047	#F0EEF7	#FEFEFE
1048	#E4E1F1	#FEFEFE
1049	#F1DFDD	#FEFEFE
1050	#FAF4F3	#FFFFFF
1051	#A49ACD	#F8F8F8
1052	#D3CDE7	#F9F9F9
1053	#DAD5EB	#FCFCFC
1054	#D5CFE8	#FBFBFB
1055	#EFEDF6	#FEFEFE
1056	#FBF5F4	#FFFFFF
1057	#FBF6F5	#FFFFFF
1058	#EAE7F4	#FEFEFE
1059	#E6E2F1	#FEFEFE
1060	#FDFDFE	#FFFFFF
1062	#E7E4F2	#FDFDFD
1063	#FFFEFE	#FFFFFF
1064	#F3E4E2	#FEFEFE
1065	#F8F8FB	#FFFFFF
1066	#FCF9F8	#FFFFFF
1067	#EDEAF5	#FEFEFE
1068	#F7F5FB	#FFFFFF
1069	#FEFEFE	#FFFFFF
1070	#EED9D6	#FEFEFE
1071	#F6EAE8	#FEFEFE
1072	#CB9690	#FCFCFC
1073	#D3A49F	#FCFCFC
1074	#F3E4E2	#FDFDFD
1075	#F8EEED	#FFFFFF
1076	#ECD5D2	#FEFEFE
1077	#F3E5E3	#FEFEFE
1078	#E5C8C4	#FDFDFD
1079	#F4E5E4	#FEFEFE
1080	#F1DFDD	#FEFEFE
1081	#FEFDFD	#FFFFFF
1082	#ECD5D2	#FEFEFE
1083	#FAF9FC	#FFFFFF
1084	#FBF6F5	#FFFFFF
1085	#FDFDFE	#FFFFFF
1086	#D9AFAA	#FDFDFD
1087	#F0DDDA	#FEFEFE
1088	#EDD7D4	#FEFEFE
1089	#C1847D	#FAFAFA
1090	#E6C8C4	#FDFDFD
1091	#FDFBFA	#FFFFFF
1092	#FAF9FC	#FFFFFF
1093	#FFFFFF	#FFFFFF
1094	#F6F5FA	#FFFFFF
1095	#EFDCD9	#FEFEFE
1096	#F2E2E0	#FDFDFD
1097	#E8E5F2	#FEFEFE
1098	#F8F7FB	#FFFFFF
1099	#E5E1F1	#FEFEFE
1100	#FBF6F6	#FFFFFF
1101	#CCC5E3	#FDFDFD
1102	#DDD9ED	#FDFDFD
1103	#F8EFED	#FEFEFE
1104	#D9D4EA	#FCFCFC
1105	#EFEDF7	#FEFEFE
1107	#EED9D7	#FCFCFC
1108	#F2E1DF	#FDFDFD
1109	#F9F0EF	#FEFEFE
1110	#F3E4E2	#FEFEFE
1111	#E3DFF0	#FCFCFC
1112	#ECE9F5	#FEFEFE
1113	#F0DDDB	#FDFDFD
1114	#EDEAF5	#FEFEFE
1115	#FDFDFE	#FFFFFF
1116	#D1CBE6	#FCFCFC
1117	#FDFAFA	#FFFFFF
1118	#ECE9F5	#FEFEFE
1119	#EFDBD8	#FEFEFE
1120	#F3E5E3	#FEFEFE
1121	#F0DDDA	#FEFEFE
1122	#E2C0BB	#FDFDFD
1123	#E1BEBA	#FEFEFE
1124	#EEECF6	#FFFFFF
1125	#FBF5F5	#FEFEFE
1126	#F8EEED	#FFFFFF
1127	#F1E0DE	#FEFEFE
1128	#F6F5FA	#FFFFFF
1129	#F1E0DD	#FEFEFE
1130	#ECD5D2	#FEFEFE
1131	#FBF6F6	#FFFFFF
1132	#F6EAE8	#FEFEFE
1133	#EFEDF6	#FFFFFF
1134	#D3A59F	#FCFCFC
1135	#FBF6F5	#FFFFFF
1136	#FAF2F1	#FEFEFE
1137	#EED9D7	#FEFEFE
1138	#C5BDDF	#FCFCFC
1139	#FCFBFD	#FFFFFF
1140	#E9CECA	#FEFEFE
1141	#F6F5FA	#FFFFFF
1142	#F2F0F8	#FFFFFF
1143	#F4E7E5	#FEFEFE
1144	#F8EFEE	#FEFEFE
1145	#F6F5FA	#FFFFFF
1146	#F7EDEB	#FFFFFF
1147	#FCF8F7	#FFFFFF
1148	#F4F2F9	#FEFEFE
1149	#F7EEEC	#FFFFFF
1150	#E9CECA	#FEFEFE
1151	#FDF9F9	#FFFFFF
1152	#FCFCFE	#FFFFFF
1153	#FBF5F5	#FFFFFF
1154	#CEC8E4	#F9F9F9
1155	#FBFAFD	#FFFFFF
1156	#FBFAFD	#FFFFFF
1157	#FFFFFF	#FFFFFF
1158	#ECD6D3	#FDFDFD
1159	#EBD2CF	#FCFCFC
1160	#F6EAE9	#FEFEFE
1161	#F4E5E3	#FEFEFE
1163	#FDFAF9	#FFFFFF
1164	#F7ECEB	#FEFEFE
1165	#F8F0EF	#FEFEFE
1166	#F6EBE9	#FEFEFE
1167	#EED9D6	#FCFCFC
1168	#FBF6F6	#FEFEFE
1169	#FEFEFE	#FFFFFF
1170	#F7EDEC	#FEFEFE
1171	#F4E6E4	#FEFEFE
1172	#FDFBFA	#FFFFFF
1173	#F7F6FB	#FEFEFE
1174	#F9F9FC	#FFFFFF
1175	#FBF6F5	#FEFEFE
1176	#FCF8F7	#FFFFFF
1177	#D6D1E9	#F8F8F8
1178	#FEFCFC	#FFFFFF
1179	#FDFBFB	#FFFFFF
1180	#F7EDEB	#FEFEFE
1181	#E4E0F0	#FDFDFD
1182	#F4F3F9	#FEFEFE
1183	#DEDAED	#FCFCFC
1184	#F2F0F8	#FEFEFE
1185	#EAE7F4	#FEFEFE
1186	#FEFDFE	#FFFFFF
1187	#E4C4C0	#FDFDFD
1188	#F2F1F8	#FEFEFE
1189	#EAE8F4	#FEFEFE
1190	#EAE7F3	#FDFDFD
1191	#F9F8FC	#FFFFFF
1192	#F3F1F8	#FEFEFE
1193	#FDFDFE	#FFFFFF
1194	#FEFDFD	#FFFFFF
1195	#F8F7FB	#FFFFFF
1196	#EAE7F4	#FEFEFE
1197	#F8EEED	#FEFEFE
1198	#F6F5FA	#FFFFFF
1199	#F6F5FA	#FFFFFF
1200	#DAD5EB	#FCFCFC
1201	#D8D3EA	#FDFDFD
1202	#E3C3BF	#FDFDFD
1203	#FAF9FC	#FFFFFF
1204	#FBF6F5	#FFFFFF
1205	#F7ECEB	#FFFFFF
1206	#FFFFFF	#FFFFFF
1208	#FEFDFD	#FFFFFF
1209	#F8F7FB	#FEFEFE
1210	#FAF9FC	#FFFFFF
1211	#FEFEFF	#FFFFFF
1212	#FAF4F4	#FEFEFE
1213	#FBF5F4	#FEFEFE
1214	#FCF8F8	#FFFFFF
1215	#E6E2F1	#FCFCFC
1216	#EEDAD7	#FCFCFC
1217	#F8EEED	#FEFEFE
1218	#F1E1DE	#FDFDFD
1219	#F9F2F1	#FEFEFE
1220	#FCFBFD	#FFFFFF
1221	#F7ECEB	#FEFEFE
1222	#F1E0DE	#FDFDFD
1223	#FEFEFE	#FFFFFF
1224	#E1DDEF	#FBFBFB
1225	#F2F1F8	#FEFEFE
1226	#FEFEFE	#FFFFFF
1227	#F6F5FA	#FEFEFE
1228	#F4F2F9	#FEFEFE
1229	#FDFAFA	#FFFFFF
1230	#EFEDF6	#FEFEFE
1231	#F9F9FC	#FFFFFF
1232	#F0DDDA	#FDFDFD
1233	#FBF5F5	#FFFFFF
1234	#DFDAEE	#FAFAFA
1235	#CEC7E4	#FDFDFD
1236	#FAF9FC	#FFFFFF
1237	#F0DDDB	#FCFCFC
1238	#FBFBFD	#FFFFFF
1239	#EFEDF6	#FEFEFE
1240	#FEFDFD	#FFFFFF
1241	#E0DCEE	#FBFBFB
1242	#E1DDEF	#FDFDFD
1243	#F7F5FA	#FFFFFF
1244	#EDEBF5	#FEFEFE
1245	#FBFAFD	#FFFFFF
1246	#D3CDE7	#FBFBFB
1247	#D5CFE8	#FEFEFE
1248	#F8F7FB	#FFFFFF
1249	#FCF8F7	#FFFFFF
1250	#F6EAE9	#FEFEFE
1251	#ECE9F4	#FEFEFE
1252	#F6E9E8	#FEFEFE
1253	#E4E1F1	#FEFEFE
1254	#F4E6E4	#FEFEFE
1255	#FBF5F5	#FFFFFF
1256	#FCF7F7	#FFFFFF
1257	#F6F5FA	#FFFFFF
1258	#FCF8F7	#FFFFFF
1259	#F6ECEA	#FEFEFE
1260	#F9F8FC	#FFFFFF
1261	#F7F5FA	#FEFEFE
1262	#FDFDFE	#FFFFFF
1264	#F0EEF7	#FEFEFE
1265	#FEFDFD	#FFFFFF
1266	#F3F1F9	#FEFEFE
1267	#F5E8E6	#FEFEFE
1268	#FEFCFB	#FFFFFF
1269	#F8F0EF	#FEFEFE
1270	#D9AFAA	#FBFBFB
1271	#FAF2F1	#FFFFFF
1272	#C0847D	#FAFAFA
1273	#F6F5FA	#FFFFFF
1274	#E9E6F3	#FEFEFE
1275	#E2C0BC	#FDFDFD
1276	#F4E7E5	#FDFDFD
1277	#CF9D97	#FCFCFC
1278	#FBF6F5	#FFFFFF
1279	#EFDCD9	#FEFEFE
1280	#F7ECEB	#FFFFFF
1281	#D4A5A0	#FCFCFC
1282	#F1DFDD	#FEFEFE
1283	#ECD4D1	#FEFEFE
1284	#EFEDF6	#FFFFFF
1285	#C7C0E0	#FCFCFC
1286	#D9B0AB	#FDFDFD
1287	#F2F1F8	#FEFEFE
1288	#EED9D6	#FEFEFE
1289	#F9F2F1	#FFFFFF
1290	#E9E6F3	#FEFEFE
1291	#FFFFFF	#FFFFFF
1292	#FBFAFD	#FFFFFF
1293	#F9F9FC	#FFFFFF
1294	#E5E1F1	#FEFEFE
1295	#F3E4E2	#FEFEFE
1296	#FBF5F4	#FFFFFF
1297	#E5E1F1	#FEFEFE
1298	#F7EEEC	#FEFEFE
1299	#EFDBD9	#FEFEFE
1300	#FEFCFB	#FFFFFF
1301	#FEFEFE	#FFFFFF
1302	#DDD8ED	#FEFEFE
1303	#EFEDF6	#FEFEFE
1304	#EBD2CF	#FDFDFD
1305	#ECEAF5	#FEFEFE
1306	#DDD9ED	#FBFBFB
1307	#F7F6FB	#FFFFFF
1309	#F5E8E6	#FEFEFE
1310	#F2E1DF	#FDFDFD
1311	#E8CDCA	#FBFBFB
1312	#F9F1F0	#FEFEFE
1313	#FDFAF9	#FFFFFF
1314	#F7EDEC	#FEFEFE
1315	#F2F0F8	#FEFEFE
1316	#FDFCFE	#FFFFFF
1317	#EEEBF6	#FEFEFE
1318	#FDFAFA	#FFFFFF
1319	#DED9ED	#FDFDFD
1320	#E2DEEF	#FDFDFD
1321	#F2F1F8	#FFFFFF
1322	#E9CECA	#FDFDFD
1323	#F6EAE8	#FEFEFE
1324	#CF9D97	#FCFCFC
1325	#CC9791	#FCFCFC
1326	#C9928B	#FBFBFB
1327	#FBF6F5	#FFFFFF
1328	#ECE9F5	#FEFEFE
1329	#F1E0DD	#FEFEFE
1330	#E8CDCA	#FEFEFE
1331	#FDFBFB	#FFFFFF
1332	#E5E1F1	#FEFEFE
1333	#D4CFE8	#FEFEFE
1334	#CF9E97	#FCFCFC
1335	#FAF9FC	#FFFFFF
1336	#F1DFDD	#FEFEFE
1337	#FDFBFB	#FFFFFF
1338	#FCF8F7	#FFFFFF
1339	#FBF6F6	#FFFFFF
1340	#F4E5E3	#FEFEFE
1341	#F7EDEB	#FEFEFE
1342	#E1BEBA	#FEFEFE
1343	#F0DDDA	#FEFEFE
1344	#E0BEB9	#FEFEFE
1345	#E6C8C4	#FDFDFD
1346	#FBFBFD	#FFFFFF
1347	#F9F8FC	#FFFFFF
1348	#FBF6F6	#FFFFFF
1349	#F2F0F8	#FEFEFE
1350	#DED9ED	#FDFDFD
1351	#E8E5F3	#FEFEFE
1352	#FDFBFB	#FFFFFF
1353	#FCF7F7	#FFFFFF
1354	#E6C8C4	#FDFDFD
1355	#EDEBF5	#FEFEFE
1356	#C8C1E1	#F8F8F8
1357	#FDFDFE	#FFFFFF
1358	#FDFBFB	#FFFFFF
1359	#FBFAFD	#FFFFFF
1360	#EED8D5	#FCFCFC
1361	#F5E9E7	#FDFDFD
1362	#F4E7E5	#FEFEFE
1363	#F5F4FA	#FEFEFE
1365	#EEEBF6	#FEFEFE
1366	#F7EDEB	#FEFEFE
1367	#FFFFFF	#FFFFFF
1368	#F6F5FA	#FEFEFE
1369	#FBF5F4	#FFFFFF
1370	#FDFAFA	#FFFFFF
1371	#F6F5FA	#FFFFFF
1372	#FDFCFE	#FFFFFF
1373	#EFEDF6	#FEFEFE
1374	#F1DFDD	#FEFEFE
1375	#F9F1F0	#FFFFFF
1376	#C48A83	#FBFBFB
1377	#F4F2F9	#FEFEFE
1378	#E1BEBA	#FEFEFE
1379	#EBD4D0	#FEFEFE
1380	#FEFCFC	#FFFFFF
1381	#FAFAFD	#FFFFFF
1382	#EEECF6	#FFFFFF
1383	#E4E1F1	#FEFEFE
1384	#EFECF6	#FFFFFF
1385	#E6C8C4	#FDFDFD
1386	#FEFDFD	#FFFFFF
1387	#F6EAE8	#FEFEFE
1388	#FFFFFF	#FFFFFF
1389	#EFECF6	#FEFEFE
1390	#F7EEEC	#FFFFFF
1391	#F4E7E5	#FEFEFE
1392	#F7ECEB	#FFFFFF
1393	#C28780	#FAFAFA
1394	#ECD5D2	#FEFEFE
1395	#F1E0DE	#FEFEFE
1396	#F2F0F8	#FFFFFF
1397	#EEECF6	#FEFEFE
1398	#DEDAED	#FDFDFD
1399	#EDEBF5	#FDFDFD
1400	#EEDAD7	#FEFEFE
1401	#F8EEED	#FFFFFF
1402	#EFDCDA	#FEFEFE
1403	#E0BEB9	#FDFDFD
1404	#FDFBFA	#FFFFFF
1405	#DFDAED	#FEFEFE
1406	#FAF4F3	#FFFFFF
1407	#F0EEF7	#FEFEFE
1408	#D2CDE7	#F9F9F9
1410	#FEFCFC	#FFFFFF
1411	#FFFFFF	#FFFFFF
1412	#EFDBD8	#FDFDFD
1413	#F1DFDD	#FEFEFE
1414	#EDEBF6	#FEFEFE
1415	#F9F2F1	#FEFEFE
1416	#FEFDFD	#FFFFFF
1417	#FCF8F7	#FFFFFF
1418	#F5F3F9	#FEFEFE
1419	#E4E0F0	#FDFDFD
1420	#FEFCFC	#FFFFFF
1421	#F5E7E5	#FEFEFE
1422	#E0BEB9	#FDFDFD
1423	#FCF7F6	#FFFFFF
1424	#F8EEED	#FFFFFF
1425	#F7ECEB	#FFFFFF
1426	#F7EDEC	#FFFFFF
1427	#D9B0AB	#FDFDFD
1428	#FEFCFC	#FFFFFF
1429	#F8EEED	#FFFFFF
1430	#B7AFD8	#FDFDFD
1431	#FBF6F5	#FFFFFF
1432	#ECD5D2	#FEFEFE
1433	#F7EDEB	#FEFEFE
1434	#D4A5A0	#FCFCFC
1435	#CF9C96	#FCFCFC
1436	#FAF9FC	#FFFFFF
1437	#F2F0F8	#FEFEFE
1438	#DDD8ED	#FDFDFD
1439	#FCFBFD	#FFFFFF
1440	#EEECF6	#FEFEFE
1441	#FEFDFD	#FFFFFF
1442	#F2F0F8	#FFFFFF
1443	#FAF4F3	#FFFFFF
1444	#F4E6E4	#FEFEFE
1445	#F6EAE8	#FEFEFE
1446	#F4E6E4	#FEFEFE
1447	#D9D4EA	#FCFCFC
1448	#DED9ED	#FCFCFC
1449	#E3DFF0	#FEFEFE
1450	#FDFAFA	#FFFFFF
1451	#CC9791	#FCFCFC
1452	#FAF9FC	#FFFFFF
1453	#E2C0BC	#FDFDFD
1454	#E4E1F1	#FEFEFE
1455	#F9F1F0	#FFFFFF
1456	#F1EFF7	#FEFEFE
1457	#D9D4EA	#FCFCFC
1458	#CCC5E3	#F9F9F9
1459	#E2DEEF	#FBFBFB
1460	#F8EFED	#FEFEFE
1461	#F6EAE8	#FEFEFE
1462	#EEDAD7	#FDFDFD
1463	#EAD1CE	#FBFBFB
1464	#FAF3F2	#FEFEFE
1466	#EFDBD8	#FCFCFC
1467	#EED9D6	#FCFCFC
1468	#FCF8F8	#FFFFFF
1469	#F0DCDA	#FDFDFD
1470	#EDEAF5	#FEFEFE
1471	#F7ECEB	#FEFEFE
1472	#F6EAE8	#FEFEFE
1473	#C1847D	#FAFAFA
1474	#F1DFDD	#FEFEFE
1475	#E1BEB9	#FDFDFD
1476	#C0847D	#FAFAFA
1477	#C2867F	#FAFAFA
1478	#FDFDFE	#FFFFFF
1479	#F2E1DF	#FEFEFE
1480	#E5E1F1	#FEFEFE
1481	#E6C9C5	#FDFDFD
1482	#E2C1BC	#FDFDFD
1483	#E4C4C0	#FDFDFD
1484	#D4A59F	#FCFCFC
1485	#FCFCFD	#FFFFFF
1486	#E9E5F3	#FEFEFE
1487	#C68D87	#FBFBFB
1488	#E8E4F2	#FEFEFE
1489	#EFDAD8	#FDFDFD
1490	#F0DDDB	#FEFEFE
1491	#F2E2E0	#FEFEFE
1492	#F7EDEC	#FEFEFE
1493	#EFDBD8	#FEFEFE
1494	#DFBBB7	#FCFCFC
1495	#F9F2F1	#FFFFFF
1496	#F8EFEE	#FEFEFE
1497	#EAE7F3	#FEFEFE
1498	#E1BEB9	#FDFDFD
1499	#D9B0AB	#FDFDFD
1500	#F3E4E2	#FEFEFE
1501	#FDFBFA	#FFFFFF
1502	#D9B0AB	#FDFDFD
1503	#F4E5E3	#FEFEFE
1504	#F8F0EF	#FEFEFE
1505	#F3F1F9	#FEFEFE
1506	#F0DDDB	#FEFEFE
1507	#F7EEEC	#FFFFFF
1508	#F6F5FA	#FFFFFF
1509	#F0EEF7	#FEFEFE
1511	#F9F0EF	#FEFEFE
1512	#F7ECEB	#FEFEFE
1513	#FAF4F3	#FEFEFE
1514	#F6E9E8	#FDFDFD
1515	#F3E5E3	#FDFDFD
1516	#F5F4FA	#FEFEFE
1517	#F9F1F0	#FEFEFE
1518	#EFDCDA	#FDFDFD
1519	#DCB5B1	#FAFAFA
1520	#F0EEF7	#FEFEFE
1521	#EBD3D0	#FDFDFD
1522	#F5E9E7	#FEFEFE
1523	#C68D87	#FBFBFB
1524	#D4A59F	#FCFCFC
1525	#E3C3BF	#FDFDFD
1526	#FDFBFB	#FFFFFF
1527	#F4E6E4	#FEFEFE
1528	#C48A84	#FBFBFB
1529	#EDEAF5	#FEFEFE
1530	#FEFDFD	#FFFFFF
1531	#EBD4D1	#FDFDFD
1532	#C68D86	#FBFBFB
1533	#ECD5D2	#FEFEFE
1534	#F8EFED	#FFFFFF
1535	#F7ECEB	#FFFFFF
1536	#F9F8FC	#FFFFFF
1537	#F7ECEA	#FEFEFE
1538	#F8F7FB	#FFFFFF
1539	#DDD8EC	#FDFDFD
1540	#FEFDFD	#FFFFFF
1541	#F3F1F8	#FFFFFF
1542	#E4E1F1	#FEFEFE
1543	#F3F1F8	#FFFFFF
1544	#E6C8C4	#FDFDFD
1545	#FBF6F6	#FFFFFF
1546	#DEDAED	#FDFDFD
1547	#D7D2E9	#FDFDFD
1548	#FAF9FC	#FFFFFF
1549	#F2F0F8	#FFFFFF
1550	#F1E0DE	#FEFEFE
1551	#F5F4FA	#FFFFFF
1552	#DDD9ED	#FEFEFE
1553	#F7ECEB	#FFFFFF
1554	#F8EEED	#FFFFFF
1555	#F6F4FA	#FFFFFF
1556	#F7F6FB	#FFFFFF
1557	#F9F8FC	#FFFFFF
1558	#EAD1CE	#FDFDFD
1559	#FEFCFC	#FFFFFF
1560	#CCC5E3	#FBFBFB
1561	#F4E6E4	#FDFDFD
1562	#F8F7FB	#FFFFFF
1563	#FCF9F9	#FFFFFF
1564	#F8F7FB	#FFFFFF
1565	#F6EBE9	#FEFEFE
1567	#FEFEFF	#FFFFFF
1568	#E3C3BF	#FBFBFB
1569	#EDD7D4	#FBFBFB
1570	#F0DCDA	#FDFDFD
1571	#FFFFFF	#FFFFFF
1572	#F6F4FA	#FFFFFF
1573	#E9CECA	#FEFEFE
1574	#F1E0DD	#FEFEFE
1575	#E2C1BC	#FDFDFD
1576	#E9E6F3	#FEFEFE
1577	#F6EBEA	#FFFFFF
1578	#AEA5D3	#FCFCFC
1579	#DAD5EB	#FCFCFC
1580	#C38780	#FAFAFA
1581	#E9CECA	#FEFEFE
1583	#E6C8C4	#FDFDFD
1584	#C8918B	#FBFBFB
1585	#D4A5A0	#FCFCFC
1586	#D4A59F	#FCFCFC
1587	#FCF7F6	#FFFFFF
1588	#D3A59F	#FCFCFC
1589	#FCF8F8	#FFFFFF
1590	#FAFAFD	#FFFFFF
1591	#FBF6F5	#FFFFFF
1592	#E4C4C0	#FDFDFD
1593	#EFEDF6	#FEFEFE
1594	#B8AFD8	#FDFDFD
1595	#F0EEF7	#FEFEFE
1596	#F0DCDA	#FEFEFE
1597	#EAE7F3	#FEFEFE
1598	#ECD4D1	#FDFDFD
1599	#F6F5FA	#FFFFFF
1600	#EFECF6	#FEFEFE
1601	#FBF5F4	#FEFEFE
1602	#FAFAFD	#FFFFFF
1603	#FCF7F6	#FFFFFF
1604	#CEC8E5	#FCFCFC
1605	#F4E7E5	#FEFEFE
1606	#F7ECEB	#FEFEFE
1607	#E6E3F2	#FEFEFE
1608	#FAF9FC	#FFFFFF
1609	#FAF9FC	#FFFFFF
1610	#B0A7D4	#F6F6F6
1612	#FDFDFE	#FFFFFF
1613	#F3F1F8	#FEFEFE
1614	#EFEDF7	#FEFEFE
1615	#ECE9F5	#FDFDFD
1616	#F9F8FC	#FFFFFF
1617	#FCFBFD	#FFFFFF
1618	#FFFFFF	#FFFFFF
1619	#F0DDDA	#FDFDFD
1620	#F2E2E0	#FDFDFD
1621	#E8CCC9	#FCFCFC
1622	#E7CCC8	#FDFDFD
1623	#F1E0DE	#FEFEFE
1624	#E4E1F1	#FEFEFE
1625	#F1E0DE	#FEFEFE
1626	#FBF6F6	#FFFFFF
1627	#D4A6A0	#FCFCFC
1628	#D9B0AB	#FDFDFD
1629	#F7ECEB	#FFFFFF
1630	#F6F5FA	#FFFFFF
1631	#CB9690	#FCFCFC
1632	#E1BEB9	#FDFDFD
1633	#F1F0F8	#FFFFFF
1634	#FAF9FC	#FFFFFF
1635	#EED9D6	#FEFEFE
1636	#F3E5E3	#FEFEFE
1637	#FAF4F3	#FFFFFF
1638	#F1E0DE	#FEFEFE
1639	#F5E9E8	#FEFEFE
1640	#FAFAFC	#FFFFFF
1641	#E2DEEF	#FCFCFC
1642	#EFECF6	#FEFEFE
1643	#F5F4FA	#FFFFFF
1644	#C68D86	#FBFBFB
1645	#FBFAFD	#FFFFFF
1646	#F9F1F0	#FFFFFF
1647	#DDD8EC	#FDFDFD
1648	#FBFBFD	#FFFFFF
1649	#C5BEDF	#FCFCFC
1650	#F1DFDD	#FEFEFE
1651	#FBF6F5	#FFFFFF
1652	#F6EBE9	#FEFEFE
1653	#EFDBD9	#FEFEFE
1654	#F9F8FC	#FFFFFF
1655	#E5E1F1	#FEFEFE
1656	#E5E2F1	#FDFDFD
1657	#D7D2E9	#FDFDFD
1658	#F8F7FB	#FFFFFF
1659	#E9CFCC	#FDFDFD
1660	#DDD9ED	#FEFEFE
1661	#E1DDEF	#FDFDFD
1662	#F6EAE8	#FEFEFE
1663	#E0DCEE	#FBFBFB
1664	#F9F2F1	#FEFEFE
1665	#F3E5E3	#FDFDFD
1666	#F7EEEC	#FEFEFE
1668	#FCF9F8	#FFFFFF
1669	#EEDAD7	#FDFDFD
1670	#FAF3F2	#FEFEFE
1671	#EFDCD9	#FDFDFD
1672	#FEFEFE	#FFFFFF
1673	#CC9790	#FCFCFC
1674	#C58B84	#FBFBFB
1675	#F9F9FC	#FFFFFF
1676	#E9CECA	#FEFEFE
1677	#F6F5FA	#FFFFFF
1678	#E8CDC9	#FEFEFE
1679	#E6C9C5	#FDFDFD
1680	#F5F4FA	#FEFEFE
1681	#F3E4E2	#FEFEFE
1682	#ECD5D2	#FEFEFE
1683	#CF9D97	#FCFCFC
1684	#C9928C	#FBFBFB
1685	#F3E5E3	#FEFEFE
1686	#F8EFED	#FFFFFF
1687	#EBD4D0	#FEFEFE
1688	#E6C8C4	#FDFDFD
1689	#FAF4F4	#FFFFFF
1690	#EFDCDA	#FEFEFE
1691	#F8EFEE	#FEFEFE
1692	#FFFEFE	#FFFFFF
1693	#F6EBEA	#FFFFFF
1694	#E4E1F1	#FEFEFE
1695	#D3CEE7	#FDFDFD
1696	#E8E5F2	#FEFEFE
1697	#E8CECA	#FEFEFE
1698	#F2E3E0	#FEFEFE
1699	#FBF6F5	#FFFFFF
1700	#F7ECEA	#FFFFFF
1701	#FEFDFD	#FFFFFF
1702	#F4F2F9	#FEFEFE
1703	#FBF7F6	#FFFFFF
1704	#FFFFFE	#FFFFFF
1705	#F2F0F8	#FFFFFF
1706	#F9F8FC	#FFFFFF
1707	#CBC5E3	#FCFCFC
1708	#FDFCFE	#FFFFFF
1709	#E5E2F1	#FEFEFE
1710	#F6F4FA	#FFFFFF
1711	#F3E4E2	#FEFEFE
1713	#FEFCFC	#FFFFFF
1714	#F3F1F9	#FEFEFE
1715	#F7F6FB	#FEFEFE
1716	#F9F1F0	#FEFEFE
1717	#ECD4D1	#FAFAFA
1718	#F4E7E5	#FEFEFE
1719	#F6EAE8	#FEFEFE
1720	#FFFFFF	#FFFFFF
1721	#E1BFBB	#FAFAFA
1722	#EBD3D0	#FDFDFD
1723	#EEECF6	#FEFEFE
1724	#F9F1F0	#FFFFFF
1725	#F4E6E4	#FEFEFE
1726	#CC9791	#FCFCFC
1727	#F1E0DD	#FEFEFE
1728	#F6EBE9	#FEFEFE
1729	#E3C3BF	#FDFDFD
1730	#F7ECEB	#FFFFFF
1731	#FDFBFB	#FFFFFF
1732	#DEB9B5	#FCFCFC
1733	#E1BEB9	#FDFDFD
1734	#CC9791	#FCFCFC
1735	#E5C8C4	#FDFDFD
1736	#F1DFDD	#FEFEFE
1737	#FFFFFF	#FFFFFF
1738	#F5E7E5	#FEFEFE
1739	#F4E5E3	#FEFEFE
1740	#EDD6D3	#FEFEFE
1741	#EFECF6	#FFFFFF
1742	#FEFCFC	#FFFFFF
1743	#F3F1F8	#FEFEFE
1744	#F6F4FA	#FFFFFF
1745	#ECE9F5	#FEFEFE
1746	#D8D3EA	#FDFDFD
1747	#DED9ED	#FDFDFD
1748	#F5E7E6	#FEFEFE
1749	#E6E2F1	#FEFEFE
1750	#FEFDFD	#FFFFFF
1751	#E6C8C4	#FDFDFD
1752	#F2F0F8	#FFFFFF
1753	#FEFDFD	#FFFFFF
1754	#EEECF6	#FFFFFF
1755	#FDFBFB	#FFFFFF
1756	#D4CEE8	#FDFDFD
1757	#F7EEEC	#FFFFFF
1758	#F1DFDC	#FEFEFE
1759	#F5E9E7	#FEFEFE
1760	#FEFEFE	#FFFFFF
1761	#F3E4E2	#FEFEFE
1762	#EFEDF6	#FEFEFE
1763	#EFECF6	#FEFEFE
1764	#F4E6E4	#FDFDFD
1765	#FBFBFD	#FFFFFF
1766	#F6EBEA	#FEFEFE
1767	#F8EEED	#FEFEFE
1769	#FCF9F8	#FFFFFF
1770	#F0EEF7	#FEFEFE
1771	#F5F4FA	#FFFFFF
1772	#ECD4D1	#FDFDFD
1773	#EAD0CD	#FDFDFD
1774	#CF9D97	#FCFCFC
1775	#F9F9FC	#FFFFFF
1776	#CF9C96	#FCFCFC
1777	#FAFAFD	#FFFFFF
1778	#E9CECA	#FEFEFE
1779	#F9F8FC	#FFFFFF
1780	#E9CECA	#FEFEFE
1781	#F4F2F9	#FEFEFE
1782	#CC9790	#FCFCFC
1783	#E1BEB9	#FDFDFD
1784	#DFBCB7	#FCFCFC
1785	#F3E4E2	#FEFEFE
1786	#F1E0DE	#FEFEFE
1787	#F3E4E3	#FEFEFE
1788	#F7EDEC	#FEFEFE
1789	#EAD2CE	#FDFDFD
1790	#F6EAE8	#FEFEFE
1791	#FBFAFD	#FFFFFF
1792	#F1EFF8	#FEFEFE
1793	#F7EDEC	#FEFEFE
1794	#D3A49F	#FCFCFC
1795	#F9F9FC	#FFFFFF
1796	#E5E1F1	#FDFDFD
1797	#C5BEDF	#FBFBFB
1798	#F1E0DE	#FEFEFE
1799	#D7D2EA	#FDFDFD
1800	#F3E5E3	#FEFEFE
1801	#D4A59F	#FCFCFC
1802	#E1BEBA	#FEFEFE
1803	#F6F5FA	#FFFFFF
1804	#CDC6E4	#FCFCFC
1805	#DED9ED	#FDFDFD
1806	#F7EDEC	#FEFEFE
1807	#E4C4C0	#FCFCFC
1808	#FEFEFE	#FFFFFF
1809	#FFFEFE	#FFFFFF
1810	#D4CFE8	#FCFCFC
1811	#ECE9F5	#FEFEFE
1812	#EDEAF5	#FEFEFE
1814	#F9F1F0	#FEFEFE
1815	#F8F0EE	#FEFEFE
1816	#F9F8FC	#FFFFFF
1817	#F3E4E2	#FCFCFC
1818	#FDFCFE	#FFFFFF
1819	#F5E9E8	#FEFEFE
1820	#F7EDEC	#FEFEFE
1821	#F4F3F9	#FEFEFE
1822	#FAF3F2	#FFFFFF
1823	#FAFAFD	#FFFFFF
1824	#F1E0DD	#FEFEFE
1825	#FCFBFD	#FFFFFF
1826	#F9F1F0	#FFFFFF
1827	#FBFAFD	#FFFFFF
1828	#F9F1F0	#FFFFFF
1829	#EED9D6	#FEFEFE
1830	#F4E5E3	#FEFEFE
1831	#EFDCDA	#FEFEFE
1832	#E5C7C4	#FAFAFA
1833	#E4C4C0	#FDFDFD
1834	#F1E0DD	#FEFEFE
1835	#FCF7F7	#FFFFFF
1836	#D9B0AB	#FDFDFD
1837	#F1E0DE	#FEFEFE
1838	#F2E2E0	#FEFEFE
1839	#F6F5FA	#FFFFFF
1840	#CB9690	#FCFCFC
1841	#D4A5A0	#FCFCFC
1842	#FBFAFD	#FFFFFF
1843	#F2F0F8	#FEFEFE
1844	#F1DFDD	#FEFEFE
1845	#EFDCDA	#FEFEFE
1846	#E6E2F1	#FDFDFD
1847	#E6E3F1	#FEFEFE
1848	#EFECF6	#FEFEFE
1849	#FBF6F5	#FFFFFF
1850	#E4E1F1	#FEFEFE
1851	#E1BEB9	#FEFEFE
1852	#EED9D6	#FEFEFE
1853	#FBF6F5	#FFFFFF
1854	#FAFAFC	#FFFFFF
1855	#F7ECEB	#FFFFFF
1856	#E6C8C4	#FDFDFD
1857	#F4E5E3	#FEFEFE
1858	#EDEAF5	#FEFEFE
1859	#FEFDFD	#FFFFFF
1860	#FEFDFD	#FFFFFF
1861	#D3CDE7	#FCFCFC
1862	#DCD7EC	#FBFBFB
1863	#F5F3F9	#FEFEFE
1864	#FFFFFF	#FFFFFF
1865	#EDD8D5	#FCFCFC
1866	#F3F1F8	#FEFEFE
1867	#FDFAFA	#FFFFFF
1868	#FEFDFD	#FFFFFF
1870	#FAF9FC	#FFFFFF
1871	#FFFEFE	#FFFFFF
1872	#F2E2DF	#FEFEFE
1873	#ECD5D2	#FEFEFE
1874	#C9918B	#FBFBFB
1875	#E6C8C4	#FDFDFD
1876	#E3C3BF	#FDFDFD
1877	#F1E0DE	#FEFEFE
1878	#CF9E97	#FCFCFC
1879	#FDFAFA	#FFFFFF
1880	#D4A59F	#FCFCFC
1881	#F7EDEB	#FFFFFF
1882	#E7E3F2	#FDFDFD
1883	#FBF6F5	#FFFFFF
1884	#D9B0AB	#FDFDFD
1885	#EED9D6	#FEFEFE
1886	#F9F1EF	#FFFFFF
1887	#E4C4C0	#FDFDFD
1888	#F7EDEC	#FEFEFE
1889	#CF9C96	#FCFCFC
1890	#F5F4FA	#FFFFFF
1891	#F7ECEB	#FFFFFF
1892	#EED9D6	#FEFEFE
1893	#E8E4F2	#FEFEFE
1894	#FAF9FC	#FFFFFF
1895	#F7EDEC	#FEFEFE
1896	#FAF9FC	#FFFFFF
1897	#F6F4FA	#FFFFFF
1898	#D1CBE6	#FCFCFC
1899	#FEFDFD	#FFFFFF
1900	#F4E5E3	#FEFEFE
1901	#F9F8FC	#FFFFFF
1902	#FEFDFD	#FFFFFF
1903	#CB9790	#FCFCFC
1904	#F6EAE9	#FEFEFE
1905	#F7EDEC	#FEFEFE
1906	#EFECF6	#FEFEFE
1907	#FDFAFA	#FFFFFF
1908	#FDFDFE	#FFFFFF
1909	#FEFCFB	#FFFFFF
1910	#E5E1F1	#FEFEFE
1911	#EBE9F4	#FEFEFE
1912	#ECE9F5	#FEFEFE
1913	#B9B1D9	#F7F7F7
1915	#EED9D6	#FCFCFC
1916	#FEFEFE	#FFFFFF
1917	#FEFDFC	#FFFFFF
1918	#F8EFEE	#FEFEFE
1919	#EDEBF5	#FEFEFE
1920	#FAF9FC	#FFFFFF
1921	#F9F1F0	#FEFEFE
1922	#FFFFFF	#FFFFFF
1923	#D5CFE8	#FEFEFE
1924	#C3BBDE	#FDFDFD
1925	#E1BEBA	#FEFEFE
1926	#ECD5D2	#FEFEFE
1927	#D4A59F	#FCFCFC
1928	#D4A59F	#FCFCFC
1929	#E4C4BF	#FDFDFD
1930	#D3A49F	#FCFCFC
1931	#CF9D97	#FCFCFC
1932	#E6C8C4	#FDFDFD
1933	#DDD8EC	#FBFBFB
1934	#C48A83	#FBFBFB
1935	#EED9D6	#FEFEFE
1936	#C48A83	#FBFBFB
1937	#E2C0BC	#FDFDFD
1938	#ECD6D3	#FEFEFE
1939	#E2C1BC	#FDFDFD
1940	#FEFCFC	#FFFFFF
1941	#ECD4D1	#FDFDFD
1942	#E6C8C4	#FDFDFD
1943	#E6C8C4	#FDFDFD
1944	#F5F4FA	#FEFEFE
1945	#EFEDF6	#FEFEFE
1946	#E2DEEF	#FDFDFD
1947	#C9C2E2	#FBFBFB
1948	#F2F1F8	#FEFEFE
1949	#FBFAFD	#FFFFFF
1950	#F6F5FA	#FFFFFF
1951	#F8EEED	#FFFFFF
1952	#F6F4FA	#FFFFFF
1953	#C4BDDF	#FCFCFC
1954	#C4BCDF	#FCFCFC
1955	#DAB1AB	#F9F9F9
1956	#E4C4C0	#FDFDFD
1957	#FBFAFD	#FFFFFF
1958	#E2DEEF	#FDFDFD
1959	#EAE7F4	#FEFEFE
1960	#DDD9ED	#FDFDFD
1961	#D3CDE7	#FCFCFC
1962	#F0EEF7	#FEFEFE
1963	#F2F0F8	#FEFEFE
1964	#C6BFE0	#F8F8F8
1965	#FCF8F8	#FFFFFF
1966	#F6F5FA	#FEFEFE
1967	#E8E5F3	#FDFDFD
1968	#E4E1F0	#FDFDFD
1969	#FBF6F6	#FFFFFF
1971	#FFFEFE	#FFFFFF
1972	#F0EDF7	#FEFEFE
1973	#F3E5E3	#FEFEFE
1974	#E1BEBA	#FEFEFE
1975	#F6F5FA	#FFFFFF
1976	#E9E5F3	#FEFEFE
1977	#FAF9FC	#FFFFFF
1978	#F1E0DE	#FEFEFE
1979	#E8CDCA	#FEFEFE
1980	#F9F9FC	#FFFFFF
1981	#E1BEBA	#FEFEFE
1982	#EFEDF6	#FEFEFE
1983	#F3F1F8	#FEFEFE
1984	#CF9C96	#FCFCFC
1985	#FBF5F5	#FFFFFF
1986	#ECD5D3	#FEFEFE
1987	#C48A84	#FBFBFB
1988	#FFFFFF	#FFFFFF
1989	#C8918A	#FBFBFB
1990	#E7CBC8	#FDFDFD
1991	#F4E6E4	#FEFEFE
1992	#FCF8F8	#FFFFFF
1993	#FBF5F5	#FFFFFF
1994	#E7E3F2	#FCFCFC
1995	#FDFAFA	#FFFFFF
1996	#E8E5F3	#FEFEFE
1997	#FCF8F7	#FFFFFF
1998	#FDFCFE	#FFFFFF
1999	#E8E5F2	#FEFEFE
2000	#FBF6F5	#FFFFFF
2001	#FBF6F5	#FFFFFF
2002	#E2C0BC	#FDFDFD
2003	#CAC3E2	#FCFCFC
2004	#EFEDF6	#FEFEFE
2005	#FAF9FC	#FFFFFF
2006	#FAF4F3	#FFFFFF
2007	#FDFBFB	#FFFFFF
2008	#FBF6F5	#FFFFFF
2009	#F5F3F9	#FFFFFF
2010	#F6F5FA	#FFFFFF
2011	#D2CDE7	#FCFCFC
2012	#FAF9FC	#FFFFFF
2013	#D2CCE6	#FBFBFB
2014	#D3CDE7	#FBFBFB
2016	#F0DDDA	#FDFDFD
2017	#FBF5F4	#FFFFFF
2018	#FEFCFC	#FFFFFF
2019	#EBE8F4	#FDFDFD
2020	#E3C3BF	#FDFDFD
2021	#E1DDEF	#FDFDFD
2022	#F9F2F1	#FFFFFF
2023	#E8E5F3	#FEFEFE
2024	#D9AFAA	#FDFDFD
2025	#F7EDEC	#FFFFFF
2026	#D4A5A0	#FCFCFC
2027	#EFEDF6	#FEFEFE
2028	#F8EEED	#FFFFFF
2029	#F7ECEB	#FFFFFF
2030	#C6BEE0	#FBFBFB
2031	#E6E2F1	#FEFEFE
2032	#E0BDB8	#FDFDFD
2033	#D9B0AB	#FDFDFD
2034	#F0EDF7	#FEFEFE
2035	#FCFBFD	#FFFFFF
2036	#FAF9FC	#FFFFFF
2037	#EDD6D3	#FEFEFE
2038	#CC9790	#FCFCFC
2039	#F1E0DD	#FEFEFE
2040	#FCF7F6	#FFFFFF
2041	#EFEDF6	#FEFEFE
2042	#F7EDEC	#FEFEFE
2043	#FBF6F6	#FFFFFF
2044	#F6EAE9	#FEFEFE
2045	#F4F2F9	#FEFEFE
2046	#EAE8F4	#FEFEFE
2047	#FCF8F7	#FFFFFF
2048	#FBFBFD	#FFFFFF
2049	#F7ECEB	#FFFFFF
2050	#EDEAF5	#FEFEFE
2051	#F7ECEB	#FFFFFF
2052	#F5F3FA	#FFFFFF
2053	#E1DDEF	#FDFDFD
2054	#E7E3F2	#FEFEFE
2055	#D8D3EA	#FDFDFD
2056	#FAF9FC	#FFFFFF
2057	#F7EDEB	#FEFEFE
2058	#F2F0F8	#FEFEFE
2059	#DED9ED	#FDFDFD
2060	#F5E7E6	#FEFEFE
2061	#E4E1F0	#FDFDFD
2062	#EFECF6	#FEFEFE
2063	#E5E2F1	#FEFEFE
2064	#F6F5FA	#FFFFFF
2065	#E8E5F2	#FDFDFD
2066	#FCFCFD	#FFFFFF
2067	#EEECF6	#FEFEFE
2068	#F8F6FB	#FFFFFF
2069	#FAF4F3	#FFFFFF
2070	#E1BEB9	#FEFEFE
2072	#DDD8ED	#FCFCFC
2073	#DEDAED	#FEFEFE
2074	#F8EEED	#FFFFFF
2075	#C8918B	#FBFBFB
2076	#D4A59F	#FCFCFC
2077	#D4A59F	#FCFCFC
2078	#D4A5A0	#FCFCFC
2079	#CF9D97	#FCFCFC
2080	#F3E5E3	#FEFEFE
2081	#E6C8C4	#FDFDFD
2082	#F3E4E2	#FEFEFE
2083	#FBF6F5	#FFFFFF
2084	#C6BFE0	#F7F7F7
2085	#CB9690	#FCFCFC
2086	#F1DFDD	#FEFEFE
2087	#FFFFFF	#FFFFFF
2088	#F9F0EF	#FFFFFF
2089	#ECD5D2	#FDFDFD
2090	#F9F1F0	#FFFFFF
2091	#C68E87	#FBFBFB
2092	#EEECF6	#FEFEFE
2093	#FEFDFC	#FFFFFF
2094	#EAD1CE	#FDFDFD
2095	#E2DEEF	#FCFCFC
2096	#EFDBD9	#FEFEFE
2097	#FAF4F3	#FFFFFF
2098	#FBF6F5	#FFFFFF
2099	#E4E1F0	#FEFEFE
2100	#F7EEEC	#FFFFFF
2101	#EAE7F4	#FEFEFE
2102	#FCF7F7	#FFFFFF
2103	#DFDAED	#FEFEFE
2104	#F2E2E0	#FEFEFE
2105	#FCF9F8	#FFFFFF
2106	#FAF9FC	#FFFFFF
2107	#EDD7D4	#FEFEFE
2108	#FCF7F7	#FFFFFF
2109	#E5E1F1	#FEFEFE
2110	#F8F6FB	#FFFFFF
2111	#EFEDF6	#FEFEFE
2112	#E2DEEF	#FDFDFD
2113	#E2DEEF	#FCFCFC
2114	#E5E1F1	#FDFDFD
2115	#E1DDEF	#FDFDFD
2117	#F8F7FB	#FFFFFF
2118	#FEFDFD	#FFFFFF
2119	#EFEDF6	#FEFEFE
2120	#E3DFF0	#FDFDFD
2121	#EFECF6	#FEFEFE
2122	#CFC8E5	#F9F9F9
2123	#E2DEEF	#FDFDFD
2124	#FEFDFC	#FFFFFF
2125	#FAFAFC	#FFFFFF
2126	#FAF9FC	#FFFFFF
2127	#F1DFDD	#FEFEFE
2128	#E4C4C0	#FDFDFD
2129	#D9B0AA	#FDFDFD
2130	#CB9690	#FCFCFC
2131	#FBF6F5	#FFFFFF
2132	#EFEDF6	#FEFEFE
2133	#FBF7F6	#FFFFFF
2134	#EFDCDA	#FEFEFE
2135	#EAE7F4	#FEFEFE
2136	#CB9690	#FCFCFC
2137	#F6F5FA	#FFFFFF
2138	#E6C8C5	#FDFDFD
2139	#C78E87	#FBFBFB
2140	#C68D86	#FBFBFB
2141	#FAF4F3	#FFFFFF
2142	#ECD4D1	#FDFDFD
2143	#E8CDCA	#FEFEFE
2144	#EFECF6	#FEFEFE
2145	#F3E5E3	#FEFEFE
2146	#ECEAF5	#FEFEFE
2147	#FAF9FC	#FFFFFF
2148	#FDFCFE	#FFFFFF
2149	#F1EFF8	#FFFFFF
2150	#E6C8C4	#FDFDFD
2151	#F1E0DD	#FEFEFE
2152	#F4E6E4	#FEFEFE
2153	#EFECF6	#FEFEFE
2154	#E2C0BB	#FDFDFD
2155	#FDFAFA	#FFFFFF
2156	#F3E5E3	#FEFEFE
2157	#FAF9FC	#FFFFFF
2158	#E3DFF0	#FEFEFE
2159	#FCF9F8	#FFFFFF
2160	#EDEAF5	#FEFEFE
2161	#EFECF6	#FEFEFE
2162	#D7D2EA	#FDFDFD
2163	#DDD9ED	#FDFDFD
2164	#D9D4EB	#FCFCFC
2165	#E8E5F3	#FEFEFE
2166	#D6D0E9	#FCFCFC
2167	#FCF9F9	#FFFFFF
2168	#FBFBFD	#FFFFFF
2169	#F7EEEC	#FEFEFE
2170	#EFEDF7	#FEFEFE
2171	#F1E0DD	#FEFEFE
2173	#F9F8FC	#FFFFFF
2174	#D7D2EA	#FDFDFD
2175	#D1CAE6	#FCFCFC
2176	#DDD8ED	#FEFEFE
2177	#E6C8C4	#FDFDFD
2178	#CF9D97	#FCFCFC
2179	#E6C8C4	#FDFDFD
2180	#FAF9FC	#FFFFFF
2181	#ECD5D3	#FEFEFE
2182	#FBF6F5	#FFFFFF
2183	#EED9D6	#FEFEFE
2184	#E0BEB9	#FEFEFE
2185	#F9F1F0	#FFFFFF
2186	#EFDCDA	#FEFEFE
2187	#FFFFFF	#FFFFFF
2188	#F3F1F8	#FEFEFE
2189	#FDFAFA	#FFFFFF
2190	#E6C8C4	#FDFDFD
2191	#FAF3F2	#FFFFFF
2192	#F7ECEB	#FEFEFE
2193	#FEFCFC	#FFFFFF
2194	#F7EDEB	#FEFEFE
2195	#E0BDB9	#FDFDFD
2196	#F1EFF7	#FEFEFE
2197	#E5E1F1	#FEFEFE
2198	#AFA5D3	#FCFCFC
2199	#E2C0BC	#FDFDFD
2200	#FCFCFD	#FFFFFF
2201	#CCC6E3	#FDFDFD
2202	#DFBBB7	#FCFCFC
2203	#F2F0F8	#FEFEFE
2204	#FCFBFD	#FFFFFF
2205	#D4CEE8	#FDFDFD
2206	#EFEDF7	#FEFEFE
2207	#F5F3F9	#FEFEFE
2208	#F9F9FC	#FFFFFF
2209	#FBFBFD	#FFFFFF
2210	#E8E4F2	#FEFEFE
2211	#E2DEEF	#FDFDFD
2212	#EFEDF6	#FEFEFE
2213	#D8D3EA	#FDFDFD
2214	#FCFCFD	#FFFFFF
2215	#D5CFE8	#FCFCFC
2216	#F1EFF8	#FEFEFE
2218	#EFECF6	#FDFDFD
2219	#E9E6F3	#FDFDFD
2220	#ECEAF5	#FDFDFD
2221	#F3F1F8	#FFFFFF
2222	#F6EAE9	#FEFEFE
2223	#ECD5D2	#FEFEFE
2224	#F0EEF7	#FEFEFE
2225	#FAF9FC	#FFFFFF
2226	#F7ECEB	#FEFEFE
2227	#F1DFDD	#FEFEFE
2228	#F8EEED	#FFFFFF
2229	#D9B0AB	#FDFDFD
2230	#FEFDFC	#FFFFFF
2231	#D9B0AA	#FDFDFD
2232	#EBD4D1	#FDFDFD
2234	#E0BCB7	#FCFCFC
2235	#FBF6F6	#FFFFFF
2236	#F6F5FA	#FFFFFF
2237	#E9CECB	#FDFDFD
2238	#F7EDEC	#FFFFFF
2239	#F1E0DD	#FEFEFE
2240	#F2F0F8	#FFFFFF
2241	#EDD6D3	#FEFEFE
2242	#EDEAF5	#FEFEFE
2243	#F7EDEB	#FEFEFE
2244	#E9E6F3	#FEFEFE
2245	#FAF9FC	#FFFFFF
2246	#E8E5F3	#FEFEFE
2247	#E2DEEF	#FDFDFD
2248	#E3C3BF	#FDFDFD
2249	#EBD4D0	#FEFEFE
2250	#FFFFFE	#FFFFFF
2251	#E5E1F1	#FEFEFE
2252	#F5F4FA	#FFFFFF
2253	#EFECF6	#FEFEFE
2254	#EFEDF6	#FEFEFE
2255	#F3F1F8	#FEFEFE
2256	#EDEAF5	#FEFEFE
2257	#F0DDDA	#FEFEFE
2258	#E7E4F2	#FDFDFD
2259	#EFECF6	#FEFEFE
2260	#EFECF6	#FEFEFE
2261	#E2DEEF	#FDFDFD
2262	#FEFEFF	#FFFFFF
2263	#D8D2EA	#FDFDFD
2264	#D9D4EB	#FCFCFC
2265	#EAE7F4	#FEFEFE
2266	#DED9ED	#FEFEFE
2267	#E1DDEF	#FDFDFD
2268	#F5F3F9	#FEFEFE
2269	#E8E5F3	#FEFEFE
2270	#F9F8FC	#FFFFFF
2271	#F4E5E3	#FEFEFE
2272	#FEFDFD	#FFFFFF
2274	#FDFAF9	#FFFFFF
2275	#FEFEFE	#FFFFFF
2276	#ECD6D3	#FBFBFB
2277	#F9F1F0	#FEFEFE
2278	#F4E6E5	#FDFDFD
2279	#F9F1F0	#FEFEFE
2280	#FBF5F4	#FEFEFE
2281	#EFDBD9	#FCFCFC
2282	#F1DEDC	#FDFDFD
2283	#FAF3F2	#FEFEFE
2284	#F5F4FA	#FEFEFE
2285	#F0EDF7	#FEFEFE
2286	#EAE7F3	#FDFDFD
2287	#FBF6F5	#FEFEFE
2288	#F6F5FA	#FEFEFE
2289	#FDFDFE	#FFFFFF
2290	#DBB4AF	#FCFCFC
2291	#EDEAF5	#FEFEFE
2292	#F6EBE9	#FDFDFD
2293	#FEFEFE	#FFFFFF
2294	#FAF9FC	#FFFFFF
2295	#ECEAF5	#FDFDFD
2296	#DED9ED	#FCFCFC
2297	#DCB5B0	#FAFAFA
2298	#F2F0F8	#FEFEFE
2299	#DCD7EC	#FEFEFE
2300	#EFDCD9	#FEFEFE
2301	#C6BFE0	#F5F5F5
2302	#D4CEE8	#FBFBFB
2303	#EFECF6	#FEFEFE
2304	#D3CDE7	#FBFBFB
2305	#E4E1F1	#FDFDFD
2306	#D4CEE8	#FDFDFD
2307	#D7D1E9	#FDFDFD
2308	#F9F1F0	#FEFEFE
2309	#F6F5FA	#FFFFFF
2310	#DED9ED	#FEFEFE
2311	#E8E5F3	#FEFEFE
2312	#F8F6FB	#FFFFFF
2313	#F4E5E3	#FEFEFE
2314	#ECD5D2	#FEFEFE
2315	#F2F0F8	#FFFFFF
2316	#F5E7E5	#FEFEFE
2317	#F1E0DE	#FEFEFE
2319	#FAF3F2	#FEFEFE
2320	#F9F1F0	#FEFEFE
2321	#FAF3F2	#FEFEFE
2322	#E7CBC7	#FBFBFB
2323	#FAFAFC	#FFFFFF
2324	#FAF4F3	#FEFEFE
2325	#F4E6E4	#FDFDFD
2326	#F0EEF7	#FEFEFE
2327	#F2E2E0	#FDFDFD
2328	#F2F0F8	#FEFEFE
2329	#F1DEDC	#FDFDFD
2330	#F6EBE9	#FEFEFE
2331	#EED9D7	#FCFCFC
2332	#FDFBFB	#FFFFFF
2333	#FFFFFF	#FFFFFF
2334	#F2F0F8	#FEFEFE
2335	#F0EEF7	#FEFEFE
2336	#FEFCFB	#FFFFFF
2337	#F1EFF7	#FEFEFE
2338	#FFFEFE	#FFFFFF
2339	#F4F3F9	#FEFEFE
2340	#D9AEA9	#FBFBFB
2341	#F3E4E2	#FDFDFD
2342	#F3F2F9	#FEFEFE
2343	#F9F1F0	#FEFEFE
2344	#EDEBF5	#FEFEFE
2345	#F9F8FC	#FFFFFF
2346	#D1CBE6	#F8F8F8
2347	#C9C2E2	#FAFAFA
2348	#F6EAE9	#FEFEFE
2349	#F5F3F9	#FFFFFF
2350	#F5F4FA	#FFFFFF
2351	#DED9ED	#FDFDFD
2352	#CBC4E2	#F8F8F8
2353	#BAB1D9	#F7F7F7
2354	#D9D3EA	#FDFDFD
2355	#D2CCE7	#FAFAFA
2356	#ECD5D2	#FEFEFE
2357	#E8CDCA	#FEFEFE
2358	#D2CCE7	#FCFCFC
2359	#FAF3F2	#FEFEFE
2360	#F0EEF7	#FEFEFE
2361	#FCF7F6	#FFFFFF
2362	#F6F5FA	#FFFFFF
2363	#DDD9ED	#FCFCFC
2364	#ECE9F5	#FEFEFE
2365	#FFFEFE	#FFFFFF
2366	#ECD5D2	#FEFEFE
2367	#F7EDEC	#FEFEFE
2368	#DDD8ED	#FEFEFE
2369	#F3E4E2	#FDFDFD
2370	#FDFDFE	#FFFFFF
2371	#FDFDFE	#FFFFFF
2372	#F4F2F9	#FEFEFE
2373	#FEFDFD	#FFFFFF
2375	#F7ECEA	#FEFEFE
2376	#FDFDFE	#FFFFFF
2377	#F2E1DF	#FEFEFE
2378	#F6F5FA	#FFFFFF
2379	#F8EEED	#FFFFFF
2380	#E9CECB	#FEFEFE
2381	#F4E5E3	#FEFEFE
2382	#F4E5E3	#FEFEFE
2383	#F4E5E3	#FEFEFE
2384	#E6C8C4	#FDFDFD
2385	#E8CDC9	#FEFEFE
2386	#F7EDEB	#FFFFFF
2387	#F7EDEB	#FEFEFE
2388	#E8CDCA	#FDFDFD
2389	#F4E5E3	#FEFEFE
2390	#DFBBB7	#FCFCFC
2391	#E6C8C4	#FDFDFD
2392	#F1E0DD	#FEFEFE
2393	#EFDCDA	#FEFEFE
2394	#F0EDF7	#FFFFFF
2395	#EED9D6	#FEFEFE
2396	#EAE7F4	#FEFEFE
2397	#EAE7F4	#FEFEFE
2398	#FDFDFE	#FFFFFF
2399	#F3F1F8	#FEFEFE
2400	#F2E2E0	#FEFEFE
2401	#ECD5D2	#FEFEFE
2402	#FBF6F5	#FFFFFF
2403	#AFA6D3	#FCFCFC
2404	#F7EEEC	#FFFFFF
2405	#F0EEF7	#FEFEFE
2406	#E4E0F0	#FDFDFD
2407	#EAE7F3	#FEFEFE
2408	#F6F4FA	#FFFFFF
2409	#EBE8F4	#FDFDFD
2410	#CAC3E2	#FBFBFB
2411	#FAF9FC	#FFFFFF
2412	#F0EEF7	#FEFEFE
2413	#EFECF6	#FEFEFE
2414	#F2F0F8	#FEFEFE
2415	#EBD3D0	#FDFDFD
2416	#D8D2EA	#FCFCFC
2417	#D4CEE7	#FCFCFC
2418	#CCC5E3	#FBFBFB
2420	#F7EDEB	#FEFEFE
2421	#E2DDEF	#FDFDFD
2422	#F1E0DE	#FEFEFE
2423	#E5E1F1	#FEFEFE
2424	#F1F0F8	#FFFFFF
2425	#F3E5E3	#FEFEFE
2426	#F1EEF7	#FEFEFE
2427	#DFDAEE	#FCFCFC
2428	#F7ECEA	#FFFFFF
2429	#D4A59F	#FCFCFC
2430	#CC9791	#FCFCFC
2431	#F9F8FC	#FFFFFF
2432	#E8CDCA	#FEFEFE
2433	#FBF5F5	#FFFFFF
2434	#FAF9FC	#FFFFFF
2435	#EEECF6	#FFFFFF
2436	#A096CB	#FBFBFB
2437	#F8F7FB	#FFFFFF
2438	#E4E0F0	#FDFDFD
2439	#F5E8E6	#FEFEFE
2440	#F1E0DE	#FEFEFE
2442	#FBF6F5	#FFFFFF
2443	#FBF6F5	#FFFFFF
2444	#FBFAFD	#FFFFFF
2445	#E8E5F3	#FEFEFE
2446	#E6C9C5	#FDFDFD
2447	#E5E1F1	#FDFDFD
2448	#D4CEE7	#FDFDFD
2449	#F9F8FC	#FFFFFF
2450	#F8EEED	#FFFFFF
2451	#F1E0DE	#FEFEFE
2452	#F8EEED	#FFFFFF
2453	#F4E5E3	#FEFEFE
2454	#EFECF6	#FEFEFE
2455	#FBF5F5	#FFFFFF
2456	#F6F5FA	#FFFFFF
2457	#E3E0F0	#FEFEFE
2458	#E4E0F0	#FDFDFD
2459	#FAF9FC	#FFFFFF
2460	#ECE9F5	#FEFEFE
2461	#ECEAF5	#FEFEFE
2462	#D7D2E9	#FDFDFD
2463	#CBC5E3	#FCFCFC
2464	#F6F4FA	#FFFFFF
2465	#F6F4FA	#FFFFFF
2466	#D9D3EA	#FCFCFC
2467	#D4CFE8	#FCFCFC
2468	#CAC3E2	#FCFCFC
2469	#E5E1F1	#FDFDFD
2470	#FEFEFE	#FFFFFF
2471	#E0BDB9	#FDFDFD
2472	#ECD5D2	#FEFEFE
2473	#F5E9E7	#FEFEFE
2474	#FAF5F4	#FFFFFF
2476	#F1DFDD	#FEFEFE
2477	#FEFDFE	#FFFFFF
2478	#C4BDDF	#FCFCFC
2479	#E5E2F1	#FEFEFE
2480	#DDD8EC	#FEFEFE
2481	#D4A59F	#FCFCFC
2482	#ECD5D2	#FEFEFE
2483	#F7ECEB	#FFFFFF
2484	#E9E5F3	#FEFEFE
2485	#FAFAFC	#FFFFFF
2486	#EFDCDA	#FEFEFE
2487	#F7EDEC	#FEFEFE
2488	#E8E5F2	#FEFEFE
2489	#EEECF6	#FEFEFE
2490	#FFFFFF	#FFFFFF
2491	#FBF7F6	#FFFFFF
2492	#EEECF6	#FFFFFF
2493	#E6E3F1	#FEFEFE
2494	#F4E5E4	#FEFEFE
2495	#F5E7E6	#FEFEFE
2496	#E6E2F1	#FEFEFE
2497	#F6F4FA	#FFFFFF
2498	#FBF6F5	#FFFFFF
2499	#ECEAF5	#FEFEFE
2500	#FBF6F6	#FFFFFF
2501	#C9928B	#FBFBFB
2502	#E9CECA	#FEFEFE
2503	#E8E5F3	#FEFEFE
2504	#F6F5FA	#FFFFFF
2505	#E2DEEF	#FDFDFD
2506	#FBF6F5	#FFFFFF
2507	#ECE9F5	#FEFEFE
2508	#F2F0F8	#FEFEFE
2509	#ECE9F5	#FEFEFE
2510	#D1CBE6	#FCFCFC
2511	#CDC7E4	#FCFCFC
2512	#C5BEE0	#FBFBFB
2513	#F2F0F8	#FFFFFF
2514	#E6E2F1	#FEFEFE
2515	#D0CAE5	#FBFBFB
2516	#FCFBFD	#FFFFFF
2517	#9F95CB	#F7F7F7
2518	#DBD7EC	#FCFCFC
2519	#FCF8F8	#FFFFFF
2521	#FDFCFE	#FFFFFF
2522	#FDFCFE	#FFFFFF
2523	#EDEBF5	#FEFEFE
2524	#FBF6F5	#FFFFFF
2525	#E6E2F1	#FEFEFE
2526	#EDEAF5	#FEFEFE
2527	#E9E6F3	#FEFEFE
2528	#F2F0F8	#FEFEFE
2529	#F2F0F8	#FFFFFF
2530	#E5E1F1	#FEFEFE
2531	#E2C0BC	#FDFDFD
2532	#E8E5F3	#FEFEFE
2533	#E2C1BC	#FDFDFD
2534	#E0BDB9	#FDFDFD
2535	#F8EEED	#FFFFFF
2536	#CF9D97	#FCFCFC
2537	#ECD5D3	#FEFEFE
2538	#FEFEFE	#FFFFFF
2539	#F2F0F8	#FEFEFE
2540	#C9928B	#FBFBFB
2541	#F9F2F1	#FFFFFF
2542	#BDB5DB	#FCFCFC
2543	#EFECF6	#FEFEFE
2544	#E5E1F1	#FEFEFE
2545	#F3E3E1	#FEFEFE
2546	#F7F6FB	#FFFFFF
2547	#F0EEF7	#FEFEFE
2548	#C8918B	#FBFBFB
2549	#F1DFDD	#FEFEFE
2550	#DAD5EB	#FBFBFB
2551	#F3E4E2	#FEFEFE
2552	#EAE7F4	#FEFEFE
2553	#FEFDFD	#FFFFFF
2554	#F2F0F8	#FFFFFF
2555	#DEDAED	#FDFDFD
2556	#F4F2F9	#FEFEFE
2557	#FFFEFE	#FFFFFF
2558	#E5E1F1	#FDFDFD
2559	#F4F3F9	#FEFEFE
2560	#DAD5EB	#FCFCFC
2561	#FFFFFF	#FFFFFF
2562	#BFB7DC	#F9F9F9
2563	#D2CCE6	#FCFCFC
2564	#E8E4F2	#FDFDFD
2565	#FAF9FC	#FFFFFF
2566	#DED9ED	#FDFDFD
2567	#F8F7FB	#FFFFFF
2568	#E3DFF0	#FEFEFE
2569	#DED9ED	#FCFCFC
2570	#FAF9FC	#FFFFFF
2571	#F7ECEB	#FFFFFF
2572	#E4C4C0	#FDFDFD
2573	#E6C8C4	#FDFDFD
2574	#ECD5D2	#FEFEFE
2575	#C4BDDF	#FCFCFC
2577	#FEFDFD	#FFFFFF
2578	#F2F0F8	#FFFFFF
2579	#FAF9FC	#FFFFFF
2580	#F6F5FA	#FFFFFF
2581	#ECD5D2	#FEFEFE
2582	#D9AFAA	#FDFDFD
2583	#F3E4E2	#FEFEFE
2584	#F7EDEB	#FFFFFF
2585	#ECD5D3	#FEFEFE
2586	#E6C8C4	#FDFDFD
2587	#F7ECEA	#FEFEFE
2588	#F9F8FC	#FFFFFF
2589	#E7E4F2	#FDFDFD
2590	#F6EBEA	#FEFEFE
2591	#FEFCFC	#FFFFFF
2592	#EFDCDA	#FEFEFE
2593	#F6F4FA	#FFFFFF
2594	#F1E0DE	#FEFEFE
2595	#FDFBFB	#FFFFFF
2596	#EDEAF5	#FEFEFE
2597	#F3F1F8	#FEFEFE
2598	#ECEAF5	#FEFEFE
2599	#FAF5F4	#FFFFFF
2600	#E5E1F1	#FDFDFD
2601	#EFECF6	#FEFEFE
2602	#FBF6F6	#FFFFFF
2603	#EEECF6	#FFFFFF
2604	#F6F5FA	#FFFFFF
2605	#F7EDEC	#FEFEFE
2606	#F9F8FC	#FFFFFF
2607	#EFEDF6	#FEFEFE
2608	#D8D3EA	#FDFDFD
2609	#F3F1F9	#FEFEFE
2610	#CDC6E4	#FBFBFB
2611	#F4F3F9	#FEFEFE
2612	#D5CFE8	#FDFDFD
2613	#CEC7E4	#FDFDFD
2614	#EDEBF5	#FEFEFE
2615	#E6E2F1	#FEFEFE
2616	#E9E6F3	#FDFDFD
2617	#CCC5E3	#FCFCFC
2618	#E4E0F0	#FEFEFE
2619	#CEC7E4	#FCFCFC
2620	#F3F1F9	#FEFEFE
2622	#D9B0AB	#FDFDFD
2623	#DDD9ED	#FEFEFE
2624	#AEA5D3	#FCFCFC
2625	#FEFCFC	#FFFFFF
2626	#D4CFE8	#FEFEFE
2627	#E6E3F1	#FDFDFD
2628	#FBFAFD	#FFFFFF
2629	#EAE8F4	#FEFEFE
2630	#E8CDCA	#FEFEFE
2631	#F6F4FA	#FFFFFF
2632	#F7ECEA	#FEFEFE
2633	#CF9D97	#FCFCFC
2634	#FAF9FC	#FFFFFF
2635	#F9F1F0	#FFFFFF
2636	#D3A59F	#FCFCFC
2637	#E3C3BF	#FDFDFD
2638	#F1E0DE	#FEFEFE
2639	#BE7F78	#FAFAFA
2640	#BEB6DB	#FCFCFC
2641	#E5C7C3	#FDFDFD
2642	#FAF4F3	#FFFFFF
2643	#FBF5F5	#FFFFFF
2644	#EEECF6	#FFFFFF
2645	#E6C8C4	#FDFDFD
2646	#EDD6D4	#FEFEFE
2647	#EBE9F4	#FEFEFE
2648	#F0EEF7	#FEFEFE
2649	#F1EFF8	#FEFEFE
2650	#F6F5FA	#FFFFFF
2651	#FAF9FC	#FFFFFF
2652	#ECD5D2	#FEFEFE
2653	#FBF7F6	#FFFFFF
2654	#E8CECA	#FEFEFE
2655	#EFEDF6	#FEFEFE
2656	#F0EEF7	#FEFEFE
2657	#F2F0F8	#FEFEFE
2658	#F4E7E5	#FEFEFE
2659	#F3F1F9	#FFFFFF
2660	#FBFAFD	#FFFFFF
2661	#F7EDEC	#FFFFFF
2662	#FEFCFC	#FFFFFF
2663	#EEECF6	#FEFEFE
2664	#F6F4FA	#FFFFFF
2665	#D5CFE8	#FCFCFC
2666	#D5D0E8	#FCFCFC
2667	#E8E5F3	#FEFEFE
2668	#E1DCEE	#FDFDFD
2669	#C9C2E1	#F9F9F9
2670	#DCD7EC	#FCFCFC
2671	#F3F1F9	#FEFEFE
2672	#E1BEB9	#FEFEFE
2673	#F9F1F0	#FFFFFF
2674	#FEFDFD	#FFFFFF
2675	#F1E0DD	#FEFEFE
2676	#FCF7F7	#FFFFFF
2678	#F5F4FA	#FFFFFF
2679	#E1DDEF	#FDFDFD
2680	#E6C8C4	#FDFDFD
2681	#F3E5E3	#FEFEFE
2682	#FCF8F8	#FFFFFF
2683	#F2F0F8	#FFFFFF
2684	#E5C7C4	#FDFDFD
2685	#F1E0DD	#FEFEFE
2686	#FEFDFD	#FFFFFF
2687	#E7CBC8	#FDFDFD
2688	#FDFBFB	#FFFFFF
2689	#F1E0DE	#FEFEFE
2690	#CFC8E5	#FAFAFA
2691	#F1E0DE	#FEFEFE
2692	#F6EAE9	#FEFEFE
2693	#FFFEFE	#FFFFFF
2694	#C4BDDF	#FCFCFC
2695	#F9F8FC	#FFFFFF
2696	#F0EEF7	#FEFEFE
2697	#FBF6F6	#FFFFFF
2698	#EDEAF5	#FEFEFE
2699	#EDEBF5	#FEFEFE
2700	#EBD2CF	#FDFDFD
2701	#EFEDF6	#FEFEFE
2702	#FBF6F5	#FFFFFF
2703	#F9F2F1	#FFFFFF
2704	#F6EAE8	#FEFEFE
2705	#F6F5FA	#FFFFFF
2706	#F9F8FC	#FFFFFF
2707	#DDD8ED	#FEFEFE
2708	#CC9791	#FCFCFC
2709	#EEECF6	#FEFEFE
2710	#FCFBFD	#FFFFFF
2711	#E2DEEF	#FDFDFD
2712	#E5E1F1	#FEFEFE
2713	#D4CEE8	#FBFBFB
2714	#EBE9F4	#FEFEFE
2715	#DDD9ED	#FCFCFC
2716	#E1DDEF	#FDFDFD
2717	#C6BFE0	#FBFBFB
2718	#EBE8F4	#FEFEFE
2719	#E3DFF0	#FDFDFD
2720	#FFFFFF	#FFFFFF
2721	#CCC5E3	#FAFAFA
2723	#DFDAED	#FDFDFD
2724	#D3A59F	#FCFCFC
2725	#EEDAD7	#FEFEFE
2726	#C68D86	#FBFBFB
2727	#D4CEE8	#FDFDFD
2728	#F9F1EF	#FFFFFF
2729	#C7C0E0	#FBFBFB
2730	#C3BCDE	#F9F9F9
2731	#F2F0F8	#FFFFFF
2732	#F1E0DE	#FEFEFE
2733	#A79DCF	#FBFBFB
2734	#D5D0E8	#FDFDFD
2735	#E9E5F3	#FEFEFE
2736	#F6F5FA	#FFFFFF
2737	#E2C1BC	#FDFDFD
2738	#FCFBFD	#FFFFFF
2739	#FCF8F7	#FFFFFF
2740	#CC9791	#FCFCFC
2741	#EBE8F4	#FEFEFE
2742	#E6C8C4	#FDFDFD
2743	#FAF9FC	#FFFFFF
2744	#DDD8EC	#FEFEFE
2745	#CEC7E4	#FCFCFC
2746	#ECE9F4	#FEFEFE
2747	#DCB4AF	#FCFCFC
2748	#FCF9F8	#FFFFFF
2749	#F6EAE8	#FEFEFE
2750	#F3E5E3	#FEFEFE
2751	#FCF9F8	#FFFFFF
2752	#E4E0F0	#FDFDFD
2753	#FDFBFB	#FFFFFF
2754	#FBF6F5	#FFFFFF
2755	#F3F1F8	#FFFFFF
2756	#D6D1E9	#FDFDFD
2757	#F7ECEB	#FFFFFF
2758	#FBFBFD	#FFFFFF
2759	#E5E1F1	#FEFEFE
2760	#F5F4FA	#FFFFFF
2761	#F0DCDA	#FEFEFE
2762	#B7AFD8	#FBFBFB
2763	#FCF8F7	#FFFFFF
2764	#FFFFFF	#FFFFFF
2765	#CDC6E4	#FCFCFC
2766	#D7D1E9	#FCFCFC
2767	#EAE7F3	#FEFEFE
2768	#E7E4F2	#FDFDFD
2769	#EAE7F4	#FEFEFE
2770	#CDC6E4	#FCFCFC
2771	#E1DDEF	#FDFDFD
2772	#C5BEDF	#FAFAFA
2773	#F7EDEC	#FEFEFE
2774	#FBFAFD	#FFFFFF
2775	#FAFAFD	#FFFFFF
2776	#CF9D97	#FCFCFC
2777	#E9E5F3	#FEFEFE
2779	#CBC4E3	#FCFCFC
2780	#D6D1E9	#FBFBFB
2781	#F9F1F0	#FFFFFF
2782	#FBF6F5	#FFFFFF
2783	#F8F7FB	#FFFFFF
2784	#F8EFED	#FFFFFF
2785	#ECE9F5	#FEFEFE
2786	#E1BEB9	#FDFDFD
2787	#F3E5E3	#FEFEFE
2788	#F8EFEE	#FEFEFE
2789	#FBFAFD	#FFFFFF
2790	#E6C8C4	#FDFDFD
2791	#F9F1F0	#FEFEFE
2792	#E5E2F1	#FEFEFE
2793	#DCB5B0	#FCFCFC
2794	#F4E6E4	#FEFEFE
2795	#F8F7FB	#FFFFFF
2796	#FCF8F7	#FFFFFF
2797	#E1DDEF	#FDFDFD
2798	#EED9D6	#FEFEFE
2799	#E5E1F1	#FEFEFE
2800	#F2E2E0	#FEFEFE
2801	#ECD5D2	#FEFEFE
2802	#E5E1F1	#FEFEFE
2803	#F8EFED	#FEFEFE
2804	#FDFDFE	#FFFFFF
2805	#FBF6F5	#FFFFFF
2806	#FDFAF9	#FFFFFF
2807	#F9F2F0	#FFFFFF
2808	#F2F0F8	#FFFFFF
2809	#F7EDEB	#FFFFFF
2810	#E6E3F2	#FEFEFE
2811	#EDEAF5	#FEFEFE
2812	#EFEDF6	#FEFEFE
2813	#FFFFFF	#FFFFFF
2814	#E0DCEE	#FDFDFD
2815	#DDD8EC	#FDFDFD
2816	#FFFEFE	#FFFFFF
2817	#D6D0E9	#FCFCFC
2818	#F3F1F8	#FEFEFE
2819	#D3CDE7	#FCFCFC
2820	#DDD9ED	#FDFDFD
2821	#CBC4E3	#FCFCFC
2822	#FDFDFE	#FFFFFF
2824	#C9928C	#FBFBFB
2825	#EBE8F4	#FEFEFE
2826	#E8CECA	#FEFEFE
2827	#E3C3BF	#FDFDFD
2828	#DDD8EC	#FEFEFE
2829	#FEFCFC	#FFFFFF
2830	#A9A0D0	#F7F7F7
2831	#DED9ED	#FCFCFC
2832	#F7ECEA	#FFFFFF
2833	#DCD7EC	#FEFEFE
2834	#F8EEED	#FFFFFF
2835	#F6F5FA	#FFFFFF
2836	#E4E0F0	#FEFEFE
2837	#FFFFFF	#FFFFFF
2838	#E9CECA	#FEFEFE
2839	#E6C8C4	#FDFDFD
2840	#F7EDEB	#FFFFFF
2841	#F9F2F1	#FFFFFF
2842	#EAE7F4	#FDFDFD
2843	#FEFDFC	#FFFFFF
2844	#E9CECA	#FEFEFE
2845	#EFEDF6	#FEFEFE
2846	#F8F7FB	#FFFFFF
2847	#EAD2CE	#FDFDFD
2848	#FCF7F6	#FFFFFF
2849	#FBF6F5	#FFFFFF
2850	#FAF4F3	#FFFFFF
2851	#F4E5E3	#FEFEFE
2852	#D9AFAA	#FDFDFD
2853	#FFFEFE	#FFFFFF
2854	#FDFDFE	#FFFFFF
2855	#EFECF6	#FEFEFE
2856	#E6C8C5	#FDFDFD
2857	#F7EDEC	#FEFEFE
2858	#EEEBF6	#FEFEFE
2859	#E6E3F2	#FEFEFE
2860	#EFECF6	#FFFFFF
2861	#F1EFF7	#FEFEFE
2862	#FDFCFE	#FFFFFF
2863	#FEFCFC	#FFFFFF
2864	#F9F1F0	#FFFFFF
2865	#D9D4EB	#FCFCFC
2866	#E4E0F0	#FDFDFD
2867	#E4E0F0	#FEFEFE
2868	#D7D1E9	#FCFCFC
2869	#DBD6EB	#FCFCFC
2870	#E8E5F3	#FEFEFE
2871	#C5BEE0	#FAFAFA
2872	#D7D1E9	#FCFCFC
2873	#FBFAFD	#FFFFFF
2874	#EFDCDA	#FEFEFE
2875	#F3E4E2	#FEFEFE
2876	#F7EEEC	#FFFFFF
2877	#F1E0DE	#FEFEFE
2878	#F7ECEB	#FFFFFF
2880	#FDFCFE	#FFFFFF
2881	#D6D1E9	#FCFCFC
2882	#F6EAE8	#FEFEFE
2883	#D9B0AA	#FDFDFD
2884	#D3A59F	#FCFCFC
2885	#F1DFDD	#FEFEFE
2886	#E5E1F1	#FEFEFE
2887	#F9F8FC	#FFFFFF
2888	#E1DDEF	#FDFDFD
2889	#FBF6F5	#FFFFFF
2890	#ECD5D2	#FEFEFE
2891	#F7ECEB	#FFFFFF
2892	#DED9ED	#FDFDFD
2893	#FDFBFB	#FFFFFF
2894	#F3E5E3	#FEFEFE
2895	#DDB7B2	#FCFCFC
2896	#E5E1F1	#FEFEFE
2897	#C9C3E2	#FBFBFB
2898	#F3F1F8	#FFFFFF
2899	#FEFDFD	#FFFFFF
2900	#F1E0DD	#FEFEFE
2901	#FDFAF9	#FFFFFF
2902	#EFEDF6	#FEFEFE
2903	#E7E4F2	#FEFEFE
2904	#F2E2E0	#FEFEFE
2905	#F4E7E5	#FEFEFE
2906	#F0DDDA	#FEFEFE
2907	#EBE9F4	#FEFEFE
2908	#F9F2F1	#FFFFFF
2909	#FEFEFE	#FFFFFF
2910	#FBFAFD	#FFFFFF
2911	#F6F5FA	#FFFFFF
2912	#C9C2E2	#FBFBFB
2913	#F2F0F8	#FEFEFE
2914	#F6EAE8	#FEFEFE
2915	#F0EEF7	#FEFEFE
2916	#F5F4FA	#FFFFFF
2917	#E9E6F3	#FEFEFE
2918	#D4CEE7	#FBFBFB
2919	#FEFDFD	#FFFFFF
2920	#CDC7E4	#F9F9F9
2921	#DCD8EC	#FDFDFD
2922	#F6F4FA	#FFFFFF
2923	#F8F7FB	#FFFFFF
2925	#EAD1CE	#FDFDFD
2926	#FBF6F6	#FFFFFF
2927	#F5F4FA	#FFFFFF
2928	#ECD5D2	#FEFEFE
2929	#EED9D6	#FEFEFE
2930	#DAD5EB	#FCFCFC
2931	#E9E6F3	#FEFEFE
2932	#EFDCD9	#FEFEFE
2933	#C4BCDF	#FCFCFC
2934	#D4CFE8	#FEFEFE
2935	#FAF4F3	#FFFFFF
2936	#F6F5FA	#FFFFFF
2937	#FAFAFC	#FFFFFF
2938	#FDFAFA	#FFFFFF
2939	#FBF5F4	#FFFFFF
2940	#EAE7F4	#FEFEFE
2941	#F8EEED	#FFFFFF
2942	#FBFAFD	#FFFFFF
2943	#FAF9FC	#FFFFFF
2944	#D9AFAA	#FDFDFD
2945	#ECD5D2	#FEFEFE
2946	#EDD7D4	#FEFEFE
2947	#D8D3EA	#FDFDFD
2948	#DDD9ED	#FEFEFE
2949	#C48A83	#FBFBFB
2950	#ECD5D1	#FDFDFD
2951	#E9E6F3	#FEFEFE
2952	#DCD7EC	#FEFEFE
2953	#FDFAFA	#FFFFFF
2954	#EAD0CC	#FDFDFD
2955	#EAD2CE	#FDFDFD
2956	#FBF5F5	#FFFFFF
2957	#F3F1F8	#FEFEFE
2958	#F9F1F0	#FEFEFE
2959	#F2F0F8	#FFFFFF
2960	#E5E2F1	#FEFEFE
2961	#E6E3F2	#FEFEFE
2962	#DDD8ED	#FEFEFE
2963	#E7E4F2	#FEFEFE
2964	#F8F7FB	#FFFFFF
2965	#F9F1F0	#FFFFFF
2966	#EAE7F4	#FEFEFE
2967	#D1CBE6	#FCFCFC
2968	#DFDBEE	#FCFCFC
2969	#CEC8E4	#FBFBFB
2970	#E4E1F1	#FDFDFD
2971	#D9D3EA	#FDFDFD
2972	#E1DDEF	#FDFDFD
2973	#EEECF6	#FFFFFF
2974	#C2BBDE	#FAFAFA
2975	#F7ECEA	#FFFFFF
2976	#EDD7D4	#FEFEFE
2977	#F4E7E5	#FEFEFE
2978	#FAF9FC	#FFFFFF
2979	#EBD2CF	#FDFDFD
2981	#FBF7F6	#FFFFFF
2982	#E2DEEF	#FDFDFD
2983	#F3F1F8	#FFFFFF
2984	#E9E5F3	#FEFEFE
2985	#C9918B	#FBFBFB
2986	#E6C8C4	#FDFDFD
2987	#ECE9F4	#FEFEFE
2988	#ECE9F5	#FEFEFE
2989	#EAE7F4	#FEFEFE
2990	#EEECF6	#FEFEFE
2991	#EEECF6	#FFFFFF
2992	#FEFCFC	#FFFFFF
2993	#D4A5A0	#FCFCFC
2994	#E6C8C4	#FDFDFD
2995	#E8E5F3	#FEFEFE
2996	#FEFDFD	#FFFFFF
2997	#FDFAF9	#FFFFFF
2998	#FFFEFE	#FFFFFF
2999	#F0DCDA	#FEFEFE
3000	#E6E2F1	#FEFEFE
3001	#F1E0DE	#FEFEFE
3002	#EED9D6	#FEFEFE
3003	#F9F1F0	#FFFFFF
3004	#FCF8F8	#FFFFFF
3005	#FAF9FC	#FFFFFF
3006	#FCF7F7	#FFFFFF
3007	#F1E0DE	#FEFEFE
3008	#ECE9F5	#FEFEFE
3009	#F1DFDD	#FEFEFE
3010	#F7F5FA	#FFFFFF
3011	#F3E4E2	#FEFEFE
3012	#EFEDF7	#FEFEFE
3013	#FBF6F6	#FFFFFF
3014	#F9F1F0	#FEFEFE
3015	#FEFDFD	#FFFFFF
3016	#F0EEF7	#FEFEFE
3017	#FEFDFC	#FFFFFF
3018	#D3CDE7	#FCFCFC
3019	#FFFFFF	#FFFFFF
3020	#E3DFF0	#FEFEFE
3021	#FBFBFD	#FFFFFF
3022	#C6BFE0	#FAFAFA
3023	#EAE7F4	#FEFEFE
3024	#CCC5E3	#FDFDFD
3026	#ECE9F5	#FEFEFE
3027	#E8CDCA	#FEFEFE
3028	#F7EDEB	#FEFEFE
3029	#FEFEFE	#FFFFFF
3030	#E8CDCA	#FEFEFE
3031	#E7E4F2	#FDFDFD
3032	#FAF9FC	#FFFFFF
3033	#FBFBFD	#FFFFFF
3034	#F9F9FC	#FFFFFF
3035	#DBB4AF	#FCFCFC
3036	#FBF6F5	#FFFFFF
3037	#E0BCB7	#FCFCFC
3038	#FCF7F7	#FFFFFF
3039	#EDEBF5	#FEFEFE
3040	#F6F5FA	#FFFFFF
3041	#ECD4D1	#FDFDFD
3042	#FBF6F5	#FFFFFF
3043	#E8CECA	#FEFEFE
3044	#FFFEFE	#FFFFFF
3045	#ECD4D1	#FDFDFD
3046	#FEFCFC	#FFFFFF
3047	#EFECF6	#FEFEFE
3048	#DDD8ED	#FDFDFD
3049	#EAE7F4	#FEFEFE
3050	#DCD7EC	#FEFEFE
3051	#FEFDFC	#FFFFFF
3052	#E0BEB9	#FDFDFD
3053	#F6F4FA	#FFFFFF
3054	#FAF4F3	#FFFFFF
3055	#F3E4E2	#FEFEFE
3056	#F5E9E7	#FEFEFE
3057	#FAF4F3	#FFFFFF
3058	#F1EFF8	#FEFEFE
3059	#F7ECEB	#FEFEFE
3060	#FAF9FC	#FFFFFF
3061	#FBFAFD	#FFFFFF
3062	#F5F3F9	#FFFFFF
3063	#FAF9FC	#FFFFFF
3064	#E8E5F3	#FEFEFE
3065	#EAE7F3	#FEFEFE
3066	#FDFAFA	#FFFFFF
3067	#D5CFE8	#FCFCFC
3068	#F2F1F8	#FFFFFF
3069	#F8F7FB	#FFFFFF
3070	#D1CBE6	#FBFBFB
3071	#DED9ED	#FDFDFD
3072	#CCC5E3	#F9F9F9
3073	#EFEDF6	#FEFEFE
3074	#E8E5F2	#FEFEFE
3075	#D4CFE8	#FCFCFC
3076	#F1DFDC	#FEFEFE
3077	#FFFFFE	#FFFFFF
3078	#EDEBF5	#FEFEFE
3079	#F5F4FA	#FFFFFF
3080	#D9B0AA	#FDFDFD
3082	#FBFAFD	#FFFFFF
3083	#D3A59F	#FCFCFC
3084	#F1DFDD	#FEFEFE
3085	#FBF6F5	#FFFFFF
3086	#E4E0F0	#FEFEFE
3087	#F9F1F0	#FFFFFF
3088	#D9D3EA	#FDFDFD
3089	#F9F8FC	#FFFFFF
3090	#FFFFFF	#FFFFFF
3091	#EDEBF5	#FEFEFE
3092	#F2E1DF	#FEFEFE
3093	#D4A5A0	#FCFCFC
3094	#DFDBEE	#FEFEFE
3095	#F4E5E3	#FEFEFE
3096	#FCF9F8	#FFFFFF
3097	#EEECF6	#FEFEFE
3098	#FFFFFF	#FFFFFF
3099	#F7F6FB	#FFFFFF
3100	#FBFAFD	#FFFFFF
3101	#E8E5F3	#FEFEFE
3102	#ECEAF5	#FEFEFE
3103	#DED9ED	#FDFDFD
3104	#F6F4FA	#FFFFFF
3105	#FDFBFB	#FFFFFF
3106	#F4E5E3	#FEFEFE
3107	#EFDBD8	#FDFDFD
3108	#FAF9FC	#FFFFFF
3109	#EDEBF6	#FEFEFE
3110	#FAF9FC	#FFFFFF
3111	#E4C4C0	#FDFDFD
3112	#EDEAF5	#FEFEFE
3113	#FBFAFD	#FFFFFF
3114	#D7D2E9	#FDFDFD
3115	#FAF9FC	#FFFFFF
3116	#EED9D6	#FEFEFE
3117	#F1EFF7	#FEFEFE
3118	#F4E7E5	#FEFEFE
3119	#E5E1F1	#FEFEFE
3120	#D3CEE7	#FCFCFC
3121	#D9D4EB	#FCFCFC
3122	#EBE8F4	#FEFEFE
3123	#E6E3F2	#FEFEFE
3124	#C1BADE	#FAFAFA
3125	#D8D2EA	#FDFDFD
3127	#FEFCFC	#FFFFFF
3128	#E5E1F1	#FEFEFE
3129	#F0EEF7	#FEFEFE
3130	#EDEAF5	#FEFEFE
3131	#FBF7F6	#FFFFFF
3132	#E2DEEF	#FDFDFD
3133	#E9E6F3	#FEFEFE
3134	#F7EEEC	#FFFFFF
3135	#FBF7F6	#FFFFFF
3136	#EEECF6	#FFFFFF
3137	#C9918B	#FBFBFB
3138	#F2E1DF	#FEFEFE
3139	#EAE7F4	#FEFEFE
3140	#FDFDFE	#FFFFFF
3141	#ECEAF5	#FEFEFE
3142	#D9B0AB	#FBFBFB
3143	#EFECF6	#FEFEFE
3144	#E8CDCA	#FEFEFE
3145	#DED9ED	#FEFEFE
3146	#F9F2F1	#FFFFFF
3147	#FEFDFD	#FFFFFF
3148	#F7EDEB	#FEFEFE
3149	#FEFDFD	#FFFFFF
3150	#F3E4E2	#FEFEFE
3151	#F1E0DD	#FEFEFE
3152	#F9F1F0	#FFFFFF
3153	#FCF9F8	#FFFFFF
3154	#CBC4E3	#FDFDFD
3155	#E6E2F1	#FEFEFE
3156	#FCF7F6	#FFFFFF
3157	#F4E5E3	#FEFEFE
3158	#F4F3F9	#FFFFFF
3159	#EEEBF6	#FEFEFE
3160	#FBF6F5	#FFFFFF
3161	#E6E3F2	#FEFEFE
3162	#F9F1F0	#FFFFFF
3163	#E5E1F1	#FEFEFE
3164	#EAE7F4	#FEFEFE
3165	#F4F3F9	#FFFFFF
3166	#DEDAED	#FEFEFE
3167	#FBFBFD	#FFFFFF
3168	#D8D3EA	#FDFDFD
3169	#F0EEF7	#FEFEFE
3170	#F9F1F0	#FFFFFF
3171	#D7D2E9	#FCFCFC
3172	#DFDAEE	#FCFCFC
3173	#F9F9FC	#FFFFFF
3174	#E9E5F3	#FEFEFE
3175	#F1E0DE	#FEFEFE
3176	#EAE7F4	#FDFDFD
3177	#FAF3F2	#FFFFFF
3178	#F4E5E3	#FEFEFE
3179	#E2C0BC	#FDFDFD
3180	#E8CCC8	#FDFDFD
3181	#F7EDEB	#FEFEFE
3183	#FDFDFE	#FFFFFF
3184	#F1E0DE	#FEFEFE
3185	#F4F2F9	#FEFEFE
3186	#D3A49F	#FCFCFC
3187	#F9F2F1	#FFFFFF
3188	#E8E5F3	#FEFEFE
3189	#E6C9C6	#FDFDFD
3190	#F4E5E4	#FEFEFE
3191	#F2F0F8	#FEFEFE
3192	#EDEAF5	#FEFEFE
3193	#CBC5E3	#FDFDFD
3194	#E6E2F1	#FEFEFE
3195	#F5F4FA	#FFFFFF
3196	#F2E2E0	#FEFEFE
3197	#F4E7E5	#FEFEFE
3198	#E8E5F2	#FEFEFE
3199	#FBF6F5	#FFFFFF
3200	#F1E0DE	#FEFEFE
3201	#EFECF6	#FEFEFE
3202	#FBF7F6	#FFFFFF
3203	#F7EEEC	#FFFFFF
3204	#F5E9E7	#FEFEFE
3205	#FEFCFB	#FFFFFF
3206	#D9B0AB	#FDFDFD
3207	#F6EAE8	#FEFEFE
3208	#E3DFF0	#FEFEFE
3209	#EFDCDA	#FEFEFE
3210	#C9928B	#FBFBFB
3211	#E6C8C4	#FDFDFD
3212	#FEFEFE	#FFFFFF
3213	#FBFBFD	#FFFFFF
3214	#D1CBE6	#FBFBFB
3215	#FFFFFF	#FFFFFF
3216	#EFECF6	#FEFEFE
3217	#E1BEB9	#FDFDFD
3218	#F2E1DE	#FEFEFE
3219	#CFC9E5	#FBFBFB
3220	#C8C2E1	#FAFAFA
3221	#AFA6D4	#F8F8F8
3222	#EFEDF6	#FEFEFE
3223	#CCC5E3	#FDFDFD
3224	#CDC7E4	#FAFAFA
3225	#E4E1F1	#FEFEFE
3226	#E6E2F1	#FEFEFE
3228	#DED9ED	#FDFDFD
3229	#D7D2E9	#FDFDFD
3230	#F9F1F0	#FFFFFF
3231	#F0EEF7	#FEFEFE
3232	#EFDBD9	#FEFEFE
3233	#F8EEED	#FFFFFF
3234	#F9F0EF	#FFFFFF
3235	#EEECF6	#FFFFFF
3236	#F1E0DE	#FEFEFE
3237	#FFFFFF	#FFFFFF
3238	#F7F5FA	#FFFFFF
3239	#E1BEBA	#FEFEFE
3240	#F7EDEC	#FEFEFE
3241	#FBFBFD	#FFFFFF
3242	#FAF9FC	#FFFFFF
3243	#FFFEFE	#FFFFFF
3244	#FDFDFE	#FFFFFF
3245	#DEDAED	#FDFDFD
3246	#F8EEED	#FFFFFF
3247	#D4CFE8	#FCFCFC
3248	#F2F1F8	#FEFEFE
3249	#DDD8ED	#FEFEFE
3250	#FCFBFD	#FFFFFF
3251	#DDD8ED	#FEFEFE
3252	#FFFFFF	#FFFFFF
3253	#F3E5E3	#FEFEFE
3254	#F6EAE8	#FEFEFE
3255	#EEECF6	#FEFEFE
3256	#FAF9FC	#FFFFFF
3257	#ECD5D2	#FEFEFE
3258	#F3E4E2	#FEFEFE
3259	#FCFBFD	#FFFFFF
3260	#FFFFFF	#FFFFFF
3261	#FDFAFA	#FFFFFF
3262	#FEFDFC	#FFFFFF
3263	#DED9ED	#FDFDFD
3264	#E5E1F1	#FDFDFD
3265	#ECE9F5	#FEFEFE
3266	#E2DEEF	#FDFDFD
3267	#F6F5FA	#FFFFFF
3268	#E3C3BF	#FDFDFD
3269	#F6EAE8	#FEFEFE
3270	#C9C2E1	#FAFAFA
3271	#D7D1E9	#FCFCFC
3272	#F4F3F9	#FEFEFE
3273	#E9CECB	#FEFEFE
3274	#E5E1F1	#FDFDFD
3275	#F7F5FB	#FFFFFF
3276	#ECE9F5	#FEFEFE
3277	#EEECF6	#FEFEFE
3278	#EFEDF6	#FEFEFE
3279	#F7ECEB	#FEFEFE
3280	#FBFBFD	#FFFFFF
3281	#F6F4FA	#FFFFFF
3282	#FEFEFE	#FFFFFF
3284	#FCFBFD	#FFFFFF
3285	#ECD6D3	#FEFEFE
3286	#EED9D6	#FDFDFD
3287	#FDFDFE	#FFFFFF
3288	#D9B0AB	#FDFDFD
3289	#F6F5FA	#FFFFFF
3290	#EFEDF6	#FEFEFE
3291	#EBD4D1	#FDFDFD
3292	#FCFBFD	#FFFFFF
3293	#DEDAED	#FEFEFE
3294	#E6E2F1	#FEFEFE
3295	#F8F7FB	#FFFFFF
3296	#EEECF6	#FFFFFF
3297	#F6EBEA	#FEFEFE
3298	#FBFBFD	#FFFFFF
3299	#E4E1F0	#FEFEFE
3300	#F1E0DE	#FEFEFE
3301	#F1E0DD	#FEFEFE
3302	#F9F1F0	#FFFFFF
3303	#F5E8E7	#FEFEFE
3304	#F7EDEC	#FEFEFE
3305	#EAD2CE	#FDFDFD
3306	#EFEDF6	#FEFEFE
3307	#F4E7E5	#FEFEFE
3308	#F8F6FB	#FFFFFF
3309	#E4E0F0	#FEFEFE
3310	#F9F2F1	#FFFFFF
3311	#F2F0F8	#FEFEFE
3312	#D8D2EA	#FDFDFD
3313	#F6EAE8	#FEFEFE
3314	#FAF9FC	#FFFFFF
3315	#D0CAE6	#FCFCFC
3316	#CDC7E4	#FCFCFC
3317	#F2F0F8	#FEFEFE
3318	#D4A59F	#FCFCFC
3319	#F5F4FA	#FFFFFF
3320	#DED9ED	#FDFDFD
3321	#D7D1E9	#FCFCFC
3322	#D0CAE6	#FBFBFB
3323	#D4CEE8	#FDFDFD
3324	#CEC8E4	#FBFBFB
3325	#E6E3F2	#FEFEFE
3326	#E1DCEE	#FDFDFD
3327	#F7ECEB	#FFFFFF
3329	#EFDCD9	#FEFEFE
3330	#FEFEFE	#FFFFFF
3331	#FBFAFD	#FFFFFF
3332	#EFDCD9	#FEFEFE
3333	#FEFCFB	#FFFFFF
3334	#FEFCFC	#FFFFFF
3335	#FBFBFD	#FFFFFF
3336	#F8F7FB	#FFFFFF
3337	#E2DFF0	#FDFDFD
3338	#DEDAED	#FEFEFE
3339	#D4A59F	#FCFCFC
3340	#F2E3E0	#FEFEFE
3341	#E8CECA	#FEFEFE
3342	#F4E6E4	#FEFEFE
3343	#FEFCFC	#FFFFFF
3344	#F4E7E5	#FEFEFE
3345	#FAF4F3	#FFFFFF
3346	#F3F2F9	#FEFEFE
3347	#EFDCD9	#FEFEFE
3348	#D9D4EA	#FCFCFC
3349	#F4E5E3	#FEFEFE
3350	#CF9D97	#FCFCFC
3351	#F7EDEC	#FFFFFF
3352	#FBFBFD	#FFFFFF
3353	#E1BEB9	#FDFDFD
3354	#E1DDEF	#FDFDFD
3355	#CCC5E3	#FDFDFD
3356	#E5E2F1	#FEFEFE
3357	#F5F4FA	#FFFFFF
3358	#F4E7E5	#FEFEFE
3359	#ECD5D2	#FDFDFD
3360	#F8EFEE	#FEFEFE
3361	#E8E5F3	#FEFEFE
3362	#D9D3EA	#FCFCFC
3363	#DDD9ED	#FDFDFD
3364	#F2F0F8	#FEFEFE
3365	#F8F6FB	#FFFFFF
3366	#C6BFE0	#FBFBFB
3367	#D9D4EA	#FCFCFC
3368	#E9E6F3	#FEFEFE
3369	#E6E3F2	#FEFEFE
3370	#D6D0E9	#FBFBFB
3371	#CDC7E4	#FDFDFD
3372	#EAE8F4	#FEFEFE
3373	#EFDCDA	#FEFEFE
3374	#E4E0F0	#FEFEFE
3375	#E2DEEF	#FDFDFD
3376	#F1EEF7	#FEFEFE
3377	#E6E3F2	#FEFEFE
3378	#EBE8F4	#FEFEFE
3379	#F2E2E0	#FEFEFE
3380	#EBE9F4	#FEFEFE
3381	#F1E0DE	#FEFEFE
3382	#FBFBFD	#FFFFFF
3383	#E7E3F2	#FEFEFE
3385	#F8EEED	#FEFEFE
3386	#FEFCFC	#FFFFFF
3387	#E9E6F3	#FDFDFD
3388	#E7E4F2	#FDFDFD
3389	#FBF5F4	#FFFFFF
3390	#FAF9FC	#FFFFFF
3391	#FDFBFA	#FFFFFF
3392	#F3E4E2	#FDFDFD
3393	#F8EEED	#FEFEFE
3394	#FFFFFF	#FFFFFF
3395	#FAF9FC	#FFFFFF
3396	#EAE7F3	#FDFDFD
3397	#DAD6EB	#FCFCFC
3398	#E2DDEF	#FCFCFC
3399	#F7EDEB	#FEFEFE
3400	#FBF5F4	#FFFFFF
3401	#FCF8F8	#FFFFFF
3402	#FEFDFD	#FFFFFF
3403	#FCF7F7	#FFFFFF
3404	#FBFBFD	#FFFFFF
3405	#E5E1F1	#FCFCFC
3406	#EEECF6	#FEFEFE
3407	#C8C1E1	#F4F4F4
3408	#F5E9E7	#FEFEFE
3409	#DEDAED	#FBFBFB
3410	#F8F7FB	#FFFFFF
3411	#CEC8E4	#FBFBFB
3412	#CEC7E4	#FBFBFB
3413	#DDD8EC	#FDFDFD
3414	#CDC7E4	#F9F9F9
3415	#F3F1F8	#FEFEFE
3416	#F1EFF7	#FEFEFE
3417	#F4F3F9	#FEFEFE
3418	#E5E2F1	#FEFEFE
3419	#EDEAF5	#FDFDFD
3420	#A89ECF	#F9F9F9
3421	#FBF6F5	#FFFFFF
3422	#E6E3F1	#FEFEFE
3423	#EEECF6	#FFFFFF
3424	#F3E5E3	#FEFEFE
3425	#FBFAFD	#FFFFFF
3426	#F2F0F8	#FEFEFE
3427	#EFEDF7	#FEFEFE
3428	#F2F0F8	#FEFEFE
3430	#FCF7F6	#FEFEFE
3431	#F8F7FB	#FFFFFF
3432	#FBF5F5	#FEFEFE
3433	#FAF4F3	#FEFEFE
3434	#FBF6F5	#FFFFFF
3435	#FCF7F7	#FFFFFF
3436	#FAF4F4	#FFFFFF
3437	#F3E3E1	#FDFDFD
3438	#FAF3F2	#FEFEFE
3439	#FFFFFF	#FFFFFF
3440	#FAF4F4	#FEFEFE
3441	#FFFFFF	#FFFFFF
3442	#F4E6E5	#FDFDFD
3443	#FCF9F8	#FFFFFF
3444	#FBF5F4	#FEFEFE
3445	#FAF9FC	#FFFFFF
3446	#F6F4FA	#FEFEFE
3447	#F9F8FC	#FFFFFF
3448	#FDFAF9	#FFFFFF
3449	#FFFEFE	#FFFFFF
3450	#F7F6FB	#FFFFFF
3451	#E9CFCB	#FBFBFB
3452	#F6EBEA	#FEFEFE
3453	#E0BCB8	#FAFAFA
3454	#F8EEED	#FEFEFE
3455	#F9F2F1	#FEFEFE
3456	#FEFEFF	#FFFFFF
3457	#FEFEFF	#FFFFFF
3458	#F2F1F8	#FEFEFE
3459	#FDFCFE	#FFFFFF
3460	#D2CCE6	#FAFAFA
3461	#EDEBF5	#FDFDFD
3462	#F5E9E8	#FEFEFE
3463	#FDFDFE	#FFFFFF
3464	#EDEBF5	#FEFEFE
3465	#E7E4F2	#FDFDFD
3466	#F5F4FA	#FFFFFF
3467	#FCFCFE	#FFFFFF
3468	#F6F5FA	#FFFFFF
3469	#E8E4F2	#FEFEFE
3470	#FDFAF9	#FFFFFF
3471	#E9E6F3	#FEFEFE
3472	#E6E3F1	#FEFEFE
3473	#E5E1F1	#FEFEFE
3474	#FCF7F7	#FFFFFF
3475	#FFFFFF	#FFFFFF
3476	#E6E3F2	#FEFEFE
3477	#F9F1F0	#FFFFFF
3478	#FAF5F4	#FFFFFF
3479	#F9F8FC	#FFFFFF
3480	#E3C3BF	#FBFBFB
3481	#FAF3F2	#FEFEFE
3482	#FEFCFB	#FFFFFF
3483	#FDFBFA	#FFFFFF
3484	#F3E3E1	#FDFDFD
3486	#F0DDDA	#FEFEFE
3487	#FBF7F6	#FFFFFF
3488	#FCF7F7	#FFFFFF
3489	#E5E2F1	#FEFEFE
3490	#FBF6F5	#FFFFFF
3491	#E8CDCA	#FEFEFE
3492	#FCFBFD	#FFFFFF
3493	#FAFAFC	#FFFFFF
3494	#EFDCDA	#FEFEFE
3495	#F5F3FA	#FFFFFF
3496	#FBFBFD	#FFFFFF
3497	#F9F8FC	#FFFFFF
3498	#F7F5FA	#FFFFFF
3499	#F3F2F9	#FEFEFE
3500	#FCFBFD	#FFFFFF
3501	#F7ECEB	#FFFFFF
3502	#FBF6F5	#FFFFFF
3503	#EDD6D4	#FEFEFE
3504	#E8E5F2	#FEFEFE
3505	#F9F9FC	#FFFFFF
3506	#EAE7F3	#FEFEFE
3507	#EDEBF6	#FEFEFE
3508	#F2F0F8	#FFFFFF
3509	#FDFAF9	#FFFFFF
3510	#F7EDEC	#FEFEFE
3511	#FEFDFD	#FFFFFF
3512	#F7ECEB	#FFFFFF
3513	#D5D0E8	#FCFCFC
3514	#C6BFE0	#FAFAFA
3515	#F6EBE9	#FEFEFE
3516	#F6F5FA	#FFFFFF
3517	#F4F2F9	#FEFEFE
3518	#F5F4FA	#FFFFFF
3519	#FDFAFA	#FFFFFF
3520	#F7ECEA	#FFFFFF
3521	#F8F7FB	#FFFFFF
3522	#E4E0F0	#FDFDFD
3523	#E6E3F2	#FEFEFE
3524	#CEC7E4	#FDFDFD
3525	#D8D3EA	#FCFCFC
3526	#FBF7F6	#FFFFFF
3527	#E8E5F3	#FEFEFE
3528	#DEDAED	#FDFDFD
3529	#DCD8EC	#FCFCFC
3531	#D8D3EA	#FDFDFD
3532	#CF9D97	#FCFCFC
3533	#FCF8F7	#FFFFFF
3534	#EFECF6	#FEFEFE
3535	#EFECF6	#FEFEFE
3536	#DDD8EC	#FEFEFE
3537	#ECD5D2	#FEFEFE
3538	#E8CDCA	#FEFEFE
3539	#D7D1E9	#FDFDFD
3540	#E6E3F2	#FEFEFE
3541	#FCF9F8	#FFFFFF
3542	#FBFAFD	#FFFFFF
3543	#EBD3D0	#FDFDFD
3544	#CF9D97	#FCFCFC
3545	#F7EDEC	#FEFEFE
3546	#D1CBE6	#FCFCFC
3547	#F8F7FB	#FFFFFF
3548	#F7EDEC	#FEFEFE
3549	#E3DFF0	#FEFEFE
3550	#968BC6	#F9F9F9
3551	#FFFEFE	#FFFFFF
3552	#CF9D97	#FCFCFC
3553	#C8918B	#FBFBFB
3554	#EEECF6	#FFFFFF
3555	#ECEAF5	#FEFEFE
3556	#FBF5F4	#FFFFFF
3557	#DEDAED	#FEFEFE
3558	#E5E2F1	#FEFEFE
3559	#DEDAED	#FDFDFD
3560	#FEFDFC	#FFFFFF
3561	#FDFAFA	#FFFFFF
3562	#F4E7E5	#FEFEFE
3563	#E5E1F1	#FEFEFE
3564	#E5E1F1	#FDFDFD
3565	#E9E6F3	#FEFEFE
3566	#FAF4F4	#FFFFFF
3567	#E9E6F3	#FDFDFD
3568	#BFB8DC	#F9F9F9
3569	#F3F1F8	#FEFEFE
3570	#FBF5F4	#FFFFFF
3571	#FDF9F9	#FFFFFF
3572	#F1EFF7	#FEFEFE
3573	#D6D1E9	#FBFBFB
3574	#E9E6F3	#FEFEFE
3575	#EAE7F3	#FEFEFE
3576	#E7E3F2	#FDFDFD
3577	#F1E0DE	#FEFEFE
3578	#F4E7E5	#FEFEFE
3579	#E1DDEF	#FDFDFD
3580	#ECE9F5	#FEFEFE
3581	#EED8D5	#FEFEFE
3582	#CC9791	#FCFCFC
3583	#FDFDFE	#FFFFFF
3584	#EEECF6	#FEFEFE
3585	#EFEDF6	#FEFEFE
3587	#F7ECEB	#FFFFFF
3588	#ECD5D2	#FEFEFE
3589	#D3CDE7	#FBFBFB
3590	#D3CEE7	#FCFCFC
3591	#F0DDDA	#FEFEFE
3592	#F2F0F8	#FEFEFE
3593	#EFECF6	#FFFFFF
3594	#E1BEB9	#FDFDFD
3595	#F7EDEC	#FEFEFE
3596	#E6E3F2	#FEFEFE
3597	#DDD8EC	#FDFDFD
3598	#E5E2F1	#FEFEFE
3599	#E5C7C4	#FDFDFD
3600	#D1CBE6	#FCFCFC
3601	#FFFFFE	#FFFFFF
3602	#FEFDFD	#FFFFFF
3603	#FBF6F5	#FFFFFF
3604	#C68D86	#FBFBFB
3605	#F4E6E4	#FEFEFE
3606	#EDD6D3	#FEFEFE
3607	#FBF6F5	#FFFFFF
3608	#F2F0F8	#FEFEFE
3609	#D8D3EA	#FDFDFD
3610	#FBF5F4	#FFFFFF
3611	#EFECF6	#FFFFFF
3612	#DEDAED	#FDFDFD
3613	#F5F3FA	#FFFFFF
3614	#F9F1F0	#FFFFFF
3615	#CDC7E4	#FCFCFC
3616	#FEFEFE	#FFFFFF
3617	#E5E1F1	#FDFDFD
3618	#DED9ED	#FDFDFD
3619	#DED9ED	#FCFCFC
3620	#CFC9E5	#FBFBFB
3621	#E1BEBA	#FDFDFD
3622	#E1DDEF	#FDFDFD
3623	#D8D3EA	#FDFDFD
3624	#EFECF6	#FFFFFF
3625	#F7F6FB	#FFFFFF
3626	#EDEAF5	#FEFEFE
3627	#E6E3F1	#FEFEFE
3628	#EAE7F4	#FEFEFE
3629	#ECEAF5	#FEFEFE
3630	#EBE9F4	#FEFEFE
3632	#FCFCFE	#FFFFFF
3633	#EBD3D0	#FDFDFD
3634	#ECD4D1	#FDFDFD
3635	#F3F1F8	#FFFFFF
3636	#FBF5F5	#FFFFFF
3637	#EDD6D3	#FEFEFE
3638	#FBFBFD	#FFFFFF
3639	#FBF6F6	#FFFFFF
3640	#F9F2F1	#FFFFFF
3641	#FAF9FC	#FFFFFF
3642	#D3CDE7	#FCFCFC
3643	#E0DCEE	#FDFDFD
3644	#EFECF6	#FFFFFF
3645	#DCB4AF	#FCFCFC
3646	#E9D0CC	#FDFDFD
3647	#FDFCFE	#FFFFFF
3648	#FBF6F6	#FFFFFF
3649	#DDD9ED	#FEFEFE
3650	#EDEBF5	#FEFEFE
3651	#FBF6F5	#FFFFFF
3652	#EFECF6	#FEFEFE
3653	#D8D3EA	#FCFCFC
3654	#FBF6F6	#FFFFFF
3655	#E5E1F1	#FEFEFE
3656	#F8F7FB	#FFFFFF
3657	#EAE7F4	#FEFEFE
3658	#FBFAFD	#FFFFFF
3659	#B8AFD8	#FAFAFA
3660	#DED9ED	#FEFEFE
3661	#F5E9E8	#FEFEFE
3662	#E3DFF0	#FEFEFE
3663	#FEFEFE	#FFFFFF
3664	#E6E3F2	#FEFEFE
3665	#F3F1F8	#FEFEFE
3666	#DAD5EB	#FCFCFC
3667	#E5E2F1	#FEFEFE
3668	#EDD6D3	#FEFEFE
3669	#E9E6F3	#FEFEFE
3670	#E5E2F1	#FEFEFE
3671	#EDEAF5	#FEFEFE
3672	#FAF4F3	#FFFFFF
3673	#E4E0F0	#FEFEFE
3674	#FBF6F6	#FFFFFF
3675	#FBFBFD	#FFFFFF
3676	#F3E5E3	#FEFEFE
3677	#F5F3FA	#FFFFFF
3678	#E2DEEF	#FEFEFE
3679	#FFFFFF	#FFFFFF
3680	#F2F0F8	#FEFEFE
3681	#FEFCFB	#FFFFFF
3682	#D4CFE8	#FDFDFD
3683	#C48983	#FBFBFB
3684	#F0DDDA	#FEFEFE
3685	#E7E4F2	#FDFDFD
3686	#EBE8F4	#FEFEFE
3688	#DFDAED	#FEFEFE
3689	#F4E7E5	#FEFEFE
3690	#EDEAF5	#FEFEFE
3691	#FEFDFD	#FFFFFF
3692	#C68E87	#FBFBFB
3693	#F9F8FC	#FFFFFF
3694	#EFEDF7	#FEFEFE
3695	#F9F2F1	#FFFFFF
3696	#F2F1F8	#FFFFFF
3697	#F2F0F8	#FFFFFF
3698	#EDEAF5	#FEFEFE
3699	#F3F1F8	#FEFEFE
3700	#FEFDFD	#FFFFFF
3701	#F9F1F0	#FFFFFF
3702	#D3CDE7	#FDFDFD
3703	#E1DDEF	#FDFDFD
3704	#F6F5FA	#FFFFFF
3705	#B7AFD8	#FDFDFD
3706	#EAE7F4	#FEFEFE
3707	#EEECF6	#FFFFFF
3708	#FBFBFD	#FFFFFF
3709	#F9F2F1	#FFFFFF
3710	#FEFEFE	#FFFFFF
3711	#DDD9ED	#FDFDFD
3712	#E6E2F1	#FEFEFE
3713	#EFEDF6	#FEFEFE
3714	#D4CEE7	#FBFBFB
3715	#E4E1F0	#FDFDFD
3716	#FFFEFE	#FFFFFF
3717	#CDC7E4	#FCFCFC
3718	#CDC6E4	#FCFCFC
3719	#D8D3EA	#FDFDFD
3720	#DAD5EB	#FBFBFB
3721	#FDFAFA	#FFFFFF
3722	#F9F9FC	#FFFFFF
3723	#EDEAF5	#FEFEFE
3724	#FEFDFD	#FFFFFF
3725	#FAF4F3	#FFFFFF
3726	#DFDAED	#FEFEFE
3727	#E4E1F1	#FEFEFE
3728	#EEECF6	#FEFEFE
3729	#DED9ED	#FDFDFD
3730	#F1DFDC	#FEFEFE
3731	#DED9ED	#FDFDFD
3733	#F4E5E3	#FEFEFE
3734	#FBFBFD	#FFFFFF
3735	#FFFFFF	#FFFFFF
3736	#F5F4FA	#FFFFFF
3737	#F3F1F8	#FEFEFE
3738	#F9F1F0	#FFFFFF
3739	#F2E2E0	#FEFEFE
3740	#F6F4FA	#FFFFFF
3741	#E1DDEF	#FDFDFD
3742	#EFEDF6	#FEFEFE
3743	#EFEDF6	#FEFEFE
3744	#EDEAF5	#FEFEFE
3745	#F5F3FA	#FFFFFF
3746	#ECD5D2	#FEFEFE
3747	#DCD8EC	#FEFEFE
3748	#F4E7E5	#FEFEFE
3749	#DED9ED	#FEFEFE
3750	#F7EDEC	#FEFEFE
3751	#F3F1F8	#FFFFFF
3752	#EBE8F4	#FEFEFE
3753	#FDFAFA	#FFFFFF
3754	#E7E4F2	#FDFDFD
3755	#E6E2F1	#FEFEFE
3756	#F6EAE8	#FEFEFE
3757	#DCD7EC	#FEFEFE
3758	#F2E2E0	#FEFEFE
3759	#F4E5E3	#FEFEFE
3760	#EDEAF5	#FEFEFE
3761	#F2F1F8	#FFFFFF
3762	#E8CDCA	#FEFEFE
3763	#ECE9F5	#FEFEFE
3764	#FAFAFD	#FFFFFF
3765	#FEFBFB	#FFFFFF
3766	#DBD6EB	#FCFCFC
3767	#F6EAE8	#FEFEFE
3768	#EFECF6	#FEFEFE
3769	#E4E1F1	#FDFDFD
3770	#FCF9F8	#FFFFFF
3771	#EAE7F4	#FEFEFE
3772	#E1DDEF	#FDFDFD
3773	#FEFCFC	#FFFFFF
3774	#FAF9FC	#FFFFFF
3775	#E2DEEF	#FDFDFD
3776	#BEB6DC	#FAFAFA
3777	#CEC8E5	#FCFCFC
3778	#F6F4FA	#FFFFFF
3779	#E2DEEF	#FDFDFD
3780	#F6F5FA	#FFFFFF
3781	#D9B0AB	#FDFDFD
3782	#F5F4FA	#FFFFFF
3783	#E4C4C0	#FDFDFD
3784	#E5E1F1	#FEFEFE
3785	#F6F5FA	#FFFFFF
3786	#F6F4FA	#FFFFFF
3787	#D1CBE6	#FCFCFC
3789	#C2BADE	#FBFBFB
3790	#D4A59F	#FCFCFC
3791	#F8EFED	#FEFEFE
3792	#FAF9FC	#FFFFFF
3793	#DEDAED	#FDFDFD
3794	#CCC5E3	#FDFDFD
3795	#DED9ED	#FDFDFD
3796	#E7E4F2	#FEFEFE
3797	#E0BDB9	#FDFDFD
3798	#EAD1CE	#FDFDFD
3799	#EDD6D3	#FEFEFE
3800	#F9F9FC	#FFFFFF
3801	#F3E5E3	#FEFEFE
3802	#FEFDFD	#FFFFFF
3803	#E3DFF0	#FEFEFE
3804	#EAE7F4	#FEFEFE
3805	#E6E3F1	#FEFEFE
3806	#FFFEFE	#FFFFFF
3807	#FAF9FC	#FFFFFF
3808	#FAF4F4	#FFFFFF
3809	#FDFBFA	#FFFFFF
3810	#EDEAF5	#FEFEFE
3811	#FAF9FC	#FFFFFF
3812	#F9F0EF	#FFFFFF
3813	#E3DFF0	#FDFDFD
3814	#E6E3F2	#FEFEFE
3815	#FCF7F7	#FFFFFF
3816	#E0DBEE	#FCFCFC
3817	#F0EEF7	#FEFEFE
3818	#F4E5E4	#FEFEFE
3819	#E6E3F2	#FEFEFE
3820	#F8EEED	#FEFEFE
3821	#ECEAF5	#FEFEFE
3822	#DFDAED	#FCFCFC
3823	#F4E5E3	#FEFEFE
3824	#DFDAEE	#FDFDFD
3825	#D3CEE7	#FDFDFD
3826	#FFFFFF	#FFFFFF
3827	#F6F4FA	#FFFFFF
3828	#F2F1F8	#FEFEFE
3829	#E8CDCA	#FEFEFE
3830	#EED9D6	#FEFEFE
3831	#FDFDFE	#FFFFFF
3832	#F2F0F8	#FFFFFF
3834	#F6EAE8	#FEFEFE
3835	#FEFCFC	#FFFFFF
3836	#E2DEEF	#FDFDFD
3837	#F1E0DE	#FEFEFE
3838	#D1CBE6	#FCFCFC
3839	#F1E0DE	#FEFEFE
3840	#F9F1F0	#FFFFFF
3841	#DED9ED	#FEFEFE
3842	#F9F2F0	#FFFFFF
3843	#F8F7FB	#FFFFFF
3844	#FAF9FC	#FFFFFF
3845	#EBE9F4	#FEFEFE
3846	#EDEBF5	#FEFEFE
3847	#E6E3F2	#FEFEFE
3848	#F2F0F8	#FFFFFF
3849	#F9F1F0	#FFFFFF
3850	#F7EDEB	#FFFFFF
3851	#EFECF6	#FFFFFF
3852	#FBFBFD	#FFFFFF
3853	#EFECF6	#FEFEFE
3854	#FDFCFE	#FFFFFF
3855	#FBFAFD	#FFFFFF
3856	#C9C2E1	#FAFAFA
3857	#FBF6F5	#FFFFFF
3858	#F7ECEA	#FEFEFE
3859	#C4BDDF	#FCFCFC
3860	#F8EEED	#FFFFFF
3861	#EAE7F4	#FEFEFE
3862	#FFFEFE	#FFFFFF
3863	#DFDAED	#FEFEFE
3864	#E1DDEF	#FDFDFD
3865	#D8D3EA	#FCFCFC
3866	#DFDBEE	#FCFCFC
3867	#C6BFE0	#FBFBFB
3868	#FBFAFD	#FFFFFF
3869	#D1CAE6	#FCFCFC
3870	#DFDAEE	#FCFCFC
3871	#EDEAF5	#FEFEFE
3872	#D2CCE7	#FCFCFC
3873	#FCF8F8	#FFFFFF
3874	#F7EDEC	#FEFEFE
3875	#F3E4E2	#FEFEFE
3876	#F4E5E3	#FEFEFE
3877	#F9F1F0	#FFFFFF
3878	#FCFBFD	#FFFFFF
3879	#E1DDEF	#FDFDFD
3880	#F3E5E3	#FEFEFE
3881	#ECE9F4	#FEFEFE
3882	#FFFEFE	#FFFFFF
3883	#F7F6FB	#FFFFFF
3884	#ECEAF5	#FEFEFE
3885	#F2E2E0	#FEFEFE
3886	#D8D3EA	#FDFDFD
3887	#F6F5FA	#FFFFFF
3888	#E5E2F1	#FEFEFE
3890	#E2C0BC	#FDFDFD
3891	#ECE9F5	#FEFEFE
3892	#EDEAF5	#FEFEFE
3893	#FBF5F4	#FFFFFF
3894	#FBFBFD	#FFFFFF
3895	#CEC8E4	#FAFAFA
3896	#E1DDEF	#FDFDFD
3897	#F2F0F8	#FEFEFE
3898	#F2F0F8	#FEFEFE
3899	#F1E0DD	#FEFEFE
3900	#F7ECEB	#FFFFFF
3901	#EDEBF5	#FEFEFE
3902	#F8EEED	#FEFEFE
3903	#FDFAFA	#FFFFFF
3904	#F2F0F8	#FFFFFF
3905	#F1EFF8	#FFFFFF
3906	#DED9ED	#FCFCFC
3907	#E6E2F1	#FEFEFE
3908	#EFECF6	#FEFEFE
3909	#EEECF6	#FEFEFE
3910	#F4E6E4	#FEFEFE
3911	#E4E0F0	#FEFEFE
3912	#D1CAE6	#FCFCFC
3913	#EED9D7	#FEFEFE
3914	#EEECF6	#FFFFFF
3915	#FBFAFD	#FFFFFF
3916	#F7ECEB	#FEFEFE
3917	#FDFCFE	#FFFFFF
3918	#EFEDF6	#FEFEFE
3919	#DFDAEE	#FCFCFC
3920	#DDD9ED	#FDFDFD
3921	#EAE7F4	#FEFEFE
3922	#F0EDF7	#FFFFFF
3923	#FFFFFE	#FFFFFF
3924	#EEECF6	#FEFEFE
3925	#ECEAF5	#FEFEFE
3926	#D5D0E8	#FCFCFC
3927	#F6EAE9	#FEFEFE
3928	#F9F8FC	#FFFFFF
3929	#CAC3E2	#FBFBFB
3930	#E6C8C4	#FDFDFD
3931	#E5E1F1	#FEFEFE
3932	#DDD9ED	#FEFEFE
3933	#F6EAE9	#FEFEFE
3935	#F4E6E4	#FEFEFE
3936	#F2F0F8	#FEFEFE
3937	#F1EFF8	#FFFFFF
3938	#F2E1DE	#FEFEFE
3939	#FBFAFD	#FFFFFF
3940	#F7F5FA	#FFFFFF
3941	#FAF9FC	#FFFFFF
3942	#DBB3AE	#FCFCFC
3943	#FBFAFD	#FFFFFF
3944	#EFEDF7	#FEFEFE
3945	#F8F7FB	#FFFFFF
3946	#F8EEED	#FEFEFE
3947	#EAE7F4	#FEFEFE
3948	#D4CEE8	#FCFCFC
3949	#EAE7F4	#FEFEFE
3950	#EFEDF6	#FEFEFE
3951	#FBF6F6	#FFFFFF
3952	#DCD7EC	#FEFEFE
3953	#F9F8FC	#FFFFFF
3954	#D3CDE7	#FCFCFC
3955	#F7EDEC	#FEFEFE
3956	#CCC6E3	#FAFAFA
3957	#FBFBFD	#FFFFFF
3958	#EFEDF6	#FEFEFE
3959	#F5E8E6	#FEFEFE
3960	#FBFAFD	#FFFFFF
3961	#FDFCFE	#FFFFFF
3962	#FBFBFD	#FFFFFF
3963	#EFEDF6	#FEFEFE
3964	#E5E2F1	#FEFEFE
3965	#D1CBE6	#FCFCFC
3966	#F6EAE8	#FEFEFE
3967	#ECE9F4	#FEFEFE
3968	#C7C0E0	#FCFCFC
3969	#DDD9ED	#FDFDFD
3970	#F1EFF7	#FEFEFE
3971	#EDEAF5	#FEFEFE
3972	#D3CDE7	#FCFCFC
3973	#EFDCD9	#FEFEFE
3974	#EAE7F4	#FEFEFE
3975	#FEFDFD	#FFFFFF
3976	#DAD5EB	#FCFCFC
3977	#F2F0F8	#FEFEFE
3978	#F6F5FA	#FFFFFF
3979	#F7F5FA	#FFFFFF
3980	#FBF6F6	#FFFFFF
3981	#EFEDF6	#FEFEFE
3982	#FFFFFF	#FFFFFF
3983	#EBE8F4	#FEFEFE
3984	#F5E7E5	#FEFEFE
3985	#FCF8F8	#FFFFFF
3986	#E5E2F1	#FEFEFE
3987	#F3E4E2	#FEFEFE
3988	#F0DCDA	#FEFEFE
3989	#F9F2F1	#FFFFFF
4042	#F6EAE8	#FEFEFE
4043	#FFFFFF	#FFFFFF
4044	#EBD3D0	#FCFCFC
4045	#ECD4D1	#FCFCFC
4046	#FDFDFE	#FFFFFF
4047	#FEFEFE	#FFFFFF
4048	#FFFFFF	#FFFFFF
4049	#F0DEDC	#FBFBFB
4050	#F9F2F1	#FEFEFE
4051	#FEFDFC	#FFFFFF
4052	#FBFAFD	#FFFFFF
4053	#FDFAF9	#FFFFFF
4054	#F7ECEA	#FEFEFE
4055	#FFFFFF	#FFFFFF
4056	#FBF6F5	#FFFFFF
4057	#FDF9F9	#FFFFFF
4058	#F8EFEE	#FEFEFE
4059	#FCF7F7	#FFFFFF
4060	#EEEBF6	#FEFEFE
4061	#FCF8F8	#FFFFFF
4062	#F8F8FB	#FEFEFE
4063	#F4E5E3	#FDFDFD
4064	#F3F1F8	#FEFEFE
4065	#FEFDFE	#FFFFFF
4066	#EBE8F4	#FDFDFD
4067	#D4CEE8	#FBFBFB
4068	#F1EFF8	#FEFEFE
4069	#E9E6F3	#FEFEFE
4070	#F3F1F8	#FEFEFE
4071	#BFB8DC	#F6F6F6
4072	#DDD9ED	#FDFDFD
4073	#C6BFE0	#FAFAFA
4074	#E1DDEF	#FDFDFD
4075	#FAF4F3	#FFFFFF
4076	#FBF6F5	#FFFFFF
4077	#EDEBF5	#FEFEFE
4078	#D3CDE7	#FCFCFC
4079	#DEDAED	#FEFEFE
4080	#D8D3EA	#FDFDFD
4081	#DDD9ED	#FDFDFD
4082	#CEC7E4	#FCFCFC
4083	#E5E1F1	#FDFDFD
4084	#F2F0F8	#FFFFFF
4085	#F1E0DE	#FEFEFE
4087	#FDFDFE	#FFFFFF
4088	#F9F2F1	#FEFEFE
4089	#F6EBEA	#FEFEFE
4090	#F7EDEB	#FEFEFE
4091	#FDF9F9	#FFFFFF
4092	#F3F1F8	#FEFEFE
4093	#FAFAFD	#FFFFFF
4094	#FAFAFC	#FFFFFF
4095	#FCF8F8	#FFFFFF
4096	#FAF3F2	#FEFEFE
4097	#FBF5F4	#FEFEFE
4098	#F5E8E6	#FDFDFD
4099	#F6EAE8	#FEFEFE
4100	#F9F8FC	#FFFFFF
4101	#F0EEF7	#FEFEFE
4102	#F4F3F9	#FEFEFE
4103	#F7ECEB	#FEFEFE
4104	#EFECF6	#FEFEFE
4105	#F6F5FA	#FFFFFF
4106	#F9F2F1	#FEFEFE
4107	#F3E3E1	#FDFDFD
4108	#F6EAE8	#FEFEFE
4109	#FDFBFB	#FFFFFF
4110	#F5E9E8	#FEFEFE
4111	#FBF6F5	#FFFFFF
4112	#FCFCFE	#FFFFFF
4113	#F6F4FA	#FEFEFE
4114	#F2E2DF	#FDFDFD
4115	#E4E1F1	#FDFDFD
4116	#F5F3F9	#FEFEFE
4117	#FEFDFD	#FFFFFF
4118	#FDFCFE	#FFFFFF
4119	#ECE9F5	#FEFEFE
4120	#E8E5F3	#FEFEFE
4121	#EDEAF5	#FEFEFE
4122	#DEDAED	#FCFCFC
4123	#E1DCEF	#FDFDFD
4124	#E1DCEF	#FDFDFD
4125	#E8E4F2	#FEFEFE
4126	#E1DDEF	#FDFDFD
4127	#F2F0F8	#FEFEFE
4128	#DED9ED	#FDFDFD
4129	#FCFBFD	#FFFFFF
4130	#E2C0BC	#FDFDFD
4131	#F1EFF8	#FFFFFF
4132	#F6F4FA	#FFFFFF
4133	#EFECF6	#FEFEFE
4134	#EFEDF6	#FEFEFE
4135	#F3E5E3	#FEFEFE
4136	#FEFDFD	#FFFFFF
4137	#FDFAFA	#FFFFFF
4138	#F1DFDC	#FDFDFD
4139	#F9F1F0	#FEFEFE
4140	#F6EAE8	#FDFDFD
4141	#EDEBF5	#FEFEFE
4143	#FCFCFE	#FFFFFF
4144	#FCF8F7	#FFFFFF
4145	#FAF9FC	#FFFFFF
4146	#FEFCFB	#FFFFFF
4147	#FCFBFD	#FFFFFF
4148	#F5E9E7	#FEFEFE
4149	#F4E5E3	#FDFDFD
4150	#E0DCEE	#FBFBFB
4151	#F7ECEB	#FEFEFE
4152	#FCFBFD	#FFFFFF
4153	#F5F3F9	#FEFEFE
4154	#FCFCFD	#FFFFFF
4155	#F3F1F8	#FEFEFE
4156	#F8F7FB	#FFFFFF
4157	#EBD3D0	#FCFCFC
4158	#F9F8FC	#FFFFFF
4159	#FDFDFE	#FFFFFF
4160	#FDFDFE	#FFFFFF
4161	#E4E0F0	#FCFCFC
4162	#F9F8FC	#FFFFFF
4163	#E9E6F3	#FDFDFD
4164	#FDFBFA	#FFFFFF
4165	#FEFEFD	#FFFFFF
4166	#FAF4F3	#FEFEFE
4167	#E2C0BC	#FDFDFD
4168	#FAF9FC	#FFFFFF
4169	#EDEAF5	#FEFEFE
4170	#E7E4F2	#FDFDFD
4171	#F4F3F9	#FEFEFE
4172	#FCF9F9	#FFFFFF
4173	#CFC8E5	#F8F8F8
4174	#E3DFF0	#FCFCFC
4175	#C9C2E2	#FAFAFA
4176	#EFEDF7	#FEFEFE
4177	#E4C5C1	#FBFBFB
4178	#F4F2F9	#FEFEFE
4179	#F7ECEB	#FFFFFF
4180	#D9D3EA	#FCFCFC
4181	#D3CEE7	#FDFDFD
4182	#F5F4FA	#FFFFFF
4183	#E6E2F1	#FEFEFE
4184	#EBE8F4	#FEFEFE
4185	#F6F5FA	#FFFFFF
4186	#DDD8EC	#FDFDFD
4188	#F1EFF7	#FEFEFE
4189	#ECD5D2	#FCFCFC
4190	#FAF2F1	#FEFEFE
4191	#F3E5E3	#FDFDFD
4192	#E7CCC8	#FAFAFA
4193	#EDEAF5	#FEFEFE
4194	#F3F1F8	#FEFEFE
4195	#F5F4FA	#FEFEFE
4196	#FDFDFE	#FFFFFF
4197	#F3E5E3	#FEFEFE
4198	#FDFAFA	#FFFFFF
4199	#F5E8E7	#FDFDFD
4200	#FAF4F3	#FEFEFE
4201	#FDFAFA	#FFFFFF
4202	#F9F8FC	#FFFFFF
4203	#F7EDEC	#FEFEFE
4204	#FFFEFE	#FFFFFF
4205	#F3E4E2	#FDFDFD
4206	#F5E9E7	#FEFEFE
4207	#F5E9E7	#FEFEFE
4208	#F4E6E4	#FDFDFD
4209	#FDFBFA	#FFFFFF
4210	#F7F6FB	#FEFEFE
4211	#F3F1F9	#FEFEFE
4212	#FEFDFD	#FFFFFF
4213	#F7ECEA	#FEFEFE
4214	#FBF5F5	#FFFFFF
4215	#FBFBFD	#FFFFFF
4216	#F4F2F9	#FEFEFE
4217	#F8EEED	#FEFEFE
4218	#E4C4C0	#FDFDFD
4219	#D3A59F	#FCFCFC
4220	#FFFFFF	#FFFFFF
4221	#F9F8FC	#FFFFFF
4222	#E4E0F0	#FDFDFD
4223	#E5E2F1	#FDFDFD
4224	#D0CAE6	#FBFBFB
4225	#E8E4F2	#FEFEFE
4226	#E5E2F1	#FEFEFE
4227	#FBFAFD	#FFFFFF
4228	#ECE9F4	#FDFDFD
4229	#F8EEED	#FEFEFE
4230	#F6F4FA	#FFFFFF
4231	#EFEDF6	#FEFEFE
4232	#FEFEFE	#FFFFFF
4233	#F8F7FB	#FFFFFF
4234	#F6F4FA	#FFFFFF
4235	#FBFAFD	#FFFFFF
4236	#EEEBF6	#FEFEFE
4237	#F8F7FB	#FFFFFF
4238	#F4F2F9	#FEFEFE
4239	#F9F1F0	#FEFEFE
4240	#E9CECA	#FAFAFA
4241	#F8F0EF	#FEFEFE
4242	#F6EAE8	#FEFEFE
4244	#F0EEF7	#FEFEFE
4245	#FDFAF9	#FFFFFF
4246	#EED9D6	#FCFCFC
4247	#F2F0F8	#FEFEFE
4248	#B6726B	#F8F8F8
4249	#F6EBE9	#FEFEFE
4250	#F9F2F1	#FEFEFE
4251	#FCF8F7	#FFFFFF
4252	#F3E4E2	#FDFDFD
4253	#F8F7FB	#FFFFFF
4254	#FEFDFD	#FFFFFF
4255	#F7EDEC	#FEFEFE
4256	#F1DFDD	#FDFDFD
4257	#FBF5F4	#FFFFFF
4258	#F3F1F9	#FEFEFE
4259	#FDFBFA	#FFFFFF
4260	#F9F2F1	#FEFEFE
4261	#FDF9F9	#FFFFFF
4262	#F0EEF7	#FDFDFD
4263	#F1EFF8	#FEFEFE
4264	#FDFAF9	#FFFFFF
4265	#F0DDDB	#FDFDFD
4266	#F9F0EF	#FEFEFE
4267	#F8F7FB	#FFFFFF
4268	#E4C4C0	#FDFDFD
4269	#EBD4D0	#FEFEFE
4270	#C1847D	#FAFAFA
4271	#DAD5EB	#FDFDFD
4272	#FFFEFE	#FFFFFF
4273	#FDFDFE	#FFFFFF
4274	#EBE8F4	#FEFEFE
4275	#E4E0F0	#FCFCFC
4276	#DCD8EC	#FCFCFC
4277	#F8F7FB	#FFFFFF
4278	#FCFCFE	#FFFFFF
4279	#EEECF6	#FEFEFE
4280	#D1CBE6	#FBFBFB
4281	#B7AED8	#FBFBFB
4282	#D9D4EB	#FCFCFC
4283	#E9E6F3	#FEFEFE
4284	#F2F0F8	#FFFFFF
4285	#EBE9F4	#FEFEFE
4286	#F8F7FB	#FFFFFF
4287	#F2E2DF	#FEFEFE
4289	#FEFEFF	#FFFFFF
4290	#FEFEFF	#FFFFFF
4291	#E8E5F3	#FEFEFE
4292	#FAF4F4	#FEFEFE
4293	#D7ACA7	#FBFBFB
4294	#F3E5E3	#FEFEFE
4295	#F7F6FB	#FFFFFF
4296	#F6F4FA	#FFFFFF
4297	#F7EDEB	#FEFEFE
4298	#F2E2E0	#FEFEFE
4299	#FEFDFD	#FFFFFF
4300	#FDFBFA	#FFFFFF
4301	#F9F2F1	#FEFEFE
4302	#F5E8E6	#FEFEFE
4303	#F6EBEA	#FEFEFE
4304	#FAF3F2	#FEFEFE
4305	#F5E9E7	#FEFEFE
4306	#F3E4E1	#FDFDFD
4307	#DCD7EC	#FCFCFC
4308	#FEFDFE	#FFFFFF
4309	#FAFAFD	#FFFFFF
4310	#F8EEED	#FEFEFE
4311	#F0EEF7	#FEFEFE
4312	#FBFAFD	#FFFFFF
4313	#FCF8F7	#FFFFFF
4314	#FFFFFF	#FFFFFF
4315	#F3E5E3	#FDFDFD
4316	#E6C9C6	#FDFDFD
4317	#ECD4D1	#FDFDFD
4318	#FFFEFE	#FFFFFF
4319	#E8CDCA	#FEFEFE
4320	#F4E6E4	#FEFEFE
4321	#DEB9B4	#FCFCFC
4322	#E5E1F1	#FEFEFE
4323	#D9D4EB	#FAFAFA
4324	#EFECF6	#FEFEFE
4325	#EFECF6	#FEFEFE
4326	#D8D3EA	#FBFBFB
4327	#DAD5EB	#FAFAFA
4328	#F7ECEA	#FFFFFF
4329	#F6EBEA	#FEFEFE
4330	#F5F3FA	#FFFFFF
4331	#D8D2EA	#FDFDFD
4332	#CFC9E5	#FBFBFB
4333	#C7C0E1	#F8F8F8
4334	#F8EEED	#FEFEFE
4335	#DDD9ED	#FDFDFD
4336	#F3F1F8	#FFFFFF
4337	#EAE7F3	#FEFEFE
4338	#F7EDEB	#FFFFFF
4339	#F6F4FA	#FEFEFE
4340	#F9F8FC	#FFFFFF
4341	#F9F2F1	#FEFEFE
4342	#FEFDFD	#FFFFFF
4343	#F5E8E6	#FEFEFE
4345	#E1DDEF	#FDFDFD
4346	#F0DDDB	#FDFDFD
4347	#FDFBFA	#FFFFFF
4348	#F6EAE8	#FEFEFE
4349	#F6F4FA	#FEFEFE
4350	#F6E9E8	#FEFEFE
4351	#FDF9F9	#FFFFFF
4352	#E2C0BB	#F8F8F8
4353	#FFFFFF	#FFFFFF
4354	#F2F0F8	#FEFEFE
4355	#FBF6F5	#FFFFFF
4356	#FBF5F4	#FFFFFF
4357	#F6F4FA	#FFFFFF
4358	#F9F1F0	#FEFEFE
4359	#F7EDEC	#FEFEFE
4360	#FFFFFF	#FFFFFF
4361	#FEFDFD	#FFFFFF
4362	#F0EEF7	#FDFDFD
4363	#FDF9F9	#FFFFFF
4364	#F7ECEA	#FEFEFE
4365	#EED9D7	#FDFDFD
4366	#F4E7E5	#FEFEFE
4367	#F4E7E5	#FEFEFE
4368	#F2F0F8	#FEFEFE
4369	#ECD6D3	#FEFEFE
4370	#EBD2CF	#FDFDFD
4371	#E4C4BF	#FDFDFD
4372	#F4E5E3	#FEFEFE
4373	#FDFBFB	#FFFFFF
4374	#E4E0F0	#FCFCFC
4375	#FFFFFF	#FFFFFF
4376	#F1EFF8	#FEFEFE
4377	#D2CCE6	#F9F9F9
4378	#EBE8F4	#FEFEFE
4379	#F0EEF7	#FEFEFE
4380	#DDD9ED	#FCFCFC
4381	#E5E1F1	#FDFDFD
4382	#E4E0F0	#FDFDFD
4383	#E3E0F0	#FDFDFD
4384	#DDD8EC	#FDFDFD
4385	#E8E4F2	#FEFEFE
4386	#D3CDE7	#FDFDFD
4387	#FBFBFD	#FFFFFF
4388	#F5F3F9	#FFFFFF
4390	#FEFDFD	#FFFFFF
4391	#FDFDFE	#FFFFFF
4392	#F1EFF7	#FEFEFE
4393	#F9F0EF	#FEFEFE
4394	#F2E1DF	#FDFDFD
4395	#FEFDFD	#FFFFFF
4396	#FAF3F2	#FFFFFF
4397	#F9F8FC	#FFFFFF
4398	#EBD4D1	#FCFCFC
4399	#F7ECEB	#FEFEFE
4400	#FCF8F8	#FFFFFF
4401	#FFFFFF	#FFFFFF
4402	#F7ECEA	#FEFEFE
4403	#F6EAE8	#FDFDFD
4404	#F8EEED	#FEFEFE
4405	#E0BDB8	#FBFBFB
4406	#FEFCFC	#FFFFFF
4407	#FEFEFF	#FFFFFF
4408	#F2F0F8	#FEFEFE
4409	#FCFCFE	#FFFFFF
4410	#FCFBFD	#FFFFFF
4411	#EAE7F4	#FDFDFD
4412	#F8EEED	#FEFEFE
4413	#FAF3F2	#FEFEFE
4414	#FBF6F5	#FFFFFF
4415	#EDEAF5	#FDFDFD
4416	#DAB2AD	#FCFCFC
4417	#E1BEBA	#FDFDFD
4418	#F4E6E4	#FEFEFE
4419	#E6E3F2	#FEFEFE
4420	#ECD5D2	#FEFEFE
4421	#E6C8C4	#FDFDFD
4422	#FEFCFC	#FFFFFF
4423	#FCFBFD	#FFFFFF
4424	#CCC5E3	#FDFDFD
4425	#EBE8F4	#FEFEFE
4426	#E5E1F1	#FDFDFD
4427	#EFEDF7	#FEFEFE
4428	#EAE7F3	#FDFDFD
4429	#E2DEEF	#FCFCFC
4430	#F8EFED	#FEFEFE
4431	#FBF7F6	#FFFFFF
4432	#DDD8EC	#FCFCFC
4433	#EFEDF6	#FEFEFE
4434	#F6EAE9	#FEFEFE
4435	#F8F7FB	#FFFFFF
4436	#EFECF6	#FEFEFE
4437	#E4E0F0	#FDFDFD
4438	#FCF9F9	#FFFFFF
4439	#E5E1F1	#FDFDFD
4440	#FAF2F2	#FEFEFE
4441	#FBF5F4	#FEFEFE
4442	#F0DDDB	#FDFDFD
4443	#F8F8FB	#FFFFFF
4444	#FFFFFF	#FFFFFF
4446	#F8EEED	#FEFEFE
4447	#F8F7FB	#FFFFFF
4448	#FAFAFC	#FFFFFF
4449	#F6F4FA	#FEFEFE
4450	#F8EFEE	#FEFEFE
4451	#F8EFEE	#FEFEFE
4452	#FAFAFD	#FFFFFF
4453	#EDEAF5	#FEFEFE
4454	#F3E3E1	#FDFDFD
4455	#EBE8F4	#FEFEFE
4456	#F1E0DE	#FCFCFC
4457	#EFDCD9	#FCFCFC
4458	#E9E6F3	#FDFDFD
4459	#F4E7E5	#FEFEFE
4460	#EDEBF5	#FDFDFD
4461	#FEFCFB	#FFFFFF
4462	#ECE9F5	#FEFEFE
4463	#F3E4E2	#FCFCFC
4464	#FDFBFA	#FFFFFF
4465	#EBD3D0	#FCFCFC
4466	#FEFEFE	#FFFFFF
4467	#F7ECEB	#FFFFFF
4468	#E9CECA	#FEFEFE
4469	#F7F5FA	#FEFEFE
4470	#F1DFDD	#FEFEFE
4471	#ECD5D2	#FEFEFE
4472	#FBFAFD	#FFFFFF
4473	#E8CDC9	#FEFEFE
4474	#FAF5F4	#FFFFFF
4475	#F8F7FB	#FFFFFF
4476	#F9F8FC	#FFFFFF
4477	#E2DEEF	#FCFCFC
4478	#E6E3F2	#FEFEFE
4479	#D3CDE7	#F9F9F9
4480	#FDFDFE	#FFFFFF
4481	#EAE7F4	#FEFEFE
4482	#EBE8F4	#FEFEFE
4483	#E4E1F1	#FDFDFD
4484	#F7EDEC	#FEFEFE
4485	#FCFCFE	#FFFFFF
4486	#E1DDEF	#FDFDFD
4487	#C6BFE0	#FCFCFC
4488	#DDD8ED	#FDFDFD
4489	#EFECF6	#FEFEFE
4491	#F3F1F8	#FEFEFE
4492	#FAF3F2	#FEFEFE
4493	#FEFCFC	#FFFFFF
4494	#D4A7A1	#FAFAFA
4495	#E3C2BE	#FCFCFC
4496	#FFFFFF	#FFFFFF
4497	#F7F6FB	#FFFFFF
4498	#ECE9F5	#FEFEFE
4499	#EAD0CD	#FAFAFA
4500	#F8F7FB	#FFFFFF
4501	#FAF9FC	#FFFFFF
4502	#FEFCFC	#FFFFFF
4503	#FDFDFE	#FFFFFF
4504	#FAF3F2	#FEFEFE
4505	#F1E0DE	#FDFDFD
4506	#F4E7E5	#FDFDFD
4507	#FEFDFD	#FFFFFF
4508	#ECD5D2	#FCFCFC
4509	#FBF6F5	#FFFFFF
4510	#F2E3E1	#FDFDFD
4511	#FCFCFD	#FFFFFF
4512	#FAF4F3	#FEFEFE
4513	#F0DCDA	#FCFCFC
4514	#F6EAE8	#FEFEFE
4515	#F1F0F8	#FEFEFE
4516	#EED9D6	#FEFEFE
4517	#E3C3BF	#FDFDFD
4518	#C2867F	#FAFAFA
4519	#F7EDEB	#FFFFFF
4520	#E7E4F2	#FEFEFE
4521	#E3C3BF	#FDFDFD
4522	#FFFFFF	#FFFFFF
4523	#FBF6F5	#FFFFFF
4524	#F7ECEA	#FFFFFF
4525	#E2C0BB	#FDFDFD
4526	#EAE7F4	#FEFEFE
4527	#D8D3EA	#FBFBFB
4528	#FFFFFF	#FFFFFF
4529	#E5E2F1	#FEFEFE
4530	#D7D2E9	#FBFBFB
4531	#F1EFF8	#FEFEFE
4532	#E0DBEE	#FCFCFC
4533	#F8F8FB	#FFFFFF
4534	#F6F4FA	#FFFFFF
4535	#E8E5F3	#FEFEFE
4536	#F9F1F0	#FFFFFF
4537	#DCD8EC	#FCFCFC
4538	#EEECF6	#FFFFFF
4539	#F5F4FA	#FFFFFF
4540	#F6F4FA	#FFFFFF
4541	#F8EFEE	#FEFEFE
4542	#F4E6E4	#FDFDFD
4543	#F9F8FC	#FFFFFF
4544	#FAF9FC	#FFFFFF
4545	#FCF8F8	#FFFFFF
4547	#FDFBFA	#FFFFFF
4548	#F6EAE9	#FDFDFD
4549	#E9CFCC	#F9F9F9
4550	#FDFDFE	#FFFFFF
4551	#FBFBFD	#FFFFFF
4552	#FDFAF9	#FFFFFF
4553	#E9CFCC	#FBFBFB
4554	#F7ECEA	#FEFEFE
4555	#F0EEF7	#FEFEFE
4556	#ECD4D1	#FCFCFC
4557	#FDFAF9	#FFFFFF
4558	#FEFEFF	#FFFFFF
4559	#FDFAFA	#FFFFFF
4560	#FEFCFC	#FFFFFF
4561	#EED9D6	#FDFDFD
4562	#E2DEEF	#FCFCFC
4563	#D9D4EA	#FAFAFA
4564	#F4F3F9	#FEFEFE
4565	#D4CFE8	#FBFBFB
4566	#F1EFF7	#FEFEFE
4567	#D9D4EB	#FCFCFC
4568	#DFDAED	#FDFDFD
4569	#E1BEBA	#FEFEFE
4570	#FBFBFD	#FFFFFF
4571	#FDFBFA	#FFFFFF
4572	#F0EEF7	#FEFEFE
4573	#E4E0F0	#FDFDFD
4574	#E1DDEF	#FDFDFD
4575	#F5F3F9	#FEFEFE
4576	#F2F1F8	#FEFEFE
4577	#FEFDFC	#FFFFFF
4578	#FBF6F5	#FFFFFF
4579	#E9CECA	#FEFEFE
4580	#F3F1F8	#FFFFFF
4581	#FBF6F6	#FEFEFE
4582	#ECEAF5	#FEFEFE
4583	#F1DFDD	#FEFEFE
4584	#E9CECA	#FEFEFE
4585	#E6E3F1	#FEFEFE
4586	#D4A5A0	#FCFCFC
4587	#E8CDCA	#FEFEFE
4588	#E6E2F1	#FEFEFE
4589	#F4E5E4	#FEFEFE
4590	#E6C8C4	#FDFDFD
4592	#F8F7FB	#FFFFFF
4593	#FAFAFD	#FFFFFF
4594	#F7EDEC	#FEFEFE
4595	#F6F5FA	#FEFEFE
4596	#FDFAF9	#FFFFFF
4597	#E7CAC7	#FCFCFC
4598	#EFDCD9	#FCFCFC
4599	#FBF5F5	#FFFFFF
4600	#DFDBEE	#FCFCFC
4601	#FAF4F3	#FEFEFE
4602	#F9F8FC	#FFFFFF
4603	#F1EFF7	#FEFEFE
4604	#EDEBF5	#FDFDFD
4605	#EBD3CF	#FBFBFB
4606	#F8EFEE	#FEFEFE
4607	#F6F5FA	#FEFEFE
4608	#F1DFDD	#FDFDFD
4609	#F7EDEC	#FEFEFE
4610	#FEFDFC	#FFFFFF
4611	#F9F2F1	#FEFEFE
4612	#F6F5FA	#FEFEFE
4613	#D2CCE6	#FBFBFB
4614	#E8E4F2	#FDFDFD
4615	#EDEAF5	#FDFDFD
4616	#C6BFE0	#FBFBFB
4617	#C4BCDF	#FCFCFC
4618	#D6D1E9	#FDFDFD
4619	#FAFAFC	#FFFFFF
4620	#F7ECEB	#FFFFFF
4621	#F9F1F0	#FEFEFE
4622	#ECE9F5	#FEFEFE
4623	#FEFCFC	#FFFFFF
4624	#D3CDE7	#FAFAFA
4625	#BEB6DC	#F6F6F6
4626	#E1DDEF	#FDFDFD
4627	#F8F7FB	#FFFFFF
4628	#D3CDE7	#FBFBFB
4629	#EAE7F3	#FEFEFE
4630	#F1E0DE	#FEFEFE
4631	#ECE9F5	#FEFEFE
4632	#F9F2F1	#FEFEFE
4633	#FEFDFD	#FFFFFF
4634	#EEECF6	#FFFFFF
4635	#FBF6F5	#FFFFFF
4636	#FEFDFD	#FFFFFF
4637	#F8EEED	#FFFFFF
4638	#F1DFDD	#FEFEFE
4639	#E5E2F1	#FEFEFE
4640	#F7ECEB	#FFFFFF
4641	#F7ECEB	#FFFFFF
4642	#F5F4FA	#FEFEFE
4643	#F7EEEC	#FEFEFE
4644	#F2E1DF	#FCFCFC
4645	#FEFDFC	#FFFFFF
4646	#EBD3CF	#F9F9F9
4648	#FBF6F5	#FFFFFF
4649	#FAF9FC	#FFFFFF
4650	#F0DEDB	#FCFCFC
4651	#F8EEED	#FEFEFE
4652	#FCF9F9	#FFFFFF
4653	#FAF9FC	#FFFFFF
4654	#F7EEEC	#FEFEFE
4655	#FAF4F3	#FEFEFE
4656	#F1DFDD	#FCFCFC
4657	#ECE9F5	#FDFDFD
4658	#F0DDDB	#FDFDFD
4659	#F3E4E2	#FDFDFD
4660	#F7ECEA	#FEFEFE
4661	#F9F8FC	#FFFFFF
4662	#FBF5F5	#FEFEFE
4663	#FAFAFC	#FFFFFF
4664	#EEEBF6	#FEFEFE
4665	#F4F3F9	#FEFEFE
4666	#FCFCFE	#FFFFFF
4667	#E5E1F1	#FDFDFD
4668	#FAFAFD	#FFFFFF
4669	#FDFBFA	#FFFFFF
4670	#E4E0F0	#FDFDFD
4671	#F7EDEC	#FEFEFE
4672	#FCFBFD	#FFFFFF
4673	#F5F4FA	#FFFFFF
4674	#E0DCEE	#FCFCFC
4675	#DEDAED	#FCFCFC
4676	#F9F8FC	#FFFFFF
4677	#E1DDEF	#FDFDFD
4678	#E0DBEE	#FCFCFC
4679	#FEFEFF	#FFFFFF
4680	#FEFCFC	#FFFFFF
4681	#FDFBFB	#FFFFFF
4682	#F5E8E6	#FEFEFE
4683	#FEFCFC	#FFFFFF
4684	#F9F1F0	#FFFFFF
4685	#D4A59F	#FCFCFC
4686	#F4E5E4	#FEFEFE
4687	#FCFCFD	#FFFFFF
4688	#F1E0DE	#FEFEFE
4689	#E8CDCA	#FEFEFE
4690	#F7EDEC	#FEFEFE
4691	#F8EEED	#FFFFFF
4693	#F9F8FC	#FFFFFF
4694	#FFFFFF	#FFFFFF
4695	#FCF7F7	#FFFFFF
4696	#F7ECEB	#FEFEFE
4697	#E9CECB	#FAFAFA
4698	#E9CECB	#FAFAFA
4699	#FEFCFC	#FFFFFF
4700	#FCF9F9	#FFFFFF
4701	#F1DFDD	#FCFCFC
4702	#F4E5E3	#FDFDFD
4703	#E8E5F3	#FDFDFD
4704	#F3F2F9	#FEFEFE
4705	#EDEAF5	#FEFEFE
4706	#F5E8E6	#FDFDFD
4707	#F9F1F0	#FEFEFE
4708	#FBF6F5	#FFFFFF
4709	#FAF4F4	#FEFEFE
4710	#EBE8F4	#FEFEFE
4711	#FEFCFC	#FFFFFF
4712	#EFEDF6	#FEFEFE
4713	#F6EBEA	#FEFEFE
4714	#EEEBF6	#FEFEFE
4715	#FDFCFE	#FFFFFF
4716	#EBE8F4	#FEFEFE
4717	#F0EEF7	#FEFEFE
4718	#F7EDEC	#FEFEFE
4719	#FBF6F5	#FFFFFF
4720	#D0CAE5	#FCFCFC
4721	#F8F7FB	#FFFFFF
4722	#F5E8E6	#FEFEFE
4723	#F2F0F8	#FFFFFF
4724	#E9E6F3	#FEFEFE
4725	#F8F7FB	#FFFFFF
4726	#DAD5EB	#FCFCFC
4727	#F3F2F9	#FEFEFE
4728	#EDEAF5	#FEFEFE
4729	#FEFDFE	#FFFFFF
4730	#D6D0E9	#FCFCFC
4731	#E6E2F1	#FDFDFD
4732	#F8F7FB	#FFFFFF
4733	#FCF9F9	#FFFFFF
4734	#F6F5FA	#FFFFFF
4735	#E3C3BF	#FDFDFD
4736	#ECD5D2	#FEFEFE
4737	#D5CFE8	#FEFEFE
4738	#FBF6F5	#FFFFFF
4739	#F4E6E4	#FEFEFE
4740	#E8CECA	#FEFEFE
4741	#FEFDFC	#FFFFFF
4742	#C3BBDE	#FDFDFD
4743	#EDD8D5	#FAFAFA
4744	#FAF9FC	#FFFFFF
4745	#FBFBFD	#FFFFFF
4746	#F2E2E0	#FCFCFC
4747	#FDFBFB	#FFFFFF
4749	#FBF7F6	#FFFFFF
4750	#F1DFDC	#FCFCFC
4751	#F7EDEB	#FEFEFE
4752	#F6EBEA	#FEFEFE
4753	#FEFDFC	#FFFFFF
4754	#FAF3F2	#FEFEFE
4755	#FEFCFC	#FFFFFF
4756	#FBF5F5	#FEFEFE
4757	#F9F2F1	#FEFEFE
4758	#F0DEDC	#FCFCFC
4759	#FBFBFD	#FFFFFF
4760	#FAF3F2	#FFFFFF
4761	#EBD2CF	#FBFBFB
4762	#FBFBFD	#FFFFFF
4763	#F8EEED	#FEFEFE
4764	#F2F0F8	#FEFEFE
4765	#FEFCFC	#FFFFFF
4766	#FCF8F8	#FFFFFF
4767	#E4E0F0	#FDFDFD
4768	#F9F8FC	#FFFFFF
4769	#FAF4F3	#FFFFFF
4770	#F0EEF7	#FEFEFE
4771	#D6D1E9	#FBFBFB
4772	#FCF7F6	#FFFFFF
4773	#D3CEE7	#FCFCFC
4774	#E6E3F2	#FEFEFE
4775	#D4CEE8	#FCFCFC
4776	#E1DDEF	#FDFDFD
4777	#D2CDE7	#FAFAFA
4778	#D7D2E9	#FCFCFC
4779	#FEFDFD	#FFFFFF
4780	#ECE9F4	#FDFDFD
4781	#E8E5F3	#FDFDFD
4782	#F6F4FA	#FFFFFF
4783	#F7EDEC	#FEFEFE
4784	#F1E0DD	#FEFEFE
4785	#DFBBB7	#FCFCFC
4786	#ECD5D2	#FEFEFE
4787	#F1E0DD	#FEFEFE
4788	#FBF6F5	#FFFFFF
4789	#FAFAFC	#FFFFFF
4790	#EBD4D0	#FEFEFE
4791	#F7EDEB	#FFFFFF
4792	#FBFAFD	#FFFFFF
4794	#F2E3E1	#FDFDFD
4795	#FBF6F6	#FEFEFE
4796	#FCF7F7	#FFFFFF
4797	#FBF6F5	#FFFFFF
4798	#FFFFFF	#FFFFFF
4799	#F5F4FA	#FFFFFF
4800	#FFFEFE	#FFFFFF
4801	#EAD1CE	#FBFBFB
4802	#F0DDDA	#FCFCFC
4803	#F7EDEB	#FEFEFE
4804	#EFDCD9	#FCFCFC
4805	#FAF9FC	#FFFFFF
4806	#FBF5F4	#FEFEFE
4807	#FBF6F5	#FEFEFE
4808	#F3E5E3	#FDFDFD
4809	#F7EDEB	#FEFEFE
4810	#E8E4F2	#FDFDFD
4811	#F3F1F9	#FEFEFE
4812	#F3E3E1	#FEFEFE
4813	#F6F5FA	#FEFEFE
4814	#FDFAFA	#FFFFFF
4815	#E0DCEE	#FBFBFB
4816	#E1DDEF	#FDFDFD
4817	#FCF9F8	#FFFFFF
4818	#F6F5FA	#FFFFFF
4819	#E8CDCA	#FEFEFE
4820	#E8E5F2	#FEFEFE
4821	#FCFBFD	#FFFFFF
4822	#FDFBFB	#FFFFFF
4823	#FBF6F5	#FEFEFE
4824	#B7AED8	#F8F8F8
4825	#A79DCF	#FBFBFB
4826	#EBE8F4	#FEFEFE
4827	#FBFAFD	#FFFFFF
4828	#EAE7F4	#FDFDFD
4829	#F6F5FA	#FEFEFE
4830	#F5F4FA	#FEFEFE
4831	#F0EEF7	#FEFEFE
4832	#E8E5F3	#FDFDFD
4833	#F7EDEC	#FEFEFE
4834	#FDFDFE	#FFFFFF
4835	#F1DFDD	#FEFEFE
4836	#EBD2CF	#FDFDFD
4837	#F1DFDD	#FEFEFE
4838	#D9AFAA	#FDFDFD
4839	#FBF6F5	#FFFFFF
4840	#C58A84	#FBFBFB
4841	#E9E6F3	#FEFEFE
4842	#F4E6E4	#FEFEFE
4843	#EDD7D4	#FEFEFE
4844	#F7ECEA	#FEFEFE
4845	#FEFEFF	#FFFFFF
4846	#F3E3E1	#FCFCFC
4847	#F6E9E8	#FEFEFE
4848	#FCFCFD	#FFFFFF
4850	#EBE9F4	#FDFDFD
4851	#F9F0EF	#FEFEFE
4852	#FEFEFF	#FFFFFF
4853	#F3F1F8	#FEFEFE
4854	#FDFAFA	#FFFFFF
4855	#F7F6FB	#FFFFFF
4856	#FBF6F5	#FEFEFE
4857	#FFFEFE	#FFFFFF
4858	#F3E4E2	#FDFDFD
4859	#EBD2CF	#FAFAFA
4860	#EAE7F3	#FDFDFD
4861	#F3E5E3	#FEFEFE
4862	#FCF9F9	#FFFFFF
4863	#F8F7FB	#FFFFFF
4864	#F6F5FA	#FFFFFF
4865	#EBE8F4	#FEFEFE
4866	#FFFFFF	#FFFFFF
4867	#FCF8F7	#FFFFFF
4868	#F9F8FC	#FFFFFF
4869	#FBF6F5	#FFFFFF
4870	#FCFBFD	#FFFFFF
4871	#F2F0F8	#FEFEFE
4872	#F7EDEC	#FEFEFE
4873	#F2E2E0	#FDFDFD
4874	#F4F2F9	#FEFEFE
4875	#FFFFFF	#FFFFFF
4876	#E0BCB7	#FCFCFC
4877	#F7EDEC	#FEFEFE
4878	#E5E1F1	#FDFDFD
4879	#DEDAED	#FBFBFB
4880	#DDD9ED	#FBFBFB
4881	#E6E2F1	#FDFDFD
4882	#FAF9FC	#FFFFFF
4883	#FBFAFD	#FFFFFF
4884	#F7EDEB	#FEFEFE
4885	#DCD8EC	#FEFEFE
4886	#F1E0DE	#FEFEFE
4888	#F1DFDD	#FEFEFE
4889	#ECD5D2	#FEFEFE
4890	#E1BEBA	#FEFEFE
4891	#F7ECEB	#FFFFFF
4892	#ECD6D3	#FEFEFE
4893	#DDD8ED	#FEFEFE
4895	#F4F2F9	#FEFEFE
4896	#F9F8FC	#FFFFFF
4897	#F7F6FB	#FEFEFE
4898	#FEFEFF	#FFFFFF
4899	#FCFCFD	#FFFFFF
4900	#F3E4E2	#FDFDFD
4901	#F3E3E1	#FEFEFE
4902	#FBF6F6	#FFFFFF
4903	#F2E1DF	#FCFCFC
4904	#F8EEED	#FEFEFE
4905	#FBF7F6	#FFFFFF
4906	#F9F2F1	#FEFEFE
4907	#F4E5E3	#FDFDFD
4908	#F2F0F8	#FEFEFE
4909	#F3E5E3	#FDFDFD
4910	#EEDAD7	#FDFDFD
4911	#EDEBF5	#FEFEFE
4912	#E7E3F2	#FDFDFD
4913	#F5E9E8	#FDFDFD
4914	#E1DDEF	#FDFDFD
4915	#F9F8FC	#FFFFFF
4916	#F3F1F8	#FEFEFE
4917	#F4E7E5	#FEFEFE
4918	#F8EEED	#FFFFFF
4919	#FBFBFD	#FFFFFF
4920	#E5E2F1	#FDFDFD
4921	#D7D2E9	#FBFBFB
4922	#E6E2F1	#FEFEFE
4923	#E1DDEF	#FDFDFD
4924	#FCF9F8	#FFFFFF
4925	#EAE7F4	#FDFDFD
4926	#DAD5EB	#FCFCFC
4927	#F2F0F8	#FEFEFE
4928	#DEDAED	#FCFCFC
4929	#EFEDF6	#FEFEFE
4930	#F3F1F9	#FEFEFE
4931	#E9E6F3	#FDFDFD
4932	#F4F2F9	#FEFEFE
4933	#FBFAFD	#FFFFFF
4934	#DFDAED	#FCFCFC
4935	#FBF6F5	#FFFFFF
4936	#E8E4F2	#FEFEFE
4937	#DDD8EC	#FEFEFE
4938	#E5E1F1	#FEFEFE
4939	#D9AFAA	#FDFDFD
4940	#FBF6F5	#FFFFFF
4941	#F2F1F8	#FFFFFF
4942	#EBD3D0	#FDFDFD
4943	#FFFEFE	#FFFFFF
4944	#F1E0DD	#FEFEFE
4945	#FCF8F8	#FFFFFF
4946	#FFFEFE	#FFFFFF
4947	#F0DDDB	#FBFBFB
4948	#EEEBF6	#FEFEFE
4949	#F4E5E3	#FEFEFE
4951	#F8F7FB	#FFFFFF
4952	#EBD3D0	#FCFCFC
4953	#F0DDDA	#FCFCFC
4954	#FEFCFC	#FFFFFF
4955	#FBFBFD	#FFFFFF
4956	#F6E9E8	#FDFDFD
4957	#FFFFFF	#FFFFFF
4958	#FBFAFD	#FFFFFF
4959	#EBD2CF	#FCFCFC
4960	#FBF6F5	#FFFFFF
4961	#F2E2E0	#FDFDFD
4962	#FBF7F6	#FFFFFF
4963	#FAF9FC	#FFFFFF
4964	#F9F9FC	#FFFFFF
4965	#F8F6FB	#FFFFFF
4966	#D2CCE6	#FBFBFB
4967	#F3F1F8	#FEFEFE
4968	#F7ECEB	#FFFFFF
4969	#DFDBEE	#FDFDFD
4970	#F5E7E5	#FEFEFE
4971	#FBF5F4	#FFFFFF
4972	#F8F7FB	#FFFFFF
4973	#F7ECEA	#FEFEFE
4974	#FAF9FC	#FFFFFF
4975	#E7E4F2	#FDFDFD
4976	#E6E3F2	#FEFEFE
4977	#EDEBF6	#FDFDFD
4978	#F2F1F8	#FEFEFE
4979	#EAE7F4	#FDFDFD
4980	#F1EFF7	#FEFEFE
4981	#F8F7FB	#FFFFFF
4982	#FBF6F6	#FFFFFF
4983	#F6F4FA	#FEFEFE
4984	#FBF6F6	#FFFFFF
4985	#F9F1F0	#FEFEFE
4986	#F3F1F8	#FEFEFE
4987	#F1DFDD	#FEFEFE
4988	#FAF9FC	#FFFFFF
4989	#EFEDF6	#FEFEFE
4990	#F1E0DE	#FEFEFE
4991	#F1DFDC	#FEFEFE
4992	#F8EEED	#FFFFFF
4993	#FCFBFD	#FFFFFF
4994	#F7F5FA	#FFFFFF
4996	#ECD4D1	#FBFBFB
4997	#F2E1DF	#FCFCFC
4998	#FBF5F4	#FEFEFE
4999	#F5E8E6	#FDFDFD
5000	#F2E2E0	#FCFCFC
5001	#FDFDFE	#FFFFFF
5002	#FCF8F7	#FFFFFF
5003	#FAF4F3	#FFFFFF
5004	#FAFAFD	#FFFFFF
5005	#FDFDFE	#FFFFFF
5006	#F3E3E1	#FDFDFD
5007	#F4E7E5	#FDFDFD
5008	#F5E9E7	#FEFEFE
5009	#F7EDEC	#FEFEFE
5010	#FDFCFE	#FFFFFF
5011	#FCF9F8	#FFFFFF
5012	#E8E4F2	#FEFEFE
5013	#FFFEFF	#FFFFFF
5014	#F5E9E7	#FDFDFD
5015	#FAF9FC	#FFFFFF
5016	#C5BEE0	#FBFBFB
5017	#DAD5EB	#FCFCFC
5018	#FBF7F6	#FFFFFF
5019	#EEECF6	#FEFEFE
5020	#F5F4FA	#FFFFFF
5021	#F2E2E0	#FEFEFE
5022	#FBF5F4	#FFFFFF
5023	#E1DDEF	#FDFDFD
5024	#FBF5F4	#FFFFFF
5025	#FAF4F3	#FEFEFE
5026	#F5F4FA	#FFFFFF
5027	#F2F0F8	#FEFEFE
5028	#FEFDFD	#FFFFFF
5029	#FBF5F5	#FFFFFF
5030	#FAFAFC	#FFFFFF
5031	#FDFDFE	#FFFFFF
5032	#F1EFF8	#FEFEFE
5033	#FCFCFD	#FFFFFF
5034	#F9F2F1	#FEFEFE
5035	#DFDBEE	#FBFBFB
5036	#F7ECEB	#FEFEFE
5037	#F2E2E0	#FEFEFE
5038	#F1E0DD	#FEFEFE
5039	#FBF6F5	#FFFFFF
5040	#F4E6E4	#FEFEFE
5041	#F8EEED	#FFFFFF
5042	#F7ECEB	#FFFFFF
5043	#FBFAFD	#FFFFFF
5044	#F9F9FC	#FFFFFF
5045	#CF9D97	#FCFCFC
5046	#E6C9C6	#F8F8F8
5047	#FEFEFF	#FFFFFF
5048	#F6F5FA	#FEFEFE
5049	#FAF3F2	#FEFEFE
5050	#FCF9F8	#FFFFFF
