x	y
0.167697313889314	0.0449797086311484
-1.05358933464413	0.33872103827442
-1.06622034319365	0.342974832284015
0.141863196137724	0.0501553180922547
-0.299801552443782	0.0891523024349139
-0.00556582980984431	0.00217880112174617
0.671268687509874	0.224622004345607
-1.16133330951192	0.523327607272297
-0.710230293623884	0.31176684503612
-1.17054492121895	0.528293558784745
-1.85212653464863	0.834573493694522
-2.21811221253637	1.16319559005061
-1.03421683674171	0.436216787311646
1.04484804519674	0.53485075292943
-0.296648866057524	0.104622259140259
-3.3699089431771	1.47759887690837
1.44608258749829	0.677956897105114
-1.41225084227217	0.526212234537498
1.72402871819241	0.513373825324747
-0.717349894086991	0.316522736024686
0.167477728353249	0.0590979167330394
-0.625868963941049	0.216824207812961
1.75068365698165	0.729500594274904
-0.862256610524022	0.333914341630779
-1.18445446872159	0.535935579918968
0.213458642344445	0.0674065916569276
-1.8667105682604	0.841554223626961
-0.292557042042696	0.103470034720753
-2.70163341573963	0.956867155200627
-2.01392350241387	0.970602129353758
-0.460037259134315	0.176313488268689
0.236760388577432	0.0742695453338153
-1.0343058598306	0.436670945646655
-3.92881529452356	1.9929351089041
-0.688230701925864	0.300993909289963
0.245046716788478	0.0767139180875719
1.07639332665525	0.431341212182303
-3.77777798897229	1.85381647077243
-2.70937242333718	0.961490597147355
0.899765603237419	0.260024823460973
-1.05874549579791	0.340517355461754
-1.65341411628819	0.685569985095441
-0.84450174624812	0.326249496674619
0.229042848297212	0.0723493922830735
-1.39447579712601	0.518519557547366
-1.04323825261043	0.44142164625861
0.363839798757481	0.151282088962488
2.112482444888	1.56548294239332
0.73343768891719	0.322299741234243
1.047572061423	0.417850877858123
-0.275687060281398	0.0826939690244633
0.341755673415281	0.12566618901038
-0.791992737398379	0.3660536482563
-3.77067245101724	1.84732993931954
0.749748939961761	0.330801542363429
-2.10943603710618	1.06237429656762
-0.578787881197751	0.238841617746616
1.00925267874756	0.637463275213246
-1.35327547446139	0.67276501407212
-1.1719191498212	0.530666449438631
-0.614019159842528	0.212412899348605
0.361731170940719	0.149970309994391
-0.0699011933835249	0.0220507128863846
1.02935166329521	0.468184956400046
1.34405109166925	0.706234513319285
-0.296469595037408	0.0883020342088884
-1.34944912159702	0.887952458642462
1.75694714586213	0.732159734378909
0.529807217078484	0.226866959872641
0.658376177824388	0.252792136950076
-0.269955139463672	0.107957048105633
-1.05067961029036	0.564764264855569
1.13391570360021	0.654308088984738
0.155055385891057	0.054893798795653
0.214576923861782	0.0865036058677483
-1.40664072061403	0.523833363794703
-3.59658273310522	1.68296343492515
0.172618618008275	0.0460830870042928
-1.4212104251016	0.529902111405104
0.250596382422263	0.0783154809169861
-1.99585820874435	0.958645300865824
0.539674806363984	0.231059686048144
0.175124314973247	0.046645304856595
0.515213413272557	0.219561853968645
-2.20452069372124	0.676749531450116
-0.452460658018647	0.173491396513496
-1.08924209141421	0.350454838002397
-1.42190774093749	0.530187919681717
1.36401982944862	0.71987214609964
-1.65981160581395	0.689135823128313
0.364519764084431	0.134369643554303
-0.298849757509874	0.10497136168763
0.160749378612127	0.0568899843454763
1.31661458037526	0.687739857991807
-1.44663997260673	0.54024808632418
0.694381051215851	0.232198533859577
1.76029939115389	0.733878423235619
-0.742607180787149	0.401488448232638
-0.608353938654559	0.210500745768736
0.230992937256442	0.072671397672911
-0.283762323706892	0.0999527922116239
-0.00248186101306843	0.00122635496786684
-1.02987987111389	0.434487545356106
0.381986451828086	0.14083288446862
-0.455251909430965	0.175712668337717
-0.634706722029547	0.219587152269502
-0.614746613769411	0.212903620622188
-0.567585807840995	0.148008276225078
1.07878401387793	0.432142860294847
-0.617114385038812	0.255222366341998
0.736931708898406	0.324483221970449
-1.16527581463176	0.525308384165994
-1.85165908757804	0.833179333064255
-0.267624422996714	0.106452413643814
-0.274700213464807	0.096770362673022
-0.0774050461354077	0.0242831048289601
2.91771648568221	1.15252312484676
-1.39451787599895	0.699014588784512
-1.18126091426681	0.532529423350683
0.408959622382179	0.191316062243897
0.147859142412515	0.0527828017233813
-0.780760128414776	0.360116036813691
0.328033666045785	0.135036116652593
-1.65352787363434	0.685632629902248
-0.290264244922464	0.086664393151335
0.643354238391304	0.246655588924847
-1.98712966489737	0.952043768151041
-2.10613805439385	1.06005282152803
-3.78753670657765	1.85806872383072
-0.44619944328347	0.171341193314969
0.113976731585573	0.0450312110123405
-0.699382853231352	0.307435264772424
-0.459471789232914	0.177116723566947
1.37117064985631	0.724253862588514
-0.57158192855009	0.149583404745863
-0.275687060281398	0.0826939690244633
0.688755278517132	0.230474449974642
2.44567166971443	0.839453219846175
-1.42336384309457	0.531065517704682
1.45076081053421	0.680743860904347
-3.77672205781815	1.85446280695645
-3.92545291111529	1.99176349534737
-0.288063719816896	0.101218855582775
-0.0874275522865092	0.0264933765093518
-1.62121770915288	0.91733483355294
-3.36589008487891	1.47467906977199
-0.614143358575802	0.212385342725654
-1.66279657880004	0.690412504342113
0.359700398495367	0.132015671206623
0.367975239769734	0.135324424918408
-0.450315436655661	0.173160210531118
0.669501572235949	0.223838569535414
-1.06898305525912	0.343786697766102
-0.863100722300361	0.334255044549566
-0.602621602866665	0.208403509975971
0.371542809969329	0.136911061468623
1.34789109371953	0.792123664938205
-0.349297290891636	0.147282139348434
-0.788982612374263	0.363894038023266
0.163633372146449	0.0733012781075544
-0.71502671453091	0.315323000918912
-0.709217490730895	0.311696529939606
-0.469942503021187	0.181486116455018
-0.57511310367108	0.150427941210277
-1.8696422600211	0.845403659105727
-3.07139247283292	1.23058533678423
-0.560839462754524	0.268485621485666
0.0165416957405933	0.00570705062882252
-2.22376716584085	1.16492526814326
-0.297087542177462	0.105043790392712
-0.00499892815062715	0.00194883842043707
-1.65916483890599	0.688439443826351
1.39256483421105	0.495195831360944
-0.296648866057524	0.104622259140259
-1.45614535076897	0.758512878074588
-0.567097066778424	0.148548092076695
-0.552335012199188	0.144678456612124
-1.17786330940538	0.530905830621981
-1.42192559564052	0.530230412250847
0.840616482650072	0.420963123928338
-2.37724929313625	1.33123124615803
-0.311156779659389	0.0923095751831279
-1.38496312240652	0.691801297184009
-0.625436571108087	0.216273356026615
0.134505448101908	0.0480288178150409
-0.87005150582828	0.3376097166185
0.208346293480117	0.066114609078232
1.37980134392203	0.490495849580318
0.225390330130693	0.0710625469773121
-1.41007780667998	0.525118191252701
-1.69720390000476	0.707595103716165
-3.74963504418128	1.83588161056269
0.736444701222504	0.324097072859693
0.184850892556297	0.0650139539974978
0.924519625006435	0.266522920108041
0.51342553309952	0.303256187964506
-3.58793056954311	1.67700708489895
0.205772774349869	0.0828701577132904
1.02995357630405	0.525354425086907
-1.18283164011236	0.535339419042692
-0.639291989533655	0.220817958619277
0.177888568731005	0.0796224014331182
-0.44575915939829	0.171658962397569
1.09365154606152	0.624884815955117
0.533510063532021	0.228346108925742
0.391044473603135	0.144034709405957
-0.852571679144086	0.330089246728635
0.349087653672887	0.128376982782178
-0.0122596634282817	0.00412326744529096
0.694292550043242	0.303565574235103
1.01271323848205	0.458880200847508
0.336003298090144	0.139205041307978
-0.625436571108087	0.216273356026615
0.513975021104259	0.219061707005137
0.351215210500736	0.128908929818625
-1.27717219254383	0.610070371818099
-0.623891435697114	0.216208645967243
-3.58994030119047	1.67949603348423
-0.467068955432587	0.179263841862007
-0.880371017353982	0.426750897343285
0.385959613882144	0.142277565092352
-0.292596402803385	0.0873350320881933
0.915267467236802	0.263914073443303
-1.54181178832722	0.837630495375634
1.04484804519674	0.53485075292943
-0.269718981916379	0.0953601496179348
1.76266616893112	0.735090202637704
-0.637310378037355	0.22065702100062
-2.00064116420396	0.960447900289504
-0.699018626079536	0.306261917731542
1.33764462446575	0.784784518415397
-0.726639369143802	0.318881022260861
-0.1335140762454	0.0550663679160016
-1.03400110530234	0.436506965124028
-0.713345478844203	0.313383476299283
-1.18639449177788	0.536614658344143
-0.11773291423436	0.0443848632982345
-1.36615545403847	0.683058036324449
-1.36887047358415	0.682747425198198
-3.34633385192973	1.46318397472514
-0.072321054386585	0.0221857956096433
2.36896074937919	1.27246280975247
1.08840515526203	0.436668223542729
-0.11889572461054	0.0493096887049409
-2.71011261153659	0.959781838355434
0.665543616520298	0.222690675034638
-0.601044191363249	0.249085728292698
-0.464018320909125	0.17895041045303
0.159448874858613	0.0431285659618798
-1.64247249177327	0.679677402818999
-0.582771718506577	0.240313638417449
1.06518023668603	0.547678560836689
-1.66475403793915	0.691346158978942
-2.70163341573963	0.956867155200627
2.04668857608156	1.24046505200005
-2.70163341573963	0.956867155200627
0.675730779647632	0.259904954323442
-0.620356025765848	0.214895966402198
-0.0693029427305165	0.0217045195378398
-3.77254526345874	1.84999228139369
-0.0787331237705215	0.0245872359237653
-0.279226597617984	0.0985989013225853
0.199660581380647	0.0433122758858595
-1.0615597697243	0.341093221319588
1.90124918540467	1.27687767333092
1.75355367060485	0.730143785985324
2.66246549315008	1.60201964627201
-1.14367283810583	0.649869586223566
-0.00244516137489541	0.00136153705846557
0.390779059565748	0.182260971436128
-1.17474101064151	0.531953235482394
-0.615252810364194	0.308910641601822
-0.0387999125903844	0.0121496498389081
0.963500363946242	0.547105929215293
-0.847205246187302	0.327769020292819
0.220983169877623	0.089426791294141
0.110735658687303	0.0431310737941528
-0.793793244205063	0.366308376641654
1.36665888489644	0.721747113776068
2.92719523940039	1.15711191350553
1.07271421767844	0.552240350898352
0.560559280957484	0.240765935674186
-2.21901966586609	1.16364189815568
0.197652698324101	0.0799813746261749
-0.447004772003918	0.200502588217504
0.736548080211949	0.451032037756423
0.794442497259007	0.441738722884745
3.7375079728772e-05	0.000100003451755384
0.180334652339367	0.0478106473797875
0.726370449421603	0.318806429865266
-0.614746613769411	0.212903620622188
-3.35179502452106	1.46653269137331
0.155568006992501	0.0697832066980448
1.61074507391303	0.957561729452893
-0.819960913816281	0.467907310738846
3.40445464701428	2.71571600150229
0.721815725068893	0.317225508890535
-0.161596247527618	0.0603398147967195
-2.23538083502313	1.17602901125545
-2.11601954105613	1.06445349950185
1.38547474271143	1.00190006362155
-1.63615464999958	0.929222697237624
-2.46183691386304	1.41936598271635
0.330770493959063	0.201465769844538
0.158747408892935	0.055965985306647
2.32103891006182	1.57101518497249
-0.263239859947776	0.105395893386293
0.856984416466401	0.43100403721528
-1.0208852969742	0.430727012957128
-2.23007164127393	1.17181975514281
0.727975335969174	0.319995544039775
-0.319584045128266	0.113038317426936
0.52552538353319	0.224898031958946
1.24626872657033	0.898862083068279
-0.596831922330038	0.24753221693314
-0.036085919051009	0.0119619455231289
0.513594626256089	0.219107472413474
-1.05231466778725	0.446756735404442
1.01656736467695	0.461391213940484
-1.26217734621194	0.600384438041861
-0.301609146428087	0.106442014531486
0.783751202938635	0.43313861457322
-0.129674326050264	0.048752974176416
0.745252683479844	0.328424828852783
0.229061209487742	0.0721195903939181
-0.0450193789384459	0.0168500111546856
-0.646247750504415	0.223576085094636
0.657818875798338	0.252304496156445
0.652755993289933	0.250737597562533
-2.20452069372124	0.676749531450116
-1.87699058631814	0.848846217374341
1.90042623375085	1.27609170046808
0.547062788909255	0.234680707833223
-0.314624376337762	0.111046489719147
0.369222738042471	0.135975001006927
0.667920601709208	0.223570234424993
0.753466981242805	0.333096344682525
-0.539656419156874	0.256885972886378
0.192899428845196	0.0782635704459345
-3.5732102037387	1.66758708085365
-0.777478433237276	0.357822620295544
-1.01662764208499	0.428743965326082
-0.464362264924563	0.209370784272522
1.13990230662736	0.658830255998924
0.182327940194625	0.0482741151528399
0.0969464372019529	0.0381155368331002
0.24231079990204	0.0758656666474767
0.789253954818942	0.437080956331171
0.969429132326307	0.551624365692601
-1.05585363497318	0.446822668371207
-2.01401991284485	0.969310089608245
-3.07640864801309	1.23288383031758
-1.85165382384522	0.834093970321156
0.654807690153816	0.251715167743783
2.20857994039303	1.98057030624064
2.64868919412328	1.58883983142237
-1.03893566131794	0.438235936399031
-0.788987116790152	0.364755017476371
-0.726849308961724	0.319451979610592
0.745651739094534	0.328744144371674
0.287581897523303	0.131017753988667
-0.842280636193126	0.325576975348051
1.42674688123495	0.666373913869666
0.641408430113829	0.24552038682474
-0.696843297610877	0.304313553361148
0.373375547216169	0.137337476247713
0.151858268279237	0.0539951883116443
1.00299937240527	0.453826202837793
1.03843838921473	0.472936825156291
1.09296502780366	0.438667144027759
0.187534552195979	0.0494421831048262
-0.634950804433643	0.219486241674307
-0.449437292581182	0.173295243276661
-1.27806213954889	0.608970989721549
-3.57779146077189	1.6716096552128
1.22148634604599	0.959295148917427
-0.0696825216700305	0.0219948754416967
1.87650019981034	1.25324858182891
1.1380279723119	0.657903958651051
-0.285782342591018	0.100399810914241
1.08254752138893	0.558513599256677
-0.00922960938626982	0.00290289760436117
0.140038577779647	0.0498153872522602
1.22682570384074	0.9673614614831
-0.0316902279247042	0.010341707655145
0.0795735896362356	0.0342338601723045
1.58722279405239	1.04763982278482
-1.28757506143944	0.617406494124889
2.66118766911372	1.60156337647599
1.35567543510545	0.970414835279893
-1.0764473812127	0.346245967591191
3.15262010103163	2.29641563040913
1.36312310714869	0.718902651367283
2.09987351394848	1.54964398660754
0.158658465382035	0.0558910708403597
0.667084594657874	0.256236793609392
0.944317281119229	0.780282813976035
0.654801900783184	0.319252373019607
0.999400624611899	0.451846759897333
2.44834859745442	0.840528199577986
0.853308067549873	0.42846136209997
-1.67036381025619	0.694164754755505
-0.0180041279034764	0.00671011893528047
-1.2906946432823	0.613302507003557
0.155055385891057	0.054893798795653
1.01656680035255	0.461116988081094
-1.08202605551242	0.348117504628405
-0.296789951271133	0.104740724771945
1.43024290119433	0.669650446378061
1.19698577709065	0.848603679214276
-0.316296863137473	0.0936455793109416
0.825189443178703	0.412166188045343
-0.315191186878419	0.169404304433361
0.683090437699776	0.228431766982679
0.208130289751052	0.0445612068776082
-0.0262047872479145	0.00912827678416325
-0.290172480232866	0.0866608763690696
1.39478630296042	1.22041243672821
-0.00205500172157205	0.00101561004066904
-1.86929609194464	0.84351466384199
0.100604291146709	0.0393503744677764
0.640783292158946	0.245422565674362
0.349796203129441	0.1450282266252
-1.07723736095434	0.583293346726705
-1.17695804863267	0.532314303254487
2.31527845779374	2.23283488089837
-1.42769288547664	0.532702725252026
0.214765726487218	0.0871648404582393
1.32518753137174	0.774736405941351
0.635295184348173	0.243271770197768
0.242963698483695	0.0762314393760321
1.04417783165716	0.534482256617455
-2.37311854138784	1.32412639259957
0.487337601830921	0.206850711792581
1.05813534854823	0.543067280937136
0.620013043122532	0.334428471918467
1.33010550299214	0.697143829541214
1.19846660421956	0.774610361570992
-0.625308662284144	0.216150574467422
1.75689874560971	0.732131283191921
-0.585470127518259	0.241325762918742
1.42443644535245	0.665709520641548
2.09069751079453	0.999366405985553
-0.792330626141082	0.366249435658566
2.09955184401788	1.00399953072378
0.663385927314191	0.221879924565254
0.731588435088278	0.321681817536344
1.43353329977211	0.670713487789622
-0.467020161128851	0.180634897813934
0.35967752558166	0.132385240160167
0.37068350824835	0.171765376885036
1.39026582301669	0.494298341784791
0.901720616063008	0.260095467165507
-0.362998059156889	0.153862029195331
0.648740963021142	0.248674017077133
1.6346778991508	0.977522038159446
-0.62911400726838	0.217642117633131
0.737818504177361	0.324911656105356
1.75355367060485	0.730143785985324
-0.0108211467184181	0.00334604665126373
0.208924381393611	0.0848895270115943
-1.1618382361955	0.523808173844108
1.14873280684062	0.665230168542105
0.234537195986687	0.0736925327146945
-0.319216115874131	0.112754581956896
-0.139143243693155	0.0521215130657118
-1.29316683475649	0.620731249480532
0.372995424138313	0.137081470969483
1.31478708650224	0.766836551775452
-0.612031321957417	0.211857749173378
-0.270765547099381	0.0956066642093444
-0.274700213464807	0.096770362673022
-0.122360243230986	0.0459550438603633
0.805999666933334	0.447926342506524
-0.802400932499237	0.371244534736857
-1.02512213097864	0.432820738788104
-0.279279488385668	0.0984137553312785
3.26310413052701	1.45333946698961
-0.214919533327299	0.0951170426416304
0.0659139208114218	0.0263469622013697
0.197204490801387	0.0797256710681926
0.337090397950004	0.139557301981019
-0.70225036842738	0.308542659081274
0.518000899088876	0.247032083493993
-2.00294165609163	0.960415092348797
1.08630195032455	0.619638141474399
2.01011662318094	1.20907714924869
0.23601542422051	0.0951873044259516
0.77084997876921	0.341267623136212
1.43755656456294	0.673099191026866
0.829936079744364	0.414010411909206
1.4319713648674	0.67050932982279
0.79697464337341	0.443206935433123
0.283330431084125	0.129222172561371
2.30224719615839	1.55333265421707
-0.460414181765135	0.177502020903236
1.01152046638413	0.458230154830963
-1.36144721487123	0.677957952691157
2.6449267090279	2.53995434380822
2.04627182075756	1.67758040466595
0.194901598741855	0.0793076591368224
0.407813899834987	0.190640823047528
-0.155402943809944	0.0580308477050049
0.478586007927788	0.251641721595321
0.151694212672119	0.0539348164326128
-0.0741499498092304	0.0231015678072107
0.0685930567104185	0.0332534395957699
-0.116342630397355	0.0588988019679367
-0.323983200872327	0.153670186014984
1.02964262562433	0.468192498556971
-0.000980924812394113	0.000687672288107817
1.75284786314118	1.56705570606661
1.72879825628199	0.922337542393182
-0.856841474893289	0.332280942743884
-1.18140854571029	0.536174901408134
0.335280482568712	0.138488118194395
0.823841972746615	0.410758395939859
0.504425910272436	0.239816942934267
0.672216000642066	0.328941826930084
0.350481602998902	0.145241231123923
1.11397909005607	0.640360124748661
0.514897643564586	0.244683870809665
0.989891446949366	0.620406135356352
1.84366302927253	1.36602347534815
1.13300384257977	0.654637298883461
1.5965341937143	0.946329179708063
0.160846455615089	0.0572778297198863
0.660458732926317	0.220729206141761
0.537159189536397	0.22983213558255
1.06137676746378	0.424207182069452
2.03941533236954	1.2345080804699
1.32941687348464	0.69644196347911
2.92786746518614	1.95066175272413
2.78457376904747	2.89484472387987
0.830992073128424	0.41546279542391
0.493835561943328	0.260430102581143
0.242835302470486	0.0761638264532781
1.01263016588263	0.458921703496267
0.672304031961959	0.258284674362663
3.84792904445834	2.08575030655064
0.173642359267013	0.06100636705496
-0.138541163809021	0.0517815665948094
0.53505471625627	0.229111822235193
0.00289682609691048	0.000661262949857022
1.3688035633483	0.984913520515344
1.40001400553442	0.650534796584488
-0.298123754561603	0.104313324147521
0.537217870798884	0.230026718412164
1.11314651352602	0.639821499617401
1.81023181981929	2.1750502527942
1.1892751850224	0.840435957857567
-0.723196104158787	0.525817203883057
-0.566907623683281	0.271951796988576
3.57726881742395	1.76601645158811
1.82914503609018	1.3515627444212
-1.531402879766	0.830490230912692
0.718162317484281	0.314837650984302
0.685346954982678	0.229231600279827
-1.11892506826951	0.630161122638829
-0.164787543419359	0.0615641672999575
-0.855896778146532	0.331080896893684
1.07352842776824	0.55311102242893
1.3200901810705	0.770547752541373
0.832176783183551	0.415876110731204
-1.0615597697243	0.341093221319588
0.75015024265563	0.330997756884889
-0.0351596162427046	0.0118223891626266
-0.0979456528722955	0.0408618474270748
1.57847500120828	1.15290195519549
0.942697232120798	0.53287186865392
-0.278972209932268	0.0983420963100997
-0.592014789827412	0.244611180540677
-1.41089196212682	0.525591327452038
0.521803981363103	0.249137557079898
0.367738565152111	0.135619775211831
-1.12679569461061	0.636413081669212
-0.310676490958922	0.109593434041938
0.556634909078263	0.267628921761856
0.683674123427681	0.263110779858389
1.76815621869302	0.737828164391898
0.205631652460235	0.0653601623375486
1.1163167134243	0.642083052027884
1.72795105814345	0.922026593438166
0.679587565764196	0.261501719785076
0.145128410545359	0.0512471330517067
0.965835521974734	0.54872944948494
-1.37691769683573	0.689600565875951
0.73244989600304	0.322340774612908
0.805999666933334	0.447926342506524
0.691179558346598	0.339431996836509
0.934683801572802	0.767783576926549
-0.408646800611804	0.206547837107062
-0.108344376175669	0.0548512594082849
-2.71265658131246	1.80446951017509
0.670708932188477	0.257754358169692
1.35824318524334	0.800482812681006
-1.02962504814194	0.435024287364387
-0.0187813789820975	0.00708179525823579
2.03943500592115	1.23420264662954
-0.263700950187009	0.105300377135687
-0.614613955028982	0.25559153739741
-0.17675850281096	0.0658463143068132
1.38727744289309	0.493135957861707
0.254284235189305	0.0794453940672214
0.846917063103248	0.424062402803857
1.06649239523682	0.751476647700213
1.63135795127711	0.975065496521594
0.380531835156365	0.158438243604334
-0.611911578089381	0.211812947587514
-3.07139247283292	1.23058533678423
1.43698623809556	0.673034306643169
1.3257951875372	0.694240931214613
1.64689176211436	0.986889294335356
-2.21584944415156	0.681305547753399
1.33515549693002	0.700593360263949
0.175124314973247	0.046645304856595
-0.029791076078471	0.0101143267038971
1.02648225244039	0.466555328222043
0.680770536184485	0.227634687282147
0.656666486137064	0.219704410170253
-0.603694746018226	0.250355740376383
0.915267467236802	0.263914073443303
0.640732279367817	0.245667785323919
0.915896900507624	0.51413910887926
0.671783008731121	0.224523528358971
0.519258720562955	0.221793834175879
0.32935887102938	0.136718587059931
0.698663022846403	0.344152952893541
0.745174035589676	0.32831424712088
-1.14646240435908	0.51599820673868
1.03492283100032	0.471396021869253
-0.58445737097657	0.241116218407324
-1.06643917221571	0.57615233225683
-0.888717726439916	0.433373640408378
0.179052502582128	0.0629173978394781
0.543748452649163	0.232876704401223
-2.12362838970209	1.07312232039148
0.524762185987526	0.224445060866979
1.39256483421105	0.495195831360944
-1.1673432419583	0.528204864451838
0.998901782390111	0.451439254621666
0.663822089954424	0.221854620777042
0.897578623663865	0.259675397379677
-1.17606188828722	0.530623142688572
-0.842546802209939	0.325964573640198
0.697851317320155	0.233378401193421
0.680819310444715	0.227748009463594
-0.174470119696654	0.064925152704641
0.534131128795497	0.228560423363622
-0.302676039516398	0.0898858524194861
-1.03100325912146	0.550483002335483
-0.864381804338068	0.335734250586124
0.654331364650838	0.218937091794533
2.10708548807206	1.00948375388976
-0.79863844751673	0.368679995196356
-0.031955753079541	0.0104706971262828
0.159030625272746	0.0562512014139435
-2.71796654684215	0.964927712243291
-2.70163341573963	0.956867155200627
0.667383086866536	0.32574593470041
2.35401161515711	1.26113846740181
1.34361101903768	0.706261356176028
-0.058752196530869	0.019096296674455
-2.70163341573963	0.956867155200627
3.27921340058014	1.46335938453018
-0.632162665545722	0.219170645510441
1.16699739477013	0.747256963415827
0.135956411679636	0.0483919584647512
0.512704862599349	0.218287062829036
-1.67944922352797	0.698436715891815
-0.408361829413181	0.174767070332095
-0.973370523762904	0.497960533242953
-0.554009631260321	0.145198449870715
-0.284718425050904	0.0851722059912993
-2.70163341573963	0.956867155200627
1.08281682152574	0.434190333183245
-0.620258260671896	0.214714395462422
-1.50874971143854	0.812688187733411
-0.603454175906785	0.249213051136292
-0.485005789828978	0.186641789049392
-2.1208158451092	1.06971416429685
-1.86668534261552	0.842420697951641
-1.3516036959195	0.673099348711176
0.362360148763321	0.15018517351611
0.511104157862961	0.243645143927061
-0.715725331312269	0.314387553789048
0.532265158842534	0.254579231279786
1.42389157344334	0.665734056026918
1.74510423425748	0.935047886853401
-0.370414424323306	0.157191385169761
-0.872204152111842	0.337765895088806
-0.0269785726336588	0.00916083061529311
-0.290264244922464	0.086664393151335
0.359966471803361	0.132286889139063
-1.03033693580538	0.433714033110005
-0.854577640629641	0.330664266041841
0.246659544273628	0.0773031373217903
1.33731238646955	0.701634083652426
2.03541883012118	1.23080017221878
-0.626020527548816	0.216821068848502
0.531426450878364	0.227318857118659
-0.314357396024965	0.110744724985416
-4.35080629967963	2.37119350804283
0.844088459387973	0.423282785115862
-1.05217044363485	0.446346495285215
1.00742796601739	0.456519203611046
0.098716554436737	0.038585824539034
-0.629048138466319	0.217732721003063
-1.26425114594748	0.601009282296008
-0.435931331939136	0.194945776146457
-0.618283020082934	0.214212836140942
-0.470328379012487	0.181650970272716
-0.579726666912242	0.238843947261446
1.10087043373876	0.630916519599613
0.209846434073525	0.0843356291790369
-0.0947144780067616	0.0289786970004852
-1.0337630115858	0.436366014303399
-0.149096262988782	0.0557090392344745
-2.45474582854951	1.4144494867771
-0.283699838179084	0.100059666583369
-0.009031262826203	0.00315405597426123
-0.623823862985673	0.314157848149476
-0.588005116451647	0.243120709891713
-0.445374851919078	0.171567321673953
-0.451452662202728	0.172979361319125
-2.12744207239765	1.07166061333784
-0.0911136484595437	0.0280768680198503
1.01694162215078	0.461351454790982
-1.3637014972933	0.679537106651812
0.666133301211789	0.222708402316138
1.20633544968172	0.858944631644597
-0.140215118086988	0.0524388662057099
1.05208037648937	0.5391266804935
-0.553958654260902	0.145182611160989
0.516107136692595	0.246457785045267
0.512875472205232	0.244339005661188
-0.655032303251258	0.226826016758638
1.39455450681893	1.01032069072614
1.35705888260327	0.715351656414894
0.540257746541365	0.231163011760307
-0.483877124366561	0.1873910699715
-0.637831081619722	0.220655555127089
-1.05659799733909	0.339660053110494
1.36551843575092	0.484955838575038
2.91210871999862	1.14894462063688
1.01663730718252	0.461189486022327
-1.36721492483974	0.683670754917031
-0.468156622245249	0.180350208304822
-2.24616351588147	1.17854598818011
0.518925376975125	0.247170177894132
-0.460911338257343	0.207364387706187
-1.02123156375014	0.430445869128672
-1.14726386360857	0.516631875826251
0.723103167221497	0.317287520818566
0.834783214521909	0.417904611936812
1.83187264255342	1.35279868920754
-1.02531434432156	0.433369668401312
0.230992937256442	0.072671397672911
1.97473492818162	1.58924446280354
0.205337666912812	0.102543887600987
0.293589062494425	0.13480653405983
2.51417767415413	2.24057404409642
2.10358507689445	1.00587896541527
-1.40535664263192	0.523201833324806
0.711244910940305	0.429973786956945
1.10704024640222	0.635100900992314
3.57726881742395	1.76601645158811
-0.292562777536825	0.0873256919566233
-1.86692536814844	0.841693204668114
1.00572986951301	0.455423662549695
0.843427865870014	0.422718081182011
-1.15089360370866	0.518695237953755
1.12140341803382	0.645387964575607
0.551918239455537	0.265022854579998
1.0967809621314	0.440573408871857
-0.591360456305385	0.244583320377825
-0.292477981592197	0.0872095058317202
3.85159560405925	2.08890747138194
-0.672221318748481	0.343659460993027
0.22893468950324	0.0721090333031653
1.04359495600939	0.47562727467147
1.56525725051625	1.25690059529225
-0.124214221764043	0.0584653333235524
1.16931203783883	0.680786378545876
0.704882220252525	0.428481650699404
0.253640202638127	0.115794580104624
0.0119728583288915	0.00399550621691853
1.98390049573876	1.598627703872
-0.0997464461857115	0.0412842721503155
-0.0317274126006958	0.0139294044235045
0.54376799762989	0.260991214948786
-2.5005679746528	1.48137430748034
-0.0784301146249083	0.024363750359604
1.60342504763044	0.951888928605214
-1.18206845052437	0.878549262494416
-0.235818388211969	0.0939301159792115
0.865191234383624	0.53634118385154
-0.327627028011727	0.0967912180753638
-1.97818124969835	0.945743685468433
-1.88718892029475	0.854236539835172
-1.27299414506549	0.60482435600089
0.676849732773828	0.226554714812322
0.387077268733206	0.142471906867714
-0.553958654260902	0.145182611160989
-1.06803950864542	0.343420402348576
-0.471699726333624	0.181349749671062
0.185336229200483	0.0489521954549182
-0.86129415700914	0.334030151994315
0.37307007921489	0.137276295741783
0.53215387924935	0.227762002331205
2.92434064150852	1.15557468669485
-0.302068390497158	0.0897869251519847
1.0069254727796	0.455765710727969
1.39743118124806	0.496937284613024
2.38533636033725	1.28561237005996
4.52740517114502	3.15688146965629
2.90827841061733	1.14708003600027
1.42995310156073	0.668663911451575
-0.26148410800074	0.104244880115835
-0.602742332853985	0.208520192393271
1.01660334064073	0.461132111819117
1.36092006431605	0.717914163698357
0.238837799539927	0.0963402559697027
1.0967809621314	0.440573408871857
0.180315924045662	0.0478066702574292
2.10581004156324	1.00804315738564
-0.450518033436868	0.172402807830632
0.791807043686628	0.439589738769559
0.356680852895392	0.147986918741647
-1.52685227254575	0.825679516404351
-0.658331270040108	0.399317609420318
-0.252355486359124	0.100099908475256
0.0591175933446488	0.0255306070530092
-1.40535664263192	0.523201833324806
-1.64799012184993	0.682737411078069
1.31642679823279	0.688060812451417
0.669547790070559	0.223855623975965
1.75477153749148	0.941610978387229
3.52740647084612	2.9928831441354
1.72665749194725	0.514015992250562
-1.1041461522442	0.777983383760309
0.27424160657614	0.139373846023738
-0.22724934214222	0.114767310727746
0.415327125490442	0.217319262626513
0.0731514314219641	0.0354274535295387
-0.799493854222821	0.37025769135523
1.04155697015267	0.729044245796034
1.19822943479764	0.774336630914695
-0.260296474575089	0.10412123236278
2.62810972927898	1.56949873845131
-0.110438648985509	0.0336835419530498
0.00837383705433692	0.00205913444878862
1.33726403438411	0.784440007739054
1.32741853967373	0.77660995148096
2.03984175366364	1.23437511411886
1.3400375660617	0.704081376276147
1.14155591036801	0.660447510922782
-0.0509582452010265	0.0168098864094896
2.90551789185603	1.14556900793857
-1.03885418830688	0.44012726863515
0.666999818185163	0.256299096050301
1.32395774801127	0.692440655890996
-0.0637143087257023	0.0204867749451636
-0.468490162631547	0.180990518019647
0.669547790070559	0.223855623975965
0.519400471794474	0.22163324890911
0.953209018761925	0.539711976898922
0.972066656871563	0.552774326459819
1.63925342749815	0.981283833199556
0.851080372260389	0.427065009340837
-0.366444195504189	0.155667830839914
-0.460199408056381	0.206950828853157
-0.465070479150345	0.179095939602294
-0.449225739242726	0.201495021901296
-1.02789136874601	0.54819524700503
0.753733965399878	0.332763796891236
-0.550459658811646	0.262772379598702
-0.95126716089146	0.975501739956253
-2.15644352509652	1.73976043259436
1.09520115199568	0.626726384907176
0.526088334212019	0.224677224504644
-1.0208852969742	0.430727012957128
-0.291261500485999	0.116451587855865
1.75694714586213	0.732159734378909
-0.147880941870875	0.0556395995465277
-0.315729110423162	0.0936255870733279
-0.0311013545470282	0.00997815262235128
1.07878401387793	0.432142860294847
2.0904766040442	0.998607707037486
-1.03864100510589	0.439069290115785
-0.528262806344158	0.372130704496276
-0.22305231202401	0.0989670773479765
-0.470328379012487	0.181650970272716
-0.5364916559278	0.294614156459708
-0.396179171041378	0.199137312875212
1.17109397433756	0.750494956961134
-0.0284499090253473	0.00895854438819928
-0.716530317680384	0.382825452864781
0.514431434530291	0.219298889312026
-0.629553074151847	0.218136751742271
1.76242152951975	0.946420419170808
0.810654311591612	0.403314564445553
-0.62589967432719	0.216775524965041
2.38511814817332	1.28596893426868
-0.549867958429291	0.262403095752756
2.37600613128154	1.27845150377986
1.07548302483537	0.430882424118786
1.06899168042112	0.55040292082287
2.34189065687463	1.9152629909368
0.541737146313379	0.23198828268983
1.74088699261349	0.931736396172246
-1.0615597697243	0.341093221319588
0.729353397114471	0.445575169300738
2.01712157418052	1.64318995312366
-1.17742212903811	0.532776751509985
0.756921396512624	0.334599717138486
0.669547790070559	0.223855623975965
-1.14646240435908	0.51599820673868
0.225265061354041	0.0710251442631123
-0.140229995542667	0.0525227761354063
-0.274205352763308	0.0969143967984342
-1.06383257360404	0.341981866655656
-0.158876187037377	0.0594276093626119
-0.0354633118386768	0.0132745033074427
1.35320969002402	1.27694222189286
-1.04815053082291	0.562948896891183
1.3457170079041	0.790986770089132
1.60994806911908	0.957554934598843
0.0920090265064684	0.0362032875723652
0.796273386385705	0.394241997926221
0.194631456574091	0.0786780950253665
0.346630365526627	0.127444896785624
2.64981591309696	1.58992556573672
0.753249720085579	0.332267752881209
1.33955655079071	0.70331134229426
-0.091661095064346	0.0283755452071973
0.501763462031315	0.213095504985455
-1.03395571391689	0.435849022418834
2.39775875299794	1.29587052514165
2.67107096333363	1.60990725743811
-0.575959266308268	0.150202913360021
0.635295184348173	0.243271770197768
1.72837150195682	0.922419037748025
-0.599646768500262	0.248141221046444
-0.700652898678095	0.307441779663169
-0.401081713670371	0.250738919130039
-0.385969908914716	0.219454549883431
-1.88216321446144	0.851857393500732
-0.0127615869853323	0.00449290748350957
0.724500275755598	0.439471832690718
-0.000825717807292759	0.000708643999452765
0.147388742225871	0.0520862330154029
1.5258544182199	1.21322373293722
1.33010550299214	0.697143829541214
-1.67090245342283	0.69488094514333
1.87156878771609	1.24811161486939
2.54388598293484	1.89387805304676
-1.51291297196851	0.814783045858777
1.03026201180571	0.468519146014325
0.722688987224187	0.317066004287198
4.90711825515316	3.95932004601998
3.27316965466308	1.45987901225535
0.844990358259855	0.423638977593409
3.1611999268429	2.30664435086162
0.115632746620332	0.0452138709252741
1.07095157017984	0.428818473386194
0.641668446441661	0.245936695224122
0.725612539355069	0.318238994897049
1.43743225930488	0.673289780871548
1.770513002613	0.73911521710779
1.43777745532278	0.673223104825915
-2.71796654684215	0.964927712243291
0.22810763358012	0.0718863917647711
3.26610537788351	1.45572874939348
0.845407516031344	0.424117016926641
0.640767712978212	0.310593454568203
1.21455450043688	1.03682342711915
0.722207385336717	0.316957422153453
1.07696795491234	0.835876351939021
0.860478872687435	0.534253649573159
-1.6857860089315	0.701382250263262
-1.0615597697243	0.341093221319588
-0.266504973043091	0.153112358691106
0.746889760826157	0.456967027569168
0.268754223150912	0.149066593969176
-1.43100651183029	0.534039615665595
2.11678140559235	1.56943905625787
0.179308845424369	0.0475774904674854
0.205561737379768	0.0441838774146192
-1.67366601289234	0.695455511674987
1.02087118003561	0.463619885963511
0.351200184269135	0.129404176551599
3.83631930953674	2.07474114477956
1.0556646700484	0.421702481443309
1.45115090526956	0.680920226159741
1.75931610176333	0.733095429495076
-1.04787978306203	0.705683741504122
0.209859948588401	0.104806523415416
1.17946873364354	0.757217336783701
2.49221409763554	1.83490252224836
0.403752161661316	0.188463437308763
0.791905645925365	0.537931860074604
0.303169753279166	0.154926013177952
0.929418521983286	0.706543730593593
0.653728202210229	0.250621920549968
0.814809039413443	0.405183857680255
1.13300384257977	0.654637298883461
-1.04312612227674	0.442009536355193
0.627170063773446	0.378370302547075
1.56338949233086	1.13356295106739
0.904540747757386	0.62130524106845
0.230286931726793	0.0932360851908507
1.05770911020427	0.543030047366428
1.38693874860014	0.493138548264775
0.653789923460564	0.318577314766322
1.66953007103767	1.60575475639013
2.02240453262013	1.64927356740446
-0.0117508408342421	0.00466236333000656
1.03667655910666	0.529510666778669
-1.67143688416177	0.694495184978113
0.162627154069352	0.0575776140995431
-0.118296189828221	0.0446724151192462
1.63257267418253	0.975597408398541
2.65087626208735	2.54916691591497
2.64838252830344	1.58779091462833
1.57942301638121	1.15013744616505
0.854993114529142	0.429742544058875
1.37979911533033	1.09539724712932
1.3601774663636	1.28238228197064
1.39628336689869	1.01242697440463
-0.710971984074178	0.379693729346557
1.58512342681715	1.16101112178369
1.55579224618924	1.25063639999552
-1.11249901023108	0.625112843756443
0.623116766279671	0.3361593169727
1.79103878221957	1.3088482025112
1.01158097809105	0.637947667715514
0.366489615146215	0.151905435606714
2.00469110823981	1.62600952229889
2.4483134540998	0.840541819013097
2.73259250953635	2.2101452381156
0.662104288548748	0.221469606906969
0.912597447073333	0.263157043298413
0.373805727170179	0.137856575555203
-0.804006202378803	0.373598985544664
0.923316507076849	0.694802092987542
-1.51821268739309	0.819828310439903
-1.28743575072565	0.614437790666542
-0.244340071236652	0.0974470987543219
0.10227378017041	0.0401755888876653
1.49424077161523	1.42270771953602
0.249709474234691	0.114120935876598
1.78330079573586	1.30051616849011
0.852172591719709	0.427779167922536
0.846399410645397	0.424673833379461
1.8849034894141	1.26112978575509
2.05800043687738	1.2499612595431
0.903902103116526	0.736903434909129
0.530257621259043	0.226517631103686
0.614671488968357	0.370145485082253
-0.640763376223757	0.22201723758805
1.38168521565072	0.903924098227037
0.840053781314025	0.517543043282934
-0.685970080092573	0.300761427998109
0.53247317808117	0.255001484949712
0.341859615660194	0.126020130026812
0.674610161922672	0.330626271205434
1.32214153769868	0.691825220143925
-1.40667099750335	0.706613954473677
0.724161100303576	0.318128811350216
1.19762094159667	0.848916668986716
0.912597447073333	0.263157043298413
0.126319273862243	0.0452501222812529
2.92341976375392	1.94566677299553
1.60329005056502	1.06319045847249
1.72209032651756	1.37479042287908
2.10345399541828	1.00651473562839
1.00287832726336	0.454201458610981
1.20362161973575	0.93790149244469
0.225265061354041	0.0710251442631123
0.205203610661722	0.0827071040065145
-2.21003769863351	1.1605612580228
-1.70291559494389	0.710433778086071
0.253024787805674	0.114185364720888
0.171568415188946	0.076334601063903
0.518027396894332	0.221425500153246
-0.140245730695506	0.0527507691278021
0.6597173573151	0.321986372513519
0.678890250859591	0.33241922582679
-0.0827920852698173	0.0257720068288598
1.11258384466378	0.639249323901669
0.216669552420131	0.0682893939160796
0.936075922502992	0.527804984871491
1.08853277222926	0.43672577714773
2.31728236623062	1.88399623817306
1.42995310156073	0.668663911451575
2.0907267463908	1.54042280859438
0.224865135253605	0.0707281274482377
1.01271323848205	0.458880200847508
0.815164875133506	0.607208168385012
-0.0570714492912466	0.0349698828263912
-1.52242514132683	0.824195795361898
-0.181718267242114	0.10557379975805
-2.64398805563671	1.68957976308536
-3.94139013946879	2.00052434630377
-0.542231192408613	0.258323180190979
-0.131447957376036	0.0545671114684531
-0.46809296340861	0.211399090311292
-1.40006092344507	0.520919163563197
0.75696075888498	0.416623383513574
0.395546082088194	0.184602437995436
0.82945279147259	0.621030936630914
-1.04962931247006	0.443875441474279
-0.184724451225218	0.0999199883278414
0.488227839887516	0.207398282296943
0.394483848082073	0.183494351686078
-1.43967211235305	0.53765668132987
0.523168585577829	0.223575187145637
1.73644211815438	0.928493525575939
-0.104137193387523	0.0432746374198147
1.07548302483537	0.430882424118786
-0.639291989533655	0.220817958619277
1.74549051560052	0.934670415377358
0.399817590408949	0.186525184247114
-0.0695271792017146	0.0217698369747818
2.65071290294579	2.55318010642989
1.10598277085689	0.444376130724814
1.61780793505906	1.07606139812366
0.224769937474945	0.0906793799558214
0.731051545614269	0.321681253043039
-0.0106488919042345	0.00407789479215353
1.44226719141262	0.675862488734487
1.02121474788396	0.463461783400736
0.221727556432281	0.069957976083727
0.740213975046896	0.325815203706746
0.911775222202804	0.628176786849133
2.6407650328561	1.58171573895172
-0.135536163992775	0.0558587692294062
0.655328126075118	0.319112095959413
0.162269350160001	0.0576404661053842
-0.314658149771429	0.111152990380976
0.874175020141328	0.54524598971978
-1.17178573358525	0.530939288823633
-0.0344953301920913	0.0108219945259807
1.0542638608458	0.540650545420123
0.169792426830665	0.0754118496631149
1.01928160507245	0.462885495843976
0.170047067709185	0.0598034953662269
-1.04267282718442	0.440318111700211
-0.87141768836008	0.338075635332781
-0.298209899803795	0.0888556079266036
1.33854547575905	0.702549724710297
-1.40882886676364	0.524598158708679
1.7670969374071	0.736975258042291
1.56489980938771	1.02636866987329
0.157581581108027	0.0426992641424185
0.364616357811869	0.134268120360816
1.06499912222052	0.425849705080265
-0.699227561877919	0.307715608557709
0.174889099808041	0.0466011835497983
1.37720610089078	0.4890227456012
-0.358776833450153	0.151843913265279
0.356149806931804	0.147307206834968
0.471267310041944	0.222256826657614
-0.48362631093436	0.184850210157539
0.914619300557244	0.26369561215826
2.08448560220228	0.994743736476529
0.732049917640961	0.322024530815645
1.00361197916689	0.454244270770272
-0.553469808177729	0.313951782348313
-0.493691805102419	0.264880018274297
-0.307669079361502	0.164987115854546
-2.08389432168692	1.60282794803215
0.41892513722029	0.196731494126701
-0.00901301472883188	0.00359637875845275
-1.52406615116589	0.823937284353558
-0.319299909490793	0.112166258025764
-0.793173381901267	0.36733962347608
-0.470700844765668	0.182127234389503
-2.13763437874895	1.08021036654286
-0.298616643706839	0.104945640436104
-0.457999255916371	0.175885205832236
-0.0289407560305277	0.00999631424708451
0.645313055642682	0.349464377809416
0.187516582106475	0.0494383766804619
1.39584504471096	1.11566350561704
1.05832307117081	0.543069273294241
-0.966331684243849	0.492746812842162
0.879681174003971	0.549026634104331
-0.593983117757159	0.286753987521318
-0.703976697480614	0.309434167216126
2.3285181599354	1.89948411221074
0.231066157978782	0.0726082284444526
0.887168373577928	0.555083844427063
2.44567166971443	0.839453219846175
-2.70163341573963	0.956867155200627
-2.22545914320023	1.16874128388487
-1.0208852969742	0.430727012957128
0.527682524508565	0.251567483812707
2.10945501417892	1.00968388924851
0.173652818904611	0.0613803541877263
1.1754469230137	0.75430956720311
1.7393631656509	0.930584637256676
1.02595852526679	0.466281538981569
0.355132080356713	0.147753691097657
0.654209398021155	0.250907487224688
-0.631243479416008	0.218074153245485
-0.139847949432008	0.0519082053467852
-0.388584308805646	0.16521825155044
-0.851683792101146	0.330076596024557
0.382662967795918	0.219021477944061
-0.457643213702446	0.176378693741556
1.0055119873903	0.455585657185216
1.76182548377079	0.735239545395665
-1.06711784760392	0.869847569264898
0.516577998654882	0.220708732326884
-1.04312612227674	0.442009536355193
0.167241394854245	0.0588918902602286
-1.38034935107323	0.692712786176633
0.664361012772054	0.324532319746234
0.223932157824648	0.090145682598347
0.399519640790947	0.18601977471723
-0.596358846841989	0.245951070464434
2.70061573249796	2.16877426215948
-0.545410423652333	0.260032673434451
1.45421223785954	0.683206069696615
-0.682822515534939	0.299025335356942
-0.0838316239969828	0.0256853613088566
0.640783292158946	0.245422565674362
1.32616843252049	0.77559017464802
-0.592615164829816	0.244172758696108
-0.316038097304023	0.110781078329283
0.680868176988487	0.227670739902701
2.26382820521676	1.51356403197507
0.516239226808121	0.219848519871454
2.32207584666483	1.89227395824737
0.725612539355069	0.318238994897049
1.60285413143048	0.95130891890429
2.64167658045706	1.58200939208568
0.236760388577432	0.0742695453338153
1.37720610089078	0.4890227456012
-2.00941388435876	0.967233698928545
0.348681727135299	0.14459340967188
0.380038391098936	0.176561095162542
-0.711597484032877	0.311717865814603
-1.26795101014945	0.604840042008687
-1.42640334462236	0.738107064309645
-1.85963706516492	0.83973566665894
-0.806393363662477	0.374501694304524
1.06938853536468	0.550653464297529
0.102019138247896	0.0492831926777867
-1.36291696138557	0.681041222619021
1.00351564264771	0.453715083199603
1.56185040533351	1.13282375699202
-1.45235315740972	0.755863958887132
-0.589916642989998	0.244239251262002
1.05934507884198	0.544458286892589
1.33052262889383	0.779149039639179
-0.886815424947723	0.431421861137568
0.231393388664617	0.0931532425727041
-3.35723985186942	1.46921686980584
-0.303337801827577	0.106524998237896
0.856135245501527	0.430057572300415
-1.18851091400088	0.538454154280522
-0.726991136644079	0.320011642731553
0.377828789613853	0.157408372293655
-0.600250428121208	0.248367988772002
0.238768470088181	0.0747872586040683
-0.850517061184916	0.328677792011382
-0.583189678820652	0.241035804607791
1.02966423571477	0.468347343924167
-0.643537137564452	0.222919093867084
1.38248601554662	0.491066536373935
1.12074891882632	0.645243316524489
-1.40109811291681	0.52130914324694
1.07711105620935	0.555024157710325
-0.592136303673532	0.244782252479234
-0.450111481810136	0.172302213789908
-2.10576931737962	1.05976215138098
2.09267658374396	0.999843473409221
-3.57779146077189	1.6716096552128
-1.41216828346745	0.526107785802114
-0.281260235296569	0.0842171949240455
0.919980403266708	0.265234439804273
1.4158871541906	0.6605145453688
0.881350058097659	0.551864548736771
-1.65704566887714	0.687537901223576
0.365572467762082	0.151631074851887
0.660458732926317	0.220729206141761
-1.04502503930066	0.560885561191341
-0.450541793422485	0.172968652643593
-1.03445352469919	0.438052276800622
0.625903223304671	0.239298028897498
-0.13988483885847	0.0520204583934842
0.510324556339147	0.242499110282466
1.06648899152029	0.548656122659016
-0.606101834484057	0.250186003003949
-0.719119669515388	0.317421262662387
1.72378059957424	0.919027269631388
-0.0683288340558768	0.0216509268387189
2.07042211692028	2.00322310309549
0.157581581108027	0.0426992641424185
1.00991118402379	0.636514364151949
-0.00291628608274164	0.00151178161168946
-0.591830494108384	0.244809594043866
-0.0175602780038093	0.00612613817426136
0.396647387550307	0.185737307279725
0.494021285151317	0.234148163665668
1.36954532412927	0.808769249485001
-0.468159606736736	0.179878936447228
0.404805960792157	0.210919697693437
-1.05434667090414	0.338781426865916
1.74581938677338	0.726145387504203
0.908975247039869	0.262609818284675
0.222337753373248	0.0699047989989705
1.41477222510256	0.659851303532661
1.75355367060485	0.730143785985324
0.172141930104414	0.0459762515619496
2.38139112802631	1.28265319016193
0.521983093865205	0.248907912883082
-0.290310492721879	0.0866777534551556
1.02564414234091	0.466300464971672
1.03000042636107	0.525405485249542
1.06950553657557	0.427929560998139
-3.07139247283292	1.23058533678423
-0.881585151651312	0.52821209795875
-3.91579930141488	1.99115788331414
-0.597151945641083	0.206494586624071
-0.0175602780038093	0.00612613817426136
-0.276789097823298	0.110649431215368
-0.60316974847444	0.248736889114497
-0.809563484995021	0.374775480598124
-0.806393363662477	0.374501694304524
0.102937661824198	0.0402149660022228
-1.67413235536114	0.696095219110278
0.382261142330634	0.140738820361901
-1.04447198166823	0.560477077878148
1.00182033971264	0.453315721776276
1.72834631728713	0.922754546204933
0.348494462212011	0.128273944673115
0.665085608015705	0.325264459936678
0.174672193536142	0.0776774940571971
-0.281307368218551	0.0842040521781391
-1.51390478195256	0.816746533557613
-0.456328229475474	0.1757525522948
1.37543780329452	0.488077804570456
-1.19612922969249	0.542402234019228
0.733113886311273	0.32260469264541
-0.899597149013026	0.438770677983838
-1.05859667935548	0.449201909382218
0.816888694962595	0.406068387884204
1.39855384088426	0.650369589946179
-0.0844453170030969	0.0260125596957284
1.33770780578989	0.701979381802701
0.548292420497379	0.235101338414397
1.39761835210922	0.918582775447731
0.680819310444715	0.227748009463594
-1.84142427080935	0.827719614988648
-3.60386496000848	1.68565577778106
-1.1432287604972	0.513970516080057
1.07880352632421	0.55631933481608
-1.04312612227674	0.442009536355193
-0.167396295906969	0.0621511487334933
-0.535859647404688	0.254582072394218
-0.582453646475557	0.240169613815444
-0.881420493595325	0.341971291879533
-0.13074744750818	0.0489910501639698
0.533952071183386	0.256123763363248
1.53026420474296	1.21883297541552
-1.65150891434616	0.684638876104635
-1.35189587010315	0.672302184910733
-0.690965288642336	0.302139152873256
-1.30637381500041	0.625020285034847
2.67594905045853	1.61420586851953
-1.28486033049846	0.61294203164837
1.33536432298985	0.782777893093592
-1.42412020978505	0.530986178372807
1.38590486031312	0.908277643359977
0.527584643267927	0.225517883895964
-0.480910495731661	0.185640616948382
1.02142384647347	0.463711670777616
1.59700894593165	1.16865299811412
-1.03426404979435	0.436014700356943
1.06849975010607	0.550101458149308
-0.298209899803795	0.0888556079266036
1.73274967869533	0.925862467662333
0.818355861709411	0.407469612375341
-0.596831922330038	0.24753221693314
-1.87456471398447	0.847715102682779
0.364954516570863	0.151482588137642
-1.19402083201858	0.708262390022917
0.352731935985207	0.146202706170342
-1.51004611067407	0.813414634978934
1.08708910830076	0.435939593229012
0.222746898166708	0.0702142115346211
-0.153335245156283	0.0569620474671185
1.64635736355995	0.987296579807346
1.39258193627448	0.495197582069264
0.833754506034166	0.417256395672779
1.07686161158174	0.43148849595661
-0.284672165916858	0.0851588772871711
0.150654051425515	0.0536859248696553
1.38427899058231	0.491766401647725
1.32994831324982	0.697280074377825
1.33700795741523	0.783873107757486
1.31726022736276	0.688239256617676
-1.8545039424069	0.836686070456027
0.358509430322504	0.166114670022467
-0.981046830536283	0.503086673377199
1.37868865762112	0.993414086363761
-1.40664072061403	0.523833363794703
-1.53262874280219	0.829852139632489
0.355369906757063	0.147775902767472
-0.6973126743314	0.305670415157976
-1.5078778016813	0.812650797440525
-0.059226057865712	0.018837127828241
-0.29578813560486	0.0882116684839374
-0.602174890293292	0.248890903121541
0.648956235283386	0.248762271034151
-0.117415409388798	0.0354681193850969
1.40276034595944	0.499015152970679
-1.20557694447594	0.547599617032211
0.140038577779647	0.0498153872522602
-1.66475403793915	0.691346158978942
-1.65150891434616	0.684638876104635
-3.9018934008868	1.98052125261528
-3.79927902564095	1.86445522706659
-0.628341600963117	0.217279628429148
-0.575959266308268	0.150202913360021
0.672105543428828	0.328416639530586
2.02298597324799	1.21986264237927
-0.554009631260321	0.145198449870715
1.07766968798574	0.431592807126866
1.01746662381543	0.461460406256723
0.222746898166708	0.0702142115346211
0.377874459028099	0.138925961016406
1.3899474343491	0.49452024011659
-1.6710962626802	0.694929411934031
1.73183415195173	0.718978299420286
-0.563224434073156	0.1470595732283
-0.889473333957142	0.344729319533041
-1.43967211235305	0.53765668132987
-0.86623399740713	0.335839414571421
0.172141930104414	0.0459762515619496
0.155639604400705	0.0552306532844069
-0.444198173449111	0.19900908652952
-3.38771608511228	1.4875101742467
-0.0274948890918667	0.00877419046169077
-1.86592910196544	0.842628999385783
-3.61947279340599	1.6953687022148
1.01663730718252	0.461189486022327
0.177324465825582	0.0471342222202081
-0.718818070725058	0.316478360028057
0.523478976583513	0.22354149970119
-1.39771197883631	0.519898839391122
-0.0182915169686462	0.00629119207554979
-0.563224434073156	0.1470595732283
1.0412395648047	0.532590195353739
-1.42987043721697	0.533700849096348
-1.65928188300209	0.68850398687338
0.098602487399956	0.0388584369329933
0.540447563941441	0.258608281698624
0.338662132663696	0.124808312582496
-1.65981160581395	0.689135823128313
1.59495412896963	1.05489840898573
-0.316296863137473	0.0936455793109416
-2.01401991284485	0.969310089608245
2.65398355498806	1.5929084835267
-0.284718425050904	0.0851722059912993
1.7944545768415	1.31372055415353
0.184053201722767	0.0818010660990855
-1.46556636079729	0.39889055417079
2.63235056580809	1.57390022361471
0.713948521851092	0.313034106365434
1.05334411676972	0.420670006057373
1.08708910830076	0.435939593229012
1.74727066667551	0.727243316298516
2.92442907579133	1.15555204884472
-0.0727903319588328	0.0231123345411712
-0.331655043466103	0.116392165795637
1.07699283702007	0.431547326736288
-0.279103788614289	0.0836339313174652
2.10064740625575	1.00453372388089
-2.21584944415156	0.681305547753399
-1.06079889831805	0.341092805238213
-0.457643213702446	0.176378693741556
0.746401363471419	0.409117552495973
-0.301005465435483	0.10627818094681
-0.838704793087215	0.324208453999778
1.73952081122831	0.723475857850905
0.663336852365455	0.221861994107979
-0.873885995675416	0.339055773708444
-0.294083665185398	0.103198332152618
-3.95569174985642	2.00822766344609
0.540412945504912	0.259083693680509
1.01881452248193	0.462939037880995
2.91488688463889	1.15100414083562
0.217103128001417	0.0684755622125145
0.209261447117814	0.0843228474499355
1.32362365625639	0.692140323276697
-0.870692413677858	0.422497745579741
-0.298979323274173	0.140914733790558
0.34446546620173	0.158644484804611
-0.462434789412538	0.208233418993856
-0.608998144502398	0.252160232100765
0.642015828639882	0.347512362453432
-0.699097801589857	0.305952742123503
-0.129131460742152	0.0482833669346957
-0.954411827840285	0.485176675089935
-1.61396445691926	0.912512547070964
0.24231079990204	0.0758656666474767
0.394720220487865	0.184772466104484
1.72664583622157	0.514027439791968
0.143303819000885	0.051377233708003
1.61967732922127	0.964863817038671
-1.3649105010693	0.68264559814141
0.673531343998469	0.329710915237525
2.91771648568221	1.15252312484676
-2.0003038660311	0.960555180797388
0.889160603993158	0.555924526980107
-0.623912429413464	0.216071538242249
-1.06394273062867	0.342144349797171
-0.0625801216561574	0.0202003096297817
-0.148267466449382	0.0547221955788702
0.856984416466401	0.43100403721528
2.01773333674865	1.21569996820944
2.09394852086626	1.54306576368276
-0.161174255918223	0.0599481926347018
-0.252755567968936	0.100929790480504
-1.14363411704929	0.514475009927376
-0.235007654798907	0.104506704197623
-1.04519399418755	0.442727560456844
0.915267467236802	0.263914073443303
-1.14563046263108	0.65124665845151
-1.81997219798612	1.17075438404807
-0.825605289563171	0.383926475468228
-2.0003038660311	0.960555180797388
-0.782841572300649	0.361582466759048
0.990440792710184	0.447118894433463
0.0149405319771597	0.00510585225823192
-0.453457633461058	0.174929807733594
-0.124230908653266	0.0515258356840849
0.652524502899864	0.218567307641836
1.36888265132558	0.891984360460917
1.58206914787293	1.27515860797333
2.08379833001382	0.994842104592303
1.06501347747391	0.547376315718342
0.521650391659711	0.248727827249826
-0.145926510726669	0.0535300680709627
1.38521663848646	0.907238780031651
1.07050530513061	0.826538054993096
1.06157099514437	0.545204848919457
0.849937106429958	0.426544252767799
0.691179558346598	0.339431996836509
-2.30348252110446	1.24660219220791
-0.280789407891444	0.112721868610062
-0.851192534906689	0.329584023645767
1.21584834842915	0.948313394482979
-0.161101405299295	0.0597093185551181
-1.28813104133576	0.61645774752064
0.718624773832492	0.31504083816479
0.476545677621941	0.27969231240425
0.785662778763952	0.434414813147146
-1.67090245342283	0.69488094514333
-0.275687060281398	0.0826939690244633
1.01562602742506	0.460628178153459
1.16466091283981	0.743149853889068
1.90404990041595	1.27901658705426
0.355734258306152	0.131087632084659
-0.167396295906969	0.0621511487334933
2.08085527180981	1.52913614523981
1.99944444034146	1.19985706246768
3.5815848695224	1.76743794322059
1.57501274773019	1.03645555513796
0.3625782931363	0.133735746631062
0.490529481042068	0.207777968352162
1.32398893175648	1.03539963400874
-0.646442340753744	0.224045316425356
-0.00226467310262027	0.00104541197474926
1.7595344337619	1.41677765402039
0.3706733316407	0.172341156081744
0.171207965566124	0.075887709507294
0.365709660395629	0.15163099969792
1.40130010868762	1.01726936651749
1.06144052267681	0.54482338812832
0.156138074702057	0.0699530038568024
1.22371568506893	1.13818357960624
2.64987412911085	1.58993265442369
-2.36369357639325	1.3180245375855
0.539652084241088	0.258293526389743
0.740277116655734	0.325918558271383
-0.15187957160253	0.0569318934354071
-1.26998365482212	0.602734733720217
0.365159471502196	0.134309855814033
-0.124020897232425	0.0465419575152364
-0.14340690245074	0.0539537298117782
0.092673601024931	0.036466955650715
-1.04293132671314	0.439457706551468
-1.45657044695396	0.759712396682441
1.78853710567805	0.747959852888994
-1.67399398945993	0.69614549379482
1.4144254376976	0.659545978522332
-0.646442340753744	0.224045316425356
-1.05646570561747	0.339422980870141
0.231066157978782	0.0726082284444526
-0.281307368218551	0.0842040521781391
-3.58793056954311	1.67700708489895
-0.617663526247106	0.213822810069478
-0.569836236427639	0.149089357519807
0.205561737379768	0.0441838774146192
-1.16772117212957	0.528433678686815
-1.6710962626802	0.694929411934031
-0.370472694254227	0.157785202301495
-0.860850780979142	0.332981387688055
-1.66475403793915	0.691346158978942
-2.00941388435876	0.967233698928545
-1.876035282216	0.847801180207206
-1.46387874330942	0.76385078459234
-0.309163077840773	0.108111957417799
-2.84456048490426	2.05725048426908
-0.847205246187302	0.327769020292819
-2.2983577232906	1.24468380291564
-1.86432991576598	0.84078459250962
-1.38034935107323	0.692712786176633
-0.266291077307751	0.0940798779623884
0.222113032235931	0.0899717405422729
0.674607750377633	0.225649879535187
0.742445283153933	0.327394272572276
0.000531751528571989	0.000366401552031712
-1.26425114594748	0.601009282296008
0.00101943222608946	0.000348108535715132
-0.0237317538585656	0.00795358674402414
-4.05751101265233	2.10971938847845
-0.772535803559987	0.355690589199552
0.304657081894462	0.13945473150753
-0.236113151783752	0.105034484145665
-1.52754229348072	0.827298776539567
-0.484686658363343	0.186872323802465
1.13529683328386	0.656354499623947
-0.142469134863242	0.0529457902455151
0.94457556343558	0.534325459437522
0.634668312809639	0.242729741516282
-0.293710157801047	0.0875871176611121
0.326215460279928	0.135310393541327
0.155927635653844	0.0550166944644401
0.66631000716508	0.325429597347531
-0.0818171116620053	0.0257049775320383
1.60414287089794	1.06299368343034
1.09496280779904	0.6261762929791
0.854456280290848	0.428908691807891
-1.39771197883631	0.519898839391122
1.32401148865456	0.69239764135541
0.518810697414294	0.246893342814761
-0.644047028437383	0.22212649352071
0.896421076870106	0.614786426623659
0.037993865347348	0.0190402684706632
-0.26017112745084	0.104024923391377
-0.699030703399877	0.307436664758915
1.11080837304818	0.637974562609024
0.164045295278846	0.0577846102029986
0.179308845424369	0.0475774904674854
0.159658542197875	0.0563224004518701
1.03472982004065	0.52832493577274
-0.879406969451695	0.342041104771674
1.75068365698165	0.729500594274904
3.28331781088139	1.4653642289376
0.214114052770545	0.0677903339911132
0.162442133524232	0.0437962799435881
0.144706532663459	0.0510405433102493
1.05870485065886	0.423359282622563
-0.298054505825088	0.104604562372436
2.06858110116839	0.9841396878914
0.341755673415281	0.12566618901038
2.90686821514521	2.54602525353231
-1.44741378061775	0.751822906598093
-1.07347732586817	0.345521195851013
-0.468156622245249	0.180350208304822
0.984429031330472	0.444299129034089
0.833435864332992	0.416684846615218
2.01640664379607	1.6387377905057
-0.305537092046169	0.107879751905814
1.37955068938744	0.902643062288864
0.676142808895879	0.259893176607517
0.5042086368787	0.296641631682069
1.79006002522022	1.45655190101652
0.346329329835192	0.127333768054415
-0.16120200544664	0.0606588163090289
1.74870098934413	0.936624320396921
0.513556840639873	0.218867520087758
1.38341929175012	0.996817321507045
-0.0637143087257023	0.0204867749451636
-0.00548638082453522	0.00155577345493489
0.865372410479764	0.435813470579389
-1.12456708306502	0.634363753653005
-1.85165382384522	0.834093970321156
-3.5732102037387	1.66758708085365
0.675156152037975	0.22565754625012
0.252055660484747	0.101848651055756
-0.0655730178735138	0.0206149124558307
2.0705747055511	0.986092746616335
0.0111190961731682	0.00339811249106228
-1.39771197883631	0.519898839391122
0.526608474174455	0.225128985085319
-1.85563347197228	0.836665328225468
-1.0513489862808	0.337847138889591
0.252178896211674	0.0788385113424885
-0.663809667813256	0.229987410338286
-1.16651480464371	0.527968781435799
-1.16817419488408	0.525428457952823
-4.09522545078411	2.12087781822467
-1.4480452837319	0.752233921917209
0.668919188286892	0.223843463548526
-2.00962563683429	0.966143278449327
-1.04053562287248	0.44029287841416
-1.368593018394	0.681236144864049
-2.29366848409463	1.24110367622418
-1.05777042850809	0.34014254796271
-2.00959649123185	0.964423537485805
-0.558348061499499	0.146135797280242
-1.84188030534642	0.828586869594206
-2.22118471088201	1.16286754872437
-0.626908487726377	0.217003652695475
1.3801874459795	0.490172173913112
0.148352553578457	0.0531027672124979
-0.289450671784187	0.101726570741145
-0.828466408485258	0.319730733551278
-0.0696825216700305	0.0219948754416967
-3.34633385192973	1.46318397472514
-1.34533313026155	0.668640365102767
-1.0764473812127	0.346245967591191
0.156474211610802	0.0550334161234117
-0.649230689026155	0.225009014571457
1.32362365625639	0.692140323276697
-0.593166567583999	0.243769852324657
-1.2684021928533	0.605139165704166
-1.45210117945425	0.754574266054793
-0.876435917588865	0.340497318480006
-1.85077586851557	0.834046338619485
-0.298307074511434	0.104833612540969
-1.02962504814194	0.435024287364387
-1.07000903798097	0.578622811854138
-1.41442295489656	0.52678718501225
-0.159364474468195	0.0596912301192124
0.970655673102433	0.436604730881311
-1.16708046458112	0.526732682682168
0.673358467530757	0.329595618756159
1.01132274936428	0.458483131452001
0.664759204224187	0.363106436378539
0.924469195483338	0.266423091240108
1.98620511548464	1.18806755938678
-0.544776174275817	0.259637645601334
-0.873455074352349	0.338807918158856
1.0894319220656	0.562549194114817
-1.69151344491481	0.704481627163628
-0.836329112381941	0.323167155011139
0.533873330610682	0.228622918833788
-0.142165231850222	0.0529305278629817
-0.467631810335929	0.179666528934823
1.01756652258636	0.516869482192523
0.0746712769127037	0.0301385805576947
0.683042523889567	0.228414048266896
-0.571538969396222	0.149182553096798
0.374051652873865	0.137763701923946
1.13056755853364	0.652264245108705
-0.0677606415142853	0.0216578696632092
-0.00651874386389773	0.00248426811457024
0.350805048161169	0.129582228092715
-2.11423887980049	1.06554496584996
0.714756385826498	0.313410744454954
-1.02961596119249	0.435123265626987
1.93558310274056	1.72303860486695
-0.276850442801852	0.0973485329046311
0.857242244262825	0.43123203950363
1.42824066057714	0.667886456600448
1.07654286608265	0.431093031201469
1.09429844663075	0.439203594030748
-1.85935128922171	0.839240301476857
0.726761378706693	0.319116752969358
-0.323492672256655	0.114038121434716
0.00721766669770934	0.00229502045026954
-0.302038032953891	0.0897136938371857
1.07302139668997	0.429679533268468
0.664229390792417	0.221891790168857
-2.00043998215387	0.959388875347669
1.3899474343491	0.49452024011659
-0.291692568978632	0.102775106480305
0.728633870618016	0.320467329986279
-0.0766106949079694	0.0242313820543097
-0.47276935202267	0.183066555305957
1.08243041392435	0.433808481076357
0.160668009993895	0.0713971865088392
2.00861472445565	1.2073046484866
0.0758094630630855	0.030248622295398
-0.459293931754733	0.177393964298322
-0.602742332853985	0.208520192393271
0.660544479274765	0.322355117032155
-4.05038082795765	2.1055872639963
-0.278664738707574	0.0981942554183643
1.31960885334457	0.689243740619129
-0.688204393606756	0.301311907337226
-1.03048593210153	0.434808799116493
1.9437995783249	1.73262171682666
0.141840648052649	0.0503207411648939
-0.102269619642397	0.0426098391037335
0.24043151093131	0.0753310477210604
0.175124314973247	0.046645304856595
0.180096977611431	0.0477470127508601
-1.0349152842375	0.437979365409546
-1.06117680724582	0.45073015840509
-3.37702330182099	1.48164750298755
-2.11845068397396	1.06740513930442
0.246400328644777	0.0771848758564582
-1.47304942425709	0.767211438121835
-0.480184977185541	0.186102527867713
-0.091661095064346	0.0283755452071973
-1.26827179231174	0.603442135066734
-2.70586409134541	0.958513971894066
-1.05357102754035	0.33871174915923
-0.29916210589239	0.105043446391581
-2.21584944415156	0.681305547753399
-1.27292028077075	0.605806636064908
0.199660581380647	0.0433122758858595
0.210213302156482	0.0666971912617028
-1.04312612227674	0.442009536355193
-2.70937242333718	0.961490597147355
-0.858351627384274	0.332468618679276
-1.05646570561747	0.339422980870141
-3.57779146077189	1.6716096552128
-1.15795479305164	0.522238332018788
-1.4241676440855	0.531006966669585
-2.70163341573963	0.956867155200627
-2.01217197468713	0.966572354401706
0.908975247039869	0.262609818284675
-0.284718425050904	0.0851722059912993
0.231367461653548	0.0728941909929277
-1.41645084217475	0.527905262240427
-1.27794363621768	0.606321506213978
-1.40002903752444	0.520906482245951
1.72664583622157	0.514027439791968
-0.573230615455185	0.236314635350957
-0.870512252062258	0.338108052234505
-0.0771914991834049	0.0242204291315956
-0.785238178168664	0.362297414956272
-0.64916623252563	0.225099805548851
-3.08144606191826	1.23482889549986
-1.06695223882153	0.343090364543094
-3.57876744303406	1.67190537181335
-0.554009631260321	0.145198449870715
-1.42190774093749	0.530187919681717
-0.068545301146485	0.021714067267158
-1.42987043721697	0.533700849096348
0.231117956713234	0.0727088244452258
-1.05139365222271	0.337625068809831
-3.37144966852217	1.47840697258147
-1.65722859903989	0.687328017774301
3.27619497272584	1.46229178166629
0.182273477751123	0.0405997709363184
-0.298807819072265	0.0889558819091486
0.182309601441683	0.048270223246002
-1.16579438956838	0.525262619541787
-1.17721873371902	0.531091220631961
-1.86297908124075	0.84002113638466
0.208130289751052	0.0445612068776082
0.652144276386616	0.218007688159233
-1.02069861936725	0.430330374909863
-0.614489380258167	0.255216641768045
-0.47029079499865	0.181842227267725
-0.843368385765138	0.326010878187063
-1.04623082826136	0.336174901762473
-1.41345923163514	0.526591602813947
-1.40535664263192	0.523201833324806
0.908148649268101	0.26198445808125
0.736190815267467	0.323965896236265
-3.59658273310522	1.68296343492515
-0.315008208577002	0.111447763795451
-1.16077142697998	0.524741587399042
-1.05132890273208	0.337837283120436
-1.03594466955435	0.43663640734057
-0.87005150582828	0.3376097166185
-1.0387484107442	0.439161208962674
0.919086224093982	0.264875597201778
0.372508308054209	0.137041748196691
-0.621213204796868	0.215048806321663
-0.562262366874053	0.147296690051847
-0.290264244922464	0.086664393151335
-3.35330923388312	1.4673820785091
-2.69742047364421	0.954793958704405
0.734076447157006	0.322594536869492
-3.35723985186942	1.46921686980584
-1.06383257360404	0.341981866655656
-1.16062651527846	0.523938929012899
0.915318019020568	0.263922623604752
2.45176958518949	0.841449769742287
1.07901617921969	0.432453714070198
-0.853952333084954	0.330432854526755
0.182327940194625	0.0482741151528399
0.180334652339367	0.0478106473797875
-2.20774410875569	0.677401665515386
2.43961622041387	0.836769184993985
0.166936128032523	0.0447866169980702
-0.877124872004767	0.340129660043125
0.677093528928553	0.260225430030844
-0.646117790074731	0.22352674591011
-0.856131213681077	0.331793339054229
-0.0974123233121685	0.0299921712905463
-0.285467979219997	0.100287342037554
-0.55888165037327	0.146019049191659
-0.640289500497846	0.221673067164113
1.0967809621314	0.440573408871857
0.686536055887006	0.229501764539986
-1.02962504814194	0.435024287364387
2.10204478260656	1.00634877322488
-0.842546802209939	0.325964573640198
0.371895474708207	0.154678047086998
1.07001627797853	0.428399946076085
-0.003984815535451	0.00195941007110619
-0.825803660204763	0.38496182135064
-1.68251786490918	0.700466142537837
-0.28454186019122	0.10012621490771
-0.855500553247591	0.33075172294602
-1.98741311714981	0.952248785344521
-1.40002903752444	0.520906482245951
-1.41775409261883	0.528669717214252
-0.623268785379121	0.313873819456145
-2.70163341573963	0.956867155200627
-0.319180057313635	0.112612998162219
1.07914588426441	0.432705181035229
0.679653114219625	0.227181883175313
2.10956827614514	1.56175325634603
-1.0208852969742	0.430727012957128
-0.0832058919921958	0.0260541980313706
1.40041350245505	0.497798298560964
2.89896851317136	1.14156400888801
-1.00770004799898	0.423826961579114
-0.29578813560486	0.0882116684839374
0.908924422609946	0.262601169518593
0.722300022132538	0.31687429850319
-0.480184977185541	0.186102527867713
-0.843583853514158	0.325988581121757
-0.0725807930709564	0.023050966952129
-0.286940431421599	0.0857759418120604
1.770513002613	0.73911521710779
0.172141930104414	0.0459762515619496
2.39744928028882	1.29540670209083
-2.31783610164439	1.26077431139505
-0.168808228129874	0.0632761438613382
-0.845220217453196	0.327295567015593
-0.55888165037327	0.146019049191659
0.911609804248397	0.263272701029936
0.216669552420131	0.0682893939160796
-1.84054451583609	0.827909759850961
-1.06105519019154	0.450158879370872
-1.04503749144515	0.442531147710427
-0.307774197479135	0.0913628677098564
-1.17408284341323	0.530198845006683
0.214648153444426	0.0862785292985194
-2.72606985222524	0.970931640705507
-0.0923065151063074	0.0283767418645853
-0.866072035581276	0.335093093128701
-0.163058323395872	0.0611097433304882
-1.38897834144731	0.51599594644118
0.174906014150012	0.0466047565088505
1.57234077928866	1.14407310852045
0.196315155888877	0.0427978646049216
-0.593619938921961	0.245580012042985
-0.855505564622905	0.331836356660479
-0.887339788877888	0.343767893817675
-2.69742047364421	0.954793958704405
1.07666701712925	0.431341675580183
-2.1351251594741	1.08036172184111
0.761829662543791	0.417988650166547
-3.08287457001156	1.23738928091231
0.705137022581285	0.308449610311346
1.39967492303827	0.919822228073968
-1.05357102754035	0.33871174915923
1.74877942135181	0.937650470562378
-0.787326966589348	0.363064999583923
0.66287742456013	0.36072335253729
-0.297745227366455	0.088703707435214
-0.623891435697114	0.216208645967243
-1.67729909173648	0.697440455542115
0.360717031990491	0.132703703286766
-0.294085600751134	0.0875804248732261
0.243517864394715	0.0763949855227103
-0.29578813560486	0.0882116684839374
1.09026548348462	0.623142461201641
0.367959810383586	0.135467826656906
1.05277217089369	0.420479462515231
-0.859221162320494	0.333482288303427
-2.72585893822223	0.969524600219644
0.190551949951808	0.0501236937756434
0.699387458012357	0.421433203535582
-0.334412365454389	0.116625448117772
0.683042523889567	0.228414048266896
-0.626555691776872	0.217167560602821
1.00760456844882	0.456293012947051
-0.561892002416949	0.269107045132778
0.326823271732676	0.120595132002855
0.182327940194625	0.0482741151528399
-0.00296210950129148	0.00136821613839937
-0.153748855627851	0.0572197097418798
0.351496959585546	0.129267936972337
1.02935166329521	0.468184956400046
1.38727744289309	0.493135957861707
-1.86449010635114	0.842363905717649
1.72402871819241	0.513373825324747
0.321994010448573	0.133266036276818
-0.262955030746619	0.104641948778009
-0.288014300882873	0.101641718021169
-1.40325859652233	0.522285930698835
2.09854407465172	1.00363736255297
2.3893556732446	1.28808002121654
2.91210871999862	1.14894462063688
0.24243225341768	0.0759022527916872
0.64469482448947	0.215866334822029
1.36013477804099	0.802236975960414
3.26608991492401	1.45573646702542
3.27318434966019	1.45987088217078
-0.866072035581276	0.335093093128701
0.906151326926563	0.261259737108879
0.272628810671295	0.124668678701847
1.36143250242505	0.802619568244834
2.72591971920418	2.20368923026048
-0.465254164966392	0.178238576256615
0.151682920944117	0.0537450288593787
1.0907534809609	0.43757620666106
0.122711269753623	0.0440703767511688
2.03265090793616	1.22860665548007
-1.04492031366898	0.442178439428215
0.217215569064721	0.0876544818778449
0.850858772844538	0.42716215796745
0.65837209287515	0.321541458821669
1.75489483340882	0.941330511455908
0.225226308169748	0.0908552823954236
-1.04296536083741	0.441463257463797
-0.0152166804493077	0.00547756725338589
0.224201690488608	0.090641609043552
-1.85422575938199	0.835931006512776
1.42935665746756	0.668178857658321
1.39301460008118	1.00692698644865
-0.578312803631258	0.238514856132395
1.41845418922839	0.662276217205045
-1.41562669324815	0.527684733113059
-1.4575101802223	0.758977858636423
1.634131188169	0.977454715388119
0.173325203557477	0.0705401917628287
-1.18073991634991	0.535004289959838
0.24231079990204	0.0758656666474767
1.59912521496824	0.948420293504969
-1.2819619495951	0.613939873147547
-0.302194401361676	0.0898991994770611
-0.566710995629722	0.148320946109448
-0.704066304250849	0.309193538152288
0.175124314973247	0.046645304856595
-1.0615597697243	0.341093221319588
-1.42899770304858	0.53331766865906
0.92457006190404	0.266440401880801
-1.68271183433116	0.700013790007125
-1.52275342888246	0.822754518666948
0.210979022814743	0.0666477112979568
-0.0718368332577771	0.0225063146770119
-0.0725807930709564	0.023050966952129
-1.27446725360788	0.608403762997214
0.175124314973247	0.046645304856595
-1.15635839402169	0.520768584523843
-0.620238466663605	0.214851762811727
-1.86193622592996	0.840039704747625
-3.93341454772158	1.99676941502333
-1.65150891434616	0.684638876104635
0.14144766316589	0.050187011006094
-0.30422727750099	0.106350687327125
-1.83544862707495	0.824626332183979
-0.818041521953036	0.380698002648745
0.730164931178956	0.321011028270188
-0.865586553886487	0.334978885127012
-0.307819054596212	0.0914527699091275
-0.278237569121351	0.1114625143724
-0.850355930276253	0.32959882944886
1.03026201180571	0.468519146014325
0.368157815644971	0.135282792049881
-1.28168231177463	0.613137651292619
0.679138829517389	0.227225806250618
0.193581069758411	0.0778313925899362
-0.0142850894323113	0.00482246751253376
0.182273477751123	0.0405997709363184
1.07626125737755	0.431473543148338
-1.04053562287248	0.44029287841416
1.37603805271859	0.813299398815521
-0.608118666957086	0.252926073326413
0.641656154715819	0.311724112363104
2.66680131606859	1.60525838407197
-1.40325859652233	0.522285930698835
2.38511814817332	1.28596893426868
-0.631963936039466	0.218604601638107
1.8811070200911	1.25674968164747
1.01473098087873	0.642771210065945
-0.149695991225515	0.0562906748673132
-0.264776582118145	0.105775978754674
-1.06553057978789	0.45174446059823
0.162330307954391	0.058157874649826
1.50334279196928	1.30647939236339
0.920530209521777	0.516545369810282
-0.0901799793058443	0.02776679020067
0.53882090454499	0.258726007340099
-1.02590046752297	0.433524034132182
2.38533636033725	1.28561237005996
-0.608053670123649	0.252648585292688
0.525835279711738	0.251084914813925
0.368157815644971	0.135282792049881
1.71912851706839	0.916077139296786
-1.66279657880004	0.690412504342113
0.0867961176835183	0.034283064014964
0.219858915413248	0.0694321986796394
1.07017185895593	0.551086978430232
0.642090206723468	0.246340501478741
0.380568554022058	0.140377592191827
0.240887683696041	0.0755021988315007
2.39269390666486	1.2918935001636
1.34051075562254	0.868095622719982
1.39750044977691	0.917675727548521
0.2182822593539	0.0880619964371456
2.74724780198708	2.23115586191679
-0.570341320401528	0.235200410243289
1.43743225930488	0.673289780871548
-3.36834341896617	1.47636636752499
1.30721883367191	0.681258122150243
-0.105748762206786	0.032471383284579
-0.324739062677297	0.0960191293595516
0.53899361471684	0.230775025436876
0.755130897017882	0.333783315812981
-1.41645084217475	0.527905262240427
-0.354602524816019	0.150386507174221
1.08708910830076	0.435939593229012
1.34475975859112	0.871912896620414
2.47463117927412	2.18777479553075
1.20610036816815	0.9421260276509
2.08244330412006	0.993420529815253
1.32066592906695	0.690475957973785
1.3400375660617	0.704081376276147
0.335987231357901	0.139676777378798
1.35804969477462	0.800236271385562
3.15749979559202	2.30101230657003
-1.0411155019997	0.334366938978704
-2.70163341573963	0.956867155200627
-0.143618014160636	0.0536677447857949
0.724362126018636	0.318214732698634
-3.07868138305069	1.23522198167588
-1.41287505107273	0.52616520583017
0.236760388577432	0.0742695453338153
-0.609041337299214	0.210821100090729
-0.305520494802094	0.107134189385744
-0.0735236518780144	0.0231174286644994
-3.94573723211619	2.00476280357158
0.906151326926563	0.261259737108879
0.518070417217107	0.220764457948603
-1.0411155019997	0.334366938978704
0.233508370430178	0.0733160014702373
-1.44186940521043	0.538469533817902
-0.0387999125903844	0.0121496498389081
2.45176958518949	0.841449769742287
0.764364168912365	0.337999617918823
-0.100866404805884	0.0304149153380693
-3.06142327849064	1.22511692748265
0.137952302996773	0.0497128033798705
-3.59555613615216	1.68300555028358
0.208088282973525	0.044554233682967
-1.37263307816303	0.68377021933749
0.250596382422263	0.0783154809169861
-0.0702361253052058	0.0219183066367885
-3.60021689403065	1.68499511630741
-1.06394273062867	0.342144349797171
-0.565792896306785	0.233018697355037
-0.45680988964505	0.176040549048065
0.999400624611899	0.451846759897333
-2.11793525085569	1.06434560861521
-1.42336384309457	0.531065517704682
0.340267030902165	0.141623553354856
-1.46556636079729	0.39889055417079
0.53372992175152	0.228541788790128
0.14808453252593	0.0405844790881874
-3.34089494495661	1.45941892864411
0.658251044134812	0.252481367310542
0.350993664448158	0.145684755642326
-0.29578813560486	0.0882116684839374
-1.64799012184993	0.682737411078069
1.37720610089078	0.4890227456012
-0.28425809511715	0.100414735488119
0.180315924045662	0.0478066702574292
-1.67399398945993	0.69614549379482
2.91767215080868	1.15195328733466
-1.06176376799665	0.341464816793195
1.39028291728355	0.494072914686244
-0.185877033740743	0.0687550190984572
0.146371675131465	0.0524087769956647
-0.313953141903307	0.0929803136803504
0.843026316213786	0.421888125612558
1.62858253812228	0.972710616262791
-0.878509902293238	0.426344521616564
-3.07139247283292	1.23058533678423
-1.67668319484529	0.697849486907849
-0.149355041338567	0.0555757211493753
-0.14340690245074	0.0539537298117782
1.05858581492679	0.543386819030879
-0.265967740402305	0.105807074907957
0.215641400442583	0.0872304537823096
-1.02069861936725	0.430330374909863
-0.00556582980984431	0.00217880112174617
3.55899825992108	1.75207908437113
1.38427899058231	0.491766401647725
1.5431703274878	1.11036426023442
2.6448769830247	1.58590219467427
-0.635851396569741	0.219446376339108
-2.70163341573963	0.956867155200627
0.681102076326769	0.333396847372384
2.38533636033725	1.28561237005996
-0.305187111516353	0.107408166159737
2.51025058529664	1.8552106175538
2.91210871999862	1.14894462063688
0.553908668151509	0.237694729295683
0.160911134374116	0.0565612252206391
-0.077990739644235	0.0245803985947901
2.90638108161279	2.54429593036713
-0.306138843730584	0.108020542378574
1.35566557492982	0.798067237494883
1.36893916582898	0.893000071112742
0.667688592607014	0.326467703187083
-0.0276959113106149	0.0086156684011355
-0.588945976248964	0.243572013708721
-0.575959266308268	0.150202913360021
0.245981440170419	0.0769582113452547
0.134809004329443	0.0483247418888678
1.77256524885173	0.73989018884189
1.77388619361697	0.741131703530167
1.02596664296749	0.466381032977723
-1.84653246538365	0.830998508081067
0.369096871562905	0.135856506688091
-2.501701728851	1.48266264246552
-0.0691158713864332	0.0220053125226578
-1.40325859652233	0.522285930698835
1.43249253354555	0.670396702484728
-0.276651451541637	0.110469069002275
0.154221520999974	0.0686433172492004
0.547945512461723	0.234796862040887
-1.66279657880004	0.690412504342113
-0.637701948496276	0.220606722338061
0.217174447197729	0.0879084298870392
-0.70383479667743	0.308516542950801
1.34385240019695	0.706355515562255
-1.27922625489505	0.60889043373259
-0.159394025537907	0.0586098104561834
0.143385675034149	0.0395606144261334
0.957760865840689	0.542574762695678
-1.05585363497318	0.446822668371207
-0.446448043202614	0.171159541023433
0.683090437699776	0.228431766982679
-0.0266342262038088	0.00910754467899742
-0.298631582750022	0.0888136485539855
-0.0817325620746477	0.0251530056107209
0.215223091709172	0.0869295167666154
-0.596702637837857	0.247010047246199
0.210722177721818	0.0852050949912595
0.668361161665966	0.257198965975464
1.06723517615164	0.426874380333206
-0.608251184942825	0.210245903009633
-0.0202196241878748	0.00696445737133549
4.30908673852824	2.77238880383917
-1.18213003187694	0.534490313710833
-1.69758682468571	0.706632653900511
-0.303349464245053	0.0902573552966827
0.222698623999279	0.070115099125508
-1.87699058631814	0.848846217374341
-0.348900329628954	0.147986889054642
0.231117956713234	0.0727088244452258
-0.298807819072265	0.0889558819091486
-0.453089255673533	0.203438523346261
-0.271327088383934	0.108037239879308
-1.27131295213752	0.605382487719657
1.73321807569761	0.925554417731566
-0.0836468089935792	0.0258442410613445
3.83971221680005	2.07723275779155
1.06229732920288	0.545379090279049
2.09217241288076	0.999985013512183
0.6818964233743	0.22794326934864
0.0297816834410428	0.0136782375995333
-0.286738383268081	0.11486056376774
-1.0629970706356	0.34197164285647
-0.0200571873152386	0.00647711713270268
1.19059601110134	0.920904795679652
0.837712494170117	0.419020286049467
3.57296496055713	1.76215685722717
1.02508545951426	0.465727816064325
-0.68425062220007	0.299565968427746
0.364565789798529	0.134043192376317
0.80183824522855	0.445215612627072
0.788546711488055	0.436486432278539
-0.476826233214032	0.182878374464514
-0.181193944820859	0.0670691838558747
0.853478498470035	0.527505908804907
1.54439230308599	1.23118882517243
0.839925442641808	0.420521839385476
-0.0189760689184099	0.00732730592756692
0.873402823560595	0.547331140385693
-0.043568842737475	0.0136253082187134
0.276487140810178	0.126597061640502
-2.02134269948261	0.970596642909613
2.88288781632019	1.90146900010096
0.6831044718102	0.228386654331402
1.62500596317595	0.970174606605435
-0.720197312875001	0.385077890051478
1.36374796327575	1.18524846964441
0.407813899834987	0.190640823047528
1.06033020180296	0.423748114372842
1.03924715064069	0.7248912982732
-0.45982856932387	0.176760429677651
0.544982681862559	0.261509878288429
0.953525444683067	0.783721160712049
1.38091405138264	0.903272397251217
0.796295909062739	0.442056418508111
1.02614891819032	0.522764847815834
-1.41292251547321	0.526185925042063
2.16844554132589	1.92429000984633
0.729255514668489	0.320641066156328
1.33328227184265	0.698709076612898
-0.0720582332736341	0.0225628046484725
0.961278662624506	0.54580482403127
1.39440834551693	0.49578059753911
0.39357982123625	0.18365059068865
0.669323065918818	0.327623935959619
-0.110262860226223	0.0518489168803269
-1.67668319484529	0.697849486907849
-1.66534691861143	0.692044342245821
1.346748393779	0.791426662553762
-0.637823143056138	0.221106526997808
0.692170136404828	0.231535024233533
1.0907534809609	0.43757620666106
-0.147577629669229	0.0543166396431713
0.153367966223417	0.0417663876642991
-0.860669179057129	0.334047825923664
-2.01187357975808	0.966355143612918
-3.75395678938996	1.83532996419129
1.11587416752368	0.641583952383029
0.846622150373161	0.424220352985799
-0.0536399156434001	0.0172842805992091
-0.578838967220943	0.237907992880241
-0.303349464245053	0.0902573552966827
0.840791098955965	0.518013367689831
1.0430454852605	0.533112158067621
-2.70163341573963	0.956867155200627
-0.331290156970774	0.15756087603638
-0.589424997196185	0.2429583201777
-0.563224434073156	0.1470595732283
0.532418467868522	0.28378251332298
-0.862342359466559	0.333178087952404
0.381549791724856	0.14040116397254
0.738084813073772	0.325222038011104
-1.06599906495648	0.342911888455372
-0.696151322271775	0.306079377354999
0.00223071460551276	0.000470400395653236
1.76805416025174	0.737769143612369
0.663856982539916	0.222267931108461
-1.43549133993715	0.535998719182748
0.493615894874548	0.261926688476097
0.358628358004223	0.14919235777962
-1.05947814393474	0.340342479682109
1.03441605837023	0.528207658023604
0.251675756007486	0.114167493303265
-2.20131061198549	0.675574843790802
-0.438932331677254	0.168669991115867
-2.13251940395072	1.0765829771702
0.762923747522948	0.41948651212358
0.333540701803185	0.137539227692124
0.674882411828942	0.330041571610972
-0.11963242888374	0.0494962120432168
0.643697622811868	0.312218150118803
-0.784136080767777	0.361335476847796
0.00477292954648651	0.000943723889233238
-0.643483848626349	0.22312618650056
-0.302334886250959	0.10611188196504
1.34745997008534	0.708800551292726
1.30682869791014	0.68100111784981
-0.0834248257007152	0.0257789102291187
0.510461284334331	0.271085161034774
1.912923323206	1.69493007500214
0.950810715859043	0.538278006667155
0.326444242831257	0.135503574702841
0.352747399089546	0.130264116363478
0.364287073713351	0.151637610682519
-0.599810453026816	0.248782742009084
-1.1636878000892	0.526187196280443
0.720888879154996	0.437302304621846
0.664253617737701	0.255681774467428
2.03324047859564	1.66126824701318
2.27623607239917	1.52698515277183
1.06948389731545	0.550450353654602
0.640262613701632	0.245327189756556
1.70242575654607	1.49790291064801
1.08486236230807	0.435238441596107
-0.689914684894529	0.301001819266412
1.75495432576142	0.730816424365007
2.01983330473537	1.64560415583763
1.74150778412969	0.932166773502114
0.141282011117499	0.0502684372854712
1.76473696360464	0.736143882635398
-1.86449010635114	0.842363905717649
-0.730411261747208	0.392615188967175
0.517266804482526	0.246386122274315
0.846206917681881	0.424041721264893
0.845628401509278	0.424481035152507
0.264887096609027	0.120590973593935
0.657566945912919	0.252328142176309
-1.02123156375014	0.430445869128672
-0.702048210832691	0.30749215177365
-0.456638212513035	0.205419482428525
0.838863484160878	0.419610315183003
-0.318550165754912	0.094120203784693
-1.12886990923452	0.638696146076956
-2.0003038660311	0.960555180797388
0.480693419785915	0.281029443717835
-0.46254930794921	0.177857367836881
1.33166049249072	0.697630108290456
-0.87141768836008	0.338075635332781
-0.865328582962853	0.335897198478452
-1.42899770304858	0.53331766865906
-0.465860655599966	0.179457535615576
0.645833011093703	0.248136348039075
-1.027334002195	0.432816483995733
-0.298760378057541	0.088942138383077
-0.271624930034171	0.108502743898214
-0.556695510417587	0.145720699864662
-0.841410173371026	0.325550889061364
-0.611526612784793	0.306640413951971
0.230526784485357	0.0930477433881391
0.252055660484747	0.101848651055756
0.675202385974488	0.225674647305293
0.67517527376904	0.22567167159486
-1.16040774305634	0.524365008456867
-0.261730440205401	0.104339671985225
0.137819012544399	0.0487933558171219
0.925109263024535	0.641096268987516
-0.271986531810011	0.109200948557925
1.0495872657866	0.804770680096867
0.726497331920553	0.319343535852714
-0.319584045128266	0.113038317426936
0.143872594184339	0.0512824296851854
-0.345957327065416	0.14619528002033
0.127787657028804	0.0456204257949665
-0.033610912567716	0.0107745379474703
0.231066157978782	0.0726082284444526
1.06197776891122	0.545897918496911
1.07878401387793	0.432142860294847
-0.125155976653957	0.0470139415364144
0.513098413369626	0.244328640828294
-0.298760378057541	0.088942138383077
0.538965586206028	0.258316346890003
0.175143411457113	0.0466493667011835
0.395015548246063	0.145503605167908
-0.0213130994918582	0.00797152527250054
1.21809138049158	0.869794883619147
-2.20452069372124	0.676749531450116
0.152436621325233	0.0536897074593266
-0.257143132149112	0.101843618944707
-1.03814626889719	0.437252104994395
-0.317892269408996	0.150610945296861
0.291651132460017	0.1483462850918
-0.661061889135841	0.228893699803216
0.844323229444857	0.423254281123491
0.656379192904991	0.251863633497782
0.379687535476048	0.157875028506987
0.222865660345574	0.111574161205129
0.612159182924132	0.368480554618068
2.19308133070837	1.96162083122106
2.03225304764472	1.22822947556655
1.6277058372962	0.971063089459482
-1.03456506982966	0.436973538499889
2.24389565598396	1.49432529870003
-1.0181684993348	0.42853171804951
0.198435609496023	0.0802680440380134
2.73925798153533	2.22171883282969
-0.559612446797293	0.267889211123375
1.1834931896788	0.76016794179032
-0.279158053540094	0.0986506827297202
-1.68552432621493	0.701571858476491
2.63299271956803	1.57410371010563
0.625501833470138	0.239371688107454
-0.0688800631561792	0.0213272911042235
-1.27955649508603	0.60838730391098
1.37232281540676	0.895352646648642
2.45176958518949	0.841449769742287
-2.70163341573963	0.956867155200627
0.166936128032523	0.0447866169980702
-0.613865666627824	0.212343711044639
2.08005047323412	0.991876342394343
-1.40668531911987	0.523852792467749
0.910858892443621	0.262745945817241
0.902425948558069	0.260776504921945
0.157916626149586	0.0559567759318466
1.70638357069922	0.906614121685155
-0.864731781245572	0.33484502506665
-0.314027207243201	0.093045575987002
-2.70937242333718	0.961490597147355
-0.0188647793126525	0.00668428600368676
0.00148938030150104	0.000393721179122508
-0.625247061055703	0.216242806642891
-0.146868862641067	0.0550223784553804
-1.04923748026572	0.337110470489464
0.914619300557244	0.26369561215826
-1.4056376880237	0.523231466165592
-1.42753708392227	0.532482864483676
-3.78570397435775	1.8548134487026
-0.279189890596118	0.0987523818978303
1.07302139668997	0.429679533268468
0.242835302470486	0.0761638264532781
-3.09856783157417	1.24523470355668
3.83206458294435	2.07108615071611
-3.10057151212898	1.24686303429885
-0.609269283894679	0.252313130709511
0.377510289911115	0.215526243083537
0.659969723833758	0.22073480452832
-0.461264092467662	0.17788022698803
1.4149933401361	0.660255519580867
-0.615582006689354	0.21308138531288
1.04984646680879	0.419091432492533
-0.855505564622905	0.331836356660479
1.10624442538444	0.444494264348213
0.360342003798228	0.132666127550601
-0.576382344846406	0.15043977920911
-1.05646570561747	0.339422980870141
-0.55839960089021	0.146151799893841
0.37790123995244	0.139008019061535
-0.0589898004061149	0.0187777688966524
-0.640416129503358	0.221721062715262
0.732049917640961	0.322024530815645
0.638376994001031	0.244760306482035
1.08243041392435	0.433808481076357
0.644915445835617	0.247010812903871
-0.549588025379477	0.144138904810768
0.16660660040007	0.0447200902841535
-0.80110123927047	0.371993018916374
-0.0561292961670387	0.0182490102729374
0.21065661879957	0.0854715837049274
-0.606300971628515	0.209828914650814
-0.0509582452010265	0.0168098864094896
0.685346954982678	0.229231600279827
1.06864971649413	0.428020427908035
1.32063547887734	0.770963035036452
0.667812431157523	0.256343503734175
-1.05434667090414	0.338781426865916
-0.561074719780954	0.146672057200803
1.77834989961593	0.742872639612994
0.901720616063008	0.260095467165507
3.26310413052701	1.45333946698961
1.41194988168762	0.658134811374873
0.228511156169644	0.071804032729532
-0.320607442793422	0.112566224227113
0.172651775851803	0.061130646105726
1.03598485201205	0.529389608612137
1.31547042423145	0.687285698995866
-1.6589718612934	0.688393965490804
0.645529671126114	0.24739239794115
-0.286940431421599	0.0857759418120604
-2.20774410875569	0.677401665515386
-0.0509582452010265	0.0168098864094896
0.190569534030361	0.0501121779284389
3.27316965466308	1.45987901225535
-1.17952395876382	0.531380454973385
1.58599402970618	1.15851175092091
-3.79222058894701	1.85722332142551
1.87963330640859	1.25622113114194
0.245427170276856	0.0993210361696571
0.516602367074049	0.220151793239278
2.28812286416583	1.53951667075875
1.20797499443566	0.946456964035668
0.654795862914326	0.251562672713846
-1.65928188300209	0.68850398687338
1.40576821535676	0.500196841629125
0.136647561871831	0.0488554695267507
3.25906560847611	1.45089113400716
0.528952656354985	0.226400107901655
0.243607351758683	0.110368032472151
1.88007699853381	1.256061000924
0.824304839246358	0.411035213749557
-1.06822938997151	0.343612780893939
0.205631652460235	0.0653601623375486
0.349702373998342	0.128682479394953
-1.0121667484362	0.426066708300817
-1.29079558783431	0.618048769759181
0.65686655417386	0.320395868941354
0.162606957311811	0.0574433231199369
-1.41216828346745	0.526107785802114
1.3899474343491	0.49452024011659
1.61961860080245	0.965261787255215
0.679811111125936	0.261593522253373
0.53137667490214	0.227527033809899
-0.323492672256655	0.114038121434716
-1.02571234010114	0.4330041140445
-0.0823976796900308	0.0256988782537463
1.76340658508459	0.947667472975196
-1.55105626594007	0.844143783220905
-0.0211883271715229	0.00801607158074051
-0.200100995827604	0.0883346527516425
-0.637790951594687	0.221153348301471
0.849368650619433	0.426095823298689
-0.875320648556103	0.425044314995296
-0.462579657937322	0.178725851956408
1.32314980638744	0.691925849073251
0.136008973148903	0.0482580569619568
1.31850484770372	0.689204873640814
0.234181565975846	0.0734295728679185
0.145069073417712	0.0513928284667918
0.97730156481824	0.610650353099039
1.32149161167592	0.690816077506264
0.834373513795967	0.416944259279913
-1.029655160941	0.434790858458953
-0.302985750295181	0.106644816406747
0.525252478847788	0.224591907264676
0.910858892443621	0.262745945817241
-0.129483311356723	0.0487609313584572
0.228445362279189	0.0922165944304482
1.03969328318242	0.47356818519419
-0.589545568673462	0.24359279807331
1.37382823294362	0.988393882622915
1.84551310914423	1.22327686302849
0.151290084660387	0.0537775125476432
-0.545071327633771	0.259853395607454
-0.283958946580875	0.100346319742523
-0.168646761814476	0.0630761930919578
2.33070590166415	2.26642603623356
1.84449134063372	1.22234328169096
1.64846043281169	1.57779176755478
1.32401148865456	0.69239764135541
-0.63156264919244	0.218784438429344
3.26610537788351	1.45572874939348
3.79935699009225	2.04112943481132
1.54828339639572	1.11980809384431
0.67960094868514	0.227208415863021
0.0957671814770721	0.0377298940880648
3.71367367481709	3.40123746190438
0.988082804266912	0.446283869353111
1.76266616893112	0.735090202637704
-0.604383492566088	0.209061952089717
-0.0104590898791804	0.00360201937704412
1.07396295710655	0.55340448929426
3.83984476003256	2.07857397651817
0.188795605024013	0.0762184396054256
0.269113418354215	0.12272774619781
1.18296119158158	0.835107928199047
-1.41220625546664	0.526192773105596
0.717557745444341	0.477403912862685
0.264983925765325	0.120901195050205
0.718303604802791	0.562135646470952
0.211106019155102	0.0850479058915044
1.58560549739278	0.93731328466365
-0.340301912529832	0.143418749336613
0.368458568656481	0.135446813337846
0.528998496195473	0.226027027241227
1.06178110659717	0.42490165027599
-0.707026014008279	0.31144955665467
0.377490691182565	0.13916081303248
1.39036198686763	1.00545528225269
1.44197036895447	1.46801103667302
0.384032672687339	0.159872309701633
1.58045239786014	1.1509041855055
-0.0174953647464476	0.00798490160034679
1.15505371165942	0.738703753106078
2.26303160289361	1.51423878897225
1.33305583737421	0.780641176311112
1.6818614542497	1.47103205299273
0.348782094696617	0.144506310980718
-0.0393740268211294	0.0145995123190623
0.672709711605321	0.329111370096968
-0.563224434073156	0.1470595732283
0.271346128462666	0.123545894338582
0.46414061907812	0.269837941317933
1.49589256350006	1.42895827493436
-0.348900329628954	0.147986889054642
-0.904986446749806	0.442981725612771
1.02113540592789	0.463576679720947
1.01575250676187	0.641480442634613
-4.06402241288282	2.11148842533555
-0.292412364600704	0.102609644472275
1.17322686683278	0.752929968170836
-0.439631900814613	0.168852513920063
0.509223023025441	0.217243065448658
-0.589916642989998	0.244239251262002
1.75792817192385	0.943560674569884
-0.118360649475618	0.0556475443845717
1.0430454852605	0.533112158067621
-0.159614829404083	0.0662041861513707
-0.452618219682625	0.174480616675817
-0.0593969101315729	0.0258969035915286
1.08098188369792	0.982467508810171
0.204672301744819	0.0823018542243694
3.23381985568222	3.30644203251698
0.372787116681782	0.137325488124445
1.21776739185525	1.13043655964712
1.0640957740886	0.748913529468566
-0.539634776968605	0.25676519940479
0.886016530211696	0.60599226568523
1.99445275310275	1.61038749863972
1.61961860080245	0.965261787255215
0.749650447709726	0.330588494937776
0.802199305048278	0.445263468916413
2.08726545519903	1.53544124646384
1.78857854428942	1.87409764324497
2.66228289044272	2.57482232604709
0.144487837227038	0.0641785529055977
1.70828490746118	1.35615724624491
1.61137895761966	1.66506105883193
-0.0352064714359983	0.0155701318190695
-0.0177474247444872	0.00579224471392723
1.43375255646066	0.671122061469069
1.05285059760493	0.539922774949875
1.15374729428742	0.736178157353342
0.637610689412832	0.2445859590565
1.74952251897032	1.40733802997313
1.21776636024366	0.871664053874171
0.937752035014965	0.528947683988391
1.38020203562212	0.817398331413569
0.723730679603448	0.44185306194453
2.36256423841677	1.26828911238705
-0.762989675965025	0.415524888443094
1.06452894645103	0.547333884163804
1.58384928264639	1.27831238154625
-0.475072887844955	0.214469646419304
1.15801739959709	0.739321520400882
1.35379824592418	0.797055511244078
1.87086905980263	1.24674577787355
0.214208784311846	0.0868182525012185
-0.866471081674747	0.336233357060911
1.11888913769179	0.643704180229632
-0.0236558978899025	0.0090822881928256
1.39971224002831	0.49785141353806
1.37089425680018	0.810206961073297
0.363806853015344	0.15103427627354
-1.17555873799068	0.532704720189261
0.674988523996769	0.259603887528201
0.858367905059077	0.431735597830921
-1.17701354295963	0.53222369143321
1.63217637574789	0.974390243894265
-0.455558920112265	0.174799510525297
-1.04350800792822	0.442624033397205
0.867152481925841	0.436841517278932
-1.27914751524327	0.612140492499312
-0.369261900230096	0.156287076316808
-1.00770004799898	0.423826961579114
1.91215324609618	1.28690824930745
-0.61980910686889	0.21438234201855
-0.301921006228647	0.106721639527319
0.711281254920091	0.311608643694068
0.362423457228267	0.150268994543405
-0.170414383744521	0.0637172052675802
1.31834963698408	0.76964899374698
-0.599948867991213	0.246958667328907
-6.95238508731398e-05	0.000203395363117703
0.533214888320701	0.255188586630384
-0.154228614106656	0.0576027763000074
0.742050847908634	0.326925048511202
-0.0132373119990933	0.00464627889218414
-0.292431538166357	0.103331667725826
-0.965594578789449	0.492102217228152
-0.00751970069893688	0.00285309363166002
0.246104130605166	0.0769660138150043
1.05559309209925	0.421419368249449
2.09604780042678	1.0020181910351
-0.0202737213753128	0.0065859909036687
0.141840648052649	0.0503207411648939
-0.469942503021187	0.181486116455018
-1.04502503930066	0.560885561191341
0.239403305751306	0.0751465921929683
-0.123417060094419	0.0464668741678623
1.88242239966858	1.25806866778804
-0.00556582980984431	0.00217880112174617
0.784034536999465	0.433035356878689
-0.29625055587172	0.118343498717953
1.43375255646066	0.671122061469069
2.59431432767943	2.95503887412913
2.26254699467578	1.51329921566499
1.76132592326778	0.734011809487289
1.20490363153851	0.858552292804602
1.74139161541622	0.932344972749732
-0.276036793899566	0.0971130004020674
1.97237245435012	1.58557809731955
-3.06639739603196	1.22806237039513
-0.279226597617984	0.0985989013225853
0.745651739094534	0.328744144371674
2.11242994111796	1.56434061326198
1.82371762715644	1.34508336364495
0.586687690151976	0.349901136753638
0.342871431286837	0.141612991712587
1.47147592519171	1.39540861201696
0.530635302440419	0.254354610246278
0.187718095496937	0.101764870703804
0.902476879033505	0.260785195270642
1.58929079917039	1.16389311490301
-0.0600023105290119	0.0260823445663685
0.665218579875596	0.255660674520288
-0.290782545055251	0.0867403958571982
0.337569550637439	0.123817504410661
0.0858512866697167	0.0339533463475404
0.717645471058671	0.437715284553595
0.547909451523285	0.262840123128377
2.6583093079781	1.59834980863449
0.948558908487202	0.536081679859873
-1.0279890665746	0.547755647739561
0.774444299531045	0.427237813630711
-0.136597229728548	0.0566270788280925
0.153642803377462	0.0545164069085594
-0.313953141903307	0.0929803136803504
0.862663258652332	0.536156233798581
0.537159189536397	0.22983213558255
-0.291501428416933	0.102078905239402
-0.556695510417587	0.145720699864662
0.929336582610011	0.646654742095409
1.07561158241459	0.430941147002154
-0.0588749273780099	0.0190832134263278
1.01195204661451	0.63808413719729
-1.41775409261883	0.528669717214252
-0.697175505211302	0.3058288027923
2.49660299884374	1.83981570389559
2.0350271709185	1.23013921282058
1.062346383276	0.54589155488092
-0.846333711055868	0.327751612710057
0.531459669916917	0.254013667681265
-0.0700380625781478	0.0222083315558077
2.80124792260431	2.91870513817075
1.40576821535676	0.500196841629125
1.07314442330609	0.429735777855557
-0.134895580942091	0.0500533924375632
1.01654309130823	0.461429842895189
0.0936162355864444	0.0370905544605916
0.511499560285663	0.218873988296275
-0.721872630282262	0.31676549083252
0.217828099541191	0.0690754197013972
0.806849710791291	0.448660459246446
-0.0130054777275188	0.00369932422200119
1.03114417468844	0.655322195953499
-1.03433327790023	0.437902945320865
-0.15364009428102	0.0575663774857485
1.34705852769784	0.708542060296678
-0.164764941853437	0.0679956557541343
-0.314782650937569	0.110567717457656
-0.56482824970924	0.270708257808821
1.11766791254713	0.643097303714591
0.0945009395657505	0.0369499800481787
-0.467631810335929	0.179666528934823
0.231367461653548	0.0728941909929277
-0.589916642989998	0.244239251262002
0.091218214801421	0.0358056978708076
0.652905402886692	0.250631086944502
-1.06329752835803	0.573698984543136
1.34705852769784	0.708542060296678
1.6003499343155	0.94972001293071
0.229048913656794	0.0924921290505773
-0.847205246187302	0.327769020292819
2.03752774639252	1.23252913813214
-0.608748287992647	0.251734669177966
0.670708932188477	0.257754358169692
-0.297381463753867	0.105150351820458
0.506205357663408	0.240035084948565
0.357250710236467	0.148224318487761
0.860868464601175	0.433209401689368
-0.20261170686545	0.0894333245190102
-0.36922135866874	0.156778552568498
0.386821285062262	0.161058415314834
-0.327627028011727	0.0967912180753638
2.00562950076846	1.20460684663604
1.31993024292679	0.689827231739658
0.691018322596608	0.231067203856998
0.686738605065368	0.337299460458035
0.179842433369054	0.0800468003647908
-0.845220217453196	0.327295567015593
-0.00654291165402123	0.0021600965883557
0.532012318590908	0.227452882390683
-0.549638443779565	0.144154566527545
0.230944205617289	0.0725716910717296
1.08087915432352	0.55772905012096
-0.609041337299214	0.210821100090729
-1.16067040957757	0.52164088571921
-0.305839433962525	0.10791144574976
-1.0318324042643	0.435728012417609
1.1613999826624	0.742715120627796
-3.09628873485173	1.24398931852427
-2.70163341573963	0.956867155200627
-1.4056376880237	0.523231466165592
-1.06898305525912	0.343786697766102
-1.0615597697243	0.341093221319588
0.173225412316179	0.0610314594971278
1.08886305145035	0.437169573680725
2.91874144340492	1.15180916074423
-0.562262366874053	0.147296690051847
0.670929504445957	0.257844613389223
0.665700951514605	0.255692613710115
-0.623891435697114	0.216208645967243
0.372497084688011	0.137114467671234
0.00653954301805317	0.00190783090354902
-1.0343965435224	0.437467731578665
-0.623289950493269	0.215525282776057
0.234465742407782	0.0737945379155126
1.32353965144381	0.773886798180849
1.08730358468494	0.436088441603603
0.364565789798529	0.134043192376317
0.184506730859797	0.0487417923755395
-0.863818253891254	0.334025535405537
0.173062780877233	0.0611451202785795
1.39855384088426	0.650369589946179
0.536006897409675	0.229405683663382
-0.620356025765848	0.214895966402198
-0.31011280695359	0.0920681438912792
-1.87328862444733	0.846110946437896
1.35236968851407	0.712124559562241
-0.594720673798499	0.245949196534967
0.13237853529958	0.0475769514020208
-0.31010831105104	0.109535429431386
0.926047324304085	0.521250893249249
1.35847081063259	0.716418429108469
-0.292562777536825	0.0873256919566233
0.500320774468411	0.212999441063753
0.85334186602756	0.428122264408359
-1.64787661361403	0.682675038481065
0.618036434177346	0.236170640700399
0.660613267326679	0.253674399483785
0.172141930104414	0.0459762515619496
0.66593302243451	0.325170540585291
2.92178752780104	1.94350724439567
-0.0725807930709564	0.023050966952129
0.828919262916731	0.414207798600755
0.185336229200483	0.0489521954549182
1.59008038311547	1.05093486771322
0.376562531473424	0.17447225367878
0.393465450583748	0.183895198479123
0.237233526067513	0.0745750382567578
0.696277014346474	0.304400030557035
0.671418682221767	0.224655245908489
0.838812491909222	0.419887798987902
0.20774976193013	0.0658721649496439
1.35384268945142	0.71260625714648
1.71838037692335	0.512092496146657
-0.635565779715904	0.219881810762026
-1.10557897630118	0.619818590724159
0.174906014150012	0.0466047565088505
-0.618719612972977	0.256586317743098
-0.842280636193126	0.325576975348051
-0.0406990019680581	0.0131567456704435
-0.868567923238801	0.336472960093196
0.665034694328351	0.325312382269527
-0.298760378057541	0.088942138383077
-0.364370108014699	0.15423869812922
1.42787553371064	0.667827882891111
-1.65928188300209	0.68850398687338
0.0113265270234818	0.00310055072494601
0.894916799465727	0.258924013894673
0.851624898603021	0.427460398705867
-0.0733124394875804	0.0228359592699504
-0.631963936039466	0.218604601638107
-3.09113915148148	1.2417518149532
-0.553958654260902	0.145182611160989
0.816250619312516	0.406318318108521
-2.71366037927859	0.963507235303924
1.05945582057502	0.423365737527187
0.149086886119772	0.0530034266140244
0.368520337109393	0.135708009125795
0.165968871435253	0.058399071768417
1.6130830051408	0.959781292214067
1.57513586209036	1.14691280799378
1.31846017142433	0.769091073563638
-1.83168680213725	0.822216372911078
1.76025011587465	0.733497356580686
0.17819739397865	0.0793095663787694
0.726977836755658	0.319536292165341
-3.07139247283292	1.23058533678423
0.103937748172958	0.0409904765905623
0.00820104536994055	0.00228057867795826
1.07492503044323	0.55345631562295
0.911660611720513	0.263371621340662
-0.0170920902573089	0.00597459000397137
0.663868289411756	0.221871614316916
-0.282959815467907	0.099942169437994
-0.860669179057129	0.334047825923664
-1.1899164901735	0.538580241124773
-0.19551296412185	0.0862183623511828
1.76271459085892	0.735118738719892
-0.0515057021744695	0.0167843433991379
0.364521727098688	0.133956677749059
-0.687493911579726	0.299834906819295
0.764340083290654	0.33801039250989
0.35482650728345	0.130552088142717
0.377884800358569	0.175201378274773
1.88443726353264	1.26089626533288
1.02121474788396	0.463461783400736
-0.477637217484451	0.183921593826657
0.645529671126114	0.24739239794115
-0.709202904075304	0.312336663941964
-0.475412032575374	0.183461331189641
0.647307930481406	0.247928951632514
3.1697961841579	2.31573605639883
1.59036012408916	1.05065747332532
1.04973683563549	0.537623976884244
0.3162278793515	0.130401389027348
0.207768369622884	0.0659521247121451
2.09732823469476	1.00229790730105
0.369179626026763	0.153099078954833
-0.0725807930709564	0.023050966952129
1.01508868797183	0.460437194352122
-1.04997620198371	0.444505813364441
-0.0848070811621126	0.0261239315100578
0.747980909440851	0.33000575170159
-0.462579657937322	0.178725851956408
0.931508970362026	0.524665848140454
-0.376344099330179	0.160131298551674
0.174889099808041	0.0466011835497983
2.07555310414778	1.52383725594534
-0.444870451335774	0.199322882043337
-3.936522851433	1.9974992799014
1.66097940416545	0.998991629931728
-0.279000481749434	0.0985641010692033
-0.050741262126331	0.0167413244797282
-1.41779487431253	0.528409680263138
-0.581719266035204	0.239897687329143
-0.838451211368594	0.323707132199054
0.386587218453077	0.180494199775307
0.250720037765366	0.0783528491205372
-0.596358269981804	0.247600842694768
2.00609462440172	1.20559181152898
-2.13179594876809	1.07523182018254
0.534569380892794	0.228778325786433
-0.635081932734621	0.21953572005408
-1.06622034319365	0.342974832284015
-2.01392393172956	0.970229263166967
3.8144768626855	2.05520542791873
0.164617338390129	0.058379002770067
-0.290782545055251	0.0867403958571982
-0.855003276110415	0.331338009543969
0.205561737379768	0.0441838774146192
0.740213975046896	0.325815203706746
0.219223176229808	0.0691776377972106
1.70638357069922	0.906614121685155
0.175143411457113	0.0466493667011835
-0.98358642189814	0.504594187731891
2.09054701256003	0.998822052600212
-0.0221521115976232	0.0069195754253177
0.170184199651161	0.0455102597114768
1.42824066057714	0.667886456600448
0.386788682625777	0.142583567440768
0.129580608654856	0.045787250130738
0.196315155888877	0.0427978646049216
-1.64235923294463	0.679615321390789
0.388673852500464	0.180657657720404
0.230944205617289	0.0725716910717296
0.208130289751052	0.0445612068776082
-0.15896671614527	0.0589513974665723
0.0942964859172782	0.0373741903134503
-2.21584944415156	0.681305547753399
0.352075463778974	0.146085538812413
0.688704794210132	0.230359128893008
0.517741140886544	0.246798938197109
-1.86156469968615	0.838286362491799
1.10087043373876	0.630916519599613
-0.586283232689576	0.242841729648365
-0.604383492566088	0.209061952089717
4.06690741540602	2.39936257722879
0.0815071426546422	0.0317580685897996
0.355634973898546	0.147384861094992
-1.4587261661342	0.759904914089106
0.133654606259518	0.0483136687604646
0.675202385974488	0.225674647305293
0.240308569886204	0.075322617624464
-0.0664368228411305	0.0211953797482859
-1.54230683430052	0.835480924843387
-1.36198365346249	0.678341398279108
1.06950553657557	0.427929560998139
-0.604514537136129	0.250244082160342
1.83586028360679	1.35872146713333
-1.05538341106132	0.567816771631599
0.657251330360719	0.320384153027101
0.623259511950921	0.238646724890561
-1.41216828346745	0.526107785802114
3.58480031521524	1.76996218225702
0.624022380978442	0.302126193659753
1.58776574384749	1.16053739282122
-1.26795101014945	0.604840042008687
-1.12697748354169	0.636865671630063
0.0823828157962862	0.0324052969849793
-0.915537986713919	0.448631812218792
0.81481732227324	0.45455799232353
1.02407438098744	0.4654946329264
-1.44991362530787	0.751918873734535
-1.25814765824378	0.597666282481169
0.108542028485643	0.0429478705101233
1.54414891490167	1.23225691950554
2.06858110116839	0.9841396878914
-1.28253505476321	0.61224120232993
-2.66535159509696	1.71482003414228
-0.573704158164598	0.236539147456804
1.08866050398271	0.436518079189461
2.9138295395243	1.93583936683994
0.165414405418925	0.0584856732564841
0.160524925031793	0.0564488511715518
-0.463943385919713	0.209101247907088
1.06421283060333	0.547446618542967
1.63646270261637	0.978762978281978
-1.8696422600211	0.845403659105727
0.221000250013579	0.0889020932821495
0.400918298371549	0.208848481589954
-0.730290758765299	0.322990749730133
-1.16540127972749	0.525823482270628
1.0556646700484	0.421702481443309
1.63314364131232	0.976694746176377
-3.59658273310522	1.68296343492515
0.377292492832808	0.138780403174602
-0.848514103375446	0.32822501838713
0.544772394528585	0.233227756290871
1.60923907854869	0.956937314448282
1.00370867174839	0.454384420362669
-0.446044636850072	0.170990793948169
0.00020937975607085	0.000536307438349313
-0.63679239902464	0.32209921076932
1.56989593268919	1.03178103618868
0.368115850259287	0.153142533343264
-0.364428424101485	0.154519740889984
1.55611057383889	1.12616252489832
1.87389598987083	1.24897357029812
-0.582051955425808	0.240154035904123
1.75694714586213	0.732159734378909
-0.0536399156434001	0.0172842805992091
0.509777056189686	0.242026420961616
-0.292186750799525	0.102729732141824
0.167697313889314	0.0449797086311484
1.08132524292082	0.433468517234334
0.357192299883468	0.148013438321605
0.973539855952439	0.607666516301191
0.514289028683224	0.219499259353624
0.52076187648143	0.221975898072746
0.368367035108765	0.152945006048647
1.74383600982139	0.93377741301951
0.76270250338729	0.513684508340684
0.504476411988696	0.214640046381798
1.05020696639482	0.537918720018455
-1.17738493264691	0.531833265213482
0.896251962831363	0.615397409694807
0.822912570572344	0.410847674141685
1.23114470766826	1.06281066212078
1.7715837260479	0.739112357140686
-0.649478072725531	0.224816678290038
0.544340152791005	0.233173393194947
0.673035017550408	0.329073540320049
-0.303194515465989	0.143162282822749
0.230771831032606	0.0933694516728365
-0.165322758321635	0.0617655005482565
-1.85939026725672	0.837985397404893
1.02417318647027	0.465748142400951
-0.287937044116604	0.101591355488885
0.675871160149849	0.330596869336935
3.85173237948387	2.0886994165507
0.656743784508889	0.252204357470012
0.171776985883652	0.0604085876313834
-0.563224434073156	0.1470595732283
-0.471728413290795	0.181781974816241
-1.51615036203723	0.819318906505797
-0.0108430269006048	0.00395458730090208
-1.01693741056434	0.428595493452223
0.228391632407592	0.0717682523462766
-0.297087387741813	0.104848454358452
-1.15007597147492	0.518007999098851
-0.0467553716791433	0.0148249638275573
-0.447734357227571	0.200721978645043
0.528072363183735	0.225453646106203
1.60687877220636	1.06637484462114
1.02511074470182	0.465713413614227
0.718903488142767	0.315399030761881
1.21522457693177	1.04211200534145
-0.00343715631711998	0.00152065946894338
0.408698919448936	0.191641925914889
1.11134094456947	0.638166293023221
-0.365310876650319	0.155567635786061
2.09591198957035	1.54660222435264
0.653127654992872	0.250722339741329
1.11519435329099	0.64123574268949
0.511609505411374	0.271195378823195
-0.120735028952208	0.0498810181311165
-0.693609734760272	0.303137479403174
-0.63156264919244	0.218784438429344
0.211393672766198	0.0851173197336683
0.807022506508289	0.448823879297886
-0.314658149771429	0.111152990380976
-0.0634922742254454	0.0202437841333668
-0.39027384819354	0.166278413110708
1.88525683366415	1.26102877927003
0.712916706063484	0.312071442045893
0.0721564959989453	0.028865446593475
-0.244152836932161	0.097189659215026
-0.57449718478018	0.27612308873096
1.60567701280939	0.953641857526083
-0.313405712580309	0.092876911106518
2.08244330412006	0.993420529815253
0.168790724752293	0.0750731819854579
2.46928936250036	2.17124635763623
-1.38301999371727	0.692515730406087
-0.623317215308049	0.215750842483359
-0.451860589412702	0.173054613539263
-0.626367355781511	0.260725861405318
-0.788985402103026	0.444598265664281
0.365168244384816	0.151465663075934
0.133615523514349	0.0476648568235583
-0.246991445337857	0.098083602805641
0.236760388577432	0.0742695453338153
3.27318434966019	1.45987088217078
0.141863196137724	0.0501553180922547
-0.068545301146485	0.021714067267158
1.02511248769326	0.465737002446732
-0.15920825475681	0.0590139175713791
-0.632490804792667	0.219043480831174
-0.833789421550518	0.321978355999801
2.44567166971443	0.839453219846175
-0.456710796524061	0.176228966109245
0.0128716656690905	0.0036416964271009
-1.66475403793915	0.691346158978942
2.09408927735694	1.00081261564385
0.103252347509473	0.0401747227879485
1.03530284644098	0.721219404016747
2.08221389286219	0.993901362497794
-1.03433327790023	0.437902945320865
1.04558180677081	0.73282497337104
-0.692344640690756	0.30280312925426
1.06342900708506	0.546273474749515
-2.00705263024316	0.96462161806805
-0.00343715631711998	0.00152065946894338
-0.472456881075159	0.213333630120301
-0.0300292478237699	0.0109445936745142
-0.61894377004688	0.256127027903371
-0.488564890545979	0.187749011578811
0.858809588049711	0.431602008012851
-0.270239400487246	0.107692728199465
-0.302194401361676	0.0898991994770611
1.34277817524561	0.869595466855238
2.09955184401788	1.00399953072378
2.64117586749236	1.58158462402958
2.40996874438347	1.30441781907542
1.02535162478748	0.522566685280008
-0.857738024842448	0.332278200931484
0.627572020640523	0.338072150682795
-1.61698676235846	0.914277296902714
-0.852852373521221	0.330318315502769
-0.467622270377724	0.180385817308086
0.364853735015095	0.134066798754491
0.67740746723014	0.331351449842208
-0.626766440037535	0.261004363731579
-0.563224434073156	0.1470595732283
0.131297958201294	0.0587430422760309
0.666133301211789	0.222708402316138
0.633612445706936	0.242851415309161
-0.623891435697114	0.216208645967243
-0.25301294042924	0.100794430670866
-0.284767895159567	0.10020168693153
1.96622458722062	1.57959919332162
0.6553627996211	0.319177864485772
0.634360394115128	0.243097036612297
-0.473712724878095	0.182721974994261
0.679653114219625	0.227181883175313
-0.00279127261768495	0.00120144364236621
0.874247119638856	0.595579182709391
-0.474344157374133	0.214292733203802
0.414953516812218	0.194671086645079
-0.16065003484963	0.0600826662604385
2.28497661778291	1.53443627490565
-0.150506318337337	0.0557368596124213
3.83971221680005	2.07723275779155
0.648129095357946	0.248658537184838
0.648129095357946	0.248658537184838
2.01877093400398	1.2164616277146
1.62649599281602	0.97105155029245
0.924397059371711	0.518580422722818
-0.625868963941049	0.216824207812961
0.375801475319553	0.138474409383242
0.51647303242117	0.246889494120929
1.02117742706984	0.463596772921091
-0.637831081619722	0.220655555127089
1.37402103903612	0.726470848464712
-0.566917027913515	0.271961788017285
1.55147239050697	1.12178876200756
-0.856342270176058	0.331890705566381
0.152861952253974	0.0538696918631818
-1.05418599941025	0.567305474220176
0.242963698483695	0.0762314393760321
-0.479021615569756	0.184907512760884
-1.16040774305634	0.524365008456867
-1.84699680482937	0.831609935589696
0.364521727098688	0.133956677749059
0.165016980071288	0.0443593586963327
-1.9826519145065	0.948988510487213
-2.71366037927859	0.963507235303924
0.246104130605166	0.0769660138150043
1.74517822260114	0.934649996747706
0.144762579925295	0.0517408593904756
-4.03766575115594	2.10184118405813
-0.0677606415142853	0.0216578696632092
-0.581973332552842	0.239839433978308
0.869061779253505	0.437975716862989
0.119891291934008	0.0468956948439121
0.220971558142085	0.0891161816962591
0.24043151093131	0.0753310477210604
0.944616788551043	0.533872570745467
0.204891513653242	0.0825244843889991
1.34679688092133	0.872258081840388
0.679587565764196	0.261501719785076
0.35967752558166	0.132385240160167
0.899765603237419	0.260024823460973
1.05894567129314	0.543995130223455
-2.70937242333718	0.961490597147355
0.545116272996228	0.233964278627572
-0.854074521847165	0.331163630269664
1.43227090562504	0.670272548642454
0.239276057855925	0.0751083750490382
-1.05646904603249	0.339399875274635
1.31726022736276	0.688239256617676
-2.00077297509194	0.959558031719887
0.172141930104414	0.0459762515619496
0.535484204699742	0.229373128483387
0.532099114799601	0.254164877631193
0.667084594657874	0.256236793609392
-0.115159648499347	0.0478672549879329
-1.36152221116626	0.901046876874651
-0.311984941838723	0.10970964098226
0.950560481530451	0.724824207735496
1.58215247473391	0.934580849924972
1.34428822584233	0.706325999429836
0.659413998567558	0.321604079056585
0.657785132233081	0.252417937405361
1.4144254376976	0.659545978522332
-0.31011280695359	0.0920681438912792
-0.474956718430953	0.181894992294923
-1.05876416989207	0.340526798435442
0.164759414290693	0.058417134961291
-0.292596402803385	0.0873350320881933
-0.702984680133106	0.309653176434337
-1.67932616917459	0.69836846716859
0.679800723994493	0.453862763338189
1.60445672558253	1.06323467582266
0.536972900435324	0.229523797615219
1.00039742375298	0.45289910727445
-0.151731915744885	0.0563853662840769
-0.291922434209904	0.102820282083875
-1.43228102854885	0.74257970901935
2.07432344697303	0.98782080086047
0.386788682625777	0.142583567440768
-1.04090771651263	0.439014621876396
1.38725996190371	0.493134041662893
-0.0065528251651137	0.00270134136600089
0.267816511360943	0.122553119114465
-0.49808324284924	0.191958911135533
0.299587543549205	0.137257299123177
1.08230651158364	0.433558668659745
-1.05357102754035	0.33871174915923
-1.85699513459518	0.837240187358681
1.38547624122001	0.492221548058075
2.04071490538767	1.23558812778966
-0.652690767659098	0.225953182132906
1.08243041392435	0.433808481076357
0.723103167221497	0.317287520818566
-0.178448894157955	0.0663425436163863
-0.110761269425648	0.0461306032124122
-0.298243338342598	0.0888649209209968
-1.16133330951192	0.523327607272297
-1.60766019817597	0.906960849779828
-3.36834341896617	1.47636636752499
-1.36890876026759	0.683900985815203
1.33010550299214	0.697143829541214
-2.01604845792152	0.97068588900134
1.05639231754606	0.542645652020619
-0.563224434073156	0.1470595732283
-1.99189891584759	0.955227350306138
-0.432164660331018	0.165889153517472
-0.290310492721879	0.0866777534551556
-2.71366037927859	0.963507235303924
-0.0426121867558175	0.0145427447108483
-1.18891374556796	0.539837233279804
-1.41775409261883	0.528669717214252
-0.704716941084855	0.30912428901466
-1.67729909173648	0.697440455542115
0.736444701222504	0.324097072859693
0.349372039279732	0.144988303116607
0.782659435897851	0.53010607081312
-1.01691588976536	0.428898077216372
-0.61436494437772	0.308448145621403
1.39028291728355	0.494072914686244
1.01477479514647	0.460455128084951
-0.143175060915383	0.0530603592805459
1.72781187455144	0.922590777929319
1.62013345375906	0.966161712982873
-0.3342759806222	0.117487924330224
1.07654286608265	0.431093031201469
2.03181031317212	1.22821358762262
2.1139014140458	1.56586867141449
1.35066722265577	0.710680338716169
0.530866582249024	0.283235380546285
0.720581845240218	0.31644292182129
0.179841017837038	0.0631910322713671
0.207223629271455	0.0840530322685746
0.906151326926563	0.261259737108879
1.35419398047135	0.713050483361513
0.93928558856532	0.716106378038622
0.213875735011713	0.0677940691858879
0.190551949951808	0.0501236937756434
-1.05646570561747	0.339422980870141
0.654209398021155	0.250907487224688
0.663111818128548	0.324143311762093
0.158208184323487	0.0704009579948356
0.721180454256054	0.316486406717105
1.58767225326529	1.16141633751679
1.33874786544163	0.702781873213832
1.02532995477669	0.46595079620983
0.177324465825582	0.0471342222202081
-3.36278014170325	1.47300894031415
-1.40535664263192	0.523201833324806
-0.897821923421067	0.438790742676341
-2.01844112246783	0.97315371759549
0.213458642344445	0.0674065916569276
-0.606420464845393	0.209873495724074
-0.865328582962853	0.335897198478452
-0.850982193699369	0.329487260402155
-0.124020897232425	0.0465419575152364
0.350877292292153	0.129117201101097
0.555899823045802	0.238834235746993
2.03984025840462	1.233998920652
0.874195693005503	0.440980622410125
1.01407624477326	0.460188290109221
1.0671368633528	0.426658214795582
-0.567585807840995	0.148008276225078
1.85272852489765	1.79024763428653
0.222818394976474	0.0701508489024141
2.2722129569215	1.52299603837312
0.741501830135559	0.326788423139357
2.64056031200289	1.58088552072771
-0.296959794941665	0.104884366401803
1.56123291729876	1.02389088790426
-0.86623399740713	0.335839414571421
0.382807665775913	0.140838536719693
-0.581582562970803	0.239829148542708
3.58383537604773	1.76983909623077
-0.852571679144086	0.330089246728635
0.177324465825582	0.0471342222202081
0.663385927314191	0.221879924565254
0.908924422609946	0.262601169518593
0.08900921602821	0.0348529651278274
1.32764138353136	0.694612184771369
1.91783502597433	1.69789396764766
0.23466335151464	0.0737583149910333
-0.858412840711512	0.332140419902987
3.28030290623515	1.46346513229433
-0.301609146428087	0.106442014531486
0.228511156169644	0.071804032729532
-0.584371982640259	0.152318216814195
2.10136702008388	1.55249587047358
-1.06898305525912	0.343786697766102
-0.292562777536825	0.0873256919566233
1.45458987504788	0.683333426990716
0.115202890609654	0.044814670852448
3.27619497272584	1.46229178166629
1.41260409858628	0.658175789651011
0.360032905046661	0.132551195945731
0.538659923274129	0.230562576773004
1.39028291728355	0.494072914686244
-0.0138044552333725	0.00657179257978188
0.510001481383299	0.217259701779122
0.99375242173097	0.625831984526096
2.26957151631317	1.52102674691289
-1.37331590086164	0.687130629167048
-1.86692536814844	0.841693204668114
-1.88966375425572	0.855147880656517
0.166846451055757	0.0587559378403563
-0.0048420793781409	0.00184698892211746
3.26909842045239	1.45753652807612
0.675126424079915	0.225747997410806
0.671739511165946	0.224608657118817
0.230534790079877	0.0723507853261846
-1.86402050329567	0.839556575242676
1.4289658546157	0.668429229083403
1.38727744289309	0.493135957861707
-0.744997391356597	0.402570264955866
0.533863191943636	0.228475215202552
0.332942327340961	0.137998493785076
1.33791829721146	0.784723427417272
0.16512155211795	0.0582280060973489
0.921824610399643	0.265755741469354
3.56649069111218	1.75758098854351
1.75931610176333	0.733095429495076
0.840422824224552	0.421025535379452
0.185336229200483	0.0489521954549182
-0.311156779659389	0.0923095751831279
1.19148473332005	0.844320793204465
-2.12362838970209	1.07312232039148
0.337266393705818	0.139468851143834
0.34775993809531	0.144271422901943
0.380396303559347	0.140190115919314
0.374041023683612	0.155446362688787
-3.92761674972478	1.98882876738136
0.75015024265563	0.330997756884889
-1.88460521733169	0.852385662428639
2.08244330412006	0.993420529815253
-0.361422267455921	0.153770203902405
-0.211070561908816	0.101783816331176
0.228511156169644	0.071804032729532
0.131971718222259	0.0469187552073564
-2.00959649123185	0.964423537485805
-0.711031187784187	0.379467409886172
-1.26833759994625	0.604630301805582
0.901720616063008	0.260095467165507
2.40641683213846	1.30198117251031
-0.0729558000956072	0.0231195974870213
0.702904742016774	0.425511316973869
-0.264266359721524	0.118162243096954
-0.0642756900903657	0.0204633609165601
1.76025011587465	0.733497356580686
1.75061451146006	0.72922626546094
1.08230651158364	0.433558668659745
0.1352277547972	0.0479322370171046
0.843991626814183	0.422705301738074
-1.02755013511879	0.43284199894995
1.92043269597461	1.29515554325266
-0.584581965603017	0.241740496974645
-0.45924732335293	0.206930934887891
0.155853788966492	0.0551672592749302
1.83339017203596	1.7569351786267
0.661630040313216	0.254101147614014
-0.447668333668842	0.17214435359198
2.00827409155283	1.2074578142116
-0.28742178920352	0.0857832079305612
0.523211123956536	0.27887485306557
-0.297513853927373	0.104973182119848
0.725974732232211	0.318661704317875
0.395327325723503	0.145600080750003
-0.460618153786623	0.177254422922737
0.250596382422263	0.0783154809169861
-2.72606985222524	0.970931640705507
0.00382902496172828	0.00102741804303165
0.100405485359456	0.0396734258438508
0.914726692294548	0.511598557609188
1.61024638506528	0.957818759503324
-1.37959885624869	0.690013438841643
0.731588435088278	0.321681817536344
1.11686936943141	0.64223492313154
-0.582453646475557	0.240169613815444
0.35317009279117	0.130563998900517
1.72408117097841	0.919239630774709
1.15419144087799	0.735281550363376
-0.580296886019906	0.238600695485693
-0.63156264919244	0.218784438429344
0.844707212001928	0.521585500533357
-0.853026939339483	0.329705638014669
1.02995222222361	0.468541302764414
1.64718858535511	0.988139926528608
-0.352413911578611	0.149178134536803
0.22893468950324	0.0721090333031653
1.770513002613	0.73911521710779
0.677379565658875	0.226586193321658
1.45056929004116	0.681196347905561
2.07134717568706	0.986375305284224
-0.027630025896378	0.00892108308399628
-0.691635083080961	0.303168083625602
2.64930310211972	1.58857594805962
1.99436268131982	1.19571159633931
1.34999741249709	0.875464240363057
1.03214503536298	0.526843514737199
0.27275186741711	0.124495366106699
1.07314442330609	0.429735777855557
-0.986185139449345	0.506373885225041
-0.0911136484595437	0.0280768680198503
-1.0615597697243	0.341093221319588
-2.19389897335411	1.14658967206441
0.163119425546932	0.0576631637158423
0.402427402587643	0.18757001205353
0.172240557604414	0.0609968319602929
-1.05876416989207	0.340526798435442
-0.870806987777158	0.337357903053457
-3.36435284168057	1.47449237009507
1.07890679271251	0.432199101979189
0.246104130605166	0.0769660138150043
0.372816537448805	0.137156309194696
-0.593173813954921	0.243970001914213
0.344485932246591	0.127038639096868
-2.24066452457207	1.17982546853433
0.674711167476204	0.225687715083999
1.38693874860014	0.493138548264775
-0.279226597617984	0.0985989013225853
1.39741486104157	0.497164782563706
-0.449744339594659	0.172736087846619
-2.01406826545766	0.967641701236427
-0.0289488687327611	0.0110226333194258
-0.619610451792126	0.214086308020742
-0.0828765229577968	0.0254040405177377
0.202198391670494	0.0436656035177294
-0.0241844296849614	0.00783028875448063
-1.36069513648773	0.677938889071618
-2.12230627742406	1.06648652615297
0.369416633207115	0.171478609643882
1.54248760137513	1.10966630519799
-2.28836892217587	1.23760211398922
-0.879759528089412	0.426971308776085
-0.0607590430659973	0.0194153249897909
-4.05416536677269	2.10898518153616
3.28942439006547	1.46887958363091
0.919086224093982	0.264875597201778
-0.611416281587322	0.211228256047367
0.27506935368948	0.125346708953394
0.860450077912313	0.432627604434119
-1.04316987327478	0.440746769999215
1.09417108141425	0.439146045343994
-2.72255744124352	0.967650203505477
-1.06821129260626	0.343603474036397
-1.01455067703256	0.426415237484923
0.530009871086794	0.227027874720663
0.233097360284084	0.0731580454687324
-1.0334595239218	0.434653900206616
-1.6940792113496	0.70593320619324
2.28671319136733	1.53689257672734
-0.0834248257007152	0.0257789102291187
2.07602502174548	0.989872195749746
-0.34081517872237	0.144043454417584
0.148778857508702	0.0531644739932252
-1.06922186661258	0.343915854428266
0.689602142707881	0.338461808058799
-1.05434667090414	0.338781426865916
-0.156487428940269	0.0582194897378534
3.26908338806269	1.45678296110119
-1.02590967067232	0.432934611904664
2.06846038376237	0.984062137946601
-0.500529289386141	0.193088445859884
-3.75483041596329	1.83978695406157
-1.04923748026572	0.337110470489464
0.171886235959321	0.0459106029405569
-0.281260235296569	0.0842171949240455
-0.566742282217659	0.233541565899692
1.32921980051576	0.696280615715444
0.222488748073877	0.0702750393397437
-0.613762063530198	0.254868057336251
-0.86623399740713	0.335839414571421
-1.8545039424069	0.836686070456027
0.36367575713432	0.134273557502678
0.344944156264116	0.127724031092337
-1.39450786271473	0.518532290441501
-1.027334002195	0.432816483995733
-0.10849940230819	0.0450041516847871
0.166936128032523	0.0447866169980702
0.00261534116366172	0.000265919233551093
-3.57876744303406	1.67190537181335
-0.373600428029602	0.158395461166006
-1.84653246538365	0.830998508081067
0.000531751528571989	0.000366401552031712
0.232775973181724	0.0941695342134297
2.29069263067208	1.54141947682768
-0.464018320909125	0.17895041045303
1.30838250063994	0.682341389329475
0.177005143510124	0.0793762003711284
1.34138550219726	0.787715149303663
-0.0156584889087115	0.00546317153452027
0.859496397598383	0.432391235222697
-0.847205246187302	0.327769020292819
-2.21487088648384	1.16126541672479
0.87306157124629	0.54488083651403
-1.3872427357441	0.693373513711613
0.676814211148008	0.331016547568493
-0.447026013846988	0.171993670774403
-2.00026354273992	0.961013342900806
1.75389877059657	0.941290916192876
-0.286974240436354	0.0857853046400139
-2.10641623040651	1.06059451657137
-1.44624347999331	0.75096931421223
0.163519401363342	0.0578005674843315
1.03869699552403	0.473042641303627
0.190525291140927	0.0769080661974697
0.528226933004804	0.252753996103081
0.100934045900783	0.0396626436242149
-1.85050556908139	0.833560452758557
-0.882322043906239	0.342452393835593
-0.454068940195523	0.174385721078332
0.190551949951808	0.0501236937756434
0.631936167295625	0.380427141690956
1.0151639306177	0.641682004759941
1.05208521795102	0.737611316023363
-0.375898285141086	0.159902024222749
0.164607693054281	0.058207917448015
-0.554009631260321	0.145198449870715
-0.303651161948604	0.106597114849388
0.22893468950324	0.0721090333031653
-1.99610643305022	0.957939354215995
-1.39771197883631	0.519898839391122
-0.0787331237705215	0.0245872359237653
-1.38835416203701	0.696002575661347
1.43777745532278	0.673223104825915
-0.707301483243287	0.309993076772824
1.02184028807686	0.520123137394456
1.58041478968147	1.04075943382463
-0.872305576876012	0.338443107340808
-1.04621110690196	0.336165192535253
0.231117956713234	0.0727088244452258
0.20471393630254	0.0440337263228802
0.672085675093466	0.258301788788476
0.182327940194625	0.0482741151528399
1.38545837834875	0.492219504116298
-0.166870229022544	0.0624289505089683
0.921774163847151	0.265747233383473
0.663026771589623	0.254567497724721
-0.0648418021546259	0.0207523864740824
0.534820660926596	0.255958024819825
3.25904938664935	1.45089842575752
-0.353682251982643	0.149920157491018
1.0430454852605	0.533112158067621
0.222869713972943	0.0702508404965994
-2.02538170587133	0.975371372901296
-0.475865728029807	0.215057912841228
-1.0121667484362	0.426066708300817
1.36390945145357	0.804560408581576
-0.0287759369306638	0.0092784368678202
-0.453005171013646	0.17457278882595
0.646664355085335	0.247560855118348
1.33405431213849	0.699478628190823
0.675464642647876	0.259947041364519
0.0937352550957008	0.0368155935936696
0.510821363056636	0.217394215782579
0.182273477751123	0.0405997709363184
1.42293181509747	0.664498429182714
-0.464884944802728	0.179352363378917
1.73729399325518	0.929130366394026
2.66278613463672	1.60150981090342
2.02297445069881	1.22005204159132
0.223331594036366	0.0705156374525385
0.959661304594967	0.544655784647936
-1.37828848324893	0.689984460361389
-0.796997295616339	0.368030907943183
1.37975964397734	0.63912757441458
0.369110869322808	0.135732432030217
-0.893759067562203	0.435309261970559
0.746254842839907	0.329180127076946
-0.868909064815679	0.337011107292303
-0.0160809579507392	0.0054845630781134
0.208130289751052	0.0445612068776082
0.64934400979849	0.249051843557795
1.73644211815438	0.928493525575939
-0.0689027211470095	0.0219430652758333
0.932362679795735	0.52446033434145
-0.468525911008673	0.179539127243085
-1.1642514355783	0.526104700276117
0.155033603536688	0.0546710396529507
-1.05646570561747	0.339422980870141
-0.0302880044484394	0.0104861951610886
-0.866085731748763	0.335905567236944
-1.88090615372377	0.849458679379001
-0.34898152614527	0.14797986355922
-0.806643780891402	0.373926897423099
0.675407913688916	0.369068273284309
-0.304880335083489	0.0904349110568447
0.679191328030284	0.22724498722169
0.144522147125651	0.0513654345239887
-0.468156622245249	0.180350208304822
-0.284672165916858	0.0851588772871711
0.849237425368332	0.426264635366295
0.840599266032012	0.42063602047805
-1.85165382384522	0.834093970321156
-0.470749217321479	0.181916908708617
1.03877357655712	0.473410827478586
-0.545604096886356	0.259971942070589
-0.442935709438638	0.169723512658697
0.165098845749039	0.0443852773723253
-0.589272165817044	0.1536452053956
0.160209135198533	0.0569930838265386
-0.632183976563046	0.219033211637202
0.745227904839125	0.328884591646788
2.07416946245933	0.988395765267243
1.36972296309591	0.486388383733701
-1.40789505573932	0.524052581176505
0.151920144443936	0.0414386344909886
-1.05853697678851	0.448585980837407
-0.878453159163415	0.427263268514585
0.225265061354041	0.0710251442631123
0.649118278587343	0.316160074053637
-1.878463355002	0.848930438413436
1.45562825023331	0.683888061943807
-1.28477114809684	0.615691558107628
0.2274543977565	0.071600628538582
-0.869887856369641	0.421368513123787
1.04029800375583	0.532379178142807
1.39256483421105	0.495195831360944
0.349611748483185	0.144762743150337
2.03346257787495	1.2284122474524
-0.728389717383925	0.321183719567806
1.39559632674966	0.496139071198923
-0.297381463753867	0.105150351820458
-0.307295962548587	0.107973449888191
0.782125466832038	0.432535696497371
0.38292249356568	0.179000330260284
0.653383025399718	0.250726073024161
0.679138829517389	0.227225806250618
-1.42192559564052	0.530230412250847
-0.635106084331618	0.219935482019633
0.236760388577432	0.0742695453338153
-0.294235024159454	0.0876651879596146
2.26609793969271	1.51679458254542
-2.01634966470211	0.96918463746636
-0.0743728475736128	0.0231750732736504
-1.17099870940297	0.530191757788779
0.389483686083399	0.143632085203632
-0.565000228990759	0.147836672845567
-1.85678679240785	0.836458255436165
-0.298209899803795	0.0888556079266036
-0.58265942546597	0.240976240213598
1.00745572374524	0.456089913180729
-0.2969518082238	0.104731945676978
-1.41216828346745	0.526107785802114
-0.293710157801047	0.0875871176611121
0.386769235592496	0.142411032033342
-2.13529081106627	1.0760351575881
-1.46556636079729	0.39889055417079
0.377898211655162	0.157567281609679
1.33289045250595	0.698448078029142
0.716501051997947	0.314275271937685
-2.01141148068689	0.966876987177028
-0.283396943738349	0.0999124017158553
-0.467631810335929	0.179666528934823
-2.21257221902061	0.680354097619789
1.09395900758123	0.565811265739946
-0.454471428413319	0.174484284283712
-0.487707145199285	0.187714546834791
-0.360434879215905	0.152728347172046
1.7660718355889	0.736843404138436
-1.0764473812127	0.346245967591191
-0.140229995542667	0.0525227761354063
-0.290172480232866	0.0866608763690696
-0.549638443779565	0.144154566527545
0.921774163847151	0.265747233383473
-1.87679473344497	1.25905145361197
-0.301986016138522	0.089670218852357
-1.8696422600211	0.845403659105727
0.665993328239866	0.256194502471087
-0.301330238314901	0.106644669024467
-0.774481240591187	0.356801187125042
2.37995844412401	1.28141129147365
1.03026148760108	0.468312104745677
1.43249253354555	0.670396702484728
-0.609041337299214	0.210821100090729
0.739064645646065	0.325797711314849
1.33559478445311	0.782628107793899
-0.566762350553045	0.148337034266256
-1.04415041615715	0.335312917030539
0.910807770799633	0.262737230399533
-0.549588025379477	0.144138904810768
0.680770536184485	0.227634687282147
0.168721282872379	0.0596410629568705
0.696852134846194	0.304748405464482
2.38117453679347	1.28248496189046
0.505896545928728	0.215066872264443
-1.04080709067528	0.440220078691602
-2.21287945676743	1.162826195108
-0.00714794397362892	0.00294990819729251
-0.301330238314901	0.106644669024467
0.23935101565622	0.0750454443364306
1.01598901910371	0.460809978465814
-0.303450498456536	0.106915972599795
-0.283695303913811	0.100324275948962
-0.837624054844146	0.323845895753751
-1.39218884984795	0.517361767954646
-0.305975765947475	0.0907616862676259
-0.855003276110415	0.331338009543969
0.804212540879331	0.447472764923191
0.2066645178388	0.0832152632891281
0.520909124827217	0.222677662475326
-0.885377887205912	0.534081070208274
0.18964995062938	0.076569326608515
0.523478976583513	0.22354149970119
-0.0607590430659973	0.0194153249897909
0.153115206269428	0.0542875510332824
-0.880035049279012	0.341550757738182
0.760424635087575	0.336353323666927
-0.304437349063416	0.0905078276399289
-0.913197564599255	0.353805415915953
0.665533456401679	0.222706642295264
-0.0548120384712905	0.0179162878811802
-1.38951520219352	0.693227357883177
0.216335129945687	0.0683970317291691
0.165365965063453	0.0444642586297071
0.668502070998385	0.326580924848582
-1.40325859652233	0.522285930698835
1.05704254077081	0.743240126681135
1.36446495999634	0.888227731225523
1.38957458135007	0.493821378507415
-0.241649460598477	0.107482724793738
-0.609158398920802	0.210864854245956
-0.549638443779565	0.144154566527545
-1.42143227654439	0.530097293201823
0.00557549456722155	0.00172289201963847
-1.45816888329865	0.759813061608635
-0.483267847701004	0.186547340541985
-0.0555817195260467	0.0179668382191444
1.07999676732128	0.433003346436038
-1.10603394071141	0.620746016715692
-0.795145633721495	0.44974918702949
0.246607716198429	0.0772016746780447
-0.884933179346471	0.431250701911898
-0.0228729811977895	0.0078020355554698
-0.264760223016576	0.106017399115731
0.353943279713118	0.130312941002089
0.676796357452218	0.226440404402874
-0.0509582452010265	0.0168098864094896
1.60597527773763	1.17998505838432
-0.486974783169486	0.220210477581274
0.868776273022052	0.438050111990448
-0.620258260671896	0.214714395462422
-0.783247314662079	0.36196089782319
-0.629553074151847	0.218136751742271
-0.293575115070855	0.103059587967355
1.34299913675202	0.705834239172076
-0.322708777646455	0.113419373265588
0.741905926768887	0.327109124290063
-0.0676046001513337	0.0216481204050412
1.11987939070523	0.644859646940938
0.222940764581947	0.0899962094722295
-0.364230989617466	0.154744759913784
-0.60445069845071	0.249966852204179
-0.618283020082934	0.214212836140942
-0.297087542177462	0.105043790392712
-0.0249667747254866	0.00934840814562228
-0.302708411713025	0.106017690541424
-0.0342324200212286	0.0118589940515348
0.953344716576687	0.539551194499417
0.247749008764279	0.113245796460486
-0.472246166943828	0.182044640330181
-0.314658149771429	0.111152990380976
-0.84790329727699	0.328250159814912
-1.88201048273998	0.851151701678739
-0.153655478729613	0.0577763813998405
1.05645665467407	0.541648191096641
-0.084582711049809	0.0260484643788296
3.84075001687491	2.07807527856366
-0.0718368332577771	0.0225063146770119
0.168025334019007	0.0592942204764155
-0.863592219120269	0.334285587211288
-0.024850907113507	0.00871438221772477
-1.02995535174707	0.434952183517406
-0.278699533191866	0.0984564488324212
1.05943310394843	0.544292568867319
-1.54181178832722	0.837630495375634
-1.39771197883631	0.519898839391122
-0.13968678075123	0.0523405088580461
1.72665749194725	0.514015992250562
-0.304389922778657	0.0904940480963697
-0.565000228990759	0.147836672845567
-1.0629970706356	0.34197164285647
-2.20452069372124	0.676749531450116
-1.17579514465528	0.532243227040689
-0.0920849468039028	0.0383464034246258
-1.41562669324815	0.527684733113059
-0.581311143993901	0.240573486455645
0.665482699211683	0.22268814323036
0.652787876380354	0.250350819072737
1.35152430281602	0.711329437291273
1.38996231775011	0.494293477117778
1.0548449910963	0.541410113297323
-1.04548735936134	0.442295274255366
-1.06297934678592	0.341962484637486
-0.877496567823773	0.340688798793937
0.390753452855618	0.144047550533768
-1.18246400234537	0.534354275814509
1.39014128400361	0.911255631517779
-1.2669855658367	0.60377549410714
3.56221723512204	1.7544607898084
-0.271624930034171	0.108502743898214
0.208088282973525	0.044554233682967
-0.0845518938915973	0.0262138201597811
0.668036332371809	0.256525412734318
-0.319488489760172	0.112441047477256
1.39026582301669	0.494298341784791
-0.590859192839547	0.245065352960875
1.09050114756657	0.437461242160714
-3.58994030119047	1.67949603348423
-1.25608878379405	0.597118726633811
-0.625868963941049	0.216824207812961
2.91771648568221	1.15252312484676
0.544772394528585	0.233227756290871
0.660848995370529	0.253914453399288
0.139330094607738	0.049195283505124
-0.70175921401272	0.30698369870816
1.09501114203746	0.439677867435705
0.651402258053703	0.217908929076761
0.219639934484213	0.0693806301956073
-0.863864480624225	0.335227274758579
0.669547790070559	0.223855623975965
0.654209398021155	0.250907487224688
-0.292431538166357	0.103331667725826
-2.13349290166678	1.07707127101671
-0.305835558184101	0.107290185860875
1.03905609531992	0.472983943454885
1.61816216523969	0.964310150115304
-0.441154885277218	0.169220579155123
-0.381144682347879	0.162162082150469
-0.145340338923098	0.0541985614722003
0.775616387966943	0.427538930696699
0.500408129992106	0.212677729748222
-1.67623209380235	0.696851454808509
-1.68815736432697	0.703380112663273
-0.328356479874783	0.115931048385465
-1.02541863737577	0.432846475114452
-0.859962529904263	0.332954598204354
1.35191422842833	0.711183334344786
1.04840874200826	0.537072424776117
-1.03904858906921	0.439323272859219
0.939421872957869	0.713844348543529
-0.0735236518780144	0.0231174286644994
0.223302269959538	0.0903119394427046
0.221252759231172	0.0898193648021608
2.51875485313148	1.86465509805175
-1.58915397489778	0.892196183355349
0.372470232250837	0.211405039794884
-0.247994268754534	0.0985584334754551
0.236760388577432	0.0742695453338153
0.351292097400725	0.145350375785671
-0.288122920487252	0.0860808356526595
0.196315155888877	0.0427978646049216
-0.0887182970724454	0.0418051778997917
0.355634973898546	0.147384861094992
0.539247754345277	0.231011539976136
0.144204009933697	0.0513970261363063
-0.55888165037327	0.146019049191659
-1.04621110690196	0.336165192535253
-0.276480988791522	0.10948946568986
1.07314442330609	0.429735777855557
-0.983932022996274	0.505045496576332
-0.56442130130097	0.270558268051852
0.521443537947528	0.276990581153481
-0.157228002076823	0.0584445988050937
-0.793463592747439	0.367046647878149
-1.86214368175214	0.840173994393812
-0.607247452062344	0.24924086070932
0.223980044366661	0.090984515698298
0.665267698454443	0.255506687091316
-0.617543532053568	0.213777794885301
-0.0260291197545746	0.00990994545208483
0.529532918437256	0.226180490196657
1.58360067663705	1.04433171646427
0.133615523514349	0.0476648568235583
2.68512645042133	1.62267413443494
-1.51953613049832	0.819313293306597
-0.067510014779196	0.0212427535464077
-0.590383276314494	0.244463889964789
-1.29203335318167	0.617426493264818
0.655421349341572	0.251496231221169
0.882510203045292	0.551957106983814
-1.29079558783431	0.618048769759181
-1.16553456445811	0.526432486729267
0.666048146933676	0.255968521416685
0.172527909640684	0.0767988023522897
-0.264676274153865	0.105369626779597
-4.14429500839158	2.19644933788275
2.01144533162374	1.63586968309078
0.388141062614378	0.180733366838474
0.722300022132538	0.31687429850319
0.234062289777695	0.0733937759263111
1.0259198465088	0.649958626403701
0.380038391098936	0.176561095162542
0.643924359986179	0.31263152059998
1.34425546097947	0.706269220231068
-0.159817539505837	0.0587112769274617
0.0647349404859735	0.028125271277445
0.395508693836273	0.184207572294083
0.661986823780947	0.254274901135502
-3.92572165925949	1.98999359143831
0.495905399399085	0.234822214022732
-1.27987130511865	0.611696578176861
1.76584047033206	1.42542526027448
1.37034642442248	0.724228273668443
-0.55298647665204	0.264135947658914
1.31732004468528	0.688908173511538
-0.297087387741813	0.104848454358452
1.41601661742671	1.0313364330842
0.349017838636254	0.128715017728843
1.20685821556382	0.857068714032721
0.678153882265417	0.33222412628619
0.719576965084394	0.316121737820007
1.39739858612762	0.496934278756061
-0.563224434073156	0.1470595732283
-1.85706609824208	0.837337155725625
-0.606300971628515	0.209828914650814
-0.00765788672831715	0.00261873766974385
0.24043151093131	0.0753310477210604
-0.524577827766807	0.248380501341417
0.659279431527637	0.22063374661738
-0.874745329926161	0.340160277164183
-1.20643292693185	0.718883365143507
0.648082700945639	0.315179836561213
2.09728535380783	1.54785502457065
1.81960929123011	1.34097509212854
1.20699792855212	1.11594719420044
0.207266619053776	0.0834587374610192
0.269949148918019	0.150076978011156
0.136647561871831	0.0488554695267507
-0.137344894112612	0.0569411508638498
0.729871465200792	0.445401392808036
-0.164722729360461	0.0605072059376098
0.163143844098422	0.0574541395732083
-0.130640155141827	0.0536709500752799
-0.290264244922464	0.086664393151335
-2.23501516023905	1.17257274795728
-0.62323839204259	0.215729078552078
-1.17638084424577	0.5312582726069
0.177324465825582	0.0471342222202081
-0.0644937872061349	0.0205341488285567
0.666865508184623	0.256252881773582
-0.163311373351535	0.0609599687456839
1.33571507490679	0.782934792516111
0.2402841881983	0.0969006951153458
1.55200956160682	1.12274155058121
-0.0905301738805616	0.0274696959424882
3.27922726773361	1.4633502643727
0.339351326136567	0.140377217396053
0.163519401363342	0.0578005674843315
-0.308978324329468	0.0917900248118583
-3.36435284168057	1.47449237009507
1.34858857439914	0.873708431649305
-0.58375285022631	0.335157571501195
-0.151344955604053	0.0567327410776765
1.11846157503476	0.643621826182946
-2.22129368522114	1.1670340872009
-0.286974240436354	0.0857853046400139
1.36551843575092	0.484955838575038
1.13898359964041	0.658847801168229
0.362309208458097	0.150395789145968
0.868500301352297	0.437838147788865
0.760805557972214	0.419241876642593
0.407868144483051	0.19112877818266
-1.04970653561158	0.44502252976873
0.101832016979441	0.0396590186469874
-0.533953543643775	0.2537258325251
0.803983210817626	0.549778898897137
-1.05853697678851	0.448585980837407
-0.715383000602981	0.314847626459403
-0.270369036390035	0.107552621254251
0.622756535385078	0.238450073762037
0.499650143249202	0.21277511751435
1.09971393598316	0.629322014479537
2.45442904372326	0.842929862158112
0.223390377083241	0.090328205564361
3.2833312885705	1.46611990793056
-2.13523739487894	1.07815540150725
0.852522646409053	0.427806425783811
0.2066645178388	0.0832152632891281
0.34524492700261	0.143460577799641
0.369068525741944	0.135591963549716
0.358191684451501	0.131859948432554
0.506786494009372	0.215355812862219
0.671268687509874	0.224622004345607
-0.28632390756798	0.114478554241393
0.907779935208085	0.626485734234598
-0.549588025379477	0.144138904810768
0.158747408892935	0.055965985306647
0.526617583085546	0.251568334987443
-0.286940431421599	0.0857759418120604
-0.863813951340481	0.334263587551836
-0.151625183171563	0.0561528440806094
-1.2955355438561	0.621194536284167
0.214355217544022	0.0866167881432435
0.35014590305993	0.145551408831985
0.172141930104414	0.0459762515619496
-0.549638443779565	0.144154566527545
1.32629347220921	0.694735274592242
0.904084541315186	0.261500500062554
-0.329420637941096	0.097089665931097
-0.695222996494898	0.302945933232124
-1.67422134217368	0.695931692037346
0.630224255244054	0.241167313969109
-1.38240042045939	0.691794758123208
1.32842118683659	0.695120103726302
1.06157099514437	0.545204848919457
0.35967752558166	0.132385240160167
0.205561737379768	0.0441838774146192
2.4110519290943	1.30604253124369
0.661320965224823	0.253964973062113
1.05245013115455	0.539156125710699
0.174889099808041	0.0466011835497983
1.72665749194725	0.514015992250562
0.346630520892089	0.127240861809027
1.02828285800169	0.467753562007384
-0.298209899803795	0.0888556079266036
0.180334652339367	0.0478106473797875
0.211271410677175	0.0669022505838267
0.16207981277472	0.0437108354064728
0.902425948558069	0.260776504921945
2.44567166971443	0.839453219846175
-0.554009631260321	0.145198449870715
0.998901782390111	0.451439254621666
-0.149684535119156	0.0560467708729801
-1.88610862025774	0.852261860523439
2.91771648568221	1.15252312484676
0.373346927214343	0.137509405270366
-0.172125147702964	0.0639598719133354
-0.618283020082934	0.214212836140942
0.915318019020568	0.263922623604752
-1.06622034319365	0.342974832284015
0.739006749535859	0.32509024292127
0.655934844210962	0.219659734372846
1.36976086858621	0.893177174171445
2.11756041143871	1.01580063446381
-0.297513853927373	0.104973182119848
0.906151326926563	0.261259737108879
0.361724692559559	0.150094034099444
0.166281861745646	0.0586863030590391
-0.296435117496757	0.104312641036599
-1.17306882602798	0.5305114686779
-1.41120680430057	0.525408451104084
-0.470019658348409	0.180551491263282
-1.05646904603249	0.339399875274635
1.72402871819241	0.513373825324747
-1.29028693981198	0.614514471083883
0.725257980548119	0.3187030389486
0.342358405387555	0.125899332589951
0.511913770429006	0.244225926472083
-0.626555691776872	0.217167560602821
0.145930771793654	0.0517383873211555
-1.06803950864542	0.343420402348576
2.6583093079781	1.59834980863449
0.639949301102751	0.244951965301791
1.75689874560971	0.732131283191921
0.187468605835015	0.04141071045087
0.139270814638096	0.0493272620342324
-1.64787661361403	0.682675038481065
-0.302038032953891	0.0897136938371857
0.130011927508289	0.0464714562074316
-3.76435071821073	1.84387401644754
-1.66838500137122	0.693323231806104
-0.878930971341417	0.341533958747101
0.224865135253605	0.0707281274482377
-0.0756767178930098	0.0236296753320394
-0.134039514217461	0.0500181308506286
0.373808699428959	0.172845070140829
-0.608507135035632	0.252554832746897
-0.65003930525253	0.330404550146593
-0.0673957756720004	0.0215871816536072
-3.79620184700026	1.86251770576015
-0.432164660331018	0.165889153517472
1.39258193627448	0.495197582069264
-0.305439854505871	0.090662601436942
0.511614971681601	0.218014864750453
0.754227317143847	0.332794408301476
4.52025531680839	3.14926015469512
1.35321814357194	0.796546083854553
-0.166778290163416	0.062672727452585
1.07314442330609	0.429735777855557
-0.377820570749147	0.16085734274155
-0.862380664303742	0.334329552213172
0.0929308065434808	0.0365393170538667
0.248609906656177	0.0778029618895605
-0.599158411874478	0.247510935863207
1.34690861873443	0.792032580350085
1.05408742174586	0.540577907794468
-0.150254454552072	0.0711337368586706
-3.92545291111529	1.99176349534737
1.40001544906643	1.11939698434451
1.4191213138506	0.662322961758951
0.636458048995302	0.343381781745576
1.78797389062013	1.45379044249477
1.09332496295874	0.92266866788573
1.24647864356242	0.984693323608738
-1.86658063178752	0.841058083644279
1.20633544968172	0.858944631644597
0.61512129863842	0.235417171336542
-0.697175505211302	0.3058288027923
0.369960156780984	0.171937922491163
1.40728271226433	0.655352438677983
0.52076187648143	0.221975898072746
0.687637318624656	0.414591224520609
1.61792651690669	0.963797667203337
2.71011888597063	2.18327778801869
1.02323967439457	0.650818153809319
-0.0197498965779132	0.00681209225984666
0.460337931036441	0.291984559963868
0.919654186711748	0.515384292482009
0.788657069058793	0.43659452463043
1.04705855332522	0.535983966493462
-2.10613805439385	1.06005282152803
-0.55345622909277	0.264122117218612
-0.468686827278785	0.179420511260077
1.90403092401871	1.27927319921228
1.7428900110161	1.56016058119682
0.399713227176331	0.229745047775102
1.8601746011464	1.80674403390161
-2.43804127977242	1.39992401508181
0.64934400979849	0.249051843557795
0.813607886129514	0.454403658486994
1.3801874459795	0.490172173913112
-0.0358685406401161	0.0156480551853017
2.92438485477444	1.156147471729
0.516327435435288	0.220600487621778
-0.721516645434289	0.317041866900338
-0.499408336507429	0.269272592332485
1.18371664722001	0.761089023655242
1.075702221477	0.831880178754362
1.2344280982844	0.972894607087739
0.35052584116095	0.129093306933519
1.7660718355889	0.736843404138436
0.658778488770701	0.220431019091828
-2.2226883709283	1.16156970293548
0.401305790098745	0.231383585105989
1.63799006332989	0.980101460976786
1.71897544386579	1.52821462609489
0.357979200281637	0.148732943486091
-0.63312141045411	0.262986710297195
0.404971556244356	0.211813962385572
0.658251044134812	0.252481367310542
3.56286702414565	3.04842249259959
0.16723527733087	0.0744350395154364
1.58115964767452	1.15179023824323
1.34452669220367	0.789372630207851
0.372787116681782	0.137325488124445
0.0745736869841326	0.030320676902339
0.573822635000186	0.338866350759945
0.729571265828012	0.446248400894769
-0.241769721150732	0.0959230903841389
0.481516969927392	0.281993769232363
0.758474652725759	0.417121395842588
1.57690780317442	1.1493551592487
2.39926273320299	1.29784807746967
1.1955301928129	0.848238295315058
-0.0202196241878748	0.00696445737133549
0.213458642344445	0.0674065916569276
-0.60097019031634	0.249126940275445
0.731298257991044	0.321221446988176
0.852762296301249	0.427949295814968
-0.293064593920418	0.0873285044162247
-0.470749217321479	0.181916908708617
0.228234879096324	0.071924407436597
-0.620258260671896	0.214714395462422
0.888711093032529	0.44942348398625
-0.619519869438452	0.214267720899578
-0.875407392117137	0.424054500778349
1.79816306067542	1.8814906063841
1.99012480843468	2.40880626742795
0.705907489829021	0.308871022441009
1.32839925946178	0.695986527523253
1.74025122256535	1.96347959113675
1.0285023201197	0.653346331713348
-0.129425643000372	0.053313787247319
0.577823100677004	0.408906524792632
0.918999786185325	0.638620883985868
1.35073383405858	0.964875838404495
0.728373317096506	0.320192267642897
1.5582974416196	1.38315336934772
0.642809827918716	0.311914026604401
0.917266178239809	0.514794961013032
0.363649647065349	0.150725344677311
0.489854819964582	0.208078289211325
0.661215533200986	0.359733828660006
0.686487174778602	0.22957980027577
-1.67729909173648	0.697440455542115
-0.632162665545722	0.219170645510441
-0.163368548066654	0.0612938681092546
-0.283958946580875	0.100346319742523
0.43441114576675	0.27430551846559
0.236617531572482	0.0954749727209832
0.557381483061542	0.360750551200346
0.683458879557548	0.335105667102049
-0.785927279558025	0.361592691903893
-0.125800980748531	0.0517456218713538
0.760232041294989	0.336048170419654
4.31799492770415	2.78243289834119
1.22049805755989	0.872457253399589
0.951067360601848	0.539151335222337
-0.106637685579224	0.0321470227319776
0.630605619143774	0.341617923507229
-0.586744720533039	0.243063485631782
0.782125466832038	0.432535696497371
2.73341555787784	2.21385286837091
-0.8665390666813	0.419506465971511
2.12528404975146	1.57860545335807
-0.00259499168025079	0.00104362946825186
0.656205957429589	0.357539510072814
-0.112317080214533	0.0463722915623503
0.869401367000813	0.540572628129227
-0.279848154196821	0.112356957745041
0.934443457297948	0.526863649780746
0.125352942499108	0.0454012905850507
1.09137019778463	0.564321935705479
1.07678987015543	0.554810942044277
-3.74963504418128	1.83588161056269
1.38319950814305	0.998182815762234
0.898641718999529	0.619276191138263
-0.265773590563486	0.0939843914631802
-0.292229772525509	0.102685959346894
-0.796936321631191	0.367837105831139
-0.0963480260405676	0.029575075076195
1.00916517078296	0.63568477203315
1.72796921310175	0.922408080111443
0.52413426528998	0.223957952910463
-0.594952867413719	0.287654682015474
1.63981522107019	0.98115371665615
0.131971718222259	0.0469187552073564
0.0384087282717405	0.0192726908927379
1.30965994057738	0.762874880048269
-1.5556678604472	0.845534636267529
0.210459176229492	0.0851489201047511
-0.815190097835565	0.378808870384668
0.394483848082073	0.183494351686078
-0.852571679144086	0.330089246728635
-0.00802721232816763	0.00328049904693808
0.645426344181411	0.247178561350129
0.641949455042825	0.246191020093378
2.401671961519	1.29830101712471
-0.362066388087766	0.154069416994542
0.374279939265391	0.156040747395281
1.00339422954057	0.454218175977493
-0.366884763171722	0.155861126889855
1.13400592286555	0.65478950360447
0.15545446872458	0.0550501503748026
1.884079148399	1.2604088071112
-0.455114573707717	0.175082865827775
2.04514039190376	1.23967211793265
1.07319275548697	0.429814917008006
-0.89174187282633	0.53886926436641
-1.18164429648675	0.535570718327689
1.08268584750491	0.434131481875892
1.06518023668603	0.547678560836689
0.25734714758686	0.117321715731139
1.34261041648438	0.78803538603371
1.2069862814579	0.780915630908374
0.187572838866059	0.0756118685152397
1.0164080608921	0.460842950393706
0.317971728178912	0.16331919872516
0.221727556432281	0.069957976083727
0.91430180601588	0.51200444433992
0.618089328318252	0.371386402396911
0.0178726803531346	0.00536255952766936
3.25608093098774	1.44911407166836
0.157998340659507	0.055982646371251
0.510428050019277	0.243539971061512
-0.10526880213608	0.0435420704010977
0.760567501728882	0.511779387138925
0.373647600524218	0.137403492706633
1.72654759204851	1.53179978618395
1.03407241995207	0.656799986672006
0.73309025528567	0.448288467054534
1.56392694230347	1.13640291894728
0.000679241856553416	0.000386203183843564
0.729144720947814	0.444088689257455
1.11290133353411	0.639733370250529
-0.767978117649613	0.428823363126496
1.54382245472815	1.22847808805114
0.719073066181898	0.438978785804692
-0.0816376353705683	0.0411927825820255
0.142175415608899	0.0506324856350314
0.935740791148647	0.527561678360142
0.361778180581465	0.150288290826009
0.377991578569037	0.157130890366255
1.22247149131916	0.876519832232845
1.0610925159915	0.545095731111325
-0.73086850786332	0.323169742122003
0.937020630695664	0.527732599480356
-0.447911818716272	0.201182685438373
-0.575161976871173	0.374552425888057
1.20751891960666	0.781461725920924
0.767932328947278	0.423909098342415
1.01677032126472	0.642713031660638
-0.567097066778424	0.148548092076695
0.0825514066334112	0.0326359233980981
-1.42481399402057	0.530982496988981
1.04002942245695	0.663980627209694
0.333397261768954	0.138237246692056
1.72408117097841	0.919239630774709
-1.03148325237778	0.434975860162984
1.65555954208247	0.994289877682004
0.528248161028005	0.252004628928429
0.0765102562933031	0.0301800213650654
0.347238255608892	0.127865486413794
1.05741074824029	0.543025722356963
0.509227375357508	0.242650546037988
1.34861009933996	0.79312646878229
0.216669552420131	0.0682893939160796
0.771002785752485	0.341271411381528
-0.897314294319982	0.437609568874485
-0.12691315992591	0.0524324244940886
-0.863864480624225	0.335227274758579
0.39951681468702	0.186329397440971
0.95253787416752	0.539308930129734
1.30875485746619	0.682613413211656
1.74479681267686	1.40015432431806
-2.20452069372124	0.676749531450116
-0.783472934001833	0.361340994879537
-1.40002903752444	0.520906482245951
0.208088282973525	0.044554233682967
-0.475054556733457	0.182441864098851
-0.301609146428087	0.106442014531486
-1.04923748026572	0.337110470489464
1.18296919879292	0.835774723502206
0.135215633455935	0.0484450931545244
1.00752343551908	0.456355157309592
0.83738339999476	0.41928967141605
0.688640198718118	0.499824939776583
1.06518023668603	0.547678560836689
-0.187885719036693	0.0700681918081054
1.64007562469548	0.981492823443073
0.378249122919739	0.139280992156074
0.431379929528922	0.271432564937441
1.38015146138213	1.09291362030212
-0.252704641868991	0.101160988019865
0.0447425706157523	0.0199854004733629
-0.172128448340136	0.0641109495583192
0.507738095379535	0.241962525460154
-0.846333711055868	0.327751612710057
2.29447139367298	1.85512005529792
0.493414545055036	0.290076280296552
-0.284672165916858	0.0851588772871711
-0.00145995342283191	0.000840905464388948
1.78859173026655	0.7481219126883
0.398091455572355	0.185282495192191
0.665574862919871	0.324807455320944
1.2065995700192	0.943569177411728
1.65772957084203	1.44235926971136
-0.346779379189808	0.189797859464821
0.60836072841961	0.434054443845243
-0.143699435815668	0.0536138130090481
0.0539988145824165	0.0234667159016028
-0.589850311567296	0.242332311970918
1.76340658508459	0.947667472975196
2.72542983319582	2.20307830159983
1.8996516707448	1.27483397349787
2.89780364245805	2.53171291376215
2.20895292466086	2.69989837661521
0.765718612462817	0.518559379115903
1.84419500561298	1.77156676233416
1.82412664365829	1.3443553583906
1.13422957488846	0.655223065653954
0.526314790829728	0.22489156400237
1.0710107587895	0.551691896049638
0.600077251516113	0.358518882478551
-0.158242211185166	0.0749487907934363
0.638806753432152	0.244786131427431
-0.0104384352490366	0.00326043408992889
-0.0353822766046649	0.0132142689055445
-0.255366172714167	0.101597495719334
0.229936207569146	0.0931762603713219
0.40038191904931	0.187339110500066
0.00768229947122629	0.00190821139813215
0.144920701200007	0.0514827134844116
-0.00434718150157909	0.00201743422316279
0.85518804847368	0.429696227084076
1.20433844936658	0.939890088338889
0.185354182313861	0.0489411300621527
-0.0713804313112417	0.0223814655742784
-0.623912429413464	0.216071538242249
3.35667524910775	2.65064623970682
-0.0325509835389612	0.0109361810141007
0.799103725959213	0.544353991026355
0.934621555480608	0.527081289194433
-0.447292753777346	0.200861209560141
1.71619403249169	1.51364550589301
0.620823991440388	0.373495336702712
-0.576801571534521	0.238391892251239
-0.313467823234839	0.0929728017706251
-0.309958640352597	0.109004478742111
-0.274497999769915	0.0967896644403235
-2.23359164175631	0.6893702018014
-0.563224434073156	0.1470595732283
0.516327435435288	0.220600487621778
1.7506657784623	0.729256008965406
-1.17474101064151	0.531953235482394
-0.609041337299214	0.210821100090729
-2.20452069372124	0.676749531450116
-1.06383257360404	0.341981866655656
1.72664583622157	0.514027439791968
0.199660581380647	0.0433122758858595
-3.75483041596329	1.83978695406157
-2.70937242333718	0.961490597147355
2.09981111199539	1.00477269263545
0.670129575194929	0.224280355716081
-0.629553074151847	0.218136751742271
0.0788945002283508	0.0313178711018979
0.738338916478779	0.325338494948934
1.00806834889989	0.456824796860515
-3.77890786484843	1.85240905541715
2.09171472149403	0.999275811644764
0.367437976628637	0.135385856419455
0.182735682646724	0.0740251662752334
1.76271459085892	0.735118738719892
0.674171485187271	0.33011791287427
0.508758297478555	0.242001458244276
0.170184199651161	0.0455102597114768
0.846622150373161	0.424220352985799
-0.297745227366455	0.088703707435214
-2.00060545557446	0.960798870210444
0.180334652339367	0.0478106473797875
-0.832505157363466	0.321566797574402
-0.100494671477829	0.0309712775377753
-1.43549133993715	0.535998719182748
-1.18116371741653	0.53245444025378
-1.46556636079729	0.39889055417079
-0.0715650161822791	0.0222390197712789
-0.0234632641703219	0.0082596648249079
-1.18130740418266	0.536466252885439
0.00467947124626445	0.00105928969165331
1.38248601554662	0.491066536373935
-0.28425809511715	0.100414735488119
1.0671368633528	0.426658214795582
-0.632162665545722	0.219170645510441
0.00771776416761113	0.00212594327607424
-0.575959266308268	0.150202913360021
-0.0876185998897167	0.0271800242250402
-0.614629303246652	0.212859635062105
-0.303349464245053	0.0902573552966827
2.5239498513181	1.87095177683106
0.190551949951808	0.0501236937756434
2.4893977619735	2.20171482697054
1.38993259641355	0.494291486970406
-1.06396177543038	0.342153940592553
1.71838037692335	0.512092496146657
0.526783046747425	0.225293694296861
0.205561737379768	0.0441838774146192
-0.556695510417587	0.145720699864662
1.39026582301669	0.494298341784791
0.376726121524482	0.138543416456239
-0.286904273712644	0.0857077411434018
-0.298760378057541	0.088942138383077
-1.07322429158236	0.345239545868438
1.75694714586213	0.732159734378909
-0.302082620846234	0.0898034132300967
0.657566945912919	0.252328142176309
-0.795665735703846	0.368361223270072
1.3726881258282	0.487534212258015
0.159826616761533	0.0431779029725108
2.10581004156324	1.00804315738564
1.0622437702883	0.545869754671892
-0.585141493486637	0.241520232930653
-1.46754137571983	0.399241075338394
0.635295184348173	0.243271770197768
-0.286809937275786	0.0856806498645866
0.50404993615239	0.214642236346174
-0.28846936082373	0.101894267970671
2.09408927735694	1.00081261564385
-1.05139365222271	0.337625068809831
0.145746431798704	0.051813076212915
0.958865836263272	0.544155532821212
-0.265503764451311	0.104734132084002
0.32414814801754	0.134324148580707
-0.350997633964885	0.148632356653058
-0.461264092467662	0.17788022698803
1.76473696360464	0.736143882635398
2.45442904372326	0.842929862158112
0.826721571956602	0.41258216812958
3.24909639235388	1.44424220972449
0.29721847862072	0.135788375719376
0.665482699211683	0.22268814323036
-0.0574441194174058	0.0185661946487514
0.190551949951808	0.0501236937756434
1.06497014124755	0.547774311506281
-0.62631521167494	0.216684680259972
-0.580838694031191	0.151471159910401
0.729307036875267	0.320646450759977
-2.23620742383205	1.17740120537154
1.38727744289309	0.493135957861707
2.1731393635963	1.93002785506637
0.182327940194625	0.0482741151528399
0.529950315185792	0.226362941423365
-0.0673957756720004	0.0215871816536072
1.0812000187203	0.433411109406381
0.377490691182565	0.13916081303248
0.83661224678861	0.418569356694516
1.35596531713288	0.714257533271278
1.01629608435219	0.461153845069386
0.792130576249211	0.438198974668815
-0.263239859947776	0.105395893386293
-0.637434786879359	0.220704121534959
-0.249315372960326	0.111156680487678
-0.0547063580791597	0.0179254859316405
1.39256483421105	0.495195831360944
-1.03604498334567	0.437481721120484
-2.72585893822223	0.969524600219644
-0.297381463753867	0.105150351820458
-0.620378865214911	0.214759703753463
-0.588475683334509	0.243449000445839
1.07907383975337	0.432416030483269
-0.471802248707012	0.18200176967417
0.936693881242699	0.527325147248355
-0.689858710516827	0.301377137997152
-0.28074574993039	0.112130944748018
0.763883806921149	0.420340267232327
2.28274591262212	1.53376614999902
0.662809315841008	0.254477784106707
-1.67090245342283	0.69488094514333
0.00920995489058018	0.00244470435049572
-0.732982963310612	0.39406211965635
0.750906829709774	0.331479608263644
-0.00271857265059529	0.000399881044379779
0.690848116177675	0.339734591890773
-1.39444492172893	0.697956318324653
-1.00382785660583	0.421815979204669
-3.7654631253692	1.84286452738321
0.915318019020568	0.263922623604752
0.00959067712106584	0.00243777716730397
-0.549588025379477	0.144138904810768
-0.60837524598806	0.210364610365835
0.749748939961761	0.330801542363429
0.381677939224975	0.197841733230579
1.62721772207154	0.971189671407556
0.880843313757163	0.48890268051038
1.36707976025977	0.891274521029936
-0.298243338342598	0.0888649209209968
-0.884056490417139	0.429746846065647
-0.495070298508525	0.224523521106279
-0.862476113369834	0.334015717326118
2.12612195668782	1.58019434661447
0.644103453040637	0.313194453932669
0.00312331598895472	0.000632900720891496
1.08369638834058	0.434487375602602
0.165016980071288	0.0443593586963327
1.07890679271251	0.432199101979189
1.34786165108871	0.708712257042902
1.41260409858628	0.658175789651011
1.21125248812792	0.863084338431525
0.73664687206147	0.324683836503142
-0.297745227366455	0.088703707435214
1.04532860356382	0.535331300701341
0.509024051564463	0.216887523286392
0.128321855964472	0.045708321974369
-0.812006745369886	0.462672732688204
0.77892221720819	0.431175020961938
1.14284519034596	0.661698391885935
-0.614629303246652	0.212859635062105
-0.808228921197071	0.37386714397971
0.225349407079631	0.0709239997000896
-1.86688261677286	0.843110483523594
0.358377885035235	0.148698811008356
0.165879566322415	0.0590508221672914
-0.682292900247691	0.298745715873803
-0.618283020082934	0.214212836140942
1.9301147771681	1.71243404292076
-0.14340690245074	0.0539537298117782
2.03501434168975	1.23047217633642
-3.35727860837058	1.46969064308611
0.153250594922027	0.0540219207923658
-0.846592463834335	0.327673826002444
-1.16787621585039	0.528173145286239
0.686515267512222	0.229539414250865
-1.43331406224515	0.743288730309925
0.670129575194929	0.224280355716081
1.72812339443463	0.922452477054452
1.1156267253565	0.641542121735827
1.59902379936298	1.0592016093986
1.37256250585	0.896194310017959
-0.623912429413464	0.216071538242249
0.326094533741726	0.134865455358193
1.379683542022	0.902537231616404
0.934951414732095	0.651545930708705
2.45176958518949	0.841449769742287
0.793982957376738	0.440640705295486
0.164109983762226	0.0814575575316288
0.658154660844817	0.252700992521472
0.0961080510258501	0.0376952540279111
0.656626116919649	0.357141444301394
-1.02170956413038	0.529610525469239
-0.299219362373463	0.0889225334662289
-1.71270102779408	0.998023687961213
0.542670245654622	0.23256737445739
1.75845851337505	0.733234957019094
1.34908673684647	0.875793599322474
2.31428138070978	1.8816253582043
-0.0257445715822603	0.0089781852188078
1.62417323266214	0.969039749902588
-0.135764052403816	0.0560130452281359
-0.30273158652641	0.106604215678411
1.08834010887555	0.621479374769008
-0.283145573750546	0.0997319462642158
0.254284235189305	0.0794453940672214
-0.298243338342598	0.0888649209209968
-2.42636721100039	1.39238628909036
1.98306229658401	1.59538032652234
0.637771589941722	0.345533174520775
-0.0718368332577771	0.0225063146770119
0.22303402157243	0.0897915102666835
-1.04090771651263	0.439014621876396
-0.588537229437126	0.242968913105461
-0.463339850865477	0.179131149967176
1.07924407780904	0.432807085496047
-0.0152080275145091	0.006009905349957
-1.26192133299259	0.599092717707229
-0.482768661522464	0.186219824452601
0.855919599919564	0.430438945062243
1.35394538314551	0.71336451075624
0.957538746169374	0.542833384677295
-0.00343715631711998	0.00152065946894338
0.294604135826256	0.135179517626879
0.351127661931164	0.129297107998727
0.248609906656177	0.0778029618895605
0.534676584337818	0.255829325719182
-0.711467052722255	0.313864896010592
0.404287896967465	0.210838823196258
-0.850355930276253	0.32959882944886
1.0458094397046	0.535443000043911
0.342029560379356	0.125982023187051
-1.17111794171152	0.529966087415742
0.749748939961761	0.330801542363429
0.00646424366765598	0.00183997492645634
-0.302068390497158	0.0897869251519847
0.147363123656466	0.0522625487946541
0.517073519476865	0.220445086034035
-1.05646570561747	0.339422980870141
-0.596702637837857	0.247010047246199
0.961699254898261	0.545444840623197
0.712578719543291	0.311840114127112
-0.454632429453483	0.174646054731501
0.520955462483028	0.248662158816929
-0.549638443779565	0.144154566527545
-1.0343058598306	0.436670945646655
0.811405715578586	0.403280633186829
-1.85212653464863	0.834573493694522
-0.301310725316405	0.106333590803025
-1.86414141167089	0.840530397329388
-1.02755013511879	0.43284199894995
0.202320494413205	0.0817595712438107
0.362309208458097	0.150395789145968
-2.71366037927859	0.963507235303924
-0.884971889362602	0.343489517990011
-0.357612126369025	0.151555303463977
0.714923550178252	0.313477258014787
-0.593155888465376	0.246122386458576
0.813560704827079	0.404580145489381
-1.99615937731422	0.957489273885174
0.208088282973525	0.044554233682967
0.373825791104928	0.137722086266341
-0.728523787465631	0.322088310209348
1.39320130340158	0.64730428981138
1.0966510984311	0.440514701924932
-0.0419490829494732	0.0142658185879587
-3.59255657471152	1.67742427393642
0.348636303218667	0.144849911457359
-0.605535103485035	0.250655384952907
1.58697255286145	1.04749443501723
0.24243225341768	0.0759022527916872
0.671521563875608	0.447647029793239
0.730635148648436	0.321372836654315
-0.290831686477476	0.0867545552222069
-1.04326431362444	0.44219569381945
-1.06383257360404	0.341981866655656
-1.02153251719518	0.430439690918101
-0.257703510756028	0.103307036508303
0.519245855027339	0.247492846793897
0.369140234510617	0.135938753626846
-0.068545301146485	0.021714067267158
0.130763890256001	0.0467739192497022
-0.552335012199188	0.144678456612124
1.0707599967962	0.428304191192394
0.528382352212442	0.225981238227611
1.58960386120954	1.16113396285927
-1.65704566887714	0.687537901223576
-0.457643213702446	0.176378693741556
-1.15795479305164	0.522238332018788
-1.44592463580349	0.75070097409861
1.72804127172617	0.922538533161948
-0.664008904010705	0.229746778311507
-1.15474290040111	0.52042833333305
0.00923118050642958	0.00253919115361985
2.29887770508049	1.86042287502993
0.231117956713234	0.0727088244452258
0.228772225273403	0.0719060433887246
1.63799006332989	0.980101460976786
0.350877292292153	0.129117201101097
0.395842414294237	0.145708794017537
0.672926514838668	0.329234698195141
1.73297831887645	0.925698526944301
0.634085147733388	0.343357085553846
2.09096455378466	1.53967722252651
-0.843632384546793	0.326174057658844
2.08421874802857	1.5334994799368
0.202554761132873	0.0645540912873318
2.03183982899955	1.22805157855458
0.753334026509795	0.332567957309003
1.76182548377079	0.735239545395665
0.743390884654817	0.457756065307413
0.213497841805808	0.0675418133659029
0.656799531946159	0.357334009186199
-0.609972148093613	0.211094583965016
0.248609906656177	0.0778029618895605
-0.612031321957417	0.211857749173378
-0.638231108552907	0.220953177915586
1.32954799054619	0.778280786200461
-1.69176571417105	0.703723193785883
2.01372072660299	1.21221312249665
0.145535800672577	0.0515854153464666
-0.289027602679797	0.101691181910286
1.4424893859302	0.676274603130805
0.912597447073333	0.263157043298413
0.543579821808848	0.232972830871514
0.657610199419178	0.219956683230608
1.06306494245242	0.546282539620858
1.4319713648674	0.67050932982279
-2.43354563153113	1.39825716985259
-0.857830823802463	0.414321285172232
-1.52585504535012	0.824934217314547
-2.20755858936423	1.1569136303943
0.661762199776058	0.254226807538726
0.956296580787398	0.542548544788585
-1.18567346073723	0.536407560460985
-0.709367083308171	0.312656064905344
-2.29020291961492	1.23924891086963
-0.0823976796900308	0.0256988782537463
-1.04518314232302	0.442130594335376
-0.865328582962853	0.335897198478452
0.533384323221525	0.228288435809046
-0.385133165528881	0.163618255202794
-1.65401551819519	0.966662008026694
-0.615109201561717	0.255245082787597
1.02543746055649	0.465890371859252
1.00454159390865	0.454506473198387
-3.7863763623615	1.85881280263966
0.868613583826971	0.540018652898755
0.125709681621313	0.0452065434653812
-0.292562777536825	0.0873256919566233
1.36173594895374	0.717935035077334
1.07927570453139	0.432571298716309
1.58775054124263	1.15863634706523
0.940001537362628	0.530581749810653
-0.00757433357580467	0.00275086310965901
0.541295297975754	0.259126527095299
0.359978742026466	0.13242066321937
1.17577499812561	0.756257278275078
-0.16652536398745	0.0621990025420756
-0.584884342170889	0.242064163560561
-0.29720080807367	0.104732809738656
-0.885245051028544	0.343756820079733
-1.67166065403335	0.69433258045285
-1.8545039424069	0.836686070456027
-0.457407218258376	0.175863510118505
0.0745334843408727	0.029656890574482
-0.629553074151847	0.218136751742271
-0.0237317538585656	0.00795358674402414
-1.04923748026572	0.337110470489464
0.503301426082827	0.214218253851396
0.15063697812048	0.0411697681850444
-1.37600264189404	0.688564225649354
-2.13147959253435	1.07772273012156
-1.39667949595663	0.698423599994802
0.733409564220159	0.323193853028466
1.32449250720384	0.774566872855914
-1.38843369332753	0.694698415733695
0.979445671551823	0.558661826715726
0.674099523997631	0.329951343556045
0.222536284803437	0.0895056146200744
-2.72255744124352	0.967650203505477
1.33926506154187	0.785768259537096
-0.0796749119192039	0.0246233900795848
-0.549638443779565	0.144154566527545
-0.287231955438706	0.100980905125567
1.11860988766862	0.64355043339595
0.152821963788463	0.0538216684677223
2.03902850087522	1.23372154742785
-0.6369927899083	0.322245504871502
-0.699358470726929	0.305763840989314
3.37368809030756	2.67457066280176
1.13992467090539	0.659534813157342
0.32453643461402	0.119710468644654
0.386594272821798	0.14251458057693
-1.19767764834145	0.542477701759301
0.641176380559292	0.346517594605793
2.37528183775413	1.27876333332713
1.00722902885652	0.456105381181255
1.75396464978124	0.730590510503128
1.01205097344981	0.458722805237822
1.42365722946696	0.66531902564422
0.506898764860376	0.26813666065581
1.05305234336197	0.539744174071127
0.647998853592886	0.216916563452606
0.219660227535745	0.0694611101870653
0.746128807741483	0.329383339694269
0.532635147271394	0.22807831084748
0.824427824622726	0.411653227961924
-1.41562344783034	0.527470635339908
0.351666057997749	0.14616649425753
-0.591512989567305	0.24415849806883
-0.298760378057541	0.088942138383077
-0.842067365984129	0.325479382729284
0.199660581380647	0.0433122758858595
1.01622685758382	0.461081948926441
-0.71502671453091	0.315323000918912
-0.135920766813442	0.0505548793843116
-0.637790951594687	0.221153348301471
-0.874212047626139	0.33981632967307
-0.594091740781541	0.245807464606536
0.673753295032167	0.259338308300517
-1.53261391572642	0.829057076592756
-0.0644937872061349	0.0205341488285567
-4.4281539131995	2.45219621018764
1.32292882144506	0.772390476099549
0.27174193537499	0.123694008185694
-0.292997423078432	0.10325300148965
-0.979182701708808	0.501745536210133
-0.283398869713769	0.100217795568517
-1.09788618631353	0.353731864778396
-1.42987043721697	0.533700849096348
2.07998650649042	1.52855196532715
0.845994687901241	0.424344599348873
0.107405845932284	0.0388152005661451
-0.851683792101146	0.330076596024557
0.855000456821032	0.429420503101461
0.187516582106475	0.0494383766804619
1.08523976643286	0.435387632050485
0.739880153808862	0.325558163229492
0.361336611414562	0.133434947154744
-0.584030741891288	0.241827624010786
-0.0802225162510298	0.0253170697328077
-0.451143374735973	0.173749786404181
-1.06599906495648	0.342911888455372
0.659969723833758	0.22073480452832
-0.625247061055703	0.216242806642891
-0.12169201008716	0.045631931559443
-1.36887047358415	0.682747425198198
-1.27322966027986	0.604901292659683
0.763105711304009	0.337604421614357
0.217020531322814	0.0685754052822356
0.822530381350076	0.410412210136864
2.38380995538078	1.28446902168574
0.0768266852958595	0.0330261310441737
1.07927570453139	0.432571298716309
-0.287371764119892	0.0857960566198628
-1.85144975800297	0.833044508074411
0.929726084057689	0.522760524934627
-0.266822468509128	0.106446951565402
-0.98123992281219	0.502730983309821
-0.69190742312969	0.303502602124782
-2.03218569815275	0.9802966721164
-0.602742332853985	0.208520192393271
-0.326025973096073	0.0962221440672339
-0.877278158820954	0.425258591483266
-1.05139365222271	0.337625068809831
2.41450757705353	1.30873956130037
0.237319592287529	0.0744435856949087
-0.571538969396222	0.149182553096798
-0.274205352763308	0.0969143967984342
0.355441288696091	0.130779299247295
-0.0639267380980342	0.0205486036956714
2.45446436525245	0.842916202981294
-2.70937242333718	0.961490597147355
0.657818875798338	0.252304496156445
-0.249188261347642	0.0995167448485388
-0.286974240436354	0.0857853046400139
2.45716616852698	0.843674766141773
0.360670778754932	0.149523025875059
2.27027766794578	1.52012408131274
-3.38951885476337	1.48787691659264
-0.298681672218904	0.0888562851975832
-1.04623082826136	0.336174901762473
-0.0509582452010265	0.0168098864094896
-0.70989433422798	0.312493322266276
1.73812273916778	0.721866423643434
0.224243104558251	0.0706846530727347
0.497717197473615	0.211471846834084
1.74088699261349	0.931736396172246
1.06525778333672	0.426056635852838
0.39806425499766	0.18529768131408
3.86369741756488	2.09672850336533
-0.883714442591318	0.343158393732407
-0.693838419670233	0.302819819278085
-1.29663107590664	0.621450659216432
0.864343075179536	0.43519617002766
-0.871067601343155	0.33638042257595
-1.99848581818892	0.957197180998042
0.368520337109393	0.135708009125795
-1.53815802303809	0.831754844715042
3.27619497272584	1.46229178166629
0.221095403471978	0.0891142079271221
-0.298760378057541	0.088942138383077
0.225390330130693	0.0710625469773121
1.33422542431821	0.782154915320952
-1.67668319484529	0.697849486907849
0.0902190154007692	0.035642000649853
1.0384348121242	0.472914228146608
-0.842546802209939	0.325964573640198
-0.580852670694254	0.24035392967255
-1.029655160941	0.434790858458953
0.398134310192118	0.186370356141564
0.368830189257644	0.13587552225382
-1.17137259146263	0.529516331270574
-0.727301889219149	0.320817061874152
-0.62323839204259	0.215729078552078
-0.491037717599331	0.189073257804862
0.175124314973247	0.046645304856595
-0.109926233097663	0.0333896006396778
3.83643897137894	2.07573852721349
-1.40006092344507	0.520919163563197
1.07082409868839	0.428569888191259
-0.062912202685474	0.0199239497421145
1.74386805742768	0.724791639516812
0.661630040313216	0.254101147614014
0.677379565658875	0.226586193321658
-1.0583721139783	0.447833722353386
1.01625301483423	0.461202482029496
0.640262613701632	0.245327189756556
-1.68527619516319	0.701043047943783
0.93419872554033	0.526642848480498
1.4259418794304	0.666012200475077
0.351182840738519	0.12923028452769
-1.04415041615715	0.335312917030539
-0.154849957781539	0.0576314572033401
-1.61485421123561	0.912744031789408
-0.314782650937569	0.110567717457656
1.71838037692335	0.512092496146657
0.219223176229808	0.0691776377972106
-0.296381040319289	0.104564691094488
-0.851192534906689	0.329584023645767
0.231117956713234	0.0727088244452258
-1.44537141053319	0.74936634937513
-0.597197114606184	0.245639693830051
0.387687707232474	0.289398291745126
0.0745702694223853	0.0362344691693347
0.0753319686204832	0.0325980419065493
0.218884226661363	0.088278435645783
0.650796855746955	0.353889509552927
0.364919974284226	0.134502003522411
-2.22878668129533	0.687215235149269
1.45562825023331	0.683888061943807
-1.67689913056687	0.697359527994087
0.499441667767646	0.236984712313599
0.668253060497654	0.256615006388286
0.680868176988487	0.227670739902701
1.3701735298738	0.486046373261376
1.92100370365037	1.29544811900559
0.801010010403201	0.444499099676588
3.25904938664935	1.45089842575752
0.648052689194856	0.21693590180748
-0.305692944870864	0.107723354500504
0.386160035214358	0.142273439013767
0.169928836052903	0.0454559663527724
-0.0925255410348896	0.0284416007940555
2.45709514677168	0.843701380989689
0.652309143549769	0.25009342878075
2.01773333674865	1.21569996820944
2.04386274787802	1.23747645806801
0.915318019020568	0.263922623604752
4.29266278111023	2.75220651534197
0.522269960432322	0.223171214386767
0.660848995370529	0.253914453399288
1.0651299492509	0.426188651687884
1.00339422954057	0.454218175977493
-0.0659508870118346	0.020867977120077
-1.06383257360404	0.341981866655656
0.514921053727468	0.219066209301442
1.62697647383327	0.970992857472249
0.859917401608768	0.432444342786057
0.948320256938955	0.536300879865724
0.163508956262119	0.044048271796309
-1.35926378896603	0.676296123037954
-0.456143664204137	0.175068998440375
-0.588095344720621	0.243710277620306
-3.38207037448703	1.48383180030295
-0.58265942546597	0.240976240213598
-1.67648131174724	0.696307231339292
-0.065271185374784	0.0208773290505069
0.535484204699742	0.229373128483387
-0.61980910686889	0.21438234201855
-0.301166988101911	0.106179381558126
1.05305371199974	0.807717095646996
0.371445675655704	0.154647990310949
-2.51023627349174	1.49194659752647
-0.273957697482272	0.0968306588677781
0.38167121326219	0.140641158125648
-1.11581774711716	0.627962524815666
0.73714173003204	0.451525988330223
1.4297353185423	0.668537036752761
-1.59926635887762	0.899611382414274
1.39739815261759	1.01321228427344
-0.113651913650094	0.0471097226443748
0.899765603237419	0.260024823460973
-0.549638443779565	0.144154566527545
-0.258420257781969	0.115386597008982
-0.303349464245053	0.0902573552966827
1.38248601554662	0.491066536373935
2.08100668581477	0.99206488288769
-0.617316298119102	0.256897875572811
-0.292562777536825	0.0873256919566233
1.1241610988784	0.64744291367749
1.31032855216861	0.683372850847409
-0.0827920852698173	0.0257720068288598
0.35322775048968	0.130177540642087
1.74159934154219	0.931849350896985
0.844889530093867	0.423240913077665
0.163492226678909	0.044044738586646
-3.77479524591156	1.85147543373819
0.385665649870512	0.179421728725896
1.01694162215078	0.461351454790982
1.60359282516632	0.952432628355471
-1.08803346292144	0.59171907646491
1.19616859026584	0.771104269722404
0.112491693162989	0.0437824317244572
0.681831505876001	0.334373995955446
0.830939547208073	0.415217857334276
1.76602253904652	0.736460561645212
-0.255842228304327	0.102444459777497
0.686463815429558	0.22952045177486
1.08827765304526	0.436344829199137
0.12415545537004	0.0444317943866693
0.713948521851092	0.313034106365434
0.653283759213423	0.251149570605398
-1.4438958990324	0.749409578832573
1.75899450240854	0.944672611536847
1.39557961180183	0.496365775816694
-1.40002903752444	0.520906482245951
1.43622621157259	0.672660600588918
-2.70937242333718	0.961490597147355
-0.626832025283292	0.216969846323796
0.103527842008061	0.040259470665409
0.216602913277331	0.0686555517077478
0.217143594407573	0.0686120109302786
0.682545150761639	0.22836869112364
1.01394953937117	0.459762653771392
-1.40109811291681	0.52130914324694
1.17937149870576	0.757538861911325
0.216338977397943	0.0876319667151271
0.187534552195979	0.0494421831048262
0.2274543977565	0.071600628538582
-0.298807819072265	0.0889558819091486
0.242963698483695	0.0762314393760321
3.83643897137894	2.07573852721349
0.666648623037871	0.256022754102859
3.58052429827243	1.76820988967439
0.54164947264218	0.259090078434425
0.240213257168175	0.0973603994240192
-0.802584230952595	0.371930710094906
-0.290338808781748	0.102169850884061
0.00818379247247569	0.00270439266891325
0.162585343509694	0.0579215086817627
0.529809862091337	0.226836370543574
-2.12356358065133	1.07000069794724
0.544772394528585	0.233227756290871
-0.279791327743502	0.0984696959488644
-0.884651798441853	0.43101230000846
-1.0513489862808	0.337847138889591
-0.952526836470645	0.484409853578261
0.496296493494554	0.23591839055864
-0.804122570872226	0.373523813781048
-0.626555691776872	0.217167560602821
-3.59658273310522	1.68296343492515
0.285079340791928	0.145016103767345
0.931785453264853	0.524195612220363
-1.30828985025764	0.831977248333053
-1.68540257337663	0.701113215342412
-0.574675809244795	0.236756089273555
0.695484050212143	0.342156628246561
-0.290782545055251	0.0867403958571982
-0.134624368848229	0.0557896240710403
0.350894508241081	0.128966369030245
-0.265987422082918	0.0939724250690648
2.45442904372326	0.842929862158112
-0.475597025660148	0.182640052849467
1.09050114756657	0.437461242160714
1.07878401387793	0.432142860294847
3.20059050211411	2.35278454845778
-0.475868624440607	0.183759909960228
1.07526712720017	0.430388498097968
0.616827826927228	0.371094673337607
1.94562833758691	1.73799612088893
0.842831910428795	0.519187347853457
0.548451314931199	0.263162339245045
3.84336233679819	2.08062906074275
0.169617488053181	0.0454102142983104
-0.234657743896576	0.0935673181333727
2.41499103385747	1.30807412547815
-1.05646570561747	0.339422980870141
-1.68295843656387	0.700357312215497
0.395546082088194	0.184602437995436
1.07345278166868	0.429932457227292
0.669501572235949	0.223838569535414
-1.18891374556796	0.539837233279804
-0.457643213702446	0.176378693741556
0.42239185872142	0.198217349627471
0.6818964233743	0.22794326934864
0.219447103439721	0.0695167421772289
0.652787876380354	0.250350819072737
-0.319071654216552	0.0944868483308013
1.75845851337505	0.733234957019094
-1.64787661361403	0.682675038481065
-0.274804282229999	0.0968612914675926
-0.488660642950635	0.188227251461067
3.11414732704744	2.24903821039993
1.90014854167887	1.27569345123505
0.847658015378691	0.42538677589499
1.44925141597059	0.680088441968207
0.998604408687991	0.451282286293411
-0.875241267734918	0.339853215941177
1.86228553115604	1.23910580532674
-0.160811600378069	0.0591251460310186
-0.307774197479135	0.0913628677098564
-1.28168231177463	0.613137651292619
-2.13217409344596	1.07378593353129
-2.23440516243596	1.1735241328622
1.33490321034096	0.700090839405592
-1.3849622243503	0.693097210473589
0.187468605835015	0.04141071045087
-0.214060795901381	0.0947661030571341
-1.32837480724304	0.865887474880006
-1.41630178009946	0.52765978946609
0.333414375860949	0.12282880022647
-1.02279717830346	0.430201937994642
-1.36887354103762	0.684569716553925
-1.05646570561747	0.339422980870141
-0.852384640453031	0.328965915112115
0.74792960952459	0.329431468636946
-0.62911400726838	0.217642117633131
1.01656680035255	0.461116988081094
-1.15435855402444	0.520197434199273
0.635511580439922	0.2433599029714
-0.0702535553969171	0.0222792825909367
0.680868176988487	0.227670739902701
1.10724065897581	0.635286497338897
-1.02541863737577	0.432846475114452
0.329769986652167	0.136696059430448
-0.0201577958206567	0.00755151485000819
-0.898827489699193	0.438330373678603
-1.42701122269908	0.532474799655665
-1.17667002081226	0.532486385299399
1.37147159643671	0.895175356329916
1.31325809736104	0.685986843577901
0.373913692663675	0.13796756341076
0.35441539922831	0.146741887013652
-0.851683792101146	0.330076596024557
1.58247103432126	1.04300691627263
0.841806547566244	0.421444225727176
1.03551037208432	0.471635837349284
0.668867545404214	0.223731147298392
-0.55839960089021	0.146151799893841
-1.04623082826136	0.336174901762473
0.180334652339367	0.0478106473797875
0.245877283804301	0.0996007780764446
1.73695557091747	1.38789024502514
0.642859692185367	0.246457903540545
0.692118762373886	0.231383424145359
-0.728367170410782	0.320960321717526
0.657659253623636	0.219974557705683
-0.319733235794329	0.0945678683830086
-0.316347140047578	0.0936602249250521
-0.0702535553969171	0.0222792825909367
0.242913189871462	0.0761305498113166
0.850300728813743	0.426511061868978
-0.622635956920882	0.215317258996289
-0.147923031916902	0.0552720589066355
-0.0388547910592777	0.0126091187469419
1.42504885552191	0.665753850818339
0.193191402094475	0.0619209648447784
0.355798680450958	0.130963743682332
2.28284583295078	1.53440199832519
-0.0555817195260467	0.0179668382191444
-0.284297336958518	0.112795552268332
-0.797355777869597	0.368503171535427
-0.312114413209775	0.109632937305757
-1.43475753276837	0.998594553382257
1.03021569779515	0.468478260348262
0.151061641945057	0.0668718628466758
1.05121631169751	0.736065673585995
-1.36512666611808	0.681505151839656
-0.0157806929164803	0.00535021069031046
-2.12317907513163	1.06969639270333
-0.230538395681228	0.102485397470446
-1.26810942347081	0.789871503206799
0.233198541959432	0.106025877743327
0.41110632562656	0.192517422759585
-0.218146103688969	0.0965594347057262
0.381195240799334	0.176807299174305
-0.379451964891056	0.16112603065171
-1.44848136174395	0.752112954125599
-0.55646409141907	0.266126667009184
0.212316935285492	0.0859191493766087
0.355133802423196	0.130715755042487
0.593083662640544	0.354071704389332
-0.299147536647283	0.140973367916478
-0.86933852286012	0.421407630101442
-2.22681388290303	1.1672610265698
-0.228338068991485	0.101468988369697
0.999017280870532	0.451936101062163
1.67352989569928	1.00820643881914
0.644530521878712	0.34855738174641
0.372995424138313	0.137081470969483
0.0678811952083322	0.0297540004590293
0.652657425484305	0.31768456716498
-0.862709030354365	0.417114501780148
0.775616387966943	0.427538930696699
1.02087118003561	0.463619885963511
1.74479217459828	0.934346313458311
1.442166090012	0.675817638722458
1.58300189456261	1.0434938338502
1.10598277085689	0.444376130724814
-2.11718160131286	1.06721861602219
0.635544570235975	0.243448358820258
1.33078425070628	0.697958671952475
-0.31004362571058	0.0920129329993573
0.107807622008286	0.0424437058289725
1.3640611067055	1.28975232423006
0.646761280891317	0.248373267488685
-0.652143118416242	0.226027332220632
-0.874573445324434	0.339066819702507
-0.807403063973618	0.374035627685442
1.07107915582312	0.428685124614679
-0.84120454834255	0.3254567123765
-3.61062741601525	1.68984869115487
-1.05447227422853	0.446635021394386
-1.67648131174724	0.696307231339292
-0.068545301146485	0.021714067267158
0.680868176988487	0.227670739902701
-1.39447579712601	0.518519557547366
-1.85563347197228	0.836665328225468
-0.626376640866098	0.216574293361827
-2.20131061198549	0.675574843790802
0.207768369622884	0.0659521247121451
0.205561737379768	0.0441838774146192
0.993980399751901	0.448816385759385
0.332892947987785	0.12254412815509
1.34645261239435	0.791317100821064
-0.0159498008880815	0.00512629386173431
1.74584039091479	0.935096675884664
2.91776082824986	1.15193094411066
1.61197883333987	0.959458989063965
-1.28077547816985	0.610452166100665
-1.08924209141421	0.350454838002397
0.196315155888877	0.0427978646049216
0.368157815644971	0.135282792049881
0.230534790079877	0.0723507853261846
1.36132788509316	0.718081571885051
0.353635678651912	0.13019897431607
2.43961622041387	0.836769184993985
1.59147847346879	0.942443027574559
1.78848257534431	0.747356870702949
-3.07868138305069	1.23522198167588
2.41498442054321	1.30869054133799
2.45716616852698	0.843674766141773
-0.303200894701893	0.0900653538895592
0.851571537886386	0.427940452809082
0.139569309710715	0.0495902334112287
0.277675594708338	0.167076763337531
0.539765708589267	0.258746752649266
0.157581581108027	0.0426992641424185
0.68483245876066	0.336378184875813
0.210591305513083	0.0667581612588619
1.03909036942177	0.863200960311782
1.02048544923286	0.51923859636039
-0.994373245341467	0.511725636008681
-1.04502503930066	0.560885561191341
1.44226719141262	0.675862488734487
0.299969386878446	0.168195238218661
0.630713151579824	0.242090765206128
1.68585477496183	1.63515343508047
1.75694714586213	0.732159734378909
0.915267467236802	0.263914073443303
1.89068949273926	1.26684962905946
1.33449396312518	0.699498033335549
0.852260867242002	0.427485205437813
-1.47712800199573	0.771580114420582
0.223885565265183	0.0903316787843936
0.654331364650838	0.218937091794533
1.16927810098169	0.749615345494052
-0.847419235389099	0.327867218869934
-0.600432634534236	0.248338756748689
-0.0328151818908384	0.0123926311000137
0.66023502801343	0.253363894454698
1.43545707371972	0.67267576336276
-1.27553059797244	0.605833439638501
-0.0209370040995726	0.00814384645125796
0.980987824786444	0.612842820993657
-0.727081369669567	0.390167070724104
2.19938959812592	1.96580192539057
1.17679328041234	0.754274348698857
1.75456567419232	0.941710829395643
-1.27393065559506	0.606974951205942
1.37462641398472	0.990186115691504
2.28169014447901	1.8386837611032
0.369307381614836	0.189828591313034
-1.3977628423171	0.701802083902146
-0.488108958045606	0.262134760175339
-1.69148064028013	0.704200361451381
1.55890612333607	1.12761873656141
-0.603144933099517	0.348711123856031
-0.361100398479907	0.153094827077474
-1.99134027438644	0.95424864638098
-0.0517282687487177	0.0168484111967495
-0.697012015792709	0.369775227314476
0.133746214971686	0.0601460249592643
-0.587057322134042	0.338308024760532
1.28772682861624	0.668512664170391
1.06316709018093	0.821032283498213
1.89090146772485	1.26660453578165
0.638299761689899	0.345544526712057
-0.713423111312981	0.314377034785377
-0.0199920514222156	0.00917031378678739
-0.299685068158029	0.141259613077562
0.377703678567048	0.139159288659101
-0.314027207243201	0.093045575987002
0.147757271423216	0.0651967456905463
-0.17157383743379	0.0634896938391007
-1.99858427025849	0.958161386505011
2.07948229813393	2.02465851739527
-0.274734512155318	0.0970663983667438
1.20731634702911	1.02980615478117
1.32554852798206	0.693811457171464
2.36046490557464	2.30666860666969
0.130011927508289	0.0464714562074316
1.02245194780757	0.520855265357637
-1.55323746372138	0.846162400796501
1.20695046829741	0.859796158524121
-1.87224929212043	0.845337362082422
0.668392091475561	0.445267853777216
-0.570982087558183	0.234776430261898
3.83301882980968	2.07184038545602
-0.45752995422657	0.17660447860227
-2.52058561985895	1.49863568350669
-0.263865777644777	0.104956197435332
-0.138464332021741	0.0521167174918541
0.517422475739851	0.221058179581694
0.679587565764196	0.261501719785076
-0.659193859738599	0.335863410688714
1.01220074039773	0.458567661224701
-1.02570365024828	0.432648103610172
1.43695465968428	0.673406312919892
0.177324465825582	0.0471342222202081
-0.0844453170030969	0.0260125596957284
1.32070828343014	0.771269429176852
-1.6590858674493	0.688456873864247
-0.610002955246181	0.254130896365517
1.76266616893112	0.735090202637704
0.0672474375709875	0.0271471671579954
-0.407371753977695	0.206059837175951
-1.88048517075545	1.26216202970605
0.501237726702999	0.237948538258384
-0.310422401825821	0.109741222036018
0.489859098752091	0.232269430583508
-1.0388858586523	0.437554210631527
0.084742001404721	0.044400656959177
0.174982271941781	0.0865632470955202
0.391267514123177	0.182544068163281
0.0768546789759237	0.0308542740624052
0.360666939694675	0.149807819193666
0.365365691069513	0.169806408204841
-0.561198352024293	0.268513511171818
0.548292420497379	0.235101338414397
-1.03625326495273	0.437377625958105
1.01729298178424	0.645115489900639
-0.736133275309786	0.396222039512312
1.10201910039464	0.631480355229905
0.729633258085277	0.321230438727583
1.99973217937097	1.20010320479402
1.39972857201292	0.49785287169011
0.652787876380354	0.250350819072737
-0.0142850894323113	0.00482246751253376
0.14166254922689	0.0505535925766324
-0.769966163048121	0.420806444024292
2.08005047323412	0.991876342394343
1.91062699129041	1.28600594288104
0.942022338765121	0.532687392269076
-2.20820560551601	1.15568785725753
0.655658092601142	0.251734990062694
1.05608417041503	0.542130431204967
-1.29559184080874	0.619919349562391
1.96460011649576	2.06158050304165
-0.184463263247448	0.0686735079133145
-0.383782537983877	0.218732827853522
1.71080856620813	0.90946625902199
2.07602502174548	0.989872195749746
-0.8695565070843	0.337959741676914
0.657019818840587	0.252413768310912
1.31547346357201	0.767020334267378
-0.310596453859648	0.0920837426475925
0.00193393135707942	0.00053065037841744
-0.853063757599745	0.33041559941783
-1.02981999907847	0.435652469812952
0.731985052879628	0.321878144559999
0.908975247039869	0.262609818284675
0.651709844621715	0.250193436201578
0.507233142647462	0.215972341379729
1.04708794260275	0.536187034630798
0.601006576965402	0.360518285290983
-0.481752023398963	0.217572620285893
0.172956532221443	0.0707278064250908
-0.0497361412865929	0.0165219172283475
3.9091314559534	3.87891756901489
0.835999895264063	0.418281522274333
-1.43896338414101	0.747677487833049
-0.832296637150354	0.321471800988862
4.07483768406903	2.40693849987174
-0.884132070240022	0.343791784616252
1.41754588764046	0.662101782844129
1.06155128758654	0.749949629662013
-0.635636631649913	0.219884687322329
2.38227160460605	1.28469201246508
0.748645380677082	0.500928671061389
-0.0372865422319252	0.016359912818123
-0.302152336134162	0.142432486387804
1.11101523334804	0.63815021849587
-1.45365292051715	0.757534843042956
1.15757130162714	0.737995397768998
0.639000294114255	0.346774520335247
3.72362014762741	3.41612869411424
2.61748295360781	2.49693081575216
3.14956142164274	2.2927053867636
0.512552351735335	0.218322354682154
0.24962239440375	0.100845853379525
2.92745638255214	2.57786937448721
2.08822252927159	0.997024771965125
1.85912587763319	1.80086751475948
-0.874503752330002	0.337952164700493
-1.43967211235305	0.53765668132987
0.65016059720787	0.249551049535933
-0.376870073050643	0.159301228353859
1.5815203710816	1.04196866735408
0.63853098859842	0.345128797242421
1.60195433105086	1.06107733763986
1.35743992676034	0.969393640013003
0.0134389037963254	0.00408282101662317
0.625813032545335	0.33692845457287
0.278549832472473	0.141330900131966
1.99136132437651	1.60836431463108
-2.20452069372124	0.676749531450116
1.12503741517454	0.647999922364273
-1.18283748275328	0.536664683678237
0.953515420709428	0.539924032234215
1.1982994230976	1.18284644954898
1.56419671332473	1.13686711996813
1.04767151313166	0.733306927179129
-0.281515206890158	0.0987034221762141
1.79436876748089	1.31332546519172
0.728703968357919	0.445296640863526
1.1548467623467	0.737204186687806
1.32978927230799	0.857827234054044
2.09631416253576	1.00287240425823
0.791577628609849	0.438620607002815
0.71454173920878	0.312906669260423
1.07352842776824	0.55311102242893
1.0810119490542	0.615789106594935
-0.857703256646688	0.331257750144188
1.04079282489175	0.531899599268251
-0.128549587048292	0.0477500614542773
-1.0757472992368	0.346345116116439
1.54374778721377	1.23626602621242
0.806957374457046	0.495021551593542
2.09631416253576	1.00287240425823
1.21265877056723	0.950234203098928
2.02860903926069	1.22428220594567
0.952453061067912	0.539518519086459
-0.174400619841039	0.0648713466836035
0.505597073154974	0.297570317573087
-1.6801124998457	0.698291771060744
1.11282075402612	0.63953294611273
1.99176680802583	1.19317374060442
1.57827390504999	1.2711638456573
0.972088083210735	0.747160073090401
-0.575528149690154	0.236962116780929
-0.866683576934089	0.336331867617666
0.152436621325233	0.0536897074593266
-1.78353730537122	1.13163494132412
1.12079188922266	0.645869671552909
-1.03033693580538	0.433714033110005
0.0069428477951743	0.00161401825401524
1.43845636491507	0.673595132885157
-1.36692244519269	0.681987002518704
-0.480200931204433	0.185877961453322
-0.0381869466515198	0.0145269370188333
-0.875254362785915	0.425388589176527
2.65786743192087	1.59775909719382
-1.26795101014945	0.604840042008687
0.199660581380647	0.0433122758858595
2.03946803921289	1.23400980366701
1.1074037162025	0.63557799656169
0.367357625652344	0.152795052127357
0.22007311675396	0.0885414432414181
1.04792949171867	0.536962051174624
0.748532347156996	0.330471685948645
0.806372278897139	0.448997397354575
2.39246058058387	1.29172180294248
0.859251715768622	0.431894433606537
-0.466624908923782	0.18036945707789
1.35112085119375	0.710977233325953
0.226528036721398	0.0917648436992222
-0.292562777536825	0.0873256919566233
-3.91275258916074	1.98737442494256
-0.579039188854987	0.239311587653797
-3.36589008487891	1.47467906977199
0.182327940194625	0.0482741151528399
-1.18798788669777	0.537872150577545
-0.084768860671723	0.0262777685176625
0.166936128032523	0.0447866169980702
0.908924422609946	0.262601169518593
-1.05139365222271	0.337625068809831
-2.02296545852512	0.975996096221787
0.732049917640961	0.322024530815645
0.661115666091882	0.322152609974099
-1.67986238227122	0.698836595598266
-0.316832662597132	0.0938390984730215
-1.40535664263192	0.523201833324806
0.245981440170419	0.0769582113452547
-2.20774410875569	0.677401665515386
-1.16003241978834	0.524138546044279
1.38280751378984	0.491432164348294
0.685297355722027	0.229213312626388
-0.614629303246652	0.212859635062105
-0.159397535160633	0.0592148805270953
-0.450315436655661	0.173160210531118
3.26610537788351	1.45572874939348
0.169320707044886	0.0598600352400851
0.39042505971206	0.143726588688824
-1.28209374033405	0.610499571369914
-1.0615597697243	0.341093221319588
-3.7610418482951	1.8433192178406
-0.870806987777158	0.337357903053457
-1.45029950688355	0.755790945647977
-1.40006092344507	0.520919163563197
-0.623891435697114	0.216208645967243
0.240760876575761	0.0754640382285231
-0.469646156678007	0.180767679504467
0.670929504445957	0.257844613389223
0.187516582106475	0.0494383766804619
-0.552335012199188	0.144678456612124
-0.29668644835758	0.10484129623064
-1.6710962626802	0.694929411934031
-1.05646570561747	0.339422980870141
-1.8545039424069	0.836686070456027
-0.0743196644839687	0.0234680253407507
0.527600131286754	0.225315580470125
-0.303349464245053	0.0902573552966827
0.373805727170179	0.137856575555203
0.752853144037373	0.332195535197963
0.190534411024281	0.0501047275306018
1.02078269648958	0.463648804890676
-0.0585404852161418	0.0190348985127559
0.359856467053861	0.132650181959791
-0.310330233802998	0.108836517694034
0.652787876380354	0.250350819072737
-1.84167898638146	0.828457384833151
0.229061209487742	0.0721195903939181
-0.85722374525328	0.332013788983941
1.44057465865877	0.674288586695696
0.236760388577432	0.0742695453338153
0.205266010395418	0.0649850703867767
-0.730356980524322	0.323272461130825
-1.3665610087149	0.678362757115048
1.34635127824607	0.791274747686811
-1.86171693414218	0.839407927401338
-0.875996072324854	0.339669706524484
-1.20876922154555	0.719530112473483
0.219531629116406	0.069422869173576
2.09408927735694	1.00081261564385
0.504010279117758	0.214160230033925
-1.06117680724582	0.45073015840509
-1.04353941998243	0.441584599968822
0.512967726925134	0.302397637815312
0.139330094607738	0.049195283505124
0.641967496693095	0.348337640540569
-0.453998552732955	0.173831006667661
-0.705749670686946	0.376185924010915
0.685235876759934	0.26358810580182
1.1777546249201	0.755668349102268
0.126319273862243	0.0452501222812529
2.39614942683552	1.29315282409567
-0.886302194873394	0.431271891800173
-0.290831686477476	0.0867545552222069
-1.87897320804333	0.846991849838786
-3.34089494495661	1.45941892864411
-0.447250771853611	0.171512524884932
0.832176783183551	0.415876110731204
-0.833578726224782	0.322001483922708
-0.0642756900903657	0.0204633609165601
2.08232066777183	0.993341385977143
-2.20452069372124	0.676749531450116
1.13592511738753	0.656494290392493
0.359966471803361	0.132286889139063
3.14956142164274	2.2927053867636
-0.482482714453313	0.185157666140298
0.669078941656209	0.327107815669313
-1.0615597697243	0.341093221319588
0.157597010211725	0.0558650158461103
-0.828466408485258	0.319730733551278
-0.708790459264353	0.311990279870718
1.7418663261405	0.932233895078661
-0.554694542357414	0.265158217737616
2.08232066777183	0.993341385977143
1.07504044982424	0.554080743081929
-0.55888165037327	0.146019049191659
1.42824066057714	0.667886456600448
-0.606300971628515	0.209828914650814
1.93249484963158	1.72227825393762
1.05216977445506	0.420112335869152
-0.462400524094213	0.177468336307534
-1.2878502737655	0.613083473445146
-0.63617147769962	0.321994309492383
0.222840094173233	0.0902531040502639
0.374845182564048	0.156108272579208
0.852762296301249	0.427949295814968
0.75139356416955	0.331824140589825
0.273918587269069	0.124341067396834
1.34223344070276	1.05233698962161
0.714923550178252	0.313477258014787
0.846516898423006	0.524223700407574
0.208088282973525	0.044554233682967
0.683053910239571	0.22846371401752
-3.07868138305069	1.23522198167588
0.669547790070559	0.223855623975965
-0.296774214875288	0.105004489158004
-0.589272165817044	0.1536452053956
-1.64799012184993	0.682737411078069
-1.05139365222271	0.337625068809831
1.01481345709735	0.460372711816249
1.75490758178519	0.730788790484642
-3.58335665918076	1.67518681458622
-0.298760378057541	0.088942138383077
-1.03011294192263	0.43560795664327
-1.29738169906464	0.619100959792092
2.37120767596528	1.27464048021461
1.35908864908784	0.800445736401239
-0.501175266585395	0.192779024571222
-0.462400524094213	0.177468336307534
-0.851192534906689	0.329584023645767
-0.091661095064346	0.0283755452071973
2.37528183775413	1.27876333332713
-3.09856783157417	1.24523470355668
-3.58335665918076	1.67518681458622
-0.611290101809887	0.211254688921602
1.18511406649977	0.761560343745095
0.682598544233423	0.228483971119609
0.692221603806191	0.231554051840086
0.187516582106475	0.0494383766804619
-2.03218569815275	0.9802966721164
0.550372619701494	0.236080671029614
0.23148056127022	0.0728811915608546
-1.46556636079729	0.39889055417079
-0.576382344846406	0.15043977920911
1.72664583622157	0.514027439791968
0.190569534030361	0.0501121779284389
0.674114051316143	0.259363869493562
-1.05876416989207	0.340526798435442
1.35394538314551	0.71336451075624
1.60678076383683	0.953989391941529
-1.68251786490918	0.700466142537837
1.72664583622157	0.514027439791968
-0.561074719780954	0.146672057200803
-0.632183976563046	0.219033211637202
-0.0069330829647059	0.00249327828736711
0.515434070843134	0.220126088856864
0.247901270422981	0.112792408706363
-1.05756714865883	0.569730251388277
0.195923847427482	0.042652530602415
-1.46556636079729	0.39889055417079
0.333538034550003	0.122760886431499
1.18470127716887	0.763043018522082
0.0999355982212689	0.0391908631944935
-1.66487133096218	0.691410977349317
-0.302515248575165	0.0897668916156636
-0.26354379103149	0.105362297297199
0.681196511783606	0.333674231744267
0.202198391670494	0.0436656035177294
-0.583235544799127	0.240165246536741
2.08797001002257	0.996866288172598
-1.02140440242351	0.431251217903549
-1.02099684072396	0.430489947739076
1.03902887925869	0.473472915544112
3.27016636624633	1.45724800636443
2.66325839106117	1.60207942277286
-0.380248260730569	0.162148827945518
0.930204409261504	0.523708246685003
0.190738716303272	0.0418413373211237
1.01264401735513	0.459131038496104
1.3701735298738	0.486046373261376
-0.298209899803795	0.0888556079266036
-2.3268784376703	1.26481671827747
0.646220626518491	0.247852151864703
-0.251207013695148	0.100071631200521
-2.13147959253435	1.07772273012156
-0.315008208577002	0.111447763795451
0.510049104918844	0.242140879034904
-0.871505984481528	0.337800997484554
-0.0622113451451008	0.027163055588774
0.388333001141116	0.180811543958756
-1.36132767316813	0.67788853075005
-0.623891435697114	0.216208645967243
0.373497350302312	0.155381058140463
2.72838090734003	2.20615857744125
-0.0972899699994969	0.0296045281189342
-0.100505247928764	0.0418043391312889
0.369140234510617	0.135938753626846
0.664229390792417	0.221891790168857
-0.0152928858493587	0.00564131780926277
-0.0602052176403579	0.0194230968098203
1.62145104377511	1.07941366701745
1.33854547575905	0.702549724710297
0.373098932276614	0.137441400403306
0.840599266032012	0.42063602047805
-3.58335665918076	1.67518681458622
-0.274961726592382	0.0972323030481373
-0.618283020082934	0.214212836140942
2.01268472908159	1.21168277236144
3.26908338806269	1.45678296110119
0.493641161181048	0.2095742170573
-3.74445231675699	1.8318045614682
0.37497787257035	0.19437006256716
-1.67958331740365	0.697944461343158
-1.27322966027986	0.604901292659683
3.28943707141214	1.46858989858706
-0.283398869713769	0.100217795568517
1.41996252685325	0.662771507902852
0.508539187319912	0.216599427598872
-0.30208995642647	0.0897001367335993
-0.863803823497003	0.334581254100743
-0.852852373521221	0.330318315502769
0.223361327435248	0.0707087541656047
0.35892052718929	0.148883689326677
-0.128999277133326	0.053435212495188
1.06487826927243	0.425794621856675
-1.38597198994606	0.696311908218116
-1.14726386360857	0.516631875826251
0.160505292207515	0.0433777347361025
0.520295850395894	0.221683842159556
0.350856087419623	0.128823091457372
-0.231031096039002	0.102678121249014
-0.67391067473415	0.294269898006559
1.39670390964941	0.496388528960776
-0.338780275654294	0.143262309362766
-1.06297934678592	0.341962484637486
-0.62911400726838	0.217642117633131
-1.65704566887714	0.687537901223576
-0.302117739358691	0.0898012155252206
-1.04326431362444	0.44219569381945
0.717278297571775	0.435396936696827
-0.583189678820652	0.241035804607791
-1.0615597697243	0.341093221319588
-1.10636698497923	0.620413814855422
0.16512155211795	0.0582280060973489
0.355432192795002	0.130786946633614
-0.380756936941384	0.162155006289743
1.34230278835555	0.705292044009727
-0.818041521953036	0.380698002648745
-3.37548811099911	1.48033512114538
-0.326005214385633	0.0961844579217373
-0.880126855585784	0.428137054488751
0.516465401344578	0.274551129409669
0.140209788285509	0.0500296001178642
1.33797969865696	0.784305472318348
-0.165322758321635	0.0617655005482565
-1.28779202393432	0.613606392332649
-0.607319507740283	0.251777582174858
-0.168290458894539	0.0626186311222076
0.355441836313051	0.147691100607013
-0.286809937275786	0.0856806498645866
-0.900589495357095	0.439205358489836
0.199299979186037	0.0801075393158884
1.77809676615168	1.44294058077889
-0.367310432580925	0.155946494609523
0.356392724163179	0.148092027786804
-0.793206371834042	0.366759676328234
0.162719688187522	0.05749764389036
-2.21731210191502	0.682578012209152
0.368830189257644	0.13587552225382
-2.116272629827	1.06736115349689
-1.6621967871062	0.689598025897621
-2.21257221902061	0.680354097619789
0.530311476402509	0.227192765545181
0.848211522857192	0.425266570089459
0.271127129416854	0.123601775593624
0.219660227535745	0.0694611101870653
0.399047022980738	0.186537700690468
1.06067989674719	0.545104726090803
0.675599770515592	0.369287472401346
0.378176000049373	0.139039095603097
0.240668863531893	0.0755270374747936
1.3362738423404	0.701033243198369
0.536145904818687	0.257151168576264
1.01687817239424	0.461371304375139
2.37317154864913	1.27698139835648
0.10143421204257	0.040114869532159
1.62844511314391	0.972203754249467
-0.17675850281096	0.0658463143068132
0.83970687092035	0.420427719230232
1.87583610788022	1.25198808902387
0.208153707726308	0.0843017012045703
0.865115324827889	0.538594738188444
0.641408430113829	0.24552038682474
0.22052954402637	0.0890821225259794
-0.02099345191853	0.00805209230201619
-0.301172520044636	0.105855459053424
-0.279226597617984	0.0985989013225853
-0.320749927663854	0.11285415381447
0.493182471647099	0.209669620468566
-1.04761988887693	0.443815146733238
0.364427524996471	0.151142112477699
0.223639598060174	0.0900665648608727
-0.068545301146485	0.021714067267158
0.0978771749781761	0.0387568862264725
0.372233858153225	0.154825789930417
2.93599873682898	1.9582299983072
-0.609922471883679	0.252963444264958
0.506179019597983	0.215555514187714
-1.67687780345363	0.696530156852715
0.169532060377701	0.0599497812321817
0.124606315131517	0.0446326169352922
-1.46454454059535	0.764093684309952
1.07425211722733	0.757729198558507
-0.957194828864249	0.487421271707782
2.01935798031345	1.6428992910119
0.649420362231963	0.353267893871359
1.3473429361004	0.791628208687287
0.350946479126879	0.145758405559785
-0.453504476705268	0.204060975618004
-0.303651161948604	0.106597114849388
0.347744974346589	0.143820827367208
-0.31010831105104	0.109535429431386
0.240924191075375	0.0972511528952338
-0.314743849172601	0.109962504684073
-4.30100836838916	2.30557767046066
-0.246942945893109	0.0984372395672241
-0.0803650440355422	0.0248201794312683
1.5403482949416	1.36078698938703
-0.0823976796900308	0.0256988782537463
0.277621287296809	0.16714227342712
-0.637064747355462	0.32237084593719
0.1566941088929	0.069768997322972
0.240185741993061	0.0752570600879906
-0.691716081953745	0.303813154084377
-1.365963693989	0.680483380211992
-0.54910163370056	0.261938657034946
-0.627233320631329	0.316288023025273
0.776880952831282	0.430189808913056
0.538086673307825	0.230498257049307
0.624236552375383	0.37738499575704
-0.0585404852161418	0.0190348985127559
1.62730542153945	0.971354621331976
-1.27070879648796	0.606546689884714
0.826861351352786	0.413089499287923
-1.0367736380936	0.436805881157202
-2.70586409134541	0.958513971894066
0.339967706171133	0.125087485620335
-0.967271790084272	0.493737906439877
0.0709541682058589	0.0290457148962761
0.00984745401904292	0.00494444884708696
-0.239307640931375	0.120844832604336
1.45099655628781	0.680422844424292
-0.547514548276475	0.261162245658159
0.565731823539772	0.367477764918966
-2.00991745702082	0.966355854843956
0.545359854485437	0.233618319075393
1.77388619361697	0.741131703530167
2.32970264207052	1.90165540354913
0.727192059308732	0.31989132464541
2.44834859745442	0.840528199577986
-0.441010760578674	0.168946660152323
-2.02517812963847	0.976188963257647
0.733353008805953	0.322711897827156
1.03419110320576	0.470459691068501
0.655934844210962	0.219659734372846
2.09732823469476	1.00229790730105
-0.473590762108188	0.213739658598514
1.12329456617986	0.646816657173368
-0.00997776394102033	0.003448502189184
-0.00718233016618526	0.00306289142031024
1.05924028061591	0.746262333876166
-1.04518314232302	0.442130594335376
-0.260022974319713	0.103782050201676
-0.281213010013575	0.0841770235702323
0.00203232218383386	0.000513501639632188
-2.14605910169137	1.08762768203813
-1.36603907406735	0.680225721052324
0.00476764683199898	0.00125739262936799
0.671445525321813	0.366991178290214
0.167636574152991	0.0589992119684745
-1.8667105682604	0.841554223626961
0.160497199459891	0.0567656433319849
1.60205586491532	1.17582311774612
0.35892052718929	0.148883689326677
-0.480200931204433	0.185877961453322
-0.459515422731921	0.207067819902047
0.532164006000157	0.227394629332652
-0.297745227366455	0.088703707435214
0.390216046577604	0.143695780012018
0.658034884399061	0.252497421846177
3.09215559508879	2.94075301817219
-0.572536106433494	0.236278117564828
-4.04729465450024	2.10435025339994
-4.36162244924222	2.37782522932858
-1.98293441039336	0.949192478353035
-0.481694037623306	0.186237947662873
2.09396320894315	1.0011830226404
0.495742675831227	0.235198481449886
-0.0922743906436398	0.0286665254620834
-0.572536106433494	0.236278117564828
0.683038414906399	0.33501723336067
0.00360414344790313	0.000786541737274489
-0.103070918247474	0.0426296441416134
1.16018791323441	0.739479946990273
-1.18920518587721	0.538015171874448
-0.154849957781539	0.0576314572033401
1.21881642622444	0.869167638490104
0.333230165700624	0.122501827458539
-1.19254814184096	0.54186931155468
0.809665908708865	0.402571855232782
-2.20452069372124	0.676749531450116
0.0042040511587073	0.000983137527753674
-1.27666346102879	0.61015674163974
-0.690009946949885	0.302012846327656
0.510324556339147	0.242499110282466
-0.600728752457473	0.248599389521941
0.243649672984509	0.0764742836878142
1.07024818905164	0.551045925732725
0.665787411551282	0.255922785265495
-0.367071467944087	0.155942671865207
-0.712345782777099	0.379685505237564
1.56811216225644	1.26104812329423
-0.581864603928064	0.240124732450362
1.34710213637809	0.707805712068143
1.21303930382969	0.864881862501306
0.161857360143062	0.0574990817398483
1.04861424903523	0.537190543357856
-0.280789407891444	0.112721868610062
0.976820738643363	0.439727979557621
-0.260667393430136	0.104503248975962
0.242913189871462	0.0761305498113166
0.115857831577378	0.0451373626426905
0.0982355755665946	0.0382560653425887
-0.00891267346267847	0.00349343653768568
1.03491659227715	0.658564091843148
-1.66260265822995	0.690365671999482
0.483788514250039	0.228870967894712
0.12415545537004	0.0444317943866693
1.0966510984311	0.440514701924932
1.34702178900597	0.7079855141151
-0.303349464245053	0.0902573552966827
0.846519759965344	0.424216844880596
-1.43549133993715	0.535998719182748
0.65922578725847	0.220614372532258
2.92259502658148	1.94433150265849
-0.152427985943848	0.0559023055132309
-1.17175911132997	0.529750520938705
1.06518023668603	0.547678560836689
-0.282967329352348	0.0994395238096384
1.43777745532278	0.673223104825915
-0.284718425050904	0.0851722059912993
-0.621244796527714	0.214999988146615
0.662609424003525	0.221654967360401
0.666587548725243	0.326054853704864
-0.0784301146249083	0.024363750359604
-0.29578813560486	0.0882116684839374
2.06415851272598	0.98190052498199
1.77829806424928	0.742842282455695
4.06337808399324	2.39487276857805
0.160505292207515	0.0433777347361025
0.202395601323285	0.0643376426855766
2.71534379193309	2.18902649643201
2.38511814817332	1.28596893426868
0.137693948132909	0.0490850691075566
0.205772774349869	0.0828701577132904
0.715340696232652	0.313327067108798
1.12270876700107	0.646677333096298
0.197192500060602	0.0796714813473942
-0.116068646617299	0.0480931589342237
0.683090437699776	0.228431766982679
0.110982812523257	0.0434024162613255
-0.552335012199188	0.144678456612124
-0.0218897317274118	0.00642215406831755
1.63584420746106	0.977607642119386
0.713721356756463	0.313075950194014
1.06523251855828	0.547800448609871
-0.370018482503975	0.157216847382868
1.01730081995895	0.461153737411094
1.02759241175841	0.523966870954379
0.924397059371711	0.518580422722818
0.838812491909222	0.419887798987902
2.04240537097837	1.23584593614333
-0.0878335929788924	0.0272435592356332
2.52760361618324	1.87576474472804
-0.275687060281398	0.0826939690244633
-0.567965487274228	0.233984276483109
1.50550858971333	1.31278782576402
0.651029169658989	0.249735607941233
2.39246058058387	1.29172180294248
-0.0952555264200731	0.0294729484362512
1.79594065018368	1.46323332805241
0.493893931772663	0.234117199601601
-0.602781193680923	0.248369457911375
2.29665688051796	1.54828605912625
-1.03462315851094	0.437821767520168
-1.02590046752297	0.433524034132182
-1.66508953259572	0.690925487762167
0.774379810738689	0.428109314831806
1.0967809621314	0.440573408871857
0.824464578184285	0.411154457393109
-0.0775757647494867	0.0242967610506194
1.58317946518532	1.04395731226448
0.240308569886204	0.075322617624464
0.523388512925227	0.250405258375044
1.08486236230807	0.435238441596107
2.45446436525245	0.842916202981294
-0.152657032090597	0.0568126978700726
-0.275317274588186	0.109414259204243
0.994661802630395	0.449510456639736
0.718624773832492	0.31504083816479
2.0092109904164	1.62819459820403
-0.0392741234506832	0.0131993848426199
0.373295374955908	0.137140553547066
0.527128172876612	0.225018876822251
-0.451157697897899	0.202874943352832
0.127897789869819	0.0455191045245026
1.81681837921791	1.3381260344328
0.745651739094534	0.328744144371674
-0.0774050461354077	0.0242831048289601
1.00182033971264	0.453315721776276
0.674607750377633	0.225649879535187
1.32921980051576	0.696280615715444
0.663868289411756	0.221871614316916
-0.634575115053858	0.219585533249757
1.05917473886536	0.543611660755241
-0.472039336164088	0.181826271609893
-0.315008208577002	0.111447763795451
2.45709514677168	0.843701380989689
-0.0264853091978303	0.0087900000134685
-0.316809980656285	0.111399218837799
-1.7389626757623	1.06659281138154
-0.367548229623358	0.155340036149785
0.180334652339367	0.0478106473797875
1.41120556675479	0.658026534328907
0.211288215871455	0.0669817276407092
1.35236968851407	0.712124559562241
-0.860669179057129	0.334047825923664
0.212442553278718	0.0675344781928357
4.89539216730571	3.9394805003331
-0.288122920487252	0.0860808356526595
-0.00814344103454971	0.00277444533602675
0.362749460034695	0.150988067324696
0.37790123995244	0.139008019061535
0.751058658844039	0.33171544987922
-0.157042838748613	0.0585263871562452
-0.157648101741156	0.0588509177466002
1.62601579040422	0.97068013479803
-0.288326560188636	0.101988040823662
0.168844361730354	0.0600086532226412
1.37558935632313	0.489060937437241
-0.474397773189908	0.183409875173398
0.757317635955537	0.334438483601716
1.03204435856249	0.469281602858668
-0.0023914517858422	0.00143036074422215
0.763516922638219	0.337851587304306
-0.864509543368664	0.334742308159884
0.361467625379963	0.150221409163988
0.175741543426942	0.0783210515772919
-0.0718368332577771	0.0225063146770119
0.688755278517132	0.230474449974642
-0.28685715168568	0.085721358799069
0.165083419710785	0.0443685940133751
-0.696615403435381	0.30535683220588
0.180315924045662	0.0478066702574292
0.259064950109189	0.117591219989113
1.4246549617334	0.665836622173961
1.76810514306125	0.7381530283959
0.69790279773561	0.233397477907166
0.673753295032167	0.259338308300517
0.16990936756201	0.0454518217672499
1.07548302483537	0.430882424118786
-0.0142850894323113	0.00482246751253376
0.839921021331347	0.420340833983327
0.634140756218518	0.34367134761388
-1.0391932855535	0.439860012267613
0.381730561266542	0.140555820310488
-1.0349152842375	0.437979365409546
-0.0766106949079694	0.0242313820543097
1.57965428120284	0.932226995752831
1.08473600195501	0.434986922849175
-0.569438551601303	0.148859249648682
1.06117492589248	0.545225288672328
0.608839489217128	0.364955505733096
1.08954186278312	0.437082645444824
0.382418675269462	0.140642669263542
-3.7822960035098	1.85408814850394
-0.0129565598156856	0.00518585366758409
-1.04623082826136	0.336174901762473
-1.8694068128429	0.844601786506174
-1.4488733303446	0.541597122467169
-0.621790646696892	0.312632285164693
-0.0411796030495739	0.013314886479632
1.36132788509316	0.718081571885051
-0.158800998015249	0.0592589471677635
0.228511156169644	0.071804032729532
-0.453005171013646	0.17457278882595
0.653127654992872	0.250722339741329
0.543117188448468	0.260785632265668
-2.22330840344622	1.16386024588113
-0.844056797122919	0.326366354770089
-0.451766850787141	0.173499628254656
0.636359731067156	0.34423269262735
0.509324186780929	0.242040464765651
1.5387909546031	1.2216148992715
1.74510423425748	0.935047886853401
0.357882136185004	0.13179594459036
0.327768314489197	0.135279818768528
-1.66854803540334	0.692989427486237
-0.467100786233093	0.180393807070633
0.67742746445304	0.226603864627127
-0.0923065151063074	0.0283767418645853
-0.614746613769411	0.212903620622188
2.52228939978364	1.86823340591435
-2.02090078504477	0.972132539883598
1.01482286413861	0.704552477916933
1.7817391805359	0.745005111153672
0.370151784180043	0.154193055661137
-0.553958654260902	0.145182611160989
0.335671466475832	0.139294671430682
0.225265061354041	0.0710251442631123
0.685297355722027	0.229213312626388
-0.0877689367151713	0.0263154572780405
0.906151326926563	0.261259737108879
-1.04970653561158	0.44502252976873
0.688704794210132	0.230359128893008
0.887103232856219	0.610470183779346
0.175124314973247	0.046645304856595
0.175179837992234	0.0781002637283803
-0.60621825855081	0.250889084540336
0.356716069583532	0.147732481708352
0.362854109534624	0.150630398322528
1.44271173475533	0.676117492547363
0.908148649268101	0.26198445808125
-1.6889085419311	0.703036149006006
0.172141930104414	0.0459762515619496
0.225265061354041	0.0710251442631123
-0.323782221806496	0.114350084332283
0.142658516089461	0.0502343919188255
-0.305505227904092	0.0907462943740742
0.153639468712355	0.0541355926807288
1.06137676746378	0.424207182069452
-3.07779091507257	1.23444005509606
1.05921465921826	0.423056996379381
-1.08497947513288	0.349263330246813
0.924469195483338	0.266423091240108
0.205561737379768	0.0441838774146192
0.205561737379768	0.0441838774146192
1.72664583622157	0.514027439791968
1.0702360898084	0.550649545786363
0.65016059720787	0.249551049535933
0.351215210500736	0.128908929818625
-0.486588734299103	0.187492572684624
0.165016980071288	0.0443593586963327
-1.04923748026572	0.337110470489464
-0.128848085902907	0.0478264930192799
0.372897996204058	0.155345287720155
-0.620356025765848	0.214895966402198
-0.445399831079381	0.170911662165709
-1.65916483890599	0.688439443826351
0.515684548107588	0.22000671838425
0.208130289751052	0.0445612068776082
1.15679982416071	0.738403467076071
0.681160774189803	0.261939137236114
0.675900991895535	0.226211236089073
0.0148514150918197	0.00441494960033147
0.225580086276514	0.0712168953245748
0.668919188286892	0.223843463548526
-0.0812203881857205	0.025403763941185
-2.00305825678804	0.961115015187491
-2.71389264192226	0.964179620991658
0.356209210951626	0.131435610972416
3.57296496055713	1.76215685722717
-0.0293257527723175	0.00996222205952042
1.0032192624046	0.453558397586712
2.45713066693921	0.844016359639868
0.686438385931598	0.229465616264401
4.30074265892341	2.76148648593657
-0.569438551601303	0.148859249648682
0.180315924045662	0.0478066702574292
-0.305505227904092	0.0907462943740742
-0.102491111509221	0.0311393260914389
1.35471363652442	0.713106407785498
1.38279184561893	0.491656853905118
-3.09628873485173	1.24398931852427
-0.571538969396222	0.149182553096798
0.709187062428708	0.310471392226259
1.00330120146515	0.45398588592362
-1.65371288524152	0.685423857260386
-2.70586409134541	0.958513971894066
1.57699963488825	1.03882928986384
-0.792192244571149	0.446894627482224
0.377807143661204	0.139278709758407
0.390389671378817	0.181729238861379
-0.7128892867477	0.314089548877645
-0.60508546506188	0.251072316623112
4.07129894895192	2.40309687787822
-1.40664072061403	0.523833363794703
-1.67059024797089	0.693950439169521
-0.122360243230986	0.0459550438603633
-0.863864480624225	0.335227274758579
0.363913326655179	0.133777245545631
1.32981701306666	0.696955879135765
-2.325543304356	1.26470017344117
0.911950806885272	0.510350745584618
0.641408430113829	0.24552038682474
-0.150316871298003	0.0560997113192619
-1.84679477964015	0.83147975999879
0.518278949965452	0.221157112969488
-1.75336565486604	1.07991034732576
0.359197626771494	0.149583639956014
-0.631738658250306	0.218625930426014
-1.35680973377918	0.674890592294589
2.74204071521602	2.22517158287869
0.510719313870767	0.217679795913965
1.19121639749384	0.842370146520622
1.59476180150519	0.944660622001678
-0.0449206435397735	0.0146245727421101
0.254159444076701	0.0793773394515663
-0.84120454834255	0.3254567123765
2.91767215080868	1.15195328733466
-3.60021689403065	1.68499511630741
0.155998612923509	0.0552630562206034
0.211803169512973	0.0854541424977303
1.37827114797515	0.815340491844673
1.98365231086853	1.18573622122775
0.653994852670135	0.250819314642062
0.380396303559347	0.140190115919314
0.962332031332475	0.546986739289978
2.92438485477444	1.156147471729
0.952339796943891	0.538932593190987
-1.16398422762731	0.525036647037001
2.08797001002257	0.996866288172598
-0.279481275133852	0.0984110767214193
1.34344957838451	0.706096460834328
2.10191660741599	1.00581722578712
0.231066157978782	0.0726082284444526
0.160505292207515	0.0433777347361025
-0.623289950493269	0.215525282776057
-1.28935466163641	0.616779400043933
0.514436695207552	0.219575008216391
0.52247228544298	0.249417188904755
-0.0160235808121508	0.00606745568584246
0.882119669383611	0.551031793128326
0.52265877354515	0.24925614277029
1.35106729122333	0.710938151998784
1.09496280779904	0.6261762929791
-0.288034590067649	0.10188282818647
0.242963698483695	0.0762314393760321
-1.42336384309457	0.531065517704682
1.0247971518555	0.465550847786883
1.45304476201183	0.681823353971423
0.679653114219625	0.227181883175313
1.59495412896963	1.05489840898573
0.225390330130693	0.0710625469773121
-1.0166942403002	0.428664061842963
0.3851664933963	0.178908498856659
2.91767215080868	1.15195328733466
0.77591006612747	0.427643456733847
-0.874212047626139	0.33981632967307
-0.850982193699369	0.329487260402155
0.670087886268002	0.327605163831146
0.210095837723144	0.085127029835001
2.106645972142	1.00842100880927
-3.07139247283292	1.23058533678423
0.208167257881773	0.0838018750627512
-1.03904858906921	0.439323272859219
-2.01241561023155	0.965786107172225
0.522259677236883	0.223247019970812
1.11939493256797	0.64463872290503
0.333349306018772	0.122451623984581
-0.167442971894367	0.0620533795844719
2.49052411173133	1.83283909409177
0.733597120222406	0.322831927166604
0.680770536184485	0.227634687282147
-2.73047033174598	0.972740975537964
2.52374222166248	1.8711257746199
0.679650531738856	0.227226640039277
1.42696909557048	0.66688267012766
-3.90352065712036	1.97968747023951
1.38341929175012	0.996817321507045
0.952076172899508	0.539544846812413
-1.05358933464413	0.33872103827442
0.547272645492475	0.355503383368661
0.219173137444582	0.0690782379631127
1.77216556650193	0.954245875366188
0.74245150714467	0.327000589809349
-0.858351627384274	0.332468618679276
-1.0566070417158	0.446989666799867
0.655100765856412	0.251543307813305
-0.313467823234839	0.0929728017706251
-0.278695058842365	0.0978514259254283
-0.0827920852698173	0.0257720068288598
-0.456366320982894	0.17473818217893
-0.216893818035765	0.0961546869961985
1.75954758887052	0.945195305978156
2.76853566591381	2.25836748191313
-0.601354868752105	0.248107652915487
0.210697942753129	0.0850598195916397
0.355482416419208	0.131051631898599
-0.283503473537766	0.100104191370642
-0.0520315643855841	0.0164567713991407
-1.01640055056071	0.428507163982266
-2.20452069372124	0.676749531450116
0.122361396597923	0.0442226705331569
2.38438208798496	1.2854435298921
0.152333192436397	0.0415232974103919
0.24231079990204	0.0758656666474767
0.669136929413049	0.257100586680128
0.831565580892425	0.415571275147044
0.000513104724240159	8.28654668865797e-05
-0.617543532053568	0.213777794885301
0.714756385826498	0.313410744454954
-0.563224434073156	0.1470595732283
0.163519401363342	0.0578005674843315
0.122158494450069	0.0435053236407577
-3.62320079825186	1.69715447671858
0.363907684901279	0.133853428619413
-0.309827664909374	0.109139285092575
-0.847419235389099	0.327867218869934
-1.45534802452129	0.544067471587907
0.857616302858837	0.430644862758804
0.656666486137064	0.219704410170253
2.28931751365261	1.53941383061817
0.899765603237419	0.260024823460973
-2.29226779694308	1.24433700686356
-0.729530129052334	0.392202558854127
-0.552335012199188	0.144678456612124
0.519030959881032	0.221829087090655
0.157581581108027	0.0426992641424185
0.378113038451772	0.176022028081149
0.373511128532355	0.137657501399526
0.208130289751052	0.0445612068776082
-2.20131061198549	0.675574843790802
0.205505037225659	0.065322762277465
2.38139112802631	1.28265319016193
-0.30709378819044	0.0912559149429667
1.06209371372987	0.424707218328948
1.77694484013171	0.957308501907241
-0.797363403244792	0.368971766796588
0.224865135253605	0.0707281274482377
-1.42987043721697	0.533700849096348
0.371542809969329	0.136911061468623
0.3755106110306	0.156288239715049
0.167697313889314	0.0449797086311484
0.131971718222259	0.0469187552073564
-0.863388368683948	0.334243674122597
1.4246549617334	0.665836622173961
0.493641161181048	0.2095742170573
-1.04923748026572	0.337110470489464
-0.574310726366761	0.150122974494355
2.39752662063719	1.2949831546304
-0.15579654754322	0.0575978789541196
0.666133301211789	0.222708402316138
1.05945582057502	0.423365737527187
0.222698623999279	0.070115099125508
0.538761813513869	0.230788294066366
-0.25907989185303	0.103166041898654
-0.0933001468333637	0.0286129749931881
1.71838037692335	0.512092496146657
-1.65371288524152	0.685423857260386
2.09383725457669	1.00065411366166
0.163513677724987	0.0728627515221237
-1.27393065559506	0.606974951205942
0.824530553252086	0.41102025363344
0.14144766316589	0.050187011006094
-0.79098789532408	0.364105154193987
0.400390577583549	0.186907815186518
0.542216238965874	0.232098489244565
-0.0922743906436398	0.0286665254620834
-0.301225637180588	0.106401515540463
-0.901300585795047	0.43934706061203
1.43003494082045	0.669452619305394
0.225872605706573	0.0911870786835659
-3.57224560228792	1.66788835769117
-1.29951674887237	0.624151686761525
-0.362202939329771	0.153742450291162
-0.963083538508208	0.491589839397333
0.148152294756608	0.0527480551580918
0.72973384693406	0.320724714890173
0.169600196242023	0.0454065550737327
-1.0560583778936	0.447359430354461
-0.0151863624934877	0.00530880962384938
0.142889581231638	0.0512546596338682
0.851010762416212	0.427003177432977
1.02935166329521	0.468184956400046
-0.46571420638751	0.21008128954404
-1.06087794482523	0.449815179579986
0.0939268820850899	0.0454133088318148
0.824678725203642	0.411668946014677
1.08696413389759	0.435882187828599
-0.851192534906689	0.329584023645767
-0.288253062502618	0.101206196997154
-0.584009042655606	0.334751214588852
0.369323975997071	0.153691112788826
-0.47862975101598	0.184739384275004
0.0100896289014803	0.00316925422962435
1.35795169326335	0.800601788038356
1.03806269537661	0.473000837535462
0.348500310788301	0.144268832233255
1.36731836422265	0.807802678380863
0.226341940509168	0.0916093660853226
0.655577164722906	0.357410505510965
-0.0961623522061553	0.040020215861031
0.527271463707185	0.225597564534459
-0.158888230670654	0.0590117392540388
1.37785030070757	0.90109330630124
-0.451044490840086	0.172808168269268
0.210591305513083	0.0667581612588619
0.51635238211504	0.245898118818522
0.224865135253605	0.0707281274482377
1.78168645155724	0.74461717018754
2.01292536753399	1.21147957220222
0.155853788966492	0.0551672592749302
1.32831800318556	0.695629110818604
1.61662764512524	1.0750327352081
1.07332271092499	0.430065002010082
-0.283695303913811	0.100324275948962
0.688755278517132	0.230474449974642
1.74585063141932	1.40543109473842
0.634125557872798	0.243000968048128
-1.46446367947707	0.760539182674792
0.780592702182388	0.431076885887533
1.01250056927012	0.45872684418295
-1.07446807221246	0.345675481171459
-3.1028374169451	1.24834402300385
-0.361332245990844	0.153184244613182
0.165016980071288	0.0443593586963327
-0.567097066778424	0.148548092076695
-4.36680659507343	2.37869643841977
0.632694177779861	0.34204226684875
-0.872305576876012	0.338443107340808
1.58512790528966	1.15815206516109
-0.0332009377056861	0.0109805648562624
-0.623912429413464	0.216071538242249
-1.41775409261883	0.528669717214252
-0.448996511880671	0.173029447123535
0.0968513696327695	0.0380888459503393
-1.6710962626802	0.694929411934031
0.216418270419476	0.0875351881448667
0.841411600038793	0.421525825228024
-0.023280127009391	0.00759647660170571
0.66634383375408	0.442555244936105
2.29117786847027	1.54141354250342
-0.580004714366196	0.151748487118874
0.657818875798338	0.252304496156445
-0.856633717062169	0.332185041155004
1.05180897631275	0.480087818070465
0.753733965399878	0.332763796891236
0.544772394528585	0.233227756290871
0.349982213433188	0.144903680407693
0.78661995850185	0.435763280267583
-0.122907755319372	0.0461546127896043
0.660085544099662	0.220849182949209
2.08005047323412	0.991876342394343
0.351194549161674	0.129077366703466
0.177932949857513	0.0472704475269999
0.205631652460235	0.0653601623375486
-0.307819054596212	0.0914527699091275
2.6799779926375	1.61741434513231
0.719169213299037	0.315921113282935
-0.0299411802697193	0.00976583083071199
0.665897631686115	0.325609385515893
1.31938317219824	0.770045888412697
0.217103128001417	0.0684755622125145
1.34267737911759	0.788340751352657
0.205246530314989	0.0829817649156947
0.16600180187985	0.0587504390479462
1.07907383975337	0.432416030483269
-1.36160331177614	0.677621903060379
0.540156995898283	0.231393411263512
1.73613339990668	0.92828556246999
0.333200513178194	0.122656787377596
0.93293365462781	0.765756256071003
-0.0418806547936041	0.0183884275186847
0.963131299869642	0.546413997335041
2.08085527180981	1.52913614523981
0.821245230429089	0.409928792904603
0.799787579191791	0.444285562064255
-1.6140260442759	0.912218934899405
0.222746898166708	0.0702142115346211
0.735533850073285	0.323822227015285
1.3929641025393	0.495468277921747
0.23165195737863	0.0729064339081441
-1.35449412371432	0.674489827393276
2.37266970431778	1.2757494101701
0.630575904153892	0.241398063055919
0.831185787391617	0.620345539580723
-0.457198511558671	0.17620512533007
0.776923094595574	0.430131345934045
0.921824610399643	0.265755741469354
0.359359681135523	0.132089800141758
-0.0118689328645974	0.00456572376281348
0.926723265025086	0.521877085881867
0.155055385891057	0.054893798795653
0.879960819044333	0.549009796825783
0.222746898166708	0.0702142115346211
0.518229878280449	0.274328341151263
2.5162747361538	1.86203482286529
-2.00939627818996	0.967707000187225
0.14166254922689	0.0505535925766324
-1.05874549579791	0.340517355461754
0.49706554568638	0.236221933087444
-0.563903320458935	0.270045593590896
-1.05569847508294	0.445940245311103
-1.01246235842296	0.426385406764901
1.05338921626387	0.540443249036082
-1.17847621496326	0.531500822787404
0.502997296579726	0.214428847154317
0.00647265861087363	0.00146305090545423
-1.0254724341039	0.432739301692554
-2.00524446601733	0.962581485294519
-0.45766964570332	0.206199849361947
-1.86658063178752	0.841058083644279
0.378436089960706	0.157621385182946
0.196879886504273	0.0795577224969711
-1.09498850225407	0.352786673734209
1.04530859863227	0.534580248679145
1.43168917172641	0.669640313068564
0.893218145375438	0.609066551261523
-0.247695747479332	0.0988576408831239
0.848151898167537	0.42556093190942
-0.441753275107597	0.170077918346124
0.954602023875405	0.541441045481315
1.62705451576157	0.971574521876162
0.322156705429909	0.133155455356976
-0.609158398920802	0.210864854245956
-3.35179502452106	1.46653269137331
-2.14295108271169	1.08475012164903
1.01474887130921	0.641775337115115
-1.41775409261883	0.528669717214252
-2.21882554624271	1.16174469616923
-3.38466043086499	1.4850985114698
-2.01406826545766	0.967641701236427
0.505989581667256	0.241029558386637
-1.04804686574925	0.444867092259426
2.91771648568221	1.15252312484676
-1.46754137571983	0.399241075338394
-0.0625801216561574	0.0202003096297817
-0.842280636193126	0.325576975348051
1.05026377974176	0.538297828072674
-0.694392904653092	0.304209250706468
1.32994211986557	0.857862486638499
-3.07779091507257	1.23444005509606
0.524948562446146	0.224094468056664
-0.298807819072265	0.0889558819091486
-0.000555604215779647	0.000358196275354903
1.33837512171517	0.784819977762591
-0.608474807180916	0.210472625419326
0.733688212039868	0.322283546467055
-0.872305576876012	0.338443107340808
-0.31011280695359	0.0920681438912792
0.498184977399268	0.211685401807295
-0.55888165037327	0.146019049191659
1.07626125737755	0.431473543148338
-1.67970944628328	0.698014324070698
-1.0757472992368	0.346345116116439
1.37859750276635	0.490222912680126
-1.67623209380235	0.696851454808509
2.18970472769677	1.95261330966413
0.931542453957848	0.524632123109444
-0.26152161555541	0.0924346523627336
2.0904766040442	0.998607707037486
0.663051220033839	0.254349168039037
-0.0433439181185684	0.0160762248597397
0.754524980408743	0.333164311608866
0.92003140509787	0.265333979478402
2.08591591043052	0.995653239553386
-0.305835558184101	0.107290185860875
3.56967891771929	1.75970398327778
1.02056512378373	0.463275095530499
-0.0509582452010265	0.0168098864094896
1.72402871819241	0.513373825324747
0.180315924045662	0.0478066702574292
-0.138787378224387	0.0522803072073329
0.73256122972469	0.32214129941214
1.33019263550759	0.697048478241751
0.746554673274913	0.329321214639655
1.42935665746756	0.668178857658321
2.38830936707104	1.28803746559691
0.635856326657533	0.243938527987317
0.727975335969174	0.319995544039775
0.172141930104414	0.0459762515619496
-0.30709378819044	0.0912559149429667
-0.354602524816019	0.150386507174221
-0.614845878227937	0.212567579721655
-1.85165908757804	0.833179333064255
1.7715316677657	0.73956676617944
0.180096977611431	0.0477470127508601
0.228511156169644	0.071804032729532
-0.563224434073156	0.1470595732283
-0.623912429413464	0.216071538242249
0.899765603237419	0.260024823460973
-3.36589008487891	1.47467906977199
-0.460618153786623	0.177254422922737
-0.321369456523924	0.0951483650578636
0.219858915413248	0.0694321986796394
0.157275434948682	0.0553526416410446
3.25904938664935	1.45089842575752
-1.18300899524261	0.536306527720718
0.665922411917219	0.25563902588403
-0.851476747896441	0.329981255366232
-0.077990739644235	0.0245803985947901
-0.278454816248194	0.0983926423348358
-1.3889460990053	0.515983166935664
0.901720616063008	0.260095467165507
0.227403893141339	0.0715006664849142
-0.362790629017552	0.154158211346631
0.915267467236802	0.263914073443303
1.08486236230807	0.435238441596107
0.853462111042212	0.42894591737526
-1.41904649690674	0.528965333244125
-1.0411155019997	0.334366938978704
0.205561737379768	0.0441838774146192
-1.66496918874926	0.690859081176529
1.39559632674966	0.496139071198923
0.377490691182565	0.13916081303248
-1.69775945064234	0.70679184828098
-0.571538969396222	0.149182553096798
-0.45780274019622	0.176102197187215
-1.46754137571983	0.399241075338394
-0.31011280695359	0.0920681438912792
0.915318019020568	0.263922623604752
0.205561737379768	0.0441838774146192
0.356053594719455	0.130901708917079
0.347533696010761	0.128071135746267
0.237104877726037	0.0745081095807233
0.499105869357091	0.21307228943047
1.77829806424928	0.742842282455695
0.175124314973247	0.046645304856595
-0.28742178920352	0.0857832079305612
-0.289786951371268	0.102065881829443
0.665482699211683	0.22268814323036
-0.460414181765135	0.177502020903236
-0.553958654260902	0.145182611160989
0.653127654992872	0.250722339741329
0.6632665028763	0.254542872386415
-3.37523576836589	1.48072578340801
2.09841704355149	1.00355500904501
0.293737582889206	0.134319881288258
0.145128410545359	0.0512471330517067
0.741827965690224	0.32753736810346
-1.16749465416926	0.527942183112958
-3.58534729490856	1.67477924849789
0.74995266695292	0.331026778975878
0.679253863335306	0.227333437146606
1.3649978846104	0.720372751455508
-0.370472694254227	0.157785202301495
-0.0270076128981485	0.00861856642523869
-0.866313595610137	0.335642656787603
-0.0683288340558768	0.0216509268387189
0.639949301102751	0.244951965301791
-0.151835988160112	0.0567726458638584
-0.0151863624934877	0.00530880962384938
-1.1735069134899	0.53099136664406
-0.605535103485035	0.250655384952907
-0.00649024897056652	0.0027964895704742
0.134280976597117	0.0482486359791903
2.48046338498928	2.19029189309185
-1.05139365222271	0.337625068809831
-0.473961747029575	0.183120153486865
0.373038081160724	0.137341365532147
-0.60837524598806	0.210364610365835
0.185354182313861	0.0489411300621527
1.06743178358923	0.427217384158955
0.352982826239199	0.130281836006007
-1.15730257507427	0.521936109600714
-0.383520279548183	0.163509391485843
0.728634030212391	0.320629423198611
-0.34683667262566	0.146304526817269
0.83824912474747	0.419623276177687
1.74505429071627	0.93408539686468
0.361886498308195	0.149986594042436
1.30629502265436	0.759690230948891
0.743333724233577	0.327619346987095
0.378625542145513	0.157285882891302
1.43755656456294	0.673099191026866
-2.27870714669352	1.23175204523337
1.05305234336197	0.539744174071127
0.794134345518207	0.440563200151361
-0.850355930276253	0.32959882944886
-0.0447579761910974	0.0149587624164957
1.30491076757087	0.680038979578529
2.1055510446396	1.00849917927828
-2.02768214664048	0.977384804889822
0.148782681563889	0.0524696064465756
1.0430454852605	0.533112158067621
0.990179654607073	0.44697142782703
-0.7813695368095	0.360308991841321
1.40274440558796	0.499243938315738
-0.278972209932268	0.0983420963100997
-0.037585844386719	0.0142791062599925
0.122918370724599	0.0480798692213743
-1.16816669880446	0.527606605862237
-2.21584944415156	0.681305547753399
1.71866000323516	0.91533225838327
-1.02111519094033	0.431096199665407
0.177916426070479	0.0472813074926094
-1.05646570561747	0.339422980870141
1.09886001598825	0.44140397862876
0.910858892443621	0.262745945817241
1.04990294311046	0.53805662950381
0.665482699211683	0.22268814323036
0.688755278517132	0.230474449974642
0.828081085466037	0.413569531894745
-0.283699838179084	0.100059666583369
-0.315729110423162	0.0936255870733279
-3.60896421071056	1.68984505602686
-0.846333711055868	0.327751612710057
-1.39450786271473	0.518532290441501
2.31508922334322	1.88199571447027
-0.258108447129214	0.103467796845439
0.499977484888395	0.212231205033782
-3.57224560228792	1.66788835769117
0.147449948354322	0.0526246155190152
1.38016920470379	0.490169965758878
0.732164896512953	0.321826901449265
0.654280404310769	0.218918625752158
-4.05108877352117	2.10760535596381
-0.808636926181966	0.375447693085128
-0.030811056081805	0.0115316973742531
0.535484204699742	0.229373128483387
-0.283469431767715	0.099561828135381
0.635295184348173	0.243271770197768
0.834319047840505	0.417320120697629
-0.483267847701004	0.186547340541985
1.13483665985303	0.655392244654617
0.182327940194625	0.0482741151528399
-0.127174311271827	0.0528697797959372
2.39361896220789	1.29218799147153
-1.41628778471444	0.527688882055627
-0.0827920852698173	0.0257720068288598
-0.0650565693058432	0.0208223884656029
0.50050557871436	0.21333873539854
0.658526731390681	0.220060854684016
0.688805855840813	0.230396439124451
0.121741792153774	0.0438969261699541
-0.621213204796868	0.215048806321663
-0.692523364961461	0.302830484034481
-1.04778568002697	0.444495019971756
-1.86449010635114	0.842363905717649
-2.13535761923382	1.07776231230621
-0.699610148436537	0.306784868130074
0.753849183287758	0.332728471944479
-1.18283748275328	0.536664683678237
1.10960108884442	0.636852479440381
-1.42701122269908	0.532474799655665
-0.868693869340747	0.33691132033081
1.33059316361418	0.858427766480905
0.386254563916892	0.198994963789359
-1.30859204788182	0.830013756320926
1.39724536743972	0.6496184128835
1.53679062868747	1.3511743649477
1.233951303474	0.970039749275741
-1.99610643305022	0.957939354215995
0.734959654728736	0.322918534376002
-0.149146111321143	0.0558660897385131
0.982689826081301	0.617397577961276
0.499559726788905	0.2370909631627
-1.13696367570614	0.644252003396133
0.87820325078142	0.546727003922715
0.37730674677573	0.195758787359451
-0.131764477177041	0.0495742631196335
-0.710868426820004	0.312518441803388
-0.801610266015657	0.37100820697301
-0.553958654260902	0.145182611160989
-2.12632216687376	1.07186579792325
-1.19806666645125	0.710247612109809
-1.04838495940042	0.563062946237153
1.81556983004273	1.33752651506024
1.35619756676189	0.799210844644694
0.671335214758596	0.328644322272279
0.0803378434675821	0.031688969462615
0.072769352428962	0.0291040210855975
0.360452657119696	0.149611419929583
0.141775435020665	0.0504785726883711
0.151772890057276	0.0679582045470297
-0.248300407019806	0.0991441813101575
-0.0683288340558768	0.0216509268387189
-0.881185936890353	0.342371775030127
1.06906845559104	0.427842108193032
-0.0206637294975263	0.00777934142153987
0.754134142651499	0.332791743623644
0.527166912312911	0.251792122398605
0.391989064553785	0.183262592352887
1.1817746115783	0.759603139727306
-0.415869564345774	0.210920173694401
0.192690452076796	0.0775446683764243
-1.03885418830688	0.44012726863515
-2.1083684707488	1.06230873830823
-1.04030285894024	0.439598627813082
-1.27777507720746	0.607901282148484
-0.605486251103473	0.249551223900779
-0.608232956995237	0.210383078372978
-1.18299492380562	0.536499367269546
-0.301242760740271	0.106004756508182
-1.0254724341039	0.432739301692554
0.180315924045662	0.0478066702574292
-2.0191607154026	0.970645381373192
-2.24095638556746	1.17621205049244
1.05346850049951	0.420726355416989
-0.609121409050655	0.250981253170847
-0.288769497763511	0.101962696470849
-1.66534691861143	0.692044342245821
-2.38090831546569	1.3332404603589
1.01718912733638	0.461220008185735
0.152333192436397	0.0415232974103919
-0.433349857109698	0.19359010089316
0.822805446926257	0.410229917085724
0.351496959585546	0.129267936972337
0.338112105336489	0.124393700052164
1.4004293383934	0.498112938298198
-0.575959266308268	0.150202913360021
0.709698135283549	0.31103656646536
-1.29134637630342	0.614451788348294
-1.07415611767138	0.3454108187484
-1.06297934678592	0.341962484637486
-0.301166988101911	0.106179381558126
0.525703891321057	0.2246845451998
-1.65916483890599	0.688439443826351
0.37238664589221	0.154901017397555
-1.26931941336681	0.603192359934688
-2.20452069372124	0.676749531450116
-0.883796762331742	0.430606919245992
-0.855277388791474	0.330528366062724
-0.28742178920352	0.0857832079305612
0.36197310419669	0.133368876839417
-0.315008208577002	0.111447763795451
0.124798487046957	0.044834080585248
-1.44791855614817	0.753750858867515
-0.154849957781539	0.0576314572033401
2.44834859745442	0.840528199577986
-0.348821408137874	0.14770206156184
0.838445659957539	0.419939349625739
-0.48362631093436	0.184850210157539
1.39795094300074	0.649646528721994
-0.0143168975686001	0.00476131932158606
-0.288192412157866	0.1016284925451
0.187516582106475	0.0494383766804619
-0.563224434073156	0.1470595732283
1.40274440558796	0.499243938315738
-0.563224434073156	0.1470595732283
0.347533696010761	0.128071135746267
-1.66552976019958	0.69183410434208
0.661630040313216	0.254101147614014
-0.0729558000956072	0.0231195974870213
-0.33101878371292	0.0977064019641205
0.208356817890876	0.0662165220690649
-0.869031237680884	0.337557187911496
-3.07779091507257	1.23444005509606
-2.12171269217075	1.06945242007169
-0.296469595037408	0.0883020342088884
-1.44385401753169	0.538963600684277
-1.26685363014566	0.604220263633493
-1.07446807221246	0.345675481171459
-1.18056871243011	0.532237627018735
-0.0544930337807368	0.0178574009268893
0.179308845424369	0.0475774904674854
-2.00959649123185	0.964423537485805
-0.48330475505948	0.218720516475579
0.897578623663865	0.259675397379677
-2.12783362988275	1.07498587073475
1.57125726031796	1.03259548452302
0.350559546868133	0.128713373185174
-0.0640587966295483	0.0205326002736941
0.669501572235949	0.223838569535414
0.246354722617746	0.0770852853709638
-2.20774410875569	0.677401665515386
-1.66475403793915	0.691346158978942
-1.46556636079729	0.39889055417079
2.45442904372326	0.842929862158112
0.179308845424369	0.0475774904674854
-0.631520932547263	0.218758857370157
0.190569534030361	0.0501121779284389
0.153512430826723	0.0547602066199439
-1.08924209141421	0.350454838002397
-3.36278475028729	1.47266941574144
-1.67729909173648	0.697440455542115
-1.42336384309457	0.531065517704682
0.36026022321206	0.132721828639295
0.254284235189305	0.0794453940672214
1.05870485065886	0.423359282622563
1.39258193627448	0.495197582069264
0.205561737379768	0.0441838774146192
0.180334652339367	0.0478106473797875
1.00745572374524	0.456089913180729
-1.85802566150584	0.83740939795263
-1.42987043721697	0.533700849096348
-0.288122920487252	0.0860808356526595
-0.0152628038430812	0.0056127354674382
0.925832053527636	0.64167084259366
-1.16294147293964	0.523844772970141
0.276611966703527	0.140545023459923
0.17776675978707	0.0790897719496618
-1.65150891434616	0.684638876104635
1.43316916041866	0.670766773185744
-0.00256256524416458	0.00112571500303485
0.515444367722699	0.245559233622365
-0.618283020082934	0.214212836140942
2.02424045802786	1.22159304717087
0.662809315841008	0.254477784106707
1.50917601033421	1.44395600677042
-1.47570228613415	0.769344816455555
-0.0600880861691463	0.0194266706614975
0.343533782253202	0.1428154888556
-0.650649020917695	0.330667560801394
1.44508253351983	0.677691868059216
-0.0189893937468642	0.00711501731680583
-2.11578578611789	1.06813323063996
0.529782085513135	0.253129712113052
-0.459519171024431	0.206771403607828
-0.0923065151063074	0.0283767418645853
0.731461043143634	0.446635352983223
0.718330581226286	0.315788145283262
0.42001225889244	0.219825991421087
0.123387721123309	0.0482962911133922
0.276090032216724	0.125954035471873
-0.623416345250975	0.215572753799174
0.364222701964369	0.133845229655904
1.31065863747018	0.683482749353208
-0.0149076716085276	0.00468698045238814
-0.689061850355479	0.301074911966034
1.35658350362297	0.799070754634481
-0.454632429453483	0.174646054731501
0.220762924634188	0.08914559431628
-1.41089196212682	0.525591327452038
1.00146663284678	0.453106729039273
0.545651295033628	0.261999716273332
-0.307819054596212	0.0914527699091275
0.720986217348999	0.316642004028725
-0.678562269988909	0.296333463283294
1.35041837119116	0.876264600731707
0.763008901920807	0.419370506174394
1.04584976973875	0.732930751806856
0.371230879525839	0.136742314483679
-0.205504838705582	0.0907233670619474
-1.06383257360404	0.341981866655656
0.490304766760817	0.257736639463681
-0.807310100096126	0.375013791707756
-1.48147052458398	0.774077654919926
0.921061854149613	0.640078119410697
1.38248601554662	0.491066536373935
-0.14697187497633	0.0547764479710176
0.517741140886544	0.246798938197109
1.3387507879138	0.785271513362628
-0.282986368262767	0.113486982832372
1.8558441303212	1.23368797772559
-2.018382331015	0.971452260928466
0.643630177439394	0.3130021439028
1.01675163707223	0.516811363061235
0.35482650728345	0.130552088142717
0.998901782390111	0.451439254621666
2.17984398411575	1.94103667506103
2.10568048526768	1.0085784085268
0.404596785518688	0.188998596039263
1.38547624122001	0.492221548058075
0.863076656471766	0.43462741330903
-2.02754093097772	0.978208105922418
-0.614746613769411	0.212903620622188
-0.292557042042696	0.103470034720753
-0.226705099157065	0.10069209134507
-0.470169802821146	0.180565863436064
1.12200139286776	0.646015427919268
0.409857985410038	0.192402349474872
1.04159173659529	0.5323743881111
-0.28068979929768	0.112543691802641
-0.475616208394546	0.1833180891478
0.0544423900035311	0.026706547524836
-0.626293678529362	0.315720462945773
1.02570687303407	0.466054923858602
0.323859827071116	0.133859872315232
0.764376798705995	0.42069863667195
-0.514399989111947	0.278798367982807
-0.468192300904318	0.180528722667616
-1.84673778173969	0.831130702727852
-1.65981160581395	0.689135823128313
-0.297381463753867	0.105150351820458
-1.05685128385412	0.448981984003648
-0.0235918079801167	0.00890908085720582
-2.02302690872272	0.975336805600658
-0.30772486431716	0.0913485397175911
-3.36278475028729	1.47266941574144
-1.17760877869785	0.534409650155611
0.224865135253605	0.0707281274482377
-1.99168455506684	0.954446434244753
0.201546106586624	0.0808864678161552
0.355101728715997	0.130487799846809
1.37356294073909	0.897228386991459
-0.0963480260405676	0.029575075076195
-0.288192412157866	0.1016284925451
1.38957458135007	0.493821378507415
-1.07415611767138	0.3454108187484
-1.17581673102777	0.529813374227803
-3.60896421071056	1.68984505602686
3.28638063920881	1.46778961483254
0.166936128032523	0.0447866169980702
0.666133301211789	0.222708402316138
-0.0841759694632422	0.0261245392538676
-1.05358933464413	0.33872103827442
0.734235582985282	0.32313743517249
-1.05139365222271	0.337625068809831
-0.556695510417587	0.145720699864662
-1.1443984061582	0.650383676989627
-1.86214368175214	0.840173994393812
0.998710932775683	0.451774340881975
1.06826297836539	0.549577488559765
1.02966423571477	0.468347343924167
0.182309601441683	0.048270223246002
3.57305874423035	1.76108157503203
1.75355367060485	0.730143785985324
-0.301428510472253	0.0897422711630161
-1.66231603200064	0.689663785343945
-1.02541863737577	0.432846475114452
-0.272166920294028	0.109154517813012
-0.586283232689576	0.242841729648365
0.675952824208493	0.259888965582565
-0.783841597404882	0.362145140053337
0.157614634424906	0.070123703462276
0.8331952512298	0.416492112139604
0.834865146261137	0.417502345056755
-1.39218884984795	0.517361767954646
-0.468014903712678	0.18055318252433
-0.869683818103897	0.4212622998658
1.33260681239722	0.779884195685011
0.519400471794474	0.22163324890911
-2.52817383804815	1.50748806430878
-1.41775409261883	0.528669717214252
0.647723389409061	0.353104053386845
1.09050114756657	0.437461242160714
-0.861505931514781	0.334128096596439
-0.257873583556187	0.102580452957864
-0.608232956995237	0.210383078372978
0.371684154974734	0.154587804666137
-1.42336384309457	0.531065517704682
0.645426344181411	0.247178561350129
1.01625301483423	0.461202482029496
-0.453457633461058	0.174929807733594
-1.67689913056687	0.697359527994087
2.90007054943878	1.92059994605798
1.01579672497663	0.705567898458933
-1.01706670102347	0.428201335439431
-0.217513786752685	0.0962311490892359
1.10957442400634	0.63697021520239
2.645469632369	1.58606208005677
1.87419575899537	1.25048376470091
0.814657812261484	0.405470898053168
-2.02296545852512	0.975996096221787
0.716501051997947	0.314275271937685
0.86939448825442	0.438443175236095
2.40237425889454	1.29798423070708
0.187534552195979	0.0494421831048262
-2.387411593973	1.33329696106612
-1.18100597854458	0.534819931916534
0.867152481925841	0.436841517278932
0.248609906656177	0.0778029618895605
-1.36651756791578	0.682994054909736
0.936015960093923	0.526889736648673
-0.818041521953036	0.380698002648745
-0.297745227366455	0.088703707435214
-0.0526856698006202	0.017022561445394
0.686479230669543	0.495421637230653
1.07988118741623	0.909441632212283
-1.43618368825996	0.744086537962099
0.0938480566176473	0.0367011055364282
-0.652589330033904	0.331345315236162
-0.87273647767124	0.423046019245377
-0.489149314385163	0.189064689816238
1.4465301221902	0.678599887640241
-2.1351251594741	1.08036172184111
0.789091764145435	0.437770865145779
0.154220255947863	0.0548675556640595
-1.26762600874948	0.602802393745803
1.09099013632738	0.437735943690635
-2.13691825845153	1.07768184792825
0.169617488053181	0.0454102142983104
0.272881415375549	0.124118682626855
1.65445207913583	0.993573569276135
-0.294235024159454	0.0876651879596146
0.927865993414859	0.521634973388749
0.211028607210491	0.0667465111931749
0.924519625006435	0.266522920108041
-0.0175403009923929	0.00568541126639745
0.912597447073333	0.263157043298413
1.02935166329521	0.468184956400046
-1.05874549579791	0.340517355461754
-1.85699513459518	0.837240187358681
0.333349306018772	0.122451623984581
-0.0812203881857205	0.025403763941185
1.32027341778627	0.6899694046775
0.354953267408566	0.146974824133596
0.166451742600441	0.0585912963909438
-1.42701122269908	0.532474799655665
-1.85963706516492	0.83973566665894
-0.595901184043425	0.247379762597981
-1.0391932855535	0.439860012267613
-2.28700740943301	1.2377757145265
-0.888658404898358	0.345257721547077
-0.29578813560486	0.0882116684839374
-1.35669945347696	0.676787414079318
-0.091661095064346	0.0283755452071973
-0.582195822503394	0.240855961712735
-0.707306869910943	0.376787273410689
-1.40452062816098	0.522794322961945
-0.667384562659945	0.341379985719236
2.37504895229416	1.27807043437507
0.33993197481558	0.140817161060275
0.225390330130693	0.0710625469773121
1.30281526592502	0.678307125530538
1.60051131160949	1.05962188612194
0.53752022995639	0.257510324114408
-0.287632130623891	0.101712089491249
-0.859221162320494	0.333482288303427
0.169126550736427	0.0598100028307947
1.32174200779874	0.691560159828056
0.35219028127913	0.145968372938331
1.02943969926271	0.525331783705014
-0.703857376291721	0.309731346052188
-0.960212494200619	0.489141234291011
0.899765603237419	0.260024823460973
-1.11810847172505	0.629727270436699
0.146038109536579	0.0654643258206431
1.15623663595931	0.735490723456287
0.528067543083019	0.225741904495513
0.407106789327465	0.212176315455288
1.39026582301669	0.494298341784791
1.81394849272993	1.33497399835558
0.979654708689308	0.611706236760902
0.294846104882974	0.149686212714969
-1.06036001966464	0.449233264251216
-0.291867673586343	0.102979857184652
0.229061209487742	0.0721195903939181
0.646220626518491	0.247852151864703
0.841051289090859	0.420874074506182
-1.39450786271473	0.518532290441501
-1.9826519145065	0.948988510487213
1.05328310334829	0.420345282403066
1.37696264663291	1.09323707436319
-0.0193308961539521	0.00683543681662137
0.28460689023521	0.144242672675743
-0.0535458609785336	0.0249122513832943
-1.27914751524327	0.612140492499312
0.0580844981095817	0.0249693118381679
1.01205097344981	0.458722805237822
0.667834514187836	0.223379760188729
3.84792904445834	2.08575030655064
1.01663730718252	0.461189486022327
-0.0433995697846832	0.0146421866308639
1.30313259859929	0.678768759204588
0.652798133124881	0.2180678347656
-0.603190356461905	0.250853737608671
0.806499419926509	0.551509198241705
0.25411621939347	0.115213105910398
0.943130690619259	0.53310337407378
1.07302139668997	0.429679533268468
0.682001016337272	0.334626850317554
1.35947876542098	0.801194641494175
0.66184985934299	0.254086163643526
0.398179757759986	0.207937286733448
1.90302186820562	1.27845764584365
0.376906482816247	0.156587784099013
-0.284718425050904	0.0851722059912993
1.39258193627448	0.495197582069264
0.910858892443621	0.262745945817241
1.4057837164765	0.50019805265816
0.00459155824936756	0.000943649737301816
1.38547624122001	0.492221548058075
-0.643483848626349	0.22312618650056
-1.46754137571983	0.399241075338394
-0.60837524598806	0.210364610365835
-0.283659609828516	0.100200092238363
1.34120627136494	0.787533409868409
-1.17111794171152	0.529966087415742
0.175124314973247	0.046645304856595
0.694381051215851	0.232198533859577
-2.20131061198549	0.675574843790802
-3.09628873485173	1.24398931852427
-3.74963504418128	1.83588161056269
-0.44619944328347	0.171341193314969
-2.0009310324435	0.96065844239
0.205304778479139	0.0651182170575631
1.74106252884557	0.932121141719904
1.36358414297446	0.888612362868385
-0.290172480232866	0.0866608763690696
0.199558219150517	0.0634573546331824
1.75355367060485	0.730143785985324
-0.307819054596212	0.0914527699091275
0.232180311427275	0.0941516970594509
1.72243922146498	0.918557651838911
0.369714816097686	0.136324191673533
0.166936128032523	0.0447866169980702
0.94080767566682	0.531464501085937
-1.90176476048566	0.860762360146648
-1.17383777709767	0.530631995240037
0.70095674006337	0.344987186988855
-0.861505931514781	0.334128096596439
-0.451256689910224	0.202828362549006
-0.448610654278617	0.172796859261298
-0.948172235617408	0.481006622403875
0.649817093430736	0.316126660630774
-0.458304945899012	0.176398965690423
-0.0234068486835276	0.00781195925496448
-1.16740152160209	0.526578780708221
