group	fill	colour
1	#F2F0F8	#FFFFFF
2	#FBF6F5	#FFFFFF
3	#CDC7E4	#FCFCFC
4	#FAF9FC	#FFFFFF
5	#AFA6D4	#F8F8F8
6	#FBFAFD	#FFFFFF
7	#E4E0F0	#FEFEFE
8	#F1E0DD	#FEFEFE
9	#E2DEEF	#FDFDFD
10	#DCD7EC	#FEFEFE
11	#F1E0DD	#FEFEFE
12	#FBF6F5	#FFFFFF
13	#F6F5FA	#FFFFFF
14	#BEB6DC	#FCFCFC
15	#E6C8C4	#FDFDFD
16	#EEECF6	#FFFFFF
17	#EBD4D0	#FEFEFE
18	#F4E6E4	#FEFEFE
19	#F7ECEB	#FFFFFF
20	#E1BEBA	#FEFEFE
21	#E6E2F1	#FEFEFE
22	#E4E1F1	#FEFEFE
23	#DDD8EC	#FEFEFE
24	#F8EEED	#FFFFFF
25	#D4CEE7	#FDFDFD
26	#E4E1F1	#FEFEFE
27	#F8EEED	#FFFFFF
28	#F7F5FA	#FFFFFF
29	#FAF9FC	#FFFFFF
30	#BEB6DB	#FCFCFC
31	#E3DFF0	#FEFEFE
32	#F1E0DE	#FEFEFE
33	#FBF6F6	#FFFFFF
34	#FAFAFC	#FFFFFF
35	#D5CFE8	#FEFEFE
36	#B7AFD8	#FDFDFD
37	#EFDCD9	#FEFEFE
38	#E0BDB9	#FEFEFE
39	#E8E5F3	#FEFEFE
40	#DCD8EC	#FEFEFE
41	#FBF6F5	#FFFFFF
42	#F8EEED	#FFFFFF
43	#DEDAED	#FEFEFE
44	#FAF9FC	#FFFFFF
45	#ECD5D1	#FEFEFE
46	#D3CEE7	#FDFDFD
47	#D4CEE8	#FEFEFE
48	#E6E2F1	#FEFEFE
49	#958AC5	#F9F9F9
50	#EFECF6	#FEFEFE
51	#E5E1F1	#FEFEFE
52	#B7AFD8	#FBFBFB
53	#EAE7F4	#FEFEFE
54	#F6F4FA	#FFFFFF
55	#B7AFD8	#FDFDFD
56	#FEFCFC	#FFFFFF
57	#F1DFDD	#FEFEFE
58	#AEA5D3	#FCFCFC
59	#DED9ED	#FEFEFE
60	#EFECF6	#FFFFFF
61	#FBF5F5	#FFFFFF
62	#ECD5D2	#FEFEFE
63	#E6E2F1	#FEFEFE
64	#AEA5D3	#FCFCFC
65	#AFA6D3	#FCFCFC
66	#E6E3F2	#FEFEFE
67	#FAFAFD	#FFFFFF
68	#C5BDDF	#FCFCFC
69	#FCFBFD	#FFFFFF
70	#E8E5F3	#FEFEFE
71	#F6F4FA	#FFFFFF
72	#EBD4D0	#FEFEFE
73	#F7EDEB	#FFFFFF
74	#F7EEEC	#FFFFFF
75	#E4E1F1	#FEFEFE
76	#EEECF6	#FFFFFF
77	#C3BBDE	#FDFDFD
78	#FBF5F5	#FFFFFF
79	#CC9791	#FCFCFC
80	#F1E0DE	#FEFEFE
81	#E8CDC9	#FEFEFE
82	#E2C0BC	#FDFDFD
83	#E4C4C0	#FDFDFD
84	#EDD7D4	#FEFEFE
85	#DCD7EC	#FEFEFE
86	#F2F0F8	#FFFFFF
87	#F9F1F0	#FFFFFF
88	#EEECF6	#FEFEFE
89	#E4E1F1	#FEFEFE
90	#FBF5F4	#FFFFFF
91	#F9F8FC	#FFFFFF
92	#FBFAFD	#FFFFFF
93	#F2F0F8	#FFFFFF
94	#BCB4DB	#FBFBFB
95	#FBF5F5	#FFFFFF
96	#A197CC	#FBFBFB
97	#EFEDF6	#FFFFFF
98	#FAFAFD	#FFFFFF
99	#E5E2F1	#FEFEFE
100	#CEC7E4	#FDFDFD
101	#FEFEFE	#FFFFFF
102	#F4E5E3	#FEFEFE
103	#D8D3EA	#FDFDFD
104	#CDC7E4	#FCFCFC
105	#C7C0E1	#FCFCFC
106	#E9E6F3	#FEFEFE
107	#C9C3E2	#FBFBFB
108	#F6F5FA	#FFFFFF
109	#F9F1F0	#FFFFFF
110	#D5CFE8	#FDFDFD
111	#E5E1F1	#FEFEFE
112	#E3DFF0	#FEFEFE
113	#D8D3EA	#FDFDFD
114	#EFECF6	#FEFEFE
115	#D4CEE8	#FEFEFE
116	#E1BEBA	#FEFEFE
117	#F7EEEC	#FFFFFF
118	#CAC4E2	#FCFCFC
119	#EEECF6	#FFFFFF
120	#EFECF6	#FEFEFE
121	#FBF6F5	#FFFFFF
122	#F1DFDD	#FEFEFE
123	#EBD4D0	#FEFEFE
124	#F9F9FC	#FFFFFF
125	#F8EEED	#FFFFFF
126	#FAFAFD	#FFFFFF
127	#FDFBFB	#FFFFFF
128	#E4E1F1	#FEFEFE
129	#FEFDFD	#FFFFFF
130	#E6E3F1	#FEFEFE
131	#FDFCFE	#FFFFFF
132	#EFECF6	#FEFEFE
133	#FAF9FC	#FFFFFF
134	#F1E0DD	#FEFEFE
135	#FCF7F7	#FFFFFF
136	#E1BEB9	#FEFEFE
137	#ECD5D2	#FEFEFE
138	#CC9790	#FCFCFC
139	#FDFAF9	#FFFFFF
140	#EDEAF5	#FEFEFE
141	#DED9ED	#FDFDFD
142	#EDEAF5	#FEFEFE
143	#D9B0AB	#FDFDFD
144	#D5CFE8	#FDFDFD
145	#F2F0F8	#FFFFFF
146	#AEA5D3	#FCFCFC
147	#C1B9DD	#FBFBFB
148	#EEECF6	#FFFFFF
149	#E4E1F1	#FEFEFE
150	#C7C0E1	#FCFCFC
151	#DEDAED	#FEFEFE
152	#D2CCE7	#FCFCFC
153	#AFA6D3	#FCFCFC
154	#D4CEE8	#FDFDFD
155	#C2BADE	#FAFAFA
156	#D4CEE8	#FDFDFD
157	#B7AFD8	#FDFDFD
158	#FAF9FC	#FFFFFF
159	#FBF6F5	#FFFFFF
160	#D9B0AB	#FDFDFD
161	#A79ECF	#FBFBFB
162	#EEECF6	#FFFFFF
163	#D9B0AA	#FDFDFD
164	#FBF6F6	#FFFFFF
165	#A197CC	#FBFBFB
166	#FBFAFD	#FFFFFF
167	#FBFBFD	#FFFFFF
168	#B7AFD8	#FDFDFD
169	#F7F5FB	#FFFFFF
170	#F7ECEB	#FFFFFF
171	#DED9ED	#FDFDFD
172	#FAF4F4	#FFFFFF
173	#E8E4F2	#FEFEFE
174	#F8EEED	#FFFFFF
176	#DED9ED	#FEFEFE
177	#E8CDC9	#FEFEFE
178	#EFEDF6	#FFFFFF
179	#EFECF6	#FFFFFF
180	#E8E5F3	#FEFEFE
181	#F7EDEC	#FEFEFE
182	#EEECF6	#FFFFFF
183	#C3BBDE	#FDFDFD
184	#D4A5A0	#FCFCFC
185	#F1E0DE	#FEFEFE
186	#DCD7EC	#FEFEFE
187	#E5E2F1	#FEFEFE
188	#C1B9DD	#FBFBFB
189	#FBF6F5	#FFFFFF
190	#C3BBDE	#FDFDFD
191	#F1E0DD	#FEFEFE
192	#EFECF6	#FFFFFF
193	#D4CEE8	#FDFDFD
194	#E6C9C5	#FDFDFD
195	#FFFFFE	#FFFFFF
196	#E6C8C4	#FDFDFD
197	#FFFFFF	#FFFFFF
198	#E6C8C4	#FDFDFD
199	#CEC8E4	#FCFCFC
200	#EDEAF5	#FEFEFE
201	#FDFCFE	#FFFFFF
202	#EFEDF7	#FFFFFF
203	#DED9ED	#FDFDFD
204	#9086C3	#F9F9F9
205	#EAE7F4	#FEFEFE
206	#C6BFE0	#FBFBFB
207	#D8D3EA	#FDFDFD
208	#D9D4EA	#FCFCFC
209	#E5E2F1	#FEFEFE
210	#D9AFAA	#FDFDFD
211	#DEDAED	#FEFEFE
212	#FEFDFD	#FFFFFF
213	#F1E0DD	#FEFEFE
214	#F6F5FA	#FFFFFF
215	#DFBBB6	#FCFCFC
216	#EEECF6	#FFFFFF
217	#ECEAF5	#FEFEFE
218	#BCB4DB	#FBFBFB
219	#F7ECEB	#FFFFFF
220	#F8EEED	#FFFFFF
221	#E2C1BC	#FDFDFD
222	#F6EBEA	#FFFFFF
223	#D4CFE8	#FEFEFE
224	#CF9D97	#FCFCFC
225	#E4E0F0	#FEFEFE
226	#EBD4D0	#FEFEFE
227	#EAE7F4	#FEFEFE
228	#B7AED8	#FDFDFD
229	#FBF6F5	#FFFFFF
230	#E1BEB9	#FEFEFE
231	#F6F5FA	#FFFFFF
232	#E9E6F3	#FEFEFE
233	#FAFAFD	#FFFFFF
234	#DCD8EC	#FEFEFE
235	#A89ECF	#FBFBFB
236	#F9F9FC	#FFFFFF
237	#E6C8C5	#FDFDFD
238	#A197CC	#FBFBFB
239	#D4A59F	#FCFCFC
240	#AEA5D3	#FCFCFC
241	#D3CDE7	#FDFDFD
242	#E9E6F3	#FEFEFE
243	#D4CFE8	#FDFDFD
244	#D3A59F	#FCFCFC
245	#F4E5E3	#FEFEFE
246	#FCF7F7	#FFFFFF
247	#EEEBF6	#FFFFFF
248	#F9F8FC	#FFFFFF
249	#EEECF6	#FEFEFE
250	#D7D1E9	#FDFDFD
251	#EEECF6	#FEFEFE
252	#ACA2D2	#F9F9F9
253	#FCFBFD	#FFFFFF
254	#D4CEE7	#FDFDFD
255	#F6F5FA	#FFFFFF
256	#F2F0F8	#FFFFFF
257	#B2AAD5	#FAFAFA
258	#CCC5E3	#FDFDFD
259	#FEFDFD	#FFFFFF
260	#FFFEFE	#FFFFFF
261	#FEFEFE	#FFFFFF
262	#FAFAFD	#FFFFFF
263	#EFECF6	#FEFEFE
264	#FBFAFD	#FFFFFF
265	#CDC6E4	#FCFCFC
266	#FFFEFE	#FFFFFF
267	#F0EEF7	#FFFFFF
268	#DCD7EC	#FEFEFE
269	#D4CEE8	#FDFDFD
270	#FFFFFF	#FFFFFF
271	#F6EAE9	#FEFEFE
272	#E5E1F1	#FEFEFE
273	#EFECF6	#FFFFFF
274	#EBD4D0	#FEFEFE
275	#E6E3F2	#FEFEFE
276	#FFFEFE	#FFFFFF
277	#D4CEE7	#FDFDFD
278	#E5E2F1	#FEFEFE
279	#F7ECEB	#FFFFFF
280	#F7ECEB	#FFFFFF
281	#E2C0BC	#FDFDFD
282	#DEDAED	#FDFDFD
283	#DDD8EC	#FEFEFE
284	#F9F8FC	#FFFFFF
285	#F9F8FC	#FFFFFF
286	#B7AFD8	#FDFDFD
288	#D9D4EA	#FCFCFC
289	#B8AFD8	#FDFDFD
290	#DED9ED	#FEFEFE
291	#EBD4D0	#FEFEFE
292	#F6F5FA	#FFFFFF
293	#F1E0DE	#FEFEFE
294	#DCD8EC	#FEFEFE
295	#E9E5F3	#FEFEFE
296	#F1DFDD	#FEFEFE
297	#FCFCFE	#FFFFFF
298	#C8918B	#FBFBFB
299	#B0A6D4	#F8F8F8
300	#BEB6DB	#FCFCFC
301	#EDEBF5	#FEFEFE
302	#EEECF6	#FFFFFF
303	#D4CEE7	#FDFDFD
304	#EBD3D0	#FEFEFE
305	#ECE9F5	#FEFEFE
306	#EEECF6	#FEFEFE
307	#E9CECB	#FEFEFE
308	#F8EEED	#FFFFFF
309	#B8AFD8	#FBFBFB
310	#E5E1F1	#FEFEFE
311	#F7ECEA	#FFFFFF
312	#EDEBF5	#FEFEFE
313	#E1BEBA	#FEFEFE
314	#F7ECEB	#FEFEFE
315	#FAFAFC	#FFFFFF
316	#CDC6E4	#FCFCFC
317	#C4BDDF	#FCFCFC
318	#AFA6D3	#FCFCFC
319	#A197CC	#FBFBFB
320	#FDFAFA	#FFFFFF
321	#EEECF6	#FFFFFF
322	#F9F9FC	#FFFFFF
323	#FBFAFD	#FFFFFF
324	#F7F5FA	#FFFFFF
325	#D4CEE7	#FDFDFD
326	#F9F9FC	#FFFFFF
327	#F6F5FA	#FFFFFF
328	#BCB4DA	#FAFAFA
329	#D9AFAA	#FDFDFD
330	#E2C0BC	#FDFDFD
331	#DFDBEE	#FEFEFE
332	#E1BEBA	#FEFEFE
333	#F1E0DD	#FEFEFE
334	#FBF6F6	#FFFFFF
335	#C4BCDF	#FCFCFC
336	#EBD4D0	#FEFEFE
337	#E1BEB9	#FEFEFE
338	#ECD5D2	#FEFEFE
339	#FAF9FC	#FFFFFF
340	#EEECF6	#FFFFFF
341	#FAFAFD	#FFFFFF
342	#E8E5F3	#FEFEFE
343	#F9F9FC	#FFFFFF
344	#A79DCF	#FBFBFB
345	#EAE7F4	#FEFEFE
346	#F4E5E4	#FEFEFE
347	#CB9790	#FCFCFC
348	#E6C8C4	#FDFDFD
349	#D7D2E9	#FDFDFD
350	#F9F9FC	#FFFFFF
351	#A197CC	#FBFBFB
352	#E9CECA	#FEFEFE
353	#D9D4EA	#FDFDFD
354	#EFEDF6	#FFFFFF
355	#E1BEBA	#FEFEFE
356	#9B91C9	#FAFAFA
357	#DCD7EC	#FEFEFE
358	#F9F8FC	#FFFFFF
359	#C1B9DD	#FBFBFB
360	#FBFAFD	#FFFFFF
361	#F3F1F8	#FFFFFF
362	#F7F6FB	#FFFFFF
363	#F7ECEB	#FFFFFF
364	#FAF9FC	#FFFFFF
365	#EAE7F4	#FEFEFE
366	#CFC9E5	#FBFBFB
367	#D7D2E9	#FDFDFD
368	#E5E1F1	#FEFEFE
369	#FBF6F5	#FFFFFF
370	#F7EDEB	#FFFFFF
371	#E9CECA	#FEFEFE
372	#CBC4E3	#FDFDFD
373	#C48A83	#FBFBFB
374	#F6F5FA	#FFFFFF
375	#A79DCF	#FBFBFB
376	#EDEBF5	#FEFEFE
377	#F9F9FC	#FFFFFF
378	#F6F4FA	#FFFFFF
379	#F7EEEC	#FFFFFF
380	#A79DCF	#FBFBFB
381	#F2E1DF	#FEFEFE
382	#D4CFE8	#FEFEFE
384	#FBF6F5	#FFFFFF
385	#AEA5D3	#FCFCFC
386	#C3BBDE	#FDFDFD
387	#D9AFAA	#FDFDFD
388	#F8EEED	#FFFFFF
389	#D7D1E9	#FDFDFD
390	#F1E0DD	#FEFEFE
391	#FEFCFC	#FFFFFF
392	#CCC5E3	#FDFDFD
393	#E4E1F1	#FEFEFE
394	#D5CFE8	#FDFDFD
395	#DDD8EC	#FEFEFE
396	#F9F1EF	#FFFFFF
397	#F8EFEE	#FEFEFE
398	#FEFDFC	#FFFFFF
399	#DCD8EC	#FEFEFE
400	#EFEDF7	#FEFEFE
401	#EEECF6	#FFFFFF
402	#E8E5F3	#FEFEFE
403	#DCD7EC	#FEFEFE
404	#E5E2F1	#FEFEFE
405	#FBF6F6	#FFFFFF
406	#DDD8ED	#FEFEFE
407	#F9F1F0	#FFFFFF
408	#C4BDDF	#FCFCFC
409	#E3DFF0	#FDFDFD
410	#EEECF6	#FFFFFF
411	#FBF6F5	#FFFFFF
412	#E6E3F2	#FEFEFE
413	#FBF5F5	#FFFFFF
414	#FAF9FC	#FFFFFF
415	#E6E3F2	#FEFEFE
416	#EEECF6	#FFFFFF
417	#E4E0F0	#FEFEFE
418	#E8CDC9	#FEFEFE
419	#C2BADE	#FBFBFB
420	#FFFFFF	#FFFFFF
421	#FAFAFC	#FFFFFF
422	#D6D1E9	#FDFDFD
423	#E8CDCA	#FEFEFE
424	#ECD5D2	#FEFEFE
425	#F8EEED	#FFFFFF
426	#DDD8EC	#FEFEFE
427	#F7ECEB	#FFFFFF
428	#F2F0F8	#FFFFFF
429	#FEFDFD	#FFFFFF
430	#E8E5F3	#FEFEFE
431	#D4A5A0	#FCFCFC
432	#EEECF6	#FFFFFF
433	#B7AFD8	#FDFDFD
434	#F8EEED	#FFFFFF
435	#DDD8ED	#FEFEFE
436	#D5CFE8	#FDFDFD
437	#AEA5D3	#FCFCFC
438	#F8EEED	#FFFFFF
439	#E1BEBA	#FEFEFE
440	#DEDAED	#FEFEFE
441	#AFA6D3	#FCFCFC
442	#EBD3D0	#FEFEFE
443	#D9B0AB	#FDFDFD
444	#F8EEED	#FFFFFF
445	#DDD8EC	#FEFEFE
446	#F9F8FC	#FFFFFF
447	#FBF6F5	#FFFFFF
448	#FAF9FC	#FFFFFF
449	#FDFBFB	#FFFFFF
450	#F2F0F8	#FEFEFE
451	#B8AFD8	#FDFDFD
452	#F3F1F8	#FFFFFF
453	#EFECF6	#FFFFFF
454	#E5E2F1	#FEFEFE
455	#F7EDEC	#FEFEFE
456	#F7F6FB	#FFFFFF
457	#C3BBDE	#FDFDFD
458	#F7EDEC	#FEFEFE
459	#F1DFDD	#FEFEFE
460	#DED9ED	#FDFDFD
461	#CCC5E3	#FDFDFD
462	#C7C0E1	#FCFCFC
463	#CEC7E4	#FBFBFB
464	#F6F5FA	#FFFFFF
465	#E5E1F1	#FEFEFE
466	#DDD8EC	#FEFEFE
467	#FEFDFC	#FFFFFF
468	#FEFCFC	#FFFFFF
469	#F8F7FB	#FFFFFF
470	#DEDAED	#FDFDFD
471	#FBFAFD	#FFFFFF
472	#E5E1F1	#FEFEFE
473	#FBF6F5	#FFFFFF
474	#EED9D6	#FEFEFE
475	#CF9D97	#FCFCFC
476	#F4E5E3	#FEFEFE
477	#D3CDE7	#FDFDFD
478	#FBF7F6	#FFFFFF
479	#BCB4DA	#FAFAFA
480	#F4E5E3	#FEFEFE
481	#B7AFD8	#FBFBFB
482	#C3BBDE	#FDFDFD
483	#E6E3F2	#FEFEFE
484	#B7AFD8	#FDFDFD
485	#FBF6F5	#FFFFFF
486	#D9B0AA	#FDFDFD
487	#ECD6D3	#FEFEFE
488	#E9E6F3	#FEFEFE
489	#D4CEE8	#FEFEFE
490	#E2DEEF	#FDFDFD
491	#EBD4D0	#FEFEFE
492	#DCD7EC	#FEFEFE
493	#D9B0AA	#FDFDFD
494	#F7ECEB	#FFFFFF
495	#EFECF6	#FFFFFF
496	#FBFAFD	#FFFFFF
497	#F1DFDD	#FEFEFE
498	#F1DFDD	#FEFEFE
499	#CCC5E3	#FDFDFD
500	#FDFBFB	#FFFFFF
501	#DDD9ED	#FDFDFD
502	#EAE8F4	#FEFEFE
503	#E2DEEF	#FDFDFD
504	#F8EEED	#FFFFFF
505	#BEB6DC	#FCFCFC
506	#EDEAF5	#FEFEFE
507	#FCFBFD	#FFFFFF
508	#D4CEE8	#FDFDFD
509	#E8E5F3	#FEFEFE
510	#EFEDF7	#FFFFFF
511	#A197CC	#FBFBFB
512	#FDFAF9	#FFFFFF
513	#F7ECEB	#FFFFFF
514	#ECE9F5	#FEFEFE
515	#D4CEE7	#FCFCFC
516	#CEC8E4	#FDFDFD
517	#9B91C9	#FAFAFA
518	#FEFEFE	#FFFFFF
519	#FAFAFC	#FFFFFF
520	#CF9D97	#FCFCFC
521	#DFDAEE	#FEFEFE
522	#DDD8EC	#FEFEFE
523	#E8E5F3	#FEFEFE
524	#F4E6E4	#FEFEFE
525	#E1BEB9	#FEFEFE
526	#F6F5FA	#FFFFFF
527	#F8EEED	#FFFFFF
528	#F5E7E6	#FEFEFE
529	#FBFAFD	#FFFFFF
530	#CDC6E4	#FCFCFC
531	#EEECF6	#FFFFFF
532	#D4CEE8	#FDFDFD
533	#D5CFE8	#FEFEFE
534	#D9B0AB	#FDFDFD
535	#FAF9FC	#FFFFFF
536	#FEFCFC	#FFFFFF
537	#F8EEED	#FFFFFF
538	#D5CFE8	#FEFEFE
539	#F1DFDD	#FEFEFE
540	#DDD8EC	#FEFEFE
541	#C9C2E2	#FBFBFB
542	#FAF9FC	#FFFFFF
543	#E9CECA	#FEFEFE
544	#FBF6F6	#FFFFFF
545	#EEEBF6	#FFFFFF
546	#EEECF6	#FFFFFF
547	#F6F5FA	#FFFFFF
548	#DDD8ED	#FEFEFE
549	#E5E1F1	#FEFEFE
550	#FAF9FC	#FFFFFF
551	#FBF6F5	#FFFFFF
552	#ECE9F5	#FEFEFE
553	#FAF9FC	#FFFFFF
554	#F4E6E4	#FEFEFE
555	#E5E1F1	#FEFEFE
556	#F6F5FA	#FFFFFF
557	#EFEDF7	#FEFEFE
558	#EFECF6	#FEFEFE
559	#FDFBFB	#FFFFFF
560	#EFEDF6	#FEFEFE
561	#F8EEED	#FFFFFF
562	#E3DFF0	#FEFEFE
563	#DDD8ED	#FEFEFE
564	#ECE9F5	#FEFEFE
565	#F7F5FA	#FFFFFF
566	#EBE9F4	#FEFEFE
567	#F7EDEB	#FFFFFF
568	#DDD8EC	#FEFEFE
569	#F9F8FC	#FFFFFF
570	#EFEDF7	#FEFEFE
571	#E1BEBA	#FEFEFE
572	#E4E1F1	#FEFEFE
573	#D4CEE8	#FDFDFD
574	#FEFDFD	#FFFFFF
575	#EFECF6	#FEFEFE
576	#C3BBDE	#FDFDFD
577	#EFDCD9	#FEFEFE
578	#FEFCFC	#FFFFFF
579	#EFDCDA	#FEFEFE
580	#D4CEE7	#FDFDFD
581	#EEEBF6	#FFFFFF
582	#F2F0F8	#FFFFFF
583	#EFECF6	#FEFEFE
584	#F8EFED	#FFFFFF
585	#CBC5E3	#FDFDFD
586	#AEA5D3	#FCFCFC
587	#FAF9FC	#FFFFFF
588	#F6F5FA	#FFFFFF
590	#E1BEB9	#FEFEFE
591	#D4CEE8	#FDFDFD
592	#D9AFAA	#FDFDFD
593	#E6E3F1	#FEFEFE
594	#F6EAE8	#FEFEFE
595	#F8EEED	#FFFFFF
596	#AFA5D3	#FCFCFC
597	#F1E0DE	#FEFEFE
598	#FAF9FC	#FFFFFF
599	#FBFAFD	#FFFFFF
600	#CF9D97	#FCFCFC
601	#FEFDFD	#FFFFFF
602	#B7AFD8	#FDFDFD
603	#F7EDEB	#FFFFFF
604	#FEFCFC	#FFFFFF
605	#F6F5FA	#FFFFFF
606	#F7ECEA	#FFFFFF
607	#FEFEFE	#FFFFFF
608	#FBFAFD	#FFFFFF
609	#F6F5FA	#FFFFFF
610	#E9E6F3	#FEFEFE
611	#FBFBFD	#FFFFFF
612	#DCD7EC	#FEFEFE
613	#EFEDF6	#FEFEFE
614	#FCFCFE	#FFFFFF
615	#D9D4EA	#FDFDFD
616	#F4E7E5	#FEFEFE
617	#BEB6DB	#FCFCFC
618	#F2F0F8	#FFFFFF
619	#CBC4E3	#FDFDFD
620	#FAFAFD	#FFFFFF
621	#FFFFFF	#FFFFFF
622	#E5E1F1	#FEFEFE
623	#F9F0EF	#FFFFFF
624	#E6E2F1	#FEFEFE
625	#FAF9FC	#FFFFFF
626	#D5CFE8	#FDFDFD
627	#F8EEED	#FFFFFF
628	#FBFAFD	#FFFFFF
629	#E8CDCA	#FEFEFE
630	#CEC8E4	#FDFDFD
631	#FDFAFA	#FFFFFF
632	#A79ECF	#FBFBFB
633	#F7EEEC	#FFFFFF
634	#B8AFD8	#FDFDFD
635	#F7ECEB	#FFFFFF
636	#FEFDFC	#FFFFFF
637	#B7AFD8	#FDFDFD
638	#C3BBDE	#FDFDFD
639	#FBF6F5	#FFFFFF
640	#EEECF6	#FFFFFF
641	#EFECF6	#FEFEFE
642	#D4CEE7	#FDFDFD
643	#FAF9FC	#FFFFFF
644	#EDEAF5	#FEFEFE
645	#FBFAFD	#FFFFFF
646	#FBFAFD	#FFFFFF
647	#FBF6F5	#FFFFFF
648	#FAF9FC	#FFFFFF
649	#FEFDFD	#FFFFFF
650	#E4E1F1	#FEFEFE
651	#D4CEE8	#FDFDFD
652	#E4E0F0	#FEFEFE
653	#EEECF6	#FFFFFF
654	#F4E5E3	#FEFEFE
655	#F7ECEB	#FFFFFF
656	#F3E4E2	#FEFEFE
657	#FAF9FC	#FFFFFF
658	#CBC4E3	#FDFDFD
659	#F6F5FA	#FFFFFF
660	#C4BDDF	#FCFCFC
661	#EFEDF6	#FEFEFE
662	#E5E2F1	#FEFEFE
663	#FCF7F7	#FFFFFF
664	#F5F4FA	#FFFFFF
665	#F5E8E6	#FEFEFE
666	#F0DCDA	#FEFEFE
667	#F7EDEB	#FFFFFF
668	#E5E2F1	#FEFEFE
669	#D4CEE8	#FEFEFE
670	#D7D2E9	#FDFDFD
671	#AFA5D3	#FCFCFC
672	#FDFAFA	#FFFFFF
673	#CF9D97	#FCFCFC
674	#EFEDF7	#FEFEFE
675	#D1CBE6	#FCFCFC
676	#C3BBDE	#FDFDFD
678	#F8EEED	#FFFFFF
679	#EEECF6	#FFFFFF
680	#F6F5FA	#FFFFFF
681	#FEFCFC	#FFFFFF
682	#DDD8ED	#FEFEFE
683	#E8E5F3	#FEFEFE
684	#ECE9F5	#FEFEFE
685	#ECE9F5	#FEFEFE
686	#C3BBDE	#FDFDFD
688	#FAFAFD	#FFFFFF
689	#B7AFD8	#FDFDFD
690	#EFEDF6	#FEFEFE
691	#FBFAFD	#FFFFFF
692	#EFEDF6	#FEFEFE
693	#FEFDFD	#FFFFFF
694	#DCD7EC	#FEFEFE
695	#E1BEBA	#FEFEFE
696	#F7ECEB	#FFFFFF
697	#D4CEE7	#FDFDFD
698	#FBFAFD	#FFFFFF
699	#DDD8EC	#FEFEFE
700	#F7F5FA	#FFFFFF
701	#FAFAFD	#FFFFFF
702	#C3BBDE	#FDFDFD
703	#EEECF6	#FEFEFE
704	#DCD7EC	#FEFEFE
705	#E4E0F0	#FEFEFE
706	#F8EEED	#FFFFFF
707	#CCC5E3	#FDFDFD
708	#EFEDF6	#FEFEFE
709	#F7ECEA	#FFFFFF
710	#FAFAFD	#FFFFFF
711	#E5E1F1	#FEFEFE
712	#FAF9FC	#FFFFFF
713	#DFDAED	#FEFEFE
714	#E9E6F3	#FEFEFE
715	#EFEDF6	#FEFEFE
716	#FBFAFD	#FFFFFF
717	#DEDAED	#FEFEFE
718	#F8F7FB	#FFFFFF
719	#CEC8E5	#FDFDFD
720	#ECD5D2	#FEFEFE
721	#FBFBFD	#FFFFFF
722	#EEECF6	#FFFFFF
723	#C3BBDE	#FDFDFD
724	#F7ECEB	#FFFFFF
725	#C3BBDE	#FDFDFD
726	#C1B9DD	#FBFBFB
727	#DDD8ED	#FEFEFE
728	#F4E6E4	#FEFEFE
729	#C48983	#FBFBFB
730	#EED9D6	#FEFEFE
731	#E9E6F3	#FEFEFE
732	#F8EEED	#FFFFFF
733	#E6C8C4	#FDFDFD
734	#FEFCFB	#FFFFFF
735	#EFECF6	#FEFEFE
736	#EFEDF6	#FEFEFE
737	#CCC6E3	#FDFDFD
739	#FAF9FC	#FFFFFF
740	#F9F8FC	#FFFFFF
741	#EFECF6	#FEFEFE
742	#FBFBFD	#FFFFFF
743	#C4BDDF	#FCFCFC
744	#EDEAF5	#FEFEFE
745	#DDD8EC	#FEFEFE
746	#D4CFE8	#FEFEFE
747	#C4BDDF	#FCFCFC
748	#FBF6F6	#FFFFFF
750	#E1BEB9	#FEFEFE
751	#FBFAFD	#FFFFFF
753	#F1DFDD	#FEFEFE
754	#E8E5F3	#FEFEFE
755	#F1DFDC	#FEFEFE
756	#F6F5FA	#FFFFFF
757	#D3A59F	#FCFCFC
758	#F9F1F0	#FFFFFF
759	#E5E1F1	#FEFEFE
760	#9B91C8	#FAFAFA
761	#E5E1F1	#FEFEFE
762	#D4CEE7	#FDFDFD
763	#EFECF6	#FEFEFE
764	#A79ECF	#FBFBFB
765	#EED9D6	#FEFEFE
766	#D1CBE6	#FCFCFC
767	#C2BADE	#FBFBFB
768	#EAE7F4	#FEFEFE
769	#CEC8E5	#FCFCFC
770	#EFEDF6	#FEFEFE
771	#CCC5E3	#FDFDFD
772	#AEA5D3	#FCFCFC
773	#F4E5E3	#FEFEFE
774	#EFECF6	#FFFFFF
775	#FBFAFD	#FFFFFF
776	#F7EEEC	#FFFFFF
777	#A79DCF	#FBFBFB
778	#F1E0DE	#FEFEFE
779	#E4E0F0	#FEFEFE
780	#FCFCFD	#FFFFFF
781	#F6F5FA	#FFFFFF
782	#EFECF6	#FFFFFF
783	#D9B0AB	#FDFDFD
784	#DDD8EC	#FEFEFE
785	#FBFBFD	#FFFFFF
786	#F9F1F0	#FFFFFF
787	#EBD3D0	#FEFEFE
788	#DCD8EC	#FEFEFE
789	#F1E0DD	#FEFEFE
790	#ECD4D1	#FEFEFE
791	#F9F8FC	#FFFFFF
792	#DDD8ED	#FEFEFE
793	#E9E5F3	#FEFEFE
794	#F8EEED	#FFFFFF
795	#FBF6F5	#FFFFFF
796	#E4E1F1	#FEFEFE
797	#AFA6D3	#FCFCFC
798	#F9F8FC	#FFFFFF
799	#F9F8FC	#FFFFFF
800	#EEECF6	#FFFFFF
801	#EBD4D0	#FEFEFE
802	#F1E0DD	#FEFEFE
803	#F4E5E3	#FEFEFE
804	#DDD9ED	#FEFEFE
805	#FAF9FC	#FFFFFF
806	#F4E5E3	#FEFEFE
807	#F4E7E5	#FEFEFE
808	#C7C0E1	#FCFCFC
809	#CCC6E3	#FDFDFD
810	#EAE7F3	#FEFEFE
811	#E5E1F1	#FEFEFE
812	#F2F1F8	#FFFFFF
813	#CEC8E4	#FDFDFD
814	#EBE8F4	#FEFEFE
815	#F3F1F9	#FFFFFF
816	#D3CEE7	#FDFDFD
817	#D9D4EA	#FDFDFD
818	#DEDAED	#FDFDFD
819	#E6E3F2	#FEFEFE
820	#FEFDFD	#FFFFFF
821	#F1E0DE	#FEFEFE
822	#FEFDFD	#FFFFFF
824	#EEECF6	#FFFFFF
825	#C3BBDE	#FDFDFD
826	#EEECF6	#FFFFFF
827	#E8E5F3	#FEFEFE
828	#FAF9FC	#FFFFFF
829	#F7ECEB	#FFFFFF
830	#AEA5D3	#FCFCFC
831	#FFFFFF	#FFFFFF
832	#FAF9FC	#FFFFFF
833	#F6EBEA	#FFFFFF
834	#EFEDF6	#FFFFFF
835	#DFDAEE	#FEFEFE
836	#F2F0F8	#FEFEFE
837	#FBFAFD	#FFFFFF
838	#F9F8FC	#FFFFFF
839	#D4A5A0	#FCFCFC
840	#E9E5F3	#FEFEFE
841	#E8E5F3	#FEFEFE
842	#D4CEE8	#FEFEFE
843	#EED9D6	#FEFEFE
844	#E1BEB9	#FEFEFE
845	#FAF9FC	#FFFFFF
846	#CCC5E3	#FDFDFD
847	#E9E6F3	#FEFEFE
848	#F8EEED	#FFFFFF
849	#F6F5FA	#FFFFFF
850	#E0BDB9	#FEFEFE
851	#FAF9FC	#FFFFFF
852	#ECD6D3	#FEFEFE
853	#CF9D97	#FCFCFC
854	#E1DDEF	#FDFDFD
856	#F9F1F0	#FFFFFF
857	#8F85C2	#F9F9F9
858	#FEFDFD	#FFFFFF
859	#BEB6DB	#FCFCFC
860	#DDD8EC	#FEFEFE
861	#DED9ED	#FEFEFE
862	#EFEDF6	#FFFFFF
863	#AFA6D3	#FCFCFC
864	#F9F1F0	#FFFFFF
865	#F4E6E4	#FEFEFE
866	#F7ECEA	#FFFFFF
867	#F2F0F8	#FFFFFF
868	#BDB5DB	#FBFBFB
869	#FBF6F5	#FFFFFF
870	#F7EDEC	#FEFEFE
871	#FBFAFD	#FFFFFF
872	#EEECF6	#FFFFFF
873	#E4E0F0	#FEFEFE
874	#CCC5E3	#FDFDFD
875	#E8E5F3	#FEFEFE
876	#C3BBDE	#FDFDFD
877	#F9F8FC	#FFFFFF
878	#ECD5D2	#FEFEFE
879	#E1BEBA	#FEFEFE
880	#E6E2F1	#FEFEFE
881	#FBF6F6	#FFFFFF
882	#F1DFDD	#FEFEFE
883	#B7AFD8	#FDFDFD
884	#FBF6F5	#FFFFFF
885	#FBF7F6	#FFFFFF
886	#FDFAFA	#FFFFFF
887	#FBF6F6	#FFFFFF
888	#E5E2F1	#FEFEFE
889	#E4E0F0	#FEFEFE
890	#E8E5F3	#FEFEFE
891	#E8E5F3	#FEFEFE
892	#AFA5D3	#FCFCFC
893	#E8E5F3	#FEFEFE
894	#F6F5FA	#FFFFFF
895	#FBFAFD	#FFFFFF
896	#F6F5FA	#FFFFFF
897	#AEA5D3	#FCFCFC
899	#F3E5E3	#FEFEFE
900	#F1E0DD	#FEFEFE
901	#EFEDF6	#FEFEFE
902	#C3BBDE	#FDFDFD
903	#F1E0DE	#FEFEFE
904	#F7ECEB	#FFFFFF
905	#DDD9ED	#FEFEFE
906	#ECD5D3	#FEFEFE
907	#FEFCFC	#FFFFFF
908	#DCD7EC	#FEFEFE
909	#DDD9ED	#FEFEFE
910	#EEECF6	#FFFFFF
911	#CCC5E3	#FDFDFD
912	#FCFBFD	#FFFFFF
913	#FCF7F7	#FFFFFF
914	#DDD8EC	#FEFEFE
915	#ECD5D2	#FEFEFE
916	#E9E5F3	#FEFEFE
917	#F2F0F8	#FFFFFF
918	#F6F4FA	#FFFFFF
919	#FFFEFE	#FFFFFF
920	#ECD5D2	#FEFEFE
921	#FCF7F7	#FFFFFF
922	#E8E5F3	#FEFEFE
923	#D4CFE8	#FEFEFE
924	#FAF9FC	#FFFFFF
926	#DDD8ED	#FEFEFE
927	#D3CEE7	#FDFDFD
928	#FAF9FC	#FFFFFF
929	#ECD6D3	#FEFEFE
930	#C48A83	#FBFBFB
931	#B7AFD8	#FDFDFD
932	#B7AFD8	#FDFDFD
933	#FBF7F6	#FFFFFF
934	#E9E5F3	#FEFEFE
935	#F6F5FA	#FFFFFF
936	#FEFDFC	#FFFFFF
937	#FBFAFD	#FFFFFF
938	#E5E1F1	#FEFEFE
939	#FBFAFD	#FFFFFF
940	#E8CDCA	#FEFEFE
941	#FBF6F6	#FFFFFF
942	#EFECF6	#FFFFFF
943	#EEECF6	#FEFEFE
944	#D4CFE8	#FEFEFE
945	#F1E0DD	#FEFEFE
946	#E9CECB	#FEFEFE
947	#D4CFE8	#FEFEFE
948	#D9B0AB	#FDFDFD
949	#EBD3D0	#FEFEFE
950	#FBF6F6	#FFFFFF
951	#EEEBF6	#FFFFFF
952	#E6E2F1	#FEFEFE
953	#E8E5F3	#FEFEFE
954	#EBD4D0	#FEFEFE
955	#EBD4D0	#FEFEFE
956	#FDFAF9	#FFFFFF
957	#EFECF6	#FEFEFE
958	#E5E2F1	#FEFEFE
959	#FBFAFD	#FFFFFF
960	#F6F5FA	#FFFFFF
961	#F8EEED	#FFFFFF
962	#C4BDDF	#FCFCFC
963	#FEFDFD	#FFFFFF
964	#FFFEFE	#FFFFFF
965	#FCF7F7	#FFFFFF
966	#E2C0BC	#FDFDFD
967	#D4CEE7	#FDFDFD
968	#EBE8F4	#FEFEFE
969	#EFECF6	#FEFEFE
970	#CDC7E4	#FDFDFD
971	#E8E5F3	#FEFEFE
972	#F6F5FA	#FFFFFF
973	#FBF6F6	#FFFFFF
974	#B8B0D8	#FBFBFB
975	#FAFAFD	#FFFFFF
976	#DDD8EC	#FEFEFE
977	#F9F9FC	#FFFFFF
978	#D4CEE7	#FDFDFD
979	#E8E5F3	#FEFEFE
980	#F6F5FA	#FFFFFF
981	#DDD8ED	#FEFEFE
982	#D5CFE8	#FEFEFE
983	#EFECF6	#FFFFFF
984	#FAF9FC	#FFFFFF
985	#E8E5F3	#FEFEFE
986	#EBD3D0	#FEFEFE
987	#FBF6F5	#FFFFFF
988	#B8AFD8	#FAFAFA
989	#F1DFDD	#FEFEFE
990	#E5E2F1	#FEFEFE
991	#A096CB	#FBFBFB
992	#EFECF6	#FFFFFF
993	#D3CEE7	#FDFDFD
994	#EBD4D0	#FEFEFE
995	#DCD7EC	#FEFEFE
996	#DDD8EC	#FEFEFE
997	#FEFDFD	#FFFFFF
998	#EBD3D0	#FEFEFE
999	#EEECF6	#FFFFFF
1000	#E1BEB9	#FEFEFE
1001	#FAF9FC	#FFFFFF
1002	#D5CFE8	#FEFEFE
1003	#F1DFDD	#FEFEFE
1004	#F1DFDC	#FEFEFE
1006	#EFECF6	#FFFFFF
1007	#FAF9FC	#FFFFFF
1008	#E6C8C4	#FDFDFD
1009	#FBFAFD	#FFFFFF
1010	#FBF5F5	#FFFFFF
1011	#EDEAF5	#FEFEFE
1012	#A096CB	#FBFBFB
1013	#E4E1F1	#FEFEFE
1014	#E8E5F3	#FEFEFE
1015	#F1EFF8	#FEFEFE
1016	#D4A59F	#FCFCFC
1017	#FBFBFD	#FFFFFF
1018	#EEECF6	#FEFEFE
1019	#FBF5F5	#FFFFFF
1020	#EAD2CE	#FDFDFD
1021	#F7F6FB	#FFFFFF
1022	#F8EEED	#FFFFFF
1023	#F1DFDD	#FEFEFE
1024	#FBF6F5	#FFFFFF
1025	#EEECF6	#FFFFFF
1026	#DCD7EC	#FEFEFE
1027	#D5CFE8	#FEFEFE
1028	#EFECF6	#FFFFFF
1029	#DDD9ED	#FEFEFE
1030	#CC9791	#FCFCFC
1031	#9B90C8	#FAFAFA
1032	#E4E0F0	#FEFEFE
1033	#FAF9FC	#FFFFFF
1034	#FAF9FC	#FFFFFF
1035	#F7ECEB	#FFFFFF
1036	#F1E0DD	#FEFEFE
1037	#C3BBDE	#FDFDFD
1038	#D4CEE8	#FDFDFD
1039	#D6D1E9	#FDFDFD
1040	#F9F9FC	#FFFFFF
1041	#EBD4D0	#FEFEFE
1042	#DDD8ED	#FEFEFE
1043	#B7AFD8	#FBFBFB
1044	#E4E1F1	#FEFEFE
1045	#CCC5E3	#FDFDFD
1047	#B7AFD8	#FDFDFD
1048	#E1BEBA	#FEFEFE
1049	#D3CEE7	#FDFDFD
1050	#FBFBFD	#FFFFFF
1052	#FAFAFD	#FFFFFF
1053	#EBD4D0	#FEFEFE
1054	#A096CB	#FBFBFB
1055	#FBF6F6	#FFFFFF
1056	#E8E5F3	#FEFEFE
1058	#F9F8FC	#FFFFFF
1059	#F6F4FA	#FFFFFF
1060	#E8CDC9	#FEFEFE
1061	#FEFDFD	#FFFFFF
1062	#E5E1F1	#FEFEFE
1063	#C3BBDE	#FDFDFD
1064	#E2C0BC	#FDFDFD
1065	#FCFCFD	#FFFFFF
1066	#EFEDF6	#FEFEFE
1067	#F7EDEB	#FFFFFF
1068	#EFDCDA	#FEFEFE
1069	#FAF9FC	#FFFFFF
1070	#EFEDF7	#FFFFFF
1071	#F7EDEC	#FEFEFE
1072	#E1BEBA	#FEFEFE
1073	#F9F8FC	#FFFFFF
1074	#D4CEE8	#FDFDFD
1075	#F2F0F8	#FFFFFF
1076	#E4E1F1	#FEFEFE
1077	#FEFDFC	#FFFFFF
1078	#F1E0DE	#FEFEFE
1079	#FAF9FC	#FFFFFF
1080	#DDD8EC	#FEFEFE
1081	#EFECF6	#FEFEFE
1082	#DDD9ED	#FEFEFE
1083	#C5BDDF	#FCFCFC
1084	#E4E0F0	#FEFEFE
1085	#EBD4D0	#FEFEFE
1086	#EDEBF5	#FEFEFE
1087	#D4CFE8	#FEFEFE
1088	#F7EDEC	#FFFFFF
1089	#CBC4E3	#FDFDFD
1090	#F8EEED	#FFFFFF
1091	#D4CEE8	#FDFDFD
1092	#EEECF6	#FFFFFF
1093	#D5CFE8	#FDFDFD
1094	#DDD8EC	#FEFEFE
1095	#B7AFD8	#FBFBFB
1096	#E1BEBA	#FEFEFE
1097	#F8EEED	#FFFFFF
1098	#FBF7F6	#FFFFFF
1099	#B7AFD8	#FDFDFD
1100	#F7EDEC	#FFFFFF
1101	#C3BBDE	#FDFDFD
1102	#EEECF6	#FFFFFF
1103	#EBD3D0	#FEFEFE
1104	#E9E6F3	#FEFEFE
1105	#C3BBDE	#FDFDFD
1106	#D9B0AA	#FDFDFD
1107	#D4A5A0	#FCFCFC
1108	#F6F5FA	#FFFFFF
1109	#EBD4D0	#FEFEFE
1110	#EEECF6	#FEFEFE
1111	#E4E1F1	#FEFEFE
1112	#E1BEBA	#FEFEFE
1113	#8B81C0	#F8F8F8
1114	#B7AFD8	#FDFDFD
1115	#FBFAFD	#FFFFFF
1116	#F1E0DE	#FEFEFE
1117	#F6EBEA	#FEFEFE
1118	#A79DCF	#FBFBFB
1119	#CDC7E4	#FCFCFC
1120	#F2F0F8	#FFFFFF
1121	#F9F1F0	#FFFFFF
1122	#F9F2F1	#FFFFFF
1123	#F7F6FB	#FFFFFF
1124	#EFECF6	#FFFFFF
1125	#C9928B	#FBFBFB
1126	#B7AFD8	#FDFDFD
1127	#F6E9E8	#FEFEFE
1128	#FBFAFD	#FFFFFF
1129	#F4E6E4	#FEFEFE
1130	#DCD8EC	#FEFEFE
1131	#CCC5E3	#FDFDFD
1132	#EFEDF6	#FEFEFE
1133	#D4CEE7	#FDFDFD
1134	#E4E0F0	#FEFEFE
1135	#D4CEE7	#FDFDFD
1136	#FAF9FC	#FFFFFF
1137	#E1BEBA	#FEFEFE
1138	#ECD4D1	#FEFEFE
1139	#FBF6F6	#FFFFFF
1140	#FAF9FC	#FFFFFF
1141	#EDEAF5	#FEFEFE
1142	#ECD5D2	#FEFEFE
1143	#F4E6E4	#FEFEFE
1144	#DDD9ED	#FEFEFE
1145	#FEFDFD	#FFFFFF
1146	#F8EEED	#FFFFFF
1147	#D4A6A0	#FCFCFC
1148	#DDD8EC	#FEFEFE
1149	#A096CB	#FBFBFB
1150	#FAFAFD	#FFFFFF
1151	#F1DEDC	#FEFEFE
1152	#FAFAFC	#FFFFFF
1153	#D9B0AA	#FDFDFD
1154	#D4CFE8	#FEFEFE
1155	#EFECF6	#FEFEFE
1156	#CF9E97	#FCFCFC
1157	#E1BEB9	#FEFEFE
1158	#F8EEED	#FFFFFF
1159	#F1DFDD	#FEFEFE
1160	#F7ECEB	#FFFFFF
1161	#FBFAFD	#FFFFFF
1162	#EFECF6	#FFFFFF
1163	#DDD8EC	#FEFEFE
1164	#E8E5F2	#FEFEFE
1165	#F2F1F8	#FFFFFF
1166	#D3CDE7	#FCFCFC
1167	#F7ECEB	#FFFFFF
1168	#EFEDF6	#FEFEFE
1169	#CBC5E3	#FDFDFD
1170	#F6F5FA	#FFFFFF
1171	#EBE8F4	#FEFEFE
1172	#E8E5F2	#FEFEFE
1173	#F4E6E4	#FEFEFE
1174	#FEFDFD	#FFFFFF
1175	#D3CDE7	#FDFDFD
1176	#EEECF6	#FFFFFF
1177	#FBFAFD	#FFFFFF
1178	#EFECF6	#FEFEFE
1179	#F9F8FC	#FFFFFF
1180	#B8AFD8	#FDFDFD
1181	#FBFAFD	#FFFFFF
1182	#D5CFE8	#FEFEFE
1183	#EEECF6	#FFFFFF
1184	#CC9791	#FCFCFC
1185	#FBF7F6	#FFFFFF
1186	#B7AFD8	#FAFAFA
1187	#EEECF6	#FEFEFE
1188	#F7ECEB	#FFFFFF
1189	#FEFDFD	#FFFFFF
1190	#FFFFFF	#FFFFFF
1191	#F4E6E4	#FEFEFE
1192	#F4E5E3	#FEFEFE
1193	#E1BEBA	#FEFEFE
1194	#E6C8C4	#FDFDFD
1195	#DDD8EC	#FEFEFE
1196	#DDD8ED	#FEFEFE
1197	#C5BDDF	#FCFCFC
1198	#E6C8C4	#FDFDFD
1199	#ECD5D2	#FEFEFE
1200	#EDEBF5	#FEFEFE
1201	#D9B0AA	#FDFDFD
1202	#F7EEEC	#FFFFFF
1203	#F4E6E4	#FEFEFE
1204	#CCC5E3	#FDFDFD
1205	#D4CEE7	#FDFDFD
1206	#F4E5E4	#FEFEFE
1207	#EFEDF6	#FEFEFE
1208	#F9F8FC	#FFFFFF
1209	#D4CEE7	#FDFDFD
1210	#EFEDF7	#FFFFFF
1211	#FDFBFB	#FFFFFF
1212	#FAF9FC	#FFFFFF
1213	#C3BBDE	#FDFDFD
1214	#E9E6F3	#FEFEFE
1215	#E6C8C4	#FDFDFD
1216	#CCC6E3	#FDFDFD
1217	#F2F0F8	#FFFFFF
1218	#D3CEE7	#FDFDFD
1219	#DCD7EC	#FEFEFE
1220	#EFECF6	#FEFEFE
1221	#F6F5FA	#FFFFFF
1222	#DCD7EC	#FEFEFE
1223	#F6F5FA	#FFFFFF
1224	#D5CFE8	#FDFDFD
1225	#E8CDC9	#FEFEFE
1226	#EFEDF6	#FEFEFE
1227	#EDEAF5	#FEFEFE
1228	#C9928B	#FBFBFB
1229	#F9F1F0	#FFFFFF
1230	#F9F8FC	#FFFFFF
1231	#F8EEED	#FFFFFF
1232	#E9E5F3	#FEFEFE
1233	#F8EEED	#FFFFFF
1234	#B8AFD8	#FDFDFD
1235	#FBFAFD	#FFFFFF
1236	#F0DDDA	#FEFEFE
1237	#CDC7E4	#FCFCFC
1238	#F7EDEC	#FEFEFE
1239	#D4CEE7	#FDFDFD
1240	#EEECF6	#FFFFFF
1241	#EFECF6	#FFFFFF
1242	#EFDCDA	#FEFEFE
1243	#ECD5D2	#FEFEFE
1244	#E9E6F3	#FEFEFE
1245	#D4CEE8	#FEFEFE
1246	#D3CEE7	#FDFDFD
1247	#E6E3F1	#FEFEFE
1248	#F3F1F8	#FFFFFF
1249	#CC9791	#FCFCFC
1250	#E8CDCA	#FEFEFE
1251	#F7ECEB	#FFFFFF
1252	#D4CEE7	#FDFDFD
1253	#FFFEFE	#FFFFFF
1254	#E1BEB9	#FEFEFE
1255	#CF9D96	#FCFCFC
1256	#FBFAFD	#FFFFFF
1257	#FEFDFD	#FFFFFF
1258	#F1DFDD	#FEFEFE
1259	#D4CEE7	#FDFDFD
1260	#EFECF6	#FEFEFE
1261	#F8EEED	#FFFFFF
1262	#FAF9FC	#FFFFFF
1263	#FBFAFD	#FFFFFF
1264	#FFFEFE	#FFFFFF
1265	#F9F8FC	#FFFFFF
1266	#FAF3F2	#FFFFFF
1267	#EEEBF6	#FEFEFE
1268	#F7F6FB	#FFFFFF
1269	#B0A7D4	#F8F8F8
1270	#DDD9ED	#FEFEFE
1271	#E9E6F3	#FEFEFE
1272	#F9F1F0	#FFFFFF
1273	#D4CEE8	#FEFEFE
1274	#E6E3F2	#FEFEFE
1275	#D4CEE8	#FDFDFD
1276	#EFECF6	#FFFFFF
1277	#F8EEED	#FFFFFF
1278	#DDD8EC	#FEFEFE
1279	#EED9D7	#FEFEFE
1280	#F7EEEC	#FFFFFF
1281	#A79ECF	#FBFBFB
1282	#D5CFE8	#FEFEFE
1283	#E6E2F1	#FEFEFE
1284	#E1BEBA	#FEFEFE
1285	#FBFBFD	#FFFFFF
1286	#E6E3F2	#FEFEFE
1287	#D9B0AB	#FDFDFD
1288	#FBFAFD	#FFFFFF
1289	#E8CDCA	#FEFEFE
1290	#F8EEED	#FFFFFF
1291	#F9F8FC	#FFFFFF
1292	#EFEDF6	#FEFEFE
1293	#FAF9FC	#FFFFFF
1294	#C3BBDE	#FDFDFD
1295	#EFECF6	#FFFFFF
1296	#E9E5F3	#FEFEFE
1297	#FBF6F6	#FFFFFF
1298	#D9AFAA	#FDFDFD
1300	#FBF6F5	#FFFFFF
1301	#F1DFDD	#FEFEFE
1302	#DDD8ED	#FEFEFE
1303	#FAF9FC	#FFFFFF
1304	#EBD4D0	#FEFEFE
1305	#B8AFD8	#FDFDFD
1306	#EBD3D0	#FEFEFE
1307	#EFECF6	#FFFFFF
1308	#F1E0DD	#FEFEFE
1309	#F7EDEB	#FFFFFF
1310	#F1DFDD	#FEFEFE
1311	#ECD5D2	#FEFEFE
1312	#D4CFE8	#FEFEFE
1313	#F4E5E3	#FEFEFE
1314	#FEFCFC	#FFFFFF
1315	#ECD6D3	#FEFEFE
1316	#FAFAFD	#FFFFFF
1317	#F4E5E3	#FEFEFE
1318	#DEDAED	#FDFDFD
1319	#EEECF6	#FFFFFF
1320	#F3E5E3	#FEFEFE
1321	#D5CFE8	#FEFEFE
1322	#EEECF6	#FFFFFF
1324	#F7ECEB	#FFFFFF
1325	#FBF6F5	#FFFFFF
1326	#FEFEFD	#FFFFFF
1328	#F2F1F8	#FFFFFF
1329	#FBF6F5	#FFFFFF
1330	#FBFAFD	#FFFFFF
1331	#DED9ED	#FEFEFE
1332	#F9F9FC	#FFFFFF
1333	#CB968F	#FCFCFC
1334	#ECD5D2	#FEFEFE
1335	#D4CEE7	#FDFDFD
1336	#FEFDFC	#FFFFFF
1337	#FBFAFD	#FFFFFF
1338	#F8EEED	#FFFFFF
1339	#B7AFD8	#FDFDFD
1340	#FEFCFC	#FFFFFF
1341	#FAF9FC	#FFFFFF
1342	#FBF6F5	#FFFFFF
1343	#CCC5E3	#FDFDFD
1344	#E5E1F1	#FEFEFE
1345	#F2F0F8	#FFFFFF
1346	#FBFBFD	#FFFFFF
1347	#DEDAED	#FDFDFD
1348	#B8AFD8	#FDFDFD
1349	#F6F5FA	#FFFFFF
1350	#DDD8EC	#FEFEFE
1351	#FAF9FC	#FFFFFF
1352	#F7EEEC	#FFFFFF
1353	#FAF9FC	#FFFFFF
1355	#ECD5D2	#FEFEFE
1356	#D4CFE8	#FEFEFE
1357	#E1BEBA	#FEFEFE
1358	#EBD4D0	#FEFEFE
1359	#F4E6E4	#FEFEFE
1360	#FBF6F5	#FFFFFF
1361	#E6C8C5	#FDFDFD
1362	#F8EEED	#FFFFFF
1363	#F7EDEC	#FEFEFE
1364	#FAF9FC	#FFFFFF
1365	#F1DFDD	#FEFEFE
1366	#DCD7EC	#FEFEFE
1367	#FAF9FC	#FFFFFF
1368	#EFEDF6	#FEFEFE
1369	#F6F5FA	#FFFFFF
1370	#D8D3EA	#FDFDFD
1371	#DED9ED	#FDFDFD
1372	#D3CDE7	#FDFDFD
1373	#F7ECEA	#FFFFFF
1374	#EFEDF6	#FEFEFE
1375	#D4CEE7	#FDFDFD
1376	#FEFDFD	#FFFFFF
1377	#F8EFED	#FFFFFF
1378	#B7AFD8	#FDFDFD
1379	#A79DCF	#FBFBFB
1380	#ECD5D2	#FEFEFE
1381	#D0CAE6	#FBFBFB
1382	#F7EDEC	#FFFFFF
1383	#C3BBDE	#FDFDFD
1384	#B7AFD8	#FDFDFD
1385	#CEC7E4	#FDFDFD
1386	#FBFAFD	#FFFFFF
1387	#D4CEE7	#FDFDFD
1388	#E6C8C4	#FDFDFD
1389	#C6BFE0	#FBFBFB
1390	#E5E1F1	#FEFEFE
1391	#EFDCD9	#FEFEFE
1392	#E6C8C4	#FDFDFD
1393	#FEFDFD	#FFFFFF
1394	#F9F1F0	#FFFFFF
1395	#E8E5F3	#FEFEFE
1396	#EBD4D0	#FEFEFE
1397	#DDD9ED	#FDFDFD
1398	#CBC5E3	#FDFDFD
1399	#FEFDFD	#FFFFFF
1400	#FBFAFD	#FFFFFF
1401	#E9E5F3	#FEFEFE
1402	#E8E5F3	#FEFEFE
1403	#FAFAFC	#FFFFFF
1404	#E9E5F3	#FEFEFE
1405	#FBF6F5	#FFFFFF
1406	#CDC7E4	#FDFDFD
1407	#B7AED8	#FDFDFD
1408	#E9E5F3	#FEFEFE
1409	#F8EEED	#FFFFFF
1410	#FBF6F5	#FFFFFF
1411	#D4CFE8	#FEFEFE
1412	#C48A83	#FBFBFB
1413	#E1BEBA	#FDFDFD
1414	#F7EDEB	#FFFFFF
1415	#E1BEB9	#FEFEFE
1417	#EBD4D0	#FEFEFE
1418	#F6EAE8	#FEFEFE
1419	#FDFAFA	#FFFFFF
1420	#F9F8FC	#FFFFFF
1421	#EFEDF6	#FEFEFE
1422	#DCD7EC	#FEFEFE
1423	#ECD5D2	#FEFEFE
1424	#E5E1F1	#FEFEFE
1425	#E8E5F3	#FEFEFE
1426	#DFDAED	#FEFEFE
1427	#F7EDEC	#FEFEFE
1428	#F1E0DD	#FEFEFE
1429	#FFFEFE	#FFFFFF
1430	#EEECF6	#FFFFFF
1431	#FEFDFD	#FFFFFF
1432	#F9F2F1	#FFFFFF
1433	#F1DFDD	#FEFEFE
1434	#FBFAFD	#FFFFFF
1435	#F4E5E3	#FEFEFE
1436	#CCC5E3	#FDFDFD
1437	#E9E5F3	#FEFEFE
1438	#F9F1F0	#FFFFFF
1439	#FBF5F5	#FFFFFF
1440	#D4CEE7	#FDFDFD
1441	#DDD8EC	#FEFEFE
1442	#C1BADD	#FBFBFB
1443	#D5CFE8	#FEFEFE
1444	#EEECF6	#FFFFFF
1445	#AEA5D3	#FCFCFC
1446	#FBFAFD	#FFFFFF
1447	#DBD7EC	#FEFEFE
1448	#FBFBFD	#FFFFFF
1449	#F2F0F8	#FFFFFF
1450	#D4A59F	#FCFCFC
1451	#FBFAFD	#FFFFFF
1452	#D5CFE8	#FEFEFE
1453	#EBD4D0	#FEFEFE
1455	#EDEAF5	#FEFEFE
1456	#E1BEB9	#FEFEFE
1457	#E9CECA	#FEFEFE
1458	#EBD4D0	#FEFEFE
1459	#EEECF6	#FFFFFF
1460	#E4E1F1	#FEFEFE
1461	#E8CDCA	#FEFEFE
1462	#F7ECEA	#FFFFFF
1463	#F1E0DE	#FEFEFE
1464	#FBF6F6	#FFFFFF
1465	#FEFDFD	#FFFFFF
1466	#E8E5F3	#FEFEFE
1467	#FEFDFD	#FFFFFF
1468	#D9AFAA	#FDFDFD
1469	#EED9D6	#FDFDFD
1470	#E1BEBA	#FEFEFE
1471	#FBF6F6	#FFFFFF
1472	#A89ECF	#FBFBFB
1473	#FBF5F4	#FFFFFF
1474	#E9E5F3	#FEFEFE
1475	#D9B0AB	#FDFDFD
1476	#9B90C8	#FAFAFA
1477	#F9F8FC	#FFFFFF
1478	#F7ECEB	#FFFFFF
1479	#F0DDDA	#FEFEFE
1480	#C7C0E1	#FCFCFC
1481	#DEDAED	#FDFDFD
1482	#FBFAFD	#FFFFFF
1483	#E6E3F2	#FEFEFE
1484	#EEECF6	#FFFFFF
1485	#E4E1F1	#FEFEFE
1486	#AFA6D3	#FCFCFC
1487	#F7EDEB	#FFFFFF
1488	#EDEBF5	#FEFEFE
1489	#F1DFDD	#FEFEFE
1490	#F8EEED	#FFFFFF
1491	#FBF6F5	#FFFFFF
1492	#EEECF6	#FFFFFF
1493	#FAF9FC	#FFFFFF
1494	#F8EEED	#FFFFFF
1495	#FBF6F5	#FFFFFF
1496	#F7ECEA	#FFFFFF
1497	#F1E0DD	#FEFEFE
1498	#FDFAFA	#FFFFFF
1499	#D5CFE8	#FDFDFD
1500	#EBD4D0	#FEFEFE
1501	#EEECF6	#FFFFFF
1502	#FBF6F5	#FFFFFF
1503	#F9F8FC	#FFFFFF
1504	#D5CFE8	#FEFEFE
1505	#EEECF6	#FFFFFF
1506	#C4BCDF	#FCFCFC
1507	#D4CFE8	#FEFEFE
1508	#FAFAFC	#FFFFFF
1509	#FAF9FC	#FFFFFF
1510	#E1BEBA	#FEFEFE
1511	#D5CFE8	#FEFEFE
1512	#D4CFE8	#FEFEFE
1513	#FBFAFD	#FFFFFF
1514	#FFFFFE	#FFFFFF
1515	#AFA6D3	#FCFCFC
1516	#F7ECEB	#FFFFFF
1517	#D5CFE8	#FEFEFE
1518	#FBFAFD	#FFFFFF
1519	#ECD5D2	#FEFEFE
1520	#DCD7EC	#FEFEFE
1521	#FAF9FC	#FFFFFF
1522	#DCD7EC	#FEFEFE
1523	#F4E5E3	#FEFEFE
1524	#C3BBDE	#FDFDFD
1525	#D4CEE7	#FDFDFD
1526	#E6E2F1	#FEFEFE
1527	#E8E5F3	#FEFEFE
1528	#E8E5F3	#FEFEFE
1529	#E9CECA	#FEFEFE
1530	#DDD8EC	#FEFEFE
1531	#E4E0F0	#FEFEFE
1532	#B7AFD8	#FDFDFD
1533	#EEECF6	#FFFFFF
1534	#FBF5F5	#FFFFFF
1535	#DFDAED	#FEFEFE
1536	#E8CDCA	#FEFEFE
1537	#EBD4D0	#FEFEFE
1538	#EEECF6	#FFFFFF
1539	#F7ECEB	#FFFFFF
1540	#FEFDFC	#FFFFFF
1541	#F8EEED	#FFFFFF
1542	#FBF6F5	#FFFFFF
1543	#F9F8FC	#FFFFFF
1544	#DDD8EC	#FEFEFE
1545	#E8E5F3	#FEFEFE
1546	#EFECF6	#FEFEFE
1547	#FBF6F6	#FFFFFF
1548	#DCD7EC	#FEFEFE
1549	#F3F1F8	#FFFFFF
1550	#FBFAFD	#FFFFFF
1551	#F7EDEC	#FFFFFF
1552	#F9F8FC	#FFFFFF
1553	#D5CFE8	#FEFEFE
1554	#F1E0DE	#FEFEFE
1555	#D9AFAA	#FDFDFD
1556	#FAF9FC	#FFFFFF
1557	#D9B0AA	#FDFDFD
1558	#DDD8EC	#FEFEFE
1559	#F6F5FA	#FFFFFF
1560	#EBD4D0	#FEFEFE
1561	#ECD5D2	#FEFEFE
1562	#FAF9FC	#FFFFFF
1563	#E1BEBA	#FEFEFE
1564	#F8EEED	#FFFFFF
1565	#FAF9FC	#FFFFFF
1566	#F7EDEC	#FFFFFF
1567	#FAF9FC	#FFFFFF
1568	#D5CFE8	#FEFEFE
1569	#FEFEFD	#FFFFFF
1570	#FAFAFC	#FFFFFF
1571	#F7ECEA	#FFFFFF
1572	#FBF7F6	#FFFFFF
1573	#E5E2F1	#FEFEFE
1574	#EFDCD9	#FEFEFE
1575	#F1DFDD	#FEFEFE
1576	#E4E1F0	#FEFEFE
1577	#CF9C96	#FCFCFC
1578	#F9F1F0	#FFFFFF
1579	#D4A6A0	#FCFCFC
1580	#DDD8ED	#FEFEFE
1581	#D7D2E9	#FDFDFD
1582	#ECEAF5	#FEFEFE
1583	#FAF9FC	#FFFFFF
1584	#FBF7F6	#FFFFFF
1585	#C5BDDF	#FCFCFC
1586	#E5E1F1	#FEFEFE
1587	#E1BEBA	#FEFEFE
1588	#FAF9FC	#FFFFFF
1589	#D1CBE6	#FCFCFC
1590	#EEECF6	#FEFEFE
1591	#C3BBDE	#FDFDFD
1592	#D9B0AA	#FDFDFD
1593	#CBC5E3	#FDFDFD
1594	#E6E3F2	#FEFEFE
1595	#D6D1E9	#FDFDFD
1596	#AFA6D3	#FCFCFC
1597	#F6F5FA	#FFFFFF
1598	#FAF9FC	#FFFFFF
1599	#FEFCFC	#FFFFFF
1600	#EEECF6	#FEFEFE
1601	#F8EEED	#FFFFFF
1602	#F7EDEB	#FFFFFF
1603	#F1DFDD	#FEFEFE
1604	#CC9791	#FCFCFC
1605	#A298CC	#FBFBFB
1606	#BEB6DB	#FCFCFC
1607	#AFA5D3	#FCFCFC
1608	#E1BEB9	#FEFEFE
1609	#FAF9FC	#FFFFFF
1610	#E6C8C4	#FDFDFD
1611	#F9F8FC	#FFFFFF
1612	#EEECF6	#FFFFFF
1613	#E9E5F3	#FEFEFE
1614	#F2F0F8	#FFFFFF
1615	#F1E0DE	#FEFEFE
1616	#E9E6F3	#FEFEFE
1617	#F4E5E3	#FEFEFE
1618	#D4A5A0	#FCFCFC
1619	#ECD5D2	#FEFEFE
1620	#CF9D97	#FCFCFC
1621	#EBD4D0	#FEFEFE
1622	#FDFCFE	#FFFFFF
1623	#D5CFE8	#FEFEFE
1624	#FBFBFD	#FFFFFF
1625	#F2F0F8	#FFFFFF
1626	#E6E3F2	#FEFEFE
1627	#F8EEEC	#FFFFFF
1628	#FBF7F6	#FFFFFF
1629	#F6EAE8	#FEFEFE
1630	#FBF6F5	#FFFFFF
1631	#E2DEEF	#FDFDFD
1632	#F8EEED	#FFFFFF
1633	#EFEDF6	#FEFEFE
1634	#FBF7F6	#FFFFFF
1635	#CDC7E4	#FCFCFC
1636	#DDD8EC	#FEFEFE
1637	#FEFDFD	#FFFFFF
1638	#FEFDFD	#FFFFFF
1639	#D4CEE8	#FDFDFD
1640	#FAF9FC	#FFFFFF
1641	#F7EDEB	#FFFFFF
1642	#F9F8FC	#FFFFFF
1643	#F8EEED	#FFFFFF
1644	#F4E6E4	#FEFEFE
1645	#D4CEE8	#FDFDFD
1646	#EEECF6	#FFFFFF
1647	#E5E1F1	#FEFEFE
1648	#F8EEED	#FFFFFF
1649	#D9D4EB	#FCFCFC
1650	#B7AFD8	#FDFDFD
1651	#FAF9FC	#FFFFFF
1652	#FAFAFD	#FFFFFF
1653	#EAE7F4	#FEFEFE
1654	#D4CEE8	#FEFEFE
1655	#D4A5A0	#FCFCFC
1656	#DDD9ED	#FEFEFE
1657	#C3BBDE	#FDFDFD
1659	#FBFAFD	#FFFFFF
1660	#EBD4D0	#FEFEFE
1661	#C3BBDE	#FDFDFD
1662	#F6ECEA	#FFFFFF
1663	#EEECF6	#FFFFFF
1664	#E8E5F3	#FEFEFE
1665	#D4CEE8	#FEFEFE
1666	#D9B0AB	#FDFDFD
1667	#F8EEED	#FFFFFF
1668	#F1E0DE	#FEFEFE
1669	#F1DFDD	#FEFEFE
1670	#F1DFDD	#FEFEFE
1671	#EBD4D0	#FEFEFE
1672	#E8E5F3	#FEFEFE
1673	#EFEDF6	#FEFEFE
1674	#D4CEE7	#FDFDFD
1675	#F7EDEC	#FFFFFF
1676	#F8EEED	#FFFFFF
1677	#ECD5D2	#FEFEFE
1678	#CBC5E3	#FDFDFD
1679	#FCFBFD	#FFFFFF
1680	#F6F5FA	#FFFFFF
1681	#E8E5F3	#FEFEFE
1682	#F9F9FC	#FFFFFF
1683	#E7E3F2	#FEFEFE
1684	#DDD8ED	#FEFEFE
1685	#D3CEE7	#FDFDFD
1686	#F4E5E3	#FEFEFE
1687	#FBFAFD	#FFFFFF
1688	#CCC5E3	#FDFDFD
1689	#FBFAFD	#FFFFFF
1690	#FAF9FC	#FFFFFF
1691	#D4A5A0	#FCFCFC
1692	#E6E3F1	#FEFEFE
1693	#D3CDE7	#FDFDFD
1694	#FFFEFE	#FFFFFF
1695	#FBFAFD	#FFFFFF
1696	#EEECF6	#FFFFFF
1697	#F9F1F0	#FFFFFF
1698	#FAF9FC	#FFFFFF
1699	#F4E7E5	#FEFEFE
1700	#AFA5D3	#FCFCFC
1701	#E1BEBA	#FEFEFE
1703	#EBD4D0	#FEFEFE
1704	#E5C7C3	#FDFDFD
1705	#CF9D97	#FCFCFC
1706	#DFDAED	#FEFEFE
1707	#C3BBDE	#FDFDFD
1708	#EBD4D0	#FEFEFE
1709	#F7ECEB	#FFFFFF
1710	#DCD8EC	#FEFEFE
1711	#EBD3D0	#FEFEFE
1712	#A197CC	#FBFBFB
1713	#FBFAFD	#FFFFFF
1714	#E9E5F3	#FEFEFE
1715	#D5CFE8	#FEFEFE
1716	#F8EEED	#FFFFFF
1717	#A89ECF	#FBFBFB
1718	#D4A59F	#FCFCFC
1719	#F1DFDC	#FEFEFE
1720	#D3CDE7	#FDFDFD
1721	#B7AFD8	#FDFDFD
1722	#FBFAFD	#FFFFFF
1723	#EBD4D0	#FEFEFE
1724	#FBFBFD	#FFFFFF
1725	#F6F5FA	#FFFFFF
1726	#EFECF6	#FFFFFF
1727	#E6E2F1	#FEFEFE
1728	#E5E1F1	#FDFDFD
1729	#B8AFD8	#FDFDFD
1730	#CCC5E3	#FDFDFD
1731	#FBF7F6	#FFFFFF
1732	#E6E3F2	#FEFEFE
1733	#E1BEBA	#FEFEFE
1734	#DDD8EC	#FEFEFE
1735	#C3BBDE	#FDFDFD
1736	#EDEAF5	#FEFEFE
1737	#FAF9FC	#FFFFFF
1738	#A79ECF	#FBFBFB
1739	#BDB5DB	#FCFCFC
1740	#AEA5D3	#FCFCFC
1742	#E1BEBA	#FEFEFE
1743	#E6E2F1	#FEFEFE
1744	#DFDAEE	#FEFEFE
1745	#C3BBDE	#FDFDFD
1746	#DCD7EC	#FEFEFE
1747	#D4CEE8	#FDFDFD
1748	#E9E6F3	#FEFEFE
1749	#AFA6D3	#FCFCFC
1750	#F4E6E4	#FEFEFE
1751	#EBD4D0	#FEFEFE
1752	#FAFAFC	#FFFFFF
1753	#FBF6F5	#FFFFFF
1754	#FEFCFC	#FFFFFF
1755	#FEFDFD	#FFFFFF
1756	#EFEDF6	#FFFFFF
1757	#F8EEED	#FFFFFF
1758	#FAF9FC	#FFFFFF
1759	#FBF5F5	#FFFFFF
1760	#EEECF6	#FFFFFF
1761	#F8EFED	#FFFFFF
1762	#D4CFE8	#FEFEFE
1763	#E7E3F2	#FEFEFE
1764	#FEFCFC	#FFFFFF
1765	#DDD8EC	#FEFEFE
1766	#ECD5D2	#FEFEFE
1767	#F8EEED	#FFFFFF
1768	#EFECF6	#FEFEFE
1769	#FBF6F6	#FFFFFF
1770	#F9F9FC	#FFFFFF
1771	#FAF9FC	#FFFFFF
1772	#FBF6F5	#FFFFFF
1773	#D4CFE8	#FDFDFD
1775	#E9E6F3	#FEFEFE
1776	#D4CFE8	#FEFEFE
1777	#F6F5FA	#FFFFFF
1778	#F9F1F0	#FFFFFF
1779	#C3BBDE	#FDFDFD
1780	#E8CECA	#FEFEFE
1781	#FAFAFD	#FFFFFF
1782	#E8E5F3	#FEFEFE
1783	#F8EEED	#FFFFFF
1784	#A79ECF	#FBFBFB
1785	#EEECF6	#FFFFFF
1786	#B1A9D5	#FAFAFA
1787	#EFEDF7	#FEFEFE
1788	#F4E6E4	#FEFEFE
1789	#E5E2F1	#FEFEFE
1790	#EAE7F4	#FEFEFE
1791	#D5CFE8	#FEFEFE
1792	#B7AFD8	#FDFDFD
1793	#F9F8FC	#FFFFFF
1794	#BAB2D9	#F9F9F9
1795	#FBF6F5	#FFFFFF
1796	#A79DCF	#FBFBFB
1797	#A197CC	#FBFBFB
1798	#EEECF6	#FFFFFF
1799	#F6F5FA	#FFFFFF
1800	#C3BBDE	#FDFDFD
1801	#FEFDFD	#FFFFFF
1802	#E1BEBA	#FEFEFE
1803	#F1E0DE	#FEFEFE
1804	#EDEBF5	#FEFEFE
1805	#DDD8EC	#FEFEFE
1806	#C3BBDE	#FDFDFD
1807	#FBF6F5	#FFFFFF
1808	#F4E5E3	#FEFEFE
1809	#E9E5F3	#FEFEFE
1810	#FAF9FC	#FFFFFF
1811	#E1BEB9	#FEFEFE
1812	#E1BEB9	#FEFEFE
1813	#E8E5F3	#FEFEFE
1814	#E4E1F1	#FEFEFE
1815	#CB968F	#FCFCFC
1816	#F8EEED	#FFFFFF
1817	#FEFCFC	#FFFFFF
1818	#FBFAFD	#FFFFFF
1819	#FDFBFB	#FFFFFF
1820	#F3F1F8	#FFFFFF
1821	#F8EEED	#FFFFFF
1822	#FAFAFD	#FFFFFF
1823	#FBF6F5	#FFFFFF
1824	#E5E1F1	#FEFEFE
1825	#B7AFD8	#FDFDFD
1826	#FBFAFD	#FFFFFF
1827	#EDEBF5	#FEFEFE
1828	#F9F9FC	#FFFFFF
1829	#F8EEED	#FFFFFF
1830	#F6F5FA	#FFFFFF
1831	#D4CEE8	#FEFEFE
1832	#D4A59F	#FCFCFC
1833	#F8EEED	#FFFFFF
1834	#EFECF6	#FEFEFE
1835	#F1E0DE	#FEFEFE
1836	#D5CFE8	#FEFEFE
1837	#E5E2F1	#FEFEFE
1838	#DEDAED	#FDFDFD
1839	#D5D0E8	#FDFDFD
1840	#CBC5E3	#FDFDFD
1841	#EDEBF5	#FEFEFE
1842	#E4E1F1	#FEFEFE
1843	#D3A59F	#FCFCFC
1844	#F7ECEB	#FFFFFF
1845	#C3BBDE	#FDFDFD
1846	#CBC5E3	#FDFDFD
1847	#C7C0E1	#FCFCFC
1848	#F9F8FC	#FFFFFF
1849	#FDFBFA	#FFFFFF
1850	#DCD7EC	#FEFEFE
1852	#B7AFD8	#FDFDFD
1853	#D4CEE8	#FDFDFD
1854	#F7ECEB	#FFFFFF
1855	#EFEDF6	#FEFEFE
1856	#E6C8C4	#FDFDFD
1857	#C4BCDF	#FCFCFC
1858	#D9B0AB	#FDFDFD
1859	#FBFAFD	#FFFFFF
1860	#EEECF6	#FFFFFF
1861	#D9B0AA	#FDFDFD
1862	#E8E5F3	#FEFEFE
1863	#E9E6F3	#FEFEFE
1864	#D9B0AA	#FDFDFD
1865	#FBFBFD	#FFFFFF
1866	#E9E6F3	#FEFEFE
1867	#F9F8FC	#FFFFFF
1868	#E1BEBA	#FEFEFE
1869	#FBF6F5	#FFFFFF
1870	#E1BEBA	#FEFEFE
1871	#F4E6E4	#FEFEFE
1872	#C3BBDE	#FDFDFD
1873	#E8E5F3	#FEFEFE
1874	#F6F5FA	#FFFFFF
1875	#DCD7EC	#FEFEFE
1876	#EFECF6	#FEFEFE
1877	#F7EEEC	#FFFFFF
1878	#F9F1F0	#FFFFFF
1879	#FBFAFD	#FFFFFF
1880	#FDFDFE	#FFFFFF
1881	#F9F1F0	#FFFFFF
1882	#E8E5F3	#FEFEFE
1883	#D4CEE7	#FDFDFD
1884	#F1DFDD	#FEFEFE
1885	#D9B0AA	#FDFDFD
1886	#FFFFFF	#FFFFFF
1887	#F4E5E4	#FEFEFE
1888	#F2F0F8	#FFFFFF
1889	#F7EDEC	#FFFFFF
1890	#EEECF6	#FFFFFF
1891	#9B90C8	#FAFAFA
1892	#E8E5F3	#FEFEFE
1893	#FBF6F5	#FFFFFF
1894	#E6E2F1	#FEFEFE
1895	#FBF6F5	#FFFFFF
1896	#F8EEED	#FFFFFF
1897	#EEECF6	#FFFFFF
1898	#C3BBDE	#FDFDFD
1899	#FAFAFD	#FFFFFF
1900	#E9CECA	#FEFEFE
1901	#CF9D96	#FCFCFC
1903	#C3BBDE	#FDFDFD
1904	#D5CFE8	#FEFEFE
1905	#F8EEED	#FFFFFF
1906	#FAF9FC	#FFFFFF
1907	#EBD4D0	#FEFEFE
1908	#F2F0F8	#FFFFFF
1909	#D4CEE8	#FEFEFE
1910	#F4E5E3	#FEFEFE
1911	#E5E2F1	#FEFEFE
1912	#E9E5F3	#FEFEFE
1913	#DDD8EC	#FEFEFE
1914	#EFECF6	#FFFFFF
1915	#FAF9FC	#FFFFFF
1916	#FBFBFD	#FFFFFF
1917	#F7ECEB	#FFFFFF
1918	#CCC5E3	#FDFDFD
1919	#FBFAFD	#FFFFFF
1920	#FFFFFF	#FFFFFF
1921	#FAFAFD	#FFFFFF
1922	#D3CDE7	#FDFDFD
1923	#E6C8C4	#FDFDFD
1924	#FBFAFD	#FFFFFF
1925	#E1BEBA	#FEFEFE
1926	#B7AFD8	#FDFDFD
1927	#FAFAFD	#FFFFFF
1928	#FBF6F6	#FFFFFF
1929	#D4CEE8	#FDFDFD
1930	#FFFFFF	#FFFFFF
1931	#F9F9FC	#FFFFFF
1932	#F9F2F1	#FFFFFF
1933	#D4CEE7	#FDFDFD
1934	#E4E0F0	#FEFEFE
1935	#D3CEE7	#FDFDFD
1936	#E4E0F0	#FEFEFE
1937	#FBFAFD	#FFFFFF
1938	#F1E0DD	#FEFEFE
1939	#AFA5D3	#FCFCFC
1940	#DDD8ED	#FEFEFE
1941	#E4E0F0	#FEFEFE
1942	#FCFBFD	#FFFFFF
1943	#DEDAED	#FEFEFE
1944	#FEFDFD	#FFFFFF
1945	#CBC5E3	#FDFDFD
1946	#ECD6D3	#FEFEFE
1947	#E4E1F1	#FEFEFE
1948	#C3BBDE	#FDFDFD
1949	#EFECF6	#FEFEFE
1950	#F8EEED	#FFFFFF
1951	#C3BBDE	#FDFDFD
1952	#A096CB	#FBFBFB
1953	#FBFAFD	#FFFFFF
1954	#DDD8ED	#FEFEFE
1955	#F8EEED	#FFFFFF
1956	#EEECF6	#FFFFFF
1957	#FEFDFC	#FFFFFF
1958	#DEDAED	#FDFDFD
1959	#F1DFDD	#FEFEFE
1960	#BDB5DB	#FCFCFC
1961	#F4E5E3	#FEFEFE
1962	#B7AFD8	#FDFDFD
1963	#FBF6F5	#FFFFFF
1965	#F1E0DE	#FEFEFE
1966	#F2E2E0	#FEFEFE
1967	#E4E0F0	#FEFEFE
1968	#E9E5F3	#FEFEFE
1969	#FAF9FC	#FFFFFF
1970	#EDD6D3	#FEFEFE
1971	#EED8D5	#FEFEFE
1972	#D9B0AB	#FDFDFD
1973	#F4E5E3	#FEFEFE
1974	#F8EEED	#FFFFFF
1975	#E1BEBA	#FEFEFE
1976	#F1E0DE	#FEFEFE
1977	#E8CDCA	#FEFEFE
1978	#F1DFDD	#FEFEFE
1979	#F1DFDD	#FEFEFE
1980	#CDC6E4	#FCFCFC
1981	#FEFDFD	#FFFFFF
1982	#F7EDEC	#FFFFFF
1983	#EDEBF5	#FEFEFE
1984	#E9CECA	#FEFEFE
1985	#EFECF6	#FEFEFE
1986	#F4E5E3	#FEFEFE
1987	#F8EEED	#FFFFFF
1988	#FFFFFF	#FFFFFF
1989	#B7AFD8	#FDFDFD
1990	#E9E5F3	#FEFEFE
1991	#F9F9FC	#FFFFFF
1992	#F6F5FA	#FFFFFF
1993	#F9F1F0	#FFFFFF
1994	#FAF4F3	#FFFFFF
1995	#E6E3F1	#FEFEFE
1996	#D5CFE8	#FEFEFE
1997	#D3CEE7	#FDFDFD
1998	#A79DCF	#FBFBFB
1999	#F6F5FA	#FFFFFF
2000	#EEECF6	#FEFEFE
2001	#FBF6F6	#FFFFFF
2002	#EEEBF6	#FEFEFE
2003	#D5CFE8	#FEFEFE
2004	#EBD4D0	#FEFEFE
2005	#FBF6F6	#FFFFFF
2006	#E1BEB9	#FEFEFE
2007	#CCC5E3	#FDFDFD
2008	#F9F1F0	#FFFFFF
2009	#B7AFD8	#FBFBFB
2010	#BEB6DB	#FCFCFC
2011	#FEFDFD	#FFFFFF
2012	#F9F1F0	#FFFFFF
2013	#FCFBFD	#FFFFFF
2014	#F8EEED	#FFFFFF
2015	#D3CEE7	#FDFDFD
2016	#D9AFAA	#FDFDFD
2017	#ECD5D3	#FEFEFE
2018	#D5CFE8	#FDFDFD
2019	#F1E0DD	#FEFEFE
2021	#F8EEED	#FFFFFF
2022	#FBFBFD	#FFFFFF
2023	#F9F8FC	#FFFFFF
2024	#D9B0AB	#FDFDFD
2025	#D9B0AB	#FDFDFD
2026	#F1E0DE	#FEFEFE
2027	#F6F5FA	#FFFFFF
2028	#E8E5F3	#FEFEFE
2029	#FBFAFD	#FFFFFF
2030	#F1E0DE	#FEFEFE
2031	#A79DCF	#FBFBFB
2032	#EEECF6	#FFFFFF
2033	#D8D3EA	#FDFDFD
2034	#D4CEE8	#FDFDFD
2035	#F6EAE9	#FEFEFE
2036	#FBFAFD	#FFFFFF
2037	#A79ECF	#FBFBFB
2038	#FBFAFD	#FFFFFF
2039	#FBF5F5	#FFFFFF
2040	#FBFAFD	#FFFFFF
2041	#FFFFFF	#FFFFFF
2042	#DEDAED	#FEFEFE
2043	#EFECF6	#FEFEFE
2044	#EDEAF5	#FEFEFE
2045	#F7EDEC	#FFFFFF
2046	#EEECF6	#FFFFFF
2047	#DDD9ED	#FEFEFE
2048	#F8EEED	#FFFFFF
2049	#F1E0DD	#FEFEFE
2050	#D9AFAA	#FDFDFD
2051	#9B91C8	#FAFAFA
2052	#F8EEED	#FFFFFF
2053	#E8E5F3	#FEFEFE
2054	#DDD8ED	#FEFEFE
2055	#EBD3D0	#FEFEFE
2056	#D4CEE7	#FDFDFD
2057	#F9F8FC	#FFFFFF
2058	#FEFDFC	#FFFFFF
2059	#C8918B	#FBFBFB
2060	#D9B0AA	#FDFDFD
2061	#FEFDFD	#FFFFFF
2062	#DCD7EC	#FEFEFE
2063	#FAF9FC	#FFFFFF
2064	#FAF9FC	#FFFFFF
2065	#E1BEBA	#FEFEFE
2066	#E8CDCA	#FEFEFE
2067	#CF9D97	#FCFCFC
2068	#E6C8C4	#FDFDFD
2069	#EEECF6	#FFFFFF
2070	#F4E6E4	#FEFEFE
2071	#C9928B	#FBFBFB
2072	#F8EEED	#FFFFFF
2073	#E9CECA	#FEFEFE
2074	#FAF9FC	#FFFFFF
2075	#FBFAFD	#FFFFFF
2076	#F8EEED	#FFFFFF
2077	#D4CFE8	#FEFEFE
2078	#EBD4D0	#FEFEFE
2079	#F1E0DE	#FEFEFE
2080	#FAF9FC	#FFFFFF
2081	#EFEDF6	#FFFFFF
2082	#E9CECA	#FEFEFE
2083	#FBF6F5	#FFFFFF
2084	#C3BBDE	#FDFDFD
2085	#F7F5FA	#FFFFFF
2086	#FBF6F5	#FFFFFF
2087	#FBF6F6	#FFFFFF
2088	#AEA5D3	#FCFCFC
2089	#E6E2F1	#FEFEFE
2090	#F5E8E6	#FEFEFE
2091	#E4E0F0	#FEFEFE
2092	#FBF6F5	#FFFFFF
2093	#E3DFF0	#FEFEFE
2094	#D4CEE7	#FDFDFD
2095	#F9F8FC	#FFFFFF
2096	#FAF9FC	#FFFFFF
2097	#E5E1F1	#FEFEFE
2098	#A79ECF	#FBFBFB
2099	#E5E1F1	#FEFEFE
2100	#E8E5F3	#FEFEFE
2101	#FAF9FC	#FFFFFF
2102	#E6E3F2	#FEFEFE
2103	#F1DFDD	#FEFEFE
2104	#E9E5F3	#FEFEFE
2105	#EEECF6	#FFFFFF
2106	#F1E0DE	#FEFEFE
2107	#ECD6D3	#FEFEFE
2108	#D09E98	#FCFCFC
2109	#A79ECF	#FBFBFB
2110	#F9F1F0	#FFFFFF
2111	#D4CEE7	#FDFDFD
2112	#E4E1F1	#FEFEFE
2113	#E9E6F3	#FEFEFE
2114	#D4CFE8	#FDFDFD
2115	#AEA5D3	#FCFCFC
2116	#FBFAFD	#FFFFFF
2117	#E1BEBA	#FEFEFE
2118	#FBFAFD	#FFFFFF
2119	#F9F9FC	#FFFFFF
2120	#F1E0DE	#FEFEFE
2121	#E8E5F3	#FEFEFE
2122	#ECD5D2	#FEFEFE
2123	#FBFAFD	#FFFFFF
2124	#F9F1F0	#FFFFFF
2125	#D9B0AA	#FDFDFD
2126	#FAFAFC	#FFFFFF
2127	#FBF6F6	#FFFFFF
2128	#E5E1F1	#FEFEFE
2129	#EDEBF5	#FEFEFE
2130	#E9E5F3	#FEFEFE
2131	#B8AFD8	#FDFDFD
2132	#F8EFED	#FFFFFF
2133	#F9F9FC	#FFFFFF
2134	#F4E6E4	#FEFEFE
2135	#F9F8FC	#FFFFFF
2136	#EFEDF6	#FEFEFE
2137	#ECEAF5	#FEFEFE
2138	#D5CFE8	#FEFEFE
2139	#F8EEED	#FFFFFF
2140	#D3CEE7	#FDFDFD
2141	#F4E6E4	#FEFEFE
2142	#DEDAED	#FEFEFE
2143	#D1CBE6	#FBFBFB
2144	#D4CEE8	#FDFDFD
2145	#DED9ED	#FDFDFD
2146	#FBF6F5	#FFFFFF
2147	#D3CEE7	#FDFDFD
2148	#C8C1E1	#FCFCFC
2149	#FEFDFD	#FFFFFF
2150	#FBF6F5	#FFFFFF
2151	#B7AFD8	#FDFDFD
2152	#EFECF6	#FFFFFF
2153	#D4CEE8	#FEFEFE
2154	#FAF9FC	#FFFFFF
2155	#E4C4C0	#FDFDFD
2156	#F1E1DE	#FEFEFE
2157	#F6F5FA	#FFFFFF
2158	#EBD4D0	#FEFEFE
2159	#E9E5F3	#FEFEFE
2160	#E5E1F1	#FEFEFE
2161	#EBE8F4	#FEFEFE
2162	#F1E0DD	#FEFEFE
2163	#ECEAF5	#FEFEFE
2164	#CDC6E4	#FCFCFC
2165	#E4E1F1	#FEFEFE
2166	#CBC5E3	#FDFDFD
2167	#ECD5D2	#FEFEFE
2168	#E8E5F3	#FEFEFE
2169	#D9B0AB	#FDFDFD
2170	#E1BEBA	#FEFEFE
2171	#F7ECEB	#FFFFFF
2172	#FFFEFE	#FFFFFF
2173	#F9F2F1	#FFFFFF
2174	#E4C4C0	#FDFDFD
2175	#DCD8EC	#FEFEFE
2176	#E1BEBA	#FEFEFE
2177	#D4CFE8	#FEFEFE
2178	#FCFBFD	#FFFFFF
2179	#F8EEED	#FFFFFF
2180	#ECD6D3	#FEFEFE
2181	#ECD6D3	#FEFEFE
2182	#D9B0AA	#FDFDFD
2183	#C1B9DD	#FBFBFB
2184	#E9E6F3	#FEFEFE
2185	#FFFFFF	#FFFFFF
2186	#E5E1F1	#FEFEFE
2187	#E4E0F0	#FEFEFE
2188	#D9B0AA	#FDFDFD
2189	#E4C4C0	#FDFDFD
2191	#FBFBFD	#FFFFFF
2192	#F1E0DD	#FEFEFE
2193	#E8E5F3	#FEFEFE
2194	#FBF6F5	#FFFFFF
2195	#D3CDE7	#FCFCFC
2196	#DDD8EC	#FEFEFE
2197	#E4E0F0	#FEFEFE
2198	#EFECF6	#FEFEFE
2199	#DEDAED	#FDFDFD
2200	#FAF9FC	#FFFFFF
2201	#F8EEEC	#FFFFFF
2202	#E9E5F3	#FEFEFE
2204	#F4E6E4	#FEFEFE
2205	#EDEBF5	#FEFEFE
2206	#FAFAFC	#FFFFFF
2207	#EFDCD9	#FEFEFE
2208	#F8EEED	#FFFFFF
2209	#F8EEED	#FFFFFF
2210	#DEDAED	#FDFDFD
2211	#EEEBF6	#FFFFFF
2212	#EEEBF6	#FEFEFE
2213	#EFEDF6	#FFFFFF
2214	#F2F0F8	#FFFFFF
2215	#DEDAED	#FEFEFE
2216	#DEDAED	#FDFDFD
2217	#D4CEE8	#FDFDFD
2218	#F1DFDD	#FEFEFE
2219	#EEECF6	#FFFFFF
2220	#EBD4D0	#FEFEFE
2221	#EFECF6	#FFFFFF
2222	#EFEDF6	#FEFEFE
2223	#C68C86	#FBFBFB
2224	#D4CFE8	#FEFEFE
2225	#D1CBE6	#FCFCFC
2226	#ECD5D2	#FEFEFE
2227	#E6E2F1	#FEFEFE
2228	#C3BBDE	#FDFDFD
2229	#D9B0AA	#FDFDFD
2230	#C7C0E0	#FCFCFC
2231	#F8EEED	#FFFFFF
2232	#F1DFDD	#FEFEFE
2233	#E1BEB9	#FEFEFE
2234	#E8E5F3	#FEFEFE
2235	#DCD7EC	#FEFEFE
2236	#C1BADD	#FBFBFB
2237	#E9CECA	#FEFEFE
2238	#F7EDEB	#FFFFFF
2239	#F1E0DE	#FEFEFE
2240	#E9CECB	#FEFEFE
2241	#FEFDFC	#FFFFFF
2242	#DDD8EC	#FEFEFE
2243	#DDD8EC	#FEFEFE
2244	#DCD7EC	#FEFEFE
2245	#F2F0F8	#FFFFFF
2246	#F9F8FC	#FFFFFF
2247	#CCC5E3	#FDFDFD
2248	#C3BBDE	#FDFDFD
2249	#F9F8FC	#FFFFFF
2250	#FBFAFD	#FFFFFF
2251	#D4CEE7	#FDFDFD
2252	#FBFAFD	#FFFFFF
2253	#E4E0F0	#FEFEFE
2254	#A197CC	#FBFBFB
2255	#EFECF6	#FFFFFF
2256	#F9F1F0	#FFFFFF
2257	#DCD8EC	#FEFEFE
2258	#FAF9FC	#FFFFFF
2259	#AFA5D3	#FCFCFC
2260	#E8E5F3	#FEFEFE
2261	#E9E5F3	#FEFEFE
2262	#A79DCF	#FBFBFB
2263	#F8EEED	#FFFFFF
2264	#BDB5DB	#FCFCFC
2265	#C4BCDF	#FCFCFC
2266	#DCD7EC	#FEFEFE
2267	#FAF9FC	#FFFFFF
2268	#EFDCD9	#FEFEFE
2269	#F8EEED	#FFFFFF
2270	#EBD4D0	#FEFEFE
2271	#F8EEED	#FFFFFF
2272	#EEECF6	#FFFFFF
2273	#F9F8FC	#FFFFFF
2274	#EDEAF5	#FEFEFE
2275	#EBD4D0	#FEFEFE
2276	#F2F0F8	#FFFFFF
2277	#C1BADD	#FBFBFB
2278	#D7D2EA	#FDFDFD
2279	#E5E1F1	#FEFEFE
2280	#F9F8FC	#FFFFFF
2281	#EFEDF6	#FEFEFE
2282	#D3CDE7	#FDFDFD
2283	#FBFAFD	#FFFFFF
2284	#DCD7EC	#FEFEFE
2285	#FBF6F5	#FFFFFF
2286	#E5E1F1	#FEFEFE
2287	#E5E1F1	#FEFEFE
2288	#F9F1F0	#FFFFFF
2289	#F8EEED	#FFFFFF
2290	#F8EEED	#FFFFFF
2291	#F1E0DE	#FEFEFE
2292	#D9AFAA	#FDFDFD
2293	#D7D2E9	#FDFDFD
2294	#F1E0DD	#FEFEFE
2295	#FAF9FC	#FFFFFF
2296	#F1DFDD	#FEFEFE
2297	#A096CC	#FBFBFB
2298	#FAF9FC	#FFFFFF
2299	#C5BDDF	#FCFCFC
2300	#E6E3F1	#FEFEFE
2301	#BEB6DB	#FCFCFC
2302	#EEECF6	#FFFFFF
2303	#F8EEEC	#FFFFFF
2304	#CCC5E3	#FDFDFD
2305	#E8E5F3	#FEFEFE
2306	#FBFAFD	#FFFFFF
2307	#DCD7EC	#FEFEFE
2308	#F8EEED	#FFFFFF
2309	#F7ECEB	#FFFFFF
2310	#DED9ED	#FDFDFD
2311	#E1BEBA	#FEFEFE
2312	#F8EEED	#FFFFFF
2313	#E9E5F3	#FEFEFE
2314	#EFECF6	#FFFFFF
2315	#F1E0DE	#FEFEFE
2316	#F1E0DD	#FEFEFE
2317	#D4CFE8	#FEFEFE
2318	#D4CFE8	#FDFDFD
2319	#FFFEFE	#FFFFFF
2320	#F6F5FA	#FFFFFF
2321	#D4CEE8	#FEFEFE
2322	#FAF9FC	#FFFFFF
2323	#9A90C8	#FAFAFA
2324	#A79ECF	#FBFBFB
2325	#EEEBF6	#FEFEFE
2326	#D5CFE8	#FDFDFD
2327	#F2F0F8	#FFFFFF
2328	#CAC3E2	#FBFBFB
2329	#B4ABD6	#F9F9F9
2330	#E4E0F0	#FEFEFE
2331	#EFECF6	#FFFFFF
2332	#D7D2E9	#FDFDFD
2333	#FEFCFC	#FFFFFF
2334	#F6F4FA	#FFFFFF
2335	#DEDAED	#FDFDFD
2336	#D4CEE8	#FEFEFE
2337	#F6EAE9	#FEFEFE
2338	#D6D0E9	#FCFCFC
2339	#E6C8C4	#FDFDFD
2340	#E6C8C5	#FDFDFD
2341	#FAF9FC	#FFFFFF
2342	#FAFAFC	#FFFFFF
2343	#FEFEFE	#FFFFFF
2344	#F6EAE8	#FEFEFE
2345	#C3BBDE	#FDFDFD
2346	#EFECF6	#FFFFFF
2347	#CC9791	#FCFCFC
2348	#DCD7EC	#FEFEFE
2349	#EBE8F4	#FEFEFE
2350	#FBFAFD	#FFFFFF
2351	#F9F8FC	#FFFFFF
2352	#F8EEED	#FFFFFF
2353	#FAFAFC	#FFFFFF
2354	#FAF3F3	#FFFFFF
2355	#DDD8ED	#FEFEFE
2356	#CCC5E3	#FDFDFD
2357	#F9F8FC	#FFFFFF
2358	#EAD1CE	#FDFDFD
2359	#EDEAF5	#FEFEFE
2360	#EFECF6	#FEFEFE
2361	#F2F0F8	#FEFEFE
2362	#E1BEBA	#FEFEFE
2363	#FBF7F6	#FFFFFF
2364	#E2DEEF	#FDFDFD
2365	#FEFEFD	#FFFFFF
2366	#EEECF6	#FFFFFF
2367	#FAF9FC	#FFFFFF
2368	#F6F5FA	#FFFFFF
2369	#F6F5FA	#FFFFFF
2370	#DED9ED	#FEFEFE
2371	#F4E5E4	#FEFEFE
2372	#EFECF6	#FFFFFF
2373	#E6E3F2	#FEFEFE
2374	#E7E3F2	#FEFEFE
2375	#EDEBF5	#FEFEFE
2376	#F4E6E4	#FEFEFE
2377	#DDD8EC	#FEFEFE
2378	#ECD5D1	#FEFEFE
2379	#EFEDF6	#FEFEFE
2380	#EBD4D0	#FEFEFE
2381	#D4CEE8	#FEFEFE
2382	#B7AFD8	#FDFDFD
2383	#AEA5D3	#FCFCFC
2384	#ECD5D2	#FEFEFE
2385	#E5E1F1	#FEFEFE
2386	#D9B0AB	#FDFDFD
2387	#D5CFE8	#FEFEFE
2388	#FBFBFD	#FFFFFF
2389	#FBFAFD	#FFFFFF
2390	#CC9791	#FCFCFC
2391	#D4CEE8	#FDFDFD
2392	#F7EDEB	#FFFFFF
2393	#FEFDFC	#FFFFFF
2394	#E4E1F1	#FEFEFE
2395	#DED9ED	#FEFEFE
2396	#FBFAFD	#FFFFFF
2397	#DDD8EC	#FEFEFE
2398	#F6F5FA	#FFFFFF
2399	#DDD8ED	#FEFEFE
2400	#D4CFE8	#FDFDFD
2401	#B1A8D4	#FAFAFA
2402	#BEB6DC	#FCFCFC
2403	#B7AFD8	#FBFBFB
2404	#EBD3D0	#FEFEFE
2405	#D4CEE8	#FDFDFD
2406	#DDD8EC	#FEFEFE
2407	#C3BBDE	#FDFDFD
2408	#DCD8EC	#FEFEFE
2409	#E9CECB	#FEFEFE
2410	#C3BBDE	#FDFDFD
2411	#EEECF6	#FFFFFF
2412	#EEECF6	#FFFFFF
2413	#EFEDF6	#FFFFFF
2414	#FBF6F5	#FFFFFF
2415	#CDC6E4	#FCFCFC
2416	#D4CFE8	#FEFEFE
2417	#F1E0DE	#FEFEFE
2418	#C6BFE0	#FBFBFB
2419	#FBFAFD	#FFFFFF
2420	#CB9690	#FCFCFC
2421	#FBFAFD	#FFFFFF
2422	#EBD4D0	#FEFEFE
2423	#ECD5D2	#FEFEFE
2424	#C3BBDE	#FDFDFD
2425	#F6F4FA	#FFFFFF
2426	#ECEAF5	#FEFEFE
2427	#D4A5A0	#FCFCFC
2428	#F1DFDD	#FEFEFE
2429	#E4E1F1	#FEFEFE
2430	#FBF6F5	#FFFFFF
2431	#E2C1BD	#FDFDFD
2432	#E1BEBA	#FEFEFE
2434	#E4E0F0	#FEFEFE
2435	#E1BEBA	#FEFEFE
2436	#F8EEED	#FFFFFF
2437	#F3F1F8	#FFFFFF
2438	#EAE7F4	#FEFEFE
2439	#F1E0DE	#FEFEFE
2440	#E9CECA	#FEFEFE
2441	#DED9ED	#FEFEFE
2442	#ECD5D2	#FEFEFE
2443	#EFECF6	#FFFFFF
2444	#E7E3F2	#FEFEFE
2445	#DDD9ED	#FEFEFE
2446	#F9F9FC	#FFFFFF
2447	#FEFDFD	#FFFFFF
2448	#D4CFE8	#FEFEFE
2449	#FAF9FC	#FFFFFF
2450	#C2BADE	#FBFBFB
2451	#F7EDEC	#FFFFFF
2452	#FEFDFC	#FFFFFF
2453	#EFECF6	#FFFFFF
2454	#E8E5F3	#FEFEFE
2455	#F8EEED	#FFFFFF
2456	#EEECF6	#FFFFFF
2457	#E1BEBA	#FEFEFE
2458	#EFECF6	#FFFFFF
2459	#CEC8E4	#FCFCFC
2460	#F1E0DE	#FEFEFE
2461	#D4CFE8	#FEFEFE
2462	#AEA5D3	#FCFCFC
2463	#E1BEBA	#FEFEFE
2464	#FBF6F6	#FFFFFF
2465	#E4E1F1	#FEFEFE
2466	#DDD8EC	#FEFEFE
2467	#F6F5FA	#FFFFFF
2468	#F2F0F8	#FFFFFF
2469	#DCD7EC	#FEFEFE
2470	#F6F5FA	#FFFFFF
2471	#DDD8ED	#FEFEFE
2472	#ECD6D3	#FEFEFE
2473	#CBC5E3	#FDFDFD
2474	#FAFAFC	#FFFFFF
2475	#E6E2F1	#FEFEFE
2476	#CF9D97	#FCFCFC
2477	#EEECF6	#FFFFFF
2478	#FAF9FC	#FFFFFF
2479	#FBFAFD	#FFFFFF
2480	#D4CFE8	#FDFDFD
2481	#FEFCFC	#FFFFFF
2482	#DDD8EC	#FEFEFE
2483	#AFA6D3	#FCFCFC
2484	#DDD8EC	#FEFEFE
2485	#EDEAF5	#FEFEFE
2486	#DCD7EC	#FEFEFE
2487	#DDD8EC	#FEFEFE
2488	#FAF9FC	#FFFFFF
2489	#FCFBFD	#FFFFFF
2490	#F7ECEB	#FFFFFF
2491	#F2E1DE	#FEFEFE
2492	#E6E3F2	#FEFEFE
2493	#FFFFFF	#FFFFFF
2494	#E8E5F3	#FEFEFE
2495	#F9F8FC	#FFFFFF
2496	#D3CEE7	#FDFDFD
2497	#AFA6D3	#FCFCFC
2498	#E5E2F1	#FEFEFE
2499	#E8CECA	#FEFEFE
2500	#DDD8ED	#FEFEFE
2501	#FBFAFD	#FFFFFF
2503	#F9F9FC	#FFFFFF
2504	#8F85C2	#F9F9F9
2505	#C3BBDE	#FDFDFD
2506	#E9E5F3	#FEFEFE
2507	#C3BBDE	#FDFDFD
2508	#EFECF6	#FFFFFF
2509	#EBE8F4	#FEFEFE
2510	#E8CDCA	#FEFEFE
2511	#F0EEF7	#FFFFFF
2512	#FBF6F5	#FFFFFF
2513	#E8E5F3	#FEFEFE
2514	#D9AFAA	#FDFDFD
2515	#A89ECF	#FBFBFB
2516	#CCC6E3	#FDFDFD
2517	#EFEDF6	#FEFEFE
2518	#C48A83	#FBFBFB
2519	#CDC6E4	#FCFCFC
2520	#E8E5F3	#FEFEFE
2521	#EDEAF5	#FEFEFE
2522	#C3BBDE	#FDFDFD
2523	#ECD5D3	#FEFEFE
2525	#F9F9FC	#FFFFFF
2526	#EED8D6	#FEFEFE
2527	#EED9D6	#FEFEFE
2528	#FFFEFE	#FFFFFF
2529	#E5E1F1	#FEFEFE
2530	#F8EEED	#FFFFFF
2531	#EEECF6	#FEFEFE
2532	#F8EEED	#FFFFFF
2534	#F7EEEC	#FFFFFF
2535	#F1E0DD	#FEFEFE
2536	#FBFAFD	#FFFFFF
2537	#D5CFE8	#FEFEFE
2538	#F1E0DD	#FEFEFE
2539	#D9B0AB	#FDFDFD
2540	#F8EEED	#FFFFFF
2541	#FEFDFD	#FFFFFF
2542	#F9F9FC	#FFFFFF
2543	#FBFBFD	#FFFFFF
2544	#EEECF6	#FEFEFE
2545	#C4BDDF	#FCFCFC
2546	#E6E2F1	#FEFEFE
2547	#DDD8EC	#FEFEFE
2548	#F8EEED	#FFFFFF
2549	#F7ECEA	#FFFFFF
2550	#F2E1DE	#FEFEFE
2551	#F2F0F8	#FFFFFF
2552	#B7AFD8	#FDFDFD
2553	#B7AFD8	#FDFDFD
2554	#CBC4E3	#FCFCFC
2555	#DCD7EC	#FEFEFE
2556	#EBD3D0	#FEFEFE
2557	#DDD9ED	#FEFEFE
2558	#FBFBFD	#FFFFFF
2559	#D5CFE8	#FDFDFD
2560	#FAF9FC	#FFFFFF
2561	#FAF9FC	#FFFFFF
2562	#ECD6D3	#FEFEFE
2563	#F8EEED	#FFFFFF
2564	#EFDCD9	#FEFEFE
2565	#F9F1F0	#FFFFFF
2566	#F7F5FA	#FFFFFF
2567	#E9E5F3	#FEFEFE
2568	#FDFDFE	#FFFFFF
2569	#FAF9FC	#FFFFFF
2570	#E5E1F1	#FEFEFE
2571	#F9F8FC	#FFFFFF
2572	#E8CDC9	#FEFEFE
2573	#CC9791	#FCFCFC
2574	#F9F8FC	#FFFFFF
2575	#F1DFDD	#FEFEFE
2576	#F1E0DE	#FEFEFE
2577	#F6EAE8	#FEFEFE
2578	#FAF9FC	#FFFFFF
2579	#F4E5E3	#FEFEFE
2580	#FAF9FC	#FFFFFF
2581	#EDEBF5	#FEFEFE
2582	#FEFCFC	#FFFFFF
2583	#F1DFDD	#FEFEFE
2584	#FAFAFC	#FFFFFF
2585	#F8EEED	#FFFFFF
2586	#ECD5D2	#FEFEFE
2587	#FAF9FC	#FFFFFF
2588	#D9AFAA	#FDFDFD
2589	#FBFBFD	#FFFFFF
2590	#F1E0DE	#FEFEFE
2591	#D3CEE7	#FDFDFD
2592	#F8EFED	#FFFFFF
2593	#E7E4F2	#FEFEFE
2594	#B7AFD8	#FDFDFD
2595	#FEFDFD	#FFFFFF
2596	#F7F5FA	#FFFFFF
2597	#FAF9FC	#FFFFFF
2598	#C4BDDF	#FCFCFC
2599	#F1DFDD	#FEFEFE
2600	#FBF6F6	#FFFFFF
2601	#EDEBF5	#FEFEFE
2602	#DDD8ED	#FEFEFE
2603	#E8E5F3	#FEFEFE
2604	#D5CFE8	#FDFDFD
2605	#AFA6D3	#FCFCFC
2606	#E9E5F3	#FEFEFE
2607	#CBC5E3	#FDFDFD
2608	#FAF9FC	#FFFFFF
2609	#F6F5FA	#FFFFFF
2610	#FEFDFD	#FFFFFF
2611	#EED9D6	#FEFEFE
2612	#E5E1F1	#FEFEFE
2613	#9085C2	#F9F9F9
2614	#C3BBDE	#FDFDFD
2615	#F9F8FC	#FFFFFF
2616	#DEDAED	#FEFEFE
2617	#FBF6F5	#FFFFFF
2618	#E8E5F3	#FEFEFE
2619	#DDD8EC	#FEFEFE
2620	#E4E1F1	#FEFEFE
2621	#E5E1F1	#FEFEFE
2622	#F9F9FC	#FFFFFF
2623	#E0BDB9	#FEFEFE
2624	#FBF7F6	#FFFFFF
2625	#D9B0AB	#FDFDFD
2626	#F1E0DE	#FEFEFE
2627	#EEECF6	#FFFFFF
2628	#F7F6FB	#FFFFFF
2629	#FDFDFE	#FFFFFF
2631	#FAF9FC	#FFFFFF
2632	#F8EFED	#FFFFFF
2633	#FBF7F6	#FFFFFF
2634	#E5E2F1	#FEFEFE
2635	#ECD5D2	#FEFEFE
2636	#B7AFD8	#FDFDFD
2637	#E5E2F1	#FEFEFE
2638	#F9F8FC	#FFFFFF
2639	#F7ECEB	#FFFFFF
2640	#F7ECEB	#FFFFFF
2641	#DDD8EC	#FEFEFE
2642	#ECD5D2	#FEFEFE
2643	#E2C1BC	#FDFDFD
2644	#CBC5E3	#FDFDFD
2645	#A096CB	#FBFBFB
2646	#E7E4F2	#FEFEFE
2647	#EFECF6	#FEFEFE
2648	#F1E0DE	#FEFEFE
2649	#9086C3	#F9F9F9
2650	#E1BEB9	#FEFEFE
2651	#E8CECA	#FEFEFE
2652	#FBF6F6	#FFFFFF
2653	#E6E2F1	#FEFEFE
2654	#D4CEE8	#FEFEFE
2655	#DDD8EC	#FEFEFE
2656	#EFEDF6	#FEFEFE
2657	#E8E5F3	#FEFEFE
2658	#C3BBDE	#FDFDFD
2659	#FAF9FC	#FFFFFF
2660	#BDB5DB	#FCFCFC
2661	#B7AFD8	#FDFDFD
2662	#FBF6F5	#FFFFFF
2663	#BDB5DB	#FCFCFC
2664	#FCFBFD	#FFFFFF
2665	#F8EEED	#FFFFFF
2666	#E3C3BF	#FDFDFD
2667	#D4CEE7	#FDFDFD
2668	#D4CEE7	#FDFDFD
2669	#C3BBDE	#FDFDFD
2670	#FBF6F5	#FFFFFF
2671	#DCD7EC	#FEFEFE
2672	#E9CECB	#FEFEFE
2673	#FAF9FC	#FFFFFF
2674	#EDEBF5	#FEFEFE
2675	#DDD9ED	#FEFEFE
2676	#E1BEB9	#FEFEFE
2677	#EDD7D4	#FEFEFE
2678	#E1BEB9	#FEFEFE
2679	#EED9D6	#FEFEFE
2680	#E1BEB9	#FEFEFE
2681	#E8E5F3	#FEFEFE
2682	#F8EEED	#FFFFFF
2683	#F4E5E3	#FEFEFE
2684	#F8EEED	#FFFFFF
2685	#FAF9FC	#FFFFFF
2686	#EBD3D0	#FEFEFE
2687	#D5CFE8	#FEFEFE
2688	#FBF5F5	#FFFFFF
2689	#E6C8C4	#FDFDFD
2690	#DDB7B2	#FCFCFC
2691	#F7ECEB	#FFFFFF
2692	#E1BEBA	#FEFEFE
2693	#FFFEFE	#FFFFFF
2694	#DED9ED	#FEFEFE
2695	#EFECF6	#FFFFFF
2696	#FAF9FC	#FFFFFF
2697	#F4E5E4	#FEFEFE
2698	#C3BBDE	#FDFDFD
2699	#C4BDDF	#FCFCFC
2700	#E8E5F3	#FEFEFE
2701	#F3E5E3	#FEFEFE
2702	#C3BBDE	#FDFDFD
2703	#D4CEE7	#FDFDFD
2704	#D6D1E9	#FDFDFD
2705	#DDD8EC	#FEFEFE
2706	#E4E0F0	#FEFEFE
2707	#FBF6F6	#FFFFFF
2708	#EEECF6	#FFFFFF
2709	#F1E0DD	#FEFEFE
2710	#FBFAFD	#FFFFFF
2711	#A79DCF	#FBFBFB
2712	#E9CECA	#FEFEFE
2713	#EFECF6	#FEFEFE
2714	#C3BBDE	#FDFDFD
2715	#F9F8FC	#FFFFFF
2716	#D3A59F	#FCFCFC
2717	#FEFDFD	#FFFFFF
2718	#F6F4FA	#FFFFFF
2719	#D4CEE7	#FDFDFD
2720	#EFEDF6	#FEFEFE
2721	#FFFFFF	#FFFFFF
2722	#DFDAEE	#FDFDFD
2723	#D3A59F	#FCFCFC
2724	#FBFAFD	#FFFFFF
2725	#F1E0DD	#FEFEFE
2726	#E9E5F3	#FEFEFE
2727	#EFDCDA	#FEFEFE
2728	#F0EEF7	#FEFEFE
2729	#FBF7F6	#FFFFFF
2730	#E8CDCA	#FEFEFE
2731	#E5E1F1	#FEFEFE
2732	#FBFAFD	#FFFFFF
2733	#E8E5F3	#FEFEFE
2734	#F6EAE8	#FEFEFE
2735	#ECD6D3	#FEFEFE
2736	#FEFCFC	#FFFFFF
2737	#E8E5F3	#FEFEFE
2738	#D4A59F	#FCFCFC
2739	#F2F0F8	#FFFFFF
2740	#E9E6F3	#FEFEFE
2741	#FBFAFD	#FFFFFF
2742	#EEECF6	#FEFEFE
2743	#D4CFE8	#FEFEFE
2744	#FCFBFD	#FFFFFF
2745	#ECD5D2	#FEFEFE
2746	#D4CEE7	#FDFDFD
2747	#FBFAFD	#FFFFFF
2748	#E8E5F3	#FEFEFE
2750	#E9E5F3	#FEFEFE
2751	#E8E5F3	#FEFEFE
2752	#F7ECEA	#FFFFFF
2753	#EBD4D0	#FEFEFE
2754	#EFECF6	#FEFEFE
2755	#D9D3EA	#FDFDFD
2756	#BDB5DB	#FCFCFC
2757	#A79DCF	#FBFBFB
2758	#CEC7E4	#FDFDFD
2759	#E1BEB9	#FEFEFE
2760	#FEFCFC	#FFFFFF
2761	#B7AED8	#FDFDFD
2762	#D4A5A0	#FCFCFC
2763	#FAF9FC	#FFFFFF
2764	#D4CEE8	#FDFDFD
2765	#BEB6DC	#FCFCFC
2766	#F6F4FA	#FFFFFF
2767	#CF9D97	#FCFCFC
2768	#E1BEBA	#FEFEFE
2769	#B7AFD8	#FDFDFD
2770	#ECD5D2	#FEFEFE
2771	#E8E5F3	#FEFEFE
2772	#B2A9D5	#FAFAFA
2773	#F7EDEB	#FEFEFE
2774	#E6E3F2	#FEFEFE
2775	#DED9ED	#FEFEFE
2776	#ECD4D1	#FEFEFE
2777	#E4C4C0	#FDFDFD
2778	#BFB7DC	#F8F8F8
2779	#DEDAED	#FDFDFD
2780	#FBF6F5	#FFFFFF
2781	#FBF6F5	#FFFFFF
2782	#DCD7EC	#FEFEFE
2783	#FAF9FC	#FFFFFF
2784	#C3BBDE	#FDFDFD
2785	#FAF9FC	#FFFFFF
2786	#D4CEE7	#FDFDFD
2787	#FAF9FC	#FFFFFF
2788	#D9AFAA	#FDFDFD
2789	#ECD6D3	#FEFEFE
2790	#C3BBDE	#FDFDFD
2791	#C4BDDF	#FCFCFC
2792	#DDD8EC	#FEFEFE
2793	#EFECF6	#FEFEFE
2794	#E9E5F3	#FEFEFE
2795	#E5E1F1	#FEFEFE
2796	#EAE7F4	#FEFEFE
2797	#DED9ED	#FEFEFE
2798	#D3A59F	#FCFCFC
2799	#EFECF6	#FEFEFE
2800	#FBF6F5	#FFFFFF
2801	#E9E6F3	#FEFEFE
2802	#EBD3D0	#FDFDFD
2803	#F9F8FC	#FFFFFF
2804	#EEECF6	#FFFFFF
2805	#C3BBDE	#FDFDFD
2806	#B8AFD8	#FBFBFB
2807	#F6F4FA	#FFFFFF
2808	#FAF9FC	#FFFFFF
2809	#F0DCDA	#FEFEFE
2810	#DBD7EC	#FEFEFE
2811	#FBFAFD	#FFFFFF
2812	#D5CFE8	#FEFEFE
2813	#EFEDF6	#FEFEFE
2814	#D3CDE7	#FDFDFD
2815	#AEA5D3	#FCFCFC
2816	#FBFAFD	#FFFFFF
2817	#F6F5FA	#FFFFFF
2818	#DDD8EC	#FEFEFE
2819	#BEB6DB	#FCFCFC
2820	#E8E5F3	#FEFEFE
2821	#EFEDF6	#FEFEFE
2822	#DED9ED	#FEFEFE
2823	#E7E3F2	#FEFEFE
2824	#FBFAFD	#FFFFFF
2825	#FBFAFD	#FFFFFF
2826	#DCD7EC	#FEFEFE
2827	#E4C4C0	#FDFDFD
2828	#FAF9FC	#FFFFFF
2829	#E5E1F1	#FEFEFE
2830	#FEFCFC	#FFFFFF
2831	#F7ECEA	#FFFFFF
2832	#FAF9FC	#FFFFFF
2834	#F8EEED	#FFFFFF
2835	#E4C4C0	#FDFDFD
2836	#FBF5F5	#FFFFFF
2837	#E8E5F3	#FEFEFE
2838	#D3CEE7	#FDFDFD
2839	#F8EEED	#FFFFFF
2840	#E5E1F1	#FEFEFE
2841	#E2C1BD	#FDFDFD
2842	#FBF5F5	#FFFFFF
2843	#FBF7F6	#FFFFFF
2844	#D4CEE8	#FDFDFD
2845	#F1DFDD	#FEFEFE
2846	#DCD7EC	#FEFEFE
2847	#EBD4D0	#FEFEFE
2848	#DED9ED	#FEFEFE
2849	#F7EDEB	#FFFFFF
2850	#E1BEBA	#FEFEFE
2851	#FBF7F6	#FFFFFF
2852	#D5CFE8	#FEFEFE
2853	#F1E0DD	#FEFEFE
2854	#DCD7EC	#FEFEFE
2855	#EEECF6	#FFFFFF
2856	#EFECF6	#FFFFFF
2857	#A197CC	#FBFBFB
2858	#C3BBDE	#FDFDFD
2859	#FBF6F5	#FFFFFF
2860	#CEC8E4	#FCFCFC
2861	#AFA5D3	#FCFCFC
2862	#FAFAFD	#FFFFFF
2863	#E1BEBA	#FEFEFE
2864	#F9F8FC	#FFFFFF
2865	#AFA6D3	#FCFCFC
2866	#CBC5E3	#FDFDFD
2867	#CEC8E4	#FDFDFD
2868	#F6E9E8	#FEFEFE
2869	#FEFDFD	#FFFFFF
2870	#AFA6D3	#FCFCFC
2871	#DDD9ED	#FEFEFE
2872	#DCD7EC	#FEFEFE
2873	#D3CEE7	#FDFDFD
2874	#F4E5E3	#FEFEFE
2875	#DCD8EC	#FEFEFE
2876	#F6EAE8	#FEFEFE
2877	#E2C0BC	#FDFDFD
2878	#F7EDEB	#FFFFFF
2879	#EEECF6	#FEFEFE
2880	#E5E1F1	#FDFDFD
2881	#E5E2F1	#FEFEFE
2882	#F7EDEB	#FFFFFF
2883	#FAF9FC	#FFFFFF
2884	#E9E5F3	#FEFEFE
2885	#F6EBEA	#FFFFFF
2886	#FAF9FC	#FFFFFF
2887	#DDD8EC	#FEFEFE
2888	#FBF6F5	#FFFFFF
2889	#F8EEEC	#FFFFFF
2890	#AFA5D3	#FCFCFC
2891	#E9E6F3	#FEFEFE
2892	#ECD5D2	#FEFEFE
2893	#AEA5D3	#FCFCFC
2894	#E5C7C3	#FDFDFD
2895	#D9B0AA	#FDFDFD
2896	#FAFAFC	#FFFFFF
2897	#FEFCFC	#FFFFFF
2898	#FEFDFD	#FFFFFF
2899	#D9B0AA	#FDFDFD
2900	#FBF6F5	#FFFFFF
2901	#EFECF6	#FFFFFF
2902	#FBFAFD	#FFFFFF
2903	#FBFAFD	#FFFFFF
2904	#FBF6F6	#FFFFFF
2905	#E1BEB9	#FEFEFE
2906	#E5E1F1	#FEFEFE
2907	#CBC5E3	#FDFDFD
2908	#F3F1F8	#FFFFFF
2909	#FBFBFD	#FFFFFF
2910	#F9F9FC	#FFFFFF
2911	#C4BDDF	#FCFCFC
2912	#D4CEE8	#FEFEFE
2913	#F2F0F8	#FFFFFF
2914	#ECD6D3	#FEFEFE
2915	#D3A49F	#FCFCFC
2916	#ECD5D2	#FEFEFE
2918	#FBF6F5	#FFFFFF
2919	#B7AFD8	#FBFBFB
2920	#E5E2F1	#FEFEFE
2921	#F1DFDD	#FEFEFE
2922	#F4E5E4	#FEFEFE
2923	#E5E2F1	#FEFEFE
2924	#E4E1F1	#FEFEFE
2925	#FBFBFD	#FFFFFF
2926	#EEECF6	#FFFFFF
2927	#C4BDDF	#FCFCFC
2928	#FBF5F5	#FFFFFF
2929	#FFFFFF	#FFFFFF
2930	#C4BCDF	#FCFCFC
2931	#ECD5D2	#FEFEFE
2932	#FBF7F6	#FFFFFF
2933	#FBF6F6	#FFFFFF
2934	#EFECF6	#FFFFFF
2935	#F4E5E3	#FEFEFE
2936	#A79DCF	#FBFBFB
2937	#F8EFED	#FFFFFF
2938	#E8E5F3	#FEFEFE
2939	#EDEAF5	#FEFEFE
2940	#F8EFED	#FFFFFF
2941	#EBD3D0	#FEFEFE
2942	#FBF6F5	#FFFFFF
2943	#F9F1F0	#FFFFFF
2944	#F7ECEB	#FFFFFF
2945	#E8E5F3	#FEFEFE
2946	#DDD8EC	#FEFEFE
2947	#EFECF6	#FFFFFF
2948	#EBD3D0	#FEFEFE
2949	#AEA5D3	#FCFCFC
2950	#F2F0F8	#FFFFFF
2951	#F4E6E4	#FEFEFE
2952	#EEECF6	#FEFEFE
2953	#FBFAFD	#FFFFFF
2954	#D4A5A0	#FCFCFC
2955	#E8E5F3	#FEFEFE
2956	#EFECF6	#FFFFFF
2957	#F4E5E4	#FEFEFE
2958	#F9F8FC	#FFFFFF
2959	#F6EAE8	#FEFEFE
2960	#DCD7EC	#FEFEFE
2961	#D3CDE7	#FDFDFD
2962	#948AC5	#F9F9F9
2963	#CBC5E3	#FDFDFD
2964	#C3BBDE	#FDFDFD
2965	#E5E1F1	#FEFEFE
2966	#F8EEED	#FFFFFF
2967	#F4E6E4	#FEFEFE
2968	#A096CB	#FBFBFB
2969	#DDD8EC	#FEFEFE
2970	#FBF6F5	#FFFFFF
2971	#E8CDC9	#FEFEFE
2972	#E5E1F1	#FEFEFE
2973	#9085C2	#F9F9F9
2974	#D2CCE7	#FBFBFB
2975	#DED9ED	#FEFEFE
2976	#FBFAFD	#FFFFFF
2977	#F8EEED	#FFFFFF
2978	#CEC7E4	#FDFDFD
2979	#F9F0EF	#FFFFFF
2980	#D6D1E9	#FCFCFC
2981	#F6F5FA	#FFFFFF
2982	#BEB6DB	#FCFCFC
2983	#FAF9FC	#FFFFFF
2984	#FBF6F5	#FFFFFF
2985	#E1BEBA	#FEFEFE
2986	#D5CFE8	#FEFEFE
2987	#E1BEB9	#FEFEFE
2988	#F8EEED	#FFFFFF
2989	#FAF9FC	#FFFFFF
2990	#F1E0DD	#FEFEFE
2991	#FBF6F6	#FFFFFF
2992	#C3BBDE	#FDFDFD
2993	#DCD7EC	#FEFEFE
2994	#D4CEE8	#FDFDFD
2995	#D9B0AA	#FDFDFD
2996	#E9E6F3	#FEFEFE
2997	#FBFAFD	#FFFFFF
2998	#EBD4D0	#FEFEFE
2999	#DDD8EC	#FEFEFE
3000	#EDEBF5	#FEFEFE
3001	#C3BBDE	#FDFDFD
3002	#A197CC	#FBFBFB
3003	#FBFAFD	#FFFFFF
3004	#AFA5D3	#FCFCFC
3005	#EEECF6	#FFFFFF
3006	#CBC5E3	#FDFDFD
3007	#ECD5D2	#FEFEFE
3009	#F4E6E4	#FEFEFE
3010	#DCD8EC	#FEFEFE
3011	#F7ECEB	#FFFFFF
3012	#C4BCDF	#FCFCFC
3013	#BEB6DC	#FCFCFC
3014	#FFFFFF	#FFFFFF
3015	#B2A9D5	#FAFAFA
3016	#E1BEBA	#FEFEFE
3017	#E8E5F3	#FEFEFE
3018	#A197CC	#FBFBFB
3019	#EFECF6	#FFFFFF
3020	#DCD7EC	#FEFEFE
3021	#B7AFD8	#FBFBFB
3022	#BDB5DB	#FCFCFC
3023	#FBF6F6	#FFFFFF
3024	#F4E6E4	#FEFEFE
3025	#E6E2F1	#FEFEFE
3026	#F9F1F0	#FFFFFF
3027	#D7D2E9	#FDFDFD
3028	#FBF6F6	#FFFFFF
3029	#DED9ED	#FEFEFE
3030	#F9F8FC	#FFFFFF
3031	#C7C0E1	#F9F9F9
3032	#D4CFE8	#FDFDFD
3033	#DDD8EC	#FEFEFE
3034	#FAFAFC	#FFFFFF
3035	#E5E1F1	#FEFEFE
3036	#AFA6D3	#FCFCFC
3037	#EBD4D0	#FEFEFE
3038	#FAF9FC	#FFFFFF
3039	#D4A6A0	#FCFCFC
3040	#FBF6F6	#FFFFFF
3041	#E8E5F3	#FEFEFE
3042	#B8AFD8	#FDFDFD
3043	#F8EFED	#FFFFFF
3044	#E5E1F1	#FEFEFE
3045	#E9E5F3	#FEFEFE
3046	#D3CEE7	#FDFDFD
3047	#B7AFD8	#FDFDFD
3048	#F7EEEC	#FFFFFF
3049	#E8CDCA	#FEFEFE
3050	#DEDAED	#FDFDFD
3051	#DDD8ED	#FEFEFE
3052	#FCF7F7	#FFFFFF
3053	#FEFDFD	#FFFFFF
3054	#E4E0F0	#FEFEFE
3055	#C68D87	#FBFBFB
3056	#C3BBDE	#FDFDFD
3057	#E1BEBA	#FEFEFE
3058	#F8EEED	#FFFFFF
3059	#F3F1F8	#FFFFFF
3060	#E7E3F2	#FEFEFE
3061	#FBF6F5	#FFFFFF
3062	#EEECF6	#FFFFFF
3063	#DDD8EC	#FEFEFE
3064	#DDD8EC	#FEFEFE
3065	#FAFAFC	#FFFFFF
3066	#F7F5FA	#FFFFFF
3067	#FBFBFD	#FFFFFF
3068	#DDD8EC	#FEFEFE
3069	#EFEDF6	#FEFEFE
3070	#FBF6F5	#FFFFFF
3071	#F8EEED	#FFFFFF
3072	#DED9ED	#FEFEFE
3073	#F1DFDC	#FEFEFE
3074	#FDFAF9	#FFFFFF
3075	#AEA5D3	#FCFCFC
3076	#FBF7F6	#FFFFFF
3077	#CF9D97	#FCFCFC
3078	#F9F9FC	#FFFFFF
3079	#FBF7F6	#FFFFFF
3080	#C4BDDF	#FCFCFC
3081	#B4ABD6	#F7F7F7
3082	#DAD5EB	#FCFCFC
3083	#A99FD0	#F9F9F9
3084	#EEECF6	#FFFFFF
3085	#F4E6E4	#FEFEFE
3086	#DDD8EC	#FEFEFE
3087	#FBFAFD	#FFFFFF
3088	#F1DFDD	#FEFEFE
3090	#FBF7F6	#FFFFFF
3091	#D4CEE7	#FDFDFD
3092	#F7EDEC	#FEFEFE
3093	#F7EDEB	#FFFFFF
3094	#F6F5FA	#FFFFFF
3095	#EBD4D0	#FEFEFE
3096	#F9F8FC	#FFFFFF
3097	#DDD8EC	#FEFEFE
3098	#D4CFE8	#FEFEFE
3099	#F1E0DE	#FEFEFE
3100	#E8E5F3	#FEFEFE
3101	#F1DFDD	#FEFEFE
3102	#F8EEED	#FFFFFF
3103	#FAFAFD	#FFFFFF
3104	#F7ECEB	#FFFFFF
3105	#FCF7F6	#FFFFFF
3106	#ECD5D2	#FEFEFE
3107	#FBFAFD	#FFFFFF
3108	#EFEDF6	#FEFEFE
3109	#B7AFD8	#FDFDFD
3110	#D4CEE8	#FEFEFE
3111	#B7AFD8	#FDFDFD
3112	#CBC5E3	#FDFDFD
3113	#F7EDEB	#FFFFFF
3114	#F9F8FC	#FFFFFF
3115	#E5E1F1	#FEFEFE
3116	#D4A59F	#FCFCFC
3117	#B7AFD8	#FBFBFB
3118	#DDD8EC	#FEFEFE
3119	#A79ECF	#FBFBFB
3120	#E5E1F1	#FEFEFE
3121	#E4E1F1	#FEFEFE
3122	#D1CBE6	#FCFCFC
3123	#E8CECA	#FEFEFE
3124	#FDFDFE	#FFFFFF
3125	#CBC5E3	#FDFDFD
3126	#DED9ED	#FDFDFD
3127	#F1DFDD	#FEFEFE
3128	#F0EDF7	#FFFFFF
3129	#EDEAF5	#FEFEFE
3130	#F7F5FA	#FFFFFF
3131	#F7ECEB	#FFFFFF
3132	#DDD8EC	#FDFDFD
3133	#F1EFF8	#FFFFFF
3134	#BEB6DC	#FAFAFA
3135	#FBFAFD	#FFFFFF
3136	#FBF6F6	#FFFFFF
3137	#C3BBDE	#FDFDFD
3138	#B8AFD8	#FDFDFD
3139	#DFDAEE	#FEFEFE
3140	#CCC5E3	#FDFDFD
3141	#EBD4D0	#FEFEFE
3142	#E4E1F1	#FEFEFE
3143	#D4CEE7	#FDFDFD
3144	#E8E5F3	#FEFEFE
3145	#CDC7E4	#FCFCFC
3146	#D4A59F	#FCFCFC
3147	#E5E1F1	#FEFEFE
3148	#F8EEED	#FFFFFF
3149	#F7EDEB	#FFFFFF
3150	#D4A59F	#FCFCFC
3151	#FAF9FC	#FFFFFF
3152	#F8EEED	#FFFFFF
3153	#ECD6D3	#FEFEFE
3154	#F1DFDD	#FEFEFE
3155	#F2E1DF	#FEFEFE
3156	#BEB6DC	#FCFCFC
3157	#E6E3F2	#FEFEFE
3158	#FEFCFC	#FFFFFF
3159	#CBC5E3	#FDFDFD
3160	#DDD8EC	#FEFEFE
3161	#E4E0F0	#FEFEFE
3162	#E9E6F3	#FEFEFE
3163	#D4CEE8	#FDFDFD
3164	#BEB6DC	#FCFCFC
3165	#D2CDE7	#FCFCFC
3166	#F7ECEB	#FFFFFF
3167	#FBF7F6	#FFFFFF
3168	#EEECF6	#FFFFFF
3169	#A79DCF	#FBFBFB
3170	#FBFAFD	#FFFFFF
3171	#BEB6DC	#FCFCFC
3172	#DED9ED	#FEFEFE
3173	#9085C3	#F9F9F9
3174	#F6F4FA	#FFFFFF
3175	#F9F9FC	#FFFFFF
3176	#D4CEE7	#FDFDFD
3177	#FEFCFC	#FFFFFF
3178	#F7EEEC	#FFFFFF
3179	#FBFAFD	#FFFFFF
3180	#D4A5A0	#FCFCFC
3181	#F9F8FC	#FFFFFF
3182	#D8D3EA	#FDFDFD
3183	#DDD9ED	#FDFDFD
3184	#E4E0F0	#FEFEFE
3185	#F8EEED	#FFFFFF
3186	#FDFBFB	#FFFFFF
3187	#FBF6F6	#FFFFFF
3188	#B7AFD8	#FDFDFD
3189	#F9F8FC	#FFFFFF
3190	#DDD8EC	#FEFEFE
3191	#FCF7F6	#FFFFFF
3192	#F9F8FC	#FFFFFF
3193	#FFFFFF	#FFFFFF
3194	#DDD8EC	#FEFEFE
3195	#DED9ED	#FDFDFD
3196	#FEFDFD	#FFFFFF
3197	#EBD4D0	#FEFEFE
3198	#FAF9FC	#FFFFFF
3199	#ECD5D2	#FEFEFE
3200	#E8CDCA	#FEFEFE
3201	#AFA6D3	#FCFCFC
3202	#E9E6F3	#FEFEFE
3203	#DCD8EC	#FEFEFE
3204	#FBF6F5	#FFFFFF
3205	#DDD8ED	#FEFEFE
3206	#DDD8EC	#FEFEFE
3207	#FBFAFD	#FFFFFF
3208	#CBC5E3	#FDFDFD
3209	#F8EEED	#FFFFFF
3210	#E9E6F3	#FEFEFE
3211	#E4E0F0	#FEFEFE
3212	#CEC7E4	#FDFDFD
3213	#C7C0E1	#FCFCFC
3214	#CDC7E4	#FDFDFD
3215	#F8EEED	#FFFFFF
3216	#E5E1F1	#FEFEFE
3217	#ECEAF5	#FEFEFE
3218	#D8D3EA	#FDFDFD
3219	#A197CC	#FBFBFB
3220	#857BBD	#F7F7F7
3221	#E9E5F3	#FEFEFE
3222	#9B90C8	#FAFAFA
3223	#CCC5E3	#FDFDFD
3224	#C4BDDF	#FCFCFC
3225	#EBD4D0	#FEFEFE
3226	#CCC5E3	#FDFDFD
3227	#F4E6E4	#FEFEFE
3228	#FBF6F6	#FFFFFF
3229	#DED9ED	#FEFEFE
3230	#EFECF6	#FFFFFF
3231	#FBF6F5	#FFFFFF
3232	#E1BEBA	#FEFEFE
3233	#F3F1F8	#FFFFFF
3234	#CEC7E4	#FCFCFC
3235	#EDEAF5	#FEFEFE
3236	#FBFAFD	#FFFFFF
3237	#F4E5E4	#FEFEFE
3238	#E1BEBA	#FEFEFE
3239	#F6F4FA	#FFFFFF
3240	#F1DFDD	#FEFEFE
3241	#F9F8FC	#FFFFFF
3242	#FBFAFD	#FFFFFF
3243	#D5CFE8	#FEFEFE
3244	#E4E0F0	#FEFEFE
3245	#FBF6F6	#FFFFFF
3246	#CEC7E4	#FCFCFC
3247	#F8EEED	#FFFFFF
3248	#C3BBDE	#FDFDFD
3249	#FBFAFD	#FFFFFF
3250	#D3A59F	#FCFCFC
3251	#E1BEB9	#FEFEFE
3252	#E4E1F1	#FEFEFE
3253	#EBD4D0	#FEFEFE
3254	#E4E0F0	#FEFEFE
3255	#F9F8FC	#FFFFFF
3256	#F1E0DE	#FEFEFE
3257	#F6EAE8	#FEFEFE
3258	#EFECF6	#FEFEFE
3259	#F2E1DF	#FEFEFE
3260	#C3BBDE	#FDFDFD
3261	#E8E5F3	#FEFEFE
3262	#EEECF6	#FFFFFF
3263	#ECD5D2	#FEFEFE
3264	#DDD9ED	#FEFEFE
3265	#D3CDE7	#FDFDFD
3266	#AFA5D3	#FCFCFC
3267	#E5E2F1	#FEFEFE
3268	#FBF6F5	#FFFFFF
3269	#D0CAE5	#FCFCFC
3270	#BDB6DB	#FCFCFC
3271	#E4E1F1	#FEFEFE
3272	#D4CEE8	#FEFEFE
3273	#BCB3DA	#FAFAFA
3274	#B8AFD8	#FBFBFB
3275	#F7F6FB	#FFFFFF
3276	#DCD8EC	#FEFEFE
3277	#BCB4DB	#FBFBFB
3278	#EEECF6	#FFFFFF
3279	#F4E5E3	#FEFEFE
3280	#DCD7EC	#FEFEFE
3281	#FBF6F5	#FFFFFF
3282	#FBF6F6	#FFFFFF
3283	#F9F8FC	#FFFFFF
3284	#F5F3FA	#FFFFFF
3285	#F6F5FA	#FFFFFF
3286	#F4E5E3	#FEFEFE
3287	#D9B0AB	#FDFDFD
3288	#F4E5E3	#FEFEFE
3289	#FBFAFD	#FFFFFF
3290	#EBD4D0	#FEFEFE
3291	#FAF9FC	#FFFFFF
3292	#F7EEEC	#FFFFFF
3293	#F8EEED	#FFFFFF
3294	#E9E6F3	#FEFEFE
3295	#FBF6F6	#FFFFFF
3296	#D9D4EB	#FCFCFC
3297	#F4E5E4	#FEFEFE
3298	#F1E0DE	#FEFEFE
3299	#FBFAFD	#FFFFFF
3300	#FAF9FC	#FFFFFF
3301	#C3BBDE	#FDFDFD
3302	#FBFAFD	#FFFFFF
3303	#FEFCFC	#FFFFFF
3304	#C3BBDE	#FDFDFD
3305	#E8E5F3	#FEFEFE
3306	#DBD7EC	#FEFEFE
3307	#C9C3E2	#FAFAFA
3308	#AFA6D3	#FCFCFC
3309	#E5E1F1	#FEFEFE
3310	#FBF6F5	#FFFFFF
3311	#D4CFE8	#FEFEFE
3312	#D3CDE7	#FDFDFD
3313	#D5CFE8	#FEFEFE
3314	#FAF9FC	#FFFFFF
3315	#AEA5D3	#FCFCFC
3316	#F7F6FB	#FFFFFF
3317	#E6E2F1	#FEFEFE
3318	#F7ECEB	#FFFFFF
3319	#ACA3D2	#FAFAFA
3320	#DDD8ED	#FEFEFE
3321	#F6F4FA	#FFFFFF
3322	#EDEAF5	#FEFEFE
3323	#E7E3F2	#FEFEFE
3324	#C4BDDF	#FCFCFC
3325	#D1CBE6	#FCFCFC
3326	#D8D2EA	#FDFDFD
3327	#FDFDFE	#FFFFFF
3328	#E5E2F1	#FEFEFE
3329	#EFEDF6	#FEFEFE
3330	#E9CECA	#FEFEFE
3331	#F4E5E3	#FEFEFE
3332	#FAFAFD	#FFFFFF
3333	#FEFDFD	#FFFFFF
3334	#FBF6F6	#FFFFFF
3335	#F7ECEB	#FEFEFE
3336	#E8E5F3	#FEFEFE
3337	#EEECF6	#FFFFFF
3338	#FBF6F5	#FFFFFF
3339	#FFFFFF	#FFFFFF
3340	#E1BEB9	#FEFEFE
3341	#E8E5F3	#FEFEFE
3342	#E8E5F3	#FEFEFE
3343	#9B91C9	#FAFAFA
3344	#EBD3D0	#FEFEFE
3345	#D4CFE8	#FEFEFE
3346	#F4E5E3	#FEFEFE
3347	#DDD9ED	#FDFDFD
3348	#F8EEED	#FFFFFF
3349	#D5CFE8	#FEFEFE
3350	#D4CFE8	#FEFEFE
3351	#E1BEBA	#FEFEFE
3352	#E1BEBA	#FEFEFE
3353	#F4E5E3	#FEFEFE
3354	#CCC5E3	#FDFDFD
3355	#E4E0F0	#FEFEFE
3356	#FEFCFC	#FFFFFF
3357	#D5CFE8	#FEFEFE
3358	#F6F5FA	#FFFFFF
3359	#EFEDF6	#FEFEFE
3360	#DCD7EC	#FEFEFE
3361	#F9F9FC	#FFFFFF
3362	#C4BDDF	#FCFCFC
3363	#EFECF6	#FFFFFF
3364	#EEECF6	#FFFFFF
3365	#DDD8ED	#FEFEFE
3366	#958AC5	#F9F9F9
3367	#FAF9FC	#FFFFFF
3368	#C3BBDE	#FDFDFD
3369	#F2E1DF	#FEFEFE
3370	#EEECF6	#FEFEFE
3371	#E3DFF0	#FEFEFE
3372	#CDC7E4	#FCFCFC
3373	#E9E6F3	#FEFEFE
3374	#DDD8EC	#FEFEFE
3375	#DEDAED	#FDFDFD
3376	#E5E2F1	#FEFEFE
3377	#FBFBFD	#FFFFFF
3378	#DDD9ED	#FDFDFD
3379	#FBF6F5	#FFFFFF
3381	#DDD8EC	#FEFEFE
3382	#FBFAFD	#FFFFFF
3383	#FFFEFE	#FFFFFF
3384	#EBE8F4	#FEFEFE
3385	#FAF9FC	#FFFFFF
3386	#F6F5FA	#FFFFFF
3387	#EDEAF5	#FEFEFE
3388	#DDD8EC	#FEFEFE
3389	#BDB4DB	#FBFBFB
3390	#D5CFE8	#FDFDFD
3391	#E4E0F0	#FEFEFE
3392	#CBC4E3	#FCFCFC
3393	#FBFAFD	#FFFFFF
3394	#FEFDFD	#FFFFFF
3395	#F7ECEB	#FFFFFF
3396	#F6EAE8	#FEFEFE
3397	#DDD8EC	#FEFEFE
3398	#FDFAFA	#FFFFFF
3399	#F2F0F8	#FFFFFF
3400	#ECD5D2	#FEFEFE
3401	#E4E0F0	#FEFEFE
3402	#F6EAE8	#FEFEFE
3403	#FEFDFC	#FFFFFF
3404	#D5CFE8	#FEFEFE
3405	#FBFAFD	#FFFFFF
3406	#FAF9FC	#FFFFFF
3407	#EFECF6	#FEFEFE
3408	#E2DDEF	#FDFDFD
3409	#FBF6F6	#FFFFFF
3410	#E4C4C0	#FDFDFD
3411	#EDEAF5	#FEFEFE
3412	#E4E1F1	#FEFEFE
3413	#F7ECEB	#FFFFFF
3414	#FAF9FC	#FFFFFF
3415	#EDEAF5	#FEFEFE
3416	#E9E5F3	#FEFEFE
3417	#EEECF6	#FFFFFF
3418	#ECD4D1	#FEFEFE
3419	#DCD7EC	#FEFEFE
3420	#EFDCDA	#FEFEFE
3421	#EED9D6	#FEFEFE
3422	#F8EEED	#FFFFFF
3423	#D9B0AA	#FDFDFD
3424	#EFECF6	#FEFEFE
3425	#F5F4FA	#FFFFFF
3426	#9B91C9	#FAFAFA
3427	#DDD8EC	#FEFEFE
3428	#E1BEBA	#FEFEFE
3429	#FBF6F5	#FFFFFF
3430	#DDD9ED	#FDFDFD
3431	#E5E2F1	#FEFEFE
3432	#B8AFD8	#FBFBFB
3433	#CBC5E3	#FDFDFD
3434	#FBFAFD	#FFFFFF
3435	#FAF9FC	#FFFFFF
3436	#F0DCDA	#FEFEFE
3437	#F6F4FA	#FFFFFF
3438	#D3CDE7	#FDFDFD
3439	#CBC4E3	#FCFCFC
3440	#DEDAED	#FDFDFD
3441	#DCD7EC	#FEFEFE
3442	#DDD8EC	#FEFEFE
3443	#EEECF6	#FEFEFE
3444	#EEEBF6	#FFFFFF
3445	#F7ECEB	#FFFFFF
3446	#DCD8EC	#FEFEFE
3447	#FBF6F6	#FFFFFF
3448	#EFECF6	#FEFEFE
3449	#EEEBF6	#FEFEFE
3450	#DDD9ED	#FDFDFD
3451	#FBF6F6	#FFFFFF
3452	#FBFAFD	#FFFFFF
3453	#ECEAF5	#FEFEFE
3454	#E5E2F1	#FEFEFE
3455	#E9E6F3	#FEFEFE
3456	#E7E3F2	#FEFEFE
3457	#E5E1F1	#FEFEFE
3458	#C3BBDE	#FDFDFD
3459	#DCD8EC	#FEFEFE
3460	#FBFAFD	#FFFFFF
3461	#ECD5D2	#FEFEFE
3462	#E9CECB	#FEFEFE
3463	#FBF6F6	#FFFFFF
3464	#ECD5D2	#FEFEFE
3465	#D4A59F	#FCFCFC
3466	#FDFAFA	#FFFFFF
3467	#F2F0F8	#FFFFFF
3468	#E8CDCA	#FEFEFE
3469	#FBF6F6	#FFFFFF
3470	#E4E1F1	#FEFEFE
3471	#FAFAFC	#FFFFFF
3472	#DBD7EC	#FEFEFE
3473	#FAF9FC	#FFFFFF
3474	#E8E5F3	#FEFEFE
3475	#F9F8FC	#FFFFFF
3476	#F7ECEB	#FFFFFF
3477	#FBFBFD	#FFFFFF
3478	#E4C4C0	#FDFDFD
3479	#D5CFE8	#FEFEFE
3480	#D7D2E9	#FDFDFD
3481	#D0CAE6	#FCFCFC
3482	#D7D1E9	#FDFDFD
3483	#CCC5E3	#FDFDFD
3484	#EFECF6	#FFFFFF
3485	#D4CFE8	#FDFDFD
3486	#D1CBE6	#FCFCFC
3487	#D6D0E8	#FCFCFC
3488	#DDD8EC	#FEFEFE
3489	#F8EEED	#FFFFFF
3490	#FBFAFD	#FFFFFF
3491	#FBFAFD	#FFFFFF
3492	#D3CEE7	#FDFDFD
3493	#D4A5A0	#FCFCFC
3494	#EFEDF6	#FEFEFE
3495	#FBF6F5	#FFFFFF
3496	#F1E0DE	#FEFEFE
3497	#C5BEE0	#FCFCFC
3498	#D2CCE7	#FBFBFB
3499	#EFECF6	#FEFEFE
3500	#E8E5F3	#FEFEFE
3501	#D9AFAA	#FDFDFD
3502	#F1DFDD	#FEFEFE
3503	#DDD8EC	#FEFEFE
3504	#DDD8EC	#FEFEFE
3505	#FBF5F4	#FFFFFF
3506	#F9F9FC	#FFFFFF
3507	#EBD4D0	#FEFEFE
3508	#FBF6F5	#FFFFFF
3509	#FEFCFC	#FFFFFF
3510	#FAF9FC	#FFFFFF
3511	#F1E0DD	#FEFEFE
3512	#EFEDF7	#FEFEFE
3513	#E5E1F1	#FEFEFE
3514	#DED9ED	#FEFEFE
3515	#F1DFDD	#FEFEFE
3516	#FAF9FC	#FFFFFF
3517	#F8EEEC	#FFFFFF
3518	#D8D2EA	#FDFDFD
3519	#BCB4DB	#FAFAFA
3520	#CDC7E4	#FCFCFC
3521	#EFEDF6	#FFFFFF
3522	#EBE8F4	#FEFEFE
3523	#CDC7E4	#FDFDFD
3524	#EEEBF6	#FEFEFE
3525	#C2BADE	#FBFBFB
3526	#FBFAFD	#FFFFFF
3527	#D4CFE8	#FCFCFC
3528	#9A90C8	#FAFAFA
3529	#F9F1F0	#FFFFFF
3530	#C9C2E2	#FBFBFB
3531	#D4CEE7	#FDFDFD
3532	#F1E0DD	#FEFEFE
3533	#EEEBF6	#FFFFFF
3534	#EDEBF5	#FEFEFE
3535	#FEFDFD	#FFFFFF
3536	#EBE8F4	#FEFEFE
3537	#E4E0F0	#FEFEFE
3538	#FAFAFC	#FFFFFF
3539	#FFFFFF	#FFFFFF
3540	#FBFAFD	#FFFFFF
3541	#EFECF6	#FFFFFF
3542	#D4A59F	#FCFCFC
3543	#FBF5F5	#FFFFFF
3544	#ECD5D2	#FEFEFE
3545	#B8AFD8	#FDFDFD
3546	#E5E2F1	#FEFEFE
3547	#FAF9FC	#FFFFFF
3548	#B8AFD8	#FDFDFD
3549	#DDD8EC	#FDFDFD
3550	#C9928B	#FBFBFB
3551	#FAFAFD	#FFFFFF
3552	#E1BEBA	#FEFEFE
3553	#FAF9FC	#FFFFFF
3554	#FBFAFD	#FFFFFF
3555	#DCD7EC	#FEFEFE
3556	#E5E1F1	#FEFEFE
3557	#EBD3D0	#FEFEFE
3558	#F8EFED	#FFFFFF
3559	#DCD7EC	#FEFEFE
3560	#F5F4FA	#FFFFFF
3561	#DDD8EC	#FEFEFE
3562	#F8EFED	#FFFFFF
3563	#A79ECF	#FBFBFB
3564	#FEFDFD	#FFFFFF
3565	#DDD8EC	#FEFEFE
3566	#D4CEE7	#FDFDFD
3567	#CCC5E3	#FDFDFD
3568	#DDD8ED	#FEFEFE
3569	#CCC5E3	#FDFDFD
3570	#D3CDE7	#FCFCFC
3571	#E5E1F1	#FEFEFE
3572	#E5E1F1	#FEFEFE
3573	#FCFBFD	#FFFFFF
3574	#DDD9ED	#FDFDFD
3575	#D1CBE6	#FCFCFC
3576	#F9F9FC	#FFFFFF
3577	#FBF6F5	#FFFFFF
3578	#D4CFE8	#FDFDFD
3579	#DCD8EC	#FEFEFE
3580	#BDB5DB	#FCFCFC
3581	#EEECF6	#FFFFFF
3582	#CBC4E3	#FDFDFD
3583	#FAF9FC	#FFFFFF
3584	#FBFAFD	#FFFFFF
3585	#FEFDFD	#FFFFFF
3586	#FEFDFD	#FFFFFF
3587	#D9D4EA	#FCFCFC
3588	#FDFDFE	#FFFFFF
3589	#FFFFFF	#FFFFFF
3590	#FBFAFD	#FFFFFF
3591	#F6F4FA	#FFFFFF
3592	#FAF9FC	#FFFFFF
3593	#FBF7F6	#FFFFFF
3594	#FAFAFD	#FFFFFF
3595	#DCD7EC	#FEFEFE
3596	#DDD8EC	#FEFEFE
3597	#E4C4C0	#FDFDFD
3598	#F8EEED	#FFFFFF
3599	#DED9ED	#FDFDFD
3600	#E5E1F1	#FEFEFE
3601	#F4E5E3	#FEFEFE
3602	#FAF9FC	#FFFFFF
3603	#D9AFAA	#FDFDFD
3604	#E8E5F3	#FEFEFE
3605	#E9E5F3	#FEFEFE
3606	#EEECF6	#FFFFFF
3607	#E1BEBA	#FEFEFE
3608	#F8EEED	#FFFFFF
3609	#E1BEB9	#FEFEFE
3610	#C2BADE	#FAFAFA
3611	#FAF9FC	#FFFFFF
3612	#F7ECEB	#FFFFFF
3613	#F0DEDC	#FEFEFE
3614	#FCFBFD	#FFFFFF
3615	#DDD8EC	#FEFEFE
3616	#C3BBDE	#FDFDFD
3617	#C1B9DD	#FBFBFB
3618	#E8E5F3	#FEFEFE
3619	#D4CEE8	#FEFEFE
3620	#EFECF6	#FFFFFF
3621	#D5CFE8	#FEFEFE
3622	#CCC5E3	#FDFDFD
3623	#C1BADD	#FBFBFB
3624	#D3CDE7	#FDFDFD
3625	#D8D3EA	#FDFDFD
3626	#958AC5	#F9F9F9
3627	#C4BCDF	#FCFCFC
3628	#AEA5D3	#FCFCFC
3629	#9B90C8	#FAFAFA
3630	#D4CEE8	#FDFDFD
3631	#FBF6F5	#FFFFFF
3632	#B7AED8	#FDFDFD
3633	#E5E1F1	#FEFEFE
3634	#D7D2E9	#FDFDFD
3635	#F1E0DD	#FEFEFE
3636	#EFECF6	#FFFFFF
3637	#C2BADE	#FAFAFA
3638	#E1DDEF	#FDFDFD
3639	#BEB6DC	#FCFCFC
3640	#E4E0F0	#FEFEFE
3641	#FAFAFC	#FFFFFF
3642	#D4CFE8	#FEFEFE
3643	#F8EEED	#FFFFFF
3644	#E7E3F2	#FEFEFE
3645	#EEECF6	#FFFFFF
3646	#FBF6F5	#FFFFFF
3647	#E8CDCA	#FEFEFE
3648	#E1BEB9	#FEFEFE
3649	#FBF6F5	#FFFFFF
3650	#CCC5E3	#FAFAFA
3651	#D4CFE8	#FEFEFE
3652	#EEECF6	#FFFFFF
3653	#F8EEED	#FFFFFF
3654	#DDD8EC	#FEFEFE
3656	#D4CFE8	#FEFEFE
3657	#EBD4D0	#FEFEFE
3658	#D4A59F	#FCFCFC
3659	#F9F8FC	#FFFFFF
3660	#F8EEED	#FFFFFF
3661	#DED9ED	#FDFDFD
3662	#E9E5F3	#FEFEFE
3663	#CBC5E3	#FDFDFD
3664	#DCD7EC	#FEFEFE
3665	#F8EEED	#FFFFFF
3666	#D9AFAA	#FDFDFD
3667	#AEA5D3	#FCFCFC
3668	#B7AFD8	#FDFDFD
3669	#C1BADD	#FBFBFB
3670	#D4CEE7	#FCFCFC
3671	#EBE8F4	#FEFEFE
3672	#FFFFFF	#FFFFFF
3673	#FCFBFD	#FFFFFF
3674	#CDC6E4	#FCFCFC
3675	#BDB5DB	#FCFCFC
3676	#E8E5F3	#FEFEFE
3677	#E1DDEF	#FDFDFD
3678	#B7AED8	#FBFBFB
3679	#EEECF6	#FFFFFF
3680	#D7D2E9	#FDFDFD
3681	#C6BFE0	#FCFCFC
3682	#FCFBFD	#FFFFFF
3683	#ACA3D2	#FAFAFA
3684	#EFECF6	#FFFFFF
3685	#FAF9FC	#FFFFFF
3686	#FEFDFD	#FFFFFF
3687	#F2F0F8	#FFFFFF
3688	#DEDAED	#FEFEFE
3689	#FFFFFE	#FFFFFF
3690	#E6E2F1	#FEFEFE
3691	#F8EEED	#FFFFFF
3692	#F8EEED	#FFFFFF
3693	#FAF9FC	#FFFFFF
3694	#E6C8C4	#FDFDFD
3695	#FAF9FC	#FFFFFF
3696	#EDEAF5	#FEFEFE
3697	#FBF6F6	#FFFFFF
3698	#EEEBF6	#FFFFFF
3699	#FAFAFD	#FFFFFF
3700	#D8D2EA	#FCFCFC
3701	#F1DFDD	#FEFEFE
3702	#E1BEBA	#FEFEFE
3703	#FAF9FC	#FFFFFF
3704	#D5CFE8	#FEFEFE
3705	#B7AED8	#FDFDFD
3706	#EBD4D0	#FEFEFE
3707	#B7AFD8	#FDFDFD
3708	#F1DFDD	#FEFEFE
3709	#F8EEED	#FFFFFF
3710	#DDD8ED	#FEFEFE
3711	#EBE8F4	#FEFEFE
3712	#E1BEBA	#FEFEFE
3713	#D4CEE8	#FDFDFD
3714	#E4E0F0	#FEFEFE
3715	#F4E7E5	#FEFEFE
3716	#EFECF6	#FEFEFE
3717	#ECEAF5	#FEFEFE
3718	#E9E5F3	#FEFEFE
3719	#CCC5E3	#FDFDFD
3720	#D4CEE7	#FCFCFC
3721	#DDD8EC	#FEFEFE
3722	#C6BFE0	#FCFCFC
3723	#BDB5DB	#FCFCFC
3724	#E5E2F1	#FEFEFE
3725	#C4BDDF	#FCFCFC
3726	#D7D1E9	#FDFDFD
3727	#E1DDEF	#FDFDFD
3728	#D7D1E9	#FDFDFD
3729	#F2F0F8	#FFFFFF
3730	#C4BDDF	#FCFCFC
3731	#D4CFE8	#FDFDFD
3732	#E5E2F1	#FEFEFE
3733	#D4CFE8	#FCFCFC
3734	#C4BDDF	#FCFCFC
3735	#F8EEED	#FFFFFF
3736	#E5E1F1	#FEFEFE
3737	#F3E5E3	#FEFEFE
3738	#FAF9FC	#FFFFFF
3739	#E6E3F2	#FEFEFE
3740	#E3E0F0	#FEFEFE
3741	#D4CFE8	#FDFDFD
3742	#F7EDEB	#FEFEFE
3743	#FAF9FC	#FFFFFF
3744	#FBF6F5	#FFFFFF
3745	#F1E0DE	#FEFEFE
3746	#DFDAED	#FDFDFD
3747	#FBFAFD	#FFFFFF
3748	#FBFBFD	#FFFFFF
3749	#ECD6D3	#FEFEFE
3750	#ECD5D2	#FEFEFE
3751	#B8AFD8	#F8F8F8
3752	#F8EEED	#FFFFFF
3753	#F1DFDD	#FEFEFE
3754	#F7EDEB	#FFFFFF
3755	#E8E5F3	#FEFEFE
3756	#E1BEB9	#FEFEFE
3757	#D5CFE8	#FEFEFE
3758	#D5CFE8	#FEFEFE
3759	#DDD8EC	#FEFEFE
3760	#DED9ED	#FEFEFE
3761	#D9AFAA	#FDFDFD
3762	#E6E3F2	#FEFEFE
3763	#D4CEE7	#FDFDFD
3764	#FBFAFD	#FFFFFF
3765	#D3CEE7	#FDFDFD
3766	#F9F8FC	#FFFFFF
3767	#FEFDFC	#FFFFFF
3768	#E5E1F1	#FEFEFE
3769	#EEECF6	#FFFFFF
3770	#FAF9FC	#FFFFFF
3772	#FEFDFD	#FFFFFF
3773	#BEB6DC	#FCFCFC
3774	#C1B9DD	#FBFBFB
3775	#D0CAE5	#FCFCFC
3776	#C2BBDE	#FAFAFA
3777	#D8D3EA	#FDFDFD
3778	#D7D2E9	#FDFDFD
3779	#CBC4E3	#FCFCFC
3780	#E4E0F0	#FEFEFE
3781	#E8E5F3	#FEFEFE
3782	#F1E0DE	#FEFEFE
3783	#C7BFE0	#FAFAFA
3784	#F5F4FA	#FFFFFF
3785	#F5F4FA	#FFFFFF
3786	#E4E1F1	#FEFEFE
3787	#F6EAE8	#FEFEFE
3788	#F2F0F8	#FFFFFF
3789	#CCC5E3	#FBFBFB
3790	#BFB7DC	#F9F9F9
3791	#F1DFDD	#FEFEFE
3792	#F7ECEB	#FFFFFF
3793	#EFECF6	#FEFEFE
3794	#E9E6F3	#FEFEFE
3795	#FBF6F5	#FFFFFF
3796	#EBD3D0	#FEFEFE
3797	#F6F5FA	#FFFFFF
3798	#DDD8EC	#FEFEFE
3799	#CBC5E3	#FDFDFD
3800	#DDD8ED	#FEFEFE
3801	#DCD7EC	#FEFEFE
3802	#F1E0DD	#FEFEFE
3803	#CC9791	#FCFCFC
3804	#E8CDCA	#FEFEFE
3805	#E4E1F1	#FEFEFE
3806	#FBF6F6	#FFFFFF
3807	#D4CFE8	#FEFEFE
3809	#DDD9ED	#FEFEFE
3810	#ECD5D2	#FEFEFE
3811	#D5CFE8	#FEFEFE
3812	#DDD8EC	#FEFEFE
3813	#F8EFED	#FFFFFF
3814	#FAF9FC	#FFFFFF
3815	#D7D1E9	#FDFDFD
3816	#FBFAFD	#FFFFFF
3817	#D4CEE8	#FDFDFD
3818	#F6F5FA	#FFFFFF
3819	#E5C7C3	#FDFDFD
3820	#EEECF6	#FFFFFF
3821	#DCD8EC	#FEFEFE
3822	#B7AFD8	#FDFDFD
3823	#FCFBFD	#FFFFFF
3824	#B7AFD8	#FDFDFD
3825	#DEDAED	#FDFDFD
3826	#CBC5E3	#FCFCFC
3827	#D0CAE5	#FCFCFC
3828	#FAF4F3	#FFFFFF
3829	#E5E2F1	#FEFEFE
3830	#B7AED8	#FBFBFB
3831	#C7C0E1	#FCFCFC
3832	#E5E2F1	#FEFEFE
3833	#E9E6F3	#FEFEFE
3834	#DED9ED	#FDFDFD
3835	#B5ACD7	#F8F8F8
3836	#C7C0E1	#FCFCFC
3837	#F6F5FA	#FFFFFF
3838	#CEC7E4	#FCFCFC
3839	#F9F0EF	#FFFFFF
3840	#D9D3EA	#FDFDFD
3841	#E5E1F1	#FEFEFE
3842	#E4E0F0	#FEFEFE
3843	#ECD4D1	#FEFEFE
3844	#F6F5FA	#FFFFFF
3845	#F4E5E3	#FEFEFE
3846	#E8E5F2	#FEFEFE
3847	#F9F1F0	#FFFFFF
3848	#E9CECB	#FEFEFE
3849	#B7AFD8	#FDFDFD
3850	#F9F9FC	#FFFFFF
3851	#D4A59F	#FCFCFC
3852	#FBF6F5	#FFFFFF
3853	#F8EEED	#FFFFFF
3854	#B7AFD8	#FDFDFD
3855	#E8E5F3	#FEFEFE
3856	#FAF9FC	#FFFFFF
3857	#FBF6F5	#FFFFFF
3858	#FBFAFD	#FFFFFF
3859	#C3BBDE	#FDFDFD
3860	#EFECF6	#FFFFFF
3861	#CEC7E4	#FDFDFD
3862	#D4CEE7	#FDFDFD
3863	#D8D3EA	#FDFDFD
3864	#E8E5F3	#FEFEFE
3865	#EBD3D0	#FEFEFE
3866	#AFA6D3	#FCFCFC
3867	#CBC5E3	#FDFDFD
3868	#EDEBF5	#FEFEFE
3869	#C4BCDF	#FCFCFC
3870	#F2F0F8	#FFFFFF
3871	#DBD7EC	#FEFEFE
3872	#CDC7E4	#FDFDFD
3873	#DBD7EC	#FEFEFE
3874	#F8F7FB	#FFFFFF
3875	#FBFAFD	#FFFFFF
3876	#E5E1F1	#FEFEFE
3877	#DEDAED	#FEFEFE
3878	#CDC6E4	#FCFCFC
3879	#E5E2F1	#FEFEFE
3880	#CEC7E4	#FCFCFC
3881	#FBFAFD	#FFFFFF
3882	#DBD7EC	#FEFEFE
3883	#D3CDE7	#FDFDFD
3884	#CBC5E3	#FCFCFC
3885	#F9F1F0	#FFFFFF
3886	#E5E1F1	#FEFEFE
3887	#D3CDE7	#FCFCFC
3888	#B7AFD8	#FDFDFD
3889	#EDEBF5	#FEFEFE
3890	#EAE7F3	#FEFEFE
3891	#DDD9ED	#FDFDFD
3892	#DCD8EC	#FEFEFE
3893	#E4C4C0	#FDFDFD
3894	#FEFDFD	#FFFFFF
3895	#DED9ED	#FEFEFE
3896	#EEECF6	#FEFEFE
3897	#FCF7F7	#FFFFFF
3898	#F8EEED	#FFFFFF
3899	#DFDAEE	#FEFEFE
3900	#F7EEEC	#FFFFFF
3901	#FBF6F5	#FFFFFF
3902	#FCFBFD	#FFFFFF
3903	#E9CECB	#FEFEFE
3904	#F1E0DD	#FEFEFE
3905	#FBFBFD	#FFFFFF
3906	#FAF9FC	#FFFFFF
3907	#FBFAFD	#FFFFFF
3908	#DDD8EC	#FEFEFE
3909	#ECD5D2	#FEFEFE
3910	#FAF9FC	#FFFFFF
3911	#FBF6F5	#FFFFFF
3912	#F9F8FC	#FFFFFF
3913	#CEC8E4	#FCFCFC
3914	#EEECF6	#FFFFFF
3915	#DDD8EC	#FEFEFE
3916	#FAF9FC	#FFFFFF
3917	#D3CEE7	#FDFDFD
3918	#DED9ED	#FEFEFE
3919	#D2CCE7	#FCFCFC
3920	#D8D3EA	#FDFDFD
3921	#B1A8D5	#FAFAFA
3922	#F8EEED	#FFFFFF
3923	#AEA5D3	#FCFCFC
3924	#D7D2E9	#FDFDFD
3925	#C1B9DD	#FBFBFB
3926	#BEB6DB	#FAFAFA
3927	#ECEAF5	#FEFEFE
3928	#C6BFE0	#FBFBFB
3929	#DDD9ED	#FDFDFD
3930	#CEC8E4	#FCFCFC
3931	#E5E1F1	#FEFEFE
3932	#EDEAF5	#FEFEFE
3933	#FDFBFA	#FFFFFF
3934	#E4E0F0	#FEFEFE
3935	#F2F1F8	#FFFFFF
3936	#CDC7E4	#FCFCFC
3937	#E2DEEF	#FDFDFD
3938	#E1DDEF	#FDFDFD
3939	#DED9ED	#FDFDFD
3940	#E8E5F3	#FEFEFE
3941	#D8D3EA	#FDFDFD
3942	#BAB2DA	#F9F9F9
3943	#FEFEFE	#FFFFFF
3944	#D4CEE7	#FDFDFD
3945	#AFA6D3	#FCFCFC
3946	#E4E1F1	#FEFEFE
3947	#ECD5D1	#FEFEFE
3949	#E4C5C0	#FDFDFD
3950	#FFFFFF	#FFFFFF
3951	#E1BEB9	#FEFEFE
3952	#FAF9FC	#FFFFFF
3953	#D8D3EA	#FDFDFD
3954	#ECD5D2	#FEFEFE
3955	#F1E0DD	#FEFEFE
3956	#D5CFE8	#FEFEFE
3957	#D5CFE8	#FEFEFE
3958	#E8E5F3	#FEFEFE
3959	#FBFBFD	#FFFFFF
3960	#D4A5A0	#FCFCFC
3961	#D4CEE7	#FDFDFD
3962	#AEA5D3	#FCFCFC
3963	#E1BEB9	#FEFEFE
3964	#DED9ED	#FEFEFE
3965	#DCD8EC	#FEFEFE
3966	#E8E5F3	#FEFEFE
3967	#E1BEBA	#FEFEFE
3968	#A79DCF	#FBFBFB
3969	#E6E3F2	#FEFEFE
3970	#F1E0DE	#FEFEFE
3971	#DED9ED	#FEFEFE
3972	#B8AFD8	#FBFBFB
3973	#E4E0F0	#FEFEFE
3974	#F1E0DD	#FEFEFE
3975	#EAE7F3	#FEFEFE
3976	#CEC7E4	#FDFDFD
3977	#FBF6F6	#FFFFFF
3978	#E2DEEF	#FDFDFD
3979	#CEC8E5	#FBFBFB
3980	#F6F4FA	#FFFFFF
3981	#DCD7EC	#FEFEFE
3982	#C0B8DD	#FBFBFB
3983	#DDD9ED	#FDFDFD
3984	#EFEDF6	#FEFEFE
3985	#ECE9F5	#FEFEFE
3986	#CDC6E4	#FCFCFC
3987	#EBE9F4	#FEFEFE
3988	#F9F1F0	#FFFFFF
3989	#DDD8EC	#FEFEFE
3990	#E4E1F1	#FEFEFE
3991	#F7F5FA	#FFFFFF
3992	#EDEAF5	#FEFEFE
3993	#F2F0F8	#FEFEFE
3994	#FCFBFD	#FFFFFF
3995	#E6E3F2	#FEFEFE
3996	#E4E1F1	#FEFEFE
3997	#EFEDF6	#FFFFFF
3999	#F4E6E4	#FEFEFE
4000	#F8EEED	#FFFFFF
4001	#EEECF6	#FFFFFF
4002	#FBF6F6	#FFFFFF
4003	#EDEBF5	#FEFEFE
4004	#B7AFD8	#FDFDFD
4005	#D4CFE8	#FEFEFE
4006	#F9F8FC	#FFFFFF
4007	#D4CFE8	#FEFEFE
4008	#DED9ED	#FEFEFE
4009	#FBF6F5	#FFFFFF
4010	#FBFAFD	#FFFFFF
4011	#F8EEED	#FFFFFF
4012	#F1E0DD	#FEFEFE
4013	#D4CEE8	#FDFDFD
4014	#BEB6DC	#FCFCFC
4015	#C3BBDE	#FDFDFD
4016	#AFA6D3	#FCFCFC
4017	#FBF6F6	#FFFFFF
4018	#C3BBDE	#FDFDFD
4019	#BEB6DC	#FCFCFC
4020	#9B90C8	#FAFAFA
4021	#B7AFD8	#FDFDFD
4022	#DEDAED	#FDFDFD
4023	#FCFBFD	#FFFFFF
4024	#A096CB	#FBFBFB
4025	#DCD8EC	#FDFDFD
4026	#DDD8EC	#FEFEFE
4027	#FEFDFC	#FFFFFF
4028	#FBF6F6	#FFFFFF
4029	#EFEDF6	#FEFEFE
4030	#F6F4FA	#FFFFFF
4031	#C4BDDF	#FCFCFC
4032	#E4E1F1	#FEFEFE
4033	#A298CC	#F4F4F4
4034	#C8C1E1	#FAFAFA
4035	#CDC7E4	#FCFCFC
4036	#FBF6F6	#FFFFFF
4037	#FBFBFD	#FFFFFF
4038	#E5E2F1	#FEFEFE
4039	#C5BDDF	#FCFCFC
4040	#F4E6E4	#FEFEFE
4041	#EFECF6	#FFFFFF
4042	#FAFAFD	#FFFFFF
4043	#BEB6DB	#FCFCFC
4044	#FBFAFD	#FFFFFF
4045	#E6E2F1	#FEFEFE
4046	#E8E5F2	#FEFEFE
4047	#EEECF6	#FFFFFF
4048	#F9F9FC	#FFFFFF
4049	#C3BBDE	#FDFDFD
4050	#E5E1F1	#FEFEFE
4051	#F3F1F8	#FFFFFF
4052	#F7ECEA	#FFFFFF
4053	#EFEDF6	#FEFEFE
4054	#EEEBF6	#FEFEFE
4055	#ECD5D2	#FEFEFE
4056	#EDD6D3	#FEFEFE
4057	#E2DFF0	#FDFDFD
4058	#FFFFFF	#FFFFFF
4059	#FBF6F5	#FFFFFF
4060	#DDD8EC	#FEFEFE
4061	#E8CDC9	#FEFEFE
4062	#F4E5E3	#FEFEFE
4063	#FFFFFF	#FFFFFF
4064	#F4E5E3	#FEFEFE
4065	#FDFAFA	#FFFFFF
4066	#DFBBB7	#FCFCFC
4067	#F7EDEC	#FFFFFF
4068	#FBF6F5	#FFFFFF
4069	#DDD8ED	#FEFEFE
4070	#F1EFF8	#FFFFFF
4071	#EFECF6	#FFFFFF
4072	#DDD9ED	#FEFEFE
4073	#DDD9ED	#FEFEFE
4074	#FAFAFC	#FFFFFF
4075	#D4CEE7	#FDFDFD
4076	#CBC4E3	#FCFCFC
4077	#EEECF6	#FFFFFF
4078	#EBD3D0	#FEFEFE
4079	#D1CBE6	#FCFCFC
4080	#EBD3D0	#FEFEFE
4081	#F1DFDD	#FEFEFE
4082	#C3BBDE	#FDFDFD
4083	#E9E5F3	#FEFEFE
4084	#FBF6F5	#FFFFFF
4085	#FAF9FC	#FFFFFF
4086	#FDFBFA	#FFFFFF
4087	#FBFAFD	#FFFFFF
4088	#A79ECF	#F9F9F9
4089	#BEB6DB	#FAFAFA
4090	#F6F5FA	#FFFFFF
4091	#DCD7EC	#FEFEFE
4092	#FBF6F6	#FFFFFF
4093	#C3BBDE	#FDFDFD
4094	#E6C9C5	#FDFDFD
4095	#D8D2EA	#FDFDFD
4096	#CDC7E4	#FCFCFC
4097	#ECD6D3	#FEFEFE
4098	#CBC4E3	#FDFDFD
4099	#F4E5E3	#FEFEFE
4100	#E3DFF0	#FEFEFE
4101	#F6F5FA	#FFFFFF
4102	#E9E5F3	#FEFEFE
4103	#F0EEF7	#FEFEFE
4104	#FCFCFD	#FFFFFF
4105	#CEC7E4	#FDFDFD
4106	#F1E0DD	#FEFEFE
4107	#E8CCC8	#FDFDFD
4108	#D0CAE6	#FCFCFC
4109	#E5E1F1	#FEFEFE
4110	#DDD8EC	#FEFEFE
4111	#D4CEE8	#FDFDFD
4112	#E7E3F2	#FEFEFE
4113	#E4C4C0	#FDFDFD
4114	#F8EFED	#FFFFFF
4115	#F8EEED	#FFFFFF
4116	#D8D3EA	#FDFDFD
4117	#FBFAFD	#FFFFFF
4118	#E8E5F3	#FEFEFE
4119	#ECD5D2	#FEFEFE
4120	#FEFCFC	#FFFFFF
4121	#D4CEE8	#FDFDFD
4122	#DDD9ED	#FEFEFE
4123	#E3C3BF	#FDFDFD
4124	#FBFAFD	#FFFFFF
4125	#F7ECEB	#FFFFFF
4126	#DDD8EC	#FEFEFE
4127	#F9F1F0	#FFFFFF
4128	#FAF9FC	#FFFFFF
4129	#C9928C	#FBFBFB
4130	#FBF5F5	#FFFFFF
4131	#ECD6D3	#FEFEFE
4132	#F8EEED	#FFFFFF
4133	#EFECF6	#FEFEFE
4134	#B7AFD8	#FDFDFD
4135	#F6F5FA	#FFFFFF
4136	#FBF6F6	#FFFFFF
4137	#CF9D97	#FCFCFC
4138	#CDC7E4	#FDFDFD
4139	#FCF7F7	#FFFFFF
4140	#BDB5DB	#FCFCFC
4141	#D1CBE6	#FCFCFC
4142	#E1BEB9	#FEFEFE
4143	#E8E5F3	#FEFEFE
4144	#FDFCFE	#FFFFFF
4145	#F9F1F0	#FFFFFF
4146	#FAFAFC	#FFFFFF
4147	#EBD4D0	#FEFEFE
4148	#EFEDF6	#FEFEFE
4149	#D3CEE7	#FDFDFD
4150	#E1DDEF	#FDFDFD
4151	#FEFDFD	#FFFFFF
4152	#FCFBFD	#FFFFFF
4153	#FAF9FC	#FFFFFF
4154	#F7ECEB	#FFFFFF
4155	#EFECF6	#FFFFFF
4156	#E9E5F3	#FEFEFE
4157	#E4E1F0	#FEFEFE
4158	#F0EEF7	#FFFFFF
4159	#DCD8EC	#FEFEFE
4160	#BEB6DC	#FCFCFC
4161	#C3BBDE	#FDFDFD
4162	#FDFBFB	#FFFFFF
4163	#FEFDFD	#FFFFFF
4164	#BEB6DC	#FCFCFC
4165	#E8CDCA	#FEFEFE
4166	#CBC5E3	#FDFDFD
4167	#FAF9FC	#FFFFFF
4168	#F8EEED	#FFFFFF
4169	#F1E0DE	#FEFEFE
4170	#F4E5E3	#FEFEFE
4171	#F8EEED	#FFFFFF
4172	#F1DFDD	#FEFEFE
4173	#DDD8EC	#FEFEFE
4174	#FAF9FC	#FFFFFF
4175	#D3CEE7	#FDFDFD
4176	#F1E0DD	#FEFEFE
4177	#EEEBF6	#FFFFFF
4178	#D3CDE7	#FDFDFD
4179	#F8EFED	#FFFFFF
4180	#FCFBFD	#FFFFFF
4181	#F7EDEB	#FFFFFF
4182	#D4A59F	#FCFCFC
4183	#C9928B	#FBFBFB
4184	#FAF9FC	#FFFFFF
4185	#F4E5E3	#FEFEFE
4186	#EFECF6	#FEFEFE
4187	#E9E5F3	#FEFEFE
4188	#B7AFD8	#FDFDFD
4189	#E7E3F2	#FEFEFE
4190	#DDD9ED	#FDFDFD
4191	#D8D2EA	#FDFDFD
4192	#D9D4EA	#FCFCFC
4193	#F4E5E3	#FEFEFE
4194	#E5E1F1	#FEFEFE
4195	#D3A59F	#FCFCFC
4196	#CEC7E4	#FDFDFD
4197	#FAFAFD	#FFFFFF
4198	#F9F1F0	#FFFFFF
4199	#FEFDFD	#FFFFFF
4200	#E6E3F2	#FEFEFE
4201	#F6F5FA	#FFFFFF
4202	#C3BBDE	#FDFDFD
4203	#D5CFE8	#FDFDFD
4204	#EBD3D0	#FEFEFE
4205	#EFEDF7	#FFFFFF
4206	#A79ECF	#FBFBFB
4207	#FBF5F5	#FFFFFF
4208	#EFEDF6	#FEFEFE
4209	#FBFBFD	#FFFFFF
4210	#EEECF6	#FEFEFE
4211	#F3F1F8	#FFFFFF
4212	#D4CEE8	#FDFDFD
4213	#FBF5F4	#FFFFFF
4214	#F6F4FA	#FFFFFF
4215	#FAF9FC	#FFFFFF
4216	#F6F5FA	#FFFFFF
4217	#F2F0F8	#FFFFFF
4218	#E8E5F3	#FEFEFE
4219	#F8EEED	#FFFFFF
4220	#B7AFD8	#FDFDFD
4221	#F8EEED	#FFFFFF
4222	#FAF9FC	#FFFFFF
4223	#EEECF6	#FFFFFF
4224	#C3BBDE	#FDFDFD
4225	#DCD8EC	#FEFEFE
4226	#EEECF6	#FFFFFF
4227	#E1BEB9	#FEFEFE
4228	#DED9ED	#FEFEFE
4229	#FAF9FC	#FFFFFF
4230	#F1DFDD	#FEFEFE
4231	#D4CEE7	#FDFDFD
4232	#F1E0DE	#FEFEFE
4233	#FBF6F5	#FFFFFF
4234	#FBFAFD	#FFFFFF
4235	#FCFBFD	#FFFFFF
4236	#EBE8F4	#FEFEFE
4237	#D3CEE7	#FDFDFD
4238	#EAE7F3	#FEFEFE
4239	#9B91C8	#FAFAFA
4240	#CBC4E3	#FCFCFC
4241	#C2BADE	#FAFAFA
4242	#F9F8FC	#FFFFFF
4243	#EDEBF5	#FEFEFE
4244	#F2F0F8	#FFFFFF
4245	#ECD5D2	#FEFEFE
4246	#FAF9FC	#FFFFFF
4247	#DDD8EC	#FEFEFE
4248	#D3CEE7	#FDFDFD
4249	#FFFFFF	#FFFFFF
4250	#9A90C8	#FAFAFA
4251	#E5E1F1	#FEFEFE
4252	#E5E2F1	#FEFEFE
4253	#D5CFE8	#FDFDFD
4254	#E6E3F2	#FEFEFE
4255	#E4E0F0	#FEFEFE
4256	#FBFAFD	#FFFFFF
4257	#F6F5FA	#FFFFFF
4258	#CF9D97	#FCFCFC
4259	#EAE7F4	#FEFEFE
4260	#DCD7EC	#FEFEFE
4261	#F9F1F0	#FFFFFF
4262	#FDFBFA	#FFFFFF
4263	#EAE7F4	#FEFEFE
4264	#DCD7EC	#FEFEFE
4265	#FBF6F5	#FFFFFF
4266	#E6E2F1	#FEFEFE
4267	#D4CEE7	#FDFDFD
4268	#FCF7F7	#FFFFFF
4269	#C3BBDE	#FDFDFD
4270	#EEEBF6	#FFFFFF
4271	#F8EEED	#FFFFFF
4272	#E8E5F3	#FEFEFE
4273	#DDD8ED	#FEFEFE
4274	#DDD8EC	#FEFEFE
4275	#FBFAFD	#FFFFFF
4276	#FAFAFD	#FFFFFF
4277	#EFEDF6	#FEFEFE
4278	#FBF6F5	#FFFFFF
4279	#ECD5D2	#FEFEFE
4280	#F8EEED	#FFFFFF
4281	#EEECF6	#FFFFFF
4282	#D4CFE8	#FDFDFD
4283	#DCD7EC	#FEFEFE
4284	#E8CDC9	#FEFEFE
4285	#FAF9FC	#FFFFFF
4286	#FBFBFD	#FFFFFF
4287	#ECD5D2	#FEFEFE
4288	#FEFCFC	#FFFFFF
4289	#FEFDFD	#FFFFFF
4290	#FAF9FC	#FFFFFF
4291	#E4E0F0	#FEFEFE
4292	#EFECF6	#FEFEFE
4293	#FEFDFD	#FFFFFF
4294	#EDD7D4	#FEFEFE
4295	#FBFAFD	#FFFFFF
4296	#EED9D6	#FEFEFE
4297	#EEECF6	#FEFEFE
4298	#E4E1F1	#FEFEFE
4299	#FAF9FC	#FFFFFF
4300	#F6F5FA	#FFFFFF
4301	#FBF6F5	#FFFFFF
4303	#CBC5E3	#FCFCFC
4304	#F7ECEB	#FFFFFF
4305	#D9D3EA	#FDFDFD
4306	#EFECF6	#FFFFFF
4307	#EFEDF6	#FEFEFE
4308	#EDEAF5	#FEFEFE
4309	#FBF6F5	#FFFFFF
4310	#F9F8FC	#FFFFFF
4311	#C3BBDE	#FDFDFD
4312	#DED9ED	#FEFEFE
4313	#FAF9FC	#FFFFFF
4314	#FBF7F6	#FFFFFF
4315	#E2C1BC	#FDFDFD
4316	#E8E5F3	#FEFEFE
4317	#FAF9FC	#FFFFFF
4318	#DCD7EC	#FEFEFE
4319	#FAF9FC	#FFFFFF
4320	#A79DCF	#FBFBFB
4321	#CBC5E3	#FDFDFD
4322	#E9E5F3	#FEFEFE
4323	#EFDCD9	#FEFEFE
4324	#E6E3F1	#FEFEFE
4325	#DDD8EC	#FEFEFE
4326	#A79DCF	#FBFBFB
4327	#C3BBDE	#FDFDFD
4328	#FAFAFC	#FFFFFF
4329	#DCD7EC	#FEFEFE
4330	#D4A5A0	#FCFCFC
4331	#ECD5D3	#FEFEFE
4332	#FAF9FC	#FFFFFF
4333	#D4A5A0	#FCFCFC
4334	#FBF6F5	#FFFFFF
4335	#FBF6F5	#FFFFFF
4336	#B7AFD8	#FDFDFD
4337	#F1DFDD	#FEFEFE
4338	#E5E2F1	#FEFEFE
4339	#EFEDF6	#FEFEFE
4340	#C2BADE	#FBFBFB
4341	#EDEBF5	#FEFEFE
4342	#EFECF6	#FEFEFE
4343	#FBFBFD	#FFFFFF
4344	#DED9ED	#FDFDFD
4345	#B7AFD8	#FDFDFD
4346	#F6F5FA	#FFFFFF
4347	#8379BC	#F6F6F6
4348	#F9F1F0	#FFFFFF
4349	#FBFAFD	#FFFFFF
4350	#B7AED8	#FDFDFD
4351	#A89ECF	#FBFBFB
4352	#D9B0AA	#FDFDFD
4353	#E8CDCA	#FEFEFE
4354	#D3CDE7	#FCFCFC
4355	#D4CFE8	#FEFEFE
4356	#FAF9FC	#FFFFFF
4357	#EEECF6	#FEFEFE
4358	#F1DFDD	#FEFEFE
4359	#F9F2F1	#FFFFFF
4360	#D3CEE7	#FDFDFD
4361	#EDEAF5	#FEFEFE
4362	#F7F5FA	#FFFFFF
4363	#EDEAF5	#FEFEFE
4364	#DDD8ED	#FEFEFE
4365	#F2F0F8	#FFFFFF
4366	#E1BEB9	#FEFEFE
4367	#DCD8EC	#FEFEFE
4368	#E4E1F1	#FEFEFE
4369	#EBD4D0	#FEFEFE
4370	#D4CEE8	#FEFEFE
4371	#FBFAFD	#FFFFFF
4372	#EED9D6	#FEFEFE
4373	#F7ECEB	#FFFFFF
4374	#EBD4D0	#FEFEFE
4375	#EEECF6	#FEFEFE
4376	#FAF9FC	#FFFFFF
4377	#FAF9FC	#FFFFFF
4378	#D9B0AB	#FDFDFD
4379	#E4E0F0	#FEFEFE
4380	#DDD8EC	#FEFEFE
4381	#EFECF6	#FFFFFF
4382	#D9B0AB	#FDFDFD
4383	#FBF6F5	#FFFFFF
4384	#FAF9FC	#FFFFFF
4385	#EEECF6	#FFFFFF
4386	#FBFBFD	#FFFFFF
4387	#FBF5F4	#FFFFFF
4388	#E9E6F3	#FEFEFE
4389	#FEFEFE	#FFFFFF
4390	#CCC5E3	#FDFDFD
4391	#D4CEE7	#FDFDFD
4392	#DFDAED	#FEFEFE
4393	#D1CBE6	#FCFCFC
4394	#F7F5FA	#FFFFFF
4395	#DEDAED	#FEFEFE
4396	#DAD5EB	#FDFDFD
4397	#EAE7F4	#FEFEFE
4398	#C3BBDE	#FDFDFD
4399	#EEECF6	#FEFEFE
4400	#FAF9FC	#FFFFFF
4401	#FAF9FC	#FFFFFF
4402	#E4E1F1	#FEFEFE
4403	#E5E1F1	#FEFEFE
4404	#FAF9FC	#FFFFFF
4405	#FBFAFD	#FFFFFF
4406	#F3E5E3	#FEFEFE
4407	#FAF9FC	#FFFFFF
4408	#DEDAED	#FDFDFD
4409	#DDD9ED	#FEFEFE
4410	#F0DDDB	#FEFEFE
4411	#FEFCFB	#FFFFFF
4412	#D4CEE8	#FEFEFE
4413	#E5E1F1	#FEFEFE
4414	#CCC5E3	#FDFDFD
4415	#EFECF6	#FEFEFE
4416	#FAF9FC	#FFFFFF
4417	#E5E1F1	#FEFEFE
4418	#E8E5F3	#FEFEFE
4419	#AFA6D3	#FCFCFC
4420	#C3BBDE	#FDFDFD
4421	#F8EEED	#FFFFFF
4422	#F8EEED	#FFFFFF
4423	#DDD8ED	#FEFEFE
4424	#C3BBDE	#FDFDFD
4425	#EFECF6	#FFFFFF
4426	#D9AFAA	#FDFDFD
4427	#D4CEE7	#FDFDFD
4428	#E9CECB	#FEFEFE
4429	#EBD4D0	#FEFEFE
4430	#F9F2F1	#FFFFFF
4431	#E1BEBA	#FDFDFD
4432	#EFECF6	#FEFEFE
4433	#FAF9FC	#FFFFFF
4434	#D8D2EA	#FDFDFD
4435	#EFEDF6	#FEFEFE
4436	#F8EEED	#FFFFFF
4437	#D4CFE8	#FEFEFE
4438	#E8E5F3	#FEFEFE
4439	#EFDCD9	#FEFEFE
4440	#DCD7EC	#FEFEFE
4441	#D4CEE7	#FDFDFD
4442	#D4CFE8	#FCFCFC
4443	#DCD7EC	#FEFEFE
4444	#E5E2F1	#FEFEFE
4445	#FAF9FC	#FFFFFF
4446	#DDD9ED	#FEFEFE
4447	#EFEDF6	#FFFFFF
4448	#EEECF6	#FFFFFF
4449	#E4E0F0	#FEFEFE
4450	#FEFDFD	#FFFFFF
4451	#D4CEE8	#FDFDFD
4452	#D4CFE8	#FEFEFE
4453	#DCD7EC	#FEFEFE
4454	#E4E0F0	#FEFEFE
4455	#FBF6F6	#FFFFFF
4456	#EDD6D3	#FEFEFE
4457	#AFA5D3	#FCFCFC
4458	#F1E0DD	#FEFEFE
4459	#EFECF6	#FEFEFE
4460	#F9F8FC	#FFFFFF
4461	#EFECF6	#FFFFFF
4462	#D4CEE8	#FDFDFD
4463	#D2CCE7	#FCFCFC
4464	#F6F4FA	#FFFFFF
4465	#F8EEED	#FFFFFF
4466	#C3BCDF	#FCFCFC
4467	#F7EDEB	#FFFFFF
4468	#F8EEED	#FFFFFF
4469	#F1E0DD	#FEFEFE
4470	#F1E0DE	#FEFEFE
4471	#ECD5D2	#FEFEFE
4472	#EFEDF6	#FEFEFE
4473	#EBD4D0	#FEFEFE
4474	#E4C4C0	#FDFDFD
4475	#FBF6F6	#FFFFFF
4476	#FAFAFD	#FFFFFF
4477	#F4E6E4	#FEFEFE
4478	#D4CFE8	#FDFDFD
4479	#D4A5A0	#FCFCFC
4480	#B7AFD8	#FDFDFD
4481	#E9CECB	#FEFEFE
4482	#FBF6F5	#FFFFFF
4483	#E8E5F3	#FEFEFE
4484	#E8E5F3	#FEFEFE
4485	#ECD4D1	#FEFEFE
4486	#FEFDFD	#FFFFFF
4487	#F7EDEB	#FFFFFF
4488	#F7ECEB	#FFFFFF
4489	#E6C8C4	#FDFDFD
4490	#EAE7F4	#FEFEFE
4491	#A096CB	#FBFBFB
4492	#F9F9FC	#FFFFFF
4493	#C7C0E1	#FCFCFC
4494	#EBE9F4	#FEFEFE
4495	#DCD7EC	#FEFEFE
4496	#CDC6E4	#FCFCFC
4497	#BDB5DB	#FCFCFC
4498	#F6F5FA	#FFFFFF
4499	#EFECF6	#FEFEFE
4500	#DDD9ED	#FDFDFD
4501	#F6F5FA	#FFFFFF
4502	#FBF6F5	#FFFFFF
4503	#DDD8EC	#FEFEFE
4504	#C4BDDF	#FCFCFC
4505	#E6E2F1	#FEFEFE
4506	#C5BDDF	#FCFCFC
4507	#E5E1F1	#FEFEFE
4508	#E8E5F3	#FEFEFE
4509	#E5E1F1	#FEFEFE
4510	#F3E5E3	#FEFEFE
4511	#C3BBDE	#FDFDFD
4512	#EEECF6	#FFFFFF
4513	#F2F0F8	#FEFEFE
4514	#F7F5FA	#FFFFFF
4515	#E9CECA	#FEFEFE
4516	#E6E2F1	#FEFEFE
4517	#EFEDF6	#FEFEFE
4518	#FEFDFD	#FFFFFF
4519	#FAF9FC	#FFFFFF
4520	#DDD8ED	#FEFEFE
4521	#FBF6F6	#FFFFFF
4522	#EBD3D0	#FEFEFE
4523	#E9E5F3	#FEFEFE
4524	#F7ECEA	#FFFFFF
4525	#D4CEE8	#FEFEFE
4526	#C3BBDE	#FDFDFD
4527	#FBF6F5	#FFFFFF
4528	#FBF5F5	#FFFFFF
4529	#D7D2E9	#FDFDFD
4530	#D3CEE7	#FDFDFD
4531	#F6F4FA	#FFFFFF
4532	#E8E5F3	#FEFEFE
4533	#C5BEDF	#FCFCFC
4534	#D3CDE7	#FDFDFD
4535	#F6EBEA	#FFFFFF
4536	#FEFCFC	#FFFFFF
4537	#FBFAFD	#FFFFFF
4538	#F3E4E2	#FEFEFE
4539	#F1DFDD	#FEFEFE
4540	#FBF6F5	#FFFFFF
4541	#EEECF6	#FFFFFF
4542	#F6F5FA	#FFFFFF
4543	#E1DDEF	#FDFDFD
4544	#EBE8F4	#FEFEFE
4545	#DDD8ED	#FEFEFE
4546	#EEECF6	#FEFEFE
4547	#B7AFD8	#FDFDFD
4548	#BCB4DA	#FAFAFA
4549	#C3BBDE	#FDFDFD
4550	#DDD9ED	#FEFEFE
4551	#E9E5F3	#FEFEFE
4552	#F2F0F8	#FEFEFE
4553	#D4CFE8	#FEFEFE
4554	#E4E1F1	#FDFDFD
4555	#ECE9F5	#FEFEFE
4556	#D8D3EA	#FDFDFD
4557	#E7E3F2	#FDFDFD
4558	#E9E6F3	#FEFEFE
4559	#D4CEE8	#FDFDFD
4560	#FBFAFD	#FFFFFF
4561	#D4A5A0	#FCFCFC
4562	#DCD7EC	#FEFEFE
4563	#F1DFDD	#FEFEFE
4564	#F1DFDC	#FEFEFE
4565	#E5E1F1	#FEFEFE
4566	#F8EEED	#FFFFFF
4567	#F8EEED	#FFFFFF
4568	#FBFAFD	#FFFFFF
4569	#F7EDEC	#FEFEFE
4570	#FCFBFD	#FFFFFF
4571	#A79DCF	#FBFBFB
4572	#FBF6F6	#FFFFFF
4573	#F8EEED	#FFFFFF
4574	#FBF6F5	#FFFFFF
4575	#EFEDF6	#FEFEFE
4576	#F1E0DD	#FEFEFE
4577	#FDFDFE	#FFFFFF
4578	#FFFFFF	#FFFFFF
4579	#FAF9FC	#FFFFFF
4580	#E8E5F3	#FEFEFE
4581	#B7AED8	#FDFDFD
4582	#C68D87	#FBFBFB
4583	#F4E6E4	#FEFEFE
4584	#EEECF6	#FFFFFF
4585	#FBFAFD	#FFFFFF
4586	#DDD8EC	#FEFEFE
4587	#C4BDDF	#FCFCFC
4588	#F7EDEB	#FFFFFF
4589	#E5E1F1	#FEFEFE
4590	#F4E5E3	#FEFEFE
4591	#EFEDF6	#FEFEFE
4592	#AEA5D3	#FCFCFC
4593	#EFECF6	#FFFFFF
4594	#E8CDCA	#FEFEFE
4595	#D0CAE6	#FCFCFC
4596	#FFFEFE	#FFFFFF
4597	#FAF9FC	#FFFFFF
4598	#E5E2F1	#FEFEFE
4599	#E6E2F1	#FEFEFE
4600	#FAF9FC	#FFFFFF
4601	#D9B0AA	#FDFDFD
4602	#D5CFE8	#FDFDFD
4603	#E5E1F1	#FEFEFE
4604	#E8E5F2	#FEFEFE
4605	#FBF6F5	#FFFFFF
4606	#DDD9ED	#FDFDFD
4607	#8B80C0	#F8F8F8
4608	#FBF6F5	#FFFFFF
4609	#C3BBDE	#FDFDFD
4610	#E5E2F1	#FEFEFE
4611	#F7EEEC	#FFFFFF
4612	#ECD5D2	#FEFEFE
4613	#DEDAED	#FDFDFD
4614	#D4CEE8	#FEFEFE
4615	#F6F5FA	#FFFFFF
4616	#DCD7EC	#FEFEFE
4617	#CCC5E3	#FDFDFD
4618	#FEFDFC	#FFFFFF
4619	#DDD8EC	#FEFEFE
4620	#FDF9F9	#FFFFFF
4621	#EEECF6	#FFFFFF
4622	#FAF9FC	#FFFFFF
4623	#BCB4DA	#FAFAFA
4624	#C4BDDF	#FCFCFC
4625	#D8D3EA	#FDFDFD
4626	#D1CBE6	#FCFCFC
4627	#E6C8C4	#FDFDFD
4628	#F0DDDB	#FEFEFE
4629	#E9CECB	#FEFEFE
4630	#F3E5E3	#FEFEFE
4631	#D9B0AA	#FDFDFD
4632	#DDD8EC	#FEFEFE
4633	#FBF6F5	#FFFFFF
4634	#FBF6F5	#FFFFFF
4635	#EAE7F4	#FEFEFE
4636	#EFECF6	#FEFEFE
4637	#FBFBFD	#FFFFFF
4638	#EBE8F4	#FEFEFE
4639	#FBF6F5	#FFFFFF
4640	#D4CEE8	#FEFEFE
4641	#E5E1F1	#FEFEFE
4642	#D5CFE8	#FDFDFD
4643	#EEECF6	#FFFFFF
4644	#FAF9FC	#FFFFFF
4645	#D4CFE8	#FDFDFD
4646	#CDC6E4	#FCFCFC
4647	#FCFCFD	#FFFFFF
4648	#C5BDDF	#FCFCFC
4649	#DED9ED	#FDFDFD
4650	#FCF7F7	#FFFFFF
4651	#FBFAFD	#FFFFFF
4652	#FAF9FC	#FFFFFF
4653	#EAE7F4	#FEFEFE
4654	#CFC9E5	#FBFBFB
4655	#EDEAF5	#FEFEFE
4656	#EEECF6	#FFFFFF
4657	#FEFDFD	#FFFFFF
4658	#E8E5F3	#FEFEFE
4659	#E5E2F1	#FEFEFE
4660	#FEFDFD	#FFFFFF
4661	#E6E2F1	#FEFEFE
4662	#EFECF6	#FFFFFF
4663	#FEFDFC	#FFFFFF
4664	#E9E5F3	#FEFEFE
4665	#FBF6F5	#FFFFFF
4666	#E9E5F3	#FEFEFE
4667	#F9F1F0	#FFFFFF
4668	#D4CEE7	#FDFDFD
4669	#FAFAFD	#FFFFFF
4670	#D4A5A0	#FCFCFC
4671	#F3F1F8	#FFFFFF
4672	#F8EEED	#FFFFFF
4673	#FBF6F5	#FFFFFF
4674	#EFEDF6	#FEFEFE
4675	#F7ECEB	#FFFFFF
4676	#E6E2F1	#FEFEFE
4677	#DDD8EC	#FEFEFE
4678	#F9F1F0	#FFFFFF
4679	#ECD5D2	#FEFEFE
4680	#CB9690	#FCFCFC
4681	#F2F0F8	#FFFFFF
4682	#CBC5E3	#FDFDFD
4683	#F8EEED	#FFFFFF
4684	#EBD4D0	#FEFEFE
4685	#CCC5E3	#FDFDFD
4686	#CBC5E3	#FDFDFD
4687	#EFEDF6	#FEFEFE
4688	#FDFAFA	#FFFFFF
4689	#D3CEE7	#FDFDFD
4690	#E9E6F3	#FEFEFE
4691	#E5E1F1	#FEFEFE
4692	#D4CFE8	#FEFEFE
4693	#D4CEE7	#FDFDFD
4694	#FBFBFD	#FFFFFF
4695	#DCD7EC	#FEFEFE
4696	#AFA6D3	#FCFCFC
4697	#DDD8ED	#FEFEFE
4698	#DCD8EC	#FEFEFE
4699	#BEB6DC	#FAFAFA
4700	#D8D3EA	#FDFDFD
4701	#FBF7F6	#FFFFFF
4702	#D1CBE6	#FCFCFC
4703	#ECD5D2	#FEFEFE
4704	#BEB6DB	#FCFCFC
4705	#ECD5D2	#FEFEFE
4706	#F9F1F0	#FFFFFF
4707	#F7ECEA	#FFFFFF
4708	#D7D2E9	#FDFDFD
4709	#E8E5F3	#FEFEFE
4710	#DCD8EC	#FEFEFE
4711	#FAFAFD	#FFFFFF
4712	#FEFDFD	#FFFFFF
4713	#F6F5FA	#FFFFFF
4714	#FBF6F5	#FFFFFF
4715	#E9CECB	#FEFEFE
4716	#F8EFED	#FFFFFF
4717	#D3A59F	#FCFCFC
4718	#EFECF6	#FFFFFF
4719	#E9CECA	#FEFEFE
4720	#F9F1F0	#FFFFFF
4721	#DBD7EC	#FEFEFE
4722	#AFA5D3	#FCFCFC
4723	#F1E0DD	#FEFEFE
4724	#EBD3D0	#FEFEFE
4725	#F1E0DD	#FEFEFE
4726	#DED9ED	#FEFEFE
4727	#E6C8C4	#FDFDFD
4728	#EFECF6	#FEFEFE
4729	#FBF6F6	#FFFFFF
4730	#FDFDFE	#FFFFFF
4731	#F4E5E4	#FEFEFE
4732	#E9CECB	#FEFEFE
4733	#BDB5DB	#FCFCFC
4734	#B7AFD8	#FDFDFD
4735	#F9F1F0	#FFFFFF
4736	#D9B0AA	#FDFDFD
4737	#E8E5F3	#FEFEFE
4738	#D5CFE8	#FDFDFD
4739	#E8E5F3	#FEFEFE
4740	#EEECF6	#FFFFFF
4741	#E9E5F3	#FEFEFE
4742	#C5BDDF	#FCFCFC
4743	#FAF9FC	#FFFFFF
4744	#E6E2F1	#FEFEFE
4745	#F8EEED	#FFFFFF
4746	#EBD4D0	#FEFEFE
4747	#FBF6F5	#FFFFFF
4748	#F0EEF7	#FEFEFE
4749	#DFDAEE	#FDFDFD
4750	#D3CDE7	#FCFCFC
4751	#D4A5A0	#FCFCFC
4752	#C7C0E1	#FCFCFC
4753	#B7AFD8	#FDFDFD
4754	#E4E1F1	#FEFEFE
4755	#CDC7E4	#FCFCFC
4756	#E6E2F1	#FEFEFE
4757	#E5E1F1	#FEFEFE
4758	#EDEAF5	#FEFEFE
4759	#BAB2DA	#F9F9F9
4760	#E6E3F1	#FEFEFE
4761	#D5CFE8	#FEFEFE
4762	#CEC7E4	#FDFDFD
4763	#E9E6F3	#FEFEFE
4764	#E5E1F1	#FEFEFE
4765	#E1BEBA	#FEFEFE
4766	#B7AED8	#FDFDFD
4767	#C3BBDE	#FDFDFD
4768	#F1E0DE	#FEFEFE
4769	#FAF4F3	#FFFFFF
4770	#F1E0DD	#FEFEFE
4771	#E8E5F3	#FEFEFE
4772	#D5CFE8	#FEFEFE
4773	#D4A5A0	#FCFCFC
4774	#F3E5E3	#FEFEFE
4775	#E8E5F3	#FEFEFE
4776	#E8CDCA	#FEFEFE
4777	#F6F5FA	#FFFFFF
4778	#EFECF6	#FFFFFF
4779	#FEFDFD	#FFFFFF
4780	#FAF9FC	#FFFFFF
4781	#FCF7F6	#FFFFFF
4782	#FAF9FC	#FFFFFF
4783	#EDEAF5	#FEFEFE
4784	#FBF6F6	#FFFFFF
4785	#FEFDFD	#FFFFFF
4786	#E6E2F1	#FEFEFE
4787	#FAF9FC	#FFFFFF
4788	#F4E6E4	#FEFEFE
4789	#E9E5F3	#FEFEFE
4790	#DCD8EC	#FEFEFE
4791	#E4E1F1	#FEFEFE
4792	#ECD6D3	#FEFEFE
4793	#E4E1F1	#FEFEFE
4794	#F2F0F8	#FFFFFF
4795	#F8EEED	#FFFFFF
4796	#A197CC	#FBFBFB
4797	#F9F8FC	#FFFFFF
4798	#E5E2F1	#FEFEFE
4799	#F7EDEC	#FEFEFE
4800	#D7D1E9	#FDFDFD
4801	#EEECF6	#FEFEFE
4802	#FAFAFC	#FFFFFF
4803	#FCF8F7	#FFFFFF
4804	#DED9ED	#FDFDFD
4805	#FFFFFF	#FFFFFF
4806	#D7D1E9	#FDFDFD
4807	#D1CBE6	#FCFCFC
4808	#E6E2F1	#FEFEFE
4809	#EFEDF6	#FEFEFE
4810	#EEEBF6	#FEFEFE
4811	#FBF6F6	#FFFFFF
4812	#DDD8EC	#FEFEFE
4813	#DDD8ED	#FEFEFE
4814	#FAFAFC	#FFFFFF
4815	#B7AED8	#FBFBFB
4816	#EFECF6	#FEFEFE
4817	#DCD8EC	#FEFEFE
4818	#F1DFDD	#FEFEFE
4819	#FAF9FC	#FFFFFF
4820	#F3E5E3	#FEFEFE
4821	#F8EEED	#FFFFFF
4822	#BEB6DC	#FCFCFC
4823	#AEA5D3	#FCFCFC
4824	#F9F1F0	#FFFFFF
4825	#DFDAED	#FEFEFE
4826	#E9CECA	#FEFEFE
4827	#CB9690	#FCFCFC
4828	#F1E0DE	#FEFEFE
4829	#F6EAE8	#FEFEFE
4830	#D4CEE8	#FDFDFD
4831	#EFEDF6	#FEFEFE
4832	#E3C3BF	#FDFDFD
4833	#FBF6F5	#FFFFFF
4834	#CBC5E3	#FDFDFD
4835	#EBE8F4	#FEFEFE
4836	#F8EEED	#FFFFFF
4837	#D4CFE8	#FEFEFE
4838	#E8CDCA	#FEFEFE
4839	#DDD8EC	#FEFEFE
4840	#F1E0DE	#FEFEFE
4841	#FBF6F5	#FFFFFF
4842	#F4E6E4	#FEFEFE
4843	#DCD8EC	#FEFEFE
4844	#E9CFCC	#FDFDFD
4845	#A096CB	#FBFBFB
4846	#9085C2	#F9F9F9
4847	#FEFCFC	#FFFFFF
4848	#E8CDCA	#FEFEFE
4849	#F9F9FC	#FFFFFF
4850	#ADA3D2	#F7F7F7
4851	#A79ECF	#FBFBFB
4852	#FBFAFD	#FFFFFF
4853	#FAFAFC	#FFFFFF
4854	#F6EBEA	#FFFFFF
4855	#EFECF6	#FEFEFE
4856	#FBF6F5	#FFFFFF
4857	#9B91C9	#FAFAFA
4858	#D3CDE7	#FDFDFD
4859	#F1E0DD	#FEFEFE
4860	#9B91C9	#FAFAFA
4861	#FEFCFB	#FFFFFF
4862	#FAFAFD	#FFFFFF
4863	#CBC5E3	#FCFCFC
4864	#EFEDF6	#FEFEFE
4865	#D4CEE7	#FDFDFD
4866	#C3BBDE	#FDFDFD
4867	#F2E1DF	#FEFEFE
4868	#F6EBE9	#FEFEFE
4869	#E9CECA	#FEFEFE
4870	#F9F8FC	#FFFFFF
4872	#FBF6F5	#FFFFFF
4873	#E9E5F3	#FEFEFE
4874	#EFEDF6	#FEFEFE
4875	#DDD8EC	#FEFEFE
4876	#EDEAF5	#FEFEFE
4877	#D4CEE8	#FDFDFD
4878	#EFDCD9	#FEFEFE
4879	#E5E1F1	#FEFEFE
4880	#FBF6F6	#FFFFFF
4881	#F3F1F9	#FFFFFF
4882	#FBF6F5	#FFFFFF
4883	#FBF6F5	#FFFFFF
4884	#F1E0DE	#FEFEFE
4885	#F7ECEA	#FFFFFF
4886	#FBFAFD	#FFFFFF
4887	#DDD8EC	#FEFEFE
4888	#E5E1F1	#FEFEFE
4889	#E4E1F1	#FEFEFE
4890	#FEFDFD	#FFFFFF
4891	#FBF6F5	#FFFFFF
4892	#E9CECB	#FEFEFE
4893	#DCD8EC	#FEFEFE
4894	#FAFAFD	#FFFFFF
4895	#F8EEED	#FFFFFF
4896	#DFDBEE	#FEFEFE
4897	#E8E5F3	#FEFEFE
4898	#EEECF6	#FFFFFF
4899	#FBFAFD	#FFFFFF
4900	#FBF6F6	#FFFFFF
4901	#EEECF6	#FEFEFE
4902	#FBF6F6	#FFFFFF
4903	#EAE7F4	#FEFEFE
4904	#F2F1F8	#FFFFFF
4905	#F1DFDD	#FEFEFE
4906	#B7AFD8	#FBFBFB
4907	#C3BBDE	#FDFDFD
4908	#F7EDEB	#FFFFFF
4909	#FBFBFD	#FFFFFF
4910	#FFFEFE	#FFFFFF
4911	#F9F8FC	#FFFFFF
4912	#C1BADE	#FBFBFB
4913	#DCD7EC	#FEFEFE
4914	#EDEBF5	#FEFEFE
4915	#B2A9D5	#FAFAFA
4916	#C4BDDF	#FCFCFC
4917	#DDD8EC	#FEFEFE
4918	#F8EEED	#FEFEFE
4919	#FBF6F5	#FFFFFF
4920	#F1E0DD	#FEFEFE
4921	#E4E0F0	#FEFEFE
4922	#F1E0DD	#FEFEFE
4923	#E9CECA	#FEFEFE
4924	#CDC6E4	#FCFCFC
4925	#EFEDF6	#FEFEFE
4926	#DDD8ED	#FEFEFE
4927	#F6EAE8	#FEFEFE
4928	#FAF9FC	#FFFFFF
4930	#FEFCFC	#FFFFFF
4931	#E4C4C0	#FDFDFD
4932	#FBF6F5	#FFFFFF
4933	#E2C0BC	#FDFDFD
4934	#E3DFF0	#FEFEFE
4935	#968BC6	#F9F9F9
4936	#FAF9FC	#FFFFFF
4937	#FCF7F7	#FFFFFF
4938	#F6F4FA	#FFFFFF
4939	#B7AFD8	#FDFDFD
4940	#FBF6F6	#FFFFFF
4941	#D8D2EA	#FDFDFD
4942	#F9F9FC	#FFFFFF
4943	#FCFBFD	#FFFFFF
4944	#F0DCDA	#FEFEFE
4945	#F6F4FA	#FFFFFF
4946	#D4CEE8	#FEFEFE
4947	#C4BDDF	#FCFCFC
4948	#F8EEED	#FFFFFF
4949	#D3CEE7	#FDFDFD
4950	#FCFBFD	#FFFFFF
4951	#D4CEE7	#FDFDFD
4952	#FBF6F5	#FFFFFF
4953	#F2F0F8	#FFFFFF
4954	#E4E1F1	#FEFEFE
4955	#FBF6F6	#FFFFFF
4956	#E5E2F1	#FEFEFE
4957	#F6F5FA	#FFFFFF
4958	#AFA5D3	#FCFCFC
4959	#F6F4FA	#FFFFFF
4960	#E4E1F1	#FEFEFE
4961	#FAF9FC	#FFFFFF
4962	#D4CEE8	#FDFDFD
4963	#DEDAED	#FEFEFE
4964	#F7F5FB	#FFFFFF
4965	#CDC7E4	#FCFCFC
4966	#C3BBDE	#FDFDFD
4967	#F1E0DE	#FEFEFE
4968	#CF9D97	#FCFCFC
4969	#ECD5D2	#FEFEFE
4970	#FBFAFD	#FFFFFF
4971	#FAF9FC	#FFFFFF
4972	#FCFBFD	#FFFFFF
4973	#EFEDF6	#FFFFFF
4974	#E5E1F1	#FEFEFE
4975	#EFEDF6	#FFFFFF
4976	#FBFBFD	#FFFFFF
4977	#F4E5E4	#FEFEFE
4978	#F1DFDD	#FEFEFE
4979	#E8E5F3	#FEFEFE
4980	#ECD5D2	#FEFEFE
4981	#EAE7F4	#FEFEFE
4982	#E3C3BF	#FDFDFD
4983	#F7ECEB	#FFFFFF
4984	#F9F8FC	#FFFFFF
4985	#CBC5E3	#FDFDFD
4986	#FBFAFD	#FFFFFF
4987	#F7ECEB	#FFFFFF
4988	#D4CEE8	#FCFCFC
4989	#F7EDEB	#FFFFFF
4990	#F7ECEB	#FFFFFF
4991	#A197CC	#FBFBFB
4992	#F7ECEA	#FFFFFF
4993	#F8EEED	#FFFFFF
4994	#FBF7F6	#FFFFFF
4995	#FBF6F5	#FFFFFF
4996	#BDB5DB	#FCFCFC
4997	#F9F8FC	#FFFFFF
4998	#CCC5E3	#FDFDFD
4999	#F1E0DE	#FEFEFE
5000	#D4CEE8	#FEFEFE
5001	#F8EEED	#FFFFFF
5002	#E5E1F1	#FEFEFE
5003	#ACA3D2	#FAFAFA
5004	#BEB6DB	#FCFCFC
5005	#FFFFFF	#FFFFFF
5006	#DDD8EC	#FDFDFD
5007	#FAF9FC	#FFFFFF
5008	#DDD8EC	#FEFEFE
5009	#C3BBDE	#FDFDFD
5010	#EFEDF6	#FEFEFE
5011	#B7AFD8	#FDFDFD
5012	#E6E3F1	#FEFEFE
5013	#CCC5E3	#FDFDFD
5014	#E2DEEF	#FDFDFD
5015	#D8D3EA	#FDFDFD
5016	#FDFAFA	#FFFFFF
5017	#EEECF6	#FFFFFF
5018	#F8EEED	#FFFFFF
5019	#A79ECF	#FBFBFB
5020	#E3DFF0	#FEFEFE
5021	#F4E6E4	#FEFEFE
5022	#FBFAFD	#FFFFFF
5023	#E8CDCA	#FEFEFE
5024	#DDD8EC	#FEFEFE
5025	#EEECF6	#FEFEFE
5026	#F6EAE9	#FEFEFE
5027	#F1E0DD	#FEFEFE
5028	#FEFDFD	#FFFFFF
5029	#F0DEDC	#FEFEFE
5030	#F1E0DE	#FEFEFE
5031	#E5E1F1	#FEFEFE
5032	#D4A5A0	#FCFCFC
5033	#F1E0DD	#FEFEFE
5034	#CBC4E3	#FCFCFC
5035	#F4E6E4	#FEFEFE
5036	#FAFAFC	#FFFFFF
5037	#E6C9C5	#FDFDFD
5038	#E6E3F1	#FEFEFE
5039	#F7ECEB	#FFFFFF
5040	#FBFBFD	#FFFFFF
5041	#E4E1F1	#FEFEFE
5042	#F6F5FA	#FFFFFF
5043	#F7EEEC	#FFFFFF
5044	#EEECF6	#FFFFFF
5045	#E8CDCA	#FEFEFE
5046	#E5E1F1	#FEFEFE
5047	#EFDCDA	#FEFEFE
5048	#A79ECF	#FBFBFB
5049	#EFEDF6	#FEFEFE
5050	#E5E1F1	#FEFEFE
5051	#E5E1F1	#FEFEFE
5052	#FAF9FC	#FFFFFF
5053	#FBF6F5	#FFFFFF
5054	#E9E5F3	#FEFEFE
5055	#DCD7EC	#FEFEFE
5056	#FDFAF9	#FFFFFF
5057	#E4E0F0	#FEFEFE
5058	#A79ECF	#FBFBFB
5059	#D8D3EA	#FDFDFD
5060	#FAF9FC	#FFFFFF
5061	#FBFAFD	#FFFFFF
5062	#ECD5D2	#FEFEFE
5063	#FBFBFD	#FFFFFF
5064	#A89ECF	#FBFBFB
5065	#FDFBFB	#FFFFFF
5066	#CCC5E3	#FDFDFD
5067	#DDD8EC	#FEFEFE
5068	#D4CEE8	#FEFEFE
5069	#D4CFE8	#FEFEFE
5070	#FBFBFD	#FFFFFF
5071	#F1DFDD	#FEFEFE
5072	#D4CEE8	#FEFEFE
5073	#F4E5E3	#FEFEFE
5074	#CF9D97	#FCFCFC
5075	#B1A8D5	#FAFAFA
5076	#ECD5D2	#FEFEFE
5077	#E2C1BD	#FDFDFD
5078	#D9D4EA	#FDFDFD
5079	#FBFAFD	#FFFFFF
5080	#FBF6F5	#FFFFFF
5081	#FEFDFD	#FFFFFF
5082	#F9F2F1	#FFFFFF
5083	#F7ECEA	#FFFFFF
5084	#EAE7F4	#FEFEFE
5085	#E9E6F3	#FEFEFE
5086	#E5E1F1	#FEFEFE
5087	#F4E5E3	#FEFEFE
5088	#F6EAE8	#FEFEFE
5089	#E6C8C5	#FDFDFD
5090	#AFA6D3	#FCFCFC
5091	#EBD4D0	#FEFEFE
5092	#F8EEED	#FFFFFF
5093	#DDD8EC	#FEFEFE
5094	#F7ECEA	#FFFFFF
5095	#EFDCDA	#FEFEFE
5096	#F0EDF7	#FFFFFF
5097	#E1BEBA	#FEFEFE
5098	#F6F4FA	#FFFFFF
5099	#ECD6D3	#FEFEFE
5100	#DED9ED	#FEFEFE
5101	#F8EEED	#FFFFFF
